0,0,0,0,0,0,0,0,0,0,0,0,0,0,0,0,0,0,0,0,0,0,0,0,0,0,0,0,0,0,0,0,0,0,0,0,0,0,0,0,0,0,0,0,0,0,0,0,0,0,0,0,0,0,0,0,0,0,0,0,0,0,0,0,0,0,0,0,0,0,0,0,0,0,0,0,0,0,0,0,0,0,0,0,0,0,0,0,0,0,0,0,0,0,0,0,0,0,0,0,0,0,0,0,0,0,0,0,0,0,0,0,0,0,0,0,0,0,0,0,0,0,0,0,0,0,0,0,0,0,0,0,0,0,0,0,0,0,0,0,0,0,0,0,0,0,0,0,0,0,0,0,0,0,0,0,0,0,0,0,0,0,0,0,0,0,0,0,0
0,0,0,0,0,0,0,0,0,0,0,0,0,0,0,0,0,0,0,0,0,0,0,0,0,0,0,0,0,0,0,0,0,0,0,0,0,0,0,0,0,0,0,0,0,0,0,0,0,0,0,0,0,0,0,0,0,0,0,0,0,0,0,0,0,0,0,0,0,0,0,0,0,0,0,0,0,0,0,0,0,0,0,0,0,0,0,0,0,0,0,0,0,0,0,0,0,0,0,0,0,0,0,0,0,0,0,0,0,0,0,0,0,0,0,0,0,2,0,0,0,0,0,0.02,-0.03,0,0,0,0,0,0,0,0,-0,0,0,0,0,0,0,0,0,0,0,0,0,0,0,0,0,0,0,0,0,0,0,0,0,0,0,0,0,0,0,0,0,0,0,0
0,0,0,0,0,0,0,0,0,0,0,0,0,0,0,0,0,0,0,0,0,0,0,0,0,0,0,0,0,0,0,0,0,0,0,0,0,0,0,0,0,0,0,0,0,0,0,0,0,0,0,0,0,0,0,0,0,0,0,0,0,0,0,0,0,0,0,0,0,0,0,0,0,0,0,0,0,0,0,0,0,0,0,0,0,0,0,0,0,0,0,0,0,0,0,0,0,0,0,0,0,0,0,0,0,0,0,0,0,0,0,0,0,0,0,0,0,2,0,0,0,0,0,0.02,-0.03,0,0,0,0,0,0,0,0,-0,0,0,0,0,0,0,0,0,0,0,0,0,0,0,0,0,0,0,0,0,0,0,0,0,0,0,0,0,0,0,0,0,0,0,0
0.05,0,0,0,0,0,0,3.07897,2.02203,-2.58629,-6.83707e-05,0.000241739,9.0614e-05,6.40771e-06,4.20808e-06,-5.38238e-06,0,0,0,0,0,0,0,0,0,0,0,0,0,0,0,0,0,0,0,0,0,0,0,0,0,0,0,0,0,0,0,0,0,0,0,0,0,0,0,0,1.88995,1.04713,0.00955631,-7.32541e-06,0.000139183,-1.90486e-05,3.9332e-06,2.17921e-06,1.98878e-08,0,0,0,0,0,0,0,0,0,0,0,0,0,0,0,0,0,0,0,0,0,0,0,0,0,0,0,0,0,0,0,0,0,0,0,0,0,0,0,0,0,0,0,0,0,0,0,0,0,0,0,0,2,0,0,0,0,0,0.02,-0.03,0,0,0,0,0,0,0,0,-0,0,1.5376,0,0,0,0,0,0,0,0,0,0,0,0,0,0,0,0,0,0,0,0,0,0,0,0,0,0,0,0,0,0,0,0,0
0.1,0,0,0,0,0,0,3.07898,2.02199,-2.58629,3.41946e-05,-0.000343167,4.05488e-05,-0.0279457,-0.0198134,0.0237508,0,0,0,0,0,0,0,0,0,0,0,0,0,0,0,0,0,0,0,0,0,0,0,0,0,0,0,0,0,0,0,0,0,0,0,0,0,0,0,0,1.88995,1.04712,0.00956898,4.76282e-05,-0.000158761,0.000126762,-0.0170473,-0.0101849,0.000419313,0,0,0,0,0,0,0,0,0,0,0,0,0,0,0,0,0,0,0,0,0,0,0,0,0,0,0,0,0,0,0,0,0,0,0,0,0,0,0,0,0,0,0,0,0,0,0,0,0,0,0,0,2,0,0,0,0,0,0.02,-0.03,0,0,0,0,0,0,0,0,-0,0,1.53759,0,0,0,0,0,0,0,0,0,0,0,0,0,0,0,0,0,0,0,0,0,0,0,0,0,0,0,0,0,0,0,0,0
0.15,0,0,0,0,0,0,3.07898,2.02199,-2.58629,3.41946e-05,-0.000343167,4.05488e-05,-0.0279457,-0.0198134,0.0237508,0,0,0,0,0,0,0,0,0,0,0,0,0,0,0,0,0,0,0,0,0,0,0,0,0,0,0,0,0,0,0,0,0,0,0,0,0,0,0,0,1.88995,1.04712,0.00956898,4.76282e-05,-0.000158761,0.000126762,-0.0170473,-0.0101849,0.000419313,0,0,0,0,0,0,0,0,0,0,0,0,0,0,0,0,0,0,0,0,0,0,0,0,0,0,0,0,0,0,0,0,0,0,0,0,0,0,0,0,0,0,0,0,0,0,0,0,0,0,0,0,2,0,0,0,0,0,1.2311,0.2025,2.5515,0,0,0,0,0,0,0,-0,0,1.53759,0,0,0,0,0,0,0,0,0,0,0,0,0,0,0,0,0,0,0,0,0,0,0,0,0,0,0,0,0,0,0,0,0
0.2,0,0,0,0,0,0,3.07898,2.02201,-2.58629,-2.92358e-05,0.000203432,1.42753e-05,-0.0104775,-0.00560518,0.00868673,0,0,0,0,0,0,0,0,0,0,0,0,0,0,0,0,0,0,0,0,0,0,0,0,0,0,0,0,0,0,0,0,0,0,0,0,0,0,0,0,1.88995,1.04714,0.00956383,-1.09634e-05,0.000163233,-5.13948e-05,-0.0064315,-0.00269135,-0.0003712,0,0,0,0,0,0,0,0,0,0,0,0,0,0,0,0,0,0,0,0,0,0,0,0,0,0,0,0,0,0,0,0,0,0,0,0,0,0,0,0,0,0,0,0,0,0,0,0,0,0,0,0,2,0,0,0,0,0,1.2311,0.2025,2.5515,0,0,0,0,0,0,0,-0,0,1.53759,0,0,0,0,0,0,0,0,0,0,0,0,0,0,0,0,0,0,0,0,0,0,0,0,0,0,0,0,0,0,0,0,0
0.25,0,0,0,0,0,0,3.07898,2.02201,-2.58629,-2.92358e-05,0.000203432,1.42753e-05,-0.0104775,-0.00560518,0.00868673,0,0,0,0,0,0,0,0,0,0,0,0,0,0,0,0,0,0,0,0,0,0,0,0,0,0,0,0,0,0,0,0,0,0,0,0,0,0,0,0,1.88995,1.04714,0.00956383,-1.09634e-05,0.000163233,-5.13948e-05,-0.0064315,-0.00269135,-0.0003712,0,0,0,0,0,0,0,0,0,0,0,0,0,0,0,0,0,0,0,0,0,0,0,0,0,0,0,0,0,0,0,0,0,0,0,0,0,0,0,0,0,0,0,0,0,0,0,0,0,0,0,0,2,0,0,0,0,0,1.2311,0.2025,2.5515,0,0,0,0,0,0,0,-0,0,1.53759,0,0,0,0,0,0,0,0,0,0,0,0,0,0,0,0,0,0,0,0,0,0,0,0,0,0,0,0,0,0,0,0,0
0.3,0,0,0,0,0,0,3.07899,2.02203,-2.58623,0.000122246,0.000136915,0.000594515,-0.00332149,-0.00170986,0.00549487,0,0,0,0,0,0,0,0,0,0,0,0,0,0,0,0,0,0,0,0,0,0,0,0,0,0,0,0,0,0,0,0,0,0,0,0,0,0,0,0,1.88992,1.04715,0.00972477,-0.000334954,0.000112466,0.00161172,-0.00371915,-0.000805859,0.00631437,0,0,0,0,0,0,0,0,0,0,0,0,0,0,0,0,0,0,0,0,0,0,0,0,0,0,0,0,0,0,0,0,0,0,0,0,0,0,0,0,0,0,0,0,0,0,0,0,0,0,0,0,2,0,0,0,0,0,1.2311,0.2025,2.5515,0,0,0,0,0,0,0,-0,0,1.53762,0,0,0,0,0,0,0,0,0,0,0,0,0,0,0,0,0,0,0,0,0,0,0,0,0,0,0,0,0,0,0,0,0
0.35,0,0,0,0,0,0,3.07899,2.02203,-2.58623,0.000122246,0.000136915,0.000594515,-0.00332149,-0.00170986,0.00549487,0,0,0,0,0,0,0,0,0,0,0,0,0,0,0,0,0,0,0,0,0,0,0,0,0,0,0,0,0,0,0,0,0,0,0,0,0,0,0,0,1.88992,1.04715,0.00972477,-0.000334954,0.000112466,0.00161172,-0.00371915,-0.000805859,0.00631437,0,0,0,0,0,0,0,0,0,0,0,0,0,0,0,0,0,0,0,0,0,0,0,0,0,0,0,0,0,0,0,0,0,0,0,0,0,0,0,0,0,0,0,0,0,0,0,0,0,0,0,0,2,0,0,0,0,0,1.3696,0.3408,2.6901,0,0,0,0,0,0,0,-0,0,1.53762,0,0,0,0,0,0,0,0,0,0,0,0,0,0,0,0,0,0,0,0,0,0,0,0,0,0,0,0,0,0,0,0,0
0.4,0,0,0,0,0,0,3.07898,2.02203,-2.58627,-0.000107458,1.099e-05,-0.000438839,-0.00194533,-0.00100309,-0.00125681,0,0,0,0,0,0,0,0,0,0,0,0,0,0,0,0,0,0,0,0,0,0,0,0,0,0,0,0,0,0,0,0,0,0,0,0,0,0,0,0,1.88995,1.04713,0.00960836,0.000343134,-0.000140428,-0.0011645,0.000840367,-0.00123908,-0.00638885,0,0,0,0,0,0,0,0,0,0,0,0,0,0,0,0,0,0,0,0,0,0,0,0,0,0,0,0,0,0,0,0,0,0,0,0,0,0,0,0,0,0,0,0,0,0,0,0,0,0,0,0,2,0,0,0,0,0,1.3696,0.3408,2.6901,0,0,0,0,0,0,0,-0,0,1.5376,0,0,0,0,0,0,0,0,0,0,0,0,0,0,0,0,0,0,0,0,0,0,0,0,0,0,0,0,0,0,0,0,0
0.45,0,0,0,0,0,0,3.07898,2.02203,-2.58627,-0.000107458,1.099e-05,-0.000438839,-0.00194533,-0.00100309,-0.00125681,0,0,0,0,0,0,0,0,0,0,0,0,0,0,0,0,0,0,0,0,0,0,0,0,0,0,0,0,0,0,0,0,0,0,0,0,0,0,0,0,1.88995,1.04713,0.00960836,0.000343134,-0.000140428,-0.0011645,0.000840367,-0.00123908,-0.00638885,0,0,0,0,0,0,0,0,0,0,0,0,0,0,0,0,0,0,0,0,0,0,0,0,0,0,0,0,0,0,0,0,0,0,0,0,0,0,0,0,0,0,0,0,0,0,0,0,0,0,0,0,2,0,0,0,0,0,1.3696,0.3408,2.6901,0,0,0,0,0,0,0,-0,0,1.5376,0,0,0,0,0,0,0,0,0,0,0,0,0,0,0,0,0,0,0,0,0,0,0,0,0,0,0,0,0,0,0,0,0
0.5,0,0,0,0,0,0,3.07897,2.022,-2.5863,-6.34809e-05,-0.000238054,-0.000317119,-0.000806007,-0.00150178,-0.00118391,0,0,0,0,0,0,0,0,0,0,0,0,0,0,0,0,0,0,0,0,0,0,0,0,0,0,0,0,0,0,0,0,0,0,0,0,0,0,0,0,1.88994,1.04712,0.00954858,-0.000102546,-0.00010865,-0.000597848,-0.000657936,-0.000675916,-0.00329526,0,0,0,0,0,0,0,0,0,0,0,0,0,0,0,0,0,0,0,0,0,0,0,0,0,0,0,0,0,0,0,0,0,0,0,0,0,0,0,0,0,0,0,0,0,0,0,0,0,0,0,0,2,0,0,0,0,0,1.3696,0.3408,2.6901,0,0,0,0,0,0,0,-0,0,1.53759,0,0,0,0,0,0,0,0,0,0,0,0,0,0,0,0,0,0,0,0,0,0,0,0,0,0,0,0,0,0,0,0,0
0.55,0,0,0,0,0,0,3.07897,2.022,-2.5863,-6.34809e-05,-0.000238054,-0.000317119,-0.000806007,-0.00150178,-0.00118391,0,0,0,0,0,0,0,0,0,0,0,0,0,0,0,0,0,0,0,0,0,0,0,0,0,0,0,0,0,0,0,0,0,0,0,0,0,0,0,0,1.88994,1.04712,0.00954858,-0.000102546,-0.00010865,-0.000597848,-0.000657936,-0.000675916,-0.00329526,0,0,0,0,0,0,0,0,0,0,0,0,0,0,0,0,0,0,0,0,0,0,0,0,0,0,0,0,0,0,0,0,0,0,0,0,0,0,0,0,0,0,0,0,0,0,0,0,0,0,0,0,2,0,0,0,0,0,1.2754,0.2469,2.5959,0,0,0,0,0,0,0,-0,0,1.53759,0,0,0,0,0,0,0,0,0,0,0,0,0,0,0,0,0,0,0,0,0,0,0,0,0,0,0,0,0,0,0,0,0
0.6,0,0,0,0,0,0,3.07898,2.02203,-2.58628,8.30272e-05,0.000241756,0.000183625,0.000255679,0.000947882,0.00129987,0,0,0,0,0,0,0,0,0,0,0,0,0,0,0,0,0,0,0,0,0,0,0,0,0,0,0,0,0,0,0,0,0,0,0,0,0,0,0,0,1.88994,1.04715,0.00954869,-3.54086e-05,0.000251523,1.10853e-06,-0.00032968,0.00110953,0.000833574,0,0,0,0,0,0,0,0,0,0,0,0,0,0,0,0,0,0,0,0,0,0,0,0,0,0,0,0,0,0,0,0,0,0,0,0,0,0,0,0,0,0,0,0,0,0,0,0,0,0,0,0,2,0,0,0,0,0,1.2754,0.2469,2.5959,0,0,0,0,0,0,0,-0,0,1.5376,0,0,0,0,0,0,0,0,0,0,0,0,0,0,0,0,0,0,0,0,0,0,0,0,0,0,0,0,0,0,0,0,0
0.65,0,0,0,0,0,0,3.07898,2.02203,-2.58628,8.30272e-05,0.000241756,0.000183625,0.000255679,0.000947882,0.00129987,0,0,0,0,0,0,0,0,0,0,0,0,0,0,0,0,0,0,0,0,0,0,0,0,0,0,0,0,0,0,0,0,0,0,0,0,0,0,0,0,1.88994,1.04715,0.00954869,-3.54086e-05,0.000251523,1.10853e-06,-0.00032968,0.00110953,0.000833574,0,0,0,0,0,0,0,0,0,0,0,0,0,0,0,0,0,0,0,0,0,0,0,0,0,0,0,0,0,0,0,0,0,0,0,0,0,0,0,0,0,0,0,0,0,0,0,0,0,0,0,0,2,0,0,0,0,0,1.2754,0.2469,2.5959,0,0,0,0,0,0,0,-0,0,1.5376,0,0,0,0,0,0,0,0,0,0,0,0,0,0,0,0,0,0,0,0,0,0,0,0,0,0,0,0,0,0,0,0,0
0.7,0,0,0,0,0,0,3.07898,2.02202,-2.58627,-2.44061e-06,-0.000112268,0.000171605,-4.42351e-05,-0.000513757,0.00106877,0,0,0,0,0,0,0,0,0,0,0,0,0,0,0,0,0,0,0,0,0,0,0,0,0,0,0,0,0,0,0,0,0,0,0,0,0,0,0,0,1.88994,1.04714,0.00955372,6.46761e-05,-9.15228e-05,5.03122e-05,0.000246392,-0.000462731,0.00125594,0,0,0,0,0,0,0,0,0,0,0,0,0,0,0,0,0,0,0,0,0,0,0,0,0,0,0,0,0,0,0,0,0,0,0,0,0,0,0,0,0,0,0,0,0,0,0,0,0,0,0,0,2,0,0,0,0,0,1.2754,0.2469,2.5959,0,0,0,0,0,0,0,-0,0,1.53759,0,0,0,0,0,0,0,0,0,0,0,0,0,0,0,0,0,0,0,0,0,0,0,0,0,0,0,0,0,0,0,0,0
0.75,0,0,0,0,0,0,3.07898,2.02202,-2.58627,-2.44061e-06,-0.000112268,0.000171605,-4.42351e-05,-0.000513757,0.00106877,0,0,0,0,0,0,0,0,0,0,0,0,0,0,0,0,0,0,0,0,0,0,0,0,0,0,0,0,0,0,0,0,0,0,0,0,0,0,0,0,1.88994,1.04714,0.00955372,6.46761e-05,-9.15228e-05,5.03122e-05,0.000246392,-0.000462731,0.00125594,0,0,0,0,0,0,0,0,0,0,0,0,0,0,0,0,0,0,0,0,0,0,0,0,0,0,0,0,0,0,0,0,0,0,0,0,0,0,0,0,0,0,0,0,0,0,0,0,0,0,0,0,2,0,0,0,0,0,1.3452,0.3166,2.6656,0,0,0,0,0,0,0,-0,0,1.53759,0,0,0,0,0,0,0,0,0,0,0,0,0,0,0,0,0,0,0,0,0,0,0,0,0,0,0,0,0,0,0,0,0
0.8,0,0,0,0,0,0,3.07898,2.02202,-2.58628,-2.44234e-06,1.95387e-05,-0.000104944,-6.71668e-05,2.04519e-05,-0.000494754,0,0,0,0,0,0,0,0,0,0,0,0,0,0,0,0,0,0,0,0,0,0,0,0,0,0,0,0,0,0,0,0,0,0,0,0,0,0,0,0,1.88994,1.04714,0.00955951,1.34329e-05,1.22117e-06,5.78572e-05,2.10875e-05,-0.000119995,0.000841413,0,0,0,0,0,0,0,0,0,0,0,0,0,0,0,0,0,0,0,0,0,0,0,0,0,0,0,0,0,0,0,0,0,0,0,0,0,0,0,0,0,0,0,0,0,0,0,0,0,0,0,0,2,0,0,0,0,0,1.3452,0.3166,2.6656,0,0,0,0,0,0,0,-0,0,1.53759,0,0,0,0,0,0,0,0,0,0,0,0,0,0,0,0,0,0,0,0,0,0,0,0,0,0,0,0,0,0,0,0,0
0.85,0,0,0,0,0,0,3.07898,2.02202,-2.58628,-2.44234e-06,1.95387e-05,-0.000104944,-6.71668e-05,2.04519e-05,-0.000494754,0,0,0,0,0,0,0,0,0,0,0,0,0,0,0,0,0,0,0,0,0,0,0,0,0,0,0,0,0,0,0,0,0,0,0,0,0,0,0,0,1.88994,1.04714,0.00955951,1.34329e-05,1.22117e-06,5.78572e-05,2.10875e-05,-0.000119995,0.000841413,0,0,0,0,0,0,0,0,0,0,0,0,0,0,0,0,0,0,0,0,0,0,0,0,0,0,0,0,0,0,0,0,0,0,0,0,0,0,0,0,0,0,0,0,0,0,0,0,0,0,0,0,2,0,0,0,0,0,1.3452,0.3166,2.6656,0,0,0,0,0,0,0,-0,0,1.53759,0,0,0,0,0,0,0,0,0,0,0,0,0,0,0,0,0,0,0,0,0,0,0,0,0,0,0,0,0,0,0,0,0
0.9,0,0,0,0,0,0,3.07897,2.02201,-2.58628,-7.32308e-05,-5.12615e-05,-7.15144e-06,-0.000326294,-0.000198327,-0.000117977,0,0,0,0,0,0,0,0,0,0,0,0,0,0,0,0,0,0,0,0,0,0,0,0,0,0,0,0,0,0,0,0,0,0,0,0,0,0,0,0,1.88994,1.04712,0.00958151,-2.56307e-05,-0.000131815,0.000219981,-0.000173889,-0.000557272,0.00109703,0,0,0,0,0,0,0,0,0,0,0,0,0,0,0,0,0,0,0,0,0,0,0,0,0,0,0,0,0,0,0,0,0,0,0,0,0,0,0,0,0,0,0,0,0,0,0,0,0,0,0,0,2,0,0,0,0,0,1.3452,0.3166,2.6656,0,0,0,0,0,0,0,-0,0,1.5376,0,0,0,0,0,0,0,0,0,0,0,0,0,0,0,0,0,0,0,0,0,0,0,0,0,0,0,0,0,0,0,0,0
0.95,0,0,0,0,0,0,3.07897,2.02201,-2.58628,-7.32308e-05,-5.12615e-05,-7.15144e-06,-0.000326294,-0.000198327,-0.000117977,0,0,0,0,0,0,0,0,0,0,0,0,0,0,0,0,0,0,0,0,0,0,0,0,0,0,0,0,0,0,0,0,0,0,0,0,0,0,0,0,1.88994,1.04712,0.00958151,-2.56307e-05,-0.000131815,0.000219981,-0.000173889,-0.000557272,0.00109703,0,0,0,0,0,0,0,0,0,0,0,0,0,0,0,0,0,0,0,0,0,0,0,0,0,0,0,0,0,0,0,0,0,0,0,0,0,0,0,0,0,0,0,0,0,0,0,0,0,0,0,0,2,0,0,0,0,0,1.2754,0.2468,2.5959,0,0,0,0,0,0,0,-0,0,1.5376,0,0,0,0,0,0,0,0,0,0,0,0,0,0,0,0,0,0,0,0,0,0,0,0,0,0,0,0,0,0,0,0,0
1,0,0,0,0,0,0,3.07898,2.02201,-2.58627,7.57118e-05,-2.80866e-05,8.10925e-05,0.000364171,-5.60569e-05,0.000332764,0,0,0,0,0,0,0,0,0,0,0,0,0,0,0,0,0,0,0,0,0,0,0,0,0,0,0,0,0,0,0,0,0,0,0,0,0,0,0,0,1.88994,1.04714,0.0095525,1.22116e-06,0.000134327,-0.000290159,-2.35032e-05,0.000669698,-0.00134519,0,0,0,0,0,0,0,0,0,0,0,0,0,0,0,0,0,0,0,0,0,0,0,0,0,0,0,0,0,0,0,0,0,0,0,0,0,0,0,0,0,0,0,0,0,0,0,0,0,0,0,0,2,0,0,0,0,0,1.2754,0.2468,2.5959,0,0,0,0,0,0,0,-0,0,1.53759,0,0,0,0,0,0,0,0,0,0,0,0,0,0,0,0,0,0,0,0,0,0,0,0,0,0,0,0,0,0,0,0,0
1.05,0,0,0,0,0,0,3.07898,2.02201,-2.58627,7.57118e-05,-2.80866e-05,8.10925e-05,0.000364171,-5.60569e-05,0.000332764,0,0,0,0,0,0,0,0,0,0,0,0,0,0,0,0,0,0,0,0,0,0,0,0,0,0,0,0,0,0,0,0,0,0,0,0,0,0,0,0,1.88994,1.04714,0.0095525,1.22116e-06,0.000134327,-0.000290159,-2.35032e-05,0.000669698,-0.00134519,0,0,0,0,0,0,0,0,0,0,0,0,0,0,0,0,0,0,0,0,0,0,0,0,0,0,0,0,0,0,0,0,0,0,0,0,0,0,0,0,0,0,0,0,0,0,0,0,0,0,0,0,2,0,0,0,0,0,1.2754,0.2468,2.5959,0,0,0,0,0,0,0,-0,0,1.53759,0,0,0,0,0,0,0,0,0,0,0,0,0,0,0,0,0,0,0,0,0,0,0,0,0,0,0,0,0,0,0,0,0
1.1,0,0,0,0,0,0,3.07898,2.02202,-2.58625,-2.19722e-05,0.000103757,0.000221724,-7.813e-05,0.000512378,0.000822837,0,0,0,0,0,0,0,0,0,0,0,0,0,0,0,0,0,0,0,0,0,0,0,0,0,0,0,0,0,0,0,0,0,0,0,0,0,0,0,0,1.88995,1.04714,0.00955348,5.12685e-05,-1.70895e-05,9.78799e-06,0.000206217,-3.67085e-05,5.99673e-05,0,0,0,0,0,0,0,0,0,0,0,0,0,0,0,0,0,0,0,0,0,0,0,0,0,0,0,0,0,0,0,0,0,0,0,0,0,0,0,0,0,0,0,0,0,0,0,0,0,0,0,0,2,0,0,0,0,0,1.2754,0.2468,2.5959,0,0,0,0,0,0,0,-0,0,1.53759,0,0,0,0,0,0,0,0,0,0,0,0,0,0,0,0,0,0,0,0,0,0,0,0,0,0,0,0,0,0,0,0,0
1.15,0,0,0,0,0,0,3.07898,2.02202,-2.58625,-2.19722e-05,0.000103757,0.000221724,-7.813e-05,0.000512378,0.000822837,0,0,0,0,0,0,0,0,0,0,0,0,0,0,0,0,0,0,0,0,0,0,0,0,0,0,0,0,0,0,0,0,0,0,0,0,0,0,0,0,1.88995,1.04714,0.00955348,5.12685e-05,-1.70895e-05,9.78799e-06,0.000206217,-3.67085e-05,5.99673e-05,0,0,0,0,0,0,0,0,0,0,0,0,0,0,0,0,0,0,0,0,0,0,0,0,0,0,0,0,0,0,0,0,0,0,0,0,0,0,0,0,0,0,0,0,0,0,0,0,0,0,0,0,2,0,0,0,0,0,1.1948,0.1662,2.5152,0,0,0,0,0,0,0,-0,0,1.53759,0,0,0,0,0,0,0,0,0,0,0,0,0,0,0,0,0,0,0,0,0,0,0,0,0,0,0,0,0,0,0,0,0
1.2,0,0,0,0,0,0,3.07898,2.02202,-2.58625,-2.19722e-05,0.000103757,0.000221724,-7.813e-05,0.000512378,0.000822837,0,0,0,0,0,0,0,0,0,0,0,0,0,0,0,0,0,0,0,0,0,0,0,0,0,0,0,0,0,0,0,0,0,0,0,0,0,0,0,0,1.88995,1.04714,0.00955348,5.12685e-05,-1.70895e-05,9.78799e-06,0.000206217,-3.67085e-05,5.99673e-05,0,0,0,0,0,0,0,0,0,0,0,0,0,0,0,0,0,0,0,0,0,0,0,0,0,0,0,0,0,0,0,0,0,0,0,0,0,0,0,0,0,0,0,0,0,0,0,0,0,0,0,0,2,0,0,0,0,0,1.1948,0.1662,2.5152,0,0,0,0,0,0,0,-0,0,1.53759,0,0,0,0,0,0,0,0,0,0,0,0,0,0,0,0,0,0,0,0,0,0,0,0,0,0,0,0,0,0,0,0,0
1.25,0,0,0,0,0,0,3.07898,2.02201,-2.58627,1.22041e-05,-8.42085e-05,-0.000209758,2.97702e-05,-0.000366509,-0.00116381,0,0,0,0,0,0,0,0,0,0,0,0,0,0,0,0,0,0,0,0,0,0,0,0,0,0,0,0,0,0,0,0,0,0,0,0,0,0,0,0,1.88995,1.04713,0.0095566,2.44082e-06,-7.07838e-05,3.1108e-05,-4.02006e-05,-0.000332246,0.000311461,0,0,0,0,0,0,0,0,0,0,0,0,0,0,0,0,0,0,0,0,0,0,0,0,0,0,0,0,0,0,0,0,0,0,0,0,0,0,0,0,0,0,0,0,0,0,0,0,0,0,0,0,2,0,0,0,0,0,1.1948,0.1662,2.5152,0,0,0,0,0,0,0,-0,0,1.53759,0,0,0,0,0,0,0,0,0,0,0,0,0,0,0,0,0,0,0,0,0,0,0,0,0,0,0,0,0,0,0,0,0
1.3,0,0,0,0,0,0,3.07898,2.02202,-2.58628,-2.1981e-05,5.86161e-05,-0.000112099,-0.000104123,0.000231739,-0.000577244,0,0,0,0,0,0,0,0,0,0,0,0,0,0,0,0,0,0,0,0,0,0,0,0,0,0,0,0,0,0,0,0,0,0,0,0,0,0,0,0,1.88994,1.04713,0.00956669,-1.95387e-05,5.49526e-05,0.000100985,-0.000145309,0.000262966,0.000500213,0,0,0,0,0,0,0,0,0,0,0,0,0,0,0,0,0,0,0,0,0,0,0,0,0,0,0,0,0,0,0,0,0,0,0,0,0,0,0,0,0,0,0,0,0,0,0,0,0,0,0,0,2,0,0,0,0,0,1.1948,0.1662,2.5152,0,0,0,0,0,0,0,-0,0,1.53759,0,0,0,0,0,0,0,0,0,0,0,0,0,0,0,0,0,0,0,0,0,0,0,0,0,0,0,0,0,0,0,0,0
1.35,0,0,0,0,0,0,3.07898,2.02202,-2.58628,-2.1981e-05,5.86161e-05,-0.000112099,-0.000104123,0.000231739,-0.000577244,0,0,0,0,0,0,0,0,0,0,0,0,0,0,0,0,0,0,0,0,0,0,0,0,0,0,0,0,0,0,0,0,0,0,0,0,0,0,0,0,1.88994,1.04713,0.00956669,-1.95387e-05,5.49526e-05,0.000100985,-0.000145309,0.000262966,0.000500213,0,0,0,0,0,0,0,0,0,0,0,0,0,0,0,0,0,0,0,0,0,0,0,0,0,0,0,0,0,0,0,0,0,0,0,0,0,0,0,0,0,0,0,0,0,0,0,0,0,0,0,0,2,0,0,0,0,0,1.2632,0.2346,2.5836,0,0,0,0,0,0,0,-0,0,1.53759,0,0,0,0,0,0,0,0,0,0,0,0,0,0,0,0,0,0,0,0,0,0,0,0,0,0,0,0,0,0,0,0,0
1.4,0,0,0,0,0,0,3.07897,2.02202,-2.58625,-3.90734e-05,2.8084e-05,0.000288567,-0.000148958,9.81711e-05,0.00133352,0,0,0,0,0,0,0,0,0,0,0,0,0,0,0,0,0,0,0,0,0,0,0,0,0,0,0,0,0,0,0,0,0,0,0,0,0,0,0,0,1.88995,1.04714,0.00956668,8.54731e-06,1.83157e-05,-5.58949e-08,1.07211e-05,9.21163e-05,-7.77004e-05,0,0,0,0,0,0,0,0,0,0,0,0,0,0,0,0,0,0,0,0,0,0,0,0,0,0,0,0,0,0,0,0,0,0,0,0,0,0,0,0,0,0,0,0,0,0,0,0,0,0,0,0,2,0,0,0,0,0,1.2632,0.2346,2.5836,0,0,0,0,0,0,0,-0,0,1.53759,0,0,0,0,0,0,0,0,0,0,0,0,0,0,0,0,0,0,0,0,0,0,0,0,0,0,0,0,0,0,0,0,0
1.45,0,0,0,0,0,0,3.07897,2.02202,-2.58625,-3.90734e-05,2.8084e-05,0.000288567,-0.000148958,9.81711e-05,0.00133352,0,0,0,0,0,0,0,0,0,0,0,0,0,0,0,0,0,0,0,0,0,0,0,0,0,0,0,0,0,0,0,0,0,0,0,0,0,0,0,0,1.88995,1.04714,0.00956668,8.54731e-06,1.83157e-05,-5.58949e-08,1.07211e-05,9.21163e-05,-7.77004e-05,0,0,0,0,0,0,0,0,0,0,0,0,0,0,0,0,0,0,0,0,0,0,0,0,0,0,0,0,0,0,0,0,0,0,0,0,0,0,0,0,0,0,0,0,0,0,0,0,0,0,0,0,2,0,0,0,0,0,1.2632,0.2346,2.5836,0,0,0,0,0,0,0,-0,0,1.53759,0,0,0,0,0,0,0,0,0,0,0,0,0,0,0,0,0,0,0,0,0,0,0,0,0,0,0,0,0,0,0,0,0
1.5,0,0,0,0,0,0,3.07897,2.022,-2.58627,2.4415e-05,-0.000256357,-0.000145441,0.000158152,-0.00109568,-0.000674554,0,0,0,0,0,0,0,0,0,0,0,0,0,0,0,0,0,0,0,0,0,0,0,0,0,0,0,0,0,0,0,0,0,0,0,0,0,0,0,0,1.88994,1.04713,0.0095926,-4.02847e-05,-7.44657e-05,0.000259197,-0.00016755,-0.000338547,0.000910981,0,0,0,0,0,0,0,0,0,0,0,0,0,0,0,0,0,0,0,0,0,0,0,0,0,0,0,0,0,0,0,0,0,0,0,0,0,0,0,0,0,0,0,0,0,0,0,0,0,0,0,0,2,0,0,0,0,0,1.2632,0.2346,2.5836,0,0,0,0,0,0,0,-0,0,1.53758,0,0,0,0,0,0,0,0,0,0,0,0,0,0,0,0,0,0,0,0,0,0,0,0,0,0,0,0,0,0,0,0,0
1.55,0,0,0,0,0,0,3.07897,2.022,-2.58627,2.4415e-05,-0.000256357,-0.000145441,0.000158152,-0.00109568,-0.000674554,0,0,0,0,0,0,0,0,0,0,0,0,0,0,0,0,0,0,0,0,0,0,0,0,0,0,0,0,0,0,0,0,0,0,0,0,0,0,0,0,1.88994,1.04713,0.0095926,-4.02847e-05,-7.44657e-05,0.000259197,-0.00016755,-0.000338547,0.000910981,0,0,0,0,0,0,0,0,0,0,0,0,0,0,0,0,0,0,0,0,0,0,0,0,0,0,0,0,0,0,0,0,0,0,0,0,0,0,0,0,0,0,0,0,0,0,0,0,0,0,0,0,2,0,0,0,0,0,1.3047,0.276,2.6251,0,0,0,0,0,0,0,-0,0,1.53758,0,0,0,0,0,0,0,0,0,0,0,0,0,0,0,0,0,0,0,0,0,0,0,0,0,0,0,0,0,0,0,0,0
1.6,0,0,0,0,0,0,3.07897,2.02201,-2.58628,9.76546e-06,0.000158689,-0.000131128,7.80024e-05,0.000838938,-0.000619697,0,0,0,0,0,0,0,0,0,0,0,0,0,0,0,0,0,0,0,0,0,0,0,0,0,0,0,0,0,0,0,0,0,0,0,0,0,0,0,0,1.88994,1.04713,0.00955213,2.92964e-05,1.22068e-05,-0.00040469,0.000153296,8.47491e-05,-0.00197194,0,0,0,0,0,0,0,0,0,0,0,0,0,0,0,0,0,0,0,0,0,0,0,0,0,0,0,0,0,0,0,0,0,0,0,0,0,0,0,0,0,0,0,0,0,0,0,0,0,0,0,0,2,0,0,0,0,0,1.3047,0.276,2.6251,0,0,0,0,0,0,0,-0,0,1.53759,0,0,0,0,0,0,0,0,0,0,0,0,0,0,0,0,0,0,0,0,0,0,0,0,0,0,0,0,0,0,0,0,0
1.65,0,0,0,0,0,0,3.07897,2.02201,-2.58628,9.76546e-06,0.000158689,-0.000131128,7.80024e-05,0.000838938,-0.000619697,0,0,0,0,0,0,0,0,0,0,0,0,0,0,0,0,0,0,0,0,0,0,0,0,0,0,0,0,0,0,0,0,0,0,0,0,0,0,0,0,1.88994,1.04713,0.00955213,2.92964e-05,1.22068e-05,-0.00040469,0.000153296,8.47491e-05,-0.00197194,0,0,0,0,0,0,0,0,0,0,0,0,0,0,0,0,0,0,0,0,0,0,0,0,0,0,0,0,0,0,0,0,0,0,0,0,0,0,0,0,0,0,0,0,0,0,0,0,0,0,0,0,2,0,0,0,0,0,1.3047,0.276,2.6251,0,0,0,0,0,0,0,-0,0,1.53759,0,0,0,0,0,0,0,0,0,0,0,0,0,0,0,0,0,0,0,0,0,0,0,0,0,0,0,0,0,0,0,0,0
1.7,0,0,0,0,0,0,3.07897,2.02202,-2.58626,-4.63845e-05,8.05626e-05,0.000200262,-0.000188378,0.000453366,0.000959519,0,0,0,0,0,0,0,0,0,0,0,0,0,0,0,0,0,0,0,0,0,0,0,0,0,0,0,0,0,0,0,0,0,0,0,0,0,0,0,0,1.88994,1.04714,0.00954284,-2.44129e-05,0.000114741,-9.29137e-05,-7.91467e-05,0.000517878,-0.000328354,0,0,0,0,0,0,0,0,0,0,0,0,0,0,0,0,0,0,0,0,0,0,0,0,0,0,0,0,0,0,0,0,0,0,0,0,0,0,0,0,0,0,0,0,0,0,0,0,0,0,0,0,2,0,0,0,0,0,1.3047,0.276,2.6251,0,0,0,0,0,0,0,-0,0,1.53759,0,0,0,0,0,0,0,0,0,0,0,0,0,0,0,0,0,0,0,0,0,0,0,0,0,0,0,0,0,0,0,0,0
1.75,0,0,0,0,0,0,3.07897,2.02202,-2.58626,-4.63845e-05,8.05626e-05,0.000200262,-0.000188378,0.000453366,0.000959519,0,0,0,0,0,0,0,0,0,0,0,0,0,0,0,0,0,0,0,0,0,0,0,0,0,0,0,0,0,0,0,0,0,0,0,0,0,0,0,0,1.88994,1.04714,0.00954284,-2.44129e-05,0.000114741,-9.29137e-05,-7.91467e-05,0.000517878,-0.000328354,0,0,0,0,0,0,0,0,0,0,0,0,0,0,0,0,0,0,0,0,0,0,0,0,0,0,0,0,0,0,0,0,0,0,0,0,0,0,0,0,0,0,0,0,0,0,0,0,0,0,0,0,2,0,0,0,0,0,1.2754,0.2468,2.5958,0,0,0,0,0,0,0,-0,0,1.53759,0,0,0,0,0,0,0,0,0,0,0,0,0,0,0,0,0,0,0,0,0,0,0,0,0,0,0,0,0,0,0,0,0
1.8,0,0,0,0,0,0,3.07898,2.02201,-2.58627,6.10401e-05,-0.000104989,-9.53752e-05,0.00028009,-0.000521394,-0.000391482,0,0,0,0,0,0,0,0,0,0,0,0,0,0,0,0,0,0,0,0,0,0,0,0,0,0,0,0,0,0,0,0,0,0,0,0,0,0,0,0,1.88995,1.04712,0.00955627,7.08066e-05,-0.000170912,0.000134308,0.000301496,-0.000771846,0.000933206,0,0,0,0,0,0,0,0,0,0,0,0,0,0,0,0,0,0,0,0,0,0,0,0,0,0,0,0,0,0,0,0,0,0,0,0,0,0,0,0,0,0,0,0,0,0,0,0,0,0,0,0,2,0,0,0,0,0,1.2754,0.2468,2.5958,0,0,0,0,0,0,0,-0,0,1.53759,0,0,0,0,0,0,0,0,0,0,0,0,0,0,0,0,0,0,0,0,0,0,0,0,0,0,0,0,0,0,0,0,0
1.85,0,0,0,0,0,0,3.07898,2.02201,-2.58627,6.10401e-05,-0.000104989,-9.53752e-05,0.00028009,-0.000521394,-0.000391482,0,0,0,0,0,0,0,0,0,0,0,0,0,0,0,0,0,0,0,0,0,0,0,0,0,0,0,0,0,0,0,0,0,0,0,0,0,0,0,0,1.88995,1.04712,0.00955627,7.08066e-05,-0.000170912,0.000134308,0.000301496,-0.000771846,0.000933206,0,0,0,0,0,0,0,0,0,0,0,0,0,0,0,0,0,0,0,0,0,0,0,0,0,0,0,0,0,0,0,0,0,0,0,0,0,0,0,0,0,0,0,0,0,0,0,0,0,0,0,0,2,0,0,0,0,0,1.2754,0.2468,2.5958,0,0,0,0,0,0,0,-0,0,1.53759,0,0,0,0,0,0,0,0,0,0,0,0,0,0,0,0,0,0,0,0,0,0,0,0,0,0,0,0,0,0,0,0,0
1.9,0,0,0,0,0,0,3.07897,2.02202,-2.58627,-2.44146e-05,0.000125735,-6.43745e-05,-0.000109867,0.000476913,-0.000294042,0,0,0,0,0,0,0,0,0,0,0,0,0,0,0,0,0,0,0,0,0,0,0,0,0,0,0,0,0,0,0,0,0,0,0,0,0,0,0,0,1.88995,1.04714,0.00956425,-2.80768e-05,0.000135501,7.98067e-05,-0.000162555,0.000586328,0.000513316,0,0,0,0,0,0,0,0,0,0,0,0,0,0,0,0,0,0,0,0,0,0,0,0,0,0,0,0,0,0,0,0,0,0,0,0,0,0,0,0,0,0,0,0,0,0,0,0,0,0,0,0,2,0,0,0,0,0,1.2754,0.2468,2.5958,0,0,0,0,0,0,0,-0,0,1.53759,0,0,0,0,0,0,0,0,0,0,0,0,0,0,0,0,0,0,0,0,0,0,0,0,0,0,0,0,0,0,0,0,0
1.95,0,0,0,0,0,0,3.07897,2.02202,-2.58627,-2.44146e-05,0.000125735,-6.43745e-05,-0.000109867,0.000476913,-0.000294042,0,0,0,0,0,0,0,0,0,0,0,0,0,0,0,0,0,0,0,0,0,0,0,0,0,0,0,0,0,0,0,0,0,0,0,0,0,0,0,0,1.88995,1.04714,0.00956425,-2.80768e-05,0.000135501,7.98067e-05,-0.000162555,0.000586328,0.000513316,0,0,0,0,0,0,0,0,0,0,0,0,0,0,0,0,0,0,0,0,0,0,0,0,0,0,0,0,0,0,0,0,0,0,0,0,0,0,0,0,0,0,0,0,0,0,0,0,0,0,0,0,2,0,0,0,0,0,1.3257,0.2971,2.6461,0,0,0,0,0,0,0,-0,0,1.53759,0,0,0,0,0,0,0,0,0,0,0,0,0,0,0,0,0,0,0,0,0,0,0,0,0,0,0,0,0,0,0,0,0
2,0,0,0,0,0,0,3.07897,2.02201,-2.58627,0,-9.27849e-05,6.67654e-05,-2.11942e-05,-0.000451641,0.000360614,0,0,0,0,0,0,0,0,0,0,0,0,0,0,0,0,0,0,0,0,0,0,0,0,0,0,0,0,0,0,0,0,0,0,0,0,0,0,0,0,1.88991,1.04714,0.00972061,-0.000332072,5.49384e-05,0.00156382,-0.00137508,0.000213972,0.00618101,0,0,0,0,0,0,0,0,0,0,0,0,0,0,0,0,0,0,0,0,0,0,0,0,0,0,0,0,0,0,0,0,0,0,0,0,0,0,0,0,0,0,0,0,0,0,0,0,0,0,0,0,2,0,0,0,0,0,1.3257,0.2971,2.6461,0,0,0,0,0,0,0,-0,0,1.53761,0,0,0,0,0,0,0,0,0,0,0,0,0,0,0,0,0,0,0,0,0,0,0,0,0,0,0,0,0,0,0,0,0
2.05,0,0,0,0,0,0,3.07897,2.02201,-2.58627,0,-9.27849e-05,6.67654e-05,-2.11942e-05,-0.000451641,0.000360614,0,0,0,0,0,0,0,0,0,0,0,0,0,0,0,0,0,0,0,0,0,0,0,0,0,0,0,0,0,0,0,0,0,0,0,0,0,0,0,0,1.88991,1.04714,0.00972061,-0.000332072,5.49384e-05,0.00156382,-0.00137508,0.000213972,0.00618101,0,0,0,0,0,0,0,0,0,0,0,0,0,0,0,0,0,0,0,0,0,0,0,0,0,0,0,0,0,0,0,0,0,0,0,0,0,0,0,0,0,0,0,0,0,0,0,0,0,0,0,0,2,0,0,0,0,0,1.3257,0.2971,2.6461,0,0,0,0,0,0,0,-0,0,1.53761,0,0,0,0,0,0,0,0,0,0,0,0,0,0,0,0,0,0,0,0,0,0,0,0,0,0,0,0,0,0,0,0,0
2.1,0,0,0,0,0,0,3.07898,2.022,-2.58629,2.4419e-05,-8.91292e-05,-0.000231313,9.68443e-05,-0.00038228,-0.000885858,0,0,0,0,0,0,0,0,0,0,0,0,0,0,0,0,0,0,0,0,0,0,0,0,0,0,0,0,0,0,0,0,0,0,0,0,0,0,0,0,1.88995,1.04713,0.00961688,0.000335761,-0.000136746,-0.00103754,0.00167858,-0.000687812,-0.00591529,0,0,0,0,0,0,0,0,0,0,0,0,0,0,0,0,0,0,0,0,0,0,0,0,0,0,0,0,0,0,0,0,0,0,0,0,0,0,0,0,0,0,0,0,0,0,0,0,0,0,0,0,2,0,0,0,0,0,1.3257,0.2971,2.6461,0,0,0,0,0,0,0,-0,0,1.53759,0,0,0,0,0,0,0,0,0,0,0,0,0,0,0,0,0,0,0,0,0,0,0,0,0,0,0,0,0,0,0,0,0
2.15,0,0,0,0,0,0,3.07898,2.022,-2.58629,2.4419e-05,-8.91292e-05,-0.000231313,9.68443e-05,-0.00038228,-0.000885858,0,0,0,0,0,0,0,0,0,0,0,0,0,0,0,0,0,0,0,0,0,0,0,0,0,0,0,0,0,0,0,0,0,0,0,0,0,0,0,0,1.88995,1.04713,0.00961688,0.000335761,-0.000136746,-0.00103754,0.00167858,-0.000687812,-0.00591529,0,0,0,0,0,0,0,0,0,0,0,0,0,0,0,0,0,0,0,0,0,0,0,0,0,0,0,0,0,0,0,0,0,0,0,0,0,0,0,0,0,0,0,0,0,0,0,0,0,0,0,0,2,0,0,0,0,0,1.2754,0.2468,2.5959,0,0,0,0,0,0,0,-0,0,1.53759,0,0,0,0,0,0,0,0,0,0,0,0,0,0,0,0,0,0,0,0,0,0,0,0,0,0,0,0,0,0,0,0,0
2.2,0,0,0,0,0,0,3.07897,2.02202,-2.58626,-6.83152e-05,0.000113452,0.000276387,-0.000296436,0.000589321,0.00132804,0,0,0,0,0,0,0,0,0,0,0,0,0,0,0,0,0,0,0,0,0,0,0,0,0,0,0,0,0,0,0,0,0,0,0,0,0,0,0,0,1.88994,1.04714,0.00955359,-3.17177e-05,0.000109792,-0.000632536,-4.70487e-05,0.00045006,-0.00357132,0,0,0,0,0,0,0,0,0,0,0,0,0,0,0,0,0,0,0,0,0,0,0,0,0,0,0,0,0,0,0,0,0,0,0,0,0,0,0,0,0,0,0,0,0,0,0,0,0,0,0,0,2,0,0,0,0,0,1.2754,0.2468,2.5959,0,0,0,0,0,0,0,-0,0,1.53758,0,0,0,0,0,0,0,0,0,0,0,0,0,0,0,0,0,0,0,0,0,0,0,0,0,0,0,0,0,0,0,0,0
2.25,0,0,0,0,0,0,3.07897,2.02202,-2.58626,-6.83152e-05,0.000113452,0.000276387,-0.000296436,0.000589321,0.00132804,0,0,0,0,0,0,0,0,0,0,0,0,0,0,0,0,0,0,0,0,0,0,0,0,0,0,0,0,0,0,0,0,0,0,0,0,0,0,0,0,1.88994,1.04714,0.00955359,-3.17177e-05,0.000109792,-0.000632536,-4.70487e-05,0.00045006,-0.00357132,0,0,0,0,0,0,0,0,0,0,0,0,0,0,0,0,0,0,0,0,0,0,0,0,0,0,0,0,0,0,0,0,0,0,0,0,0,0,0,0,0,0,0,0,0,0,0,0,0,0,0,0,2,0,0,0,0,0,1.2754,0.2468,2.5959,0,0,0,0,0,0,0,-0,0,1.53758,0,0,0,0,0,0,0,0,0,0,0,0,0,0,0,0,0,0,0,0,0,0,0,0,0,0,0,0,0,0,0,0,0
2.3,0,0,0,0,0,0,3.07898,2.02202,-2.58626,6.59748e-05,2.32133e-05,5.48835e-05,0.000305477,0.000124547,0.000211394,0,0,0,0,0,0,0,0,0,0,0,0,0,0,0,0,0,0,0,0,0,0,0,0,0,0,0,0,0,0,0,0,0,0,0,0,0,0,0,0,1.88993,1.04714,0.00956429,-0.000117289,-3.90962e-05,0.000107073,-0.000603621,-0.000170882,0.00112951,0,0,0,0,0,0,0,0,0,0,0,0,0,0,0,0,0,0,0,0,0,0,0,0,0,0,0,0,0,0,0,0,0,0,0,0,0,0,0,0,0,0,0,0,0,0,0,0,0,0,0,0,2,0,0,0,0,0,1.2754,0.2468,2.5959,0,0,0,0,0,0,0,-0,0,1.5376,0,0,0,0,0,0,0,0,0,0,0,0,0,0,0,0,0,0,0,0,0,0,0,0,0,0,0,0,0,0,0,0,0
2.35,0,0,0,0,0,0,3.07898,2.02202,-2.58626,6.59748e-05,2.32133e-05,5.48835e-05,0.000305477,0.000124547,0.000211394,0,0,0,0,0,0,0,0,0,0,0,0,0,0,0,0,0,0,0,0,0,0,0,0,0,0,0,0,0,0,0,0,0,0,0,0,0,0,0,0,1.88993,1.04714,0.00956429,-0.000117289,-3.90962e-05,0.000107073,-0.000603621,-0.000170882,0.00112951,0,0,0,0,0,0,0,0,0,0,0,0,0,0,0,0,0,0,0,0,0,0,0,0,0,0,0,0,0,0,0,0,0,0,0,0,0,0,0,0,0,0,0,0,0,0,0,0,0,0,0,0,2,0,0,0,0,0,1.3383,0.3097,2.6587,0,0,0,0,0,0,0,-0,0,1.5376,0,0,0,0,0,0,0,0,0,0,0,0,0,0,0,0,0,0,0,0,0,0,0,0,0,0,0,0,0,0,0,0,0
2.4,0,0,0,0,0,0,3.07898,2.02201,-2.58629,-7.32414e-06,-0.000107421,-0.000360008,-2.78464e-05,-0.000509981,-0.00168172,0,0,0,0,0,0,0,0,0,0,0,0,0,0,0,0,0,0,0,0,0,0,0,0,0,0,0,0,0,0,0,0,0,0,0,0,0,0,0,0,1.88994,1.04713,0.00956618,0.000115966,-9.64345e-05,1.89336e-05,0.000493936,-0.00041582,0.000962122,0,0,0,0,0,0,0,0,0,0,0,0,0,0,0,0,0,0,0,0,0,0,0,0,0,0,0,0,0,0,0,0,0,0,0,0,0,0,0,0,0,0,0,0,0,0,0,0,0,0,0,0,2,0,0,0,0,0,1.3383,0.3097,2.6587,0,0,0,0,0,0,0,-0,0,1.53759,0,0,0,0,0,0,0,0,0,0,0,0,0,0,0,0,0,0,0,0,0,0,0,0,0,0,0,0,0,0,0,0,0
2.45,0,0,0,0,0,0,3.07898,2.02201,-2.58629,-7.32414e-06,-0.000107421,-0.000360008,-2.78464e-05,-0.000509981,-0.00168172,0,0,0,0,0,0,0,0,0,0,0,0,0,0,0,0,0,0,0,0,0,0,0,0,0,0,0,0,0,0,0,0,0,0,0,0,0,0,0,0,1.88994,1.04713,0.00956618,0.000115966,-9.64345e-05,1.89336e-05,0.000493936,-0.00041582,0.000962122,0,0,0,0,0,0,0,0,0,0,0,0,0,0,0,0,0,0,0,0,0,0,0,0,0,0,0,0,0,0,0,0,0,0,0,0,0,0,0,0,0,0,0,0,0,0,0,0,0,0,0,0,2,0,0,0,0,0,1.3383,0.3097,2.6587,0,0,0,0,0,0,0,-0,0,1.53759,0,0,0,0,0,0,0,0,0,0,0,0,0,0,0,0,0,0,0,0,0,0,0,0,0,0,0,0,0,0,0,0,0
2.5,0,0,0,0,0,0,3.07898,2.02203,-2.58627,2.9294e-05,0.000194073,0.000236011,8.44372e-05,0.000812592,0.00111553,0,0,0,0,0,0,0,0,0,0,0,0,0,0,0,0,0,0,0,0,0,0,0,0,0,0,0,0,0,0,0,0,0,0,0,0,0,0,0,0,1.88995,1.04714,0.00957306,7.68966e-05,0.000108632,6.88272e-05,0.00028911,0.000536613,0.000754436,0,0,0,0,0,0,0,0,0,0,0,0,0,0,0,0,0,0,0,0,0,0,0,0,0,0,0,0,0,0,0,0,0,0,0,0,0,0,0,0,0,0,0,0,0,0,0,0,0,0,0,0,2,0,0,0,0,0,1.3383,0.3097,2.6587,0,0,0,0,0,0,0,-0,0,1.53759,0,0,0,0,0,0,0,0,0,0,0,0,0,0,0,0,0,0,0,0,0,0,0,0,0,0,0,0,0,0,0,0,0
2.55,0,0,0,0,0,0,3.07898,2.02203,-2.58627,2.9294e-05,0.000194073,0.000236011,8.44372e-05,0.000812592,0.00111553,0,0,0,0,0,0,0,0,0,0,0,0,0,0,0,0,0,0,0,0,0,0,0,0,0,0,0,0,0,0,0,0,0,0,0,0,0,0,0,0,1.88995,1.04714,0.00957306,7.68966e-05,0.000108632,6.88272e-05,0.00028911,0.000536613,0.000754436,0,0,0,0,0,0,0,0,0,0,0,0,0,0,0,0,0,0,0,0,0,0,0,0,0,0,0,0,0,0,0,0,0,0,0,0,0,0,0,0,0,0,0,0,0,0,0,0,0,0,0,0,2,0,0,0,0,0,1.2457,0.2171,2.5662,0,0,0,0,0,0,0,-0,0,1.53759,0,0,0,0,0,0,0,0,0,0,0,0,0,0,0,0,0,0,0,0,0,0,0,0,0,0,0,0,0,0,0,0,0
2.6,0,0,0,0,0,0,3.07897,2.02202,-2.58627,-3.90827e-05,-2.80907e-05,-2.38542e-06,-0.00020732,-0.000220854,9.57517e-05,0,0,0,0,0,0,0,0,0,0,0,0,0,0,0,0,0,0,0,0,0,0,0,0,0,0,0,0,0,0,0,0,0,0,0,0,0,0,0,0,1.88995,1.04713,0.00956742,-2.32053e-05,-6.2288e-05,-5.64393e-05,-0.000254132,-0.000231857,-7.56215e-05,0,0,0,0,0,0,0,0,0,0,0,0,0,0,0,0,0,0,0,0,0,0,0,0,0,0,0,0,0,0,0,0,0,0,0,0,0,0,0,0,0,0,0,0,0,0,0,0,0,0,0,0,2,0,0,0,0,0,1.2457,0.2171,2.5662,0,0,0,0,0,0,0,-0,0,1.53759,0,0,0,0,0,0,0,0,0,0,0,0,0,0,0,0,0,0,0,0,0,0,0,0,0,0,0,0,0,0,0,0,0
2.65,0,0,0,0,0,0,3.07897,2.02202,-2.58627,-3.90827e-05,-2.80907e-05,-2.38542e-06,-0.00020732,-0.000220854,9.57517e-05,0,0,0,0,0,0,0,0,0,0,0,0,0,0,0,0,0,0,0,0,0,0,0,0,0,0,0,0,0,0,0,0,0,0,0,0,0,0,0,0,1.88995,1.04713,0.00956742,-2.32053e-05,-6.2288e-05,-5.64393e-05,-0.000254132,-0.000231857,-7.56215e-05,0,0,0,0,0,0,0,0,0,0,0,0,0,0,0,0,0,0,0,0,0,0,0,0,0,0,0,0,0,0,0,0,0,0,0,0,0,0,0,0,0,0,0,0,0,0,0,0,0,0,0,0,2,0,0,0,0,0,1.2457,0.2171,2.5662,0,0,0,0,0,0,0,-0,0,1.53759,0,0,0,0,0,0,0,0,0,0,0,0,0,0,0,0,0,0,0,0,0,0,0,0,0,0,0,0,0,0,0,0,0
2.7,0,0,0,0,0,0,3.07898,2.02201,-2.58626,1.95226e-05,-9.02919e-05,0.000116773,7.01503e-05,-0.000521072,0.000395644,0,0,0,0,0,0,0,0,0,0,0,0,0,0,0,0,0,0,0,0,0,0,0,0,0,0,0,0,0,0,0,0,0,0,0,0,0,0,0,0,1.88994,1.04713,0.00955774,-4.51459e-05,-4.51459e-05,-9.67214e-05,-0.000313819,-0.000174832,-0.000318822,0,0,0,0,0,0,0,0,0,0,0,0,0,0,0,0,0,0,0,0,0,0,0,0,0,0,0,0,0,0,0,0,0,0,0,0,0,0,0,0,0,0,0,0,0,0,0,0,0,0,0,0,2,0,0,0,0,0,1.2457,0.2171,2.5662,0,0,0,0,0,0,0,-0,0,1.5376,0,0,0,0,0,0,0,0,0,0,0,0,0,0,0,0,0,0,0,0,0,0,0,0,0,0,0,0,0,0,0,0,0
2.75,0,0,0,0,0,0,3.07898,2.02201,-2.58626,1.95226e-05,-9.02919e-05,0.000116773,7.01503e-05,-0.000521072,0.000395644,0,0,0,0,0,0,0,0,0,0,0,0,0,0,0,0,0,0,0,0,0,0,0,0,0,0,0,0,0,0,0,0,0,0,0,0,0,0,0,0,1.88994,1.04713,0.00955774,-4.51459e-05,-4.51459e-05,-9.67214e-05,-0.000313819,-0.000174832,-0.000318822,0,0,0,0,0,0,0,0,0,0,0,0,0,0,0,0,0,0,0,0,0,0,0,0,0,0,0,0,0,0,0,0,0,0,0,0,0,0,0,0,0,0,0,0,0,0,0,0,0,0,0,0,2,0,0,0,0,0,1.2754,0.2467,2.5958,0,0,0,0,0,0,0,-0,0,1.5376,0,0,0,0,0,0,0,0,0,0,0,0,0,0,0,0,0,0,0,0,0,0,0,0,0,0,0,0,0,0,0,0,0
2.8,0,0,0,0,0,0,3.07897,2.02202,-2.58627,-5.86226e-05,2.68687e-05,-6.91754e-05,-0.000232569,0.000114762,-0.000465036,0,0,0,0,0,0,0,0,0,0,0,0,0,0,0,0,0,0,0,0,0,0,0,0,0,0,0,0,0,0,0,0,0,0,0,0,0,0,0,0,1.88995,1.04714,0.00956682,3.41966e-05,0.000111139,9.07557e-05,0.000120583,0.000527274,0.000524903,0,0,0,0,0,0,0,0,0,0,0,0,0,0,0,0,0,0,0,0,0,0,0,0,0,0,0,0,0,0,0,0,0,0,0,0,0,0,0,0,0,0,0,0,0,0,0,0,0,0,0,0,2,0,0,0,0,0,1.2754,0.2467,2.5958,0,0,0,0,0,0,0,-0,0,1.53758,0,0,0,0,0,0,0,0,0,0,0,0,0,0,0,0,0,0,0,0,0,0,0,0,0,0,0,0,0,0,0,0,0
2.85,0,0,0,0,0,0,3.07897,2.02202,-2.58627,-5.86226e-05,2.68687e-05,-6.91754e-05,-0.000232569,0.000114762,-0.000465036,0,0,0,0,0,0,0,0,0,0,0,0,0,0,0,0,0,0,0,0,0,0,0,0,0,0,0,0,0,0,0,0,0,0,0,0,0,0,0,0,1.88995,1.04714,0.00956682,3.41966e-05,0.000111139,9.07557e-05,0.000120583,0.000527274,0.000524903,0,0,0,0,0,0,0,0,0,0,0,0,0,0,0,0,0,0,0,0,0,0,0,0,0,0,0,0,0,0,0,0,0,0,0,0,0,0,0,0,0,0,0,0,0,0,0,0,0,0,0,0,2,0,0,0,0,0,1.2754,0.2467,2.5958,0,0,0,0,0,0,0,-0,0,1.53758,0,0,0,0,0,0,0,0,0,0,0,0,0,0,0,0,0,0,0,0,0,0,0,0,0,0,0,0,0,0,0,0,0
2.9,0,0,0,0,0,0,3.07898,2.02203,-2.58625,6.34601e-05,0.000124479,0.000185918,0.000307125,0.000545011,0.000623565,0,0,0,0,0,0,0,0,0,0,0,0,0,0,0,0,0,0,0,0,0,0,0,0,0,0,0,0,0,0,0,0,0,0,0,0,0,0,0,0,1.88995,1.04714,0.0095684,-1.70854e-05,-3.05096e-05,1.58004e-05,-7.36882e-05,-0.000154232,0.000129955,0,0,0,0,0,0,0,0,0,0,0,0,0,0,0,0,0,0,0,0,0,0,0,0,0,0,0,0,0,0,0,0,0,0,0,0,0,0,0,0,0,0,0,0,0,0,0,0,0,0,0,0,2,0,0,0,0,0,1.2754,0.2467,2.5958,0,0,0,0,0,0,0,-0,0,1.5376,0,0,0,0,0,0,0,0,0,0,0,0,0,0,0,0,0,0,0,0,0,0,0,0,0,0,0,0,0,0,0,0,0
2.95,0,0,0,0,0,0,3.07898,2.02203,-2.58625,6.34601e-05,0.000124479,0.000185918,0.000307125,0.000545011,0.000623565,0,0,0,0,0,0,0,0,0,0,0,0,0,0,0,0,0,0,0,0,0,0,0,0,0,0,0,0,0,0,0,0,0,0,0,0,0,0,0,0,1.88995,1.04714,0.0095684,-1.70854e-05,-3.05096e-05,1.58004e-05,-7.36882e-05,-0.000154232,0.000129955,0,0,0,0,0,0,0,0,0,0,0,0,0,0,0,0,0,0,0,0,0,0,0,0,0,0,0,0,0,0,0,0,0,0,0,0,0,0,0,0,0,0,0,0,0,0,0,0,0,0,0,0,2,0,0,0,0,0,1.1862,0.1575,2.5066,0,0,0,0,0,0,0,-0,0,1.5376,0,0,0,0,0,0,0,0,0,0,0,0,0,0,0,0,0,0,0,0,0,0,0,0,0,0,0,0,0,0,0,0,0
3,0,0,0,0,0,0,3.07898,2.02201,-2.58626,9.76574e-06,-0.000192873,-0.000133516,4.28657e-05,-0.000882714,-0.000754791,0,0,0,0,0,0,0,0,0,0,0,0,0,0,0,0,0,0,0,0,0,0,0,0,0,0,0,0,0,0,0,0,0,0,0,0,0,0,0,0,1.88995,1.04713,0.00955697,-1.22072e-06,-6.71394e-05,-0.000114293,-7.1406e-06,-0.000331224,-0.000495297,0,0,0,0,0,0,0,0,0,0,0,0,0,0,0,0,0,0,0,0,0,0,0,0,0,0,0,0,0,0,0,0,0,0,0,0,0,0,0,0,0,0,0,0,0,0,0,0,0,0,0,0,2,0,0,0,0,0,1.1862,0.1575,2.5066,0,0,0,0,0,0,0,-0,0,1.53759,0,0,0,0,0,0,0,0,0,0,0,0,0,0,0,0,0,0,0,0,0,0,0,0,0,0,0,0,0,0,0,0,0
3.05,0,0,0,0,0,0,3.07898,2.02201,-2.58626,9.76574e-06,-0.000192873,-0.000133516,4.28657e-05,-0.000882714,-0.000754791,0,0,0,0,0,0,0,0,0,0,0,0,0,0,0,0,0,0,0,0,0,0,0,0,0,0,0,0,0,0,0,0,0,0,0,0,0,0,0,0,1.88995,1.04713,0.00955697,-1.22072e-06,-6.71394e-05,-0.000114293,-7.1406e-06,-0.000331224,-0.000495297,0,0,0,0,0,0,0,0,0,0,0,0,0,0,0,0,0,0,0,0,0,0,0,0,0,0,0,0,0,0,0,0,0,0,0,0,0,0,0,0,0,0,0,0,0,0,0,0,0,0,0,0,2,0,0,0,0,0,1.1862,0.1575,2.5066,0,0,0,0,0,0,0,-0,0,1.53759,0,0,0,0,0,0,0,0,0,0,0,0,0,0,0,0,0,0,0,0,0,0,0,0,0,0,0,0,0,0,0,0,0
3.1,0,0,0,0,0,0,3.07898,2.02201,-2.58629,9.76753e-06,1.34304e-05,-0.000283773,-1.00049e-05,0.000101132,-0.00124006,0,0,0,0,0,0,0,0,0,0,0,0,0,0,0,0,0,0,0,0,0,0,0,0,0,0,0,0,0,0,0,0,0,0,0,0,0,0,0,0,1.88994,1.04713,0.00955972,-2.68607e-05,-2.56398e-05,2.75353e-05,-9.77326e-05,-5.70112e-05,0.000184702,0,0,0,0,0,0,0,0,0,0,0,0,0,0,0,0,0,0,0,0,0,0,0,0,0,0,0,0,0,0,0,0,0,0,0,0,0,0,0,0,0,0,0,0,0,0,0,0,0,0,0,0,2,0,0,0,0,0,1.1862,0.1575,2.5066,0,0,0,0,0,0,0,-0,0,1.5376,0,0,0,0,0,0,0,0,0,0,0,0,0,0,0,0,0,0,0,0,0,0,0,0,0,0,0,0,0,0,0,0,0
3.15,0,0,0,0,0,0,3.07898,2.02201,-2.58629,9.76753e-06,1.34304e-05,-0.000283773,-1.00049e-05,0.000101132,-0.00124006,0,0,0,0,0,0,0,0,0,0,0,0,0,0,0,0,0,0,0,0,0,0,0,0,0,0,0,0,0,0,0,0,0,0,0,0,0,0,0,0,1.88994,1.04713,0.00955972,-2.68607e-05,-2.56398e-05,2.75353e-05,-9.77326e-05,-5.70112e-05,0.000184702,0,0,0,0,0,0,0,0,0,0,0,0,0,0,0,0,0,0,0,0,0,0,0,0,0,0,0,0,0,0,0,0,0,0,0,0,0,0,0,0,0,0,0,0,0,0,0,0,0,0,0,0,2,0,0,0,0,0,1.2891,0.2606,2.6096,0,0,0,0,0,0,0,-0,0,1.5376,0,0,0,0,0,0,0,0,0,0,0,0,0,0,0,0,0,0,0,0,0,0,0,0,0,0,0,0,0,0,0,0,0
3.2,0,0,0,0,0,0,3.07898,2.02202,-2.58625,-9.7662e-06,6.22595e-05,0.000362418,-9.12107e-05,0.000389001,0.00177159,0,0,0,0,0,0,0,0,0,0,0,0,0,0,0,0,0,0,0,0,0,0,0,0,0,0,0,0,0,0,0,0,0,0,0,0,0,0,0,0,1.88994,1.04713,0.00960365,1.70909e-05,6.95843e-05,0.000439331,0.000104661,0.000383359,0.00184838,0,0,0,0,0,0,0,0,0,0,0,0,0,0,0,0,0,0,0,0,0,0,0,0,0,0,0,0,0,0,0,0,0,0,0,0,0,0,0,0,0,0,0,0,0,0,0,0,0,0,0,0,2,0,0,0,0,0,1.2891,0.2606,2.6096,0,0,0,0,0,0,0,-0,0,1.5376,0,0,0,0,0,0,0,0,0,0,0,0,0,0,0,0,0,0,0,0,0,0,0,0,0,0,0,0,0,0,0,0,0
3.25,0,0,0,0,0,0,3.07898,2.02202,-2.58625,-9.7662e-06,6.22595e-05,0.000362418,-9.12107e-05,0.000389001,0.00177159,0,0,0,0,0,0,0,0,0,0,0,0,0,0,0,0,0,0,0,0,0,0,0,0,0,0,0,0,0,0,0,0,0,0,0,0,0,0,0,0,1.88994,1.04713,0.00960365,1.70909e-05,6.95843e-05,0.000439331,0.000104661,0.000383359,0.00184838,0,0,0,0,0,0,0,0,0,0,0,0,0,0,0,0,0,0,0,0,0,0,0,0,0,0,0,0,0,0,0,0,0,0,0,0,0,0,0,0,0,0,0,0,0,0,0,0,0,0,0,0,2,0,0,0,0,0,1.2891,0.2606,2.6096,0,0,0,0,0,0,0,-0,0,1.5376,0,0,0,0,0,0,0,0,0,0,0,0,0,0,0,0,0,0,0,0,0,0,0,0,0,0,0,0,0,0,0,0,0
3.3,0,0,0,0,0,0,3.07898,2.02201,-2.58627,7.32523e-06,-0.000109878,-0.00017407,2.5303e-06,-0.000415265,-0.000672202,0,0,0,0,0,0,0,0,0,0,0,0,0,0,0,0,0,0,0,0,0,0,0,0,0,0,0,0,0,0,0,0,0,0,0,0,0,0,0,0,1.88994,1.04713,0.00954923,-3.66262e-06,-2.80801e-05,-0.000544285,7.3182e-06,-0.000100436,-0.00259518,0,0,0,0,0,0,0,0,0,0,0,0,0,0,0,0,0,0,0,0,0,0,0,0,0,0,0,0,0,0,0,0,0,0,0,0,0,0,0,0,0,0,0,0,0,0,0,0,0,0,0,0,2,0,0,0,0,0,1.2891,0.2606,2.6096,0,0,0,0,0,0,0,-0,0,1.53759,0,0,0,0,0,0,0,0,0,0,0,0,0,0,0,0,0,0,0,0,0,0,0,0,0,0,0,0,0,0,0,0,0
3.35,0,0,0,0,0,0,3.07898,2.02201,-2.58627,7.32523e-06,-0.000109878,-0.00017407,2.5303e-06,-0.000415265,-0.000672202,0,0,0,0,0,0,0,0,0,0,0,0,0,0,0,0,0,0,0,0,0,0,0,0,0,0,0,0,0,0,0,0,0,0,0,0,0,0,0,0,1.88994,1.04713,0.00954923,-3.66262e-06,-2.80801e-05,-0.000544285,7.3182e-06,-0.000100436,-0.00259518,0,0,0,0,0,0,0,0,0,0,0,0,0,0,0,0,0,0,0,0,0,0,0,0,0,0,0,0,0,0,0,0,0,0,0,0,0,0,0,0,0,0,0,0,0,0,0,0,0,0,0,0,2,0,0,0,0,0,1.2811,0.2524,2.6015,0,0,0,0,0,0,0,-0,0,1.53759,0,0,0,0,0,0,0,0,0,0,0,0,0,0,0,0,0,0,0,0,0,0,0,0,0,0,0,0,0,0,0,0,0
3.4,0,0,0,0,0,0,3.07897,2.02201,-2.58629,-4.63831e-05,2.8074e-05,-0.000193104,-0.000200398,0.00019299,-0.00081051,0,0,0,0,0,0,0,0,0,0,0,0,0,0,0,0,0,0,0,0,0,0,0,0,0,0,0,0,0,0,0,0,0,0,0,0,0,0,0,0,1.88994,1.04713,0.00954173,-4.88242e-05,-3.66181e-06,-7.4984e-05,-0.00018924,-2.82282e-05,-0.000284662,0,0,0,0,0,0,0,0,0,0,0,0,0,0,0,0,0,0,0,0,0,0,0,0,0,0,0,0,0,0,0,0,0,0,0,0,0,0,0,0,0,0,0,0,0,0,0,0,0,0,0,0,2,0,0,0,0,0,1.2811,0.2524,2.6015,0,0,0,0,0,0,0,-0,0,1.53759,0,0,0,0,0,0,0,0,0,0,0,0,0,0,0,0,0,0,0,0,0,0,0,0,0,0,0,0,0,0,0,0,0
3.45,0,0,0,0,0,0,3.07897,2.02201,-2.58629,-4.63831e-05,2.8074e-05,-0.000193104,-0.000200398,0.00019299,-0.00081051,0,0,0,0,0,0,0,0,0,0,0,0,0,0,0,0,0,0,0,0,0,0,0,0,0,0,0,0,0,0,0,0,0,0,0,0,0,0,0,0,1.88994,1.04713,0.00954173,-4.88242e-05,-3.66181e-06,-7.4984e-05,-0.00018924,-2.82282e-05,-0.000284662,0,0,0,0,0,0,0,0,0,0,0,0,0,0,0,0,0,0,0,0,0,0,0,0,0,0,0,0,0,0,0,0,0,0,0,0,0,0,0,0,0,0,0,0,0,0,0,0,0,0,0,0,2,0,0,0,0,0,1.2811,0.2524,2.6015,0,0,0,0,0,0,0,-0,0,1.53759,0,0,0,0,0,0,0,0,0,0,0,0,0,0,0,0,0,0,0,0,0,0,0,0,0,0,0,0,0,0,0,0,0
3.5,0,0,0,0,0,0,3.07897,2.02201,-2.58627,-4.88286e-06,-1.83107e-05,0.000140668,1.80499e-05,1.2858e-05,0.000828373,0,0,0,0,0,0,0,0,0,0,0,0,0,0,0,0,0,0,0,0,0,0,0,0,0,0,0,0,0,0,0,0,0,0,0,0,0,0,0,0,1.88995,1.04713,0.00957169,0.000100098,2.68557e-05,0.000299609,0.000454847,0.000114767,0.00163865,0,0,0,0,0,0,0,0,0,0,0,0,0,0,0,0,0,0,0,0,0,0,0,0,0,0,0,0,0,0,0,0,0,0,0,0,0,0,0,0,0,0,0,0,0,0,0,0,0,0,0,0,2,0,0,0,0,0,1.2811,0.2524,2.6015,0,0,0,0,0,0,0,-0,0,1.53758,0,0,0,0,0,0,0,0,0,0,0,0,0,0,0,0,0,0,0,0,0,0,0,0,0,0,0,0,0,0,0,0,0
3.55,0,0,0,0,0,0,3.07897,2.02201,-2.58627,-4.88286e-06,-1.83107e-05,0.000140668,1.80499e-05,1.2858e-05,0.000828373,0,0,0,0,0,0,0,0,0,0,0,0,0,0,0,0,0,0,0,0,0,0,0,0,0,0,0,0,0,0,0,0,0,0,0,0,0,0,0,0,1.88995,1.04713,0.00957169,0.000100098,2.68557e-05,0.000299609,0.000454847,0.000114767,0.00163865,0,0,0,0,0,0,0,0,0,0,0,0,0,0,0,0,0,0,0,0,0,0,0,0,0,0,0,0,0,0,0,0,0,0,0,0,0,0,0,0,0,0,0,0,0,0,0,0,0,0,0,0,2,0,0,0,0,0,1.2754,0.2468,2.5959,0,0,0,0,0,0,0,-0,0,1.53758,0,0,0,0,0,0,0,0,0,0,0,0,0,0,0,0,0,0,0,0,0,0,0,0,0,0,0,0,0,0,0,0,0
3.6,0,0,0,0,0,0,3.07897,2.02203,-2.58627,-4.88362e-06,0.000170927,4.5307e-05,4.03964e-05,0.000739473,0.000338129,0,0,0,0,0,0,0,0,0,0,0,0,0,0,0,0,0,0,0,0,0,0,0,0,0,0,0,0,0,0,0,0,0,0,0,0,0,0,0,0,1.88995,1.04714,0.00956039,-1.46509e-05,9.27887e-05,-0.000113072,-9.82371e-05,0.000351705,-0.000404771,0,0,0,0,0,0,0,0,0,0,0,0,0,0,0,0,0,0,0,0,0,0,0,0,0,0,0,0,0,0,0,0,0,0,0,0,0,0,0,0,0,0,0,0,0,0,0,0,0,0,0,0,2,0,0,0,0,0,1.2754,0.2468,2.5959,0,0,0,0,0,0,0,-0,0,1.53759,0,0,0,0,0,0,0,0,0,0,0,0,0,0,0,0,0,0,0,0,0,0,0,0,0,0,0,0,0,0,0,0,0
3.65,0,0,0,0,0,0,3.07897,2.02203,-2.58627,-4.88362e-06,0.000170927,4.5307e-05,4.03964e-05,0.000739473,0.000338129,0,0,0,0,0,0,0,0,0,0,0,0,0,0,0,0,0,0,0,0,0,0,0,0,0,0,0,0,0,0,0,0,0,0,0,0,0,0,0,0,1.88995,1.04714,0.00956039,-1.46509e-05,9.27887e-05,-0.000113072,-9.82371e-05,0.000351705,-0.000404771,0,0,0,0,0,0,0,0,0,0,0,0,0,0,0,0,0,0,0,0,0,0,0,0,0,0,0,0,0,0,0,0,0,0,0,0,0,0,0,0,0,0,0,0,0,0,0,0,0,0,0,0,2,0,0,0,0,0,1.2754,0.2468,2.5959,0,0,0,0,0,0,0,-0,0,1.53759,0,0,0,0,0,0,0,0,0,0,0,0,0,0,0,0,0,0,0,0,0,0,0,0,0,0,0,0,0,0,0,0,0
3.7,0,0,0,0,0,0,3.07898,2.02201,-2.58627,3.17355e-05,-0.000180648,2.38398e-06,0.0001736,-0.00086239,-3.48158e-05,0,0,0,0,0,0,0,0,0,0,0,0,0,0,0,0,0,0,0,0,0,0,0,0,0,0,0,0,0,0,0,0,0,0,0,0,0,0,0,0,1.88992,1.04715,0.00971519,-0.00032956,3.2956e-05,0.00154794,-0.00139217,4.21257e-06,0.00611745,0,0,0,0,0,0,0,0,0,0,0,0,0,0,0,0,0,0,0,0,0,0,0,0,0,0,0,0,0,0,0,0,0,0,0,0,0,0,0,0,0,0,0,0,0,0,0,0,0,0,0,0,2,0,0,0,0,0,1.2754,0.2468,2.5959,0,0,0,0,0,0,0,-0,0,1.5376,0,0,0,0,0,0,0,0,0,0,0,0,0,0,0,0,0,0,0,0,0,0,0,0,0,0,0,0,0,0,0,0,0
3.75,0,0,0,0,0,0,3.07898,2.02201,-2.58627,3.17355e-05,-0.000180648,2.38398e-06,0.0001736,-0.00086239,-3.48158e-05,0,0,0,0,0,0,0,0,0,0,0,0,0,0,0,0,0,0,0,0,0,0,0,0,0,0,0,0,0,0,0,0,0,0,0,0,0,0,0,0,1.88992,1.04715,0.00971519,-0.00032956,3.2956e-05,0.00154794,-0.00139217,4.21257e-06,0.00611745,0,0,0,0,0,0,0,0,0,0,0,0,0,0,0,0,0,0,0,0,0,0,0,0,0,0,0,0,0,0,0,0,0,0,0,0,0,0,0,0,0,0,0,0,0,0,0,0,0,0,0,0,2,0,0,0,0,0,1.2753,0.2467,2.5959,0,0,0,0,0,0,0,-0,0,1.5376,0,0,0,0,0,0,0,0,0,0,0,0,0,0,0,0,0,0,0,0,0,0,0,0,0,0,0,0,0,0,0,0,0
3.8,0,0,0,0,0,0,3.07898,2.02201,-2.58631,4.1512e-05,-1.09885e-05,-0.000367236,0.000161314,-5.66556e-05,-0.00154826,0,0,0,0,0,0,0,0,0,0,0,0,0,0,0,0,0,0,0,0,0,0,0,0,0,0,0,0,0,0,0,0,0,0,0,0,0,0,0,0,1.88994,1.04713,0.00960683,0.00028448,-0.000137967,-0.00108387,0.0014426,-0.000727479,-0.00596064,0,0,0,0,0,0,0,0,0,0,0,0,0,0,0,0,0,0,0,0,0,0,0,0,0,0,0,0,0,0,0,0,0,0,0,0,0,0,0,0,0,0,0,0,0,0,0,0,0,0,0,0,2,0,0,0,0,0,1.2753,0.2467,2.5959,0,0,0,0,0,0,0,-0,0,1.53759,0,0,0,0,0,0,0,0,0,0,0,0,0,0,0,0,0,0,0,0,0,0,0,0,0,0,0,0,0,0,0,0,0
3.85,0,0,0,0,0,0,3.07898,2.02201,-2.58631,4.1512e-05,-1.09885e-05,-0.000367236,0.000161314,-5.66556e-05,-0.00154826,0,0,0,0,0,0,0,0,0,0,0,0,0,0,0,0,0,0,0,0,0,0,0,0,0,0,0,0,0,0,0,0,0,0,0,0,0,0,0,0,1.88994,1.04713,0.00960683,0.00028448,-0.000137967,-0.00108387,0.0014426,-0.000727479,-0.00596064,0,0,0,0,0,0,0,0,0,0,0,0,0,0,0,0,0,0,0,0,0,0,0,0,0,0,0,0,0,0,0,0,0,0,0,0,0,0,0,0,0,0,0,0,0,0,0,0,0,0,0,0,2,0,0,0,0,0,1.2753,0.2467,2.5959,0,0,0,0,0,0,0,-0,0,1.53759,0,0,0,0,0,0,0,0,0,0,0,0,0,0,0,0,0,0,0,0,0,0,0,0,0,0,0,0,0,0,0,0,0
3.9,0,0,0,0,0,0,3.07898,2.02202,-2.58626,-4.88451e-05,0.000142872,0.000484158,-0.00026581,0.000689774,0.00226715,0,0,0,0,0,0,0,0,0,0,0,0,0,0,0,0,0,0,0,0,0,0,0,0,0,0,0,0,0,0,0,0,0,0,0,0,0,0,0,0,1.88994,1.04714,0.00956409,1.34324e-05,5.86141e-05,-0.000427486,0.000167005,0.000249542,-0.00259155,0,0,0,0,0,0,0,0,0,0,0,0,0,0,0,0,0,0,0,0,0,0,0,0,0,0,0,0,0,0,0,0,0,0,0,0,0,0,0,0,0,0,0,0,0,0,0,0,0,0,0,0,2,0,0,0,0,0,1.2753,0.2467,2.5959,0,0,0,0,0,0,0,-0,0,1.53759,0,0,0,0,0,0,0,0,0,0,0,0,0,0,0,0,0,0,0,0,0,0,0,0,0,0,0,0,0,0,0,0,0
3.95,0,0,0,0,0,0,3.07898,2.02202,-2.58626,-4.88451e-05,0.000142872,0.000484158,-0.00026581,0.000689774,0.00226715,0,0,0,0,0,0,0,0,0,0,0,0,0,0,0,0,0,0,0,0,0,0,0,0,0,0,0,0,0,0,0,0,0,0,0,0,0,0,0,0,1.88994,1.04714,0.00956409,1.34324e-05,5.86141e-05,-0.000427486,0.000167005,0.000249542,-0.00259155,0,0,0,0,0,0,0,0,0,0,0,0,0,0,0,0,0,0,0,0,0,0,0,0,0,0,0,0,0,0,0,0,0,0,0,0,0,0,0,0,0,0,0,0,0,0,0,0,0,0,0,0,2,0,0,0,0,0,1.3304,0.3018,2.6508,0,0,0,0,0,0,0,-0,0,1.53759,0,0,0,0,0,0,0,0,0,0,0,0,0,0,0,0,0,0,0,0,0,0,0,0,0,0,0,0,0,0,0,0,0
4,0,0,0,0,0,0,3.07898,2.02202,-2.58627,3.41787e-05,-2.31927e-05,-7.39076e-05,0.000114265,-0.000148194,-0.00035159,0,0,0,0,0,0,0,0,0,0,0,0,0,0,0,0,0,0,0,0,0,0,0,0,0,0,0,0,0,0,0,0,0,0,0,0,0,0,0,0,1.88994,1.04713,0.00955386,-3.90614e-05,-2.31927e-05,-0.000102377,-0.000282162,-4.47136e-05,0.000198693,0,0,0,0,0,0,0,0,0,0,0,0,0,0,0,0,0,0,0,0,0,0,0,0,0,0,0,0,0,0,0,0,0,0,0,0,0,0,0,0,0,0,0,0,0,0,0,0,0,0,0,0,2,0,0,0,0,0,1.3304,0.3018,2.6508,0,0,0,0,0,0,0,-0,0,1.5376,0,0,0,0,0,0,0,0,0,0,0,0,0,0,0,0,0,0,0,0,0,0,0,0,0,0,0,0,0,0,0,0,0
4.05,0,0,0,0,0,0,3.07898,2.02202,-2.58627,3.41787e-05,-2.31927e-05,-7.39076e-05,0.000114265,-0.000148194,-0.00035159,0,0,0,0,0,0,0,0,0,0,0,0,0,0,0,0,0,0,0,0,0,0,0,0,0,0,0,0,0,0,0,0,0,0,0,0,0,0,0,0,1.88994,1.04713,0.00955386,-3.90614e-05,-2.31927e-05,-0.000102377,-0.000282162,-4.47136e-05,0.000198693,0,0,0,0,0,0,0,0,0,0,0,0,0,0,0,0,0,0,0,0,0,0,0,0,0,0,0,0,0,0,0,0,0,0,0,0,0,0,0,0,0,0,0,0,0,0,0,0,0,0,0,0,2,0,0,0,0,0,1.3304,0.3018,2.6508,0,0,0,0,0,0,0,-0,0,1.5376,0,0,0,0,0,0,0,0,0,0,0,0,0,0,0,0,0,0,0,0,0,0,0,0,0,0,0,0,0,0,0,0,0
4.1,0,0,0,0,0,0,3.07898,2.02201,-2.58628,4.88145e-06,-4.27126e-05,-0.000114409,2.99155e-06,-0.000280433,-0.0007275,0,0,0,0,0,0,0,0,0,0,0,0,0,0,0,0,0,0,0,0,0,0,0,0,0,0,0,0,0,0,0,0,0,0,0,0,0,0,0,0,1.88994,1.04714,0.00955123,-4.88145e-06,3.66108e-06,-2.6228e-05,-9.36424e-05,4.06219e-05,0.000801398,0,0,0,0,0,0,0,0,0,0,0,0,0,0,0,0,0,0,0,0,0,0,0,0,0,0,0,0,0,0,0,0,0,0,0,0,0,0,0,0,0,0,0,0,0,0,0,0,0,0,0,0,2,0,0,0,0,0,1.3304,0.3018,2.6508,0,0,0,0,0,0,0,-0,0,1.5376,0,0,0,0,0,0,0,0,0,0,0,0,0,0,0,0,0,0,0,0,0,0,0,0,0,0,0,0,0,0,0,0,0
4.15,0,0,0,0,0,0,3.07898,2.02201,-2.58628,4.88145e-06,-4.27126e-05,-0.000114409,2.99155e-06,-0.000280433,-0.0007275,0,0,0,0,0,0,0,0,0,0,0,0,0,0,0,0,0,0,0,0,0,0,0,0,0,0,0,0,0,0,0,0,0,0,0,0,0,0,0,0,1.88994,1.04714,0.00955123,-4.88145e-06,3.66108e-06,-2.6228e-05,-9.36424e-05,4.06219e-05,0.000801398,0,0,0,0,0,0,0,0,0,0,0,0,0,0,0,0,0,0,0,0,0,0,0,0,0,0,0,0,0,0,0,0,0,0,0,0,0,0,0,0,0,0,0,0,0,0,0,0,0,0,0,0,2,0,0,0,0,0,1.3354,0.3068,2.6558,0,0,0,0,0,0,0,-0,0,1.5376,0,0,0,0,0,0,0,0,0,0,0,0,0,0,0,0,0,0,0,0,0,0,0,0,0,0,0,0,0,0,0,0,0
4.2,0,0,0,0,0,0,3.07898,2.02201,-2.58627,2.44192e-06,2.44192e-06,0.00011685,-2.30139e-05,-5.80995e-06,0.000436462,0,0,0,0,0,0,0,0,0,0,0,0,0,0,0,0,0,0,0,0,0,0,0,0,0,0,0,0,0,0,0,0,0,0,0,0,0,0,0,0,1.88995,1.04713,0.00956675,7.81416e-05,-2.19773e-05,0.000155182,0.00030102,-6.6507e-05,0.00128761,0,0,0,0,0,0,0,0,0,0,0,0,0,0,0,0,0,0,0,0,0,0,0,0,0,0,0,0,0,0,0,0,0,0,0,0,0,0,0,0,0,0,0,0,0,0,0,0,0,0,0,0,2,0,0,0,0,0,1.3354,0.3068,2.6558,0,0,0,0,0,0,0,-0,0,1.53759,0,0,0,0,0,0,0,0,0,0,0,0,0,0,0,0,0,0,0,0,0,0,0,0,0,0,0,0,0,0,0,0,0
4.25,0,0,0,0,0,0,3.07898,2.02201,-2.58627,2.44192e-06,2.44192e-06,0.00011685,-2.30139e-05,-5.80995e-06,0.000436462,0,0,0,0,0,0,0,0,0,0,0,0,0,0,0,0,0,0,0,0,0,0,0,0,0,0,0,0,0,0,0,0,0,0,0,0,0,0,0,0,1.88995,1.04713,0.00956675,7.81416e-05,-2.19773e-05,0.000155182,0.00030102,-6.6507e-05,0.00128761,0,0,0,0,0,0,0,0,0,0,0,0,0,0,0,0,0,0,0,0,0,0,0,0,0,0,0,0,0,0,0,0,0,0,0,0,0,0,0,0,0,0,0,0,0,0,0,0,0,0,0,0,2,0,0,0,0,0,1.3354,0.3068,2.6558,0,0,0,0,0,0,0,-0,0,1.53759,0,0,0,0,0,0,0,0,0,0,0,0,0,0,0,0,0,0,0,0,0,0,0,0,0,0,0,0,0,0,0,0,0
4.3,0,0,0,0,0,0,3.07898,2.02201,-2.58625,-1.70944e-05,-2.44205e-06,0.000119241,-9.5395e-05,1.41533e-05,0.00042918,0,0,0,0,0,0,0,0,0,0,0,0,0,0,0,0,0,0,0,0,0,0,0,0,0,0,0,0,0,0,0,0,0,0,0,0,0,0,0,0,1.88995,1.04713,0.00957679,3.78518e-05,-5.25041e-05,0.000100479,7.32124e-05,-0.000176415,0.000620469,0,0,0,0,0,0,0,0,0,0,0,0,0,0,0,0,0,0,0,0,0,0,0,0,0,0,0,0,0,0,0,0,0,0,0,0,0,0,0,0,0,0,0,0,0,0,0,0,0,0,0,0,2,0,0,0,0,0,1.3354,0.3068,2.6558,0,0,0,0,0,0,0,-0,0,1.53759,0,0,0,0,0,0,0,0,0,0,0,0,0,0,0,0,0,0,0,0,0,0,0,0,0,0,0,0,0,0,0,0,0
4.35,0,0,0,0,0,0,3.07898,2.02201,-2.58625,-1.70944e-05,-2.44205e-06,0.000119241,-9.5395e-05,1.41533e-05,0.00042918,0,0,0,0,0,0,0,0,0,0,0,0,0,0,0,0,0,0,0,0,0,0,0,0,0,0,0,0,0,0,0,0,0,0,0,0,0,0,0,0,1.88995,1.04713,0.00957679,3.78518e-05,-5.25041e-05,0.000100479,7.32124e-05,-0.000176415,0.000620469,0,0,0,0,0,0,0,0,0,0,0,0,0,0,0,0,0,0,0,0,0,0,0,0,0,0,0,0,0,0,0,0,0,0,0,0,0,0,0,0,0,0,0,0,0,0,0,0,0,0,0,0,2,0,0,0,0,0,1.2754,0.2467,2.5958,0,0,0,0,0,0,0,-0,0,1.53759,0,0,0,0,0,0,0,0,0,0,0,0,0,0,0,0,0,0,0,0,0,0,0,0,0,0,0,0,0,0,0,0,0
4.4,0,0,0,0,0,0,3.07898,2.02203,-2.58629,-2.44129e-06,0.000126947,-0.000364764,-8.54004e-06,0.000528214,-0.0016772,0,0,0,0,0,0,0,0,0,0,0,0,0,0,0,0,0,0,0,0,0,0,0,0,0,0,0,0,0,0,0,0,0,0,0,0,0,0,0,0,1.88994,1.04714,0.00954849,-8.6666e-05,7.81215e-05,-0.000283063,-0.000484409,0.000401114,-0.00125025,0,0,0,0,0,0,0,0,0,0,0,0,0,0,0,0,0,0,0,0,0,0,0,0,0,0,0,0,0,0,0,0,0,0,0,0,0,0,0,0,0,0,0,0,0,0,0,0,0,0,0,0,2,0,0,0,0,0,1.2754,0.2467,2.5958,0,0,0,0,0,0,0,-0,0,1.5376,0,0,0,0,0,0,0,0,0,0,0,0,0,0,0,0,0,0,0,0,0,0,0,0,0,0,0,0,0,0,0,0,0
4.45,0,0,0,0,0,0,3.07898,2.02203,-2.58629,-2.44129e-06,0.000126947,-0.000364764,-8.54004e-06,0.000528214,-0.0016772,0,0,0,0,0,0,0,0,0,0,0,0,0,0,0,0,0,0,0,0,0,0,0,0,0,0,0,0,0,0,0,0,0,0,0,0,0,0,0,0,1.88994,1.04714,0.00954849,-8.6666e-05,7.81215e-05,-0.000283063,-0.000484409,0.000401114,-0.00125025,0,0,0,0,0,0,0,0,0,0,0,0,0,0,0,0,0,0,0,0,0,0,0,0,0,0,0,0,0,0,0,0,0,0,0,0,0,0,0,0,0,0,0,0,0,0,0,0,0,0,0,0,2,0,0,0,0,0,1.2754,0.2467,2.5958,0,0,0,0,0,0,0,-0,0,1.5376,0,0,0,0,0,0,0,0,0,0,0,0,0,0,0,0,0,0,0,0,0,0,0,0,0,0,0,0,0,0,0,0,0
4.5,0,0,0,0,0,0,3.07897,2.02203,-2.58628,-3.17426e-05,4.88348e-06,8.58424e-05,-0.000110446,-0.000101031,0.000508413,0,0,0,0,0,0,0,0,0,0,0,0,0,0,0,0,0,0,0,0,0,0,0,0,0,0,0,0,0,0,0,0,0,0,0,0,0,0,0,0,1.88995,1.04713,0.00956836,4.39513e-05,-0.000101332,0.000198818,0.000155588,-0.000398038,0.0009216,0,0,0,0,0,0,0,0,0,0,0,0,0,0,0,0,0,0,0,0,0,0,0,0,0,0,0,0,0,0,0,0,0,0,0,0,0,0,0,0,0,0,0,0,0,0,0,0,0,0,0,0,2,0,0,0,0,0,1.2754,0.2467,2.5958,0,0,0,0,0,0,0,-0,0,1.5376,0,0,0,0,0,0,0,0,0,0,0,0,0,0,0,0,0,0,0,0,0,0,0,0,0,0,0,0,0,0,0,0,0
4.55,0,0,0,0,0,0,3.07897,2.02203,-2.58628,-3.17426e-05,4.88348e-06,8.58424e-05,-0.000110446,-0.000101031,0.000508413,0,0,0,0,0,0,0,0,0,0,0,0,0,0,0,0,0,0,0,0,0,0,0,0,0,0,0,0,0,0,0,0,0,0,0,0,0,0,0,0,1.88995,1.04713,0.00956836,4.39513e-05,-0.000101332,0.000198818,0.000155588,-0.000398038,0.0009216,0,0,0,0,0,0,0,0,0,0,0,0,0,0,0,0,0,0,0,0,0,0,0,0,0,0,0,0,0,0,0,0,0,0,0,0,0,0,0,0,0,0,0,0,0,0,0,0,0,0,0,0,2,0,0,0,0,0,1.2754,0.2468,2.5959,0,0,0,0,0,0,0,-0,0,1.5376,0,0,0,0,0,0,0,0,0,0,0,0,0,0,0,0,0,0,0,0,0,0,0,0,0,0,0,0,0,0,0,0,0
4.6,0,0,0,0,0,0,3.07898,2.02203,-2.58629,4.63899e-05,6.10393e-05,-0.000131139,0.000232076,7.85621e-05,-0.000265905,0,0,0,0,0,0,0,0,0,0,0,0,0,0,0,0,0,0,0,0,0,0,0,0,0,0,0,0,0,0,0,0,0,0,0,0,0,0,0,0,1.88995,1.04713,0.00954721,7.32471e-06,7.56887e-05,-0.000211592,3.37008e-05,0.000360138,-0.000792518,0,0,0,0,0,0,0,0,0,0,0,0,0,0,0,0,0,0,0,0,0,0,0,0,0,0,0,0,0,0,0,0,0,0,0,0,0,0,0,0,0,0,0,0,0,0,0,0,0,0,0,0,2,0,0,0,0,0,1.2754,0.2468,2.5959,0,0,0,0,0,0,0,-0,0,1.5376,0,0,0,0,0,0,0,0,0,0,0,0,0,0,0,0,0,0,0,0,0,0,0,0,0,0,0,0,0,0,0,0,0
4.65,0,0,0,0,0,0,3.07898,2.02203,-2.58629,4.63899e-05,6.10393e-05,-0.000131139,0.000232076,7.85621e-05,-0.000265905,0,0,0,0,0,0,0,0,0,0,0,0,0,0,0,0,0,0,0,0,0,0,0,0,0,0,0,0,0,0,0,0,0,0,0,0,0,0,0,0,1.88995,1.04713,0.00954721,7.32471e-06,7.56887e-05,-0.000211592,3.37008e-05,0.000360138,-0.000792518,0,0,0,0,0,0,0,0,0,0,0,0,0,0,0,0,0,0,0,0,0,0,0,0,0,0,0,0,0,0,0,0,0,0,0,0,0,0,0,0,0,0,0,0,0,0,0,0,0,0,0,0,2,0,0,0,0,0,1.2754,0.2468,2.5959,0,0,0,0,0,0,0,-0,0,1.5376,0,0,0,0,0,0,0,0,0,0,0,0,0,0,0,0,0,0,0,0,0,0,0,0,0,0,0,0,0,0,0,0,0
4.7,0,0,0,0,0,0,3.07898,2.02202,-2.58627,-1.22053e-05,-0.000163551,0.000257455,-4.84202e-05,-0.000825937,0.00128827,0,0,0,0,0,0,0,0,0,0,0,0,0,0,0,0,0,0,0,0,0,0,0,0,0,0,0,0,0,0,0,0,0,0,0,0,0,0,0,0,1.88994,1.04713,0.00956401,-4.02774e-05,6.10263e-06,0.000167986,-0.000186474,4.08221e-05,0.000808827,0,0,0,0,0,0,0,0,0,0,0,0,0,0,0,0,0,0,0,0,0,0,0,0,0,0,0,0,0,0,0,0,0,0,0,0,0,0,0,0,0,0,0,0,0,0,0,0,0,0,0,0,2,0,0,0,0,0,1.2754,0.2468,2.5959,0,0,0,0,0,0,0,-0,0,1.53759,0,0,0,0,0,0,0,0,0,0,0,0,0,0,0,0,0,0,0,0,0,0,0,0,0,0,0,0,0,0,0,0,0
4.75,0,0,0,0,0,0,3.07898,2.02202,-2.58627,-1.22053e-05,-0.000163551,0.000257455,-4.84202e-05,-0.000825937,0.00128827,0,0,0,0,0,0,0,0,0,0,0,0,0,0,0,0,0,0,0,0,0,0,0,0,0,0,0,0,0,0,0,0,0,0,0,0,0,0,0,0,1.88994,1.04713,0.00956401,-4.02774e-05,6.10263e-06,0.000167986,-0.000186474,4.08221e-05,0.000808827,0,0,0,0,0,0,0,0,0,0,0,0,0,0,0,0,0,0,0,0,0,0,0,0,0,0,0,0,0,0,0,0,0,0,0,0,0,0,0,0,0,0,0,0,0,0,0,0,0,0,0,0,2,0,0,0,0,0,1.2234,0.1948,2.5438,0,0,0,0,0,0,0,-0,0,1.53759,0,0,0,0,0,0,0,0,0,0,0,0,0,0,0,0,0,0,0,0,0,0,0,0,0,0,0,0,0,0,0,0,0
4.8,0,0,0,0,0,0,3.07898,2.02202,-2.58627,1.46546e-05,3.66365e-05,4.77038e-06,4.02892e-05,0.00018162,-2.59063e-05,0,0,0,0,0,0,0,0,0,0,0,0,0,0,0,0,0,0,0,0,0,0,0,0,0,0,0,0,0,0,0,0,0,0,0,0,0,0,0,0,1.88995,1.04714,0.00956475,6.35034e-05,4.51851e-05,7.47236e-06,0.000272919,0.00013744,6.09347e-05,0,0,0,0,0,0,0,0,0,0,0,0,0,0,0,0,0,0,0,0,0,0,0,0,0,0,0,0,0,0,0,0,0,0,0,0,0,0,0,0,0,0,0,0,0,0,0,0,0,0,0,0,2,0,0,0,0,0,1.2234,0.1948,2.5438,0,0,0,0,0,0,0,-0,0,1.53759,0,0,0,0,0,0,0,0,0,0,0,0,0,0,0,0,0,0,0,0,0,0,0,0,0,0,0,0,0,0,0,0,0
4.85,0,0,0,0,0,0,3.07898,2.02202,-2.58627,1.46546e-05,3.66365e-05,4.77038e-06,4.02892e-05,0.00018162,-2.59063e-05,0,0,0,0,0,0,0,0,0,0,0,0,0,0,0,0,0,0,0,0,0,0,0,0,0,0,0,0,0,0,0,0,0,0,0,0,0,0,0,0,1.88995,1.04714,0.00956475,6.35034e-05,4.51851e-05,7.47236e-06,0.000272919,0.00013744,6.09347e-05,0,0,0,0,0,0,0,0,0,0,0,0,0,0,0,0,0,0,0,0,0,0,0,0,0,0,0,0,0,0,0,0,0,0,0,0,0,0,0,0,0,0,0,0,0,0,0,0,0,0,0,0,2,0,0,0,0,0,1.2234,0.1948,2.5438,0,0,0,0,0,0,0,-0,0,1.53759,0,0,0,0,0,0,0,0,0,0,0,0,0,0,0,0,0,0,0,0,0,0,0,0,0,0,0,0,0,0,0,0,0
4.9,0,0,0,0,0,0,3.07898,2.02202,-2.58635,4.39382e-05,-5.37022e-05,-0.000810491,0.000153231,-0.000115531,-0.00345105,0,0,0,0,0,0,0,0,0,0,0,0,0,0,0,0,0,0,0,0,0,0,0,0,0,0,0,0,0,0,0,0,0,0,0,0,0,0,0,0,1.88996,1.04713,0.00962174,4.75995e-05,-9.39785e-05,0.000569772,0.000162583,-0.000460412,0.00218227,0,0,0,0,0,0,0,0,0,0,0,0,0,0,0,0,0,0,0,0,0,0,0,0,0,0,0,0,0,0,0,0,0,0,0,0,0,0,0,0,0,0,0,0,0,0,0,0,0,0,0,0,2,0,0,0,0,0,1.2234,0.1948,2.5438,0,0,0,0,0,0,0,-0,0,1.53759,0,0,0,0,0,0,0,0,0,0,0,0,0,0,0,0,0,0,0,0,0,0,0,0,0,0,0,0,0,0,0,0,0
4.95,0,0,0,0,0,0,3.07898,2.02202,-2.58635,4.39382e-05,-5.37022e-05,-0.000810491,0.000153231,-0.000115531,-0.00345105,0,0,0,0,0,0,0,0,0,0,0,0,0,0,0,0,0,0,0,0,0,0,0,0,0,0,0,0,0,0,0,0,0,0,0,0,0,0,0,0,1.88996,1.04713,0.00962174,4.75995e-05,-9.39785e-05,0.000569772,0.000162583,-0.000460412,0.00218227,0,0,0,0,0,0,0,0,0,0,0,0,0,0,0,0,0,0,0,0,0,0,0,0,0,0,0,0,0,0,0,0,0,0,0,0,0,0,0,0,0,0,0,0,0,0,0,0,0,0,0,0,2,0,0,0,0,0,1.2732,0.2447,2.5938,0,0,0,0,0,0,0,-0,0,1.53759,0,0,0,0,0,0,0,0,0,0,0,0,0,0,0,0,0,0,0,0,0,0,0,0,0,0,0,0,0,0,0,0,0
5,0,0,0,0,0,0,3.07898,2.02201,-2.58633,-1.95345e-05,-1.46509e-05,0.000209843,-0.000146361,4.64866e-05,0.00154175,0,0,0,0,0,0,0,0,0,0,0,0,0,0,0,0,0,0,0,0,0,0,0,0,0,0,0,0,0,0,0,0,0,0,0,0,0,0,0,0,1.88995,1.04713,0.00955297,-7.81383e-05,1.95346e-05,-0.000687852,-0.000419776,9.62432e-05,-0.00342804,0,0,0,0,0,0,0,0,0,0,0,0,0,0,0,0,0,0,0,0,0,0,0,0,0,0,0,0,0,0,0,0,0,0,0,0,0,0,0,0,0,0,0,0,0,0,0,0,0,0,0,0,2,0,0,0,0,0,1.2732,0.2447,2.5938,0,0,0,0,0,0,0,-0,0,1.53759,0,0,0,0,0,0,0,0,0,0,0,0,0,0,0,0,0,0,0,0,0,0,0,0,0,0,0,0,0,0,0,0,0
5.05,0,0,0,0,0,0,3.07898,2.02201,-2.58633,-1.95345e-05,-1.46509e-05,0.000209843,-0.000146361,4.64866e-05,0.00154175,0,0,0,0,0,0,0,0,0,0,0,0,0,0,0,0,0,0,0,0,0,0,0,0,0,0,0,0,0,0,0,0,0,0,0,0,0,0,0,0,1.88995,1.04713,0.00955297,-7.81383e-05,1.95346e-05,-0.000687852,-0.000419776,9.62432e-05,-0.00342804,0,0,0,0,0,0,0,0,0,0,0,0,0,0,0,0,0,0,0,0,0,0,0,0,0,0,0,0,0,0,0,0,0,0,0,0,0,0,0,0,0,0,0,0,0,0,0,0,0,0,0,0,2,0,0,0,0,0,1.2732,0.2447,2.5938,0,0,0,0,0,0,0,-0,0,1.53759,0,0,0,0,0,0,0,0,0,0,0,0,0,0,0,0,0,0,0,0,0,0,0,0,0,0,0,0,0,0,0,0,0
5.1,0,0,0,0,0,0,3.07898,2.02201,-2.58633,-1.95345e-05,-1.46509e-05,0.000209843,-0.000146361,4.64866e-05,0.00154175,0,0,0,0,0,0,0,0,0,0,0,0,0,0,0,0,0,0,0,0,0,0,0,0,0,0,0,0,0,0,0,0,0,0,0,0,0,0,0,0,1.88995,1.04713,0.00955297,-7.81383e-05,1.95346e-05,-0.000687852,-0.000419776,9.62432e-05,-0.00342804,0,0,0,0,0,0,0,0,0,0,0,0,0,0,0,0,0,0,0,0,0,0,0,0,0,0,0,0,0,0,0,0,0,0,0,0,0,0,0,0,0,0,0,0,0,0,0,0,0,0,0,0,2,0,0,0,0,0,1.2732,0.2447,2.5938,0,0,0,0,0,0,0,-0,0,1.53759,0,0,0,0,0,0,0,0,0,0,0,0,0,0,0,0,0,0,0,0,0,0,0,0,0,0,0,0,0,0,0,0,0
5.15,0,0,0,0,0,0,3.07899,2.02203,-2.58629,3.90624e-05,0.000113525,0.000343322,0.00010571,0.000561986,0.00213477,0,0,0,0,0,0,0,0,0,0,0,0,0,0,0,0,0,0,0,0,0,0,0,0,0,0,0,0,0,0,0,0,0,0,0,0,0,0,0,0,1.88994,1.04713,0.00954908,-3.90624e-05,1.46484e-05,-3.89013e-05,-0.000174757,0.000113597,-0.00022482,0,0,0,0,0,0,0,0,0,0,0,0,0,0,0,0,0,0,0,0,0,0,0,0,0,0,0,0,0,0,0,0,0,0,0,0,0,0,0,0,0,0,0,0,0,0,0,0,0,0,0,0,2,0,0,0,0,0,1.2238,0.1952,2.5443,0,0,0,0,0,0,0,-0,0,1.53761,0,0,0,0,0,0,0,0,0,0,0,0,0,0,0,0,0,0,0,0,0,0,0,0,0,0,0,0,0,0,0,0,0
5.2,0,0,0,0,0,0,3.07899,2.02203,-2.58629,3.90624e-05,0.000113525,0.000343322,0.00010571,0.000561986,0.00213477,0,0,0,0,0,0,0,0,0,0,0,0,0,0,0,0,0,0,0,0,0,0,0,0,0,0,0,0,0,0,0,0,0,0,0,0,0,0,0,0,1.88994,1.04713,0.00954908,-3.90624e-05,1.46484e-05,-3.89013e-05,-0.000174757,0.000113597,-0.00022482,0,0,0,0,0,0,0,0,0,0,0,0,0,0,0,0,0,0,0,0,0,0,0,0,0,0,0,0,0,0,0,0,0,0,0,0,0,0,0,0,0,0,0,0,0,0,0,0,0,0,0,0,2,0,0,0,0,0,1.2238,0.1952,2.5443,0,0,0,0,0,0,0,-0,0,1.53761,0,0,0,0,0,0,0,0,0,0,0,0,0,0,0,0,0,0,0,0,0,0,0,0,0,0,0,0,0,0,0,0,0
5.25,0,0,0,0,0,0,3.07898,2.02201,-2.5863,-4.15078e-05,-0.000120861,-8.82231e-05,-0.00022435,-0.000529341,-0.00036232,0,0,0,0,0,0,0,0,0,0,0,0,0,0,0,0,0,0,0,0,0,0,0,0,0,0,0,0,0,0,0,0,0,0,0,0,0,0,0,0,1.88995,1.04713,0.00957513,0.000106211,-1.58706e-05,0.000260552,0.000508716,-5.13903e-05,0.00149517,0,0,0,0,0,0,0,0,0,0,0,0,0,0,0,0,0,0,0,0,0,0,0,0,0,0,0,0,0,0,0,0,0,0,0,0,0,0,0,0,0,0,0,0,0,0,0,0,0,0,0,0,2,0,0,0,0,0,1.2238,0.1952,2.5443,0,0,0,0,0,0,0,-0,0,1.53759,0,0,0,0,0,0,0,0,0,0,0,0,0,0,0,0,0,0,0,0,0,0,0,0,0,0,0,0,0,0,0,0,0
5.3,0,0,0,0,0,0,3.07898,2.02202,-2.58634,-2.6863e-05,6.59364e-05,-0.00040304,-0.000120873,0.000280808,-0.0018134,0,0,0,0,0,0,0,0,0,0,0,0,0,0,0,0,0,0,0,0,0,0,0,0,0,0,0,0,0,0,0,0,0,0,0,0,0,0,0,0,1.88994,1.04714,0.00956146,-0.000106231,4.39576e-05,-0.000136738,-0.000450857,0.000185861,-0.000456808,0,0,0,0,0,0,0,0,0,0,0,0,0,0,0,0,0,0,0,0,0,0,0,0,0,0,0,0,0,0,0,0,0,0,0,0,0,0,0,0,0,0,0,0,0,0,0,0,0,0,0,0,2,0,0,0,0,0,1.2238,0.1952,2.5443,0,0,0,0,0,0,0,-0,0,1.5376,0,0,0,0,0,0,0,0,0,0,0,0,0,0,0,0,0,0,0,0,0,0,0,0,0,0,0,0,0,0,0,0,0
5.35,0,0,0,0,0,0,3.07898,2.02202,-2.58634,-2.6863e-05,6.59364e-05,-0.00040304,-0.000120873,0.000280808,-0.0018134,0,0,0,0,0,0,0,0,0,0,0,0,0,0,0,0,0,0,0,0,0,0,0,0,0,0,0,0,0,0,0,0,0,0,0,0,0,0,0,0,1.88994,1.04714,0.00956146,-0.000106231,4.39576e-05,-0.000136738,-0.000450857,0.000185861,-0.000456808,0,0,0,0,0,0,0,0,0,0,0,0,0,0,0,0,0,0,0,0,0,0,0,0,0,0,0,0,0,0,0,0,0,0,0,0,0,0,0,0,0,0,0,0,0,0,0,0,0,0,0,0,2,0,0,0,0,0,1.2754,0.2469,2.5959,0,0,0,0,0,0,0,-0,0,1.5376,0,0,0,0,0,0,0,0,0,0,0,0,0,0,0,0,0,0,0,0,0,0,0,0,0,0,0,0,0,0,0,0,0
5.4,0,0,0,0,0,0,3.07898,2.02202,-2.58632,3.41747e-05,-2.19694e-05,0.000245535,0.000185305,-7.29309e-05,0.00130601,0,0,0,0,0,0,0,0,0,0,0,0,0,0,0,0,0,0,0,0,0,0,0,0,0,0,0,0,0,0,0,0,0,0,0,0,0,0,0,0,1.88991,1.04715,0.00974086,-0.000331983,0.000113509,0.00179375,-0.00130277,0.000421668,0.00717532,0,0,0,0,0,0,0,0,0,0,0,0,0,0,0,0,0,0,0,0,0,0,0,0,0,0,0,0,0,0,0,0,0,0,0,0,0,0,0,0,0,0,0,0,0,0,0,0,0,0,0,0,2,0,0,0,0,0,1.2754,0.2469,2.5959,0,0,0,0,0,0,0,-0,0,1.53762,0,0,0,0,0,0,0,0,0,0,0,0,0,0,0,0,0,0,0,0,0,0,0,0,0,0,0,0,0,0,0,0,0
5.45,0,0,0,0,0,0,3.07898,2.02202,-2.58632,3.41747e-05,-2.19694e-05,0.000245535,0.000185305,-7.29309e-05,0.00130601,0,0,0,0,0,0,0,0,0,0,0,0,0,0,0,0,0,0,0,0,0,0,0,0,0,0,0,0,0,0,0,0,0,0,0,0,0,0,0,0,1.88991,1.04715,0.00974086,-0.000331983,0.000113509,0.00179375,-0.00130277,0.000421668,0.00717532,0,0,0,0,0,0,0,0,0,0,0,0,0,0,0,0,0,0,0,0,0,0,0,0,0,0,0,0,0,0,0,0,0,0,0,0,0,0,0,0,0,0,0,0,0,0,0,0,0,0,0,0,2,0,0,0,0,0,1.2754,0.2469,2.5959,0,0,0,0,0,0,0,-0,0,1.53762,0,0,0,0,0,0,0,0,0,0,0,0,0,0,0,0,0,0,0,0,0,0,0,0,0,0,0,0,0,0,0,0,0
5.5,0,0,0,0,0,0,3.07898,2.02202,-2.58628,1.95302e-05,-1.83096e-05,0.000338536,9.41744e-05,-7.70411e-05,0.00157793,0,0,0,0,0,0,0,0,0,0,0,0,0,0,0,0,0,0,0,0,0,0,0,0,0,0,0,0,0,0,0,0,0,0,0,0,0,0,0,0,1.88994,1.04713,0.00960035,0.000338116,-0.000180654,-0.00140499,0.00178026,-0.000890389,-0.00744121,0,0,0,0,0,0,0,0,0,0,0,0,0,0,0,0,0,0,0,0,0,0,0,0,0,0,0,0,0,0,0,0,0,0,0,0,0,0,0,0,0,0,0,0,0,0,0,0,0,0,0,0,2,0,0,0,0,0,1.2754,0.2469,2.5959,0,0,0,0,0,0,0,-0,0,1.5376,0,0,0,0,0,0,0,0,0,0,0,0,0,0,0,0,0,0,0,0,0,0,0,0,0,0,0,0,0,0,0,0,0
5.55,0,0,0,0,0,0,3.07898,2.02202,-2.58628,1.95302e-05,-1.83096e-05,0.000338536,9.41744e-05,-7.70411e-05,0.00157793,0,0,0,0,0,0,0,0,0,0,0,0,0,0,0,0,0,0,0,0,0,0,0,0,0,0,0,0,0,0,0,0,0,0,0,0,0,0,0,0,1.88994,1.04713,0.00960035,0.000338116,-0.000180654,-0.00140499,0.00178026,-0.000890389,-0.00744121,0,0,0,0,0,0,0,0,0,0,0,0,0,0,0,0,0,0,0,0,0,0,0,0,0,0,0,0,0,0,0,0,0,0,0,0,0,0,0,0,0,0,0,0,0,0,0,0,0,0,0,0,2,0,0,0,0,0,1.3053,0.2766,2.6257,0,0,0,0,0,0,0,-0,0,1.5376,0,0,0,0,0,0,0,0,0,0,0,0,0,0,0,0,0,0,0,0,0,0,0,0,0,0,0,0,0,0,0,0,0
5.6,0,0,0,0,0,0,3.07898,2.02201,-2.58634,-8.79151e-05,-8.6694e-05,-0.000534206,-0.000385097,-0.000320046,-0.00250296,0,0,0,0,0,0,0,0,0,0,0,0,0,0,0,0,0,0,0,0,0,0,0,0,0,0,0,0,0,0,0,0,0,0,0,0,0,0,0,0,1.88994,1.04713,0.00954439,-1.09894e-05,3.66313e-05,-0.00055976,9.11287e-05,0.000156072,-0.00306819,0,0,0,0,0,0,0,0,0,0,0,0,0,0,0,0,0,0,0,0,0,0,0,0,0,0,0,0,0,0,0,0,0,0,0,0,0,0,0,0,0,0,0,0,0,0,0,0,0,0,0,0,2,0,0,0,0,0,1.3053,0.2766,2.6257,0,0,0,0,0,0,0,-0,0,1.53759,0,0,0,0,0,0,0,0,0,0,0,0,0,0,0,0,0,0,0,0,0,0,0,0,0,0,0,0,0,0,0,0,0
5.65,0,0,0,0,0,0,3.07898,2.02201,-2.58634,-8.79151e-05,-8.6694e-05,-0.000534206,-0.000385097,-0.000320046,-0.00250296,0,0,0,0,0,0,0,0,0,0,0,0,0,0,0,0,0,0,0,0,0,0,0,0,0,0,0,0,0,0,0,0,0,0,0,0,0,0,0,0,1.88994,1.04713,0.00954439,-1.09894e-05,3.66313e-05,-0.00055976,9.11287e-05,0.000156072,-0.00306819,0,0,0,0,0,0,0,0,0,0,0,0,0,0,0,0,0,0,0,0,0,0,0,0,0,0,0,0,0,0,0,0,0,0,0,0,0,0,0,0,0,0,0,0,0,0,0,0,0,0,0,0,2,0,0,0,0,0,1.3053,0.2766,2.6257,0,0,0,0,0,0,0,-0,0,1.53759,0,0,0,0,0,0,0,0,0,0,0,0,0,0,0,0,0,0,0,0,0,0,0,0,0,0,0,0,0,0,0,0,0
5.7,0,0,0,0,0,0,3.07898,2.02202,-2.58633,3.17253e-05,0.000146424,7.62627e-05,0.000181905,0.000706397,0.000383748,0,0,0,0,0,0,0,0,0,0,0,0,0,0,0,0,0,0,0,0,0,0,0,0,0,0,0,0,0,0,0,0,0,0,0,0,0,0,0,0,1.88994,1.04714,0.0095315,-3.90465e-05,7.93132e-05,-0.00012887,-0.000286005,0.000405925,0.000470798,0,0,0,0,0,0,0,0,0,0,0,0,0,0,0,0,0,0,0,0,0,0,0,0,0,0,0,0,0,0,0,0,0,0,0,0,0,0,0,0,0,0,0,0,0,0,0,0,0,0,0,0,2,0,0,0,0,0,1.3053,0.2766,2.6257,0,0,0,0,0,0,0,-0,0,1.5376,0,0,0,0,0,0,0,0,0,0,0,0,0,0,0,0,0,0,0,0,0,0,0,0,0,0,0,0,0,0,0,0,0
5.75,0,0,0,0,0,0,3.07898,2.02202,-2.58633,3.17253e-05,0.000146424,7.62627e-05,0.000181905,0.000706397,0.000383748,0,0,0,0,0,0,0,0,0,0,0,0,0,0,0,0,0,0,0,0,0,0,0,0,0,0,0,0,0,0,0,0,0,0,0,0,0,0,0,0,1.88994,1.04714,0.0095315,-3.90465e-05,7.93132e-05,-0.00012887,-0.000286005,0.000405925,0.000470798,0,0,0,0,0,0,0,0,0,0,0,0,0,0,0,0,0,0,0,0,0,0,0,0,0,0,0,0,0,0,0,0,0,0,0,0,0,0,0,0,0,0,0,0,0,0,0,0,0,0,0,0,2,0,0,0,0,0,1.3243,0.2958,2.6448,0,0,0,0,0,0,0,-0,0,1.5376,0,0,0,0,0,0,0,0,0,0,0,0,0,0,0,0,0,0,0,0,0,0,0,0,0,0,0,0,0,0,0,0,0
5.8,0,0,0,0,0,0,3.07899,2.02202,-2.58635,7.0854e-05,2.68757e-05,-0.000169404,0.000342261,8.52037e-05,-0.0003604,0,0,0,0,0,0,0,0,0,0,0,0,0,0,0,0,0,0,0,0,0,0,0,0,0,0,0,0,0,0,0,0,0,0,0,0,0,0,0,0,1.88995,1.04714,0.00956465,5.61945e-05,1.34378e-05,0.000331716,0.00015779,1.42182e-05,0.00260238,0,0,0,0,0,0,0,0,0,0,0,0,0,0,0,0,0,0,0,0,0,0,0,0,0,0,0,0,0,0,0,0,0,0,0,0,0,0,0,0,0,0,0,0,0,0,0,0,0,0,0,0,2,0,0,0,0,0,1.3243,0.2958,2.6448,0,0,0,0,0,0,0,-0,0,1.5376,0,0,0,0,0,0,0,0,0,0,0,0,0,0,0,0,0,0,0,0,0,0,0,0,0,0,0,0,0,0,0,0,0
5.85,0,0,0,0,0,0,3.07899,2.02202,-2.58635,7.0854e-05,2.68757e-05,-0.000169404,0.000342261,8.52037e-05,-0.0003604,0,0,0,0,0,0,0,0,0,0,0,0,0,0,0,0,0,0,0,0,0,0,0,0,0,0,0,0,0,0,0,0,0,0,0,0,0,0,0,0,1.88995,1.04714,0.00956465,5.61945e-05,1.34378e-05,0.000331716,0.00015779,1.42182e-05,0.00260238,0,0,0,0,0,0,0,0,0,0,0,0,0,0,0,0,0,0,0,0,0,0,0,0,0,0,0,0,0,0,0,0,0,0,0,0,0,0,0,0,0,0,0,0,0,0,0,0,0,0,0,0,2,0,0,0,0,0,1.3243,0.2958,2.6448,0,0,0,0,0,0,0,-0,0,1.5376,0,0,0,0,0,0,0,0,0,0,0,0,0,0,0,0,0,0,0,0,0,0,0,0,0,0,0,0,0,0,0,0,0
5.9,0,0,0,0,0,0,3.07898,2.02201,-2.58636,-6.3472e-05,-0.000159901,-0.000166881,-0.000309345,-0.000779128,-0.000307448,0,0,0,0,0,0,0,0,0,0,0,0,0,0,0,0,0,0,0,0,0,0,0,0,0,0,0,0,0,0,0,0,0,0,0,0,0,0,0,0,1.88995,1.04713,0.00955446,3.66186e-06,-0.000140371,-0.000101842,-5.4976e-05,-0.000659009,0.000119454,0,0,0,0,0,0,0,0,0,0,0,0,0,0,0,0,0,0,0,0,0,0,0,0,0,0,0,0,0,0,0,0,0,0,0,0,0,0,0,0,0,0,0,0,0,0,0,0,0,0,0,0,2,0,0,0,0,0,1.3243,0.2958,2.6448,0,0,0,0,0,0,0,-0,0,1.53759,0,0,0,0,0,0,0,0,0,0,0,0,0,0,0,0,0,0,0,0,0,0,0,0,0,0,0,0,0,0,0,0,0
5.95,0,0,0,0,0,0,3.07898,2.02201,-2.58636,-6.3472e-05,-0.000159901,-0.000166881,-0.000309345,-0.000779128,-0.000307448,0,0,0,0,0,0,0,0,0,0,0,0,0,0,0,0,0,0,0,0,0,0,0,0,0,0,0,0,0,0,0,0,0,0,0,0,0,0,0,0,1.88995,1.04713,0.00955446,3.66186e-06,-0.000140371,-0.000101842,-5.4976e-05,-0.000659009,0.000119454,0,0,0,0,0,0,0,0,0,0,0,0,0,0,0,0,0,0,0,0,0,0,0,0,0,0,0,0,0,0,0,0,0,0,0,0,0,0,0,0,0,0,0,0,0,0,0,0,0,0,0,0,2,0,0,0,0,0,1.2754,0.2469,2.5959,0,0,0,0,0,0,0,-0,0,1.53759,0,0,0,0,0,0,0,0,0,0,0,0,0,0,0,0,0,0,0,0,0,0,0,0,0,0,0,0,0,0,0,0,0
6,0,0,0,0,0,0,3.07898,2.02201,-2.58636,-6.3472e-05,-0.000159901,-0.000166881,-0.000309345,-0.000779128,-0.000307448,0,0,0,0,0,0,0,0,0,0,0,0,0,0,0,0,0,0,0,0,0,0,0,0,0,0,0,0,0,0,0,0,0,0,0,0,0,0,0,0,1.88995,1.04713,0.00955446,3.66186e-06,-0.000140371,-0.000101842,-5.4976e-05,-0.000659009,0.000119454,0,0,0,0,0,0,0,0,0,0,0,0,0,0,0,0,0,0,0,0,0,0,0,0,0,0,0,0,0,0,0,0,0,0,0,0,0,0,0,0,0,0,0,0,0,0,0,0,0,0,0,0,2,0,0,0,0,0,1.2754,0.2469,2.5959,0,0,0,0,0,0,0,-0,0,1.53759,0,0,0,0,0,0,0,0,0,0,0,0,0,0,0,0,0,0,0,0,0,0,0,0,0,0,0,0,0,0,0,0,0
6.05,0,0,0,0,0,0,3.07898,2.02201,-2.58635,2.92891e-05,-2.44076e-05,0.000188301,9.66918e-05,-4.33777e-05,0.00124199,0,0,0,0,0,0,0,0,0,0,0,0,0,0,0,0,0,0,0,0,0,0,0,0,0,0,0,0,0,0,0,0,0,0,0,0,0,0,0,0,1.88995,1.04712,0.00958796,5.00353e-05,-4.39334e-05,0.000334878,0.000123466,-0.000101442,0.00148054,0,0,0,0,0,0,0,0,0,0,0,0,0,0,0,0,0,0,0,0,0,0,0,0,0,0,0,0,0,0,0,0,0,0,0,0,0,0,0,0,0,0,0,0,0,0,0,0,0,0,0,0,2,0,0,0,0,0,1.2754,0.2469,2.5959,0,0,0,0,0,0,0,-0,0,1.53759,0,0,0,0,0,0,0,0,0,0,0,0,0,0,0,0,0,0,0,0,0,0,0,0,0,0,0,0,0,0,0,0,0
6.1,0,0,0,0,0,0,3.07898,2.02203,-2.58633,2.44204e-05,0.000225889,0.000169321,9.35183e-05,0.00107362,0.000879371,0,0,0,0,0,0,0,0,0,0,0,0,0,0,0,0,0,0,0,0,0,0,0,0,0,0,0,0,0,0,0,0,0,0,0,0,0,0,0,0,1.88994,1.04714,0.00955342,-6.83774e-05,0.000166059,-0.0003455,-0.0003749,0.000853629,-0.00164571,0,0,0,0,0,0,0,0,0,0,0,0,0,0,0,0,0,0,0,0,0,0,0,0,0,0,0,0,0,0,0,0,0,0,0,0,0,0,0,0,0,0,0,0,0,0,0,0,0,0,0,0,2,0,0,0,0,0,1.2754,0.2469,2.5959,0,0,0,0,0,0,0,-0,0,1.5376,0,0,0,0,0,0,0,0,0,0,0,0,0,0,0,0,0,0,0,0,0,0,0,0,0,0,0,0,0,0,0,0,0
6.15,0,0,0,0,0,0,3.07898,2.02203,-2.58633,2.44204e-05,0.000225889,0.000169321,9.35183e-05,0.00107362,0.000879371,0,0,0,0,0,0,0,0,0,0,0,0,0,0,0,0,0,0,0,0,0,0,0,0,0,0,0,0,0,0,0,0,0,0,0,0,0,0,0,0,1.88994,1.04714,0.00955342,-6.83774e-05,0.000166059,-0.0003455,-0.0003749,0.000853629,-0.00164571,0,0,0,0,0,0,0,0,0,0,0,0,0,0,0,0,0,0,0,0,0,0,0,0,0,0,0,0,0,0,0,0,0,0,0,0,0,0,0,0,0,0,0,0,0,0,0,0,0,0,0,0,2,0,0,0,0,0,1.2366,0.2081,2.5571,0,0,0,0,0,0,0,-0,0,1.5376,0,0,0,0,0,0,0,0,0,0,0,0,0,0,0,0,0,0,0,0,0,0,0,0,0,0,0,0,0,0,0,0,0
6.2,0,0,0,0,0,0,3.07898,2.02201,-2.58635,-3.41872e-05,-0.000158726,-0.000228932,-0.00017843,-0.000740802,-0.00111217,0,0,0,0,0,0,0,0,0,0,0,0,0,0,0,0,0,0,0,0,0,0,0,0,0,0,0,0,0,0,0,0,0,0,0,0,0,0,0,0,1.88995,1.04713,0.00957026,1.58726e-05,-0.000117213,0.00016842,4.40357e-05,-0.000489927,0.000641993,0,0,0,0,0,0,0,0,0,0,0,0,0,0,0,0,0,0,0,0,0,0,0,0,0,0,0,0,0,0,0,0,0,0,0,0,0,0,0,0,0,0,0,0,0,0,0,0,0,0,0,0,2,0,0,0,0,0,1.2366,0.2081,2.5571,0,0,0,0,0,0,0,-0,0,1.5376,0,0,0,0,0,0,0,0,0,0,0,0,0,0,0,0,0,0,0,0,0,0,0,0,0,0,0,0,0,0,0,0,0
6.25,0,0,0,0,0,0,3.07898,2.02201,-2.58635,-3.41872e-05,-0.000158726,-0.000228932,-0.00017843,-0.000740802,-0.00111217,0,0,0,0,0,0,0,0,0,0,0,0,0,0,0,0,0,0,0,0,0,0,0,0,0,0,0,0,0,0,0,0,0,0,0,0,0,0,0,0,1.88995,1.04713,0.00957026,1.58726e-05,-0.000117213,0.00016842,4.40357e-05,-0.000489927,0.000641993,0,0,0,0,0,0,0,0,0,0,0,0,0,0,0,0,0,0,0,0,0,0,0,0,0,0,0,0,0,0,0,0,0,0,0,0,0,0,0,0,0,0,0,0,0,0,0,0,0,0,0,0,2,0,0,0,0,0,1.2366,0.2081,2.5571,0,0,0,0,0,0,0,-0,0,1.5376,0,0,0,0,0,0,0,0,0,0,0,0,0,0,0,0,0,0,0,0,0,0,0,0,0,0,0,0,0,0,0,0,0
6.3,0,0,0,0,0,0,3.07898,2.02203,-2.58634,1.46491e-05,0.000141608,9.29877e-05,5.11625e-05,0.000509506,0.000348758,0,0,0,0,0,0,0,0,0,0,0,0,0,0,0,0,0,0,0,0,0,0,0,0,0,0,0,0,0,0,0,0,0,0,0,0,0,0,0,0,1.88995,1.04713,0.00956253,3.0519e-05,9.76608e-06,-7.7322e-05,0.000141693,3.12377e-05,-0.00028662,0,0,0,0,0,0,0,0,0,0,0,0,0,0,0,0,0,0,0,0,0,0,0,0,0,0,0,0,0,0,0,0,0,0,0,0,0,0,0,0,0,0,0,0,0,0,0,0,0,0,0,0,2,0,0,0,0,0,1.2366,0.2081,2.5571,0,0,0,0,0,0,0,-0,0,1.5376,0,0,0,0,0,0,0,0,0,0,0,0,0,0,0,0,0,0,0,0,0,0,0,0,0,0,0,0,0,0,0,0,0
6.35,0,0,0,0,0,0,3.07898,2.02203,-2.58634,1.46491e-05,0.000141608,9.29877e-05,5.11625e-05,0.000509506,0.000348758,0,0,0,0,0,0,0,0,0,0,0,0,0,0,0,0,0,0,0,0,0,0,0,0,0,0,0,0,0,0,0,0,0,0,0,0,0,0,0,0,1.88995,1.04713,0.00956253,3.0519e-05,9.76608e-06,-7.7322e-05,0.000141693,3.12377e-05,-0.00028662,0,0,0,0,0,0,0,0,0,0,0,0,0,0,0,0,0,0,0,0,0,0,0,0,0,0,0,0,0,0,0,0,0,0,0,0,0,0,0,0,0,0,0,0,0,0,0,0,0,0,0,0,2,0,0,0,0,0,1.2753,0.2468,2.5959,0,0,0,0,0,0,0,-0,0,1.5376,0,0,0,0,0,0,0,0,0,0,0,0,0,0,0,0,0,0,0,0,0,0,0,0,0,0,0,0,0,0,0,0,0
6.4,0,0,0,0,0,0,3.07899,2.02201,-2.58631,5.37076e-05,-0.000169667,0.000300388,0.000217871,-0.000768608,0.00123592,0,0,0,0,0,0,0,0,0,0,0,0,0,0,0,0,0,0,0,0,0,0,0,0,0,0,0,0,0,0,0,0,0,0,0,0,0,0,0,0,1.88994,1.04713,0.00955162,-5.12663e-05,2.9295e-05,-0.000109051,-0.000228501,0.000167345,-0.000424593,0,0,0,0,0,0,0,0,0,0,0,0,0,0,0,0,0,0,0,0,0,0,0,0,0,0,0,0,0,0,0,0,0,0,0,0,0,0,0,0,0,0,0,0,0,0,0,0,0,0,0,0,2,0,0,0,0,0,1.2753,0.2468,2.5959,0,0,0,0,0,0,0,-0,0,1.5376,0,0,0,0,0,0,0,0,0,0,0,0,0,0,0,0,0,0,0,0,0,0,0,0,0,0,0,0,0,0,0,0,0
6.45,0,0,0,0,0,0,3.07899,2.02201,-2.58631,5.37076e-05,-0.000169667,0.000300388,0.000217871,-0.000768608,0.00123592,0,0,0,0,0,0,0,0,0,0,0,0,0,0,0,0,0,0,0,0,0,0,0,0,0,0,0,0,0,0,0,0,0,0,0,0,0,0,0,0,1.88994,1.04713,0.00955162,-5.12663e-05,2.9295e-05,-0.000109051,-0.000228501,0.000167345,-0.000424593,0,0,0,0,0,0,0,0,0,0,0,0,0,0,0,0,0,0,0,0,0,0,0,0,0,0,0,0,0,0,0,0,0,0,0,0,0,0,0,0,0,0,0,0,0,0,0,0,0,0,0,0,2,0,0,0,0,0,1.2753,0.2468,2.5959,0,0,0,0,0,0,0,-0,0,1.5376,0,0,0,0,0,0,0,0,0,0,0,0,0,0,0,0,0,0,0,0,0,0,0,0,0,0,0,0,0,0,0,0,0
6.5,0,0,0,0,0,0,3.07897,2.022,-2.58628,-0.000170923,-7.93572e-05,0.000276606,-0.000744189,-0.000273576,0.000767021,0,0,0,0,0,0,0,0,0,0,0,0,0,0,0,0,0,0,0,0,0,0,0,0,0,0,0,0,0,0,0,0,0,0,0,0,0,0,0,0,1.88995,1.04713,0.00956904,3.90682e-05,-3.17429e-05,0.00017422,0.000173661,-0.000124996,0.000858283,0,0,0,0,0,0,0,0,0,0,0,0,0,0,0,0,0,0,0,0,0,0,0,0,0,0,0,0,0,0,0,0,0,0,0,0,0,0,0,0,0,0,0,0,0,0,0,0,0,0,0,0,2,0,0,0,0,0,1.2753,0.2468,2.5959,0,0,0,0,0,0,0,-0,0,1.53758,0,0,0,0,0,0,0,0,0,0,0,0,0,0,0,0,0,0,0,0,0,0,0,0,0,0,0,0,0,0,0,0,0
6.55,0,0,0,0,0,0,3.07897,2.022,-2.58628,-0.000170923,-7.93572e-05,0.000276606,-0.000744189,-0.000273576,0.000767021,0,0,0,0,0,0,0,0,0,0,0,0,0,0,0,0,0,0,0,0,0,0,0,0,0,0,0,0,0,0,0,0,0,0,0,0,0,0,0,0,1.88995,1.04713,0.00956904,3.90682e-05,-3.17429e-05,0.00017422,0.000173661,-0.000124996,0.000858283,0,0,0,0,0,0,0,0,0,0,0,0,0,0,0,0,0,0,0,0,0,0,0,0,0,0,0,0,0,0,0,0,0,0,0,0,0,0,0,0,0,0,0,0,0,0,0,0,0,0,0,0,2,0,0,0,0,0,1.3631,0.3346,2.6836,0,0,0,0,0,0,0,-0,0,1.53758,0,0,0,0,0,0,0,0,0,0,0,0,0,0,0,0,0,0,0,0,0,0,0,0,0,0,0,0,0,0,0,0,0
6.6,0,0,0,0,0,0,3.07898,2.02202,-2.58633,0.000122083,0.000145279,-0.000431583,0.000593658,0.000800275,-0.00243251,0,0,0,0,0,0,0,0,0,0,0,0,0,0,0,0,0,0,0,0,0,0,0,0,0,0,0,0,0,0,0,0,0,0,0,0,0,0,0,0,1.88995,1.04713,0.00963429,6.10417e-05,6.10417e-05,0.000652601,0.000246514,0.000256111,0.0026005,0,0,0,0,0,0,0,0,0,0,0,0,0,0,0,0,0,0,0,0,0,0,0,0,0,0,0,0,0,0,0,0,0,0,0,0,0,0,0,0,0,0,0,0,0,0,0,0,0,0,0,0,2,0,0,0,0,0,1.3631,0.3346,2.6836,0,0,0,0,0,0,0,-0,0,1.53759,0,0,0,0,0,0,0,0,0,0,0,0,0,0,0,0,0,0,0,0,0,0,0,0,0,0,0,0,0,0,0,0,0
6.65,0,0,0,0,0,0,3.07898,2.02202,-2.58633,0.000122083,0.000145279,-0.000431583,0.000593658,0.000800275,-0.00243251,0,0,0,0,0,0,0,0,0,0,0,0,0,0,0,0,0,0,0,0,0,0,0,0,0,0,0,0,0,0,0,0,0,0,0,0,0,0,0,0,1.88995,1.04713,0.00963429,6.10417e-05,6.10417e-05,0.000652601,0.000246514,0.000256111,0.0026005,0,0,0,0,0,0,0,0,0,0,0,0,0,0,0,0,0,0,0,0,0,0,0,0,0,0,0,0,0,0,0,0,0,0,0,0,0,0,0,0,0,0,0,0,0,0,0,0,0,0,0,0,2,0,0,0,0,0,1.3631,0.3346,2.6836,0,0,0,0,0,0,0,-0,0,1.53759,0,0,0,0,0,0,0,0,0,0,0,0,0,0,0,0,0,0,0,0,0,0,0,0,0,0,0,0,0,0,0,0,0
6.7,0,0,0,0,0,0,3.07898,2.02204,-2.58633,1.46463e-05,0.000200165,4.76766e-06,0.000108281,0.000845232,-0.000150184,0,0,0,0,0,0,0,0,0,0,0,0,0,0,0,0,0,0,0,0,0,0,0,0,0,0,0,0,0,0,0,0,0,0,0,0,0,0,0,0,1.88995,1.04713,0.00954519,-4.51593e-05,-2.19694e-05,-0.000890845,-0.000266471,-0.000126318,-0.00436995,0,0,0,0,0,0,0,0,0,0,0,0,0,0,0,0,0,0,0,0,0,0,0,0,0,0,0,0,0,0,0,0,0,0,0,0,0,0,0,0,0,0,0,0,0,0,0,0,0,0,0,0,2,0,0,0,0,0,1.3631,0.3346,2.6836,0,0,0,0,0,0,0,-0,0,1.53761,0,0,0,0,0,0,0,0,0,0,0,0,0,0,0,0,0,0,0,0,0,0,0,0,0,0,0,0,0,0,0,0,0
6.75,0,0,0,0,0,0,3.07898,2.02204,-2.58633,1.46463e-05,0.000200165,4.76766e-06,0.000108281,0.000845232,-0.000150184,0,0,0,0,0,0,0,0,0,0,0,0,0,0,0,0,0,0,0,0,0,0,0,0,0,0,0,0,0,0,0,0,0,0,0,0,0,0,0,0,1.88995,1.04713,0.00954519,-4.51593e-05,-2.19694e-05,-0.000890845,-0.000266471,-0.000126318,-0.00436995,0,0,0,0,0,0,0,0,0,0,0,0,0,0,0,0,0,0,0,0,0,0,0,0,0,0,0,0,0,0,0,0,0,0,0,0,0,0,0,0,0,0,0,0,0,0,0,0,0,0,0,0,2,0,0,0,0,0,1.2754,0.2469,2.5959,0,0,0,0,0,0,0,-0,0,1.53761,0,0,0,0,0,0,0,0,0,0,0,0,0,0,0,0,0,0,0,0,0,0,0,0,0,0,0,0,0,0,0,0,0
6.8,0,0,0,0,0,0,3.07899,2.02202,-2.58629,1.95377e-05,-0.000118447,0.000360131,1.88501e-05,-0.0007596,0.00163862,0,0,0,0,0,0,0,0,0,0,0,0,0,0,0,0,0,0,0,0,0,0,0,0,0,0,0,0,0,0,0,0,0,0,0,0,0,0,0,0,1.88995,1.04714,0.0095546,1.099e-05,0.000117226,9.41319e-05,-5.05579e-06,0.000428568,0.00036882,0,0,0,0,0,0,0,0,0,0,0,0,0,0,0,0,0,0,0,0,0,0,0,0,0,0,0,0,0,0,0,0,0,0,0,0,0,0,0,0,0,0,0,0,0,0,0,0,0,0,0,0,2,0,0,0,0,0,1.2754,0.2469,2.5959,0,0,0,0,0,0,0,-0,0,1.5376,0,0,0,0,0,0,0,0,0,0,0,0,0,0,0,0,0,0,0,0,0,0,0,0,0,0,0,0,0,0,0,0,0
6.85,0,0,0,0,0,0,3.07899,2.02202,-2.58629,1.95377e-05,-0.000118447,0.000360131,1.88501e-05,-0.0007596,0.00163862,0,0,0,0,0,0,0,0,0,0,0,0,0,0,0,0,0,0,0,0,0,0,0,0,0,0,0,0,0,0,0,0,0,0,0,0,0,0,0,0,1.88995,1.04714,0.0095546,1.099e-05,0.000117226,9.41319e-05,-5.05579e-06,0.000428568,0.00036882,0,0,0,0,0,0,0,0,0,0,0,0,0,0,0,0,0,0,0,0,0,0,0,0,0,0,0,0,0,0,0,0,0,0,0,0,0,0,0,0,0,0,0,0,0,0,0,0,0,0,0,0,2,0,0,0,0,0,1.2754,0.2469,2.5959,0,0,0,0,0,0,0,-0,0,1.5376,0,0,0,0,0,0,0,0,0,0,0,0,0,0,0,0,0,0,0,0,0,0,0,0,0,0,0,0,0,0,0,0,0
6.9,0,0,0,0,0,0,3.07898,2.02201,-2.58629,-8.29961e-05,-0.000156228,-3.57577e-05,-0.000410467,-0.000824354,-0.000355539,0,0,0,0,0,0,0,0,0,0,0,0,0,0,0,0,0,0,0,0,0,0,0,0,0,0,0,0,0,0,0,0,0,0,0,0,0,0,0,0,1.88995,1.04713,0.00957159,2.44105e-05,-0.000134258,0.000169793,8.59788e-05,-0.000672337,0.00116513,0,0,0,0,0,0,0,0,0,0,0,0,0,0,0,0,0,0,0,0,0,0,0,0,0,0,0,0,0,0,0,0,0,0,0,0,0,0,0,0,0,0,0,0,0,0,0,0,0,0,0,0,2,0,0,0,0,0,1.2754,0.2469,2.5959,0,0,0,0,0,0,0,-0,0,1.53759,0,0,0,0,0,0,0,0,0,0,0,0,0,0,0,0,0,0,0,0,0,0,0,0,0,0,0,0,0,0,0,0,0
6.95,0,0,0,0,0,0,3.07898,2.02201,-2.58629,-8.29961e-05,-0.000156228,-3.57577e-05,-0.000410467,-0.000824354,-0.000355539,0,0,0,0,0,0,0,0,0,0,0,0,0,0,0,0,0,0,0,0,0,0,0,0,0,0,0,0,0,0,0,0,0,0,0,0,0,0,0,0,1.88995,1.04713,0.00957159,2.44105e-05,-0.000134258,0.000169793,8.59788e-05,-0.000672337,0.00116513,0,0,0,0,0,0,0,0,0,0,0,0,0,0,0,0,0,0,0,0,0,0,0,0,0,0,0,0,0,0,0,0,0,0,0,0,0,0,0,0,0,0,0,0,0,0,0,0,0,0,0,0,2,0,0,0,0,0,1.2205,0.192,2.541,0,0,0,0,0,0,0,-0,0,1.53759,0,0,0,0,0,0,0,0,0,0,0,0,0,0,0,0,0,0,0,0,0,0,0,0,0,0,0,0,0,0,0,0,0
7,0,0,0,0,0,0,3.07898,2.02202,-2.5863,2.44212e-05,0.000122106,-5.24674e-05,0.000124676,0.000608498,-0.00055024,0,0,0,0,0,0,0,0,0,0,0,0,0,0,0,0,0,0,0,0,0,0,0,0,0,0,0,0,0,0,0,0,0,0,0,0,0,0,0,0,1.88995,1.04714,0.00956156,-2.32002e-05,5.12847e-05,-0.000100305,-0.000126305,0.000188706,-0.000271915,0,0,0,0,0,0,0,0,0,0,0,0,0,0,0,0,0,0,0,0,0,0,0,0,0,0,0,0,0,0,0,0,0,0,0,0,0,0,0,0,0,0,0,0,0,0,0,0,0,0,0,0,2,0,0,0,0,0,1.2205,0.192,2.541,0,0,0,0,0,0,0,-0,0,1.53759,0,0,0,0,0,0,0,0,0,0,0,0,0,0,0,0,0,0,0,0,0,0,0,0,0,0,0,0,0,0,0,0,0
7.05,0,0,0,0,0,0,3.07898,2.02202,-2.5863,2.44212e-05,0.000122106,-5.24674e-05,0.000124676,0.000608498,-0.00055024,0,0,0,0,0,0,0,0,0,0,0,0,0,0,0,0,0,0,0,0,0,0,0,0,0,0,0,0,0,0,0,0,0,0,0,0,0,0,0,0,1.88995,1.04714,0.00956156,-2.32002e-05,5.12847e-05,-0.000100305,-0.000126305,0.000188706,-0.000271915,0,0,0,0,0,0,0,0,0,0,0,0,0,0,0,0,0,0,0,0,0,0,0,0,0,0,0,0,0,0,0,0,0,0,0,0,0,0,0,0,0,0,0,0,0,0,0,0,0,0,0,0,2,0,0,0,0,0,1.2205,0.192,2.541,0,0,0,0,0,0,0,-0,0,1.53759,0,0,0,0,0,0,0,0,0,0,0,0,0,0,0,0,0,0,0,0,0,0,0,0,0,0,0,0,0,0,0,0,0
7.1,0,0,0,0,0,0,3.07898,2.02201,-2.5863,2.92925e-05,-0.000124493,-1.19192e-05,0.000166765,-0.000425995,-0.000194755,0,0,0,0,0,0,0,0,0,0,0,0,0,0,0,0,0,0,0,0,0,0,0,0,0,0,0,0,0,0,0,0,0,0,0,0,0,0,0,0,1.88995,1.04713,0.00959079,-2.5631e-05,-6.34673e-05,0.000292253,-0.000114302,-0.000228657,0.00121077,0,0,0,0,0,0,0,0,0,0,0,0,0,0,0,0,0,0,0,0,0,0,0,0,0,0,0,0,0,0,0,0,0,0,0,0,0,0,0,0,0,0,0,0,0,0,0,0,0,0,0,0,2,0,0,0,0,0,1.2205,0.192,2.541,0,0,0,0,0,0,0,-0,0,1.53759,0,0,0,0,0,0,0,0,0,0,0,0,0,0,0,0,0,0,0,0,0,0,0,0,0,0,0,0,0,0,0,0,0
7.15,0,0,0,0,0,0,3.07898,2.02201,-2.5863,2.92925e-05,-0.000124493,-1.19192e-05,0.000166765,-0.000425995,-0.000194755,0,0,0,0,0,0,0,0,0,0,0,0,0,0,0,0,0,0,0,0,0,0,0,0,0,0,0,0,0,0,0,0,0,0,0,0,0,0,0,0,1.88995,1.04713,0.00959079,-2.5631e-05,-6.34673e-05,0.000292253,-0.000114302,-0.000228657,0.00121077,0,0,0,0,0,0,0,0,0,0,0,0,0,0,0,0,0,0,0,0,0,0,0,0,0,0,0,0,0,0,0,0,0,0,0,0,0,0,0,0,0,0,0,0,0,0,0,0,0,0,0,0,2,0,0,0,0,0,1.2124,0.1838,2.5329,0,0,0,0,0,0,0,-0,0,1.53759,0,0,0,0,0,0,0,0,0,0,0,0,0,0,0,0,0,0,0,0,0,0,0,0,0,0,0,0,0,0,0,0,0
7.2,0,0,0,0,0,0,3.07898,2.02202,-2.5863,9.7679e-06,7.20383e-05,-3.57711e-05,2.77933e-05,0.000389533,-0.000164107,0,0,0,0,0,0,0,0,0,0,0,0,0,0,0,0,0,0,0,0,0,0,0,0,0,0,0,0,0,0,0,0,0,0,0,0,0,0,0,0,1.88995,1.04713,0.00960525,2.68617e-05,0,0.000144621,0.000142757,5.98461e-05,0.000337599,0,0,0,0,0,0,0,0,0,0,0,0,0,0,0,0,0,0,0,0,0,0,0,0,0,0,0,0,0,0,0,0,0,0,0,0,0,0,0,0,0,0,0,0,0,0,0,0,0,0,0,0,2,0,0,0,0,0,1.2124,0.1838,2.5329,0,0,0,0,0,0,0,-0,0,1.5376,0,0,0,0,0,0,0,0,0,0,0,0,0,0,0,0,0,0,0,0,0,0,0,0,0,0,0,0,0,0,0,0,0
7.25,0,0,0,0,0,0,3.07898,2.02202,-2.5863,9.7679e-06,7.20383e-05,-3.57711e-05,2.77933e-05,0.000389533,-0.000164107,0,0,0,0,0,0,0,0,0,0,0,0,0,0,0,0,0,0,0,0,0,0,0,0,0,0,0,0,0,0,0,0,0,0,0,0,0,0,0,0,1.88995,1.04713,0.00960525,2.68617e-05,0,0.000144621,0.000142757,5.98461e-05,0.000337599,0,0,0,0,0,0,0,0,0,0,0,0,0,0,0,0,0,0,0,0,0,0,0,0,0,0,0,0,0,0,0,0,0,0,0,0,0,0,0,0,0,0,0,0,0,0,0,0,0,0,0,0,2,0,0,0,0,0,1.2124,0.1838,2.5329,0,0,0,0,0,0,0,-0,0,1.5376,0,0,0,0,0,0,0,0,0,0,0,0,0,0,0,0,0,0,0,0,0,0,0,0,0,0,0,0,0,0,0,0,0
7.3,0,0,0,0,0,0,3.07898,2.02202,-2.58631,-6.34702e-05,7.68965e-05,-6.19826e-05,-0.000294755,0.000363716,-0.000199157,0,0,0,0,0,0,0,0,0,0,0,0,0,0,0,0,0,0,0,0,0,0,0,0,0,0,0,0,0,0,0,0,0,0,0,0,0,0,0,0,1.88994,1.04713,0.00955955,-6.95731e-05,3.29557e-05,-0.000456945,-0.000264814,0.000206656,-0.00231907,0,0,0,0,0,0,0,0,0,0,0,0,0,0,0,0,0,0,0,0,0,0,0,0,0,0,0,0,0,0,0,0,0,0,0,0,0,0,0,0,0,0,0,0,0,0,0,0,0,0,0,0,2,0,0,0,0,0,1.2124,0.1838,2.5329,0,0,0,0,0,0,0,-0,0,1.5376,0,0,0,0,0,0,0,0,0,0,0,0,0,0,0,0,0,0,0,0,0,0,0,0,0,0,0,0,0,0,0,0,0
7.35,0,0,0,0,0,0,3.07898,2.02202,-2.58631,-6.34702e-05,7.68965e-05,-6.19826e-05,-0.000294755,0.000363716,-0.000199157,0,0,0,0,0,0,0,0,0,0,0,0,0,0,0,0,0,0,0,0,0,0,0,0,0,0,0,0,0,0,0,0,0,0,0,0,0,0,0,0,1.88994,1.04713,0.00955955,-6.95731e-05,3.29557e-05,-0.000456945,-0.000264814,0.000206656,-0.00231907,0,0,0,0,0,0,0,0,0,0,0,0,0,0,0,0,0,0,0,0,0,0,0,0,0,0,0,0,0,0,0,0,0,0,0,0,0,0,0,0,0,0,0,0,0,0,0,0,0,0,0,0,2,0,0,0,0,0,1.2571,0.2285,2.5776,0,0,0,0,0,0,0,-0,0,1.5376,0,0,0,0,0,0,0,0,0,0,0,0,0,0,0,0,0,0,0,0,0,0,0,0,0,0,0,0,0,0,0,0,0
7.4,0,0,0,0,0,0,3.07898,2.02202,-2.58629,-9.76844e-06,1.22105e-06,0.000226563,-6.03613e-06,-8.75271e-05,0.00102863,0,0,0,0,0,0,0,0,0,0,0,0,0,0,0,0,0,0,0,0,0,0,0,0,0,0,0,0,0,0,0,0,0,0,0,0,0,0,0,0,1.88995,1.04713,0.00955034,4.15159e-05,-1.58737e-05,-9.20784e-05,0.000229733,-5.11613e-05,-0.00029397,0,0,0,0,0,0,0,0,0,0,0,0,0,0,0,0,0,0,0,0,0,0,0,0,0,0,0,0,0,0,0,0,0,0,0,0,0,0,0,0,0,0,0,0,0,0,0,0,0,0,0,0,2,0,0,0,0,0,1.2571,0.2285,2.5776,0,0,0,0,0,0,0,-0,0,1.5376,0,0,0,0,0,0,0,0,0,0,0,0,0,0,0,0,0,0,0,0,0,0,0,0,0,0,0,0,0,0,0,0,0
7.45,0,0,0,0,0,0,3.07898,2.02202,-2.58629,-9.76844e-06,1.22105e-06,0.000226563,-6.03613e-06,-8.75271e-05,0.00102863,0,0,0,0,0,0,0,0,0,0,0,0,0,0,0,0,0,0,0,0,0,0,0,0,0,0,0,0,0,0,0,0,0,0,0,0,0,0,0,0,1.88995,1.04713,0.00955034,4.15159e-05,-1.58737e-05,-9.20784e-05,0.000229733,-5.11613e-05,-0.00029397,0,0,0,0,0,0,0,0,0,0,0,0,0,0,0,0,0,0,0,0,0,0,0,0,0,0,0,0,0,0,0,0,0,0,0,0,0,0,0,0,0,0,0,0,0,0,0,0,0,0,0,0,2,0,0,0,0,0,1.2571,0.2285,2.5776,0,0,0,0,0,0,0,-0,0,1.5376,0,0,0,0,0,0,0,0,0,0,0,0,0,0,0,0,0,0,0,0,0,0,0,0,0,0,0,0,0,0,0,0,0
7.5,0,0,0,0,0,0,3.07898,2.02202,-2.58627,-4.88257e-06,8.54449e-06,0.000212182,5.49602e-05,-8.43555e-05,0.000726538,0,0,0,0,0,0,0,0,0,0,0,0,0,0,0,0,0,0,0,0,0,0,0,0,0,0,0,0,0,0,0,0,0,0,0,0,0,0,0,0,1.88995,1.04715,0.00956809,-8.54449e-06,0.000157463,0.000177454,4.87575e-06,0.000626993,0.00117445,0,0,0,0,0,0,0,0,0,0,0,0,0,0,0,0,0,0,0,0,0,0,0,0,0,0,0,0,0,0,0,0,0,0,0,0,0,0,0,0,0,0,0,0,0,0,0,0,0,0,0,0,2,0,0,0,0,0,1.2571,0.2285,2.5776,0,0,0,0,0,0,0,-0,0,1.53759,0,0,0,0,0,0,0,0,0,0,0,0,0,0,0,0,0,0,0,0,0,0,0,0,0,0,0,0,0,0,0,0,0
7.55,0,0,0,0,0,0,3.07898,2.02202,-2.58627,-4.88257e-06,8.54449e-06,0.000212182,5.49602e-05,-8.43555e-05,0.000726538,0,0,0,0,0,0,0,0,0,0,0,0,0,0,0,0,0,0,0,0,0,0,0,0,0,0,0,0,0,0,0,0,0,0,0,0,0,0,0,0,1.88995,1.04715,0.00956809,-8.54449e-06,0.000157463,0.000177454,4.87575e-06,0.000626993,0.00117445,0,0,0,0,0,0,0,0,0,0,0,0,0,0,0,0,0,0,0,0,0,0,0,0,0,0,0,0,0,0,0,0,0,0,0,0,0,0,0,0,0,0,0,0,0,0,0,0,0,0,0,0,2,0,0,0,0,0,1.1989,0.1703,2.5193,0,0,0,0,0,0,0,-0,0,1.53759,0,0,0,0,0,0,0,0,0,0,0,0,0,0,0,0,0,0,0,0,0,0,0,0,0,0,0,0,0,0,0,0,0
7.6,0,0,0,0,0,0,3.07898,2.02201,-2.5863,4.88289e-06,-0.000108644,-0.000286107,8.02828e-05,-0.000518486,-0.0015958,0,0,0,0,0,0,0,0,0,0,0,0,0,0,0,0,0,0,0,0,0,0,0,0,0,0,0,0,0,0,0,0,0,0,0,0,0,0,0,0,1.88995,1.04713,0.00957392,-8.54508e-06,-0.000120852,5.82739e-05,-2.75139e-05,-0.000643862,0.000427705,0,0,0,0,0,0,0,0,0,0,0,0,0,0,0,0,0,0,0,0,0,0,0,0,0,0,0,0,0,0,0,0,0,0,0,0,0,0,0,0,0,0,0,0,0,0,0,0,0,0,0,0,2,0,0,0,0,0,1.1989,0.1703,2.5193,0,0,0,0,0,0,0,-0,0,1.53759,0,0,0,0,0,0,0,0,0,0,0,0,0,0,0,0,0,0,0,0,0,0,0,0,0,0,0,0,0,0,0,0,0
7.65,0,0,0,0,0,0,3.07898,2.02201,-2.5863,4.88289e-06,-0.000108644,-0.000286107,8.02828e-05,-0.000518486,-0.0015958,0,0,0,0,0,0,0,0,0,0,0,0,0,0,0,0,0,0,0,0,0,0,0,0,0,0,0,0,0,0,0,0,0,0,0,0,0,0,0,0,1.88995,1.04713,0.00957392,-8.54508e-06,-0.000120852,5.82739e-05,-2.75139e-05,-0.000643862,0.000427705,0,0,0,0,0,0,0,0,0,0,0,0,0,0,0,0,0,0,0,0,0,0,0,0,0,0,0,0,0,0,0,0,0,0,0,0,0,0,0,0,0,0,0,0,0,0,0,0,0,0,0,0,2,0,0,0,0,0,1.1989,0.1703,2.5193,0,0,0,0,0,0,0,-0,0,1.53759,0,0,0,0,0,0,0,0,0,0,0,0,0,0,0,0,0,0,0,0,0,0,0,0,0,0,0,0,0,0,0,0,0
7.7,0,0,0,0,0,0,3.07898,2.02204,-2.58627,0,0.000241065,0.000259194,3.212e-05,0.00102983,0.000909179,0,0,0,0,0,0,0,0,0,0,0,0,0,0,0,0,0,0,0,0,0,0,0,0,0,0,0,0,0,0,0,0,0,0,0,0,0,0,0,0,1.88995,1.04714,0.00958006,7.67023e-05,1.58275e-05,6.13059e-05,0.000319856,-1.22294e-05,0.000167911,0,0,0,0,0,0,0,0,0,0,0,0,0,0,0,0,0,0,0,0,0,0,0,0,0,0,0,0,0,0,0,0,0,0,0,0,0,0,0,0,0,0,0,0,0,0,0,0,0,0,0,0,2,0,0,0,0,0,1.1989,0.1703,2.5193,0,0,0,0,0,0,0,-0,0,1.5376,0,0,0,0,0,0,0,0,0,0,0,0,0,0,0,0,0,0,0,0,0,0,0,0,0,0,0,0,0,0,0,0,0
7.75,0,0,0,0,0,0,3.07898,2.02204,-2.58627,0,0.000241065,0.000259194,3.212e-05,0.00102983,0.000909179,0,0,0,0,0,0,0,0,0,0,0,0,0,0,0,0,0,0,0,0,0,0,0,0,0,0,0,0,0,0,0,0,0,0,0,0,0,0,0,0,1.88995,1.04714,0.00958006,7.67023e-05,1.58275e-05,6.13059e-05,0.000319856,-1.22294e-05,0.000167911,0,0,0,0,0,0,0,0,0,0,0,0,0,0,0,0,0,0,0,0,0,0,0,0,0,0,0,0,0,0,0,0,0,0,0,0,0,0,0,0,0,0,0,0,0,0,0,0,0,0,0,0,2,0,0,0,0,0,1.2754,0.2468,2.5958,0,0,0,0,0,0,0,-0,0,1.5376,0,0,0,0,0,0,0,0,0,0,0,0,0,0,0,0,0,0,0,0,0,0,0,0,0,0,0,0,0,0,0,0,0
7.8,0,0,0,0,0,0,3.07898,2.02201,-2.58629,-9.79398e-06,-0.000257092,-0.000176942,-2.63335e-05,-0.00116448,-0.000860019,0,0,0,0,0,0,0,0,0,0,0,0,0,0,0,0,0,0,0,0,0,0,0,0,0,0,0,0,0,0,0,0,0,0,0,0,0,0,0,0,1.88994,1.04713,0.0095538,-9.05944e-05,-9.91641e-05,-0.000263386,-0.000429896,-0.000381325,-0.00123175,0,0,0,0,0,0,0,0,0,0,0,0,0,0,0,0,0,0,0,0,0,0,0,0,0,0,0,0,0,0,0,0,0,0,0,0,0,0,0,0,0,0,0,0,0,0,0,0,0,0,0,0,2,0,0,0,0,0,1.2754,0.2468,2.5958,0,0,0,0,0,0,0,-0,0,1.5376,0,0,0,0,0,0,0,0,0,0,0,0,0,0,0,0,0,0,0,0,0,0,0,0,0,0,0,0,0,0,0,0,0
7.85,0,0,0,0,0,0,3.07898,2.02201,-2.58629,-9.79398e-06,-0.000257092,-0.000176942,-2.63335e-05,-0.00116448,-0.000860019,0,0,0,0,0,0,0,0,0,0,0,0,0,0,0,0,0,0,0,0,0,0,0,0,0,0,0,0,0,0,0,0,0,0,0,0,0,0,0,0,1.88994,1.04713,0.0095538,-9.05944e-05,-9.91641e-05,-0.000263386,-0.000429896,-0.000381325,-0.00123175,0,0,0,0,0,0,0,0,0,0,0,0,0,0,0,0,0,0,0,0,0,0,0,0,0,0,0,0,0,0,0,0,0,0,0,0,0,0,0,0,0,0,0,0,0,0,0,0,0,0,0,0,2,0,0,0,0,0,1.2754,0.2468,2.5958,0,0,0,0,0,0,0,-0,0,1.5376,0,0,0,0,0,0,0,0,0,0,0,0,0,0,0,0,0,0,0,0,0,0,0,0,0,0,0,0,0,0,0,0,0
7.9,0,0,0,0,0,0,3.07897,2.02204,-2.58627,-2.4413e-05,0.000230703,0.000152581,-8.22316e-05,0.000950216,0.000558942,0,0,0,0,0,0,0,0,0,0,0,0,0,0,0,0,0,0,0,0,0,0,0,0,0,0,0,0,0,0,0,0,0,0,0,0,0,0,0,0,1.88995,1.04713,0.00956444,1.95304e-05,5.85912e-05,0.00010639,7.97047e-05,0.000350453,0.000546074,0,0,0,0,0,0,0,0,0,0,0,0,0,0,0,0,0,0,0,0,0,0,0,0,0,0,0,0,0,0,0,0,0,0,0,0,0,0,0,0,0,0,0,0,0,0,0,0,0,0,0,0,2,0,0,0,0,0,1.2754,0.2468,2.5958,0,0,0,0,0,0,0,-0,0,1.5376,0,0,0,0,0,0,0,0,0,0,0,0,0,0,0,0,0,0,0,0,0,0,0,0,0,0,0,0,0,0,0,0,0
7.95,0,0,0,0,0,0,3.07897,2.02204,-2.58627,-2.4413e-05,0.000230703,0.000152581,-8.22316e-05,0.000950216,0.000558942,0,0,0,0,0,0,0,0,0,0,0,0,0,0,0,0,0,0,0,0,0,0,0,0,0,0,0,0,0,0,0,0,0,0,0,0,0,0,0,0,1.88995,1.04713,0.00956444,1.95304e-05,5.85912e-05,0.00010639,7.97047e-05,0.000350453,0.000546074,0,0,0,0,0,0,0,0,0,0,0,0,0,0,0,0,0,0,0,0,0,0,0,0,0,0,0,0,0,0,0,0,0,0,0,0,0,0,0,0,0,0,0,0,0,0,0,0,0,0,0,0,2,0,0,0,0,0,1.2671,0.2385,2.5876,0,0,0,0,0,0,0,-0,0,1.5376,0,0,0,0,0,0,0,0,0,0,0,0,0,0,0,0,0,0,0,0,0,0,0,0,0,0,0,0,0,0,0,0,0
8,0,0,0,0,0,0,3.07897,2.02202,-2.58628,2.44077e-06,-0.000140344,-7.15068e-05,5.03971e-05,-0.000625255,-0.000367353,0,0,0,0,0,0,0,0,0,0,0,0,0,0,0,0,0,0,0,0,0,0,0,0,0,0,0,0,0,0,0,0,0,0,0,0,0,0,0,0,1.88994,1.04713,0.00955647,-1.22038e-05,4.88153e-06,-7.97189e-05,-9.73302e-06,9.51627e-05,-0.000174374,0,0,0,0,0,0,0,0,0,0,0,0,0,0,0,0,0,0,0,0,0,0,0,0,0,0,0,0,0,0,0,0,0,0,0,0,0,0,0,0,0,0,0,0,0,0,0,0,0,0,0,0,2,0,0,0,0,0,1.2671,0.2385,2.5876,0,0,0,0,0,0,0,-0,0,1.53759,0,0,0,0,0,0,0,0,0,0,0,0,0,0,0,0,0,0,0,0,0,0,0,0,0,0,0,0,0,0,0,0,0
8.05,0,0,0,0,0,0,3.07897,2.02202,-2.58628,2.44077e-06,-0.000140344,-7.15068e-05,5.03971e-05,-0.000625255,-0.000367353,0,0,0,0,0,0,0,0,0,0,0,0,0,0,0,0,0,0,0,0,0,0,0,0,0,0,0,0,0,0,0,0,0,0,0,0,0,0,0,0,1.88994,1.04713,0.00955647,-1.22038e-05,4.88153e-06,-7.97189e-05,-9.73302e-06,9.51627e-05,-0.000174374,0,0,0,0,0,0,0,0,0,0,0,0,0,0,0,0,0,0,0,0,0,0,0,0,0,0,0,0,0,0,0,0,0,0,0,0,0,0,0,0,0,0,0,0,0,0,0,0,0,0,0,0,2,0,0,0,0,0,1.2671,0.2385,2.5876,0,0,0,0,0,0,0,-0,0,1.53759,0,0,0,0,0,0,0,0,0,0,0,0,0,0,0,0,0,0,0,0,0,0,0,0,0,0,0,0,0,0,0,0,0
8.1,0,0,0,0,0,0,3.07898,2.02201,-2.58628,8.05914e-05,-6.71595e-05,4.76985e-06,0.000360461,-0.000296063,-4.10785e-05,0,0,0,0,0,0,0,0,0,0,0,0,0,0,0,0,0,0,0,0,0,0,0,0,0,0,0,0,0,0,0,0,0,0,0,0,0,0,0,0,1.88995,1.04713,0.00955576,3.29692e-05,-8.54758e-06,-7.1082e-06,0.000162558,-3.10688e-05,8.80113e-05,0,0,0,0,0,0,0,0,0,0,0,0,0,0,0,0,0,0,0,0,0,0,0,0,0,0,0,0,0,0,0,0,0,0,0,0,0,0,0,0,0,0,0,0,0,0,0,0,0,0,0,0,2,0,0,0,0,0,1.2671,0.2385,2.5876,0,0,0,0,0,0,0,-0,0,1.53759,0,0,0,0,0,0,0,0,0,0,0,0,0,0,0,0,0,0,0,0,0,0,0,0,0,0,0,0,0,0,0,0,0
8.15,0,0,0,0,0,0,3.07898,2.02201,-2.58628,8.05914e-05,-6.71595e-05,4.76985e-06,0.000360461,-0.000296063,-4.10785e-05,0,0,0,0,0,0,0,0,0,0,0,0,0,0,0,0,0,0,0,0,0,0,0,0,0,0,0,0,0,0,0,0,0,0,0,0,0,0,0,0,1.88995,1.04713,0.00955576,3.29692e-05,-8.54758e-06,-7.1082e-06,0.000162558,-3.10688e-05,8.80113e-05,0,0,0,0,0,0,0,0,0,0,0,0,0,0,0,0,0,0,0,0,0,0,0,0,0,0,0,0,0,0,0,0,0,0,0,0,0,0,0,0,0,0,0,0,0,0,0,0,0,0,0,0,2,0,0,0,0,0,1.2732,0.2446,2.5936,0,0,0,0,0,0,0,-0,0,1.53759,0,0,0,0,0,0,0,0,0,0,0,0,0,0,0,0,0,0,0,0,0,0,0,0,0,0,0,0,0,0,0,0,0
8.2,0,0,0,0,0,0,3.07898,2.02202,-2.58627,-4.39313e-05,8.29814e-05,8.81868e-05,-0.000239101,0.000466638,0.000352818,0,0,0,0,0,0,0,0,0,0,0,0,0,0,0,0,0,0,0,0,0,0,0,0,0,0,0,0,0,0,0,0,0,0,0,0,0,0,0,0,1.88995,1.04714,0.00955731,3.66093e-06,3.41687e-05,1.55295e-05,3.84183e-06,0.000134949,0.000178785,0,0,0,0,0,0,0,0,0,0,0,0,0,0,0,0,0,0,0,0,0,0,0,0,0,0,0,0,0,0,0,0,0,0,0,0,0,0,0,0,0,0,0,0,0,0,0,0,0,0,0,0,2,0,0,0,0,0,1.2732,0.2446,2.5936,0,0,0,0,0,0,0,-0,0,1.53759,0,0,0,0,0,0,0,0,0,0,0,0,0,0,0,0,0,0,0,0,0,0,0,0,0,0,0,0,0,0,0,0,0
8.25,0,0,0,0,0,0,3.07898,2.02202,-2.58627,-4.39313e-05,8.29814e-05,8.81868e-05,-0.000239101,0.000466638,0.000352818,0,0,0,0,0,0,0,0,0,0,0,0,0,0,0,0,0,0,0,0,0,0,0,0,0,0,0,0,0,0,0,0,0,0,0,0,0,0,0,0,1.88995,1.04714,0.00955731,3.66093e-06,3.41687e-05,1.55295e-05,3.84183e-06,0.000134949,0.000178785,0,0,0,0,0,0,0,0,0,0,0,0,0,0,0,0,0,0,0,0,0,0,0,0,0,0,0,0,0,0,0,0,0,0,0,0,0,0,0,0,0,0,0,0,0,0,0,0,0,0,0,0,2,0,0,0,0,0,1.2732,0.2446,2.5936,0,0,0,0,0,0,0,-0,0,1.53759,0,0,0,0,0,0,0,0,0,0,0,0,0,0,0,0,0,0,0,0,0,0,0,0,0,0,0,0,0,0,0,0,0
8.3,0,0,0,0,0,0,3.07898,2.02201,-2.58627,4.39519e-05,-0.000107438,-4.05372e-05,0.000126475,-0.000377521,-0.00024929,0,0,0,0,0,0,0,0,0,0,0,0,0,0,0,0,0,0,0,0,0,0,0,0,0,0,0,0,0,0,0,0,0,0,0,0,0,0,0,0,1.88995,1.04713,0.00961875,0,-1.22089e-05,0.000614505,-3.38121e-05,-8.18369e-05,0.00251194,0,0,0,0,0,0,0,0,0,0,0,0,0,0,0,0,0,0,0,0,0,0,0,0,0,0,0,0,0,0,0,0,0,0,0,0,0,0,0,0,0,0,0,0,0,0,0,0,0,0,0,0,2,0,0,0,0,0,1.2732,0.2446,2.5936,0,0,0,0,0,0,0,-0,0,1.53759,0,0,0,0,0,0,0,0,0,0,0,0,0,0,0,0,0,0,0,0,0,0,0,0,0,0,0,0,0,0,0,0,0
8.35,0,0,0,0,0,0,3.07898,2.02201,-2.58627,4.39519e-05,-0.000107438,-4.05372e-05,0.000126475,-0.000377521,-0.00024929,0,0,0,0,0,0,0,0,0,0,0,0,0,0,0,0,0,0,0,0,0,0,0,0,0,0,0,0,0,0,0,0,0,0,0,0,0,0,0,0,1.88995,1.04713,0.00961875,0,-1.22089e-05,0.000614505,-3.38121e-05,-8.18369e-05,0.00251194,0,0,0,0,0,0,0,0,0,0,0,0,0,0,0,0,0,0,0,0,0,0,0,0,0,0,0,0,0,0,0,0,0,0,0,0,0,0,0,0,0,0,0,0,0,0,0,0,0,0,0,0,2,0,0,0,0,0,1.2754,0.2468,2.5959,0,0,0,0,0,0,0,-0,0,1.53759,0,0,0,0,0,0,0,0,0,0,0,0,0,0,0,0,0,0,0,0,0,0,0,0,0,0,0,0,0,0,0,0,0
8.4,0,0,0,0,0,0,3.07898,2.02201,-2.58627,-4.88428e-05,1.58739e-05,1.43094e-05,-0.000245349,0.000151767,-1.20181e-05,0,0,0,0,0,0,0,0,0,0,0,0,0,0,0,0,0,0,0,0,0,0,0,0,0,0,0,0,0,0,0,0,0,0,0,0,0,0,0,0,1.88995,1.04713,0.00956355,-1.95371e-05,-2.44214e-06,-0.000552208,-0.000103456,-3.94468e-05,-0.00283729,0,0,0,0,0,0,0,0,0,0,0,0,0,0,0,0,0,0,0,0,0,0,0,0,0,0,0,0,0,0,0,0,0,0,0,0,0,0,0,0,0,0,0,0,0,0,0,0,0,0,0,0,2,0,0,0,0,0,1.2754,0.2468,2.5959,0,0,0,0,0,0,0,-0,0,1.53759,0,0,0,0,0,0,0,0,0,0,0,0,0,0,0,0,0,0,0,0,0,0,0,0,0,0,0,0,0,0,0,0,0
8.45,0,0,0,0,0,0,3.07898,2.02201,-2.58627,-4.88428e-05,1.58739e-05,1.43094e-05,-0.000245349,0.000151767,-1.20181e-05,0,0,0,0,0,0,0,0,0,0,0,0,0,0,0,0,0,0,0,0,0,0,0,0,0,0,0,0,0,0,0,0,0,0,0,0,0,0,0,0,1.88995,1.04713,0.00956355,-1.95371e-05,-2.44214e-06,-0.000552208,-0.000103456,-3.94468e-05,-0.00283729,0,0,0,0,0,0,0,0,0,0,0,0,0,0,0,0,0,0,0,0,0,0,0,0,0,0,0,0,0,0,0,0,0,0,0,0,0,0,0,0,0,0,0,0,0,0,0,0,0,0,0,0,2,0,0,0,0,0,1.2754,0.2468,2.5959,0,0,0,0,0,0,0,-0,0,1.53759,0,0,0,0,0,0,0,0,0,0,0,0,0,0,0,0,0,0,0,0,0,0,0,0,0,0,0,0,0,0,0,0,0
8.5,0,0,0,0,0,0,3.07898,2.02202,-2.58631,0,2.07523e-05,-0.000402935,-2.53759e-06,0.00018232,-0.00164267,0,0,0,0,0,0,0,0,0,0,0,0,0,0,0,0,0,0,0,0,0,0,0,0,0,0,0,0,0,0,0,0,0,0,0,0,0,0,0,0,1.88994,1.04713,0.009537,-4.15047e-05,-2.44145e-05,-0.00026546,-0.00015934,-0.000105749,-0.00128214,0,0,0,0,0,0,0,0,0,0,0,0,0,0,0,0,0,0,0,0,0,0,0,0,0,0,0,0,0,0,0,0,0,0,0,0,0,0,0,0,0,0,0,0,0,0,0,0,0,0,0,0,2,0,0,0,0,0,1.2754,0.2468,2.5959,0,0,0,0,0,0,0,-0,0,1.5376,0,0,0,0,0,0,0,0,0,0,0,0,0,0,0,0,0,0,0,0,0,0,0,0,0,0,0,0,0,0,0,0,0
8.55,0,0,0,0,0,0,3.07898,2.02202,-2.58631,0,2.07523e-05,-0.000402935,-2.53759e-06,0.00018232,-0.00164267,0,0,0,0,0,0,0,0,0,0,0,0,0,0,0,0,0,0,0,0,0,0,0,0,0,0,0,0,0,0,0,0,0,0,0,0,0,0,0,0,1.88994,1.04713,0.009537,-4.15047e-05,-2.44145e-05,-0.00026546,-0.00015934,-0.000105749,-0.00128214,0,0,0,0,0,0,0,0,0,0,0,0,0,0,0,0,0,0,0,0,0,0,0,0,0,0,0,0,0,0,0,0,0,0,0,0,0,0,0,0,0,0,0,0,0,0,0,0,0,0,0,0,2,0,0,0,0,0,1.2278,0.1992,2.5482,0,0,0,0,0,0,0,-0,0,1.5376,0,0,0,0,0,0,0,0,0,0,0,0,0,0,0,0,0,0,0,0,0,0,0,0,0,0,0,0,0,0,0,0,0
8.6,0,0,0,0,0,0,3.07898,2.02201,-2.5863,0,-4.63827e-05,0.000135887,3.13567e-05,-0.000154706,0.000946215,0,0,0,0,0,0,0,0,0,0,0,0,0,0,0,0,0,0,0,0,0,0,0,0,0,0,0,0,0,0,0,0,0,0,0,0,0,0,0,0,1.88995,1.04713,0.00955995,6.71329e-05,-9.76479e-06,0.000229449,0.000330864,-1.39306e-05,0.00141833,0,0,0,0,0,0,0,0,0,0,0,0,0,0,0,0,0,0,0,0,0,0,0,0,0,0,0,0,0,0,0,0,0,0,0,0,0,0,0,0,0,0,0,0,0,0,0,0,0,0,0,0,2,0,0,0,0,0,1.2278,0.1992,2.5482,0,0,0,0,0,0,0,-0,0,1.53759,0,0,0,0,0,0,0,0,0,0,0,0,0,0,0,0,0,0,0,0,0,0,0,0,0,0,0,0,0,0,0,0,0
8.65,0,0,0,0,0,0,3.07898,2.02201,-2.5863,0,-4.63827e-05,0.000135887,3.13567e-05,-0.000154706,0.000946215,0,0,0,0,0,0,0,0,0,0,0,0,0,0,0,0,0,0,0,0,0,0,0,0,0,0,0,0,0,0,0,0,0,0,0,0,0,0,0,0,1.88995,1.04713,0.00955995,6.71329e-05,-9.76479e-06,0.000229449,0.000330864,-1.39306e-05,0.00141833,0,0,0,0,0,0,0,0,0,0,0,0,0,0,0,0,0,0,0,0,0,0,0,0,0,0,0,0,0,0,0,0,0,0,0,0,0,0,0,0,0,0,0,0,0,0,0,0,0,0,0,0,2,0,0,0,0,0,1.2278,0.1992,2.5482,0,0,0,0,0,0,0,-0,0,1.53759,0,0,0,0,0,0,0,0,0,0,0,0,0,0,0,0,0,0,0,0,0,0,0,0,0,0,0,0,0,0,0,0,0
8.7,0,0,0,0,0,0,3.07898,2.02201,-2.58628,-9.76695e-06,3.66261e-05,0.000212221,-1.56051e-05,0.000193194,0.00122363,0,0,0,0,0,0,0,0,0,0,0,0,0,0,0,0,0,0,0,0,0,0,0,0,0,0,0,0,0,0,0,0,0,0,0,0,0,0,0,0,1.88995,1.04714,0.00957373,6.10434e-06,7.93564e-05,0.000137873,2.11279e-05,0.000360166,0.00085109,0,0,0,0,0,0,0,0,0,0,0,0,0,0,0,0,0,0,0,0,0,0,0,0,0,0,0,0,0,0,0,0,0,0,0,0,0,0,0,0,0,0,0,0,0,0,0,0,0,0,0,0,2,0,0,0,0,0,1.2278,0.1992,2.5482,0,0,0,0,0,0,0,-0,0,1.53758,0,0,0,0,0,0,0,0,0,0,0,0,0,0,0,0,0,0,0,0,0,0,0,0,0,0,0,0,0,0,0,0,0
8.75,0,0,0,0,0,0,3.07898,2.02201,-2.58628,-9.76695e-06,3.66261e-05,0.000212221,-1.56051e-05,0.000193194,0.00122363,0,0,0,0,0,0,0,0,0,0,0,0,0,0,0,0,0,0,0,0,0,0,0,0,0,0,0,0,0,0,0,0,0,0,0,0,0,0,0,0,1.88995,1.04714,0.00957373,6.10434e-06,7.93564e-05,0.000137873,2.11279e-05,0.000360166,0.00085109,0,0,0,0,0,0,0,0,0,0,0,0,0,0,0,0,0,0,0,0,0,0,0,0,0,0,0,0,0,0,0,0,0,0,0,0,0,0,0,0,0,0,0,0,0,0,0,0,0,0,0,0,2,0,0,0,0,0,1.3312,0.3026,2.6516,0,0,0,0,0,0,0,-0,0,1.53758,0,0,0,0,0,0,0,0,0,0,0,0,0,0,0,0,0,0,0,0,0,0,0,0,0,0,0,0,0,0,0,0,0
8.8,0,0,0,0,0,0,3.07898,2.02202,-2.58628,2.93009e-05,2.44174e-05,-5.72282e-05,0.000140375,0.000114332,-0.000304317,0,0,0,0,0,0,0,0,0,0,0,0,0,0,0,0,0,0,0,0,0,0,0,0,0,0,0,0,0,0,0,0,0,0,0,0,0,0,0,0,1.88992,1.04714,0.00973127,-0.000303996,1.22087e-05,0.00157554,-0.00126829,-1.38759e-06,0.00617876,0,0,0,0,0,0,0,0,0,0,0,0,0,0,0,0,0,0,0,0,0,0,0,0,0,0,0,0,0,0,0,0,0,0,0,0,0,0,0,0,0,0,0,0,0,0,0,0,0,0,0,0,2,0,0,0,0,0,1.3312,0.3026,2.6516,0,0,0,0,0,0,0,-0,0,1.53761,0,0,0,0,0,0,0,0,0,0,0,0,0,0,0,0,0,0,0,0,0,0,0,0,0,0,0,0,0,0,0,0,0
8.85,0,0,0,0,0,0,3.07898,2.02202,-2.58628,2.93009e-05,2.44174e-05,-5.72282e-05,0.000140375,0.000114332,-0.000304317,0,0,0,0,0,0,0,0,0,0,0,0,0,0,0,0,0,0,0,0,0,0,0,0,0,0,0,0,0,0,0,0,0,0,0,0,0,0,0,0,1.88992,1.04714,0.00973127,-0.000303996,1.22087e-05,0.00157554,-0.00126829,-1.38759e-06,0.00617876,0,0,0,0,0,0,0,0,0,0,0,0,0,0,0,0,0,0,0,0,0,0,0,0,0,0,0,0,0,0,0,0,0,0,0,0,0,0,0,0,0,0,0,0,0,0,0,0,0,0,0,0,2,0,0,0,0,0,1.3312,0.3026,2.6516,0,0,0,0,0,0,0,-0,0,1.53761,0,0,0,0,0,0,0,0,0,0,0,0,0,0,0,0,0,0,0,0,0,0,0,0,0,0,0,0,0,0,0,0,0
8.9,0,0,0,0,0,0,3.07898,2.02202,-2.58628,2.93009e-05,2.44174e-05,-5.72282e-05,0.000140375,0.000114332,-0.000304317,0,0,0,0,0,0,0,0,0,0,0,0,0,0,0,0,0,0,0,0,0,0,0,0,0,0,0,0,0,0,0,0,0,0,0,0,0,0,0,0,1.88992,1.04714,0.00973127,-0.000303996,1.22087e-05,0.00157554,-0.00126829,-1.38759e-06,0.00617876,0,0,0,0,0,0,0,0,0,0,0,0,0,0,0,0,0,0,0,0,0,0,0,0,0,0,0,0,0,0,0,0,0,0,0,0,0,0,0,0,0,0,0,0,0,0,0,0,0,0,0,0,2,0,0,0,0,0,1.3312,0.3026,2.6516,0,0,0,0,0,0,0,-0,0,1.53761,0,0,0,0,0,0,0,0,0,0,0,0,0,0,0,0,0,0,0,0,0,0,0,0,0,0,0,0,0,0,0,0,0
8.95,0,0,0,0,0,0,3.07898,2.02202,-2.58628,3.66232e-05,-1.95324e-05,4.53022e-05,0.000134667,-0.000117631,2.01055e-05,0,0,0,0,0,0,0,0,0,0,0,0,0,0,0,0,0,0,0,0,0,0,0,0,0,0,0,0,0,0,0,0,0,0,0,0,0,0,0,0,1.88995,1.04713,0.00960796,0.00026735,-0.000146493,-0.00123314,0.00134679,-0.000683904,-0.00679117,0,0,0,0,0,0,0,0,0,0,0,0,0,0,0,0,0,0,0,0,0,0,0,0,0,0,0,0,0,0,0,0,0,0,0,0,0,0,0,0,0,0,0,0,0,0,0,0,0,0,0,0,2,0,0,0,0,0,1.3151,0.2865,2.6356,0,0,0,0,0,0,0,-0,0,1.5376,0,0,0,0,0,0,0,0,0,0,0,0,0,0,0,0,0,0,0,0,0,0,0,0,0,0,0,0,0,0,0,0,0
9,0,0,0,0,0,0,3.07898,2.022,-2.5863,-6.59023e-05,-0.000152552,-0.000185922,-0.000329591,-0.000633564,-0.000867956,0,0,0,0,0,0,0,0,0,0,0,0,0,0,0,0,0,0,0,0,0,0,0,0,0,0,0,0,0,0,0,0,0,0,0,0,0,0,0,0,1.88994,1.04712,0.00955618,-2.0747e-05,-3.90532e-05,-0.000517711,1.14625e-05,-7.37265e-05,-0.00297461,0,0,0,0,0,0,0,0,0,0,0,0,0,0,0,0,0,0,0,0,0,0,0,0,0,0,0,0,0,0,0,0,0,0,0,0,0,0,0,0,0,0,0,0,0,0,0,0,0,0,0,0,2,0,0,0,0,0,1.3151,0.2865,2.6356,0,0,0,0,0,0,0,-0,0,1.53759,0,0,0,0,0,0,0,0,0,0,0,0,0,0,0,0,0,0,0,0,0,0,0,0,0,0,0,0,0,0,0,0,0
9.05,0,0,0,0,0,0,3.07898,2.022,-2.5863,-6.59023e-05,-0.000152552,-0.000185922,-0.000329591,-0.000633564,-0.000867956,0,0,0,0,0,0,0,0,0,0,0,0,0,0,0,0,0,0,0,0,0,0,0,0,0,0,0,0,0,0,0,0,0,0,0,0,0,0,0,0,1.88994,1.04712,0.00955618,-2.0747e-05,-3.90532e-05,-0.000517711,1.14625e-05,-7.37265e-05,-0.00297461,0,0,0,0,0,0,0,0,0,0,0,0,0,0,0,0,0,0,0,0,0,0,0,0,0,0,0,0,0,0,0,0,0,0,0,0,0,0,0,0,0,0,0,0,0,0,0,0,0,0,0,0,2,0,0,0,0,0,1.3151,0.2865,2.6356,0,0,0,0,0,0,0,-0,0,1.53759,0,0,0,0,0,0,0,0,0,0,0,0,0,0,0,0,0,0,0,0,0,0,0,0,0,0,0,0,0,0,0,0,0
9.1,0,0,0,0,0,0,3.07898,2.02204,-2.58628,3.42029e-05,0.000393334,0.000217109,0.000139292,0.00173093,0.000969105,0,0,0,0,0,0,0,0,0,0,0,0,0,0,0,0,0,0,0,0,0,0,0,0,0,0,0,0,0,0,0,0,0,0,0,0,0,0,0,0,1.88994,1.04715,0.00953975,-6.84059e-05,0.000244307,-0.000164397,-0.000364235,0.00117049,0.000142689,0,0,0,0,0,0,0,0,0,0,0,0,0,0,0,0,0,0,0,0,0,0,0,0,0,0,0,0,0,0,0,0,0,0,0,0,0,0,0,0,0,0,0,0,0,0,0,0,0,0,0,0,2,0,0,0,0,0,1.3151,0.2865,2.6356,0,0,0,0,0,0,0,-0,0,1.53761,0,0,0,0,0,0,0,0,0,0,0,0,0,0,0,0,0,0,0,0,0,0,0,0,0,0,0,0,0,0,0,0,0
9.15,0,0,0,0,0,0,3.07898,2.02204,-2.58628,3.42029e-05,0.000393334,0.000217109,0.000139292,0.00173093,0.000969105,0,0,0,0,0,0,0,0,0,0,0,0,0,0,0,0,0,0,0,0,0,0,0,0,0,0,0,0,0,0,0,0,0,0,0,0,0,0,0,0,1.88994,1.04715,0.00953975,-6.84059e-05,0.000244307,-0.000164397,-0.000364235,0.00117049,0.000142689,0,0,0,0,0,0,0,0,0,0,0,0,0,0,0,0,0,0,0,0,0,0,0,0,0,0,0,0,0,0,0,0,0,0,0,0,0,0,0,0,0,0,0,0,0,0,0,0,0,0,0,0,2,0,0,0,0,0,1.3563,0.3277,2.6767,0,0,0,0,0,0,0,-0,0,1.53761,0,0,0,0,0,0,0,0,0,0,0,0,0,0,0,0,0,0,0,0,0,0,0,0,0,0,0,0,0,0,0,0,0
9.2,0,0,0,0,0,0,3.07898,2.02202,-2.58628,2.9313e-05,-0.00023084,-2.3855e-05,0.000127623,-0.0011337,-0.000131794,0,0,0,0,0,0,0,0,0,0,0,0,0,0,0,0,0,0,0,0,0,0,0,0,0,0,0,0,0,0,0,0,0,0,0,0,0,0,0,0,1.88994,1.04714,0.00955682,6.10687e-05,-7.32825e-05,0.000170824,0.000247607,-0.000397185,0.00184667,0,0,0,0,0,0,0,0,0,0,0,0,0,0,0,0,0,0,0,0,0,0,0,0,0,0,0,0,0,0,0,0,0,0,0,0,0,0,0,0,0,0,0,0,0,0,0,0,0,0,0,0,2,0,0,0,0,0,1.3563,0.3277,2.6767,0,0,0,0,0,0,0,-0,0,1.5376,0,0,0,0,0,0,0,0,0,0,0,0,0,0,0,0,0,0,0,0,0,0,0,0,0,0,0,0,0,0,0,0,0
9.25,0,0,0,0,0,0,3.07898,2.02202,-2.58628,2.9313e-05,-0.00023084,-2.3855e-05,0.000127623,-0.0011337,-0.000131794,0,0,0,0,0,0,0,0,0,0,0,0,0,0,0,0,0,0,0,0,0,0,0,0,0,0,0,0,0,0,0,0,0,0,0,0,0,0,0,0,1.88994,1.04714,0.00955682,6.10687e-05,-7.32825e-05,0.000170824,0.000247607,-0.000397185,0.00184667,0,0,0,0,0,0,0,0,0,0,0,0,0,0,0,0,0,0,0,0,0,0,0,0,0,0,0,0,0,0,0,0,0,0,0,0,0,0,0,0,0,0,0,0,0,0,0,0,0,0,0,0,2,0,0,0,0,0,1.3563,0.3277,2.6767,0,0,0,0,0,0,0,-0,0,1.5376,0,0,0,0,0,0,0,0,0,0,0,0,0,0,0,0,0,0,0,0,0,0,0,0,0,0,0,0,0,0,0,0,0
9.3,0,0,0,0,0,0,3.07898,2.02202,-2.58628,2.9313e-05,-0.00023084,-2.3855e-05,0.000127623,-0.0011337,-0.000131794,0,0,0,0,0,0,0,0,0,0,0,0,0,0,0,0,0,0,0,0,0,0,0,0,0,0,0,0,0,0,0,0,0,0,0,0,0,0,0,0,1.88994,1.04714,0.00955682,6.10687e-05,-7.32825e-05,0.000170824,0.000247607,-0.000397185,0.00184667,0,0,0,0,0,0,0,0,0,0,0,0,0,0,0,0,0,0,0,0,0,0,0,0,0,0,0,0,0,0,0,0,0,0,0,0,0,0,0,0,0,0,0,0,0,0,0,0,0,0,0,0,2,0,0,0,0,0,1.3563,0.3277,2.6767,0,0,0,0,0,0,0,-0,0,1.5376,0,0,0,0,0,0,0,0,0,0,0,0,0,0,0,0,0,0,0,0,0,0,0,0,0,0,0,0,0,0,0,0,0
9.35,0,0,0,0,0,0,3.07898,2.02201,-2.58629,-2.68551e-05,-1.70896e-05,-0.000157354,-0.00014935,-0.000215076,-0.000761769,0,0,0,0,0,0,0,0,0,0,0,0,0,0,0,0,0,0,0,0,0,0,0,0,0,0,0,0,0,0,0,0,0,0,0,0,0,0,0,0,1.88995,1.04712,0.00956964,5.37102e-05,-0.000134275,0.000128213,0.000202245,-0.000694717,0.00116981,0,0,0,0,0,0,0,0,0,0,0,0,0,0,0,0,0,0,0,0,0,0,0,0,0,0,0,0,0,0,0,0,0,0,0,0,0,0,0,0,0,0,0,0,0,0,0,0,0,0,0,0,2,0,0,0,0,0,1.2754,0.2468,2.5958,0,0,0,0,0,0,0,-0,0,1.5376,0,0,0,0,0,0,0,0,0,0,0,0,0,0,0,0,0,0,0,0,0,0,0,0,0,0,0,0,0,0,0,0,0
9.4,0,0,0,0,0,0,3.07898,2.022,-2.58631,-7.32481e-06,-0.000190445,-0.000193135,-4.9141e-05,-0.000697392,-0.000685609,0,0,0,0,0,0,0,0,0,0,0,0,0,0,0,0,0,0,0,0,0,0,0,0,0,0,0,0,0,0,0,0,0,0,0,0,0,0,0,0,1.88995,1.04712,0.00958247,-4.88321e-06,-2.68576e-05,0.000128272,-0.000118864,-2.81561e-05,0.000610925,0,0,0,0,0,0,0,0,0,0,0,0,0,0,0,0,0,0,0,0,0,0,0,0,0,0,0,0,0,0,0,0,0,0,0,0,0,0,0,0,0,0,0,0,0,0,0,0,0,0,0,0,2,0,0,0,0,0,1.2754,0.2468,2.5958,0,0,0,0,0,0,0,-0,0,1.53759,0,0,0,0,0,0,0,0,0,0,0,0,0,0,0,0,0,0,0,0,0,0,0,0,0,0,0,0,0,0,0,0,0
9.45,0,0,0,0,0,0,3.07898,2.022,-2.58631,-7.32481e-06,-0.000190445,-0.000193135,-4.9141e-05,-0.000697392,-0.000685609,0,0,0,0,0,0,0,0,0,0,0,0,0,0,0,0,0,0,0,0,0,0,0,0,0,0,0,0,0,0,0,0,0,0,0,0,0,0,0,0,1.88995,1.04712,0.00958247,-4.88321e-06,-2.68576e-05,0.000128272,-0.000118864,-2.81561e-05,0.000610925,0,0,0,0,0,0,0,0,0,0,0,0,0,0,0,0,0,0,0,0,0,0,0,0,0,0,0,0,0,0,0,0,0,0,0,0,0,0,0,0,0,0,0,0,0,0,0,0,0,0,0,0,2,0,0,0,0,0,1.2754,0.2468,2.5958,0,0,0,0,0,0,0,-0,0,1.53759,0,0,0,0,0,0,0,0,0,0,0,0,0,0,0,0,0,0,0,0,0,0,0,0,0,0,0,0,0,0,0,0,0
9.5,0,0,0,0,0,0,3.07898,2.02202,-2.58628,4.8831e-06,0.000286882,0.000288503,3.2834e-05,0.00142322,0.0015231,0,0,0,0,0,0,0,0,0,0,0,0,0,0,0,0,0,0,0,0,0,0,0,0,0,0,0,0,0,0,0,0,0,0,0,0,0,0,0,0,1.88995,1.04714,0.0095603,-8.54542e-06,0.000155038,-0.000221733,-0.000129463,0.000800107,-0.00110731,0,0,0,0,0,0,0,0,0,0,0,0,0,0,0,0,0,0,0,0,0,0,0,0,0,0,0,0,0,0,0,0,0,0,0,0,0,0,0,0,0,0,0,0,0,0,0,0,0,0,0,0,2,0,0,0,0,0,1.2754,0.2468,2.5958,0,0,0,0,0,0,0,-0,0,1.5376,0,0,0,0,0,0,0,0,0,0,0,0,0,0,0,0,0,0,0,0,0,0,0,0,0,0,0,0,0,0,0,0,0
9.55,0,0,0,0,0,0,3.07898,2.02202,-2.58628,4.8831e-06,0.000286882,0.000288503,3.2834e-05,0.00142322,0.0015231,0,0,0,0,0,0,0,0,0,0,0,0,0,0,0,0,0,0,0,0,0,0,0,0,0,0,0,0,0,0,0,0,0,0,0,0,0,0,0,0,1.88995,1.04714,0.0095603,-8.54542e-06,0.000155038,-0.000221733,-0.000129463,0.000800107,-0.00110731,0,0,0,0,0,0,0,0,0,0,0,0,0,0,0,0,0,0,0,0,0,0,0,0,0,0,0,0,0,0,0,0,0,0,0,0,0,0,0,0,0,0,0,0,0,0,0,0,0,0,0,0,2,0,0,0,0,0,1.2733,0.2447,2.5938,0,0,0,0,0,0,0,-0,0,1.5376,0,0,0,0,0,0,0,0,0,0,0,0,0,0,0,0,0,0,0,0,0,0,0,0,0,0,0,0,0,0,0,0,0
9.6,0,0,0,0,0,0,3.07898,2.02203,-2.58628,9.76668e-06,4.63917e-05,3.81511e-05,5.03241e-05,0.000180674,0.00021317,0,0,0,0,0,0,0,0,0,0,0,0,0,0,0,0,0,0,0,0,0,0,0,0,0,0,0,0,0,0,0,0,0,0,0,0,0,0,0,0,1.88994,1.04713,0.00955723,-3.90666e-05,-2.68583e-05,-3.06251e-05,-0.000201125,-0.000134273,-0.000133848,0,0,0,0,0,0,0,0,0,0,0,0,0,0,0,0,0,0,0,0,0,0,0,0,0,0,0,0,0,0,0,0,0,0,0,0,0,0,0,0,0,0,0,0,0,0,0,0,0,0,0,0,2,0,0,0,0,0,1.2733,0.2447,2.5938,0,0,0,0,0,0,0,-0,0,1.5376,0,0,0,0,0,0,0,0,0,0,0,0,0,0,0,0,0,0,0,0,0,0,0,0,0,0,0,0,0,0,0,0,0
9.65,0,0,0,0,0,0,3.07898,2.02203,-2.58628,9.76668e-06,4.63917e-05,3.81511e-05,5.03241e-05,0.000180674,0.00021317,0,0,0,0,0,0,0,0,0,0,0,0,0,0,0,0,0,0,0,0,0,0,0,0,0,0,0,0,0,0,0,0,0,0,0,0,0,0,0,0,1.88994,1.04713,0.00955723,-3.90666e-05,-2.68583e-05,-3.06251e-05,-0.000201125,-0.000134273,-0.000133848,0,0,0,0,0,0,0,0,0,0,0,0,0,0,0,0,0,0,0,0,0,0,0,0,0,0,0,0,0,0,0,0,0,0,0,0,0,0,0,0,0,0,0,0,0,0,0,0,0,0,0,0,2,0,0,0,0,0,1.2733,0.2447,2.5938,0,0,0,0,0,0,0,-0,0,1.5376,0,0,0,0,0,0,0,0,0,0,0,0,0,0,0,0,0,0,0,0,0,0,0,0,0,0,0,0,0,0,0,0,0
9.7,0,0,0,0,0,0,3.07899,2.02202,-2.58624,6.83476e-05,-6.10246e-05,0.000440998,0.00026667,-0.000488898,0.00156044,0,0,0,0,0,0,0,0,0,0,0,0,0,0,0,0,0,0,0,0,0,0,0,0,0,0,0,0,0,0,0,0,0,0,0,0,0,0,0,0,1.88995,1.04713,0.00956391,4.27173e-05,-4.88198e-05,6.68017e-05,0.000196324,-0.000294852,0.000440685,0,0,0,0,0,0,0,0,0,0,0,0,0,0,0,0,0,0,0,0,0,0,0,0,0,0,0,0,0,0,0,0,0,0,0,0,0,0,0,0,0,0,0,0,0,0,0,0,0,0,0,0,2,0,0,0,0,0,1.2733,0.2447,2.5938,0,0,0,0,0,0,0,-0,0,1.53761,0,0,0,0,0,0,0,0,0,0,0,0,0,0,0,0,0,0,0,0,0,0,0,0,0,0,0,0,0,0,0,0,0
9.75,0,0,0,0,0,0,3.07899,2.02202,-2.58624,6.83476e-05,-6.10246e-05,0.000440998,0.00026667,-0.000488898,0.00156044,0,0,0,0,0,0,0,0,0,0,0,0,0,0,0,0,0,0,0,0,0,0,0,0,0,0,0,0,0,0,0,0,0,0,0,0,0,0,0,0,1.88995,1.04713,0.00956391,4.27173e-05,-4.88198e-05,6.68017e-05,0.000196324,-0.000294852,0.000440685,0,0,0,0,0,0,0,0,0,0,0,0,0,0,0,0,0,0,0,0,0,0,0,0,0,0,0,0,0,0,0,0,0,0,0,0,0,0,0,0,0,0,0,0,0,0,0,0,0,0,0,0,2,0,0,0,0,0,1.1873,0.1586,2.5077,0,0,0,0,0,0,0,-0,0,1.53761,0,0,0,0,0,0,0,0,0,0,0,0,0,0,0,0,0,0,0,0,0,0,0,0,0,0,0,0,0,0,0,0,0
9.8,0,0,0,0,0,0,3.07898,2.02201,-2.58631,-3.41877e-05,-0.000119657,-0.000720193,-0.000220347,-0.000618409,-0.00352074,0,0,0,0,0,0,0,0,0,0,0,0,0,0,0,0,0,0,0,0,0,0,0,0,0,0,0,0,0,0,0,0,0,0,0,0,0,0,0,0,1.88995,1.04713,0.00956682,1.70939e-05,-8.54693e-06,2.90827e-05,6.92608e-05,-3.78227e-05,0.000191608,0,0,0,0,0,0,0,0,0,0,0,0,0,0,0,0,0,0,0,0,0,0,0,0,0,0,0,0,0,0,0,0,0,0,0,0,0,0,0,0,0,0,0,0,0,0,0,0,0,0,0,0,2,0,0,0,0,0,1.1873,0.1586,2.5077,0,0,0,0,0,0,0,-0,0,1.53759,0,0,0,0,0,0,0,0,0,0,0,0,0,0,0,0,0,0,0,0,0,0,0,0,0,0,0,0,0,0,0,0,0
9.85,0,0,0,0,0,0,3.07898,2.02201,-2.58631,-3.41877e-05,-0.000119657,-0.000720193,-0.000220347,-0.000618409,-0.00352074,0,0,0,0,0,0,0,0,0,0,0,0,0,0,0,0,0,0,0,0,0,0,0,0,0,0,0,0,0,0,0,0,0,0,0,0,0,0,0,0,1.88995,1.04713,0.00956682,1.70939e-05,-8.54693e-06,2.90827e-05,6.92608e-05,-3.78227e-05,0.000191608,0,0,0,0,0,0,0,0,0,0,0,0,0,0,0,0,0,0,0,0,0,0,0,0,0,0,0,0,0,0,0,0,0,0,0,0,0,0,0,0,0,0,0,0,0,0,0,0,0,0,0,0,2,0,0,0,0,0,1.1873,0.1586,2.5077,0,0,0,0,0,0,0,-0,0,1.53759,0,0,0,0,0,0,0,0,0,0,0,0,0,0,0,0,0,0,0,0,0,0,0,0,0,0,0,0,0,0,0,0,0
9.9,0,0,0,0,0,0,3.07897,2.02204,-2.58631,-9.03349e-05,0.000251473,1.43056e-05,-0.000422582,0.001094,0.000132748,0,0,0,0,0,0,0,0,0,0,0,0,0,0,0,0,0,0,0,0,0,0,0,0,0,0,0,0,0,0,0,0,0,0,0,0,0,0,0,0,1.88995,1.04714,0.00955869,-1.09867e-05,0.00013184,-8.13723e-05,-8.77949e-05,0.000573013,-0.00035998,0,0,0,0,0,0,0,0,0,0,0,0,0,0,0,0,0,0,0,0,0,0,0,0,0,0,0,0,0,0,0,0,0,0,0,0,0,0,0,0,0,0,0,0,0,0,0,0,0,0,0,0,2,0,0,0,0,0,1.1873,0.1586,2.5077,0,0,0,0,0,0,0,-0,0,1.5376,0,0,0,0,0,0,0,0,0,0,0,0,0,0,0,0,0,0,0,0,0,0,0,0,0,0,0,0,0,0,0,0,0
9.95,0,0,0,0,0,0,3.07897,2.02204,-2.58631,-9.03349e-05,0.000251473,1.43056e-05,-0.000422582,0.001094,0.000132748,0,0,0,0,0,0,0,0,0,0,0,0,0,0,0,0,0,0,0,0,0,0,0,0,0,0,0,0,0,0,0,0,0,0,0,0,0,0,0,0,1.88995,1.04714,0.00955869,-1.09867e-05,0.00013184,-8.13723e-05,-8.77949e-05,0.000573013,-0.00035998,0,0,0,0,0,0,0,0,0,0,0,0,0,0,0,0,0,0,0,0,0,0,0,0,0,0,0,0,0,0,0,0,0,0,0,0,0,0,0,0,0,0,0,0,0,0,0,0,0,0,0,0,2,0,0,0,0,0,1.339,0.3104,2.6595,0,0,0,0,0,0,0,-0,0,1.5376,0,0,0,0,0,0,0,0,0,0,0,0,0,0,0,0,0,0,0,0,0,0,0,0,0,0,0,0,0,0,0,0,0
10,0,0,0,0,0,0,3.07898,2.02202,-2.58636,4.39492e-05,-0.000108652,-0.000517414,0.000255461,-0.000550284,-0.00155026,0,0,0,0,0,0,0,0,0,0,0,0,0,0,0,0,0,0,0,0,0,0,0,0,0,0,0,0,0,0,0,0,0,0,0,0,0,0,0,0,1.88995,1.04713,0.00962958,2.92995e-05,-9.52234e-05,0.000709033,8.69936e-05,-0.000480546,0.00286742,0,0,0,0,0,0,0,0,0,0,0,0,0,0,0,0,0,0,0,0,0,0,0,0,0,0,0,0,0,0,0,0,0,0,0,0,0,0,0,0,0,0,0,0,0,0,0,0,0,0,0,0,2,0,0,0,0,0,1.339,0.3104,2.6595,0,0,0,0,0,0,0,-0,0,1.5376,0,0,0,0,0,0,0,0,0,0,0,0,0,0,0,0,0,0,0,0,0,0,0,0,0,0,0,0,0,0,0,0,0
10.05,0,0,0,0,0,0,3.07898,2.02202,-2.58636,4.39492e-05,-0.000108652,-0.000517414,0.000255461,-0.000550284,-0.00155026,0,0,0,0,0,0,0,0,0,0,0,0,0,0,0,0,0,0,0,0,0,0,0,0,0,0,0,0,0,0,0,0,0,0,0,0,0,0,0,0,1.88995,1.04713,0.00962958,2.92995e-05,-9.52234e-05,0.000709033,8.69936e-05,-0.000480546,0.00286742,0,0,0,0,0,0,0,0,0,0,0,0,0,0,0,0,0,0,0,0,0,0,0,0,0,0,0,0,0,0,0,0,0,0,0,0,0,0,0,0,0,0,0,0,0,0,0,0,0,0,0,1,2,0,0,0,0,0,1.339,0.3104,2.6595,0,0,0,0,0,0,0,-0,0,1.5376,0,0,0,0,0,0,0,0,0,0,0,0,0,0,0,0,0,0,0,0,0,0,0,0,0,0,0,0,0,0,0,0,0
10.1,0,0,0,0,0,0,3.07898,2.02203,-2.58632,7.32268e-06,1.22045e-05,0.000379006,9.88107e-05,-7.00491e-05,0.00242321,0,0,0,0,0,0,0,0,0,0,0,0,0,0,0,0,0,0,0,0,0,0,0,0,0,0,0,0,0,0,0,0,0,0,0,0,0,0,0,0,1.88995,1.04714,0.00956355,-5.98019e-05,3.41725e-05,-0.000660206,-0.000280139,8.58986e-05,-0.00331261,0,0,0,0,0,0,0,0,0,0,0,0,0,0,0,0,0,0,0,0,0,0,0,0,0,0,0,0,0,0,0,0,0,0,0,0,0,0,0,0,0,0,0,0,0,0,0,0,0,0,0,1,2,0,0,0,0,0,1.339,0.3104,2.6595,0,0,0,0,0,0,0,-0,0,1.5376,0,0,0,0,0,0,0,0,0,0,0,0,0,0,0,0,0,0,0,0,0,0,0,0,0,0,0,0,0,0,0,0,0
10.15,0,0,0,0,0,0,3.07898,2.02203,-2.58632,7.32268e-06,1.22045e-05,0.000379006,9.88107e-05,-7.00491e-05,0.00242321,0,0,0,0,0,0,0,0,0,0,0,0,0,0,0,0,0,0,0,0,0,0,0,0,0,0,0,0,0,0,0,0,0,0,0,0,0,0,0,0,1.88995,1.04714,0.00956355,-5.98019e-05,3.41725e-05,-0.000660206,-0.000280139,8.58986e-05,-0.00331261,0,0,0,0,0,0,0,0,0,0,0,0,0,0,0,0,0,0,0,0,0,0,0,0,0,0,0,0,0,0,0,0,0,0,0,0,0,0,0,0,0,0,0,0,0,0,0,0,0,0,0,1,2,0,0,0,0,0,1.2754,0.2468,2.5959,0,0,0,0,0,0,0,-0,0,1.5376,0,0,0,0,0,0,0,0,0,0,0,0,0,0,0,0,0,0,0,0,0,0,0,0,0,0,0,0,0,0,0,0,0
10.2,0,0,0,0,0,0,3.07898,2.02204,-2.58625,4.15242e-05,0.000108696,0.000746615,0.000174773,0.000408446,0.00346122,0,0,0,0,0,0,0,0,0,0,0,0,0,0,0,0,0,0,0,0,0,0,0,0,0,0,0,0,0,0,0,0,0,0,0,0,0,0,0,0,1.88995,1.04712,0.00953251,2.32047e-05,-0.000161211,-0.000310505,0.000113811,-0.000652438,-0.00142763,0,0,0,0,0,0,0,0,0,0,0,0,0,0,0,0,0,0,0,0,0,0,0,0,0,0,0,0,0,0,0,0,0,0,0,0,0,0,0,0,0,0,0,0,0,0,0,0,0,0,0,1,2,0,0,0,0,0,1.2754,0.2468,2.5959,0,0,0,0,0,0,0,-0,0,1.53762,0,0,0,0,0,0,0,0,0,0,0,0,0,0,0,0,0,0,0,0,0,0,0,0,0,0,0,0,0,0,0,0,0
10.25,0,0,0,0,0,0,3.07898,2.02204,-2.58625,4.15242e-05,0.000108696,0.000746615,0.000174773,0.000408446,0.00346122,0,0,0,0,0,0,0,0,0,0,0,0,0,0,0,0,0,0,0,0,0,0,0,0,0,0,0,0,0,0,0,0,0,0,0,0,0,0,0,0,1.88995,1.04712,0.00953251,2.32047e-05,-0.000161211,-0.000310505,0.000113811,-0.000652438,-0.00142763,0,0,0,0,0,0,0,0,0,0,0,0,0,0,0,0,0,0,0,0,0,0,0,0,0,0,0,0,0,0,0,0,0,0,0,0,0,0,0,0,0,0,0,0,0,0,0,0,0,0,0,1,2,0,0,0,0,0,1.2754,0.2468,2.5959,0,0,0,0,0,0,0,-0,0,1.53762,0,0,0,0,0,0,0,0,0,0,0,0,0,0,0,0,0,0,0,0,0,0,0,0,0,0,0,0,0,0,0,0,0
10.3,0,0,0,0,0,0,3.07898,2.02202,-2.58629,-8.04686e-05,-0.000135333,-0.00042387,-0.000372237,-0.00066503,-0.00245755,0,0,0,0,0,0,0,0,0,0,0,0,0,0,0,0,0,0,0,0,0,0,0,0,0,0,0,0,0,0,0,0,0,0,0,0,0,0,0,0,1.88995,1.04708,0.00955567,6.58379e-05,-0.000399904,0.000231329,0.000292069,-0.00144597,0.00156258,0,0,0,0,0,0,0,0,0,0,0,0,0,0,0,0,0,0,0,0,0,0,0,0,0,0,0,0,0,0,0,0,0,0,0,0,0,0,0,0,0,0,0,0,0,0,0,0,0,0,0,1,2,0,0,0,0,0,1.2754,0.2468,2.5959,0,0,0,0,0,0,0,-0,0,1.53762,0,0,0,0,0,0,0,0,0,0,0,0,0,0,0,0,0,0,0,0,0,0,0,0,0,0,0,0,0,0,0,0,0
10.35,0,0,0,0,0,0,3.07898,2.02202,-2.58629,-8.04686e-05,-0.000135333,-0.00042387,-0.000372237,-0.00066503,-0.00245755,0,0,0,0,0,0,0,0,0,0,0,0,0,0,0,0,0,0,0,0,0,0,0,0,0,0,0,0,0,0,0,0,0,0,0,0,0,0,0,0,1.88995,1.04708,0.00955567,6.58379e-05,-0.000399904,0.000231329,0.000292069,-0.00144597,0.00156258,0,0,0,0,0,0,0,0,0,0,0,0,0,0,0,0,0,0,0,0,0,0,0,0,0,0,0,0,0,0,0,0,0,0,0,0,0,0,0,0,0,0,0,0,0,0,0,0,0,0,0,1,2,0,0,0,0,0,1.2619,0.2333,2.5823,0,0,0,0,0,0,0,-0,0,1.53762,0,0,0,0,0,0,0,0,0,0,0,0,0,0,0,0,0,0,0,0,0,0,0,0,0,0,0,0,0,0,0,0,0
10.4,0,0,0,0,0,0,3.07898,2.02202,-2.58629,-8.04686e-05,-0.000135333,-0.00042387,-0.000372237,-0.00066503,-0.00245755,0,0,0,0,0,0,0,0,0,0,0,0,0,0,0,0,0,0,0,0,0,0,0,0,0,0,0,0,0,0,0,0,0,0,0,0,0,0,0,0,1.88995,1.04708,0.00955567,6.58379e-05,-0.000399904,0.000231329,0.000292069,-0.00144597,0.00156258,0,0,0,0,0,0,0,0,0,0,0,0,0,0,0,0,0,0,0,0,0,0,0,0,0,0,0,0,0,0,0,0,0,0,0,0,0,0,0,0,0,0,0,0,0,0,0,0,0,0,0,1,2,0,0,0,0,0,1.2619,0.2333,2.5823,0,0,0,0,0,0,0,-0,0,1.53762,0,0,0,0,0,0,0,0,0,0,0,0,0,0,0,0,0,0,0,0,0,0,0,0,0,0,0,0,0,0,0,0,0
10.45,0,0,0,0,0,0,3.07898,2.02202,-2.58632,2.44355e-05,-1.71049e-05,-0.000336466,0.000121932,-7.16578e-05,-0.00192578,0,0,0,0,0,0,0,0,0,0,0,0,0,0,0,0,0,0,0,0,0,0,0,0,0,0,0,0,0,0,0,0,0,0,0,0,0,0,0,0,1.88996,1.04706,0.00955543,9.04113e-05,-0.000250464,-2.38628e-06,0.00029736,-0.000376645,0.000408274,0,0,0,0,0,0,0,0,0,0,0,0,0,0,0,0,0,0,0,0,0,0,0,0,0,0,0,0,0,0,0,0,0,0,0,0,0,0,0,0,0,0,0,0,0,0,0,0,0,0,0,1,2,0,0,0,0,0,1.2619,0.2333,2.5823,0,0,0,0,0,0,0,-0,0,1.53763,0,0,0,0,0,0,0,0,0,0,0,0,0,0,0,0,0,0,0,0,0,0,0,0,0,0,0,0,0,0,0,0,0
10.5,0,0,0,0,0,0,3.07899,2.02203,-2.58626,0.000131813,0.000109844,0.000624549,0.000569147,0.000544359,0.00275438,0,0,0,0,0,0,0,0,0,0,0,0,0,0,0,0,0,0,0,0,0,0,0,0,0,0,0,0,0,0,0,0,0,0,0,0,0,0,0,0,1.88998,1.04703,0.00957807,0.000170869,-0.000241658,0.00022631,0.000501117,-4.7504e-05,0.00100296,0,0,0,0,0,0,0,0,0,0,0,0,0,0,0,0,0,0,0,0,0,0,0,0,0,0,0,0,0,0,0,0,0,0,0,0,0,0,0,0,0,0,0,0,0,0,0,0,0,0,0,1,2,0,0,0,0,0,1.2619,0.2333,2.5823,0,0,0,0,0,0,0,-0,0,1.53765,0,0,0,0,0,0,0,0,0,0,0,0,0,0,0,0,0,0,0,0,0,0,0,0,0,0,0,0,0,0,0,0,0
10.55,0,0,0,0,0,0,3.07899,2.02203,-2.58626,0.000131813,0.000109844,0.000624549,0.000569147,0.000544359,0.00275438,0,0,0,0,0,0,0,0,0,0,0,0,0,0,0,0,0,0,0,0,0,0,0,0,0,0,0,0,0,0,0,0,0,0,0,0,0,0,0,0,1.88998,1.04703,0.00957807,0.000170869,-0.000241658,0.00022631,0.000501117,-4.7504e-05,0.00100296,0,0,0,0,0,0,0,0,0,0,0,0,0,0,0,0,0,0,0,0,0,0,0,0,0,0,0,0,0,0,0,0,0,0,0,0,0,0,0,0,0,0,0,0,0,0,0,0,0,0,0,1,2,0,0,0,0,0,1.2754,0.2468,2.5958,0,0,0,0,0,0,0,-0,0,1.53765,0,0,0,0,0,0,0,0,0,0,0,0,0,0,0,0,0,0,0,0,0,0,0,0,0,0,0,0,0,0,0,0,0
10.6,0,0,0,0,0,0,3.07898,2.02202,-2.58626,-8.30532e-05,-0.000140458,4.53243e-05,-0.000456343,-0.000589881,-2.71293e-05,0,0,0,0,0,0,0,0,0,0,0,0,0,0,0,0,0,0,0,0,0,0,0,0,0,0,0,0,0,0,0,0,0,0,0,0,0,0,0,0,1.89,1.04702,0.00960282,0.000208853,-0.000150228,0.000247596,0.000479951,0.000381949,0.000767503,0,0,0,0,0,0,0,0,0,0,0,0,0,0,0,0,0,0,0,0,0,0,0,0,0,0,0,0,0,0,0,0,0,0,0,0,0,0,0,0,0,0,0,0,0,0,0,0,0,0,0,1,2,0,0,0,0,0,1.2754,0.2468,2.5958,0,0,0,0,0,0,0,-0,0,1.53763,0,0,0,0,0,0,0,0,0,0,0,0,0,0,0,0,0,0,0,0,0,0,0,0,0,0,0,0,0,0,0,0,0
10.65,0,0,0,0,0,0,3.07898,2.02202,-2.58626,-8.30532e-05,-0.000140458,4.53243e-05,-0.000456343,-0.000589881,-2.71293e-05,0,0,0,0,0,0,0,0,0,0,0,0,0,0,0,0,0,0,0,0,0,0,0,0,0,0,0,0,0,0,0,0,0,0,0,0,0,0,0,0,1.89,1.04702,0.00960282,0.000208853,-0.000150228,0.000247596,0.000479951,0.000381949,0.000767503,0,0,0,0,0,0,0,0,0,0,0,0,0,0,0,0,0,0,0,0,0,0,0,0,0,0,0,0,0,0,0,0,0,0,0,0,0,0,0,0,0,0,0,0,0,0,0,0,0,0,0,1,2,0,0,0,0,0,1.2754,0.2468,2.5958,0,0,0,0,0,0,0,-0,0,1.53763,0,0,0,0,0,0,0,0,0,0,0,0,0,0,0,0,0,0,0,0,0,0,0,0,0,0,0,0,0,0,0,0,0
10.7,0,0,0,0,0,0,3.07898,2.02201,-2.5863,-8.30137e-05,-5.12732e-05,-0.00048164,-0.000412782,-0.000151581,-0.00249824,0,0,0,0,0,0,0,0,0,0,0,0,0,0,0,0,0,0,0,0,0,0,0,0,0,0,0,0,0,0,0,0,0,0,0,0,0,0,0,0,1.89003,1.047,0.00956282,0.000328394,-0.000190444,-0.000399968,0.000763325,0.000126539,-0.00215807,0,0,0,0,0,0,0,0,0,0,0,0,0,0,0,0,0,0,0,0,0,0,0,0,0,0,0,0,0,0,0,0,0,0,0,0,0,0,0,0,0,0,0,0,0,0,0,0,0,0,0,1,2,0,0,0,0,0,1.2754,0.2468,2.5958,0,0,0,0,0,0,0,-0,0,1.53761,0,0,0,0,0,0,0,0,0,0,0,0,0,0,0,0,0,0,0,0,0,0,0,0,0,0,0,0,0,0,0,0,0
10.75,0,0,0,0,0,0,3.07898,2.02201,-2.5863,-8.30137e-05,-5.12732e-05,-0.00048164,-0.000412782,-0.000151581,-0.00249824,0,0,0,0,0,0,0,0,0,0,0,0,0,0,0,0,0,0,0,0,0,0,0,0,0,0,0,0,0,0,0,0,0,0,0,0,0,0,0,0,1.89003,1.047,0.00956282,0.000328394,-0.000190444,-0.000399968,0.000763325,0.000126539,-0.00215807,0,0,0,0,0,0,0,0,0,0,0,0,0,0,0,0,0,0,0,0,0,0,0,0,0,0,0,0,0,0,0,0,0,0,0,0,0,0,0,0,0,0,0,0,0,0,0,0,0,0,0,1,2,0,0,0,0,0,1.3067,0.2783,2.6272,0,0,0,0,0,0,0,-0,0,1.53761,0,0,0,0,0,0,0,0,0,0,0,0,0,0,0,0,0,0,0,0,0,0,0,0,0,0,0,0,0,0,0,0,0
10.8,0,0,0,0,0,0,3.07898,2.02202,-2.58629,4.39622e-05,6.96067e-05,0.000155031,0.000265414,0.000451366,0.000709216,0,0,0,0,0,0,0,0,0,0,0,0,0,0,0,0,0,0,0,0,0,0,0,0,0,0,0,0,0,0,0,0,0,0,0,0,0,0,0,0,1.89005,1.047,0.0095895,0.000190503,4.15198e-05,0.000266833,-5.44666e-05,0.000968414,0.00097224,0,0,0,0,0,0,0,0,0,0,0,0,0,0,0,0,0,0,0,0,0,0,0,0,0,0,0,0,0,0,0,0,0,0,0,0,0,0,0,0,0,0,0,0,0,0,0,0,0,0,0,1,2,0,0,0,0,0,1.3067,0.2783,2.6272,0,0,0,0,0,0,0,-0,0,1.5376,0,0,0,0,0,0,0,0,0,0,0,0,0,0,0,0,0,0,0,0,0,0,0,0,0,0,0,0,0,0,0,0,0
10.85,0,0,0,0,0,0,3.07898,2.02202,-2.58629,4.39622e-05,6.96067e-05,0.000155031,0.000265414,0.000451366,0.000709216,0,0,0,0,0,0,0,0,0,0,0,0,0,0,0,0,0,0,0,0,0,0,0,0,0,0,0,0,0,0,0,0,0,0,0,0,0,0,0,0,1.89005,1.047,0.0095895,0.000190503,4.15198e-05,0.000266833,-5.44666e-05,0.000968414,0.00097224,0,0,0,0,0,0,0,0,0,0,0,0,0,0,0,0,0,0,0,0,0,0,0,0,0,0,0,0,0,0,0,0,0,0,0,0,0,0,0,0,0,0,0,0,0,0,0,0,0,0,0,1,2,0,0,0,0,0,1.3067,0.2783,2.6272,0,0,0,0,0,0,0,-0,0,1.5376,0,0,0,0,0,0,0,0,0,0,0,0,0,0,0,0,0,0,0,0,0,0,0,0,0,0,0,0,0,0,0,0,0
10.9,0,0,0,0,0,0,3.07898,2.02201,-2.58633,-2.92947e-05,-0.000129385,-0.000390977,-4.14973e-05,-0.000442409,-0.00132154,0,0,0,0,0,0,0,0,0,0,0,0,0,0,0,0,0,0,0,0,0,0,0,0,0,0,0,0,0,0,0,0,0,0,0,0,0,0,0,0,1.89011,1.04698,0.00961797,0.000548054,-0.000206283,0.000284702,0.0012855,-0.000294665,0.00107922,0,0,0,0,0,0,0,0,0,0,0,0,0,0,0,0,0,0,0,0,0,0,0,0,0,0,0,0,0,0,0,0,0,0,0,0,0,0,0,0,0,0,0,0,0,0,0,0,0,0,0,1,2,0,0,0,0,0,1.3067,0.2783,2.6272,0,0,0,0,0,0,0,-0,0,1.53756,0,0,0,0,0,0,0,0,0,0,0,0,0,0,0,0,0,0,0,0,0,0,0,0,0,0,0,0,0,0,0,0,0
10.95,0,0,0,0,0,0,3.07898,2.02201,-2.58633,-2.92947e-05,-0.000129385,-0.000390977,-4.14973e-05,-0.000442409,-0.00132154,0,0,0,0,0,0,0,0,0,0,0,0,0,0,0,0,0,0,0,0,0,0,0,0,0,0,0,0,0,0,0,0,0,0,0,0,0,0,0,0,1.89011,1.04698,0.00961797,0.000548054,-0.000206283,0.000284702,0.0012855,-0.000294665,0.00107922,0,0,0,0,0,0,0,0,0,0,0,0,0,0,0,0,0,0,0,0,0,0,0,0,0,0,0,0,0,0,0,0,0,0,0,0,0,0,0,0,0,0,0,0,0,0,0,0,0,0,0,1,2,0,0,0,0,0,1.1966,0.1683,2.5172,0,0,0,0,0,0,0,-0,0,1.53756,0,0,0,0,0,0,0,0,0,0,0,0,0,0,0,0,0,0,0,0,0,0,0,0,0,0,0,0,0,0,0,0,0
11,0,0,0,0,0,0,3.07898,2.02202,-2.58634,4.39086e-05,9.51354e-05,-9.29057e-05,0.000226067,0.000510611,0.000122756,0,0,0,0,0,0,0,0,0,0,0,0,0,0,0,0,0,0,0,0,0,0,0,0,0,0,0,0,0,0,0,0,0,0,0,0,0,0,0,0,1.89016,1.04697,0.00965446,0.000557395,-8.78172e-05,0.000364587,0.00099066,0.000125446,0.000981702,0,0,0,0,0,0,0,0,0,0,0,0,0,0,0,0,0,0,0,0,0,0,0,0,0,0,0,0,0,0,0,0,0,0,0,0,0,0,0,0,0,0,0,0,0,0,0,0,0,0,0,1,2,0,0,0,0,0,1.1966,0.1683,2.5172,0,0,0,0,0,0,0,-0,0,1.53753,0,0,0,0,0,0,0,0,0,0,0,0,0,0,0,0,0,0,0,0,0,0,0,0,0,0,0,0,0,0,0,0,0
11.05,0,0,0,0,0,0,3.07898,2.02202,-2.58634,4.39086e-05,9.51354e-05,-9.29057e-05,0.000226067,0.000510611,0.000122756,0,0,0,0,0,0,0,0,0,0,0,0,0,0,0,0,0,0,0,0,0,0,0,0,0,0,0,0,0,0,0,0,0,0,0,0,0,0,0,0,1.89016,1.04697,0.00965446,0.000557395,-8.78172e-05,0.000364587,0.00099066,0.000125446,0.000981702,0,0,0,0,0,0,0,0,0,0,0,0,0,0,0,0,0,0,0,0,0,0,0,0,0,0,0,0,0,0,0,0,0,0,0,0,0,0,0,0,0,0,0,0,0,0,0,0,0,0,0,1,2,0,0,0,0,0,1.1966,0.1683,2.5172,0,0,0,0,0,0,0,-0,0,1.53753,0,0,0,0,0,0,0,0,0,0,0,0,0,0,0,0,0,0,0,0,0,0,0,0,0,0,0,0,0,0,0,0,0
11.1,0,0,0,0,0,0,3.07898,2.02201,-2.5863,-9.77451e-06,-4.03199e-05,0.000338862,-4.26709e-05,-0.00010593,0.00199443,0,0,0,0,0,0,0,0,0,0,0,0,0,0,0,0,0,0,0,0,0,0,0,0,0,0,0,0,0,0,0,0,0,0,0,0,0,0,0,0,1.89022,1.04697,0.00970232,0.000575475,2.44363e-06,0.000479061,0.000625316,0.000493075,0.0010324,0,0,0,0,0,0,0,0,0,0,0,0,0,0,0,0,0,0,0,0,0,0,0,0,0,0,0,0,0,0,0,0,0,0,0,0,0,0,0,0,0,0,0,0,0,0,0,0,0,0,0,1,2,0,0,0,0,0,1.1966,0.1683,2.5172,0,0,0,0,0,0,0,-0,0,1.53748,0,0,0,0,0,0,0,0,0,0,0,0,0,0,0,0,0,0,0,0,0,0,0,0,0,0,0,0,0,0,0,0,0
11.15,0,0,0,0,0,0,3.07898,2.02201,-2.5863,-9.77451e-06,-4.03199e-05,0.000338862,-4.26709e-05,-0.00010593,0.00199443,0,0,0,0,0,0,0,0,0,0,0,0,0,0,0,0,0,0,0,0,0,0,0,0,0,0,0,0,0,0,0,0,0,0,0,0,0,0,0,0,1.89022,1.04697,0.00970232,0.000575475,2.44363e-06,0.000479061,0.000625316,0.000493075,0.0010324,0,0,0,0,0,0,0,0,0,0,0,0,0,0,0,0,0,0,0,0,0,0,0,0,0,0,0,0,0,0,0,0,0,0,0,0,0,0,0,0,0,0,0,0,0,0,0,0,0,0,0,1,2,0,0,0,0,0,1.2752,0.2471,2.596,0,0,0,0,0,0,0,-0,0,1.53748,0,0,0,0,0,0,0,0,0,0,0,0,0,0,0,0,0,0,0,0,0,0,0,0,0,0,0,0,0,0,0,0,0
11.2,0,0,0,0,0,0,3.07898,2.02202,-2.58632,-3.41891e-05,7.44833e-05,-0.000197942,-0.000159542,0.000311603,-0.000693051,0,0,0,0,0,0,0,0,0,0,0,0,0,0,0,0,0,0,0,0,0,0,0,0,0,0,0,0,0,0,0,0,0,0,0,0,0,0,0,0,1.89028,1.04698,0.00975207,0.00055191,6.83782e-05,0.000497603,0.000233793,0.000609248,0.000702427,0,0,0,0,0,0,0,0,0,0,0,0,0,0,0,0,0,0,0,0,0,0,0,0,0,0,0,0,0,0,0,0,0,0,0,0,0,0,0,0,0,0,0,0,0,0,0,0,0,0,0,1,2,0,0,0,0,0,1.2752,0.2471,2.596,0,0,0,0,0,0,0,-0,0,1.53744,0,0,0,0,0,0,0,0,0,0,0,0,0,0,0,0,0,0,0,0,0,0,0,0,0,0,0,0,0,0,0,0,0
11.25,0,0,0,0,0,0,3.07898,2.02202,-2.58632,-3.41891e-05,7.44833e-05,-0.000197942,-0.000159542,0.000311603,-0.000693051,0,0,0,0,0,0,0,0,0,0,0,0,0,0,0,0,0,0,0,0,0,0,0,0,0,0,0,0,0,0,0,0,0,0,0,0,0,0,0,0,1.89028,1.04698,0.00975207,0.00055191,6.83782e-05,0.000497603,0.000233793,0.000609248,0.000702427,0,0,0,0,0,0,0,0,0,0,0,0,0,0,0,0,0,0,0,0,0,0,0,0,0,0,0,0,0,0,0,0,0,0,0,0,0,0,0,0,0,0,0,0,0,0,0,0,0,0,0,1,2,0,0,0,0,0,1.2752,0.2471,2.596,0,0,0,0,0,0,0,-0,0,1.53744,0,0,0,0,0,0,0,0,0,0,0,0,0,0,0,0,0,0,0,0,0,0,0,0,0,0,0,0,0,0,0,0,0
11.3,0,0,0,0,0,0,3.07898,2.02203,-2.58631,1.70844e-05,0.000129354,0.000119172,9.32422e-05,0.000462966,0.000486773,0,0,0,0,0,0,0,0,0,0,0,0,0,0,0,0,0,0,0,0,0,0,0,0,0,0,0,0,0,0,0,0,0,0,0,0,0,0,0,0,1.89035,1.04699,0.00981382,0.000699241,8.05409e-05,0.000617327,0.000676037,0.000430209,0.000855489,0,0,0,0,0,0,0,0,0,0,0,0,0,0,0,0,0,0,0,0,0,0,0,0,0,0,0,0,0,0,0,0,0,0,0,0,0,0,0,0,0,0,0,0,0,0,0,0,0,0,0,1,2,0,0,0,0,0,1.2752,0.2471,2.596,0,0,0,0,0,0,0,-0,0,1.53739,0,0,0,0,0,0,0,0,0,0,0,0,0,0,0,0,0,0,0,0,0,0,0,0,0,0,0,0,0,0,0,0,0
11.35,0,0,0,0,0,0,3.07898,2.02203,-2.58631,1.70844e-05,0.000129354,0.000119172,9.32422e-05,0.000462966,0.000486773,0,0,0,0,0,0,0,0,0,0,0,0,0,0,0,0,0,0,0,0,0,0,0,0,0,0,0,0,0,0,0,0,0,0,0,0,0,0,0,0,1.89035,1.04699,0.00981382,0.000699241,8.05409e-05,0.000617327,0.000676037,0.000430209,0.000855489,0,0,0,0,0,0,0,0,0,0,0,0,0,0,0,0,0,0,0,0,0,0,0,0,0,0,0,0,0,0,0,0,0,0,0,0,0,0,0,0,0,0,0,0,0,0,0,0,0,0,0,1,2,0,0,0,0,0,1.2751,0.2472,2.5961,0,0,0,0,0,0,0,-0,0,1.53739,0,0,0,0,0,0,0,0,0,0,0,0,0,0,0,0,0,0,0,0,0,0,0,0,0,0,0,0,0,0,0,0,0
11.4,0,0,0,0,0,0,3.07898,2.02203,-2.58632,7.32667e-06,-6.34978e-05,-0.000112094,5.11973e-05,-0.000472269,-0.000472203,0,0,0,0,0,0,0,0,0,0,0,0,0,0,0,0,0,0,0,0,0,0,0,0,0,0,0,0,0,0,0,0,0,0,0,0,0,0,0,0,1.89042,1.04699,0.00988,0.000693592,-9.7689e-06,0.000662085,0.000442072,-0.000126878,0.000712221,0,0,0,0,0,0,0,0,0,0,0,0,0,0,0,0,0,0,0,0,0,0,0,0,0,0,0,0,0,0,0,0,0,0,0,0,0,0,0,0,0,0,0,0,0,0,0,0,0,0,0,1,2,0,0,0,0,0,1.2751,0.2472,2.5961,0,0,0,0,0,0,0,-0,0,1.53733,0,0,0,0,0,0,0,0,0,0,0,0,0,0,0,0,0,0,0,0,0,0,0,0,0,0,0,0,0,0,0,0,0
11.45,0,0,0,0,0,0,3.07898,2.02203,-2.58632,7.32667e-06,-6.34978e-05,-0.000112094,5.11973e-05,-0.000472269,-0.000472203,0,0,0,0,0,0,0,0,0,0,0,0,0,0,0,0,0,0,0,0,0,0,0,0,0,0,0,0,0,0,0,0,0,0,0,0,0,0,0,0,1.89042,1.04699,0.00988,0.000693592,-9.7689e-06,0.000662085,0.000442072,-0.000126878,0.000712221,0,0,0,0,0,0,0,0,0,0,0,0,0,0,0,0,0,0,0,0,0,0,0,0,0,0,0,0,0,0,0,0,0,0,0,0,0,0,0,0,0,0,0,0,0,0,0,0,0,0,0,1,2,0,0,0,0,0,1.2751,0.2472,2.5961,0,0,0,0,0,0,0,-0,0,1.53733,0,0,0,0,0,0,0,0,0,0,0,0,0,0,0,0,0,0,0,0,0,0,0,0,0,0,0,0,0,0,0,0,0
11.5,0,0,0,0,0,0,3.07898,2.02203,-2.58632,7.32667e-06,-6.34978e-05,-0.000112094,5.11973e-05,-0.000472269,-0.000472203,0,0,0,0,0,0,0,0,0,0,0,0,0,0,0,0,0,0,0,0,0,0,0,0,0,0,0,0,0,0,0,0,0,0,0,0,0,0,0,0,1.89042,1.04699,0.00988,0.000693592,-9.7689e-06,0.000662085,0.000442072,-0.000126878,0.000712221,0,0,0,0,0,0,0,0,0,0,0,0,0,0,0,0,0,0,0,0,0,0,0,0,0,0,0,0,0,0,0,0,0,0,0,0,0,0,0,0,0,0,0,0,0,0,0,0,0,0,0,1,2,0,0,0,0,0,1.2751,0.2472,2.5961,0,0,0,0,0,0,0,-0,0,1.53733,0,0,0,0,0,0,0,0,0,0,0,0,0,0,0,0,0,0,0,0,0,0,0,0,0,0,0,0,0,0,0,0,0
11.55,0,0,0,0,0,0,3.07898,2.02201,-2.58634,-1.95314e-05,-0.000129396,-0.000147821,-8.22563e-05,-0.000673481,-0.000556161,0,0,0,0,0,0,0,0,0,0,0,0,0,0,0,0,0,0,0,0,0,0,0,0,0,0,0,0,0,0,0,0,0,0,0,0,0,0,0,0,1.89049,1.04699,0.00993717,0.000764164,8.54496e-05,0.000571705,0.000516692,0.000228911,4.79966e-05,0,0,0,0,0,0,0,0,0,0,0,0,0,0,0,0,0,0,0,0,0,0,0,0,0,0,0,0,0,0,0,0,0,0,0,0,0,0,0,0,0,0,0,0,0,0,0,0,0,0,0,1,2,0,0,0,0,0,1.275,0.2472,2.5963,0,0,0,0,0,0,0,-0,0,1.53726,0,0,0,0,0,0,0,0,0,0,0,0,0,0,0,0,0,0,0,0,0,0,0,0,0,0,0,0,0,0,0,0,0
11.6,0,0,0,0,0,0,3.07898,2.02201,-2.58634,-1.95314e-05,-0.000129396,-0.000147821,-8.22563e-05,-0.000673481,-0.000556161,0,0,0,0,0,0,0,0,0,0,0,0,0,0,0,0,0,0,0,0,0,0,0,0,0,0,0,0,0,0,0,0,0,0,0,0,0,0,0,0,1.89049,1.04699,0.00993717,0.000764164,8.54496e-05,0.000571705,0.000516692,0.000228911,4.79966e-05,0,0,0,0,0,0,0,0,0,0,0,0,0,0,0,0,0,0,0,0,0,0,0,0,0,0,0,0,0,0,0,0,0,0,0,0,0,0,0,0,0,0,0,0,0,0,0,0,0,0,0,1,2,0,0,0,0,0,1.275,0.2472,2.5963,0,0,0,0,0,0,0,-0,0,1.53726,0,0,0,0,0,0,0,0,0,0,0,0,0,0,0,0,0,0,0,0,0,0,0,0,0,0,0,0,0,0,0,0,0
11.65,0,0,0,0,0,0,3.07897,2.02203,-2.58629,-7.07976e-05,0.000114741,0.000486352,-0.000272305,0.000543924,0.00218876,0,0,0,0,0,0,0,0,0,0,0,0,0,0,0,0,0,0,0,0,0,0,0,0,0,0,0,0,0,0,0,0,0,0,0,0,0,0,0,0,1.89057,1.04702,0.00998094,0.000795866,0.000256337,0.000437685,0.000446737,0.000868425,-0.000596851,0,0,0,0,0,0,0,0,0,0,0,0,0,0,0,0,0,0,0,0,0,0,0,0,0,0,0,0,0,0,0,0,0,0,0,0,0,0,0,0,0,0,0,0,0,0,0,0,0,0,0,1,2,0,0,0,0,0,1.275,0.2472,2.5963,0,0,0,0,0,0,0,-0,0,1.53718,0,0,0,0,0,0,0,0,0,0,0,0,0,0,0,0,0,0,0,0,0,0,0,0,0,0,0,0,0,0,0,0,0
11.7,0,0,0,0,0,0,3.07898,2.02202,-2.58632,8.05765e-05,-8.05765e-05,-0.000333828,0.00041564,-0.000289105,-0.00159161,0,0,0,0,0,0,0,0,0,0,0,0,0,0,0,0,0,0,0,0,0,0,0,0,0,0,0,0,0,0,0,0,0,0,0,0,0,0,0,0,1.89066,1.04704,0.0100705,0.000843611,0.000189233,0.000895392,0.00044932,0.000339788,0.00138308,0,0,0,0,0,0,0,0,0,0,0,0,0,0,0,0,0,0,0,0,0,0,0,0,0,0,0,0,0,0,0,0,0,0,0,0,0,0,0,0,0,0,0,0,0,0,0,0,0,0,0,1,2,0,0,0,0,0,1.275,0.2472,2.5963,0,0,0,0,0,0,0,-0,0,1.53711,0,0,0,0,0,0,0,0,0,0,0,0,0,0,0,0,0,0,0,0,0,0,0,0,0,0,0,0,0,0,0,0,0
11.75,0,0,0,0,0,0,3.07898,2.02202,-2.58632,8.05765e-05,-8.05765e-05,-0.000333828,0.00041564,-0.000289105,-0.00159161,0,0,0,0,0,0,0,0,0,0,0,0,0,0,0,0,0,0,0,0,0,0,0,0,0,0,0,0,0,0,0,0,0,0,0,0,0,0,0,0,1.89066,1.04704,0.0100705,0.000843611,0.000189233,0.000895392,0.00044932,0.000339788,0.00138308,0,0,0,0,0,0,0,0,0,0,0,0,0,0,0,0,0,0,0,0,0,0,0,0,0,0,0,0,0,0,0,0,0,0,0,0,0,0,0,0,0,0,0,0,0,0,0,0,0,0,0,1,2,0,0,0,0,0,1.2748,0.2472,2.5964,0,0,0,0,0,0,0,-0,0,1.53711,0,0,0,0,0,0,0,0,0,0,0,0,0,0,0,0,0,0,0,0,0,0,0,0,0,0,0,0,0,0,0,0,0
11.8,0,0,0,0,0,0,3.07898,2.02202,-2.5863,1.95287e-05,0,0.000214548,9.87614e-05,3.56109e-05,0.000723828,0,0,0,0,0,0,0,0,0,0,0,0,0,0,0,0,0,0,0,0,0,0,0,0,0,0,0,0,0,0,0,0,0,0,0,0,0,0,0,0,1.89075,1.04706,0.0100857,0.0009032,0.000252652,0.000151869,0.000508718,0.000385994,-0.00187214,0,0,0,0,0,0,0,0,0,0,0,0,0,0,0,0,0,0,0,0,0,0,0,0,0,0,0,0,0,0,0,0,0,0,0,0,0,0,0,0,0,0,0,0,0,0,0,0,0,0,0,1,2,0,0,0,0,0,1.2748,0.2472,2.5964,0,0,0,0,0,0,0,-0,0,1.53702,0,0,0,0,0,0,0,0,0,0,0,0,0,0,0,0,0,0,0,0,0,0,0,0,0,0,0,0,0,0,0,0,0
11.85,0,0,0,0,0,0,3.07898,2.02202,-2.5863,1.95287e-05,0,0.000214548,9.87614e-05,3.56109e-05,0.000723828,0,0,0,0,0,0,0,0,0,0,0,0,0,0,0,0,0,0,0,0,0,0,0,0,0,0,0,0,0,0,0,0,0,0,0,0,0,0,0,0,1.89075,1.04706,0.0100857,0.0009032,0.000252652,0.000151869,0.000508718,0.000385994,-0.00187214,0,0,0,0,0,0,0,0,0,0,0,0,0,0,0,0,0,0,0,0,0,0,0,0,0,0,0,0,0,0,0,0,0,0,0,0,0,0,0,0,0,0,0,0,0,0,0,0,0,0,0,1,2,0,0,0,0,0,1.2748,0.2472,2.5964,0,0,0,0,0,0,0,-0,0,1.53702,0,0,0,0,0,0,0,0,0,0,0,0,0,0,0,0,0,0,0,0,0,0,0,0,0,0,0,0,0,0,0,0,0
11.9,0,0,0,0,0,0,3.07898,2.02201,-2.58632,-3.90696e-05,-9.03485e-05,-0.000228924,-0.000217743,-0.000295664,-0.00102408,0,0,0,0,0,0,0,0,0,0,0,0,0,0,0,0,0,0,0,0,0,0,0,0,0,0,0,0,0,0,0,0,0,0,0,0,0,0,0,0,1.89084,1.04708,0.0101575,0.000957205,0.000140406,0.000718739,0.000528589,-0.000210661,0.00070013,0,0,0,0,0,0,0,0,0,0,0,0,0,0,0,0,0,0,0,0,0,0,0,0,0,0,0,0,0,0,0,0,0,0,0,0,0,0,0,0,0,0,0,0,0,0,0,0,0,0,0,1,2,0,0,0,0,0,1.2748,0.2472,2.5964,0,0,0,0,0,0,0,-0,0,1.53693,0,0,0,0,0,0,0,0,0,0,0,0,0,0,0,0,0,0,0,0,0,0,0,0,0,0,0,0,0,0,0,0,0
11.95,0,0,0,0,0,0,3.07898,2.02201,-2.58632,-3.90696e-05,-9.03485e-05,-0.000228924,-0.000217743,-0.000295664,-0.00102408,0,0,0,0,0,0,0,0,0,0,0,0,0,0,0,0,0,0,0,0,0,0,0,0,0,0,0,0,0,0,0,0,0,0,0,0,0,0,0,0,1.89084,1.04708,0.0101575,0.000957205,0.000140406,0.000718739,0.000528589,-0.000210661,0.00070013,0,0,0,0,0,0,0,0,0,0,0,0,0,0,0,0,0,0,0,0,0,0,0,0,0,0,0,0,0,0,0,0,0,0,0,0,0,0,0,0,0,0,0,0,0,0,0,0,0,0,0,1,2,0,0,0,0,0,1.2746,0.2473,2.5965,0,0,0,0,0,0,0,-0,0,1.53693,0,0,0,0,0,0,0,0,0,0,0,0,0,0,0,0,0,0,0,0,0,0,0,0,0,0,0,0,0,0,0,0,0
12,0,0,0,0,0,0,3.07898,2.02203,-2.58631,0,0.000217273,0.000157347,-1.74854e-05,0.00100695,0.000692002,0,0,0,0,0,0,0,0,0,0,0,0,0,0,0,0,0,0,0,0,0,0,0,0,0,0,0,0,0,0,0,0,0,0,0,0,0,0,0,0,1.89097,1.04712,0.0102873,0.00124383,0.000428443,0.00129806,0.00146606,0.00094382,0.00308383,0,0,0,0,0,0,0,0,0,0,0,0,0,0,0,0,0,0,0,0,0,0,0,0,0,0,0,0,0,0,0,0,0,0,0,0,0,0,0,0,0,0,0,0,0,0,0,0,0,0,0,1,2,0,0,0,0,0,1.2746,0.2473,2.5965,0,0,0,0,0,0,0,-0,0,1.53682,0,0,0,0,0,0,0,0,0,0,0,0,0,0,0,0,0,0,0,0,0,0,0,0,0,0,0,0,0,0,0,0,0
12.05,0,0,0,0,0,0,3.07898,2.02203,-2.58631,0,0.000217273,0.000157347,-1.74854e-05,0.00100695,0.000692002,0,0,0,0,0,0,0,0,0,0,0,0,0,0,0,0,0,0,0,0,0,0,0,0,0,0,0,0,0,0,0,0,0,0,0,0,0,0,0,0,1.89097,1.04712,0.0102873,0.00124383,0.000428443,0.00129806,0.00146606,0.00094382,0.00308383,0,0,0,0,0,0,0,0,0,0,0,0,0,0,0,0,0,0,0,0,0,0,0,0,0,0,0,0,0,0,0,0,0,0,0,0,0,0,0,0,0,0,0,0,0,0,0,0,0,0,0,1,2,0,0,0,0,0,1.2746,0.2473,2.5965,0,0,0,0,0,0,0,-0,0,1.53682,0,0,0,0,0,0,0,0,0,0,0,0,0,0,0,0,0,0,0,0,0,0,0,0,0,0,0,0,0,0,0,0,0
12.1,0,0,0,0,0,0,3.07898,2.02201,-2.58632,2.19684e-05,-0.000197715,-0.000178779,0.000104394,-0.000877393,-0.000695375,0,0,0,0,0,0,0,0,0,0,0,0,0,0,0,0,0,0,0,0,0,0,0,0,0,0,0,0,0,0,0,0,0,0,0,0,0,0,0,0,1.89108,1.04714,0.0104157,0.00112771,0.00015988,0.00128366,0.000542962,-0.000350254,0.00211649,0,0,0,0,0,0,0,0,0,0,0,0,0,0,0,0,0,0,0,0,0,0,0,0,0,0,0,0,0,0,0,0,0,0,0,0,0,0,0,0,0,0,0,0,0,0,0,0,0,0,0,1,2,0,0,0,0,0,1.2746,0.2473,2.5965,0,0,0,0,0,0,0,-0,0,1.53671,0,0,0,0,0,0,0,0,0,0,0,0,0,0,0,0,0,0,0,0,0,0,0,0,0,0,0,0,0,0,0,0,0
12.15,0,0,0,0,0,0,3.07898,2.02201,-2.58632,2.19684e-05,-0.000197715,-0.000178779,0.000104394,-0.000877393,-0.000695375,0,0,0,0,0,0,0,0,0,0,0,0,0,0,0,0,0,0,0,0,0,0,0,0,0,0,0,0,0,0,0,0,0,0,0,0,0,0,0,0,1.89108,1.04714,0.0104157,0.00112771,0.00015988,0.00128366,0.000542962,-0.000350254,0.00211649,0,0,0,0,0,0,0,0,0,0,0,0,0,0,0,0,0,0,0,0,0,0,0,0,0,0,0,0,0,0,0,0,0,0,0,0,0,0,0,0,0,0,0,0,0,0,0,0,0,0,0,1,2,0,0,0,0,0,1.2743,0.2473,2.5967,0,0,0,0,0,0,0,-0,0,1.53671,0,0,0,0,0,0,0,0,0,0,0,0,0,0,0,0,0,0,0,0,0,0,0,0,0,0,0,0,0,0,0,0,0
12.2,0,0,0,0,0,0,3.07898,2.02201,-2.58632,2.19684e-05,-0.000197715,-0.000178779,0.000104394,-0.000877393,-0.000695375,0,0,0,0,0,0,0,0,0,0,0,0,0,0,0,0,0,0,0,0,0,0,0,0,0,0,0,0,0,0,0,0,0,0,0,0,0,0,0,0,1.89108,1.04714,0.0104157,0.00112771,0.00015988,0.00128366,0.000542962,-0.000350254,0.00211649,0,0,0,0,0,0,0,0,0,0,0,0,0,0,0,0,0,0,0,0,0,0,0,0,0,0,0,0,0,0,0,0,0,0,0,0,0,0,0,0,0,0,0,0,0,0,0,0,0,0,0,1,2,0,0,0,0,0,1.2743,0.2473,2.5967,0,0,0,0,0,0,0,-0,0,1.53671,0,0,0,0,0,0,0,0,0,0,0,0,0,0,0,0,0,0,0,0,0,0,0,0,0,0,0,0,0,0,0,0,0
12.25,0,0,0,0,0,0,3.07899,2.02204,-2.58624,9.03844e-05,0.000249168,0.000803936,0.000352506,0.00100378,0.00332119,0,0,0,0,0,0,0,0,0,0,0,0,0,0,0,0,0,0,0,0,0,0,0,0,0,0,0,0,0,0,0,0,0,0,0,0,0,0,0,0,1.89118,1.04718,0.0106927,0.00102599,0.000393295,0.00277129,-0.000206691,0.000546925,0.00708209,0,0,0,0,0,0,0,0,0,0,0,0,0,0,0,0,0,0,0,0,0,0,0,0,0,0,0,0,0,0,0,0,0,0,0,0,0,0,0,0,0,0,0,0,0,0,0,0,0,0,0,1,2,0,0,0,0,0,1.2743,0.2473,2.5967,0,0,0,0,0,0,0,-0,0,1.53663,0,0,0,0,0,0,0,0,0,0,0,0,0,0,0,0,0,0,0,0,0,0,0,0,0,0,0,0,0,0,0,0,0
12.3,0,0,0,0,0,0,3.07898,2.02202,-2.5863,-5.37084e-05,-0.000153801,-0.000550721,-0.000330351,-0.000752416,-0.00287362,0,0,0,0,0,0,0,0,0,0,0,0,0,0,0,0,0,0,0,0,0,0,0,0,0,0,0,0,0,0,0,0,0,0,0,0,0,0,0,0,1.89135,1.0472,0.0107039,0.00165031,0.000229481,0.000112461,0.00227108,-0.000204,-0.00569435,0,0,0,0,0,0,0,0,0,0,0,0,0,0,0,0,0,0,0,0,0,0,0,0,0,0,0,0,0,0,0,0,0,0,0,0,0,0,0,0,0,0,0,0,0,0,0,0,0,0,0,1,2,0,0,0,0,0,1.2743,0.2473,2.5967,0,0,0,0,0,0,0,-0,0,1.53647,0,0,0,0,0,0,0,0,0,0,0,0,0,0,0,0,0,0,0,0,0,0,0,0,0,0,0,0,0,0,0,0,0
12.35,0,0,0,0,0,0,3.07898,2.02202,-2.5863,-5.37084e-05,-0.000153801,-0.000550721,-0.000330351,-0.000752416,-0.00287362,0,0,0,0,0,0,0,0,0,0,0,0,0,0,0,0,0,0,0,0,0,0,0,0,0,0,0,0,0,0,0,0,0,0,0,0,0,0,0,0,1.89135,1.0472,0.0107039,0.00165031,0.000229481,0.000112461,0.00227108,-0.000204,-0.00569435,0,0,0,0,0,0,0,0,0,0,0,0,0,0,0,0,0,0,0,0,0,0,0,0,0,0,0,0,0,0,0,0,0,0,0,0,0,0,0,0,0,0,0,0,0,0,0,0,0,0,0,1,2,0,0,0,0,0,1.251,0.2242,2.5739,0,0,0,0,0,0,0,-0,0,1.53647,0,0,0,0,0,0,0,0,0,0,0,0,0,0,0,0,0,0,0,0,0,0,0,0,0,0,0,0,0,0,0,0,0
12.4,0,0,0,0,0,0,3.07898,2.02203,-2.58632,-2.19736e-05,6.71414e-05,-0.000171668,-0.000164016,0.000193269,-0.0010496,0,0,0,0,0,0,0,0,0,0,0,0,0,0,0,0,0,0,0,0,0,0,0,0,0,0,0,0,0,0,0,0,0,0,0,0,0,0,0,0,1.89148,1.04724,0.0107179,0.00130132,0.000393083,0.000140077,0.000303345,0.000429269,-0.00503984,0,0,0,0,0,0,0,0,0,0,0,0,0,0,0,0,0,0,0,0,0,0,0,0,0,0,0,0,0,0,0,0,0,0,0,0,0,0,0,0,0,0,0,0,0,0,0,0,0,0,0,1,2,0,0,0,0,0,1.251,0.2242,2.5739,0,0,0,0,0,0,0,-0,0,1.53635,0,0,0,0,0,0,0,0,0,0,0,0,0,0,0,0,0,0,0,0,0,0,0,0,0,0,0,0,0,0,0,0,0
12.45,0,0,0,0,0,0,3.07898,2.02203,-2.58632,-2.19736e-05,6.71414e-05,-0.000171668,-0.000164016,0.000193269,-0.0010496,0,0,0,0,0,0,0,0,0,0,0,0,0,0,0,0,0,0,0,0,0,0,0,0,0,0,0,0,0,0,0,0,0,0,0,0,0,0,0,0,1.89148,1.04724,0.0107179,0.00130132,0.000393083,0.000140077,0.000303345,0.000429269,-0.00503984,0,0,0,0,0,0,0,0,0,0,0,0,0,0,0,0,0,0,0,0,0,0,0,0,0,0,0,0,0,0,0,0,0,0,0,0,0,0,0,0,0,0,0,0,0,0,0,0,0,0,0,1,2,0,0,0,0,0,1.251,0.2242,2.5739,0,0,0,0,0,0,0,-0,0,1.53635,0,0,0,0,0,0,0,0,0,0,0,0,0,0,0,0,0,0,0,0,0,0,0,0,0,0,0,0,0,0,0,0,0
12.5,0,0,0,0,0,0,3.07898,2.02201,-2.58631,-1.46546e-05,-0.000157537,9.30225e-05,-4.67292e-05,-0.000653681,0.000674208,0,0,0,0,0,0,0,0,0,0,0,0,0,0,0,0,0,0,0,0,0,0,0,0,0,0,0,0,0,0,0,0,0,0,0,0,0,0,0,0,1.8916,1.04728,0.0107405,0.00118824,0.000388347,0.000225279,-0.000536466,0.000324407,-0.0025975,0,0,0,0,0,0,0,0,0,0,0,0,0,0,0,0,0,0,0,0,0,0,0,0,0,0,0,0,0,0,0,0,0,0,0,0,0,0,0,0,0,0,0,0,0,0,0,0,0,0,0,1,2,0,0,0,0,0,1.251,0.2242,2.5739,0,0,0,0,0,0,0,-0,0,1.53622,0,0,0,0,0,0,0,0,0,0,0,0,0,0,0,0,0,0,0,0,0,0,0,0,0,0,0,0,0,0,0,0,0
12.55,0,0,0,0,0,0,3.07898,2.02201,-2.58631,-1.46546e-05,-0.000157537,9.30225e-05,-4.67292e-05,-0.000653681,0.000674208,0,0,0,0,0,0,0,0,0,0,0,0,0,0,0,0,0,0,0,0,0,0,0,0,0,0,0,0,0,0,0,0,0,0,0,0,0,0,0,0,1.8916,1.04728,0.0107405,0.00118824,0.000388347,0.000225279,-0.000536466,0.000324407,-0.0025975,0,0,0,0,0,0,0,0,0,0,0,0,0,0,0,0,0,0,0,0,0,0,0,0,0,0,0,0,0,0,0,0,0,0,0,0,0,0,0,0,0,0,0,0,0,0,0,0,0,0,0,1,2,0,0,0,0,0,1.3387,0.3123,2.6619,0,0,0,0,0,0,0,-0,0,1.53622,0,0,0,0,0,0,0,0,0,0,0,0,0,0,0,0,0,0,0,0,0,0,0,0,0,0,0,0,0,0,0,0,0
12.6,0,0,0,0,0,0,3.07898,2.02201,-2.58631,-1.46546e-05,-0.000157537,9.30225e-05,-4.67292e-05,-0.000653681,0.000674208,0,0,0,0,0,0,0,0,0,0,0,0,0,0,0,0,0,0,0,0,0,0,0,0,0,0,0,0,0,0,0,0,0,0,0,0,0,0,0,0,1.8916,1.04728,0.0107405,0.00118824,0.000388347,0.000225279,-0.000536466,0.000324407,-0.0025975,0,0,0,0,0,0,0,0,0,0,0,0,0,0,0,0,0,0,0,0,0,0,0,0,0,0,0,0,0,0,0,0,0,0,0,0,0,0,0,0,0,0,0,0,0,0,0,0,0,0,0,1,2,0,0,0,0,0,1.3387,0.3123,2.6619,0,0,0,0,0,0,0,-0,0,1.53622,0,0,0,0,0,0,0,0,0,0,0,0,0,0,0,0,0,0,0,0,0,0,0,0,0,0,0,0,0,0,0,0,0
12.65,0,0,0,0,0,0,3.07898,2.02201,-2.58633,4.15021e-05,-4.8826e-06,-0.000195495,0.00021219,0.00010263,-0.000514565,0,0,0,0,0,0,0,0,0,0,0,0,0,0,0,0,0,0,0,0,0,0,0,0,0,0,0,0,0,0,0,0,0,0,0,0,0,0,0,0,1.89174,1.04732,0.0108404,0.00146356,0.000446758,0.000999005,0.000665646,0.000414447,0.00186276,0,0,0,0,0,0,0,0,0,0,0,0,0,0,0,0,0,0,0,0,0,0,0,0,0,0,0,0,0,0,0,0,0,0,0,0,0,0,0,0,0,0,0,0,0,0,0,0,0,0,0,1,2,0,0,0,0,0,1.3387,0.3123,2.6619,0,0,0,0,0,0,0,-0,0,1.53609,0,0,0,0,0,0,0,0,0,0,0,0,0,0,0,0,0,0,0,0,0,0,0,0,0,0,0,0,0,0,0,0,0
12.7,0,0,0,0,0,0,3.07898,2.02201,-2.58631,-2.43954e-05,2.56152e-05,0.000219178,-0.000100888,0.000285892,0.0011872,0,0,0,0,0,0,0,0,0,0,0,0,0,0,0,0,0,0,0,0,0,0,0,0,0,0,0,0,0,0,0,0,0,0,0,0,0,0,0,0,1.89189,1.04735,0.0109486,0.00151739,0.000326898,0.00108162,0.000778016,-0.000217841,0.00205269,0,0,0,0,0,0,0,0,0,0,0,0,0,0,0,0,0,0,0,0,0,0,0,0,0,0,0,0,0,0,0,0,0,0,0,0,0,0,0,0,0,0,0,0,0,0,0,0,0,0,0,1,2,0,0,0,0,0,1.3387,0.3123,2.6619,0,0,0,0,0,0,0,-0,0,1.53595,0,0,0,0,0,0,0,0,0,0,0,0,0,0,0,0,0,0,0,0,0,0,0,0,0,0,0,0,0,0,0,0,0
12.75,0,0,0,0,0,0,3.07898,2.02201,-2.58631,-2.43954e-05,2.56152e-05,0.000219178,-0.000100888,0.000285892,0.0011872,0,0,0,0,0,0,0,0,0,0,0,0,0,0,0,0,0,0,0,0,0,0,0,0,0,0,0,0,0,0,0,0,0,0,0,0,0,0,0,0,1.89189,1.04735,0.0109486,0.00151739,0.000326898,0.00108162,0.000778016,-0.000217841,0.00205269,0,0,0,0,0,0,0,0,0,0,0,0,0,0,0,0,0,0,0,0,0,0,0,0,0,0,0,0,0,0,0,0,0,0,0,0,0,0,0,0,0,0,0,0,0,0,0,0,0,0,0,1,2,0,0,0,0,0,1.3548,0.3288,2.6785,0,0,0,0,0,0,0,-0,0,1.53595,0,0,0,0,0,0,0,0,0,0,0,0,0,0,0,0,0,0,0,0,0,0,0,0,0,0,0,0,0,0,0,0,0
12.8,0,0,0,0,0,0,3.07898,2.02201,-2.58631,-2.43954e-05,2.56152e-05,0.000219178,-0.000100888,0.000285892,0.0011872,0,0,0,0,0,0,0,0,0,0,0,0,0,0,0,0,0,0,0,0,0,0,0,0,0,0,0,0,0,0,0,0,0,0,0,0,0,0,0,0,1.89189,1.04735,0.0109486,0.00151739,0.000326898,0.00108162,0.000778016,-0.000217841,0.00205269,0,0,0,0,0,0,0,0,0,0,0,0,0,0,0,0,0,0,0,0,0,0,0,0,0,0,0,0,0,0,0,0,0,0,0,0,0,0,0,0,0,0,0,0,0,0,0,0,0,0,0,1,2,0,0,0,0,0,1.3548,0.3288,2.6785,0,0,0,0,0,0,0,-0,0,1.53595,0,0,0,0,0,0,0,0,0,0,0,0,0,0,0,0,0,0,0,0,0,0,0,0,0,0,0,0,0,0,0,0,0
12.85,0,0,0,0,0,0,3.07898,2.02201,-2.58631,4.39855e-05,-1.95491e-05,-9.30683e-05,0.000170326,1.59521e-05,-0.000305005,0,0,0,0,0,0,0,0,0,0,0,0,0,0,0,0,0,0,0,0,0,0,0,0,0,0,0,0,0,0,0,0,0,0,0,0,0,0,0,0,1.89207,1.04741,0.0111378,0.00176431,0.00054249,0.00189367,0.00146394,0.000643888,0.00449908,0,0,0,0,0,0,0,0,0,0,0,0,0,0,0,0,0,0,0,0,0,0,0,0,0,0,0,0,0,0,0,0,0,0,0,0,0,0,0,0,0,0,0,0,0,0,0,0,0,0,0,1,2,0,0,0,0,0,1.3548,0.3288,2.6785,0,0,0,0,0,0,0,-0,0,1.53578,0,0,0,0,0,0,0,0,0,0,0,0,0,0,0,0,0,0,0,0,0,0,0,0,0,0,0,0,0,0,0,0,0
12.9,0,0,0,0,0,0,3.07897,2.02199,-2.58634,-9.76643e-05,-0.000208757,-0.000274204,-0.000426894,-0.00078301,-0.001109,0,0,0,0,0,0,0,0,0,0,0,0,0,0,0,0,0,0,0,0,0,0,0,0,0,0,0,0,0,0,0,0,0,0,0,0,0,0,0,0,1.89222,1.04745,0.0112905,0.00152844,0.000438268,0.0015274,3.53389e-05,8.85626e-05,0.00157526,0,0,0,0,0,0,0,0,0,0,0,0,0,0,0,0,0,0,0,0,0,0,0,0,0,0,0,0,0,0,0,0,0,0,0,0,0,0,0,0,0,0,0,0,0,0,0,0,0,0,0,1,2,0,0,0,0,0,1.3548,0.3288,2.6785,0,0,0,0,0,0,0,-0,0,1.53561,0,0,0,0,0,0,0,0,0,0,0,0,0,0,0,0,0,0,0,0,0,0,0,0,0,0,0,0,0,0,0,0,0
12.95,0,0,0,0,0,0,3.07897,2.02199,-2.58634,-9.76643e-05,-0.000208757,-0.000274204,-0.000426894,-0.00078301,-0.001109,0,0,0,0,0,0,0,0,0,0,0,0,0,0,0,0,0,0,0,0,0,0,0,0,0,0,0,0,0,0,0,0,0,0,0,0,0,0,0,0,1.89222,1.04745,0.0112905,0.00152844,0.000438268,0.0015274,3.53389e-05,8.85626e-05,0.00157526,0,0,0,0,0,0,0,0,0,0,0,0,0,0,0,0,0,0,0,0,0,0,0,0,0,0,0,0,0,0,0,0,0,0,0,0,0,0,0,0,0,0,0,0,0,0,0,0,0,0,0,1,2,0,0,0,0,0,1.2582,0.2326,2.5827,0,0,0,0,0,0,0,-0,0,1.53561,0,0,0,0,0,0,0,0,0,0,0,0,0,0,0,0,0,0,0,0,0,0,0,0,0,0,0,0,0,0,0,0,0
13,0,0,0,0,0,0,3.07898,2.02203,-2.58633,2.9293e-05,0.000419866,0.000162103,0.000170084,0.00193356,0.000968696,0,0,0,0,0,0,0,0,0,0,0,0,0,0,0,0,0,0,0,0,0,0,0,0,0,0,0,0,0,0,0,0,0,0,0,0,0,0,0,0,1.89241,1.04753,0.0114658,0.0018357,0.00076528,0.00175194,0.00105405,0.00128425,0.00144569,0,0,0,0,0,0,0,0,0,0,0,0,0,0,0,0,0,0,0,0,0,0,0,0,0,0,0,0,0,0,0,0,0,0,0,0,0,0,0,0,0,0,0,0,0,0,0,0,0,0,0,1,2,0,0,0,0,0,1.2582,0.2326,2.5827,0,0,0,0,0,0,0,-0,0,1.53545,0,0,0,0,0,0,0,0,0,0,0,0,0,0,0,0,0,0,0,0,0,0,0,0,0,0,0,0,0,0,0,0,0
13.05,0,0,0,0,0,0,3.07898,2.02203,-2.58633,2.9293e-05,0.000419866,0.000162103,0.000170084,0.00193356,0.000968696,0,0,0,0,0,0,0,0,0,0,0,0,0,0,0,0,0,0,0,0,0,0,0,0,0,0,0,0,0,0,0,0,0,0,0,0,0,0,0,0,1.89241,1.04753,0.0114658,0.0018357,0.00076528,0.00175194,0.00105405,0.00128425,0.00144569,0,0,0,0,0,0,0,0,0,0,0,0,0,0,0,0,0,0,0,0,0,0,0,0,0,0,0,0,0,0,0,0,0,0,0,0,0,0,0,0,0,0,0,0,0,0,0,0,0,0,0,1,2,0,0,0,0,0,1.2582,0.2326,2.5827,0,0,0,0,0,0,0,-0,0,1.53545,0,0,0,0,0,0,0,0,0,0,0,0,0,0,0,0,0,0,0,0,0,0,0,0,0,0,0,0,0,0,0,0,0
13.1,0,0,0,0,0,0,3.07898,2.02202,-2.58631,2.19755e-05,-0.000144062,0.000112071,0.000153669,-0.000724869,0.000662844,0,0,0,0,0,0,0,0,0,0,0,0,0,0,0,0,0,0,0,0,0,0,0,0,0,0,0,0,0,0,0,0,0,0,0,0,0,0,0,0,1.89257,1.04758,0.0115181,0.00166403,0.000506657,0.00052376,8.36958e-05,-0.000100914,-0.00405802,0,0,0,0,0,0,0,0,0,0,0,0,0,0,0,0,0,0,0,0,0,0,0,0,0,0,0,0,0,0,0,0,0,0,0,0,0,0,0,0,0,0,0,0,0,0,0,0,0,0,0,1,2,0,0,0,0,0,1.2582,0.2326,2.5827,0,0,0,0,0,0,0,-0,0,1.53528,0,0,0,0,0,0,0,0,0,0,0,0,0,0,0,0,0,0,0,0,0,0,0,0,0,0,0,0,0,0,0,0,0
13.15,0,0,0,0,0,0,3.07898,2.02202,-2.58631,2.19755e-05,-0.000144062,0.000112071,0.000153669,-0.000724869,0.000662844,0,0,0,0,0,0,0,0,0,0,0,0,0,0,0,0,0,0,0,0,0,0,0,0,0,0,0,0,0,0,0,0,0,0,0,0,0,0,0,0,1.89257,1.04758,0.0115181,0.00166403,0.000506657,0.00052376,8.36958e-05,-0.000100914,-0.00405802,0,0,0,0,0,0,0,0,0,0,0,0,0,0,0,0,0,0,0,0,0,0,0,0,0,0,0,0,0,0,0,0,0,0,0,0,0,0,0,0,0,0,0,0,0,0,0,0,0,0,0,1,2,0,0,0,0,0,1.312,0.2868,2.6371,0,0,0,0,0,0,0,-0,0,1.53528,0,0,0,0,0,0,0,0,0,0,0,0,0,0,0,0,0,0,0,0,0,0,0,0,0,0,0,0,0,0,0,0,0
13.15,0,0,0,0,0,0,3.07899,2.02202,-2.58632,5.61621e-05,4.02902e-05,-3.09998e-05,0.000226653,-5.84234e-05,-0.000215007,0,0,0,0,0,0,0,0,0,0,0,0,0,0,0,0,0,0,0,0,0,0,0,0,0,0,0,0,0,0,0,0,0,0,0,0,0,0,0,0,1.89275,1.04765,0.0116309,0.00178009,0.000731325,0.00112812,0.000383158,0.000649816,-0.000766461,0,0,0,0,0,0,0,0,0,0,0,0,0,0,0,0,0,0,0,0,0,0,0,0,0,0,0,0,0,0,0,0,0,0,0,0,0,0,0,0,0,0,0,0,0,0,0,0,0,0,0,1,2,0,0,0,0,0,1.312,0.2868,2.6371,0,0,0,0,0,0,0,-0,0,1.5351,0,0,0,0,0,0,0,0,0,0,0,0,0,0,0,0,0,0,0,0,0,0,0,0,0,0,0,0,0,0,0,0,0
13.15,0,0,0,0,0,0,3.07899,2.02202,-2.58632,5.61621e-05,4.02902e-05,-3.09998e-05,0.000226653,-5.84234e-05,-0.000215007,0,0,0,0,0,0,0,0,0,0,0,0,0,0,0,0,0,0,0,0,0,0,0,0,0,0,0,0,0,0,0,0,0,0,0,0,0,0,0,0,1.89275,1.04765,0.0116309,0.00178009,0.000731325,0.00112812,0.000383158,0.000649816,-0.000766461,0,0,0,0,0,0,0,0,0,0,0,0,0,0,0,0,0,0,0,0,0,0,0,0,0,0,0,0,0,0,0,0,0,0,0,0,0,0,0,0,0,0,0,0,0,0,0,0,0,0,0,1,2,0,0,0,0,0,1.312,0.2868,2.6371,0,0,0,0,0,0,0,-0,0,1.5351,0,0,0,0,0,0,0,0,0,0,0,0,0,0,0,0,0,0,0,0,0,0,0,0,0,0,0,0,0,0,0,0,0
13.15,0,0,0,0,0,0,3.07898,2.02201,-2.58633,-7.32472e-05,-0.000133066,-9.06053e-05,-0.000371092,-0.00063754,-0.000486116,0,0,0,0,0,0,0,0,0,0,0,0,0,0,0,0,0,0,0,0,0,0,0,0,0,0,0,0,0,0,0,0,0,0,0,0,0,0,0,0,1.89294,1.04772,0.0117943,0.00189589,0.000631149,0.00163365,0.000733658,9.16873e-05,0.00200551,0,0,0,0,0,0,0,0,0,0,0,0,0,0,0,0,0,0,0,0,0,0,0,0,0,0,0,0,0,0,0,0,0,0,0,0,0,0,0,0,0,0,0,0,0,0,0,0,0,0,0,1,2,0,0,0,0,0,1.312,0.2868,2.6371,0,0,0,0,0,0,0,-0,0,1.5349,0,0,0,0,0,0,0,0,0,0,0,0,0,0,0,0,0,0,0,0,0,0,0,0,0,0,0,0,0,0,0,0,0
13.15,0,0,0,0,0,0,3.07898,2.02201,-2.58633,-7.32472e-05,-0.000133066,-9.06053e-05,-0.000371092,-0.00063754,-0.000486116,0,0,0,0,0,0,0,0,0,0,0,0,0,0,0,0,0,0,0,0,0,0,0,0,0,0,0,0,0,0,0,0,0,0,0,0,0,0,0,0,1.89294,1.04772,0.0117943,0.00189589,0.000631149,0.00163365,0.000733658,9.16873e-05,0.00200551,0,0,0,0,0,0,0,0,0,0,0,0,0,0,0,0,0,0,0,0,0,0,0,0,0,0,0,0,0,0,0,0,0,0,0,0,0,0,0,0,0,0,0,0,0,0,0,0,0,0,0,1,2,0,0,0,0,0,1.2785,0.2538,2.6043,0,0,0,0,0,0,0,-0,0,1.5349,0,0,0,0,0,0,0,0,0,0,0,0,0,0,0,0,0,0,0,0,0,0,0,0,0,0,0,0,0,0,0,0,0
13.15,0,0,0,0,0,0,3.07898,2.022,-2.58633,5.3704e-05,-8.54382e-05,-2.86065e-05,0.000203536,-0.000270897,-8.0853e-05,0,0,0,0,0,0,0,0,0,0,0,0,0,0,0,0,0,0,0,0,0,0,0,0,0,0,0,0,0,0,0,0,0,0,0,0,0,0,0,0,1.89315,1.04778,0.0120429,0.00205051,0.000640785,0.00248565,0.00110608,1.80927e-05,0.00498413,0,0,0,0,0,0,0,0,0,0,0,0,0,0,0,0,0,0,0,0,0,0,0,0,0,0,0,0,0,0,0,0,0,0,0,0,0,0,0,0,0,0,0,0,0,0,0,0,0,0,0,1,2,0,0,0,0,0,1.2785,0.2538,2.6043,0,0,0,0,0,0,0,-0,0,1.5347,0,0,0,0,0,0,0,0,0,0,0,0,0,0,0,0,0,0,0,0,0,0,0,0,0,0,0,0,0,0,0,0,0
13.15,0,0,0,0,0,0,3.07898,2.022,-2.58633,5.3704e-05,-8.54382e-05,-2.86065e-05,0.000203536,-0.000270897,-8.0853e-05,0,0,0,0,0,0,0,0,0,0,0,0,0,0,0,0,0,0,0,0,0,0,0,0,0,0,0,0,0,0,0,0,0,0,0,0,0,0,0,0,1.89315,1.04778,0.0120429,0.00205051,0.000640785,0.00248565,0.00110608,1.80927e-05,0.00498413,0,0,0,0,0,0,0,0,0,0,0,0,0,0,0,0,0,0,0,0,0,0,0,0,0,0,0,0,0,0,0,0,0,0,0,0,0,0,0,0,0,0,0,0,0,0,0,0,0,0,0,1,2,0,0,0,0,0,1.2785,0.2538,2.6043,0,0,0,0,0,0,0,-0,0,1.5347,0,0,0,0,0,0,0,0,0,0,0,0,0,0,0,0,0,0,0,0,0,0,0,0,0,0,0,0,0,0,0,0,0
