0,0,0,0,0,0,0,0,0,0,0,0,0,0,0,0,0,0,0,0,0,0,0,0,0,0,0,0,0,0,0,0,0,0,0,0,0,0,0,0,0,0,0,0,0,0,0,0,0,0,0,0,0,0,0,0,0,0,0,0,0,0,0,0,0,0,0,0,0,0,0,0,0,0,0,0,0,0,0,0,0,0,0,0,0,0,0,0,0,0,0,0,0,0,0,0,0,0,0,0,0,0,0,0,0,0,0,0,0,0,0,0,0,0,0,0,0,0,0,0,0,0,0,0,0,0,0,0,0,0,0,0,0,0,0,0,0,0,0,0,0,0,0,0,0,0,0,0,0,0,0,0,0,0,0,0,0,0,0,0,0,0,0,0
0,0,0,0,0,0,0,2.95151,1.9742,-2.63472,9.7663e-06,0.000382106,0.000185979,0.00171654,0.00114816,-0.0015323,0,0,0,0,0,0,0,0,0,0,0,0,0,0,0,0,0,0,0,0,0,0,0,0,0,0,0,0,0,0,0,0,0,0,0,0,0,0,0,0,1.73217,1.18316,0.881769,6.10393e-05,0.000297872,0.000101335,0.0010074,0.000688101,0.00051282,0,0,0,0,0,0,0,0,0,0,0,0,0,0,0,0,0,0,0,0,0,0,0,0,0,0,0,0,0,0,0,0,0,0,0,0,0,0,0,0,0,0,0,0,0,0,0,0,0,0,0,0,2,0,0,0,0,0,1.6994,1.2651,0.8818,0,0,0,0,0,0,0,-0,0,1.45346,0,0,0,0,0,0,0,0,0,0,0,0,0,0,0,0,0,0,0,0,0,0,0,0,0,0,0,0
0,0,0,0,0,0,0,2.95151,1.9742,-2.63472,9.7663e-06,0.000382106,0.000185979,0.00171654,0.00114816,-0.0015323,0,0,0,0,0,0,0,0,0,0,0,0,0,0,0,0,0,0,0,0,0,0,0,0,0,0,0,0,0,0,0,0,0,0,0,0,0,0,0,0,1.73217,1.18316,0.881769,6.10393e-05,0.000297872,0.000101335,0.0010074,0.000688101,0.00051282,0,0,0,0,0,0,0,0,0,0,0,0,0,0,0,0,0,0,0,0,0,0,0,0,0,0,0,0,0,0,0,0,0,0,0,0,0,0,0,0,0,0,0,0,0,0,0,0,0,0,0,0,2,0,0,0,0,0,1.6994,1.2651,0.8818,0,0,0,0,0,0,0,-0,0,1.45346,0,0,0,0,0,0,0,0,0,0,0,0,0,0,0,0,0,0,0,0,0,0,0,0,0,0,0,0
0.05,0,0,0,0,0,0,2.95151,1.9742,-2.63471,2.68516e-05,-2.44105e-05,0.000159717,-0.4498,-0.301031,0.402257,0,0,0,0,0,0,0,0,0,0,0,0,0,0,0,0,0,0,0,0,0,0,0,0,0,0,0,0,0,0,0,0,0,0,0,0,0,0,0,0,1.73217,1.18315,0.881745,-1.34258e-05,-7.93342e-05,-0.000238384,-0.264093,-0.180669,-0.135363,0,0,0,0,0,0,0,0,0,0,0,0,0,0,0,0,0,0,0,0,0,0,0,0,0,0,0,0,0,0,0,0,0,0,0,0,0,0,0,0,0,0,0,0,0,0,0,0,0,0,0,0,2,0,0,0,0,0,1.6994,1.2651,0.8818,0,0,0,0,0,0,0,-0,0,1.45347,0,0,0,0,0,0,0,0,0,0,0,0,0,0,0,0,0,0,0,0,0,0,0,0,0,0,0,0
0.1,0,0,0,0,0,0,2.95151,1.9742,-2.63471,2.68516e-05,-2.44105e-05,0.000159717,-0.4498,-0.301031,0.402257,0,0,0,0,0,0,0,0,0,0,0,0,0,0,0,0,0,0,0,0,0,0,0,0,0,0,0,0,0,0,0,0,0,0,0,0,0,0,0,0,1.73217,1.18315,0.881745,-1.34258e-05,-7.93342e-05,-0.000238384,-0.264093,-0.180669,-0.135363,0,0,0,0,0,0,0,0,0,0,0,0,0,0,0,0,0,0,0,0,0,0,0,0,0,0,0,0,0,0,0,0,0,0,0,0,0,0,0,0,0,0,0,0,0,0,0,0,0,0,0,0,2,0,0,0,0,0,1.6994,1.2651,0.8818,0,0,0,0,0,0,0,-0,0,1.45347,0,0,0,0,0,0,0,0,0,0,0,0,0,0,0,0,0,0,0,0,0,0,0,0,0,0,0,0
0.15,0,0,0,0,0,0,2.95151,1.9742,-2.63473,-2.44203e-05,3.41884e-05,-0.000226555,-0.165642,-0.110547,0.146677,0,0,0,0,0,0,0,0,0,0,0,0,0,0,0,0,0,0,0,0,0,0,0,0,0,0,0,0,0,0,0,0,0,0,0,0,0,0,0,0,1.73216,1.18315,0.88178,-1.58733e-05,6.1051e-05,0.000350566,-0.0971861,-0.0660216,-0.0477956,0,0,0,0,0,0,0,0,0,0,0,0,0,0,0,0,0,0,0,0,0,0,0,0,0,0,0,0,0,0,0,0,0,0,0,0,0,0,0,0,0,0,0,0,0,0,0,0,0,0,0,0,2,0,0,0,0,0,1.1458,-0.0278,3.4722,0,0,0,0,0,0,0,-0,0,1.45347,0,0,0,0,0,0,0,0,0,0,0,0,0,0,0,0,0,0,0,0,0,0,0,0,0,0,0,0
0.2,0,0,0,0,0,0,2.95151,1.9742,-2.63473,-2.44203e-05,3.41884e-05,-0.000226555,-0.165642,-0.110547,0.146677,0,0,0,0,0,0,0,0,0,0,0,0,0,0,0,0,0,0,0,0,0,0,0,0,0,0,0,0,0,0,0,0,0,0,0,0,0,0,0,0,1.73216,1.18315,0.88178,-1.58733e-05,6.1051e-05,0.000350566,-0.0971861,-0.0660216,-0.0477956,0,0,0,0,0,0,0,0,0,0,0,0,0,0,0,0,0,0,0,0,0,0,0,0,0,0,0,0,0,0,0,0,0,0,0,0,0,0,0,0,0,0,0,0,0,0,0,0,0,0,0,0,2,0,0,0,0,0,1.1458,-0.0278,3.4722,0,0,0,0,0,0,0,-0,0,1.45347,0,0,0,0,0,0,0,0,0,0,0,0,0,0,0,0,0,0,0,0,0,0,0,0,0,0,0,0
0.25,0,0,0,0,0,0,2.95151,1.9742,-2.63471,-2.93021e-05,-5.49414e-05,0.000140692,-0.0610301,-0.0409603,0.0549572,0,0,0,0,0,0,0,0,0,0,0,0,0,0,0,0,0,0,0,0,0,0,0,0,0,0,0,0,0,0,0,0,0,0,0,0,0,0,0,0,1.73215,1.18314,0.881766,-0.000104999,-0.00011965,-0.000146653,-0.0361277,-0.0248519,-0.0188367,0,0,0,0,0,0,0,0,0,0,0,0,0,0,0,0,0,0,0,0,0,0,0,0,0,0,0,0,0,0,0,0,0,0,0,0,0,0,0,0,0,0,0,0,0,0,0,0,0,0,0,0,2,0,0,0,0,0,1.1458,-0.0278,3.4722,0,0,0,0,0,0,0,-0,0,1.45348,0,0,0,0,0,0,0,0,0,0,0,0,0,0,0,0,0,0,0,0,0,0,0,0,0,0,0,0
0.3,0,0,0,0,0,0,2.95151,1.9742,-2.63471,-2.93021e-05,-5.49414e-05,0.000140692,-0.0610301,-0.0409603,0.0549572,0,0,0,0,0,0,0,0,0,0,0,0,0,0,0,0,0,0,0,0,0,0,0,0,0,0,0,0,0,0,0,0,0,0,0,0,0,0,0,0,1.73215,1.18314,0.881766,-0.000104999,-0.00011965,-0.000146653,-0.0361277,-0.0248519,-0.0188367,0,0,0,0,0,0,0,0,0,0,0,0,0,0,0,0,0,0,0,0,0,0,0,0,0,0,0,0,0,0,0,0,0,0,0,0,0,0,0,0,0,0,0,0,0,0,0,0,0,0,0,0,2,0,0,0,0,0,1.1458,-0.0278,3.4722,0,0,0,0,0,0,0,-0,0,1.45348,0,0,0,0,0,0,0,0,0,0,0,0,0,0,0,0,0,0,0,0,0,0,0,0,0,0,0,0
0.35,0,0,0,0,0,0,2.95151,1.97423,-2.63473,3.661e-05,0.000391727,-0.000150158,-0.0222173,-0.0133874,0.0194177,0,0,0,0,0,0,0,0,0,0,0,0,0,0,0,0,0,0,0,0,0,0,0,0,0,0,0,0,0,0,0,0,0,0,0,0,0,0,0,0,1.73217,1.18316,0.881771,0.000198915,0.000196474,4.94569e-05,-0.012211,-0.00808463,-0.00660571,0,0,0,0,0,0,0,0,0,0,0,0,0,0,0,0,0,0,0,0,0,0,0,0,0,0,0,0,0,0,0,0,0,0,0,0,0,0,0,0,0,0,0,0,0,0,0,0,0,0,0,0,2,0,0,0,0,0,1.2842,0.1107,3.6106,0,0,0,0,0,0,0,-0,0,1.45347,0,0,0,0,0,0,0,0,0,0,0,0,0,0,0,0,0,0,0,0,0,0,0,0,0,0,0,0
0.4,0,0,0,0,0,0,2.95151,1.97423,-2.63473,3.661e-05,0.000391727,-0.000150158,-0.0222173,-0.0133874,0.0194177,0,0,0,0,0,0,0,0,0,0,0,0,0,0,0,0,0,0,0,0,0,0,0,0,0,0,0,0,0,0,0,0,0,0,0,0,0,0,0,0,1.73217,1.18316,0.881771,0.000198915,0.000196474,4.94569e-05,-0.012211,-0.00808463,-0.00660571,0,0,0,0,0,0,0,0,0,0,0,0,0,0,0,0,0,0,0,0,0,0,0,0,0,0,0,0,0,0,0,0,0,0,0,0,0,0,0,0,0,0,0,0,0,0,0,0,0,0,0,0,2,0,0,0,0,0,1.2842,0.1107,3.6106,0,0,0,0,0,0,0,-0,0,1.45347,0,0,0,0,0,0,0,0,0,0,0,0,0,0,0,0,0,0,0,0,0,0,0,0,0,0,0,0
0.45,0,0,0,0,0,0,2.95151,1.97421,-2.63471,4.88279e-06,-0.00022705,0.000174045,-0.00821264,-0.00677859,0.00814356,0,0,0,0,0,0,0,0,0,0,0,0,0,0,0,0,0,0,0,0,0,0,0,0,0,0,0,0,0,0,0,0,0,0,0,0,0,0,0,0,1.73216,1.18315,0.881796,-0.000112304,-0.000114746,0.000254511,-0.00533799,-0.00382825,-0.00149126,0,0,0,0,0,0,0,0,0,0,0,0,0,0,0,0,0,0,0,0,0,0,0,0,0,0,0,0,0,0,0,0,0,0,0,0,0,0,0,0,0,0,0,0,0,0,0,0,0,0,0,0,2,0,0,0,0,0,1.2842,0.1107,3.6106,0,0,0,0,0,0,0,-0,0,1.45348,0,0,0,0,0,0,0,0,0,0,0,0,0,0,0,0,0,0,0,0,0,0,0,0,0,0,0,0
0.5,0,0,0,0,0,0,2.95151,1.97421,-2.63471,4.88279e-06,-0.00022705,0.000174045,-0.00821264,-0.00677859,0.00814356,0,0,0,0,0,0,0,0,0,0,0,0,0,0,0,0,0,0,0,0,0,0,0,0,0,0,0,0,0,0,0,0,0,0,0,0,0,0,0,0,1.73216,1.18315,0.881796,-0.000112304,-0.000114746,0.000254511,-0.00533799,-0.00382825,-0.00149126,0,0,0,0,0,0,0,0,0,0,0,0,0,0,0,0,0,0,0,0,0,0,0,0,0,0,0,0,0,0,0,0,0,0,0,0,0,0,0,0,0,0,0,0,0,0,0,0,0,0,0,0,2,0,0,0,0,0,1.2842,0.1107,3.6106,0,0,0,0,0,0,0,-0,0,1.45348,0,0,0,0,0,0,0,0,0,0,0,0,0,0,0,0,0,0,0,0,0,0,0,0,0,0,0,0
0.55,0,0,0,0,0,0,2.95152,1.97421,-2.63472,3.41933e-05,-3.9078e-05,-4.05473e-05,-0.00291965,-0.00242513,0.00250725,0,0,0,0,0,0,0,0,0,0,0,0,0,0,0,0,0,0,0,0,0,0,0,0,0,0,0,0,0,0,0,0,0,0,0,0,0,0,0,0,1.73216,1.18316,0.881783,2.07602e-05,0.000109907,-0.000130586,-0.00174377,-0.000825273,-0.00174223,0,0,0,0,0,0,0,0,0,0,0,0,0,0,0,0,0,0,0,0,0,0,0,0,0,0,0,0,0,0,0,0,0,0,0,0,0,0,0,0,0,0,0,0,0,0,0,0,0,0,0,0,2,0,0,0,0,0,1.1902,0.0166,3.5165,0,0,0,0,0,0,0,-0,0,1.45347,0,0,0,0,0,0,0,0,0,0,0,0,0,0,0,0,0,0,0,0,0,0,0,0,0,0,0,0
0.6,0,0,0,0,0,0,2.95152,1.97421,-2.63472,3.41933e-05,-3.9078e-05,-4.05473e-05,-0.00291965,-0.00242513,0.00250725,0,0,0,0,0,0,0,0,0,0,0,0,0,0,0,0,0,0,0,0,0,0,0,0,0,0,0,0,0,0,0,0,0,0,0,0,0,0,0,0,1.73216,1.18316,0.881783,2.07602e-05,0.000109907,-0.000130586,-0.00174377,-0.000825273,-0.00174223,0,0,0,0,0,0,0,0,0,0,0,0,0,0,0,0,0,0,0,0,0,0,0,0,0,0,0,0,0,0,0,0,0,0,0,0,0,0,0,0,0,0,0,0,0,0,0,0,0,0,0,0,2,0,0,0,0,0,1.1902,0.0166,3.5165,0,0,0,0,0,0,0,-0,0,1.45347,0,0,0,0,0,0,0,0,0,0,0,0,0,0,0,0,0,0,0,0,0,0,0,0,0,0,0,0
0.65,0,0,0,0,0,0,2.95151,1.9742,-2.63473,-4.63956e-05,-5.25003e-05,-0.000162156,-0.00135883,-0.000920721,0.000256793,0,0,0,0,0,0,0,0,0,0,0,0,0,0,0,0,0,0,0,0,0,0,0,0,0,0,0,0,0,0,0,0,0,0,0,0,0,0,0,0,1.73217,1.18314,0.881724,6.10468e-05,-0.000158722,-0.000592583,-0.000399673,-0.00116237,-0.00292629,0,0,0,0,0,0,0,0,0,0,0,0,0,0,0,0,0,0,0,0,0,0,0,0,0,0,0,0,0,0,0,0,0,0,0,0,0,0,0,0,0,0,0,0,0,0,0,0,0,0,0,0,2,0,0,0,0,0,1.1902,0.0166,3.5165,0,0,0,0,0,0,0,-0,0,1.45347,0,0,0,0,0,0,0,0,0,0,0,0,0,0,0,0,0,0,0,0,0,0,0,0,0,0,0,0
0.7,0,0,0,0,0,0,2.95151,1.9742,-2.63473,-4.63956e-05,-5.25003e-05,-0.000162156,-0.00135883,-0.000920721,0.000256793,0,0,0,0,0,0,0,0,0,0,0,0,0,0,0,0,0,0,0,0,0,0,0,0,0,0,0,0,0,0,0,0,0,0,0,0,0,0,0,0,1.73217,1.18314,0.881724,6.10468e-05,-0.000158722,-0.000592583,-0.000399673,-0.00116237,-0.00292629,0,0,0,0,0,0,0,0,0,0,0,0,0,0,0,0,0,0,0,0,0,0,0,0,0,0,0,0,0,0,0,0,0,0,0,0,0,0,0,0,0,0,0,0,0,0,0,0,0,0,0,0,2,0,0,0,0,0,1.1902,0.0166,3.5165,0,0,0,0,0,0,0,-0,0,1.45347,0,0,0,0,0,0,0,0,0,0,0,0,0,0,0,0,0,0,0,0,0,0,0,0,0,0,0,0
0.75,0,0,0,0,0,0,2.95152,1.97421,-2.63472,4.88093e-05,5.61307e-05,0.000159679,-0.000224101,8.49591e-05,0.00113541,0,0,0,0,0,0,0,0,0,0,0,0,0,0,0,0,0,0,0,0,0,0,0,0,0,0,0,0,0,0,0,0,0,0,0,0,0,0,0,0,1.73217,1.18315,0.881742,-1.46428e-05,9.27377e-05,0.000178149,-0.000360389,0.000261189,0.0011622,0,0,0,0,0,0,0,0,0,0,0,0,0,0,0,0,0,0,0,0,0,0,0,0,0,0,0,0,0,0,0,0,0,0,0,0,0,0,0,0,0,0,0,0,0,0,0,0,0,0,0,0,2,0,0,0,0,0,1.2599,0.0864,3.5863,0,0,0,0,0,0,0,-0,0,1.45347,0,0,0,0,0,0,0,0,0,0,0,0,0,0,0,0,0,0,0,0,0,0,0,0,0,0,0,0
0.8,0,0,0,0,0,0,2.95152,1.97421,-2.63472,4.88093e-05,5.61307e-05,0.000159679,-0.000224101,8.49591e-05,0.00113541,0,0,0,0,0,0,0,0,0,0,0,0,0,0,0,0,0,0,0,0,0,0,0,0,0,0,0,0,0,0,0,0,0,0,0,0,0,0,0,0,1.73217,1.18315,0.881742,-1.46428e-05,9.27377e-05,0.000178149,-0.000360389,0.000261189,0.0011622,0,0,0,0,0,0,0,0,0,0,0,0,0,0,0,0,0,0,0,0,0,0,0,0,0,0,0,0,0,0,0,0,0,0,0,0,0,0,0,0,0,0,0,0,0,0,0,0,0,0,0,0,2,0,0,0,0,0,1.2599,0.0864,3.5863,0,0,0,0,0,0,0,-0,0,1.45347,0,0,0,0,0,0,0,0,0,0,0,0,0,0,0,0,0,0,0,0,0,0,0,0,0,0,0,0
0.85,0,0,0,0,0,0,2.95152,1.97419,-2.63473,-7.32692e-06,-0.000206375,-0.000135949,-0.000205344,-0.000861798,-0.000380758,0,0,0,0,0,0,0,0,0,0,0,0,0,0,0,0,0,0,0,0,0,0,0,0,0,0,0,0,0,0,0,0,0,0,0,0,0,0,0,0,1.73216,1.18315,0.881795,-4.76249e-05,-4.39615e-05,0.000530677,-0.000342839,-0.000196815,0.00265952,0,0,0,0,0,0,0,0,0,0,0,0,0,0,0,0,0,0,0,0,0,0,0,0,0,0,0,0,0,0,0,0,0,0,0,0,0,0,0,0,0,0,0,0,0,0,0,0,0,0,0,0,2,0,0,0,0,0,1.2599,0.0864,3.5863,0,0,0,0,0,0,0,-0,0,1.45347,0,0,0,0,0,0,0,0,0,0,0,0,0,0,0,0,0,0,0,0,0,0,0,0,0,0,0,0
0.9,0,0,0,0,0,0,2.95152,1.97419,-2.63473,-7.32692e-06,-0.000206375,-0.000135949,-0.000205344,-0.000861798,-0.000380758,0,0,0,0,0,0,0,0,0,0,0,0,0,0,0,0,0,0,0,0,0,0,0,0,0,0,0,0,0,0,0,0,0,0,0,0,0,0,0,0,1.73216,1.18315,0.881795,-4.76249e-05,-4.39615e-05,0.000530677,-0.000342839,-0.000196815,0.00265952,0,0,0,0,0,0,0,0,0,0,0,0,0,0,0,0,0,0,0,0,0,0,0,0,0,0,0,0,0,0,0,0,0,0,0,0,0,0,0,0,0,0,0,0,0,0,0,0,0,0,0,0,2,0,0,0,0,0,1.2599,0.0864,3.5863,0,0,0,0,0,0,0,-0,0,1.45347,0,0,0,0,0,0,0,0,0,0,0,0,0,0,0,0,0,0,0,0,0,0,0,0,0,0,0,0
0.95,0,0,0,0,0,0,2.95151,1.97418,-2.63474,-2.92897e-05,-5.36978e-05,-0.000116796,-0.000208521,-3.57616e-05,-0.000357406,0,0,0,0,0,0,0,0,0,0,0,0,0,0,0,0,0,0,0,0,0,0,0,0,0,0,0,0,0,0,0,0,0,0,0,0,0,0,0,0,1.73216,1.18313,0.881736,-2.80693e-05,-0.00018184,-0.000586366,-0.000125403,-0.000731149,-0.0026634,0,0,0,0,0,0,0,0,0,0,0,0,0,0,0,0,0,0,0,0,0,0,0,0,0,0,0,0,0,0,0,0,0,0,0,0,0,0,0,0,0,0,0,0,0,0,0,0,0,0,0,0,2,0,0,0,0,0,1.1901,0.0166,3.5165,0,0,0,0,0,0,0,-0,0,1.45347,0,0,0,0,0,0,0,0,0,0,0,0,0,0,0,0,0,0,0,0,0,0,0,0,0,0,0,0
1,0,0,0,0,0,0,2.95151,1.97418,-2.63474,-2.92897e-05,-5.36978e-05,-0.000116796,-0.000208521,-3.57616e-05,-0.000357406,0,0,0,0,0,0,0,0,0,0,0,0,0,0,0,0,0,0,0,0,0,0,0,0,0,0,0,0,0,0,0,0,0,0,0,0,0,0,0,0,1.73216,1.18313,0.881736,-2.80693e-05,-0.00018184,-0.000586366,-0.000125403,-0.000731149,-0.0026634,0,0,0,0,0,0,0,0,0,0,0,0,0,0,0,0,0,0,0,0,0,0,0,0,0,0,0,0,0,0,0,0,0,0,0,0,0,0,0,0,0,0,0,0,0,0,0,0,0,0,0,0,2,0,0,0,0,0,1.1901,0.0166,3.5165,0,0,0,0,0,0,0,-0,0,1.45347,0,0,0,0,0,0,0,0,0,0,0,0,0,0,0,0,0,0,0,0,0,0,0,0,0,0,0,0
1.05,0,0,0,0,0,0,2.95151,1.97419,-2.63473,1.46559e-05,0.000102591,0.000157437,4.99805e-05,0.000714921,0.000884421,0,0,0,0,0,0,0,0,0,0,0,0,0,0,0,0,0,0,0,0,0,0,0,0,0,0,0,0,0,0,0,0,0,0,0,0,0,0,0,0,1.73216,1.18314,0.881772,2.07626e-05,4.64104e-05,0.000354829,0.00014929,0.000400857,0.00144131,0,0,0,0,0,0,0,0,0,0,0,0,0,0,0,0,0,0,0,0,0,0,0,0,0,0,0,0,0,0,0,0,0,0,0,0,0,0,0,0,0,0,0,0,0,0,0,0,0,0,0,0,2,0,0,0,0,0,1.1901,0.0166,3.5165,0,0,0,0,0,0,0,-0,0,1.45347,0,0,0,0,0,0,0,0,0,0,0,0,0,0,0,0,0,0,0,0,0,0,0,0,0,0,0,0
1.1,0,0,0,0,0,0,2.95151,1.97419,-2.63473,1.46559e-05,0.000102591,0.000157437,4.99805e-05,0.000714921,0.000884421,0,0,0,0,0,0,0,0,0,0,0,0,0,0,0,0,0,0,0,0,0,0,0,0,0,0,0,0,0,0,0,0,0,0,0,0,0,0,0,0,1.73216,1.18314,0.881772,2.07626e-05,4.64104e-05,0.000354829,0.00014929,0.000400857,0.00144131,0,0,0,0,0,0,0,0,0,0,0,0,0,0,0,0,0,0,0,0,0,0,0,0,0,0,0,0,0,0,0,0,0,0,0,0,0,0,0,0,0,0,0,0,0,0,0,0,0,0,0,0,2,0,0,0,0,0,1.1901,0.0166,3.5165,0,0,0,0,0,0,0,-0,0,1.45347,0,0,0,0,0,0,0,0,0,0,0,0,0,0,0,0,0,0,0,0,0,0,0,0,0,0,0,0
1.15,0,0,0,0,0,0,2.95151,1.97418,-2.63475,-2.4417e-05,-0.000115981,-0.000212218,-9.11097e-05,-0.000342313,-0.000777665,0,0,0,0,0,0,0,0,0,0,0,0,0,0,0,0,0,0,0,0,0,0,0,0,0,0,0,0,0,0,0,0,0,0,0,0,0,0,0,0,1.73217,1.18312,0.881713,5.98215e-05,-0.000135514,-0.000585982,0.000282914,-0.000332961,-0.00233775,0,0,0,0,0,0,0,0,0,0,0,0,0,0,0,0,0,0,0,0,0,0,0,0,0,0,0,0,0,0,0,0,0,0,0,0,0,0,0,0,0,0,0,0,0,0,0,0,0,0,0,0,2,0,0,0,0,0,1.1095,-0.064,3.4359,0,0,0,0,0,0,0,-0,0,1.45347,0,0,0,0,0,0,0,0,0,0,0,0,0,0,0,0,0,0,0,0,0,0,0,0,0,0,0,0
1.2,0,0,0,0,0,0,2.95151,1.97418,-2.63475,-2.4417e-05,-0.000115981,-0.000212218,-9.11097e-05,-0.000342313,-0.000777665,0,0,0,0,0,0,0,0,0,0,0,0,0,0,0,0,0,0,0,0,0,0,0,0,0,0,0,0,0,0,0,0,0,0,0,0,0,0,0,0,1.73217,1.18312,0.881713,5.98215e-05,-0.000135514,-0.000585982,0.000282914,-0.000332961,-0.00233775,0,0,0,0,0,0,0,0,0,0,0,0,0,0,0,0,0,0,0,0,0,0,0,0,0,0,0,0,0,0,0,0,0,0,0,0,0,0,0,0,0,0,0,0,0,0,0,0,0,0,0,0,2,0,0,0,0,0,1.1095,-0.064,3.4359,0,0,0,0,0,0,0,-0,0,1.45347,0,0,0,0,0,0,0,0,0,0,0,0,0,0,0,0,0,0,0,0,0,0,0,0,0,0,0,0
1.25,0,0,0,0,0,0,2.95151,1.97417,-2.63474,-3.90579e-05,-0.000136703,5.0062e-05,-0.000132318,-0.000431526,0.00035598,0,0,0,0,0,0,0,0,0,0,0,0,0,0,0,0,0,0,0,0,0,0,0,0,0,0,0,0,0,0,0,0,0,0,0,0,0,0,0,0,1.73216,1.18313,0.881741,-5.37047e-05,5.8587e-05,0.000276533,-0.000265661,0.000476298,0.00153098,0,0,0,0,0,0,0,0,0,0,0,0,0,0,0,0,0,0,0,0,0,0,0,0,0,0,0,0,0,0,0,0,0,0,0,0,0,0,0,0,0,0,0,0,0,0,0,0,0,0,0,0,2,0,0,0,0,0,1.1095,-0.064,3.4359,0,0,0,0,0,0,0,-0,0,1.45346,0,0,0,0,0,0,0,0,0,0,0,0,0,0,0,0,0,0,0,0,0,0,0,0,0,0,0,0
1.3,0,0,0,0,0,0,2.95151,1.97417,-2.63474,-3.90579e-05,-0.000136703,5.0062e-05,-0.000132318,-0.000431526,0.00035598,0,0,0,0,0,0,0,0,0,0,0,0,0,0,0,0,0,0,0,0,0,0,0,0,0,0,0,0,0,0,0,0,0,0,0,0,0,0,0,0,1.73216,1.18313,0.881741,-5.37047e-05,5.8587e-05,0.000276533,-0.000265661,0.000476298,0.00153098,0,0,0,0,0,0,0,0,0,0,0,0,0,0,0,0,0,0,0,0,0,0,0,0,0,0,0,0,0,0,0,0,0,0,0,0,0,0,0,0,0,0,0,0,0,0,0,0,0,0,0,0,2,0,0,0,0,0,1.1095,-0.064,3.4359,0,0,0,0,0,0,0,-0,0,1.45346,0,0,0,0,0,0,0,0,0,0,0,0,0,0,0,0,0,0,0,0,0,0,0,0,0,0,0,0
1.35,0,0,0,0,0,0,2.95151,1.97418,-2.63472,4.88275e-05,9.88758e-05,0.000219342,0.000266164,0.000670208,0.00104356,0,0,0,0,0,0,0,0,0,0,0,0,0,0,0,0,0,0,0,0,0,0,0,0,0,0,0,0,0,0,0,0,0,0,0,0,0,0,0,0,1.73217,1.18315,0.881693,6.71378e-05,0.000174558,-0.000478023,0.000249123,0.000858884,-0.00157228,0,0,0,0,0,0,0,0,0,0,0,0,0,0,0,0,0,0,0,0,0,0,0,0,0,0,0,0,0,0,0,0,0,0,0,0,0,0,0,0,0,0,0,0,0,0,0,0,0,0,0,0,2,0,0,0,0,0,1.1779,0.0043,3.5042,0,0,0,0,0,0,0,-0,0,1.45345,0,0,0,0,0,0,0,0,0,0,0,0,0,0,0,0,0,0,0,0,0,0,0,0,0,0,0,0
1.4,0,0,0,0,0,0,2.95151,1.97418,-2.63472,4.88275e-05,9.88758e-05,0.000219342,0.000266164,0.000670208,0.00104356,0,0,0,0,0,0,0,0,0,0,0,0,0,0,0,0,0,0,0,0,0,0,0,0,0,0,0,0,0,0,0,0,0,0,0,0,0,0,0,0,1.73217,1.18315,0.881693,6.71378e-05,0.000174558,-0.000478023,0.000249123,0.000858884,-0.00157228,0,0,0,0,0,0,0,0,0,0,0,0,0,0,0,0,0,0,0,0,0,0,0,0,0,0,0,0,0,0,0,0,0,0,0,0,0,0,0,0,0,0,0,0,0,0,0,0,0,0,0,0,2,0,0,0,0,0,1.1779,0.0043,3.5042,0,0,0,0,0,0,0,-0,0,1.45345,0,0,0,0,0,0,0,0,0,0,0,0,0,0,0,0,0,0,0,0,0,0,0,0,0,0,0,0
1.45,0,0,0,0,0,0,2.95152,1.97422,-2.63473,5.61563e-05,0.000423614,-7.3915e-05,0.000243015,0.00184905,-0.000452152,0,0,0,0,0,0,0,0,0,0,0,0,0,0,0,0,0,0,0,0,0,0,0,0,0,0,0,0,0,0,0,0,0,0,0,0,0,0,0,0,1.73217,1.18316,0.881747,2.07534e-05,0.000168469,0.000541249,3.38985e-05,0.000543133,0.00270877,0,0,0,0,0,0,0,0,0,0,0,0,0,0,0,0,0,0,0,0,0,0,0,0,0,0,0,0,0,0,0,0,0,0,0,0,0,0,0,0,0,0,0,0,0,0,0,0,0,0,0,0,2,0,0,0,0,0,1.1779,0.0043,3.5042,0,0,0,0,0,0,0,-0,0,1.45347,0,0,0,0,0,0,0,0,0,0,0,0,0,0,0,0,0,0,0,0,0,0,0,0,0,0,0,0
1.5,0,0,0,0,0,0,2.95152,1.97422,-2.63473,5.61563e-05,0.000423614,-7.3915e-05,0.000243015,0.00184905,-0.000452152,0,0,0,0,0,0,0,0,0,0,0,0,0,0,0,0,0,0,0,0,0,0,0,0,0,0,0,0,0,0,0,0,0,0,0,0,0,0,0,0,1.73217,1.18316,0.881747,2.07534e-05,0.000168469,0.000541249,3.38985e-05,0.000543133,0.00270877,0,0,0,0,0,0,0,0,0,0,0,0,0,0,0,0,0,0,0,0,0,0,0,0,0,0,0,0,0,0,0,0,0,0,0,0,0,0,0,0,0,0,0,0,0,0,0,0,0,0,0,0,2,0,0,0,0,0,1.1779,0.0043,3.5042,0,0,0,0,0,0,0,-0,0,1.45347,0,0,0,0,0,0,0,0,0,0,0,0,0,0,0,0,0,0,0,0,0,0,0,0,0,0,0,0
1.55,0,0,0,0,0,0,2.95151,1.97421,-2.63474,-8.05924e-05,-5.00649e-05,-0.000133557,-0.000403603,-0.000622813,-0.000712238,0,0,0,0,0,0,0,0,0,0,0,0,0,0,0,0,0,0,0,0,0,0,0,0,0,0,0,0,0,0,0,0,0,0,0,0,0,0,0,0,1.73217,1.18316,0.881743,-2.32009e-05,-6.59393e-05,-3.39856e-05,-0.0001844,-0.000653215,-9.24904e-05,0,0,0,0,0,0,0,0,0,0,0,0,0,0,0,0,0,0,0,0,0,0,0,0,0,0,0,0,0,0,0,0,0,0,0,0,0,0,0,0,0,0,0,0,0,0,0,0,0,0,0,0,2,0,0,0,0,0,1.2194,0.0459,3.5458,0,0,0,0,0,0,0,-0,0,1.45347,0,0,0,0,0,0,0,0,0,0,0,0,0,0,0,0,0,0,0,0,0,0,0,0,0,0,0,0
1.6,0,0,0,0,0,0,2.95151,1.97421,-2.63474,-8.05924e-05,-5.00649e-05,-0.000133557,-0.000403603,-0.000622813,-0.000712238,0,0,0,0,0,0,0,0,0,0,0,0,0,0,0,0,0,0,0,0,0,0,0,0,0,0,0,0,0,0,0,0,0,0,0,0,0,0,0,0,1.73217,1.18316,0.881743,-2.32009e-05,-6.59393e-05,-3.39856e-05,-0.0001844,-0.000653215,-9.24904e-05,0,0,0,0,0,0,0,0,0,0,0,0,0,0,0,0,0,0,0,0,0,0,0,0,0,0,0,0,0,0,0,0,0,0,0,0,0,0,0,0,0,0,0,0,0,0,0,0,0,0,0,0,2,0,0,0,0,0,1.2194,0.0459,3.5458,0,0,0,0,0,0,0,-0,0,1.45347,0,0,0,0,0,0,0,0,0,0,0,0,0,0,0,0,0,0,0,0,0,0,0,0,0,0,0,0
1.65,0,0,0,0,0,0,2.95151,1.97421,-2.63473,3.9067e-05,-8.30174e-05,0.00013353,0.000148177,-0.000840304,0.000604208,0,0,0,0,0,0,0,0,0,0,0,0,0,0,0,0,0,0,0,0,0,0,0,0,0,0,0,0,0,0,0,0,0,0,0,0,0,0,0,0,1.73217,1.18316,0.881747,-1.46501e-05,-1.22084e-06,3.87474e-05,-0.00010613,-0.000295647,-0.000144139,0,0,0,0,0,0,0,0,0,0,0,0,0,0,0,0,0,0,0,0,0,0,0,0,0,0,0,0,0,0,0,0,0,0,0,0,0,0,0,0,0,0,0,0,0,0,0,0,0,0,0,0,2,0,0,0,0,0,1.2194,0.0459,3.5458,0,0,0,0,0,0,0,-0,0,1.45347,0,0,0,0,0,0,0,0,0,0,0,0,0,0,0,0,0,0,0,0,0,0,0,0,0,0,0,0
1.7,0,0,0,0,0,0,2.95151,1.97421,-2.63473,3.9067e-05,-8.30174e-05,0.00013353,0.000148177,-0.000840304,0.000604208,0,0,0,0,0,0,0,0,0,0,0,0,0,0,0,0,0,0,0,0,0,0,0,0,0,0,0,0,0,0,0,0,0,0,0,0,0,0,0,0,1.73217,1.18316,0.881747,-1.46501e-05,-1.22084e-06,3.87474e-05,-0.00010613,-0.000295647,-0.000144139,0,0,0,0,0,0,0,0,0,0,0,0,0,0,0,0,0,0,0,0,0,0,0,0,0,0,0,0,0,0,0,0,0,0,0,0,0,0,0,0,0,0,0,0,0,0,0,0,0,0,0,0,2,0,0,0,0,0,1.2194,0.0459,3.5458,0,0,0,0,0,0,0,-0,0,1.45347,0,0,0,0,0,0,0,0,0,0,0,0,0,0,0,0,0,0,0,0,0,0,0,0,0,0,0,0
1.75,0,0,0,0,0,0,2.95151,1.97422,-2.63472,-5.12609e-05,0.000164767,9.29675e-05,-0.00019725,0.0004561,0.00037898,0,0,0,0,0,0,0,0,0,0,0,0,0,0,0,0,0,0,0,0,0,0,0,0,0,0,0,0,0,0,0,0,0,0,0,0,0,0,0,0,1.73217,1.18316,0.881741,3.90561e-05,8.42147e-05,-6.67463e-05,0.000161473,0.000212283,-0.000515078,0,0,0,0,0,0,0,0,0,0,0,0,0,0,0,0,0,0,0,0,0,0,0,0,0,0,0,0,0,0,0,0,0,0,0,0,0,0,0,0,0,0,0,0,0,0,0,0,0,0,0,0,2,0,0,0,0,0,1.1901,0.0166,3.5165,0,0,0,0,0,0,0,-0,0,1.45346,0,0,0,0,0,0,0,0,0,0,0,0,0,0,0,0,0,0,0,0,0,0,0,0,0,0,0,0
1.8,0,0,0,0,0,0,2.95151,1.97422,-2.63472,-5.12609e-05,0.000164767,9.29675e-05,-0.00019725,0.0004561,0.00037898,0,0,0,0,0,0,0,0,0,0,0,0,0,0,0,0,0,0,0,0,0,0,0,0,0,0,0,0,0,0,0,0,0,0,0,0,0,0,0,0,1.73217,1.18316,0.881741,3.90561e-05,8.42147e-05,-6.67463e-05,0.000161473,0.000212283,-0.000515078,0,0,0,0,0,0,0,0,0,0,0,0,0,0,0,0,0,0,0,0,0,0,0,0,0,0,0,0,0,0,0,0,0,0,0,0,0,0,0,0,0,0,0,0,0,0,0,0,0,0,0,0,2,0,0,0,0,0,1.1901,0.0166,3.5165,0,0,0,0,0,0,0,-0,0,1.45346,0,0,0,0,0,0,0,0,0,0,0,0,0,0,0,0,0,0,0,0,0,0,0,0,0,0,0,0
1.85,0,0,0,0,0,0,2.95151,1.97421,-2.63473,5.61595e-05,-0.000161153,-0.000123994,0.000264065,-0.000853067,-0.000669908,0,0,0,0,0,0,0,0,0,0,0,0,0,0,0,0,0,0,0,0,0,0,0,0,0,0,0,0,0,0,0,0,0,0,0,0,0,0,0,0,1.73217,1.18316,0.881731,-3.2963e-05,-9.1564e-05,-9.35908e-05,-0.000154619,-0.000506206,-0.000466693,0,0,0,0,0,0,0,0,0,0,0,0,0,0,0,0,0,0,0,0,0,0,0,0,0,0,0,0,0,0,0,0,0,0,0,0,0,0,0,0,0,0,0,0,0,0,0,0,0,0,0,0,2,0,0,0,0,0,1.1901,0.0166,3.5165,0,0,0,0,0,0,0,-0,0,1.45347,0,0,0,0,0,0,0,0,0,0,0,0,0,0,0,0,0,0,0,0,0,0,0,0,0,0,0,0
1.9,0,0,0,0,0,0,2.95151,1.97421,-2.63473,5.61595e-05,-0.000161153,-0.000123994,0.000264065,-0.000853067,-0.000669908,0,0,0,0,0,0,0,0,0,0,0,0,0,0,0,0,0,0,0,0,0,0,0,0,0,0,0,0,0,0,0,0,0,0,0,0,0,0,0,0,1.73217,1.18316,0.881731,-3.2963e-05,-9.1564e-05,-9.35908e-05,-0.000154619,-0.000506206,-0.000466693,0,0,0,0,0,0,0,0,0,0,0,0,0,0,0,0,0,0,0,0,0,0,0,0,0,0,0,0,0,0,0,0,0,0,0,0,0,0,0,0,0,0,0,0,0,0,0,0,0,0,0,0,2,0,0,0,0,0,1.1901,0.0166,3.5165,0,0,0,0,0,0,0,-0,0,1.45347,0,0,0,0,0,0,0,0,0,0,0,0,0,0,0,0,0,0,0,0,0,0,0,0,0,0,0,0
1.95,0,0,0,0,0,0,2.95151,1.97421,-2.63472,-2.44093e-05,5.85822e-05,0.000116802,-0.000100941,0.000188607,0.000417973,0,0,0,0,0,0,0,0,0,0,0,0,0,0,0,0,0,0,0,0,0,0,0,0,0,0,0,0,0,0,0,0,0,0,0,0,0,0,0,0,1.73217,1.18316,0.881755,-3.78344e-05,2.31888e-05,0.000233604,-0.000155091,5.73351e-05,0.00103371,0,0,0,0,0,0,0,0,0,0,0,0,0,0,0,0,0,0,0,0,0,0,0,0,0,0,0,0,0,0,0,0,0,0,0,0,0,0,0,0,0,0,0,0,0,0,0,0,0,0,0,0,2,0,0,0,0,0,1.2404,0.0669,3.5668,0,0,0,0,0,0,0,-0,0,1.45347,0,0,0,0,0,0,0,0,0,0,0,0,0,0,0,0,0,0,0,0,0,0,0,0,0,0,0,0
2,0,0,0,0,0,0,2.95151,1.97421,-2.63472,-2.44093e-05,5.85822e-05,0.000116802,-0.000100941,0.000188607,0.000417973,0,0,0,0,0,0,0,0,0,0,0,0,0,0,0,0,0,0,0,0,0,0,0,0,0,0,0,0,0,0,0,0,0,0,0,0,0,0,0,0,1.73217,1.18316,0.881755,-3.78344e-05,2.31888e-05,0.000233604,-0.000155091,5.73351e-05,0.00103371,0,0,0,0,0,0,0,0,0,0,0,0,0,0,0,0,0,0,0,0,0,0,0,0,0,0,0,0,0,0,0,0,0,0,0,0,0,0,0,0,0,0,0,0,0,0,0,0,0,0,0,0,2,0,0,0,0,0,1.2404,0.0669,3.5668,0,0,0,0,0,0,0,-0,0,1.45347,0,0,0,0,0,0,0,0,0,0,0,0,0,0,0,0,0,0,0,0,0,0,0,0,0,0,0,0
2.05,0,0,0,0,0,0,2.95151,1.97421,-2.63473,-2.68651e-05,-4.51822e-05,-0.000135947,-0.000119804,-0.000160406,-0.000611764,0,0,0,0,0,0,0,0,0,0,0,0,0,0,0,0,0,0,0,0,0,0,0,0,0,0,0,0,0,0,0,0,0,0,0,0,0,0,0,0,1.73217,1.18315,0.881755,-3.66342e-06,-2.68651e-05,1.78878e-06,4.33826e-05,-8.93093e-05,-0.000102679,0,0,0,0,0,0,0,0,0,0,0,0,0,0,0,0,0,0,0,0,0,0,0,0,0,0,0,0,0,0,0,0,0,0,0,0,0,0,0,0,0,0,0,0,0,0,0,0,0,0,0,0,2,0,0,0,0,0,1.2404,0.0669,3.5668,0,0,0,0,0,0,0,-0,0,1.45347,0,0,0,0,0,0,0,0,0,0,0,0,0,0,0,0,0,0,0,0,0,0,0,0,0,0,0,0
2.1,0,0,0,0,0,0,2.95151,1.97421,-2.63473,-2.68651e-05,-4.51822e-05,-0.000135947,-0.000119804,-0.000160406,-0.000611764,0,0,0,0,0,0,0,0,0,0,0,0,0,0,0,0,0,0,0,0,0,0,0,0,0,0,0,0,0,0,0,0,0,0,0,0,0,0,0,0,1.73217,1.18315,0.881755,-3.66342e-06,-2.68651e-05,1.78878e-06,4.33826e-05,-8.93093e-05,-0.000102679,0,0,0,0,0,0,0,0,0,0,0,0,0,0,0,0,0,0,0,0,0,0,0,0,0,0,0,0,0,0,0,0,0,0,0,0,0,0,0,0,0,0,0,0,0,0,0,0,0,0,0,0,2,0,0,0,0,0,1.2404,0.0669,3.5668,0,0,0,0,0,0,0,-0,0,1.45347,0,0,0,0,0,0,0,0,0,0,0,0,0,0,0,0,0,0,0,0,0,0,0,0,0,0,0,0
2.15,0,0,0,0,0,0,2.95151,1.97418,-2.6347,-2.1975e-05,-0.000256375,0.000300439,-5.49806e-05,-0.000987456,0.00123684,0,0,0,0,0,0,0,0,0,0,0,0,0,0,0,0,0,0,0,0,0,0,0,0,0,0,0,0,0,0,0,0,0,0,0,0,0,0,0,0,1.73216,1.18314,0.881765,-5.98209e-05,-0.000163592,0.000106108,-0.000171486,-0.000619817,0.000201403,0,0,0,0,0,0,0,0,0,0,0,0,0,0,0,0,0,0,0,0,0,0,0,0,0,0,0,0,0,0,0,0,0,0,0,0,0,0,0,0,0,0,0,0,0,0,0,0,0,0,0,0,2,0,0,0,0,0,1.1901,0.0166,3.5165,0,0,0,0,0,0,0,-0,0,1.45347,0,0,0,0,0,0,0,0,0,0,0,0,0,0,0,0,0,0,0,0,0,0,0,0,0,0,0,0
2.2,0,0,0,0,0,0,2.95151,1.97418,-2.6347,-2.1975e-05,-0.000256375,0.000300439,-5.49806e-05,-0.000987456,0.00123684,0,0,0,0,0,0,0,0,0,0,0,0,0,0,0,0,0,0,0,0,0,0,0,0,0,0,0,0,0,0,0,0,0,0,0,0,0,0,0,0,1.73216,1.18314,0.881765,-5.98209e-05,-0.000163592,0.000106108,-0.000171486,-0.000619817,0.000201403,0,0,0,0,0,0,0,0,0,0,0,0,0,0,0,0,0,0,0,0,0,0,0,0,0,0,0,0,0,0,0,0,0,0,0,0,0,0,0,0,0,0,0,0,0,0,0,0,0,0,0,0,2,0,0,0,0,0,1.1901,0.0166,3.5165,0,0,0,0,0,0,0,-0,0,1.45347,0,0,0,0,0,0,0,0,0,0,0,0,0,0,0,0,0,0,0,0,0,0,0,0,0,0,0,0
2.25,0,0,0,0,0,0,2.95151,1.97419,-2.63471,4.15105e-05,0.000107439,-0.000104921,0.000229437,0.000748801,-0.000626731,0,0,0,0,0,0,0,0,0,0,0,0,0,0,0,0,0,0,0,0,0,0,0,0,0,0,0,0,0,0,0,0,0,0,0,0,0,0,0,0,1.73216,1.18316,0.881803,-1.2209e-05,0.000213657,0.000372588,5.81883e-05,0.00106337,0.00122685,0,0,0,0,0,0,0,0,0,0,0,0,0,0,0,0,0,0,0,0,0,0,0,0,0,0,0,0,0,0,0,0,0,0,0,0,0,0,0,0,0,0,0,0,0,0,0,0,0,0,0,0,2,0,0,0,0,0,1.1901,0.0166,3.5165,0,0,0,0,0,0,0,-0,0,1.45346,0,0,0,0,0,0,0,0,0,0,0,0,0,0,0,0,0,0,0,0,0,0,0,0,0,0,0,0
2.3,0,0,0,0,0,0,2.95151,1.97419,-2.63471,4.15105e-05,0.000107439,-0.000104921,0.000229437,0.000748801,-0.000626731,0,0,0,0,0,0,0,0,0,0,0,0,0,0,0,0,0,0,0,0,0,0,0,0,0,0,0,0,0,0,0,0,0,0,0,0,0,0,0,0,1.73216,1.18316,0.881803,-1.2209e-05,0.000213657,0.000372588,5.81883e-05,0.00106337,0.00122685,0,0,0,0,0,0,0,0,0,0,0,0,0,0,0,0,0,0,0,0,0,0,0,0,0,0,0,0,0,0,0,0,0,0,0,0,0,0,0,0,0,0,0,0,0,0,0,0,0,0,0,0,2,0,0,0,0,0,1.1901,0.0166,3.5165,0,0,0,0,0,0,0,-0,0,1.45346,0,0,0,0,0,0,0,0,0,0,0,0,0,0,0,0,0,0,0,0,0,0,0,0,0,0,0,0
2.35,0,0,0,0,0,0,2.95151,1.9742,-2.63475,7.32477e-06,2.07535e-05,-0.000414879,3.96825e-05,0.000338315,-0.00186713,0,0,0,0,0,0,0,0,0,0,0,0,0,0,0,0,0,0,0,0,0,0,0,0,0,0,0,0,0,0,0,0,0,0,0,0,0,0,0,0,1.73216,1.18315,0.881777,5.49358e-05,-0.000113534,-0.00026228,0.00033432,-0.000440947,-0.00166119,0,0,0,0,0,0,0,0,0,0,0,0,0,0,0,0,0,0,0,0,0,0,0,0,0,0,0,0,0,0,0,0,0,0,0,0,0,0,0,0,0,0,0,0,0,0,0,0,0,0,0,0,2,0,0,0,0,0,1.253,0.0795,3.5794,0,0,0,0,0,0,0,-0,0,1.45347,0,0,0,0,0,0,0,0,0,0,0,0,0,0,0,0,0,0,0,0,0,0,0,0,0,0,0,0
2.4,0,0,0,0,0,0,2.95151,1.9742,-2.63475,7.32477e-06,2.07535e-05,-0.000414879,3.96825e-05,0.000338315,-0.00186713,0,0,0,0,0,0,0,0,0,0,0,0,0,0,0,0,0,0,0,0,0,0,0,0,0,0,0,0,0,0,0,0,0,0,0,0,0,0,0,0,1.73216,1.18315,0.881777,5.49358e-05,-0.000113534,-0.00026228,0.00033432,-0.000440947,-0.00166119,0,0,0,0,0,0,0,0,0,0,0,0,0,0,0,0,0,0,0,0,0,0,0,0,0,0,0,0,0,0,0,0,0,0,0,0,0,0,0,0,0,0,0,0,0,0,0,0,0,0,0,0,2,0,0,0,0,0,1.253,0.0795,3.5794,0,0,0,0,0,0,0,-0,0,1.45347,0,0,0,0,0,0,0,0,0,0,0,0,0,0,0,0,0,0,0,0,0,0,0,0,0,0,0,0
2.45,0,0,0,0,0,0,2.95151,1.97419,-2.63473,-6.10137e-05,-3.66082e-05,0.000271702,-0.000274937,-8.16517e-05,0.00145448,0,0,0,0,0,0,0,0,0,0,0,0,0,0,0,0,0,0,0,0,0,0,0,0,0,0,0,0,0,0,0,0,0,0,0,0,0,0,0,0,1.73216,1.18314,0.881771,-1.95243e-05,-5.8573e-05,-5.24335e-05,-5.94177e-05,-0.000248797,-0.000549861,0,0,0,0,0,0,0,0,0,0,0,0,0,0,0,0,0,0,0,0,0,0,0,0,0,0,0,0,0,0,0,0,0,0,0,0,0,0,0,0,0,0,0,0,0,0,0,0,0,0,0,0,2,0,0,0,0,0,1.253,0.0795,3.5794,0,0,0,0,0,0,0,-0,0,1.45346,0,0,0,0,0,0,0,0,0,0,0,0,0,0,0,0,0,0,0,0,0,0,0,0,0,0,0,0
2.5,0,0,0,0,0,0,2.95151,1.97419,-2.63473,-6.10137e-05,-3.66082e-05,0.000271702,-0.000274937,-8.16517e-05,0.00145448,0,0,0,0,0,0,0,0,0,0,0,0,0,0,0,0,0,0,0,0,0,0,0,0,0,0,0,0,0,0,0,0,0,0,0,0,0,0,0,0,1.73216,1.18314,0.881771,-1.95243e-05,-5.8573e-05,-5.24335e-05,-5.94177e-05,-0.000248797,-0.000549861,0,0,0,0,0,0,0,0,0,0,0,0,0,0,0,0,0,0,0,0,0,0,0,0,0,0,0,0,0,0,0,0,0,0,0,0,0,0,0,0,0,0,0,0,0,0,0,0,0,0,0,0,2,0,0,0,0,0,1.253,0.0795,3.5794,0,0,0,0,0,0,0,-0,0,1.45346,0,0,0,0,0,0,0,0,0,0,0,0,0,0,0,0,0,0,0,0,0,0,0,0,0,0,0,0
2.55,0,0,0,0,0,0,2.95151,1.97418,-2.63472,7.32318e-06,-7.81139e-05,0.000114425,6.5478e-05,-0.000271675,0.000694039,0,0,0,0,0,0,0,0,0,0,0,0,0,0,0,0,0,0,0,0,0,0,0,0,0,0,0,0,0,0,0,0,0,0,0,0,0,0,0,0,1.73217,1.18314,0.881753,4.39392e-05,-2.44106e-06,-0.000185344,0.000164651,0.000100983,-0.000710764,0,0,0,0,0,0,0,0,0,0,0,0,0,0,0,0,0,0,0,0,0,0,0,0,0,0,0,0,0,0,0,0,0,0,0,0,0,0,0,0,0,0,0,0,0,0,0,0,0,0,0,0,2,0,0,0,0,0,1.1605,-0.0131,3.4868,0,0,0,0,0,0,0,-0,0,1.45346,0,0,0,0,0,0,0,0,0,0,0,0,0,0,0,0,0,0,0,0,0,0,0,0,0,0,0,0
2.6,0,0,0,0,0,0,2.95151,1.97418,-2.63472,7.32318e-06,-7.81139e-05,0.000114425,6.5478e-05,-0.000271675,0.000694039,0,0,0,0,0,0,0,0,0,0,0,0,0,0,0,0,0,0,0,0,0,0,0,0,0,0,0,0,0,0,0,0,0,0,0,0,0,0,0,0,1.73217,1.18314,0.881753,4.39392e-05,-2.44106e-06,-0.000185344,0.000164651,0.000100983,-0.000710764,0,0,0,0,0,0,0,0,0,0,0,0,0,0,0,0,0,0,0,0,0,0,0,0,0,0,0,0,0,0,0,0,0,0,0,0,0,0,0,0,0,0,0,0,0,0,0,0,0,0,0,0,2,0,0,0,0,0,1.1605,-0.0131,3.4868,0,0,0,0,0,0,0,-0,0,1.45346,0,0,0,0,0,0,0,0,0,0,0,0,0,0,0,0,0,0,0,0,0,0,0,0,0,0,0,0
2.65,0,0,0,0,0,0,2.95151,1.9742,-2.63471,4.39622e-05,0.000117232,5.00871e-05,0.00023175,0.000591715,5.675e-05,0,0,0,0,0,0,0,0,0,0,0,0,0,0,0,0,0,0,0,0,0,0,0,0,0,0,0,0,0,0,0,0,0,0,0,0,0,0,0,0,1.73217,1.18315,0.881753,2.44234e-06,8.30395e-05,4.77019e-06,-3.66491e-05,0.000449486,0.000311154,0,0,0,0,0,0,0,0,0,0,0,0,0,0,0,0,0,0,0,0,0,0,0,0,0,0,0,0,0,0,0,0,0,0,0,0,0,0,0,0,0,0,0,0,0,0,0,0,0,0,0,0,2,0,0,0,0,0,1.1605,-0.0131,3.4868,0,0,0,0,0,0,0,-0,0,1.45346,0,0,0,0,0,0,0,0,0,0,0,0,0,0,0,0,0,0,0,0,0,0,0,0,0,0,0,0
2.7,0,0,0,0,0,0,2.95151,1.9742,-2.63471,4.39622e-05,0.000117232,5.00871e-05,0.00023175,0.000591715,5.675e-05,0,0,0,0,0,0,0,0,0,0,0,0,0,0,0,0,0,0,0,0,0,0,0,0,0,0,0,0,0,0,0,0,0,0,0,0,0,0,0,0,1.73217,1.18315,0.881753,2.44234e-06,8.30395e-05,4.77019e-06,-3.66491e-05,0.000449486,0.000311154,0,0,0,0,0,0,0,0,0,0,0,0,0,0,0,0,0,0,0,0,0,0,0,0,0,0,0,0,0,0,0,0,0,0,0,0,0,0,0,0,0,0,0,0,0,0,0,0,0,0,0,0,2,0,0,0,0,0,1.1605,-0.0131,3.4868,0,0,0,0,0,0,0,-0,0,1.45346,0,0,0,0,0,0,0,0,0,0,0,0,0,0,0,0,0,0,0,0,0,0,0,0,0,0,0,0
2.75,0,0,0,0,0,0,2.95152,1.9742,-2.6347,6.35012e-05,1.58753e-05,7.15533e-05,0.000239775,6.7298e-05,3.36383e-05,0,0,0,0,0,0,0,0,0,0,0,0,0,0,0,0,0,0,0,0,0,0,0,0,0,0,0,0,0,0,0,0,0,0,0,0,0,0,0,0,1.73216,1.18314,0.881752,-1.95389e-05,-7.93766e-05,-8.3479e-06,-0.000137076,-0.000331782,0.000272747,0,0,0,0,0,0,0,0,0,0,0,0,0,0,0,0,0,0,0,0,0,0,0,0,0,0,0,0,0,0,0,0,0,0,0,0,0,0,0,0,0,0,0,0,0,0,0,0,0,0,0,0,2,0,0,0,0,0,1.1901,0.0165,3.5164,0,0,0,0,0,0,0,-0,0,1.45348,0,0,0,0,0,0,0,0,0,0,0,0,0,0,0,0,0,0,0,0,0,0,0,0,0,0,0,0
2.8,0,0,0,0,0,0,2.95152,1.9742,-2.6347,6.35012e-05,1.58753e-05,7.15533e-05,0.000239775,6.7298e-05,3.36383e-05,0,0,0,0,0,0,0,0,0,0,0,0,0,0,0,0,0,0,0,0,0,0,0,0,0,0,0,0,0,0,0,0,0,0,0,0,0,0,0,0,1.73216,1.18314,0.881752,-1.95389e-05,-7.93766e-05,-8.3479e-06,-0.000137076,-0.000331782,0.000272747,0,0,0,0,0,0,0,0,0,0,0,0,0,0,0,0,0,0,0,0,0,0,0,0,0,0,0,0,0,0,0,0,0,0,0,0,0,0,0,0,0,0,0,0,0,0,0,0,0,0,0,0,2,0,0,0,0,0,1.1901,0.0165,3.5164,0,0,0,0,0,0,0,-0,0,1.45348,0,0,0,0,0,0,0,0,0,0,0,0,0,0,0,0,0,0,0,0,0,0,0,0,0,0,0,0
2.85,0,0,0,0,0,0,2.95152,1.97418,-2.63476,-1.46493e-05,-0.000180675,-0.000510245,-0.000167158,-0.000815957,-0.0023076,0,0,0,0,0,0,0,0,0,0,0,0,0,0,0,0,0,0,0,0,0,0,0,0,0,0,0,0,0,0,0,0,0,0,0,0,0,0,0,0,1.73216,1.18313,0.881756,-2.92985e-05,-8.05708e-05,4.05333e-05,-0.000134926,-0.000309865,0.000353906,0,0,0,0,0,0,0,0,0,0,0,0,0,0,0,0,0,0,0,0,0,0,0,0,0,0,0,0,0,0,0,0,0,0,0,0,0,0,0,0,0,0,0,0,0,0,0,0,0,0,0,0,2,0,0,0,0,0,1.1901,0.0165,3.5164,0,0,0,0,0,0,0,-0,0,1.45347,0,0,0,0,0,0,0,0,0,0,0,0,0,0,0,0,0,0,0,0,0,0,0,0,0,0,0,0
2.9,0,0,0,0,0,0,2.95152,1.97418,-2.63476,-1.46493e-05,-0.000180675,-0.000510245,-0.000167158,-0.000815957,-0.0023076,0,0,0,0,0,0,0,0,0,0,0,0,0,0,0,0,0,0,0,0,0,0,0,0,0,0,0,0,0,0,0,0,0,0,0,0,0,0,0,0,1.73216,1.18313,0.881756,-2.92985e-05,-8.05708e-05,4.05333e-05,-0.000134926,-0.000309865,0.000353906,0,0,0,0,0,0,0,0,0,0,0,0,0,0,0,0,0,0,0,0,0,0,0,0,0,0,0,0,0,0,0,0,0,0,0,0,0,0,0,0,0,0,0,0,0,0,0,0,0,0,0,0,2,0,0,0,0,0,1.1901,0.0165,3.5164,0,0,0,0,0,0,0,-0,0,1.45347,0,0,0,0,0,0,0,0,0,0,0,0,0,0,0,0,0,0,0,0,0,0,0,0,0,0,0,0
2.95,0,0,0,0,0,0,2.95152,1.97421,-2.63473,7.32112e-06,0.000336772,0.000281215,-6.76717e-05,0.0014582,0.0014601,0,0,0,0,0,0,0,0,0,0,0,0,0,0,0,0,0,0,0,0,0,0,0,0,0,0,0,0,0,0,0,0,0,0,0,0,0,0,0,0,1.73217,1.18316,0.881766,6.34497e-05,0.000248918,9.65187e-05,0.000289901,0.00113356,0.000447202,0,0,0,0,0,0,0,0,0,0,0,0,0,0,0,0,0,0,0,0,0,0,0,0,0,0,0,0,0,0,0,0,0,0,0,0,0,0,0,0,0,0,0,0,0,0,0,0,0,0,0,0,2,0,0,0,0,0,1.1009,-0.0726,3.4273,0,0,0,0,0,0,0,-0,0,1.45347,0,0,0,0,0,0,0,0,0,0,0,0,0,0,0,0,0,0,0,0,0,0,0,0,0,0,0,0
3,0,0,0,0,0,0,2.95152,1.97421,-2.63473,7.32112e-06,0.000336772,0.000281215,-6.76717e-05,0.0014582,0.0014601,0,0,0,0,0,0,0,0,0,0,0,0,0,0,0,0,0,0,0,0,0,0,0,0,0,0,0,0,0,0,0,0,0,0,0,0,0,0,0,0,1.73217,1.18316,0.881766,6.34497e-05,0.000248918,9.65187e-05,0.000289901,0.00113356,0.000447202,0,0,0,0,0,0,0,0,0,0,0,0,0,0,0,0,0,0,0,0,0,0,0,0,0,0,0,0,0,0,0,0,0,0,0,0,0,0,0,0,0,0,0,0,0,0,0,0,0,0,0,0,2,0,0,0,0,0,1.1009,-0.0726,3.4273,0,0,0,0,0,0,0,-0,0,1.45347,0,0,0,0,0,0,0,0,0,0,0,0,0,0,0,0,0,0,0,0,0,0,0,0,0,0,0,0
3.05,0,0,0,0,0,0,2.95152,1.97421,-2.63473,7.32112e-06,0.000336772,0.000281215,-6.76717e-05,0.0014582,0.0014601,0,0,0,0,0,0,0,0,0,0,0,0,0,0,0,0,0,0,0,0,0,0,0,0,0,0,0,0,0,0,0,0,0,0,0,0,0,0,0,0,1.73217,1.18316,0.881766,6.34497e-05,0.000248918,9.65187e-05,0.000289901,0.00113356,0.000447202,0,0,0,0,0,0,0,0,0,0,0,0,0,0,0,0,0,0,0,0,0,0,0,0,0,0,0,0,0,0,0,0,0,0,0,0,0,0,0,0,0,0,0,0,0,0,0,0,0,0,0,0,2,0,0,0,0,0,1.1009,-0.0726,3.4273,0,0,0,0,0,0,0,-0,0,1.45347,0,0,0,0,0,0,0,0,0,0,0,0,0,0,0,0,0,0,0,0,0,0,0,0,0,0,0,0
3.1,0,0,0,0,0,0,2.95151,1.97421,-2.63472,-2.44288e-05,-2.68717e-05,2.62419e-05,-0.00015404,-0.000270151,0.000367422,0,0,0,0,0,0,0,0,0,0,0,0,0,0,0,0,0,0,0,0,0,0,0,0,0,0,0,0,0,0,0,0,0,0,0,0,0,0,0,0,1.73217,1.18317,0.881724,6.59583e-05,0.000102602,-0.000423452,0.000241474,0.000290955,-0.0017965,0,0,0,0,0,0,0,0,0,0,0,0,0,0,0,0,0,0,0,0,0,0,0,0,0,0,0,0,0,0,0,0,0,0,0,0,0,0,0,0,0,0,0,0,0,0,0,0,0,0,0,0,2,0,0,0,0,0,1.1009,-0.0726,3.4273,0,0,0,0,0,0,0,-0,0,1.45346,0,0,0,0,0,0,0,0,0,0,0,0,0,0,0,0,0,0,0,0,0,0,0,0,0,0,0,0
3.15,0,0,0,0,0,0,2.95151,1.97422,-2.63472,-1.22068e-05,0.000115964,2.38413e-05,-5.53935e-05,0.000174666,6.32702e-05,0,0,0,0,0,0,0,0,0,0,0,0,0,0,0,0,0,0,0,0,0,0,0,0,0,0,0,0,0,0,0,0,0,0,0,0,0,0,0,0,1.73217,1.18316,0.881763,-6.83575e-05,-0.00012817,0.000395764,-0.000398107,-0.000861165,0.00189023,0,0,0,0,0,0,0,0,0,0,0,0,0,0,0,0,0,0,0,0,0,0,0,0,0,0,0,0,0,0,0,0,0,0,0,0,0,0,0,0,0,0,0,0,0,0,0,0,0,0,0,0,2,0,0,0,0,0,1.2039,0.0303,3.5302,0,0,0,0,0,0,0,-0,0,1.45347,0,0,0,0,0,0,0,0,0,0,0,0,0,0,0,0,0,0,0,0,0,0,0,0,0,0,0,0
3.2,0,0,0,0,0,0,2.95151,1.97422,-2.63472,-1.22068e-05,0.000115964,2.38413e-05,-5.53935e-05,0.000174666,6.32702e-05,0,0,0,0,0,0,0,0,0,0,0,0,0,0,0,0,0,0,0,0,0,0,0,0,0,0,0,0,0,0,0,0,0,0,0,0,0,0,0,0,1.73217,1.18316,0.881763,-6.83575e-05,-0.00012817,0.000395764,-0.000398107,-0.000861165,0.00189023,0,0,0,0,0,0,0,0,0,0,0,0,0,0,0,0,0,0,0,0,0,0,0,0,0,0,0,0,0,0,0,0,0,0,0,0,0,0,0,0,0,0,0,0,0,0,0,0,0,0,0,0,2,0,0,0,0,0,1.2039,0.0303,3.5302,0,0,0,0,0,0,0,-0,0,1.45347,0,0,0,0,0,0,0,0,0,0,0,0,0,0,0,0,0,0,0,0,0,0,0,0,0,0,0,0
3.25,0,0,0,0,0,0,2.95151,1.97422,-2.63472,-1.22068e-05,0.000115964,2.38413e-05,-5.53935e-05,0.000174666,6.32702e-05,0,0,0,0,0,0,0,0,0,0,0,0,0,0,0,0,0,0,0,0,0,0,0,0,0,0,0,0,0,0,0,0,0,0,0,0,0,0,0,0,1.73217,1.18316,0.881763,-6.83575e-05,-0.00012817,0.000395764,-0.000398107,-0.000861165,0.00189023,0,0,0,0,0,0,0,0,0,0,0,0,0,0,0,0,0,0,0,0,0,0,0,0,0,0,0,0,0,0,0,0,0,0,0,0,0,0,0,0,0,0,0,0,0,0,0,0,0,0,0,0,2,0,0,0,0,0,1.2039,0.0303,3.5302,0,0,0,0,0,0,0,-0,0,1.45347,0,0,0,0,0,0,0,0,0,0,0,0,0,0,0,0,0,0,0,0,0,0,0,0,0,0,0,0
3.3,0,0,0,0,0,0,2.95151,1.97421,-2.63471,-2.4417e-05,-0.000109876,0.000131146,-6.86779e-05,-0.000737363,0.000425525,0,0,0,0,0,0,0,0,0,0,0,0,0,0,0,0,0,0,0,0,0,0,0,0,0,0,0,0,0,0,0,0,0,0,0,0,0,0,0,0,1.73217,1.18316,0.88177,-1.70919e-05,2.56378e-05,6.91497e-05,-0.000120798,-5.8514e-05,0.000329076,0,0,0,0,0,0,0,0,0,0,0,0,0,0,0,0,0,0,0,0,0,0,0,0,0,0,0,0,0,0,0,0,0,0,0,0,0,0,0,0,0,0,0,0,0,0,0,0,0,0,0,0,2,0,0,0,0,0,1.2039,0.0303,3.5302,0,0,0,0,0,0,0,-0,0,1.45347,0,0,0,0,0,0,0,0,0,0,0,0,0,0,0,0,0,0,0,0,0,0,0,0,0,0,0,0
3.35,0,0,0,0,0,0,2.95151,1.97419,-2.63474,3.17332e-05,-0.000194061,-0.000352803,0.000181322,-0.000902594,-0.00162921,0,0,0,0,0,0,0,0,0,0,0,0,0,0,0,0,0,0,0,0,0,0,0,0,0,0,0,0,0,0,0,0,0,0,0,0,0,0,0,0,1.73216,1.18315,0.881763,-1.22051e-05,-0.00014402,-6.91302e-05,-1.5482e-05,-0.000604423,-0.000566203,0,0,0,0,0,0,0,0,0,0,0,0,0,0,0,0,0,0,0,0,0,0,0,0,0,0,0,0,0,0,0,0,0,0,0,0,0,0,0,0,0,0,0,0,0,0,0,0,0,0,0,0,2,0,0,0,0,0,1.1958,0.0222,3.5221,0,0,0,0,0,0,0,-0,0,1.45347,0,0,0,0,0,0,0,0,0,0,0,0,0,0,0,0,0,0,0,0,0,0,0,0,0,0,0,0
3.4,0,0,0,0,0,0,2.95151,1.97419,-2.63474,3.17332e-05,-0.000194061,-0.000352803,0.000181322,-0.000902594,-0.00162921,0,0,0,0,0,0,0,0,0,0,0,0,0,0,0,0,0,0,0,0,0,0,0,0,0,0,0,0,0,0,0,0,0,0,0,0,0,0,0,0,1.73216,1.18315,0.881763,-1.22051e-05,-0.00014402,-6.91302e-05,-1.5482e-05,-0.000604423,-0.000566203,0,0,0,0,0,0,0,0,0,0,0,0,0,0,0,0,0,0,0,0,0,0,0,0,0,0,0,0,0,0,0,0,0,0,0,0,0,0,0,0,0,0,0,0,0,0,0,0,0,0,0,0,2,0,0,0,0,0,1.1958,0.0222,3.5221,0,0,0,0,0,0,0,-0,0,1.45347,0,0,0,0,0,0,0,0,0,0,0,0,0,0,0,0,0,0,0,0,0,0,0,0,0,0,0,0
3.45,0,0,0,0,0,0,2.95151,1.97419,-2.63469,-3.17438e-05,2.44183e-06,0.000553227,-0.000110944,0.000220987,0.00236409,0,0,0,0,0,0,0,0,0,0,0,0,0,0,0,0,0,0,0,0,0,0,0,0,0,0,0,0,0,0,0,0,0,0,0,0,0,0,0,0,1.73217,1.18314,0.881747,2.68601e-05,-6.10458e-05,-0.000158576,0.00016106,-0.000105164,-0.000818496,0,0,0,0,0,0,0,0,0,0,0,0,0,0,0,0,0,0,0,0,0,0,0,0,0,0,0,0,0,0,0,0,0,0,0,0,0,0,0,0,0,0,0,0,0,0,0,0,0,0,0,0,2,0,0,0,0,0,1.1958,0.0222,3.5221,0,0,0,0,0,0,0,-0,0,1.45347,0,0,0,0,0,0,0,0,0,0,0,0,0,0,0,0,0,0,0,0,0,0,0,0,0,0,0,0
3.5,0,0,0,0,0,0,2.95151,1.97419,-2.63469,-3.17438e-05,2.44183e-06,0.000553227,-0.000110944,0.000220987,0.00236409,0,0,0,0,0,0,0,0,0,0,0,0,0,0,0,0,0,0,0,0,0,0,0,0,0,0,0,0,0,0,0,0,0,0,0,0,0,0,0,0,1.73217,1.18314,0.881747,2.68601e-05,-6.10458e-05,-0.000158576,0.00016106,-0.000105164,-0.000818496,0,0,0,0,0,0,0,0,0,0,0,0,0,0,0,0,0,0,0,0,0,0,0,0,0,0,0,0,0,0,0,0,0,0,0,0,0,0,0,0,0,0,0,0,0,0,0,0,0,0,0,0,2,0,0,0,0,0,1.1958,0.0222,3.5221,0,0,0,0,0,0,0,-0,0,1.45347,0,0,0,0,0,0,0,0,0,0,0,0,0,0,0,0,0,0,0,0,0,0,0,0,0,0,0,0
3.55,0,0,0,0,0,0,2.95151,1.97418,-2.63471,7.32171e-06,-9.51823e-05,-0.000238337,4.99185e-05,-0.000105408,-0.00120284,0,0,0,0,0,0,0,0,0,0,0,0,0,0,0,0,0,0,0,0,0,0,0,0,0,0,0,0,0,0,0,0,0,0,0,0,0,0,0,0,1.73216,1.18314,0.881776,-6.46751e-05,4.14897e-05,0.000283621,-0.000245162,0.000414074,0.0012413,0,0,0,0,0,0,0,0,0,0,0,0,0,0,0,0,0,0,0,0,0,0,0,0,0,0,0,0,0,0,0,0,0,0,0,0,0,0,0,0,0,0,0,0,0,0,0,0,0,0,0,0,2,0,0,0,0,0,1.1901,0.0165,3.5165,0,0,0,0,0,0,0,-0,0,1.45346,0,0,0,0,0,0,0,0,0,0,0,0,0,0,0,0,0,0,0,0,0,0,0,0,0,0,0,0
3.6,0,0,0,0,0,0,2.95151,1.97418,-2.63471,7.32171e-06,-9.51823e-05,-0.000238337,4.99185e-05,-0.000105408,-0.00120284,0,0,0,0,0,0,0,0,0,0,0,0,0,0,0,0,0,0,0,0,0,0,0,0,0,0,0,0,0,0,0,0,0,0,0,0,0,0,0,0,1.73216,1.18314,0.881776,-6.46751e-05,4.14897e-05,0.000283621,-0.000245162,0.000414074,0.0012413,0,0,0,0,0,0,0,0,0,0,0,0,0,0,0,0,0,0,0,0,0,0,0,0,0,0,0,0,0,0,0,0,0,0,0,0,0,0,0,0,0,0,0,0,0,0,0,0,0,0,0,0,2,0,0,0,0,0,1.1901,0.0165,3.5165,0,0,0,0,0,0,0,-0,0,1.45346,0,0,0,0,0,0,0,0,0,0,0,0,0,0,0,0,0,0,0,0,0,0,0,0,0,0,0,0
3.65,0,0,0,0,0,0,2.95151,1.97418,-2.63474,-1.70987e-05,2.44267e-05,-0.000240928,-4.58319e-05,0.000370585,-0.00121506,0,0,0,0,0,0,0,0,0,0,0,0,0,0,0,0,0,0,0,0,0,0,0,0,0,0,0,0,0,0,0,0,0,0,0,0,0,0,0,0,1.73216,1.18314,0.881787,-4.15255e-05,-1.22134e-06,0.000109133,-0.000109597,0.000148215,0.000326554,0,0,0,0,0,0,0,0,0,0,0,0,0,0,0,0,0,0,0,0,0,0,0,0,0,0,0,0,0,0,0,0,0,0,0,0,0,0,0,0,0,0,0,0,0,0,0,0,0,0,0,0,2,0,0,0,0,0,1.1901,0.0165,3.5165,0,0,0,0,0,0,0,-0,0,1.45347,0,0,0,0,0,0,0,0,0,0,0,0,0,0,0,0,0,0,0,0,0,0,0,0,0,0,0,0
3.7,0,0,0,0,0,0,2.95151,1.97418,-2.63474,-1.70987e-05,2.44267e-05,-0.000240928,-4.58319e-05,0.000370585,-0.00121506,0,0,0,0,0,0,0,0,0,0,0,0,0,0,0,0,0,0,0,0,0,0,0,0,0,0,0,0,0,0,0,0,0,0,0,0,0,0,0,0,1.73216,1.18314,0.881787,-4.15255e-05,-1.22134e-06,0.000109133,-0.000109597,0.000148215,0.000326554,0,0,0,0,0,0,0,0,0,0,0,0,0,0,0,0,0,0,0,0,0,0,0,0,0,0,0,0,0,0,0,0,0,0,0,0,0,0,0,0,0,0,0,0,0,0,0,0,0,0,0,0,2,0,0,0,0,0,1.1901,0.0165,3.5165,0,0,0,0,0,0,0,-0,0,1.45347,0,0,0,0,0,0,0,0,0,0,0,0,0,0,0,0,0,0,0,0,0,0,0,0,0,0,0,0
3.75,0,0,0,0,0,0,2.95151,1.97419,-2.63474,3.41782e-05,8.30042e-05,-3.57612e-05,0.000164386,0.00052102,8.81139e-05,0,0,0,0,0,0,0,0,0,0,0,0,0,0,0,0,0,0,0,0,0,0,0,0,0,0,0,0,0,0,0,0,0,0,0,0,0,0,0,0,1.73216,1.18314,0.881783,4.76053e-05,-7.3239e-06,-4.11254e-05,0.000308602,2.86395e-05,-0.00052787,0,0,0,0,0,0,0,0,0,0,0,0,0,0,0,0,0,0,0,0,0,0,0,0,0,0,0,0,0,0,0,0,0,0,0,0,0,0,0,0,0,0,0,0,0,0,0,0,0,0,0,0,2,0,0,0,0,0,1.1901,0.0165,3.5165,0,0,0,0,0,0,0,-0,0,1.45347,0,0,0,0,0,0,0,0,0,0,0,0,0,0,0,0,0,0,0,0,0,0,0,0,0,0,0,0
3.8,0,0,0,0,0,0,2.95151,1.97419,-2.63474,3.41782e-05,8.30042e-05,-3.57612e-05,0.000164386,0.00052102,8.81139e-05,0,0,0,0,0,0,0,0,0,0,0,0,0,0,0,0,0,0,0,0,0,0,0,0,0,0,0,0,0,0,0,0,0,0,0,0,0,0,0,0,1.73216,1.18314,0.881783,4.76053e-05,-7.3239e-06,-4.11254e-05,0.000308602,2.86395e-05,-0.00052787,0,0,0,0,0,0,0,0,0,0,0,0,0,0,0,0,0,0,0,0,0,0,0,0,0,0,0,0,0,0,0,0,0,0,0,0,0,0,0,0,0,0,0,0,0,0,0,0,0,0,0,0,2,0,0,0,0,0,1.1901,0.0165,3.5165,0,0,0,0,0,0,0,-0,0,1.45347,0,0,0,0,0,0,0,0,0,0,0,0,0,0,0,0,0,0,0,0,0,0,0,0,0,0,0,0
3.85,0,0,0,0,0,0,2.95151,1.9742,-2.63464,-1.95116e-05,3.29258e-05,0.00103846,-8.74024e-05,0.000133046,0.00452239,0,0,0,0,0,0,0,0,0,0,0,0,0,0,0,0,0,0,0,0,0,0,0,0,0,0,0,0,0,0,0,0,0,0,0,0,0,0,0,0,1.73216,1.18314,0.881766,3.53648e-05,9.75581e-06,-0.000170893,0.000192989,6.92535e-05,-0.000951208,0,0,0,0,0,0,0,0,0,0,0,0,0,0,0,0,0,0,0,0,0,0,0,0,0,0,0,0,0,0,0,0,0,0,0,0,0,0,0,0,0,0,0,0,0,0,0,0,0,0,0,0,2,0,0,0,0,0,1.1901,0.0165,3.5165,0,0,0,0,0,0,0,-0,0,1.45347,0,0,0,0,0,0,0,0,0,0,0,0,0,0,0,0,0,0,0,0,0,0,0,0,0,0,0,0
3.9,0,0,0,0,0,0,2.95151,1.9742,-2.63464,-1.95116e-05,3.29258e-05,0.00103846,-8.74024e-05,0.000133046,0.00452239,0,0,0,0,0,0,0,0,0,0,0,0,0,0,0,0,0,0,0,0,0,0,0,0,0,0,0,0,0,0,0,0,0,0,0,0,0,0,0,0,1.73216,1.18314,0.881766,3.53648e-05,9.75581e-06,-0.000170893,0.000192989,6.92535e-05,-0.000951208,0,0,0,0,0,0,0,0,0,0,0,0,0,0,0,0,0,0,0,0,0,0,0,0,0,0,0,0,0,0,0,0,0,0,0,0,0,0,0,0,0,0,0,0,0,0,0,0,0,0,0,0,2,0,0,0,0,0,1.1901,0.0165,3.5165,0,0,0,0,0,0,0,-0,0,1.45347,0,0,0,0,0,0,0,0,0,0,0,0,0,0,0,0,0,0,0,0,0,0,0,0,0,0,0,0
3.95,0,0,0,0,0,0,2.9515,1.97421,-2.63458,-0.000102675,0.000174792,0.00055864,-0.000418701,0.000593995,0.00139442,0,0,0,0,0,0,0,0,0,0,0,0,0,0,0,0,0,0,0,0,0,0,0,0,0,0,0,0,0,0,0,0,0,0,0,0,0,0,0,0,1.73216,1.18314,0.881785,-2.81134e-05,-2.32241e-05,0.000190988,-0.000153493,-8.47097e-05,0.000817918,0,0,0,0,0,0,0,0,0,0,0,0,0,0,0,0,0,0,0,0,0,0,0,0,0,0,0,0,0,0,0,0,0,0,0,0,0,0,0,0,0,0,0,0,0,0,0,0,0,0,0,0,2,0,0,0,0,0,1.2451,0.0715,3.5714,0,0,0,0,0,0,0,-0,0,1.45347,0,0,0,0,0,0,0,0,0,0,0,0,0,0,0,0,0,0,0,0,0,0,0,0,0,0,0,0
4,0,0,0,0,0,0,2.9515,1.97421,-2.63458,-0.000102675,0.000174792,0.00055864,-0.000418701,0.000593995,0.00139442,0,0,0,0,0,0,0,0,0,0,0,0,0,0,0,0,0,0,0,0,0,0,0,0,0,0,0,0,0,0,0,0,0,0,0,0,0,0,0,0,1.73216,1.18314,0.881785,-2.81134e-05,-2.32241e-05,0.000190988,-0.000153493,-8.47097e-05,0.000817918,0,0,0,0,0,0,0,0,0,0,0,0,0,0,0,0,0,0,0,0,0,0,0,0,0,0,0,0,0,0,0,0,0,0,0,0,0,0,0,0,0,0,0,0,0,0,0,0,0,0,0,0,2,0,0,0,0,0,1.2451,0.0715,3.5714,0,0,0,0,0,0,0,-0,0,1.45347,0,0,0,0,0,0,0,0,0,0,0,0,0,0,0,0,0,0,0,0,0,0,0,0,0,0,0,0
4.05,0,0,0,0,0,0,2.95149,1.97423,-2.63457,-0.000131773,0.000143974,0.000150132,-0.000413012,0.000296755,-0.00121496,0,0,0,0,0,0,0,0,0,0,0,0,0,0,0,0,0,0,0,0,0,0,0,0,0,0,0,0,0,0,0,0,0,0,0,0,0,0,0,0,1.73217,1.18314,0.881722,4.27041e-05,-3.78236e-05,-0.000629719,0.000143845,-0.000130141,-0.00254834,0,0,0,0,0,0,0,0,0,0,0,0,0,0,0,0,0,0,0,0,0,0,0,0,0,0,0,0,0,0,0,0,0,0,0,0,0,0,0,0,0,0,0,0,0,0,0,0,0,0,0,0,2,0,0,0,0,0,1.2451,0.0715,3.5714,0,0,0,0,0,0,0,-0,0,1.45347,0,0,0,0,0,0,0,0,0,0,0,0,0,0,0,0,0,0,0,0,0,0,0,0,0,0,0,0
4.1,0,0,0,0,0,0,2.95149,1.97423,-2.63457,-0.000131773,0.000143974,0.000150132,-0.000413012,0.000296755,-0.00121496,0,0,0,0,0,0,0,0,0,0,0,0,0,0,0,0,0,0,0,0,0,0,0,0,0,0,0,0,0,0,0,0,0,0,0,0,0,0,0,0,1.73217,1.18314,0.881722,4.27041e-05,-3.78236e-05,-0.000629719,0.000143845,-0.000130141,-0.00254834,0,0,0,0,0,0,0,0,0,0,0,0,0,0,0,0,0,0,0,0,0,0,0,0,0,0,0,0,0,0,0,0,0,0,0,0,0,0,0,0,0,0,0,0,0,0,0,0,0,0,0,0,2,0,0,0,0,0,1.2451,0.0715,3.5714,0,0,0,0,0,0,0,-0,0,1.45347,0,0,0,0,0,0,0,0,0,0,0,0,0,0,0,0,0,0,0,0,0,0,0,0,0,0,0,0
4.15,0,0,0,0,0,0,2.95148,1.97427,-2.63446,-5.86231e-05,0.000379829,0.00106626,4.54628e-05,0.00107974,0.00257623,0,0,0,0,0,0,0,0,0,0,0,0,0,0,0,0,0,0,0,0,0,0,0,0,0,0,0,0,0,0,0,0,0,0,0,0,0,0,0,0,1.73217,1.18315,0.881741,-1.22132e-06,7.81643e-05,0.000195602,-4.89457e-05,0.000379238,0.00131282,0,0,0,0,0,0,0,0,0,0,0,0,0,0,0,0,0,0,0,0,0,0,0,0,0,0,0,0,0,0,0,0,0,0,0,0,0,0,0,0,0,0,0,0,0,0,0,0,0,0,0,0,2,0,0,0,0,0,1.2501,0.0764,3.5763,0,0,0,0,0,0,0,-0,0,1.45348,0,0,0,0,0,0,0,0,0,0,0,0,0,0,0,0,0,0,0,0,0,0,0,0,0,0,0,0
4.2,0,0,0,0,0,0,2.95148,1.97427,-2.63446,-5.86231e-05,0.000379829,0.00106626,4.54628e-05,0.00107974,0.00257623,0,0,0,0,0,0,0,0,0,0,0,0,0,0,0,0,0,0,0,0,0,0,0,0,0,0,0,0,0,0,0,0,0,0,0,0,0,0,0,0,1.73217,1.18315,0.881741,-1.22132e-06,7.81643e-05,0.000195602,-4.89457e-05,0.000379238,0.00131282,0,0,0,0,0,0,0,0,0,0,0,0,0,0,0,0,0,0,0,0,0,0,0,0,0,0,0,0,0,0,0,0,0,0,0,0,0,0,0,0,0,0,0,0,0,0,0,0,0,0,0,0,2,0,0,0,0,0,1.2501,0.0764,3.5763,0,0,0,0,0,0,0,-0,0,1.45348,0,0,0,0,0,0,0,0,0,0,0,0,0,0,0,0,0,0,0,0,0,0,0,0,0,0,0,0
4.25,0,0,0,0,0,0,2.95148,1.97428,-2.63441,-3.90652e-05,0.000174573,0.000488792,0.000167348,-6.51945e-05,-0.000245716,0,0,0,0,0,0,0,0,0,0,0,0,0,0,0,0,0,0,0,0,0,0,0,0,0,0,0,0,0,0,0,0,0,0,0,0,0,0,0,0,1.73217,1.18316,0.881791,1.46494e-05,0.000159923,0.000494753,7.94659e-06,0.000623444,0.00250623,0,0,0,0,0,0,0,0,0,0,0,0,0,0,0,0,0,0,0,0,0,0,0,0,0,0,0,0,0,0,0,0,0,0,0,0,0,0,0,0,0,0,0,0,0,0,0,0,0,0,0,0,2,0,0,0,0,0,1.2501,0.0764,3.5763,0,0,0,0,0,0,0,-0,0,1.45348,0,0,0,0,0,0,0,0,0,0,0,0,0,0,0,0,0,0,0,0,0,0,0,0,0,0,0,0
4.3,0,0,0,0,0,0,2.95148,1.97428,-2.63441,-3.90652e-05,0.000174573,0.000488792,0.000167348,-6.51945e-05,-0.000245716,0,0,0,0,0,0,0,0,0,0,0,0,0,0,0,0,0,0,0,0,0,0,0,0,0,0,0,0,0,0,0,0,0,0,0,0,0,0,0,0,1.73217,1.18316,0.881791,1.46494e-05,0.000159923,0.000494753,7.94659e-06,0.000623444,0.00250623,0,0,0,0,0,0,0,0,0,0,0,0,0,0,0,0,0,0,0,0,0,0,0,0,0,0,0,0,0,0,0,0,0,0,0,0,0,0,0,0,0,0,0,0,0,0,0,0,0,0,0,0,2,0,0,0,0,0,1.2501,0.0764,3.5763,0,0,0,0,0,0,0,-0,0,1.45348,0,0,0,0,0,0,0,0,0,0,0,0,0,0,0,0,0,0,0,0,0,0,0,0,0,0,0,0
4.35,0,0,0,0,0,0,2.95147,1.9743,-2.63432,-8.30101e-05,0.000175786,0.000906016,-5.85705e-05,-0.000189465,0.0011371,0,0,0,0,0,0,0,0,0,0,0,0,0,0,0,0,0,0,0,0,0,0,0,0,0,0,0,0,0,0,0,0,0,0,0,0,0,0,0,0,1.73216,1.18315,0.88177,-2.68562e-05,-0.000101321,-0.000201469,-0.000153376,-0.000636493,-0.00111554,0,0,0,0,0,0,0,0,0,0,0,0,0,0,0,0,0,0,0,0,0,0,0,0,0,0,0,0,0,0,0,0,0,0,0,0,0,0,0,0,0,0,0,0,0,0,0,0,0,0,0,0,2,0,0,0,0,0,1.1901,0.0162,3.5161,0,0,0,0,0,0,0,-0,0,1.45349,0,0,0,0,0,0,0,0,0,0,0,0,0,0,0,0,0,0,0,0,0,0,0,0,0,0,0,0
4.4,0,0,0,0,0,0,2.95147,1.9743,-2.63432,-8.30101e-05,0.000175786,0.000906016,-5.85705e-05,-0.000189465,0.0011371,0,0,0,0,0,0,0,0,0,0,0,0,0,0,0,0,0,0,0,0,0,0,0,0,0,0,0,0,0,0,0,0,0,0,0,0,0,0,0,0,1.73216,1.18315,0.88177,-2.68562e-05,-0.000101321,-0.000201469,-0.000153376,-0.000636493,-0.00111554,0,0,0,0,0,0,0,0,0,0,0,0,0,0,0,0,0,0,0,0,0,0,0,0,0,0,0,0,0,0,0,0,0,0,0,0,0,0,0,0,0,0,0,0,0,0,0,0,0,0,0,0,2,0,0,0,0,0,1.1901,0.0162,3.5161,0,0,0,0,0,0,0,-0,0,1.45349,0,0,0,0,0,0,0,0,0,0,0,0,0,0,0,0,0,0,0,0,0,0,0,0,0,0,0,0
4.45,0,0,0,0,0,0,2.95144,1.97424,-2.63427,-0.000327206,-0.000581156,0.000534151,-0.00104145,-0.00315511,-0.000616106,0,0,0,0,0,0,0,0,0,0,0,0,0,0,0,0,0,0,0,0,0,0,0,0,0,0,0,0,0,0,0,0,0,0,0,0,0,0,0,0,1.73214,1.18311,0.881782,-0.000273485,-0.000400461,0.000112076,-0.00109937,-0.00174796,9.27944e-05,0,0,0,0,0,0,0,0,0,0,0,0,0,0,0,0,0,0,0,0,0,0,0,0,0,0,0,0,0,0,0,0,0,0,0,0,0,0,0,0,0,0,0,0,0,0,0,0,0,0,0,0,2,0,0,0,0,0,1.1901,0.0162,3.5161,0,0,0,0,0,0,0,-0,0,1.45347,0,0,0,0,0,0,0,0,0,0,0,0,0,0,0,0,0,0,0,0,0,0,0,0,0,0,0,0
4.5,0,0,0,0,0,0,2.95144,1.97424,-2.63427,-0.000327206,-0.000581156,0.000534151,-0.00104145,-0.00315511,-0.000616106,0,0,0,0,0,0,0,0,0,0,0,0,0,0,0,0,0,0,0,0,0,0,0,0,0,0,0,0,0,0,0,0,0,0,0,0,0,0,0,0,1.73214,1.18311,0.881782,-0.000273485,-0.000400461,0.000112076,-0.00109937,-0.00174796,9.27944e-05,0,0,0,0,0,0,0,0,0,0,0,0,0,0,0,0,0,0,0,0,0,0,0,0,0,0,0,0,0,0,0,0,0,0,0,0,0,0,0,0,0,0,0,0,0,0,0,0,0,0,0,0,2,0,0,0,0,0,1.1901,0.0162,3.5161,0,0,0,0,0,0,0,-0,0,1.45347,0,0,0,0,0,0,0,0,0,0,0,0,0,0,0,0,0,0,0,0,0,0,0,0,0,0,0,0
4.55,0,0,0,0,0,0,2.95143,1.97424,-2.63427,-0.000112296,-1.95297e-05,-9.53601e-06,0.00010021,-5.19912e-05,-0.00277941,0,0,0,0,0,0,0,0,0,0,0,0,0,0,0,0,0,0,0,0,0,0,0,0,0,0,0,0,0,0,0,0,0,0,0,0,0,0,0,0,1.73213,1.18311,0.881765,-3.17359e-05,4.88244e-06,-0.000168072,0.000177699,0.000419484,-0.0009001,0,0,0,0,0,0,0,0,0,0,0,0,0,0,0,0,0,0,0,0,0,0,0,0,0,0,0,0,0,0,0,0,0,0,0,0,0,0,0,0,0,0,0,0,0,0,0,0,0,0,0,0,2,0,0,0,0,0,1.1902,0.0161,3.5161,0,0,0,0,0,0,0,-0,0,1.45346,0,0,0,0,0,0,0,0,0,0,0,0,0,0,0,0,0,0,0,0,0,0,0,0,0,0,0,0
4.6,0,0,0,0,0,0,2.95143,1.97424,-2.63427,-0.000112296,-1.95297e-05,-9.53601e-06,0.00010021,-5.19912e-05,-0.00277941,0,0,0,0,0,0,0,0,0,0,0,0,0,0,0,0,0,0,0,0,0,0,0,0,0,0,0,0,0,0,0,0,0,0,0,0,0,0,0,0,1.73213,1.18311,0.881765,-3.17359e-05,4.88244e-06,-0.000168072,0.000177699,0.000419484,-0.0009001,0,0,0,0,0,0,0,0,0,0,0,0,0,0,0,0,0,0,0,0,0,0,0,0,0,0,0,0,0,0,0,0,0,0,0,0,0,0,0,0,0,0,0,0,0,0,0,0,0,0,0,0,2,0,0,0,0,0,1.1902,0.0161,3.5161,0,0,0,0,0,0,0,-0,0,1.45346,0,0,0,0,0,0,0,0,0,0,0,0,0,0,0,0,0,0,0,0,0,0,0,0,0,0,0,0
4.65,0,0,0,0,0,0,2.95144,1.97429,-2.63418,0.000136754,0.000522596,0.00084422,0.00120992,0.00255499,0.00144942,0,0,0,0,0,0,0,0,0,0,0,0,0,0,0,0,0,0,0,0,0,0,0,0,0,0,0,0,0,0,0,0,0,0,0,0,0,0,0,0,1.73215,1.18313,0.881776,0.00020391,0.000227109,0.000115663,0.00122116,0.00143324,0.000458914,0,0,0,0,0,0,0,0,0,0,0,0,0,0,0,0,0,0,0,0,0,0,0,0,0,0,0,0,0,0,0,0,0,0,0,0,0,0,0,0,0,0,0,0,0,0,0,0,0,0,0,0,2,0,0,0,0,0,1.1902,0.0161,3.5161,0,0,0,0,0,0,0,-0,0,1.45347,0,0,0,0,0,0,0,0,0,0,0,0,0,0,0,0,0,0,0,0,0,0,0,0,0,0,0,0
4.7,0,0,0,0,0,0,2.95144,1.97429,-2.63418,0.000136754,0.000522596,0.00084422,0.00120992,0.00255499,0.00144942,0,0,0,0,0,0,0,0,0,0,0,0,0,0,0,0,0,0,0,0,0,0,0,0,0,0,0,0,0,0,0,0,0,0,0,0,0,0,0,0,1.73215,1.18313,0.881776,0.00020391,0.000227109,0.000115663,0.00122116,0.00143324,0.000458914,0,0,0,0,0,0,0,0,0,0,0,0,0,0,0,0,0,0,0,0,0,0,0,0,0,0,0,0,0,0,0,0,0,0,0,0,0,0,0,0,0,0,0,0,0,0,0,0,0,0,0,0,2,0,0,0,0,0,1.1902,0.0161,3.5161,0,0,0,0,0,0,0,-0,0,1.45347,0,0,0,0,0,0,0,0,0,0,0,0,0,0,0,0,0,0,0,0,0,0,0,0,0,0,0,0
4.75,0,0,0,0,0,0,2.95142,1.97426,-2.63409,-0.000158704,-0.000380889,0.000963285,-0.000303777,-0.00172271,0.00191896,0,0,0,0,0,0,0,0,0,0,0,0,0,0,0,0,0,0,0,0,0,0,0,0,0,0,0,0,0,0,0,0,0,0,0,0,0,0,0,0,1.73215,1.1831,0.881694,2.44159e-06,-0.000302757,-0.000827971,6.96069e-05,-0.00111924,-0.00331093,0,0,0,0,0,0,0,0,0,0,0,0,0,0,0,0,0,0,0,0,0,0,0,0,0,0,0,0,0,0,0,0,0,0,0,0,0,0,0,0,0,0,0,0,0,0,0,0,0,0,0,0,2,0,0,0,0,0,1.1382,-0.036,3.4639,0,0,0,0,0,0,0,-0,0,1.45346,0,0,0,0,0,0,0,0,0,0,0,0,0,0,0,0,0,0,0,0,0,0,0,0,0,0,0,0
4.8,0,0,0,0,0,0,2.95142,1.97426,-2.63409,-0.000158704,-0.000380889,0.000963285,-0.000303777,-0.00172271,0.00191896,0,0,0,0,0,0,0,0,0,0,0,0,0,0,0,0,0,0,0,0,0,0,0,0,0,0,0,0,0,0,0,0,0,0,0,0,0,0,0,0,1.73215,1.1831,0.881694,2.44159e-06,-0.000302757,-0.000827971,6.96069e-05,-0.00111924,-0.00331093,0,0,0,0,0,0,0,0,0,0,0,0,0,0,0,0,0,0,0,0,0,0,0,0,0,0,0,0,0,0,0,0,0,0,0,0,0,0,0,0,0,0,0,0,0,0,0,0,0,0,0,0,2,0,0,0,0,0,1.1382,-0.036,3.4639,0,0,0,0,0,0,0,-0,0,1.45346,0,0,0,0,0,0,0,0,0,0,0,0,0,0,0,0,0,0,0,0,0,0,0,0,0,0,0,0
4.85,0,0,0,0,0,0,2.95142,1.97429,-2.63402,-4.15037e-05,0.000341795,0.000665185,8.09755e-05,0.00127413,2.45752e-05,0,0,0,0,0,0,0,0,0,0,0,0,0,0,0,0,0,0,0,0,0,0,0,0,0,0,0,0,0,0,0,0,0,0,0,0,0,0,0,0,1.73215,1.1831,0.881752,-3.54002e-05,-2.68553e-05,0.00057995,-0.00026532,8.48329e-05,0.00312733,0,0,0,0,0,0,0,0,0,0,0,0,0,0,0,0,0,0,0,0,0,0,0,0,0,0,0,0,0,0,0,0,0,0,0,0,0,0,0,0,0,0,0,0,0,0,0,0,0,0,0,0,2,0,0,0,0,0,1.1382,-0.036,3.4639,0,0,0,0,0,0,0,-0,0,1.45348,0,0,0,0,0,0,0,0,0,0,0,0,0,0,0,0,0,0,0,0,0,0,0,0,0,0,0,0
4.9,0,0,0,0,0,0,2.95142,1.97429,-2.63402,-4.15037e-05,0.000341795,0.000665185,8.09755e-05,0.00127413,2.45752e-05,0,0,0,0,0,0,0,0,0,0,0,0,0,0,0,0,0,0,0,0,0,0,0,0,0,0,0,0,0,0,0,0,0,0,0,0,0,0,0,0,1.73215,1.1831,0.881752,-3.54002e-05,-2.68553e-05,0.00057995,-0.00026532,8.48329e-05,0.00312733,0,0,0,0,0,0,0,0,0,0,0,0,0,0,0,0,0,0,0,0,0,0,0,0,0,0,0,0,0,0,0,0,0,0,0,0,0,0,0,0,0,0,0,0,0,0,0,0,0,0,0,0,2,0,0,0,0,0,1.1382,-0.036,3.4639,0,0,0,0,0,0,0,-0,0,1.45348,0,0,0,0,0,0,0,0,0,0,0,0,0,0,0,0,0,0,0,0,0,0,0,0,0,0,0,0
4.95,0,0,0,0,0,0,2.95141,1.97429,-2.63394,-0.000131784,5.12495e-05,0.000807923,-0.000260093,9.64559e-06,0.000329026,0,0,0,0,0,0,0,0,0,0,0,0,0,0,0,0,0,0,0,0,0,0,0,0,0,0,0,0,0,0,0,0,0,0,0,0,0,0,0,0,1.73215,1.18311,0.881743,-4.63686e-05,8.54158e-05,-8.34139e-05,-0.000248461,0.000662517,9.83001e-05,0,0,0,0,0,0,0,0,0,0,0,0,0,0,0,0,0,0,0,0,0,0,0,0,0,0,0,0,0,0,0,0,0,0,0,0,0,0,0,0,0,0,0,0,0,0,0,0,0,0,0,0,2,0,0,0,0,0,1.188,0.0136,3.5136,0,0,0,0,0,0,0,-0,0,1.45347,0,0,0,0,0,0,0,0,0,0,0,0,0,0,0,0,0,0,0,0,0,0,0,0,0,0,0,0
5,0,0,0,0,0,0,2.95141,1.97429,-2.63394,-0.000131784,5.12495e-05,0.000807923,-0.000260093,9.64559e-06,0.000329026,0,0,0,0,0,0,0,0,0,0,0,0,0,0,0,0,0,0,0,0,0,0,0,0,0,0,0,0,0,0,0,0,0,0,0,0,0,0,0,0,1.73215,1.18311,0.881743,-4.63686e-05,8.54158e-05,-8.34139e-05,-0.000248461,0.000662517,9.83001e-05,0,0,0,0,0,0,0,0,0,0,0,0,0,0,0,0,0,0,0,0,0,0,0,0,0,0,0,0,0,0,0,0,0,0,0,0,0,0,0,0,0,0,0,0,0,0,0,0,0,0,0,0,2,0,0,0,0,0,1.188,0.0136,3.5136,0,0,0,0,0,0,0,-0,0,1.45347,0,0,0,0,0,0,0,0,0,0,0,0,0,0,0,0,0,0,0,0,0,0,0,0,0,0,0,0
5.05,0,0,0,0,0,0,2.95141,1.97429,-2.63394,-0.000131784,5.12495e-05,0.000807923,-0.000260093,9.64559e-06,0.000329026,0,0,0,0,0,0,0,0,0,0,0,0,0,0,0,0,0,0,0,0,0,0,0,0,0,0,0,0,0,0,0,0,0,0,0,0,0,0,0,0,1.73215,1.18311,0.881743,-4.63686e-05,8.54158e-05,-8.34139e-05,-0.000248461,0.000662517,9.83001e-05,0,0,0,0,0,0,0,0,0,0,0,0,0,0,0,0,0,0,0,0,0,0,0,0,0,0,0,0,0,0,0,0,0,0,0,0,0,0,0,0,0,0,0,0,0,0,0,0,0,0,0,0,2,0,0,0,0,0,1.188,0.0136,3.5136,0,0,0,0,0,0,0,-0,0,1.45347,0,0,0,0,0,0,0,0,0,0,0,0,0,0,0,0,0,0,0,0,0,0,0,0,0,0,0,0
5.1,0,0,0,0,0,0,2.9514,1.97431,-2.6339,-5.37322e-05,0.000109907,0.000345844,0.000109739,6.89566e-05,-0.00160876,0,0,0,0,0,0,0,0,0,0,0,0,0,0,0,0,0,0,0,0,0,0,0,0,0,0,0,0,0,0,0,0,0,0,0,0,0,0,0,0,1.73215,1.1831,0.881756,1.83178e-05,-8.79253e-05,0.000127008,0.000111622,-0.000216738,0.00048999,0,0,0,0,0,0,0,0,0,0,0,0,0,0,0,0,0,0,0,0,0,0,0,0,0,0,0,0,0,0,0,0,0,0,0,0,0,0,0,0,0,0,0,0,0,0,0,0,0,0,0,0,2,0,0,0,0,0,1.188,0.0136,3.5136,0,0,0,0,0,0,0,-0,0,1.45347,0,0,0,0,0,0,0,0,0,0,0,0,0,0,0,0,0,0,0,0,0,0,0,0,0,0,0,0
5.15,0,0,0,0,0,0,2.95139,1.97435,-2.63381,-0.000144028,0.00040157,0.000979799,-0.000244985,0.00121505,0.00130575,0,0,0,0,0,0,0,0,0,0,0,0,0,0,0,0,0,0,0,0,0,0,0,0,0,0,0,0,0,0,0,0,0,0,0,0,0,0,0,0,1.73215,1.18311,0.881715,2.3191e-05,6.10289e-05,-0.000406462,0.000135231,0.000345975,-0.00178426,0,0,0,0,0,0,0,0,0,0,0,0,0,0,0,0,0,0,0,0,0,0,0,0,0,0,0,0,0,0,0,0,0,0,0,0,0,0,0,0,0,0,0,0,0,0,0,0,0,0,0,0,2,0,0,0,0,0,1.1385,-0.0359,3.464,0,0,0,0,0,0,0,-0,0,1.45348,0,0,0,0,0,0,0,0,0,0,0,0,0,0,0,0,0,0,0,0,0,0,0,0,0,0,0,0
5.2,0,0,0,0,0,0,2.95139,1.97435,-2.63381,-0.000144028,0.00040157,0.000979799,-0.000244985,0.00121505,0.00130575,0,0,0,0,0,0,0,0,0,0,0,0,0,0,0,0,0,0,0,0,0,0,0,0,0,0,0,0,0,0,0,0,0,0,0,0,0,0,0,0,1.73215,1.18311,0.881715,2.3191e-05,6.10289e-05,-0.000406462,0.000135231,0.000345975,-0.00178426,0,0,0,0,0,0,0,0,0,0,0,0,0,0,0,0,0,0,0,0,0,0,0,0,0,0,0,0,0,0,0,0,0,0,0,0,0,0,0,0,0,0,0,0,0,0,0,0,0,0,0,0,2,0,0,0,0,0,1.1385,-0.0359,3.464,0,0,0,0,0,0,0,-0,0,1.45348,0,0,0,0,0,0,0,0,0,0,0,0,0,0,0,0,0,0,0,0,0,0,0,0,0,0,0,0
5.25,0,0,0,0,0,0,2.95139,1.97435,-2.63381,-0.000144028,0.00040157,0.000979799,-0.000244985,0.00121505,0.00130575,0,0,0,0,0,0,0,0,0,0,0,0,0,0,0,0,0,0,0,0,0,0,0,0,0,0,0,0,0,0,0,0,0,0,0,0,0,0,0,0,1.73215,1.18311,0.881715,2.3191e-05,6.10289e-05,-0.000406462,0.000135231,0.000345975,-0.00178426,0,0,0,0,0,0,0,0,0,0,0,0,0,0,0,0,0,0,0,0,0,0,0,0,0,0,0,0,0,0,0,0,0,0,0,0,0,0,0,0,0,0,0,0,0,0,0,0,0,0,0,0,2,0,0,0,0,0,1.1385,-0.0359,3.464,0,0,0,0,0,0,0,-0,0,1.45348,0,0,0,0,0,0,0,0,0,0,0,0,0,0,0,0,0,0,0,0,0,0,0,0,0,0,0,0
5.3,0,0,0,0,0,0,2.95138,1.97434,-2.63376,-4.39643e-05,-9.15922e-05,0.000438879,0.000204842,-0.00108608,-0.000983751,0,0,0,0,0,0,0,0,0,0,0,0,0,0,0,0,0,0,0,0,0,0,0,0,0,0,0,0,0,0,0,0,0,0,0,0,0,0,0,0,1.73215,1.18311,0.881737,2.19822e-05,4.7628e-05,0.000214073,7.95478e-05,0.00023035,0.00110039,0,0,0,0,0,0,0,0,0,0,0,0,0,0,0,0,0,0,0,0,0,0,0,0,0,0,0,0,0,0,0,0,0,0,0,0,0,0,0,0,0,0,0,0,0,0,0,0,0,0,0,0,2,0,0,0,0,0,1.1385,-0.0359,3.464,0,0,0,0,0,0,0,-0,0,1.45346,0,0,0,0,0,0,0,0,0,0,0,0,0,0,0,0,0,0,0,0,0,0,0,0,0,0,0,0
5.35,0,0,0,0,0,0,2.95136,1.97433,-2.63369,-0.000173366,-7.56951e-05,0.000732056,-0.000333209,-0.000900196,0.000271321,0,0,0,0,0,0,0,0,0,0,0,0,0,0,0,0,0,0,0,0,0,0,0,0,0,0,0,0,0,0,0,0,0,0,0,0,0,0,0,0,1.73214,1.1831,0.881742,-0.000142844,-0.00015139,5.06715e-05,-0.000618332,-0.00067248,0.00039852,0,0,0,0,0,0,0,0,0,0,0,0,0,0,0,0,0,0,0,0,0,0,0,0,0,0,0,0,0,0,0,0,0,0,0,0,0,0,0,0,0,0,0,0,0,0,0,0,0,0,0,0,2,0,0,0,0,0,1.1901,0.0155,3.5155,0,0,0,0,0,0,0,-0,0,1.45346,0,0,0,0,0,0,0,0,0,0,0,0,0,0,0,0,0,0,0,0,0,0,0,0,0,0,0,0
5.4,0,0,0,0,0,0,2.95136,1.97433,-2.63369,-0.000173366,-7.56951e-05,0.000732056,-0.000333209,-0.000900196,0.000271321,0,0,0,0,0,0,0,0,0,0,0,0,0,0,0,0,0,0,0,0,0,0,0,0,0,0,0,0,0,0,0,0,0,0,0,0,0,0,0,0,1.73214,1.1831,0.881742,-0.000142844,-0.00015139,5.06715e-05,-0.000618332,-0.00067248,0.00039852,0,0,0,0,0,0,0,0,0,0,0,0,0,0,0,0,0,0,0,0,0,0,0,0,0,0,0,0,0,0,0,0,0,0,0,0,0,0,0,0,0,0,0,0,0,0,0,0,0,0,0,0,2,0,0,0,0,0,1.1901,0.0155,3.5155,0,0,0,0,0,0,0,-0,0,1.45346,0,0,0,0,0,0,0,0,0,0,0,0,0,0,0,0,0,0,0,0,0,0,0,0,0,0,0,0
5.45,0,0,0,0,0,0,2.95136,1.97432,-2.63365,-4.88273e-05,-7.32409e-05,0.000424378,0.000224696,-0.000505576,-0.000896619,0,0,0,0,0,0,0,0,0,0,0,0,0,0,0,0,0,0,0,0,0,0,0,0,0,0,0,0,0,0,0,0,0,0,0,0,0,0,0,0,1.73214,1.18308,0.88175,3.66205e-06,-0.000123289,7.74849e-05,0.000119605,-0.000413786,0.000251389,0,0,0,0,0,0,0,0,0,0,0,0,0,0,0,0,0,0,0,0,0,0,0,0,0,0,0,0,0,0,0,0,0,0,0,0,0,0,0,0,0,0,0,0,0,0,0,0,0,0,0,0,2,0,0,0,0,0,1.1901,0.0155,3.5155,0,0,0,0,0,0,0,-0,0,1.45346,0,0,0,0,0,0,0,0,0,0,0,0,0,0,0,0,0,0,0,0,0,0,0,0,0,0,0,0
5.5,0,0,0,0,0,0,2.95136,1.97432,-2.63365,-4.88273e-05,-7.32409e-05,0.000424378,0.000224696,-0.000505576,-0.000896619,0,0,0,0,0,0,0,0,0,0,0,0,0,0,0,0,0,0,0,0,0,0,0,0,0,0,0,0,0,0,0,0,0,0,0,0,0,0,0,0,1.73214,1.18308,0.88175,3.66205e-06,-0.000123289,7.74849e-05,0.000119605,-0.000413786,0.000251389,0,0,0,0,0,0,0,0,0,0,0,0,0,0,0,0,0,0,0,0,0,0,0,0,0,0,0,0,0,0,0,0,0,0,0,0,0,0,0,0,0,0,0,0,0,0,0,0,0,0,0,0,2,0,0,0,0,0,1.1901,0.0155,3.5155,0,0,0,0,0,0,0,-0,0,1.45346,0,0,0,0,0,0,0,0,0,0,0,0,0,0,0,0,0,0,0,0,0,0,0,0,0,0,0,0
5.55,0,0,0,0,0,0,2.95135,1.97433,-2.63356,-0.000117182,5.85911e-05,0.000913102,-6.26881e-05,0.00027664,0.0012563,0,0,0,0,0,0,0,0,0,0,0,0,0,0,0,0,0,0,0,0,0,0,0,0,0,0,0,0,0,0,0,0,0,0,0,0,0,0,0,0,1.73214,1.18308,0.881782,-2.0751e-05,-4.02814e-05,0.000324831,7.41545e-05,0.000118272,0.00111935,0,0,0,0,0,0,0,0,0,0,0,0,0,0,0,0,0,0,0,0,0,0,0,0,0,0,0,0,0,0,0,0,0,0,0,0,0,0,0,0,0,0,0,0,0,0,0,0,0,0,0,0,2,0,0,0,0,0,1.22,0.0452,3.5453,0,0,0,0,0,0,0,-0,0,1.45346,0,0,0,0,0,0,0,0,0,0,0,0,0,0,0,0,0,0,0,0,0,0,0,0,0,0,0,0
5.6,0,0,0,0,0,0,2.95135,1.97433,-2.63356,-0.000117182,5.85911e-05,0.000913102,-6.26881e-05,0.00027664,0.0012563,0,0,0,0,0,0,0,0,0,0,0,0,0,0,0,0,0,0,0,0,0,0,0,0,0,0,0,0,0,0,0,0,0,0,0,0,0,0,0,0,1.73214,1.18308,0.881782,-2.0751e-05,-4.02814e-05,0.000324831,7.41545e-05,0.000118272,0.00111935,0,0,0,0,0,0,0,0,0,0,0,0,0,0,0,0,0,0,0,0,0,0,0,0,0,0,0,0,0,0,0,0,0,0,0,0,0,0,0,0,0,0,0,0,0,0,0,0,0,0,0,0,2,0,0,0,0,0,1.22,0.0452,3.5453,0,0,0,0,0,0,0,-0,0,1.45346,0,0,0,0,0,0,0,0,0,0,0,0,0,0,0,0,0,0,0,0,0,0,0,0,0,0,0,0
5.65,0,0,0,0,0,0,2.95135,1.97438,-2.63345,-2.44097e-06,0.000484532,0.00105124,0.000381949,0.00197396,0.0015977,0,0,0,0,0,0,0,0,0,0,0,0,0,0,0,0,0,0,0,0,0,0,0,0,0,0,0,0,0,0,0,0,0,0,0,0,0,0,0,0,1.73215,1.18311,0.881737,0.000115946,0.000270947,-0.000454105,0.000584592,0.00138664,-0.00232299,0,0,0,0,0,0,0,0,0,0,0,0,0,0,0,0,0,0,0,0,0,0,0,0,0,0,0,0,0,0,0,0,0,0,0,0,0,0,0,0,0,0,0,0,0,0,0,0,0,0,0,0,2,0,0,0,0,0,1.22,0.0452,3.5453,0,0,0,0,0,0,0,-0,0,1.45346,0,0,0,0,0,0,0,0,0,0,0,0,0,0,0,0,0,0,0,0,0,0,0,0,0,0,0,0
5.7,0,0,0,0,0,0,2.95135,1.97438,-2.63345,-2.44097e-06,0.000484532,0.00105124,0.000381949,0.00197396,0.0015977,0,0,0,0,0,0,0,0,0,0,0,0,0,0,0,0,0,0,0,0,0,0,0,0,0,0,0,0,0,0,0,0,0,0,0,0,0,0,0,0,1.73215,1.18311,0.881737,0.000115946,0.000270947,-0.000454105,0.000584592,0.00138664,-0.00232299,0,0,0,0,0,0,0,0,0,0,0,0,0,0,0,0,0,0,0,0,0,0,0,0,0,0,0,0,0,0,0,0,0,0,0,0,0,0,0,0,0,0,0,0,0,0,0,0,0,0,0,0,2,0,0,0,0,0,1.22,0.0452,3.5453,0,0,0,0,0,0,0,-0,0,1.45346,0,0,0,0,0,0,0,0,0,0,0,0,0,0,0,0,0,0,0,0,0,0,0,0,0,0,0,0
5.75,0,0,0,0,0,0,2.95134,1.97441,-2.63338,-0.000114729,0.000367375,0.000736601,-0.000159212,0.000946519,-0.000252072,0,0,0,0,0,0,0,0,0,0,0,0,0,0,0,0,0,0,0,0,0,0,0,0,0,0,0,0,0,0,0,0,0,0,0,0,0,0,0,0,1.73215,1.18313,0.881743,5.37028e-05,0.000183078,6.07875e-05,0.000171297,0.000652939,0.000197102,0,0,0,0,0,0,0,0,0,0,0,0,0,0,0,0,0,0,0,0,0,0,0,0,0,0,0,0,0,0,0,0,0,0,0,0,0,0,0,0,0,0,0,0,0,0,0,0,0,0,0,0,2,0,0,0,0,0,1.239,0.0641,3.5641,0,0,0,0,0,0,0,-0,0,1.45346,0,0,0,0,0,0,0,0,0,0,0,0,0,0,0,0,0,0,0,0,0,0,0,0,0,0,0,0
5.8,0,0,0,0,0,0,2.95134,1.97441,-2.63338,-0.000114729,0.000367375,0.000736601,-0.000159212,0.000946519,-0.000252072,0,0,0,0,0,0,0,0,0,0,0,0,0,0,0,0,0,0,0,0,0,0,0,0,0,0,0,0,0,0,0,0,0,0,0,0,0,0,0,0,1.73215,1.18313,0.881743,5.37028e-05,0.000183078,6.07875e-05,0.000171297,0.000652939,0.000197102,0,0,0,0,0,0,0,0,0,0,0,0,0,0,0,0,0,0,0,0,0,0,0,0,0,0,0,0,0,0,0,0,0,0,0,0,0,0,0,0,0,0,0,0,0,0,0,0,0,0,0,0,2,0,0,0,0,0,1.239,0.0641,3.5641,0,0,0,0,0,0,0,-0,0,1.45346,0,0,0,0,0,0,0,0,0,0,0,0,0,0,0,0,0,0,0,0,0,0,0,0,0,0,0,0
5.85,0,0,0,0,0,0,2.95133,1.97435,-2.63335,-4.88607e-05,-0.000619309,0.000257664,9.44559e-05,-0.00351314,-0.00231596,0,0,0,0,0,0,0,0,0,0,0,0,0,0,0,0,0,0,0,0,0,0,0,0,0,0,0,0,0,0,0,0,0,0,0,0,0,0,0,0,1.73215,1.18308,0.881771,-6.22972e-05,-0.000465397,0.000286292,-0.000416572,-0.00229824,0.00136025,0,0,0,0,0,0,0,0,0,0,0,0,0,0,0,0,0,0,0,0,0,0,0,0,0,0,0,0,0,0,0,0,0,0,0,0,0,0,0,0,0,0,0,0,0,0,0,0,0,0,0,0,2,0,0,0,0,0,1.239,0.0641,3.5641,0,0,0,0,0,0,0,-0,0,1.45345,0,0,0,0,0,0,0,0,0,0,0,0,0,0,0,0,0,0,0,0,0,0,0,0,0,0,0,0
5.9,0,0,0,0,0,0,2.95133,1.97435,-2.63335,-4.88607e-05,-0.000619309,0.000257664,9.44559e-05,-0.00351314,-0.00231596,0,0,0,0,0,0,0,0,0,0,0,0,0,0,0,0,0,0,0,0,0,0,0,0,0,0,0,0,0,0,0,0,0,0,0,0,0,0,0,0,1.73215,1.18308,0.881771,-6.22972e-05,-0.000465397,0.000286292,-0.000416572,-0.00229824,0.00136025,0,0,0,0,0,0,0,0,0,0,0,0,0,0,0,0,0,0,0,0,0,0,0,0,0,0,0,0,0,0,0,0,0,0,0,0,0,0,0,0,0,0,0,0,0,0,0,0,0,0,0,0,2,0,0,0,0,0,1.239,0.0641,3.5641,0,0,0,0,0,0,0,-0,0,1.45345,0,0,0,0,0,0,0,0,0,0,0,0,0,0,0,0,0,0,0,0,0,0,0,0,0,0,0,0
5.95,0,0,0,0,0,0,2.95132,1.97439,-2.63328,-0.00015132,0.000357554,0.000679281,-0.000318501,0.0011891,1.55232e-05,0,0,0,0,0,0,0,0,0,0,0,0,0,0,0,0,0,0,0,0,0,0,0,0,0,0,0,0,0,0,0,0,0,0,0,0,0,0,0,0,1.73215,1.18309,0.88173,2.19658e-05,0.000111049,-0.000412932,6.88391e-06,0.000523021,-0.00181924,0,0,0,0,0,0,0,0,0,0,0,0,0,0,0,0,0,0,0,0,0,0,0,0,0,0,0,0,0,0,0,0,0,0,0,0,0,0,0,0,0,0,0,0,0,0,0,0,0,0,0,0,2,0,0,0,0,0,1.1901,0.015,3.5151,0,0,0,0,0,0,0,-0,0,1.45345,0,0,0,0,0,0,0,0,0,0,0,0,0,0,0,0,0,0,0,0,0,0,0,0,0,0,0,0
6,0,0,0,0,0,0,2.95132,1.97439,-2.63328,-0.00015132,0.000357554,0.000679281,-0.000318501,0.0011891,1.55232e-05,0,0,0,0,0,0,0,0,0,0,0,0,0,0,0,0,0,0,0,0,0,0,0,0,0,0,0,0,0,0,0,0,0,0,0,0,0,0,0,0,1.73215,1.18309,0.88173,2.19658e-05,0.000111049,-0.000412932,6.88391e-06,0.000523021,-0.00181924,0,0,0,0,0,0,0,0,0,0,0,0,0,0,0,0,0,0,0,0,0,0,0,0,0,0,0,0,0,0,0,0,0,0,0,0,0,0,0,0,0,0,0,0,0,0,0,0,0,0,0,0,2,0,0,0,0,0,1.1901,0.015,3.5151,0,0,0,0,0,0,0,-0,0,1.45345,0,0,0,0,0,0,0,0,0,0,0,0,0,0,0,0,0,0,0,0,0,0,0,0,0,0,0,0
6.05,0,0,0,0,0,0,2.9513,1.97443,-2.6332,-0.000117192,0.000402849,0.000808273,-0.000110555,0.00153132,0.000839335,0,0,0,0,0,0,0,0,0,0,0,0,0,0,0,0,0,0,0,0,0,0,0,0,0,0,0,0,0,0,0,0,0,0,0,0,0,0,0,0,1.73214,1.18312,0.88178,-7.93491e-05,0.000312513,0.000497124,-0.000343373,0.00150102,0.00211398,0,0,0,0,0,0,0,0,0,0,0,0,0,0,0,0,0,0,0,0,0,0,0,0,0,0,0,0,0,0,0,0,0,0,0,0,0,0,0,0,0,0,0,0,0,0,0,0,0,0,0,0,2,0,0,0,0,0,1.1901,0.015,3.5151,0,0,0,0,0,0,0,-0,0,1.45345,0,0,0,0,0,0,0,0,0,0,0,0,0,0,0,0,0,0,0,0,0,0,0,0,0,0,0,0
6.1,0,0,0,0,0,0,2.9513,1.97443,-2.6332,-0.000117192,0.000402849,0.000808273,-0.000110555,0.00153132,0.000839335,0,0,0,0,0,0,0,0,0,0,0,0,0,0,0,0,0,0,0,0,0,0,0,0,0,0,0,0,0,0,0,0,0,0,0,0,0,0,0,0,1.73214,1.18312,0.88178,-7.93491e-05,0.000312513,0.000497124,-0.000343373,0.00150102,0.00211398,0,0,0,0,0,0,0,0,0,0,0,0,0,0,0,0,0,0,0,0,0,0,0,0,0,0,0,0,0,0,0,0,0,0,0,0,0,0,0,0,0,0,0,0,0,0,0,0,0,0,0,0,2,0,0,0,0,0,1.1901,0.015,3.5151,0,0,0,0,0,0,0,-0,0,1.45345,0,0,0,0,0,0,0,0,0,0,0,0,0,0,0,0,0,0,0,0,0,0,0,0,0,0,0,0
6.15,0,0,0,0,0,0,2.9513,1.97437,-2.63313,-7.32664e-05,-0.000587352,0.000751266,0.000137247,-0.00299057,0.000387722,0,0,0,0,0,0,0,0,0,0,0,0,0,0,0,0,0,0,0,0,0,0,0,0,0,0,0,0,0,0,0,0,0,0,0,0,0,0,0,0,1.73214,1.18306,0.88177,1.46533e-05,-0.000576361,-9.30138e-05,0.000122022,-0.00251792,-0.000556443,0,0,0,0,0,0,0,0,0,0,0,0,0,0,0,0,0,0,0,0,0,0,0,0,0,0,0,0,0,0,0,0,0,0,0,0,0,0,0,0,0,0,0,0,0,0,0,0,0,0,0,0,2,0,0,0,0,0,1.1514,-0.0238,3.4762,0,0,0,0,0,0,0,-0,0,1.45344,0,0,0,0,0,0,0,0,0,0,0,0,0,0,0,0,0,0,0,0,0,0,0,0,0,0,0,0
6.2,0,0,0,0,0,0,2.9513,1.97437,-2.63313,-7.32664e-05,-0.000587352,0.000751266,0.000137247,-0.00299057,0.000387722,0,0,0,0,0,0,0,0,0,0,0,0,0,0,0,0,0,0,0,0,0,0,0,0,0,0,0,0,0,0,0,0,0,0,0,0,0,0,0,0,1.73214,1.18306,0.88177,1.46533e-05,-0.000576361,-9.30138e-05,0.000122022,-0.00251792,-0.000556443,0,0,0,0,0,0,0,0,0,0,0,0,0,0,0,0,0,0,0,0,0,0,0,0,0,0,0,0,0,0,0,0,0,0,0,0,0,0,0,0,0,0,0,0,0,0,0,0,0,0,0,0,2,0,0,0,0,0,1.1514,-0.0238,3.4762,0,0,0,0,0,0,0,-0,0,1.45344,0,0,0,0,0,0,0,0,0,0,0,0,0,0,0,0,0,0,0,0,0,0,0,0,0,0,0,0
6.25,0,0,0,0,0,0,2.95129,1.97443,-2.63305,-7.80975e-05,0.00057963,0.000736454,9.65425e-05,0.00225489,0.000113463,0,0,0,0,0,0,0,0,0,0,0,0,0,0,0,0,0,0,0,0,0,0,0,0,0,0,0,0,0,0,0,0,0,0,0,0,0,0,0,0,1.73215,1.1831,0.88174,8.78598e-05,0.000366082,-0.000300898,0.000428806,0.00170951,-0.00152636,0,0,0,0,0,0,0,0,0,0,0,0,0,0,0,0,0,0,0,0,0,0,0,0,0,0,0,0,0,0,0,0,0,0,0,0,0,0,0,0,0,0,0,0,0,0,0,0,0,0,0,0,2,0,0,0,0,0,1.1514,-0.0238,3.4762,0,0,0,0,0,0,0,-0,0,1.45344,0,0,0,0,0,0,0,0,0,0,0,0,0,0,0,0,0,0,0,0,0,0,0,0,0,0,0,0
6.3,0,0,0,0,0,0,2.95129,1.97443,-2.63305,-7.80975e-05,0.00057963,0.000736454,9.65425e-05,0.00225489,0.000113463,0,0,0,0,0,0,0,0,0,0,0,0,0,0,0,0,0,0,0,0,0,0,0,0,0,0,0,0,0,0,0,0,0,0,0,0,0,0,0,0,1.73215,1.1831,0.88174,8.78598e-05,0.000366082,-0.000300898,0.000428806,0.00170951,-0.00152636,0,0,0,0,0,0,0,0,0,0,0,0,0,0,0,0,0,0,0,0,0,0,0,0,0,0,0,0,0,0,0,0,0,0,0,0,0,0,0,0,0,0,0,0,0,0,0,0,0,0,0,0,2,0,0,0,0,0,1.1514,-0.0238,3.4762,0,0,0,0,0,0,0,-0,0,1.45344,0,0,0,0,0,0,0,0,0,0,0,0,0,0,0,0,0,0,0,0,0,0,0,0,0,0,0,0
6.35,0,0,0,0,0,0,2.95128,1.97445,-2.63303,-9.03982e-05,0.000212558,0.000190875,3.51044e-06,0.000596516,-0.0021505,0,0,0,0,0,0,0,0,0,0,0,0,0,0,0,0,0,0,0,0,0,0,0,0,0,0,0,0,0,0,0,0,0,0,0,0,0,0,0,0,1.73216,1.18311,0.881706,4.64207e-05,0.00011483,-0.000347749,0.000133294,0.000594382,-0.00123447,0,0,0,0,0,0,0,0,0,0,0,0,0,0,0,0,0,0,0,0,0,0,0,0,0,0,0,0,0,0,0,0,0,0,0,0,0,0,0,0,0,0,0,0,0,0,0,0,0,0,0,0,2,0,0,0,0,0,1.1901,0.0147,3.5147,0,0,0,0,0,0,0,-0,0,1.45344,0,0,0,0,0,0,0,0,0,0,0,0,0,0,0,0,0,0,0,0,0,0,0,0,0,0,0,0
6.4,0,0,0,0,0,0,2.95128,1.97445,-2.63303,-9.03982e-05,0.000212558,0.000190875,3.51044e-06,0.000596516,-0.0021505,0,0,0,0,0,0,0,0,0,0,0,0,0,0,0,0,0,0,0,0,0,0,0,0,0,0,0,0,0,0,0,0,0,0,0,0,0,0,0,0,1.73216,1.18311,0.881706,4.64207e-05,0.00011483,-0.000347749,0.000133294,0.000594382,-0.00123447,0,0,0,0,0,0,0,0,0,0,0,0,0,0,0,0,0,0,0,0,0,0,0,0,0,0,0,0,0,0,0,0,0,0,0,0,0,0,0,0,0,0,0,0,0,0,0,0,0,0,0,0,2,0,0,0,0,0,1.1901,0.0147,3.5147,0,0,0,0,0,0,0,-0,0,1.45344,0,0,0,0,0,0,0,0,0,0,0,0,0,0,0,0,0,0,0,0,0,0,0,0,0,0,0,0
6.45,0,0,0,0,0,0,2.95129,1.9744,-2.63305,6.10193e-05,-0.000458865,-0.000195452,0.000594322,-0.00254856,-0.00314071,0,0,0,0,0,0,0,0,0,0,0,0,0,0,0,0,0,0,0,0,0,0,0,0,0,0,0,0,0,0,0,0,0,0,0,0,0,0,0,0,1.73216,1.18311,0.881645,2.56281e-05,-4.63747e-05,-0.000606618,-4.29022e-05,-0.000437825,-0.00173712,0,0,0,0,0,0,0,0,0,0,0,0,0,0,0,0,0,0,0,0,0,0,0,0,0,0,0,0,0,0,0,0,0,0,0,0,0,0,0,0,0,0,0,0,0,0,0,0,0,0,0,0,2,0,0,0,0,0,1.1901,0.0147,3.5147,0,0,0,0,0,0,0,-0,0,1.45342,0,0,0,0,0,0,0,0,0,0,0,0,0,0,0,0,0,0,0,0,0,0,0,0,0,0,0,0
6.5,0,0,0,0,0,0,2.95129,1.9744,-2.63305,6.10193e-05,-0.000458865,-0.000195452,0.000594322,-0.00254856,-0.00314071,0,0,0,0,0,0,0,0,0,0,0,0,0,0,0,0,0,0,0,0,0,0,0,0,0,0,0,0,0,0,0,0,0,0,0,0,0,0,0,0,1.73216,1.18311,0.881645,2.56281e-05,-4.63747e-05,-0.000606618,-4.29022e-05,-0.000437825,-0.00173712,0,0,0,0,0,0,0,0,0,0,0,0,0,0,0,0,0,0,0,0,0,0,0,0,0,0,0,0,0,0,0,0,0,0,0,0,0,0,0,0,0,0,0,0,0,0,0,0,0,0,0,0,2,0,0,0,0,0,1.1901,0.0147,3.5147,0,0,0,0,0,0,0,-0,0,1.45342,0,0,0,0,0,0,0,0,0,0,0,0,0,0,0,0,0,0,0,0,0,0,0,0,0,0,0,0
6.55,0,0,0,0,0,0,2.9513,1.97438,-2.63317,0.00014899,-0.000183185,-0.00115683,0.000788325,-0.000854179,-0.0058611,0,0,0,0,0,0,0,0,0,0,0,0,0,0,0,0,0,0,0,0,0,0,0,0,0,0,0,0,0,0,0,0,0,0,0,0,0,0,0,0,1.73215,1.18309,0.881742,-0.000123344,-0.00019784,0.000967206,-0.000644913,-0.00100786,0.0051782,0,0,0,0,0,0,0,0,0,0,0,0,0,0,0,0,0,0,0,0,0,0,0,0,0,0,0,0,0,0,0,0,0,0,0,0,0,0,0,0,0,0,0,0,0,0,0,0,0,0,0,0,2,0,0,0,0,0,1.2779,0.1025,3.6026,0,0,0,0,0,0,0,-0,0,1.45344,0,0,0,0,0,0,0,0,0,0,0,0,0,0,0,0,0,0,0,0,0,0,0,0,0,0,0,0
6.6,0,0,0,0,0,0,2.9513,1.97438,-2.63317,0.00014899,-0.000183185,-0.00115683,0.000788325,-0.000854179,-0.0058611,0,0,0,0,0,0,0,0,0,0,0,0,0,0,0,0,0,0,0,0,0,0,0,0,0,0,0,0,0,0,0,0,0,0,0,0,0,0,0,0,1.73215,1.18309,0.881742,-0.000123344,-0.00019784,0.000967206,-0.000644913,-0.00100786,0.0051782,0,0,0,0,0,0,0,0,0,0,0,0,0,0,0,0,0,0,0,0,0,0,0,0,0,0,0,0,0,0,0,0,0,0,0,0,0,0,0,0,0,0,0,0,0,0,0,0,0,0,0,0,2,0,0,0,0,0,1.2779,0.1025,3.6026,0,0,0,0,0,0,0,-0,0,1.45344,0,0,0,0,0,0,0,0,0,0,0,0,0,0,0,0,0,0,0,0,0,0,0,0,0,0,0,0
6.65,0,0,0,0,0,0,2.9513,1.97436,-2.63324,7.32438e-06,-0.000225835,-0.000655666,-6.62392e-05,-0.000454331,-0.00188657,0,0,0,0,0,0,0,0,0,0,0,0,0,0,0,0,0,0,0,0,0,0,0,0,0,0,0,0,0,0,0,0,0,0,0,0,0,0,0,0,1.73214,1.1831,0.881767,-8.42303e-05,0.000122073,0.000258094,-0.000312586,0.000595696,0.00121292,0,0,0,0,0,0,0,0,0,0,0,0,0,0,0,0,0,0,0,0,0,0,0,0,0,0,0,0,0,0,0,0,0,0,0,0,0,0,0,0,0,0,0,0,0,0,0,0,0,0,0,0,2,0,0,0,0,0,1.2779,0.1025,3.6026,0,0,0,0,0,0,0,-0,0,1.45343,0,0,0,0,0,0,0,0,0,0,0,0,0,0,0,0,0,0,0,0,0,0,0,0,0,0,0,0
6.7,0,0,0,0,0,0,2.9513,1.97436,-2.63324,7.32438e-06,-0.000225835,-0.000655666,-6.62392e-05,-0.000454331,-0.00188657,0,0,0,0,0,0,0,0,0,0,0,0,0,0,0,0,0,0,0,0,0,0,0,0,0,0,0,0,0,0,0,0,0,0,0,0,0,0,0,0,1.73214,1.1831,0.881767,-8.42303e-05,0.000122073,0.000258094,-0.000312586,0.000595696,0.00121292,0,0,0,0,0,0,0,0,0,0,0,0,0,0,0,0,0,0,0,0,0,0,0,0,0,0,0,0,0,0,0,0,0,0,0,0,0,0,0,0,0,0,0,0,0,0,0,0,0,0,0,0,2,0,0,0,0,0,1.2779,0.1025,3.6026,0,0,0,0,0,0,0,-0,0,1.45343,0,0,0,0,0,0,0,0,0,0,0,0,0,0,0,0,0,0,0,0,0,0,0,0,0,0,0,0
6.75,0,0,0,0,0,0,2.95131,1.97437,-2.63334,0.000100082,0.000122051,-0.00105365,0.000215146,0.00117152,-0.00218464,0,0,0,0,0,0,0,0,0,0,0,0,0,0,0,0,0,0,0,0,0,0,0,0,0,0,0,0,0,0,0,0,0,0,0,0,0,0,0,0,1.73214,1.18311,0.881773,2.80718e-05,5.61436e-05,6.01914e-05,0.000306081,0.00031136,-0.000599548,0,0,0,0,0,0,0,0,0,0,0,0,0,0,0,0,0,0,0,0,0,0,0,0,0,0,0,0,0,0,0,0,0,0,0,0,0,0,0,0,0,0,0,0,0,0,0,0,0,0,0,0,2,0,0,0,0,0,1.1901,0.0149,3.515,0,0,0,0,0,0,0,-0,0,1.45344,0,0,0,0,0,0,0,0,0,0,0,0,0,0,0,0,0,0,0,0,0,0,0,0,0,0,0,0
6.8,0,0,0,0,0,0,2.95131,1.97437,-2.63334,0.000100082,0.000122051,-0.00105365,0.000215146,0.00117152,-0.00218464,0,0,0,0,0,0,0,0,0,0,0,0,0,0,0,0,0,0,0,0,0,0,0,0,0,0,0,0,0,0,0,0,0,0,0,0,0,0,0,0,1.73214,1.18311,0.881773,2.80718e-05,5.61436e-05,6.01914e-05,0.000306081,0.00031136,-0.000599548,0,0,0,0,0,0,0,0,0,0,0,0,0,0,0,0,0,0,0,0,0,0,0,0,0,0,0,0,0,0,0,0,0,0,0,0,0,0,0,0,0,0,0,0,0,0,0,0,0,0,0,0,2,0,0,0,0,0,1.1901,0.0149,3.515,0,0,0,0,0,0,0,-0,0,1.45344,0,0,0,0,0,0,0,0,0,0,0,0,0,0,0,0,0,0,0,0,0,0,0,0,0,0,0,0
6.85,0,0,0,0,0,0,2.95132,1.97436,-2.63339,4.15092e-05,-9.27853e-05,-0.000460207,-6.68392e-05,6.4958e-05,0.00101979,0,0,0,0,0,0,0,0,0,0,0,0,0,0,0,0,0,0,0,0,0,0,0,0,0,0,0,0,0,0,0,0,0,0,0,0,0,0,0,0,1.73215,1.18309,0.881735,3.90675e-05,-0.000137957,-0.00038748,0.000311426,-0.00062713,-0.00239407,0,0,0,0,0,0,0,0,0,0,0,0,0,0,0,0,0,0,0,0,0,0,0,0,0,0,0,0,0,0,0,0,0,0,0,0,0,0,0,0,0,0,0,0,0,0,0,0,0,0,0,0,2,0,0,0,0,0,1.1901,0.0149,3.515,0,0,0,0,0,0,0,-0,0,1.45344,0,0,0,0,0,0,0,0,0,0,0,0,0,0,0,0,0,0,0,0,0,0,0,0,0,0,0,0
6.9,0,0,0,0,0,0,2.95132,1.97436,-2.63339,4.15092e-05,-9.27853e-05,-0.000460207,-6.68392e-05,6.4958e-05,0.00101979,0,0,0,0,0,0,0,0,0,0,0,0,0,0,0,0,0,0,0,0,0,0,0,0,0,0,0,0,0,0,0,0,0,0,0,0,0,0,0,0,1.73215,1.18309,0.881735,3.90675e-05,-0.000137957,-0.00038748,0.000311426,-0.00062713,-0.00239407,0,0,0,0,0,0,0,0,0,0,0,0,0,0,0,0,0,0,0,0,0,0,0,0,0,0,0,0,0,0,0,0,0,0,0,0,0,0,0,0,0,0,0,0,0,0,0,0,0,0,0,0,2,0,0,0,0,0,1.1901,0.0149,3.515,0,0,0,0,0,0,0,-0,0,1.45344,0,0,0,0,0,0,0,0,0,0,0,0,0,0,0,0,0,0,0,0,0,0,0,0,0,0,0,0
6.95,0,0,0,0,0,0,2.95133,1.97435,-2.63351,0.000141583,-9.39819e-05,-0.00127776,0.000321625,-0.000115573,-0.00222128,0,0,0,0,0,0,0,0,0,0,0,0,0,0,0,0,0,0,0,0,0,0,0,0,0,0,0,0,0,0,0,0,0,0,0,0,0,0,0,0,1.73214,1.18311,0.881763,-1.34259e-05,0.000141583,0.000287256,-2.20257e-05,0.000613389,0.00101567,0,0,0,0,0,0,0,0,0,0,0,0,0,0,0,0,0,0,0,0,0,0,0,0,0,0,0,0,0,0,0,0,0,0,0,0,0,0,0,0,0,0,0,0,0,0,0,0,0,0,0,0,2,0,0,0,0,0,1.1353,-0.0398,3.4603,0,0,0,0,0,0,0,-0,0,1.45344,0,0,0,0,0,0,0,0,0,0,0,0,0,0,0,0,0,0,0,0,0,0,0,0,0,0,0,0
7,0,0,0,0,0,0,2.95133,1.97435,-2.63351,0.000141583,-9.39819e-05,-0.00127776,0.000321625,-0.000115573,-0.00222128,0,0,0,0,0,0,0,0,0,0,0,0,0,0,0,0,0,0,0,0,0,0,0,0,0,0,0,0,0,0,0,0,0,0,0,0,0,0,0,0,1.73214,1.18311,0.881763,-1.34259e-05,0.000141583,0.000287256,-2.20257e-05,0.000613389,0.00101567,0,0,0,0,0,0,0,0,0,0,0,0,0,0,0,0,0,0,0,0,0,0,0,0,0,0,0,0,0,0,0,0,0,0,0,0,0,0,0,0,0,0,0,0,0,0,0,0,0,0,0,0,2,0,0,0,0,0,1.1353,-0.0398,3.4603,0,0,0,0,0,0,0,-0,0,1.45344,0,0,0,0,0,0,0,0,0,0,0,0,0,0,0,0,0,0,0,0,0,0,0,0,0,0,0,0
7.05,0,0,0,0,0,0,2.95133,1.97436,-2.63362,2.93107e-05,7.57193e-05,-0.00100899,-0.000203018,0.000584303,-0.000697313,0,0,0,0,0,0,0,0,0,0,0,0,0,0,0,0,0,0,0,0,0,0,0,0,0,0,0,0,0,0,0,0,0,0,0,0,0,0,0,0,1.73215,1.18309,0.881697,2.07618e-05,-0.000153882,-0.000664908,7.82464e-05,-0.000644406,-0.00273318,0,0,0,0,0,0,0,0,0,0,0,0,0,0,0,0,0,0,0,0,0,0,0,0,0,0,0,0,0,0,0,0,0,0,0,0,0,0,0,0,0,0,0,0,0,0,0,0,0,0,0,0,2,0,0,0,0,0,1.1353,-0.0398,3.4603,0,0,0,0,0,0,0,-0,0,1.45345,0,0,0,0,0,0,0,0,0,0,0,0,0,0,0,0,0,0,0,0,0,0,0,0,0,0,0,0
7.1,0,0,0,0,0,0,2.95133,1.97436,-2.63362,2.93107e-05,7.57193e-05,-0.00100899,-0.000203018,0.000584303,-0.000697313,0,0,0,0,0,0,0,0,0,0,0,0,0,0,0,0,0,0,0,0,0,0,0,0,0,0,0,0,0,0,0,0,0,0,0,0,0,0,0,0,1.73215,1.18309,0.881697,2.07618e-05,-0.000153882,-0.000664908,7.82464e-05,-0.000644406,-0.00273318,0,0,0,0,0,0,0,0,0,0,0,0,0,0,0,0,0,0,0,0,0,0,0,0,0,0,0,0,0,0,0,0,0,0,0,0,0,0,0,0,0,0,0,0,0,0,0,0,0,0,0,0,2,0,0,0,0,0,1.1353,-0.0398,3.4603,0,0,0,0,0,0,0,-0,0,1.45345,0,0,0,0,0,0,0,0,0,0,0,0,0,0,0,0,0,0,0,0,0,0,0,0,0,0,0,0
7.15,0,0,0,0,0,0,2.95135,1.97436,-2.63371,0.000136708,-2.8074e-05,-0.00089877,0.000236285,3.09386e-05,0.000226369,0,0,0,0,0,0,0,0,0,0,0,0,0,0,0,0,0,0,0,0,0,0,0,0,0,0,0,0,0,0,0,0,0,0,0,0,0,0,0,0,1.73215,1.1831,0.881729,2.68534e-05,8.17808e-05,0.000325416,8.49264e-05,0.000384271,0.00180764,0,0,0,0,0,0,0,0,0,0,0,0,0,0,0,0,0,0,0,0,0,0,0,0,0,0,0,0,0,0,0,0,0,0,0,0,0,0,0,0,0,0,0,0,0,0,0,0,0,0,0,0,2,0,0,0,0,0,1.1271,-0.0476,3.4523,0,0,0,0,0,0,0,-0,0,1.45346,0,0,0,0,0,0,0,0,0,0,0,0,0,0,0,0,0,0,0,0,0,0,0,0,0,0,0,0
7.2,0,0,0,0,0,0,2.95135,1.97436,-2.63371,0.000136708,-2.8074e-05,-0.00089877,0.000236285,3.09386e-05,0.000226369,0,0,0,0,0,0,0,0,0,0,0,0,0,0,0,0,0,0,0,0,0,0,0,0,0,0,0,0,0,0,0,0,0,0,0,0,0,0,0,0,1.73215,1.1831,0.881729,2.68534e-05,8.17808e-05,0.000325416,8.49264e-05,0.000384271,0.00180764,0,0,0,0,0,0,0,0,0,0,0,0,0,0,0,0,0,0,0,0,0,0,0,0,0,0,0,0,0,0,0,0,0,0,0,0,0,0,0,0,0,0,0,0,0,0,0,0,0,0,0,0,2,0,0,0,0,0,1.1271,-0.0476,3.4523,0,0,0,0,0,0,0,-0,0,1.45346,0,0,0,0,0,0,0,0,0,0,0,0,0,0,0,0,0,0,0,0,0,0,0,0,0,0,0,0
7.25,0,0,0,0,0,0,2.95136,1.97433,-2.63378,0.000102536,-0.000284414,-0.000710463,6.47194e-05,-0.00108062,0.00101417,0,0,0,0,0,0,0,0,0,0,0,0,0,0,0,0,0,0,0,0,0,0,0,0,0,0,0,0,0,0,0,0,0,0,0,0,0,0,0,0,1.73214,1.18308,0.881744,-5.61505e-05,-0.000208733,0.000143642,-0.000279787,-0.000790843,0.000973795,0,0,0,0,0,0,0,0,0,0,0,0,0,0,0,0,0,0,0,0,0,0,0,0,0,0,0,0,0,0,0,0,0,0,0,0,0,0,0,0,0,0,0,0,0,0,0,0,0,0,0,0,2,0,0,0,0,0,1.1271,-0.0476,3.4523,0,0,0,0,0,0,0,-0,0,1.45347,0,0,0,0,0,0,0,0,0,0,0,0,0,0,0,0,0,0,0,0,0,0,0,0,0,0,0,0
7.3,0,0,0,0,0,0,2.95136,1.97433,-2.63378,0.000102536,-0.000284414,-0.000710463,6.47194e-05,-0.00108062,0.00101417,0,0,0,0,0,0,0,0,0,0,0,0,0,0,0,0,0,0,0,0,0,0,0,0,0,0,0,0,0,0,0,0,0,0,0,0,0,0,0,0,1.73214,1.18308,0.881744,-5.61505e-05,-0.000208733,0.000143642,-0.000279787,-0.000790843,0.000973795,0,0,0,0,0,0,0,0,0,0,0,0,0,0,0,0,0,0,0,0,0,0,0,0,0,0,0,0,0,0,0,0,0,0,0,0,0,0,0,0,0,0,0,0,0,0,0,0,0,0,0,0,2,0,0,0,0,0,1.1271,-0.0476,3.4523,0,0,0,0,0,0,0,-0,0,1.45347,0,0,0,0,0,0,0,0,0,0,0,0,0,0,0,0,0,0,0,0,0,0,0,0,0,0,0,0
7.35,0,0,0,0,0,0,2.95136,1.97433,-2.63378,0.000102536,-0.000284414,-0.000710463,6.47194e-05,-0.00108062,0.00101417,0,0,0,0,0,0,0,0,0,0,0,0,0,0,0,0,0,0,0,0,0,0,0,0,0,0,0,0,0,0,0,0,0,0,0,0,0,0,0,0,1.73214,1.18308,0.881744,-5.61505e-05,-0.000208733,0.000143642,-0.000279787,-0.000790843,0.000973795,0,0,0,0,0,0,0,0,0,0,0,0,0,0,0,0,0,0,0,0,0,0,0,0,0,0,0,0,0,0,0,0,0,0,0,0,0,0,0,0,0,0,0,0,0,0,0,0,0,0,0,0,2,0,0,0,0,0,1.1718,-0.0027,3.4972,0,0,0,0,0,0,0,-0,0,1.45347,0,0,0,0,0,0,0,0,0,0,0,0,0,0,0,0,0,0,0,0,0,0,0,0,0,0,0,0
7.4,0,0,0,0,0,0,2.95136,1.97431,-2.63389,7.32332e-05,-0.000244111,-0.0011395,-0.000101429,-0.000638203,-0.000998994,0,0,0,0,0,0,0,0,0,0,0,0,0,0,0,0,0,0,0,0,0,0,0,0,0,0,0,0,0,0,0,0,0,0,0,0,0,0,0,0,1.73214,1.18308,0.881784,-6.59098e-05,7.0792e-05,0.000397514,-0.000256338,0.000483081,0.00148628,0,0,0,0,0,0,0,0,0,0,0,0,0,0,0,0,0,0,0,0,0,0,0,0,0,0,0,0,0,0,0,0,0,0,0,0,0,0,0,0,0,0,0,0,0,0,0,0,0,0,0,0,2,0,0,0,0,0,1.1718,-0.0027,3.4972,0,0,0,0,0,0,0,-0,0,1.45346,0,0,0,0,0,0,0,0,0,0,0,0,0,0,0,0,0,0,0,0,0,0,0,0,0,0,0,0
7.45,0,0,0,0,0,0,2.95136,1.97431,-2.63389,7.32332e-05,-0.000244111,-0.0011395,-0.000101429,-0.000638203,-0.000998994,0,0,0,0,0,0,0,0,0,0,0,0,0,0,0,0,0,0,0,0,0,0,0,0,0,0,0,0,0,0,0,0,0,0,0,0,0,0,0,0,1.73214,1.18308,0.881784,-6.59098e-05,7.0792e-05,0.000397514,-0.000256338,0.000483081,0.00148628,0,0,0,0,0,0,0,0,0,0,0,0,0,0,0,0,0,0,0,0,0,0,0,0,0,0,0,0,0,0,0,0,0,0,0,0,0,0,0,0,0,0,0,0,0,0,0,0,0,0,0,0,2,0,0,0,0,0,1.1718,-0.0027,3.4972,0,0,0,0,0,0,0,-0,0,1.45346,0,0,0,0,0,0,0,0,0,0,0,0,0,0,0,0,0,0,0,0,0,0,0,0,0,0,0,0
7.5,0,0,0,0,0,0,2.95138,1.97434,-2.63401,0.000185408,0.000370815,-0.00121502,0.000364967,0.002134,-0.00117468,0,0,0,0,0,0,0,0,0,0,0,0,0,0,0,0,0,0,0,0,0,0,0,0,0,0,0,0,0,0,0,0,0,0,0,0,0,0,0,0,1.73215,1.18311,0.881752,0.000129297,0.000298848,-0.000319837,0.000629354,0.00137376,-0.00190494,0,0,0,0,0,0,0,0,0,0,0,0,0,0,0,0,0,0,0,0,0,0,0,0,0,0,0,0,0,0,0,0,0,0,0,0,0,0,0,0,0,0,0,0,0,0,0,0,0,0,0,0,2,0,0,0,0,0,1.1718,-0.0027,3.4972,0,0,0,0,0,0,0,-0,0,1.45347,0,0,0,0,0,0,0,0,0,0,0,0,0,0,0,0,0,0,0,0,0,0,0,0,0,0,0,0
7.55,0,0,0,0,0,0,2.95138,1.97434,-2.63401,0.000185408,0.000370815,-0.00121502,0.000364967,0.002134,-0.00117468,0,0,0,0,0,0,0,0,0,0,0,0,0,0,0,0,0,0,0,0,0,0,0,0,0,0,0,0,0,0,0,0,0,0,0,0,0,0,0,0,1.73215,1.18311,0.881752,0.000129297,0.000298848,-0.000319837,0.000629354,0.00137376,-0.00190494,0,0,0,0,0,0,0,0,0,0,0,0,0,0,0,0,0,0,0,0,0,0,0,0,0,0,0,0,0,0,0,0,0,0,0,0,0,0,0,0,0,0,0,0,0,0,0,0,0,0,0,0,2,0,0,0,0,0,1.1136,-0.0607,3.4393,0,0,0,0,0,0,0,-0,0,1.45347,0,0,0,0,0,0,0,0,0,0,0,0,0,0,0,0,0,0,0,0,0,0,0,0,0,0,0,0
7.6,0,0,0,0,0,0,2.95138,1.97431,-2.63408,1.22229e-05,-0.000312906,-0.000680375,-0.000410239,-0.00107606,0.00141103,0,0,0,0,0,0,0,0,0,0,0,0,0,0,0,0,0,0,0,0,0,0,0,0,0,0,0,0,0,0,0,0,0,0,0,0,0,0,0,0,1.73215,1.1831,0.881738,-3.7891e-05,-0.000162565,-0.000139656,-0.000170567,-0.000898845,-0.000881919,0,0,0,0,0,0,0,0,0,0,0,0,0,0,0,0,0,0,0,0,0,0,0,0,0,0,0,0,0,0,0,0,0,0,0,0,0,0,0,0,0,0,0,0,0,0,0,0,0,0,0,0,2,0,0,0,0,0,1.1136,-0.0607,3.4393,0,0,0,0,0,0,0,-0,0,1.45347,0,0,0,0,0,0,0,0,0,0,0,0,0,0,0,0,0,0,0,0,0,0,0,0,0,0,0,0
7.65,0,0,0,0,0,0,2.95139,1.97427,-2.63419,7.81197e-05,-0.000427217,-0.00108235,-8.78117e-05,-0.00153849,-0.00041235,0,0,0,0,0,0,0,0,0,0,0,0,0,0,0,0,0,0,0,0,0,0,0,0,0,0,0,0,0,0,0,0,0,0,0,0,0,0,0,0,1.73215,1.18308,0.881748,-7.32371e-06,-0.000220932,0.000103705,-8.86363e-05,-0.00108106,0.000580551,0,0,0,0,0,0,0,0,0,0,0,0,0,0,0,0,0,0,0,0,0,0,0,0,0,0,0,0,0,0,0,0,0,0,0,0,0,0,0,0,0,0,0,0,0,0,0,0,0,0,0,0,2,0,0,0,0,0,1.1136,-0.0607,3.4393,0,0,0,0,0,0,0,-0,0,1.45346,0,0,0,0,0,0,0,0,0,0,0,0,0,0,0,0,0,0,0,0,0,0,0,0,0,0,0,0
7.7,0,0,0,0,0,0,2.95139,1.97427,-2.63419,7.81197e-05,-0.000427217,-0.00108235,-8.78117e-05,-0.00153849,-0.00041235,0,0,0,0,0,0,0,0,0,0,0,0,0,0,0,0,0,0,0,0,0,0,0,0,0,0,0,0,0,0,0,0,0,0,0,0,0,0,0,0,1.73215,1.18308,0.881748,-7.32371e-06,-0.000220932,0.000103705,-8.86363e-05,-0.00108106,0.000580551,0,0,0,0,0,0,0,0,0,0,0,0,0,0,0,0,0,0,0,0,0,0,0,0,0,0,0,0,0,0,0,0,0,0,0,0,0,0,0,0,0,0,0,0,0,0,0,0,0,0,0,0,2,0,0,0,0,0,1.1136,-0.0607,3.4393,0,0,0,0,0,0,0,-0,0,1.45346,0,0,0,0,0,0,0,0,0,0,0,0,0,0,0,0,0,0,0,0,0,0,0,0,0,0,0,0
7.75,0,0,0,0,0,0,2.95141,1.97426,-2.63429,0.000163588,-5.1274e-05,-0.00105152,0.000332328,0.000516307,-0.000369496,0,0,0,0,0,0,0,0,0,0,0,0,0,0,0,0,0,0,0,0,0,0,0,0,0,0,0,0,0,0,0,0,0,0,0,0,0,0,0,0,1.73214,1.18309,0.881782,-7.6911e-05,9.03399e-05,0.000343949,-0.000320161,0.000570206,0.00150672,0,0,0,0,0,0,0,0,0,0,0,0,0,0,0,0,0,0,0,0,0,0,0,0,0,0,0,0,0,0,0,0,0,0,0,0,0,0,0,0,0,0,0,0,0,0,0,0,0,0,0,0,2,0,0,0,0,0,1.1901,0.016,3.5159,0,0,0,0,0,0,0,-0,0,1.45347,0,0,0,0,0,0,0,0,0,0,0,0,0,0,0,0,0,0,0,0,0,0,0,0,0,0,0,0
7.8,0,0,0,0,0,0,2.95141,1.97426,-2.63429,0.000163588,-5.1274e-05,-0.00105152,0.000332328,0.000516307,-0.000369496,0,0,0,0,0,0,0,0,0,0,0,0,0,0,0,0,0,0,0,0,0,0,0,0,0,0,0,0,0,0,0,0,0,0,0,0,0,0,0,0,1.73214,1.18309,0.881782,-7.6911e-05,9.03399e-05,0.000343949,-0.000320161,0.000570206,0.00150672,0,0,0,0,0,0,0,0,0,0,0,0,0,0,0,0,0,0,0,0,0,0,0,0,0,0,0,0,0,0,0,0,0,0,0,0,0,0,0,0,0,0,0,0,0,0,0,0,0,0,0,0,2,0,0,0,0,0,1.1901,0.016,3.5159,0,0,0,0,0,0,0,-0,0,1.45347,0,0,0,0,0,0,0,0,0,0,0,0,0,0,0,0,0,0,0,0,0,0,0,0,0,0,0,0
7.85,0,0,0,0,0,0,2.95142,1.97427,-2.63434,8.78679e-05,6.83417e-05,-0.000500549,-4.60893e-05,0.00106597,0.00198488,0,0,0,0,0,0,0,0,0,0,0,0,0,0,0,0,0,0,0,0,0,0,0,0,0,0,0,0,0,0,0,0,0,0,0,0,0,0,0,0,1.73214,1.1831,0.881784,1.46446e-05,9.88513e-05,1.6685e-05,0.000142251,0.000599858,-0.000277563,0,0,0,0,0,0,0,0,0,0,0,0,0,0,0,0,0,0,0,0,0,0,0,0,0,0,0,0,0,0,0,0,0,0,0,0,0,0,0,0,0,0,0,0,0,0,0,0,0,0,0,0,2,0,0,0,0,0,1.1901,0.016,3.5159,0,0,0,0,0,0,0,-0,0,1.45348,0,0,0,0,0,0,0,0,0,0,0,0,0,0,0,0,0,0,0,0,0,0,0,0,0,0,0,0
7.9,0,0,0,0,0,0,2.95142,1.97427,-2.63434,8.78679e-05,6.83417e-05,-0.000500549,-4.60893e-05,0.00106597,0.00198488,0,0,0,0,0,0,0,0,0,0,0,0,0,0,0,0,0,0,0,0,0,0,0,0,0,0,0,0,0,0,0,0,0,0,0,0,0,0,0,0,1.73214,1.1831,0.881784,1.46446e-05,9.88513e-05,1.6685e-05,0.000142251,0.000599858,-0.000277563,0,0,0,0,0,0,0,0,0,0,0,0,0,0,0,0,0,0,0,0,0,0,0,0,0,0,0,0,0,0,0,0,0,0,0,0,0,0,0,0,0,0,0,0,0,0,0,0,0,0,0,0,2,0,0,0,0,0,1.1901,0.016,3.5159,0,0,0,0,0,0,0,-0,0,1.45348,0,0,0,0,0,0,0,0,0,0,0,0,0,0,0,0,0,0,0,0,0,0,0,0,0,0,0,0
7.95,0,0,0,0,0,0,2.95142,1.97422,-2.63447,-4.88489e-06,-0.000510471,-0.00127131,-0.00044961,-0.00159824,-0.00156831,0,0,0,0,0,0,0,0,0,0,0,0,0,0,0,0,0,0,0,0,0,0,0,0,0,0,0,0,0,0,0,0,0,0,0,0,0,0,0,0,1.73214,1.18306,0.881746,-2.1982e-05,-0.000341942,-0.000376265,1.64613e-06,-0.0013971,-0.00197823,0,0,0,0,0,0,0,0,0,0,0,0,0,0,0,0,0,0,0,0,0,0,0,0,0,0,0,0,0,0,0,0,0,0,0,0,0,0,0,0,0,0,0,0,0,0,0,0,0,0,0,0,2,0,0,0,0,0,1.1819,0.008,3.5078,0,0,0,0,0,0,0,-0,0,1.45347,0,0,0,0,0,0,0,0,0,0,0,0,0,0,0,0,0,0,0,0,0,0,0,0,0,0,0,0
8,0,0,0,0,0,0,2.95142,1.97422,-2.63447,-4.88489e-06,-0.000510471,-0.00127131,-0.00044961,-0.00159824,-0.00156831,0,0,0,0,0,0,0,0,0,0,0,0,0,0,0,0,0,0,0,0,0,0,0,0,0,0,0,0,0,0,0,0,0,0,0,0,0,0,0,0,1.73214,1.18306,0.881746,-2.1982e-05,-0.000341942,-0.000376265,1.64613e-06,-0.0013971,-0.00197823,0,0,0,0,0,0,0,0,0,0,0,0,0,0,0,0,0,0,0,0,0,0,0,0,0,0,0,0,0,0,0,0,0,0,0,0,0,0,0,0,0,0,0,0,0,0,0,0,0,0,0,0,2,0,0,0,0,0,1.1819,0.008,3.5078,0,0,0,0,0,0,0,-0,0,1.45347,0,0,0,0,0,0,0,0,0,0,0,0,0,0,0,0,0,0,0,0,0,0,0,0,0,0,0,0
8.05,0,0,0,0,0,0,2.95142,1.97429,-2.63454,5.12602e-05,0.000663941,-0.000707974,-0.000100205,0.00337187,0.000826436,0,0,0,0,0,0,0,0,0,0,0,0,0,0,0,0,0,0,0,0,0,0,0,0,0,0,0,0,0,0,0,0,0,0,0,0,0,0,0,0,1.73215,1.18311,0.881735,0.000108623,0.000501618,-0.000119188,0.000503808,0.00226115,-0.000391249,0,0,0,0,0,0,0,0,0,0,0,0,0,0,0,0,0,0,0,0,0,0,0,0,0,0,0,0,0,0,0,0,0,0,0,0,0,0,0,0,0,0,0,0,0,0,0,0,0,0,0,0,2,0,0,0,0,0,1.1819,0.008,3.5078,0,0,0,0,0,0,0,-0,0,1.45347,0,0,0,0,0,0,0,0,0,0,0,0,0,0,0,0,0,0,0,0,0,0,0,0,0,0,0,0
8.1,0,0,0,0,0,0,2.95142,1.97429,-2.63454,5.12602e-05,0.000663941,-0.000707974,-0.000100205,0.00337187,0.000826436,0,0,0,0,0,0,0,0,0,0,0,0,0,0,0,0,0,0,0,0,0,0,0,0,0,0,0,0,0,0,0,0,0,0,0,0,0,0,0,0,1.73215,1.18311,0.881735,0.000108623,0.000501618,-0.000119188,0.000503808,0.00226115,-0.000391249,0,0,0,0,0,0,0,0,0,0,0,0,0,0,0,0,0,0,0,0,0,0,0,0,0,0,0,0,0,0,0,0,0,0,0,0,0,0,0,0,0,0,0,0,0,0,0,0,0,0,0,0,2,0,0,0,0,0,1.1819,0.008,3.5078,0,0,0,0,0,0,0,-0,0,1.45347,0,0,0,0,0,0,0,0,0,0,0,0,0,0,0,0,0,0,0,0,0,0,0,0,0,0,0,0
8.15,0,0,0,0,0,0,2.95144,1.97428,-2.63455,0.000168479,-5.12762e-05,-7.86884e-05,0.000455448,-0.000160826,0.00333586,0,0,0,0,0,0,0,0,0,0,0,0,0,0,0,0,0,0,0,0,0,0,0,0,0,0,0,0,0,0,0,0,0,0,0,0,0,0,0,0,1.73216,1.18313,0.881681,0.000145282,0.000153828,-0.000536511,0.000516874,0.000462892,-0.00168738,0,0,0,0,0,0,0,0,0,0,0,0,0,0,0,0,0,0,0,0,0,0,0,0,0,0,0,0,0,0,0,0,0,0,0,0,0,0,0,0,0,0,0,0,0,0,0,0,0,0,0,0,2,0,0,0,0,0,1.1879,0.0143,3.514,0,0,0,0,0,0,0,-0,0,1.45347,0,0,0,0,0,0,0,0,0,0,0,0,0,0,0,0,0,0,0,0,0,0,0,0,0,0,0,0
8.2,0,0,0,0,0,0,2.95144,1.97428,-2.63455,0.000168479,-5.12762e-05,-7.86884e-05,0.000455448,-0.000160826,0.00333586,0,0,0,0,0,0,0,0,0,0,0,0,0,0,0,0,0,0,0,0,0,0,0,0,0,0,0,0,0,0,0,0,0,0,0,0,0,0,0,0,1.73216,1.18313,0.881681,0.000145282,0.000153828,-0.000536511,0.000516874,0.000462892,-0.00168738,0,0,0,0,0,0,0,0,0,0,0,0,0,0,0,0,0,0,0,0,0,0,0,0,0,0,0,0,0,0,0,0,0,0,0,0,0,0,0,0,0,0,0,0,0,0,0,0,0,0,0,0,2,0,0,0,0,0,1.1879,0.0143,3.514,0,0,0,0,0,0,0,-0,0,1.45347,0,0,0,0,0,0,0,0,0,0,0,0,0,0,0,0,0,0,0,0,0,0,0,0,0,0,0,0
8.25,0,0,0,0,0,0,2.95143,1.97421,-2.6347,-0.000114771,-0.000703275,-0.0014952,-0.000783044,-0.00317973,-0.0033173,0,0,0,0,0,0,0,0,0,0,0,0,0,0,0,0,0,0,0,0,0,0,0,0,0,0,0,0,0,0,0,0,0,0,0,0,0,0,0,0,1.73213,1.18309,0.881732,-0.000344312,-0.000363847,0.000510324,-0.00164406,-0.00203376,0.00299402,0,0,0,0,0,0,0,0,0,0,0,0,0,0,0,0,0,0,0,0,0,0,0,0,0,0,0,0,0,0,0,0,0,0,0,0,0,0,0,0,0,0,0,0,0,0,0,0,0,0,0,0,2,0,0,0,0,0,1.1879,0.0143,3.514,0,0,0,0,0,0,0,-0,0,1.45347,0,0,0,0,0,0,0,0,0,0,0,0,0,0,0,0,0,0,0,0,0,0,0,0,0,0,0,0
8.3,0,0,0,0,0,0,2.95143,1.97421,-2.6347,-0.000114771,-0.000703275,-0.0014952,-0.000783044,-0.00317973,-0.0033173,0,0,0,0,0,0,0,0,0,0,0,0,0,0,0,0,0,0,0,0,0,0,0,0,0,0,0,0,0,0,0,0,0,0,0,0,0,0,0,0,1.73213,1.18309,0.881732,-0.000344312,-0.000363847,0.000510324,-0.00164406,-0.00203376,0.00299402,0,0,0,0,0,0,0,0,0,0,0,0,0,0,0,0,0,0,0,0,0,0,0,0,0,0,0,0,0,0,0,0,0,0,0,0,0,0,0,0,0,0,0,0,0,0,0,0,0,0,0,0,2,0,0,0,0,0,1.1879,0.0143,3.514,0,0,0,0,0,0,0,-0,0,1.45347,0,0,0,0,0,0,0,0,0,0,0,0,0,0,0,0,0,0,0,0,0,0,0,0,0,0,0,0
8.35,0,0,0,0,0,0,2.95145,1.97421,-2.6348,0.000197776,-2.44168e-06,-0.00105631,0.000610939,0.000482054,-0.00113937,0,0,0,0,0,0,0,0,0,0,0,0,0,0,0,0,0,0,0,0,0,0,0,0,0,0,0,0,0,0,0,0,0,0,0,0,0,0,0,0,1.73214,1.18309,0.881752,0.000167255,-2.44167e-06,0.000205659,0.000764197,-0.000115266,0.0012144,0,0,0,0,0,0,0,0,0,0,0,0,0,0,0,0,0,0,0,0,0,0,0,0,0,0,0,0,0,0,0,0,0,0,0,0,0,0,0,0,0,0,0,0,0,0,0,0,0,0,0,0,2,0,0,0,0,0,1.1901,0.0167,3.5165,0,0,0,0,0,0,0,-0,0,1.45347,0,0,0,0,0,0,0,0,0,0,0,0,0,0,0,0,0,0,0,0,0,0,0,0,0,0,0,0
8.4,0,0,0,0,0,0,2.95145,1.97421,-2.6348,0.000197776,-2.44168e-06,-0.00105631,0.000610939,0.000482054,-0.00113937,0,0,0,0,0,0,0,0,0,0,0,0,0,0,0,0,0,0,0,0,0,0,0,0,0,0,0,0,0,0,0,0,0,0,0,0,0,0,0,0,1.73214,1.18309,0.881752,0.000167255,-2.44167e-06,0.000205659,0.000764197,-0.000115266,0.0012144,0,0,0,0,0,0,0,0,0,0,0,0,0,0,0,0,0,0,0,0,0,0,0,0,0,0,0,0,0,0,0,0,0,0,0,0,0,0,0,0,0,0,0,0,0,0,0,0,0,0,0,0,2,0,0,0,0,0,1.1901,0.0167,3.5165,0,0,0,0,0,0,0,-0,0,1.45347,0,0,0,0,0,0,0,0,0,0,0,0,0,0,0,0,0,0,0,0,0,0,0,0,0,0,0,0
8.45,0,0,0,0,0,0,2.95146,1.97418,-2.63485,8.78746e-05,-0.000294136,-0.000417157,0.000116443,-0.000380408,0.00216445,0,0,0,0,0,0,0,0,0,0,0,0,0,0,0,0,0,0,0,0,0,0,0,0,0,0,0,0,0,0,0,0,0,0,0,0,0,0,0,0,1.73214,1.18308,0.881761,-5.24807e-05,-5.24807e-05,8.87948e-05,-9.31181e-05,-9.43552e-06,2.13184e-05,0,0,0,0,0,0,0,0,0,0,0,0,0,0,0,0,0,0,0,0,0,0,0,0,0,0,0,0,0,0,0,0,0,0,0,0,0,0,0,0,0,0,0,0,0,0,0,0,0,0,0,0,2,0,0,0,0,0,1.1901,0.0167,3.5165,0,0,0,0,0,0,0,-0,0,1.45347,0,0,0,0,0,0,0,0,0,0,0,0,0,0,0,0,0,0,0,0,0,0,0,0,0,0,0,0
8.5,0,0,0,0,0,0,2.95146,1.97418,-2.63485,8.78746e-05,-0.000294136,-0.000417157,0.000116443,-0.000380408,0.00216445,0,0,0,0,0,0,0,0,0,0,0,0,0,0,0,0,0,0,0,0,0,0,0,0,0,0,0,0,0,0,0,0,0,0,0,0,0,0,0,0,1.73214,1.18308,0.881761,-5.24807e-05,-5.24807e-05,8.87948e-05,-9.31181e-05,-9.43552e-06,2.13184e-05,0,0,0,0,0,0,0,0,0,0,0,0,0,0,0,0,0,0,0,0,0,0,0,0,0,0,0,0,0,0,0,0,0,0,0,0,0,0,0,0,0,0,0,0,0,0,0,0,0,0,0,0,2,0,0,0,0,0,1.1901,0.0167,3.5165,0,0,0,0,0,0,0,-0,0,1.45347,0,0,0,0,0,0,0,0,0,0,0,0,0,0,0,0,0,0,0,0,0,0,0,0,0,0,0,0
8.55,0,0,0,0,0,0,2.95145,1.97424,-2.6349,-1.46521e-05,0.000578756,-0.000536574,-0.000406755,0.00314286,0.00127012,0,0,0,0,0,0,0,0,0,0,0,0,0,0,0,0,0,0,0,0,0,0,0,0,0,0,0,0,0,0,0,0,0,0,0,0,0,0,0,0,1.73213,1.18315,0.881872,-0.000102564,0.000661785,0.00110594,-0.00037202,0.00286263,0.00391533,0,0,0,0,0,0,0,0,0,0,0,0,0,0,0,0,0,0,0,0,0,0,0,0,0,0,0,0,0,0,0,0,0,0,0,0,0,0,0,0,0,0,0,0,0,0,0,0,0,0,0,0,2,0,0,0,0,0,1.1425,-0.0309,3.4691,0,0,0,0,0,0,0,-0,0,1.45347,0,0,0,0,0,0,0,0,0,0,0,0,0,0,0,0,0,0,0,0,0,0,0,0,0,0,0,0
8.6,0,0,0,0,0,0,2.95145,1.97424,-2.6349,-1.46521e-05,0.000578756,-0.000536574,-0.000406755,0.00314286,0.00127012,0,0,0,0,0,0,0,0,0,0,0,0,0,0,0,0,0,0,0,0,0,0,0,0,0,0,0,0,0,0,0,0,0,0,0,0,0,0,0,0,1.73213,1.18315,0.881872,-0.000102564,0.000661785,0.00110594,-0.00037202,0.00286263,0.00391533,0,0,0,0,0,0,0,0,0,0,0,0,0,0,0,0,0,0,0,0,0,0,0,0,0,0,0,0,0,0,0,0,0,0,0,0,0,0,0,0,0,0,0,0,0,0,0,0,0,0,0,0,2,0,0,0,0,0,1.1425,-0.0309,3.4691,0,0,0,0,0,0,0,-0,0,1.45347,0,0,0,0,0,0,0,0,0,0,0,0,0,0,0,0,0,0,0,0,0,0,0,0,0,0,0,0
8.65,0,0,0,0,0,0,2.95147,1.97414,-2.63504,0.00011717,-0.00102157,-0.001385,0.000211717,-0.00403035,-0.00274922,0,0,0,0,0,0,0,0,0,0,0,0,0,0,0,0,0,0,0,0,0,0,0,0,0,0,0,0,0,0,0,0,0,0,0,0,0,0,0,0,1.73213,1.18307,0.881788,-3.2954e-05,-0.000815306,-0.00083851,1.69403e-05,-0.00379417,-0.00489086,0,0,0,0,0,0,0,0,0,0,0,0,0,0,0,0,0,0,0,0,0,0,0,0,0,0,0,0,0,0,0,0,0,0,0,0,0,0,0,0,0,0,0,0,0,0,0,0,0,0,0,0,2,0,0,0,0,0,1.1425,-0.0309,3.4691,0,0,0,0,0,0,0,-0,0,1.45347,0,0,0,0,0,0,0,0,0,0,0,0,0,0,0,0,0,0,0,0,0,0,0,0,0,0,0,0
8.7,0,0,0,0,0,0,2.95147,1.97414,-2.63504,0.00011717,-0.00102157,-0.001385,0.000211717,-0.00403035,-0.00274922,0,0,0,0,0,0,0,0,0,0,0,0,0,0,0,0,0,0,0,0,0,0,0,0,0,0,0,0,0,0,0,0,0,0,0,0,0,0,0,0,1.73213,1.18307,0.881788,-3.2954e-05,-0.000815306,-0.00083851,1.69403e-05,-0.00379417,-0.00489086,0,0,0,0,0,0,0,0,0,0,0,0,0,0,0,0,0,0,0,0,0,0,0,0,0,0,0,0,0,0,0,0,0,0,0,0,0,0,0,0,0,0,0,0,0,0,0,0,0,0,0,0,2,0,0,0,0,0,1.1425,-0.0309,3.4691,0,0,0,0,0,0,0,-0,0,1.45347,0,0,0,0,0,0,0,0,0,0,0,0,0,0,0,0,0,0,0,0,0,0,0,0,0,0,0,0
8.75,0,0,0,0,0,0,2.95148,1.97419,-2.63508,0.000185619,0.000578838,-0.00041501,0.000484214,0.00300432,0.00168226,0,0,0,0,0,0,0,0,0,0,0,0,0,0,0,0,0,0,0,0,0,0,0,0,0,0,0,0,0,0,0,0,0,0,0,0,0,0,0,0,1.73214,1.18311,0.881786,0.000164859,0.00044451,-1.84847e-05,0.00085324,0.00185494,-0.000851789,0,0,0,0,0,0,0,0,0,0,0,0,0,0,0,0,0,0,0,0,0,0,0,0,0,0,0,0,0,0,0,0,0,0,0,0,0,0,0,0,0,0,0,0,0,0,0,0,0,0,0,0,2,0,0,0,0,0,1.2458,0.0727,3.5726,0,0,0,0,0,0,0,-0,0,1.45348,0,0,0,0,0,0,0,0,0,0,0,0,0,0,0,0,0,0,0,0,0,0,0,0,0,0,0,0
8.8,0,0,0,0,0,0,2.95148,1.97419,-2.63508,0.000185619,0.000578838,-0.00041501,0.000484214,0.00300432,0.00168226,0,0,0,0,0,0,0,0,0,0,0,0,0,0,0,0,0,0,0,0,0,0,0,0,0,0,0,0,0,0,0,0,0,0,0,0,0,0,0,0,1.73214,1.18311,0.881786,0.000164859,0.00044451,-1.84847e-05,0.00085324,0.00185494,-0.000851789,0,0,0,0,0,0,0,0,0,0,0,0,0,0,0,0,0,0,0,0,0,0,0,0,0,0,0,0,0,0,0,0,0,0,0,0,0,0,0,0,0,0,0,0,0,0,0,0,0,0,0,0,2,0,0,0,0,0,1.2458,0.0727,3.5726,0,0,0,0,0,0,0,-0,0,1.45348,0,0,0,0,0,0,0,0,0,0,0,0,0,0,0,0,0,0,0,0,0,0,0,0,0,0,0,0
8.85,0,0,0,0,0,0,2.95149,1.97418,-2.63515,2.44091e-05,-0.000184289,-0.000753249,-0.000316291,-0.000292739,0.000257506,0,0,0,0,0,0,0,0,0,0,0,0,0,0,0,0,0,0,0,0,0,0,0,0,0,0,0,0,0,0,0,0,0,0,0,0,0,0,0,0,1.73215,1.1831,0.881751,4.14954e-05,-9.27543e-05,-0.000348615,0.000132768,-0.000268012,-0.00128407,0,0,0,0,0,0,0,0,0,0,0,0,0,0,0,0,0,0,0,0,0,0,0,0,0,0,0,0,0,0,0,0,0,0,0,0,0,0,0,0,0,0,0,0,0,0,0,0,0,0,0,0,2,0,0,0,0,0,1.2458,0.0727,3.5726,0,0,0,0,0,0,0,-0,0,1.45347,0,0,0,0,0,0,0,0,0,0,0,0,0,0,0,0,0,0,0,0,0,0,0,0,0,0,0,0
8.9,0,0,0,0,0,0,2.95149,1.97418,-2.63515,2.44091e-05,-0.000184289,-0.000753249,-0.000316291,-0.000292739,0.000257506,0,0,0,0,0,0,0,0,0,0,0,0,0,0,0,0,0,0,0,0,0,0,0,0,0,0,0,0,0,0,0,0,0,0,0,0,0,0,0,0,1.73215,1.1831,0.881751,4.14954e-05,-9.27543e-05,-0.000348615,0.000132768,-0.000268012,-0.00128407,0,0,0,0,0,0,0,0,0,0,0,0,0,0,0,0,0,0,0,0,0,0,0,0,0,0,0,0,0,0,0,0,0,0,0,0,0,0,0,0,0,0,0,0,0,0,0,0,0,0,0,0,2,0,0,0,0,0,1.2458,0.0727,3.5726,0,0,0,0,0,0,0,-0,0,1.45347,0,0,0,0,0,0,0,0,0,0,0,0,0,0,0,0,0,0,0,0,0,0,0,0,0,0,0,0
8.95,0,0,0,0,0,0,2.95149,1.9742,-2.63518,1.46515e-05,0.000196574,-0.000267084,-0.000337347,0.000899792,0.00190526,0,0,0,0,0,0,0,0,0,0,0,0,0,0,0,0,0,0,0,0,0,0,0,0,0,0,0,0,0,0,0,0,0,0,0,0,0,0,0,0,1.73215,1.18311,0.881766,2.44191e-05,6.95946e-05,0.000143081,-8.61206e-05,0.000200404,0.00113551,0,0,0,0,0,0,0,0,0,0,0,0,0,0,0,0,0,0,0,0,0,0,0,0,0,0,0,0,0,0,0,0,0,0,0,0,0,0,0,0,0,0,0,0,0,0,0,0,0,0,0,0,2,0,0,0,0,0,1.2298,0.0569,3.5566,0,0,0,0,0,0,0,-0,0,1.45348,0,0,0,0,0,0,0,0,0,0,0,0,0,0,0,0,0,0,0,0,0,0,0,0,0,0,0,0
9,0,0,0,0,0,0,2.95149,1.9742,-2.63518,1.46515e-05,0.000196574,-0.000267084,-0.000337347,0.000899792,0.00190526,0,0,0,0,0,0,0,0,0,0,0,0,0,0,0,0,0,0,0,0,0,0,0,0,0,0,0,0,0,0,0,0,0,0,0,0,0,0,0,0,1.73215,1.18311,0.881766,2.44191e-05,6.95946e-05,0.000143081,-8.61206e-05,0.000200404,0.00113551,0,0,0,0,0,0,0,0,0,0,0,0,0,0,0,0,0,0,0,0,0,0,0,0,0,0,0,0,0,0,0,0,0,0,0,0,0,0,0,0,0,0,0,0,0,0,0,0,0,0,0,0,2,0,0,0,0,0,1.2298,0.0569,3.5566,0,0,0,0,0,0,0,-0,0,1.45348,0,0,0,0,0,0,0,0,0,0,0,0,0,0,0,0,0,0,0,0,0,0,0,0,0,0,0,0
9.05,0,0,0,0,0,0,2.9515,1.97417,-2.63527,8.79028e-05,-0.000261267,-0.000903731,8.72882e-05,-0.00112761,-0.00117704,0,0,0,0,0,0,0,0,0,0,0,0,0,0,0,0,0,0,0,0,0,0,0,0,0,0,0,0,0,0,0,0,0,0,0,0,0,0,0,0,1.73216,1.1831,0.881735,8.79027e-05,-7.93566e-05,-0.000307602,0.000172347,-0.000411403,-0.000791491,0,0,0,0,0,0,0,0,0,0,0,0,0,0,0,0,0,0,0,0,0,0,0,0,0,0,0,0,0,0,0,0,0,0,0,0,0,0,0,0,0,0,0,0,0,0,0,0,0,0,0,0,2,0,0,0,0,0,1.2298,0.0569,3.5566,0,0,0,0,0,0,0,-0,0,1.45347,0,0,0,0,0,0,0,0,0,0,0,0,0,0,0,0,0,0,0,0,0,0,0,0,0,0,0,0
9.1,0,0,0,0,0,0,2.9515,1.97417,-2.63527,8.79028e-05,-0.000261267,-0.000903731,8.72882e-05,-0.00112761,-0.00117704,0,0,0,0,0,0,0,0,0,0,0,0,0,0,0,0,0,0,0,0,0,0,0,0,0,0,0,0,0,0,0,0,0,0,0,0,0,0,0,0,1.73216,1.1831,0.881735,8.79027e-05,-7.93566e-05,-0.000307602,0.000172347,-0.000411403,-0.000791491,0,0,0,0,0,0,0,0,0,0,0,0,0,0,0,0,0,0,0,0,0,0,0,0,0,0,0,0,0,0,0,0,0,0,0,0,0,0,0,0,0,0,0,0,0,0,0,0,0,0,0,0,2,0,0,0,0,0,1.2298,0.0569,3.5566,0,0,0,0,0,0,0,-0,0,1.45347,0,0,0,0,0,0,0,0,0,0,0,0,0,0,0,0,0,0,0,0,0,0,0,0,0,0,0,0
9.15,0,0,0,0,0,0,2.9515,1.97421,-2.6353,2.93e-05,0.000405317,-0.000307593,-0.000124258,0.00171187,0.00125793,0,0,0,0,0,0,0,0,0,0,0,0,0,0,0,0,0,0,0,0,0,0,0,0,0,0,0,0,0,0,0,0,0,0,0,0,0,0,0,0,1.73215,1.18312,0.881711,-6.95877e-05,0.000198996,-0.00024381,-0.000490802,0.000782343,-0.000481259,0,0,0,0,0,0,0,0,0,0,0,0,0,0,0,0,0,0,0,0,0,0,0,0,0,0,0,0,0,0,0,0,0,0,0,0,0,0,0,0,0,0,0,0,0,0,0,0,0,0,0,0,2,0,0,0,0,0,1.271,0.0982,3.5979,0,0,0,0,0,0,0,-0,0,1.45349,0,0,0,0,0,0,0,0,0,0,0,0,0,0,0,0,0,0,0,0,0,0,0,0,0,0,0,0
9.2,0,0,0,0,0,0,2.9515,1.97421,-2.6353,2.93e-05,0.000405317,-0.000307593,-0.000124258,0.00171187,0.00125793,0,0,0,0,0,0,0,0,0,0,0,0,0,0,0,0,0,0,0,0,0,0,0,0,0,0,0,0,0,0,0,0,0,0,0,0,0,0,0,0,1.73215,1.18312,0.881711,-6.95877e-05,0.000198996,-0.00024381,-0.000490802,0.000782343,-0.000481259,0,0,0,0,0,0,0,0,0,0,0,0,0,0,0,0,0,0,0,0,0,0,0,0,0,0,0,0,0,0,0,0,0,0,0,0,0,0,0,0,0,0,0,0,0,0,0,0,0,0,0,0,2,0,0,0,0,0,1.271,0.0982,3.5979,0,0,0,0,0,0,0,-0,0,1.45349,0,0,0,0,0,0,0,0,0,0,0,0,0,0,0,0,0,0,0,0,0,0,0,0,0,0,0,0
9.25,0,0,0,0,0,0,2.9515,1.97407,-2.63537,-1.46522e-05,-0.00137731,-0.000651051,-0.000278877,-0.00571034,-0.000287207,0,0,0,0,0,0,0,0,0,0,0,0,0,0,0,0,0,0,0,0,0,0,0,0,0,0,0,0,0,0,0,0,0,0,0,0,0,0,0,0,1.73213,1.18306,0.88175,-0.00024176,-0.00066301,0.000395279,-0.00107242,-0.00281287,0.0023066,0,0,0,0,0,0,0,0,0,0,0,0,0,0,0,0,0,0,0,0,0,0,0,0,0,0,0,0,0,0,0,0,0,0,0,0,0,0,0,0,0,0,0,0,0,0,0,0,0,0,0,0,2,0,0,0,0,0,1.271,0.0982,3.5979,0,0,0,0,0,0,0,-0,0,1.45347,0,0,0,0,0,0,0,0,0,0,0,0,0,0,0,0,0,0,0,0,0,0,0,0,0,0,0,0
9.3,0,0,0,0,0,0,2.9515,1.97407,-2.63537,-1.46522e-05,-0.00137731,-0.000651051,-0.000278877,-0.00571034,-0.000287207,0,0,0,0,0,0,0,0,0,0,0,0,0,0,0,0,0,0,0,0,0,0,0,0,0,0,0,0,0,0,0,0,0,0,0,0,0,0,0,0,1.73213,1.18306,0.88175,-0.00024176,-0.00066301,0.000395279,-0.00107242,-0.00281287,0.0023066,0,0,0,0,0,0,0,0,0,0,0,0,0,0,0,0,0,0,0,0,0,0,0,0,0,0,0,0,0,0,0,0,0,0,0,0,0,0,0,0,0,0,0,0,0,0,0,0,0,0,0,0,2,0,0,0,0,0,1.271,0.0982,3.5979,0,0,0,0,0,0,0,-0,0,1.45347,0,0,0,0,0,0,0,0,0,0,0,0,0,0,0,0,0,0,0,0,0,0,0,0,0,0,0,0
9.35,0,0,0,0,0,0,2.95152,1.97415,-2.63534,0.000170847,0.000774911,0.000252647,0.000552863,0.00416562,0.00322892,0,0,0,0,0,0,0,0,0,0,0,0,0,0,0,0,0,0,0,0,0,0,0,0,0,0,0,0,0,0,0,0,0,0,0,0,0,0,0,0,1.73217,1.1831,0.881725,0.00047227,0.000413694,-0.000246093,0.00213039,0.0021263,-0.000800244,0,0,0,0,0,0,0,0,0,0,0,0,0,0,0,0,0,0,0,0,0,0,0,0,0,0,0,0,0,0,0,0,0,0,0,0,0,0,0,0,0,0,0,0,0,0,0,0,0,0,0,0,2,0,0,0,0,0,1.19,0.0173,3.5171,0,0,0,0,0,0,0,-0,0,1.45346,0,0,0,0,0,0,0,0,0,0,0,0,0,0,0,0,0,0,0,0,0,0,0,0,0,0,0,0
9.4,0,0,0,0,0,0,2.95152,1.97415,-2.63534,0.000170847,0.000774911,0.000252647,0.000552863,0.00416562,0.00322892,0,0,0,0,0,0,0,0,0,0,0,0,0,0,0,0,0,0,0,0,0,0,0,0,0,0,0,0,0,0,0,0,0,0,0,0,0,0,0,0,1.73217,1.1831,0.881725,0.00047227,0.000413694,-0.000246093,0.00213039,0.0021263,-0.000800244,0,0,0,0,0,0,0,0,0,0,0,0,0,0,0,0,0,0,0,0,0,0,0,0,0,0,0,0,0,0,0,0,0,0,0,0,0,0,0,0,0,0,0,0,0,0,0,0,0,0,0,0,2,0,0,0,0,0,1.19,0.0173,3.5171,0,0,0,0,0,0,0,-0,0,1.45346,0,0,0,0,0,0,0,0,0,0,0,0,0,0,0,0,0,0,0,0,0,0,0,0,0,0,0,0
9.45,0,0,0,0,0,0,2.95151,1.97414,-2.63538,-9.76819e-05,-5.61671e-05,-0.000355337,-0.000628614,0.000516497,-1.47638e-05,0,0,0,0,0,0,0,0,0,0,0,0,0,0,0,0,0,0,0,0,0,0,0,0,0,0,0,0,0,0,0,0,0,0,0,0,0,0,0,0,1.73215,1.18311,0.881736,-0.000278394,7.93667e-05,0.000110298,-0.00128724,0.000608978,0.00052324,0,0,0,0,0,0,0,0,0,0,0,0,0,0,0,0,0,0,0,0,0,0,0,0,0,0,0,0,0,0,0,0,0,0,0,0,0,0,0,0,0,0,0,0,0,0,0,0,0,0,0,0,2,0,0,0,0,0,1.19,0.0173,3.5171,0,0,0,0,0,0,0,-0,0,1.45347,0,0,0,0,0,0,0,0,0,0,0,0,0,0,0,0,0,0,0,0,0,0,0,0,0,0,0,0
9.5,0,0,0,0,0,0,2.95151,1.97414,-2.63538,-9.76819e-05,-5.61671e-05,-0.000355337,-0.000628614,0.000516497,-1.47638e-05,0,0,0,0,0,0,0,0,0,0,0,0,0,0,0,0,0,0,0,0,0,0,0,0,0,0,0,0,0,0,0,0,0,0,0,0,0,0,0,0,1.73215,1.18311,0.881736,-0.000278394,7.93667e-05,0.000110298,-0.00128724,0.000608978,0.00052324,0,0,0,0,0,0,0,0,0,0,0,0,0,0,0,0,0,0,0,0,0,0,0,0,0,0,0,0,0,0,0,0,0,0,0,0,0,0,0,0,0,0,0,0,0,0,0,0,0,0,0,0,2,0,0,0,0,0,1.19,0.0173,3.5171,0,0,0,0,0,0,0,-0,0,1.45347,0,0,0,0,0,0,0,0,0,0,0,0,0,0,0,0,0,0,0,0,0,0,0,0,0,0,0,0
9.55,0,0,0,0,0,0,2.95152,1.97412,-2.63539,9.27689e-05,-0.000216054,-0.000159733,0.000223626,-0.000822502,0.00033349,0,0,0,0,0,0,0,0,0,0,0,0,0,0,0,0,0,0,0,0,0,0,0,0,0,0,0,0,0,0,0,0,0,0,0,0,0,0,0,0,1.73214,1.1831,0.881768,-5.61496e-05,-4.02812e-05,0.000312313,-0.000347508,-0.000317628,0.00130055,0,0,0,0,0,0,0,0,0,0,0,0,0,0,0,0,0,0,0,0,0,0,0,0,0,0,0,0,0,0,0,0,0,0,0,0,0,0,0,0,0,0,0,0,0,0,0,0,0,0,0,0,2,0,0,0,0,0,1.188,0.0154,3.5151,0,0,0,0,0,0,0,-0,0,1.45348,0,0,0,0,0,0,0,0,0,0,0,0,0,0,0,0,0,0,0,0,0,0,0,0,0,0,0,0
9.6,0,0,0,0,0,0,2.95152,1.97412,-2.63539,9.27689e-05,-0.000216054,-0.000159733,0.000223626,-0.000822502,0.00033349,0,0,0,0,0,0,0,0,0,0,0,0,0,0,0,0,0,0,0,0,0,0,0,0,0,0,0,0,0,0,0,0,0,0,0,0,0,0,0,0,1.73214,1.1831,0.881768,-5.61496e-05,-4.02812e-05,0.000312313,-0.000347508,-0.000317628,0.00130055,0,0,0,0,0,0,0,0,0,0,0,0,0,0,0,0,0,0,0,0,0,0,0,0,0,0,0,0,0,0,0,0,0,0,0,0,0,0,0,0,0,0,0,0,0,0,0,0,0,0,0,0,2,0,0,0,0,0,1.188,0.0154,3.5151,0,0,0,0,0,0,0,-0,0,1.45348,0,0,0,0,0,0,0,0,0,0,0,0,0,0,0,0,0,0,0,0,0,0,0,0,0,0,0,0
9.65,0,0,0,0,0,0,2.95152,1.97414,-2.6354,2.44104e-05,0.000158668,-2.14545e-05,-2.35283e-05,0.00082227,0.00079997,0,0,0,0,0,0,0,0,0,0,0,0,0,0,0,0,0,0,0,0,0,0,0,0,0,0,0,0,0,0,0,0,0,0,0,0,0,0,0,0,1.73215,1.18311,0.88177,0.000125714,0.000124493,2.20504e-05,0.000645288,0.000342269,-0.000273825,0,0,0,0,0,0,0,0,0,0,0,0,0,0,0,0,0,0,0,0,0,0,0,0,0,0,0,0,0,0,0,0,0,0,0,0,0,0,0,0,0,0,0,0,0,0,0,0,0,0,0,0,2,0,0,0,0,0,1.188,0.0154,3.5151,0,0,0,0,0,0,0,-0,0,1.45347,0,0,0,0,0,0,0,0,0,0,0,0,0,0,0,0,0,0,0,0,0,0,0,0,0,0,0,0
9.7,0,0,0,0,0,0,2.95152,1.97414,-2.6354,2.44104e-05,0.000158668,-2.14545e-05,-2.35283e-05,0.00082227,0.00079997,0,0,0,0,0,0,0,0,0,0,0,0,0,0,0,0,0,0,0,0,0,0,0,0,0,0,0,0,0,0,0,0,0,0,0,0,0,0,0,0,1.73215,1.18311,0.88177,0.000125714,0.000124493,2.20504e-05,0.000645288,0.000342269,-0.000273825,0,0,0,0,0,0,0,0,0,0,0,0,0,0,0,0,0,0,0,0,0,0,0,0,0,0,0,0,0,0,0,0,0,0,0,0,0,0,0,0,0,0,0,0,0,0,0,0,0,0,0,0,2,0,0,0,0,0,1.188,0.0154,3.5151,0,0,0,0,0,0,0,-0,0,1.45347,0,0,0,0,0,0,0,0,0,0,0,0,0,0,0,0,0,0,0,0,0,0,0,0,0,0,0,0
9.75,0,0,0,0,0,0,2.95151,1.9741,-2.63544,-6.595e-05,-0.000365167,-0.000434132,-0.000408631,-0.00137676,-0.00110531,0,0,0,0,0,0,0,0,0,0,0,0,0,0,0,0,0,0,0,0,0,0,0,0,0,0,0,0,0,0,0,0,0,0,0,0,0,0,0,0,1.73215,1.1831,0.881752,-7.69418e-05,-0.000158769,-0.000182479,-0.000287978,-0.000837048,-0.0011947,0,0,0,0,0,0,0,0,0,0,0,0,0,0,0,0,0,0,0,0,0,0,0,0,0,0,0,0,0,0,0,0,0,0,0,0,0,0,0,0,0,0,0,0,0,0,0,0,0,0,0,0,2,0,0,0,0,0,1.102,-0.0707,3.429,0,0,0,0,0,0,0,-0,0,1.45346,0,0,0,0,0,0,0,0,0,0,0,0,0,0,0,0,0,0,0,0,0,0,0,0,0,0,0,0
9.8,0,0,0,0,0,0,2.95151,1.9741,-2.63544,-6.595e-05,-0.000365167,-0.000434132,-0.000408631,-0.00137676,-0.00110531,0,0,0,0,0,0,0,0,0,0,0,0,0,0,0,0,0,0,0,0,0,0,0,0,0,0,0,0,0,0,0,0,0,0,0,0,0,0,0,0,1.73215,1.1831,0.881752,-7.69418e-05,-0.000158769,-0.000182479,-0.000287978,-0.000837048,-0.0011947,0,0,0,0,0,0,0,0,0,0,0,0,0,0,0,0,0,0,0,0,0,0,0,0,0,0,0,0,0,0,0,0,0,0,0,0,0,0,0,0,0,0,0,0,0,0,0,0,0,0,0,0,2,0,0,0,0,0,1.102,-0.0707,3.429,0,0,0,0,0,0,0,-0,0,1.45346,0,0,0,0,0,0,0,0,0,0,0,0,0,0,0,0,0,0,0,0,0,0,0,0,0,0,0,0
9.85,0,0,0,0,0,0,2.95151,1.97414,-2.63544,2.68541e-05,0.000339339,-2.62247e-05,7.32417e-05,0.00169021,0.000707704,0,0,0,0,0,0,0,0,0,0,0,0,0,0,0,0,0,0,0,0,0,0,0,0,0,0,0,0,0,0,0,0,0,0,0,0,0,0,0,0,1.73216,1.18312,0.881702,0.000187979,0.000246569,-0.000492905,0.000759232,0.000957192,-0.00208267,0,0,0,0,0,0,0,0,0,0,0,0,0,0,0,0,0,0,0,0,0,0,0,0,0,0,0,0,0,0,0,0,0,0,0,0,0,0,0,0,0,0,0,0,0,0,0,0,0,0,0,0,2,0,0,0,0,0,1.102,-0.0707,3.429,0,0,0,0,0,0,0,-0,0,1.45345,0,0,0,0,0,0,0,0,0,0,0,0,0,0,0,0,0,0,0,0,0,0,0,0,0,0,0,0
9.9,0,0,0,0,0,0,2.95151,1.97414,-2.63544,2.68541e-05,0.000339339,-2.62247e-05,7.32417e-05,0.00169021,0.000707704,0,0,0,0,0,0,0,0,0,0,0,0,0,0,0,0,0,0,0,0,0,0,0,0,0,0,0,0,0,0,0,0,0,0,0,0,0,0,0,0,1.73216,1.18312,0.881702,0.000187979,0.000246569,-0.000492905,0.000759232,0.000957192,-0.00208267,0,0,0,0,0,0,0,0,0,0,0,0,0,0,0,0,0,0,0,0,0,0,0,0,0,0,0,0,0,0,0,0,0,0,0,0,0,0,0,0,0,0,0,0,0,0,0,0,0,0,0,0,2,0,0,0,0,0,1.102,-0.0707,3.429,0,0,0,0,0,0,0,-0,0,1.45345,0,0,0,0,0,0,0,0,0,0,0,0,0,0,0,0,0,0,0,0,0,0,0,0,0,0,0,0
9.95,0,0,0,0,0,0,2.95152,1.97415,-2.63546,9.27904e-05,0.00018436,-0.000209847,0.000372676,0.00081079,-6.31242e-05,0,0,0,0,0,0,0,0,0,0,0,0,0,0,0,0,0,0,0,0,0,0,0,0,0,0,0,0,0,0,0,0,0,0,0,0,0,0,0,0,1.73215,1.18312,0.881765,-9.40114e-05,-3.17441e-05,0.000624175,-0.000529165,-0.000294483,0.00309302,0,0,0,0,0,0,0,0,0,0,0,0,0,0,0,0,0,0,0,0,0,0,0,0,0,0,0,0,0,0,0,0,0,0,0,0,0,0,0,0,0,0,0,0,0,0,0,0,0,0,0,0,2,0,0,0,0,0,1.2537,0.0811,3.5808,0,0,0,0,0,0,0,-0,0,1.45348,0,0,0,0,0,0,0,0,0,0,0,0,0,0,0,0,0,0,0,0,0,0,0,0,0,0,0,0
10,0,0,0,0,0,0,2.95152,1.97415,-2.63546,9.27904e-05,0.00018436,-0.000209847,0.000372676,0.00081079,-6.31242e-05,0,0,0,0,0,0,0,0,0,0,0,0,0,0,0,0,0,0,0,0,0,0,0,0,0,0,0,0,0,0,0,0,0,0,0,0,0,0,0,0,1.73215,1.18312,0.881765,-9.40114e-05,-3.17441e-05,0.000624175,-0.000529165,-0.000294483,0.00309302,0,0,0,0,0,0,0,0,0,0,0,0,0,0,0,0,0,0,0,0,0,0,0,0,0,0,0,0,0,0,0,0,0,0,0,0,0,0,0,0,0,0,0,0,0,0,0,0,0,0,0,0,2,0,0,0,0,0,1.2537,0.0811,3.5808,0,0,0,0,0,0,0,-0,0,1.45348,0,0,0,0,0,0,0,0,0,0,0,0,0,0,0,0,0,0,0,0,0,0,0,0,0,0,0,0
10.05,0,0,0,0,0,0,2.95153,1.97416,-2.63546,8.29852e-05,9.76297e-06,4.76707e-06,0.000225177,-0.000329727,0.000715176,0,0,0,0,0,0,0,0,0,0,0,0,0,0,0,0,0,0,0,0,0,0,0,0,0,0,0,0,0,0,0,0,0,0,0,0,0,0,0,0,1.73216,1.18312,0.88175,4.14926e-05,-1.09833e-05,-0.000150163,4.93193e-05,-0.000263259,-0.000536202,0,0,0,0,0,0,0,0,0,0,0,0,0,0,0,0,0,0,0,0,0,0,0,0,0,0,0,0,0,0,0,0,0,0,0,0,0,0,0,0,0,0,0,0,0,0,0,0,0,0,0,1,2,0,0,0,0,0,1.2537,0.0811,3.5808,0,0,0,0,0,0,0,-0,0,1.45348,0,0,0,0,0,0,0,0,0,0,0,0,0,0,0,0,0,0,0,0,0,0,0,0,0,0,0,0
10.1,0,0,0,0,0,0,2.95153,1.97416,-2.63546,8.29852e-05,9.76297e-06,4.76707e-06,0.000225177,-0.000329727,0.000715176,0,0,0,0,0,0,0,0,0,0,0,0,0,0,0,0,0,0,0,0,0,0,0,0,0,0,0,0,0,0,0,0,0,0,0,0,0,0,0,0,1.73216,1.18312,0.88175,4.14926e-05,-1.09833e-05,-0.000150163,4.93193e-05,-0.000263259,-0.000536202,0,0,0,0,0,0,0,0,0,0,0,0,0,0,0,0,0,0,0,0,0,0,0,0,0,0,0,0,0,0,0,0,0,0,0,0,0,0,0,0,0,0,0,0,0,0,0,0,0,0,0,1,2,0,0,0,0,0,1.2537,0.0811,3.5808,0,0,0,0,0,0,0,-0,0,1.45348,0,0,0,0,0,0,0,0,0,0,0,0,0,0,0,0,0,0,0,0,0,0,0,0,0,0,0,0
10.15,0,0,0,0,0,0,2.95154,1.97418,-2.6355,3.6636e-05,0.000275992,-0.000345848,-7.00652e-05,0.000711313,-0.000866077,0,0,0,0,0,0,0,0,0,0,0,0,0,0,0,0,0,0,0,0,0,0,0,0,0,0,0,0,0,0,0,0,0,0,0,0,0,0,0,0,1.73217,1.18315,0.881789,0.000134333,0.000294311,0.000393553,0.000478804,0.00106596,0.00135937,0,0,0,0,0,0,0,0,0,0,0,0,0,0,0,0,0,0,0,0,0,0,0,0,0,0,0,0,0,0,0,0,0,0,0,0,0,0,0,0,0,0,0,0,0,0,0,0,0,0,0,1,2,0,0,0,0,0,1.1901,0.0175,3.5172,0,0,0,0,0,0,0,-0,0,1.45347,0,0,0,0,0,0,0,0,0,0,0,0,0,0,0,0,0,0,0,0,0,0,0,0,0,0,0,0
10.2,0,0,0,0,0,0,2.95154,1.97418,-2.6355,3.6636e-05,0.000275992,-0.000345848,-7.00652e-05,0.000711313,-0.000866077,0,0,0,0,0,0,0,0,0,0,0,0,0,0,0,0,0,0,0,0,0,0,0,0,0,0,0,0,0,0,0,0,0,0,0,0,0,0,0,0,1.73217,1.18315,0.881789,0.000134333,0.000294311,0.000393553,0.000478804,0.00106596,0.00135937,0,0,0,0,0,0,0,0,0,0,0,0,0,0,0,0,0,0,0,0,0,0,0,0,0,0,0,0,0,0,0,0,0,0,0,0,0,0,0,0,0,0,0,0,0,0,0,0,0,0,0,1,2,0,0,0,0,0,1.1901,0.0175,3.5172,0,0,0,0,0,0,0,-0,0,1.45347,0,0,0,0,0,0,0,0,0,0,0,0,0,0,0,0,0,0,0,0,0,0,0,0,0,0,0,0
10.25,0,0,0,0,0,0,2.95154,1.97418,-2.63548,-2.44171e-06,-7.81346e-05,0.000147838,-0.000238113,-0.000846643,0.00123817,0,0,0,0,0,0,0,0,0,0,0,0,0,0,0,0,0,0,0,0,0,0,0,0,0,0,0,0,0,0,0,0,0,0,0,0,0,0,0,0,1.73218,1.18312,0.881777,7.08093e-05,-0.000260041,-0.0001228,9.19727e-05,-0.00139471,-0.000989938,0,0,0,0,0,0,0,0,0,0,0,0,0,0,0,0,0,0,0,0,0,0,0,0,0,0,0,0,0,0,0,0,0,0,0,0,0,0,0,0,0,0,0,0,0,0,0,0,0,0,0,1,2,0,0,0,0,0,1.1901,0.0175,3.5172,0,0,0,0,0,0,0,-0,0,1.45348,0,0,0,0,0,0,0,0,0,0,0,0,0,0,0,0,0,0,0,0,0,0,0,0,0,0,0,0
10.3,0,0,0,0,0,0,2.95154,1.97418,-2.63548,-2.44171e-06,-7.81346e-05,0.000147838,-0.000238113,-0.000846643,0.00123817,0,0,0,0,0,0,0,0,0,0,0,0,0,0,0,0,0,0,0,0,0,0,0,0,0,0,0,0,0,0,0,0,0,0,0,0,0,0,0,0,1.73218,1.18312,0.881777,7.08093e-05,-0.000260041,-0.0001228,9.19727e-05,-0.00139471,-0.000989938,0,0,0,0,0,0,0,0,0,0,0,0,0,0,0,0,0,0,0,0,0,0,0,0,0,0,0,0,0,0,0,0,0,0,0,0,0,0,0,0,0,0,0,0,0,0,0,0,0,0,0,1,2,0,0,0,0,0,1.1901,0.0175,3.5172,0,0,0,0,0,0,0,-0,0,1.45348,0,0,0,0,0,0,0,0,0,0,0,0,0,0,0,0,0,0,0,0,0,0,0,0,0,0,0,0
10.35,0,0,0,0,0,0,2.95152,1.97419,-2.63546,-0.000168434,0.000114731,0.00020978,-0.000829018,5.13009e-05,0.00127595,0,0,0,0,0,0,0,0,0,0,0,0,0,0,0,0,0,0,0,0,0,0,0,0,0,0,0,0,0,0,0,0,0,0,0,0,0,0,0,0,1.7322,1.18313,0.881797,0.000220917,7.07912e-05,0.000205012,0.000602648,0.000151263,0.000397324,0,0,0,0,0,0,0,0,0,0,0,0,0,0,0,0,0,0,0,0,0,0,0,0,0,0,0,0,0,0,0,0,0,0,0,0,0,0,0,0,0,0,0,0,0,0,0,0,0,0,0,1,2,0,0,0,0,0,1.1765,0.004,3.5037,0,0,0,0,0,0,0,-0,0,1.45345,0,0,0,0,0,0,0,0,0,0,0,0,0,0,0,0,0,0,0,0,0,0,0,0,0,0,0,0
10.4,0,0,0,0,0,0,2.95152,1.97419,-2.63546,-0.000168434,0.000114731,0.00020978,-0.000829018,5.13009e-05,0.00127595,0,0,0,0,0,0,0,0,0,0,0,0,0,0,0,0,0,0,0,0,0,0,0,0,0,0,0,0,0,0,0,0,0,0,0,0,0,0,0,0,1.7322,1.18313,0.881797,0.000220917,7.07912e-05,0.000205012,0.000602648,0.000151263,0.000397324,0,0,0,0,0,0,0,0,0,0,0,0,0,0,0,0,0,0,0,0,0,0,0,0,0,0,0,0,0,0,0,0,0,0,0,0,0,0,0,0,0,0,0,0,0,0,0,0,0,0,0,1,2,0,0,0,0,0,1.1765,0.004,3.5037,0,0,0,0,0,0,0,-0,0,1.45345,0,0,0,0,0,0,0,0,0,0,0,0,0,0,0,0,0,0,0,0,0,0,0,0,0,0,0,0
10.45,0,0,0,0,0,0,2.9515,1.97419,-2.63541,-0.000153811,5.12702e-05,0.000498302,-0.000519218,-0.000101293,0.00192396,0,0,0,0,0,0,0,0,0,0,0,0,0,0,0,0,0,0,0,0,0,0,0,0,0,0,0,0,0,0,0,0,0,0,0,0,0,0,0,0,1.73222,1.18312,0.88177,0.000144044,-7.44636e-05,-0.000272396,0.000123681,-0.000280366,-0.00148138,0,0,0,0,0,0,0,0,0,0,0,0,0,0,0,0,0,0,0,0,0,0,0,0,0,0,0,0,0,0,0,0,0,0,0,0,0,0,0,0,0,0,0,0,0,0,0,0,0,0,0,1,2,0,0,0,0,0,1.1765,0.004,3.5037,0,0,0,0,0,0,0,-0,0,1.45343,0,0,0,0,0,0,0,0,0,0,0,0,0,0,0,0,0,0,0,0,0,0,0,0,0,0,0,0
10.5,0,0,0,0,0,0,2.9515,1.97419,-2.63541,-0.000153811,5.12702e-05,0.000498302,-0.000519218,-0.000101293,0.00192396,0,0,0,0,0,0,0,0,0,0,0,0,0,0,0,0,0,0,0,0,0,0,0,0,0,0,0,0,0,0,0,0,0,0,0,0,0,0,0,0,1.73222,1.18312,0.88177,0.000144044,-7.44636e-05,-0.000272396,0.000123681,-0.000280366,-0.00148138,0,0,0,0,0,0,0,0,0,0,0,0,0,0,0,0,0,0,0,0,0,0,0,0,0,0,0,0,0,0,0,0,0,0,0,0,0,0,0,0,0,0,0,0,0,0,0,0,0,0,0,1,2,0,0,0,0,0,1.1765,0.004,3.5037,0,0,0,0,0,0,0,-0,0,1.45343,0,0,0,0,0,0,0,0,0,0,0,0,0,0,0,0,0,0,0,0,0,0,0,0,0,0,0,0
10.55,0,0,0,0,0,0,2.9515,1.97422,-2.63539,-6.34785e-05,0.000262459,0.000221736,9.10894e-05,0.000762405,0.000137863,0,0,0,0,0,0,0,0,0,0,0,0,0,0,0,0,0,0,0,0,0,0,0,0,0,0,0,0,0,0,0,0,0,0,0,0,0,0,0,0,1.73225,1.18312,0.881753,0.000313731,-2.19734e-05,-0.000174051,0.0006875,-1.70137e-05,-0.000750735,0,0,0,0,0,0,0,0,0,0,0,0,0,0,0,0,0,0,0,0,0,0,0,0,0,0,0,0,0,0,0,0,0,0,0,0,0,0,0,0,0,0,0,0,0,0,0,0,0,0,0,1,2,0,0,0,0,0,1.19,0.0175,3.5171,0,0,0,0,0,0,0,-0,0,1.45341,0,0,0,0,0,0,0,0,0,0,0,0,0,0,0,0,0,0,0,0,0,0,0,0,0,0,0,0
10.6,0,0,0,0,0,0,2.9515,1.97422,-2.63539,-6.34785e-05,0.000262459,0.000221736,9.10894e-05,0.000762405,0.000137863,0,0,0,0,0,0,0,0,0,0,0,0,0,0,0,0,0,0,0,0,0,0,0,0,0,0,0,0,0,0,0,0,0,0,0,0,0,0,0,0,1.73225,1.18312,0.881753,0.000313731,-2.19734e-05,-0.000174051,0.0006875,-1.70137e-05,-0.000750735,0,0,0,0,0,0,0,0,0,0,0,0,0,0,0,0,0,0,0,0,0,0,0,0,0,0,0,0,0,0,0,0,0,0,0,0,0,0,0,0,0,0,0,0,0,0,0,0,0,0,0,1,2,0,0,0,0,0,1.19,0.0175,3.5171,0,0,0,0,0,0,0,-0,0,1.45341,0,0,0,0,0,0,0,0,0,0,0,0,0,0,0,0,0,0,0,0,0,0,0,0,0,0,0,0
10.65,0,0,0,0,0,0,2.95152,1.97423,-2.63546,0.000224616,8.17896e-05,-0.000686667,0.00128844,-0.000147236,-0.00378869,0,0,0,0,0,0,0,0,0,0,0,0,0,0,0,0,0,0,0,0,0,0,0,0,0,0,0,0,0,0,0,0,0,0,0,0,0,0,0,0,1.73228,1.18312,0.881779,0.000339366,-1.22074e-06,0.000266441,0.000591547,0.000108348,0.00140821,0,0,0,0,0,0,0,0,0,0,0,0,0,0,0,0,0,0,0,0,0,0,0,0,0,0,0,0,0,0,0,0,0,0,0,0,0,0,0,0,0,0,0,0,0,0,0,0,0,0,0,1,2,0,0,0,0,0,1.19,0.0175,3.5171,0,0,0,0,0,0,0,-0,0,1.45341,0,0,0,0,0,0,0,0,0,0,0,0,0,0,0,0,0,0,0,0,0,0,0,0,0,0,0,0
10.7,0,0,0,0,0,0,2.95152,1.97423,-2.63546,0.000224616,8.17896e-05,-0.000686667,0.00128844,-0.000147236,-0.00378869,0,0,0,0,0,0,0,0,0,0,0,0,0,0,0,0,0,0,0,0,0,0,0,0,0,0,0,0,0,0,0,0,0,0,0,0,0,0,0,0,1.73228,1.18312,0.881779,0.000339366,-1.22074e-06,0.000266441,0.000591547,0.000108348,0.00140821,0,0,0,0,0,0,0,0,0,0,0,0,0,0,0,0,0,0,0,0,0,0,0,0,0,0,0,0,0,0,0,0,0,0,0,0,0,0,0,0,0,0,0,0,0,0,0,0,0,0,0,1,2,0,0,0,0,0,1.19,0.0175,3.5171,0,0,0,0,0,0,0,-0,0,1.45341,0,0,0,0,0,0,0,0,0,0,0,0,0,0,0,0,0,0,0,0,0,0,0,0,0,0,0,0
10.75,0,0,0,0,0,0,2.95155,1.97423,-2.63538,0.000263656,6.34727e-05,0.0007319,0.00109168,-0.000284697,0.002862,0,0,0,0,0,0,0,0,0,0,0,0,0,0,0,0,0,0,0,0,0,0,0,0,0,0,0,0,0,0,0,0,0,0,0,0,0,0,0,0,1.73232,1.18316,0.881799,0.000416234,0.0003491,0.000196087,0.000649382,0.00148183,0.000856624,0,0,0,0,0,0,0,0,0,0,0,0,0,0,0,0,0,0,0,0,0,0,0,0,0,0,0,0,0,0,0,0,0,0,0,0,0,0,0,0,0,0,0,0,0,0,0,0,0,0,0,1,2,0,0,0,0,0,1.2213,0.0489,3.5486,0,0,0,0,0,0,0,-0,0,1.45338,0,0,0,0,0,0,0,0,0,0,0,0,0,0,0,0,0,0,0,0,0,0,0,0,0,0,0,0
10.8,0,0,0,0,0,0,2.95155,1.97423,-2.63538,0.000263656,6.34727e-05,0.0007319,0.00109168,-0.000284697,0.002862,0,0,0,0,0,0,0,0,0,0,0,0,0,0,0,0,0,0,0,0,0,0,0,0,0,0,0,0,0,0,0,0,0,0,0,0,0,0,0,0,1.73232,1.18316,0.881799,0.000416234,0.0003491,0.000196087,0.000649382,0.00148183,0.000856624,0,0,0,0,0,0,0,0,0,0,0,0,0,0,0,0,0,0,0,0,0,0,0,0,0,0,0,0,0,0,0,0,0,0,0,0,0,0,0,0,0,0,0,0,0,0,0,0,0,0,0,1,2,0,0,0,0,0,1.2213,0.0489,3.5486,0,0,0,0,0,0,0,-0,0,1.45338,0,0,0,0,0,0,0,0,0,0,0,0,0,0,0,0,0,0,0,0,0,0,0,0,0,0,0,0
10.85,0,0,0,0,0,0,2.95156,1.9742,-2.6352,0.000195373,-0.000349229,0.00186024,0.000355909,-0.00183858,0.00712662,0,0,0,0,0,0,0,0,0,0,0,0,0,0,0,0,0,0,0,0,0,0,0,0,0,0,0,0,0,0,0,0,0,0,0,0,0,0,0,0,1.73236,1.18317,0.881781,0.00039441,0.000170952,-0.000178273,0.000310306,0.000363686,-0.00105617,0,0,0,0,0,0,0,0,0,0,0,0,0,0,0,0,0,0,0,0,0,0,0,0,0,0,0,0,0,0,0,0,0,0,0,0,0,0,0,0,0,0,0,0,0,0,0,0,0,0,0,1,2,0,0,0,0,0,1.2213,0.0489,3.5486,0,0,0,0,0,0,0,-0,0,1.45333,0,0,0,0,0,0,0,0,0,0,0,0,0,0,0,0,0,0,0,0,0,0,0,0,0,0,0,0
10.9,0,0,0,0,0,0,2.95156,1.9742,-2.6352,0.000195373,-0.000349229,0.00186024,0.000355909,-0.00183858,0.00712662,0,0,0,0,0,0,0,0,0,0,0,0,0,0,0,0,0,0,0,0,0,0,0,0,0,0,0,0,0,0,0,0,0,0,0,0,0,0,0,0,1.73236,1.18317,0.881781,0.00039441,0.000170952,-0.000178273,0.000310306,0.000363686,-0.00105617,0,0,0,0,0,0,0,0,0,0,0,0,0,0,0,0,0,0,0,0,0,0,0,0,0,0,0,0,0,0,0,0,0,0,0,0,0,0,0,0,0,0,0,0,0,0,0,0,0,0,0,1,2,0,0,0,0,0,1.2213,0.0489,3.5486,0,0,0,0,0,0,0,-0,0,1.45333,0,0,0,0,0,0,0,0,0,0,0,0,0,0,0,0,0,0,0,0,0,0,0,0,0,0,0,0
10.95,0,0,0,0,0,0,2.95158,1.9742,-2.63509,0.000190369,4.14906e-05,0.00108684,9.43807e-05,0.000246676,0.00176793,0,0,0,0,0,0,0,0,0,0,0,0,0,0,0,0,0,0,0,0,0,0,0,0,0,0,0,0,0,0,0,0,0,0,0,0,0,0,0,0,1.73241,1.18318,0.881784,0.000499106,0.000126912,2.91968e-05,0.000559321,-0.00010871,-6.41738e-05,0,0,0,0,0,0,0,0,0,0,0,0,0,0,0,0,0,0,0,0,0,0,0,0,0,0,0,0,0,0,0,0,0,0,0,0,0,0,0,0,0,0,0,0,0,0,0,0,0,0,0,1,2,0,0,0,0,0,1.1112,-0.0615,3.4383,0,0,0,0,0,0,0,-0,0,1.4533,0,0,0,0,0,0,0,0,0,0,0,0,0,0,0,0,0,0,0,0,0,0,0,0,0,0,0,0
11,0,0,0,0,0,0,2.95158,1.9742,-2.63509,0.000190369,4.14906e-05,0.00108684,9.43807e-05,0.000246676,0.00176793,0,0,0,0,0,0,0,0,0,0,0,0,0,0,0,0,0,0,0,0,0,0,0,0,0,0,0,0,0,0,0,0,0,0,0,0,0,0,0,0,1.73241,1.18318,0.881784,0.000499106,0.000126912,2.91968e-05,0.000559321,-0.00010871,-6.41738e-05,0,0,0,0,0,0,0,0,0,0,0,0,0,0,0,0,0,0,0,0,0,0,0,0,0,0,0,0,0,0,0,0,0,0,0,0,0,0,0,0,0,0,0,0,0,0,0,0,0,0,0,1,2,0,0,0,0,0,1.1112,-0.0615,3.4383,0,0,0,0,0,0,0,-0,0,1.4533,0,0,0,0,0,0,0,0,0,0,0,0,0,0,0,0,0,0,0,0,0,0,0,0,0,0,0,0
11.05,0,0,0,0,0,0,2.95162,1.97419,-2.63494,0.000410463,-7.3297e-05,0.00155088,0.000900165,-2.82088e-05,0.00218763,0,0,0,0,0,0,0,0,0,0,0,0,0,0,0,0,0,0,0,0,0,0,0,0,0,0,0,0,0,0,0,0,0,0,0,0,0,0,0,0,1.73246,1.18323,0.881842,0.000465434,0.000484979,0.000581577,0.000233946,0.00130103,0.00230262,0,0,0,0,0,0,0,0,0,0,0,0,0,0,0,0,0,0,0,0,0,0,0,0,0,0,0,0,0,0,0,0,0,0,0,0,0,0,0,0,0,0,0,0,0,0,0,0,0,0,0,1,2,0,0,0,0,0,1.1112,-0.0615,3.4383,0,0,0,0,0,0,0,-0,0,1.45327,0,0,0,0,0,0,0,0,0,0,0,0,0,0,0,0,0,0,0,0,0,0,0,0,0,0,0,0
11.1,0,0,0,0,0,0,2.95162,1.97419,-2.63494,0.000410463,-7.3297e-05,0.00155088,0.000900165,-2.82088e-05,0.00218763,0,0,0,0,0,0,0,0,0,0,0,0,0,0,0,0,0,0,0,0,0,0,0,0,0,0,0,0,0,0,0,0,0,0,0,0,0,0,0,0,1.73246,1.18323,0.881842,0.000465434,0.000484979,0.000581577,0.000233946,0.00130103,0.00230262,0,0,0,0,0,0,0,0,0,0,0,0,0,0,0,0,0,0,0,0,0,0,0,0,0,0,0,0,0,0,0,0,0,0,0,0,0,0,0,0,0,0,0,0,0,0,0,0,0,0,0,1,2,0,0,0,0,0,1.1112,-0.0615,3.4383,0,0,0,0,0,0,0,-0,0,1.45327,0,0,0,0,0,0,0,0,0,0,0,0,0,0,0,0,0,0,0,0,0,0,0,0,0,0,0,0
11.15,0,0,0,0,0,0,2.95167,1.97421,-2.63479,0.000424695,0.000140345,0.00144683,0.000707537,0.000799365,0.0009589,0,0,0,0,0,0,0,0,0,0,0,0,0,0,0,0,0,0,0,0,0,0,0,0,0,0,0,0,0,0,0,0,0,0,0,0,0,0,0,0,1.73252,1.18328,0.881863,0.000574805,0.000485716,0.000204392,0.000534787,0.000976214,0.000197203,0,0,0,0,0,0,0,0,0,0,0,0,0,0,0,0,0,0,0,0,0,0,0,0,0,0,0,0,0,0,0,0,0,0,0,0,0,0,0,0,0,0,0,0,0,0,0,0,0,0,0,1,2,0,0,0,0,0,1.1898,0.0168,3.5168,0,0,0,0,0,0,0,-0,0,1.45324,0,0,0,0,0,0,0,0,0,0,0,0,0,0,0,0,0,0,0,0,0,0,0,0,0,0,0,0
11.2,0,0,0,0,0,0,2.95167,1.97421,-2.63479,0.000424695,0.000140345,0.00144683,0.000707537,0.000799365,0.0009589,0,0,0,0,0,0,0,0,0,0,0,0,0,0,0,0,0,0,0,0,0,0,0,0,0,0,0,0,0,0,0,0,0,0,0,0,0,0,0,0,1.73252,1.18328,0.881863,0.000574805,0.000485716,0.000204392,0.000534787,0.000976214,0.000197203,0,0,0,0,0,0,0,0,0,0,0,0,0,0,0,0,0,0,0,0,0,0,0,0,0,0,0,0,0,0,0,0,0,0,0,0,0,0,0,0,0,0,0,0,0,0,0,0,0,0,0,1,2,0,0,0,0,0,1.1898,0.0168,3.5168,0,0,0,0,0,0,0,-0,0,1.45324,0,0,0,0,0,0,0,0,0,0,0,0,0,0,0,0,0,0,0,0,0,0,0,0,0,0,0,0
11.25,0,0,0,0,0,0,2.95173,1.97422,-2.63475,0.000576229,0.000109874,0.000367201,0.00100349,0.000470135,-0.00390717,0,0,0,0,0,0,0,0,0,0,0,0,0,0,0,0,0,0,0,0,0,0,0,0,0,0,0,0,0,0,0,0,0,0,0,0,0,0,0,0,1.73259,1.18329,0.881834,0.000693429,7.81328e-05,-0.000289111,0.000834834,-0.00108725,-0.00213908,0,0,0,0,0,0,0,0,0,0,0,0,0,0,0,0,0,0,0,0,0,0,0,0,0,0,0,0,0,0,0,0,0,0,0,0,0,0,0,0,0,0,0,0,0,0,0,0,0,0,0,1,2,0,0,0,0,0,1.1898,0.0168,3.5168,0,0,0,0,0,0,0,-0,0,1.45323,0,0,0,0,0,0,0,0,0,0,0,0,0,0,0,0,0,0,0,0,0,0,0,0,0,0,0,0
11.3,0,0,0,0,0,0,2.95173,1.97422,-2.63475,0.000576229,0.000109874,0.000367201,0.00100349,0.000470135,-0.00390717,0,0,0,0,0,0,0,0,0,0,0,0,0,0,0,0,0,0,0,0,0,0,0,0,0,0,0,0,0,0,0,0,0,0,0,0,0,0,0,0,1.73259,1.18329,0.881834,0.000693429,7.81328e-05,-0.000289111,0.000834834,-0.00108725,-0.00213908,0,0,0,0,0,0,0,0,0,0,0,0,0,0,0,0,0,0,0,0,0,0,0,0,0,0,0,0,0,0,0,0,0,0,0,0,0,0,0,0,0,0,0,0,0,0,0,0,0,0,0,1,2,0,0,0,0,0,1.1898,0.0168,3.5168,0,0,0,0,0,0,0,-0,0,1.45323,0,0,0,0,0,0,0,0,0,0,0,0,0,0,0,0,0,0,0,0,0,0,0,0,0,0,0,0
11.35,0,0,0,0,0,0,2.95177,1.9742,-2.63454,0.00047126,-0.000189237,0.00216039,0.000223381,-0.00095736,0.0041608,0,0,0,0,0,0,0,0,0,0,0,0,0,0,0,0,0,0,0,0,0,0,0,0,0,0,0,0,0,0,0,0,0,0,0,0,0,0,0,0,1.73265,1.18335,0.881816,0.000673926,0.000578697,-0.000174071,0.000464217,0.00106813,-0.00114091,0,0,0,0,0,0,0,0,0,0,0,0,0,0,0,0,0,0,0,0,0,0,0,0,0,0,0,0,0,0,0,0,0,0,0,0,0,0,0,0,0,0,0,0,0,0,0,0,0,0,0,1,2,0,0,0,0,0,1.1898,0.0166,3.5166,0,0,0,0,0,0,0,-0,0,1.45317,0,0,0,0,0,0,0,0,0,0,0,0,0,0,0,0,0,0,0,0,0,0,0,0,0,0,0,0
11.4,0,0,0,0,0,0,2.95177,1.9742,-2.63454,0.00047126,-0.000189237,0.00216039,0.000223381,-0.00095736,0.0041608,0,0,0,0,0,0,0,0,0,0,0,0,0,0,0,0,0,0,0,0,0,0,0,0,0,0,0,0,0,0,0,0,0,0,0,0,0,0,0,0,1.73265,1.18335,0.881816,0.000673926,0.000578697,-0.000174071,0.000464217,0.00106813,-0.00114091,0,0,0,0,0,0,0,0,0,0,0,0,0,0,0,0,0,0,0,0,0,0,0,0,0,0,0,0,0,0,0,0,0,0,0,0,0,0,0,0,0,0,0,0,0,0,0,0,0,0,0,1,2,0,0,0,0,0,1.1898,0.0166,3.5166,0,0,0,0,0,0,0,-0,0,1.45317,0,0,0,0,0,0,0,0,0,0,0,0,0,0,0,0,0,0,0,0,0,0,0,0,0,0,0,0
11.45,0,0,0,0,0,0,2.95177,1.9742,-2.63454,0.00047126,-0.000189237,0.00216039,0.000223381,-0.00095736,0.0041608,0,0,0,0,0,0,0,0,0,0,0,0,0,0,0,0,0,0,0,0,0,0,0,0,0,0,0,0,0,0,0,0,0,0,0,0,0,0,0,0,1.73265,1.18335,0.881816,0.000673926,0.000578697,-0.000174071,0.000464217,0.00106813,-0.00114091,0,0,0,0,0,0,0,0,0,0,0,0,0,0,0,0,0,0,0,0,0,0,0,0,0,0,0,0,0,0,0,0,0,0,0,0,0,0,0,0,0,0,0,0,0,0,0,0,0,0,0,1,2,0,0,0,0,0,1.1898,0.0166,3.5166,0,0,0,0,0,0,0,-0,0,1.45317,0,0,0,0,0,0,0,0,0,0,0,0,0,0,0,0,0,0,0,0,0,0,0,0,0,0,0,0
11.5,0,0,0,0,0,0,2.95182,1.97422,-2.63422,0.000498025,0.000183097,0.00319467,0.000135633,0.000719638,0.00772392,0,0,0,0,0,0,0,0,0,0,0,0,0,0,0,0,0,0,0,0,0,0,0,0,0,0,0,0,0,0,0,0,0,0,0,0,0,0,0,0,1.73273,1.18342,0.881857,0.000822719,0.00072995,0.000408275,0.000823331,0.00153767,0.00177694,0,0,0,0,0,0,0,0,0,0,0,0,0,0,0,0,0,0,0,0,0,0,0,0,0,0,0,0,0,0,0,0,0,0,0,0,0,0,0,0,0,0,0,0,0,0,0,0,0,0,0,1,2,0,0,0,0,0,1.1898,0.0166,3.5166,0,0,0,0,0,0,0,-0,0,1.45311,0,0,0,0,0,0,0,0,0,0,0,0,0,0,0,0,0,0,0,0,0,0,0,0,0,0,0,0
11.55,0,0,0,0,0,0,2.95182,1.97422,-2.63422,0.000498025,0.000183097,0.00319467,0.000135633,0.000719638,0.00772392,0,0,0,0,0,0,0,0,0,0,0,0,0,0,0,0,0,0,0,0,0,0,0,0,0,0,0,0,0,0,0,0,0,0,0,0,0,0,0,0,1.73273,1.18342,0.881857,0.000822719,0.00072995,0.000408275,0.000823331,0.00153767,0.00177694,0,0,0,0,0,0,0,0,0,0,0,0,0,0,0,0,0,0,0,0,0,0,0,0,0,0,0,0,0,0,0,0,0,0,0,0,0,0,0,0,0,0,0,0,0,0,0,0,0,0,0,1,2,0,0,0,0,0,1.1898,0.0158,3.5161,0,0,0,0,0,0,0,-0,0,1.45311,0,0,0,0,0,0,0,0,0,0,0,0,0,0,0,0,0,0,0,0,0,0,0,0,0,0,0,0
11.6,0,0,0,0,0,0,2.95188,1.9742,-2.634,0.000546977,-0.000225872,0.00221055,0.000264878,-0.000975066,0.00118635,0,0,0,0,0,0,0,0,0,0,0,0,0,0,0,0,0,0,0,0,0,0,0,0,0,0,0,0,0,0,0,0,0,0,0,0,0,0,0,0,1.73282,1.18347,0.881851,0.000803373,0.000526221,-6.08081e-05,0.000465236,0.000172454,-0.000412533,0,0,0,0,0,0,0,0,0,0,0,0,0,0,0,0,0,0,0,0,0,0,0,0,0,0,0,0,0,0,0,0,0,0,0,0,0,0,0,0,0,0,0,0,0,0,0,0,0,0,0,1,2,0,0,0,0,0,1.1898,0.0158,3.5161,0,0,0,0,0,0,0,-0,0,1.45305,0,0,0,0,0,0,0,0,0,0,0,0,0,0,0,0,0,0,0,0,0,0,0,0,0,0,0,0
11.65,0,0,0,0,0,0,2.95188,1.9742,-2.634,0.000546977,-0.000225872,0.00221055,0.000264878,-0.000975066,0.00118635,0,0,0,0,0,0,0,0,0,0,0,0,0,0,0,0,0,0,0,0,0,0,0,0,0,0,0,0,0,0,0,0,0,0,0,0,0,0,0,0,1.73282,1.18347,0.881851,0.000803373,0.000526221,-6.08081e-05,0.000465236,0.000172454,-0.000412533,0,0,0,0,0,0,0,0,0,0,0,0,0,0,0,0,0,0,0,0,0,0,0,0,0,0,0,0,0,0,0,0,0,0,0,0,0,0,0,0,0,0,0,0,0,0,0,0,0,0,0,1,2,0,0,0,0,0,1.1898,0.0158,3.5161,0,0,0,0,0,0,0,-0,0,1.45305,0,0,0,0,0,0,0,0,0,0,0,0,0,0,0,0,0,0,0,0,0,0,0,0,0,0,0,0
11.7,0,0,0,0,0,0,2.95195,1.97421,-2.63373,0.000766526,0.000179426,0.00270102,0.00105419,0.000804542,0.00178891,0,0,0,0,0,0,0,0,0,0,0,0,0,0,0,0,0,0,0,0,0,0,0,0,0,0,0,0,0,0,0,0,0,0,0,0,0,0,0,0,1.73289,1.18352,0.881889,0.000775071,0.000452836,0.000374876,0.000118345,-0.00037408,0.00119688,0,0,0,0,0,0,0,0,0,0,0,0,0,0,0,0,0,0,0,0,0,0,0,0,0,0,0,0,0,0,0,0,0,0,0,0,0,0,0,0,0,0,0,0,0,0,0,0,0,0,0,1,2,0,0,0,0,0,1.1898,0.0158,3.5161,0,0,0,0,0,0,0,-0,0,1.45303,0,0,0,0,0,0,0,0,0,0,0,0,0,0,0,0,0,0,0,0,0,0,0,0,0,0,0,0
11.75,0,0,0,0,0,0,2.95202,1.97421,-2.63349,0.000715249,-6.10281e-05,0.00233146,0.000534621,-0.000236923,-0.000322009,0,0,0,0,0,0,0,0,0,0,0,0,0,0,0,0,0,0,0,0,0,0,0,0,0,0,0,0,0,0,0,0,0,0,0,0,0,0,0,0,1.73297,1.18359,0.881953,0.000811673,0.000729895,0.000645443,0.000170075,0.000808334,0.00201749,0,0,0,0,0,0,0,0,0,0,0,0,0,0,0,0,0,0,0,0,0,0,0,0,0,0,0,0,0,0,0,0,0,0,0,0,0,0,0,0,0,0,0,0,0,0,0,0,0,0,0,1,2,0,0,0,0,0,1.1896,0.015,3.5157,0,0,0,0,0,0,0,-0,0,1.45298,0,0,0,0,0,0,0,0,0,0,0,0,0,0,0,0,0,0,0,0,0,0,0,0,0,0,0,0
11.8,0,0,0,0,0,0,2.95202,1.97421,-2.63349,0.000715249,-6.10281e-05,0.00233146,0.000534621,-0.000236923,-0.000322009,0,0,0,0,0,0,0,0,0,0,0,0,0,0,0,0,0,0,0,0,0,0,0,0,0,0,0,0,0,0,0,0,0,0,0,0,0,0,0,0,1.73297,1.18359,0.881953,0.000811673,0.000729895,0.000645443,0.000170075,0.000808334,0.00201749,0,0,0,0,0,0,0,0,0,0,0,0,0,0,0,0,0,0,0,0,0,0,0,0,0,0,0,0,0,0,0,0,0,0,0,0,0,0,0,0,0,0,0,0,0,0,0,0,0,0,0,1,2,0,0,0,0,0,1.1896,0.015,3.5157,0,0,0,0,0,0,0,-0,0,1.45298,0,0,0,0,0,0,0,0,0,0,0,0,0,0,0,0,0,0,0,0,0,0,0,0,0,0,0,0
11.85,0,0,0,0,0,0,2.95209,1.97422,-2.63323,0.000698417,9.15756e-05,0.00265188,0.000183076,0.000326589,0.000800041,0,0,0,0,0,0,0,0,0,0,0,0,0,0,0,0,0,0,0,0,0,0,0,0,0,0,0,0,0,0,0,0,0,0,0,0,0,0,0,0,1.73306,1.18367,0.882049,0.000855926,0.000821738,0.000959278,0.000285516,0.00101194,0.00257605,0,0,0,0,0,0,0,0,0,0,0,0,0,0,0,0,0,0,0,0,0,0,0,0,0,0,0,0,0,0,0,0,0,0,0,0,0,0,0,0,0,0,0,0,0,0,0,0,0,0,0,1,2,0,0,0,0,0,1.1896,0.015,3.5157,0,0,0,0,0,0,0,-0,0,1.45293,0,0,0,0,0,0,0,0,0,0,0,0,0,0,0,0,0,0,0,0,0,0,0,0,0,0,0,0
11.9,0,0,0,0,0,0,2.95209,1.97422,-2.63323,0.000698417,9.15756e-05,0.00265188,0.000183076,0.000326589,0.000800041,0,0,0,0,0,0,0,0,0,0,0,0,0,0,0,0,0,0,0,0,0,0,0,0,0,0,0,0,0,0,0,0,0,0,0,0,0,0,0,0,1.73306,1.18367,0.882049,0.000855926,0.000821738,0.000959278,0.000285516,0.00101194,0.00257605,0,0,0,0,0,0,0,0,0,0,0,0,0,0,0,0,0,0,0,0,0,0,0,0,0,0,0,0,0,0,0,0,0,0,0,0,0,0,0,0,0,0,0,0,0,0,0,0,0,0,0,1,2,0,0,0,0,0,1.1896,0.015,3.5157,0,0,0,0,0,0,0,-0,0,1.45293,0,0,0,0,0,0,0,0,0,0,0,0,0,0,0,0,0,0,0,0,0,0,0,0,0,0,0,0
11.95,0,0,0,0,0,0,2.95219,1.97422,-2.63286,0.000942731,3.90769e-05,0.00368016,0.00103876,6.26528e-05,0.0047417,0,0,0,0,0,0,0,0,0,0,0,0,0,0,0,0,0,0,0,0,0,0,0,0,0,0,0,0,0,0,0,0,0,0,0,0,0,0,0,0,1.73316,1.18377,0.882087,0.000958607,0.000914645,0.000385189,0.000597626,0.00100673,-0.000670924,0,0,0,0,0,0,0,0,0,0,0,0,0,0,0,0,0,0,0,0,0,0,0,0,0,0,0,0,0,0,0,0,0,0,0,0,0,0,0,0,0,0,0,0,0,0,0,0,0,0,0,1,2,0,0,0,0,0,1.1895,0.0142,3.5153,0,0,0,0,0,0,0,-0,0,1.45288,0,0,0,0,0,0,0,0,0,0,0,0,0,0,0,0,0,0,0,0,0,0,0,0,0,0,0,0
12,0,0,0,0,0,0,2.95219,1.97422,-2.63286,0.000942731,3.90769e-05,0.00368016,0.00103876,6.26528e-05,0.0047417,0,0,0,0,0,0,0,0,0,0,0,0,0,0,0,0,0,0,0,0,0,0,0,0,0,0,0,0,0,0,0,0,0,0,0,0,0,0,0,0,1.73316,1.18377,0.882087,0.000958607,0.000914645,0.000385189,0.000597626,0.00100673,-0.000670924,0,0,0,0,0,0,0,0,0,0,0,0,0,0,0,0,0,0,0,0,0,0,0,0,0,0,0,0,0,0,0,0,0,0,0,0,0,0,0,0,0,0,0,0,0,0,0,0,0,0,0,1,2,0,0,0,0,0,1.1895,0.0142,3.5153,0,0,0,0,0,0,0,-0,0,1.45288,0,0,0,0,0,0,0,0,0,0,0,0,0,0,0,0,0,0,0,0,0,0,0,0,0,0,0,0
12.05,0,0,0,0,0,0,2.95228,1.97419,-2.6326,0.000937278,-0.00032341,0.00259338,0.000718731,-0.00144654,-0.000958169,0,0,0,0,0,0,0,0,0,0,0,0,0,0,0,0,0,0,0,0,0,0,0,0,0,0,0,0,0,0,0,0,0,0,0,0,0,0,0,0,1.73325,1.18383,0.882208,0.000903106,0.000674889,0.00120194,0.000180279,-0.000353351,0.00242156,0,0,0,0,0,0,0,0,0,0,0,0,0,0,0,0,0,0,0,0,0,0,0,0,0,0,0,0,0,0,0,0,0,0,0,0,0,0,0,0,0,0,0,0,0,0,0,0,0,0,0,1,2,0,0,0,0,0,1.1895,0.0142,3.5153,0,0,0,0,0,0,0,-0,0,1.45283,0,0,0,0,0,0,0,0,0,0,0,0,0,0,0,0,0,0,0,0,0,0,0,0,0,0,0,0
12.1,0,0,0,0,0,0,2.95228,1.97419,-2.6326,0.000937278,-0.00032341,0.00259338,0.000718731,-0.00144654,-0.000958169,0,0,0,0,0,0,0,0,0,0,0,0,0,0,0,0,0,0,0,0,0,0,0,0,0,0,0,0,0,0,0,0,0,0,0,0,0,0,0,0,1.73325,1.18383,0.882208,0.000903106,0.000674889,0.00120194,0.000180279,-0.000353351,0.00242156,0,0,0,0,0,0,0,0,0,0,0,0,0,0,0,0,0,0,0,0,0,0,0,0,0,0,0,0,0,0,0,0,0,0,0,0,0,0,0,0,0,0,0,0,0,0,0,0,0,0,0,1,2,0,0,0,0,0,1.1895,0.0142,3.5153,0,0,0,0,0,0,0,-0,0,1.45283,0,0,0,0,0,0,0,0,0,0,0,0,0,0,0,0,0,0,0,0,0,0,0,0,0,0,0,0
12.15,0,0,0,0,0,0,2.95238,1.97423,-2.63225,0.000981559,0.000387008,0.00351947,0.000563955,0.00176608,0.00234986,0,0,0,0,0,0,0,0,0,0,0,0,0,0,0,0,0,0,0,0,0,0,0,0,0,0,0,0,0,0,0,0,0,0,0,0,0,0,0,0,1.73334,1.18394,0.882278,0.000984001,0.00109876,0.000701032,0.000373797,0.00129645,-0.000130244,0,0,0,0,0,0,0,0,0,0,0,0,0,0,0,0,0,0,0,0,0,0,0,0,0,0,0,0,0,0,0,0,0,0,0,0,0,0,0,0,0,0,0,0,0,0,0,0,0,0,0,1,2,0,0,0,0,0,1.1895,0.0132,3.5149,0,0,0,0,0,0,0,-0,0,1.45279,0,0,0,0,0,0,0,0,0,0,0,0,0,0,0,0,0,0,0,0,0,0,0,0,0,0,0,0
12.2,0,0,0,0,0,0,2.95238,1.97423,-2.63225,0.000981559,0.000387008,0.00351947,0.000563955,0.00176608,0.00234986,0,0,0,0,0,0,0,0,0,0,0,0,0,0,0,0,0,0,0,0,0,0,0,0,0,0,0,0,0,0,0,0,0,0,0,0,0,0,0,0,1.73334,1.18394,0.882278,0.000984001,0.00109876,0.000701032,0.000373797,0.00129645,-0.000130244,0,0,0,0,0,0,0,0,0,0,0,0,0,0,0,0,0,0,0,0,0,0,0,0,0,0,0,0,0,0,0,0,0,0,0,0,0,0,0,0,0,0,0,0,0,0,0,0,0,0,0,1,2,0,0,0,0,0,1.1895,0.0132,3.5149,0,0,0,0,0,0,0,-0,0,1.45279,0,0,0,0,0,0,0,0,0,0,0,0,0,0,0,0,0,0,0,0,0,0,0,0,0,0,0,0
12.25,0,0,0,0,0,0,2.95249,1.97425,-2.63185,0.00106942,0.000256367,0.00397474,0.000669248,0.000973244,0.00367948,0,0,0,0,0,0,0,0,0,0,0,0,0,0,0,0,0,0,0,0,0,0,0,0,0,0,0,0,0,0,0,0,0,0,0,0,0,0,0,0,1.73347,1.18406,0.882378,0.00121835,0.0011683,0.00100143,0.00118755,0.00128008,0.000777249,0,0,0,0,0,0,0,0,0,0,0,0,0,0,0,0,0,0,0,0,0,0,0,0,0,0,0,0,0,0,0,0,0,0,0,0,0,0,0,0,0,0,0,0,0,0,0,0,0,0,0,1,2,0,0,0,0,0,1.1895,0.0132,3.5149,0,0,0,0,0,0,0,-0,0,1.45273,0,0,0,0,0,0,0,0,0,0,0,0,0,0,0,0,0,0,0,0,0,0,0,0,0,0,0,0
12.3,0,0,0,0,0,0,2.95249,1.97425,-2.63185,0.00106942,0.000256367,0.00397474,0.000669248,0.000973244,0.00367948,0,0,0,0,0,0,0,0,0,0,0,0,0,0,0,0,0,0,0,0,0,0,0,0,0,0,0,0,0,0,0,0,0,0,0,0,0,0,0,0,1.73347,1.18406,0.882378,0.00121835,0.0011683,0.00100143,0.00118755,0.00128008,0.000777249,0,0,0,0,0,0,0,0,0,0,0,0,0,0,0,0,0,0,0,0,0,0,0,0,0,0,0,0,0,0,0,0,0,0,0,0,0,0,0,0,0,0,0,0,0,0,0,0,0,0,0,1,2,0,0,0,0,0,1.1895,0.0132,3.5149,0,0,0,0,0,0,0,-0,0,1.45273,0,0,0,0,0,0,0,0,0,0,0,0,0,0,0,0,0,0,0,0,0,0,0,0,0,0,0,0
12.35,0,0,0,0,0,0,2.95259,1.9742,-2.63147,0.00103026,-0.000565178,0.00383372,0.000259709,-0.00280563,0.0018261,0,0,0,0,0,0,0,0,0,0,0,0,0,0,0,0,0,0,0,0,0,0,0,0,0,0,0,0,0,0,0,0,0,0,0,0,0,0,0,0,1.73356,1.18411,0.882442,0.00097777,0.000499261,0.000641934,-0.000138025,-0.00190686,-0.000846879,0,0,0,0,0,0,0,0,0,0,0,0,0,0,0,0,0,0,0,0,0,0,0,0,0,0,0,0,0,0,0,0,0,0,0,0,0,0,0,0,0,0,0,0,0,0,0,0,0,0,0,1,2,0,0,0,0,0,1.1663,-0.011,3.4912,0,0,0,0,0,0,0,-0,0,1.45268,0,0,0,0,0,0,0,0,0,0,0,0,0,0,0,0,0,0,0,0,0,0,0,0,0,0,0,0
12.4,0,0,0,0,0,0,2.95259,1.9742,-2.63147,0.00103026,-0.000565178,0.00383372,0.000259709,-0.00280563,0.0018261,0,0,0,0,0,0,0,0,0,0,0,0,0,0,0,0,0,0,0,0,0,0,0,0,0,0,0,0,0,0,0,0,0,0,0,0,0,0,0,0,1.73356,1.18411,0.882442,0.00097777,0.000499261,0.000641934,-0.000138025,-0.00190686,-0.000846879,0,0,0,0,0,0,0,0,0,0,0,0,0,0,0,0,0,0,0,0,0,0,0,0,0,0,0,0,0,0,0,0,0,0,0,0,0,0,0,0,0,0,0,0,0,0,0,0,0,0,0,1,2,0,0,0,0,0,1.1663,-0.011,3.4912,0,0,0,0,0,0,0,-0,0,1.45268,0,0,0,0,0,0,0,0,0,0,0,0,0,0,0,0,0,0,0,0,0,0,0,0,0,0,0,0
12.45,0,0,0,0,0,0,2.95271,1.97424,-2.63107,0.00116466,0.000422402,0.00399388,0.00063725,0.00175011,0.00148454,0,0,0,0,0,0,0,0,0,0,0,0,0,0,0,0,0,0,0,0,0,0,0,0,0,0,0,0,0,0,0,0,0,0,0,0,0,0,0,0,1.73369,1.18425,0.882485,0.00128796,0.00136365,0.000430385,0.000976869,0.00187738,-0.00157379,0,0,0,0,0,0,0,0,0,0,0,0,0,0,0,0,0,0,0,0,0,0,0,0,0,0,0,0,0,0,0,0,0,0,0,0,0,0,0,0,0,0,0,0,0,0,0,0,0,0,0,1,2,0,0,0,0,0,1.1663,-0.011,3.4912,0,0,0,0,0,0,0,-0,0,1.45261,0,0,0,0,0,0,0,0,0,0,0,0,0,0,0,0,0,0,0,0,0,0,0,0,0,0,0,0
12.5,0,0,0,0,0,0,2.95271,1.97424,-2.63107,0.00116466,0.000422402,0.00399388,0.00063725,0.00175011,0.00148454,0,0,0,0,0,0,0,0,0,0,0,0,0,0,0,0,0,0,0,0,0,0,0,0,0,0,0,0,0,0,0,0,0,0,0,0,0,0,0,0,1.73369,1.18425,0.882485,0.00128796,0.00136365,0.000430385,0.000976869,0.00187738,-0.00157379,0,0,0,0,0,0,0,0,0,0,0,0,0,0,0,0,0,0,0,0,0,0,0,0,0,0,0,0,0,0,0,0,0,0,0,0,0,0,0,0,0,0,0,0,0,0,0,0,0,0,0,1,2,0,0,0,0,0,1.1663,-0.011,3.4912,0,0,0,0,0,0,0,-0,0,1.45261,0,0,0,0,0,0,0,0,0,0,0,0,0,0,0,0,0,0,0,0,0,0,0,0,0,0,0,0
12.55,0,0,0,0,0,0,2.95283,1.97426,-2.63063,0.00126001,0.000210815,0.00439594,0.000817668,0.000822014,0.00246211,0,0,0,0,0,0,0,0,0,0,0,0,0,0,0,0,0,0,0,0,0,0,0,0,0,0,0,0,0,0,0,0,0,0,0,0,0,0,0,0,1.73382,1.18437,0.882583,0.00132216,0.00119299,0.000981172,0.000877126,0.000960061,0.00115979,0,0,0,0,0,0,0,0,0,0,0,0,0,0,0,0,0,0,0,0,0,0,0,0,0,0,0,0,0,0,0,0,0,0,0,0,0,0,0,0,0,0,0,0,0,0,0,0,0,0,0,1,2,0,0,0,0,0,1.2542,0.0757,3.5785,0,0,0,0,0,0,0,-0,0,1.45256,0,0,0,0,0,0,0,0,0,0,0,0,0,0,0,0,0,0,0,0,0,0,0,0,0,0,0,0
12.6,0,0,0,0,0,0,2.95283,1.97426,-2.63063,0.00126001,0.000210815,0.00439594,0.000817668,0.000822014,0.00246211,0,0,0,0,0,0,0,0,0,0,0,0,0,0,0,0,0,0,0,0,0,0,0,0,0,0,0,0,0,0,0,0,0,0,0,0,0,0,0,0,1.73382,1.18437,0.882583,0.00132216,0.00119299,0.000981172,0.000877126,0.000960061,0.00115979,0,0,0,0,0,0,0,0,0,0,0,0,0,0,0,0,0,0,0,0,0,0,0,0,0,0,0,0,0,0,0,0,0,0,0,0,0,0,0,0,0,0,0,0,0,0,0,0,0,0,0,1,2,0,0,0,0,0,1.2542,0.0757,3.5785,0,0,0,0,0,0,0,-0,0,1.45256,0,0,0,0,0,0,0,0,0,0,0,0,0,0,0,0,0,0,0,0,0,0,0,0,0,0,0,0
12.65,0,0,0,0,0,0,2.95295,1.97423,-2.63027,0.00115927,-0.000302047,0.00361843,0.000103934,-0.00168214,-0.00152673,0,0,0,0,0,0,0,0,0,0,0,0,0,0,0,0,0,0,0,0,0,0,0,0,0,0,0,0,0,0,0,0,0,0,0,0,0,0,0,0,1.73395,1.18447,0.88268,0.00123509,0.00105166,0.000969692,0.000155886,-0.000120754,0.00101346,0,0,0,0,0,0,0,0,0,0,0,0,0,0,0,0,0,0,0,0,0,0,0,0,0,0,0,0,0,0,0,0,0,0,0,0,0,0,0,0,0,0,0,0,0,0,0,0,0,0,0,1,2,0,0,0,0,0,1.2542,0.0757,3.5785,0,0,0,0,0,0,0,-0,0,1.45248,0,0,0,0,0,0,0,0,0,0,0,0,0,0,0,0,0,0,0,0,0,0,0,0,0,0,0,0
12.7,0,0,0,0,0,0,2.95295,1.97423,-2.63027,0.00115927,-0.000302047,0.00361843,0.000103934,-0.00168214,-0.00152673,0,0,0,0,0,0,0,0,0,0,0,0,0,0,0,0,0,0,0,0,0,0,0,0,0,0,0,0,0,0,0,0,0,0,0,0,0,0,0,0,1.73395,1.18447,0.88268,0.00123509,0.00105166,0.000969692,0.000155886,-0.000120754,0.00101346,0,0,0,0,0,0,0,0,0,0,0,0,0,0,0,0,0,0,0,0,0,0,0,0,0,0,0,0,0,0,0,0,0,0,0,0,0,0,0,0,0,0,0,0,0,0,0,0,0,0,0,1,2,0,0,0,0,0,1.2542,0.0757,3.5785,0,0,0,0,0,0,0,-0,0,1.45248,0,0,0,0,0,0,0,0,0,0,0,0,0,0,0,0,0,0,0,0,0,0,0,0,0,0,0,0
12.75,0,0,0,0,0,0,2.95308,1.97423,-2.62983,0.00127939,1.22079e-05,0.00438721,0.000454102,-9.46873e-05,0.00164184,0,0,0,0,0,0,0,0,0,0,0,0,0,0,0,0,0,0,0,0,0,0,0,0,0,0,0,0,0,0,0,0,0,0,0,0,0,0,0,0,1.73408,1.18459,0.882817,0.00134409,0.0012098,0.00136564,0.000440401,0.0004208,0.00217767,0,0,0,0,0,0,0,0,0,0,0,0,0,0,0,0,0,0,0,0,0,0,0,0,0,0,0,0,0,0,0,0,0,0,0,0,0,0,0,0,0,0,0,0,0,0,0,0,0,0,0,1,2,0,0,0,0,0,1.2705,0.0909,3.5944,0,0,0,0,0,0,0,-0,0,1.4524,0,0,0,0,0,0,0,0,0,0,0,0,0,0,0,0,0,0,0,0,0,0,0,0,0,0,0,0
12.8,0,0,0,0,0,0,2.95308,1.97423,-2.62983,0.00127939,1.22079e-05,0.00438721,0.000454102,-9.46873e-05,0.00164184,0,0,0,0,0,0,0,0,0,0,0,0,0,0,0,0,0,0,0,0,0,0,0,0,0,0,0,0,0,0,0,0,0,0,0,0,0,0,0,0,1.73408,1.18459,0.882817,0.00134409,0.0012098,0.00136564,0.000440401,0.0004208,0.00217767,0,0,0,0,0,0,0,0,0,0,0,0,0,0,0,0,0,0,0,0,0,0,0,0,0,0,0,0,0,0,0,0,0,0,0,0,0,0,0,0,0,0,0,0,0,0,0,0,0,0,0,1,2,0,0,0,0,0,1.2705,0.0909,3.5944,0,0,0,0,0,0,0,-0,0,1.4524,0,0,0,0,0,0,0,0,0,0,0,0,0,0,0,0,0,0,0,0,0,0,0,0,0,0,0,0
12.85,0,0,0,0,0,0,2.95323,1.9742,-2.62935,0.00148453,-0.000341833,0.0047975,0.00113701,-0.00125613,0.00304533,0,0,0,0,0,0,0,0,0,0,0,0,0,0,0,0,0,0,0,0,0,0,0,0,0,0,0,0,0,0,0,0,0,0,0,0,0,0,0,0,1.73423,1.18469,0.882863,0.00144913,0.000996202,0.00045841,0.000719724,-0.000530056,-0.00216212,0,0,0,0,0,0,0,0,0,0,0,0,0,0,0,0,0,0,0,0,0,0,0,0,0,0,0,0,0,0,0,0,0,0,0,0,0,0,0,0,0,0,0,0,0,0,0,0,0,0,0,1,2,0,0,0,0,0,1.2705,0.0909,3.5944,0,0,0,0,0,0,0,-0,0,1.45233,0,0,0,0,0,0,0,0,0,0,0,0,0,0,0,0,0,0,0,0,0,0,0,0,0,0,0,0
12.9,0,0,0,0,0,0,2.95323,1.9742,-2.62935,0.00148453,-0.000341833,0.0047975,0.00113701,-0.00125613,0.00304533,0,0,0,0,0,0,0,0,0,0,0,0,0,0,0,0,0,0,0,0,0,0,0,0,0,0,0,0,0,0,0,0,0,0,0,0,0,0,0,0,1.73423,1.18469,0.882863,0.00144913,0.000996202,0.00045841,0.000719724,-0.000530056,-0.00216212,0,0,0,0,0,0,0,0,0,0,0,0,0,0,0,0,0,0,0,0,0,0,0,0,0,0,0,0,0,0,0,0,0,0,0,0,0,0,0,0,0,0,0,0,0,0,0,0,0,0,0,1,2,0,0,0,0,0,1.2705,0.0909,3.5944,0,0,0,0,0,0,0,-0,0,1.45233,0,0,0,0,0,0,0,0,0,0,0,0,0,0,0,0,0,0,0,0,0,0,0,0,0,0,0,0
12.95,0,0,0,0,0,0,2.95323,1.9742,-2.62935,0.00148453,-0.000341833,0.0047975,0.00113701,-0.00125613,0.00304533,0,0,0,0,0,0,0,0,0,0,0,0,0,0,0,0,0,0,0,0,0,0,0,0,0,0,0,0,0,0,0,0,0,0,0,0,0,0,0,0,1.73423,1.18469,0.882863,0.00144913,0.000996202,0.00045841,0.000719724,-0.000530056,-0.00216212,0,0,0,0,0,0,0,0,0,0,0,0,0,0,0,0,0,0,0,0,0,0,0,0,0,0,0,0,0,0,0,0,0,0,0,0,0,0,0,0,0,0,0,0,0,0,0,0,0,0,0,1,2,0,0,0,0,0,1.1744,-0.0068,3.4973,0,0,0,0,0,0,0,-0,0,1.45233,0,0,0,0,0,0,0,0,0,0,0,0,0,0,0,0,0,0,0,0,0,0,0,0,0,0,0,0
13,0,0,0,0,0,0,2.95336,1.97424,-2.62883,0.00138351,0.000428229,0.00518273,0.000372718,0.00216565,0.00356217,0,0,0,0,0,0,0,0,0,0,0,0,0,0,0,0,0,0,0,0,0,0,0,0,0,0,0,0,0,0,0,0,0,0,0,0,0,0,0,0,1.73438,1.18482,0.882943,0.00156285,0.00129201,0.000804813,0.000925711,0.000736125,-0.000500648,0,0,0,0,0,0,0,0,0,0,0,0,0,0,0,0,0,0,0,0,0,0,0,0,0,0,0,0,0,0,0,0,0,0,0,0,0,0,0,0,0,0,0,0,0,0,0,0,0,0,0,1,2,0,0,0,0,0,1.1744,-0.0068,3.4973,0,0,0,0,0,0,0,-0,0,1.45227,0,0,0,0,0,0,0,0,0,0,0,0,0,0,0,0,0,0,0,0,0,0,0,0,0,0,0,0
13.05,0,0,0,0,0,0,2.95352,1.97423,-2.62831,0.00156871,-0.000125839,0.00517807,0.000856418,-0.000451133,0.00217599,0,0,0,0,0,0,0,0,0,0,0,0,0,0,0,0,0,0,0,0,0,0,0,0,0,0,0,0,0,0,0,0,0,0,0,0,0,0,0,0,1.73455,1.18494,0.882922,0.00164446,0.00122174,-0.000213565,0.000905446,0.000329081,-0.00414665,0,0,0,0,0,0,0,0,0,0,0,0,0,0,0,0,0,0,0,0,0,0,0,0,0,0,0,0,0,0,0,0,0,0,0,0,0,0,0,0,0,0,0,0,0,0,0,0,0,0,0,1,2,0,0,0,0,0,1.1744,-0.0068,3.4973,0,0,0,0,0,0,0,-0,0,1.45219,0,0,0,0,0,0,0,0,0,0,0,0,0,0,0,0,0,0,0,0,0,0,0,0,0,0,0,0
13.1,0,0,0,0,0,0,2.95352,1.97423,-2.62831,0.00156871,-0.000125839,0.00517807,0.000856418,-0.000451133,0.00217599,0,0,0,0,0,0,0,0,0,0,0,0,0,0,0,0,0,0,0,0,0,0,0,0,0,0,0,0,0,0,0,0,0,0,0,0,0,0,0,0,1.73455,1.18494,0.882922,0.00164446,0.00122174,-0.000213565,0.000905446,0.000329081,-0.00414665,0,0,0,0,0,0,0,0,0,0,0,0,0,0,0,0,0,0,0,0,0,0,0,0,0,0,0,0,0,0,0,0,0,0,0,0,0,0,0,0,0,0,0,0,0,0,0,0,0,0,0,1,2,0,0,0,0,0,1.1744,-0.0068,3.4973,0,0,0,0,0,0,0,-0,0,1.45219,0,0,0,0,0,0,0,0,0,0,0,0,0,0,0,0,0,0,0,0,0,0,0,0,0,0,0,0
13.15,0,0,0,0,0,0,2.95367,1.97424,-2.62772,0.00150155,0.000153817,0.00590357,0.000315982,0.000492215,0.00403345,0,0,0,0,0,0,0,0,0,0,0,0,0,0,0,0,0,0,0,0,0,0,0,0,0,0,0,0,0,0,0,0,0,0,0,0,0,0,0,0,1.73473,1.18505,0.882893,0.00177378,0.00112067,-0.000286715,0.00106258,-0.000257668,-0.00327603,0,0,0,0,0,0,0,0,0,0,0,0,0,0,0,0,0,0,0,0,0,0,0,0,0,0,0,0,0,0,0,0,0,0,0,0,0,0,0,0,0,0,0,0,0,0,0,0,0,0,0,1,2,0,0,0,0,0,1.2283,0.0459,3.5504,0,0,0,0,0,0,0,-0,0,1.45212,0,0,0,0,0,0,0,0,0,0,0,0,0,0,0,0,0,0,0,0,0,0,0,0,0,0,0,0
13.2,0,0,0,0,0,0,2.95367,1.97424,-2.62772,0.00150155,0.000153817,0.00590357,0.000315982,0.000492215,0.00403345,0,0,0,0,0,0,0,0,0,0,0,0,0,0,0,0,0,0,0,0,0,0,0,0,0,0,0,0,0,0,0,0,0,0,0,0,0,0,0,0,1.73473,1.18505,0.882893,0.00177378,0.00112067,-0.000286715,0.00106258,-0.000257668,-0.00327603,0,0,0,0,0,0,0,0,0,0,0,0,0,0,0,0,0,0,0,0,0,0,0,0,0,0,0,0,0,0,0,0,0,0,0,0,0,0,0,0,0,0,0,0,0,0,0,0,0,0,0,1,2,0,0,0,0,0,1.2283,0.0459,3.5504,0,0,0,0,0,0,0,-0,0,1.45212,0,0,0,0,0,0,0,0,0,0,0,0,0,0,0,0,0,0,0,0,0,0,0,0,0,0,0,0
13.25,0,0,0,0,0,0,2.95384,1.97426,-2.62714,0.00165756,0.000141589,0.00579781,0.000738619,0.000374422,0.00224613,0,0,0,0,0,0,0,0,0,0,0,0,0,0,0,0,0,0,0,0,0,0,0,0,0,0,0,0,0,0,0,0,0,0,0,0,0,0,0,0,1.73489,1.18521,0.882888,0.00165268,0.00154405,-5.42352e-05,0.00017396,0.00145653,-0.000920179,0,0,0,0,0,0,0,0,0,0,0,0,0,0,0,0,0,0,0,0,0,0,0,0,0,0,0,0,0,0,0,0,0,0,0,0,0,0,0,0,0,0,0,0,0,0,0,0,0,0,0,1,2,0,0,0,0,0,1.2283,0.0459,3.5504,0,0,0,0,0,0,0,-0,0,1.45204,0,0,0,0,0,0,0,0,0,0,0,0,0,0,0,0,0,0,0,0,0,0,0,0,0,0,0,0
13.3,0,0,0,0,0,0,2.95384,1.97426,-2.62714,0.00165756,0.000141589,0.00579781,0.000738619,0.000374422,0.00224613,0,0,0,0,0,0,0,0,0,0,0,0,0,0,0,0,0,0,0,0,0,0,0,0,0,0,0,0,0,0,0,0,0,0,0,0,0,0,0,0,1.73489,1.18521,0.882888,0.00165268,0.00154405,-5.42352e-05,0.00017396,0.00145653,-0.000920179,0,0,0,0,0,0,0,0,0,0,0,0,0,0,0,0,0,0,0,0,0,0,0,0,0,0,0,0,0,0,0,0,0,0,0,0,0,0,0,0,0,0,0,0,0,0,0,0,0,0,0,1,2,0,0,0,0,0,1.2283,0.0459,3.5504,0,0,0,0,0,0,0,-0,0,1.45204,0,0,0,0,0,0,0,0,0,0,0,0,0,0,0,0,0,0,0,0,0,0,0,0,0,0,0,0
13.35,0,0,0,0,0,0,2.95398,1.97424,-2.62654,0.00143765,-0.000212353,0.00607349,-0.000378117,-0.00120547,0.00220814,0,0,0,0,0,0,0,0,0,0,0,0,0,0,0,0,0,0,0,0,0,0,0,0,0,0,0,0,0,0,0,0,0,0,0,0,0,0,0,0,1.73506,1.18532,0.882931,0.00166587,0.00112156,0.000428457,3.68638e-05,-0.000581772,0.00169518,0,0,0,0,0,0,0,0,0,0,0,0,0,0,0,0,0,0,0,0,0,0,0,0,0,0,0,0,0,0,0,0,0,0,0,0,0,0,0,0,0,0,0,0,0,0,0,0,0,0,0,1,2,0,0,0,0,0,1.1951,0.011,3.5162,0,0,0,0,0,0,0,-0,0,1.45195,0,0,0,0,0,0,0,0,0,0,0,0,0,0,0,0,0,0,0,0,0,0,0,0,0,0,0,0
13.4,0,0,0,0,0,0,2.95398,1.97424,-2.62654,0.00143765,-0.000212353,0.00607349,-0.000378117,-0.00120547,0.00220814,0,0,0,0,0,0,0,0,0,0,0,0,0,0,0,0,0,0,0,0,0,0,0,0,0,0,0,0,0,0,0,0,0,0,0,0,0,0,0,0,1.73506,1.18532,0.882931,0.00166587,0.00112156,0.000428457,3.68638e-05,-0.000581772,0.00169518,0,0,0,0,0,0,0,0,0,0,0,0,0,0,0,0,0,0,0,0,0,0,0,0,0,0,0,0,0,0,0,0,0,0,0,0,0,0,0,0,0,0,0,0,0,0,0,0,0,0,0,1,2,0,0,0,0,0,1.1951,0.011,3.5162,0,0,0,0,0,0,0,-0,0,1.45195,0,0,0,0,0,0,0,0,0,0,0,0,0,0,0,0,0,0,0,0,0,0,0,0,0,0,0,0
13.45,0,0,0,0,0,0,2.95416,1.97425,-2.62599,0.00179017,0.000136766,0.00548077,0.00102898,0.000457524,-0.00105338,0,0,0,0,0,0,0,0,0,0,0,0,0,0,0,0,0,0,0,0,0,0,0,0,0,0,0,0,0,0,0,0,0,0,0,0,0,0,0,0,1.73521,1.18544,0.882833,0.00153496,0.00115397,-0.000979649,-0.000521094,-0.000496756,-0.00425479,0,0,0,0,0,0,0,0,0,0,0,0,0,0,0,0,0,0,0,0,0,0,0,0,0,0,0,0,0,0,0,0,0,0,0,0,0,0,0,0,0,0,0,0,0,0,0,0,0,0,0,1,2,0,0,0,0,0,1.1951,0.011,3.5162,0,0,0,0,0,0,0,-0,0,1.45192,0,0,0,0,0,0,0,0,0,0,0,0,0,0,0,0,0,0,0,0,0,0,0,0,0,0,0,0
13.5,0,0,0,0,0,0,2.95416,1.97425,-2.62599,0.00179017,0.000136766,0.00548077,0.00102898,0.000457524,-0.00105338,0,0,0,0,0,0,0,0,0,0,0,0,0,0,0,0,0,0,0,0,0,0,0,0,0,0,0,0,0,0,0,0,0,0,0,0,0,0,0,0,1.73521,1.18544,0.882833,0.00153496,0.00115397,-0.000979649,-0.000521094,-0.000496756,-0.00425479,0,0,0,0,0,0,0,0,0,0,0,0,0,0,0,0,0,0,0,0,0,0,0,0,0,0,0,0,0,0,0,0,0,0,0,0,0,0,0,0,0,0,0,0,0,0,0,0,0,0,0,1,2,0,0,0,0,0,1.1951,0.011,3.5162,0,0,0,0,0,0,0,-0,0,1.45192,0,0,0,0,0,0,0,0,0,0,0,0,0,0,0,0,0,0,0,0,0,0,0,0,0,0,0,0
13.55,0,0,0,0,0,0,2.95434,1.97423,-2.6255,0.00184645,-0.000153871,0.00491341,0.00103443,-0.000661368,-0.0033369,0,0,0,0,0,0,0,0,0,0,0,0,0,0,0,0,0,0,0,0,0,0,0,0,0,0,0,0,0,0,0,0,0,0,0,0,0,0,0,0,1.73536,1.18553,0.882731,0.00146299,0.000929331,-0.00101965,-0.000674873,-0.00118352,-0.00352072,0,0,0,0,0,0,0,0,0,0,0,0,0,0,0,0,0,0,0,0,0,0,0,0,0,0,0,0,0,0,0,0,0,0,0,0,0,0,0,0,0,0,0,0,0,0,0,0,0,0,0,1,2,0,0,0,0,0,1.1888,0.0031,3.5086,0,0,0,0,0,0,0,-0,0,1.45189,0,0,0,0,0,0,0,0,0,0,0,0,0,0,0,0,0,0,0,0,0,0,0,0,0,0,0,0
13.6,0,0,0,0,0,0,2.95434,1.97423,-2.6255,0.00184645,-0.000153871,0.00491341,0.00103443,-0.000661368,-0.0033369,0,0,0,0,0,0,0,0,0,0,0,0,0,0,0,0,0,0,0,0,0,0,0,0,0,0,0,0,0,0,0,0,0,0,0,0,0,0,0,0,1.73536,1.18553,0.882731,0.00146299,0.000929331,-0.00101965,-0.000674873,-0.00118352,-0.00352072,0,0,0,0,0,0,0,0,0,0,0,0,0,0,0,0,0,0,0,0,0,0,0,0,0,0,0,0,0,0,0,0,0,0,0,0,0,0,0,0,0,0,0,0,0,0,0,0,0,0,0,1,2,0,0,0,0,0,1.1888,0.0031,3.5086,0,0,0,0,0,0,0,-0,0,1.45189,0,0,0,0,0,0,0,0,0,0,0,0,0,0,0,0,0,0,0,0,0,0,0,0,0,0,0,0
13.65,0,0,0,0,0,0,2.95453,1.97425,-2.6249,0.00185032,0.000203828,0.00601442,0.000638857,0.000880514,0.00209044,0,0,0,0,0,0,0,0,0,0,0,0,0,0,0,0,0,0,0,0,0,0,0,0,0,0,0,0,0,0,0,0,0,0,0,0,0,0,0,0,1.73553,1.18562,0.882478,0.00170385,0.000932479,-0.00252448,0.000537539,-0.000790362,-0.00802869,0,0,0,0,0,0,0,0,0,0,0,0,0,0,0,0,0,0,0,0,0,0,0,0,0,0,0,0,0,0,0,0,0,0,0,0,0,0,0,0,0,0,0,0,0,0,0,0,0,0,0,1,2,0,0,0,0,0,1.1888,0.0031,3.5086,0,0,0,0,0,0,0,-0,0,1.45186,0,0,0,0,0,0,0,0,0,0,0,0,0,0,0,0,0,0,0,0,0,0,0,0,0,0,0,0
13.7,0,0,0,0,0,0,2.95453,1.97425,-2.6249,0.00185032,0.000203828,0.00601442,0.000638857,0.000880514,0.00209044,0,0,0,0,0,0,0,0,0,0,0,0,0,0,0,0,0,0,0,0,0,0,0,0,0,0,0,0,0,0,0,0,0,0,0,0,0,0,0,0,1.73553,1.18562,0.882478,0.00170385,0.000932479,-0.00252448,0.000537539,-0.000790362,-0.00802869,0,0,0,0,0,0,0,0,0,0,0,0,0,0,0,0,0,0,0,0,0,0,0,0,0,0,0,0,0,0,0,0,0,0,0,0,0,0,0,0,0,0,0,0,0,0,0,0,0,0,0,1,2,0,0,0,0,0,1.1888,0.0031,3.5086,0,0,0,0,0,0,0,-0,0,1.45186,0,0,0,0,0,0,0,0,0,0,0,0,0,0,0,0,0,0,0,0,0,0,0,0,0,0,0,0
13.75,0,0,0,0,0,0,2.95472,1.97423,-2.62431,0.00193364,-0.000194096,0.00584854,0.000661184,-0.000852697,0.0013215,0,0,0,0,0,0,0,0,0,0,0,0,0,0,0,0,0,0,0,0,0,0,0,0,0,0,0,0,0,0,0,0,0,0,0,0,0,0,0,0,1.73566,1.18574,0.882326,0.0013074,0.00121463,-0.00152472,-0.00109882,0.000705137,-0.00143411,0,0,0,0,0,0,0,0,0,0,0,0,0,0,0,0,0,0,0,0,0,0,0,0,0,0,0,0,0,0,0,0,0,0,0,0,0,0,0,0,0,0,0,0,0,0,0,0,0,0,0,1,2,0,0,0,0,0,1.1889,0.0016,3.5072,0,0,0,0,0,0,0,-0,0,1.45184,0,0,0,0,0,0,0,0,0,0,0,0,0,0,0,0,0,0,0,0,0,0,0,0,0,0,0,0
13.8,0,0,0,0,0,0,2.95472,1.97423,-2.62431,0.00193364,-0.000194096,0.00584854,0.000661184,-0.000852697,0.0013215,0,0,0,0,0,0,0,0,0,0,0,0,0,0,0,0,0,0,0,0,0,0,0,0,0,0,0,0,0,0,0,0,0,0,0,0,0,0,0,0,1.73566,1.18574,0.882326,0.0013074,0.00121463,-0.00152472,-0.00109882,0.000705137,-0.00143411,0,0,0,0,0,0,0,0,0,0,0,0,0,0,0,0,0,0,0,0,0,0,0,0,0,0,0,0,0,0,0,0,0,0,0,0,0,0,0,0,0,0,0,0,0,0,0,0,0,0,0,1,2,0,0,0,0,0,1.1889,0.0016,3.5072,0,0,0,0,0,0,0,-0,0,1.45184,0,0,0,0,0,0,0,0,0,0,0,0,0,0,0,0,0,0,0,0,0,0,0,0,0,0,0,0
13.85,0,0,0,0,0,0,2.95492,1.97422,-2.62371,0.0020147,-0.000162397,0.00597874,0.00072372,-0.000619857,0.00120912,0,0,0,0,0,0,0,0,0,0,0,0,0,0,0,0,0,0,0,0,0,0,0,0,0,0,0,0,0,0,0,0,0,0,0,0,0,0,0,0,1.7358,1.18584,0.882058,0.00141761,0.000947518,-0.00267756,-0.000440988,-0.000441615,-0.0045749,0,0,0,0,0,0,0,0,0,0,0,0,0,0,0,0,0,0,0,0,0,0,0,0,0,0,0,0,0,0,0,0,0,0,0,0,0,0,0,0,0,0,0,0,0,0,0,0,0,0,0,1,2,0,0,0,0,0,1.1889,0.0016,3.5072,0,0,0,0,0,0,0,-0,0,1.45183,0,0,0,0,0,0,0,0,0,0,0,0,0,0,0,0,0,0,0,0,0,0,0,0,0,0,0,0
13.9,0,0,0,0,0,0,2.95492,1.97422,-2.62371,0.0020147,-0.000162397,0.00597874,0.00072372,-0.000619857,0.00120912,0,0,0,0,0,0,0,0,0,0,0,0,0,0,0,0,0,0,0,0,0,0,0,0,0,0,0,0,0,0,0,0,0,0,0,0,0,0,0,0,1.7358,1.18584,0.882058,0.00141761,0.000947518,-0.00267756,-0.000440988,-0.000441615,-0.0045749,0,0,0,0,0,0,0,0,0,0,0,0,0,0,0,0,0,0,0,0,0,0,0,0,0,0,0,0,0,0,0,0,0,0,0,0,0,0,0,0,0,0,0,0,0,0,0,0,0,0,0,1,2,0,0,0,0,0,1.1889,0.0016,3.5072,0,0,0,0,0,0,0,-0,0,1.45183,0,0,0,0,0,0,0,0,0,0,0,0,0,0,0,0,0,0,0,0,0,0,0,0,0,0,0,0
13.95,0,0,0,0,0,0,2.95514,1.97422,-2.62297,0.00218752,-2.5635e-05,0.00742203,0.00113493,0.00020567,0.00648184,0,0,0,0,0,0,0,0,0,0,0,0,0,0,0,0,0,0,0,0,0,0,0,0,0,0,0,0,0,0,0,0,0,0,0,0,0,0,0,0,1.73596,1.18593,0.881723,0.00155396,0.000889897,-0.00335218,0.000370028,-0.00064998,-0.00586964,0,0,0,0,0,0,0,0,0,0,0,0,0,0,0,0,0,0,0,0,0,0,0,0,0,0,0,0,0,0,0,0,0,0,0,0,0,0,0,0,0,0,0,0,0,0,0,0,0,0,0,1,2,0,0,0,0,0,1.1889,-0.0001,3.5055,0,0,0,0,0,0,0,-0,0,1.45183,0,0,0,0,0,0,0,0,0,0,0,0,0,0,0,0,0,0,0,0,0,0,0,0,0,0,0,0
14,0,0,0,0,0,0,2.95514,1.97422,-2.62297,0.00218752,-2.5635e-05,0.00742203,0.00113493,0.00020567,0.00648184,0,0,0,0,0,0,0,0,0,0,0,0,0,0,0,0,0,0,0,0,0,0,0,0,0,0,0,0,0,0,0,0,0,0,0,0,0,0,0,0,1.73596,1.18593,0.881723,0.00155396,0.000889897,-0.00335218,0.000370028,-0.00064998,-0.00586964,0,0,0,0,0,0,0,0,0,0,0,0,0,0,0,0,0,0,0,0,0,0,0,0,0,0,0,0,0,0,0,0,0,0,0,0,0,0,0,0,0,0,0,0,0,0,0,0,0,0,0,1,2,0,0,0,0,0,1.1889,-0.0001,3.5055,0,0,0,0,0,0,0,-0,0,1.45183,0,0,0,0,0,0,0,0,0,0,0,0,0,0,0,0,0,0,0,0,0,0,0,0,0,0,0,0
14.05,0,0,0,0,0,0,2.95536,1.97419,-2.62229,0.0021384,-0.00022214,0.00677261,0.00054053,-0.000549944,0.00200967,0,0,0,0,0,0,0,0,0,0,0,0,0,0,0,0,0,0,0,0,0,0,0,0,0,0,0,0,0,0,0,0,0,0,0,0,0,0,0,0,1.73608,1.186,0.881404,0.00120591,0.000753081,-0.00318548,-0.00105908,-0.000965337,-0.0030329,0,0,0,0,0,0,0,0,0,0,0,0,0,0,0,0,0,0,0,0,0,0,0,0,0,0,0,0,0,0,0,0,0,0,0,0,0,0,0,0,0,0,0,0,0,0,0,0,0,0,0,1,2,0,0,0,0,0,1.1889,-0.0001,3.5055,0,0,0,0,0,0,0,-0,0,1.45186,0,0,0,0,0,0,0,0,0,0,0,0,0,0,0,0,0,0,0,0,0,0,0,0,0,0,0,0
14.1,0,0,0,0,0,0,2.95536,1.97419,-2.62229,0.0021384,-0.00022214,0.00677261,0.00054053,-0.000549944,0.00200967,0,0,0,0,0,0,0,0,0,0,0,0,0,0,0,0,0,0,0,0,0,0,0,0,0,0,0,0,0,0,0,0,0,0,0,0,0,0,0,0,1.73608,1.186,0.881404,0.00120591,0.000753081,-0.00318548,-0.00105908,-0.000965337,-0.0030329,0,0,0,0,0,0,0,0,0,0,0,0,0,0,0,0,0,0,0,0,0,0,0,0,0,0,0,0,0,0,0,0,0,0,0,0,0,0,0,0,0,0,0,0,0,0,0,0,0,0,0,1,2,0,0,0,0,0,1.1889,-0.0001,3.5055,0,0,0,0,0,0,0,-0,0,1.45186,0,0,0,0,0,0,0,0,0,0,0,0,0,0,0,0,0,0,0,0,0,0,0,0,0,0,0,0
14.15,0,0,0,0,0,0,2.95557,1.9742,-2.62162,0.00217313,9.76687e-05,0.00672426,0.000381739,0.000845505,0.000404658,0,0,0,0,0,0,0,0,0,0,0,0,0,0,0,0,0,0,0,0,0,0,0,0,0,0,0,0,0,0,0,0,0,0,0,0,0,0,0,0,1.7362,1.18612,0.881108,0.00119766,0.00113296,-0.0029669,-0.000862872,0.000895177,-0.000562155,0,0,0,0,0,0,0,0,0,0,0,0,0,0,0,0,0,0,0,0,0,0,0,0,0,0,0,0,0,0,0,0,0,0,0,0,0,0,0,0,0,0,0,0,0,0,0,0,0,0,0,1,2,0,0,0,0,0,1.1889,-0.0022,3.5034,0,0,0,0,0,0,0,-0,0,1.45188,0,0,0,0,0,0,0,0,0,0,0,0,0,0,0,0,0,0,0,0,0,0,0,0,0,0,0,0
14.2,0,0,0,0,0,0,2.95557,1.9742,-2.62162,0.00217313,9.76687e-05,0.00672426,0.000381739,0.000845505,0.000404658,0,0,0,0,0,0,0,0,0,0,0,0,0,0,0,0,0,0,0,0,0,0,0,0,0,0,0,0,0,0,0,0,0,0,0,0,0,0,0,0,1.7362,1.18612,0.881108,0.00119766,0.00113296,-0.0029669,-0.000862872,0.000895177,-0.000562155,0,0,0,0,0,0,0,0,0,0,0,0,0,0,0,0,0,0,0,0,0,0,0,0,0,0,0,0,0,0,0,0,0,0,0,0,0,0,0,0,0,0,0,0,0,0,0,0,0,0,0,1,2,0,0,0,0,0,1.1889,-0.0022,3.5034,0,0,0,0,0,0,0,-0,0,1.45188,0,0,0,0,0,0,0,0,0,0,0,0,0,0,0,0,0,0,0,0,0,0,0,0,0,0,0,0
14.25,0,0,0,0,0,0,2.9558,1.97421,-2.62091,0.00227535,5.98135e-05,0.00712383,0.000617342,0.000545276,0.00162595,0,0,0,0,0,0,0,0,0,0,0,0,0,0,0,0,0,0,0,0,0,0,0,0,0,0,0,0,0,0,0,0,0,0,0,0,0,0,0,0,1.7363,1.18622,0.880735,0.00100218,0.00101439,-0.00372642,-0.001272,0.000316067,-0.00303965,0,0,0,0,0,0,0,0,0,0,0,0,0,0,0,0,0,0,0,0,0,0,0,0,0,0,0,0,0,0,0,0,0,0,0,0,0,0,0,0,0,0,0,0,0,0,0,0,0,0,0,1,2,0,0,0,0,0,1.1889,-0.0022,3.5034,0,0,0,0,0,0,0,-0,0,1.45194,0,0,0,0,0,0,0,0,0,0,0,0,0,0,0,0,0,0,0,0,0,0,0,0,0,0,0,0
14.3,0,0,0,0,0,0,2.9558,1.97421,-2.62091,0.00227535,5.98135e-05,0.00712383,0.000617342,0.000545276,0.00162595,0,0,0,0,0,0,0,0,0,0,0,0,0,0,0,0,0,0,0,0,0,0,0,0,0,0,0,0,0,0,0,0,0,0,0,0,0,0,0,0,1.7363,1.18622,0.880735,0.00100218,0.00101439,-0.00372642,-0.001272,0.000316067,-0.00303965,0,0,0,0,0,0,0,0,0,0,0,0,0,0,0,0,0,0,0,0,0,0,0,0,0,0,0,0,0,0,0,0,0,0,0,0,0,0,0,0,0,0,0,0,0,0,0,0,0,0,0,1,2,0,0,0,0,0,1.1889,-0.0022,3.5034,0,0,0,0,0,0,0,-0,0,1.45194,0,0,0,0,0,0,0,0,0,0,0,0,0,0,0,0,0,0,0,0,0,0,0,0,0,0,0,0
14.35,0,0,0,0,0,0,2.95603,1.9742,-2.62017,0.00233026,-9.28197e-05,0.0074376,0.000620002,-0.000323075,0.0023891,0,0,0,0,0,0,0,0,0,0,0,0,0,0,0,0,0,0,0,0,0,0,0,0,0,0,0,0,0,0,0,0,0,0,0,0,0,0,0,0,1.73636,1.18635,0.880597,0.000682714,0.00131291,-0.00137636,-0.00209657,0.00130324,0.00723203,0,0,0,0,0,0,0,0,0,0,0,0,0,0,0,0,0,0,0,0,0,0,0,0,0,0,0,0,0,0,0,0,0,0,0,0,0,0,0,0,0,0,0,0,0,0,0,0,0,0,0,1,2,0,0,0,0,0,1.1891,-0.0043,3.5015,0,0,0,0,0,0,0,-0,0,1.452,0,0,0,0,0,0,0,0,0,0,0,0,0,0,0,0,0,0,0,0,0,0,0,0,0,0,0,0
14.4,0,0,0,0,0,0,2.95603,1.9742,-2.62017,0.00233026,-9.28197e-05,0.0074376,0.000620002,-0.000323075,0.0023891,0,0,0,0,0,0,0,0,0,0,0,0,0,0,0,0,0,0,0,0,0,0,0,0,0,0,0,0,0,0,0,0,0,0,0,0,0,0,0,0,1.73636,1.18635,0.880597,0.000682714,0.00131291,-0.00137636,-0.00209657,0.00130324,0.00723203,0,0,0,0,0,0,0,0,0,0,0,0,0,0,0,0,0,0,0,0,0,0,0,0,0,0,0,0,0,0,0,0,0,0,0,0,0,0,0,0,0,0,0,0,0,0,0,0,0,0,0,1,2,0,0,0,0,0,1.1891,-0.0043,3.5015,0,0,0,0,0,0,0,-0,0,1.452,0,0,0,0,0,0,0,0,0,0,0,0,0,0,0,0,0,0,0,0,0,0,0,0,0,0,0,0
14.45,0,0,0,0,0,0,2.95628,1.97418,-2.61941,0.00242148,-0.000222132,0.00755425,0.000740824,-0.000828384,0.00201575,0,0,0,0,0,0,0,0,0,0,0,0,0,0,0,0,0,0,0,0,0,0,0,0,0,0,0,0,0,0,0,0,0,0,0,0,0,0,0,0,1.73644,1.18641,0.880084,0.000760372,0.000643204,-0.00513528,-0.0010591,-0.00175781,-0.00928956,0,0,0,0,0,0,0,0,0,0,0,0,0,0,0,0,0,0,0,0,0,0,0,0,0,0,0,0,0,0,0,0,0,0,0,0,0,0,0,0,0,0,0,0,0,0,0,0,0,0,0,1,2,0,0,0,0,0,1.1891,-0.0043,3.5015,0,0,0,0,0,0,0,-0,0,1.45209,0,0,0,0,0,0,0,0,0,0,0,0,0,0,0,0,0,0,0,0,0,0,0,0,0,0,0,0
14.5,0,0,0,0,0,0,2.95628,1.97418,-2.61941,0.00242148,-0.000222132,0.00755425,0.000740824,-0.000828384,0.00201575,0,0,0,0,0,0,0,0,0,0,0,0,0,0,0,0,0,0,0,0,0,0,0,0,0,0,0,0,0,0,0,0,0,0,0,0,0,0,0,0,1.73644,1.18641,0.880084,0.000760372,0.000643204,-0.00513528,-0.0010591,-0.00175781,-0.00928956,0,0,0,0,0,0,0,0,0,0,0,0,0,0,0,0,0,0,0,0,0,0,0,0,0,0,0,0,0,0,0,0,0,0,0,0,0,0,0,0,0,0,0,0,0,0,0,0,0,0,0,1,2,0,0,0,0,0,1.1891,-0.0043,3.5015,0,0,0,0,0,0,0,-0,0,1.45209,0,0,0,0,0,0,0,0,0,0,0,0,0,0,0,0,0,0,0,0,0,0,0,0,0,0,0,0
14.55,0,0,0,0,0,0,2.95652,1.97417,-2.61859,0.00246087,-5.12681e-05,0.00819184,0.000615948,0.000117127,0.00369921,0,0,0,0,0,0,0,0,0,0,0,0,0,0,0,0,0,0,0,0,0,0,0,0,0,0,0,0,0,0,0,0,0,0,0,0,0,0,0,0,1.7365,1.18646,0.879596,0.000623759,0.000505354,-0.00487431,-0.00104215,-0.00202157,-0.00676719,0,0,0,0,0,0,0,0,0,0,0,0,0,0,0,0,0,0,0,0,0,0,0,0,0,0,0,0,0,0,0,0,0,0,0,0,0,0,0,0,0,0,0,0,0,0,0,0,0,0,0,1,2,0,0,0,0,0,1.2453,0.0497,3.5551,0,0,0,0,0,0,0,-0,0,1.45222,0,0,0,0,0,0,0,0,0,0,0,0,0,0,0,0,0,0,0,0,0,0,0,0,0,0,0,0
14.6,0,0,0,0,0,0,2.95652,1.97417,-2.61859,0.00246087,-5.12681e-05,0.00819184,0.000615948,0.000117127,0.00369921,0,0,0,0,0,0,0,0,0,0,0,0,0,0,0,0,0,0,0,0,0,0,0,0,0,0,0,0,0,0,0,0,0,0,0,0,0,0,0,0,1.7365,1.18646,0.879596,0.000623759,0.000505354,-0.00487431,-0.00104215,-0.00202157,-0.00676719,0,0,0,0,0,0,0,0,0,0,0,0,0,0,0,0,0,0,0,0,0,0,0,0,0,0,0,0,0,0,0,0,0,0,0,0,0,0,0,0,0,0,0,0,0,0,0,0,0,0,0,1,2,0,0,0,0,0,1.2453,0.0497,3.5551,0,0,0,0,0,0,0,-0,0,1.45222,0,0,0,0,0,0,0,0,0,0,0,0,0,0,0,0,0,0,0,0,0,0,0,0,0,0,0,0
14.65,0,0,0,0,0,0,2.95679,1.97411,-2.61778,0.00268043,-0.000645694,0.00808882,0.00123096,-0.00217701,0.00203954,0,0,0,0,0,0,0,0,0,0,0,0,0,0,0,0,0,0,0,0,0,0,0,0,0,0,0,0,0,0,0,0,0,0,0,0,0,0,0,0,1.73653,1.1865,0.879159,0.000225812,0.000393035,-0.00437046,-0.00221336,-0.00169808,-0.00170952,0,0,0,0,0,0,0,0,0,0,0,0,0,0,0,0,0,0,0,0,0,0,0,0,0,0,0,0,0,0,0,0,0,0,0,0,0,0,0,0,0,0,0,0,0,0,0,0,0,0,0,1,2,0,0,0,0,0,1.2453,0.0497,3.5551,0,0,0,0,0,0,0,-0,0,1.45237,0,0,0,0,0,0,0,0,0,0,0,0,0,0,0,0,0,0,0,0,0,0,0,0,0,0,0,0
14.7,0,0,0,0,0,0,2.95679,1.97411,-2.61778,0.00268043,-0.000645694,0.00808882,0.00123096,-0.00217701,0.00203954,0,0,0,0,0,0,0,0,0,0,0,0,0,0,0,0,0,0,0,0,0,0,0,0,0,0,0,0,0,0,0,0,0,0,0,0,0,0,0,0,1.73653,1.1865,0.879159,0.000225812,0.000393035,-0.00437046,-0.00221336,-0.00169808,-0.00170952,0,0,0,0,0,0,0,0,0,0,0,0,0,0,0,0,0,0,0,0,0,0,0,0,0,0,0,0,0,0,0,0,0,0,0,0,0,0,0,0,0,0,0,0,0,0,0,0,0,0,0,1,2,0,0,0,0,0,1.2453,0.0497,3.5551,0,0,0,0,0,0,0,-0,0,1.45237,0,0,0,0,0,0,0,0,0,0,0,0,0,0,0,0,0,0,0,0,0,0,0,0,0,0,0,0
14.75,0,0,0,0,0,0,2.95705,1.97413,-2.61699,0.002593,0.000194109,0.00786613,0.000472133,0.00173823,0.000107502,0,0,0,0,0,0,0,0,0,0,0,0,0,0,0,0,0,0,0,0,0,0,0,0,0,0,0,0,0,0,0,0,0,0,0,0,0,0,0,0,1.73658,1.18663,0.87861,0.000551806,0.00123424,-0.00549186,-0.000184943,0.0023853,-0.00482152,0,0,0,0,0,0,0,0,0,0,0,0,0,0,0,0,0,0,0,0,0,0,0,0,0,0,0,0,0,0,0,0,0,0,0,0,0,0,0,0,0,0,0,0,0,0,0,0,0,0,0,1,2,0,0,0,0,0,1.182,-0.0163,3.4889,0,0,0,0,0,0,0,-0,0,1.45248,0,0,0,0,0,0,0,0,0,0,0,0,0,0,0,0,0,0,0,0,0,0,0,0,0,0,0,0
14.8,0,0,0,0,0,0,2.95705,1.97413,-2.61699,0.002593,0.000194109,0.00786613,0.000472133,0.00173823,0.000107502,0,0,0,0,0,0,0,0,0,0,0,0,0,0,0,0,0,0,0,0,0,0,0,0,0,0,0,0,0,0,0,0,0,0,0,0,0,0,0,0,1.73658,1.18663,0.87861,0.000551806,0.00123424,-0.00549186,-0.000184943,0.0023853,-0.00482152,0,0,0,0,0,0,0,0,0,0,0,0,0,0,0,0,0,0,0,0,0,0,0,0,0,0,0,0,0,0,0,0,0,0,0,0,0,0,0,0,0,0,0,0,0,0,0,0,0,0,0,1,2,0,0,0,0,0,1.182,-0.0163,3.4889,0,0,0,0,0,0,0,-0,0,1.45248,0,0,0,0,0,0,0,0,0,0,0,0,0,0,0,0,0,0,0,0,0,0,0,0,0,0,0,0
14.85,0,0,0,0,0,0,2.95732,1.97411,-2.61623,0.00273953,-0.000131849,0.0076516,0.000766801,0.000271151,-0.00105244,0,0,0,0,0,0,0,0,0,0,0,0,0,0,0,0,0,0,0,0,0,0,0,0,0,0,0,0,0,0,0,0,0,0,0,0,0,0,0,0,1.73665,1.18673,0.877971,0.000722725,0.00102427,-0.00639022,0.000846508,0.0011461,-0.00690698,0,0,0,0,0,0,0,0,0,0,0,0,0,0,0,0,0,0,0,0,0,0,0,0,0,0,0,0,0,0,0,0,0,0,0,0,0,0,0,0,0,0,0,0,0,0,0,0,0,0,0,1,2,0,0,0,0,0,1.182,-0.0163,3.4889,0,0,0,0,0,0,0,-0,0,1.45259,0,0,0,0,0,0,0,0,0,0,0,0,0,0,0,0,0,0,0,0,0,0,0,0,0,0,0,0
14.9,0,0,0,0,0,0,2.95732,1.97411,-2.61623,0.00273953,-0.000131849,0.0076516,0.000766801,0.000271151,-0.00105244,0,0,0,0,0,0,0,0,0,0,0,0,0,0,0,0,0,0,0,0,0,0,0,0,0,0,0,0,0,0,0,0,0,0,0,0,0,0,0,0,1.73665,1.18673,0.877971,0.000722725,0.00102427,-0.00639022,0.000846508,0.0011461,-0.00690698,0,0,0,0,0,0,0,0,0,0,0,0,0,0,0,0,0,0,0,0,0,0,0,0,0,0,0,0,0,0,0,0,0,0,0,0,0,0,0,0,0,0,0,0,0,0,0,0,0,0,0,1,2,0,0,0,0,0,1.182,-0.0163,3.4889,0,0,0,0,0,0,0,-0,0,1.45259,0,0,0,0,0,0,0,0,0,0,0,0,0,0,0,0,0,0,0,0,0,0,0,0,0,0,0,0
14.95,0,0,0,0,0,0,2.95759,1.97412,-2.61537,0.00262175,6.22482e-05,0.0085844,3.05404e-05,0.000739771,0.00294084,0,0,0,0,0,0,0,0,0,0,0,0,0,0,0,0,0,0,0,0,0,0,0,0,0,0,0,0,0,0,0,0,0,0,0,0,0,0,0,0,1.73672,1.18685,0.87741,0.000632247,0.00125107,-0.0056099,0.000286559,0.00142699,-0.00131328,0,0,0,0,0,0,0,0,0,0,0,0,0,0,0,0,0,0,0,0,0,0,0,0,0,0,0,0,0,0,0,0,0,0,0,0,0,0,0,0,0,0,0,0,0,0,0,0,0,0,0,1,2,0,0,0,0,0,1.0969,-0.1039,3.4008,0,0,0,0,0,0,0,-0,0,1.45269,0,0,0,0,0,0,0,0,0,0,0,0,0,0,0,0,0,0,0,0,0,0,0,0,0,0,0,0
15,0,0,0,0,0,0,2.95759,1.97412,-2.61537,0.00262175,6.22482e-05,0.0085844,3.05404e-05,0.000739771,0.00294084,0,0,0,0,0,0,0,0,0,0,0,0,0,0,0,0,0,0,0,0,0,0,0,0,0,0,0,0,0,0,0,0,0,0,0,0,0,0,0,0,1.73672,1.18685,0.87741,0.000632247,0.00125107,-0.0056099,0.000286559,0.00142699,-0.00131328,0,0,0,0,0,0,0,0,0,0,0,0,0,0,0,0,0,0,0,0,0,0,0,0,0,0,0,0,0,0,0,0,0,0,0,0,0,0,0,0,0,0,0,0,0,0,0,0,0,0,0,1,2,0,0,0,0,0,1.0969,-0.1039,3.4008,0,0,0,0,0,0,0,-0,0,1.45269,0,0,0,0,0,0,0,0,0,0,0,0,0,0,0,0,0,0,0,0,0,0,0,0,0,0,0,0
15.05,202.524,135.021,31.9332,0,0,0,2.95786,1.97414,-2.61452,0.00272907,0.000177133,0.00851784,0.000343618,0.000966621,0.00202825,3,2,3.92699,0,0,0,0,0,0,0,0,0,0,0,2,3,2,3.92699,0,0,0,0,0,0,0,0,0,0,1.5708,1.5708,0,1.5708,1.5708,0,119.239,82.1536,-0.069405,0,0,0,1.73678,1.18696,0.876892,0.000632792,0.00110555,-0.00518527,9.7554e-05,0.000311825,0.00167321,1.75578,1.20968,0,0,0,0,0,0,0,0,0,0,0,0,2,1.75578,1.20968,0,58.4596,82.6352,-1.15064e-12,0,0,0,0,0,0,0,0,0,0,0,0,0.855775,1.20968,0,0,0,0,0,0,0,0,0,0,0,0,2,0.855775,1.20968,0,1,2,0,0,0,0,0,1.0969,-0.1039,3.4008,0,0,0,0,0,0,0,-0,0,1.45282,0,0,0,0,0,0,0,0,0,0,0,0,0,0,0,0,0,0,0,0,0,0,0,0,0,0,0,0
15.1,0.00775332,0.00981307,0.0175911,0,0,0,2.95786,1.97414,-2.61452,0.00272907,0.000177133,0.00851784,0.000343618,0.000966621,0.00202825,3,2,3.92699,0,0,0,0,0,0,0,0,0,0,0,2,3,2,3.92699,0,0,0,0,0,0,0,0,0,0,1.5708,1.5708,0,1.5708,1.5708,0,0.00549934,0.00538971,-0.069405,0,0,0,1.73678,1.18696,0.876892,0.000632792,0.00110555,-0.00518527,9.7554e-05,0.000311825,0.00167321,1.75578,1.20968,0,0,0,0,0,0,0,0,1,1,1,1,2,1.75578,1.20968,0,0.344544,0.487027,3.7308e-15,0,0,0,0,0,0,0,0,0,0,0,0,0.855775,1.20968,0,0,0,0,0,0,0,0,0,0,0,0,2,0.855775,1.20968,0,1,2,0,0,0,0,0,1.0969,-0.1039,3.4008,0,0,0,0,0,0,0,-0,0,1.45282,0,0,0,0,0,0,0,0,0,0,0,0,0,0,0,0,0,0,0,0,0,0,0,0,0,0,0,0
15.15,0.00776985,0.00771001,0.0169257,0,0,0,2.95813,1.97422,-2.61352,0.00269205,0.000790775,0.00995572,0.000107814,0.00306365,0.00686201,3,2,3.92699,0,0,0,0,0,0,0,0,0,0,0,2,3,2,3.92699,0,0,0,0,0,0,0,0,0,0,1.5708,1.5708,0,1.5708,1.5708,0,0.00517005,0.00499277,-0.0690154,0,0,0,1.73685,1.18709,0.87629,0.000721216,0.00120813,-0.00602181,0.000387968,0.000449049,-0.00194733,1.75578,1.20968,0,0,0,0,0,0.907154,0,0.994164,0,1,0,0.991411,2,1.75578,1.20968,0,0.344544,0.487027,3.7308e-15,0,0,0,0,0,0,0,0,0,0,0,0,0.855775,1.20968,0,0,0,0,0,0,0,0,0,0,0,0,2,0.855775,1.20968,0,1,2,0,0,0,0,0,1.2376,0.0341,3.5385,0,0,0,0,0,0,0,-0,0,1.45296,0,0,0,0,0,0,0,0,0,0,0,0,0,0,0,0,0,0,0,0,0,0,0,0,0,0,0,0
15.2,0.00776985,0.00771001,0.0169257,0,0,0,2.95813,1.97422,-2.61352,0.00269205,0.000790775,0.00995572,0.000107814,0.00306365,0.00686201,3,2,3.92699,0,0,0,0,0,0,0,0,0,0,0,2,3,2,3.92699,0,0,0,0,0,0,0,0,0,0,1.5708,1.5708,0,1.5708,1.5708,0,0.00517005,0.00499277,-0.0690154,0,0,0,1.73685,1.18709,0.87629,0.000721216,0.00120813,-0.00602181,0.000387968,0.000449049,-0.00194733,1.75578,1.20968,0,0,0,0,0,0.906485,0,0.988585,0,1,0,0.985861,2,1.75578,1.20968,0,0.344544,0.487027,3.7308e-15,0,0,0,0,0,0,0,0,0,0,0,0,0.855775,1.20968,0,0,0,0,0,0,0,0,0,0,0,0,2,0.855775,1.20968,0,1,2,0,0,0,0,0,1.2376,0.0341,3.5385,0,0,0,0,0,0,0,-0,0,1.45296,0,0,0,0,0,0,0,0,0,0,0,0,0,0,0,0,0,0,0,0,0,0,0,0,0,0,0,0
15.25,0.00752975,0.012498,0.0170443,0,0,0,2.9584,1.97416,-2.61258,0.00273063,-0.000620377,0.00947395,0.00018053,-0.00351611,0.0028273,3,2,3.92699,0,0,0,0,0,0,0,0,0,0,0,2,3,2,3.92699,0,0,0,0,0,0,0,0,0,0,1.5708,1.5708,0,1.5708,1.5708,0,0.0056595,0.00684601,-0.0691875,0,0,0,1.73691,1.18715,0.875741,0.000570308,0.000654572,-0.00548891,-0.000332334,-0.00192635,0.000483603,1.75578,1.20968,0,0,0,0,0,0.906485,0,0.988585,0,1,0,0.985861,2,1.75578,1.20968,0,0.344544,0.487027,3.7308e-15,0,0,0,0,0,0,0,0,0,0,0,0,0.855775,1.20968,0,0,0,0,0,0,0,0,0,0,0,0,2,0.855775,1.20968,0,1,2,0,0,0,0,0,1.2376,0.0341,3.5385,0,0,0,0,0,0,0,-0,0,1.45307,0,0,0,0,0,0,0,0,0,0,0,0,0,0,0,0,0,0,0,0,0,0,0,0,0,0,0,0
15.3,0.00752975,0.012498,0.0170443,0,0,0,2.9584,1.97416,-2.61258,0.00273063,-0.000620377,0.00947395,0.00018053,-0.00351611,0.0028273,3,2,3.92699,0,0,0,0,0,0,0,0,0,0,0,2,3,2,3.92699,0,0,0,0,0,0,0,0,0,0,1.5708,1.5708,0,1.5708,1.5708,0,0.0056595,0.00684601,-0.0691875,0.00798224,0.0126193,-0.0367873,1.73691,1.18715,0.875741,0.000570308,0.000654572,-0.00548891,-0.000332334,-0.00192635,0.000483603,1.75578,1.20968,0,0,0,0,0,0.895194,0,0.996385,0,1,0,0.982571,2,1.75578,1.20968,0,0.344544,0.487027,3.7308e-15,0,0,0,0,0,0,0,0,0,0,0,0,0.855775,1.20968,0,0,0,0,0,0,0,0,0,0,0,0,2,0.855775,1.20968,0,1,2,0,0,0,0,0,1.2376,0.0341,3.5385,0,0,0,0,0,0,0,-0,0,1.45307,0,0,0,0,0,0,0,0,0,0,0,0,0,0,0,0,0,0,0,0,0,0,0,0,0,0,0,0
15.35,0.00802008,0.0103082,0.0157181,0,0,0,2.95866,1.97416,-2.61133,0.00255487,2.80621e-05,0.0124869,-0.000578106,-0.00041113,0.0132124,3,2,3.92699,0,0,0,0,0,0,0,0,0,0,0,2,3,2,3.92699,0,0,0,0,0,0,0,0,0,0,1.5708,1.5708,0,1.5708,1.5708,0,0.00528622,0.00623066,-0.0687452,0.00798224,0.0126193,-0.0367873,1.73698,1.18723,0.875096,0.000672269,0.000826,-0.00644657,0.00011176,-0.000791309,-0.00321994,1.75578,1.20968,0,0,0,0,0,0.895194,0,0.996385,0,1,0,0.982571,2,1.75578,1.20968,0,0.344544,0.487027,3.7308e-15,0,0,0,0,0,0,0,0,0,0,0,0,0.855775,1.20968,0,0,0,0,0,0,0,0,0,0,0,0,2,0.855775,1.20968,0,1,2,0,0,0,0,0,1.2054,-0.0011,3.5029,0,0,0,0,0,0,0,-0,0,1.45319,0,0,0,0,0,0,0,0,0,0,0,0,0,0,0,0,0,0,0,0,0,0,0,0,0,0,0,0
15.4,0.00802008,0.0103082,0.0157181,0,0,0,2.95866,1.97416,-2.61133,0.00255487,2.80621e-05,0.0124869,-0.000578106,-0.00041113,0.0132124,3,2,3.92699,0,0,0,0,0,0,0,0,0,0,0,2,3,2,3.92699,0,0,0,0,0,0,0,0,0,0,1.5708,1.5708,0,1.5708,1.5708,0,0.00528622,0.00623066,-0.0687452,0.00799038,0.0126141,-0.0367873,1.73698,1.18723,0.875096,0.000672269,0.000826,-0.00644657,0.00011176,-0.000791309,-0.00321994,1.75578,1.20968,0,0,0,0,0,0.895717,0,0.989349,0,1,0,0.977012,2,1.75578,1.20968,0,0.344544,0.487027,3.7308e-15,0,0,0,0,0,0,0,0,0,0,0,0,0.855775,1.20968,0,0,0,0,0,0,0,0,0,0,0,0,2,0.855775,1.20968,0,1,2,0,0,0,0,0,1.2054,-0.0011,3.5029,0,0,0,0,0,0,0,-0,0,1.45319,0,0,0,0,0,0,0,0,0,0,0,0,0,0,0,0,0,0,0,0,0,0,0,0,0,0,0,0
15.45,0.00821759,0.00901391,0.0143864,0,0,0,2.9589,1.9742,-2.60978,0.00246695,0.00040668,0.0154542,-0.000807655,0.00168625,0.0211645,3,2,3.92699,0,0,0,0,0,0,0,0,0,0,0,2,3,2,3.92699,0,0,0,0,0,0,0,0,0,0,1.5708,1.5708,0,1.5708,1.5708,0,0.00588213,0.00582545,-0.0701836,0.00799038,0.0126141,-0.0367873,1.73702,1.18733,0.874811,0.000490948,0.000934267,-0.00285458,-0.00059893,0.00010898,0.011933,1.75578,1.20968,0,0,0,0,0,0.895717,0,0.989349,0,1,0,0.977012,2,1.75578,1.20968,0,0.344544,0.487027,3.7308e-15,0,0,0,0,0,0,0,0,0,0,0,0,0.855775,1.20968,0,0,0,0,0,0,0,0,0,0,0,0,2,0.855775,1.20968,0,1,2,0,0,0,0,0,1.2054,-0.0011,3.5029,0,0,0,0,0,0,0,-0,0,1.45333,0,0,0,0,0,0,0,0,0,0,0,0,0,0,0,0,0,0,0,0,0,0,0,0,0,0,0,0
15.5,0.00821759,0.00901391,0.0143864,0,0,0,2.9589,1.9742,-2.60978,0.00246695,0.00040668,0.0154542,-0.000807655,0.00168625,0.0211645,3,2,3.92699,0,0,0,0,0,0,0,0,0,0,0,2,3,2,3.92699,0,0,0,0,0,0,0,0,0,0,1.5708,1.5708,0,1.5708,1.5708,0,0.00588213,0.00582545,-0.0701836,0.00799397,0.0126118,-0.0367873,1.73702,1.18733,0.874811,0.000490948,0.000934267,-0.00285458,-0.00059893,0.00010898,0.011933,1.75578,1.20968,0,0,0,0,0,0.909872,0,1,0,1,0,1,2,1.75578,1.20968,0,0.344544,0.487027,3.7308e-15,0,0,0,0,0,0,0,0,0,0,0,0,0.855775,1.20968,0,0,0,0,0,0,0,0,0,0,0,0,2,0.855775,1.20968,0,1,2,0,0,0,0,0,1.2054,-0.0011,3.5029,0,0,0,0,0,0,0,-0,0,1.45333,0,0,0,0,0,0,0,0,0,0,0,0,0,0,0,0,0,0,0,0,0,0,0,0,0,0,0,0
15.55,0.0102139,0.0115751,0.0131778,0,0,0,2.95909,1.97416,-2.60798,0.00185341,-0.000347972,0.0180663,-0.00296344,-0.00171844,0.0242464,3,2,3.92699,0,0,0,0,0,0,0,0,0,0,0,2,3,2,3.92699,0,0,0,0,0,0,0,0,0,0,1.5708,1.5708,0,1.5708,1.5708,0,0.00774209,0.00938364,-0.0716713,0.00816212,0.00976974,-0.0370858,1.73702,1.18732,0.874889,-5.6164e-05,-0.000112328,0.000785752,-0.00264101,-0.00399306,0.0237556,1.75578,1.20968,0,0,0,0,0,0.909872,0,1,0,1,0,1,2,1.75578,1.20968,0,0.344544,0.487027,3.7308e-15,0,0,0,0,0,0,0,0,0,0,0,0,0.855775,1.20968,0,0,0,0,0,0,0,0,0,0,0,0,2,0.855775,1.20968,0,1,2,0,0,0,0,0,1.1906,-0.0202,3.4847,0,0,0,0,0,0,0,-0,0,1.45347,0,0,0,0,0,0,0,0,0,0,0,0,0,0,0,0,0,0,0,0,0,0,0,0,0,0,0,0
15.6,0.0102139,0.0115751,0.0131778,0,0,0,2.95909,1.97416,-2.60798,0.00185341,-0.000347972,0.0180663,-0.00296344,-0.00171844,0.0242464,3,2,3.92699,0,0,0,0,0,0,0,0,0,0,0,2,3,2,3.92699,0,0,0,0,0,0,0,0,0,0,1.5708,1.5708,0,1.5708,1.5708,0,0.00774209,0.00938364,-0.0716713,0.00816135,0.00977038,-0.0370858,1.73702,1.18732,0.874889,-5.6164e-05,-0.000112328,0.000785752,-0.00264101,-0.00399306,0.0237556,1.75578,1.20968,0,0,0,0,0,0.891182,0,1,0.0196401,1,0,1,2,1.75578,1.20968,0,0.344544,0.487027,3.7308e-15,0,0,0,0,0,0,0,0,0,0,0,0,0.855775,1.20968,0,0,0,0,0,0,0,0,0,0,0,0,2,0.855775,1.20968,0,1,2,0,0,0,0,0,1.1906,-0.0202,3.4847,0,0,0,0,0,0,0,-0,0,1.45347,0,0,0,0,0,0,0,0,0,0,0,0,0,0,0,0,0,0,0,0,0,0,0,0,0,0,0,0
15.65,0.00985735,0.011718,0.0118307,0,0,0,2.95928,1.97413,-2.60588,0.00193594,-0.000385724,0.0209608,-0.00174174,-0.0016439,0.0265431,3,2,3.92699,0,0,0,0,0,0,0,0,0,0,0,2,3,2,3.92699,0,0,0,0,0,0,0,0,0,0,1.5708,1.5708,0,1.5708,1.5708,0,0.00758913,0.00792862,-0.0720447,0.00816135,0.00977038,-0.0370858,1.73702,1.18735,0.875056,-1.09858e-05,0.000312485,0.00167004,-0.00168199,-0.00125595,0.0194,1.75578,1.20968,0,0,0,0,0,0.891182,0,1,0.0196401,1,0,1,2,1.75578,1.20968,0,0.344544,0.487027,3.7308e-15,0,0,0,0,0,0,0,0,0,0,0,0,0.855775,1.20968,0,0,0,0,0,0,0,0,0,0,0,0,2,0.855775,1.20968,0,1,2,0,0,0,0,0,1.1906,-0.0202,3.4847,0,0,0,0,0,0,0,-0,0,1.4536,0,0,0,0,0,0,0,0,0,0,0,0,0,0,0,0,0,0,0,0,0,0,0,0,0,0,0,0
15.7,0.00985735,0.011718,0.0118307,0,0,0,2.95928,1.97413,-2.60588,0.00193594,-0.000385724,0.0209608,-0.00174174,-0.0016439,0.0265431,3,2,3.92699,0,0,0,0,0,0,0,0,0,0,0,2,3,2,3.92699,0,0,0,0,0,0,0,0,0,0,1.5708,1.5708,0,1.5708,1.5708,0,0.00758913,0.00792862,-0.0720447,0.00815972,0.00977174,-0.0370858,1.73702,1.18735,0.875056,-1.09858e-05,0.000312485,0.00167004,-0.00168199,-0.00125595,0.0194,1.75578,1.20968,0,0,0,0,0,0.902695,0,1,0.0157124,1,0,1,2,1.75578,1.20968,0,0.344544,0.487027,3.7308e-15,0,0,0,0,0,0,0,0,0,0,0,0,0.855775,1.20968,0,0,0,0,0,0,0,0,0,0,0,0,2,0.855775,1.20968,0,1,2,0,0,0,0,0,1.1906,-0.0202,3.4847,0,0,0,0,0,0,0,-0,0,1.4536,0,0,0,0,0,0,0,0,0,0,0,0,0,0,0,0,0,0,0,0,0,0,0,0,0,0,0,0
15.75,0.0116557,0.0116001,0.0101948,0,0,0,2.95942,1.97409,-2.60343,0.00138659,-0.000346648,0.0244953,-0.00307608,-0.000820696,0.0303651,3,2,3.92699,0,0,0,0,0,0,0,0,0,0,0,2,3,2,3.92699,0,0,0,0,0,0,0,0,0,0,1.5708,1.5708,0,1.5708,1.5708,0,0.00709892,0.0088974,-0.0716158,0.00815972,0.00977174,-0.0370858,1.73703,1.18735,0.875117,0.000131823,2.68529e-05,0.000603738,-0.00030944,-0.001525,0.0067974,1.75578,1.20968,0,0,0,0,0,0.902695,0,1,0.0157124,1,0,1,2,1.75578,1.20968,0,0.344544,0.487027,3.7308e-15,0,0,0,0,0,0,0,0,0,0,0,0,0.855775,1.20968,0,0,0,0,0,0,0,0,0,0,0,0,2,0.855775,1.20968,0,1,2,0,0,0,0,0,1.2328,0.0162,3.5228,0,0,0,0,0,0,0,-0,0,1.45368,0,0,0,0,0,0,0,0,0,0,0,0,0,0,0,0,0,0,0,0,0,0,0,0,0,0,0,0
15.8,0.0116557,0.0116001,0.0101948,0,0,0,2.95942,1.97409,-2.60343,0.00138659,-0.000346648,0.0244953,-0.00307608,-0.000820696,0.0303651,3,2,3.92699,0,0,0,0,0,0,0,0,0,0,0,2,3,2,3.92699,0,0,0,0,0,0,0,0,0,0,1.5708,1.5708,0,1.5708,1.5708,0,0.00709892,0.0088974,-0.0716158,0.00935948,0.0112099,-0.0369727,1.73703,1.18735,0.875117,0.000131823,2.68529e-05,0.000603738,-0.00030944,-0.001525,0.0067974,1.75578,1.20968,0,0,0,0,0,0.896613,0,1,0.0146886,1,0,1,2,1.75578,1.20968,0,0.344544,0.487027,3.7308e-15,0,0,0,0,0,0,0,0,0,0,0,0,0.855775,1.20968,0,0,0,0,0,0,0,0,0,0,0,0,2,0.855775,1.20968,0,1,2,0,0,0,0,0,1.2328,0.0162,3.5228,0,0,0,0,0,0,0,-0,0,1.45368,0,0,0,0,0,0,0,0,0,0,0,0,0,0,0,0,0,0,0,0,0,0,0,0,0,0,0,0
15.85,0.0116557,0.0116001,0.0101948,0,0,0,2.95942,1.97409,-2.60343,0.00138659,-0.000346648,0.0244953,-0.00307608,-0.000820696,0.0303651,3,2,3.92699,0,0,0,0,0,0,0,0,0,0,0,2,3,2,3.92699,0,0,0,0,0,0,0,0,0,0,1.5708,1.5708,0,1.5708,1.5708,0,0.00709892,0.0088974,-0.0716158,0.00935948,0.0112099,-0.0369727,1.73703,1.18735,0.875117,0.000131823,2.68529e-05,0.000603738,-0.00030944,-0.001525,0.0067974,1.75578,1.20968,0,0,0,0,0,0.896613,0,1,0.0146886,1,0,1,2,1.75578,1.20968,0,0.344544,0.487027,3.7308e-15,0,0,0,0,0,0,0,0,0,0,0,0,0.855775,1.20968,0,0,0,0,0,0,0,0,0,0,0,0,2,0.855775,1.20968,0,1,2,0,0,0,0,0,1.2328,0.0162,3.5228,0,0,0,0,0,0,0,-0,0,1.45368,0,0,0,0,0,0,0,0,0,0,0,0,0,0,0,0,0,0,0,0,0,0,0,0,0,0,0,0
15.9,0.0111733,0.0118562,0.00922538,0,0,0,2.95957,1.97405,-2.6008,0.00151151,-0.000417557,0.0263525,-0.00152904,-0.000664558,0.0261599,3,2,3.92699,0,0,0,0,0,0,0,0,0,0,0,2,3,2,3.92699,0,0,0,0,0,0,0,0,0,0,1.5708,1.5708,0,1.5708,1.5708,0,0.00731161,0.00791891,-0.0717697,0.00935948,0.0112099,-0.0369727,1.73704,1.18738,0.875213,6.8372e-05,0.000311337,0.000962792,-0.000253647,0.000184603,0.00381036,1.75578,1.20968,0,0,0,0,0,0.896613,0,1,0.0146886,1,0,1,2,1.75578,1.20968,0,0.344544,0.487027,3.7308e-15,0,0,0,0,0,0,0,0,0,0,0,0,0.855775,1.20968,0,0,0,0,0,0,0,0,0,0,0,0,2,0.855775,1.20968,0,1,2,0,0,0,0,0,1.2328,0.0162,3.5228,0,0,0,0,0,0,0,-0,0,1.45377,0,0,0,0,0,0,0,0,0,0,0,0,0,0,0,0,0,0,0,0,0,0,0,0,0,0,0,0
15.95,0.0122216,0.0123568,0.00811881,0,0,0,2.95969,1.97399,-2.59795,0.00118677,-0.000559198,0.0285041,-0.00200581,-0.00094401,0.0237455,3,2,3.92699,0,0,0,0,0,0,0,0,0,0,0,2,3,2,3.92699,0,0,0,0,0,0,0,0,0,0,1.5708,1.5708,0,1.5708,1.5708,0,0.00740114,0.00840135,-0.0719377,0.0093584,0.0112108,-0.0369727,1.73704,1.1874,0.875348,4.15125e-05,0.000167271,0.00134854,-0.000252055,-0.000233316,0.00342543,1.75578,1.20968,0,0,0,0,0,0.901882,0,1,0.0130553,1,0,1,2,1.75578,1.20968,0,0.344544,0.487027,3.7308e-15,0,0,0,0,0,0,0,0,0,0,0,0,0.855775,1.20968,0,0,0,0,0,0,0,0,0,0,0,0,2,0.855775,1.20968,0,1,2,0,0,0,0,0,1.1911,-0.0326,3.4761,0,0,0,0,0,0,0,-0,0,1.45382,0,0,0,0,0,0,0,0,0,0,0,0,0,0,0,0,0,0,0,0,0,0,0,0,0,0,0,0
16,0.0122216,0.0123568,0.00811881,0,0,0,2.95969,1.97399,-2.59795,0.00118677,-0.000559198,0.0285041,-0.00200581,-0.00094401,0.0237455,3,2,3.92699,0,0,0,0,0,0,0,0,0,0,0,2,3,2,3.92699,0,0,0,0,0,0,0,0,0,0,1.5708,1.5708,0,1.5708,1.5708,0,0.00740114,0.00840135,-0.0719377,0.00935689,0.0112121,-0.0369727,1.73704,1.1874,0.875348,4.15125e-05,0.000167271,0.00134854,-0.000252055,-0.000233316,0.00342543,1.75578,1.20968,0,0,0,0,0,0.90028,0,1,0.0160252,1,0,1,2,1.75578,1.20968,0,0.344544,0.487027,3.7308e-15,0,0,0,0,0,0,0,0,0,0,0,0,0.855775,1.20968,0,0,0,0,0,0,0,0,0,0,0,0,2,0.855775,1.20968,0,1,2,0,0,0,0,0,1.1911,-0.0326,3.4761,0,0,0,0,0,0,0,-0,0,1.45382,0,0,0,0,0,0,0,0,0,0,0,0,0,0,0,0,0,0,0,0,0,0,0,0,0,0,0,0
16.05,0.0122216,0.0123568,0.00811881,0,0,0,2.95969,1.97399,-2.59795,0.00118677,-0.000559198,0.0285041,-0.00200581,-0.00094401,0.0237455,3,2,3.92699,0,0,0,0,0,0,0,0,0,0,0,2,3,2,3.92699,0,0,0,0,0,0,0,0,0,0,1.5708,1.5708,0,1.5708,1.5708,0,0.00740114,0.00840135,-0.0719377,0.009025,0.0108144,-0.0370039,1.73704,1.1874,0.875348,4.15125e-05,0.000167271,0.00134854,-0.000252055,-0.000233316,0.00342543,1.75578,1.20968,0,0,0,0,0,0.90028,0,1,0.0160252,1,0,1,2,1.75578,1.20968,0,0.344544,0.487027,3.7308e-15,0,0,0,0,0,0,0,0,0,0,0,0,0.855775,1.20968,0,0,0,0,0,0,0,0,0,0,0,0,2,0.855775,1.20968,0,1,2,0,0,0,0,0,1.1911,-0.0326,3.4761,0,0,0,0,0,0,0,-0,0,1.45382,0,0,0,0,0,0,0,0,0,0,0,0,0,0,0,0,0,0,0,0,0,0,0,0,0,0,0,0
16.1,0.0122663,0.0118578,0.00735398,0,0,0,2.95981,1.97395,-2.59497,0.0011597,-0.000406505,0.0297888,-0.00137684,5.27656e-06,0.019073,3,2,3.92699,0,0,0,0,0,0,0,0,0,0,0,2,3,2,3.92699,0,0,0,0,0,0,0,0,0,0,1.5708,1.5708,0,1.5708,1.5708,0,0.0078944,0.00722876,-0.0722477,0.009025,0.0108144,-0.0370039,1.73703,1.18745,0.875555,-0.000102542,0.000506604,0.00206893,-0.000726731,0.00115926,0.00488367,1.75578,1.20968,0,0,0,0,0,0.90028,0,1,0.0160252,1,0,1,2,1.75578,1.20968,0,0.344544,0.487027,3.7308e-15,0,0,0,0,0,0,0,0,0,0,0,0,0.855775,1.20968,0,0,0,0,0,0,0,0,0,0,0,0,2,0.855775,1.20968,0,1,2,0,0,0,0,0,1.1911,-0.0326,3.4761,0,0,0,0,0,0,0,-0,0,1.45388,0,0,0,0,0,0,0,0,0,0,0,0,0,0,0,0,0,0,0,0,0,0,0,0,0,0,0,0
16.15,0.0131868,0.0131251,0.0058676,0,0,0,2.95989,1.97388,-2.59169,0.00087651,-0.000772745,0.032789,-0.00187346,-0.00133161,0.0228001,3,2,3.92699,0,0,0,0,0,0,0,0,0,0,0,2,3,2,3.92699,0,0,0,0,0,0,0,0,0,0,1.5708,1.5708,0,1.5708,1.5708,0,0.00701775,0.00855046,-0.0715723,0.00902276,0.0108162,-0.0370039,1.73705,1.18746,0.875595,0.000153817,0.000115973,0.000401161,0.00052373,-0.000676382,-0.00353465,1.75578,1.20968,0,0,0,0,0,0.906218,0,1,0.0159556,1,0,1,2,1.75578,1.20968,0,0.344544,0.487027,3.7308e-15,0,0,0,0,0,0,0,0,0,0,0,0,0.855775,1.20968,0,0,0,0,0,0,0,0,0,0,0,0,2,0.855775,1.20968,0,1,2,0,0,0,0,0,1.1912,-0.0405,3.4706,0,0,0,0,0,0,0,-0,0,1.45389,0,0,0,0,0,0,0,0,0,0,0,0,0,0,0,0,0,0,0,0,0,0,0,0,0,0,0,0
16.2,0.0131868,0.0131251,0.0058676,0,0,0,2.95989,1.97388,-2.59169,0.00087651,-0.000772745,0.032789,-0.00187346,-0.00133161,0.0228001,3,2,3.92699,0,0,0,0,0,0,0,0,0,0,0,2,3,2,3.92699,0,0,0,0,0,0,0,0,0,0,1.5708,1.5708,0,1.5708,1.5708,0,0.00701775,0.00855046,-0.0715723,0.00902233,0.0108166,-0.0370039,1.73705,1.18746,0.875595,0.000153817,0.000115973,0.000401161,0.00052373,-0.000676382,-0.00353465,1.75578,1.20968,0,0,0,0,0,0.898598,0,1,0.0127454,1,0,1,2,1.75578,1.20968,0,0.344544,0.487027,3.7308e-15,0,0,0,0,0,0,0,0,0,0,0,0,0.855775,1.20968,0,0,0,0,0,0,0,0,0,0,0,0,2,0.855775,1.20968,0,1,2,0,0,0,0,0,1.1912,-0.0405,3.4706,0,0,0,0,0,0,0,-0,0,1.45389,0,0,0,0,0,0,0,0,0,0,0,0,0,0,0,0,0,0,0,0,0,0,0,0,0,0,0,0
16.25,0.012686,0.0131759,0.0056098,0,0,0,2.96,1.9738,-2.58841,0.00101282,-0.000778531,0.0327661,-0.000646753,-0.00100395,0.0141204,3,2,3.92699,0,0,0,0,0,0,0,0,0,0,0,2,3,2,3.92699,0,0,0,0,0,0,0,0,0,0,1.5708,1.5708,0,1.5708,1.5708,0,0.00803475,0.00736786,-0.0722875,0.00902233,0.0108166,-0.0370039,1.73703,1.18751,0.875806,-0.000143992,0.000458821,0.0021164,-0.000706291,0.000715586,0.00359297,1.75578,1.20968,0,0,0,0,0,0.898598,0,1,0.0127454,1,0,1,2,1.75578,1.20968,0,0.344544,0.487027,3.7308e-15,0,0,0,0,0,0,0,0,0,0,0,0,0.855775,1.20968,0,0,0,0,0,0,0,0,0,0,0,0,2,0.855775,1.20968,0,1,2,0,0,0,0,0,1.1912,-0.0405,3.4706,0,0,0,0,0,0,0,-0,0,1.45392,0,0,0,0,0,0,0,0,0,0,0,0,0,0,0,0,0,0,0,0,0,0,0,0,0,0,0,0
16.3,0.012686,0.0131759,0.0056098,0,0,0,2.96,1.9738,-2.58841,0.00101282,-0.000778531,0.0327661,-0.000646753,-0.00100395,0.0141204,3,2,3.92699,0,0,0,0,0,0,0,0,0,0,0,2,3,2,3.92699,0,0,0,0,0,0,0,0,0,0,1.5708,1.5708,0,1.5708,1.5708,0,0.00803475,0.00736786,-0.0722875,0.00902004,0.0108185,-0.0370039,1.73703,1.18751,0.875806,-0.000143992,0.000458821,0.0021164,-0.000706291,0.000715586,0.00359297,1.75578,1.20968,0,0,0,0,0,0.905296,0,1,0.0170456,1,0,1,2,1.75578,1.20968,0,0.344544,0.487027,3.7308e-15,0,0,0,0,0,0,0,0,0,0,0,0,0.855775,1.20968,0,0,0,0,0,0,0,0,0,0,0,0,2,0.855775,1.20968,0,1,2,0,0,0,0,0,1.1912,-0.0405,3.4706,0,0,0,0,0,0,0,-0,0,1.45392,0,0,0,0,0,0,0,0,0,0,0,0,0,0,0,0,0,0,0,0,0,0,0,0,0,0,0,0
16.35,0.0133017,0.0137597,0.00411907,0,0,0,2.96008,1.9737,-2.58484,0.00082061,-0.000940282,0.0357185,-0.000991862,-0.00120357,0.0190502,3,2,3.92699,0,0,0,0,0,0,0,0,0,0,0,2,3,2,3.92699,0,0,0,0,0,0,0,0,0,0,1.5708,1.5708,0,1.5708,1.5708,0,0.00730669,0.00879151,-0.0719394,0.00856633,0.0102743,-0.0370468,1.73704,1.18751,0.87593,6.96053e-05,3.90766e-05,0.00123605,0.000263087,-0.00105974,-0.000398642,1.75578,1.20968,0,0,0,0,0,0.905296,0,1,0.0170456,1,0,1,2,1.75578,1.20968,0,0.344544,0.487027,3.7308e-15,0,0,0,0,0,0,0,0,0,0,0,0,0.855775,1.20968,0,0,0,0,0,0,0,0,0,0,0,0,2,0.855775,1.20968,0,1,2,0,0,0,0,0,1.1911,-0.0495,3.4643,0,0,0,0,0,0,0,-0,0,1.45393,0,0,0,0,0,0,0,0,0,0,0,0,0,0,0,0,0,0,0,0,0,0,0,0,0,0,0,0
16.4,0.0133017,0.0137597,0.00411907,0,0,0,2.96008,1.9737,-2.58484,0.00082061,-0.000940282,0.0357185,-0.000991862,-0.00120357,0.0190502,3,2,3.92699,0,0,0,0,0,0,0,0,0,0,0,2,3,2,3.92699,0,0,0,0,0,0,0,0,0,0,1.5708,1.5708,0,1.5708,1.5708,0,0.00730669,0.00879151,-0.0719394,0.00856506,0.0102754,-0.0370468,1.73704,1.18751,0.87593,6.96053e-05,3.90766e-05,0.00123605,0.000263087,-0.00105974,-0.000398642,1.75578,1.20968,0,0,0,0,0,0.898551,0,1,0.0172859,1,0,1,2,1.75578,1.20968,0,0.344544,0.487027,3.7308e-15,0,0,0,0,0,0,0,0,0,0,0,0,0.855775,1.20968,0,0,0,0,0,0,0,0,0,0,0,0,2,0.855775,1.20968,0,1,2,0,0,0,0,0,1.1911,-0.0495,3.4643,0,0,0,0,0,0,0,-0,0,1.45393,0,0,0,0,0,0,0,0,0,0,0,0,0,0,0,0,0,0,0,0,0,0,0,0,0,0,0,0
16.45,0.013345,0.0137252,0.00353245,0,0,0,2.96016,1.97361,-2.5812,0.000798258,-0.000919095,0.0364314,-0.000730203,-0.000666479,0.0150105,3,2,3.92699,0,0,0,0,0,0,0,0,0,0,0,2,3,2,3.92699,0,0,0,0,0,0,0,0,0,0,1.5708,1.5708,0,1.5708,1.5708,0,0.00660786,0.0084,-0.0714748,0.00856506,0.0102754,-0.0370468,1.73707,1.18752,0.875939,0.000272189,0.000152572,9.23777e-05,0.00109869,-0.000422857,-0.00534726,1.75578,1.20968,0,0,0,0,0,0.898551,0,1,0.0172859,1,0,1,2,1.75578,1.20968,0,0.344544,0.487027,3.7308e-15,0,0,0,0,0,0,0,0,0,0,0,0,0.855775,1.20968,0,0,0,0,0,0,0,0,0,0,0,0,2,0.855775,1.20968,0,1,2,0,0,0,0,0,1.1911,-0.0495,3.4643,0,0,0,0,0,0,0,-0,0,1.45392,0,0,0,0,0,0,0,0,0,0,0,0,0,0,0,0,0,0,0,0,0,0,0,0,0,0,0,0
16.5,0.013345,0.0137252,0.00353245,0,0,0,2.96016,1.97361,-2.5812,0.000798258,-0.000919095,0.0364314,-0.000730203,-0.000666479,0.0150105,3,2,3.92699,0,0,0,0,0,0,0,0,0,0,0,2,3,2,3.92699,0,0,0,0,0,0,0,0,0,0,1.5708,1.5708,0,1.5708,1.5708,0,0.00660786,0.0084,-0.0714748,0.00856497,0.0102755,-0.0370468,1.73707,1.18752,0.875939,0.000272189,0.000152572,9.23777e-05,0.00109869,-0.000422857,-0.00534726,1.75578,1.20968,0,0,0,0,0,0.90079,0,1,0.00974193,1,0,1,2,1.75578,1.20968,0,0.344544,0.487027,3.7308e-15,0,0,0,0,0,0,0,0,0,0,0,0,0.855775,1.20968,0,0,0,0,0,0,0,0,0,0,0,0,2,0.855775,1.20968,0,1,2,0,0,0,0,0,1.1911,-0.0495,3.4643,0,0,0,0,0,0,0,-0,0,1.45392,0,0,0,0,0,0,0,0,0,0,0,0,0,0,0,0,0,0,0,0,0,0,0,0,0,0,0,0
16.55,0.0134366,0.0128795,0.00313414,0,0,0,2.96023,1.97355,-2.57753,0.000762024,-0.000660665,0.0366763,-0.000548902,0.000706249,0.00939805,3,2,3.92699,0,0,0,0,0,0,0,0,0,0,0,2,3,2,3.92699,0,0,0,0,0,0,0,0,0,0,1.5708,1.5708,0,1.5708,1.5708,0,0.00799779,0.00747894,-0.0722388,0.00856497,0.0102755,-0.0370468,1.73705,1.18757,0.876132,-0.000135552,0.000418868,0.00193137,-0.000856528,0.000896088,0.00346622,1.75578,1.20968,0,0,0,0,0,0.90079,0,1,0.00974193,1,0,1,2,1.75578,1.20968,0,0.344544,0.487027,3.7308e-15,0,0,0,0,0,0,0,0,0,0,0,0,0.855775,1.20968,0,0,0,0,0,0,0,0,0,0,0,0,2,0.855775,1.20968,0,1,2,0,0,0,0,0,1.2188,-0.0315,3.4852,0,0,0,0,0,0,0,-0,0,1.45394,0,0,0,0,0,0,0,0,0,0,0,0,0,0,0,0,0,0,0,0,0,0,0,0,0,0,0,0
16.6,0.0134366,0.0128795,0.00313414,0,0,0,2.96023,1.97355,-2.57753,0.000762024,-0.000660665,0.0366763,-0.000548902,0.000706249,0.00939805,3,2,3.92699,0,0,0,0,0,0,0,0,0,0,0,2,3,2,3.92699,0,0,0,0,0,0,0,0,0,0,1.5708,1.5708,0,1.5708,1.5708,0,0.00799779,0.00747894,-0.0722388,0.00856298,0.0102771,-0.0370468,1.73705,1.18757,0.876132,-0.000135552,0.000418868,0.00193137,-0.000856528,0.000896088,0.00346622,1.75578,1.20968,0,0,0,0,0,0.904412,0,1,0.0171658,1,0,1,2,1.75578,1.20968,0,0.344544,0.487027,3.7308e-15,0,0,0,0,0,0,0,0,0,0,0,0,0.855775,1.20968,0,0,0,0,0,0,0,0,0,0,0,0,2,0.855775,1.20968,0,1,2,0,0,0,0,0,1.2188,-0.0315,3.4852,0,0,0,0,0,0,0,-0,0,1.45394,0,0,0,0,0,0,0,0,0,0,0,0,0,0,0,0,0,0,0,0,0,0,0,0,0,0,0,0
16.65,0.0123896,0.012455,0.00250115,0,0,0,2.96034,1.97349,-2.57378,0.00105959,-0.000528572,0.0374823,0.000884836,0.00113687,0.00814839,3,2,3.92699,0,0,0,0,0,0,0,0,0,0,0,2,3,2,3.92699,0,0,0,0,0,0,0,0,0,0,1.5708,1.5708,0,1.5708,1.5708,0,0.00731944,0.00742488,-0.0721457,0.00864285,0.010373,-0.0370392,1.73706,1.18761,0.876299,6.34774e-05,0.000429693,0.00166895,1.619e-05,0.000760323,0.00222788,1.75578,1.20968,0,0,0,0,0,0.904412,0,1,0.0171658,1,0,1,2,1.75578,1.20968,0,0.344544,0.487027,3.7308e-15,0,0,0,0,0,0,0,0,0,0,0,0,0.855775,1.20968,0,0,0,0,0,0,0,0,0,0,0,0,2,0.855775,1.20968,0,1,2,0,0,0,0,0,1.2188,-0.0315,3.4852,0,0,0,0,0,0,0,-0,0,1.45397,0,0,0,0,0,0,0,0,0,0,0,0,0,0,0,0,0,0,0,0,0,0,0,0,0,0,0,0
16.7,0.0123896,0.012455,0.00250115,0,0,0,2.96034,1.97349,-2.57378,0.00105959,-0.000528572,0.0374823,0.000884836,0.00113687,0.00814839,3,2,3.92699,0,0,0,0,0,0,0,0,0,0,0,2,3,2,3.92699,0,0,0,0,0,0,0,0,0,0,1.5708,1.5708,0,1.5708,1.5708,0,0.00731944,0.00742488,-0.0721457,0.00864112,0.0103744,-0.0370392,1.73706,1.18761,0.876299,6.34774e-05,0.000429693,0.00166895,1.619e-05,0.000760323,0.00222788,1.75578,1.20968,0,0,0,0,0,0.907104,0,1,0.0138434,1,0,1,2,1.75578,1.20968,0,0.344544,0.487027,3.7308e-15,0,0,0,0,0,0,0,0,0,0,0,0,0.855775,1.20968,0,0,0,0,0,0,0,0,0,0,0,0,2,0.855775,1.20968,0,1,2,0,0,0,0,0,1.2188,-0.0315,3.4852,0,0,0,0,0,0,0,-0,0,1.45397,0,0,0,0,0,0,0,0,0,0,0,0,0,0,0,0,0,0,0,0,0,0,0,0,0,0,0,0
16.75,0.0129634,0.0130313,0.00222911,0,0,0,2.96043,1.97342,-2.57004,0.000879101,-0.000691071,0.0374018,3.53346e-06,9.21665e-05,0.00437272,3,2,3.92699,0,0,0,0,0,0,0,0,0,0,0,2,3,2,3.92699,0,0,0,0,0,0,0,0,0,0,1.5708,1.5708,0,1.5708,1.5708,0,0.0068512,0.00921529,-0.0715017,0.00864112,0.0103744,-0.0370392,1.73708,1.1876,0.876308,0.000199019,-9.64571e-05,8.46575e-05,0.000669429,-0.00166444,-0.00516139,1.75578,1.20968,0,0,0,0,0,0.907104,0,1,0.0138434,1,0,1,2,1.75578,1.20968,0,0.344544,0.487027,3.7308e-15,0,0,0,0,0,0,0,0,0,0,0,0,0.855775,1.20968,0,0,0,0,0,0,0,0,0,0,0,0,2,0.855775,1.20968,0,1,2,0,0,0,0,0,1.1908,-0.0693,3.4501,0,0,0,0,0,0,0,-0,0,1.45399,0,0,0,0,0,0,0,0,0,0,0,0,0,0,0,0,0,0,0,0,0,0,0,0,0,0,0,0
16.8,0.0129634,0.0130313,0.00222911,0,0,0,2.96043,1.97342,-2.57004,0.000879101,-0.000691071,0.0374018,3.53346e-06,9.21665e-05,0.00437272,3,2,3.92699,0,0,0,0,0,0,0,0,0,0,0,2,3,2,3.92699,0,0,0,0,0,0,0,0,0,0,1.5708,1.5708,0,1.5708,1.5708,0,0.0068512,0.00921529,-0.0715017,0.00864103,0.0103745,-0.0370392,1.73708,1.1876,0.876308,0.000199019,-9.64571e-05,8.46575e-05,0.000669429,-0.00166444,-0.00516139,1.75578,1.20968,0,0,0,0,0,0.895349,0,1,0.013869,1,0,1,2,1.75578,1.20968,0,0.344544,0.487027,3.7308e-15,0,0,0,0,0,0,0,0,0,0,0,0,0.855775,1.20968,0,0,0,0,0,0,0,0,0,0,0,0,2,0.855775,1.20968,0,1,2,0,0,0,0,0,1.1908,-0.0693,3.4501,0,0,0,0,0,0,0,-0,0,1.45399,0,0,0,0,0,0,0,0,0,0,0,0,0,0,0,0,0,0,0,0,0,0,0,0,0,0,0,0
16.85,0.012012,0.0119785,0.00154042,0,0,0,2.96054,1.97339,-2.56621,0.00114731,-0.000374706,0.0383278,0.000955221,0.00117757,0.00584282,3,2,3.92699,0,0,0,0,0,0,0,0,0,0,0,2,3,2,3.92699,0,0,0,0,0,0,0,0,0,0,1.5708,1.5708,0,1.5708,1.5708,0,0.00768631,0.00786877,-0.0719041,0.00864103,0.0103745,-0.0370392,1.73707,1.18763,0.876413,-4.63805e-05,0.000296591,0.00105248,-0.00049007,0.000242933,-0.000231821,1.75578,1.20968,0,0,0,0,0,0.895349,0,1,0.013869,1,0,1,2,1.75578,1.20968,0,0.344544,0.487027,3.7308e-15,0,0,0,0,0,0,0,0,0,0,0,0,0.855775,1.20968,0,0,0,0,0,0,0,0,0,0,0,0,2,0.855775,1.20968,0,1,2,0,0,0,0,0,1.1908,-0.0693,3.4501,0,0,0,0,0,0,0,-0,0,1.45406,0,0,0,0,0,0,0,0,0,0,0,0,0,0,0,0,0,0,0,0,0,0,0,0,0,0,0,0
16.9,0.012012,0.0119785,0.00154042,0,0,0,2.96054,1.97339,-2.56621,0.00114731,-0.000374706,0.0383278,0.000955221,0.00117757,0.00584282,3,2,3.92699,0,0,0,0,0,0,0,0,0,0,0,2,3,2,3.92699,0,0,0,0,0,0,0,0,0,0,1.5708,1.5708,0,1.5708,1.5708,0,0.00768631,0.00786877,-0.0719041,0.00863994,0.0103754,-0.0370392,1.73707,1.18763,0.876413,-4.63805e-05,0.000296591,0.00105248,-0.00049007,0.000242933,-0.000231821,1.75578,1.20968,0,0,0,0,0,0.901349,0,1,0.0152236,1,0,1,2,1.75578,1.20968,0,0.344544,0.487027,3.7308e-15,0,0,0,0,0,0,0,0,0,0,0,0,0.855775,1.20968,0,0,0,0,0,0,0,0,0,0,0,0,2,0.855775,1.20968,0,1,2,0,0,0,0,0,1.1908,-0.0693,3.4501,0,0,0,0,0,0,0,-0,0,1.45406,0,0,0,0,0,0,0,0,0,0,0,0,0,0,0,0,0,0,0,0,0,0,0,0,0,0,0,0
16.95,0.0122743,0.0119311,0.00113943,0,0,0,2.96065,1.97335,-2.56236,0.00105697,-0.00035639,0.0385415,0.000340841,0.000927306,0.00454397,3,2,3.92699,0,0,0,0,0,0,0,0,0,0,0,2,3,2,3.92699,0,0,0,0,0,0,0,0,0,0,1.5708,1.5708,0,1.5708,1.5708,0,0.00689982,0.00830134,-0.0715696,0.00891684,0.0107079,-0.0370131,1.73709,1.18765,0.876435,0.000183077,0.000167211,0.000225867,0.000465701,-0.00011306,-0.00277537,1.75578,1.20968,0,0,0,0,0,0.901349,0,1,0.0152236,1,0,1,2,1.75578,1.20968,0,0.344544,0.487027,3.7308e-15,0,0,0,0,0,0,0,0,0,0,0,0,0.855775,1.20968,0,0,0,0,0,0,0,0,0,0,0,0,2,0.855775,1.20968,0,1,2,0,0,0,0,0,1.1032,-0.1668,3.3553,0,0,0,0,0,0,0,-0,0,1.4541,0,0,0,0,0,0,0,0,0,0,0,0,0,0,0,0,0,0,0,0,0,0,0,0,0,0,0,0
17,0.0122743,0.0119311,0.00113943,0,0,0,2.96065,1.97335,-2.56236,0.00105697,-0.00035639,0.0385415,0.000340841,0.000927306,0.00454397,3,2,3.92699,0,0,0,0,0,0,0,0,0,0,0,2,3,2,3.92699,0,0,0,0,0,0,0,0,0,0,1.5708,1.5708,0,1.5708,1.5708,0,0.00689982,0.00830134,-0.0715696,0.00891659,0.0107081,-0.0370131,1.73709,1.18765,0.876435,0.000183077,0.000167211,0.000225867,0.000465701,-0.00011306,-0.00277537,1.75578,1.20968,0,0,0,0,0,0.900219,0,1,0.0117714,1,0,1,2,1.75578,1.20968,0,0.344544,0.487027,3.7308e-15,0,0,0,0,0,0,0,0,0,0,0,0,0.855775,1.20968,0,0,0,0,0,0,0,0,0,0,0,0,2,0.855775,1.20968,0,1,2,0,0,0,0,0,1.1032,-0.1668,3.3553,0,0,0,0,0,0,0,-0,0,1.4541,0,0,0,0,0,0,0,0,0,0,0,0,0,0,0,0,0,0,0,0,0,0,0,0,0,0,0,0
17.05,0.0119711,0.0117626,0.000998979,0,0,0,2.96076,1.97332,-2.55854,0.0011333,-0.000302866,0.0381229,0.000425667,0.000737105,0.000848456,3,2,3.92699,0,0,0,0,0,0,0,0,0,0,0,2,3,2,3.92699,0,0,0,0,0,0,0,0,0,0,1.5708,1.5708,0,1.5708,1.5708,0,0.00752146,0.00748029,-0.0720719,0.00891659,0.0107081,-0.0370131,1.73709,1.18769,0.876579,0,0.000404228,0.00143173,-0.000322658,0.000830096,0.00280476,1.75578,1.20968,0,0,0,0,0,0.900219,0,1,0.0117714,1,0,1,2,1.75578,1.20968,0,0.344544,0.487027,3.7308e-15,0,0,0,0,0,0,0,0,0,0,0,0,0.855775,1.20968,0,0,0,0,0,0,0,0,0,0,0,0,2,0.855775,1.20968,0,1,2,0,0,0,0,0,1.1032,-0.1668,3.3553,0,0,0,0,0,0,0,-0,0,1.45416,0,0,0,0,0,0,0,0,0,0,0,0,0,0,0,0,0,0,0,0,0,0,0,0,0,0,0,0
17.1,0.0119711,0.0117626,0.000998979,0,0,0,2.96076,1.97332,-2.55854,0.0011333,-0.000302866,0.0381229,0.000425667,0.000737105,0.000848456,3,2,3.92699,0,0,0,0,0,0,0,0,0,0,0,2,3,2,3.92699,0,0,0,0,0,0,0,0,0,0,1.5708,1.5708,0,1.5708,1.5708,0,0.00752146,0.00748029,-0.0720719,0.00891506,0.0107094,-0.0370131,1.73709,1.18769,0.876579,0,0.000404228,0.00143173,-0.000322658,0.000830096,0.00280476,1.75578,1.20968,0,0,0,0,0,0.90527,0,1,0.0144303,1,0,1,2,1.75578,1.20968,0,0.344544,0.487027,3.7308e-15,0,0,0,0,0,0,0,0,0,0,0,0,0.855775,1.20968,0,0,0,0,0,0,0,0,0,0,0,0,2,0.855775,1.20968,0,1,2,0,0,0,0,0,1.1032,-0.1668,3.3553,0,0,0,0,0,0,0,-0,0,1.45416,0,0,0,0,0,0,0,0,0,0,0,0,0,0,0,0,0,0,0,0,0,0,0,0,0,0,0,0
17.15,0.0112595,0.0118078,0.000734881,0,0,0,2.96089,1.97329,-2.55474,0.00132828,-0.000312536,0.0380106,0.00104753,0.000377871,-0.000392669,3,2,3.92699,0,0,0,0,0,0,0,0,0,0,0,2,3,2,3.92699,0,0,0,0,0,0,0,0,0,0,1.5708,1.5708,0,1.5708,1.5708,0,0.00696359,0.0083495,-0.0715534,0.00891506,0.0107094,-0.0370131,1.73711,1.1877,0.876594,0.000162372,0.000146501,0.000154394,0.000348398,-0.000402993,-0.00266201,1.75578,1.20968,0,0,0,0,0,0.90527,0,1,0.0144303,1,0,1,2,1.75578,1.20968,0,0.344544,0.487027,3.7308e-15,0,0,0,0,0,0,0,0,0,0,0,0,0.855775,1.20968,0,0,0,0,0,0,0,0,0,0,0,0,2,0.855775,1.20968,0,1,2,0,0,0,0,0,1.1903,-0.0898,3.4352,0,0,0,0,0,0,0,-0,0,1.45423,0,0,0,0,0,0,0,0,0,0,0,0,0,0,0,0,0,0,0,0,0,0,0,0,0,0,0,0
17.2,0.0112595,0.0118078,0.000734881,0,0,0,2.96089,1.97329,-2.55474,0.00132828,-0.000312536,0.0380106,0.00104753,0.000377871,-0.000392669,3,2,3.92699,0,0,0,0,0,0,0,0,0,0,0,2,3,2,3.92699,0,0,0,0,0,0,0,0,0,0,1.5708,1.5708,0,1.5708,1.5708,0,0.00696359,0.0083495,-0.0715534,0.0089149,0.0107095,-0.0370131,1.73711,1.1877,0.876594,0.000162372,0.000146501,0.000154394,0.000348398,-0.000402993,-0.00266201,1.75578,1.20968,0,0,0,0,0,0.899526,0,1,0.0121177,1,0,1,2,1.75578,1.20968,0,0.344544,0.487027,3.7308e-15,0,0,0,0,0,0,0,0,0,0,0,0,0.855775,1.20968,0,0,0,0,0,0,0,0,0,0,0,0,2,0.855775,1.20968,0,1,2,0,0,0,0,0,1.1903,-0.0898,3.4352,0,0,0,0,0,0,0,-0,0,1.45423,0,0,0,0,0,0,0,0,0,0,0,0,0,0,0,0,0,0,0,0,0,0,0,0,0,0,0,0
17.25,0.0114651,0.0144428,0.000970427,0,0,0,2.96102,1.97318,-2.55107,0.00125244,-0.00108032,0.0366951,0.000409866,-0.00288955,-0.0056714,3,2,3.92699,0,0,0,0,0,0,0,0,0,0,0,2,3,2,3.92699,0,0,0,0,0,0,0,0,0,0,1.5708,1.5708,0,1.5708,1.5708,0,0.00707874,0.00911535,-0.0716405,0.00907964,0.0109075,-0.0369975,1.73712,1.18769,0.87663,0.000126953,-7.8125e-05,0.000361204,0.000158543,-0.00130629,-0.00151158,1.75578,1.20968,0,0,0,0,0,0.899526,0,1,0.0121177,1,0,1,2,1.75578,1.20968,0,0.344544,0.487027,3.7308e-15,0,0,0,0,0,0,0,0,0,0,0,0,0.855775,1.20968,0,0,0,0,0,0,0,0,0,0,0,0,2,0.855775,1.20968,0,1,2,0,0,0,0,0,1.1903,-0.0898,3.4352,0,0,0,0,0,0,0,-0,0,1.45427,0,0,0,0,0,0,0,0,0,0,0,0,0,0,0,0,0,0,0,0,0,0,0,0,0,0,0,0
17.3,0.0114651,0.0144428,0.000970427,0,0,0,2.96102,1.97318,-2.55107,0.00125244,-0.00108032,0.0366951,0.000409866,-0.00288955,-0.0056714,3,2,3.92699,0,0,0,0,0,0,0,0,0,0,0,2,3,2,3.92699,0,0,0,0,0,0,0,0,0,0,1.5708,1.5708,0,1.5708,1.5708,0,0.00707874,0.00911535,-0.0716405,0.00907925,0.0109078,-0.0369975,1.73712,1.18769,0.87663,0.000126953,-7.8125e-05,0.000361204,0.000158543,-0.00130629,-0.00151158,1.75578,1.20968,0,0,0,0,0,0.895665,0,1,0.0156513,1,0,1,2,1.75578,1.20968,0,0.344544,0.487027,3.7308e-15,0,0,0,0,0,0,0,0,0,0,0,0,0.855775,1.20968,0,0,0,0,0,0,0,0,0,0,0,0,2,0.855775,1.20968,0,1,2,0,0,0,0,0,1.1903,-0.0898,3.4352,0,0,0,0,0,0,0,-0,0,1.45427,0,0,0,0,0,0,0,0,0,0,0,0,0,0,0,0,0,0,0,0,0,0,0,0,0,0,0,0
17.35,0.0109904,0.0142937,0.000533515,0,0,0,2.96116,1.97308,-2.54737,0.00137664,-0.00102394,0.0370275,0.000656253,-0.00195198,-0.00278519,3,2,3.92699,0,0,0,0,0,0,0,0,0,0,0,2,3,2,3.92699,0,0,0,0,0,0,0,0,0,0,1.5708,1.5708,0,1.5708,1.5708,0,0.00845325,0.00597364,-0.0729138,0.00907925,0.0109078,-0.0369975,1.73709,1.18778,0.876972,-0.000274596,0.000837212,0.00342172,-0.00153504,0.00275104,0.0114778,1.75578,1.20968,0,0,0,0,0,0.895665,0,1,0.0156513,1,0,1,2,1.75578,1.20968,0,0.344544,0.487027,3.7308e-15,0,0,0,0,0,0,0,0,0,0,0,0,0.855775,1.20968,0,0,0,0,0,0,0,0,0,0,0,0,2,0.855775,1.20968,0,1,2,0,0,0,0,0,1.1899,-0.1,3.4281,0,0,0,0,0,0,0,-0,0,1.45431,0,0,0,0,0,0,0,0,0,0,0,0,0,0,0,0,0,0,0,0,0,0,0,0,0,0,0,0
17.4,0.0109904,0.0142937,0.000533515,0,0,0,2.96116,1.97308,-2.54737,0.00137664,-0.00102394,0.0370275,0.000656253,-0.00195198,-0.00278519,3,2,3.92699,0,0,0,0,0,0,0,0,0,0,0,2,3,2,3.92699,0,0,0,0,0,0,0,0,0,0,1.5708,1.5708,0,1.5708,1.5708,0,0.00845325,0.00597364,-0.0729138,0.00907552,0.0109109,-0.0369975,1.73709,1.18778,0.876972,-0.000274596,0.000837212,0.00342172,-0.00153504,0.00275104,0.0114778,1.75578,1.20968,0,0,0,0,0,0.916388,0,1,0.0159855,1,0,1,2,1.75578,1.20968,0,0.344544,0.487027,3.7308e-15,0,0,0,0,0,0,0,0,0,0,0,0,0.855775,1.20968,0,0,0,0,0,0,0,0,0,0,0,0,2,0.855775,1.20968,0,1,2,0,0,0,0,0,1.1899,-0.1,3.4281,0,0,0,0,0,0,0,-0,0,1.45431,0,0,0,0,0,0,0,0,0,0,0,0,0,0,0,0,0,0,0,0,0,0,0,0,0,0,0,0
17.45,0.0102148,0.0112339,0.000113921,0,0,0,2.96132,1.97307,-2.54364,0.0015875,-0.00011601,0.037312,0.00126837,0.00258358,-0.000186397,3,2,3.92699,0,0,0,0,0,0,0,0,0,0,0,2,3,2,3.92699,0,0,0,0,0,0,0,0,0,0,1.5708,1.5708,0,1.5708,1.5708,0,0.00648037,0.00961352,-0.0713207,0.00907552,0.0109109,-0.0369975,1.73713,1.18775,0.876924,0.000302847,-0.00023202,-0.000483573,0.00115655,-0.00207207,-0.00695759,1.75578,1.20968,0,0,0,0,0,0.916388,0,1,0.0159855,1,0,1,2,1.75578,1.20968,0,0.344544,0.487027,3.7308e-15,0,0,0,0,0,0,0,0,0,0,0,0,0.855775,1.20968,0,0,0,0,0,0,0,0,0,0,0,0,2,0.855775,1.20968,0,1,2,0,0,0,0,0,1.1899,-0.1,3.4281,0,0,0,0,0,0,0,-0,0,1.45443,0,0,0,0,0,0,0,0,0,0,0,0,0,0,0,0,0,0,0,0,0,0,0,0,0,0,0,0
17.5,0.0102148,0.0112339,0.000113921,0,0,0,2.96132,1.97307,-2.54364,0.0015875,-0.00011601,0.037312,0.00126837,0.00258358,-0.000186397,3,2,3.92699,0,0,0,0,0,0,0,0,0,0,0,2,3,2,3.92699,0,0,0,0,0,0,0,0,0,0,1.5708,1.5708,0,1.5708,1.5708,0,0.00648037,0.00961352,-0.0713207,0.00911514,0.0120135,-0.036909,1.73713,1.18775,0.876924,0.000302847,-0.00023202,-0.000483573,0.00115655,-0.00207207,-0.00695759,1.75578,1.20968,0,0,0,0,0,0.893345,0,1,0.0132953,1,0,0.995218,2,1.75578,1.20968,0,0.344544,0.487027,3.7308e-15,0,0,0,0,0,0,0,0,0,0,0,0,0.855775,1.20968,0,0,0,0,0,0,0,0,0,0,0,0,2,0.855775,1.20968,0,1,2,0,0,0,0,0,1.1899,-0.1,3.4281,0,0,0,0,0,0,0,-0,0,1.45443,0,0,0,0,0,0,0,0,0,0,0,0,0,0,0,0,0,0,0,0,0,0,0,0,0,0,0,0
17.55,0.00941922,0.0115344,0.00056985,0,0,0,2.9615,1.97305,-2.54009,0.00180173,-0.000202634,0.0354785,0.00170254,0.00181868,-0.00703652,3,2,3.92699,0,0,0,0,0,0,0,0,0,0,0,2,3,2,3.92699,0,0,0,0,0,0,0,0,0,0,1.5708,1.5708,0,1.5708,1.5708,0,0.00721091,0.00825952,-0.0716486,0.00911514,0.0120135,-0.036909,1.73713,1.18777,0.876956,8.6669e-05,0.000164793,0.000315901,0.000195231,-0.000311484,-0.00347815,1.75578,1.20968,0,0,0,0,0,0.893345,0,1,0.0132953,1,0,0.995218,2,1.75578,1.20968,0,0.344544,0.487027,3.7308e-15,0,0,0,0,0,0,0,0,0,0,0,0,0.855775,1.20968,0,0,0,0,0,0,0,0,0,0,0,0,2,0.855775,1.20968,0,1,2,0,0,0,0,0,1.1682,-0.1313,3.3994,0,0,0,0,0,0,0,-0,0,1.45455,0,0,0,0,0,0,0,0,0,0,0,0,0,0,0,0,0,0,0,0,0,0,0,0,0,0,0,0
17.6,0.00941922,0.0115344,0.00056985,0,0,0,2.9615,1.97305,-2.54009,0.00180173,-0.000202634,0.0354785,0.00170254,0.00181868,-0.00703652,3,2,3.92699,0,0,0,0,0,0,0,0,0,0,0,2,3,2,3.92699,0,0,0,0,0,0,0,0,0,0,1.5708,1.5708,0,1.5708,1.5708,0,0.00721091,0.00825952,-0.0716486,0.00911476,0.0120138,-0.036909,1.73713,1.18777,0.876956,8.6669e-05,0.000164793,0.000315901,0.000195231,-0.000311484,-0.00347815,1.75578,1.20968,0,0,0,0,0,0.899732,0,1,0.0130365,1,0,1,2,1.75578,1.20968,0,0.344544,0.487027,3.7308e-15,0,0,0,0,0,0,0,0,0,0,0,0,0.855775,1.20968,0,0,0,0,0,0,0,0,0,0,0,0,2,0.855775,1.20968,0,1,2,0,0,0,0,0,1.1682,-0.1313,3.3994,0,0,0,0,0,0,0,-0,0,1.45455,0,0,0,0,0,0,0,0,0,0,0,0,0,0,0,0,0,0,0,0,0,0,0,0,0,0,0,0
17.65,0.00820163,0.011205,-0.000134917,0,0,0,2.96171,1.97304,-2.53645,0.00213699,-0.000103797,0.0364815,0.00241891,0.00138373,-0.00118284,3,2,3.92699,0,0,0,0,0,0,0,0,0,0,0,2,3,2,3.92699,0,0,0,0,0,0,0,0,0,0,1.5708,1.5708,0,1.5708,1.5708,0,0.008231,0.00674651,-0.0725608,0.00911476,0.0120138,-0.036909,1.73711,1.18783,0.877206,-0.000211256,0.00060324,0.00250726,-0.00120339,0.00180302,0.00713774,1.75578,1.20968,0,0,0,0,0,0.899732,0,1,0.0130365,1,0,1,2,1.75578,1.20968,0,0.344544,0.487027,3.7308e-15,0,0,0,0,0,0,0,0,0,0,0,0,0.855775,1.20968,0,0,0,0,0,0,0,0,0,0,0,0,2,0.855775,1.20968,0,1,2,0,0,0,0,0,1.1682,-0.1313,3.3994,0,0,0,0,0,0,0,-0,0,1.45471,0,0,0,0,0,0,0,0,0,0,0,0,0,0,0,0,0,0,0,0,0,0,0,0,0,0,0,0
17.7,0.00820163,0.011205,-0.000134917,0,0,0,2.96171,1.97304,-2.53645,0.00213699,-0.000103797,0.0364815,0.00241891,0.00138373,-0.00118284,3,2,3.92699,0,0,0,0,0,0,0,0,0,0,0,2,3,2,3.92699,0,0,0,0,0,0,0,0,0,0,1.5708,1.5708,0,1.5708,1.5708,0,0.008231,0.00674651,-0.0725608,0.00911175,0.0120161,-0.036909,1.73711,1.18783,0.877206,-0.000211256,0.00060324,0.00250726,-0.00120339,0.00180302,0.00713774,1.75578,1.20968,0,0,0,0,0,0.90992,0,1,0.016915,1,0,1,2,1.75578,1.20968,0,0.344544,0.487027,3.7308e-15,0,0,0,0,0,0,0,0,0,0,0,0,0.855775,1.20968,0,0,0,0,0,0,0,0,0,0,0,0,2,0.855775,1.20968,0,1,2,0,0,0,0,0,1.1682,-0.1313,3.3994,0,0,0,0,0,0,0,-0,0,1.45471,0,0,0,0,0,0,0,0,0,0,0,0,0,0,0,0,0,0,0,0,0,0,0,0,0,0,0,0
17.75,0.00723703,0.0109922,0.000344811,0,0,0,2.96195,1.97303,-2.53298,0.00239421,-4.02696e-05,0.0346067,0.00258019,0.00102563,-0.00735724,3,2,3.92699,0,0,0,0,0,0,0,0,0,0,0,2,3,2,3.92699,0,0,0,0,0,0,0,0,0,0,1.5708,1.5708,0,1.5708,1.5708,0,0.00657874,0.00952849,-0.0712089,0.00813436,0.00978406,-0.0370862,1.73714,1.18781,0.877126,0.000272125,-0.000213551,-0.000799027,0.00101947,-0.0018943,-0.00748601,1.75578,1.20968,0,0,0,0,0,0.90992,0,1,0.016915,1,0,1,2,1.75578,1.20968,0,0.344544,0.487027,3.7308e-15,0,0,0,0,0,0,0,0,0,0,0,0,0.855775,1.20968,0,0,0,0,0,0,0,0,0,0,0,0,2,0.855775,1.20968,0,1,2,0,0,0,0,0,1.1191,-0.1898,3.3435,0,0,0,0,0,0,0,-0,0,1.4549,0,0,0,0,0,0,0,0,0,0,0,0,0,0,0,0,0,0,0,0,0,0,0,0,0,0,0,0
17.8,0.00723703,0.0109922,0.000344811,0,0,0,2.96195,1.97303,-2.53298,0.00239421,-4.02696e-05,0.0346067,0.00258019,0.00102563,-0.00735724,3,2,3.92699,0,0,0,0,0,0,0,0,0,0,0,2,3,2,3.92699,0,0,0,0,0,0,0,0,0,0,1.5708,1.5708,0,1.5708,1.5708,0,0.00657874,0.00952849,-0.0712089,0.00813514,0.00978341,-0.0370862,1.73714,1.18781,0.877126,0.000272125,-0.000213551,-0.000799027,0.00101947,-0.0018943,-0.00748601,1.75578,1.20968,0,0,0,0,0,0.892484,0,1,0.0127307,1,0,0.99577,2,1.75578,1.20968,0,0.344544,0.487027,3.7308e-15,0,0,0,0,0,0,0,0,0,0,0,0,0.855775,1.20968,0,0,0,0,0,0,0,0,0,0,0,0,2,0.855775,1.20968,0,1,2,0,0,0,0,0,1.1191,-0.1898,3.3435,0,0,0,0,0,0,0,-0,0,1.4549,0,0,0,0,0,0,0,0,0,0,0,0,0,0,0,0,0,0,0,0,0,0,0,0,0,0,0,0
17.85,0.00637853,0.0104852,0.000219174,0,0,0,2.96221,1.97304,-2.52956,0.00261734,0.000108649,0.0342294,0.00245914,0.00116244,-0.0068119,3,2,3.92699,0,0,0,0,0,0,0,0,0,0,0,2,3,2,3.92699,0,0,0,0,0,0,0,0,0,0,1.5708,1.5708,0,1.5708,1.5708,0,0.00736013,0.0080652,-0.0719447,0.00813514,0.00978341,-0.0370862,1.73714,1.18783,0.877225,4.15064e-05,0.000214857,0.000989496,-8.80044e-06,7.41079e-05,0.000672786,1.75578,1.20968,0,0,0,0,0,0.892484,0,1,0.0127307,1,0,0.99577,2,1.75578,1.20968,0,0.344544,0.487027,3.7308e-15,0,0,0,0,0,0,0,0,0,0,0,0,0.855775,1.20968,0,0,0,0,0,0,0,0,0,0,0,0,2,0.855775,1.20968,0,1,2,0,0,0,0,0,1.1191,-0.1898,3.3435,0,0,0,0,0,0,0,-0,0,1.45511,0,0,0,0,0,0,0,0,0,0,0,0,0,0,0,0,0,0,0,0,0,0,0,0,0,0,0,0
17.9,0.00637853,0.0104852,0.000219174,0,0,0,2.96221,1.97304,-2.52956,0.00261734,0.000108649,0.0342294,0.00245914,0.00116244,-0.0068119,3,2,3.92699,0,0,0,0,0,0,0,0,0,0,0,2,3,2,3.92699,0,0,0,0,0,0,0,0,0,0,1.5708,1.5708,0,1.5708,1.5708,0,0.00736013,0.0080652,-0.0719447,0.00813418,0.00978421,-0.0370862,1.73714,1.18783,0.877225,4.15064e-05,0.000214857,0.000989496,-8.80044e-06,7.41079e-05,0.000672786,1.75578,1.20968,0,0,0,0,0,0.902073,0,1,0.0150656,1,0,1,2,1.75578,1.20968,0,0.344544,0.487027,3.7308e-15,0,0,0,0,0,0,0,0,0,0,0,0,0.855775,1.20968,0,0,0,0,0,0,0,0,0,0,0,0,2,0.855775,1.20968,0,1,2,0,0,0,0,0,1.1191,-0.1898,3.3435,0,0,0,0,0,0,0,-0,0,1.45511,0,0,0,0,0,0,0,0,0,0,0,0,0,0,0,0,0,0,0,0,0,0,0,0,0,0,0,0
17.95,0.00498951,0.011002,0.000375869,0,0,0,2.96251,1.97304,-2.52624,0.00299317,-4.39454e-05,0.0331784,0.0029634,0.000106756,-0.00819433,3,2,3.92699,0,0,0,0,0,0,0,0,0,0,0,2,3,2,3.92699,0,0,0,0,0,0,0,0,0,0,1.5708,1.5708,0,1.5708,1.5708,0,0.00830631,0.00707939,-0.0724669,0.00813418,0.00978421,-0.0370862,1.73712,1.18788,0.877448,-0.000234376,0.00049927,0.00222803,-0.00124671,0.00144734,0.00645706,1.75578,1.20968,0,0,0,0,0,0.902073,0,1,0.0150656,1,0,1,2,1.75578,1.20968,0,0.344544,0.487027,3.7308e-15,0,0,0,0,0,0,0,0,0,0,0,0,0.855775,1.20968,0,0,0,0,0,0,0,0,0,0,0,0,2,0.855775,1.20968,0,1,2,0,0,0,0,0,1.1774,-0.1407,3.3955,0,0,0,0,0,0,0,-0,0,1.45535,0,0,0,0,0,0,0,0,0,0,0,0,0,0,0,0,0,0,0,0,0,0,0,0,0,0,0,0
18,0.00498951,0.011002,0.000375869,0,0,0,2.96251,1.97304,-2.52624,0.00299317,-4.39454e-05,0.0331784,0.0029634,0.000106756,-0.00819433,3,2,3.92699,0,0,0,0,0,0,0,0,0,0,0,2,3,2,3.92699,0,0,0,0,0,0,0,0,0,0,1.5708,1.5708,0,1.5708,1.5708,0,0.00830631,0.00707939,-0.0724669,0.00839479,0.0101023,-0.0370614,1.73712,1.18788,0.877448,-0.000234376,0.00049927,0.00222803,-0.00124671,0.00144734,0.00645706,1.75578,1.20968,0,0,0,0,0,0.907009,0,1,0.018025,1,0,1,2,1.75578,1.20968,0,0.344544,0.487027,3.7308e-15,0,0,0,0,0,0,0,0,0,0,0,0,0.855775,1.20968,0,0,0,0,0,0,0,0,0,0,0,0,2,0.855775,1.20968,0,1,2,0,0,0,0,0,1.1774,-0.1407,3.3955,0,0,0,0,0,0,0,-0,0,1.45535,0,0,0,0,0,0,0,0,0,0,0,0,0,0,0,0,0,0,0,0,0,0,0,0,0,0,0,0
18.05,0.00428513,0.00964035,8.94512e-05,0,0,0,2.96283,1.97307,-2.52292,0.00316412,0.000355231,0.0332171,0.00253035,0.00151623,-0.00495614,3,2,3.92699,0,0,0,0,0,0,0,0,0,0,0,2,3,2,3.92699,0,0,0,0,0,0,0,0,0,0,1.5708,1.5708,0,1.5708,1.5708,0,0.00674298,0.00916469,-0.0714259,0.00839479,0.0101023,-0.0370614,1.73714,1.18787,0.877416,0.000223393,-0.000113527,-0.000323659,0.000913034,-0.00139374,-0.00553619,1.75578,1.20968,0,0,0,0,0,0.907009,0,1,0.018025,1,0,1,2,1.75578,1.20968,0,0.344544,0.487027,3.7308e-15,0,0,0,0,0,0,0,0,0,0,0,0,0.855775,1.20968,0,0,0,0,0,0,0,0,0,0,0,0,2,0.855775,1.20968,0,1,2,0,0,0,0,0,1.1774,-0.1407,3.3955,0,0,0,0,0,0,0,-0,0,1.45563,0,0,0,0,0,0,0,0,0,0,0,0,0,0,0,0,0,0,0,0,0,0,0,0,0,0,0,0
18.1,0.00428513,0.00964035,8.94512e-05,0,0,0,2.96283,1.97307,-2.52292,0.00316412,0.000355231,0.0332171,0.00253035,0.00151623,-0.00495614,3,2,3.92699,0,0,0,0,0,0,0,0,0,0,0,2,3,2,3.92699,0,0,0,0,0,0,0,0,0,0,1.5708,1.5708,0,1.5708,1.5708,0,0.00674298,0.00916469,-0.0714259,0.00839511,0.010102,-0.0370614,1.73714,1.18787,0.877416,0.000223393,-0.000113527,-0.000323659,0.000913034,-0.00139374,-0.00553619,1.75578,1.20968,0,0,0,0,0,0.89555,0,1,0.0128705,1,0,1,2,1.75578,1.20968,0,0.344544,0.487027,3.7308e-15,0,0,0,0,0,0,0,0,0,0,0,0,0.855775,1.20968,0,0,0,0,0,0,0,0,0,0,0,0,2,0.855775,1.20968,0,1,2,0,0,0,0,0,1.1774,-0.1407,3.3955,0,0,0,0,0,0,0,-0,0,1.45563,0,0,0,0,0,0,0,0,0,0,0,0,0,0,0,0,0,0,0,0,0,0,0,0,0,0,0,0
18.15,0.00384476,0.0103138,-0.000181789,0,0,0,2.96315,1.97309,-2.5196,0.00325578,0.000153874,0.0332187,0.00182542,0.00029657,-0.00254921,3,2,3.92699,0,0,0,0,0,0,0,0,0,0,0,2,3,2,3.92699,0,0,0,0,0,0,0,0,0,0,1.5708,1.5708,0,1.5708,1.5708,0,0.00788751,0.00713867,-0.0723355,0.00839511,0.010102,-0.0370614,1.73713,1.18792,0.877603,-0.000112352,0.000477498,0.00187417,-0.000500984,0.00114001,0.00383379,1.75578,1.20968,0,0,0,0,0,0.89555,0,1,0.0128705,1,0,1,2,1.75578,1.20968,0,0.344544,0.487027,3.7308e-15,0,0,0,0,0,0,0,0,0,0,0,0,0.855775,1.20968,0,0,0,0,0,0,0,0,0,0,0,0,2,0.855775,1.20968,0,1,2,0,0,0,0,0,1.1887,-0.1384,3.4005,0,0,0,0,0,0,0,-0,0,1.45589,0,0,0,0,0,0,0,0,0,0,0,0,0,0,0,0,0,0,0,0,0,0,0,0,0,0,0,0
18.2,0.00384476,0.0103138,-0.000181789,0,0,0,2.96315,1.97309,-2.5196,0.00325578,0.000153874,0.0332187,0.00182542,0.00029657,-0.00254921,3,2,3.92699,0,0,0,0,0,0,0,0,0,0,0,2,3,2,3.92699,0,0,0,0,0,0,0,0,0,0,1.5708,1.5708,0,1.5708,1.5708,0,0.00788751,0.00713867,-0.0723355,0.00839322,0.0101036,-0.0370614,1.73713,1.18792,0.877603,-0.000112352,0.000477498,0.00187417,-0.000500984,0.00114001,0.00383379,1.75578,1.20968,0,0,0,0,0,0.907576,0,1,0.0158937,1,0,1,2,1.75578,1.20968,0,0.344544,0.487027,3.7308e-15,0,0,0,0,0,0,0,0,0,0,0,0,0.855775,1.20968,0,0,0,0,0,0,0,0,0,0,0,0,2,0.855775,1.20968,0,1,2,0,0,0,0,0,1.1887,-0.1384,3.4005,0,0,0,0,0,0,0,-0,0,1.45589,0,0,0,0,0,0,0,0,0,0,0,0,0,0,0,0,0,0,0,0,0,0,0,0,0,0,0,0
18.25,0.00345218,0.00929475,-0.000475587,0,0,0,2.96348,1.97313,-2.51627,0.00333234,0.000450416,0.0332743,0.00131054,0.0011981,-0.000942807,3,2,3.92699,0,0,0,0,0,0,0,0,0,0,0,2,3,2,3.92699,0,0,0,0,0,0,0,0,0,0,1.5708,1.5708,0,1.5708,1.5708,0,0.00641984,0.0092926,-0.0711184,0.00834204,0.010042,-0.0370662,1.73716,1.1879,0.877494,0.000316145,-0.000155021,-0.00109488,0.00121983,-0.00149934,-0.00829111,1.75578,1.20968,0,0,0,0,0,0.907576,0,1,0.0158937,1,0,1,2,1.75578,1.20968,0,0.344544,0.487027,3.7308e-15,0,0,0,0,0,0,0,0,0,0,0,0,0.855775,1.20968,0,0,0,0,0,0,0,0,0,0,0,0,2,0.855775,1.20968,0,1,2,0,0,0,0,0,1.1887,-0.1384,3.4005,0,0,0,0,0,0,0,-0,0,1.45618,0,0,0,0,0,0,0,0,0,0,0,0,0,0,0,0,0,0,0,0,0,0,0,0,0,0,0,0
18.3,0.00345218,0.00929475,-0.000475587,0,0,0,2.96348,1.97313,-2.51627,0.00333234,0.000450416,0.0332743,0.00131054,0.0011981,-0.000942807,3,2,3.92699,0,0,0,0,0,0,0,0,0,0,0,2,3,2,3.92699,0,0,0,0,0,0,0,0,0,0,1.5708,1.5708,0,1.5708,1.5708,0,0.00641984,0.0092926,-0.0711184,0.00834314,0.010041,-0.0370662,1.73716,1.1879,0.877494,0.000316145,-0.000155021,-0.00109488,0.00121983,-0.00149934,-0.00829111,1.75578,1.20968,0,0,0,0,0,0.893866,0,1,0.0106913,1,0,0.995426,2,1.75578,1.20968,0,0.344544,0.487027,3.7308e-15,0,0,0,0,0,0,0,0,0,0,0,0,0.855775,1.20968,0,0,0,0,0,0,0,0,0,0,0,0,2,0.855775,1.20968,0,1,2,0,0,0,0,0,1.1887,-0.1384,3.4005,0,0,0,0,0,0,0,-0,0,1.45618,0,0,0,0,0,0,0,0,0,0,0,0,0,0,0,0,0,0,0,0,0,0,0,0,0,0,0,0
18.35,0.0029058,0.0107066,-0.000837008,0,0,0,2.96383,1.97314,-2.51293,0.00345305,3.17465e-05,0.0334922,0.001196,-0.000831736,0.000486451,3,2,3.92699,0,0,0,0,0,0,0,0,0,0,0,2,3,2,3.92699,0,0,0,0,0,0,0,0,0,0,1.5708,1.5708,0,1.5708,1.5708,0,0.00784988,0.00786849,-0.0723333,0.00834314,0.010041,-0.0370662,1.73715,1.18793,0.877679,-0.000103787,0.000261299,0.00185359,-0.000712635,0.000405783,0.00516103,1.75578,1.20968,0,0,0,0,0,0.893866,0,1,0.0106913,1,0,0.995426,2,1.75578,1.20968,0,0.344544,0.487027,3.7308e-15,0,0,0,0,0,0,0,0,0,0,0,0,0.855775,1.20968,0,0,0,0,0,0,0,0,0,0,0,0,2,0.855775,1.20968,0,1,2,0,0,0,0,0,1.1885,-0.1474,3.394,0,0,0,0,0,0,0,-0,0,1.45647,0,0,0,0,0,0,0,0,0,0,0,0,0,0,0,0,0,0,0,0,0,0,0,0,0,0,0,0
18.4,0.0029058,0.0107066,-0.000837008,0,0,0,2.96383,1.97314,-2.51293,0.00345305,3.17465e-05,0.0334922,0.001196,-0.000831736,0.000486451,3,2,3.92699,0,0,0,0,0,0,0,0,0,0,0,2,3,2,3.92699,0,0,0,0,0,0,0,0,0,0,1.5708,1.5708,0,1.5708,1.5708,0,0.00784988,0.00786849,-0.0723333,0.00834128,0.0100426,-0.0370662,1.73715,1.18793,0.877679,-0.000103787,0.000261299,0.00185359,-0.000712635,0.000405783,0.00516103,1.75578,1.20968,0,0,0,0,0,0.903903,0,1,0.0184739,1,0,1,2,1.75578,1.20968,0,0.344544,0.487027,3.7308e-15,0,0,0,0,0,0,0,0,0,0,0,0,0.855775,1.20968,0,0,0,0,0,0,0,0,0,0,0,0,2,0.855775,1.20968,0,1,2,0,0,0,0,0,1.1885,-0.1474,3.394,0,0,0,0,0,0,0,-0,0,1.45647,0,0,0,0,0,0,0,0,0,0,0,0,0,0,0,0,0,0,0,0,0,0,0,0,0,0,0,0
18.45,0.00359052,0.00617473,-0.00103778,0,0,0,2.96415,1.97327,-2.50959,0.00321186,0.00135821,0.0333179,-0.000257043,0.00452647,-0.000170935,3,2,3.92699,0,0,0,0,0,0,0,0,0,0,0,2,3,2,3.92699,0,0,0,0,0,0,0,0,0,0,1.5708,1.5708,0,1.5708,1.5708,0,0.00671764,0.00906178,-0.0713782,0.00834128,0.0100426,-0.0370662,1.73718,1.18792,0.87763,0.000226978,-8.90826e-05,-0.000483834,0.000632225,-0.000898353,-0.00441897,1.75578,1.20968,0,0,0,0,0,0.903903,0,1,0.0184739,1,0,1,2,1.75578,1.20968,0,0.344544,0.487027,3.7308e-15,0,0,0,0,0,0,0,0,0,0,0,0,0.855775,1.20968,0,0,0,0,0,0,0,0,0,0,0,0,2,0.855775,1.20968,0,1,2,0,0,0,0,0,1.1885,-0.1474,3.394,0,0,0,0,0,0,0,-0,0,1.4568,0,0,0,0,0,0,0,0,0,0,0,0,0,0,0,0,0,0,0,0,0,0,0,0,0,0,0,0
18.5,0.00359052,0.00617473,-0.00103778,0,0,0,2.96415,1.97327,-2.50959,0.00321186,0.00135821,0.0333179,-0.000257043,0.00452647,-0.000170935,3,2,3.92699,0,0,0,0,0,0,0,0,0,0,0,2,3,2,3.92699,0,0,0,0,0,0,0,0,0,0,1.5708,1.5708,0,1.5708,1.5708,0,0.00671764,0.00906178,-0.0713782,0.00939672,0.0113122,-0.0369665,1.73718,1.18792,0.87763,0.000226978,-8.90826e-05,-0.000483834,0.000632225,-0.000898353,-0.00441897,1.75578,1.20968,0,0,0,0,0,0.895887,0,1,0.0120945,1,0,1,2,1.75578,1.20968,0,0.344544,0.487027,3.7308e-15,0,0,0,0,0,0,0,0,0,0,0,0,0.855775,1.20968,0,0,0,0,0,0,0,0,0,0,0,0,2,0.855775,1.20968,0,1,2,0,0,0,0,0,1.1885,-0.1474,3.394,0,0,0,0,0,0,0,-0,0,1.4568,0,0,0,0,0,0,0,0,0,0,0,0,0,0,0,0,0,0,0,0,0,0,0,0,0,0,0,0
18.55,0.00342838,0.0046569,-0.00156231,0,0,0,2.96447,1.97345,-2.5062,0.00322149,0.0017866,0.0339285,-0.000318217,0.00515279,0.00218981,3,2,3.92699,0,0,0,0,0,0,0,0,0,0,0,2,3,2,3.92699,0,0,0,0,0,0,0,0,0,0,1.5708,1.5708,0,1.5708,1.5708,0,0.0074212,0.00785305,-0.0719889,0.00939672,0.0113122,-0.0369665,1.73718,1.18795,0.87773,1.9539e-05,0.000263777,0.000996986,-0.000267503,0.000693995,0.00196694,1.75578,1.20968,0,0,0,0,0,0.895887,0,1,0.0120945,1,0,1,2,1.75578,1.20968,0,0.344544,0.487027,3.7308e-15,0,0,0,0,0,0,0,0,0,0,0,0,0.855775,1.20968,0,0,0,0,0,0,0,0,0,0,0,0,2,0.855775,1.20968,0,1,2,0,0,0,0,0,1.1883,-0.1565,3.3873,0,0,0,0,0,0,0,-0,0,1.45715,0,0,0,0,0,0,0,0,0,0,0,0,0,0,0,0,0,0,0,0,0,0,0,0,0,0,0,0
18.6,0.00342838,0.0046569,-0.00156231,0,0,0,2.96447,1.97345,-2.5062,0.00322149,0.0017866,0.0339285,-0.000318217,0.00515279,0.00218981,3,2,3.92699,0,0,0,0,0,0,0,0,0,0,0,2,3,2,3.92699,0,0,0,0,0,0,0,0,0,0,1.5708,1.5708,0,1.5708,1.5708,0,0.0074212,0.00785305,-0.0719889,0.00939559,0.0113131,-0.0369665,1.73718,1.18795,0.87773,1.9539e-05,0.000263777,0.000996986,-0.000267503,0.000693995,0.00196694,1.75578,1.20968,0,0,0,0,0,0.903358,0,1,0.0146165,1,0,1,2,1.75578,1.20968,0,0.344544,0.487027,3.7308e-15,0,0,0,0,0,0,0,0,0,0,0,0,0.855775,1.20968,0,0,0,0,0,0,0,0,0,0,0,0,2,0.855775,1.20968,0,1,2,0,0,0,0,0,1.1883,-0.1565,3.3873,0,0,0,0,0,0,0,-0,0,1.45715,0,0,0,0,0,0,0,0,0,0,0,0,0,0,0,0,0,0,0,0,0,0,0,0,0,0,0,0
18.65,0.0028006,0.00481563,-0.00133072,0,0,0,2.96481,1.97362,-2.50293,0.00336733,0.00171907,0.0327029,0.000387413,0.00291127,-0.00322026,3,2,3.92699,0,0,0,0,0,0,0,0,0,0,0,2,3,2,3.92699,0,0,0,0,0,0,0,0,0,0,1.5708,1.5708,0,1.5708,1.5708,0,0.00678282,0.00844667,-0.071753,0.00939559,0.0113131,-0.0369665,1.7372,1.18795,0.877771,0.000205117,8.79072e-05,0.000408965,0.000459173,-7.02249e-05,-0.000303216,1.75578,1.20968,0,0,0,0,0,0.903358,0,1,0.0146165,1,0,1,2,1.75578,1.20968,0,0.344544,0.487027,3.7308e-15,0,0,0,0,0,0,0,0,0,0,0,0,0.855775,1.20968,0,0,0,0,0,0,0,0,0,0,0,0,2,0.855775,1.20968,0,1,2,0,0,0,0,0,1.1883,-0.1565,3.3873,0,0,0,0,0,0,0,-0,0,1.4575,0,0,0,0,0,0,0,0,0,0,0,0,0,0,0,0,0,0,0,0,0,0,0,0,0,0,0,0
18.7,0.0028006,0.00481563,-0.00133072,0,0,0,2.96481,1.97362,-2.50293,0.00336733,0.00171907,0.0327029,0.000387413,0.00291127,-0.00322026,3,2,3.92699,0,0,0,0,0,0,0,0,0,0,0,2,3,2,3.92699,0,0,0,0,0,0,0,0,0,0,1.5708,1.5708,0,1.5708,1.5708,0,0.00678282,0.00844667,-0.071753,0.00939513,0.0113135,-0.0369665,1.7372,1.18795,0.877771,0.000205117,8.79072e-05,0.000408965,0.000459173,-7.02249e-05,-0.000303216,1.75578,1.20968,0,0,0,0,0,0.901504,0,1,0.012775,1,0,1,2,1.75578,1.20968,0,0.344544,0.487027,3.7308e-15,0,0,0,0,0,0,0,0,0,0,0,0,0.855775,1.20968,0,0,0,0,0,0,0,0,0,0,0,0,2,0.855775,1.20968,0,1,2,0,0,0,0,0,1.1883,-0.1565,3.3873,0,0,0,0,0,0,0,-0,0,1.4575,0,0,0,0,0,0,0,0,0,0,0,0,0,0,0,0,0,0,0,0,0,0,0,0,0,0,0,0
18.75,0.00176363,0.00379152,-0.000613889,0,0,0,2.96517,1.97382,-2.4999,0.00363123,0.00199864,0.0303303,0.00138459,0.00256257,-0.0121287,3,2,3.92699,0,0,0,0,0,0,0,0,0,0,0,2,3,2,3.92699,0,0,0,0,0,0,0,0,0,0,1.5708,1.5708,0,1.5708,1.5708,0,0.00786916,0.00772645,-0.0720512,0.00888829,0.0107032,-0.0370144,1.73719,1.18798,0.877883,-0.000113476,0.000296502,0.00111948,-0.000898899,0.000687952,0.00235003,1.75578,1.20968,0,0,0,0,0,0.901504,0,1,0.012775,1,0,1,2,1.75578,1.20968,0,0.344544,0.487027,3.7308e-15,0,0,0,0,0,0,0,0,0,0,0,0,0.855775,1.20968,0,0,0,0,0,0,0,0,0,0,0,0,2,0.855775,1.20968,0,1,2,0,0,0,0,0,1.2224,-0.1311,3.4151,0,0,0,0,0,0,0,-0,0,1.45791,0,0,0,0,0,0,0,0,0,0,0,0,0,0,0,0,0,0,0,0,0,0,0,0,0,0,0,0
18.8,0.00176363,0.00379152,-0.000613889,0,0,0,2.96517,1.97382,-2.4999,0.00363123,0.00199864,0.0303303,0.00138459,0.00256257,-0.0121287,3,2,3.92699,0,0,0,0,0,0,0,0,0,0,0,2,3,2,3.92699,0,0,0,0,0,0,0,0,0,0,1.5708,1.5708,0,1.5708,1.5708,0,0.00786916,0.00772645,-0.0720512,0.00888709,0.0107042,-0.0370144,1.73719,1.18798,0.877883,-0.000113476,0.000296502,0.00111948,-0.000898899,0.000687952,0.00235003,1.75578,1.20968,0,0,0,0,0,0.902306,0,1,0.0164052,1,0,1,2,1.75578,1.20968,0,0.344544,0.487027,3.7308e-15,0,0,0,0,0,0,0,0,0,0,0,0,0.855775,1.20968,0,0,0,0,0,0,0,0,0,0,0,0,2,0.855775,1.20968,0,1,2,0,0,0,0,0,1.2224,-0.1311,3.4151,0,0,0,0,0,0,0,-0,0,1.45791,0,0,0,0,0,0,0,0,0,0,0,0,0,0,0,0,0,0,0,0,0,0,0,0,0,0,0,0
18.85,0.00201484,0.00295811,-0.00191373,0,0,0,2.96552,1.97405,-2.49661,0.0035149,0.0022191,0.0328702,0.000494012,0.00236824,0.00159515,3,2,3.92699,0,0,0,0,0,0,0,0,0,0,0,2,3,2,3.92699,0,0,0,0,0,0,0,0,0,0,1.5708,1.5708,0,1.5708,1.5708,0,0.00752162,0.00767161,-0.072162,0.00888709,0.0107042,-0.0370144,1.73719,1.18801,0.878019,-1.09917e-05,0.000308989,0.00136442,-0.000313905,0.000565007,0.0027466,1.75578,1.20968,0,0,0,0,0,0.902306,0,1,0.0164052,1,0,1,2,1.75578,1.20968,0,0.344544,0.487027,3.7308e-15,0,0,0,0,0,0,0,0,0,0,0,0,0.855775,1.20968,0,0,0,0,0,0,0,0,0,0,0,0,2,0.855775,1.20968,0,1,2,0,0,0,0,0,1.2224,-0.1311,3.4151,0,0,0,0,0,0,0,-0,0,1.45831,0,0,0,0,0,0,0,0,0,0,0,0,0,0,0,0,0,0,0,0,0,0,0,0,0,0,0,0
18.9,0.00201484,0.00295811,-0.00191373,0,0,0,2.96552,1.97405,-2.49661,0.0035149,0.0022191,0.0328702,0.000494012,0.00236824,0.00159515,3,2,3.92699,0,0,0,0,0,0,0,0,0,0,0,2,3,2,3.92699,0,0,0,0,0,0,0,0,0,0,1.5708,1.5708,0,1.5708,1.5708,0,0.00752162,0.00767161,-0.072162,0.00888563,0.0107054,-0.0370144,1.73719,1.18801,0.878019,-1.09917e-05,0.000308989,0.00136442,-0.000313905,0.000565007,0.0027466,1.75578,1.20968,0,0,0,0,0,0.9051,0,1,0.0154897,1,0,1,2,1.75578,1.20968,0,0.344544,0.487027,3.7308e-15,0,0,0,0,0,0,0,0,0,0,0,0,0.855775,1.20968,0,0,0,0,0,0,0,0,0,0,0,0,2,0.855775,1.20968,0,1,2,0,0,0,0,0,1.2224,-0.1311,3.4151,0,0,0,0,0,0,0,-0,0,1.45831,0,0,0,0,0,0,0,0,0,0,0,0,0,0,0,0,0,0,0,0,0,0,0,0,0,0,0,0
18.95,0.0015288,0.00373961,-0.00114338,0,0,0,2.96589,1.97424,-2.49358,0.00361578,0.00196414,0.0303654,0.000585861,0.000381107,-0.00713193,3,2,3.92699,0,0,0,0,0,0,0,0,0,0,0,2,3,2,3.92699,0,0,0,0,0,0,0,0,0,0,1.5708,1.5708,0,1.5708,1.5708,0,0.00708167,0.00848591,-0.0717244,0.00888563,0.0107054,-0.0370144,1.7372,1.18802,0.878048,0.000117189,6.83603e-05,0.000283126,0.00040281,-0.000638289,-0.00261521,1.75578,1.20968,0,0,0,0,0,0.9051,0,1,0.0154897,1,0,1,2,1.75578,1.20968,0,0.344544,0.487027,3.7308e-15,0,0,0,0,0,0,0,0,0,0,0,0,0.855775,1.20968,0,0,0,0,0,0,0,0,0,0,0,0,2,0.855775,1.20968,0,1,2,0,0,0,0,0,1.188,-0.1738,3.3747,0,0,0,0,0,0,0,-0,0,1.45871,0,0,0,0,0,0,0,0,0,0,0,0,0,0,0,0,0,0,0,0,0,0,0,0,0,0,0,0
19,0.0015288,0.00373961,-0.00114338,0,0,0,2.96589,1.97424,-2.49358,0.00361578,0.00196414,0.0303654,0.000585861,0.000381107,-0.00713193,3,2,3.92699,0,0,0,0,0,0,0,0,0,0,0,2,3,2,3.92699,0,0,0,0,0,0,0,0,0,0,1.5708,1.5708,0,1.5708,1.5708,0,0.00708167,0.00848591,-0.0717244,0.00904882,0.0109026,-0.0369989,1.7372,1.18802,0.878048,0.000117189,6.83603e-05,0.000283126,0.00040281,-0.000638289,-0.00261521,1.75578,1.20968,0,0,0,0,0,0.899692,0,1,0.0138532,1,0,1,2,1.75578,1.20968,0,0.344544,0.487027,3.7308e-15,0,0,0,0,0,0,0,0,0,0,0,0,0.855775,1.20968,0,0,0,0,0,0,0,0,0,0,0,0,2,0.855775,1.20968,0,1,2,0,0,0,0,0,1.188,-0.1738,3.3747,0,0,0,0,0,0,0,-0,0,1.45871,0,0,0,0,0,0,0,0,0,0,0,0,0,0,0,0,0,0,0,0,0,0,0,0,0,0,0,0
19.05,0.000572038,0.00358011,-0.00122305,0,0,0,2.96627,1.97444,-2.49058,0.00385329,0.00198769,0.0299608,0.00131007,5.20881e-05,-0.0071089,3,2,3.92699,0,0,0,0,0,0,0,0,0,0,0,2,3,2,3.92699,0,0,0,0,0,0,0,0,0,0,1.5708,1.5708,0,1.5708,1.5708,0,0.00766415,0.00779097,-0.0721632,0.00904882,0.0109026,-0.0369989,1.73719,1.18805,0.878181,-5.37213e-05,0.000269827,0.00133481,-0.000344029,0.000258644,0.00190517,1.75578,1.20968,0,0,0,0,0,0.899692,0,1,0.0138532,1,0,1,2,1.75578,1.20968,0,0.344544,0.487027,3.7308e-15,0,0,0,0,0,0,0,0,0,0,0,0,0.855775,1.20968,0,0,0,0,0,0,0,0,0,0,0,0,2,0.855775,1.20968,0,1,2,0,0,0,0,0,1.188,-0.1738,3.3747,0,0,0,0,0,0,0,-0,0,1.45913,0,0,0,0,0,0,0,0,0,0,0,0,0,0,0,0,0,0,0,0,0,0,0,0,0,0,0,0
19.1,0.000572038,0.00358011,-0.00122305,0,0,0,2.96627,1.97444,-2.49058,0.00385329,0.00198769,0.0299608,0.00131007,5.20881e-05,-0.0071089,3,2,3.92699,0,0,0,0,0,0,0,0,0,0,0,2,3,2,3.92699,0,0,0,0,0,0,0,0,0,0,1.5708,1.5708,0,1.5708,1.5708,0,0.00766415,0.00779097,-0.0721632,0.00904737,0.0109038,-0.0369989,1.73719,1.18805,0.878181,-5.37213e-05,0.000269827,0.00133481,-0.000344029,0.000258644,0.00190517,1.75578,1.20968,0,0,0,0,0,0.903867,0,1,0.0164128,1,0,1,2,1.75578,1.20968,0,0.344544,0.487027,3.7308e-15,0,0,0,0,0,0,0,0,0,0,0,0,0.855775,1.20968,0,0,0,0,0,0,0,0,0,0,0,0,2,0.855775,1.20968,0,1,2,0,0,0,0,0,1.188,-0.1738,3.3747,0,0,0,0,0,0,0,-0,0,1.45913,0,0,0,0,0,0,0,0,0,0,0,0,0,0,0,0,0,0,0,0,0,0,0,0,0,0,0,0
19.15,0.000854806,0.0016097,-0.00243744,0,0,0,2.96664,1.9747,-2.48735,0.00372508,0.00254116,0.0323013,0.000375029,0.00219973,0.00510856,3,2,3.92699,0,0,0,0,0,0,0,0,0,0,0,2,3,2,3.92699,0,0,0,0,0,0,0,0,0,0,1.5708,1.5708,0,1.5708,1.5708,0,0.0069366,0.0083633,-0.0717536,0.00904737,0.0109038,-0.0369989,1.73721,1.18806,0.878213,0.00015867,0.000100084,0.000321823,0.000541006,-0.000401393,-0.0022911,1.75578,1.20968,0,0,0,0,0,0.903867,0,1,0.0164128,1,0,1,2,1.75578,1.20968,0,0.344544,0.487027,3.7308e-15,0,0,0,0,0,0,0,0,0,0,0,0,0.855775,1.20968,0,0,0,0,0,0,0,0,0,0,0,0,2,0.855775,1.20968,0,1,2,0,0,0,0,0,1.1279,-0.242,3.3087,0,0,0,0,0,0,0,-0,0,1.45956,0,0,0,0,0,0,0,0,0,0,0,0,0,0,0,0,0,0,0,0,0,0,0,0,0,0,0,0
19.2,0.000854806,0.0016097,-0.00243744,0,0,0,2.96664,1.9747,-2.48735,0.00372508,0.00254116,0.0323013,0.000375029,0.00219973,0.00510856,3,2,3.92699,0,0,0,0,0,0,0,0,0,0,0,2,3,2,3.92699,0,0,0,0,0,0,0,0,0,0,1.5708,1.5708,0,1.5708,1.5708,0,0.0069366,0.0083633,-0.0717536,0.00904702,0.0109041,-0.0369989,1.73721,1.18806,0.878213,0.00015867,0.000100084,0.000321823,0.000541006,-0.000401393,-0.0022911,1.75578,1.20968,0,0,0,0,0,0.901283,0,1,0.0129748,1,0,1,2,1.75578,1.20968,0,0.344544,0.487027,3.7308e-15,0,0,0,0,0,0,0,0,0,0,0,0,0.855775,1.20968,0,0,0,0,0,0,0,0,0,0,0,0,2,0.855775,1.20968,0,1,2,0,0,0,0,0,1.1279,-0.242,3.3087,0,0,0,0,0,0,0,-0,0,1.45956,0,0,0,0,0,0,0,0,0,0,0,0,0,0,0,0,0,0,0,0,0,0,0,0,0,0,0,0
19.25,0.000384687,0.00250594,-0.00282863,0,0,0,2.96703,1.97492,-2.48409,0.00381882,0.00224881,0.0326101,0.0004702,0.000441396,0.00592923,3,2,3.92699,0,0,0,0,0,0,0,0,0,0,0,2,3,2,3.92699,0,0,0,0,0,0,0,0,0,0,1.5708,1.5708,0,1.5708,1.5708,0,0.00831426,0.00683238,-0.0725535,0.00890346,0.0107311,-0.0370125,1.73718,1.18811,0.878438,-0.00024417,0.000544499,0.0022426,-0.00116509,0.0014453,0.0057308,1.75578,1.20968,0,0,0,0,0,0.901283,0,1,0.0129748,1,0,1,2,1.75578,1.20968,0,0.344544,0.487027,3.7308e-15,0,0,0,0,0,0,0,0,0,0,0,0,0.855775,1.20968,0,0,0,0,0,0,0,0,0,0,0,0,2,0.855775,1.20968,0,1,2,0,0,0,0,0,1.1279,-0.242,3.3087,0,0,0,0,0,0,0,-0,0,1.45999,0,0,0,0,0,0,0,0,0,0,0,0,0,0,0,0,0,0,0,0,0,0,0,0,0,0,0,0
19.3,0.000384687,0.00250594,-0.00282863,0,0,0,2.96703,1.97492,-2.48409,0.00381882,0.00224881,0.0326101,0.0004702,0.000441396,0.00592923,3,2,3.92699,0,0,0,0,0,0,0,0,0,0,0,2,3,2,3.92699,0,0,0,0,0,0,0,0,0,0,1.5708,1.5708,0,1.5708,1.5708,0,0.00831426,0.00683238,-0.0725535,0.00890105,0.0107331,-0.0370125,1.73718,1.18811,0.878438,-0.00024417,0.000544499,0.0022426,-0.00116509,0.0014453,0.0057308,1.75578,1.20968,0,0,0,0,0,0.909094,0,1,0.0174386,1,0,1,2,1.75578,1.20968,0,0.344544,0.487027,3.7308e-15,0,0,0,0,0,0,0,0,0,0,0,0,0.855775,1.20968,0,0,0,0,0,0,0,0,0,0,0,0,2,0.855775,1.20968,0,1,2,0,0,0,0,0,1.1279,-0.242,3.3087,0,0,0,0,0,0,0,-0,0,1.45999,0,0,0,0,0,0,0,0,0,0,0,0,0,0,0,0,0,0,0,0,0,0,0,0,0,0,0,0
19.35,-0.00108714,0.0049422,-0.00191756,0,0,0,2.96745,1.97507,-2.48111,0.00420474,0.00150902,0.0297711,0.00183836,-0.00292817,-0.00766257,3,2,3.92699,0,0,0,0,0,0,0,0,0,0,0,2,3,2,3.92699,0,0,0,0,0,0,0,0,0,0,1.5708,1.5708,0,1.5708,1.5708,0,0.00767814,0.00959984,-0.0717882,0.00890105,0.0107331,-0.0370125,1.73718,1.18809,0.878473,-5.61609e-05,-0.000267375,0.000354702,-0.000179296,-0.00212609,-0.00301616,1.75578,1.20968,0,0,0,0,0,0.909094,0,1,0.0174386,1,0,1,2,1.75578,1.20968,0,0.344544,0.487027,3.7308e-15,0,0,0,0,0,0,0,0,0,0,0,0,0.855775,1.20968,0,0,0,0,0,0,0,0,0,0,0,0,2,0.855775,1.20968,0,1,2,0,0,0,0,0,1.1946,-0.1838,3.3694,0,0,0,0,0,0,0,-0,0,1.46045,0,0,0,0,0,0,0,0,0,0,0,0,0,0,0,0,0,0,0,0,0,0,0,0,0,0,0,0
19.4,-0.00108714,0.0049422,-0.00191756,0,0,0,2.96745,1.97507,-2.48111,0.00420474,0.00150902,0.0297711,0.00183836,-0.00292817,-0.00766257,3,2,3.92699,0,0,0,0,0,0,0,0,0,0,0,2,3,2,3.92699,0,0,0,0,0,0,0,0,0,0,1.5708,1.5708,0,1.5708,1.5708,0,0.00767814,0.00959984,-0.0717882,0.00890067,0.0107334,-0.0370125,1.73718,1.18809,0.878473,-5.61609e-05,-0.000267375,0.000354702,-0.000179296,-0.00212609,-0.00301616,1.75578,1.20968,0,0,0,0,0,0.891217,0,1,0.0208708,1,0,1,2,1.75578,1.20968,0,0.344544,0.487027,3.7308e-15,0,0,0,0,0,0,0,0,0,0,0,0,0.855775,1.20968,0,0,0,0,0,0,0,0,0,0,0,0,2,0.855775,1.20968,0,1,2,0,0,0,0,0,1.1946,-0.1838,3.3694,0,0,0,0,0,0,0,-0,0,1.46045,0,0,0,0,0,0,0,0,0,0,0,0,0,0,0,0,0,0,0,0,0,0,0,0,0,0,0,0
19.45,-0.00106114,0.00231916,-0.00342104,0,0,0,2.96786,1.9753,-2.47783,0.00414754,0.00225919,0.0328124,0.00106514,0.00078568,0.00574915,3,2,3.92699,0,0,0,0,0,0,0,0,0,0,0,2,3,2,3.92699,0,0,0,0,0,0,0,0,0,0,1.5708,1.5708,0,1.5708,1.5708,0,0.00592415,0.00832734,-0.0711711,0.00890067,0.0107334,-0.0370125,1.73722,1.1881,0.878359,0.000455009,0.000106128,-0.00113886,0.00206847,-0.000267458,-0.00896274,1.75578,1.20968,0,0,0,0,0,0.891217,0,1,0.0208708,1,0,1,2,1.75578,1.20968,0,0.344544,0.487027,3.7308e-15,0,0,0,0,0,0,0,0,0,0,0,0,0.855775,1.20968,0,0,0,0,0,0,0,0,0,0,0,0,2,0.855775,1.20968,0,1,2,0,0,0,0,0,1.1946,-0.1838,3.3694,0,0,0,0,0,0,0,-0,0,1.46087,0,0,0,0,0,0,0,0,0,0,0,0,0,0,0,0,0,0,0,0,0,0,0,0,0,0,0,0
19.5,-0.00106114,0.00231916,-0.00342104,0,0,0,2.96786,1.9753,-2.47783,0.00414754,0.00225919,0.0328124,0.00106514,0.00078568,0.00574915,3,2,3.92699,0,0,0,0,0,0,0,0,0,0,0,2,3,2,3.92699,0,0,0,0,0,0,0,0,0,0,1.5708,1.5708,0,1.5708,1.5708,0,0.00592415,0.00832734,-0.0711711,0.0089019,0.0107324,-0.0370125,1.73722,1.1881,0.878359,0.000455009,0.000106128,-0.00113886,0.00206847,-0.000267458,-0.00896274,1.75578,1.20968,0,0,0,0,0,0.902154,0,1,0.00505062,1,0,0.99827,2,1.75578,1.20968,0,0.344544,0.487027,3.7308e-15,0,0,0,0,0,0,0,0,0,0,0,0,0.855775,1.20968,0,0,0,0,0,0,0,0,0,0,0,0,2,0.855775,1.20968,0,1,2,0,0,0,0,0,1.1946,-0.1838,3.3694,0,0,0,0,0,0,0,-0,0,1.46087,0,0,0,0,0,0,0,0,0,0,0,0,0,0,0,0,0,0,0,0,0,0,0,0,0,0,0,0
19.55,-0.00106114,0.00231916,-0.00342104,0,0,0,2.96786,1.9753,-2.47783,0.00414754,0.00225919,0.0328124,0.00106514,0.00078568,0.00574915,3,2,3.92699,0,0,0,0,0,0,0,0,0,0,0,2,3,2,3.92699,0,0,0,0,0,0,0,0,0,0,1.5708,1.5708,0,1.5708,1.5708,0,0.00592415,0.00832734,-0.0711711,0.00863532,0.0107937,-0.037007,1.73722,1.1881,0.878359,0.000455009,0.000106128,-0.00113886,0.00206847,-0.000267458,-0.00896274,1.75578,1.20968,0,0,0,0,0,0.902154,0,1,0.00505062,1,0,0.99827,2,1.75578,1.20968,0,0.344544,0.487027,3.7308e-15,0,0,0,0,0,0,0,0,0,0,0,0,0.855775,1.20968,0,0,0,0,0,0,0,0,0,0,0,0,2,0.855775,1.20968,0,1,2,0,0,0,0,0,1.1172,-0.2695,3.2857,0,0,0,0,0,0,0,-0,0,1.46087,0,0,0,0,0,0,0,0,0,0,0,0,0,0,0,0,0,0,0,0,0,0,0,0,0,0,0,0
19.6,-0.00124678,0.00467116,-0.00270259,0,0,0,2.96828,1.97545,-2.47479,0.00415304,0.00154395,0.0304344,0.000544722,-0.00188979,-0.00432973,3,2,3.92699,0,0,0,0,0,0,0,0,0,0,0,2,3,2,3.92699,0,0,0,0,0,0,0,0,0,0,1.5708,1.5708,0,1.5708,1.5708,0,0.00694454,0.00782319,-0.0720338,0.00863532,0.0107937,-0.037007,1.73724,1.18812,0.878455,0.000152685,0.000251624,0.000962033,0.000337077,0.000671965,0.00221035,1.75578,1.20968,0,0,0,0,0,0.902154,0,1,0.00505062,1,0,0.99827,2,1.75578,1.20968,0,0.344544,0.487027,3.7308e-15,0,0,0,0,0,0,0,0,0,0,0,0,0.855775,1.20968,0,0,0,0,0,0,0,0,0,0,0,0,2,0.855775,1.20968,0,1,2,0,0,0,0,0,1.1172,-0.2695,3.2857,0,0,0,0,0,0,0,-0,0,1.46128,0,0,0,0,0,0,0,0,0,0,0,0,0,0,0,0,0,0,0,0,0,0,0,0,0,0,0,0
19.65,-0.00202885,0.00376588,-0.00133631,0,0,0,2.96871,1.97563,-2.47213,0.00433303,0.00179079,0.0265396,0.000990755,-0.000504223,-0.0194175,3,2,3.92699,0,0,0,0,0,0,0,0,0,0,0,2,3,2,3.92699,0,0,0,0,0,0,0,0,0,0,1.5708,1.5708,0,1.5708,1.5708,0,0.00632296,0.00883265,-0.0713346,0.00863429,0.0107946,-0.037007,1.73727,1.18812,0.878381,0.000331809,-4.51358e-05,-0.000741582,0.000684606,-0.000654632,-0.00396705,1.75578,1.20968,0,0,0,0,0,0.905997,0,1,0.013092,1,0,1,2,1.75578,1.20968,0,0.344544,0.487027,3.7308e-15,0,0,0,0,0,0,0,0,0,0,0,0,0.855775,1.20968,0,0,0,0,0,0,0,0,0,0,0,0,2,0.855775,1.20968,0,1,2,0,0,0,0,0,1.1172,-0.2695,3.2857,0,0,0,0,0,0,0,-0,0,1.46172,0,0,0,0,0,0,0,0,0,0,0,0,0,0,0,0,0,0,0,0,0,0,0,0,0,0,0,0
19.7,-0.00202885,0.00376588,-0.00133631,0,0,0,2.96871,1.97563,-2.47213,0.00433303,0.00179079,0.0265396,0.000990755,-0.000504223,-0.0194175,3,2,3.92699,0,0,0,0,0,0,0,0,0,0,0,2,3,2,3.92699,0,0,0,0,0,0,0,0,0,0,1.5708,1.5708,0,1.5708,1.5708,0,0.00632296,0.00883265,-0.0713346,0.00863509,0.0107939,-0.037007,1.73727,1.18812,0.878381,0.000331809,-4.51358e-05,-0.000741582,0.000684606,-0.000654632,-0.00396705,1.75578,1.20968,0,0,0,0,0,0.898712,0,1,0.00944891,1,0,0.999342,2,1.75578,1.20968,0,0.344544,0.487027,3.7308e-15,0,0,0,0,0,0,0,0,0,0,0,0,0.855775,1.20968,0,0,0,0,0,0,0,0,0,0,0,0,2,0.855775,1.20968,0,1,2,0,0,0,0,0,1.1172,-0.2695,3.2857,0,0,0,0,0,0,0,-0,0,1.46172,0,0,0,0,0,0,0,0,0,0,0,0,0,0,0,0,0,0,0,0,0,0,0,0,0,0,0,0
19.75,-0.000448827,0.0051531,-0.00406646,0,0,0,2.96909,1.97577,-2.46887,0.0038194,0.00136355,0.0326048,-0.00141353,-0.00182906,0.0104219,3,2,3.92699,0,0,0,0,0,0,0,0,0,0,0,2,3,2,3.92699,0,0,0,0,0,0,0,0,0,0,1.5708,1.5708,0,1.5708,1.5708,0,0.00975419,0.00594664,-0.073597,0.00863509,0.0107939,-0.037007,1.7372,1.1882,0.878853,-0.000670778,0.000795403,0.0047238,-0.00354855,0.0027854,0.0186187,1.75578,1.20968,0,0,0,0,0,0.898712,0,1,0.00944891,1,0,0.999342,2,1.75578,1.20968,0,0.344544,0.487027,3.7308e-15,0,0,0,0,0,0,0,0,0,0,0,0,0.855775,1.20968,0,0,0,0,0,0,0,0,0,0,0,0,2,0.855775,1.20968,0,1,2,0,0,0,0,0,1.1875,-0.2069,3.351,0,0,0,0,0,0,0,-0,0,1.46213,0,0,0,0,0,0,0,0,0,0,0,0,0,0,0,0,0,0,0,0,0,0,0,0,0,0,0,0
19.8,-0.000448827,0.0051531,-0.00406646,0,0,0,2.96909,1.97577,-2.46887,0.0038194,0.00136355,0.0326048,-0.00141353,-0.00182906,0.0104219,3,2,3.92699,0,0,0,0,0,0,0,0,0,0,0,2,3,2,3.92699,0,0,0,0,0,0,0,0,0,0,1.5708,1.5708,0,1.5708,1.5708,0,0.00975419,0.00594664,-0.073597,0.00743338,0.00897092,-0.0371511,1.7372,1.1882,0.878853,-0.000670778,0.000795403,0.0047238,-0.00354855,0.0027854,0.0186187,1.75578,1.20968,0,0,0,0,0,0.917519,0,1,0.0224901,1,0.00382702,1,2,1.75578,1.20968,0,0.344544,0.487027,3.7308e-15,0,0,0,0,0,0,0,0,0,0,0,0,0.855775,1.20968,0,0,0,0,0,0,0,0,0,0,0,0,2,0.855775,1.20968,0,1,2,0,0,0,0,0,1.1875,-0.2069,3.351,0,0,0,0,0,0,0,-0,0,1.46213,0,0,0,0,0,0,0,0,0,0,0,0,0,0,0,0,0,0,0,0,0,0,0,0,0,0,0,0
19.85,-0.000392232,0.00198277,-0.00389065,0,0,0,2.96947,1.97599,-2.46572,0.00375782,0.00227569,0.0315398,-0.00140784,0.00237147,0.00614195,3,2,3.92699,0,0,0,0,0,0,0,0,0,0,0,2,3,2,3.92699,0,0,0,0,0,0,0,0,0,0,1.5708,1.5708,0,1.5708,1.5708,0,0.00614692,0.00938144,-0.07113,0.00743338,0.00897092,-0.0371511,1.73724,1.18818,0.878722,0.000387013,-0.000213651,-0.00131266,0.00152111,-0.00189149,-0.00986998,1.75578,1.20968,0,0,0,0,0,0.917519,0,1,0.0224901,1,0.00382702,1,2,1.75578,1.20968,0,0.344544,0.487027,3.7308e-15,0,0,0,0,0,0,0,0,0,0,0,0,0.855775,1.20968,0,0,0,0,0,0,0,0,0,0,0,0,2,0.855775,1.20968,0,1,2,0,0,0,0,0,1.1875,-0.2069,3.351,0,0,0,0,0,0,0,-0,0,1.46254,0,0,0,0,0,0,0,0,0,0,0,0,0,0,0,0,0,0,0,0,0,0,0,0,0,0,0,0
19.9,-0.000392232,0.00198277,-0.00389065,0,0,0,2.96947,1.97599,-2.46572,0.00375782,0.00227569,0.0315398,-0.00140784,0.00237147,0.00614195,3,2,3.92699,0,0,0,0,0,0,0,0,0,0,0,2,3,2,3.92699,0,0,0,0,0,0,0,0,0,0,1.5708,1.5708,0,1.5708,1.5708,0,0.00614692,0.00938144,-0.07113,0.00743456,0.00896995,-0.0371511,1.73724,1.18818,0.878722,0.000387013,-0.000213651,-0.00131266,0.00152111,-0.00189149,-0.00986998,1.75578,1.20968,0,0,0,0,0,0.89471,0,1,0.0101395,1,0,0.992954,2,1.75578,1.20968,0,0.344544,0.487027,3.7308e-15,0,0,0,0,0,0,0,0,0,0,0,0,0.855775,1.20968,0,0,0,0,0,0,0,0,0,0,0,0,2,0.855775,1.20968,0,1,2,0,0,0,0,0,1.1875,-0.2069,3.351,0,0,0,0,0,0,0,-0,0,1.46254,0,0,0,0,0,0,0,0,0,0,0,0,0,0,0,0,0,0,0,0,0,0,0,0,0,0,0,0
19.95,-0.000365576,0.000921503,-0.00286412,0,0,0,2.96984,1.97625,-2.46288,0.00370572,0.00255958,0.0284431,-0.0010557,0.00312614,-0.00928872,3,2,3.92699,0,0,0,0,0,0,0,0,0,0,0,2,3,2,3.92699,0,0,0,0,0,0,0,0,0,0,1.5708,1.5708,0,1.5708,1.5708,0,0.00750294,0.00908794,-0.071892,0.00743456,0.00896995,-0.0371511,1.73724,1.18816,0.878777,-1.22059e-05,-0.000125721,0.00054891,5.05463e-06,-0.00141825,-0.00234877,1.75578,1.20968,0,0,0,0,0,0.89471,0,1,0.0101395,1,0,0.992954,2,1.75578,1.20968,0,0.344544,0.487027,3.7308e-15,0,0,0,0,0,0,0,0,0,0,0,0,0.855775,1.20968,0,0,0,0,0,0,0,0,0,0,0,0,2,0.855775,1.20968,0,1,2,0,0,0,0,0,1.1872,-0.2154,3.3445,0,0,0,0,0,0,0,-0,0,1.463,0,0,0,0,0,0,0,0,0,0,0,0,0,0,0,0,0,0,0,0,0,0,0,0,0,0,0,0
20,-0.000365576,0.000921503,-0.00286412,0,0,0,2.96984,1.97625,-2.46288,0.00370572,0.00255958,0.0284431,-0.0010557,0.00312614,-0.00928872,3,2,3.92699,0,0,0,0,0,0,0,0,0,0,0,2,3,2,3.92699,0,0,0,0,0,0,0,0,0,0,1.5708,1.5708,0,1.5708,1.5708,0,0.00750294,0.00908794,-0.071892,0.00743407,0.00897036,-0.0371511,1.73724,1.18816,0.878777,-1.22059e-05,-0.000125721,0.00054891,5.05463e-06,-0.00141825,-0.00234877,1.75578,1.20968,0,0,0,0,0,0.895781,0,1,0.0186092,1,0,1,2,1.75578,1.20968,0,0.344544,0.487027,3.7308e-15,0,0,0,0,0,0,0,0,0,0,0,0,0.855775,1.20968,0,0,0,0,0,0,0,0,0,0,0,0,2,0.855775,1.20968,0,1,2,0,0,0,0,0,1.1872,-0.2154,3.3445,0,0,0,0,0,0,0,-0,0,1.463,0,0,0,0,0,0,0,0,0,0,0,0,0,0,0,0,0,0,0,0,0,0,0,0,0,0,0,0
20.05,-0.000365576,0.000921503,-0.00286412,0,0,0,2.96984,1.97625,-2.46288,0.00370572,0.00255958,0.0284431,-0.0010557,0.00312614,-0.00928872,3,2,3.92699,0,0,0,0,0,0,0,0,0,0,0,2,3,2,3.92699,0,0,0,0,0,0,0,0,0,0,1.5708,1.5708,0,1.5708,1.5708,0,0.00750294,0.00908794,-0.071892,0.0093933,0.0113345,-0.0369656,1.73724,1.18816,0.878777,-1.22059e-05,-0.000125721,0.00054891,5.05463e-06,-0.00141825,-0.00234877,1.75578,1.20968,0,0,0,0,0,0.895781,0,1,0.0186092,1,0,1,2,1.75578,1.20968,0,0.344544,0.487027,3.7308e-15,0,0,0,0,0,0,0,0,0,0,0,0,0.855775,1.20968,0,0,0,0,0,0,0,0,0,0,0,0,2,0.855775,1.20968,0,1,2,0,0,0,0,0,1.1872,-0.2154,3.3445,0,0,0,0,0,0,0,-0,0,1.463,0,0,0,0,0,0,0,0,0,0,0,0,0,0,0,0,0,0,0,0,0,0,0,0,0,0,0,0
20.1,-0.000868229,0.00154184,-0.00410412,0,0,0,2.97022,1.97649,-2.45979,0.00380921,0.00234779,0.0308755,-0.000175085,0.0011314,0.00203423,3,2,3.92699,0,0,0,0,0,0,0,0,0,0,0,2,3,2,3.92699,0,0,0,0,0,0,0,0,0,0,1.5708,1.5708,0,1.5708,1.5708,0,0.00860245,0.00583804,-0.0728924,0.0093933,0.0113345,-0.0369656,1.73721,1.18824,0.879071,-0.000332085,0.000821667,0.00294853,-0.0014803,0.00299798,0.00919543,1.75578,1.20968,0,0,0,0,0,0.895781,0,1,0.0186092,1,0,1,2,1.75578,1.20968,0,0.344544,0.487027,3.7308e-15,0,0,0,0,0,0,0,0,0,0,0,0,0.855775,1.20968,0,0,0,0,0,0,0,0,0,0,0,0,2,0.855775,1.20968,0,1,2,0,0,0,0,0,1.1872,-0.2154,3.3445,0,0,0,0,0,0,0,-0,0,1.46343,0,0,0,0,0,0,0,0,0,0,0,0,0,0,0,0,0,0,0,0,0,0,0,0,0,0,0,0
20.15,-0.000868229,0.00154184,-0.00410412,0,0,0,2.97022,1.97649,-2.45979,0.00380921,0.00234779,0.0308755,-0.000175085,0.0011314,0.00203423,3,2,3.92699,0,0,0,0,0,0,0,0,0,0,0,2,3,2,3.92699,0,0,0,0,0,0,0,0,0,0,1.5708,1.5708,0,1.5708,1.5708,0,0.00860245,0.00583804,-0.0728924,0.00938996,0.0113372,-0.0369656,1.73721,1.18824,0.879071,-0.000332085,0.000821667,0.00294853,-0.0014803,0.00299798,0.00919543,1.75578,1.20968,0,0,0,0,0,0.916311,0,1,0.0158523,1,0,1,2,1.75578,1.20968,0,0.344544,0.487027,3.7308e-15,0,0,0,0,0,0,0,0,0,0,0,0,0.855775,1.20968,0,0,0,0,0,0,0,0,0,0,0,0,2,0.855775,1.20968,0,1,2,0,0,0,0,0,1.1869,-0.2234,3.3388,0,0,0,0,0,0,0,-0,0,1.46343,0,0,0,0,0,0,0,0,0,0,0,0,0,0,0,0,0,0,0,0,0,0,0,0,0,0,0,0
20.2,-0.00106199,0.00407425,-0.00201735,0,0,0,2.9706,1.97664,-2.45726,0.00382102,0.00157867,0.0252339,6.63553e-05,-0.00266107,-0.0197498,3,2,3.92699,0,0,0,0,0,0,0,0,0,0,0,2,3,2,3.92699,0,0,0,0,0,0,0,0,0,0,1.5708,1.5708,0,1.5708,1.5708,0,0.00634733,0.00913098,-0.0711108,0.00938996,0.0113372,-0.0369656,1.73724,1.18823,0.878931,0.000328178,-0.000146399,-0.00140168,0.00154842,-0.00147012,-0.0102978,1.75578,1.20968,0,0,0,0,0,0.916311,0,1,0.0158523,1,0,1,2,1.75578,1.20968,0,0.344544,0.487027,3.7308e-15,0,0,0,0,0,0,0,0,0,0,0,0,0.855775,1.20968,0,0,0,0,0,0,0,0,0,0,0,0,2,0.855775,1.20968,0,1,2,0,0,0,0,0,1.1869,-0.2234,3.3388,0,0,0,0,0,0,0,-0,0,1.46382,0,0,0,0,0,0,0,0,0,0,0,0,0,0,0,0,0,0,0,0,0,0,0,0,0,0,0,0
20.25,-0.0020001,0.00435431,-0.00216602,0,0,0,2.97101,1.97679,-2.45476,0.00405068,0.00147808,0.0250968,0.000979628,-0.00251753,-0.0154253,3,2,3.92699,0,0,0,0,0,0,0,0,0,0,0,2,3,2,3.92699,0,0,0,0,0,0,0,0,0,0,1.5708,1.5708,0,1.5708,1.5708,0,0.00631589,0.0113409,-0.0708031,0.00939155,0.0113359,-0.0369656,1.73728,1.18815,0.87872,0.000333485,-0.000787904,-0.00211566,0.0013601,-0.00405022,-0.0116712,1.75578,1.20968,0,0,0,0,0,0.895067,0,1,0.0097091,1,0,0.996003,2,1.75578,1.20968,0,0.344544,0.487027,3.7308e-15,0,0,0,0,0,0,0,0,0,0,0,0,0.855775,1.20968,0,0,0,0,0,0,0,0,0,0,0,0,2,0.855775,1.20968,0,1,2,0,0,0,0,0,1.1869,-0.2234,3.3388,0,0,0,0,0,0,0,-0,0,1.46426,0,0,0,0,0,0,0,0,0,0,0,0,0,0,0,0,0,0,0,0,0,0,0,0,0,0,0,0
20.3,-0.0020001,0.00435431,-0.00216602,0,0,0,2.97101,1.97679,-2.45476,0.00405068,0.00147808,0.0250968,0.000979628,-0.00251753,-0.0154253,3,2,3.92699,0,0,0,0,0,0,0,0,0,0,0,2,3,2,3.92699,0,0,0,0,0,0,0,0,0,0,1.5708,1.5708,0,1.5708,1.5708,0,0.00631589,0.0113409,-0.0708031,0.00855312,0.0149362,-0.0366744,1.73728,1.18815,0.87872,0.000333485,-0.000787904,-0.00211566,0.0013601,-0.00405022,-0.0116712,1.75578,1.20968,0,0,0,0,0,0.879945,0,1,0.0175177,1,0,0.979142,2,1.75578,1.20968,0,0.344544,0.487027,3.7308e-15,0,0,0,0,0,0,0,0,0,0,0,0,0.855775,1.20968,0,0,0,0,0,0,0,0,0,0,0,0,2,0.855775,1.20968,0,1,2,0,0,0,0,0,1.1869,-0.2234,3.3388,0,0,0,0,0,0,0,-0,0,1.46426,0,0,0,0,0,0,0,0,0,0,0,0,0,0,0,0,0,0,0,0,0,0,0,0,0,0,0,0
20.35,-0.00222145,0.00300038,-0.00148903,0,0,0,2.97141,1.97698,-2.45246,0.00406769,0.00185704,0.0229696,0.000796452,2.90399e-05,-0.0170697,3,2,3.92699,0,0,0,0,0,0,0,0,0,0,0,2,3,2,3.92699,0,0,0,0,0,0,0,0,0,0,1.5708,1.5708,0,1.5708,1.5708,0,0.00808082,0.00656253,-0.0724066,0.00855312,0.0149362,-0.0366744,1.73726,1.18821,0.878899,-0.000184119,0.000612104,0.00178911,-0.00127631,0.00281192,0.0084055,1.75578,1.20968,0,0,0,0,0,0.879945,0,1,0.0175177,1,0,0.979142,2,1.75578,1.20968,0,0.344544,0.487027,3.7308e-15,0,0,0,0,0,0,0,0,0,0,0,0,0.855775,1.20968,0,0,0,0,0,0,0,0,0,0,0,0,2,0.855775,1.20968,0,1,2,0,0,0,0,0,1.1867,-0.2302,3.3337,0,0,0,0,0,0,0,-0,0,1.46468,0,0,0,0,0,0,0,0,0,0,0,0,0,0,0,0,0,0,0,0,0,0,0,0,0,0,0,0
20.4,-0.00222145,0.00300038,-0.00148903,0,0,0,2.97141,1.97698,-2.45246,0.00406769,0.00185704,0.0229696,0.000796452,2.90399e-05,-0.0170697,3,2,3.92699,0,0,0,0,0,0,0,0,0,0,0,2,3,2,3.92699,0,0,0,0,0,0,0,0,0,0,1.5708,1.5708,0,1.5708,1.5708,0,0.00808082,0.00656253,-0.0724066,0.00855044,0.0149378,-0.0366744,1.73726,1.18821,0.878899,-0.000184119,0.000612104,0.00178911,-0.00127631,0.00281192,0.0084055,1.75578,1.20968,0,0,0,0,0,0.910468,0,1,0.0146092,1,0,1,2,1.75578,1.20968,0,0.344544,0.487027,3.7308e-15,0,0,0,0,0,0,0,0,0,0,0,0,0.855775,1.20968,0,0,0,0,0,0,0,0,0,0,0,0,2,0.855775,1.20968,0,1,2,0,0,0,0,0,1.1867,-0.2302,3.3337,0,0,0,0,0,0,0,-0,0,1.46468,0,0,0,0,0,0,0,0,0,0,0,0,0,0,0,0,0,0,0,0,0,0,0,0,0,0,0,0
20.45,-0.00183115,0.00437261,-0.0023162,0,0,0,2.9718,1.97712,-2.45001,0.00390552,0.00143341,0.0245141,-0.000216448,-0.00134014,-0.00442901,3,2,3.92699,0,0,0,0,0,0,0,0,0,0,0,2,3,2,3.92699,0,0,0,0,0,0,0,0,0,0,1.5708,1.5708,0,1.5708,1.5708,0,0.00871517,0.00698254,-0.0727504,0.00855044,0.0149378,-0.0366744,1.73722,1.18826,0.879157,-0.000366601,0.000482691,0.00258244,-0.00185165,0.00209792,0.0109273,1.75578,1.20968,0,0,0,0,0,0.910468,0,1,0.0146092,1,0,1,2,1.75578,1.20968,0,0.344544,0.487027,3.7308e-15,0,0,0,0,0,0,0,0,0,0,0,0,0.855775,1.20968,0,0,0,0,0,0,0,0,0,0,0,0,2,0.855775,1.20968,0,1,2,0,0,0,0,0,1.1867,-0.2302,3.3337,0,0,0,0,0,0,0,-0,0,1.46509,0,0,0,0,0,0,0,0,0,0,0,0,0,0,0,0,0,0,0,0,0,0,0,0,0,0,0,0
20.5,-0.00183115,0.00437261,-0.0023162,0,0,0,2.9718,1.97712,-2.45001,0.00390552,0.00143341,0.0245141,-0.000216448,-0.00134014,-0.00442901,3,2,3.92699,0,0,0,0,0,0,0,0,0,0,0,2,3,2,3.92699,0,0,0,0,0,0,0,0,0,0,1.5708,1.5708,0,1.5708,1.5708,0,0.00871517,0.00698254,-0.0727504,0.00854659,0.01494,-0.0366744,1.73722,1.18826,0.879157,-0.000366601,0.000482691,0.00258244,-0.00185165,0.00209792,0.0109273,1.75578,1.20968,0,0,0,0,0,0.908338,0,1,0.0203227,1,0,1,2,1.75578,1.20968,0,0.344544,0.487027,3.7308e-15,0,0,0,0,0,0,0,0,0,0,0,0,0.855775,1.20968,0,0,0,0,0,0,0,0,0,0,0,0,2,0.855775,1.20968,0,1,2,0,0,0,0,0,1.1867,-0.2302,3.3337,0,0,0,0,0,0,0,-0,0,1.46509,0,0,0,0,0,0,0,0,0,0,0,0,0,0,0,0,0,0,0,0,0,0,0,0,0,0,0,0
20.55,-0.00169568,0.00269573,-0.00225792,0,0,0,2.97219,1.97731,-2.44762,0.00381985,0.00190748,0.0238917,-0.00059403,0.000909922,-0.00334249,3,2,3.92699,0,0,0,0,0,0,0,0,0,0,0,2,3,2,3.92699,0,0,0,0,0,0,0,0,0,0,1.5708,1.5708,0,1.5708,1.5708,0,0.00534741,0.0124731,-0.0698877,0.00825781,0.00997204,-0.0370727,1.73728,1.18815,0.87872,0.000617918,-0.00112104,-0.00436537,0.00274257,-0.00524259,-0.0208474,1.75578,1.20968,0,0,0,0,0,0.908338,0,1,0.0203227,1,0,1,2,1.75578,1.20968,0,0.344544,0.487027,3.7308e-15,0,0,0,0,0,0,0,0,0,0,0,0,0.855775,1.20968,0,0,0,0,0,0,0,0,0,0,0,0,2,0.855775,1.20968,0,1,2,0,0,0,0,0,1.2199,-0.2033,3.362,0,0,0,0,0,0,0,-0,0,1.46552,0,0,0,0,0,0,0,0,0,0,0,0,0,0,0,0,0,0,0,0,0,0,0,0,0,0,0,0
20.6,-0.00169568,0.00269573,-0.00225792,0,0,0,2.97219,1.97731,-2.44762,0.00381985,0.00190748,0.0238917,-0.00059403,0.000909922,-0.00334249,3,2,3.92699,0,0,0,0,0,0,0,0,0,0,0,2,3,2,3.92699,0,0,0,0,0,0,0,0,0,0,1.5708,1.5708,0,1.5708,1.5708,0,0.00534741,0.0124731,-0.0698877,0.00826216,0.00996844,-0.0370727,1.73728,1.18815,0.87872,0.000617918,-0.00112104,-0.00436537,0.00274257,-0.00524259,-0.0208474,1.75578,1.20968,0,0,0,0,0,0.870464,0,1,0.0143632,1,0,0.957462,2,1.75578,1.20968,0,0.344544,0.487027,3.7308e-15,0,0,0,0,0,0,0,0,0,0,0,0,0.855775,1.20968,0,0,0,0,0,0,0,0,0,0,0,0,2,0.855775,1.20968,0,1,2,0,0,0,0,0,1.2199,-0.2033,3.362,0,0,0,0,0,0,0,-0,0,1.46552,0,0,0,0,0,0,0,0,0,0,0,0,0,0,0,0,0,0,0,0,0,0,0,0,0,0,0,0
20.65,-0.00157734,0.00220882,-0.00210174,0,0,0,2.97256,1.97751,-2.44531,0.00374017,0.00202756,0.0230452,-0.000727752,0.00133063,-0.00525169,3,2,3.92699,0,0,0,0,0,0,0,0,0,0,0,2,3,2,3.92699,0,0,0,0,0,0,0,0,0,0,1.5708,1.5708,0,1.5708,1.5708,0,0.00724422,0.00905665,-0.071521,0.00826216,0.00996844,-0.0370727,1.73729,1.18814,0.878686,5.85927e-05,-0.000113523,-0.000344509,3.49053e-05,-0.000117704,-0.000760968,1.75578,1.20968,0,0,0,0,0,0.870464,0,1,0.0143632,1,0,0.957462,2,1.75578,1.20968,0,0.344544,0.487027,3.7308e-15,0,0,0,0,0,0,0,0,0,0,0,0,0.855775,1.20968,0,0,0,0,0,0,0,0,0,0,0,0,2,0.855775,1.20968,0,1,2,0,0,0,0,0,1.2199,-0.2033,3.362,0,0,0,0,0,0,0,-0,0,1.46595,0,0,0,0,0,0,0,0,0,0,0,0,0,0,0,0,0,0,0,0,0,0,0,0,0,0,0,0
20.7,-0.00157734,0.00220882,-0.00210174,0,0,0,2.97256,1.97751,-2.44531,0.00374017,0.00202756,0.0230452,-0.000727752,0.00133063,-0.00525169,3,2,3.92699,0,0,0,0,0,0,0,0,0,0,0,2,3,2,3.92699,0,0,0,0,0,0,0,0,0,0,1.5708,1.5708,0,1.5708,1.5708,0,0.00724422,0.00905665,-0.071521,0.00826251,0.00996816,-0.0370727,1.73729,1.18814,0.878686,5.85927e-05,-0.000113523,-0.000344509,3.49053e-05,-0.000117704,-0.000760968,1.75578,1.20968,0,0,0,0,0,0.894255,0,1,0.0154318,1,0,1,2,1.75578,1.20968,0,0.344544,0.487027,3.7308e-15,0,0,0,0,0,0,0,0,0,0,0,0,0.855775,1.20968,0,0,0,0,0,0,0,0,0,0,0,0,2,0.855775,1.20968,0,1,2,0,0,0,0,0,1.2199,-0.2033,3.362,0,0,0,0,0,0,0,-0,0,1.46595,0,0,0,0,0,0,0,0,0,0,0,0,0,0,0,0,0,0,0,0,0,0,0,0,0,0,0,0
20.75,-0.00268182,0.00159317,-0.00179257,0,0,0,2.97296,1.97773,-2.44313,0.00401936,0.00218385,0.0218453,0.000670286,0.00148507,-0.00814978,3,2,3.92699,0,0,0,0,0,0,0,0,0,0,0,2,3,2,3.92699,0,0,0,0,0,0,0,0,0,0,1.5708,1.5708,0,1.5708,1.5708,0,0.00906267,0.00650347,-0.0726953,0.00826251,0.00996816,-0.0370727,1.73724,1.1882,0.878936,-0.000471361,0.000630917,0.00249128,-0.00246376,0.0035985,0.0135967,1.75578,1.20968,0,0,0,0,0,0.894255,0,1,0.0154318,1,0,1,2,1.75578,1.20968,0,0.344544,0.487027,3.7308e-15,0,0,0,0,0,0,0,0,0,0,0,0,0.855775,1.20968,0,0,0,0,0,0,0,0,0,0,0,0,2,0.855775,1.20968,0,1,2,0,0,0,0,0,1.1865,-0.243,3.3243,0,0,0,0,0,0,0,-0,0,1.46641,0,0,0,0,0,0,0,0,0,0,0,0,0,0,0,0,0,0,0,0,0,0,0,0,0,0,0,0
20.8,-0.00268182,0.00159317,-0.00179257,0,0,0,2.97296,1.97773,-2.44313,0.00401936,0.00218385,0.0218453,0.000670286,0.00148507,-0.00814978,3,2,3.92699,0,0,0,0,0,0,0,0,0,0,0,2,3,2,3.92699,0,0,0,0,0,0,0,0,0,0,1.5708,1.5708,0,1.5708,1.5708,0,0.00906267,0.00650347,-0.0726953,0.00816618,0.00985696,-0.0370816,1.73724,1.1882,0.878936,-0.000471361,0.000630917,0.00249128,-0.00246376,0.0035985,0.0135967,1.75578,1.20968,0,0,0,0,0,0.909379,0,1,0.0185567,1,0,1,2,1.75578,1.20968,0,0.344544,0.487027,3.7308e-15,0,0,0,0,0,0,0,0,0,0,0,0,0.855775,1.20968,0,0,0,0,0,0,0,0,0,0,0,0,2,0.855775,1.20968,0,1,2,0,0,0,0,0,1.1865,-0.243,3.3243,0,0,0,0,0,0,0,-0,0,1.46641,0,0,0,0,0,0,0,0,0,0,0,0,0,0,0,0,0,0,0,0,0,0,0,0,0,0,0,0
20.85,-0.00350636,0.000824427,-0.00198296,0,0,0,2.97338,1.97797,-2.44094,0.0042135,0.00238325,0.021876,0.00133086,0.00168948,-0.00536085,3,2,3.92699,0,0,0,0,0,0,0,0,0,0,0,2,3,2,3.92699,0,0,0,0,0,0,0,0,0,0,1.5708,1.5708,0,1.5708,1.5708,0,0.00698301,0.00913751,-0.0716047,0.00816618,0.00985696,-0.0370816,1.73725,1.18819,0.878917,0.000139472,-0.000143142,-0.000185188,0.000626446,-0.000433679,-0.000605143,1.75578,1.20968,0,0,0,0,0,0.909379,0,1,0.0185567,1,0,1,2,1.75578,1.20968,0,0.344544,0.487027,3.7308e-15,0,0,0,0,0,0,0,0,0,0,0,0,0.855775,1.20968,0,0,0,0,0,0,0,0,0,0,0,0,2,0.855775,1.20968,0,1,2,0,0,0,0,0,1.1865,-0.243,3.3243,0,0,0,0,0,0,0,-0,0,1.46689,0,0,0,0,0,0,0,0,0,0,0,0,0,0,0,0,0,0,0,0,0,0,0,0,0,0,0,0
20.9,-0.00350636,0.000824427,-0.00198296,0,0,0,2.97338,1.97797,-2.44094,0.0042135,0.00238325,0.021876,0.00133086,0.00168948,-0.00536085,3,2,3.92699,0,0,0,0,0,0,0,0,0,0,0,2,3,2,3.92699,0,0,0,0,0,0,0,0,0,0,1.5708,1.5708,0,1.5708,1.5708,0,0.00698301,0.00913751,-0.0716047,0.00816637,0.00985681,-0.0370816,1.73725,1.18819,0.878917,0.000139472,-0.000143142,-0.000185188,0.000626446,-0.000433679,-0.000605143,1.75578,1.20968,0,0,0,0,0,0.895853,0,1,0.0148773,1,0,1,2,1.75578,1.20968,0,0.344544,0.487027,3.7308e-15,0,0,0,0,0,0,0,0,0,0,0,0,0.855775,1.20968,0,0,0,0,0,0,0,0,0,0,0,0,2,0.855775,1.20968,0,1,2,0,0,0,0,0,1.1865,-0.243,3.3243,0,0,0,0,0,0,0,-0,0,1.46689,0,0,0,0,0,0,0,0,0,0,0,0,0,0,0,0,0,0,0,0,0,0,0,0,0,0,0,0
20.95,-0.002494,-0.000254602,-0.00136477,0,0,0,2.97377,1.97824,-2.43895,0.00386745,0.00267108,0.0199546,-0.000456747,0.00221345,-0.010324,3,2,3.92699,0,0,0,0,0,0,0,0,0,0,0,2,3,2,3.92699,0,0,0,0,0,0,0,0,0,0,1.5708,1.5708,0,1.5708,1.5708,0,0.00791376,0.00756936,-0.0719205,0.00816637,0.00985681,-0.0370816,1.73724,1.18822,0.878975,-0.000133065,0.000314961,0.000579394,-0.000294468,0.0010245,0.000773058,1.75578,1.20968,0,0,0,0,0,0.895853,0,1,0.0148773,1,0,1,2,1.75578,1.20968,0,0.344544,0.487027,3.7308e-15,0,0,0,0,0,0,0,0,0,0,0,0,0.855775,1.20968,0,0,0,0,0,0,0,0,0,0,0,0,2,0.855775,1.20968,0,1,2,0,0,0,0,0,1.1864,-0.249,3.3199,0,0,0,0,0,0,0,-0,0,1.46736,0,0,0,0,0,0,0,0,0,0,0,0,0,0,0,0,0,0,0,0,0,0,0,0,0,0,0,0
21,-0.002494,-0.000254602,-0.00136477,0,0,0,2.97377,1.97824,-2.43895,0.00386745,0.00267108,0.0199546,-0.000456747,0.00221345,-0.010324,3,2,3.92699,0,0,0,0,0,0,0,0,0,0,0,2,3,2,3.92699,0,0,0,0,0,0,0,0,0,0,1.5708,1.5708,0,1.5708,1.5708,0,0.00791376,0.00756936,-0.0719205,0.00816579,0.00985728,-0.0370816,1.73724,1.18822,0.878975,-0.000133065,0.000314961,0.000579394,-0.000294468,0.0010245,0.000773058,1.75578,1.20968,0,0,0,0,0,0.901749,0,1,0.0154577,1,0,1,2,1.75578,1.20968,0,0.344544,0.487027,3.7308e-15,0,0,0,0,0,0,0,0,0,0,0,0,0.855775,1.20968,0,0,0,0,0,0,0,0,0,0,0,0,2,0.855775,1.20968,0,1,2,0,0,0,0,0,1.1864,-0.249,3.3199,0,0,0,0,0,0,0,-0,0,1.46736,0,0,0,0,0,0,0,0,0,0,0,0,0,0,0,0,0,0,0,0,0,0,0,0,0,0,0,0
21.05,-0.00206768,-0.000296662,-0.00164713,0,0,0,2.97414,1.9785,-2.43692,0.00369705,0.00265192,0.0202435,-0.00121004,0.00131605,-0.00578407,3,2,3.92699,0,0,0,0,0,0,0,0,0,0,0,2,3,2,3.92699,0,0,0,0,0,0,0,0,0,0,1.5708,1.5708,0,1.5708,1.5708,0,0.00672364,0.00946519,-0.0713082,0.00885335,0.0106873,-0.0370165,1.73726,1.18819,0.878884,0.000214888,-0.000240529,-0.000907371,0.00108874,-0.001407,-0.00529079,1.75578,1.20968,0,0,0,0,0,0.901749,0,1,0.0154577,1,0,1,2,1.75578,1.20968,0,0.344544,0.487027,3.7308e-15,0,0,0,0,0,0,0,0,0,0,0,0,0.855775,1.20968,0,0,0,0,0,0,0,0,0,0,0,0,2,0.855775,1.20968,0,1,2,0,0,0,0,0,1.1864,-0.249,3.3199,0,0,0,0,0,0,0,-0,0,1.4678,0,0,0,0,0,0,0,0,0,0,0,0,0,0,0,0,0,0,0,0,0,0,0,0,0,0,0,0
21.1,-0.00206768,-0.000296662,-0.00164713,0,0,0,2.97414,1.9785,-2.43692,0.00369705,0.00265192,0.0202435,-0.00121004,0.00131605,-0.00578407,3,2,3.92699,0,0,0,0,0,0,0,0,0,0,0,2,3,2,3.92699,0,0,0,0,0,0,0,0,0,0,1.5708,1.5708,0,1.5708,1.5708,0,0.00672364,0.00946519,-0.0713082,0.00885432,0.0106865,-0.0370165,1.73726,1.18819,0.878884,0.000214888,-0.000240529,-0.000907371,0.00108874,-0.001407,-0.00529079,1.75578,1.20968,0,0,0,0,0,0.892952,0,1,0.0135035,1,0,0.998245,2,1.75578,1.20968,0,0.344544,0.487027,3.7308e-15,0,0,0,0,0,0,0,0,0,0,0,0,0.855775,1.20968,0,0,0,0,0,0,0,0,0,0,0,0,2,0.855775,1.20968,0,1,2,0,0,0,0,0,1.1864,-0.249,3.3199,0,0,0,0,0,0,0,-0,0,1.4678,0,0,0,0,0,0,0,0,0,0,0,0,0,0,0,0,0,0,0,0,0,0,0,0,0,0,0,0
21.15,-0.00198005,-0.000976629,-0.00241592,0,0,0,2.9745,1.97878,-2.43475,0.00362782,0.00281974,0.0217002,-0.00110327,0.00134072,0.00297243,3,2,3.92699,0,0,0,0,0,0,0,0,0,0,0,2,3,2,3.92699,0,0,0,0,0,0,0,0,0,0,1.5708,1.5708,0,1.5708,1.5708,0,0.00794397,0.00913916,-0.0719117,0.00885432,0.0106865,-0.0370165,1.73725,1.18818,0.878941,-0.000142818,-0.000142818,0.00056444,-0.000588239,-0.000783657,0.00188291,1.75578,1.20968,0,0,0,0,0,0.892952,0,1,0.0135035,1,0,0.998245,2,1.75578,1.20968,0,0.344544,0.487027,3.7308e-15,0,0,0,0,0,0,0,0,0,0,0,0,0.855775,1.20968,0,0,0,0,0,0,0,0,0,0,0,0,2,0.855775,1.20968,0,1,2,0,0,0,0,0,1.2554,-0.1853,3.3848,0,0,0,0,0,0,0,-0,0,1.46828,0,0,0,0,0,0,0,0,0,0,0,0,0,0,0,0,0,0,0,0,0,0,0,0,0,0,0,0
21.2,-0.00198005,-0.000976629,-0.00241592,0,0,0,2.9745,1.97878,-2.43475,0.00362782,0.00281974,0.0217002,-0.00110327,0.00134072,0.00297243,3,2,3.92699,0,0,0,0,0,0,0,0,0,0,0,2,3,2,3.92699,0,0,0,0,0,0,0,0,0,0,1.5708,1.5708,0,1.5708,1.5708,0,0.00794397,0.00913916,-0.0719117,0.00885371,0.0106869,-0.0370165,1.73725,1.18818,0.878941,-0.000142818,-0.000142818,0.00056444,-0.000588239,-0.000783657,0.00188291,1.75578,1.20968,0,0,0,0,0,0.893519,0,1,0.0207932,1,0,1,2,1.75578,1.20968,0,0.344544,0.487027,3.7308e-15,0,0,0,0,0,0,0,0,0,0,0,0,0.855775,1.20968,0,0,0,0,0,0,0,0,0,0,0,0,2,0.855775,1.20968,0,1,2,0,0,0,0,0,1.2554,-0.1853,3.3848,0,0,0,0,0,0,0,-0,0,1.46828,0,0,0,0,0,0,0,0,0,0,0,0,0,0,0,0,0,0,0,0,0,0,0,0,0,0,0,0
21.25,-0.00255197,-0.00195784,-0.00255959,0,0,0,2.97488,1.97909,-2.43259,0.00375251,0.00307379,0.0216202,-0.0001512,0.00182238,0.00264199,3,2,3.92699,0,0,0,0,0,0,0,0,0,0,0,2,3,2,3.92699,0,0,0,0,0,0,0,0,0,0,1.5708,1.5708,0,1.5708,1.5708,0,0.0077694,0.00691788,-0.0719287,0.00885371,0.0106869,-0.0370165,1.73724,1.18823,0.879,-9.03336e-05,0.00050538,0.000594268,-0.000370463,0.00220393,0.00222072,1.75578,1.20968,0,0,0,0,0,0.893519,0,1,0.0207932,1,0,1,2,1.75578,1.20968,0,0.344544,0.487027,3.7308e-15,0,0,0,0,0,0,0,0,0,0,0,0,0.855775,1.20968,0,0,0,0,0,0,0,0,0,0,0,0,2,0.855775,1.20968,0,1,2,0,0,0,0,0,1.2554,-0.1853,3.3848,0,0,0,0,0,0,0,-0,0,1.46874,0,0,0,0,0,0,0,0,0,0,0,0,0,0,0,0,0,0,0,0,0,0,0,0,0,0,0,0
21.3,-0.00255197,-0.00195784,-0.00255959,0,0,0,2.97488,1.97909,-2.43259,0.00375251,0.00307379,0.0216202,-0.0001512,0.00182238,0.00264199,3,2,3.92699,0,0,0,0,0,0,0,0,0,0,0,2,3,2,3.92699,0,0,0,0,0,0,0,0,0,0,1.5708,1.5708,0,1.5708,1.5708,0,0.0077694,0.00691788,-0.0719287,0.0084358,0.0101837,-0.037056,1.73724,1.18823,0.879,-9.03336e-05,0.00050538,0.000594268,-0.000370463,0.00220393,0.00222072,1.75578,1.20968,0,0,0,0,0,0.90638,0,1,0.0118761,1,0,1,2,1.75578,1.20968,0,0.344544,0.487027,3.7308e-15,0,0,0,0,0,0,0,0,0,0,0,0,0.855775,1.20968,0,0,0,0,0,0,0,0,0,0,0,0,2,0.855775,1.20968,0,1,2,0,0,0,0,0,1.2554,-0.1853,3.3848,0,0,0,0,0,0,0,-0,0,1.46874,0,0,0,0,0,0,0,0,0,0,0,0,0,0,0,0,0,0,0,0,0,0,0,0,0,0,0,0
21.35,-0.00181981,-0.00284107,-0.00248921,0,0,0,2.97523,1.97942,-2.43049,0.00349392,0.00329615,0.0210254,-0.000995221,0.00204789,-0.000835299,3,2,3.92699,0,0,0,0,0,0,0,0,0,0,0,2,3,2,3.92699,0,0,0,0,0,0,0,0,0,0,1.5708,1.5708,0,1.5708,1.5708,0,0.00724457,0.00902396,-0.0716129,0.0084358,0.0101837,-0.037056,1.73725,1.18822,0.878982,6.34816e-05,-0.000113534,-0.000178232,0.000421635,-0.000745374,-0.00170758,1.75578,1.20968,0,0,0,0,0,0.90638,0,1,0.0118761,1,0,1,2,1.75578,1.20968,0,0.344544,0.487027,3.7308e-15,0,0,0,0,0,0,0,0,0,0,0,0,0.855775,1.20968,0,0,0,0,0,0,0,0,0,0,0,0,2,0.855775,1.20968,0,1,2,0,0,0,0,0,1.0963,-0.3501,3.2215,0,0,0,0,0,0,0,-0,0,1.46922,0,0,0,0,0,0,0,0,0,0,0,0,0,0,0,0,0,0,0,0,0,0,0,0,0,0,0,0
21.4,-0.00181981,-0.00284107,-0.00248921,0,0,0,2.97523,1.97942,-2.43049,0.00349392,0.00329615,0.0210254,-0.000995221,0.00204789,-0.000835299,3,2,3.92699,0,0,0,0,0,0,0,0,0,0,0,2,3,2,3.92699,0,0,0,0,0,0,0,0,0,0,1.5708,1.5708,0,1.5708,1.5708,0,0.00724457,0.00902396,-0.0716129,0.00843598,0.0101836,-0.037056,1.73725,1.18822,0.878982,6.34816e-05,-0.000113534,-0.000178232,0.000421635,-0.000745374,-0.00170758,1.75578,1.20968,0,0,0,0,0,0.895195,0,1,0.0157361,1,0,1,2,1.75578,1.20968,0,0.344544,0.487027,3.7308e-15,0,0,0,0,0,0,0,0,0,0,0,0,0.855775,1.20968,0,0,0,0,0,0,0,0,0,0,0,0,2,0.855775,1.20968,0,1,2,0,0,0,0,0,1.0963,-0.3501,3.2215,0,0,0,0,0,0,0,-0,0,1.46922,0,0,0,0,0,0,0,0,0,0,0,0,0,0,0,0,0,0,0,0,0,0,0,0,0,0,0,0
21.45,-0.00291875,-0.00140958,-0.00301189,0,0,0,2.9756,1.9797,-2.4283,0.00377449,0.00283819,0.021873,0.000409812,-0.000569233,0.0024178,3,2,3.92699,0,0,0,0,0,0,0,0,0,0,0,2,3,2,3.92699,0,0,0,0,0,0,0,0,0,0,1.5708,1.5708,0,1.5708,1.5708,0,0.00685617,0.00987571,-0.0712218,0.00843598,0.0101836,-0.037056,1.73726,1.18818,0.878871,0.000175785,-0.000360114,-0.00111701,0.000809117,-0.00183201,-0.00530813,1.75578,1.20968,0,0,0,0,0,0.895195,0,1,0.0157361,1,0,1,2,1.75578,1.20968,0,0.344544,0.487027,3.7308e-15,0,0,0,0,0,0,0,0,0,0,0,0,0.855775,1.20968,0,0,0,0,0,0,0,0,0,0,0,0,2,0.855775,1.20968,0,1,2,0,0,0,0,0,1.0963,-0.3501,3.2215,0,0,0,0,0,0,0,-0,0,1.46969,0,0,0,0,0,0,0,0,0,0,0,0,0,0,0,0,0,0,0,0,0,0,0,0,0,0,0,0
21.5,-0.00291875,-0.00140958,-0.00301189,0,0,0,2.9756,1.9797,-2.4283,0.00377449,0.00283819,0.021873,0.000409812,-0.000569233,0.0024178,3,2,3.92699,0,0,0,0,0,0,0,0,0,0,0,2,3,2,3.92699,0,0,0,0,0,0,0,0,0,0,1.5708,1.5708,0,1.5708,1.5708,0,0.00685617,0.00987571,-0.0712218,0.00843712,0.0101826,-0.037056,1.73726,1.18818,0.878871,0.000175785,-0.000360114,-0.00111701,0.000809117,-0.00183201,-0.00530813,1.75578,1.20968,0,0,0,0,0,0.889255,0,1,0.0153211,1,0,0.995991,2,1.75578,1.20968,0,0.344544,0.487027,3.7308e-15,0,0,0,0,0,0,0,0,0,0,0,0,0.855775,1.20968,0,0,0,0,0,0,0,0,0,0,0,0,2,0.855775,1.20968,0,1,2,0,0,0,0,0,1.0963,-0.3501,3.2215,0,0,0,0,0,0,0,-0,0,1.46969,0,0,0,0,0,0,0,0,0,0,0,0,0,0,0,0,0,0,0,0,0,0,0,0,0,0,0,0
21.55,-0.00191889,-0.00262362,-0.00200548,0,0,0,2.97595,1.98002,-2.4264,0.00343726,0.00316018,0.019015,-0.000911121,0.000590706,-0.00952721,3,2,3.92699,0,0,0,0,0,0,0,0,0,0,0,2,3,2,3.92699,0,0,0,0,0,0,0,0,0,0,1.5708,1.5708,0,1.5708,1.5708,0,0.00682818,0.0097517,-0.071111,0.00954436,0.0124064,-0.0368799,1.73728,1.18815,0.878735,0.000181872,-0.000319802,-0.00136187,0.000562589,-0.00108599,-0.00465291,1.75578,1.20968,0,0,0,0,0,0.889255,0,1,0.0153211,1,0,0.995991,2,1.75578,1.20968,0,0.344544,0.487027,3.7308e-15,0,0,0,0,0,0,0,0,0,0,0,0,0.855775,1.20968,0,0,0,0,0,0,0,0,0,0,0,0,2,0.855775,1.20968,0,1,2,0,0,0,0,0,1.2134,-0.2385,3.3341,0,0,0,0,0,0,0,-0,0,1.47015,0,0,0,0,0,0,0,0,0,0,0,0,0,0,0,0,0,0,0,0,0,0,0,0,0,0,0,0
21.6,-0.00191889,-0.00262362,-0.00200548,0,0,0,2.97595,1.98002,-2.4264,0.00343726,0.00316018,0.019015,-0.000911121,0.000590706,-0.00952721,3,2,3.92699,0,0,0,0,0,0,0,0,0,0,0,2,3,2,3.92699,0,0,0,0,0,0,0,0,0,0,1.5708,1.5708,0,1.5708,1.5708,0,0.00682818,0.0097517,-0.071111,0.00954605,0.0124051,-0.0368799,1.73728,1.18815,0.878735,0.000181872,-0.000319802,-0.00136187,0.000562589,-0.00108599,-0.00465291,1.75578,1.20968,0,0,0,0,0,0.889229,0,1,0.0141239,1,0,0.995727,2,1.75578,1.20968,0,0.344544,0.487027,3.7308e-15,0,0,0,0,0,0,0,0,0,0,0,0,0.855775,1.20968,0,0,0,0,0,0,0,0,0,0,0,0,2,0.855775,1.20968,0,1,2,0,0,0,0,0,1.2134,-0.2385,3.3341,0,0,0,0,0,0,0,-0,0,1.47015,0,0,0,0,0,0,0,0,0,0,0,0,0,0,0,0,0,0,0,0,0,0,0,0,0,0,0,0
21.65,-0.0035318,-0.00258972,-0.00145866,0,0,0,2.97633,1.98033,-2.42467,0.003869,0.00311303,0.0173221,0.000996171,0.000320662,-0.0141178,3,2,3.92699,0,0,0,0,0,0,0,0,0,0,0,2,3,2,3.92699,0,0,0,0,0,0,0,0,0,0,1.5708,1.5708,0,1.5708,1.5708,0,0.0077772,0.00800287,-0.0720453,0.00954605,0.0124051,-0.0368799,1.73727,1.18817,0.878826,-9.64808e-05,0.000192962,0.000915957,-0.000807829,0.00149782,0.00639669,1.75578,1.20968,0,0,0,0,0,0.889229,0,1,0.0141239,1,0,0.995727,2,1.75578,1.20968,0,0.344544,0.487027,3.7308e-15,0,0,0,0,0,0,0,0,0,0,0,0,0.855775,1.20968,0,0,0,0,0,0,0,0,0,0,0,0,2,0.855775,1.20968,0,1,2,0,0,0,0,0,1.2134,-0.2385,3.3341,0,0,0,0,0,0,0,-0,0,1.47064,0,0,0,0,0,0,0,0,0,0,0,0,0,0,0,0,0,0,0,0,0,0,0,0,0,0,0,0
21.7,-0.0035318,-0.00258972,-0.00145866,0,0,0,2.97633,1.98033,-2.42467,0.003869,0.00311303,0.0173221,0.000996171,0.000320662,-0.0141178,3,2,3.92699,0,0,0,0,0,0,0,0,0,0,0,2,3,2,3.92699,0,0,0,0,0,0,0,0,0,0,1.5708,1.5708,0,1.5708,1.5708,0,0.0077772,0.00800287,-0.0720453,0.00954492,0.012406,-0.0368799,1.73727,1.18817,0.878826,-9.64808e-05,0.000192962,0.000915957,-0.000807829,0.00149782,0.00639669,1.75578,1.20968,0,0,0,0,0,0.901177,0,1,0.0171362,1,0,1,2,1.75578,1.20968,0,0.344544,0.487027,3.7308e-15,0,0,0,0,0,0,0,0,0,0,0,0,0.855775,1.20968,0,0,0,0,0,0,0,0,0,0,0,0,2,0.855775,1.20968,0,1,2,0,0,0,0,0,1.2134,-0.2385,3.3341,0,0,0,0,0,0,0,-0,0,1.47064,0,0,0,0,0,0,0,0,0,0,0,0,0,0,0,0,0,0,0,0,0,0,0,0,0,0,0,0
21.75,-0.00084703,-0.0027943,-0.00164151,0,0,0,2.97664,1.98065,-2.42293,0.00303735,0.00313624,0.0174226,-0.00246183,0.00025265,-0.00867528,3,2,3.92699,0,0,0,0,0,0,0,0,0,0,0,2,3,2,3.92699,0,0,0,0,0,0,0,0,0,0,1.5708,1.5708,0,1.5708,1.5708,0,0.00679529,0.010168,-0.0710204,0.00954492,0.012406,-0.0368799,1.73729,1.18813,0.878669,0.000190445,-0.000439489,-0.00157131,0.000475779,-0.00127771,-0.00460057,1.75578,1.20968,0,0,0,0,0,0.901177,0,1,0.0171362,1,0,1,2,1.75578,1.20968,0,0.344544,0.487027,3.7308e-15,0,0,0,0,0,0,0,0,0,0,0,0,0.855775,1.20968,0,0,0,0,0,0,0,0,0,0,0,0,2,0.855775,1.20968,0,1,2,0,0,0,0,0,1.1113,-0.3455,3.2282,0,0,0,0,0,0,0,-0,0,1.47108,0,0,0,0,0,0,0,0,0,0,0,0,0,0,0,0,0,0,0,0,0,0,0,0,0,0,0,0
21.8,-0.00084703,-0.0027943,-0.00164151,0,0,0,2.97664,1.98065,-2.42293,0.00303735,0.00313624,0.0174226,-0.00246183,0.00025265,-0.00867528,3,2,3.92699,0,0,0,0,0,0,0,0,0,0,0,2,3,2,3.92699,0,0,0,0,0,0,0,0,0,0,1.5708,1.5708,0,1.5708,1.5708,0,0.00679529,0.010168,-0.0710204,0.00939656,0.0130817,-0.0368252,1.73729,1.18813,0.878669,0.000190445,-0.000439489,-0.00157131,0.000475779,-0.00127771,-0.00460057,1.75578,1.20968,0,0,0,0,0,0.886243,0,1,0.0153349,1,0,0.992113,2,1.75578,1.20968,0,0.344544,0.487027,3.7308e-15,0,0,0,0,0,0,0,0,0,0,0,0,0.855775,1.20968,0,0,0,0,0,0,0,0,0,0,0,0,2,0.855775,1.20968,0,1,2,0,0,0,0,0,1.1113,-0.3455,3.2282,0,0,0,0,0,0,0,-0,0,1.47108,0,0,0,0,0,0,0,0,0,0,0,0,0,0,0,0,0,0,0,0,0,0,0,0,0,0,0,0
21.85,-0.00072511,-0.00303479,-0.00218202,0,0,0,2.97693,1.98096,-2.42109,0.00296585,0.00316968,0.018384,-0.00223291,0.000275459,-0.000634328,3,2,3.92699,0,0,0,0,0,0,0,0,0,0,0,2,3,2,3.92699,0,0,0,0,0,0,0,0,0,0,1.5708,1.5708,0,1.5708,1.5708,0,0.00756774,0.00915799,-0.071623,0.00939656,0.0130817,-0.0368252,1.73729,1.18811,0.87866,-3.66155e-05,-0.000140359,-8.87972e-05,-0.000447813,5.22537e-05,0.00167237,1.75578,1.20968,0,0,0,0,0,0.886243,0,1,0.0153349,1,0,0.992113,2,1.75578,1.20968,0,0.344544,0.487027,3.7308e-15,0,0,0,0,0,0,0,0,0,0,0,0,0.855775,1.20968,0,0,0,0,0,0,0,0,0,0,0,0,2,0.855775,1.20968,0,1,2,0,0,0,0,0,1.1113,-0.3455,3.2282,0,0,0,0,0,0,0,-0,0,1.47151,0,0,0,0,0,0,0,0,0,0,0,0,0,0,0,0,0,0,0,0,0,0,0,0,0,0,0,0
21.9,-0.00072511,-0.00303479,-0.00218202,0,0,0,2.97693,1.98096,-2.42109,0.00296585,0.00316968,0.018384,-0.00223291,0.000275459,-0.000634328,3,2,3.92699,0,0,0,0,0,0,0,0,0,0,0,2,3,2,3.92699,0,0,0,0,0,0,0,0,0,0,1.5708,1.5708,0,1.5708,1.5708,0,0.00756774,0.00915799,-0.071623,0.00939668,0.0130816,-0.0368252,1.73729,1.18811,0.87866,-3.66155e-05,-0.000140359,-8.87972e-05,-0.000447813,5.22537e-05,0.00167237,1.75578,1.20968,0,0,0,0,0,0.892851,0,1,0.0178677,1,0,1,2,1.75578,1.20968,0,0.344544,0.487027,3.7308e-15,0,0,0,0,0,0,0,0,0,0,0,0,0.855775,1.20968,0,0,0,0,0,0,0,0,0,0,0,0,2,0.855775,1.20968,0,1,2,0,0,0,0,0,1.1113,-0.3455,3.2282,0,0,0,0,0,0,0,-0,0,1.47151,0,0,0,0,0,0,0,0,0,0,0,0,0,0,0,0,0,0,0,0,0,0,0,0,0,0,0,0
21.95,-0.00206728,-0.00415612,-0.00174731,0,0,0,2.97727,1.98131,-2.41939,0.00332387,0.00346064,0.016974,0.000117735,0.00132792,-0.00494452,3,2,3.92699,0,0,0,0,0,0,0,0,0,0,0,2,3,2,3.92699,0,0,0,0,0,0,0,0,0,0,1.5708,1.5708,0,1.5708,1.5708,0,0.00860134,0.00708296,-0.0726198,0.00939668,0.0130816,-0.0368252,1.73725,1.18816,0.878892,-0.000337027,0.000465244,0.00231463,-0.00159419,0.00263125,0.0114564,1.75578,1.20968,0,0,0,0,0,0.892851,0,1,0.0178677,1,0,1,2,1.75578,1.20968,0,0.344544,0.487027,3.7308e-15,0,0,0,0,0,0,0,0,0,0,0,0,0.855775,1.20968,0,0,0,0,0,0,0,0,0,0,0,0,2,0.855775,1.20968,0,1,2,0,0,0,0,0,1.1865,-0.275,3.3,0,0,0,0,0,0,0,-0,0,1.47198,0,0,0,0,0,0,0,0,0,0,0,0,0,0,0,0,0,0,0,0,0,0,0,0,0,0,0,0
22,-0.00206728,-0.00415612,-0.00174731,0,0,0,2.97727,1.98131,-2.41939,0.00332387,0.00346064,0.016974,0.000117735,0.00132792,-0.00494452,3,2,3.92699,0,0,0,0,0,0,0,0,0,0,0,2,3,2,3.92699,0,0,0,0,0,0,0,0,0,0,1.5708,1.5708,0,1.5708,1.5708,0,0.00860134,0.00708296,-0.0726198,0.00939365,0.0130838,-0.0368252,1.73725,1.18816,0.878892,-0.000337027,0.000465244,0.00231463,-0.00159419,0.00263125,0.0114564,1.75578,1.20968,0,0,0,0,0,0.907299,0,1,0.0194315,1,0,1,2,1.75578,1.20968,0,0.344544,0.487027,3.7308e-15,0,0,0,0,0,0,0,0,0,0,0,0,0.855775,1.20968,0,0,0,0,0,0,0,0,0,0,0,0,2,0.855775,1.20968,0,1,2,0,0,0,0,0,1.1865,-0.275,3.3,0,0,0,0,0,0,0,-0,0,1.47198,0,0,0,0,0,0,0,0,0,0,0,0,0,0,0,0,0,0,0,0,0,0,0,0,0,0,0,0
22.05,-0.00195378,-0.00536521,-0.00159665,0,0,0,2.97759,1.98169,-2.41776,0.00325146,0.00377384,0.0162767,0.000103803,0.0021958,-0.00631557,3,2,3.92699,0,0,0,0,0,0,0,0,0,0,0,2,3,2,3.92699,0,0,0,0,0,0,0,0,0,0,1.5708,1.5708,0,1.5708,1.5708,0,0.0059893,0.010751,-0.0705438,0.00835407,0.0100828,-0.0370639,1.7373,1.1881,0.878618,0.00042718,-0.000607817,-0.00273245,0.00194092,-0.00235836,-0.0119619,1.75578,1.20968,0,0,0,0,0,0.907299,0,1,0.0194315,1,0,1,2,1.75578,1.20968,0,0.344544,0.487027,3.7308e-15,0,0,0,0,0,0,0,0,0,0,0,0,0.855775,1.20968,0,0,0,0,0,0,0,0,0,0,0,0,2,0.855775,1.20968,0,1,2,0,0,0,0,0,1.1865,-0.275,3.3,0,0,0,0,0,0,0,-0,0,1.47245,0,0,0,0,0,0,0,0,0,0,0,0,0,0,0,0,0,0,0,0,0,0,0,0,0,0,0,0
22.1,-0.00195378,-0.00536521,-0.00159665,0,0,0,2.97759,1.98169,-2.41776,0.00325146,0.00377384,0.0162767,0.000103803,0.0021958,-0.00631557,3,2,3.92699,0,0,0,0,0,0,0,0,0,0,0,2,3,2,3.92699,0,0,0,0,0,0,0,0,0,0,1.5708,1.5708,0,1.5708,1.5708,0,0.0059893,0.010751,-0.0705438,0.00835683,0.0100806,-0.0370639,1.7373,1.1881,0.878618,0.00042718,-0.000607817,-0.00273245,0.00194092,-0.00235836,-0.0119619,1.75578,1.20968,0,0,0,0,0,0.882786,0,1,0.012529,1,0,0.978502,2,1.75578,1.20968,0,0.344544,0.487027,3.7308e-15,0,0,0,0,0,0,0,0,0,0,0,0,0.855775,1.20968,0,0,0,0,0,0,0,0,0,0,0,0,2,0.855775,1.20968,0,1,2,0,0,0,0,0,1.1865,-0.275,3.3,0,0,0,0,0,0,0,-0,0,1.47245,0,0,0,0,0,0,0,0,0,0,0,0,0,0,0,0,0,0,0,0,0,0,0,0,0,0,0,0
22.15,-0.000510495,-0.00279667,-0.00169287,0,0,0,2.97787,1.98198,-2.41614,0.00279057,0.00297734,0.0161889,-0.00178403,-0.00174997,-0.00434333,3,2,3.92699,0,0,0,0,0,0,0,0,0,0,0,2,3,2,3.92699,0,0,0,0,0,0,0,0,0,0,1.5708,1.5708,0,1.5708,1.5708,0,0.00769561,0.00969373,-0.0715644,0.00835683,0.0100806,-0.0370639,1.73729,1.18807,0.878596,-7.44641e-05,-0.000292973,-0.000219945,-0.000360755,-0.000833085,-0.000311473,1.75578,1.20968,0,0,0,0,0,0.882786,0,1,0.012529,1,0,0.978502,2,1.75578,1.20968,0,0.344544,0.487027,3.7308e-15,0,0,0,0,0,0,0,0,0,0,0,0,0.855775,1.20968,0,0,0,0,0,0,0,0,0,0,0,0,2,0.855775,1.20968,0,1,2,0,0,0,0,0,1.1077,-0.358,3.2175,0,0,0,0,0,0,0,-0,0,1.47287,0,0,0,0,0,0,0,0,0,0,0,0,0,0,0,0,0,0,0,0,0,0,0,0,0,0,0,0
22.2,-0.000510495,-0.00279667,-0.00169287,0,0,0,2.97787,1.98198,-2.41614,0.00279057,0.00297734,0.0161889,-0.00178403,-0.00174997,-0.00434333,3,2,3.92699,0,0,0,0,0,0,0,0,0,0,0,2,3,2,3.92699,0,0,0,0,0,0,0,0,0,0,1.5708,1.5708,0,1.5708,1.5708,0,0.00769561,0.00969373,-0.0715644,0.00835705,0.0100804,-0.0370639,1.73729,1.18807,0.878596,-7.44641e-05,-0.000292973,-0.000219945,-0.000360755,-0.000833085,-0.000311473,1.75578,1.20968,0,0,0,0,0,0.888884,0,1,0.019946,1,0,1,2,1.75578,1.20968,0,0.344544,0.487027,3.7308e-15,0,0,0,0,0,0,0,0,0,0,0,0,0.855775,1.20968,0,0,0,0,0,0,0,0,0,0,0,0,2,0.855775,1.20968,0,1,2,0,0,0,0,0,1.1077,-0.358,3.2175,0,0,0,0,0,0,0,-0,0,1.47287,0,0,0,0,0,0,0,0,0,0,0,0,0,0,0,0,0,0,0,0,0,0,0,0,0,0,0,0
22.25,0.000542379,-0.00499197,-0.00217949,0,0,0,2.97812,1.98234,-2.41444,0.00244943,0.003585,0.0170446,-0.00269012,0.000842874,0.00107592,3,2,3.92699,0,0,0,0,0,0,0,0,0,0,0,2,3,2,3.92699,0,0,0,0,0,0,0,0,0,0,1.5708,1.5708,0,1.5708,1.5708,0,0.00877265,0.00571618,-0.0727531,0.00835705,0.0100804,-0.0370639,1.73725,1.18816,0.878861,-0.000387073,0.000868167,0.00264839,-0.00177711,0.00434562,0.0128501,1.75578,1.20968,0,0,0,0,0,0.888884,0,1,0.019946,1,0,1,2,1.75578,1.20968,0,0.344544,0.487027,3.7308e-15,0,0,0,0,0,0,0,0,0,0,0,0,0.855775,1.20968,0,0,0,0,0,0,0,0,0,0,0,0,2,0.855775,1.20968,0,1,2,0,0,0,0,0,1.1077,-0.358,3.2175,0,0,0,0,0,0,0,-0,0,1.47326,0,0,0,0,0,0,0,0,0,0,0,0,0,0,0,0,0,0,0,0,0,0,0,0,0,0,0,0
22.3,0.000542379,-0.00499197,-0.00217949,0,0,0,2.97812,1.98234,-2.41444,0.00244943,0.003585,0.0170446,-0.00269012,0.000842874,0.00107592,3,2,3.92699,0,0,0,0,0,0,0,0,0,0,0,2,3,2,3.92699,0,0,0,0,0,0,0,0,0,0,1.5708,1.5708,0,1.5708,1.5708,0,0.00877265,0.00571618,-0.0727531,0.00760413,0.00917714,-0.0371349,1.73725,1.18816,0.878861,-0.000387073,0.000868167,0.00264839,-0.00177711,0.00434562,0.0128501,1.75578,1.20968,0,0,0,0,0,0.915624,0,1,0.0143555,1,0,1,2,1.75578,1.20968,0,0.344544,0.487027,3.7308e-15,0,0,0,0,0,0,0,0,0,0,0,0,0.855775,1.20968,0,0,0,0,0,0,0,0,0,0,0,0,2,0.855775,1.20968,0,1,2,0,0,0,0,0,1.1077,-0.358,3.2175,0,0,0,0,0,0,0,-0,0,1.47326,0,0,0,0,0,0,0,0,0,0,0,0,0,0,0,0,0,0,0,0,0,0,0,0,0,0,0,0
22.35,0.00072917,-0.00272353,-0.00139964,0,0,0,2.97835,1.98263,-2.41296,0.00236587,0.0028786,0.0148282,-0.00207025,-0.00196316,-0.00746548,3,2,3.92699,0,0,0,0,0,0,0,0,0,0,0,2,3,2,3.92699,0,0,0,0,0,0,0,0,0,0,1.5708,1.5708,0,1.5708,1.5708,0,0.00753385,0.0103669,-0.0715864,0.00760413,0.00917714,-0.0371349,1.73725,1.18811,0.87884,-2.1974e-05,-0.000495636,-0.00021459,0.000199761,-0.00213841,-0.00194029,1.75578,1.20968,0,0,0,0,0,0.915624,0,1,0.0143555,1,0,1,2,1.75578,1.20968,0,0.344544,0.487027,3.7308e-15,0,0,0,0,0,0,0,0,0,0,0,0,0.855775,1.20968,0,0,0,0,0,0,0,0,0,0,0,0,2,0.855775,1.20968,0,1,2,0,0,0,0,0,1.2729,-0.1972,3.3795,0,0,0,0,0,0,0,-0,0,1.47364,0,0,0,0,0,0,0,0,0,0,0,0,0,0,0,0,0,0,0,0,0,0,0,0,0,0,0,0
22.4,0.00072917,-0.00272353,-0.00139964,0,0,0,2.97835,1.98263,-2.41296,0.00236587,0.0028786,0.0148282,-0.00207025,-0.00196316,-0.00746548,3,2,3.92699,0,0,0,0,0,0,0,0,0,0,0,2,3,2,3.92699,0,0,0,0,0,0,0,0,0,0,1.5708,1.5708,0,1.5708,1.5708,0,0.00753385,0.0103669,-0.0715864,0.00760432,0.00917697,-0.0371349,1.73725,1.18811,0.87884,-2.1974e-05,-0.000495636,-0.00021459,0.000199761,-0.00213841,-0.00194029,1.75578,1.20968,0,0,0,0,0,0.886033,0,1,0.0218554,1,0,1,2,1.75578,1.20968,0,0.344544,0.487027,3.7308e-15,0,0,0,0,0,0,0,0,0,0,0,0,0.855775,1.20968,0,0,0,0,0,0,0,0,0,0,0,0,2,0.855775,1.20968,0,1,2,0,0,0,0,0,1.2729,-0.1972,3.3795,0,0,0,0,0,0,0,-0,0,1.47364,0,0,0,0,0,0,0,0,0,0,0,0,0,0,0,0,0,0,0,0,0,0,0,0,0,0,0,0
22.45,0.000201532,-0.00278795,-0.00191783,0,0,0,2.9786,1.98292,-2.41138,0.00249246,0.00286353,0.0157867,-0.000653561,-0.00161923,-0.00181042,3,2,3.92699,0,0,0,0,0,0,0,0,0,0,0,2,3,2,3.92699,0,0,0,0,0,0,0,0,0,0,1.5708,1.5708,0,1.5708,1.5708,0,0.00584468,0.0114518,-0.0704321,0.00760432,0.00917697,-0.0371349,1.73729,1.18803,0.87854,0.00046993,-0.000805595,-0.0029913,0.00235317,-0.0034004,-0.0142628,1.75578,1.20968,0,0,0,0,0,0.886033,0,1,0.0218554,1,0,1,2,1.75578,1.20968,0,0.344544,0.487027,3.7308e-15,0,0,0,0,0,0,0,0,0,0,0,0,0.855775,1.20968,0,0,0,0,0,0,0,0,0,0,0,0,2,0.855775,1.20968,0,1,2,0,0,0,0,0,1.2729,-0.1972,3.3795,0,0,0,0,0,0,0,-0,0,1.47401,0,0,0,0,0,0,0,0,0,0,0,0,0,0,0,0,0,0,0,0,0,0,0,0,0,0,0,0
22.5,0.000201532,-0.00278795,-0.00191783,0,0,0,2.9786,1.98292,-2.41138,0.00249246,0.00286353,0.0157867,-0.000653561,-0.00161923,-0.00181042,3,2,3.92699,0,0,0,0,0,0,0,0,0,0,0,2,3,2,3.92699,0,0,0,0,0,0,0,0,0,0,1.5708,1.5708,0,1.5708,1.5708,0,0.00584468,0.0114518,-0.0704321,0.00760707,0.0091747,-0.0371349,1.73729,1.18803,0.87854,0.00046993,-0.000805595,-0.0029913,0.00235317,-0.0034004,-0.0142628,1.75578,1.20968,0,0,0,0,0,0.878514,0,1,0.0144347,1,0,0.972005,2,1.75578,1.20968,0,0.344544,0.487027,3.7308e-15,0,0,0,0,0,0,0,0,0,0,0,0,0.855775,1.20968,0,0,0,0,0,0,0,0,0,0,0,0,2,0.855775,1.20968,0,1,2,0,0,0,0,0,1.2729,-0.1972,3.3795,0,0,0,0,0,0,0,-0,0,1.47401,0,0,0,0,0,0,0,0,0,0,0,0,0,0,0,0,0,0,0,0,0,0,0,0,0,0,0,0
22.55,0.00225934,-0.007559,-0.000606824,0,0,0,2.97879,1.98334,-2.41015,0.0018606,0.00422665,0.0123136,-0.00272663,0.00451944,-0.014207,3,2,3.92699,0,0,0,0,0,0,0,0,0,0,0,2,3,2,3.92699,0,0,0,0,0,0,0,0,0,0,1.5708,1.5708,0,1.5708,1.5708,0,0.00656785,0.0060948,-0.0713131,0.00790862,0.0157337,-0.0366088,1.73732,1.1881,0.878459,0.00025394,0.000763042,-0.000810136,0.000841148,0.0040556,-0.00151515,1.75578,1.20968,0,0,0,0,0,0.878514,0,1,0.0144347,1,0,0.972005,2,1.75578,1.20968,0,0.344544,0.487027,3.7308e-15,0,0,0,0,0,0,0,0,0,0,0,0,0.855775,1.20968,0,0,0,0,0,0,0,0,0,0,0,0,2,0.855775,1.20968,0,1,2,0,0,0,0,0,1.1865,-0.2872,3.2898,0,0,0,0,0,0,0,-0,0,1.47433,0,0,0,0,0,0,0,0,0,0,0,0,0,0,0,0,0,0,0,0,0,0,0,0,0,0,0,0
22.6,0.00225934,-0.007559,-0.000606824,0,0,0,2.97879,1.98334,-2.41015,0.0018606,0.00422665,0.0123136,-0.00272663,0.00451944,-0.014207,3,2,3.92699,0,0,0,0,0,0,0,0,0,0,0,2,3,2,3.92699,0,0,0,0,0,0,0,0,0,0,1.5708,1.5708,0,1.5708,1.5708,0,0.00656785,0.0060948,-0.0713131,0.0079099,0.0157331,-0.0366088,1.73732,1.1881,0.878459,0.00025394,0.000763042,-0.000810136,0.000841148,0.0040556,-0.00151515,1.75578,1.20968,0,0,0,0,0,0.912163,0,1,0,1,0,1,2,1.75578,1.20968,0,0.344544,0.487027,3.7308e-15,0,0,0,0,0,0,0,0,0,0,0,0,0.855775,1.20968,0,0,0,0,0,0,0,0,0,0,0,0,2,0.855775,1.20968,0,1,2,0,0,0,0,0,1.1865,-0.2872,3.2898,0,0,0,0,0,0,0,-0,0,1.47433,0,0,0,0,0,0,0,0,0,0,0,0,0,0,0,0,0,0,0,0,0,0,0,0,0,0,0,0
22.65,0.00173381,-0.0199648,0.000605281,0,0,0,2.97899,1.98412,-2.40923,0.00199254,0.00780902,0.00914737,-0.00139014,0.0178595,-0.0228565,3,2,3.92699,0,0,0,0,0,0,0,0,0,0,0,2,3,2,3.92699,0,0,0,0,0,0,0,0,0,0,1.5708,1.5708,0,1.5708,1.5708,0,0.0049426,-0.00298413,-0.0715866,0.0079099,0.0157331,-0.0366088,1.73739,1.18844,0.878446,0.000724009,0.00339661,-0.000135327,0.00217875,0.0139672,0.00351143,1.75578,1.20968,0,0,0,0,0,0.912163,0,1,0,1,0,1,2,1.75578,1.20968,0,0.344544,0.487027,3.7308e-15,0,0,0,0,0,0,0,0,0,0,0,0,0.855775,1.20968,0,0,0,0,0,0,0,0,0,0,0,0,2,0.855775,1.20968,0,1,2,0,0,0,0,0,1.1865,-0.2872,3.2898,0,0,0,0,0,0,0,-0,0,1.47467,0,0,0,0,0,0,0,0,0,0,0,0,0,0,0,0,0,0,0,0,0,0,0,0,0,0,0,0
22.7,0.00173381,-0.0199648,0.000605281,0,0,0,2.97899,1.98412,-2.40923,0.00199254,0.00780902,0.00914737,-0.00139014,0.0178595,-0.0228565,3,2,3.92699,0,0,0,0,0,0,0,0,0,0,0,2,3,2,3.92699,0,0,0,0,0,0,0,0,0,0,1.5708,1.5708,0,1.5708,1.5708,0,0.0049426,-0.00298413,-0.0715866,0.00791011,0.015733,-0.0366088,1.73739,1.18844,0.878446,0.000724009,0.00339661,-0.000135327,0.00217875,0.0139672,0.00351143,1.75578,1.20968,0,0,0,0,0,0.985925,0,0.977822,0,1,0.00334871,1,2,1.75578,1.20968,0,0.344544,0.487027,3.7308e-15,0,0,0,0,0,0,0,0,0,0,0,0,0.855775,1.20968,0,0,0,0,0,0,0,0,0,0,0,0,2,0.855775,1.20968,0,1,2,0,0,0,0,0,1.1865,-0.2872,3.2898,0,0,0,0,0,0,0,-0,0,1.47467,0,0,0,0,0,0,0,0,0,0,0,0,0,0,0,0,0,0,0,0,0,0,0,0,0,0,0,0
22.75,-0.000144492,-0.00500792,0.00113395,0,0,0,2.97924,1.98445,-2.40846,0.00251898,0.0033379,0.00769209,0.001451,-0.00533253,-0.0207042,3,2,3.92699,0,0,0,0,0,0,0,0,0,0,0,2,3,2,3.92699,0,0,0,0,0,0,0,0,0,0,1.5708,1.5708,0,1.5708,1.5708,0,0.00779929,0.00686334,-0.0722145,0.00791011,0.015733,-0.0366088,1.73738,1.18849,0.878584,-0.000115941,0.000490614,0.00138014,-0.00186669,-0.00188208,0.00884435,1.75578,1.20968,0,0,0,0,0,0.985925,0,0.977822,0,1,0.00334871,1,2,1.75578,1.20968,0,0.344544,0.487027,3.7308e-15,0,0,0,0,0,0,0,0,0,0,0,0,0.855775,1.20968,0,0,0,0,0,0,0,0,0,0,0,0,2,0.855775,1.20968,0,1,2,0,0,0,0,0,1.1868,-0.2897,3.2878,0,0,0,0,0,0,0,-0,0,1.47505,0,0,0,0,0,0,0,0,0,0,0,0,0,0,0,0,0,0,0,0,0,0,0,0,0,0,0,0
22.8,-0.000144492,-0.00500792,0.00113395,0,0,0,2.97924,1.98445,-2.40846,0.00251898,0.0033379,0.00769209,0.001451,-0.00533253,-0.0207042,3,2,3.92699,0,0,0,0,0,0,0,0,0,0,0,2,3,2,3.92699,0,0,0,0,0,0,0,0,0,0,1.5708,1.5708,0,1.5708,1.5708,0,0.00779929,0.00686334,-0.0722145,0.00822981,0.00992664,-0.0370759,1.73738,1.18849,0.878584,-0.000115941,0.000490614,0.00138014,-0.00186669,-0.00188208,0.00884435,1.75578,1.20968,0,0,0,0,0,0.908712,0,1,0.0135034,1,0,1,2,1.75578,1.20968,0,0.344544,0.487027,3.7308e-15,0,0,0,0,0,0,0,0,0,0,0,0,0.855775,1.20968,0,0,0,0,0,0,0,0,0,0,0,0,2,0.855775,1.20968,0,1,2,0,0,0,0,0,1.1868,-0.2897,3.2878,0,0,0,0,0,0,0,-0,0,1.47505,0,0,0,0,0,0,0,0,0,0,0,0,0,0,0,0,0,0,0,0,0,0,0,0,0,0,0,0
22.85,-0.000524276,-0.00530911,0.00107603,0,0,0,2.9795,1.98479,-2.4077,0.00260049,0.00338674,0.00768062,0.00157894,-0.00614958,-0.0121942,3,2,3.92699,0,0,0,0,0,0,0,0,0,0,0,2,3,2,3.92699,0,0,0,0,0,0,0,0,0,0,1.5708,1.5708,0,1.5708,1.5708,0,0.00558934,0.0101903,-0.0702997,0.00822981,0.00992664,-0.0370759,1.73743,1.18844,0.878258,0.000528646,-0.000483473,-0.00326028,0.000907211,-0.0071682,-0.0125105,1.75578,1.20968,0,0,0,0,0,0.908712,0,1,0.0135034,1,0,1,2,1.75578,1.20968,0,0.344544,0.487027,3.7308e-15,0,0,0,0,0,0,0,0,0,0,0,0,0.855775,1.20968,0,0,0,0,0,0,0,0,0,0,0,0,2,0.855775,1.20968,0,1,2,0,0,0,0,0,1.1868,-0.2897,3.2878,0,0,0,0,0,0,0,-0,0,1.47543,0,0,0,0,0,0,0,0,0,0,0,0,0,0,0,0,0,0,0,0,0,0,0,0,0,0,0,0
22.9,-0.000524276,-0.00530911,0.00107603,0,0,0,2.9795,1.98479,-2.4077,0.00260049,0.00338674,0.00768062,0.00157894,-0.00614958,-0.0121942,3,2,3.92699,0,0,0,0,0,0,0,0,0,0,0,2,3,2,3.92699,0,0,0,0,0,0,0,0,0,0,1.5708,1.5708,0,1.5708,1.5708,0,0.00558934,0.0101903,-0.0702997,0.00823304,0.00992396,-0.0370759,1.73743,1.18844,0.878258,0.000528646,-0.000483473,-0.00326028,0.000907211,-0.0071682,-0.0125105,1.75578,1.20968,0,0,0,0,0,0.885811,0,1,0.00758322,1,0,0.977016,2,1.75578,1.20968,0,0.344544,0.487027,3.7308e-15,0,0,0,0,0,0,0,0,0,0,0,0,0.855775,1.20968,0,0,0,0,0,0,0,0,0,0,0,0,2,0.855775,1.20968,0,1,2,0,0,0,0,0,1.1868,-0.2897,3.2878,0,0,0,0,0,0,0,-0,0,1.47543,0,0,0,0,0,0,0,0,0,0,0,0,0,0,0,0,0,0,0,0,0,0,0,0,0,0,0,0
22.95,-0.000380182,-0.00361225,0.000444484,0,0,0,2.97975,1.98508,-2.40679,0.00252766,0.00285003,0.00905326,0.000675134,-0.00594678,-0.000684386,3,2,3.92699,0,0,0,0,0,0,0,0,0,0,0,2,3,2,3.92699,0,0,0,0,0,0,0,0,0,0,1.5708,1.5708,0,1.5708,1.5708,0,0.00881075,0.00688732,-0.0726902,0.00823304,0.00992396,-0.0370759,1.73739,1.18849,0.878514,-0.000415171,0.000483552,0.00256322,-0.00285084,-0.0011559,0.0128655,1.75578,1.20968,0,0,0,0,0,0.885811,0,1,0.00758322,1,0,0.977016,2,1.75578,1.20968,0,0.344544,0.487027,3.7308e-15,0,0,0,0,0,0,0,0,0,0,0,0,0.855775,1.20968,0,0,0,0,0,0,0,0,0,0,0,0,2,0.855775,1.20968,0,1,2,0,0,0,0,0,1.1463,-0.3324,3.2453,0,0,0,0,0,0,0,-0,0,1.47581,0,0,0,0,0,0,0,0,0,0,0,0,0,0,0,0,0,0,0,0,0,0,0,0,0,0,0,0
23,-0.000380182,-0.00361225,0.000444484,0,0,0,2.97975,1.98508,-2.40679,0.00252766,0.00285003,0.00905326,0.000675134,-0.00594678,-0.000684386,3,2,3.92699,0,0,0,0,0,0,0,0,0,0,0,2,3,2,3.92699,0,0,0,0,0,0,0,0,0,0,1.5708,1.5708,0,1.5708,1.5708,0,0.00881075,0.00688732,-0.0726902,0.0082305,0.00992607,-0.0370759,1.73739,1.18849,0.878514,-0.000415171,0.000483552,0.00256322,-0.00285084,-0.0011559,0.0128655,1.75578,1.20968,0,0,0,0,0,0.908118,0,1,0.0196101,1,0,1,2,1.75578,1.20968,0,0.344544,0.487027,3.7308e-15,0,0,0,0,0,0,0,0,0,0,0,0,0.855775,1.20968,0,0,0,0,0,0,0,0,0,0,0,0,2,0.855775,1.20968,0,1,2,0,0,0,0,0,1.1463,-0.3324,3.2453,0,0,0,0,0,0,0,-0,0,1.47581,0,0,0,0,0,0,0,0,0,0,0,0,0,0,0,0,0,0,0,0,0,0,0,0,0,0,0,0
23.05,-0.000854692,-0.00455806,0.000723626,0,0,0,2.98002,1.98539,-2.40597,0.0026368,0.00309335,0.00820185,0.000720706,-0.00256951,-0.00224916,3,2,3.92699,0,0,0,0,0,0,0,0,0,0,0,2,3,2,3.92699,0,0,0,0,0,0,0,0,0,0,1.5708,1.5708,0,1.5708,1.5708,0,0.00814341,0.00639439,-0.072146,0.00828398,0.00999056,-0.0370708,1.73737,1.18855,0.878634,-0.000216071,0.000621358,0.00120167,-0.00142538,0.000670768,0.00572224,1.75578,1.20968,0,0,0,0,0,0.908118,0,1,0.0196101,1,0,1,2,1.75578,1.20968,0,0.344544,0.487027,3.7308e-15,0,0,0,0,0,0,0,0,0,0,0,0,0.855775,1.20968,0,0,0,0,0,0,0,0,0,0,0,0,2,0.855775,1.20968,0,1,2,0,0,0,0,0,1.1463,-0.3324,3.2453,0,0,0,0,0,0,0,-0,0,1.47618,0,0,0,0,0,0,0,0,0,0,0,0,0,0,0,0,0,0,0,0,0,0,0,0,0,0,0,0
23.1,-0.000854692,-0.00455806,0.000723626,0,0,0,2.98002,1.98539,-2.40597,0.0026368,0.00309335,0.00820185,0.000720706,-0.00256951,-0.00224916,3,2,3.92699,0,0,0,0,0,0,0,0,0,0,0,2,3,2,3.92699,0,0,0,0,0,0,0,0,0,0,1.5708,1.5708,0,1.5708,1.5708,0,0.00814341,0.00639439,-0.072146,0.00828278,0.00999156,-0.0370708,1.73737,1.18855,0.878634,-0.000216071,0.000621358,0.00120167,-0.00142538,0.000670768,0.00572224,1.75578,1.20968,0,0,0,0,0,0.909106,0,1,0.0125774,1,0,1,2,1.75578,1.20968,0,0.344544,0.487027,3.7308e-15,0,0,0,0,0,0,0,0,0,0,0,0,0.855775,1.20968,0,0,0,0,0,0,0,0,0,0,0,0,2,0.855775,1.20968,0,1,2,0,0,0,0,0,1.1463,-0.3324,3.2453,0,0,0,0,0,0,0,-0,0,1.47618,0,0,0,0,0,0,0,0,0,0,0,0,0,0,0,0,0,0,0,0,0,0,0,0,0,0,0,0
23.15,-0.00159859,-0.00317749,-1.64033e-05,0,0,0,2.9803,1.98565,-2.40499,0.0028235,0.00265268,0.00982581,0.00118554,-0.00284572,0.00492903,3,2,3.92699,0,0,0,0,0,0,0,0,0,0,0,2,3,2,3.92699,0,0,0,0,0,0,0,0,0,0,1.5708,1.5708,0,1.5708,1.5708,0,0.00600116,0.0120257,-0.0703308,0.00828278,0.00999156,-0.0370708,1.73741,1.18845,0.878315,0.000409981,-0.00102495,-0.00319523,0.00183889,-0.00592855,-0.0151015,1.75578,1.20968,0,0,0,0,0,0.909106,0,1,0.0125774,1,0,1,2,1.75578,1.20968,0,0.344544,0.487027,3.7308e-15,0,0,0,0,0,0,0,0,0,0,0,0,0.855775,1.20968,0,0,0,0,0,0,0,0,0,0,0,0,2,0.855775,1.20968,0,1,2,0,0,0,0,0,1.1875,-0.2936,3.2843,0,0,0,0,0,0,0,-0,0,1.47658,0,0,0,0,0,0,0,0,0,0,0,0,0,0,0,0,0,0,0,0,0,0,0,0,0,0,0,0
23.2,-0.00159859,-0.00317749,-1.64033e-05,0,0,0,2.9803,1.98565,-2.40499,0.0028235,0.00265268,0.00982581,0.00118554,-0.00284572,0.00492903,3,2,3.92699,0,0,0,0,0,0,0,0,0,0,0,2,3,2,3.92699,0,0,0,0,0,0,0,0,0,0,1.5708,1.5708,0,1.5708,1.5708,0,0.00600116,0.0120257,-0.0703308,0.00828597,0.00998891,-0.0370708,1.73741,1.18845,0.878315,0.000409981,-0.00102495,-0.00319523,0.00183889,-0.00592855,-0.0151015,1.75578,1.20968,0,0,0,0,0,0.873661,0,1,0.0169438,1,0,0.968726,2,1.75578,1.20968,0,0.344544,0.487027,3.7308e-15,0,0,0,0,0,0,0,0,0,0,0,0,0.855775,1.20968,0,0,0,0,0,0,0,0,0,0,0,0,2,0.855775,1.20968,0,1,2,0,0,0,0,0,1.1875,-0.2936,3.2843,0,0,0,0,0,0,0,-0,0,1.47658,0,0,0,0,0,0,0,0,0,0,0,0,0,0,0,0,0,0,0,0,0,0,0,0,0,0,0,0
23.25,-0.00170534,-0.00303064,0.000137724,0,0,0,2.98058,1.98591,-2.40406,0.0028215,0.00257844,0.00926091,0.000761159,-0.00204813,0.00165464,3,2,3.92699,0,0,0,0,0,0,0,0,0,0,0,2,3,2,3.92699,0,0,0,0,0,0,0,0,0,0,1.5708,1.5708,0,1.5708,1.5708,0,0.00764082,0.00980021,-0.0712138,0.00828597,0.00998891,-0.0370708,1.7374,1.18841,0.878214,-7.20643e-05,-0.000365207,-0.00100494,-0.000380766,-0.00181516,-0.003129,1.75578,1.20968,0,0,0,0,0,0.873661,0,1,0.0169438,1,0,0.968726,2,1.75578,1.20968,0,0.344544,0.487027,3.7308e-15,0,0,0,0,0,0,0,0,0,0,0,0,0.855775,1.20968,0,0,0,0,0,0,0,0,0,0,0,0,2,0.855775,1.20968,0,1,2,0,0,0,0,0,1.1875,-0.2936,3.2843,0,0,0,0,0,0,0,-0,0,1.47698,0,0,0,0,0,0,0,0,0,0,0,0,0,0,0,0,0,0,0,0,0,0,0,0,0,0,0,0
23.3,-0.00170534,-0.00303064,0.000137724,0,0,0,2.98058,1.98591,-2.40406,0.0028215,0.00257844,0.00926091,0.000761159,-0.00204813,0.00165464,3,2,3.92699,0,0,0,0,0,0,0,0,0,0,0,2,3,2,3.92699,0,0,0,0,0,0,0,0,0,0,1.5708,1.5708,0,1.5708,1.5708,0,0.00764082,0.00980021,-0.0712138,0.0102869,0.0123986,-0.0368816,1.7374,1.18841,0.878214,-7.20643e-05,-0.000365207,-0.00100494,-0.000380766,-0.00181516,-0.003129,1.75578,1.20968,0,0,0,0,0,0.885944,0,1,0.0178486,1,0,1,2,1.75578,1.20968,0,0.344544,0.487027,3.7308e-15,0,0,0,0,0,0,0,0,0,0,0,0,0.855775,1.20968,0,0,0,0,0,0,0,0,0,0,0,0,2,0.855775,1.20968,0,1,2,0,0,0,0,0,1.1875,-0.2936,3.2843,0,0,0,0,0,0,0,-0,0,1.47698,0,0,0,0,0,0,0,0,0,0,0,0,0,0,0,0,0,0,0,0,0,0,0,0,0,0,0,0
23.35,-0.00228658,-0.00373197,-0.000348751,0,0,0,2.98088,1.98619,-2.40304,0.00295841,0.00275337,0.0102524,0.000953586,-0.000416486,0.00453507,3,2,3.92699,0,0,0,0,0,0,0,0,0,0,0,2,3,2,3.92699,0,0,0,0,0,0,0,0,0,0,1.5708,1.5708,0,1.5708,1.5708,0,0.00764772,0.00949525,-0.071711,0.0102869,0.0123986,-0.0368816,1.7374,1.18839,0.878236,-7.3228e-05,-0.000272164,0.000212747,-0.000533695,-0.000162521,0.00460411,1.75578,1.20968,0,0,0,0,0,0.885944,0,1,0.0178486,1,0,1,2,1.75578,1.20968,0,0.344544,0.487027,3.7308e-15,0,0,0,0,0,0,0,0,0,0,0,0,0.855775,1.20968,0,0,0,0,0,0,0,0,0,0,0,0,2,0.855775,1.20968,0,1,2,0,0,0,0,0,1.1879,-0.296,3.2823,0,0,0,0,0,0,0,-0,0,1.4774,0,0,0,0,0,0,0,0,0,0,0,0,0,0,0,0,0,0,0,0,0,0,0,0,0,0,0,0
23.4,-0.00228658,-0.00373197,-0.000348751,0,0,0,2.98088,1.98619,-2.40304,0.00295841,0.00275337,0.0102524,0.000953586,-0.000416486,0.00453507,3,2,3.92699,0,0,0,0,0,0,0,0,0,0,0,2,3,2,3.92699,0,0,0,0,0,0,0,0,0,0,1.5708,1.5708,0,1.5708,1.5708,0,0.00764772,0.00949525,-0.071711,0.0102867,0.0123988,-0.0368816,1.7374,1.18839,0.878236,-7.3228e-05,-0.000272164,0.000212747,-0.000533695,-0.000162521,0.00460411,1.75578,1.20968,0,0,0,0,0,0.891432,0,1,0.0196533,1,0,1,2,1.75578,1.20968,0,0.344544,0.487027,3.7308e-15,0,0,0,0,0,0,0,0,0,0,0,0,0.855775,1.20968,0,0,0,0,0,0,0,0,0,0,0,0,2,0.855775,1.20968,0,1,2,0,0,0,0,0,1.1879,-0.296,3.2823,0,0,0,0,0,0,0,-0,0,1.4774,0,0,0,0,0,0,0,0,0,0,0,0,0,0,0,0,0,0,0,0,0,0,0,0,0,0,0,0
23.45,-0.00335787,-0.00579133,-0.000272888,0,0,0,2.9812,1.98652,-2.40205,0.00323719,0.00332386,0.00986781,0.00170884,0.00224694,0.00156348,3,2,3.92699,0,0,0,0,0,0,0,0,0,0,0,2,3,2,3.92699,0,0,0,0,0,0,0,0,0,0,1.5708,1.5708,0,1.5708,1.5708,0,0.00852304,0.00678034,-0.0727691,0.0102867,0.0123988,-0.0368816,1.73736,1.18844,0.878511,-0.000327138,0.000521223,0.00275782,-0.00135566,0.00329681,0.0139813,1.75578,1.20968,0,0,0,0,0,0.891432,0,1,0.0196533,1,0,1,2,1.75578,1.20968,0,0.344544,0.487027,3.7308e-15,0,0,0,0,0,0,0,0,0,0,0,0,0.855775,1.20968,0,0,0,0,0,0,0,0,0,0,0,0,2,0.855775,1.20968,0,1,2,0,0,0,0,0,1.1879,-0.296,3.2823,0,0,0,0,0,0,0,-0,0,1.47785,0,0,0,0,0,0,0,0,0,0,0,0,0,0,0,0,0,0,0,0,0,0,0,0,0,0,0,0
23.5,-0.00335787,-0.00579133,-0.000272888,0,0,0,2.9812,1.98652,-2.40205,0.00323719,0.00332386,0.00986781,0.00170884,0.00224694,0.00156348,3,2,3.92699,0,0,0,0,0,0,0,0,0,0,0,2,3,2,3.92699,0,0,0,0,0,0,0,0,0,0,1.5708,1.5708,0,1.5708,1.5708,0,0.00852304,0.00678034,-0.0727691,0.0102833,0.0124016,-0.0368816,1.73736,1.18844,0.878511,-0.000327138,0.000521223,0.00275782,-0.00135566,0.00329681,0.0139813,1.75578,1.20968,0,0,0,0,0,0.910274,0,1,0.0191266,1,0,1,2,1.75578,1.20968,0,0.344544,0.487027,3.7308e-15,0,0,0,0,0,0,0,0,0,0,0,0,0.855775,1.20968,0,0,0,0,0,0,0,0,0,0,0,0,2,0.855775,1.20968,0,1,2,0,0,0,0,0,1.1879,-0.296,3.2823,0,0,0,0,0,0,0,-0,0,1.47785,0,0,0,0,0,0,0,0,0,0,0,0,0,0,0,0,0,0,0,0,0,0,0,0,0,0,0,0
23.55,-0.00298401,-0.00367345,-0.000666452,0,0,0,2.98151,1.98678,-2.40099,0.0030896,0.00266462,0.0106233,0.000537393,-0.000925598,0.00355195,3,2,3.92699,0,0,0,0,0,0,0,0,0,0,0,2,3,2,3.92699,0,0,0,0,0,0,0,0,0,0,1.5708,1.5708,0,1.5708,1.5708,0,0.00818005,0.00805505,-0.0719749,0.00808969,0.00975619,-0.0370892,1.73734,1.18845,0.87859,-0.000223477,0.0001441,0.000790074,-0.00051095,0.000940708,0.00180102,1.75578,1.20968,0,0,0,0,0,0.910274,0,1,0.0191266,1,0,1,2,1.75578,1.20968,0,0.344544,0.487027,3.7308e-15,0,0,0,0,0,0,0,0,0,0,0,0,0.855775,1.20968,0,0,0,0,0,0,0,0,0,0,0,0,2,0.855775,1.20968,0,1,2,0,0,0,0,0,1.1882,-0.2988,3.2806,0,0,0,0,0,0,0,-0,0,1.47827,0,0,0,0,0,0,0,0,0,0,0,0,0,0,0,0,0,0,0,0,0,0,0,0,0,0,0,0
23.6,-0.00298401,-0.00367345,-0.000666452,0,0,0,2.98151,1.98678,-2.40099,0.0030896,0.00266462,0.0106233,0.000537393,-0.000925598,0.00355195,3,2,3.92699,0,0,0,0,0,0,0,0,0,0,0,2,3,2,3.92699,0,0,0,0,0,0,0,0,0,0,1.5708,1.5708,0,1.5708,1.5708,0,0.00818005,0.00805505,-0.0719749,0.00808891,0.00975683,-0.0370892,1.73734,1.18845,0.87859,-0.000223477,0.0001441,0.000790074,-0.00051095,0.000940708,0.00180102,1.75578,1.20968,0,0,0,0,0,0.898533,0,1,0.0183751,1,0,1,2,1.75578,1.20968,0,0.344544,0.487027,3.7308e-15,0,0,0,0,0,0,0,0,0,0,0,0,0.855775,1.20968,0,0,0,0,0,0,0,0,0,0,0,0,2,0.855775,1.20968,0,1,2,0,0,0,0,0,1.1882,-0.2988,3.2806,0,0,0,0,0,0,0,-0,0,1.47827,0,0,0,0,0,0,0,0,0,0,0,0,0,0,0,0,0,0,0,0,0,0,0,0,0,0,0,0
23.65,-0.00297167,-0.00401139,-0.00141188,0,0,0,2.98181,1.98706,-2.39977,0.00304957,0.00273216,0.0122128,7.2935e-06,-0.000712694,0.00876368,3,2,3.92699,0,0,0,0,0,0,0,0,0,0,0,2,3,2,3.92699,0,0,0,0,0,0,0,0,0,0,1.5708,1.5708,0,1.5708,1.5708,0,0.00561348,0.0114175,-0.0704173,0.00808891,0.00975683,-0.0370892,1.73739,1.18837,0.878293,0.000526167,-0.000836251,-0.0029781,0.00280264,-0.00367106,-0.0156228,1.75578,1.20968,0,0,0,0,0,0.898533,0,1,0.0183751,1,0,1,2,1.75578,1.20968,0,0.344544,0.487027,3.7308e-15,0,0,0,0,0,0,0,0,0,0,0,0,0.855775,1.20968,0,0,0,0,0,0,0,0,0,0,0,0,2,0.855775,1.20968,0,1,2,0,0,0,0,0,1.1882,-0.2988,3.2806,0,0,0,0,0,0,0,-0,0,1.47867,0,0,0,0,0,0,0,0,0,0,0,0,0,0,0,0,0,0,0,0,0,0,0,0,0,0,0,0
23.7,-0.00297167,-0.00401139,-0.00141188,0,0,0,2.98181,1.98706,-2.39977,0.00304957,0.00273216,0.0122128,7.2935e-06,-0.000712694,0.00876368,3,2,3.92699,0,0,0,0,0,0,0,0,0,0,0,2,3,2,3.92699,0,0,0,0,0,0,0,0,0,0,1.5708,1.5708,0,1.5708,1.5708,0,0.00561348,0.0114175,-0.0704173,0.00809182,0.00975442,-0.0370892,1.73739,1.18837,0.878293,0.000526167,-0.000836251,-0.0029781,0.00280264,-0.00367106,-0.0156228,1.75578,1.20968,0,0,0,0,0,0.879667,0,1,0.0133755,1,0,0.970271,2,1.75578,1.20968,0,0.344544,0.487027,3.7308e-15,0,0,0,0,0,0,0,0,0,0,0,0,0.855775,1.20968,0,0,0,0,0,0,0,0,0,0,0,0,2,0.855775,1.20968,0,1,2,0,0,0,0,0,1.1882,-0.2988,3.2806,0,0,0,0,0,0,0,-0,0,1.47867,0,0,0,0,0,0,0,0,0,0,0,0,0,0,0,0,0,0,0,0,0,0,0,0,0,0,0,0
23.75,-0.00294922,-0.00412241,-0.00113921,0,0,0,2.98211,1.98733,-2.39863,0.00300705,0.00273246,0.0113148,-0.000237227,-0.000397823,0.00237996,3,2,3.92699,0,0,0,0,0,0,0,0,0,0,0,2,3,2,3.92699,0,0,0,0,0,0,0,0,0,0,1.5708,1.5708,0,1.5708,1.5708,0,0.00857409,0.00763878,-0.0724475,0.00809182,0.00975442,-0.0370892,1.73736,1.1884,0.87849,-0.000341709,0.000273368,0.00197181,-0.00133643,0.00160519,0.00803944,1.75578,1.20968,0,0,0,0,0,0.879667,0,1,0.0133755,1,0,0.970271,2,1.75578,1.20968,0,0.344544,0.487027,3.7308e-15,0,0,0,0,0,0,0,0,0,0,0,0,0.855775,1.20968,0,0,0,0,0,0,0,0,0,0,0,0,2,0.855775,1.20968,0,1,2,0,0,0,0,0,1.1884,-0.3018,3.2782,0,0,0,0,0,0,0,-0,0,1.47909,0,0,0,0,0,0,0,0,0,0,0,0,0,0,0,0,0,0,0,0,0,0,0,0,0,0,0,0
23.8,-0.00294922,-0.00412241,-0.00113921,0,0,0,2.98211,1.98733,-2.39863,0.00300705,0.00273246,0.0113148,-0.000237227,-0.000397823,0.00237996,3,2,3.92699,0,0,0,0,0,0,0,0,0,0,0,2,3,2,3.92699,0,0,0,0,0,0,0,0,0,0,1.5708,1.5708,0,1.5708,1.5708,0,0.00857409,0.00763878,-0.0724475,0.00875518,0.0105583,-0.0370263,1.73736,1.1884,0.87849,-0.000341709,0.000273368,0.00197181,-0.00133643,0.00160519,0.00803944,1.75578,1.20968,0,0,0,0,0,0.902895,0,1,0.0207764,1,0,1,2,1.75578,1.20968,0,0.344544,0.487027,3.7308e-15,0,0,0,0,0,0,0,0,0,0,0,0,0.855775,1.20968,0,0,0,0,0,0,0,0,0,0,0,0,2,0.855775,1.20968,0,1,2,0,0,0,0,0,1.1884,-0.3018,3.2782,0,0,0,0,0,0,0,-0,0,1.47909,0,0,0,0,0,0,0,0,0,0,0,0,0,0,0,0,0,0,0,0,0,0,0,0,0,0,0,0
23.85,-0.00380199,-0.00518046,-0.0011867,0,0,0,2.98244,1.98763,-2.39751,0.00322129,0.00301004,0.011207,0.000676715,0.000909401,0.000120104,3,2,3.92699,0,0,0,0,0,0,0,0,0,0,0,2,3,2,3.92699,0,0,0,0,0,0,0,0,0,0,1.5708,1.5708,0,1.5708,1.5708,0,0.00622234,0.0089278,-0.0712129,0.00875518,0.0105583,-0.0370263,1.7374,1.18839,0.878386,0.000346796,-0.000105016,-0.00104164,0.00138868,0.000165804,-0.00401281,1.75578,1.20968,0,0,0,0,0,0.902895,0,1,0.0207764,1,0,1,2,1.75578,1.20968,0,0.344544,0.487027,3.7308e-15,0,0,0,0,0,0,0,0,0,0,0,0,0.855775,1.20968,0,0,0,0,0,0,0,0,0,0,0,0,2,0.855775,1.20968,0,1,2,0,0,0,0,0,1.1884,-0.3018,3.2782,0,0,0,0,0,0,0,-0,0,1.4795,0,0,0,0,0,0,0,0,0,0,0,0,0,0,0,0,0,0,0,0,0,0,0,0,0,0,0,0
23.9,-0.00380199,-0.00518046,-0.0011867,0,0,0,2.98244,1.98763,-2.39751,0.00322129,0.00301004,0.011207,0.000676715,0.000909401,0.000120104,3,2,3.92699,0,0,0,0,0,0,0,0,0,0,0,2,3,2,3.92699,0,0,0,0,0,0,0,0,0,0,1.5708,1.5708,0,1.5708,1.5708,0,0.00622234,0.0089278,-0.0712129,0.00875628,0.0105574,-0.0370263,1.7374,1.18839,0.878386,0.000346796,-0.000105016,-0.00104164,0.00138868,0.000165804,-0.00401281,1.75578,1.20968,0,0,0,0,0,0.897651,0,1,0.0088857,1,0,0.997047,2,1.75578,1.20968,0,0.344544,0.487027,3.7308e-15,0,0,0,0,0,0,0,0,0,0,0,0,0.855775,1.20968,0,0,0,0,0,0,0,0,0,0,0,0,2,0.855775,1.20968,0,1,2,0,0,0,0,0,1.1884,-0.3018,3.2782,0,0,0,0,0,0,0,-0,0,1.4795,0,0,0,0,0,0,0,0,0,0,0,0,0,0,0,0,0,0,0,0,0,0,0,0,0,0,0,0
23.95,-0.00329446,-0.00369734,-0.00166398,0,0,0,2.98274,1.98789,-2.3963,0.00303473,0.00254033,0.0121381,-0.000211526,-0.00115023,0.00350055,3,2,3.92699,0,0,0,0,0,0,0,0,0,0,0,2,3,2,3.92699,0,0,0,0,0,0,0,0,0,0,1.5708,1.5708,0,1.5708,1.5708,0,0.00717339,0.00970363,-0.0713331,0.00875628,0.0105574,-0.0370263,1.7374,1.18835,0.878312,6.59194e-05,-0.000329597,-0.000731364,8.06328e-05,-0.00099269,-0.00280158,1.75578,1.20968,0,0,0,0,0,0.897651,0,1,0.0088857,1,0,0.997047,2,1.75578,1.20968,0,0.344544,0.487027,3.7308e-15,0,0,0,0,0,0,0,0,0,0,0,0,0.855775,1.20968,0,0,0,0,0,0,0,0,0,0,0,0,2,0.855775,1.20968,0,1,2,0,0,0,0,0,1.1238,-0.3695,3.2109,0,0,0,0,0,0,0,-0,0,1.4799,0,0,0,0,0,0,0,0,0,0,0,0,0,0,0,0,0,0,0,0,0,0,0,0,0,0,0,0
24,-0.00329446,-0.00369734,-0.00166398,0,0,0,2.98274,1.98789,-2.3963,0.00303473,0.00254033,0.0121381,-0.000211526,-0.00115023,0.00350055,3,2,3.92699,0,0,0,0,0,0,0,0,0,0,0,2,3,2,3.92699,0,0,0,0,0,0,0,0,0,0,1.5708,1.5708,0,1.5708,1.5708,0,0.00717339,0.00970363,-0.0713331,0.00875705,0.0105568,-0.0370263,1.7374,1.18835,0.878312,6.59194e-05,-0.000329597,-0.000731364,8.06328e-05,-0.00099269,-0.00280158,1.75578,1.20968,0,0,0,0,0,0.889648,0,1,0.0163152,1,0,1,2,1.75578,1.20968,0,0.344544,0.487027,3.7308e-15,0,0,0,0,0,0,0,0,0,0,0,0,0.855775,1.20968,0,0,0,0,0,0,0,0,0,0,0,0,2,0.855775,1.20968,0,1,2,0,0,0,0,0,1.1238,-0.3695,3.2109,0,0,0,0,0,0,0,-0,0,1.4799,0,0,0,0,0,0,0,0,0,0,0,0,0,0,0,0,0,0,0,0,0,0,0,0,0,0,0,0
24.05,-0.00386431,-0.00500636,-0.00140007,0,0,0,2.98306,1.98817,-2.39517,0.00316579,0.00289364,0.0112628,0.000276172,0.000442037,-0.000939531,3,2,3.92699,0,0,0,0,0,0,0,0,0,0,0,2,3,2,3.92699,0,0,0,0,0,0,0,0,0,0,1.5708,1.5708,0,1.5708,1.5708,0,0.00869707,0.00668503,-0.0726718,0.00995164,0.0119969,-0.0369132,1.73736,1.18841,0.878563,-0.000378334,0.000552855,0.0025082,-0.00190389,0.00277333,0.0114269,1.75578,1.20968,0,0,0,0,0,0.889648,0,1,0.0163152,1,0,1,2,1.75578,1.20968,0,0.344544,0.487027,3.7308e-15,0,0,0,0,0,0,0,0,0,0,0,0,0.855775,1.20968,0,0,0,0,0,0,0,0,0,0,0,0,2,0.855775,1.20968,0,1,2,0,0,0,0,0,1.1238,-0.3695,3.2109,0,0,0,0,0,0,0,-0,0,1.48033,0,0,0,0,0,0,0,0,0,0,0,0,0,0,0,0,0,0,0,0,0,0,0,0,0,0,0,0
24.1,-0.00386431,-0.00500636,-0.00140007,0,0,0,2.98306,1.98817,-2.39517,0.00316579,0.00289364,0.0112628,0.000276172,0.000442037,-0.000939531,3,2,3.92699,0,0,0,0,0,0,0,0,0,0,0,2,3,2,3.92699,0,0,0,0,0,0,0,0,0,0,1.5708,1.5708,0,1.5708,1.5708,0,0.00869707,0.00668503,-0.0726718,0.00994863,0.0119994,-0.0369132,1.73736,1.18841,0.878563,-0.000378334,0.000552855,0.0025082,-0.00190389,0.00277333,0.0114269,1.75578,1.20968,0,0,0,0,0,0.909446,0,1,0.0184641,1,0,1,2,1.75578,1.20968,0,0.344544,0.487027,3.7308e-15,0,0,0,0,0,0,0,0,0,0,0,0,0.855775,1.20968,0,0,0,0,0,0,0,0,0,0,0,0,2,0.855775,1.20968,0,1,2,0,0,0,0,0,1.1238,-0.3695,3.2109,0,0,0,0,0,0,0,-0,0,1.48033,0,0,0,0,0,0,0,0,0,0,0,0,0,0,0,0,0,0,0,0,0,0,0,0,0,0,0,0
24.15,-0.0044509,-0.00405022,-0.00225398,0,0,0,2.98339,1.98843,-2.39386,0.00330024,0.00257961,0.0131015,0.00076454,-0.000777805,0.00616543,3,2,3.92699,0,0,0,0,0,0,0,0,0,0,0,2,3,2,3.92699,0,0,0,0,0,0,0,0,0,0,1.5708,1.5708,0,1.5708,1.5708,0,0.00783209,0.00777331,-0.0720968,0.00994863,0.0119994,-0.0369132,1.73735,1.18843,0.878671,-0.000122141,0.000229625,0.0010735,-0.000387774,0.000882903,0.00305199,1.75578,1.20968,0,0,0,0,0,0.909446,0,1,0.0184641,1,0,1,2,1.75578,1.20968,0,0.344544,0.487027,3.7308e-15,0,0,0,0,0,0,0,0,0,0,0,0,0.855775,1.20968,0,0,0,0,0,0,0,0,0,0,0,0,2,0.855775,1.20968,0,1,2,0,0,0,0,0,1.2379,-0.2587,3.323,0,0,0,0,0,0,0,-0,0,1.48074,0,0,0,0,0,0,0,0,0,0,0,0,0,0,0,0,0,0,0,0,0,0,0,0,0,0,0,0
24.2,-0.0044509,-0.00405022,-0.00225398,0,0,0,2.98339,1.98843,-2.39386,0.00330024,0.00257961,0.0131015,0.00076454,-0.000777805,0.00616543,3,2,3.92699,0,0,0,0,0,0,0,0,0,0,0,2,3,2,3.92699,0,0,0,0,0,0,0,0,0,0,1.5708,1.5708,0,1.5708,1.5708,0,0.00783209,0.00777331,-0.0720968,0.00994734,0.0120004,-0.0369132,1.73735,1.18843,0.878671,-0.000122141,0.000229625,0.0010735,-0.000387774,0.000882903,0.00305199,1.75578,1.20968,0,0,0,0,0,0.90264,0,1,0.0166338,1,0,1,2,1.75578,1.20968,0,0.344544,0.487027,3.7308e-15,0,0,0,0,0,0,0,0,0,0,0,0,0.855775,1.20968,0,0,0,0,0,0,0,0,0,0,0,0,2,0.855775,1.20968,0,1,2,0,0,0,0,0,1.2379,-0.2587,3.323,0,0,0,0,0,0,0,-0,0,1.48074,0,0,0,0,0,0,0,0,0,0,0,0,0,0,0,0,0,0,0,0,0,0,0,0,0,0,0,0
24.25,-0.0044509,-0.00405022,-0.00225398,0,0,0,2.98339,1.98843,-2.39386,0.00330024,0.00257961,0.0131015,0.00076454,-0.000777805,0.00616543,3,2,3.92699,0,0,0,0,0,0,0,0,0,0,0,2,3,2,3.92699,0,0,0,0,0,0,0,0,0,0,1.5708,1.5708,0,1.5708,1.5708,0,0.00783209,0.00777331,-0.0720968,0.00994734,0.0120004,-0.0369132,1.73735,1.18843,0.878671,-0.000122141,0.000229625,0.0010735,-0.000387774,0.000882903,0.00305199,1.75578,1.20968,0,0,0,0,0,0.90264,0,1,0.0166338,1,0,1,2,1.75578,1.20968,0,0.344544,0.487027,3.7308e-15,0,0,0,0,0,0,0,0,0,0,0,0,0.855775,1.20968,0,0,0,0,0,0,0,0,0,0,0,0,2,0.855775,1.20968,0,1,2,0,0,0,0,0,1.2379,-0.2587,3.323,0,0,0,0,0,0,0,-0,0,1.48074,0,0,0,0,0,0,0,0,0,0,0,0,0,0,0,0,0,0,0,0,0,0,0,0,0,0,0,0
24.3,-0.00516756,-0.00427693,-0.00201889,0,0,0,2.98373,1.98869,-2.39264,0.00347117,0.00261558,0.0122767,0.00121493,-0.000483052,0.00139472,3,2,3.92699,0,0,0,0,0,0,0,0,0,0,0,2,3,2,3.92699,0,0,0,0,0,0,0,0,0,0,1.5708,1.5708,0,1.5708,1.5708,0,0.00773187,0.00772689,-0.0720174,0.00877624,0.0105876,-0.0370241,1.73734,1.18846,0.878757,-9.15391e-05,0.000240443,0.000861159,9.43406e-05,0.000318037,-0.000146963,1.75578,1.20968,0,0,0,0,0,0.90264,0,1,0.0166338,1,0,1,2,1.75578,1.20968,0,0.344544,0.487027,3.7308e-15,0,0,0,0,0,0,0,0,0,0,0,0,0.855775,1.20968,0,0,0,0,0,0,0,0,0,0,0,0,2,0.855775,1.20968,0,1,2,0,0,0,0,0,1.2379,-0.2587,3.323,0,0,0,0,0,0,0,-0,0,1.48117,0,0,0,0,0,0,0,0,0,0,0,0,0,0,0,0,0,0,0,0,0,0,0,0,0,0,0,0
24.35,-0.00516756,-0.00427693,-0.00201889,0,0,0,2.98373,1.98869,-2.39264,0.00347117,0.00261558,0.0122767,0.00121493,-0.000483052,0.00139472,3,2,3.92699,0,0,0,0,0,0,0,0,0,0,0,2,3,2,3.92699,0,0,0,0,0,0,0,0,0,0,1.5708,1.5708,0,1.5708,1.5708,0,0.00773187,0.00772689,-0.0720174,0.00877533,0.0105884,-0.0370241,1.73734,1.18846,0.878757,-9.15391e-05,0.000240443,0.000861159,9.43406e-05,0.000318037,-0.000146963,1.75578,1.20968,0,0,0,0,0,0.902581,0,1,0.0158311,1,0,1,2,1.75578,1.20968,0,0.344544,0.487027,3.7308e-15,0,0,0,0,0,0,0,0,0,0,0,0,0.855775,1.20968,0,0,0,0,0,0,0,0,0,0,0,0,2,0.855775,1.20968,0,1,2,0,0,0,0,0,1.1158,-0.3845,3.1982,0,0,0,0,0,0,0,-0,0,1.48117,0,0,0,0,0,0,0,0,0,0,0,0,0,0,0,0,0,0,0,0,0,0,0,0,0,0,0,0
24.4,-0.00446129,-0.00516567,-0.00218325,0,0,0,2.98406,1.98898,-2.39139,0.00322348,0.00284497,0.0124319,-0.000204341,0.00066238,0.000792753,3,2,3.92699,0,0,0,0,0,0,0,0,0,0,0,2,3,2,3.92699,0,0,0,0,0,0,0,0,0,0,1.5708,1.5708,0,1.5708,1.5708,0,0.00634292,0.00999899,-0.0707269,0.00877533,0.0105884,-0.0370241,1.73737,1.18841,0.87853,0.000313801,-0.000423692,-0.00226496,0.00174167,-0.0025395,-0.0130136,1.75578,1.20968,0,0,0,0,0,0.902581,0,1,0.0158311,1,0,1,2,1.75578,1.20968,0,0.344544,0.487027,3.7308e-15,0,0,0,0,0,0,0,0,0,0,0,0,0.855775,1.20968,0,0,0,0,0,0,0,0,0,0,0,0,2,0.855775,1.20968,0,1,2,0,0,0,0,0,1.1158,-0.3845,3.1982,0,0,0,0,0,0,0,-0,0,1.48159,0,0,0,0,0,0,0,0,0,0,0,0,0,0,0,0,0,0,0,0,0,0,0,0,0,0,0,0
24.45,-0.00446129,-0.00516567,-0.00218325,0,0,0,2.98406,1.98898,-2.39139,0.00322348,0.00284497,0.0124319,-0.000204341,0.00066238,0.000792753,3,2,3.92699,0,0,0,0,0,0,0,0,0,0,0,2,3,2,3.92699,0,0,0,0,0,0,0,0,0,0,1.5708,1.5708,0,1.5708,1.5708,0,0.00634292,0.00999899,-0.0707269,0.00877773,0.0105864,-0.0370241,1.73737,1.18841,0.87853,0.000313801,-0.000423692,-0.00226496,0.00174167,-0.0025395,-0.0130136,1.75578,1.20968,0,0,0,0,0,0.886968,0,1,0.0115068,1,0,0.987419,2,1.75578,1.20968,0,0.344544,0.487027,3.7308e-15,0,0,0,0,0,0,0,0,0,0,0,0,0.855775,1.20968,0,0,0,0,0,0,0,0,0,0,0,0,2,0.855775,1.20968,0,1,2,0,0,0,0,0,1.1158,-0.3845,3.1982,0,0,0,0,0,0,0,-0,0,1.48159,0,0,0,0,0,0,0,0,0,0,0,0,0,0,0,0,0,0,0,0,0,0,0,0,0,0,0,0
24.5,-0.0059678,-0.00464055,-0.00269426,0,0,0,2.98442,1.98924,-2.39005,0.00362655,0.00265768,0.0134202,0.00130048,-0.000191746,0.00436122,3,2,3.92699,0,0,0,0,0,0,0,0,0,0,0,2,3,2,3.92699,0,0,0,0,0,0,0,0,0,0,1.5708,1.5708,0,1.5708,1.5708,0,0.00874999,0.00754579,-0.0726076,0.00877773,0.0105864,-0.0370241,1.73733,1.18844,0.878761,-0.000390476,0.000295297,0.00231059,-0.00154532,0.000961223,0.00872691,1.75578,1.20968,0,0,0,0,0,0.886968,0,1,0.0115068,1,0,0.987419,2,1.75578,1.20968,0,0.344544,0.487027,3.7308e-15,0,0,0,0,0,0,0,0,0,0,0,0,0.855775,1.20968,0,0,0,0,0,0,0,0,0,0,0,0,2,0.855775,1.20968,0,1,2,0,0,0,0,0,1.1158,-0.3845,3.1982,0,0,0,0,0,0,0,-0,0,1.48206,0,0,0,0,0,0,0,0,0,0,0,0,0,0,0,0,0,0,0,0,0,0,0,0,0,0,0,0
24.55,-0.0059678,-0.00464055,-0.00269426,0,0,0,2.98442,1.98924,-2.39005,0.00362655,0.00265768,0.0134202,0.00130048,-0.000191746,0.00436122,3,2,3.92699,0,0,0,0,0,0,0,0,0,0,0,2,3,2,3.92699,0,0,0,0,0,0,0,0,0,0,1.5708,1.5708,0,1.5708,1.5708,0,0.00874999,0.00754579,-0.0726076,0.00863601,0.0104204,-0.0370373,1.73733,1.18844,0.878761,-0.000390476,0.000295297,0.00231059,-0.00154532,0.000961223,0.00872691,1.75578,1.20968,0,0,0,0,0,0.904185,0,1,0.0215375,1,0,1,2,1.75578,1.20968,0,0.344544,0.487027,3.7308e-15,0,0,0,0,0,0,0,0,0,0,0,0,0.855775,1.20968,0,0,0,0,0,0,0,0,0,0,0,0,2,0.855775,1.20968,0,1,2,0,0,0,0,0,1.2686,-0.2353,3.3483,0,0,0,0,0,0,0,-0,0,1.48206,0,0,0,0,0,0,0,0,0,0,0,0,0,0,0,0,0,0,0,0,0,0,0,0,0,0,0,0
24.6,-0.00473107,-0.00487202,-0.00305353,0,0,0,2.98474,1.98951,-2.38865,0.00322173,0.00269414,0.0140232,-0.00064006,-9.04435e-05,0.00548426,3,2,3.92699,0,0,0,0,0,0,0,0,0,0,0,2,3,2,3.92699,0,0,0,0,0,0,0,0,0,0,1.5708,1.5708,0,1.5708,1.5708,0,0.00760038,0.00718058,-0.0719275,0.00863601,0.0104204,-0.0370373,1.73733,1.18848,0.878824,-5.12937e-05,0.000398137,0.000626741,-1.69888e-05,0.00146144,0.00145137,1.75578,1.20968,0,0,0,0,0,0.904185,0,1,0.0215375,1,0,1,2,1.75578,1.20968,0,0.344544,0.487027,3.7308e-15,0,0,0,0,0,0,0,0,0,0,0,0,0.855775,1.20968,0,0,0,0,0,0,0,0,0,0,0,0,2,0.855775,1.20968,0,1,2,0,0,0,0,0,1.2686,-0.2353,3.3483,0,0,0,0,0,0,0,-0,0,1.48246,0,0,0,0,0,0,0,0,0,0,0,0,0,0,0,0,0,0,0,0,0,0,0,0,0,0,0,0
24.65,-0.00475856,-0.00329067,-0.00247286,0,0,0,2.98506,1.98973,-2.38741,0.00319176,0.00219936,0.0123464,-0.00075512,-0.00200857,-0.00320915,3,2,3.92699,0,0,0,0,0,0,0,0,0,0,0,2,3,2,3.92699,0,0,0,0,0,0,0,0,0,0,1.5708,1.5708,0,1.5708,1.5708,0,0.00775293,0.00886336,-0.0717152,0.00863536,0.0104209,-0.0370373,1.73732,1.18847,0.878834,-9.50945e-05,-9.63136e-05,0.000102986,2.12749e-05,-0.00102993,-0.00220394,1.75578,1.20968,0,0,0,0,0,0.90518,0,1,0.0130214,1,0,1,2,1.75578,1.20968,0,0.344544,0.487027,3.7308e-15,0,0,0,0,0,0,0,0,0,0,0,0,0.855775,1.20968,0,0,0,0,0,0,0,0,0,0,0,0,2,0.855775,1.20968,0,1,2,0,0,0,0,0,1.2686,-0.2353,3.3483,0,0,0,0,0,0,0,-0,0,1.48286,0,0,0,0,0,0,0,0,0,0,0,0,0,0,0,0,0,0,0,0,0,0,0,0,0,0,0,0
24.7,-0.00475856,-0.00329067,-0.00247286,0,0,0,2.98506,1.98973,-2.38741,0.00319176,0.00219936,0.0123464,-0.00075512,-0.00200857,-0.00320915,3,2,3.92699,0,0,0,0,0,0,0,0,0,0,0,2,3,2,3.92699,0,0,0,0,0,0,0,0,0,0,1.5708,1.5708,0,1.5708,1.5708,0,0.00775293,0.00886336,-0.0717152,0.00863525,0.010421,-0.0370373,1.73732,1.18847,0.878834,-9.50945e-05,-9.63136e-05,0.000102986,2.12749e-05,-0.00102993,-0.00220394,1.75578,1.20968,0,0,0,0,0,0.894239,0,1,0.0181265,1,0,1,2,1.75578,1.20968,0,0.344544,0.487027,3.7308e-15,0,0,0,0,0,0,0,0,0,0,0,0,0.855775,1.20968,0,0,0,0,0,0,0,0,0,0,0,0,2,0.855775,1.20968,0,1,2,0,0,0,0,0,1.2686,-0.2353,3.3483,0,0,0,0,0,0,0,-0,0,1.48286,0,0,0,0,0,0,0,0,0,0,0,0,0,0,0,0,0,0,0,0,0,0,0,0,0,0,0,0
24.75,-0.00540293,-0.00278611,-0.0023164,0,0,0,2.98539,1.98994,-2.38624,0.00334284,0.00202574,0.0117264,0.000117689,-0.00217112,-0.00564631,3,2,3.92699,0,0,0,0,0,0,0,0,0,0,0,2,3,2,3.92699,0,0,0,0,0,0,0,0,0,0,1.5708,1.5708,0,1.5708,1.5708,0,0.00548231,0.0108115,-0.0704763,0.00863525,0.010421,-0.0370373,1.73738,1.18841,0.878546,0.000566913,-0.000662212,-0.00288386,0.00266329,-0.00321614,-0.0137519,1.75578,1.20968,0,0,0,0,0,0.894239,0,1,0.0181265,1,0,1,2,1.75578,1.20968,0,0.344544,0.487027,3.7308e-15,0,0,0,0,0,0,0,0,0,0,0,0,0.855775,1.20968,0,0,0,0,0,0,0,0,0,0,0,0,2,0.855775,1.20968,0,1,2,0,0,0,0,0,1.1486,-0.3588,3.2254,0,0,0,0,0,0,0,-0,0,1.48324,0,0,0,0,0,0,0,0,0,0,0,0,0,0,0,0,0,0,0,0,0,0,0,0,0,0,0,0
24.8,-0.00540293,-0.00278611,-0.0023164,0,0,0,2.98539,1.98994,-2.38624,0.00334284,0.00202574,0.0117264,0.000117689,-0.00217112,-0.00564631,3,2,3.92699,0,0,0,0,0,0,0,0,0,0,0,2,3,2,3.92699,0,0,0,0,0,0,0,0,0,0,1.5708,1.5708,0,1.5708,1.5708,0,0.00548231,0.0108115,-0.0704763,0.00757202,0.0149641,-0.0366699,1.73738,1.18841,0.878546,0.000566913,-0.000662212,-0.00288386,0.00266329,-0.00321614,-0.0137519,1.75578,1.20968,0,0,0,0,0,0.88423,0,1,0.0106295,1,0,0.973649,2,1.75578,1.20968,0,0.344544,0.487027,3.7308e-15,0,0,0,0,0,0,0,0,0,0,0,0,0.855775,1.20968,0,0,0,0,0,0,0,0,0,0,0,0,2,0.855775,1.20968,0,1,2,0,0,0,0,0,1.1486,-0.3588,3.2254,0,0,0,0,0,0,0,-0,0,1.48324,0,0,0,0,0,0,0,0,0,0,0,0,0,0,0,0,0,0,0,0,0,0,0,0,0,0,0,0
24.85,-0.00479568,-0.00277949,-0.00265177,0,0,0,2.98571,1.99014,-2.38501,0.00312565,0.00199993,0.012305,-0.000666294,-0.00142085,-0.00136241,3,2,3.92699,0,0,0,0,0,0,0,0,0,0,0,2,3,2,3.92699,0,0,0,0,0,0,0,0,0,0,1.5708,1.5708,0,1.5708,1.5708,0,0.00720169,0.00987176,-0.0712316,0.00757202,0.0149641,-0.0366699,1.73738,1.18837,0.878446,5.9827e-05,-0.000380939,-0.00100753,-6.78708e-05,-0.00110511,-0.00233118,1.75578,1.20968,0,0,0,0,0,0.88423,0,1,0.0106295,1,0,0.973649,2,1.75578,1.20968,0,0.344544,0.487027,3.7308e-15,0,0,0,0,0,0,0,0,0,0,0,0,0.855775,1.20968,0,0,0,0,0,0,0,0,0,0,0,0,2,0.855775,1.20968,0,1,2,0,0,0,0,0,1.1486,-0.3588,3.2254,0,0,0,0,0,0,0,-0,0,1.48362,0,0,0,0,0,0,0,0,0,0,0,0,0,0,0,0,0,0,0,0,0,0,0,0,0,0,0,0
24.9,-0.00479568,-0.00277949,-0.00265177,0,0,0,2.98571,1.99014,-2.38501,0.00312565,0.00199993,0.012305,-0.000666294,-0.00142085,-0.00136241,3,2,3.92699,0,0,0,0,0,0,0,0,0,0,0,2,3,2,3.92699,0,0,0,0,0,0,0,0,0,0,1.5708,1.5708,0,1.5708,1.5708,0,0.00720169,0.00987176,-0.0712316,0.00757353,0.0149633,-0.0366699,1.73738,1.18837,0.878446,5.9827e-05,-0.000380939,-0.00100753,-6.78708e-05,-0.00110511,-0.00233118,1.75578,1.20968,0,0,0,0,0,0.887734,0,1,0.0166267,1,0,0.998725,2,1.75578,1.20968,0,0.344544,0.487027,3.7308e-15,0,0,0,0,0,0,0,0,0,0,0,0,0.855775,1.20968,0,0,0,0,0,0,0,0,0,0,0,0,2,0.855775,1.20968,0,1,2,0,0,0,0,0,1.1486,-0.3588,3.2254,0,0,0,0,0,0,0,-0,0,1.48362,0,0,0,0,0,0,0,0,0,0,0,0,0,0,0,0,0,0,0,0,0,0,0,0,0,0,0,0
24.95,-0.00415649,-0.00362909,-0.00188415,0,0,0,2.986,1.99036,-2.38399,0.00290168,0.00222511,0.0102113,-0.00140522,0.000145478,-0.0086184,3,2,3.92699,0,0,0,0,0,0,0,0,0,0,0,2,3,2,3.92699,0,0,0,0,0,0,0,0,0,0,1.5708,1.5708,0,1.5708,1.5708,0,0.00656986,0.00885523,-0.0712914,0.00757353,0.0149633,-0.0366699,1.73741,1.18836,0.878361,0.000243029,-8.06025e-05,-0.000843784,0.000320962,0.000822792,0.000803183,1.75578,1.20968,0,0,0,0,0,0.887734,0,1,0.0166267,1,0,0.998725,2,1.75578,1.20968,0,0.344544,0.487027,3.7308e-15,0,0,0,0,0,0,0,0,0,0,0,0,0.855775,1.20968,0,0,0,0,0,0,0,0,0,0,0,0,2,0.855775,1.20968,0,1,2,0,0,0,0,0,1.1892,-0.3214,3.2634,0,0,0,0,0,0,0,-0,0,1.48397,0,0,0,0,0,0,0,0,0,0,0,0,0,0,0,0,0,0,0,0,0,0,0,0,0,0,0,0
25,-0.00415649,-0.00362909,-0.00188415,0,0,0,2.986,1.99036,-2.38399,0.00290168,0.00222511,0.0102113,-0.00140522,0.000145478,-0.0086184,3,2,3.92699,0,0,0,0,0,0,0,0,0,0,0,2,3,2,3.92699,0,0,0,0,0,0,0,0,0,0,1.5708,1.5708,0,1.5708,1.5708,0,0.00656986,0.00885523,-0.0712914,0.00757479,0.0149627,-0.0366699,1.73741,1.18836,0.878361,0.000243029,-8.06025e-05,-0.000843784,0.000320962,0.000822792,0.000803183,1.75578,1.20968,0,0,0,0,0,0.897081,0,1,0.0102342,1,0,1,2,1.75578,1.20968,0,0.344544,0.487027,3.7308e-15,0,0,0,0,0,0,0,0,0,0,0,0,0.855775,1.20968,0,0,0,0,0,0,0,0,0,0,0,0,2,0.855775,1.20968,0,1,2,0,0,0,0,0,1.1892,-0.3214,3.2634,0,0,0,0,0,0,0,-0,0,1.48397,0,0,0,0,0,0,0,0,0,0,0,0,0,0,0,0,0,0,0,0,0,0,0,0,0,0,0,0
25.05,-0.00520216,-0.00105493,-0.000908823,0,0,0,2.98631,1.9905,-2.38323,0.00317363,0.00144522,0.00765754,0.000145683,-0.00281462,-0.0163517,3,2,3.92699,0,0,0,0,0,0,0,0,0,0,0,2,3,2,3.92699,0,0,0,0,0,0,0,0,0,0,1.5708,1.5708,0,1.5708,1.5708,0,0.00839316,0.00758762,-0.0721406,0.0092808,0.0111893,-0.0369767,1.73738,1.18839,0.878483,-0.000290509,0.000289289,0.00121884,-0.00188628,0.00223305,0.00914767,1.75578,1.20968,0,0,0,0,0,0.897081,0,1,0.0102342,1,0,1,2,1.75578,1.20968,0,0.344544,0.487027,3.7308e-15,0,0,0,0,0,0,0,0,0,0,0,0,0.855775,1.20968,0,0,0,0,0,0,0,0,0,0,0,0,2,0.855775,1.20968,0,1,2,0,0,0,0,0,1.1892,-0.3214,3.2634,0,0,0,0,0,0,0,-0,0,1.48433,0,0,0,0,0,0,0,0,0,0,0,0,0,0,0,0,0,0,0,0,0,0,0,0,0,0,0,0
25.1,-0.00520216,-0.00105493,-0.000908823,0,0,0,2.98631,1.9905,-2.38323,0.00317363,0.00144522,0.00765754,0.000145683,-0.00281462,-0.0163517,3,2,3.92699,0,0,0,0,0,0,0,0,0,0,0,2,3,2,3.92699,0,0,0,0,0,0,0,0,0,0,1.5708,1.5708,0,1.5708,1.5708,0,0.00839316,0.00758762,-0.0721406,0.00927943,0.0111904,-0.0369767,1.73738,1.18839,0.878483,-0.000290509,0.000289289,0.00121884,-0.00188628,0.00223305,0.00914767,1.75578,1.20968,0,0,0,0,0,0.901298,0,1,0.0184464,1,0,1,2,1.75578,1.20968,0,0.344544,0.487027,3.7308e-15,0,0,0,0,0,0,0,0,0,0,0,0,0.855775,1.20968,0,0,0,0,0,0,0,0,0,0,0,0,2,0.855775,1.20968,0,1,2,0,0,0,0,0,1.1892,-0.3214,3.2634,0,0,0,0,0,0,0,-0,0,1.48433,0,0,0,0,0,0,0,0,0,0,0,0,0,0,0,0,0,0,0,0,0,0,0,0,0,0,0,0
25.15,-0.00454684,-0.00147203,-0.000116589,0,0,0,2.98661,1.99066,-2.38267,0.00294437,0.00155031,0.00559574,-0.000621068,-0.00167222,-0.0191105,3,2,3.92699,0,0,0,0,0,0,0,0,0,0,0,2,3,2,3.92699,0,0,0,0,0,0,0,0,0,0,1.5708,1.5708,0,1.5708,1.5708,0,0.00770872,0.00859086,-0.071899,0.00927943,0.0111904,-0.0369767,1.73737,1.18839,0.878544,-8.78917e-05,-6.10359e-06,0.000612743,-0.000621746,0.000351335,0.00420025,1.75578,1.20968,0,0,0,0,0,0.901298,0,1,0.0184464,1,0,1,2,1.75578,1.20968,0,0.344544,0.487027,3.7308e-15,0,0,0,0,0,0,0,0,0,0,0,0,0.855775,1.20968,0,0,0,0,0,0,0,0,0,0,0,0,2,0.855775,1.20968,0,1,2,0,0,0,0,0,1.1894,-0.324,3.2618,0,0,0,0,0,0,0,-0,0,1.48467,0,0,0,0,0,0,0,0,0,0,0,0,0,0,0,0,0,0,0,0,0,0,0,0,0,0,0,0
25.2,-0.00454684,-0.00147203,-0.000116589,0,0,0,2.98661,1.99066,-2.38267,0.00294437,0.00155031,0.00559574,-0.000621068,-0.00167222,-0.0191105,3,2,3.92699,0,0,0,0,0,0,0,0,0,0,0,2,3,2,3.92699,0,0,0,0,0,0,0,0,0,0,1.5708,1.5708,0,1.5708,1.5708,0,0.00770872,0.00859086,-0.071899,0.00927875,0.011191,-0.0369767,1.73737,1.18839,0.878544,-8.78917e-05,-6.10359e-06,0.000612743,-0.000621746,0.000351335,0.00420025,1.75578,1.20968,0,0,0,0,0,0.897288,0,1,0.0181116,1,0,1,2,1.75578,1.20968,0,0.344544,0.487027,3.7308e-15,0,0,0,0,0,0,0,0,0,0,0,0,0.855775,1.20968,0,0,0,0,0,0,0,0,0,0,0,0,2,0.855775,1.20968,0,1,2,0,0,0,0,0,1.1894,-0.324,3.2618,0,0,0,0,0,0,0,-0,0,1.48467,0,0,0,0,0,0,0,0,0,0,0,0,0,0,0,0,0,0,0,0,0,0,0,0,0,0,0,0
25.25,-0.00404548,-0.00212473,-0.000825431,0,0,0,2.98688,1.99083,-2.38195,0.00276286,0.00172313,0.00719575,-0.00120042,-0.000157991,-0.00545014,3,2,3.92699,0,0,0,0,0,0,0,0,0,0,0,2,3,2,3.92699,0,0,0,0,0,0,0,0,0,0,1.5708,1.5708,0,1.5708,1.5708,0,0.00743544,0.00812571,-0.0716108,0.00927875,0.011191,-0.0369767,1.73737,1.1884,0.878535,-7.32207e-06,0.000129357,-9.35518e-05,0.000119749,0.00049759,-0.000969817,1.75578,1.20968,0,0,0,0,0,0.897288,0,1,0.0181116,1,0,1,2,1.75578,1.20968,0,0.344544,0.487027,3.7308e-15,0,0,0,0,0,0,0,0,0,0,0,0,0.855775,1.20968,0,0,0,0,0,0,0,0,0,0,0,0,2,0.855775,1.20968,0,1,2,0,0,0,0,0,1.1894,-0.324,3.2618,0,0,0,0,0,0,0,-0,0,1.48499,0,0,0,0,0,0,0,0,0,0,0,0,0,0,0,0,0,0,0,0,0,0,0,0,0,0,0,0
25.3,-0.00404548,-0.00212473,-0.000825431,0,0,0,2.98688,1.99083,-2.38195,0.00276286,0.00172313,0.00719575,-0.00120042,-0.000157991,-0.00545014,3,2,3.92699,0,0,0,0,0,0,0,0,0,0,0,2,3,2,3.92699,0,0,0,0,0,0,0,0,0,0,1.5708,1.5708,0,1.5708,1.5708,0,0.00743544,0.00812571,-0.0716108,0.00912243,0.0110022,-0.0369915,1.73737,1.1884,0.878535,-7.32207e-06,0.000129357,-9.35518e-05,0.000119749,0.00049759,-0.000969817,1.75578,1.20968,0,0,0,0,0,0.898816,0,1,0.0136254,1,0,1,2,1.75578,1.20968,0,0.344544,0.487027,3.7308e-15,0,0,0,0,0,0,0,0,0,0,0,0,0.855775,1.20968,0,0,0,0,0,0,0,0,0,0,0,0,2,0.855775,1.20968,0,1,2,0,0,0,0,0,1.1894,-0.324,3.2618,0,0,0,0,0,0,0,-0,0,1.48499,0,0,0,0,0,0,0,0,0,0,0,0,0,0,0,0,0,0,0,0,0,0,0,0,0,0,0,0
25.35,-0.00428216,-0.00134007,3.08929e-05,0,0,0,2.98716,1.99098,-2.38145,0.00279962,0.0014731,0.00498848,-0.000657018,-0.000891767,-0.0102548,3,2,3.92699,0,0,0,0,0,0,0,0,0,0,0,2,3,2,3.92699,0,0,0,0,0,0,0,0,0,0,1.5708,1.5708,0,1.5708,1.5708,0,0.00832125,0.00722621,-0.0723807,0.00912243,0.0110022,-0.0369915,1.73734,1.18844,0.878711,-0.00026506,0.00038965,0.00176302,-0.000857476,0.00135835,0.00613573,1.75578,1.20968,0,0,0,0,0,0.898816,0,1,0.0136254,1,0,1,2,1.75578,1.20968,0,0.344544,0.487027,3.7308e-15,0,0,0,0,0,0,0,0,0,0,0,0,0.855775,1.20968,0,0,0,0,0,0,0,0,0,0,0,0,2,0.855775,1.20968,0,1,2,0,0,0,0,0,1.0993,-0.4162,3.1704,0,0,0,0,0,0,0,-0,0,1.4853,0,0,0,0,0,0,0,0,0,0,0,0,0,0,0,0,0,0,0,0,0,0,0,0,0,0,0,0
25.4,-0.00428216,-0.00134007,3.08929e-05,0,0,0,2.98716,1.99098,-2.38145,0.00279962,0.0014731,0.00498848,-0.000657018,-0.000891767,-0.0102548,3,2,3.92699,0,0,0,0,0,0,0,0,0,0,0,2,3,2,3.92699,0,0,0,0,0,0,0,0,0,0,1.5708,1.5708,0,1.5708,1.5708,0,0.00832125,0.00722621,-0.0723807,0.00912049,0.0110038,-0.0369915,1.73734,1.18844,0.878711,-0.00026506,0.00038965,0.00176302,-0.000857476,0.00135835,0.00613573,1.75578,1.20968,0,0,0,0,0,0.905374,0,1,0.0183064,1,0,1,2,1.75578,1.20968,0,0.344544,0.487027,3.7308e-15,0,0,0,0,0,0,0,0,0,0,0,0,0.855775,1.20968,0,0,0,0,0,0,0,0,0,0,0,0,2,0.855775,1.20968,0,1,2,0,0,0,0,0,1.0993,-0.4162,3.1704,0,0,0,0,0,0,0,-0,0,1.4853,0,0,0,0,0,0,0,0,0,0,0,0,0,0,0,0,0,0,0,0,0,0,0,0,0,0,0,0
25.45,-0.00420458,-0.000837121,-0.000252365,0,0,0,2.98744,1.99111,-2.38089,0.0027439,0.00130848,0.00557374,-0.000537381,-0.00128925,-0.00445791,3,2,3.92699,0,0,0,0,0,0,0,0,0,0,0,2,3,2,3.92699,0,0,0,0,0,0,0,0,0,0,1.5708,1.5708,0,1.5708,1.5708,0,0.00575637,0.010927,-0.0704289,0.00912049,0.0110038,-0.0369915,1.73739,1.18837,0.878414,0.000484577,-0.000692079,-0.00297402,0.00234773,-0.00338944,-0.0142788,1.75578,1.20968,0,0,0,0,0,0.905374,0,1,0.0183064,1,0,1,2,1.75578,1.20968,0,0.344544,0.487027,3.7308e-15,0,0,0,0,0,0,0,0,0,0,0,0,0.855775,1.20968,0,0,0,0,0,0,0,0,0,0,0,0,2,0.855775,1.20968,0,1,2,0,0,0,0,0,1.0993,-0.4162,3.1704,0,0,0,0,0,0,0,-0,0,1.4856,0,0,0,0,0,0,0,0,0,0,0,0,0,0,0,0,0,0,0,0,0,0,0,0,0,0,0,0
25.5,-0.00420458,-0.000837121,-0.000252365,0,0,0,2.98744,1.99111,-2.38089,0.0027439,0.00130848,0.00557374,-0.000537381,-0.00128925,-0.00445791,3,2,3.92699,0,0,0,0,0,0,0,0,0,0,0,2,3,2,3.92699,0,0,0,0,0,0,0,0,0,0,1.5708,1.5708,0,1.5708,1.5708,0,0.00575637,0.010927,-0.0704289,0.00912376,0.0110011,-0.0369915,1.73739,1.18837,0.878414,0.000484577,-0.000692079,-0.00297402,0.00234773,-0.00338944,-0.0142788,1.75578,1.20968,0,0,0,0,0,0.881913,0,1,0.0118769,1,0,0.974666,2,1.75578,1.20968,0,0.344544,0.487027,3.7308e-15,0,0,0,0,0,0,0,0,0,0,0,0,0.855775,1.20968,0,0,0,0,0,0,0,0,0,0,0,0,2,0.855775,1.20968,0,1,2,0,0,0,0,0,1.0993,-0.4162,3.1704,0,0,0,0,0,0,0,-0,0,1.4856,0,0,0,0,0,0,0,0,0,0,0,0,0,0,0,0,0,0,0,0,0,0,0,0,0,0,0,0
25.55,-0.00362494,-0.00202502,-0.000709482,0,0,0,2.98769,1.99127,-2.38023,0.00254186,0.00164085,0.00656696,-0.00111735,0.00049829,0.00206954,3,2,3.92699,0,0,0,0,0,0,0,0,0,0,0,2,3,2,3.92699,0,0,0,0,0,0,0,0,0,0,1.5708,1.5708,0,1.5708,1.5708,0,0.00700325,0.00932375,-0.0712778,0.00789346,0.0151233,-0.0366577,1.7374,1.18835,0.878327,0.000115982,-0.000217314,-0.000870344,0.000370654,-0.000780705,-0.00293083,1.75578,1.20968,0,0,0,0,0,0.881913,0,1,0.0118769,1,0,0.974666,2,1.75578,1.20968,0,0.344544,0.487027,3.7308e-15,0,0,0,0,0,0,0,0,0,0,0,0,0.855775,1.20968,0,0,0,0,0,0,0,0,0,0,0,0,2,0.855775,1.20968,0,1,2,0,0,0,0,0,1.1899,-0.3274,3.2592,0,0,0,0,0,0,0,-0,0,1.4859,0,0,0,0,0,0,0,0,0,0,0,0,0,0,0,0,0,0,0,0,0,0,0,0,0,0,0,0
25.6,-0.00362494,-0.00202502,-0.000709482,0,0,0,2.98769,1.99127,-2.38023,0.00254186,0.00164085,0.00656696,-0.00111735,0.00049829,0.00206954,3,2,3.92699,0,0,0,0,0,0,0,0,0,0,0,2,3,2,3.92699,0,0,0,0,0,0,0,0,0,0,1.5708,1.5708,0,1.5708,1.5708,0,0.00700325,0.00932375,-0.0712778,0.00789478,0.0151226,-0.0366577,1.7374,1.18835,0.878327,0.000115982,-0.000217314,-0.000870344,0.000370654,-0.000780705,-0.00293083,1.75578,1.20968,0,0,0,0,0,0.892223,0,1,0.0137673,1,0,1,2,1.75578,1.20968,0,0.344544,0.487027,3.7308e-15,0,0,0,0,0,0,0,0,0,0,0,0,0.855775,1.20968,0,0,0,0,0,0,0,0,0,0,0,0,2,0.855775,1.20968,0,1,2,0,0,0,0,0,1.1899,-0.3274,3.2592,0,0,0,0,0,0,0,-0,0,1.4859,0,0,0,0,0,0,0,0,0,0,0,0,0,0,0,0,0,0,0,0,0,0,0,0,0,0,0,0
25.65,-0.00418489,-0.00122318,-0.000583802,0,0,0,2.98796,1.99141,-2.37962,0.00267584,0.00138675,0.00613465,-0.000212789,-0.000473458,0.000401691,3,2,3.92699,0,0,0,0,0,0,0,0,0,0,0,2,3,2,3.92699,0,0,0,0,0,0,0,0,0,0,1.5708,1.5708,0,1.5708,1.5708,0,0.00749353,0.00857328,-0.0715344,0.00789478,0.0151226,-0.0366577,1.7374,1.18835,0.878303,-2.80769e-05,3.66221e-06,-0.000234849,-0.000620566,0.000767132,0.00231478,1.75578,1.20968,0,0,0,0,0,0.892223,0,1,0.0137673,1,0,1,2,1.75578,1.20968,0,0.344544,0.487027,3.7308e-15,0,0,0,0,0,0,0,0,0,0,0,0,0.855775,1.20968,0,0,0,0,0,0,0,0,0,0,0,0,2,0.855775,1.20968,0,1,2,0,0,0,0,0,1.1899,-0.3274,3.2592,0,0,0,0,0,0,0,-0,0,1.48621,0,0,0,0,0,0,0,0,0,0,0,0,0,0,0,0,0,0,0,0,0,0,0,0,0,0,0,0
25.7,-0.00418489,-0.00122318,-0.000583802,0,0,0,2.98796,1.99141,-2.37962,0.00267584,0.00138675,0.00613465,-0.000212789,-0.000473458,0.000401691,3,2,3.92699,0,0,0,0,0,0,0,0,0,0,0,2,3,2,3.92699,0,0,0,0,0,0,0,0,0,0,1.5708,1.5708,0,1.5708,1.5708,0,0.00749353,0.00857328,-0.0715344,0.00789513,0.0151224,-0.0366577,1.7374,1.18835,0.878303,-2.80769e-05,3.66221e-06,-0.000234849,-0.000620566,0.000767132,0.00231478,1.75578,1.20968,0,0,0,0,0,0.895731,0,1,0.0147935,1,0,1,2,1.75578,1.20968,0,0.344544,0.487027,3.7308e-15,0,0,0,0,0,0,0,0,0,0,0,0,0.855775,1.20968,0,0,0,0,0,0,0,0,0,0,0,0,2,0.855775,1.20968,0,1,2,0,0,0,0,0,1.1899,-0.3274,3.2592,0,0,0,0,0,0,0,-0,0,1.48621,0,0,0,0,0,0,0,0,0,0,0,0,0,0,0,0,0,0,0,0,0,0,0,0,0,0,0,0
25.75,-0.00446106,-0.00230572,-0.00122239,0,0,0,2.98823,1.99158,-2.37886,0.00272517,0.00168736,0.00755465,0.000190694,0.000784715,0.00568679,3,2,3.92699,0,0,0,0,0,0,0,0,0,0,0,2,3,2,3.92699,0,0,0,0,0,0,0,0,0,0,1.5708,1.5708,0,1.5708,1.5708,0,0.00812391,0.0071343,-0.0724426,0.00789513,0.0151224,-0.0366577,1.73738,1.18839,0.878499,-0.000211225,0.00042245,0.00195782,-0.0012386,0.0023435,0.0108613,1.75578,1.20968,0,0,0,0,0,0.895731,0,1,0.0147935,1,0,1,2,1.75578,1.20968,0,0.344544,0.487027,3.7308e-15,0,0,0,0,0,0,0,0,0,0,0,0,0.855775,1.20968,0,0,0,0,0,0,0,0,0,0,0,0,2,0.855775,1.20968,0,1,2,0,0,0,0,0,1.1901,-0.3293,3.2581,0,0,0,0,0,0,0,-0,0,1.48652,0,0,0,0,0,0,0,0,0,0,0,0,0,0,0,0,0,0,0,0,0,0,0,0,0,0,0,0
25.8,-0.00446106,-0.00230572,-0.00122239,0,0,0,2.98823,1.99158,-2.37886,0.00272517,0.00168736,0.00755465,0.000190694,0.000784715,0.00568679,3,2,3.92699,0,0,0,0,0,0,0,0,0,0,0,2,3,2,3.92699,0,0,0,0,0,0,0,0,0,0,1.5708,1.5708,0,1.5708,1.5708,0,0.00812391,0.0071343,-0.0724426,0.00836327,0.0100859,-0.0370634,1.73738,1.18839,0.878499,-0.000211225,0.00042245,0.00195782,-0.0012386,0.0023435,0.0108613,1.75578,1.20968,0,0,0,0,0,0.907241,0,1,0.0175847,1,0,1,2,1.75578,1.20968,0,0.344544,0.487027,3.7308e-15,0,0,0,0,0,0,0,0,0,0,0,0,0.855775,1.20968,0,0,0,0,0,0,0,0,0,0,0,0,2,0.855775,1.20968,0,1,2,0,0,0,0,0,1.1901,-0.3293,3.2581,0,0,0,0,0,0,0,-0,0,1.48652,0,0,0,0,0,0,0,0,0,0,0,0,0,0,0,0,0,0,0,0,0,0,0,0,0,0,0,0
25.85,-0.00449365,-0.00213889,-0.00149277,0,0,0,2.9885,1.99174,-2.37806,0.00270259,0.00161862,0.0080584,8.03577e-05,0.000367738,0.00614693,3,2,3.92699,0,0,0,0,0,0,0,0,0,0,0,2,3,2,3.92699,0,0,0,0,0,0,0,0,0,0,1.5708,1.5708,0,1.5708,1.5708,0,0.00687407,0.00963397,-0.0709362,0.00836327,0.0100859,-0.0370634,1.73739,1.18836,0.878328,0.000155026,-0.000310053,-0.00171002,0.000635973,-0.00130617,-0.0069764,1.75578,1.20968,0,0,0,0,0,0.907241,0,1,0.0175847,1,0,1,2,1.75578,1.20968,0,0.344544,0.487027,3.7308e-15,0,0,0,0,0,0,0,0,0,0,0,0,0.855775,1.20968,0,0,0,0,0,0,0,0,0,0,0,0,2,0.855775,1.20968,0,1,2,0,0,0,0,0,1.1901,-0.3293,3.2581,0,0,0,0,0,0,0,-0,0,1.48684,0,0,0,0,0,0,0,0,0,0,0,0,0,0,0,0,0,0,0,0,0,0,0,0,0,0,0,0
25.9,-0.00449365,-0.00213889,-0.00149277,0,0,0,2.9885,1.99174,-2.37806,0.00270259,0.00161862,0.0080584,8.03577e-05,0.000367738,0.00614693,3,2,3.92699,0,0,0,0,0,0,0,0,0,0,0,2,3,2,3.92699,0,0,0,0,0,0,0,0,0,0,1.5708,1.5708,0,1.5708,1.5708,0,0.00687407,0.00963397,-0.0709362,0.00836499,0.0100844,-0.0370634,1.73739,1.18836,0.878328,0.000155026,-0.000310053,-0.00171002,0.000635973,-0.00130617,-0.0069764,1.75578,1.20968,0,0,0,0,0,0.888299,0,1,0.012912,1,0,0.995397,2,1.75578,1.20968,0,0.344544,0.487027,3.7308e-15,0,0,0,0,0,0,0,0,0,0,0,0,0.855775,1.20968,0,0,0,0,0,0,0,0,0,0,0,0,2,0.855775,1.20968,0,1,2,0,0,0,0,0,1.1901,-0.3293,3.2581,0,0,0,0,0,0,0,-0,0,1.48684,0,0,0,0,0,0,0,0,0,0,0,0,0,0,0,0,0,0,0,0,0,0,0,0,0,0,0,0
25.95,-0.00464524,-0.00146248,-0.00166756,0,0,0,2.98877,1.99188,-2.37723,0.00271512,0.00140151,0.00832166,8.21511e-05,-0.000703897,0.00480152,3,2,3.92699,0,0,0,0,0,0,0,0,0,0,0,2,3,2,3.92699,0,0,0,0,0,0,0,0,0,0,1.5708,1.5708,0,1.5708,1.5708,0,0.0089482,0.00672306,-0.0728597,0.00836499,0.0100844,-0.0370634,1.73735,1.18842,0.878624,-0.000450486,0.000540828,0.00295789,-0.00178386,0.0021216,0.0120484,1.75578,1.20968,0,0,0,0,0,0.888299,0,1,0.012912,1,0,0.995397,2,1.75578,1.20968,0,0.344544,0.487027,3.7308e-15,0,0,0,0,0,0,0,0,0,0,0,0,0.855775,1.20968,0,0,0,0,0,0,0,0,0,0,0,0,2,0.855775,1.20968,0,1,2,0,0,0,0,0,1.1903,-0.3315,3.2567,0,0,0,0,0,0,0,-0,0,1.48715,0,0,0,0,0,0,0,0,0,0,0,0,0,0,0,0,0,0,0,0,0,0,0,0,0,0,0,0
26,-0.00464524,-0.00146248,-0.00166756,0,0,0,2.98877,1.99188,-2.37723,0.00271512,0.00140151,0.00832166,8.21511e-05,-0.000703897,0.00480152,3,2,3.92699,0,0,0,0,0,0,0,0,0,0,0,2,3,2,3.92699,0,0,0,0,0,0,0,0,0,0,1.5708,1.5708,0,1.5708,1.5708,0,0.0089482,0.00672306,-0.0728597,0.00836201,0.0100869,-0.0370634,1.73735,1.18842,0.878624,-0.000450486,0.000540828,0.00295789,-0.00178386,0.0021216,0.0120484,1.75578,1.20968,0,0,0,0,0,0.910012,0,1,0.0200382,1,0,1,2,1.75578,1.20968,0,0.344544,0.487027,3.7308e-15,0,0,0,0,0,0,0,0,0,0,0,0,0.855775,1.20968,0,0,0,0,0,0,0,0,0,0,0,0,2,0.855775,1.20968,0,1,2,0,0,0,0,0,1.1903,-0.3315,3.2567,0,0,0,0,0,0,0,-0,0,1.48715,0,0,0,0,0,0,0,0,0,0,0,0,0,0,0,0,0,0,0,0,0,0,0,0,0,0,0,0
26.05,-0.00546494,-0.00156982,-0.00156909,0,0,0,2.98907,1.99202,-2.37643,0.00292309,0.00141641,0.00792039,0.000883599,-0.000506526,0.00110594,3,2,3.92699,0,0,0,0,0,0,0,0,0,0,0,2,3,2,3.92699,0,0,0,0,0,0,0,0,0,0,1.5708,1.5708,0,1.5708,1.5708,0,0.00684435,0.00859296,-0.071332,0.00811222,0.0097856,-0.037087,1.73737,1.18841,0.878546,0.000167138,-9.7599e-06,-0.000780958,0.00106928,-0.000462138,-0.00513034,1.75578,1.20968,0,0,0,0,0,0.910012,0,1,0.0200382,1,0,1,2,1.75578,1.20968,0,0.344544,0.487027,3.7308e-15,0,0,0,0,0,0,0,0,0,0,0,0,0.855775,1.20968,0,0,0,0,0,0,0,0,0,0,0,0,2,0.855775,1.20968,0,1,2,0,0,0,0,0,1.1903,-0.3315,3.2567,0,0,0,0,0,0,0,-0,0,1.48746,0,0,0,0,0,0,0,0,0,0,0,0,0,0,0,0,0,0,0,0,0,0,0,0,0,0,0,0
26.1,-0.00546494,-0.00156982,-0.00156909,0,0,0,2.98907,1.99202,-2.37643,0.00292309,0.00141641,0.00792039,0.000883599,-0.000506526,0.00110594,3,2,3.92699,0,0,0,0,0,0,0,0,0,0,0,2,3,2,3.92699,0,0,0,0,0,0,0,0,0,0,1.5708,1.5708,0,1.5708,1.5708,0,0.00684435,0.00859296,-0.071332,0.00811298,0.00978497,-0.037087,1.73737,1.18841,0.878546,0.000167138,-9.7599e-06,-0.000780958,0.00106928,-0.000462138,-0.00513034,1.75578,1.20968,0,0,0,0,0,0.89742,0,1,0.010728,1,0,1,2,1.75578,1.20968,0,0.344544,0.487027,3.7308e-15,0,0,0,0,0,0,0,0,0,0,0,0,0.855775,1.20968,0,0,0,0,0,0,0,0,0,0,0,0,2,0.855775,1.20968,0,1,2,0,0,0,0,0,1.1903,-0.3315,3.2567,0,0,0,0,0,0,0,-0,0,1.48746,0,0,0,0,0,0,0,0,0,0,0,0,0,0,0,0,0,0,0,0,0,0,0,0,0,0,0,0
26.15,-0.00532755,-0.00158673,-0.00153074,0,0,0,2.98935,1.99216,-2.37567,0.00284843,0.00140467,0.00767227,0.000333288,-0.000327946,-0.000847709,3,2,3.92699,0,0,0,0,0,0,0,0,0,0,0,2,3,2,3.92699,0,0,0,0,0,0,0,0,0,0,1.5708,1.5708,0,1.5708,1.5708,0,0.00641728,0.0100916,-0.0709467,0.00811298,0.00978497,-0.037087,1.73739,1.18837,0.878376,0.000289485,-0.000445831,-0.00169382,0.00151663,-0.00236944,-0.00905091,1.75578,1.20968,0,0,0,0,0,0.89742,0,1,0.010728,1,0,1,2,1.75578,1.20968,0,0.344544,0.487027,3.7308e-15,0,0,0,0,0,0,0,0,0,0,0,0,0.855775,1.20968,0,0,0,0,0,0,0,0,0,0,0,0,2,0.855775,1.20968,0,1,2,0,0,0,0,0,1.1904,-0.3337,3.2548,0,0,0,0,0,0,0,-0,0,1.48778,0,0,0,0,0,0,0,0,0,0,0,0,0,0,0,0,0,0,0,0,0,0,0,0,0,0,0,0
26.2,-0.00532755,-0.00158673,-0.00153074,0,0,0,2.98935,1.99216,-2.37567,0.00284843,0.00140467,0.00767227,0.000333288,-0.000327946,-0.000847709,3,2,3.92699,0,0,0,0,0,0,0,0,0,0,0,2,3,2,3.92699,0,0,0,0,0,0,0,0,0,0,1.5708,1.5708,0,1.5708,1.5708,0,0.00641728,0.0100916,-0.0709467,0.00811464,0.00978359,-0.037087,1.73739,1.18837,0.878376,0.000289485,-0.000445831,-0.00169382,0.00151663,-0.00236944,-0.00905091,1.75578,1.20968,0,0,0,0,0,0.887868,0,1,0.0132503,1,0,0.98908,2,1.75578,1.20968,0,0.344544,0.487027,3.7308e-15,0,0,0,0,0,0,0,0,0,0,0,0,0.855775,1.20968,0,0,0,0,0,0,0,0,0,0,0,0,2,0.855775,1.20968,0,1,2,0,0,0,0,0,1.1904,-0.3337,3.2548,0,0,0,0,0,0,0,-0,0,1.48778,0,0,0,0,0,0,0,0,0,0,0,0,0,0,0,0,0,0,0,0,0,0,0,0,0,0,0,0
26.25,-0.00532755,-0.00158673,-0.00153074,0,0,0,2.98935,1.99216,-2.37567,0.00284843,0.00140467,0.00767227,0.000333288,-0.000327946,-0.000847709,3,2,3.92699,0,0,0,0,0,0,0,0,0,0,0,2,3,2,3.92699,0,0,0,0,0,0,0,0,0,0,1.5708,1.5708,0,1.5708,1.5708,0,0.00641728,0.0100916,-0.0709467,0.00811464,0.00978359,-0.037087,1.73739,1.18837,0.878376,0.000289485,-0.000445831,-0.00169382,0.00151663,-0.00236944,-0.00905091,1.75578,1.20968,0,0,0,0,0,0.887868,0,1,0.0132503,1,0,0.98908,2,1.75578,1.20968,0,0.344544,0.487027,3.7308e-15,0,0,0,0,0,0,0,0,0,0,0,0,0.855775,1.20968,0,0,0,0,0,0,0,0,0,0,0,0,2,0.855775,1.20968,0,1,2,0,0,0,0,0,1.1904,-0.3337,3.2548,0,0,0,0,0,0,0,-0,0,1.48778,0,0,0,0,0,0,0,0,0,0,0,0,0,0,0,0,0,0,0,0,0,0,0,0,0,0,0,0
26.3,-0.00591328,-0.00132422,-0.00207817,0,0,0,2.98965,1.9923,-2.37478,0.00298636,0.00131126,0.0088421,0.000683141,-0.000542875,0.00391808,3,2,3.92699,0,0,0,0,0,0,0,0,0,0,0,2,3,2,3.92699,0,0,0,0,0,0,0,0,0,0,1.5708,1.5708,0,1.5708,1.5708,0,0.00754703,0.00899304,-0.0715328,0.00892418,0.0131758,-0.0368163,1.73739,1.18836,0.878352,-4.2732e-05,-0.000120871,-0.000248595,-0.000355599,-0.000383276,-0.000194142,1.75578,1.20968,0,0,0,0,0,0.887868,0,1,0.0132503,1,0,0.98908,2,1.75578,1.20968,0,0.344544,0.487027,3.7308e-15,0,0,0,0,0,0,0,0,0,0,0,0,0.855775,1.20968,0,0,0,0,0,0,0,0,0,0,0,0,2,0.855775,1.20968,0,1,2,0,0,0,0,0,1.1904,-0.3337,3.2548,0,0,0,0,0,0,0,-0,0,1.48811,0,0,0,0,0,0,0,0,0,0,0,0,0,0,0,0,0,0,0,0,0,0,0,0,0,0,0,0
26.35,-0.00569542,-0.00138331,-0.00145302,0,0,0,2.98994,1.99243,-2.37407,0.00288736,0.0013131,0.00716006,6.2082e-05,-0.000347716,-0.00372286,3,2,3.92699,0,0,0,0,0,0,0,0,0,0,0,2,3,2,3.92699,0,0,0,0,0,0,0,0,0,0,1.5708,1.5708,0,1.5708,1.5708,0,0.00668915,0.00901868,-0.0714286,0.00892451,0.0131755,-0.0368163,1.73741,1.18834,0.878302,0.000207461,-0.000126917,-0.000494578,0.000532613,1.47367e-05,0.00010023,1.75578,1.20968,0,0,0,0,0,0.893116,0,1,0.0166989,1,0,1,2,1.75578,1.20968,0,0.344544,0.487027,3.7308e-15,0,0,0,0,0,0,0,0,0,0,0,0,0.855775,1.20968,0,0,0,0,0,0,0,0,0,0,0,0,2,0.855775,1.20968,0,1,2,0,0,0,0,0,1.1905,-0.336,3.2531,0,0,0,0,0,0,0,-0,0,1.48841,0,0,0,0,0,0,0,0,0,0,0,0,0,0,0,0,0,0,0,0,0,0,0,0,0,0,0,0
26.4,-0.00569542,-0.00138331,-0.00145302,0,0,0,2.98994,1.99243,-2.37407,0.00288736,0.0013131,0.00716006,6.2082e-05,-0.000347716,-0.00372286,3,2,3.92699,0,0,0,0,0,0,0,0,0,0,0,2,3,2,3.92699,0,0,0,0,0,0,0,0,0,0,1.5708,1.5708,0,1.5708,1.5708,0,0.00668915,0.00901868,-0.0714286,0.00892516,0.0131751,-0.0368163,1.73741,1.18834,0.878302,0.000207461,-0.000126917,-0.000494578,0.000532613,1.47367e-05,0.00010023,1.75578,1.20968,0,0,0,0,0,0.89667,0,1,0.0120619,1,0,1,2,1.75578,1.20968,0,0.344544,0.487027,3.7308e-15,0,0,0,0,0,0,0,0,0,0,0,0,0.855775,1.20968,0,0,0,0,0,0,0,0,0,0,0,0,2,0.855775,1.20968,0,1,2,0,0,0,0,0,1.1905,-0.336,3.2531,0,0,0,0,0,0,0,-0,0,1.48841,0,0,0,0,0,0,0,0,0,0,0,0,0,0,0,0,0,0,0,0,0,0,0,0,0,0,0,0
26.45,-0.00536532,-0.00252633,-0.00161734,0,0,0,2.99021,1.99259,-2.37333,0.00275669,0.00163228,0.00741574,-0.000572308,0.00109144,-0.00225641,3,2,3.92699,0,0,0,0,0,0,0,0,0,0,0,2,3,2,3.92699,0,0,0,0,0,0,0,0,0,0,1.5708,1.5708,0,1.5708,1.5708,0,0.00736422,0.00882682,-0.0716079,0.00892516,0.0131751,-0.0368163,1.73741,1.18834,0.878297,8.54598e-06,-6.95887e-05,-5.30547e-05,-0.000355015,0.000291939,0.0018648,1.75578,1.20968,0,0,0,0,0,0.89667,0,1,0.0120619,1,0,1,2,1.75578,1.20968,0,0.344544,0.487027,3.7308e-15,0,0,0,0,0,0,0,0,0,0,0,0,0.855775,1.20968,0,0,0,0,0,0,0,0,0,0,0,0,2,0.855775,1.20968,0,1,2,0,0,0,0,0,1.1905,-0.336,3.2531,0,0,0,0,0,0,0,-0,0,1.48874,0,0,0,0,0,0,0,0,0,0,0,0,0,0,0,0,0,0,0,0,0,0,0,0,0,0,0,0
26.5,-0.00536532,-0.00252633,-0.00161734,0,0,0,2.99021,1.99259,-2.37333,0.00275669,0.00163228,0.00741574,-0.000572308,0.00109144,-0.00225641,3,2,3.92699,0,0,0,0,0,0,0,0,0,0,0,2,3,2,3.92699,0,0,0,0,0,0,0,0,0,0,1.5708,1.5708,0,1.5708,1.5708,0,0.00736422,0.00882682,-0.0716079,0.00892523,0.0131751,-0.0368163,1.73741,1.18834,0.878297,8.54598e-06,-6.95887e-05,-5.30547e-05,-0.000355015,0.000291939,0.0018648,1.75578,1.20968,0,0,0,0,0,0.895512,0,1,0.0157167,1,0,1,2,1.75578,1.20968,0,0.344544,0.487027,3.7308e-15,0,0,0,0,0,0,0,0,0,0,0,0,0.855775,1.20968,0,0,0,0,0,0,0,0,0,0,0,0,2,0.855775,1.20968,0,1,2,0,0,0,0,0,1.1905,-0.336,3.2531,0,0,0,0,0,0,0,-0,0,1.48874,0,0,0,0,0,0,0,0,0,0,0,0,0,0,0,0,0,0,0,0,0,0,0,0,0,0,0,0
26.55,-0.00585039,-0.00114876,-0.0013572,0,0,0,2.9905,1.99271,-2.37266,0.00286622,0.00120972,0.00664236,1.01924e-05,-0.000837296,-0.00424128,3,2,3.92699,0,0,0,0,0,0,0,0,0,0,0,2,3,2,3.92699,0,0,0,0,0,0,0,0,0,0,1.5708,1.5708,0,1.5708,1.5708,0,0.00737226,0.00872894,-0.0715263,0.00942302,0.0113592,-0.0369633,1.73741,1.18833,0.878272,6.10353e-06,-4.02833e-05,-0.000248552,-0.000342986,0.000329829,0.000577144,1.75578,1.20968,0,0,0,0,0,0.895512,0,1,0.0157167,1,0,1,2,1.75578,1.20968,0,0.344544,0.487027,3.7308e-15,0,0,0,0,0,0,0,0,0,0,0,0,0.855775,1.20968,0,0,0,0,0,0,0,0,0,0,0,0,2,0.855775,1.20968,0,1,2,0,0,0,0,0,1.1907,-0.3381,3.2516,0,0,0,0,0,0,0,-0,0,1.48904,0,0,0,0,0,0,0,0,0,0,0,0,0,0,0,0,0,0,0,0,0,0,0,0,0,0,0,0
26.6,-0.00585039,-0.00114876,-0.0013572,0,0,0,2.9905,1.99271,-2.37266,0.00286622,0.00120972,0.00664236,1.01924e-05,-0.000837296,-0.00424128,3,2,3.92699,0,0,0,0,0,0,0,0,0,0,0,2,3,2,3.92699,0,0,0,0,0,0,0,0,0,0,1.5708,1.5708,0,1.5708,1.5708,0,0.00737226,0.00872894,-0.0715263,0.0094233,0.011359,-0.0369633,1.73741,1.18833,0.878272,6.10353e-06,-4.02833e-05,-0.000248552,-0.000342986,0.000329829,0.000577144,1.75578,1.20968,0,0,0,0,0,0.895335,0,1,0.0149709,1,0,1,2,1.75578,1.20968,0,0.344544,0.487027,3.7308e-15,0,0,0,0,0,0,0,0,0,0,0,0,0.855775,1.20968,0,0,0,0,0,0,0,0,0,0,0,0,2,0.855775,1.20968,0,1,2,0,0,0,0,0,1.1907,-0.3381,3.2516,0,0,0,0,0,0,0,-0,0,1.48904,0,0,0,0,0,0,0,0,0,0,0,0,0,0,0,0,0,0,0,0,0,0,0,0,0,0,0,0
26.65,-0.00583267,-0.00244427,-0.000969652,0,0,0,2.99078,1.99287,-2.3721,0.00282725,0.00157476,0.00557681,-7.13331e-05,0.000694542,-0.00707438,3,2,3.92699,0,0,0,0,0,0,0,0,0,0,0,2,3,2,3.92699,0,0,0,0,0,0,0,0,0,0,1.5708,1.5708,0,1.5708,1.5708,0,0.00898257,0.00645314,-0.0727507,0.0094233,0.011359,-0.0369633,1.73737,1.1884,0.878542,-0.000462664,0.000622582,0.00270615,-0.00207739,0.00285182,0.0119785,1.75578,1.20968,0,0,0,0,0,0.895335,0,1,0.0149709,1,0,1,2,1.75578,1.20968,0,0.344544,0.487027,3.7308e-15,0,0,0,0,0,0,0,0,0,0,0,0,0.855775,1.20968,0,0,0,0,0,0,0,0,0,0,0,0,2,0.855775,1.20968,0,1,2,0,0,0,0,0,1.1907,-0.3381,3.2516,0,0,0,0,0,0,0,-0,0,1.48937,0,0,0,0,0,0,0,0,0,0,0,0,0,0,0,0,0,0,0,0,0,0,0,0,0,0,0,0
26.7,-0.00583267,-0.00244427,-0.000969652,0,0,0,2.99078,1.99287,-2.3721,0.00282725,0.00157476,0.00557681,-7.13331e-05,0.000694542,-0.00707438,3,2,3.92699,0,0,0,0,0,0,0,0,0,0,0,2,3,2,3.92699,0,0,0,0,0,0,0,0,0,0,1.5708,1.5708,0,1.5708,1.5708,0,0.00898257,0.00645314,-0.0727507,0.00942023,0.0113616,-0.0369633,1.73737,1.1884,0.878542,-0.000462664,0.000622582,0.00270615,-0.00207739,0.00285182,0.0119785,1.75578,1.20968,0,0,0,0,0,0.910484,0,1,0.0183273,1,0,1,2,1.75578,1.20968,0,0.344544,0.487027,3.7308e-15,0,0,0,0,0,0,0,0,0,0,0,0,0.855775,1.20968,0,0,0,0,0,0,0,0,0,0,0,0,2,0.855775,1.20968,0,1,2,0,0,0,0,0,1.1907,-0.3381,3.2516,0,0,0,0,0,0,0,-0,0,1.48937,0,0,0,0,0,0,0,0,0,0,0,0,0,0,0,0,0,0,0,0,0,0,0,0,0,0,0,0
26.75,-0.00609024,-0.00226688,-0.00152168,0,0,0,2.99107,1.99302,-2.37142,0.00286935,0.00150427,0.00679896,0.00011366,0.000342341,0.000250455,3,2,3.92699,0,0,0,0,0,0,0,0,0,0,0,2,3,2,3.92699,0,0,0,0,0,0,0,0,0,0,1.5708,1.5708,0,1.5708,1.5708,0,0.00603146,0.0104968,-0.0706005,0.00942023,0.0113616,-0.0369633,1.73741,1.18834,0.87829,0.000401708,-0.000561659,-0.00252725,0.00197163,-0.00267812,-0.0121753,1.75578,1.20968,0,0,0,0,0,0.910484,0,1,0.0183273,1,0,1,2,1.75578,1.20968,0,0.344544,0.487027,3.7308e-15,0,0,0,0,0,0,0,0,0,0,0,0,0.855775,1.20968,0,0,0,0,0,0,0,0,0,0,0,0,2,0.855775,1.20968,0,1,2,0,0,0,0,0,1.1909,-0.3399,3.2504,0,0,0,0,0,0,0,-0,0,1.48969,0,0,0,0,0,0,0,0,0,0,0,0,0,0,0,0,0,0,0,0,0,0,0,0,0,0,0,0
26.8,-0.00609024,-0.00226688,-0.00152168,0,0,0,2.99107,1.99302,-2.37142,0.00286935,0.00150427,0.00679896,0.00011366,0.000342341,0.000250455,3,2,3.92699,0,0,0,0,0,0,0,0,0,0,0,2,3,2,3.92699,0,0,0,0,0,0,0,0,0,0,1.5708,1.5708,0,1.5708,1.5708,0,0.00603146,0.0104968,-0.0706005,0.00833265,0.014281,-0.0367262,1.73741,1.18834,0.87829,0.000401708,-0.000561659,-0.00252725,0.00197163,-0.00267812,-0.0121753,1.75578,1.20968,0,0,0,0,0,0.884521,0,1,0.0118742,1,0,0.980851,2,1.75578,1.20968,0,0.344544,0.487027,3.7308e-15,0,0,0,0,0,0,0,0,0,0,0,0,0.855775,1.20968,0,0,0,0,0,0,0,0,0,0,0,0,2,0.855775,1.20968,0,1,2,0,0,0,0,0,1.1909,-0.3399,3.2504,0,0,0,0,0,0,0,-0,0,1.48969,0,0,0,0,0,0,0,0,0,0,0,0,0,0,0,0,0,0,0,0,0,0,0,0,0,0,0,0
26.85,-0.00676415,-0.00141396,-0.00150481,0,0,0,2.99137,1.99314,-2.37076,0.00303284,0.00123682,0.00662461,0.000747504,-0.000910221,0.000447488,3,2,3.92699,0,0,0,0,0,0,0,0,0,0,0,2,3,2,3.92699,0,0,0,0,0,0,0,0,0,0,1.5708,1.5708,0,1.5708,1.5708,0,0.00717731,0.00870716,-0.0715764,0.00833265,0.014281,-0.0367262,1.73741,1.18834,0.878277,6.34894e-05,-3.41866e-05,-0.000126387,0.000380769,-0.000249334,-0.000988571,1.75578,1.20968,0,0,0,0,0,0.884521,0,1,0.0118742,1,0,0.980851,2,1.75578,1.20968,0,0.344544,0.487027,3.7308e-15,0,0,0,0,0,0,0,0,0,0,0,0,0.855775,1.20968,0,0,0,0,0,0,0,0,0,0,0,0,2,0.855775,1.20968,0,1,2,0,0,0,0,0,1.1909,-0.3399,3.2504,0,0,0,0,0,0,0,-0,0,1.49001,0,0,0,0,0,0,0,0,0,0,0,0,0,0,0,0,0,0,0,0,0,0,0,0,0,0,0,0
26.9,-0.00676415,-0.00141396,-0.00150481,0,0,0,2.99137,1.99314,-2.37076,0.00303284,0.00123682,0.00662461,0.000747504,-0.000910221,0.000447488,3,2,3.92699,0,0,0,0,0,0,0,0,0,0,0,2,3,2,3.92699,0,0,0,0,0,0,0,0,0,0,1.5708,1.5708,0,1.5708,1.5708,0,0.00717731,0.00870716,-0.0715764,0.00833283,0.0142809,-0.0367262,1.73741,1.18834,0.878277,6.34894e-05,-3.41866e-05,-0.000126387,0.000380769,-0.000249334,-0.000988571,1.75578,1.20968,0,0,0,0,0,0.897011,0,1,0.013992,1,0,1,2,1.75578,1.20968,0,0.344544,0.487027,3.7308e-15,0,0,0,0,0,0,0,0,0,0,0,0,0.855775,1.20968,0,0,0,0,0,0,0,0,0,0,0,0,2,0.855775,1.20968,0,1,2,0,0,0,0,0,1.1909,-0.3399,3.2504,0,0,0,0,0,0,0,-0,0,1.49001,0,0,0,0,0,0,0,0,0,0,0,0,0,0,0,0,0,0,0,0,0,0,0,0,0,0,0,0
26.95,-0.00706699,-0.00227562,-0.00156006,0,0,0,2.99168,1.99329,-2.3701,0.00308576,0.00147452,0.00662765,0.000747035,0.00023403,0.000309532,3,2,3.92699,0,0,0,0,0,0,0,0,0,0,0,2,3,2,3.92699,0,0,0,0,0,0,0,0,0,0,1.5708,1.5708,0,1.5708,1.5708,0,0.00719578,0.00885528,-0.0714507,0.00833283,0.0142809,-0.0367262,1.73742,1.18833,0.878235,5.73697e-05,-7.68998e-05,-0.000426745,-1.11824e-05,8.43548e-06,-0.000279222,1.75578,1.20968,0,0,0,0,0,0.897011,0,1,0.013992,1,0,1,2,1.75578,1.20968,0,0.344544,0.487027,3.7308e-15,0,0,0,0,0,0,0,0,0,0,0,0,0.855775,1.20968,0,0,0,0,0,0,0,0,0,0,0,0,2,0.855775,1.20968,0,1,2,0,0,0,0,0,1.1644,-0.3686,3.2223,0,0,0,0,0,0,0,-0,0,1.49035,0,0,0,0,0,0,0,0,0,0,0,0,0,0,0,0,0,0,0,0,0,0,0,0,0,0,0,0
27,-0.00706699,-0.00227562,-0.00156006,0,0,0,2.99168,1.99329,-2.3701,0.00308576,0.00147452,0.00662765,0.000747035,0.00023403,0.000309532,3,2,3.92699,0,0,0,0,0,0,0,0,0,0,0,2,3,2,3.92699,0,0,0,0,0,0,0,0,0,0,1.5708,1.5708,0,1.5708,1.5708,0,0.00719578,0.00885528,-0.0714507,0.00833344,0.0142805,-0.0367262,1.73742,1.18833,0.878235,5.73697e-05,-7.68998e-05,-0.000426745,-1.11824e-05,8.43548e-06,-0.000279222,1.75578,1.20968,0,0,0,0,0,0.895043,0,1,0.0140827,1,0,1,2,1.75578,1.20968,0,0.344544,0.487027,3.7308e-15,0,0,0,0,0,0,0,0,0,0,0,0,0.855775,1.20968,0,0,0,0,0,0,0,0,0,0,0,0,2,0.855775,1.20968,0,1,2,0,0,0,0,0,1.1644,-0.3686,3.2223,0,0,0,0,0,0,0,-0,0,1.49035,0,0,0,0,0,0,0,0,0,0,0,0,0,0,0,0,0,0,0,0,0,0,0,0,0,0,0,0
27.05,-0.00709944,-0.00202645,-0.00189274,0,0,0,2.99199,1.99343,-2.36937,0.00305889,0.00138419,0.00729992,0.000340067,-6.60387e-05,0.00285117,3,2,3.92699,0,0,0,0,0,0,0,0,0,0,0,2,3,2,3.92699,0,0,0,0,0,0,0,0,0,0,1.5708,1.5708,0,1.5708,1.5708,0,0.00712218,0.00908904,-0.0713406,0.00946607,0.0114097,-0.0369593,1.73743,1.18831,0.878166,7.81202e-05,-0.000144034,-0.000683624,2.31213e-05,-0.000228269,-0.00109792,1.75578,1.20968,0,0,0,0,0,0.895043,0,1,0.0140827,1,0,1,2,1.75578,1.20968,0,0.344544,0.487027,3.7308e-15,0,0,0,0,0,0,0,0,0,0,0,0,0.855775,1.20968,0,0,0,0,0,0,0,0,0,0,0,0,2,0.855775,1.20968,0,1,2,0,0,0,0,0,1.1644,-0.3686,3.2223,0,0,0,0,0,0,0,-0,0,1.49068,0,0,0,0,0,0,0,0,0,0,0,0,0,0,0,0,0,0,0,0,0,0,0,0,0,0,0,0
27.1,-0.00709944,-0.00202645,-0.00189274,0,0,0,2.99199,1.99343,-2.36937,0.00305889,0.00138419,0.00729992,0.000340067,-6.60387e-05,0.00285117,3,2,3.92699,0,0,0,0,0,0,0,0,0,0,0,2,3,2,3.92699,0,0,0,0,0,0,0,0,0,0,1.5708,1.5708,0,1.5708,1.5708,0,0.00712218,0.00908904,-0.0713406,0.00946685,0.011409,-0.0369593,1.73743,1.18831,0.878166,7.81202e-05,-0.000144034,-0.000683624,2.31213e-05,-0.000228269,-0.00109792,1.75578,1.20968,0,0,0,0,0,0.893357,0,1,0.0138709,1,0,1,2,1.75578,1.20968,0,0.344544,0.487027,3.7308e-15,0,0,0,0,0,0,0,0,0,0,0,0,0.855775,1.20968,0,0,0,0,0,0,0,0,0,0,0,0,2,0.855775,1.20968,0,1,2,0,0,0,0,0,1.1644,-0.3686,3.2223,0,0,0,0,0,0,0,-0,0,1.49068,0,0,0,0,0,0,0,0,0,0,0,0,0,0,0,0,0,0,0,0,0,0,0,0,0,0,0,0
27.15,-0.00689468,-0.00137566,-0.0011362,0,0,0,2.99228,1.99355,-2.36884,0.0029629,0.00117734,0.00533131,-0.000236739,-0.000907773,-0.00581497,3,2,3.92699,0,0,0,0,0,0,0,0,0,0,0,2,3,2,3.92699,0,0,0,0,0,0,0,0,0,0,1.5708,1.5708,0,1.5708,1.5708,0,0.00822245,0.00749641,-0.0721995,0.00946685,0.011409,-0.0369593,1.7374,1.18835,0.878306,-0.000243041,0.000321205,0.00139902,-0.00126471,0.00168983,0.00755149,1.75578,1.20968,0,0,0,0,0,0.893357,0,1,0.0138709,1,0,1,2,1.75578,1.20968,0,0.344544,0.487027,3.7308e-15,0,0,0,0,0,0,0,0,0,0,0,0,0.855775,1.20968,0,0,0,0,0,0,0,0,0,0,0,0,2,0.855775,1.20968,0,1,2,0,0,0,0,0,1.1325,-0.4028,3.1888,0,0,0,0,0,0,0,-0,0,1.491,0,0,0,0,0,0,0,0,0,0,0,0,0,0,0,0,0,0,0,0,0,0,0,0,0,0,0,0
27.2,-0.00689468,-0.00137566,-0.0011362,0,0,0,2.99228,1.99355,-2.36884,0.0029629,0.00117734,0.00533131,-0.000236739,-0.000907773,-0.00581497,3,2,3.92699,0,0,0,0,0,0,0,0,0,0,0,2,3,2,3.92699,0,0,0,0,0,0,0,0,0,0,1.5708,1.5708,0,1.5708,1.5708,0,0.00822245,0.00749641,-0.0721995,0.00946526,0.0114104,-0.0369593,1.7374,1.18835,0.878306,-0.000243041,0.000321205,0.00139902,-0.00126471,0.00168983,0.00755149,1.75578,1.20968,0,0,0,0,0,0.903039,0,1,0.0177827,1,0,1,2,1.75578,1.20968,0,0.344544,0.487027,3.7308e-15,0,0,0,0,0,0,0,0,0,0,0,0,0.855775,1.20968,0,0,0,0,0,0,0,0,0,0,0,0,2,0.855775,1.20968,0,1,2,0,0,0,0,0,1.1325,-0.4028,3.1888,0,0,0,0,0,0,0,-0,0,1.491,0,0,0,0,0,0,0,0,0,0,0,0,0,0,0,0,0,0,0,0,0,0,0,0,0,0,0,0
27.25,-0.00699433,-0.00184308,-0.00145775,0,0,0,2.99258,1.99368,-2.36824,0.00295716,0.00130032,0.00600226,-0.000239761,-0.000166343,-0.00197801,3,2,3.92699,0,0,0,0,0,0,0,0,0,0,0,2,3,2,3.92699,0,0,0,0,0,0,0,0,0,0,1.5708,1.5708,0,1.5708,1.5708,0,0.0071623,0.00883454,-0.0715998,0.00946526,0.0114104,-0.0369593,1.73741,1.18834,0.878299,6.83737e-05,-7.20366e-05,-7.33291e-05,0.000310222,-0.00029648,-0.000175815,1.75578,1.20968,0,0,0,0,0,0.903039,0,1,0.0177827,1,0,1,2,1.75578,1.20968,0,0.344544,0.487027,3.7308e-15,0,0,0,0,0,0,0,0,0,0,0,0,0.855775,1.20968,0,0,0,0,0,0,0,0,0,0,0,0,2,0.855775,1.20968,0,1,2,0,0,0,0,0,1.1325,-0.4028,3.1888,0,0,0,0,0,0,0,-0,0,1.49132,0,0,0,0,0,0,0,0,0,0,0,0,0,0,0,0,0,0,0,0,0,0,0,0,0,0,0,0
27.3,-0.00699433,-0.00184308,-0.00145775,0,0,0,2.99258,1.99368,-2.36824,0.00295716,0.00130032,0.00600226,-0.000239761,-0.000166343,-0.00197801,3,2,3.92699,0,0,0,0,0,0,0,0,0,0,0,2,3,2,3.92699,0,0,0,0,0,0,0,0,0,0,1.5708,1.5708,0,1.5708,1.5708,0,0.0071623,0.00883454,-0.0715998,0.0093297,0.0112468,-0.0369721,1.73741,1.18834,0.878299,6.83737e-05,-7.20366e-05,-7.33291e-05,0.000310222,-0.00029648,-0.000175815,1.75578,1.20968,0,0,0,0,0,0.896547,0,1,0.0145828,1,0,1,2,1.75578,1.20968,0,0.344544,0.487027,3.7308e-15,0,0,0,0,0,0,0,0,0,0,0,0,0.855775,1.20968,0,0,0,0,0,0,0,0,0,0,0,0,2,0.855775,1.20968,0,1,2,0,0,0,0,0,1.1325,-0.4028,3.1888,0,0,0,0,0,0,0,-0,0,1.49132,0,0,0,0,0,0,0,0,0,0,0,0,0,0,0,0,0,0,0,0,0,0,0,0,0,0,0,0
27.35,-0.00752643,-0.000743202,-0.00115495,0,0,0,2.99289,1.99377,-2.36772,0.00307809,0.000962972,0.00515374,0.000339203,-0.00134731,-0.00405791,3,2,3.92699,0,0,0,0,0,0,0,0,0,0,0,2,3,2,3.92699,0,0,0,0,0,0,0,0,0,0,1.5708,1.5708,0,1.5708,1.5708,0,0.00886631,0.00640524,-0.0727603,0.0093297,0.0112468,-0.0369721,1.73737,1.1884,0.878571,-0.000428394,0.000635879,0.00272407,-0.00158542,0.00238167,0.0100259,1.75578,1.20968,0,0,0,0,0,0.896547,0,1,0.0145828,1,0,1,2,1.75578,1.20968,0,0.344544,0.487027,3.7308e-15,0,0,0,0,0,0,0,0,0,0,0,0,0.855775,1.20968,0,0,0,0,0,0,0,0,0,0,0,0,2,0.855775,1.20968,0,1,2,0,0,0,0,0,1.2199,-0.3174,3.2752,0,0,0,0,0,0,0,-0,0,1.49163,0,0,0,0,0,0,0,0,0,0,0,0,0,0,0,0,0,0,0,0,0,0,0,0,0,0,0,0
27.4,-0.00752643,-0.000743202,-0.00115495,0,0,0,2.99289,1.99377,-2.36772,0.00307809,0.000962972,0.00515374,0.000339203,-0.00134731,-0.00405791,3,2,3.92699,0,0,0,0,0,0,0,0,0,0,0,2,3,2,3.92699,0,0,0,0,0,0,0,0,0,0,1.5708,1.5708,0,1.5708,1.5708,0,0.00886631,0.00640524,-0.0727603,0.00932664,0.0112493,-0.0369721,1.73737,1.1884,0.878571,-0.000428394,0.000635879,0.00272407,-0.00158542,0.00238167,0.0100259,1.75578,1.20968,0,0,0,0,0,0.911321,0,1,0.0178033,1,0,1,2,1.75578,1.20968,0,0.344544,0.487027,3.7308e-15,0,0,0,0,0,0,0,0,0,0,0,0,0.855775,1.20968,0,0,0,0,0,0,0,0,0,0,0,0,2,0.855775,1.20968,0,1,2,0,0,0,0,0,1.2199,-0.3174,3.2752,0,0,0,0,0,0,0,-0,0,1.49163,0,0,0,0,0,0,0,0,0,0,0,0,0,0,0,0,0,0,0,0,0,0,0,0,0,0,0,0
27.45,-0.00787781,-0.00142897,-0.00152752,0,0,0,2.9932,1.99389,-2.36713,0.00314469,0.0011524,0.00595123,0.000545661,-0.000212716,0.000464301,3,2,3.92699,0,0,0,0,0,0,0,0,0,0,0,2,3,2,3.92699,0,0,0,0,0,0,0,0,0,0,1.5708,1.5708,0,1.5708,1.5708,0,0.00711812,0.00906765,-0.0714581,0.00932664,0.0112493,-0.0369721,1.73737,1.18839,0.878524,8.54536e-05,-0.000146492,-0.000466728,0.000844981,-0.00133406,-0.00535083,1.75578,1.20968,0,0,0,0,0,0.911321,0,1,0.0178033,1,0,1,2,1.75578,1.20968,0,0.344544,0.487027,3.7308e-15,0,0,0,0,0,0,0,0,0,0,0,0,0.855775,1.20968,0,0,0,0,0,0,0,0,0,0,0,0,2,0.855775,1.20968,0,1,2,0,0,0,0,0,1.2199,-0.3174,3.2752,0,0,0,0,0,0,0,-0,0,1.49196,0,0,0,0,0,0,0,0,0,0,0,0,0,0,0,0,0,0,0,0,0,0,0,0,0,0,0,0
27.5,-0.00787781,-0.00142897,-0.00152752,0,0,0,2.9932,1.99389,-2.36713,0.00314469,0.0011524,0.00595123,0.000545661,-0.000212716,0.000464301,3,2,3.92699,0,0,0,0,0,0,0,0,0,0,0,2,3,2,3.92699,0,0,0,0,0,0,0,0,0,0,1.5708,1.5708,0,1.5708,1.5708,0,0.00711812,0.00906765,-0.0714581,0.00932716,0.0112489,-0.0369721,1.73737,1.18839,0.878524,8.54536e-05,-0.000146492,-0.000466728,0.000844981,-0.00133406,-0.00535083,1.75578,1.20968,0,0,0,0,0,0.894449,0,1,0.0143434,1,0,1,2,1.75578,1.20968,0,0.344544,0.487027,3.7308e-15,0,0,0,0,0,0,0,0,0,0,0,0,0.855775,1.20968,0,0,0,0,0,0,0,0,0,0,0,0,2,0.855775,1.20968,0,1,2,0,0,0,0,0,1.2199,-0.3174,3.2752,0,0,0,0,0,0,0,-0,0,1.49196,0,0,0,0,0,0,0,0,0,0,0,0,0,0,0,0,0,0,0,0,0,0,0,0,0,0,0,0
27.55,-0.00859999,-0.00188533,-0.00179131,0,0,0,2.99353,1.99401,-2.36648,0.00331908,0.00127244,0.00647066,0.00105198,0.000505247,0.00296533,3,2,3.92699,0,0,0,0,0,0,0,0,0,0,0,2,3,2,3.92699,0,0,0,0,0,0,0,0,0,0,1.5708,1.5708,0,1.5708,1.5708,0,0.00638876,0.010068,-0.0706863,0.00951625,0.0114769,-0.0369542,1.7374,1.18834,0.878293,0.000296739,-0.00043595,-0.00231708,0.00168044,-0.00246038,-0.0126868,1.75578,1.20968,0,0,0,0,0,0.894449,0,1,0.0143434,1,0,1,2,1.75578,1.20968,0,0.344544,0.487027,3.7308e-15,0,0,0,0,0,0,0,0,0,0,0,0,0.855775,1.20968,0,0,0,0,0,0,0,0,0,0,0,0,2,0.855775,1.20968,0,1,2,0,0,0,0,0,1.1979,-0.3413,3.2516,0,0,0,0,0,0,0,-0,0,1.4923,0,0,0,0,0,0,0,0,0,0,0,0,0,0,0,0,0,0,0,0,0,0,0,0,0,0,0,0
27.6,-0.00859999,-0.00188533,-0.00179131,0,0,0,2.99353,1.99401,-2.36648,0.00331908,0.00127244,0.00647066,0.00105198,0.000505247,0.00296533,3,2,3.92699,0,0,0,0,0,0,0,0,0,0,0,2,3,2,3.92699,0,0,0,0,0,0,0,0,0,0,1.5708,1.5708,0,1.5708,1.5708,0,0.00638876,0.010068,-0.0706863,0.0095189,0.0114747,-0.0369542,1.7374,1.18834,0.878293,0.000296739,-0.00043595,-0.00231708,0.00168044,-0.00246038,-0.0126868,1.75578,1.20968,0,0,0,0,0,0.88603,0,1,0.011767,1,0,0.98698,2,1.75578,1.20968,0,0.344544,0.487027,3.7308e-15,0,0,0,0,0,0,0,0,0,0,0,0,0.855775,1.20968,0,0,0,0,0,0,0,0,0,0,0,0,2,0.855775,1.20968,0,1,2,0,0,0,0,0,1.1979,-0.3413,3.2516,0,0,0,0,0,0,0,-0,0,1.4923,0,0,0,0,0,0,0,0,0,0,0,0,0,0,0,0,0,0,0,0,0,0,0,0,0,0,0,0
27.65,-0.00757463,-0.00191237,-0.00211465,0,0,0,2.99383,1.99414,-2.36577,0.00297974,0.00126535,0.00712342,-0.000650999,0.000374091,0.0047369,3,2,3.92699,0,0,0,0,0,0,0,0,0,0,0,2,3,2,3.92699,0,0,0,0,0,0,0,0,0,0,1.5708,1.5708,0,1.5708,1.5708,0,0.00709448,0.00884351,-0.0717219,0.0095189,0.0114747,-0.0369542,1.73741,1.18834,0.878315,8.78548e-05,-7.44325e-05,0.000223426,0.000287747,-0.000185667,0.00153846,1.75578,1.20968,0,0,0,0,0,0.88603,0,1,0.011767,1,0,0.98698,2,1.75578,1.20968,0,0.344544,0.487027,3.7308e-15,0,0,0,0,0,0,0,0,0,0,0,0,0.855775,1.20968,0,0,0,0,0,0,0,0,0,0,0,0,2,0.855775,1.20968,0,1,2,0,0,0,0,0,1.1979,-0.3413,3.2516,0,0,0,0,0,0,0,-0,0,1.49262,0,0,0,0,0,0,0,0,0,0,0,0,0,0,0,0,0,0,0,0,0,0,0,0,0,0,0,0
27.7,-0.00757463,-0.00191237,-0.00211465,0,0,0,2.99383,1.99414,-2.36577,0.00297974,0.00126535,0.00712342,-0.000650999,0.000374091,0.0047369,3,2,3.92699,0,0,0,0,0,0,0,0,0,0,0,2,3,2,3.92699,0,0,0,0,0,0,0,0,0,0,1.5708,1.5708,0,1.5708,1.5708,0,0.00709448,0.00884351,-0.0717219,0.00951865,0.0114749,-0.0369542,1.73741,1.18834,0.878315,8.78548e-05,-7.44325e-05,0.000223426,0.000287747,-0.000185667,0.00153846,1.75578,1.20968,0,0,0,0,0,0.897811,0,1,0.0149622,1,0,1,2,1.75578,1.20968,0,0.344544,0.487027,3.7308e-15,0,0,0,0,0,0,0,0,0,0,0,0,0.855775,1.20968,0,0,0,0,0,0,0,0,0,0,0,0,2,0.855775,1.20968,0,1,2,0,0,0,0,0,1.1979,-0.3413,3.2516,0,0,0,0,0,0,0,-0,0,1.49262,0,0,0,0,0,0,0,0,0,0,0,0,0,0,0,0,0,0,0,0,0,0,0,0,0,0,0,0
27.75,-0.00701166,-0.000298747,-0.00246518,0,0,0,2.99411,1.99422,-2.36498,0.00277981,0.000778006,0.0078291,-0.00142726,-0.0017432,0.0058874,3,2,3.92699,0,0,0,0,0,0,0,0,0,0,0,2,3,2,3.92699,0,0,0,0,0,0,0,0,0,0,1.5708,1.5708,0,1.5708,1.5708,0,0.0074935,0.0087964,-0.0714938,0.00951865,0.0114749,-0.0369542,1.73741,1.18833,0.878282,-2.93126e-05,-5.98466e-05,-0.000330387,-0.000484115,0.000254959,0.000636805,1.75578,1.20968,0,0,0,0,0,0.897811,0,1,0.0149622,1,0,1,2,1.75578,1.20968,0,0.344544,0.487027,3.7308e-15,0,0,0,0,0,0,0,0,0,0,0,0,0.855775,1.20968,0,0,0,0,0,0,0,0,0,0,0,0,2,0.855775,1.20968,0,1,2,0,0,0,0,0,1.2127,-0.3288,3.2648,0,0,0,0,0,0,0,-0,0,1.4929,0,0,0,0,0,0,0,0,0,0,0,0,0,0,0,0,0,0,0,0,0,0,0,0,0,0,0,0
27.8,-0.00701166,-0.000298747,-0.00246518,0,0,0,2.99411,1.99422,-2.36498,0.00277981,0.000778006,0.0078291,-0.00142726,-0.0017432,0.0058874,3,2,3.92699,0,0,0,0,0,0,0,0,0,0,0,2,3,2,3.92699,0,0,0,0,0,0,0,0,0,0,1.5708,1.5708,0,1.5708,1.5708,0,0.0074935,0.0087964,-0.0714938,0.00954743,0.0115089,-0.0369515,1.73741,1.18833,0.878282,-2.93126e-05,-5.98466e-05,-0.000330387,-0.000484115,0.000254959,0.000636805,1.75578,1.20968,0,0,0,0,0,0.894134,0,1,0.0155247,1,0,1,2,1.75578,1.20968,0,0.344544,0.487027,3.7308e-15,0,0,0,0,0,0,0,0,0,0,0,0,0.855775,1.20968,0,0,0,0,0,0,0,0,0,0,0,0,2,0.855775,1.20968,0,1,2,0,0,0,0,0,1.2127,-0.3288,3.2648,0,0,0,0,0,0,0,-0,0,1.4929,0,0,0,0,0,0,0,0,0,0,0,0,0,0,0,0,0,0,0,0,0,0,0,0,0,0,0,0
27.85,-0.00650099,-0.000949721,-0.00273462,0,0,0,2.99437,1.99431,-2.36415,0.00259753,0.000959428,0.00832519,-0.00168457,-0.000606558,0.00568906,3,2,3.92699,0,0,0,0,0,0,0,0,0,0,0,2,3,2,3.92699,0,0,0,0,0,0,0,0,0,0,1.5708,1.5708,0,1.5708,1.5708,0,0.0071004,0.00861835,-0.0714234,0.00954743,0.0115089,-0.0369515,1.73742,1.18833,0.878233,8.54452e-05,-7.32387e-06,-0.000493503,6.33966e-05,0.000422437,-0.000392075,1.75578,1.20968,0,0,0,0,0,0.894134,0,1,0.0155247,1,0,1,2,1.75578,1.20968,0,0.344544,0.487027,3.7308e-15,0,0,0,0,0,0,0,0,0,0,0,0,0.855775,1.20968,0,0,0,0,0,0,0,0,0,0,0,0,2,0.855775,1.20968,0,1,2,0,0,0,0,0,1.2127,-0.3288,3.2648,0,0,0,0,0,0,0,-0,0,1.49316,0,0,0,0,0,0,0,0,0,0,0,0,0,0,0,0,0,0,0,0,0,0,0,0,0,0,0,0
27.9,-0.00650099,-0.000949721,-0.00273462,0,0,0,2.99437,1.99431,-2.36415,0.00259753,0.000959428,0.00832519,-0.00168457,-0.000606558,0.00568906,3,2,3.92699,0,0,0,0,0,0,0,0,0,0,0,2,3,2,3.92699,0,0,0,0,0,0,0,0,0,0,1.5708,1.5708,0,1.5708,1.5708,0,0.0071004,0.00861835,-0.0714234,0.009548,0.0115084,-0.0369515,1.73742,1.18833,0.878233,8.54452e-05,-7.32387e-06,-0.000493503,6.33966e-05,0.000422437,-0.000392075,1.75578,1.20968,0,0,0,0,0,0.896597,0,1,0.0126277,1,0,1,2,1.75578,1.20968,0,0.344544,0.487027,3.7308e-15,0,0,0,0,0,0,0,0,0,0,0,0,0.855775,1.20968,0,0,0,0,0,0,0,0,0,0,0,0,2,0.855775,1.20968,0,1,2,0,0,0,0,0,1.2127,-0.3288,3.2648,0,0,0,0,0,0,0,-0,0,1.49316,0,0,0,0,0,0,0,0,0,0,0,0,0,0,0,0,0,0,0,0,0,0,0,0,0,0,0,0
27.95,-0.00709056,-0.00118898,-0.00339698,0,0,0,2.99464,1.99442,-2.36318,0.00273954,0.00101817,0.00975947,-0.000481625,2.34779e-05,0.0091122,3,2,3.92699,0,0,0,0,0,0,0,0,0,0,0,2,3,2,3.92699,0,0,0,0,0,0,0,0,0,0,1.5708,1.5708,0,1.5708,1.5708,0,0.00855239,0.00701638,-0.0726459,0.009548,0.0115084,-0.0369515,1.73738,1.18838,0.878479,-0.00033817,0.000459032,0.00246133,-0.00158049,0.00213978,0.0114323,1.75578,1.20968,0,0,0,0,0,0.896597,0,1,0.0126277,1,0,1,2,1.75578,1.20968,0,0.344544,0.487027,3.7308e-15,0,0,0,0,0,0,0,0,0,0,0,0,0.855775,1.20968,0,0,0,0,0,0,0,0,0,0,0,0,2,0.855775,1.20968,0,1,2,0,0,0,0,0,1.223,-0.3209,3.2737,0,0,0,0,0,0,0,-0,0,1.49345,0,0,0,0,0,0,0,0,0,0,0,0,0,0,0,0,0,0,0,0,0,0,0,0,0,0,0,0
28,-0.00709056,-0.00118898,-0.00339698,0,0,0,2.99464,1.99442,-2.36318,0.00273954,0.00101817,0.00975947,-0.000481625,2.34779e-05,0.0091122,3,2,3.92699,0,0,0,0,0,0,0,0,0,0,0,2,3,2,3.92699,0,0,0,0,0,0,0,0,0,0,1.5708,1.5708,0,1.5708,1.5708,0,0.00855239,0.00701638,-0.0726459,0.00954517,0.0115107,-0.0369515,1.73738,1.18838,0.878479,-0.00033817,0.000459032,0.00246133,-0.00158049,0.00213978,0.0114323,1.75578,1.20968,0,0,0,0,0,0.908084,0,1,0.0191332,1,0,1,2,1.75578,1.20968,0,0.344544,0.487027,3.7308e-15,0,0,0,0,0,0,0,0,0,0,0,0,0.855775,1.20968,0,0,0,0,0,0,0,0,0,0,0,0,2,0.855775,1.20968,0,1,2,0,0,0,0,0,1.223,-0.3209,3.2737,0,0,0,0,0,0,0,-0,0,1.49345,0,0,0,0,0,0,0,0,0,0,0,0,0,0,0,0,0,0,0,0,0,0,0,0,0,0,0,0
28.05,-0.00692616,-0.000604662,-0.00419336,0,0,0,2.99491,1.9945,-2.36203,0.00265912,0.000835095,0.0114889,-0.000447389,-0.000632019,0.012846,3,2,3.92699,0,0,0,0,0,0,0,0,0,0,0,2,3,2,3.92699,0,0,0,0,0,0,0,0,0,0,1.5708,1.5708,0,1.5708,1.5708,0,0.00800398,0.00750956,-0.0719412,0.00828743,0.00999401,-0.0370706,1.73737,1.18841,0.87855,-0.000174589,0.000310109,0.000715371,-0.00051793,0.000922287,0.00148896,1.75578,1.20968,0,0,0,0,0,0.908084,0,1,0.0191332,1,0,1,2,1.75578,1.20968,0,0.344544,0.487027,3.7308e-15,0,0,0,0,0,0,0,0,0,0,0,0,0.855775,1.20968,0,0,0,0,0,0,0,0,0,0,0,0,2,0.855775,1.20968,0,1,2,0,0,0,0,0,1.223,-0.3209,3.2737,0,0,0,0,0,0,0,-0,0,1.49372,0,0,0,0,0,0,0,0,0,0,0,0,0,0,0,0,0,0,0,0,0,0,0,0,0,0,0,0
28.1,-0.00692616,-0.000604662,-0.00419336,0,0,0,2.99491,1.9945,-2.36203,0.00265912,0.000835095,0.0114889,-0.000447389,-0.000632019,0.012846,3,2,3.92699,0,0,0,0,0,0,0,0,0,0,0,2,3,2,3.92699,0,0,0,0,0,0,0,0,0,0,1.5708,1.5708,0,1.5708,1.5708,0,0.00800398,0.00750956,-0.0719412,0.00828671,0.0099946,-0.0370706,1.73737,1.18841,0.87855,-0.000174589,0.000310109,0.000715371,-0.00051793,0.000922287,0.00148896,1.75578,1.20968,0,0,0,0,0,0.901873,0,1,0.0155994,1,0,1,2,1.75578,1.20968,0,0.344544,0.487027,3.7308e-15,0,0,0,0,0,0,0,0,0,0,0,0,0.855775,1.20968,0,0,0,0,0,0,0,0,0,0,0,0,2,0.855775,1.20968,0,1,2,0,0,0,0,0,1.223,-0.3209,3.2737,0,0,0,0,0,0,0,-0,0,1.49372,0,0,0,0,0,0,0,0,0,0,0,0,0,0,0,0,0,0,0,0,0,0,0,0,0,0,0,0
28.15,-0.00601459,-0.000904724,-0.00448497,0,0,0,2.99515,1.99459,-2.36083,0.00236089,0.000913105,0.0119665,-0.00145495,-0.000156306,0.0101305,3,2,3.92699,0,0,0,0,0,0,0,0,0,0,0,2,3,2,3.92699,0,0,0,0,0,0,0,0,0,0,1.5708,1.5708,0,1.5708,1.5708,0,0.00626199,0.0101143,-0.0707914,0.00828671,0.0099946,-0.0370706,1.7374,1.18836,0.878344,0.000334479,-0.000451669,-0.00206892,0.0018669,-0.0026548,-0.011577,1.75578,1.20968,0,0,0,0,0,0.901873,0,1,0.0155994,1,0,1,2,1.75578,1.20968,0,0.344544,0.487027,3.7308e-15,0,0,0,0,0,0,0,0,0,0,0,0,0.855775,1.20968,0,0,0,0,0,0,0,0,0,0,0,0,2,0.855775,1.20968,0,1,2,0,0,0,0,0,1.2456,-0.3011,3.2942,0,0,0,0,0,0,0,-0,0,1.49396,0,0,0,0,0,0,0,0,0,0,0,0,0,0,0,0,0,0,0,0,0,0,0,0,0,0,0,0
28.2,-0.00601459,-0.000904724,-0.00448497,0,0,0,2.99515,1.99459,-2.36083,0.00236089,0.000913105,0.0119665,-0.00145495,-0.000156306,0.0101305,3,2,3.92699,0,0,0,0,0,0,0,0,0,0,0,2,3,2,3.92699,0,0,0,0,0,0,0,0,0,0,1.5708,1.5708,0,1.5708,1.5708,0,0.00626199,0.0101143,-0.0707914,0.00828878,0.00999289,-0.0370706,1.7374,1.18836,0.878344,0.000334479,-0.000451669,-0.00206892,0.0018669,-0.0026548,-0.011577,1.75578,1.20968,0,0,0,0,0,0.887206,0,1,0.0120155,1,0,0.98655,2,1.75578,1.20968,0,0.344544,0.487027,3.7308e-15,0,0,0,0,0,0,0,0,0,0,0,0,0.855775,1.20968,0,0,0,0,0,0,0,0,0,0,0,0,2,0.855775,1.20968,0,1,2,0,0,0,0,0,1.2456,-0.3011,3.2942,0,0,0,0,0,0,0,-0,0,1.49396,0,0,0,0,0,0,0,0,0,0,0,0,0,0,0,0,0,0,0,0,0,0,0,0,0,0,0,0
28.25,-0.00609888,-0.0011823,-0.00529731,0,0,0,2.99538,1.99469,-2.35946,0.00235773,0.000983609,0.0136909,-0.00102202,0.000252482,0.0126081,3,2,3.92699,0,0,0,0,0,0,0,0,0,0,0,2,3,2,3.92699,0,0,0,0,0,0,0,0,0,0,1.5708,1.5708,0,1.5708,1.5708,0,0.00671847,0.00973793,-0.0711181,0.00828878,0.00999289,-0.0370706,1.73742,1.18833,0.878219,0.000197698,-0.000336819,-0.00124121,0.00089719,-0.00161929,-0.0054124,1.75578,1.20968,0,0,0,0,0,0.887206,0,1,0.0120155,1,0,0.98655,2,1.75578,1.20968,0,0.344544,0.487027,3.7308e-15,0,0,0,0,0,0,0,0,0,0,0,0,0.855775,1.20968,0,0,0,0,0,0,0,0,0,0,0,0,2,0.855775,1.20968,0,1,2,0,0,0,0,0,1.2456,-0.3011,3.2942,0,0,0,0,0,0,0,-0,0,1.49422,0,0,0,0,0,0,0,0,0,0,0,0,0,0,0,0,0,0,0,0,0,0,0,0,0,0,0,0
28.3,-0.00609888,-0.0011823,-0.00529731,0,0,0,2.99538,1.99469,-2.35946,0.00235773,0.000983609,0.0136909,-0.00102202,0.000252482,0.0126081,3,2,3.92699,0,0,0,0,0,0,0,0,0,0,0,2,3,2,3.92699,0,0,0,0,0,0,0,0,0,0,1.5708,1.5708,0,1.5708,1.5708,0,0.00671847,0.00973793,-0.0711181,0.00938375,0.0124251,-0.0368775,1.73742,1.18833,0.878219,0.000197698,-0.000336819,-0.00124121,0.00089719,-0.00161929,-0.0054124,1.75578,1.20968,0,0,0,0,0,0.889882,0,1,0.0136939,1,0,0.99496,2,1.75578,1.20968,0,0.344544,0.487027,3.7308e-15,0,0,0,0,0,0,0,0,0,0,0,0,0.855775,1.20968,0,0,0,0,0,0,0,0,0,0,0,0,2,0.855775,1.20968,0,1,2,0,0,0,0,0,1.2456,-0.3011,3.2942,0,0,0,0,0,0,0,-0,0,1.49422,0,0,0,0,0,0,0,0,0,0,0,0,0,0,0,0,0,0,0,0,0,0,0,0,0,0,0,0
28.35,-0.00432963,-0.000931702,-0.00542069,0,0,0,2.99556,1.99478,-2.35809,0.00181195,0.000898648,0.0137194,-0.00273843,-0.000133643,0.00800439,3,2,3.92699,0,0,0,0,0,0,0,0,0,0,0,2,3,2,3.92699,0,0,0,0,0,0,0,0,0,0,1.5708,1.5708,0,1.5708,1.5708,0,0.00757432,0.00854393,-0.0715875,0.00938375,0.0124251,-0.0368775,1.73742,1.18833,0.878211,-5.37235e-05,1.46519e-05,-8.58507e-05,-0.000597332,0.000572578,0.00220224,1.75578,1.20968,0,0,0,0,0,0.889882,0,1,0.0136939,1,0,0.99496,2,1.75578,1.20968,0,0.344544,0.487027,3.7308e-15,0,0,0,0,0,0,0,0,0,0,0,0,0.855775,1.20968,0,0,0,0,0,0,0,0,0,0,0,0,2,0.855775,1.20968,0,1,2,0,0,0,0,0,1.1914,-0.3585,3.2377,0,0,0,0,0,0,0,-0,0,1.49442,0,0,0,0,0,0,0,0,0,0,0,0,0,0,0,0,0,0,0,0,0,0,0,0,0,0,0,0
28.4,-0.00432963,-0.000931702,-0.00542069,0,0,0,2.99556,1.99478,-2.35809,0.00181195,0.000898648,0.0137194,-0.00273843,-0.000133643,0.00800439,3,2,3.92699,0,0,0,0,0,0,0,0,0,0,0,2,3,2,3.92699,0,0,0,0,0,0,0,0,0,0,1.5708,1.5708,0,1.5708,1.5708,0,0.00757432,0.00854393,-0.0715875,0.00938385,0.012425,-0.0368775,1.73742,1.18833,0.878211,-5.37235e-05,1.46519e-05,-8.58507e-05,-0.000597332,0.000572578,0.00220224,1.75578,1.20968,0,0,0,0,0,0.895694,0,1,0.0156703,1,0,1,2,1.75578,1.20968,0,0.344544,0.487027,3.7308e-15,0,0,0,0,0,0,0,0,0,0,0,0,0.855775,1.20968,0,0,0,0,0,0,0,0,0,0,0,0,2,0.855775,1.20968,0,1,2,0,0,0,0,0,1.1914,-0.3585,3.2377,0,0,0,0,0,0,0,-0,0,1.49442,0,0,0,0,0,0,0,0,0,0,0,0,0,0,0,0,0,0,0,0,0,0,0,0,0,0,0,0
28.45,-0.00295655,-0.000740828,-0.00602669,0,0,0,2.9957,1.99486,-2.3566,0.00138857,0.000832168,0.0149115,-0.00356511,-0.000396694,0.0089681,3,2,3.92699,0,0,0,0,0,0,0,0,0,0,0,2,3,2,3.92699,0,0,0,0,0,0,0,0,0,0,1.5708,1.5708,0,1.5708,1.5708,0,0.00730806,0.00881587,-0.0717436,0.00938385,0.012425,-0.0368775,1.73742,1.18832,0.87824,2.44038e-05,-6.467e-05,0.00029194,-0.000248661,0.0003233,0.00386171,1.75578,1.20968,0,0,0,0,0,0.895694,0,1,0.0156703,1,0,1,2,1.75578,1.20968,0,0.344544,0.487027,3.7308e-15,0,0,0,0,0,0,0,0,0,0,0,0,0.855775,1.20968,0,0,0,0,0,0,0,0,0,0,0,0,2,0.855775,1.20968,0,1,2,0,0,0,0,0,1.1914,-0.3585,3.2377,0,0,0,0,0,0,0,-0,0,1.49459,0,0,0,0,0,0,0,0,0,0,0,0,0,0,0,0,0,0,0,0,0,0,0,0,0,0,0,0
28.5,-0.00295655,-0.000740828,-0.00602669,0,0,0,2.9957,1.99486,-2.3566,0.00138857,0.000832168,0.0149115,-0.00356511,-0.000396694,0.0089681,3,2,3.92699,0,0,0,0,0,0,0,0,0,0,0,2,3,2,3.92699,0,0,0,0,0,0,0,0,0,0,1.5708,1.5708,0,1.5708,1.5708,0,0.00730806,0.00881587,-0.0717436,0.00938349,0.0124253,-0.0368775,1.73742,1.18832,0.87824,2.44038e-05,-6.467e-05,0.00029194,-0.000248661,0.0003233,0.00386171,1.75578,1.20968,0,0,0,0,0,0.896971,0,1,0.0160973,1,0,1,2,1.75578,1.20968,0,0.344544,0.487027,3.7308e-15,0,0,0,0,0,0,0,0,0,0,0,0,0.855775,1.20968,0,0,0,0,0,0,0,0,0,0,0,0,2,0.855775,1.20968,0,1,2,0,0,0,0,0,1.1914,-0.3585,3.2377,0,0,0,0,0,0,0,-0,0,1.49459,0,0,0,0,0,0,0,0,0,0,0,0,0,0,0,0,0,0,0,0,0,0,0,0,0,0,0,0
28.55,-0.00290927,-0.000648167,-0.00543316,0,0,0,2.99584,1.99494,-2.35528,0.00135838,0.000795237,0.0131867,-0.00237688,-0.000423398,-0.00141128,3,2,3.92699,0,0,0,0,0,0,0,0,0,0,0,2,3,2,3.92699,0,0,0,0,0,0,0,0,0,0,1.5708,1.5708,0,1.5708,1.5708,0,0.00829746,0.00723648,-0.0723302,0.00929208,0.0112001,-0.0369757,1.73739,1.18836,0.87841,-0.000263857,0.000395786,0.00169933,-0.00125388,0.00200022,0.008166,1.75578,1.20968,0,0,0,0,0,0.896971,0,1,0.0160973,1,0,1,2,1.75578,1.20968,0,0.344544,0.487027,3.7308e-15,0,0,0,0,0,0,0,0,0,0,0,0,0.855775,1.20968,0,0,0,0,0,0,0,0,0,0,0,0,2,0.855775,1.20968,0,1,2,0,0,0,0,0,1.1169,-0.4364,3.1611,0,0,0,0,0,0,0,-0,0,1.49474,0,0,0,0,0,0,0,0,0,0,0,0,0,0,0,0,0,0,0,0,0,0,0,0,0,0,0,0
28.6,-0.00290927,-0.000648167,-0.00543316,0,0,0,2.99584,1.99494,-2.35528,0.00135838,0.000795237,0.0131867,-0.00237688,-0.000423398,-0.00141128,3,2,3.92699,0,0,0,0,0,0,0,0,0,0,0,2,3,2,3.92699,0,0,0,0,0,0,0,0,0,0,1.5708,1.5708,0,1.5708,1.5708,0,0.00829746,0.00723648,-0.0723302,0.00929018,0.0112017,-0.0369757,1.73739,1.18836,0.87841,-0.000263857,0.000395786,0.00169933,-0.00125388,0.00200022,0.008166,1.75578,1.20968,0,0,0,0,0,0.904916,0,1,0.0181137,1,0,1,2,1.75578,1.20968,0,0.344544,0.487027,3.7308e-15,0,0,0,0,0,0,0,0,0,0,0,0,0.855775,1.20968,0,0,0,0,0,0,0,0,0,0,0,0,2,0.855775,1.20968,0,1,2,0,0,0,0,0,1.1169,-0.4364,3.1611,0,0,0,0,0,0,0,-0,0,1.49474,0,0,0,0,0,0,0,0,0,0,0,0,0,0,0,0,0,0,0,0,0,0,0,0,0,0,0,0
28.65,-0.00243474,-0.000606995,-0.00503696,0,0,0,2.99596,1.99502,-2.35408,0.00120343,0.000773808,0.0119716,-0.00188192,-0.000341329,-0.00707152,3,2,3.92699,0,0,0,0,0,0,0,0,0,0,0,2,3,2,3.92699,0,0,0,0,0,0,0,0,0,0,1.5708,1.5708,0,1.5708,1.5708,0,0.00625675,0.00990127,-0.0707074,0.00929018,0.0112017,-0.0369757,1.73742,1.18832,0.878185,0.000333201,-0.000384463,-0.00224377,0.00149621,-0.00168886,-0.0102662,1.75578,1.20968,0,0,0,0,0,0.904916,0,1,0.0181137,1,0,1,2,1.75578,1.20968,0,0.344544,0.487027,3.7308e-15,0,0,0,0,0,0,0,0,0,0,0,0,0.855775,1.20968,0,0,0,0,0,0,0,0,0,0,0,0,2,0.855775,1.20968,0,1,2,0,0,0,0,0,1.1169,-0.4364,3.1611,0,0,0,0,0,0,0,-0,0,1.49488,0,0,0,0,0,0,0,0,0,0,0,0,0,0,0,0,0,0,0,0,0,0,0,0,0,0,0,0
28.7,-0.00243474,-0.000606995,-0.00503696,0,0,0,2.99596,1.99502,-2.35408,0.00120343,0.000773808,0.0119716,-0.00188192,-0.000341329,-0.00707152,3,2,3.92699,0,0,0,0,0,0,0,0,0,0,0,2,3,2,3.92699,0,0,0,0,0,0,0,0,0,0,1.5708,1.5708,0,1.5708,1.5708,0,0.00625675,0.00990127,-0.0707074,0.00929269,0.0111996,-0.0369757,1.73742,1.18832,0.878185,0.000333201,-0.000384463,-0.00224377,0.00149621,-0.00168886,-0.0102662,1.75578,1.20968,0,0,0,0,0,0.887774,0,1,0.0106824,1,0,0.987184,2,1.75578,1.20968,0,0.344544,0.487027,3.7308e-15,0,0,0,0,0,0,0,0,0,0,0,0,0.855775,1.20968,0,0,0,0,0,0,0,0,0,0,0,0,2,0.855775,1.20968,0,1,2,0,0,0,0,0,1.1169,-0.4364,3.1611,0,0,0,0,0,0,0,-0,0,1.49488,0,0,0,0,0,0,0,0,0,0,0,0,0,0,0,0,0,0,0,0,0,0,0,0,0,0,0,0
28.75,-0.00195942,-0.0005183,-0.0043932,0,0,0,2.99606,1.99509,-2.35306,0.00105008,0.000738722,0.0101832,-0.00167791,-0.000335391,-0.0121799,3,2,3.92699,0,0,0,0,0,0,0,0,0,0,0,2,3,2,3.92699,0,0,0,0,0,0,0,0,0,0,1.5708,1.5708,0,1.5708,1.5708,0,0.00739232,0.00872589,-0.0716877,0.00929269,0.0111996,-0.0369757,1.73742,1.18832,0.878202,-1.22103e-06,-3.78519e-05,0.000162168,-6.56647e-05,-0.000128457,0.000954532,1.75578,1.20968,0,0,0,0,0,0.887774,0,1,0.0106824,1,0,0.987184,2,1.75578,1.20968,0,0.344544,0.487027,3.7308e-15,0,0,0,0,0,0,0,0,0,0,0,0,0.855775,1.20968,0,0,0,0,0,0,0,0,0,0,0,0,2,0.855775,1.20968,0,1,2,0,0,0,0,0,1.1903,-0.3657,3.2323,0,0,0,0,0,0,0,-0,0,1.49501,0,0,0,0,0,0,0,0,0,0,0,0,0,0,0,0,0,0,0,0,0,0,0,0,0,0,0,0
28.8,-0.00195942,-0.0005183,-0.0043932,0,0,0,2.99606,1.99509,-2.35306,0.00105008,0.000738722,0.0101832,-0.00167791,-0.000335391,-0.0121799,3,2,3.92699,0,0,0,0,0,0,0,0,0,0,0,2,3,2,3.92699,0,0,0,0,0,0,0,0,0,0,1.5708,1.5708,0,1.5708,1.5708,0,0.00739232,0.00872589,-0.0716877,0.00932363,0.0112372,-0.0369728,1.73742,1.18832,0.878202,-1.22103e-06,-3.78519e-05,0.000162168,-6.56647e-05,-0.000128457,0.000954532,1.75578,1.20968,0,0,0,0,0,0.896626,0,1,0.0157652,1,0,1,2,1.75578,1.20968,0,0.344544,0.487027,3.7308e-15,0,0,0,0,0,0,0,0,0,0,0,0,0.855775,1.20968,0,0,0,0,0,0,0,0,0,0,0,0,2,0.855775,1.20968,0,1,2,0,0,0,0,0,1.1903,-0.3657,3.2323,0,0,0,0,0,0,0,-0,0,1.49501,0,0,0,0,0,0,0,0,0,0,0,0,0,0,0,0,0,0,0,0,0,0,0,0,0,0,0,0
28.85,-0.000715926,-6.7317e-05,-0.00379316,0,0,0,2.99613,1.99515,-2.35221,0.000673636,0.000597974,0.00853534,-0.00248268,-0.000762012,-0.0145752,3,2,3.92699,0,0,0,0,0,0,0,0,0,0,0,2,3,2,3.92699,0,0,0,0,0,0,0,0,0,0,1.5708,1.5708,0,1.5708,1.5708,0,0.00931268,0.0059517,-0.073102,0.00932363,0.0112372,-0.0369728,1.73737,1.1884,0.878558,-0.000560143,0.000770044,0.00356632,-0.00248419,0.00336228,0.0156944,1.75578,1.20968,0,0,0,0,0,0.896626,0,1,0.0157652,1,0,1,2,1.75578,1.20968,0,0.344544,0.487027,3.7308e-15,0,0,0,0,0,0,0,0,0,0,0,0,0.855775,1.20968,0,0,0,0,0,0,0,0,0,0,0,0,2,0.855775,1.20968,0,1,2,0,0,0,0,0,1.1903,-0.3657,3.2323,0,0,0,0,0,0,0,-0,0,1.4951,0,0,0,0,0,0,0,0,0,0,0,0,0,0,0,0,0,0,0,0,0,0,0,0,0,0,0,0
28.9,-0.000715926,-6.7317e-05,-0.00379316,0,0,0,2.99613,1.99515,-2.35221,0.000673636,0.000597974,0.00853534,-0.00248268,-0.000762012,-0.0145752,3,2,3.92699,0,0,0,0,0,0,0,0,0,0,0,2,3,2,3.92699,0,0,0,0,0,0,0,0,0,0,1.5708,1.5708,0,1.5708,1.5708,0,0.00931268,0.0059517,-0.073102,0.00931962,0.0112406,-0.0369728,1.73737,1.1884,0.878558,-0.000560143,0.000770044,0.00356632,-0.00248419,0.00336228,0.0156944,1.75578,1.20968,0,0,0,0,0,0.91506,0,1,0.0185576,1,0,1,2,1.75578,1.20968,0,0.344544,0.487027,3.7308e-15,0,0,0,0,0,0,0,0,0,0,0,0,0.855775,1.20968,0,0,0,0,0,0,0,0,0,0,0,0,2,0.855775,1.20968,0,1,2,0,0,0,0,0,1.1903,-0.3657,3.2323,0,0,0,0,0,0,0,-0,0,1.4951,0,0,0,0,0,0,0,0,0,0,0,0,0,0,0,0,0,0,0,0,0,0,0,0,0,0,0,0
28.95,-0.000677991,-6.36879e-05,-0.00294382,0,0,0,2.9962,1.99521,-2.35158,0.000654593,0.000589867,0.00631857,-0.00167709,-0.00054879,-0.0179487,3,2,3.92699,0,0,0,0,0,0,0,0,0,0,0,2,3,2,3.92699,0,0,0,0,0,0,0,0,0,0,1.5708,1.5708,0,1.5708,1.5708,0,0.00596315,0.0102699,-0.0706222,0.00931962,0.0112406,-0.0369728,1.73741,1.18835,0.878311,0.000421333,-0.00049583,-0.00247829,0.00210322,-0.00256742,-0.0127371,1.75578,1.20968,0,0,0,0,0,0.91506,0,1,0.0185576,1,0,1,2,1.75578,1.20968,0,0.344544,0.487027,3.7308e-15,0,0,0,0,0,0,0,0,0,0,0,0,0.855775,1.20968,0,0,0,0,0,0,0,0,0,0,0,0,2,0.855775,1.20968,0,1,2,0,0,0,0,0,1.1291,-0.429,3.1698,0,0,0,0,0,0,0,-0,0,1.49518,0,0,0,0,0,0,0,0,0,0,0,0,0,0,0,0,0,0,0,0,0,0,0,0,0,0,0,0
29,-0.000677991,-6.36879e-05,-0.00294382,0,0,0,2.9962,1.99521,-2.35158,0.000654593,0.000589867,0.00631857,-0.00167709,-0.00054879,-0.0179487,3,2,3.92699,0,0,0,0,0,0,0,0,0,0,0,2,3,2,3.92699,0,0,0,0,0,0,0,0,0,0,1.5708,1.5708,0,1.5708,1.5708,0,0.00596315,0.0102699,-0.0706222,0.0093224,0.0112383,-0.0369728,1.73741,1.18835,0.878311,0.000421333,-0.00049583,-0.00247829,0.00210322,-0.00256742,-0.0127371,1.75578,1.20968,0,0,0,0,0,0.886317,0,1,0.010771,1,0,0.981944,2,1.75578,1.20968,0,0.344544,0.487027,3.7308e-15,0,0,0,0,0,0,0,0,0,0,0,0,0.855775,1.20968,0,0,0,0,0,0,0,0,0,0,0,0,2,0.855775,1.20968,0,1,2,0,0,0,0,0,1.1291,-0.429,3.1698,0,0,0,0,0,0,0,-0,0,1.49518,0,0,0,0,0,0,0,0,0,0,0,0,0,0,0,0,0,0,0,0,0,0,0,0,0,0,0,0
29.05,0.000272161,0.0024068,-0.00126079,0,0,0,2.99623,1.9952,-2.35137,0.000368693,-0.000140396,0.00213408,-0.00203945,-0.00321773,-0.0279448,3,2,3.92699,0,0,0,0,0,0,0,0,0,0,0,2,3,2,3.92699,0,0,0,0,0,0,0,0,0,0,1.5708,1.5708,0,1.5708,1.5708,0,0.00738119,0.00875409,-0.0715786,0.0082891,0.0139873,-0.0367497,1.73741,1.18834,0.878298,3.66252e-06,-4.88335e-05,-0.000125184,0.000215323,-0.000558606,-0.00209629,1.75578,1.20968,0,0,0,0,0,0.886317,0,1,0.010771,1,0,0.981944,2,1.75578,1.20968,0,0.344544,0.487027,3.7308e-15,0,0,0,0,0,0,0,0,0,0,0,0,0.855775,1.20968,0,0,0,0,0,0,0,0,0,0,0,0,2,0.855775,1.20968,0,1,2,0,0,0,0,0,1.1291,-0.429,3.1698,0,0,0,0,0,0,0,-0,0,1.49521,0,0,0,0,0,0,0,0,0,0,0,0,0,0,0,0,0,0,0,0,0,0,0,0,0,0,0,0
29.1,0.000272161,0.0024068,-0.00126079,0,0,0,2.99623,1.9952,-2.35137,0.000368693,-0.000140396,0.00213408,-0.00203945,-0.00321773,-0.0279448,3,2,3.92699,0,0,0,0,0,0,0,0,0,0,0,2,3,2,3.92699,0,0,0,0,0,0,0,0,0,0,1.5708,1.5708,0,1.5708,1.5708,0,0.00738119,0.00875409,-0.0715786,0.00828927,0.0139872,-0.0367497,1.73741,1.18834,0.878298,3.66252e-06,-4.88335e-05,-0.000125184,0.000215323,-0.000558606,-0.00209629,1.75578,1.20968,0,0,0,0,0,0.895598,0,1,0.0153422,1,0,1,2,1.75578,1.20968,0,0.344544,0.487027,3.7308e-15,0,0,0,0,0,0,0,0,0,0,0,0,0.855775,1.20968,0,0,0,0,0,0,0,0,0,0,0,0,2,0.855775,1.20968,0,1,2,0,0,0,0,0,1.1291,-0.429,3.1698,0,0,0,0,0,0,0,-0,0,1.49521,0,0,0,0,0,0,0,0,0,0,0,0,0,0,0,0,0,0,0,0,0,0,0,0,0,0,0,0
29.15,0.000624484,0.00321691,3.65461e-06,0,0,0,2.99626,1.99516,-2.35146,0.000261194,-0.000375924,-0.000958308,-0.00170331,-0.00323472,-0.0304908,3,2,3.92699,0,0,0,0,0,0,0,0,0,0,0,2,3,2,3.92699,0,0,0,0,0,0,0,0,0,0,1.5708,1.5708,0,1.5708,1.5708,0,0.00684848,0.00972469,-0.0711146,0.00828927,0.0139872,-0.0367497,1.73743,1.18831,0.878174,0.000158669,-0.000330764,-0.00124079,0.000493002,-0.00118992,-0.00427549,1.75578,1.20968,0,0,0,0,0,0.895598,0,1,0.0153422,1,0,1,2,1.75578,1.20968,0,0.344544,0.487027,3.7308e-15,0,0,0,0,0,0,0,0,0,0,0,0,0.855775,1.20968,0,0,0,0,0,0,0,0,0,0,0,0,2,0.855775,1.20968,0,1,2,0,0,0,0,0,1.1896,-0.3694,3.2295,0,0,0,0,0,0,0,-0,0,1.49521,0,0,0,0,0,0,0,0,0,0,0,0,0,0,0,0,0,0,0,0,0,0,0,0,0,0,0,0
29.2,0.000624484,0.00321691,3.65461e-06,0,0,0,2.99626,1.99516,-2.35146,0.000261194,-0.000375924,-0.000958308,-0.00170331,-0.00323472,-0.0304908,3,2,3.92699,0,0,0,0,0,0,0,0,0,0,0,2,3,2,3.92699,0,0,0,0,0,0,0,0,0,0,1.5708,1.5708,0,1.5708,1.5708,0,0.00684848,0.00972469,-0.0711146,0.00829101,0.0139862,-0.0367497,1.73743,1.18831,0.878174,0.000158669,-0.000330764,-0.00124079,0.000493002,-0.00118992,-0.00427549,1.75578,1.20968,0,0,0,0,0,0.889322,0,1,0.0140967,1,0,0.996017,2,1.75578,1.20968,0,0.344544,0.487027,3.7308e-15,0,0,0,0,0,0,0,0,0,0,0,0,0.855775,1.20968,0,0,0,0,0,0,0,0,0,0,0,0,2,0.855775,1.20968,0,1,2,0,0,0,0,0,1.1896,-0.3694,3.2295,0,0,0,0,0,0,0,-0,0,1.49521,0,0,0,0,0,0,0,0,0,0,0,0,0,0,0,0,0,0,0,0,0,0,0,0,0,0,0,0
29.25,0.00120588,0.00140603,-0.000324491,0,0,0,2.99627,1.99518,-2.35148,8.78927e-05,0.000158695,-0.000147823,-0.00166982,0.000191909,-0.015413,3,2,3.92699,0,0,0,0,0,0,0,0,0,0,0,2,3,2,3.92699,0,0,0,0,0,0,0,0,0,0,1.5708,1.5708,0,1.5708,1.5708,0,0.00747112,0.00833737,-0.0715838,0.00829101,0.0139862,-0.0367497,1.73742,1.18832,0.878165,-2.44147e-05,7.69062e-05,-8.58328e-05,-0.000398051,0.000829226,0.00175356,1.75578,1.20968,0,0,0,0,0,0.889322,0,1,0.0140967,1,0,0.996017,2,1.75578,1.20968,0,0.344544,0.487027,3.7308e-15,0,0,0,0,0,0,0,0,0,0,0,0,0.855775,1.20968,0,0,0,0,0,0,0,0,0,0,0,0,2,0.855775,1.20968,0,1,2,0,0,0,0,0,1.1896,-0.3694,3.2295,0,0,0,0,0,0,0,-0,0,1.49523,0,0,0,0,0,0,0,0,0,0,0,0,0,0,0,0,0,0,0,0,0,0,0,0,0,0,0,0
29.3,0.00120588,0.00140603,-0.000324491,0,0,0,2.99627,1.99518,-2.35148,8.78927e-05,0.000158695,-0.000147823,-0.00166982,0.000191909,-0.015413,3,2,3.92699,0,0,0,0,0,0,0,0,0,0,0,2,3,2,3.92699,0,0,0,0,0,0,0,0,0,0,1.5708,1.5708,0,1.5708,1.5708,0,0.00747112,0.00833737,-0.0715838,0.00926731,0.0111685,-0.0369781,1.73742,1.18832,0.878165,-2.44147e-05,7.69062e-05,-8.58328e-05,-0.000398051,0.000829226,0.00175356,1.75578,1.20968,0,0,0,0,0,0.897255,0,1,0.0144779,1,0,1,2,1.75578,1.20968,0,0.344544,0.487027,3.7308e-15,0,0,0,0,0,0,0,0,0,0,0,0,0.855775,1.20968,0,0,0,0,0,0,0,0,0,0,0,0,2,0.855775,1.20968,0,1,2,0,0,0,0,0,1.1896,-0.3694,3.2295,0,0,0,0,0,0,0,-0,0,1.49523,0,0,0,0,0,0,0,0,0,0,0,0,0,0,0,0,0,0,0,0,0,0,0,0,0,0,0,0
29.35,0.0011689,0.00176651,-0.000229355,0,0,0,2.99628,1.99518,-2.35151,9.76863e-05,5.12853e-05,-0.000374432,-0.000959027,0.000149721,-0.00812017,3,2,3.92699,0,0,0,0,0,0,0,0,0,0,0,2,3,2,3.92699,0,0,0,0,0,0,0,0,0,0,1.5708,1.5708,0,1.5708,1.5708,0,0.00711972,0.00851879,-0.0717167,0.00926731,0.0111685,-0.0369781,1.73743,1.18832,0.878189,7.81491e-05,2.32005e-05,0.000236107,5.02144e-05,0.000556547,0.00315512,1.75578,1.20968,0,0,0,0,0,0.897255,0,1,0.0144779,1,0,1,2,1.75578,1.20968,0,0.344544,0.487027,3.7308e-15,0,0,0,0,0,0,0,0,0,0,0,0,0.855775,1.20968,0,0,0,0,0,0,0,0,0,0,0,0,2,0.855775,1.20968,0,1,2,0,0,0,0,0,1.1897,-0.3693,3.2296,0,0,0,0,0,0,0,-0,0,1.49523,0,0,0,0,0,0,0,0,0,0,0,0,0,0,0,0,0,0,0,0,0,0,0,0,0,0,0,0
29.4,0.0011689,0.00176651,-0.000229355,0,0,0,2.99628,1.99518,-2.35151,9.76863e-05,5.12853e-05,-0.000374432,-0.000959027,0.000149721,-0.00812017,3,2,3.92699,0,0,0,0,0,0,0,0,0,0,0,2,3,2,3.92699,0,0,0,0,0,0,0,0,0,0,1.5708,1.5708,0,1.5708,1.5708,0,0.00711972,0.00851879,-0.0717167,0.00926705,0.0111688,-0.0369781,1.73743,1.18832,0.878189,7.81491e-05,2.32005e-05,0.000236107,5.02144e-05,0.000556547,0.00315512,1.75578,1.20968,0,0,0,0,0,0.899271,0,1,0.0140871,1,0,1,2,1.75578,1.20968,0,0.344544,0.487027,3.7308e-15,0,0,0,0,0,0,0,0,0,0,0,0,0.855775,1.20968,0,0,0,0,0,0,0,0,0,0,0,0,2,0.855775,1.20968,0,1,2,0,0,0,0,0,1.1897,-0.3693,3.2296,0,0,0,0,0,0,0,-0,0,1.49523,0,0,0,0,0,0,0,0,0,0,0,0,0,0,0,0,0,0,0,0,0,0,0,0,0,0,0,0
29.45,0.00119843,0.00224397,-0.00029652,0,0,0,2.99629,1.99517,-2.35153,8.78891e-05,-8.91098e-05,-0.000205036,-0.000518721,-0.000476753,-0.00321221,3,2,3.92699,0,0,0,0,0,0,0,0,0,0,0,2,3,2,3.92699,0,0,0,0,0,0,0,0,0,0,1.5708,1.5708,0,1.5708,1.5708,0,0.00761993,0.00862692,-0.0715816,0.00926705,0.0111688,-0.0369781,1.73743,1.18832,0.87818,-6.83581e-05,-8.54477e-06,-9.41736e-05,-0.000494519,0.000170451,0.000764714,1.75578,1.20968,0,0,0,0,0,0.899271,0,1,0.0140871,1,0,1,2,1.75578,1.20968,0,0.344544,0.487027,3.7308e-15,0,0,0,0,0,0,0,0,0,0,0,0,0.855775,1.20968,0,0,0,0,0,0,0,0,0,0,0,0,2,0.855775,1.20968,0,1,2,0,0,0,0,0,1.1897,-0.3693,3.2296,0,0,0,0,0,0,0,-0,0,1.49524,0,0,0,0,0,0,0,0,0,0,0,0,0,0,0,0,0,0,0,0,0,0,0,0,0,0,0,0
29.5,0.00119843,0.00224397,-0.00029652,0,0,0,2.99629,1.99517,-2.35153,8.78891e-05,-8.91098e-05,-0.000205036,-0.000518721,-0.000476753,-0.00321221,3,2,3.92699,0,0,0,0,0,0,0,0,0,0,0,2,3,2,3.92699,0,0,0,0,0,0,0,0,0,0,1.5708,1.5708,0,1.5708,1.5708,0,0.00761993,0.00862692,-0.0715816,0.00926715,0.0111687,-0.0369781,1.73743,1.18832,0.87818,-6.83581e-05,-8.54477e-06,-9.41736e-05,-0.000494519,0.000170451,0.000764714,1.75578,1.20968,0,0,0,0,0,0.895258,0,1,0.0156717,1,0,1,2,1.75578,1.20968,0,0.344544,0.487027,3.7308e-15,0,0,0,0,0,0,0,0,0,0,0,0,0.855775,1.20968,0,0,0,0,0,0,0,0,0,0,0,0,2,0.855775,1.20968,0,1,2,0,0,0,0,0,1.1897,-0.3693,3.2296,0,0,0,0,0,0,0,-0,0,1.49524,0,0,0,0,0,0,0,0,0,0,0,0,0,0,0,0,0,0,0,0,0,0,0,0,0,0,0,0
29.55,0.00116158,0.0020099,-0.000157513,0,0,0,2.9963,1.99517,-2.35159,9.76406e-05,-1.95281e-05,-0.000536356,-0.000212898,-9.30171e-05,-0.00258807,3,2,3.92699,0,0,0,0,0,0,0,0,0,0,0,2,3,2,3.92699,0,0,0,0,0,0,0,0,0,0,1.5708,1.5708,0,1.5708,1.5708,0,0.00911129,0.00647608,-0.0729646,0.00944727,0.0113858,-0.0369611,1.73738,1.18838,0.878504,-0.000501629,0.000617577,0.00323959,-0.00210195,0.00255197,0.0134568,1.75578,1.20968,0,0,0,0,0,0.895258,0,1,0.0156717,1,0,1,2,1.75578,1.20968,0,0.344544,0.487027,3.7308e-15,0,0,0,0,0,0,0,0,0,0,0,0,0.855775,1.20968,0,0,0,0,0,0,0,0,0,0,0,0,2,0.855775,1.20968,0,1,2,0,0,0,0,0,1.1898,-0.3693,3.2301,0,0,0,0,0,0,0,-0,0,1.49526,0,0,0,0,0,0,0,0,0,0,0,0,0,0,0,0,0,0,0,0,0,0,0,0,0,0,0,0
29.6,0.00116158,0.0020099,-0.000157513,0,0,0,2.9963,1.99517,-2.35159,9.76406e-05,-1.95281e-05,-0.000536356,-0.000212898,-9.30171e-05,-0.00258807,3,2,3.92699,0,0,0,0,0,0,0,0,0,0,0,2,3,2,3.92699,0,0,0,0,0,0,0,0,0,0,1.5708,1.5708,0,1.5708,1.5708,0,0.00911129,0.00647608,-0.0729646,0.00944358,0.0113888,-0.0369611,1.73738,1.18838,0.878504,-0.000501629,0.000617577,0.00323959,-0.00210195,0.00255197,0.0134568,1.75578,1.20968,0,0,0,0,0,0.911605,0,1,0.0200173,1,0,1,2,1.75578,1.20968,0,0.344544,0.487027,3.7308e-15,0,0,0,0,0,0,0,0,0,0,0,0,0.855775,1.20968,0,0,0,0,0,0,0,0,0,0,0,0,2,0.855775,1.20968,0,1,2,0,0,0,0,0,1.1898,-0.3693,3.2301,0,0,0,0,0,0,0,-0,0,1.49526,0,0,0,0,0,0,0,0,0,0,0,0,0,0,0,0,0,0,0,0,0,0,0,0,0,0,0,0
29.65,0.00140774,0.00206909,-0.000263772,0,0,0,2.9963,1.99517,-2.35161,2.44186e-05,-3.66279e-05,-0.000269463,-0.000379078,-7.22317e-05,-0.000402738,3,2,3.92699,0,0,0,0,0,0,0,0,0,0,0,2,3,2,3.92699,0,0,0,0,0,0,0,0,0,0,1.5708,1.5708,0,1.5708,1.5708,0,0.00575529,0.0105907,-0.0703329,0.00944358,0.0113888,-0.0369611,1.73742,1.18832,0.878187,0.000481046,-0.000587267,-0.0031644,0.00244713,-0.00295995,-0.0157926,1.75578,1.20968,0,0,0,0,0,0.911605,0,1,0.0200173,1,0,1,2,1.75578,1.20968,0,0.344544,0.487027,3.7308e-15,0,0,0,0,0,0,0,0,0,0,0,0,0.855775,1.20968,0,0,0,0,0,0,0,0,0,0,0,0,2,0.855775,1.20968,0,1,2,0,0,0,0,0,1.1898,-0.3693,3.2301,0,0,0,0,0,0,0,-0,0,1.49525,0,0,0,0,0,0,0,0,0,0,0,0,0,0,0,0,0,0,0,0,0,0,0,0,0,0,0,0
29.7,0.00140774,0.00206909,-0.000263772,0,0,0,2.9963,1.99517,-2.35161,2.44186e-05,-3.66279e-05,-0.000269463,-0.000379078,-7.22317e-05,-0.000402738,3,2,3.92699,0,0,0,0,0,0,0,0,0,0,0,2,3,2,3.92699,0,0,0,0,0,0,0,0,0,0,1.5708,1.5708,0,1.5708,1.5708,0,0.00575529,0.0105907,-0.0703329,0.00944718,0.0113858,-0.0369611,1.73742,1.18832,0.878187,0.000481046,-0.000587267,-0.0031644,0.00244713,-0.00295995,-0.0157926,1.75578,1.20968,0,0,0,0,0,0.883051,0,1,0.0100019,1,0,0.976021,2,1.75578,1.20968,0,0.344544,0.487027,3.7308e-15,0,0,0,0,0,0,0,0,0,0,0,0,0.855775,1.20968,0,0,0,0,0,0,0,0,0,0,0,0,2,0.855775,1.20968,0,1,2,0,0,0,0,0,1.1898,-0.3693,3.2301,0,0,0,0,0,0,0,-0,0,1.49525,0,0,0,0,0,0,0,0,0,0,0,0,0,0,0,0,0,0,0,0,0,0,0,0,0,0,0,0
29.75,0.00132337,0.00198299,-0.000278387,0,0,0,2.9963,1.99517,-2.35164,4.88337e-05,-1.09876e-05,-0.000228908,-0.000152535,6.18711e-05,0.000215773,3,2,3.92699,0,0,0,0,0,0,0,0,0,0,0,2,3,2,3.92699,0,0,0,0,0,0,0,0,0,0,1.5708,1.5708,0,1.5708,1.5708,0,0.00822756,0.00732575,-0.072269,0.00944718,0.0113858,-0.0369611,1.7374,1.18836,0.878343,-0.000244169,0.000369916,0.00156242,-0.000812533,0.00130114,0.00544459,1.75578,1.20968,0,0,0,0,0,0.883051,0,1,0.0100019,1,0,0.976021,2,1.75578,1.20968,0,0.344544,0.487027,3.7308e-15,0,0,0,0,0,0,0,0,0,0,0,0,0.855775,1.20968,0,0,0,0,0,0,0,0,0,0,0,0,2,0.855775,1.20968,0,1,2,0,0,0,0,0,1.2863,-0.2726,3.3265,0,0,0,0,0,0,0,-0,0,1.49525,0,0,0,0,0,0,0,0,0,0,0,0,0,0,0,0,0,0,0,0,0,0,0,0,0,0,0,0
29.8,0.00132337,0.00198299,-0.000278387,0,0,0,2.9963,1.99517,-2.35164,4.88337e-05,-1.09876e-05,-0.000228908,-0.000152535,6.18711e-05,0.000215773,3,2,3.92699,0,0,0,0,0,0,0,0,0,0,0,2,3,2,3.92699,0,0,0,0,0,0,0,0,0,0,1.5708,1.5708,0,1.5708,1.5708,0,0.00822756,0.00732575,-0.072269,0.00860588,0.0103752,-0.0370405,1.7374,1.18836,0.878343,-0.000244169,0.000369916,0.00156242,-0.000812533,0.00130114,0.00544459,1.75578,1.20968,0,0,0,0,0,0.904568,0,1,0.0174125,1,0,1,2,1.75578,1.20968,0,0.344544,0.487027,3.7308e-15,0,0,0,0,0,0,0,0,0,0,0,0,0.855775,1.20968,0,0,0,0,0,0,0,0,0,0,0,0,2,0.855775,1.20968,0,1,2,0,0,0,0,0,1.2863,-0.2726,3.3265,0,0,0,0,0,0,0,-0,0,1.49525,0,0,0,0,0,0,0,0,0,0,0,0,0,0,0,0,0,0,0,0,0,0,0,0,0,0,0,0
29.85,0.00134644,0.00181665,-0.000380301,0,0,0,2.99631,1.99517,-2.35163,4.15022e-05,3.78403e-05,2.14568e-05,-9.02112e-05,0.00025041,0.00121367,3,2,3.92699,0,0,0,0,0,0,0,0,0,0,0,2,3,2,3.92699,0,0,0,0,0,0,0,0,0,0,1.5708,1.5708,0,1.5708,1.5708,0,0.00659747,0.00981897,-0.0711598,0.00860588,0.0103752,-0.0370405,1.73742,1.18832,0.878229,0.000233145,-0.000360093,-0.00114079,0.000978042,-0.00155879,-0.00465698,1.75578,1.20968,0,0,0,0,0,0.904568,0,1,0.0174125,1,0,1,2,1.75578,1.20968,0,0.344544,0.487027,3.7308e-15,0,0,0,0,0,0,0,0,0,0,0,0,0.855775,1.20968,0,0,0,0,0,0,0,0,0,0,0,0,2,0.855775,1.20968,0,1,2,0,0,0,0,0,1.2863,-0.2726,3.3265,0,0,0,0,0,0,0,-0,0,1.49526,0,0,0,0,0,0,0,0,0,0,0,0,0,0,0,0,0,0,0,0,0,0,0,0,0,0,0,0
29.9,0.00134644,0.00181665,-0.000380301,0,0,0,2.99631,1.99517,-2.35163,4.15022e-05,3.78403e-05,2.14568e-05,-9.02112e-05,0.00025041,0.00121367,3,2,3.92699,0,0,0,0,0,0,0,0,0,0,0,2,3,2,3.92699,0,0,0,0,0,0,0,0,0,0,1.5708,1.5708,0,1.5708,1.5708,0,0.00659747,0.00981897,-0.0711598,0.00860706,0.0103742,-0.0370405,1.73742,1.18832,0.878229,0.000233145,-0.000360093,-0.00114079,0.000978042,-0.00155879,-0.00465698,1.75578,1.20968,0,0,0,0,0,0.890311,0,1,0.0138068,1,0,0.993805,2,1.75578,1.20968,0,0.344544,0.487027,3.7308e-15,0,0,0,0,0,0,0,0,0,0,0,0,0.855775,1.20968,0,0,0,0,0,0,0,0,0,0,0,0,2,0.855775,1.20968,0,1,2,0,0,0,0,0,1.2863,-0.2726,3.3265,0,0,0,0,0,0,0,-0,0,1.49526,0,0,0,0,0,0,0,0,0,0,0,0,0,0,0,0,0,0,0,0,0,0,0,0,0,0,0,0
29.95,0.00131136,0.00234893,-0.000362684,0,0,0,2.99631,1.99516,-2.35164,5.12855e-05,-0.000118445,-2.14643e-05,-6.67378e-06,-0.000448582,0.000692375,3,2,3.92699,0,0,0,0,0,0,0,0,0,0,0,2,3,2,3.92699,0,0,0,0,0,0,0,0,0,0,1.5708,1.5708,0,1.5708,1.5708,0,0.00745203,0.00856692,-0.0715433,0.00860706,0.0103742,-0.0370405,1.73742,1.18832,0.87821,-1.83162e-05,8.54758e-06,-0.000194372,-0.000175199,0.000149997,-0.000381643,1.75578,1.20968,0,0,0,0,0,0.890311,0,1,0.0138068,1,0,0.993805,2,1.75578,1.20968,0,0.344544,0.487027,3.7308e-15,0,0,0,0,0,0,0,0,0,0,0,0,0.855775,1.20968,0,0,0,0,0,0,0,0,0,0,0,0,2,0.855775,1.20968,0,1,2,0,0,0,0,0,1.1898,-0.369,3.2299,0,0,0,0,0,0,0,-0,0,1.49526,0,0,0,0,0,0,0,0,0,0,0,0,0,0,0,0,0,0,0,0,0,0,0,0,0,0,0,0
30,0.00131136,0.00234893,-0.000362684,0,0,0,2.99631,1.99516,-2.35164,5.12855e-05,-0.000118445,-2.14643e-05,-6.67378e-06,-0.000448582,0.000692375,3,2,3.92699,0,0,0,0,0,0,0,0,0,0,0,2,3,2,3.92699,0,0,0,0,0,0,0,0,0,0,1.5708,1.5708,0,1.5708,1.5708,0,0.00745203,0.00856692,-0.0715433,0.00860726,0.010374,-0.0370405,1.73742,1.18832,0.87821,-1.83162e-05,8.54758e-06,-0.000194372,-0.000175199,0.000149997,-0.000381643,1.75578,1.20968,0,0,0,0,0,0.896029,0,1,0.0146624,1,0,1,2,1.75578,1.20968,0,0.344544,0.487027,3.7308e-15,0,0,0,0,0,0,0,0,0,0,0,0,0.855775,1.20968,0,0,0,0,0,0,0,0,0,0,0,0,2,0.855775,1.20968,0,1,2,0,0,0,0,0,1.1898,-0.369,3.2299,0,0,0,0,0,0,0,-0,0,1.49526,0,0,0,0,0,0,0,0,0,0,0,0,0,0,0,0,0,0,0,0,0,0,0,0,0,0,0,0
30.05,0.00180128,0.00209088,-0.000366466,0,0,0,2.9963,1.99515,-2.35164,-9.27592e-05,-4.14976e-05,-1.19191e-05,-0.000568228,-5.6601e-05,0.00038329,3,2,3.92699,0,0,0,0,0,0,0,0,0,0,0,2,3,2,3.92699,0,0,0,0,0,0,0,0,0,0,1.5708,1.5708,0,1.5708,1.5708,0,0.00908816,0.00627701,-0.0728985,0.00937738,0.0113022,-0.0369677,1.73737,1.18839,0.878517,-0.000494309,0.000674946,0.00307453,-0.00216329,0.00298417,0.0134113,1.75578,1.20968,0,0,0,0,0,0.896029,0,1,0.0146624,1,0,1,2,1.75578,1.20968,0,0.344544,0.487027,3.7308e-15,0,0,0,0,0,0,0,0,0,0,0,0,0.855775,1.20968,0,0,0,0,0,0,0,0,0,0,0,0,2,0.855775,1.20968,0,1,2,0,0,0,0,0,1.1898,-0.369,3.2299,0,0,0,0,0,0,0,-0,0,1.49525,0,0,0,0,0,0,0,0,0,0,0,0,0,0,0,0,0,0,0,0,0,0,0,0,0,0,0,0
30.1,0.00180128,0.00209088,-0.000366466,0,0,0,2.9963,1.99515,-2.35164,-9.27592e-05,-4.14976e-05,-1.19191e-05,-0.000568228,-5.6601e-05,0.00038329,3,2,3.92699,0,0,0,0,0,0,0,0,0,0,0,2,3,2,3.92699,0,0,0,0,0,0,0,0,0,0,1.5708,1.5708,0,1.5708,1.5708,0,0.00908816,0.00627701,-0.0728985,0.00937391,0.0113051,-0.0369677,1.73737,1.18839,0.878517,-0.000494309,0.000674946,0.00307453,-0.00216329,0.00298417,0.0134113,1.75578,1.20968,0,0,0,0,0,0.912112,0,1,0.0189729,1,0,1,2,1.75578,1.20968,0,0.344544,0.487027,3.7308e-15,0,0,0,0,0,0,0,0,0,0,0,0,0.855775,1.20968,0,0,0,0,0,0,0,0,0,0,0,0,2,0.855775,1.20968,0,1,2,0,0,0,0,0,1.1898,-0.369,3.2299,0,0,0,0,0,0,0,-0,0,1.49525,0,0,0,0,0,0,0,0,0,0,0,0,0,0,0,0,0,0,0,0,0,0,0,0,0,0,0,0
30.15,0.001288,0.00129182,-0.000246742,0,0,0,2.99631,1.99517,-2.35167,5.86153e-05,0.000192942,-0.000300518,0.000187679,0.000955847,-0.000964763,3,2,3.92699,0,0,0,0,0,0,0,0,0,0,0,2,3,2,3.92699,0,0,0,0,0,0,0,0,0,0,1.5708,1.5708,0,1.5708,1.5708,0,0.00724193,0.00848066,-0.071648,0.00937391,0.0113051,-0.0369677,1.73738,1.18839,0.878518,4.8846e-05,2.56441e-05,1.19253e-06,0.000602565,-0.000419407,-0.00236239,1.75578,1.20968,0,0,0,0,0,0.912112,0,1,0.0189729,1,0,1,2,1.75578,1.20968,0,0.344544,0.487027,3.7308e-15,0,0,0,0,0,0,0,0,0,0,0,0,0.855775,1.20968,0,0,0,0,0,0,0,0,0,0,0,0,2,0.855775,1.20968,0,1,2,0,0,0,0,0,1.1897,-0.3693,3.2301,0,0,0,0,0,0,0,-0,0,1.49526,0,0,0,0,0,0,0,0,0,0,0,0,0,0,0,0,0,0,0,0,0,0,0,0,0,0,0,0
30.2,0.001288,0.00129182,-0.000246742,0,0,0,2.99631,1.99517,-2.35167,5.86153e-05,0.000192942,-0.000300518,0.000187679,0.000955847,-0.000964763,3,2,3.92699,0,0,0,0,0,0,0,0,0,0,0,2,3,2,3.92699,0,0,0,0,0,0,0,0,0,0,1.5708,1.5708,0,1.5708,1.5708,0,0.00724193,0.00848066,-0.071648,0.00937391,0.0113051,-0.0369677,1.73738,1.18839,0.878518,4.8846e-05,2.56441e-05,1.19253e-06,0.000602565,-0.000419407,-0.00236239,1.75578,1.20968,0,0,0,0,0,0.898351,0,1,0.0140467,1,0,1,2,1.75578,1.20968,0,0.344544,0.487027,3.7308e-15,0,0,0,0,0,0,0,0,0,0,0,0,0.855775,1.20968,0,0,0,0,0,0,0,0,0,0,0,0,2,0.855775,1.20968,0,1,2,0,0,0,0,0,1.1897,-0.3693,3.2301,0,0,0,0,0,0,0,-0,0,1.49526,0,0,0,0,0,0,0,0,0,0,0,0,0,0,0,0,0,0,0,0,0,0,0,0,0,0,0,0
30.25,0.00129406,0.00178463,-0.000406413,0,0,0,2.99631,1.99518,-2.35166,5.61479e-05,4.63831e-05,9.05919e-05,0.000205196,0.00012556,0.000800714,3,2,3.92699,0,0,0,0,0,0,0,0,0,0,0,2,3,2,3.92699,0,0,0,0,0,0,0,0,0,0,1.5708,1.5708,0,1.5708,1.5708,0,0.00603644,0.0103836,-0.0706671,0.00937391,0.0113051,-0.0369677,1.73742,1.18834,0.878281,0.00039914,-0.000528524,-0.00236195,0.00213585,-0.00292671,-0.0129956,1.75578,1.20968,0,0,0,0,0,0.898351,0,1,0.0140467,1,0,1,2,1.75578,1.20968,0,0.344544,0.487027,3.7308e-15,0,0,0,0,0,0,0,0,0,0,0,0,0.855775,1.20968,0,0,0,0,0,0,0,0,0,0,0,0,2,0.855775,1.20968,0,1,2,0,0,0,0,0,1.1897,-0.3693,3.2301,0,0,0,0,0,0,0,-0,0,1.49526,0,0,0,0,0,0,0,0,0,0,0,0,0,0,0,0,0,0,0,0,0,0,0,0,0,0,0,0
30.3,0.00129406,0.00178463,-0.000406413,0,0,0,2.99631,1.99518,-2.35166,5.61479e-05,4.63831e-05,9.05919e-05,0.000205196,0.00012556,0.000800714,3,2,3.92699,0,0,0,0,0,0,0,0,0,0,0,2,3,2,3.92699,0,0,0,0,0,0,0,0,0,0,1.5708,1.5708,0,1.5708,1.5708,0,0.00603644,0.0103836,-0.0706671,0.00836547,0.0140387,-0.0367458,1.73742,1.18834,0.878281,0.00039914,-0.000528524,-0.00236195,0.00213585,-0.00292671,-0.0129956,1.75578,1.20968,0,0,0,0,0,0.885692,0,1,0.0117342,1,0,0.982124,2,1.75578,1.20968,0,0.344544,0.487027,3.7308e-15,0,0,0,0,0,0,0,0,0,0,0,0,0.855775,1.20968,0,0,0,0,0,0,0,0,0,0,0,0,2,0.855775,1.20968,0,1,2,0,0,0,0,0,1.1897,-0.3693,3.2301,0,0,0,0,0,0,0,-0,0,1.49526,0,0,0,0,0,0,0,0,0,0,0,0,0,0,0,0,0,0,0,0,0,0,0,0,0,0,0,0
30.35,0.00182554,0.00283362,-0.000365646,0,0,0,2.9963,1.99515,-2.35166,-0.00010012,-0.00026129,-9.53891e-06,-0.000498852,-0.00126642,0.000319723,3,2,3.92699,0,0,0,0,0,0,0,0,0,0,0,2,3,2,3.92699,0,0,0,0,0,0,0,0,0,0,1.5708,1.5708,0,1.5708,1.5708,0,0.00693866,0.00916372,-0.071311,0.00836547,0.0140387,-0.0367458,1.73743,1.18832,0.878205,0.000131866,-0.000167274,-0.000764305,0.000421889,-0.000653082,-0.00285786,1.75578,1.20968,0,0,0,0,0,0.885692,0,1,0.0117342,1,0,0.982124,2,1.75578,1.20968,0,0.344544,0.487027,3.7308e-15,0,0,0,0,0,0,0,0,0,0,0,0,0.855775,1.20968,0,0,0,0,0,0,0,0,0,0,0,0,2,0.855775,1.20968,0,1,2,0,0,0,0,0,1.1898,-0.369,3.2299,0,0,0,0,0,0,0,-0,0,1.49524,0,0,0,0,0,0,0,0,0,0,0,0,0,0,0,0,0,0,0,0,0,0,0,0,0,0,0,0
30.4,0.00182554,0.00283362,-0.000365646,0,0,0,2.9963,1.99515,-2.35166,-0.00010012,-0.00026129,-9.53891e-06,-0.000498852,-0.00126642,0.000319723,3,2,3.92699,0,0,0,0,0,0,0,0,0,0,0,2,3,2,3.92699,0,0,0,0,0,0,0,0,0,0,1.5708,1.5708,0,1.5708,1.5708,0,0.00693866,0.00916372,-0.071311,0.00836655,0.0140381,-0.0367458,1.73743,1.18832,0.878205,0.000131866,-0.000167274,-0.000764305,0.000421889,-0.000653082,-0.00285786,1.75578,1.20968,0,0,0,0,0,0.893721,0,1,0.0130087,1,0,1,2,1.75578,1.20968,0,0.344544,0.487027,3.7308e-15,0,0,0,0,0,0,0,0,0,0,0,0,0.855775,1.20968,0,0,0,0,0,0,0,0,0,0,0,0,2,0.855775,1.20968,0,1,2,0,0,0,0,0,1.1898,-0.369,3.2299,0,0,0,0,0,0,0,-0,0,1.49524,0,0,0,0,0,0,0,0,0,0,0,0,0,0,0,0,0,0,0,0,0,0,0,0,0,0,0,0
30.45,0.00115408,0.00158482,-0.000473284,0,0,0,2.99631,1.99516,-2.35164,9.76499e-05,0.000107415,0.000250323,0.000395368,0.00052429,0.00116523,3,2,3.92699,0,0,0,0,0,0,0,0,0,0,0,2,3,2,3.92699,0,0,0,0,0,0,0,0,0,0,1.5708,1.5708,0,1.5708,1.5708,0,0.00898841,0.00627661,-0.0727406,0.00836655,0.0140381,-0.0367458,1.73738,1.18839,0.878474,-0.000466279,0.000675006,0.00269515,-0.0023686,0.00328101,0.0134787,1.75578,1.20968,0,0,0,0,0,0.893721,0,1,0.0130087,1,0,1,2,1.75578,1.20968,0,0.344544,0.487027,3.7308e-15,0,0,0,0,0,0,0,0,0,0,0,0,0.855775,1.20968,0,0,0,0,0,0,0,0,0,0,0,0,2,0.855775,1.20968,0,1,2,0,0,0,0,0,1.1898,-0.369,3.2299,0,0,0,0,0,0,0,-0,0,1.49526,0,0,0,0,0,0,0,0,0,0,0,0,0,0,0,0,0,0,0,0,0,0,0,0,0,0,0,0
30.5,0.00115408,0.00158482,-0.000473284,0,0,0,2.99631,1.99516,-2.35164,9.76499e-05,0.000107415,0.000250323,0.000395368,0.00052429,0.00116523,3,2,3.92699,0,0,0,0,0,0,0,0,0,0,0,2,3,2,3.92699,0,0,0,0,0,0,0,0,0,0,1.5708,1.5708,0,1.5708,1.5708,0,0.00898841,0.00627661,-0.0727406,0.00836276,0.0140403,-0.0367458,1.73738,1.18839,0.878474,-0.000466279,0.000675006,0.00269515,-0.0023686,0.00328101,0.0134787,1.75578,1.20968,0,0,0,0,0,0.911305,0,1,0.0176334,1,0,1,2,1.75578,1.20968,0,0.344544,0.487027,3.7308e-15,0,0,0,0,0,0,0,0,0,0,0,0,0.855775,1.20968,0,0,0,0,0,0,0,0,0,0,0,0,2,0.855775,1.20968,0,1,2,0,0,0,0,0,1.1898,-0.369,3.2299,0,0,0,0,0,0,0,-0,0,1.49526,0,0,0,0,0,0,0,0,0,0,0,0,0,0,0,0,0,0,0,0,0,0,0,0,0,0,0,0
30.55,0.00125855,0.00264776,-0.000334999,0,0,0,2.99632,1.99514,-2.35164,6.59114e-05,-0.000205058,-8.82061e-05,0.000231589,-0.000691407,-0.000538695,3,2,3.92699,0,0,0,0,0,0,0,0,0,0,0,2,3,2,3.92699,0,0,0,0,0,0,0,0,0,0,1.5708,1.5708,0,1.5708,1.5708,0,0.00803421,0.00793114,-0.0721753,0.00799708,0.00964378,-0.037098,1.73736,1.18841,0.878603,-0.000183087,0.000185528,0.00128018,-0.000668186,0.000546485,0.00464962,1.75578,1.20968,0,0,0,0,0,0.911305,0,1,0.0176334,1,0,1,2,1.75578,1.20968,0,0.344544,0.487027,3.7308e-15,0,0,0,0,0,0,0,0,0,0,0,0,0.855775,1.20968,0,0,0,0,0,0,0,0,0,0,0,0,2,0.855775,1.20968,0,1,2,0,0,0,0,0,1.1898,-0.3692,3.2303,0,0,0,0,0,0,0,-0,0,1.49526,0,0,0,0,0,0,0,0,0,0,0,0,0,0,0,0,0,0,0,0,0,0,0,0,0,0,0,0
30.6,0.00125855,0.00264776,-0.000334999,0,0,0,2.99632,1.99514,-2.35164,6.59114e-05,-0.000205058,-8.82061e-05,0.000231589,-0.000691407,-0.000538695,3,2,3.92699,0,0,0,0,0,0,0,0,0,0,0,2,3,2,3.92699,0,0,0,0,0,0,0,0,0,0,1.5708,1.5708,0,1.5708,1.5708,0,0.00803421,0.00793114,-0.0721753,0.00799585,0.00964481,-0.037098,1.73736,1.18841,0.878603,-0.000183087,0.000185528,0.00128018,-0.000668186,0.000546485,0.00464962,1.75578,1.20968,0,0,0,0,0,0.901648,0,1,0.0182055,1,0,1,2,1.75578,1.20968,0,0.344544,0.487027,3.7308e-15,0,0,0,0,0,0,0,0,0,0,0,0,0.855775,1.20968,0,0,0,0,0,0,0,0,0,0,0,0,2,0.855775,1.20968,0,1,2,0,0,0,0,0,1.1898,-0.3692,3.2303,0,0,0,0,0,0,0,-0,0,1.49526,0,0,0,0,0,0,0,0,0,0,0,0,0,0,0,0,0,0,0,0,0,0,0,0,0,0,0,0
30.65,0.00180629,0.00148857,-0.000509228,0,0,0,2.99631,1.99516,-2.35161,-9.52337e-05,0.000136746,0.000333852,-0.000527014,0.000786154,0.0011324,3,2,3.92699,0,0,0,0,0,0,0,0,0,0,0,2,3,2,3.92699,0,0,0,0,0,0,0,0,0,0,1.5708,1.5708,0,1.5708,1.5708,0,0.00730768,0.00889249,-0.071621,0.00799585,0.00964481,-0.037098,1.73737,1.1884,0.878594,3.05236e-05,-9.64546e-05,-8.04822e-05,0.000682492,-0.0011687,-0.00384024,1.75578,1.20968,0,0,0,0,0,0.901648,0,1,0.0182055,1,0,1,2,1.75578,1.20968,0,0.344544,0.487027,3.7308e-15,0,0,0,0,0,0,0,0,0,0,0,0,0.855775,1.20968,0,0,0,0,0,0,0,0,0,0,0,0,2,0.855775,1.20968,0,1,2,0,0,0,0,0,1.1898,-0.3692,3.2303,0,0,0,0,0,0,0,-0,0,1.49526,0,0,0,0,0,0,0,0,0,0,0,0,0,0,0,0,0,0,0,0,0,0,0,0,0,0,0,0
30.7,0.00180629,0.00148857,-0.000509228,0,0,0,2.99631,1.99516,-2.35161,-9.52337e-05,0.000136746,0.000333852,-0.000527014,0.000786154,0.0011324,3,2,3.92699,0,0,0,0,0,0,0,0,0,0,0,2,3,2,3.92699,0,0,0,0,0,0,0,0,0,0,1.5708,1.5708,0,1.5708,1.5708,0,0.00730768,0.00889249,-0.071621,0.00799592,0.00964474,-0.037098,1.73737,1.1884,0.878594,3.05236e-05,-9.64546e-05,-8.04822e-05,0.000682492,-0.0011687,-0.00384024,1.75578,1.20968,0,0,0,0,0,0.895509,0,1,0.0158486,1,0,1,2,1.75578,1.20968,0,0.344544,0.487027,3.7308e-15,0,0,0,0,0,0,0,0,0,0,0,0,0.855775,1.20968,0,0,0,0,0,0,0,0,0,0,0,0,2,0.855775,1.20968,0,1,2,0,0,0,0,0,1.1898,-0.3692,3.2303,0,0,0,0,0,0,0,-0,0,1.49526,0,0,0,0,0,0,0,0,0,0,0,0,0,0,0,0,0,0,0,0,0,0,0,0,0,0,0,0
30.75,0.00150153,0.00221271,-0.000170047,0,0,0,2.99631,1.99515,-2.35166,-4.88115e-06,-7.68782e-05,-0.000490975,-5.81147e-05,-0.000181563,-0.00238964,3,2,3.92699,0,0,0,0,0,0,0,0,0,0,0,2,3,2,3.92699,0,0,0,0,0,0,0,0,0,0,1.5708,1.5708,0,1.5708,1.5708,0,0.00736101,0.00869914,-0.0715694,0.00799592,0.00964474,-0.037098,1.73737,1.1884,0.878574,1.46434e-05,-3.90492e-05,-0.000203183,0.000529093,-0.000704459,-0.00394478,1.75578,1.20968,0,0,0,0,0,0.895509,0,1,0.0158486,1,0,1,2,1.75578,1.20968,0,0.344544,0.487027,3.7308e-15,0,0,0,0,0,0,0,0,0,0,0,0,0.855775,1.20968,0,0,0,0,0,0,0,0,0,0,0,0,2,0.855775,1.20968,0,1,2,0,0,0,0,0,1.1898,-0.3692,3.2302,0,0,0,0,0,0,0,-0,0,1.49525,0,0,0,0,0,0,0,0,0,0,0,0,0,0,0,0,0,0,0,0,0,0,0,0,0,0,0,0
30.8,0.00150153,0.00221271,-0.000170047,0,0,0,2.99631,1.99515,-2.35166,-4.88115e-06,-7.68782e-05,-0.000490975,-5.81147e-05,-0.000181563,-0.00238964,3,2,3.92699,0,0,0,0,0,0,0,0,0,0,0,2,3,2,3.92699,0,0,0,0,0,0,0,0,0,0,1.5708,1.5708,0,1.5708,1.5708,0,0.00736101,0.00869914,-0.0715694,0.00938308,0.0113175,-0.0369667,1.73737,1.1884,0.878574,1.46434e-05,-3.90492e-05,-0.000203183,0.000529093,-0.000704459,-0.00394478,1.75578,1.20968,0,0,0,0,0,0.89592,0,1,0.0150043,1,0,1,2,1.75578,1.20968,0,0.344544,0.487027,3.7308e-15,0,0,0,0,0,0,0,0,0,0,0,0,0.855775,1.20968,0,0,0,0,0,0,0,0,0,0,0,0,2,0.855775,1.20968,0,1,2,0,0,0,0,0,1.1898,-0.3692,3.2302,0,0,0,0,0,0,0,-0,0,1.49525,0,0,0,0,0,0,0,0,0,0,0,0,0,0,0,0,0,0,0,0,0,0,0,0,0,0,0,0
30.85,0.00131818,0.00194071,-0.000471414,0,0,0,2.99632,1.99515,-2.35164,4.88579e-05,3.66434e-06,0.000245721,0.000243295,8.19142e-05,0.00103253,3,2,3.92699,0,0,0,0,0,0,0,0,0,0,0,2,3,2,3.92699,0,0,0,0,0,0,0,0,0,0,1.5708,1.5708,0,1.5708,1.5708,0,0.00589578,0.0104844,-0.0704978,0.00938308,0.0113175,-0.0369667,1.73741,1.18834,0.878296,0.000440944,-0.000558203,-0.00278107,0.00200016,-0.00243433,-0.0126823,1.75578,1.20968,0,0,0,0,0,0.89592,0,1,0.0150043,1,0,1,2,1.75578,1.20968,0,0.344544,0.487027,3.7308e-15,0,0,0,0,0,0,0,0,0,0,0,0,0.855775,1.20968,0,0,0,0,0,0,0,0,0,0,0,0,2,0.855775,1.20968,0,1,2,0,0,0,0,0,1.1898,-0.3692,3.2302,0,0,0,0,0,0,0,-0,0,1.49525,0,0,0,0,0,0,0,0,0,0,0,0,0,0,0,0,0,0,0,0,0,0,0,0,0,0,0,0
