0,0,0,0,0,0,0,0,0,0,0,0,0,0,0,0,0,0,0,0,0,0,0,0,0,0,0,0,0,0,0,0,0,0,0,0,0,0,0,0,0,0,0,0,0,0,0,0,0,0,0,0,0,0,0,0,0,0,0,0,0,0,0,0,0,0,0,0,0,0,0,0,0,0,0,0,0,0,0,0,0,0,0,0,0,0,0,0,0,0,0,0,0,0,0,0,0,0,0,0,0,0,0,0,0,0,0,0,0,0,0,0,0,0,0,0,0,0,0,0,0,0,0,0,0,0,0,0,0,0,0,0,0,0,0,0,0,0,0,0,0,0,0,0,0,0,0,0,0,0,0,0,0,0,0,0,0,0,0,0,0,0,0,0,0,0,0,0,0
0,0,0,0,0,0,0,3.04108,2.02287,-2.35879,2.44036e-06,0.000100055,-0.000176354,0.00691771,0.00460153,-0.00536567,0,0,0,0,0,0,0,0,0,0,0,0,0,0,0,0,0,0,0,0,0,0,0,0,0,0,0,0,0,0,0,0,0,0,0,0,0,0,0,0,1.77132,1.23123,0.0215693,-2.8064e-05,1.22018e-05,0.00016913,0.00402932,0.00280075,4.90649e-05,0,0,0,0,0,0,0,0,0,0,0,0,0,0,0,0,0,0,0,0,0,0,0,0,0,0,0,0,0,0,0,0,0,0,0,0,0,0,0,0,0,0,0,0,0,0,0,0,0,0,0,0,2,0,0,0,0,0,1.7913,1.2044,0.0216,0,0,0,0,0,0,0,-0,0,1.49632,0,0,0,0,0,0,0,0,0,0,0,0,0,0,0,0,0,0,0,0,0,0,0,0,0,0,0,0,0,0,0,0,0
0,0,0,0,0,0,0,3.04109,2.02288,-2.3588,2.44258e-05,0.000130678,-3.33947e-05,-0.916931,-0.609467,0.711153,0,0,0,0,0,0,0,0,0,0,0,0,0,0,0,0,0,0,0,0,0,0,0,0,0,0,0,0,0,0,0,0,0,0,0,0,0,0,0,0,1.77132,1.23123,0.0215331,1.83194e-05,-1.95407e-05,-0.000362832,-0.534063,-0.371353,-0.00795384,0,0,0,0,0,0,0,0,0,0,0,0,0,0,0,0,0,0,0,0,0,0,0,0,0,0,0,0,0,0,0,0,0,0,0,0,0,0,0,0,0,0,0,0,0,0,0,0,0,0,0,0,2,0,0,0,0,0,1.7913,1.2044,0.0216,0,0,0,0,0,0,0,-0,0,1.49633,0,0,0,0,0,0,0,0,0,0,0,0,0,0,0,0,0,0,0,0,0,0,0,0,0,0,0,0,0,0,0,0,0
0.05,0,0,0,0,0,0,3.04109,2.02286,-2.35878,1.46508e-05,-0.000191681,0.000176458,-0.33744,-0.225384,0.262499,0,0,0,0,0,0,0,0,0,0,0,0,0,0,0,0,0,0,0,0,0,0,0,0,0,0,0,0,0,0,0,0,0,0,0,0,0,0,0,0,1.77132,1.23123,0.0215534,1.22089e-06,-4.88358e-05,0.000203526,-0.19658,-0.136806,-0.00119779,0,0,0,0,0,0,0,0,0,0,0,0,0,0,0,0,0,0,0,0,0,0,0,0,0,0,0,0,0,0,0,0,0,0,0,0,0,0,0,0,0,0,0,0,0,0,0,0,0,0,0,0,2,0,0,0,0,0,1.7913,1.2044,0.0216,0,0,0,0,0,0,0,-0,0,1.49633,0,0,0,0,0,0,0,0,0,0,0,0,0,0,0,0,0,0,0,0,0,0,0,0,0,0,0,0,0,0,0,0,0
0.1,0,0,0,0,0,0,3.04109,2.02287,-2.35879,-1.70892e-05,4.15024e-05,-7.15229e-05,-0.124275,-0.082392,0.0958749,0,0,0,0,0,0,0,0,0,0,0,0,0,0,0,0,0,0,0,0,0,0,0,0,0,0,0,0,0,0,0,0,0,0,0,0,0,0,0,0,1.77132,1.23124,0.0215417,-1.46479e-05,0.000103756,-0.000117547,-0.072402,-0.0497759,-0.00108722,0,0,0,0,0,0,0,0,0,0,0,0,0,0,0,0,0,0,0,0,0,0,0,0,0,0,0,0,0,0,0,0,0,0,0,0,0,0,0,0,0,0,0,0,0,0,0,0,0,0,0,0,2,0,0,0,0,0,1.7913,1.2044,0.0216,0,0,0,0,0,0,0,-0,0,1.49632,0,0,0,0,0,0,0,0,0,0,0,0,0,0,0,0,0,0,0,0,0,0,0,0,0,0,0,0,0,0,0,0,0
0.15,0,0,0,0,0,0,3.04108,2.02283,-2.35877,-5.61615e-05,-0.000376038,0.000131152,-0.0459235,-0.0317857,0.0358242,0,0,0,0,0,0,0,0,0,0,0,0,0,0,0,0,0,0,0,0,0,0,0,0,0,0,0,0,0,0,0,0,0,0,0,0,0,0,0,0,1.77132,1.23124,0.0215318,-3.6627e-06,-2.07553e-05,-9.85872e-05,-0.0266215,-0.0186054,-0.000562054,0,0,0,0,0,0,0,0,0,0,0,0,0,0,0,0,0,0,0,0,0,0,0,0,0,0,0,0,0,0,0,0,0,0,0,0,0,0,0,0,0,0,0,0,0,0,0,0,0,0,0,0,2,0,0,0,0,0,1.1842,-0.3086,2.336,0,0,0,0,0,0,0,-0,0,1.4963,0,0,0,0,0,0,0,0,0,0,0,0,0,0,0,0,0,0,0,0,0,0,0,0,0,0,0,0,0,0,0,0,0
0.2,0,0,0,0,0,0,3.04108,2.02284,-2.35867,-4.88288e-05,0.000153811,0.00102045,-0.0169415,-0.0101197,0.0169369,0,0,0,0,0,0,0,0,0,0,0,0,0,0,0,0,0,0,0,0,0,0,0,0,0,0,0,0,0,0,0,0,0,0,0,0,0,0,0,0,1.77133,1.23123,0.0215527,5.49325e-05,-4.15045e-05,0.00020875,-0.00955485,-0.00703591,0.000961588,0,0,0,0,0,0,0,0,0,0,0,0,0,0,0,0,0,0,0,0,0,0,0,0,0,0,0,0,0,0,0,0,0,0,0,0,0,0,0,0,0,0,0,0,0,0,0,0,0,0,0,0,2,0,0,0,0,0,1.1842,-0.3086,2.336,0,0,0,0,0,0,0,-0,0,1.4963,0,0,0,0,0,0,0,0,0,0,0,0,0,0,0,0,0,0,0,0,0,0,0,0,0,0,0,0,0,0,0,0,0
0.25,0,0,0,0,0,0,3.04109,2.02288,-2.35873,0.000100093,0.000328355,-0.000581716,-0.00565402,-0.00244596,0.00121081,0,0,0,0,0,0,0,0,0,0,0,0,0,0,0,0,0,0,0,0,0,0,0,0,0,0,0,0,0,0,0,0,0,0,0,0,0,0,0,0,1.77133,1.23124,0.0216283,9.76518e-06,3.66194e-05,0.00075564,-0.00360731,-0.00234633,0.00296886,0,0,0,0,0,0,0,0,0,0,0,0,0,0,0,0,0,0,0,0,0,0,0,0,0,0,0,0,0,0,0,0,0,0,0,0,0,0,0,0,0,0,0,0,0,0,0,0,0,0,0,0,2,0,0,0,0,0,1.1842,-0.3086,2.336,0,0,0,0,0,0,0,-0,0,1.49632,0,0,0,0,0,0,0,0,0,0,0,0,0,0,0,0,0,0,0,0,0,0,0,0,0,0,0,0,0,0,0,0,0
0.3,0,0,0,0,0,0,3.04109,2.02288,-2.35877,6.58498e-05,5.97526e-05,-0.000369167,-0.00200305,-0.0015028,-0.000552474,0,0,0,0,0,0,0,0,0,0,0,0,0,0,0,0,0,0,0,0,0,0,0,0,0,0,0,0,0,0,0,0,0,0,0,0,0,0,0,0,1.77132,1.23124,0.0215415,-2.92666e-05,0,-0.000866408,-0.00151638,-0.000920053,-0.0044279,0,0,0,0,0,0,0,0,0,0,0,0,0,0,0,0,0,0,0,0,0,0,0,0,0,0,0,0,0,0,0,0,0,0,0,0,0,0,0,0,0,0,0,0,0,0,0,0,0,0,0,0,2,0,0,0,0,0,1.1842,-0.3086,2.336,0,0,0,0,0,0,0,-0,0,1.49633,0,0,0,0,0,0,0,0,0,0,0,0,0,0,0,0,0,0,0,0,0,0,0,0,0,0,0,0,0,0,0,0,0
0.35,0,0,0,0,0,0,3.04109,2.02288,-2.35876,1.95487e-05,1.34398e-05,4.53401e-05,-0.00089399,-0.000960013,0.00108718,0,0,0,0,0,0,0,0,0,0,0,0,0,0,0,0,0,0,0,0,0,0,0,0,0,0,0,0,0,0,0,0,0,0,0,0,0,0,0,0,1.77132,1.23123,0.0215293,-8.43039e-05,-5.86462e-05,-0.000122802,-0.000847373,-0.000593772,-0.000685277,0,0,0,0,0,0,0,0,0,0,0,0,0,0,0,0,0,0,0,0,0,0,0,0,0,0,0,0,0,0,0,0,0,0,0,0,0,0,0,0,0,0,0,0,0,0,0,0,0,0,0,0,2,0,0,0,0,0,1.3227,-0.1702,2.4744,0,0,0,0,0,0,0,-0,0,1.49635,0,0,0,0,0,0,0,0,0,0,0,0,0,0,0,0,0,0,0,0,0,0,0,0,0,0,0,0,0,0,0,0,0
0.4,0,0,0,0,0,0,3.04109,2.02288,-2.35876,1.95487e-05,1.34398e-05,4.53401e-05,-0.00089399,-0.000960013,0.00108718,0,0,0,0,0,0,0,0,0,0,0,0,0,0,0,0,0,0,0,0,0,0,0,0,0,0,0,0,0,0,0,0,0,0,0,0,0,0,0,0,1.77132,1.23123,0.0215293,-8.43039e-05,-5.86462e-05,-0.000122802,-0.000847373,-0.000593772,-0.000685277,0,0,0,0,0,0,0,0,0,0,0,0,0,0,0,0,0,0,0,0,0,0,0,0,0,0,0,0,0,0,0,0,0,0,0,0,0,0,0,0,0,0,0,0,0,0,0,0,0,0,0,0,2,0,0,0,0,0,1.3227,-0.1702,2.4744,0,0,0,0,0,0,0,-0,0,1.49635,0,0,0,0,0,0,0,0,0,0,0,0,0,0,0,0,0,0,0,0,0,0,0,0,0,0,0,0,0,0,0,0,0
0.45,0,0,0,0,0,0,3.04108,2.02286,-2.35877,-0.000107479,-0.000268696,-6.4407e-05,-0.000894395,-0.00163033,0.000436157,0,0,0,0,0,0,0,0,0,0,0,0,0,0,0,0,0,0,0,0,0,0,0,0,0,0,0,0,0,0,0,0,0,0,0,0,0,0,0,0,1.77133,1.23123,0.0215615,9.64865e-05,1.83202e-05,0.000322259,0.000303652,-5.12787e-06,0.00187222,0,0,0,0,0,0,0,0,0,0,0,0,0,0,0,0,0,0,0,0,0,0,0,0,0,0,0,0,0,0,0,0,0,0,0,0,0,0,0,0,0,0,0,0,0,0,0,0,0,0,0,0,2,0,0,0,0,0,1.3227,-0.1702,2.4744,0,0,0,0,0,0,0,-0,0,1.49631,0,0,0,0,0,0,0,0,0,0,0,0,0,0,0,0,0,0,0,0,0,0,0,0,0,0,0,0,0,0,0,0,0
0.5,0,0,0,0,0,0,3.04108,2.02286,-2.35877,-0.000107479,-0.000268696,-6.4407e-05,-0.000894395,-0.00163033,0.000436157,0,0,0,0,0,0,0,0,0,0,0,0,0,0,0,0,0,0,0,0,0,0,0,0,0,0,0,0,0,0,0,0,0,0,0,0,0,0,0,0,1.77133,1.23123,0.0215615,9.64865e-05,1.83202e-05,0.000322259,0.000303652,-5.12787e-06,0.00187222,0,0,0,0,0,0,0,0,0,0,0,0,0,0,0,0,0,0,0,0,0,0,0,0,0,0,0,0,0,0,0,0,0,0,0,0,0,0,0,0,0,0,0,0,0,0,0,0,0,0,0,0,2,0,0,0,0,0,1.3227,-0.1702,2.4744,0,0,0,0,0,0,0,-0,0,1.49631,0,0,0,0,0,0,0,0,0,0,0,0,0,0,0,0,0,0,0,0,0,0,0,0,0,0,0,0,0,0,0,0,0
0.55,0,0,0,0,0,0,3.04108,2.02285,-2.35871,-2.44142e-05,-3.29591e-05,0.000555518,-0.000205361,-0.000128168,0.00265078,0,0,0,0,0,0,0,0,0,0,0,0,0,0,0,0,0,0,0,0,0,0,0,0,0,0,0,0,0,0,0,0,0,0,0,0,0,0,0,0,1.77132,1.23124,0.02155,-2.07521e-05,5.98148e-05,-0.000114889,-0.000130048,0.000242511,-0.000275533,0,0,0,0,0,0,0,0,0,0,0,0,0,0,0,0,0,0,0,0,0,0,0,0,0,0,0,0,0,0,0,0,0,0,0,0,0,0,0,0,0,0,0,0,0,0,0,0,0,0,0,0,2,0,0,0,0,0,1.2285,-0.2643,2.3804,0,0,0,0,0,0,0,-0,0,1.49631,0,0,0,0,0,0,0,0,0,0,0,0,0,0,0,0,0,0,0,0,0,0,0,0,0,0,0,0,0,0,0,0,0
0.6,0,0,0,0,0,0,3.04108,2.02285,-2.35871,-2.44142e-05,-3.29591e-05,0.000555518,-0.000205361,-0.000128168,0.00265078,0,0,0,0,0,0,0,0,0,0,0,0,0,0,0,0,0,0,0,0,0,0,0,0,0,0,0,0,0,0,0,0,0,0,0,0,0,0,0,0,1.77132,1.23124,0.02155,-2.07521e-05,5.98148e-05,-0.000114889,-0.000130048,0.000242511,-0.000275533,0,0,0,0,0,0,0,0,0,0,0,0,0,0,0,0,0,0,0,0,0,0,0,0,0,0,0,0,0,0,0,0,0,0,0,0,0,0,0,0,0,0,0,0,0,0,0,0,0,0,0,0,2,0,0,0,0,0,1.2285,-0.2643,2.3804,0,0,0,0,0,0,0,-0,0,1.49631,0,0,0,0,0,0,0,0,0,0,0,0,0,0,0,0,0,0,0,0,0,0,0,0,0,0,0,0,0,0,0,0,0
0.65,0,0,0,0,0,0,3.04108,2.02287,-2.35875,2.44179e-06,0.000130636,-0.000381529,7.73322e-05,0.000780193,-0.0018528,0,0,0,0,0,0,0,0,0,0,0,0,0,0,0,0,0,0,0,0,0,0,0,0,0,0,0,0,0,0,0,0,0,0,0,0,0,0,0,0,1.77133,1.23123,0.0215556,1.95342e-05,-6.83698e-05,5.62046e-05,2.41491e-05,-0.000333061,0.000227364,0,0,0,0,0,0,0,0,0,0,0,0,0,0,0,0,0,0,0,0,0,0,0,0,0,0,0,0,0,0,0,0,0,0,0,0,0,0,0,0,0,0,0,0,0,0,0,0,0,0,0,0,2,0,0,0,0,0,1.2285,-0.2643,2.3804,0,0,0,0,0,0,0,-0,0,1.49632,0,0,0,0,0,0,0,0,0,0,0,0,0,0,0,0,0,0,0,0,0,0,0,0,0,0,0,0,0,0,0,0,0
0.7,0,0,0,0,0,0,3.04108,2.02287,-2.35875,2.44179e-06,0.000130636,-0.000381529,7.73322e-05,0.000780193,-0.0018528,0,0,0,0,0,0,0,0,0,0,0,0,0,0,0,0,0,0,0,0,0,0,0,0,0,0,0,0,0,0,0,0,0,0,0,0,0,0,0,0,1.77133,1.23123,0.0215556,1.95342e-05,-6.83698e-05,5.62046e-05,2.41491e-05,-0.000333061,0.000227364,0,0,0,0,0,0,0,0,0,0,0,0,0,0,0,0,0,0,0,0,0,0,0,0,0,0,0,0,0,0,0,0,0,0,0,0,0,0,0,0,0,0,0,0,0,0,0,0,0,0,0,0,2,0,0,0,0,0,1.2285,-0.2643,2.3804,0,0,0,0,0,0,0,-0,0,1.49632,0,0,0,0,0,0,0,0,0,0,0,0,0,0,0,0,0,0,0,0,0,0,0,0,0,0,0,0,0,0,0,0,0
0.75,0,0,0,0,0,0,3.04108,2.02287,-2.35872,2.19723e-05,7.20205e-05,0.000340934,0.000162735,0.000357245,0.0011646,0,0,0,0,0,0,0,0,0,0,0,0,0,0,0,0,0,0,0,0,0,0,0,0,0,0,0,0,0,0,0,0,0,0,0,0,0,0,0,0,1.77132,1.23123,0.0215889,-6.71377e-05,2.44137e-05,0.000333223,-0.000310944,9.28297e-05,0.00131151,0,0,0,0,0,0,0,0,0,0,0,0,0,0,0,0,0,0,0,0,0,0,0,0,0,0,0,0,0,0,0,0,0,0,0,0,0,0,0,0,0,0,0,0,0,0,0,0,0,0,0,0,2,0,0,0,0,0,1.2983,-0.1945,2.4502,0,0,0,0,0,0,0,-0,0,1.49633,0,0,0,0,0,0,0,0,0,0,0,0,0,0,0,0,0,0,0,0,0,0,0,0,0,0,0,0,0,0,0,0,0
0.8,0,0,0,0,0,0,3.04108,2.02287,-2.35872,2.19723e-05,7.20205e-05,0.000340934,0.000162735,0.000357245,0.0011646,0,0,0,0,0,0,0,0,0,0,0,0,0,0,0,0,0,0,0,0,0,0,0,0,0,0,0,0,0,0,0,0,0,0,0,0,0,0,0,0,1.77132,1.23123,0.0215889,-6.71377e-05,2.44137e-05,0.000333223,-0.000310944,9.28297e-05,0.00131151,0,0,0,0,0,0,0,0,0,0,0,0,0,0,0,0,0,0,0,0,0,0,0,0,0,0,0,0,0,0,0,0,0,0,0,0,0,0,0,0,0,0,0,0,0,0,0,0,0,0,0,0,2,0,0,0,0,0,1.2983,-0.1945,2.4502,0,0,0,0,0,0,0,-0,0,1.49633,0,0,0,0,0,0,0,0,0,0,0,0,0,0,0,0,0,0,0,0,0,0,0,0,0,0,0,0,0,0,0,0,0
0.85,0,0,0,0,0,0,3.04109,2.02289,-2.35874,3.41841e-05,0.0001697,-0.000257526,0.000158063,0.000547526,-0.00128363,0,0,0,0,0,0,0,0,0,0,0,0,0,0,0,0,0,0,0,0,0,0,0,0,0,0,0,0,0,0,0,0,0,0,0,0,0,0,0,0,1.77132,1.23123,0.0215452,-7.32519e-06,1.34295e-05,-0.000437724,6.94724e-06,6.94939e-05,-0.00214632,0,0,0,0,0,0,0,0,0,0,0,0,0,0,0,0,0,0,0,0,0,0,0,0,0,0,0,0,0,0,0,0,0,0,0,0,0,0,0,0,0,0,0,0,0,0,0,0,0,0,0,0,2,0,0,0,0,0,1.2983,-0.1945,2.4502,0,0,0,0,0,0,0,-0,0,1.49634,0,0,0,0,0,0,0,0,0,0,0,0,0,0,0,0,0,0,0,0,0,0,0,0,0,0,0,0,0,0,0,0,0
0.9,0,0,0,0,0,0,3.04109,2.02289,-2.35874,3.41841e-05,0.0001697,-0.000257526,0.000158063,0.000547526,-0.00128363,0,0,0,0,0,0,0,0,0,0,0,0,0,0,0,0,0,0,0,0,0,0,0,0,0,0,0,0,0,0,0,0,0,0,0,0,0,0,0,0,1.77132,1.23123,0.0215452,-7.32519e-06,1.34295e-05,-0.000437724,6.94724e-06,6.94939e-05,-0.00214632,0,0,0,0,0,0,0,0,0,0,0,0,0,0,0,0,0,0,0,0,0,0,0,0,0,0,0,0,0,0,0,0,0,0,0,0,0,0,0,0,0,0,0,0,0,0,0,0,0,0,0,0,2,0,0,0,0,0,1.2983,-0.1945,2.4502,0,0,0,0,0,0,0,-0,0,1.49634,0,0,0,0,0,0,0,0,0,0,0,0,0,0,0,0,0,0,0,0,0,0,0,0,0,0,0,0,0,0,0,0,0
0.95,0,0,0,0,0,0,3.04108,2.02287,-2.35872,-4.883e-05,-0.000240488,0.000281345,-0.000237416,-0.00128444,0.00105101,0,0,0,0,0,0,0,0,0,0,0,0,0,0,0,0,0,0,0,0,0,0,0,0,0,0,0,0,0,0,0,0,0,0,0,0,0,0,0,0,1.77132,1.23123,0.0215347,4.883e-06,4.883e-06,-0.000104722,9.59728e-05,4.42388e-06,-0.000426282,0,0,0,0,0,0,0,0,0,0,0,0,0,0,0,0,0,0,0,0,0,0,0,0,0,0,0,0,0,0,0,0,0,0,0,0,0,0,0,0,0,0,0,0,0,0,0,0,0,0,0,0,2,0,0,0,0,0,1.2285,-0.2643,2.3803,0,0,0,0,0,0,0,-0,0,1.49632,0,0,0,0,0,0,0,0,0,0,0,0,0,0,0,0,0,0,0,0,0,0,0,0,0,0,0,0,0,0,0,0,0
1,0,0,0,0,0,0,3.04108,2.02287,-2.35872,-4.883e-05,-0.000240488,0.000281345,-0.000237416,-0.00128444,0.00105101,0,0,0,0,0,0,0,0,0,0,0,0,0,0,0,0,0,0,0,0,0,0,0,0,0,0,0,0,0,0,0,0,0,0,0,0,0,0,0,0,1.77132,1.23123,0.0215347,4.883e-06,4.883e-06,-0.000104722,9.59728e-05,4.42388e-06,-0.000426282,0,0,0,0,0,0,0,0,0,0,0,0,0,0,0,0,0,0,0,0,0,0,0,0,0,0,0,0,0,0,0,0,0,0,0,0,0,0,0,0,0,0,0,0,0,0,0,0,0,0,0,0,2,0,0,0,0,0,1.2285,-0.2643,2.3803,0,0,0,0,0,0,0,-0,0,1.49632,0,0,0,0,0,0,0,0,0,0,0,0,0,0,0,0,0,0,0,0,0,0,0,0,0,0,0,0,0,0,0,0,0
1.05,0,0,0,0,0,0,3.04108,2.02286,-2.35872,1.22089e-05,-8.7904e-05,-7.3921e-05,4.78072e-05,-0.000409519,-0.00047246,0,0,0,0,0,0,0,0,0,0,0,0,0,0,0,0,0,0,0,0,0,0,0,0,0,0,0,0,0,0,0,0,0,0,0,0,0,0,0,0,1.77132,1.23124,0.0215391,8.54621e-06,2.44177e-05,4.44122e-05,8.43162e-05,7.1901e-05,0.000572784,0,0,0,0,0,0,0,0,0,0,0,0,0,0,0,0,0,0,0,0,0,0,0,0,0,0,0,0,0,0,0,0,0,0,0,0,0,0,0,0,0,0,0,0,0,0,0,0,0,0,0,0,2,0,0,0,0,0,1.2285,-0.2643,2.3803,0,0,0,0,0,0,0,-0,0,1.49632,0,0,0,0,0,0,0,0,0,0,0,0,0,0,0,0,0,0,0,0,0,0,0,0,0,0,0,0,0,0,0,0,0
1.1,0,0,0,0,0,0,3.04108,2.02286,-2.35872,1.22089e-05,-8.7904e-05,-7.3921e-05,4.78072e-05,-0.000409519,-0.00047246,0,0,0,0,0,0,0,0,0,0,0,0,0,0,0,0,0,0,0,0,0,0,0,0,0,0,0,0,0,0,0,0,0,0,0,0,0,0,0,0,1.77132,1.23124,0.0215391,8.54621e-06,2.44177e-05,4.44122e-05,8.43162e-05,7.1901e-05,0.000572784,0,0,0,0,0,0,0,0,0,0,0,0,0,0,0,0,0,0,0,0,0,0,0,0,0,0,0,0,0,0,0,0,0,0,0,0,0,0,0,0,0,0,0,0,0,0,0,0,0,0,0,0,2,0,0,0,0,0,1.2285,-0.2643,2.3803,0,0,0,0,0,0,0,-0,0,1.49632,0,0,0,0,0,0,0,0,0,0,0,0,0,0,0,0,0,0,0,0,0,0,0,0,0,0,0,0,0,0,0,0,0
1.15,0,0,0,0,0,0,3.04108,2.02286,-2.35867,2.44058e-06,8.54203e-06,0.000519577,2.82811e-05,0.000257869,0.00188169,0,0,0,0,0,0,0,0,0,0,0,0,0,0,0,0,0,0,0,0,0,0,0,0,0,0,0,0,0,0,0,0,0,0,0,0,0,0,0,0,1.77132,1.23123,0.0215508,1.58637e-05,-4.88113e-05,0.000116915,7.82919e-05,-0.000240302,0.000768862,0,0,0,0,0,0,0,0,0,0,0,0,0,0,0,0,0,0,0,0,0,0,0,0,0,0,0,0,0,0,0,0,0,0,0,0,0,0,0,0,0,0,0,0,0,0,0,0,0,0,0,0,2,0,0,0,0,0,1.1479,-0.3449,2.2997,0,0,0,0,0,0,0,-0,0,1.49632,0,0,0,0,0,0,0,0,0,0,0,0,0,0,0,0,0,0,0,0,0,0,0,0,0,0,0,0,0,0,0,0,0
1.2,0,0,0,0,0,0,3.04108,2.02286,-2.35867,2.44058e-06,8.54203e-06,0.000519577,2.82811e-05,0.000257869,0.00188169,0,0,0,0,0,0,0,0,0,0,0,0,0,0,0,0,0,0,0,0,0,0,0,0,0,0,0,0,0,0,0,0,0,0,0,0,0,0,0,0,1.77132,1.23123,0.0215508,1.58637e-05,-4.88113e-05,0.000116915,7.82919e-05,-0.000240302,0.000768862,0,0,0,0,0,0,0,0,0,0,0,0,0,0,0,0,0,0,0,0,0,0,0,0,0,0,0,0,0,0,0,0,0,0,0,0,0,0,0,0,0,0,0,0,0,0,0,0,0,0,0,0,2,0,0,0,0,0,1.1479,-0.3449,2.2997,0,0,0,0,0,0,0,-0,0,1.49632,0,0,0,0,0,0,0,0,0,0,0,0,0,0,0,0,0,0,0,0,0,0,0,0,0,0,0,0,0,0,0,0,0
1.25,0,0,0,0,0,0,3.04108,2.02286,-2.35867,2.44058e-06,8.54203e-06,0.000519577,2.82811e-05,0.000257869,0.00188169,0,0,0,0,0,0,0,0,0,0,0,0,0,0,0,0,0,0,0,0,0,0,0,0,0,0,0,0,0,0,0,0,0,0,0,0,0,0,0,0,1.77132,1.23123,0.0215508,1.58637e-05,-4.88113e-05,0.000116915,7.82919e-05,-0.000240302,0.000768862,0,0,0,0,0,0,0,0,0,0,0,0,0,0,0,0,0,0,0,0,0,0,0,0,0,0,0,0,0,0,0,0,0,0,0,0,0,0,0,0,0,0,0,0,0,0,0,0,0,0,0,0,2,0,0,0,0,0,1.1479,-0.3449,2.2997,0,0,0,0,0,0,0,-0,0,1.49632,0,0,0,0,0,0,0,0,0,0,0,0,0,0,0,0,0,0,0,0,0,0,0,0,0,0,0,0,0,0,0,0,0
1.3,0,0,0,0,0,0,3.04105,2.02281,-2.35848,-0.000368548,-0.000506448,0.00191634,-0.00146813,-0.00181276,0.00702935,0,0,0,0,0,0,0,0,0,0,0,0,0,0,0,0,0,0,0,0,0,0,0,0,0,0,0,0,0,0,0,0,0,0,0,0,0,0,0,0,1.77133,1.23123,0.0215548,4.27128e-05,-2.44073e-05,4.02965e-05,0.000153462,-8.89644e-05,0.000181866,0,0,0,0,0,0,0,0,0,0,0,0,0,0,0,0,0,0,0,0,0,0,0,0,0,0,0,0,0,0,0,0,0,0,0,0,0,0,0,0,0,0,0,0,0,0,0,0,0,0,0,0,2,0,0,0,0,0,1.1479,-0.3449,2.2997,0,0,0,0,0,0,0,-0,0,1.49626,0,0,0,0,0,0,0,0,0,0,0,0,0,0,0,0,0,0,0,0,0,0,0,0,0,0,0,0,0,0,0,0,0
1.35,0,0,0,0,0,0,3.04108,2.02288,-2.35873,0.00035188,0.00073797,-0.00248418,0.00179474,0.00360375,-0.0126662,0,0,0,0,0,0,0,0,0,0,0,0,0,0,0,0,0,0,0,0,0,0,0,0,0,0,0,0,0,0,0,0,0,0,0,0,0,0,0,0,1.77132,1.23123,0.0215399,-4.27631e-05,2.44361e-05,-0.000149705,-0.00023923,0.000162222,-0.000729343,0,0,0,0,0,0,0,0,0,0,0,0,0,0,0,0,0,0,0,0,0,0,0,0,0,0,0,0,0,0,0,0,0,0,0,0,0,0,0,0,0,0,0,0,0,0,0,0,0,0,0,0,2,0,0,0,0,0,1.2161,-0.277,2.3678,0,0,0,0,0,0,0,-0,0,1.49633,0,0,0,0,0,0,0,0,0,0,0,0,0,0,0,0,0,0,0,0,0,0,0,0,0,0,0,0,0,0,0,0,0
1.4,0,0,0,0,0,0,3.04108,2.02288,-2.35873,0.00035188,0.00073797,-0.00248418,0.00179474,0.00360375,-0.0126662,0,0,0,0,0,0,0,0,0,0,0,0,0,0,0,0,0,0,0,0,0,0,0,0,0,0,0,0,0,0,0,0,0,0,0,0,0,0,0,0,1.77132,1.23123,0.0215399,-4.27631e-05,2.44361e-05,-0.000149705,-0.00023923,0.000162222,-0.000729343,0,0,0,0,0,0,0,0,0,0,0,0,0,0,0,0,0,0,0,0,0,0,0,0,0,0,0,0,0,0,0,0,0,0,0,0,0,0,0,0,0,0,0,0,0,0,0,0,0,0,0,0,2,0,0,0,0,0,1.2161,-0.277,2.3678,0,0,0,0,0,0,0,-0,0,1.49633,0,0,0,0,0,0,0,0,0,0,0,0,0,0,0,0,0,0,0,0,0,0,0,0,0,0,0,0,0,0,0,0,0
1.45,0,0,0,0,0,0,3.04108,2.02289,-2.35867,-2.19699e-05,4.27192e-05,0.000624578,2.64326e-05,0.000121019,0.00214374,0,0,0,0,0,0,0,0,0,0,0,0,0,0,0,0,0,0,0,0,0,0,0,0,0,0,0,0,0,0,0,0,0,0,0,0,0,0,0,0,1.77132,1.23123,0.0215283,2.68521e-05,-4.6381e-05,-0.000115526,8.1253e-05,-0.0001515,-0.000425129,0,0,0,0,0,0,0,0,0,0,0,0,0,0,0,0,0,0,0,0,0,0,0,0,0,0,0,0,0,0,0,0,0,0,0,0,0,0,0,0,0,0,0,0,0,0,0,0,0,0,0,0,2,0,0,0,0,0,1.2161,-0.277,2.3678,0,0,0,0,0,0,0,-0,0,1.49633,0,0,0,0,0,0,0,0,0,0,0,0,0,0,0,0,0,0,0,0,0,0,0,0,0,0,0,0,0,0,0,0,0
1.5,0,0,0,0,0,0,3.04108,2.02289,-2.35867,-2.19699e-05,4.27192e-05,0.000624578,2.64326e-05,0.000121019,0.00214374,0,0,0,0,0,0,0,0,0,0,0,0,0,0,0,0,0,0,0,0,0,0,0,0,0,0,0,0,0,0,0,0,0,0,0,0,0,0,0,0,1.77132,1.23123,0.0215283,2.68521e-05,-4.6381e-05,-0.000115526,8.1253e-05,-0.0001515,-0.000425129,0,0,0,0,0,0,0,0,0,0,0,0,0,0,0,0,0,0,0,0,0,0,0,0,0,0,0,0,0,0,0,0,0,0,0,0,0,0,0,0,0,0,0,0,0,0,0,0,0,0,0,0,2,0,0,0,0,0,1.2161,-0.277,2.3678,0,0,0,0,0,0,0,-0,0,1.49633,0,0,0,0,0,0,0,0,0,0,0,0,0,0,0,0,0,0,0,0,0,0,0,0,0,0,0,0,0,0,0,0,0
1.55,0,0,0,0,0,0,3.04108,2.02289,-2.35869,4.88267e-06,-2.07513e-05,-0.000216954,-0.000116424,-0.000652959,-6.92337e-05,0,0,0,0,0,0,0,0,0,0,0,0,0,0,0,0,0,0,0,0,0,0,0,0,0,0,0,0,0,0,0,0,0,0,0,0,0,0,0,0,1.77132,1.23123,0.0215464,-1.831e-05,4.88267e-05,0.000180783,-8.8275e-05,0.000247007,0.000970085,0,0,0,0,0,0,0,0,0,0,0,0,0,0,0,0,0,0,0,0,0,0,0,0,0,0,0,0,0,0,0,0,0,0,0,0,0,0,0,0,0,0,0,0,0,0,0,0,0,0,0,0,2,0,0,0,0,0,1.2578,-0.2351,2.4095,0,0,0,0,0,0,0,-0,0,1.49633,0,0,0,0,0,0,0,0,0,0,0,0,0,0,0,0,0,0,0,0,0,0,0,0,0,0,0,0,0,0,0,0,0
1.6,0,0,0,0,0,0,3.04108,2.02289,-2.35869,4.88267e-06,-2.07513e-05,-0.000216954,-0.000116424,-0.000652959,-6.92337e-05,0,0,0,0,0,0,0,0,0,0,0,0,0,0,0,0,0,0,0,0,0,0,0,0,0,0,0,0,0,0,0,0,0,0,0,0,0,0,0,0,1.77132,1.23123,0.0215464,-1.831e-05,4.88267e-05,0.000180783,-8.8275e-05,0.000247007,0.000970085,0,0,0,0,0,0,0,0,0,0,0,0,0,0,0,0,0,0,0,0,0,0,0,0,0,0,0,0,0,0,0,0,0,0,0,0,0,0,0,0,0,0,0,0,0,0,0,0,0,0,0,0,2,0,0,0,0,0,1.2578,-0.2351,2.4095,0,0,0,0,0,0,0,-0,0,1.49633,0,0,0,0,0,0,0,0,0,0,0,0,0,0,0,0,0,0,0,0,0,0,0,0,0,0,0,0,0,0,0,0,0
1.65,0,0,0,0,0,0,3.04108,2.02286,-2.35869,1.46523e-05,-0.000217343,-7.39294e-05,-5.02036e-05,-0.0012823,0.000230508,0,0,0,0,0,0,0,0,0,0,0,0,0,0,0,0,0,0,0,0,0,0,0,0,0,0,0,0,0,0,0,0,0,0,0,0,0,0,0,0,1.77133,1.23123,0.0215447,3.90729e-05,-7.32616e-06,-1.75694e-05,0.000153339,-2.21366e-05,-2.12988e-05,0,0,0,0,0,0,0,0,0,0,0,0,0,0,0,0,0,0,0,0,0,0,0,0,0,0,0,0,0,0,0,0,0,0,0,0,0,0,0,0,0,0,0,0,0,0,0,0,0,0,0,0,2,0,0,0,0,0,1.2578,-0.2351,2.4095,0,0,0,0,0,0,0,-0,0,1.49632,0,0,0,0,0,0,0,0,0,0,0,0,0,0,0,0,0,0,0,0,0,0,0,0,0,0,0,0,0,0,0,0,0
1.7,0,0,0,0,0,0,3.04108,2.02286,-2.35869,1.46523e-05,-0.000217343,-7.39294e-05,-5.02036e-05,-0.0012823,0.000230508,0,0,0,0,0,0,0,0,0,0,0,0,0,0,0,0,0,0,0,0,0,0,0,0,0,0,0,0,0,0,0,0,0,0,0,0,0,0,0,0,1.77133,1.23123,0.0215447,3.90729e-05,-7.32616e-06,-1.75694e-05,0.000153339,-2.21366e-05,-2.12988e-05,0,0,0,0,0,0,0,0,0,0,0,0,0,0,0,0,0,0,0,0,0,0,0,0,0,0,0,0,0,0,0,0,0,0,0,0,0,0,0,0,0,0,0,0,0,0,0,0,0,0,0,0,2,0,0,0,0,0,1.2578,-0.2351,2.4095,0,0,0,0,0,0,0,-0,0,1.49632,0,0,0,0,0,0,0,0,0,0,0,0,0,0,0,0,0,0,0,0,0,0,0,0,0,0,0,0,0,0,0,0,0
1.75,0,0,0,0,0,0,3.04108,2.02287,-2.35864,-1.95334e-05,0.000104992,0.000586574,-0.00015777,0.000432653,0.00281811,0,0,0,0,0,0,0,0,0,0,0,0,0,0,0,0,0,0,0,0,0,0,0,0,0,0,0,0,0,0,0,0,0,0,0,0,0,0,0,0,1.77132,1.23123,0.0215414,-6.22627e-05,1.58709e-05,-3.21714e-05,-0.000280105,4.29645e-05,-0.000205323,0,0,0,0,0,0,0,0,0,0,0,0,0,0,0,0,0,0,0,0,0,0,0,0,0,0,0,0,0,0,0,0,0,0,0,0,0,0,0,0,0,0,0,0,0,0,0,0,0,0,0,0,2,0,0,0,0,0,1.2285,-0.2644,2.3802,0,0,0,0,0,0,0,-0,0,1.49632,0,0,0,0,0,0,0,0,0,0,0,0,0,0,0,0,0,0,0,0,0,0,0,0,0,0,0,0,0,0,0,0,0
1.8,0,0,0,0,0,0,3.04108,2.02287,-2.35864,-1.95334e-05,0.000104992,0.000586574,-0.00015777,0.000432653,0.00281811,0,0,0,0,0,0,0,0,0,0,0,0,0,0,0,0,0,0,0,0,0,0,0,0,0,0,0,0,0,0,0,0,0,0,0,0,0,0,0,0,1.77132,1.23123,0.0215414,-6.22627e-05,1.58709e-05,-3.21714e-05,-0.000280105,4.29645e-05,-0.000205323,0,0,0,0,0,0,0,0,0,0,0,0,0,0,0,0,0,0,0,0,0,0,0,0,0,0,0,0,0,0,0,0,0,0,0,0,0,0,0,0,0,0,0,0,0,0,0,0,0,0,0,0,2,0,0,0,0,0,1.2285,-0.2644,2.3802,0,0,0,0,0,0,0,-0,0,1.49632,0,0,0,0,0,0,0,0,0,0,0,0,0,0,0,0,0,0,0,0,0,0,0,0,0,0,0,0,0,0,0,0,0
1.85,0,0,0,0,0,0,3.04104,2.02282,-2.35844,-0.000371168,-0.000544543,0.00193396,-0.0015143,-0.00210332,0.00742614,0,0,0,0,0,0,0,0,0,0,0,0,0,0,0,0,0,0,0,0,0,0,0,0,0,0,0,0,0,0,0,0,0,0,0,0,0,0,0,0,1.77133,1.23123,0.0216577,0.00014163,-2.56399e-05,0.00116236,0.000587806,-0.000131252,0.00462469,0,0,0,0,0,0,0,0,0,0,0,0,0,0,0,0,0,0,0,0,0,0,0,0,0,0,0,0,0,0,0,0,0,0,0,0,0,0,0,0,0,0,0,0,0,0,0,0,0,0,0,0,2,0,0,0,0,0,1.2285,-0.2644,2.3802,0,0,0,0,0,0,0,-0,0,1.49625,0,0,0,0,0,0,0,0,0,0,0,0,0,0,0,0,0,0,0,0,0,0,0,0,0,0,0,0,0,0,0,0,0
1.9,0,0,0,0,0,0,3.04104,2.02282,-2.35844,-0.000371168,-0.000544543,0.00193396,-0.0015143,-0.00210332,0.00742614,0,0,0,0,0,0,0,0,0,0,0,0,0,0,0,0,0,0,0,0,0,0,0,0,0,0,0,0,0,0,0,0,0,0,0,0,0,0,0,0,1.77133,1.23123,0.0216577,0.00014163,-2.56399e-05,0.00116236,0.000587806,-0.000131252,0.00462469,0,0,0,0,0,0,0,0,0,0,0,0,0,0,0,0,0,0,0,0,0,0,0,0,0,0,0,0,0,0,0,0,0,0,0,0,0,0,0,0,0,0,0,0,0,0,0,0,0,0,0,0,2,0,0,0,0,0,1.2285,-0.2644,2.3802,0,0,0,0,0,0,0,-0,0,1.49625,0,0,0,0,0,0,0,0,0,0,0,0,0,0,0,0,0,0,0,0,0,0,0,0,0,0,0,0,0,0,0,0,0
1.95,0,0,0,0,0,0,3.04108,2.02287,-2.35869,0.000375902,0.000546767,-0.00244569,0.00189211,0.00275423,-0.0124167,0,0,0,0,0,0,0,0,0,0,0,0,0,0,0,0,0,0,0,0,0,0,0,0,0,0,0,0,0,0,0,0,0,0,0,0,0,0,0,0,1.77133,1.23123,0.0215433,-8.66526e-05,-1.95273e-05,-0.00114342,-0.000441682,-7.79812e-05,-0.00578227,0,0,0,0,0,0,0,0,0,0,0,0,0,0,0,0,0,0,0,0,0,0,0,0,0,0,0,0,0,0,0,0,0,0,0,0,0,0,0,0,0,0,0,0,0,0,0,0,0,0,0,0,2,0,0,0,0,0,1.2787,-0.2145,2.4303,0,0,0,0,0,0,0,-0,0,1.49632,0,0,0,0,0,0,0,0,0,0,0,0,0,0,0,0,0,0,0,0,0,0,0,0,0,0,0,0,0,0,0,0,0
2,0,0,0,0,0,0,3.04108,2.02287,-2.35869,0.000375902,0.000546767,-0.00244569,0.00189211,0.00275423,-0.0124167,0,0,0,0,0,0,0,0,0,0,0,0,0,0,0,0,0,0,0,0,0,0,0,0,0,0,0,0,0,0,0,0,0,0,0,0,0,0,0,0,1.77133,1.23123,0.0215433,-8.66526e-05,-1.95273e-05,-0.00114342,-0.000441682,-7.79812e-05,-0.00578227,0,0,0,0,0,0,0,0,0,0,0,0,0,0,0,0,0,0,0,0,0,0,0,0,0,0,0,0,0,0,0,0,0,0,0,0,0,0,0,0,0,0,0,0,0,0,0,0,0,0,0,0,2,0,0,0,0,0,1.2787,-0.2145,2.4303,0,0,0,0,0,0,0,-0,0,1.49632,0,0,0,0,0,0,0,0,0,0,0,0,0,0,0,0,0,0,0,0,0,0,0,0,0,0,0,0,0,0,0,0,0
2.05,0,0,0,0,0,0,3.04108,2.02286,-2.35869,1.95345e-05,-0.000178252,-3.57687e-05,0.000172953,-0.000586124,-0.000510116,0,0,0,0,0,0,0,0,0,0,0,0,0,0,0,0,0,0,0,0,0,0,0,0,0,0,0,0,0,0,0,0,0,0,0,0,0,0,0,0,1.77132,1.23123,0.0215156,-6.71499e-05,-3.05227e-05,-0.000277431,-0.000326558,-8.35262e-05,-0.00141944,0,0,0,0,0,0,0,0,0,0,0,0,0,0,0,0,0,0,0,0,0,0,0,0,0,0,0,0,0,0,0,0,0,0,0,0,0,0,0,0,0,0,0,0,0,0,0,0,0,0,0,0,2,0,0,0,0,0,1.2787,-0.2145,2.4303,0,0,0,0,0,0,0,-0,0,1.49632,0,0,0,0,0,0,0,0,0,0,0,0,0,0,0,0,0,0,0,0,0,0,0,0,0,0,0,0,0,0,0,0,0
2.1,0,0,0,0,0,0,3.04108,2.02286,-2.35869,1.95345e-05,-0.000178252,-3.57687e-05,0.000172953,-0.000586124,-0.000510116,0,0,0,0,0,0,0,0,0,0,0,0,0,0,0,0,0,0,0,0,0,0,0,0,0,0,0,0,0,0,0,0,0,0,0,0,0,0,0,0,1.77132,1.23123,0.0215156,-6.71499e-05,-3.05227e-05,-0.000277431,-0.000326558,-8.35262e-05,-0.00141944,0,0,0,0,0,0,0,0,0,0,0,0,0,0,0,0,0,0,0,0,0,0,0,0,0,0,0,0,0,0,0,0,0,0,0,0,0,0,0,0,0,0,0,0,0,0,0,0,0,0,0,0,2,0,0,0,0,0,1.2787,-0.2145,2.4303,0,0,0,0,0,0,0,-0,0,1.49632,0,0,0,0,0,0,0,0,0,0,0,0,0,0,0,0,0,0,0,0,0,0,0,0,0,0,0,0,0,0,0,0,0
2.15,0,0,0,0,0,0,3.04107,2.02287,-2.35868,-8.77428e-05,0.000168174,9.28268e-05,-0.000557463,0.000580531,0.00181827,0,0,0,0,0,0,0,0,0,0,0,0,0,0,0,0,0,0,0,0,0,0,0,0,0,0,0,0,0,0,0,0,0,0,0,0,0,0,0,0,1.77133,1.23123,0.0215508,8.77426e-05,8.53053e-06,0.000351689,0.00043849,0.000105125,0.00225201,0,0,0,0,0,0,0,0,0,0,0,0,0,0,0,0,0,0,0,0,0,0,0,0,0,0,0,0,0,0,0,0,0,0,0,0,0,0,0,0,0,0,0,0,0,0,0,0,0,0,0,0,2,0,0,0,0,0,1.2285,-0.2644,2.3802,0,0,0,0,0,0,0,-0,0,1.49632,0,0,0,0,0,0,0,0,0,0,0,0,0,0,0,0,0,0,0,0,0,0,0,0,0,0,0,0,0,0,0,0,0
2.2,0,0,0,0,0,0,3.04107,2.02287,-2.35868,-8.77428e-05,0.000168174,9.28268e-05,-0.000557463,0.000580531,0.00181827,0,0,0,0,0,0,0,0,0,0,0,0,0,0,0,0,0,0,0,0,0,0,0,0,0,0,0,0,0,0,0,0,0,0,0,0,0,0,0,0,1.77133,1.23123,0.0215508,8.77426e-05,8.53053e-06,0.000351689,0.00043849,0.000105125,0.00225201,0,0,0,0,0,0,0,0,0,0,0,0,0,0,0,0,0,0,0,0,0,0,0,0,0,0,0,0,0,0,0,0,0,0,0,0,0,0,0,0,0,0,0,0,0,0,0,0,0,0,0,0,2,0,0,0,0,0,1.2285,-0.2644,2.3802,0,0,0,0,0,0,0,-0,0,1.49632,0,0,0,0,0,0,0,0,0,0,0,0,0,0,0,0,0,0,0,0,0,0,0,0,0,0,0,0,0,0,0,0,0
2.25,0,0,0,0,0,0,3.04107,2.02285,-2.35862,9.78404e-06,-0.00018712,0.000647333,-4.34409e-05,-0.00091391,0.00362145,0,0,0,0,0,0,0,0,0,0,0,0,0,0,0,0,0,0,0,0,0,0,0,0,0,0,0,0,0,0,0,0,0,0,0,0,0,0,0,0,1.77132,1.23124,0.0215504,-8.56104e-05,0.000100286,-3.91893e-06,-0.000326216,0.000455128,0.000426348,0,0,0,0,0,0,0,0,0,0,0,0,0,0,0,0,0,0,0,0,0,0,0,0,0,0,0,0,0,0,0,0,0,0,0,0,0,0,0,0,0,0,0,0,0,0,0,0,0,0,0,0,2,0,0,0,0,0,1.2285,-0.2644,2.3802,0,0,0,0,0,0,0,-0,0,1.49631,0,0,0,0,0,0,0,0,0,0,0,0,0,0,0,0,0,0,0,0,0,0,0,0,0,0,0,0,0,0,0,0,0
2.3,0,0,0,0,0,0,3.04107,2.02285,-2.35862,9.78404e-06,-0.00018712,0.000647333,-4.34409e-05,-0.00091391,0.00362145,0,0,0,0,0,0,0,0,0,0,0,0,0,0,0,0,0,0,0,0,0,0,0,0,0,0,0,0,0,0,0,0,0,0,0,0,0,0,0,0,1.77132,1.23124,0.0215504,-8.56104e-05,0.000100286,-3.91893e-06,-0.000326216,0.000455128,0.000426348,0,0,0,0,0,0,0,0,0,0,0,0,0,0,0,0,0,0,0,0,0,0,0,0,0,0,0,0,0,0,0,0,0,0,0,0,0,0,0,0,0,0,0,0,0,0,0,0,0,0,0,0,2,0,0,0,0,0,1.2285,-0.2644,2.3802,0,0,0,0,0,0,0,-0,0,1.49631,0,0,0,0,0,0,0,0,0,0,0,0,0,0,0,0,0,0,0,0,0,0,0,0,0,0,0,0,0,0,0,0,0
2.35,0,0,0,0,0,0,3.04107,2.02285,-2.35862,9.78404e-06,-0.00018712,0.000647333,-4.34409e-05,-0.00091391,0.00362145,0,0,0,0,0,0,0,0,0,0,0,0,0,0,0,0,0,0,0,0,0,0,0,0,0,0,0,0,0,0,0,0,0,0,0,0,0,0,0,0,1.77132,1.23124,0.0215504,-8.56104e-05,0.000100286,-3.91893e-06,-0.000326216,0.000455128,0.000426348,0,0,0,0,0,0,0,0,0,0,0,0,0,0,0,0,0,0,0,0,0,0,0,0,0,0,0,0,0,0,0,0,0,0,0,0,0,0,0,0,0,0,0,0,0,0,0,0,0,0,0,0,2,0,0,0,0,0,1.2914,-0.2016,2.4431,0,0,0,0,0,0,0,-0,0,1.49631,0,0,0,0,0,0,0,0,0,0,0,0,0,0,0,0,0,0,0,0,0,0,0,0,0,0,0,0,0,0,0,0,0
2.4,0,0,0,0,0,0,3.04108,2.02287,-2.35866,1.46488e-05,0.000159916,-0.000414858,6.28576e-05,0.000634669,-0.00182141,0,0,0,0,0,0,0,0,0,0,0,0,0,0,0,0,0,0,0,0,0,0,0,0,0,0,0,0,0,0,0,0,0,0,0,0,0,0,0,0,1.77132,1.23124,0.021569,9.76587e-06,8.54514e-06,0.000186549,8.12999e-05,-4.52781e-05,0.000770433,0,0,0,0,0,0,0,0,0,0,0,0,0,0,0,0,0,0,0,0,0,0,0,0,0,0,0,0,0,0,0,0,0,0,0,0,0,0,0,0,0,0,0,0,0,0,0,0,0,0,0,0,2,0,0,0,0,0,1.2914,-0.2016,2.4431,0,0,0,0,0,0,0,-0,0,1.49632,0,0,0,0,0,0,0,0,0,0,0,0,0,0,0,0,0,0,0,0,0,0,0,0,0,0,0,0,0,0,0,0,0
2.45,0,0,0,0,0,0,3.04108,2.02287,-2.35866,1.95317e-05,-9.76585e-06,-6.19903e-05,7.16587e-05,-8.69975e-05,-0.000421786,0,0,0,0,0,0,0,0,0,0,0,0,0,0,0,0,0,0,0,0,0,0,0,0,0,0,0,0,0,0,0,0,0,0,0,0,0,0,0,0,1.77132,1.23122,0.021584,3.17391e-05,-0.000161137,0.000149835,0.000191919,-0.000773141,0.00036232,0,0,0,0,0,0,0,0,0,0,0,0,0,0,0,0,0,0,0,0,0,0,0,0,0,0,0,0,0,0,0,0,0,0,0,0,0,0,0,0,0,0,0,0,0,0,0,0,0,0,0,0,2,0,0,0,0,0,1.2914,-0.2016,2.4431,0,0,0,0,0,0,0,-0,0,1.49632,0,0,0,0,0,0,0,0,0,0,0,0,0,0,0,0,0,0,0,0,0,0,0,0,0,0,0,0,0,0,0,0,0
2.5,0,0,0,0,0,0,3.04108,2.02287,-2.35866,1.95317e-05,-9.76585e-06,-6.19903e-05,7.16587e-05,-8.69975e-05,-0.000421786,0,0,0,0,0,0,0,0,0,0,0,0,0,0,0,0,0,0,0,0,0,0,0,0,0,0,0,0,0,0,0,0,0,0,0,0,0,0,0,0,1.77132,1.23122,0.021584,3.17391e-05,-0.000161137,0.000149835,0.000191919,-0.000773141,0.00036232,0,0,0,0,0,0,0,0,0,0,0,0,0,0,0,0,0,0,0,0,0,0,0,0,0,0,0,0,0,0,0,0,0,0,0,0,0,0,0,0,0,0,0,0,0,0,0,0,0,0,0,0,2,0,0,0,0,0,1.2914,-0.2016,2.4431,0,0,0,0,0,0,0,-0,0,1.49632,0,0,0,0,0,0,0,0,0,0,0,0,0,0,0,0,0,0,0,0,0,0,0,0,0,0,0,0,0,0,0,0,0
2.55,0,0,0,0,0,0,3.04109,2.02287,-2.35871,7.56852e-05,1.46487e-05,-0.000438699,0.000268592,-5.23534e-05,-0.00156906,0,0,0,0,0,0,0,0,0,0,0,0,0,0,0,0,0,0,0,0,0,0,0,0,0,0,0,0,0,0,0,0,0,0,0,0,0,0,0,0,1.77132,1.23123,0.0215296,-4.88291e-05,5.73742e-05,-0.000543903,-0.000191724,0.000310384,-0.00260969,0,0,0,0,0,0,0,0,0,0,0,0,0,0,0,0,0,0,0,0,0,0,0,0,0,0,0,0,0,0,0,0,0,0,0,0,0,0,0,0,0,0,0,0,0,0,0,0,0,0,0,0,2,0,0,0,0,0,1.1989,-0.2941,2.3505,0,0,0,0,0,0,0,-0,0,1.49633,0,0,0,0,0,0,0,0,0,0,0,0,0,0,0,0,0,0,0,0,0,0,0,0,0,0,0,0,0,0,0,0,0
2.6,0,0,0,0,0,0,3.04109,2.02287,-2.35871,7.56852e-05,1.46487e-05,-0.000438699,0.000268592,-5.23534e-05,-0.00156906,0,0,0,0,0,0,0,0,0,0,0,0,0,0,0,0,0,0,0,0,0,0,0,0,0,0,0,0,0,0,0,0,0,0,0,0,0,0,0,0,1.77132,1.23123,0.0215296,-4.88291e-05,5.73742e-05,-0.000543903,-0.000191724,0.000310384,-0.00260969,0,0,0,0,0,0,0,0,0,0,0,0,0,0,0,0,0,0,0,0,0,0,0,0,0,0,0,0,0,0,0,0,0,0,0,0,0,0,0,0,0,0,0,0,0,0,0,0,0,0,0,0,2,0,0,0,0,0,1.1989,-0.2941,2.3505,0,0,0,0,0,0,0,-0,0,1.49633,0,0,0,0,0,0,0,0,0,0,0,0,0,0,0,0,0,0,0,0,0,0,0,0,0,0,0,0,0,0,0,0,0
2.65,0,0,0,0,0,0,3.04108,2.02287,-2.35864,-8.54647e-05,-2.93022e-05,0.000689154,-0.00045598,-0.000202363,0.00340915,0,0,0,0,0,0,0,0,0,0,0,0,0,0,0,0,0,0,0,0,0,0,0,0,0,0,0,0,0,0,0,0,0,0,0,0,0,0,0,0,1.77132,1.23123,0.021514,-1.09883e-05,6.59298e-05,-0.000156099,-1.58386e-05,0.000367197,-0.000419625,0,0,0,0,0,0,0,0,0,0,0,0,0,0,0,0,0,0,0,0,0,0,0,0,0,0,0,0,0,0,0,0,0,0,0,0,0,0,0,0,0,0,0,0,0,0,0,0,0,0,0,0,2,0,0,0,0,0,1.1989,-0.2941,2.3505,0,0,0,0,0,0,0,-0,0,1.49632,0,0,0,0,0,0,0,0,0,0,0,0,0,0,0,0,0,0,0,0,0,0,0,0,0,0,0,0,0,0,0,0,0
2.7,0,0,0,0,0,0,3.04108,2.02287,-2.35864,-8.54647e-05,-2.93022e-05,0.000689154,-0.00045598,-0.000202363,0.00340915,0,0,0,0,0,0,0,0,0,0,0,0,0,0,0,0,0,0,0,0,0,0,0,0,0,0,0,0,0,0,0,0,0,0,0,0,0,0,0,0,1.77132,1.23123,0.021514,-1.09883e-05,6.59298e-05,-0.000156099,-1.58386e-05,0.000367197,-0.000419625,0,0,0,0,0,0,0,0,0,0,0,0,0,0,0,0,0,0,0,0,0,0,0,0,0,0,0,0,0,0,0,0,0,0,0,0,0,0,0,0,0,0,0,0,0,0,0,0,0,0,0,0,2,0,0,0,0,0,1.1989,-0.2941,2.3505,0,0,0,0,0,0,0,-0,0,1.49632,0,0,0,0,0,0,0,0,0,0,0,0,0,0,0,0,0,0,0,0,0,0,0,0,0,0,0,0,0,0,0,0,0
2.75,0,0,0,0,0,0,3.04108,2.02286,-2.35861,1.70902e-05,-5.00498e-05,0.000314719,3.78821e-05,-0.000224728,0.00122498,0,0,0,0,0,0,0,0,0,0,0,0,0,0,0,0,0,0,0,0,0,0,0,0,0,0,0,0,0,0,0,0,0,0,0,0,0,0,0,0,1.77132,1.23123,0.0215516,2.80767e-05,7.32437e-06,0.000375386,0.000170385,-5.9695e-06,0.00216807,0,0,0,0,0,0,0,0,0,0,0,0,0,0,0,0,0,0,0,0,0,0,0,0,0,0,0,0,0,0,0,0,0,0,0,0,0,0,0,0,0,0,0,0,0,0,0,0,0,0,0,0,2,0,0,0,0,0,1.2285,-0.2645,2.3802,0,0,0,0,0,0,0,-0,0,1.49632,0,0,0,0,0,0,0,0,0,0,0,0,0,0,0,0,0,0,0,0,0,0,0,0,0,0,0,0,0,0,0,0,0
2.8,0,0,0,0,0,0,3.04108,2.02286,-2.35861,1.70902e-05,-5.00498e-05,0.000314719,3.78821e-05,-0.000224728,0.00122498,0,0,0,0,0,0,0,0,0,0,0,0,0,0,0,0,0,0,0,0,0,0,0,0,0,0,0,0,0,0,0,0,0,0,0,0,0,0,0,0,1.77132,1.23123,0.0215516,2.80767e-05,7.32437e-06,0.000375386,0.000170385,-5.9695e-06,0.00216807,0,0,0,0,0,0,0,0,0,0,0,0,0,0,0,0,0,0,0,0,0,0,0,0,0,0,0,0,0,0,0,0,0,0,0,0,0,0,0,0,0,0,0,0,0,0,0,0,0,0,0,0,2,0,0,0,0,0,1.2285,-0.2645,2.3802,0,0,0,0,0,0,0,-0,0,1.49632,0,0,0,0,0,0,0,0,0,0,0,0,0,0,0,0,0,0,0,0,0,0,0,0,0,0,0,0,0,0,0,0,0
2.85,0,0,0,0,0,0,3.04108,2.02288,-2.35861,-2.68609e-05,0.000123316,-5.48474e-05,-8.60147e-05,0.000554754,-0.00103689,0,0,0,0,0,0,0,0,0,0,0,0,0,0,0,0,0,0,0,0,0,0,0,0,0,0,0,0,0,0,0,0,0,0,0,0,0,0,0,0,1.77132,1.23123,0.0215476,-4.8838e-06,-1.09886e-05,-3.97942e-05,-4.18635e-06,-0.000127278,-6.86166e-06,0,0,0,0,0,0,0,0,0,0,0,0,0,0,0,0,0,0,0,0,0,0,0,0,0,0,0,0,0,0,0,0,0,0,0,0,0,0,0,0,0,0,0,0,0,0,0,0,0,0,0,0,2,0,0,0,0,0,1.2285,-0.2645,2.3802,0,0,0,0,0,0,0,-0,0,1.49632,0,0,0,0,0,0,0,0,0,0,0,0,0,0,0,0,0,0,0,0,0,0,0,0,0,0,0,0,0,0,0,0,0
2.9,0,0,0,0,0,0,3.04108,2.02288,-2.35861,-2.68609e-05,0.000123316,-5.48474e-05,-8.60147e-05,0.000554754,-0.00103689,0,0,0,0,0,0,0,0,0,0,0,0,0,0,0,0,0,0,0,0,0,0,0,0,0,0,0,0,0,0,0,0,0,0,0,0,0,0,0,0,1.77132,1.23123,0.0215476,-4.8838e-06,-1.09886e-05,-3.97942e-05,-4.18635e-06,-0.000127278,-6.86166e-06,0,0,0,0,0,0,0,0,0,0,0,0,0,0,0,0,0,0,0,0,0,0,0,0,0,0,0,0,0,0,0,0,0,0,0,0,0,0,0,0,0,0,0,0,0,0,0,0,0,0,0,0,2,0,0,0,0,0,1.2285,-0.2645,2.3802,0,0,0,0,0,0,0,-0,0,1.49632,0,0,0,0,0,0,0,0,0,0,0,0,0,0,0,0,0,0,0,0,0,0,0,0,0,0,0,0,0,0,0,0,0
2.95,0,0,0,0,0,0,3.04105,2.02282,-2.35847,-0.000307557,-0.00052724,0.00138494,-0.00119006,-0.00216087,0.00482448,0,0,0,0,0,0,0,0,0,0,0,0,0,0,0,0,0,0,0,0,0,0,0,0,0,0,0,0,0,0,0,0,0,0,0,0,0,0,0,0,1.77132,1.23123,0.0215616,2.19683e-05,-1.70864e-05,0.000139633,8.11536e-05,-0.000117213,0.000418459,0,0,0,0,0,0,0,0,0,0,0,0,0,0,0,0,0,0,0,0,0,0,0,0,0,0,0,0,0,0,0,0,0,0,0,0,0,0,0,0,0,0,0,0,0,0,0,0,0,0,0,0,2,0,0,0,0,0,1.1393,-0.3537,2.2909,0,0,0,0,0,0,0,-0,0,1.49627,0,0,0,0,0,0,0,0,0,0,0,0,0,0,0,0,0,0,0,0,0,0,0,0,0,0,0,0,0,0,0,0,0
3,0,0,0,0,0,0,3.04105,2.02282,-2.35847,-0.000307557,-0.00052724,0.00138494,-0.00119006,-0.00216087,0.00482448,0,0,0,0,0,0,0,0,0,0,0,0,0,0,0,0,0,0,0,0,0,0,0,0,0,0,0,0,0,0,0,0,0,0,0,0,0,0,0,0,1.77132,1.23123,0.0215616,2.19683e-05,-1.70864e-05,0.000139633,8.11536e-05,-0.000117213,0.000418459,0,0,0,0,0,0,0,0,0,0,0,0,0,0,0,0,0,0,0,0,0,0,0,0,0,0,0,0,0,0,0,0,0,0,0,0,0,0,0,0,0,0,0,0,0,0,0,0,0,0,0,0,2,0,0,0,0,0,1.1393,-0.3537,2.2909,0,0,0,0,0,0,0,-0,0,1.49627,0,0,0,0,0,0,0,0,0,0,0,0,0,0,0,0,0,0,0,0,0,0,0,0,0,0,0,0,0,0,0,0,0
3.05,0,0,0,0,0,0,3.04107,2.02288,-2.35864,0.000290562,0.000616528,-0.00160952,0.00152617,0.00290555,-0.00827595,0,0,0,0,0,0,0,0,0,0,0,0,0,0,0,0,0,0,0,0,0,0,0,0,0,0,0,0,0,0,0,0,0,0,0,0,0,0,0,0,1.77132,1.23123,0.0215498,-1.83127e-05,1.34293e-05,-0.000117323,-0.000100691,5.29303e-05,-0.000718016,0,0,0,0,0,0,0,0,0,0,0,0,0,0,0,0,0,0,0,0,0,0,0,0,0,0,0,0,0,0,0,0,0,0,0,0,0,0,0,0,0,0,0,0,0,0,0,0,0,0,0,0,2,0,0,0,0,0,1.1393,-0.3537,2.2909,0,0,0,0,0,0,0,-0,0,1.49632,0,0,0,0,0,0,0,0,0,0,0,0,0,0,0,0,0,0,0,0,0,0,0,0,0,0,0,0,0,0,0,0,0
3.1,0,0,0,0,0,0,3.04107,2.02288,-2.35864,0.000290562,0.000616528,-0.00160952,0.00152617,0.00290555,-0.00827595,0,0,0,0,0,0,0,0,0,0,0,0,0,0,0,0,0,0,0,0,0,0,0,0,0,0,0,0,0,0,0,0,0,0,0,0,0,0,0,0,1.77132,1.23123,0.0215498,-1.83127e-05,1.34293e-05,-0.000117323,-0.000100691,5.29303e-05,-0.000718016,0,0,0,0,0,0,0,0,0,0,0,0,0,0,0,0,0,0,0,0,0,0,0,0,0,0,0,0,0,0,0,0,0,0,0,0,0,0,0,0,0,0,0,0,0,0,0,0,0,0,0,0,2,0,0,0,0,0,1.1393,-0.3537,2.2909,0,0,0,0,0,0,0,-0,0,1.49632,0,0,0,0,0,0,0,0,0,0,0,0,0,0,0,0,0,0,0,0,0,0,0,0,0,0,0,0,0,0,0,0,0
3.15,0,0,0,0,0,0,3.04107,2.02288,-2.35864,2.44168e-06,-5.73795e-05,2.38445e-06,0.000132765,-0.000262367,-0.000301733,0,0,0,0,0,0,0,0,0,0,0,0,0,0,0,0,0,0,0,0,0,0,0,0,0,0,0,0,0,0,0,0,0,0,0,0,0,0,0,0,1.77132,1.23123,0.0215445,1.58709e-05,-5.00544e-05,-5.35384e-05,5.1517e-05,-0.000198854,-0.000330076,0,0,0,0,0,0,0,0,0,0,0,0,0,0,0,0,0,0,0,0,0,0,0,0,0,0,0,0,0,0,0,0,0,0,0,0,0,0,0,0,0,0,0,0,0,0,0,0,0,0,0,0,2,0,0,0,0,0,1.2422,-0.2507,2.3939,0,0,0,0,0,0,0,-0,0,1.49632,0,0,0,0,0,0,0,0,0,0,0,0,0,0,0,0,0,0,0,0,0,0,0,0,0,0,0,0,0,0,0,0,0
3.2,0,0,0,0,0,0,3.04107,2.02288,-2.35864,2.44168e-06,-5.73795e-05,2.38445e-06,0.000132765,-0.000262367,-0.000301733,0,0,0,0,0,0,0,0,0,0,0,0,0,0,0,0,0,0,0,0,0,0,0,0,0,0,0,0,0,0,0,0,0,0,0,0,0,0,0,0,1.77132,1.23123,0.0215445,1.58709e-05,-5.00544e-05,-5.35384e-05,5.1517e-05,-0.000198854,-0.000330076,0,0,0,0,0,0,0,0,0,0,0,0,0,0,0,0,0,0,0,0,0,0,0,0,0,0,0,0,0,0,0,0,0,0,0,0,0,0,0,0,0,0,0,0,0,0,0,0,0,0,0,0,2,0,0,0,0,0,1.2422,-0.2507,2.3939,0,0,0,0,0,0,0,-0,0,1.49632,0,0,0,0,0,0,0,0,0,0,0,0,0,0,0,0,0,0,0,0,0,0,0,0,0,0,0,0,0,0,0,0,0
3.25,0,0,0,0,0,0,3.04108,2.02286,-2.35863,7.32406e-05,-0.000166012,9.77496e-05,0.000173999,-0.00102044,0.0012793,0,0,0,0,0,0,0,0,0,0,0,0,0,0,0,0,0,0,0,0,0,0,0,0,0,0,0,0,0,0,0,0,0,0,0,0,0,0,0,0,1.77132,1.23123,0.0215333,-1.70895e-05,0,-0.000111607,-8.01628e-05,4.65136e-05,-0.000377721,0,0,0,0,0,0,0,0,0,0,0,0,0,0,0,0,0,0,0,0,0,0,0,0,0,0,0,0,0,0,0,0,0,0,0,0,0,0,0,0,0,0,0,0,0,0,0,0,0,0,0,0,2,0,0,0,0,0,1.2422,-0.2507,2.3939,0,0,0,0,0,0,0,-0,0,1.49632,0,0,0,0,0,0,0,0,0,0,0,0,0,0,0,0,0,0,0,0,0,0,0,0,0,0,0,0,0,0,0,0,0
3.3,0,0,0,0,0,0,3.04108,2.02286,-2.35863,7.32406e-05,-0.000166012,9.77496e-05,0.000173999,-0.00102044,0.0012793,0,0,0,0,0,0,0,0,0,0,0,0,0,0,0,0,0,0,0,0,0,0,0,0,0,0,0,0,0,0,0,0,0,0,0,0,0,0,0,0,1.77132,1.23123,0.0215333,-1.70895e-05,0,-0.000111607,-8.01628e-05,4.65136e-05,-0.000377721,0,0,0,0,0,0,0,0,0,0,0,0,0,0,0,0,0,0,0,0,0,0,0,0,0,0,0,0,0,0,0,0,0,0,0,0,0,0,0,0,0,0,0,0,0,0,0,0,0,0,0,0,2,0,0,0,0,0,1.2422,-0.2507,2.3939,0,0,0,0,0,0,0,-0,0,1.49632,0,0,0,0,0,0,0,0,0,0,0,0,0,0,0,0,0,0,0,0,0,0,0,0,0,0,0,0,0,0,0,0,0
3.35,0,0,0,0,0,0,3.04107,2.02287,-2.35859,-0.000114776,0.000106228,0.000338641,-0.000641212,0.00037248,0.00194467,0,0,0,0,0,0,0,0,0,0,0,0,0,0,0,0,0,0,0,0,0,0,0,0,0,0,0,0,0,0,0,0,0,0,0,0,0,0,0,0,1.77132,1.23123,0.02154,2.07573e-05,3.54095e-05,6.65322e-05,8.52687e-05,0.000202626,0.00047857,0,0,0,0,0,0,0,0,0,0,0,0,0,0,0,0,0,0,0,0,0,0,0,0,0,0,0,0,0,0,0,0,0,0,0,0,0,0,0,0,0,0,0,0,0,0,0,0,0,0,0,0,2,0,0,0,0,0,1.2342,-0.2588,2.3858,0,0,0,0,0,0,0,-0,0,1.49631,0,0,0,0,0,0,0,0,0,0,0,0,0,0,0,0,0,0,0,0,0,0,0,0,0,0,0,0,0,0,0,0,0
3.4,0,0,0,0,0,0,3.04107,2.02287,-2.35859,-0.000114776,0.000106228,0.000338641,-0.000641212,0.00037248,0.00194467,0,0,0,0,0,0,0,0,0,0,0,0,0,0,0,0,0,0,0,0,0,0,0,0,0,0,0,0,0,0,0,0,0,0,0,0,0,0,0,0,1.77132,1.23123,0.02154,2.07573e-05,3.54095e-05,6.65322e-05,8.52687e-05,0.000202626,0.00047857,0,0,0,0,0,0,0,0,0,0,0,0,0,0,0,0,0,0,0,0,0,0,0,0,0,0,0,0,0,0,0,0,0,0,0,0,0,0,0,0,0,0,0,0,0,0,0,0,0,0,0,0,2,0,0,0,0,0,1.2342,-0.2588,2.3858,0,0,0,0,0,0,0,-0,0,1.49631,0,0,0,0,0,0,0,0,0,0,0,0,0,0,0,0,0,0,0,0,0,0,0,0,0,0,0,0,0,0,0,0,0
3.45,0,0,0,0,0,0,3.04107,2.02287,-2.35861,-1.22063e-05,2.07507e-05,-0.000181187,-8.55886e-05,7.07052e-05,-0.000819143,0,0,0,0,0,0,0,0,0,0,0,0,0,0,0,0,0,0,0,0,0,0,0,0,0,0,0,0,0,0,0,0,0,0,0,0,0,0,0,0,1.77132,1.23124,0.021549,-2.31919e-05,3.53982e-05,9.00348e-05,-0.000102007,0.000142778,0.000497211,0,0,0,0,0,0,0,0,0,0,0,0,0,0,0,0,0,0,0,0,0,0,0,0,0,0,0,0,0,0,0,0,0,0,0,0,0,0,0,0,0,0,0,0,0,0,0,0,0,0,0,0,2,0,0,0,0,0,1.2342,-0.2588,2.3858,0,0,0,0,0,0,0,-0,0,1.49631,0,0,0,0,0,0,0,0,0,0,0,0,0,0,0,0,0,0,0,0,0,0,0,0,0,0,0,0,0,0,0,0,0
3.5,0,0,0,0,0,0,3.04107,2.02287,-2.35861,-1.22063e-05,2.07507e-05,-0.000181187,-8.55886e-05,7.07052e-05,-0.000819143,0,0,0,0,0,0,0,0,0,0,0,0,0,0,0,0,0,0,0,0,0,0,0,0,0,0,0,0,0,0,0,0,0,0,0,0,0,0,0,0,1.77132,1.23124,0.021549,-2.31919e-05,3.53982e-05,9.00348e-05,-0.000102007,0.000142778,0.000497211,0,0,0,0,0,0,0,0,0,0,0,0,0,0,0,0,0,0,0,0,0,0,0,0,0,0,0,0,0,0,0,0,0,0,0,0,0,0,0,0,0,0,0,0,0,0,0,0,0,0,0,0,2,0,0,0,0,0,1.2342,-0.2588,2.3858,0,0,0,0,0,0,0,-0,0,1.49631,0,0,0,0,0,0,0,0,0,0,0,0,0,0,0,0,0,0,0,0,0,0,0,0,0,0,0,0,0,0,0,0,0
3.55,0,0,0,0,0,0,3.04104,2.02284,-2.35834,-0.000336813,-0.000351457,0.00269809,-0.00127328,-0.00148573,0.0106395,0,0,0,0,0,0,0,0,0,0,0,0,0,0,0,0,0,0,0,0,0,0,0,0,0,0,0,0,0,0,0,0,0,0,0,0,0,0,0,0,1.77133,1.23124,0.0216402,9.64066e-05,5.12542e-05,0.000911603,0.000391316,0.000140976,0.00358399,0,0,0,0,0,0,0,0,0,0,0,0,0,0,0,0,0,0,0,0,0,0,0,0,0,0,0,0,0,0,0,0,0,0,0,0,0,0,0,0,0,0,0,0,0,0,0,0,0,0,0,0,2,0,0,0,0,0,1.2285,-0.2645,2.3803,0,0,0,0,0,0,0,-0,0,1.49626,0,0,0,0,0,0,0,0,0,0,0,0,0,0,0,0,0,0,0,0,0,0,0,0,0,0,0,0,0,0,0,0,0
3.6,0,0,0,0,0,0,3.04104,2.02284,-2.35834,-0.000336813,-0.000351457,0.00269809,-0.00127328,-0.00148573,0.0106395,0,0,0,0,0,0,0,0,0,0,0,0,0,0,0,0,0,0,0,0,0,0,0,0,0,0,0,0,0,0,0,0,0,0,0,0,0,0,0,0,1.77133,1.23124,0.0216402,9.64066e-05,5.12542e-05,0.000911603,0.000391316,0.000140976,0.00358399,0,0,0,0,0,0,0,0,0,0,0,0,0,0,0,0,0,0,0,0,0,0,0,0,0,0,0,0,0,0,0,0,0,0,0,0,0,0,0,0,0,0,0,0,0,0,0,0,0,0,0,0,2,0,0,0,0,0,1.2285,-0.2645,2.3803,0,0,0,0,0,0,0,-0,0,1.49626,0,0,0,0,0,0,0,0,0,0,0,0,0,0,0,0,0,0,0,0,0,0,0,0,0,0,0,0,0,0,0,0,0
3.65,0,0,0,0,0,0,3.04108,2.02288,-2.35859,0.000425019,0.000378609,-0.00252374,0.00211904,0.00181467,-0.0129279,0,0,0,0,0,0,0,0,0,0,0,0,0,0,0,0,0,0,0,0,0,0,0,0,0,0,0,0,0,0,0,0,0,0,0,0,0,0,0,0,1.77132,1.23123,0.0215323,-9.5263e-05,-0.000149001,-0.00107913,-0.000464207,-0.00071577,-0.00538533,0,0,0,0,0,0,0,0,0,0,0,0,0,0,0,0,0,0,0,0,0,0,0,0,0,0,0,0,0,0,0,0,0,0,0,0,0,0,0,0,0,0,0,0,0,0,0,0,0,0,0,0,2,0,0,0,0,0,1.2285,-0.2645,2.3803,0,0,0,0,0,0,0,-0,0,1.49633,0,0,0,0,0,0,0,0,0,0,0,0,0,0,0,0,0,0,0,0,0,0,0,0,0,0,0,0,0,0,0,0,0
3.7,0,0,0,0,0,0,3.04108,2.02288,-2.35859,0.000425019,0.000378609,-0.00252374,0.00211904,0.00181467,-0.0129279,0,0,0,0,0,0,0,0,0,0,0,0,0,0,0,0,0,0,0,0,0,0,0,0,0,0,0,0,0,0,0,0,0,0,0,0,0,0,0,0,1.77132,1.23123,0.0215323,-9.5263e-05,-0.000149001,-0.00107913,-0.000464207,-0.00071577,-0.00538533,0,0,0,0,0,0,0,0,0,0,0,0,0,0,0,0,0,0,0,0,0,0,0,0,0,0,0,0,0,0,0,0,0,0,0,0,0,0,0,0,0,0,0,0,0,0,0,0,0,0,0,0,2,0,0,0,0,0,1.2285,-0.2645,2.3803,0,0,0,0,0,0,0,-0,0,1.49633,0,0,0,0,0,0,0,0,0,0,0,0,0,0,0,0,0,0,0,0,0,0,0,0,0,0,0,0,0,0,0,0,0
3.75,0,0,0,0,0,0,3.04108,2.02288,-2.35861,-2.19766e-05,6.3488e-05,-0.000169308,-5.39534e-05,0.000277694,-0.00154811,0,0,0,0,0,0,0,0,0,0,0,0,0,0,0,0,0,0,0,0,0,0,0,0,0,0,0,0,0,0,0,0,0,0,0,0,0,0,0,0,1.77132,1.23123,0.0215136,-3.90695e-05,7.08135e-05,-0.000187062,-0.000170119,0.000332344,-0.000884638,0,0,0,0,0,0,0,0,0,0,0,0,0,0,0,0,0,0,0,0,0,0,0,0,0,0,0,0,0,0,0,0,0,0,0,0,0,0,0,0,0,0,0,0,0,0,0,0,0,0,0,0,2,0,0,0,0,0,1.2284,-0.2646,2.38,0,0,0,0,0,0,0,-0,0,1.49633,0,0,0,0,0,0,0,0,0,0,0,0,0,0,0,0,0,0,0,0,0,0,0,0,0,0,0,0,0,0,0,0,0
3.8,0,0,0,0,0,0,3.04108,2.02288,-2.35861,-2.19766e-05,6.3488e-05,-0.000169308,-5.39534e-05,0.000277694,-0.00154811,0,0,0,0,0,0,0,0,0,0,0,0,0,0,0,0,0,0,0,0,0,0,0,0,0,0,0,0,0,0,0,0,0,0,0,0,0,0,0,0,1.77132,1.23123,0.0215136,-3.90695e-05,7.08135e-05,-0.000187062,-0.000170119,0.000332344,-0.000884638,0,0,0,0,0,0,0,0,0,0,0,0,0,0,0,0,0,0,0,0,0,0,0,0,0,0,0,0,0,0,0,0,0,0,0,0,0,0,0,0,0,0,0,0,0,0,0,0,0,0,0,0,2,0,0,0,0,0,1.2284,-0.2646,2.38,0,0,0,0,0,0,0,-0,0,1.49633,0,0,0,0,0,0,0,0,0,0,0,0,0,0,0,0,0,0,0,0,0,0,0,0,0,0,0,0,0,0,0,0,0
3.85,0,0,0,0,0,0,3.04108,2.02288,-2.35861,-2.19766e-05,6.3488e-05,-0.000169308,-5.39534e-05,0.000277694,-0.00154811,0,0,0,0,0,0,0,0,0,0,0,0,0,0,0,0,0,0,0,0,0,0,0,0,0,0,0,0,0,0,0,0,0,0,0,0,0,0,0,0,1.77132,1.23123,0.0215136,-3.90695e-05,7.08135e-05,-0.000187062,-0.000170119,0.000332344,-0.000884638,0,0,0,0,0,0,0,0,0,0,0,0,0,0,0,0,0,0,0,0,0,0,0,0,0,0,0,0,0,0,0,0,0,0,0,0,0,0,0,0,0,0,0,0,0,0,0,0,0,0,0,0,2,0,0,0,0,0,1.2284,-0.2646,2.38,0,0,0,0,0,0,0,-0,0,1.49633,0,0,0,0,0,0,0,0,0,0,0,0,0,0,0,0,0,0,0,0,0,0,0,0,0,0,0,0,0,0,0,0,0
3.9,0,0,0,0,0,0,3.04107,2.02288,-2.3586,-3.6621e-05,1.2207e-05,7.15254e-05,-0.000385234,-0.000246336,0.00157403,0,0,0,0,0,0,0,0,0,0,0,0,0,0,0,0,0,0,0,0,0,0,0,0,0,0,0,0,0,0,0,0,0,0,0,0,0,0,0,0,1.77133,1.23123,0.021563,0.00010498,-3.41796e-05,0.000494084,0.00051327,-7.80006e-05,0.0028001,0,0,0,0,0,0,0,0,0,0,0,0,0,0,0,0,0,0,0,0,0,0,0,0,0,0,0,0,0,0,0,0,0,0,0,0,0,0,0,0,0,0,0,0,0,0,0,0,0,0,0,0,2,0,0,0,0,0,1.2284,-0.2646,2.38,0,0,0,0,0,0,0,-0,0,1.49632,0,0,0,0,0,0,0,0,0,0,0,0,0,0,0,0,0,0,0,0,0,0,0,0,0,0,0,0,0,0,0,0,0
3.95,0,0,0,0,0,0,3.04107,2.02287,-2.35855,-5.8537e-05,-0.000134147,0.000554977,-0.000363702,-0.000803668,0.00329954,0,0,0,0,0,0,0,0,0,0,0,0,0,0,0,0,0,0,0,0,0,0,0,0,0,0,0,0,0,0,0,0,0,0,0,0,0,0,0,0,1.77132,1.23123,0.021536,-4.51222e-05,3.41465e-05,-0.000269319,-0.000199167,0.000170662,-0.000870831,0,0,0,0,0,0,0,0,0,0,0,0,0,0,0,0,0,0,0,0,0,0,0,0,0,0,0,0,0,0,0,0,0,0,0,0,0,0,0,0,0,0,0,0,0,0,0,0,0,0,0,0,2,0,0,0,0,0,1.2835,-0.2095,2.4351,0,0,0,0,0,0,0,-0,0,1.49631,0,0,0,0,0,0,0,0,0,0,0,0,0,0,0,0,0,0,0,0,0,0,0,0,0,0,0,0,0,0,0,0,0
4,0,0,0,0,0,0,3.04107,2.02287,-2.35855,-5.8537e-05,-0.000134147,0.000554977,-0.000363702,-0.000803668,0.00329954,0,0,0,0,0,0,0,0,0,0,0,0,0,0,0,0,0,0,0,0,0,0,0,0,0,0,0,0,0,0,0,0,0,0,0,0,0,0,0,0,1.77132,1.23123,0.021536,-4.51222e-05,3.41465e-05,-0.000269319,-0.000199167,0.000170662,-0.000870831,0,0,0,0,0,0,0,0,0,0,0,0,0,0,0,0,0,0,0,0,0,0,0,0,0,0,0,0,0,0,0,0,0,0,0,0,0,0,0,0,0,0,0,0,0,0,0,0,0,0,0,0,2,0,0,0,0,0,1.2835,-0.2095,2.4351,0,0,0,0,0,0,0,-0,0,1.49631,0,0,0,0,0,0,0,0,0,0,0,0,0,0,0,0,0,0,0,0,0,0,0,0,0,0,0,0,0,0,0,0,0
4.05,0,0,0,0,0,0,3.04108,2.02287,-2.35857,0.000105091,-7.33195e-06,-0.000272084,0.000438456,-5.08379e-05,-0.00109156,0,0,0,0,0,0,0,0,0,0,0,0,0,0,0,0,0,0,0,0,0,0,0,0,0,0,0,0,0,0,0,0,0,0,0,0,0,0,0,0,1.77132,1.23123,0.0215468,-2.19959e-05,-6.10996e-05,0.000107327,-0.00012343,-0.000244523,0.000486149,0,0,0,0,0,0,0,0,0,0,0,0,0,0,0,0,0,0,0,0,0,0,0,0,0,0,0,0,0,0,0,0,0,0,0,0,0,0,0,0,0,0,0,0,0,0,0,0,0,0,0,0,2,0,0,0,0,0,1.2835,-0.2095,2.4351,0,0,0,0,0,0,0,-0,0,1.49632,0,0,0,0,0,0,0,0,0,0,0,0,0,0,0,0,0,0,0,0,0,0,0,0,0,0,0,0,0,0,0,0,0
4.1,0,0,0,0,0,0,3.04108,2.02287,-2.35857,0.000105091,-7.33195e-06,-0.000272084,0.000438456,-5.08379e-05,-0.00109156,0,0,0,0,0,0,0,0,0,0,0,0,0,0,0,0,0,0,0,0,0,0,0,0,0,0,0,0,0,0,0,0,0,0,0,0,0,0,0,0,1.77132,1.23123,0.0215468,-2.19959e-05,-6.10996e-05,0.000107327,-0.00012343,-0.000244523,0.000486149,0,0,0,0,0,0,0,0,0,0,0,0,0,0,0,0,0,0,0,0,0,0,0,0,0,0,0,0,0,0,0,0,0,0,0,0,0,0,0,0,0,0,0,0,0,0,0,0,0,0,0,0,2,0,0,0,0,0,1.2835,-0.2095,2.4351,0,0,0,0,0,0,0,-0,0,1.49632,0,0,0,0,0,0,0,0,0,0,0,0,0,0,0,0,0,0,0,0,0,0,0,0,0,0,0,0,0,0,0,0,0
4.15,0,0,0,0,0,0,3.04108,2.02289,-2.3586,-1.22095e-05,0.000200235,-0.000221774,-9.65574e-05,0.000900581,-0.00104912,0,0,0,0,0,0,0,0,0,0,0,0,0,0,0,0,0,0,0,0,0,0,0,0,0,0,0,0,0,0,0,0,0,0,0,0,0,0,0,0,1.77132,1.23122,0.0215857,3.17446e-05,-1.70932e-05,0.000389333,0.000150764,-2.73631e-05,0.00160258,0,0,0,0,0,0,0,0,0,0,0,0,0,0,0,0,0,0,0,0,0,0,0,0,0,0,0,0,0,0,0,0,0,0,0,0,0,0,0,0,0,0,0,0,0,0,0,0,0,0,0,0,2,0,0,0,0,0,1.2885,-0.2046,2.4402,0,0,0,0,0,0,0,-0,0,1.49633,0,0,0,0,0,0,0,0,0,0,0,0,0,0,0,0,0,0,0,0,0,0,0,0,0,0,0,0,0,0,0,0,0
4.2,0,0,0,0,0,0,3.04108,2.02289,-2.3586,-1.22095e-05,0.000200235,-0.000221774,-9.65574e-05,0.000900581,-0.00104912,0,0,0,0,0,0,0,0,0,0,0,0,0,0,0,0,0,0,0,0,0,0,0,0,0,0,0,0,0,0,0,0,0,0,0,0,0,0,0,0,1.77132,1.23122,0.0215857,3.17446e-05,-1.70932e-05,0.000389333,0.000150764,-2.73631e-05,0.00160258,0,0,0,0,0,0,0,0,0,0,0,0,0,0,0,0,0,0,0,0,0,0,0,0,0,0,0,0,0,0,0,0,0,0,0,0,0,0,0,0,0,0,0,0,0,0,0,0,0,0,0,0,2,0,0,0,0,0,1.2885,-0.2046,2.4402,0,0,0,0,0,0,0,-0,0,1.49633,0,0,0,0,0,0,0,0,0,0,0,0,0,0,0,0,0,0,0,0,0,0,0,0,0,0,0,0,0,0,0,0,0
4.25,0,0,0,0,0,0,3.04108,2.02289,-2.35857,2.1971e-05,1.22061e-05,0.000255089,6.07338e-06,-8.16456e-05,0.0012813,0,0,0,0,0,0,0,0,0,0,0,0,0,0,0,0,0,0,0,0,0,0,0,0,0,0,0,0,0,0,0,0,0,0,0,0,0,0,0,0,1.77132,1.23123,0.021535,-1.5868e-05,9.03253e-05,-0.000506602,-6.25615e-05,0.000442242,-0.00246648,0,0,0,0,0,0,0,0,0,0,0,0,0,0,0,0,0,0,0,0,0,0,0,0,0,0,0,0,0,0,0,0,0,0,0,0,0,0,0,0,0,0,0,0,0,0,0,0,0,0,0,0,2,0,0,0,0,0,1.2885,-0.2046,2.4402,0,0,0,0,0,0,0,-0,0,1.49633,0,0,0,0,0,0,0,0,0,0,0,0,0,0,0,0,0,0,0,0,0,0,0,0,0,0,0,0,0,0,0,0,0
4.3,0,0,0,0,0,0,3.04108,2.02289,-2.35857,2.1971e-05,1.22061e-05,0.000255089,6.07338e-06,-8.16456e-05,0.0012813,0,0,0,0,0,0,0,0,0,0,0,0,0,0,0,0,0,0,0,0,0,0,0,0,0,0,0,0,0,0,0,0,0,0,0,0,0,0,0,0,1.77132,1.23123,0.021535,-1.5868e-05,9.03253e-05,-0.000506602,-6.25615e-05,0.000442242,-0.00246648,0,0,0,0,0,0,0,0,0,0,0,0,0,0,0,0,0,0,0,0,0,0,0,0,0,0,0,0,0,0,0,0,0,0,0,0,0,0,0,0,0,0,0,0,0,0,0,0,0,0,0,0,2,0,0,0,0,0,1.2885,-0.2046,2.4402,0,0,0,0,0,0,0,-0,0,1.49633,0,0,0,0,0,0,0,0,0,0,0,0,0,0,0,0,0,0,0,0,0,0,0,0,0,0,0,0,0,0,0,0,0
4.35,0,0,0,0,0,0,3.04107,2.02288,-2.35857,-7.56868e-05,-0.000158698,2.14586e-05,-0.000372686,-0.000864886,0.000151174,0,0,0,0,0,0,0,0,0,0,0,0,0,0,0,0,0,0,0,0,0,0,0,0,0,0,0,0,0,0,0,0,0,0,0,0,0,0,0,0,1.77133,1.23123,0.0215721,6.83622e-05,-1.22075e-06,0.000370719,0.000270126,-3.6726e-05,0.00147397,0,0,0,0,0,0,0,0,0,0,0,0,0,0,0,0,0,0,0,0,0,0,0,0,0,0,0,0,0,0,0,0,0,0,0,0,0,0,0,0,0,0,0,0,0,0,0,0,0,0,0,0,2,0,0,0,0,0,1.2284,-0.2646,2.3801,0,0,0,0,0,0,0,-0,0,1.49631,0,0,0,0,0,0,0,0,0,0,0,0,0,0,0,0,0,0,0,0,0,0,0,0,0,0,0,0,0,0,0,0,0
4.4,0,0,0,0,0,0,3.04107,2.02288,-2.35857,-7.56868e-05,-0.000158698,2.14586e-05,-0.000372686,-0.000864886,0.000151174,0,0,0,0,0,0,0,0,0,0,0,0,0,0,0,0,0,0,0,0,0,0,0,0,0,0,0,0,0,0,0,0,0,0,0,0,0,0,0,0,1.77133,1.23123,0.0215721,6.83622e-05,-1.22075e-06,0.000370719,0.000270126,-3.6726e-05,0.00147397,0,0,0,0,0,0,0,0,0,0,0,0,0,0,0,0,0,0,0,0,0,0,0,0,0,0,0,0,0,0,0,0,0,0,0,0,0,0,0,0,0,0,0,0,0,0,0,0,0,0,0,0,2,0,0,0,0,0,1.2284,-0.2646,2.3801,0,0,0,0,0,0,0,-0,0,1.49631,0,0,0,0,0,0,0,0,0,0,0,0,0,0,0,0,0,0,0,0,0,0,0,0,0,0,0,0,0,0,0,0,0
4.45,0,0,0,0,0,0,3.04107,2.02287,-2.35858,-1.9536e-05,-1.221e-05,-9.77756e-05,-5.06772e-05,-4.00026e-05,-0.000538577,0,0,0,0,0,0,0,0,0,0,0,0,0,0,0,0,0,0,0,0,0,0,0,0,0,0,0,0,0,0,0,0,0,0,0,0,0,0,0,0,1.77132,1.23122,0.0215294,-0.000105006,-9.6459e-05,-0.000426948,-0.000485495,-0.000467405,-0.00176888,0,0,0,0,0,0,0,0,0,0,0,0,0,0,0,0,0,0,0,0,0,0,0,0,0,0,0,0,0,0,0,0,0,0,0,0,0,0,0,0,0,0,0,0,0,0,0,0,0,0,0,0,2,0,0,0,0,0,1.2284,-0.2646,2.3801,0,0,0,0,0,0,0,-0,0,1.49632,0,0,0,0,0,0,0,0,0,0,0,0,0,0,0,0,0,0,0,0,0,0,0,0,0,0,0,0,0,0,0,0,0
4.5,0,0,0,0,0,0,3.04107,2.02287,-2.35858,-1.9536e-05,-1.221e-05,-9.77756e-05,-5.06772e-05,-4.00026e-05,-0.000538577,0,0,0,0,0,0,0,0,0,0,0,0,0,0,0,0,0,0,0,0,0,0,0,0,0,0,0,0,0,0,0,0,0,0,0,0,0,0,0,0,1.77132,1.23122,0.0215294,-0.000105006,-9.6459e-05,-0.000426948,-0.000485495,-0.000467405,-0.00176888,0,0,0,0,0,0,0,0,0,0,0,0,0,0,0,0,0,0,0,0,0,0,0,0,0,0,0,0,0,0,0,0,0,0,0,0,0,0,0,0,0,0,0,0,0,0,0,0,0,0,0,0,2,0,0,0,0,0,1.2284,-0.2646,2.3801,0,0,0,0,0,0,0,-0,0,1.49632,0,0,0,0,0,0,0,0,0,0,0,0,0,0,0,0,0,0,0,0,0,0,0,0,0,0,0,0,0,0,0,0,0
4.55,0,0,0,0,0,0,3.04107,2.02287,-2.35858,4.88277e-06,-3.66208e-05,-1.90733e-05,0.000110715,-9.91601e-06,-0.00010234,0,0,0,0,0,0,0,0,0,0,0,0,0,0,0,0,0,0,0,0,0,0,0,0,0,0,0,0,0,0,0,0,0,0,0,0,0,0,0,0,1.77132,1.23122,0.0215413,5.12692e-05,1.22069e-06,0.000119376,0.000230578,5.12942e-05,0.000681646,0,0,0,0,0,0,0,0,0,0,0,0,0,0,0,0,0,0,0,0,0,0,0,0,0,0,0,0,0,0,0,0,0,0,0,0,0,0,0,0,0,0,0,0,0,0,0,0,0,0,0,0,2,0,0,0,0,0,1.2285,-0.2645,2.3802,0,0,0,0,0,0,0,-0,0,1.49632,0,0,0,0,0,0,0,0,0,0,0,0,0,0,0,0,0,0,0,0,0,0,0,0,0,0,0,0,0,0,0,0,0
4.6,0,0,0,0,0,0,3.04107,2.02287,-2.35858,4.88277e-06,-3.66208e-05,-1.90733e-05,0.000110715,-9.91601e-06,-0.00010234,0,0,0,0,0,0,0,0,0,0,0,0,0,0,0,0,0,0,0,0,0,0,0,0,0,0,0,0,0,0,0,0,0,0,0,0,0,0,0,0,1.77132,1.23122,0.0215413,5.12692e-05,1.22069e-06,0.000119376,0.000230578,5.12942e-05,0.000681646,0,0,0,0,0,0,0,0,0,0,0,0,0,0,0,0,0,0,0,0,0,0,0,0,0,0,0,0,0,0,0,0,0,0,0,0,0,0,0,0,0,0,0,0,0,0,0,0,0,0,0,0,2,0,0,0,0,0,1.2285,-0.2645,2.3802,0,0,0,0,0,0,0,-0,0,1.49632,0,0,0,0,0,0,0,0,0,0,0,0,0,0,0,0,0,0,0,0,0,0,0,0,0,0,0,0,0,0,0,0,0
4.65,0,0,0,0,0,0,3.04107,2.02289,-2.35856,-1.46518e-05,0.000219777,0.000245627,1.02797e-05,0.00102261,0.00105526,0,0,0,0,0,0,0,0,0,0,0,0,0,0,0,0,0,0,0,0,0,0,0,0,0,0,0,0,0,0,0,0,0,0,0,0,0,0,0,0,1.77132,1.23124,0.0215655,1.09889e-05,0.000142855,0.000241268,7.44328e-05,0.000666944,0.00122806,0,0,0,0,0,0,0,0,0,0,0,0,0,0,0,0,0,0,0,0,0,0,0,0,0,0,0,0,0,0,0,0,0,0,0,0,0,0,0,0,0,0,0,0,0,0,0,0,0,0,0,0,2,0,0,0,0,0,1.2285,-0.2645,2.3802,0,0,0,0,0,0,0,-0,0,1.49632,0,0,0,0,0,0,0,0,0,0,0,0,0,0,0,0,0,0,0,0,0,0,0,0,0,0,0,0,0,0,0,0,0
4.7,0,0,0,0,0,0,3.04107,2.02289,-2.35856,-1.46518e-05,0.000219777,0.000245627,1.02797e-05,0.00102261,0.00105526,0,0,0,0,0,0,0,0,0,0,0,0,0,0,0,0,0,0,0,0,0,0,0,0,0,0,0,0,0,0,0,0,0,0,0,0,0,0,0,0,1.77132,1.23124,0.0215655,1.09889e-05,0.000142855,0.000241268,7.44328e-05,0.000666944,0.00122806,0,0,0,0,0,0,0,0,0,0,0,0,0,0,0,0,0,0,0,0,0,0,0,0,0,0,0,0,0,0,0,0,0,0,0,0,0,0,0,0,0,0,0,0,0,0,0,0,0,0,0,0,2,0,0,0,0,0,1.2285,-0.2645,2.3802,0,0,0,0,0,0,0,-0,0,1.49632,0,0,0,0,0,0,0,0,0,0,0,0,0,0,0,0,0,0,0,0,0,0,0,0,0,0,0,0,0,0,0,0,0
4.75,0,0,0,0,0,0,3.04107,2.0229,-2.35858,9.76558e-06,5.00486e-05,-0.000226497,9.0136e-05,7.57197e-05,-0.00109603,0,0,0,0,0,0,0,0,0,0,0,0,0,0,0,0,0,0,0,0,0,0,0,0,0,0,0,0,0,0,0,0,0,0,0,0,0,0,0,0,1.77132,1.23123,0.0215391,-4.76072e-05,-3.66209e-05,-0.000263935,-0.000210569,-0.00023326,-0.00120718,0,0,0,0,0,0,0,0,0,0,0,0,0,0,0,0,0,0,0,0,0,0,0,0,0,0,0,0,0,0,0,0,0,0,0,0,0,0,0,0,0,0,0,0,0,0,0,0,0,0,0,0,2,0,0,0,0,0,1.1765,-0.3166,2.3281,0,0,0,0,0,0,0,-0,0,1.49633,0,0,0,0,0,0,0,0,0,0,0,0,0,0,0,0,0,0,0,0,0,0,0,0,0,0,0,0,0,0,0,0,0
4.8,0,0,0,0,0,0,3.04107,2.0229,-2.35858,9.76558e-06,5.00486e-05,-0.000226497,9.0136e-05,7.57197e-05,-0.00109603,0,0,0,0,0,0,0,0,0,0,0,0,0,0,0,0,0,0,0,0,0,0,0,0,0,0,0,0,0,0,0,0,0,0,0,0,0,0,0,0,1.77132,1.23123,0.0215391,-4.76072e-05,-3.66209e-05,-0.000263935,-0.000210569,-0.00023326,-0.00120718,0,0,0,0,0,0,0,0,0,0,0,0,0,0,0,0,0,0,0,0,0,0,0,0,0,0,0,0,0,0,0,0,0,0,0,0,0,0,0,0,0,0,0,0,0,0,0,0,0,0,0,0,2,0,0,0,0,0,1.1765,-0.3166,2.3281,0,0,0,0,0,0,0,-0,0,1.49633,0,0,0,0,0,0,0,0,0,0,0,0,0,0,0,0,0,0,0,0,0,0,0,0,0,0,0,0,0,0,0,0,0
4.85,0,0,0,0,0,0,3.04107,2.02289,-2.35857,4.39483e-05,-3.29612e-05,6.43774e-05,0.000201515,-0.000414431,0.000212964,0,0,0,0,0,0,0,0,0,0,0,0,0,0,0,0,0,0,0,0,0,0,0,0,0,0,0,0,0,0,0,0,0,0,0,0,0,0,0,0,1.77132,1.23123,0.0215462,2.92989e-05,-2.31949e-05,7.15677e-05,0.000142291,-0.000208276,0.000286126,0,0,0,0,0,0,0,0,0,0,0,0,0,0,0,0,0,0,0,0,0,0,0,0,0,0,0,0,0,0,0,0,0,0,0,0,0,0,0,0,0,0,0,0,0,0,0,0,0,0,0,0,2,0,0,0,0,0,1.1765,-0.3166,2.3281,0,0,0,0,0,0,0,-0,0,1.49633,0,0,0,0,0,0,0,0,0,0,0,0,0,0,0,0,0,0,0,0,0,0,0,0,0,0,0,0,0,0,0,0,0
4.9,0,0,0,0,0,0,3.04107,2.02289,-2.35857,4.39483e-05,-3.29612e-05,6.43774e-05,0.000201515,-0.000414431,0.000212964,0,0,0,0,0,0,0,0,0,0,0,0,0,0,0,0,0,0,0,0,0,0,0,0,0,0,0,0,0,0,0,0,0,0,0,0,0,0,0,0,1.77132,1.23123,0.0215462,2.92989e-05,-2.31949e-05,7.15677e-05,0.000142291,-0.000208276,0.000286126,0,0,0,0,0,0,0,0,0,0,0,0,0,0,0,0,0,0,0,0,0,0,0,0,0,0,0,0,0,0,0,0,0,0,0,0,0,0,0,0,0,0,0,0,0,0,0,0,0,0,0,0,2,0,0,0,0,0,1.1765,-0.3166,2.3281,0,0,0,0,0,0,0,-0,0,1.49633,0,0,0,0,0,0,0,0,0,0,0,0,0,0,0,0,0,0,0,0,0,0,0,0,0,0,0,0,0,0,0,0,0
4.95,0,0,0,0,0,0,3.04107,2.02289,-2.35856,-3.41786e-05,-5.12678e-05,0.000104901,-0.000176099,-0.000388327,0.000466961,0,0,0,0,0,0,0,0,0,0,0,0,0,0,0,0,0,0,0,0,0,0,0,0,0,0,0,0,0,0,0,0,0,0,0,0,0,0,0,0,1.77132,1.23124,0.0215385,1.34273e-05,5.49297e-05,-7.68687e-05,6.9777e-05,0.000190491,-0.000219208,0,0,0,0,0,0,0,0,0,0,0,0,0,0,0,0,0,0,0,0,0,0,0,0,0,0,0,0,0,0,0,0,0,0,0,0,0,0,0,0,0,0,0,0,0,0,0,0,0,0,0,0,2,0,0,0,0,0,1.2263,-0.2667,2.378,0,0,0,0,0,0,0,-0,0,1.49632,0,0,0,0,0,0,0,0,0,0,0,0,0,0,0,0,0,0,0,0,0,0,0,0,0,0,0,0,0,0,0,0,0
5,0,0,0,0,0,0,3.04107,2.02289,-2.35856,-3.41786e-05,-5.12678e-05,0.000104901,-0.000176099,-0.000388327,0.000466961,0,0,0,0,0,0,0,0,0,0,0,0,0,0,0,0,0,0,0,0,0,0,0,0,0,0,0,0,0,0,0,0,0,0,0,0,0,0,0,0,1.77132,1.23124,0.0215385,1.34273e-05,5.49297e-05,-7.68687e-05,6.9777e-05,0.000190491,-0.000219208,0,0,0,0,0,0,0,0,0,0,0,0,0,0,0,0,0,0,0,0,0,0,0,0,0,0,0,0,0,0,0,0,0,0,0,0,0,0,0,0,0,0,0,0,0,0,0,0,0,0,0,0,2,0,0,0,0,0,1.2263,-0.2667,2.378,0,0,0,0,0,0,0,-0,0,1.49632,0,0,0,0,0,0,0,0,0,0,0,0,0,0,0,0,0,0,0,0,0,0,0,0,0,0,0,0,0,0,0,0,0
5.05,0,0,0,0,0,0,3.04107,2.02289,-2.35858,5.3716e-05,-2.56372e-05,-0.000171678,0.000194363,-0.000127208,-0.000790394,0,0,0,0,0,0,0,0,0,0,0,0,0,0,0,0,0,0,0,0,0,0,0,0,0,0,0,0,0,0,0,0,0,0,0,0,0,0,0,0,1.77132,1.23123,0.0215403,-4.39495e-05,-8.54574e-05,1.74919e-05,-0.000197182,-0.00039261,0.000177042,0,0,0,0,0,0,0,0,0,0,0,0,0,0,0,0,0,0,0,0,0,0,0,0,0,0,0,0,0,0,0,0,0,0,0,0,0,0,0,0,0,0,0,0,0,0,0,0,0,0,0,0,2,0,0,0,0,0,1.2263,-0.2667,2.378,0,0,0,0,0,0,0,-0,0,1.49633,0,0,0,0,0,0,0,0,0,0,0,0,0,0,0,0,0,0,0,0,0,0,0,0,0,0,0,0,0,0,0,0,0
5.1,0,0,0,0,0,0,3.04107,2.02289,-2.35858,5.3716e-05,-2.56372e-05,-0.000171678,0.000194363,-0.000127208,-0.000790394,0,0,0,0,0,0,0,0,0,0,0,0,0,0,0,0,0,0,0,0,0,0,0,0,0,0,0,0,0,0,0,0,0,0,0,0,0,0,0,0,1.77132,1.23123,0.0215403,-4.39495e-05,-8.54574e-05,1.74919e-05,-0.000197182,-0.00039261,0.000177042,0,0,0,0,0,0,0,0,0,0,0,0,0,0,0,0,0,0,0,0,0,0,0,0,0,0,0,0,0,0,0,0,0,0,0,0,0,0,0,0,0,0,0,0,0,0,0,0,0,0,0,0,2,0,0,0,0,0,1.2263,-0.2667,2.378,0,0,0,0,0,0,0,-0,0,1.49633,0,0,0,0,0,0,0,0,0,0,0,0,0,0,0,0,0,0,0,0,0,0,0,0,0,0,0,0,0,0,0,0,0
5.15,0,0,0,0,0,0,3.04107,2.02289,-2.35858,5.3716e-05,-2.56372e-05,-0.000171678,0.000194363,-0.000127208,-0.000790394,0,0,0,0,0,0,0,0,0,0,0,0,0,0,0,0,0,0,0,0,0,0,0,0,0,0,0,0,0,0,0,0,0,0,0,0,0,0,0,0,1.77132,1.23123,0.0215403,-4.39495e-05,-8.54574e-05,1.74919e-05,-0.000197182,-0.00039261,0.000177042,0,0,0,0,0,0,0,0,0,0,0,0,0,0,0,0,0,0,0,0,0,0,0,0,0,0,0,0,0,0,0,0,0,0,0,0,0,0,0,0,0,0,0,0,0,0,0,0,0,0,0,0,2,0,0,0,0,0,1.1769,-0.3162,2.3285,0,0,0,0,0,0,0,-0,0,1.49633,0,0,0,0,0,0,0,0,0,0,0,0,0,0,0,0,0,0,0,0,0,0,0,0,0,0,0,0,0,0,0,0,0
5.2,0,0,0,0,0,0,3.04107,2.02288,-2.35851,-3.41785e-05,-9.64321e-05,0.00066278,-0.000184353,-0.000323932,0.00268952,0,0,0,0,0,0,0,0,0,0,0,0,0,0,0,0,0,0,0,0,0,0,0,0,0,0,0,0,0,0,0,0,0,0,0,0,0,0,0,0,1.77132,1.23123,0.0215627,1.83099e-05,-2.44132e-05,0.000223789,9.42388e-05,-7.07551e-05,0.00098425,0,0,0,0,0,0,0,0,0,0,0,0,0,0,0,0,0,0,0,0,0,0,0,0,0,0,0,0,0,0,0,0,0,0,0,0,0,0,0,0,0,0,0,0,0,0,0,0,0,0,0,0,2,0,0,0,0,0,1.1769,-0.3162,2.3285,0,0,0,0,0,0,0,-0,0,1.49632,0,0,0,0,0,0,0,0,0,0,0,0,0,0,0,0,0,0,0,0,0,0,0,0,0,0,0,0,0,0,0,0,0
5.25,0,0,0,0,0,0,3.04107,2.02288,-2.35851,-3.41785e-05,-9.64321e-05,0.00066278,-0.000184353,-0.000323932,0.00268952,0,0,0,0,0,0,0,0,0,0,0,0,0,0,0,0,0,0,0,0,0,0,0,0,0,0,0,0,0,0,0,0,0,0,0,0,0,0,0,0,1.77132,1.23123,0.0215627,1.83099e-05,-2.44132e-05,0.000223789,9.42388e-05,-7.07551e-05,0.00098425,0,0,0,0,0,0,0,0,0,0,0,0,0,0,0,0,0,0,0,0,0,0,0,0,0,0,0,0,0,0,0,0,0,0,0,0,0,0,0,0,0,0,0,0,0,0,0,0,0,0,0,0,2,0,0,0,0,0,1.1769,-0.3162,2.3285,0,0,0,0,0,0,0,-0,0,1.49632,0,0,0,0,0,0,0,0,0,0,0,0,0,0,0,0,0,0,0,0,0,0,0,0,0,0,0,0,0,0,0,0,0
5.3,0,0,0,0,0,0,3.04107,2.0229,-2.35855,1.9525e-05,0.000261147,-0.000381348,5.2653e-05,0.00120775,-0.00208647,0,0,0,0,0,0,0,0,0,0,0,0,0,0,0,0,0,0,0,0,0,0,0,0,0,0,0,0,0,0,0,0,0,0,0,0,0,0,0,0,1.77132,1.23123,0.0215811,-2.80672e-05,4.2711e-05,0.000184473,-8.92973e-05,0.000269304,0.000543109,0,0,0,0,0,0,0,0,0,0,0,0,0,0,0,0,0,0,0,0,0,0,0,0,0,0,0,0,0,0,0,0,0,0,0,0,0,0,0,0,0,0,0,0,0,0,0,0,0,0,0,0,2,0,0,0,0,0,1.1769,-0.3162,2.3285,0,0,0,0,0,0,0,-0,0,1.49634,0,0,0,0,0,0,0,0,0,0,0,0,0,0,0,0,0,0,0,0,0,0,0,0,0,0,0,0,0,0,0,0,0
5.35,0,0,0,0,0,0,3.04108,2.02292,-2.35856,1.95421e-05,0.000200307,-0.000121661,6.37284e-05,0.000689024,-0.000861064,0,0,0,0,0,0,0,0,0,0,0,0,0,0,0,0,0,0,0,0,0,0,0,0,0,0,0,0,0,0,0,0,0,0,0,0,0,0,0,0,1.77132,1.23123,0.0215239,3.41987e-05,1.34352e-05,-0.000572132,0.000170362,9.06964e-05,-0.0027568,0,0,0,0,0,0,0,0,0,0,0,0,0,0,0,0,0,0,0,0,0,0,0,0,0,0,0,0,0,0,0,0,0,0,0,0,0,0,0,0,0,0,0,0,0,0,0,0,0,0,0,0,2,0,0,0,0,0,1.2285,-0.2646,2.3801,0,0,0,0,0,0,0,-0,0,1.49635,0,0,0,0,0,0,0,0,0,0,0,0,0,0,0,0,0,0,0,0,0,0,0,0,0,0,0,0,0,0,0,0,0
5.4,0,0,0,0,0,0,3.04108,2.02292,-2.35856,1.95421e-05,0.000200307,-0.000121661,6.37284e-05,0.000689024,-0.000861064,0,0,0,0,0,0,0,0,0,0,0,0,0,0,0,0,0,0,0,0,0,0,0,0,0,0,0,0,0,0,0,0,0,0,0,0,0,0,0,0,1.77132,1.23123,0.0215239,3.41987e-05,1.34352e-05,-0.000572132,0.000170362,9.06964e-05,-0.0027568,0,0,0,0,0,0,0,0,0,0,0,0,0,0,0,0,0,0,0,0,0,0,0,0,0,0,0,0,0,0,0,0,0,0,0,0,0,0,0,0,0,0,0,0,0,0,0,0,0,0,0,0,2,0,0,0,0,0,1.2285,-0.2646,2.3801,0,0,0,0,0,0,0,-0,0,1.49635,0,0,0,0,0,0,0,0,0,0,0,0,0,0,0,0,0,0,0,0,0,0,0,0,0,0,0,0,0,0,0,0,0
5.45,0,0,0,0,0,0,3.04107,2.02289,-2.35859,-1.95326e-05,-0.000300314,-0.00025751,-0.00011633,-0.00165641,-0.000894287,0,0,0,0,0,0,0,0,0,0,0,0,0,0,0,0,0,0,0,0,0,0,0,0,0,0,0,0,0,0,0,0,0,0,0,0,0,0,0,0,1.77132,1.23123,0.0215221,-3.78444e-05,-3.17405e-05,-1.88885e-05,-0.000150373,-0.000150189,0.00010771,0,0,0,0,0,0,0,0,0,0,0,0,0,0,0,0,0,0,0,0,0,0,0,0,0,0,0,0,0,0,0,0,0,0,0,0,0,0,0,0,0,0,0,0,0,0,0,0,0,0,0,0,2,0,0,0,0,0,1.2285,-0.2646,2.3801,0,0,0,0,0,0,0,-0,0,1.49633,0,0,0,0,0,0,0,0,0,0,0,0,0,0,0,0,0,0,0,0,0,0,0,0,0,0,0,0,0,0,0,0,0
5.5,0,0,0,0,0,0,3.04107,2.02289,-2.35859,-1.95326e-05,-0.000300314,-0.00025751,-0.00011633,-0.00165641,-0.000894287,0,0,0,0,0,0,0,0,0,0,0,0,0,0,0,0,0,0,0,0,0,0,0,0,0,0,0,0,0,0,0,0,0,0,0,0,0,0,0,0,1.77132,1.23123,0.0215221,-3.78444e-05,-3.17405e-05,-1.88885e-05,-0.000150373,-0.000150189,0.00010771,0,0,0,0,0,0,0,0,0,0,0,0,0,0,0,0,0,0,0,0,0,0,0,0,0,0,0,0,0,0,0,0,0,0,0,0,0,0,0,0,0,0,0,0,0,0,0,0,0,0,0,0,2,0,0,0,0,0,1.2285,-0.2646,2.3801,0,0,0,0,0,0,0,-0,0,1.49633,0,0,0,0,0,0,0,0,0,0,0,0,0,0,0,0,0,0,0,0,0,0,0,0,0,0,0,0,0,0,0,0,0
5.55,0,0,0,0,0,0,3.04107,2.02288,-2.35855,-4.88204e-05,-0.000134256,0.000429085,-0.000211265,-0.000648673,0.00220213,0,0,0,0,0,0,0,0,0,0,0,0,0,0,0,0,0,0,0,0,0,0,0,0,0,0,0,0,0,0,0,0,0,0,0,0,0,0,0,0,1.77133,1.23123,0.0215481,9.64201e-05,4.39383e-05,0.000260859,0.000402778,0.000179601,0.00157051,0,0,0,0,0,0,0,0,0,0,0,0,0,0,0,0,0,0,0,0,0,0,0,0,0,0,0,0,0,0,0,0,0,0,0,0,0,0,0,0,0,0,0,0,0,0,0,0,0,0,0,0,2,0,0,0,0,0,1.2583,-0.2347,2.41,0,0,0,0,0,0,0,-0,0,1.49631,0,0,0,0,0,0,0,0,0,0,0,0,0,0,0,0,0,0,0,0,0,0,0,0,0,0,0,0,0,0,0,0,0
5.6,0,0,0,0,0,0,3.04107,2.02288,-2.35855,-4.88204e-05,-0.000134256,0.000429085,-0.000211265,-0.000648673,0.00220213,0,0,0,0,0,0,0,0,0,0,0,0,0,0,0,0,0,0,0,0,0,0,0,0,0,0,0,0,0,0,0,0,0,0,0,0,0,0,0,0,1.77133,1.23123,0.0215481,9.64201e-05,4.39383e-05,0.000260859,0.000402778,0.000179601,0.00157051,0,0,0,0,0,0,0,0,0,0,0,0,0,0,0,0,0,0,0,0,0,0,0,0,0,0,0,0,0,0,0,0,0,0,0,0,0,0,0,0,0,0,0,0,0,0,0,0,0,0,0,0,2,0,0,0,0,0,1.2583,-0.2347,2.41,0,0,0,0,0,0,0,-0,0,1.49631,0,0,0,0,0,0,0,0,0,0,0,0,0,0,0,0,0,0,0,0,0,0,0,0,0,0,0,0,0,0,0,0,0
5.65,0,0,0,0,0,0,3.04107,2.02287,-2.35856,-1.46507e-05,-8.30207e-05,-0.000100151,-3.13529e-06,-4.82789e-05,-0.000373624,0,0,0,0,0,0,0,0,0,0,0,0,0,0,0,0,0,0,0,0,0,0,0,0,0,0,0,0,0,0,0,0,0,0,0,0,0,0,0,0,1.77132,1.23124,0.021542,-4.88357e-05,1.83134e-05,-6.1216e-05,-0.000263752,5.00548e-05,-0.000146111,0,0,0,0,0,0,0,0,0,0,0,0,0,0,0,0,0,0,0,0,0,0,0,0,0,0,0,0,0,0,0,0,0,0,0,0,0,0,0,0,0,0,0,0,0,0,0,0,0,0,0,0,2,0,0,0,0,0,1.2583,-0.2347,2.41,0,0,0,0,0,0,0,-0,0,1.49631,0,0,0,0,0,0,0,0,0,0,0,0,0,0,0,0,0,0,0,0,0,0,0,0,0,0,0,0,0,0,0,0,0
5.7,0,0,0,0,0,0,3.04107,2.02287,-2.35856,-1.46507e-05,-8.30207e-05,-0.000100151,-3.13529e-06,-4.82789e-05,-0.000373624,0,0,0,0,0,0,0,0,0,0,0,0,0,0,0,0,0,0,0,0,0,0,0,0,0,0,0,0,0,0,0,0,0,0,0,0,0,0,0,0,1.77132,1.23124,0.021542,-4.88357e-05,1.83134e-05,-6.1216e-05,-0.000263752,5.00548e-05,-0.000146111,0,0,0,0,0,0,0,0,0,0,0,0,0,0,0,0,0,0,0,0,0,0,0,0,0,0,0,0,0,0,0,0,0,0,0,0,0,0,0,0,0,0,0,0,0,0,0,0,0,0,0,0,2,0,0,0,0,0,1.2583,-0.2347,2.41,0,0,0,0,0,0,0,-0,0,1.49631,0,0,0,0,0,0,0,0,0,0,0,0,0,0,0,0,0,0,0,0,0,0,0,0,0,0,0,0,0,0,0,0,0
5.75,0,0,0,0,0,0,3.04107,2.02288,-2.35855,1.22099e-05,7.32592e-05,4.76948e-05,0.0001336,0.00067666,1.78155e-05,0,0,0,0,0,0,0,0,0,0,0,0,0,0,0,0,0,0,0,0,0,0,0,0,0,0,0,0,0,0,0,0,0,0,0,0,0,0,0,0,1.77132,1.23123,0.0215488,0,-4.63975e-05,6.76298e-05,-5.34513e-05,-0.000246014,0.000194763,0,0,0,0,0,0,0,0,0,0,0,0,0,0,0,0,0,0,0,0,0,0,0,0,0,0,0,0,0,0,0,0,0,0,0,0,0,0,0,0,0,0,0,0,0,0,0,0,0,0,0,0,2,0,0,0,0,0,1.2774,-0.2157,2.429,0,0,0,0,0,0,0,-0,0,1.49632,0,0,0,0,0,0,0,0,0,0,0,0,0,0,0,0,0,0,0,0,0,0,0,0,0,0,0,0,0,0,0,0,0
5.8,0,0,0,0,0,0,3.04107,2.02288,-2.35855,1.22099e-05,7.32592e-05,4.76948e-05,0.0001336,0.00067666,1.78155e-05,0,0,0,0,0,0,0,0,0,0,0,0,0,0,0,0,0,0,0,0,0,0,0,0,0,0,0,0,0,0,0,0,0,0,0,0,0,0,0,0,1.77132,1.23123,0.0215488,0,-4.63975e-05,6.76298e-05,-5.34513e-05,-0.000246014,0.000194763,0,0,0,0,0,0,0,0,0,0,0,0,0,0,0,0,0,0,0,0,0,0,0,0,0,0,0,0,0,0,0,0,0,0,0,0,0,0,0,0,0,0,0,0,0,0,0,0,0,0,0,0,2,0,0,0,0,0,1.2774,-0.2157,2.429,0,0,0,0,0,0,0,-0,0,1.49632,0,0,0,0,0,0,0,0,0,0,0,0,0,0,0,0,0,0,0,0,0,0,0,0,0,0,0,0,0,0,0,0,0
5.85,0,0,0,0,0,0,3.04107,2.02288,-2.35854,1.70904e-05,-4.88298e-06,7.1528e-05,0.000118242,0.000192254,0.000158939,0,0,0,0,0,0,0,0,0,0,0,0,0,0,0,0,0,0,0,0,0,0,0,0,0,0,0,0,0,0,0,0,0,0,0,0,0,0,0,0,1.77132,1.23123,0.0215918,-5.37128e-05,-5.7375e-05,0.000430267,-0.000218249,-0.00023169,0.00161213,0,0,0,0,0,0,0,0,0,0,0,0,0,0,0,0,0,0,0,0,0,0,0,0,0,0,0,0,0,0,0,0,0,0,0,0,0,0,0,0,0,0,0,0,0,0,0,0,0,0,0,0,2,0,0,0,0,0,1.2774,-0.2157,2.429,0,0,0,0,0,0,0,-0,0,1.49632,0,0,0,0,0,0,0,0,0,0,0,0,0,0,0,0,0,0,0,0,0,0,0,0,0,0,0,0,0,0,0,0,0
5.9,0,0,0,0,0,0,3.04107,2.02288,-2.35854,1.70904e-05,-4.88298e-06,7.1528e-05,0.000118242,0.000192254,0.000158939,0,0,0,0,0,0,0,0,0,0,0,0,0,0,0,0,0,0,0,0,0,0,0,0,0,0,0,0,0,0,0,0,0,0,0,0,0,0,0,0,1.77132,1.23123,0.0215918,-5.37128e-05,-5.7375e-05,0.000430267,-0.000218249,-0.00023169,0.00161213,0,0,0,0,0,0,0,0,0,0,0,0,0,0,0,0,0,0,0,0,0,0,0,0,0,0,0,0,0,0,0,0,0,0,0,0,0,0,0,0,0,0,0,0,0,0,0,0,0,0,0,0,2,0,0,0,0,0,1.2774,-0.2157,2.429,0,0,0,0,0,0,0,-0,0,1.49632,0,0,0,0,0,0,0,0,0,0,0,0,0,0,0,0,0,0,0,0,0,0,0,0,0,0,0,0,0,0,0,0,0
5.95,0,0,0,0,0,0,3.04107,2.02289,-2.35854,2.19758e-05,6.47066e-05,-2.38453e-06,8.84363e-05,0.000327922,-0.000180812,0,0,0,0,0,0,0,0,0,0,0,0,0,0,0,0,0,0,0,0,0,0,0,0,0,0,0,0,0,0,0,0,0,0,0,0,0,0,0,0,1.77132,1.23123,0.0215285,4.02889e-05,5.98229e-05,-0.000633445,0.000222254,0.000331117,-0.00309046,0,0,0,0,0,0,0,0,0,0,0,0,0,0,0,0,0,0,0,0,0,0,0,0,0,0,0,0,0,0,0,0,0,0,0,0,0,0,0,0,0,0,0,0,0,0,0,0,0,0,0,0,2,0,0,0,0,0,1.2285,-0.2646,2.3801,0,0,0,0,0,0,0,-0,0,1.49632,0,0,0,0,0,0,0,0,0,0,0,0,0,0,0,0,0,0,0,0,0,0,0,0,0,0,0,0,0,0,0,0,0
6,0,0,0,0,0,0,3.04107,2.02289,-2.35854,2.19758e-05,6.47066e-05,-2.38453e-06,8.84363e-05,0.000327922,-0.000180812,0,0,0,0,0,0,0,0,0,0,0,0,0,0,0,0,0,0,0,0,0,0,0,0,0,0,0,0,0,0,0,0,0,0,0,0,0,0,0,0,1.77132,1.23123,0.0215285,4.02889e-05,5.98229e-05,-0.000633445,0.000222254,0.000331117,-0.00309046,0,0,0,0,0,0,0,0,0,0,0,0,0,0,0,0,0,0,0,0,0,0,0,0,0,0,0,0,0,0,0,0,0,0,0,0,0,0,0,0,0,0,0,0,0,0,0,0,0,0,0,0,2,0,0,0,0,0,1.2285,-0.2646,2.3801,0,0,0,0,0,0,0,-0,0,1.49632,0,0,0,0,0,0,0,0,0,0,0,0,0,0,0,0,0,0,0,0,0,0,0,0,0,0,0,0,0,0,0,0,0
6.05,0,0,0,0,0,0,3.04107,2.02288,-2.35856,-1.22043e-05,-3.66129e-06,-0.000152554,-8.75029e-05,-5.79025e-05,-0.000754608,0,0,0,0,0,0,0,0,0,0,0,0,0,0,0,0,0,0,0,0,0,0,0,0,0,0,0,0,0,0,0,0,0,0,0,0,0,0,0,0,1.77131,1.23124,0.0215548,-0.000125704,0.0001135,0.000263468,-0.000470207,0.000489503,0.00109159,0,0,0,0,0,0,0,0,0,0,0,0,0,0,0,0,0,0,0,0,0,0,0,0,0,0,0,0,0,0,0,0,0,0,0,0,0,0,0,0,0,0,0,0,0,0,0,0,0,0,0,0,2,0,0,0,0,0,1.2285,-0.2646,2.3801,0,0,0,0,0,0,0,-0,0,1.49633,0,0,0,0,0,0,0,0,0,0,0,0,0,0,0,0,0,0,0,0,0,0,0,0,0,0,0,0,0,0,0,0,0
6.1,0,0,0,0,0,0,3.04107,2.02288,-2.35856,-1.22043e-05,-3.66129e-06,-0.000152554,-8.75029e-05,-5.79025e-05,-0.000754608,0,0,0,0,0,0,0,0,0,0,0,0,0,0,0,0,0,0,0,0,0,0,0,0,0,0,0,0,0,0,0,0,0,0,0,0,0,0,0,0,1.77131,1.23124,0.0215548,-0.000125704,0.0001135,0.000263468,-0.000470207,0.000489503,0.00109159,0,0,0,0,0,0,0,0,0,0,0,0,0,0,0,0,0,0,0,0,0,0,0,0,0,0,0,0,0,0,0,0,0,0,0,0,0,0,0,0,0,0,0,0,0,0,0,0,0,0,0,0,2,0,0,0,0,0,1.2285,-0.2646,2.3801,0,0,0,0,0,0,0,-0,0,1.49633,0,0,0,0,0,0,0,0,0,0,0,0,0,0,0,0,0,0,0,0,0,0,0,0,0,0,0,0,0,0,0,0,0
6.15,0,0,0,0,0,0,3.04107,2.02285,-2.35856,3.41852e-05,-0.00038092,2.38457e-05,0.000109014,-0.00159439,0.000174219,0,0,0,0,0,0,0,0,0,0,0,0,0,0,0,0,0,0,0,0,0,0,0,0,0,0,0,0,0,0,0,0,0,0,0,0,0,0,0,0,1.77132,1.23122,0.0215378,0.000111102,-0.000233192,-0.000170236,0.000570262,-0.00107002,-0.000511686,0,0,0,0,0,0,0,0,0,0,0,0,0,0,0,0,0,0,0,0,0,0,0,0,0,0,0,0,0,0,0,0,0,0,0,0,0,0,0,0,0,0,0,0,0,0,0,0,0,0,0,0,2,0,0,0,0,0,1.1897,-0.3033,2.3414,0,0,0,0,0,0,0,-0,0,1.49631,0,0,0,0,0,0,0,0,0,0,0,0,0,0,0,0,0,0,0,0,0,0,0,0,0,0,0,0,0,0,0,0,0
6.2,0,0,0,0,0,0,3.04107,2.02285,-2.35856,3.41852e-05,-0.00038092,2.38457e-05,0.000109014,-0.00159439,0.000174219,0,0,0,0,0,0,0,0,0,0,0,0,0,0,0,0,0,0,0,0,0,0,0,0,0,0,0,0,0,0,0,0,0,0,0,0,0,0,0,0,1.77132,1.23122,0.0215378,0.000111102,-0.000233192,-0.000170236,0.000570262,-0.00107002,-0.000511686,0,0,0,0,0,0,0,0,0,0,0,0,0,0,0,0,0,0,0,0,0,0,0,0,0,0,0,0,0,0,0,0,0,0,0,0,0,0,0,0,0,0,0,0,0,0,0,0,0,0,0,0,2,0,0,0,0,0,1.1897,-0.3033,2.3414,0,0,0,0,0,0,0,-0,0,1.49631,0,0,0,0,0,0,0,0,0,0,0,0,0,0,0,0,0,0,0,0,0,0,0,0,0,0,0,0,0,0,0,0,0
6.25,0,0,0,0,0,0,3.04108,2.02289,-2.3585,2.44189e-05,0.000429773,0.000546087,5.30402e-05,0.00207381,0.00231698,0,0,0,0,0,0,0,0,0,0,0,0,0,0,0,0,0,0,0,0,0,0,0,0,0,0,0,0,0,0,0,0,0,0,0,0,0,0,0,0,1.77132,1.23123,0.0215325,-3.66283e-06,0.000119653,-5.26301e-05,2.4687e-05,0.000556224,-5.43403e-05,0,0,0,0,0,0,0,0,0,0,0,0,0,0,0,0,0,0,0,0,0,0,0,0,0,0,0,0,0,0,0,0,0,0,0,0,0,0,0,0,0,0,0,0,0,0,0,0,0,0,0,0,2,0,0,0,0,0,1.1897,-0.3033,2.3414,0,0,0,0,0,0,0,-0,0,1.49633,0,0,0,0,0,0,0,0,0,0,0,0,0,0,0,0,0,0,0,0,0,0,0,0,0,0,0,0,0,0,0,0,0
6.3,0,0,0,0,0,0,3.04108,2.02289,-2.3585,2.44189e-05,0.000429773,0.000546087,5.30402e-05,0.00207381,0.00231698,0,0,0,0,0,0,0,0,0,0,0,0,0,0,0,0,0,0,0,0,0,0,0,0,0,0,0,0,0,0,0,0,0,0,0,0,0,0,0,0,1.77132,1.23123,0.0215325,-3.66283e-06,0.000119653,-5.26301e-05,2.4687e-05,0.000556224,-5.43403e-05,0,0,0,0,0,0,0,0,0,0,0,0,0,0,0,0,0,0,0,0,0,0,0,0,0,0,0,0,0,0,0,0,0,0,0,0,0,0,0,0,0,0,0,0,0,0,0,0,0,0,0,0,2,0,0,0,0,0,1.1897,-0.3033,2.3414,0,0,0,0,0,0,0,-0,0,1.49633,0,0,0,0,0,0,0,0,0,0,0,0,0,0,0,0,0,0,0,0,0,0,0,0,0,0,0,0,0,0,0,0,0
6.35,0,0,0,0,0,0,3.04104,2.02284,-2.35833,-0.000415121,-0.000459075,0.00174557,-0.00173197,-0.00180954,0.00647419,0,0,0,0,0,0,0,0,0,0,0,0,0,0,0,0,0,0,0,0,0,0,0,0,0,0,0,0,0,0,0,0,0,0,0,0,0,0,0,0,1.77132,1.23124,0.0215635,0,6.8373e-05,0.000309335,-4.44008e-05,0.000349293,0.00147556,0,0,0,0,0,0,0,0,0,0,0,0,0,0,0,0,0,0,0,0,0,0,0,0,0,0,0,0,0,0,0,0,0,0,0,0,0,0,0,0,0,0,0,0,0,0,0,0,0,0,0,0,2,0,0,0,0,0,1.2284,-0.2647,2.38,0,0,0,0,0,0,0,-0,0,1.49627,0,0,0,0,0,0,0,0,0,0,0,0,0,0,0,0,0,0,0,0,0,0,0,0,0,0,0,0,0,0,0,0,0
6.4,0,0,0,0,0,0,3.04104,2.02284,-2.35833,-0.000415121,-0.000459075,0.00174557,-0.00173197,-0.00180954,0.00647419,0,0,0,0,0,0,0,0,0,0,0,0,0,0,0,0,0,0,0,0,0,0,0,0,0,0,0,0,0,0,0,0,0,0,0,0,0,0,0,0,1.77132,1.23124,0.0215635,0,6.8373e-05,0.000309335,-4.44008e-05,0.000349293,0.00147556,0,0,0,0,0,0,0,0,0,0,0,0,0,0,0,0,0,0,0,0,0,0,0,0,0,0,0,0,0,0,0,0,0,0,0,0,0,0,0,0,0,0,0,0,0,0,0,0,0,0,0,0,2,0,0,0,0,0,1.2284,-0.2647,2.38,0,0,0,0,0,0,0,-0,0,1.49627,0,0,0,0,0,0,0,0,0,0,0,0,0,0,0,0,0,0,0,0,0,0,0,0,0,0,0,0,0,0,0,0,0
6.45,0,0,0,0,0,0,3.04104,2.02284,-2.35833,-0.000415121,-0.000459075,0.00174557,-0.00173197,-0.00180954,0.00647419,0,0,0,0,0,0,0,0,0,0,0,0,0,0,0,0,0,0,0,0,0,0,0,0,0,0,0,0,0,0,0,0,0,0,0,0,0,0,0,0,1.77132,1.23124,0.0215635,0,6.8373e-05,0.000309335,-4.44008e-05,0.000349293,0.00147556,0,0,0,0,0,0,0,0,0,0,0,0,0,0,0,0,0,0,0,0,0,0,0,0,0,0,0,0,0,0,0,0,0,0,0,0,0,0,0,0,0,0,0,0,0,0,0,0,0,0,0,0,2,0,0,0,0,0,1.2284,-0.2647,2.38,0,0,0,0,0,0,0,-0,0,1.49627,0,0,0,0,0,0,0,0,0,0,0,0,0,0,0,0,0,0,0,0,0,0,0,0,0,0,0,0,0,0,0,0,0
6.5,0,0,0,0,0,0,3.04107,2.02289,-2.35854,0.000304835,0.000438963,-0.00208145,0.00159531,0.00197635,-0.0108426,0,0,0,0,0,0,0,0,0,0,0,0,0,0,0,0,0,0,0,0,0,0,0,0,0,0,0,0,0,0,0,0,0,0,0,0,0,0,0,0,1.77132,1.23123,0.0215337,1.70707e-05,-9.87663e-05,-0.000296983,3.22195e-05,-0.000486193,-0.00132979,0,0,0,0,0,0,0,0,0,0,0,0,0,0,0,0,0,0,0,0,0,0,0,0,0,0,0,0,0,0,0,0,0,0,0,0,0,0,0,0,0,0,0,0,0,0,0,0,0,0,0,0,2,0,0,0,0,0,1.2284,-0.2647,2.38,0,0,0,0,0,0,0,-0,0,1.49632,0,0,0,0,0,0,0,0,0,0,0,0,0,0,0,0,0,0,0,0,0,0,0,0,0,0,0,0,0,0,0,0,0
6.55,0,0,0,0,0,0,3.04107,2.02291,-2.35853,3.91089e-05,0.000191878,7.16106e-05,0.000345333,0.000710046,-0.0002436,0,0,0,0,0,0,0,0,0,0,0,0,0,0,0,0,0,0,0,0,0,0,0,0,0,0,0,0,0,0,0,0,0,0,0,0,0,0,0,0,1.77132,1.23123,0.0215418,0,3.66647e-05,8.02636e-05,-3.85524e-05,0.000136291,0.000329906,0,0,0,0,0,0,0,0,0,0,0,0,0,0,0,0,0,0,0,0,0,0,0,0,0,0,0,0,0,0,0,0,0,0,0,0,0,0,0,0,0,0,0,0,0,0,0,0,0,0,0,0,2,0,0,0,0,0,1.3162,-0.1768,2.4678,0,0,0,0,0,0,0,-0,0,1.49633,0,0,0,0,0,0,0,0,0,0,0,0,0,0,0,0,0,0,0,0,0,0,0,0,0,0,0,0,0,0,0,0,0
6.6,0,0,0,0,0,0,3.04107,2.02291,-2.35853,3.91089e-05,0.000191878,7.16106e-05,0.000345333,0.000710046,-0.0002436,0,0,0,0,0,0,0,0,0,0,0,0,0,0,0,0,0,0,0,0,0,0,0,0,0,0,0,0,0,0,0,0,0,0,0,0,0,0,0,0,1.77132,1.23123,0.0215418,0,3.66647e-05,8.02636e-05,-3.85524e-05,0.000136291,0.000329906,0,0,0,0,0,0,0,0,0,0,0,0,0,0,0,0,0,0,0,0,0,0,0,0,0,0,0,0,0,0,0,0,0,0,0,0,0,0,0,0,0,0,0,0,0,0,0,0,0,0,0,0,2,0,0,0,0,0,1.3162,-0.1768,2.4678,0,0,0,0,0,0,0,-0,0,1.49633,0,0,0,0,0,0,0,0,0,0,0,0,0,0,0,0,0,0,0,0,0,0,0,0,0,0,0,0,0,0,0,0,0
6.65,0,0,0,0,0,0,3.04107,2.02291,-2.35852,1.7093e-05,4.51743e-05,3.8154e-05,-4.9383e-05,-0.000330115,0.00115297,0,0,0,0,0,0,0,0,0,0,0,0,0,0,0,0,0,0,0,0,0,0,0,0,0,0,0,0,0,0,0,0,0,0,0,0,0,0,0,0,1.77132,1.23123,0.0215412,-3.17441e-05,-4.02906e-05,-5.88704e-06,-0.000159534,-0.000141342,7.85304e-05,0,0,0,0,0,0,0,0,0,0,0,0,0,0,0,0,0,0,0,0,0,0,0,0,0,0,0,0,0,0,0,0,0,0,0,0,0,0,0,0,0,0,0,0,0,0,0,0,0,0,0,0,2,0,0,0,0,0,1.3162,-0.1768,2.4678,0,0,0,0,0,0,0,-0,0,1.49634,0,0,0,0,0,0,0,0,0,0,0,0,0,0,0,0,0,0,0,0,0,0,0,0,0,0,0,0,0,0,0,0,0
6.7,0,0,0,0,0,0,3.04107,2.02291,-2.35852,1.7093e-05,4.51743e-05,3.8154e-05,-4.9383e-05,-0.000330115,0.00115297,0,0,0,0,0,0,0,0,0,0,0,0,0,0,0,0,0,0,0,0,0,0,0,0,0,0,0,0,0,0,0,0,0,0,0,0,0,0,0,0,1.77132,1.23123,0.0215412,-3.17441e-05,-4.02906e-05,-5.88704e-06,-0.000159534,-0.000141342,7.85304e-05,0,0,0,0,0,0,0,0,0,0,0,0,0,0,0,0,0,0,0,0,0,0,0,0,0,0,0,0,0,0,0,0,0,0,0,0,0,0,0,0,0,0,0,0,0,0,0,0,0,0,0,0,2,0,0,0,0,0,1.3162,-0.1768,2.4678,0,0,0,0,0,0,0,-0,0,1.49634,0,0,0,0,0,0,0,0,0,0,0,0,0,0,0,0,0,0,0,0,0,0,0,0,0,0,0,0,0,0,0,0,0
6.75,0,0,0,0,0,0,3.04107,2.02291,-2.35852,1.7093e-05,4.51743e-05,3.8154e-05,-4.9383e-05,-0.000330115,0.00115297,0,0,0,0,0,0,0,0,0,0,0,0,0,0,0,0,0,0,0,0,0,0,0,0,0,0,0,0,0,0,0,0,0,0,0,0,0,0,0,0,1.77132,1.23123,0.0215412,-3.17441e-05,-4.02906e-05,-5.88704e-06,-0.000159534,-0.000141342,7.85304e-05,0,0,0,0,0,0,0,0,0,0,0,0,0,0,0,0,0,0,0,0,0,0,0,0,0,0,0,0,0,0,0,0,0,0,0,0,0,0,0,0,0,0,0,0,0,0,0,0,0,0,0,0,2,0,0,0,0,0,1.2285,-0.2646,2.3801,0,0,0,0,0,0,0,-0,0,1.49634,0,0,0,0,0,0,0,0,0,0,0,0,0,0,0,0,0,0,0,0,0,0,0,0,0,0,0,0,0,0,0,0,0
6.8,0,0,0,0,0,0,3.04107,2.02291,-2.3585,-1.46472e-05,-3.66181e-06,0.000257471,-0.000210021,-0.000534478,0.00175813,0,0,0,0,0,0,0,0,0,0,0,0,0,0,0,0,0,0,0,0,0,0,0,0,0,0,0,0,0,0,0,0,0,0,0,0,0,0,0,0,1.77133,1.23124,0.0215385,7.81185e-05,0.000103751,-2.62797e-05,0.000326812,0.000453122,-6.83221e-05,0,0,0,0,0,0,0,0,0,0,0,0,0,0,0,0,0,0,0,0,0,0,0,0,0,0,0,0,0,0,0,0,0,0,0,0,0,0,0,0,0,0,0,0,0,0,0,0,0,0,0,0,2,0,0,0,0,0,1.2285,-0.2646,2.3801,0,0,0,0,0,0,0,-0,0,1.49633,0,0,0,0,0,0,0,0,0,0,0,0,0,0,0,0,0,0,0,0,0,0,0,0,0,0,0,0,0,0,0,0,0
6.85,0,0,0,0,0,0,3.04107,2.02289,-2.35851,-4.88292e-06,-0.000228276,-0.000145438,-0.000108828,-0.00124609,-0.000472479,0,0,0,0,0,0,0,0,0,0,0,0,0,0,0,0,0,0,0,0,0,0,0,0,0,0,0,0,0,0,0,0,0,0,0,0,0,0,0,0,1.77132,1.23123,0.0215645,-9.76583e-06,-5.73743e-05,0.00025923,-8.91352e-05,-0.000291323,0.00107994,0,0,0,0,0,0,0,0,0,0,0,0,0,0,0,0,0,0,0,0,0,0,0,0,0,0,0,0,0,0,0,0,0,0,0,0,0,0,0,0,0,0,0,0,0,0,0,0,0,0,0,0,2,0,0,0,0,0,1.2285,-0.2646,2.3801,0,0,0,0,0,0,0,-0,0,1.49632,0,0,0,0,0,0,0,0,0,0,0,0,0,0,0,0,0,0,0,0,0,0,0,0,0,0,0,0,0,0,0,0,0
6.9,0,0,0,0,0,0,3.04107,2.02289,-2.35851,-4.88292e-06,-0.000228276,-0.000145438,-0.000108828,-0.00124609,-0.000472479,0,0,0,0,0,0,0,0,0,0,0,0,0,0,0,0,0,0,0,0,0,0,0,0,0,0,0,0,0,0,0,0,0,0,0,0,0,0,0,0,1.77132,1.23123,0.0215645,-9.76583e-06,-5.73743e-05,0.00025923,-8.91352e-05,-0.000291323,0.00107994,0,0,0,0,0,0,0,0,0,0,0,0,0,0,0,0,0,0,0,0,0,0,0,0,0,0,0,0,0,0,0,0,0,0,0,0,0,0,0,0,0,0,0,0,0,0,0,0,0,0,0,0,2,0,0,0,0,0,1.2285,-0.2646,2.3801,0,0,0,0,0,0,0,-0,0,1.49632,0,0,0,0,0,0,0,0,0,0,0,0,0,0,0,0,0,0,0,0,0,0,0,0,0,0,0,0,0,0,0,0,0
6.95,0,0,0,0,0,0,3.04107,2.02289,-2.35853,3.4186e-05,-1.22093e-05,-0.000200309,0.000104454,1.88318e-05,-0.000804784,0,0,0,0,0,0,0,0,0,0,0,0,0,0,0,0,0,0,0,0,0,0,0,0,0,0,0,0,0,0,0,0,0,0,0,0,0,0,0,0,1.77133,1.23123,0.021622,9.15696e-05,-7.08138e-05,0.000575477,0.000295092,-0.000329362,0.00206742,0,0,0,0,0,0,0,0,0,0,0,0,0,0,0,0,0,0,0,0,0,0,0,0,0,0,0,0,0,0,0,0,0,0,0,0,0,0,0,0,0,0,0,0,0,0,0,0,0,0,0,0,2,0,0,0,0,0,1.1736,-0.3195,2.3253,0,0,0,0,0,0,0,-0,0,1.49632,0,0,0,0,0,0,0,0,0,0,0,0,0,0,0,0,0,0,0,0,0,0,0,0,0,0,0,0,0,0,0,0,0
7,0,0,0,0,0,0,3.04107,2.02289,-2.35853,3.4186e-05,-1.22093e-05,-0.000200309,0.000104454,1.88318e-05,-0.000804784,0,0,0,0,0,0,0,0,0,0,0,0,0,0,0,0,0,0,0,0,0,0,0,0,0,0,0,0,0,0,0,0,0,0,0,0,0,0,0,0,1.77133,1.23123,0.021622,9.15696e-05,-7.08138e-05,0.000575477,0.000295092,-0.000329362,0.00206742,0,0,0,0,0,0,0,0,0,0,0,0,0,0,0,0,0,0,0,0,0,0,0,0,0,0,0,0,0,0,0,0,0,0,0,0,0,0,0,0,0,0,0,0,0,0,0,0,0,0,0,0,2,0,0,0,0,0,1.1736,-0.3195,2.3253,0,0,0,0,0,0,0,-0,0,1.49632,0,0,0,0,0,0,0,0,0,0,0,0,0,0,0,0,0,0,0,0,0,0,0,0,0,0,0,0,0,0,0,0,0
7.05,0,0,0,0,0,0,3.04107,2.02289,-2.35851,-4.87987e-05,5.61184e-05,0.000259719,-0.000240005,0.000455524,0.00130998,0,0,0,0,0,0,0,0,0,0,0,0,0,0,0,0,0,0,0,0,0,0,0,0,0,0,0,0,0,0,0,0,0,0,0,0,0,0,0,0,1.77132,1.23122,0.0215397,-0.000137856,-4.87987e-06,-0.000822458,-0.000687552,6.05167e-05,-0.00421084,0,0,0,0,0,0,0,0,0,0,0,0,0,0,0,0,0,0,0,0,0,0,0,0,0,0,0,0,0,0,0,0,0,0,0,0,0,0,0,0,0,0,0,0,0,0,0,0,0,0,0,0,2,0,0,0,0,0,1.1736,-0.3195,2.3253,0,0,0,0,0,0,0,-0,0,1.49633,0,0,0,0,0,0,0,0,0,0,0,0,0,0,0,0,0,0,0,0,0,0,0,0,0,0,0,0,0,0,0,0,0
7.1,0,0,0,0,0,0,3.04107,2.02289,-2.35851,-4.87987e-05,5.61184e-05,0.000259719,-0.000240005,0.000455524,0.00130998,0,0,0,0,0,0,0,0,0,0,0,0,0,0,0,0,0,0,0,0,0,0,0,0,0,0,0,0,0,0,0,0,0,0,0,0,0,0,0,0,1.77132,1.23122,0.0215397,-0.000137856,-4.87987e-06,-0.000822458,-0.000687552,6.05167e-05,-0.00421084,0,0,0,0,0,0,0,0,0,0,0,0,0,0,0,0,0,0,0,0,0,0,0,0,0,0,0,0,0,0,0,0,0,0,0,0,0,0,0,0,0,0,0,0,0,0,0,0,0,0,0,0,2,0,0,0,0,0,1.1736,-0.3195,2.3253,0,0,0,0,0,0,0,-0,0,1.49633,0,0,0,0,0,0,0,0,0,0,0,0,0,0,0,0,0,0,0,0,0,0,0,0,0,0,0,0,0,0,0,0,0
7.15,0,0,0,0,0,0,3.04107,2.02285,-2.35854,-1.71027e-05,-0.000388475,-0.000348352,-6.39774e-05,-0.00144377,-0.00135724,0,0,0,0,0,0,0,0,0,0,0,0,0,0,0,0,0,0,0,0,0,0,0,0,0,0,0,0,0,0,0,0,0,0,0,0,0,0,0,0,1.77131,1.23122,0.0215246,-5.49728e-05,-6.47457e-05,-0.000151192,-0.000214357,-0.00015005,-0.000694245,0,0,0,0,0,0,0,0,0,0,0,0,0,0,0,0,0,0,0,0,0,0,0,0,0,0,0,0,0,0,0,0,0,0,0,0,0,0,0,0,0,0,0,0,0,0,0,0,0,0,0,0,2,0,0,0,0,0,1.1655,-0.3276,2.317,0,0,0,0,0,0,0,-0,0,1.49631,0,0,0,0,0,0,0,0,0,0,0,0,0,0,0,0,0,0,0,0,0,0,0,0,0,0,0,0,0,0,0,0,0
7.2,0,0,0,0,0,0,3.04107,2.02285,-2.35854,-1.71027e-05,-0.000388475,-0.000348352,-6.39774e-05,-0.00144377,-0.00135724,0,0,0,0,0,0,0,0,0,0,0,0,0,0,0,0,0,0,0,0,0,0,0,0,0,0,0,0,0,0,0,0,0,0,0,0,0,0,0,0,1.77131,1.23122,0.0215246,-5.49728e-05,-6.47457e-05,-0.000151192,-0.000214357,-0.00015005,-0.000694245,0,0,0,0,0,0,0,0,0,0,0,0,0,0,0,0,0,0,0,0,0,0,0,0,0,0,0,0,0,0,0,0,0,0,0,0,0,0,0,0,0,0,0,0,0,0,0,0,0,0,0,0,2,0,0,0,0,0,1.1655,-0.3276,2.317,0,0,0,0,0,0,0,-0,0,1.49631,0,0,0,0,0,0,0,0,0,0,0,0,0,0,0,0,0,0,0,0,0,0,0,0,0,0,0,0,0,0,0,0,0
7.25,0,0,0,0,0,0,3.04106,2.02284,-2.35852,-6.10377e-05,-0.000117192,0.000219354,-0.000190209,-4.08984e-05,0.00109174,0,0,0,0,0,0,0,0,0,0,0,0,0,0,0,0,0,0,0,0,0,0,0,0,0,0,0,0,0,0,0,0,0,0,0,0,0,0,0,0,1.77132,1.2312,0.0215612,5.9817e-05,-0.000148932,0.000366267,0.000393804,-0.000455143,0.00212596,0,0,0,0,0,0,0,0,0,0,0,0,0,0,0,0,0,0,0,0,0,0,0,0,0,0,0,0,0,0,0,0,0,0,0,0,0,0,0,0,0,0,0,0,0,0,0,0,0,0,0,0,2,0,0,0,0,0,1.1655,-0.3276,2.317,0,0,0,0,0,0,0,-0,0,1.49631,0,0,0,0,0,0,0,0,0,0,0,0,0,0,0,0,0,0,0,0,0,0,0,0,0,0,0,0,0,0,0,0,0
7.3,0,0,0,0,0,0,3.04106,2.02284,-2.35852,-6.10377e-05,-0.000117192,0.000219354,-0.000190209,-4.08984e-05,0.00109174,0,0,0,0,0,0,0,0,0,0,0,0,0,0,0,0,0,0,0,0,0,0,0,0,0,0,0,0,0,0,0,0,0,0,0,0,0,0,0,0,1.77132,1.2312,0.0215612,5.9817e-05,-0.000148932,0.000366267,0.000393804,-0.000455143,0.00212596,0,0,0,0,0,0,0,0,0,0,0,0,0,0,0,0,0,0,0,0,0,0,0,0,0,0,0,0,0,0,0,0,0,0,0,0,0,0,0,0,0,0,0,0,0,0,0,0,0,0,0,0,2,0,0,0,0,0,1.1655,-0.3276,2.317,0,0,0,0,0,0,0,-0,0,1.49631,0,0,0,0,0,0,0,0,0,0,0,0,0,0,0,0,0,0,0,0,0,0,0,0,0,0,0,0,0,0,0,0,0
7.35,0,0,0,0,0,0,3.04105,2.0228,-2.35849,-6.59176e-05,-0.000413816,0.000307558,-0.000150774,-0.00101962,0.00133968,0,0,0,0,0,0,0,0,0,0,0,0,0,0,0,0,0,0,0,0,0,0,0,0,0,0,0,0,0,0,0,0,0,0,0,0,0,0,0,0,1.77131,1.2312,0.0215233,-6.10349e-05,-3.66209e-06,-0.000379717,-0.000164059,0.000265934,-0.0013223,0,0,0,0,0,0,0,0,0,0,0,0,0,0,0,0,0,0,0,0,0,0,0,0,0,0,0,0,0,0,0,0,0,0,0,0,0,0,0,0,0,0,0,0,0,0,0,0,0,0,0,0,2,0,0,0,0,0,1.2102,-0.2829,2.3617,0,0,0,0,0,0,0,-0,0,1.49628,0,0,0,0,0,0,0,0,0,0,0,0,0,0,0,0,0,0,0,0,0,0,0,0,0,0,0,0,0,0,0,0,0
7.4,0,0,0,0,0,0,3.04105,2.0228,-2.35849,-6.59176e-05,-0.000413816,0.000307558,-0.000150774,-0.00101962,0.00133968,0,0,0,0,0,0,0,0,0,0,0,0,0,0,0,0,0,0,0,0,0,0,0,0,0,0,0,0,0,0,0,0,0,0,0,0,0,0,0,0,1.77131,1.2312,0.0215233,-6.10349e-05,-3.66209e-06,-0.000379717,-0.000164059,0.000265934,-0.0013223,0,0,0,0,0,0,0,0,0,0,0,0,0,0,0,0,0,0,0,0,0,0,0,0,0,0,0,0,0,0,0,0,0,0,0,0,0,0,0,0,0,0,0,0,0,0,0,0,0,0,0,0,2,0,0,0,0,0,1.2102,-0.2829,2.3617,0,0,0,0,0,0,0,-0,0,1.49628,0,0,0,0,0,0,0,0,0,0,0,0,0,0,0,0,0,0,0,0,0,0,0,0,0,0,0,0,0,0,0,0,0
7.45,0,0,0,0,0,0,3.04107,2.02288,-2.35846,0.000187874,0.000775895,0.000340731,0.000928967,0.00400942,0.000970573,0,0,0,0,0,0,0,0,0,0,0,0,0,0,0,0,0,0,0,0,0,0,0,0,0,0,0,0,0,0,0,0,0,0,0,0,0,0,0,0,1.77129,1.23123,0.0216898,-0.000248872,0.000237892,0.00166479,-0.000924654,0.00122251,0.00690944,0,0,0,0,0,0,0,0,0,0,0,0,0,0,0,0,0,0,0,0,0,0,0,0,0,0,0,0,0,0,0,0,0,0,0,0,0,0,0,0,0,0,0,0,0,0,0,0,0,0,0,0,2,0,0,0,0,0,1.2102,-0.2829,2.3617,0,0,0,0,0,0,0,-0,0,1.49635,0,0,0,0,0,0,0,0,0,0,0,0,0,0,0,0,0,0,0,0,0,0,0,0,0,0,0,0,0,0,0,0,0
7.5,0,0,0,0,0,0,3.04107,2.02288,-2.35846,0.000187874,0.000775895,0.000340731,0.000928967,0.00400942,0.000970573,0,0,0,0,0,0,0,0,0,0,0,0,0,0,0,0,0,0,0,0,0,0,0,0,0,0,0,0,0,0,0,0,0,0,0,0,0,0,0,0,1.77129,1.23123,0.0216898,-0.000248872,0.000237892,0.00166479,-0.000924654,0.00122251,0.00690944,0,0,0,0,0,0,0,0,0,0,0,0,0,0,0,0,0,0,0,0,0,0,0,0,0,0,0,0,0,0,0,0,0,0,0,0,0,0,0,0,0,0,0,0,0,0,0,0,0,0,0,0,2,0,0,0,0,0,1.2102,-0.2829,2.3617,0,0,0,0,0,0,0,-0,0,1.49635,0,0,0,0,0,0,0,0,0,0,0,0,0,0,0,0,0,0,0,0,0,0,0,0,0,0,0,0,0,0,0,0,0
7.55,0,0,0,0,0,0,3.04107,2.02289,-2.35848,-3.17587e-05,8.55043e-05,-0.000250501,-0.000174053,0.000327772,-0.00183018,0,0,0,0,0,0,0,0,0,0,0,0,0,0,0,0,0,0,0,0,0,0,0,0,0,0,0,0,0,0,0,0,0,0,0,0,0,0,0,0,1.77132,1.23121,0.0215834,0.000274835,-0.000144136,-0.00106511,0.00143487,-0.000663407,-0.00564825,0,0,0,0,0,0,0,0,0,0,0,0,0,0,0,0,0,0,0,0,0,0,0,0,0,0,0,0,0,0,0,0,0,0,0,0,0,0,0,0,0,0,0,0,0,0,0,0,0,0,0,0,2,0,0,0,0,0,1.1519,-0.3412,2.3035,0,0,0,0,0,0,0,-0,0,1.49634,0,0,0,0,0,0,0,0,0,0,0,0,0,0,0,0,0,0,0,0,0,0,0,0,0,0,0,0,0,0,0,0,0
7.6,0,0,0,0,0,0,3.04107,2.02289,-2.35848,-3.17587e-05,8.55043e-05,-0.000250501,-0.000174053,0.000327772,-0.00183018,0,0,0,0,0,0,0,0,0,0,0,0,0,0,0,0,0,0,0,0,0,0,0,0,0,0,0,0,0,0,0,0,0,0,0,0,0,0,0,0,1.77132,1.23121,0.0215834,0.000274835,-0.000144136,-0.00106511,0.00143487,-0.000663407,-0.00564825,0,0,0,0,0,0,0,0,0,0,0,0,0,0,0,0,0,0,0,0,0,0,0,0,0,0,0,0,0,0,0,0,0,0,0,0,0,0,0,0,0,0,0,0,0,0,0,0,0,0,0,0,2,0,0,0,0,0,1.1519,-0.3412,2.3035,0,0,0,0,0,0,0,-0,0,1.49634,0,0,0,0,0,0,0,0,0,0,0,0,0,0,0,0,0,0,0,0,0,0,0,0,0,0,0,0,0,0,0,0,0
7.65,0,0,0,0,0,0,3.04107,2.02293,-2.35848,2.44247e-06,0.0004543,1.66966e-05,-0.000117117,0.00117257,-0.000410765,0,0,0,0,0,0,0,0,0,0,0,0,0,0,0,0,0,0,0,0,0,0,0,0,0,0,0,0,0,0,0,0,0,0,0,0,0,0,0,0,1.77132,1.23125,0.0215279,4.1522e-05,0.000399344,-0.000554751,0.000249126,0.00151772,-0.00305323,0,0,0,0,0,0,0,0,0,0,0,0,0,0,0,0,0,0,0,0,0,0,0,0,0,0,0,0,0,0,0,0,0,0,0,0,0,0,0,0,0,0,0,0,0,0,0,0,0,0,0,0,2,0,0,0,0,0,1.1519,-0.3412,2.3035,0,0,0,0,0,0,0,-0,0,1.49633,0,0,0,0,0,0,0,0,0,0,0,0,0,0,0,0,0,0,0,0,0,0,0,0,0,0,0,0,0,0,0,0,0
7.7,0,0,0,0,0,0,3.04107,2.02293,-2.35848,2.44247e-06,0.0004543,1.66966e-05,-0.000117117,0.00117257,-0.000410765,0,0,0,0,0,0,0,0,0,0,0,0,0,0,0,0,0,0,0,0,0,0,0,0,0,0,0,0,0,0,0,0,0,0,0,0,0,0,0,0,1.77132,1.23125,0.0215279,4.1522e-05,0.000399344,-0.000554751,0.000249126,0.00151772,-0.00305323,0,0,0,0,0,0,0,0,0,0,0,0,0,0,0,0,0,0,0,0,0,0,0,0,0,0,0,0,0,0,0,0,0,0,0,0,0,0,0,0,0,0,0,0,0,0,0,0,0,0,0,0,2,0,0,0,0,0,1.1519,-0.3412,2.3035,0,0,0,0,0,0,0,-0,0,1.49633,0,0,0,0,0,0,0,0,0,0,0,0,0,0,0,0,0,0,0,0,0,0,0,0,0,0,0,0,0,0,0,0,0
7.75,0,0,0,0,0,0,3.04106,2.023,-2.3584,-6.34597e-05,0.00064314,0.000769888,-0.000325957,0.0015735,0.00295535,0,0,0,0,0,0,0,0,0,0,0,0,0,0,0,0,0,0,0,0,0,0,0,0,0,0,0,0,0,0,0,0,0,0,0,0,0,0,0,0,1.77133,1.23129,0.0215556,7.44432e-05,0.00041859,0.000276921,0.00012054,0.00128409,0.00184099,0,0,0,0,0,0,0,0,0,0,0,0,0,0,0,0,0,0,0,0,0,0,0,0,0,0,0,0,0,0,0,0,0,0,0,0,0,0,0,0,0,0,0,0,0,0,0,0,0,0,0,0,2,0,0,0,0,0,1.2284,-0.2647,2.38,0,0,0,0,0,0,0,-0,0,1.49633,0,0,0,0,0,0,0,0,0,0,0,0,0,0,0,0,0,0,0,0,0,0,0,0,0,0,0,0,0,0,0,0,0
7.8,0,0,0,0,0,0,3.04106,2.023,-2.3584,-6.34597e-05,0.00064314,0.000769888,-0.000325957,0.0015735,0.00295535,0,0,0,0,0,0,0,0,0,0,0,0,0,0,0,0,0,0,0,0,0,0,0,0,0,0,0,0,0,0,0,0,0,0,0,0,0,0,0,0,1.77133,1.23129,0.0215556,7.44432e-05,0.00041859,0.000276921,0.00012054,0.00128409,0.00184099,0,0,0,0,0,0,0,0,0,0,0,0,0,0,0,0,0,0,0,0,0,0,0,0,0,0,0,0,0,0,0,0,0,0,0,0,0,0,0,0,0,0,0,0,0,0,0,0,0,0,0,0,2,0,0,0,0,0,1.2284,-0.2647,2.38,0,0,0,0,0,0,0,-0,0,1.49633,0,0,0,0,0,0,0,0,0,0,0,0,0,0,0,0,0,0,0,0,0,0,0,0,0,0,0,0,0,0,0,0,0
7.85,0,0,0,0,0,0,3.04106,2.02303,-2.35834,-6.34879e-05,0.000346742,0.000634307,-0.000224026,-0.000186149,0.00168753,0,0,0,0,0,0,0,0,0,0,0,0,0,0,0,0,0,0,0,0,0,0,0,0,0,0,0,0,0,0,0,0,0,0,0,0,0,0,0,0,1.77133,1.2313,0.0215492,3.66277e-06,8.54645e-05,-6.44591e-05,-0.000227959,-0.000592266,0.000403775,0,0,0,0,0,0,0,0,0,0,0,0,0,0,0,0,0,0,0,0,0,0,0,0,0,0,0,0,0,0,0,0,0,0,0,0,0,0,0,0,0,0,0,0,0,0,0,0,0,0,0,0,2,0,0,0,0,0,1.2284,-0.2647,2.38,0,0,0,0,0,0,0,-0,0,1.49634,0,0,0,0,0,0,0,0,0,0,0,0,0,0,0,0,0,0,0,0,0,0,0,0,0,0,0,0,0,0,0,0,0
7.9,0,0,0,0,0,0,3.04106,2.02303,-2.35834,-6.34879e-05,0.000346742,0.000634307,-0.000224026,-0.000186149,0.00168753,0,0,0,0,0,0,0,0,0,0,0,0,0,0,0,0,0,0,0,0,0,0,0,0,0,0,0,0,0,0,0,0,0,0,0,0,0,0,0,0,1.77133,1.2313,0.0215492,3.66277e-06,8.54645e-05,-6.44591e-05,-0.000227959,-0.000592266,0.000403775,0,0,0,0,0,0,0,0,0,0,0,0,0,0,0,0,0,0,0,0,0,0,0,0,0,0,0,0,0,0,0,0,0,0,0,0,0,0,0,0,0,0,0,0,0,0,0,0,0,0,0,0,2,0,0,0,0,0,1.2284,-0.2647,2.38,0,0,0,0,0,0,0,-0,0,1.49634,0,0,0,0,0,0,0,0,0,0,0,0,0,0,0,0,0,0,0,0,0,0,0,0,0,0,0,0,0,0,0,0,0
7.95,0,0,0,0,0,0,3.04106,2.02303,-2.35836,2.92983e-05,-3.41814e-05,-0.000212203,0.00024998,-0.00187163,-0.00254023,0,0,0,0,0,0,0,0,0,0,0,0,0,0,0,0,0,0,0,0,0,0,0,0,0,0,0,0,0,0,0,0,0,0,0,0,0,0,0,0,1.77133,1.23129,0.0215411,4.88306e-06,-0.000102544,-8.05634e-05,-0.000179142,-0.00136063,-1.64044e-05,0,0,0,0,0,0,0,0,0,0,0,0,0,0,0,0,0,0,0,0,0,0,0,0,0,0,0,0,0,0,0,0,0,0,0,0,0,0,0,0,0,0,0,0,0,0,0,0,0,0,0,0,2,0,0,0,0,0,1.2202,-0.2731,2.3716,0,0,0,0,0,0,0,-0,0,1.49635,0,0,0,0,0,0,0,0,0,0,0,0,0,0,0,0,0,0,0,0,0,0,0,0,0,0,0,0,0,0,0,0,0
8,0,0,0,0,0,0,3.04106,2.02303,-2.35836,2.92983e-05,-3.41814e-05,-0.000212203,0.00024998,-0.00187163,-0.00254023,0,0,0,0,0,0,0,0,0,0,0,0,0,0,0,0,0,0,0,0,0,0,0,0,0,0,0,0,0,0,0,0,0,0,0,0,0,0,0,0,1.77133,1.23129,0.0215411,4.88306e-06,-0.000102544,-8.05634e-05,-0.000179142,-0.00136063,-1.64044e-05,0,0,0,0,0,0,0,0,0,0,0,0,0,0,0,0,0,0,0,0,0,0,0,0,0,0,0,0,0,0,0,0,0,0,0,0,0,0,0,0,0,0,0,0,0,0,0,0,0,0,0,0,2,0,0,0,0,0,1.2202,-0.2731,2.3716,0,0,0,0,0,0,0,-0,0,1.49635,0,0,0,0,0,0,0,0,0,0,0,0,0,0,0,0,0,0,0,0,0,0,0,0,0,0,0,0,0,0,0,0,0
8.05,0,0,0,0,0,0,3.04102,2.02298,-2.35814,-0.00036134,-0.000449233,0.00218875,-0.00134662,-0.00301044,0.00749598,0,0,0,0,0,0,0,0,0,0,0,0,0,0,0,0,0,0,0,0,0,0,0,0,0,0,0,0,0,0,0,0,0,0,0,0,0,0,0,0,1.77133,1.2313,0.0215633,4.02844e-05,2.8077e-05,0.0002214,4.04952e-05,-0.000399076,0.00113985,0,0,0,0,0,0,0,0,0,0,0,0,0,0,0,0,0,0,0,0,0,0,0,0,0,0,0,0,0,0,0,0,0,0,0,0,0,0,0,0,0,0,0,0,0,0,0,0,0,0,0,0,2,0,0,0,0,0,1.2202,-0.2731,2.3716,0,0,0,0,0,0,0,-0,0,1.49629,0,0,0,0,0,0,0,0,0,0,0,0,0,0,0,0,0,0,0,0,0,0,0,0,0,0,0,0,0,0,0,0,0
8.1,0,0,0,0,0,0,3.04102,2.02298,-2.35814,-0.00036134,-0.000449233,0.00218875,-0.00134662,-0.00301044,0.00749598,0,0,0,0,0,0,0,0,0,0,0,0,0,0,0,0,0,0,0,0,0,0,0,0,0,0,0,0,0,0,0,0,0,0,0,0,0,0,0,0,1.77133,1.2313,0.0215633,4.02844e-05,2.8077e-05,0.0002214,4.04952e-05,-0.000399076,0.00113985,0,0,0,0,0,0,0,0,0,0,0,0,0,0,0,0,0,0,0,0,0,0,0,0,0,0,0,0,0,0,0,0,0,0,0,0,0,0,0,0,0,0,0,0,0,0,0,0,0,0,0,0,2,0,0,0,0,0,1.2202,-0.2731,2.3716,0,0,0,0,0,0,0,-0,0,1.49629,0,0,0,0,0,0,0,0,0,0,0,0,0,0,0,0,0,0,0,0,0,0,0,0,0,0,0,0,0,0,0,0,0
8.15,0,0,0,0,0,0,3.04106,2.02307,-2.35839,0.000344258,0.000893605,-0.00251307,0.00179473,0.00340391,-0.0129281,0,0,0,0,0,0,0,0,0,0,0,0,0,0,0,0,0,0,0,0,0,0,0,0,0,0,0,0,0,0,0,0,0,0,0,0,0,0,0,0,1.77133,1.2313,0.0215399,-2.56363e-05,5.61557e-05,-0.00023426,-0.000209361,2.71358e-06,-0.000979795,0,0,0,0,0,0,0,0,0,0,0,0,0,0,0,0,0,0,0,0,0,0,0,0,0,0,0,0,0,0,0,0,0,0,0,0,0,0,0,0,0,0,0,0,0,0,0,0,0,0,0,0,2,0,0,0,0,0,1.2261,-0.2673,2.3775,0,0,0,0,0,0,0,-0,0,1.49637,0,0,0,0,0,0,0,0,0,0,0,0,0,0,0,0,0,0,0,0,0,0,0,0,0,0,0,0,0,0,0,0,0
8.2,0,0,0,0,0,0,3.04106,2.02307,-2.35839,0.000344258,0.000893605,-0.00251307,0.00179473,0.00340391,-0.0129281,0,0,0,0,0,0,0,0,0,0,0,0,0,0,0,0,0,0,0,0,0,0,0,0,0,0,0,0,0,0,0,0,0,0,0,0,0,0,0,0,1.77133,1.2313,0.0215399,-2.56363e-05,5.61557e-05,-0.00023426,-0.000209361,2.71358e-06,-0.000979795,0,0,0,0,0,0,0,0,0,0,0,0,0,0,0,0,0,0,0,0,0,0,0,0,0,0,0,0,0,0,0,0,0,0,0,0,0,0,0,0,0,0,0,0,0,0,0,0,0,0,0,0,2,0,0,0,0,0,1.2261,-0.2673,2.3775,0,0,0,0,0,0,0,-0,0,1.49637,0,0,0,0,0,0,0,0,0,0,0,0,0,0,0,0,0,0,0,0,0,0,0,0,0,0,0,0,0,0,0,0,0
8.25,0,0,0,0,0,0,3.04106,2.02307,-2.35832,-7.3259e-06,-1.46518e-05,0.000717804,9.80176e-05,-0.000717067,0.00238243,0,0,0,0,0,0,0,0,0,0,0,0,0,0,0,0,0,0,0,0,0,0,0,0,0,0,0,0,0,0,0,0,0,0,0,0,0,0,0,0,1.77134,1.2313,0.0215399,4.51763e-05,-2.93036e-05,6.33444e-07,0.00012341,-0.000285461,6.33489e-05,0,0,0,0,0,0,0,0,0,0,0,0,0,0,0,0,0,0,0,0,0,0,0,0,0,0,0,0,0,0,0,0,0,0,0,0,0,0,0,0,0,0,0,0,0,0,0,0,0,0,0,0,2,0,0,0,0,0,1.2261,-0.2673,2.3775,0,0,0,0,0,0,0,-0,0,1.49636,0,0,0,0,0,0,0,0,0,0,0,0,0,0,0,0,0,0,0,0,0,0,0,0,0,0,0,0,0,0,0,0,0
8.3,0,0,0,0,0,0,3.04106,2.02307,-2.35832,-7.3259e-06,-1.46518e-05,0.000717804,9.80176e-05,-0.000717067,0.00238243,0,0,0,0,0,0,0,0,0,0,0,0,0,0,0,0,0,0,0,0,0,0,0,0,0,0,0,0,0,0,0,0,0,0,0,0,0,0,0,0,1.77134,1.2313,0.0215399,4.51763e-05,-2.93036e-05,6.33444e-07,0.00012341,-0.000285461,6.33489e-05,0,0,0,0,0,0,0,0,0,0,0,0,0,0,0,0,0,0,0,0,0,0,0,0,0,0,0,0,0,0,0,0,0,0,0,0,0,0,0,0,0,0,0,0,0,0,0,0,0,0,0,0,2,0,0,0,0,0,1.2261,-0.2673,2.3775,0,0,0,0,0,0,0,-0,0,1.49636,0,0,0,0,0,0,0,0,0,0,0,0,0,0,0,0,0,0,0,0,0,0,0,0,0,0,0,0,0,0,0,0,0
8.35,0,0,0,0,0,0,3.04105,2.02303,-2.35835,-2.92981e-05,-0.000375992,-0.000255118,-0.000258606,-0.00243221,-0.000384216,0,0,0,0,0,0,0,0,0,0,0,0,0,0,0,0,0,0,0,0,0,0,0,0,0,0,0,0,0,0,0,0,0,0,0,0,0,0,0,0,1.77133,1.2313,0.0215351,-6.34792e-05,1.34283e-05,-4.83563e-05,-0.00031499,-3.96869e-05,-1.65122e-05,0,0,0,0,0,0,0,0,0,0,0,0,0,0,0,0,0,0,0,0,0,0,0,0,0,0,0,0,0,0,0,0,0,0,0,0,0,0,0,0,0,0,0,0,0,0,0,0,0,0,0,0,2,0,0,0,0,0,1.2285,-0.2648,2.3799,0,0,0,0,0,0,0,-0,0,1.49634,0,0,0,0,0,0,0,0,0,0,0,0,0,0,0,0,0,0,0,0,0,0,0,0,0,0,0,0,0,0,0,0,0
8.4,0,0,0,0,0,0,3.04105,2.02303,-2.35835,-2.92981e-05,-0.000375992,-0.000255118,-0.000258606,-0.00243221,-0.000384216,0,0,0,0,0,0,0,0,0,0,0,0,0,0,0,0,0,0,0,0,0,0,0,0,0,0,0,0,0,0,0,0,0,0,0,0,0,0,0,0,1.77133,1.2313,0.0215351,-6.34792e-05,1.34283e-05,-4.83563e-05,-0.00031499,-3.96869e-05,-1.65122e-05,0,0,0,0,0,0,0,0,0,0,0,0,0,0,0,0,0,0,0,0,0,0,0,0,0,0,0,0,0,0,0,0,0,0,0,0,0,0,0,0,0,0,0,0,0,0,0,0,0,0,0,0,2,0,0,0,0,0,1.2285,-0.2648,2.3799,0,0,0,0,0,0,0,-0,0,1.49634,0,0,0,0,0,0,0,0,0,0,0,0,0,0,0,0,0,0,0,0,0,0,0,0,0,0,0,0,0,0,0,0,0
8.45,0,0,0,0,0,0,3.04105,2.02303,-2.35835,-2.92981e-05,-0.000375992,-0.000255118,-0.000258606,-0.00243221,-0.000384216,0,0,0,0,0,0,0,0,0,0,0,0,0,0,0,0,0,0,0,0,0,0,0,0,0,0,0,0,0,0,0,0,0,0,0,0,0,0,0,0,1.77133,1.2313,0.0215351,-6.34792e-05,1.34283e-05,-4.83563e-05,-0.00031499,-3.96869e-05,-1.65122e-05,0,0,0,0,0,0,0,0,0,0,0,0,0,0,0,0,0,0,0,0,0,0,0,0,0,0,0,0,0,0,0,0,0,0,0,0,0,0,0,0,0,0,0,0,0,0,0,0,0,0,0,0,2,0,0,0,0,0,1.2285,-0.2648,2.3799,0,0,0,0,0,0,0,-0,0,1.49634,0,0,0,0,0,0,0,0,0,0,0,0,0,0,0,0,0,0,0,0,0,0,0,0,0,0,0,0,0,0,0,0,0
8.5,0,0,0,0,0,0,3.04106,2.02305,-2.35834,1.4651e-05,0.000148952,6.67691e-05,-2.79561e-05,0.000404916,0.000680972,0,0,0,0,0,0,0,0,0,0,0,0,0,0,0,0,0,0,0,0,0,0,0,0,0,0,0,0,0,0,0,0,0,0,0,0,0,0,0,0,1.77133,1.2313,0.0215387,2.93021e-05,1.09883e-05,3.58064e-05,0.000122245,-3.12224e-07,0.000315578,0,0,0,0,0,0,0,0,0,0,0,0,0,0,0,0,0,0,0,0,0,0,0,0,0,0,0,0,0,0,0,0,0,0,0,0,0,0,0,0,0,0,0,0,0,0,0,0,0,0,0,0,2,0,0,0,0,0,1.2285,-0.2648,2.3799,0,0,0,0,0,0,0,-0,0,1.49635,0,0,0,0,0,0,0,0,0,0,0,0,0,0,0,0,0,0,0,0,0,0,0,0,0,0,0,0,0,0,0,0,0
8.55,0,0,0,0,0,0,3.04106,2.02306,-2.35831,4.88226e-06,0.00010741,0.000331364,-2.45935e-05,0.000461215,0.00161037,0,0,0,0,0,0,0,0,0,0,0,0,0,0,0,0,0,0,0,0,0,0,0,0,0,0,0,0,0,0,0,0,0,0,0,0,0,0,0,0,1.77133,1.2313,0.0215489,8.54395e-06,-4.27197e-05,0.000102285,4.965e-05,-0.00020946,0.000500088,0,0,0,0,0,0,0,0,0,0,0,0,0,0,0,0,0,0,0,0,0,0,0,0,0,0,0,0,0,0,0,0,0,0,0,0,0,0,0,0,0,0,0,0,0,0,0,0,0,0,0,0,2,0,0,0,0,0,1.1808,-0.3124,2.3323,0,0,0,0,0,0,0,-0,0,1.49636,0,0,0,0,0,0,0,0,0,0,0,0,0,0,0,0,0,0,0,0,0,0,0,0,0,0,0,0,0,0,0,0,0
8.6,0,0,0,0,0,0,3.04106,2.02306,-2.35831,4.88226e-06,0.00010741,0.000331364,-2.45935e-05,0.000461215,0.00161037,0,0,0,0,0,0,0,0,0,0,0,0,0,0,0,0,0,0,0,0,0,0,0,0,0,0,0,0,0,0,0,0,0,0,0,0,0,0,0,0,1.77133,1.2313,0.0215489,8.54395e-06,-4.27197e-05,0.000102285,4.965e-05,-0.00020946,0.000500088,0,0,0,0,0,0,0,0,0,0,0,0,0,0,0,0,0,0,0,0,0,0,0,0,0,0,0,0,0,0,0,0,0,0,0,0,0,0,0,0,0,0,0,0,0,0,0,0,0,0,0,0,2,0,0,0,0,0,1.1808,-0.3124,2.3323,0,0,0,0,0,0,0,-0,0,1.49636,0,0,0,0,0,0,0,0,0,0,0,0,0,0,0,0,0,0,0,0,0,0,0,0,0,0,0,0,0,0,0,0,0
8.65,0,0,0,0,0,0,3.04102,2.023,-2.35807,-0.000371183,-0.000589742,0.00238715,-0.00151693,-0.00250107,0.00930661,0,0,0,0,0,0,0,0,0,0,0,0,0,0,0,0,0,0,0,0,0,0,0,0,0,0,0,0,0,0,0,0,0,0,0,0,0,0,0,0,1.77135,1.2313,0.0216663,0.000139194,7.69228e-05,0.00117427,0.000542004,0.000323993,0.00460842,0,0,0,0,0,0,0,0,0,0,0,0,0,0,0,0,0,0,0,0,0,0,0,0,0,0,0,0,0,0,0,0,0,0,0,0,0,0,0,0,0,0,0,0,0,0,0,0,0,0,0,0,2,0,0,0,0,0,1.1808,-0.3124,2.3323,0,0,0,0,0,0,0,-0,0,1.49628,0,0,0,0,0,0,0,0,0,0,0,0,0,0,0,0,0,0,0,0,0,0,0,0,0,0,0,0,0,0,0,0,0
8.7,0,0,0,0,0,0,3.04102,2.023,-2.35807,-0.000371183,-0.000589742,0.00238715,-0.00151693,-0.00250107,0.00930661,0,0,0,0,0,0,0,0,0,0,0,0,0,0,0,0,0,0,0,0,0,0,0,0,0,0,0,0,0,0,0,0,0,0,0,0,0,0,0,0,1.77135,1.2313,0.0216663,0.000139194,7.69228e-05,0.00117427,0.000542004,0.000323993,0.00460842,0,0,0,0,0,0,0,0,0,0,0,0,0,0,0,0,0,0,0,0,0,0,0,0,0,0,0,0,0,0,0,0,0,0,0,0,0,0,0,0,0,0,0,0,0,0,0,0,0,0,0,0,2,0,0,0,0,0,1.1808,-0.3124,2.3323,0,0,0,0,0,0,0,-0,0,1.49628,0,0,0,0,0,0,0,0,0,0,0,0,0,0,0,0,0,0,0,0,0,0,0,0,0,0,0,0,0,0,0,0,0
8.75,0,0,0,0,0,0,3.04106,2.02306,-2.35835,0.000400363,0.000616413,-0.00287036,0.00196987,0.00291646,-0.0143764,0,0,0,0,0,0,0,0,0,0,0,0,0,0,0,0,0,0,0,0,0,0,0,0,0,0,0,0,0,0,0,0,0,0,0,0,0,0,0,0,1.77133,1.2313,0.0215539,-0.000124503,-4.1501e-05,-0.00112332,-0.000661497,-0.000206409,-0.00585672,0,0,0,0,0,0,0,0,0,0,0,0,0,0,0,0,0,0,0,0,0,0,0,0,0,0,0,0,0,0,0,0,0,0,0,0,0,0,0,0,0,0,0,0,0,0,0,0,0,0,0,0,2,0,0,0,0,0,1.2841,-0.2094,2.4354,0,0,0,0,0,0,0,-0,0,1.49636,0,0,0,0,0,0,0,0,0,0,0,0,0,0,0,0,0,0,0,0,0,0,0,0,0,0,0,0,0,0,0,0,0
8.8,0,0,0,0,0,0,3.04106,2.02306,-2.35835,0.000400363,0.000616413,-0.00287036,0.00196987,0.00291646,-0.0143764,0,0,0,0,0,0,0,0,0,0,0,0,0,0,0,0,0,0,0,0,0,0,0,0,0,0,0,0,0,0,0,0,0,0,0,0,0,0,0,0,1.77133,1.2313,0.0215539,-0.000124503,-4.1501e-05,-0.00112332,-0.000661497,-0.000206409,-0.00585672,0,0,0,0,0,0,0,0,0,0,0,0,0,0,0,0,0,0,0,0,0,0,0,0,0,0,0,0,0,0,0,0,0,0,0,0,0,0,0,0,0,0,0,0,0,0,0,0,0,0,0,0,2,0,0,0,0,0,1.2841,-0.2094,2.4354,0,0,0,0,0,0,0,-0,0,1.49636,0,0,0,0,0,0,0,0,0,0,0,0,0,0,0,0,0,0,0,0,0,0,0,0,0,0,0,0,0,0,0,0,0
8.85,0,0,0,0,0,0,3.04106,2.02307,-2.35831,4.39396e-05,0.000114731,0.000410026,0.000230439,0.000479674,0.00127081,0,0,0,0,0,0,0,0,0,0,0,0,0,0,0,0,0,0,0,0,0,0,0,0,0,0,0,0,0,0,0,0,0,0,0,0,0,0,0,0,1.77133,1.23131,0.0215264,-3.17342e-05,5.12629e-05,-0.000275859,-0.000189372,0.000174948,-0.00154655,0,0,0,0,0,0,0,0,0,0,0,0,0,0,0,0,0,0,0,0,0,0,0,0,0,0,0,0,0,0,0,0,0,0,0,0,0,0,0,0,0,0,0,0,0,0,0,0,0,0,0,0,2,0,0,0,0,0,1.2841,-0.2094,2.4354,0,0,0,0,0,0,0,-0,0,1.49637,0,0,0,0,0,0,0,0,0,0,0,0,0,0,0,0,0,0,0,0,0,0,0,0,0,0,0,0,0,0,0,0,0
8.9,0,0,0,0,0,0,3.04106,2.02307,-2.35831,4.39396e-05,0.000114731,0.000410026,0.000230439,0.000479674,0.00127081,0,0,0,0,0,0,0,0,0,0,0,0,0,0,0,0,0,0,0,0,0,0,0,0,0,0,0,0,0,0,0,0,0,0,0,0,0,0,0,0,1.77133,1.23131,0.0215264,-3.17342e-05,5.12629e-05,-0.000275859,-0.000189372,0.000174948,-0.00154655,0,0,0,0,0,0,0,0,0,0,0,0,0,0,0,0,0,0,0,0,0,0,0,0,0,0,0,0,0,0,0,0,0,0,0,0,0,0,0,0,0,0,0,0,0,0,0,0,0,0,0,0,2,0,0,0,0,0,1.2841,-0.2094,2.4354,0,0,0,0,0,0,0,-0,0,1.49637,0,0,0,0,0,0,0,0,0,0,0,0,0,0,0,0,0,0,0,0,0,0,0,0,0,0,0,0,0,0,0,0,0
8.95,0,0,0,0,0,0,3.04105,2.02308,-2.35832,-9.76814e-05,9.27973e-05,-5.48504e-05,-0.000662902,-0.000129441,0.00102276,0,0,0,0,0,0,0,0,0,0,0,0,0,0,0,0,0,0,0,0,0,0,0,0,0,0,0,0,0,0,0,0,0,0,0,0,0,0,0,0,1.77134,1.2313,0.0215704,8.42501e-05,-4.39566e-05,0.000440032,0.000413626,-0.000223837,0.00251522,0,0,0,0,0,0,0,0,0,0,0,0,0,0,0,0,0,0,0,0,0,0,0,0,0,0,0,0,0,0,0,0,0,0,0,0,0,0,0,0,0,0,0,0,0,0,0,0,0,0,0,0,2,0,0,0,0,0,1.2682,-0.2251,2.4196,0,0,0,0,0,0,0,-0,0,1.49636,0,0,0,0,0,0,0,0,0,0,0,0,0,0,0,0,0,0,0,0,0,0,0,0,0,0,0,0,0,0,0,0,0
9,0,0,0,0,0,0,3.04105,2.02308,-2.35832,-9.76814e-05,9.27973e-05,-5.48504e-05,-0.000662902,-0.000129441,0.00102276,0,0,0,0,0,0,0,0,0,0,0,0,0,0,0,0,0,0,0,0,0,0,0,0,0,0,0,0,0,0,0,0,0,0,0,0,0,0,0,0,1.77134,1.2313,0.0215704,8.42501e-05,-4.39566e-05,0.000440032,0.000413626,-0.000223837,0.00251522,0,0,0,0,0,0,0,0,0,0,0,0,0,0,0,0,0,0,0,0,0,0,0,0,0,0,0,0,0,0,0,0,0,0,0,0,0,0,0,0,0,0,0,0,0,0,0,0,0,0,0,0,2,0,0,0,0,0,1.2682,-0.2251,2.4196,0,0,0,0,0,0,0,-0,0,1.49636,0,0,0,0,0,0,0,0,0,0,0,0,0,0,0,0,0,0,0,0,0,0,0,0,0,0,0,0,0,0,0,0,0
9.05,0,0,0,0,0,0,3.04105,2.02306,-2.35832,-4.88337e-05,-0.000222193,2.38446e-06,-0.000323827,-0.00141869,0.000809212,0,0,0,0,0,0,0,0,0,0,0,0,0,0,0,0,0,0,0,0,0,0,0,0,0,0,0,0,0,0,0,0,0,0,0,0,0,0,0,0,1.77133,1.2313,0.0215391,-6.47044e-05,3.7846e-05,-0.000312996,-0.000265149,0.000138456,-0.000948608,0,0,0,0,0,0,0,0,0,0,0,0,0,0,0,0,0,0,0,0,0,0,0,0,0,0,0,0,0,0,0,0,0,0,0,0,0,0,0,0,0,0,0,0,0,0,0,0,0,0,0,0,2,0,0,0,0,0,1.2682,-0.2251,2.4196,0,0,0,0,0,0,0,-0,0,1.49635,0,0,0,0,0,0,0,0,0,0,0,0,0,0,0,0,0,0,0,0,0,0,0,0,0,0,0,0,0,0,0,0,0
9.1,0,0,0,0,0,0,3.04105,2.02306,-2.35832,-4.88337e-05,-0.000222193,2.38446e-06,-0.000323827,-0.00141869,0.000809212,0,0,0,0,0,0,0,0,0,0,0,0,0,0,0,0,0,0,0,0,0,0,0,0,0,0,0,0,0,0,0,0,0,0,0,0,0,0,0,0,1.77133,1.2313,0.0215391,-6.47044e-05,3.7846e-05,-0.000312996,-0.000265149,0.000138456,-0.000948608,0,0,0,0,0,0,0,0,0,0,0,0,0,0,0,0,0,0,0,0,0,0,0,0,0,0,0,0,0,0,0,0,0,0,0,0,0,0,0,0,0,0,0,0,0,0,0,0,0,0,0,0,2,0,0,0,0,0,1.2682,-0.2251,2.4196,0,0,0,0,0,0,0,-0,0,1.49635,0,0,0,0,0,0,0,0,0,0,0,0,0,0,0,0,0,0,0,0,0,0,0,0,0,0,0,0,0,0,0,0,0
9.15,0,0,0,0,0,0,3.04106,2.02306,-2.3583,6.83538e-05,3.17357e-05,0.000200255,0.00031972,-1.17758e-05,0.00124764,0,0,0,0,0,0,0,0,0,0,0,0,0,0,0,0,0,0,0,0,0,0,0,0,0,0,0,0,0,0,0,0,0,0,0,0,0,0,0,0,1.77133,1.2313,0.0215476,-8.54425e-06,-4.76037e-05,8.5619e-05,-2.67089e-05,-0.000209251,0.000554206,0,0,0,0,0,0,0,0,0,0,0,0,0,0,0,0,0,0,0,0,0,0,0,0,0,0,0,0,0,0,0,0,0,0,0,0,0,0,0,0,0,0,0,0,0,0,0,0,0,0,0,0,2,0,0,0,0,0,1.3094,-0.1839,2.4608,0,0,0,0,0,0,0,-0,0,1.49636,0,0,0,0,0,0,0,0,0,0,0,0,0,0,0,0,0,0,0,0,0,0,0,0,0,0,0,0,0,0,0,0,0
9.2,0,0,0,0,0,0,3.04106,2.02306,-2.3583,6.83538e-05,3.17357e-05,0.000200255,0.00031972,-1.17758e-05,0.00124764,0,0,0,0,0,0,0,0,0,0,0,0,0,0,0,0,0,0,0,0,0,0,0,0,0,0,0,0,0,0,0,0,0,0,0,0,0,0,0,0,1.77133,1.2313,0.0215476,-8.54425e-06,-4.76037e-05,8.5619e-05,-2.67089e-05,-0.000209251,0.000554206,0,0,0,0,0,0,0,0,0,0,0,0,0,0,0,0,0,0,0,0,0,0,0,0,0,0,0,0,0,0,0,0,0,0,0,0,0,0,0,0,0,0,0,0,0,0,0,0,0,0,0,0,2,0,0,0,0,0,1.3094,-0.1839,2.4608,0,0,0,0,0,0,0,-0,0,1.49636,0,0,0,0,0,0,0,0,0,0,0,0,0,0,0,0,0,0,0,0,0,0,0,0,0,0,0,0,0,0,0,0,0
9.25,0,0,0,0,0,0,3.04106,2.02307,-2.35832,4.39571e-05,9.27984e-05,-0.000257561,0.000181567,0.000427327,-0.00102086,0,0,0,0,0,0,0,0,0,0,0,0,0,0,0,0,0,0,0,0,0,0,0,0,0,0,0,0,0,0,0,0,0,0,0,0,0,0,0,0,1.77133,1.2313,0.0215892,2.80837e-05,-2.56417e-05,0.000415929,0.000162594,-8.49311e-05,0.00185593,0,0,0,0,0,0,0,0,0,0,0,0,0,0,0,0,0,0,0,0,0,0,0,0,0,0,0,0,0,0,0,0,0,0,0,0,0,0,0,0,0,0,0,0,0,0,0,0,0,0,0,0,2,0,0,0,0,0,1.3094,-0.1839,2.4608,0,0,0,0,0,0,0,-0,0,1.49637,0,0,0,0,0,0,0,0,0,0,0,0,0,0,0,0,0,0,0,0,0,0,0,0,0,0,0,0,0,0,0,0,0
9.3,0,0,0,0,0,0,3.04106,2.02307,-2.35832,4.39571e-05,9.27984e-05,-0.000257561,0.000181567,0.000427327,-0.00102086,0,0,0,0,0,0,0,0,0,0,0,0,0,0,0,0,0,0,0,0,0,0,0,0,0,0,0,0,0,0,0,0,0,0,0,0,0,0,0,0,1.77133,1.2313,0.0215892,2.80837e-05,-2.56417e-05,0.000415929,0.000162594,-8.49311e-05,0.00185593,0,0,0,0,0,0,0,0,0,0,0,0,0,0,0,0,0,0,0,0,0,0,0,0,0,0,0,0,0,0,0,0,0,0,0,0,0,0,0,0,0,0,0,0,0,0,0,0,0,0,0,0,2,0,0,0,0,0,1.3094,-0.1839,2.4608,0,0,0,0,0,0,0,-0,0,1.49637,0,0,0,0,0,0,0,0,0,0,0,0,0,0,0,0,0,0,0,0,0,0,0,0,0,0,0,0,0,0,0,0,0
9.35,0,0,0,0,0,0,3.04106,2.02307,-2.35835,-2.44183e-05,2.44183e-05,-0.000226537,-0.000182847,4.28617e-05,-0.000796211,0,0,0,0,0,0,0,0,0,0,0,0,0,0,0,0,0,0,0,0,0,0,0,0,0,0,0,0,0,0,0,0,0,0,0,0,0,0,0,0,1.77133,1.2313,0.0215346,-6.59294e-05,5.49412e-05,-0.000546577,-0.000252373,0.000287791,-0.00255496,0,0,0,0,0,0,0,0,0,0,0,0,0,0,0,0,0,0,0,0,0,0,0,0,0,0,0,0,0,0,0,0,0,0,0,0,0,0,0,0,0,0,0,0,0,0,0,0,0,0,0,0,2,0,0,0,0,0,1.2285,-0.2648,2.3798,0,0,0,0,0,0,0,-0,0,1.49637,0,0,0,0,0,0,0,0,0,0,0,0,0,0,0,0,0,0,0,0,0,0,0,0,0,0,0,0,0,0,0,0,0
9.4,0,0,0,0,0,0,3.04106,2.02307,-2.35835,-2.44183e-05,2.44183e-05,-0.000226537,-0.000182847,4.28617e-05,-0.000796211,0,0,0,0,0,0,0,0,0,0,0,0,0,0,0,0,0,0,0,0,0,0,0,0,0,0,0,0,0,0,0,0,0,0,0,0,0,0,0,0,1.77133,1.2313,0.0215346,-6.59294e-05,5.49412e-05,-0.000546577,-0.000252373,0.000287791,-0.00255496,0,0,0,0,0,0,0,0,0,0,0,0,0,0,0,0,0,0,0,0,0,0,0,0,0,0,0,0,0,0,0,0,0,0,0,0,0,0,0,0,0,0,0,0,0,0,0,0,0,0,0,0,2,0,0,0,0,0,1.2285,-0.2648,2.3798,0,0,0,0,0,0,0,-0,0,1.49637,0,0,0,0,0,0,0,0,0,0,0,0,0,0,0,0,0,0,0,0,0,0,0,0,0,0,0,0,0,0,0,0,0
9.45,0,0,0,0,0,0,3.04105,2.02305,-2.35831,-3.41794e-05,-0.00026367,0.000381467,-0.000198143,-0.00117745,0.00198172,0,0,0,0,0,0,0,0,0,0,0,0,0,0,0,0,0,0,0,0,0,0,0,0,0,0,0,0,0,0,0,0,0,0,0,0,0,0,0,0,1.77133,1.2313,0.0215474,2.07517e-05,-5.1269e-05,0.000128931,0.00013862,-0.000201106,0.000567677,0,0,0,0,0,0,0,0,0,0,0,0,0,0,0,0,0,0,0,0,0,0,0,0,0,0,0,0,0,0,0,0,0,0,0,0,0,0,0,0,0,0,0,0,0,0,0,0,0,0,0,0,2,0,0,0,0,0,1.2285,-0.2648,2.3798,0,0,0,0,0,0,0,-0,0,1.49635,0,0,0,0,0,0,0,0,0,0,0,0,0,0,0,0,0,0,0,0,0,0,0,0,0,0,0,0,0,0,0,0,0
9.5,0,0,0,0,0,0,3.04105,2.02305,-2.35831,-3.41794e-05,-0.00026367,0.000381467,-0.000198143,-0.00117745,0.00198172,0,0,0,0,0,0,0,0,0,0,0,0,0,0,0,0,0,0,0,0,0,0,0,0,0,0,0,0,0,0,0,0,0,0,0,0,0,0,0,0,1.77133,1.2313,0.0215474,2.07517e-05,-5.1269e-05,0.000128931,0.00013862,-0.000201106,0.000567677,0,0,0,0,0,0,0,0,0,0,0,0,0,0,0,0,0,0,0,0,0,0,0,0,0,0,0,0,0,0,0,0,0,0,0,0,0,0,0,0,0,0,0,0,0,0,0,0,0,0,0,0,2,0,0,0,0,0,1.2285,-0.2648,2.3798,0,0,0,0,0,0,0,-0,0,1.49635,0,0,0,0,0,0,0,0,0,0,0,0,0,0,0,0,0,0,0,0,0,0,0,0,0,0,0,0,0,0,0,0,0
9.55,0,0,0,0,0,0,3.04105,2.02306,-2.35832,7.32327e-06,0.000141583,-8.82034e-05,4.48017e-05,0.000747199,-0.000310856,0,0,0,0,0,0,0,0,0,0,0,0,0,0,0,0,0,0,0,0,0,0,0,0,0,0,0,0,0,0,0,0,0,0,0,0,0,0,0,0,1.77133,1.2313,0.0215413,2.19699e-05,3.66164e-05,-6.11056e-05,0.000141023,0.000164252,4.17917e-06,0,0,0,0,0,0,0,0,0,0,0,0,0,0,0,0,0,0,0,0,0,0,0,0,0,0,0,0,0,0,0,0,0,0,0,0,0,0,0,0,0,0,0,0,0,0,0,0,0,0,0,0,2,0,0,0,0,0,1.2264,-0.2669,2.3778,0,0,0,0,0,0,0,-0,0,1.49636,0,0,0,0,0,0,0,0,0,0,0,0,0,0,0,0,0,0,0,0,0,0,0,0,0,0,0,0,0,0,0,0,0
9.6,0,0,0,0,0,0,3.04105,2.02306,-2.35832,7.32327e-06,0.000141583,-8.82034e-05,4.48017e-05,0.000747199,-0.000310856,0,0,0,0,0,0,0,0,0,0,0,0,0,0,0,0,0,0,0,0,0,0,0,0,0,0,0,0,0,0,0,0,0,0,0,0,0,0,0,0,1.77133,1.2313,0.0215413,2.19699e-05,3.66164e-05,-6.11056e-05,0.000141023,0.000164252,4.17917e-06,0,0,0,0,0,0,0,0,0,0,0,0,0,0,0,0,0,0,0,0,0,0,0,0,0,0,0,0,0,0,0,0,0,0,0,0,0,0,0,0,0,0,0,0,0,0,0,0,0,0,0,0,2,0,0,0,0,0,1.2264,-0.2669,2.3778,0,0,0,0,0,0,0,-0,0,1.49636,0,0,0,0,0,0,0,0,0,0,0,0,0,0,0,0,0,0,0,0,0,0,0,0,0,0,0,0,0,0,0,0,0
9.65,0,0,0,0,0,0,3.04105,2.02305,-2.35826,-4.15173e-05,-9.52456e-05,0.000536615,-0.00013537,-0.000237231,0.00199964,0,0,0,0,0,0,0,0,0,0,0,0,0,0,0,0,0,0,0,0,0,0,0,0,0,0,0,0,0,0,0,0,0,0,0,0,0,0,0,0,1.77133,1.2313,0.0215425,-2.07587e-05,-6.10549e-06,1.14962e-05,-8.57358e-05,-2.26516e-05,0.00021638,0,0,0,0,0,0,0,0,0,0,0,0,0,0,0,0,0,0,0,0,0,0,0,0,0,0,0,0,0,0,0,0,0,0,0,0,0,0,0,0,0,0,0,0,0,0,0,0,0,0,0,0,2,0,0,0,0,0,1.2264,-0.2669,2.3778,0,0,0,0,0,0,0,-0,0,1.49635,0,0,0,0,0,0,0,0,0,0,0,0,0,0,0,0,0,0,0,0,0,0,0,0,0,0,0,0,0,0,0,0,0
9.7,0,0,0,0,0,0,3.04105,2.02305,-2.35826,-4.15173e-05,-9.52456e-05,0.000536615,-0.00013537,-0.000237231,0.00199964,0,0,0,0,0,0,0,0,0,0,0,0,0,0,0,0,0,0,0,0,0,0,0,0,0,0,0,0,0,0,0,0,0,0,0,0,0,0,0,0,1.77133,1.2313,0.0215425,-2.07587e-05,-6.10549e-06,1.14962e-05,-8.57358e-05,-2.26516e-05,0.00021638,0,0,0,0,0,0,0,0,0,0,0,0,0,0,0,0,0,0,0,0,0,0,0,0,0,0,0,0,0,0,0,0,0,0,0,0,0,0,0,0,0,0,0,0,0,0,0,0,0,0,0,0,2,0,0,0,0,0,1.2264,-0.2669,2.3778,0,0,0,0,0,0,0,-0,0,1.49635,0,0,0,0,0,0,0,0,0,0,0,0,0,0,0,0,0,0,0,0,0,0,0,0,0,0,0,0,0,0,0,0,0
9.75,0,0,0,0,0,0,3.04105,2.02305,-2.35831,3.66132e-05,-5.12585e-05,-0.000481502,0.000206489,-0.000100006,-0.00255433,0,0,0,0,0,0,0,0,0,0,0,0,0,0,0,0,0,0,0,0,0,0,0,0,0,0,0,0,0,0,0,0,0,0,0,0,0,0,0,0,1.77133,1.2313,0.021577,3.0511e-05,-3.53928e-05,0.000345148,0.00012268,-0.000155929,0.00149189,0,0,0,0,0,0,0,0,0,0,0,0,0,0,0,0,0,0,0,0,0,0,0,0,0,0,0,0,0,0,0,0,0,0,0,0,0,0,0,0,0,0,0,0,0,0,0,0,0,0,0,0,2,0,0,0,0,0,1.1403,-0.353,2.2917,0,0,0,0,0,0,0,-0,0,1.49635,0,0,0,0,0,0,0,0,0,0,0,0,0,0,0,0,0,0,0,0,0,0,0,0,0,0,0,0,0,0,0,0,0
9.8,0,0,0,0,0,0,3.04105,2.02305,-2.35831,3.66132e-05,-5.12585e-05,-0.000481502,0.000206489,-0.000100006,-0.00255433,0,0,0,0,0,0,0,0,0,0,0,0,0,0,0,0,0,0,0,0,0,0,0,0,0,0,0,0,0,0,0,0,0,0,0,0,0,0,0,0,1.77133,1.2313,0.021577,3.0511e-05,-3.53928e-05,0.000345148,0.00012268,-0.000155929,0.00149189,0,0,0,0,0,0,0,0,0,0,0,0,0,0,0,0,0,0,0,0,0,0,0,0,0,0,0,0,0,0,0,0,0,0,0,0,0,0,0,0,0,0,0,0,0,0,0,0,0,0,0,0,2,0,0,0,0,0,1.1403,-0.353,2.2917,0,0,0,0,0,0,0,-0,0,1.49635,0,0,0,0,0,0,0,0,0,0,0,0,0,0,0,0,0,0,0,0,0,0,0,0,0,0,0,0,0,0,0,0,0
9.85,0,0,0,0,0,0,3.04107,2.0228,-2.35853,0.000134294,-0.00252961,-0.00216749,0.000560532,-0.00994411,-0.00888647,0,0,0,0,0,0,0,0,0,0,0,0,0,0,0,0,0,0,0,0,0,0,0,0,0,0,0,0,0,0,0,0,0,0,0,0,0,0,0,0,1.77131,1.23117,0.0215424,-0.000211208,-0.00131608,-0.000346439,-0.000863984,-0.00522885,-0.00169525,0,0,0,0,0,0,0,0,0,0,0,0,0,0,0,0,0,0,0,0,0,0,0,0,0,0,0,0,0,0,0,0,0,0,0,0,0,0,0,0,0,0,0,0,0,0,0,0,0,0,0,0,2,0,0,0,0,0,1.1403,-0.353,2.2917,0,0,0,0,0,0,0,-0,0,1.49631,0,0,0,0,0,0,0,0,0,0,0,0,0,0,0,0,0,0,0,0,0,0,0,0,0,0,0,0,0,0,0,0,0
9.9,0,0,0,0,0,0,3.04107,2.0228,-2.35853,0.000134294,-0.00252961,-0.00216749,0.000560532,-0.00994411,-0.00888647,0,0,0,0,0,0,0,0,0,0,0,0,0,0,0,0,0,0,0,0,0,0,0,0,0,0,0,0,0,0,0,0,0,0,0,0,0,0,0,0,1.77131,1.23117,0.0215424,-0.000211208,-0.00131608,-0.000346439,-0.000863984,-0.00522885,-0.00169525,0,0,0,0,0,0,0,0,0,0,0,0,0,0,0,0,0,0,0,0,0,0,0,0,0,0,0,0,0,0,0,0,0,0,0,0,0,0,0,0,0,0,0,0,0,0,0,0,0,0,0,0,2,0,0,0,0,0,1.1403,-0.353,2.2917,0,0,0,0,0,0,0,-0,0,1.49631,0,0,0,0,0,0,0,0,0,0,0,0,0,0,0,0,0,0,0,0,0,0,0,0,0,0,0,0,0,0,0,0,0
9.95,0,0,0,0,0,0,3.04108,2.02274,-2.35856,7.32598e-05,-0.000549449,-0.000281402,0.000140651,0.00060823,0.00134272,0,0,0,0,0,0,0,0,0,0,0,0,0,0,0,0,0,0,0,0,0,0,0,0,0,0,0,0,0,0,0,0,0,0,0,0,0,0,0,0,1.7713,1.23113,0.0215539,-0.000128205,-0.000345542,0.000115866,-0.000320701,5.14077e-05,0.000397927,0,0,0,0,0,0,0,0,0,0,0,0,0,0,0,0,0,0,0,0,0,0,0,0,0,0,0,0,0,0,0,0,0,0,0,0,0,0,0,0,0,0,0,0,0,0,0,0,0,0,0,0,2,0,0,0,0,0,1.2921,-0.201,2.4437,0,0,0,0,0,0,0,-0,0,1.49632,0,0,0,0,0,0,0,0,0,0,0,0,0,0,0,0,0,0,0,0,0,0,0,0,0,0,0,0,0,0,0,0,0
10,0,0,0,0,0,0,3.04108,2.02274,-2.35856,7.32598e-05,-0.000549449,-0.000281402,0.000140651,0.00060823,0.00134272,0,0,0,0,0,0,0,0,0,0,0,0,0,0,0,0,0,0,0,0,0,0,0,0,0,0,0,0,0,0,0,0,0,0,0,0,0,0,0,0,1.7713,1.23113,0.0215539,-0.000128205,-0.000345542,0.000115866,-0.000320701,5.14077e-05,0.000397927,0,0,0,0,0,0,0,0,0,0,0,0,0,0,0,0,0,0,0,0,0,0,0,0,0,0,0,0,0,0,0,0,0,0,0,0,0,0,0,0,0,0,0,0,0,0,0,0,0,0,0,0,2,0,0,0,0,0,1.2921,-0.201,2.4437,0,0,0,0,0,0,0,-0,0,1.49632,0,0,0,0,0,0,0,0,0,0,0,0,0,0,0,0,0,0,0,0,0,0,0,0,0,0,0,0,0,0,0,0,0
10.05,0,0,0,0,0,0,3.04106,2.02288,-2.35843,-0.000102539,0.00139771,0.00127793,-0.000674799,0.00957382,0.00842157,0,0,0,0,0,0,0,0,0,0,0,0,0,0,0,0,0,0,0,0,0,0,0,0,0,0,0,0,0,0,0,0,0,0,0,0,0,0,0,0,1.77133,1.23122,0.0215428,0.000307618,0.000932619,-0.000111256,0.00162235,0.00585272,-0.000385169,0,0,0,0,0,0,0,0,0,0,0,0,0,0,0,0,0,0,0,0,0,0,0,0,0,0,0,0,0,0,0,0,0,0,0,0,0,0,0,0,0,0,0,0,0,0,0,0,0,0,0,1,2,0,0,0,0,0,1.2921,-0.201,2.4437,0,0,0,0,0,0,0,-0,0,1.49631,0,0,0,0,0,0,0,0,0,0,0,0,0,0,0,0,0,0,0,0,0,0,0,0,0,0,0,0,0,0,0,0,0
10.1,0,0,0,0,0,0,3.04106,2.02288,-2.35843,-0.000102539,0.00139771,0.00127793,-0.000674799,0.00957382,0.00842157,0,0,0,0,0,0,0,0,0,0,0,0,0,0,0,0,0,0,0,0,0,0,0,0,0,0,0,0,0,0,0,0,0,0,0,0,0,0,0,0,1.77133,1.23122,0.0215428,0.000307618,0.000932619,-0.000111256,0.00162235,0.00585272,-0.000385169,0,0,0,0,0,0,0,0,0,0,0,0,0,0,0,0,0,0,0,0,0,0,0,0,0,0,0,0,0,0,0,0,0,0,0,0,0,0,0,0,0,0,0,0,0,0,0,0,0,0,0,1,2,0,0,0,0,0,1.2921,-0.201,2.4437,0,0,0,0,0,0,0,-0,0,1.49631,0,0,0,0,0,0,0,0,0,0,0,0,0,0,0,0,0,0,0,0,0,0,0,0,0,0,0,0,0,0,0,0,0
10.15,0,0,0,0,0,0,3.04106,2.02281,-2.35846,-9.27694e-05,-0.000704315,-0.000331387,-0.000476515,-0.00143725,-0.000415745,0,0,0,0,0,0,0,0,0,0,0,0,0,0,0,0,0,0,0,0,0,0,0,0,0,0,0,0,0,0,0,0,0,0,0,0,0,0,0,0,1.77132,1.2312,0.0215449,-8.91076e-05,-0.000285633,2.09353e-05,-0.000348116,-0.000568465,0.000190946,0,0,0,0,0,0,0,0,0,0,0,0,0,0,0,0,0,0,0,0,0,0,0,0,0,0,0,0,0,0,0,0,0,0,0,0,0,0,0,0,0,0,0,0,0,0,0,0,0,0,0,1,2,0,0,0,0,0,1.2285,-0.2647,2.38,0,0,0,0,0,0,0,-0,0,1.49629,0,0,0,0,0,0,0,0,0,0,0,0,0,0,0,0,0,0,0,0,0,0,0,0,0,0,0,0,0,0,0,0,0
10.2,0,0,0,0,0,0,3.04106,2.02281,-2.35846,-9.27694e-05,-0.000704315,-0.000331387,-0.000476515,-0.00143725,-0.000415745,0,0,0,0,0,0,0,0,0,0,0,0,0,0,0,0,0,0,0,0,0,0,0,0,0,0,0,0,0,0,0,0,0,0,0,0,0,0,0,0,1.77132,1.2312,0.0215449,-8.91076e-05,-0.000285633,2.09353e-05,-0.000348116,-0.000568465,0.000190946,0,0,0,0,0,0,0,0,0,0,0,0,0,0,0,0,0,0,0,0,0,0,0,0,0,0,0,0,0,0,0,0,0,0,0,0,0,0,0,0,0,0,0,0,0,0,0,0,0,0,0,1,2,0,0,0,0,0,1.2285,-0.2647,2.38,0,0,0,0,0,0,0,-0,0,1.49629,0,0,0,0,0,0,0,0,0,0,0,0,0,0,0,0,0,0,0,0,0,0,0,0,0,0,0,0,0,0,0,0,0
10.25,0,0,0,0,0,0,3.04106,2.02289,-2.3584,5.12754e-05,0.000831394,0.000636651,0.0003163,0.00378324,0.00242243,0,0,0,0,0,0,0,0,0,0,0,0,0,0,0,0,0,0,0,0,0,0,0,0,0,0,0,0,0,0,0,0,0,0,0,0,0,0,0,0,1.77133,1.23123,0.0215609,4.39505e-05,0.000338174,0.000159405,5.5983e-05,0.00128226,0.000745898,0,0,0,0,0,0,0,0,0,0,0,0,0,0,0,0,0,0,0,0,0,0,0,0,0,0,0,0,0,0,0,0,0,0,0,0,0,0,0,0,0,0,0,0,0,0,0,0,0,0,0,1,2,0,0,0,0,0,1.2285,-0.2647,2.38,0,0,0,0,0,0,0,-0,0,1.49631,0,0,0,0,0,0,0,0,0,0,0,0,0,0,0,0,0,0,0,0,0,0,0,0,0,0,0,0,0,0,0,0,0
10.3,0,0,0,0,0,0,3.04106,2.02289,-2.3584,5.12754e-05,0.000831394,0.000636651,0.0003163,0.00378324,0.00242243,0,0,0,0,0,0,0,0,0,0,0,0,0,0,0,0,0,0,0,0,0,0,0,0,0,0,0,0,0,0,0,0,0,0,0,0,0,0,0,0,1.77133,1.23123,0.0215609,4.39505e-05,0.000338174,0.000159405,5.5983e-05,0.00128226,0.000745898,0,0,0,0,0,0,0,0,0,0,0,0,0,0,0,0,0,0,0,0,0,0,0,0,0,0,0,0,0,0,0,0,0,0,0,0,0,0,0,0,0,0,0,0,0,0,0,0,0,0,0,1,2,0,0,0,0,0,1.2285,-0.2647,2.38,0,0,0,0,0,0,0,-0,0,1.49631,0,0,0,0,0,0,0,0,0,0,0,0,0,0,0,0,0,0,0,0,0,0,0,0,0,0,0,0,0,0,0,0,0
10.35,0,0,0,0,0,0,3.04103,2.02283,-2.35816,-0.000324757,-0.000616549,0.00237263,-0.00120526,-0.00280715,0.00877515,0,0,0,0,0,0,0,0,0,0,0,0,0,0,0,0,0,0,0,0,0,0,0,0,0,0,0,0,0,0,0,0,0,0,0,0,0,0,0,0,1.77134,1.23123,0.0216229,0.000108659,-2.1976e-05,0.000620299,0.000346866,-0.000418561,0.00236459,0,0,0,0,0,0,0,0,0,0,0,0,0,0,0,0,0,0,0,0,0,0,0,0,0,0,0,0,0,0,0,0,0,0,0,0,0,0,0,0,0,0,0,0,0,0,0,0,0,0,0,1,2,0,0,0,0,0,1.2149,-0.2783,2.3665,0,0,0,0,0,0,0,-0,0,1.49625,0,0,0,0,0,0,0,0,0,0,0,0,0,0,0,0,0,0,0,0,0,0,0,0,0,0,0,0,0,0,0,0,0
10.4,0,0,0,0,0,0,3.04103,2.02283,-2.35816,-0.000324757,-0.000616549,0.00237263,-0.00120526,-0.00280715,0.00877515,0,0,0,0,0,0,0,0,0,0,0,0,0,0,0,0,0,0,0,0,0,0,0,0,0,0,0,0,0,0,0,0,0,0,0,0,0,0,0,0,1.77134,1.23123,0.0216229,0.000108659,-2.1976e-05,0.000620299,0.000346866,-0.000418561,0.00236459,0,0,0,0,0,0,0,0,0,0,0,0,0,0,0,0,0,0,0,0,0,0,0,0,0,0,0,0,0,0,0,0,0,0,0,0,0,0,0,0,0,0,0,0,0,0,0,0,0,0,0,1,2,0,0,0,0,0,1.2149,-0.2783,2.3665,0,0,0,0,0,0,0,-0,0,1.49625,0,0,0,0,0,0,0,0,0,0,0,0,0,0,0,0,0,0,0,0,0,0,0,0,0,0,0,0,0,0,0,0,0
10.45,0,0,0,0,0,0,3.04106,2.02295,-2.35843,0.000322274,0.00121341,-0.00263936,0.00165561,0.0047342,-0.013897,0,0,0,0,0,0,0,0,0,0,0,0,0,0,0,0,0,0,0,0,0,0,0,0,0,0,0,0,0,0,0,0,0,0,0,0,0,0,0,0,1.77133,1.23125,0.0215241,-3.41805e-05,0.000201421,-0.000987989,-0.000323071,0.000411067,-0.00478721,0,0,0,0,0,0,0,0,0,0,0,0,0,0,0,0,0,0,0,0,0,0,0,0,0,0,0,0,0,0,0,0,0,0,0,0,0,0,0,0,0,0,0,0,0,0,0,0,0,0,0,1,2,0,0,0,0,0,1.2149,-0.2783,2.3665,0,0,0,0,0,0,0,-0,0,1.49633,0,0,0,0,0,0,0,0,0,0,0,0,0,0,0,0,0,0,0,0,0,0,0,0,0,0,0,0,0,0,0,0,0
10.5,0,0,0,0,0,0,3.04106,2.02295,-2.35843,0.000322274,0.00121341,-0.00263936,0.00165561,0.0047342,-0.013897,0,0,0,0,0,0,0,0,0,0,0,0,0,0,0,0,0,0,0,0,0,0,0,0,0,0,0,0,0,0,0,0,0,0,0,0,0,0,0,0,1.77133,1.23125,0.0215241,-3.41805e-05,0.000201421,-0.000987989,-0.000323071,0.000411067,-0.00478721,0,0,0,0,0,0,0,0,0,0,0,0,0,0,0,0,0,0,0,0,0,0,0,0,0,0,0,0,0,0,0,0,0,0,0,0,0,0,0,0,0,0,0,0,0,0,0,0,0,0,0,1,2,0,0,0,0,0,1.2149,-0.2783,2.3665,0,0,0,0,0,0,0,-0,0,1.49633,0,0,0,0,0,0,0,0,0,0,0,0,0,0,0,0,0,0,0,0,0,0,0,0,0,0,0,0,0,0,0,0,0
10.55,0,0,0,0,0,0,3.04106,2.023,-2.35836,-3.41787e-05,0.000472398,0.000686626,-4.2975e-05,0.000902423,0.0018768,0,0,0,0,0,0,0,0,0,0,0,0,0,0,0,0,0,0,0,0,0,0,0,0,0,0,0,0,0,0,0,0,0,0,0,0,0,0,0,0,1.77135,1.23127,0.0215121,0.000142818,0.000223382,-0.000119578,0.00042258,0.000446859,-0.000372473,0,0,0,0,0,0,0,0,0,0,0,0,0,0,0,0,0,0,0,0,0,0,0,0,0,0,0,0,0,0,0,0,0,0,0,0,0,0,0,0,0,0,0,0,0,0,0,0,0,0,0,1,2,0,0,0,0,0,1.2284,-0.2647,2.3799,0,0,0,0,0,0,0,-0,0,1.49633,0,0,0,0,0,0,0,0,0,0,0,0,0,0,0,0,0,0,0,0,0,0,0,0,0,0,0,0,0,0,0,0,0
10.6,0,0,0,0,0,0,3.04106,2.023,-2.35836,-3.41787e-05,0.000472398,0.000686626,-4.2975e-05,0.000902423,0.0018768,0,0,0,0,0,0,0,0,0,0,0,0,0,0,0,0,0,0,0,0,0,0,0,0,0,0,0,0,0,0,0,0,0,0,0,0,0,0,0,0,1.77135,1.23127,0.0215121,0.000142818,0.000223382,-0.000119578,0.00042258,0.000446859,-0.000372473,0,0,0,0,0,0,0,0,0,0,0,0,0,0,0,0,0,0,0,0,0,0,0,0,0,0,0,0,0,0,0,0,0,0,0,0,0,0,0,0,0,0,0,0,0,0,0,0,0,0,0,1,2,0,0,0,0,0,1.2284,-0.2647,2.3799,0,0,0,0,0,0,0,-0,0,1.49633,0,0,0,0,0,0,0,0,0,0,0,0,0,0,0,0,0,0,0,0,0,0,0,0,0,0,0,0,0,0,0,0,0
10.65,0,0,0,0,0,0,3.04106,2.02309,-2.35828,2.93084e-05,0.000885359,0.000737004,-2.02141e-06,0.00167297,0.00346282,0,0,0,0,0,0,0,0,0,0,0,0,0,0,0,0,0,0,0,0,0,0,0,0,0,0,0,0,0,0,0,0,0,0,0,0,0,0,0,0,1.77138,1.23131,0.021587,0.000338269,0.000424973,0.000749378,0.00113551,0.0010785,0.00384585,0,0,0,0,0,0,0,0,0,0,0,0,0,0,0,0,0,0,0,0,0,0,0,0,0,0,0,0,0,0,0,0,0,0,0,0,0,0,0,0,0,0,0,0,0,0,0,0,0,0,0,1,2,0,0,0,0,0,1.2284,-0.2647,2.3799,0,0,0,0,0,0,0,-0,0,1.49633,0,0,0,0,0,0,0,0,0,0,0,0,0,0,0,0,0,0,0,0,0,0,0,0,0,0,0,0,0,0,0,0,0
10.7,0,0,0,0,0,0,3.04106,2.02309,-2.35828,2.93084e-05,0.000885359,0.000737004,-2.02141e-06,0.00167297,0.00346282,0,0,0,0,0,0,0,0,0,0,0,0,0,0,0,0,0,0,0,0,0,0,0,0,0,0,0,0,0,0,0,0,0,0,0,0,0,0,0,0,1.77138,1.23131,0.021587,0.000338269,0.000424973,0.000749378,0.00113551,0.0010785,0.00384585,0,0,0,0,0,0,0,0,0,0,0,0,0,0,0,0,0,0,0,0,0,0,0,0,0,0,0,0,0,0,0,0,0,0,0,0,0,0,0,0,0,0,0,0,0,0,0,0,0,0,0,1,2,0,0,0,0,0,1.2284,-0.2647,2.3799,0,0,0,0,0,0,0,-0,0,1.49633,0,0,0,0,0,0,0,0,0,0,0,0,0,0,0,0,0,0,0,0,0,0,0,0,0,0,0,0,0,0,0,0,0
10.75,0,0,0,0,0,0,3.04109,2.02313,-2.3583,0.000290474,0.000410082,-0.000135874,0.00104795,-0.000789162,-0.00119306,0,0,0,0,0,0,0,0,0,0,0,0,0,0,0,0,0,0,0,0,0,0,0,0,0,0,0,0,0,0,0,0,0,0,0,0,0,0,0,0,1.7714,1.23135,0.0215804,0.00022945,0.00038323,-6.61303e-05,0.000343927,0.000566834,-0.000377545,0,0,0,0,0,0,0,0,0,0,0,0,0,0,0,0,0,0,0,0,0,0,0,0,0,0,0,0,0,0,0,0,0,0,0,0,0,0,0,0,0,0,0,0,0,0,0,0,0,0,0,1,2,0,0,0,0,0,1.2597,-0.2335,2.4112,0,0,0,0,0,0,0,-0,0,1.49633,0,0,0,0,0,0,0,0,0,0,0,0,0,0,0,0,0,0,0,0,0,0,0,0,0,0,0,0,0,0,0,0,0
10.8,0,0,0,0,0,0,3.04109,2.02313,-2.3583,0.000290474,0.000410082,-0.000135874,0.00104795,-0.000789162,-0.00119306,0,0,0,0,0,0,0,0,0,0,0,0,0,0,0,0,0,0,0,0,0,0,0,0,0,0,0,0,0,0,0,0,0,0,0,0,0,0,0,0,1.7714,1.23135,0.0215804,0.00022945,0.00038323,-6.61303e-05,0.000343927,0.000566834,-0.000377545,0,0,0,0,0,0,0,0,0,0,0,0,0,0,0,0,0,0,0,0,0,0,0,0,0,0,0,0,0,0,0,0,0,0,0,0,0,0,0,0,0,0,0,0,0,0,0,0,0,0,0,1,2,0,0,0,0,0,1.2597,-0.2335,2.4112,0,0,0,0,0,0,0,-0,0,1.49633,0,0,0,0,0,0,0,0,0,0,0,0,0,0,0,0,0,0,0,0,0,0,0,0,0,0,0,0,0,0,0,0,0
10.85,0,0,0,0,0,0,3.04113,2.02318,-2.3583,0.000422436,0.000512784,-2.14614e-05,0.00129837,-0.000397434,-0.000889552,0,0,0,0,0,0,0,0,0,0,0,0,0,0,0,0,0,0,0,0,0,0,0,0,0,0,0,0,0,0,0,0,0,0,0,0,0,0,0,0,1.77144,1.23138,0.0215858,0.000322322,0.000290578,5.38026e-05,0.000470125,-9.9602e-05,-0.000319315,0,0,0,0,0,0,0,0,0,0,0,0,0,0,0,0,0,0,0,0,0,0,0,0,0,0,0,0,0,0,0,0,0,0,0,0,0,0,0,0,0,0,0,0,0,0,0,0,0,0,0,1,2,0,0,0,0,0,1.2597,-0.2335,2.4112,0,0,0,0,0,0,0,-0,0,1.49635,0,0,0,0,0,0,0,0,0,0,0,0,0,0,0,0,0,0,0,0,0,0,0,0,0,0,0,0,0,0,0,0,0
10.9,0,0,0,0,0,0,3.04113,2.02318,-2.3583,0.000422436,0.000512784,-2.14614e-05,0.00129837,-0.000397434,-0.000889552,0,0,0,0,0,0,0,0,0,0,0,0,0,0,0,0,0,0,0,0,0,0,0,0,0,0,0,0,0,0,0,0,0,0,0,0,0,0,0,0,1.77144,1.23138,0.0215858,0.000322322,0.000290578,5.38026e-05,0.000470125,-9.9602e-05,-0.000319315,0,0,0,0,0,0,0,0,0,0,0,0,0,0,0,0,0,0,0,0,0,0,0,0,0,0,0,0,0,0,0,0,0,0,0,0,0,0,0,0,0,0,0,0,0,0,0,0,0,0,0,1,2,0,0,0,0,0,1.2597,-0.2335,2.4112,0,0,0,0,0,0,0,-0,0,1.49635,0,0,0,0,0,0,0,0,0,0,0,0,0,0,0,0,0,0,0,0,0,0,0,0,0,0,0,0,0,0,0,0,0
10.95,0,0,0,0,0,0,3.04118,2.02324,-2.35829,0.000493218,0.000645822,6.91489e-05,0.00109654,0.000346238,-0.000131021,0,0,0,0,0,0,0,0,0,0,0,0,0,0,0,0,0,0,0,0,0,0,0,0,0,0,0,0,0,0,0,0,0,0,0,0,0,0,0,0,1.77148,1.23142,0.0216289,0.000455371,0.000413863,0.000430727,0.00083117,0.000342798,0.00132226,0,0,0,0,0,0,0,0,0,0,0,0,0,0,0,0,0,0,0,0,0,0,0,0,0,0,0,0,0,0,0,0,0,0,0,0,0,0,0,0,0,0,0,0,0,0,0,0,0,0,0,1,2,0,0,0,0,0,1.1497,-0.3435,2.3012,0,0,0,0,0,0,0,-0,0,1.49637,0,0,0,0,0,0,0,0,0,0,0,0,0,0,0,0,0,0,0,0,0,0,0,0,0,0,0,0,0,0,0,0,0
11,0,0,0,0,0,0,3.04118,2.02324,-2.35829,0.000493218,0.000645822,6.91489e-05,0.00109654,0.000346238,-0.000131021,0,0,0,0,0,0,0,0,0,0,0,0,0,0,0,0,0,0,0,0,0,0,0,0,0,0,0,0,0,0,0,0,0,0,0,0,0,0,0,0,1.77148,1.23142,0.0216289,0.000455371,0.000413863,0.000430727,0.00083117,0.000342798,0.00132226,0,0,0,0,0,0,0,0,0,0,0,0,0,0,0,0,0,0,0,0,0,0,0,0,0,0,0,0,0,0,0,0,0,0,0,0,0,0,0,0,0,0,0,0,0,0,0,0,0,0,0,1,2,0,0,0,0,0,1.1497,-0.3435,2.3012,0,0,0,0,0,0,0,-0,0,1.49637,0,0,0,0,0,0,0,0,0,0,0,0,0,0,0,0,0,0,0,0,0,0,0,0,0,0,0,0,0,0,0,0,0
11.05,0,0,0,0,0,0,3.04125,2.02331,-2.35833,0.000676256,0.000631091,-0.000383846,0.00136253,0.000249769,-0.00178605,0,0,0,0,0,0,0,0,0,0,0,0,0,0,0,0,0,0,0,0,0,0,0,0,0,0,0,0,0,0,0,0,0,0,0,0,0,0,0,0,1.77152,1.23147,0.021607,0.000423576,0.000493154,-0.00021826,0.000420948,0.00058259,-0.00157699,0,0,0,0,0,0,0,0,0,0,0,0,0,0,0,0,0,0,0,0,0,0,0,0,0,0,0,0,0,0,0,0,0,0,0,0,0,0,0,0,0,0,0,0,0,0,0,0,0,0,0,1,2,0,0,0,0,0,1.1497,-0.3435,2.3012,0,0,0,0,0,0,0,-0,0,1.4964,0,0,0,0,0,0,0,0,0,0,0,0,0,0,0,0,0,0,0,0,0,0,0,0,0,0,0,0,0,0,0,0,0
11.1,0,0,0,0,0,0,3.04125,2.02331,-2.35833,0.000676256,0.000631091,-0.000383846,0.00136253,0.000249769,-0.00178605,0,0,0,0,0,0,0,0,0,0,0,0,0,0,0,0,0,0,0,0,0,0,0,0,0,0,0,0,0,0,0,0,0,0,0,0,0,0,0,0,1.77152,1.23147,0.021607,0.000423576,0.000493154,-0.00021826,0.000420948,0.00058259,-0.00157699,0,0,0,0,0,0,0,0,0,0,0,0,0,0,0,0,0,0,0,0,0,0,0,0,0,0,0,0,0,0,0,0,0,0,0,0,0,0,0,0,0,0,0,0,0,0,0,0,0,0,0,1,2,0,0,0,0,0,1.1497,-0.3435,2.3012,0,0,0,0,0,0,0,-0,0,1.4964,0,0,0,0,0,0,0,0,0,0,0,0,0,0,0,0,0,0,0,0,0,0,0,0,0,0,0,0,0,0,0,0,0
11.15,0,0,0,0,0,0,3.04131,2.02335,-2.35826,0.000656708,0.000389386,0.000655621,0.000775891,-0.000828981,0.00285714,0,0,0,0,0,0,0,0,0,0,0,0,0,0,0,0,0,0,0,0,0,0,0,0,0,0,0,0,0,0,0,0,0,0,0,0,0,0,0,0,1.77158,1.23152,0.0216044,0.00051267,0.000543186,-2.66718e-05,0.00055317,0.000582111,-0.000573714,0,0,0,0,0,0,0,0,0,0,0,0,0,0,0,0,0,0,0,0,0,0,0,0,0,0,0,0,0,0,0,0,0,0,0,0,0,0,0,0,0,0,0,0,0,0,0,0,0,0,0,1,2,0,0,0,0,0,1.2284,-0.2647,2.3799,0,0,0,0,0,0,0,-0,0,1.4964,0,0,0,0,0,0,0,0,0,0,0,0,0,0,0,0,0,0,0,0,0,0,0,0,0,0,0,0,0,0,0,0,0
11.2,0,0,0,0,0,0,3.04131,2.02335,-2.35826,0.000656708,0.000389386,0.000655621,0.000775891,-0.000828981,0.00285714,0,0,0,0,0,0,0,0,0,0,0,0,0,0,0,0,0,0,0,0,0,0,0,0,0,0,0,0,0,0,0,0,0,0,0,0,0,0,0,0,1.77158,1.23152,0.0216044,0.00051267,0.000543186,-2.66718e-05,0.00055317,0.000582111,-0.000573714,0,0,0,0,0,0,0,0,0,0,0,0,0,0,0,0,0,0,0,0,0,0,0,0,0,0,0,0,0,0,0,0,0,0,0,0,0,0,0,0,0,0,0,0,0,0,0,0,0,0,0,1,2,0,0,0,0,0,1.2284,-0.2647,2.3799,0,0,0,0,0,0,0,-0,0,1.4964,0,0,0,0,0,0,0,0,0,0,0,0,0,0,0,0,0,0,0,0,0,0,0,0,0,0,0,0,0,0,0,0,0
11.25,0,0,0,0,0,0,3.0414,2.02341,-2.35825,0.000864443,0.00064589,0.000145466,0.00121628,0.00038099,0.000305331,0,0,0,0,0,0,0,0,0,0,0,0,0,0,0,0,0,0,0,0,0,0,0,0,0,0,0,0,0,0,0,0,0,0,0,0,0,0,0,0,1.77164,1.23157,0.0216445,0.000683742,0.000500597,0.000401524,0.00103338,0.00017908,0.00150221,0,0,0,0,0,0,0,0,0,0,0,0,0,0,0,0,0,0,0,0,0,0,0,0,0,0,0,0,0,0,0,0,0,0,0,0,0,0,0,0,0,0,0,0,0,0,0,0,0,0,0,1,2,0,0,0,0,0,1.2284,-0.2647,2.3799,0,0,0,0,0,0,0,-0,0,1.49642,0,0,0,0,0,0,0,0,0,0,0,0,0,0,0,0,0,0,0,0,0,0,0,0,0,0,0,0,0,0,0,0,0
11.3,0,0,0,0,0,0,3.0414,2.02341,-2.35825,0.000864443,0.00064589,0.000145466,0.00121628,0.00038099,0.000305331,0,0,0,0,0,0,0,0,0,0,0,0,0,0,0,0,0,0,0,0,0,0,0,0,0,0,0,0,0,0,0,0,0,0,0,0,0,0,0,0,1.77164,1.23157,0.0216445,0.000683742,0.000500597,0.000401524,0.00103338,0.00017908,0.00150221,0,0,0,0,0,0,0,0,0,0,0,0,0,0,0,0,0,0,0,0,0,0,0,0,0,0,0,0,0,0,0,0,0,0,0,0,0,0,0,0,0,0,0,0,0,0,0,0,0,0,0,1,2,0,0,0,0,0,1.2284,-0.2647,2.3799,0,0,0,0,0,0,0,-0,0,1.49642,0,0,0,0,0,0,0,0,0,0,0,0,0,0,0,0,0,0,0,0,0,0,0,0,0,0,0,0,0,0,0,0,0
11.35,0,0,0,0,0,0,3.0415,2.02347,-2.35827,0.000961928,0.000565194,-0.000238422,0.00117999,7.04795e-05,-0.00169585,0,0,0,0,0,0,0,0,0,0,0,0,0,0,0,0,0,0,0,0,0,0,0,0,0,0,0,0,0,0,0,0,0,0,0,0,0,0,0,0,1.77171,1.23163,0.0216652,0.000671398,0.000577402,0.000207037,0.000636592,0.000360195,0.000406073,0,0,0,0,0,0,0,0,0,0,0,0,0,0,0,0,0,0,0,0,0,0,0,0,0,0,0,0,0,0,0,0,0,0,0,0,0,0,0,0,0,0,0,0,0,0,0,0,0,0,0,1,2,0,0,0,0,0,1.2284,-0.2649,2.3799,0,0,0,0,0,0,0,-0,0,1.49645,0,0,0,0,0,0,0,0,0,0,0,0,0,0,0,0,0,0,0,0,0,0,0,0,0,0,0,0,0,0,0,0,0
11.4,0,0,0,0,0,0,3.0415,2.02347,-2.35827,0.000961928,0.000565194,-0.000238422,0.00117999,7.04795e-05,-0.00169585,0,0,0,0,0,0,0,0,0,0,0,0,0,0,0,0,0,0,0,0,0,0,0,0,0,0,0,0,0,0,0,0,0,0,0,0,0,0,0,0,1.77171,1.23163,0.0216652,0.000671398,0.000577402,0.000207037,0.000636592,0.000360195,0.000406073,0,0,0,0,0,0,0,0,0,0,0,0,0,0,0,0,0,0,0,0,0,0,0,0,0,0,0,0,0,0,0,0,0,0,0,0,0,0,0,0,0,0,0,0,0,0,0,0,0,0,0,1,2,0,0,0,0,0,1.2284,-0.2649,2.3799,0,0,0,0,0,0,0,-0,0,1.49645,0,0,0,0,0,0,0,0,0,0,0,0,0,0,0,0,0,0,0,0,0,0,0,0,0,0,0,0,0,0,0,0,0
11.45,0,0,0,0,0,0,3.0416,2.02353,-2.35825,0.00104493,0.000661626,0.000264646,0.001035,0.000385445,0.000720998,0,0,0,0,0,0,0,0,0,0,0,0,0,0,0,0,0,0,0,0,0,0,0,0,0,0,0,0,0,0,0,0,0,0,0,0,0,0,0,0,1.77179,1.23169,0.0217076,0.000769046,0.000601809,0.000423642,0.000718535,0.000338178,0.000960884,0,0,0,0,0,0,0,0,0,0,0,0,0,0,0,0,0,0,0,0,0,0,0,0,0,0,0,0,0,0,0,0,0,0,0,0,0,0,0,0,0,0,0,0,0,0,0,0,0,0,0,1,2,0,0,0,0,0,1.2284,-0.2649,2.3799,0,0,0,0,0,0,0,-0,0,1.49648,0,0,0,0,0,0,0,0,0,0,0,0,0,0,0,0,0,0,0,0,0,0,0,0,0,0,0,0,0,0,0,0,0
11.5,0,0,0,0,0,0,3.0416,2.02353,-2.35825,0.00104493,0.000661626,0.000264646,0.001035,0.000385445,0.000720998,0,0,0,0,0,0,0,0,0,0,0,0,0,0,0,0,0,0,0,0,0,0,0,0,0,0,0,0,0,0,0,0,0,0,0,0,0,0,0,0,1.77179,1.23169,0.0217076,0.000769046,0.000601809,0.000423642,0.000718535,0.000338178,0.000960884,0,0,0,0,0,0,0,0,0,0,0,0,0,0,0,0,0,0,0,0,0,0,0,0,0,0,0,0,0,0,0,0,0,0,0,0,0,0,0,0,0,0,0,0,0,0,0,0,0,0,0,1,2,0,0,0,0,0,1.2284,-0.2649,2.3799,0,0,0,0,0,0,0,-0,0,1.49648,0,0,0,0,0,0,0,0,0,0,0,0,0,0,0,0,0,0,0,0,0,0,0,0,0,0,0,0,0,0,0,0,0
11.55,0,0,0,0,0,0,3.0416,2.02353,-2.35825,0.00104493,0.000661626,0.000264646,0.001035,0.000385445,0.000720998,0,0,0,0,0,0,0,0,0,0,0,0,0,0,0,0,0,0,0,0,0,0,0,0,0,0,0,0,0,0,0,0,0,0,0,0,0,0,0,0,1.77179,1.23169,0.0217076,0.000769046,0.000601809,0.000423642,0.000718535,0.000338178,0.000960884,0,0,0,0,0,0,0,0,0,0,0,0,0,0,0,0,0,0,0,0,0,0,0,0,0,0,0,0,0,0,0,0,0,0,0,0,0,0,0,0,0,0,0,0,0,0,0,0,0,0,0,1,2,0,0,0,0,0,1.2286,-0.2649,2.3799,0,0,0,0,0,0,0,-0,0,1.49648,0,0,0,0,0,0,0,0,0,0,0,0,0,0,0,0,0,0,0,0,0,0,0,0,0,0,0,0,0,0,0,0,0
11.6,0,0,0,0,0,0,3.04172,2.02363,-2.35827,0.0012112,0.000943805,-0.000236085,0.0012659,0.00140137,-0.00124077,0,0,0,0,0,0,0,0,0,0,0,0,0,0,0,0,0,0,0,0,0,0,0,0,0,0,0,0,0,0,0,0,0,0,0,0,0,0,0,0,1.77186,1.23177,0.0217115,0.000710601,0.000742346,3.94592e-05,0.000208791,0.000761436,-0.000883106,0,0,0,0,0,0,0,0,0,0,0,0,0,0,0,0,0,0,0,0,0,0,0,0,0,0,0,0,0,0,0,0,0,0,0,0,0,0,0,0,0,0,0,0,0,0,0,0,0,0,0,1,2,0,0,0,0,0,1.2286,-0.2649,2.3799,0,0,0,0,0,0,0,-0,0,1.49653,0,0,0,0,0,0,0,0,0,0,0,0,0,0,0,0,0,0,0,0,0,0,0,0,0,0,0,0,0,0,0,0,0
11.65,0,0,0,0,0,0,3.04184,2.0237,-2.35824,0.00121603,0.000727666,0.000305229,0.000811146,0.000115712,0.00115223,0,0,0,0,0,0,0,0,0,0,0,0,0,0,0,0,0,0,0,0,0,0,0,0,0,0,0,0,0,0,0,0,0,0,0,0,0,0,0,0,1.77194,1.23185,0.0217485,0.000852201,0.000816794,0.000369819,0.000622404,0.000812237,0.000540137,0,0,0,0,0,0,0,0,0,0,0,0,0,0,0,0,0,0,0,0,0,0,0,0,0,0,0,0,0,0,0,0,0,0,0,0,0,0,0,0,0,0,0,0,0,0,0,0,0,0,0,1,2,0,0,0,0,0,1.2286,-0.2649,2.3799,0,0,0,0,0,0,0,-0,0,1.49655,0,0,0,0,0,0,0,0,0,0,0,0,0,0,0,0,0,0,0,0,0,0,0,0,0,0,0,0,0,0,0,0,0
11.7,0,0,0,0,0,0,3.04184,2.0237,-2.35824,0.00121603,0.000727666,0.000305229,0.000811146,0.000115712,0.00115223,0,0,0,0,0,0,0,0,0,0,0,0,0,0,0,0,0,0,0,0,0,0,0,0,0,0,0,0,0,0,0,0,0,0,0,0,0,0,0,0,1.77194,1.23185,0.0217485,0.000852201,0.000816794,0.000369819,0.000622404,0.000812237,0.000540137,0,0,0,0,0,0,0,0,0,0,0,0,0,0,0,0,0,0,0,0,0,0,0,0,0,0,0,0,0,0,0,0,0,0,0,0,0,0,0,0,0,0,0,0,0,0,0,0,0,0,0,1,2,0,0,0,0,0,1.2286,-0.2649,2.3799,0,0,0,0,0,0,0,-0,0,1.49655,0,0,0,0,0,0,0,0,0,0,0,0,0,0,0,0,0,0,0,0,0,0,0,0,0,0,0,0,0,0,0,0,0
11.75,0,0,0,0,0,0,3.04199,2.02375,-2.35823,0.00145016,0.000509021,0.000102518,0.00136129,-0.000978078,0.000205937,0,0,0,0,0,0,0,0,0,0,0,0,0,0,0,0,0,0,0,0,0,0,0,0,0,0,0,0,0,0,0,0,0,0,0,0,0,0,0,0,1.77203,1.23191,0.0217624,0.000820294,0.000660385,0.000138801,0.000302426,-0.000130193,-0.000405991,0,0,0,0,0,0,0,0,0,0,0,0,0,0,0,0,0,0,0,0,0,0,0,0,0,0,0,0,0,0,0,0,0,0,0,0,0,0,0,0,0,0,0,0,0,0,0,0,0,0,0,1,2,0,0,0,0,0,1.2285,-0.265,2.38,0,0,0,0,0,0,0,-0,0,1.4966,0,0,0,0,0,0,0,0,0,0,0,0,0,0,0,0,0,0,0,0,0,0,0,0,0,0,0,0,0,0,0,0,0
11.8,0,0,0,0,0,0,3.04199,2.02375,-2.35823,0.00145016,0.000509021,0.000102518,0.00136129,-0.000978078,0.000205937,0,0,0,0,0,0,0,0,0,0,0,0,0,0,0,0,0,0,0,0,0,0,0,0,0,0,0,0,0,0,0,0,0,0,0,0,0,0,0,0,1.77203,1.23191,0.0217624,0.000820294,0.000660385,0.000138801,0.000302426,-0.000130193,-0.000405991,0,0,0,0,0,0,0,0,0,0,0,0,0,0,0,0,0,0,0,0,0,0,0,0,0,0,0,0,0,0,0,0,0,0,0,0,0,0,0,0,0,0,0,0,0,0,0,0,0,0,0,1,2,0,0,0,0,0,1.2285,-0.265,2.38,0,0,0,0,0,0,0,-0,0,1.4966,0,0,0,0,0,0,0,0,0,0,0,0,0,0,0,0,0,0,0,0,0,0,0,0,0,0,0,0,0,0,0,0,0
11.85,0,0,0,0,0,0,3.04215,2.02383,-2.35825,0.0015822,0.000733719,-0.00018837,0.00141881,0.00016223,-0.00116679,0,0,0,0,0,0,0,0,0,0,0,0,0,0,0,0,0,0,0,0,0,0,0,0,0,0,0,0,0,0,0,0,0,0,0,0,0,0,0,0,1.77212,1.23199,0.0217741,0.000937598,0.00077889,0.000117676,0.000606631,0.000267463,-0.000456335,0,0,0,0,0,0,0,0,0,0,0,0,0,0,0,0,0,0,0,0,0,0,0,0,0,0,0,0,0,0,0,0,0,0,0,0,0,0,0,0,0,0,0,0,0,0,0,0,0,0,0,1,2,0,0,0,0,0,1.2285,-0.265,2.38,0,0,0,0,0,0,0,-0,0,1.49665,0,0,0,0,0,0,0,0,0,0,0,0,0,0,0,0,0,0,0,0,0,0,0,0,0,0,0,0,0,0,0,0,0
11.9,0,0,0,0,0,0,3.04215,2.02383,-2.35825,0.0015822,0.000733719,-0.00018837,0.00141881,0.00016223,-0.00116679,0,0,0,0,0,0,0,0,0,0,0,0,0,0,0,0,0,0,0,0,0,0,0,0,0,0,0,0,0,0,0,0,0,0,0,0,0,0,0,0,1.77212,1.23199,0.0217741,0.000937598,0.00077889,0.000117676,0.000606631,0.000267463,-0.000456335,0,0,0,0,0,0,0,0,0,0,0,0,0,0,0,0,0,0,0,0,0,0,0,0,0,0,0,0,0,0,0,0,0,0,0,0,0,0,0,0,0,0,0,0,0,0,0,0,0,0,0,1,2,0,0,0,0,0,1.2285,-0.265,2.38,0,0,0,0,0,0,0,-0,0,1.49665,0,0,0,0,0,0,0,0,0,0,0,0,0,0,0,0,0,0,0,0,0,0,0,0,0,0,0,0,0,0,0,0,0
11.95,0,0,0,0,0,0,3.04231,2.02391,-2.35822,0.00165525,0.000816641,0.000314709,0.00115212,0.000583306,0.00112377,0,0,0,0,0,0,0,0,0,0,0,0,0,0,0,0,0,0,0,0,0,0,0,0,0,0,0,0,0,0,0,0,0,0,0,0,0,0,0,0,1.77221,1.23208,0.0218003,0.00094115,0.00088744,0.00026127,0.000419913,0.000648407,0.000292997,0,0,0,0,0,0,0,0,0,0,0,0,0,0,0,0,0,0,0,0,0,0,0,0,0,0,0,0,0,0,0,0,0,0,0,0,0,0,0,0,0,0,0,0,0,0,0,0,0,0,0,1,2,0,0,0,0,0,1.2286,-0.2651,2.38,0,0,0,0,0,0,0,-0,0,1.49671,0,0,0,0,0,0,0,0,0,0,0,0,0,0,0,0,0,0,0,0,0,0,0,0,0,0,0,0,0,0,0,0,0
12,0,0,0,0,0,0,3.04231,2.02391,-2.35822,0.00165525,0.000816641,0.000314709,0.00115212,0.000583306,0.00112377,0,0,0,0,0,0,0,0,0,0,0,0,0,0,0,0,0,0,0,0,0,0,0,0,0,0,0,0,0,0,0,0,0,0,0,0,0,0,0,0,1.77221,1.23208,0.0218003,0.00094115,0.00088744,0.00026127,0.000419913,0.000648407,0.000292997,0,0,0,0,0,0,0,0,0,0,0,0,0,0,0,0,0,0,0,0,0,0,0,0,0,0,0,0,0,0,0,0,0,0,0,0,0,0,0,0,0,0,0,0,0,0,0,0,0,0,0,1,2,0,0,0,0,0,1.2286,-0.2651,2.38,0,0,0,0,0,0,0,-0,0,1.49671,0,0,0,0,0,0,0,0,0,0,0,0,0,0,0,0,0,0,0,0,0,0,0,0,0,0,0,0,0,0,0,0,0
12.05,0,0,0,0,0,0,3.04244,2.02396,-2.35791,0.00131832,0.000535871,0.00307788,-0.000690877,-0.000714773,0.0120258,0,0,0,0,0,0,0,0,0,0,0,0,0,0,0,0,0,0,0,0,0,0,0,0,0,0,0,0,0,0,0,0,0,0,0,0,0,0,0,0,1.77233,1.23218,0.0218782,0.00114254,0.00100216,0.000779341,0.00103144,0.00089918,0.00234742,0,0,0,0,0,0,0,0,0,0,0,0,0,0,0,0,0,0,0,0,0,0,0,0,0,0,0,0,0,0,0,0,0,0,0,0,0,0,0,0,0,0,0,0,0,0,0,0,0,0,0,1,2,0,0,0,0,0,1.2286,-0.2651,2.38,0,0,0,0,0,0,0,-0,0,1.4967,0,0,0,0,0,0,0,0,0,0,0,0,0,0,0,0,0,0,0,0,0,0,0,0,0,0,0,0,0,0,0,0,0
12.1,0,0,0,0,0,0,3.04244,2.02396,-2.35791,0.00131832,0.000535871,0.00307788,-0.000690877,-0.000714773,0.0120258,0,0,0,0,0,0,0,0,0,0,0,0,0,0,0,0,0,0,0,0,0,0,0,0,0,0,0,0,0,0,0,0,0,0,0,0,0,0,0,0,1.77233,1.23218,0.0218782,0.00114254,0.00100216,0.000779341,0.00103144,0.00089918,0.00234742,0,0,0,0,0,0,0,0,0,0,0,0,0,0,0,0,0,0,0,0,0,0,0,0,0,0,0,0,0,0,0,0,0,0,0,0,0,0,0,0,0,0,0,0,0,0,0,0,0,0,0,1,2,0,0,0,0,0,1.2286,-0.2651,2.38,0,0,0,0,0,0,0,-0,0,1.4967,0,0,0,0,0,0,0,0,0,0,0,0,0,0,0,0,0,0,0,0,0,0,0,0,0,0,0,0,0,0,0,0,0
12.15,0,0,0,0,0,0,3.04267,2.02411,-2.3582,0.00228571,0.00145788,-0.00289749,0.00320054,0.00307888,-0.01518,0,0,0,0,0,0,0,0,0,0,0,0,0,0,0,0,0,0,0,0,0,0,0,0,0,0,0,0,0,0,0,0,0,0,0,0,0,0,0,0,1.77242,1.23227,0.021832,0.000936509,0.000858365,-0.000462683,-0.000121574,-1.10429e-06,-0.00327537,0,0,0,0,0,0,0,0,0,0,0,0,0,0,0,0,0,0,0,0,0,0,0,0,0,0,0,0,0,0,0,0,0,0,0,0,0,0,0,0,0,0,0,0,0,0,0,0,0,0,0,1,2,0,0,0,0,0,1.2285,-0.2657,2.3797,0,0,0,0,0,0,0,-0,0,1.49685,0,0,0,0,0,0,0,0,0,0,0,0,0,0,0,0,0,0,0,0,0,0,0,0,0,0,0,0,0,0,0,0,0
12.2,0,0,0,0,0,0,3.04267,2.02411,-2.3582,0.00228571,0.00145788,-0.00289749,0.00320054,0.00307888,-0.01518,0,0,0,0,0,0,0,0,0,0,0,0,0,0,0,0,0,0,0,0,0,0,0,0,0,0,0,0,0,0,0,0,0,0,0,0,0,0,0,0,1.77242,1.23227,0.021832,0.000936509,0.000858365,-0.000462683,-0.000121574,-1.10429e-06,-0.00327537,0,0,0,0,0,0,0,0,0,0,0,0,0,0,0,0,0,0,0,0,0,0,0,0,0,0,0,0,0,0,0,0,0,0,0,0,0,0,0,0,0,0,0,0,0,0,0,0,0,0,0,1,2,0,0,0,0,0,1.2285,-0.2657,2.3797,0,0,0,0,0,0,0,-0,0,1.49685,0,0,0,0,0,0,0,0,0,0,0,0,0,0,0,0,0,0,0,0,0,0,0,0,0,0,0,0,0,0,0,0,0
12.25,0,0,0,0,0,0,3.04287,2.02418,-2.35819,0.00197258,0.000710423,8.58275e-05,0.00119893,-0.000623436,-0.000878188,0,0,0,0,0,0,0,0,0,0,0,0,0,0,0,0,0,0,0,0,0,0,0,0,0,0,0,0,0,0,0,0,0,0,0,0,0,0,0,0,1.77254,1.23236,0.021829,0.00116451,0.000976526,-2.92052e-05,0.000682701,0.000350295,-0.000995925,0,0,0,0,0,0,0,0,0,0,0,0,0,0,0,0,0,0,0,0,0,0,0,0,0,0,0,0,0,0,0,0,0,0,0,0,0,0,0,0,0,0,0,0,0,0,0,0,0,0,0,1,2,0,0,0,0,0,1.2285,-0.2657,2.3797,0,0,0,0,0,0,0,-0,0,1.4969,0,0,0,0,0,0,0,0,0,0,0,0,0,0,0,0,0,0,0,0,0,0,0,0,0,0,0,0,0,0,0,0,0
12.3,0,0,0,0,0,0,3.04287,2.02418,-2.35819,0.00197258,0.000710423,8.58275e-05,0.00119893,-0.000623436,-0.000878188,0,0,0,0,0,0,0,0,0,0,0,0,0,0,0,0,0,0,0,0,0,0,0,0,0,0,0,0,0,0,0,0,0,0,0,0,0,0,0,0,1.77254,1.23236,0.021829,0.00116451,0.000976526,-2.92052e-05,0.000682701,0.000350295,-0.000995925,0,0,0,0,0,0,0,0,0,0,0,0,0,0,0,0,0,0,0,0,0,0,0,0,0,0,0,0,0,0,0,0,0,0,0,0,0,0,0,0,0,0,0,0,0,0,0,0,0,0,0,1,2,0,0,0,0,0,1.2285,-0.2657,2.3797,0,0,0,0,0,0,0,-0,0,1.4969,0,0,0,0,0,0,0,0,0,0,0,0,0,0,0,0,0,0,0,0,0,0,0,0,0,0,0,0,0,0,0,0,0
12.35,0,0,0,0,0,0,3.04308,2.02428,-2.35819,0.00205573,0.00100833,3.33797e-05,0.000780205,0.000314447,0.00119931,0,0,0,0,0,0,0,0,0,0,0,0,0,0,0,0,0,0,0,0,0,0,0,0,0,0,0,0,0,0,0,0,0,0,0,0,0,0,0,0,1.77267,1.23247,0.0218754,0.00126957,0.00101932,0.000463552,0.000938069,0.000428433,0.00167953,0,0,0,0,0,0,0,0,0,0,0,0,0,0,0,0,0,0,0,0,0,0,0,0,0,0,0,0,0,0,0,0,0,0,0,0,0,0,0,0,0,0,0,0,0,0,0,0,0,0,0,1,2,0,0,0,0,0,1.2056,-0.2885,2.3569,0,0,0,0,0,0,0,-0,0,1.49697,0,0,0,0,0,0,0,0,0,0,0,0,0,0,0,0,0,0,0,0,0,0,0,0,0,0,0,0,0,0,0,0,0
12.4,0,0,0,0,0,0,3.04308,2.02428,-2.35819,0.00205573,0.00100833,3.33797e-05,0.000780205,0.000314447,0.00119931,0,0,0,0,0,0,0,0,0,0,0,0,0,0,0,0,0,0,0,0,0,0,0,0,0,0,0,0,0,0,0,0,0,0,0,0,0,0,0,0,1.77267,1.23247,0.0218754,0.00126957,0.00101932,0.000463552,0.000938069,0.000428433,0.00167953,0,0,0,0,0,0,0,0,0,0,0,0,0,0,0,0,0,0,0,0,0,0,0,0,0,0,0,0,0,0,0,0,0,0,0,0,0,0,0,0,0,0,0,0,0,0,0,0,0,0,0,1,2,0,0,0,0,0,1.2056,-0.2885,2.3569,0,0,0,0,0,0,0,-0,0,1.49697,0,0,0,0,0,0,0,0,0,0,0,0,0,0,0,0,0,0,0,0,0,0,0,0,0,0,0,0,0,0,0,0,0
12.45,0,0,0,0,0,0,3.04329,2.02434,-2.35819,0.00213439,0.000578776,7.15457e-06,0.000725631,-0.00140082,0.000896528,0,0,0,0,0,0,0,0,0,0,0,0,0,0,0,0,0,0,0,0,0,0,0,0,0,0,0,0,0,0,0,0,0,0,0,0,0,0,0,0,1.77278,1.23258,0.0218736,0.00118198,0.00112214,-1.7756e-05,0.00024754,0.000678432,-0.000552611,0,0,0,0,0,0,0,0,0,0,0,0,0,0,0,0,0,0,0,0,0,0,0,0,0,0,0,0,0,0,0,0,0,0,0,0,0,0,0,0,0,0,0,0,0,0,0,0,0,0,0,1,2,0,0,0,0,0,1.2056,-0.2885,2.3569,0,0,0,0,0,0,0,-0,0,1.49702,0,0,0,0,0,0,0,0,0,0,0,0,0,0,0,0,0,0,0,0,0,0,0,0,0,0,0,0,0,0,0,0,0
12.5,0,0,0,0,0,0,3.04329,2.02434,-2.35819,0.00213439,0.000578776,7.15457e-06,0.000725631,-0.00140082,0.000896528,0,0,0,0,0,0,0,0,0,0,0,0,0,0,0,0,0,0,0,0,0,0,0,0,0,0,0,0,0,0,0,0,0,0,0,0,0,0,0,0,1.77278,1.23258,0.0218736,0.00118198,0.00112214,-1.7756e-05,0.00024754,0.000678432,-0.000552611,0,0,0,0,0,0,0,0,0,0,0,0,0,0,0,0,0,0,0,0,0,0,0,0,0,0,0,0,0,0,0,0,0,0,0,0,0,0,0,0,0,0,0,0,0,0,0,0,0,0,0,1,2,0,0,0,0,0,1.2056,-0.2885,2.3569,0,0,0,0,0,0,0,-0,0,1.49702,0,0,0,0,0,0,0,0,0,0,0,0,0,0,0,0,0,0,0,0,0,0,0,0,0,0,0,0,0,0,0,0,0
12.55,0,0,0,0,0,0,3.04353,2.02445,-2.35821,0.00241344,0.00112627,-0.000183313,0.0015492,0.00111691,-0.000264121,0,0,0,0,0,0,0,0,0,0,0,0,0,0,0,0,0,0,0,0,0,0,0,0,0,0,0,0,0,0,0,0,0,0,0,0,0,0,0,0,1.77292,1.23269,0.0218993,0.00134202,0.00115065,0.000256854,0.000697992,0.000557995,0.000463773,0,0,0,0,0,0,0,0,0,0,0,0,0,0,0,0,0,0,0,0,0,0,0,0,0,0,0,0,0,0,0,0,0,0,0,0,0,0,0,0,0,0,0,0,0,0,0,0,0,0,0,1,2,0,0,0,0,0,1.2937,-0.2007,2.445,0,0,0,0,0,0,0,-0,0,1.49711,0,0,0,0,0,0,0,0,0,0,0,0,0,0,0,0,0,0,0,0,0,0,0,0,0,0,0,0,0,0,0,0,0
12.6,0,0,0,0,0,0,3.04353,2.02445,-2.35821,0.00241344,0.00112627,-0.000183313,0.0015492,0.00111691,-0.000264121,0,0,0,0,0,0,0,0,0,0,0,0,0,0,0,0,0,0,0,0,0,0,0,0,0,0,0,0,0,0,0,0,0,0,0,0,0,0,0,0,1.77292,1.23269,0.0218993,0.00134202,0.00115065,0.000256854,0.000697992,0.000557995,0.000463773,0,0,0,0,0,0,0,0,0,0,0,0,0,0,0,0,0,0,0,0,0,0,0,0,0,0,0,0,0,0,0,0,0,0,0,0,0,0,0,0,0,0,0,0,0,0,0,0,0,0,0,1,2,0,0,0,0,0,1.2937,-0.2007,2.445,0,0,0,0,0,0,0,-0,0,1.49711,0,0,0,0,0,0,0,0,0,0,0,0,0,0,0,0,0,0,0,0,0,0,0,0,0,0,0,0,0,0,0,0,0
12.65,0,0,0,0,0,0,3.04353,2.02445,-2.35821,0.00241344,0.00112627,-0.000183313,0.0015492,0.00111691,-0.000264121,0,0,0,0,0,0,0,0,0,0,0,0,0,0,0,0,0,0,0,0,0,0,0,0,0,0,0,0,0,0,0,0,0,0,0,0,0,0,0,0,1.77292,1.23269,0.0218993,0.00134202,0.00115065,0.000256854,0.000697992,0.000557995,0.000463773,0,0,0,0,0,0,0,0,0,0,0,0,0,0,0,0,0,0,0,0,0,0,0,0,0,0,0,0,0,0,0,0,0,0,0,0,0,0,0,0,0,0,0,0,0,0,0,0,0,0,0,1,2,0,0,0,0,0,1.2937,-0.2007,2.445,0,0,0,0,0,0,0,-0,0,1.49711,0,0,0,0,0,0,0,0,0,0,0,0,0,0,0,0,0,0,0,0,0,0,0,0,0,0,0,0,0,0,0,0,0
12.7,0,0,0,0,0,0,3.04353,2.02445,-2.35821,0.00241344,0.00112627,-0.000183313,0.0015492,0.00111691,-0.000264121,0,0,0,0,0,0,0,0,0,0,0,0,0,0,0,0,0,0,0,0,0,0,0,0,0,0,0,0,0,0,0,0,0,0,0,0,0,0,0,0,1.77292,1.23269,0.0218993,0.00134202,0.00115065,0.000256854,0.000697992,0.000557995,0.000463773,0,0,0,0,0,0,0,0,0,0,0,0,0,0,0,0,0,0,0,0,0,0,0,0,0,0,0,0,0,0,0,0,0,0,0,0,0,0,0,0,0,0,0,0,0,0,0,0,0,0,0,1,2,0,0,0,0,0,1.2937,-0.2007,2.445,0,0,0,0,0,0,0,-0,0,1.49711,0,0,0,0,0,0,0,0,0,0,0,0,0,0,0,0,0,0,0,0,0,0,0,0,0,0,0,0,0,0,0,0,0
12.75,0,0,0,0,0,0,3.04377,2.02455,-2.35821,0.00244058,0.00105033,-7.6421e-05,0.00113434,0.000700795,0.000112469,0,0,0,0,0,0,0,0,0,0,0,0,0,0,0,0,0,0,0,0,0,0,0,0,0,0,0,0,0,0,0,0,0,0,0,0,0,0,0,0,1.77305,1.2328,0.0219411,0.00130221,0.00110535,0.000418338,0.000312281,0.00013025,0.0010595,0,0,0,0,0,0,0,0,0,0,0,0,0,0,0,0,0,0,0,0,0,0,0,0,0,0,0,0,0,0,0,0,0,0,0,0,0,0,0,0,0,0,0,0,0,0,0,0,0,0,0,1,2,0,0,0,0,0,1.3102,-0.1843,2.4614,0,0,0,0,0,0,0,-0,0,1.4972,0,0,0,0,0,0,0,0,0,0,0,0,0,0,0,0,0,0,0,0,0,0,0,0,0,0,0,0,0,0,0,0,0
12.8,0,0,0,0,0,0,3.04403,2.02469,-2.35821,0.00259025,0.00138667,6.67551e-05,0.00123905,0.00171539,0.000690013,0,0,0,0,0,0,0,0,0,0,0,0,0,0,0,0,0,0,0,0,0,0,0,0,0,0,0,0,0,0,0,0,0,0,0,0,0,0,0,0,1.77319,1.23293,0.0219373,0.00138668,0.00127437,-3.79968e-05,0.000481394,0.00070301,-0.00110403,0,0,0,0,0,0,0,0,0,0,0,0,0,0,0,0,0,0,0,0,0,0,0,0,0,0,0,0,0,0,0,0,0,0,0,0,0,0,0,0,0,0,0,0,0,0,0,0,0,0,0,1,2,0,0,0,0,0,1.3102,-0.1843,2.4614,0,0,0,0,0,0,0,-0,0,1.49731,0,0,0,0,0,0,0,0,0,0,0,0,0,0,0,0,0,0,0,0,0,0,0,0,0,0,0,0,0,0,0,0,0
12.85,0,0,0,0,0,0,3.04429,2.02475,-2.35819,0.00254155,0.000614025,0.000143054,0.000557729,-0.00192259,0.000797525,0,0,0,0,0,0,0,0,0,0,0,0,0,0,0,0,0,0,0,0,0,0,0,0,0,0,0,0,0,0,0,0,0,0,0,0,0,0,0,0,1.77334,1.23306,0.021961,0.00150637,0.00127932,0.000236858,0.000787108,0.000516723,0.00014168,0,0,0,0,0,0,0,0,0,0,0,0,0,0,0,0,0,0,0,0,0,0,0,0,0,0,0,0,0,0,0,0,0,0,0,0,0,0,0,0,0,0,0,0,0,0,0,0,0,0,0,1,2,0,0,0,0,0,1.3102,-0.1843,2.4614,0,0,0,0,0,0,0,-0,0,1.49736,0,0,0,0,0,0,0,0,0,0,0,0,0,0,0,0,0,0,0,0,0,0,0,0,0,0,0,0,0,0,0,0,0
12.9,0,0,0,0,0,0,3.04429,2.02475,-2.35819,0.00254155,0.000614025,0.000143054,0.000557729,-0.00192259,0.000797525,0,0,0,0,0,0,0,0,0,0,0,0,0,0,0,0,0,0,0,0,0,0,0,0,0,0,0,0,0,0,0,0,0,0,0,0,0,0,0,0,1.77334,1.23306,0.021961,0.00150637,0.00127932,0.000236858,0.000787108,0.000516723,0.00014168,0,0,0,0,0,0,0,0,0,0,0,0,0,0,0,0,0,0,0,0,0,0,0,0,0,0,0,0,0,0,0,0,0,0,0,0,0,0,0,0,0,0,0,0,0,0,0,0,0,0,0,1,2,0,0,0,0,0,1.3102,-0.1843,2.4614,0,0,0,0,0,0,0,-0,0,1.49736,0,0,0,0,0,0,0,0,0,0,0,0,0,0,0,0,0,0,0,0,0,0,0,0,0,0,0,0,0,0,0,0,0
12.95,0,0,0,0,0,0,3.04457,2.02485,-2.35819,0.0028519,0.00093761,-2.86136e-05,0.00148255,-0.000353848,-0.000192519,0,0,0,0,0,0,0,0,0,0,0,0,0,0,0,0,0,0,0,0,0,0,0,0,0,0,0,0,0,0,0,0,0,0,0,0,0,0,0,0,1.77349,1.23319,0.0219966,0.00153094,0.00128799,0.000355956,0.00061204,0.000319616,0.000729516,0,0,0,0,0,0,0,0,0,0,0,0,0,0,0,0,0,0,0,0,0,0,0,0,0,0,0,0,0,0,0,0,0,0,0,0,0,0,0,0,0,0,0,0,0,0,0,0,0,0,0,1,2,0,0,0,0,0,1.2141,-0.2809,2.3652,0,0,0,0,0,0,0,-0,0,1.49746,0,0,0,0,0,0,0,0,0,0,0,0,0,0,0,0,0,0,0,0,0,0,0,0,0,0,0,0,0,0,0,0,0
13,0,0,0,0,0,0,3.04457,2.02485,-2.35819,0.0028519,0.00093761,-2.86136e-05,0.00148255,-0.000353848,-0.000192519,0,0,0,0,0,0,0,0,0,0,0,0,0,0,0,0,0,0,0,0,0,0,0,0,0,0,0,0,0,0,0,0,0,0,0,0,0,0,0,0,1.77349,1.23319,0.0219966,0.00153094,0.00128799,0.000355956,0.00061204,0.000319616,0.000729516,0,0,0,0,0,0,0,0,0,0,0,0,0,0,0,0,0,0,0,0,0,0,0,0,0,0,0,0,0,0,0,0,0,0,0,0,0,0,0,0,0,0,0,0,0,0,0,0,0,0,0,1,2,0,0,0,0,0,1.2141,-0.2809,2.3652,0,0,0,0,0,0,0,-0,0,1.49746,0,0,0,0,0,0,0,0,0,0,0,0,0,0,0,0,0,0,0,0,0,0,0,0,0,0,0,0,0,0,0,0,0
13.05,0,0,0,0,0,0,3.04486,2.02494,-2.35818,0.00282705,0.000900846,0.000162119,0.000917024,-0.000146721,0.000512525,0,0,0,0,0,0,0,0,0,0,0,0,0,0,0,0,0,0,0,0,0,0,0,0,0,0,0,0,0,0,0,0,0,0,0,0,0,0,0,0,1.77365,1.23332,0.0220528,0.0016015,0.00134273,0.00056207,0.000626279,0.000384372,0.0013413,0,0,0,0,0,0,0,0,0,0,0,0,0,0,0,0,0,0,0,0,0,0,0,0,0,0,0,0,0,0,0,0,0,0,0,0,0,0,0,0,0,0,0,0,0,0,0,0,0,0,0,1,2,0,0,0,0,0,1.2141,-0.2809,2.3652,0,0,0,0,0,0,0,-0,0,1.49754,0,0,0,0,0,0,0,0,0,0,0,0,0,0,0,0,0,0,0,0,0,0,0,0,0,0,0,0,0,0,0,0,0
13.1,0,0,0,0,0,0,3.04486,2.02494,-2.35818,0.00282705,0.000900846,0.000162119,0.000917024,-0.000146721,0.000512525,0,0,0,0,0,0,0,0,0,0,0,0,0,0,0,0,0,0,0,0,0,0,0,0,0,0,0,0,0,0,0,0,0,0,0,0,0,0,0,0,1.77365,1.23332,0.0220528,0.0016015,0.00134273,0.00056207,0.000626279,0.000384372,0.0013413,0,0,0,0,0,0,0,0,0,0,0,0,0,0,0,0,0,0,0,0,0,0,0,0,0,0,0,0,0,0,0,0,0,0,0,0,0,0,0,0,0,0,0,0,0,0,0,0,0,0,0,1,2,0,0,0,0,0,1.2141,-0.2809,2.3652,0,0,0,0,0,0,0,-0,0,1.49754,0,0,0,0,0,0,0,0,0,0,0,0,0,0,0,0,0,0,0,0,0,0,0,0,0,0,0,0,0,0,0,0,0
13.15,0,0,0,0,0,0,3.0451,2.02497,-2.35789,0.0024807,0.000325958,0.00291375,-0.000910896,-0.00235749,0.0113978,0,0,0,0,0,0,0,0,0,0,0,0,0,0,0,0,0,0,0,0,0,0,0,0,0,0,0,0,0,0,0,0,0,0,0,0,0,0,0,0,1.77382,1.23346,0.0220963,0.00173112,0.00139539,0.000435117,0.000895265,0.000449499,0.000380715,0,0,0,0,0,0,0,0,0,0,0,0,0,0,0,0,0,0,0,0,0,0,0,0,0,0,0,0,0,0,0,0,0,0,0,0,0,0,0,0,0,0,0,0,0,0,0,0,0,0,0,1,2,0,0,0,0,0,1.2683,-0.2269,2.4195,0,0,0,0,0,0,0,-0,0,1.49754,0,0,0,0,0,0,0,0,0,0,0,0,0,0,0,0,0,0,0,0,0,0,0,0,0,0,0,0,0,0,0,0,0
13.2,0,0,0,0,0,0,3.0451,2.02497,-2.35789,0.0024807,0.000325958,0.00291375,-0.000910896,-0.00235749,0.0113978,0,0,0,0,0,0,0,0,0,0,0,0,0,0,0,0,0,0,0,0,0,0,0,0,0,0,0,0,0,0,0,0,0,0,0,0,0,0,0,0,1.77382,1.23346,0.0220963,0.00173112,0.00139539,0.000435117,0.000895265,0.000449499,0.000380715,0,0,0,0,0,0,0,0,0,0,0,0,0,0,0,0,0,0,0,0,0,0,0,0,0,0,0,0,0,0,0,0,0,0,0,0,0,0,0,0,0,0,0,0,0,0,0,0,0,0,0,1,2,0,0,0,0,0,1.2683,-0.2269,2.4195,0,0,0,0,0,0,0,-0,0,1.49754,0,0,0,0,0,0,0,0,0,0,0,0,0,0,0,0,0,0,0,0,0,0,0,0,0,0,0,0,0,0,0,0,0
13.25,0,0,0,0,0,0,3.04546,2.0252,-2.35822,0.00359829,0.00226509,-0.00332575,0.00367539,0.00603544,-0.016616,0,0,0,0,0,0,0,0,0,0,0,0,0,0,0,0,0,0,0,0,0,0,0,0,0,0,0,0,0,0,0,0,0,0,0,0,0,0,0,0,1.774,1.23362,0.0221409,0.0017162,0.00157837,0.000445684,0.000516522,0.00101173,0.000141369,0,0,0,0,0,0,0,0,0,0,0,0,0,0,0,0,0,0,0,0,0,0,0,0,0,0,0,0,0,0,0,0,0,0,0,0,0,0,0,0,0,0,0,0,0,0,0,0,0,0,0,1,2,0,0,0,0,0,1.2683,-0.2269,2.4195,0,0,0,0,0,0,0,-0,0,1.49774,0,0,0,0,0,0,0,0,0,0,0,0,0,0,0,0,0,0,0,0,0,0,0,0,0,0,0,0,0,0,0,0,0
13.3,0,0,0,0,0,0,3.04546,2.0252,-2.35822,0.00359829,0.00226509,-0.00332575,0.00367539,0.00603544,-0.016616,0,0,0,0,0,0,0,0,0,0,0,0,0,0,0,0,0,0,0,0,0,0,0,0,0,0,0,0,0,0,0,0,0,0,0,0,0,0,0,0,1.774,1.23362,0.0221409,0.0017162,0.00157837,0.000445684,0.000516522,0.00101173,0.000141369,0,0,0,0,0,0,0,0,0,0,0,0,0,0,0,0,0,0,0,0,0,0,0,0,0,0,0,0,0,0,0,0,0,0,0,0,0,0,0,0,0,0,0,0,0,0,0,0,0,0,0,1,2,0,0,0,0,0,1.2683,-0.2269,2.4195,0,0,0,0,0,0,0,-0,0,1.49774,0,0,0,0,0,0,0,0,0,0,0,0,0,0,0,0,0,0,0,0,0,0,0,0,0,0,0,0,0,0,0,0,0
13.35,0,0,0,0,0,0,3.04579,2.02532,-2.35817,0.00328588,0.00118487,0.000543957,0.0015682,0.000437,0.00170261,0,0,0,0,0,0,0,0,0,0,0,0,0,0,0,0,0,0,0,0,0,0,0,0,0,0,0,0,0,0,0,0,0,0,0,0,0,0,0,0,1.77417,1.23377,0.0221892,0.00173578,0.00147559,0.000482933,0.000331742,0.000268043,0.000199925,0,0,0,0,0,0,0,0,0,0,0,0,0,0,0,0,0,0,0,0,0,0,0,0,0,0,0,0,0,0,0,0,0,0,0,0,0,0,0,0,0,0,0,0,0,0,0,0,0,0,0,1,2,0,0,0,0,0,1.2354,-0.2602,2.3865,0,0,0,0,0,0,0,-0,0,1.49786,0,0,0,0,0,0,0,0,0,0,0,0,0,0,0,0,0,0,0,0,0,0,0,0,0,0,0,0,0,0,0,0,0
13.4,0,0,0,0,0,0,3.04579,2.02532,-2.35817,0.00328588,0.00118487,0.000543957,0.0015682,0.000437,0.00170261,0,0,0,0,0,0,0,0,0,0,0,0,0,0,0,0,0,0,0,0,0,0,0,0,0,0,0,0,0,0,0,0,0,0,0,0,0,0,0,0,1.77417,1.23377,0.0221892,0.00173578,0.00147559,0.000482933,0.000331742,0.000268043,0.000199925,0,0,0,0,0,0,0,0,0,0,0,0,0,0,0,0,0,0,0,0,0,0,0,0,0,0,0,0,0,0,0,0,0,0,0,0,0,0,0,0,0,0,0,0,0,0,0,0,0,0,0,1,2,0,0,0,0,0,1.2354,-0.2602,2.3865,0,0,0,0,0,0,0,-0,0,1.49786,0,0,0,0,0,0,0,0,0,0,0,0,0,0,0,0,0,0,0,0,0,0,0,0,0,0,0,0,0,0,0,0,0
13.45,0,0,0,0,0,0,3.04611,2.02538,-2.35816,0.00321528,0.000622077,9.7676e-05,0.000387151,-0.00273899,0.00171713,0,0,0,0,0,0,0,0,0,0,0,0,0,0,0,0,0,0,0,0,0,0,0,0,0,0,0,0,0,0,0,0,0,0,0,0,0,0,0,0,1.77436,1.23392,0.0222444,0.00189063,0.00154421,0.000551587,0.000799743,0.000340343,0.000404163,0,0,0,0,0,0,0,0,0,0,0,0,0,0,0,0,0,0,0,0,0,0,0,0,0,0,0,0,0,0,0,0,0,0,0,0,0,0,0,0,0,0,0,0,0,0,0,0,0,0,0,1,2,0,0,0,0,0,1.2354,-0.2602,2.3865,0,0,0,0,0,0,0,-0,0,1.49792,0,0,0,0,0,0,0,0,0,0,0,0,0,0,0,0,0,0,0,0,0,0,0,0,0,0,0,0,0,0,0,0,0
13.5,0,0,0,0,0,0,3.04611,2.02538,-2.35816,0.00321528,0.000622077,9.7676e-05,0.000387151,-0.00273899,0.00171713,0,0,0,0,0,0,0,0,0,0,0,0,0,0,0,0,0,0,0,0,0,0,0,0,0,0,0,0,0,0,0,0,0,0,0,0,0,0,0,0,1.77436,1.23392,0.0222444,0.00189063,0.00154421,0.000551587,0.000799743,0.000340343,0.000404163,0,0,0,0,0,0,0,0,0,0,0,0,0,0,0,0,0,0,0,0,0,0,0,0,0,0,0,0,0,0,0,0,0,0,0,0,0,0,0,0,0,0,0,0,0,0,0,0,0,0,0,1,2,0,0,0,0,0,1.2354,-0.2602,2.3865,0,0,0,0,0,0,0,-0,0,1.49792,0,0,0,0,0,0,0,0,0,0,0,0,0,0,0,0,0,0,0,0,0,0,0,0,0,0,0,0,0,0,0,0,0
13.55,0,0,0,0,0,0,3.04649,2.02551,-2.35812,0.00377614,0.00128965,0.000317241,0.00230175,0.00059008,0.00191001,0,0,0,0,0,0,0,0,0,0,0,0,0,0,0,0,0,0,0,0,0,0,0,0,0,0,0,0,0,0,0,0,0,0,0,0,0,0,0,0,1.77455,1.23409,0.0222819,0.00190761,0.00171587,0.000375792,0.000604651,0.000894431,-0.00043401,0,0,0,0,0,0,0,0,0,0,0,0,0,0,0,0,0,0,0,0,0,0,0,0,0,0,0,0,0,0,0,0,0,0,0,0,0,0,0,0,0,0,0,0,0,0,0,0,0,0,0,1,2,0,0,0,0,0,1.2292,-0.2668,2.3803,0,0,0,0,0,0,0,-0,0,1.49806,0,0,0,0,0,0,0,0,0,0,0,0,0,0,0,0,0,0,0,0,0,0,0,0,0,0,0,0,0,0,0,0,0
13.6,0,0,0,0,0,0,3.04649,2.02551,-2.35812,0.00377614,0.00128965,0.000317241,0.00230175,0.00059008,0.00191001,0,0,0,0,0,0,0,0,0,0,0,0,0,0,0,0,0,0,0,0,0,0,0,0,0,0,0,0,0,0,0,0,0,0,0,0,0,0,0,0,1.77455,1.23409,0.0222819,0.00190761,0.00171587,0.000375792,0.000604651,0.000894431,-0.00043401,0,0,0,0,0,0,0,0,0,0,0,0,0,0,0,0,0,0,0,0,0,0,0,0,0,0,0,0,0,0,0,0,0,0,0,0,0,0,0,0,0,0,0,0,0,0,0,0,0,0,0,1,2,0,0,0,0,0,1.2292,-0.2668,2.3803,0,0,0,0,0,0,0,-0,0,1.49806,0,0,0,0,0,0,0,0,0,0,0,0,0,0,0,0,0,0,0,0,0,0,0,0,0,0,0,0,0,0,0,0,0
13.65,0,0,0,0,0,0,3.04685,2.02561,-2.35819,0.00362517,0.00100333,-0.000686585,0.00104654,-0.000336658,-0.00283757,0,0,0,0,0,0,0,0,0,0,0,0,0,0,0,0,0,0,0,0,0,0,0,0,0,0,0,0,0,0,0,0,0,0,0,0,0,0,0,0,1.77475,1.23426,0.022354,0.0019737,0.00170395,0.000720444,0.000605307,0.000568378,0.00100419,0,0,0,0,0,0,0,0,0,0,0,0,0,0,0,0,0,0,0,0,0,0,0,0,0,0,0,0,0,0,0,0,0,0,0,0,0,0,0,0,0,0,0,0,0,0,0,0,0,0,0,1,2,0,0,0,0,0,1.2292,-0.2668,2.3803,0,0,0,0,0,0,0,-0,0,1.49816,0,0,0,0,0,0,0,0,0,0,0,0,0,0,0,0,0,0,0,0,0,0,0,0,0,0,0,0,0,0,0,0,0
13.7,0,0,0,0,0,0,3.04685,2.02561,-2.35819,0.00362517,0.00100333,-0.000686585,0.00104654,-0.000336658,-0.00283757,0,0,0,0,0,0,0,0,0,0,0,0,0,0,0,0,0,0,0,0,0,0,0,0,0,0,0,0,0,0,0,0,0,0,0,0,0,0,0,0,1.77475,1.23426,0.022354,0.0019737,0.00170395,0.000720444,0.000605307,0.000568378,0.00100419,0,0,0,0,0,0,0,0,0,0,0,0,0,0,0,0,0,0,0,0,0,0,0,0,0,0,0,0,0,0,0,0,0,0,0,0,0,0,0,0,0,0,0,0,0,0,0,0,0,0,0,1,2,0,0,0,0,0,1.2292,-0.2668,2.3803,0,0,0,0,0,0,0,-0,0,1.49816,0,0,0,0,0,0,0,0,0,0,0,0,0,0,0,0,0,0,0,0,0,0,0,0,0,0,0,0,0,0,0,0,0
13.75,0,0,0,0,0,0,3.04716,2.02564,-2.35768,0.00302145,0.000348065,0.00510934,-0.00195903,-0.00294728,0.0208113,0,0,0,0,0,0,0,0,0,0,0,0,0,0,0,0,0,0,0,0,0,0,0,0,0,0,0,0,0,0,0,0,0,0,0,0,0,0,0,0,1.77495,1.23444,0.0224571,0.00207496,0.00176353,0.00103185,0.000765224,0.00053269,0.00204101,0,0,0,0,0,0,0,0,0,0,0,0,0,0,0,0,0,0,0,0,0,0,0,0,0,0,0,0,0,0,0,0,0,0,0,0,0,0,0,0,0,0,0,0,0,0,0,0,0,0,0,1,2,0,0,0,0,0,1.2295,-0.267,2.3807,0,0,0,0,0,0,0,-0,0,1.49816,0,0,0,0,0,0,0,0,0,0,0,0,0,0,0,0,0,0,0,0,0,0,0,0,0,0,0,0,0,0,0,0,0
13.8,0,0,0,0,0,0,3.04716,2.02564,-2.35768,0.00302145,0.000348065,0.00510934,-0.00195903,-0.00294728,0.0208113,0,0,0,0,0,0,0,0,0,0,0,0,0,0,0,0,0,0,0,0,0,0,0,0,0,0,0,0,0,0,0,0,0,0,0,0,0,0,0,0,1.77495,1.23444,0.0224571,0.00207496,0.00176353,0.00103185,0.000765224,0.00053269,0.00204101,0,0,0,0,0,0,0,0,0,0,0,0,0,0,0,0,0,0,0,0,0,0,0,0,0,0,0,0,0,0,0,0,0,0,0,0,0,0,0,0,0,0,0,0,0,0,0,0,0,0,0,1,2,0,0,0,0,0,1.2295,-0.267,2.3807,0,0,0,0,0,0,0,-0,0,1.49816,0,0,0,0,0,0,0,0,0,0,0,0,0,0,0,0,0,0,0,0,0,0,0,0,0,0,0,0,0,0,0,0,0
13.85,0,0,0,0,0,0,3.0476,2.02592,-2.35808,0.00440218,0.00275777,-0.00401049,0.00393779,0.00750582,-0.020736,0,0,0,0,0,0,0,0,0,0,0,0,0,0,0,0,0,0,0,0,0,0,0,0,0,0,0,0,0,0,0,0,0,0,0,0,0,0,0,0,1.77516,1.23462,0.0224481,0.00205826,0.00178846,-8.96743e-05,0.000417125,0.000416959,-0.00311404,0,0,0,0,0,0,0,0,0,0,0,0,0,0,0,0,0,0,0,0,0,0,0,0,0,0,0,0,0,0,0,0,0,0,0,0,0,0,0,0,0,0,0,0,0,0,0,0,0,0,0,1,2,0,0,0,0,0,1.2295,-0.267,2.3807,0,0,0,0,0,0,0,-0,0,1.49842,0,0,0,0,0,0,0,0,0,0,0,0,0,0,0,0,0,0,0,0,0,0,0,0,0,0,0,0,0,0,0,0,0
13.9,0,0,0,0,0,0,3.0476,2.02592,-2.35808,0.00440218,0.00275777,-0.00401049,0.00393779,0.00750582,-0.020736,0,0,0,0,0,0,0,0,0,0,0,0,0,0,0,0,0,0,0,0,0,0,0,0,0,0,0,0,0,0,0,0,0,0,0,0,0,0,0,0,1.77516,1.23462,0.0224481,0.00205826,0.00178846,-8.96743e-05,0.000417125,0.000416959,-0.00311404,0,0,0,0,0,0,0,0,0,0,0,0,0,0,0,0,0,0,0,0,0,0,0,0,0,0,0,0,0,0,0,0,0,0,0,0,0,0,0,0,0,0,0,0,0,0,0,0,0,0,0,1,2,0,0,0,0,0,1.2295,-0.267,2.3807,0,0,0,0,0,0,0,-0,0,1.49842,0,0,0,0,0,0,0,0,0,0,0,0,0,0,0,0,0,0,0,0,0,0,0,0,0,0,0,0,0,0,0,0,0
13.95,0,0,0,0,0,0,3.04799,2.02604,-2.35812,0.00391604,0.00119874,-0.000321867,0.0012188,-0.000307809,-0.00333826,0,0,0,0,0,0,0,0,0,0,0,0,0,0,0,0,0,0,0,0,0,0,0,0,0,0,0,0,0,0,0,0,0,0,0,0,0,0,0,0,1.77538,1.2348,0.0224822,0.00216188,0.00178102,0.00034096,0.000616464,0.000204161,-0.000847399,0,0,0,0,0,0,0,0,0,0,0,0,0,0,0,0,0,0,0,0,0,0,0,0,0,0,0,0,0,0,0,0,0,0,0,0,0,0,0,0,0,0,0,0,0,0,0,0,0,0,0,1,2,0,0,0,0,0,1.2297,-0.2674,2.3806,0,0,0,0,0,0,0,-0,0,1.49853,0,0,0,0,0,0,0,0,0,0,0,0,0,0,0,0,0,0,0,0,0,0,0,0,0,0,0,0,0,0,0,0,0
14,0,0,0,0,0,0,3.04799,2.02604,-2.35812,0.00391604,0.00119874,-0.000321867,0.0012188,-0.000307809,-0.00333826,0,0,0,0,0,0,0,0,0,0,0,0,0,0,0,0,0,0,0,0,0,0,0,0,0,0,0,0,0,0,0,0,0,0,0,0,0,0,0,0,1.77538,1.2348,0.0224822,0.00216188,0.00178102,0.00034096,0.000616464,0.000204161,-0.000847399,0,0,0,0,0,0,0,0,0,0,0,0,0,0,0,0,0,0,0,0,0,0,0,0,0,0,0,0,0,0,0,0,0,0,0,0,0,0,0,0,0,0,0,0,0,0,0,0,0,0,0,1,2,0,0,0,0,0,1.2297,-0.2674,2.3806,0,0,0,0,0,0,0,-0,0,1.49853,0,0,0,0,0,0,0,0,0,0,0,0,0,0,0,0,0,0,0,0,0,0,0,0,0,0,0,0,0,0,0,0,0
14.05,0,0,0,0,0,0,3.04839,2.02617,-2.3582,0.00401821,0.00133981,-0.000818202,0.000768985,-0.000679833,-0.00163254,0,0,0,0,0,0,0,0,0,0,0,0,0,0,0,0,0,0,0,0,0,0,0,0,0,0,0,0,0,0,0,0,0,0,0,0,0,0,0,0,1.77561,1.235,0.022589,0.00231688,0.00205918,0.00106794,0.00101478,0.00120376,0.00270227,0,0,0,0,0,0,0,0,0,0,0,0,0,0,0,0,0,0,0,0,0,0,0,0,0,0,0,0,0,0,0,0,0,0,0,0,0,0,0,0,0,0,0,0,0,0,0,0,0,0,0,1,2,0,0,0,0,0,1.2297,-0.2674,2.3806,0,0,0,0,0,0,0,-0,0,1.49864,0,0,0,0,0,0,0,0,0,0,0,0,0,0,0,0,0,0,0,0,0,0,0,0,0,0,0,0,0,0,0,0,0
14.1,0,0,0,0,0,0,3.04839,2.02617,-2.3582,0.00401821,0.00133981,-0.000818202,0.000768985,-0.000679833,-0.00163254,0,0,0,0,0,0,0,0,0,0,0,0,0,0,0,0,0,0,0,0,0,0,0,0,0,0,0,0,0,0,0,0,0,0,0,0,0,0,0,0,1.77561,1.235,0.022589,0.00231688,0.00205918,0.00106794,0.00101478,0.00120376,0.00270227,0,0,0,0,0,0,0,0,0,0,0,0,0,0,0,0,0,0,0,0,0,0,0,0,0,0,0,0,0,0,0,0,0,0,0,0,0,0,0,0,0,0,0,0,0,0,0,0,0,0,0,1,2,0,0,0,0,0,1.2297,-0.2674,2.3806,0,0,0,0,0,0,0,-0,0,1.49864,0,0,0,0,0,0,0,0,0,0,0,0,0,0,0,0,0,0,0,0,0,0,0,0,0,0,0,0,0,0,0,0,0
14.15,0,0,0,0,0,0,3.04881,2.02624,-2.3582,0.00417018,0.000726364,-2.8612e-05,0.00101346,-0.00290799,0.00240444,0,0,0,0,0,0,0,0,0,0,0,0,0,0,0,0,0,0,0,0,0,0,0,0,0,0,0,0,0,0,0,0,0,0,0,0,0,0,0,0,1.77584,1.23519,0.022661,0.00228652,0.0019093,0.000720052,0.000545047,0.00026202,0.000714537,0,0,0,0,0,0,0,0,0,0,0,0,0,0,0,0,0,0,0,0,0,0,0,0,0,0,0,0,0,0,0,0,0,0,0,0,0,0,0,0,0,0,0,0,0,0,0,0,0,0,0,1,2,0,0,0,0,0,1.2298,-0.2677,2.3808,0,0,0,0,0,0,0,-0,0,1.49874,0,0,0,0,0,0,0,0,0,0,0,0,0,0,0,0,0,0,0,0,0,0,0,0,0,0,0,0,0,0,0,0,0
14.2,0,0,0,0,0,0,3.04881,2.02624,-2.3582,0.00417018,0.000726364,-2.8612e-05,0.00101346,-0.00290799,0.00240444,0,0,0,0,0,0,0,0,0,0,0,0,0,0,0,0,0,0,0,0,0,0,0,0,0,0,0,0,0,0,0,0,0,0,0,0,0,0,0,0,1.77584,1.23519,0.022661,0.00228652,0.0019093,0.000720052,0.000545047,0.00026202,0.000714537,0,0,0,0,0,0,0,0,0,0,0,0,0,0,0,0,0,0,0,0,0,0,0,0,0,0,0,0,0,0,0,0,0,0,0,0,0,0,0,0,0,0,0,0,0,0,0,0,0,0,0,1,2,0,0,0,0,0,1.2298,-0.2677,2.3808,0,0,0,0,0,0,0,-0,0,1.49874,0,0,0,0,0,0,0,0,0,0,0,0,0,0,0,0,0,0,0,0,0,0,0,0,0,0,0,0,0,0,0,0,0
14.25,0,0,0,0,0,0,3.04924,2.02641,-2.35824,0.00438023,0.00163831,-0.000393422,0.0014783,0.00159532,0.000533045,0,0,0,0,0,0,0,0,0,0,0,0,0,0,0,0,0,0,0,0,0,0,0,0,0,0,0,0,0,0,0,0,0,0,0,0,0,0,0,0,1.77605,1.2354,0.0228899,0.00212053,0.00210099,0.002289,-0.000401042,0.000794525,0.00642846,0,0,0,0,0,0,0,0,0,0,0,0,0,0,0,0,0,0,0,0,0,0,0,0,0,0,0,0,0,0,0,0,0,0,0,0,0,0,0,0,0,0,0,0,0,0,0,0,0,0,0,1,2,0,0,0,0,0,1.2298,-0.2677,2.3808,0,0,0,0,0,0,0,-0,0,1.4989,0,0,0,0,0,0,0,0,0,0,0,0,0,0,0,0,0,0,0,0,0,0,0,0,0,0,0,0,0,0,0,0,0
14.3,0,0,0,0,0,0,3.04924,2.02641,-2.35824,0.00438023,0.00163831,-0.000393422,0.0014783,0.00159532,0.000533045,0,0,0,0,0,0,0,0,0,0,0,0,0,0,0,0,0,0,0,0,0,0,0,0,0,0,0,0,0,0,0,0,0,0,0,0,0,0,0,0,1.77605,1.2354,0.0228899,0.00212053,0.00210099,0.002289,-0.000401042,0.000794525,0.00642846,0,0,0,0,0,0,0,0,0,0,0,0,0,0,0,0,0,0,0,0,0,0,0,0,0,0,0,0,0,0,0,0,0,0,0,0,0,0,0,0,0,0,0,0,0,0,0,0,0,0,0,1,2,0,0,0,0,0,1.2298,-0.2677,2.3808,0,0,0,0,0,0,0,-0,0,1.4989,0,0,0,0,0,0,0,0,0,0,0,0,0,0,0,0,0,0,0,0,0,0,0,0,0,0,0,0,0,0,0,0,0
14.35,0,0,0,0,0,0,3.04924,2.02641,-2.35824,0.00438023,0.00163831,-0.000393422,0.0014783,0.00159532,0.000533045,0,0,0,0,0,0,0,0,0,0,0,0,0,0,0,0,0,0,0,0,0,0,0,0,0,0,0,0,0,0,0,0,0,0,0,0,0,0,0,0,1.77605,1.2354,0.0228899,0.00212053,0.00210099,0.002289,-0.000401042,0.000794525,0.00642846,0,0,0,0,0,0,0,0,0,0,0,0,0,0,0,0,0,0,0,0,0,0,0,0,0,0,0,0,0,0,0,0,0,0,0,0,0,0,0,0,0,0,0,0,0,0,0,0,0,0,0,1,2,0,0,0,0,0,1.2302,-0.268,2.3811,0,0,0,0,0,0,0,-0,0,1.4989,0,0,0,0,0,0,0,0,0,0,0,0,0,0,0,0,0,0,0,0,0,0,0,0,0,0,0,0,0,0,0,0,0
14.4,0,0,0,0,0,0,3.04968,2.02654,-2.35811,0.00435492,0.00134749,0.00124677,0.000850659,0.000405756,0.00662059,0,0,0,0,0,0,0,0,0,0,0,0,0,0,0,0,0,0,0,0,0,0,0,0,0,0,0,0,0,0,0,0,0,0,0,0,0,0,0,0,1.77632,1.2356,0.0228782,0.00276087,0.00199559,-0.000116624,0.00219052,0.000128579,-0.00497868,0,0,0,0,0,0,0,0,0,0,0,0,0,0,0,0,0,0,0,0,0,0,0,0,0,0,0,0,0,0,0,0,0,0,0,0,0,0,0,0,0,0,0,0,0,0,0,0,0,0,0,1,2,0,0,0,0,0,1.2302,-0.268,2.3811,0,0,0,0,0,0,0,-0,0,1.49901,0,0,0,0,0,0,0,0,0,0,0,0,0,0,0,0,0,0,0,0,0,0,0,0,0,0,0,0,0,0,0,0,0
14.45,0,0,0,0,0,0,3.05014,2.02667,-2.35829,0.00461694,0.00124819,-0.0017301,0.00147372,-0.000313935,-0.0070972,0,0,0,0,0,0,0,0,0,0,0,0,0,0,0,0,0,0,0,0,0,0,0,0,0,0,0,0,0,0,0,0,0,0,0,0,0,0,0,0,1.77658,1.23581,0.0229204,0.00254275,0.00207544,0.000422081,0.0007946,0.000306494,-0.00237992,0,0,0,0,0,0,0,0,0,0,0,0,0,0,0,0,0,0,0,0,0,0,0,0,0,0,0,0,0,0,0,0,0,0,0,0,0,0,0,0,0,0,0,0,0,0,0,0,0,0,0,1,2,0,0,0,0,0,1.2302,-0.268,2.3811,0,0,0,0,0,0,0,-0,0,1.49914,0,0,0,0,0,0,0,0,0,0,0,0,0,0,0,0,0,0,0,0,0,0,0,0,0,0,0,0,0,0,0,0,0
14.5,0,0,0,0,0,0,3.05014,2.02667,-2.35829,0.00461694,0.00124819,-0.0017301,0.00147372,-0.000313935,-0.0070972,0,0,0,0,0,0,0,0,0,0,0,0,0,0,0,0,0,0,0,0,0,0,0,0,0,0,0,0,0,0,0,0,0,0,0,0,0,0,0,0,1.77658,1.23581,0.0229204,0.00254275,0.00207544,0.000422081,0.0007946,0.000306494,-0.00237992,0,0,0,0,0,0,0,0,0,0,0,0,0,0,0,0,0,0,0,0,0,0,0,0,0,0,0,0,0,0,0,0,0,0,0,0,0,0,0,0,0,0,0,0,0,0,0,0,0,0,0,1,2,0,0,0,0,0,1.2302,-0.268,2.3811,0,0,0,0,0,0,0,-0,0,1.49914,0,0,0,0,0,0,0,0,0,0,0,0,0,0,0,0,0,0,0,0,0,0,0,0,0,0,0,0,0,0,0,0,0
14.55,0,0,0,0,0,0,3.05061,2.02675,-2.35835,0.00464339,0.000849579,-0.000643707,0.00106976,-0.00187991,-0.00177372,0,0,0,0,0,0,0,0,0,0,0,0,0,0,0,0,0,0,0,0,0,0,0,0,0,0,0,0,0,0,0,0,0,0,0,0,0,0,0,0,1.77683,1.23604,0.0229836,0.00250357,0.00227531,0.00063175,0.000128974,0.00100453,-0.000239824,0,0,0,0,0,0,0,0,0,0,0,0,0,0,0,0,0,0,0,0,0,0,0,0,0,0,0,0,0,0,0,0,0,0,0,0,0,0,0,0,0,0,0,0,0,0,0,0,0,0,0,1,2,0,0,0,0,0,1.2861,-0.2123,2.4373,0,0,0,0,0,0,0,-0,0,1.49925,0,0,0,0,0,0,0,0,0,0,0,0,0,0,0,0,0,0,0,0,0,0,0,0,0,0,0,0,0,0,0,0,0
14.6,0,0,0,0,0,0,3.05061,2.02675,-2.35835,0.00464339,0.000849579,-0.000643707,0.00106976,-0.00187991,-0.00177372,0,0,0,0,0,0,0,0,0,0,0,0,0,0,0,0,0,0,0,0,0,0,0,0,0,0,0,0,0,0,0,0,0,0,0,0,0,0,0,0,1.77683,1.23604,0.0229836,0.00250357,0.00227531,0.00063175,0.000128974,0.00100453,-0.000239824,0,0,0,0,0,0,0,0,0,0,0,0,0,0,0,0,0,0,0,0,0,0,0,0,0,0,0,0,0,0,0,0,0,0,0,0,0,0,0,0,0,0,0,0,0,0,0,0,0,0,0,1,2,0,0,0,0,0,1.2861,-0.2123,2.4373,0,0,0,0,0,0,0,-0,0,1.49925,0,0,0,0,0,0,0,0,0,0,0,0,0,0,0,0,0,0,0,0,0,0,0,0,0,0,0,0,0,0,0,0,0
14.65,0,0,0,0,0,0,3.05109,2.0269,-2.35832,0.00480388,0.00147586,0.000341228,0.00122613,0.00116087,0.0035903,0,0,0,0,0,0,0,0,0,0,0,0,0,0,0,0,0,0,0,0,0,0,0,0,0,0,0,0,0,0,0,0,0,0,0,0,0,0,0,0,1.7771,1.23626,0.0230626,0.00271104,0.0022199,0.000791028,0.000814764,0.000474898,0.000781412,0,0,0,0,0,0,0,0,0,0,0,0,0,0,0,0,0,0,0,0,0,0,0,0,0,0,0,0,0,0,0,0,0,0,0,0,0,0,0,0,0,0,0,0,0,0,0,0,0,0,0,1,2,0,0,0,0,0,1.2861,-0.2123,2.4373,0,0,0,0,0,0,0,-0,0,1.49938,0,0,0,0,0,0,0,0,0,0,0,0,0,0,0,0,0,0,0,0,0,0,0,0,0,0,0,0,0,0,0,0,0
14.7,0,0,0,0,0,0,3.05109,2.0269,-2.35832,0.00480388,0.00147586,0.000341228,0.00122613,0.00116087,0.0035903,0,0,0,0,0,0,0,0,0,0,0,0,0,0,0,0,0,0,0,0,0,0,0,0,0,0,0,0,0,0,0,0,0,0,0,0,0,0,0,0,1.7771,1.23626,0.0230626,0.00271104,0.0022199,0.000791028,0.000814764,0.000474898,0.000781412,0,0,0,0,0,0,0,0,0,0,0,0,0,0,0,0,0,0,0,0,0,0,0,0,0,0,0,0,0,0,0,0,0,0,0,0,0,0,0,0,0,0,0,0,0,0,0,0,0,0,0,1,2,0,0,0,0,0,1.2861,-0.2123,2.4373,0,0,0,0,0,0,0,-0,0,1.49938,0,0,0,0,0,0,0,0,0,0,0,0,0,0,0,0,0,0,0,0,0,0,0,0,0,0,0,0,0,0,0,0,0
14.75,0,0,0,0,0,0,3.05159,2.02705,-2.35829,0.00500559,0.00146383,0.000278989,0.00157387,0.00106391,0.00263436,0,0,0,0,0,0,0,0,0,0,0,0,0,0,0,0,0,0,0,0,0,0,0,0,0,0,0,0,0,0,0,0,0,0,0,0,0,0,0,0,1.77738,1.23651,0.0232471,0.00280558,0.00248204,0.00184484,0.000965724,0.00126573,0.00481992,0,0,0,0,0,0,0,0,0,0,0,0,0,0,0,0,0,0,0,0,0,0,0,0,0,0,0,0,0,0,0,0,0,0,0,0,0,0,0,0,0,0,0,0,0,0,0,0,0,0,0,1,2,0,0,0,0,0,1.2227,-0.2763,2.3741,0,0,0,0,0,0,0,-0,0,1.49952,0,0,0,0,0,0,0,0,0,0,0,0,0,0,0,0,0,0,0,0,0,0,0,0,0,0,0,0,0,0,0,0,0
14.8,0,0,0,0,0,0,3.05159,2.02705,-2.35829,0.00500559,0.00146383,0.000278989,0.00157387,0.00106391,0.00263436,0,0,0,0,0,0,0,0,0,0,0,0,0,0,0,0,0,0,0,0,0,0,0,0,0,0,0,0,0,0,0,0,0,0,0,0,0,0,0,0,1.77738,1.23651,0.0232471,0.00280558,0.00248204,0.00184484,0.000965724,0.00126573,0.00481992,0,0,0,0,0,0,0,0,0,0,0,0,0,0,0,0,0,0,0,0,0,0,0,0,0,0,0,0,0,0,0,0,0,0,0,0,0,0,0,0,0,0,0,0,0,0,0,0,0,0,0,1,2,0,0,0,0,0,1.2227,-0.2763,2.3741,0,0,0,0,0,0,0,-0,0,1.49952,0,0,0,0,0,0,0,0,0,0,0,0,0,0,0,0,0,0,0,0,0,0,0,0,0,0,0,0,0,0,0,0,0
14.85,0,0,0,0,0,0,3.05201,2.0271,-2.35779,0.004268,0.000581112,0.00498106,-0.00195934,-0.00290257,0.0202404,0,0,0,0,0,0,0,0,0,0,0,0,0,0,0,0,0,0,0,0,0,0,0,0,0,0,0,0,0,0,0,0,0,0,0,0,0,0,0,0,1.77766,1.23678,0.0234687,0.00278104,0.00269192,0.00221662,0.000499887,0.00170371,0.00492588,0,0,0,0,0,0,0,0,0,0,0,0,0,0,0,0,0,0,0,0,0,0,0,0,0,0,0,0,0,0,0,0,0,0,0,0,0,0,0,0,0,0,0,0,0,0,0,0,0,0,0,1,2,0,0,0,0,0,1.2227,-0.2763,2.3741,0,0,0,0,0,0,0,-0,0,1.49953,0,0,0,0,0,0,0,0,0,0,0,0,0,0,0,0,0,0,0,0,0,0,0,0,0,0,0,0,0,0,0,0,0
14.9,0,0,0,0,0,0,3.05201,2.0271,-2.35779,0.004268,0.000581112,0.00498106,-0.00195934,-0.00290257,0.0202404,0,0,0,0,0,0,0,0,0,0,0,0,0,0,0,0,0,0,0,0,0,0,0,0,0,0,0,0,0,0,0,0,0,0,0,0,0,0,0,0,1.77766,1.23678,0.0234687,0.00278104,0.00269192,0.00221662,0.000499887,0.00170371,0.00492588,0,0,0,0,0,0,0,0,0,0,0,0,0,0,0,0,0,0,0,0,0,0,0,0,0,0,0,0,0,0,0,0,0,0,0,0,0,0,0,0,0,0,0,0,0,0,0,0,0,0,0,1,2,0,0,0,0,0,1.2227,-0.2763,2.3741,0,0,0,0,0,0,0,-0,0,1.49953,0,0,0,0,0,0,0,0,0,0,0,0,0,0,0,0,0,0,0,0,0,0,0,0,0,0,0,0,0,0,0,0,0
14.95,0,0,0,0,0,0,3.0526,2.02738,-2.35822,0.00584976,0.00270759,-0.00427972,0.00466566,0.00621705,-0.0224666,0,0,0,0,0,0,0,0,0,0,0,0,0,0,0,0,0,0,0,0,0,0,0,0,0,0,0,0,0,0,0,0,0,0,0,0,0,0,0,0,1.77795,1.23704,0.0236394,0.00293586,0.00265998,0.00170714,0.000855859,0.000954783,0.000936472,0,0,0,0,0,0,0,0,0,0,0,0,0,0,0,0,0,0,0,0,0,0,0,0,0,0,0,0,0,0,0,0,0,0,0,0,0,0,0,0,0,0,0,0,0,0,0,0,0,0,0,1,2,0,0,0,0,0,1.1372,-0.3628,2.2886,0,0,0,0,0,0,0,-0,0,1.49978,0,0,0,0,0,0,0,0,0,0,0,0,0,0,0,0,0,0,0,0,0,0,0,0,0,0,0,0,0,0,0,0,0
15,0,0,0,0,0,0,3.0526,2.02738,-2.35822,0.00584976,0.00270759,-0.00427972,0.00466566,0.00621705,-0.0224666,0,0,0,0,0,0,0,0,0,0,0,0,0,0,0,0,0,0,0,0,0,0,0,0,0,0,0,0,0,0,0,0,0,0,0,0,0,0,0,0,1.77795,1.23704,0.0236394,0.00293586,0.00265998,0.00170714,0.000855859,0.000954783,0.000936472,0,0,0,0,0,0,0,0,0,0,0,0,0,0,0,0,0,0,0,0,0,0,0,0,0,0,0,0,0,0,0,0,0,0,0,0,0,0,0,0,0,0,0,0,0,0,0,0,0,0,0,1,2,0,0,0,0,0,1.1372,-0.3628,2.2886,0,0,0,0,0,0,0,-0,0,1.49978,0,0,0,0,0,0,0,0,0,0,0,0,0,0,0,0,0,0,0,0,0,0,0,0,0,0,0,0,0,0,0,0,0
15.05,202.477,134.995,31.9164,0,0,0,3.05313,2.02753,-2.35838,0.00528713,0.00155001,-0.00157805,0.00145081,0.00034205,-0.00847474,3,2,3.92699,0,0,0,0,0,0,0,0,0,0,0,2,3,2,3.92699,0,0,0,0,0,0,0,0,0,0,1.5708,1.5708,0,1.5708,1.5708,0,119.214,82.1282,-0.0026735,0,0,0,1.77825,1.2373,0.0238191,0.00302557,0.0026045,0.0017963,0.000921022,0.000250696,0.000378892,1.75578,1.20968,0,0,0,0,0,0,0,0,0,0,0,0,2,1.75578,1.20968,0,58.4596,82.6352,-1.15064e-12,0,0,0,0,0,0,0,0,0,0,0,0,0.855775,1.20968,0,0,0,0,0,0,0,0,0,0,0,0,2,0.855775,1.20968,0,1,2,0,0,0,0,0,1.1372,-0.3628,2.2886,0,0,0,0,0,0,0,-0,0,1.49992,0,0,0,0,0,0,0,0,0,0,0,0,0,0,0,0,0,0,0,0,0,0,0,0,0,0,0,0,0,0,0,0,0
15.1,-0.0392326,-0.0163145,0.000819201,0,0,0,3.05313,2.02753,-2.35838,0.00528713,0.00155001,-0.00157805,0.00145081,0.00034205,-0.00847474,3,2,3.92699,0,0,0,0,0,0,0,0,0,0,0,2,3,2,3.92699,0,0,0,0,0,0,0,0,0,0,1.5708,1.5708,0,1.5708,1.5708,0,-0.0193236,-0.0199675,-0.0026735,0,0,0,1.77825,1.2373,0.0238191,0.00302557,0.0026045,0.0017963,0.000921022,0.000250696,0.000378892,1.75578,1.20968,0,0,0,0,0,0,1,1,1,1,0,0,2,1.75578,1.20968,0,0.344544,0.487027,3.7308e-15,0,0,0,0,0,0,0,0,0,0,0,0,0.855775,1.20968,0,0,0,0,0,0,0,0,0,0,0,0,2,0.855775,1.20968,0,1,2,0,0,0,0,0,1.1372,-0.3628,2.2886,0,0,0,0,0,0,0,-0,0,1.49992,0,0,0,0,0,0,0,0,0,0,0,0,0,0,0,0,0,0,0,0,0,0,0,0,0,0,0,0,0,0,0,0,0
15.15,-0.0399809,-0.0143527,0.000401373,0,0,0,3.05367,2.02763,-2.35843,0.00544392,0.000957387,-0.000539027,0.00105717,-0.00295916,0.000957842,3,2,3.92699,0,0,0,0,0,0,0,0,0,0,0,2,3,2,3.92699,0,0,0,0,0,0,0,0,0,0,1.5708,1.5708,0,1.5708,1.5708,0,-0.0193799,-0.0208493,-0.00299625,0,0,0,1.77855,1.23759,0.0240729,0.0030065,0.00283065,0.00253862,0.000482542,0.000956127,0.00311613,1.75578,1.20968,0,0,0,0,0.0308185,0.108635,0,1.46803e-05,0,5.04594e-06,0.0309153,0.106406,2,1.75578,1.20968,0,0.344544,0.487027,3.7308e-15,0,0,0,0,0,0,0,0,0,0,0,0,0.855775,1.20968,0,0,0,0,0,0,0,0,0,0,0,0,2,0.855775,1.20968,0,1,2,0,0,0,0,0,1.278,-0.222,2.4301,0,0,0,0,0,0,0,-0,0,1.50003,0,0,0,0,0,0,0,0,0,0,0,0,0,0,0,0,0,0,0,0,0,0,0,0,0,0,0,0,0,0,0,0,0
15.2,-0.0399809,-0.0143527,0.000401373,0,0,0,3.05367,2.02763,-2.35843,0.00544392,0.000957387,-0.000539027,0.00105717,-0.00295916,0.000957842,3,2,3.92699,0,0,0,0,0,0,0,0,0,0,0,2,3,2,3.92699,0,0,0,0,0,0,0,0,0,0,1.5708,1.5708,0,1.5708,1.5708,0,-0.0193799,-0.0208493,-0.00299625,0,0,0,1.77855,1.23759,0.0240729,0.0030065,0.00283065,0.00253862,0.000482542,0.000956127,0.00311613,1.75578,1.20968,0,0,0,0,0.0286126,0.111461,0,3.51104e-05,0,2.52454e-05,0.0308921,0.112614,2,1.75578,1.20968,0,0.344544,0.487027,3.7308e-15,0,0,0,0,0,0,0,0,0,0,0,0,0.855775,1.20968,0,0,0,0,0,0,0,0,0,0,0,0,2,0.855775,1.20968,0,1,2,0,0,0,0,0,1.278,-0.222,2.4301,0,0,0,0,0,0,0,-0,0,1.50003,0,0,0,0,0,0,0,0,0,0,0,0,0,0,0,0,0,0,0,0,0,0,0,0,0,0,0,0,0,0,0,0,0
15.25,-0.0403209,-0.0135054,0.000832421,0,0,0,3.05422,2.0277,-2.35859,0.00547927,0.000698028,-0.00156831,0.000731868,-0.00325812,-0.00226254,3,2,3.92699,0,0,0,0,0,0,0,0,0,0,0,2,3,2,3.92699,0,0,0,0,0,0,0,0,0,0,1.5708,1.5708,0,1.5708,1.5708,0,-0.0195443,-0.0206506,-0.00282467,0,0,0,1.77886,1.23786,0.0242805,0.0030191,0.00273965,0.00207535,0.000285791,0.000310594,0.000394283,1.75578,1.20968,0,0,0,0,0.0286126,0.111461,0,3.51104e-05,0,2.52454e-05,0.0308921,0.112614,2,1.75578,1.20968,0,0.344544,0.487027,3.7308e-15,0,0,0,0,0,0,0,0,0,0,0,0,0.855775,1.20968,0,0,0,0,0,0,0,0,0,0,0,0,2,0.855775,1.20968,0,1,2,0,0,0,0,0,1.278,-0.222,2.4301,0,0,0,0,0,0,0,-0,0,1.50013,0,0,0,0,0,0,0,0,0,0,0,0,0,0,0,0,0,0,0,0,0,0,0,0,0,0,0,0,0,0,0,0,0
15.3,-0.0403209,-0.0135054,0.000832421,0,0,0,3.05422,2.0277,-2.35859,0.00547927,0.000698028,-0.00156831,0.000731868,-0.00325812,-0.00226254,3,2,3.92699,0,0,0,0,0,0,0,0,0,0,0,2,3,2,3.92699,0,0,0,0,0,0,0,0,0,0,1.5708,1.5708,0,1.5708,1.5708,0,-0.0195443,-0.0206506,-0.00282467,-0.0305608,-0.0319598,-0.00354536,1.77886,1.23786,0.0242805,0.0030191,0.00273965,0.00207535,0.000285791,0.000310594,0.000394283,1.75578,1.20968,0,0,0,0,0.0303072,0.110895,0,2.0275e-05,0,1.08583e-05,0.0315614,0.110472,2,1.75578,1.20968,0,0.344544,0.487027,3.7308e-15,0,0,0,0,0,0,0,0,0,0,0,0,0.855775,1.20968,0,0,0,0,0,0,0,0,0,0,0,0,2,0.855775,1.20968,0,1,2,0,0,0,0,0,1.278,-0.222,2.4301,0,0,0,0,0,0,0,-0,0,1.50013,0,0,0,0,0,0,0,0,0,0,0,0,0,0,0,0,0,0,0,0,0,0,0,0,0,0,0,0,0,0,0,0,0
15.35,-0.0396962,-0.0150453,-0.000877626,0,0,0,3.05474,2.02781,-2.35833,0.00523182,0.00114064,0.00258799,-0.000603938,-0.000229948,0.0148147,3,2,3.92699,0,0,0,0,0,0,0,0,0,0,0,2,3,2,3.92699,0,0,0,0,0,0,0,0,0,0,1.5708,1.5708,0,1.5708,1.5708,0,-0.0194931,-0.0207847,-0.00245818,-0.0305608,-0.0319598,-0.00354536,1.77915,1.23814,0.0243956,0.00296884,0.00274658,0.00115161,-6.16521e-05,0.000121513,-0.00382656,1.75578,1.20968,0,0,0,0,0.0303072,0.110895,0,2.0275e-05,0,1.08583e-05,0.0315614,0.110472,2,1.75578,1.20968,0,0.344544,0.487027,3.7308e-15,0,0,0,0,0,0,0,0,0,0,0,0,0.855775,1.20968,0,0,0,0,0,0,0,0,0,0,0,0,2,0.855775,1.20968,0,1,2,0,0,0,0,0,1.2457,-0.2549,2.3982,0,0,0,0,0,0,0,-0,0,1.50024,0,0,0,0,0,0,0,0,0,0,0,0,0,0,0,0,0,0,0,0,0,0,0,0,0,0,0,0,0,0,0,0,0
15.4,-0.0396962,-0.0150453,-0.000877626,0,0,0,3.05474,2.02781,-2.35833,0.00523182,0.00114064,0.00258799,-0.000603938,-0.000229948,0.0148147,3,2,3.92699,0,0,0,0,0,0,0,0,0,0,0,2,3,2,3.92699,0,0,0,0,0,0,0,0,0,0,1.5708,1.5708,0,1.5708,1.5708,0,-0.0194931,-0.0207847,-0.00245818,-0.0305571,-0.0319634,-0.00354536,1.77915,1.23814,0.0243956,0.00296884,0.00274658,0.00115161,-6.16521e-05,0.000121513,-0.00382656,1.75578,1.20968,0,0,0,0,0.0328451,0.107999,0,1.08316e-06,0,2.54351e-08,0.0347058,0.108236,2,1.75578,1.20968,0,0.344544,0.487027,3.7308e-15,0,0,0,0,0,0,0,0,0,0,0,0,0.855775,1.20968,0,0,0,0,0,0,0,0,0,0,0,0,2,0.855775,1.20968,0,1,2,0,0,0,0,0,1.2457,-0.2549,2.3982,0,0,0,0,0,0,0,-0,0,1.50024,0,0,0,0,0,0,0,0,0,0,0,0,0,0,0,0,0,0,0,0,0,0,0,0,0,0,0,0,0,0,0,0,0
15.45,-0.043287,-0.0187606,0.00117489,0,0,0,3.05536,2.02803,-2.35857,0.00622147,0.00221498,-0.00241453,0.00342165,0.00456686,-0.00877976,3,2,3.92699,0,0,0,0,0,0,0,0,0,0,0,2,3,2,3.92699,0,0,0,0,0,0,0,0,0,0,1.5708,1.5708,0,1.5708,1.5708,0,-0.0193496,-0.019614,-0.00210784,-0.0305571,-0.0319634,-0.00354536,1.77944,1.23837,0.0244241,0.00289229,0.00237363,0.000284927,-0.000384068,-0.00143748,-0.00632938,1.75578,1.20968,0,0,0,0,0.0328451,0.107999,0,1.08316e-06,0,2.54351e-08,0.0347058,0.108236,2,1.75578,1.20968,0,0.344544,0.487027,3.7308e-15,0,0,0,0,0,0,0,0,0,0,0,0,0.855775,1.20968,0,0,0,0,0,0,0,0,0,0,0,0,2,0.855775,1.20968,0,1,2,0,0,0,0,0,1.2457,-0.2549,2.3982,0,0,0,0,0,0,0,-0,0,1.50051,0,0,0,0,0,0,0,0,0,0,0,0,0,0,0,0,0,0,0,0,0,0,0,0,0,0,0,0,0,0,0,0,0
15.5,-0.043287,-0.0187606,0.00117489,0,0,0,3.05536,2.02803,-2.35857,0.00622147,0.00221498,-0.00241453,0.00342165,0.00456686,-0.00877976,3,2,3.92699,0,0,0,0,0,0,0,0,0,0,0,2,3,2,3.92699,0,0,0,0,0,0,0,0,0,0,1.5708,1.5708,0,1.5708,1.5708,0,-0.0193496,-0.019614,-0.00210784,-0.0305562,-0.0319642,-0.00354536,1.77944,1.23837,0.0244241,0.00289229,0.00237363,0.000284927,-0.000384068,-0.00143748,-0.00632938,1.75578,1.20968,0,0,0,0,0.0357221,0.103881,0,0,0,0,0.0354427,0.0992782,2,1.75578,1.20968,0,0.344544,0.487027,3.7308e-15,0,0,0,0,0,0,0,0,0,0,0,0,0.855775,1.20968,0,0,0,0,0,0,0,0,0,0,0,0,2,0.855775,1.20968,0,1,2,0,0,0,0,0,1.2457,-0.2549,2.3982,0,0,0,0,0,0,0,-0,0,1.50051,0,0,0,0,0,0,0,0,0,0,0,0,0,0,0,0,0,0,0,0,0,0,0,0,0,0,0,0,0,0,0,0,0
15.55,-0.045016,-0.0159093,0.000629647,0,0,0,3.05603,2.02817,-2.35868,0.00665438,0.00135407,-0.00105167,0.00431931,-5.15422e-05,-0.00301789,3,2,3.92699,0,0,0,0,0,0,0,0,0,0,0,2,3,2,3.92699,0,0,0,0,0,0,0,0,0,0,1.5708,1.5708,0,1.5708,1.5708,0,-0.0190977,-0.0192941,-0.00160055,-0.0384967,-0.0390105,-0.0017694,1.77972,1.2386,0.0243298,0.00278507,0.00225272,-0.000942885,-0.000707447,-0.00156132,-0.009046,1.75578,1.20968,0,0,0,0,0.0357221,0.103881,0,0,0,0,0.0354427,0.0992782,2,1.75578,1.20968,0,0.344544,0.487027,3.7308e-15,0,0,0,0,0,0,0,0,0,0,0,0,0.855775,1.20968,0,0,0,0,0,0,0,0,0,0,0,0,2,0.855775,1.20968,0,1,2,0,0,0,0,0,1.2308,-0.2706,2.3829,0,0,0,0,0,0,0,-0,0,1.50079,0,0,0,0,0,0,0,0,0,0,0,0,0,0,0,0,0,0,0,0,0,0,0,0,0,0,0,0,0,0,0,0,0
15.6,-0.045016,-0.0159093,0.000629647,0,0,0,3.05603,2.02817,-2.35868,0.00665438,0.00135407,-0.00105167,0.00431931,-5.15422e-05,-0.00301789,3,2,3.92699,0,0,0,0,0,0,0,0,0,0,0,2,3,2,3.92699,0,0,0,0,0,0,0,0,0,0,1.5708,1.5708,0,1.5708,1.5708,0,-0.0190977,-0.0192941,-0.00160055,-0.0385004,-0.0390068,-0.0017694,1.77972,1.2386,0.0243298,0.00278507,0.00225272,-0.000942885,-0.000707447,-0.00156132,-0.009046,1.75578,1.20968,0,0,0,0,0.0418135,0.0953505,0,0,0,0,0.0409204,0.0910479,2,1.75578,1.20968,0,0.344544,0.487027,3.7308e-15,0,0,0,0,0,0,0,0,0,0,0,0,0.855775,1.20968,0,0,0,0,0,0,0,0,0,0,0,0,2,0.855775,1.20968,0,1,2,0,0,0,0,0,1.2308,-0.2706,2.3829,0,0,0,0,0,0,0,-0,0,1.50079,0,0,0,0,0,0,0,0,0,0,0,0,0,0,0,0,0,0,0,0,0,0,0,0,0,0,0,0,0,0,0,0,0
15.65,-0.0566202,-0.0152425,0.000246772,0,0,0,3.05703,2.02828,-2.35869,0.00997344,0.00114289,-0.000107318,0.0159808,-0.00149877,0.00274,3,2,3.92699,0,0,0,0,0,0,0,0,0,0,0,2,3,2,3.92699,0,0,0,0,0,0,0,0,0,0,1.5708,1.5708,0,1.5708,1.5708,0,-0.0187026,-0.0188397,-0.00145148,-0.0385004,-0.0390068,-0.0017694,1.77999,1.23881,0.0242015,0.00263744,0.00209408,-0.00128351,-0.0010567,-0.00158675,-0.007161,1.75578,1.20968,0,0,0,0,0.0418135,0.0953505,0,0,0,0,0.0409204,0.0910479,2,1.75578,1.20968,0,0.344544,0.487027,3.7308e-15,0,0,0,0,0,0,0,0,0,0,0,0,0.855775,1.20968,0,0,0,0,0,0,0,0,0,0,0,0,2,0.855775,1.20968,0,1,2,0,0,0,0,0,1.2308,-0.2706,2.3829,0,0,0,0,0,0,0,-0,0,1.50137,0,0,0,0,0,0,0,0,0,0,0,0,0,0,0,0,0,0,0,0,0,0,0,0,0,0,0,0,0,0,0,0,0
15.7,-0.0566202,-0.0152425,0.000246772,0,0,0,3.05703,2.02828,-2.35869,0.00997344,0.00114289,-0.000107318,0.0159808,-0.00149877,0.00274,3,2,3.92699,0,0,0,0,0,0,0,0,0,0,0,2,3,2,3.92699,0,0,0,0,0,0,0,0,0,0,1.5708,1.5708,0,1.5708,1.5708,0,-0.0187026,-0.0188397,-0.00145148,-0.0385054,-0.0390019,-0.0017694,1.77999,1.23881,0.0242015,0.00263744,0.00209408,-0.00128351,-0.0010567,-0.00158675,-0.007161,1.75578,1.20968,0,0,0,0,0.0425604,0.0917437,0,0,0,0,0.0414112,0.087462,2,1.75578,1.20968,0,0.344544,0.487027,3.7308e-15,0,0,0,0,0,0,0,0,0,0,0,0,0.855775,1.20968,0,0,0,0,0,0,0,0,0,0,0,0,2,0.855775,1.20968,0,1,2,0,0,0,0,0,1.2308,-0.2706,2.3829,0,0,0,0,0,0,0,-0,0,1.50137,0,0,0,0,0,0,0,0,0,0,0,0,0,0,0,0,0,0,0,0,0,0,0,0,0,0,0,0,0,0,0,0,0
15.75,-0.0575001,-0.00161557,-0.00790961,0,0,0,3.05804,2.02799,-2.35673,0.0101135,-0.00286028,0.0195717,0.0117428,-0.0170914,0.0810622,3,2,3.92699,0,0,0,0,0,0,0,0,0,0,0,2,3,2,3.92699,0,0,0,0,0,0,0,0,0,0,1.5708,1.5708,0,1.5708,1.5708,0,-0.018476,-0.0183451,-0.00147695,-0.0385054,-0.0390019,-0.0017694,1.78024,1.239,0.0240818,0.00254057,0.00192556,-0.00119692,-0.0010664,-0.00162762,-0.0036996,1.75578,1.20968,0,0,0,0,0.0425604,0.0917437,0,0,0,0,0.0414112,0.087462,2,1.75578,1.20968,0,0.344544,0.487027,3.7308e-15,0,0,0,0,0,0,0,0,0,0,0,0,0.855775,1.20968,0,0,0,0,0,0,0,0,0,0,0,0,2,0.855775,1.20968,0,1,2,0,0,0,0,0,1.2734,-0.2295,2.4246,0,0,0,0,0,0,0,-0,0,1.50176,0,0,0,0,0,0,0,0,0,0,0,0,0,0,0,0,0,0,0,0,0,0,0,0,0,0,0,0,0,0,0,0,0
15.8,-0.0575001,-0.00161557,-0.00790961,0,0,0,3.05804,2.02799,-2.35673,0.0101135,-0.00286028,0.0195717,0.0117428,-0.0170914,0.0810622,3,2,3.92699,0,0,0,0,0,0,0,0,0,0,0,2,3,2,3.92699,0,0,0,0,0,0,0,0,0,0,1.5708,1.5708,0,1.5708,1.5708,0,-0.018476,-0.0183451,-0.00147695,-0.0365996,-0.0363336,-0.00115,1.78024,1.239,0.0240818,0.00254057,0.00192556,-0.00119692,-0.0010664,-0.00162762,-0.0036996,1.75578,1.20968,0,0,0,0,0.041467,0.0911484,0,0,0,0,0.0394702,0.0859876,2,1.75578,1.20968,0,0.344544,0.487027,3.7308e-15,0,0,0,0,0,0,0,0,0,0,0,0,0.855775,1.20968,0,0,0,0,0,0,0,0,0,0,0,0,2,0.855775,1.20968,0,1,2,0,0,0,0,0,1.2734,-0.2295,2.4246,0,0,0,0,0,0,0,-0,0,1.50176,0,0,0,0,0,0,0,0,0,0,0,0,0,0,0,0,0,0,0,0,0,0,0,0,0,0,0,0,0,0,0,0,0
15.85,-0.0774706,-0.0333962,0.00108977,0,0,0,3.05962,2.02864,-2.35698,0.0158413,0.00647822,-0.00252387,0.0293417,0.0249423,-0.029039,3,2,3.92699,0,0,0,0,0,0,0,0,0,0,0,2,3,2,3.92699,0,0,0,0,0,0,0,0,0,0,1.5708,1.5708,0,1.5708,1.5708,0,-0.0172141,-0.0180636,-0.000735681,-0.0365996,-0.0363336,-0.00115,1.78045,1.23918,0.023786,0.00214353,0.00182108,-0.00295934,-0.00223343,-0.00140447,-0.00879208,1.75578,1.20968,0,0,0,0,0.041467,0.0911484,0,0,0,0,0.0394702,0.0859876,2,1.75578,1.20968,0,0.344544,0.487027,3.7308e-15,0,0,0,0,0,0,0,0,0,0,0,0,0.855775,1.20968,0,0,0,0,0,0,0,0,0,0,0,0,2,0.855775,1.20968,0,1,2,0,0,0,0,0,1.2734,-0.2295,2.4246,0,0,0,0,0,0,0,-0,0,1.50317,0,0,0,0,0,0,0,0,0,0,0,0,0,0,0,0,0,0,0,0,0,0,0,0,0,0,0,0,0,0,0,0,0
15.9,-0.0774706,-0.0333962,0.00108977,0,0,0,3.05962,2.02864,-2.35698,0.0158413,0.00647822,-0.00252387,0.0293417,0.0249423,-0.029039,3,2,3.92699,0,0,0,0,0,0,0,0,0,0,0,2,3,2,3.92699,0,0,0,0,0,0,0,0,0,0,1.5708,1.5708,0,1.5708,1.5708,0,-0.0172141,-0.0180636,-0.000735681,-0.0366103,-0.0363228,-0.00115,1.78045,1.23918,0.023786,0.00214353,0.00182108,-0.00295934,-0.00223343,-0.00140447,-0.00879208,1.75578,1.20968,0,0,0,0,0.0474244,0.0762818,0,0,0,0,0.0483742,0.0753925,2,1.75578,1.20968,0,0.344544,0.487027,3.7308e-15,0,0,0,0,0,0,0,0,0,0,0,0,0.855775,1.20968,0,0,0,0,0,0,0,0,0,0,0,0,2,0.855775,1.20968,0,1,2,0,0,0,0,0,1.2734,-0.2295,2.4246,0,0,0,0,0,0,0,-0,0,1.50317,0,0,0,0,0,0,0,0,0,0,0,0,0,0,0,0,0,0,0,0,0,0,0,0,0,0,0,0,0,0,0,0,0
15.95,-0.0774706,-0.0333962,0.00108977,0,0,0,3.05962,2.02864,-2.35698,0.0158413,0.00647822,-0.00252387,0.0293417,0.0249423,-0.029039,3,2,3.92699,0,0,0,0,0,0,0,0,0,0,0,2,3,2,3.92699,0,0,0,0,0,0,0,0,0,0,1.5708,1.5708,0,1.5708,1.5708,0,-0.0172141,-0.0180636,-0.000735681,-0.0366103,-0.0363228,-0.00115,1.78045,1.23918,0.023786,0.00214353,0.00182108,-0.00295934,-0.00223343,-0.00140447,-0.00879208,1.75578,1.20968,0,0,0,0,0.0474244,0.0762818,0,0,0,0,0.0483742,0.0753925,2,1.75578,1.20968,0,0.344544,0.487027,3.7308e-15,0,0,0,0,0,0,0,0,0,0,0,0,0.855775,1.20968,0,0,0,0,0,0,0,0,0,0,0,0,2,0.855775,1.20968,0,1,2,0,0,0,0,0,1.233,-0.2752,2.3807,0,0,0,0,0,0,0,-0,0,1.50317,0,0,0,0,0,0,0,0,0,0,0,0,0,0,0,0,0,0,0,0,0,0,0,0,0,0,0,0,0,0,0,0,0
16,-0.0781267,-0.0381635,0.0074177,0,0,0,3.06121,2.02942,-2.35876,0.0158467,0.00779763,-0.0177402,0.0200528,0.0259483,-0.0931376,3,2,3.92699,0,0,0,0,0,0,0,0,0,0,0,2,3,2,3.92699,0,0,0,0,0,0,0,0,0,0,1.5708,1.5708,0,1.5708,1.5708,0,-0.0163273,-0.0184855,-0.000824023,-0.0366103,-0.0363228,-0.00115,1.78064,1.23938,0.0235171,0.0018603,0.00192255,-0.00268835,-0.00262627,-0.000403936,-0.00489132,1.75578,1.20968,0,0,0,0,0.0474244,0.0762818,0,0,0,0,0.0483742,0.0753925,2,1.75578,1.20968,0,0.344544,0.487027,3.7308e-15,0,0,0,0,0,0,0,0,0,0,0,0,0.855775,1.20968,0,0,0,0,0,0,0,0,0,0,0,0,2,0.855775,1.20968,0,1,2,0,0,0,0,0,1.233,-0.2752,2.3807,0,0,0,0,0,0,0,-0,0,1.50467,0,0,0,0,0,0,0,0,0,0,0,0,0,0,0,0,0,0,0,0,0,0,0,0,0,0,0,0,0,0,0,0,0
16.05,-0.0641413,-0.0032409,0.00117748,0,0,0,3.06236,2.02917,-2.35899,0.0115653,-0.00251893,-0.00233707,-0.00634081,-0.0255106,-0.00304999,3,2,3.92699,0,0,0,0,0,0,0,0,0,0,0,2,3,2,3.92699,0,0,0,0,0,0,0,0,0,0,1.5708,1.5708,0,1.5708,1.5708,0,-0.0164962,-0.0175831,-0.000660887,-0.0323473,-0.0366205,-0.000515441,1.78083,1.23954,0.0232144,0.00188767,0.00163736,-0.00302858,-0.0015232,-0.00124879,-0.00376537,1.75578,1.20968,0,0,0,0,0.0430538,0.0744664,0,0,0,0,0.0487456,0.0781562,2,1.75578,1.20968,0,0.344544,0.487027,3.7308e-15,0,0,0,0,0,0,0,0,0,0,0,0,0.855775,1.20968,0,0,0,0,0,0,0,0,0,0,0,0,2,0.855775,1.20968,0,1,2,0,0,0,0,0,1.233,-0.2752,2.3807,0,0,0,0,0,0,0,-0,0,1.50527,0,0,0,0,0,0,0,0,0,0,0,0,0,0,0,0,0,0,0,0,0,0,0,0,0,0,0,0,0,0,0,0,0
16.1,-0.0641413,-0.0032409,0.00117748,0,0,0,3.06236,2.02917,-2.35899,0.0115653,-0.00251893,-0.00233707,-0.00634081,-0.0255106,-0.00304999,3,2,3.92699,0,0,0,0,0,0,0,0,0,0,0,2,3,2,3.92699,0,0,0,0,0,0,0,0,0,0,1.5708,1.5708,0,1.5708,1.5708,0,-0.0164962,-0.0175831,-0.000660887,-0.0323584,-0.0366107,-0.000515441,1.78083,1.23954,0.0232144,0.00188767,0.00163736,-0.00302858,-0.0015232,-0.00124879,-0.00376537,1.75578,1.20968,0,0,0,0,0.0459943,0.0725309,0,0,0,0,0.0478715,0.0727167,2,1.75578,1.20968,0,0.344544,0.487027,3.7308e-15,0,0,0,0,0,0,0,0,0,0,0,0,0.855775,1.20968,0,0,0,0,0,0,0,0,0,0,0,0,2,0.855775,1.20968,0,1,2,0,0,0,0,0,1.233,-0.2752,2.3807,0,0,0,0,0,0,0,-0,0,1.50527,0,0,0,0,0,0,0,0,0,0,0,0,0,0,0,0,0,0,0,0,0,0,0,0,0,0,0,0,0,0,0,0,0
16.15,-0.062697,-0.0120054,0.00206045,0,0,0,3.06346,2.02918,-2.35943,0.011006,7.68373e-05,-0.00442119,-0.00959129,-0.0119082,0.00202654,3,2,3.92699,0,0,0,0,0,0,0,0,0,0,0,2,3,2,3.92699,0,0,0,0,0,0,0,0,0,0,1.5708,1.5708,0,1.5708,1.5708,0,-0.015463,-0.0173914,-0.000574861,-0.0323584,-0.0366107,-0.000515441,1.78098,1.2397,0.0228965,0.0015648,0.00156236,-0.00317628,-0.00205184,-0.00116063,-0.00270387,1.75578,1.20968,0,0,0,0,0.0459943,0.0725309,0,0,0,0,0.0478715,0.0727167,2,1.75578,1.20968,0,0.344544,0.487027,3.7308e-15,0,0,0,0,0,0,0,0,0,0,0,0,0.855775,1.20968,0,0,0,0,0,0,0,0,0,0,0,0,2,0.855775,1.20968,0,1,2,0,0,0,0,0,1.2352,-0.2738,2.3819,0,0,0,0,0,0,0,-0,0,1.506,0,0,0,0,0,0,0,0,0,0,0,0,0,0,0,0,0,0,0,0,0,0,0,0,0,0,0,0,0,0,0,0,0
16.2,-0.062697,-0.0120054,0.00206045,0,0,0,3.06346,2.02918,-2.35943,0.011006,7.68373e-05,-0.00442119,-0.00959129,-0.0119082,0.00202654,3,2,3.92699,0,0,0,0,0,0,0,0,0,0,0,2,3,2,3.92699,0,0,0,0,0,0,0,0,0,0,1.5708,1.5708,0,1.5708,1.5708,0,-0.015463,-0.0173914,-0.000574861,-0.03237,-0.0366004,-0.000515441,1.78098,1.2397,0.0228965,0.0015648,0.00156236,-0.00317628,-0.00205184,-0.00116063,-0.00270387,1.75578,1.20968,0,0,0,0,0.0436035,0.0675902,0,0,0,0,0.048487,0.0709442,2,1.75578,1.20968,0,0.344544,0.487027,3.7308e-15,0,0,0,0,0,0,0,0,0,0,0,0,0.855775,1.20968,0,0,0,0,0,0,0,0,0,0,0,0,2,0.855775,1.20968,0,1,2,0,0,0,0,0,1.2352,-0.2738,2.3819,0,0,0,0,0,0,0,-0,0,1.506,0,0,0,0,0,0,0,0,0,0,0,0,0,0,0,0,0,0,0,0,0,0,0,0,0,0,0,0,0,0,0,0,0
16.25,-0.0611528,-0.0124386,0.00165227,0,0,0,3.06451,2.0292,-2.35977,0.0104243,0.000202769,-0.00334958,-0.00856294,-0.00480634,0.00620132,3,2,3.92699,0,0,0,0,0,0,0,0,0,0,0,2,3,2,3.92699,0,0,0,0,0,0,0,0,0,0,1.5708,1.5708,0,1.5708,1.5708,0,-0.0158321,-0.0164426,9.91683e-05,-0.03237,-0.0366004,-0.000515441,1.78115,1.23982,0.022423,0.00165391,0.00126791,-0.00473784,-0.000953188,-0.00186697,-0.00770752,1.75578,1.20968,0,0,0,0,0.0436035,0.0675902,0,0,0,0,0.048487,0.0709442,2,1.75578,1.20968,0,0.344544,0.487027,3.7308e-15,0,0,0,0,0,0,0,0,0,0,0,0,0.855775,1.20968,0,0,0,0,0,0,0,0,0,0,0,0,2,0.855775,1.20968,0,1,2,0,0,0,0,0,1.2352,-0.2738,2.3819,0,0,0,0,0,0,0,-0,0,1.50669,0,0,0,0,0,0,0,0,0,0,0,0,0,0,0,0,0,0,0,0,0,0,0,0,0,0,0,0,0,0,0,0,0
16.3,-0.0611528,-0.0124386,0.00165227,0,0,0,3.06451,2.0292,-2.35977,0.0104243,0.000202769,-0.00334958,-0.00856294,-0.00480634,0.00620132,3,2,3.92699,0,0,0,0,0,0,0,0,0,0,0,2,3,2,3.92699,0,0,0,0,0,0,0,0,0,0,1.5708,1.5708,0,1.5708,1.5708,0,-0.0158321,-0.0164426,9.91683e-05,-0.0323873,-0.0365851,-0.000515441,1.78115,1.23982,0.022423,0.00165391,0.00126791,-0.00473784,-0.000953188,-0.00186697,-0.00770752,1.75578,1.20968,0,0,0,0,0.054348,0.0592493,0,0,0,0,0.0541072,0.0586941,2,1.75578,1.20968,0,0.344544,0.487027,3.7308e-15,0,0,0,0,0,0,0,0,0,0,0,0,0.855775,1.20968,0,0,0,0,0,0,0,0,0,0,0,0,2,0.855775,1.20968,0,1,2,0,0,0,0,0,1.2352,-0.2738,2.3819,0,0,0,0,0,0,0,-0,0,1.50669,0,0,0,0,0,0,0,0,0,0,0,0,0,0,0,0,0,0,0,0,0,0,0,0,0,0,0,0,0,0,0,0,0
16.35,-0.0579745,-0.0118043,0.000864516,0,0,0,3.06544,2.0292,-2.35991,0.00937093,1.46535e-05,-0.00138331,-0.00918547,-0.00267701,0.0121361,3,2,3.92699,0,0,0,0,0,0,0,0,0,0,0,2,3,2,3.92699,0,0,0,0,0,0,0,0,0,0,1.5708,1.5708,0,1.5708,1.5708,0,-0.0155235,-0.016421,6.33866e-05,-0.0313687,-0.0325779,0.000379753,1.7813,1.23995,0.0219673,0.00154473,0.00124677,-0.00455858,-0.000855961,-0.00129787,-0.00459993,1.75578,1.20968,0,0,0,0,0.054348,0.0592493,0,0,0,0,0.0541072,0.0586941,2,1.75578,1.20968,0,0.344544,0.487027,3.7308e-15,0,0,0,0,0,0,0,0,0,0,0,0,0.855775,1.20968,0,0,0,0,0,0,0,0,0,0,0,0,2,0.855775,1.20968,0,1,2,0,0,0,0,0,1.2365,-0.2742,2.3817,0,0,0,0,0,0,0,-0,0,1.50729,0,0,0,0,0,0,0,0,0,0,0,0,0,0,0,0,0,0,0,0,0,0,0,0,0,0,0,0,0,0,0,0,0
16.4,-0.0579745,-0.0118043,0.000864516,0,0,0,3.06544,2.0292,-2.35991,0.00937093,1.46535e-05,-0.00138331,-0.00918547,-0.00267701,0.0121361,3,2,3.92699,0,0,0,0,0,0,0,0,0,0,0,2,3,2,3.92699,0,0,0,0,0,0,0,0,0,0,1.5708,1.5708,0,1.5708,1.5708,0,-0.0155235,-0.016421,6.33866e-05,-0.0313835,-0.0325636,0.000379753,1.7813,1.23995,0.0219673,0.00154473,0.00124677,-0.00455858,-0.000855961,-0.00129787,-0.00459993,1.75578,1.20968,0,0,0,0,0.0527559,0.0586221,0,0,0,0,0.0536287,0.059119,2,1.75578,1.20968,0,0.344544,0.487027,3.7308e-15,0,0,0,0,0,0,0,0,0,0,0,0,0.855775,1.20968,0,0,0,0,0,0,0,0,0,0,0,0,2,0.855775,1.20968,0,1,2,0,0,0,0,0,1.2365,-0.2742,2.3817,0,0,0,0,0,0,0,-0,0,1.50729,0,0,0,0,0,0,0,0,0,0,0,0,0,0,0,0,0,0,0,0,0,0,0,0,0,0,0,0,0,0,0,0,0
16.45,-0.057693,-0.01085,0.00117511,0,0,0,3.06636,2.02917,-2.36012,0.00917806,-0.000264916,-0.00210542,-0.00637214,-0.00243633,0.00520743,3,2,3.92699,0,0,0,0,0,0,0,0,0,0,0,2,3,2,3.92699,0,0,0,0,0,0,0,0,0,0,1.5708,1.5708,0,1.5708,1.5708,0,-0.0158192,-0.0156018,0.000290657,-0.0313835,-0.0325636,0.000379753,1.78147,1.24005,0.0214657,0.00161269,0.000993741,-0.00501657,-0.000229419,-0.00171348,-0.00417135,1.75578,1.20968,0,0,0,0,0.0527559,0.0586221,0,0,0,0,0.0536287,0.059119,2,1.75578,1.20968,0,0.344544,0.487027,3.7308e-15,0,0,0,0,0,0,0,0,0,0,0,0,0.855775,1.20968,0,0,0,0,0,0,0,0,0,0,0,0,2,0.855775,1.20968,0,1,2,0,0,0,0,0,1.2365,-0.2742,2.3817,0,0,0,0,0,0,0,-0,0,1.50787,0,0,0,0,0,0,0,0,0,0,0,0,0,0,0,0,0,0,0,0,0,0,0,0,0,0,0,0,0,0,0,0,0
16.5,-0.057693,-0.01085,0.00117511,0,0,0,3.06636,2.02917,-2.36012,0.00917806,-0.000264916,-0.00210542,-0.00637214,-0.00243633,0.00520743,3,2,3.92699,0,0,0,0,0,0,0,0,0,0,0,2,3,2,3.92699,0,0,0,0,0,0,0,0,0,0,1.5708,1.5708,0,1.5708,1.5708,0,-0.0158192,-0.0156018,0.000290657,-0.0313999,-0.0325478,0.000379753,1.78147,1.24005,0.0214657,0.00161269,0.000993741,-0.00501657,-0.000229419,-0.00171348,-0.00417135,1.75578,1.20968,0,0,0,0,0.0570142,0.0562652,0,0,0,0,0.0538644,0.0531607,2,1.75578,1.20968,0,0.344544,0.487027,3.7308e-15,0,0,0,0,0,0,0,0,0,0,0,0,0.855775,1.20968,0,0,0,0,0,0,0,0,0,0,0,0,2,0.855775,1.20968,0,1,2,0,0,0,0,0,1.2365,-0.2742,2.3817,0,0,0,0,0,0,0,-0,0,1.50787,0,0,0,0,0,0,0,0,0,0,0,0,0,0,0,0,0,0,0,0,0,0,0,0,0,0,0,0,0,0,0,0,0
16.55,-0.0541873,-0.0115482,0.000888728,0,0,0,3.06717,2.02917,-2.36025,0.00804348,-5.73662e-05,-0.00137313,-0.00797956,-0.000600976,0.00511495,3,2,3.92699,0,0,0,0,0,0,0,0,0,0,0,2,3,2,3.92699,0,0,0,0,0,0,0,0,0,0,1.5708,1.5708,0,1.5708,1.5708,0,-0.0159711,-0.0159766,0.000209289,-0.0313999,-0.0325478,0.000379753,1.78163,1.24016,0.0209934,0.00163799,0.00109118,-0.00472195,4.80456e-05,-0.000695877,-0.00126909,1.75578,1.20968,0,0,0,0,0.0570142,0.0562652,0,0,0,0,0.0538644,0.0531607,2,1.75578,1.20968,0,0.344544,0.487027,3.7308e-15,0,0,0,0,0,0,0,0,0,0,0,0,0.855775,1.20968,0,0,0,0,0,0,0,0,0,0,0,0,2,0.855775,1.20968,0,1,2,0,0,0,0,0,1.2655,-0.247,2.409,0,0,0,0,0,0,0,-0,0,1.50836,0,0,0,0,0,0,0,0,0,0,0,0,0,0,0,0,0,0,0,0,0,0,0,0,0,0,0,0,0,0,0,0,0
16.6,-0.0541873,-0.0115482,0.000888728,0,0,0,3.06717,2.02917,-2.36025,0.00804348,-5.73662e-05,-0.00137313,-0.00797956,-0.000600976,0.00511495,3,2,3.92699,0,0,0,0,0,0,0,0,0,0,0,2,3,2,3.92699,0,0,0,0,0,0,0,0,0,0,1.5708,1.5708,0,1.5708,1.5708,0,-0.0159711,-0.0159766,0.000209289,-0.0314152,-0.032533,0.000379753,1.78163,1.24016,0.0209934,0.00163799,0.00109118,-0.00472195,4.80456e-05,-0.000695877,-0.00126909,1.75578,1.20968,0,0,0,0,0.0563357,0.0580102,0,0,0,0,0.0540575,0.0556231,2,1.75578,1.20968,0,0.344544,0.487027,3.7308e-15,0,0,0,0,0,0,0,0,0,0,0,0,0.855775,1.20968,0,0,0,0,0,0,0,0,0,0,0,0,2,0.855775,1.20968,0,1,2,0,0,0,0,0,1.2655,-0.247,2.409,0,0,0,0,0,0,0,-0,0,1.50836,0,0,0,0,0,0,0,0,0,0,0,0,0,0,0,0,0,0,0,0,0,0,0,0,0,0,0,0,0,0,0,0,0
16.65,-0.0535964,-0.00571122,0.00133709,0,0,0,3.06794,2.02899,-2.3605,0.0077757,-0.00176565,-0.00242781,-0.0060857,-0.00693799,-0.00115403,3,2,3.92699,0,0,0,0,0,0,0,0,0,0,0,2,3,2,3.92699,0,0,0,0,0,0,0,0,0,0,1.5708,1.5708,0,1.5708,1.5708,0,-0.0152926,-0.0135721,0.000519963,-0.0316452,-0.031656,0.000485957,1.78177,1.24019,0.0204558,0.00142132,0.000378529,-0.0053777,-0.0008007,-0.00312848,-0.00298533,1.75578,1.20968,0,0,0,0,0.0563357,0.0580102,0,0,0,0,0.0540575,0.0556231,2,1.75578,1.20968,0,0.344544,0.487027,3.7308e-15,0,0,0,0,0,0,0,0,0,0,0,0,0.855775,1.20968,0,0,0,0,0,0,0,0,0,0,0,0,2,0.855775,1.20968,0,1,2,0,0,0,0,0,1.2655,-0.247,2.409,0,0,0,0,0,0,0,-0,0,1.50879,0,0,0,0,0,0,0,0,0,0,0,0,0,0,0,0,0,0,0,0,0,0,0,0,0,0,0,0,0,0,0,0,0
16.7,-0.0535964,-0.00571122,0.00133709,0,0,0,3.06794,2.02899,-2.3605,0.0077757,-0.00176565,-0.00242781,-0.0060857,-0.00693799,-0.00115403,3,2,3.92699,0,0,0,0,0,0,0,0,0,0,0,2,3,2,3.92699,0,0,0,0,0,0,0,0,0,0,1.5708,1.5708,0,1.5708,1.5708,0,-0.0152926,-0.0135721,0.000519963,-0.0316622,-0.031639,0.000485957,1.78177,1.24019,0.0204558,0.00142132,0.000378529,-0.0053777,-0.0008007,-0.00312848,-0.00298533,1.75578,1.20968,0,0,0,0,0.0585756,0.0506198,0,0,0,0,0.0502219,0.0427707,2,1.75578,1.20968,0,0.344544,0.487027,3.7308e-15,0,0,0,0,0,0,0,0,0,0,0,0,0.855775,1.20968,0,0,0,0,0,0,0,0,0,0,0,0,2,0.855775,1.20968,0,1,2,0,0,0,0,0,1.2655,-0.247,2.409,0,0,0,0,0,0,0,-0,0,1.50879,0,0,0,0,0,0,0,0,0,0,0,0,0,0,0,0,0,0,0,0,0,0,0,0,0,0,0,0,0,0,0,0,0
16.75,-0.0429534,-0.0014181,-0.00678498,0,0,0,3.0684,2.02869,-2.35877,0.00456798,-0.00300178,0.0172142,-0.016208,-0.00996436,0.0769412,3,2,3.92699,0,0,0,0,0,0,0,0,0,0,0,2,3,2,3.92699,0,0,0,0,0,0,0,0,0,0,1.5708,1.5708,0,1.5708,1.5708,0,-0.0156001,-0.0131298,0.000627983,-0.0316622,-0.031639,0.000485957,1.78192,1.24022,0.0199026,0.00149418,0.000245367,-0.00553228,-0.000303193,-0.00273942,-0.00264745,1.75578,1.20968,0,0,0,0,0.0585756,0.0506198,0,0,0,0,0.0502219,0.0427707,2,1.75578,1.20968,0,0.344544,0.487027,3.7308e-15,0,0,0,0,0,0,0,0,0,0,0,0,0.855775,1.20968,0,0,0,0,0,0,0,0,0,0,0,0,2,0.855775,1.20968,0,1,2,0,0,0,0,0,1.2386,-0.2753,2.3804,0,0,0,0,0,0,0,-0,0,1.50888,0,0,0,0,0,0,0,0,0,0,0,0,0,0,0,0,0,0,0,0,0,0,0,0,0,0,0,0,0,0,0,0,0
16.8,-0.0429534,-0.0014181,-0.00678498,0,0,0,3.0684,2.02869,-2.35877,0.00456798,-0.00300178,0.0172142,-0.016208,-0.00996436,0.0769412,3,2,3.92699,0,0,0,0,0,0,0,0,0,0,0,2,3,2,3.92699,0,0,0,0,0,0,0,0,0,0,1.5708,1.5708,0,1.5708,1.5708,0,-0.0156001,-0.0131298,0.000627983,-0.0316797,-0.0316215,0.000485957,1.78192,1.24022,0.0199026,0.00149418,0.000245367,-0.00553228,-0.000303193,-0.00273942,-0.00264745,1.75578,1.20968,0,0,0,0,0.0611742,0.0500684,0,0,0,0,0.050157,0.0397564,2,1.75578,1.20968,0,0.344544,0.487027,3.7308e-15,0,0,0,0,0,0,0,0,0,0,0,0,0.855775,1.20968,0,0,0,0,0,0,0,0,0,0,0,0,2,0.855775,1.20968,0,1,2,0,0,0,0,0,1.2386,-0.2753,2.3804,0,0,0,0,0,0,0,-0,0,1.50888,0,0,0,0,0,0,0,0,0,0,0,0,0,0,0,0,0,0,0,0,0,0,0,0,0,0,0,0,0,0,0,0,0
16.85,-0.0511364,-0.0200022,0.000692568,0,0,0,3.06909,2.02894,-2.35889,0.00691,0.00247466,-0.00116362,-0.00174763,0.0154903,-0.0166643,3,2,3.92699,0,0,0,0,0,0,0,0,0,0,0,2,3,2,3.92699,0,0,0,0,0,0,0,0,0,0,1.5708,1.5708,0,1.5708,1.5708,0,-0.0157656,-0.0177243,0.000531099,-0.0316797,-0.0316215,0.000485957,1.78207,1.24038,0.0193836,0.00152484,0.00157977,-0.00519017,7.06765e-06,0.00373943,-0.000174349,1.75578,1.20968,0,0,0,0,0.0611742,0.0500684,0,0,0,0,0.050157,0.0397564,2,1.75578,1.20968,0,0.344544,0.487027,3.7308e-15,0,0,0,0,0,0,0,0,0,0,0,0,0.855775,1.20968,0,0,0,0,0,0,0,0,0,0,0,0,2,0.855775,1.20968,0,1,2,0,0,0,0,0,1.2386,-0.2753,2.3804,0,0,0,0,0,0,0,-0,0,1.50938,0,0,0,0,0,0,0,0,0,0,0,0,0,0,0,0,0,0,0,0,0,0,0,0,0,0,0,0,0,0,0,0,0
16.9,-0.0511364,-0.0200022,0.000692568,0,0,0,3.06909,2.02894,-2.35889,0.00691,0.00247466,-0.00116362,-0.00174763,0.0154903,-0.0166643,3,2,3.92699,0,0,0,0,0,0,0,0,0,0,0,2,3,2,3.92699,0,0,0,0,0,0,0,0,0,0,1.5708,1.5708,0,1.5708,1.5708,0,-0.0157656,-0.0177243,0.000531099,-0.0316961,-0.031605,0.000485957,1.78207,1.24038,0.0193836,0.00152484,0.00157977,-0.00519017,7.06765e-06,0.00373943,-0.000174349,1.75578,1.20968,0,0,0,0,0.0597881,0.0531879,0,0,0,0,0.0641726,0.0579895,2,1.75578,1.20968,0,0.344544,0.487027,3.7308e-15,0,0,0,0,0,0,0,0,0,0,0,0,0.855775,1.20968,0,0,0,0,0,0,0,0,0,0,0,0,2,0.855775,1.20968,0,1,2,0,0,0,0,0,1.2386,-0.2753,2.3804,0,0,0,0,0,0,0,-0,0,1.50938,0,0,0,0,0,0,0,0,0,0,0,0,0,0,0,0,0,0,0,0,0,0,0,0,0,0,0,0,0,0,0,0,0
16.95,-0.0465827,-0.00981097,0.00143028,0,0,0,3.06964,2.02888,-2.35918,0.00549529,-0.000538299,-0.00292046,-0.00474259,0.00070775,-0.029695,3,2,3.92699,0,0,0,0,0,0,0,0,0,0,0,2,3,2,3.92699,0,0,0,0,0,0,0,0,0,0,1.5708,1.5708,0,1.5708,1.5708,0,-0.0150125,-0.0140336,0.000658019,-0.0312408,-0.0351229,0.000821424,1.7822,1.24042,0.0188442,0.00128776,0.000487031,-0.00539397,-0.000900499,-0.00124366,-0.000586183,1.75578,1.20968,0,0,0,0,0.0597881,0.0531879,0,0,0,0,0.0641726,0.0579895,2,1.75578,1.20968,0,0.344544,0.487027,3.7308e-15,0,0,0,0,0,0,0,0,0,0,0,0,0.855775,1.20968,0,0,0,0,0,0,0,0,0,0,0,0,2,0.855775,1.20968,0,1,2,0,0,0,0,0,1.1514,-0.3655,2.2904,0,0,0,0,0,0,0,-0,0,1.50969,0,0,0,0,0,0,0,0,0,0,0,0,0,0,0,0,0,0,0,0,0,0,0,0,0,0,0,0,0,0,0,0,0
17,-0.0465827,-0.00981097,0.00143028,0,0,0,3.06964,2.02888,-2.35918,0.00549529,-0.000538299,-0.00292046,-0.00474259,0.00070775,-0.029695,3,2,3.92699,0,0,0,0,0,0,0,0,0,0,0,2,3,2,3.92699,0,0,0,0,0,0,0,0,0,0,1.5708,1.5708,0,1.5708,1.5708,0,-0.0150125,-0.0140336,0.000658019,-0.0312598,-0.0351061,0.000821424,1.7822,1.24042,0.0188442,0.00128776,0.000487031,-0.00539397,-0.000900499,-0.00124366,-0.000586183,1.75578,1.20968,0,0,0,0,0.0593879,0.0477589,0,0,0,0,0.0536693,0.0427784,2,1.75578,1.20968,0,0.344544,0.487027,3.7308e-15,0,0,0,0,0,0,0,0,0,0,0,0,0.855775,1.20968,0,0,0,0,0,0,0,0,0,0,0,0,2,0.855775,1.20968,0,1,2,0,0,0,0,0,1.1514,-0.3655,2.2904,0,0,0,0,0,0,0,-0,0,1.50969,0,0,0,0,0,0,0,0,0,0,0,0,0,0,0,0,0,0,0,0,0,0,0,0,0,0,0,0,0,0,0,0,0
17.05,-0.0465827,-0.00981097,0.00143028,0,0,0,3.06964,2.02888,-2.35918,0.00549529,-0.000538299,-0.00292046,-0.00474259,0.00070775,-0.029695,3,2,3.92699,0,0,0,0,0,0,0,0,0,0,0,2,3,2,3.92699,0,0,0,0,0,0,0,0,0,0,1.5708,1.5708,0,1.5708,1.5708,0,-0.0150125,-0.0140336,0.000658019,-0.0312598,-0.0351061,0.000821424,1.7822,1.24042,0.0188442,0.00128776,0.000487031,-0.00539397,-0.000900499,-0.00124366,-0.000586183,1.75578,1.20968,0,0,0,0,0.0593879,0.0477589,0,0,0,0,0.0536693,0.0427784,2,1.75578,1.20968,0,0.344544,0.487027,3.7308e-15,0,0,0,0,0,0,0,0,0,0,0,0,0.855775,1.20968,0,0,0,0,0,0,0,0,0,0,0,0,2,0.855775,1.20968,0,1,2,0,0,0,0,0,1.1514,-0.3655,2.2904,0,0,0,0,0,0,0,-0,0,1.50969,0,0,0,0,0,0,0,0,0,0,0,0,0,0,0,0,0,0,0,0,0,0,0,0,0,0,0,0,0,0,0,0,0
17.1,-0.0465827,-0.00981097,0.00143028,0,0,0,3.06964,2.02888,-2.35918,0.00549529,-0.000538299,-0.00292046,-0.00474259,0.00070775,-0.029695,3,2,3.92699,0,0,0,0,0,0,0,0,0,0,0,2,3,2,3.92699,0,0,0,0,0,0,0,0,0,0,1.5708,1.5708,0,1.5708,1.5708,0,-0.0150125,-0.0140336,0.000658019,-0.0312598,-0.0351061,0.000821424,1.7822,1.24042,0.0188442,0.00128776,0.000487031,-0.00539397,-0.000900499,-0.00124366,-0.000586183,1.75578,1.20968,0,0,0,0,0.0593879,0.0477589,0,0,0,0,0.0536693,0.0427784,2,1.75578,1.20968,0,0.344544,0.487027,3.7308e-15,0,0,0,0,0,0,0,0,0,0,0,0,0.855775,1.20968,0,0,0,0,0,0,0,0,0,0,0,0,2,0.855775,1.20968,0,1,2,0,0,0,0,0,1.1514,-0.3655,2.2904,0,0,0,0,0,0,0,-0,0,1.50969,0,0,0,0,0,0,0,0,0,0,0,0,0,0,0,0,0,0,0,0,0,0,0,0,0,0,0,0,0,0,0,0,0
17.15,-0.0450638,-0.0064699,0.00134159,0,0,0,3.07014,2.02873,-2.35945,0.00498583,-0.00151015,-0.00264908,-0.00529112,-0.005459,-0.0185086,3,2,3.92699,0,0,0,0,0,0,0,0,0,0,0,2,3,2,3.92699,0,0,0,0,0,0,0,0,0,0,1.5708,1.5708,0,1.5708,1.5708,0,-0.0151909,-0.0125099,0.000515587,-0.0312598,-0.0351061,0.000821424,1.78233,1.24043,0.0183498,0.00132459,3.78455e-05,-0.00494484,-0.000516979,-0.0032163,0.00138932,1.75578,1.20968,0,0,0,0,0.0593879,0.0477589,0,0,0,0,0.0536693,0.0427784,2,1.75578,1.20968,0,0.344544,0.487027,3.7308e-15,0,0,0,0,0,0,0,0,0,0,0,0,0.855775,1.20968,0,0,0,0,0,0,0,0,0,0,0,0,2,0.855775,1.20968,0,1,2,0,0,0,0,0,1.2392,-0.278,2.3776,0,0,0,0,0,0,0,-0,0,1.50992,0,0,0,0,0,0,0,0,0,0,0,0,0,0,0,0,0,0,0,0,0,0,0,0,0,0,0,0,0,0,0,0,0
17.2,-0.0417798,-0.00763049,0.00327397,0,0,0,3.07053,2.02862,-2.36017,0.00396559,-0.00115256,-0.00725883,-0.00732745,-0.00268381,-0.028019,3,2,3.92699,0,0,0,0,0,0,0,0,0,0,0,2,3,2,3.92699,0,0,0,0,0,0,0,0,0,0,1.5708,1.5708,0,1.5708,1.5708,0,-0.0152991,-0.0130484,0.000887869,-0.0312771,-0.0350906,0.000821424,1.78247,1.24045,0.0177754,0.00134059,0.000194128,-0.00574463,-0.000194505,-0.00157378,-0.00209453,1.75578,1.20968,0,0,0,0,0.0581982,0.0499514,0,0,0,0,0.0467551,0.0390317,2,1.75578,1.20968,0,0.344544,0.487027,3.7308e-15,0,0,0,0,0,0,0,0,0,0,0,0,0.855775,1.20968,0,0,0,0,0,0,0,0,0,0,0,0,2,0.855775,1.20968,0,1,2,0,0,0,0,0,1.2392,-0.278,2.3776,0,0,0,0,0,0,0,-0,0,1.51008,0,0,0,0,0,0,0,0,0,0,0,0,0,0,0,0,0,0,0,0,0,0,0,0,0,0,0,0,0,0,0,0,0
17.25,-0.0412507,-0.00745219,0.00329147,0,0,0,3.07091,2.0285,-2.36089,0.00376392,-0.00119118,-0.00715833,-0.00547856,-0.00139081,-0.0177136,3,2,3.92699,0,0,0,0,0,0,0,0,0,0,0,2,3,2,3.92699,0,0,0,0,0,0,0,0,0,0,1.5708,1.5708,0,1.5708,1.5708,0,-0.0144163,-0.0122718,0.000908638,-0.0303203,-0.0258629,0.00112793,1.78258,1.24044,0.0172071,0.00106791,-3.4173e-05,-0.00568177,-0.00116187,-0.00163475,-0.00148169,1.75578,1.20968,0,0,0,0,0.0636586,0.0452804,0,0,0,0,0.0534191,0.0362088,2,1.75578,1.20968,0,0.344544,0.487027,3.7308e-15,0,0,0,0,0,0,0,0,0,0,0,0,0.855775,1.20968,0,0,0,0,0,0,0,0,0,0,0,0,2,0.855775,1.20968,0,1,2,0,0,0,0,0,1.2392,-0.278,2.3776,0,0,0,0,0,0,0,-0,0,1.51024,0,0,0,0,0,0,0,0,0,0,0,0,0,0,0,0,0,0,0,0,0,0,0,0,0,0,0,0,0,0,0,0,0
17.3,-0.0412507,-0.00745219,0.00329147,0,0,0,3.07091,2.0285,-2.36089,0.00376392,-0.00119118,-0.00715833,-0.00547856,-0.00139081,-0.0177136,3,2,3.92699,0,0,0,0,0,0,0,0,0,0,0,2,3,2,3.92699,0,0,0,0,0,0,0,0,0,0,1.5708,1.5708,0,1.5708,1.5708,0,-0.0144163,-0.0122718,0.000908638,-0.030335,-0.0258457,0.00112793,1.78258,1.24044,0.0172071,0.00106791,-3.4173e-05,-0.00568177,-0.00116187,-0.00163475,-0.00148169,1.75578,1.20968,0,0,0,0,0.0609653,0.0416386,0,0,0,0,0.0512251,0.0331268,2,1.75578,1.20968,0,0.344544,0.487027,3.7308e-15,0,0,0,0,0,0,0,0,0,0,0,0,0.855775,1.20968,0,0,0,0,0,0,0,0,0,0,0,0,2,0.855775,1.20968,0,1,2,0,0,0,0,0,1.2392,-0.278,2.3776,0,0,0,0,0,0,0,-0,0,1.51024,0,0,0,0,0,0,0,0,0,0,0,0,0,0,0,0,0,0,0,0,0,0,0,0,0,0,0,0,0,0,0,0,0
17.35,-0.037321,-0.00647658,0.00345296,0,0,0,3.07117,2.02835,-2.36163,0.00256902,-0.00146278,-0.0074072,-0.007818,-0.00174399,-0.0102279,3,2,3.92699,0,0,0,0,0,0,0,0,0,0,0,2,3,2,3.92699,0,0,0,0,0,0,0,0,0,0,1.5708,1.5708,0,1.5708,1.5708,0,-0.0157152,-0.0126857,0.00115708,-0.030335,-0.0258457,0.00112793,1.78272,1.24045,0.0165904,0.00143348,8.66925e-05,-0.00616871,0.000630838,-0.00050691,-0.00274593,1.75578,1.20968,0,0,0,0,0.0609653,0.0416386,0,0,0,0,0.0512251,0.0331268,2,1.75578,1.20968,0,0.344544,0.487027,3.7308e-15,0,0,0,0,0,0,0,0,0,0,0,0,0.855775,1.20968,0,0,0,0,0,0,0,0,0,0,0,0,2,0.855775,1.20968,0,1,2,0,0,0,0,0,1.2401,-0.2764,2.3775,0,0,0,0,0,0,0,-0,0,1.51026,0,0,0,0,0,0,0,0,0,0,0,0,0,0,0,0,0,0,0,0,0,0,0,0,0,0,0,0,0,0,0,0,0
17.4,-0.037321,-0.00647658,0.00345296,0,0,0,3.07117,2.02835,-2.36163,0.00256902,-0.00146278,-0.0074072,-0.007818,-0.00174399,-0.0102279,3,2,3.92699,0,0,0,0,0,0,0,0,0,0,0,2,3,2,3.92699,0,0,0,0,0,0,0,0,0,0,1.5708,1.5708,0,1.5708,1.5708,0,-0.0157152,-0.0126857,0.00115708,-0.030351,-0.0258269,0.00112793,1.78272,1.24045,0.0165904,0.00143348,8.66925e-05,-0.00616871,0.000630838,-0.00050691,-0.00274593,1.75578,1.20968,0,0,0,0,0.0688426,0.0428751,0,0,0,0,0.0557466,0.0314303,2,1.75578,1.20968,0,0.344544,0.487027,3.7308e-15,0,0,0,0,0,0,0,0,0,0,0,0,0.855775,1.20968,0,0,0,0,0,0,0,0,0,0,0,0,2,0.855775,1.20968,0,1,2,0,0,0,0,0,1.2401,-0.2764,2.3775,0,0,0,0,0,0,0,-0,0,1.51026,0,0,0,0,0,0,0,0,0,0,0,0,0,0,0,0,0,0,0,0,0,0,0,0,0,0,0,0,0,0,0,0,0
17.45,-0.0368042,-0.00638614,0.00365254,0,0,0,3.07141,2.02821,-2.3624,0.00238745,-0.00147202,-0.00774304,-0.00573326,-0.00113343,-0.00647824,3,2,3.92699,0,0,0,0,0,0,0,0,0,0,0,2,3,2,3.92699,0,0,0,0,0,0,0,0,0,0,1.5708,1.5708,0,1.5708,1.5708,0,-0.0143202,-0.0122488,0.000437853,-0.030351,-0.0258269,0.00112793,1.78282,1.24045,0.0161589,0.00101064,-4.14997e-05,-0.0043147,-0.00106668,-0.000663891,0.00558176,1.75578,1.20968,0,0,0,0,0.0688426,0.0428751,0,0,0,0,0.0557466,0.0314303,2,1.75578,1.20968,0,0.344544,0.487027,3.7308e-15,0,0,0,0,0,0,0,0,0,0,0,0,0.855775,1.20968,0,0,0,0,0,0,0,0,0,0,0,0,2,0.855775,1.20968,0,1,2,0,0,0,0,0,1.2401,-0.2764,2.3775,0,0,0,0,0,0,0,-0,0,1.5103,0,0,0,0,0,0,0,0,0,0,0,0,0,0,0,0,0,0,0,0,0,0,0,0,0,0,0,0,0,0,0,0,0
17.5,-0.0368042,-0.00638614,0.00365254,0,0,0,3.07141,2.02821,-2.3624,0.00238745,-0.00147202,-0.00774304,-0.00573326,-0.00113343,-0.00647824,3,2,3.92699,0,0,0,0,0,0,0,0,0,0,0,2,3,2,3.92699,0,0,0,0,0,0,0,0,0,0,1.5708,1.5708,0,1.5708,1.5708,0,-0.0143202,-0.0122488,0.000437853,-0.0283767,-0.024273,0.000664903,1.78282,1.24045,0.0161589,0.00101064,-4.14997e-05,-0.0043147,-0.00106668,-0.000663891,0.00558176,1.75578,1.20968,0,0,0,0,0.0540347,0.0477888,0,0,0,0,0.0450688,0.0392189,2,1.75578,1.20968,0,0.344544,0.487027,3.7308e-15,0,0,0,0,0,0,0,0,0,0,0,0,0.855775,1.20968,0,0,0,0,0,0,0,0,0,0,0,0,2,0.855775,1.20968,0,1,2,0,0,0,0,0,1.2401,-0.2764,2.3775,0,0,0,0,0,0,0,-0,0,1.5103,0,0,0,0,0,0,0,0,0,0,0,0,0,0,0,0,0,0,0,0,0,0,0,0,0,0,0,0,0,0,0,0,0
17.55,-0.0338153,-0.00587668,0.00360396,0,0,0,3.07156,2.02805,-2.36315,0.00148421,-0.00160382,-0.00747359,-0.00677051,-0.00112384,-0.0023016,3,2,3.92699,0,0,0,0,0,0,0,0,0,0,0,2,3,2,3.92699,0,0,0,0,0,0,0,0,0,0,1.5708,1.5708,0,1.5708,1.5708,0,-0.0149438,-0.0117984,0.00119626,-0.0283767,-0.024273,0.000664903,1.78294,1.24043,0.0155531,0.00118029,-0.0001721,-0.00605712,-0.000192873,-0.000941704,-0.00248156,1.75578,1.20968,0,0,0,0,0.0540347,0.0477888,0,0,0,0,0.0450688,0.0392189,2,1.75578,1.20968,0,0.344544,0.487027,3.7308e-15,0,0,0,0,0,0,0,0,0,0,0,0,0.855775,1.20968,0,0,0,0,0,0,0,0,0,0,0,0,2,0.855775,1.20968,0,1,2,0,0,0,0,0,1.2193,-0.2959,2.3567,0,0,0,0,0,0,0,-0,0,1.51025,0,0,0,0,0,0,0,0,0,0,0,0,0,0,0,0,0,0,0,0,0,0,0,0,0,0,0,0,0,0,0,0,0
17.6,-0.0338153,-0.00587668,0.00360396,0,0,0,3.07156,2.02805,-2.36315,0.00148421,-0.00160382,-0.00747359,-0.00677051,-0.00112384,-0.0023016,3,2,3.92699,0,0,0,0,0,0,0,0,0,0,0,2,3,2,3.92699,0,0,0,0,0,0,0,0,0,0,1.5708,1.5708,0,1.5708,1.5708,0,-0.0149438,-0.0117984,0.00119626,-0.0283914,-0.0242558,0.000664903,1.78294,1.24043,0.0155531,0.00118029,-0.0001721,-0.00605712,-0.000192873,-0.000941704,-0.00248156,1.75578,1.20968,0,0,0,0,0.0667911,0.0393307,0,0,0,0,0.0534352,0.0277211,2,1.75578,1.20968,0,0.344544,0.487027,3.7308e-15,0,0,0,0,0,0,0,0,0,0,0,0,0.855775,1.20968,0,0,0,0,0,0,0,0,0,0,0,0,2,0.855775,1.20968,0,1,2,0,0,0,0,0,1.2193,-0.2959,2.3567,0,0,0,0,0,0,0,-0,0,1.51025,0,0,0,0,0,0,0,0,0,0,0,0,0,0,0,0,0,0,0,0,0,0,0,0,0,0,0,0,0,0,0,0,0
17.65,-0.0334269,-0.00500882,0.0032995,0,0,0,3.07169,2.02786,-2.36381,0.00135301,-0.00183902,-0.0065922,-0.00473094,-0.00161225,0.00270952,3,2,3.92699,0,0,0,0,0,0,0,0,0,0,0,2,3,2,3.92699,0,0,0,0,0,0,0,0,0,0,1.5708,1.5708,0,1.5708,1.5708,0,-0.0138058,-0.0110192,0.000454934,-0.0283914,-0.0242558,0.000664903,1.78302,1.24039,0.0151381,0.000835254,-0.000396868,-0.00415207,-0.00137692,-0.00150101,0.00503438,1.75578,1.20968,0,0,0,0,0.0667911,0.0393307,0,0,0,0,0.0534352,0.0277211,2,1.75578,1.20968,0,0.344544,0.487027,3.7308e-15,0,0,0,0,0,0,0,0,0,0,0,0,0.855775,1.20968,0,0,0,0,0,0,0,0,0,0,0,0,2,0.855775,1.20968,0,1,2,0,0,0,0,0,1.2193,-0.2959,2.3567,0,0,0,0,0,0,0,-0,0,1.51022,0,0,0,0,0,0,0,0,0,0,0,0,0,0,0,0,0,0,0,0,0,0,0,0,0,0,0,0,0,0,0,0,0
17.7,-0.0334269,-0.00500882,0.0032995,0,0,0,3.07169,2.02786,-2.36381,0.00135301,-0.00183902,-0.0065922,-0.00473094,-0.00161225,0.00270952,3,2,3.92699,0,0,0,0,0,0,0,0,0,0,0,2,3,2,3.92699,0,0,0,0,0,0,0,0,0,0,1.5708,1.5708,0,1.5708,1.5708,0,-0.0138058,-0.0110192,0.000454934,-0.0284014,-0.024244,0.000664903,1.78302,1.24039,0.0151381,0.000835254,-0.000396868,-0.00415207,-0.00137692,-0.00150101,0.00503438,1.75578,1.20968,0,0,0,0,0.0526192,0.0453815,0,0,0,0,0.0413015,0.0345232,2,1.75578,1.20968,0,0.344544,0.487027,3.7308e-15,0,0,0,0,0,0,0,0,0,0,0,0,0.855775,1.20968,0,0,0,0,0,0,0,0,0,0,0,0,2,0.855775,1.20968,0,1,2,0,0,0,0,0,1.2193,-0.2959,2.3567,0,0,0,0,0,0,0,-0,0,1.51022,0,0,0,0,0,0,0,0,0,0,0,0,0,0,0,0,0,0,0,0,0,0,0,0,0,0,0,0,0,0,0,0,0
17.75,-0.030386,-0.00474157,0.00343307,0,0,0,3.07174,2.02767,-2.36449,0.000446739,-0.00189559,-0.00678482,-0.00618429,-0.00126242,0.00152737,3,2,3.92699,0,0,0,0,0,0,0,0,0,0,0,2,3,2,3.92699,0,0,0,0,0,0,0,0,0,0,1.5708,1.5708,0,1.5708,1.5708,0,-0.0145302,-0.010899,0.00105377,-0.0275054,-0.0120854,0.00118256,1.78313,1.24035,0.0145867,0.00103629,-0.000427209,-0.00551323,-0.000182673,-0.00109868,-0.00140405,1.75578,1.20968,0,0,0,0,0.0526192,0.0453815,0,0,0,0,0.0413015,0.0345232,2,1.75578,1.20968,0,0.344544,0.487027,3.7308e-15,0,0,0,0,0,0,0,0,0,0,0,0,0.855775,1.20968,0,0,0,0,0,0,0,0,0,0,0,0,2,0.855775,1.20968,0,1,2,0,0,0,0,0,1.1709,-0.3429,2.3084,0,0,0,0,0,0,0,-0,0,1.5101,0,0,0,0,0,0,0,0,0,0,0,0,0,0,0,0,0,0,0,0,0,0,0,0,0,0,0,0,0,0,0,0,0
17.8,-0.030386,-0.00474157,0.00343307,0,0,0,3.07174,2.02767,-2.36449,0.000446739,-0.00189559,-0.00678482,-0.00618429,-0.00126242,0.00152737,3,2,3.92699,0,0,0,0,0,0,0,0,0,0,0,2,3,2,3.92699,0,0,0,0,0,0,0,0,0,0,1.5708,1.5708,0,1.5708,1.5708,0,-0.0145302,-0.010899,0.00105377,-0.0275121,-0.0120703,0.00118256,1.78313,1.24035,0.0145867,0.00103629,-0.000427209,-0.00551323,-0.000182673,-0.00109868,-0.00140405,1.75578,1.20968,0,0,0,0,0.0634618,0.0395845,0,0,0,0,0.0486733,0.0263144,2,1.75578,1.20968,0,0.344544,0.487027,3.7308e-15,0,0,0,0,0,0,0,0,0,0,0,0,0.855775,1.20968,0,0,0,0,0,0,0,0,0,0,0,0,2,0.855775,1.20968,0,1,2,0,0,0,0,0,1.1709,-0.3429,2.3084,0,0,0,0,0,0,0,-0,0,1.5101,0,0,0,0,0,0,0,0,0,0,0,0,0,0,0,0,0,0,0,0,0,0,0,0,0,0,0,0,0,0,0,0,0
17.85,-0.0301209,-0.00462968,0.00308303,0,0,0,3.07177,2.02748,-2.36507,0.000363864,-0.00190601,-0.005807,-0.00424213,-0.000750357,0.00467126,3,2,3.92699,0,0,0,0,0,0,0,0,0,0,0,2,3,2,3.92699,0,0,0,0,0,0,0,0,0,0,1.5708,1.5708,0,1.5708,1.5708,0,-0.0132517,-0.0112924,0.000724487,-0.0275121,-0.0120703,0.00118256,1.78319,1.24032,0.0141257,0.000652024,-0.000307697,-0.0046116,-0.00148444,-0.00012731,0.00189339,1.75578,1.20968,0,0,0,0,0.0634618,0.0395845,0,0,0,0,0.0486733,0.0263144,2,1.75578,1.20968,0,0.344544,0.487027,3.7308e-15,0,0,0,0,0,0,0,0,0,0,0,0,0.855775,1.20968,0,0,0,0,0,0,0,0,0,0,0,0,2,0.855775,1.20968,0,1,2,0,0,0,0,0,1.1709,-0.3429,2.3084,0,0,0,0,0,0,0,-0,0,1.50999,0,0,0,0,0,0,0,0,0,0,0,0,0,0,0,0,0,0,0,0,0,0,0,0,0,0,0,0,0,0,0,0,0
17.9,-0.0301209,-0.00462968,0.00308303,0,0,0,3.07177,2.02748,-2.36507,0.000363864,-0.00190601,-0.005807,-0.00424213,-0.000750357,0.00467126,3,2,3.92699,0,0,0,0,0,0,0,0,0,0,0,2,3,2,3.92699,0,0,0,0,0,0,0,0,0,0,1.5708,1.5708,0,1.5708,1.5708,0,-0.0132517,-0.0112924,0.000724487,-0.0275176,-0.0120576,0.00118256,1.78319,1.24032,0.0141257,0.000652024,-0.000307697,-0.0046116,-0.00148444,-0.00012731,0.00189339,1.75578,1.20968,0,0,0,0,0.0543705,0.0397028,0,0,0,0,0.0458212,0.0320855,2,1.75578,1.20968,0,0.344544,0.487027,3.7308e-15,0,0,0,0,0,0,0,0,0,0,0,0,0.855775,1.20968,0,0,0,0,0,0,0,0,0,0,0,0,2,0.855775,1.20968,0,1,2,0,0,0,0,0,1.1709,-0.3429,2.3084,0,0,0,0,0,0,0,-0,0,1.50999,0,0,0,0,0,0,0,0,0,0,0,0,0,0,0,0,0,0,0,0,0,0,0,0,0,0,0,0,0,0,0,0,0
17.95,-0.0273423,-0.00181029,0.00254305,0,0,0,3.07173,2.02721,-2.36551,-0.00045394,-0.002709,-0.00439011,-0.00555154,-0.00359242,0.00888428,3,2,3.92699,0,0,0,0,0,0,0,0,0,0,0,2,3,2,3.92699,0,0,0,0,0,0,0,0,0,0,1.5708,1.5708,0,1.5708,1.5708,0,-0.0144379,-0.0105805,0.00101959,-0.0275176,-0.0120576,0.00118256,1.78329,1.24027,0.0136023,0.000989639,-0.000511293,-0.00523193,0.000282569,-0.000758958,-0.00090186,1.75578,1.20968,0,0,0,0,0.0543705,0.0397028,0,0,0,0,0.0458212,0.0320855,2,1.75578,1.20968,0,0.344544,0.487027,3.7308e-15,0,0,0,0,0,0,0,0,0,0,0,0,0.855775,1.20968,0,0,0,0,0,0,0,0,0,0,0,0,2,0.855775,1.20968,0,1,2,0,0,0,0,0,1.2295,-0.2827,2.3672,0,0,0,0,0,0,0,-0,0,1.50975,0,0,0,0,0,0,0,0,0,0,0,0,0,0,0,0,0,0,0,0,0,0,0,0,0,0,0,0,0,0,0,0,0
18,-0.0273423,-0.00181029,0.00254305,0,0,0,3.07173,2.02721,-2.36551,-0.00045394,-0.002709,-0.00439011,-0.00555154,-0.00359242,0.00888428,3,2,3.92699,0,0,0,0,0,0,0,0,0,0,0,2,3,2,3.92699,0,0,0,0,0,0,0,0,0,0,1.5708,1.5708,0,1.5708,1.5708,0,-0.0144379,-0.0105805,0.00101959,-0.0287139,-0.013733,0.00161233,1.78329,1.24027,0.0136023,0.000989639,-0.000511293,-0.00523193,0.000282569,-0.000758958,-0.00090186,1.75578,1.20968,0,0,0,0,0.0626739,0.0396199,0,0,0,0,0.0472254,0.0256375,2,1.75578,1.20968,0,0.344544,0.487027,3.7308e-15,0,0,0,0,0,0,0,0,0,0,0,0,0.855775,1.20968,0,0,0,0,0,0,0,0,0,0,0,0,2,0.855775,1.20968,0,1,2,0,0,0,0,0,1.2295,-0.2827,2.3672,0,0,0,0,0,0,0,-0,0,1.50975,0,0,0,0,0,0,0,0,0,0,0,0,0,0,0,0,0,0,0,0,0,0,0,0,0,0,0,0,0,0,0,0,0
18.05,-0.0272728,-0.00206147,0.00257028,0,0,0,3.07168,2.02695,-2.36595,-0.00046893,-0.00260354,-0.00436951,-0.00356995,-0.00211563,0.00599561,3,2,3.92699,0,0,0,0,0,0,0,0,0,0,0,2,3,2,3.92699,0,0,0,0,0,0,0,0,0,0,1.5708,1.5708,0,1.5708,1.5708,0,-0.0133306,-0.0100636,0.000914886,-0.0287139,-0.013733,0.00161233,1.78335,1.2402,0.0131148,0.000655769,-0.000655769,-0.00487691,-0.000926892,-0.00111758,0.000508102,1.75578,1.20968,0,0,0,0,0.0626739,0.0396199,0,0,0,0,0.0472254,0.0256375,2,1.75578,1.20968,0,0.344544,0.487027,3.7308e-15,0,0,0,0,0,0,0,0,0,0,0,0,0.855775,1.20968,0,0,0,0,0,0,0,0,0,0,0,0,2,0.855775,1.20968,0,1,2,0,0,0,0,0,1.2295,-0.2827,2.3672,0,0,0,0,0,0,0,-0,0,1.50955,0,0,0,0,0,0,0,0,0,0,0,0,0,0,0,0,0,0,0,0,0,0,0,0,0,0,0,0,0,0,0,0,0
18.1,-0.0272728,-0.00206147,0.00257028,0,0,0,3.07168,2.02695,-2.36595,-0.00046893,-0.00260354,-0.00436951,-0.00356995,-0.00211563,0.00599561,3,2,3.92699,0,0,0,0,0,0,0,0,0,0,0,2,3,2,3.92699,0,0,0,0,0,0,0,0,0,0,1.5708,1.5708,0,1.5708,1.5708,0,-0.0133306,-0.0100636,0.000914886,-0.0287206,-0.013719,0.00161233,1.78335,1.2402,0.0131148,0.000655769,-0.000655769,-0.00487691,-0.000926892,-0.00111758,0.000508102,1.75578,1.20968,0,0,0,0,0.0574369,0.0370053,0,0,0,0,0.0442587,0.0251263,2,1.75578,1.20968,0,0.344544,0.487027,3.7308e-15,0,0,0,0,0,0,0,0,0,0,0,0,0.855775,1.20968,0,0,0,0,0,0,0,0,0,0,0,0,2,0.855775,1.20968,0,1,2,0,0,0,0,0,1.2295,-0.2827,2.3672,0,0,0,0,0,0,0,-0,0,1.50955,0,0,0,0,0,0,0,0,0,0,0,0,0,0,0,0,0,0,0,0,0,0,0,0,0,0,0,0,0,0,0,0,0
18.15,-0.0245524,-0.00248461,0.00211019,0,0,0,3.07155,2.02671,-2.36626,-0.00125989,-0.00244897,-0.00317366,-0.00503657,-0.000456542,0.00798143,3,2,3.92699,0,0,0,0,0,0,0,0,0,0,0,2,3,2,3.92699,0,0,0,0,0,0,0,0,0,0,1.5708,1.5708,0,1.5708,1.5708,0,-0.0135703,-0.0107047,0.00108338,-0.0287206,-0.013719,0.00161233,1.78343,1.24016,0.0125961,0.000717844,-0.000461471,-0.00518703,-0.000471227,5.58881e-05,-0.000750104,1.75578,1.20968,0,0,0,0,0.0574369,0.0370053,0,0,0,0,0.0442587,0.0251263,2,1.75578,1.20968,0,0.344544,0.487027,3.7308e-15,0,0,0,0,0,0,0,0,0,0,0,0,0.855775,1.20968,0,0,0,0,0,0,0,0,0,0,0,0,2,0.855775,1.20968,0,1,2,0,0,0,0,0,1.2408,-0.2701,2.3785,0,0,0,0,0,0,0,-0,0,1.50928,0,0,0,0,0,0,0,0,0,0,0,0,0,0,0,0,0,0,0,0,0,0,0,0,0,0,0,0,0,0,0,0,0
18.2,-0.0245524,-0.00248461,0.00211019,0,0,0,3.07155,2.02671,-2.36626,-0.00125989,-0.00244897,-0.00317366,-0.00503657,-0.000456542,0.00798143,3,2,3.92699,0,0,0,0,0,0,0,0,0,0,0,2,3,2,3.92699,0,0,0,0,0,0,0,0,0,0,1.5708,1.5708,0,1.5708,1.5708,0,-0.0135703,-0.0107047,0.00108338,-0.0287277,-0.0137041,0.00161233,1.78343,1.24016,0.0125961,0.000717844,-0.000461471,-0.00518703,-0.000471227,5.58881e-05,-0.000750104,1.75578,1.20968,0,0,0,0,0.0604972,0.0356518,0,0,0,0,0.048591,0.0253256,2,1.75578,1.20968,0,0.344544,0.487027,3.7308e-15,0,0,0,0,0,0,0,0,0,0,0,0,0.855775,1.20968,0,0,0,0,0,0,0,0,0,0,0,0,2,0.855775,1.20968,0,1,2,0,0,0,0,0,1.2408,-0.2701,2.3785,0,0,0,0,0,0,0,-0,0,1.50928,0,0,0,0,0,0,0,0,0,0,0,0,0,0,0,0,0,0,0,0,0,0,0,0,0,0,0,0,0,0,0,0,0
18.25,-0.0244695,-0.00109591,0.00177999,0,0,0,3.07143,2.02642,-2.36649,-0.00126932,-0.00282668,-0.00231466,-0.0032605,-0.00155869,0.00849396,3,2,3.92699,0,0,0,0,0,0,0,0,0,0,0,2,3,2,3.92699,0,0,0,0,0,0,0,0,0,0,1.5708,1.5708,0,1.5708,1.5708,0,-0.0131247,-0.00988142,0.000643258,-0.026987,-0.014068,0.00166558,1.78348,1.24009,0.0121936,0.000579739,-0.000695687,-0.00402474,-0.000773121,-0.000743419,0.00402377,1.75578,1.20968,0,0,0,0,0.0604972,0.0356518,0,0,0,0,0.048591,0.0253256,2,1.75578,1.20968,0,0.344544,0.487027,3.7308e-15,0,0,0,0,0,0,0,0,0,0,0,0,0.855775,1.20968,0,0,0,0,0,0,0,0,0,0,0,0,2,0.855775,1.20968,0,1,2,0,0,0,0,0,1.2408,-0.2701,2.3785,0,0,0,0,0,0,0,-0,0,1.50901,0,0,0,0,0,0,0,0,0,0,0,0,0,0,0,0,0,0,0,0,0,0,0,0,0,0,0,0,0,0,0,0,0
18.3,-0.0244695,-0.00109591,0.00177999,0,0,0,3.07143,2.02642,-2.36649,-0.00126932,-0.00282668,-0.00231466,-0.0032605,-0.00155869,0.00849396,3,2,3.92699,0,0,0,0,0,0,0,0,0,0,0,2,3,2,3.92699,0,0,0,0,0,0,0,0,0,0,1.5708,1.5708,0,1.5708,1.5708,0,-0.0131247,-0.00988142,0.000643258,-0.0269927,-0.0140571,0.00166558,1.78348,1.24009,0.0121936,0.000579739,-0.000695687,-0.00402474,-0.000773121,-0.000743419,0.00402377,1.75578,1.20968,0,0,0,0,0.0529355,0.039974,0,0,0,0,0.040169,0.0280314,2,1.75578,1.20968,0,0.344544,0.487027,3.7308e-15,0,0,0,0,0,0,0,0,0,0,0,0,0.855775,1.20968,0,0,0,0,0,0,0,0,0,0,0,0,2,0.855775,1.20968,0,1,2,0,0,0,0,0,1.2408,-0.2701,2.3785,0,0,0,0,0,0,0,-0,0,1.50901,0,0,0,0,0,0,0,0,0,0,0,0,0,0,0,0,0,0,0,0,0,0,0,0,0,0,0,0,0,0,0,0,0
18.35,-0.0220985,-0.00202991,0.00206208,0,0,0,3.07123,2.02617,-2.36679,-0.00194854,-0.00251991,-0.00294969,-0.00443027,0.000142887,0.002634,3,2,3.92699,0,0,0,0,0,0,0,0,0,0,0,2,3,2,3.92699,0,0,0,0,0,0,0,0,0,0,1.5708,1.5708,0,1.5708,1.5708,0,-0.0128844,-0.0104147,0.000877535,-0.0269927,-0.0140571,0.00166558,1.78354,1.24003,0.0117426,0.000503006,-0.000532307,-0.00451011,-0.000812131,9.87851e-05,0.00112597,1.75578,1.20968,0,0,0,0,0.0529355,0.039974,0,0,0,0,0.040169,0.0280314,2,1.75578,1.20968,0,0.344544,0.487027,3.7308e-15,0,0,0,0,0,0,0,0,0,0,0,0,0.855775,1.20968,0,0,0,0,0,0,0,0,0,0,0,0,2,0.855775,1.20968,0,1,2,0,0,0,0,0,1.2406,-0.2692,2.3782,0,0,0,0,0,0,0,-0,0,1.5087,0,0,0,0,0,0,0,0,0,0,0,0,0,0,0,0,0,0,0,0,0,0,0,0,0,0,0,0,0,0,0,0,0
18.4,-0.0220985,-0.00202991,0.00206208,0,0,0,3.07123,2.02617,-2.36679,-0.00194854,-0.00251991,-0.00294969,-0.00443027,0.000142887,0.002634,3,2,3.92699,0,0,0,0,0,0,0,0,0,0,0,2,3,2,3.92699,0,0,0,0,0,0,0,0,0,0,1.5708,1.5708,0,1.5708,1.5708,0,-0.0128844,-0.0104147,0.000877535,-0.026999,-0.014045,0.00166558,1.78354,1.24003,0.0117426,0.000503006,-0.000532307,-0.00451011,-0.000812131,9.87851e-05,0.00112597,1.75578,1.20968,0,0,0,0,0.0552657,0.0359793,0,0,0,0,0.0450364,0.0269762,2,1.75578,1.20968,0,0.344544,0.487027,3.7308e-15,0,0,0,0,0,0,0,0,0,0,0,0,0.855775,1.20968,0,0,0,0,0,0,0,0,0,0,0,0,2,0.855775,1.20968,0,1,2,0,0,0,0,0,1.2406,-0.2692,2.3782,0,0,0,0,0,0,0,-0,0,1.5087,0,0,0,0,0,0,0,0,0,0,0,0,0,0,0,0,0,0,0,0,0,0,0,0,0,0,0,0,0,0,0,0,0
18.45,-0.0216524,-0.000451327,0.0014348,0,0,0,3.07103,2.02588,-2.36693,-0.00205618,-0.0029524,-0.00137841,-0.00324921,-0.00141275,0.00706604,3,2,3.92699,0,0,0,0,0,0,0,0,0,0,0,2,3,2,3.92699,0,0,0,0,0,0,0,0,0,0,1.5708,1.5708,0,1.5708,1.5708,0,-0.0123679,-0.00913462,0.00104552,-0.026999,-0.014045,0.00166558,1.78357,1.23994,0.0112601,0.000346767,-0.000898664,-0.00482623,-0.00111706,-0.00129069,-0.000980407,1.75578,1.20968,0,0,0,0,0.0552657,0.0359793,0,0,0,0,0.0450364,0.0269762,2,1.75578,1.20968,0,0.344544,0.487027,3.7308e-15,0,0,0,0,0,0,0,0,0,0,0,0,0.855775,1.20968,0,0,0,0,0,0,0,0,0,0,0,0,2,0.855775,1.20968,0,1,2,0,0,0,0,0,1.2406,-0.2692,2.3782,0,0,0,0,0,0,0,-0,0,1.50839,0,0,0,0,0,0,0,0,0,0,0,0,0,0,0,0,0,0,0,0,0,0,0,0,0,0,0,0,0,0,0,0,0
18.5,-0.0216524,-0.000451327,0.0014348,0,0,0,3.07103,2.02588,-2.36693,-0.00205618,-0.0029524,-0.00137841,-0.00324921,-0.00141275,0.00706604,3,2,3.92699,0,0,0,0,0,0,0,0,0,0,0,2,3,2,3.92699,0,0,0,0,0,0,0,0,0,0,1.5708,1.5708,0,1.5708,1.5708,0,-0.0123679,-0.00913462,0.00104552,-0.0155605,-0.0122399,0.00204709,1.78357,1.23994,0.0112601,0.000346767,-0.000898664,-0.00482623,-0.00111706,-0.00129069,-0.000980407,1.75578,1.20968,0,0,0,0,0.0555658,0.0311982,0,0,0,0,0.0427041,0.0198921,2,1.75578,1.20968,0,0.344544,0.487027,3.7308e-15,0,0,0,0,0,0,0,0,0,0,0,0,0.855775,1.20968,0,0,0,0,0,0,0,0,0,0,0,0,2,0.855775,1.20968,0,1,2,0,0,0,0,0,1.2406,-0.2692,2.3782,0,0,0,0,0,0,0,-0,0,1.50839,0,0,0,0,0,0,0,0,0,0,0,0,0,0,0,0,0,0,0,0,0,0,0,0,0,0,0,0,0,0,0,0,0
18.55,-0.0199141,-0.000333316,0.00121455,0,0,0,3.07077,2.02558,-2.36701,-0.00254087,-0.00295215,-0.000819956,-0.0037295,-0.00106022,0.00707304,3,2,3.92699,0,0,0,0,0,0,0,0,0,0,0,2,3,2,3.92699,0,0,0,0,0,0,0,0,0,0,1.5708,1.5708,0,1.5708,1.5708,0,-0.0126496,-0.0102153,0.000749598,-0.0155605,-0.0122399,0.00204709,1.78361,1.23989,0.0108582,0.000424699,-0.000573588,-0.00401843,-0.000400302,0.000335186,0.00235018,1.75578,1.20968,0,0,0,0,0.0555658,0.0311982,0,0,0,0,0.0427041,0.0198921,2,1.75578,1.20968,0,0.344544,0.487027,3.7308e-15,0,0,0,0,0,0,0,0,0,0,0,0,0.855775,1.20968,0,0,0,0,0,0,0,0,0,0,0,0,2,0.855775,1.20968,0,1,2,0,0,0,0,0,1.2401,-0.2685,2.3778,0,0,0,0,0,0,0,-0,0,1.50801,0,0,0,0,0,0,0,0,0,0,0,0,0,0,0,0,0,0,0,0,0,0,0,0,0,0,0,0,0,0,0,0,0
18.6,-0.0199141,-0.000333316,0.00121455,0,0,0,3.07077,2.02558,-2.36701,-0.00254087,-0.00295215,-0.000819956,-0.0037295,-0.00106022,0.00707304,3,2,3.92699,0,0,0,0,0,0,0,0,0,0,0,2,3,2,3.92699,0,0,0,0,0,0,0,0,0,0,1.5708,1.5708,0,1.5708,1.5708,0,-0.0126496,-0.0102153,0.000749598,-0.0155654,-0.0122336,0.00204709,1.78361,1.23989,0.0108582,0.000424699,-0.000573588,-0.00401843,-0.000400302,0.000335186,0.00235018,1.75578,1.20968,0,0,0,0,0.0526684,0.0368466,0,0,0,0,0.0427615,0.0279454,2,1.75578,1.20968,0,0.344544,0.487027,3.7308e-15,0,0,0,0,0,0,0,0,0,0,0,0,0.855775,1.20968,0,0,0,0,0,0,0,0,0,0,0,0,2,0.855775,1.20968,0,1,2,0,0,0,0,0,1.2401,-0.2685,2.3778,0,0,0,0,0,0,0,-0,0,1.50801,0,0,0,0,0,0,0,0,0,0,0,0,0,0,0,0,0,0,0,0,0,0,0,0,0,0,0,0,0,0,0,0,0
18.65,-0.0197603,0.00140492,0.000984125,0,0,0,3.07052,2.02524,-2.36703,-0.00255597,-0.00342627,-0.000247938,-0.00236222,-0.0024806,0.0065341,3,2,3.92699,0,0,0,0,0,0,0,0,0,0,0,2,3,2,3.92699,0,0,0,0,0,0,0,0,0,0,1.5708,1.5708,0,1.5708,1.5708,0,-0.0118072,-0.00918958,0.000860537,-0.0155654,-0.0122336,0.00204709,1.78363,1.2398,0.0104375,0.000174547,-0.000865414,-0.00420675,-0.00114326,-0.000744208,0.00111313,1.75578,1.20968,0,0,0,0,0.0526684,0.0368466,0,0,0,0,0.0427615,0.0279454,2,1.75578,1.20968,0,0.344544,0.487027,3.7308e-15,0,0,0,0,0,0,0,0,0,0,0,0,0.855775,1.20968,0,0,0,0,0,0,0,0,0,0,0,0,2,0.855775,1.20968,0,1,2,0,0,0,0,0,1.2401,-0.2685,2.3778,0,0,0,0,0,0,0,-0,0,1.50764,0,0,0,0,0,0,0,0,0,0,0,0,0,0,0,0,0,0,0,0,0,0,0,0,0,0,0,0,0,0,0,0,0
18.7,-0.0197603,0.00140492,0.000984125,0,0,0,3.07052,2.02524,-2.36703,-0.00255597,-0.00342627,-0.000247938,-0.00236222,-0.0024806,0.0065341,3,2,3.92699,0,0,0,0,0,0,0,0,0,0,0,2,3,2,3.92699,0,0,0,0,0,0,0,0,0,0,1.5708,1.5708,0,1.5708,1.5708,0,-0.0118072,-0.00918958,0.000860537,-0.0155706,-0.0122271,0.00204709,1.78363,1.2398,0.0104375,0.000174547,-0.000865414,-0.00420675,-0.00114326,-0.000744208,0.00111313,1.75578,1.20968,0,0,0,0,0.0510407,0.0317688,0,0,0,0,0.0405619,0.0225201,2,1.75578,1.20968,0,0.344544,0.487027,3.7308e-15,0,0,0,0,0,0,0,0,0,0,0,0,0.855775,1.20968,0,0,0,0,0,0,0,0,0,0,0,0,2,0.855775,1.20968,0,1,2,0,0,0,0,0,1.2401,-0.2685,2.3778,0,0,0,0,0,0,0,-0,0,1.50764,0,0,0,0,0,0,0,0,0,0,0,0,0,0,0,0,0,0,0,0,0,0,0,0,0,0,0,0,0,0,0,0,0
18.75,-0.0178094,0.00020558,0.00056007,0,0,0,3.07021,2.02493,-2.36696,-0.00309704,-0.00303476,0.000779966,-0.00339421,-0.00011595,0.00795767,3,2,3.92699,0,0,0,0,0,0,0,0,0,0,0,2,3,2,3.92699,0,0,0,0,0,0,0,0,0,0,1.5708,1.5708,0,1.5708,1.5708,0,-0.0117852,-0.00994204,0.000470222,-0.0142986,-0.0116086,0.00190926,1.78365,1.23973,0.0101192,0.000166088,-0.000636264,-0.00318375,-0.000820883,0.000323053,0.00459033,1.75578,1.20968,0,0,0,0,0.0510407,0.0317688,0,0,0,0,0.0405619,0.0225201,2,1.75578,1.20968,0,0.344544,0.487027,3.7308e-15,0,0,0,0,0,0,0,0,0,0,0,0,0.855775,1.20968,0,0,0,0,0,0,0,0,0,0,0,0,2,0.855775,1.20968,0,1,2,0,0,0,0,0,1.2738,-0.234,2.4114,0,0,0,0,0,0,0,-0,0,1.50724,0,0,0,0,0,0,0,0,0,0,0,0,0,0,0,0,0,0,0,0,0,0,0,0,0,0,0,0,0,0,0,0,0
18.8,-0.0178094,0.00020558,0.00056007,0,0,0,3.07021,2.02493,-2.36696,-0.00309704,-0.00303476,0.000779966,-0.00339421,-0.00011595,0.00795767,3,2,3.92699,0,0,0,0,0,0,0,0,0,0,0,2,3,2,3.92699,0,0,0,0,0,0,0,0,0,0,1.5708,1.5708,0,1.5708,1.5708,0,-0.0117852,-0.00994204,0.000470222,-0.0143023,-0.0116041,0.00190926,1.78365,1.23973,0.0101192,0.000166088,-0.000636264,-0.00318375,-0.000820883,0.000323053,0.00459033,1.75578,1.20968,0,0,0,0,0.0454275,0.0372434,0,0,0,0,0.0379935,0.0303309,2,1.75578,1.20968,0,0.344544,0.487027,3.7308e-15,0,0,0,0,0,0,0,0,0,0,0,0,0.855775,1.20968,0,0,0,0,0,0,0,0,0,0,0,0,2,0.855775,1.20968,0,1,2,0,0,0,0,0,1.2738,-0.234,2.4114,0,0,0,0,0,0,0,-0,0,1.50724,0,0,0,0,0,0,0,0,0,0,0,0,0,0,0,0,0,0,0,0,0,0,0,0,0,0,0,0,0,0,0,0,0
18.85,-0.0179636,0.00520269,0.000761381,0,0,0,3.06991,2.02449,-2.36693,-0.00301539,-0.00446205,0.000278973,-0.00185517,-0.00545611,0.00297024,3,2,3.92699,0,0,0,0,0,0,0,0,0,0,0,2,3,2,3.92699,0,0,0,0,0,0,0,0,0,0,1.5708,1.5708,0,1.5708,1.5708,0,-0.0117665,-0.00666238,0.000797902,-0.0143023,-0.0116041,0.00190926,1.78366,1.23958,0.00972822,0.000158705,-0.00158338,-0.00391066,-0.000478608,-0.00344673,0.000318781,1.75578,1.20968,0,0,0,0,0.0454275,0.0372434,0,0,0,0,0.0379935,0.0303309,2,1.75578,1.20968,0,0.344544,0.487027,3.7308e-15,0,0,0,0,0,0,0,0,0,0,0,0,0.855775,1.20968,0,0,0,0,0,0,0,0,0,0,0,0,2,0.855775,1.20968,0,1,2,0,0,0,0,0,1.2738,-0.234,2.4114,0,0,0,0,0,0,0,-0,0,1.50682,0,0,0,0,0,0,0,0,0,0,0,0,0,0,0,0,0,0,0,0,0,0,0,0,0,0,0,0,0,0,0,0,0
18.9,-0.0179636,0.00520269,0.000761381,0,0,0,3.06991,2.02449,-2.36693,-0.00301539,-0.00446205,0.000278973,-0.00185517,-0.00545611,0.00297024,3,2,3.92699,0,0,0,0,0,0,0,0,0,0,0,2,3,2,3.92699,0,0,0,0,0,0,0,0,0,0,1.5708,1.5708,0,1.5708,1.5708,0,-0.0117665,-0.00666238,0.000797902,-0.0143068,-0.0115985,0.00190926,1.78366,1.23958,0.00972822,0.000158705,-0.00158338,-0.00391066,-0.000478608,-0.00344673,0.000318781,1.75578,1.20968,0,0,0,0,0.0504156,0.0318935,0,0,0,0,0.031453,0.0141137,2,1.75578,1.20968,0,0.344544,0.487027,3.7308e-15,0,0,0,0,0,0,0,0,0,0,0,0,0.855775,1.20968,0,0,0,0,0,0,0,0,0,0,0,0,2,0.855775,1.20968,0,1,2,0,0,0,0,0,1.2738,-0.234,2.4114,0,0,0,0,0,0,0,-0,0,1.50682,0,0,0,0,0,0,0,0,0,0,0,0,0,0,0,0,0,0,0,0,0,0,0,0,0,0,0,0,0,0,0,0,0
18.95,-0.0174143,0.0141676,0.00099131,0,0,0,3.06959,2.02378,-2.36696,-0.00314066,-0.00703416,-0.000281206,-0.0014068,-0.0142785,-0.00113048,3,2,3.92699,0,0,0,0,0,0,0,0,0,0,0,2,3,2,3.92699,0,0,0,0,0,0,0,0,0,0,1.5708,1.5708,0,1.5708,1.5708,0,-0.00942502,-0.00110566,0.00079939,-0.0143068,-0.0115985,0.00190926,1.78361,1.23926,0.0093443,-0.000524664,-0.00318215,-0.00383737,-0.00297175,-0.00896908,-9.51527e-05,1.75578,1.20968,0,0,0,0,0.0504156,0.0318935,0,0,0,0,0.031453,0.0141137,2,1.75578,1.20968,0,0.344544,0.487027,3.7308e-15,0,0,0,0,0,0,0,0,0,0,0,0,0.855775,1.20968,0,0,0,0,0,0,0,0,0,0,0,0,2,0.855775,1.20968,0,1,2,0,0,0,0,0,1.2389,-0.2681,2.3763,0,0,0,0,0,0,0,-0,0,1.5064,0,0,0,0,0,0,0,0,0,0,0,0,0,0,0,0,0,0,0,0,0,0,0,0,0,0,0,0,0,0,0,0,0
19,-0.0174143,0.0141676,0.00099131,0,0,0,3.06959,2.02378,-2.36696,-0.00314066,-0.00703416,-0.000281206,-0.0014068,-0.0142785,-0.00113048,3,2,3.92699,0,0,0,0,0,0,0,0,0,0,0,2,3,2,3.92699,0,0,0,0,0,0,0,0,0,0,1.5708,1.5708,0,1.5708,1.5708,0,-0.00942502,-0.00110566,0.00079939,-0.0122247,-0.000114235,0.000875079,1.78361,1.23926,0.0093443,-0.000524664,-0.00318215,-0.00383737,-0.00297175,-0.00896908,-9.51527e-05,1.75578,1.20968,0,0,0,0,0.0432753,0.0223749,0.00739766,0,0,0,0.0132298,0.00131093,2,1.75578,1.20968,0,0.344544,0.487027,3.7308e-15,0,0,0,0,0,0,0,0,0,0,0,0,0.855775,1.20968,0,0,0,0,0,0,0,0,0,0,0,0,2,0.855775,1.20968,0,1,2,0,0,0,0,0,1.2389,-0.2681,2.3763,0,0,0,0,0,0,0,-0,0,1.5064,0,0,0,0,0,0,0,0,0,0,0,0,0,0,0,0,0,0,0,0,0,0,0,0,0,0,0,0,0,0,0,0,0
19.05,-0.0151999,-0.0100544,-0.000813795,0,0,0,3.06922,2.0238,-2.36655,-0.003752,0.000140456,0.00407914,-0.00322013,0.0189121,0.0161881,3,2,3.92699,0,0,0,0,0,0,0,0,0,0,0,2,3,2,3.92699,0,0,0,0,0,0,0,0,0,0,1.5708,1.5708,0,1.5708,1.5708,0,-0.0134934,-0.0167781,0.000791436,-0.0122247,-0.000114235,0.000875079,1.78368,1.2394,0.00897022,0.000665639,0.00141677,-0.00374285,0.00263493,0.012248,0.000272425,1.75578,1.20968,0,0,0,0,0.0432753,0.0223749,0.00739766,0,0,0,0.0132298,0.00131093,2,1.75578,1.20968,0,0.344544,0.487027,3.7308e-15,0,0,0,0,0,0,0,0,0,0,0,0,0.855775,1.20968,0,0,0,0,0,0,0,0,0,0,0,0,2,0.855775,1.20968,0,1,2,0,0,0,0,0,1.2389,-0.2681,2.3763,0,0,0,0,0,0,0,-0,0,1.50595,0,0,0,0,0,0,0,0,0,0,0,0,0,0,0,0,0,0,0,0,0,0,0,0,0,0,0,0,0,0,0,0,0
19.1,-0.0151999,-0.0100544,-0.000813795,0,0,0,3.06922,2.0238,-2.36655,-0.003752,0.000140456,0.00407914,-0.00322013,0.0189121,0.0161881,3,2,3.92699,0,0,0,0,0,0,0,0,0,0,0,2,3,2,3.92699,0,0,0,0,0,0,0,0,0,0,1.5708,1.5708,0,1.5708,1.5708,0,-0.0134934,-0.0167781,0.000791436,-0.0122248,-0.000109662,0.000875079,1.78368,1.2394,0.00897022,0.000665639,0.00141677,-0.00374285,0.00263493,0.012248,0.000272425,1.75578,1.20968,0,0,0,0,0.05503,0.0406816,0,0,0,0,0.0651448,0.0517063,2,1.75578,1.20968,0,0.344544,0.487027,3.7308e-15,0,0,0,0,0,0,0,0,0,0,0,0,0.855775,1.20968,0,0,0,0,0,0,0,0,0,0,0,0,2,0.855775,1.20968,0,1,2,0,0,0,0,0,1.2389,-0.2681,2.3763,0,0,0,0,0,0,0,-0,0,1.50595,0,0,0,0,0,0,0,0,0,0,0,0,0,0,0,0,0,0,0,0,0,0,0,0,0,0,0,0,0,0,0,0,0
19.15,-0.0142209,0.00276184,0.000133194,0,0,0,3.06882,2.02344,-2.36638,-0.00399442,-0.00361354,0.00171435,-0.00315482,0.000845755,0.00262178,3,2,3.92699,0,0,0,0,0,0,0,0,0,0,0,2,3,2,3.92699,0,0,0,0,0,0,0,0,0,0,1.5708,1.5708,0,1.5708,1.5708,0,-0.010256,-0.00844853,0.000538324,-0.0122248,-0.000109662,0.000875079,1.78365,1.2393,0.00866429,-0.000284444,-0.00102424,-0.0030595,-0.00145441,0.000473466,0.00293643,1.75578,1.20968,0,0,0,0,0.05503,0.0406816,0,0,0,0,0.0651448,0.0517063,2,1.75578,1.20968,0,0.344544,0.487027,3.7308e-15,0,0,0,0,0,0,0,0,0,0,0,0,0.855775,1.20968,0,0,0,0,0,0,0,0,0,0,0,0,2,0.855775,1.20968,0,1,2,0,0,0,0,0,1.1778,-0.3286,2.3152,0,0,0,0,0,0,0,-0,0,1.5055,0,0,0,0,0,0,0,0,0,0,0,0,0,0,0,0,0,0,0,0,0,0,0,0,0,0,0,0,0,0,0,0,0
19.2,-0.0142209,0.00276184,0.000133194,0,0,0,3.06882,2.02344,-2.36638,-0.00399442,-0.00361354,0.00171435,-0.00315482,0.000845755,0.00262178,3,2,3.92699,0,0,0,0,0,0,0,0,0,0,0,2,3,2,3.92699,0,0,0,0,0,0,0,0,0,0,1.5708,1.5708,0,1.5708,1.5708,0,-0.010256,-0.00844853,0.000538324,-0.0122248,-0.000105922,0.000875079,1.78365,1.2393,0.00866429,-0.000284444,-0.00102424,-0.0030595,-0.00145441,0.000473466,0.00293643,1.75578,1.20968,0,0,0,0,0.0413095,0.0305417,0,0,0,0,0.0341178,0.0240368,2,1.75578,1.20968,0,0.344544,0.487027,3.7308e-15,0,0,0,0,0,0,0,0,0,0,0,0,0.855775,1.20968,0,0,0,0,0,0,0,0,0,0,0,0,2,0.855775,1.20968,0,1,2,0,0,0,0,0,1.1778,-0.3286,2.3152,0,0,0,0,0,0,0,-0,0,1.5055,0,0,0,0,0,0,0,0,0,0,0,0,0,0,0,0,0,0,0,0,0,0,0,0,0,0,0,0,0,0,0,0,0
19.25,-0.0135933,-0.00651615,-0.000688225,0,0,0,3.0684,2.02335,-2.36601,-0.00413108,-0.000854537,0.0036623,-0.00242931,0.00908723,0.00751935,3,2,3.92699,0,0,0,0,0,0,0,0,0,0,0,2,3,2,3.92699,0,0,0,0,0,0,0,0,0,0,1.5708,1.5708,0,1.5708,1.5708,0,-0.0119265,-0.0138389,0.000826568,-0.0116695,-0.00010111,0.000835327,1.78367,1.23935,0.00829493,0.000205089,0.000556671,-0.00369384,0.000528922,0.005007,-0.000408611,1.75578,1.20968,0,0,0,0,0.0413095,0.0305417,0,0,0,0,0.0341178,0.0240368,2,1.75578,1.20968,0,0.344544,0.487027,3.7308e-15,0,0,0,0,0,0,0,0,0,0,0,0,0.855775,1.20968,0,0,0,0,0,0,0,0,0,0,0,0,2,0.855775,1.20968,0,1,2,0,0,0,0,0,1.1778,-0.3286,2.3152,0,0,0,0,0,0,0,-0,0,1.50506,0,0,0,0,0,0,0,0,0,0,0,0,0,0,0,0,0,0,0,0,0,0,0,0,0,0,0,0,0,0,0,0,0
19.3,-0.0135933,-0.00651615,-0.000688225,0,0,0,3.0684,2.02335,-2.36601,-0.00413108,-0.000854537,0.0036623,-0.00242931,0.00908723,0.00751935,3,2,3.92699,0,0,0,0,0,0,0,0,0,0,0,2,3,2,3.92699,0,0,0,0,0,0,0,0,0,0,1.5708,1.5708,0,1.5708,1.5708,0,-0.0119265,-0.0138389,0.000826568,-0.0116695,-9.68e-05,0.000835327,1.78367,1.23935,0.00829493,0.000205089,0.000556671,-0.00369384,0.000528922,0.005007,-0.000408611,1.75578,1.20968,0,0,0,0,0.0505366,0.0339374,0,0,0,0,0.0559701,0.0404248,2,1.75578,1.20968,0,0.344544,0.487027,3.7308e-15,0,0,0,0,0,0,0,0,0,0,0,0,0.855775,1.20968,0,0,0,0,0,0,0,0,0,0,0,0,2,0.855775,1.20968,0,1,2,0,0,0,0,0,1.1778,-0.3286,2.3152,0,0,0,0,0,0,0,-0,0,1.50506,0,0,0,0,0,0,0,0,0,0,0,0,0,0,0,0,0,0,0,0,0,0,0,0,0,0,0,0,0,0,0,0,0
19.35,-0.012576,-0.000485662,0.000242567,0,0,0,3.06797,2.02309,-2.36588,-0.00438024,-0.00261007,0.00134479,-0.0023558,-0.000442568,-0.0040824,3,2,3.92699,0,0,0,0,0,0,0,0,0,0,0,2,3,2,3.92699,0,0,0,0,0,0,0,0,0,0,1.5708,1.5708,0,1.5708,1.5708,0,-0.0104038,-0.00865197,0.000157819,-0.0116695,-9.68e-05,0.000835327,1.78364,1.23926,0.00809393,-0.000240498,-0.00095955,-0.00201008,-0.0011944,-0.0024383,0.00602994,1.75578,1.20968,0,0,0,0,0.0505366,0.0339374,0,0,0,0,0.0559701,0.0404248,2,1.75578,1.20968,0,0.344544,0.487027,3.7308e-15,0,0,0,0,0,0,0,0,0,0,0,0,0.855775,1.20968,0,0,0,0,0,0,0,0,0,0,0,0,2,0.855775,1.20968,0,1,2,0,0,0,0,0,1.2437,-0.2622,2.3809,0,0,0,0,0,0,0,-0,0,1.50462,0,0,0,0,0,0,0,0,0,0,0,0,0,0,0,0,0,0,0,0,0,0,0,0,0,0,0,0,0,0,0,0,0
19.4,-0.012576,-0.000485662,0.000242567,0,0,0,3.06797,2.02309,-2.36588,-0.00438024,-0.00261007,0.00134479,-0.0023558,-0.000442568,-0.0040824,3,2,3.92699,0,0,0,0,0,0,0,0,0,0,0,2,3,2,3.92699,0,0,0,0,0,0,0,0,0,0,1.5708,1.5708,0,1.5708,1.5708,0,-0.0104038,-0.00865197,0.000157819,-0.0116695,-9.44545e-05,0.000835327,1.78364,1.23926,0.00809393,-0.000240498,-0.00095955,-0.00201008,-0.0011944,-0.0024383,0.00602994,1.75578,1.20968,0,0,0,0,0.036491,0.0363408,0,0,0,0,0.0298598,0.029718,2,1.75578,1.20968,0,0.344544,0.487027,3.7308e-15,0,0,0,0,0,0,0,0,0,0,0,0,0.855775,1.20968,0,0,0,0,0,0,0,0,0,0,0,0,2,0.855775,1.20968,0,1,2,0,0,0,0,0,1.2437,-0.2622,2.3809,0,0,0,0,0,0,0,-0,0,1.50462,0,0,0,0,0,0,0,0,0,0,0,0,0,0,0,0,0,0,0,0,0,0,0,0,0,0,0,0,0,0,0,0,0
19.45,-0.0124194,-0.00159138,0.000190219,0,0,0,3.06753,2.02286,-2.36573,-0.00437445,-0.00225558,0.00144463,-0.00138273,-0.000139835,-0.00362202,3,2,3.92699,0,0,0,0,0,0,0,0,0,0,0,2,3,2,3.92699,0,0,0,0,0,0,0,0,0,0,1.5708,1.5708,0,1.5708,1.5708,0,-0.00984076,-0.00863919,0.000472507,-0.0116695,-9.44545e-05,0.000835327,1.7836,1.23916,0.00782103,-0.00040156,-0.000952026,-0.00272874,-0.00159404,-0.00244193,0.00161961,1.75578,1.20968,0,0,0,0,0.036491,0.0363408,0,0,0,0,0.0298598,0.029718,2,1.75578,1.20968,0,0.344544,0.487027,3.7308e-15,0,0,0,0,0,0,0,0,0,0,0,0,0.855775,1.20968,0,0,0,0,0,0,0,0,0,0,0,0,2,0.855775,1.20968,0,1,2,0,0,0,0,0,1.2437,-0.2622,2.3809,0,0,0,0,0,0,0,-0,0,1.50421,0,0,0,0,0,0,0,0,0,0,0,0,0,0,0,0,0,0,0,0,0,0,0,0,0,0,0,0,0,0,0,0,0
19.5,-0.0124194,-0.00159138,0.000190219,0,0,0,3.06753,2.02286,-2.36573,-0.00437445,-0.00225558,0.00144463,-0.00138273,-0.000139835,-0.00362202,3,2,3.92699,0,0,0,0,0,0,0,0,0,0,0,2,3,2,3.92699,0,0,0,0,0,0,0,0,0,0,1.5708,1.5708,0,1.5708,1.5708,0,-0.00984076,-0.00863919,0.000472507,-0.0116696,-9.12698e-05,0.000835327,1.7836,1.23916,0.00782103,-0.00040156,-0.000952026,-0.00272874,-0.00159404,-0.00244193,0.00161961,1.75578,1.20968,0,0,0,0,0.0389071,0.0300032,0,0,0,0,0.0339436,0.0256073,2,1.75578,1.20968,0,0.344544,0.487027,3.7308e-15,0,0,0,0,0,0,0,0,0,0,0,0,0.855775,1.20968,0,0,0,0,0,0,0,0,0,0,0,0,2,0.855775,1.20968,0,1,2,0,0,0,0,0,1.2437,-0.2622,2.3809,0,0,0,0,0,0,0,-0,0,1.50421,0,0,0,0,0,0,0,0,0,0,0,0,0,0,0,0,0,0,0,0,0,0,0,0,0,0,0,0,0,0,0,0,0
19.55,-0.0116536,-0.00219821,0.000609214,0,0,0,3.06707,2.02266,-2.36569,-0.00454711,-0.00205133,0.00040542,-0.00138495,0.000774911,-0.00626604,3,2,3.92699,0,0,0,0,0,0,0,0,0,0,0,2,3,2,3.92699,0,0,0,0,0,0,0,0,0,0,1.5708,1.5708,0,1.5708,1.5708,0,-0.0101722,-0.00781509,0.000759679,-0.0109909,-8.59621e-05,0.000786749,1.78357,1.23904,0.00748441,-0.000300373,-0.00118074,-0.00336701,-0.000606637,-0.00237985,-0.00217246,1.75578,1.20968,0,0,0,0,0.0389071,0.0300032,0,0,0,0,0.0339436,0.0256073,2,1.75578,1.20968,0,0.344544,0.487027,3.7308e-15,0,0,0,0,0,0,0,0,0,0,0,0,0.855775,1.20968,0,0,0,0,0,0,0,0,0,0,0,0,2,0.855775,1.20968,0,1,2,0,0,0,0,0,1.1657,-0.3394,2.3027,0,0,0,0,0,0,0,-0,0,1.5038,0,0,0,0,0,0,0,0,0,0,0,0,0,0,0,0,0,0,0,0,0,0,0,0,0,0,0,0,0,0,0,0,0
19.6,-0.0116536,-0.00219821,0.000609214,0,0,0,3.06707,2.02266,-2.36569,-0.00454711,-0.00205133,0.00040542,-0.00138495,0.000774911,-0.00626604,3,2,3.92699,0,0,0,0,0,0,0,0,0,0,0,2,3,2,3.92699,0,0,0,0,0,0,0,0,0,0,1.5708,1.5708,0,1.5708,1.5708,0,-0.0101722,-0.00781509,0.000759679,-0.010991,-8.22624e-05,0.000786749,1.78357,1.23904,0.00748441,-0.000300373,-0.00118074,-0.00336701,-0.000606637,-0.00237985,-0.00217246,1.75578,1.20968,0,0,0,0,0.0441584,0.027019,0,0,0,0,0.0349471,0.0189017,2,1.75578,1.20968,0,0.344544,0.487027,3.7308e-15,0,0,0,0,0,0,0,0,0,0,0,0,0.855775,1.20968,0,0,0,0,0,0,0,0,0,0,0,0,2,0.855775,1.20968,0,1,2,0,0,0,0,0,1.1657,-0.3394,2.3027,0,0,0,0,0,0,0,-0,0,1.5038,0,0,0,0,0,0,0,0,0,0,0,0,0,0,0,0,0,0,0,0,0,0,0,0,0,0,0,0,0,0,0,0,0
19.65,-0.0112572,-0.00117073,0.000288951,0,0,0,3.06661,2.02243,-2.36557,-0.00460957,-0.00232797,0.00117006,-0.00108841,-0.000519671,-0.00106335,3,2,3.92699,0,0,0,0,0,0,0,0,0,0,0,2,3,2,3.92699,0,0,0,0,0,0,0,0,0,0,1.5708,1.5708,0,1.5708,1.5708,0,-0.00950697,-0.00774963,0.000593159,-0.010991,-8.22624e-05,0.000786749,1.78352,1.23893,0.00719431,-0.000490484,-0.00118595,-0.00289964,-0.000990753,-0.00144299,4.5085e-05,1.75578,1.20968,0,0,0,0,0.0441584,0.027019,0,0,0,0,0.0349471,0.0189017,2,1.75578,1.20968,0,0.344544,0.487027,3.7308e-15,0,0,0,0,0,0,0,0,0,0,0,0,0.855775,1.20968,0,0,0,0,0,0,0,0,0,0,0,0,2,0.855775,1.20968,0,1,2,0,0,0,0,0,1.1657,-0.3394,2.3027,0,0,0,0,0,0,0,-0,0,1.50339,0,0,0,0,0,0,0,0,0,0,0,0,0,0,0,0,0,0,0,0,0,0,0,0,0,0,0,0,0,0,0,0,0
19.7,-0.0112572,-0.00117073,0.000288951,0,0,0,3.06661,2.02243,-2.36557,-0.00460957,-0.00232797,0.00117006,-0.00108841,-0.000519671,-0.00106335,3,2,3.92699,0,0,0,0,0,0,0,0,0,0,0,2,3,2,3.92699,0,0,0,0,0,0,0,0,0,0,1.5708,1.5708,0,1.5708,1.5708,0,-0.00950697,-0.00774963,0.000593159,-0.010991,-7.90739e-05,0.000786749,1.78352,1.23893,0.00719431,-0.000490484,-0.00118595,-0.00289964,-0.000990753,-0.00144299,4.5085e-05,1.75578,1.20968,0,0,0,0,0.0395548,0.0269442,0,0,0,0,0.0326127,0.0208068,2,1.75578,1.20968,0,0.344544,0.487027,3.7308e-15,0,0,0,0,0,0,0,0,0,0,0,0,0.855775,1.20968,0,0,0,0,0,0,0,0,0,0,0,0,2,0.855775,1.20968,0,1,2,0,0,0,0,0,1.1657,-0.3394,2.3027,0,0,0,0,0,0,0,-0,0,1.50339,0,0,0,0,0,0,0,0,0,0,0,0,0,0,0,0,0,0,0,0,0,0,0,0,0,0,0,0,0,0,0,0,0
19.75,-0.0102702,-0.00162739,0.000397554,0,0,0,3.06613,2.02221,-2.36549,-0.00484424,-0.00216684,0.000885069,-0.00153952,0.00016226,-0.00107579,3,2,3.92699,0,0,0,0,0,0,0,0,0,0,0,2,3,2,3.92699,0,0,0,0,0,0,0,0,0,0,1.5708,1.5708,0,1.5708,1.5708,0,-0.0109626,-0.00746665,0.000542475,-0.010991,-7.90739e-05,0.000786749,1.78352,1.2388,0.00692241,-6.10721e-05,-0.00125442,-0.00272059,0.00106992,-0.00101032,0.00104992,1.75578,1.20968,0,0,0,0,0.0395548,0.0269442,0,0,0,0,0.0326127,0.0208068,2,1.75578,1.20968,0,0.344544,0.487027,3.7308e-15,0,0,0,0,0,0,0,0,0,0,0,0,0.855775,1.20968,0,0,0,0,0,0,0,0,0,0,0,0,2,0.855775,1.20968,0,1,2,0,0,0,0,0,1.2354,-0.2686,2.3725,0,0,0,0,0,0,0,-0,0,1.50294,0,0,0,0,0,0,0,0,0,0,0,0,0,0,0,0,0,0,0,0,0,0,0,0,0,0,0,0,0,0,0,0,0
19.8,-0.0102702,-0.00162739,0.000397554,0,0,0,3.06613,2.02221,-2.36549,-0.00484424,-0.00216684,0.000885069,-0.00153952,0.00016226,-0.00107579,3,2,3.92699,0,0,0,0,0,0,0,0,0,0,0,2,3,2,3.92699,0,0,0,0,0,0,0,0,0,0,1.5708,1.5708,0,1.5708,1.5708,0,-0.0109626,-0.00746665,0.000542475,-0.0124038,-8.58656e-05,0.000887879,1.78352,1.2388,0.00692241,-6.10721e-05,-0.00125442,-0.00272059,0.00106992,-0.00101032,0.00104992,1.75578,1.20968,0,0,0,0,0.0439083,0.0327084,0,0,0,0,0.0309513,0.0204661,2,1.75578,1.20968,0,0.344544,0.487027,3.7308e-15,0,0,0,0,0,0,0,0,0,0,0,0,0.855775,1.20968,0,0,0,0,0,0,0,0,0,0,0,0,2,0.855775,1.20968,0,1,2,0,0,0,0,0,1.2354,-0.2686,2.3725,0,0,0,0,0,0,0,-0,0,1.50294,0,0,0,0,0,0,0,0,0,0,0,0,0,0,0,0,0,0,0,0,0,0,0,0,0,0,0,0,0,0,0,0,0
19.85,-0.010001,-0.00219394,0.000132903,0,0,0,3.06564,2.02201,-2.36534,-0.00486594,-0.00197542,0.00150612,-0.00108611,0.000948262,0.0018368,3,2,3.92699,0,0,0,0,0,0,0,0,0,0,0,2,3,2,3.92699,0,0,0,0,0,0,0,0,0,0,1.5708,1.5708,0,1.5708,1.5708,0,-0.00979073,-0.00760095,0.000595401,-0.0124038,-8.58656e-05,0.000887879,1.78348,1.23868,0.00664283,-0.000401428,-0.00120062,-0.00279462,-0.000439223,-0.000336705,0.000462474,1.75578,1.20968,0,0,0,0,0.0439083,0.0327084,0,0,0,0,0.0309513,0.0204661,2,1.75578,1.20968,0,0.344544,0.487027,3.7308e-15,0,0,0,0,0,0,0,0,0,0,0,0,0.855775,1.20968,0,0,0,0,0,0,0,0,0,0,0,0,2,0.855775,1.20968,0,1,2,0,0,0,0,0,1.2354,-0.2686,2.3725,0,0,0,0,0,0,0,-0,0,1.50251,0,0,0,0,0,0,0,0,0,0,0,0,0,0,0,0,0,0,0,0,0,0,0,0,0,0,0,0,0,0,0,0,0
19.9,-0.010001,-0.00219394,0.000132903,0,0,0,3.06564,2.02201,-2.36534,-0.00486594,-0.00197542,0.00150612,-0.00108611,0.000948262,0.0018368,3,2,3.92699,0,0,0,0,0,0,0,0,0,0,0,2,3,2,3.92699,0,0,0,0,0,0,0,0,0,0,1.5708,1.5708,0,1.5708,1.5708,0,-0.00979073,-0.00760095,0.000595401,-0.0124038,-8.23977e-05,0.000887879,1.78348,1.23868,0.00664283,-0.000401428,-0.00120062,-0.00279462,-0.000439223,-0.000336705,0.000462474,1.75578,1.20968,0,0,0,0,0.0405845,0.0278771,0,0,0,0,0.0321632,0.0202666,2,1.75578,1.20968,0,0.344544,0.487027,3.7308e-15,0,0,0,0,0,0,0,0,0,0,0,0,0.855775,1.20968,0,0,0,0,0,0,0,0,0,0,0,0,2,0.855775,1.20968,0,1,2,0,0,0,0,0,1.2354,-0.2686,2.3725,0,0,0,0,0,0,0,-0,0,1.50251,0,0,0,0,0,0,0,0,0,0,0,0,0,0,0,0,0,0,0,0,0,0,0,0,0,0,0,0,0,0,0,0,0
19.95,-0.00962057,-0.00214897,-4.62841e-06,0,0,0,3.06515,2.02182,-2.36515,-0.00492,-0.00196531,0.00180832,-0.000792834,0.000722013,0.0027007,3,2,3.92699,0,0,0,0,0,0,0,0,0,0,0,2,3,2,3.92699,0,0,0,0,0,0,0,0,0,0,1.5708,1.5708,0,1.5708,1.5708,0,-0.010369,-0.00760279,0.000559934,-0.0124038,-8.23977e-05,0.000887879,1.78346,1.23856,0.00637756,-0.000228412,-0.00118603,-0.00265429,0.000224223,-4.91968e-05,0.000766888,1.75578,1.20968,0,0,0,0,0.0405845,0.0278771,0,0,0,0,0.0321632,0.0202666,2,1.75578,1.20968,0,0.344544,0.487027,3.7308e-15,0,0,0,0,0,0,0,0,0,0,0,0,0.855775,1.20968,0,0,0,0,0,0,0,0,0,0,0,0,2,0.855775,1.20968,0,1,2,0,0,0,0,0,1.2347,-0.2684,2.3717,0,0,0,0,0,0,0,-0,0,1.50207,0,0,0,0,0,0,0,0,0,0,0,0,0,0,0,0,0,0,0,0,0,0,0,0,0,0,0,0,0,0,0,0,0
20,-0.00962057,-0.00214897,-4.62841e-06,0,0,0,3.06515,2.02182,-2.36515,-0.00492,-0.00196531,0.00180832,-0.000792834,0.000722013,0.0027007,3,2,3.92699,0,0,0,0,0,0,0,0,0,0,0,2,3,2,3.92699,0,0,0,0,0,0,0,0,0,0,1.5708,1.5708,0,1.5708,1.5708,0,-0.010369,-0.00760279,0.000559934,-0.0124038,-7.91073e-05,0.000887879,1.78346,1.23856,0.00637756,-0.000228412,-0.00118603,-0.00265429,0.000224223,-4.91968e-05,0.000766888,1.75578,1.20968,0,0,0,0,0.0420724,0.0303954,0,0,0,0,0.0316826,0.0207506,2,1.75578,1.20968,0,0.344544,0.487027,3.7308e-15,0,0,0,0,0,0,0,0,0,0,0,0,0.855775,1.20968,0,0,0,0,0,0,0,0,0,0,0,0,2,0.855775,1.20968,0,1,2,0,0,0,0,0,1.2347,-0.2684,2.3717,0,0,0,0,0,0,0,-0,0,1.50207,0,0,0,0,0,0,0,0,0,0,0,0,0,0,0,0,0,0,0,0,0,0,0,0,0,0,0,0,0,0,0,0,0
20.05,-0.00986374,-0.00200615,0.000144064,0,0,0,3.06467,2.02162,-2.36501,-0.00479083,-0.00198397,0.00141406,6.96833e-05,0.000324392,0.00016692,3,2,3.92699,0,0,0,0,0,0,0,0,0,0,0,2,3,2,3.92699,0,0,0,0,0,0,0,0,0,0,1.5708,1.5708,0,1.5708,1.5708,0,-0.00944993,-0.00801829,0.000459519,-0.0118852,-7.57997e-05,0.000850755,1.78341,1.23846,0.00614158,-0.000493244,-0.0010512,-0.00236022,-0.000834263,0.000545661,0.00167122,1.75578,1.20968,0,0,0,0,0.0420724,0.0303954,0,0,0,0,0.0316826,0.0207506,2,1.75578,1.20968,0,0.344544,0.487027,3.7308e-15,0,0,0,0,0,0,0,0,0,0,0,0,0.855775,1.20968,0,0,0,0,0,0,0,0,0,0,0,0,2,0.855775,1.20968,0,1,2,0,0,0,0,0,1.2347,-0.2684,2.3717,0,0,0,0,0,0,0,-0,0,1.50166,0,0,0,0,0,0,0,0,0,0,0,0,0,0,0,0,0,0,0,0,0,0,0,0,0,0,0,0,0,0,0,0,0
20.1,-0.00986374,-0.00200615,0.000144064,0,0,0,3.06467,2.02162,-2.36501,-0.00479083,-0.00198397,0.00141406,6.96833e-05,0.000324392,0.00016692,3,2,3.92699,0,0,0,0,0,0,0,0,0,0,0,2,3,2,3.92699,0,0,0,0,0,0,0,0,0,0,1.5708,1.5708,0,1.5708,1.5708,0,-0.00944993,-0.00801829,0.000459519,-0.0118852,-7.29949e-05,0.000850755,1.78341,1.23846,0.00614158,-0.000493244,-0.0010512,-0.00236022,-0.000834263,0.000545661,0.00167122,1.75578,1.20968,0,0,0,0,0.0374318,0.0286197,0,0,0,0,0.0318018,0.0235516,2,1.75578,1.20968,0,0.344544,0.487027,3.7308e-15,0,0,0,0,0,0,0,0,0,0,0,0,0.855775,1.20968,0,0,0,0,0,0,0,0,0,0,0,0,2,0.855775,1.20968,0,1,2,0,0,0,0,0,1.2347,-0.2684,2.3717,0,0,0,0,0,0,0,-0,0,1.50166,0,0,0,0,0,0,0,0,0,0,0,0,0,0,0,0,0,0,0,0,0,0,0,0,0,0,0,0,0,0,0,0,0
20.15,-0.00946308,-0.00173475,-0.000634428,0,0,0,3.06419,2.02141,-2.36469,-0.00485168,-0.00204005,0.00326436,-8.182e-05,-8.20406e-05,0.00714944,3,2,3.92699,0,0,0,0,0,0,0,0,0,0,0,2,3,2,3.92699,0,0,0,0,0,0,0,0,0,0,1.5708,1.5708,0,1.5708,1.5708,0,-0.00989992,-0.00753569,0.000484351,-0.0118852,-7.29949e-05,0.000850755,1.78337,1.23834,0.00590424,-0.00035649,-0.00117935,-0.00237367,-9.77097e-05,-0.000103177,0.00107373,1.75578,1.20968,0,0,0,0,0.0374318,0.0286197,0,0,0,0,0.0318018,0.0235516,2,1.75578,1.20968,0,0.344544,0.487027,3.7308e-15,0,0,0,0,0,0,0,0,0,0,0,0,0.855775,1.20968,0,0,0,0,0,0,0,0,0,0,0,0,2,0.855775,1.20968,0,1,2,0,0,0,0,0,1.2339,-0.2683,2.3709,0,0,0,0,0,0,0,-0,0,1.50123,0,0,0,0,0,0,0,0,0,0,0,0,0,0,0,0,0,0,0,0,0,0,0,0,0,0,0,0,0,0,0,0,0
20.2,-0.00946308,-0.00173475,-0.000634428,0,0,0,3.06419,2.02141,-2.36469,-0.00485168,-0.00204005,0.00326436,-8.182e-05,-8.20406e-05,0.00714944,3,2,3.92699,0,0,0,0,0,0,0,0,0,0,0,2,3,2,3.92699,0,0,0,0,0,0,0,0,0,0,1.5708,1.5708,0,1.5708,1.5708,0,-0.00989992,-0.00753569,0.000484351,-0.0118852,-7.01741e-05,0.000850755,1.78337,1.23834,0.00590424,-0.00035649,-0.00117935,-0.00237367,-9.77097e-05,-0.000103177,0.00107373,1.75578,1.20968,0,0,0,0,0.0394102,0.0297606,0,0,0,0,0.030524,0.02149,2,1.75578,1.20968,0,0.344544,0.487027,3.7308e-15,0,0,0,0,0,0,0,0,0,0,0,0,0.855775,1.20968,0,0,0,0,0,0,0,0,0,0,0,0,2,0.855775,1.20968,0,1,2,0,0,0,0,0,1.2339,-0.2683,2.3709,0,0,0,0,0,0,0,-0,0,1.50123,0,0,0,0,0,0,0,0,0,0,0,0,0,0,0,0,0,0,0,0,0,0,0,0,0,0,0,0,0,0,0,0,0
20.25,-0.00987954,-0.000628328,-0.000282295,0,0,0,3.06372,2.02118,-2.36445,-0.00467256,-0.00233994,0.00235066,0.000645101,-0.00130301,0.00158783,3,2,3.92699,0,0,0,0,0,0,0,0,0,0,0,2,3,2,3.92699,0,0,0,0,0,0,0,0,0,0,1.5708,1.5708,0,1.5708,1.5708,0,-0.00960062,-0.00714088,0.000441219,-0.0118852,-7.01741e-05,0.000850755,1.78333,1.23821,0.00568191,-0.000439426,-0.00128044,-0.00222312,-0.000290429,-0.000553969,0.00116496,1.75578,1.20968,0,0,0,0,0.0394102,0.0297606,0,0,0,0,0.030524,0.02149,2,1.75578,1.20968,0,0.344544,0.487027,3.7308e-15,0,0,0,0,0,0,0,0,0,0,0,0,0.855775,1.20968,0,0,0,0,0,0,0,0,0,0,0,0,2,0.855775,1.20968,0,1,2,0,0,0,0,0,1.2339,-0.2683,2.3709,0,0,0,0,0,0,0,-0,0,1.50081,0,0,0,0,0,0,0,0,0,0,0,0,0,0,0,0,0,0,0,0,0,0,0,0,0,0,0,0,0,0,0,0,0
20.3,-0.00987954,-0.000628328,-0.000282295,0,0,0,3.06372,2.02118,-2.36445,-0.00467256,-0.00233994,0.00235066,0.000645101,-0.00130301,0.00158783,3,2,3.92699,0,0,0,0,0,0,0,0,0,0,0,2,3,2,3.92699,0,0,0,0,0,0,0,0,0,0,1.5708,1.5708,0,1.5708,1.5708,0,-0.00960062,-0.00714088,0.000441219,-0.0106884,-6.07312e-05,0.000765082,1.78333,1.23821,0.00568191,-0.000439426,-0.00128044,-0.00222312,-0.000290429,-0.000553969,0.00116496,1.75578,1.20968,0,0,0,0,0.0378356,0.0292029,0,0,0,0,0.0286798,0.0205978,2,1.75578,1.20968,0,0.344544,0.487027,3.7308e-15,0,0,0,0,0,0,0,0,0,0,0,0,0.855775,1.20968,0,0,0,0,0,0,0,0,0,0,0,0,2,0.855775,1.20968,0,1,2,0,0,0,0,0,1.2339,-0.2683,2.3709,0,0,0,0,0,0,0,-0,0,1.50081,0,0,0,0,0,0,0,0,0,0,0,0,0,0,0,0,0,0,0,0,0,0,0,0,0,0,0,0,0,0,0,0,0
20.35,-0.00939694,-0.000824705,-0.000840273,0,0,0,3.06324,2.02095,-2.36409,-0.00475879,-0.00225487,0.00365056,0.000143442,-0.000606623,0.00539348,3,2,3.92699,0,0,0,0,0,0,0,0,0,0,0,2,3,2,3.92699,0,0,0,0,0,0,0,0,0,0,1.5708,1.5708,0,1.5708,1.5708,0,-0.00957429,-0.00736125,0.000722596,-0.0106884,-6.07312e-05,0.000765082,1.78328,1.23809,0.00539621,-0.00044194,-0.00120129,-0.00285735,-0.000210311,-7.68083e-05,-0.00182131,1.75578,1.20968,0,0,0,0,0.0378356,0.0292029,0,0,0,0,0.0286798,0.0205978,2,1.75578,1.20968,0,0.344544,0.487027,3.7308e-15,0,0,0,0,0,0,0,0,0,0,0,0,0.855775,1.20968,0,0,0,0,0,0,0,0,0,0,0,0,2,0.855775,1.20968,0,1,2,0,0,0,0,0,1.2331,-0.2685,2.3699,0,0,0,0,0,0,0,-0,0,1.50039,0,0,0,0,0,0,0,0,0,0,0,0,0,0,0,0,0,0,0,0,0,0,0,0,0,0,0,0,0,0,0,0,0
20.4,-0.00939694,-0.000824705,-0.000840273,0,0,0,3.06324,2.02095,-2.36409,-0.00475879,-0.00225487,0.00365056,0.000143442,-0.000606623,0.00539348,3,2,3.92699,0,0,0,0,0,0,0,0,0,0,0,2,3,2,3.92699,0,0,0,0,0,0,0,0,0,0,1.5708,1.5708,0,1.5708,1.5708,0,-0.00957429,-0.00736125,0.000722596,-0.0106884,-5.76774e-05,0.000765082,1.78328,1.23809,0.00539621,-0.00044194,-0.00120129,-0.00285735,-0.000210311,-7.68083e-05,-0.00182131,1.75578,1.20968,0,0,0,0,0.0416104,0.0252777,0,0,0,0,0.0330762,0.017786,2,1.75578,1.20968,0,0.344544,0.487027,3.7308e-15,0,0,0,0,0,0,0,0,0,0,0,0,0.855775,1.20968,0,0,0,0,0,0,0,0,0,0,0,0,2,0.855775,1.20968,0,1,2,0,0,0,0,0,1.2331,-0.2685,2.3699,0,0,0,0,0,0,0,-0,0,1.50039,0,0,0,0,0,0,0,0,0,0,0,0,0,0,0,0,0,0,0,0,0,0,0,0,0,0,0,0,0,0,0,0,0
20.45,-0.0103294,-0.0011167,-0.000715005,0,0,0,3.0628,2.02074,-2.36376,-0.00442969,-0.00214281,0.0032766,0.00133292,0.000177611,0.00225964,3,2,3.92699,0,0,0,0,0,0,0,0,0,0,0,2,3,2,3.92699,0,0,0,0,0,0,0,0,0,0,1.5708,1.5708,0,1.5708,1.5708,0,-0.00925849,-0.00750957,0.000369571,-0.0106884,-5.76774e-05,0.000765082,1.78323,1.23798,0.00520118,-0.00052868,-0.00114405,-0.00195069,-0.000462054,0.000247107,0.00212472,1.75578,1.20968,0,0,0,0,0.0416104,0.0252777,0,0,0,0,0.0330762,0.017786,2,1.75578,1.20968,0,0.344544,0.487027,3.7308e-15,0,0,0,0,0,0,0,0,0,0,0,0,0.855775,1.20968,0,0,0,0,0,0,0,0,0,0,0,0,2,0.855775,1.20968,0,1,2,0,0,0,0,0,1.2331,-0.2685,2.3699,0,0,0,0,0,0,0,-0,0,1.50001,0,0,0,0,0,0,0,0,0,0,0,0,0,0,0,0,0,0,0,0,0,0,0,0,0,0,0,0,0,0,0,0,0
20.5,-0.0103294,-0.0011167,-0.000715005,0,0,0,3.0628,2.02074,-2.36376,-0.00442969,-0.00214281,0.0032766,0.00133292,0.000177611,0.00225964,3,2,3.92699,0,0,0,0,0,0,0,0,0,0,0,2,3,2,3.92699,0,0,0,0,0,0,0,0,0,0,1.5708,1.5708,0,1.5708,1.5708,0,-0.00925849,-0.00750957,0.000369571,-0.0106884,-5.55929e-05,0.000765082,1.78323,1.23798,0.00520118,-0.00052868,-0.00114405,-0.00195069,-0.000462054,0.000247107,0.00212472,1.75578,1.20968,0,0,0,0,0.0355907,0.0290556,0,0,0,0,0.0290003,0.0228816,2,1.75578,1.20968,0,0.344544,0.487027,3.7308e-15,0,0,0,0,0,0,0,0,0,0,0,0,0.855775,1.20968,0,0,0,0,0,0,0,0,0,0,0,0,2,0.855775,1.20968,0,1,2,0,0,0,0,0,1.2331,-0.2685,2.3699,0,0,0,0,0,0,0,-0,0,1.50001,0,0,0,0,0,0,0,0,0,0,0,0,0,0,0,0,0,0,0,0,0,0,0,0,0,0,0,0,0,0,0,0,0
20.55,-0.00856556,-0.000583522,-0.000732211,0,0,0,3.06231,2.02051,-2.36343,-0.0048939,-0.00227365,0.00325367,-0.000897052,-0.000311698,0.00084347,3,2,3.92699,0,0,0,0,0,0,0,0,0,0,0,2,3,2,3.92699,0,0,0,0,0,0,0,0,0,0,1.5708,1.5708,0,1.5708,1.5708,0,-0.009846,-0.00722206,0.000473048,-0.0100542,-5.22944e-05,0.000719688,1.78319,1.23785,0.00498497,-0.000351482,-0.00121432,-0.00216165,0.00039616,-8.94654e-05,0.000965382,1.75578,1.20968,0,0,0,0,0.0355907,0.0290556,0,0,0,0,0.0290003,0.0228816,2,1.75578,1.20968,0,0.344544,0.487027,3.7308e-15,0,0,0,0,0,0,0,0,0,0,0,0,0.855775,1.20968,0,0,0,0,0,0,0,0,0,0,0,0,2,0.855775,1.20968,0,1,2,0,0,0,0,0,1.2655,-0.2356,2.4021,0,0,0,0,0,0,0,-0,0,1.49956,0,0,0,0,0,0,0,0,0,0,0,0,0,0,0,0,0,0,0,0,0,0,0,0,0,0,0,0,0,0,0,0,0
20.6,-0.00856556,-0.000583522,-0.000732211,0,0,0,3.06231,2.02051,-2.36343,-0.0048939,-0.00227365,0.00325367,-0.000897052,-0.000311698,0.00084347,3,2,3.92699,0,0,0,0,0,0,0,0,0,0,0,2,3,2,3.92699,0,0,0,0,0,0,0,0,0,0,1.5708,1.5708,0,1.5708,1.5708,0,-0.009846,-0.00722206,0.000473048,-0.0100543,-5.01205e-05,0.000719688,1.78319,1.23785,0.00498497,-0.000351482,-0.00121432,-0.00216165,0.00039616,-8.94654e-05,0.000965382,1.75578,1.20968,0,0,0,0,0.0390935,0.0296339,0,0,0,0,0.0293736,0.0205175,2,1.75578,1.20968,0,0.344544,0.487027,3.7308e-15,0,0,0,0,0,0,0,0,0,0,0,0,0.855775,1.20968,0,0,0,0,0,0,0,0,0,0,0,0,2,0.855775,1.20968,0,1,2,0,0,0,0,0,1.2655,-0.2356,2.4021,0,0,0,0,0,0,0,-0,0,1.49956,0,0,0,0,0,0,0,0,0,0,0,0,0,0,0,0,0,0,0,0,0,0,0,0,0,0,0,0,0,0,0,0,0
20.65,-0.0104634,-0.00252382,-9.89924e-05,0,0,0,3.06188,2.02034,-2.36327,-0.00428057,-0.00167877,0.00166208,0.00161589,0.00212618,-0.00604847,3,2,3.92699,0,0,0,0,0,0,0,0,0,0,0,2,3,2,3.92699,0,0,0,0,0,0,0,0,0,0,1.5708,1.5708,0,1.5708,1.5708,0,-0.009005,-0.00767485,0.000595836,-0.0100543,-5.01205e-05,0.000719688,1.78314,1.23775,0.00474351,-0.000592146,-0.00106831,-0.00241501,-0.000607146,0.000485552,-0.000587126,1.75578,1.20968,0,0,0,0,0.0390935,0.0296339,0,0,0,0,0.0293736,0.0205175,2,1.75578,1.20968,0,0.344544,0.487027,3.7308e-15,0,0,0,0,0,0,0,0,0,0,0,0,0.855775,1.20968,0,0,0,0,0,0,0,0,0,0,0,0,2,0.855775,1.20968,0,1,2,0,0,0,0,0,1.2655,-0.2356,2.4021,0,0,0,0,0,0,0,-0,0,1.49922,0,0,0,0,0,0,0,0,0,0,0,0,0,0,0,0,0,0,0,0,0,0,0,0,0,0,0,0,0,0,0,0,0
20.7,-0.0104634,-0.00252382,-9.89924e-05,0,0,0,3.06188,2.02034,-2.36327,-0.00428057,-0.00167877,0.00166208,0.00161589,0.00212618,-0.00604847,3,2,3.92699,0,0,0,0,0,0,0,0,0,0,0,2,3,2,3.92699,0,0,0,0,0,0,0,0,0,0,1.5708,1.5708,0,1.5708,1.5708,0,-0.009005,-0.00767485,0.000595836,-0.0100543,-4.76929e-05,0.000719688,1.78314,1.23775,0.00474351,-0.000592146,-0.00106831,-0.00241501,-0.000607146,0.000485552,-0.000587126,1.75578,1.20968,0,0,0,0,0.0378121,0.0250641,0,0,0,0,0.0325069,0.0205724,2,1.75578,1.20968,0,0.344544,0.487027,3.7308e-15,0,0,0,0,0,0,0,0,0,0,0,0,0.855775,1.20968,0,0,0,0,0,0,0,0,0,0,0,0,2,0.855775,1.20968,0,1,2,0,0,0,0,0,1.2655,-0.2356,2.4021,0,0,0,0,0,0,0,-0,0,1.49922,0,0,0,0,0,0,0,0,0,0,0,0,0,0,0,0,0,0,0,0,0,0,0,0,0,0,0,0,0,0,0,0,0
20.75,-0.0104634,-0.00252382,-9.89924e-05,0,0,0,3.06188,2.02034,-2.36327,-0.00428057,-0.00167877,0.00166208,0.00161589,0.00212618,-0.00604847,3,2,3.92699,0,0,0,0,0,0,0,0,0,0,0,2,3,2,3.92699,0,0,0,0,0,0,0,0,0,0,1.5708,1.5708,0,1.5708,1.5708,0,-0.009005,-0.00767485,0.000595836,-0.0100543,-4.76929e-05,0.000719688,1.78314,1.23775,0.00474351,-0.000592146,-0.00106831,-0.00241501,-0.000607146,0.000485552,-0.000587126,1.75578,1.20968,0,0,0,0,0.0378121,0.0250641,0,0,0,0,0.0325069,0.0205724,2,1.75578,1.20968,0,0.344544,0.487027,3.7308e-15,0,0,0,0,0,0,0,0,0,0,0,0,0.855775,1.20968,0,0,0,0,0,0,0,0,0,0,0,0,2,0.855775,1.20968,0,1,2,0,0,0,0,0,1.2314,-0.2691,2.3681,0,0,0,0,0,0,0,-0,0,1.49922,0,0,0,0,0,0,0,0,0,0,0,0,0,0,0,0,0,0,0,0,0,0,0,0,0,0,0,0,0,0,0,0,0
20.8,-0.0142543,-0.020732,0.00505344,0,0,0,3.06157,2.02071,-2.36435,-0.00312022,0.003672,-0.0108007,0.00594335,0.0229855,-0.0543612,3,2,3.92699,0,0,0,0,0,0,0,0,0,0,0,2,3,2,3.92699,0,0,0,0,0,0,0,0,0,0,1.5708,1.5708,0,1.5708,1.5708,0,-0.00965251,-0.00764913,0.000574661,-0.0106818,-5.06695e-05,0.000764606,1.7831,1.23764,0.00451186,-0.000396744,-0.00106327,-0.00231655,0.000280051,0.000388655,-0.000170915,1.75578,1.20968,0,0,0,0,0.0378121,0.0250641,0,0,0,0,0.0325069,0.0205724,2,1.75578,1.20968,0,0.344544,0.487027,3.7308e-15,0,0,0,0,0,0,0,0,0,0,0,0,0.855775,1.20968,0,0,0,0,0,0,0,0,0,0,0,0,2,0.855775,1.20968,0,1,2,0,0,0,0,0,1.2314,-0.2691,2.3681,0,0,0,0,0,0,0,-0,0,1.49923,0,0,0,0,0,0,0,0,0,0,0,0,0,0,0,0,0,0,0,0,0,0,0,0,0,0,0,0,0,0,0,0,0
20.85,-0.00623698,0.0201402,-0.000245945,0,0,0,3.06103,2.01988,-2.36413,-0.00543077,-0.00833785,0.00219627,-0.00507601,-0.031362,0.0127519,3,2,3.92699,0,0,0,0,0,0,0,0,0,0,0,2,3,2,3.92699,0,0,0,0,0,0,0,0,0,0,1.5708,1.5708,0,1.5708,1.5708,0,-0.00971183,-0.00777773,0.000270082,-0.0106818,-4.81952e-05,0.000764606,1.78306,1.23754,0.00435817,-0.000374831,-0.00101339,-0.00153723,0.000375993,0.00042003,0.00306854,1.75578,1.20968,0,0,0,0,0.0397456,0.0276271,0,0,0,0,0.0321231,0.0207778,2,1.75578,1.20968,0,0.344544,0.487027,3.7308e-15,0,0,0,0,0,0,0,0,0,0,0,0,0.855775,1.20968,0,0,0,0,0,0,0,0,0,0,0,0,2,0.855775,1.20968,0,1,2,0,0,0,0,0,1.2314,-0.2691,2.3681,0,0,0,0,0,0,0,-0,0,1.49842,0,0,0,0,0,0,0,0,0,0,0,0,0,0,0,0,0,0,0,0,0,0,0,0,0,0,0,0,0,0,0,0,0
20.9,-0.00623698,0.0201402,-0.000245945,0,0,0,3.06103,2.01988,-2.36413,-0.00543077,-0.00833785,0.00219627,-0.00507601,-0.031362,0.0127519,3,2,3.92699,0,0,0,0,0,0,0,0,0,0,0,2,3,2,3.92699,0,0,0,0,0,0,0,0,0,0,1.5708,1.5708,0,1.5708,1.5708,0,-0.00971183,-0.00777773,0.000270082,-0.0106818,-4.65534e-05,0.000764606,1.78306,1.23754,0.00435817,-0.000374831,-0.00101339,-0.00153723,0.000375993,0.00042003,0.00306854,1.75578,1.20968,0,0,0,0,0.0356984,0.032059,0,0,0,0,0.0285949,0.025187,2,1.75578,1.20968,0,0.344544,0.487027,3.7308e-15,0,0,0,0,0,0,0,0,0,0,0,0,0.855775,1.20968,0,0,0,0,0,0,0,0,0,0,0,0,2,0.855775,1.20968,0,1,2,0,0,0,0,0,1.2314,-0.2691,2.3681,0,0,0,0,0,0,0,-0,0,1.49842,0,0,0,0,0,0,0,0,0,0,0,0,0,0,0,0,0,0,0,0,0,0,0,0,0,0,0,0,0,0,0,0,0
20.95,-0.0228914,0.0147601,0.000883702,0,0,0,3.06098,2.01921,-2.36419,-0.000490676,-0.00666441,-0.00057215,0.0151971,-0.0195052,0.00567968,3,2,3.92699,0,0,0,0,0,0,0,0,0,0,0,2,3,2,3.92699,0,0,0,0,0,0,0,0,0,0,1.5708,1.5708,0,1.5708,1.5708,0,-0.00919388,-0.00810279,0.000651112,-0.0106818,-4.65534e-05,0.000764606,1.78301,1.23745,0.00411565,-0.000521191,-0.000906897,-0.00242502,-0.000346316,0.000681335,-0.00126749,1.75578,1.20968,0,0,0,0,0.0356984,0.032059,0,0,0,0,0.0285949,0.025187,2,1.75578,1.20968,0,0.344544,0.487027,3.7308e-15,0,0,0,0,0,0,0,0,0,0,0,0,0.855775,1.20968,0,0,0,0,0,0,0,0,0,0,0,0,2,0.855775,1.20968,0,1,2,0,0,0,0,0,1.2309,-0.2676,2.3682,0,0,0,0,0,0,0,-0,0,1.49812,0,0,0,0,0,0,0,0,0,0,0,0,0,0,0,0,0,0,0,0,0,0,0,0,0,0,0,0,0,0,0,0,0
21,-0.0228914,0.0147601,0.000883702,0,0,0,3.06098,2.01921,-2.36419,-0.000490676,-0.00666441,-0.00057215,0.0151971,-0.0195052,0.00567968,3,2,3.92699,0,0,0,0,0,0,0,0,0,0,0,2,3,2,3.92699,0,0,0,0,0,0,0,0,0,0,1.5708,1.5708,0,1.5708,1.5708,0,-0.00919388,-0.00810279,0.000651112,-0.0106818,-4.39628e-05,0.000764606,1.78301,1.23745,0.00411565,-0.000521191,-0.000906897,-0.00242502,-0.000346316,0.000681335,-0.00126749,1.75578,1.20968,0,0,0,0,0.0391317,0.0250387,0,0,0,0,0.0346422,0.0214485,2,1.75578,1.20968,0,0.344544,0.487027,3.7308e-15,0,0,0,0,0,0,0,0,0,0,0,0,0.855775,1.20968,0,0,0,0,0,0,0,0,0,0,0,0,2,0.855775,1.20968,0,1,2,0,0,0,0,0,1.2309,-0.2676,2.3682,0,0,0,0,0,0,0,-0,0,1.49812,0,0,0,0,0,0,0,0,0,0,0,0,0,0,0,0,0,0,0,0,0,0,0,0,0,0,0,0,0,0,0,0,0
21.05,-0.034231,0.0150858,-0.00101639,0,0,0,3.06126,2.01854,-2.36378,0.00283512,-0.00668122,0.00402305,0.0251592,-0.010169,0.0208142,3,2,3.92699,0,0,0,0,0,0,0,0,0,0,0,2,3,2,3.92699,0,0,0,0,0,0,0,0,0,0,1.5708,1.5708,0,1.5708,1.5708,0,-0.00868571,-0.00781778,-0.000242974,-0.0110546,-4.54971e-05,0.00079129,1.78294,1.23735,0.00409332,-0.000662994,-0.000979229,-0.000223285,-0.000871895,0.000156252,0.00745121,1.75578,1.20968,0,0,0,0,0.0391317,0.0250387,0,0,0,0,0.0346422,0.0214485,2,1.75578,1.20968,0,0.344544,0.487027,3.7308e-15,0,0,0,0,0,0,0,0,0,0,0,0,0.855775,1.20968,0,0,0,0,0,0,0,0,0,0,0,0,2,0.855775,1.20968,0,1,2,0,0,0,0,0,1.2309,-0.2676,2.3682,0,0,0,0,0,0,0,-0,0,1.49812,0,0,0,0,0,0,0,0,0,0,0,0,0,0,0,0,0,0,0,0,0,0,0,0,0,0,0,0,0,0,0,0,0
21.1,-0.034231,0.0150858,-0.00101639,0,0,0,3.06126,2.01854,-2.36378,0.00283512,-0.00668122,0.00402305,0.0251592,-0.010169,0.0208142,3,2,3.92699,0,0,0,0,0,0,0,0,0,0,0,2,3,2,3.92699,0,0,0,0,0,0,0,0,0,0,1.5708,1.5708,0,1.5708,1.5708,0,-0.00868571,-0.00781778,-0.000242974,-0.0110546,-4.52503e-05,0.00079129,1.78294,1.23735,0.00409332,-0.000662994,-0.000979229,-0.000223285,-0.000871895,0.000156252,0.00745121,1.75578,1.20968,0,0,0,0,0.025054,0.0355334,0,0,0,0,0.0221377,0.0319464,2,1.75578,1.20968,0,0.344544,0.487027,3.7308e-15,0,0,0,0,0,0,0,0,0,0,0,0,0.855775,1.20968,0,0,0,0,0,0,0,0,0,0,0,0,2,0.855775,1.20968,0,1,2,0,0,0,0,0,1.2309,-0.2676,2.3682,0,0,0,0,0,0,0,-0,0,1.49812,0,0,0,0,0,0,0,0,0,0,0,0,0,0,0,0,0,0,0,0,0,0,0,0,0,0,0,0,0,0,0,0,0
21.15,-0.0384628,-0.0172802,-0.0021953,0,0,0,3.06167,2.01883,-2.3631,0.00404069,0.00287365,0.00678806,0.0212741,0.0333316,0.0255971,3,2,3.92699,0,0,0,0,0,0,0,0,0,0,0,2,3,2,3.92699,0,0,0,0,0,0,0,0,0,0,1.5708,1.5708,0,1.5708,1.5708,0,-0.0102239,-0.00750637,0.000929024,-0.0110546,-4.52503e-05,0.00079129,1.78292,1.23725,0.00378908,-0.000207528,-0.00105839,-0.00304255,0.00122481,-0.000294237,-0.00561124,1.75578,1.20968,0,0,0,0,0.025054,0.0355334,0,0,0,0,0.0221377,0.0319464,2,1.75578,1.20968,0,0.344544,0.487027,3.7308e-15,0,0,0,0,0,0,0,0,0,0,0,0,0.855775,1.20968,0,0,0,0,0,0,0,0,0,0,0,0,2,0.855775,1.20968,0,1,2,0,0,0,0,0,1.2993,-0.2001,2.4365,0,0,0,0,0,0,0,-0,0,1.49869,0,0,0,0,0,0,0,0,0,0,0,0,0,0,0,0,0,0,0,0,0,0,0,0,0,0,0,0,0,0,0,0,0
21.2,-0.0384628,-0.0172802,-0.0021953,0,0,0,3.06167,2.01883,-2.3631,0.00404069,0.00287365,0.00678806,0.0212741,0.0333316,0.0255971,3,2,3.92699,0,0,0,0,0,0,0,0,0,0,0,2,3,2,3.92699,0,0,0,0,0,0,0,0,0,0,1.5708,1.5708,0,1.5708,1.5708,0,-0.0102239,-0.00750637,0.000929024,-0.0110546,-4.18871e-05,0.00079129,1.78292,1.23725,0.00378908,-0.000207528,-0.00105839,-0.00304255,0.00122481,-0.000294237,-0.00561124,1.75578,1.20968,0,0,0,0,0.0466317,0.0247051,0,0,0,0,0.0362488,0.0157221,2,1.75578,1.20968,0,0.344544,0.487027,3.7308e-15,0,0,0,0,0,0,0,0,0,0,0,0,0.855775,1.20968,0,0,0,0,0,0,0,0,0,0,0,0,2,0.855775,1.20968,0,1,2,0,0,0,0,0,1.2993,-0.2001,2.4365,0,0,0,0,0,0,0,-0,0,1.49869,0,0,0,0,0,0,0,0,0,0,0,0,0,0,0,0,0,0,0,0,0,0,0,0,0,0,0,0,0,0,0,0,0
21.25,-0.0447133,-0.0403705,-0.0101059,0,0,0,3.06225,2.01979,-2.36053,0.0058231,0.00960018,0.0257388,0.0193693,0.0527805,0.0917379,3,2,3.92699,0,0,0,0,0,0,0,0,0,0,0,2,3,2,3.92699,0,0,0,0,0,0,0,0,0,0,1.5708,1.5708,0,1.5708,1.5708,0,-0.00928438,-0.00812639,0.00056081,-0.0110546,-4.18871e-05,0.00079129,1.78287,1.23716,0.00357953,-0.000478543,-0.000865529,-0.00209565,-6.35196e-05,0.000533259,-0.00135345,1.75578,1.20968,0,0,0,0,0.0466317,0.0247051,0,0,0,0,0.0362488,0.0157221,2,1.75578,1.20968,0,0.344544,0.487027,3.7308e-15,0,0,0,0,0,0,0,0,0,0,0,0,0.855775,1.20968,0,0,0,0,0,0,0,0,0,0,0,0,2,0.855775,1.20968,0,1,2,0,0,0,0,0,1.2993,-0.2001,2.4365,0,0,0,0,0,0,0,-0,0,1.49977,0,0,0,0,0,0,0,0,0,0,0,0,0,0,0,0,0,0,0,0,0,0,0,0,0,0,0,0,0,0,0,0,0
21.3,-0.0447133,-0.0403705,-0.0101059,0,0,0,3.06225,2.01979,-2.36053,0.0058231,0.00960018,0.0257388,0.0193693,0.0527805,0.0917379,3,2,3.92699,0,0,0,0,0,0,0,0,0,0,0,2,3,2,3.92699,0,0,0,0,0,0,0,0,0,0,1.5708,1.5708,0,1.5708,1.5708,0,-0.00928438,-0.00812639,0.00056081,-0.0107834,-3.85997e-05,0.000771878,1.78287,1.23716,0.00357953,-0.000478543,-0.000865529,-0.00209565,-6.35196e-05,0.000533259,-0.00135345,1.75578,1.20968,0,0,0,0,0.0381717,0.0265942,0,0,0,0,0.0335608,0.0227219,2,1.75578,1.20968,0,0.344544,0.487027,3.7308e-15,0,0,0,0,0,0,0,0,0,0,0,0,0.855775,1.20968,0,0,0,0,0,0,0,0,0,0,0,0,2,0.855775,1.20968,0,1,2,0,0,0,0,0,1.2993,-0.2001,2.4365,0,0,0,0,0,0,0,-0,0,1.49977,0,0,0,0,0,0,0,0,0,0,0,0,0,0,0,0,0,0,0,0,0,0,0,0,0,0,0,0,0,0,0,0,0
21.35,-0.0563127,-0.0597681,-0.0174121,0,0,0,3.06316,2.02131,-2.35624,0.00915053,0.0151662,0.0428588,0.0246684,0.0565653,0.132444,3,2,3.92699,0,0,0,0,0,0,0,0,0,0,0,2,3,2,3.92699,0,0,0,0,0,0,0,0,0,0,1.5708,1.5708,0,1.5708,1.5708,0,-0.00914356,-0.00763452,0.000902489,-0.0107834,-3.85997e-05,0.000771878,1.78282,1.23706,0.00329176,-0.000513923,-0.000998549,-0.00287766,-0.000353919,-9.93986e-05,-0.00336131,1.75578,1.20968,0,0,0,0,0.0381717,0.0265942,0,0,0,0,0.0335608,0.0227219,2,1.75578,1.20968,0,0.344544,0.487027,3.7308e-15,0,0,0,0,0,0,0,0,0,0,0,0,0.855775,1.20968,0,0,0,0,0,0,0,0,0,0,0,0,2,0.855775,1.20968,0,1,2,0,0,0,0,0,1.1413,-0.3632,2.2737,0,0,0,0,0,0,0,-0,0,1.50144,0,0,0,0,0,0,0,0,0,0,0,0,0,0,0,0,0,0,0,0,0,0,0,0,0,0,0,0,0,0,0,0,0
21.4,-0.0563127,-0.0597681,-0.0174121,0,0,0,3.06316,2.02131,-2.35624,0.00915053,0.0151662,0.0428588,0.0246684,0.0565653,0.132444,3,2,3.92699,0,0,0,0,0,0,0,0,0,0,0,2,3,2,3.92699,0,0,0,0,0,0,0,0,0,0,1.5708,1.5708,0,1.5708,1.5708,0,-0.00914356,-0.00763452,0.000902489,-0.0107834,-3.54967e-05,0.000771878,1.78282,1.23706,0.00329176,-0.000513923,-0.000998549,-0.00287766,-0.000353919,-9.93986e-05,-0.00336131,1.75578,1.20968,0,0,0,0,0.0425099,0.0212795,0,0,0,0,0.0363939,0.0165189,2,1.75578,1.20968,0,0.344544,0.487027,3.7308e-15,0,0,0,0,0,0,0,0,0,0,0,0,0.855775,1.20968,0,0,0,0,0,0,0,0,0,0,0,0,2,0.855775,1.20968,0,1,2,0,0,0,0,0,1.1413,-0.3632,2.2737,0,0,0,0,0,0,0,-0,0,1.50144,0,0,0,0,0,0,0,0,0,0,0,0,0,0,0,0,0,0,0,0,0,0,0,0,0,0,0,0,0,0,0,0,0
21.45,-0.0680904,-0.0951302,-0.020065,0,0,0,3.06441,2.02384,-2.3514,0.012491,0.0253409,0.0484161,0.0288757,0.0751299,0.107236,3,2,3.92699,0,0,0,0,0,0,0,0,0,0,0,2,3,2,3.92699,0,0,0,0,0,0,0,0,0,0,1.5708,1.5708,0,1.5708,1.5708,0,-0.00992808,-0.00740961,0.000819806,-0.0107834,-3.54967e-05,0.000771878,1.78279,1.23695,0.00302959,-0.000279558,-0.00105231,-0.00262192,0.000684708,-0.000360005,-0.0012678,1.75578,1.20968,0,0,0,0,0.0425099,0.0212795,0,0,0,0,0.0363939,0.0165189,2,1.75578,1.20968,0,0.344544,0.487027,3.7308e-15,0,0,0,0,0,0,0,0,0,0,0,0,0.855775,1.20968,0,0,0,0,0,0,0,0,0,0,0,0,2,0.855775,1.20968,0,1,2,0,0,0,0,0,1.1413,-0.3632,2.2737,0,0,0,0,0,0,0,-0,0,1.50391,0,0,0,0,0,0,0,0,0,0,0,0,0,0,0,0,0,0,0,0,0,0,0,0,0,0,0,0,0,0,0,0,0
21.5,-0.0680904,-0.0951302,-0.020065,0,0,0,3.06441,2.02384,-2.3514,0.012491,0.0253409,0.0484161,0.0288757,0.0751299,0.107236,3,2,3.92699,0,0,0,0,0,0,0,0,0,0,0,2,3,2,3.92699,0,0,0,0,0,0,0,0,0,0,1.5708,1.5708,0,1.5708,1.5708,0,-0.00992808,-0.00740961,0.000819806,-0.0107834,-3.26695e-05,0.000771878,1.78279,1.23695,0.00302959,-0.000279558,-0.00105231,-0.00262192,0.000684708,-0.000360005,-0.0012678,1.75578,1.20968,0,0,0,0,0.0440995,0.0251339,0,0,0,0,0.0345542,0.0167993,2,1.75578,1.20968,0,0.344544,0.487027,3.7308e-15,0,0,0,0,0,0,0,0,0,0,0,0,0.855775,1.20968,0,0,0,0,0,0,0,0,0,0,0,0,2,0.855775,1.20968,0,1,2,0,0,0,0,0,1.1413,-0.3632,2.2737,0,0,0,0,0,0,0,-0,0,1.50391,0,0,0,0,0,0,0,0,0,0,0,0,0,0,0,0,0,0,0,0,0,0,0,0,0,0,0,0,0,0,0,0,0
21.55,-0.0730951,-0.125989,-0.0192065,0,0,0,3.06579,2.02725,-2.34686,0.013809,0.034077,0.045393,0.0231774,0.0825377,0.0489095,3,2,3.92699,0,0,0,0,0,0,0,0,0,0,0,2,3,2,3.92699,0,0,0,0,0,0,0,0,0,0,1.5708,1.5708,0,1.5708,1.5708,0,-0.00962349,-0.00797184,0.000101185,-0.012458,-3.77429e-05,0.000891745,1.78276,1.23687,0.00294567,-0.000364936,-0.000876334,-0.000839055,0.000210412,0.000451392,0.0066453,1.75578,1.20968,0,0,0,0,0.0440995,0.0251339,0,0,0,0,0.0345542,0.0167993,2,1.75578,1.20968,0,0.344544,0.487027,3.7308e-15,0,0,0,0,0,0,0,0,0,0,0,0,0.855775,1.20968,0,0,0,0,0,0,0,0,0,0,0,0,2,0.855775,1.20968,0,1,2,0,0,0,0,0,1.2608,-0.257,2.3814,0,0,0,0,0,0,0,-0,0,1.50695,0,0,0,0,0,0,0,0,0,0,0,0,0,0,0,0,0,0,0,0,0,0,0,0,0,0,0,0,0,0,0,0,0
21.6,-0.0730951,-0.125989,-0.0192065,0,0,0,3.06579,2.02725,-2.34686,0.013809,0.034077,0.045393,0.0231774,0.0825377,0.0489095,3,2,3.92699,0,0,0,0,0,0,0,0,0,0,0,2,3,2,3.92699,0,0,0,0,0,0,0,0,0,0,1.5708,1.5708,0,1.5708,1.5708,0,-0.00962349,-0.00797184,0.000101185,-0.012458,-3.66974e-05,0.000891745,1.78276,1.23687,0.00294567,-0.000364936,-0.000876334,-0.000839055,0.000210412,0.000451392,0.0066453,1.75578,1.20968,0,0,0,0,0.0329799,0.0340835,0,0,0,0,0.0270945,0.0281265,2,1.75578,1.20968,0,0.344544,0.487027,3.7308e-15,0,0,0,0,0,0,0,0,0,0,0,0,0.855775,1.20968,0,0,0,0,0,0,0,0,0,0,0,0,2,0.855775,1.20968,0,1,2,0,0,0,0,0,1.2608,-0.257,2.3814,0,0,0,0,0,0,0,-0,0,1.50695,0,0,0,0,0,0,0,0,0,0,0,0,0,0,0,0,0,0,0,0,0,0,0,0,0,0,0,0,0,0,0,0,0
21.65,-0.0796153,-0.147385,-0.025619,0,0,0,3.06735,2.03124,-2.34087,0.0155553,0.0399397,0.0599711,0.02011,0.0739559,0.0796766,3,2,3.92699,0,0,0,0,0,0,0,0,0,0,0,2,3,2,3.92699,0,0,0,0,0,0,0,0,0,0,1.5708,1.5708,0,1.5708,1.5708,0,-0.00933962,-0.0072343,0.00158762,-0.012458,-3.66974e-05,0.000891745,1.78271,1.23676,0.00250546,-0.000443286,-0.00108074,-0.0044038,-0.000250529,-0.000434942,-0.00918069,1.75578,1.20968,0,0,0,0,0.0329799,0.0340835,0,0,0,0,0.0270945,0.0281265,2,1.75578,1.20968,0,0.344544,0.487027,3.7308e-15,0,0,0,0,0,0,0,0,0,0,0,0,0.855775,1.20968,0,0,0,0,0,0,0,0,0,0,0,0,2,0.855775,1.20968,0,1,2,0,0,0,0,0,1.2608,-0.257,2.3814,0,0,0,0,0,0,0,-0,0,1.51046,0,0,0,0,0,0,0,0,0,0,0,0,0,0,0,0,0,0,0,0,0,0,0,0,0,0,0,0,0,0,0,0,0
21.7,-0.0796153,-0.147385,-0.025619,0,0,0,3.06735,2.03124,-2.34087,0.0155553,0.0399397,0.0599711,0.02011,0.0739559,0.0796766,3,2,3.92699,0,0,0,0,0,0,0,0,0,0,0,2,3,2,3.92699,0,0,0,0,0,0,0,0,0,0,1.5708,1.5708,0,1.5708,1.5708,0,-0.00933962,-0.0072343,0.00158762,-0.0124581,-3.12132e-05,0.000891745,1.78271,1.23676,0.00250546,-0.000443286,-0.00108074,-0.0044038,-0.000250529,-0.000434942,-0.00918069,1.75578,1.20968,0,0,0,0,0.0515931,0.0136507,0,0,0,0,0.0414927,0.00908275,2,1.75578,1.20968,0,0.344544,0.487027,3.7308e-15,0,0,0,0,0,0,0,0,0,0,0,0,0.855775,1.20968,0,0,0,0,0,0,0,0,0,0,0,0,2,0.855775,1.20968,0,1,2,0,0,0,0,0,1.2608,-0.257,2.3814,0,0,0,0,0,0,0,-0,0,1.51046,0,0,0,0,0,0,0,0,0,0,0,0,0,0,0,0,0,0,0,0,0,0,0,0,0,0,0,0,0,0,0,0,0
21.75,-0.0905092,-0.162948,-0.0377843,0,0,0,3.0692,2.03564,-2.33206,0.0185615,0.0440256,0.0881406,0.0236895,0.0596173,0.16463,3,2,3.92699,0,0,0,0,0,0,0,0,0,0,0,2,3,2,3.92699,0,0,0,0,0,0,0,0,0,0,1.5708,1.5708,0,1.5708,1.5708,0,-0.00883145,-0.00746867,0.00106005,-0.0124581,-3.12132e-05,0.000891745,1.78265,1.23666,0.00220087,-0.000585998,-0.00099986,-0.00304623,-0.000783537,-5.91395e-05,-0.00223485,1.75578,1.20968,0,0,0,0,0.0515931,0.0136507,0,0,0,0,0.0414927,0.00908275,2,1.75578,1.20968,0,0.344544,0.487027,3.7308e-15,0,0,0,0,0,0,0,0,0,0,0,0,0.855775,1.20968,0,0,0,0,0,0,0,0,0,0,0,0,2,0.855775,1.20968,0,1,2,0,0,0,0,0,1.1635,-0.3703,2.2679,0,0,0,0,0,0,0,-0,0,1.51446,0,0,0,0,0,0,0,0,0,0,0,0,0,0,0,0,0,0,0,0,0,0,0,0,0,0,0,0,0,0,0,0,0
21.8,-0.0905092,-0.162948,-0.0377843,0,0,0,3.0692,2.03564,-2.33206,0.0185615,0.0440256,0.0881406,0.0236895,0.0596173,0.16463,3,2,3.92699,0,0,0,0,0,0,0,0,0,0,0,2,3,2,3.92699,0,0,0,0,0,0,0,0,0,0,1.5708,1.5708,0,1.5708,1.5708,0,-0.00883145,-0.00746867,0.00106005,-0.0122982,-0.0107438,0.00170234,1.78265,1.23666,0.00220087,-0.000585998,-0.00099986,-0.00304623,-0.000783537,-5.91395e-05,-0.00223485,1.75578,1.20968,0,0,0,0,0.0436169,0.0179427,0,0,0,0,0.0379353,0.0139003,2,1.75578,1.20968,0,0.344544,0.487027,3.7308e-15,0,0,0,0,0,0,0,0,0,0,0,0,0.855775,1.20968,0,0,0,0,0,0,0,0,0,0,0,0,2,0.855775,1.20968,0,1,2,0,0,0,0,0,1.1635,-0.3703,2.2679,0,0,0,0,0,0,0,-0,0,1.51446,0,0,0,0,0,0,0,0,0,0,0,0,0,0,0,0,0,0,0,0,0,0,0,0,0,0,0,0,0,0,0,0,0
21.85,-0.0905092,-0.162948,-0.0377843,0,0,0,3.0692,2.03564,-2.33206,0.0185615,0.0440256,0.0881406,0.0236895,0.0596173,0.16463,3,2,3.92699,0,0,0,0,0,0,0,0,0,0,0,2,3,2,3.92699,0,0,0,0,0,0,0,0,0,0,1.5708,1.5708,0,1.5708,1.5708,0,-0.00883145,-0.00746867,0.00106005,-0.0122982,-0.0107438,0.00170234,1.78265,1.23666,0.00220087,-0.000585998,-0.00099986,-0.00304623,-0.000783537,-5.91395e-05,-0.00223485,1.75578,1.20968,0,0,0,0,0.0436169,0.0179427,0,0,0,0,0.0379353,0.0139003,2,1.75578,1.20968,0,0.344544,0.487027,3.7308e-15,0,0,0,0,0,0,0,0,0,0,0,0,0.855775,1.20968,0,0,0,0,0,0,0,0,0,0,0,0,2,0.855775,1.20968,0,1,2,0,0,0,0,0,1.1635,-0.3703,2.2679,0,0,0,0,0,0,0,-0,0,1.51446,0,0,0,0,0,0,0,0,0,0,0,0,0,0,0,0,0,0,0,0,0,0,0,0,0,0,0,0,0,0,0,0,0
21.9,-0.0933317,-0.185646,-0.0475906,0,0,0,3.07112,2.04066,-2.32105,0.0191692,0.0501524,0.110066,0.0171291,0.0583173,0.197928,3,2,3.92699,0,0,0,0,0,0,0,0,0,0,0,2,3,2,3.92699,0,0,0,0,0,0,0,0,0,0,1.5708,1.5708,0,1.5708,1.5708,0,-0.00916421,-0.00700436,0.000908284,-0.0122982,-0.0107438,0.00170234,1.7826,1.23655,0.00193885,-0.000482281,-0.00112329,-0.00262075,-0.000127995,-0.000477265,0.00130023,1.75578,1.20968,0,0,0,0,0.0436169,0.0179427,0,0,0,0,0.0379353,0.0139003,2,1.75578,1.20968,0,0.344544,0.487027,3.7308e-15,0,0,0,0,0,0,0,0,0,0,0,0,0.855775,1.20968,0,0,0,0,0,0,0,0,0,0,0,0,2,0.855775,1.20968,0,1,2,0,0,0,0,0,1.1635,-0.3703,2.2679,0,0,0,0,0,0,0,-0,0,1.51884,0,0,0,0,0,0,0,0,0,0,0,0,0,0,0,0,0,0,0,0,0,0,0,0,0,0,0,0,0,0,0,0,0
21.95,-0.105088,-0.21641,-0.0553409,0,0,0,3.07336,2.04652,-2.30838,0.022385,0.0585678,0.126597,0.0222748,0.068538,0.189555,3,2,3.92699,0,0,0,0,0,0,0,0,0,0,0,2,3,2,3.92699,0,0,0,0,0,0,0,0,0,0,1.5708,1.5708,0,1.5708,1.5708,0,-0.00889078,-0.00702159,0.000841858,-0.012301,-0.0107406,0.00170234,1.78255,1.23644,0.00169775,-0.000556209,-0.0011051,-0.00240918,-0.000284265,-0.000272088,0.00210059,1.75578,1.20968,0,0,0,0,0.0427434,0.0211135,0,0,0,0,0.0344345,0.0141855,2,1.75578,1.20968,0,0.344544,0.487027,3.7308e-15,0,0,0,0,0,0,0,0,0,0,0,0,0.855775,1.20968,0,0,0,0,0,0,0,0,0,0,0,0,2,0.855775,1.20968,0,1,2,0,0,0,0,0,1.2428,-0.3184,2.3228,0,0,0,0,0,0,0,-0,0,1.52395,0,0,0,0,0,0,0,0,0,0,0,0,0,0,0,0,0,0,0,0,0,0,0,0,0,0,0,0,0,0,0,0,0
22,-0.105088,-0.21641,-0.0553409,0,0,0,3.07336,2.04652,-2.30838,0.022385,0.0585678,0.126597,0.0222748,0.068538,0.189555,3,2,3.92699,0,0,0,0,0,0,0,0,0,0,0,2,3,2,3.92699,0,0,0,0,0,0,0,0,0,0,1.5708,1.5708,0,1.5708,1.5708,0,-0.00889078,-0.00702159,0.000841858,-0.0123036,-0.0107376,0.00170234,1.78255,1.23644,0.00169775,-0.000556209,-0.0011051,-0.00240918,-0.000284265,-0.000272088,0.00210059,1.75578,1.20968,0,0,0,0,0.0408651,0.0210591,0,0,0,0,0.0336418,0.0151003,2,1.75578,1.20968,0,0.344544,0.487027,3.7308e-15,0,0,0,0,0,0,0,0,0,0,0,0,0.855775,1.20968,0,0,0,0,0,0,0,0,0,0,0,0,2,0.855775,1.20968,0,1,2,0,0,0,0,0,1.2428,-0.3184,2.3228,0,0,0,0,0,0,0,-0,0,1.52395,0,0,0,0,0,0,0,0,0,0,0,0,0,0,0,0,0,0,0,0,0,0,0,0,0,0,0,0,0,0,0,0,0
22.05,-0.135323,-0.23997,-0.0480009,0,0,0,3.07646,2.05299,-2.29775,0.0309735,0.0647758,0.106402,0.0483138,0.0671527,0.0315922,3,2,3.92699,0,0,0,0,0,0,0,0,0,0,0,2,3,2,3.92699,0,0,0,0,0,0,0,0,0,0,1.5708,1.5708,0,1.5708,1.5708,0,-0.00866012,-0.00628784,0.000850998,-0.0115444,-1.95994e-05,0.000826341,1.78249,1.2363,0.0014595,-0.00061683,-0.00130573,-0.00238389,-0.000432259,-0.000933629,0.00147844,1.75578,1.20968,0,0,0,0,0.0408651,0.0210591,0,0,0,0,0.0336418,0.0151003,2,1.75578,1.20968,0,0.344544,0.487027,3.7308e-15,0,0,0,0,0,0,0,0,0,0,0,0,0.855775,1.20968,0,0,0,0,0,0,0,0,0,0,0,0,2,0.855775,1.20968,0,1,2,0,0,0,0,0,1.2428,-0.3184,2.3228,0,0,0,0,0,0,0,-0,0,1.53014,0,0,0,0,0,0,0,0,0,0,0,0,0,0,0,0,0,0,0,0,0,0,0,0,0,0,0,0,0,0,0,0,0
22.1,-0.135323,-0.23997,-0.0480009,0,0,0,3.07646,2.05299,-2.29775,0.0309735,0.0647758,0.106402,0.0483138,0.0671527,0.0315922,3,2,3.92699,0,0,0,0,0,0,0,0,0,0,0,2,3,2,3.92699,0,0,0,0,0,0,0,0,0,0,1.5708,1.5708,0,1.5708,1.5708,0,-0.00866012,-0.00628784,0.000850998,-0.0115444,-1.6849e-05,0.000826341,1.78249,1.2363,0.0014595,-0.00061683,-0.00130573,-0.00238389,-0.000432259,-0.000933629,0.00147844,1.75578,1.20968,0,0,0,0,0.0403323,0.0199702,0,0,0,0,0.0313604,0.0122985,2,1.75578,1.20968,0,0.344544,0.487027,3.7308e-15,0,0,0,0,0,0,0,0,0,0,0,0,0.855775,1.20968,0,0,0,0,0,0,0,0,0,0,0,0,2,0.855775,1.20968,0,1,2,0,0,0,0,0,1.2428,-0.3184,2.3228,0,0,0,0,0,0,0,-0,0,1.53014,0,0,0,0,0,0,0,0,0,0,0,0,0,0,0,0,0,0,0,0,0,0,0,0,0,0,0,0,0,0,0,0,0
22.15,-0.116345,-0.218086,-0.0760487,0,0,0,3.07896,2.05875,-2.28055,0.0250522,0.0576053,0.171975,0.00894796,0.0116452,0.259888,3,2,3.92699,0,0,0,0,0,0,0,0,0,0,0,2,3,2,3.92699,0,0,0,0,0,0,0,0,0,0,1.5708,1.5708,0,1.5708,1.5708,0,-0.00876633,-0.00668623,0.000862983,-0.0115444,-1.6849e-05,0.000826341,1.78243,1.23619,0.00122294,-0.00057869,-0.00117447,-0.00236593,-0.000128706,-0.000128858,0.000869341,1.75578,1.20968,0,0,0,0,0.0403323,0.0199702,0,0,0,0,0.0313604,0.0122985,2,1.75578,1.20968,0,0.344544,0.487027,3.7308e-15,0,0,0,0,0,0,0,0,0,0,0,0,0.855775,1.20968,0,0,0,0,0,0,0,0,0,0,0,0,2,0.855775,1.20968,0,1,2,0,0,0,0,0,1.1699,-0.4247,2.2201,0,0,0,0,0,0,0,-0,0,1.53545,0,0,0,0,0,0,0,0,0,0,0,0,0,0,0,0,0,0,0,0,0,0,0,0,0,0,0,0,0,0,0,0,0
22.2,-0.116345,-0.218086,-0.0760487,0,0,0,3.07896,2.05875,-2.28055,0.0250522,0.0576053,0.171975,0.00894796,0.0116452,0.259888,3,2,3.92699,0,0,0,0,0,0,0,0,0,0,0,2,3,2,3.92699,0,0,0,0,0,0,0,0,0,0,1.5708,1.5708,0,1.5708,1.5708,0,-0.00876633,-0.00668623,0.000862983,-0.0115444,-1.41181e-05,0.000826341,1.78243,1.23619,0.00122294,-0.00057869,-0.00117447,-0.00236593,-0.000128706,-0.000128858,0.000869341,1.75578,1.20968,0,0,0,0,0.0407818,0.0202524,0,0,0,0,0.0328304,0.0136118,2,1.75578,1.20968,0,0.344544,0.487027,3.7308e-15,0,0,0,0,0,0,0,0,0,0,0,0,0.855775,1.20968,0,0,0,0,0,0,0,0,0,0,0,0,2,0.855775,1.20968,0,1,2,0,0,0,0,0,1.1699,-0.4247,2.2201,0,0,0,0,0,0,0,-0,0,1.53545,0,0,0,0,0,0,0,0,0,0,0,0,0,0,0,0,0,0,0,0,0,0,0,0,0,0,0,0,0,0,0,0,0
22.25,-0.13793,-0.24453,-0.0652851,0,0,0,3.08207,2.06522,-2.26629,0.0310768,0.0646689,0.142628,0.0240936,0.0276524,0.0696134,3,2,3.92699,0,0,0,0,0,0,0,0,0,0,0,2,3,2,3.92699,0,0,0,0,0,0,0,0,0,0,1.5708,1.5708,0,1.5708,1.5708,0,-0.00864214,-0.00676016,0.000455662,-0.0115444,-1.41181e-05,0.000826341,1.78237,1.23607,0.00108916,-0.000608058,-0.00113919,-0.00133811,-0.000153058,0.000173527,0.00454824,1.75578,1.20968,0,0,0,0,0.0407818,0.0202524,0,0,0,0,0.0328304,0.0136118,2,1.75578,1.20968,0,0.344544,0.487027,3.7308e-15,0,0,0,0,0,0,0,0,0,0,0,0,0.855775,1.20968,0,0,0,0,0,0,0,0,0,0,0,0,2,0.855775,1.20968,0,1,2,0,0,0,0,0,1.1699,-0.4247,2.2201,0,0,0,0,0,0,0,-0,0,1.54165,0,0,0,0,0,0,0,0,0,0,0,0,0,0,0,0,0,0,0,0,0,0,0,0,0,0,0,0,0,0,0,0,0
22.3,-0.13793,-0.24453,-0.0652851,0,0,0,3.08207,2.06522,-2.26629,0.0310768,0.0646689,0.142628,0.0240936,0.0276524,0.0696134,3,2,3.92699,0,0,0,0,0,0,0,0,0,0,0,2,3,2,3.92699,0,0,0,0,0,0,0,0,0,0,1.5708,1.5708,0,1.5708,1.5708,0,-0.00864214,-0.00676016,0.000455662,0,0,0,1.78237,1.23607,0.00108916,-0.000608058,-0.00113919,-0.00133811,-0.000153058,0.000173527,0.00454824,1.75578,1.20968,0,0,0,0,0.0346966,0.0254499,0,0,0,0,0.0278016,0.0191449,2,1.75578,1.20968,0,0.344544,0.487027,3.7308e-15,0,0,0,0,0,0,0,0,0,0,0,0,0.855775,1.20968,0,0,0,0,0,0,0,0,0,0,0,0,2,0.855775,1.20968,0,1,2,0,0,0,0,0,1.1699,-0.4247,2.2201,0,0,0,0,0,0,0,-0,0,1.54165,0,0,0,0,0,0,0,0,0,0,0,0,0,0,0,0,0,0,0,0,0,0,0,0,0,0,0,0,0,0,0,0,0
22.35,-0.131816,-0.259542,-0.0540127,0,0,0,3.08496,2.07205,-2.25503,0.0289203,0.0683019,0.112629,0.00791628,0.0333199,-0.103754,3,2,3.92699,0,0,0,0,0,0,0,0,0,0,0,2,3,2,3.92699,0,0,0,0,0,0,0,0,0,0,1.5708,1.5708,0,1.5708,1.5708,0,-0.00873983,-0.00681179,0.000952241,0,0,0,1.78231,1.23596,0.000838336,-0.000572498,-0.00111082,-0.0025082,4.65783e-05,0.00025794,-0.00144702,1.75578,1.20968,0,0,0,0,0.0346966,0.0254499,0,0,0,0,0.0278016,0.0191449,2,1.75578,1.20968,0,0.344544,0.487027,3.7308e-15,0,0,0,0,0,0,0,0,0,0,0,0,0.855775,1.20968,0,0,0,0,0,0,0,0,0,0,0,0,2,0.855775,1.20968,0,1,2,0,0,0,0,0,1.3378,-0.299,2.3534,0,0,0,0,0,0,0,-0,0,1.54788,0,0,0,0,0,0,0,0,0,0,0,0,0,0,0,0,0,0,0,0,0,0,0,0,0,0,0,0,0,0,0,0,0
22.4,-0.131816,-0.259542,-0.0540127,0,0,0,3.08496,2.07205,-2.25503,0.0289203,0.0683019,0.112629,0.00791628,0.0333199,-0.103754,3,2,3.92699,0,0,0,0,0,0,0,0,0,0,0,2,3,2,3.92699,0,0,0,0,0,0,0,0,0,0,1.5708,1.5708,0,1.5708,1.5708,0,-0.00873983,-0.00681179,0.000952241,0,0,0,1.78231,1.23596,0.000838336,-0.000572498,-0.00111082,-0.0025082,4.65783e-05,0.00025794,-0.00144702,1.75578,1.20968,0,0,0,0,0.0418936,0.0189433,0,0,0,0,0.0344138,0.012929,2,1.75578,1.20968,0,0.344544,0.487027,3.7308e-15,0,0,0,0,0,0,0,0,0,0,0,0,0.855775,1.20968,0,0,0,0,0,0,0,0,0,0,0,0,2,0.855775,1.20968,0,1,2,0,0,0,0,0,1.3378,-0.299,2.3534,0,0,0,0,0,0,0,-0,0,1.54788,0,0,0,0,0,0,0,0,0,0,0,0,0,0,0,0,0,0,0,0,0,0,0,0,0,0,0,0,0,0,0,0,0
22.45,-0.123623,-0.243476,-0.0508686,0,0,0,3.08758,2.07834,-2.24473,0.0261805,0.0627922,0.102827,-0.00835026,-0.00116414,-0.124767,3,2,3.92699,0,0,0,0,0,0,0,0,0,0,0,2,3,2,3.92699,0,0,0,0,0,0,0,0,0,0,1.5708,1.5708,0,1.5708,1.5708,0,-0.00850974,-0.00702305,0.000607484,0,0,0,1.78225,1.23586,0.000675304,-0.000632749,-0.00103629,-0.00162827,-0.000186573,0.000462619,0.00183343,1.75578,1.20968,0,0,0,0,0.0418936,0.0189433,0,0,0,0,0.0344138,0.012929,2,1.75578,1.20968,0,0.344544,0.487027,3.7308e-15,0,0,0,0,0,0,0,0,0,0,0,0,0.855775,1.20968,0,0,0,0,0,0,0,0,0,0,0,0,2,0.855775,1.20968,0,1,2,0,0,0,0,0,1.3378,-0.299,2.3534,0,0,0,0,0,0,0,-0,0,1.5536,0,0,0,0,0,0,0,0,0,0,0,0,0,0,0,0,0,0,0,0,0,0,0,0,0,0,0,0,0,0,0,0,0
22.5,-0.123623,-0.243476,-0.0508686,0,0,0,3.08758,2.07834,-2.24473,0.0261805,0.0627922,0.102827,-0.00835026,-0.00116414,-0.124767,3,2,3.92699,0,0,0,0,0,0,0,0,0,0,0,2,3,2,3.92699,0,0,0,0,0,0,0,0,0,0,1.5708,1.5708,0,1.5708,1.5708,0,-0.00850974,-0.00702305,0.000607484,0,0,0,1.78225,1.23586,0.000675304,-0.000632749,-0.00103629,-0.00162827,-0.000186573,0.000462619,0.00183343,1.75578,1.20968,0,0,0,0,0.036284,0.0229307,0,0,0,0,0.0306539,0.0181527,2,1.75578,1.20968,0,0.344544,0.487027,3.7308e-15,0,0,0,0,0,0,0,0,0,0,0,0,0.855775,1.20968,0,0,0,0,0,0,0,0,0,0,0,0,2,0.855775,1.20968,0,1,2,0,0,0,0,0,1.3378,-0.299,2.3534,0,0,0,0,0,0,0,-0,0,1.5536,0,0,0,0,0,0,0,0,0,0,0,0,0,0,0,0,0,0,0,0,0,0,0,0,0,0,0,0,0,0,0,0,0
22.55,-0.092177,-0.20075,-0.0647666,0,0,0,3.08925,2.08328,-2.23132,0.0166653,0.0495435,0.134338,-0.0453676,-0.0586282,0.0475562,3,2,3.92699,0,0,0,0,0,0,0,0,0,0,0,2,3,2,3.92699,0,0,0,0,0,0,0,0,0,0,1.5708,1.5708,0,1.5708,1.5708,0,-0.00978459,-0.00733283,0.000563365,-0.0102502,-6.92203e-06,0.000733707,1.78222,1.23577,0.000526523,-0.000254283,-0.000934001,-0.00149003,0.00137171,0.000719735,0.00210596,1.75578,1.20968,0,0,0,0,0.036284,0.0229307,0,0,0,0,0.0306539,0.0181527,2,1.75578,1.20968,0,0.344544,0.487027,3.7308e-15,0,0,0,0,0,0,0,0,0,0,0,0,0.855775,1.20968,0,0,0,0,0,0,0,0,0,0,0,0,2,0.855775,1.20968,0,1,2,0,0,0,0,0,1.2574,-0.4109,2.2453,0,0,0,0,0,0,0,-0,0,1.55775,0,0,0,0,0,0,0,0,0,0,0,0,0,0,0,0,0,0,0,0,0,0,0,0,0,0,0,0,0,0,0,0,0
22.6,-0.092177,-0.20075,-0.0647666,0,0,0,3.08925,2.08328,-2.23132,0.0166653,0.0495435,0.134338,-0.0453676,-0.0586282,0.0475562,3,2,3.92699,0,0,0,0,0,0,0,0,0,0,0,2,3,2,3.92699,0,0,0,0,0,0,0,0,0,0,1.5708,1.5708,0,1.5708,1.5708,0,-0.00978459,-0.00733283,0.000563365,-0.0102502,-5.39698e-06,0.000733707,1.78222,1.23577,0.000526523,-0.000254283,-0.000934001,-0.00149003,0.00137171,0.000719735,0.00210596,1.75578,1.20968,0,0,0,0,0.0399977,0.0280916,0,0,0,0,0.0310618,0.0199154,2,1.75578,1.20968,0,0.344544,0.487027,3.7308e-15,0,0,0,0,0,0,0,0,0,0,0,0,0.855775,1.20968,0,0,0,0,0,0,0,0,0,0,0,0,2,0.855775,1.20968,0,1,2,0,0,0,0,0,1.2574,-0.4109,2.2453,0,0,0,0,0,0,0,-0,0,1.55775,0,0,0,0,0,0,0,0,0,0,0,0,0,0,0,0,0,0,0,0,0,0,0,0,0,0,0,0,0,0,0,0,0
22.65,-0.0671987,-0.140668,-0.0789383,0,0,0,3.09016,2.08642,-2.21473,0.00915574,0.0313688,0.165886,-0.0621565,-0.115312,0.178658,3,2,3.92699,0,0,0,0,0,0,0,0,0,0,0,2,3,2,3.92699,0,0,0,0,0,0,0,0,0,0,1.5708,1.5708,0,1.5708,1.5708,0,-0.00866833,-0.00711948,0.000624387,-0.0102502,-5.39698e-06,0.000733707,1.78216,1.23567,0.000365754,-0.000576201,-0.000985157,-0.00160777,-0.000253477,0.000257246,0.0008225,1.75578,1.20968,0,0,0,0,0.0399977,0.0280916,0,0,0,0,0.0310618,0.0199154,2,1.75578,1.20968,0,0.344544,0.487027,3.7308e-15,0,0,0,0,0,0,0,0,0,0,0,0,0.855775,1.20968,0,0,0,0,0,0,0,0,0,0,0,0,2,0.855775,1.20968,0,1,2,0,0,0,0,0,1.2574,-0.4109,2.2453,0,0,0,0,0,0,0,-0,0,1.56033,0,0,0,0,0,0,0,0,0,0,0,0,0,0,0,0,0,0,0,0,0,0,0,0,0,0,0,0,0,0,0,0,0
22.7,-0.0671987,-0.140668,-0.0789383,0,0,0,3.09016,2.08642,-2.21473,0.00915574,0.0313688,0.165886,-0.0621565,-0.115312,0.178658,3,2,3.92699,0,0,0,0,0,0,0,0,0,0,0,2,3,2,3.92699,0,0,0,0,0,0,0,0,0,0,1.5708,1.5708,0,1.5708,1.5708,0,-0.00866833,-0.00711948,0.000624387,-0.0102502,-3.74906e-06,0.000733707,1.78216,1.23567,0.000365754,-0.000576201,-0.000985157,-0.00160777,-0.000253477,0.000257246,0.0008225,1.75578,1.20968,0,0,0,0,0.0370361,0.023267,0,0,0,0,0.0311929,0.0183026,2,1.75578,1.20968,0,0.344544,0.487027,3.7308e-15,0,0,0,0,0,0,0,0,0,0,0,0,0.855775,1.20968,0,0,0,0,0,0,0,0,0,0,0,0,2,0.855775,1.20968,0,1,2,0,0,0,0,0,1.2574,-0.4109,2.2453,0,0,0,0,0,0,0,-0,0,1.56033,0,0,0,0,0,0,0,0,0,0,0,0,0,0,0,0,0,0,0,0,0,0,0,0,0,0,0,0,0,0,0,0,0
22.75,-0.0380137,-0.0592101,-0.0993808,0,0,0,3.09021,2.08713,-2.19354,0.000503026,0.00714981,0.211942,-0.0742054,-0.17379,0.30877,3,2,3.92699,0,0,0,0,0,0,0,0,0,0,0,2,3,2,3.92699,0,0,0,0,0,0,0,0,0,0,1.5708,1.5708,0,1.5708,1.5708,0,-0.00931183,-0.00725133,0.000742479,-0.0102502,-3.74906e-06,0.000733707,1.78213,1.23557,0.00017972,-0.000382153,-0.000935238,-0.0018607,0.000403869,0.000293342,-0.000687233,1.75578,1.20968,0,0,0,0,0.0370361,0.023267,0,0,0,0,0.0311929,0.0183026,2,1.75578,1.20968,0,0.344544,0.487027,3.7308e-15,0,0,0,0,0,0,0,0,0,0,0,0,0.855775,1.20968,0,0,0,0,0,0,0,0,0,0,0,0,2,0.855775,1.20968,0,1,2,0,0,0,0,0,1.2536,-0.4494,2.2149,0,0,0,0,0,0,0,-0,0,1.56085,0,0,0,0,0,0,0,0,0,0,0,0,0,0,0,0,0,0,0,0,0,0,0,0,0,0,0,0,0,0,0,0,0
22.8,-0.0380137,-0.0592101,-0.0993808,0,0,0,3.09021,2.08713,-2.19354,0.000503026,0.00714981,0.211942,-0.0742054,-0.17379,0.30877,3,2,3.92699,0,0,0,0,0,0,0,0,0,0,0,2,3,2,3.92699,0,0,0,0,0,0,0,0,0,0,1.5708,1.5708,0,1.5708,1.5708,0,-0.00931183,-0.00725133,0.000742479,-0.0115403,-2.07402e-06,0.000826049,1.78213,1.23557,0.00017972,-0.000382153,-0.000935238,-0.0018607,0.000403869,0.000293342,-0.000687233,1.75578,1.20968,0,0,0,0,0.0408506,0.0239222,0,0,0,0,0.0331378,0.01729,2,1.75578,1.20968,0,0.344544,0.487027,3.7308e-15,0,0,0,0,0,0,0,0,0,0,0,0,0.855775,1.20968,0,0,0,0,0,0,0,0,0,0,0,0,2,0.855775,1.20968,0,1,2,0,0,0,0,0,1.2536,-0.4494,2.2149,0,0,0,0,0,0,0,-0,0,1.56085,0,0,0,0,0,0,0,0,0,0,0,0,0,0,0,0,0,0,0,0,0,0,0,0,0,0,0,0,0,0,0,0,0
22.85,0.0080351,0.0108077,-0.111868,0,0,0,3.08891,2.08579,-2.16975,-0.0129851,-0.0134343,0.237899,-0.100083,-0.194513,0.306841,3,2,3.92699,0,0,0,0,0,0,0,0,0,0,0,2,3,2,3.92699,0,0,0,0,0,0,0,0,0,0,1.5708,1.5708,0,1.5708,1.5708,0,-0.00887739,-0.0071977,0.000356199,-0.0115403,-2.07402e-06,0.000826049,1.78208,1.23548,9.03656e-05,-0.000504121,-0.000939886,-0.000893488,-0.000156086,0.000161952,0.0032468,1.75578,1.20968,0,0,0,0,0.0408506,0.0239222,0,0,0,0,0.0331378,0.01729,2,1.75578,1.20968,0,0.344544,0.487027,3.7308e-15,0,0,0,0,0,0,0,0,0,0,0,0,0.855775,1.20968,0,0,0,0,0,0,0,0,0,0,0,0,2,0.855775,1.20968,0,1,2,0,0,0,0,0,1.2536,-0.4494,2.2149,0,0,0,0,0,0,0,-0,0,1.55912,0,0,0,0,0,0,0,0,0,0,0,0,0,0,0,0,0,0,0,0,0,0,0,0,0,0,0,0,0,0,0,0,0
22.9,0.0080351,0.0108077,-0.111868,0,0,0,3.08891,2.08579,-2.16975,-0.0129851,-0.0134343,0.237899,-0.100083,-0.194513,0.306841,3,2,3.92699,0,0,0,0,0,0,0,0,0,0,0,2,3,2,3.92699,0,0,0,0,0,0,0,0,0,0,1.5708,1.5708,0,1.5708,1.5708,0,-0.00887739,-0.0071977,0.000356199,-0.0115403,-1.04285e-06,0.000826049,1.78208,1.23548,9.03656e-05,-0.000504121,-0.000939886,-0.000893488,-0.000156086,0.000161952,0.0032468,1.75578,1.20968,0,0,0,0,0.034017,0.0277134,0,0,0,0,0.0279726,0.0220707,2,1.75578,1.20968,0,0.344544,0.487027,3.7308e-15,0,0,0,0,0,0,0,0,0,0,0,0,0.855775,1.20968,0,0,0,0,0,0,0,0,0,0,0,0,2,0.855775,1.20968,0,1,2,0,0,0,0,0,1.2536,-0.4494,2.2149,0,0,0,0,0,0,0,-0,0,1.55912,0,0,0,0,0,0,0,0,0,0,0,0,0,0,0,0,0,0,0,0,0,0,0,0,0,0,0,0,0,0,0,0,0
22.95,0.0376682,0.0473243,-0.103488,0,0,0,3.08676,2.0834,-2.14846,-0.0215081,-0.0239673,0.213007,-0.0976464,-0.161685,0.0843395,3,2,3.92699,0,0,0,0,0,0,0,0,0,0,0,2,3,2,3.92699,0,0,0,0,0,0,0,0,0,0,1.5708,1.5708,0,1.5708,1.5708,0,-0.00928019,-0.00767051,0.000618859,-0.0115403,-1.04285e-06,0.000826049,1.78204,1.2354,-6.04638e-05,-0.000380977,-0.000791259,-0.00150876,0.000322915,0.000674098,2.46931e-05,1.75578,1.20968,0,0,0,0,0.034017,0.0277134,0,0,0,0,0.0279726,0.0220707,2,1.75578,1.20968,0,0.344544,0.487027,3.7308e-15,0,0,0,0,0,0,0,0,0,0,0,0,0.855775,1.20968,0,0,0,0,0,0,0,0,0,0,0,0,2,0.855775,1.20968,0,1,2,0,0,0,0,0,1.1915,-0.5511,2.1288,0,0,0,0,0,0,0,-0,0,1.55609,0,0,0,0,0,0,0,0,0,0,0,0,0,0,0,0,0,0,0,0,0,0,0,0,0,0,0,0,0,0,0,0,0
23,0.0376682,0.0473243,-0.103488,0,0,0,3.08676,2.0834,-2.14846,-0.0215081,-0.0239673,0.213007,-0.0976464,-0.161685,0.0843395,3,2,3.92699,0,0,0,0,0,0,0,0,0,0,0,2,3,2,3.92699,0,0,0,0,0,0,0,0,0,0,1.5708,1.5708,0,1.5708,1.5708,0,-0.00928019,-0.00767051,0.000618859,-0.0115403,6.9777e-07,0.000826049,1.78204,1.2354,-6.04638e-05,-0.000380977,-0.000791259,-0.00150876,0.000322915,0.000674098,2.46931e-05,1.75578,1.20968,0,0,0,0,0.038942,0.0255927,0,0,0,0,0.0329245,0.0204271,2,1.75578,1.20968,0,0.344544,0.487027,3.7308e-15,0,0,0,0,0,0,0,0,0,0,0,0,0.855775,1.20968,0,0,0,0,0,0,0,0,0,0,0,0,2,0.855775,1.20968,0,1,2,0,0,0,0,0,1.1915,-0.5511,2.1288,0,0,0,0,0,0,0,-0,0,1.55609,0,0,0,0,0,0,0,0,0,0,0,0,0,0,0,0,0,0,0,0,0,0,0,0,0,0,0,0,0,0,0,0,0
23.05,0.0641025,0.0377068,-0.0760945,0,0,0,3.08386,2.08131,-2.13418,-0.028994,-0.0208691,0.142733,-0.0882345,-0.0802839,-0.26007,3,2,3.92699,0,0,0,0,0,0,0,0,0,0,0,2,3,2,3.92699,0,0,0,0,0,0,0,0,0,0,1.5708,1.5708,0,1.5708,1.5708,0,-0.00848099,-0.00731237,0.00030513,-0.0110011,6.65168e-07,0.000787454,1.78198,1.23531,-0.00013279,-0.000609128,-0.000886227,-0.000723258,-0.000653268,9.38834e-05,0.00271605,1.75578,1.20968,0,0,0,0,0.038942,0.0255927,0,0,0,0,0.0329245,0.0204271,2,1.75578,1.20968,0,0.344544,0.487027,3.7308e-15,0,0,0,0,0,0,0,0,0,0,0,0,0.855775,1.20968,0,0,0,0,0,0,0,0,0,0,0,0,2,0.855775,1.20968,0,1,2,0,0,0,0,0,1.1915,-0.5511,2.1288,0,0,0,0,0,0,0,-0,0,1.55262,0,0,0,0,0,0,0,0,0,0,0,0,0,0,0,0,0,0,0,0,0,0,0,0,0,0,0,0,0,0,0,0,0
23.1,0.0641025,0.0377068,-0.0760945,0,0,0,3.08386,2.08131,-2.13418,-0.028994,-0.0208691,0.142733,-0.0882345,-0.0802839,-0.26007,3,2,3.92699,0,0,0,0,0,0,0,0,0,0,0,2,3,2,3.92699,0,0,0,0,0,0,0,0,0,0,1.5708,1.5708,0,1.5708,1.5708,0,-0.00848099,-0.00731237,0.00030513,-0.0110011,1.46083e-06,0.000787454,1.78198,1.23531,-0.00013279,-0.000609128,-0.000886227,-0.000723258,-0.000653268,9.38834e-05,0.00271605,1.75578,1.20968,0,0,0,0,0.0319205,0.0270405,0,0,0,0,0.0277105,0.0231412,2,1.75578,1.20968,0,0.344544,0.487027,3.7308e-15,0,0,0,0,0,0,0,0,0,0,0,0,0.855775,1.20968,0,0,0,0,0,0,0,0,0,0,0,0,2,0.855775,1.20968,0,1,2,0,0,0,0,0,1.1915,-0.5511,2.1288,0,0,0,0,0,0,0,-0,0,1.55262,0,0,0,0,0,0,0,0,0,0,0,0,0,0,0,0,0,0,0,0,0,0,0,0,0,0,0,0,0,0,0,0,0
23.15,0.0754971,0.00762511,-0.0316856,0,0,0,3.08066,2.08013,-2.1309,-0.0319881,-0.0118156,0.0327915,-0.0636802,-0.00100962,-0.641998,3,2,3.92699,0,0,0,0,0,0,0,0,0,0,0,2,3,2,3.92699,0,0,0,0,0,0,0,0,0,0,1.5708,1.5708,0,1.5708,1.5708,0,-0.00861334,-0.00774867,0.000404227,-0.0110011,1.46083e-06,0.000787454,1.78192,1.23524,-0.000227652,-0.000563463,-0.000748844,-0.00094778,-0.000342281,0.000526149,0.00109694,1.75578,1.20968,0,0,0,0,0.0319205,0.0270405,0,0,0,0,0.0277105,0.0231412,2,1.75578,1.20968,0,0.344544,0.487027,3.7308e-15,0,0,0,0,0,0,0,0,0,0,0,0,0.855775,1.20968,0,0,0,0,0,0,0,0,0,0,0,0,2,0.855775,1.20968,0,1,2,0,0,0,0,0,1.2082,-0.5563,2.1339,0,0,0,0,0,0,0,-0,0,1.54938,0,0,0,0,0,0,0,0,0,0,0,0,0,0,0,0,0,0,0,0,0,0,0,0,0,0,0,0,0,0,0,0,0
23.2,0.0754971,0.00762511,-0.0316856,0,0,0,3.08066,2.08013,-2.1309,-0.0319881,-0.0118156,0.0327915,-0.0636802,-0.00100962,-0.641998,3,2,3.92699,0,0,0,0,0,0,0,0,0,0,0,2,3,2,3.92699,0,0,0,0,0,0,0,0,0,0,1.5708,1.5708,0,1.5708,1.5708,0,-0.00861334,-0.00774867,0.000404227,-0.0110011,2.50443e-06,0.000787454,1.78192,1.23524,-0.000227652,-0.000563463,-0.000748844,-0.00094778,-0.000342281,0.000526149,0.00109694,1.75578,1.20968,0,0,0,0,0.0336598,0.02622,0,0,0,0,0.0304303,0.0234647,2,1.75578,1.20968,0,0.344544,0.487027,3.7308e-15,0,0,0,0,0,0,0,0,0,0,0,0,0.855775,1.20968,0,0,0,0,0,0,0,0,0,0,0,0,2,0.855775,1.20968,0,1,2,0,0,0,0,0,1.2082,-0.5563,2.1339,0,0,0,0,0,0,0,-0,0,1.54938,0,0,0,0,0,0,0,0,0,0,0,0,0,0,0,0,0,0,0,0,0,0,0,0,0,0,0,0,0,0,0,0,0
23.25,0.10832,-0.0312804,-0.0146202,0,0,0,3.07654,2.0801,-2.1318,-0.0412208,-0.000285612,-0.00902311,-0.0717244,0.0562179,-0.604209,3,2,3.92699,0,0,0,0,0,0,0,0,0,0,0,2,3,2,3.92699,0,0,0,0,0,0,0,0,0,0,1.5708,1.5708,0,1.5708,1.5708,0,-0.00866882,-0.00754878,0.000273226,-0.0110011,2.50443e-06,0.000787454,1.78187,1.23516,-0.000289013,-0.000540709,-0.000798247,-0.00061354,-7.12021e-05,0.000178597,0.00177711,1.75578,1.20968,0,0,0,0,0.0336598,0.02622,0,0,0,0,0.0304303,0.0234647,2,1.75578,1.20968,0,0.344544,0.487027,3.7308e-15,0,0,0,0,0,0,0,0,0,0,0,0,0.855775,1.20968,0,0,0,0,0,0,0,0,0,0,0,0,2,0.855775,1.20968,0,1,2,0,0,0,0,0,1.2082,-0.5563,2.1339,0,0,0,0,0,0,0,-0,0,1.54599,0,0,0,0,0,0,0,0,0,0,0,0,0,0,0,0,0,0,0,0,0,0,0,0,0,0,0,0,0,0,0,0,0
23.3,0.10832,-0.0312804,-0.0146202,0,0,0,3.07654,2.0801,-2.1318,-0.0412208,-0.000285612,-0.00902311,-0.0717244,0.0562179,-0.604209,3,2,3.92699,0,0,0,0,0,0,0,0,0,0,0,2,3,2,3.92699,0,0,0,0,0,0,0,0,0,0,1.5708,1.5708,0,1.5708,1.5708,0,-0.00866882,-0.00754878,0.000273226,0,0,0,1.78187,1.23516,-0.000289013,-0.000540709,-0.000798247,-0.00061354,-7.12021e-05,0.000178597,0.00177711,1.75578,1.20968,0,0,0,0,0.0320732,0.0281836,0,0,0,0,0.0280727,0.0244304,2,1.75578,1.20968,0,0.344544,0.487027,3.7308e-15,0,0,0,0,0,0,0,0,0,0,0,0,0.855775,1.20968,0,0,0,0,0,0,0,0,0,0,0,0,2,0.855775,1.20968,0,1,2,0,0,0,0,0,1.2082,-0.5563,2.1339,0,0,0,0,0,0,0,-0,0,1.54599,0,0,0,0,0,0,0,0,0,0,0,0,0,0,0,0,0,0,0,0,0,0,0,0,0,0,0,0,0,0,0,0,0
23.35,0.110309,-0.0365183,0.00881091,0,0,0,3.07241,2.08022,-2.13833,-0.041318,0.00125132,-0.0653741,-0.0445232,0.0476344,-0.582836,3,2,3.92699,0,0,0,0,0,0,0,0,0,0,0,2,3,2,3.92699,0,0,0,0,0,0,0,0,0,0,1.5708,1.5708,0,1.5708,1.5708,0,-0.00853155,-0.00776117,0.000277288,0,0,0,1.78181,1.23508,-0.000350077,-0.000574335,-0.000727084,-0.000611283,-0.000140164,0.000344996,0.00116843,1.75578,1.20968,0,0,0,0,0.0320732,0.0281836,0,0,0,0,0.0280727,0.0244304,2,1.75578,1.20968,0,0.344544,0.487027,3.7308e-15,0,0,0,0,0,0,0,0,0,0,0,0,0.855775,1.20968,0,0,0,0,0,0,0,0,0,0,0,0,2,0.855775,1.20968,0,1,2,0,0,0,0,0,1.2023,-0.5539,2.1315,0,0,0,0,0,0,0,-0,0,1.5427,0,0,0,0,0,0,0,0,0,0,0,0,0,0,0,0,0,0,0,0,0,0,0,0,0,0,0,0,0,0,0,0,0
23.4,0.110309,-0.0365183,0.00881091,0,0,0,3.07241,2.08022,-2.13833,-0.041318,0.00125132,-0.0653741,-0.0445232,0.0476344,-0.582836,3,2,3.92699,0,0,0,0,0,0,0,0,0,0,0,2,3,2,3.92699,0,0,0,0,0,0,0,0,0,0,1.5708,1.5708,0,1.5708,1.5708,0,-0.00853155,-0.00776117,0.000277288,0,0,0,1.78181,1.23508,-0.000350077,-0.000574335,-0.000727084,-0.000611283,-0.000140164,0.000344996,0.00116843,1.75578,1.20968,0,0,0,0,0.031615,0.0276838,0,0,0,0,0.0288321,0.025151,2,1.75578,1.20968,0,0.344544,0.487027,3.7308e-15,0,0,0,0,0,0,0,0,0,0,0,0,0.855775,1.20968,0,0,0,0,0,0,0,0,0,0,0,0,2,0.855775,1.20968,0,1,2,0,0,0,0,0,1.2023,-0.5539,2.1315,0,0,0,0,0,0,0,-0,0,1.5427,0,0,0,0,0,0,0,0,0,0,0,0,0,0,0,0,0,0,0,0,0,0,0,0,0,0,0,0,0,0,0,0,0
23.45,0.102059,-0.0841645,0.0408563,0,0,0,3.06857,2.08174,-2.15247,-0.0384157,0.0151865,-0.141399,-0.0115667,0.08313,-0.651093,3,2,3.92699,0,0,0,0,0,0,0,0,0,0,0,2,3,2,3.92699,0,0,0,0,0,0,0,0,0,0,1.5708,1.5708,0,1.5708,1.5708,0,-0.00851814,-0.00839648,0.000419239,0,0,0,1.78175,1.23503,-0.000444169,-0.00057151,-0.000533654,-0.000941278,-8.36612e-05,0.00100078,-0.000700624,1.75578,1.20968,0,0,0,0,0.031615,0.0276838,0,0,0,0,0.0288321,0.025151,2,1.75578,1.20968,0,0.344544,0.487027,3.7308e-15,0,0,0,0,0,0,0,0,0,0,0,0,0.855775,1.20968,0,0,0,0,0,0,0,0,0,0,0,0,2,0.855775,1.20968,0,1,2,0,0,0,0,0,1.2023,-0.5539,2.1315,0,0,0,0,0,0,0,-0,0,1.5404,0,0,0,0,0,0,0,0,0,0,0,0,0,0,0,0,0,0,0,0,0,0,0,0,0,0,0,0,0,0,0,0,0
23.5,0.102059,-0.0841645,0.0408563,0,0,0,3.06857,2.08174,-2.15247,-0.0384157,0.0151865,-0.141399,-0.0115667,0.08313,-0.651093,3,2,3.92699,0,0,0,0,0,0,0,0,0,0,0,2,3,2,3.92699,0,0,0,0,0,0,0,0,0,0,1.5708,1.5708,0,1.5708,1.5708,0,-0.00851814,-0.00839648,0.000419239,0,0,0,1.78175,1.23503,-0.000444169,-0.00057151,-0.000533654,-0.000941278,-8.36612e-05,0.00100078,-0.000700624,1.75578,1.20968,0,0,0,0,0.0334081,0.0257967,0,0,0,0,0.032769,0.0256426,2,1.75578,1.20968,0,0.344544,0.487027,3.7308e-15,0,0,0,0,0,0,0,0,0,0,0,0,0.855775,1.20968,0,0,0,0,0,0,0,0,0,0,0,0,2,0.855775,1.20968,0,1,2,0,0,0,0,0,1.2023,-0.5539,2.1315,0,0,0,0,0,0,0,-0,0,1.5404,0,0,0,0,0,0,0,0,0,0,0,0,0,0,0,0,0,0,0,0,0,0,0,0,0,0,0,0,0,0,0,0,0
23.55,0.0928378,-0.0996347,0.0600767,0,0,0,3.06504,2.08369,-2.17097,-0.035263,0.0195369,-0.184987,0.0101282,0.0721193,-0.574437,3,2,3.92699,0,0,0,0,0,0,0,0,0,0,0,2,3,2,3.92699,0,0,0,0,0,0,0,0,0,0,1.5708,1.5708,0,1.5708,1.5708,0,-0.00842476,-0.00831715,0.000527362,0,0,0,1.78169,1.23498,-0.000562507,-0.000591991,-0.00055049,-0.00118328,-0.000124273,0.000622839,-0.00164091,1.75578,1.20968,0,0,0,0,0.0334081,0.0257967,0,0,0,0,0.032769,0.0256426,2,1.75578,1.20968,0,0.344544,0.487027,3.7308e-15,0,0,0,0,0,0,0,0,0,0,0,0,0.855775,1.20968,0,0,0,0,0,0,0,0,0,0,0,0,2,0.855775,1.20968,0,1,2,0,0,0,0,0,1.2099,-0.5188,2.1519,0,0,0,0,0,0,0,-0,0,1.53861,0,0,0,0,0,0,0,0,0,0,0,0,0,0,0,0,0,0,0,0,0,0,0,0,0,0,0,0,0,0,0,0,0
23.6,0.0928378,-0.0996347,0.0600767,0,0,0,3.06504,2.08369,-2.17097,-0.035263,0.0195369,-0.184987,0.0101282,0.0721193,-0.574437,3,2,3.92699,0,0,0,0,0,0,0,0,0,0,0,2,3,2,3.92699,0,0,0,0,0,0,0,0,0,0,1.5708,1.5708,0,1.5708,1.5708,0,-0.00842476,-0.00831715,0.000527362,0,0,0,1.78169,1.23498,-0.000562507,-0.000591991,-0.00055049,-0.00118328,-0.000124273,0.000622839,-0.00164091,1.75578,1.20968,0,0,0,0,0.034597,0.0239571,0,0,0,0,0.0339166,0.0239552,2,1.75578,1.20968,0,0.344544,0.487027,3.7308e-15,0,0,0,0,0,0,0,0,0,0,0,0,0.855775,1.20968,0,0,0,0,0,0,0,0,0,0,0,0,2,0.855775,1.20968,0,1,2,0,0,0,0,0,1.2099,-0.5188,2.1519,0,0,0,0,0,0,0,-0,0,1.53861,0,0,0,0,0,0,0,0,0,0,0,0,0,0,0,0,0,0,0,0,0,0,0,0,0,0,0,0,0,0,0,0,0
23.65,0.0924848,-0.0883853,0.0571332,0,0,0,3.06157,2.08529,-2.18839,-0.0347442,0.0160131,-0.17425,0.0111344,0.0277157,-0.291463,3,2,3.92699,0,0,0,0,0,0,0,0,0,0,0,2,3,2,3.92699,0,0,0,0,0,0,0,0,0,0,1.5708,1.5708,0,1.5708,1.5708,0,-0.00893715,-0.00894453,0.000632399,0,0,0,1.78165,1.23494,-0.000703775,-0.00043592,-0.000361435,-0.0014131,0.000544148,0.00107887,-0.00202963,1.75578,1.20968,0,0,0,0,0.034597,0.0239571,0,0,0,0,0.0339166,0.0239552,2,1.75578,1.20968,0,0.344544,0.487027,3.7308e-15,0,0,0,0,0,0,0,0,0,0,0,0,0.855775,1.20968,0,0,0,0,0,0,0,0,0,0,0,0,2,0.855775,1.20968,0,1,2,0,0,0,0,0,1.2099,-0.5188,2.1519,0,0,0,0,0,0,0,-0,0,1.53665,0,0,0,0,0,0,0,0,0,0,0,0,0,0,0,0,0,0,0,0,0,0,0,0,0,0,0,0,0,0,0,0,0
23.7,0.0924848,-0.0883853,0.0571332,0,0,0,3.06157,2.08529,-2.18839,-0.0347442,0.0160131,-0.17425,0.0111344,0.0277157,-0.291463,3,2,3.92699,0,0,0,0,0,0,0,0,0,0,0,2,3,2,3.92699,0,0,0,0,0,0,0,0,0,0,1.5708,1.5708,0,1.5708,1.5708,0,-0.00893715,-0.00894453,0.000632399,0,0,0,1.78165,1.23494,-0.000703775,-0.00043592,-0.000361435,-0.0014131,0.000544148,0.00107887,-0.00202963,1.75578,1.20968,0,0,0,0,0.0376833,0.0244261,0,0,0,0,0.0373301,0.0249185,2,1.75578,1.20968,0,0.344544,0.487027,3.7308e-15,0,0,0,0,0,0,0,0,0,0,0,0,0.855775,1.20968,0,0,0,0,0,0,0,0,0,0,0,0,2,0.855775,1.20968,0,1,2,0,0,0,0,0,1.2099,-0.5188,2.1519,0,0,0,0,0,0,0,-0,0,1.53665,0,0,0,0,0,0,0,0,0,0,0,0,0,0,0,0,0,0,0,0,0,0,0,0,0,0,0,0,0,0,0,0,0
23.75,0.0916886,-0.102426,0.0438627,0,0,0,3.05816,2.08729,-2.20227,-0.0341015,0.0199351,-0.138809,0.0093542,0.0263205,0.00472558,3,2,3.92699,0,0,0,0,0,0,0,0,0,0,0,2,3,2,3.92699,0,0,0,0,0,0,0,0,0,0,1.5708,1.5708,0,1.5708,1.5708,0,-0.00875659,-0.00897657,0.000505177,0,0,0,1.7816,1.2349,-0.000811664,-0.000483364,-0.000347875,-0.00107882,0.000227166,0.000763323,6.3015e-05,1.75578,1.20968,0,0,0,0,0.0376833,0.0244261,0,0,0,0,0.0373301,0.0249185,2,1.75578,1.20968,0,0.344544,0.487027,3.7308e-15,0,0,0,0,0,0,0,0,0,0,0,0,0.855775,1.20968,0,0,0,0,0,0,0,0,0,0,0,0,2,0.855775,1.20968,0,1,2,0,0,0,0,0,1.2256,-0.4628,2.1876,0,0,0,0,0,0,0,-0,0,1.53498,0,0,0,0,0,0,0,0,0,0,0,0,0,0,0,0,0,0,0,0,0,0,0,0,0,0,0,0,0,0,0,0,0
23.8,0.0916886,-0.102426,0.0438627,0,0,0,3.05816,2.08729,-2.20227,-0.0341015,0.0199351,-0.138809,0.0093542,0.0263205,0.00472558,3,2,3.92699,0,0,0,0,0,0,0,0,0,0,0,2,3,2,3.92699,0,0,0,0,0,0,0,0,0,0,1.5708,1.5708,0,1.5708,1.5708,0,-0.00875659,-0.00897657,0.000505177,-0.00997806,-0.0101043,0.00148773,1.7816,1.2349,-0.000811664,-0.000483364,-0.000347875,-0.00107882,0.000227166,0.000763323,6.3015e-05,1.75578,1.20968,0,0,0,0,0.0352915,0.0255498,0,0,0,0,0.0357959,0.0266752,2,1.75578,1.20968,0,0.344544,0.487027,3.7308e-15,0,0,0,0,0,0,0,0,0,0,0,0,0.855775,1.20968,0,0,0,0,0,0,0,0,0,0,0,0,2,0.855775,1.20968,0,1,2,0,0,0,0,0,1.2256,-0.4628,2.1876,0,0,0,0,0,0,0,-0,0,1.53498,0,0,0,0,0,0,0,0,0,0,0,0,0,0,0,0,0,0,0,0,0,0,0,0,0,0,0,0,0,0,0,0,0
23.85,0.0828919,-0.100502,0.0487267,0,0,0,3.05505,2.0892,-2.21705,-0.0311242,0.019137,-0.147815,0.0173017,0.0124104,0.00707653,3,2,3.92699,0,0,0,0,0,0,0,0,0,0,0,2,3,2,3.92699,0,0,0,0,0,0,0,0,0,0,1.5708,1.5708,0,1.5708,1.5708,0,-0.00927363,-0.00916779,0.000541725,-0.00997806,-0.0101043,0.00148773,1.78157,1.23488,-0.00092621,-0.000327212,-0.000288142,-0.00114568,0.000717832,0.000654617,5.49489e-05,1.75578,1.20968,0,0,0,0,0.0352915,0.0255498,0,0,0,0,0.0357959,0.0266752,2,1.75578,1.20968,0,0.344544,0.487027,3.7308e-15,0,0,0,0,0,0,0,0,0,0,0,0,0.855775,1.20968,0,0,0,0,0,0,0,0,0,0,0,0,2,0.855775,1.20968,0,1,2,0,0,0,0,0,1.2256,-0.4628,2.1876,0,0,0,0,0,0,0,-0,0,1.5335,0,0,0,0,0,0,0,0,0,0,0,0,0,0,0,0,0,0,0,0,0,0,0,0,0,0,0,0,0,0,0,0,0
23.9,0.0828919,-0.100502,0.0487267,0,0,0,3.05505,2.0892,-2.21705,-0.0311242,0.019137,-0.147815,0.0173017,0.0124104,0.00707653,3,2,3.92699,0,0,0,0,0,0,0,0,0,0,0,2,3,2,3.92699,0,0,0,0,0,0,0,0,0,0,1.5708,1.5708,0,1.5708,1.5708,0,-0.00927363,-0.00916779,0.000541725,-0.00997922,-0.0101031,0.00148773,1.78157,1.23488,-0.00092621,-0.000327212,-0.000288142,-0.00114568,0.000717832,0.000654617,5.49489e-05,1.75578,1.20968,0,0,0,0,0.0375313,0.0268976,0,0,0,0,0.036884,0.0269282,2,1.75578,1.20968,0,0.344544,0.487027,3.7308e-15,0,0,0,0,0,0,0,0,0,0,0,0,0.855775,1.20968,0,0,0,0,0,0,0,0,0,0,0,0,2,0.855775,1.20968,0,1,2,0,0,0,0,0,1.2256,-0.4628,2.1876,0,0,0,0,0,0,0,-0,0,1.5335,0,0,0,0,0,0,0,0,0,0,0,0,0,0,0,0,0,0,0,0,0,0,0,0,0,0,0,0,0,0,0,0,0
23.95,0.0876411,-0.0934126,0.042465,0,0,0,3.05183,2.09089,-2.23003,-0.0321479,0.0168358,-0.129803,0.00736061,-0.00361706,0.0764715,3,2,3.92699,0,0,0,0,0,0,0,0,0,0,0,2,3,2,3.92699,0,0,0,0,0,0,0,0,0,0,1.5708,1.5708,0,1.5708,1.5708,0,-0.00932344,-0.00863613,0.000403946,-0.00997922,-0.0101031,0.00148773,1.78154,1.23483,-0.00100532,-0.00030888,-0.000439512,-0.000791224,0.000570543,-0.000226591,0.00144769,1.75578,1.20968,0,0,0,0,0.0375313,0.0268976,0,0,0,0,0.036884,0.0269282,2,1.75578,1.20968,0,0.344544,0.487027,3.7308e-15,0,0,0,0,0,0,0,0,0,0,0,0,0.855775,1.20968,0,0,0,0,0,0,0,0,0,0,0,0,2,0.855775,1.20968,0,1,2,0,0,0,0,0,1.1719,-0.4812,2.1512,0,0,0,0,0,0,0,-0,0,1.53182,0,0,0,0,0,0,0,0,0,0,0,0,0,0,0,0,0,0,0,0,0,0,0,0,0,0,0,0,0,0,0,0,0
24,0.0876411,-0.0934126,0.042465,0,0,0,3.05183,2.09089,-2.23003,-0.0321479,0.0168358,-0.129803,0.00736061,-0.00361706,0.0764715,3,2,3.92699,0,0,0,0,0,0,0,0,0,0,0,2,3,2,3.92699,0,0,0,0,0,0,0,0,0,0,1.5708,1.5708,0,1.5708,1.5708,0,-0.00932344,-0.00863613,0.000403946,-0.00998001,-0.0101023,0.00148773,1.78154,1.23483,-0.00100532,-0.00030888,-0.000439512,-0.000791224,0.000570543,-0.000226591,0.00144769,1.75578,1.20968,0,0,0,0,0.0358964,0.0288713,0,0,0,0,0.0333465,0.0267689,2,1.75578,1.20968,0,0.344544,0.487027,3.7308e-15,0,0,0,0,0,0,0,0,0,0,0,0,0.855775,1.20968,0,0,0,0,0,0,0,0,0,0,0,0,2,0.855775,1.20968,0,1,2,0,0,0,0,0,1.1719,-0.4812,2.1512,0,0,0,0,0,0,0,-0,0,1.53182,0,0,0,0,0,0,0,0,0,0,0,0,0,0,0,0,0,0,0,0,0,0,0,0,0,0,0,0,0,0,0,0,0
24.05,0.0870911,-0.0791768,0.0285737,0,0,0,3.04867,2.09213,-2.2394,-0.0316079,0.0124693,-0.0937384,0.0052236,-0.0217849,0.199388,3,2,3.92699,0,0,0,0,0,0,0,0,0,0,0,2,3,2,3.92699,0,0,0,0,0,0,0,0,0,0,1.5708,1.5708,0,1.5708,1.5708,0,-0.00990675,-0.00955815,0.000849248,-0.0101407,1.01947e-05,0.00072587,1.78152,1.23482,-0.00119019,-0.000135483,-0.000165998,-0.00184852,0.00101543,0.000837459,-0.00316719,1.75578,1.20968,0,0,0,0,0.0358964,0.0288713,0,0,0,0,0.0333465,0.0267689,2,1.75578,1.20968,0,0.344544,0.487027,3.7308e-15,0,0,0,0,0,0,0,0,0,0,0,0,0.855775,1.20968,0,0,0,0,0,0,0,0,0,0,0,0,2,0.855775,1.20968,0,1,2,0,0,0,0,0,1.1719,-0.4812,2.1512,0,0,0,0,0,0,0,-0,0,1.52992,0,0,0,0,0,0,0,0,0,0,0,0,0,0,0,0,0,0,0,0,0,0,0,0,0,0,0,0,0,0,0,0,0
24.1,0.0870911,-0.0791768,0.0285737,0,0,0,3.04867,2.09213,-2.2394,-0.0316079,0.0124693,-0.0937384,0.0052236,-0.0217849,0.199388,3,2,3.92699,0,0,0,0,0,0,0,0,0,0,0,2,3,2,3.92699,0,0,0,0,0,0,0,0,0,0,1.5708,1.5708,0,1.5708,1.5708,0,-0.00990675,-0.00955815,0.000849248,-0.0101407,1.20695e-05,0.00072587,1.78152,1.23482,-0.00119019,-0.000135483,-0.000165998,-0.00184852,0.00101543,0.000837459,-0.00316719,1.75578,1.20968,0,0,0,0,0.0438927,0.0249575,0,0,0,0,0.0421574,0.0244303,2,1.75578,1.20968,0,0.344544,0.487027,3.7308e-15,0,0,0,0,0,0,0,0,0,0,0,0,0.855775,1.20968,0,0,0,0,0,0,0,0,0,0,0,0,2,0.855775,1.20968,0,1,2,0,0,0,0,0,1.1719,-0.4812,2.1512,0,0,0,0,0,0,0,-0,0,1.52992,0,0,0,0,0,0,0,0,0,0,0,0,0,0,0,0,0,0,0,0,0,0,0,0,0,0,0,0,0,0,0,0,0
24.15,0.0753765,-0.0650719,0.0102015,0,0,0,3.04589,2.09295,-2.24416,-0.0278055,0.00819274,-0.0475729,0.0180524,-0.0326323,0.320856,3,2,3.92699,0,0,0,0,0,0,0,0,0,0,0,2,3,2,3.92699,0,0,0,0,0,0,0,0,0,0,1.5708,1.5708,0,1.5708,1.5708,0,-0.00958675,-0.0091824,0.00068189,-0.0101407,1.20695e-05,0.00072587,1.7815,1.23479,-0.0013311,-0.000227034,-0.000273417,-0.00140899,0.000304125,0.000217681,-0.000769281,1.75578,1.20968,0,0,0,0,0.0438927,0.0249575,0,0,0,0,0.0421574,0.0244303,2,1.75578,1.20968,0,0.344544,0.487027,3.7308e-15,0,0,0,0,0,0,0,0,0,0,0,0,0.855775,1.20968,0,0,0,0,0,0,0,0,0,0,0,0,2,0.855775,1.20968,0,1,2,0,0,0,0,0,1.2926,-0.3298,2.2872,0,0,0,0,0,0,0,-0,0,1.52811,0,0,0,0,0,0,0,0,0,0,0,0,0,0,0,0,0,0,0,0,0,0,0,0,0,0,0,0,0,0,0,0,0
24.2,0.0753765,-0.0650719,0.0102015,0,0,0,3.04589,2.09295,-2.24416,-0.0278055,0.00819274,-0.0475729,0.0180524,-0.0326323,0.320856,3,2,3.92699,0,0,0,0,0,0,0,0,0,0,0,2,3,2,3.92699,0,0,0,0,0,0,0,0,0,0,1.5708,1.5708,0,1.5708,1.5708,0,-0.00958675,-0.0091824,0.00068189,-0.0101407,1.34984e-05,0.00072587,1.7815,1.23479,-0.0013311,-0.000227034,-0.000273417,-0.00140899,0.000304125,0.000217681,-0.000769281,1.75578,1.20968,0,0,0,0,0.0405392,0.0260614,0,0,0,0,0.0387588,0.0252045,2,1.75578,1.20968,0,0.344544,0.487027,3.7308e-15,0,0,0,0,0,0,0,0,0,0,0,0,0.855775,1.20968,0,0,0,0,0,0,0,0,0,0,0,0,2,0.855775,1.20968,0,1,2,0,0,0,0,0,1.2926,-0.3298,2.2872,0,0,0,0,0,0,0,-0,0,1.52811,0,0,0,0,0,0,0,0,0,0,0,0,0,0,0,0,0,0,0,0,0,0,0,0,0,0,0,0,0,0,0,0,0
24.25,0.0559254,-0.0416387,-0.016002,0,0,0,3.04371,2.09308,-2.2425,-0.0217829,0.00123539,0.0165778,0.0366422,-0.0488609,0.465414,3,2,3.92699,0,0,0,0,0,0,0,0,0,0,0,2,3,2,3.92699,0,0,0,0,0,0,0,0,0,0,1.5708,1.5708,0,1.5708,1.5708,0,-0.0104373,-0.00883996,0.00056823,-0.0101407,1.34984e-05,0.00072587,1.7815,1.23475,-0.00144185,2.31941e-05,-0.000369885,-0.00110747,0.00108622,-0.0003386,0.00106752,1.75578,1.20968,0,0,0,0,0.0405392,0.0260614,0,0,0,0,0.0387588,0.0252045,2,1.75578,1.20968,0,0.344544,0.487027,3.7308e-15,0,0,0,0,0,0,0,0,0,0,0,0,0.855775,1.20968,0,0,0,0,0,0,0,0,0,0,0,0,2,0.855775,1.20968,0,1,2,0,0,0,0,0,1.2926,-0.3298,2.2872,0,0,0,0,0,0,0,-0,0,1.5264,0,0,0,0,0,0,0,0,0,0,0,0,0,0,0,0,0,0,0,0,0,0,0,0,0,0,0,0,0,0,0,0,0
24.3,0.0559254,-0.0416387,-0.016002,0,0,0,3.04371,2.09308,-2.2425,-0.0217829,0.00123539,0.0165778,0.0366422,-0.0488609,0.465414,3,2,3.92699,0,0,0,0,0,0,0,0,0,0,0,2,3,2,3.92699,0,0,0,0,0,0,0,0,0,0,1.5708,1.5708,0,1.5708,1.5708,0,-0.0104373,-0.00883996,0.00056823,-0.0118674,-0.0101911,0.00162984,1.7815,1.23475,-0.00144185,2.31941e-05,-0.000369885,-0.00110747,0.00108622,-0.0003386,0.00106752,1.75578,1.20968,0,0,0,0,0.0419563,0.0305617,0,0,0,0,0.0361353,0.0254674,2,1.75578,1.20968,0,0.344544,0.487027,3.7308e-15,0,0,0,0,0,0,0,0,0,0,0,0,0.855775,1.20968,0,0,0,0,0,0,0,0,0,0,0,0,2,0.855775,1.20968,0,1,2,0,0,0,0,0,1.2926,-0.3298,2.2872,0,0,0,0,0,0,0,-0,0,1.5264,0,0,0,0,0,0,0,0,0,0,0,0,0,0,0,0,0,0,0,0,0,0,0,0,0,0,0,0,0,0,0,0,0
24.35,0.0262589,-0.0156697,-0.0328633,0,0,0,3.04243,2.09244,-2.23681,-0.0128403,-0.00638233,0.0569286,0.0602233,-0.0619669,0.460209,3,2,3.92699,0,0,0,0,0,0,0,0,0,0,0,2,3,2,3.92699,0,0,0,0,0,0,0,0,0,0,1.5708,1.5708,0,1.5708,1.5708,0,-0.00963769,-0.00864994,0.000636394,-0.0118674,-0.0101911,0.00162984,1.78148,1.23471,-0.00156692,-0.000209817,-0.000420853,-0.00124992,-0.000173273,-0.000482618,0.000318857,1.75578,1.20968,0,0,0,0,0.0419563,0.0305617,0,0,0,0,0.0361353,0.0254674,2,1.75578,1.20968,0,0.344544,0.487027,3.7308e-15,0,0,0,0,0,0,0,0,0,0,0,0,0.855775,1.20968,0,0,0,0,0,0,0,0,0,0,0,0,2,0.855775,1.20968,0,1,2,0,0,0,0,0,1.1692,-0.4434,2.1678,0,0,0,0,0,0,0,-0,0,1.52502,0,0,0,0,0,0,0,0,0,0,0,0,0,0,0,0,0,0,0,0,0,0,0,0,0,0,0,0,0,0,0,0,0
24.4,0.0262589,-0.0156697,-0.0328633,0,0,0,3.04243,2.09244,-2.23681,-0.0128403,-0.00638233,0.0569286,0.0602233,-0.0619669,0.460209,3,2,3.92699,0,0,0,0,0,0,0,0,0,0,0,2,3,2,3.92699,0,0,0,0,0,0,0,0,0,0,1.5708,1.5708,0,1.5708,1.5708,0,-0.00963769,-0.00864994,0.000636394,-0.0118686,-0.0101896,0.00162984,1.78148,1.23471,-0.00156692,-0.000209817,-0.000420853,-0.00124992,-0.000173273,-0.000482618,0.000318857,1.75578,1.20968,0,0,0,0,0.0401813,0.0267607,0,0,0,0,0.036419,0.0238545,2,1.75578,1.20968,0,0.344544,0.487027,3.7308e-15,0,0,0,0,0,0,0,0,0,0,0,0,0.855775,1.20968,0,0,0,0,0,0,0,0,0,0,0,0,2,0.855775,1.20968,0,1,2,0,0,0,0,0,1.1692,-0.4434,2.1678,0,0,0,0,0,0,0,-0,0,1.52502,0,0,0,0,0,0,0,0,0,0,0,0,0,0,0,0,0,0,0,0,0,0,0,0,0,0,0,0,0,0,0,0,0
24.45,0.00874886,-0.0141196,-0.038775,0,0,0,3.04167,2.09176,-2.2298,-0.00756244,-0.006761,0.0700723,0.0604803,-0.0404781,0.327989,3,2,3.92699,0,0,0,0,0,0,0,0,0,0,0,2,3,2,3.92699,0,0,0,0,0,0,0,0,0,0,1.5708,1.5708,0,1.5708,1.5708,0,-0.00892298,-0.00863921,6.39387e-05,-0.0118686,-0.0101896,0.00162984,1.78144,1.23467,-0.00155155,-0.000415385,-0.00041905,0.000153838,-0.00109515,-0.000300821,0.00570225,1.75578,1.20968,0,0,0,0,0.0401813,0.0267607,0,0,0,0,0.036419,0.0238545,2,1.75578,1.20968,0,0.344544,0.487027,3.7308e-15,0,0,0,0,0,0,0,0,0,0,0,0,0.855775,1.20968,0,0,0,0,0,0,0,0,0,0,0,0,2,0.855775,1.20968,0,1,2,0,0,0,0,0,1.1692,-0.4434,2.1678,0,0,0,0,0,0,0,-0,0,1.52407,0,0,0,0,0,0,0,0,0,0,0,0,0,0,0,0,0,0,0,0,0,0,0,0,0,0,0,0,0,0,0,0,0
24.5,0.00874886,-0.0141196,-0.038775,0,0,0,3.04167,2.09176,-2.2298,-0.00756244,-0.006761,0.0700723,0.0604803,-0.0404781,0.327989,3,2,3.92699,0,0,0,0,0,0,0,0,0,0,0,2,3,2,3.92699,0,0,0,0,0,0,0,0,0,0,1.5708,1.5708,0,1.5708,1.5708,0,-0.00892298,-0.00863921,6.39387e-05,-0.0118685,-0.0101898,0.00162984,1.78144,1.23467,-0.00155155,-0.000415385,-0.00041905,0.000153838,-0.00109515,-0.000300821,0.00570225,1.75578,1.20968,0,0,0,0,0.0297947,0.0321406,0,0,0,0,0.0289788,0.0311735,2,1.75578,1.20968,0,0.344544,0.487027,3.7308e-15,0,0,0,0,0,0,0,0,0,0,0,0,0.855775,1.20968,0,0,0,0,0,0,0,0,0,0,0,0,2,0.855775,1.20968,0,1,2,0,0,0,0,0,1.1692,-0.4434,2.1678,0,0,0,0,0,0,0,-0,0,1.52407,0,0,0,0,0,0,0,0,0,0,0,0,0,0,0,0,0,0,0,0,0,0,0,0,0,0,0,0,0,0,0,0,0
24.55,0.00213926,-0.0102593,-0.0222793,0,0,0,3.04112,2.09098,-2.22692,-0.00553816,-0.00781154,0.0288994,0.0444182,-0.0256176,0.014763,3,2,3.92699,0,0,0,0,0,0,0,0,0,0,0,2,3,2,3.92699,0,0,0,0,0,0,0,0,0,0,1.5708,1.5708,0,1.5708,1.5708,0,-0.0109584,-0.00814087,0.00106191,0,0,0,1.78146,1.23461,-0.00177687,0.000181919,-0.000559187,-0.00225357,0.00160311,-0.000717216,-0.00546657,1.75578,1.20968,0,0,0,0,0.0297947,0.0321406,0,0,0,0,0.0289788,0.0311735,2,1.75578,1.20968,0,0.344544,0.487027,3.7308e-15,0,0,0,0,0,0,0,0,0,0,0,0,0.855775,1.20968,0,0,0,0,0,0,0,0,0,0,0,0,2,0.855775,1.20968,0,1,2,0,0,0,0,0,1.3152,-0.3072,2.3075,0,0,0,0,0,0,0,-0,0,1.52319,0,0,0,0,0,0,0,0,0,0,0,0,0,0,0,0,0,0,0,0,0,0,0,0,0,0,0,0,0,0,0,0,0
24.6,0.00213926,-0.0102593,-0.0222793,0,0,0,3.04112,2.09098,-2.22692,-0.00553816,-0.00781154,0.0288994,0.0444182,-0.0256176,0.014763,3,2,3.92699,0,0,0,0,0,0,0,0,0,0,0,2,3,2,3.92699,0,0,0,0,0,0,0,0,0,0,1.5708,1.5708,0,1.5708,1.5708,0,-0.0109584,-0.00814087,0.00106191,0,0,0,1.78146,1.23461,-0.00177687,0.000181919,-0.000559187,-0.00225357,0.00160311,-0.000717216,-0.00546657,1.75578,1.20968,0,0,0,0,0.0507138,0.0254391,0,0,0,0,0.0402277,0.0165667,2,1.75578,1.20968,0,0.344544,0.487027,3.7308e-15,0,0,0,0,0,0,0,0,0,0,0,0,0.855775,1.20968,0,0,0,0,0,0,0,0,0,0,0,0,2,0.855775,1.20968,0,1,2,0,0,0,0,0,1.3152,-0.3072,2.3075,0,0,0,0,0,0,0,-0,0,1.52319,0,0,0,0,0,0,0,0,0,0,0,0,0,0,0,0,0,0,0,0,0,0,0,0,0,0,0,0,0,0,0,0,0
24.65,-0.00502009,-0.0339818,-0.00192212,0,0,0,3.04078,2.0909,-2.22899,-0.00337678,-0.000773997,-0.0207801,0.0331403,0.0147541,-0.232107,3,2,3.92699,0,0,0,0,0,0,0,0,0,0,0,2,3,2,3.92699,0,0,0,0,0,0,0,0,0,0,1.5708,1.5708,0,1.5708,1.5708,0,-0.00941797,-0.00812274,0.000989604,0,0,0,1.78143,1.23456,-0.00198036,-0.000268579,-0.000557913,-0.00203509,-0.000471745,-0.000481665,-0.00392199,1.75578,1.20968,0,0,0,0,0.0507138,0.0254391,0,0,0,0,0.0402277,0.0165667,2,1.75578,1.20968,0,0.344544,0.487027,3.7308e-15,0,0,0,0,0,0,0,0,0,0,0,0,0.855775,1.20968,0,0,0,0,0,0,0,0,0,0,0,0,2,0.855775,1.20968,0,1,2,0,0,0,0,0,1.3152,-0.3072,2.3075,0,0,0,0,0,0,0,-0,0,1.52292,0,0,0,0,0,0,0,0,0,0,0,0,0,0,0,0,0,0,0,0,0,0,0,0,0,0,0,0,0,0,0,0,0
24.7,-0.00502009,-0.0339818,-0.00192212,0,0,0,3.04078,2.0909,-2.22899,-0.00337678,-0.000773997,-0.0207801,0.0331403,0.0147541,-0.232107,3,2,3.92699,0,0,0,0,0,0,0,0,0,0,0,2,3,2,3.92699,0,0,0,0,0,0,0,0,0,0,1.5708,1.5708,0,1.5708,1.5708,0,-0.00941797,-0.00812274,0.000989604,0,0,0,1.78143,1.23456,-0.00198036,-0.000268579,-0.000557913,-0.00203509,-0.000471745,-0.000481665,-0.00392199,1.75578,1.20968,0,0,0,0,0.0444194,0.0210059,0,0,0,0,0.0392893,0.0173704,2,1.75578,1.20968,0,0.344544,0.487027,3.7308e-15,0,0,0,0,0,0,0,0,0,0,0,0,0.855775,1.20968,0,0,0,0,0,0,0,0,0,0,0,0,2,0.855775,1.20968,0,1,2,0,0,0,0,0,1.3152,-0.3072,2.3075,0,0,0,0,0,0,0,-0,0,1.52292,0,0,0,0,0,0,0,0,0,0,0,0,0,0,0,0,0,0,0,0,0,0,0,0,0,0,0,0,0,0,0,0,0
24.75,-0.00664184,-0.0496982,0.0113898,0,0,0,3.0405,2.09129,-2.23424,-0.00286217,0.00383658,-0.0524866,0.020432,0.0327481,-0.299484,3,2,3.92699,0,0,0,0,0,0,0,0,0,0,0,2,3,2,3.92699,0,0,0,0,0,0,0,0,0,0,1.5708,1.5708,0,1.5708,1.5708,0,-0.00979293,-0.00835999,0.0008381,0,0,0,1.78142,1.23451,-0.00214332,-0.000156296,-0.000482321,-0.0016301,-0.000115451,4.48999e-05,-0.000527115,1.75578,1.20968,0,0,0,0,0.0444194,0.0210059,0,0,0,0,0.0392893,0.0173704,2,1.75578,1.20968,0,0.344544,0.487027,3.7308e-15,0,0,0,0,0,0,0,0,0,0,0,0,0.855775,1.20968,0,0,0,0,0,0,0,0,0,0,0,0,2,0.855775,1.20968,0,1,2,0,0,0,0,0,1.1938,-0.4281,2.1863,0,0,0,0,0,0,0,-0,0,1.52294,0,0,0,0,0,0,0,0,0,0,0,0,0,0,0,0,0,0,0,0,0,0,0,0,0,0,0,0,0,0,0,0,0
24.8,-0.00664184,-0.0496982,0.0113898,0,0,0,3.0405,2.09129,-2.23424,-0.00286217,0.00383658,-0.0524866,0.020432,0.0327481,-0.299484,3,2,3.92699,0,0,0,0,0,0,0,0,0,0,0,2,3,2,3.92699,0,0,0,0,0,0,0,0,0,0,1.5708,1.5708,0,1.5708,1.5708,0,-0.00979293,-0.00835999,0.0008381,-0.0123275,-0.0107366,0.00170464,1.78142,1.23451,-0.00214332,-0.000156296,-0.000482321,-0.0016301,-0.000115451,4.48999e-05,-0.000527115,1.75578,1.20968,0,0,0,0,0.0435557,0.0244575,0,0,0,0,0.0380991,0.0202197,2,1.75578,1.20968,0,0.344544,0.487027,3.7308e-15,0,0,0,0,0,0,0,0,0,0,0,0,0.855775,1.20968,0,0,0,0,0,0,0,0,0,0,0,0,2,0.855775,1.20968,0,1,2,0,0,0,0,0,1.1938,-0.4281,2.1863,0,0,0,0,0,0,0,-0,0,1.52294,0,0,0,0,0,0,0,0,0,0,0,0,0,0,0,0,0,0,0,0,0,0,0,0,0,0,0,0,0,0,0,0,0
24.85,0.00188162,-0.054124,0.0135185,0,0,0,3.03996,2.09179,-2.2399,-0.00532392,0.00508714,-0.0565899,0.000708847,0.0270996,-0.205386,3,2,3.92699,0,0,0,0,0,0,0,0,0,0,0,2,3,2,3.92699,0,0,0,0,0,0,0,0,0,0,1.5708,1.5708,0,1.5708,1.5708,0,-0.0101391,-0.00807293,0.000584612,-0.0123275,-0.0107366,0.00170464,1.78141,1.23445,-0.00224207,-5.37029e-05,-0.000560219,-0.000987346,0.000388719,-0.000213458,0.00270994,1.75578,1.20968,0,0,0,0,0.0435557,0.0244575,0,0,0,0,0.0380991,0.0202197,2,1.75578,1.20968,0,0.344544,0.487027,3.7308e-15,0,0,0,0,0,0,0,0,0,0,0,0,0.855775,1.20968,0,0,0,0,0,0,0,0,0,0,0,0,2,0.855775,1.20968,0,1,2,0,0,0,0,0,1.1938,-0.4281,2.1863,0,0,0,0,0,0,0,-0,0,1.52282,0,0,0,0,0,0,0,0,0,0,0,0,0,0,0,0,0,0,0,0,0,0,0,0,0,0,0,0,0,0,0,0,0
24.9,0.00188162,-0.054124,0.0135185,0,0,0,3.03996,2.09179,-2.2399,-0.00532392,0.00508714,-0.0565899,0.000708847,0.0270996,-0.205386,3,2,3.92699,0,0,0,0,0,0,0,0,0,0,0,2,3,2,3.92699,0,0,0,0,0,0,0,0,0,0,1.5708,1.5708,0,1.5708,1.5708,0,-0.0101391,-0.00807293,0.000584612,-0.0123286,-0.0107354,0.00170464,1.78141,1.23445,-0.00224207,-5.37029e-05,-0.000560219,-0.000987346,0.000388719,-0.000213458,0.00270994,1.75578,1.20968,0,0,0,0,0.041288,0.02912,0,0,0,0,0.0338573,0.0224655,2,1.75578,1.20968,0,0.344544,0.487027,3.7308e-15,0,0,0,0,0,0,0,0,0,0,0,0,0.855775,1.20968,0,0,0,0,0,0,0,0,0,0,0,0,2,0.855775,1.20968,0,1,2,0,0,0,0,0,1.1938,-0.4281,2.1863,0,0,0,0,0,0,0,-0,0,1.52282,0,0,0,0,0,0,0,0,0,0,0,0,0,0,0,0,0,0,0,0,0,0,0,0,0,0,0,0,0,0,0,0,0
24.95,0.00779763,-0.0535334,0.0105648,0,0,0,3.03926,2.09228,-2.24473,-0.00699328,0.00485427,-0.0483517,-0.00890956,0.0145723,-0.0776151,3,2,3.92699,0,0,0,0,0,0,0,0,0,0,0,2,3,2,3.92699,0,0,0,0,0,0,0,0,0,0,1.5708,1.5708,0,1.5708,1.5708,0,-0.0100782,-0.00777294,0.000593828,-0.0123286,-0.0107354,0.00170464,1.7814,1.23439,-0.00234107,-7.08119e-05,-0.00064097,-0.000990151,0.000233369,-0.000485237,0.00205532,1.75578,1.20968,0,0,0,0,0.041288,0.02912,0,0,0,0,0.0338573,0.0224655,2,1.75578,1.20968,0,0.344544,0.487027,3.7308e-15,0,0,0,0,0,0,0,0,0,0,0,0,0.855775,1.20968,0,0,0,0,0,0,0,0,0,0,0,0,2,0.855775,1.20968,0,1,2,0,0,0,0,0,1.2385,-0.3714,2.2376,0,0,0,0,0,0,0,-0,0,1.52256,0,0,0,0,0,0,0,0,0,0,0,0,0,0,0,0,0,0,0,0,0,0,0,0,0,0,0,0,0,0,0,0,0
25,0.00779763,-0.0535334,0.0105648,0,0,0,3.03926,2.09228,-2.24473,-0.00699328,0.00485427,-0.0483517,-0.00890956,0.0145723,-0.0776151,3,2,3.92699,0,0,0,0,0,0,0,0,0,0,0,2,3,2,3.92699,0,0,0,0,0,0,0,0,0,0,1.5708,1.5708,0,1.5708,1.5708,0,-0.0100782,-0.00777294,0.000593828,-0.0123296,-0.0107342,0.00170464,1.7814,1.23439,-0.00234107,-7.08119e-05,-0.00064097,-0.000990151,0.000233369,-0.000485237,0.00205532,1.75578,1.20968,0,0,0,0,0.0412641,0.02872,0,0,0,0,0.0329934,0.0212496,2,1.75578,1.20968,0,0.344544,0.487027,3.7308e-15,0,0,0,0,0,0,0,0,0,0,0,0,0.855775,1.20968,0,0,0,0,0,0,0,0,0,0,0,0,2,0.855775,1.20968,0,1,2,0,0,0,0,0,1.2385,-0.3714,2.2376,0,0,0,0,0,0,0,-0,0,1.52256,0,0,0,0,0,0,0,0,0,0,0,0,0,0,0,0,0,0,0,0,0,0,0,0,0,0,0,0,0,0,0,0,0
25.05,0.0187333,-0.0455212,0.00283444,0,0,0,3.03825,2.09253,-2.24761,-0.0101126,0.00245125,-0.0287518,-0.0191192,-0.00254452,0.0489746,3,2,3.92699,0,0,0,0,0,0,0,0,0,0,0,2,3,2,3.92699,0,0,0,0,0,0,0,0,0,0,1.5708,1.5708,0,1.5708,1.5708,0,-0.0100082,-0.0078313,0.000480933,-0.0116571,2.72901e-05,0.00083441,1.7814,1.23433,-0.00241094,-9.03349e-05,-0.000616475,-0.000698703,4.10513e-05,-0.000230625,0.00230947,1.75578,1.20968,0,0,0,0,0.0412641,0.02872,0,0,0,0,0.0329934,0.0212496,2,1.75578,1.20968,0,0.344544,0.487027,3.7308e-15,0,0,0,0,0,0,0,0,0,0,0,0,0.855775,1.20968,0,0,0,0,0,0,0,0,0,0,0,0,2,0.855775,1.20968,0,1,2,0,0,0,0,0,1.2385,-0.3714,2.2376,0,0,0,0,0,0,0,-0,0,1.52191,0,0,0,0,0,0,0,0,0,0,0,0,0,0,0,0,0,0,0,0,0,0,0,0,0,0,0,0,0,0,0,0,0
25.1,0.0187333,-0.0455212,0.00283444,0,0,0,3.03825,2.09253,-2.24761,-0.0101126,0.00245125,-0.0287518,-0.0191192,-0.00254452,0.0489746,3,2,3.92699,0,0,0,0,0,0,0,0,0,0,0,2,3,2,3.92699,0,0,0,0,0,0,0,0,0,0,1.5708,1.5708,0,1.5708,1.5708,0,-0.0100082,-0.0078313,0.000480933,-0.0116571,2.81045e-05,0.00083441,1.7814,1.23433,-0.00241094,-9.03349e-05,-0.000616475,-0.000698703,4.10513e-05,-0.000230625,0.00230947,1.75578,1.20968,0,0,0,0,0.0394463,0.0300416,0,0,0,0,0.0317262,0.0229212,2,1.75578,1.20968,0,0.344544,0.487027,3.7308e-15,0,0,0,0,0,0,0,0,0,0,0,0,0.855775,1.20968,0,0,0,0,0,0,0,0,0,0,0,0,2,0.855775,1.20968,0,1,2,0,0,0,0,0,1.2385,-0.3714,2.2376,0,0,0,0,0,0,0,-0,0,1.52191,0,0,0,0,0,0,0,0,0,0,0,0,0,0,0,0,0,0,0,0,0,0,0,0,0,0,0,0,0,0,0,0,0
25.15,0.0187333,-0.0455212,0.00283444,0,0,0,3.03825,2.09253,-2.24761,-0.0101126,0.00245125,-0.0287518,-0.0191192,-0.00254452,0.0489746,3,2,3.92699,0,0,0,0,0,0,0,0,0,0,0,2,3,2,3.92699,0,0,0,0,0,0,0,0,0,0,1.5708,1.5708,0,1.5708,1.5708,0,-0.0100082,-0.0078313,0.000480933,-0.0116571,2.81045e-05,0.00083441,1.7814,1.23433,-0.00241094,-9.03349e-05,-0.000616475,-0.000698703,4.10513e-05,-0.000230625,0.00230947,1.75578,1.20968,0,0,0,0,0.0394463,0.0300416,0,0,0,0,0.0317262,0.0229212,2,1.75578,1.20968,0,0.344544,0.487027,3.7308e-15,0,0,0,0,0,0,0,0,0,0,0,0,0.855775,1.20968,0,0,0,0,0,0,0,0,0,0,0,0,2,0.855775,1.20968,0,1,2,0,0,0,0,0,1.2407,-0.3591,2.2452,0,0,0,0,0,0,0,-0,0,1.52191,0,0,0,0,0,0,0,0,0,0,0,0,0,0,0,0,0,0,0,0,0,0,0,0,0,0,0,0,0,0,0,0,0
25.2,0.0167544,-0.0484714,0.00910667,0,0,0,3.03731,2.09285,-2.25194,-0.00941402,0.00328612,-0.0433181,-0.0100695,-0.000509296,-0.0116568,3,2,3.92699,0,0,0,0,0,0,0,0,0,0,0,2,3,2,3.92699,0,0,0,0,0,0,0,0,0,0,1.5708,1.5708,0,1.5708,1.5708,0,-0.0102017,-0.00792818,0.000852089,-0.0116571,2.81045e-05,0.00083441,1.78139,1.23427,-0.00256886,-3.29588e-05,-0.000581051,-0.00157919,0.000227888,3.76053e-05,-0.00209701,1.75578,1.20968,0,0,0,0,0.0394463,0.0300416,0,0,0,0,0.0317262,0.0229212,2,1.75578,1.20968,0,0.344544,0.487027,3.7308e-15,0,0,0,0,0,0,0,0,0,0,0,0,0.855775,1.20968,0,0,0,0,0,0,0,0,0,0,0,0,2,0.855775,1.20968,0,1,2,0,0,0,0,0,1.2407,-0.3591,2.2452,0,0,0,0,0,0,0,-0,0,1.52135,0,0,0,0,0,0,0,0,0,0,0,0,0,0,0,0,0,0,0,0,0,0,0,0,0,0,0,0,0,0,0,0,0
25.25,0.0257338,-0.0261134,-0.0100864,0,0,0,3.03612,2.09252,-2.25156,-0.0119321,-0.0032986,0.00383645,-0.0148813,-0.0263415,0.173218,3,2,3.92699,0,0,0,0,0,0,0,0,0,0,0,2,3,2,3.92699,0,0,0,0,0,0,0,0,0,0,1.5708,1.5708,0,1.5708,1.5708,0,-0.00991519,-0.00788365,0.000400891,-0.0116571,2.99454e-05,0.00083441,1.78138,1.23421,-0.00261496,-0.000115976,-0.000587204,-0.000461104,-0.000169586,3.43941e-05,0.00261228,1.75578,1.20968,0,0,0,0,0.045228,0.025612,0,0,0,0,0.0368582,0.0184944,2,1.75578,1.20968,0,0.344544,0.487027,3.7308e-15,0,0,0,0,0,0,0,0,0,0,0,0,0.855775,1.20968,0,0,0,0,0,0,0,0,0,0,0,0,2,0.855775,1.20968,0,1,2,0,0,0,0,0,1.2407,-0.3591,2.2452,0,0,0,0,0,0,0,-0,0,1.52022,0,0,0,0,0,0,0,0,0,0,0,0,0,0,0,0,0,0,0,0,0,0,0,0,0,0,0,0,0,0,0,0,0
25.3,0.0257338,-0.0261134,-0.0100864,0,0,0,3.03612,2.09252,-2.25156,-0.0119321,-0.0032986,0.00383645,-0.0148813,-0.0263415,0.173218,3,2,3.92699,0,0,0,0,0,0,0,0,0,0,0,2,3,2,3.92699,0,0,0,0,0,0,0,0,0,0,1.5708,1.5708,0,1.5708,1.5708,0,-0.00991519,-0.00788365,0.000400891,-0.0107315,2.80624e-05,0.000768155,1.78138,1.23421,-0.00261496,-0.000115976,-0.000587204,-0.000461104,-0.000169586,3.43941e-05,0.00261228,1.75578,1.20968,0,0,0,0,0.0379876,0.0308109,0,0,0,0,0.0308591,0.02414,2,1.75578,1.20968,0,0.344544,0.487027,3.7308e-15,0,0,0,0,0,0,0,0,0,0,0,0,0.855775,1.20968,0,0,0,0,0,0,0,0,0,0,0,0,2,0.855775,1.20968,0,1,2,0,0,0,0,0,1.2407,-0.3591,2.2452,0,0,0,0,0,0,0,-0,0,1.52022,0,0,0,0,0,0,0,0,0,0,0,0,0,0,0,0,0,0,0,0,0,0,0,0,0,0,0,0,0,0,0,0,0
25.35,0.0375872,-0.0179786,-0.0252352,0,0,0,3.03459,2.09196,-2.24753,-0.0152619,-0.00564142,0.040307,-0.0228958,-0.0286745,0.274754,3,2,3.92699,0,0,0,0,0,0,0,0,0,0,0,2,3,2,3.92699,0,0,0,0,0,0,0,0,0,0,1.5708,1.5708,0,1.5708,1.5708,0,-0.0104767,-0.00821266,0.0005467,-0.0107315,2.80624e-05,0.000768155,1.78139,1.23416,-0.00269531,4.88223e-05,-0.000484561,-0.000803335,0.00050285,0.000430136,0.000838093,1.75578,1.20968,0,0,0,0,0.0379876,0.0308109,0,0,0,0,0.0308591,0.02414,2,1.75578,1.20968,0,0.344544,0.487027,3.7308e-15,0,0,0,0,0,0,0,0,0,0,0,0,0.855775,1.20968,0,0,0,0,0,0,0,0,0,0,0,0,2,0.855775,1.20968,0,1,2,0,0,0,0,0,1.1505,-0.4422,2.1586,0,0,0,0,0,0,0,-0,0,1.51867,0,0,0,0,0,0,0,0,0,0,0,0,0,0,0,0,0,0,0,0,0,0,0,0,0,0,0,0,0,0,0,0,0
25.4,0.0375872,-0.0179786,-0.0252352,0,0,0,3.03459,2.09196,-2.24753,-0.0152619,-0.00564142,0.040307,-0.0228958,-0.0286745,0.274754,3,2,3.92699,0,0,0,0,0,0,0,0,0,0,0,2,3,2,3.92699,0,0,0,0,0,0,0,0,0,0,1.5708,1.5708,0,1.5708,1.5708,0,-0.0104767,-0.00821266,0.0005467,-0.0107314,2.89246e-05,0.000768155,1.78139,1.23416,-0.00269531,4.88223e-05,-0.000484561,-0.000803335,0.00050285,0.000430136,0.000838093,1.75578,1.20968,0,0,0,0,0.0418803,0.0308456,0,0,0,0,0.0338309,0.0235,2,1.75578,1.20968,0,0.344544,0.487027,3.7308e-15,0,0,0,0,0,0,0,0,0,0,0,0,0.855775,1.20968,0,0,0,0,0,0,0,0,0,0,0,0,2,0.855775,1.20968,0,1,2,0,0,0,0,0,1.1505,-0.4422,2.1586,0,0,0,0,0,0,0,-0,0,1.51867,0,0,0,0,0,0,0,0,0,0,0,0,0,0,0,0,0,0,0,0,0,0,0,0,0,0,0,0,0,0,0,0,0
25.45,0.0372758,-0.0211065,-0.0203094,0,0,0,3.03309,2.09149,-2.24476,-0.0149909,-0.00465915,0.0276312,-0.0137391,-0.0136048,0.128044,3,2,3.92699,0,0,0,0,0,0,0,0,0,0,0,2,3,2,3.92699,0,0,0,0,0,0,0,0,0,0,1.5708,1.5708,0,1.5708,1.5708,0,-0.00971528,-0.00760954,0.000378854,-0.0107314,2.89246e-05,0.000768155,1.78137,1.23409,-0.00273361,-0.000173375,-0.00065443,-0.000383166,-0.000494898,-0.000366548,0.00194251,1.75578,1.20968,0,0,0,0,0.0418803,0.0308456,0,0,0,0,0.0338309,0.0235,2,1.75578,1.20968,0,0.344544,0.487027,3.7308e-15,0,0,0,0,0,0,0,0,0,0,0,0,0.855775,1.20968,0,0,0,0,0,0,0,0,0,0,0,0,2,0.855775,1.20968,0,1,2,0,0,0,0,0,1.1505,-0.4422,2.1586,0,0,0,0,0,0,0,-0,0,1.51722,0,0,0,0,0,0,0,0,0,0,0,0,0,0,0,0,0,0,0,0,0,0,0,0,0,0,0,0,0,0,0,0,0
25.5,0.0372758,-0.0211065,-0.0203094,0,0,0,3.03309,2.09149,-2.24476,-0.0149909,-0.00465915,0.0276312,-0.0137391,-0.0136048,0.128044,3,2,3.92699,0,0,0,0,0,0,0,0,0,0,0,2,3,2,3.92699,0,0,0,0,0,0,0,0,0,0,1.5708,1.5708,0,1.5708,1.5708,0,-0.00971528,-0.00760954,0.000378854,-0.0107314,2.93357e-05,0.000768155,1.78137,1.23409,-0.00273361,-0.000173375,-0.00065443,-0.000383166,-0.000494898,-0.000366548,0.00194251,1.75578,1.20968,0,0,0,0,0.0370485,0.0303582,0,0,0,0,0.0296804,0.0234166,2,1.75578,1.20968,0,0.344544,0.487027,3.7308e-15,0,0,0,0,0,0,0,0,0,0,0,0,0.855775,1.20968,0,0,0,0,0,0,0,0,0,0,0,0,2,0.855775,1.20968,0,1,2,0,0,0,0,0,1.1505,-0.4422,2.1586,0,0,0,0,0,0,0,-0,0,1.51722,0,0,0,0,0,0,0,0,0,0,0,0,0,0,0,0,0,0,0,0,0,0,0,0,0,0,0,0,0,0,0,0,0
25.55,0.038568,-0.0259358,-0.0179196,0,0,0,3.03157,2.09118,-2.24263,-0.0151924,-0.00319031,0.0213225,-0.00782986,-0.000264342,0.0318435,3,2,3.92699,0,0,0,0,0,0,0,0,0,0,0,2,3,2,3.92699,0,0,0,0,0,0,0,0,0,0,1.5708,1.5708,0,1.5708,1.5708,0,-0.0102662,-0.00841013,0.0004879,-0.0104661,2.86105e-05,0.000749165,1.78137,1.23405,-0.00279746,-1.09842e-05,-0.000413739,-0.000638355,0.000216581,0.000633261,0.000295642,1.75578,1.20968,0,0,0,0,0.0370485,0.0303582,0,0,0,0,0.0296804,0.0234166,2,1.75578,1.20968,0,0.344544,0.487027,3.7308e-15,0,0,0,0,0,0,0,0,0,0,0,0,0.855775,1.20968,0,0,0,0,0,0,0,0,0,0,0,0,2,0.855775,1.20968,0,1,2,0,0,0,0,0,1.236,-0.3594,2.242,0,0,0,0,0,0,0,-0,0,1.51581,0,0,0,0,0,0,0,0,0,0,0,0,0,0,0,0,0,0,0,0,0,0,0,0,0,0,0,0,0,0,0,0,0
25.6,0.038568,-0.0259358,-0.0179196,0,0,0,3.03157,2.09118,-2.24263,-0.0151924,-0.00319031,0.0213225,-0.00782986,-0.000264342,0.0318435,3,2,3.92699,0,0,0,0,0,0,0,0,0,0,0,2,3,2,3.92699,0,0,0,0,0,0,0,0,0,0,1.5708,1.5708,0,1.5708,1.5708,0,-0.0102662,-0.00841013,0.0004879,-0.0104661,2.92787e-05,0.000749165,1.78137,1.23405,-0.00279746,-1.09842e-05,-0.000413739,-0.000638355,0.000216581,0.000633261,0.000295642,1.75578,1.20968,0,0,0,0,0.0402996,0.03095,0,0,0,0,0.0337291,0.0249757,2,1.75578,1.20968,0,0.344544,0.487027,3.7308e-15,0,0,0,0,0,0,0,0,0,0,0,0,0.855775,1.20968,0,0,0,0,0,0,0,0,0,0,0,0,2,0.855775,1.20968,0,1,2,0,0,0,0,0,1.236,-0.3594,2.242,0,0,0,0,0,0,0,-0,0,1.51581,0,0,0,0,0,0,0,0,0,0,0,0,0,0,0,0,0,0,0,0,0,0,0,0,0,0,0,0,0,0,0,0,0
25.65,0.026347,-0.0363703,-0.0107063,0,0,0,3.03043,2.09117,-2.24228,-0.0114354,-9.76966e-05,0.00350143,0.0111296,0.0140081,-0.0651339,3,2,3.92699,0,0,0,0,0,0,0,0,0,0,0,2,3,2,3.92699,0,0,0,0,0,0,0,0,0,0,1.5708,1.5708,0,1.5708,1.5708,0,-0.00997206,-0.0081031,-2.18415e-05,-0.0104661,2.92787e-05,0.000749165,1.78136,1.234,-0.00273726,-9.64761e-05,-0.000498256,0.000602292,-0.00011519,0.000178506,0.00491245,1.75578,1.20968,0,0,0,0,0.0402996,0.03095,0,0,0,0,0.0337291,0.0249757,2,1.75578,1.20968,0,0.344544,0.487027,3.7308e-15,0,0,0,0,0,0,0,0,0,0,0,0,0.855775,1.20968,0,0,0,0,0,0,0,0,0,0,0,0,2,0.855775,1.20968,0,1,2,0,0,0,0,0,1.236,-0.3594,2.242,0,0,0,0,0,0,0,-0,0,1.5149,0,0,0,0,0,0,0,0,0,0,0,0,0,0,0,0,0,0,0,0,0,0,0,0,0,0,0,0,0,0,0,0,0
25.7,0.026347,-0.0363703,-0.0107063,0,0,0,3.03043,2.09117,-2.24228,-0.0114354,-9.76966e-05,0.00350143,0.0111296,0.0140081,-0.0651339,3,2,3.92699,0,0,0,0,0,0,0,0,0,0,0,2,3,2,3.92699,0,0,0,0,0,0,0,0,0,0,1.5708,1.5708,0,1.5708,1.5708,0,-0.00997206,-0.0081031,-2.18415e-05,-0.0104661,2.86486e-05,0.000749165,1.78136,1.234,-0.00273726,-9.64761e-05,-0.000498256,0.000602292,-0.00011519,0.000178506,0.00491245,1.75578,1.20968,0,0,0,0,0.0322796,0.0368837,0,0,0,0,0.0261029,0.0304117,2,1.75578,1.20968,0,0.344544,0.487027,3.7308e-15,0,0,0,0,0,0,0,0,0,0,0,0,0.855775,1.20968,0,0,0,0,0,0,0,0,0,0,0,0,2,0.855775,1.20968,0,1,2,0,0,0,0,0,1.236,-0.3594,2.242,0,0,0,0,0,0,0,-0,0,1.5149,0,0,0,0,0,0,0,0,0,0,0,0,0,0,0,0,0,0,0,0,0,0,0,0,0,0,0,0,0,0,0,0,0
25.75,0.00896441,-0.03901,0.00290569,0,0,0,3.02981,2.09123,-2.24522,-0.00621132,0.000676311,-0.029406,0.0301077,0.0134353,-0.183718,3,2,3.92699,0,0,0,0,0,0,0,0,0,0,0,2,3,2,3.92699,0,0,0,0,0,0,0,0,0,0,1.5708,1.5708,0,1.5708,1.5708,0,-0.00951532,-0.00791589,0.000863053,-0.0104661,2.86486e-05,0.000749165,1.78133,1.23395,-0.0028914,-0.000228285,-0.000546908,-0.00154148,-0.000640861,-0.000149403,-0.00499067,1.75578,1.20968,0,0,0,0,0.0322796,0.0368837,0,0,0,0,0.0261029,0.0304117,2,1.75578,1.20968,0,0.344544,0.487027,3.7308e-15,0,0,0,0,0,0,0,0,0,0,0,0,0.855775,1.20968,0,0,0,0,0,0,0,0,0,0,0,0,2,0.855775,1.20968,0,1,2,0,0,0,0,0,1.2333,-0.3608,2.2394,0,0,0,0,0,0,0,-0,0,1.51447,0,0,0,0,0,0,0,0,0,0,0,0,0,0,0,0,0,0,0,0,0,0,0,0,0,0,0,0,0,0,0,0,0
25.8,0.00896441,-0.03901,0.00290569,0,0,0,3.02981,2.09123,-2.24522,-0.00621132,0.000676311,-0.029406,0.0301077,0.0134353,-0.183718,3,2,3.92699,0,0,0,0,0,0,0,0,0,0,0,2,3,2,3.92699,0,0,0,0,0,0,0,0,0,0,1.5708,1.5708,0,1.5708,1.5708,0,-0.00951532,-0.00791589,0.000863053,-0.0121821,-0.010415,0.00166978,1.78133,1.23395,-0.0028914,-0.000228285,-0.000546908,-0.00154148,-0.000640861,-0.000149403,-0.00499067,1.75578,1.20968,0,0,0,0,0.0430157,0.0230335,0,0,0,0,0.0369918,0.0182851,2,1.75578,1.20968,0,0.344544,0.487027,3.7308e-15,0,0,0,0,0,0,0,0,0,0,0,0,0.855775,1.20968,0,0,0,0,0,0,0,0,0,0,0,0,2,0.855775,1.20968,0,1,2,0,0,0,0,0,1.2333,-0.3608,2.2394,0,0,0,0,0,0,0,-0,0,1.51447,0,0,0,0,0,0,0,0,0,0,0,0,0,0,0,0,0,0,0,0,0,0,0,0,0,0,0,0,0,0,0,0,0
25.85,-0.00102592,-0.0209826,0.000878259,0,0,0,3.02949,2.09077,-2.24762,-0.00321315,-0.00460974,-0.0239368,0.0326329,-0.0131315,-0.104514,3,2,3.92699,0,0,0,0,0,0,0,0,0,0,0,2,3,2,3.92699,0,0,0,0,0,0,0,0,0,0,1.5708,1.5708,0,1.5708,1.5708,0,-0.00971583,-0.00837619,0.000264809,-0.0121821,-0.010415,0.00166978,1.78132,1.23391,-0.00289838,-0.000167249,-0.000406526,-6.98709e-05,-0.00021203,0.000427082,0.00154289,1.75578,1.20968,0,0,0,0,0.0430157,0.0230335,0,0,0,0,0.0369918,0.0182851,2,1.75578,1.20968,0,0.344544,0.487027,3.7308e-15,0,0,0,0,0,0,0,0,0,0,0,0,0.855775,1.20968,0,0,0,0,0,0,0,0,0,0,0,0,2,0.855775,1.20968,0,1,2,0,0,0,0,0,1.2333,-0.3608,2.2394,0,0,0,0,0,0,0,-0,0,1.51398,0,0,0,0,0,0,0,0,0,0,0,0,0,0,0,0,0,0,0,0,0,0,0,0,0,0,0,0,0,0,0,0,0
25.9,-0.00102592,-0.0209826,0.000878259,0,0,0,3.02949,2.09077,-2.24762,-0.00321315,-0.00460974,-0.0239368,0.0326329,-0.0131315,-0.104514,3,2,3.92699,0,0,0,0,0,0,0,0,0,0,0,2,3,2,3.92699,0,0,0,0,0,0,0,0,0,0,1.5708,1.5708,0,1.5708,1.5708,0,-0.00971583,-0.00837619,0.000264809,-0.0121822,-0.0104149,0.00166978,1.78132,1.23391,-0.00289838,-0.000167249,-0.000406526,-6.98709e-05,-0.00021203,0.000427082,0.00154289,1.75578,1.20968,0,0,0,0,0.0353097,0.0320709,0,0,0,0,0.0307327,0.0276996,2,1.75578,1.20968,0,0.344544,0.487027,3.7308e-15,0,0,0,0,0,0,0,0,0,0,0,0,0.855775,1.20968,0,0,0,0,0,0,0,0,0,0,0,0,2,0.855775,1.20968,0,1,2,0,0,0,0,0,1.2333,-0.3608,2.2394,0,0,0,0,0,0,0,-0,0,1.51398,0,0,0,0,0,0,0,0,0,0,0,0,0,0,0,0,0,0,0,0,0,0,0,0,0,0,0,0,0,0,0,0,0
25.95,0.00294741,-0.00908104,0.00646628,0,0,0,3.02905,2.08997,-2.25131,-0.00433859,-0.00803994,-0.0369472,0.0154391,-0.0251872,-0.104023,3,2,3.92699,0,0,0,0,0,0,0,0,0,0,0,2,3,2,3.92699,0,0,0,0,0,0,0,0,0,0,1.5708,1.5708,0,1.5708,1.5708,0,-0.0098643,-0.0081124,0.000407331,-0.0121822,-0.0104149,0.00166978,1.78131,1.23386,-0.00293957,-0.000122076,-0.000478539,-0.000411872,0.000111218,4.6699e-05,0.000444213,1.75578,1.20968,0,0,0,0,0.0353097,0.0320709,0,0,0,0,0.0307327,0.0276996,2,1.75578,1.20968,0,0.344544,0.487027,3.7308e-15,0,0,0,0,0,0,0,0,0,0,0,0,0.855775,1.20968,0,0,0,0,0,0,0,0,0,0,0,0,2,0.855775,1.20968,0,1,2,0,0,0,0,0,1.2343,-0.3531,2.2447,0,0,0,0,0,0,0,-0,0,1.51321,0,0,0,0,0,0,0,0,0,0,0,0,0,0,0,0,0,0,0,0,0,0,0,0,0,0,0,0,0,0,0,0,0
26,0.00294741,-0.00908104,0.00646628,0,0,0,3.02905,2.08997,-2.25131,-0.00433859,-0.00803994,-0.0369472,0.0154391,-0.0251872,-0.104023,3,2,3.92699,0,0,0,0,0,0,0,0,0,0,0,2,3,2,3.92699,0,0,0,0,0,0,0,0,0,0,1.5708,1.5708,0,1.5708,1.5708,0,-0.0098643,-0.0081124,0.000407331,-0.0121826,-0.0104144,0.00166978,1.78131,1.23386,-0.00293957,-0.000122076,-0.000478539,-0.000411872,0.000111218,4.6699e-05,0.000444213,1.75578,1.20968,0,0,0,0,0.0378459,0.0305765,0,0,0,0,0.0317085,0.0249024,2,1.75578,1.20968,0,0.344544,0.487027,3.7308e-15,0,0,0,0,0,0,0,0,0,0,0,0,0.855775,1.20968,0,0,0,0,0,0,0,0,0,0,0,0,2,0.855775,1.20968,0,1,2,0,0,0,0,0,1.2343,-0.3531,2.2447,0,0,0,0,0,0,0,-0,0,1.51321,0,0,0,0,0,0,0,0,0,0,0,0,0,0,0,0,0,0,0,0,0,0,0,0,0,0,0,0,0,0,0,0,0
26.05,0.00135494,-0.0194972,0.00661903,0,0,0,3.02867,2.08948,-2.25497,-0.00382122,-0.00489555,-0.0365893,0.0090111,-0.00419074,-0.0609609,3,2,3.92699,0,0,0,0,0,0,0,0,0,0,0,2,3,2,3.92699,0,0,0,0,0,0,0,0,0,0,1.5708,1.5708,0,1.5708,1.5708,0,-0.00961608,-0.00852088,0.000592791,-0.0106914,3.14283e-05,0.00076529,1.78129,1.23382,-0.00302462,-0.000192892,-0.000354042,-0.000850603,-0.000172407,0.000474063,-0.00163496,1.75578,1.20968,0,0,0,0,0.0378459,0.0305765,0,0,0,0,0.0317085,0.0249024,2,1.75578,1.20968,0,0.344544,0.487027,3.7308e-15,0,0,0,0,0,0,0,0,0,0,0,0,0.855775,1.20968,0,0,0,0,0,0,0,0,0,0,0,0,2,0.855775,1.20968,0,1,2,0,0,0,0,0,1.2343,-0.3531,2.2447,0,0,0,0,0,0,0,-0,0,1.51265,0,0,0,0,0,0,0,0,0,0,0,0,0,0,0,0,0,0,0,0,0,0,0,0,0,0,0,0,0,0,0,0,0
26.1,0.00135494,-0.0194972,0.00661903,0,0,0,3.02867,2.08948,-2.25497,-0.00382122,-0.00489555,-0.0365893,0.0090111,-0.00419074,-0.0609609,3,2,3.92699,0,0,0,0,0,0,0,0,0,0,0,2,3,2,3.92699,0,0,0,0,0,0,0,0,0,0,1.5708,1.5708,0,1.5708,1.5708,0,-0.00961608,-0.00852088,0.000592791,-0.0106914,3.23376e-05,0.00076529,1.78129,1.23382,-0.00302462,-0.000192892,-0.000354042,-0.000850603,-0.000172407,0.000474063,-0.00163496,1.75578,1.20968,0,0,0,0,0.0394765,0.0272153,0,0,0,0,0.0354693,0.0239903,2,1.75578,1.20968,0,0.344544,0.487027,3.7308e-15,0,0,0,0,0,0,0,0,0,0,0,0,0.855775,1.20968,0,0,0,0,0,0,0,0,0,0,0,0,2,0.855775,1.20968,0,1,2,0,0,0,0,0,1.2343,-0.3531,2.2447,0,0,0,0,0,0,0,-0,0,1.51265,0,0,0,0,0,0,0,0,0,0,0,0,0,0,0,0,0,0,0,0,0,0,0,0,0,0,0,0,0,0,0,0,0
26.15,-0.00224625,-0.0253751,0.00321567,0,0,0,3.0284,2.08917,-2.25774,-0.00272179,-0.00311688,-0.0276589,0.00892653,0.0074262,0.00486594,3,2,3.92699,0,0,0,0,0,0,0,0,0,0,0,2,3,2,3.92699,0,0,0,0,0,0,0,0,0,0,1.5708,1.5708,0,1.5708,1.5708,0,-0.0100155,-0.00805969,0.000184554,-0.0106914,3.23376e-05,0.00076529,1.78128,1.23378,-0.00300964,-7.43861e-05,-0.00048412,0.000149658,0.00033142,-0.000178034,0.00273336,1.75578,1.20968,0,0,0,0,0.0394765,0.0272153,0,0,0,0,0.0354693,0.0239903,2,1.75578,1.20968,0,0.344544,0.487027,3.7308e-15,0,0,0,0,0,0,0,0,0,0,0,0,0.855775,1.20968,0,0,0,0,0,0,0,0,0,0,0,0,2,0.855775,1.20968,0,1,2,0,0,0,0,0,1.2352,-0.3432,2.252,0,0,0,0,0,0,0,-0,0,1.51228,0,0,0,0,0,0,0,0,0,0,0,0,0,0,0,0,0,0,0,0,0,0,0,0,0,0,0,0,0,0,0,0,0
26.2,-0.00224625,-0.0253751,0.00321567,0,0,0,3.0284,2.08917,-2.25774,-0.00272179,-0.00311688,-0.0276589,0.00892653,0.0074262,0.00486594,3,2,3.92699,0,0,0,0,0,0,0,0,0,0,0,2,3,2,3.92699,0,0,0,0,0,0,0,0,0,0,1.5708,1.5708,0,1.5708,1.5708,0,-0.0100155,-0.00805969,0.000184554,-0.0106914,3.21774e-05,0.00076529,1.78128,1.23378,-0.00300964,-7.43861e-05,-0.00048412,0.000149658,0.00033142,-0.000178034,0.00273336,1.75578,1.20968,0,0,0,0,0.035288,0.0341722,0,0,0,0,0.0286438,0.0275982,2,1.75578,1.20968,0,0.344544,0.487027,3.7308e-15,0,0,0,0,0,0,0,0,0,0,0,0,0.855775,1.20968,0,0,0,0,0,0,0,0,0,0,0,0,2,0.855775,1.20968,0,1,2,0,0,0,0,0,1.2352,-0.3432,2.252,0,0,0,0,0,0,0,-0,0,1.51228,0,0,0,0,0,0,0,0,0,0,0,0,0,0,0,0,0,0,0,0,0,0,0,0,0,0,0,0,0,0,0,0,0
26.25,-0.00224625,-0.0253751,0.00321567,0,0,0,3.0284,2.08917,-2.25774,-0.00272179,-0.00311688,-0.0276589,0.00892653,0.0074262,0.00486594,3,2,3.92699,0,0,0,0,0,0,0,0,0,0,0,2,3,2,3.92699,0,0,0,0,0,0,0,0,0,0,1.5708,1.5708,0,1.5708,1.5708,0,-0.0100155,-0.00805969,0.000184554,-0.0106914,3.21774e-05,0.00076529,1.78128,1.23378,-0.00300964,-7.43861e-05,-0.00048412,0.000149658,0.00033142,-0.000178034,0.00273336,1.75578,1.20968,0,0,0,0,0.035288,0.0341722,0,0,0,0,0.0286438,0.0275982,2,1.75578,1.20968,0,0.344544,0.487027,3.7308e-15,0,0,0,0,0,0,0,0,0,0,0,0,0.855775,1.20968,0,0,0,0,0,0,0,0,0,0,0,0,2,0.855775,1.20968,0,1,2,0,0,0,0,0,1.2352,-0.3432,2.252,0,0,0,0,0,0,0,-0,0,1.51228,0,0,0,0,0,0,0,0,0,0,0,0,0,0,0,0,0,0,0,0,0,0,0,0,0,0,0,0,0,0,0,0,0
26.3,-0.00724222,-0.0312287,-0.00330247,0,0,0,3.02828,2.08903,-2.25888,-0.001227,-0.00136632,-0.0113905,0.0113331,0.0130394,0.0769485,3,2,3.92699,0,0,0,0,0,0,0,0,0,0,0,2,3,2,3.92699,0,0,0,0,0,0,0,0,0,0,1.5708,1.5708,0,1.5708,1.5708,0,-0.00871869,-0.00790643,0.000628329,-0.00996881,3.00026e-05,0.000713566,1.78123,1.23372,-0.00310178,-0.000450958,-0.000523062,-0.000922474,-0.00123686,-0.000348568,-0.0020512,1.75578,1.20968,0,0,0,0,0.035288,0.0341722,0,0,0,0,0.0286438,0.0275982,2,1.75578,1.20968,0,0.344544,0.487027,3.7308e-15,0,0,0,0,0,0,0,0,0,0,0,0,0.855775,1.20968,0,0,0,0,0,0,0,0,0,0,0,0,2,0.855775,1.20968,0,1,2,0,0,0,0,0,1.2352,-0.3432,2.252,0,0,0,0,0,0,0,-0,0,1.51217,0,0,0,0,0,0,0,0,0,0,0,0,0,0,0,0,0,0,0,0,0,0,0,0,0,0,0,0,0,0,0,0,0
26.35,-0.0120675,-0.0336221,-0.00796671,0,0,0,3.0283,2.08897,-2.25887,0.000200217,-0.000649484,8.58399e-05,0.0128278,0.0114467,0.101754,3,2,3.92699,0,0,0,0,0,0,0,0,0,0,0,2,3,2,3.92699,0,0,0,0,0,0,0,0,0,0,1.5708,1.5708,0,1.5708,1.5708,0,-0.00928519,-0.00832767,0.000583745,-0.00996881,3.09212e-05,0.000713566,1.78121,1.23368,-0.00318147,-0.000280791,-0.000394329,-0.000796935,-0.000276718,0.000279743,-0.00138085,1.75578,1.20968,0,0,0,0,0.0370117,0.0234524,0,0,0,0,0.0339351,0.0212409,2,1.75578,1.20968,0,0.344544,0.487027,3.7308e-15,0,0,0,0,0,0,0,0,0,0,0,0,0.855775,1.20968,0,0,0,0,0,0,0,0,0,0,0,0,2,0.855775,1.20968,0,1,2,0,0,0,0,0,1.236,-0.3378,2.2557,0,0,0,0,0,0,0,-0,0,1.5122,0,0,0,0,0,0,0,0,0,0,0,0,0,0,0,0,0,0,0,0,0,0,0,0,0,0,0,0,0,0,0,0,0
26.4,-0.0120675,-0.0336221,-0.00796671,0,0,0,3.0283,2.08897,-2.25887,0.000200217,-0.000649484,8.58399e-05,0.0128278,0.0114467,0.101754,3,2,3.92699,0,0,0,0,0,0,0,0,0,0,0,2,3,2,3.92699,0,0,0,0,0,0,0,0,0,0,1.5708,1.5708,0,1.5708,1.5708,0,-0.00928519,-0.00832767,0.000583745,-0.00996881,3.17155e-05,0.000713566,1.78121,1.23368,-0.00318147,-0.000280791,-0.000394329,-0.000796935,-0.000276718,0.000279743,-0.00138085,1.75578,1.20968,0,0,0,0,0.03825,0.0261361,0,0,0,0,0.0347303,0.0233891,2,1.75578,1.20968,0,0.344544,0.487027,3.7308e-15,0,0,0,0,0,0,0,0,0,0,0,0,0.855775,1.20968,0,0,0,0,0,0,0,0,0,0,0,0,2,0.855775,1.20968,0,1,2,0,0,0,0,0,1.236,-0.3378,2.2557,0,0,0,0,0,0,0,-0,0,1.5122,0,0,0,0,0,0,0,0,0,0,0,0,0,0,0,0,0,0,0,0,0,0,0,0,0,0,0,0,0,0,0,0,0
26.45,-0.0106249,-0.0345806,-0.00788243,0,0,0,3.02828,2.08893,-2.25888,-0.000224525,-0.000361192,-0.000119164,0.00620853,0.0078106,0.0636493,3,2,3.92699,0,0,0,0,0,0,0,0,0,0,0,2,3,2,3.92699,0,0,0,0,0,0,0,0,0,0,1.5708,1.5708,0,1.5708,1.5708,0,-0.00911502,-0.0082705,0.000246076,-0.00996881,3.17155e-05,0.000713566,1.78117,1.23364,-0.00317824,-0.000327027,-0.000406343,3.2256e-05,-0.000220555,0.000205462,0.00257572,1.75578,1.20968,0,0,0,0,0.03825,0.0261361,0,0,0,0,0.0347303,0.0233891,2,1.75578,1.20968,0,0.344544,0.487027,3.7308e-15,0,0,0,0,0,0,0,0,0,0,0,0,0.855775,1.20968,0,0,0,0,0,0,0,0,0,0,0,0,2,0.855775,1.20968,0,1,2,0,0,0,0,0,1.236,-0.3378,2.2557,0,0,0,0,0,0,0,-0,0,1.51221,0,0,0,0,0,0,0,0,0,0,0,0,0,0,0,0,0,0,0,0,0,0,0,0,0,0,0,0,0,0,0,0,0
26.5,-0.0106249,-0.0345806,-0.00788243,0,0,0,3.02828,2.08893,-2.25888,-0.000224525,-0.000361192,-0.000119164,0.00620853,0.0078106,0.0636493,3,2,3.92699,0,0,0,0,0,0,0,0,0,0,0,2,3,2,3.92699,0,0,0,0,0,0,0,0,0,0,1.5708,1.5708,0,1.5708,1.5708,0,-0.00911502,-0.0082705,0.000246076,-0.00996881,3.16834e-05,0.000713566,1.78117,1.23364,-0.00317824,-0.000327027,-0.000406343,3.2256e-05,-0.000220555,0.000205462,0.00257572,1.75578,1.20968,0,0,0,0,0.033001,0.0301882,0,0,0,0,0.0301684,0.0275341,2,1.75578,1.20968,0,0.344544,0.487027,3.7308e-15,0,0,0,0,0,0,0,0,0,0,0,0,0.855775,1.20968,0,0,0,0,0,0,0,0,0,0,0,0,2,0.855775,1.20968,0,1,2,0,0,0,0,0,1.236,-0.3378,2.2557,0,0,0,0,0,0,0,-0,0,1.51221,0,0,0,0,0,0,0,0,0,0,0,0,0,0,0,0,0,0,0,0,0,0,0,0,0,0,0,0,0,0,0,0,0
26.55,-0.0109823,-0.0343485,-0.00854869,0,0,0,3.02826,2.08889,-2.25873,-0.000117218,-0.000424915,0.0014905,0.00326105,0.00394358,0.0394918,3,2,3.92699,0,0,0,0,0,0,0,0,0,0,0,2,3,2,3.92699,0,0,0,0,0,0,0,0,0,0,1.5708,1.5708,0,1.5708,1.5708,0,-0.00904242,-0.00776664,0.000327454,0,0,0,1.78114,1.23359,-0.00319468,-0.000344327,-0.000548237,-0.000164439,-0.000193462,-0.000453028,0.0012961,1.75578,1.20968,0,0,0,0,0.033001,0.0301882,0,0,0,0,0.0301684,0.0275341,2,1.75578,1.20968,0,0.344544,0.487027,3.7308e-15,0,0,0,0,0,0,0,0,0,0,0,0,0.855775,1.20968,0,0,0,0,0,0,0,0,0,0,0,0,2,0.855775,1.20968,0,1,2,0,0,0,0,0,1.236,-0.3378,2.2557,0,0,0,0,0,0,0,-0,0,1.51223,0,0,0,0,0,0,0,0,0,0,0,0,0,0,0,0,0,0,0,0,0,0,0,0,0,0,0,0,0,0,0,0,0
26.6,-0.0109823,-0.0343485,-0.00854869,0,0,0,3.02826,2.08889,-2.25873,-0.000117218,-0.000424915,0.0014905,0.00326105,0.00394358,0.0394918,3,2,3.92699,0,0,0,0,0,0,0,0,0,0,0,2,3,2,3.92699,0,0,0,0,0,0,0,0,0,0,1.5708,1.5708,0,1.5708,1.5708,0,-0.00904242,-0.00776664,0.000327454,0,0,0,1.78114,1.23359,-0.00319468,-0.000344327,-0.000548237,-0.000164439,-0.000193462,-0.000453028,0.0012961,1.75578,1.20968,0,0,0,0,0.0339817,0.028717,0,0,0,0,0.0295663,0.0246368,2,1.75578,1.20968,0,0.344544,0.487027,3.7308e-15,0,0,0,0,0,0,0,0,0,0,0,0,0.855775,1.20968,0,0,0,0,0,0,0,0,0,0,0,0,2,0.855775,1.20968,0,1,2,0,0,0,0,0,1.236,-0.3378,2.2557,0,0,0,0,0,0,0,-0,0,1.51223,0,0,0,0,0,0,0,0,0,0,0,0,0,0,0,0,0,0,0,0,0,0,0,0,0,0,0,0,0,0,0,0,0
26.65,-0.00979316,-0.0374926,-0.00977482,0,0,0,3.02822,2.08894,-2.25829,-0.000464008,0.00050064,0.00441924,0.000173702,0.00554265,0.0321487,3,2,3.92699,0,0,0,0,0,0,0,0,0,0,0,2,3,2,3.92699,0,0,0,0,0,0,0,0,0,0,1.5708,1.5708,0,1.5708,1.5708,0,-0.00932218,-0.00823533,0.000348295,0,0,0,1.78111,1.23355,-0.00321581,-0.000258868,-0.000405397,-0.000211421,0.000228683,0.000209186,0.000417314,1.75578,1.20968,0,0,0,0,0.0339817,0.028717,0,0,0,0,0.0295663,0.0246368,2,1.75578,1.20968,0,0.344544,0.487027,3.7308e-15,0,0,0,0,0,0,0,0,0,0,0,0,0.855775,1.20968,0,0,0,0,0,0,0,0,0,0,0,0,2,0.855775,1.20968,0,1,2,0,0,0,0,0,1.236,-0.3378,2.2557,0,0,0,0,0,0,0,-0,0,1.51227,0,0,0,0,0,0,0,0,0,0,0,0,0,0,0,0,0,0,0,0,0,0,0,0,0,0,0,0,0,0,0,0,0
26.7,-0.00979316,-0.0374926,-0.00977482,0,0,0,3.02822,2.08894,-2.25829,-0.000464008,0.00050064,0.00441924,0.000173702,0.00554265,0.0321487,3,2,3.92699,0,0,0,0,0,0,0,0,0,0,0,2,3,2,3.92699,0,0,0,0,0,0,0,0,0,0,1.5708,1.5708,0,1.5708,1.5708,0,-0.00932218,-0.00823533,0.000348295,0,0,0,1.78111,1.23355,-0.00321581,-0.000258868,-0.000405397,-0.000211421,0.000228683,0.000209186,0.000417314,1.75578,1.20968,0,0,0,0,0.0351339,0.0294987,0,0,0,0,0.031373,0.0260966,2,1.75578,1.20968,0,0.344544,0.487027,3.7308e-15,0,0,0,0,0,0,0,0,0,0,0,0,0.855775,1.20968,0,0,0,0,0,0,0,0,0,0,0,0,2,0.855775,1.20968,0,1,2,0,0,0,0,0,1.236,-0.3378,2.2557,0,0,0,0,0,0,0,-0,0,1.51227,0,0,0,0,0,0,0,0,0,0,0,0,0,0,0,0,0,0,0,0,0,0,0,0,0,0,0,0,0,0,0,0,0
26.75,-0.0115094,-0.0323841,-0.00834366,0,0,0,3.02822,2.08884,-2.2582,4.39435e-05,-0.00100093,0.000879728,0.0017157,-0.00245489,0.00416996,3,2,3.92699,0,0,0,0,0,0,0,0,0,0,0,2,3,2,3.92699,0,0,0,0,0,0,0,0,0,0,1.5708,1.5708,0,1.5708,1.5708,0,-0.00905624,-0.00831595,0.000231509,0,0,0,1.78108,1.23351,-0.0032084,-0.000333238,-0.000377182,7.41e-05,-0.000102825,0.000327805,0.00127238,1.75578,1.20968,0,0,0,0,0.0351339,0.0294987,0,0,0,0,0.031373,0.0260966,2,1.75578,1.20968,0,0.344544,0.487027,3.7308e-15,0,0,0,0,0,0,0,0,0,0,0,0,0.855775,1.20968,0,0,0,0,0,0,0,0,0,0,0,0,2,0.855775,1.20968,0,1,2,0,0,0,0,0,1.2359,-0.3386,2.2551,0,0,0,0,0,0,0,-0,0,1.51227,0,0,0,0,0,0,0,0,0,0,0,0,0,0,0,0,0,0,0,0,0,0,0,0,0,0,0,0,0,0,0,0,0
26.8,-0.0115094,-0.0323841,-0.00834366,0,0,0,3.02822,2.08884,-2.2582,4.39435e-05,-0.00100093,0.000879728,0.0017157,-0.00245489,0.00416996,3,2,3.92699,0,0,0,0,0,0,0,0,0,0,0,2,3,2,3.92699,0,0,0,0,0,0,0,0,0,0,1.5708,1.5708,0,1.5708,1.5708,0,-0.00905624,-0.00831595,0.000231509,0,0,0,1.78108,1.23351,-0.0032084,-0.000333238,-0.000377182,7.41e-05,-0.000102825,0.000327805,0.00127238,1.75578,1.20968,0,0,0,0,0.0325872,0.0301898,0,0,0,0,0.0301319,0.0278864,2,1.75578,1.20968,0,0.344544,0.487027,3.7308e-15,0,0,0,0,0,0,0,0,0,0,0,0,0.855775,1.20968,0,0,0,0,0,0,0,0,0,0,0,0,2,0.855775,1.20968,0,1,2,0,0,0,0,0,1.2359,-0.3386,2.2551,0,0,0,0,0,0,0,-0,0,1.51227,0,0,0,0,0,0,0,0,0,0,0,0,0,0,0,0,0,0,0,0,0,0,0,0,0,0,0,0,0,0,0,0,0
26.85,-0.0126038,-0.0348284,-0.00674567,0,0,0,3.02826,2.08881,-2.2585,0.000363836,-0.000273488,-0.0029927,0.00251719,0.000350385,-0.0167577,3,2,3.92699,0,0,0,0,0,0,0,0,0,0,0,2,3,2,3.92699,0,0,0,0,0,0,0,0,0,0,1.5708,1.5708,0,1.5708,1.5708,0,-0.00926909,-0.00814109,0.000554799,0,0,0,1.78105,1.23347,-0.00327902,-0.000267381,-0.000423659,-0.000706247,0.000156764,2.7487e-05,-0.00223822,1.75578,1.20968,0,0,0,0,0.0325872,0.0301898,0,0,0,0,0.0301319,0.0278864,2,1.75578,1.20968,0,0.344544,0.487027,3.7308e-15,0,0,0,0,0,0,0,0,0,0,0,0,0.855775,1.20968,0,0,0,0,0,0,0,0,0,0,0,0,2,0.855775,1.20968,0,1,2,0,0,0,0,0,1.2359,-0.3386,2.2551,0,0,0,0,0,0,0,-0,0,1.51233,0,0,0,0,0,0,0,0,0,0,0,0,0,0,0,0,0,0,0,0,0,0,0,0,0,0,0,0,0,0,0,0,0
26.9,-0.0126038,-0.0348284,-0.00674567,0,0,0,3.02826,2.08881,-2.2585,0.000363836,-0.000273488,-0.0029927,0.00251719,0.000350385,-0.0167577,3,2,3.92699,0,0,0,0,0,0,0,0,0,0,0,2,3,2,3.92699,0,0,0,0,0,0,0,0,0,0,1.5708,1.5708,0,1.5708,1.5708,0,-0.00926909,-0.00814109,0.000554799,0,0,0,1.78105,1.23347,-0.00327902,-0.000267381,-0.000423659,-0.000706247,0.000156764,2.7487e-05,-0.00223822,1.75578,1.20968,0,0,0,0,0.0378292,0.0264423,0,0,0,0,0.0337437,0.0230832,2,1.75578,1.20968,0,0.344544,0.487027,3.7308e-15,0,0,0,0,0,0,0,0,0,0,0,0,0.855775,1.20968,0,0,0,0,0,0,0,0,0,0,0,0,2,0.855775,1.20968,0,1,2,0,0,0,0,0,1.2359,-0.3386,2.2551,0,0,0,0,0,0,0,-0,0,1.51233,0,0,0,0,0,0,0,0,0,0,0,0,0,0,0,0,0,0,0,0,0,0,0,0,0,0,0,0,0,0,0,0,0
26.95,-0.0106169,-0.0332581,-0.0082237,0,0,0,3.02824,2.08874,-2.25844,-0.000222185,-0.000730036,0.000631857,-0.000721473,-0.00123432,0.00158676,3,2,3.92699,0,0,0,0,0,0,0,0,0,0,0,2,3,2,3.92699,0,0,0,0,0,0,0,0,0,0,1.5708,1.5708,0,1.5708,1.5708,0,-0.00930455,-0.0078767,0.000302256,0,0,0,1.78103,1.23342,-0.00328741,-0.000253927,-0.000495645,-8.39282e-05,0.000182909,-0.000311956,0.000667237,1.75578,1.20968,0,0,0,0,0.0378292,0.0264423,0,0,0,0,0.0337437,0.0230832,2,1.75578,1.20968,0,0.344544,0.487027,3.7308e-15,0,0,0,0,0,0,0,0,0,0,0,0,0.855775,1.20968,0,0,0,0,0,0,0,0,0,0,0,0,2,0.855775,1.20968,0,1,2,0,0,0,0,0,1.2093,-0.3651,2.2285,0,0,0,0,0,0,0,-0,0,1.51231,0,0,0,0,0,0,0,0,0,0,0,0,0,0,0,0,0,0,0,0,0,0,0,0,0,0,0,0,0,0,0,0,0
27,-0.0106169,-0.0332581,-0.0082237,0,0,0,3.02824,2.08874,-2.25844,-0.000222185,-0.000730036,0.000631857,-0.000721473,-0.00123432,0.00158676,3,2,3.92699,0,0,0,0,0,0,0,0,0,0,0,2,3,2,3.92699,0,0,0,0,0,0,0,0,0,0,1.5708,1.5708,0,1.5708,1.5708,0,-0.00930455,-0.0078767,0.000302256,0,0,0,1.78103,1.23342,-0.00328741,-0.000253927,-0.000495645,-8.39282e-05,0.000182909,-0.000311956,0.000667237,1.75578,1.20968,0,0,0,0,0.0345072,0.0300049,0,0,0,0,0.0295972,0.0253815,2,1.75578,1.20968,0,0.344544,0.487027,3.7308e-15,0,0,0,0,0,0,0,0,0,0,0,0,0.855775,1.20968,0,0,0,0,0,0,0,0,0,0,0,0,2,0.855775,1.20968,0,1,2,0,0,0,0,0,1.2093,-0.3651,2.2285,0,0,0,0,0,0,0,-0,0,1.51231,0,0,0,0,0,0,0,0,0,0,0,0,0,0,0,0,0,0,0,0,0,0,0,0,0,0,0,0,0,0,0,0,0
27.05,-0.0119004,-0.0360556,-0.00706078,0,0,0,3.02825,2.08875,-2.25865,0.000156235,9.76469e-05,-0.00218609,0.000640453,0.00235155,-0.00782388,3,2,3.92699,0,0,0,0,0,0,0,0,0,0,0,2,3,2,3.92699,0,0,0,0,0,0,0,0,0,0,1.5708,1.5708,0,1.5708,1.5708,0,-0.0091519,-0.0085406,0.000461501,0,0,0,1.781,1.23339,-0.00333401,-0.000295382,-0.000296603,-0.000465943,-5.23106e-05,0.000562025,-0.000732519,1.75578,1.20968,0,0,0,0,0.0345072,0.0300049,0,0,0,0,0.0295972,0.0253815,2,1.75578,1.20968,0,0.344544,0.487027,3.7308e-15,0,0,0,0,0,0,0,0,0,0,0,0,0.855775,1.20968,0,0,0,0,0,0,0,0,0,0,0,0,2,0.855775,1.20968,0,1,2,0,0,0,0,0,1.2093,-0.3651,2.2285,0,0,0,0,0,0,0,-0,0,1.51237,0,0,0,0,0,0,0,0,0,0,0,0,0,0,0,0,0,0,0,0,0,0,0,0,0,0,0,0,0,0,0,0,0
27.1,-0.0119004,-0.0360556,-0.00706078,0,0,0,3.02825,2.08875,-2.25865,0.000156235,9.76469e-05,-0.00218609,0.000640453,0.00235155,-0.00782388,3,2,3.92699,0,0,0,0,0,0,0,0,0,0,0,2,3,2,3.92699,0,0,0,0,0,0,0,0,0,0,1.5708,1.5708,0,1.5708,1.5708,0,-0.0091519,-0.0085406,0.000461501,0,0,0,1.781,1.23339,-0.00333401,-0.000295382,-0.000296603,-0.000465943,-5.23106e-05,0.000562025,-0.000732519,1.75578,1.20968,0,0,0,0,0.036051,0.027389,0,0,0,0,0.0338553,0.0257454,2,1.75578,1.20968,0,0.344544,0.487027,3.7308e-15,0,0,0,0,0,0,0,0,0,0,0,0,0.855775,1.20968,0,0,0,0,0,0,0,0,0,0,0,0,2,0.855775,1.20968,0,1,2,0,0,0,0,0,1.2093,-0.3651,2.2285,0,0,0,0,0,0,0,-0,0,1.51237,0,0,0,0,0,0,0,0,0,0,0,0,0,0,0,0,0,0,0,0,0,0,0,0,0,0,0,0,0,0,0,0,0
