0,0,0,0,0,0,0,0,0,0,0,0,0,0,0,0,0,0,0,0,0,0,0,0,0,0,0,0,0,0,0,0,0,0,0,0,0,0,0,0,0,0,0,0,0,0,0,0,0,0,0,0,0,0,0,0,0,0,0,0,0,0,0,0,0,0,0,0,0,0,0,0,0,0,0,0,0,0,0,0,0,0,0,0,0,0,0,0,0,0,0,0,0,0,0,0,0,0,0,0,0,0,0,0,0,0,0,0,0,0,0,0,0,0,0,0,0,0,0,0,0,0,0,0,0,0,0,0,0,0,0,0,0,0,0,0,0,0,0,0,0,0,0,0,0,0,0,0,0,0,0,0,0,0,0,0,0,0,0,0,0,0,0,0,0
0,0,0,0,0,0,0,3.12567,1.94149,-2.90022,-9.5169e-05,-3.1723e-05,0.000264517,0.0274496,0.0170502,-0.0254697,0,0,0,0,0,0,0,0,0,0,0,0,0,0,0,0,0,0,0,0,0,0,0,0,0,0,0,0,0,0,0,0,0,0,0,0,0,0,0,0,1.7524,1.20134,1.31069,0.000141533,0.000102489,4.1703e-05,0.0153896,0.0105502,0.0115105,0,0,0,0,0,0,0,0,0,0,0,0,0,0,0,0,0,0,0,0,0,0,0,0,0,0,0,0,0,0,0,0,0,0,0,0,0,0,0,0,0,0,0,0,0,0,0,0,0,0,0,0,1,0,0,0,0,0,1.6647,1.3115,1.3107,0,0,0,0,0,0,0,-0,0,1.56002,0,0,0,0,0,0,0,0,0,0,0,0,0,0,0,0,0,0,0,0,0,0,0,0,0,0,0,0,0
0,0,0,0,0,-0,0,3.12568,1.94148,-2.90023,9.77055e-05,-8.0607e-05,-0.000147894,-1.85157,-1.15066,1.71779,0,0,0,0,0,0,0,0,0,0,0,0,0,0,0,0,0,0,0,0,0,0,0,0,0,0,0,0,0,0,0,0,0,0,0,0,0,0,0,0,1.7524,1.20134,1.31071,-2.56477e-05,-1.22132e-05,0.000169363,-1.0384,-0.711843,-0.775909,0,0,0,0,0,0,0,0,0,0,0,0,0,0,0,0,0,0,0,0,0,0,0,0,0,0,0,0,0,0,0,0,0,0,0,0,0,0,0,0,0,0,0,0,0,0,0,0,0,0,0,0,1,0,0,0,0,0,1.6647,1.3115,1.3107,0,0,0,0,0,0,0,-0,0,1.56003,0,0,0,0,0,0,0,0,0,0,0,0,0,0,0,0,0,0,0,0,0,0,0,0,0,0,0,0,0
0,0,0,0,0,-0,0,3.12568,1.94147,-2.90025,9.75014e-06,-0.00016819,-0.000171389,-0.681109,-0.423615,0.631393,0,0,0,0,0,0,0,0,0,0,0,0,0,0,0,0,0,0,0,0,0,0,0,0,0,0,0,0,0,0,0,0,0,0,0,0,0,0,0,0,1.7524,1.20132,1.3107,-1.82815e-05,-0.000148689,-5.71296e-05,-0.381874,-0.262339,-0.285991,0,0,0,0,0,0,0,0,0,0,0,0,0,0,0,0,0,0,0,0,0,0,0,0,0,0,0,0,0,0,0,0,0,0,0,0,0,0,0,0,0,0,0,0,0,0,0,0,0,0,0,0,1,0,0,0,0,0,1.6647,1.3115,1.3107,0,0,0,0,0,0,0,-0,0,1.56003,0,0,0,0,0,0,0,0,0,0,0,0,0,0,0,0,0,0,0,0,0,0,0,0,0,0,0,0,0
0,0,0,0,0,-0,0,3.12567,1.9415,-2.90022,-8.31138e-05,0.000355678,0.00031034,-0.250915,-0.153857,0.233996,0,0,0,0,0,0,0,0,0,0,0,0,0,0,0,0,0,0,0,0,0,0,0,0,0,0,0,0,0,0,0,0,0,0,0,0,0,0,0,0,1.75241,1.20134,1.3107,6.35577e-05,0.000162561,-7.87787e-05,-0.140104,-0.0954344,-0.105497,0,0,0,0,0,0,0,0,0,0,0,0,0,0,0,0,0,0,0,0,0,0,0,0,0,0,0,0,0,0,0,0,0,0,0,0,0,0,0,0,0,0,0,0,0,0,0,0,0,0,0,0,1,0,0,0,0,0,1.6647,1.3115,1.3107,0,0,0,0,0,0,0,-0,0,1.56003,0,0,0,0,0,0,0,0,0,0,0,0,0,0,0,0,0,0,0,0,0,0,0,0,0,0,0,0,0
0,0,0,0,0,-0,0,3.12567,1.94148,-2.90021,4.39546e-05,-0.000207563,6.43866e-05,-0.0920405,-0.0581907,0.0858381,0,0,0,0,0,0,0,0,0,0,0,0,0,0,0,0,0,0,0,0,0,0,0,0,0,0,0,0,0,0,0,0,0,0,0,0,0,0,0,0,1.75241,1.20134,1.3107,1.22096e-06,-1.83144e-05,1.19234e-05,-0.0517141,-0.0354785,-0.0386006,0,0,0,0,0,0,0,0,0,0,0,0,0,0,0,0,0,0,0,0,0,0,0,0,0,0,0,0,0,0,0,0,0,0,0,0,0,0,0,0,0,0,0,0,0,0,0,0,0,0,0,0,1,0,0,0,0,0,1.2714,0.189,4.1666,0,0,0,0,0,0,0,-0,0,1.56002,0,0,0,0,0,0,0,0,0,0,0,0,0,0,0,0,0,0,0,0,0,0,0,0,0,0,0,0,0
0,0,0,0,0,-0,0,3.12568,1.94148,-2.90024,5.86115e-05,1.7095e-05,-0.000264725,-0.0336835,-0.0210828,0.0301545,0,0,0,0,0,0,0,0,0,0,0,0,0,0,0,0,0,0,0,0,0,0,0,0,0,0,0,0,0,0,0,0,0,0,0,0,0,0,0,0,1.75241,1.20134,1.31068,6.71591e-05,4.39587e-05,-0.000122823,-0.0188136,-0.0129318,-0.0146533,0,0,0,0,0,0,0,0,0,0,0,0,0,0,0,0,0,0,0,0,0,0,0,0,0,0,0,0,0,0,0,0,0,0,0,0,0,0,0,0,0,0,0,0,0,0,0,0,0,0,0,0,1,0,0,0,0,0,1.2714,0.189,4.1666,0,0,0,0,0,0,0,-0,0,1.56002,0,0,0,0,0,0,0,0,0,0,0,0,0,0,0,0,0,0,0,0,0,0,0,0,0,0,0,0,0
0,0,0,0,0,-0,0,3.12567,1.94148,-2.90021,-4.39458e-05,-4.51665e-05,0.000224116,-0.0127355,-0.00788481,0.0125217,0,0,0,0,0,0,0,0,0,0,0,0,0,0,0,0,0,0,0,0,0,0,0,0,0,0,0,0,0,0,0,0,0,0,0,0,0,0,0,0,1.75241,1.20133,1.31071,-6.836e-05,-0.000130616,0.000202658,-0.00738451,-0.00541039,-0.0042565,0,0,0,0,0,0,0,0,0,0,0,0,0,0,0,0,0,0,0,0,0,0,0,0,0,0,0,0,0,0,0,0,0,0,0,0,0,0,0,0,0,0,0,0,0,0,0,0,0,0,0,0,1,0,0,0,0,0,1.2714,0.189,4.1666,0,0,0,0,0,0,0,-0,0,1.56003,0,0,0,0,0,0,0,0,0,0,0,0,0,0,0,0,0,0,0,0,0,0,0,0,0,0,0,0,0
0,0,0,0,0,-0,0,3.12567,1.94149,-2.90024,-1.46561e-05,7.93872e-05,-0.000274325,-0.00469487,-0.00245053,0.00314073,0,0,0,0,0,0,0,0,0,0,0,0,0,0,0,0,0,0,0,0,0,0,0,0,0,0,0,0,0,0,0,0,0,0,0,0,0,0,0,0,1.7524,1.20133,1.3107,-6.59525e-05,2.32055e-05,-9.66101e-05,-0.00287759,-0.0016161,-0.00234441,0,0,0,0,0,0,0,0,0,0,0,0,0,0,0,0,0,0,0,0,0,0,0,0,0,0,0,0,0,0,0,0,0,0,0,0,0,0,0,0,0,0,0,0,0,0,0,0,0,0,0,0,1,0,0,0,0,0,1.2714,0.189,4.1666,0,0,0,0,0,0,0,-0,0,1.56004,0,0,0,0,0,0,0,0,0,0,0,0,0,0,0,0,0,0,0,0,0,0,0,0,0,0,0,0,0
0,0,0,0,0,-0,0,3.12567,1.94149,-2.90024,-1.46561e-05,7.93872e-05,-0.000274325,-0.00469487,-0.00245053,0.00314073,0,0,0,0,0,0,0,0,0,0,0,0,0,0,0,0,0,0,0,0,0,0,0,0,0,0,0,0,0,0,0,0,0,0,0,0,0,0,0,0,1.7524,1.20133,1.3107,-6.59525e-05,2.32055e-05,-9.66101e-05,-0.00287759,-0.0016161,-0.00234441,0,0,0,0,0,0,0,0,0,0,0,0,0,0,0,0,0,0,0,0,0,0,0,0,0,0,0,0,0,0,0,0,0,0,0,0,0,0,0,0,0,0,0,0,0,0,0,0,0,0,0,0,1,0,0,0,0,0,1.4098,0.3274,4.3051,0,0,0,0,0,0,0,-0,0,1.56004,0,0,0,0,0,0,0,0,0,0,0,0,0,0,0,0,0,0,0,0,0,0,0,0,0,0,0,0,0
0,0,0,0,0,-0,0,3.12567,1.94149,-2.90022,4.88147e-06,7.3222e-06,0.000255037,-0.00165263,-0.00102368,0.0027309,0,0,0,0,0,0,0,0,0,0,0,0,0,0,0,0,0,0,0,0,0,0,0,0,0,0,0,0,0,0,0,0,0,0,0,0,0,0,0,0,1.7524,1.20134,1.3107,5.12554e-05,9.64089e-05,2.14518e-05,-0.000649558,-0.000164249,-0.000677275,0,0,0,0,0,0,0,0,0,0,0,0,0,0,0,0,0,0,0,0,0,0,0,0,0,0,0,0,0,0,0,0,0,0,0,0,0,0,0,0,0,0,0,0,0,0,0,0,0,0,0,0,1,0,0,0,0,0,1.4098,0.3274,4.3051,0,0,0,0,0,0,0,-0,0,1.56003,0,0,0,0,0,0,0,0,0,0,0,0,0,0,0,0,0,0,0,0,0,0,0,0,0,0,0,0,0
0,0,0,0,0,-0,0,3.12567,1.94149,-2.90022,4.88147e-06,7.3222e-06,0.000255037,-0.00165263,-0.00102368,0.0027309,0,0,0,0,0,0,0,0,0,0,0,0,0,0,0,0,0,0,0,0,0,0,0,0,0,0,0,0,0,0,0,0,0,0,0,0,0,0,0,0,1.7524,1.20134,1.3107,5.12554e-05,9.64089e-05,2.14518e-05,-0.000649558,-0.000164249,-0.000677275,0,0,0,0,0,0,0,0,0,0,0,0,0,0,0,0,0,0,0,0,0,0,0,0,0,0,0,0,0,0,0,0,0,0,0,0,0,0,0,0,0,0,0,0,0,0,0,0,0,0,0,0,1,0,0,0,0,0,1.4098,0.3274,4.3051,0,0,0,0,0,0,0,-0,0,1.56003,0,0,0,0,0,0,0,0,0,0,0,0,0,0,0,0,0,0,0,0,0,0,0,0,0,0,0,0,0
0,0,0,0,0,-0,0,3.12568,1.94148,-2.90025,7.56969e-05,-7.32551e-05,-0.000381537,-0.000297422,-0.000743435,-0.000959581,0,0,0,0,0,0,0,0,0,0,0,0,0,0,0,0,0,0,0,0,0,0,0,0,0,0,0,0,0,0,0,0,0,0,0,0,0,0,0,0,1.75241,1.20134,1.31068,0.000111103,-1.4651e-05,-0.000157384,0.000150741,-0.000345919,-0.000895512,0,0,0,0,0,0,0,0,0,0,0,0,0,0,0,0,0,0,0,0,0,0,0,0,0,0,0,0,0,0,0,0,0,0,0,0,0,0,0,0,0,0,0,0,0,0,0,0,0,0,0,0,1,0,0,0,0,0,1.4098,0.3274,4.3051,0,0,0,0,0,0,0,-0,0,1.56002,0,0,0,0,0,0,0,0,0,0,0,0,0,0,0,0,0,0,0,0,0,0,0,0,0,0,0,0,0
0,0,0,0,0,-0,0,3.12568,1.94148,-2.90025,7.56969e-05,-7.32551e-05,-0.000381537,-0.000297422,-0.000743435,-0.000959581,0,0,0,0,0,0,0,0,0,0,0,0,0,0,0,0,0,0,0,0,0,0,0,0,0,0,0,0,0,0,0,0,0,0,0,0,0,0,0,0,1.75241,1.20134,1.31068,0.000111103,-1.4651e-05,-0.000157384,0.000150741,-0.000345919,-0.000895512,0,0,0,0,0,0,0,0,0,0,0,0,0,0,0,0,0,0,0,0,0,0,0,0,0,0,0,0,0,0,0,0,0,0,0,0,0,0,0,0,0,0,0,0,0,0,0,0,0,0,0,0,1,0,0,0,0,0,1.3157,0.2334,4.211,0,0,0,0,0,0,0,-0,0,1.56002,0,0,0,0,0,0,0,0,0,0,0,0,0,0,0,0,0,0,0,0,0,0,0,0,0,0,0,0,0
0,0,0,0,0,-0,0,3.12567,1.94148,-2.90025,-7.07884e-05,1.34254e-05,4.76754e-05,-0.000580485,-6.21439e-05,0.000639298,0,0,0,0,0,0,0,0,0,0,0,0,0,0,0,0,0,0,0,0,0,0,0,0,0,0,0,0,0,0,0,0,0,0,0,0,0,0,0,0,1.75242,1.20134,1.31069,1.95279e-05,4.27172e-05,7.74726e-05,-0.000167036,-3.03813e-06,0.00037112,0,0,0,0,0,0,0,0,0,0,0,0,0,0,0,0,0,0,0,0,0,0,0,0,0,0,0,0,0,0,0,0,0,0,0,0,0,0,0,0,0,0,0,0,0,0,0,0,0,0,0,0,1,0,0,0,0,0,1.3157,0.2334,4.211,0,0,0,0,0,0,0,-0,0,1.56001,0,0,0,0,0,0,0,0,0,0,0,0,0,0,0,0,0,0,0,0,0,0,0,0,0,0,0,0,0
0,0,0,0,0,-0,0,3.12567,1.94148,-2.90025,-7.07884e-05,1.34254e-05,4.76754e-05,-0.000580485,-6.21439e-05,0.000639298,0,0,0,0,0,0,0,0,0,0,0,0,0,0,0,0,0,0,0,0,0,0,0,0,0,0,0,0,0,0,0,0,0,0,0,0,0,0,0,0,1.75242,1.20134,1.31069,1.95279e-05,4.27172e-05,7.74726e-05,-0.000167036,-3.03813e-06,0.00037112,0,0,0,0,0,0,0,0,0,0,0,0,0,0,0,0,0,0,0,0,0,0,0,0,0,0,0,0,0,0,0,0,0,0,0,0,0,0,0,0,0,0,0,0,0,0,0,0,0,0,0,0,1,0,0,0,0,0,1.3157,0.2334,4.211,0,0,0,0,0,0,0,-0,0,1.56001,0,0,0,0,0,0,0,0,0,0,0,0,0,0,0,0,0,0,0,0,0,0,0,0,0,0,0,0,0
0,0,0,0,0,-0,0,3.12568,1.94149,-2.90023,1.95342e-05,0.000135518,0.000214609,-2.59073e-05,0.00054274,0.00126727,0,0,0,0,0,0,0,0,0,0,0,0,0,0,0,0,0,0,0,0,0,0,0,0,0,0,0,0,0,0,0,0,0,0,0,0,0,0,0,0,1.7524,1.20133,1.31069,-0.000135518,-0.000122089,-3.0999e-05,-0.000762844,-0.000613957,-3.91873e-05,0,0,0,0,0,0,0,0,0,0,0,0,0,0,0,0,0,0,0,0,0,0,0,0,0,0,0,0,0,0,0,0,0,0,0,0,0,0,0,0,0,0,0,0,0,0,0,0,0,0,0,0,1,0,0,0,0,0,1.3157,0.2334,4.211,0,0,0,0,0,0,0,-0,0,1.56004,0,0,0,0,0,0,0,0,0,0,0,0,0,0,0,0,0,0,0,0,0,0,0,0,0,0,0,0,0
0,0,0,0,0,-0,0,3.12568,1.94149,-2.90023,1.95342e-05,0.000135518,0.000214609,-2.59073e-05,0.00054274,0.00126727,0,0,0,0,0,0,0,0,0,0,0,0,0,0,0,0,0,0,0,0,0,0,0,0,0,0,0,0,0,0,0,0,0,0,0,0,0,0,0,0,1.7524,1.20133,1.31069,-0.000135518,-0.000122089,-3.0999e-05,-0.000762844,-0.000613957,-3.91873e-05,0,0,0,0,0,0,0,0,0,0,0,0,0,0,0,0,0,0,0,0,0,0,0,0,0,0,0,0,0,0,0,0,0,0,0,0,0,0,0,0,0,0,0,0,0,0,0,0,0,0,0,0,1,0,0,0,0,0,1.3855,0.3031,4.2807,0,0,0,0,0,0,0,-0,0,1.56004,0,0,0,0,0,0,0,0,0,0,0,0,0,0,0,0,0,0,0,0,0,0,0,0,0,0,0,0,0
0,0,0,0,0,-0,0,3.12568,1.94148,-2.90028,1.91044e-05,-0.00010985,-0.000478076,5.8166e-05,-0.000574694,-0.00193087,0,0,0,0,0,0,0,0,0,0,0,0,0,0,0,0,0,0,0,0,0,0,0,0,0,0,0,0,0,0,0,0,0,0,0,0,0,0,0,0,1.7524,1.20133,1.3107,-1.43283e-05,-4.53729e-05,9.56151e-05,-5.31913e-05,-0.000144396,0.000428079,0,0,0,0,0,0,0,0,0,0,0,0,0,0,0,0,0,0,0,0,0,0,0,0,0,0,0,0,0,0,0,0,0,0,0,0,0,0,0,0,0,0,0,0,0,0,0,0,0,0,0,0,1,0,0,0,0,0,1.3855,0.3031,4.2807,0,0,0,0,0,0,0,-0,0,1.56004,0,0,0,0,0,0,0,0,0,0,0,0,0,0,0,0,0,0,0,0,0,0,0,0,0,0,0,0,0
0,0,0,0,0,-0,0,3.12568,1.94148,-2.90028,1.91044e-05,-0.00010985,-0.000478076,5.8166e-05,-0.000574694,-0.00193087,0,0,0,0,0,0,0,0,0,0,0,0,0,0,0,0,0,0,0,0,0,0,0,0,0,0,0,0,0,0,0,0,0,0,0,0,0,0,0,0,1.7524,1.20133,1.3107,-1.43283e-05,-4.53729e-05,9.56151e-05,-5.31913e-05,-0.000144396,0.000428079,0,0,0,0,0,0,0,0,0,0,0,0,0,0,0,0,0,0,0,0,0,0,0,0,0,0,0,0,0,0,0,0,0,0,0,0,0,0,0,0,0,0,0,0,0,0,0,0,0,0,0,0,1,0,0,0,0,0,1.3855,0.3031,4.2807,0,0,0,0,0,0,0,-0,0,1.56004,0,0,0,0,0,0,0,0,0,0,0,0,0,0,0,0,0,0,0,0,0,0,0,0,0,0,0,0,0
0,0,0,0,0,-0,0,3.12568,1.94149,-2.90023,-4.99634e-06,8.61869e-05,0.00044889,-5.13335e-05,0.000293708,0.00213984,0,0,0,0,0,0,0,0,0,0,0,0,0,0,0,0,0,0,0,0,0,0,0,0,0,0,0,0,0,0,0,0,0,0,0,0,0,0,0,0,1.75242,1.20133,1.31073,0.000152389,6.74506e-05,0.000317151,0.000728607,0.000429687,0.00119358,0,0,0,0,0,0,0,0,0,0,0,0,0,0,0,0,0,0,0,0,0,0,0,0,0,0,0,0,0,0,0,0,0,0,0,0,0,0,0,0,0,0,0,0,0,0,0,0,0,0,0,0,1,0,0,0,0,0,1.3855,0.3031,4.2807,0,0,0,0,0,0,0,-0,0,1.56002,0,0,0,0,0,0,0,0,0,0,0,0,0,0,0,0,0,0,0,0,0,0,0,0,0,0,0,0,0
0,0,0,0,0,-0,0,3.12568,1.94149,-2.90023,-4.99634e-06,8.61869e-05,0.00044889,-5.13335e-05,0.000293708,0.00213984,0,0,0,0,0,0,0,0,0,0,0,0,0,0,0,0,0,0,0,0,0,0,0,0,0,0,0,0,0,0,0,0,0,0,0,0,0,0,0,0,1.75242,1.20133,1.31073,0.000152389,6.74506e-05,0.000317151,0.000728607,0.000429687,0.00119358,0,0,0,0,0,0,0,0,0,0,0,0,0,0,0,0,0,0,0,0,0,0,0,0,0,0,0,0,0,0,0,0,0,0,0,0,0,0,0,0,0,0,0,0,0,0,0,0,0,0,0,0,1,0,0,0,0,0,1.3157,0.2333,4.211,0,0,0,0,0,0,0,-0,0,1.56002,0,0,0,0,0,0,0,0,0,0,0,0,0,0,0,0,0,0,0,0,0,0,0,0,0,0,0,0,0
0,0,0,0,0,-0,0,3.12568,1.94149,-2.90024,-1.46433e-05,-6.10136e-05,-3.57502e-05,-8.42674e-05,-0.000289428,-7.37115e-05,0,0,0,0,0,0,0,0,0,0,0,0,0,0,0,0,0,0,0,0,0,0,0,0,0,0,0,0,0,0,0,0,0,0,0,0,0,0,0,0,1.75241,1.20134,1.31069,-1.95244e-05,5.3692e-05,-0.000350352,-0.00013234,0.00028493,-0.00182045,0,0,0,0,0,0,0,0,0,0,0,0,0,0,0,0,0,0,0,0,0,0,0,0,0,0,0,0,0,0,0,0,0,0,0,0,0,0,0,0,0,0,0,0,0,0,0,0,0,0,0,0,1,0,0,0,0,0,1.3157,0.2333,4.211,0,0,0,0,0,0,0,-0,0,1.56002,0,0,0,0,0,0,0,0,0,0,0,0,0,0,0,0,0,0,0,0,0,0,0,0,0,0,0,0,0
0,0,0,0,0,-0,0,3.12568,1.94149,-2.90024,-1.46433e-05,-6.10136e-05,-3.57502e-05,-8.42674e-05,-0.000289428,-7.37115e-05,0,0,0,0,0,0,0,0,0,0,0,0,0,0,0,0,0,0,0,0,0,0,0,0,0,0,0,0,0,0,0,0,0,0,0,0,0,0,0,0,1.75241,1.20134,1.31069,-1.95244e-05,5.3692e-05,-0.000350352,-0.00013234,0.00028493,-0.00182045,0,0,0,0,0,0,0,0,0,0,0,0,0,0,0,0,0,0,0,0,0,0,0,0,0,0,0,0,0,0,0,0,0,0,0,0,0,0,0,0,0,0,0,0,0,0,0,0,0,0,0,0,1,0,0,0,0,0,1.3157,0.2333,4.211,0,0,0,0,0,0,0,-0,0,1.56002,0,0,0,0,0,0,0,0,0,0,0,0,0,0,0,0,0,0,0,0,0,0,0,0,0,0,0,0,0
0,0,0,0,0,-0,0,3.12567,1.94147,-2.90022,-1.22073e-05,-0.000136722,0.00015736,-4.52607e-05,-0.000556867,0.000418336,0,0,0,0,0,0,0,0,0,0,0,0,0,0,0,0,0,0,0,0,0,0,0,0,0,0,0,0,0,0,0,0,0,0,0,0,0,0,0,0,1.7524,1.20133,1.31069,-0.000107425,-4.51672e-05,-7.15275e-05,-0.000551018,-0.000245064,-0.000395256,0,0,0,0,0,0,0,0,0,0,0,0,0,0,0,0,0,0,0,0,0,0,0,0,0,0,0,0,0,0,0,0,0,0,0,0,0,0,0,0,0,0,0,0,0,0,0,0,0,0,0,0,1,0,0,0,0,0,1.3157,0.2333,4.211,0,0,0,0,0,0,0,-0,0,1.56002,0,0,0,0,0,0,0,0,0,0,0,0,0,0,0,0,0,0,0,0,0,0,0,0,0,0,0,0,0
0,0,0,0,0,-0,0,3.12567,1.94147,-2.90022,-1.22073e-05,-0.000136722,0.00015736,-4.52607e-05,-0.000556867,0.000418336,0,0,0,0,0,0,0,0,0,0,0,0,0,0,0,0,0,0,0,0,0,0,0,0,0,0,0,0,0,0,0,0,0,0,0,0,0,0,0,0,1.7524,1.20133,1.31069,-0.000107425,-4.51672e-05,-7.15275e-05,-0.000551018,-0.000245064,-0.000395256,0,0,0,0,0,0,0,0,0,0,0,0,0,0,0,0,0,0,0,0,0,0,0,0,0,0,0,0,0,0,0,0,0,0,0,0,0,0,0,0,0,0,0,0,0,0,0,0,0,0,0,0,1,0,0,0,0,0,1.2351,0.1527,4.1303,0,0,0,0,0,0,0,-0,0,1.56002,0,0,0,0,0,0,0,0,0,0,0,0,0,0,0,0,0,0,0,0,0,0,0,0,0,0,0,0,0
0,0,0,0,0,-0,0,3.12568,1.94149,-2.90022,2.19736e-05,0.000202646,3.33801e-05,0.000114674,0.000985445,-0.000177595,0,0,0,0,0,0,0,0,0,0,0,0,0,0,0,0,0,0,0,0,0,0,0,0,0,0,0,0,0,0,0,0,0,0,0,0,0,0,0,0,1.75239,1.20133,1.31068,-0.000134283,-5.9817e-05,-3.93408e-05,-0.000494829,-0.000277382,8.40474e-05,0,0,0,0,0,0,0,0,0,0,0,0,0,0,0,0,0,0,0,0,0,0,0,0,0,0,0,0,0,0,0,0,0,0,0,0,0,0,0,0,0,0,0,0,0,0,0,0,0,0,0,0,1,0,0,0,0,0,1.2351,0.1527,4.1303,0,0,0,0,0,0,0,-0,0,1.56005,0,0,0,0,0,0,0,0,0,0,0,0,0,0,0,0,0,0,0,0,0,0,0,0,0,0,0,0,0
0,0,0,0,0,-0,0,3.12568,1.94149,-2.90022,2.19736e-05,0.000202646,3.33801e-05,0.000114674,0.000985445,-0.000177595,0,0,0,0,0,0,0,0,0,0,0,0,0,0,0,0,0,0,0,0,0,0,0,0,0,0,0,0,0,0,0,0,0,0,0,0,0,0,0,0,1.75239,1.20133,1.31068,-0.000134283,-5.9817e-05,-3.93408e-05,-0.000494829,-0.000277382,8.40474e-05,0,0,0,0,0,0,0,0,0,0,0,0,0,0,0,0,0,0,0,0,0,0,0,0,0,0,0,0,0,0,0,0,0,0,0,0,0,0,0,0,0,0,0,0,0,0,0,0,0,0,0,0,1,0,0,0,0,0,1.2351,0.1527,4.1303,0,0,0,0,0,0,0,-0,0,1.56005,0,0,0,0,0,0,0,0,0,0,0,0,0,0,0,0,0,0,0,0,0,0,0,0,0,0,0,0,0
0,0,0,0,0,-0,0,3.12568,1.94149,-2.90026,-9.77031e-06,1.22129e-05,-0.00042936,-3.63309e-05,3.9565e-05,-0.00203618,0,0,0,0,0,0,0,0,0,0,0,0,0,0,0,0,0,0,0,0,0,0,0,0,0,0,0,0,0,0,0,0,0,0,0,0,0,0,0,0,1.75241,1.20134,1.31068,0.000235709,0.000107473,1.0734e-05,0.00118881,0.000497485,0.000315442,0,0,0,0,0,0,0,0,0,0,0,0,0,0,0,0,0,0,0,0,0,0,0,0,0,0,0,0,0,0,0,0,0,0,0,0,0,0,0,0,0,0,0,0,0,0,0,0,0,0,0,0,1,0,0,0,0,0,1.2351,0.1527,4.1303,0,0,0,0,0,0,0,-0,0,1.56002,0,0,0,0,0,0,0,0,0,0,0,0,0,0,0,0,0,0,0,0,0,0,0,0,0,0,0,0,0
0,0,0,0,0,-0,0,3.12568,1.94149,-2.90026,-9.77031e-06,1.22129e-05,-0.00042936,-3.63309e-05,3.9565e-05,-0.00203618,0,0,0,0,0,0,0,0,0,0,0,0,0,0,0,0,0,0,0,0,0,0,0,0,0,0,0,0,0,0,0,0,0,0,0,0,0,0,0,0,1.75241,1.20134,1.31068,0.000235709,0.000107473,1.0734e-05,0.00118881,0.000497485,0.000315442,0,0,0,0,0,0,0,0,0,0,0,0,0,0,0,0,0,0,0,0,0,0,0,0,0,0,0,0,0,0,0,0,0,0,0,0,0,0,0,0,0,0,0,0,0,0,0,0,0,0,0,0,1,0,0,0,0,0,1.3034,0.2211,4.1987,0,0,0,0,0,0,0,-0,0,1.56002,0,0,0,0,0,0,0,0,0,0,0,0,0,0,0,0,0,0,0,0,0,0,0,0,0,0,0,0,0
0,0,0,0,0,-0,0,3.12567,1.94148,-2.90023,-2.92915e-05,-0.00015378,0.000252677,-0.000120274,-0.000767549,0.00125048,0,0,0,0,0,0,0,0,0,0,0,0,0,0,0,0,0,0,0,0,0,0,0,0,0,0,0,0,0,0,0,0,0,0,0,0,0,0,0,0,1.75241,1.20133,1.31072,-6.22444e-05,-5.37011e-05,0.000384975,-0.000248507,-0.000240269,0.00171617,0,0,0,0,0,0,0,0,0,0,0,0,0,0,0,0,0,0,0,0,0,0,0,0,0,0,0,0,0,0,0,0,0,0,0,0,0,0,0,0,0,0,0,0,0,0,0,0,0,0,0,0,1,0,0,0,0,0,1.3034,0.2211,4.1987,0,0,0,0,0,0,0,-0,0,1.56002,0,0,0,0,0,0,0,0,0,0,0,0,0,0,0,0,0,0,0,0,0,0,0,0,0,0,0,0,0
0,0,0,0,0,-0,0,3.12567,1.94148,-2.90023,-2.92915e-05,-0.00015378,0.000252677,-0.000120274,-0.000767549,0.00125048,0,0,0,0,0,0,0,0,0,0,0,0,0,0,0,0,0,0,0,0,0,0,0,0,0,0,0,0,0,0,0,0,0,0,0,0,0,0,0,0,1.75241,1.20133,1.31072,-6.22444e-05,-5.37011e-05,0.000384975,-0.000248507,-0.000240269,0.00171617,0,0,0,0,0,0,0,0,0,0,0,0,0,0,0,0,0,0,0,0,0,0,0,0,0,0,0,0,0,0,0,0,0,0,0,0,0,0,0,0,0,0,0,0,0,0,0,0,0,0,0,0,1,0,0,0,0,0,1.3034,0.2211,4.1987,0,0,0,0,0,0,0,-0,0,1.56002,0,0,0,0,0,0,0,0,0,0,0,0,0,0,0,0,0,0,0,0,0,0,0,0,0,0,0,0,0
0,0,0,0,0,-0,0,3.12567,1.94149,-2.90022,1.22092e-05,0.000112325,0.000102539,8.227e-05,0.000493257,0.000595766,0,0,0,0,0,0,0,0,0,0,0,0,0,0,0,0,0,0,0,0,0,0,0,0,0,0,0,0,0,0,0,0,0,0,0,0,0,0,0,0,1.7524,1.20134,1.31071,-8.05809e-05,6.95926e-05,-0.000151423,-0.000417062,0.000248518,-0.000923534,0,0,0,0,0,0,0,0,0,0,0,0,0,0,0,0,0,0,0,0,0,0,0,0,0,0,0,0,0,0,0,0,0,0,0,0,0,0,0,0,0,0,0,0,0,0,0,0,0,0,0,0,1,0,0,0,0,0,1.3034,0.2211,4.1987,0,0,0,0,0,0,0,-0,0,1.56003,0,0,0,0,0,0,0,0,0,0,0,0,0,0,0,0,0,0,0,0,0,0,0,0,0,0,0,0,0
0,0,0,0,0,-0,0,3.12567,1.94149,-2.90022,1.22092e-05,0.000112325,0.000102539,8.227e-05,0.000493257,0.000595766,0,0,0,0,0,0,0,0,0,0,0,0,0,0,0,0,0,0,0,0,0,0,0,0,0,0,0,0,0,0,0,0,0,0,0,0,0,0,0,0,1.7524,1.20134,1.31071,-8.05809e-05,6.95926e-05,-0.000151423,-0.000417062,0.000248518,-0.000923534,0,0,0,0,0,0,0,0,0,0,0,0,0,0,0,0,0,0,0,0,0,0,0,0,0,0,0,0,0,0,0,0,0,0,0,0,0,0,0,0,0,0,0,0,0,0,0,0,0,0,0,0,1,0,0,0,0,0,1.345,0.2626,4.2402,0,0,0,0,0,0,0,-0,0,1.56003,0,0,0,0,0,0,0,0,0,0,0,0,0,0,0,0,0,0,0,0,0,0,0,0,0,0,0,0,0
0,0,0,0,0,-0,0,3.12567,1.9415,-2.90021,2.44167e-06,8.30167e-05,0.000140682,3.77835e-05,0.000349731,0.000421608,0,0,0,0,0,0,0,0,0,0,0,0,0,0,0,0,0,0,0,0,0,0,0,0,0,0,0,0,0,0,0,0,0,0,0,0,0,0,0,0,1.75242,1.20135,1.31071,0.000180684,4.39501e-05,3.69589e-05,0.000770656,0.000112939,-0.000159078,0,0,0,0,0,0,0,0,0,0,0,0,0,0,0,0,0,0,0,0,0,0,0,0,0,0,0,0,0,0,0,0,0,0,0,0,0,0,0,0,0,0,0,0,0,0,0,0,0,0,0,0,1,0,0,0,0,0,1.345,0.2626,4.2402,0,0,0,0,0,0,0,-0,0,1.56002,0,0,0,0,0,0,0,0,0,0,0,0,0,0,0,0,0,0,0,0,0,0,0,0,0,0,0,0,0
0,0,0,0,0,-0,0,3.12567,1.9415,-2.90021,2.44167e-06,8.30167e-05,0.000140682,3.77835e-05,0.000349731,0.000421608,0,0,0,0,0,0,0,0,0,0,0,0,0,0,0,0,0,0,0,0,0,0,0,0,0,0,0,0,0,0,0,0,0,0,0,0,0,0,0,0,1.75242,1.20135,1.31071,0.000180684,4.39501e-05,3.69589e-05,0.000770656,0.000112939,-0.000159078,0,0,0,0,0,0,0,0,0,0,0,0,0,0,0,0,0,0,0,0,0,0,0,0,0,0,0,0,0,0,0,0,0,0,0,0,0,0,0,0,0,0,0,0,0,0,0,0,0,0,0,0,1,0,0,0,0,0,1.345,0.2626,4.2402,0,0,0,0,0,0,0,-0,0,1.56002,0,0,0,0,0,0,0,0,0,0,0,0,0,0,0,0,0,0,0,0,0,0,0,0,0,0,0,0,0
0,0,0,0,0,-0,0,3.12568,1.94148,-2.90021,2.19763e-05,-0.000211216,-1.90766e-05,9.4719e-05,-0.000985086,-0.00040877,0,0,0,0,0,0,0,0,0,0,0,0,0,0,0,0,0,0,0,0,0,0,0,0,0,0,0,0,0,0,0,0,0,0,0,0,0,0,0,0,1.75241,1.20133,1.31069,-0.000124532,-0.000136741,-0.000190766,-0.000595999,-0.000672522,-0.000901948,0,0,0,0,0,0,0,0,0,0,0,0,0,0,0,0,0,0,0,0,0,0,0,0,0,0,0,0,0,0,0,0,0,0,0,0,0,0,0,0,0,0,0,0,0,0,0,0,0,0,0,0,1,0,0,0,0,0,1.345,0.2626,4.2402,0,0,0,0,0,0,0,-0,0,1.56003,0,0,0,0,0,0,0,0,0,0,0,0,0,0,0,0,0,0,0,0,0,0,0,0,0,0,0,0,0
0,0,0,0,0,-0,0,3.12568,1.94148,-2.90021,2.19763e-05,-0.000211216,-1.90766e-05,9.4719e-05,-0.000985086,-0.00040877,0,0,0,0,0,0,0,0,0,0,0,0,0,0,0,0,0,0,0,0,0,0,0,0,0,0,0,0,0,0,0,0,0,0,0,0,0,0,0,0,1.75241,1.20133,1.31069,-0.000124532,-0.000136741,-0.000190766,-0.000595999,-0.000672522,-0.000901948,0,0,0,0,0,0,0,0,0,0,0,0,0,0,0,0,0,0,0,0,0,0,0,0,0,0,0,0,0,0,0,0,0,0,0,0,0,0,0,0,0,0,0,0,0,0,0,0,0,0,0,0,1,0,0,0,0,0,1.3157,0.2333,4.2109,0,0,0,0,0,0,0,-0,0,1.56003,0,0,0,0,0,0,0,0,0,0,0,0,0,0,0,0,0,0,0,0,0,0,0,0,0,0,0,0,0
0,0,0,0,0,-0,0,3.12568,1.94149,-2.90021,-2.1262e-06,0.000132887,-1.45346e-05,-3.23646e-05,0.000621124,-0.000328215,0,0,0,0,0,0,0,0,0,0,0,0,0,0,0,0,0,0,0,0,0,0,0,0,0,0,0,0,0,0,0,0,0,0,0,0,0,0,0,0,1.7524,1.20134,1.31069,-1.70097e-05,9.14269e-05,4.15275e-05,-0.000106039,0.000414482,0.000296223,0,0,0,0,0,0,0,0,0,0,0,0,0,0,0,0,0,0,0,0,0,0,0,0,0,0,0,0,0,0,0,0,0,0,0,0,0,0,0,0,0,0,0,0,0,0,0,0,0,0,0,0,1,0,0,0,0,0,1.3157,0.2333,4.2109,0,0,0,0,0,0,0,-0,0,1.56003,0,0,0,0,0,0,0,0,0,0,0,0,0,0,0,0,0,0,0,0,0,0,0,0,0,0,0,0,0
0,0,0,0,0,-0,0,3.12568,1.94149,-2.90021,-2.1262e-06,0.000132887,-1.45346e-05,-3.23646e-05,0.000621124,-0.000328215,0,0,0,0,0,0,0,0,0,0,0,0,0,0,0,0,0,0,0,0,0,0,0,0,0,0,0,0,0,0,0,0,0,0,0,0,0,0,0,0,1.7524,1.20134,1.31069,-1.70097e-05,9.14269e-05,4.15275e-05,-0.000106039,0.000414482,0.000296223,0,0,0,0,0,0,0,0,0,0,0,0,0,0,0,0,0,0,0,0,0,0,0,0,0,0,0,0,0,0,0,0,0,0,0,0,0,0,0,0,0,0,0,0,0,0,0,0,0,0,0,0,1,0,0,0,0,0,1.3157,0.2333,4.2109,0,0,0,0,0,0,0,-0,0,1.56003,0,0,0,0,0,0,0,0,0,0,0,0,0,0,0,0,0,0,0,0,0,0,0,0,0,0,0,0,0
0,0,0,0,0,-0,0,3.12567,1.94148,-2.90023,-3.43954e-05,-0.000164811,-0.000145553,-0.0001598,-0.000642257,-0.000685801,0,0,0,0,0,0,0,0,0,0,0,0,0,0,0,0,0,0,0,0,0,0,0,0,0,0,0,0,0,0,0,0,0,0,0,0,0,0,0,0,1.75241,1.20133,1.31069,9.4587e-05,-9.17208e-05,-1.67946e-05,0.000442088,-0.00036849,8.80926e-05,0,0,0,0,0,0,0,0,0,0,0,0,0,0,0,0,0,0,0,0,0,0,0,0,0,0,0,0,0,0,0,0,0,0,0,0,0,0,0,0,0,0,0,0,0,0,0,0,0,0,0,0,1,0,0,0,0,0,1.3157,0.2333,4.2109,0,0,0,0,0,0,0,-0,0,1.56002,0,0,0,0,0,0,0,0,0,0,0,0,0,0,0,0,0,0,0,0,0,0,0,0,0,0,0,0,0
0,0,0,0,0,-0,0,3.12567,1.94148,-2.90023,-3.43954e-05,-0.000164811,-0.000145553,-0.0001598,-0.000642257,-0.000685801,0,0,0,0,0,0,0,0,0,0,0,0,0,0,0,0,0,0,0,0,0,0,0,0,0,0,0,0,0,0,0,0,0,0,0,0,0,0,0,0,1.75241,1.20133,1.31069,9.4587e-05,-9.17208e-05,-1.67946e-05,0.000442088,-0.00036849,8.80926e-05,0,0,0,0,0,0,0,0,0,0,0,0,0,0,0,0,0,0,0,0,0,0,0,0,0,0,0,0,0,0,0,0,0,0,0,0,0,0,0,0,0,0,0,0,0,0,0,0,0,0,0,0,1,0,0,0,0,0,1.3659,0.2836,4.2612,0,0,0,0,0,0,0,-0,0,1.56002,0,0,0,0,0,0,0,0,0,0,0,0,0,0,0,0,0,0,0,0,0,0,0,0,0,0,0,0,0
0,0,0,0,0,-0,0,3.12567,1.94149,-2.90023,1.4648e-05,0.00010986,-3.09934e-05,6.43449e-05,0.000467357,-8.44344e-05,0,0,0,0,0,0,0,0,0,0,0,0,0,0,0,0,0,0,0,0,0,0,0,0,0,0,0,0,0,0,0,0,0,0,0,0,0,0,0,0,1.7524,1.20133,1.31072,-7.20193e-05,-1.34273e-05,0.000225299,-0.000279797,-5.35661e-05,0.000986696,0,0,0,0,0,0,0,0,0,0,0,0,0,0,0,0,0,0,0,0,0,0,0,0,0,0,0,0,0,0,0,0,0,0,0,0,0,0,0,0,0,0,0,0,0,0,0,0,0,0,0,0,1,0,0,0,0,0,1.3659,0.2836,4.2612,0,0,0,0,0,0,0,-0,0,1.56003,0,0,0,0,0,0,0,0,0,0,0,0,0,0,0,0,0,0,0,0,0,0,0,0,0,0,0,0,0
0,0,0,0,0,-0,0,3.12567,1.94149,-2.90023,1.4648e-05,0.00010986,-3.09934e-05,6.43449e-05,0.000467357,-8.44344e-05,0,0,0,0,0,0,0,0,0,0,0,0,0,0,0,0,0,0,0,0,0,0,0,0,0,0,0,0,0,0,0,0,0,0,0,0,0,0,0,0,1.7524,1.20133,1.31072,-7.20193e-05,-1.34273e-05,0.000225299,-0.000279797,-5.35661e-05,0.000986696,0,0,0,0,0,0,0,0,0,0,0,0,0,0,0,0,0,0,0,0,0,0,0,0,0,0,0,0,0,0,0,0,0,0,0,0,0,0,0,0,0,0,0,0,0,0,0,0,0,0,0,0,1,0,0,0,0,0,1.3659,0.2836,4.2612,0,0,0,0,0,0,0,-0,0,1.56003,0,0,0,0,0,0,0,0,0,0,0,0,0,0,0,0,0,0,0,0,0,0,0,0,0,0,0,0,0
0,0,0,0,0,-0,0,3.12568,1.94149,-2.90022,4.88107e-06,-2.07445e-05,9.77167e-05,3.56883e-05,-6.77344e-05,0.000570466,0,0,0,0,0,0,0,0,0,0,0,0,0,0,0,0,0,0,0,0,0,0,0,0,0,0,0,0,0,0,0,0,0,0,0,0,0,0,0,0,1.7524,1.20134,1.3107,-1.34229e-05,7.44362e-05,-0.000110825,-4.61312e-05,0.000374084,-0.000627356,0,0,0,0,0,0,0,0,0,0,0,0,0,0,0,0,0,0,0,0,0,0,0,0,0,0,0,0,0,0,0,0,0,0,0,0,0,0,0,0,0,0,0,0,0,0,0,0,0,0,0,0,1,0,0,0,0,0,1.3659,0.2836,4.2612,0,0,0,0,0,0,0,-0,0,1.56003,0,0,0,0,0,0,0,0,0,0,0,0,0,0,0,0,0,0,0,0,0,0,0,0,0,0,0,0,0
0,0,0,0,0,-0,0,3.12568,1.94149,-2.90022,4.88107e-06,-2.07445e-05,9.77167e-05,3.56883e-05,-6.77344e-05,0.000570466,0,0,0,0,0,0,0,0,0,0,0,0,0,0,0,0,0,0,0,0,0,0,0,0,0,0,0,0,0,0,0,0,0,0,0,0,0,0,0,0,1.7524,1.20134,1.3107,-1.34229e-05,7.44362e-05,-0.000110825,-4.61312e-05,0.000374084,-0.000627356,0,0,0,0,0,0,0,0,0,0,0,0,0,0,0,0,0,0,0,0,0,0,0,0,0,0,0,0,0,0,0,0,0,0,0,0,0,0,0,0,0,0,0,0,0,0,0,0,0,0,0,0,1,0,0,0,0,0,1.3157,0.2333,4.2109,0,0,0,0,0,0,0,-0,0,1.56003,0,0,0,0,0,0,0,0,0,0,0,0,0,0,0,0,0,0,0,0,0,0,0,0,0,0,0,0,0
0,0,0,0,0,-0,0,3.12567,1.94146,-2.90024,-2.19826e-05,-0.000290659,-0.000162198,-8.97892e-05,-0.00119149,-0.000607467,0,0,0,0,0,0,0,0,0,0,0,0,0,0,0,0,0,0,0,0,0,0,0,0,0,0,0,0,0,0,0,0,0,0,0,0,0,0,0,0,1.7524,1.20132,1.31069,-1.22126e-05,-0.00016487,-0.000145502,8.77721e-06,-0.000673761,-0.0007335,0,0,0,0,0,0,0,0,0,0,0,0,0,0,0,0,0,0,0,0,0,0,0,0,0,0,0,0,0,0,0,0,0,0,0,0,0,0,0,0,0,0,0,0,0,0,0,0,0,0,0,0,1,0,0,0,0,0,1.3157,0.2333,4.2109,0,0,0,0,0,0,0,-0,0,1.56002,0,0,0,0,0,0,0,0,0,0,0,0,0,0,0,0,0,0,0,0,0,0,0,0,0,0,0,0,0
0,0,0,0,0,-0,0,3.12567,1.94146,-2.90024,-2.19826e-05,-0.000290659,-0.000162198,-8.97892e-05,-0.00119149,-0.000607467,0,0,0,0,0,0,0,0,0,0,0,0,0,0,0,0,0,0,0,0,0,0,0,0,0,0,0,0,0,0,0,0,0,0,0,0,0,0,0,0,1.7524,1.20132,1.31069,-1.22126e-05,-0.00016487,-0.000145502,8.77721e-06,-0.000673761,-0.0007335,0,0,0,0,0,0,0,0,0,0,0,0,0,0,0,0,0,0,0,0,0,0,0,0,0,0,0,0,0,0,0,0,0,0,0,0,0,0,0,0,0,0,0,0,0,0,0,0,0,0,0,0,1,0,0,0,0,0,1.3157,0.2333,4.2109,0,0,0,0,0,0,0,-0,0,1.56002,0,0,0,0,0,0,0,0,0,0,0,0,0,0,0,0,0,0,0,0,0,0,0,0,0,0,0,0,0
0,0,0,0,0,-0,0,3.12568,1.94147,-2.90023,4.64034e-05,0.000168518,7.63214e-05,0.000202316,0.000966769,0.000428662,0,0,0,0,0,0,0,0,0,0,0,0,0,0,0,0,0,0,0,0,0,0,0,0,0,0,0,0,0,0,0,0,0,0,0,0,0,0,0,0,1.75241,1.20133,1.31069,0.00011723,7.08262e-05,-3.21981e-05,0.000529874,0.000395166,-2.30372e-06,0,0,0,0,0,0,0,0,0,0,0,0,0,0,0,0,0,0,0,0,0,0,0,0,0,0,0,0,0,0,0,0,0,0,0,0,0,0,0,0,0,0,0,0,0,0,0,0,0,0,0,0,1,0,0,0,0,0,1.3157,0.2333,4.2109,0,0,0,0,0,0,0,-0,0,1.56002,0,0,0,0,0,0,0,0,0,0,0,0,0,0,0,0,0,0,0,0,0,0,0,0,0,0,0,0,0
0,0,0,0,0,-0,0,3.12568,1.94147,-2.90023,4.64034e-05,0.000168518,7.63214e-05,0.000202316,0.000966769,0.000428662,0,0,0,0,0,0,0,0,0,0,0,0,0,0,0,0,0,0,0,0,0,0,0,0,0,0,0,0,0,0,0,0,0,0,0,0,0,0,0,0,1.75241,1.20133,1.31069,0.00011723,7.08262e-05,-3.21981e-05,0.000529874,0.000395166,-2.30372e-06,0,0,0,0,0,0,0,0,0,0,0,0,0,0,0,0,0,0,0,0,0,0,0,0,0,0,0,0,0,0,0,0,0,0,0,0,0,0,0,0,0,0,0,0,0,0,0,0,0,0,0,0,1,0,0,0,0,0,1.3786,0.2962,4.2738,0,0,0,0,0,0,0,-0,0,1.56002,0,0,0,0,0,0,0,0,0,0,0,0,0,0,0,0,0,0,0,0,0,0,0,0,0,0,0,0,0
0,0,0,0,0,-0,0,3.12567,1.9415,-2.90022,-4.88021e-05,0.000281832,6.43387e-05,-0.000219365,0.00132577,0.000349903,0,0,0,0,0,0,0,0,0,0,0,0,0,0,0,0,0,0,0,0,0,0,0,0,0,0,0,0,0,0,0,0,0,0,0,0,0,0,0,0,1.7524,1.20134,1.31069,-9.27239e-05,0.000136646,2.74035e-05,-0.000450147,0.000645134,0.000335783,0,0,0,0,0,0,0,0,0,0,0,0,0,0,0,0,0,0,0,0,0,0,0,0,0,0,0,0,0,0,0,0,0,0,0,0,0,0,0,0,0,0,0,0,0,0,0,0,0,0,0,0,1,0,0,0,0,0,1.3786,0.2962,4.2738,0,0,0,0,0,0,0,-0,0,1.56003,0,0,0,0,0,0,0,0,0,0,0,0,0,0,0,0,0,0,0,0,0,0,0,0,0,0,0,0,0
0,0,0,0,0,-0,0,3.12567,1.9415,-2.90022,-4.88021e-05,0.000281832,6.43387e-05,-0.000219365,0.00132577,0.000349903,0,0,0,0,0,0,0,0,0,0,0,0,0,0,0,0,0,0,0,0,0,0,0,0,0,0,0,0,0,0,0,0,0,0,0,0,0,0,0,0,1.7524,1.20134,1.31069,-9.27239e-05,0.000136646,2.74035e-05,-0.000450147,0.000645134,0.000335783,0,0,0,0,0,0,0,0,0,0,0,0,0,0,0,0,0,0,0,0,0,0,0,0,0,0,0,0,0,0,0,0,0,0,0,0,0,0,0,0,0,0,0,0,0,0,0,0,0,0,0,0,1,0,0,0,0,0,1.3786,0.2962,4.2738,0,0,0,0,0,0,0,-0,0,1.56003,0,0,0,0,0,0,0,0,0,0,0,0,0,0,0,0,0,0,0,0,0,0,0,0,0,0,0,0,0
0,0,0,0,0,-0,0,3.12568,1.94149,-2.90025,5.13195e-05,-0.000130743,-0.000250584,0.00021131,-0.000804348,-0.00105888,0,0,0,0,0,0,0,0,0,0,0,0,0,0,0,0,0,0,0,0,0,0,0,0,0,0,0,0,0,0,0,0,0,0,0,0,0,0,0,0,1.75238,1.20131,1.31053,-0.000210166,-0.000356793,-0.00162164,-0.000871949,-0.00155049,-0.00634076,0,0,0,0,0,0,0,0,0,0,0,0,0,0,0,0,0,0,0,0,0,0,0,0,0,0,0,0,0,0,0,0,0,0,0,0,0,0,0,0,0,0,0,0,0,0,0,0,0,0,0,0,1,0,0,0,0,0,1.3786,0.2962,4.2738,0,0,0,0,0,0,0,-0,0,1.56007,0,0,0,0,0,0,0,0,0,0,0,0,0,0,0,0,0,0,0,0,0,0,0,0,0,0,0,0,0
0,0,0,0,0,-0,0,3.12568,1.94149,-2.90025,5.13195e-05,-0.000130743,-0.000250584,0.00021131,-0.000804348,-0.00105888,0,0,0,0,0,0,0,0,0,0,0,0,0,0,0,0,0,0,0,0,0,0,0,0,0,0,0,0,0,0,0,0,0,0,0,0,0,0,0,0,1.75238,1.20131,1.31053,-0.000210166,-0.000356793,-0.00162164,-0.000871949,-0.00155049,-0.00634076,0,0,0,0,0,0,0,0,0,0,0,0,0,0,0,0,0,0,0,0,0,0,0,0,0,0,0,0,0,0,0,0,0,0,0,0,0,0,0,0,0,0,0,0,0,0,0,0,0,0,0,0,1,0,0,0,0,0,1.286,0.2037,4.1811,0,0,0,0,0,0,0,-0,0,1.56007,0,0,0,0,0,0,0,0,0,0,0,0,0,0,0,0,0,0,0,0,0,0,0,0,0,0,0,0,0
0,0,0,0,0,-0,0,3.12568,1.94148,-2.90022,-9.76307e-06,-6.10192e-05,0.000221671,-5.87599e-05,-0.000492957,0.00105983,0,0,0,0,0,0,0,0,0,0,0,0,0,0,0,0,0,0,0,0,0,0,0,0,0,0,0,0,0,0,0,0,0,0,0,0,0,0,0,0,1.7524,1.20133,1.31072,0.000184278,0.000162311,0.00190327,0.000994788,0.000845032,0.00936899,0,0,0,0,0,0,0,0,0,0,0,0,0,0,0,0,0,0,0,0,0,0,0,0,0,0,0,0,0,0,0,0,0,0,0,0,0,0,0,0,0,0,0,0,0,0,0,0,0,0,0,0,1,0,0,0,0,0,1.286,0.2037,4.1811,0,0,0,0,0,0,0,-0,0,1.56004,0,0,0,0,0,0,0,0,0,0,0,0,0,0,0,0,0,0,0,0,0,0,0,0,0,0,0,0,0
0,0,0,0,0,-0,0,3.12568,1.94148,-2.90022,-9.76307e-06,-6.10192e-05,0.000221671,-5.87599e-05,-0.000492957,0.00105983,0,0,0,0,0,0,0,0,0,0,0,0,0,0,0,0,0,0,0,0,0,0,0,0,0,0,0,0,0,0,0,0,0,0,0,0,0,0,0,0,1.7524,1.20133,1.31072,0.000184278,0.000162311,0.00190327,0.000994788,0.000845032,0.00936899,0,0,0,0,0,0,0,0,0,0,0,0,0,0,0,0,0,0,0,0,0,0,0,0,0,0,0,0,0,0,0,0,0,0,0,0,0,0,0,0,0,0,0,0,0,0,0,0,0,0,0,0,1,0,0,0,0,0,1.286,0.2037,4.1811,0,0,0,0,0,0,0,-0,0,1.56004,0,0,0,0,0,0,0,0,0,0,0,0,0,0,0,0,0,0,0,0,0,0,0,0,0,0,0,0,0
0,0,0,0,0,-0,0,3.12568,1.94149,-2.90026,2.19688e-05,2.68507e-05,-0.000307506,5.49305e-05,9.74119e-05,-0.00119139,0,0,0,0,0,0,0,0,0,0,0,0,0,0,0,0,0,0,0,0,0,0,0,0,0,0,0,0,0,0,0,0,0,0,0,0,0,0,0,0,1.7524,1.20134,1.31068,3.66147e-06,0.000118388,-0.000357566,0.000128282,0.000656262,-0.00128255,0,0,0,0,0,0,0,0,0,0,0,0,0,0,0,0,0,0,0,0,0,0,0,0,0,0,0,0,0,0,0,0,0,0,0,0,0,0,0,0,0,0,0,0,0,0,0,0,0,0,0,0,1,0,0,0,0,0,1.286,0.2037,4.1811,0,0,0,0,0,0,0,-0,0,1.56004,0,0,0,0,0,0,0,0,0,0,0,0,0,0,0,0,0,0,0,0,0,0,0,0,0,0,0,0,0
0,0,0,0,0,-0,0,3.12568,1.94149,-2.90026,2.19688e-05,2.68507e-05,-0.000307506,5.49305e-05,9.74119e-05,-0.00119139,0,0,0,0,0,0,0,0,0,0,0,0,0,0,0,0,0,0,0,0,0,0,0,0,0,0,0,0,0,0,0,0,0,0,0,0,0,0,0,0,1.7524,1.20134,1.31068,3.66147e-06,0.000118388,-0.000357566,0.000128282,0.000656262,-0.00128255,0,0,0,0,0,0,0,0,0,0,0,0,0,0,0,0,0,0,0,0,0,0,0,0,0,0,0,0,0,0,0,0,0,0,0,0,0,0,0,0,0,0,0,0,0,0,0,0,0,0,0,0,1,0,0,0,0,0,1.3156,0.2333,4.2109,0,0,0,0,0,0,0,-0,0,1.56004,0,0,0,0,0,0,0,0,0,0,0,0,0,0,0,0,0,0,0,0,0,0,0,0,0,0,0,0,0
0,0,0,0,0,-0,0,3.12568,1.94148,-2.90023,-9.77178e-06,-6.10736e-05,0.000274354,-7.847e-05,-0.00021295,0.00130505,0,0,0,0,0,0,0,0,0,0,0,0,0,0,0,0,0,0,0,0,0,0,0,0,0,0,0,0,0,0,0,0,0,0,0,0,0,0,0,0,1.7524,1.20133,1.31068,-7.32884e-06,-3.54227e-05,-5.60637e-05,-8.41108e-05,-0.000246102,-0.00100624,0,0,0,0,0,0,0,0,0,0,0,0,0,0,0,0,0,0,0,0,0,0,0,0,0,0,0,0,0,0,0,0,0,0,0,0,0,0,0,0,0,0,0,0,0,0,0,0,0,0,0,0,1,0,0,0,0,0,1.3156,0.2333,4.2109,0,0,0,0,0,0,0,-0,0,1.56003,0,0,0,0,0,0,0,0,0,0,0,0,0,0,0,0,0,0,0,0,0,0,0,0,0,0,0,0,0
0,0,0,0,0,-0,0,3.12568,1.94148,-2.90023,-9.77178e-06,-6.10736e-05,0.000274354,-7.847e-05,-0.00021295,0.00130505,0,0,0,0,0,0,0,0,0,0,0,0,0,0,0,0,0,0,0,0,0,0,0,0,0,0,0,0,0,0,0,0,0,0,0,0,0,0,0,0,1.7524,1.20133,1.31068,-7.32884e-06,-3.54227e-05,-5.60637e-05,-8.41108e-05,-0.000246102,-0.00100624,0,0,0,0,0,0,0,0,0,0,0,0,0,0,0,0,0,0,0,0,0,0,0,0,0,0,0,0,0,0,0,0,0,0,0,0,0,0,0,0,0,0,0,0,0,0,0,0,0,0,0,0,1,0,0,0,0,0,1.3156,0.2333,4.2109,0,0,0,0,0,0,0,-0,0,1.56003,0,0,0,0,0,0,0,0,0,0,0,0,0,0,0,0,0,0,0,0,0,0,0,0,0,0,0,0,0
0,0,0,0,0,-0,0,3.12568,1.94149,-2.90024,-2.43993e-05,0.000146396,-0.000126286,-0.000123642,0.000659068,-0.000478949,0,0,0,0,0,0,0,0,0,0,0,0,0,0,0,0,0,0,0,0,0,0,0,0,0,0,0,0,0,0,0,0,0,0,0,0,0,0,0,0,1.75239,1.20133,1.31068,-0.000143956,-9.75971e-06,6.31427e-05,-0.00062524,-0.000167398,-9.05099e-05,0,0,0,0,0,0,0,0,0,0,0,0,0,0,0,0,0,0,0,0,0,0,0,0,0,0,0,0,0,0,0,0,0,0,0,0,0,0,0,0,0,0,0,0,0,0,0,0,0,0,0,0,1,0,0,0,0,0,1.3156,0.2333,4.2109,0,0,0,0,0,0,0,-0,0,1.56005,0,0,0,0,0,0,0,0,0,0,0,0,0,0,0,0,0,0,0,0,0,0,0,0,0,0,0,0,0
0,0,0,0,0,-0,0,3.12568,1.94149,-2.90024,-2.43993e-05,0.000146396,-0.000126286,-0.000123642,0.000659068,-0.000478949,0,0,0,0,0,0,0,0,0,0,0,0,0,0,0,0,0,0,0,0,0,0,0,0,0,0,0,0,0,0,0,0,0,0,0,0,0,0,0,0,1.75239,1.20133,1.31068,-0.000143956,-9.75971e-06,6.31427e-05,-0.00062524,-0.000167398,-9.05099e-05,0,0,0,0,0,0,0,0,0,0,0,0,0,0,0,0,0,0,0,0,0,0,0,0,0,0,0,0,0,0,0,0,0,0,0,0,0,0,0,0,0,0,0,0,0,0,0,0,0,0,0,0,1,0,0,0,0,0,1.2265,0.1441,4.1217,0,0,0,0,0,0,0,-0,0,1.56005,0,0,0,0,0,0,0,0,0,0,0,0,0,0,0,0,0,0,0,0,0,0,0,0,0,0,0,0,0
0,0,0,0,0,-0,0,3.12567,1.94149,-2.90024,-1.95417e-05,-6.22892e-05,1.43128e-05,-6.08835e-05,-0.000320349,3.28879e-05,0,0,0,0,0,0,0,0,0,0,0,0,0,0,0,0,0,0,0,0,0,0,0,0,0,0,0,0,0,0,0,0,0,0,0,0,0,0,0,0,1.7524,1.20134,1.31068,0.000142899,4.15263e-05,4.77094e-06,0.000697795,0.000115073,-0.000163742,0,0,0,0,0,0,0,0,0,0,0,0,0,0,0,0,0,0,0,0,0,0,0,0,0,0,0,0,0,0,0,0,0,0,0,0,0,0,0,0,0,0,0,0,0,0,0,0,0,0,0,0,1,0,0,0,0,0,1.2265,0.1441,4.1217,0,0,0,0,0,0,0,-0,0,1.56003,0,0,0,0,0,0,0,0,0,0,0,0,0,0,0,0,0,0,0,0,0,0,0,0,0,0,0,0,0
0,0,0,0,0,-0,0,3.12567,1.94149,-2.90024,-1.95417e-05,-6.22892e-05,1.43128e-05,-6.08835e-05,-0.000320349,3.28879e-05,0,0,0,0,0,0,0,0,0,0,0,0,0,0,0,0,0,0,0,0,0,0,0,0,0,0,0,0,0,0,0,0,0,0,0,0,0,0,0,0,1.7524,1.20134,1.31068,0.000142899,4.15263e-05,4.77094e-06,0.000697795,0.000115073,-0.000163742,0,0,0,0,0,0,0,0,0,0,0,0,0,0,0,0,0,0,0,0,0,0,0,0,0,0,0,0,0,0,0,0,0,0,0,0,0,0,0,0,0,0,0,0,0,0,0,0,0,0,0,0,1,0,0,0,0,0,1.2265,0.1441,4.1217,0,0,0,0,0,0,0,-0,0,1.56003,0,0,0,0,0,0,0,0,0,0,0,0,0,0,0,0,0,0,0,0,0,0,0,0,0,0,0,0,0
0,0,0,0,0,-0,0,3.12568,1.94149,-2.90024,2.19676e-05,-8.54297e-06,-7.15092e-06,0.000137752,-0.000110169,3.23041e-06,0,0,0,0,0,0,0,0,0,0,0,0,0,0,0,0,0,0,0,0,0,0,0,0,0,0,0,0,0,0,0,0,0,0,0,0,0,0,0,0,1.7524,1.20133,1.3107,1.83063e-05,-0.000100075,0.000121566,0.000100357,-0.000458433,0.000358505,0,0,0,0,0,0,0,0,0,0,0,0,0,0,0,0,0,0,0,0,0,0,0,0,0,0,0,0,0,0,0,0,0,0,0,0,0,0,0,0,0,0,0,0,0,0,0,0,0,0,0,0,1,0,0,0,0,0,1.2265,0.1441,4.1217,0,0,0,0,0,0,0,-0,0,1.56004,0,0,0,0,0,0,0,0,0,0,0,0,0,0,0,0,0,0,0,0,0,0,0,0,0,0,0,0,0
0,0,0,0,0,-0,0,3.12568,1.94149,-2.90024,2.19676e-05,-8.54297e-06,-7.15092e-06,0.000137752,-0.000110169,3.23041e-06,0,0,0,0,0,0,0,0,0,0,0,0,0,0,0,0,0,0,0,0,0,0,0,0,0,0,0,0,0,0,0,0,0,0,0,0,0,0,0,0,1.7524,1.20133,1.3107,1.83063e-05,-0.000100075,0.000121566,0.000100357,-0.000458433,0.000358505,0,0,0,0,0,0,0,0,0,0,0,0,0,0,0,0,0,0,0,0,0,0,0,0,0,0,0,0,0,0,0,0,0,0,0,0,0,0,0,0,0,0,0,0,0,0,0,0,0,0,0,0,1,0,0,0,0,0,1.3294,0.2471,4.2247,0,0,0,0,0,0,0,-0,0,1.56004,0,0,0,0,0,0,0,0,0,0,0,0,0,0,0,0,0,0,0,0,0,0,0,0,0,0,0,0,0
0,0,0,0,0,-0,0,3.12567,1.94148,-2.90022,-1.46516e-05,-4.39547e-05,0.000224161,-3.67286e-05,-0.000179169,0.000922173,0,0,0,0,0,0,0,0,0,0,0,0,0,0,0,0,0,0,0,0,0,0,0,0,0,0,0,0,0,0,0,0,0,0,0,0,0,0,0,0,1.7524,1.20133,1.31069,-4.63967e-05,5.12806e-05,-7.1541e-05,-0.000279211,0.000251955,-0.000485763,0,0,0,0,0,0,0,0,0,0,0,0,0,0,0,0,0,0,0,0,0,0,0,0,0,0,0,0,0,0,0,0,0,0,0,0,0,0,0,0,0,0,0,0,0,0,0,0,0,0,0,0,1,0,0,0,0,0,1.3294,0.2471,4.2247,0,0,0,0,0,0,0,-0,0,1.56004,0,0,0,0,0,0,0,0,0,0,0,0,0,0,0,0,0,0,0,0,0,0,0,0,0,0,0,0,0
0,0,0,0,0,-0,0,3.12567,1.94148,-2.90022,-1.46516e-05,-4.39547e-05,0.000224161,-3.67286e-05,-0.000179169,0.000922173,0,0,0,0,0,0,0,0,0,0,0,0,0,0,0,0,0,0,0,0,0,0,0,0,0,0,0,0,0,0,0,0,0,0,0,0,0,0,0,0,1.7524,1.20133,1.31069,-4.63967e-05,5.12806e-05,-7.1541e-05,-0.000279211,0.000251955,-0.000485763,0,0,0,0,0,0,0,0,0,0,0,0,0,0,0,0,0,0,0,0,0,0,0,0,0,0,0,0,0,0,0,0,0,0,0,0,0,0,0,0,0,0,0,0,0,0,0,0,0,0,0,0,1,0,0,0,0,0,1.3294,0.2471,4.2247,0,0,0,0,0,0,0,-0,0,1.56004,0,0,0,0,0,0,0,0,0,0,0,0,0,0,0,0,0,0,0,0,0,0,0,0,0,0,0,0,0
0,0,0,0,0,-0,0,3.12567,1.94148,-2.90022,-1.46516e-05,-4.39547e-05,0.000224161,-3.67286e-05,-0.000179169,0.000922173,0,0,0,0,0,0,0,0,0,0,0,0,0,0,0,0,0,0,0,0,0,0,0,0,0,0,0,0,0,0,0,0,0,0,0,0,0,0,0,0,1.7524,1.20133,1.31069,-4.63967e-05,5.12806e-05,-7.1541e-05,-0.000279211,0.000251955,-0.000485763,0,0,0,0,0,0,0,0,0,0,0,0,0,0,0,0,0,0,0,0,0,0,0,0,0,0,0,0,0,0,0,0,0,0,0,0,0,0,0,0,0,0,0,0,0,0,0,0,0,0,0,0,1,0,0,0,0,0,1.3294,0.2471,4.2247,0,0,0,0,0,0,0,-0,0,1.56004,0,0,0,0,0,0,0,0,0,0,0,0,0,0,0,0,0,0,0,0,0,0,0,0,0,0,0,0,0
0,0,0,0,0,-0,0,3.12567,1.94145,-2.90024,2.44214e-06,-0.000297942,-0.000250415,2.26292e-05,-0.00113176,-0.00121801,0,0,0,0,0,0,0,0,0,0,0,0,0,0,0,0,0,0,0,0,0,0,0,0,0,0,0,0,0,0,0,0,0,0,0,0,0,0,0,0,1.7524,1.20132,1.3107,2.19793e-05,-0.000166066,9.89735e-05,5.416e-05,-0.000620983,0.000275342,0,0,0,0,0,0,0,0,0,0,0,0,0,0,0,0,0,0,0,0,0,0,0,0,0,0,0,0,0,0,0,0,0,0,0,0,0,0,0,0,0,0,0,0,0,0,0,0,0,0,0,0,1,0,0,0,0,0,1.3214,0.239,4.2166,0,0,0,0,0,0,0,-0,0,1.56003,0,0,0,0,0,0,0,0,0,0,0,0,0,0,0,0,0,0,0,0,0,0,0,0,0,0,0,0,0
0,0,0,0,0,-0,0,3.12568,1.94146,-2.90023,9.76755e-06,2.1977e-05,0.000157387,5.08966e-05,0.000469561,0.000608136,0,0,0,0,0,0,0,0,0,0,0,0,0,0,0,0,0,0,0,0,0,0,0,0,0,0,0,0,0,0,0,0,0,0,0,0,0,0,0,0,1.7524,1.20132,1.31069,1.9535e-05,4.1512e-05,-0.000122809,6.79016e-05,0.000338248,-0.000617735,0,0,0,0,0,0,0,0,0,0,0,0,0,0,0,0,0,0,0,0,0,0,0,0,0,0,0,0,0,0,0,0,0,0,0,0,0,0,0,0,0,0,0,0,0,0,0,0,0,0,0,0,1,0,0,0,0,0,1.3214,0.239,4.2166,0,0,0,0,0,0,0,-0,0,1.56003,0,0,0,0,0,0,0,0,0,0,0,0,0,0,0,0,0,0,0,0,0,0,0,0,0,0,0,0,0
0,0,0,0,0,-0,0,3.12568,1.94146,-2.90023,9.76755e-06,2.1977e-05,0.000157387,5.08966e-05,0.000469561,0.000608136,0,0,0,0,0,0,0,0,0,0,0,0,0,0,0,0,0,0,0,0,0,0,0,0,0,0,0,0,0,0,0,0,0,0,0,0,0,0,0,0,1.7524,1.20132,1.31069,1.9535e-05,4.1512e-05,-0.000122809,6.79016e-05,0.000338248,-0.000617735,0,0,0,0,0,0,0,0,0,0,0,0,0,0,0,0,0,0,0,0,0,0,0,0,0,0,0,0,0,0,0,0,0,0,0,0,0,0,0,0,0,0,0,0,0,0,0,0,0,0,0,0,1,0,0,0,0,0,1.3214,0.239,4.2166,0,0,0,0,0,0,0,-0,0,1.56003,0,0,0,0,0,0,0,0,0,0,0,0,0,0,0,0,0,0,0,0,0,0,0,0,0,0,0,0,0
0,0,0,0,0,-0,0,3.12567,1.94147,-2.90024,-3.1729e-05,0.000119594,-0.000152543,-0.000131426,0.000888843,-0.000625986,0,0,0,0,0,0,0,0,0,0,0,0,0,0,0,0,0,0,0,0,0,0,0,0,0,0,0,0,0,0,0,0,0,0,0,0,0,0,0,0,1.7524,1.20133,1.31068,-2.68477e-05,8.42042e-05,-0.000106066,-0.000142702,0.000503591,-0.000424986,0,0,0,0,0,0,0,0,0,0,0,0,0,0,0,0,0,0,0,0,0,0,0,0,0,0,0,0,0,0,0,0,0,0,0,0,0,0,0,0,0,0,0,0,0,0,0,0,0,0,0,0,1,0,0,0,0,0,1.3214,0.239,4.2166,0,0,0,0,0,0,0,-0,0,1.56003,0,0,0,0,0,0,0,0,0,0,0,0,0,0,0,0,0,0,0,0,0,0,0,0,0,0,0,0,0
0,0,0,0,0,-0,0,3.12567,1.94147,-2.90024,-3.1729e-05,0.000119594,-0.000152543,-0.000131426,0.000888843,-0.000625986,0,0,0,0,0,0,0,0,0,0,0,0,0,0,0,0,0,0,0,0,0,0,0,0,0,0,0,0,0,0,0,0,0,0,0,0,0,0,0,0,1.7524,1.20133,1.31068,-2.68477e-05,8.42042e-05,-0.000106066,-0.000142702,0.000503591,-0.000424986,0,0,0,0,0,0,0,0,0,0,0,0,0,0,0,0,0,0,0,0,0,0,0,0,0,0,0,0,0,0,0,0,0,0,0,0,0,0,0,0,0,0,0,0,0,0,0,0,0,0,0,0,1,0,0,0,0,0,1.3157,0.2333,4.2109,0,0,0,0,0,0,0,-0,0,1.56003,0,0,0,0,0,0,0,0,0,0,0,0,0,0,0,0,0,0,0,0,0,0,0,0,0,0,0,0,0
0,0,0,0,0,-0,0,3.12567,1.94154,-2.90018,-1.22059e-05,0.00073846,0.000584074,-2.55462e-05,0.00306317,0.00240064,0,0,0,0,0,0,0,0,0,0,0,0,0,0,0,0,0,0,0,0,0,0,0,0,0,0,0,0,0,0,0,0,0,0,0,0,0,0,0,0,1.7524,1.20137,1.31071,1.70883e-05,0.000407679,0.00032422,6.14005e-05,0.0016172,0.00149038,0,0,0,0,0,0,0,0,0,0,0,0,0,0,0,0,0,0,0,0,0,0,0,0,0,0,0,0,0,0,0,0,0,0,0,0,0,0,0,0,0,0,0,0,0,0,0,0,0,0,0,0,1,0,0,0,0,0,1.3157,0.2333,4.2109,0,0,0,0,0,0,0,-0,0,1.56004,0,0,0,0,0,0,0,0,0,0,0,0,0,0,0,0,0,0,0,0,0,0,0,0,0,0,0,0,0
0,0,0,0,0,-0,0,3.12567,1.94154,-2.90018,-1.22059e-05,0.00073846,0.000584074,-2.55462e-05,0.00306317,0.00240064,0,0,0,0,0,0,0,0,0,0,0,0,0,0,0,0,0,0,0,0,0,0,0,0,0,0,0,0,0,0,0,0,0,0,0,0,0,0,0,0,1.7524,1.20137,1.31071,1.70883e-05,0.000407679,0.00032422,6.14005e-05,0.0016172,0.00149038,0,0,0,0,0,0,0,0,0,0,0,0,0,0,0,0,0,0,0,0,0,0,0,0,0,0,0,0,0,0,0,0,0,0,0,0,0,0,0,0,0,0,0,0,0,0,0,0,0,0,0,0,1,0,0,0,0,0,1.3157,0.2333,4.2109,0,0,0,0,0,0,0,-0,0,1.56004,0,0,0,0,0,0,0,0,0,0,0,0,0,0,0,0,0,0,0,0,0,0,0,0,0,0,0,0,0
0,0,0,0,0,-0,0,3.12568,1.94164,-2.90017,3.94808e-05,0.000882835,0.000104957,0.00020694,0.0027465,-7.05002e-05,0,0,0,0,0,0,0,0,0,0,0,0,0,0,0,0,0,0,0,0,0,0,0,0,0,0,0,0,0,0,0,0,0,0,0,0,0,0,0,0,1.75242,1.20143,1.31072,0.000123926,0.000559311,9.74596e-05,0.000497658,0.00175333,0.000242142,0,0,0,0,0,0,0,0,0,0,0,0,0,0,0,0,0,0,0,0,0,0,0,0,0,0,0,0,0,0,0,0,0,0,0,0,0,0,0,0,0,0,0,0,0,0,0,0,0,0,0,0,1,0,0,0,0,0,1.3157,0.2333,4.2109,0,0,0,0,0,0,0,-0,0,1.56005,0,0,0,0,0,0,0,0,0,0,0,0,0,0,0,0,0,0,0,0,0,0,0,0,0,0,0,0,0
0,0,0,0,0,-0,0,3.12568,1.94164,-2.90017,3.94808e-05,0.000882835,0.000104957,0.00020694,0.0027465,-7.05002e-05,0,0,0,0,0,0,0,0,0,0,0,0,0,0,0,0,0,0,0,0,0,0,0,0,0,0,0,0,0,0,0,0,0,0,0,0,0,0,0,0,1.75242,1.20143,1.31072,0.000123926,0.000559311,9.74596e-05,0.000497658,0.00175333,0.000242142,0,0,0,0,0,0,0,0,0,0,0,0,0,0,0,0,0,0,0,0,0,0,0,0,0,0,0,0,0,0,0,0,0,0,0,0,0,0,0,0,0,0,0,0,0,0,0,0,0,0,0,0,1,0,0,0,0,0,1.3156,0.2332,4.2108,0,0,0,0,0,0,0,-0,0,1.56005,0,0,0,0,0,0,0,0,0,0,0,0,0,0,0,0,0,0,0,0,0,0,0,0,0,0,0,0,0
0,0,0,0,0,-0,0,3.12568,1.94169,-2.90015,-8.25496e-06,0.000522814,0.000260655,-4.84929e-05,-0.000203996,0.000184101,0,0,0,0,0,0,0,0,0,0,0,0,0,0,0,0,0,0,0,0,0,0,0,0,0,0,0,0,0,0,0,0,0,0,0,0,0,0,0,0,1.7524,1.20145,1.31073,-0.000119697,0.000264159,0.000118235,-0.000649374,-0.000337773,1.46007e-05,0,0,0,0,0,0,0,0,0,0,0,0,0,0,0,0,0,0,0,0,0,0,0,0,0,0,0,0,0,0,0,0,0,0,0,0,0,0,0,0,0,0,0,0,0,0,0,0,0,0,0,0,1,0,0,0,0,0,1.3156,0.2332,4.2108,0,0,0,0,0,0,0,-0,0,1.56007,0,0,0,0,0,0,0,0,0,0,0,0,0,0,0,0,0,0,0,0,0,0,0,0,0,0,0,0,0
0,0,0,0,0,-0,0,3.12568,1.94169,-2.90015,-8.25496e-06,0.000522814,0.000260655,-4.84929e-05,-0.000203996,0.000184101,0,0,0,0,0,0,0,0,0,0,0,0,0,0,0,0,0,0,0,0,0,0,0,0,0,0,0,0,0,0,0,0,0,0,0,0,0,0,0,0,1.7524,1.20145,1.31073,-0.000119697,0.000264159,0.000118235,-0.000649374,-0.000337773,1.46007e-05,0,0,0,0,0,0,0,0,0,0,0,0,0,0,0,0,0,0,0,0,0,0,0,0,0,0,0,0,0,0,0,0,0,0,0,0,0,0,0,0,0,0,0,0,0,0,0,0,0,0,0,0,1,0,0,0,0,0,1.3156,0.2332,4.2108,0,0,0,0,0,0,0,-0,0,1.56007,0,0,0,0,0,0,0,0,0,0,0,0,0,0,0,0,0,0,0,0,0,0,0,0,0,0,0,0,0
0,0,0,0,0,-0,0,3.12568,1.94169,-2.90017,4.64028e-05,7.32676e-05,-0.000245656,0.000155215,-0.00202671,-0.001762,0,0,0,0,0,0,0,0,0,0,0,0,0,0,0,0,0,0,0,0,0,0,0,0,0,0,0,0,0,0,0,0,0,0,0,0,0,0,0,0,1.75241,1.20146,1.31071,2.9307e-05,3.17493e-05,-0.000175298,1.3854e-05,-0.00125727,-0.00113645,0,0,0,0,0,0,0,0,0,0,0,0,0,0,0,0,0,0,0,0,0,0,0,0,0,0,0,0,0,0,0,0,0,0,0,0,0,0,0,0,0,0,0,0,0,0,0,0,0,0,0,0,1,0,0,0,0,0,1.3156,0.2332,4.2108,0,0,0,0,0,0,0,-0,0,1.56007,0,0,0,0,0,0,0,0,0,0,0,0,0,0,0,0,0,0,0,0,0,0,0,0,0,0,0,0,0
0,0,0,0,0,-0,0,3.12568,1.94169,-2.90017,4.64028e-05,7.32676e-05,-0.000245656,0.000155215,-0.00202671,-0.001762,0,0,0,0,0,0,0,0,0,0,0,0,0,0,0,0,0,0,0,0,0,0,0,0,0,0,0,0,0,0,0,0,0,0,0,0,0,0,0,0,1.75241,1.20146,1.31071,2.9307e-05,3.17493e-05,-0.000175298,1.3854e-05,-0.00125727,-0.00113645,0,0,0,0,0,0,0,0,0,0,0,0,0,0,0,0,0,0,0,0,0,0,0,0,0,0,0,0,0,0,0,0,0,0,0,0,0,0,0,0,0,0,0,0,0,0,0,0,0,0,0,0,1,0,0,0,0,0,1.3707,0.2883,4.2659,0,0,0,0,0,0,0,-0,0,1.56007,0,0,0,0,0,0,0,0,0,0,0,0,0,0,0,0,0,0,0,0,0,0,0,0,0,0,0,0,0
0,0,0,0,0,-0,0,3.12568,1.9417,-2.90017,-2.30183e-05,2.53202e-05,2.92225e-05,-0.000157479,-0.00171335,-0.000245539,0,0,0,0,0,0,0,0,0,0,0,0,0,0,0,0,0,0,0,0,0,0,0,0,0,0,0,0,0,0,0,0,0,0,0,0,0,0,0,0,1.75243,1.20145,1.31072,0.000170335,-6.33003e-05,6.40645e-05,0.000679516,-0.00129137,0.000109703,0,0,0,0,0,0,0,0,0,0,0,0,0,0,0,0,0,0,0,0,0,0,0,0,0,0,0,0,0,0,0,0,0,0,0,0,0,0,0,0,0,0,0,0,0,0,0,0,0,0,0,0,1,0,0,0,0,0,1.3707,0.2883,4.2659,0,0,0,0,0,0,0,-0,0,1.56006,0,0,0,0,0,0,0,0,0,0,0,0,0,0,0,0,0,0,0,0,0,0,0,0,0,0,0,0,0
0,0,0,0,0,-0,0,3.12568,1.9417,-2.90017,-2.30183e-05,2.53202e-05,2.92225e-05,-0.000157479,-0.00171335,-0.000245539,0,0,0,0,0,0,0,0,0,0,0,0,0,0,0,0,0,0,0,0,0,0,0,0,0,0,0,0,0,0,0,0,0,0,0,0,0,0,0,0,1.75243,1.20145,1.31072,0.000170335,-6.33003e-05,6.40645e-05,0.000679516,-0.00129137,0.000109703,0,0,0,0,0,0,0,0,0,0,0,0,0,0,0,0,0,0,0,0,0,0,0,0,0,0,0,0,0,0,0,0,0,0,0,0,0,0,0,0,0,0,0,0,0,0,0,0,0,0,0,0,1,0,0,0,0,0,1.3707,0.2883,4.2659,0,0,0,0,0,0,0,-0,0,1.56006,0,0,0,0,0,0,0,0,0,0,0,0,0,0,0,0,0,0,0,0,0,0,0,0,0,0,0,0,0
0,0,0,0,0,-0,0,3.12568,1.94162,-2.90019,-1.55984e-05,-0.000753924,-0.000159945,-0.000101999,-0.00407736,-0.000699284,0,0,0,0,0,0,0,0,0,0,0,0,0,0,0,0,0,0,0,0,0,0,0,0,0,0,0,0,0,0,0,0,0,0,0,0,0,0,0,0,1.75241,1.20139,1.3107,-0.000149485,-0.00060314,-0.000225954,-0.000806413,-0.00290098,-0.00092809,0,0,0,0,0,0,0,0,0,0,0,0,0,0,0,0,0,0,0,0,0,0,0,0,0,0,0,0,0,0,0,0,0,0,0,0,0,0,0,0,0,0,0,0,0,0,0,0,0,0,0,0,1,0,0,0,0,0,1.3707,0.2883,4.2659,0,0,0,0,0,0,0,-0,0,1.56006,0,0,0,0,0,0,0,0,0,0,0,0,0,0,0,0,0,0,0,0,0,0,0,0,0,0,0,0,0
0.05,0,0,0,0,-0,0,3.12568,1.94162,-2.90019,-1.55984e-05,-0.000753924,-0.000159945,-0.000101999,-0.00407736,-0.000699284,0,0,0,0,0,0,0,0,0,0,0,0,0,0,0,0,0,0,0,0,0,0,0,0,0,0,0,0,0,0,0,0,0,0,0,0,0,0,0,0,1.75241,1.20139,1.3107,-0.000149485,-0.00060314,-0.000225954,-0.000806413,-0.00290098,-0.00092809,0,0,0,0,0,0,0,0,0,0,0,0,0,0,0,0,0,0,0,0,0,0,0,0,0,0,0,0,0,0,0,0,0,0,0,0,0,0,0,0,0,0,0,0,0,0,0,0,0,0,0,0,1,0,0,0,0,0,1.3757,0.2933,4.2709,0,0,0,0,0,0,0,-0,0,1.56006,0,0,0,0,0,0,0,0,0,0,0,0,0,0,0,0,0,0,0,0,0,0,0,0,0,0,0,0,0
0.1,0,0,0,0,-0,0,3.12569,1.9414,-2.9003,0.000102122,-0.00222966,-0.00111601,0.000412523,-0.00883543,-0.00433989,0,0,0,0,0,0,0,0,0,0,0,0,0,0,0,0,0,0,0,0,0,0,0,0,0,0,0,0,0,0,0,0,0,0,0,0,0,0,0,0,1.7524,1.20126,1.3107,-0.000147103,-0.00130934,1.42468e-05,-0.000699179,-0.00491958,0.000215758,0,0,0,0,0,0,0,0,0,0,0,0,0,0,0,0,0,0,0,0,0,0,0,0,0,0,0,0,0,0,0,0,0,0,0,0,0,0,0,0,0,0,0,0,0,0,0,0,0,0,0,0,1,0,0,0,0,0,1.3757,0.2933,4.2709,0,0,0,0,0,0,0,-0,0,1.56004,0,0,0,0,0,0,0,0,0,0,0,0,0,0,0,0,0,0,0,0,0,0,0,0,0,0,0,0,0
0.1,0,0,0,0,-0,0,3.12569,1.9414,-2.9003,0.000102122,-0.00222966,-0.00111601,0.000412523,-0.00883543,-0.00433989,0,0,0,0,0,0,0,0,0,0,0,0,0,0,0,0,0,0,0,0,0,0,0,0,0,0,0,0,0,0,0,0,0,0,0,0,0,0,0,0,1.7524,1.20126,1.3107,-0.000147103,-0.00130934,1.42468e-05,-0.000699179,-0.00491958,0.000215758,0,0,0,0,0,0,0,0,0,0,0,0,0,0,0,0,0,0,0,0,0,0,0,0,0,0,0,0,0,0,0,0,0,0,0,0,0,0,0,0,0,0,0,0,0,0,0,0,0,0,0,0,1,0,0,0,0,0,1.3757,0.2933,4.2709,0,0,0,0,0,0,0,-0,0,1.56004,0,0,0,0,0,0,0,0,0,0,0,0,0,0,0,0,0,0,0,0,0,0,0,0,0,0,0,0,0
0.15,0,0,0,0,-0,0,3.12568,1.94131,-2.90031,-8.33738e-05,-0.000902399,-0.000110156,-0.000423576,-0.000559071,0.000947408,0,0,0,0,0,0,0,0,0,0,0,0,0,0,0,0,0,0,0,0,0,0,0,0,0,0,0,0,0,0,0,0,0,0,0,0,0,0,0,0,1.75239,1.20121,1.31073,-0.000114026,-0.000578715,0.000282576,-0.000262829,-0.000244323,0.00137093,0,0,0,0,0,0,0,0,0,0,0,0,0,0,0,0,0,0,0,0,0,0,0,0,0,0,0,0,0,0,0,0,0,0,0,0,0,0,0,0,0,0,0,0,0,0,0,0,0,0,0,0,1,0,0,0,0,0,1.3757,0.2933,4.2709,0,0,0,0,0,0,0,-0,0,1.56003,0,0,0,0,0,0,0,0,0,0,0,0,0,0,0,0,0,0,0,0,0,0,0,0,0,0,0,0,0
0.2,0,0,0,0,-0,0,3.12568,1.94131,-2.90031,-8.33738e-05,-0.000902399,-0.000110156,-0.000423576,-0.000559071,0.000947408,0,0,0,0,0,0,0,0,0,0,0,0,0,0,0,0,0,0,0,0,0,0,0,0,0,0,0,0,0,0,0,0,0,0,0,0,0,0,0,0,1.75239,1.20121,1.31073,-0.000114026,-0.000578715,0.000282576,-0.000262829,-0.000244323,0.00137093,0,0,0,0,0,0,0,0,0,0,0,0,0,0,0,0,0,0,0,0,0,0,0,0,0,0,0,0,0,0,0,0,0,0,0,0,0,0,0,0,0,0,0,0,0,0,0,0,0,0,0,0,1,0,0,0,0,0,1.3156,0.2333,4.211,0,0,0,0,0,0,0,-0,0,1.56003,0,0,0,0,0,0,0,0,0,0,0,0,0,0,0,0,0,0,0,0,0,0,0,0,0,0,0,0,0
0.25,0,0,0,0,-0,0,3.12567,1.9415,-2.90024,-3.90688e-05,0.00191559,0.000705833,-0.000191386,0.0120233,0.00453963,0,0,0,0,0,0,0,0,0,0,0,0,0,0,0,0,0,0,0,0,0,0,0,0,0,0,0,0,0,0,0,0,0,0,0,0,0,0,0,0,1.75242,1.20135,1.3107,0.00036627,0.00139793,-0.00026111,0.00181808,0.00837107,-0.00118868,0,0,0,0,0,0,0,0,0,0,0,0,0,0,0,0,0,0,0,0,0,0,0,0,0,0,0,0,0,0,0,0,0,0,0,0,0,0,0,0,0,0,0,0,0,0,0,0,0,0,0,0,1,0,0,0,0,0,1.3156,0.2333,4.211,0,0,0,0,0,0,0,-0,0,1.56002,0,0,0,0,0,0,0,0,0,0,0,0,0,0,0,0,0,0,0,0,0,0,0,0,0,0,0,0,0
0.3,0,0,0,0,-0,0,3.12567,1.9415,-2.90024,-3.90688e-05,0.00191559,0.000705833,-0.000191386,0.0120233,0.00453963,0,0,0,0,0,0,0,0,0,0,0,0,0,0,0,0,0,0,0,0,0,0,0,0,0,0,0,0,0,0,0,0,0,0,0,0,0,0,0,0,1.75242,1.20135,1.3107,0.00036627,0.00139793,-0.00026111,0.00181808,0.00837107,-0.00118868,0,0,0,0,0,0,0,0,0,0,0,0,0,0,0,0,0,0,0,0,0,0,0,0,0,0,0,0,0,0,0,0,0,0,0,0,0,0,0,0,0,0,0,0,0,0,0,0,0,0,0,0,1,0,0,0,0,0,1.3156,0.2333,4.211,0,0,0,0,0,0,0,-0,0,1.56002,0,0,0,0,0,0,0,0,0,0,0,0,0,0,0,0,0,0,0,0,0,0,0,0,0,0,0,0,0
0.35,0,0,0,0,-0,0,3.12567,1.9415,-2.90024,-3.90688e-05,0.00191559,0.000705833,-0.000191386,0.0120233,0.00453963,0,0,0,0,0,0,0,0,0,0,0,0,0,0,0,0,0,0,0,0,0,0,0,0,0,0,0,0,0,0,0,0,0,0,0,0,0,0,0,0,1.75242,1.20135,1.3107,0.00036627,0.00139793,-0.00026111,0.00181808,0.00837107,-0.00118868,0,0,0,0,0,0,0,0,0,0,0,0,0,0,0,0,0,0,0,0,0,0,0,0,0,0,0,0,0,0,0,0,0,0,0,0,0,0,0,0,0,0,0,0,0,0,0,0,0,0,0,0,1,0,0,0,0,0,1.3156,0.2333,4.211,0,0,0,0,0,0,0,-0,0,1.56002,0,0,0,0,0,0,0,0,0,0,0,0,0,0,0,0,0,0,0,0,0,0,0,0,0,0,0,0,0
0.4,0,0,0,0,-0,0,3.12567,1.94161,-2.90019,-3.20971e-05,0.000914767,0.000447186,-5.70117e-05,0.0048188,0.00214676,0,0,0,0,0,0,0,0,0,0,0,0,0,0,0,0,0,0,0,0,0,0,0,0,0,0,0,0,0,0,0,0,0,0,0,0,0,0,0,0,1.75241,1.2014,1.31071,-0.000118759,0.000468617,8.88103e-05,-0.00058977,0.00240239,0.00035609,0,0,0,0,0,0,0,0,0,0,0,0,0,0,0,0,0,0,0,0,0,0,0,0,0,0,0,0,0,0,0,0,0,0,0,0,0,0,0,0,0,0,0,0,0,0,0,0,0,0,0,0,1,0,0,0,0,0,1.3157,0.2333,4.211,0,0,0,0,0,0,0,-0,0,1.56005,0,0,0,0,0,0,0,0,0,0,0,0,0,0,0,0,0,0,0,0,0,0,0,0,0,0,0,0,0
0.45,0,0,0,0,-0,0,3.12567,1.94171,-2.90016,3.12632e-05,0.00114821,0.000291427,0.000247831,0.00232266,0.000114372,0,0,0,0,0,0,0,0,0,0,0,0,0,0,0,0,0,0,0,0,0,0,0,0,0,0,0,0,0,0,0,0,0,0,0,0,0,0,0,0,1.7524,1.20145,1.3107,-8.52636e-05,0.000650845,-7.77142e-05,-0.000477592,0.00108878,-0.00027589,0,0,0,0,0,0,0,0,0,0,0,0,0,0,0,0,0,0,0,0,0,0,0,0,0,0,0,0,0,0,0,0,0,0,0,0,0,0,0,0,0,0,0,0,0,0,0,0,0,0,0,0,1,0,0,0,0,0,1.3157,0.2333,4.211,0,0,0,0,0,0,0,-0,0,1.56008,0,0,0,0,0,0,0,0,0,0,0,0,0,0,0,0,0,0,0,0,0,0,0,0,0,0,0,0,0
0.55,0,0,0,0,-0,0,3.12567,1.94171,-2.90016,3.12632e-05,0.00114821,0.000291427,0.000247831,0.00232266,0.000114372,0,0,0,0,0,0,0,0,0,0,0,0,0,0,0,0,0,0,0,0,0,0,0,0,0,0,0,0,0,0,0,0,0,0,0,0,0,0,0,0,1.7524,1.20145,1.3107,-8.52636e-05,0.000650845,-7.77142e-05,-0.000477592,0.00108878,-0.00027589,0,0,0,0,0,0,0,0,0,0,0,0,0,0,0,0,0,0,0,0,0,0,0,0,0,0,0,0,0,0,0,0,0,0,0,0,0,0,0,0,0,0,0,0,0,0,0,0,0,0,0,0,1,0,0,0,0,0,1.3157,0.2333,4.211,0,0,0,0,0,0,0,-0,0,1.56008,0,0,0,0,0,0,0,0,0,0,0,0,0,0,0,0,0,0,0,0,0,0,0,0,0,0,0,0,0
0.6,0,0,0,0,-0,0,3.12567,1.9417,-2.90015,-1.46519e-05,-5.98287e-05,7.63121e-05,1.87318e-05,-0.00305017,-0.000854672,0,0,0,0,0,0,0,0,0,0,0,0,0,0,0,0,0,0,0,0,0,0,0,0,0,0,0,0,0,0,0,0,0,0,0,0,0,0,0,0,1.75241,1.20145,1.31072,5.00607e-05,-3.05248e-05,0.000197935,0.000216551,-0.00184108,0.000818128,0,0,0,0,0,0,0,0,0,0,0,0,0,0,0,0,0,0,0,0,0,0,0,0,0,0,0,0,0,0,0,0,0,0,0,0,0,0,0,0,0,0,0,0,0,0,0,0,0,0,0,0,1,0,0,0,0,0,1.3157,0.2333,4.211,0,0,0,0,0,0,0,-0,0,1.56007,0,0,0,0,0,0,0,0,0,0,0,0,0,0,0,0,0,0,0,0,0,0,0,0,0,0,0,0,0
0.65,0,0,0,0,-0,0,3.12567,1.9417,-2.90015,-1.46519e-05,-5.98287e-05,7.63121e-05,1.87318e-05,-0.00305017,-0.000854672,0,0,0,0,0,0,0,0,0,0,0,0,0,0,0,0,0,0,0,0,0,0,0,0,0,0,0,0,0,0,0,0,0,0,0,0,0,0,0,0,1.75241,1.20145,1.31072,5.00607e-05,-3.05248e-05,0.000197935,0.000216551,-0.00184108,0.000818128,0,0,0,0,0,0,0,0,0,0,0,0,0,0,0,0,0,0,0,0,0,0,0,0,0,0,0,0,0,0,0,0,0,0,0,0,0,0,0,0,0,0,0,0,0,0,0,0,0,0,0,0,1,0,0,0,0,0,1.2637,0.1813,4.1589,0,0,0,0,0,0,0,-0,0,1.56007,0,0,0,0,0,0,0,0,0,0,0,0,0,0,0,0,0,0,0,0,0,0,0,0,0,0,0,0,0
0.7,0,0,0,0,-0,0,3.12568,1.9417,-2.90016,3.90491e-05,5.1252e-05,-0.000102485,0.000190853,-0.00233493,-0.00142243,0,0,0,0,0,0,0,0,0,0,0,0,0,0,0,0,0,0,0,0,0,0,0,0,0,0,0,0,0,0,0,0,0,0,0,0,0,0,0,0,1.75243,1.20145,1.31075,0.000186703,-7.3217e-06,0.000218078,0.000786241,-0.00153327,0.000730247,0,0,0,0,0,0,0,0,0,0,0,0,0,0,0,0,0,0,0,0,0,0,0,0,0,0,0,0,0,0,0,0,0,0,0,0,0,0,0,0,0,0,0,0,0,0,0,0,0,0,0,0,1,0,0,0,0,0,1.2637,0.1813,4.1589,0,0,0,0,0,0,0,-0,0,1.56006,0,0,0,0,0,0,0,0,0,0,0,0,0,0,0,0,0,0,0,0,0,0,0,0,0,0,0,0,0
0.75,0,0,0,0,-0,0,3.12568,1.9417,-2.90016,3.90491e-05,5.1252e-05,-0.000102485,0.000190853,-0.00233493,-0.00142243,0,0,0,0,0,0,0,0,0,0,0,0,0,0,0,0,0,0,0,0,0,0,0,0,0,0,0,0,0,0,0,0,0,0,0,0,0,0,0,0,1.75243,1.20145,1.31075,0.000186703,-7.3217e-06,0.000218078,0.000786241,-0.00153327,0.000730247,0,0,0,0,0,0,0,0,0,0,0,0,0,0,0,0,0,0,0,0,0,0,0,0,0,0,0,0,0,0,0,0,0,0,0,0,0,0,0,0,0,0,0,0,0,0,0,0,0,0,0,0,1,0,0,0,0,0,1.2637,0.1813,4.1589,0,0,0,0,0,0,0,-0,0,1.56006,0,0,0,0,0,0,0,0,0,0,0,0,0,0,0,0,0,0,0,0,0,0,0,0,0,0,0,0,0
0.8,0,0,0,0,-0,0,3.12567,1.94164,-2.9002,-1.46504e-05,-0.000618979,-0.000331446,-7.67264e-05,-0.00398325,-0.00184564,0,0,0,0,0,0,0,0,0,0,0,0,0,0,0,0,0,0,0,0,0,0,0,0,0,0,0,0,0,0,0,0,0,0,0,0,0,0,0,0,1.75241,1.2014,1.31072,-0.000148945,-0.000478579,-0.000270641,-0.000792205,-0.00276194,-0.00152651,0,0,0,0,0,0,0,0,0,0,0,0,0,0,0,0,0,0,0,0,0,0,0,0,0,0,0,0,0,0,0,0,0,0,0,0,0,0,0,0,0,0,0,0,0,0,0,0,0,0,0,0,1,0,0,0,0,0,1.2637,0.1813,4.1589,0,0,0,0,0,0,0,-0,0,1.56007,0,0,0,0,0,0,0,0,0,0,0,0,0,0,0,0,0,0,0,0,0,0,0,0,0,0,0,0,0
0.85,0,0,0,0,-0,0,3.12567,1.94164,-2.9002,-1.46504e-05,-0.000618979,-0.000331446,-7.67264e-05,-0.00398325,-0.00184564,0,0,0,0,0,0,0,0,0,0,0,0,0,0,0,0,0,0,0,0,0,0,0,0,0,0,0,0,0,0,0,0,0,0,0,0,0,0,0,0,1.75241,1.2014,1.31072,-0.000148945,-0.000478579,-0.000270641,-0.000792205,-0.00276194,-0.00152651,0,0,0,0,0,0,0,0,0,0,0,0,0,0,0,0,0,0,0,0,0,0,0,0,0,0,0,0,0,0,0,0,0,0,0,0,0,0,0,0,0,0,0,0,0,0,0,0,0,0,0,0,1,0,0,0,0,0,1.3135,0.2312,4.2088,0,0,0,0,0,0,0,-0,0,1.56007,0,0,0,0,0,0,0,0,0,0,0,0,0,0,0,0,0,0,0,0,0,0,0,0,0,0,0,0,0
0.9,0,0,0,0,-0,0,3.12567,1.94159,-2.90017,-2.44179e-05,-0.000490799,0.000238456,-0.000121302,-0.00210284,0.00111151,0,0,0,0,0,0,0,0,0,0,0,0,0,0,0,0,0,0,0,0,0,0,0,0,0,0,0,0,0,0,0,0,0,0,0,0,0,0,0,0,1.75241,1.20137,1.31071,-3.41851e-05,-0.000328421,-0.000132343,-0.000230732,-0.00122486,-0.000669409,0,0,0,0,0,0,0,0,0,0,0,0,0,0,0,0,0,0,0,0,0,0,0,0,0,0,0,0,0,0,0,0,0,0,0,0,0,0,0,0,0,0,0,0,0,0,0,0,0,0,0,0,1,0,0,0,0,0,1.3135,0.2312,4.2088,0,0,0,0,0,0,0,-0,0,1.56006,0,0,0,0,0,0,0,0,0,0,0,0,0,0,0,0,0,0,0,0,0,0,0,0,0,0,0,0,0
0.95,0,0,0,0,-0,0,3.12567,1.94159,-2.90017,-2.44179e-05,-0.000490799,0.000238456,-0.000121302,-0.00210284,0.00111151,0,0,0,0,0,0,0,0,0,0,0,0,0,0,0,0,0,0,0,0,0,0,0,0,0,0,0,0,0,0,0,0,0,0,0,0,0,0,0,0,1.75241,1.20137,1.31071,-3.41851e-05,-0.000328421,-0.000132343,-0.000230732,-0.00122486,-0.000669409,0,0,0,0,0,0,0,0,0,0,0,0,0,0,0,0,0,0,0,0,0,0,0,0,0,0,0,0,0,0,0,0,0,0,0,0,0,0,0,0,0,0,0,0,0,0,0,0,0,0,0,0,1,0,0,0,0,0,1.3135,0.2312,4.2088,0,0,0,0,0,0,0,-0,0,1.56006,0,0,0,0,0,0,0,0,0,0,0,0,0,0,0,0,0,0,0,0,0,0,0,0,0,0,0,0,0
1,0,0,0,0,-0,0,3.12567,1.94149,-2.90021,0,-0.00101328,-0.000400582,1.86895e-05,-0.00309611,-0.0014857,0,0,0,0,0,0,0,0,0,0,0,0,0,0,0,0,0,0,0,0,0,0,0,0,0,0,0,0,0,0,0,0,0,0,0,0,0,0,0,0,1.7524,1.20132,1.31074,-6.47035e-05,-0.000511524,0.000331434,-0.000184489,-0.00125909,0.00156716,0,0,0,0,0,0,0,0,0,0,0,0,0,0,0,0,0,0,0,0,0,0,0,0,0,0,0,0,0,0,0,0,0,0,0,0,0,0,0,0,0,0,0,0,0,0,0,0,0,0,0,0,1,0,0,0,0,0,1.3135,0.2312,4.2088,0,0,0,0,0,0,0,-0,0,1.56004,0,0,0,0,0,0,0,0,0,0,0,0,0,0,0,0,0,0,0,0,0,0,0,0,0,0,0,0,0
1.05,0,0,0,0,-0,0,3.12567,1.94149,-2.90021,0,-0.00101328,-0.000400582,1.86895e-05,-0.00309611,-0.0014857,0,0,0,0,0,0,0,0,0,0,0,0,0,0,0,0,0,0,0,0,0,0,0,0,0,0,0,0,0,0,0,0,0,0,0,0,0,0,0,0,1.7524,1.20132,1.31074,-6.47035e-05,-0.000511524,0.000331434,-0.000184489,-0.00125909,0.00156716,0,0,0,0,0,0,0,0,0,0,0,0,0,0,0,0,0,0,0,0,0,0,0,0,0,0,0,0,0,0,0,0,0,0,0,0,0,0,0,0,0,0,0,0,0,0,0,0,0,0,0,0,1,0,0,0,0,0,1.2641,0.1817,4.1593,0,0,0,0,0,0,0,-0,0,1.56004,0,0,0,0,0,0,0,0,0,0,0,0,0,0,0,0,0,0,0,0,0,0,0,0,0,0,0,0,0
1.1,0,0,0,0,-0,0,3.12567,1.94155,-2.90021,-7.32543e-06,0.000532315,5.24608e-05,9.04895e-07,0.00418225,0.000566541,0,0,0,0,0,0,0,0,0,0,0,0,0,0,0,0,0,0,0,0,0,0,0,0,0,0,0,0,0,0,0,0,0,0,0,0,0,0,0,0,1.75241,1.20136,1.3107,8.05798e-05,0.000424875,-0.00035411,0.000475989,0.00298091,-0.00149542,0,0,0,0,0,0,0,0,0,0,0,0,0,0,0,0,0,0,0,0,0,0,0,0,0,0,0,0,0,0,0,0,0,0,0,0,0,0,0,0,0,0,0,0,0,0,0,0,0,0,0,0,1,0,0,0,0,0,1.2641,0.1817,4.1593,0,0,0,0,0,0,0,-0,0,1.56004,0,0,0,0,0,0,0,0,0,0,0,0,0,0,0,0,0,0,0,0,0,0,0,0,0,0,0,0,0
1.15,0,0,0,0,-0,0,3.12567,1.94155,-2.90021,-7.32543e-06,0.000532315,5.24608e-05,9.04895e-07,0.00418225,0.000566541,0,0,0,0,0,0,0,0,0,0,0,0,0,0,0,0,0,0,0,0,0,0,0,0,0,0,0,0,0,0,0,0,0,0,0,0,0,0,0,0,1.75241,1.20136,1.3107,8.05798e-05,0.000424875,-0.00035411,0.000475989,0.00298091,-0.00149542,0,0,0,0,0,0,0,0,0,0,0,0,0,0,0,0,0,0,0,0,0,0,0,0,0,0,0,0,0,0,0,0,0,0,0,0,0,0,0,0,0,0,0,0,0,0,0,0,0,0,0,0,1,0,0,0,0,0,1.2641,0.1817,4.1593,0,0,0,0,0,0,0,-0,0,1.56004,0,0,0,0,0,0,0,0,0,0,0,0,0,0,0,0,0,0,0,0,0,0,0,0,0,0,0,0,0
1.2,0,0,0,0,-0,0,3.12567,1.94155,-2.90021,-7.32543e-06,0.000532315,5.24608e-05,9.04895e-07,0.00418225,0.000566541,0,0,0,0,0,0,0,0,0,0,0,0,0,0,0,0,0,0,0,0,0,0,0,0,0,0,0,0,0,0,0,0,0,0,0,0,0,0,0,0,1.75241,1.20136,1.3107,8.05798e-05,0.000424875,-0.00035411,0.000475989,0.00298091,-0.00149542,0,0,0,0,0,0,0,0,0,0,0,0,0,0,0,0,0,0,0,0,0,0,0,0,0,0,0,0,0,0,0,0,0,0,0,0,0,0,0,0,0,0,0,0,0,0,0,0,0,0,0,0,1,0,0,0,0,0,1.2641,0.1817,4.1593,0,0,0,0,0,0,0,-0,0,1.56004,0,0,0,0,0,0,0,0,0,0,0,0,0,0,0,0,0,0,0,0,0,0,0,0,0,0,0,0,0
1.25,0,0,0,0,-0,0,3.12567,1.94155,-2.90021,-7.32543e-06,0.000532315,5.24608e-05,9.04895e-07,0.00418225,0.000566541,0,0,0,0,0,0,0,0,0,0,0,0,0,0,0,0,0,0,0,0,0,0,0,0,0,0,0,0,0,0,0,0,0,0,0,0,0,0,0,0,1.75241,1.20136,1.3107,8.05798e-05,0.000424875,-0.00035411,0.000475989,0.00298091,-0.00149542,0,0,0,0,0,0,0,0,0,0,0,0,0,0,0,0,0,0,0,0,0,0,0,0,0,0,0,0,0,0,0,0,0,0,0,0,0,0,0,0,0,0,0,0,0,0,0,0,0,0,0,0,1,0,0,0,0,0,1.3157,0.2333,4.2109,0,0,0,0,0,0,0,-0,0,1.56004,0,0,0,0,0,0,0,0,0,0,0,0,0,0,0,0,0,0,0,0,0,0,0,0,0,0,0,0,0
1.25,0,0,0,0,-0,0,3.12567,1.94155,-2.90021,-7.32543e-06,0.000532315,5.24608e-05,9.04895e-07,0.00418225,0.000566541,0,0,0,0,0,0,0,0,0,0,0,0,0,0,0,0,0,0,0,0,0,0,0,0,0,0,0,0,0,0,0,0,0,0,0,0,0,0,0,0,1.75241,1.20136,1.3107,8.05798e-05,0.000424875,-0.00035411,0.000475989,0.00298091,-0.00149542,0,0,0,0,0,0,0,0,0,0,0,0,0,0,0,0,0,0,0,0,0,0,0,0,0,0,0,0,0,0,0,0,0,0,0,0,0,0,0,0,0,0,0,0,0,0,0,0,0,0,0,0,1,0,0,0,0,0,1.3157,0.2333,4.2109,0,0,0,0,0,0,0,-0,0,1.56004,0,0,0,0,0,0,0,0,0,0,0,0,0,0,0,0,0,0,0,0,0,0,0,0,0,0,0,0,0
1.25,0,0,0,0,-0,0,3.12567,1.94155,-2.90021,-7.32543e-06,0.000532315,5.24608e-05,9.04895e-07,0.00418225,0.000566541,0,0,0,0,0,0,0,0,0,0,0,0,0,0,0,0,0,0,0,0,0,0,0,0,0,0,0,0,0,0,0,0,0,0,0,0,0,0,0,0,1.75241,1.20136,1.3107,8.05798e-05,0.000424875,-0.00035411,0.000475989,0.00298091,-0.00149542,0,0,0,0,0,0,0,0,0,0,0,0,0,0,0,0,0,0,0,0,0,0,0,0,0,0,0,0,0,0,0,0,0,0,0,0,0,0,0,0,0,0,0,0,0,0,0,0,0,0,0,0,1,0,0,0,0,0,1.3157,0.2333,4.2109,0,0,0,0,0,0,0,-0,0,1.56004,0,0,0,0,0,0,0,0,0,0,0,0,0,0,0,0,0,0,0,0,0,0,0,0,0,0,0,0,0
1.25,0,0,0,0,-0,0,3.12567,1.94155,-2.90021,-7.32543e-06,0.000532315,5.24608e-05,9.04895e-07,0.00418225,0.000566541,0,0,0,0,0,0,0,0,0,0,0,0,0,0,0,0,0,0,0,0,0,0,0,0,0,0,0,0,0,0,0,0,0,0,0,0,0,0,0,0,1.75241,1.20136,1.3107,8.05798e-05,0.000424875,-0.00035411,0.000475989,0.00298091,-0.00149542,0,0,0,0,0,0,0,0,0,0,0,0,0,0,0,0,0,0,0,0,0,0,0,0,0,0,0,0,0,0,0,0,0,0,0,0,0,0,0,0,0,0,0,0,0,0,0,0,0,0,0,0,1,0,0,0,0,0,1.3157,0.2333,4.2109,0,0,0,0,0,0,0,-0,0,1.56004,0,0,0,0,0,0,0,0,0,0,0,0,0,0,0,0,0,0,0,0,0,0,0,0,0,0,0,0,0
1.25,0,0,0,0,-0,0,3.12567,1.94155,-2.90021,-7.32543e-06,0.000532315,5.24608e-05,9.04895e-07,0.00418225,0.000566541,0,0,0,0,0,0,0,0,0,0,0,0,0,0,0,0,0,0,0,0,0,0,0,0,0,0,0,0,0,0,0,0,0,0,0,0,0,0,0,0,1.75241,1.20136,1.3107,8.05798e-05,0.000424875,-0.00035411,0.000475989,0.00298091,-0.00149542,0,0,0,0,0,0,0,0,0,0,0,0,0,0,0,0,0,0,0,0,0,0,0,0,0,0,0,0,0,0,0,0,0,0,0,0,0,0,0,0,0,0,0,0,0,0,0,0,0,0,0,0,1,0,0,0,0,0,1.3455,0.2632,4.2408,0,0,0,0,0,0,0,-0,0,1.56004,0,0,0,0,0,0,0,0,0,0,0,0,0,0,0,0,0,0,0,0,0,0,0,0,0,0,0,0,0
1.25,0,0,0,0,-0,0,3.12567,1.94155,-2.90021,-7.32543e-06,0.000532315,5.24608e-05,9.04895e-07,0.00418225,0.000566541,0,0,0,0,0,0,0,0,0,0,0,0,0,0,0,0,0,0,0,0,0,0,0,0,0,0,0,0,0,0,0,0,0,0,0,0,0,0,0,0,1.75241,1.20136,1.3107,8.05798e-05,0.000424875,-0.00035411,0.000475989,0.00298091,-0.00149542,0,0,0,0,0,0,0,0,0,0,0,0,0,0,0,0,0,0,0,0,0,0,0,0,0,0,0,0,0,0,0,0,0,0,0,0,0,0,0,0,0,0,0,0,0,0,0,0,0,0,0,0,1,0,0,0,0,0,1.3455,0.2632,4.2408,0,0,0,0,0,0,0,-0,0,1.56004,0,0,0,0,0,0,0,0,0,0,0,0,0,0,0,0,0,0,0,0,0,0,0,0,0,0,0,0,0
1.3,0,0,0,0,-0,0,3.12567,1.94155,-2.90021,-7.32543e-06,0.000532315,5.24608e-05,9.04895e-07,0.00418225,0.000566541,0,0,0,0,0,0,0,0,0,0,0,0,0,0,0,0,0,0,0,0,0,0,0,0,0,0,0,0,0,0,0,0,0,0,0,0,0,0,0,0,1.75241,1.20136,1.3107,8.05798e-05,0.000424875,-0.00035411,0.000475989,0.00298091,-0.00149542,0,0,0,0,0,0,0,0,0,0,0,0,0,0,0,0,0,0,0,0,0,0,0,0,0,0,0,0,0,0,0,0,0,0,0,0,0,0,0,0,0,0,0,0,0,0,0,0,0,0,0,0,1,0,0,0,0,0,1.3455,0.2632,4.2408,0,0,0,0,0,0,0,-0,0,1.56004,0,0,0,0,0,0,0,0,0,0,0,0,0,0,0,0,0,0,0,0,0,0,0,0,0,0,0,0,0
1.35,0,0,0,0,-0,0,3.12567,1.9416,-2.90016,-7.32404e-06,0.000556627,0.000474441,-1.8605e-06,0.00359386,0.00230415,0,0,0,0,0,0,0,0,0,0,0,0,0,0,0,0,0,0,0,0,0,0,0,0,0,0,0,0,0,0,0,0,0,0,0,0,0,0,0,0,1.7524,1.2014,1.31072,-3.53993e-05,0.000434557,0.000149007,-8.81856e-05,0.00240267,0.000697738,0,0,0,0,0,0,0,0,0,0,0,0,0,0,0,0,0,0,0,0,0,0,0,0,0,0,0,0,0,0,0,0,0,0,0,0,0,0,0,0,0,0,0,0,0,0,0,0,0,0,0,0,1,0,0,0,0,0,1.3455,0.2632,4.2408,0,0,0,0,0,0,0,-0,0,1.56005,0,0,0,0,0,0,0,0,0,0,0,0,0,0,0,0,0,0,0,0,0,0,0,0,0,0,0,0,0
1.4,0,0,0,0,-0,0,3.12567,1.94168,-2.90015,2.44164e-06,0.000783765,6.43791e-05,3.75323e-05,0.00298569,-1.9907e-05,0,0,0,0,0,0,0,0,0,0,0,0,0,0,0,0,0,0,0,0,0,0,0,0,0,0,0,0,0,0,0,0,0,0,0,0,0,0,0,0,1.75242,1.20145,1.31075,0.000107433,0.000479784,0.000343357,0.000441405,0.00154496,0.00149235,0,0,0,0,0,0,0,0,0,0,0,0,0,0,0,0,0,0,0,0,0,0,0,0,0,0,0,0,0,0,0,0,0,0,0,0,0,0,0,0,0,0,0,0,0,0,0,0,0,0,0,0,1,0,0,0,0,0,1.3646,0.2821,4.2598,0,0,0,0,0,0,0,-0,0,1.56005,0,0,0,0,0,0,0,0,0,0,0,0,0,0,0,0,0,0,0,0,0,0,0,0,0,0,0,0,0
1.45,0,0,0,0,-0,0,3.12568,1.94172,-2.90014,9.52421e-05,0.000363874,0.000112089,0.00039866,3.27724e-05,-0.000135872,0,0,0,0,0,0,0,0,0,0,0,0,0,0,0,0,0,0,0,0,0,0,0,0,0,0,0,0,0,0,0,0,0,0,0,0,0,0,0,0,1.75239,1.20144,1.31058,-0.000234442,-0.000153852,-0.00177315,-0.00102926,-0.00172013,-0.007453,0,0,0,0,0,0,0,0,0,0,0,0,0,0,0,0,0,0,0,0,0,0,0,0,0,0,0,0,0,0,0,0,0,0,0,0,0,0,0,0,0,0,0,0,0,0,0,0,0,0,0,0,1,0,0,0,0,0,1.3646,0.2821,4.2598,0,0,0,0,0,0,0,-0,0,1.56011,0,0,0,0,0,0,0,0,0,0,0,0,0,0,0,0,0,0,0,0,0,0,0,0,0,0,0,0,0
1.5,0,0,0,0,-0,0,3.12568,1.94171,-2.90015,-1.46475e-05,-8.30023e-05,-6.19847e-05,-0.000150763,-0.00216541,-0.000792766,0,0,0,0,0,0,0,0,0,0,0,0,0,0,0,0,0,0,0,0,0,0,0,0,0,0,0,0,0,0,0,0,0,0,0,0,0,0,0,0,1.75241,1.20145,1.31073,0.000200182,0.000175769,0.0015222,0.000919391,-0.000157867,0.00748014,0,0,0,0,0,0,0,0,0,0,0,0,0,0,0,0,0,0,0,0,0,0,0,0,0,0,0,0,0,0,0,0,0,0,0,0,0,0,0,0,0,0,0,0,0,0,0,0,0,0,0,0,1,0,0,0,0,0,1.3646,0.2821,4.2598,0,0,0,0,0,0,0,-0,0,1.56008,0,0,0,0,0,0,0,0,0,0,0,0,0,0,0,0,0,0,0,0,0,0,0,0,0,0,0,0,0
1.55,0,0,0,0,-0,0,3.12568,1.94169,-2.90017,-1.95337e-05,-0.000166036,-0.000193143,-0.000184431,-0.00192961,-0.001089,0,0,0,0,0,0,0,0,0,0,0,0,0,0,0,0,0,0,0,0,0,0,0,0,0,0,0,0,0,0,0,0,0,0,0,0,0,0,0,0,1.7524,1.20141,1.31051,-7.32511e-05,-0.000443169,-0.00218299,-0.000276791,-0.00235649,-0.00829238,0,0,0,0,0,0,0,0,0,0,0,0,0,0,0,0,0,0,0,0,0,0,0,0,0,0,0,0,0,0,0,0,0,0,0,0,0,0,0,0,0,0,0,0,0,0,0,0,0,0,0,0,1,0,0,0,0,0,1.3646,0.2821,4.2598,0,0,0,0,0,0,0,-0,0,1.56009,0,0,0,0,0,0,0,0,0,0,0,0,0,0,0,0,0,0,0,0,0,0,0,0,0,0,0,0,0
1.6,0,0,0,0,-0,0,3.12567,1.94159,-2.90017,-1.46468e-05,-0.00103992,-4.29105e-05,-9.5774e-05,-0.00461865,-9.37382e-05,0,0,0,0,0,0,0,0,0,0,0,0,0,0,0,0,0,0,0,0,0,0,0,0,0,0,0,0,0,0,0,0,0,0,0,0,0,0,0,0,1.7524,1.20137,1.3107,-2.44113e-06,-0.000372272,0.00194885,-4.51573e-05,-0.00142934,0.00939568,0,0,0,0,0,0,0,0,0,0,0,0,0,0,0,0,0,0,0,0,0,0,0,0,0,0,0,0,0,0,0,0,0,0,0,0,0,0,0,0,0,0,0,0,0,0,0,0,0,0,0,0,1,0,0,0,0,0,1.3157,0.2334,4.2109,0,0,0,0,0,0,0,-0,0,1.56006,0,0,0,0,0,0,0,0,0,0,0,0,0,0,0,0,0,0,0,0,0,0,0,0,0,0,0,0,0
1.65,0,0,0,0,-0,0,3.12568,1.94135,-2.90029,5.61555e-05,-0.00238173,-0.0011397,0.000237408,-0.00849807,-0.00430403,0,0,0,0,0,0,0,0,0,0,0,0,0,0,0,0,0,0,0,0,0,0,0,0,0,0,0,0,0,0,0,0,0,0,0,0,0,0,0,0,1.75239,1.20124,1.31071,-0.000166025,-0.0013636,2.50353e-05,-0.000649395,-0.0046936,0.000347581,0,0,0,0,0,0,0,0,0,0,0,0,0,0,0,0,0,0,0,0,0,0,0,0,0,0,0,0,0,0,0,0,0,0,0,0,0,0,0,0,0,0,0,0,0,0,0,0,0,0,0,0,1,0,0,0,0,0,1.3157,0.2334,4.2109,0,0,0,0,0,0,0,-0,0,1.56003,0,0,0,0,0,0,0,0,0,0,0,0,0,0,0,0,0,0,0,0,0,0,0,0,0,0,0,0,0
1.7,0,0,0,0,-0,0,3.12567,1.94145,-2.90024,-9.03661e-05,0.00104409,0.000479402,-0.000397793,0.00806043,0.00331513,0,0,0,0,0,0,0,0,0,0,0,0,0,0,0,0,0,0,0,0,0,0,0,0,0,0,0,0,0,0,0,0,0,0,0,0,0,0,0,0,1.7524,1.2013,1.31074,7.81546e-05,0.000603256,0.000305291,0.000503935,0.0045987,0.000104062,0,0,0,0,0,0,0,0,0,0,0,0,0,0,0,0,0,0,0,0,0,0,0,0,0,0,0,0,0,0,0,0,0,0,0,0,0,0,0,0,0,0,0,0,0,0,0,0,0,0,0,0,1,0,0,0,0,0,1.3157,0.2334,4.2109,0,0,0,0,0,0,0,-0,0,1.56004,0,0,0,0,0,0,0,0,0,0,0,0,0,0,0,0,0,0,0,0,0,0,0,0,0,0,0,0,0
1.75,0,0,0,0,-0,0,3.12567,1.94165,-2.90018,3.41677e-05,0.00198905,0.000602987,0.00017269,0.0108584,0.00351627,0,0,0,0,0,0,0,0,0,0,0,0,0,0,0,0,0,0,0,0,0,0,0,0,0,0,0,0,0,0,0,0,0,0,0,0,0,0,0,0,1.75242,1.20143,1.31072,0.000208667,0.00129227,-0.000197818,0.000980317,0.00677305,-0.00198047,0,0,0,0,0,0,0,0,0,0,0,0,0,0,0,0,0,0,0,0,0,0,0,0,0,0,0,0,0,0,0,0,0,0,0,0,0,0,0,0,0,0,0,0,0,0,0,0,0,0,0,0,1,0,0,0,0,0,1.3157,0.2334,4.2109,0,0,0,0,0,0,0,-0,0,1.56006,0,0,0,0,0,0,0,0,0,0,0,0,0,0,0,0,0,0,0,0,0,0,0,0,0,0,0,0,0
1.8,0,0,0,0,-0,0,3.12567,1.94165,-2.90018,3.41677e-05,0.00198905,0.000602987,0.00017269,0.0108584,0.00351627,0,0,0,0,0,0,0,0,0,0,0,0,0,0,0,0,0,0,0,0,0,0,0,0,0,0,0,0,0,0,0,0,0,0,0,0,0,0,0,0,1.75242,1.20143,1.31072,0.000208667,0.00129227,-0.000197818,0.000980317,0.00677305,-0.00198047,0,0,0,0,0,0,0,0,0,0,0,0,0,0,0,0,0,0,0,0,0,0,0,0,0,0,0,0,0,0,0,0,0,0,0,0,0,0,0,0,0,0,0,0,0,0,0,0,0,0,0,0,1,0,0,0,0,0,1.277,0.1946,4.1722,0,0,0,0,0,0,0,-0,0,1.56006,0,0,0,0,0,0,0,0,0,0,0,0,0,0,0,0,0,0,0,0,0,0,0,0,0,0,0,0,0
1.85,0,0,0,0,-0,0,3.12567,1.9417,-2.90016,-4.87794e-06,0.0004756,0.000195308,2.48362e-05,0.000847734,0.000508485,0,0,0,0,0,0,0,0,0,0,0,0,0,0,0,0,0,0,0,0,0,0,0,0,0,0,0,0,0,0,0,0,0,0,0,0,0,0,0,0,1.75241,1.20145,1.31073,-9.14614e-05,0.000279262,7.50269e-05,-0.000546553,0.000311204,-0.000380509,0,0,0,0,0,0,0,0,0,0,0,0,0,0,0,0,0,0,0,0,0,0,0,0,0,0,0,0,0,0,0,0,0,0,0,0,0,0,0,0,0,0,0,0,0,0,0,0,0,0,0,0,1,0,0,0,0,0,1.277,0.1946,4.1722,0,0,0,0,0,0,0,-0,0,1.56007,0,0,0,0,0,0,0,0,0,0,0,0,0,0,0,0,0,0,0,0,0,0,0,0,0,0,0,0,0
1.9,0,0,0,0,-0,0,3.12567,1.9417,-2.90016,-4.87794e-06,0.0004756,0.000195308,2.48362e-05,0.000847734,0.000508485,0,0,0,0,0,0,0,0,0,0,0,0,0,0,0,0,0,0,0,0,0,0,0,0,0,0,0,0,0,0,0,0,0,0,0,0,0,0,0,0,1.75241,1.20145,1.31073,-9.14614e-05,0.000279262,7.50269e-05,-0.000546553,0.000311204,-0.000380509,0,0,0,0,0,0,0,0,0,0,0,0,0,0,0,0,0,0,0,0,0,0,0,0,0,0,0,0,0,0,0,0,0,0,0,0,0,0,0,0,0,0,0,0,0,0,0,0,0,0,0,0,1,0,0,0,0,0,1.277,0.1946,4.1722,0,0,0,0,0,0,0,-0,0,1.56007,0,0,0,0,0,0,0,0,0,0,0,0,0,0,0,0,0,0,0,0,0,0,0,0,0,0,0,0,0
1.95,0,0,0,0,-0,0,3.12568,1.94171,-2.90017,2.22676e-05,7.905e-05,-5.65388e-05,0.000104033,-0.00238589,-0.00109987,0,0,0,0,0,0,0,0,0,0,0,0,0,0,0,0,0,0,0,0,0,0,0,0,0,0,0,0,0,0,0,0,0,0,0,0,0,0,0,0,1.75239,1.20145,1.31072,-0.000115791,-7.68229e-05,-2.39202e-05,-0.000629894,-0.00208554,-0.000400308,0,0,0,0,0,0,0,0,0,0,0,0,0,0,0,0,0,0,0,0,0,0,0,0,0,0,0,0,0,0,0,0,0,0,0,0,0,0,0,0,0,0,0,0,0,0,0,0,0,0,0,0,1,0,0,0,0,0,1.277,0.1946,4.1722,0,0,0,0,0,0,0,-0,0,1.56009,0,0,0,0,0,0,0,0,0,0,0,0,0,0,0,0,0,0,0,0,0,0,0,0,0,0,0,0,0
2,0,0,0,0,-0,0,3.12568,1.94171,-2.90017,2.22676e-05,7.905e-05,-5.65388e-05,0.000104033,-0.00238589,-0.00109987,0,0,0,0,0,0,0,0,0,0,0,0,0,0,0,0,0,0,0,0,0,0,0,0,0,0,0,0,0,0,0,0,0,0,0,0,0,0,0,0,1.75239,1.20145,1.31072,-0.000115791,-7.68229e-05,-2.39202e-05,-0.000629894,-0.00208554,-0.000400308,0,0,0,0,0,0,0,0,0,0,0,0,0,0,0,0,0,0,0,0,0,0,0,0,0,0,0,0,0,0,0,0,0,0,0,0,0,0,0,0,0,0,0,0,0,0,0,0,0,0,0,0,1,0,0,0,0,0,1.3157,0.2333,4.2108,0,0,0,0,0,0,0,-0,0,1.56009,0,0,0,0,0,0,0,0,0,0,0,0,0,0,0,0,0,0,0,0,0,0,0,0,0,0,0,0,0
2.05,0,0,0,0,-0,0,3.12567,1.94172,-2.90016,-3.91948e-05,7.18571e-05,8.42075e-05,-0.000177425,-0.0019176,-0.000298289,0,0,0,0,0,0,0,0,0,0,0,0,0,0,0,0,0,0,0,0,0,0,0,0,0,0,0,0,0,0,0,0,0,0,0,0,0,0,0,0,1.75241,1.20145,1.31073,0.000182909,5.48728e-05,8.03801e-05,0.000830337,-0.00102309,0.000177054,0,0,0,0,0,0,0,0,0,0,0,0,0,0,0,0,0,0,0,0,0,0,0,0,0,0,0,0,0,0,0,0,0,0,0,0,0,0,0,0,0,0,0,0,0,0,0,0,0,0,0,0,1,0,0,0,0,0,1.3157,0.2333,4.2108,0,0,0,0,0,0,0,-0,0,1.56008,0,0,0,0,0,0,0,0,0,0,0,0,0,0,0,0,0,0,0,0,0,0,0,0,0,0,0,0,0
2.1,0,0,0,0,-0,0,3.12567,1.94172,-2.90016,-3.91948e-05,7.18571e-05,8.42075e-05,-0.000177425,-0.0019176,-0.000298289,0,0,0,0,0,0,0,0,0,0,0,0,0,0,0,0,0,0,0,0,0,0,0,0,0,0,0,0,0,0,0,0,0,0,0,0,0,0,0,0,1.75241,1.20145,1.31073,0.000182909,5.48728e-05,8.03801e-05,0.000830337,-0.00102309,0.000177054,0,0,0,0,0,0,0,0,0,0,0,0,0,0,0,0,0,0,0,0,0,0,0,0,0,0,0,0,0,0,0,0,0,0,0,0,0,0,0,0,0,0,0,0,0,0,0,0,0,0,0,0,1,0,0,0,0,0,1.3157,0.2333,4.2108,0,0,0,0,0,0,0,-0,0,1.56008,0,0,0,0,0,0,0,0,0,0,0,0,0,0,0,0,0,0,0,0,0,0,0,0,0,0,0,0,0
2.15,0,0,0,0,-0,0,3.12568,1.94172,-2.90017,3.78477e-05,3.53245e-05,-0.000120738,0.000154898,-0.00122681,-0.000875689,0,0,0,0,0,0,0,0,0,0,0,0,0,0,0,0,0,0,0,0,0,0,0,0,0,0,0,0,0,0,0,0,0,0,0,0,0,0,0,0,1.75242,1.20145,1.31074,3.28014e-05,-6.30796e-05,0.000135523,0.000128185,-0.000943754,0.000416418,0,0,0,0,0,0,0,0,0,0,0,0,0,0,0,0,0,0,0,0,0,0,0,0,0,0,0,0,0,0,0,0,0,0,0,0,0,0,0,0,0,0,0,0,0,0,0,0,0,0,0,0,1,0,0,0,0,0,1.3157,0.2333,4.2108,0,0,0,0,0,0,0,-0,0,1.56008,0,0,0,0,0,0,0,0,0,0,0,0,0,0,0,0,0,0,0,0,0,0,0,0,0,0,0,0,0
2.2,0,0,0,0,-0,0,3.12568,1.94172,-2.90017,3.78477e-05,3.53245e-05,-0.000120738,0.000154898,-0.00122681,-0.000875689,0,0,0,0,0,0,0,0,0,0,0,0,0,0,0,0,0,0,0,0,0,0,0,0,0,0,0,0,0,0,0,0,0,0,0,0,0,0,0,0,1.75242,1.20145,1.31074,3.28014e-05,-6.30796e-05,0.000135523,0.000128185,-0.000943754,0.000416418,0,0,0,0,0,0,0,0,0,0,0,0,0,0,0,0,0,0,0,0,0,0,0,0,0,0,0,0,0,0,0,0,0,0,0,0,0,0,0,0,0,0,0,0,0,0,0,0,0,0,0,0,1,0,0,0,0,0,1.4035,0.3211,4.2987,0,0,0,0,0,0,0,-0,0,1.56008,0,0,0,0,0,0,0,0,0,0,0,0,0,0,0,0,0,0,0,0,0,0,0,0,0,0,0,0,0
2.25,0,0,0,0,-0,0,3.12568,1.94169,-2.90016,-2.31689e-06,-0.000294245,0.000119917,-1.61159e-05,-0.00196146,0.00034656,0,0,0,0,0,0,0,0,0,0,0,0,0,0,0,0,0,0,0,0,0,0,0,0,0,0,0,0,0,0,0,0,0,0,0,0,0,0,0,0,1.75239,1.2014,1.31056,-0.000195777,-0.000390395,-0.00177952,-0.000946022,-0.00187942,-0.0074151,0,0,0,0,0,0,0,0,0,0,0,0,0,0,0,0,0,0,0,0,0,0,0,0,0,0,0,0,0,0,0,0,0,0,0,0,0,0,0,0,0,0,0,0,0,0,0,0,0,0,0,0,1,0,0,0,0,0,1.4035,0.3211,4.2987,0,0,0,0,0,0,0,-0,0,1.5601,0,0,0,0,0,0,0,0,0,0,0,0,0,0,0,0,0,0,0,0,0,0,0,0,0,0,0,0,0
2.3,0,0,0,0,-0,0,3.12568,1.94169,-2.90016,-2.31689e-06,-0.000294245,0.000119917,-1.61159e-05,-0.00196146,0.00034656,0,0,0,0,0,0,0,0,0,0,0,0,0,0,0,0,0,0,0,0,0,0,0,0,0,0,0,0,0,0,0,0,0,0,0,0,0,0,0,0,1.75239,1.2014,1.31056,-0.000195777,-0.000390395,-0.00177952,-0.000946022,-0.00187942,-0.0074151,0,0,0,0,0,0,0,0,0,0,0,0,0,0,0,0,0,0,0,0,0,0,0,0,0,0,0,0,0,0,0,0,0,0,0,0,0,0,0,0,0,0,0,0,0,0,0,0,0,0,0,0,1,0,0,0,0,0,1.4035,0.3211,4.2987,0,0,0,0,0,0,0,-0,0,1.5601,0,0,0,0,0,0,0,0,0,0,0,0,0,0,0,0,0,0,0,0,0,0,0,0,0,0,0,0,0
2.35,0,0,0,0,-0,0,3.12567,1.94167,-2.90018,-4.38644e-05,-0.000174168,-0.000201583,-0.000197638,-0.000742636,-0.000920832,0,0,0,0,0,0,0,0,0,0,0,0,0,0,0,0,0,0,0,0,0,0,0,0,0,0,0,0,0,0,0,0,0,0,0,0,0,0,0,0,1.75241,1.20141,1.31072,0.000189649,5.54755e-05,0.00176637,0.00085032,0.000593485,0.00888986,0,0,0,0,0,0,0,0,0,0,0,0,0,0,0,0,0,0,0,0,0,0,0,0,0,0,0,0,0,0,0,0,0,0,0,0,0,0,0,0,0,0,0,0,0,0,0,0,0,0,0,0,1,0,0,0,0,0,1.4035,0.3211,4.2987,0,0,0,0,0,0,0,-0,0,1.56007,0,0,0,0,0,0,0,0,0,0,0,0,0,0,0,0,0,0,0,0,0,0,0,0,0,0,0,0,0
2.4,0,0,0,0,-0,0,3.12567,1.94167,-2.90018,-4.38644e-05,-0.000174168,-0.000201583,-0.000197638,-0.000742636,-0.000920832,0,0,0,0,0,0,0,0,0,0,0,0,0,0,0,0,0,0,0,0,0,0,0,0,0,0,0,0,0,0,0,0,0,0,0,0,0,0,0,0,1.75241,1.20141,1.31072,0.000189649,5.54755e-05,0.00176637,0.00085032,0.000593485,0.00888986,0,0,0,0,0,0,0,0,0,0,0,0,0,0,0,0,0,0,0,0,0,0,0,0,0,0,0,0,0,0,0,0,0,0,0,0,0,0,0,0,0,0,0,0,0,0,0,0,0,0,0,0,1,0,0,0,0,0,1.3157,0.2333,4.2109,0,0,0,0,0,0,0,-0,0,1.56007,0,0,0,0,0,0,0,0,0,0,0,0,0,0,0,0,0,0,0,0,0,0,0,0,0,0,0,0,0
2.45,0,0,0,0,-0,0,3.12567,1.94167,-2.90018,-4.38644e-05,-0.000174168,-0.000201583,-0.000197638,-0.000742636,-0.000920832,0,0,0,0,0,0,0,0,0,0,0,0,0,0,0,0,0,0,0,0,0,0,0,0,0,0,0,0,0,0,0,0,0,0,0,0,0,0,0,0,1.75241,1.20141,1.31072,0.000189649,5.54755e-05,0.00176637,0.00085032,0.000593485,0.00888986,0,0,0,0,0,0,0,0,0,0,0,0,0,0,0,0,0,0,0,0,0,0,0,0,0,0,0,0,0,0,0,0,0,0,0,0,0,0,0,0,0,0,0,0,0,0,0,0,0,0,0,0,1,0,0,0,0,0,1.3157,0.2333,4.2109,0,0,0,0,0,0,0,-0,0,1.56007,0,0,0,0,0,0,0,0,0,0,0,0,0,0,0,0,0,0,0,0,0,0,0,0,0,0,0,0,0
2.5,0,0,0,0,-0,0,3.12568,1.94168,-2.90016,5.37121e-05,0.000111086,0.000126365,0.000238505,0.000810255,0.000552135,0,0,0,0,0,0,0,0,0,0,0,0,0,0,0,0,0,0,0,0,0,0,0,0,0,0,0,0,0,0,0,0,0,0,0,0,0,0,0,0,1.75243,1.20144,1.31072,0.00015015,0.000283209,-5.48375e-05,0.000622614,0.00159262,0.000520561,0,0,0,0,0,0,0,0,0,0,0,0,0,0,0,0,0,0,0,0,0,0,0,0,0,0,0,0,0,0,0,0,0,0,0,0,0,0,0,0,0,0,0,0,0,0,0,0,0,0,0,0,1,0,0,0,0,0,1.3157,0.2333,4.2109,0,0,0,0,0,0,0,-0,0,1.56006,0,0,0,0,0,0,0,0,0,0,0,0,0,0,0,0,0,0,0,0,0,0,0,0,0,0,0,0,0
2.55,0,0,0,0,-0,0,3.12568,1.94168,-2.90016,5.37121e-05,0.000111086,0.000126365,0.000238505,0.000810255,0.000552135,0,0,0,0,0,0,0,0,0,0,0,0,0,0,0,0,0,0,0,0,0,0,0,0,0,0,0,0,0,0,0,0,0,0,0,0,0,0,0,0,1.75243,1.20144,1.31072,0.00015015,0.000283209,-5.48375e-05,0.000622614,0.00159262,0.000520561,0,0,0,0,0,0,0,0,0,0,0,0,0,0,0,0,0,0,0,0,0,0,0,0,0,0,0,0,0,0,0,0,0,0,0,0,0,0,0,0,0,0,0,0,0,0,0,0,0,0,0,0,1,0,0,0,0,0,1.3157,0.2333,4.2109,0,0,0,0,0,0,0,-0,0,1.56006,0,0,0,0,0,0,0,0,0,0,0,0,0,0,0,0,0,0,0,0,0,0,0,0,0,0,0,0,0
2.6,0,0,0,0,-0,0,3.12568,1.94159,-2.90019,-2.19676e-05,-0.000927521,-0.000240747,-9.74663e-05,-0.00343817,-0.000924668,0,0,0,0,0,0,0,0,0,0,0,0,0,0,0,0,0,0,0,0,0,0,0,0,0,0,0,0,0,0,0,0,0,0,0,0,0,0,0,0,1.7524,1.20137,1.3107,-0.000248966,-0.000652927,-0.000182348,-0.00126107,-0.00264734,-0.00141727,0,0,0,0,0,0,0,0,0,0,0,0,0,0,0,0,0,0,0,0,0,0,0,0,0,0,0,0,0,0,0,0,0,0,0,0,0,0,0,0,0,0,0,0,0,0,0,0,0,0,0,0,1,0,0,0,0,0,1.2609,0.1785,4.156,0,0,0,0,0,0,0,-0,0,1.56006,0,0,0,0,0,0,0,0,0,0,0,0,0,0,0,0,0,0,0,0,0,0,0,0,0,0,0,0,0
2.65,0,0,0,0,-0,0,3.12567,1.94151,-2.90023,-4.50236e-05,-0.000797392,-0.000395715,-0.00019658,-0.00212986,-0.00138,0,0,0,0,0,0,0,0,0,0,0,0,0,0,0,0,0,0,0,0,0,0,0,0,0,0,0,0,0,0,0,0,0,0,0,0,0,0,0,0,1.7524,1.20133,1.3107,-3.43601e-05,-0.000457345,2.42983e-05,-0.000151583,-0.00138509,-0.000281084,0,0,0,0,0,0,0,0,0,0,0,0,0,0,0,0,0,0,0,0,0,0,0,0,0,0,0,0,0,0,0,0,0,0,0,0,0,0,0,0,0,0,0,0,0,0,0,0,0,0,0,0,1,0,0,0,0,0,1.2609,0.1785,4.156,0,0,0,0,0,0,0,-0,0,1.56005,0,0,0,0,0,0,0,0,0,0,0,0,0,0,0,0,0,0,0,0,0,0,0,0,0,0,0,0,0
2.7,0,0,0,0,-0,0,3.12567,1.94151,-2.90023,-4.50236e-05,-0.000797392,-0.000395715,-0.00019658,-0.00212986,-0.00138,0,0,0,0,0,0,0,0,0,0,0,0,0,0,0,0,0,0,0,0,0,0,0,0,0,0,0,0,0,0,0,0,0,0,0,0,0,0,0,0,1.7524,1.20133,1.3107,-3.43601e-05,-0.000457345,2.42983e-05,-0.000151583,-0.00138509,-0.000281084,0,0,0,0,0,0,0,0,0,0,0,0,0,0,0,0,0,0,0,0,0,0,0,0,0,0,0,0,0,0,0,0,0,0,0,0,0,0,0,0,0,0,0,0,0,0,0,0,0,0,0,0,1,0,0,0,0,0,1.2609,0.1785,4.156,0,0,0,0,0,0,0,-0,0,1.56005,0,0,0,0,0,0,0,0,0,0,0,0,0,0,0,0,0,0,0,0,0,0,0,0,0,0,0,0,0
2.75,0,0,0,0,-0,0,3.12567,1.94154,-2.90022,-3.02157e-05,0.000292085,0.000127866,-6.72854e-05,0.0033227,0.00123768,0,0,0,0,0,0,0,0,0,0,0,0,0,0,0,0,0,0,0,0,0,0,0,0,0,0,0,0,0,0,0,0,0,0,0,0,0,0,0,0,1.75241,1.20135,1.31072,0.000101978,0.000293343,0.000206552,0.000604293,0.00237626,0.000705081,0,0,0,0,0,0,0,0,0,0,0,0,0,0,0,0,0,0,0,0,0,0,0,0,0,0,0,0,0,0,0,0,0,0,0,0,0,0,0,0,0,0,0,0,0,0,0,0,0,0,0,0,1,0,0,0,0,0,1.2609,0.1785,4.156,0,0,0,0,0,0,0,-0,0,1.56004,0,0,0,0,0,0,0,0,0,0,0,0,0,0,0,0,0,0,0,0,0,0,0,0,0,0,0,0,0
2.8,0,0,0,0,-0,0,3.12567,1.94154,-2.90022,-3.02157e-05,0.000292085,0.000127866,-6.72854e-05,0.0033227,0.00123768,0,0,0,0,0,0,0,0,0,0,0,0,0,0,0,0,0,0,0,0,0,0,0,0,0,0,0,0,0,0,0,0,0,0,0,0,0,0,0,0,1.75241,1.20135,1.31072,0.000101978,0.000293343,0.000206552,0.000604293,0.00237626,0.000705081,0,0,0,0,0,0,0,0,0,0,0,0,0,0,0,0,0,0,0,0,0,0,0,0,0,0,0,0,0,0,0,0,0,0,0,0,0,0,0,0,0,0,0,0,0,0,0,0,0,0,0,0,1,0,0,0,0,0,1.2527,0.1703,4.1479,0,0,0,0,0,0,0,-0,0,1.56004,0,0,0,0,0,0,0,0,0,0,0,0,0,0,0,0,0,0,0,0,0,0,0,0,0,0,0,0,0
2.85,0,0,0,0,-0,0,3.12567,1.94159,-2.90016,6.34979e-05,0.000577587,0.000534237,0.000347189,0.00388431,0.00272459,0,0,0,0,0,0,0,0,0,0,0,0,0,0,0,0,0,0,0,0,0,0,0,0,0,0,0,0,0,0,0,0,0,0,0,0,0,0,0,0,1.75242,1.2014,1.31072,0.000101353,0.000443265,3.10049e-05,0.000471696,0.00255347,-0.000123738,0,0,0,0,0,0,0,0,0,0,0,0,0,0,0,0,0,0,0,0,0,0,0,0,0,0,0,0,0,0,0,0,0,0,0,0,0,0,0,0,0,0,0,0,0,0,0,0,0,0,0,0,1,0,0,0,0,0,1.2527,0.1703,4.1479,0,0,0,0,0,0,0,-0,0,1.56004,0,0,0,0,0,0,0,0,0,0,0,0,0,0,0,0,0,0,0,0,0,0,0,0,0,0,0,0,0
2.9,0,0,0,0,-0,0,3.12567,1.94159,-2.90016,6.34979e-05,0.000577587,0.000534237,0.000347189,0.00388431,0.00272459,0,0,0,0,0,0,0,0,0,0,0,0,0,0,0,0,0,0,0,0,0,0,0,0,0,0,0,0,0,0,0,0,0,0,0,0,0,0,0,0,1.75242,1.2014,1.31072,0.000101353,0.000443265,3.10049e-05,0.000471696,0.00255347,-0.000123738,0,0,0,0,0,0,0,0,0,0,0,0,0,0,0,0,0,0,0,0,0,0,0,0,0,0,0,0,0,0,0,0,0,0,0,0,0,0,0,0,0,0,0,0,0,0,0,0,0,0,0,0,1,0,0,0,0,0,1.2527,0.1703,4.1479,0,0,0,0,0,0,0,-0,0,1.56004,0,0,0,0,0,0,0,0,0,0,0,0,0,0,0,0,0,0,0,0,0,0,0,0,0,0,0,0,0
2.95,0,0,0,0,-0,0,3.12568,1.94162,-2.9002,4.39373e-05,0.000220907,-0.000393319,0.000187879,0.000979167,-0.00187027,0,0,0,0,0,0,0,0,0,0,0,0,0,0,0,0,0,0,0,0,0,0,0,0,0,0,0,0,0,0,0,0,0,0,0,0,0,0,0,0,1.75241,1.2014,1.3107,-0.000103741,6.34651e-05,-0.000268172,-0.000557265,3.3196e-05,-0.00138898,0,0,0,0,0,0,0,0,0,0,0,0,0,0,0,0,0,0,0,0,0,0,0,0,0,0,0,0,0,0,0,0,0,0,0,0,0,0,0,0,0,0,0,0,0,0,0,0,0,0,0,0,1,0,0,0,0,0,1.2527,0.1703,4.1479,0,0,0,0,0,0,0,-0,0,1.56006,0,0,0,0,0,0,0,0,0,0,0,0,0,0,0,0,0,0,0,0,0,0,0,0,0,0,0,0,0
3,0,0,0,0,-0,0,3.12568,1.94162,-2.9002,4.39373e-05,0.000220907,-0.000393319,0.000187879,0.000979167,-0.00187027,0,0,0,0,0,0,0,0,0,0,0,0,0,0,0,0,0,0,0,0,0,0,0,0,0,0,0,0,0,0,0,0,0,0,0,0,0,0,0,0,1.75241,1.2014,1.3107,-0.000103741,6.34651e-05,-0.000268172,-0.000557265,3.3196e-05,-0.00138898,0,0,0,0,0,0,0,0,0,0,0,0,0,0,0,0,0,0,0,0,0,0,0,0,0,0,0,0,0,0,0,0,0,0,0,0,0,0,0,0,0,0,0,0,0,0,0,0,0,0,0,0,1,0,0,0,0,0,1.2974,0.215,4.1926,0,0,0,0,0,0,0,-0,0,1.56006,0,0,0,0,0,0,0,0,0,0,0,0,0,0,0,0,0,0,0,0,0,0,0,0,0,0,0,0,0
3.05,0,0,0,0,-0,0,3.12567,1.94161,-2.90019,-3.8216e-05,-1.31367e-05,0.000158611,-0.000237628,-0.000740211,0.000467137,0,0,0,0,0,0,0,0,0,0,0,0,0,0,0,0,0,0,0,0,0,0,0,0,0,0,0,0,0,0,0,0,0,0,0,0,0,0,0,0,1.75242,1.20141,1.31071,0.000114647,2.26906e-05,9.33004e-05,0.000401695,-0.000481801,0.000443034,0,0,0,0,0,0,0,0,0,0,0,0,0,0,0,0,0,0,0,0,0,0,0,0,0,0,0,0,0,0,0,0,0,0,0,0,0,0,0,0,0,0,0,0,0,0,0,0,0,0,0,0,1,0,0,0,0,0,1.2974,0.215,4.1926,0,0,0,0,0,0,0,-0,0,1.56004,0,0,0,0,0,0,0,0,0,0,0,0,0,0,0,0,0,0,0,0,0,0,0,0,0,0,0,0,0
3.1,0,0,0,0,-0,0,3.12567,1.94161,-2.90019,-3.8216e-05,-1.31367e-05,0.000158611,-0.000237628,-0.000740211,0.000467137,0,0,0,0,0,0,0,0,0,0,0,0,0,0,0,0,0,0,0,0,0,0,0,0,0,0,0,0,0,0,0,0,0,0,0,0,0,0,0,0,1.75242,1.20141,1.31071,0.000114647,2.26906e-05,9.33004e-05,0.000401695,-0.000481801,0.000443034,0,0,0,0,0,0,0,0,0,0,0,0,0,0,0,0,0,0,0,0,0,0,0,0,0,0,0,0,0,0,0,0,0,0,0,0,0,0,0,0,0,0,0,0,0,0,0,0,0,0,0,0,1,0,0,0,0,0,1.2974,0.215,4.1926,0,0,0,0,0,0,0,-0,0,1.56004,0,0,0,0,0,0,0,0,0,0,0,0,0,0,0,0,0,0,0,0,0,0,0,0,0,0,0,0,0
3.15,0,0,0,0,-0,0,3.12568,1.94158,-2.90019,3.58745e-05,-0.000289239,-7.22571e-05,0.000103275,-0.00177354,-0.000344699,0,0,0,0,0,0,0,0,0,0,0,0,0,0,0,0,0,0,0,0,0,0,0,0,0,0,0,0,0,0,0,0,0,0,0,0,0,0,0,0,1.75241,1.20138,1.31071,-0.000115472,-0.000288119,-1.53273e-05,-0.000564144,-0.00160277,6.51429e-05,0,0,0,0,0,0,0,0,0,0,0,0,0,0,0,0,0,0,0,0,0,0,0,0,0,0,0,0,0,0,0,0,0,0,0,0,0,0,0,0,0,0,0,0,0,0,0,0,0,0,0,0,1,0,0,0,0,0,1.2974,0.215,4.1926,0,0,0,0,0,0,0,-0,0,1.56006,0,0,0,0,0,0,0,0,0,0,0,0,0,0,0,0,0,0,0,0,0,0,0,0,0,0,0,0,0
3.2,0,0,0,0,-0,0,3.12568,1.94158,-2.90019,3.58745e-05,-0.000289239,-7.22571e-05,0.000103275,-0.00177354,-0.000344699,0,0,0,0,0,0,0,0,0,0,0,0,0,0,0,0,0,0,0,0,0,0,0,0,0,0,0,0,0,0,0,0,0,0,0,0,0,0,0,0,1.75241,1.20138,1.31071,-0.000115472,-0.000288119,-1.53273e-05,-0.000564144,-0.00160277,6.51429e-05,0,0,0,0,0,0,0,0,0,0,0,0,0,0,0,0,0,0,0,0,0,0,0,0,0,0,0,0,0,0,0,0,0,0,0,0,0,0,0,0,0,0,0,0,0,0,0,0,0,0,0,0,1,0,0,0,0,0,1.2392,0.1568,4.1344,0,0,0,0,0,0,0,-0,0,1.56006,0,0,0,0,0,0,0,0,0,0,0,0,0,0,0,0,0,0,0,0,0,0,0,0,0,0,0,0,0
3.25,0,0,0,0,-0,0,3.12568,1.94155,-2.90021,-1.09923e-05,-0.000338012,-0.000222744,-8.96507e-05,-0.00129004,-0.000873985,0,0,0,0,0,0,0,0,0,0,0,0,0,0,0,0,0,0,0,0,0,0,0,0,0,0,0,0,0,0,0,0,0,0,0,0,0,0,0,0,1.75241,1.20135,1.31071,-1.78624e-05,-0.000247326,2.14693e-05,-4.28055e-05,-0.000848755,0.00013992,0,0,0,0,0,0,0,0,0,0,0,0,0,0,0,0,0,0,0,0,0,0,0,0,0,0,0,0,0,0,0,0,0,0,0,0,0,0,0,0,0,0,0,0,0,0,0,0,0,0,0,0,1,0,0,0,0,0,1.2392,0.1568,4.1344,0,0,0,0,0,0,0,-0,0,1.56005,0,0,0,0,0,0,0,0,0,0,0,0,0,0,0,0,0,0,0,0,0,0,0,0,0,0,0,0,0
3.3,0,0,0,0,-0,0,3.12568,1.94155,-2.90021,-1.09923e-05,-0.000338012,-0.000222744,-8.96507e-05,-0.00129004,-0.000873985,0,0,0,0,0,0,0,0,0,0,0,0,0,0,0,0,0,0,0,0,0,0,0,0,0,0,0,0,0,0,0,0,0,0,0,0,0,0,0,0,1.75241,1.20135,1.31071,-1.78624e-05,-0.000247326,2.14693e-05,-4.28055e-05,-0.000848755,0.00013992,0,0,0,0,0,0,0,0,0,0,0,0,0,0,0,0,0,0,0,0,0,0,0,0,0,0,0,0,0,0,0,0,0,0,0,0,0,0,0,0,0,0,0,0,0,0,0,0,0,0,0,0,1,0,0,0,0,0,1.2392,0.1568,4.1344,0,0,0,0,0,0,0,-0,0,1.56005,0,0,0,0,0,0,0,0,0,0,0,0,0,0,0,0,0,0,0,0,0,0,0,0,0,0,0,0,0
3.35,0,0,0,0,-0,0,3.12568,1.94155,-2.9002,0,-1.22023e-05,0.000119163,-4.03861e-05,0.000422426,0.00071663,0,0,0,0,0,0,0,0,0,0,0,0,0,0,0,0,0,0,0,0,0,0,0,0,0,0,0,0,0,0,0,0,0,0,0,0,0,0,0,0,1.7524,1.20136,1.31074,-3.78271e-05,4.51485e-05,0.000297908,-4.94374e-05,0.000641892,0.00120761,0,0,0,0,0,0,0,0,0,0,0,0,0,0,0,0,0,0,0,0,0,0,0,0,0,0,0,0,0,0,0,0,0,0,0,0,0,0,0,0,0,0,0,0,0,0,0,0,0,0,0,0,1,0,0,0,0,0,1.2392,0.1568,4.1344,0,0,0,0,0,0,0,-0,0,1.56006,0,0,0,0,0,0,0,0,0,0,0,0,0,0,0,0,0,0,0,0,0,0,0,0,0,0,0,0,0
3.4,0,0,0,0,-0,0,3.12568,1.94155,-2.9002,0,-1.22023e-05,0.000119163,-4.03861e-05,0.000422426,0.00071663,0,0,0,0,0,0,0,0,0,0,0,0,0,0,0,0,0,0,0,0,0,0,0,0,0,0,0,0,0,0,0,0,0,0,0,0,0,0,0,0,1.7524,1.20136,1.31074,-3.78271e-05,4.51485e-05,0.000297908,-4.94374e-05,0.000641892,0.00120761,0,0,0,0,0,0,0,0,0,0,0,0,0,0,0,0,0,0,0,0,0,0,0,0,0,0,0,0,0,0,0,0,0,0,0,0,0,0,0,0,0,0,0,0,0,0,0,0,0,0,0,0,1,0,0,0,0,0,1.3157,0.2333,4.2109,0,0,0,0,0,0,0,-0,0,1.56006,0,0,0,0,0,0,0,0,0,0,0,0,0,0,0,0,0,0,0,0,0,0,0,0,0,0,0,0,0
3.45,0,0,0,0,-0,0,3.12568,1.94158,-2.90021,-2.19796e-05,0.000293061,-4.05439e-05,-0.000105091,0.00177548,3.9647e-05,0,0,0,0,0,0,0,0,0,0,0,0,0,0,0,0,0,0,0,0,0,0,0,0,0,0,0,0,0,0,0,0,0,0,0,0,0,0,0,0,1.75241,1.20139,1.31069,5.617e-05,0.000286955,-0.000447175,0.000350208,0.00159289,-0.00211067,0,0,0,0,0,0,0,0,0,0,0,0,0,0,0,0,0,0,0,0,0,0,0,0,0,0,0,0,0,0,0,0,0,0,0,0,0,0,0,0,0,0,0,0,0,0,0,0,0,0,0,0,1,0,0,0,0,0,1.3157,0.2333,4.2109,0,0,0,0,0,0,0,-0,0,1.56005,0,0,0,0,0,0,0,0,0,0,0,0,0,0,0,0,0,0,0,0,0,0,0,0,0,0,0,0,0
3.5,0,0,0,0,-0,0,3.12568,1.94158,-2.90021,-2.19796e-05,0.000293061,-4.05439e-05,-0.000105091,0.00177548,3.9647e-05,0,0,0,0,0,0,0,0,0,0,0,0,0,0,0,0,0,0,0,0,0,0,0,0,0,0,0,0,0,0,0,0,0,0,0,0,0,0,0,0,1.75241,1.20139,1.31069,5.617e-05,0.000286955,-0.000447175,0.000350208,0.00159289,-0.00211067,0,0,0,0,0,0,0,0,0,0,0,0,0,0,0,0,0,0,0,0,0,0,0,0,0,0,0,0,0,0,0,0,0,0,0,0,0,0,0,0,0,0,0,0,0,0,0,0,0,0,0,0,1,0,0,0,0,0,1.3157,0.2333,4.2109,0,0,0,0,0,0,0,-0,0,1.56005,0,0,0,0,0,0,0,0,0,0,0,0,0,0,0,0,0,0,0,0,0,0,0,0,0,0,0,0,0
3.55,0,0,0,0,-0,0,3.12568,1.94158,-2.90021,-2.19796e-05,0.000293061,-4.05439e-05,-0.000105091,0.00177548,3.9647e-05,0,0,0,0,0,0,0,0,0,0,0,0,0,0,0,0,0,0,0,0,0,0,0,0,0,0,0,0,0,0,0,0,0,0,0,0,0,0,0,0,1.75241,1.20139,1.31069,5.617e-05,0.000286955,-0.000447175,0.000350208,0.00159289,-0.00211067,0,0,0,0,0,0,0,0,0,0,0,0,0,0,0,0,0,0,0,0,0,0,0,0,0,0,0,0,0,0,0,0,0,0,0,0,0,0,0,0,0,0,0,0,0,0,0,0,0,0,0,0,1,0,0,0,0,0,1.3157,0.2333,4.2109,0,0,0,0,0,0,0,-0,0,1.56005,0,0,0,0,0,0,0,0,0,0,0,0,0,0,0,0,0,0,0,0,0,0,0,0,0,0,0,0,0
3.6,0,0,0,0,-0,0,3.12568,1.94158,-2.90017,1.68678e-05,3.01212e-05,0.000298858,8.38774e-05,0.000210699,0.0012809,0,0,0,0,0,0,0,0,0,0,0,0,0,0,0,0,0,0,0,0,0,0,0,0,0,0,0,0,0,0,0,0,0,0,0,0,0,0,0,0,1.75241,1.20138,1.3107,-1.08436e-05,-6.26521e-05,9.53054e-05,-3.95538e-06,-0.000313763,0.00045397,0,0,0,0,0,0,0,0,0,0,0,0,0,0,0,0,0,0,0,0,0,0,0,0,0,0,0,0,0,0,0,0,0,0,0,0,0,0,0,0,0,0,0,0,0,0,0,0,0,0,0,0,1,0,0,0,0,0,1.3074,0.2251,4.2026,0,0,0,0,0,0,0,-0,0,1.56006,0,0,0,0,0,0,0,0,0,0,0,0,0,0,0,0,0,0,0,0,0,0,0,0,0,0,0,0,0
3.65,0,0,0,0,-0,0,3.12568,1.94157,-2.9002,2.41674e-05,-0.000158297,-0.000221849,0.000104325,-0.000839624,-0.00115922,0,0,0,0,0,0,0,0,0,0,0,0,0,0,0,0,0,0,0,0,0,0,0,0,0,0,0,0,0,0,0,0,0,0,0,0,0,0,0,0,1.75239,1.20136,1.31069,-0.000175213,-0.000246507,-0.000142785,-0.000707638,-0.00117828,-0.000338965,0,0,0,0,0,0,0,0,0,0,0,0,0,0,0,0,0,0,0,0,0,0,0,0,0,0,0,0,0,0,0,0,0,0,0,0,0,0,0,0,0,0,0,0,0,0,0,0,0,0,0,0,1,0,0,0,0,0,1.3074,0.2251,4.2026,0,0,0,0,0,0,0,-0,0,1.56008,0,0,0,0,0,0,0,0,0,0,0,0,0,0,0,0,0,0,0,0,0,0,0,0,0,0,0,0,0
3.7,0,0,0,0,-0,0,3.12568,1.94157,-2.9002,2.41674e-05,-0.000158297,-0.000221849,0.000104325,-0.000839624,-0.00115922,0,0,0,0,0,0,0,0,0,0,0,0,0,0,0,0,0,0,0,0,0,0,0,0,0,0,0,0,0,0,0,0,0,0,0,0,0,0,0,0,1.75239,1.20136,1.31069,-0.000175213,-0.000246507,-0.000142785,-0.000707638,-0.00117828,-0.000338965,0,0,0,0,0,0,0,0,0,0,0,0,0,0,0,0,0,0,0,0,0,0,0,0,0,0,0,0,0,0,0,0,0,0,0,0,0,0,0,0,0,0,0,0,0,0,0,0,0,0,0,0,1,0,0,0,0,0,1.3074,0.2251,4.2026,0,0,0,0,0,0,0,-0,0,1.56008,0,0,0,0,0,0,0,0,0,0,0,0,0,0,0,0,0,0,0,0,0,0,0,0,0,0,0,0,0
3.75,0,0,0,0,-0,0,3.12567,1.94156,-2.90022,-5.99925e-05,-9.62379e-05,-0.00024411,-0.000270449,-0.000391084,-0.00110084,0,0,0,0,0,0,0,0,0,0,0,0,0,0,0,0,0,0,0,0,0,0,0,0,0,0,0,0,0,0,0,0,0,0,0,0,0,0,0,0,1.75241,1.20137,1.3107,0.000172479,0.000106237,0.000123276,0.000871803,0.000590339,0.000755586,0,0,0,0,0,0,0,0,0,0,0,0,0,0,0,0,0,0,0,0,0,0,0,0,0,0,0,0,0,0,0,0,0,0,0,0,0,0,0,0,0,0,0,0,0,0,0,0,0,0,0,0,1,0,0,0,0,0,1.3074,0.2251,4.2026,0,0,0,0,0,0,0,-0,0,1.56005,0,0,0,0,0,0,0,0,0,0,0,0,0,0,0,0,0,0,0,0,0,0,0,0,0,0,0,0,0
3.8,0,0,0,0,-0,0,3.12567,1.94156,-2.90022,-5.99925e-05,-9.62379e-05,-0.00024411,-0.000270449,-0.000391084,-0.00110084,0,0,0,0,0,0,0,0,0,0,0,0,0,0,0,0,0,0,0,0,0,0,0,0,0,0,0,0,0,0,0,0,0,0,0,0,0,0,0,0,1.75241,1.20137,1.3107,0.000172479,0.000106237,0.000123276,0.000871803,0.000590339,0.000755586,0,0,0,0,0,0,0,0,0,0,0,0,0,0,0,0,0,0,0,0,0,0,0,0,0,0,0,0,0,0,0,0,0,0,0,0,0,0,0,0,0,0,0,0,0,0,0,0,0,0,0,0,1,0,0,0,0,0,1.3135,0.2311,4.2087,0,0,0,0,0,0,0,-0,0,1.56005,0,0,0,0,0,0,0,0,0,0,0,0,0,0,0,0,0,0,0,0,0,0,0,0,0,0,0,0,0
3.85,0,0,0,0,-0,0,3.12567,1.94156,-2.90022,-5.99925e-05,-9.62379e-05,-0.00024411,-0.000270449,-0.000391084,-0.00110084,0,0,0,0,0,0,0,0,0,0,0,0,0,0,0,0,0,0,0,0,0,0,0,0,0,0,0,0,0,0,0,0,0,0,0,0,0,0,0,0,1.75241,1.20137,1.3107,0.000172479,0.000106237,0.000123276,0.000871803,0.000590339,0.000755586,0,0,0,0,0,0,0,0,0,0,0,0,0,0,0,0,0,0,0,0,0,0,0,0,0,0,0,0,0,0,0,0,0,0,0,0,0,0,0,0,0,0,0,0,0,0,0,0,0,0,0,0,1,0,0,0,0,0,1.3135,0.2311,4.2087,0,0,0,0,0,0,0,-0,0,1.56005,0,0,0,0,0,0,0,0,0,0,0,0,0,0,0,0,0,0,0,0,0,0,0,0,0,0,0,0,0
3.9,0,0,0,0,-0,0,3.12568,1.94156,-2.90021,1.95401e-05,-1.22126e-06,7.15579e-05,9.99392e-05,0.000196921,0.000587279,0,0,0,0,0,0,0,0,0,0,0,0,0,0,0,0,0,0,0,0,0,0,0,0,0,0,0,0,0,0,0,0,0,0,0,0,0,0,0,0,1.75241,1.20136,1.31072,2.19826e-05,-8.5488e-06,0.000163391,0.000149144,0.00014261,0.000771832,0,0,0,0,0,0,0,0,0,0,0,0,0,0,0,0,0,0,0,0,0,0,0,0,0,0,0,0,0,0,0,0,0,0,0,0,0,0,0,0,0,0,0,0,0,0,0,0,0,0,0,0,1,0,0,0,0,0,1.3135,0.2311,4.2087,0,0,0,0,0,0,0,-0,0,1.56005,0,0,0,0,0,0,0,0,0,0,0,0,0,0,0,0,0,0,0,0,0,0,0,0,0,0,0,0,0
3.95,0,0,0,0,-0,0,3.12568,1.94157,-2.9002,-2.37462e-06,0.000135353,0.000129862,2.36319e-05,0.000747875,0.000821213,0,0,0,0,0,0,0,0,0,0,0,0,0,0,0,0,0,0,0,0,0,0,0,0,0,0,0,0,0,0,0,0,0,0,0,0,0,0,0,0,1.7524,1.20137,1.3107,-4.6305e-05,9.49846e-05,-0.000193633,-0.000285481,0.000438272,-0.000967698,0,0,0,0,0,0,0,0,0,0,0,0,0,0,0,0,0,0,0,0,0,0,0,0,0,0,0,0,0,0,0,0,0,0,0,0,0,0,0,0,0,0,0,0,0,0,0,0,0,0,0,0,1,0,0,0,0,0,1.3135,0.2311,4.2087,0,0,0,0,0,0,0,-0,0,1.56005,0,0,0,0,0,0,0,0,0,0,0,0,0,0,0,0,0,0,0,0,0,0,0,0,0,0,0,0,0
4,0,0,0,0,-0,0,3.12568,1.94157,-2.9002,-2.37462e-06,0.000135353,0.000129862,2.36319e-05,0.000747875,0.000821213,0,0,0,0,0,0,0,0,0,0,0,0,0,0,0,0,0,0,0,0,0,0,0,0,0,0,0,0,0,0,0,0,0,0,0,0,0,0,0,0,1.7524,1.20137,1.3107,-4.6305e-05,9.49846e-05,-0.000193633,-0.000285481,0.000438272,-0.000967698,0,0,0,0,0,0,0,0,0,0,0,0,0,0,0,0,0,0,0,0,0,0,0,0,0,0,0,0,0,0,0,0,0,0,0,0,0,0,0,0,0,0,0,0,0,0,0,0,0,0,0,0,1,0,0,0,0,0,1.3157,0.2333,4.2109,0,0,0,0,0,0,0,-0,0,1.56005,0,0,0,0,0,0,0,0,0,0,0,0,0,0,0,0,0,0,0,0,0,0,0,0,0,0,0,0,0
4.05,0,0,0,0,-0,0,3.12568,1.94157,-2.90019,2.51139e-06,2.38582e-05,0.000120174,2.36403e-05,6.56197e-05,0.000472464,0,0,0,0,0,0,0,0,0,0,0,0,0,0,0,0,0,0,0,0,0,0,0,0,0,0,0,0,0,0,0,0,0,0,0,0,0,0,0,0,1.75241,1.20137,1.31071,7.53419e-05,3.76709e-06,0.000182714,0.000258542,-6.9931e-05,0.00070157,0,0,0,0,0,0,0,0,0,0,0,0,0,0,0,0,0,0,0,0,0,0,0,0,0,0,0,0,0,0,0,0,0,0,0,0,0,0,0,0,0,0,0,0,0,0,0,0,0,0,0,0,1,0,0,0,0,0,1.3157,0.2333,4.2109,0,0,0,0,0,0,0,-0,0,1.56005,0,0,0,0,0,0,0,0,0,0,0,0,0,0,0,0,0,0,0,0,0,0,0,0,0,0,0,0,0
4.1,0,0,0,0,-0,0,3.12568,1.94157,-2.90019,2.51139e-06,2.38582e-05,0.000120174,2.36403e-05,6.56197e-05,0.000472464,0,0,0,0,0,0,0,0,0,0,0,0,0,0,0,0,0,0,0,0,0,0,0,0,0,0,0,0,0,0,0,0,0,0,0,0,0,0,0,0,1.75241,1.20137,1.31071,7.53419e-05,3.76709e-06,0.000182714,0.000258542,-6.9931e-05,0.00070157,0,0,0,0,0,0,0,0,0,0,0,0,0,0,0,0,0,0,0,0,0,0,0,0,0,0,0,0,0,0,0,0,0,0,0,0,0,0,0,0,0,0,0,0,0,0,0,0,0,0,0,0,1,0,0,0,0,0,1.3157,0.2333,4.2109,0,0,0,0,0,0,0,-0,0,1.56005,0,0,0,0,0,0,0,0,0,0,0,0,0,0,0,0,0,0,0,0,0,0,0,0,0,0,0,0,0
4.15,0,0,0,0,-0,0,3.12568,1.94158,-2.90018,0,9.82114e-05,0.000133338,4.53046e-06,0.000266415,0.000327573,0,0,0,0,0,0,0,0,0,0,0,0,0,0,0,0,0,0,0,0,0,0,0,0,0,0,0,0,0,0,0,0,0,0,0,0,0,0,0,0,1.75241,1.20138,1.3107,3.59308e-06,7.90478e-05,-0.000147373,-5.18712e-05,0.000194195,-0.000661194,0,0,0,0,0,0,0,0,0,0,0,0,0,0,0,0,0,0,0,0,0,0,0,0,0,0,0,0,0,0,0,0,0,0,0,0,0,0,0,0,0,0,0,0,0,0,0,0,0,0,0,0,1,0,0,0,0,0,1.3157,0.2333,4.2109,0,0,0,0,0,0,0,-0,0,1.56005,0,0,0,0,0,0,0,0,0,0,0,0,0,0,0,0,0,0,0,0,0,0,0,0,0,0,0,0,0
4.25,0,0,0,0,-0,0,3.12568,1.94158,-2.90018,0,9.82114e-05,0.000133338,4.53046e-06,0.000266415,0.000327573,0,0,0,0,0,0,0,0,0,0,0,0,0,0,0,0,0,0,0,0,0,0,0,0,0,0,0,0,0,0,0,0,0,0,0,0,0,0,0,0,1.75241,1.20138,1.3107,3.59308e-06,7.90478e-05,-0.000147373,-5.18712e-05,0.000194195,-0.000661194,0,0,0,0,0,0,0,0,0,0,0,0,0,0,0,0,0,0,0,0,0,0,0,0,0,0,0,0,0,0,0,0,0,0,0,0,0,0,0,0,0,0,0,0,0,0,0,0,0,0,0,0,1,0,0,0,0,0,1.2681,0.1856,4.1632,0,0,0,0,0,0,0,-0,0,1.56005,0,0,0,0,0,0,0,0,0,0,0,0,0,0,0,0,0,0,0,0,0,0,0,0,0,0,0,0,0
4.3,0,0,0,0,-0,0,3.12568,1.94157,-2.90019,3.44367e-05,-0.000174643,-0.000187365,0.000137466,-0.000914003,-0.00112274,0,0,0,0,0,0,0,0,0,0,0,0,0,0,0,0,0,0,0,0,0,0,0,0,0,0,0,0,0,0,0,0,0,0,0,0,0,0,0,0,1.75241,1.20137,1.31072,-3.93564e-05,-0.000129138,0.000178958,-0.000246637,-0.000684547,0.000726963,0,0,0,0,0,0,0,0,0,0,0,0,0,0,0,0,0,0,0,0,0,0,0,0,0,0,0,0,0,0,0,0,0,0,0,0,0,0,0,0,0,0,0,0,0,0,0,0,0,0,0,0,1,0,0,0,0,0,1.2681,0.1856,4.1632,0,0,0,0,0,0,0,-0,0,1.56005,0,0,0,0,0,0,0,0,0,0,0,0,0,0,0,0,0,0,0,0,0,0,0,0,0,0,0,0,0
4.35,0,0,0,0,-0,0,3.12568,1.94157,-2.90019,3.44367e-05,-0.000174643,-0.000187365,0.000137466,-0.000914003,-0.00112274,0,0,0,0,0,0,0,0,0,0,0,0,0,0,0,0,0,0,0,0,0,0,0,0,0,0,0,0,0,0,0,0,0,0,0,0,0,0,0,0,1.75241,1.20137,1.31072,-3.93564e-05,-0.000129138,0.000178958,-0.000246637,-0.000684547,0.000726963,0,0,0,0,0,0,0,0,0,0,0,0,0,0,0,0,0,0,0,0,0,0,0,0,0,0,0,0,0,0,0,0,0,0,0,0,0,0,0,0,0,0,0,0,0,0,0,0,0,0,0,0,1,0,0,0,0,0,1.2681,0.1856,4.1632,0,0,0,0,0,0,0,-0,0,1.56005,0,0,0,0,0,0,0,0,0,0,0,0,0,0,0,0,0,0,0,0,0,0,0,0,0,0,0,0,0
4.4,0,0,0,0,-0,0,3.12568,1.94156,-2.9002,4.82482e-06,-0.000121827,-2.12028e-05,-1.69754e-05,-0.000505884,-0.000216035,0,0,0,0,0,0,0,0,0,0,0,0,0,0,0,0,0,0,0,0,0,0,0,0,0,0,0,0,0,0,0,0,0,0,0,0,0,0,0,0,1.75242,1.20138,1.31071,0.000125445,6.87537e-05,-7.77437e-05,0.000484591,0.000260325,-0.00040038,0,0,0,0,0,0,0,0,0,0,0,0,0,0,0,0,0,0,0,0,0,0,0,0,0,0,0,0,0,0,0,0,0,0,0,0,0,0,0,0,0,0,0,0,0,0,0,0,0,0,0,0,1,0,0,0,0,0,1.2681,0.1856,4.1632,0,0,0,0,0,0,0,-0,0,1.56003,0,0,0,0,0,0,0,0,0,0,0,0,0,0,0,0,0,0,0,0,0,0,0,0,0,0,0,0,0
4.45,0,0,0,0,-0,0,3.12568,1.94156,-2.9002,4.82482e-06,-0.000121827,-2.12028e-05,-1.69754e-05,-0.000505884,-0.000216035,0,0,0,0,0,0,0,0,0,0,0,0,0,0,0,0,0,0,0,0,0,0,0,0,0,0,0,0,0,0,0,0,0,0,0,0,0,0,0,0,1.75242,1.20138,1.31071,0.000125445,6.87537e-05,-7.77437e-05,0.000484591,0.000260325,-0.00040038,0,0,0,0,0,0,0,0,0,0,0,0,0,0,0,0,0,0,0,0,0,0,0,0,0,0,0,0,0,0,0,0,0,0,0,0,0,0,0,0,0,0,0,0,0,0,0,0,0,0,0,0,1,0,0,0,0,0,1.3715,0.2891,4.2667,0,0,0,0,0,0,0,-0,0,1.56003,0,0,0,0,0,0,0,0,0,0,0,0,0,0,0,0,0,0,0,0,0,0,0,0,0,0,0,0,0
4.5,0,0,0,0,-0,0,3.12568,1.94157,-2.90022,-4.00458e-05,0.000170195,-0.000217534,-0.000210308,0.000921269,-0.000785976,0,0,0,0,0,0,0,0,0,0,0,0,0,0,0,0,0,0,0,0,0,0,0,0,0,0,0,0,0,0,0,0,0,0,0,0,0,0,0,0,1.7524,1.20137,1.31073,-0.000177703,-7.25831e-05,0.000230977,-0.000822694,-0.000280866,0.000837865,0,0,0,0,0,0,0,0,0,0,0,0,0,0,0,0,0,0,0,0,0,0,0,0,0,0,0,0,0,0,0,0,0,0,0,0,0,0,0,0,0,0,0,0,0,0,0,0,0,0,0,0,1,0,0,0,0,0,1.3715,0.2891,4.2667,0,0,0,0,0,0,0,-0,0,1.56006,0,0,0,0,0,0,0,0,0,0,0,0,0,0,0,0,0,0,0,0,0,0,0,0,0,0,0,0,0
4.55,0,0,0,0,-0,0,3.12568,1.94157,-2.90022,-4.00458e-05,0.000170195,-0.000217534,-0.000210308,0.000921269,-0.000785976,0,0,0,0,0,0,0,0,0,0,0,0,0,0,0,0,0,0,0,0,0,0,0,0,0,0,0,0,0,0,0,0,0,0,0,0,0,0,0,0,1.7524,1.20137,1.31073,-0.000177703,-7.25831e-05,0.000230977,-0.000822694,-0.000280866,0.000837865,0,0,0,0,0,0,0,0,0,0,0,0,0,0,0,0,0,0,0,0,0,0,0,0,0,0,0,0,0,0,0,0,0,0,0,0,0,0,0,0,0,0,0,0,0,0,0,0,0,0,0,0,1,0,0,0,0,0,1.3715,0.2891,4.2667,0,0,0,0,0,0,0,-0,0,1.56006,0,0,0,0,0,0,0,0,0,0,0,0,0,0,0,0,0,0,0,0,0,0,0,0,0,0,0,0,0
4.6,0,0,0,0,-0,0,3.12568,1.94157,-2.90016,9.76362e-06,-4.88181e-05,0.000579238,4.31612e-05,-0.00011505,0.00261605,0,0,0,0,0,0,0,0,0,0,0,0,0,0,0,0,0,0,0,0,0,0,0,0,0,0,0,0,0,0,0,0,0,0,0,0,0,0,0,0,1.75242,1.20139,1.31072,0.000180627,0.000159879,-0.000144213,0.000746532,0.000681222,-0.00080957,0,0,0,0,0,0,0,0,0,0,0,0,0,0,0,0,0,0,0,0,0,0,0,0,0,0,0,0,0,0,0,0,0,0,0,0,0,0,0,0,0,0,0,0,0,0,0,0,0,0,0,0,1,0,0,0,0,0,1.3715,0.2891,4.2667,0,0,0,0,0,0,0,-0,0,1.56003,0,0,0,0,0,0,0,0,0,0,0,0,0,0,0,0,0,0,0,0,0,0,0,0,0,0,0,0,0
4.65,0,0,0,0,-0,0,3.12568,1.94157,-2.90016,9.76362e-06,-4.88181e-05,0.000579238,4.31612e-05,-0.00011505,0.00261605,0,0,0,0,0,0,0,0,0,0,0,0,0,0,0,0,0,0,0,0,0,0,0,0,0,0,0,0,0,0,0,0,0,0,0,0,0,0,0,0,1.75242,1.20139,1.31072,0.000180627,0.000159879,-0.000144213,0.000746532,0.000681222,-0.00080957,0,0,0,0,0,0,0,0,0,0,0,0,0,0,0,0,0,0,0,0,0,0,0,0,0,0,0,0,0,0,0,0,0,0,0,0,0,0,0,0,0,0,0,0,0,0,0,0,0,0,0,0,1,0,0,0,0,0,1.3554,0.273,4.2506,0,0,0,0,0,0,0,-0,0,1.56003,0,0,0,0,0,0,0,0,0,0,0,0,0,0,0,0,0,0,0,0,0,0,0,0,0,0,0,0,0
4.7,0,0,0,0,-0,0,3.12568,1.94156,-2.9002,6.37173e-06,-6.05314e-05,-0.000317342,4.70526e-05,-0.000262158,-0.00158978,0,0,0,0,0,0,0,0,0,0,0,0,0,0,0,0,0,0,0,0,0,0,0,0,0,0,0,0,0,0,0,0,0,0,0,0,0,0,0,0,1.75241,1.20137,1.3107,-0.000131682,-0.000118939,-0.000176301,-0.000599023,-0.000586449,-0.000841312,0,0,0,0,0,0,0,0,0,0,0,0,0,0,0,0,0,0,0,0,0,0,0,0,0,0,0,0,0,0,0,0,0,0,0,0,0,0,0,0,0,0,0,0,0,0,0,0,0,0,0,0,1,0,0,0,0,0,1.3554,0.273,4.2506,0,0,0,0,0,0,0,-0,0,1.56005,0,0,0,0,0,0,0,0,0,0,0,0,0,0,0,0,0,0,0,0,0,0,0,0,0,0,0,0,0
4.75,0,0,0,0,-0,0,3.12568,1.94156,-2.9002,6.37173e-06,-6.05314e-05,-0.000317342,4.70526e-05,-0.000262158,-0.00158978,0,0,0,0,0,0,0,0,0,0,0,0,0,0,0,0,0,0,0,0,0,0,0,0,0,0,0,0,0,0,0,0,0,0,0,0,0,0,0,0,1.75241,1.20137,1.3107,-0.000131682,-0.000118939,-0.000176301,-0.000599023,-0.000586449,-0.000841312,0,0,0,0,0,0,0,0,0,0,0,0,0,0,0,0,0,0,0,0,0,0,0,0,0,0,0,0,0,0,0,0,0,0,0,0,0,0,0,0,0,0,0,0,0,0,0,0,0,0,0,0,1,0,0,0,0,0,1.3554,0.273,4.2506,0,0,0,0,0,0,0,-0,0,1.56005,0,0,0,0,0,0,0,0,0,0,0,0,0,0,0,0,0,0,0,0,0,0,0,0,0,0,0,0,0
4.8,0,0,0,0,-0,0,3.12568,1.94156,-2.9002,6.37173e-06,-6.05314e-05,-0.000317342,4.70526e-05,-0.000262158,-0.00158978,0,0,0,0,0,0,0,0,0,0,0,0,0,0,0,0,0,0,0,0,0,0,0,0,0,0,0,0,0,0,0,0,0,0,0,0,0,0,0,0,1.75241,1.20137,1.3107,-0.000131682,-0.000118939,-0.000176301,-0.000599023,-0.000586449,-0.000841312,0,0,0,0,0,0,0,0,0,0,0,0,0,0,0,0,0,0,0,0,0,0,0,0,0,0,0,0,0,0,0,0,0,0,0,0,0,0,0,0,0,0,0,0,0,0,0,0,0,0,0,0,1,0,0,0,0,0,1.3554,0.273,4.2506,0,0,0,0,0,0,0,-0,0,1.56005,0,0,0,0,0,0,0,0,0,0,0,0,0,0,0,0,0,0,0,0,0,0,0,0,0,0,0,0,0
4.85,0,0,0,0,-0,0,3.12568,1.94156,-2.9002,6.37173e-06,-6.05314e-05,-0.000317342,4.70526e-05,-0.000262158,-0.00158978,0,0,0,0,0,0,0,0,0,0,0,0,0,0,0,0,0,0,0,0,0,0,0,0,0,0,0,0,0,0,0,0,0,0,0,0,0,0,0,0,1.75241,1.20137,1.3107,-0.000131682,-0.000118939,-0.000176301,-0.000599023,-0.000586449,-0.000841312,0,0,0,0,0,0,0,0,0,0,0,0,0,0,0,0,0,0,0,0,0,0,0,0,0,0,0,0,0,0,0,0,0,0,0,0,0,0,0,0,0,0,0,0,0,0,0,0,0,0,0,0,1,0,0,0,0,0,1.3966,0.3142,4.2918,0,0,0,0,0,0,0,-0,0,1.56005,0,0,0,0,0,0,0,0,0,0,0,0,0,0,0,0,0,0,0,0,0,0,0,0,0,0,0,0,0
4.9,0,0,0,0,-0,0,3.12568,1.94156,-2.9002,6.37173e-06,-6.05314e-05,-0.000317342,4.70526e-05,-0.000262158,-0.00158978,0,0,0,0,0,0,0,0,0,0,0,0,0,0,0,0,0,0,0,0,0,0,0,0,0,0,0,0,0,0,0,0,0,0,0,0,0,0,0,0,1.75241,1.20137,1.3107,-0.000131682,-0.000118939,-0.000176301,-0.000599023,-0.000586449,-0.000841312,0,0,0,0,0,0,0,0,0,0,0,0,0,0,0,0,0,0,0,0,0,0,0,0,0,0,0,0,0,0,0,0,0,0,0,0,0,0,0,0,0,0,0,0,0,0,0,0,0,0,0,0,1,0,0,0,0,0,1.3966,0.3142,4.2918,0,0,0,0,0,0,0,-0,0,1.56005,0,0,0,0,0,0,0,0,0,0,0,0,0,0,0,0,0,0,0,0,0,0,0,0,0,0,0,0,0
4.95,0,0,0,0,-0,0,3.12567,1.94158,-2.90022,-2.87223e-05,0.000223251,-0.000285591,-0.000113171,0.000974656,-0.00121228,0,0,0,0,0,0,0,0,0,0,0,0,0,0,0,0,0,0,0,0,0,0,0,0,0,0,0,0,0,0,0,0,0,0,0,0,0,0,0,0,1.75242,1.20138,1.3107,0.000122723,0.000122723,7.77727e-05,0.000537077,0.000498191,0.000585506,0,0,0,0,0,0,0,0,0,0,0,0,0,0,0,0,0,0,0,0,0,0,0,0,0,0,0,0,0,0,0,0,0,0,0,0,0,0,0,0,0,0,0,0,0,0,0,0,0,0,0,0,1,0,0,0,0,0,1.3966,0.3142,4.2918,0,0,0,0,0,0,0,-0,0,1.56004,0,0,0,0,0,0,0,0,0,0,0,0,0,0,0,0,0,0,0,0,0,0,0,0,0,0,0,0,0
5,0,0,0,0,-0,0,3.12568,1.94157,-2.9002,2.60181e-05,-0.000153507,0.000238838,0.000122001,-0.000699605,0.00130167,0,0,0,0,0,0,0,0,0,0,0,0,0,0,0,0,0,0,0,0,0,0,0,0,0,0,0,0,0,0,0,0,0,0,0,0,0,0,0,0,1.75241,1.20137,1.31069,-0.000106674,-0.000179525,-0.000102904,-0.000421018,-0.000737851,-0.000179867,0,0,0,0,0,0,0,0,0,0,0,0,0,0,0,0,0,0,0,0,0,0,0,0,0,0,0,0,0,0,0,0,0,0,0,0,0,0,0,0,0,0,0,0,0,0,0,0,0,0,0,0,1,0,0,0,0,0,1.3966,0.3142,4.2918,0,0,0,0,0,0,0,-0,0,1.56005,0,0,0,0,0,0,0,0,0,0,0,0,0,0,0,0,0,0,0,0,0,0,0,0,0,0,0,0,0
5.05,0,0,0,0,-0,0,3.12568,1.94157,-2.9002,2.60181e-05,-0.000153507,0.000238838,0.000122001,-0.000699605,0.00130167,0,0,0,0,0,0,0,0,0,0,0,0,0,0,0,0,0,0,0,0,0,0,0,0,0,0,0,0,0,0,0,0,0,0,0,0,0,0,0,0,1.75241,1.20137,1.31069,-0.000106674,-0.000179525,-0.000102904,-0.000421018,-0.000737851,-0.000179867,0,0,0,0,0,0,0,0,0,0,0,0,0,0,0,0,0,0,0,0,0,0,0,0,0,0,0,0,0,0,0,0,0,0,0,0,0,0,0,0,0,0,0,0,0,0,0,0,0,0,0,0,1,0,0,0,0,0,1.3157,0.2333,4.2109,0,0,0,0,0,0,0,-0,0,1.56005,0,0,0,0,0,0,0,0,0,0,0,0,0,0,0,0,0,0,0,0,0,0,0,0,0,0,0,0,0
5.1,0,0,0,0,-0,0,3.12568,1.94157,-2.9002,2.60181e-05,-0.000153507,0.000238838,0.000122001,-0.000699605,0.00130167,0,0,0,0,0,0,0,0,0,0,0,0,0,0,0,0,0,0,0,0,0,0,0,0,0,0,0,0,0,0,0,0,0,0,0,0,0,0,0,0,1.75241,1.20137,1.31069,-0.000106674,-0.000179525,-0.000102904,-0.000421018,-0.000737851,-0.000179867,0,0,0,0,0,0,0,0,0,0,0,0,0,0,0,0,0,0,0,0,0,0,0,0,0,0,0,0,0,0,0,0,0,0,0,0,0,0,0,0,0,0,0,0,0,0,0,0,0,0,0,0,1,0,0,0,0,0,1.3157,0.2333,4.2109,0,0,0,0,0,0,0,-0,0,1.56005,0,0,0,0,0,0,0,0,0,0,0,0,0,0,0,0,0,0,0,0,0,0,0,0,0,0,0,0,0
5.15,0,0,0,0,-0,0,3.12568,1.94157,-2.9002,2.60181e-05,-0.000153507,0.000238838,0.000122001,-0.000699605,0.00130167,0,0,0,0,0,0,0,0,0,0,0,0,0,0,0,0,0,0,0,0,0,0,0,0,0,0,0,0,0,0,0,0,0,0,0,0,0,0,0,0,1.75241,1.20137,1.31069,-0.000106674,-0.000179525,-0.000102904,-0.000421018,-0.000737851,-0.000179867,0,0,0,0,0,0,0,0,0,0,0,0,0,0,0,0,0,0,0,0,0,0,0,0,0,0,0,0,0,0,0,0,0,0,0,0,0,0,0,0,0,0,0,0,0,0,0,0,0,0,0,0,1,0,0,0,0,0,1.3157,0.2333,4.2109,0,0,0,0,0,0,0,-0,0,1.56005,0,0,0,0,0,0,0,0,0,0,0,0,0,0,0,0,0,0,0,0,0,0,0,0,0,0,0,0,0
5.2,0,0,0,0,-0,0,3.12568,1.94157,-2.9002,2.60181e-05,-0.000153507,0.000238838,0.000122001,-0.000699605,0.00130167,0,0,0,0,0,0,0,0,0,0,0,0,0,0,0,0,0,0,0,0,0,0,0,0,0,0,0,0,0,0,0,0,0,0,0,0,0,0,0,0,1.75241,1.20137,1.31069,-0.000106674,-0.000179525,-0.000102904,-0.000421018,-0.000737851,-0.000179867,0,0,0,0,0,0,0,0,0,0,0,0,0,0,0,0,0,0,0,0,0,0,0,0,0,0,0,0,0,0,0,0,0,0,0,0,0,0,0,0,0,0,0,0,0,0,0,0,0,0,0,0,1,0,0,0,0,0,1.3157,0.2333,4.2109,0,0,0,0,0,0,0,-0,0,1.56005,0,0,0,0,0,0,0,0,0,0,0,0,0,0,0,0,0,0,0,0,0,0,0,0,0,0,0,0,0
5.25,0,0,0,0,-0,0,3.12568,1.94157,-2.9002,2.60181e-05,-0.000153507,0.000238838,0.000122001,-0.000699605,0.00130167,0,0,0,0,0,0,0,0,0,0,0,0,0,0,0,0,0,0,0,0,0,0,0,0,0,0,0,0,0,0,0,0,0,0,0,0,0,0,0,0,1.75241,1.20137,1.31069,-0.000106674,-0.000179525,-0.000102904,-0.000421018,-0.000737851,-0.000179867,0,0,0,0,0,0,0,0,0,0,0,0,0,0,0,0,0,0,0,0,0,0,0,0,0,0,0,0,0,0,0,0,0,0,0,0,0,0,0,0,0,0,0,0,0,0,0,0,0,0,0,0,1,0,0,0,0,0,1.3136,0.2312,4.2088,0,0,0,0,0,0,0,-0,0,1.56005,0,0,0,0,0,0,0,0,0,0,0,0,0,0,0,0,0,0,0,0,0,0,0,0,0,0,0,0,0
5.3,0,0,0,0,-0,0,3.12568,1.94157,-2.9002,2.60181e-05,-0.000153507,0.000238838,0.000122001,-0.000699605,0.00130167,0,0,0,0,0,0,0,0,0,0,0,0,0,0,0,0,0,0,0,0,0,0,0,0,0,0,0,0,0,0,0,0,0,0,0,0,0,0,0,0,1.75241,1.20137,1.31069,-0.000106674,-0.000179525,-0.000102904,-0.000421018,-0.000737851,-0.000179867,0,0,0,0,0,0,0,0,0,0,0,0,0,0,0,0,0,0,0,0,0,0,0,0,0,0,0,0,0,0,0,0,0,0,0,0,0,0,0,0,0,0,0,0,0,0,0,0,0,0,0,0,1,0,0,0,0,0,1.3136,0.2312,4.2088,0,0,0,0,0,0,0,-0,0,1.56005,0,0,0,0,0,0,0,0,0,0,0,0,0,0,0,0,0,0,0,0,0,0,0,0,0,0,0,0,0
5.35,0,0,0,0,-0,0,3.12568,1.94157,-2.9002,2.60181e-05,-0.000153507,0.000238838,0.000122001,-0.000699605,0.00130167,0,0,0,0,0,0,0,0,0,0,0,0,0,0,0,0,0,0,0,0,0,0,0,0,0,0,0,0,0,0,0,0,0,0,0,0,0,0,0,0,1.75241,1.20137,1.31069,-0.000106674,-0.000179525,-0.000102904,-0.000421018,-0.000737851,-0.000179867,0,0,0,0,0,0,0,0,0,0,0,0,0,0,0,0,0,0,0,0,0,0,0,0,0,0,0,0,0,0,0,0,0,0,0,0,0,0,0,0,0,0,0,0,0,0,0,0,0,0,0,0,1,0,0,0,0,0,1.3136,0.2312,4.2088,0,0,0,0,0,0,0,-0,0,1.56005,0,0,0,0,0,0,0,0,0,0,0,0,0,0,0,0,0,0,0,0,0,0,0,0,0,0,0,0,0
5.4,0,0,0,0,-0,0,3.12568,1.94157,-2.9002,2.60181e-05,-0.000153507,0.000238838,0.000122001,-0.000699605,0.00130167,0,0,0,0,0,0,0,0,0,0,0,0,0,0,0,0,0,0,0,0,0,0,0,0,0,0,0,0,0,0,0,0,0,0,0,0,0,0,0,0,1.75241,1.20137,1.31069,-0.000106674,-0.000179525,-0.000102904,-0.000421018,-0.000737851,-0.000179867,0,0,0,0,0,0,0,0,0,0,0,0,0,0,0,0,0,0,0,0,0,0,0,0,0,0,0,0,0,0,0,0,0,0,0,0,0,0,0,0,0,0,0,0,0,0,0,0,0,0,0,0,1,0,0,0,0,0,1.3136,0.2312,4.2088,0,0,0,0,0,0,0,-0,0,1.56005,0,0,0,0,0,0,0,0,0,0,0,0,0,0,0,0,0,0,0,0,0,0,0,0,0,0,0,0,0
5.45,0,0,0,0,-0,0,3.12568,1.94157,-2.9002,2.60181e-05,-0.000153507,0.000238838,0.000122001,-0.000699605,0.00130167,0,0,0,0,0,0,0,0,0,0,0,0,0,0,0,0,0,0,0,0,0,0,0,0,0,0,0,0,0,0,0,0,0,0,0,0,0,0,0,0,1.75241,1.20137,1.31069,-0.000106674,-0.000179525,-0.000102904,-0.000421018,-0.000737851,-0.000179867,0,0,0,0,0,0,0,0,0,0,0,0,0,0,0,0,0,0,0,0,0,0,0,0,0,0,0,0,0,0,0,0,0,0,0,0,0,0,0,0,0,0,0,0,0,0,0,0,0,0,0,0,1,0,0,0,0,0,1.2276,0.1452,4.1228,0,0,0,0,0,0,0,-0,0,1.56005,0,0,0,0,0,0,0,0,0,0,0,0,0,0,0,0,0,0,0,0,0,0,0,0,0,0,0,0,0
5.5,0,0,0,0,-0,0,3.12568,1.94157,-2.9002,2.60181e-05,-0.000153507,0.000238838,0.000122001,-0.000699605,0.00130167,0,0,0,0,0,0,0,0,0,0,0,0,0,0,0,0,0,0,0,0,0,0,0,0,0,0,0,0,0,0,0,0,0,0,0,0,0,0,0,0,1.75241,1.20137,1.31069,-0.000106674,-0.000179525,-0.000102904,-0.000421018,-0.000737851,-0.000179867,0,0,0,0,0,0,0,0,0,0,0,0,0,0,0,0,0,0,0,0,0,0,0,0,0,0,0,0,0,0,0,0,0,0,0,0,0,0,0,0,0,0,0,0,0,0,0,0,0,0,0,0,1,0,0,0,0,0,1.2276,0.1452,4.1228,0,0,0,0,0,0,0,-0,0,1.56005,0,0,0,0,0,0,0,0,0,0,0,0,0,0,0,0,0,0,0,0,0,0,0,0,0,0,0,0,0
5.55,0,0,0,0,-0,0,3.12568,1.94157,-2.9002,2.60181e-05,-0.000153507,0.000238838,0.000122001,-0.000699605,0.00130167,0,0,0,0,0,0,0,0,0,0,0,0,0,0,0,0,0,0,0,0,0,0,0,0,0,0,0,0,0,0,0,0,0,0,0,0,0,0,0,0,1.75241,1.20137,1.31069,-0.000106674,-0.000179525,-0.000102904,-0.000421018,-0.000737851,-0.000179867,0,0,0,0,0,0,0,0,0,0,0,0,0,0,0,0,0,0,0,0,0,0,0,0,0,0,0,0,0,0,0,0,0,0,0,0,0,0,0,0,0,0,0,0,0,0,0,0,0,0,0,0,1,0,0,0,0,0,1.2276,0.1452,4.1228,0,0,0,0,0,0,0,-0,0,1.56005,0,0,0,0,0,0,0,0,0,0,0,0,0,0,0,0,0,0,0,0,0,0,0,0,0,0,0,0,0
5.6,0,0,0,0,-0,0,3.12568,1.94157,-2.9002,2.60181e-05,-0.000153507,0.000238838,0.000122001,-0.000699605,0.00130167,0,0,0,0,0,0,0,0,0,0,0,0,0,0,0,0,0,0,0,0,0,0,0,0,0,0,0,0,0,0,0,0,0,0,0,0,0,0,0,0,1.75241,1.20137,1.31069,-0.000106674,-0.000179525,-0.000102904,-0.000421018,-0.000737851,-0.000179867,0,0,0,0,0,0,0,0,0,0,0,0,0,0,0,0,0,0,0,0,0,0,0,0,0,0,0,0,0,0,0,0,0,0,0,0,0,0,0,0,0,0,0,0,0,0,0,0,0,0,0,0,1,0,0,0,0,0,1.2276,0.1452,4.1228,0,0,0,0,0,0,0,-0,0,1.56005,0,0,0,0,0,0,0,0,0,0,0,0,0,0,0,0,0,0,0,0,0,0,0,0,0,0,0,0,0
5.65,0,0,0,0,-0,0,3.12568,1.94157,-2.9002,2.60181e-05,-0.000153507,0.000238838,0.000122001,-0.000699605,0.00130167,0,0,0,0,0,0,0,0,0,0,0,0,0,0,0,0,0,0,0,0,0,0,0,0,0,0,0,0,0,0,0,0,0,0,0,0,0,0,0,0,1.75241,1.20137,1.31069,-0.000106674,-0.000179525,-0.000102904,-0.000421018,-0.000737851,-0.000179867,0,0,0,0,0,0,0,0,0,0,0,0,0,0,0,0,0,0,0,0,0,0,0,0,0,0,0,0,0,0,0,0,0,0,0,0,0,0,0,0,0,0,0,0,0,0,0,0,0,0,0,0,1,0,0,0,0,0,1.3793,0.2969,4.2745,0,0,0,0,0,0,0,-0,0,1.56005,0,0,0,0,0,0,0,0,0,0,0,0,0,0,0,0,0,0,0,0,0,0,0,0,0,0,0,0,0
5.7,0,0,0,0,-0,0,3.12568,1.94157,-2.9002,2.60181e-05,-0.000153507,0.000238838,0.000122001,-0.000699605,0.00130167,0,0,0,0,0,0,0,0,0,0,0,0,0,0,0,0,0,0,0,0,0,0,0,0,0,0,0,0,0,0,0,0,0,0,0,0,0,0,0,0,1.75241,1.20137,1.31069,-0.000106674,-0.000179525,-0.000102904,-0.000421018,-0.000737851,-0.000179867,0,0,0,0,0,0,0,0,0,0,0,0,0,0,0,0,0,0,0,0,0,0,0,0,0,0,0,0,0,0,0,0,0,0,0,0,0,0,0,0,0,0,0,0,0,0,0,0,0,0,0,0,1,0,0,0,0,0,1.3793,0.2969,4.2745,0,0,0,0,0,0,0,-0,0,1.56005,0,0,0,0,0,0,0,0,0,0,0,0,0,0,0,0,0,0,0,0,0,0,0,0,0,0,0,0,0
5.75,0,0,0,0,-0,0,3.12568,1.94157,-2.9002,2.60181e-05,-0.000153507,0.000238838,0.000122001,-0.000699605,0.00130167,0,0,0,0,0,0,0,0,0,0,0,0,0,0,0,0,0,0,0,0,0,0,0,0,0,0,0,0,0,0,0,0,0,0,0,0,0,0,0,0,1.75241,1.20137,1.31069,-0.000106674,-0.000179525,-0.000102904,-0.000421018,-0.000737851,-0.000179867,0,0,0,0,0,0,0,0,0,0,0,0,0,0,0,0,0,0,0,0,0,0,0,0,0,0,0,0,0,0,0,0,0,0,0,0,0,0,0,0,0,0,0,0,0,0,0,0,0,0,0,0,1,0,0,0,0,0,1.3793,0.2969,4.2745,0,0,0,0,0,0,0,-0,0,1.56005,0,0,0,0,0,0,0,0,0,0,0,0,0,0,0,0,0,0,0,0,0,0,0,0,0,0,0,0,0
5.8,0,0,0,0,-0,0,3.12568,1.94157,-2.9002,2.60181e-05,-0.000153507,0.000238838,0.000122001,-0.000699605,0.00130167,0,0,0,0,0,0,0,0,0,0,0,0,0,0,0,0,0,0,0,0,0,0,0,0,0,0,0,0,0,0,0,0,0,0,0,0,0,0,0,0,1.75241,1.20137,1.31069,-0.000106674,-0.000179525,-0.000102904,-0.000421018,-0.000737851,-0.000179867,0,0,0,0,0,0,0,0,0,0,0,0,0,0,0,0,0,0,0,0,0,0,0,0,0,0,0,0,0,0,0,0,0,0,0,0,0,0,0,0,0,0,0,0,0,0,0,0,0,0,0,0,1,0,0,0,0,0,1.3793,0.2969,4.2745,0,0,0,0,0,0,0,-0,0,1.56005,0,0,0,0,0,0,0,0,0,0,0,0,0,0,0,0,0,0,0,0,0,0,0,0,0,0,0,0,0
5.85,0,0,0,0,-0,0,3.12568,1.94157,-2.9002,2.60181e-05,-0.000153507,0.000238838,0.000122001,-0.000699605,0.00130167,0,0,0,0,0,0,0,0,0,0,0,0,0,0,0,0,0,0,0,0,0,0,0,0,0,0,0,0,0,0,0,0,0,0,0,0,0,0,0,0,1.75241,1.20137,1.31069,-0.000106674,-0.000179525,-0.000102904,-0.000421018,-0.000737851,-0.000179867,0,0,0,0,0,0,0,0,0,0,0,0,0,0,0,0,0,0,0,0,0,0,0,0,0,0,0,0,0,0,0,0,0,0,0,0,0,0,0,0,0,0,0,0,0,0,0,0,0,0,0,0,1,0,0,0,0,0,1.3157,0.2333,4.2109,0,0,0,0,0,0,0,-0,0,1.56005,0,0,0,0,0,0,0,0,0,0,0,0,0,0,0,0,0,0,0,0,0,0,0,0,0,0,0,0,0
5.9,0,0,0,0,-0,0,3.12568,1.94157,-2.9002,2.60181e-05,-0.000153507,0.000238838,0.000122001,-0.000699605,0.00130167,0,0,0,0,0,0,0,0,0,0,0,0,0,0,0,0,0,0,0,0,0,0,0,0,0,0,0,0,0,0,0,0,0,0,0,0,0,0,0,0,1.75241,1.20137,1.31069,-0.000106674,-0.000179525,-0.000102904,-0.000421018,-0.000737851,-0.000179867,0,0,0,0,0,0,0,0,0,0,0,0,0,0,0,0,0,0,0,0,0,0,0,0,0,0,0,0,0,0,0,0,0,0,0,0,0,0,0,0,0,0,0,0,0,0,0,0,0,0,0,0,1,0,0,0,0,0,1.3157,0.2333,4.2109,0,0,0,0,0,0,0,-0,0,1.56005,0,0,0,0,0,0,0,0,0,0,0,0,0,0,0,0,0,0,0,0,0,0,0,0,0,0,0,0,0
5.95,0,0,0,0,-0,0,3.12568,1.94157,-2.9002,2.60181e-05,-0.000153507,0.000238838,0.000122001,-0.000699605,0.00130167,0,0,0,0,0,0,0,0,0,0,0,0,0,0,0,0,0,0,0,0,0,0,0,0,0,0,0,0,0,0,0,0,0,0,0,0,0,0,0,0,1.75241,1.20137,1.31069,-0.000106674,-0.000179525,-0.000102904,-0.000421018,-0.000737851,-0.000179867,0,0,0,0,0,0,0,0,0,0,0,0,0,0,0,0,0,0,0,0,0,0,0,0,0,0,0,0,0,0,0,0,0,0,0,0,0,0,0,0,0,0,0,0,0,0,0,0,0,0,0,0,1,0,0,0,0,0,1.3157,0.2333,4.2109,0,0,0,0,0,0,0,-0,0,1.56005,0,0,0,0,0,0,0,0,0,0,0,0,0,0,0,0,0,0,0,0,0,0,0,0,0,0,0,0,0
6,0,0,0,0,-0,0,3.12568,1.94157,-2.9002,2.60181e-05,-0.000153507,0.000238838,0.000122001,-0.000699605,0.00130167,0,0,0,0,0,0,0,0,0,0,0,0,0,0,0,0,0,0,0,0,0,0,0,0,0,0,0,0,0,0,0,0,0,0,0,0,0,0,0,0,1.75241,1.20137,1.31069,-0.000106674,-0.000179525,-0.000102904,-0.000421018,-0.000737851,-0.000179867,0,0,0,0,0,0,0,0,0,0,0,0,0,0,0,0,0,0,0,0,0,0,0,0,0,0,0,0,0,0,0,0,0,0,0,0,0,0,0,0,0,0,0,0,0,0,0,0,0,0,0,0,1,0,0,0,0,0,1.3157,0.2333,4.2109,0,0,0,0,0,0,0,-0,0,1.56005,0,0,0,0,0,0,0,0,0,0,0,0,0,0,0,0,0,0,0,0,0,0,0,0,0,0,0,0,0
6.05,0,0,0,0,-0,0,3.12568,1.94157,-2.9002,2.60181e-05,-0.000153507,0.000238838,0.000122001,-0.000699605,0.00130167,0,0,0,0,0,0,0,0,0,0,0,0,0,0,0,0,0,0,0,0,0,0,0,0,0,0,0,0,0,0,0,0,0,0,0,0,0,0,0,0,1.75241,1.20137,1.31069,-0.000106674,-0.000179525,-0.000102904,-0.000421018,-0.000737851,-0.000179867,0,0,0,0,0,0,0,0,0,0,0,0,0,0,0,0,0,0,0,0,0,0,0,0,0,0,0,0,0,0,0,0,0,0,0,0,0,0,0,0,0,0,0,0,0,0,0,0,0,0,0,0,1,0,0,0,0,0,1.3022,0.2198,4.1974,0,0,0,0,0,0,0,-0,0,1.56005,0,0,0,0,0,0,0,0,0,0,0,0,0,0,0,0,0,0,0,0,0,0,0,0,0,0,0,0,0
6.1,0,0,0,0,-0,0,3.12568,1.94157,-2.9002,2.60181e-05,-0.000153507,0.000238838,0.000122001,-0.000699605,0.00130167,0,0,0,0,0,0,0,0,0,0,0,0,0,0,0,0,0,0,0,0,0,0,0,0,0,0,0,0,0,0,0,0,0,0,0,0,0,0,0,0,1.75241,1.20137,1.31069,-0.000106674,-0.000179525,-0.000102904,-0.000421018,-0.000737851,-0.000179867,0,0,0,0,0,0,0,0,0,0,0,0,0,0,0,0,0,0,0,0,0,0,0,0,0,0,0,0,0,0,0,0,0,0,0,0,0,0,0,0,0,0,0,0,0,0,0,0,0,0,0,0,1,0,0,0,0,0,1.3022,0.2198,4.1974,0,0,0,0,0,0,0,-0,0,1.56005,0,0,0,0,0,0,0,0,0,0,0,0,0,0,0,0,0,0,0,0,0,0,0,0,0,0,0,0,0
6.15,0,0,0,0,-0,0,3.12568,1.94157,-2.9002,2.60181e-05,-0.000153507,0.000238838,0.000122001,-0.000699605,0.00130167,0,0,0,0,0,0,0,0,0,0,0,0,0,0,0,0,0,0,0,0,0,0,0,0,0,0,0,0,0,0,0,0,0,0,0,0,0,0,0,0,1.75241,1.20137,1.31069,-0.000106674,-0.000179525,-0.000102904,-0.000421018,-0.000737851,-0.000179867,0,0,0,0,0,0,0,0,0,0,0,0,0,0,0,0,0,0,0,0,0,0,0,0,0,0,0,0,0,0,0,0,0,0,0,0,0,0,0,0,0,0,0,0,0,0,0,0,0,0,0,0,1,0,0,0,0,0,1.3022,0.2198,4.1974,0,0,0,0,0,0,0,-0,0,1.56005,0,0,0,0,0,0,0,0,0,0,0,0,0,0,0,0,0,0,0,0,0,0,0,0,0,0,0,0,0
6.2,0,0,0,0,-0,0,3.12568,1.94157,-2.9002,2.60181e-05,-0.000153507,0.000238838,0.000122001,-0.000699605,0.00130167,0,0,0,0,0,0,0,0,0,0,0,0,0,0,0,0,0,0,0,0,0,0,0,0,0,0,0,0,0,0,0,0,0,0,0,0,0,0,0,0,1.75241,1.20137,1.31069,-0.000106674,-0.000179525,-0.000102904,-0.000421018,-0.000737851,-0.000179867,0,0,0,0,0,0,0,0,0,0,0,0,0,0,0,0,0,0,0,0,0,0,0,0,0,0,0,0,0,0,0,0,0,0,0,0,0,0,0,0,0,0,0,0,0,0,0,0,0,0,0,0,1,0,0,0,0,0,1.3022,0.2198,4.1974,0,0,0,0,0,0,0,-0,0,1.56005,0,0,0,0,0,0,0,0,0,0,0,0,0,0,0,0,0,0,0,0,0,0,0,0,0,0,0,0,0
6.25,0,0,0,0,-0,0,3.12568,1.94157,-2.9002,2.60181e-05,-0.000153507,0.000238838,0.000122001,-0.000699605,0.00130167,0,0,0,0,0,0,0,0,0,0,0,0,0,0,0,0,0,0,0,0,0,0,0,0,0,0,0,0,0,0,0,0,0,0,0,0,0,0,0,0,1.75241,1.20137,1.31069,-0.000106674,-0.000179525,-0.000102904,-0.000421018,-0.000737851,-0.000179867,0,0,0,0,0,0,0,0,0,0,0,0,0,0,0,0,0,0,0,0,0,0,0,0,0,0,0,0,0,0,0,0,0,0,0,0,0,0,0,0,0,0,0,0,0,0,0,0,0,0,0,0,1,0,0,0,0,0,1.3157,0.2333,4.2109,0,0,0,0,0,0,0,-0,0,1.56005,0,0,0,0,0,0,0,0,0,0,0,0,0,0,0,0,0,0,0,0,0,0,0,0,0,0,0,0,0
6.3,0,0,0,0,-0,0,3.12568,1.94156,-2.90021,4.79627e-06,-4.55646e-05,-7.25998e-05,2.82822e-05,-0.000267223,-4.21418e-05,0,0,0,0,0,0,0,0,0,0,0,0,0,0,0,0,0,0,0,0,0,0,0,0,0,0,0,0,0,0,0,0,0,0,0,0,0,0,0,0,1.75241,1.20137,1.31072,9.59252e-06,5.39579e-05,0.000266979,5.08327e-05,0.000276268,0.00124484,0,0,0,0,0,0,0,0,0,0,0,0,0,0,0,0,0,0,0,0,0,0,0,0,0,0,0,0,0,0,0,0,0,0,0,0,0,0,0,0,0,0,0,0,0,0,0,0,0,0,0,0,1,0,0,0,0,0,1.3157,0.2333,4.2109,0,0,0,0,0,0,0,-0,0,1.56005,0,0,0,0,0,0,0,0,0,0,0,0,0,0,0,0,0,0,0,0,0,0,0,0,0,0,0,0,0
6.35,0,0,0,0,-0,0,3.12567,1.94156,-2.90018,-4.04387e-05,7.58225e-06,0.000278904,-0.00017711,0.000119806,0.00118399,0,0,0,0,0,0,0,0,0,0,0,0,0,0,0,0,0,0,0,0,0,0,0,0,0,0,0,0,0,0,0,0,0,0,0,0,0,0,0,0,1.7524,1.20137,1.31074,-5.43396e-05,-2.90654e-05,0.000143155,-0.000154437,-1.96636e-05,0.000433986,0,0,0,0,0,0,0,0,0,0,0,0,0,0,0,0,0,0,0,0,0,0,0,0,0,0,0,0,0,0,0,0,0,0,0,0,0,0,0,0,0,0,0,0,0,0,0,0,0,0,0,0,1,0,0,0,0,0,1.3157,0.2333,4.2109,0,0,0,0,0,0,0,-0,0,1.56005,0,0,0,0,0,0,0,0,0,0,0,0,0,0,0,0,0,0,0,0,0,0,0,0,0,0,0,0,0
6.4,0,0,0,0,-0,0,3.12568,1.94157,-2.9002,2.37208e-05,2.80337e-05,-0.000214801,0.000120449,0.000204524,-0.00108487,0,0,0,0,0,0,0,0,0,0,0,0,0,0,0,0,0,0,0,0,0,0,0,0,0,0,0,0,0,0,0,0,0,0,0,0,0,0,0,0,1.75241,1.20138,1.31071,3.55812e-05,8.8414e-05,-0.00022849,0.000234345,0.00041891,-0.00132414,0,0,0,0,0,0,0,0,0,0,0,0,0,0,0,0,0,0,0,0,0,0,0,0,0,0,0,0,0,0,0,0,0,0,0,0,0,0,0,0,0,0,0,0,0,0,0,0,0,0,0,0,1,0,0,0,0,0,1.3157,0.2333,4.2109,0,0,0,0,0,0,0,-0,0,1.56005,0,0,0,0,0,0,0,0,0,0,0,0,0,0,0,0,0,0,0,0,0,0,0,0,0,0,0,0,0
6.45,0,0,0,0,-0,0,3.12568,1.94156,-2.90019,1.13463e-05,-9.3607e-05,0.000182826,5.29187e-05,-0.00035075,0.000689186,0,0,0,0,0,0,0,0,0,0,0,0,0,0,0,0,0,0,0,0,0,0,0,0,0,0,0,0,0,0,0,0,0,0,0,0,0,0,0,0,1.75241,1.20137,1.3107,2.26926e-05,-7.80057e-05,-0.000126039,0.000126295,-0.000380748,-0.000520124,0,0,0,0,0,0,0,0,0,0,0,0,0,0,0,0,0,0,0,0,0,0,0,0,0,0,0,0,0,0,0,0,0,0,0,0,0,0,0,0,0,0,0,0,0,0,0,0,0,0,0,0,1,0,0,0,0,0,1.347,0.2646,4.2422,0,0,0,0,0,0,0,-0,0,1.56005,0,0,0,0,0,0,0,0,0,0,0,0,0,0,0,0,0,0,0,0,0,0,0,0,0,0,0,0,0
6.5,0,0,0,0,-0,0,3.12568,1.94157,-2.9002,7.32815e-06,0.000136792,-0.00010019,1.44349e-05,0.000592081,-0.000406966,0,0,0,0,0,0,0,0,0,0,0,0,0,0,0,0,0,0,0,0,0,0,0,0,0,0,0,0,0,0,0,0,0,0,0,0,0,0,0,0,1.75239,1.20137,1.31069,-0.000163662,-6.35107e-05,-0.000112117,-0.000668115,-0.000308167,-0.000235962,0,0,0,0,0,0,0,0,0,0,0,0,0,0,0,0,0,0,0,0,0,0,0,0,0,0,0,0,0,0,0,0,0,0,0,0,0,0,0,0,0,0,0,0,0,0,0,0,0,0,0,0,1,0,0,0,0,0,1.347,0.2646,4.2422,0,0,0,0,0,0,0,-0,0,1.56007,0,0,0,0,0,0,0,0,0,0,0,0,0,0,0,0,0,0,0,0,0,0,0,0,0,0,0,0,0
6.55,0,0,0,0,-0,0,3.12567,1.94156,-2.90021,-3.5444e-05,-6.2027e-05,-9.95132e-05,-0.000171289,-0.000304904,-0.000413743,0,0,0,0,0,0,0,0,0,0,0,0,0,0,0,0,0,0,0,0,0,0,0,0,0,0,0,0,0,0,0,0,0,0,0,0,0,0,0,0,1.75241,1.20137,1.3107,0.000139561,4.54127e-05,8.54516e-05,0.000708137,0.000272533,0.000712947,0,0,0,0,0,0,0,0,0,0,0,0,0,0,0,0,0,0,0,0,0,0,0,0,0,0,0,0,0,0,0,0,0,0,0,0,0,0,0,0,0,0,0,0,0,0,0,0,0,0,0,0,1,0,0,0,0,0,1.347,0.2646,4.2422,0,0,0,0,0,0,0,-0,0,1.56005,0,0,0,0,0,0,0,0,0,0,0,0,0,0,0,0,0,0,0,0,0,0,0,0,0,0,0,0,0
6.6,0,0,0,0,-0,0,3.12568,1.94157,-2.90019,4.62196e-05,3.94226e-05,0.000270818,0.000206006,0.000118797,0.00123956,0,0,0,0,0,0,0,0,0,0,0,0,0,0,0,0,0,0,0,0,0,0,0,0,0,0,0,0,0,0,0,0,0,0,0,0,0,0,0,0,1.75241,1.20137,1.31071,2.7188e-06,-5.57353e-05,0.000197803,1.78529e-05,-0.000172306,0.000961756,0,0,0,0,0,0,0,0,0,0,0,0,0,0,0,0,0,0,0,0,0,0,0,0,0,0,0,0,0,0,0,0,0,0,0,0,0,0,0,0,0,0,0,0,0,0,0,0,0,0,0,0,1,0,0,0,0,0,1.347,0.2646,4.2422,0,0,0,0,0,0,0,-0,0,1.56005,0,0,0,0,0,0,0,0,0,0,0,0,0,0,0,0,0,0,0,0,0,0,0,0,0,0,0,0,0
6.65,0,0,0,0,-0,0,3.12568,1.94158,-2.90021,-9.4204e-06,0.000103624,-0.000257589,-3.49486e-05,0.000397101,-0.00106498,0,0,0,0,0,0,0,0,0,0,0,0,0,0,0,0,0,0,0,0,0,0,0,0,0,0,0,0,0,0,0,0,0,0,0,0,0,0,0,0,1.75239,1.20135,1.31052,-0.000176632,-0.000138951,-0.00191122,-0.000790919,-0.000515299,-0.00778122,0,0,0,0,0,0,0,0,0,0,0,0,0,0,0,0,0,0,0,0,0,0,0,0,0,0,0,0,0,0,0,0,0,0,0,0,0,0,0,0,0,0,0,0,0,0,0,0,0,0,0,0,1,0,0,0,0,0,1.237,0.1546,4.132,0,0,0,0,0,0,0,-0,0,1.56008,0,0,0,0,0,0,0,0,0,0,0,0,0,0,0,0,0,0,0,0,0,0,0,0,0,0,0,0,0
6.7,0,0,0,0,-0,0,3.12567,1.94157,-2.90019,-3.80122e-05,-0.000105167,0.000210354,-0.000170055,-0.000571046,0.000915697,0,0,0,0,0,0,0,0,0,0,0,0,0,0,0,0,0,0,0,0,0,0,0,0,0,0,0,0,0,0,0,0,0,0,0,0,0,0,0,0,1.75241,1.20136,1.31071,0.000223005,9.88318e-05,0.00198599,0.00102418,0.000613589,0.00986757,0,0,0,0,0,0,0,0,0,0,0,0,0,0,0,0,0,0,0,0,0,0,0,0,0,0,0,0,0,0,0,0,0,0,0,0,0,0,0,0,0,0,0,0,0,0,0,0,0,0,0,0,1,0,0,0,0,0,1.237,0.1546,4.132,0,0,0,0,0,0,0,-0,0,1.56005,0,0,0,0,0,0,0,0,0,0,0,0,0,0,0,0,0,0,0,0,0,0,0,0,0,0,0,0,0
6.75,0,0,0,0,-0,0,3.12567,1.94158,-2.90019,2.44231e-06,9.52502e-05,6.9167e-05,3.63435e-05,0.000316708,0.000273786,0,0,0,0,0,0,0,0,0,0,0,0,0,0,0,0,0,0,0,0,0,0,0,0,0,0,0,0,0,0,0,0,0,0,0,0,0,0,0,0,1.75241,1.20137,1.3107,6.10579e-06,7.69329e-05,-0.000106136,1.68585e-05,0.000442008,0.000149595,0,0,0,0,0,0,0,0,0,0,0,0,0,0,0,0,0,0,0,0,0,0,0,0,0,0,0,0,0,0,0,0,0,0,0,0,0,0,0,0,0,0,0,0,0,0,0,0,0,0,0,0,1,0,0,0,0,0,1.237,0.1546,4.132,0,0,0,0,0,0,0,-0,0,1.56005,0,0,0,0,0,0,0,0,0,0,0,0,0,0,0,0,0,0,0,0,0,0,0,0,0,0,0,0,0
6.8,0,0,0,0,-0,0,3.12568,1.94158,-2.90022,2.68061e-05,-1.70585e-05,-0.000383149,0.000148767,-0.000134813,-0.00173725,0,0,0,0,0,0,0,0,0,0,0,0,0,0,0,0,0,0,0,0,0,0,0,0,0,0,0,0,0,0,0,0,0,0,0,0,0,0,0,0,1.75241,1.20137,1.31071,-3.53353e-05,1.584e-05,9.04326e-05,-0.00029974,-4.87469e-06,-0.00050817,0,0,0,0,0,0,0,0,0,0,0,0,0,0,0,0,0,0,0,0,0,0,0,0,0,0,0,0,0,0,0,0,0,0,0,0,0,0,0,0,0,0,0,0,0,0,0,0,0,0,0,0,1,0,0,0,0,0,1.237,0.1546,4.132,0,0,0,0,0,0,0,-0,0,1.56005,0,0,0,0,0,0,0,0,0,0,0,0,0,0,0,0,0,0,0,0,0,0,0,0,0,0,0,0,0
6.85,0,0,0,0,-0,0,3.12567,1.94157,-2.90021,-2.9018e-05,-6.64996e-05,0.00011099,-0.000119,-0.000339653,0.000663462,0,0,0,0,0,0,0,0,0,0,0,0,0,0,0,0,0,0,0,0,0,0,0,0,0,0,0,0,0,0,0,0,0,0,0,0,0,0,0,0,1.75241,1.20137,1.31071,2.17634e-05,-1.69271e-05,2.12534e-05,6.11663e-06,-0.000194305,-0.000669112,0,0,0,0,0,0,0,0,0,0,0,0,0,0,0,0,0,0,0,0,0,0,0,0,0,0,0,0,0,0,0,0,0,0,0,0,0,0,0,0,0,0,0,0,0,0,0,0,0,0,0,0,1,0,0,0,0,0,1.3157,0.2333,4.2109,0,0,0,0,0,0,0,-0,0,1.56005,0,0,0,0,0,0,0,0,0,0,0,0,0,0,0,0,0,0,0,0,0,0,0,0,0,0,0,0,0
6.9,0,0,0,0,-0,0,3.12567,1.94158,-2.90021,0,8.14934e-05,0,9.4208e-06,0.000370394,0.000273216,0,0,0,0,0,0,0,0,0,0,0,0,0,0,0,0,0,0,0,0,0,0,0,0,0,0,0,0,0,0,0,0,0,0,0,0,0,0,0,0,1.7524,1.20137,1.31072,-5.6691e-05,4.48804e-05,0.000152246,-0.000270088,0.000107423,0.0001086,0,0,0,0,0,0,0,0,0,0,0,0,0,0,0,0,0,0,0,0,0,0,0,0,0,0,0,0,0,0,0,0,0,0,0,0,0,0,0,0,0,0,0,0,0,0,0,0,0,0,0,0,1,0,0,0,0,0,1.3157,0.2333,4.2109,0,0,0,0,0,0,0,-0,0,1.56005,0,0,0,0,0,0,0,0,0,0,0,0,0,0,0,0,0,0,0,0,0,0,0,0,0,0,0,0,0
6.95,0,0,0,0,-0,0,3.12568,1.94155,-2.90019,4.74372e-05,-0.000257516,0.000247069,0.000213896,-0.00106081,0.00110579,0,0,0,0,0,0,0,0,0,0,0,0,0,0,0,0,0,0,0,0,0,0,0,0,0,0,0,0,0,0,0,0,0,0,0,0,0,0,0,0,1.75241,1.20137,1.31071,3.50133e-05,-5.8732e-05,-0.000134565,0.000176479,-0.000315791,-0.000990195,0,0,0,0,0,0,0,0,0,0,0,0,0,0,0,0,0,0,0,0,0,0,0,0,0,0,0,0,0,0,0,0,0,0,0,0,0,0,0,0,0,0,0,0,0,0,0,0,0,0,0,0,1,0,0,0,0,0,1.3157,0.2333,4.2109,0,0,0,0,0,0,0,-0,0,1.56005,0,0,0,0,0,0,0,0,0,0,0,0,0,0,0,0,0,0,0,0,0,0,0,0,0,0,0,0,0
7,0,0,0,0,-0,0,3.12569,1.94156,-2.90019,8.09834e-05,0.000114494,-2.99979e-05,0.000269338,0.000709669,-0.000388575,0,0,0,0,0,0,0,0,0,0,0,0,0,0,0,0,0,0,0,0,0,0,0,0,0,0,0,0,0,0,0,0,0,0,0,0,0,0,0,0,1.7524,1.20137,1.31069,-4.60767e-05,3.35103e-05,-0.000244073,-0.000163275,0.00013357,-0.0011198,0,0,0,0,0,0,0,0,0,0,0,0,0,0,0,0,0,0,0,0,0,0,0,0,0,0,0,0,0,0,0,0,0,0,0,0,0,0,0,0,0,0,0,0,0,0,0,0,0,0,0,0,1,0,0,0,0,0,1.3157,0.2333,4.2109,0,0,0,0,0,0,0,-0,0,1.56006,0,0,0,0,0,0,0,0,0,0,0,0,0,0,0,0,0,0,0,0,0,0,0,0,0,0,0,0,0
7.05,0,0,0,0,-0,0,3.12568,1.94156,-2.9002,-9.72905e-05,3.40517e-05,-9.2635e-05,-0.000504744,0.000382809,-0.000686312,0,0,0,0,0,0,0,0,0,0,0,0,0,0,0,0,0,0,0,0,0,0,0,0,0,0,0,0,0,0,0,0,0,0,0,0,0,0,0,0,1.75242,1.20138,1.31071,0.000148368,7.78324e-05,0.000257715,0.000614598,0.000329817,0.00119698,0,0,0,0,0,0,0,0,0,0,0,0,0,0,0,0,0,0,0,0,0,0,0,0,0,0,0,0,0,0,0,0,0,0,0,0,0,0,0,0,0,0,0,0,0,0,0,0,0,0,0,0,1,0,0,0,0,0,1.3157,0.2333,4.2109,0,0,0,0,0,0,0,-0,0,1.56004,0,0,0,0,0,0,0,0,0,0,0,0,0,0,0,0,0,0,0,0,0,0,0,0,0,0,0,0,0
7.1,0,0,0,0,-0,0,3.12567,1.94157,-2.90019,-1.36616e-05,3.87079e-05,0.000102284,-8.22519e-05,0.000193635,0.000333624,0,0,0,0,0,0,0,0,0,0,0,0,0,0,0,0,0,0,0,0,0,0,0,0,0,0,0,0,0,0,0,0,0,0,0,0,0,0,0,0,1.75241,1.20137,1.31072,-8.53851e-05,-5.3508e-05,1.77886e-05,-0.000461702,-0.000307072,0.000102092,0,0,0,0,0,0,0,0,0,0,0,0,0,0,0,0,0,0,0,0,0,0,0,0,0,0,0,0,0,0,0,0,0,0,0,0,0,0,0,0,0,0,0,0,0,0,0,0,0,0,0,0,1,0,0,0,0,0,1.3157,0.2333,4.2109,0,0,0,0,0,0,0,-0,0,1.56005,0,0,0,0,0,0,0,0,0,0,0,0,0,0,0,0,0,0,0,0,0,0,0,0,0,0,0,0,0
7.15,0,0,0,0,-0,0,3.12568,1.94156,-2.90019,2.64398e-05,-7.27095e-05,-3.87302e-05,0.000168557,-0.000358336,-0.000248232,0,0,0,0,0,0,0,0,0,0,0,0,0,0,0,0,0,0,0,0,0,0,0,0,0,0,0,0,0,0,0,0,0,0,0,0,0,0,0,0,1.7524,1.20137,1.31072,-6.74216e-05,-3.96597e-05,7.10054e-05,-0.000326235,-0.000199966,0.000119768,0,0,0,0,0,0,0,0,0,0,0,0,0,0,0,0,0,0,0,0,0,0,0,0,0,0,0,0,0,0,0,0,0,0,0,0,0,0,0,0,0,0,0,0,0,0,0,0,0,0,0,0,1,0,0,0,0,0,1.3157,0.2333,4.2109,0,0,0,0,0,0,0,-0,0,1.56005,0,0,0,0,0,0,0,0,0,0,0,0,0,0,0,0,0,0,0,0,0,0,0,0,0,0,0,0,0
7.2,0,0,0,0,-0,0,3.12568,1.94157,-2.90021,2.43638e-05,5.23821e-05,-0.000180825,0.0001324,0.000193449,-0.000801518,0,0,0,0,0,0,0,0,0,0,0,0,0,0,0,0,0,0,0,0,0,0,0,0,0,0,0,0,0,0,0,0,0,0,0,0,0,0,0,0,1.75241,1.20136,1.31074,1.46182e-05,-7.55273e-05,0.000184393,0.000127752,-0.000262553,0.000549409,0,0,0,0,0,0,0,0,0,0,0,0,0,0,0,0,0,0,0,0,0,0,0,0,0,0,0,0,0,0,0,0,0,0,0,0,0,0,0,0,0,0,0,0,0,0,0,0,0,0,0,0,1,0,0,0,0,0,1.3157,0.2333,4.2109,0,0,0,0,0,0,0,-0,0,1.56006,0,0,0,0,0,0,0,0,0,0,0,0,0,0,0,0,0,0,0,0,0,0,0,0,0,0,0,0,0
7.25,0,0,0,0,-0,0,3.12568,1.94154,-2.9002,-1.22336e-05,-0.000250788,5.97342e-05,-7.36079e-05,-0.00101508,0.000408168,0,0,0,0,0,0,0,0,0,0,0,0,0,0,0,0,0,0,0,0,0,0,0,0,0,0,0,0,0,0,0,0,0,0,0,0,0,0,0,0,1.75241,1.20137,1.3107,8.56354e-06,6.97317e-05,-0.000381106,0.000121117,0.000419087,-0.00187935,0,0,0,0,0,0,0,0,0,0,0,0,0,0,0,0,0,0,0,0,0,0,0,0,0,0,0,0,0,0,0,0,0,0,0,0,0,0,0,0,0,0,0,0,0,0,0,0,0,0,0,0,1,0,0,0,0,0,1.3157,0.2333,4.2109,0,0,0,0,0,0,0,-0,0,1.56004,0,0,0,0,0,0,0,0,0,0,0,0,0,0,0,0,0,0,0,0,0,0,0,0,0,0,0,0,0
7.3,0,0,0,0,-0,0,3.12568,1.94156,-2.9002,2.44118e-06,0.0002075,5.72151e-05,-1.34781e-05,0.0010564,0.000398848,0,0,0,0,0,0,0,0,0,0,0,0,0,0,0,0,0,0,0,0,0,0,0,0,0,0,0,0,0,0,0,0,0,0,0,0,0,0,0,0,1.75241,1.20137,1.3107,1.09853e-05,6.59118e-05,-5.12552e-05,8.15776e-05,0.000329005,-0.000141633,0,0,0,0,0,0,0,0,0,0,0,0,0,0,0,0,0,0,0,0,0,0,0,0,0,0,0,0,0,0,0,0,0,0,0,0,0,0,0,0,0,0,0,0,0,0,0,0,0,0,0,0,1,0,0,0,0,0,1.3157,0.2333,4.2109,0,0,0,0,0,0,0,-0,0,1.56005,0,0,0,0,0,0,0,0,0,0,0,0,0,0,0,0,0,0,0,0,0,0,0,0,0,0,0,0,0
7.35,0,0,0,0,-0,0,3.12568,1.94154,-2.90022,0,-0.00019896,-0.000188337,-9.69419e-06,-0.000708951,-0.000743025,0,0,0,0,0,0,0,0,0,0,0,0,0,0,0,0,0,0,0,0,0,0,0,0,0,0,0,0,0,0,0,0,0,0,0,0,0,0,0,0,1.75239,1.20135,1.31071,-0.00019896,-0.000288065,0.00010728,-0.000795301,-0.00122923,0.000784494,0,0,0,0,0,0,0,0,0,0,0,0,0,0,0,0,0,0,0,0,0,0,0,0,0,0,0,0,0,0,0,0,0,0,0,0,0,0,0,0,0,0,0,0,0,0,0,0,0,0,0,0,1,0,0,0,0,0,1.3157,0.2333,4.2109,0,0,0,0,0,0,0,-0,0,1.56007,0,0,0,0,0,0,0,0,0,0,0,0,0,0,0,0,0,0,0,0,0,0,0,0,0,0,0,0,0
7.4,0,0,0,0,-0,0,3.12568,1.94159,-2.90021,-4.88417e-06,0.00048109,8.82393e-05,-2.48239e-05,0.0020527,0.000504494,0,0,0,0,0,0,0,0,0,0,0,0,0,0,0,0,0,0,0,0,0,0,0,0,0,0,0,0,0,0,0,0,0,0,0,0,0,0,0,0,1.75241,1.20139,1.31071,0.000218566,0.000401722,3.93499e-05,0.00107215,0.00180727,0.000324906,0,0,0,0,0,0,0,0,0,0,0,0,0,0,0,0,0,0,0,0,0,0,0,0,0,0,0,0,0,0,0,0,0,0,0,0,0,0,0,0,0,0,0,0,0,0,0,0,0,0,0,0,1,0,0,0,0,0,1.3157,0.2333,4.2109,0,0,0,0,0,0,0,-0,0,1.56005,0,0,0,0,0,0,0,0,0,0,0,0,0,0,0,0,0,0,0,0,0,0,0,0,0,0,0,0,0
7.45,0,0,0,0,-0,0,3.12568,1.94155,-2.9002,2.6857e-05,-0.000448023,9.06041e-05,0.000109872,-0.00210581,0.000481275,0,0,0,0,0,0,0,0,0,0,0,0,0,0,0,0,0,0,0,0,0,0,0,0,0,0,0,0,0,0,0,0,0,0,0,0,0,0,0,0,1.7524,1.20136,1.31074,-4.39479e-05,-0.000260025,0.000309962,-0.000152254,-0.00114771,0.00121422,0,0,0,0,0,0,0,0,0,0,0,0,0,0,0,0,0,0,0,0,0,0,0,0,0,0,0,0,0,0,0,0,0,0,0,0,0,0,0,0,0,0,0,0,0,0,0,0,0,0,0,0,1,0,0,0,0,0,1.3157,0.2333,4.211,0,0,0,0,0,0,0,-0,0,1.56005,0,0,0,0,0,0,0,0,0,0,0,0,0,0,0,0,0,0,0,0,0,0,0,0,0,0,0,0,0
7.5,0,0,0,0,-0,0,3.12568,1.94157,-2.9002,-3.66276e-05,0.000233196,-7.15383e-06,-0.000169458,0.000894523,-0.000104785,0,0,0,0,0,0,0,0,0,0,0,0,0,0,0,0,0,0,0,0,0,0,0,0,0,0,0,0,0,0,0,0,0,0,0,0,0,0,0,0,1.75241,1.20138,1.3107,3.66276e-05,0.000170929,-0.000414922,6.47611e-05,0.000632754,-0.00204697,0,0,0,0,0,0,0,0,0,0,0,0,0,0,0,0,0,0,0,0,0,0,0,0,0,0,0,0,0,0,0,0,0,0,0,0,0,0,0,0,0,0,0,0,0,0,0,0,0,0,0,0,1,0,0,0,0,0,1.3157,0.2333,4.211,0,0,0,0,0,0,0,-0,0,1.56005,0,0,0,0,0,0,0,0,0,0,0,0,0,0,0,0,0,0,0,0,0,0,0,0,0,0,0,0,0
7.55,0,0,0,0,-0,0,3.12567,1.94158,-2.9002,-2.92884e-05,0.000144001,1.19175e-05,-0.000110251,0.000586927,-6.60326e-05,0,0,0,0,0,0,0,0,0,0,0,0,0,0,0,0,0,0,0,0,0,0,0,0,0,0,0,0,0,0,0,0,0,0,0,0,0,0,0,0,1.75241,1.20137,1.31071,3.66104e-06,-0.000114713,4.40946e-05,-6.34487e-05,-0.000520387,0.000163485,0,0,0,0,0,0,0,0,0,0,0,0,0,0,0,0,0,0,0,0,0,0,0,0,0,0,0,0,0,0,0,0,0,0,0,0,0,0,0,0,0,0,0,0,0,0,0,0,0,0,0,0,1,0,0,0,0,0,1.3157,0.2333,4.211,0,0,0,0,0,0,0,-0,0,1.56006,0,0,0,0,0,0,0,0,0,0,0,0,0,0,0,0,0,0,0,0,0,0,0,0,0,0,0,0,0
7.6,0,0,0,0,-0,0,3.12568,1.9416,-2.90018,1.43941e-05,0.000129547,0.000138225,0.000116542,0.000254197,0.000472169,0,0,0,0,0,0,0,0,0,0,0,0,0,0,0,0,0,0,0,0,0,0,0,0,0,0,0,0,0,0,0,0,0,0,0,0,0,0,0,0,1.75241,1.20139,1.3107,1.91922e-05,0.000221909,-2.81135e-05,7.13445e-06,0.000879948,0.000107538,0,0,0,0,0,0,0,0,0,0,0,0,0,0,0,0,0,0,0,0,0,0,0,0,0,0,0,0,0,0,0,0,0,0,0,0,0,0,0,0,0,0,0,0,0,0,0,0,0,0,0,0,1,0,0,0,0,0,1.3157,0.2333,4.211,0,0,0,0,0,0,0,-0,0,1.56005,0,0,0,0,0,0,0,0,0,0,0,0,0,0,0,0,0,0,0,0,0,0,0,0,0,0,0,0,0
7.65,0,0,0,0,-0,0,3.12568,1.9416,-2.90018,1.43941e-05,0.000129547,0.000138225,0.000116542,0.000254197,0.000472169,0,0,0,0,0,0,0,0,0,0,0,0,0,0,0,0,0,0,0,0,0,0,0,0,0,0,0,0,0,0,0,0,0,0,0,0,0,0,0,0,1.75241,1.20139,1.3107,1.91922e-05,0.000221909,-2.81135e-05,7.13445e-06,0.000879948,0.000107538,0,0,0,0,0,0,0,0,0,0,0,0,0,0,0,0,0,0,0,0,0,0,0,0,0,0,0,0,0,0,0,0,0,0,0,0,0,0,0,0,0,0,0,0,0,0,0,0,0,0,0,0,1,0,0,0,0,0,1.3157,0.2333,4.2109,0,0,0,0,0,0,0,-0,0,1.56005,0,0,0,0,0,0,0,0,0,0,0,0,0,0,0,0,0,0,0,0,0,0,0,0,0,0,0,0,0
7.7,0,0,0,0,-0,0,3.12568,1.94156,-2.90021,4.97192e-06,-0.000402725,-0.000237914,6.21283e-05,-0.00202167,-0.00115171,0,0,0,0,0,0,0,0,0,0,0,0,0,0,0,0,0,0,0,0,0,0,0,0,0,0,0,0,0,0,0,0,0,0,0,0,0,0,0,0,1.7524,1.20136,1.3107,-6.4635e-05,-0.000273456,-7.40448e-05,-0.000321496,-0.00127108,-0.000123802,0,0,0,0,0,0,0,0,0,0,0,0,0,0,0,0,0,0,0,0,0,0,0,0,0,0,0,0,0,0,0,0,0,0,0,0,0,0,0,0,0,0,0,0,0,0,0,0,0,0,0,0,1,0,0,0,0,0,1.3157,0.2333,4.2109,0,0,0,0,0,0,0,-0,0,1.56005,0,0,0,0,0,0,0,0,0,0,0,0,0,0,0,0,0,0,0,0,0,0,0,0,0,0,0,0,0
7.75,0,0,0,0,-0,0,3.12568,1.94156,-2.90021,4.97192e-06,-0.000402725,-0.000237914,6.21283e-05,-0.00202167,-0.00115171,0,0,0,0,0,0,0,0,0,0,0,0,0,0,0,0,0,0,0,0,0,0,0,0,0,0,0,0,0,0,0,0,0,0,0,0,0,0,0,0,1.7524,1.20136,1.3107,-6.4635e-05,-0.000273456,-7.40448e-05,-0.000321496,-0.00127108,-0.000123802,0,0,0,0,0,0,0,0,0,0,0,0,0,0,0,0,0,0,0,0,0,0,0,0,0,0,0,0,0,0,0,0,0,0,0,0,0,0,0,0,0,0,0,0,0,0,0,0,0,0,0,0,1,0,0,0,0,0,1.3157,0.2333,4.2109,0,0,0,0,0,0,0,-0,0,1.56005,0,0,0,0,0,0,0,0,0,0,0,0,0,0,0,0,0,0,0,0,0,0,0,0,0,0,0,0,0
7.8,0,0,0,0,-0,0,3.12567,1.94158,-2.9002,-1.70919e-05,0.000227079,6.19965e-05,-5.77041e-05,0.000971655,0.000274273,0,0,0,0,0,0,0,0,0,0,0,0,0,0,0,0,0,0,0,0,0,0,0,0,0,0,0,0,0,0,0,0,0,0,0,0,0,0,0,0,1.75241,1.20138,1.3107,4.51716e-05,0.000158711,7.63034e-05,0.000197453,0.000658594,0.000490378,0,0,0,0,0,0,0,0,0,0,0,0,0,0,0,0,0,0,0,0,0,0,0,0,0,0,0,0,0,0,0,0,0,0,0,0,0,0,0,0,0,0,0,0,0,0,0,0,0,0,0,0,1,0,0,0,0,0,1.3157,0.2333,4.2109,0,0,0,0,0,0,0,-0,0,1.56005,0,0,0,0,0,0,0,0,0,0,0,0,0,0,0,0,0,0,0,0,0,0,0,0,0,0,0,0,0
7.85,0,0,0,0,-0,0,3.12567,1.94158,-2.9002,-1.70919e-05,0.000227079,6.19965e-05,-5.77041e-05,0.000971655,0.000274273,0,0,0,0,0,0,0,0,0,0,0,0,0,0,0,0,0,0,0,0,0,0,0,0,0,0,0,0,0,0,0,0,0,0,0,0,0,0,0,0,1.75241,1.20138,1.3107,4.51716e-05,0.000158711,7.63034e-05,0.000197453,0.000658594,0.000490378,0,0,0,0,0,0,0,0,0,0,0,0,0,0,0,0,0,0,0,0,0,0,0,0,0,0,0,0,0,0,0,0,0,0,0,0,0,0,0,0,0,0,0,0,0,0,0,0,0,0,0,0,1,0,0,0,0,0,1.3157,0.2333,4.2109,0,0,0,0,0,0,0,-0,0,1.56005,0,0,0,0,0,0,0,0,0,0,0,0,0,0,0,0,0,0,0,0,0,0,0,0,0,0,0,0,0
7.9,0,0,0,0,-0,0,3.12567,1.94158,-2.9002,-1.70919e-05,0.000227079,6.19965e-05,-5.77041e-05,0.000971655,0.000274273,0,0,0,0,0,0,0,0,0,0,0,0,0,0,0,0,0,0,0,0,0,0,0,0,0,0,0,0,0,0,0,0,0,0,0,0,0,0,0,0,1.75241,1.20138,1.3107,4.51716e-05,0.000158711,7.63034e-05,0.000197453,0.000658594,0.000490378,0,0,0,0,0,0,0,0,0,0,0,0,0,0,0,0,0,0,0,0,0,0,0,0,0,0,0,0,0,0,0,0,0,0,0,0,0,0,0,0,0,0,0,0,0,0,0,0,0,0,0,0,1,0,0,0,0,0,1.3157,0.2333,4.2109,0,0,0,0,0,0,0,-0,0,1.56005,0,0,0,0,0,0,0,0,0,0,0,0,0,0,0,0,0,0,0,0,0,0,0,0,0,0,0,0,0
7.95,0,0,0,0,-0,0,3.12568,1.94157,-2.90022,4.88351e-06,-9.76701e-05,-0.00015261,3.67715e-05,-0.000301113,-0.000495375,0,0,0,0,0,0,0,0,0,0,0,0,0,0,0,0,0,0,0,0,0,0,0,0,0,0,0,0,0,0,0,0,0,0,0,0,0,0,0,0,1.75241,1.20137,1.31073,-1.9534e-05,-9.88909e-05,0.000219376,-6.84426e-05,-0.000367786,0.000950859,0,0,0,0,0,0,0,0,0,0,0,0,0,0,0,0,0,0,0,0,0,0,0,0,0,0,0,0,0,0,0,0,0,0,0,0,0,0,0,0,0,0,0,0,0,0,0,0,0,0,0,0,1,0,0,0,0,0,1.3157,0.2333,4.2109,0,0,0,0,0,0,0,-0,0,1.56005,0,0,0,0,0,0,0,0,0,0,0,0,0,0,0,0,0,0,0,0,0,0,0,0,0,0,0,0,0
8,0,0,0,0,-0,0,3.12568,1.94158,-2.9002,3.17472e-05,8.42523e-05,0.00017648,0.000142207,0.00037378,0.000913257,0,0,0,0,0,0,0,0,0,0,0,0,0,0,0,0,0,0,0,0,0,0,0,0,0,0,0,0,0,0,0,0,0,0,0,0,0,0,0,0,1.75241,1.20137,1.31071,1.46526e-05,7.32628e-05,-0.000170517,5.95025e-05,0.000328065,-0.000924545,0,0,0,0,0,0,0,0,0,0,0,0,0,0,0,0,0,0,0,0,0,0,0,0,0,0,0,0,0,0,0,0,0,0,0,0,0,0,0,0,0,0,0,0,0,0,0,0,0,0,0,0,1,0,0,0,0,0,1.3157,0.2333,4.2109,0,0,0,0,0,0,0,-0,0,1.56005,0,0,0,0,0,0,0,0,0,0,0,0,0,0,0,0,0,0,0,0,0,0,0,0,0,0,0,0,0
8.05,0,0,0,0,-0,0,3.12568,1.94158,-2.9002,3.17472e-05,8.42523e-05,0.00017648,0.000142207,0.00037378,0.000913257,0,0,0,0,0,0,0,0,0,0,0,0,0,0,0,0,0,0,0,0,0,0,0,0,0,0,0,0,0,0,0,0,0,0,0,0,0,0,0,0,1.75241,1.20137,1.31071,1.46526e-05,7.32628e-05,-0.000170517,5.95025e-05,0.000328065,-0.000924545,0,0,0,0,0,0,0,0,0,0,0,0,0,0,0,0,0,0,0,0,0,0,0,0,0,0,0,0,0,0,0,0,0,0,0,0,0,0,0,0,0,0,0,0,0,0,0,0,0,0,0,0,1,0,0,0,0,0,1.2926,0.2102,4.1878,0,0,0,0,0,0,0,-0,0,1.56005,0,0,0,0,0,0,0,0,0,0,0,0,0,0,0,0,0,0,0,0,0,0,0,0,0,0,0,0,0
8.1,0,0,0,0,-0,0,3.12568,1.94155,-2.90021,-2.19729e-05,-0.000246584,-0.000131131,-0.000114969,-0.00100608,-0.00048995,0,0,0,0,0,0,0,0,0,0,0,0,0,0,0,0,0,0,0,0,0,0,0,0,0,0,0,0,0,0,0,0,0,0,0,0,0,0,0,0,1.7524,1.20137,1.3107,-7.08015e-05,-7.93465e-05,-0.00011921,-0.000288394,-0.00031855,-0.000604145,0,0,0,0,0,0,0,0,0,0,0,0,0,0,0,0,0,0,0,0,0,0,0,0,0,0,0,0,0,0,0,0,0,0,0,0,0,0,0,0,0,0,0,0,0,0,0,0,0,0,0,0,1,0,0,0,0,0,1.2926,0.2102,4.1878,0,0,0,0,0,0,0,-0,0,1.56005,0,0,0,0,0,0,0,0,0,0,0,0,0,0,0,0,0,0,0,0,0,0,0,0,0,0,0,0,0
8.15,0,0,0,0,-0,0,3.12568,1.94155,-2.90021,-2.19729e-05,-0.000246584,-0.000131131,-0.000114969,-0.00100608,-0.00048995,0,0,0,0,0,0,0,0,0,0,0,0,0,0,0,0,0,0,0,0,0,0,0,0,0,0,0,0,0,0,0,0,0,0,0,0,0,0,0,0,1.7524,1.20137,1.3107,-7.08015e-05,-7.93465e-05,-0.00011921,-0.000288394,-0.00031855,-0.000604145,0,0,0,0,0,0,0,0,0,0,0,0,0,0,0,0,0,0,0,0,0,0,0,0,0,0,0,0,0,0,0,0,0,0,0,0,0,0,0,0,0,0,0,0,0,0,0,0,0,0,0,0,1,0,0,0,0,0,1.2926,0.2102,4.1878,0,0,0,0,0,0,0,-0,0,1.56005,0,0,0,0,0,0,0,0,0,0,0,0,0,0,0,0,0,0,0,0,0,0,0,0,0,0,0,0,0
8.2,0,0,0,0,-0,0,3.12568,1.94157,-2.90023,1.22042e-05,0.000169639,-0.000190691,3.2722e-05,0.000872315,-0.000722139,0,0,0,0,0,0,0,0,0,0,0,0,0,0,0,0,0,0,0,0,0,0,0,0,0,0,0,0,0,0,0,0,0,0,0,0,0,0,0,0,1.75242,1.20138,1.31071,0.000185504,0.000119601,7.98517e-05,0.000803919,0.000516175,0.000476079,0,0,0,0,0,0,0,0,0,0,0,0,0,0,0,0,0,0,0,0,0,0,0,0,0,0,0,0,0,0,0,0,0,0,0,0,0,0,0,0,0,0,0,0,0,0,0,0,0,0,0,0,1,0,0,0,0,0,1.2926,0.2102,4.1878,0,0,0,0,0,0,0,-0,0,1.56004,0,0,0,0,0,0,0,0,0,0,0,0,0,0,0,0,0,0,0,0,0,0,0,0,0,0,0,0,0
8.25,0,0,0,0,-0,0,3.12568,1.94157,-2.90023,1.22042e-05,0.000169639,-0.000190691,3.2722e-05,0.000872315,-0.000722139,0,0,0,0,0,0,0,0,0,0,0,0,0,0,0,0,0,0,0,0,0,0,0,0,0,0,0,0,0,0,0,0,0,0,0,0,0,0,0,0,1.75242,1.20138,1.31071,0.000185504,0.000119601,7.98517e-05,0.000803919,0.000516175,0.000476079,0,0,0,0,0,0,0,0,0,0,0,0,0,0,0,0,0,0,0,0,0,0,0,0,0,0,0,0,0,0,0,0,0,0,0,0,0,0,0,0,0,0,0,0,0,0,0,0,0,0,0,0,1,0,0,0,0,0,1.3806,0.2982,4.2758,0,0,0,0,0,0,0,-0,0,1.56004,0,0,0,0,0,0,0,0,0,0,0,0,0,0,0,0,0,0,0,0,0,0,0,0,0,0,0,0,0
8.3,0,0,0,0,-0,0,3.12568,1.94157,-2.90023,0,1.22083e-05,3.09976e-05,-9.14061e-06,0.000148732,0.000420913,0,0,0,0,0,0,0,0,0,0,0,0,0,0,0,0,0,0,0,0,0,0,0,0,0,0,0,0,0,0,0,0,0,0,0,0,0,0,0,0,1.75242,1.20138,1.31071,-1.70916e-05,1.09874e-05,3.81509e-05,-0.000179148,-1.11995e-05,0.000265345,0,0,0,0,0,0,0,0,0,0,0,0,0,0,0,0,0,0,0,0,0,0,0,0,0,0,0,0,0,0,0,0,0,0,0,0,0,0,0,0,0,0,0,0,0,0,0,0,0,0,0,0,1,0,0,0,0,0,1.3806,0.2982,4.2758,0,0,0,0,0,0,0,-0,0,1.56004,0,0,0,0,0,0,0,0,0,0,0,0,0,0,0,0,0,0,0,0,0,0,0,0,0,0,0,0,0
8.35,0,0,0,0,-0,0,3.12568,1.94157,-2.90023,0,1.22083e-05,3.09976e-05,-9.14061e-06,0.000148732,0.000420913,0,0,0,0,0,0,0,0,0,0,0,0,0,0,0,0,0,0,0,0,0,0,0,0,0,0,0,0,0,0,0,0,0,0,0,0,0,0,0,0,1.75242,1.20138,1.31071,-1.70916e-05,1.09874e-05,3.81509e-05,-0.000179148,-1.11995e-05,0.000265345,0,0,0,0,0,0,0,0,0,0,0,0,0,0,0,0,0,0,0,0,0,0,0,0,0,0,0,0,0,0,0,0,0,0,0,0,0,0,0,0,0,0,0,0,0,0,0,0,0,0,0,0,1,0,0,0,0,0,1.3806,0.2982,4.2758,0,0,0,0,0,0,0,-0,0,1.56004,0,0,0,0,0,0,0,0,0,0,0,0,0,0,0,0,0,0,0,0,0,0,0,0,0,0,0,0,0
8.4,0,0,0,0,-0,0,3.12568,1.94156,-2.90022,-2.19773e-05,-0.000136748,0.000100157,-9.89644e-05,-0.000603753,0.000683711,0,0,0,0,0,0,0,0,0,0,0,0,0,0,0,0,0,0,0,0,0,0,0,0,0,0,0,0,0,0,0,0,0,0,0,0,0,0,0,0,1.7524,1.20137,1.31071,-0.000158725,-0.00011477,-1.90775e-05,-0.000806495,-0.000580555,-9.78381e-05,0,0,0,0,0,0,0,0,0,0,0,0,0,0,0,0,0,0,0,0,0,0,0,0,0,0,0,0,0,0,0,0,0,0,0,0,0,0,0,0,0,0,0,0,0,0,0,0,0,0,0,0,1,0,0,0,0,0,1.3806,0.2982,4.2758,0,0,0,0,0,0,0,-0,0,1.56005,0,0,0,0,0,0,0,0,0,0,0,0,0,0,0,0,0,0,0,0,0,0,0,0,0,0,0,0,0
8.45,0,0,0,0,-0,0,3.12568,1.94156,-2.90022,-2.19773e-05,-0.000136748,0.000100157,-9.89644e-05,-0.000603753,0.000683711,0,0,0,0,0,0,0,0,0,0,0,0,0,0,0,0,0,0,0,0,0,0,0,0,0,0,0,0,0,0,0,0,0,0,0,0,0,0,0,0,1.7524,1.20137,1.31071,-0.000158725,-0.00011477,-1.90775e-05,-0.000806495,-0.000580555,-9.78381e-05,0,0,0,0,0,0,0,0,0,0,0,0,0,0,0,0,0,0,0,0,0,0,0,0,0,0,0,0,0,0,0,0,0,0,0,0,0,0,0,0,0,0,0,0,0,0,0,0,0,0,0,0,1,0,0,0,0,0,1.397,0.3146,4.2922,0,0,0,0,0,0,0,-0,0,1.56005,0,0,0,0,0,0,0,0,0,0,0,0,0,0,0,0,0,0,0,0,0,0,0,0,0,0,0,0,0
8.5,0,0,0,0,-0,0,3.12568,1.94156,-2.90021,1.22092e-05,1.5872e-05,8.82307e-05,6.5006e-05,0.000145387,0.000398506,0,0,0,0,0,0,0,0,0,0,0,0,0,0,0,0,0,0,0,0,0,0,0,0,0,0,0,0,0,0,0,0,0,0,0,0,0,0,0,0,1.7524,1.20136,1.31074,8.54645e-06,-4.02904e-05,0.000306423,9.91024e-05,-0.000128124,0.00119266,0,0,0,0,0,0,0,0,0,0,0,0,0,0,0,0,0,0,0,0,0,0,0,0,0,0,0,0,0,0,0,0,0,0,0,0,0,0,0,0,0,0,0,0,0,0,0,0,0,0,0,0,1,0,0,0,0,0,1.397,0.3146,4.2922,0,0,0,0,0,0,0,-0,0,1.56005,0,0,0,0,0,0,0,0,0,0,0,0,0,0,0,0,0,0,0,0,0,0,0,0,0,0,0,0,0
8.55,0,0,0,0,-0,0,3.12568,1.94156,-2.90021,1.22092e-05,1.5872e-05,8.82307e-05,6.5006e-05,0.000145387,0.000398506,0,0,0,0,0,0,0,0,0,0,0,0,0,0,0,0,0,0,0,0,0,0,0,0,0,0,0,0,0,0,0,0,0,0,0,0,0,0,0,0,1.7524,1.20136,1.31074,8.54645e-06,-4.02904e-05,0.000306423,9.91024e-05,-0.000128124,0.00119266,0,0,0,0,0,0,0,0,0,0,0,0,0,0,0,0,0,0,0,0,0,0,0,0,0,0,0,0,0,0,0,0,0,0,0,0,0,0,0,0,0,0,0,0,0,0,0,0,0,0,0,0,1,0,0,0,0,0,1.397,0.3146,4.2922,0,0,0,0,0,0,0,-0,0,1.56005,0,0,0,0,0,0,0,0,0,0,0,0,0,0,0,0,0,0,0,0,0,0,0,0,0,0,0,0,0
8.6,0,0,0,0,-0,0,3.12567,1.94156,-2.90021,-2.44028e-05,3.78244e-05,-2.38309e-06,-8.50679e-05,0.00027644,-0.000161378,0,0,0,0,0,0,0,0,0,0,0,0,0,0,0,0,0,0,0,0,0,0,0,0,0,0,0,0,0,0,0,0,0,0,0,0,0,0,0,0,1.75241,1.20137,1.31069,2.80633e-05,8.90704e-05,-0.000465894,0.000260093,0.000501226,-0.00219522,0,0,0,0,0,0,0,0,0,0,0,0,0,0,0,0,0,0,0,0,0,0,0,0,0,0,0,0,0,0,0,0,0,0,0,0,0,0,0,0,0,0,0,0,0,0,0,0,0,0,0,0,1,0,0,0,0,0,1.397,0.3146,4.2922,0,0,0,0,0,0,0,-0,0,1.56005,0,0,0,0,0,0,0,0,0,0,0,0,0,0,0,0,0,0,0,0,0,0,0,0,0,0,0,0,0
8.65,0,0,0,0,-0,0,3.12567,1.94156,-2.90021,-2.44028e-05,3.78244e-05,-2.38309e-06,-8.50679e-05,0.00027644,-0.000161378,0,0,0,0,0,0,0,0,0,0,0,0,0,0,0,0,0,0,0,0,0,0,0,0,0,0,0,0,0,0,0,0,0,0,0,0,0,0,0,0,1.75241,1.20137,1.31069,2.80633e-05,8.90704e-05,-0.000465894,0.000260093,0.000501226,-0.00219522,0,0,0,0,0,0,0,0,0,0,0,0,0,0,0,0,0,0,0,0,0,0,0,0,0,0,0,0,0,0,0,0,0,0,0,0,0,0,0,0,0,0,0,0,0,0,0,0,0,0,0,0,1,0,0,0,0,0,1.3007,0.2184,4.196,0,0,0,0,0,0,0,-0,0,1.56005,0,0,0,0,0,0,0,0,0,0,0,0,0,0,0,0,0,0,0,0,0,0,0,0,0,0,0,0,0
8.7,0,0,0,0,-0,0,3.12568,1.94156,-2.90019,1.95435e-05,-5.61876e-05,0.000219483,0.000104239,-0.000191955,0.000713738,0,0,0,0,0,0,0,0,0,0,0,0,0,0,0,0,0,0,0,0,0,0,0,0,0,0,0,0,0,0,0,0,0,0,0,0,0,0,0,0,1.7524,1.20137,1.31069,-1.8322e-05,-6.71807e-05,2.86281e-05,-7.41065e-06,-0.000238304,0.000200031,0,0,0,0,0,0,0,0,0,0,0,0,0,0,0,0,0,0,0,0,0,0,0,0,0,0,0,0,0,0,0,0,0,0,0,0,0,0,0,0,0,0,0,0,0,0,0,0,0,0,0,0,1,0,0,0,0,0,1.3007,0.2184,4.196,0,0,0,0,0,0,0,-0,0,1.56005,0,0,0,0,0,0,0,0,0,0,0,0,0,0,0,0,0,0,0,0,0,0,0,0,0,0,0,0,0
8.75,0,0,0,0,-0,0,3.12568,1.94156,-2.90019,1.95435e-05,-5.61876e-05,0.000219483,0.000104239,-0.000191955,0.000713738,0,0,0,0,0,0,0,0,0,0,0,0,0,0,0,0,0,0,0,0,0,0,0,0,0,0,0,0,0,0,0,0,0,0,0,0,0,0,0,0,1.7524,1.20137,1.31069,-1.8322e-05,-6.71807e-05,2.86281e-05,-7.41065e-06,-0.000238304,0.000200031,0,0,0,0,0,0,0,0,0,0,0,0,0,0,0,0,0,0,0,0,0,0,0,0,0,0,0,0,0,0,0,0,0,0,0,0,0,0,0,0,0,0,0,0,0,0,0,0,0,0,0,0,1,0,0,0,0,0,1.3007,0.2184,4.196,0,0,0,0,0,0,0,-0,0,1.56005,0,0,0,0,0,0,0,0,0,0,0,0,0,0,0,0,0,0,0,0,0,0,0,0,0,0,0,0,0
8.8,0,0,0,0,-0,0,3.12568,1.94157,-2.90021,2.44027e-05,9.51704e-05,-0.000204944,0.000107661,0.000426076,-0.00114853,0,0,0,0,0,0,0,0,0,0,0,0,0,0,0,0,0,0,0,0,0,0,0,0,0,0,0,0,0,0,0,0,0,0,0,0,0,0,0,0,1.7524,1.20136,1.31069,-8.78495e-05,-2.56228e-05,-2.74053e-05,-0.000318522,-7.72239e-05,0.000220237,0,0,0,0,0,0,0,0,0,0,0,0,0,0,0,0,0,0,0,0,0,0,0,0,0,0,0,0,0,0,0,0,0,0,0,0,0,0,0,0,0,0,0,0,0,0,0,0,0,0,0,0,1,0,0,0,0,0,1.3007,0.2184,4.196,0,0,0,0,0,0,0,-0,0,1.56007,0,0,0,0,0,0,0,0,0,0,0,0,0,0,0,0,0,0,0,0,0,0,0,0,0,0,0,0,0
8.85,0,0,0,0,-0,0,3.12568,1.94157,-2.90021,2.44027e-05,9.51704e-05,-0.000204944,0.000107661,0.000426076,-0.00114853,0,0,0,0,0,0,0,0,0,0,0,0,0,0,0,0,0,0,0,0,0,0,0,0,0,0,0,0,0,0,0,0,0,0,0,0,0,0,0,0,1.7524,1.20136,1.31069,-8.78495e-05,-2.56228e-05,-2.74053e-05,-0.000318522,-7.72239e-05,0.000220237,0,0,0,0,0,0,0,0,0,0,0,0,0,0,0,0,0,0,0,0,0,0,0,0,0,0,0,0,0,0,0,0,0,0,0,0,0,0,0,0,0,0,0,0,0,0,0,0,0,0,0,0,1,0,0,0,0,0,1.3549,0.2725,4.2501,0,0,0,0,0,0,0,-0,0,1.56007,0,0,0,0,0,0,0,0,0,0,0,0,1.72266,0.604388,0.0598252,0,0,0,0,0,0,0,0,0,0,0,0,0,0
8.9,0,0,0,0,-0,0,3.12568,1.94156,-2.90021,-1.46567e-05,-3.7863e-05,-7.15657e-06,-9.10078e-05,-0.000192198,-0.000151179,0,0,0,0,0,0,0,0,0,0,0,0,0,0,0,0,0,0,0,0,0,0,0,0,0,0,0,0,0,0,0,0,0,0,0,0,0,0,0,0,1.75241,1.20137,1.3107,0.000118475,7.57262e-05,8.82646e-05,0.000591169,0.000380445,0.000597227,0,0,0,0,0,0,0,0,0,0,0,0,0,0,0,0,0,0,0,0,0,0,0,0,0,0,0,0,0,0,0,0,0,0,0,0,0,0,0,0,0,0,0,0,0,0,0,0,0,0,0,0,1,0,0,0,0,0,1.3549,0.2725,4.2501,0,0,0,0,0,0,0,-0,0,1.56005,0,0,0,0,0,0,0,0,0,0,0,0,1.72266,0.604388,0.0598252,0,0,0,0,0,0,0,0,0,0,0,0,0,0
8.95,0,0,0,0,-0,0,3.12568,1.94156,-2.90021,-1.46567e-05,-3.7863e-05,-7.15657e-06,-9.10078e-05,-0.000192198,-0.000151179,0,0,0,0,0,0,0,0,0,0,0,0,0,0,0,0,0,0,0,0,0,0,0,0,0,0,0,0,0,0,0,0,0,0,0,0,0,0,0,0,1.75241,1.20137,1.3107,0.000118475,7.57262e-05,8.82646e-05,0.000591169,0.000380445,0.000597227,0,0,0,0,0,0,0,0,0,0,0,0,0,0,0,0,0,0,0,0,0,0,0,0,0,0,0,0,0,0,0,0,0,0,0,0,0,0,0,0,0,0,0,0,0,0,0,0,0,0,0,0,1,0,0,0,0,0,1.3549,0.2725,4.2501,0,0,0,0,0,0,0,-0,0,1.56005,0,0,0,0,0,0,0,0,0,0,0,0,1.72266,0.604388,0.0598252,0,0,0,0,0,0,0,0,0,0,0,0,0,0
9,0,0,0,0,-0,0,3.12568,1.94156,-2.90021,4.88274e-06,-4.2724e-05,2.14574e-05,-3.47373e-06,-0.000218538,0.000158452,0,0,0,0,0,0,0,0,0,0,0,0,0,0,0,0,0,0,0,0,0,0,0,0,0,0,0,0,0,0,0,0,0,0,0,0,0,0,0,0,1.75241,1.20136,1.31073,6.10343e-06,-8.5448e-05,0.000265833,2.92533e-05,-0.000353513,0.0011193,0,0,0,0,0,0,0,0,0,0,0,0,0,0,0,0,0,0,0,0,0,0,0,0,0,0,0,0,0,0,0,0,0,0,0,0,0,0,0,0,0,0,0,0,0,0,0,0,0,0,0,0,1,0,0,0,0,0,1.3549,0.2725,4.2501,0,0,0,0,0,0,0,-0,0,1.56005,0,0,0,0,0,0,0,0,0,0,0,0,1.72266,0.604388,0.0598252,0,0,0,0,0,0,0,0,0,0,0,0,0,0
9.05,0,0,0,0,-0,0,3.12568,1.94156,-2.90021,4.88274e-06,-4.2724e-05,2.14574e-05,-3.47373e-06,-0.000218538,0.000158452,0,0,0,0,0,0,0,0,0,0,0,0,0,0,0,0,0,0,0,0,0,0,0,0,0,0,0,0,0,0,0,0,0,0,0,0,0,0,0,0,1.75241,1.20136,1.31073,6.10343e-06,-8.5448e-05,0.000265833,2.92533e-05,-0.000353513,0.0011193,0,0,0,0,0,0,0,0,0,0,0,0,0,0,0,0,0,0,0,0,0,0,0,0,0,0,0,0,0,0,0,0,0,0,0,0,0,0,0,0,0,0,0,0,0,0,0,0,0,0,0,0,1,0,0,0,0,0,1.3218,0.2394,4.2171,0,0,0,0,0,0,0,-0,0,1.56005,0,0,0,0,0,0,0,0,0,0,0,0,1.72266,0.604388,0.0598252,0,0,0,0,0,0,0,0,0,0,0,0,0,0
9.1,0,0,0,0,-0,0,3.12568,1.94157,-2.90022,2.44103e-05,7.81128e-05,-0.000147796,8.77968e-05,0.000348081,-0.000539245,0,0,0,0,0,0,0,0,0,0,0,0,0,0,0,0,0,0,0,0,0,0,0,0,0,0,0,0,0,0,0,0,0,0,0,0,0,0,0,0,1.75241,1.20137,1.31071,-2.07487e-05,4.88206e-05,-0.000163291,-0.000165845,0.000224885,-0.000972062,0,0,0,0,0,0,0,0,0,0,0,0,0,0,0,0,0,0,0,0,0,0,0,0,0,0,0,0,0,0,0,0,0,0,0,0,0,0,0,0,0,0,0,0,0,0,0,0,0,0,0,0,1,0,0,0,0,0,1.3218,0.2394,4.2171,0,0,0,0,0,0,0,-0,0,1.56006,0,0,0,0,0,0,0,0,0,0,0,0,1.72266,0.604388,0.0598252,0,0,0,0,0,0,0,0,0,0,0,0,0,0
9.15,0,0,0,0,-0,0,3.12568,1.94157,-2.90022,2.44103e-05,7.81128e-05,-0.000147796,8.77968e-05,0.000348081,-0.000539245,0,0,0,0,0,0,0,0,0,0,0,0,0,0,0,0,0,0,0,0,0,0,0,0,0,0,0,0,0,0,0,0,0,0,0,0,0,0,0,0,1.75241,1.20137,1.31071,-2.07487e-05,4.88206e-05,-0.000163291,-0.000165845,0.000224885,-0.000972062,0,0,0,0,0,0,0,0,0,0,0,0,0,0,0,0,0,0,0,0,0,0,0,0,0,0,0,0,0,0,0,0,0,0,0,0,0,0,0,0,0,0,0,0,0,0,0,0,0,0,0,0,1,0,0,0,0,0,1.3218,0.2394,4.2171,0,0,0,0,0,0,0,-0,0,1.56006,0,0,0,0,0,0,0,0,0,0,0,0,1.72266,0.604388,0.0598252,0,0,0,0,0,0,0,0,0,0,0,0,0,0
9.2,0,0,0,0,-0,0,3.12568,1.94159,-2.90019,-2.33255e-05,0.000198267,0.000282457,-0.000126405,0.000769934,0.00130949,0,0,0,0,0,0,0,0,0,0,0,0,0,0,0,0,0,0,0,0,0,0,0,0,0,0,0,0,0,0,0,0,0,0,0,0,0,0,0,0,1.75241,1.20137,1.3107,1.74941e-05,4.6651e-05,-8.08647e-05,2.83427e-05,0.000204812,-0.00053372,0,0,0,0,0,0,0,0,0,0,0,0,0,0,0,0,0,0,0,0,0,0,0,0,0,0,0,0,0,0,0,0,0,0,0,0,0,0,0,0,0,0,0,0,0,0,0,0,0,0,0,0,1,0,0,0,0,0,1.3218,0.2394,4.2171,0,0,0,0,0,0,0,-0,0,1.56006,0,0,0,0,0,0,0,0,0,0,0,0,1.72266,0.604388,0.0598252,0,0,0,0,0,0,0,0,0,0,0,0,0,0
9.3,0,0,0,0,-0,0,3.12568,1.94159,-2.90019,-2.33255e-05,0.000198267,0.000282457,-0.000126405,0.000769934,0.00130949,0,0,0,0,0,0,0,0,0,0,0,0,0,0,0,0,0,0,0,0,0,0,0,0,0,0,0,0,0,0,0,0,0,0,0,0,0,0,0,0,1.75241,1.20137,1.3107,1.74941e-05,4.6651e-05,-8.08647e-05,2.83427e-05,0.000204812,-0.00053372,0,0,0,0,0,0,0,0,0,0,0,0,0,0,0,0,0,0,0,0,0,0,0,0,0,0,0,0,0,0,0,0,0,0,0,0,0,0,0,0,0,0,0,0,0,0,0,0,0,0,0,0,1,0,0,0,0,0,1.3156,0.2332,4.2108,0,0,0,0,0,0,0,-0,0,1.56006,0,0,0,0,0,0,0,0,0,0,0,0,1.72266,0.604388,0.0598252,0,0,0,0,0,0,0,0,0,0,0,0,0,0
9.35,0,0,0,0,-0,0,3.12567,1.94156,-2.90017,-3.07434e-05,-0.000277972,0.000177635,-0.000129922,-0.0014037,0.000568605,0,0,0,0,0,0,0,0,0,0,0,0,0,0,0,0,0,0,0,0,0,0,0,0,0,0,0,0,0,0,0,0,0,0,0,0,0,0,0,0,1.75241,1.20137,1.31071,2.17767e-05,-3.20246e-05,7.25557e-05,5.67779e-05,-0.000199825,0.000360328,0,0,0,0,0,0,0,0,0,0,0,0,0,0,0,0,0,0,0,0,0,0,0,0,0,0,0,0,0,0,0,0,0,0,0,0,0,0,0,0,0,0,0,0,0,0,0,0,0,0,0,0,1,0,0,0,0,0,1.3156,0.2332,4.2108,0,0,0,0,0,0,0,-0,0,1.56004,0,0,0,0,0,0,0,0,0,0,0,0,1.71192,0.619728,0.078233,0,0,0,0,0,0,0,0,0,0,0,0,0,0
9.4,0,0,0,0,-0,0,3.12567,1.94156,-2.90017,-3.07434e-05,-0.000277972,0.000177635,-0.000129922,-0.0014037,0.000568605,0,0,0,0,0,0,0,0,0,0,0,0,0,0,0,0,0,0,0,0,0,0,0,0,0,0,0,0,0,0,0,0,0,0,0,0,0,0,0,0,1.75241,1.20137,1.31071,2.17767e-05,-3.20246e-05,7.25557e-05,5.67779e-05,-0.000199825,0.000360328,0,0,0,0,0,0,0,0,0,0,0,0,0,0,0,0,0,0,0,0,0,0,0,0,0,0,0,0,0,0,0,0,0,0,0,0,0,0,0,0,0,0,0,0,0,0,0,0,0,0,0,0,1,0,0,0,0,0,1.3156,0.2332,4.2108,0,0,0,0,0,0,0,-0,0,1.56004,0,0,0,0,0,0,0,0,0,0,0,0,1.71192,0.619728,0.078233,0,0,0,0,0,0,0,0,0,0,0,0,0,0
9.45,0,0,0,0,-0,0,3.12568,1.94156,-2.9002,3.90619e-05,-5.98135e-05,-0.000290866,0.000194555,-0.000302961,-0.00159138,0,0,0,0,0,0,0,0,0,0,0,0,0,0,0,0,0,0,0,0,0,0,0,0,0,0,0,0,0,0,0,0,0,0,0,0,0,0,0,0,1.75241,1.20137,1.31069,-7.32406e-06,-6.10339e-06,-0.000208612,-7.43699e-05,-7.43968e-05,-0.000778678,0,0,0,0,0,0,0,0,0,0,0,0,0,0,0,0,0,0,0,0,0,0,0,0,0,0,0,0,0,0,0,0,0,0,0,0,0,0,0,0,0,0,0,0,0,0,0,0,0,0,0,0,1,0,0,0,0,0,1.3156,0.2332,4.2108,0,0,0,0,0,0,0,-0,0,1.56005,0,0,0,0,0,0,0,0,0,0,0,0,1.71192,0.619728,0.078233,0,0,0,0,0,0,0,0,0,0,0,0,0,0
9.5,0,0,0,0,-0,0,3.12568,1.94156,-2.9002,3.90619e-05,-5.98135e-05,-0.000290866,0.000194555,-0.000302961,-0.00159138,0,0,0,0,0,0,0,0,0,0,0,0,0,0,0,0,0,0,0,0,0,0,0,0,0,0,0,0,0,0,0,0,0,0,0,0,0,0,0,0,1.75241,1.20137,1.31069,-7.32406e-06,-6.10339e-06,-0.000208612,-7.43699e-05,-7.43968e-05,-0.000778678,0,0,0,0,0,0,0,0,0,0,0,0,0,0,0,0,0,0,0,0,0,0,0,0,0,0,0,0,0,0,0,0,0,0,0,0,0,0,0,0,0,0,0,0,0,0,0,0,0,0,0,0,1,0,0,0,0,0,1.3157,0.2333,4.2109,0,0,0,0,0,0,0,-0,0,1.56005,0,0,0,0,0,0,0,0,0,0,0,0,1.71192,0.619728,0.078233,0,0,0,0,0,0,0,0,0,0,0,0,0,0
9.55,0,0,0,0,-0,0,3.12567,1.94154,-2.90016,-4.07374e-05,-0.000122212,0.000382355,-0.000159311,-0.000275555,0.00145758,0,0,0,0,0,0,0,0,0,0,0,0,0,0,0,0,0,0,0,0,0,0,0,0,0,0,0,0,0,0,0,0,0,0,0,0,0,0,0,0,1.75241,1.20136,1.31071,-2.4895e-05,-5.31848e-05,0.00023538,-0.00013398,-0.000216362,0.00116187,0,0,0,0,0,0,0,0,0,0,0,0,0,0,0,0,0,0,0,0,0,0,0,0,0,0,0,0,0,0,0,0,0,0,0,0,0,0,0,0,0,0,0,0,0,0,0,0,0,0,0,0,1,0,0,0,0,0,1.3157,0.2333,4.2109,0,0,0,0,0,0,0,-0,0,1.56004,0,0,0,0,0,0,0,0,0,0,0,0,1.71192,0.619728,0.078233,0,0,0,0,0,0,0,0,0,0,0,0,0,0
9.6,0,0,0,0,-0,0,3.12567,1.94154,-2.90016,-4.07374e-05,-0.000122212,0.000382355,-0.000159311,-0.000275555,0.00145758,0,0,0,0,0,0,0,0,0,0,0,0,0,0,0,0,0,0,0,0,0,0,0,0,0,0,0,0,0,0,0,0,0,0,0,0,0,0,0,0,1.75241,1.20136,1.31071,-2.4895e-05,-5.31848e-05,0.00023538,-0.00013398,-0.000216362,0.00116187,0,0,0,0,0,0,0,0,0,0,0,0,0,0,0,0,0,0,0,0,0,0,0,0,0,0,0,0,0,0,0,0,0,0,0,0,0,0,0,0,0,0,0,0,0,0,0,0,0,0,0,0,1,0,0,0,0,0,1.3157,0.2333,4.2109,0,0,0,0,0,0,0,-0,0,1.56004,0,0,0,0,0,0,0,0,0,0,0,0,1.69812,0.638136,0.0951068,0,0,0,0,0,0,0,0,0,0,0,0,0,0
9.65,0,0,0,0,-0,0,3.12568,1.94157,-2.90022,3.18039e-05,0.000278285,-0.000662582,0.000155021,0.00145272,-0.00294637,0,0,0,0,0,0,0,0,0,0,0,0,0,0,0,0,0,0,0,0,0,0,0,0,0,0,0,0,0,0,0,0,0,0,0,0,0,0,0,0,1.75242,1.20137,1.31073,0.000104689,9.80627e-05,0.000179882,0.000428879,0.000462574,0.000666861,0,0,0,0,0,0,0,0,0,0,0,0,0,0,0,0,0,0,0,0,0,0,0,0,0,0,0,0,0,0,0,0,0,0,0,0,0,0,0,0,0,0,0,0,0,0,0,0,0,0,0,0,1,0,0,0,0,0,1.3157,0.2333,4.2109,0,0,0,0,0,0,0,-0,0,1.56004,0,0,0,0,0,0,0,0,0,0,0,0,1.69812,0.638136,0.0951068,0,0,0,0,0,0,0,0,0,0,0,0,0,0
9.7,0,0,0,0,-0,0,3.12568,1.94157,-2.90022,3.18039e-05,0.000278285,-0.000662582,0.000155021,0.00145272,-0.00294637,0,0,0,0,0,0,0,0,0,0,0,0,0,0,0,0,0,0,0,0,0,0,0,0,0,0,0,0,0,0,0,0,0,0,0,0,0,0,0,0,1.75242,1.20137,1.31073,0.000104689,9.80627e-05,0.000179882,0.000428879,0.000462574,0.000666861,0,0,0,0,0,0,0,0,0,0,0,0,0,0,0,0,0,0,0,0,0,0,0,0,0,0,0,0,0,0,0,0,0,0,0,0,0,0,0,0,0,0,0,0,0,0,0,0,0,0,0,0,1,0,0,0,0,0,1.3157,0.2334,4.211,0,0,0,0,0,0,0,-0,0,1.56004,0,0,0,0,0,0,0,0,0,0,0,0,1.69812,0.638136,0.0951068,0,0,0,0,0,0,0,0,0,0,0,0,0,0
9.75,0,0,0,0,-0,0,3.12568,1.94156,-2.90021,1.46466e-05,-5.12632e-05,8.82039e-05,7.35749e-05,-0.000141204,0.000473376,0,0,0,0,0,0,0,0,0,0,0,0,0,0,0,0,0,0,0,0,0,0,0,0,0,0,0,0,0,0,0,0,0,0,0,0,0,0,0,0,1.75241,1.20137,1.31071,-4.76014e-05,-7.32329e-06,-0.00016568,-0.000247724,-2.78802e-05,-0.00098311,0,0,0,0,0,0,0,0,0,0,0,0,0,0,0,0,0,0,0,0,0,0,0,0,0,0,0,0,0,0,0,0,0,0,0,0,0,0,0,0,0,0,0,0,0,0,0,0,0,0,0,0,1,0,0,0,0,0,1.3157,0.2334,4.211,0,0,0,0,0,0,0,-0,0,1.56005,0,0,0,0,0,0,0,0,0,0,0,0,1.69812,0.638136,0.0951068,0,0,0,0,0,0,0,0,0,0,0,0,0,0
9.8,0,0,0,0,-0,0,3.12568,1.94156,-2.90021,1.46466e-05,-5.12632e-05,8.82039e-05,7.35749e-05,-0.000141204,0.000473376,0,0,0,0,0,0,0,0,0,0,0,0,0,0,0,0,0,0,0,0,0,0,0,0,0,0,0,0,0,0,0,0,0,0,0,0,0,0,0,0,1.75241,1.20137,1.31071,-4.76014e-05,-7.32329e-06,-0.00016568,-0.000247724,-2.78802e-05,-0.00098311,0,0,0,0,0,0,0,0,0,0,0,0,0,0,0,0,0,0,0,0,0,0,0,0,0,0,0,0,0,0,0,0,0,0,0,0,0,0,0,0,0,0,0,0,0,0,0,0,0,0,0,0,1,0,0,0,0,0,1.3157,0.2334,4.211,0,0,0,0,0,0,0,-0,0,1.56005,0,0,0,0,0,0,0,0,0,0,0,0,1.69812,0.638136,0.0951068,0,0,0,0,0,0,0,0,0,0,0,0,0,0
9.85,0,0,0,0,-0,0,3.12568,1.94155,-2.90018,3.90645e-05,-0.000136726,0.000371952,0.000128489,-0.00066498,0.00193445,0,0,0,0,0,0,0,0,0,0,0,0,0,0,0,0,0,0,0,0,0,0,0,0,0,0,0,0,0,0,0,0,0,0,0,0,0,0,0,0,1.7524,1.20137,1.31068,-9.522e-05,-5.37138e-05,-0.000323075,-0.000439483,-0.000276333,-0.00146276,0,0,0,0,0,0,0,0,0,0,0,0,0,0,0,0,0,0,0,0,0,0,0,0,0,0,0,0,0,0,0,0,0,0,0,0,0,0,0,0,0,0,0,0,0,0,0,0,0,0,0,0,1,0,0,0,0,0,1.3157,0.2334,4.211,0,0,0,0,0,0,0,-0,0,1.56005,0,0,0,0,0,0,0,0,0,0,0,0,1.68431,0.656544,0.113515,0,0,0,0,0,0,0,0,0,0,0,0,0,0
9.9,0,0,0,0,-0,0,3.12568,1.94155,-2.90018,3.90645e-05,-0.000136726,0.000371952,0.000128489,-0.00066498,0.00193445,0,0,0,0,0,0,0,0,0,0,0,0,0,0,0,0,0,0,0,0,0,0,0,0,0,0,0,0,0,0,0,0,0,0,0,0,0,0,0,0,1.7524,1.20137,1.31068,-9.522e-05,-5.37138e-05,-0.000323075,-0.000439483,-0.000276333,-0.00146276,0,0,0,0,0,0,0,0,0,0,0,0,0,0,0,0,0,0,0,0,0,0,0,0,0,0,0,0,0,0,0,0,0,0,0,0,0,0,0,0,0,0,0,0,0,0,0,0,0,0,0,0,1,0,0,0,0,0,1.3157,0.2332,4.2108,0,0,0,0,0,0,0,-0,0,1.56005,0,0,0,0,0,0,0,0,0,0,0,0,1.68431,0.656544,0.113515,0,0,0,0,0,0,0,0,0,0,0,0,0,0
9.95,0,0,0,0,-0,0,3.12567,1.94157,-2.90019,-7.32554e-05,0.000225871,-0.000162154,-0.000364206,0.000978636,-0.000774829,0,0,0,0,0,0,0,0,0,0,0,0,0,0,0,0,0,0,0,0,0,0,0,0,0,0,0,0,0,0,0,0,0,0,0,0,0,0,0,0,1.75244,1.20138,1.3107,0.000382148,0.000184359,0.000222961,0.00161755,0.000751708,0.00123853,0,0,0,0,0,0,0,0,0,0,0,0,0,0,0,0,0,0,0,0,0,0,0,0,0,0,0,0,0,0,0,0,0,0,0,0,0,0,0,0,0,0,0,0,0,0,0,0,0,0,0,0,1,0,0,0,0,0,1.3157,0.2332,4.2108,0,0,0,0,0,0,0,-0,0,1.56002,0,0,0,0,0,0,0,0,0,0,0,0,1.68431,0.656544,0.113515,0,0,0,0,0,0,0,0,0,0,0,0,0,0
10,0,0,0,0,-0,0,3.12567,1.94157,-2.90019,-7.32554e-05,0.000225871,-0.000162154,-0.000364206,0.000978636,-0.000774829,0,0,0,0,0,0,0,0,0,0,0,0,0,0,0,0,0,0,0,0,0,0,0,0,0,0,0,0,0,0,0,0,0,0,0,0,0,0,0,0,1.75244,1.20138,1.3107,0.000382148,0.000184359,0.000222961,0.00161755,0.000751708,0.00123853,0,0,0,0,0,0,0,0,0,0,0,0,0,0,0,0,0,0,0,0,0,0,0,0,0,0,0,0,0,0,0,0,0,0,0,0,0,0,0,0,0,0,0,0,0,0,0,0,0,0,0,0,1,0,0,0,0,0,1.3157,0.2332,4.2108,0,0,0,0,0,0,0,-0,0,1.56002,0,0,0,0,0,0,0,0,0,0,0,0,1.68431,0.656544,0.113515,0,0,0,0,0,0,0,0,0,0,0,0,0,0
10.05,0,0,0,0,-0,0,3.12568,1.94157,-2.90021,9.77042e-06,-3.66391e-06,-0.000209911,4.63249e-05,-0.000106939,-0.00102284,0,0,0,0,0,0,0,0,0,0,0,0,0,0,0,0,0,0,0,0,0,0,0,0,0,0,0,0,0,0,0,0,0,0,0,0,0,0,0,0,1.75246,1.20138,1.31071,0.000235711,-4.0303e-05,3.93584e-05,0.000664697,-0.000307071,0.000375828,0,0,0,0,0,0,0,0,0,0,0,0,0,0,0,0,0,0,0,0,0,0,0,0,0,0,0,0,0,0,0,0,0,0,0,0,0,0,0,0,0,0,0,0,0,0,0,0,0,0,0,1,1,0,0,0,0,0,1.3157,0.2332,4.2108,0,0,0,0,0,0,0,-0,0,1.56,0,0,0,0,0,0,0,0,0,0,0,0,1.68431,0.656544,0.113515,0,0,0,0,0,0,0,0,0,0,0,0,0,0
10.1,0,0,0,0,-0,0,3.12568,1.94157,-2.90021,9.77042e-06,-3.66391e-06,-0.000209911,4.63249e-05,-0.000106939,-0.00102284,0,0,0,0,0,0,0,0,0,0,0,0,0,0,0,0,0,0,0,0,0,0,0,0,0,0,0,0,0,0,0,0,0,0,0,0,0,0,0,0,1.75246,1.20138,1.31071,0.000235711,-4.0303e-05,3.93584e-05,0.000664697,-0.000307071,0.000375828,0,0,0,0,0,0,0,0,0,0,0,0,0,0,0,0,0,0,0,0,0,0,0,0,0,0,0,0,0,0,0,0,0,0,0,0,0,0,0,0,0,0,0,0,0,0,0,0,0,0,0,1,1,0,0,0,0,0,1.3156,0.2333,4.2109,0,0,0,0,0,0,0,-0,0,1.56,0,0,0,0,0,0,0,0,0,0,0,0,1.67051,0.676486,0.131922,0,0,0,0,0,0,0,0,0,0,0,0,0,0
10.15,0,0,0,0,-0,0,3.12568,1.94158,-2.90005,1.46427e-05,4.14875e-05,0.00166112,0.00010288,-3.07593e-05,0.00682862,0,0,0,0,0,0,0,0,0,0,0,0,0,0,0,0,0,0,0,0,0,0,0,0,0,0,0,0,0,0,0,0,0,0,0,0,0,0,0,0,1.75249,1.20139,1.31069,0.000234282,4.14875e-05,-0.000203767,0.00026478,-9.47171e-07,-0.000862606,0,0,0,0,0,0,0,0,0,0,0,0,0,0,0,0,0,0,0,0,0,0,0,0,0,0,0,0,0,0,0,0,0,0,0,0,0,0,0,0,0,0,0,0,0,0,0,0,0,0,0,1,1,0,0,0,0,0,1.3156,0.2333,4.2109,0,0,0,0,0,0,0,-0,0,1.55998,0,0,0,0,0,0,0,0,0,0,0,0,1.67051,0.676486,0.131922,0,0,0,0,0,0,0,0,0,0,0,0,0,0
10.2,0,0,0,0,-0,0,3.12568,1.94158,-2.90005,1.46427e-05,4.14875e-05,0.00166112,0.00010288,-3.07593e-05,0.00682862,0,0,0,0,0,0,0,0,0,0,0,0,0,0,0,0,0,0,0,0,0,0,0,0,0,0,0,0,0,0,0,0,0,0,0,0,0,0,0,0,1.75249,1.20139,1.31069,0.000234282,4.14875e-05,-0.000203767,0.00026478,-9.47171e-07,-0.000862606,0,0,0,0,0,0,0,0,0,0,0,0,0,0,0,0,0,0,0,0,0,0,0,0,0,0,0,0,0,0,0,0,0,0,0,0,0,0,0,0,0,0,0,0,0,0,0,0,0,0,0,1,1,0,0,0,0,0,1.3156,0.2333,4.2109,0,0,0,0,0,0,0,-0,0,1.55998,0,0,0,0,0,0,0,0,0,0,0,0,1.67051,0.676486,0.131922,0,0,0,0,0,0,0,0,0,0,0,0,0,0
10.25,0,0,0,0,-0,0,3.12561,1.94171,-2.8961,-0.00071806,0.00131644,0.0394645,-0.00285811,0.00508584,0.156204,0,0,0,0,0,0,0,0,0,0,0,0,0,0,0,0,0,0,0,0,0,0,0,0,0,0,0,0,0,0,0,0,0,0,0,0,0,0,0,0,1.75251,1.20139,1.31072,0.00021493,5.00688e-05,0.000287409,2.69867e-05,7.5081e-05,0.00127723,0,0,0,0,0,0,0,0,0,0,0,0,0,0,0,0,0,0,0,0,0,0,0,0,0,0,0,0,0,0,0,0,0,0,0,0,0,0,0,0,0,0,0,0,0,0,0,0,0,0,0,1,1,0,0,0,0,0,1.3156,0.2333,4.2109,0,0,0,0,0,0,0,-0,0,1.55996,0,0,0,0,0,0,0,0,0,0,0,0,1.67051,0.676486,0.131922,0,0,0,0,0,0,0,0,0,0,0,0,0,0
10.3,0,0,0,0,-0,0,3.12561,1.94171,-2.8961,-0.00071806,0.00131644,0.0394645,-0.00285811,0.00508584,0.156204,0,0,0,0,0,0,0,0,0,0,0,0,0,0,0,0,0,0,0,0,0,0,0,0,0,0,0,0,0,0,0,0,0,0,0,0,0,0,0,0,1.75251,1.20139,1.31072,0.00021493,5.00688e-05,0.000287409,2.69867e-05,7.5081e-05,0.00127723,0,0,0,0,0,0,0,0,0,0,0,0,0,0,0,0,0,0,0,0,0,0,0,0,0,0,0,0,0,0,0,0,0,0,0,0,0,0,0,0,0,0,0,0,0,0,0,0,0,0,0,1,1,0,0,0,0,0,1.3727,0.2836,4.2629,0,0,0,0,0,0,0,-0,0,1.55996,0,0,0,0,0,0,0,0,0,0,0,0,1.67051,0.676486,0.131922,0,0,0,0,0,0,0,0,0,0,0,0,0,0
10.35,0,0,0,0,-0,0,3.12541,1.94186,-2.88779,-0.00191841,0.00156938,0.0830608,-0.0069144,0.00475884,0.288272,0,0,0,0,0,0,0,0,0,0,0,0,0,0,0,0,0,0,0,0,0,0,0,0,0,0,0,0,0,0,0,0,0,0,0,0,0,0,0,0,1.75255,1.20143,1.31066,0.000456415,0.000362447,-0.000516031,0.000949428,0.00130371,-0.00215367,0,0,0,0,0,0,0,0,0,0,0,0,0,0,0,0,0,0,0,0,0,0,0,0,0,0,0,0,0,0,0,0,0,0,0,0,0,0,0,0,0,0,0,0,0,0,0,0,0,0,0,1,1,0,0,0,0,0,1.3727,0.2836,4.2629,0,0,0,0,0,0,0,-0,0,1.5598,0,0,0,0,0,0,0,0,0,0,0,0,1.6567,0.694893,0.15033,0,0,0,0,0,0,0,0,0,0,0,0,0,0
10.4,0,0,0,0,-0,0,3.12541,1.94186,-2.88779,-0.00191841,0.00156938,0.0830608,-0.0069144,0.00475884,0.288272,0,0,0,0,0,0,0,0,0,0,0,0,0,0,0,0,0,0,0,0,0,0,0,0,0,0,0,0,0,0,0,0,0,0,0,0,0,0,0,0,1.75255,1.20143,1.31066,0.000456415,0.000362447,-0.000516031,0.000949428,0.00130371,-0.00215367,0,0,0,0,0,0,0,0,0,0,0,0,0,0,0,0,0,0,0,0,0,0,0,0,0,0,0,0,0,0,0,0,0,0,0,0,0,0,0,0,0,0,0,0,0,0,0,0,0,0,0,1,1,0,0,0,0,0,1.3727,0.2836,4.2629,0,0,0,0,0,0,0,-0,0,1.5598,0,0,0,0,0,0,0,0,0,0,0,0,1.6567,0.694893,0.15033,0,0,0,0,0,0,0,0,0,0,0,0,0,0
10.45,0,0,0,0,-0,0,3.1251,1.94209,-2.87603,-0.0030995,0.00228616,0.117675,-0.00941695,0.00567441,0.329143,0,0,0,0,0,0,0,0,0,0,0,0,0,0,0,0,0,0,0,0,0,0,0,0,0,0,0,0,0,0,0,0,0,0,0,0,0,0,0,0,1.75259,1.20144,1.31065,0.000334619,0.000175858,-0.000106143,0.000207571,0.000203085,-0.000119251,0,0,0,0,0,0,0,0,0,0,0,0,0,0,0,0,0,0,0,0,0,0,0,0,0,0,0,0,0,0,0,0,0,0,0,0,0,0,0,0,0,0,0,0,0,0,0,0,0,0,0,1,1,0,0,0,0,0,1.3727,0.2836,4.2629,0,0,0,0,0,0,0,-0,0,1.5596,0,0,0,0,0,0,0,0,0,0,0,0,1.6567,0.694893,0.15033,0,0,0,0,0,0,0,0,0,0,0,0,0,0
10.5,0,0,0,0,-0,0,3.1251,1.94209,-2.87603,-0.0030995,0.00228616,0.117675,-0.00941695,0.00567441,0.329143,0,0,0,0,0,0,0,0,0,0,0,0,0,0,0,0,0,0,0,0,0,0,0,0,0,0,0,0,0,0,0,0,0,0,0,0,0,0,0,0,1.75259,1.20144,1.31065,0.000334619,0.000175858,-0.000106143,0.000207571,0.000203085,-0.000119251,0,0,0,0,0,0,0,0,0,0,0,0,0,0,0,0,0,0,0,0,0,0,0,0,0,0,0,0,0,0,0,0,0,0,0,0,0,0,0,0,0,0,0,0,0,0,0,0,0,0,0,1,1,0,0,0,0,0,1.3135,0.1916,4.1792,0,0,0,0,0,0,0,-0,0,1.5596,0,0,0,0,0,0,0,0,0,0,0,0,1.6567,0.694893,0.15033,0,0,0,0,0,0,0,0,0,0,0,0,0,0
10.55,0,0,0,0,-0,0,3.12473,1.94236,-2.86239,-0.00367182,0.00264908,0.133862,-0.00833448,0.00502597,0.269978,0,0,0,0,0,0,0,0,0,0,0,0,0,0,0,0,0,0,0,0,0,0,0,0,0,0,0,0,0,0,0,0,0,0,0,0,0,0,0,0,1.75262,1.20147,1.31061,0.000356883,0.000221555,-0.000396469,0.000122139,0.000160692,-0.000963292,0,0,0,0,0,0,0,0,0,0,0,0,0,0,0,0,0,0,0,0,0,0,0,0,0,0,0,0,0,0,0,0,0,0,0,0,0,0,0,0,0,0,0,0,0,0,0,0,0,0,0,1,1,0,0,0,0,0,1.3135,0.1916,4.1792,0,0,0,0,0,0,0,-0,0,1.55936,0,0,0,0,0,0,0,0,0,0,0,0,1.63369,0.707165,0.16567,0,0,0,0,0,0,0,0,0,0,0,0,0,0
10.6,0,0,0,0,-0,0,3.12473,1.94236,-2.86239,-0.00367182,0.00264908,0.133862,-0.00833448,0.00502597,0.269978,0,0,0,0,0,0,0,0,0,0,0,0,0,0,0,0,0,0,0,0,0,0,0,0,0,0,0,0,0,0,0,0,0,0,0,0,0,0,0,0,1.75262,1.20147,1.31061,0.000356883,0.000221555,-0.000396469,0.000122139,0.000160692,-0.000963292,0,0,0,0,0,0,0,0,0,0,0,0,0,0,0,0,0,0,0,0,0,0,0,0,0,0,0,0,0,0,0,0,0,0,0,0,0,0,0,0,0,0,0,0,0,0,0,0,0,0,0,1,1,0,0,0,0,0,1.3135,0.1916,4.1792,0,0,0,0,0,0,0,-0,0,1.55936,0,0,0,0,0,0,0,0,0,0,0,0,1.63369,0.707165,0.16567,0,0,0,0,0,0,0,0,0,0,0,0,0,0
10.65,0,0,0,0,-0,0,3.12433,1.94264,-2.84872,-0.00409575,0.00287399,0.139277,-0.00626593,0.00362243,0.165415,0,0,0,0,0,0,0,0,0,0,0,0,0,0,0,0,0,0,0,0,0,0,0,0,0,0,0,0,0,0,0,0,0,0,0,0,0,0,0,0,1.75265,1.2015,1.31062,0.000316015,0.000297352,8.26194e-05,-0.000129016,0.000375334,0.00124599,0,0,0,0,0,0,0,0,0,0,0,0,0,0,0,0,0,0,0,0,0,0,0,0,0,0,0,0,0,0,0,0,0,0,0,0,0,0,0,0,0,0,0,0,0,0,0,0,0,0,0,1,1,0,0,0,0,0,1.3135,0.1916,4.1792,0,0,0,0,0,0,0,-0,0,1.5591,0,0,0,0,0,0,0,0,0,0,0,0,1.63369,0.707165,0.16567,0,0,0,0,0,0,0,0,0,0,0,0,0,0
10.7,0,0,0,0,-0,0,3.12433,1.94264,-2.84872,-0.00409575,0.00287399,0.139277,-0.00626593,0.00362243,0.165415,0,0,0,0,0,0,0,0,0,0,0,0,0,0,0,0,0,0,0,0,0,0,0,0,0,0,0,0,0,0,0,0,0,0,0,0,0,0,0,0,1.75265,1.2015,1.31062,0.000316015,0.000297352,8.26194e-05,-0.000129016,0.000375334,0.00124599,0,0,0,0,0,0,0,0,0,0,0,0,0,0,0,0,0,0,0,0,0,0,0,0,0,0,0,0,0,0,0,0,0,0,0,0,0,0,0,0,0,0,0,0,0,0,0,0,0,0,0,1,1,0,0,0,0,0,1.2332,0.0674,4.0665,0,0,0,0,0,0,0,-0,0,1.5591,0,0,0,0,0,0,0,0,0,0,0,0,1.63369,0.707165,0.16567,0,0,0,0,0,0,0,0,0,0,0,0,0,0
10.75,0,0,0,0,-0,0,3.12395,1.94296,-2.83666,-0.00381655,0.0031162,0.120604,-0.00269102,0.00318053,0.0216936,0,0,0,0,0,0,0,0,0,0,0,0,0,0,0,0,0,0,0,0,0,0,0,0,0,0,0,0,0,0,0,0,0,0,0,0,0,0,0,0,1.75269,1.20152,1.3106,0.00039288,0.000274528,-0.000209709,0.000221092,0.000185639,-0.000121577,0,0,0,0,0,0,0,0,0,0,0,0,0,0,0,0,0,0,0,0,0,0,0,0,0,0,0,0,0,0,0,0,0,0,0,0,0,0,0,0,0,0,0,0,0,0,0,0,0,0,0,1,1,0,0,0,0,0,1.2332,0.0674,4.0665,0,0,0,0,0,0,0,-0,0,1.55886,0,0,0,0,0,0,0,0,0,0,0,0,1.63369,0.707165,0.16567,0,0,0,0,0,0,0,0,0,0,0,0,0,0
10.8,0,0,0,0,-0,0,3.12395,1.94296,-2.83666,-0.00381655,0.0031162,0.120604,-0.00269102,0.00318053,0.0216936,0,0,0,0,0,0,0,0,0,0,0,0,0,0,0,0,0,0,0,0,0,0,0,0,0,0,0,0,0,0,0,0,0,0,0,0,0,0,0,0,1.75269,1.20152,1.3106,0.00039288,0.000274528,-0.000209709,0.000221092,0.000185639,-0.000121577,0,0,0,0,0,0,0,0,0,0,0,0,0,0,0,0,0,0,0,0,0,0,0,0,0,0,0,0,0,0,0,0,0,0,0,0,0,0,0,0,0,0,0,0,0,0,0,0,0,0,0,1,1,0,0,0,0,0,1.2332,0.0674,4.0665,0,0,0,0,0,0,0,-0,0,1.55886,0,0,0,0,0,0,0,0,0,0,0,0,1.59687,0.716369,0.179476,0,0,0,0,0,0,0,0,0,0,0,0,0,0
10.85,0,0,0,0,-0,0,3.12371,1.94313,-2.82712,-0.00238408,0.00176363,0.0953681,0.00470429,-0.00363422,-0.111106,0,0,0,0,0,0,0,0,0,0,0,0,0,0,0,0,0,0,0,0,0,0,0,0,0,0,0,0,0,0,0,0,0,0,0,0,0,0,0,0,1.75274,1.20157,1.31055,0.000469,0.000479992,-0.000477091,0.000475277,0.000898821,-0.00132618,0,0,0,0,0,0,0,0,0,0,0,0,0,0,0,0,0,0,0,0,0,0,0,0,0,0,0,0,0,0,0,0,0,0,0,0,0,0,0,0,0,0,0,0,0,0,0,0,0,0,0,1,1,0,0,0,0,0,1.2332,0.0674,4.0665,0,0,0,0,0,0,0,-0,0,1.55867,0,0,0,0,0,0,0,0,0,0,0,0,1.59687,0.716369,0.179476,0,0,0,0,0,0,0,0,0,0,0,0,0,0
10.9,0,0,0,0,-0,0,3.12371,1.94313,-2.82712,-0.00238408,0.00176363,0.0953681,0.00470429,-0.00363422,-0.111106,0,0,0,0,0,0,0,0,0,0,0,0,0,0,0,0,0,0,0,0,0,0,0,0,0,0,0,0,0,0,0,0,0,0,0,0,0,0,0,0,1.75274,1.20157,1.31055,0.000469,0.000479992,-0.000477091,0.000475277,0.000898821,-0.00132618,0,0,0,0,0,0,0,0,0,0,0,0,0,0,0,0,0,0,0,0,0,0,0,0,0,0,0,0,0,0,0,0,0,0,0,0,0,0,0,0,0,0,0,0,0,0,0,0,0,0,0,1,1,0,0,0,0,0,1.3769,0.1771,4.1853,0,0,0,0,0,0,1.17456,0.34511,3.7989,1.55867,0,0,0,0,1,0,0,0,0,0,0,0,1.59687,0.716369,0.179476,0,0,0,0,0,0,0,0,0,0,0,0,0,0
10.95,0,0,0,0,-0,0,3.12357,1.94328,-2.81908,-0.00140677,0.001524,0.0805081,0.00772641,-0.00405887,-0.143907,0,0,0,0,0,0,0,0,0,0,0,0,0,0,0,0,0,0,0,0,0,0,0,0,0,0,0,0,0,0,0,0,0,0,0,0,0,0,0,0,1.7528,1.20163,1.31054,0.000598366,0.000540972,-0.000152644,0.000837417,0.000880623,0.000336257,0,0,0,0,0,0,0,0,0,0,0,0,0,0,0,0,0,0,0,0,0,0,0,0,0,0,0,0,0,0,0,0,0,0,0,0,0,0,0,0,0,0,0,0,0,0,0,0,0,0,0,1,1,0,0,0,0,0,1.3769,0.1771,4.1853,0,0,0,0,0,0,1.17456,0.34511,3.7989,1.55854,0,0,0,0,1,0,0,0,0,0,0,0,1.59687,0.716369,0.179476,0,0,0,0,0,0,0,0,0,0,0,0,0,0
11,0,0,0,0,-0,0,3.12357,1.94328,-2.81908,-0.00140677,0.001524,0.0805081,0.00772641,-0.00405887,-0.143907,0,0,0,0,0,0,0,0,0,0,0,0,0,0,0,0,0,0,0,0,0,0,0,0,0,0,0,0,0,0,0,0,0,0,0,0,0,0,0,0,1.7528,1.20163,1.31054,0.000598366,0.000540972,-0.000152644,0.000837417,0.000880623,0.000336257,0,0,0,0,0,0,0,0,0,0,0,0,0,0,0,0,0,0,0,0,0,0,0,0,0,0,0,0,0,0,0,0,0,0,0,0,0,0,0,0,0,0,0,0,0,0,0,0,0,0,0,1,1,0,0,0,0,0,1.3769,0.1771,4.1853,0,0,0,0,0,0,1.17456,0.34511,3.7989,1.55854,0,0,0,0,1,0,0,0,0,0,0,0,1.59687,0.716369,0.179476,0,0,0,0,0,0,0,0,0,0,0,0,0,0
11.05,0,0,0,0,-0,0,3.12347,1.94341,-2.81104,-0.00101128,0.00129219,0.0803659,0.00663104,-0.00342233,-0.091484,0,0,0,0,0,0,0,0,0,0,0,0,0,0,0,0,0,0,0,0,0,0,0,0,0,0,0,0,0,0,0,0,0,0,0,0,0,0,0,0,1.75285,1.20168,1.31052,0.000514189,0.000512967,-0.000193221,0.000215469,0.000414355,0.000265131,0,0,0,0,0,0,0,0,0,0,0,0,0,0,0,0,0,0,0,0,0,0,0,0,0,0,0,0,0,0,0,0,0,0,0,0,0,0,0,0,0,0,0,0,0,0,0,0,0,0,0,1,1,0,0,0,0,0,1.3769,0.1771,4.1853,0,0,0,0,0,0,1.17456,0.34511,3.7989,1.55845,0,0,0,0,1,0,0,0,0,0,0,0,1.57847,0.730175,0.197884,0,0,0,0,0,0,0,0,0,0,0,0,0,0
11.1,0,0,0,0,-0,0,3.12347,1.94341,-2.81104,-0.00101128,0.00129219,0.0803659,0.00663104,-0.00342233,-0.091484,0,0,0,0,0,0,0,0,0,0,0,0,0,0,0,0,0,0,0,0,0,0,0,0,0,0,0,0,0,0,0,0,0,0,0,0,0,0,0,0,1.75285,1.20168,1.31052,0.000514189,0.000512967,-0.000193221,0.000215469,0.000414355,0.000265131,0,0,0,0,0,0,0,0,0,0,0,0,0,0,0,0,0,0,0,0,0,0,0,0,0,0,0,0,0,0,0,0,0,0,0,0,0,0,0,0,0,0,0,0,0,0,0,0,0,0,0,1,1,0,0,0,0,0,1.3466,0.1215,4.1368,0,0,0,0,0,0,0,-0,0,1.55845,0,0,0,0,0,0,0,0,0,0,0,0,1.57847,0.730175,0.197884,0,0,0,0,0,0,0,0,0,0,0,0,0,0
11.15,0,0,0,0,-0,0,3.12335,1.94362,-2.80196,-0.0011909,0.0020255,0.0908416,0.00311405,0.000963535,-0.00584979,0,0,0,0,0,0,0,0,0,0,0,0,0,0,0,0,0,0,0,0,0,0,0,0,0,0,0,0,0,0,0,0,0,0,0,0,0,0,0,0,1.75291,1.20174,1.31046,0.000535661,0.000646698,-0.000546938,0.000131735,0.000720828,-0.00126419,0,0,0,0,0,0,0,0,0,0,0,0,0,0,0,0,0,0,0,0,0,0,0,0,0,0,0,0,0,0,0,0,0,0,0,0,0,0,0,0,0,0,0,0,0,0,0,0,0,0,0,1,1,0,0,0,0,0,1.3466,0.1215,4.1368,0,0,0,0,0,0,0,-0,0,1.55836,0,0,0,0,0,0,0,0,0,0,0,0,1.57847,0.730175,0.197884,0,0,0,0,0,0,0,0,0,0,0,0,0,0
11.2,0,0,0,0,-0,0,3.12335,1.94362,-2.80196,-0.0011909,0.0020255,0.0908416,0.00311405,0.000963535,-0.00584979,0,0,0,0,0,0,0,0,0,0,0,0,0,0,0,0,0,0,0,0,0,0,0,0,0,0,0,0,0,0,0,0,0,0,0,0,0,0,0,0,1.75291,1.20174,1.31046,0.000535661,0.000646698,-0.000546938,0.000131735,0.000720828,-0.00126419,0,0,0,0,0,0,0,0,0,0,0,0,0,0,0,0,0,0,0,0,0,0,0,0,0,0,0,0,0,0,0,0,0,0,0,0,0,0,0,0,0,0,0,0,0,0,0,0,0,0,0,1,1,0,0,0,0,0,1.3466,0.1215,4.1368,0,0,0,0,0,0,0,-0,0,1.55836,0,0,0,0,0,0,0,0,0,0,0,0,1.57847,0.730175,0.197884,0,0,0,0,0,0,0,0,0,0,0,0,0,0
11.25,0,0,0,0,-0,0,3.12316,1.94386,-2.79156,-0.00183435,0.00244743,0.104059,-0.00117414,0.00285333,0.0606643,0,0,0,0,0,0,0,0,0,0,0,0,0,0,0,0,0,0,0,0,0,0,0,0,0,0,0,0,0,0,0,0,0,0,0,0,0,0,0,0,1.75296,1.20182,1.31044,0.000532473,0.000801152,-0.000180089,5.36965e-05,0.00108989,0.000500789,0,0,0,0,0,0,0,0,0,0,0,0,0,0,0,0,0,0,0,0,0,0,0,0,0,0,0,0,0,0,0,0,0,0,0,0,0,0,0,0,0,0,0,0,0,0,0,0,0,0,0,1,1,0,0,0,0,0,1.3466,0.1215,4.1368,0,0,0,0,0,0,0,-0,0,1.55823,0,0,0,0,0,0,0,0,0,0,0,0,1.57847,0.730175,0.197884,0,0,0,0,0,0,0,0,0,0,0,0,0,0
11.3,0,0,0,0,-0,0,3.12316,1.94386,-2.79156,-0.00183435,0.00244743,0.104059,-0.00117414,0.00285333,0.0606643,0,0,0,0,0,0,0,0,0,0,0,0,0,0,0,0,0,0,0,0,0,0,0,0,0,0,0,0,0,0,0,0,0,0,0,0,0,0,0,0,1.75296,1.20182,1.31044,0.000532473,0.000801152,-0.000180089,5.36965e-05,0.00108989,0.000500789,0,0,0,0,0,0,0,0,0,0,0,0,0,0,0,0,0,0,0,0,0,0,0,0,0,0,0,0,0,0,0,0,0,0,0,0,0,0,0,0,0,0,0,0,0,0,0,0,0,0,0,1,1,0,0,0,0,0,1.3335,0.0783,4.102,0,0,0,0,0,0,0,-0,0,1.55823,0,0,0,0,0,0,0,0,0,0,0,0,1.5708,0.753185,0.214757,0,0,0,0,0,0,0,0,0,0,0,0,0,0
11.35,0,0,0,0,-0,0,3.12293,1.94409,-2.7802,-0.00231937,0.00230716,0.113551,-0.00322642,0.00141286,0.0835412,0,0,0,0,0,0,0,0,0,0,0,0,0,0,0,0,0,0,0,0,0,0,0,0,0,0,0,0,0,0,0,0,0,0,0,0,0,0,0,0,1.75301,1.20188,1.31042,0.00048829,0.000567637,-0.000286107,-0.0001539,-0.000227298,0.000115492,0,0,0,0,0,0,0,0,0,0,0,0,0,0,0,0,0,0,0,0,0,0,0,0,0,0,0,0,0,0,0,0,0,0,0,0,0,0,0,0,0,0,0,0,0,0,0,0,0,0,0,1,1,0,0,0,0,0,1.3335,0.0783,4.102,0,0,0,0,0,0,0,-0,0,1.55807,0,0,0,0,0,0,0,0,0,0,0,0,1.5708,0.753185,0.214757,0,0,0,0,0,0,0,0,0,0,0,0,0,0
11.4,0,0,0,0,-0,0,3.12293,1.94409,-2.7802,-0.00231937,0.00230716,0.113551,-0.00322642,0.00141286,0.0835412,0,0,0,0,0,0,0,0,0,0,0,0,0,0,0,0,0,0,0,0,0,0,0,0,0,0,0,0,0,0,0,0,0,0,0,0,0,0,0,0,1.75301,1.20188,1.31042,0.00048829,0.000567637,-0.000286107,-0.0001539,-0.000227298,0.000115492,0,0,0,0,0,0,0,0,0,0,0,0,0,0,0,0,0,0,0,0,0,0,0,0,0,0,0,0,0,0,0,0,0,0,0,0,0,0,0,0,0,0,0,0,0,0,0,0,0,0,0,1,1,0,0,0,0,0,1.3335,0.0783,4.102,0,0,0,0,0,0,0,-0,0,1.55807,0,0,0,0,0,0,0,0,0,0,0,0,1.5708,0.753185,0.214757,0,0,0,0,0,0,0,0,0,0,0,0,0,0
11.45,0,0,0,0,-0,0,3.12268,1.94431,-2.76855,-0.00252232,0.00217315,0.116569,-0.00302457,0.00011608,0.0652378,0,0,0,0,0,0,0,0,0,0,0,0,0,0,0,0,0,0,0,0,0,0,0,0,0,0,0,0,0,0,0,0,0,0,0,0,0,0,0,0,1.75307,1.20195,1.31035,0.000612876,0.000684907,-0.000708199,0.000376898,0.000153254,-0.00166915,0,0,0,0,0,0,0,0,0,0,0,0,0,0,0,0,0,0,0,0,0,0,0,0,0,0,0,0,0,0,0,0,0,0,0,0,0,0,0,0,0,0,0,0,0,0,0,0,0,0,0,1,1,0,0,0,0,0,1.3335,0.0783,4.102,0,0,0,0,0,0,0,-0,0,1.55786,0,0,0,0,0,0,0,0,0,0,0,0,1.5708,0.753185,0.214757,0,0,0,0,0,0,0,0,0,0,0,0,0,0
11.5,0,0,0,0,-0,0,3.12268,1.94431,-2.76855,-0.00252232,0.00217315,0.116569,-0.00302457,0.00011608,0.0652378,0,0,0,0,0,0,0,0,0,0,0,0,0,0,0,0,0,0,0,0,0,0,0,0,0,0,0,0,0,0,0,0,0,0,0,0,0,0,0,0,1.75307,1.20195,1.31035,0.000612876,0.000684907,-0.000708199,0.000376898,0.000153254,-0.00166915,0,0,0,0,0,0,0,0,0,0,0,0,0,0,0,0,0,0,0,0,0,0,0,0,0,0,0,0,0,0,0,0,0,0,0,0,0,0,0,0,0,0,0,0,0,0,0,0,0,0,0,1,1,0,0,0,0,0,1.377,0.0871,4.1207,0,0,0,0,0,0,0,-0,0,1.55786,0,0,0,0,0,0,0,0,0,0,0,0,1.5708,0.753185,0.214757,0,0,0,0,0,0,0,0,0,0,0,0,0,0
11.55,0,0,0,0,-0,0,3.12241,1.94452,-2.75743,-0.00265766,0.00207599,0.110831,-0.00233958,-0.000484224,0.0142501,0,0,0,0,0,0,0,0,0,0,0,0,0,0,0,0,0,0,0,0,0,0,0,0,0,0,0,0,0,0,0,0,0,0,0,0,0,0,0,0,1.75313,1.20202,1.3103,0.000633993,0.000737428,-0.000461082,0.000385109,0.00035651,-0.000257943,0,0,0,0,0,0,0,0,0,0,0,0,0,0,0,0,0,0,0,0,0,0,0,0,0,0,0,0,0,0,0,0,0,0,0,0,0,0,0,0,0,0,0,0,0,0,0,0,0,0,0,1,1,0,0,0,0,0,1.377,0.0871,4.1207,0,0,0,0,0,0,0,-0,0,1.55764,0,0,0,0,0,0,0,0,0,0,0,0,1.55239,0.770058,0.230097,0,0,0,0,0,0,0,0,0,0,0,0,0,0
11.65,0,0,0,0,-0,0,3.12241,1.94452,-2.75743,-0.00265766,0.00207599,0.110831,-0.00233958,-0.000484224,0.0142501,0,0,0,0,0,0,0,0,0,0,0,0,0,0,0,0,0,0,0,0,0,0,0,0,0,0,0,0,0,0,0,0,0,0,0,0,0,0,0,0,1.75313,1.20202,1.3103,0.000633993,0.000737428,-0.000461082,0.000385109,0.00035651,-0.000257943,0,0,0,0,0,0,0,0,0,0,0,0,0,0,0,0,0,0,0,0,0,0,0,0,0,0,0,0,0,0,0,0,0,0,0,0,0,0,0,0,0,0,0,0,0,0,0,0,0,0,0,1,1,0,0,0,0,0,1.377,0.0871,4.1207,0,0,0,0,0,0,0,-0,0,1.55764,0,0,0,0,0,0,0,0,0,0,0,0,1.55239,0.770058,0.230097,0,0,0,0,0,0,0,0,0,0,0,0,0,0
11.7,0,0,0,0,-0,0,3.12218,1.9447,-2.74694,-0.0023801,0.00178997,0.105175,-0.000170147,-0.00154075,-0.0223364,0,0,0,0,0,0,0,0,0,0,0,0,0,0,0,0,0,0,0,0,0,0,0,0,0,0,0,0,0,0,0,0,0,0,0,0,0,0,0,0,1.75321,1.20211,1.31027,0.000789695,0.000865604,-0.000306083,0.000846183,0.000744147,0.000660914,0,0,0,0,0,0,0,0,0,0,0,0,0,0,0,0,0,0,0,0,0,0,0,0,0,0,0,0,0,0,0,0,0,0,0,0,0,0,0,0,0,0,0,0,0,0,0,0,0,0,0,1,1,0,0,0,0,0,1.377,0.0871,4.1207,0,0,0,0,0,0,0,-0,0,1.5574,0,0,0,0,0,0,0,0,0,0,0,0,1.55239,0.770058,0.230097,0,0,0,0,0,0,0,0,0,0,0,0,0,0
11.75,0,0,0,0,-0,0,3.12218,1.9447,-2.74694,-0.0023801,0.00178997,0.105175,-0.000170147,-0.00154075,-0.0223364,0,0,0,0,0,0,0,0,0,0,0,0,0,0,0,0,0,0,0,0,0,0,0,0,0,0,0,0,0,0,0,0,0,0,0,0,0,0,0,0,1.75321,1.20211,1.31027,0.000789695,0.000865604,-0.000306083,0.000846183,0.000744147,0.000660914,0,0,0,0,0,0,0,0,0,0,0,0,0,0,0,0,0,0,0,0,0,0,0,0,0,0,0,0,0,0,0,0,0,0,0,0,0,0,0,0,0,0,0,0,0,0,0,0,0,0,0,1,1,0,0,0,0,0,1.3359,0.0141,4.0572,0,0,0,0,0,0,0,-0,0,1.5574,0,0,0,0,0,0,0,0,0,0,0,0,1.55239,0.770058,0.230097,0,0,0,0,0,0,0,0,0,0,0,0,0,0
11.8,0,0,0,0,-0,0,3.12201,1.9449,-2.73676,-0.00164103,0.00203175,0.101806,0.00311495,-8.01609e-05,-0.0305511,0,0,0,0,0,0,0,0,0,0,0,0,0,0,0,0,0,0,0,0,0,0,0,0,0,0,0,0,0,0,0,0,0,0,0,0,0,0,0,0,1.75327,1.20219,1.31022,0.000566546,0.000791211,-0.000472185,-0.000311921,0.000212188,-0.000146599,0,0,0,0,0,0,0,0,0,0,0,0,0,0,0,0,0,0,0,0,0,0,0,0,0,0,0,0,0,0,0,0,0,0,0,0,0,0,0,0,0,0,0,0,0,0,0,0,0,0,0,1,1,0,0,0,0,0,1.3359,0.0141,4.0572,0,0,0,0,0,0,0,-0,0,1.55727,0,0,0,0,0,0,0,0,0,0,0,0,1.52938,0.785398,0.248505,0,0,0,0,0,0,0,0,0,0,0,0,0,0
11.85,0,0,0,0,-0,0,3.12201,1.9449,-2.73676,-0.00164103,0.00203175,0.101806,0.00311495,-8.01609e-05,-0.0305511,0,0,0,0,0,0,0,0,0,0,0,0,0,0,0,0,0,0,0,0,0,0,0,0,0,0,0,0,0,0,0,0,0,0,0,0,0,0,0,0,1.75327,1.20219,1.31022,0.000566546,0.000791211,-0.000472185,-0.000311921,0.000212188,-0.000146599,0,0,0,0,0,0,0,0,0,0,0,0,0,0,0,0,0,0,0,0,0,0,0,0,0,0,0,0,0,0,0,0,0,0,0,0,0,0,0,0,0,0,0,0,0,0,0,0,0,0,0,1,1,0,0,0,0,0,1.3359,0.0141,4.0572,0,0,0,0,0,0,0,-0,0,1.55727,0,0,0,0,0,0,0,0,0,0,0,0,1.52938,0.785398,0.248505,0,0,0,0,0,0,0,0,0,0,0,0,0,0
11.9,0,0,0,0,-0,0,3.12189,1.9451,-2.72698,-0.00119105,0.0019684,0.0977888,0.004121,-0.00010875,-0.0358247,0,0,0,0,0,0,0,0,0,0,0,0,0,0,0,0,0,0,0,0,0,0,0,0,0,0,0,0,0,0,0,0,0,0,0,0,0,0,0,0,1.75334,1.20227,1.31018,0.000693148,0.000881079,-0.000403996,0.000159393,0.00041195,7.60158e-05,0,0,0,0,0,0,0,0,0,0,0,0,0,0,0,0,0,0,0,0,0,0,0,0,0,0,0,0,0,0,0,0,0,0,0,0,0,0,0,0,0,0,0,0,0,0,0,0,0,0,0,1,1,0,0,0,0,0,1.3359,0.0141,4.0572,0,0,0,0,0,0,0,-0,0,1.55715,0,0,0,0,0,0,0,0,0,0,0,0,1.52938,0.785398,0.248505,0,0,0,0,0,0,0,0,0,0,0,0,0,0
11.95,0,0,0,0,-0,0,3.12189,1.9451,-2.72698,-0.00119105,0.0019684,0.0977888,0.004121,-0.00010875,-0.0358247,0,0,0,0,0,0,0,0,0,0,0,0,0,0,0,0,0,0,0,0,0,0,0,0,0,0,0,0,0,0,0,0,0,0,0,0,0,0,0,0,1.75334,1.20227,1.31018,0.000693148,0.000881079,-0.000403996,0.000159393,0.00041195,7.60158e-05,0,0,0,0,0,0,0,0,0,0,0,0,0,0,0,0,0,0,0,0,0,0,0,0,0,0,0,0,0,0,0,0,0,0,0,0,0,0,0,0,0,0,0,0,0,0,0,0,0,0,0,1,1,0,0,0,0,0,1.3362,-0.0146,4.0372,0,0,0,0,0,0,1.15733,0.19581,3.63639,1.55715,0,0,0,0,1,0,0,0,0,0,0,0,1.52938,0.785398,0.248505,0,0,0,0,0,0,0,0,0,0,0,0,0,0
12,0,0,0,0,-0,0,3.12182,1.94531,-2.71719,-0.000689942,0.0021319,0.0957012,0.00456692,0.000643588,-0.0276193,0,0,0,0,0,0,0,0,0,0,0,0,0,0,0,0,0,0,0,0,0,0,0,0,0,0,0,0,0,0,0,0,0,0,0,0,0,0,0,0,1.75341,1.20237,1.31014,0.00074724,0.00090003,-0.00037652,0.00039539,0.000373809,0.000173874,0,0,0,0,0,0,0,0,0,0,0,0,0,0,0,0,0,0,0,0,0,0,0,0,0,0,0,0,0,0,0,0,0,0,0,0,0,0,0,0,0,0,0,0,0,0,0,0,0,0,0,1,1,0,0,0,0,0,1.3362,-0.0146,4.0372,0,0,0,0,0,0,1.15733,0.19581,3.63639,1.55708,0,0,0,0,1,0,0,0,0,0,0,0,1.52938,0.785398,0.248505,0,0,0,0,0,0,0,0,0,0,0,0,0,0
12.05,0,0,0,0,-0,0,3.12182,1.94531,-2.71719,-0.000689942,0.0021319,0.0957012,0.00456692,0.000643588,-0.0276193,0,0,0,0,0,0,0,0,0,0,0,0,0,0,0,0,0,0,0,0,0,0,0,0,0,0,0,0,0,0,0,0,0,0,0,0,0,0,0,0,1.75341,1.20237,1.31014,0.00074724,0.00090003,-0.00037652,0.00039539,0.000373809,0.000173874,0,0,0,0,0,0,0,0,0,0,0,0,0,0,0,0,0,0,0,0,0,0,0,0,0,0,0,0,0,0,0,0,0,0,0,0,0,0,0,0,0,0,0,0,0,0,0,0,0,0,0,1,1,0,0,0,0,0,1.3362,-0.0146,4.0372,0,0,0,0,0,0,1.15733,0.19581,3.63639,1.55708,0,0,0,0,1,0,0,0,0,0,0,0,1.51404,0.802272,0.265379,0,0,0,0,0,0,0,0,0,0,0,0,0,0
12.1,0,0,0,0,-0,0,3.12175,1.94554,-2.70717,-0.00073233,0.0023607,0.102652,0.00270441,0.00120052,0.00321944,0,0,0,0,0,0,0,0,0,0,0,0,0,0,0,0,0,0,0,0,0,0,0,0,0,0,0,0,0,0,0,0,0,0,0,0,0,0,0,0,1.7535,1.20248,1.31004,0.000914789,0.00121722,-0.00108251,0.000866887,0.0013982,-0.00265666,0,0,0,0,0,0,0,0,0,0,0,0,0,0,0,0,0,0,0,0,0,0,0,0,0,0,0,0,0,0,0,0,0,0,0,0,0,0,0,0,0,0,0,0,0,0,0,0,0,0,0,1,1,0,0,0,0,0,1.3362,-0.0146,4.0372,0,0,0,0,0,0,1.15733,0.19581,3.63639,1.557,0,0,0,0,1,0,0,0,0,0,0,0,1.51404,0.802272,0.265379,0,0,0,0,0,0,0,0,0,0,0,0,0,0
12.15,0,0,0,0,-0,0,3.12175,1.94554,-2.70717,-0.00073233,0.0023607,0.102652,0.00270441,0.00120052,0.00321944,0,0,0,0,0,0,0,0,0,0,0,0,0,0,0,0,0,0,0,0,0,0,0,0,0,0,0,0,0,0,0,0,0,0,0,0,0,0,0,0,1.7535,1.20248,1.31004,0.000914789,0.00121722,-0.00108251,0.000866887,0.0013982,-0.00265666,0,0,0,0,0,0,0,0,0,0,0,0,0,0,0,0,0,0,0,0,0,0,0,0,0,0,0,0,0,0,0,0,0,0,0,0,0,0,0,0,0,0,0,0,0,0,0,0,0,0,0,1,1,0,0,0,0,0,1.336,-0.0432,4.0172,0,0,0,0,0,0,1.27786,0.19977,3.5934,1.557,0,0,0,0,1,0,0,0,0,0,0,0,1.51404,0.802272,0.265379,0,0,0,0,0,0,0,0,0,0,0,0,0,0
12.2,0,0,0,0,-0,0,3.12169,1.94577,-2.69711,-0.000598232,0.00221468,0.100589,0.00184616,0.000431518,0.00734654,0,0,0,0,0,0,0,0,0,0,0,0,0,0,0,0,0,0,0,0,0,0,0,0,0,0,0,0,0,0,0,0,0,0,0,0,0,0,0,0,1.75358,1.20259,1.30999,0.000772818,0.00102432,-0.000438754,0.000100982,0.000317706,0.000502535,0,0,0,0,0,0,0,0,0,0,0,0,0,0,0,0,0,0,0,0,0,0,0,0,0,0,0,0,0,0,0,0,0,0,0,0,0,0,0,0,0,0,0,0,0,0,0,0,0,0,0,1,1,0,0,0,0,0,1.336,-0.0432,4.0172,0,0,0,0,0,0,1.27786,0.19977,3.5934,1.55693,0,0,0,0,1,0,0,0,0,0,0,0,1.51404,0.802272,0.265379,0,0,0,0,0,0,0,0,0,0,0,0,0,0
12.2,0,0,0,0,-0,0,3.12169,1.94577,-2.69711,-0.000598232,0.00221468,0.100589,0.00184616,0.000431518,0.00734654,0,0,0,0,0,0,0,0,0,0,0,0,0,0,0,0,0,0,0,0,0,0,0,0,0,0,0,0,0,0,0,0,0,0,0,0,0,0,0,0,1.75358,1.20259,1.30999,0.000772818,0.00102432,-0.000438754,0.000100982,0.000317706,0.000502535,0,0,0,0,0,0,0,0,0,0,0,0,0,0,0,0,0,0,0,0,0,0,0,0,0,0,0,0,0,0,0,0,0,0,0,0,0,0,0,0,0,0,0,0,0,0,0,0,0,0,0,1,1,0,0,0,0,0,1.336,-0.0432,4.0172,0,0,0,0,0,0,1.27786,0.19977,3.5934,1.55693,0,0,0,0,1,0,0,0,0,0,0,0,1.51404,0.802272,0.265379,0,0,0,0,0,0,0,0,0,0,0,0,0,0
12.45,0,0,0,0,-0,0,3.12158,1.94597,-2.68671,-0.00112055,0.00208486,0.104019,-0.00107427,-0.00043551,0.015564,0,0,0,0,0,0,0,0,0,0,0,0,0,0,0,0,0,0,0,0,0,0,0,0,0,0,0,0,0,0,0,0,0,0,0,0,0,0,0,0,1.75363,1.20269,1.30992,0.000539525,0.000981398,-0.000746214,-0.00100282,-0.0001633,-0.000468702,0,0,0,0,0,0,0,0,0,0,0,0,0,0,0,0,0,0,0,0,0,0,0,0,0,0,0,0,0,0,0,0,0,0,0,0,0,0,0,0,0,0,0,0,0,0,0,0,0,0,0,1,1,0,0,0,0,0,1.336,-0.0432,4.0172,0,0,0,0,0,0,1.27786,0.19977,3.5934,1.55684,0,0,0,0,1,0,0,0,0,0,0,0,1.4987,0.82068,0.283786,0,0,0,0,0,0,0,0,0,0,0,0,0,0
12.5,0,0,0,0,-0,0,3.12158,1.94597,-2.68671,-0.00112055,0.00208486,0.104019,-0.00107427,-0.00043551,0.015564,0,0,0,0,0,0,0,0,0,0,0,0,0,0,0,0,0,0,0,0,0,0,0,0,0,0,0,0,0,0,0,0,0,0,0,0,0,0,0,0,1.75363,1.20269,1.30992,0.000539525,0.000981398,-0.000746214,-0.00100282,-0.0001633,-0.000468702,0,0,0,0,0,0,0,0,0,0,0,0,0,0,0,0,0,0,0,0,0,0,0,0,0,0,0,0,0,0,0,0,0,0,0,0,0,0,0,0,0,0,0,0,0,0,0,0,0,0,0,1,1,0,0,0,0,0,1.3631,-0.0449,4.0245,0,0,0,0,0,0,0,-0,0,1.55684,0,0,0,0,0,0,0,0,0,0,0,0,1.4987,0.82068,0.283786,0,0,0,0,0,0,0,0,0,0,0,0,0,0
12.55,0,0,0,0,-0,0,3.12149,1.9462,-2.6763,-0.00082076,0.00211232,0.0972314,8.93626e-05,-7.58474e-05,-0.00793087,0,0,0,0,0,0,0,0,0,0,0,0,0,0,0,0,0,0,0,0,0,0,0,0,0,0,0,0,0,0,0,0,0,0,0,0,0,0,0,0,1.75374,1.20282,1.30987,0.000941594,0.00123114,-0.000477575,0.000933904,0.000934441,0.000612769,0,0,0,0,0,0,0,0,0,0,0,0,0,0,0,0,0,0,0,0,0,0,0,0,0,0,0,0,0,0,0,0,0,0,0,0,0,0,0,0,0,0,0,0,0,0,0,0,0,0,0,1,1,0,0,0,0,0,1.3631,-0.0449,4.0245,0,0,0,0,0,0,0,-0,0,1.55672,0,0,0,0,0,0,0,0,0,0,0,0,1.4987,0.82068,0.283786,0,0,0,0,0,0,0,0,0,0,0,0,0,0
12.6,0,0,0,0,-0,0,3.12149,1.9462,-2.6763,-0.00082076,0.00211232,0.0972314,8.93626e-05,-7.58474e-05,-0.00793087,0,0,0,0,0,0,0,0,0,0,0,0,0,0,0,0,0,0,0,0,0,0,0,0,0,0,0,0,0,0,0,0,0,0,0,0,0,0,0,0,1.75374,1.20282,1.30987,0.000941594,0.00123114,-0.000477575,0.000933904,0.000934441,0.000612769,0,0,0,0,0,0,0,0,0,0,0,0,0,0,0,0,0,0,0,0,0,0,0,0,0,0,0,0,0,0,0,0,0,0,0,0,0,0,0,0,0,0,0,0,0,0,0,0,0,0,0,1,1,0,0,0,0,0,1.3631,-0.0449,4.0245,0,0,0,0,0,0,0,-0,0,1.55672,0,0,0,0,0,0,0,0,0,0,0,0,1.4987,0.82068,0.283786,0,0,0,0,0,0,0,0,0,0,0,0,0,0
12.65,0,0,0,0,-0,0,3.12141,1.94636,-2.66612,-0.000909276,0.00172789,0.109535,0.000105131,-0.00214036,0.0116424,0,0,0,0,0,0,0,0,0,0,0,0,0,0,0,0,0,0,0,0,0,0,0,0,0,0,0,0,0,0,0,0,0,0,0,0,0,0,0,0,1.75382,1.20293,1.30982,0.000928985,0.00125748,-0.000538938,0.000494924,0.000450234,0.000415701,0,0,0,0,0,0,0,0,0,0,0,0,0,0,0,0,0,0,0,0,0,0,0,0,0,0,0,0,0,0,0,0,0,0,0,0,0,0,0,0,0,0,0,0,0,0,0,0,0,0,0,1,1,0,0,0,0,0,1.3631,-0.0449,4.0245,0,0,0,0,0,0,0,-0,0,1.55659,0,0,0,0,0,0,0,0,0,0,0,0,1.4987,0.82068,0.283786,0,0,0,0,0,0,0,0,0,0,0,0,0,0
12.7,0,0,0,0,-0,0,3.12141,1.94636,-2.66612,-0.000909276,0.00172789,0.109535,0.000105131,-0.00214036,0.0116424,0,0,0,0,0,0,0,0,0,0,0,0,0,0,0,0,0,0,0,0,0,0,0,0,0,0,0,0,0,0,0,0,0,0,0,0,0,0,0,0,1.75382,1.20293,1.30982,0.000928985,0.00125748,-0.000538938,0.000494924,0.000450234,0.000415701,0,0,0,0,0,0,0,0,0,0,0,0,0,0,0,0,0,0,0,0,0,0,0,0,0,0,0,0,0,0,0,0,0,0,0,0,0,0,0,0,0,0,0,0,0,0,0,0,0,0,0,1,1,0,0,0,0,0,1.3338,-0.1025,3.9759,0,0,0,0,0,0,0,-0,0,1.55659,0,0,0,0,0,0,0,0,0,0,0,0,1.48029,0.83602,0.30066,0,0,0,0,0,0,0,0,0,0,0,0,0,0
12.75,0,0,0,0,-0,0,3.12128,1.94653,-2.65589,-0.00113311,0.00154586,0.0927369,-0.00120958,-0.00153641,-0.0146489,0,0,0,0,0,0,0,0,0,0,0,0,0,0,0,0,0,0,0,0,0,0,0,0,0,0,0,0,0,0,0,0,0,0,0,0,0,0,0,0,1.75389,1.20303,1.30954,0.000656188,0.000855368,-0.00247138,-0.000495376,-0.000917757,-0.00782066,0,0,0,0,0,0,0,0,0,0,0,0,0,0,0,0,0,0,0,0,0,0,0,0,0,0,0,0,0,0,0,0,0,0,0,0,0,0,0,0,0,0,0,0,0,0,0,0,0,0,0,1,1,0,0,0,0,0,1.3338,-0.1025,3.9759,0,0,0,0,0,0,0,-0,0,1.55645,0,0,0,0,0,0,0,0,0,0,0,0,1.48029,0.83602,0.30066,0,0,0,0,0,0,0,0,0,0,0,0,0,0
12.8,0,0,0,0,-0,0,3.12128,1.94653,-2.65589,-0.00113311,0.00154586,0.0927369,-0.00120958,-0.00153641,-0.0146489,0,0,0,0,0,0,0,0,0,0,0,0,0,0,0,0,0,0,0,0,0,0,0,0,0,0,0,0,0,0,0,0,0,0,0,0,0,0,0,0,1.75389,1.20303,1.30954,0.000656188,0.000855368,-0.00247138,-0.000495376,-0.000917757,-0.00782066,0,0,0,0,0,0,0,0,0,0,0,0,0,0,0,0,0,0,0,0,0,0,0,0,0,0,0,0,0,0,0,0,0,0,0,0,0,0,0,0,0,0,0,0,0,0,0,0,0,0,0,1,1,0,0,0,0,0,1.3338,-0.1025,3.9759,0,0,0,0,0,0,0,-0,0,1.55645,0,0,0,0,0,0,0,0,0,0,0,0,1.48029,0.83602,0.30066,0,0,0,0,0,0,0,0,0,0,0,0,0,0
12.85,0,0,0,0,-0,0,3.12118,1.94674,-2.64572,-0.00114333,0.00229347,0.113371,-0.000368678,0.0012279,0.0175641,0,0,0,0,0,0,0,0,0,0,0,0,0,0,0,0,0,0,0,0,0,0,0,0,0,0,0,0,0,0,0,0,0,0,0,0,0,0,0,0,1.754,1.20319,1.30963,0.00122364,0.00184567,0.000917155,0.00141088,0.00263957,0.00853556,0,0,0,0,0,0,0,0,0,0,0,0,0,0,0,0,0,0,0,0,0,0,0,0,0,0,0,0,0,0,0,0,0,0,0,0,0,0,0,0,0,0,0,0,0,0,0,0,0,0,0,1,1,0,0,0,0,0,1.3338,-0.1025,3.9759,0,0,0,0,0,0,0,-0,0,1.55629,0,0,0,0,0,0,0,0,0,0,0,0,1.48029,0.83602,0.30066,0,0,0,0,0,0,0,0,0,0,0,0,0,0
12.9,0,0,0,0,-0,0,3.12118,1.94674,-2.64572,-0.00114333,0.00229347,0.113371,-0.000368678,0.0012279,0.0175641,0,0,0,0,0,0,0,0,0,0,0,0,0,0,0,0,0,0,0,0,0,0,0,0,0,0,0,0,0,0,0,0,0,0,0,0,0,0,0,0,1.754,1.20319,1.30963,0.00122364,0.00184567,0.000917155,0.00141088,0.00263957,0.00853556,0,0,0,0,0,0,0,0,0,0,0,0,0,0,0,0,0,0,0,0,0,0,0,0,0,0,0,0,0,0,0,0,0,0,0,0,0,0,0,0,0,0,0,0,0,0,0,0,0,0,0,1,1,0,0,0,0,0,1.2444,-0.2192,3.868,0,0,0,0,0,0,0,-0,0,1.55629,0,0,0,0,0,0,0,0,0,0,0,0,1.48029,0.83602,0.30066,0,0,0,0,0,0,0,0,0,0,0,0,0,0
12.95,0,0,0,0,-0,0,3.12109,1.94691,-2.63559,-0.000767454,0.00147078,0.0887189,0.0007662,-0.00101478,-0.0221526,0,0,0,0,0,0,0,0,0,0,0,0,0,0,0,0,0,0,0,0,0,0,0,0,0,0,0,0,0,0,0,0,0,0,0,0,0,0,0,0,1.75411,1.20334,1.30959,0.000965197,0.00129014,-0.000359076,0.000675854,0.000720458,0.00215491,0,0,0,0,0,0,0,0,0,0,0,0,0,0,0,0,0,0,0,0,0,0,0,0,0,0,0,0,0,0,0,0,0,0,0,0,0,0,0,0,0,0,0,0,0,0,0,0,0,0,0,1,1,0,0,0,0,0,1.2444,-0.2192,3.868,0,0,0,0,0,0,0,-0,0,1.55612,0,0,0,0,0,0,0,0,0,0,0,0,1.46342,0.854427,0.317534,0,0,0,0,0,0,0,0,0,0,0,0,0,0
13,0,0,0,0,-0,0,3.12109,1.94691,-2.63559,-0.000767454,0.00147078,0.0887189,0.0007662,-0.00101478,-0.0221526,0,0,0,0,0,0,0,0,0,0,0,0,0,0,0,0,0,0,0,0,0,0,0,0,0,0,0,0,0,0,0,0,0,0,0,0,0,0,0,0,1.75411,1.20334,1.30959,0.000965197,0.00129014,-0.000359076,0.000675854,0.000720458,0.00215491,0,0,0,0,0,0,0,0,0,0,0,0,0,0,0,0,0,0,0,0,0,0,0,0,0,0,0,0,0,0,0,0,0,0,0,0,0,0,0,0,0,0,0,0,0,0,0,0,0,0,0,1,1,0,0,0,0,0,1.2444,-0.2192,3.868,0,0,0,0,0,0,0,-0,0,1.55612,0,0,0,0,0,0,0,0,0,0,0,0,1.46342,0.854427,0.317534,0,0,0,0,0,0,0,0,0,0,0,0,0,0
13.05,0,0,0,0,-0,0,3.12103,1.94705,-2.62547,-0.000685747,0.00171579,0.117943,0.00155988,-0.00116349,0.0248844,0,0,0,0,0,0,0,0,0,0,0,0,0,0,0,0,0,0,0,0,0,0,0,0,0,0,0,0,0,0,0,0,0,0,0,0,0,0,0,0,1.75421,1.20347,1.30952,0.00110545,0.00151519,-0.000719693,0.000109816,3.27434e-05,-0.000759822,0,0,0,0,0,0,0,0,0,0,0,0,0,0,0,0,0,0,0,0,0,0,0,0,0,0,0,0,0,0,0,0,0,0,0,0,0,0,0,0,0,0,0,0,0,0,0,0,0,0,0,1,1,0,0,0,0,0,1.2444,-0.2192,3.868,0,0,0,0,0,0,0,-0,0,1.55599,0,0,0,0,0,0,0,0,0,0,0,0,1.46342,0.854427,0.317534,0,0,0,0,0,0,0,0,0,0,0,0,0,0
13.1,0,0,0,0,-0,0,3.12103,1.94705,-2.62547,-0.000685747,0.00171579,0.117943,0.00155988,-0.00116349,0.0248844,0,0,0,0,0,0,0,0,0,0,0,0,0,0,0,0,0,0,0,0,0,0,0,0,0,0,0,0,0,0,0,0,0,0,0,0,0,0,0,0,1.75421,1.20347,1.30952,0.00110545,0.00151519,-0.000719693,0.000109816,3.27434e-05,-0.000759822,0,0,0,0,0,0,0,0,0,0,0,0,0,0,0,0,0,0,0,0,0,0,0,0,0,0,0,0,0,0,0,0,0,0,0,0,0,0,0,0,0,0,0,0,0,0,0,0,0,0,0,1,1,0,0,0,0,0,1.3291,-0.1611,3.935,0,0,0,0,0,0,0,-0,0,1.55599,0,0,0,0,0,0,0,0,0,0,0,0,1.46342,0.854427,0.317534,0,0,0,0,0,0,0,0,0,0,0,0,0,0
13.15,0,0,0,0,-0,0,3.12099,1.94724,-2.61514,-0.000385841,0.00183885,0.103357,0.00183045,0.000770384,0.0305987,0,0,0,0,0,0,0,0,0,0,0,0,0,0,0,0,0,0,0,0,0,0,0,0,0,0,0,0,0,0,0,0,0,0,0,0,0,0,0,0,1.7543,1.20361,1.30944,0.000947507,0.0013944,-0.000797714,1.27525e-05,0.000338904,-0.0015202,0,0,0,0,0,0,0,0,0,0,0,0,0,0,0,0,0,0,0,0,0,0,0,0,0,0,0,0,0,0,0,0,0,0,0,0,0,0,0,0,0,0,0,0,0,0,0,0,0,0,0,1,1,0,0,0,0,0,1.3291,-0.1611,3.935,0,0,0,0,0,0,0,-0,0,1.5559,0,0,0,0,0,0,0,0,0,0,0,0,1.44654,0.871301,0.335942,0,0,0,0,0,0,0,0,0,0,0,0,0,0
13.2,0,0,0,0,-0,0,3.12099,1.94724,-2.61514,-0.000385841,0.00183885,0.103357,0.00183045,0.000770384,0.0305987,0,0,0,0,0,0,0,0,0,0,0,0,0,0,0,0,0,0,0,0,0,0,0,0,0,0,0,0,0,0,0,0,0,0,0,0,0,0,0,0,1.7543,1.20361,1.30944,0.000947507,0.0013944,-0.000797714,1.27525e-05,0.000338904,-0.0015202,0,0,0,0,0,0,0,0,0,0,0,0,0,0,0,0,0,0,0,0,0,0,0,0,0,0,0,0,0,0,0,0,0,0,0,0,0,0,0,0,0,0,0,0,0,0,0,0,0,0,0,1,1,0,0,0,0,0,1.3291,-0.1611,3.935,0,0,0,0,0,0,0,-0,0,1.5559,0,0,0,0,0,0,0,0,0,0,0,0,1.44654,0.871301,0.335942,0,0,0,0,0,0,0,0,0,0,0,0,0,0
13.25,0,0,0,0,-0,0,3.12097,1.94746,-2.60477,-0.000214766,0.00200631,0.0930872,0.00185814,0.00133406,-0.0292649,0,0,0,0,0,0,0,0,0,0,0,0,0,0,0,0,0,0,0,0,0,0,0,0,0,0,0,0,0,0,0,0,0,0,0,0,0,0,0,0,1.7544,1.20377,1.30937,0.000878792,0.00140256,-0.000647392,-0.000349992,0.000192902,-0.00037204,0,0,0,0,0,0,0,0,0,0,0,0,0,0,0,0,0,0,0,0,0,0,0,0,0,0,0,0,0,0,0,0,0,0,0,0,0,0,0,0,0,0,0,0,0,0,0,0,0,0,0,1,1,0,0,0,0,0,1.3291,-0.1611,3.935,0,0,0,0,0,0,0,-0,0,1.55582,0,0,0,0,0,0,0,0,0,0,0,0,1.44654,0.871301,0.335942,0,0,0,0,0,0,0,0,0,0,0,0,0,0
13.3,0,0,0,0,-0,0,3.12097,1.94746,-2.60477,-0.000214766,0.00200631,0.0930872,0.00185814,0.00133406,-0.0292649,0,0,0,0,0,0,0,0,0,0,0,0,0,0,0,0,0,0,0,0,0,0,0,0,0,0,0,0,0,0,0,0,0,0,0,0,0,0,0,0,1.7544,1.20377,1.30937,0.000878792,0.00140256,-0.000647392,-0.000349992,0.000192902,-0.00037204,0,0,0,0,0,0,0,0,0,0,0,0,0,0,0,0,0,0,0,0,0,0,0,0,0,0,0,0,0,0,0,0,0,0,0,0,0,0,0,0,0,0,0,0,0,0,0,0,0,0,0,1,1,0,0,0,0,0,1.3258,-0.191,3.9142,0,0,0,0,0,0,1.33079,0.04189,3.49572,1.55582,0,0,0,0,1,0,0,0,0,0,0,0,1.44654,0.871301,0.335942,0,0,0,0,0,0,0,0,0,0,0,0,0,0
13.35,0,0,0,0,-0,0,3.12095,1.94764,-2.59459,-0.000257808,0.00188752,0.109626,0.00103644,-0.000421175,0.00130456,0,0,0,0,0,0,0,0,0,0,0,0,0,0,0,0,0,0,0,0,0,0,0,0,0,0,0,0,0,0,0,0,0,0,0,0,0,0,0,0,1.75449,1.2039,1.3091,0.000985187,0.0014666,-0.00290299,-0.000201002,-0.000229758,-0.00869069,0,0,0,0,0,0,0,0,0,0,0,0,0,0,0,0,0,0,0,0,0,0,0,0,0,0,0,0,0,0,0,0,0,0,0,0,0,0,0,0,0,0,0,0,0,0,0,0,0,0,0,1,1,0,0,0,0,0,1.3258,-0.191,3.9142,0,0,0,0,0,0,1.33079,0.04189,3.49572,1.55574,0,0,0,0,1,0,0,0,0,0,0,0,1.44654,0.871301,0.335942,0,0,0,0,0,0,0,0,0,0,0,0,0,0
13.4,0,0,0,0,-0,0,3.12095,1.94764,-2.59459,-0.000257808,0.00188752,0.109626,0.00103644,-0.000421175,0.00130456,0,0,0,0,0,0,0,0,0,0,0,0,0,0,0,0,0,0,0,0,0,0,0,0,0,0,0,0,0,0,0,0,0,0,0,0,0,0,0,0,1.75449,1.2039,1.3091,0.000985187,0.0014666,-0.00290299,-0.000201002,-0.000229758,-0.00869069,0,0,0,0,0,0,0,0,0,0,0,0,0,0,0,0,0,0,0,0,0,0,0,0,0,0,0,0,0,0,0,0,0,0,0,0,0,0,0,0,0,0,0,0,0,0,0,0,0,0,0,1,1,0,0,0,0,0,1.3258,-0.191,3.9142,0,0,0,0,0,0,1.33079,0.04189,3.49572,1.55574,0,0,0,0,1,0,0,0,0,0,0,0,1.42967,0.888175,0.352816,0,0,0,0,0,0,0,0,0,0,0,0,0,0
13.45,0,0,0,0,-0,0,3.12093,1.94776,-2.58448,-0.000209021,0.00125285,0.105559,0.000648184,-0.0024296,0.0200309,0,0,0,0,0,0,0,0,0,0,0,0,0,0,0,0,0,0,0,0,0,0,0,0,0,0,0,0,0,0,0,0,0,0,0,0,0,0,0,0,1.75458,1.20405,1.30894,0.000954618,0.00152306,-0.00173256,6.04819e-05,0.000460659,-0.00242497,0,0,0,0,0,0,0,0,0,0,0,0,0,0,0,0,0,0,0,0,0,0,0,0,0,0,0,0,0,0,0,0,0,0,0,0,0,0,0,0,0,0,0,0,0,0,0,0,0,0,0,1,1,0,0,0,0,0,1.3258,-0.191,3.9142,0,0,0,0,0,0,1.33079,0.04189,3.49572,1.55563,0,0,0,0,1,0,0,0,0,0,0,0,1.42967,0.888175,0.352816,0,0,0,0,0,0,0,0,0,0,0,0,0,0
13.5,0,0,0,0,-0,0,3.12093,1.94776,-2.58448,-0.000209021,0.00125285,0.105559,0.000648184,-0.0024296,0.0200309,0,0,0,0,0,0,0,0,0,0,0,0,0,0,0,0,0,0,0,0,0,0,0,0,0,0,0,0,0,0,0,0,0,0,0,0,0,0,0,0,1.75458,1.20405,1.30894,0.000954618,0.00152306,-0.00173256,6.04819e-05,0.000460659,-0.00242497,0,0,0,0,0,0,0,0,0,0,0,0,0,0,0,0,0,0,0,0,0,0,0,0,0,0,0,0,0,0,0,0,0,0,0,0,0,0,0,0,0,0,0,0,0,0,0,0,0,0,0,1,1,0,0,0,0,0,1.3008,-0.2415,3.8722,0,0,0,0,0,0,0,-0,0,1.55563,0,0,0,0,0,0,0,0,0,0,0,0,1.42967,0.888175,0.352816,0,0,0,0,0,0,0,0,0,0,0,0,0,0
13.5,0,0,0,0,-0,0,3.12093,1.94792,-2.57438,3.66332e-05,0.00166193,0.101106,0.0013184,-0.000151553,-0.00107173,0,0,0,0,0,0,0,0,0,0,0,0,0,0,0,0,0,0,0,0,0,0,0,0,0,0,0,0,0,0,0,0,0,0,0,0,0,0,0,0,1.75473,1.20425,1.30896,0.00147021,0.00198064,0.0002063,0.00215105,0.00223955,0.00718692,0,0,0,0,0,0,0,0,0,0,0,0,0,0,0,0,0,0,0,0,0,0,0,0,0,0,0,0,0,0,0,0,0,0,0,0,0,0,0,0,0,0,0,0,0,0,0,0,0,0,0,1,1,0,0,0,0,0,1.3008,-0.2415,3.8722,0,0,0,0,0,0,0,-0,0,1.55549,0,0,0,0,0,0,0,0,0,0,0,0,1.42967,0.888175,0.352816,0,0,0,0,0,0,0,0,0,0,0,0,0,0
13.55,0,0,0,0,-0,0,3.12093,1.94792,-2.57438,3.66332e-05,0.00166193,0.101106,0.0013184,-0.000151553,-0.00107173,0,0,0,0,0,0,0,0,0,0,0,0,0,0,0,0,0,0,0,0,0,0,0,0,0,0,0,0,0,0,0,0,0,0,0,0,0,0,0,0,1.75473,1.20425,1.30896,0.00147021,0.00198064,0.0002063,0.00215105,0.00223955,0.00718692,0,0,0,0,0,0,0,0,0,0,0,0,0,0,0,0,0,0,0,0,0,0,0,0,0,0,0,0,0,0,0,0,0,0,0,0,0,0,0,0,0,0,0,0,0,0,0,0,0,0,0,1,1,0,0,0,0,0,1.3008,-0.2415,3.8722,0,0,0,0,0,0,0,-0,0,1.55549,0,0,0,0,0,0,0,0,0,0,0,0,1.42967,0.888175,0.352816,0,0,0,0,0,0,0,0,0,0,0,0,0,0
13.6,0,0,0,0,-0,0,3.12091,1.9481,-2.5642,-0.000229488,0.00174069,0.101788,-0.000169546,0.000455664,-0.00679192,0,0,0,0,0,0,0,0,0,0,0,0,0,0,0,0,0,0,0,0,0,0,0,0,0,0,0,0,0,0,0,0,0,0,0,0,0,0,0,0,1.75477,1.20437,1.3089,0.000410149,0.00127439,-0.000579347,-0.00271492,-0.00132184,0.00259212,0,0,0,0,0,0,0,0,0,0,0,0,0,0,0,0,0,0,0,0,0,0,0,0,0,0,0,0,0,0,0,0,0,0,0,0,0,0,0,0,0,0,0,0,0,0,0,0,0,0,0,1,1,0,0,0,0,0,1.3008,-0.2415,3.8722,0,0,0,0,0,0,0,-0,0,1.55546,0,0,0,0,0,0,0,0,0,0,0,0,1.4128,0.906583,0.369689,0,0,0,0,0,0,0,0,0,0,0,0,0,0
13.65,0,0,0,0,-0,0,3.12091,1.9481,-2.5642,-0.000229488,0.00174069,0.101788,-0.000169546,0.000455664,-0.00679192,0,0,0,0,0,0,0,0,0,0,0,0,0,0,0,0,0,0,0,0,0,0,0,0,0,0,0,0,0,0,0,0,0,0,0,0,0,0,0,0,1.75477,1.20437,1.3089,0.000410149,0.00127439,-0.000579347,-0.00271492,-0.00132184,0.00259212,0,0,0,0,0,0,0,0,0,0,0,0,0,0,0,0,0,0,0,0,0,0,0,0,0,0,0,0,0,0,0,0,0,0,0,0,0,0,0,0,0,0,0,0,0,0,0,0,0,0,0,1,1,0,0,0,0,0,1.2477,-0.3194,3.8031,0,0,0,0,0,0,1.28709,0.00356,3.78824,1.55546,0,0,0,0,1,0,0,0,0,0,0,0,1.4128,0.906583,0.369689,0,0,0,0,0,0,0,0,0,0,0,0,0,0
13.7,0,0,0,0,-0,0,3.12088,1.94831,-2.55413,-0.000249051,0.00214867,0.100707,-0.0003813,0.00198486,-0.00924111,0,0,0,0,0,0,0,0,0,0,0,0,0,0,0,0,0,0,0,0,0,0,0,0,0,0,0,0,0,0,0,0,0,0,0,0,0,0,0,0,1.75486,1.20454,1.3088,0.00091074,0.00166766,-0.00101339,-0.000289198,0.000294572,-0.000799536,0,0,0,0,0,0,0,0,0,0,0,0,0,0,0,0,0,0,0,0,0,0,0,0,0,0,0,0,0,0,0,0,0,0,0,0,0,0,0,0,0,0,0,0,0,0,0,0,0,0,0,1,1,0,0,0,0,0,1.2477,-0.3194,3.8031,0,0,0,0,0,0,1.28709,0.00356,3.78824,1.55538,0,0,0,0,1,0,0,0,0,0,0,0,1.4128,0.906583,0.369689,0,0,0,0,0,0,0,0,0,0,0,0,0,0
13.75,0,0,0,0,-0,0,3.12088,1.94831,-2.55413,-0.000249051,0.00214867,0.100707,-0.0003813,0.00198486,-0.00924111,0,0,0,0,0,0,0,0,0,0,0,0,0,0,0,0,0,0,0,0,0,0,0,0,0,0,0,0,0,0,0,0,0,0,0,0,0,0,0,0,1.75486,1.20454,1.3088,0.00091074,0.00166766,-0.00101339,-0.000289198,0.000294572,-0.000799536,0,0,0,0,0,0,0,0,0,0,0,0,0,0,0,0,0,0,0,0,0,0,0,0,0,0,0,0,0,0,0,0,0,0,0,0,0,0,0,0,0,0,0,0,0,0,0,0,0,0,0,1,1,0,0,0,0,0,1.2477,-0.3194,3.8031,0,0,0,0,0,0,1.28709,0.00356,3.78824,1.55538,0,0,0,0,1,0,0,0,0,0,0,0,1.4128,0.906583,0.369689,0,0,0,0,0,0,0,0,0,0,0,0,0,0
13.8,0,0,0,0,-0,0,3.12089,1.94854,-2.54363,9.5203e-05,0.00234468,0.104958,0.00111787,0.00218297,0.011156,0,0,0,0,0,0,0,0,0,0,0,0,0,0,0,0,0,0,0,0,0,0,0,0,0,0,0,0,0,0,0,0,0,0,0,0,0,0,0,0,1.75495,1.20471,1.30875,0.00090321,0.00170389,-0.000462476,0.000124986,0.000541212,0.00126181,0,0,0,0,0,0,0,0,0,0,0,0,0,0,0,0,0,0,0,0,0,0,0,0,0,0,0,0,0,0,0,0,0,0,0,0,0,0,0,0,0,0,0,0,0,0,0,0,0,0,0,1,1,0,0,0,0,0,1.2477,-0.3194,3.8031,0,0,0,0,0,0,1.28709,0.00356,3.78824,1.55534,0,0,0,0,1,0,0,0,0,0,0,0,1.4128,0.906583,0.369689,0,0,0,0,0,0,0,0,0,0,0,0,0,0
13.85,0,0,0,0,-0,0,3.12089,1.94854,-2.54363,9.5203e-05,0.00234468,0.104958,0.00111787,0.00218297,0.011156,0,0,0,0,0,0,0,0,0,0,0,0,0,0,0,0,0,0,0,0,0,0,0,0,0,0,0,0,0,0,0,0,0,0,0,0,0,0,0,0,1.75495,1.20471,1.30875,0.00090321,0.00170389,-0.000462476,0.000124986,0.000541212,0.00126181,0,0,0,0,0,0,0,0,0,0,0,0,0,0,0,0,0,0,0,0,0,0,0,0,0,0,0,0,0,0,0,0,0,0,0,0,0,0,0,0,0,0,0,0,0,0,0,0,0,0,0,1,1,0,0,0,0,0,1.3013,-0.2903,3.8409,0,0,0,0,0,0,0,-0,0,1.55534,0,0,0,0,0,0,0,0,0,0,0,0,1.39746,0.923456,0.386563,0,0,0,0,0,0,0,0,0,0,0,0,0,0
13.9,0,0,0,0,-0,0,3.12088,1.94875,-2.53303,-8.78889e-05,0.0020837,0.105965,0.000142464,0.000293623,0.0134371,0,0,0,0,0,0,0,0,0,0,0,0,0,0,0,0,0,0,0,0,0,0,0,0,0,0,0,0,0,0,0,0,0,0,0,0,0,0,0,0,1.75505,1.20489,1.30862,0.000974102,0.00176632,-0.00131247,0.000413968,0.000607027,-0.00235955,0,0,0,0,0,0,0,0,0,0,0,0,0,0,0,0,0,0,0,0,0,0,0,0,0,0,0,0,0,0,0,0,0,0,0,0,0,0,0,0,0,0,0,0,0,0,0,0,0,0,0,1,1,0,0,0,0,0,1.3013,-0.2903,3.8409,0,0,0,0,0,0,0,-0,0,1.55526,0,0,0,0,0,0,0,0,0,0,0,0,1.39746,0.923456,0.386563,0,0,0,0,0,0,0,0,0,0,0,0,0,0
13.95,0,0,0,0,-0,0,3.12088,1.94875,-2.53303,-8.78889e-05,0.0020837,0.105965,0.000142464,0.000293623,0.0134371,0,0,0,0,0,0,0,0,0,0,0,0,0,0,0,0,0,0,0,0,0,0,0,0,0,0,0,0,0,0,0,0,0,0,0,0,0,0,0,0,1.75505,1.20489,1.30862,0.000974102,0.00176632,-0.00131247,0.000413968,0.000607027,-0.00235955,0,0,0,0,0,0,0,0,0,0,0,0,0,0,0,0,0,0,0,0,0,0,0,0,0,0,0,0,0,0,0,0,0,0,0,0,0,0,0,0,0,0,0,0,0,0,0,0,0,0,0,1,1,0,0,0,0,0,1.3013,-0.2903,3.8409,0,0,0,0,0,0,0,-0,0,1.55526,0,0,0,0,0,0,0,0,0,0,0,0,1.39746,0.923456,0.386563,0,0,0,0,0,0,0,0,0,0,0,0,0,0
14,0,0,0,0,-0,0,3.12086,1.94901,-2.5226,-0.000244152,0.0025758,0.104375,-0.000670837,0.00188708,0.00202733,0,0,0,0,0,0,0,0,0,0,0,0,0,0,0,0,0,0,0,0,0,0,0,0,0,0,0,0,0,0,0,0,0,0,0,0,0,0,0,0,1.75519,1.20509,1.30855,0.00138557,0.00197886,-0.000708138,0.0019318,0.00122268,0.000507964,0,0,0,0,0,0,0,0,0,0,0,0,0,0,0,0,0,0,0,0,0,0,0,0,0,0,0,0,0,0,0,0,0,0,0,0,0,0,0,0,0,0,0,0,0,0,0,0,0,0,0,1,1,0,0,0,0,0,1.3013,-0.2903,3.8409,0,0,0,0,0,0,0,-0,0,1.55514,0,0,0,0,0,0,0,0,0,0,0,0,1.39746,0.923456,0.386563,0,0,0,0,0,0,0,0,0,0,0,0,0,0
14,0,0,0,0,-0,0,3.12086,1.94901,-2.5226,-0.000244152,0.0025758,0.104375,-0.000670837,0.00188708,0.00202733,0,0,0,0,0,0,0,0,0,0,0,0,0,0,0,0,0,0,0,0,0,0,0,0,0,0,0,0,0,0,0,0,0,0,0,0,0,0,0,0,1.75519,1.20509,1.30855,0.00138557,0.00197886,-0.000708138,0.0019318,0.00122268,0.000507964,0,0,0,0,0,0,0,0,0,0,0,0,0,0,0,0,0,0,0,0,0,0,0,0,0,0,0,0,0,0,0,0,0,0,0,0,0,0,0,0,0,0,0,0,0,0,0,0,0,0,0,1,1,0,0,0,0,0,1.307,-0.3088,3.8311,0,0,0,0,0,0,1.38466,-0.07136,3.44583,1.55514,0,0,0,0,1,0,0,0,0,0,0,0,1.39746,0.923456,0.386563,0,0,0,0,0,0,0,0,0,0,0,0,0,0
14,0,0,0,0,-0,0,3.12088,1.9493,-2.51197,0.000244209,0.00287922,0.106281,0.00143844,0.00256056,0.00726464,0,0,0,0,0,0,0,0,0,0,0,0,0,0,0,0,0,0,0,0,0,0,0,0,0,0,0,0,0,0,0,0,0,0,0,0,0,0,0,0,1.7553,1.20526,1.30834,0.00113435,0.00176563,-0.00206528,0.000361377,-3.48768e-05,-0.00472931,0,0,0,0,0,0,0,0,0,0,0,0,0,0,0,0,0,0,0,0,0,0,0,0,0,0,0,0,0,0,0,0,0,0,0,0,0,0,0,0,0,0,0,0,0,0,0,0,0,0,0,1,1,0,0,0,0,0,1.307,-0.3088,3.8311,0,0,0,0,0,0,1.38466,-0.07136,3.44583,1.55512,0,0,0,0,1,0,0,0,0,0,0,0,1.37905,0.94033,0.403437,0,0,0,0,0,0,0,0,0,0,0,0,0,0
14.05,0,0,0,0,-0,0,3.12088,1.9493,-2.51197,0.000244209,0.00287922,0.106281,0.00143844,0.00256056,0.00726464,0,0,0,0,0,0,0,0,0,0,0,0,0,0,0,0,0,0,0,0,0,0,0,0,0,0,0,0,0,0,0,0,0,0,0,0,0,0,0,0,1.7553,1.20526,1.30834,0.00113435,0.00176563,-0.00206528,0.000361377,-3.48768e-05,-0.00472931,0,0,0,0,0,0,0,0,0,0,0,0,0,0,0,0,0,0,0,0,0,0,0,0,0,0,0,0,0,0,0,0,0,0,0,0,0,0,0,0,0,0,0,0,0,0,0,0,0,0,0,1,1,0,0,0,0,0,1.307,-0.3088,3.8311,0,0,0,0,0,0,1.38466,-0.07136,3.44583,1.55512,0,0,0,0,1,0,0,0,0,0,0,0,1.37905,0.94033,0.403437,0,0,0,0,0,0,0,0,0,0,0,0,0,0
14.1,0,0,0,0,-0,0,3.12095,1.94947,-2.50127,0.000727618,0.00174946,0.107016,0.00308097,-0.00288387,0.0080673,0,0,0,0,0,0,0,0,0,0,0,0,0,0,0,0,0,0,0,0,0,0,0,0,0,0,0,0,0,0,0,0,0,0,0,0,0,0,0,0,1.7554,1.20544,1.30827,0.000980331,0.00181905,-0.000779714,-0.000610365,2.32258e-05,0.0015868,0,0,0,0,0,0,0,0,0,0,0,0,0,0,0,0,0,0,0,0,0,0,0,0,0,0,0,0,0,0,0,0,0,0,0,0,0,0,0,0,0,0,0,0,0,0,0,0,0,0,0,1,1,0,0,0,0,0,1.307,-0.3088,3.8311,0,0,0,0,0,0,1.38466,-0.07136,3.44583,1.55509,0,0,0,0,1,0,0,0,0,0,0,0,1.37905,0.94033,0.403437,0,0,0,0,0,0,0,0,0,0,0,0,0,0
14.15,0,0,0,0,-0,0,3.12095,1.94947,-2.50127,0.000727618,0.00174946,0.107016,0.00308097,-0.00288387,0.0080673,0,0,0,0,0,0,0,0,0,0,0,0,0,0,0,0,0,0,0,0,0,0,0,0,0,0,0,0,0,0,0,0,0,0,0,0,0,0,0,0,1.7554,1.20544,1.30827,0.000980331,0.00181905,-0.000779714,-0.000610365,2.32258e-05,0.0015868,0,0,0,0,0,0,0,0,0,0,0,0,0,0,0,0,0,0,0,0,0,0,0,0,0,0,0,0,0,0,0,0,0,0,0,0,0,0,0,0,0,0,0,0,0,0,0,0,0,0,0,1,1,0,0,0,0,0,1.3007,-0.339,3.8095,0,0,0,0,0,0,0,-0,0,1.55509,0,0,0,0,0,0,0,0,0,0,0,0,1.37905,0.94033,0.403437,0,0,0,0,0,0,0,0,0,0,0,0,0,0
14.2,0,0,0,0,-0,0,3.12105,1.94966,-2.4907,0.000949229,0.00183048,0.103242,0.00296878,-0.0020732,-0.00689086,0,0,0,0,0,0,0,0,0,0,0,0,0,0,0,0,0,0,0,0,0,0,0,0,0,0,0,0,0,0,0,0,0,0,0,0,0,0,0,0,1.75552,1.20563,1.30815,0.00116864,0.00181736,-0.0011168,0.000290984,7.15484e-05,0.000421085,0,0,0,0,0,0,0,0,0,0,0,0,0,0,0,0,0,0,0,0,0,0,0,0,0,0,0,0,0,0,0,0,0,0,0,0,0,0,0,0,0,0,0,0,0,0,0,0,0,0,0,1,1,0,0,0,0,0,1.3007,-0.339,3.8095,0,0,0,0,0,0,0,-0,0,1.55507,0,0,0,0,0,0,0,0,0,0,0,0,1.36064,0.957204,0.421845,0,0,0,0,0,0,0,0,0,0,0,0,0,0
14.25,0,0,0,0,-0,0,3.12105,1.94966,-2.4907,0.000949229,0.00183048,0.103242,0.00296878,-0.0020732,-0.00689086,0,0,0,0,0,0,0,0,0,0,0,0,0,0,0,0,0,0,0,0,0,0,0,0,0,0,0,0,0,0,0,0,0,0,0,0,0,0,0,0,1.75552,1.20563,1.30815,0.00116864,0.00181736,-0.0011168,0.000290984,7.15484e-05,0.000421085,0,0,0,0,0,0,0,0,0,0,0,0,0,0,0,0,0,0,0,0,0,0,0,0,0,0,0,0,0,0,0,0,0,0,0,0,0,0,0,0,0,0,0,0,0,0,0,0,0,0,0,1,1,0,0,0,0,0,1.3007,-0.339,3.8095,0,0,0,0,0,0,0,-0,0,1.55507,0,0,0,0,0,0,0,0,0,0,0,0,1.36064,0.957204,0.421845,0,0,0,0,0,0,0,0,0,0,0,0,0,0
14.3,0,0,0,0,-0,0,3.12122,1.94978,-2.4802,0.00156284,0.00116047,0.100315,0.00419816,-0.00381073,-0.0180252,0,0,0,0,0,0,0,0,0,0,0,0,0,0,0,0,0,0,0,0,0,0,0,0,0,0,0,0,0,0,0,0,0,0,0,0,0,0,0,0,1.75563,1.20582,1.308,0.00106133,0.00183343,-0.00140776,-0.00014282,0.00010949,-0.0010758,0,0,0,0,0,0,0,0,0,0,0,0,0,0,0,0,0,0,0,0,0,0,0,0,0,0,0,0,0,0,0,0,0,0,0,0,0,0,0,0,0,0,0,0,0,0,0,0,0,0,0,1,1,0,0,0,0,0,1.3007,-0.339,3.8095,0,0,0,0,0,0,0,-0,0,1.55509,0,0,0,0,0,0,0,0,0,0,0,0,1.36064,0.957204,0.421845,0,0,0,0,0,0,0,0,0,0,0,0,0,0
14.35,0,0,0,0,-0,0,3.12122,1.94978,-2.4802,0.00156284,0.00116047,0.100315,0.00419816,-0.00381073,-0.0180252,0,0,0,0,0,0,0,0,0,0,0,0,0,0,0,0,0,0,0,0,0,0,0,0,0,0,0,0,0,0,0,0,0,0,0,0,0,0,0,0,1.75563,1.20582,1.308,0.00106133,0.00183343,-0.00140776,-0.00014282,0.00010949,-0.0010758,0,0,0,0,0,0,0,0,0,0,0,0,0,0,0,0,0,0,0,0,0,0,0,0,0,0,0,0,0,0,0,0,0,0,0,0,0,0,0,0,0,0,0,0,0,0,0,0,0,0,0,1,1,0,0,0,0,0,1.2938,-0.3691,3.7882,0,0,0,0,0,0,1.80008,-0.17884,3.42869,1.55509,0,0,0,0,1,0,0,0,0,0,0,0,1.36064,0.957204,0.421845,0,0,0,0,0,0,0,0,0,0,0,0,0,0
14.4,0,0,0,0,-0,0,3.12139,1.94997,-2.46971,0.00189086,0.00201327,0.111927,0.00369538,0.000625668,0.0147919,0,0,0,0,0,0,0,0,0,0,0,0,0,0,0,0,0,0,0,0,0,0,0,0,0,0,0,0,0,0,0,0,0,0,0,0,0,0,0,0,1.75576,1.20602,1.30792,0.00135043,0.00215651,-0.000860956,0.000800603,0.00100426,0.00157797,0,0,0,0,0,0,0,0,0,0,0,0,0,0,0,0,0,0,0,0,0,0,0,0,0,0,0,0,0,0,0,0,0,0,0,0,0,0,0,0,0,0,0,0,0,0,0,0,0,0,0,1,1,0,0,0,0,0,1.2938,-0.3691,3.7882,0,0,0,0,0,0,1.80008,-0.17884,3.42869,1.55512,0,0,0,0,1,0,0,0,0,0,0,0,1.36064,0.957204,0.421845,0,0,0,0,0,0,0,0,0,0,0,0,0,0
14.45,0,0,0,0,-0,0,3.12139,1.94997,-2.46971,0.00189086,0.00201327,0.111927,0.00369538,0.000625668,0.0147919,0,0,0,0,0,0,0,0,0,0,0,0,0,0,0,0,0,0,0,0,0,0,0,0,0,0,0,0,0,0,0,0,0,0,0,0,0,0,0,0,1.75576,1.20602,1.30792,0.00135043,0.00215651,-0.000860956,0.000800603,0.00100426,0.00157797,0,0,0,0,0,0,0,0,0,0,0,0,0,0,0,0,0,0,0,0,0,0,0,0,0,0,0,0,0,0,0,0,0,0,0,0,0,0,0,0,0,0,0,0,0,0,0,0,0,0,0,1,1,0,0,0,0,0,1.2938,-0.3691,3.7882,0,0,0,0,0,0,1.80008,-0.17884,3.42869,1.55512,0,0,0,0,1,0,0,0,0,0,0,0,1.3453,0.975612,0.438718,0,0,0,0,0,0,0,0,0,0,0,0,0,0
14.5,0,0,0,0,-0,0,3.12152,1.9502,-2.45921,0.00129956,0.00228038,0.105823,0.000234345,0.00246805,0.0139622,0,0,0,0,0,0,0,0,0,0,0,0,0,0,0,0,0,0,0,0,0,0,0,0,0,0,0,0,0,0,0,0,0,0,0,0,0,0,0,0,1.75589,1.20623,1.30784,0.00130694,0.00205517,-0.000843663,0.000735406,0.000802482,0.00117135,0,0,0,0,0,0,0,0,0,0,0,0,0,0,0,0,0,0,0,0,0,0,0,0,0,0,0,0,0,0,0,0,0,0,0,0,0,0,0,0,0,0,0,0,0,0,0,0,0,0,0,1,1,0,0,0,0,0,1.2938,-0.3691,3.7882,0,0,0,0,0,0,1.80008,-0.17884,3.42869,1.55513,0,0,0,0,1,0,0,0,0,0,0,0,1.3453,0.975612,0.438718,0,0,0,0,0,0,0,0,0,0,0,0,0,0
14.55,0,0,0,0,-0,0,3.12152,1.9502,-2.45921,0.00129956,0.00228038,0.105823,0.000234345,0.00246805,0.0139622,0,0,0,0,0,0,0,0,0,0,0,0,0,0,0,0,0,0,0,0,0,0,0,0,0,0,0,0,0,0,0,0,0,0,0,0,0,0,0,0,1.75589,1.20623,1.30784,0.00130694,0.00205517,-0.000843663,0.000735406,0.000802482,0.00117135,0,0,0,0,0,0,0,0,0,0,0,0,0,0,0,0,0,0,0,0,0,0,0,0,0,0,0,0,0,0,0,0,0,0,0,0,0,0,0,0,0,0,0,0,0,0,0,0,0,0,0,1,1,0,0,0,0,0,1.3207,-0.3645,3.8013,0,0,0,0,0,0,1.80008,-0.17884,3.42869,1.55513,0,0,0,0,1,0,0,0,0,0,0,0,1.3453,0.975612,0.438718,0,0,0,0,0,0,0,0,0,0,0,0,0,0
14.6,0,0,0,0,-0,0,3.12165,1.95049,-2.44865,0.00128427,0.00288473,0.105601,-0.000519997,0.00404483,0.000522748,0,0,0,0,0,0,0,0,0,0,0,0,0,0,0,0,0,0,0,0,0,0,0,0,0,0,0,0,0,0,0,0,0,0,0,0,0,0,0,0,1.75601,1.20645,1.30777,0.00126229,0.00219864,-0.000692654,0.00017432,0.000897157,0.00131306,0,0,0,0,0,0,0,0,0,0,0,0,0,0,0,0,0,0,0,0,0,0,0,0,0,0,0,0,0,0,0,0,0,0,0,0,0,0,0,0,0,0,0,0,0,0,0,0,0,0,0,1,1,0,0,0,0,0,1.3207,-0.3645,3.8013,0,0,0,0,0,0,0,-0,0,1.55517,0,0,0,0,0,0,0,0,0,0,0,0,1.3453,0.975612,0.438718,0,0,0,0,0,0,0,0,0,0,0,0,0,0
14.7,0,0,0,0,-0,0,3.12165,1.95049,-2.44865,0.00128427,0.00288473,0.105601,-0.000519997,0.00404483,0.000522748,0,0,0,0,0,0,0,0,0,0,0,0,0,0,0,0,0,0,0,0,0,0,0,0,0,0,0,0,0,0,0,0,0,0,0,0,0,0,0,0,1.75601,1.20645,1.30777,0.00126229,0.00219864,-0.000692654,0.00017432,0.000897157,0.00131306,0,0,0,0,0,0,0,0,0,0,0,0,0,0,0,0,0,0,0,0,0,0,0,0,0,0,0,0,0,0,0,0,0,0,0,0,0,0,0,0,0,0,0,0,0,0,0,0,0,0,0,1,1,0,0,0,0,0,1.3207,-0.3645,3.8013,0,0,0,0,0,0,0,-0,0,1.55517,0,0,0,0,0,0,0,0,0,0,0,0,1.3453,0.975612,0.438718,0,0,0,0,0,0,0,0,0,0,0,0,0,0
14.75,0,0,0,0,-0,0,3.12181,1.95069,-2.43829,0.00157418,0.00197239,0.0991387,0.000816642,-0.000919844,-0.0224644,0,0,0,0,0,0,0,0,0,0,0,0,0,0,0,0,0,0,0,0,0,0,0,0,0,0,0,0,0,0,0,0,0,0,0,0,0,0,0,0,1.75615,1.20667,1.30773,0.00134062,0.00211953,-0.000336423,0.000402403,0.000331498,0.00219737,0,0,0,0,0,0,0,0,0,0,0,0,0,0,0,0,0,0,0,0,0,0,0,0,0,0,0,0,0,0,0,0,0,0,0,0,0,0,0,0,0,0,0,0,0,0,0,0,0,0,0,1,1,0,0,0,0,0,1.3207,-0.3645,3.8013,0,0,0,0,0,0,0,-0,0,1.55518,0,0,0,0,0,0,0,0,0,0,0,0,1.32843,0.992486,0.45866,0,0,0,0,0,0,0,0,0,0,0,0,0,0
14.8,0,0,0,0,-0,0,3.12181,1.95069,-2.43829,0.00157418,0.00197239,0.0991387,0.000816642,-0.000919844,-0.0224644,0,0,0,0,0,0,0,0,0,0,0,0,0,0,0,0,0,0,0,0,0,0,0,0,0,0,0,0,0,0,0,0,0,0,0,0,0,0,0,0,1.75615,1.20667,1.30773,0.00134062,0.00211953,-0.000336423,0.000402403,0.000331498,0.00219737,0,0,0,0,0,0,0,0,0,0,0,0,0,0,0,0,0,0,0,0,0,0,0,0,0,0,0,0,0,0,0,0,0,0,0,0,0,0,0,0,0,0,0,0,0,0,0,0,0,0,0,1,1,0,0,0,0,0,1.2785,-0.4282,3.746,0,0,0,0,0,0,0,-0,0,1.55518,0,0,0,0,0,0,0,0,0,0,0,0,1.32843,0.992486,0.45866,0,0,0,0,0,0,0,0,0,0,0,0,0,0
14.85,0,0,0,0,-0,0,3.12201,1.95092,-2.42787,0.00202562,0.00239392,0.1092,0.0021653,7.68904e-05,0.00458731,0,0,0,0,0,0,0,0,0,0,0,0,0,0,0,0,0,0,0,0,0,0,0,0,0,0,0,0,0,0,0,0,0,0,0,0,0,0,0,0,1.75629,1.20691,1.30763,0.00145911,0.0025397,-0.0011177,0.0004909,0.00139033,-0.00158817,0,0,0,0,0,0,0,0,0,0,0,0,0,0,0,0,0,0,0,0,0,0,0,0,0,0,0,0,0,0,0,0,0,0,0,0,0,0,0,0,0,0,0,0,0,0,0,0,0,0,0,1,1,0,0,0,0,0,1.2785,-0.4282,3.746,0,0,0,0,0,0,1.46734,-0.2105,3.31731,1.55522,0,0,0,0,1,0,0,0,0,0,0,0,1.32843,0.992486,0.45866,0,0,0,0,0,0,0,0,0,0,0,0,0,0
14.9,0,0,0,0,-0,0,3.12201,1.95092,-2.42787,0.00202562,0.00239392,0.1092,0.0021653,7.68904e-05,0.00458731,0,0,0,0,0,0,0,0,0,0,0,0,0,0,0,0,0,0,0,0,0,0,0,0,0,0,0,0,0,0,0,0,0,0,0,0,0,0,0,0,1.75629,1.20691,1.30763,0.00145911,0.0025397,-0.0011177,0.0004909,0.00139033,-0.00158817,0,0,0,0,0,0,0,0,0,0,0,0,0,0,0,0,0,0,0,0,0,0,0,0,0,0,0,0,0,0,0,0,0,0,0,0,0,0,0,0,0,0,0,0,0,0,0,0,0,0,0,1,1,0,0,0,0,0,1.2785,-0.4282,3.746,0,0,0,0,0,0,1.46734,-0.2105,3.31731,1.55522,0,0,0,0,1,0,0,0,0,0,0,0,1.32843,0.992486,0.45866,0,0,0,0,0,0,0,0,0,0,0,0,0,0
14.95,0,0,0,0,-0,0,3.1222,1.95117,-2.41751,0.00191106,0.0025302,0.103456,0.00139343,0.00116592,0.00366805,0,0,0,0,0,0,0,0,0,0,0,0,0,0,0,0,0,0,0,0,0,0,0,0,0,0,0,0,0,0,0,0,0,0,0,0,0,0,0,0,1.75644,1.20715,1.30749,0.0014918,0.00242295,-0.00136637,0.000709293,0.000978311,-0.00264155,0,0,0,0,0,0,0,0,0,0,0,0,0,0,0,0,0,0,0,0,0,0,0,0,0,0,0,0,0,0,0,0,0,0,0,0,0,0,0,0,0,0,0,0,0,0,0,0,0,0,0,1,1,0,0,0,0,0,1.2785,-0.4282,3.746,0,0,0,0,0,0,1.46734,-0.2105,3.31731,1.55527,0,0,0,0,1,0,0,0,0,0,0,0,1.32843,0.992486,0.45866,0,0,0,0,0,0,0,0,0,0,0,0,0,0
15.15,0,0,0,0,-0,0,3.1222,1.95117,-2.41751,0.00191106,0.0025302,0.103456,0.00139343,0.00116592,0.00366805,0,0,0,0,0,0,0,0,0,0,0,0,0,0,0,0,0,0,0,0,0,0,0,0,0,0,0,0,0,0,0,0,0,0,0,0,0,0,0,0,1.75644,1.20715,1.30749,0.0014918,0.00242295,-0.00136637,0.000709293,0.000978311,-0.00264155,0,0,0,0,0,0,0,0,0,0,0,0,0,0,0,0,0,0,0,0,0,0,0,0,0,0,0,0,0,0,0,0,0,0,0,0,0,0,0,0,0,0,0,0,0,0,0,0,0,0,0,1,1,0,0,0,0,0,1.2099,-0.5173,3.6649,0,0,0,0,0,0,1.41225,-0.23105,3.27327,1.55527,0,0,0,0,1,0,0,0,0,0,0,0,1.30849,1.01089,0.475534,0,0,0,0,0,0,0,0,0,0,0,0,0,0
15,202.46,135.022,31.8783,0,-0,0,3.12243,1.95143,-2.4073,0.00226411,0.00252818,0.102171,0.00201137,0.000681515,-0.0102195,3,2,3.92699,0,0,0,0,0,0,0,0,0,0,0,2,3,2,3.92699,0,0,0,0,0,0,0,0,0,0,1.5708,1.5708,0,1.5708,1.5708,0,119.228,82.1413,-0.106055,0,0,0,1.75659,1.20738,1.30735,0.00151471,0.00229345,-0.00139086,0.000449996,-0.000151555,-0.00175828,1.75578,1.20968,0,0,0,0,0,0,0,0,0,0,0,0,2,1.75578,1.20968,0,58.4596,82.6352,-1.15064e-12,0,0,0,0,0,0,0,0,0,0,0,0,0.855775,1.20968,0,0,0,0,0,0,0,0,0,0,0,0,2,0.855775,1.20968,0,1,1,0,0,0,0,0,1.2099,-0.5173,3.6649,0,0,0,0,0,0,1.41225,-0.23105,3.27327,1.55534,0,0,0,0,1,0,0,0,0,0,0,0,1.30849,1.01089,0.475534,0,0,0,0,0,0,0,0,0,0,0,0,0,0
15.05,-0.0569263,0.0110208,-0.0373534,0,-0,0,3.12243,1.95143,-2.4073,0.00226411,0.00252818,0.102171,0.00201137,0.000681515,-0.0102195,3,2,3.92699,0,0,0,1,1,1,1,0,0,0,0,2,3,2,3.92699,0,0,0,0,0,0,0,0,0,0,1.5708,1.5708,0,1.5708,1.5708,0,-0.00547296,-0.00686492,-0.106055,0,0,0,1.75659,1.20738,1.30735,0.00151471,0.00229345,-0.00139086,0.000449996,-0.000151555,-0.00175828,1.75578,1.20968,0,0,0,0,0,0,0,0,0,0,0,0,2,1.75578,1.20968,0,0.344544,0.487027,3.7308e-15,0,0,0,0,0,0,0,0,0,0,0,0,0.855775,1.20968,0,0,0,0,0,0,0,0,0,0,0,0,2,0.855775,1.20968,0,1,1,0,0,0,0,0,1.2099,-0.5173,3.6649,0,0,0,0,0,0,1.41225,-0.23105,3.27327,1.55534,0,0,0,0,1,0,0,0,0,0,0,0,1.30849,1.01089,0.475534,0,0,0,0,0,0,0,0,0,0,0,0,0,0
15.1,-0.0597006,0.010222,-0.038149,0,-0,0,3.12273,1.9517,-2.3971,0.00304969,0.00273227,0.102082,0.00444366,0.00117441,-0.00775743,3,2,3.92699,0,0,0,0,0.399157,0,0.398833,0.0120584,0.673999,0.0543503,0.723475,2,3,2,3.92699,0,0,0,0,0,0,0,0,0,0,1.5708,1.5708,0,1.5708,1.5708,0,-0.00596726,-0.00773925,-0.105202,0,0,0,1.75676,1.20764,1.30701,0.00164083,0.00252106,-0.00341934,0.000748181,0.000679569,-0.00904994,1.75578,1.20968,0,0,0,0,0,0,0,0,0,0,0,0,2,1.75578,1.20968,0,0.344544,0.487027,3.7308e-15,0,0,0,0,0,0,0,0,0,0,0,0,0.855775,1.20968,0,0,0,0,0,0,0,0,0,0,0,0,2,0.855775,1.20968,0,1,1,0,0,0,0,0,1.2099,-0.5173,3.6649,0,0,0,0,0,0,1.41225,-0.23105,3.27327,1.55548,0,0,0,0,1,0,0,0,0,0,0,0,1.30849,1.01089,0.475534,0,0,0,0,0,0,0,0,0,0,0,0,0,0
15.2,-0.0597006,0.010222,-0.038149,0,-0,0,3.12273,1.9517,-2.3971,0.00304969,0.00273227,0.102082,0.00444366,0.00117441,-0.00775743,3,2,3.92699,0,0,0,0,0.400797,0,0.402201,0.0167867,0.695026,0.059476,0.743812,2,3,2,3.92699,0,0,0,0,0,0,0,0,0,0,1.5708,1.5708,0,1.5708,1.5708,0,-0.00596726,-0.00773925,-0.105202,0,0,0,1.75676,1.20764,1.30701,0.00164083,0.00252106,-0.00341934,0.000748181,0.000679569,-0.00904994,1.75578,1.20968,0,0,0,0,0,0,0,0,0,0,0,0,2,1.75578,1.20968,0,0.344544,0.487027,3.7308e-15,0,0,0,0,0,0,0,0,0,0,0,0,0.855775,1.20968,0,0,0,0,0,0,0,0,0,0,0,0,2,0.855775,1.20968,0,1,1,0,0,0,0,0,1.2679,-0.4789,3.7109,0,0,0,0,0,0,0,-0,0,1.55548,0,0,0,0,0,0,0,0,0,0,0,0,1.29161,1.02777,0.490874,0,0,0,0,0,0,0,0,0,0,0,0,0,0
15.25,-0.0606875,0.0084638,-0.036981,0,-0,0,3.12306,1.95202,-2.38737,0.0033027,0.00321482,0.097257,0.00400535,0.00269644,-0.0237546,3,2,3.92699,0,0,0,0,0.400797,0,0.402201,0.0167867,0.695026,0.059476,0.743812,2,3,2,3.92699,0,0,0,0,0,0,0,0,0,0,1.5708,1.5708,0,1.5708,1.5708,0,-0.00594788,-0.00780899,-0.103708,0,0,0,1.75692,1.20789,1.30632,0.00161596,0.00251181,-0.00695,0.000388024,0.000480225,-0.0205276,1.75578,1.20968,0,0,0,0,0,0,0,0,0,0,0,0,2,1.75578,1.20968,0,0.344544,0.487027,3.7308e-15,0,0,0,0,0,0,0,0,0,0,0,0,0.855775,1.20968,0,0,0,0,0,0,0,0,0,0,0,0,2,0.855775,1.20968,0,1,1,0,0,0,0,0,1.2679,-0.4789,3.7109,0,0,0,0,0,0,0,-0,0,1.55566,0,0,0,0,0,0,0,0,0,0,0,0,1.29161,1.02777,0.490874,0,0,0,0,0,0,0,0,0,0,0,0,0,0
15.35,-0.0606875,0.0084638,-0.036981,0,-0,0,3.12306,1.95202,-2.38737,0.0033027,0.00321482,0.097257,0.00400535,0.00269644,-0.0237546,3,2,3.92699,0,0,0,0,0.382793,0,0.389515,0.0174441,0.680219,0.0559411,0.722184,2,3,2,3.92699,0,0,0,0,0,0,0,0,0,0,1.5708,1.5708,0,1.5708,1.5708,0,-0.00594788,-0.00780899,-0.103708,0,0,0,1.75692,1.20789,1.30632,0.00161596,0.00251181,-0.00695,0.000388024,0.000480225,-0.0205276,1.75578,1.20968,0,0,0,0,0,0,0,0,0,0,0,0,2,1.75578,1.20968,0,0.344544,0.487027,3.7308e-15,0,0,0,0,0,0,0,0,0,0,0,0,0.855775,1.20968,0,0,0,0,0,0,0,0,0,0,0,0,2,0.855775,1.20968,0,1,1,0,0,0,0,0,1.2679,-0.4789,3.7109,0,0,0,0,0,0,0,-0,0,1.55566,0,0,0,0,0,0,0,0,0,0,0,0,1.29161,1.02777,0.490874,0,0,0,0,0,0,0,0,0,0,0,0,0,0
15.3,-0.0564508,0.00894035,-0.0303411,0,-0,0,3.12327,1.95233,-2.37922,0.00202268,0.00303639,0.0792821,-0.0026918,0.00121103,-0.0848539,3,2,3.92699,0,0,0,0,0.382793,0,0.389515,0.0174441,0.680219,0.0559411,0.722184,2,3,2,3.92699,0,0,0,0,0,0,0,0,0,0,1.5708,1.5708,0,1.5708,1.5708,0,-0.00677621,-0.00850016,-0.101514,0,0,0,1.75711,1.20816,1.30507,0.0018375,0.00268266,-0.0120939,0.0011307,0.00103662,-0.034656,1.75578,1.20968,0,0,0,0,0,0,0,0,0,0,0,0,2,1.75578,1.20968,0,0.344544,0.487027,3.7308e-15,0,0,0,0,0,0,0,0,0,0,0,0,0.855775,1.20968,0,0,0,0,0,0,0,0,0,0,0,0,2,0.855775,1.20968,0,1,1,0,0,0,0,0,1.2679,-0.4789,3.7109,0,0,0,0,0,0,0,-0,0,1.55569,0,0,0,0,0,0,0,0,0,0,0,0,1.29161,1.02777,0.490874,0,0,0,0,0,0,0,0,0,0,0,0,0,0
15.4,-0.0564508,0.00894035,-0.0303411,-0.110211,0.0185722,-0.0317877,3.12327,1.95233,-2.37922,0.00202268,0.00303639,0.0792821,-0.0026918,0.00121103,-0.0848539,3,2,3.92699,0,0,0,0,0.317623,0,0.316454,0.00596719,0.55709,0.0387732,0.598322,2,3,2,3.92699,0,0,0,0,0,0,0,0,0,0,1.5708,1.5708,0,1.5708,1.5708,0,-0.00677621,-0.00850016,-0.101514,0,0,0,1.75711,1.20816,1.30507,0.0018375,0.00268266,-0.0120939,0.0011307,0.00103662,-0.034656,1.75578,1.20968,0,0,0,0,0,0,0,0,0,0,0,0,2,1.75578,1.20968,0,0.344544,0.487027,3.7308e-15,0,0,0,0,0,0,0,0,0,0,0,0,0.855775,1.20968,0,0,0,0,0,0,0,0,0,0,0,0,2,0.855775,1.20968,0,1,1,0,0,0,0,0,1.1823,-0.5807,3.6138,0,0,0,0,0,0,1.68864,-0.42183,3.41951,1.55569,0,0,0,0,1,0,0,0,0,0,0,0,1.29161,1.02777,0.490874,0,0,0,0,0,0,0,0,0,0,0,0,0,0
15.45,-0.0555541,0.0110514,-0.0249686,-0.110211,0.0185722,-0.0317877,3.12344,1.95257,-2.37273,0.00173628,0.0023825,0.0647607,-0.00379761,-0.00231535,-0.122708,3,2,3.92699,0,0,0,0,0.317623,0,0.316454,0.00596719,0.55709,0.0387732,0.598322,2,3,2,3.92699,0,0,0,0,0,0,0,0,0,0,1.5708,1.5708,0,1.5708,1.5708,0,-0.00683762,-0.00877514,-0.0990799,0,0,0,1.75729,1.20844,1.3033,0.00183382,0.00273122,-0.0177203,0.000622867,0.000687909,-0.0441503,1.75578,1.20968,0,0,0,0,0,0,0,0,0,0,0,0,2,1.75578,1.20968,0,0.344544,0.487027,3.7308e-15,0,0,0,0,0,0,0,0,0,0,0,0,0.855775,1.20968,0,0,0,0,0,0,0,0,0,0,0,0,2,0.855775,1.20968,0,1,1,0,0,0,0,0,1.1823,-0.5807,3.6138,0,0,0,0,0,0,1.68864,-0.42183,3.41951,1.55567,0,0,0,0,1,0,0,0,0,0,0,0,1.27627,1.04311,0.507748,0,0,0,0,0,0,0,0,0,0,0,0,0,0
15.45,-0.0555541,0.0110514,-0.0249686,-0.111602,0.0180633,-0.0321546,3.12344,1.95257,-2.37273,0.00173628,0.0023825,0.0647607,-0.00379761,-0.00231535,-0.122708,3,2,3.92699,0,0,0,0,0.25245,0,0.23574,0.00836459,0.470839,0.041705,0.520676,2,3,2,3.92699,0,0,0,0,0,0,0,0,0,0,1.5708,1.5708,0,1.5708,1.5708,0,-0.00683762,-0.00877514,-0.0990799,0,0,0,1.75729,1.20844,1.3033,0.00183382,0.00273122,-0.0177203,0.000622867,0.000687909,-0.0441503,1.75578,1.20968,0,0,0,0,0,0,0,0,0,0,0,0,2,1.75578,1.20968,0,0.344544,0.487027,3.7308e-15,0,0,0,0,0,0,0,0,0,0,0,0,0.855775,1.20968,0,0,0,0,0,0,0,0,0,0,0,0,2,0.855775,1.20968,0,1,1,0,0,0,0,0,1.1823,-0.5807,3.6138,0,0,0,0,0,0,1.68864,-0.42183,3.41951,1.55567,0,0,0,0,1,0,0,0,0,0,0,0,1.27627,1.04311,0.507748,0,0,0,0,0,0,0,0,0,0,0,0,0,0
15.65,-0.0523218,0.00883078,-0.0185036,-0.111602,0.0180633,-0.0321546,3.12352,1.95287,-2.36795,0.000769468,0.00300459,0.0478914,-0.00621273,0.000727901,-0.143312,3,2,3.92699,0,0,0,0,0.25245,0,0.23574,0.00836459,0.470839,0.041705,0.520676,2,3,2,3.92699,0,0,0,0,0,0,0,0,0,0,1.5708,1.5708,0,1.5708,1.5708,0,-0.00742155,-0.0107097,-0.0966416,0,0,0,1.75749,1.20876,1.30097,0.0019823,0.00326231,-0.0232468,0.000961199,0.00257975,-0.0502511,1.75578,1.20968,0,0,0,0,0,0,0,0,0,0,0,0,2,1.75578,1.20968,0,0.344544,0.487027,3.7308e-15,0,0,0,0,0,0,0,0,0,0,0,0,0.855775,1.20968,0,0,0,0,0,0,0,0,0,0,0,0,2,0.855775,1.20968,0,1,1,0,0,0,0,0,1.1823,-0.5807,3.6138,0,0,0,0,0,0,1.68864,-0.42183,3.41951,1.55555,0,0,0,0,1,0,0,0,0,0,0,0,1.27627,1.04311,0.507748,0,0,0,0,0,0,0,0,0,0,0,0,0,0
15.65,-0.0523218,0.00883078,-0.0185036,-0.111688,0.0175289,-0.0321546,3.12352,1.95287,-2.36795,0.000769468,0.00300459,0.0478914,-0.00621273,0.000727901,-0.143312,3,2,3.92699,0,0,0,0,0.166598,0,0.15138,0.0144409,0.372311,0.0404039,0.412212,2,3,2,3.92699,0,0,0,0,0,0,0,0,0,0,1.5708,1.5708,0,1.5708,1.5708,0,-0.00742155,-0.0107097,-0.0966416,0,0,0,1.75749,1.20876,1.30097,0.0019823,0.00326231,-0.0232468,0.000961199,0.00257975,-0.0502511,1.75578,1.20968,0,0,0,0,0,0,0,0,0,0,0,0,2,1.75578,1.20968,0,0.344544,0.487027,3.7308e-15,0,0,0,0,0,0,0,0,0,0,0,0,0.855775,1.20968,0,0,0,0,0,0,0,0,0,0,0,0,2,0.855775,1.20968,0,1,1,0,0,0,0,0,1.2468,-0.5252,3.6689,0,0,0,0,0,0,0,-0,0,1.55555,0,0,0,0,0,0,0,0,0,0,0,0,1.27627,1.04311,0.507748,0,0,0,0,0,0,0,0,0,0,0,0,0,0
15.7,-0.0489001,0.00747183,-0.0162887,-0.101036,0.02027,-0.0191538,3.1235,1.9532,-2.36391,-0.000241486,0.00336822,0.0416306,-0.00814136,0.00218568,-0.116368,3,2,3.92699,0,0,0,0,0.166598,0,0.15138,0.0144409,0.372311,0.0404039,0.412212,2,3,2,3.92699,0,0,0,0,0,0,0,0,0,0,1.5708,1.5708,0,1.5708,1.5708,0,-0.00931726,-0.0103543,-0.0953833,0,0,0,1.75773,1.20907,1.29847,0.0025117,0.0031217,-0.0258364,0.00265755,0.00113758,-0.0406957,1.75578,1.20968,0,0,0,0,0,0,0,0,0,0,0,0,2,1.75578,1.20968,0,0.344544,0.487027,3.7308e-15,0,0,0,0,0,0,0,0,0,0,0,0,0.855775,1.20968,0,0,0,0,0,0,0,0,0,0,0,0,2,0.855775,1.20968,0,1,1,0,0,0,0,0,1.2468,-0.5252,3.6689,0,0,0,0,0,0,0,-0,0,1.55533,0,0,0,0,0,0,0,0,0,0,0,0,1.27627,1.04311,0.507748,0,0,0,0,0,0,0,0,0,0,0,0,0,0
15.75,-0.0489001,0.00747183,-0.0162887,-0.101117,0.0198616,-0.0191538,3.1235,1.9532,-2.36391,-0.000241486,0.00336822,0.0416306,-0.00814136,0.00218568,-0.116368,3,2,3.92699,0,0,0,0,0.140772,0,0.127974,0.0150629,0.334256,0.0377053,0.36881,2,3,2,3.92699,0,0,0,0,0,0,0,0,0,0,1.5708,1.5708,0,1.5708,1.5708,0,-0.00931726,-0.0103543,-0.0953833,0,0,0,1.75773,1.20907,1.29847,0.0025117,0.0031217,-0.0258364,0.00265755,0.00113758,-0.0406957,1.75578,1.20968,0,0,0,0,0,0,0,0,0,0,0,0,2,1.75578,1.20968,0,0.344544,0.487027,3.7308e-15,0,0,0,0,0,0,0,0,0,0,0,0,0.855775,1.20968,0,0,0,0,0,0,0,0,0,0,0,0,2,0.855775,1.20968,0,1,1,0,0,0,0,0,1.2468,-0.5252,3.6689,0,0,0,0,0,0,0,-0,0,1.55533,0,0,0,0,0,0,0,0,0,0,0,0,1.27474,1.06151,0.524621,0,0,0,0,0,0,0,0,0,0,0,0,0,0
15.8,-0.0439624,0.00770596,-0.0145382,-0.101117,0.0198616,-0.0191538,3.12333,1.95353,-2.36025,-0.0016843,0.00325997,0.0365889,-0.0109696,0.00135763,-0.08347,3,2,3.92699,0,0,0,0,0.140772,0,0.127974,0.0150629,0.334256,0.0377053,0.36881,2,3,2,3.92699,0,0,0,0,0,0,0,0,0,0,1.5708,1.5708,0,1.5708,1.5708,0,-0.00920905,-0.00999052,-0.0927142,0,0,0,1.75798,1.20936,1.29529,0.00245077,0.00297924,-0.0317593,0.00179602,0.000171151,-0.0490287,1.75578,1.20968,0,0,0,0,0,0,0,0,0,0,0,0,2,1.75578,1.20968,0,0.344544,0.487027,3.7308e-15,0,0,0,0,0,0,0,0,0,0,0,0,0.855775,1.20968,0,0,0,0,0,0,0,0,0,0,0,0,2,0.855775,1.20968,0,1,1,0,0,0,0,0,1.2468,-0.5252,3.6689,0,0,0,0,0,0,0,-0,0,1.55498,0,0,0,0,0,0,0,0,0,0,0,0,1.27474,1.06151,0.524621,0,0,0,0,0,0,0,0,0,0,0,0,0,0
15.85,-0.0439624,0.00770596,-0.0145382,-0.101189,0.0194914,-0.0191538,3.12333,1.95353,-2.36025,-0.0016843,0.00325997,0.0365889,-0.0109696,0.00135763,-0.08347,3,2,3.92699,0,0,0,0,0.127738,0,0.111345,0.0126642,0.296714,0.0348795,0.332548,2,3,2,3.92699,0,0,0,0,0,0,0,0,0,0,1.5708,1.5708,0,1.5708,1.5708,0,-0.00920905,-0.00999052,-0.0927142,0,0,0,1.75798,1.20936,1.29529,0.00245077,0.00297924,-0.0317593,0.00179602,0.000171151,-0.0490287,1.75578,1.20968,0,0,0,0,0,0,0,0,0,0,0,0,2,1.75578,1.20968,0,0.344544,0.487027,3.7308e-15,0,0,0,0,0,0,0,0,0,0,0,0,0.855775,1.20968,0,0,0,0,0,0,0,0,0,0,0,0,2,0.855775,1.20968,0,1,1,0,0,0,0,0,1.2422,-0.5345,3.6555,0,0,0,0,0,0,1.60717,-0.45177,3.45298,1.55498,0,0,0,0,1,0,0,0,0,0,0,0,1.27474,1.06151,0.524621,0,0,0,0,0,0,0,0,0,0,0,0,0,0
15.9,-0.0429345,0.00680061,-0.0112112,-0.101189,0.0194914,-0.0191538,3.12312,1.95389,-2.35736,-0.00196457,0.00348512,0.0278233,-0.00808761,0.00162116,-0.0802065,3,2,3.92699,0,0,0,0,0.127738,0,0.111345,0.0126642,0.296714,0.0348795,0.332548,2,3,2,3.92699,0,0,0,0,0,0,0,0,0,0,1.5708,1.5708,0,1.5708,1.5708,0,-0.00826362,-0.0103193,-0.090541,0,0,0,1.7582,1.20968,1.29152,0.00214596,0.00303873,-0.0363451,-0.000256295,0.000225478,-0.0490964,1.75578,1.20968,0,0,0,0,0,0,0,0,0,0,0,0,2,1.75578,1.20968,0,0.344544,0.487027,3.7308e-15,0,0,0,0,0,0,0,0,0,0,0,0,0.855775,1.20968,0,0,0,0,0,0,0,0,0,0,0,0,2,0.855775,1.20968,0,1,1,0,0,0,0,0,1.2422,-0.5345,3.6555,0,0,0,0,0,0,1.60717,-0.45177,3.45298,1.55462,0,0,0,0,1,0,0,0,0,0,0,0,1.27474,1.06151,0.524621,0,0,0,0,0,0,0,0,0,0,0,0,0,0
15.95,-0.0429345,0.00680061,-0.0112112,-0.0752435,0.00969175,-0.0120794,3.12312,1.95389,-2.35736,-0.00196457,0.00348512,0.0278233,-0.00808761,0.00162116,-0.0802065,3,2,3.92699,0,0,0,0,0.0827331,0,0.0662468,0.0161314,0.24706,0.0349039,0.278651,2,3,2,3.92699,0,0,0,0,0,0,0,0,0,0,1.5708,1.5708,0,1.5708,1.5708,0,-0.00826362,-0.0103193,-0.090541,0,0,0,1.7582,1.20968,1.29152,0.00214596,0.00303873,-0.0363451,-0.000256295,0.000225478,-0.0490964,1.75578,1.20968,0,0,0,0,0,0,0,0,0,0,0,0,2,1.75578,1.20968,0,0.344544,0.487027,3.7308e-15,0,0,0,0,0,0,0,0,0,0,0,0,0.855775,1.20968,0,0,0,0,0,0,0,0,0,0,0,0,2,0.855775,1.20968,0,1,1,0,0,0,0,0,1.2422,-0.5345,3.6555,0,0,0,0,0,0,1.60717,-0.45177,3.45298,1.55462,0,0,0,0,1,0,0,0,0,0,0,0,1.27474,1.06151,0.524621,0,0,0,0,0,0,0,0,0,0,0,0,0,0
16,-0.040351,0.00509688,-0.010851,-0.0752435,0.00969175,-0.0120794,3.12286,1.95427,-2.35482,-0.00269898,0.00394456,0.0264265,-0.00710583,0.00231211,-0.0576262,3,2,3.92699,0,0,0,0,0.0827331,0,0.0662468,0.0161314,0.24706,0.0349039,0.278651,2,3,2,3.92699,0,0,0,0,0,0,0,0,0,0,1.5708,1.5708,0,1.5708,1.5708,0,-0.00770471,-0.011481,-0.0870643,0,0,0,1.75839,1.21,1.28728,0.00195898,0.00334268,-0.0440388,-0.00149568,0.000892721,-0.0546714,1.75578,1.20968,0,0,0,0,0,0,0,0,0,0,0,0,2,1.75578,1.20968,0,0.344544,0.487027,3.7308e-15,0,0,0,0,0,0,0,0,0,0,0,0,0.855775,1.20968,0,0,0,0,0,0,0,0,0,0,0,0,2,0.855775,1.20968,0,1,1,0,0,0,0,0,1.2422,-0.5345,3.6555,0,0,0,0,0,0,1.60717,-0.45177,3.45298,1.55426,0,0,0,0,1,0,0,0,0,0,0,0,1.27474,1.07839,0.543029,0,0,0,0,0,0,0,0,0,0,0,0,0,0
16.05,-0.040351,0.00509688,-0.010851,-0.075268,0.00950016,-0.0120794,3.12286,1.95427,-2.35482,-0.00269898,0.00394456,0.0264265,-0.00710583,0.00231211,-0.0576262,3,2,3.92699,0,0,0,0,0.0793916,0,0.0691682,0.0158188,0.239049,0.0316653,0.263858,2,3,2,3.92699,0,0,0,0,0,0,0,0,0,0,1.5708,1.5708,0,1.5708,1.5708,0,-0.00770471,-0.011481,-0.0870643,0,0,0,1.75839,1.21,1.28728,0.00195898,0.00334268,-0.0440388,-0.00149568,0.000892721,-0.0546714,1.75578,1.20968,0,0,0,0,0,0,0,0,0,0,0,0,2,1.75578,1.20968,0,0.344544,0.487027,3.7308e-15,0,0,0,0,0,0,0,0,0,0,0,0,0.855775,1.20968,0,0,0,0,0,0,0,0,0,0,0,0,2,0.855775,1.20968,0,1,1,0,0,0,0,0,1.2383,-0.5402,3.6421,0,0,0,0,0,0,1.79167,-0.46956,3.44698,1.55426,0,0,0,0,1,0,0,0,0,0,0,0,1.27474,1.07839,0.543029,0,0,0,0,0,0,0,0,0,0,0,0,0,0
16.1,-0.0404291,0.00562207,-0.00667745,-0.075268,0.00950016,-0.0120794,3.12256,1.95469,-2.35302,-0.00263997,0.00373816,0.015795,-0.00453664,0.00177621,-0.0653441,3,2,3.92699,0,0,0,0,0.0793916,0,0.0691682,0.0158188,0.239049,0.0316653,0.263858,2,3,2,3.92699,0,0,0,0,0,0,0,0,0,0,1.5708,1.5708,0,1.5708,1.5708,0,-0.00693399,-0.0104328,-0.087432,0,0,0,1.75859,1.21034,1.28248,0.0017089,0.00299353,-0.0421723,-0.00143502,0.00019601,-0.0379062,1.75578,1.20968,0,0,0,0,0,0,0,0,0,0,0,0,2,1.75578,1.20968,0,0.344544,0.487027,3.7308e-15,0,0,0,0,0,0,0,0,0,0,0,0,0.855775,1.20968,0,0,0,0,0,0,0,0,0,0,0,0,2,0.855775,1.20968,0,1,1,0,0,0,0,0,1.2383,-0.5402,3.6421,0,0,0,0,0,0,1.79167,-0.46956,3.44698,1.55386,0,0,0,0,1,0,0,0,0,0,0,0,1.27474,1.07839,0.543029,0,0,0,0,0,0,0,0,0,0,0,0,0,0
16.15,-0.0404291,0.00562207,-0.00667745,-0.0752849,0.00936469,-0.0120794,3.12256,1.95469,-2.35302,-0.00263997,0.00373816,0.015795,-0.00453664,0.00177621,-0.0653441,3,2,3.92699,0,0,0,0,0.0237203,0,0.00684936,0.0199316,0.176838,0.0341051,0.202895,2,3,2,3.92699,0,0,0,0,0,0,0,0,0,0,1.5708,1.5708,0,1.5708,1.5708,0,-0.00693399,-0.0104328,-0.087432,0,0,0,1.75859,1.21034,1.28248,0.0017089,0.00299353,-0.0421723,-0.00143502,0.00019601,-0.0379062,1.75578,1.20968,0,0,0,0,0,0,0,0,0,0,0,0,2,1.75578,1.20968,0,0.344544,0.487027,3.7308e-15,0,0,0,0,0,0,0,0,0,0,0,0,0.855775,1.20968,0,0,0,0,0,0,0,0,0,0,0,0,2,0.855775,1.20968,0,1,1,0,0,0,0,0,1.2383,-0.5402,3.6421,0,0,0,0,0,0,1.79167,-0.46956,3.44698,1.55386,0,0,0,0,1,0,0,0,0,0,0,0,1.27474,1.07839,0.543029,0,0,0,0,0,0,0,0,0,0,0,0,0,0
16.2,-0.0364131,0.00144264,-0.00754975,-0.0758706,0.00496399,-0.00656096,3.12224,1.95512,-2.3515,-0.00379087,0.00492586,0.0176373,-0.00514958,0.0031591,-0.0445041,3,2,3.92699,0,0,0,0,0.0237203,0,0.00684936,0.0199316,0.176838,0.0341051,0.202895,2,3,2,3.92699,0,0,0,0,0,0,0,0,0,0,1.5708,1.5708,0,1.5708,1.5708,0,-0.00872796,-0.0126145,-0.0787749,0,0,0,1.75878,1.21065,1.27711,0.00221465,0.00359934,-0.0623719,-3.863e-05,0.00040195,-0.071437,1.75578,1.20968,0,0,0,0,0,0,0,0,0,0,0,0,2,1.75578,1.20968,0,0.344544,0.487027,3.7308e-15,0,0,0,0,0,0,0,0,0,0,0,0,0.855775,1.20968,0,0,0,0,0,0,0,0,0,0,0,0,2,0.855775,1.20968,0,1,1,0,0,0,0,0,1.2383,-0.5402,3.6421,0,0,0,0,0,0,1.79167,-0.46956,3.44698,1.55346,0,0,0,0,1,0,0,0,0,0,0,0,1.27474,1.07839,0.543029,0,0,0,0,0,0,0,0,0,0,0,0,0,0
16.25,-0.0364131,0.00144264,-0.00754975,-0.075878,0.00484885,-0.00656096,3.12224,1.95512,-2.3515,-0.00379087,0.00492586,0.0176373,-0.00514958,0.0031591,-0.0445041,3,2,3.92699,0,0,0,0,0.0342621,0,0.0354299,0.0193116,0.188624,0.0270841,0.197664,2,3,2,3.92699,0,0,0,0,0,0,0,0,0,0,1.5708,1.5708,0,1.5708,1.5708,0,-0.00872796,-0.0126145,-0.0787749,0,0,0,1.75878,1.21065,1.27711,0.00221465,0.00359934,-0.0623719,-3.863e-05,0.00040195,-0.071437,1.75578,1.20968,0,0,0,0,0,0,0,0,0,0,0,0,2,1.75578,1.20968,0,0.344544,0.487027,3.7308e-15,0,0,0,0,0,0,0,0,0,0,0,0,0.855775,1.20968,0,0,0,0,0,0,0,0,0,0,0,0,2,0.855775,1.20968,0,1,1,0,0,0,0,0,1.2353,-0.5425,3.6286,0,0,0,0,0,0,0,-0,0,1.55346,0,0,0,0,0,0,0,0,0,0,0,0,1.27474,1.09526,0.561437,0,0,0,0,0,0,0,0,0,0,0,0,0,0
16.3,-0.0355345,0.00311093,-0.0051584,-0.075878,0.00484885,-0.00656096,3.12184,1.95555,-2.35035,-0.00400343,0.00437936,0.0115214,-0.00618721,0.00269121,-0.0387933,3,2,3.92699,0,0,0,0,0.0342621,0,0.0354299,0.0193116,0.188624,0.0270841,0.197664,2,3,2,3.92699,0,0,0,0,0,0,0,0,0,0,1.5708,1.5708,0,1.5708,1.5708,0,-0.00697846,-0.0115394,-0.0790313,0,0,0,1.75894,1.21098,1.27106,0.00167949,0.00324425,-0.0605285,-0.000737027,0.000902527,-0.075135,1.75578,1.20968,0,0,0,0,0,0,0,0,0,0,0,0,2,1.75578,1.20968,0,0.344544,0.487027,3.7308e-15,0,0,0,0,0,0,0,0,0,0,0,0,0.855775,1.20968,0,0,0,0,0,0,0,0,0,0,0,0,2,0.855775,1.20968,0,1,1,0,0,0,0,0,1.2353,-0.5425,3.6286,0,0,0,0,0,0,0,-0,0,1.55302,0,0,0,0,0,0,0,0,0,0,0,0,1.27474,1.09526,0.561437,0,0,0,0,0,0,0,0,0,0,0,0,0,0
16.35,-0.0355345,0.00311093,-0.0051584,-0.0758836,0.00476142,-0.00656096,3.12184,1.95555,-2.35035,-0.00400343,0.00437936,0.0115214,-0.00618721,0.00269121,-0.0387933,3,2,3.92699,0,0,0,0,0.00716813,0,0.00452867,0.0198781,0.14811,0.0318073,0.166401,2,3,2,3.92699,0,0,0,0,0,0,0,0,0,0,1.5708,1.5708,0,1.5708,1.5708,0,-0.00697846,-0.0115394,-0.0790313,0,0,0,1.75894,1.21098,1.27106,0.00167949,0.00324425,-0.0605285,-0.000737027,0.000902527,-0.075135,1.75578,1.20968,0,0,0,0,0,0,0,0,0,0,0,0,2,1.75578,1.20968,0,0.344544,0.487027,3.7308e-15,0,0,0,0,0,0,0,0,0,0,0,0,0.855775,1.20968,0,0,0,0,0,0,0,0,0,0,0,0,2,0.855775,1.20968,0,1,1,0,0,0,0,0,1.2353,-0.5425,3.6286,0,0,0,0,0,0,0,-0,0,1.55302,0,0,0,0,0,0,0,0,0,0,0,0,1.27474,1.09526,0.561437,0,0,0,0,0,0,0,0,0,0,0,0,0,0
16.4,-0.0343424,0.00340451,-0.00452354,-0.0758836,0.00476142,-0.00656096,3.12141,1.95598,-2.34937,-0.00430529,0.0042418,0.00976334,-0.00439253,0.000140605,-0.0324874,3,2,3.92699,0,0,0,0,0.00716813,0,0.00452867,0.0198781,0.14811,0.0318073,0.166401,2,3,2,3.92699,0,0,0,0,0,0,0,0,0,0,1.5708,1.5708,0,1.5708,1.5708,0,-0.00684684,-0.0107302,-0.0764156,0,0,0,1.75911,1.21127,1.26449,0.00162151,0.00297073,-0.0656414,-0.00115043,-0.00111639,-0.0551878,1.75578,1.20968,0,0,0,0,0,0,0,0,0,0,0,0,2,1.75578,1.20968,0,0.344544,0.487027,3.7308e-15,0,0,0,0,0,0,0,0,0,0,0,0,0.855775,1.20968,0,0,0,0,0,0,0,0,0,0,0,0,2,0.855775,1.20968,0,1,1,0,0,0,0,0,1.2353,-0.5425,3.6286,0,0,0,0,0,0,0,-0,0,1.55256,0,0,0,0,0,0,0,0,0,0,0,0,1.27474,1.09526,0.561437,0,0,0,0,0,0,0,0,0,0,0,0,0,0
16.45,-0.0343424,0.00340451,-0.00452354,-0.0758882,0.00468734,-0.00656096,3.12141,1.95598,-2.34937,-0.00430529,0.0042418,0.00976334,-0.00439253,0.000140605,-0.0324874,3,2,3.92699,0,0,0,0,0.00258239,0,0.00265466,0.0216536,0.13419,0.0359876,0.15603,2,3,2,3.92699,0,0,0,0,0,0,0,0,0,0,1.5708,1.5708,0,1.5708,1.5708,0,-0.00684684,-0.0107302,-0.0764156,0,0,0,1.75911,1.21127,1.26449,0.00162151,0.00297073,-0.0656414,-0.00115043,-0.00111639,-0.0551878,1.75578,1.20968,0,0,0,0,0,0,0,0,0,0,0,0,2,1.75578,1.20968,0,0.344544,0.487027,3.7308e-15,0,0,0,0,0,0,0,0,0,0,0,0,0.855775,1.20968,0,0,0,0,0,0,0,0,0,0,0,0,2,0.855775,1.20968,0,1,1,0,0,0,0,0,1.2661,-0.5095,3.6472,0,0,0,0,0,0,0,-0,0,1.55256,0,0,0,0,0,0,0,0,0,0,0,0,1.2732,1.11214,0.578311,0,0,0,0,0,0,0,0,0,0,0,0,0,0
16.5,-0.0302969,0.00229646,-0.00321432,-0.0652398,0.0111067,-0.00423135,3.12086,1.95643,-2.34873,-0.00543899,0.00451621,0.00641291,-0.00692869,0.000839854,-0.0320313,3,2,3.92699,0,0,0,0,0.00258239,0,0.00265466,0.0216536,0.13419,0.0359876,0.15603,2,3,2,3.92699,0,0,0,0,0,0,0,0,0,0,1.5708,1.5708,0,1.5708,1.5708,0,-0.00783283,-0.0113203,-0.0734984,0,0,0,1.75929,1.21158,1.25735,0.00188948,0.00310764,-0.0713799,0.000325667,-0.000393559,-0.0534303,1.75578,1.20968,0,0,0,0,0,0,0,0,0,0,0,0,2,1.75578,1.20968,0,0.344544,0.487027,3.7308e-15,0,0,0,0,0,0,0,0,0,0,0,0,0.855775,1.20968,0,0,0,0,0,0,0,0,0,0,0,0,2,0.855775,1.20968,0,1,1,0,0,0,0,0,1.2661,-0.5095,3.6472,0,0,0,0,0,0,0,-0,0,1.55199,0,0,0,0,0,0,0,0,0,0,0,0,1.2732,1.11214,0.578311,0,0,0,0,0,0,0,0,0,0,0,0,0,0
16.55,-0.0302969,0.00229646,-0.00321432,-0.0652469,0.0110648,-0.00423135,3.12086,1.95643,-2.34873,-0.00543899,0.00451621,0.00641291,-0.00692869,0.000839854,-0.0320313,3,2,3.92699,0,0,0,0,2.70638e-05,0,1.04997e-05,0.0280731,0.110369,0.0378278,0.125477,2,3,2,3.92699,0,0,0,0,0,0,0,0,0,0,1.5708,1.5708,0,1.5708,1.5708,0,-0.00783283,-0.0113203,-0.0734984,0,0,0,1.75929,1.21158,1.25735,0.00188948,0.00310764,-0.0713799,0.000325667,-0.000393559,-0.0534303,1.75578,1.20968,0,0,0,0,0,0,0,0,0,0,0,0,2,1.75578,1.20968,0,0.344544,0.487027,3.7308e-15,0,0,0,0,0,0,0,0,0,0,0,0,0.855775,1.20968,0,0,0,0,0,0,0,0,0,0,0,0,2,0.855775,1.20968,0,1,1,0,0,0,0,0,1.2661,-0.5095,3.6472,0,0,0,0,0,0,0,-0,0,1.55199,0,0,0,0,0,0,0,0,0,0,0,0,1.2732,1.11214,0.578311,0,0,0,0,0,0,0,0,0,0,0,0,0,0
16.6,-0.0316463,0.00301029,-0.00200675,-0.0652469,0.0110648,-0.00423135,3.12031,1.9569,-2.34835,-0.00497306,0.00424824,0.00336598,-0.00320406,0.000112886,-0.0299352,3,2,3.92699,0,0,0,0,2.70638e-05,0,1.04997e-05,0.0280731,0.110369,0.0378278,0.125477,2,3,2,3.92699,0,0,0,0,0,0,0,0,0,0,1.5708,1.5708,0,1.5708,1.5708,0,-0.00629901,-0.00955647,-0.0742417,0,0,0,1.75945,1.21187,1.24977,0.001419,0.00255442,-0.0680328,-0.00126251,-0.0019465,-0.0269178,1.75578,1.20968,0,0,0,0,0,0,0,0,0,0,0,0,2,1.75578,1.20968,0,0.344544,0.487027,3.7308e-15,0,0,0,0,0,0,0,0,0,0,0,0,0.855775,1.20968,0,0,0,0,0,0,0,0,0,0,0,0,2,0.855775,1.20968,0,1,1,0,0,0,0,0,1.2661,-0.5095,3.6472,0,0,0,0,0,0,0,-0,0,1.55145,0,0,0,0,0,0,0,0,0,0,0,0,1.2732,1.11214,0.578311,0,0,0,0,0,0,0,0,0,0,0,0,0,0
16.65,-0.0316463,0.00301029,-0.00200675,-0.0652511,0.0110403,-0.00423135,3.12031,1.9569,-2.34835,-0.00497306,0.00424824,0.00336598,-0.00320406,0.000112886,-0.0299352,3,2,3.92699,0,0,0,0,0,0,0,0.0407722,0.100571,0.0579539,0.115745,2,3,2,3.92699,0,0,0,0,0,0,0,0,0,0,1.5708,1.5708,0,1.5708,1.5708,0,-0.00629901,-0.00955647,-0.0742417,0,0,0,1.75945,1.21187,1.24977,0.001419,0.00255442,-0.0680328,-0.00126251,-0.0019465,-0.0269178,1.75578,1.20968,0,0,0,0,0,0,0,0,0,0,0,0,2,1.75578,1.20968,0,0.344544,0.487027,3.7308e-15,0,0,0,0,0,0,0,0,0,0,0,0,0.855775,1.20968,0,0,0,0,0,0,0,0,0,0,0,0,2,0.855775,1.20968,0,1,1,0,0,0,0,0,1.2305,-0.541,3.5982,0,0,0,0,0,0,0,-0,0,1.55145,0,0,0,0,0,0,0,0,0,0,0,0,1.2732,1.11214,0.578311,0,0,0,0,0,0,0,0,0,0,0,0,0,0
16.7,-0.0234264,-0.00120947,-0.000322462,-0.0652511,0.0110403,-0.00423135,3.11966,1.95738,-2.34842,-0.00733102,0.00544101,-0.000765229,-0.00819093,0.00252793,-0.0356729,3,2,3.92699,0,0,0,0,0,0,0,0.0407722,0.100571,0.0579539,0.115745,2,3,2,3.92699,0,0,0,0,0,0,0,0,0,0,1.5708,1.5708,0,1.5708,1.5708,0,-0.010356,-0.0142123,-0.0633412,0,0,0,1.75968,1.21221,1.24153,0.00258668,0.00388485,-0.0931691,0.00287262,0.0025367,-0.0772812,1.75578,1.20968,0,0,0,0,0,0,0,0,0,0,0,0,2,1.75578,1.20968,0,0.344544,0.487027,3.7308e-15,0,0,0,0,0,0,0,0,0,0,0,0,0.855775,1.20968,0,0,0,0,0,0,0,0,0,0,0,0,2,0.855775,1.20968,0,1,1,0,0,0,0,0,1.2305,-0.541,3.5982,0,0,0,0,0,0,0,-0,0,1.55075,0,0,0,0,0,0,0,0,0,0,0,0,1.2732,1.12901,0.596719,0,0,0,0,0,0,0,0,0,0,0,0,0,0
16.75,-0.0234264,-0.00120947,-0.000322462,-0.0464147,-0.00240081,-0.000176829,3.11966,1.95738,-2.34842,-0.00733102,0.00544101,-0.000765229,-0.00819093,0.00252793,-0.0356729,3,2,3.92699,0,0,0,0,0,0,0,0.0548649,0.0664618,0.0499535,0.061161,2,3,2,3.92699,0,0,0,0,0,0,0,0,0,0,1.5708,1.5708,0,1.5708,1.5708,0,-0.010356,-0.0142123,-0.0633412,0,0,0,1.75968,1.21221,1.24153,0.00258668,0.00388485,-0.0931691,0.00287262,0.0025367,-0.0772812,1.75578,1.20968,0,0,0,0,0,0,0,0,0,0,0,0,2,1.75578,1.20968,0,0.344544,0.487027,3.7308e-15,0,0,0,0,0,0,0,0,0,0,0,0,0.855775,1.20968,0,0,0,0,0,0,0,0,0,0,0,0,2,0.855775,1.20968,0,1,1,0,0,0,0,0,1.2305,-0.541,3.5982,0,0,0,0,0,0,0,-0,0,1.55075,0,0,0,0,0,0,0,0,0,0,0,0,1.2732,1.12901,0.596719,0,0,0,0,0,0,0,0,0,0,0,0,0,0
16.8,-0.024606,0.00201809,-0.00061564,-0.0464147,-0.00240081,-0.000176829,3.11897,1.95783,-2.34843,-0.00689921,0.0044319,-4.28989e-05,-0.0072435,0.000335464,-0.019618,3,2,3.92699,0,0,0,0,0,0,0,0.0548649,0.0664618,0.0499535,0.061161,2,3,2,3.92699,0,0,0,0,0,0,0,0,0,0,1.5708,1.5708,0,1.5708,1.5708,0,-0.00631463,-0.0115318,-0.0645609,0,0,0,1.75982,1.21252,1.23268,0.00138009,0.00305913,-0.0883993,-0.00138736,0.000584734,-0.0772522,1.75578,1.20968,0,0,0,0,0,0,0,0,0,0,0,0,2,1.75578,1.20968,0,0.344544,0.487027,3.7308e-15,0,0,0,0,0,0,0,0,0,0,0,0,0.855775,1.20968,0,0,0,0,0,0,0,0,0,0,0,0,2,0.855775,1.20968,0,1,1,0,0,0,0,0,1.2305,-0.541,3.5982,0,0,0,0,0,0,0,-0,0,1.55009,0,0,0,0,0,0,0,0,0,0,0,0,1.2732,1.12901,0.596719,0,0,0,0,0,0,0,0,0,0,0,0,0,0
16.85,-0.024606,0.00201809,-0.00061564,-0.0464147,-0.00240061,-0.000176829,3.11897,1.95783,-2.34843,-0.00689921,0.0044319,-4.28989e-05,-0.0072435,0.000335464,-0.019618,3,2,3.92699,0,0,0,0,0,0,0,0.0451824,0.0658406,0.0564692,0.0764336,2,3,2,3.92699,0,0,0,0,0,0,0,0,0,0,1.5708,1.5708,0,1.5708,1.5708,0,-0.00631463,-0.0115318,-0.0645609,0,0,0,1.75982,1.21252,1.23268,0.00138009,0.00305913,-0.0883993,-0.00138736,0.000584734,-0.0772522,1.75578,1.20968,0,0,0,0,0,0,0,0,0,0,0,0,2,1.75578,1.20968,0,0.344544,0.487027,3.7308e-15,0,0,0,0,0,0,0,0,0,0,0,0,0.855775,1.20968,0,0,0,0,0,0,0,0,0,0,0,0,2,0.855775,1.20968,0,1,1,0,0,0,0,0,1.2284,-0.5373,3.5811,0,0,0,0,0,0,0,-0,0,1.55009,0,0,0,0,0,0,0,0,0,0,0,0,1.2732,1.12901,0.596719,0,0,0,0,0,0,0,0,0,0,0,0,0,0
16.9,-0.0205944,0.000124078,-0.000349292,-0.0464147,-0.00240061,-0.000176829,3.11817,1.95832,-2.34849,-0.00799246,0.00493422,-0.000684619,-0.00751971,0.00111492,-0.0120654,3,2,3.92699,0,0,0,0,0,0,0,0.0451824,0.0658406,0.0564692,0.0764336,2,3,2,3.92699,0,0,0,0,0,0,0,0,0,0,1.5708,1.5708,0,1.5708,1.5708,0,-0.00837184,-0.0136576,-0.0627793,0,0,0,1.76002,1.21288,1.22359,0.0019627,0.00364205,-0.0909555,0.000554321,0.00186031,-0.0429548,1.75578,1.20968,0,0,0,0,0,0,0,0,0,0,0,0,2,1.75578,1.20968,0,0.344544,0.487027,3.7308e-15,0,0,0,0,0,0,0,0,0,0,0,0,0.855775,1.20968,0,0,0,0,0,0,0,0,0,0,0,0,2,0.855775,1.20968,0,1,1,0,0,0,0,0,1.2284,-0.5373,3.5811,0,0,0,0,0,0,0,-0,0,1.54928,0,0,0,0,0,0,0,0,0,0,0,0,1.2732,1.12901,0.596719,0,0,0,0,0,0,0,0,0,0,0,0,0,0
16.9,-0.0205944,0.000124078,-0.000349292,-0.0464148,-0.00239743,-0.000176829,3.11817,1.95832,-2.34849,-0.00799246,0.00493422,-0.000684619,-0.00751971,0.00111492,-0.0120654,3,2,3.92699,0,0,0,0,0,0,0,0.0442003,0.0565331,0.0457978,0.0577165,2,3,2,3.92699,0,0,0,0,0,0,0,0,0,0,1.5708,1.5708,0,1.5708,1.5708,0,-0.00837184,-0.0136576,-0.0627793,0,0,0,1.76002,1.21288,1.22359,0.0019627,0.00364205,-0.0909555,0.000554321,0.00186031,-0.0429548,1.75578,1.20968,0,0,0,0,0,0,0,0,0,0,0,0,2,1.75578,1.20968,0,0.344544,0.487027,3.7308e-15,0,0,0,0,0,0,0,0,0,0,0,0,0.855775,1.20968,0,0,0,0,0,0,0,0,0,0,0,0,2,0.855775,1.20968,0,1,1,0,0,0,0,0,1.2284,-0.5373,3.5811,0,0,0,0,0,0,0,-0,0,1.54928,0,0,0,0,0,0,0,0,0,0,0,0,1.2732,1.14742,0.613592,0,0,0,0,0,0,0,0,0,0,0,0,0,0
16.95,-0.0205425,-0.000445868,0.0012953,-0.0408031,0.000241337,-0.000208278,3.11738,1.95883,-2.34896,-0.00791343,0.00504292,-0.00463868,-0.00425406,0.00122008,-0.0220239,3,2,3.92699,0,0,0,0,0,0,0,0.0442003,0.0565331,0.0457978,0.0577165,2,3,2,3.92699,0,0,0,0,0,0,0,0,0,0,1.5708,1.5708,0,1.5708,1.5708,0,-0.00877723,-0.012424,-0.0604269,0,0,0,1.76022,1.21321,1.21411,0.00205769,0.00324031,-0.0948356,0.000979384,-0.000307756,-0.0368561,1.75578,1.20968,0,0,0,0,0,0,0,0,0,0,0,0,2,1.75578,1.20968,0,0.344544,0.487027,3.7308e-15,0,0,0,0,0,0,0,0,0,0,0,0,0.855775,1.20968,0,0,0,0,0,0,0,0,0,0,0,0,2,0.855775,1.20968,0,1,1,0,0,0,0,0,1.2284,-0.5373,3.5811,0,0,0,0,0,0,0,-0,0,1.54849,0,0,0,0,0,0,0,0,0,0,0,0,1.2732,1.14742,0.613592,0,0,0,0,0,0,0,0,0,0,0,0,0,0
17,-0.0205425,-0.000445868,0.0012953,-0.040803,0.000260268,-0.000208278,3.11738,1.95883,-2.34896,-0.00791343,0.00504292,-0.00463868,-0.00425406,0.00122008,-0.0220239,3,2,3.92699,0,0,0,0,0,0,0,0.067768,0.0355959,0.0657815,0.0346898,2,3,2,3.92699,0,0,0,0,0,0,0,0,0,0,1.5708,1.5708,0,1.5708,1.5708,0,-0.00877723,-0.012424,-0.0604269,0,0,0,1.76022,1.21321,1.21411,0.00205769,0.00324031,-0.0948356,0.000979384,-0.000307756,-0.0368561,1.75578,1.20968,0,0,0,0,0,0,0,0,0,0,0,0,2,1.75578,1.20968,0,0.344544,0.487027,3.7308e-15,0,0,0,0,0,0,0,0,0,0,0,0,0.855775,1.20968,0,0,0,0,0,0,0,0,0,0,0,0,2,0.855775,1.20968,0,1,1,0,0,0,0,0,1.2954,-0.4635,3.632,0,0,0,0,0,0,0,-0,0,1.54849,0,0,0,0,0,0,0,0,0,0,0,0,1.2732,1.14742,0.613592,0,0,0,0,0,0,0,0,0,0,0,0,0,0
17.05,-0.0176792,0.000216188,0.00162202,-0.040803,0.000260268,-0.000208278,3.11651,1.9593,-2.34949,-0.00865853,0.00478967,-0.00533573,-0.00507489,-0.000274208,-0.0173518,3,2,3.92699,0,0,0,0,0,0,0,0.067768,0.0355959,0.0657815,0.0346898,2,3,2,3.92699,0,0,0,0,0,0,0,0,0,0,1.5708,1.5708,0,1.5708,1.5708,0,-0.00940999,-0.0147517,-0.0553287,0,0,0,1.76044,1.21359,1.20359,0.00221775,0.00387985,-0.105256,0.00128149,0.00207083,-0.0627677,1.75578,1.20968,0,0,0,0,0,0,0,0,0,0,0,0,2,1.75578,1.20968,0,0.344544,0.487027,3.7308e-15,0,0,0,0,0,0,0,0,0,0,0,0,0.855775,1.20968,0,0,0,0,0,0,0,0,0,0,0,0,2,0.855775,1.20968,0,1,1,0,0,0,0,0,1.2954,-0.4635,3.632,0,0,0,0,0,0,0,-0,0,1.54758,0,0,0,0,0,0,0,0,0,0,0,0,1.2732,1.14742,0.613592,0,0,0,0,0,0,0,0,0,0,0,0,0,0
17.1,-0.0176792,0.000216188,0.00162202,-0.0408029,0.00028203,-0.000208278,3.11651,1.9593,-2.34949,-0.00865853,0.00478967,-0.00533573,-0.00507489,-0.000274208,-0.0173518,3,2,3.92699,0,0,0,0,0,0,0,0.0635905,0.0224141,0.0645947,0.0248011,2,3,2,3.92699,0,0,0,0,0,0,0,0,0,0,1.5708,1.5708,0,1.5708,1.5708,0,-0.00940999,-0.0147517,-0.0553287,0,0,0,1.76044,1.21359,1.20359,0.00221775,0.00387985,-0.105256,0.00128149,0.00207083,-0.0627677,1.75578,1.20968,0,0,0,0,0,0,0,0,0,0,0,0,2,1.75578,1.20968,0,0.344544,0.487027,3.7308e-15,0,0,0,0,0,0,0,0,0,0,0,0,0.855775,1.20968,0,0,0,0,0,0,0,0,0,0,0,0,2,0.855775,1.20968,0,1,1,0,0,0,0,0,1.2954,-0.4635,3.632,0,0,0,0,0,0,0,-0,0,1.54758,0,0,0,0,0,0,0,0,0,0,0,0,1.2732,1.14742,0.613592,0,0,0,0,0,0,0,0,0,0,0,0,0,0
17.15,-0.0166781,-0.000685677,0.00114165,-0.0408029,0.00028203,-0.000208278,3.11563,1.9598,-2.3499,-0.00884958,0.00499726,-0.00407195,-0.00393486,0.000469988,-0.00474491,3,2,3.92699,0,0,0,0,0,0,0,0.0635905,0.0224141,0.0645947,0.0248011,2,3,2,3.92699,0,0,0,0,0,0,0,0,0,0,1.5708,1.5708,0,1.5708,1.5708,0,-0.00384655,-0.0159331,-0.0550799,0,0,0,1.7605,1.21401,1.19321,0.000572477,0.00417822,-0.103787,-0.00576049,0.00276342,-0.0354855,1.75578,1.20968,0,0,0,0,0,0,0,0,0,0,0,0,2,1.75578,1.20968,0,0.344544,0.487027,3.7308e-15,0,0,0,0,0,0,0,0,0,0,0,0,0.855775,1.20968,0,0,0,0,0,0,0,0,0,0,0,0,2,0.855775,1.20968,0,1,1,0,0,0,0,0,1.2954,-0.4635,3.632,0,0,0,0,0,0,0,-0,0,1.5468,0,0,0,0,0,0,0,0,0,0,0,0,1.2732,1.16429,0.630466,0,0,0,0,0,0,0,0,0,0,0,0,0,0
17.2,-0.0166781,-0.000685677,0.00114165,-0.0408027,0.000298646,-0.000208278,3.11563,1.9598,-2.3499,-0.00884958,0.00499726,-0.00407195,-0.00393486,0.000469988,-0.00474491,3,2,3.92699,0,0,0,0,0,0,0,0.0571306,0.0284803,0.0537943,0.0261062,2,3,2,3.92699,0,0,0,0,0,0,0,0,0,0,1.5708,1.5708,0,1.5708,1.5708,0,-0.00384655,-0.0159331,-0.0550799,0,0,0,1.7605,1.21401,1.19321,0.000572477,0.00417822,-0.103787,-0.00576049,0.00276342,-0.0354855,1.75578,1.20968,0,0,0,0,0,0,0,0,0,0,0,0,2,1.75578,1.20968,0,0.344544,0.487027,3.7308e-15,0,0,0,0,0,0,0,0,0,0,0,0,0.855775,1.20968,0,0,0,0,0,0,0,0,0,0,0,0,2,0.855775,1.20968,0,1,1,0,0,0,0,0,1.1343,-0.6169,3.453,0,0,0,0,0,0,0,-0,0,1.5468,0,0,0,0,0,0,0,0,0,0,0,0,1.2732,1.16429,0.630466,0,0,0,0,0,0,0,0,0,0,0,0,0,0
17.25,-0.0133254,-2.95157e-05,0.00123034,-0.0221535,-0.000805918,0.00218687,3.11466,1.96028,-2.35032,-0.00972689,0.00474626,-0.00420585,-0.00570693,-0.000623936,-0.00167377,3,2,3.92699,0,0,0,0,0,0,0,0.0571306,0.0284803,0.0537943,0.0261062,2,3,2,3.92699,0,0,0,0,0,0,0,0,0,0,1.5708,1.5708,0,1.5708,1.5708,0,-0.00609686,-0.0164004,-0.0522993,0,0,0,1.76062,1.21444,1.18236,0.00122074,0.00426528,-0.108447,-0.00182284,0.00209772,-0.0361521,1.75578,1.20968,0,0,0,0,0,0,0,0,0,0,0,0,2,1.75578,1.20968,0,0.344544,0.487027,3.7308e-15,0,0,0,0,0,0,0,0,0,0,0,0,0.855775,1.20968,0,0,0,0,0,0,0,0,0,0,0,0,2,0.855775,1.20968,0,1,1,0,0,0,0,0,1.1343,-0.6169,3.453,0,0,0,0,0,0,0,-0,0,1.54586,0,0,0,0,0,0,0,0,0,0,0,0,1.2732,1.16429,0.630466,0,0,0,0,0,0,0,0,0,0,0,0,0,0
17.3,-0.0133254,-2.95157e-05,0.00123034,-0.0221538,-0.000796601,0.00218687,3.11466,1.96028,-2.35032,-0.00972689,0.00474626,-0.00420585,-0.00570693,-0.000623936,-0.00167377,3,2,3.92699,0,0,0,0,0,0,0,0.0482112,0.0170801,0.0479514,0.0178657,2,3,2,3.92699,0,0,0,0,0,0,0,0,0,0,1.5708,1.5708,0,1.5708,1.5708,0,-0.00609686,-0.0164004,-0.0522993,0,0,0,1.76062,1.21444,1.18236,0.00122074,0.00426528,-0.108447,-0.00182284,0.00209772,-0.0361521,1.75578,1.20968,0,0,0,0,0,0,0,0,0,0,0,0,2,1.75578,1.20968,0,0.344544,0.487027,3.7308e-15,0,0,0,0,0,0,0,0,0,0,0,0,0.855775,1.20968,0,0,0,0,0,0,0,0,0,0,0,0,2,0.855775,1.20968,0,1,1,0,0,0,0,0,1.1343,-0.6169,3.453,0,0,0,0,0,0,0,-0,0,1.54586,0,0,0,0,0,0,0,0,0,0,0,0,1.2732,1.16429,0.630466,0,0,0,0,0,0,0,0,0,0,0,0,0,0
17.35,-0.0130736,-0.00167708,0.000830165,-0.0221538,-0.000796601,0.00218687,3.11369,1.9608,-2.35064,-0.00968601,0.00517271,-0.00315777,-0.00350049,0.00117978,0.00359945,3,2,3.92699,0,0,0,0,0,0,0,0.0482112,0.0170801,0.0479514,0.0178657,2,3,2,3.92699,0,0,0,0,0,0,0,0,0,0,1.5708,1.5708,0,1.5708,1.5708,0,-0.00688573,-0.0166774,-0.0487568,0,0,0,1.76077,1.21487,1.17088,0.00143605,0.00429594,-0.114852,0.000298194,0.00129078,-0.0473568,1.75578,1.20968,0,0,0,0,0,0,0,0,0,0,0,0,2,1.75578,1.20968,0,0.344544,0.487027,3.7308e-15,0,0,0,0,0,0,0,0,0,0,0,0,0.855775,1.20968,0,0,0,0,0,0,0,0,0,0,0,0,2,0.855775,1.20968,0,1,1,0,0,0,0,0,1.1343,-0.6169,3.453,0,0,0,0,0,0,0,-0,0,1.54493,0,0,0,0,0,0,0,0,0,0,0,0,1.2732,1.16429,0.630466,0,0,0,0,0,0,0,0,0,0,0,0,0,0
17.4,-0.0130736,-0.00167708,0.000830165,-0.0221541,-0.000789607,0.00218687,3.11369,1.9608,-2.35064,-0.00968601,0.00517271,-0.00315777,-0.00350049,0.00117978,0.00359945,3,2,3.92699,0,0,0,0,0,0,0,0.0465882,0.0256392,0.038362,0.0181165,2,3,2,3.92699,0,0,0,0,0,0,0,0,0,0,1.5708,1.5708,0,1.5708,1.5708,0,-0.00688573,-0.0166774,-0.0487568,0,0,0,1.76077,1.21487,1.17088,0.00143605,0.00429594,-0.114852,0.000298194,0.00129078,-0.0473568,1.75578,1.20968,0,0,0,0,0,0,0,0,0,0,0,0,2,1.75578,1.20968,0,0.344544,0.487027,3.7308e-15,0,0,0,0,0,0,0,0,0,0,0,0,0.855775,1.20968,0,0,0,0,0,0,0,0,0,0,0,0,2,0.855775,1.20968,0,1,1,0,0,0,0,0,1.2491,-0.4941,3.5486,0,0,0,0,0,0,0,-0,0,1.54493,0,0,0,0,0,0,0,0,0,0,0,0,1.2732,1.1827,0.64734,0,0,0,0,0,0,0,0,0,0,0,0,0,0
17.45,-0.0109924,-0.000212211,0.00125578,-0.0221541,-0.000789607,0.00218687,3.11267,1.96126,-2.35105,-0.0101812,0.00468286,-0.00412247,-0.00378999,-0.00100042,-0.000982119,3,2,3.92699,0,0,0,0,0,0,0,0.0465882,0.0256392,0.038362,0.0181165,2,3,2,3.92699,0,0,0,0,0,0,0,0,0,0,1.5708,1.5708,0,1.5708,1.5708,0,-0.00765927,-0.0177896,-0.0471016,0,0,0,1.76093,1.21532,1.15922,0.00164437,0.00456932,-0.116583,0.00129975,0.00176183,-0.0369669,1.75578,1.20968,0,0,0,0,0,0,0,0,0,0,0,0,2,1.75578,1.20968,0,0.344544,0.487027,3.7308e-15,0,0,0,0,0,0,0,0,0,0,0,0,0.855775,1.20968,0,0,0,0,0,0,0,0,0,0,0,0,2,0.855775,1.20968,0,1,1,0,0,0,0,0,1.2491,-0.4941,3.5486,0,0,0,0,0,0,0,-0,0,1.5439,0,0,0,0,0,0,0,0,0,0,0,0,1.2732,1.1827,0.64734,0,0,0,0,0,0,0,0,0,0,0,0,0,0
17.5,-0.0109924,-0.000212211,0.00125578,-0.0168475,-0.000350783,0.00166516,3.11267,1.96126,-2.35105,-0.0101812,0.00468286,-0.00412247,-0.00378999,-0.00100042,-0.000982119,3,2,3.92699,0,0,0,0,0,0,0,0.0428349,0.0120275,0.0415129,0.0118862,2,3,2,3.92699,0,0,0,0,0,0,0,0,0,0,1.5708,1.5708,0,1.5708,1.5708,0,-0.00765927,-0.0177896,-0.0471016,0,0,0,1.76093,1.21532,1.15922,0.00164437,0.00456932,-0.116583,0.00129975,0.00176183,-0.0369669,1.75578,1.20968,0,0,0,0,0,0,0,0,0,0,0,0,2,1.75578,1.20968,0,0.344544,0.487027,3.7308e-15,0,0,0,0,0,0,0,0,0,0,0,0,0.855775,1.20968,0,0,0,0,0,0,0,0,0,0,0,0,2,0.855775,1.20968,0,1,1,0,0,0,0,0,1.2491,-0.4941,3.5486,0,0,0,0,0,0,0,-0,0,1.5439,0,0,0,0,0,0,0,0,0,0,0,0,1.2732,1.1827,0.64734,0,0,0,0,0,0,0,0,0,0,0,0,0,0
17.55,-0.010982,-0.00132256,0.000729019,-0.0168475,-0.000350783,0.00166516,3.11166,1.96176,-2.35132,-0.0100642,0.00495276,-0.00277063,-0.00184323,0.000180425,0.00419322,3,2,3.92699,0,0,0,0,0,0,0,0.0428349,0.0120275,0.0415129,0.0118862,2,3,2,3.92699,0,0,0,0,0,0,0,0,0,0,1.5708,1.5708,0,1.5708,1.5708,0,-0.00689932,-0.0117621,-0.0430537,0,0,0,1.76107,1.2156,1.14682,0.00140391,0.00276143,-0.124045,-4.54128e-05,-0.00610407,-0.0505568,1.75578,1.20968,0,0,0,0,0,0,0,0,0,0,0,0,2,1.75578,1.20968,0,0.344544,0.487027,3.7308e-15,0,0,0,0,0,0,0,0,0,0,0,0,0.855775,1.20968,0,0,0,0,0,0,0,0,0,0,0,0,2,0.855775,1.20968,0,1,1,0,0,0,0,0,1.2491,-0.4941,3.5486,0,0,0,0,0,0,0,-0,0,1.543,0,0,0,0,0,0,0,0,0,0,0,0,1.2732,1.1827,0.64734,0,0,0,0,0,0,0,0,0,0,0,0,0,0
17.6,-0.010982,-0.00132256,0.000729019,-0.0168476,-0.000346116,0.00166516,3.11166,1.96176,-2.35132,-0.0100642,0.00495276,-0.00277063,-0.00184323,0.000180425,0.00419322,3,2,3.92699,0,0,0,0,0,0,0,0.0393373,0.0209187,0.032803,0.0150029,2,3,2,3.92699,0,0,0,0,0,0,0,0,0,0,1.5708,1.5708,0,1.5708,1.5708,0,-0.00689932,-0.0117621,-0.0430537,0,0,0,1.76107,1.2156,1.14682,0.00140391,0.00276143,-0.124045,-4.54128e-05,-0.00610407,-0.0505568,1.75578,1.20968,0,0,0,0,0,0,0,0,0,0,0,0,2,1.75578,1.20968,0,0.344544,0.487027,3.7308e-15,0,0,0,0,0,0,0,0,0,0,0,0,0.855775,1.20968,0,0,0,0,0,0,0,0,0,0,0,0,2,0.855775,1.20968,0,1,1,0,0,0,0,0,1.1445,-0.5904,3.423,0,0,0,0,0,0,0,-0,0,1.543,0,0,0,0,0,0,0,0,0,0,0,0,1.2732,1.1827,0.64734,0,0,0,0,0,0,0,0,0,0,0,0,0,0
17.65,-0.0106545,-0.00155144,-0.000587264,-0.0168476,-0.000346116,0.00166516,3.11061,1.96228,-2.35128,-0.0100357,0.00495851,0.000458899,-0.001354,0.000603602,0.0159924,3,2,3.92699,0,0,0,0,0,0,0,0.0393373,0.0209187,0.032803,0.0150029,2,3,2,3.92699,0,0,0,0,0,0,0,0,0,0,1.5708,1.5708,0,1.5708,1.5708,0,-0.0106774,-0.0165208,-0.0446302,0,0,0,1.76133,1.21603,1.13447,0.00248565,0.00411174,-0.117695,0.00423537,0.000947654,-0.0140426,1.75578,1.20968,0,0,0,0,0,0,0,0,0,0,0,0,2,1.75578,1.20968,0,0.344544,0.487027,3.7308e-15,0,0,0,0,0,0,0,0,0,0,0,0,0.855775,1.20968,0,0,0,0,0,0,0,0,0,0,0,0,2,0.855775,1.20968,0,1,1,0,0,0,0,0,1.1445,-0.5904,3.423,0,0,0,0,0,0,0,-0,0,1.54189,0,0,0,0,0,0,0,0,0,0,0,0,1.2732,1.19804,0.664214,0,0,0,0,0,0,0,0,0,0,0,0,0,0
17.7,-0.0106545,-0.00155144,-0.000587264,-0.0168476,-0.000346927,0.00166516,3.11061,1.96228,-2.35128,-0.0100357,0.00495851,0.000458899,-0.001354,0.000603602,0.0159924,3,2,3.92699,0,0,0,0,0,0,0,0.0215259,0.0382543,0.0144251,0.0305917,2,3,2,3.92699,0,0,0,0,0,0,0,0,0,0,1.5708,1.5708,0,1.5708,1.5708,0,-0.0106774,-0.0165208,-0.0446302,0,0,0,1.76133,1.21603,1.13447,0.00248565,0.00411174,-0.117695,0.00423537,0.000947654,-0.0140426,1.75578,1.20968,0,0,0,0,0,0,0,0,0,0,0,0,2,1.75578,1.20968,0,0.344544,0.487027,3.7308e-15,0,0,0,0,0,0,0,0,0,0,0,0,0.855775,1.20968,0,0,0,0,0,0,0,0,0,0,0,0,2,0.855775,1.20968,0,1,1,0,0,0,0,0,1.1445,-0.5904,3.423,0,0,0,0,0,0,0,-0,0,1.54189,0,0,0,0,0,0,0,0,0,0,0,0,1.2732,1.19804,0.664214,0,0,0,0,0,0,0,0,0,0,0,0,0,0
17.75,-0.00723832,-0.00166632,1.06433e-05,-0.00760391,-0.00767907,-0.000762741,3.10957,1.96275,-2.35137,-0.010924,0.00493659,-0.000993532,-0.00220221,-0.000686391,0.00539289,3,2,3.92699,0,0,0,0,0,0,0,0.0215259,0.0382543,0.0144251,0.0305917,2,3,2,3.92699,0,0,0,0,0,0,0,0,0,0,1.5708,1.5708,0,1.5708,1.5708,0,-0.0075613,-0.00651606,-0.0330599,0,0,0,1.76148,1.21614,1.12084,0.00155047,0.00115226,-0.143398,-0.0010826,-0.0110433,-0.0810981,1.75578,1.20968,0,0,0,0,0,0,0,0,0,0,0,0,2,1.75578,1.20968,0,0.344544,0.487027,3.7308e-15,0,0,0,0,0,0,0,0,0,0,0,0,0.855775,1.20968,0,0,0,0,0,0,0,0,0,0,0,0,2,0.855775,1.20968,0,1,1,0,0,0,0,0,1.1445,-0.5904,3.423,0,0,0,0,0,0,0,-0,0,1.54103,0,0,0,0,0,0,0,0,0,0,0,0,1.2732,1.19804,0.664214,0,0,0,0,0,0,0,0,0,0,0,0,0,0
17.8,-0.00723832,-0.00166632,1.06433e-05,-0.00760463,-0.00767835,-0.000762741,3.10957,1.96275,-2.35137,-0.010924,0.00493659,-0.000993532,-0.00220221,-0.000686391,0.00539289,3,2,3.92699,0,0,0,0,0,0,0,0.0213593,0.0215604,0.0134753,0.0136697,2,3,2,3.92699,0,0,0,0,0,0,0,0,0,0,1.5708,1.5708,0,1.5708,1.5708,0,-0.0075613,-0.00651606,-0.0330599,0,0,0,1.76148,1.21614,1.12084,0.00155047,0.00115226,-0.143398,-0.0010826,-0.0110433,-0.0810981,1.75578,1.20968,0,0,0,0,0,0,0,0,0,0,0,0,2,1.75578,1.20968,0,0.344544,0.487027,3.7308e-15,0,0,0,0,0,0,0,0,0,0,0,0,0.855775,1.20968,0,0,0,0,0,0,0,0,0,0,0,0,2,0.855775,1.20968,0,1,1,0,0,0,0,0,1.217,-0.5095,3.4722,0,0,0,0,0,0,0,-0,0,1.54103,0,0,0,0,0,0,0,0,0,0,0,0,1.2732,1.19804,0.664214,0,0,0,0,0,0,0,0,0,0,0,0,0,0
17.85,-0.00761891,-0.00164413,-0.0006708,-0.00760463,-0.00767835,-0.000762741,3.1085,1.96324,-2.3513,-0.0106838,0.00487191,0.000669968,-0.00267969,0.000162506,0.00833303,3,2,3.92699,0,0,0,0,0,0,0,0.0213593,0.0215604,0.0134753,0.0136697,2,3,2,3.92699,0,0,0,0,0,0,0,0,0,0,1.5708,1.5708,0,1.5708,1.5708,0,-0.0090408,-0.00757359,-0.0360964,0,0,0,1.76168,1.21629,1.10751,0.00196292,0.00144656,-0.133265,0.000632468,-0.00675532,-0.0457716,1.75578,1.20968,0,0,0,0,0,0,0,0,0,0,0,0,2,1.75578,1.20968,0,0.344544,0.487027,3.7308e-15,0,0,0,0,0,0,0,0,0,0,0,0,0.855775,1.20968,0,0,0,0,0,0,0,0,0,0,0,0,2,0.855775,1.20968,0,1,1,0,0,0,0,0,1.217,-0.5095,3.4722,0,0,0,0,0,0,0,-0,0,1.54009,0,0,0,0,0,0,0,0,0,0,0,0,1.2732,1.21491,0.676486,0,0,0,0,0,0,0,0,0,0,0,0,0,0
17.9,-0.00761891,-0.00164413,-0.0006708,-0.00760412,-0.00767886,-0.000762741,3.1085,1.96324,-2.3513,-0.0106838,0.00487191,0.000669968,-0.00267969,0.000162506,0.00833303,3,2,3.92699,0,0,0,0,0,0,0,0.0131047,0.0315268,0.00625897,0.0229213,2,3,2,3.92699,0,0,0,0,0,0,0,0,0,0,1.5708,1.5708,0,1.5708,1.5708,0,-0.0090408,-0.00757359,-0.0360964,0,0,0,1.76168,1.21629,1.10751,0.00196292,0.00144656,-0.133265,0.000632468,-0.00675532,-0.0457716,1.75578,1.20968,0,0,0,0,0,0,0,0,0,0,0,0,2,1.75578,1.20968,0,0.344544,0.487027,3.7308e-15,0,0,0,0,0,0,0,0,0,0,0,0,0.855775,1.20968,0,0,0,0,0,0,0,0,0,0,0,0,2,0.855775,1.20968,0,1,1,0,0,0,0,0,1.217,-0.5095,3.4722,0,0,0,0,0,0,0,-0,0,1.54009,0,0,0,0,0,0,0,0,0,0,0,0,1.2732,1.21491,0.676486,0,0,0,0,0,0,0,0,0,0,0,0,0,0
17.95,-0.00737646,-0.000771681,-0.00113062,-0.00760412,-0.00767886,-0.000762741,3.10744,1.96369,-2.35113,-0.0106288,0.00455903,0.0017661,-0.000742936,-0.00136249,0.0098224,3,2,3.92699,0,0,0,0,0,0,0,0.0131047,0.0315268,0.00625897,0.0229213,2,3,2,3.92699,0,0,0,0,0,0,0,0,0,0,1.5708,1.5708,0,1.5708,1.5708,0,-0.0090169,-0.00158854,-0.0320759,0,0,0,1.76187,1.21626,1.09348,0.00193296,-0.000312397,-0.140332,0.000379518,-0.0106044,-0.0417215,1.75578,1.20968,0,0,0,0,0,0,0,0,0,0,0,0,2,1.75578,1.20968,0,0.344544,0.487027,3.7308e-15,0,0,0,0,0,0,0,0,0,0,0,0,0.855775,1.20968,0,0,0,0,0,0,0,0,0,0,0,0,2,0.855775,1.20968,0,1,1,0,0,0,0,0,1.217,-0.5095,3.4722,0,0,0,0,0,0,0,-0,0,1.53923,0,0,0,0,0,0,0,0,0,0,0,0,1.2732,1.21491,0.676486,0,0,0,0,0,0,0,0,0,0,0,0,0,0
18,-0.00737646,-0.000771681,-0.00113062,0,-0,0,3.10744,1.96369,-2.35113,-0.0106288,0.00455903,0.0017661,-0.000742936,-0.00136249,0.0098224,3,2,3.92699,0,0,0,0,0,0,0.00228986,0.00691711,0.0327493,0.00568402,0.0293691,2,3,2,3.92699,0,0,0,0,0,0,0,0,0,0,1.5708,1.5708,0,1.5708,1.5708,0,-0.0090169,-0.00158854,-0.0320759,0,0,0,1.76187,1.21626,1.09348,0.00193296,-0.000312397,-0.140332,0.000379518,-0.0106044,-0.0417215,1.75578,1.20968,0,0,0,0,0,0,0,0,0,0,0,0,2,1.75578,1.20968,0,0.344544,0.487027,3.7308e-15,0,0,0,0,0,0,0,0,0,0,0,0,0.855775,1.20968,0,0,0,0,0,0,0,0,0,0,0,0,2,0.855775,1.20968,0,1,1,0,0,0,0,0,1.1355,-0.5826,3.3657,0,0,0,0,0,0,0,-0,0,1.53923,0,0,0,0,0,0,0,0,0,0,0,0,1.2732,1.21491,0.676486,0,0,0,0,0,0,0,0,0,0,0,0,0,0
18.05,-0.00612833,-0.00104571,-0.000404048,0,-0,0,3.10635,1.96415,-2.35113,-0.010869,0.00458556,-2.14719e-05,-0.00112444,-0.000926908,-0.00104511,3,2,3.92699,0,0,0,0,0,0,0.00228986,0.00691711,0.0327493,0.00568402,0.0293691,2,3,2,3.92699,0,0,0,0,0,0,0,0,0,0,1.5708,1.5708,0,1.5708,1.5708,0,-0.00835844,-0.000806901,-0.0286968,0,0,0,1.76204,1.2162,1.07891,0.00171867,-0.000536244,-0.145718,-0.000665984,-0.00778273,-0.0457693,1.75578,1.20968,0,0,0,0,0,0,0,0,0,0,0,0,2,1.75578,1.20968,0,0.344544,0.487027,3.7308e-15,0,0,0,0,0,0,0,0,0,0,0,0,0.855775,1.20968,0,0,0,0,0,0,0,0,0,0,0,0,2,0.855775,1.20968,0,1,1,0,0,0,0,0,1.1355,-0.5826,3.3657,0,0,0,0,0,0,0,-0,0,1.53838,0,0,0,0,0,0,0,0,0,0,0,0,1.2732,1.21491,0.676486,0,0,0,0,0,0,0,0,0,0,0,0,0,0
18.1,-0.00612833,-0.00104571,-0.000404048,0,-0,0,3.10635,1.96415,-2.35113,-0.010869,0.00458556,-2.14719e-05,-0.00112444,-0.000926908,-0.00104511,3,2,3.92699,0,0,0,0,0,0,0,0.0116345,0.022918,0.00691297,0.0178175,2,3,2,3.92699,0,0,0,0,0,0,0,0,0,0,1.5708,1.5708,0,1.5708,1.5708,0,-0.00835844,-0.000806901,-0.0286968,0,0,0,1.76204,1.2162,1.07891,0.00171867,-0.000536244,-0.145718,-0.000665984,-0.00778273,-0.0457693,1.75578,1.20968,0,0,0,0,0,0,0,0,0,0,0,0,2,1.75578,1.20968,0,0.344544,0.487027,3.7308e-15,0,0,0,0,0,0,0,0,0,0,0,0,0.855775,1.20968,0,0,0,0,0,0,0,0,0,0,0,0,2,0.855775,1.20968,0,1,1,0,0,0,0,0,1.1355,-0.5826,3.3657,0,0,0,0,0,0,0,-0,0,1.53838,0,0,0,0,0,0,0,0,0,0,0,0,1.2732,1.23332,0.668816,0,0,0,0,0,0,0,0,0,0,0,0,0,0
18.15,-0.00523231,-0.00172834,-0.00119548,0,-0,0,3.10525,1.96462,-2.35094,-0.0110033,0.00473138,0.00188825,-0.0012878,9.5395e-05,0.00553287,3,2,3.92699,0,0,0,0,0,0,0,0.0116345,0.022918,0.00691297,0.0178175,2,3,2,3.92699,0,0,0,0,0,0,0,0,0,0,1.5708,1.5708,0,1.5708,1.5708,0,-0.00638119,-0.00542506,-0.0281974,0,0,0,1.76215,1.21628,1.06451,0.00112303,0.000814198,-0.144058,-0.0029175,0.00110334,-0.0217263,1.75578,1.20968,0,0,0,0,0,0,0,0,0,0,0,0,2,1.75578,1.20968,0,0.344544,0.487027,3.7308e-15,0,0,0,0,0,0,0,0,0,0,0,0,0.855775,1.20968,0,0,0,0,0,0,0,0,0,0,0,0,2,0.855775,1.20968,0,1,1,0,0,0,0,0,1.1355,-0.5826,3.3657,0,0,0,0,0,0,0,-0,0,1.53751,0,0,0,0,0,0,0,0,0,0,0,0,1.2732,1.23332,0.668816,0,0,0,0,0,0,0,0,0,0,0,0,0,0
18.2,-0.00523231,-0.00172834,-0.00119548,0,-0,0,3.10525,1.96462,-2.35094,-0.0110033,0.00473138,0.00188825,-0.0012878,9.5395e-05,0.00553287,3,2,3.92699,0,0,0,0,0.00126225,0,0.00933162,0.00518858,0.029889,0.00311565,0.0232464,2,3,2,3.92699,0,0,0,0,0,0,0,0,0,0,1.5708,1.5708,0,1.5708,1.5708,0,-0.00638119,-0.00542506,-0.0281974,0,0,0,1.76215,1.21628,1.06451,0.00112303,0.000814198,-0.144058,-0.0029175,0.00110334,-0.0217263,1.75578,1.20968,0,0,0,0,0,0,0,0,0,0,0,0,2,1.75578,1.20968,0,0.344544,0.487027,3.7308e-15,0,0,0,0,0,0,0,0,0,0,0,0,0.855775,1.20968,0,0,0,0,0,0,0,0,0,0,0,0,2,0.855775,1.20968,0,1,1,0,0,0,0,0,1.2983,-0.4113,3.5017,0,0,0,0,0,0,0,-0,0,1.53751,0,0,0,0,0,0,0,0,0,0,0,0,1.2732,1.23332,0.668816,0,0,0,0,0,0,0,0,0,0,0,0,0,0
18.25,-0.0051421,-0.00114645,-0.00130469,0,-0,0,3.10416,1.96507,-2.35073,-0.0109,0.00450524,0.0021146,-0.000373649,-0.000711733,0.00511646,3,2,3.92699,0,0,0,0,0.00126225,0,0.00933162,0.00518858,0.029889,0.00311565,0.0232464,2,3,2,3.92699,0,0,0,0,0,0,0,0,0,0,1.5708,1.5708,0,1.5708,1.5708,0,-0.00333542,-0.00728189,-0.0260273,0,0,0,1.76218,1.21642,1.04986,0.00022337,0.0013451,-0.146456,-0.00565276,0.00398706,-0.0192522,1.75578,1.20968,0,0,0,0,0,0,0,0,0,0,0,0,2,1.75578,1.20968,0,0.344544,0.487027,3.7308e-15,0,0,0,0,0,0,0,0,0,0,0,0,0.855775,1.20968,0,0,0,0,0,0,0,0,0,0,0,0,2,0.855775,1.20968,0,1,1,0,0,0,0,0,1.2983,-0.4113,3.5017,0,0,0,0,0,0,0,-0,0,1.53669,0,0,0,0,0,0,0,0,0,0,0,0,1.2732,1.23332,0.668816,0,0,0,0,0,0,0,0,0,0,0,0,0,0
18.3,-0.0051421,-0.00114645,-0.00130469,0,-0,0,3.10416,1.96507,-2.35073,-0.0109,0.00450524,0.0021146,-0.000373649,-0.000711733,0.00511646,3,2,3.92699,0,0,0,0,0.00412484,0,0.00991934,0.00462544,0.0300118,0.00353588,0.0257808,2,3,2,3.92699,0,0,0,0,0,0,0,0,0,0,1.5708,1.5708,0,1.5708,1.5708,0,-0.00333542,-0.00728189,-0.0260273,0,0,0,1.76218,1.21642,1.04986,0.00022337,0.0013451,-0.146456,-0.00565276,0.00398706,-0.0192522,1.75578,1.20968,0,0,0,0,0,0,0,0,0,0,0,0,2,1.75578,1.20968,0,0.344544,0.487027,3.7308e-15,0,0,0,0,0,0,0,0,0,0,0,0,0.855775,1.20968,0,0,0,0,0,0,0,0,0,0,0,0,2,0.855775,1.20968,0,1,1,0,0,0,0,0,1.2983,-0.4113,3.5017,0,0,0,0,0,0,0,-0,0,1.53669,0,0,0,0,0,0,0,0,0,0,0,0,1.2732,1.23332,0.668816,0,0,0,0,0,0,0,0,0,0,0,0,0,0
18.35,-0.00558302,-0.00127418,-0.000764807,0,-0,0,3.1031,1.96552,-2.35065,-0.0106421,0.00448941,0.000770532,0.000895479,-0.000585054,-0.00235287,3,2,3.92699,0,0,0,0,0.00412484,0,0.00991934,0.00462544,0.0300118,0.00353588,0.0257808,2,3,2,3.92699,0,0,0,0,0,0,0,0,0,0,1.5708,1.5708,0,1.5708,1.5708,0,-0.002213,0.000213859,-0.0254255,0,0,0,1.76217,1.21633,1.03532,-0.000105934,-0.000852342,-0.145021,-0.00507685,-0.00599778,-0.00594748,1.75578,1.20968,0,0,0,0,0,0,0,0,0,0,0,0,2,1.75578,1.20968,0,0.344544,0.487027,3.7308e-15,0,0,0,0,0,0,0,0,0,0,0,0,0.855775,1.20968,0,0,0,0,0,0,0,0,0,0,0,0,2,0.855775,1.20968,0,1,1,0,0,0,0,0,1.2983,-0.4113,3.5017,0,0,0,0,0,0,0,-0,0,1.53603,0,0,0,0,0,0,0,0,0,0,0,0,1.2732,1.24866,0.651942,0,0,0,0,0,0,0,0,0,0,0,0,0,0
18.4,-0.00558302,-0.00127418,-0.000764807,0,-0,0,3.1031,1.96552,-2.35065,-0.0106421,0.00448941,0.000770532,0.000895479,-0.000585054,-0.00235287,3,2,3.92699,0,0,0,0,0,0,0.00177295,0.0070305,0.0260957,0.00372784,0.0194741,2,3,2,3.92699,0,0,0,0,0,0,0,0,0,0,1.5708,1.5708,0,1.5708,1.5708,0,-0.002213,0.000213859,-0.0254255,0,0,0,1.76217,1.21633,1.03532,-0.000105934,-0.000852342,-0.145021,-0.00507685,-0.00599778,-0.00594748,1.75578,1.20968,0,0,0,0,0,0,0,0,0,0,0,0,2,1.75578,1.20968,0,0.344544,0.487027,3.7308e-15,0,0,0,0,0,0,0,0,0,0,0,0,0.855775,1.20968,0,0,0,0,0,0,0,0,0,0,0,0,2,0.855775,1.20968,0,1,1,0,0,0,0,0,1.2099,-0.4917,3.386,0,0,0,0,0,0,0,-0,0,1.53603,0,0,0,0,0,0,0,0,0,0,0,0,1.2732,1.24866,0.651942,0,0,0,0,0,0,0,0,0,0,0,0,0,0
18.45,-0.00566379,-0.00267782,-0.000518089,0,-0,0,3.10205,1.96601,-2.35064,-0.0104934,0.00484761,0.000160191,0.00141566,0.00104909,-0.00486935,3,2,3.92699,0,0,0,0,0,0,0.00177295,0.0070305,0.0260957,0.00372784,0.0194741,2,3,2,3.92699,0,0,0,0,0,0,0,0,0,0,1.5708,1.5708,0,1.5708,1.5708,0,-0.000717987,-0.00993505,-0.0220853,0,0,0,1.76211,1.21654,1.02034,-0.000539848,0.00211165,-0.150227,-0.00470324,0.00689382,-0.0210371,1.75578,1.20968,0,0,0,0,0,0,0,0,0,0,0,0,2,1.75578,1.20968,0,0.344544,0.487027,3.7308e-15,0,0,0,0,0,0,0,0,0,0,0,0,0.855775,1.20968,0,0,0,0,0,0,0,0,0,0,0,0,2,0.855775,1.20968,0,1,1,0,0,0,0,0,1.2099,-0.4917,3.386,0,0,0,0,0,0,0,-0,0,1.5353,0,0,0,0,0,0,0,0,0,0,0,0,1.2732,1.24866,0.651942,0,0,0,0,0,0,0,0,0,0,0,0,0,0
18.5,-0.00566379,-0.00267782,-0.000518089,0,-0,0,3.10205,1.96601,-2.35064,-0.0104934,0.00484761,0.000160191,0.00141566,0.00104909,-0.00486935,3,2,3.92699,0,0,0,0,0,0,0.000860695,0.0132327,0.0270077,0.00259781,0.0132227,2,3,2,3.92699,0,0,0,0,0,0,0,0,0,0,1.5708,1.5708,0,1.5708,1.5708,0,-0.000717987,-0.00993505,-0.0220853,0,0,0,1.76211,1.21654,1.02034,-0.000539848,0.00211165,-0.150227,-0.00470324,0.00689382,-0.0210371,1.75578,1.20968,0,0,0,0,0,0,0,0,0,0,0,0,2,1.75578,1.20968,0,0.344544,0.487027,3.7308e-15,0,0,0,0,0,0,0,0,0,0,0,0,0.855775,1.20968,0,0,0,0,0,0,0,0,0,0,0,0,2,0.855775,1.20968,0,1,1,0,0,0,0,0,1.2099,-0.4917,3.386,0,0,0,0,0,0,0,-0,0,1.5353,0,0,0,0,0,0,0,0,0,0,0,0,1.2732,1.24866,0.651942,0,0,0,0,0,0,0,0,0,0,0,0,0,0
18.55,-0.00584616,-0.00314152,-0.000593314,0,-0,0,3.10102,1.9665,-2.3506,-0.0103163,0.00492623,0.000338518,0.00151066,0.00121871,-0.00254899,3,2,3.92699,0,0,0,0,0,0,0.000860695,0.0132327,0.0270077,0.00259781,0.0132227,2,3,2,3.92699,0,0,0,0,0,0,0,0,0,0,1.5708,1.5708,0,1.5708,1.5708,0,-0.00440038,-0.00945373,-0.0196786,0,0,0,1.76217,1.21674,1.00503,0.000538271,0.00194681,-0.153073,0.00152835,0.00524389,-0.0277202,1.75578,1.20968,0,0,0,0,0,0,0,0,0,0,0,0,2,1.75578,1.20968,0,0.344544,0.487027,3.7308e-15,0,0,0,0,0,0,0,0,0,0,0,0,0.855775,1.20968,0,0,0,0,0,0,0,0,0,0,0,0,2,0.855775,1.20968,0,1,1,0,0,0,0,0,1.2099,-0.4917,3.386,0,0,0,0,0,0,0,-0,0,1.53449,0,0,0,0,0,0,0,0,0,0,0,0,1.2732,1.24866,0.651942,0,0,0,0,0,0,0,0,0,0,0,0,0,0
18.6,-0.00584616,-0.00314152,-0.000593314,0,-0,0,3.10102,1.9665,-2.3506,-0.0103163,0.00492623,0.000338518,0.00151066,0.00121871,-0.00254899,3,2,3.92699,0,0,0,0,0,0,0.00241148,0.0138562,0.0295135,0.00238847,0.0135963,2,3,2,3.92699,0,0,0,0,0,0,0,0,0,0,1.5708,1.5708,0,1.5708,1.5708,0,-0.00440038,-0.00945373,-0.0196786,0,0,0,1.76217,1.21674,1.00503,0.000538271,0.00194681,-0.153073,0.00152835,0.00524389,-0.0277202,1.75578,1.20968,0,0,0,0,0,0,0,0,0,0,0,0,2,1.75578,1.20968,0,0.344544,0.487027,3.7308e-15,0,0,0,0,0,0,0,0,0,0,0,0,0.855775,1.20968,0,0,0,0,0,0,0,0,0,0,0,0,2,0.855775,1.20968,0,1,1,0,0,0,0,0,1.2078,-0.4856,3.3556,0,0,0,0,0,0,0,-0,0,1.53449,0,0,0,0,0,0,0,0,0,0,0,0,1.2732,1.26553,0.633534,0,0,0,0,0,0,0,0,0,0,0,0,0,0
18.65,-0.00546914,-0.00250381,-0.000674108,0,-0,0,3.09999,1.96697,-2.35055,-0.010305,0.00468145,0.000526773,0.00100408,-0.000241466,-0.00046497,3,2,3.92699,0,0,0,0,0,0,0.00241148,0.0138562,0.0295135,0.00238847,0.0135963,2,3,2,3.92699,0,0,0,0,0,0,0,0,0,0,1.5708,1.5708,0,1.5708,1.5708,0,-0.00431697,-0.00782046,-0.0181412,0,0,0,1.76222,1.21688,0.989653,0.000507686,0.00144861,-0.153769,0.00164075,0.00092791,-0.019763,1.75578,1.20968,0,0,0,0,0,0,0,0,0,0,0,0,2,1.75578,1.20968,0,0.344544,0.487027,3.7308e-15,0,0,0,0,0,0,0,0,0,0,0,0,0.855775,1.20968,0,0,0,0,0,0,0,0,0,0,0,0,2,0.855775,1.20968,0,1,1,0,0,0,0,0,1.2078,-0.4856,3.3556,0,0,0,0,0,0,0,-0,0,1.53371,0,0,0,0,0,0,0,0,0,0,0,0,1.2732,1.26553,0.633534,0,0,0,0,0,0,0,0,0,0,0,0,0,0
18.7,-0.00546914,-0.00250381,-0.000674108,0,-0,0,3.09999,1.96697,-2.35055,-0.010305,0.00468145,0.000526773,0.00100408,-0.000241466,-0.00046497,3,2,3.92699,0,0,0,0,0,0,0.00307223,0.0102518,0.0282032,0.00261868,0.0152811,2,3,2,3.92699,0,0,0,0,0,0,0,0,0,0,1.5708,1.5708,0,1.5708,1.5708,0,-0.00431697,-0.00782046,-0.0181412,0,0,0,1.76222,1.21688,0.989653,0.000507686,0.00144861,-0.153769,0.00164075,0.00092791,-0.019763,1.75578,1.20968,0,0,0,0,0,0,0,0,0,0,0,0,2,1.75578,1.20968,0,0.344544,0.487027,3.7308e-15,0,0,0,0,0,0,0,0,0,0,0,0,0.855775,1.20968,0,0,0,0,0,0,0,0,0,0,0,0,2,0.855775,1.20968,0,1,1,0,0,0,0,0,1.2078,-0.4856,3.3556,0,0,0,0,0,0,0,-0,0,1.53371,0,0,0,0,0,0,0,0,0,0,0,0,1.2732,1.26553,0.633534,0,0,0,0,0,0,0,0,0,0,0,0,0,0
18.75,-0.00542624,-0.00279232,-0.0015191,0,-0,0,3.09896,1.96745,-2.35029,-0.0101947,0.00471008,0.00255434,0.000816763,-0.000155615,0.00812819,3,2,3.92699,0,0,0,0,0,0,0.00307223,0.0102518,0.0282032,0.00261868,0.0152811,2,3,2,3.92699,0,0,0,0,0,0,0,0,0,0,1.5708,1.5708,0,1.5708,1.5708,0,-0.00685077,-0.0070806,-0.0168868,0,0,0,1.76234,1.21701,0.974098,0.00123905,0.00121613,-0.153734,0.00393208,-0.00093641,-0.0129499,1.75578,1.20968,0,0,0,0,0,0,0,0,0,0,0,0,2,1.75578,1.20968,0,0.344544,0.487027,3.7308e-15,0,0,0,0,0,0,0,0,0,0,0,0,0.855775,1.20968,0,0,0,0,0,0,0,0,0,0,0,0,2,0.855775,1.20968,0,1,1,0,0,0,0,0,1.2078,-0.4856,3.3556,0,0,0,0,0,0,0,-0,0,1.53287,0,0,0,0,0,0,0,0,0,0,0,0,1.2732,1.26553,0.633534,0,0,0,0,0,0,0,0,0,0,0,0,0,0
18.8,-0.00542624,-0.00279232,-0.0015191,0,-0,0,3.09896,1.96745,-2.35029,-0.0101947,0.00471008,0.00255434,0.000816763,-0.000155615,0.00812819,3,2,3.92699,0,0,0,0,0.00268575,0,0.0153822,0.00611995,0.0365547,0.00252326,0.0256556,2,3,2,3.92699,0,0,0,0,0,0,0,0,0,0,1.5708,1.5708,0,1.5708,1.5708,0,-0.00685077,-0.0070806,-0.0168868,0,0,0,1.76234,1.21701,0.974098,0.00123905,0.00121613,-0.153734,0.00393208,-0.00093641,-0.0129499,1.75578,1.20968,0,0,0,0,0,0,0,0,0,0,0,0,2,1.75578,1.20968,0,0.344544,0.487027,3.7308e-15,0,0,0,0,0,0,0,0,0,0,0,0,0.855775,1.20968,0,0,0,0,0,0,0,0,0,0,0,0,2,0.855775,1.20968,0,1,1,0,0,0,0,0,1.1648,-0.5205,3.2835,0,0,0,0,0,0,0,-0,0,1.53287,0,0,0,0,0,0,0,0,0,0,0,0,1.2732,1.26553,0.633534,0,0,0,0,0,0,0,0,0,0,0,0,0,0
18.85,-0.00477979,-0.0030679,-0.00116133,0,-0,0,3.09794,1.96791,-2.35013,-0.0102653,0.00473594,0.00164142,0.000678553,-0.000207243,0.00228313,3,2,3.92699,0,0,0,0,0.00268575,0,0.0153822,0.00611995,0.0365547,0.00252326,0.0256556,2,3,2,3.92699,0,0,0,0,0,0,0,0,0,0,1.5708,1.5708,0,1.5708,1.5708,0,-0.00619291,-0.00714166,-0.0119958,0,0,0,1.76244,1.21713,0.958044,0.0010332,0.00121982,-0.162536,0.00179252,-0.000858986,-0.0345097,1.75578,1.20968,0,0,0,0,0,0,0,0,0,0,0,0,2,1.75578,1.20968,0,0.344544,0.487027,3.7308e-15,0,0,0,0,0,0,0,0,0,0,0,0,0.855775,1.20968,0,0,0,0,0,0,0,0,0,0,0,0,2,0.855775,1.20968,0,1,1,0,0,0,0,0,1.1648,-0.5205,3.2835,0,0,0,0,0,0,0,-0,0,1.53207,0,0,0,0,0,0,0,0,0,0,0,0,1.2732,1.28548,0.61666,0,0,0,0,0,0,0,0,0,0,0,0,0,0
18.9,-0.00477979,-0.0030679,-0.00116133,0,-0,0,3.09794,1.96791,-2.35013,-0.0102653,0.00473594,0.00164142,0.000678553,-0.000207243,0.00228313,3,2,3.92699,0,0,0,0,0,0,0.0122532,0.00622755,0.0313583,0.00169462,0.0189201,2,3,2,3.92699,0,0,0,0,0,0,0,0,0,0,1.5708,1.5708,0,1.5708,1.5708,0,-0.00619291,-0.00714166,-0.0119958,0,0,0,1.76244,1.21713,0.958044,0.0010332,0.00121982,-0.162536,0.00179252,-0.000858986,-0.0345097,1.75578,1.20968,0,0,0,0,0,0,0,0,0,0,0,0,2,1.75578,1.20968,0,0.344544,0.487027,3.7308e-15,0,0,0,0,0,0,0,0,0,0,0,0,0.855775,1.20968,0,0,0,0,0,0,0,0,0,0,0,0,2,0.855775,1.20968,0,1,1,0,0,0,0,0,1.1648,-0.5205,3.2835,0,0,0,0,0,0,0,-0,0,1.53207,0,0,0,0,0,0,0,0,0,0,0,0,1.2732,1.28548,0.61666,0,0,0,0,0,0,0,0,0,0,0,0,0,0
18.95,-0.00548037,-0.00348141,-0.0010012,0,-0,0,3.09695,1.96839,-2.35001,-0.00993919,0.00480118,0.00122281,0.00118328,0.000364135,-0.00100059,3,2,3.92699,0,0,0,0,0,0,0.0122532,0.00622755,0.0313583,0.00169462,0.0189201,2,3,2,3.92699,0,0,0,0,0,0,0,0,0,0,1.5708,1.5708,0,1.5708,1.5708,0,-0.00463029,-0.0112602,-0.00990354,0,0,0,1.7625,1.21737,0.941602,0.000566281,0.00240425,-0.164382,-0.00102382,0.00428788,-0.0390341,1.75578,1.20968,0,0,0,0,0,0,0,0,0,0,0,0,2,1.75578,1.20968,0,0.344544,0.487027,3.7308e-15,0,0,0,0,0,0,0,0,0,0,0,0,0.855775,1.20968,0,0,0,0,0,0,0,0,0,0,0,0,2,0.855775,1.20968,0,1,1,0,0,0,0,0,1.1648,-0.5205,3.2835,0,0,0,0,0,0,0,-0,0,1.53127,0,0,0,0,0,0,0,0,0,0,0,0,1.2732,1.28548,0.61666,0,0,0,0,0,0,0,0,0,0,0,0,0,0
19,-0.00548037,-0.00348141,-0.0010012,0,-0,0,3.09695,1.96839,-2.35001,-0.00993919,0.00480118,0.00122281,0.00118328,0.000364135,-0.00100059,3,2,3.92699,0,0,0,0,0,0,0.00941576,0.00942855,0.0339554,0.00190789,0.0175435,2,3,2,3.92699,0,0,0,0,0,0,0,0,0,0,1.5708,1.5708,0,1.5708,1.5708,0,-0.00463029,-0.0112602,-0.00990354,0,0,0,1.7625,1.21737,0.941602,0.000566281,0.00240425,-0.164382,-0.00102382,0.00428788,-0.0390341,1.75578,1.20968,0,0,0,0,0,0,0,0,0,0,0,0,2,1.75578,1.20968,0,0.344544,0.487027,3.7308e-15,0,0,0,0,0,0,0,0,0,0,0,0,0.855775,1.20968,0,0,0,0,0,0,0,0,0,0,0,0,2,0.855775,1.20968,0,1,1,0,0,0,0,0,1.2037,-0.4734,3.2916,0,0,0,0,0,0,1.65753,-0.70988,3.43175,1.53127,0,0,0,0,1,0,0,0,0,0,0,0,1.2732,1.28548,0.61666,0,0,0,0,0,0,0,0,0,0,0,0,0,0
19.05,-0.00525232,-0.00349239,-0.00130508,0,-0,0,3.09596,1.96887,-2.34981,-0.00988885,0.00474782,0.00193189,0.0011606,-8.48313e-07,0.00175614,3,2,3.92699,0,0,0,0,0,0,0.00941576,0.00942855,0.0339554,0.00190789,0.0175435,2,3,2,3.92699,0,0,0,0,0,0,0,0,0,0,1.5708,1.5708,0,1.5708,1.5708,0,-0.00376058,-0.00659147,-0.0111323,0,0,0,1.76253,1.21747,0.925789,0.000306508,0.00101721,-0.158193,-0.00205276,-0.00229343,0.00353381,1.75578,1.20968,0,0,0,0,0,0,0,0,0,0,0,0,2,1.75578,1.20968,0,0.344544,0.487027,3.7308e-15,0,0,0,0,0,0,0,0,0,0,0,0,0.855775,1.20968,0,0,0,0,0,0,0,0,0,0,0,0,2,0.855775,1.20968,0,1,1,0,0,0,0,0,1.2037,-0.4734,3.2916,0,0,0,0,0,0,1.65753,-0.70988,3.43175,1.53057,0,0,0,0,1,0,0,0,0,0,0,0,1.2732,1.30235,0.599786,0,0,0,0,0,0,0,0,0,0,0,0,0,0
19.1,-0.00525232,-0.00349239,-0.00130508,0,-0,0,3.09596,1.96887,-2.34981,-0.00988885,0.00474782,0.00193189,0.0011606,-8.48313e-07,0.00175614,3,2,3.92699,0,0,0,0,0,0,0.0140848,0.006896,0.0350294,0.00177606,0.0209163,2,3,2,3.92699,0,0,0,0,0,0,0,0,0,0,1.5708,1.5708,0,1.5708,1.5708,0,-0.00376058,-0.00659147,-0.0111323,0,0,0,1.76253,1.21747,0.925789,0.000306508,0.00101721,-0.158193,-0.00205276,-0.00229343,0.00353381,1.75578,1.20968,0,0,0,0,0,0,0,0,0,0,0,0,2,1.75578,1.20968,0,0.344544,0.487027,3.7308e-15,0,0,0,0,0,0,0,0,0,0,0,0,0.855775,1.20968,0,0,0,0,0,0,0,0,0,0,0,0,2,0.855775,1.20968,0,1,1,0,0,0,0,0,1.2037,-0.4734,3.2916,0,0,0,0,0,0,1.65753,-0.70988,3.43175,1.53057,0,0,0,0,1,0,0,0,0,0,0,0,1.2732,1.30235,0.599786,0,0,0,0,0,0,0,0,0,0,0,0,0,0
19.15,-0.00505163,-0.00392697,-0.00152308,0,-0,0,3.09498,1.96935,-2.34957,-0.00983105,0.00481909,0.00241983,0.000911377,0.000241325,0.00337975,3,2,3.92699,0,0,0,0,0,0,0.0140848,0.006896,0.0350294,0.00177606,0.0209163,2,3,2,3.92699,0,0,0,0,0,0,0,0,0,0,1.5708,1.5708,0,1.5708,1.5708,0,-0.00769787,-0.00926888,-0.00607702,0,0,0,1.76268,1.21765,0.909061,0.0014489,0.00178458,-0.167264,0.00319342,0.000800064,-0.0285779,1.75578,1.20968,0,0,0,0,0,0,0,0,0,0,0,0,2,1.75578,1.20968,0,0.344544,0.487027,3.7308e-15,0,0,0,0,0,0,0,0,0,0,0,0,0.855775,1.20968,0,0,0,0,0,0,0,0,0,0,0,0,2,0.855775,1.20968,0,1,1,0,0,0,0,0,1.2037,-0.4734,3.2916,0,0,0,0,0,0,1.65753,-0.70988,3.43175,1.52973,0,0,0,0,1,0,0,0,0,0,0,0,1.2732,1.30235,0.599786,0,0,0,0,0,0,0,0,0,0,0,0,0,0
19.2,-0.00505163,-0.00392697,-0.00152308,0,-0,0,3.09498,1.96935,-2.34957,-0.00983105,0.00481909,0.00241983,0.000911377,0.000241325,0.00337975,3,2,3.92699,0,0,0,0,0.000971672,0,0.0182937,0.00673428,0.0379801,0.00133216,0.0224421,2,3,2,3.92699,0,0,0,0,0,0,0,0,0,0,1.5708,1.5708,0,1.5708,1.5708,0,-0.00769787,-0.00926888,-0.00607702,0,0,0,1.76268,1.21765,0.909061,0.0014489,0.00178458,-0.167264,0.00319342,0.000800064,-0.0285779,1.75578,1.20968,0,0,0,0,0,0,0,0,0,0,0,0,2,1.75578,1.20968,0,0.344544,0.487027,3.7308e-15,0,0,0,0,0,0,0,0,0,0,0,0,0.855775,1.20968,0,0,0,0,0,0,0,0,0,0,0,0,2,0.855775,1.20968,0,1,1,0,0,0,0,0,1.2019,-0.4672,3.2587,0,0,0,0,0,0,1.55946,-0.66085,3.47048,1.52973,0,0,0,0,1,0,0,0,0,0,0,0,1.2732,1.30235,0.599786,0,0,0,0,0,0,0,0,0,0,0,0,0,0
19.25,-0.00447201,-0.00344186,-0.00164532,-0.00753641,-0.0076369,-0.000757275,3.09399,1.96981,-2.3493,-0.00988485,0.00462025,0.00266714,0.000300866,-0.000618052,0.00323671,3,2,3.92699,0,0,0,0,0.000971672,0,0.0182937,0.00673428,0.0379801,0.00133216,0.0224421,2,3,2,3.92699,0,0,0,0,0,0,0,0,0,0,1.5708,1.5708,0,1.5708,1.5708,0,-0.0016587,-0.00535192,-0.00850066,0,0,0,1.76264,1.21771,0.893243,-0.000325833,0.000623598,-0.158138,-0.0044644,-0.00374042,0.0150023,1.75578,1.20968,0,0,0,0,0,0,0,0,0,0,0,0,2,1.75578,1.20968,0,0.344544,0.487027,3.7308e-15,0,0,0,0,0,0,0,0,0,0,0,0,0.855775,1.20968,0,0,0,0,0,0,0,0,0,0,0,0,2,0.855775,1.20968,0,1,1,0,0,0,0,0,1.2019,-0.4672,3.2587,0,0,0,0,0,0,1.55946,-0.66085,3.47048,1.5291,0,0,0,0,1,0,0,0,0,0,0,0,1.2732,1.30235,0.599786,0,0,0,0,0,0,0,0,0,0,0,0,0,0
19.3,-0.00447201,-0.00344186,-0.00164532,-0.00753437,-0.00763891,-0.000757275,3.09399,1.96981,-2.3493,-0.00988485,0.00462025,0.00266714,0.000300866,-0.000618052,0.00323671,3,2,3.92699,0,0,0,0,0.00474922,0,0.020212,0.0058609,0.0374257,0.0012901,0.0238946,2,3,2,3.92699,0,0,0,0,0,0,0,0,0,0,1.5708,1.5708,0,1.5708,1.5708,0,-0.0016587,-0.00535192,-0.00850066,0,0,0,1.76264,1.21771,0.893243,-0.000325833,0.000623598,-0.158138,-0.0044644,-0.00374042,0.0150023,1.75578,1.20968,0,0,0,0,0,0,0,0,0,0,0,0,2,1.75578,1.20968,0,0.344544,0.487027,3.7308e-15,0,0,0,0,0,0,0,0,0,0,0,0,0.855775,1.20968,0,0,0,0,0,0,0,0,0,0,0,0,2,0.855775,1.20968,0,1,1,0,0,0,0,0,1.2019,-0.4672,3.2587,0,0,0,0,0,0,1.55946,-0.66085,3.47048,1.5291,0,0,0,0,1,0,0,0,0,0,0,0,1.2732,1.31922,0.582913,0,0,0,0,0,0,0,0,0,0,0,0,0,0
19.35,-0.0037097,-0.00240728,-0.0012814,-0.00753437,-0.00763891,-0.000757275,3.09299,1.97024,-2.34913,-0.00999161,0.00426292,0.00173677,-0.000313171,-0.00192225,-0.00179698,3,2,3.92699,0,0,0,0,0.00474922,0,0.020212,0.0058609,0.0374257,0.0012901,0.0238946,2,3,2,3.92699,0,0,0,0,0,0,0,0,0,0,1.5708,1.5708,0,1.5708,1.5708,0,-0.0115695,-0.00925665,-0.00205534,0,0,0,1.7629,1.21788,0.876198,0.00256265,0.00175281,-0.170561,0.00782382,0.00165005,-0.034481,1.75578,1.20968,0,0,0,0,0,0,0,0,0,0,0,0,2,1.75578,1.20968,0,0.344544,0.487027,3.7308e-15,0,0,0,0,0,0,0,0,0,0,0,0,0.855775,1.20968,0,0,0,0,0,0,0,0,0,0,0,0,2,0.855775,1.20968,0,1,1,0,0,0,0,0,1.2019,-0.4672,3.2587,0,0,0,0,0,0,1.55946,-0.66085,3.47048,1.52813,0,0,0,0,1,0,0,0,0,0,0,0,1.2732,1.31922,0.582913,0,0,0,0,0,0,0,0,0,0,0,0,0,0
19.4,-0.0037097,-0.00240728,-0.0012814,-0.00753304,-0.00764022,-0.000757275,3.09299,1.97024,-2.34913,-0.00999161,0.00426292,0.00173677,-0.000313171,-0.00192225,-0.00179698,3,2,3.92699,0,0,0,0,0.00386436,0,0.0147779,0.00451649,0.0290891,0.00140206,0.0196848,2,3,2,3.92699,0,0,0,0,0,0,0,0,0,0,1.5708,1.5708,0,1.5708,1.5708,0,-0.0115695,-0.00925665,-0.00205534,0,0,0,1.7629,1.21788,0.876198,0.00256265,0.00175281,-0.170561,0.00782382,0.00165005,-0.034481,1.75578,1.20968,0,0,0,0,0,0,0,0,0,0,0,0,2,1.75578,1.20968,0,0.344544,0.487027,3.7308e-15,0,0,0,0,0,0,0,0,0,0,0,0,0.855775,1.20968,0,0,0,0,0,0,0,0,0,0,0,0,2,0.855775,1.20968,0,1,1,0,0,0,0,0,1.2001,-0.4611,3.2253,0,0,0,0,0,0,1.98198,-0.85111,3.41283,1.52813,0,0,0,0,1,0,0,0,0,0,0,0,1.2732,1.31922,0.582913,0,0,0,0,0,0,0,0,0,0,0,0,0,0
19.45,-0.00310372,-0.00216951,-0.000526223,-0.00753304,-0.00764022,-0.000757275,3.09198,1.97065,-2.34914,-0.0100513,0.00414306,-0.000119209,-0.00053032,-0.00180076,-0.00917256,3,2,3.92699,0,0,0,0,0.00386436,0,0.0147779,0.00451649,0.0290891,0.00140206,0.0196848,2,3,2,3.92699,0,0,0,0,0,0,0,0,0,0,1.5708,1.5708,0,1.5708,1.5708,0,-0.00863072,-0.00376219,-0.00346148,0,0,0,1.76307,1.2179,0.859815,0.00167724,0.000133057,-0.163822,0.00282812,-0.00474833,-0.000829992,1.75578,1.20968,0,0,0,0,0,0,0,0,0,0,0,0,2,1.75578,1.20968,0,0.344544,0.487027,3.7308e-15,0,0,0,0,0,0,0,0,0,0,0,0,0.855775,1.20968,0,0,0,0,0,0,0,0,0,0,0,0,2,0.855775,1.20968,0,1,1,0,0,0,0,0,1.2001,-0.4611,3.2253,0,0,0,0,0,0,1.98198,-0.85111,3.41283,1.5273,0,0,0,0,1,0,0,0,0,0,0,0,1.2732,1.31922,0.582913,0,0,0,0,0,0,0,0,0,0,0,0,0,0
19.5,-0.00310372,-0.00216951,-0.000526223,-0.00753313,-0.00764013,-0.000757275,3.09198,1.97065,-2.34914,-0.0100513,0.00414306,-0.000119209,-0.00053032,-0.00180076,-0.00917256,3,2,3.92699,0,0,0,0,0,0,0.00513356,0.0055776,0.0190441,0.000910287,0.00886741,2,3,2,3.92699,0,0,0,0,0,0,0,0,0,0,1.5708,1.5708,0,1.5708,1.5708,0,-0.00863072,-0.00376219,-0.00346148,0,0,0,1.76307,1.2179,0.859815,0.00167724,0.000133057,-0.163822,0.00282812,-0.00474833,-0.000829992,1.75578,1.20968,0,0,0,0,0,0,0,0,0,0,0,0,2,1.75578,1.20968,0,0.344544,0.487027,3.7308e-15,0,0,0,0,0,0,0,0,0,0,0,0,0.855775,1.20968,0,0,0,0,0,0,0,0,0,0,0,0,2,0.855775,1.20968,0,1,1,0,0,0,0,0,1.2001,-0.4611,3.2253,0,0,0,0,0,0,1.98198,-0.85111,3.41283,1.5273,0,0,0,0,1,0,0,0,0,0,0,0,1.2732,1.31922,0.582913,0,0,0,0,0,0,0,0,0,0,0,0,0,0
19.55,-0.00513491,-0.00233535,-0.00180283,0,-0,0,3.09097,1.9711,-2.34882,-0.00932831,0.00413844,0.00295775,0.00148962,-0.000602215,0.0060885,3,2,3.92699,0,0,0,0,0,0,0.00513356,0.0055776,0.0190441,0.000910287,0.00886741,2,3,2,3.92699,0,0,0,0,0,0,0,0,0,0,1.5708,1.5708,0,1.5708,1.5708,0,-0.00598515,-0.00682248,-0.00676808,0,0,0,1.76316,1.21801,0.843222,0.000886648,0.00102116,-0.15237,-0.00202875,-1.94162e-05,0.032456,1.75578,1.20968,0,0,0,0,0,0,0,0,0,0,0,0,2,1.75578,1.20968,0,0.344544,0.487027,3.7308e-15,0,0,0,0,0,0,0,0,0,0,0,0,0.855775,1.20968,0,0,0,0,0,0,0,0,0,0,0,0,2,0.855775,1.20968,0,1,1,0,0,0,0,0,1.2001,-0.4611,3.2253,0,0,0,0,0,0,1.98198,-0.85111,3.41283,1.5265,0,0,0,0,1,0,0,0,0,0,0,0,1.2732,1.3361,0.566039,0,0,0,0,0,0,0,0,0,0,0,0,0,0
19.6,-0.00513491,-0.00233535,-0.00180283,0,-0,0,3.09097,1.9711,-2.34882,-0.00932831,0.00413844,0.00295775,0.00148962,-0.000602215,0.0060885,3,2,3.92699,0,0,0,0,0.00791747,0,0.0189855,0.00545237,0.0387589,0.00274043,0.0298288,2,3,2,3.92699,0,0,0,0,0,0,0,0,0,0,1.5708,1.5708,0,1.5708,1.5708,0,-0.00598515,-0.00682248,-0.00676808,0,0,0,1.76316,1.21801,0.843222,0.000886648,0.00102116,-0.15237,-0.00202875,-1.94162e-05,0.032456,1.75578,1.20968,0,0,0,0,0,0,0,0,0,0,0,0,2,1.75578,1.20968,0,0.344544,0.487027,3.7308e-15,0,0,0,0,0,0,0,0,0,0,0,0,0.855775,1.20968,0,0,0,0,0,0,0,0,0,0,0,0,2,0.855775,1.20968,0,1,1,0,0,0,0,0,1.1985,-0.4546,3.192,0,0,0,0,0,0,0,-0,0,1.5265,0,0,0,0,0,0,0,0,0,0,0,0,1.2732,1.3361,0.566039,0,0,0,0,0,0,0,0,0,0,0,0,0,0
19.65,0.00123807,-0.00260509,-0.000999468,0,-0,0,3.08996,1.97148,-2.34873,-0.0110959,0.00417302,0.000963186,-0.00224988,-0.00162738,-0.00320897,3,2,3.92699,0,0,0,0,0.00791747,0,0.0189855,0.00545237,0.0387589,0.00274043,0.0298288,2,3,2,3.92699,0,0,0,0,0,0,0,0,0,0,1.5708,1.5708,0,1.5708,1.5708,0,-0.00445097,-0.00663452,0.00887556,0,0,0,1.7632,1.2181,0.826152,0.000430169,0.000955483,-0.187394,-0.00400407,-2.1547e-05,-0.0559214,1.75578,1.20968,0,0,0,0,0,0,0,0,0,0,0,0,2,1.75578,1.20968,0,0.344544,0.487027,3.7308e-15,0,0,0,0,0,0,0,0,0,0,0,0,0.855775,1.20968,0,0,0,0,0,0,0,0,0,0,0,0,2,0.855775,1.20968,0,1,1,0,0,0,0,0,1.1985,-0.4546,3.192,0,0,0,0,0,0,0,-0,0,1.52574,0,0,0,0,0,0,0,0,0,0,0,0,1.2732,1.3361,0.566039,0,0,0,0,0,0,0,0,0,0,0,0,0,0
19.7,0.00123807,-0.00260509,-0.000999468,0,-0,0,3.08996,1.97148,-2.34873,-0.0110959,0.00417302,0.000963186,-0.00224988,-0.00162738,-0.00320897,3,2,3.92699,0,0,0,0,0.00955086,0.00224218,0.0208762,0.000829549,0.0152212,0,0.00503047,2,3,2,3.92699,0,0,0,0,0,0,0,0,0,0,1.5708,1.5708,0,1.5708,1.5708,0,-0.00445097,-0.00663452,0.00887556,0,0,0,1.7632,1.2181,0.826152,0.000430169,0.000955483,-0.187394,-0.00400407,-2.1547e-05,-0.0559214,1.75578,1.20968,0,0,0,0,0,0,0,0,0,0,0,0,2,1.75578,1.20968,0,0.344544,0.487027,3.7308e-15,0,0,0,0,0,0,0,0,0,0,0,0,0.855775,1.20968,0,0,0,0,0,0,0,0,0,0,0,0,2,0.855775,1.20968,0,1,1,0,0,0,0,0,1.1985,-0.4546,3.192,0,0,0,0,0,0,0,-0,0,1.52574,0,0,0,0,0,0,0,0,0,0,0,0,1.2732,1.3361,0.566039,0,0,0,0,0,0,0,0,0,0,0,0,0,0
19.75,-0.00246942,-0.00202268,-0.000782032,0,-0,0,3.08897,1.97188,-2.34869,-0.00987966,0.00395333,0.00041969,-0.000979583,-0.000465004,-0.00488264,3,2,3.92699,0,0,0,0,0.00955086,0.00224218,0.0208762,0.000829549,0.0152212,0,0.00503047,2,3,2,3.92699,0,0,0,0,0,0,0,0,0,0,1.5708,1.5708,0,1.5708,1.5708,0,-0.00571272,-0.00466121,0.00346774,0,0,0,1.76328,1.21813,0.809087,0.000792373,0.000369937,-0.170684,-0.00104451,-0.00200569,-0.0456989,1.75578,1.20968,0,0,0,0,0,0,0,0,0,0,0,0,2,1.75578,1.20968,0,0.344544,0.487027,3.7308e-15,0,0,0,0,0,0,0,0,0,0,0,0,0.855775,1.20968,0,0,0,0,0,0,0,0,0,0,0,0,2,0.855775,1.20968,0,1,1,0,0,0,0,0,1.1985,-0.4546,3.192,0,0,0,0,0,0,0,-0,0,1.52499,0,0,0,0,0,0,0,0,0,0,0,0,1.2732,1.3361,0.566039,0,0,0,0,0,0,0,0,0,0,0,0,0,0
19.8,-0.00246942,-0.00202268,-0.000782032,0,-0,0,3.08897,1.97188,-2.34869,-0.00987966,0.00395333,0.00041969,-0.000979583,-0.000465004,-0.00488264,3,2,3.92699,0,0,0,0,0.00099057,0,0.00965699,0.0031076,0.0188612,0.000562589,0.0111041,2,3,2,3.92699,0,0,0,0,0,0,0,0,0,0,1.5708,1.5708,0,1.5708,1.5708,0,-0.00571272,-0.00466121,0.00346774,0,0,0,1.76328,1.21813,0.809087,0.000792373,0.000369937,-0.170684,-0.00104451,-0.00200569,-0.0456989,1.75578,1.20968,0,0,0,0,0,0,0,0,0,0,0,0,2,1.75578,1.20968,0,0.344544,0.487027,3.7308e-15,0,0,0,0,0,0,0,0,0,0,0,0,0.855775,1.20968,0,0,0,0,0,0,0,0,0,0,0,0,2,0.855775,1.20968,0,1,1,0,0,0,0,0,1.1324,-0.5127,3.0929,0,0,0,0,0,0,1.94207,-0.80498,3.32116,1.52499,0,0,0,0,1,0,0,0,0,0,0,0,1.2732,1.35297,0.549165,0,0,0,0,0,0,0,0,0,0,0,0,0,0
19.85,-0.00223916,-0.00266181,-0.00110755,0,-0,0,3.08799,1.97229,-2.34857,-0.00983062,0.00409385,0.00119675,0.00103992,-4.26746e-05,-0.000198806,3,2,3.92699,0,0,0,0,0.00099057,0,0.00965699,0.0031076,0.0188612,0.000562589,0.0111041,2,3,2,3.92699,0,0,0,0,0,0,0,0,0,0,1.5708,1.5708,0,1.5708,1.5708,0,-0.00273707,-0.00858421,0.00184624,0,0,0,1.76327,1.21828,0.792743,-8.3e-05,0.00150743,-0.163423,-0.00377977,0.00296241,0.024148,1.75578,1.20968,0,0,0,0,0,0,0,0,0,0,0,0,2,1.75578,1.20968,0,0.344544,0.487027,3.7308e-15,0,0,0,0,0,0,0,0,0,0,0,0,0.855775,1.20968,0,0,0,0,0,0,0,0,0,0,0,0,2,0.855775,1.20968,0,1,1,0,0,0,0,0,1.1324,-0.5127,3.0929,0,0,0,0,0,0,1.94207,-0.80498,3.32116,1.52427,0,0,0,0,1,0,0,0,0,0,0,0,1.2732,1.35297,0.549165,0,0,0,0,0,0,0,0,0,0,0,0,0,0
19.9,-0.00223916,-0.00266181,-0.00110755,0,-0,0,3.08799,1.97229,-2.34857,-0.00983062,0.00409385,0.00119675,0.00103992,-4.26746e-05,-0.000198806,3,2,3.92699,0,0,0,0,0.00395253,0,0.0157728,0.00361348,0.0242174,0,0.0136874,2,3,2,3.92699,0,0,0,0,0,0,0,0,0,0,1.5708,1.5708,0,1.5708,1.5708,0,-0.00273707,-0.00858421,0.00184624,0,0,0,1.76327,1.21828,0.792743,-8.3e-05,0.00150743,-0.163423,-0.00377977,0.00296241,0.024148,1.75578,1.20968,0,0,0,0,0,0,0,0,0,0,0,0,2,1.75578,1.20968,0,0.344544,0.487027,3.7308e-15,0,0,0,0,0,0,0,0,0,0,0,0,0.855775,1.20968,0,0,0,0,0,0,0,0,0,0,0,0,2,0.855775,1.20968,0,1,1,0,0,0,0,0,1.1324,-0.5127,3.0929,0,0,0,0,0,0,1.94207,-0.80498,3.32116,1.52427,0,0,0,0,1,0,0,0,0,0,0,0,1.2732,1.35297,0.549165,0,0,0,0,0,0,0,0,0,0,0,0,0,0
19.9,-0.0025718,-0.00559328,-0.00146902,0,-0,0,3.08702,1.97278,-2.34837,-0.00961734,0.00490387,0.00204525,0.00175235,0.00326727,0.00390486,3,2,3.92699,0,0,0,0,0.00395253,0,0.0157728,0.00361348,0.0242174,0,0.0136874,2,3,2,3.92699,0,0,0,0,0,0,0,0,0,0,1.5708,1.5708,0,1.5708,1.5708,0,-0.00118646,-0.0104643,0.00403357,0,0,0,1.76322,1.21849,0.776192,-0.000533346,0.00203697,-0.165481,-0.00443912,0.00456675,0.0157667,1.75578,1.20968,0,0,0,0,0,0,0,0,0,0,0,0,2,1.75578,1.20968,0,0.344544,0.487027,3.7308e-15,0,0,0,0,0,0,0,0,0,0,0,0,0.855775,1.20968,0,0,0,0,0,0,0,0,0,0,0,0,2,0.855775,1.20968,0,1,1,0,0,0,0,0,1.1324,-0.5127,3.0929,0,0,0,0,0,0,1.94207,-0.80498,3.32116,1.52362,0,0,0,0,1,0,0,0,0,0,0,0,1.2732,1.35297,0.549165,0,0,0,0,0,0,0,0,0,0,0,0,0,0
19.9,-0.0025718,-0.00559328,-0.00146902,0,-0,0,3.08702,1.97278,-2.34837,-0.00961734,0.00490387,0.00204525,0.00175235,0.00326727,0.00390486,3,2,3.92699,0,0,0,0,0.00146573,0.00140151,0.0257492,0.00613592,0.0352552,0,0.0126536,2,3,2,3.92699,0,0,0,0,0,0,0,0,0,0,1.5708,1.5708,0,1.5708,1.5708,0,-0.00118646,-0.0104643,0.00403357,0,0,0,1.76322,1.21849,0.776192,-0.000533346,0.00203697,-0.165481,-0.00443912,0.00456675,0.0157667,1.75578,1.20968,0,0,0,0,0,0,0,0,0,0,0,0,2,1.75578,1.20968,0,0.344544,0.487027,3.7308e-15,0,0,0,0,0,0,0,0,0,0,0,0,0.855775,1.20968,0,0,0,0,0,0,0,0,0,0,0,0,2,0.855775,1.20968,0,1,1,0,0,0,0,0,1.2454,-0.3926,3.1737,0,0,0,0,0,0,2.1066,-0.86475,3.18773,1.52362,0,0,0,0,1,0,0,0,0,0,0,0,1.2732,1.35297,0.549165,0,0,0,0,0,0,0,0,0,0,0,0,0,0
19.95,-0.00301073,-0.00840987,-0.00217218,0,-0,0,3.08609,1.97334,-2.348,-0.00937551,0.00567073,0.00370142,0.00212245,0.00546989,0.00951569,3,2,3.92699,0,0,0,0,0.00146573,0.00140151,0.0257492,0.00613592,0.0352552,0,0.0126536,2,3,2,3.92699,0,0,0,0,0,0,0,0,0,0,1.5708,1.5708,0,1.5708,1.5708,0,-0.00199893,-0.00897657,0.00845768,0,0,0,1.76319,1.21865,0.758908,-0.00029062,0.00158009,-0.17289,-0.00178442,0.00113206,-0.0211323,1.75578,1.20968,0,0,0,0,0,0,0,0,0,0,0,0,2,1.75578,1.20968,0,0.344544,0.487027,3.7308e-15,0,0,0,0,0,0,0,0,0,0,0,0,0.855775,1.20968,0,0,0,0,0,0,0,0,0,0,0,0,2,0.855775,1.20968,0,1,1,0,0,0,0,0,1.2454,-0.3926,3.1737,0,0,0,0,0,0,2.1066,-0.86475,3.18773,1.52303,0,0,0,0,1,0,0,0,0,0,0,0,1.2732,1.36984,0.532291,0,0,0,0,0,0,0,0,0,0,0,0,0,0
20,-0.00301073,-0.00840987,-0.00217218,0,-0,0,3.08609,1.97334,-2.348,-0.00937551,0.00567073,0.00370142,0.00212245,0.00546989,0.00951569,3,2,3.92699,0,0,0,0,0.00324098,0.00278691,0.0402446,0.00872523,0.0512465,0,0.0167385,2,3,2,3.92699,0,0,0,0,0,0,0,0,0,0,1.5708,1.5708,0,1.5708,1.5708,0,-0.00199893,-0.00897657,0.00845768,0,0,0,1.76319,1.21865,0.758908,-0.00029062,0.00158009,-0.17289,-0.00178442,0.00113206,-0.0211323,1.75578,1.20968,0,0,0,0,0,0,0,0,0,0,0,0,2,1.75578,1.20968,0,0.344544,0.487027,3.7308e-15,0,0,0,0,0,0,0,0,0,0,0,0,0.855775,1.20968,0,0,0,0,0,0,0,0,0,0,0,0,2,0.855775,1.20968,0,1,1,0,0,0,0,0,1.2454,-0.3926,3.1737,0,0,0,0,0,0,2.1066,-0.86475,3.18773,1.52303,0,0,0,0,1,0,0,0,0,0,0,0,1.2732,1.36984,0.532291,0,0,0,0,0,0,0,0,0,0,0,0,0,0
20.05,-0.00267497,-0.0032038,-0.0017219,-0.00204782,-0.0182934,-0.00197735,3.08515,1.97375,-2.34774,-0.00936335,0.00407967,0.00254236,0.00136693,-0.00277061,0.00184482,3,2,3.92699,0,0,0,0,0.00324098,0.00278691,0.0402446,0.00872523,0.0512465,0,0.0167385,2,3,2,3.92699,0,0,0,0,0,0,0,0,0,0,1.5708,1.5708,0,1.5708,1.5708,0,-0.000971966,-0.00437917,0.00677162,0,0,0,1.76313,1.21867,0.74237,-0.000586125,0.00022346,-0.165431,-0.00189323,-0.00520439,0.0119975,1.75578,1.20968,0,0,0,0,0,0,0,0,0,0,0,0,2,1.75578,1.20968,0,0.344544,0.487027,3.7308e-15,0,0,0,0,0,0,0,0,0,0,0,0,0.855775,1.20968,0,0,0,0,0,0,0,0,0,0,0,0,2,0.855775,1.20968,0,1,1,0,0,0,0,0,1.2454,-0.3926,3.1737,0,0,0,0,0,0,2.1066,-0.86475,3.18773,1.52246,0,0,0,0,1,0,0,0,0,0,0,0,1.2732,1.36984,0.532291,0,0,0,0,0,0,0,0,0,0,0,0,0,0
20.1,-0.00267497,-0.0032038,-0.0017219,-0.00204317,-0.018294,-0.00197735,3.08515,1.97375,-2.34774,-0.00936335,0.00407967,0.00254236,0.00136693,-0.00277061,0.00184482,3,2,3.92699,0,0,0,0,0.00978631,0,0.0243631,0.00423941,0.0341723,7.80272e-05,0.0216089,2,3,2,3.92699,0,0,0,0,0,0,0,0,0,0,1.5708,1.5708,0,1.5708,1.5708,0,-0.000971966,-0.00437917,0.00677162,0,0,0,1.76313,1.21867,0.74237,-0.000586125,0.00022346,-0.165431,-0.00189323,-0.00520439,0.0119975,1.75578,1.20968,0,0,0,0,0,0,0,0,0,0,0,0,2,1.75578,1.20968,0,0.344544,0.487027,3.7308e-15,0,0,0,0,0,0,0,0,0,0,0,0,0.855775,1.20968,0,0,0,0,0,0,0,0,0,0,0,0,2,0.855775,1.20968,0,1,1,0,0,0,0,0,1.1223,-0.509,3.0169,0,0,0,0,0,0,2.03707,-0.83878,3.31899,1.52246,0,0,0,0,1,0,0,0,0,0,0,0,1.2732,1.36984,0.532291,0,0,0,0,0,0,0,0,0,0,0,0,0,0
20.15,-0.0035386,-0.00747533,-0.001892,-0.00204317,-0.018294,-0.00197735,3.08425,1.97428,-2.34745,-0.00900009,0.00528218,0.00290271,0.00216062,0.00203003,0.00151155,3,2,3.92699,0,0,0,0,0.00978631,0,0.0243631,0.00423941,0.0341723,7.80272e-05,0.0216089,2,3,2,3.92699,0,0,0,0,0,0,0,0,0,0,1.5708,1.5708,0,1.5708,1.5708,0,-0.00650877,-0.000832574,0.010922,0,0,0,1.76324,1.21859,0.725145,0.00103228,-0.000811423,-0.172179,0.00531513,-0.00811805,-0.0154407,1.75578,1.20968,0,0,0,0,0,0,0,0,0,0,0,0,2,1.75578,1.20968,0,0.344544,0.487027,3.7308e-15,0,0,0,0,0,0,0,0,0,0,0,0,0.855775,1.20968,0,0,0,0,0,0,0,0,0,0,0,0,2,0.855775,1.20968,0,1,1,0,0,0,0,0,1.1223,-0.509,3.0169,0,0,0,0,0,0,2.03707,-0.83878,3.31899,1.52189,0,0,0,0,1,0,0,0,0,0,0,0,1.2732,1.38518,0.513884,0,0,0,0,0,0,0,0,0,0,0,0,0,0
20.2,-0.0035386,-0.00747533,-0.001892,-0.00203786,-0.0182946,-0.00197735,3.08425,1.97428,-2.34745,-0.00900009,0.00528218,0.00290271,0.00216062,0.00203003,0.00151155,3,2,3.92699,0,0,0,0,0.000838198,0.00182994,0.0332029,0.00830043,0.0464097,0,0.0162091,2,3,2,3.92699,0,0,0,0,0,0,0,0,0,0,1.5708,1.5708,0,1.5708,1.5708,0,-0.00650877,-0.000832574,0.010922,0,0,0,1.76324,1.21859,0.725145,0.00103228,-0.000811423,-0.172179,0.00531513,-0.00811805,-0.0154407,1.75578,1.20968,0,0,0,0,0,0,0,0,0,0,0,0,2,1.75578,1.20968,0,0.344544,0.487027,3.7308e-15,0,0,0,0,0,0,0,0,0,0,0,0,0.855775,1.20968,0,0,0,0,0,0,0,0,0,0,0,0,2,0.855775,1.20968,0,1,1,0,0,0,0,0,1.1223,-0.509,3.0169,0,0,0,0,0,0,2.03707,-0.83878,3.31899,1.52189,0,0,0,0,1,0,0,0,0,0,0,0,1.2732,1.38518,0.513884,0,0,0,0,0,0,0,0,0,0,0,0,0,0
20.25,-0.0035386,-0.00747533,-0.001892,-0.00203786,-0.0182946,-0.00197735,3.08425,1.97428,-2.34745,-0.00900009,0.00528218,0.00290271,0.00216062,0.00203003,0.00151155,3,2,3.92699,0,0,0,0,0.000838198,0.00182994,0.0332029,0.00830043,0.0464097,0,0.0162091,2,3,2,3.92699,0,0,0,0,0,0,0,0,0,0,1.5708,1.5708,0,1.5708,1.5708,0,-0.00650877,-0.000832574,0.010922,0,0,0,1.76324,1.21859,0.725145,0.00103228,-0.000811423,-0.172179,0.00531513,-0.00811805,-0.0154407,1.75578,1.20968,0,0,0,0,0,0,0,0,0,0,0,0,2,1.75578,1.20968,0,0.344544,0.487027,3.7308e-15,0,0,0,0,0,0,0,0,0,0,0,0,0.855775,1.20968,0,0,0,0,0,0,0,0,0,0,0,0,2,0.855775,1.20968,0,1,1,0,0,0,0,0,1.1223,-0.509,3.0169,0,0,0,0,0,0,2.03707,-0.83878,3.31899,1.52189,0,0,0,0,1,0,0,0,0,0,0,0,1.2732,1.38518,0.513884,0,0,0,0,0,0,0,0,0,0,0,0,0,0
20.3,-0.00340907,-0.00562573,-0.00117996,-0.0091893,-0.00935139,-0.00092535,3.08336,1.97475,-2.34734,-0.00893195,0.00467841,0.00112788,0.001693,-0.000553021,-0.00623429,3,2,3.92699,0,0,0,0,0.000838198,0.00182994,0.0332029,0.00830043,0.0464097,0,0.0162091,2,3,2,3.92699,0,0,0,0,0,0,0,0,0,0,1.5708,1.5708,0,1.5708,1.5708,0,-0.00599865,0.0047008,0.0113671,0,0,0,1.76332,1.21834,0.708161,0.000871708,-0.00241246,-0.169868,0.00352389,-0.0116646,-0.00344815,1.75578,1.20968,0,0,0,0,0,0,0,0,0,0,0,0,2,1.75578,1.20968,0,0.344544,0.487027,3.7308e-15,0,0,0,0,0,0,0,0,0,0,0,0,0.855775,1.20968,0,0,0,0,0,0,0,0,0,0,0,0,2,0.855775,1.20968,0,1,1,0,0,0,0,0,1.275,-0.3504,3.1351,0,0,0,0,0,0,2.14967,-0.86603,2.94197,1.52139,0,0,0,0,1,0,0,0,0,0,0,0,1.2732,1.38518,0.513884,0,0,0,0,0,0,0,0,0,0,0,0,0,0
20.35,-0.0040132,-0.00495706,-0.00034193,-0.00918825,-0.00935243,-0.00092535,3.08249,1.97519,-2.34743,-0.00864985,0.00442752,-0.000916039,0.00207861,-0.0016829,-0.0129575,3,2,3.92699,0,0,0,0,0,0.000909298,0.0202736,0.00872497,0.0353143,0,0.0105937,2,3,2,3.92699,0,0,0,0,0,0,0,0,0,0,1.5708,1.5708,0,1.5708,1.5708,0,-0.00839331,-0.000242666,0.00920236,0,0,0,1.76348,1.21825,0.692038,0.00155849,-0.000945353,-0.161317,0.00461792,-0.0016231,0.0336822,1.75578,1.20968,0,0,0,0,0,0,0,0,0,0,0,0,2,1.75578,1.20968,0,0.344544,0.487027,3.7308e-15,0,0,0,0,0,0,0,0,0,0,0,0,0.855775,1.20968,0,0,0,0,0,0,0,0,0,0,0,0,2,0.855775,1.20968,0,1,1,0,0,0,0,0,1.275,-0.3504,3.1351,0,0,0,0,0,0,2.14967,-0.86603,2.94197,1.52078,0,0,0,0,1,0,0,0,0,0,0,0,1.2732,1.38518,0.513884,0,0,0,0,0,0,0,0,0,0,0,0,0,0
20.4,-0.0040132,-0.00495706,-0.00034193,-0.0091891,-0.00935159,-0.00092535,3.08249,1.97519,-2.34743,-0.00864985,0.00442752,-0.000916039,0.00207861,-0.0016829,-0.0129575,3,2,3.92699,0,0,0,0,0,0.000481788,0.00606834,0.0176276,0.0257739,0,0.00226033,2,3,2,3.92699,0,0,0,0,0,0,0,0,0,0,1.5708,1.5708,0,1.5708,1.5708,0,-0.00839331,-0.000242666,0.00920236,0,0,0,1.76348,1.21825,0.692038,0.00155849,-0.000945353,-0.161317,0.00461792,-0.0016231,0.0336822,1.75578,1.20968,0,0,0,0,0,0,0,0,0,0,0,0,2,1.75578,1.20968,0,0.344544,0.487027,3.7308e-15,0,0,0,0,0,0,0,0,0,0,0,0,0.855775,1.20968,0,0,0,0,0,0,0,0,0,0,0,0,2,0.855775,1.20968,0,1,1,0,0,0,0,0,1.275,-0.3504,3.1351,0,0,0,0,0,0,2.14967,-0.86603,2.94197,1.52078,0,0,0,0,1,0,0,0,0,0,0,0,1.2732,1.40359,0.495476,0,0,0,0,0,0,0,0,0,0,0,0,0,0
20.45,-0.00349929,-0.00415063,-0.000862409,-0.0091891,-0.00935159,-0.00092535,3.08162,1.97561,-2.3474,-0.00869837,0.00413923,0.000357613,0.0010947,-0.00230944,-0.00360335,3,2,3.92699,0,0,0,0,0,0.000481788,0.00606834,0.0176276,0.0257739,0,0.00226033,2,3,2,3.92699,0,0,0,0,0,0,0,0,0,0,1.5708,1.5708,0,1.5708,1.5708,0,-0.00836057,-0.00206442,0.0106717,0,0,0,1.76363,1.21821,0.675869,0.0015307,-0.000404036,-0.161687,0.00281233,0.0025465,0.0235519,1.75578,1.20968,0,0,0,0,0,0,0,0,0,0,0,0,2,1.75578,1.20968,0,0.344544,0.487027,3.7308e-15,0,0,0,0,0,0,0,0,0,0,0,0,0.855775,1.20968,0,0,0,0,0,0,0,0,0,0,0,0,2,0.855775,1.20968,0,1,1,0,0,0,0,0,1.275,-0.3504,3.1351,0,0,0,0,0,0,2.14967,-0.86603,2.94197,1.52011,0,0,0,0,1,0,0,0,0,0,0,0,1.2732,1.40359,0.495476,0,0,0,0,0,0,0,0,0,0,0,0,0,0
20.5,-0.00349929,-0.00415063,-0.000862409,-0.00918877,-0.00935191,-0.00092535,3.08162,1.97561,-2.3474,-0.00869837,0.00413923,0.000357613,0.0010947,-0.00230944,-0.00360335,3,2,3.92699,0,0,0,0,0,0,0.0128112,0.00815922,0.0289383,0,0.00986126,2,3,2,3.92699,0,0,0,0,0,0,0,0,0,0,1.5708,1.5708,0,1.5708,1.5708,0,-0.00836057,-0.00206442,0.0106717,0,0,0,1.76363,1.21821,0.675869,0.0015307,-0.000404036,-0.161687,0.00281233,0.0025465,0.0235519,1.75578,1.20968,0,0,0,0,0,0,0,0,0,0,0,0,2,1.75578,1.20968,0,0.344544,0.487027,3.7308e-15,0,0,0,0,0,0,0,0,0,0,0,0,0.855775,1.20968,0,0,0,0,0,0,0,0,0,0,0,0,2,0.855775,1.20968,0,1,1,0,0,0,0,0,1.1544,-0.4627,2.9827,0,0,0,0,0,0,0,-0,0,1.52011,0,0,0,0,0,0,0,0,0,0,0,0,1.2732,1.40359,0.495476,0,0,0,0,0,0,0,0,0,0,0,0,0,0
20.55,-0.00349929,-0.00415063,-0.000862409,0,-0,0,3.08162,1.97561,-2.3474,-0.00869837,0.00413923,0.000357613,0.0010947,-0.00230944,-0.00360335,3,2,3.92699,0,0,0,0,0,0,0.0128112,0.00815922,0.0289383,0,0.00986126,2,3,2,3.92699,0,0,0,0,0,0,0,0,0,0,1.5708,1.5708,0,1.5708,1.5708,0,-0.00836057,-0.00206442,0.0106717,0,0,0,1.76363,1.21821,0.675869,0.0015307,-0.000404036,-0.161687,0.00281233,0.0025465,0.0235519,1.75578,1.20968,0,0,0,0,0,0,0,0,0,0,0,0,2,1.75578,1.20968,0,0.344544,0.487027,3.7308e-15,0,0,0,0,0,0,0,0,0,0,0,0,0.855775,1.20968,0,0,0,0,0,0,0,0,0,0,0,0,2,0.855775,1.20968,0,1,1,0,0,0,0,0,1.1544,-0.4627,2.9827,0,0,0,0,0,0,0,-0,0,1.52011,0,0,0,0,0,0,0,0,0,0,0,0,1.2732,1.40359,0.495476,0,0,0,0,0,0,0,0,0,0,0,0,0,0
20.6,-0.00228273,-0.00376241,-0.000905836,0,-0,0,3.08073,1.976,-2.34735,-0.00895202,0.00397678,0.000455348,-0.000482642,-0.00212402,-0.000506512,3,2,3.92699,0,0,0,0,0,0,0.0128112,0.00815922,0.0289383,0,0.00986126,2,3,2,3.92699,0,0,0,0,0,0,0,0,0,0,1.5708,1.5708,0,1.5708,1.5708,0,-0.00635036,-0.00329372,0.0114487,0,0,0,1.76372,1.21821,0.659829,0.000927668,-4.15009e-05,-0.160382,-0.000966592,0.00354281,0.0181112,1.75578,1.20968,0,0,0,0,0,0,0,0,0,0,0,0,2,1.75578,1.20968,0,0.344544,0.487027,3.7308e-15,0,0,0,0,0,0,0,0,0,0,0,0,0.855775,1.20968,0,0,0,0,0,0,0,0,0,0,0,0,2,0.855775,1.20968,0,1,1,0,0,0,0,0,1.1544,-0.4627,2.9827,0,0,0,0,0,0,0,-0,0,1.51946,0,0,0,0,0,0,0,0,0,0,0,0,1.2732,1.40359,0.495476,0,0,0,0,0,0,0,0,0,0,0,0,0,0
20.65,-0.00227546,-0.00401668,-0.000820626,0,-0,0,3.07984,1.9764,-2.34733,-0.00884865,0.00400435,0.00024083,-8.77922e-05,-0.00114111,-0.000742316,3,2,3.92699,0,0,0,0,0,0.000548643,0.015065,0.0048871,0.0241057,0,0.0086162,2,3,2,3.92699,0,0,0,0,0,0,0,0,0,0,1.5708,1.5708,0,1.5708,1.5708,0,-0.00330116,-0.000930536,0.0115764,0,0,0,1.76373,1.21813,0.644077,2.93002e-05,-0.000728844,-0.157539,-0.00468163,-0.000484359,0.0215462,1.75578,1.20968,0,0,0,0,0,0,0,0,0,0,0,0,2,1.75578,1.20968,0,0.344544,0.487027,3.7308e-15,0,0,0,0,0,0,0,0,0,0,0,0,0.855775,1.20968,0,0,0,0,0,0,0,0,0,0,0,0,2,0.855775,1.20968,0,1,1,0,0,0,0,0,1.1544,-0.4627,2.9827,0,0,0,0,0,0,0,-0,0,1.51893,0,0,0,0,0,0,0,0,0,0,0,0,1.2732,1.422,0.480136,0,0,0,0,0,0,0,0,0,0,0,0,0,0
20.7,-0.00227546,-0.00401668,-0.000820626,0,-0,0,3.07984,1.9764,-2.34733,-0.00884865,0.00400435,0.00024083,-8.77922e-05,-0.00114111,-0.000742316,3,2,3.92699,0,0,0,0,0,0.000814825,0.0143677,0.00573306,0.0240865,0,0.0069215,2,3,2,3.92699,0,0,0,0,0,0,0,0,0,0,1.5708,1.5708,0,1.5708,1.5708,0,-0.00330116,-0.000930536,0.0115764,0,0,0,1.76373,1.21813,0.644077,2.93002e-05,-0.000728844,-0.157539,-0.00468163,-0.000484359,0.0215462,1.75578,1.20968,0,0,0,0,0,0,0,0,0,0,0,0,2,1.75578,1.20968,0,0.344544,0.487027,3.7308e-15,0,0,0,0,0,0,0,0,0,0,0,0,0.855775,1.20968,0,0,0,0,0,0,0,0,0,0,0,0,2,0.855775,1.20968,0,1,1,0,0,0,0,0,1.1949,-0.4157,2.9914,0,0,0,0,0,0,1.73247,-0.69188,3.59454,1.51893,0,0,0,0,1,0,0,0,0,0,0,0,1.2732,1.422,0.480136,0,0,0,0,0,0,0,0,0,0,0,0,0,0
20.75,-0.00276632,-0.00576827,-0.000412459,0,-0,0,3.07898,1.97685,-2.3474,-0.00860064,0.00446999,-0.000748596,0.000987604,0.0013103,-0.00443104,3,2,3.92699,0,0,0,0,0,0.000814825,0.0143677,0.00573306,0.0240865,0,0.0069215,2,3,2,3.92699,0,0,0,0,0,0,0,0,0,0,1.5708,1.5708,0,1.5708,1.5708,0,-0.0048037,-0.00250783,0.0124353,0,0,0,1.76377,1.21811,0.628425,0.000466285,-0.000261217,-0.156513,-0.00156756,0.0010324,0.0174271,1.75578,1.20968,0,0,0,0,0,0,0,0,0,0,0,0,2,1.75578,1.20968,0,0.344544,0.487027,3.7308e-15,0,0,0,0,0,0,0,0,0,0,0,0,0.855775,1.20968,0,0,0,0,0,0,0,0,0,0,0,0,2,0.855775,1.20968,0,1,1,0,0,0,0,0,1.1949,-0.4157,2.9914,0,0,0,0,0,0,1.73247,-0.69188,3.59454,1.51838,0,0,0,0,1,0,0,0,0,0,0,0,1.2732,1.422,0.480136,0,0,0,0,0,0,0,0,0,0,0,0,0,0
20.8,-0.00276632,-0.00576827,-0.000412459,0,-0,0,3.07898,1.97685,-2.3474,-0.00860064,0.00446999,-0.000748596,0.000987604,0.0013103,-0.00443104,3,2,3.92699,0,0,0,0,0,0.00264783,0.0116214,0.0158886,0.0254935,0,0,2,3,2,3.92699,0,0,0,0,0,0,0,0,0,0,1.5708,1.5708,0,1.5708,1.5708,0,-0.0048037,-0.00250783,0.0124353,0,0,0,1.76377,1.21811,0.628425,0.000466285,-0.000261217,-0.156513,-0.00156756,0.0010324,0.0174271,1.75578,1.20968,0,0,0,0,0,0,0,0,0,0,0,0,2,1.75578,1.20968,0,0.344544,0.487027,3.7308e-15,0,0,0,0,0,0,0,0,0,0,0,0,0.855775,1.20968,0,0,0,0,0,0,0,0,0,0,0,0,2,0.855775,1.20968,0,1,1,0,0,0,0,0,1.1949,-0.4157,2.9914,0,0,0,0,0,0,1.73247,-0.69188,3.59454,1.51838,0,0,0,0,1,0,0,0,0,0,0,0,1.2732,1.422,0.480136,0,0,0,0,0,0,0,0,0,0,0,0,0,0
20.9,-0.00285825,-0.00377977,-0.000246877,0,-0,0,3.07813,1.97723,-2.34751,-0.00847221,0.00383505,-0.00113331,0.00123803,-0.0014125,-0.00469728,3,2,3.92699,0,0,0,0,0,0.00264783,0.0116214,0.0158886,0.0254935,0,0,2,3,2,3.92699,0,0,0,0,0,0,0,0,0,0,1.5708,1.5708,0,1.5708,1.5708,0,-0.00232415,-0.00179904,0.0141524,0,0,0,1.76375,1.21806,0.612646,-0.000260871,-0.000464448,-0.15757,-0.00342485,1.22085e-05,0.00542992,1.75578,1.20968,0,0,0,0,0,0,0,0,0,0,0,0,2,1.75578,1.20968,0,0.344544,0.487027,3.7308e-15,0,0,0,0,0,0,0,0,0,0,0,0,0.855775,1.20968,0,0,0,0,0,0,0,0,0,0,0,0,2,0.855775,1.20968,0,1,1,0,0,0,0,0,1.1949,-0.4157,2.9914,0,0,0,0,0,0,1.73247,-0.69188,3.59454,1.51788,0,0,0,0,1,0,0,0,0,0,0,0,1.2732,1.422,0.480136,0,0,0,0,0,0,0,0,0,0,0,0,0,0
20.95,-0.00285825,-0.00377977,-0.000246877,0,-0,0,3.07813,1.97723,-2.34751,-0.00847221,0.00383505,-0.00113331,0.00123803,-0.0014125,-0.00469728,3,2,3.92699,0,0,0,0,0,0.000545016,0.00484154,0.0131424,0.0189577,0,0.00110387,2,3,2,3.92699,0,0,0,0,0,0,0,0,0,0,1.5708,1.5708,0,1.5708,1.5708,0,-0.00232415,-0.00179904,0.0141524,0,0,0,1.76375,1.21806,0.612646,-0.000260871,-0.000464448,-0.15757,-0.00342485,1.22085e-05,0.00542992,1.75578,1.20968,0,0,0,0,0,0,0,0,0,0,0,0,2,1.75578,1.20968,0,0.344544,0.487027,3.7308e-15,0,0,0,0,0,0,0,0,0,0,0,0,0.855775,1.20968,0,0,0,0,0,0,0,0,0,0,0,0,2,0.855775,1.20968,0,1,1,0,0,0,0,0,1.1951,-0.4091,2.9602,0,0,0,0,0,0,0,-0,0,1.51788,0,0,0,0,0,0,0,0,0,0,0,0,1.27167,1.44041,0.463262,0,0,0,0,0,0,0,0,0,0,0,0,0,0
21,-0.0029971,-0.00550672,-0.000387673,0,-0,0,3.0773,1.97766,-2.34759,-0.00833187,0.00429555,-0.000771388,0.00138831,0.000600079,-0.00140452,3,2,3.92699,0,0,0,0,0,0.000545016,0.00484154,0.0131424,0.0189577,0,0.00110387,2,3,2,3.92699,0,0,0,0,0,0,0,0,0,0,1.5708,1.5708,0,1.5708,1.5708,0,-0.00089099,-0.00222919,0.0127287,0,0,0,1.76368,1.21803,0.597567,-0.000674963,-0.000333813,-0.151049,-0.00396072,0.000393896,0.0286237,1.75578,1.20968,0,0,0,0,0,0,0,0,0,0,0,0,2,1.75578,1.20968,0,0.344544,0.487027,3.7308e-15,0,0,0,0,0,0,0,0,0,0,0,0,0.855775,1.20968,0,0,0,0,0,0,0,0,0,0,0,0,2,0.855775,1.20968,0,1,1,0,0,0,0,0,1.1951,-0.4091,2.9602,0,0,0,0,0,0,0,-0,0,1.51745,0,0,0,0,0,0,0,0,0,0,0,0,1.27167,1.44041,0.463262,0,0,0,0,0,0,0,0,0,0,0,0,0,0
21.05,-0.0029971,-0.00550672,-0.000387673,0,-0,0,3.0773,1.97766,-2.34759,-0.00833187,0.00429555,-0.000771388,0.00138831,0.000600079,-0.00140452,3,2,3.92699,0,0,0,0,0,0.00194045,0.0100012,0.0160751,0.0251353,0,0,2,3,2,3.92699,0,0,0,0,0,0,0,0,0,0,1.5708,1.5708,0,1.5708,1.5708,0,-0.00089099,-0.00222919,0.0127287,0,0,0,1.76368,1.21803,0.597567,-0.000674963,-0.000333813,-0.151049,-0.00396072,0.000393896,0.0286237,1.75578,1.20968,0,0,0,0,0,0,0,0,0,0,0,0,2,1.75578,1.20968,0,0.344544,0.487027,3.7308e-15,0,0,0,0,0,0,0,0,0,0,0,0,0.855775,1.20968,0,0,0,0,0,0,0,0,0,0,0,0,2,0.855775,1.20968,0,1,1,0,0,0,0,0,1.1951,-0.4091,2.9602,0,0,0,0,0,0,0,-0,0,1.51745,0,0,0,0,0,0,0,0,0,0,0,0,1.27167,1.44041,0.463262,0,0,0,0,0,0,0,0,0,0,0,0,0,0
21.1,-0.0030312,-0.00547401,-0.000550168,0,-0,0,3.07647,1.97809,-2.34763,-0.00822288,0.00423493,-0.000364147,0.00114188,0.000463588,0.0012191,3,2,3.92699,0,0,0,0,0,0.00194045,0.0100012,0.0160751,0.0251353,0,0,2,3,2,3.92699,0,0,0,0,0,0,0,0,0,0,1.5708,1.5708,0,1.5708,1.5708,0,-0.00642339,9.42701e-05,0.0122606,0,0,0,1.76378,1.21793,0.582752,0.000943113,-0.00100607,-0.146929,0.00401802,-0.0024082,0.034109,1.75578,1.20968,0,0,0,0,0,0,0,0,0,0,0,0,2,1.75578,1.20968,0,0.344544,0.487027,3.7308e-15,0,0,0,0,0,0,0,0,0,0,0,0,0.855775,1.20968,0,0,0,0,0,0,0,0,0,0,0,0,2,0.855775,1.20968,0,1,1,0,0,0,0,0,1.1951,-0.4091,2.9602,0,0,0,0,0,0,0,-0,0,1.51691,0,0,0,0,0,0,0,0,0,0,0,0,1.27167,1.44041,0.463262,0,0,0,0,0,0,0,0,0,0,0,0,0,0
21.15,-0.0030312,-0.00547401,-0.000550168,0,-0,0,3.07647,1.97809,-2.34763,-0.00822288,0.00423493,-0.000364147,0.00114188,0.000463588,0.0012191,3,2,3.92699,0,0,0,0,0,0.00156919,0.0119413,0.0139065,0.0273051,0,0.00175724,2,3,2,3.92699,0,0,0,0,0,0,0,0,0,0,1.5708,1.5708,0,1.5708,1.5708,0,-0.00642339,9.42701e-05,0.0122606,0,0,0,1.76378,1.21793,0.582752,0.000943113,-0.00100607,-0.146929,0.00401802,-0.0024082,0.034109,1.75578,1.20968,0,0,0,0,0,0,0,0,0,0,0,0,2,1.75578,1.20968,0,0.344544,0.487027,3.7308e-15,0,0,0,0,0,0,0,0,0,0,0,0,0.855775,1.20968,0,0,0,0,0,0,0,0,0,0,0,0,2,0.855775,1.20968,0,1,1,0,0,0,0,0,1.1053,-0.4931,2.8401,0,0,0,0,0,0,0,-0,0,1.51691,0,0,0,0,0,0,0,0,0,0,0,0,1.27167,1.44041,0.463262,0,0,0,0,0,0,0,0,0,0,0,0,0,0
21.2,-0.00248733,-0.00725857,-0.00100401,0,-0,0,3.07565,1.97856,-2.34755,-0.008286,0.00470795,0.000738022,0.000696962,0.00199534,0.00549941,3,2,3.92699,0,0,0,0,0,0.00156919,0.0119413,0.0139065,0.0273051,0,0.00175724,2,3,2,3.92699,0,0,0,0,0,0,0,0,0,0,1.5708,1.5708,0,1.5708,1.5708,0,-0.0056778,0.00399336,0.0124509,0,0,0,1.76385,1.21771,0.568419,0.000715117,-0.00212935,-0.144524,0.00255289,-0.00627336,0.0361294,1.75578,1.20968,0,0,0,0,0,0,0,0,0,0,0,0,2,1.75578,1.20968,0,0.344544,0.487027,3.7308e-15,0,0,0,0,0,0,0,0,0,0,0,0,0.855775,1.20968,0,0,0,0,0,0,0,0,0,0,0,0,2,0.855775,1.20968,0,1,1,0,0,0,0,0,1.1053,-0.4931,2.8401,0,0,0,0,0,0,0,-0,0,1.51648,0,0,0,0,0,0,0,0,0,0,0,0,1.27167,1.45882,0.446388,0,0,0,0,0,0,0,0,0,0,0,0,0,0
21.25,-0.00248733,-0.00725857,-0.00100401,0,-0,0,3.07565,1.97856,-2.34755,-0.008286,0.00470795,0.000738022,0.000696962,0.00199534,0.00549941,3,2,3.92699,0,0,0,0,0,0.00315107,0.0227567,0.0112481,0.0360571,0,0.00266275,2,3,2,3.92699,0,0,0,0,0,0,0,0,0,0,1.5708,1.5708,0,1.5708,1.5708,0,-0.0056778,0.00399336,0.0124509,0,0,0,1.76385,1.21771,0.568419,0.000715117,-0.00212935,-0.144524,0.00255289,-0.00627336,0.0361294,1.75578,1.20968,0,0,0,0,0,0,0,0,0,0,0,0,2,1.75578,1.20968,0,0.344544,0.487027,3.7308e-15,0,0,0,0,0,0,0,0,0,0,0,0,0.855775,1.20968,0,0,0,0,0,0,0,0,0,0,0,0,2,0.855775,1.20968,0,1,1,0,0,0,0,0,1.1053,-0.4931,2.8401,0,0,0,0,0,0,0,-0,0,1.51648,0,0,0,0,0,0,0,0,0,0,0,0,1.27167,1.45882,0.446388,0,0,0,0,0,0,0,0,0,0,0,0,0,0
21.3,-0.003094,-0.00676258,-0.000584485,-0.00714018,-0.00726464,-0.000718932,3.07485,1.97901,-2.34758,-0.00801075,0.00450727,-0.000288592,0.00118502,0.00075711,-0.000201457,3,2,3.92699,0,0,0,0,0,0.00315107,0.0227567,0.0112481,0.0360571,0,0.00266275,2,3,2,3.92699,0,0,0,0,0,0,0,0,0,0,1.5708,1.5708,0,1.5708,1.5708,0,-0.00711791,0.00226775,0.0135758,0,0,0,1.76396,1.21755,0.553984,0.0011259,-0.00160215,-0.144396,0.00300155,-0.00224903,0.0177071,1.75578,1.20968,0,0,0,0,0,0,0,0,0,0,0,0,2,1.75578,1.20968,0,0.344544,0.487027,3.7308e-15,0,0,0,0,0,0,0,0,0,0,0,0,0.855775,1.20968,0,0,0,0,0,0,0,0,0,0,0,0,2,0.855775,1.20968,0,1,1,0,0,0,0,0,1.1053,-0.4931,2.8401,0,0,0,0,0,0,0,-0,0,1.516,0,0,0,0,0,0,0,0,0,0,0,0,1.27167,1.45882,0.446388,0,0,0,0,0,0,0,0,0,0,0,0,0,0
21.35,-0.003094,-0.00676258,-0.000584485,-0.00714039,-0.00726443,-0.000718932,3.07485,1.97901,-2.34758,-0.00801075,0.00450727,-0.000288592,0.00118502,0.00075711,-0.000201457,3,2,3.92699,0,0,0,0,0,0.00271241,0.0149022,0.0169318,0.0308643,0,0,2,3,2,3.92699,0,0,0,0,0,0,0,0,0,0,1.5708,1.5708,0,1.5708,1.5708,0,-0.00711791,0.00226775,0.0135758,0,0,0,1.76396,1.21755,0.553984,0.0011259,-0.00160215,-0.144396,0.00300155,-0.00224903,0.0177071,1.75578,1.20968,0,0,0,0,0,0,0,0,0,0,0,0,2,1.75578,1.20968,0,0.344544,0.487027,3.7308e-15,0,0,0,0,0,0,0,0,0,0,0,0,0.855775,1.20968,0,0,0,0,0,0,0,0,0,0,0,0,2,0.855775,1.20968,0,1,1,0,0,0,0,0,1.1961,-0.3967,2.9016,0,0,0,0,0,0,0,-0,0,1.516,0,0,0,0,0,0,0,0,0,0,0,0,1.27167,1.45882,0.446388,0,0,0,0,0,0,0,0,0,0,0,0,0,0
21.4,-0.00387266,-0.00571814,-0.000400809,-0.00714039,-0.00726443,-0.000718932,3.07406,1.97944,-2.34766,-0.00768548,0.0041468,-0.000725579,0.0018263,-0.00102353,-0.00266037,3,2,3.92699,0,0,0,0,0,0.00271241,0.0149022,0.0169318,0.0308643,0,0,2,3,2,3.92699,0,0,0,0,0,0,0,0,0,0,1.5708,1.5708,0,1.5708,1.5708,0,-0.00303064,0.00204077,0.0164186,0,0,0,1.76395,1.2174,0.538682,-7.69021e-05,-0.00151675,-0.148315,-0.00294545,-0.000498229,-0.012241,1.75578,1.20968,0,0,0,0,0,0,0,0,0,0,0,0,2,1.75578,1.20968,0,0.344544,0.487027,3.7308e-15,0,0,0,0,0,0,0,0,0,0,0,0,0.855775,1.20968,0,0,0,0,0,0,0,0,0,0,0,0,2,0.855775,1.20968,0,1,1,0,0,0,0,0,1.1961,-0.3967,2.9016,0,0,0,0,0,0,0,-0,0,1.51561,0,0,0,0,0,0,0,0,0,0,0,0,1.2732,1.47569,0.426447,0,0,0,0,0,0,0,0,0,0,0,0,0,0
21.45,-0.00387266,-0.00571814,-0.000400809,-0.00714093,-0.0072639,-0.000718932,3.07406,1.97944,-2.34766,-0.00768548,0.0041468,-0.000725579,0.0018263,-0.00102353,-0.00266037,3,2,3.92699,0,0,0,0,0,0.00117967,0.00862202,0.0184857,0.0279513,0,0.00105555,2,3,2,3.92699,0,0,0,0,0,0,0,0,0,0,1.5708,1.5708,0,1.5708,1.5708,0,-0.00303064,0.00204077,0.0164186,0,0,0,1.76395,1.2174,0.538682,-7.69021e-05,-0.00151675,-0.148315,-0.00294545,-0.000498229,-0.012241,1.75578,1.20968,0,0,0,0,0,0,0,0,0,0,0,0,2,1.75578,1.20968,0,0.344544,0.487027,3.7308e-15,0,0,0,0,0,0,0,0,0,0,0,0,0.855775,1.20968,0,0,0,0,0,0,0,0,0,0,0,0,2,0.855775,1.20968,0,1,1,0,0,0,0,0,1.1961,-0.3967,2.9016,0,0,0,0,0,0,0,-0,0,1.51561,0,0,0,0,0,0,0,0,0,0,0,0,1.2732,1.47569,0.426447,0,0,0,0,0,0,0,0,0,0,0,0,0,0
21.5,-0.0023654,-0.00723631,-0.000537535,-0.00714093,-0.0072639,-0.000718932,3.07328,1.97988,-2.3477,-0.00803921,0.00454412,-0.000381704,0.000791317,0.000176996,-0.000472431,3,2,3.92699,0,0,0,0,0,0.00117967,0.00862202,0.0184857,0.0279513,0,0.00105555,2,3,2,3.92699,0,0,0,0,0,0,0,0,0,0,1.5708,1.5708,0,1.5708,1.5708,0,0.00165349,-0.00564687,0.0173154,0,0,0,1.76381,1.21747,0.524386,-0.0014399,0.000738862,-0.147654,-0.00798138,0.00909725,0.0107108,1.75578,1.20968,0,0,0,0,0,0,0,0,0,0,0,0,2,1.75578,1.20968,0,0.344544,0.487027,3.7308e-15,0,0,0,0,0,0,0,0,0,0,0,0,0.855775,1.20968,0,0,0,0,0,0,0,0,0,0,0,0,2,0.855775,1.20968,0,1,1,0,0,0,0,0,1.1961,-0.3967,2.9016,0,0,0,0,0,0,0,-0,0,1.51525,0,0,0,0,0,0,0,0,0,0,0,0,1.2732,1.47569,0.426447,0,0,0,0,0,0,0,0,0,0,0,0,0,0
21.55,-0.0023654,-0.00723631,-0.000537535,0,-0,0,3.07328,1.97988,-2.3477,-0.00803921,0.00454412,-0.000381704,0.000791317,0.000176996,-0.000472431,3,2,3.92699,0,0,0,0,0,0.00517851,0.0180299,0.0170975,0.0295142,0,0,2,3,2,3.92699,0,0,0,0,0,0,0,0,0,0,1.5708,1.5708,0,1.5708,1.5708,0,0.00165349,-0.00564687,0.0173154,0,0,0,1.76381,1.21747,0.524386,-0.0014399,0.000738862,-0.147654,-0.00798138,0.00909725,0.0107108,1.75578,1.20968,0,0,0,0,0,0,0,0,0,0,0,0,2,1.75578,1.20968,0,0.344544,0.487027,3.7308e-15,0,0,0,0,0,0,0,0,0,0,0,0,0.855775,1.20968,0,0,0,0,0,0,0,0,0,0,0,0,2,0.855775,1.20968,0,1,1,0,0,0,0,0,1.1969,-0.3907,2.8721,0,0,0,0,0,0,1.30075,-0.44451,2.84747,1.51525,0,0,0,0,1,0,0,0,0,0,0,0,1.2732,1.47569,0.426447,0,0,0,0,0,0,0,0,0,0,0,0,0,0
21.6,-0.00321746,-0.00682848,-0.000681775,0,-0,0,3.07251,1.98031,-2.3477,-0.00769499,0.00437115,-2.62249e-05,0.000674611,0.000160125,0.00137244,3,2,3.92699,0,0,0,0,0,0.00517851,0.0180299,0.0170975,0.0295142,0,0,2,3,2,3.92699,0,0,0,0,0,0,0,0,0,0,1.5708,1.5708,0,1.5708,1.5708,0,0.000576551,-0.00430397,0.0144054,0,0,0,1.7637,1.2175,0.510612,-0.00110957,0.000339341,-0.137742,-0.00431601,0.00521312,0.0299071,1.75578,1.20968,0,0,0,0,0,0,0,0,0,0,0,0,2,1.75578,1.20968,0,0.344544,0.487027,3.7308e-15,0,0,0,0,0,0,0,0,0,0,0,0,0.855775,1.20968,0,0,0,0,0,0,0,0,0,0,0,0,2,0.855775,1.20968,0,1,1,0,0,0,0,0,1.1969,-0.3907,2.8721,0,0,0,0,0,0,1.30075,-0.44451,2.84747,1.51488,0,0,0,0,1,0,0,0,0,0,0,0,1.2732,1.47569,0.426447,0,0,0,0,0,0,0,0,0,0,0,0,0,0
21.65,-0.00321746,-0.00682848,-0.000681775,0,-0,0,3.07251,1.98031,-2.3477,-0.00769499,0.00437115,-2.62249e-05,0.000674611,0.000160125,0.00137244,3,2,3.92699,0,0,0,0,0,0.00242812,0.0159729,0.0160936,0.0326121,0,0.000915307,2,3,2,3.92699,0,0,0,0,0,0,0,0,0,0,1.5708,1.5708,0,1.5708,1.5708,0,0.000576551,-0.00430397,0.0144054,0,0,0,1.7637,1.2175,0.510612,-0.00110957,0.000339341,-0.137742,-0.00431601,0.00521312,0.0299071,1.75578,1.20968,0,0,0,0,0,0,0,0,0,0,0,0,2,1.75578,1.20968,0,0.344544,0.487027,3.7308e-15,0,0,0,0,0,0,0,0,0,0,0,0,0.855775,1.20968,0,0,0,0,0,0,0,0,0,0,0,0,2,0.855775,1.20968,0,1,1,0,0,0,0,0,1.1969,-0.3907,2.8721,0,0,0,0,0,0,1.30075,-0.44451,2.84747,1.51488,0,0,0,0,1,0,0,0,0,0,0,0,1.2732,1.49256,0.409573,0,0,0,0,0,0,0,0,0,0,0,0,0,0
21.7,-0.00322984,-0.00800691,-0.00123602,0,-0,0,3.07175,1.98078,-2.34757,-0.00760068,0.00466466,0.0013114,0.0011076,0.00107445,0.00643788,3,2,3.92699,0,0,0,0,0,0.00242812,0.0159729,0.0160936,0.0326121,0,0.000915307,2,3,2,3.92699,0,0,0,0,0,0,0,0,0,0,1.5708,1.5708,0,1.5708,1.5708,0,-0.00107702,-0.00190604,0.0161216,0,0,0,1.76364,1.21747,0.496696,-0.000615281,-0.000362576,-0.13917,-6.5835e-05,-0.00021833,0.0211791,1.75578,1.20968,0,0,0,0,0,0,0,0,0,0,0,0,2,1.75578,1.20968,0,0.344544,0.487027,3.7308e-15,0,0,0,0,0,0,0,0,0,0,0,0,0.855775,1.20968,0,0,0,0,0,0,0,0,0,0,0,0,2,0.855775,1.20968,0,1,1,0,0,0,0,0,1.1969,-0.3907,2.8721,0,0,0,0,0,0,1.30075,-0.44451,2.84747,1.51453,0,0,0,0,1,0,0,0,0,0,0,0,1.2732,1.49256,0.409573,0,0,0,0,0,0,0,0,0,0,0,0,0,0
21.75,-0.00322984,-0.00800691,-0.00123602,0,-0,0,3.07175,1.98078,-2.34757,-0.00760068,0.00466466,0.0013114,0.0011076,0.00107445,0.00643788,3,2,3.92699,0,0,0,0,0,0.00294395,0.0260868,0.0127804,0.0426992,0,0.00571208,2,3,2,3.92699,0,0,0,0,0,0,0,0,0,0,1.5708,1.5708,0,1.5708,1.5708,0,-0.00107702,-0.00190604,0.0161216,0,0,0,1.76364,1.21747,0.496696,-0.000615281,-0.000362576,-0.13917,-6.5835e-05,-0.00021833,0.0211791,1.75578,1.20968,0,0,0,0,0,0,0,0,0,0,0,0,2,1.75578,1.20968,0,0.344544,0.487027,3.7308e-15,0,0,0,0,0,0,0,0,0,0,0,0,0.855775,1.20968,0,0,0,0,0,0,0,0,0,0,0,0,2,0.855775,1.20968,0,1,1,0,0,0,0,0,1.1977,-0.3854,2.8442,0,0,0,0,0,0,1.40437,-0.50319,3.52846,1.51453,0,0,0,0,1,0,0,0,0,0,0,0,1.2732,1.49256,0.409573,0,0,0,0,0,0,0,0,0,0,0,0,0,0
21.8,-0.00362661,-0.00688737,-0.00115399,-0.00845558,-0.00860276,-0.000851367,3.071,1.98121,-2.34746,-0.00739341,0.00428103,0.00108735,0.00137255,-0.000663221,0.00366016,3,2,3.92699,0,0,0,0,0,0.00294395,0.0260868,0.0127804,0.0426992,0,0.00571208,2,3,2,3.92699,0,0,0,0,0,0,0,0,0,0,1.5708,1.5708,0,1.5708,1.5708,0,-0.00358675,-0.00144666,0.0149055,0,0,0,1.76365,1.21742,0.483118,0.000122384,-0.000491935,-0.13346,0.00347532,-0.00138992,0.0310946,1.75578,1.20968,0,0,0,0,0,0,0,0,0,0,0,0,2,1.75578,1.20968,0,0.344544,0.487027,3.7308e-15,0,0,0,0,0,0,0,0,0,0,0,0,0.855775,1.20968,0,0,0,0,0,0,0,0,0,0,0,0,2,0.855775,1.20968,0,1,1,0,0,0,0,0,1.1977,-0.3854,2.8442,0,0,0,0,0,0,1.40437,-0.50319,3.52846,1.51411,0,0,0,0,1,0,0,0,0,0,0,0,1.2732,1.49256,0.409573,0,0,0,0,0,0,0,0,0,0,0,0,0,0
21.85,-0.00362661,-0.00688737,-0.00115399,-0.00845463,-0.0086037,-0.000851367,3.071,1.98121,-2.34746,-0.00739341,0.00428103,0.00108735,0.00137255,-0.000663221,0.00366016,3,2,3.92699,0,0,0,0,0,0.00179011,0.0218504,0.0115644,0.039471,0,0.00792877,2,3,2,3.92699,0,0,0,0,0,0,0,0,0,0,1.5708,1.5708,0,1.5708,1.5708,0,-0.00358675,-0.00144666,0.0149055,0,0,0,1.76365,1.21742,0.483118,0.000122384,-0.000491935,-0.13346,0.00347532,-0.00138992,0.0310946,1.75578,1.20968,0,0,0,0,0,0,0,0,0,0,0,0,2,1.75578,1.20968,0,0.344544,0.487027,3.7308e-15,0,0,0,0,0,0,0,0,0,0,0,0,0.855775,1.20968,0,0,0,0,0,0,0,0,0,0,0,0,2,0.855775,1.20968,0,1,1,0,0,0,0,0,1.1977,-0.3854,2.8442,0,0,0,0,0,0,1.40437,-0.50319,3.52846,1.51411,0,0,0,0,1,0,0,0,0,0,0,0,1.2732,1.49256,0.409573,0,0,0,0,0,0,0,0,0,0,0,0,0,0
21.9,-0.00527134,-0.00722718,-0.000908433,-0.00845463,-0.0086037,-0.000851367,3.07027,1.98168,-2.34741,-0.00681961,0.00432681,0.000472976,0.00289282,-0.000284842,-0.000663532,3,2,3.92699,0,0,0,0,0,0.00179011,0.0218504,0.0115644,0.039471,0,0.00792877,2,3,2,3.92699,0,0,0,0,0,0,0,0,0,0,1.5708,1.5708,0,1.5708,1.5708,0,-0.00345532,-0.00209102,0.0128198,0,0,0,1.76366,1.21739,0.469753,8.26339e-05,-0.0002984,-0.125656,0.00235134,-0.000207333,0.046309,1.75578,1.20968,0,0,0,0,0,0,0,0,0,0,0,0,2,1.75578,1.20968,0,0.344544,0.487027,3.7308e-15,0,0,0,0,0,0,0,0,0,0,0,0,0.855775,1.20968,0,0,0,0,0,0,0,0,0,0,0,0,2,0.855775,1.20968,0,1,1,0,0,0,0,0,1.1977,-0.3854,2.8442,0,0,0,0,0,0,1.61521,-0.55928,3.11452,1.51373,0,0,0,0,1,0,0,0,0,0,0,0,1.2732,1.50944,0.392699,0,0,0,0,0,0,0,0,0,0,0,0,0,0
21.95,-0.00527134,-0.00722718,-0.000908433,-0.0084542,-0.00860412,-0.000851367,3.07027,1.98168,-2.34741,-0.00681961,0.00432681,0.000472976,0.00289282,-0.000284842,-0.000663532,3,2,3.92699,0,0,0,0,0,0.000849591,0.0158423,0.0193554,0.0421893,0,0.00750276,2,3,2,3.92699,0,0,0,0,0,0,0,0,0,0,1.5708,1.5708,0,1.5708,1.5708,0,-0.00345532,-0.00209102,0.0128198,0,0,0,1.76366,1.21739,0.469753,8.26339e-05,-0.0002984,-0.125656,0.00235134,-0.000207333,0.046309,1.75578,1.20968,0,0,0,0,0,0,0,0,0,0,0,0,2,1.75578,1.20968,0,0.344544,0.487027,3.7308e-15,0,0,0,0,0,0,0,0,0,0,0,0,0.855775,1.20968,0,0,0,0,0,0,0,0,0,0,0,0,2,0.855775,1.20968,0,1,1,0,0,0,0,0,1.1985,-0.3801,2.8172,0,0,0,0,0,0,1.61521,-0.55928,3.11452,1.51373,0,0,0,0,1,0,0,0,0,0,0,0,1.2732,1.50944,0.392699,0,0,0,0,0,0,0,0,0,0,0,0,0,0
22,-0.00269009,-0.0103032,-0.00136656,-0.0084542,-0.00860412,-0.000851367,3.06957,1.98216,-2.34726,-0.00750059,0.00518028,0.00157087,0.000903054,0.00219934,0.00325456,3,2,3.92699,0,0,0,0,0,0.000849591,0.0158423,0.0193554,0.0421893,0,0.00750276,2,3,2,3.92699,0,0,0,0,0,0,0,0,0,0,1.5708,1.5708,0,1.5708,1.5708,0,-0.00626716,-0.00339064,0.01769,0,0,0,1.76374,1.21739,0.457102,0.000900748,8.34268e-05,-0.135089,0.0044777,0.00160923,0.0230507,1.75578,1.20968,0,0,0,0,0,0,0,0,0,0,0,0,2,1.75578,1.20968,0,0.344544,0.487027,3.7308e-15,0,0,0,0,0,0,0,0,0,0,0,0,0.855775,1.20968,0,0,0,0,0,0,0,0,0,0,0,0,2,0.855775,1.20968,0,1,1,0,0,0,0,0,1.1985,-0.3801,2.8172,0,0,0,0,0,0,1.61521,-0.55928,3.11452,1.51329,0,0,0,0,1,0,0,0,0,0,0,0,1.2732,1.50944,0.392699,0,0,0,0,0,0,0,0,0,0,0,0,0,0
22.05,-0.00269009,-0.0103032,-0.00136656,-0.00967868,-0.00985322,-0.000974823,3.06957,1.98216,-2.34726,-0.00750059,0.00518028,0.00157087,0.000903054,0.00219934,0.00325456,3,2,3.92699,0,0,0,0,0,0.00519217,0.0333842,0.0153467,0.0488909,0,0.00120438,2,3,2,3.92699,0,0,0,0,0,0,0,0,0,0,1.5708,1.5708,0,1.5708,1.5708,0,-0.00626716,-0.00339064,0.01769,0,0,0,1.76374,1.21739,0.457102,0.000900748,8.34268e-05,-0.135089,0.0044777,0.00160923,0.0230507,1.75578,1.20968,0,0,0,0,0,0,0,0,0,0,0,0,2,1.75578,1.20968,0,0.344544,0.487027,3.7308e-15,0,0,0,0,0,0,0,0,0,0,0,0,0.855775,1.20968,0,0,0,0,0,0,0,0,0,0,0,0,2,0.855775,1.20968,0,1,1,0,0,0,0,0,1.1985,-0.3801,2.8172,0,0,0,0,0,0,1.61521,-0.55928,3.11452,1.51329,0,0,0,0,1,0,0,0,0,0,0,0,1.2732,1.50944,0.392699,0,0,0,0,0,0,0,0,0,0,0,0,0,0
22.1,-0.0065573,-0.00795922,-0.000684612,-0.00967868,-0.00985322,-0.000974823,3.06889,1.98264,-2.34727,-0.00627331,0.00442828,-0.000105022,0.00253623,0.000419806,-0.00382363,3,2,3.92699,0,0,0,0,0,0.00519217,0.0333842,0.0153467,0.0488909,0,0.00120438,2,3,2,3.92699,0,0,0,0,0,0,0,0,0,0,1.5708,1.5708,0,1.5708,1.5708,0,-0.0065838,-0.00459843,0.0114806,0,0,0,1.76385,1.21744,0.444324,0.000981322,0.000433529,-0.117268,0.00352699,0.00260907,0.0338814,1.75578,1.20968,0,0,0,0,0,0,0,0,0,0,0,0,2,1.75578,1.20968,0,0.344544,0.487027,3.7308e-15,0,0,0,0,0,0,0,0,0,0,0,0,0.855775,1.20968,0,0,0,0,0,0,0,0,0,0,0,0,2,0.855775,1.20968,0,1,1,0,0,0,0,0,1.1985,-0.3801,2.8172,0,0,0,0,0,0,1.61521,-0.55928,3.11452,1.51283,0,0,0,0,1,0,0,0,0,0,0,0,1.2732,1.50944,0.392699,0,0,0,0,0,0,0,0,0,0,0,0,0,0
22.15,-0.0065573,-0.00795922,-0.000684612,-0.0096788,-0.00985311,-0.000974823,3.06889,1.98264,-2.34727,-0.00627331,0.00442828,-0.000105022,0.00253623,0.000419806,-0.00382363,3,2,3.92699,0,0,0,0,0,0.000551028,0.0114791,0.0273225,0.0441231,0,0.00569767,2,3,2,3.92699,0,0,0,0,0,0,0,0,0,0,1.5708,1.5708,0,1.5708,1.5708,0,-0.0065838,-0.00459843,0.0114806,0,0,0,1.76385,1.21744,0.444324,0.000981322,0.000433529,-0.117268,0.00352699,0.00260907,0.0338814,1.75578,1.20968,0,0,0,0,0,0,0,0,0,0,0,0,2,1.75578,1.20968,0,0.344544,0.487027,3.7308e-15,0,0,0,0,0,0,0,0,0,0,0,0,0.855775,1.20968,0,0,0,0,0,0,0,0,0,0,0,0,2,0.855775,1.20968,0,1,1,0,0,0,0,0,1.1992,-0.375,2.7916,0,0,0,0,0,0,1.43063,-0.48851,3.32346,1.51283,0,0,0,0,1,0,0,0,0,0,0,0,1.2732,1.52631,0.375825,0,0,0,0,0,0,0,0,0,0,0,0,0,0
22.2,-0.00230435,-0.0106698,-0.000714616,-0.0096788,-0.00985311,-0.000974823,3.06819,1.98313,-2.34727,-0.0074503,0.00517367,-3.0613e-05,-0.000173904,0.00104291,-0.00303097,3,2,3.92699,0,0,0,0,0,0.000551028,0.0114791,0.0273225,0.0441231,0,0.00569767,2,3,2,3.92699,0,0,0,0,0,0,0,0,0,0,1.5708,1.5708,0,1.5708,1.5708,0,-0.008987,-0.00442232,0.0198201,0,0,0,1.76401,1.21748,0.431686,0.00167058,0.00037748,-0.13523,0.00431344,0.00133219,0.00155343,1.75578,1.20968,0,0,0,0,0,0,0,0,0,0,0,0,2,1.75578,1.20968,0,0.344544,0.487027,3.7308e-15,0,0,0,0,0,0,0,0,0,0,0,0,0.855775,1.20968,0,0,0,0,0,0,0,0,0,0,0,0,2,0.855775,1.20968,0,1,1,0,0,0,0,0,1.1992,-0.375,2.7916,0,0,0,0,0,0,1.43063,-0.48851,3.32346,1.51232,0,0,0,0,1,0,0,0,0,0,0,0,1.2732,1.52631,0.375825,0,0,0,0,0,0,0,0,0,0,0,0,0,0
22.3,-0.00230435,-0.0106698,-0.000714616,-0.00967883,-0.00985308,-0.000974823,3.06819,1.98313,-2.34727,-0.0074503,0.00517367,-3.0613e-05,-0.000173904,0.00104291,-0.00303097,3,2,3.92699,0,0,0,0,0,0.0115802,0.0289985,0.0239968,0.0401494,0,0,2,3,2,3.92699,0,0,0,0,0,0,0,0,0,0,1.5708,1.5708,0,1.5708,1.5708,0,-0.008987,-0.00442232,0.0198201,0,0,0,1.76401,1.21748,0.431686,0.00167058,0.00037748,-0.13523,0.00431344,0.00133219,0.00155343,1.75578,1.20968,0,0,0,0,0,0,0,0,0,0,0,0,2,1.75578,1.20968,0,0.344544,0.487027,3.7308e-15,0,0,0,0,0,0,0,0,0,0,0,0,0.855775,1.20968,0,0,0,0,0,0,0,0,0,0,0,0,2,0.855775,1.20968,0,1,1,0,0,0,0,0,1.1992,-0.375,2.7916,0,0,0,0,0,0,1.43063,-0.48851,3.32346,1.51232,0,0,0,0,1,0,0,0,0,0,0,0,1.2732,1.52631,0.375825,0,0,0,0,0,0,0,0,0,0,0,0,0,0
22.35,-0.00541831,-0.00787968,-0.000961396,-0.00794828,-0.00809138,-0.000800528,3.06752,1.98357,-2.34721,-0.00644787,0.00429388,0.000564916,0.00105066,-0.00107429,0.000688205,3,2,3.92699,0,0,0,0,0,0.0115802,0.0289985,0.0239968,0.0401494,0,0,2,3,2,3.92699,0,0,0,0,0,0,0,0,0,0,1.5708,1.5708,0,1.5708,1.5708,0,-0.00595364,-0.00396504,0.0146241,0,0,0,1.76409,1.2175,0.419231,0.00076777,0.000239855,-0.119964,-0.000415108,0.000209535,0.0120998,1.75578,1.20968,0,0,0,0,0,0,0,0,0,0,0,0,2,1.75578,1.20968,0,0.344544,0.487027,3.7308e-15,0,0,0,0,0,0,0,0,0,0,0,0,0.855775,1.20968,0,0,0,0,0,0,0,0,0,0,0,0,2,0.855775,1.20968,0,1,1,0,0,0,0,0,1.1992,-0.375,2.7916,0,0,0,0,0,0,1.43063,-0.48851,3.32346,1.51189,0,0,0,0,1,0,0,0,0,0,0,0,1.2732,1.52631,0.375825,0,0,0,0,0,0,0,0,0,0,0,0,0,0
22.4,-0.00541831,-0.00787968,-0.000961396,-0.00794781,-0.00809185,-0.000800528,3.06752,1.98357,-2.34721,-0.00644787,0.00429388,0.000564916,0.00105066,-0.00107429,0.000688205,3,2,3.92699,0,0,0,0,0,0.00122231,0.0175272,0.0207123,0.0447878,0,0.00708727,2,3,2,3.92699,0,0,0,0,0,0,0,0,0,0,1.5708,1.5708,0,1.5708,1.5708,0,-0.00595364,-0.00396504,0.0146241,0,0,0,1.76409,1.2175,0.419231,0.00076777,0.000239855,-0.119964,-0.000415108,0.000209535,0.0120998,1.75578,1.20968,0,0,0,0,0,0,0,0,0,0,0,0,2,1.75578,1.20968,0,0.344544,0.487027,3.7308e-15,0,0,0,0,0,0,0,0,0,0,0,0,0.855775,1.20968,0,0,0,0,0,0,0,0,0,0,0,0,2,0.855775,1.20968,0,1,1,0,0,0,0,0,1.2,-0.3699,2.7665,0,0,0,0,0,0,1.53682,-0.51825,3.19189,1.51189,0,0,0,0,1,0,0,0,0,0,0,0,1.2732,1.52631,0.375825,0,0,0,0,0,0,0,0,0,0,0,0,0,0
22.45,-0.0041594,-0.00766455,-0.000547675,-0.00794781,-0.00809185,-0.000800528,3.06686,1.98398,-2.34726,-0.00674235,0.00418146,-0.000444491,0.00112256,-0.00239617,-0.00317587,3,2,3.92699,0,0,0,0,0,0.00122231,0.0175272,0.0207123,0.0447878,0,0.00708727,2,3,2,3.92699,0,0,0,0,0,0,0,0,0,0,1.5708,1.5708,0,1.5708,1.5708,0,-0.00739256,-0.00187502,0.0187323,0,0,0,1.7642,1.21746,0.406778,0.00117791,-0.00037138,-0.127564,0.000503618,-0.00252568,0.00609675,1.75578,1.20968,0,0,0,0,0,0,0,0,0,0,0,0,2,1.75578,1.20968,0,0.344544,0.487027,3.7308e-15,0,0,0,0,0,0,0,0,0,0,0,0,0.855775,1.20968,0,0,0,0,0,0,0,0,0,0,0,0,2,0.855775,1.20968,0,1,1,0,0,0,0,0,1.2,-0.3699,2.7665,0,0,0,0,0,0,1.53682,-0.51825,3.19189,1.51145,0,0,0,0,1,0,0,0,0,0,0,0,1.2732,1.54472,0.357418,0,0,0,0,0,0,0,0,0,0,0,0,0,0
22.5,-0.0041594,-0.00766455,-0.000547675,-0.00794816,-0.0080915,-0.000800528,3.06686,1.98398,-2.34726,-0.00674235,0.00418146,-0.000444491,0.00112256,-0.00239617,-0.00317587,3,2,3.92699,0,0,0,0,0,0.00270808,0.0141393,0.0226866,0.0355886,0,0,2,3,2,3.92699,0,0,0,0,0,0,0,0,0,0,1.5708,1.5708,0,1.5708,1.5708,0,-0.00739256,-0.00187502,0.0187323,0,0,0,1.7642,1.21746,0.406778,0.00117791,-0.00037138,-0.127564,0.000503618,-0.00252568,0.00609675,1.75578,1.20968,0,0,0,0,0,0,0,0,0,0,0,0,2,1.75578,1.20968,0,0.344544,0.487027,3.7308e-15,0,0,0,0,0,0,0,0,0,0,0,0,0.855775,1.20968,0,0,0,0,0,0,0,0,0,0,0,0,2,0.855775,1.20968,0,1,1,0,0,0,0,0,1.2,-0.3699,2.7665,0,0,0,0,0,0,1.53682,-0.51825,3.19189,1.51145,0,0,0,0,1,0,0,0,0,0,0,0,1.2732,1.54472,0.357418,0,0,0,0,0,0,0,0,0,0,0,0,0,0
22.55,-0.00380897,-0.00897961,-0.00114873,-0.00794816,-0.0080915,-0.000800528,3.06622,1.98441,-2.34716,-0.00676977,0.00452006,0.00101535,0.000309199,-0.000120984,0.00332021,3,2,3.92699,0,0,0,0,0,0.00270808,0.0141393,0.0226866,0.0355886,0,0,2,3,2,3.92699,0,0,0,0,0,0,0,0,0,0,1.5708,1.5708,0,1.5708,1.5708,0,-0.00104553,-0.00356566,0.0205391,0,0,0,1.76414,1.21748,0.394518,-0.000683684,0.000125127,-0.129547,-0.00688975,5.51858e-05,-0.0101227,1.75578,1.20968,0,0,0,0,0,0,0,0,0,0,0,0,2,1.75578,1.20968,0,0.344544,0.487027,3.7308e-15,0,0,0,0,0,0,0,0,0,0,0,0,0.855775,1.20968,0,0,0,0,0,0,0,0,0,0,0,0,2,0.855775,1.20968,0,1,1,0,0,0,0,0,1.2,-0.3699,2.7665,0,0,0,0,0,0,1.53682,-0.51825,3.19189,1.51116,0,0,0,0,1,0,0,0,0,0,0,0,1.2732,1.54472,0.357418,0,0,0,0,0,0,0,0,0,0,0,0,0,0
22.6,-0.00380897,-0.00897961,-0.00114873,-0.00794738,-0.00809227,-0.000800528,3.06622,1.98441,-2.34716,-0.00676977,0.00452006,0.00101535,0.000309199,-0.000120984,0.00332021,3,2,3.92699,0,0,0,0,0,0.00333216,0.025523,0.0172858,0.0458303,0,0.00366065,2,3,2,3.92699,0,0,0,0,0,0,0,0,0,0,1.5708,1.5708,0,1.5708,1.5708,0,-0.00104553,-0.00356566,0.0205391,0,0,0,1.76414,1.21748,0.394518,-0.000683684,0.000125127,-0.129547,-0.00688975,5.51858e-05,-0.0101227,1.75578,1.20968,0,0,0,0,0,0,0,0,0,0,0,0,2,1.75578,1.20968,0,0.344544,0.487027,3.7308e-15,0,0,0,0,0,0,0,0,0,0,0,0,0.855775,1.20968,0,0,0,0,0,0,0,0,0,0,0,0,2,0.855775,1.20968,0,1,1,0,0,0,0,0,1.201,-0.3651,2.7417,0,0,0,0,0,0,1.53682,-0.51825,3.19189,1.51116,0,0,0,0,1,0,0,0,0,0,0,0,1.2732,1.54472,0.357418,0,0,0,0,0,0,0,0,0,0,0,0,0,0
22.65,-0.00510958,-0.00709105,-0.00119912,-0.00907189,-0.00923728,-0.000913798,3.06559,1.9848,-2.34705,-0.00630942,0.003914,0.00111702,0.00115546,-0.00166469,0.00347789,3,2,3.92699,0,0,0,0,0,0.00333216,0.025523,0.0172858,0.0458303,0,0.00366065,2,3,2,3.92699,0,0,0,0,0,0,0,0,0,0,1.5708,1.5708,0,1.5708,1.5708,0,-0.00475541,-0.00175654,0.0188597,0,0,0,1.76418,1.21744,0.382262,0.000404138,-0.000402913,-0.122964,-0.00100169,-0.00169244,0.00332217,1.75578,1.20968,0,0,0,0,0,0,0,0,0,0,0,0,2,1.75578,1.20968,0,0.344544,0.487027,3.7308e-15,0,0,0,0,0,0,0,0,0,0,0,0,0.855775,1.20968,0,0,0,0,0,0,0,0,0,0,0,0,2,0.855775,1.20968,0,1,1,0,0,0,0,0,1.201,-0.3651,2.7417,0,0,0,0,0,0,1.38116,-0.45516,3.31239,1.5108,0,0,0,0,1,0,0,0,0,0,0,0,1.27167,1.56159,0.33901,0,0,0,0,0,0,0,0,0,0,0,0,0,0
22.7,-0.00510958,-0.00709105,-0.00119912,-0.00907086,-0.00923829,-0.000913798,3.06559,1.9848,-2.34705,-0.00630942,0.003914,0.00111702,0.00115546,-0.00166469,0.00347789,3,2,3.92699,0,0,0,0,0,0.000641832,0.0199863,0.0147282,0.0453554,0,0.0113265,2,3,2,3.92699,0,0,0,0,0,0,0,0,0,0,1.5708,1.5708,0,1.5708,1.5708,0,-0.00475541,-0.00175654,0.0188597,0,0,0,1.76418,1.21744,0.382262,0.000404138,-0.000402913,-0.122964,-0.00100169,-0.00169244,0.00332217,1.75578,1.20968,0,0,0,0,0,0,0,0,0,0,0,0,2,1.75578,1.20968,0,0.344544,0.487027,3.7308e-15,0,0,0,0,0,0,0,0,0,0,0,0,0.855775,1.20968,0,0,0,0,0,0,0,0,0,0,0,0,2,0.855775,1.20968,0,1,1,0,0,0,0,0,1.201,-0.3651,2.7417,0,0,0,0,0,0,1.38116,-0.45516,3.31239,1.5108,0,0,0,0,1,0,0,0,0,0,0,0,1.27167,1.56159,0.33901,0,0,0,0,0,0,0,0,0,0,0,0,0,0
22.75,-0.00614563,-0.00718965,-0.000722486,-0.00907086,-0.00923829,-0.000913798,3.065,1.98519,-2.34706,-0.00593168,0.00389671,-5.48051e-05,0.00274917,-0.00156416,-0.00261778,3,2,3.92699,0,0,0,0,0,0.000641832,0.0199863,0.0147282,0.0453554,0,0.0113265,2,3,2,3.92699,0,0,0,0,0,0,0,0,0,0,1.5708,1.5708,0,1.5708,1.5708,0,-0.00204604,-0.00170785,0.0180957,0,0,0,1.76414,1.21739,0.370385,-0.000389181,-0.000412361,-0.118706,-0.00294095,-0.00129726,0.0290503,1.75578,1.20968,0,0,0,0,0,0,0,0,0,0,0,0,2,1.75578,1.20968,0,0.344544,0.487027,3.7308e-15,0,0,0,0,0,0,0,0,0,0,0,0,0.855775,1.20968,0,0,0,0,0,0,0,0,0,0,0,0,2,0.855775,1.20968,0,1,1,0,0,0,0,0,1.201,-0.3651,2.7417,0,0,0,0,0,0,1.38116,-0.45516,3.31239,1.51054,0,0,0,0,1,0,0,0,0,0,0,0,1.27167,1.56159,0.33901,0,0,0,0,0,0,0,0,0,0,0,0,0,0
22.8,-0.00614563,-0.00718965,-0.000722486,-0.00907092,-0.00923824,-0.000913798,3.065,1.98519,-2.34706,-0.00593168,0.00389671,-5.48051e-05,0.00274917,-0.00156416,-0.00261778,3,2,3.92699,0,0,0,0,0,0.000227868,0.0113741,0.0238164,0.0418054,0,0.0070177,2,3,2,3.92699,0,0,0,0,0,0,0,0,0,0,1.5708,1.5708,0,1.5708,1.5708,0,-0.00204604,-0.00170785,0.0180957,0,0,0,1.76414,1.21739,0.370385,-0.000389181,-0.000412361,-0.118706,-0.00294095,-0.00129726,0.0290503,1.75578,1.20968,0,0,0,0,0,0,0,0,0,0,0,0,2,1.75578,1.20968,0,0.344544,0.487027,3.7308e-15,0,0,0,0,0,0,0,0,0,0,0,0,0.855775,1.20968,0,0,0,0,0,0,0,0,0,0,0,0,2,0.855775,1.20968,0,1,1,0,0,0,0,0,1.1754,-0.3873,2.6908,0,0,0,0,0,0,1.31342,-0.42535,3.34776,1.51054,0,0,0,0,1,0,0,0,0,0,0,0,1.27167,1.56159,0.33901,0,0,0,0,0,0,0,0,0,0,0,0,0,0
22.85,-0.00706202,-0.00817034,-0.00075421,-0.00907092,-0.00923824,-0.000913798,3.06441,1.98562,-2.34705,-0.00559042,0.00413565,2.27854e-05,0.0028951,0.000259045,-0.00206216,3,2,3.92699,0,0,0,0,0,0.000227868,0.0113741,0.0238164,0.0418054,0,0.0070177,2,3,2,3.92699,0,0,0,0,0,0,0,0,0,0,1.5708,1.5708,0,1.5708,1.5708,0,-0.00417357,-0.00288744,0.0147684,0,0,0,1.76416,1.21739,0.359057,0.000234489,-6.41637e-05,-0.108258,0.000485798,0.000664005,0.0562923,1.75578,1.20968,0,0,0,0,0,0,0,0,0,0,0,0,2,1.75578,1.20968,0,0.344544,0.487027,3.7308e-15,0,0,0,0,0,0,0,0,0,0,0,0,0.855775,1.20968,0,0,0,0,0,0,0,0,0,0,0,0,2,0.855775,1.20968,0,1,1,0,0,0,0,0,1.1754,-0.3873,2.6908,0,0,0,0,0,0,1.31342,-0.42535,3.34776,1.51024,0,0,0,0,1,0,0,0,0,0,0,0,1.27167,1.56159,0.33901,0,0,0,0,0,0,0,0,0,0,0,0,0,0
22.9,-0.00706202,-0.00817034,-0.00075421,-0.00907089,-0.00923826,-0.000913798,3.06441,1.98562,-2.34705,-0.00559042,0.00413565,2.27854e-05,0.0028951,0.000259045,-0.00206216,3,2,3.92699,0,0,0,0,0,0.0002457,0.011828,0.0281437,0.0468099,0,0.00725603,2,3,2,3.92699,0,0,0,0,0,0,0,0,0,0,1.5708,1.5708,0,1.5708,1.5708,0,-0.00417357,-0.00288744,0.0147684,0,0,0,1.76416,1.21739,0.359057,0.000234489,-6.41637e-05,-0.108258,0.000485798,0.000664005,0.0562923,1.75578,1.20968,0,0,0,0,0,0,0,0,0,0,0,0,2,1.75578,1.20968,0,0.344544,0.487027,3.7308e-15,0,0,0,0,0,0,0,0,0,0,0,0,0.855775,1.20968,0,0,0,0,0,0,0,0,0,0,0,0,2,0.855775,1.20968,0,1,1,0,0,0,0,0,1.1754,-0.3873,2.6908,0,0,0,0,0,0,1.31342,-0.42535,3.34776,1.51024,0,0,0,0,1,0,0,0,0,0,0,0,1.27167,1.57847,0.322136,0,0,0,0,0,0,0,0,0,0,0,0,0,0
22.95,-0.00575315,-0.00937765,-0.00102091,-0.00926477,-0.00943571,-0.000933328,3.06385,1.98605,-2.34699,-0.00591084,0.00444272,0.000666324,0.00154997,0.000837513,0.00137763,3,2,3.92699,0,0,0,0,0,0.0002457,0.011828,0.0281437,0.0468099,0,0.00725603,2,3,2,3.92699,0,0,0,0,0,0,0,0,0,0,1.5708,1.5708,0,1.5708,1.5708,0,-0.00450939,-0.0023945,0.0195218,0,0,0,1.7642,1.21737,0.347813,0.000329658,-0.000206994,-0.117686,0.001086,0.000109735,0.0206587,1.75578,1.20968,0,0,0,0,0,0,0,0,0,0,0,0,2,1.75578,1.20968,0,0.344544,0.487027,3.7308e-15,0,0,0,0,0,0,0,0,0,0,0,0,0.855775,1.20968,0,0,0,0,0,0,0,0,0,0,0,0,2,0.855775,1.20968,0,1,1,0,0,0,0,0,1.1754,-0.3873,2.6908,0,0,0,0,0,0,1.31342,-0.42535,3.34776,1.50996,0,0,0,0,1,0,0,0,0,0,0,0,1.27167,1.57847,0.322136,0,0,0,0,0,0,0,0,0,0,0,0,0,0
23,-0.00575315,-0.00937765,-0.00102091,-0.00926417,-0.0094363,-0.000933328,3.06385,1.98605,-2.34699,-0.00591084,0.00444272,0.000666324,0.00154997,0.000837513,0.00137763,3,2,3.92699,0,0,0,0,0,0.00213039,0.0205327,0.0246515,0.0499167,0,0.00529816,2,3,2,3.92699,0,0,0,0,0,0,0,0,0,0,1.5708,1.5708,0,1.5708,1.5708,0,-0.00450939,-0.0023945,0.0195218,0,0,0,1.7642,1.21737,0.347813,0.000329658,-0.000206994,-0.117686,0.001086,0.000109735,0.0206587,1.75578,1.20968,0,0,0,0,0,0,0,0,0,0,0,0,2,1.75578,1.20968,0,0.344544,0.487027,3.7308e-15,0,0,0,0,0,0,0,0,0,0,0,0,0.855775,1.20968,0,0,0,0,0,0,0,0,0,0,0,0,2,0.855775,1.20968,0,1,1,0,0,0,0,0,1.1444,-0.4151,2.636,0,0,0,0,0,0,1.31342,-0.42535,3.34776,1.50996,0,0,0,0,1,0,0,0,0,0,0,0,1.27167,1.57847,0.322136,0,0,0,0,0,0,0,0,0,0,0,0,0,0
23.05,-0.00575315,-0.00937765,-0.00102091,-0.00926417,-0.0094363,-0.000933328,3.06385,1.98605,-2.34699,-0.00591084,0.00444272,0.000666324,0.00154997,0.000837513,0.00137763,3,2,3.92699,0,0,0,0,0,0.00213039,0.0205327,0.0246515,0.0499167,0,0.00529816,2,3,2,3.92699,0,0,0,0,0,0,0,0,0,0,1.5708,1.5708,0,1.5708,1.5708,0,-0.00450939,-0.0023945,0.0195218,0,0,0,1.7642,1.21737,0.347813,0.000329658,-0.000206994,-0.117686,0.001086,0.000109735,0.0206587,1.75578,1.20968,0,0,0,0,0,0,0,0,0,0,0,0,2,1.75578,1.20968,0,0.344544,0.487027,3.7308e-15,0,0,0,0,0,0,0,0,0,0,0,0,0.855775,1.20968,0,0,0,0,0,0,0,0,0,0,0,0,2,0.855775,1.20968,0,1,1,0,0,0,0,0,1.1444,-0.4151,2.636,0,0,0,0,0,0,1.31342,-0.42535,3.34776,1.50996,0,0,0,0,1,0,0,0,0,0,0,0,1.27167,1.57847,0.322136,0,0,0,0,0,0,0,0,0,0,0,0,0,0
23.1,-0.00660444,-0.00793911,-0.000274726,-0.00926417,-0.0094363,-0.000933328,3.06329,1.98644,-2.3471,-0.0055918,0.00396908,-0.00114688,0.000930491,-0.000487844,-0.00585641,3,2,3.92699,0,0,0,0,0,0.00213039,0.0205327,0.0246515,0.0499167,0,0.00529816,2,3,2,3.92699,0,0,0,0,0,0,0,0,0,0,1.5708,1.5708,0,1.5708,1.5708,0,-0.00503504,-0.00386752,0.016919,0,0,0,1.76424,1.21739,0.336882,0.000478777,0.00022416,-0.109099,0.00138596,0.00167966,0.0202102,1.75578,1.20968,0,0,0,0,0,0,0,0,0,0,0,0,2,1.75578,1.20968,0,0.344544,0.487027,3.7308e-15,0,0,0,0,0,0,0,0,0,0,0,0,0.855775,1.20968,0,0,0,0,0,0,0,0,0,0,0,0,2,0.855775,1.20968,0,1,1,0,0,0,0,0,1.1444,-0.4151,2.636,0,0,0,0,0,0,1.32413,-0.41385,2.43994,1.50962,0,0,0,0,1,0,0,0,0,0,0,0,1.27167,1.57847,0.322136,0,0,0,0,0,0,0,0,0,0,0,0,0,0
23.15,-0.00818278,-0.00724984,-0.000267182,-0.00926525,-0.00943524,-0.000933328,3.06275,1.98684,-2.34723,-0.00505937,0.00371725,-0.00114086,0.00246337,-0.00138938,-0.00450532,3,2,3.92699,0,0,0,0,0,0.000813146,0.00558183,0.0328624,0.0387149,0,0.000401706,2,3,2,3.92699,0,0,0,0,0,0,0,0,0,0,1.5708,1.5708,0,1.5708,1.5708,0,-0.00567201,-0.00129706,0.0141246,0,0,0,1.76431,1.21733,0.326132,0.00065799,-0.000526165,-0.100077,0.00159918,-0.00180388,0.0454235,1.75578,1.20968,0,0,0,0,0,0,0,0,0,0,0,0,2,1.75578,1.20968,0,0.344544,0.487027,3.7308e-15,0,0,0,0,0,0,0,0,0,0,0,0,0.855775,1.20968,0,0,0,0,0,0,0,0,0,0,0,0,2,0.855775,1.20968,0,1,1,0,0,0,0,0,1.1444,-0.4151,2.636,0,0,0,0,0,0,1.32413,-0.41385,2.43994,1.50933,0,0,0,0,1,0,0,0,0,0,0,0,1.2732,1.59534,0.306796,0,0,0,0,0,0,0,0,0,0,0,0,0,0
23.2,-0.00818278,-0.00724984,-0.000267182,-0.00926641,-0.0094341,-0.000933328,3.06275,1.98684,-2.34723,-0.00505937,0.00371725,-0.00114086,0.00246337,-0.00138938,-0.00450532,3,2,3.92699,0,0,0,0,0,0,0.00091808,0.03488,0.0409687,0.00092102,0.0053069,2,3,2,3.92699,0,0,0,0,0,0,0,0,0,0,1.5708,1.5708,0,1.5708,1.5708,0,-0.00567201,-0.00129706,0.0141246,0,0,0,1.76431,1.21733,0.326132,0.00065799,-0.000526165,-0.100077,0.00159918,-0.00180388,0.0454235,1.75578,1.20968,0,0,0,0,0,0,0,0,0,0,0,0,2,1.75578,1.20968,0,0.344544,0.487027,3.7308e-15,0,0,0,0,0,0,0,0,0,0,0,0,0.855775,1.20968,0,0,0,0,0,0,0,0,0,0,0,0,2,0.855775,1.20968,0,1,1,0,0,0,0,0,1.2329,-0.3233,2.7018,0,0,0,0,0,0,1.33323,-0.41113,2.39264,1.50933,0,0,0,0,1,0,0,0,0,0,0,0,1.2732,1.59534,0.306796,0,0,0,0,0,0,0,0,0,0,0,0,0,0
23.2,-0.00470679,-0.00812614,0.000275931,-0.00811009,-0.00825686,-0.000816862,3.06219,1.9872,-2.34745,-0.00602302,0.00393364,-0.00243244,-0.000493681,-0.00128643,-0.0072678,3,2,3.92699,0,0,0,0,0,0,0.00091808,0.03488,0.0409687,0.00092102,0.0053069,2,3,2,3.92699,0,0,0,0,0,0,0,0,0,0,1.5708,1.5708,0,1.5708,1.5708,0,-0.00708063,-0.00266069,0.0200308,0,0,0,1.76441,1.21732,0.315765,0.00106125,-0.000123216,-0.112514,0.00237522,0.000193227,0.0136096,1.75578,1.20968,0,0,0,0,0,0,0,0,0,0,0,0,2,1.75578,1.20968,0,0.344544,0.487027,3.7308e-15,0,0,0,0,0,0,0,0,0,0,0,0,0.855775,1.20968,0,0,0,0,0,0,0,0,0,0,0,0,2,0.855775,1.20968,0,1,1,0,0,0,0,0,1.2329,-0.3233,2.7018,0,0,0,0,0,0,1.33323,-0.41113,2.39264,1.50896,0,0,0,0,1,0,0,0,0,0,0,0,1.2732,1.59534,0.306796,0,0,0,0,0,0,0,0,0,0,0,0,0,0
23.25,-0.00470679,-0.00812614,0.000275931,-0.00717069,-0.00729719,0.000648838,3.06219,1.9872,-2.34745,-0.00602302,0.00393364,-0.00243244,-0.000493681,-0.00128643,-0.0072678,3,2,3.92699,0,0,0,0,0,0.0127475,0.00352206,0.036215,0.0270146,0,0,2,3,2,3.92699,0,0,0,0,0,0,0,0,0,0,1.5708,1.5708,0,1.5708,1.5708,0,-0.00708063,-0.00266069,0.0200308,0,0,0,1.76441,1.21732,0.315765,0.00106125,-0.000123216,-0.112514,0.00237522,0.000193227,0.0136096,1.75578,1.20968,0,0,0,0,0,0,0,0,0,0,0,0,2,1.75578,1.20968,0,0.344544,0.487027,3.7308e-15,0,0,0,0,0,0,0,0,0,0,0,0,0.855775,1.20968,0,0,0,0,0,0,0,0,0,0,0,0,2,0.855775,1.20968,0,1,1,0,0,0,0,0,1.2329,-0.3233,2.7018,0,0,0,0,0,0,1.33323,-0.41113,2.39264,1.50896,0,0,0,0,1,0,0,0,0,0,0,0,1.2732,1.59534,0.306796,0,0,0,0,0,0,0,0,0,0,0,0,0,0
23.3,-0.00816823,-0.00542179,-0.000105292,-0.00717069,-0.00729719,0.000648838,3.06165,1.98754,-2.34761,-0.00493273,0.00309183,-0.00146203,0.00119818,-0.0024676,-0.00167913,3,2,3.92699,0,0,0,0,0,0.0127475,0.00352206,0.036215,0.0270146,0,0,2,3,2,3.92699,0,0,0,0,0,0,0,0,0,0,1.5708,1.5708,0,1.5708,1.5708,0,-0.00695615,-0.0023085,0.0138279,0,0,0,1.76452,1.2173,0.30529,0.00101139,-0.000224014,-0.0951705,0.0017282,-0.00010409,0.0263042,1.75578,1.20968,0,0,0,0,0,0,0,0,0,0,0,0,2,1.75578,1.20968,0,0.344544,0.487027,3.7308e-15,0,0,0,0,0,0,0,0,0,0,0,0,0.855775,1.20968,0,0,0,0,0,0,0,0,0,0,0,0,2,0.855775,1.20968,0,1,1,0,0,0,0,0,1.2329,-0.3233,2.7018,0,0,0,0,0,0,1.33323,-0.41113,2.39264,1.50858,0,0,0,0,1,0,0,0,0,0,0,0,1.2732,1.59534,0.306796,0,0,0,0,0,0,0,0,0,0,0,0,0,0
23.35,-0.00816823,-0.00542179,-0.000105292,-0.00717186,-0.00729603,0.000648838,3.06165,1.98754,-2.34761,-0.00493273,0.00309183,-0.00146203,0.00119818,-0.0024676,-0.00167913,3,2,3.92699,0,0,0,0,0,0,0,0.0321932,0.0344941,0.00592287,0.00814653,2,3,2,3.92699,0,0,0,0,0,0,0,0,0,0,1.5708,1.5708,0,1.5708,1.5708,0,-0.00695615,-0.0023085,0.0138279,0,0,0,1.76452,1.2173,0.30529,0.00101139,-0.000224014,-0.0951705,0.0017282,-0.00010409,0.0263042,1.75578,1.20968,0,0,0,0,0,0,0,0,0,0,0,0,2,1.75578,1.20968,0,0.344544,0.487027,3.7308e-15,0,0,0,0,0,0,0,0,0,0,0,0,0.855775,1.20968,0,0,0,0,0,0,0,0,0,0,0,0,2,0.855775,1.20968,0,1,1,0,0,0,0,0,1.2118,-0.3408,2.6591,0,0,0,0,0,0,1.33323,-0.41113,2.39264,1.50858,0,0,0,0,1,0,0,0,0,0,0,0,1.2732,1.61375,0.288388,0,0,0,0,0,0,0,0,0,0,0,0,0,0
23.4,-0.00466218,-0.00732387,-0.000382318,-0.00717186,-0.00729603,0.000648838,3.06109,1.98788,-2.34768,-0.00590526,0.00361483,-0.000765871,-0.000543945,-0.00106626,0.00324449,3,2,3.92699,0,0,0,0,0,0,0,0.0321932,0.0344941,0.00592287,0.00814653,2,3,2,3.92699,0,0,0,0,0,0,0,0,0,0,1.5708,1.5708,0,1.5708,1.5708,0,-0.00965612,-0.00476315,0.0172919,0,0,0,1.76469,1.21734,0.295722,0.00178664,0.000493404,-0.101766,0.00354586,0.00283149,0.0365486,1.75578,1.20968,0,0,0,0,0,0,0,0,0,0,0,0,2,1.75578,1.20968,0,0.344544,0.487027,3.7308e-15,0,0,0,0,0,0,0,0,0,0,0,0,0.855775,1.20968,0,0,0,0,0,0,0,0,0,0,0,0,2,0.855775,1.20968,0,1,1,0,0,0,0,0,1.2118,-0.3408,2.6591,0,0,0,0,0,0,1.32655,-0.40491,3.25865,1.50811,0,0,0,0,1,0,0,0,0,0,0,0,1.2732,1.61375,0.288388,0,0,0,0,0,0,0,0,0,0,0,0,0,0
23.45,-0.00466218,-0.00732387,-0.000382318,-0.00717239,-0.00729552,0.000648838,3.06109,1.98788,-2.34768,-0.00590526,0.00361483,-0.000765871,-0.000543945,-0.00106626,0.00324449,3,2,3.92699,0,0,0,0,0,0.00231818,0.0103311,0.0251931,0.0338366,0,0,2,3,2,3.92699,0,0,0,0,0,0,0,0,0,0,1.5708,1.5708,0,1.5708,1.5708,0,-0.00965612,-0.00476315,0.0172919,0,0,0,1.76469,1.21734,0.295722,0.00178664,0.000493404,-0.101766,0.00354586,0.00283149,0.0365486,1.75578,1.20968,0,0,0,0,0,0,0,0,0,0,0,0,2,1.75578,1.20968,0,0.344544,0.487027,3.7308e-15,0,0,0,0,0,0,0,0,0,0,0,0,0.855775,1.20968,0,0,0,0,0,0,0,0,0,0,0,0,2,0.855775,1.20968,0,1,1,0,0,0,0,0,1.2118,-0.3408,2.6591,0,0,0,0,0,0,1.32655,-0.40491,3.25865,1.50811,0,0,0,0,1,0,0,0,0,0,0,0,1.2732,1.61375,0.288388,0,0,0,0,0,0,0,0,0,0,0,0,0,0
23.5,-0.00558995,-0.00732857,-0.000293901,-0.00717239,-0.00729552,0.000648838,3.06056,1.98823,-2.34778,-0.00556674,0.00357534,-0.0009649,-0.000612291,0.000235344,0.00157243,3,2,3.92699,0,0,0,0,0,0.00231818,0.0103311,0.0251931,0.0338366,0,0,2,3,2,3.92699,0,0,0,0,0,0,0,0,0,0,1.5708,1.5708,0,1.5708,1.5708,0,-0.0115825,-0.00368247,0.0175557,0,0,0,1.76491,1.21736,0.286089,0.00232754,0.000173165,-0.100483,0.00493156,0.000907844,0.00392035,1.75578,1.20968,0,0,0,0,0,0,0,0,0,0,0,0,2,1.75578,1.20968,0,0.344544,0.487027,3.7308e-15,0,0,0,0,0,0,0,0,0,0,0,0,0.855775,1.20968,0,0,0,0,0,0,0,0,0,0,0,0,2,0.855775,1.20968,0,1,1,0,0,0,0,0,1.2118,-0.3408,2.6591,0,0,0,0,0,0,1.32655,-0.40491,3.25865,1.50762,0,0,0,0,1,0,0,0,0,0,0,0,1.2732,1.61375,0.288388,0,0,0,0,0,0,0,0,0,0,0,0,0,0
23.55,-0.00558995,-0.00732857,-0.000293901,0,-0,0,3.06056,1.98823,-2.34778,-0.00556674,0.00357534,-0.0009649,-0.000612291,0.000235344,0.00157243,3,2,3.92699,0,0,0,0,0,0.00123836,0.00684938,0.0285828,0.0349914,0,0,2,3,2,3.92699,0,0,0,0,0,0,0,0,0,0,1.5708,1.5708,0,1.5708,1.5708,0,-0.0115825,-0.00368247,0.0175557,0,0,0,1.76491,1.21736,0.286089,0.00232754,0.000173165,-0.100483,0.00493156,0.000907844,0.00392035,1.75578,1.20968,0,0,0,0,0,0,0,0,0,0,0,0,2,1.75578,1.20968,0,0.344544,0.487027,3.7308e-15,0,0,0,0,0,0,0,0,0,0,0,0,0.855775,1.20968,0,0,0,0,0,0,0,0,0,0,0,0,2,0.855775,1.20968,0,1,1,0,0,0,0,0,1.2271,-0.3222,2.6546,0,0,0,0,0,0,1.28489,-0.38431,2.38822,1.50762,0,0,0,0,1,0,0,0,0,0,0,0,1.2732,1.61375,0.288388,0,0,0,0,0,0,0,0,0,0,0,0,0,0
23.6,-0.00698179,-0.00622789,-0.00103588,0,-0,0,3.06002,1.98857,-2.34769,-0.00509017,0.00320877,0.000843131,0.000979663,-0.000781035,0.00788548,3,2,3.92699,0,0,0,0,0,0.00123836,0.00684938,0.0285828,0.0349914,0,0,2,3,2,3.92699,0,0,0,0,0,0,0,0,0,0,1.5708,1.5708,0,1.5708,1.5708,0,-0.00456441,-0.00558659,0.0157067,0,0,0,1.76494,1.21744,0.276153,0.000257394,0.000724858,-0.0939479,-0.00492514,0.00250111,0.0137164,1.75578,1.20968,0,0,0,0,0,0,0,0,0,0,0,0,2,1.75578,1.20968,0,0.344544,0.487027,3.7308e-15,0,0,0,0,0,0,0,0,0,0,0,0,0.855775,1.20968,0,0,0,0,0,0,0,0,0,0,0,0,2,0.855775,1.20968,0,1,1,0,0,0,0,0,1.2271,-0.3222,2.6546,0,0,0,0,0,0,1.28489,-0.38431,2.38822,1.50727,0,0,0,0,1,0,0,0,0,0,0,0,1.27167,1.63062,0.273049,0,0,0,0,0,0,0,0,0,0,0,0,0,0
23.65,-0.00698179,-0.00622789,-0.00103588,0,-0,0,3.06002,1.98857,-2.34769,-0.00509017,0.00320877,0.000843131,0.000979663,-0.000781035,0.00788548,3,2,3.92699,0,0,0,0,0,0,0.0120605,0.0190657,0.0458601,0.000912004,0.0153337,2,3,2,3.92699,0,0,0,0,0,0,0,0,0,0,1.5708,1.5708,0,1.5708,1.5708,0,-0.00456441,-0.00558659,0.0157067,0,0,0,1.76494,1.21744,0.276153,0.000257394,0.000724858,-0.0939479,-0.00492514,0.00250111,0.0137164,1.75578,1.20968,0,0,0,0,0,0,0,0,0,0,0,0,2,1.75578,1.20968,0,0.344544,0.487027,3.7308e-15,0,0,0,0,0,0,0,0,0,0,0,0,0.855775,1.20968,0,0,0,0,0,0,0,0,0,0,0,0,2,0.855775,1.20968,0,1,1,0,0,0,0,0,1.2271,-0.3222,2.6546,0,0,0,0,0,0,1.28489,-0.38431,2.38822,1.50727,0,0,0,0,1,0,0,0,0,0,0,0,1.27167,1.63062,0.273049,0,0,0,0,0,0,0,0,0,0,0,0,0,0
23.7,-0.0054324,-0.00762267,-0.00140017,0,-0,0,3.0595,1.98891,-2.34753,-0.00548733,0.00358161,0.00170723,0.000743578,-8.57452e-05,0.00887524,3,2,3.92699,0,0,0,0,0,0,0.0120605,0.0190657,0.0458601,0.000912004,0.0153337,2,3,2,3.92699,0,0,0,0,0,0,0,0,0,0,1.5708,1.5708,0,1.5708,1.5708,0,-0.0038057,-0.005537,0.019812,0,0,0,1.76494,1.2175,0.2665,3.35696e-05,0.00070238,-0.102102,-0.00536756,0.00144985,0.00501235,1.75578,1.20968,0,0,0,0,0,0,0,0,0,0,0,0,2,1.75578,1.20968,0,0.344544,0.487027,3.7308e-15,0,0,0,0,0,0,0,0,0,0,0,0,0.855775,1.20968,0,0,0,0,0,0,0,0,0,0,0,0,2,0.855775,1.20968,0,1,1,0,0,0,0,0,1.2271,-0.3222,2.6546,0,0,0,0,0,0,1.28489,-0.38431,2.38822,1.50696,0,0,0,0,1,0,0,0,0,0,0,0,1.27167,1.63062,0.273049,0,0,0,0,0,0,0,0,0,0,0,0,0,0
23.75,-0.0054324,-0.00762267,-0.00140017,0,-0,0,3.0595,1.98891,-2.34753,-0.00548733,0.00358161,0.00170723,0.000743578,-8.57452e-05,0.00887524,3,2,3.92699,0,0,0,0,0,0.000651339,0.023194,0.0148702,0.0494662,0,0.0135154,2,3,2,3.92699,0,0,0,0,0,0,0,0,0,0,1.5708,1.5708,0,1.5708,1.5708,0,-0.0038057,-0.005537,0.019812,0,0,0,1.76494,1.2175,0.2665,3.35696e-05,0.00070238,-0.102102,-0.00536756,0.00144985,0.00501235,1.75578,1.20968,0,0,0,0,0,0,0,0,0,0,0,0,2,1.75578,1.20968,0,0.344544,0.487027,3.7308e-15,0,0,0,0,0,0,0,0,0,0,0,0,0.855775,1.20968,0,0,0,0,0,0,0,0,0,0,0,0,2,0.855775,1.20968,0,1,1,0,0,0,0,0,1.2384,-0.3085,2.6451,0,0,0,0,0,0,1.27551,-0.37457,2.41748,1.50696,0,0,0,0,1,0,0,0,0,0,0,0,1.27167,1.63062,0.273049,0,0,0,0,0,0,0,0,0,0,0,0,0,0
23.8,-0.00771934,-0.0075551,-0.00106665,-0.00979522,-0.00996652,-0.000986291,3.05901,1.98927,-2.34744,-0.0047516,0.00351851,0.000868592,0.00194482,0.00070997,0.00248408,3,2,3.92699,0,0,0,0,0,0.000651339,0.023194,0.0148702,0.0494662,0,0.0135154,2,3,2,3.92699,0,0,0,0,0,0,0,0,0,0,1.5708,1.5708,0,1.5708,1.5708,0,-0.00490954,-0.00450886,0.0158922,0,0,0,1.76498,1.21754,0.257198,0.000354348,0.000394777,-0.0906049,-0.00195472,-0.000321566,0.0215959,1.75578,1.20968,0,0,0,0,0,0,0,0,0,0,0,0,2,1.75578,1.20968,0,0.344544,0.487027,3.7308e-15,0,0,0,0,0,0,0,0,0,0,0,0,0.855775,1.20968,0,0,0,0,0,0,0,0,0,0,0,0,2,0.855775,1.20968,0,1,1,0,0,0,0,0,1.2384,-0.3085,2.6451,0,0,0,0,0,0,1.27551,-0.37457,2.41748,1.50668,0,0,0,0,1,0,0,0,0,0,0,0,1.27167,1.64596,0.254641,0,0,0,0,0,0,0,0,0,0,0,0,0,0
23.85,-0.00771934,-0.0075551,-0.00106665,-0.00979433,-0.0099674,-0.000986291,3.05901,1.98927,-2.34744,-0.0047516,0.00351851,0.000868592,0.00194482,0.00070997,0.00248408,3,2,3.92699,0,0,0,0,0,0,0.0135088,0.0238976,0.0512058,0.000446197,0.0144108,2,3,2,3.92699,0,0,0,0,0,0,0,0,0,0,1.5708,1.5708,0,1.5708,1.5708,0,-0.00490954,-0.00450886,0.0158922,0,0,0,1.76498,1.21754,0.257198,0.000354348,0.000394777,-0.0906049,-0.00195472,-0.000321566,0.0215959,1.75578,1.20968,0,0,0,0,0,0,0,0,0,0,0,0,2,1.75578,1.20968,0,0.344544,0.487027,3.7308e-15,0,0,0,0,0,0,0,0,0,0,0,0,0.855775,1.20968,0,0,0,0,0,0,0,0,0,0,0,0,2,0.855775,1.20968,0,1,1,0,0,0,0,0,1.2384,-0.3085,2.6451,0,0,0,0,0,0,1.27551,-0.37457,2.41748,1.50668,0,0,0,0,1,0,0,0,0,0,0,0,1.27167,1.64596,0.254641,0,0,0,0,0,0,0,0,0,0,0,0,0,0
23.9,-0.00766379,-0.00928649,-0.00111562,-0.00979433,-0.0099674,-0.000986291,3.05856,1.98965,-2.34734,-0.00471349,0.00398534,0.00097022,0.00241588,0.00173747,0.00081918,3,2,3.92699,0,0,0,0,0,0,0.0135088,0.0238976,0.0512058,0.000446197,0.0144108,2,3,2,3.92699,0,0,0,0,0,0,0,0,0,0,1.5708,1.5708,0,1.5708,1.5708,0,-0.00511877,-0.00404523,0.0179415,0,0,0,1.76502,1.21757,0.248092,0.000411236,0.000255293,-0.0938161,-0.0005342,-0.00108491,0.0200382,1.75578,1.20968,0,0,0,0,0,0,0,0,0,0,0,0,2,1.75578,1.20968,0,0.344544,0.487027,3.7308e-15,0,0,0,0,0,0,0,0,0,0,0,0,0.855775,1.20968,0,0,0,0,0,0,0,0,0,0,0,0,2,0.855775,1.20968,0,1,1,0,0,0,0,0,1.2384,-0.3085,2.6451,0,0,0,0,0,0,1.27551,-0.37457,2.41748,1.50644,0,0,0,0,1,0,0,0,0,0,0,0,1.27167,1.64596,0.254641,0,0,0,0,0,0,0,0,0,0,0,0,0,0
23.95,-0.00766379,-0.00928649,-0.00111562,-0.00979339,-0.00996832,-0.000986291,3.05856,1.98965,-2.34734,-0.00471349,0.00398534,0.00097022,0.00241588,0.00173747,0.00081918,3,2,3.92699,0,0,0,0,0,0.000385536,0.0178207,0.0276727,0.0557492,0,0.0108844,2,3,2,3.92699,0,0,0,0,0,0,0,0,0,0,1.5708,1.5708,0,1.5708,1.5708,0,-0.00511877,-0.00404523,0.0179415,0,0,0,1.76502,1.21757,0.248092,0.000411236,0.000255293,-0.0938161,-0.0005342,-0.00108491,0.0200382,1.75578,1.20968,0,0,0,0,0,0,0,0,0,0,0,0,2,1.75578,1.20968,0,0.344544,0.487027,3.7308e-15,0,0,0,0,0,0,0,0,0,0,0,0,0.855775,1.20968,0,0,0,0,0,0,0,0,0,0,0,0,2,0.855775,1.20968,0,1,1,0,0,0,0,0,1.2622,-0.2825,2.6493,0,0,0,0,0,0,1.28484,-0.37333,2.45538,1.50644,0,0,0,0,1,0,0,0,0,0,0,0,1.27167,1.64596,0.254641,0,0,0,0,0,0,0,0,0,0,0,0,0,0
24,-0.00763922,-0.00721158,-0.000690494,-0.00979339,-0.00996832,-0.000986291,3.05808,1.98999,-2.34735,-0.00466375,0.00332989,-7.44343e-05,0.00100568,-0.000871255,-0.00377645,3,2,3.92699,0,0,0,0,0,0.000385536,0.0178207,0.0276727,0.0557492,0,0.0108844,2,3,2,3.92699,0,0,0,0,0,0,0,0,0,0,1.5708,1.5708,0,1.5708,1.5708,0,-0.00459424,-0.00407884,0.0141475,0,0,0,1.76505,1.2176,0.239606,0.000253672,0.000262009,-0.0827914,-0.000704086,-0.000681823,0.042122,1.75578,1.20968,0,0,0,0,0,0,0,0,0,0,0,0,2,1.75578,1.20968,0,0.344544,0.487027,3.7308e-15,0,0,0,0,0,0,0,0,0,0,0,0,0.855775,1.20968,0,0,0,0,0,0,0,0,0,0,0,0,2,0.855775,1.20968,0,1,1,0,0,0,0,0,1.2622,-0.2825,2.6493,0,0,0,0,0,0,1.28484,-0.37333,2.45538,1.50616,0,0,0,0,1,0,0,0,0,0,0,0,1.27167,1.64596,0.254641,0,0,0,0,0,0,0,0,0,0,0,0,0,0
24.05,-0.00763922,-0.00721158,-0.000690494,-0.00894405,-0.00910367,-0.000900747,3.05808,1.98999,-2.34735,-0.00466375,0.00332989,-7.44343e-05,0.00100568,-0.000871255,-0.00377645,3,2,3.92699,0,0,0,0,0,0,0.00780837,0.0278334,0.0451758,0.000585209,0.00992226,2,3,2,3.92699,0,0,0,0,0,0,0,0,0,0,1.5708,1.5708,0,1.5708,1.5708,0,-0.00459424,-0.00407884,0.0141475,0,0,0,1.76505,1.2176,0.239606,0.000253672,0.000262009,-0.0827914,-0.000704086,-0.000681823,0.042122,1.75578,1.20968,0,0,0,0,0,0,0,0,0,0,0,0,2,1.75578,1.20968,0,0.344544,0.487027,3.7308e-15,0,0,0,0,0,0,0,0,0,0,0,0,0.855775,1.20968,0,0,0,0,0,0,0,0,0,0,0,0,2,0.855775,1.20968,0,1,1,0,0,0,0,0,1.2622,-0.2825,2.6493,0,0,0,0,0,0,1.28484,-0.37333,2.45538,1.50616,0,0,0,0,1,0,0,0,0,0,0,0,1.27167,1.66437,0.237767,0,0,0,0,0,0,0,0,0,0,0,0,0,0
24.1,-0.0071909,-0.00800764,-0.00101275,-0.00894405,-0.00910367,-0.000900747,3.05762,1.99034,-2.34728,-0.00474149,0.00352479,0.000704832,0.000774714,-0.000601075,0.000173757,3,2,3.92699,0,0,0,0,0,0,0.00780837,0.0278334,0.0451758,0.000585209,0.00992226,2,3,2,3.92699,0,0,0,0,0,0,0,0,0,0,1.5708,1.5708,0,1.5708,1.5708,0,-0.00237721,-0.00347755,0.0177437,0,0,0,1.76501,1.2176,0.23085,-0.000394706,8.39533e-05,-0.0898743,-0.00306641,-0.00110254,0.0124176,1.75578,1.20968,0,0,0,0,0,0,0,0,0,0,0,0,2,1.75578,1.20968,0,0.344544,0.487027,3.7308e-15,0,0,0,0,0,0,0,0,0,0,0,0,0.855775,1.20968,0,0,0,0,0,0,0,0,0,0,0,0,2,0.855775,1.20968,0,1,1,0,0,0,0,0,1.2622,-0.2825,2.6493,0,0,0,0,0,0,1.28484,-0.37333,2.45538,1.50597,0,0,0,0,1,0,0,0,0,0,0,0,1.27167,1.66437,0.237767,0,0,0,0,0,0,0,0,0,0,0,0,0,0
24.15,-0.0071909,-0.00800764,-0.00101275,-0.00894343,-0.00910428,-0.000900747,3.05762,1.99034,-2.34728,-0.00474149,0.00352479,0.000704832,0.000774714,-0.000601075,0.000173757,3,2,3.92699,0,0,0,0,0,0,0.0148349,0.0245636,0.0502094,0,0.0113851,2,3,2,3.92699,0,0,0,0,0,0,0,0,0,0,1.5708,1.5708,0,1.5708,1.5708,0,-0.00237721,-0.00347755,0.0177437,0,0,0,1.76501,1.2176,0.23085,-0.000394706,8.39533e-05,-0.0898743,-0.00306641,-0.00110254,0.0124176,1.75578,1.20968,0,0,0,0,0,0,0,0,0,0,0,0,2,1.75578,1.20968,0,0.344544,0.487027,3.7308e-15,0,0,0,0,0,0,0,0,0,0,0,0,0.855775,1.20968,0,0,0,0,0,0,0,0,0,0,0,0,2,0.855775,1.20968,0,1,1,0,0,0,0,0,1.2095,-0.3332,2.5781,0,0,0,0,0,0,1.26637,-0.36259,2.47498,1.50597,0,0,0,0,1,0,0,0,0,0,0,0,1.27167,1.66437,0.237767,0,0,0,0,0,0,0,0,0,0,0,0,0,0
24.2,-0.00646942,-0.00745803,-0.000656178,-0.00894343,-0.00910428,-0.000900747,3.05713,1.99067,-2.3473,-0.00489683,0.00332233,-0.000169255,-0.000679036,-0.000767834,-0.0027959,3,2,3.92699,0,0,0,0,0,0,0.0148349,0.0245636,0.0502094,0,0.0113851,2,3,2,3.92699,0,0,0,0,0,0,0,0,0,0,1.5708,1.5708,0,1.5708,1.5708,0,-0.0032184,-0.003637,0.0162055,0,0,0,1.76499,1.21762,0.222409,-0.000145245,0.000129378,-0.0844023,-0.00119633,-0.000527211,0.0160706,1.75578,1.20968,0,0,0,0,0,0,0,0,0,0,0,0,2,1.75578,1.20968,0,0.344544,0.487027,3.7308e-15,0,0,0,0,0,0,0,0,0,0,0,0,0.855775,1.20968,0,0,0,0,0,0,0,0,0,0,0,0,2,0.855775,1.20968,0,1,1,0,0,0,0,0,1.2095,-0.3332,2.5781,0,0,0,0,0,0,1.26637,-0.36259,2.47498,1.50573,0,0,0,0,1,0,0,0,0,0,0,0,1.27167,1.66437,0.237767,0,0,0,0,0,0,0,0,0,0,0,0,0,0
24.25,-0.00646942,-0.00745803,-0.000656178,-0.00894358,-0.00910413,-0.000900747,3.05713,1.99067,-2.3473,-0.00489683,0.00332233,-0.000169255,-0.000679036,-0.000767834,-0.0027959,3,2,3.92699,0,0,0,0,0,0.000233004,0.0103032,0.0261763,0.0423542,0,0.00623696,2,3,2,3.92699,0,0,0,0,0,0,0,0,0,0,1.5708,1.5708,0,1.5708,1.5708,0,-0.0032184,-0.003637,0.0162055,0,0,0,1.76499,1.21762,0.222409,-0.000145245,0.000129378,-0.0844023,-0.00119633,-0.000527211,0.0160706,1.75578,1.20968,0,0,0,0,0,0,0,0,0,0,0,0,2,1.75578,1.20968,0,0.344544,0.487027,3.7308e-15,0,0,0,0,0,0,0,0,0,0,0,0,0.855775,1.20968,0,0,0,0,0,0,0,0,0,0,0,0,2,0.855775,1.20968,0,1,1,0,0,0,0,0,1.2095,-0.3332,2.5781,0,0,0,0,0,0,1.26637,-0.36259,2.47498,1.50573,0,0,0,0,1,0,0,0,0,0,0,0,1.27167,1.66437,0.237767,0,0,0,0,0,0,0,0,0,0,0,0,0,0
24.3,-0.0074344,-0.00610334,-0.00023331,-0.00838499,-0.00853551,-0.000844489,3.05665,1.99097,-2.34742,-0.00455432,0.00288511,-0.00118511,0.000676468,-0.00217546,-0.00616788,3,2,3.92699,0,0,0,0,0,0.000233004,0.0103032,0.0261763,0.0423542,0,0.00623696,2,3,2,3.92699,0,0,0,0,0,0,0,0,0,0,1.5708,1.5708,0,1.5708,1.5708,0,-0.00386458,-0.0030447,0.0144603,0,0,0,1.765,1.21761,0.214231,4.45125e-05,-4.45125e-05,-0.0784742,0.000308566,-0.000930434,0.032315,1.75578,1.20968,0,0,0,0,0,0,0,0,0,0,0,0,2,1.75578,1.20968,0,0.344544,0.487027,3.7308e-15,0,0,0,0,0,0,0,0,0,0,0,0,0.855775,1.20968,0,0,0,0,0,0,0,0,0,0,0,0,2,0.855775,1.20968,0,1,1,0,0,0,0,0,1.2095,-0.3332,2.5781,0,0,0,0,0,0,1.26637,-0.36259,2.47498,1.50547,0,0,0,0,1,0,0,0,0,0,0,0,1.27167,1.68278,0.222427,0,0,0,0,0,0,0,0,0,0,0,0,0,0
24.35,-0.0074344,-0.00610334,-0.00023331,-0.00838604,-0.00853447,-0.000844489,3.05665,1.99097,-2.34742,-0.00455432,0.00288511,-0.00118511,0.000676468,-0.00217546,-0.00616788,3,2,3.92699,0,0,0,0,0,0,0,0.0305297,0.0359591,0.001316,0.00584682,2,3,2,3.92699,0,0,0,0,0,0,0,0,0,0,1.5708,1.5708,0,1.5708,1.5708,0,-0.00386458,-0.0030447,0.0144603,0,0,0,1.765,1.21761,0.214231,4.45125e-05,-4.45125e-05,-0.0784742,0.000308566,-0.000930434,0.032315,1.75578,1.20968,0,0,0,0,0,0,0,0,0,0,0,0,2,1.75578,1.20968,0,0.344544,0.487027,3.7308e-15,0,0,0,0,0,0,0,0,0,0,0,0,0.855775,1.20968,0,0,0,0,0,0,0,0,0,0,0,0,2,0.855775,1.20968,0,1,1,0,0,0,0,0,1.1367,-0.4038,2.4877,0,0,0,0,0,0,1.29269,-0.36663,2.62084,1.50547,0,0,0,0,1,0,0,0,0,0,0,0,1.27167,1.68278,0.222427,0,0,0,0,0,0,0,0,0,0,0,0,0,0
24.4,-0.00574954,-0.00481982,-0.000150908,-0.00838604,-0.00853447,-0.000844489,3.05617,1.99121,-2.34755,-0.00499643,0.00247655,-0.00136173,-0.000368948,-0.00362399,-0.0046666,3,2,3.92699,0,0,0,0,0,0,0,0.0305297,0.0359591,0.001316,0.00584682,2,3,2,3.92699,0,0,0,0,0,0,0,0,0,0,1.5708,1.5708,0,1.5708,1.5708,0,-0.0055474,-0.00305577,0.0168378,0,0,0,1.76505,1.21761,0.206308,0.000534057,-4.07872e-05,-0.082729,0.00232182,-0.000592765,0.0184778,1.75578,1.20968,0,0,0,0,0,0,0,0,0,0,0,0,2,1.75578,1.20968,0,0.344544,0.487027,3.7308e-15,0,0,0,0,0,0,0,0,0,0,0,0,0.855775,1.20968,0,0,0,0,0,0,0,0,0,0,0,0,2,0.855775,1.20968,0,1,1,0,0,0,0,0,1.1367,-0.4038,2.4877,0,0,0,0,0,0,1.29269,-0.36663,2.62084,1.50514,0,0,0,0,1,0,0,0,0,0,0,0,1.27167,1.68278,0.222427,0,0,0,0,0,0,0,0,0,0,0,0,0,0
24.45,-0.00574954,-0.00481982,-0.000150908,-0.00838715,-0.00853338,-0.000844489,3.05617,1.99121,-2.34755,-0.00499643,0.00247655,-0.00136173,-0.000368948,-0.00362399,-0.0046666,3,2,3.92699,0,0,0,0,0,0,0,0.0238522,0.0272039,0.00100701,0.00395209,2,3,2,3.92699,0,0,0,0,0,0,0,0,0,0,1.5708,1.5708,0,1.5708,1.5708,0,-0.0055474,-0.00305577,0.0168378,0,0,0,1.76505,1.21761,0.206308,0.000534057,-4.07872e-05,-0.082729,0.00232182,-0.000592765,0.0184778,1.75578,1.20968,0,0,0,0,0,0,0,0,0,0,0,0,2,1.75578,1.20968,0,0.344544,0.487027,3.7308e-15,0,0,0,0,0,0,0,0,0,0,0,0,0.855775,1.20968,0,0,0,0,0,0,0,0,0,0,0,0,2,0.855775,1.20968,0,1,1,0,0,0,0,0,1.1367,-0.4038,2.4877,0,0,0,0,0,0,1.29269,-0.36663,2.62084,1.50514,0,0,0,0,1,0,0,0,0,0,0,0,1.27167,1.68278,0.222427,0,0,0,0,0,0,0,0,0,0,0,0,0,0
24.5,-0.00620183,-0.0052047,-0.000186363,-0.00838715,-0.00853338,-0.000844489,3.05569,1.99146,-2.34768,-0.00480512,0.00256005,-0.00124943,-0.000450096,-0.00160419,-0.00239492,3,2,3.92699,0,0,0,0,0,0,0,0.0238522,0.0272039,0.00100701,0.00395209,2,3,2,3.92699,0,0,0,0,0,0,0,0,0,0,1.5708,1.5708,0,1.5708,1.5708,0,-0.00516432,-0.00423447,0.015085,0,0,0,1.76509,1.21764,0.198621,0.000416298,0.000302762,-0.0768807,0.00127502,0.00105314,0.018474,1.75578,1.20968,0,0,0,0,0,0,0,0,0,0,0,0,2,1.75578,1.20968,0,0.344544,0.487027,3.7308e-15,0,0,0,0,0,0,0,0,0,0,0,0,0.855775,1.20968,0,0,0,0,0,0,0,0,0,0,0,0,2,0.855775,1.20968,0,1,1,0,0,0,0,0,1.1367,-0.4038,2.4877,0,0,0,0,0,0,1.29269,-0.36663,2.62084,1.50481,0,0,0,0,1,0,0,0,0,0,0,0,1.27167,1.68278,0.222427,0,0,0,0,0,0,0,0,0,0,0,0,0,0
24.55,-0.00620183,-0.0052047,-0.000186363,0,-0,0,3.05569,1.99146,-2.34768,-0.00480512,0.00256005,-0.00124943,-0.000450096,-0.00160419,-0.00239492,3,2,3.92699,0,0,0,0,0,0,0,0.0258779,0.0301505,0.000954499,0.00446237,2,3,2,3.92699,0,0,0,0,0,0,0,0,0,0,1.5708,1.5708,0,1.5708,1.5708,0,-0.00516432,-0.00423447,0.015085,0,0,0,1.76509,1.21764,0.198621,0.000416298,0.000302762,-0.0768807,0.00127502,0.00105314,0.018474,1.75578,1.20968,0,0,0,0,0,0,0,0,0,0,0,0,2,1.75578,1.20968,0,0.344544,0.487027,3.7308e-15,0,0,0,0,0,0,0,0,0,0,0,0,0.855775,1.20968,0,0,0,0,0,0,0,0,0,0,0,0,2,0.855775,1.20968,0,1,1,0,0,0,0,0,1.2116,-0.3265,2.5463,0,0,0,0,0,0,1.25874,-0.35447,2.4496,1.50481,0,0,0,0,1,0,0,0,0,0,0,0,1.27167,1.69812,0.204019,0,0,0,0,0,0,0,0,0,0,0,0,0,0
24.6,-0.00688463,-0.00423644,-3.67704e-05,0,-0,0,3.05522,1.9917,-2.34784,-0.00454587,0.00224505,-0.00158418,0.000730071,-0.00191815,-0.00245967,3,2,3.92699,0,0,0,0,0,0,0,0.0258779,0.0301505,0.000954499,0.00446237,2,3,2,3.92699,0,0,0,0,0,0,0,0,0,0,1.5708,1.5708,0,1.5708,1.5708,0,-0.00642331,-0.004317,0.0133109,0,0,0,1.76517,1.21767,0.19116,0.0007774,0.000323045,-0.0710253,0.0020671,0.000947137,0.034052,1.75578,1.20968,0,0,0,0,0,0,0,0,0,0,0,0,2,1.75578,1.20968,0,0.344544,0.487027,3.7308e-15,0,0,0,0,0,0,0,0,0,0,0,0,0.855775,1.20968,0,0,0,0,0,0,0,0,0,0,0,0,2,0.855775,1.20968,0,1,1,0,0,0,0,0,1.2116,-0.3265,2.5463,0,0,0,0,0,0,1.25874,-0.35447,2.4496,1.50444,0,0,0,0,1,0,0,0,0,0,0,0,1.27167,1.69812,0.204019,0,0,0,0,0,0,0,0,0,0,0,0,0,0
24.65,-0.00688463,-0.00423644,-3.67704e-05,0,-0,0,3.05522,1.9917,-2.34784,-0.00454587,0.00224505,-0.00158418,0.000730071,-0.00191815,-0.00245967,3,2,3.92699,0,0,0,0,0,0,0,0.0269551,0.0276032,0.00642298,0.0070494,2,3,2,3.92699,0,0,0,0,0,0,0,0,0,0,1.5708,1.5708,0,1.5708,1.5708,0,-0.00642331,-0.004317,0.0133109,0,0,0,1.76517,1.21767,0.19116,0.0007774,0.000323045,-0.0710253,0.0020671,0.000947137,0.034052,1.75578,1.20968,0,0,0,0,0,0,0,0,0,0,0,0,2,1.75578,1.20968,0,0.344544,0.487027,3.7308e-15,0,0,0,0,0,0,0,0,0,0,0,0,0.855775,1.20968,0,0,0,0,0,0,0,0,0,0,0,0,2,0.855775,1.20968,0,1,1,0,0,0,0,0,1.2116,-0.3265,2.5463,0,0,0,0,0,0,1.25874,-0.35447,2.4496,1.50444,0,0,0,0,1,0,0,0,0,0,0,0,1.27167,1.69812,0.204019,0,0,0,0,0,0,0,0,0,0,0,0,0,0
24.7,-0.00599123,-0.00407513,0.000467391,0,-0,0,3.05476,1.99191,-2.34811,-0.0047567,0.00217265,-0.00277206,0.000718347,-0.00195738,-0.00586297,3,2,3.92699,0,0,0,0,0,0,0,0.0269551,0.0276032,0.00642298,0.0070494,2,3,2,3.92699,0,0,0,0,0,0,0,0,0,0,1.5708,1.5708,0,1.5708,1.5708,0,-0.00631308,-0.00465036,0.0161273,0,0,0,1.76524,1.21771,0.183897,0.000736644,0.000416532,-0.0764912,0.00102959,0.000859665,0.0159082,1.75578,1.20968,0,0,0,0,0,0,0,0,0,0,0,0,2,1.75578,1.20968,0,0.344544,0.487027,3.7308e-15,0,0,0,0,0,0,0,0,0,0,0,0,0.855775,1.20968,0,0,0,0,0,0,0,0,0,0,0,0,2,0.855775,1.20968,0,1,1,0,0,0,0,0,1.2116,-0.3265,2.5463,0,0,0,0,0,0,1.25874,-0.35447,2.4496,1.50408,0,0,0,0,1,0,0,0,0,0,0,0,1.27167,1.69812,0.204019,0,0,0,0,0,0,0,0,0,0,0,0,0,0
24.75,-0.00599123,-0.00407513,0.000467391,0,-0,0,3.05476,1.99191,-2.34811,-0.0047567,0.00217265,-0.00277206,0.000718347,-0.00195738,-0.00586297,3,2,3.92699,0,0,0,0,0,0.00252056,0,0.0307305,0.0178665,0.0106314,0.00176587,2,3,2,3.92699,0,0,0,0,0,0,0,0,0,0,1.5708,1.5708,0,1.5708,1.5708,0,-0.00631308,-0.00465036,0.0161273,0,0,0,1.76524,1.21771,0.183897,0.000736644,0.000416532,-0.0764912,0.00102959,0.000859665,0.0159082,1.75578,1.20968,0,0,0,0,0,0,0,0,0,0,0,0,2,1.75578,1.20968,0,0.344544,0.487027,3.7308e-15,0,0,0,0,0,0,0,0,0,0,0,0,0.855775,1.20968,0,0,0,0,0,0,0,0,0,0,0,0,2,0.855775,1.20968,0,1,1,0,0,0,0,0,1.1517,-0.3839,2.4713,0,0,0,0,0,0,1.25655,-0.35026,2.45651,1.50408,0,0,0,0,1,0,0,0,0,0,0,0,1.27167,1.69812,0.204019,0,0,0,0,0,0,0,0,0,0,0,0,0,0
24.8,-0.0169103,0.00611153,-0.0105858,0,-0,0,3.0546,1.99182,-2.34552,-0.00150228,-0.000834599,0.0239092,0.0121308,-0.0126422,0.10308,3,2,3.92699,0,0,0,0,0,0.00252056,0,0.0307305,0.0178665,0.0106314,0.00176587,2,3,2,3.92699,0,0,0,0,0,0,0,0,0,0,1.5708,1.5708,0,1.5708,1.5708,0,-0.00646873,-0.00428328,0.0119785,0,0,0,1.76533,1.21775,0.176873,0.000772568,0.000304516,-0.0648877,0.000838883,0.000164885,0.0308455,1.75578,1.20968,0,0,0,0,0,0,0,0,0,0,0,0,2,1.75578,1.20968,0,0.344544,0.487027,3.7308e-15,0,0,0,0,0,0,0,0,0,0,0,0,0.855775,1.20968,0,0,0,0,0,0,0,0,0,0,0,0,2,0.855775,1.20968,0,1,1,0,0,0,0,0,1.1517,-0.3839,2.4713,0,0,0,0,0,0,1.25655,-0.35026,2.45651,1.5038,0,0,0,0,1,0,0,0,0,0,0,0,1.27167,1.71499,0.185612,0,0,0,0,0,0,0,0,0,0,0,0,0,0
24.85,-0.0169103,0.00611153,-0.0105858,0,-0,0,3.0546,1.99182,-2.34552,-0.00150228,-0.000834599,0.0239092,0.0121308,-0.0126422,0.10308,3,2,3.92699,0,0,0,0,0.126369,0,0.109539,0,0.179366,0.0138815,0.210199,2,3,2,3.92699,0,0,0,0,0,0,0,0,0,0,1.5708,1.5708,0,1.5708,1.5708,0,-0.00646873,-0.00428328,0.0119785,0,0,0,1.76533,1.21775,0.176873,0.000772568,0.000304516,-0.0648877,0.000838883,0.000164885,0.0308455,1.75578,1.20968,0,0,0,0,0,0,0,0,0,0,0,0,2,1.75578,1.20968,0,0.344544,0.487027,3.7308e-15,0,0,0,0,0,0,0,0,0,0,0,0,0.855775,1.20968,0,0,0,0,0,0,0,0,0,0,0,0,2,0.855775,1.20968,0,1,1,0,0,0,0,0,1.1517,-0.3839,2.4713,0,0,0,0,0,0,1.25655,-0.35026,2.45651,1.5038,0,0,0,0,1,0,0,0,0,0,0,0,1.27167,1.71499,0.185612,0,0,0,0,0,0,0,0,0,0,0,0,0,0
24.9,-0.0491873,0.0464061,-0.0462619,0,-0,0,3.05535,1.99063,-2.33526,0.00797153,-0.0126318,0.109646,0.0470027,-0.0554732,0.407561,3,2,3.92699,0,0,0,0,0.126369,0,0.109539,0,0.179366,0.0138815,0.210199,2,3,2,3.92699,0,0,0,0,0,0,0,0,0,0,1.5708,1.5708,0,1.5708,1.5708,0,-0.00644337,-0.00503647,0.0156553,0,0,0,1.7654,1.21779,0.170084,0.000756707,0.000520562,-0.0725627,0.000121563,0.000735139,0.0158011,1.75578,1.20968,0,0,0,0,0,0,0,0,0,0,0,0,2,1.75578,1.20968,0,0.344544,0.487027,3.7308e-15,0,0,0,0,0,0,0,0,0,0,0,0,0.855775,1.20968,0,0,0,0,0,0,0,0,0,0,0,0,2,0.855775,1.20968,0,1,1,0,0,0,0,0,1.1517,-0.3839,2.4713,0,0,0,0,0,0,1.25655,-0.35026,2.45651,1.50375,0,0,0,0,1,0,0,0,0,0,0,0,1.27167,1.71499,0.185612,0,0,0,0,0,0,0,0,0,0,0,0,0,0
24.95,-0.0491873,0.0464061,-0.0462619,0,-0,0,3.05535,1.99063,-2.33526,0.00797153,-0.0126318,0.109646,0.0470027,-0.0554732,0.407561,3,2,3.92699,0,0,0,0,0.649523,0,0.317541,0,0.659748,0.228419,1,2,3,2,3.92699,0,0,0,0,0,0,0,0,0,0,1.5708,1.5708,0,1.5708,1.5708,0,-0.00644337,-0.00503647,0.0156553,0,0,0,1.7654,1.21779,0.170084,0.000756707,0.000520562,-0.0725627,0.000121563,0.000735139,0.0158011,1.75578,1.20968,0,0,0,0,0,0,0,0,0,0,0,0,2,1.75578,1.20968,0,0.344544,0.487027,3.7308e-15,0,0,0,0,0,0,0,0,0,0,0,0,0.855775,1.20968,0,0,0,0,0,0,0,0,0,0,0,0,2,0.855775,1.20968,0,1,1,0,0,0,0,0,1.209,-0.34,2.5053,0,0,0,0,0,0,1.25655,-0.35026,2.45651,1.50375,0,0,0,0,1,0,0,0,0,0,0,0,1.27167,1.71499,0.185612,0,0,0,0,0,0,0,0,0,0,0,0,0,0
25,-0.0481784,0.0419726,-0.0434267,0,-0,0,3.05613,1.98948,-2.3249,0.00757948,-0.0111809,0.10059,0.033079,-0.0363125,0.277401,3,2,3.92699,0,0,0,0,0.649523,0,0.317541,0,0.659748,0.228419,1,2,3,2,3.92699,0,0,0,0,0,0,0,0,0,0,1.5708,1.5708,0,1.5708,1.5708,0,-0.00687887,-0.00465327,0.0132556,0,0,0,1.76549,1.21784,0.163354,0.000874282,0.000402786,-0.0653165,0.000700101,0.000199431,0.0133093,1.75578,1.20968,0,0,0,0,0,0,0,0,0,0,0,0,2,1.75578,1.20968,0,0.344544,0.487027,3.7308e-15,0,0,0,0,0,0,0,0,0,0,0,0,0.855775,1.20968,0,0,0,0,0,0,0,0,0,0,0,0,2,0.855775,1.20968,0,1,1,0,0,0,0,0,1.209,-0.34,2.5053,0,0,0,0,0,0,1.28805,-0.355,2.58632,1.50373,0,0,0,0,1,0,0,0,0,0,0,0,1.27167,1.73493,0.168738,0,0,0,0,0,0,0,0,0,0,0,0,0,0
25.05,-0.0481784,0.0419726,-0.0434267,-0.0913257,0.0791562,-0.0210819,3.05613,1.98948,-2.3249,0.00757948,-0.0111809,0.10059,0.033079,-0.0363125,0.277401,3,2,3.92699,0,0,0,0,0.600868,0,0.324106,0,0.63411,0.188018,0.967435,2,3,2,3.92699,0,0,0,0,0,0,0,0,0,0,1.5708,1.5708,0,1.5708,1.5708,0,-0.00687887,-0.00465327,0.0132556,0,0,0,1.76549,1.21784,0.163354,0.000874282,0.000402786,-0.0653165,0.000700101,0.000199431,0.0133093,1.75578,1.20968,0,0,0,0,0,0,0,0,0,0,0,0,2,1.75578,1.20968,0,0.344544,0.487027,3.7308e-15,0,0,0,0,0,0,0,0,0,0,0,0,0.855775,1.20968,0,0,0,0,0,0,0,0,0,0,0,0,2,0.855775,1.20968,0,1,1,0,0,0,0,0,1.209,-0.34,2.5053,0,0,0,0,0,0,1.28805,-0.355,2.58632,1.50373,0,0,0,0,1,0,0,0,0,0,0,0,1.27167,1.73493,0.168738,0,0,0,0,0,0,0,0,0,0,0,0,0,0
25.1,-0.0509554,0.0424153,-0.0455272,-0.0913257,0.0791562,-0.0210819,3.05696,1.98837,-2.31456,0.00830352,-0.0111791,0.103686,0.0195411,-0.0171934,0.143481,3,2,3.92699,0,0,0,0,0.600868,0,0.324106,0,0.63411,0.188018,0.967435,2,3,2,3.92699,0,0,0,0,0,0,0,0,0,0,1.5708,1.5708,0,1.5708,1.5708,0,-0.00296777,-0.00818746,0.0130518,0,0,0,1.76546,1.21798,0.15702,-0.000274333,0.00142678,-0.0635463,-0.00423166,0.00406012,0.0262832,1.75578,1.20968,0,0,0,0,0,0,0,0,0,0,0,0,2,1.75578,1.20968,0,0.344544,0.487027,3.7308e-15,0,0,0,0,0,0,0,0,0,0,0,0,0.855775,1.20968,0,0,0,0,0,0,0,0,0,0,0,0,2,0.855775,1.20968,0,1,1,0,0,0,0,0,1.209,-0.34,2.5053,0,0,0,0,0,0,1.28805,-0.355,2.58632,1.50382,0,0,0,0,1,0,0,0,0,0,0,0,1.27167,1.73493,0.168738,0,0,0,0,0,0,0,0,0,0,0,0,0,0
25.15,-0.0509554,0.0424153,-0.0455272,-0.089597,0.0760506,-0.0205003,3.05696,1.98837,-2.31456,0.00830352,-0.0111791,0.103686,0.0195411,-0.0171934,0.143481,3,2,3.92699,0,0,0,0,0.620716,0,0.321025,0,0.668316,0.216673,1,2,3,2,3.92699,0,0,0,0,0,0,0,0,0,0,1.5708,1.5708,0,1.5708,1.5708,0,-0.00296777,-0.00818746,0.0130518,0,0,0,1.76546,1.21798,0.15702,-0.000274333,0.00142678,-0.0635463,-0.00423166,0.00406012,0.0262832,1.75578,1.20968,0,0,0,0,0,0,0,0,0,0,0,0,2,1.75578,1.20968,0,0.344544,0.487027,3.7308e-15,0,0,0,0,0,0,0,0,0,0,0,0,0.855775,1.20968,0,0,0,0,0,0,0,0,0,0,0,0,2,0.855775,1.20968,0,1,1,0,0,0,0,0,1.2027,-0.3688,2.4716,0,0,0,0,0,0,1.25678,-0.35778,2.55156,1.50382,0,0,0,0,1,0,0,0,0,0,0,0,1.27167,1.73493,0.168738,0,0,0,0,0,0,0,0,0,0,0,0,0,0
25.2,-0.0610372,0.0527891,-0.0517416,-0.089597,0.0760506,-0.0205003,3.05806,1.98697,-2.30299,0.0111585,-0.014086,0.116659,0.0216458,-0.0198335,0.1242,3,2,3.92699,0,0,0,0,0.620716,0,0.321025,0,0.668316,0.216673,1,2,3,2,3.92699,0,0,0,0,0,0,0,0,0,0,1.5708,1.5708,0,1.5708,1.5708,0,-0.0062338,-0.00541521,0.0133846,0,0,0,1.76553,1.21804,0.150762,0.000679557,0.00060323,-0.0631099,0.000624202,-0.000301912,0.016742,1.75578,1.20968,0,0,0,0,0,0,0,0,0,0,0,0,2,1.75578,1.20968,0,0.344544,0.487027,3.7308e-15,0,0,0,0,0,0,0,0,0,0,0,0,0.855775,1.20968,0,0,0,0,0,0,0,0,0,0,0,0,2,0.855775,1.20968,0,1,1,0,0,0,0,0,1.2027,-0.3688,2.4716,0,0,0,0,0,0,1.25678,-0.35778,2.55156,1.50396,0,0,0,0,1,0,0,0,0,0,0,0,1.27167,1.73493,0.168738,0,0,0,0,0,0,0,0,0,0,0,0,0,0
25.25,-0.0610372,0.0527891,-0.0517416,-0.0904707,0.0750091,-0.0205003,3.05806,1.98697,-2.30299,0.0111585,-0.014086,0.116659,0.0216458,-0.0198335,0.1242,3,2,3.92699,0,0,0,0,0.720698,0,0.26474,0,0.745061,0.337721,1,2,3,2,3.92699,0,0,0,0,0,0,0,0,0,0,1.5708,1.5708,0,1.5708,1.5708,0,-0.0062338,-0.00541521,0.0133846,0,0,0,1.76553,1.21804,0.150762,0.000679557,0.00060323,-0.0631099,0.000624202,-0.000301912,0.016742,1.75578,1.20968,0,0,0,0,0,0,0,0,0,0,0,0,2,1.75578,1.20968,0,0.344544,0.487027,3.7308e-15,0,0,0,0,0,0,0,0,0,0,0,0,0.855775,1.20968,0,0,0,0,0,0,0,0,0,0,0,0,2,0.855775,1.20968,0,1,1,0,0,0,0,0,1.2027,-0.3688,2.4716,0,0,0,0,0,0,1.25678,-0.35778,2.55156,1.50396,0,0,0,0,1,0,0,0,0,0,0,0,1.27167,1.75181,0.151864,0,0,0,0,0,0,0,0,0,0,0,0,0,0
25.3,-0.0665201,0.0592158,-0.0535474,-0.115016,0.0987584,-0.0205492,3.0593,1.98543,-2.29139,0.0126358,-0.015806,0.118777,0.0191424,-0.0190416,0.0795074,3,2,3.92699,0,0,0,0,0.720698,0,0.26474,0,0.745061,0.337721,1,2,3,2,3.92699,0,0,0,0,0,0,0,0,0,0,1.5708,1.5708,0,1.5708,1.5708,0,-0.00670015,-0.00432018,0.0132283,0,0,0,1.76561,1.21806,0.144755,0.000807552,0.000277518,-0.0615217,0.00154343,-0.00208494,0.0160458,1.75578,1.20968,0,0,0,0,0,0,0,0,0,0,0,0,2,1.75578,1.20968,0,0.344544,0.487027,3.7308e-15,0,0,0,0,0,0,0,0,0,0,0,0,0.855775,1.20968,0,0,0,0,0,0,0,0,0,0,0,0,2,0.855775,1.20968,0,1,1,0,0,0,0,0,1.2027,-0.3688,2.4716,0,0,0,0,0,0,1.25678,-0.35778,2.55156,1.50415,0,0,0,0,1,0,0,0,0,0,0,0,1.27167,1.75181,0.151864,0,0,0,0,0,0,0,0,0,0,0,0,0,0
25.35,-0.0665201,0.0592158,-0.0535474,-0.116153,0.0974178,-0.0205492,3.0593,1.98543,-2.29139,0.0126358,-0.015806,0.118777,0.0191424,-0.0190416,0.0795074,3,2,3.92699,0,0,0,0,0.762773,0,0.215685,0,0.75771,0.39912,1,2,3,2,3.92699,0,0,0,0,0,0,0,0,0,0,1.5708,1.5708,0,1.5708,1.5708,0,-0.00670015,-0.00432018,0.0132283,0,0,0,1.76561,1.21806,0.144755,0.000807552,0.000277518,-0.0615217,0.00154343,-0.00208494,0.0160458,1.75578,1.20968,0,0,0,0,0,0,0,0,0,0,0,0,2,1.75578,1.20968,0,0.344544,0.487027,3.7308e-15,0,0,0,0,0,0,0,0,0,0,0,0,0.855775,1.20968,0,0,0,0,0,0,0,0,0,0,0,0,2,0.855775,1.20968,0,1,1,0,0,0,0,0,1.1949,-0.4017,2.4362,0,0,0,0,0,0,1.25678,-0.35778,2.55156,1.50415,0,0,0,0,1,0,0,0,0,0,0,0,1.27167,1.75181,0.151864,0,0,0,0,0,0,0,0,0,0,0,0,0,0
25.4,-0.0626622,0.0571166,-0.0487405,-0.116153,0.0974178,-0.0205492,3.06042,1.98394,-2.28101,0.0113586,-0.0150068,0.104865,0.00667549,-0.00888445,-0.0087071,3,2,3.92699,0,0,0,0,0.762773,0,0.215685,0,0.75771,0.39912,1,2,3,2,3.92699,0,0,0,0,0,0,0,0,0,0,1.5708,1.5708,0,1.5708,1.5708,0,-0.00785767,-0.00424161,0.0124687,0,0,0,1.76572,1.21809,0.138961,0.00113512,0.000251428,-0.0584937,0.00240249,-0.00160442,0.0192598,1.75578,1.20968,0,0,0,0,0,0,0,0,0,0,0,0,2,1.75578,1.20968,0,0.344544,0.487027,3.7308e-15,0,0,0,0,0,0,0,0,0,0,0,0,0.855775,1.20968,0,0,0,0,0,0,0,0,0,0,0,0,2,0.855775,1.20968,0,1,1,0,0,0,0,0,1.1949,-0.4017,2.4362,0,0,0,0,0,0,1.31148,-0.40673,2.84055,1.50426,0,0,0,0,1,0,0,0,0,0,0,0,1.27167,1.75181,0.151864,0,0,0,0,0,0,0,0,0,0,0,0,0,0
25.45,-0.0626622,0.0571166,-0.0487405,-0.117159,0.0962062,-0.0205492,3.06042,1.98394,-2.28101,0.0113586,-0.0150068,0.104865,0.00667549,-0.00888445,-0.0087071,3,2,3.92699,0,0,0,0,0.708229,0,0.210369,0,0.67735,0.343463,1,2,3,2,3.92699,0,0,0,0,0,0,0,0,0,0,1.5708,1.5708,0,1.5708,1.5708,0,-0.00785767,-0.00424161,0.0124687,0,0,0,1.76572,1.21809,0.138961,0.00113512,0.000251428,-0.0584937,0.00240249,-0.00160442,0.0192598,1.75578,1.20968,0,0,0,0,0,0,0,0,0,0,0,0,2,1.75578,1.20968,0,0.344544,0.487027,3.7308e-15,0,0,0,0,0,0,0,0,0,0,0,0,0.855775,1.20968,0,0,0,0,0,0,0,0,0,0,0,0,2,0.855775,1.20968,0,1,1,0,0,0,0,0,1.1949,-0.4017,2.4362,0,0,0,0,0,0,1.31148,-0.40673,2.84055,1.50426,0,0,0,0,1,0,0,0,0,0,0,0,1.27167,1.75181,0.151864,0,0,0,0,0,0,0,0,0,0,0,0,0,0
25.5,-0.0596471,0.0533446,-0.0430493,-0.117159,0.0962062,-0.0205492,3.06145,1.98257,-2.27214,0.0103425,-0.0137262,0.0890809,-0.00190557,0.00134228,-0.0819819,3,2,3.92699,0,0,0,0,0.708229,0,0.210369,0,0.67735,0.343463,1,2,3,2,3.92699,0,0,0,0,0,0,0,0,0,0,1.5708,1.5708,0,1.5708,1.5708,0,-0.00667379,-0.00439035,0.0121219,0,0,0,1.7658,1.21812,0.133334,0.00077728,0.000291786,-0.0565136,0.00013368,-0.000746135,0.0207319,1.75578,1.20968,0,0,0,0,0,0,0,0,0,0,0,0,2,1.75578,1.20968,0,0.344544,0.487027,3.7308e-15,0,0,0,0,0,0,0,0,0,0,0,0,0.855775,1.20968,0,0,0,0,0,0,0,0,0,0,0,0,2,0.855775,1.20968,0,1,1,0,0,0,0,0,1.1949,-0.4017,2.4362,0,0,0,0,0,0,1.31148,-0.40673,2.84055,1.50437,0,0,0,0,1,0,0,0,0,0,0,0,1.27167,1.76561,0.133456,0,0,0,0,0,0,0,0,0,0,0,0,0,0
25.55,-0.0596471,0.0533446,-0.0430493,-0.112225,0.100031,-0.0193018,3.06145,1.98257,-2.27214,0.0103425,-0.0137262,0.0890809,-0.00190557,0.00134228,-0.0819819,3,2,3.92699,0,0,0,0,0.629145,0,0.224351,0,0.6016,0.25689,1,2,3,2,3.92699,0,0,0,0,0,0,0,0,0,0,1.5708,1.5708,0,1.5708,1.5708,0,-0.00667379,-0.00439035,0.0121219,0,0,0,1.7658,1.21812,0.133334,0.00077728,0.000291786,-0.0565136,0.00013368,-0.000746135,0.0207319,1.75578,1.20968,0,0,0,0,0,0,0,0,0,0,0,0,2,1.75578,1.20968,0,0.344544,0.487027,3.7308e-15,0,0,0,0,0,0,0,0,0,0,0,0,0.855775,1.20968,0,0,0,0,0,0,0,0,0,0,0,0,2,0.855775,1.20968,0,1,1,0,0,0,0,0,1.2841,-0.3327,2.502,0,0,0,0,0,0,1.31148,-0.40673,2.84055,1.50437,0,0,0,0,1,0,0,0,0,0,0,0,1.27167,1.76561,0.133456,0,0,0,0,0,0,0,0,0,0,0,0,0,0
25.6,-0.0702157,0.070101,-0.0568371,-0.112225,0.100031,-0.0193018,3.06282,1.98068,-2.25977,0.0133108,-0.0184647,0.120531,0.00993531,-0.0172592,0.0701019,3,2,3.92699,0,0,0,0,0.629145,0,0.224351,0,0.6016,0.25689,1,2,3,2,3.92699,0,0,0,0,0,0,0,0,0,0,1.5708,1.5708,0,1.5708,1.5708,0,-0.00683543,-0.00455265,0.0113611,0,0,0,1.76588,1.21815,0.127841,0.000814968,0.000335505,-0.053543,-5.39276e-05,-0.000143191,0.0226437,1.75578,1.20968,0,0,0,0,0,0,0,0,0,0,0,0,2,1.75578,1.20968,0,0.344544,0.487027,3.7308e-15,0,0,0,0,0,0,0,0,0,0,0,0,0.855775,1.20968,0,0,0,0,0,0,0,0,0,0,0,0,2,0.855775,1.20968,0,1,1,0,0,0,0,0,1.2841,-0.3327,2.502,0,0,0,0,0,0,1.24847,-0.42455,3.08524,1.50449,0,0,0,0,1,0,0,0,0,0,0,0,1.27167,1.76561,0.133456,0,0,0,0,0,0,0,0,0,0,0,0,0,0
25.65,-0.0702157,0.070101,-0.0568371,-0.110105,0.0957243,-0.0187321,3.06282,1.98068,-2.25977,0.0133108,-0.0184647,0.120531,0.00993531,-0.0172592,0.0701019,3,2,3.92699,0,0,0,0,0.873813,0,0.173449,0,0.748765,0.473259,1,2,3,2,3.92699,0,0,0,0,0,0,0,0,0,0,1.5708,1.5708,0,1.5708,1.5708,0,-0.00683543,-0.00455265,0.0113611,0,0,0,1.76588,1.21815,0.127841,0.000814968,0.000335505,-0.053543,-5.39276e-05,-0.000143191,0.0226437,1.75578,1.20968,0,0,0,0,0,0,0,0,0,0,0,0,2,1.75578,1.20968,0,0.344544,0.487027,3.7308e-15,0,0,0,0,0,0,0,0,0,0,0,0,0.855775,1.20968,0,0,0,0,0,0,0,0,0,0,0,0,2,0.855775,1.20968,0,1,1,0,0,0,0,0,1.2841,-0.3327,2.502,0,0,0,0,0,0,1.24847,-0.42455,3.08524,1.50449,0,0,0,0,1,0,0,0,0,0,0,0,1.27167,1.76561,0.133456,0,0,0,0,0,0,0,0,0,0,0,0,0,0
25.7,-0.099761,0.0982455,-0.0846274,-0.110105,0.0957243,-0.0187321,3.06494,1.9781,-2.24172,0.0218108,-0.0264953,0.185299,0.0399044,-0.0427871,0.306927,3,2,3.92699,0,0,0,0,0.873813,0,0.173449,0,0.748765,0.473259,1,2,3,2,3.92699,0,0,0,0,0,0,0,0,0,0,1.5708,1.5708,0,1.5708,1.5708,0,-0.00928082,-0.000934143,0.0137132,0,0,0,1.76603,1.21808,0.122173,0.00151763,-0.000721847,-0.0581873,0.0026452,-0.00424804,0.00146179,1.75578,1.20968,0,0,0,0,0,0,0,0,0,0,0,0,2,1.75578,1.20968,0,0.344544,0.487027,3.7308e-15,0,0,0,0,0,0,0,0,0,0,0,0,0.855775,1.20968,0,0,0,0,0,0,0,0,0,0,0,0,2,0.855775,1.20968,0,1,1,0,0,0,0,0,1.2841,-0.3327,2.502,0,0,0,0,0,0,1.24847,-0.42455,3.08524,1.50493,0,0,0,0,1,0,0,0,0,0,0,0,1.27167,1.76561,0.133456,0,0,0,0,0,0,0,0,0,0,0,0,0,0
25.75,-0.099761,0.0982455,-0.0846274,-0.111814,0.0937215,-0.0187321,3.06494,1.9781,-2.24172,0.0218108,-0.0264953,0.185299,0.0399044,-0.0427871,0.306927,3,2,3.92699,0,0,0,0.0645405,1,0,0.0757733,0,0.933683,0.900436,1,2,3,2,3.92699,0,0,0,0,0,0,0,0,0,0,1.5708,1.5708,0,1.5708,1.5708,0,-0.00928082,-0.000934143,0.0137132,0,0,0,1.76603,1.21808,0.122173,0.00151763,-0.000721847,-0.0581873,0.0026452,-0.00424804,0.00146179,1.75578,1.20968,0,0,0,0,0,0,0,0,0,0,0,0,2,1.75578,1.20968,0,0.344544,0.487027,3.7308e-15,0,0,0,0,0,0,0,0,0,0,0,0,0.855775,1.20968,0,0,0,0,0,0,0,0,0,0,0,0,2,0.855775,1.20968,0,1,1,0,0,0,0,0,1.1746,-0.4731,2.3639,0,0,0,0,0,0,1.24847,-0.42455,3.08524,1.50493,0,0,0,0,1,0,0,0,0,0,0,0,1.27167,1.78249,0.118117,0,0,0,0,0,0,0,0,0,0,0,0,0,0
25.8,-0.0944085,0.0876454,-0.077115,-0.190377,0.174713,-0.015833,3.06703,1.97568,-2.22461,0.0199754,-0.0230666,0.163379,0.0237103,-0.0191992,0.154693,3,2,3.92699,0,0,0,0.0645405,1,0,0.0757733,0,0.933683,0.900436,1,2,3,2,3.92699,0,0,0,0,0,0,0,0,0,0,1.5708,1.5708,0,1.5708,1.5708,0,-0.00773662,-0.00421427,0.0101925,0,0,0,1.76614,1.21811,0.11709,0.00104981,0.000241188,-0.0485164,0.000283549,0.000709485,0.0274168,1.75578,1.20968,0,0,0,0,0,0,0,0,0,0,0,0,2,1.75578,1.20968,0,0.344544,0.487027,3.7308e-15,0,0,0,0,0,0,0,0,0,0,0,0,0.855775,1.20968,0,0,0,0,0,0,0,0,0,0,0,0,2,0.855775,1.20968,0,1,1,0,0,0,0,0,1.1746,-0.4731,2.3639,0,0,0,0,0,0,0,-0,0,1.50541,0,0,0,0,0,0,0,0,0,0,0,0,1.27167,1.78249,0.118117,0,0,0,0,0,0,0,0,0,0,0,0,0,0
25.85,-0.0944085,0.0876454,-0.077115,-0.19334,0.171429,-0.015833,3.06703,1.97568,-2.22461,0.0199754,-0.0230666,0.163379,0.0237103,-0.0191992,0.154693,3,2,3.92699,0,0,0,0.0424432,1,0,0.100737,0,0.941218,0.786196,1,2,3,2,3.92699,0,0,0,0,0,0,0,0,0,0,1.5708,1.5708,0,1.5708,1.5708,0,-0.00773662,-0.00421427,0.0101925,0,0,0,1.76614,1.21811,0.11709,0.00104981,0.000241188,-0.0485164,0.000283549,0.000709485,0.0274168,1.75578,1.20968,0,0,0,0,0,0,0,0,0,0,0,0,2,1.75578,1.20968,0,0.344544,0.487027,3.7308e-15,0,0,0,0,0,0,0,0,0,0,0,0,0.855775,1.20968,0,0,0,0,0,0,0,0,0,0,0,0,2,0.855775,1.20968,0,1,1,0,0,0,0,0,1.1746,-0.4731,2.3639,0,0,0,0,0,0,0,-0,0,1.50541,0,0,0,0,0,0,0,0,0,0,0,0,1.27167,1.78249,0.118117,0,0,0,0,0,0,0,0,0,0,0,0,0,0
25.9,-0.10061,0.0850194,-0.0742038,-0.19334,0.171429,-0.015833,3.06909,1.97358,-2.21001,0.0215678,-0.0220383,0.153288,0.0137645,0.00110925,-0.00555009,3,2,3.92699,0,0,0,0.0424432,1,0,0.100737,0,0.941218,0.786196,1,2,3,2,3.92699,0,0,0,0,0,0,0,0,0,0,1.5708,1.5708,0,1.5708,1.5708,0,-0.00647869,-0.00474674,0.0129951,0,0,0,1.7662,1.21815,0.111913,0.000671751,0.000393564,-0.0543663,-0.00190074,0.00167056,0.00844324,1.75578,1.20968,0,0,0,0,0,0,0,0,0,0,0,0,2,1.75578,1.20968,0,0.344544,0.487027,3.7308e-15,0,0,0,0,0,0,0,0,0,0,0,0,0.855775,1.20968,0,0,0,0,0,0,0,0,0,0,0,0,2,0.855775,1.20968,0,1,1,0,0,0,0,0,1.1746,-0.4731,2.3639,0,0,0,0,0,0,0,-0,0,1.50606,0,0,0,0,0,0,0,0,0,0,0,0,1.27167,1.78249,0.118117,0,0,0,0,0,0,0,0,0,0,0,0,0,0
25.95,-0.10061,0.0850194,-0.0742038,-0.195821,0.168589,-0.015833,3.06909,1.97358,-2.21001,0.0215678,-0.0220383,0.153288,0.0137645,0.00110925,-0.00555009,3,2,3.92699,0,0,0,0.00247766,1,0,0.0532626,0,0.951225,0.786972,1,2,3,2,3.92699,0,0,0,0,0,0,0,0,0,0,1.5708,1.5708,0,1.5708,1.5708,0,-0.00647869,-0.00474674,0.0129951,0,0,0,1.7662,1.21815,0.111913,0.000671751,0.000393564,-0.0543663,-0.00190074,0.00167056,0.00844324,1.75578,1.20968,0,0,0,0,0,0,0,0,0,0,0,0,2,1.75578,1.20968,0,0.344544,0.487027,3.7308e-15,0,0,0,0,0,0,0,0,0,0,0,0,0.855775,1.20968,0,0,0,0,0,0,0,0,0,0,0,0,2,0.855775,1.20968,0,1,1,0,0,0,0,0,1.1595,-0.5191,2.3219,0,0,0,0,0,0,0,-0,0,1.50606,0,0,0,0,0,0,0,0,0,0,0,0,1.27167,1.79936,0.101243,0,0,0,0,0,0,0,0,0,0,0,0,0,0
26,-0.0980522,0.0744018,-0.0632534,-0.195821,0.168589,-0.015833,3.07114,1.97172,-2.19763,0.0205648,-0.01867,0.123857,0.00717814,0.0124416,-0.11165,3,2,3.92699,0,0,0,0.00247766,1,0,0.0532626,0,0.951225,0.786972,1,2,3,2,3.92699,0,0,0,0,0,0,0,0,0,0,1.5708,1.5708,0,1.5708,1.5708,0,-0.0074025,-0.00581815,0.0114506,0,0,0,1.76629,1.21822,0.106956,0.000932765,0.000700795,-0.049577,-0.000247747,0.00243048,0.0112212,1.75578,1.20968,0,0,0,0,0,0,0,0,0,0,0,0,2,1.75578,1.20968,0,0.344544,0.487027,3.7308e-15,0,0,0,0,0,0,0,0,0,0,0,0,0.855775,1.20968,0,0,0,0,0,0,0,0,0,0,0,0,2,0.855775,1.20968,0,1,1,0,0,0,0,0,1.1595,-0.5191,2.3219,0,0,0,0,0,0,0,-0,0,1.50678,0,0,0,0,0,0,0,0,0,0,0,0,1.27167,1.79936,0.101243,0,0,0,0,0,0,0,0,0,0,0,0,0,0
26,-0.0980522,0.0744018,-0.0632534,-0.187753,0.141868,-0.0169973,3.07114,1.97172,-2.19763,0.0205648,-0.01867,0.123857,0.00717814,0.0124416,-0.11165,3,2,3.92699,0,0,0,0,0.921537,0,0.0324908,0,0.887798,0.665671,1,2,3,2,3.92699,0,0,0,0,0,0,0,0,0,0,1.5708,1.5708,0,1.5708,1.5708,0,-0.0074025,-0.00581815,0.0114506,0,0,0,1.76629,1.21822,0.106956,0.000932765,0.000700795,-0.049577,-0.000247747,0.00243048,0.0112212,1.75578,1.20968,0,0,0,0,0,0,0,0,0,0,0,0,2,1.75578,1.20968,0,0.344544,0.487027,3.7308e-15,0,0,0,0,0,0,0,0,0,0,0,0,0.855775,1.20968,0,0,0,0,0,0,0,0,0,0,0,0,2,0.855775,1.20968,0,1,1,0,0,0,0,0,1.1595,-0.5191,2.3219,0,0,0,0,0,0,0,-0,0,1.50678,0,0,0,0,0,0,0,0,0,0,0,0,1.27167,1.79936,0.101243,0,0,0,0,0,0,0,0,0,0,0,0,0,0
26.05,-0.0925106,0.0722111,-0.0596396,-0.187753,0.141868,-0.0169973,3.07301,1.96994,-2.18636,0.0187,-0.0178086,0.112704,-0.00541844,0.0138836,-0.136002,3,2,3.92699,0,0,0,0,0.921537,0,0.0324908,0,0.887798,0.665671,1,2,3,2,3.92699,0,0,0,0,0,0,0,0,0,0,1.5708,1.5708,0,1.5708,1.5708,0,-0.00551072,-0.00614463,0.0104725,0,0,0,1.76633,1.21829,0.102333,0.000371216,0.000787612,-0.0462467,-0.00221568,0.00188624,0.0238179,1.75578,1.20968,0,0,0,0,0,0,0,0,0,0,0,0,2,1.75578,1.20968,0,0.344544,0.487027,3.7308e-15,0,0,0,0,0,0,0,0,0,0,0,0,0.855775,1.20968,0,0,0,0,0,0,0,0,0,0,0,0,2,0.855775,1.20968,0,1,1,0,0,0,0,0,1.1595,-0.5191,2.3219,0,0,0,0,0,0,0,-0,0,1.50744,0,0,0,0,0,0,0,0,0,0,0,0,1.27167,1.79936,0.101243,0,0,0,0,0,0,0,0,0,0,0,0,0,0
26.1,-0.0925106,0.0722111,-0.0596396,-0.189339,0.139744,-0.0169973,3.07301,1.96994,-2.18636,0.0187,-0.0178086,0.112704,-0.00541844,0.0138836,-0.136002,3,2,3.92699,0,0,0,0,0.889451,0,0.04935,0,0.816997,0.607172,1,2,3,2,3.92699,0,0,0,0,0,0,0,0,0,0,1.5708,1.5708,0,1.5708,1.5708,0,-0.00551072,-0.00614463,0.0104725,0,0,0,1.76633,1.21829,0.102333,0.000371216,0.000787612,-0.0462467,-0.00221568,0.00188624,0.0238179,1.75578,1.20968,0,0,0,0,0,0,0,0,0,0,0,0,2,1.75578,1.20968,0,0.344544,0.487027,3.7308e-15,0,0,0,0,0,0,0,0,0,0,0,0,0.855775,1.20968,0,0,0,0,0,0,0,0,0,0,0,0,2,0.855775,1.20968,0,1,1,0,0,0,0,0,1.1478,-0.5536,2.2887,0,0,0,0,0,0,0,-0,0,1.50744,0,0,0,0,0,0,0,0,0,0,0,0,1.27167,1.79936,0.101243,0,0,0,0,0,0,0,0,0,0,0,0,0,0
26.15,-0.0913833,0.0724497,-0.0616128,-0.189339,0.139744,-0.0169973,3.07483,1.96817,-2.17484,0.0181496,-0.0176686,0.115249,-0.00714947,0.00908349,-0.0747454,3,2,3.92699,0,0,0,0,0.889451,0,0.04935,0,0.816997,0.607172,1,2,3,2,3.92699,0,0,0,0,0,0,0,0,0,0,1.5708,1.5708,0,1.5708,1.5708,0,-0.007413,-0.00777818,0.0108239,0,0,0,1.76642,1.21842,0.0977151,0.000920544,0.00125384,-0.0461847,0.000598129,0.00292232,0.016234,1.75578,1.20968,0,0,0,0,0,0,0,0,0,0,0,0,2,1.75578,1.20968,0,0.344544,0.487027,3.7308e-15,0,0,0,0,0,0,0,0,0,0,0,0,0.855775,1.20968,0,0,0,0,0,0,0,0,0,0,0,0,2,0.855775,1.20968,0,1,1,0,0,0,0,0,1.1478,-0.5536,2.2887,0,0,0,0,0,0,0,-0,0,1.508,0,0,0,0,0,0,0,0,0,0,0,0,1.27014,1.81777,0.0843689,0,0,0,0,0,0,0,0,0,0,0,0,0,0
26.2,-0.0913833,0.0724497,-0.0616128,-0.190937,0.137553,-0.0169973,3.07483,1.96817,-2.17484,0.0181496,-0.0176686,0.115249,-0.00714947,0.00908349,-0.0747454,3,2,3.92699,0,0,0,0,0.931414,0,0.0710473,0,0.829263,0.614876,1,2,3,2,3.92699,0,0,0,0,0,0,0,0,0,0,1.5708,1.5708,0,1.5708,1.5708,0,-0.007413,-0.00777818,0.0108239,0,0,0,1.76642,1.21842,0.0977151,0.000920544,0.00125384,-0.0461847,0.000598129,0.00292232,0.016234,1.75578,1.20968,0,0,0,0,0,0,0,0,0,0,0,0,2,1.75578,1.20968,0,0.344544,0.487027,3.7308e-15,0,0,0,0,0,0,0,0,0,0,0,0,0.855775,1.20968,0,0,0,0,0,0,0,0,0,0,0,0,2,0.855775,1.20968,0,1,1,0,0,0,0,0,1.1478,-0.5536,2.2887,0,0,0,0,0,0,0,-0,0,1.508,0,0,0,0,0,0,0,0,0,0,0,0,1.27014,1.81777,0.0843689,0,0,0,0,0,0,0,0,0,0,0,0,0,0
26.25,-0.0901219,0.0725077,-0.0601751,-0.190937,0.137553,-0.0169973,3.07659,1.96642,-2.16388,0.0175663,-0.0174772,0.109514,-0.0068457,0.00555655,-0.0594243,3,2,3.92699,0,0,0,0,0.931414,0,0.0710473,0,0.829263,0.614876,1,2,3,2,3.92699,0,0,0,0,0,0,0,0,0,0,1.5708,1.5708,0,1.5708,1.5708,0,-0.00708743,-0.00540709,0.0123006,0,0,0,1.76651,1.21847,0.092829,0.000814992,0.000549022,-0.0488346,0.000318908,-0.000920912,-0.00190058,1.75578,1.20968,0,0,0,0,0,0,0,0,0,0,0,0,2,1.75578,1.20968,0,0.344544,0.487027,3.7308e-15,0,0,0,0,0,0,0,0,0,0,0,0,0.855775,1.20968,0,0,0,0,0,0,0,0,0,0,0,0,2,0.855775,1.20968,0,1,1,0,0,0,0,0,1.1478,-0.5536,2.2887,0,0,0,0,0,0,0,-0,0,1.50855,0,0,0,0,0,0,0,0,0,0,0,0,1.27014,1.81777,0.0843689,0,0,0,0,0,0,0,0,0,0,0,0,0,0
26.3,-0.0901219,0.0725077,-0.0601751,-0.168983,0.135928,-0.0176516,3.07659,1.96642,-2.16388,0.0175663,-0.0174772,0.109514,-0.0068457,0.00555655,-0.0594243,3,2,3.92699,0,0,0,0,0.925113,0,0.0688072,0,0.795795,0.598701,1,2,3,2,3.92699,0,0,0,0,0,0,0,0,0,0,1.5708,1.5708,0,1.5708,1.5708,0,-0.00708743,-0.00540709,0.0123006,0,0,0,1.76651,1.21847,0.092829,0.000814992,0.000549022,-0.0488346,0.000318908,-0.000920912,-0.00190058,1.75578,1.20968,0,0,0,0,0,0,0,0,0,0,0,0,2,1.75578,1.20968,0,0.344544,0.487027,3.7308e-15,0,0,0,0,0,0,0,0,0,0,0,0,0.855775,1.20968,0,0,0,0,0,0,0,0,0,0,0,0,2,0.855775,1.20968,0,1,1,0,0,0,0,0,1.1356,-0.5861,2.2567,0,0,0,0,0,0,0,-0,0,1.50855,0,0,0,0,0,0,0,0,0,0,0,0,1.27014,1.81777,0.0843689,0,0,0,0,0,0,0,0,0,0,0,0,0,0
26.35,-0.090609,0.0900709,-0.0545723,-0.168983,0.135928,-0.0176516,3.07834,1.96418,-2.1545,0.0175019,-0.0224135,0.0938445,-0.00436474,-0.0168258,-0.0964517,3,2,3.92699,0,0,0,0,0.925113,0,0.0688072,0,0.795795,0.598701,1,2,3,2,3.92699,0,0,0,0,0,0,0,0,0,0,1.5708,1.5708,0,1.5708,1.5708,0,-0.00807102,-0.00664346,0.0112753,0,0,0,1.76661,1.21857,0.0882903,0.00109173,0.000902448,-0.0454052,0.00125763,0.000337785,0.0102126,1.75578,1.20968,0,0,0,0,0,0,0,0,0,0,0,0,2,1.75578,1.20968,0,0.344544,0.487027,3.7308e-15,0,0,0,0,0,0,0,0,0,0,0,0,0.855775,1.20968,0,0,0,0,0,0,0,0,0,0,0,0,2,0.855775,1.20968,0,1,1,0,0,0,0,0,1.1356,-0.5861,2.2567,0,0,0,0,0,0,0,-0,0,1.50883,0,0,0,0,0,0,0,0,0,0,0,0,1.27014,1.81777,0.0843689,0,0,0,0,0,0,0,0,0,0,0,0,0,0
26.4,-0.090609,0.0900709,-0.0545723,-0.183875,0.145086,-0.0190641,3.07834,1.96418,-2.1545,0.0175019,-0.0224135,0.0938445,-0.00436474,-0.0168258,-0.0964517,3,2,3.92699,0,0,0,0.0244776,0.933275,0,0.0137273,0,0.648325,0.560165,1,2,3,2,3.92699,0,0,0,0,0,0,0,0,0,0,1.5708,1.5708,0,1.5708,1.5708,0,-0.00807102,-0.00664346,0.0112753,0,0,0,1.76661,1.21857,0.0882903,0.00109173,0.000902448,-0.0454052,0.00125763,0.000337785,0.0102126,1.75578,1.20968,0,0,0,0,0,0,0,0,0,0,0,0,2,1.75578,1.20968,0,0.344544,0.487027,3.7308e-15,0,0,0,0,0,0,0,0,0,0,0,0,0.855775,1.20968,0,0,0,0,0,0,0,0,0,0,0,0,2,0.855775,1.20968,0,1,1,0,0,0,0,0,1.1356,-0.5861,2.2567,0,0,0,0,0,0,0,-0,0,1.50883,0,0,0,0,0,0,0,0,0,0,0,0,1.27014,1.82544,0.0674952,0,0,0,0,0,0,0,0,0,0,0,0,0,0
26.45,-0.0757468,0.061839,-0.0480137,-0.183875,0.145086,-0.0190641,3.07967,1.96275,-2.14663,0.0129391,-0.013878,0.0761267,-0.0197836,0.0202527,-0.129132,3,2,3.92699,0,0,0,0.0244776,0.933275,0,0.0137273,0,0.648325,0.560165,1,2,3,2,3.92699,0,0,0,0,0,0,0,0,0,0,1.5708,1.5708,0,1.5708,1.5708,0,-0.00754652,-0.00516233,0.0107605,0,0,0,1.76671,1.21861,0.0838205,0.000925911,0.000460594,-0.0432442,0.000257035,-0.00136345,0.0142999,1.75578,1.20968,0,0,0,0,0,0,0,0,0,0,0,0,2,1.75578,1.20968,0,0.344544,0.487027,3.7308e-15,0,0,0,0,0,0,0,0,0,0,0,0,0.855775,1.20968,0,0,0,0,0,0,0,0,0,0,0,0,2,0.855775,1.20968,0,1,1,0,0,0,0,0,1.1356,-0.5861,2.2567,0,0,0,0,0,0,0,-0,0,1.50917,0,0,0,0,0,0,0,0,0,0,0,0,1.27014,1.82544,0.0674952,0,0,0,0,0,0,0,0,0,0,0,0,0,0
26.5,-0.0757468,0.061839,-0.0480137,-0.171303,0.132993,-0.0176516,3.07967,1.96275,-2.14663,0.0129391,-0.013878,0.0761267,-0.0197836,0.0202527,-0.129132,3,2,3.92699,0,0,0,0,0.759263,0,0.141317,0,0.622859,0.383466,1,2,3,2,3.92699,0,0,0,0,0,0,0,0,0,0,1.5708,1.5708,0,1.5708,1.5708,0,-0.00754652,-0.00516233,0.0107605,0,0,0,1.76671,1.21861,0.0838205,0.000925911,0.000460594,-0.0432442,0.000257035,-0.00136345,0.0142999,1.75578,1.20968,0,0,0,0,0,0,0,0,0,0,0,0,2,1.75578,1.20968,0,0.344544,0.487027,3.7308e-15,0,0,0,0,0,0,0,0,0,0,0,0,0.855775,1.20968,0,0,0,0,0,0,0,0,0,0,0,0,2,0.855775,1.20968,0,1,1,0,0,0,0,0,1.1253,-0.6114,2.2305,0,0,0,0,0,0,0,-0,0,1.50917,0,0,0,0,0,0,0,0,0,0,0,0,1.27014,1.82544,0.0674952,0,0,0,0,0,0,0,0,0,0,0,0,0,0
26.55,-0.0465928,0.0658182,-0.102036,-0.136668,0.1117,-0.0177002,3.08008,1.96131,-2.12681,0.00425262,-0.0148854,0.205094,-0.0503017,0.0151327,0.419402,3,2,3.92699,0,0,0,0,0.759263,0,0.141317,0,0.622859,0.383466,1,2,3,2,3.92699,0,0,0,0,0,0,0,0,0,0,1.5708,1.5708,0,1.5708,1.5708,0,-0.00817321,-0.00636233,0.0115713,0,0,0,1.76682,1.21869,0.0795327,0.0010979,0.000804788,-0.0443774,0.000574113,0.000252057,0.0106909,1.75578,1.20968,0,0,0,0,0,0,0,0,0,0,0,0,2,1.75578,1.20968,0,0.344544,0.487027,3.7308e-15,0,0,0,0,0,0,0,0,0,0,0,0,0.855775,1.20968,0,0,0,0,0,0,0,0,0,0,0,0,2,0.855775,1.20968,0,1,1,0,0,0,0,0,1.1253,-0.6114,2.2305,0,0,0,0,0,0,0,-0,0,1.50869,0,0,0,0,0,0,0,0,0,0,0,0,1.27014,1.82544,0.0674952,0,0,0,0,0,0,0,0,0,0,0,0,0,0
26.6,-0.0465928,0.0658182,-0.102036,-0.138855,0.10897,-0.0177002,3.08008,1.96131,-2.12681,0.00425262,-0.0148854,0.205094,-0.0503017,0.0151327,0.419402,3,2,3.92699,0,0,0,0.169933,1,0,0.548096,0,0.82794,0.467862,1,2,3,2,3.92699,0,0,0,0,0,0,0,0,0,0,1.5708,1.5708,0,1.5708,1.5708,0,-0.00817321,-0.00636233,0.0115713,0,0,0,1.76682,1.21869,0.0795327,0.0010979,0.000804788,-0.0443774,0.000574113,0.000252057,0.0106909,1.75578,1.20968,0,0,0,0,0,0,0,0,0,0,0,0,2,1.75578,1.20968,0,0.344544,0.487027,3.7308e-15,0,0,0,0,0,0,0,0,0,0,0,0,0.855775,1.20968,0,0,0,0,0,0,0,0,0,0,0,0,2,0.855775,1.20968,0,1,1,0,0,0,0,0,1.1253,-0.6114,2.2305,0,0,0,0,0,0,0,-0,0,1.50869,0,0,0,0,0,0,0,0,0,0,0,0,1.27014,1.82544,0.0674952,0,0,0,0,0,0,0,0,0,0,0,0,0,0
26.65,-0.0933338,0.0533834,-0.0218507,-0.138855,0.10897,-0.0177002,3.08191,1.96018,-2.12604,0.0178827,-0.0110665,0.00761305,0.0213984,0.0212155,-0.436737,3,2,3.92699,0,0,0,0.169933,1,0,0.548096,0,0.82794,0.467862,1,2,3,2,3.92699,0,0,0,0,0,0,0,0,0,0,1.5708,1.5708,0,1.5708,1.5708,0,-0.00786503,-0.00579729,0.0104162,0,0,0,1.76692,1.21875,0.0753732,0.000995078,0.000630734,-0.0407049,0.000152392,-0.000205387,0.0133084,1.75578,1.20968,0,0,0,0,0,0,0,0,0,0,0,0,2,1.75578,1.20968,0,0.344544,0.487027,3.7308e-15,0,0,0,0,0,0,0,0,0,0,0,0,0.855775,1.20968,0,0,0,0,0,0,0,0,0,0,0,0,2,0.855775,1.20968,0,1,1,0,0,0,0,0,1.1253,-0.6114,2.2305,0,0,0,0,0,0,0,-0,0,1.50961,0,0,0,0,0,0,0,0,0,0,0,0,1.27167,1.82697,0.0506214,0,0,0,0,0,0,0,0,0,0,0,0,0,0
26.7,-0.0933338,0.0533834,-0.0218507,-0.277879,0.217725,-0.0354003,3.08191,1.96018,-2.12604,0.0178827,-0.0110665,0.00761305,0.0213984,0.0212155,-0.436737,3,2,3.92699,0,0,0,0,0.317464,0,0.0242739,0,0.345049,0.113447,0.668583,2,3,2,3.92699,0,0,0,0,0,0,0,0,0,0,1.5708,1.5708,0,1.5708,1.5708,0,-0.00786503,-0.00579729,0.0104162,0,0,0,1.76692,1.21875,0.0753732,0.000995078,0.000630734,-0.0407049,0.000152392,-0.000205387,0.0133084,1.75578,1.20968,0,0,0,0,0,0,0,0,0,0,0,0,2,1.75578,1.20968,0,0.344544,0.487027,3.7308e-15,0,0,0,0,0,0,0,0,0,0,0,0,0.855775,1.20968,0,0,0,0,0,0,0,0,0,0,0,0,2,0.855775,1.20968,0,1,1,0,0,0,0,0,1.1491,-0.6032,2.2377,0,0,0,0,0,0,0,-0,0,1.50961,0,0,0,0,0,0,0,0,0,0,0,0,1.27167,1.82697,0.0506214,0,0,0,0,0,0,0,0,0,0,0,0,0,0
26.75,-0.134505,0.105816,0.0227727,-0.277879,0.217725,-0.0354003,3.08482,1.95761,-2.13584,0.0297338,-0.0262942,-0.100233,0.0678847,-0.0453757,-0.816677,3,2,3.92699,0,0,0,0,0.317464,0,0.0242739,0,0.345049,0.113447,0.668583,2,3,2,3.92699,0,0,0,0,0,0,0,0,0,0,1.5708,1.5708,0,1.5708,1.5708,0,-0.00825016,-0.00538756,0.0110972,0,0,0,1.76703,1.2188,0.0713079,0.0010958,0.000504216,-0.0415638,0.000297609,-0.00077921,0.0105811,1.75578,1.20968,0,0,0,0,0,0,0,0,0,0,0,0,2,1.75578,1.20968,0,0.344544,0.487027,3.7308e-15,0,0,0,0,0,0,0,0,0,0,0,0,0.855775,1.20968,0,0,0,0,0,0,0,0,0,0,0,0,2,0.855775,1.20968,0,1,1,0,0,0,0,0,1.1491,-0.6032,2.2377,0,0,0,0,0,0,0,-0,0,1.51076,0,0,0,0,0,0,0,0,0,0,0,0,1.27167,1.82697,0.0506214,0,0,0,0,0,0,0,0,0,0,0,0,0,0
26.8,-0.134505,0.105816,0.0227727,-0.255213,0.197727,0.0173118,3.08482,1.95761,-2.13584,0.0297338,-0.0262942,-0.100233,0.0678847,-0.0453757,-0.816677,3,2,3.92699,0,0,0,0.379007,0.0156012,0,0,0.227822,0,1,0.601671,2,3,2,3.92699,0,0,0,0,0,0,0,0,0,0,1.5708,1.5708,0,1.5708,1.5708,0,-0.00825016,-0.00538756,0.0110972,0,0,0,1.76703,1.2188,0.0713079,0.0010958,0.000504216,-0.0415638,0.000297609,-0.00077921,0.0105811,1.75578,1.20968,0,0,0,0,0,0,0,0,0,0,0,0,2,1.75578,1.20968,0,0.344544,0.487027,3.7308e-15,0,0,0,0,0,0,0,0,0,0,0,0,0.855775,1.20968,0,0,0,0,0,0,0,0,0,0,0,0,2,0.855775,1.20968,0,1,1,0,0,0,0,0,1.1491,-0.6032,2.2377,0,0,0,0,0,0,0,-0,0,1.51076,0,0,0,0,0,0,0,0,0,0,0,0,1.27167,1.82697,0.0506214,0,0,0,0,0,0,0,0,0,0,0,0,0,0
26.85,-0.0861427,0.0901934,0.012411,-0.255213,0.197727,0.0173118,3.08634,1.95546,-2.14317,0.0152237,-0.0214101,-0.0732643,-0.00843339,-0.0188601,-0.441661,3,2,3.92699,0,0,0,0.379007,0.0156012,0,0,0.227822,0,1,0.601671,2,3,2,3.92699,0,0,0,0,0,0,0,0,0,0,1.5708,1.5708,0,1.5708,1.5708,0,-0.00954436,-0.00326039,0.0104685,0,0,0,1.76717,1.21879,0.0673839,0.00145964,-0.000120823,-0.0392323,0.00174964,-0.00299609,0.0115964,1.75578,1.20968,0,0,0,0,0,0,0,0,0,0,0,0,2,1.75578,1.20968,0,0.344544,0.487027,3.7308e-15,0,0,0,0,0,0,0,0,0,0,0,0,0.855775,1.20968,0,0,0,0,0,0,0,0,0,0,0,0,2,0.855775,1.20968,0,1,1,0,0,0,0,0,1.1491,-0.6032,2.2377,0,0,0,0,0,0,0,-0,0,1.51093,0,0,0,0,0,0,0,0,0,0,0,0,1.27167,1.82697,0.0506214,0,0,0,0,0,0,0,0,0,0,0,0,0,0
26.9,-0.0861427,0.0901934,0.012411,-0.357224,0.280973,0.0243705,3.08634,1.95546,-2.14317,0.0152237,-0.0214101,-0.0732643,-0.00843339,-0.0188601,-0.441661,3,2,3.92699,0,0,0,0.250804,0.0235842,0.0069738,0,0.0685786,0,0.5857,0.27933,2,3,2,3.92699,0,0,0,0,0,0,0,0,0,0,1.5708,1.5708,0,1.5708,1.5708,0,-0.00954436,-0.00326039,0.0104685,0,0,0,1.76717,1.21879,0.0673839,0.00145964,-0.000120823,-0.0392323,0.00174964,-0.00299609,0.0115964,1.75578,1.20968,0,0,0,0,0,0,0,0,0,0,0,0,2,1.75578,1.20968,0,0.344544,0.487027,3.7308e-15,0,0,0,0,0,0,0,0,0,0,0,0,0.855775,1.20968,0,0,0,0,0,0,0,0,0,0,0,0,2,0.855775,1.20968,0,1,1,0,0,0,0,0,1.1222,-0.6236,2.2105,0,0,0,0,0,0,0,-0,0,1.51093,0,0,0,0,0,0,0,0,0,0,0,0,1.27167,1.82544,0.0460194,0,0,0,0,0,0,0,0,0,0,0,0,0,0
26.95,-0.0738461,0.0733109,0.0462547,-0.357224,0.280973,0.0243705,3.08749,1.95384,-2.15851,0.0114441,-0.016215,-0.153472,-0.031338,0.0137504,-0.53226,3,2,3.92699,0,0,0,0.250804,0.0235842,0.0069738,0,0.0685786,0,0.5857,0.27933,2,3,2,3.92699,0,0,0,0,0,0,0,0,0,0,1.5708,1.5708,0,1.5708,1.5708,0,-0.00897653,-0.00581866,0.00931701,0,0,0,1.7673,1.21885,0.0638163,0.00127727,0.000625203,-0.0356874,0.000484869,0.000866511,0.0225223,1.75578,1.20968,0,0,0,0,0,0,0,0,0,0,0,0,2,1.75578,1.20968,0,0.344544,0.487027,3.7308e-15,0,0,0,0,0,0,0,0,0,0,0,0,0.855775,1.20968,0,0,0,0,0,0,0,0,0,0,0,0,2,0.855775,1.20968,0,1,1,0,0,0,0,0,1.1222,-0.6236,2.2105,0,0,0,0,0,0,0,-0,0,1.51099,0,0,0,0,0,0,0,0,0,0,0,0,1.27167,1.82544,0.0460194,0,0,0,0,0,0,0,0,0,0,0,0,0,0
27,-0.0738461,0.0733109,0.0462547,-0.23856,0.193635,0.0164758,3.08749,1.95384,-2.15851,0.0114441,-0.016215,-0.153472,-0.031338,0.0137504,-0.53226,3,2,3.92699,0,0,0,0.755229,0.00405528,0.207721,0,0.556086,0,1,0.248752,2,3,2,3.92699,0,0,0,0,0,0,0,0,0,0,1.5708,1.5708,0,1.5708,1.5708,0,-0.00897653,-0.00581866,0.00931701,0,0,0,1.7673,1.21885,0.0638163,0.00127727,0.000625203,-0.0356874,0.000484869,0.000866511,0.0225223,1.75578,1.20968,0,0,0,0,0,0,0,0,0,0,0,0,2,1.75578,1.20968,0,0.344544,0.487027,3.7308e-15,0,0,0,0,0,0,0,0,0,0,0,0,0.855775,1.20968,0,0,0,0,0,0,0,0,0,0,0,0,2,0.855775,1.20968,0,1,1,0,0,0,0,0,1.1222,-0.6236,2.2105,0,0,0,0,0,0,0,-0,0,1.51099,0,0,0,0,0,0,0,0,0,0,0,0,1.27167,1.82544,0.0460194,0,0,0,0,0,0,0,0,0,0,0,0,0,0
27.05,-0.0327679,0.0311031,0.0816951,-0.144373,0.14189,0.0315622,3.08741,1.95348,-2.18211,-0.000717627,-0.00366624,-0.235953,-0.0704949,0.0627879,-0.661634,3,2,3.92699,0,0,0,0.755229,0.00405528,0.207721,0,0.556086,0,1,0.248752,2,3,2,3.92699,0,0,0,0,0,0,0,0,0,0,1.5708,1.5708,0,1.5708,1.5708,0,-0.00829605,-0.00472313,0.00943525,0,0,0,1.76741,1.21888,0.0602885,0.00106424,0.000299012,-0.0352709,-0.000729414,-0.000259659,0.0166131,1.75578,1.20968,0,0,0,0,0,0,0,0,0,0,0,0,2,1.75578,1.20968,0,0.344544,0.487027,3.7308e-15,0,0,0,0,0,0,0,0,0,0,0,0,0.855775,1.20968,0,0,0,0,0,0,0,0,0,0,0,0,2,0.855775,1.20968,0,1,1,0,0,0,0,0,1.1222,-0.6236,2.2105,0,0,0,0,0,0,0,-0,0,1.51065,0,0,0,0,0,0,0,0,0,0,0,0,1.27167,1.82544,0.0460194,0,0,0,0,0,0,0,0,0,0,0,0,0,0
27.1,-0.0327679,0.0311031,0.0816951,-0.10427,0.10743,0.023343,3.08741,1.95348,-2.18211,-0.000717627,-0.00366624,-0.235953,-0.0704949,0.0627879,-0.661634,3,2,3.92699,0,0,0,1,0.020592,0.724757,0,0.984017,0,1,0.286766,2,3,2,3.92699,0,0,0,0,0,0,0,0,0,0,1.5708,1.5708,0,1.5708,1.5708,0,-0.00829605,-0.00472313,0.00943525,0,0,0,1.76741,1.21888,0.0602885,0.00106424,0.000299012,-0.0352709,-0.000729414,-0.000259659,0.0166131,1.75578,1.20968,0,0,0,0,0,0,0,0,0,0,0,0,2,1.75578,1.20968,0,0.344544,0.487027,3.7308e-15,0,0,0,0,0,0,0,0,0,0,0,0,0.855775,1.20968,0,0,0,0,0,0,0,0,0,0,0,0,2,0.855775,1.20968,0,1,1,0,0,0,0,0,1.2346,-0.4851,2.3331,0,0,0,0,0,0,0,-0,0,1.51065,0,0,0,0,0,0,0,0,0,0,0,0,1.27014,1.82544,0.0444854,0,0,0,0,0,0,0,0,0,0,0,0,0,0
27.15,-0.0152742,0.000301303,0.102057,-0.10427,0.10743,0.023343,3.08683,1.95402,-2.21015,-0.00583101,0.00539514,-0.280437,-0.0680622,0.0805523,-0.592265,3,2,3.92699,0,0,0,1,0.020592,0.724757,0,0.984017,0,1,0.286766,2,3,2,3.92699,0,0,0,0,0,0,0,0,0,0,1.5708,1.5708,0,1.5708,1.5708,0,-0.0083444,-0.00512983,0.00793836,0,0,0,1.76751,1.21893,0.0571918,0.00106584,0.000413883,-0.0309716,-0.000597269,0.000150233,0.0263966,1.75578,1.20968,0,0,0,0,0,0,0,0,0,0,0,0,2,1.75578,1.20968,0,0.344544,0.487027,3.7308e-15,0,0,0,0,0,0,0,0,0,0,0,0,0.855775,1.20968,0,0,0,0,0,0,0,0,0,0,0,0,2,0.855775,1.20968,0,1,1,0,0,0,0,0,1.2346,-0.4851,2.3331,0,0,0,0,0,0,0,-0,0,1.51029,0,0,0,0,0,0,0,0,0,0,0,0,1.27014,1.82544,0.0444854,0,0,0,0,0,0,0,0,0,0,0,0,0,0
27.2,-0.0152742,0.000301303,0.102057,-0.101218,0.110312,0.023343,3.08683,1.95402,-2.21015,-0.00583101,0.00539514,-0.280437,-0.0680622,0.0805523,-0.592265,3,2,3.92699,0,0,0,0.98096,0,0.954632,0,1,0.0207514,1,0.0582065,2,3,2,3.92699,0,0,0,0,0,0,0,0,0,0,1.5708,1.5708,0,1.5708,1.5708,0,-0.0083444,-0.00512983,0.00793836,0,0,0,1.76751,1.21893,0.0571918,0.00106584,0.000413883,-0.0309716,-0.000597269,0.000150233,0.0263966,1.75578,1.20968,0,0,0,0,0,0,0,0,0,0,0,0,2,1.75578,1.20968,0,0.344544,0.487027,3.7308e-15,0,0,0,0,0,0,0,0,0,0,0,0,0.855775,1.20968,0,0,0,0,0,0,0,0,0,0,0,0,2,0.855775,1.20968,0,1,1,0,0,0,0,0,1.2346,-0.4851,2.3331,0,0,0,0,0,0,0,-0,0,1.51029,0,0,0,0,0,0,0,0,0,0,0,0,1.27014,1.82544,0.0444854,0,0,0,0,0,0,0,0,0,0,0,0,0,0
27.25,-0.00486718,-0.0087824,0.0939096,-0.101218,0.110312,0.023343,3.08595,1.95482,-2.23567,-0.00880928,0.00799112,-0.25527,-0.0524424,0.0611478,-0.245771,3,2,3.92699,0,0,0,0.98096,0,0.954632,0,1,0.0207514,1,0.0582065,2,3,2,3.92699,0,0,0,0,0,0,0,0,0,0,1.5708,1.5708,0,1.5708,1.5708,0,-0.00991518,-0.00443774,0.00832329,0,0,0,1.76766,1.21895,0.0540638,0.00151055,0.000207593,-0.0312907,0.0014363,-0.000678472,0.0158931,1.75578,1.20968,0,0,0,0,0,0,0,0,0,0,0,0,2,1.75578,1.20968,0,0.344544,0.487027,3.7308e-15,0,0,0,0,0,0,0,0,0,0,0,0,0.855775,1.20968,0,0,0,0,0,0,0,0,0,0,0,0,2,0.855775,1.20968,0,1,1,0,0,0,0,0,1.2346,-0.4851,2.3331,0,0,0,0,0,0,0,-0,0,1.50976,0,0,0,0,0,0,0,0,0,0,0,0,1.27014,1.82544,0.0444854,0,0,0,0,0,0,0,0,0,0,0,0,0,0
27.3,-0.00486718,-0.0087824,0.0939096,-0.00246981,-0.00315051,0.0381335,3.08595,1.95482,-2.23567,-0.00880928,0.00799112,-0.25527,-0.0524424,0.0611478,-0.245771,3,2,3.92699,0,0,0,0.971659,0,1,0,1,0.0294384,1,0,2,3,2,3.92699,0,0,0,0,0,0,0,0,0,0,1.5708,1.5708,0,1.5708,1.5708,0,-0.00991518,-0.00443774,0.00832329,0,0,0,1.76766,1.21895,0.0540638,0.00151055,0.000207593,-0.0312907,0.0014363,-0.000678472,0.0158931,1.75578,1.20968,0,0,0,0,0,0,0,0,0,0,0,0,2,1.75578,1.20968,0,0.344544,0.487027,3.7308e-15,0,0,0,0,0,0,0,0,0,0,0,0,0.855775,1.20968,0,0,0,0,0,0,0,0,0,0,0,0,2,0.855775,1.20968,0,1,1,0,0,0,0,0,1.1719,-0.5044,2.2897,0,0,0,0,0,0,0,-0,0,1.50976,0,0,0,0,0,0,0,0,0,0,0,0,1.27014,1.82544,0.0444854,0,0,0,0,0,0,0,0,0,0,0,0,0,0
27.35,0.00926531,-0.0164469,0.0793262,-0.00246981,-0.00315051,0.0381335,3.08467,1.95583,-2.25717,-0.0128432,0.010141,-0.21507,-0.0455004,0.0426879,0.0598472,3,2,3.92699,0,0,0,0.971659,0,1,0,1,0.0294384,1,0,2,3,2,3.92699,0,0,0,0,0,0,0,0,0,0,1.5708,1.5708,0,1.5708,1.5708,0,-0.00929605,-0.005197,0.00805899,0,0,0,1.76779,1.21899,0.0510608,0.00131265,0.000426153,-0.0300392,0.000347703,0.000353686,0.0131118,1.75578,1.20968,0,0,0,0,0,0,0,0,0,0,0,0,2,1.75578,1.20968,0,0.344544,0.487027,3.7308e-15,0,0,0,0,0,0,0,0,0,0,0,0,0.855775,1.20968,0,0,0,0,0,0,0,0,0,0,0,0,2,0.855775,1.20968,0,1,1,0,0,0,0,0,1.1719,-0.5044,2.2897,0,0,0,0,0,0,0,-0,0,1.509,0,0,0,0,0,0,0,0,0,0,0,0,1.27014,1.82544,0.0444854,0,0,0,0,0,0,0,0,0,0,0,0,0,0
27.4,0.00926531,-0.0164469,0.0793262,-0.00253697,-0.00309669,0.0381335,3.08467,1.95583,-2.25717,-0.0128432,0.010141,-0.21507,-0.0455004,0.0426879,0.0598472,3,2,3.92699,0,0,0,0.983596,0,1,0.0652301,1,0.0177173,0.892527,0,2,3,2,3.92699,0,0,0,0,0,0,0,0,0,0,1.5708,1.5708,0,1.5708,1.5708,0,-0.00929605,-0.005197,0.00805899,0,0,0,1.76779,1.21899,0.0510608,0.00131265,0.000426153,-0.0300392,0.000347703,0.000353686,0.0131118,1.75578,1.20968,0,0,0,0,0,0,0,0,0,0,0,0,2,1.75578,1.20968,0,0.344544,0.487027,3.7308e-15,0,0,0,0,0,0,0,0,0,0,0,0,0.855775,1.20968,0,0,0,0,0,0,0,0,0,0,0,0,2,0.855775,1.20968,0,1,1,0,0,0,0,0,1.1719,-0.5044,2.2897,0,0,0,0,0,0,0,-0,0,1.509,0,0,0,0,0,0,0,0,0,0,0,0,1.27014,1.82544,0.0444854,0,0,0,0,0,0,0,0,0,0,0,0,0,0
27.45,0.0143007,-0.00551034,0.0689637,-0.00253697,-0.00309669,0.0381335,3.08325,1.95651,-2.27576,-0.0141661,0.00681943,-0.185842,-0.0316761,0.00986696,0.193966,3,2,3.92699,0,0,0,0.983596,0,1,0.0652301,1,0.0177173,0.892527,0,2,3,2,3.92699,0,0,0,0,0,0,0,0,0,0,1.5708,1.5708,0,1.5708,1.5708,0,-0.00880126,-0.00365358,0.00749708,0,0,0,1.76791,1.21899,0.0482505,0.00115325,-2.80685e-05,-0.0280951,-0.000574666,-0.0014626,0.0152443,1.75578,1.20968,0,0,0,0,0,0,0,0,0,0,0,0,2,1.75578,1.20968,0,0.344544,0.487027,3.7308e-15,0,0,0,0,0,0,0,0,0,0,0,0,0.855775,1.20968,0,0,0,0,0,0,0,0,0,0,0,0,2,0.855775,1.20968,0,1,1,0,0,0,0,0,1.1719,-0.5044,2.2897,0,0,0,0,0,0,0,-0,0,1.508,0,0,0,0,0,0,0,0,0,0,0,0,1.27014,1.82544,0.0444854,0,0,0,0,0,0,0,0,0,0,0,0,0,0
27.5,0.0143007,-0.00551034,0.0689637,-0.00259409,-0.00304899,0.0381335,3.08325,1.95651,-2.27576,-0.0141661,0.00681943,-0.185842,-0.0316761,0.00986696,0.193966,3,2,3.92699,0,0,0,1,0,1,0,0.946012,0,0.852149,0,2,3,2,3.92699,0,0,0,0,0,0,0,0,0,0,1.5708,1.5708,0,1.5708,1.5708,0,-0.00880126,-0.00365358,0.00749708,0,0,0,1.76791,1.21899,0.0482505,0.00115325,-2.80685e-05,-0.0280951,-0.000574666,-0.0014626,0.0152443,1.75578,1.20968,0,0,0,0,0,0,0,0,0,0,0,0,2,1.75578,1.20968,0,0.344544,0.487027,3.7308e-15,0,0,0,0,0,0,0,0,0,0,0,0,0.855775,1.20968,0,0,0,0,0,0,0,0,0,0,0,0,2,0.855775,1.20968,0,1,1,0,0,0,0,0,1.141,-0.497,2.2751,0,0,0,0,0,0,0,-0,0,1.508,0,0,0,0,0,0,0,0,0,0,0,0,1.27014,1.82544,0.0444854,0,0,0,0,0,0,0,0,0,0,0,0,0,0
27.55,0.0205709,0.00176373,0.0575595,0.0208475,-0.00772475,0.0363377,3.08167,1.95697,-2.29122,-0.0158349,0.00460935,-0.154676,-0.0237998,-0.00735776,0.259364,3,2,3.92699,0,0,0,1,0,1,0,0.946012,0,0.852149,0,2,3,2,3.92699,0,0,0,0,0,0,0,0,0,0,1.5708,1.5708,0,1.5708,1.5708,0,-0.00949463,-0.00458768,0.00711354,0,0,0,1.76804,1.21901,0.0455886,0.00134155,0.00024414,-0.026619,0.000281161,-3.63701e-05,0.0153719,1.75578,1.20968,0,0,0,0,0,0,0,0,0,0,0,0,2,1.75578,1.20968,0,0.344544,0.487027,3.7308e-15,0,0,0,0,0,0,0,0,0,0,0,0,0.855775,1.20968,0,0,0,0,0,0,0,0,0,0,0,0,2,0.855775,1.20968,0,1,1,0,0,0,0,0,1.141,-0.497,2.2751,0,0,0,0,0,0,0,-0,0,1.50672,0,0,0,0,0,0,0,0,0,0,0,0,1.27014,1.82544,0.0444854,0,0,0,0,0,0,0,0,0,0,0,0,0,0
27.6,0.0205709,0.00176373,0.0575595,0.0207255,-0.00804627,0.0363377,3.08167,1.95697,-2.29122,-0.0158349,0.00460935,-0.154676,-0.0237998,-0.00735776,0.259364,3,2,3.92699,0,0,0,0.919204,0.00848783,0.932827,0,0.728329,0,0.739114,0,2,3,2,3.92699,0,0,0,0,0,0,0,0,0,0,1.5708,1.5708,0,1.5708,1.5708,0,-0.00949463,-0.00458768,0.00711354,0,0,0,1.76804,1.21901,0.0455886,0.00134155,0.00024414,-0.026619,0.000281161,-3.63701e-05,0.0153719,1.75578,1.20968,0,0,0,0,0,0,0,0,0,0,0,0,2,1.75578,1.20968,0,0.344544,0.487027,3.7308e-15,0,0,0,0,0,0,0,0,0,0,0,0,0.855775,1.20968,0,0,0,0,0,0,0,0,0,0,0,0,2,0.855775,1.20968,0,1,1,0,0,0,0,0,1.141,-0.497,2.2751,0,0,0,0,0,0,0,-0,0,1.50672,0,0,0,0,0,0,0,0,0,0,0,0,1.27167,1.82544,0.0444854,0,0,0,0,0,0,0,0,0,0,0,0,0,0
27.65,0.0235725,-0.00127234,0.045887,0.0207255,-0.00804627,0.0363377,3.08001,1.95752,-2.30357,-0.016527,0.00544392,-0.123475,-0.015996,-0.00341069,0.289165,3,2,3.92699,0,0,0,0.919204,0.00848783,0.932827,0,0.728329,0,0.739114,0,2,3,2,3.92699,0,0,0,0,0,0,0,0,0,0,1.5708,1.5708,0,1.5708,1.5708,0,-0.00809309,-0.00465196,0.00672671,0,0,0,1.76814,1.21904,0.043072,0.000917893,0.000259988,-0.0251639,-0.00140764,0.000234545,0.0150476,1.75578,1.20968,0,0,0,0,0,0,0,0,0,0,0,0,2,1.75578,1.20968,0,0.344544,0.487027,3.7308e-15,0,0,0,0,0,0,0,0,0,0,0,0,0.855775,1.20968,0,0,0,0,0,0,0,0,0,0,0,0,2,0.855775,1.20968,0,1,1,0,0,0,0,0,1.141,-0.497,2.2751,0,0,0,0,0,0,0,-0,0,1.50545,0,0,0,0,0,0,0,0,0,0,0,0,1.27167,1.82544,0.0444854,0,0,0,0,0,0,0,0,0,0,0,0,0,0
27.7,0.0235725,-0.00127234,0.045887,0.0291295,-0.0117249,0.0513223,3.08001,1.95752,-2.30357,-0.016527,0.00544392,-0.123475,-0.015996,-0.00341069,0.289165,3,2,3.92699,0,0,0,0.74604,0.00180381,0.775968,0.00175684,0.583058,0,0.57282,0,2,3,2,3.92699,0,0,0,0,0,0,0,0,0,0,1.5708,1.5708,0,1.5708,1.5708,0,-0.00809309,-0.00465196,0.00672671,0,0,0,1.76814,1.21904,0.043072,0.000917893,0.000259988,-0.0251639,-0.00140764,0.000234545,0.0150476,1.75578,1.20968,0,0,0,0,0,0,0,0,0,0,0,0,2,1.75578,1.20968,0,0.344544,0.487027,3.7308e-15,0,0,0,0,0,0,0,0,0,0,0,0,0.855775,1.20968,0,0,0,0,0,0,0,0,0,0,0,0,2,0.855775,1.20968,0,1,1,0,0,0,0,0,1.2841,-0.3235,2.4308,0,0,0,0,0,0,0,-0,0,1.50545,0,0,0,0,0,0,0,0,0,0,0,0,1.27167,1.82544,0.0444854,0,0,0,0,0,0,0,0,0,0,0,0,0,0
27.75,0.0242455,-0.00367249,0.029894,0.0291295,-0.0117249,0.0513223,3.07836,1.95812,-2.31182,-0.0165293,0.00608249,-0.082465,-0.00854709,0.00103391,0.341611,3,2,3.92699,0,0,0,0.74604,0.00180381,0.775968,0.00175684,0.583058,0,0.57282,0,2,3,2,3.92699,0,0,0,0,0,0,0,0,0,0,1.5708,1.5708,0,1.5708,1.5708,0,-0.00999841,-0.00426005,0.00622056,0,0,0,1.76828,1.21905,0.0407279,0.0014617,0.000142873,-0.0234502,0.00109835,-0.000290613,0.0158568,1.75578,1.20968,0,0,0,0,0,0,0,0,0,0,0,0,2,1.75578,1.20968,0,0.344544,0.487027,3.7308e-15,0,0,0,0,0,0,0,0,0,0,0,0,0.855775,1.20968,0,0,0,0,0,0,0,0,0,0,0,0,2,0.855775,1.20968,0,1,1,0,0,0,0,0,1.2841,-0.3235,2.4308,0,0,0,0,0,0,0,-0,0,1.50417,0,0,0,0,0,0,0,0,0,0,0,0,1.27167,1.82544,0.0444854,0,0,0,0,0,0,0,0,0,0,0,0,0,0
27.8,0.0242455,-0.00367249,0.029894,0.0442972,-0.00683383,0.0300831,3.07836,1.95812,-2.31182,-0.0165293,0.00608249,-0.082465,-0.00854709,0.00103391,0.341611,3,2,3.92699,0,0,0,0.486945,0,0.518055,0,0.388473,0,0.370332,0.00200066,2,3,2,3.92699,0,0,0,0,0,0,0,0,0,0,1.5708,1.5708,0,1.5708,1.5708,0,-0.00999841,-0.00426005,0.00622056,0,0,0,1.76828,1.21905,0.0407279,0.0014617,0.000142873,-0.0234502,0.00109835,-0.000290613,0.0158568,1.75578,1.20968,0,0,0,0,0,0,0,0,0,0,0,0,2,1.75578,1.20968,0,0.344544,0.487027,3.7308e-15,0,0,0,0,0,0,0,0,0,0,0,0,0.855775,1.20968,0,0,0,0,0,0,0,0,0,0,0,0,2,0.855775,1.20968,0,1,1,0,0,0,0,0,1.2841,-0.3235,2.4308,0,0,0,0,0,0,0,-0,0,1.50417,0,0,0,0,0,0,0,0,0,0,0,0,1.27167,1.82544,0.0444854,0,0,0,0,0,0,0,0,0,0,0,0,0,0
27.85,0.0187768,-0.00764081,0.0180815,0.0442972,-0.00683383,0.0300831,3.07689,1.95884,-2.31705,-0.0147334,0.00717263,-0.0523462,0.00303035,0.00558658,0.332448,3,2,3.92699,0,0,0,0.486945,0,0.518055,0,0.388473,0,0.370332,0.00200066,2,3,2,3.92699,0,0,0,0,0,0,0,0,0,0,1.5708,1.5708,0,1.5708,1.5708,0,-0.00738342,-0.00392589,0.00660585,0,0,0,1.76835,1.21906,0.0383356,0.000683458,4.39366e-05,-0.0239176,-0.00210921,-0.000640708,0.00773093,1.75578,1.20968,0,0,0,0,0,0,0,0,0,0,0,0,2,1.75578,1.20968,0,0.344544,0.487027,3.7308e-15,0,0,0,0,0,0,0,0,0,0,0,0,0.855775,1.20968,0,0,0,0,0,0,0,0,0,0,0,0,2,0.855775,1.20968,0,1,1,0,0,0,0,0,1.2841,-0.3235,2.4308,0,0,0,0,0,0,0,-0,0,1.50318,0,0,0,0,0,0,0,0,0,0,0,0,1.27014,1.82544,0.0444854,0,0,0,0,0,0,0,0,0,0,0,0,0,0
27.9,0.0187768,-0.00764081,0.0180815,0.0495266,-0.00790628,0.0336621,3.07689,1.95884,-2.31705,-0.0147334,0.00717263,-0.0523462,0.00303035,0.00558658,0.332448,3,2,3.92699,0,0,0,0.291273,0,0.336765,0,0.240515,0,0.202902,0,2,3,2,3.92699,0,0,0,0,0,0,0,0,0,0,1.5708,1.5708,0,1.5708,1.5708,0,-0.00738342,-0.00392589,0.00660585,0,0,0,1.76835,1.21906,0.0383356,0.000683458,4.39366e-05,-0.0239176,-0.00210921,-0.000640708,0.00773093,1.75578,1.20968,0,0,0,0,0,0,0,0,0,0,0,0,2,1.75578,1.20968,0,0.344544,0.487027,3.7308e-15,0,0,0,0,0,0,0,0,0,0,0,0,0.855775,1.20968,0,0,0,0,0,0,0,0,0,0,0,0,2,0.855775,1.20968,0,1,1,0,0,0,0,0,1.2041,-0.3859,2.3554,0,0,0,0,0,0,0,-0,0,1.50318,0,0,0,0,0,0,0,0,0,0,0,0,1.27014,1.82544,0.0444854,0,0,0,0,0,0,0,0,0,0,0,0,0,0
27.95,0.00852649,-0.00871036,0.00804545,0.0495266,-0.00790628,0.0336621,3.07573,1.95958,-2.31976,-0.0115587,0.00740128,-0.0271055,0.0160972,0.00487262,0.299348,3,2,3.92699,0,0,0,0.291273,0,0.336765,0,0.240515,0,0.202902,0,2,3,2,3.92699,0,0,0,0,0,0,0,0,0,0,1.5708,1.5708,0,1.5708,1.5708,0,-0.0096953,-0.00413337,0.00609411,0,0,0,1.76848,1.21907,0.0361153,0.00134835,0.000103813,-0.022215,0.000954338,-0.000193024,0.0103865,1.75578,1.20968,0,0,0,0,0,0,0,0,0,0,0,0,2,1.75578,1.20968,0,0.344544,0.487027,3.7308e-15,0,0,0,0,0,0,0,0,0,0,0,0,0.855775,1.20968,0,0,0,0,0,0,0,0,0,0,0,0,2,0.855775,1.20968,0,1,1,0,0,0,0,0,1.2041,-0.3859,2.3554,0,0,0,0,0,0,0,-0,0,1.50242,0,0,0,0,0,0,0,0,0,0,0,0,1.27014,1.82544,0.0444854,0,0,0,0,0,0,0,0,0,0,0,0,0,0
28,0.00852649,-0.00871036,0.00804545,0.049505,-0.00804042,0.0336621,3.07573,1.95958,-2.31976,-0.0115587,0.00740128,-0.0271055,0.0160972,0.00487262,0.299348,3,2,3.92699,0,0,0,0.117259,0,0.163146,0.00107395,0.121219,0,0.0788648,0,2,3,2,3.92699,0,0,0,0,0,0,0,0,0,0,1.5708,1.5708,0,1.5708,1.5708,0,-0.0096953,-0.00413337,0.00609411,0,0,0,1.76848,1.21907,0.0361153,0.00134835,0.000103813,-0.022215,0.000954338,-0.000193024,0.0103865,1.75578,1.20968,0,0,0,0,0,0,0,0,0,0,0,0,2,1.75578,1.20968,0,0.344544,0.487027,3.7308e-15,0,0,0,0,0,0,0,0,0,0,0,0,0.855775,1.20968,0,0,0,0,0,0,0,0,0,0,0,0,2,0.855775,1.20968,0,1,1,0,0,0,0,0,1.2041,-0.3859,2.3554,0,0,0,0,0,0,0,-0,0,1.50242,0,0,0,0,0,0,0,0,0,0,0,0,1.27014,1.82544,0.0444854,0,0,0,0,0,0,0,0,0,0,0,0,0,0
28.05,-0.00738442,-0.0104182,0.00572244,0.0166762,-0.0170306,0.00903447,3.07506,1.96036,-2.32186,-0.00676408,0.0078141,-0.0209684,0.0305762,0.00448921,0.199765,3,2,3.92699,0,0,0,0.117259,0,0.163146,0.00107395,0.121219,0,0.0788648,0,2,3,2,3.92699,0,0,0,0,0,0,0,0,0,0,1.5708,1.5708,0,1.5708,1.5708,0,-0.00738224,-0.00418778,0.00584271,0,0,0,1.76855,1.21908,0.0339984,0.000659316,0.000118433,-0.0211729,-0.00176361,3.22665e-06,0.0107295,1.75578,1.20968,0,0,0,0,0,0,0,0,0,0,0,0,2,1.75578,1.20968,0,0.344544,0.487027,3.7308e-15,0,0,0,0,0,0,0,0,0,0,0,0,0.855775,1.20968,0,0,0,0,0,0,0,0,0,0,0,0,2,0.855775,1.20968,0,1,1,0,0,0,0,0,1.2041,-0.3859,2.3554,0,0,0,0,0,0,0,-0,0,1.50215,0,0,0,0,0,0,0,0,0,0,0,0,1.27014,1.82544,0.0444854,0,0,0,0,0,0,0,0,0,0,0,0,0,0
28.1,-0.00738442,-0.0104182,0.00572244,0.0166405,-0.0170655,0.00903447,3.07506,1.96036,-2.32186,-0.00676408,0.0078141,-0.0209684,0.0305762,0.00448921,0.199765,3,2,3.92699,0,0,0,0.0430531,0,0.0898079,0,0.122151,0.00999043,0.0778433,0,2,3,2,3.92699,0,0,0,0,0,0,0,0,0,0,1.5708,1.5708,0,1.5708,1.5708,0,-0.00738224,-0.00418778,0.00584271,0,0,0,1.76855,1.21908,0.0339984,0.000659316,0.000118433,-0.0211729,-0.00176361,3.22665e-06,0.0107295,1.75578,1.20968,0,0,0,0,0,0,0,0,0,0,0,0,2,1.75578,1.20968,0,0.344544,0.487027,3.7308e-15,0,0,0,0,0,0,0,0,0,0,0,0,0.855775,1.20968,0,0,0,0,0,0,0,0,0,0,0,0,2,0.855775,1.20968,0,1,1,0,0,0,0,0,1.2059,-0.3766,2.3558,0,0,0,0,0,0,0,-0,0,1.50215,0,0,0,0,0,0,0,0,0,0,0,0,1.27014,1.82697,0.0444854,0,0,0,0,0,0,0,0,0,0,0,0,0,0
28.15,-0.0109755,-0.0204796,0.0109659,0.0166405,-0.0170655,0.00903447,3.07449,1.96143,-2.32518,-0.00563281,0.0106675,-0.0332046,0.0248135,0.0140683,0.0574334,3,2,3.92699,0,0,0,0.0430531,0,0.0898079,0,0.122151,0.00999043,0.0778433,0,2,3,2,3.92699,0,0,0,0,0,0,0,0,0,0,1.5708,1.5708,0,1.5708,1.5708,0,-0.00881415,-0.00396562,0.00586758,0,0,0,1.76866,1.21908,0.0319125,0.00106833,5.23812e-05,-0.0208159,0.000210268,-0.000235191,0.0078556,1.75578,1.20968,0,0,0,0,0,0,0,0,0,0,0,0,2,1.75578,1.20968,0,0.344544,0.487027,3.7308e-15,0,0,0,0,0,0,0,0,0,0,0,0,0.855775,1.20968,0,0,0,0,0,0,0,0,0,0,0,0,2,0.855775,1.20968,0,1,1,0,0,0,0,0,1.2059,-0.3766,2.3558,0,0,0,0,0,0,0,-0,0,1.50209,0,0,0,0,0,0,0,0,0,0,0,0,1.27014,1.82697,0.0444854,0,0,0,0,0,0,0,0,0,0,0,0,0,0
28.2,-0.0109755,-0.0204796,0.0109659,0.0165836,-0.0171208,0.00903447,3.07449,1.96143,-2.32518,-0.00563281,0.0106675,-0.0332046,0.0248135,0.0140683,0.0574334,3,2,3.92699,0,0,0,0.0907886,0,0.186143,0,0.234294,0.0144345,0.143755,0,2,3,2,3.92699,0,0,0,0,0,0,0,0,0,0,1.5708,1.5708,0,1.5708,1.5708,0,-0.00881415,-0.00396562,0.00586758,0,0,0,1.76866,1.21908,0.0319125,0.00106833,5.23812e-05,-0.0208159,0.000210268,-0.000235191,0.0078556,1.75578,1.20968,0,0,0,0,0,0,0,0,0,0,0,0,2,1.75578,1.20968,0,0.344544,0.487027,3.7308e-15,0,0,0,0,0,0,0,0,0,0,0,0,0.855775,1.20968,0,0,0,0,0,0,0,0,0,0,0,0,2,0.855775,1.20968,0,1,1,0,0,0,0,0,1.2059,-0.3766,2.3558,0,0,0,0,0,0,0,-0,0,1.50209,0,0,0,0,0,0,0,0,0,0,0,0,1.27014,1.82697,0.0444854,0,0,0,0,0,0,0,0,0,0,0,0,0,0
28.25,-0.012896,-0.0324956,0.0150689,0.0165836,-0.0171208,0.00903447,3.07399,1.96284,-2.32942,-0.00500426,0.0140601,-0.0424517,0.0166793,0.0232072,-0.021431,3,2,3.92699,0,0,0,0.0907886,0,0.186143,0,0.234294,0.0144345,0.143755,0,2,3,2,3.92699,0,0,0,0,0,0,0,0,0,0,1.5708,1.5708,0,1.5708,1.5708,0,-0.00725805,-0.00369532,0.00525373,0,0,0,1.76872,1.21908,0.0300231,0.000602908,-2.69046e-05,-0.0189287,-0.00147474,-0.000490654,0.012042,1.75578,1.20968,0,0,0,0,0,0,0,0,0,0,0,0,2,1.75578,1.20968,0,0.344544,0.487027,3.7308e-15,0,0,0,0,0,0,0,0,0,0,0,0,0.855775,1.20968,0,0,0,0,0,0,0,0,0,0,0,0,2,0.855775,1.20968,0,1,1,0,0,0,0,0,1.2059,-0.3766,2.3558,0,0,0,0,0,0,0,-0,0,1.5023,0,0,0,0,0,0,0,0,0,0,0,0,1.27014,1.82697,0.0444854,0,0,0,0,0,0,0,0,0,0,0,0,0,0
28.3,-0.012896,-0.0324956,0.0150689,-0.0214139,-0.0602105,0.016917,3.07399,1.96284,-2.32942,-0.00500426,0.0140601,-0.0424517,0.0166793,0.0232072,-0.021431,3,2,3.92699,0,0,0,0.12088,0,0.273423,0,0.327715,0.0216656,0.181818,0,2,3,2,3.92699,0,0,0,0,0,0,0,0,0,0,1.5708,1.5708,0,1.5708,1.5708,0,-0.00725805,-0.00369532,0.00525373,0,0,0,1.76872,1.21908,0.0300231,0.000602908,-2.69046e-05,-0.0189287,-0.00147474,-0.000490654,0.012042,1.75578,1.20968,0,0,0,0,0,0,0,0,0,0,0,0,2,1.75578,1.20968,0,0.344544,0.487027,3.7308e-15,0,0,0,0,0,0,0,0,0,0,0,0,0.855775,1.20968,0,0,0,0,0,0,0,0,0,0,0,0,2,0.855775,1.20968,0,1,1,0,0,0,0,0,1.2727,-0.3006,2.4223,0,0,0,0,0,0,0,-0,0,1.5023,0,0,0,0,0,0,0,0,0,0,0,0,1.27014,1.82697,0.0444854,0,0,0,0,0,0,0,0,0,0,0,0,0,0
28.35,-0.0272873,-0.0354113,0.0171234,-0.0214139,-0.0602105,0.016917,3.07392,1.96431,-2.33408,-0.000731786,0.0147479,-0.0465727,0.0259429,0.0180373,-0.0403562,3,2,3.92699,0,0,0,0.12088,0,0.273423,0,0.327715,0.0216656,0.181818,0,2,3,2,3.92699,0,0,0,0,0,0,0,0,0,0,1.5708,1.5708,0,1.5708,1.5708,0,-0.0082657,-0.00408839,0.00532583,0,0,0,1.76881,1.21909,0.0281484,0.00088912,8.78143e-05,-0.0187301,3.65899e-05,0.000129233,0.00841719,1.75578,1.20968,0,0,0,0,0,0,0,0,0,0,0,0,2,1.75578,1.20968,0,0.344544,0.487027,3.7308e-15,0,0,0,0,0,0,0,0,0,0,0,0,0.855775,1.20968,0,0,0,0,0,0,0,0,0,0,0,0,2,0.855775,1.20968,0,1,1,0,0,0,0,0,1.2727,-0.3006,2.4223,0,0,0,0,0,0,0,-0,0,1.50289,0,0,0,0,0,0,0,0,0,0,0,0,1.27014,1.82697,0.0444854,0,0,0,0,0,0,0,0,0,0,0,0,0,0
28.4,-0.0272873,-0.0354113,0.0171234,-0.0216944,-0.06011,0.016917,3.07392,1.96431,-2.33408,-0.000731786,0.0147479,-0.0465727,0.0259429,0.0180373,-0.0403562,3,2,3.92699,0,0,0,0.114072,0,0.27437,0,0.393872,0.033431,0.2411,0,2,3,2,3.92699,0,0,0,0,0,0,0,0,0,0,1.5708,1.5708,0,1.5708,1.5708,0,-0.0082657,-0.00408839,0.00532583,0,0,0,1.76881,1.21909,0.0281484,0.00088912,8.78143e-05,-0.0187301,3.65899e-05,0.000129233,0.00841719,1.75578,1.20968,0,0,0,0,0,0,0,0,0,0,0,0,2,1.75578,1.20968,0,0.344544,0.487027,3.7308e-15,0,0,0,0,0,0,0,0,0,0,0,0,0.855775,1.20968,0,0,0,0,0,0,0,0,0,0,0,0,2,0.855775,1.20968,0,1,1,0,0,0,0,0,1.2727,-0.3006,2.4223,0,0,0,0,0,0,0,-0,0,1.50289,0,0,0,0,0,0,0,0,0,0,0,0,1.27014,1.82697,0.0444854,0,0,0,0,0,0,0,0,0,0,0,0,0,0
28.45,-0.0418612,-0.0349001,0.018192,-0.0216944,-0.06011,0.016917,3.07427,1.96575,-2.3389,0.00354383,0.0144246,-0.048236,0.0339284,0.00875031,-0.0331648,3,2,3.92699,0,0,0,0.114072,0,0.27437,0,0.393872,0.033431,0.2411,0,2,3,2,3.92699,0,0,0,0,0,0,0,0,0,0,1.5708,1.5708,0,1.5708,1.5708,0,-0.00703106,-0.00307228,0.00553155,0,0,0,1.76886,1.21907,0.0262646,0.000519354,-0.000208964,-0.0188582,-0.00125576,-0.00102444,0.00417103,1.75578,1.20968,0,0,0,0,0,0,0,0,0,0,0,0,2,1.75578,1.20968,0,0.344544,0.487027,3.7308e-15,0,0,0,0,0,0,0,0,0,0,0,0,0.855775,1.20968,0,0,0,0,0,0,0,0,0,0,0,0,2,0.855775,1.20968,0,1,1,0,0,0,0,0,1.2727,-0.3006,2.4223,0,0,0,0,0,0,0,-0,0,1.50388,0,0,0,0,0,0,0,0,0,0,0,0,1.27014,1.82697,0.0444854,0,0,0,0,0,0,0,0,0,0,0,0,0,0
28.5,-0.0418612,-0.0349001,0.018192,-0.0219838,-0.0600048,0.016917,3.07427,1.96575,-2.3389,0.00354383,0.0144246,-0.048236,0.0339284,0.00875031,-0.0331648,3,2,3.92699,0,0,0,0.0996254,0,0.252057,0,0.438163,0.0435085,0.293698,0,2,3,2,3.92699,0,0,0,0,0,0,0,0,0,0,1.5708,1.5708,0,1.5708,1.5708,0,-0.00703106,-0.00307228,0.00553155,0,0,0,1.76886,1.21907,0.0262646,0.000519354,-0.000208964,-0.0188582,-0.00125576,-0.00102444,0.00417103,1.75578,1.20968,0,0,0,0,0,0,0,0,0,0,0,0,2,1.75578,1.20968,0,0.344544,0.487027,3.7308e-15,0,0,0,0,0,0,0,0,0,0,0,0,0.855775,1.20968,0,0,0,0,0,0,0,0,0,0,0,0,2,0.855775,1.20968,0,1,1,0,0,0,0,0,1.2156,-0.3485,2.3652,0,0,0,0,0,0,0,-0,0,1.50388,0,0,0,0,0,0,0,0,0,0,0,0,1.27014,1.82697,0.0444854,0,0,0,0,0,0,0,0,0,0,0,0,0,0
28.55,-0.0532971,-0.0313395,0.0137479,-0.0834462,-0.0694518,0.019653,3.07497,1.96709,-2.34261,0.00684909,0.0132098,-0.0365557,0.0346739,-0.000545533,0.0267844,3,2,3.92699,0,0,0,0.0996254,0,0.252057,0,0.438163,0.0435085,0.293698,0,2,3,2,3.92699,0,0,0,0,0,0,0,0,0,0,1.5708,1.5708,0,1.5708,1.5708,0,-0.00781791,-0.00364954,0.00463444,0,0,0,1.76893,1.21906,0.0246083,0.000742162,-3.84914e-05,-0.0163215,-1.99445e-05,-8.99709e-05,0.0116305,1.75578,1.20968,0,0,0,0,0,0,0,0,0,0,0,0,2,1.75578,1.20968,0,0.344544,0.487027,3.7308e-15,0,0,0,0,0,0,0,0,0,0,0,0,0.855775,1.20968,0,0,0,0,0,0,0,0,0,0,0,0,2,0.855775,1.20968,0,1,1,0,0,0,0,0,1.2156,-0.3485,2.3652,0,0,0,0,0,0,0,-0,0,1.50508,0,0,0,0,0,0,0,0,0,0,0,0,1.27167,1.82697,0.0444854,0,0,0,0,0,0,0,0,0,0,0,0,0,0
28.6,-0.0532971,-0.0313395,0.0137479,-0.0837033,-0.0691418,0.019653,3.07497,1.96709,-2.34261,0.00684909,0.0132098,-0.0365557,0.0346739,-0.000545533,0.0267844,3,2,3.92699,0,0,0,0.0201077,0,0.155018,0,0.386742,0.0542942,0.257859,0.0122466,2,3,2,3.92699,0,0,0,0,0,0,0,0,0,0,1.5708,1.5708,0,1.5708,1.5708,0,-0.00781791,-0.00364954,0.00463444,0,0,0,1.76893,1.21906,0.0246083,0.000742162,-3.84914e-05,-0.0163215,-1.99445e-05,-8.99709e-05,0.0116305,1.75578,1.20968,0,0,0,0,0,0,0,0,0,0,0,0,2,1.75578,1.20968,0,0.344544,0.487027,3.7308e-15,0,0,0,0,0,0,0,0,0,0,0,0,0.855775,1.20968,0,0,0,0,0,0,0,0,0,0,0,0,2,0.855775,1.20968,0,1,1,0,0,0,0,0,1.2156,-0.3485,2.3652,0,0,0,0,0,0,0,-0,0,1.50508,0,0,0,0,0,0,0,0,0,0,0,0,1.27167,1.82697,0.0444854,0,0,0,0,0,0,0,0,0,0,0,0,0,0
28.65,-0.0661212,-0.0236761,0.0166639,-0.0837033,-0.0691418,0.019653,3.076,1.96816,-2.34684,0.0105248,0.0108123,-0.0428842,0.0351811,-0.011961,0.00126345,3,2,3.92699,0,0,0,0.0201077,0,0.155018,0,0.386742,0.0542942,0.257859,0.0122466,2,3,2,3.92699,0,0,0,0,0,0,0,0,0,0,1.5708,1.5708,0,1.5708,1.5708,0,-0.00770709,-0.00323541,0.00423791,0,0,0,1.769,1.21905,0.0231256,0.00070133,-0.000158605,-0.0150498,-5.36684e-05,-0.000404059,0.0140862,1.75578,1.20968,0,0,0,0,0,0,0,0,0,0,0,0,2,1.75578,1.20968,0,0.344544,0.487027,3.7308e-15,0,0,0,0,0,0,0,0,0,0,0,0,0.855775,1.20968,0,0,0,0,0,0,0,0,0,0,0,0,2,0.855775,1.20968,0,1,1,0,0,0,0,0,1.2156,-0.3485,2.3652,0,0,0,0,0,0,0,-0,0,1.50646,0,0,0,0,0,0,0,0,0,0,0,0,1.27167,1.82697,0.0444854,0,0,0,0,0,0,0,0,0,0,0,0,0,0
28.7,-0.0661212,-0.0236761,0.0166639,-0.0839947,-0.0687875,0.019653,3.076,1.96816,-2.34684,0.0105248,0.0108123,-0.0428842,0.0351811,-0.011961,0.00126345,3,2,3.92699,0,0,0,0.0488551,0,0.153688,0,0.439707,0.0551774,0.342112,0.0275577,2,3,2,3.92699,0,0,0,0,0,0,0,0,0,0,1.5708,1.5708,0,1.5708,1.5708,0,-0.00770709,-0.00323541,0.00423791,0,0,0,1.769,1.21905,0.0231256,0.00070133,-0.000158605,-0.0150498,-5.36684e-05,-0.000404059,0.0140862,1.75578,1.20968,0,0,0,0,0,0,0,0,0,0,0,0,2,1.75578,1.20968,0,0.344544,0.487027,3.7308e-15,0,0,0,0,0,0,0,0,0,0,0,0,0.855775,1.20968,0,0,0,0,0,0,0,0,0,0,0,0,2,0.855775,1.20968,0,1,1,0,0,0,0,0,1.2212,-0.337,2.37,0,0,0,0,0,0,0,-0,0,1.50646,0,0,0,0,0,0,0,0,0,0,0,0,1.27167,1.82697,0.0444854,0,0,0,0,0,0,0,0,0,0,0,0,0,0
28.75,-0.0659515,-0.0151483,0.0119855,-0.0839947,-0.0687875,0.019653,3.07704,1.96898,-2.34991,0.0103511,0.00818811,-0.0307546,0.0211326,-0.018533,0.0432436,3,2,3.92699,0,0,0,0.0488551,0,0.153688,0,0.439707,0.0551774,0.342112,0.0275577,2,3,2,3.92699,0,0,0,0,0,0,0,0,0,0,1.5708,1.5708,0,1.5708,1.5708,0,-0.00780429,-0.00324133,0.00391805,0,0,0,1.76908,1.21903,0.0217272,0.000721404,-0.000155022,-0.0139835,8.5848e-05,-0.000279643,0.0121367,1.75578,1.20968,0,0,0,0,0,0,0,0,0,0,0,0,2,1.75578,1.20968,0,0.344544,0.487027,3.7308e-15,0,0,0,0,0,0,0,0,0,0,0,0,0.855775,1.20968,0,0,0,0,0,0,0,0,0,0,0,0,2,0.855775,1.20968,0,1,1,0,0,0,0,0,1.2212,-0.337,2.37,0,0,0,0,0,0,0,-0,0,1.50771,0,0,0,0,0,0,0,0,0,0,0,0,1.27167,1.82697,0.0444854,0,0,0,0,0,0,0,0,0,0,0,0,0,0
28.8,-0.0659515,-0.0151483,0.0119855,-0.133348,-0.031967,0.0120177,3.07704,1.96898,-2.34991,0.0103511,0.00818811,-0.0307546,0.0211326,-0.018533,0.0432436,3,2,3.92699,0,0,0,0.00890275,0,0.0672577,0,0.354435,0.0577499,0.287318,0.0362936,2,3,2,3.92699,0,0,0,0,0,0,0,0,0,0,1.5708,1.5708,0,1.5708,1.5708,0,-0.00780429,-0.00324133,0.00391805,0,0,0,1.76908,1.21903,0.0217272,0.000721404,-0.000155022,-0.0139835,8.5848e-05,-0.000279643,0.0121367,1.75578,1.20968,0,0,0,0,0,0,0,0,0,0,0,0,2,1.75578,1.20968,0,0.344544,0.487027,3.7308e-15,0,0,0,0,0,0,0,0,0,0,0,0,0.855775,1.20968,0,0,0,0,0,0,0,0,0,0,0,0,2,0.855775,1.20968,0,1,1,0,0,0,0,0,1.2212,-0.337,2.37,0,0,0,0,0,0,0,-0,0,1.50771,0,0,0,0,0,0,0,0,0,0,0,0,1.27014,1.82697,0.0444854,0,0,0,0,0,0,0,0,0,0,0,0,0,0
28.85,-0.0546833,-0.00468827,0.00303257,-0.133348,-0.031967,0.0120177,3.07782,1.96954,-2.35087,0.00692009,0.00502191,-0.00853081,-0.00227393,-0.0234362,0.116969,3,2,3.92699,0,0,0,0.00890275,0,0.0672577,0,0.354435,0.0577499,0.287318,0.0362936,2,3,2,3.92699,0,0,0,0,0,0,0,0,0,0,1.5708,1.5708,0,1.5708,1.5708,0,-0.00694633,-0.00285398,0.00291236,0,0,0,1.76913,1.219,0.0204645,0.000462573,-0.000265571,-0.0112589,-0.000890395,-0.000612576,0.016064,1.75578,1.20968,0,0,0,0,0,0,0,0,0,0,0,0,2,1.75578,1.20968,0,0.344544,0.487027,3.7308e-15,0,0,0,0,0,0,0,0,0,0,0,0,0.855775,1.20968,0,0,0,0,0,0,0,0,0,0,0,0,2,0.855775,1.20968,0,1,1,0,0,0,0,0,1.2212,-0.337,2.37,0,0,0,0,0,0,0,-0,0,1.50863,0,0,0,0,0,0,0,0,0,0,0,0,1.27014,1.82697,0.0444854,0,0,0,0,0,0,0,0,0,0,0,0,0,0
28.9,-0.0546833,-0.00468827,0.00303257,-0.133378,-0.0318394,0.0120177,3.07782,1.96954,-2.35087,0.00692009,0.00502191,-0.00853081,-0.00227393,-0.0234362,0.116969,3,2,3.92699,0,0,0,0,0,2.94176e-06,0,0.185781,0.109355,0.162612,0.0887519,2,3,2,3.92699,0,0,0,0,0,0,0,0,0,0,1.5708,1.5708,0,1.5708,1.5708,0,-0.00694633,-0.00285398,0.00291236,0,0,0,1.76913,1.219,0.0204645,0.000462573,-0.000265571,-0.0112589,-0.000890395,-0.000612576,0.016064,1.75578,1.20968,0,0,0,0,0,0,0,0,0,0,0,0,2,1.75578,1.20968,0,0.344544,0.487027,3.7308e-15,0,0,0,0,0,0,0,0,0,0,0,0,0.855775,1.20968,0,0,0,0,0,0,0,0,0,0,0,0,2,0.855775,1.20968,0,1,1,0,0,0,0,0,1.1534,-0.403,2.2998,0,0,0,0,0,0,0,-0,0,1.50863,0,0,0,0,0,0,0,0,0,0,0,0,1.27014,1.82697,0.0444854,0,0,0,0,0,0,0,0,0,0,0,0,0,0
28.95,-0.0557497,-0.00344019,-0.00548319,-0.133378,-0.0318394,0.0120177,3.07844,1.96994,-2.3498,0.00716105,0.00460393,0.0122103,-0.00718668,-0.0191646,0.166119,3,2,3.92699,0,0,0,0,0,2.94176e-06,0,0.185781,0.109355,0.162612,0.0887519,2,3,2,3.92699,0,0,0,0,0,0,0,0,0,0,1.5708,1.5708,0,1.5708,1.5708,0,-0.00708353,-0.00273005,0.00488193,0,0,0,1.76917,1.21898,0.0190756,0.000497797,-0.000298956,-0.0158208,-0.000776833,-0.000407894,-0.00155567,1.75578,1.20968,0,0,0,0,0,0,0,0,0,0,0,0,2,1.75578,1.20968,0,0.344544,0.487027,3.7308e-15,0,0,0,0,0,0,0,0,0,0,0,0,0.855775,1.20968,0,0,0,0,0,0,0,0,0,0,0,0,2,0.855775,1.20968,0,1,1,0,0,0,0,0,1.1534,-0.403,2.2998,0,0,0,0,0,0,0,-0,0,1.50935,0,0,0,0,0,0,0,0,0,0,0,0,1.27014,1.82697,0.0444854,0,0,0,0,0,0,0,0,0,0,0,0,0,0
29,-0.0557497,-0.00344019,-0.00548319,-0.133344,-0.0319824,0.0120177,3.07844,1.96994,-2.3498,0.00716105,0.00460393,0.0122103,-0.00718668,-0.0191646,0.166119,3,2,3.92699,0,0,0,0,0.00338093,0,0.00395811,0.0661785,0.231486,0.0557165,0.211302,2,3,2,3.92699,0,0,0,0,0,0,0,0,0,0,1.5708,1.5708,0,1.5708,1.5708,0,-0.00708353,-0.00273005,0.00488193,0,0,0,1.76917,1.21898,0.0190756,0.000497797,-0.000298956,-0.0158208,-0.000776833,-0.000407894,-0.00155567,1.75578,1.20968,0,0,0,0,0,0,0,0,0,0,0,0,2,1.75578,1.20968,0,0.344544,0.487027,3.7308e-15,0,0,0,0,0,0,0,0,0,0,0,0,0.855775,1.20968,0,0,0,0,0,0,0,0,0,0,0,0,2,0.855775,1.20968,0,1,1,0,0,0,0,0,1.1534,-0.403,2.2998,0,0,0,0,0,0,0,-0,0,1.50935,0,0,0,0,0,0,0,0,0,0,0,0,1.27014,1.82697,0.0444854,0,0,0,0,0,0,0,0,0,0,0,0,0,0
