0,0,0,0,0,0,0,0,0,0,0,0,0,0,0,0,0,0,0,0,0,0,0,0,0,0,0,0,0,0,0,0,0,0,0,0,0,0,0,0,0,0,0,0,0,0,0,0,0,0,0,0,0,0,0,0,0,0,0,0,0,0,0,0,0,0,0,0,0,0,0,0,0,0,0,0,0,0,0,0,0,0,0,0,0,0,0,0,0,0,0,0,0,0,0,0,0,0,0,0,0,0,0,0,0,0,0,0,0,0,0,0,0,0,0,0,0,0,0,0,0,0,0,0,0,0,0,0,0,0,0,0,0,0,0,0,0,0,0,0,0,0,0,0,0,0,0,0,0,0,0,0,0,0,0,0,0,0,0,0,0,0,0,0,0,0,0,0,0
0,0,0,0,0,0,0,3.02784,2.00142,-2.35358,0,-7.44276e-05,1.90644e-05,0.0611209,0.0404012,-0.04751,0,0,0,0,0,0,0,0,0,0,0,0,0,0,0,0,0,0,0,0,0,0,0,0,0,0,0,0,0,0,0,0,0,0,0,0,0,0,0,0,1.77512,1.22722,-0.00372623,-1.58616e-05,-2.31824e-05,3.67536e-05,0.0358331,0.0247731,-7.52188e-05,0,0,0,0,0,0,0,0,0,0,0,0,0,0,0,0,0,0,0,0,0,0,0,0,0,0,0,0,0,0,0,0,0,0,0,0,0,0,0,0,0,0,0,0,0,0,0,0,0,0,0,0,1,0,0,0,0,0,1.7952,1.1967,-0.0037,0,0,0,0,0,0,0,-0,0,1.47265,0,0,0,0,0,0,0,0,0,0,0,0,0,0,0,0,0,0,0,0,0,0,0,0,0,0,0,0,0,0,0,-0.3,0.3
0,0,0,0,0,-0,0,3.02784,2.00144,-2.35357,1.22132e-05,0.000252813,4.77078e-05,-2.71985,-1.79686,2.1144,0,0,0,0,0,0,0,0,0,0,0,0,0,0,0,0,0,0,0,0,0,0,0,0,0,0,0,0,0,0,0,0,0,0,0,0,0,0,0,0,1.77512,1.22723,-0.0037227,4.88528e-06,7.93859e-05,3.52894e-05,-1.59457,-1.10209,0.00348826,0,0,0,0,0,0,0,0,0,0,0,0,0,0,0,0,0,0,0,0,0,0,0,0,0,0,0,0,0,0,0,0,0,0,0,0,0,0,0,0,0,0,0,0,0,0,0,0,0,0,0,0,1,0,0,0,0,0,1.7952,1.1967,-0.0037,0,0,0,0,0,0,0,-0,0,1.47266,0,0,0,0,0,0,0,0,0,0,0,0,0,0,0,0,0,0,0,0,0,0,0,0,0,0,0,0,0,0,0,-0.3,0.3
0,0,0,0,0,-0,0,3.02784,2.00143,-2.35361,-1.22079e-05,-0.000134287,-0.000419646,-1.00098,-0.662417,0.7763,0,0,0,0,0,0,0,0,0,0,0,0,0,0,0,0,0,0,0,0,0,0,0,0,0,0,0,0,0,0,0,0,0,0,0,0,0,0,0,0,1.77512,1.22722,-0.00372676,1.34287e-05,-0.000112313,-4.06225e-05,-0.586758,-0.406219,0.00103226,0,0,0,0,0,0,0,0,0,0,0,0,0,0,0,0,0,0,0,0,0,0,0,0,0,0,0,0,0,0,0,0,0,0,0,0,0,0,0,0,0,0,0,0,0,0,0,0,0,0,0,0,1,0,0,0,0,0,1.7952,1.1967,-0.0037,0,0,0,0,0,0,0,-0,0,1.47265,0,0,0,0,0,0,0,0,0,0,0,0,0,0,0,0,0,0,0,0,0,0,0,0,0,0,0,0,0,0,0,-0.3,0.3
0,0,0,0,0,-0,0,3.02784,2.00143,-2.35358,-2.44215e-05,-1.46529e-05,0.000326733,-0.368381,-0.243685,0.287954,0,0,0,0,0,0,0,0,0,0,0,0,0,0,0,0,0,0,0,0,0,0,0,0,0,0,0,0,0,0,0,0,0,0,0,0,0,0,0,0,1.77513,1.22722,-0.00370127,5.12852e-05,3.54112e-05,0.000255018,-0.215726,-0.149113,0.00146856,0,0,0,0,0,0,0,0,0,0,0,0,0,0,0,0,0,0,0,0,0,0,0,0,0,0,0,0,0,0,0,0,0,0,0,0,0,0,0,0,0,0,0,0,0,0,0,0,0,0,0,0,1,0,0,0,0,0,1.7952,1.1967,-0.0037,0,0,0,0,0,0,0,-0,0,1.47264,0,0,0,0,0,0,0,0,0,0,0,0,0,0,0,0,0,0,0,0,0,0,0,0,0,0,0,0,0,0,0,-0.3,0.3
0,0,0,0,0,-0,0,3.02784,2.00143,-2.35358,4.88347e-06,7.3252e-06,1.4307e-05,-0.135463,-0.089563,0.105563,0,0,0,0,0,0,0,0,0,0,0,0,0,0,0,0,0,0,0,0,0,0,0,0,0,0,0,0,0,0,0,0,0,0,0,0,0,0,0,0,1.77512,1.22723,-0.00372366,-0.00011232,3.78469e-05,-0.000223969,-0.0799722,-0.0547295,-0.000972804,0,0,0,0,0,0,0,0,0,0,0,0,0,0,0,0,0,0,0,0,0,0,0,0,0,0,0,0,0,0,0,0,0,0,0,0,0,0,0,0,0,0,0,0,0,0,0,0,0,0,0,0,1,0,0,0,0,0,1.1612,-0.3133,2.3055,0,0,0,0,0,0,0,-0,0,1.47265,0,0,0,0,0,0,0,0,0,0,0,0,0,0,0,0,0,0,0,0,0,0,0,0,0,0,0,0,0,0,0,-0.3,0.3
0,0,0,0,0,-0,0,3.02784,2.00145,-2.35354,9.7662e-06,0.000185558,0.000398183,-0.0497872,-0.0322011,0.0402272,0,0,0,0,0,0,0,0,0,0,0,0,0,0,0,0,0,0,0,0,0,0,0,0,0,0,0,0,0,0,0,0,0,0,0,0,0,0,0,0,1.77513,1.22723,-0.00371832,0.000107428,4.15062e-05,5.34376e-05,-0.0287631,-0.0200702,0.000193734,0,0,0,0,0,0,0,0,0,0,0,0,0,0,0,0,0,0,0,0,0,0,0,0,0,0,0,0,0,0,0,0,0,0,0,0,0,0,0,0,0,0,0,0,0,0,0,0,0,0,0,0,1,0,0,0,0,0,1.1612,-0.3133,2.3055,0,0,0,0,0,0,0,-0,0,1.47265,0,0,0,0,0,0,0,0,0,0,0,0,0,0,0,0,0,0,0,0,0,0,0,0,0,0,0,0,0,0,0,-0.3,0.3
0,0,0,0,0,-0,0,3.02784,2.00145,-2.35354,9.7662e-06,0.000185558,0.000398183,-0.0497872,-0.0322011,0.0402272,0,0,0,0,0,0,0,0,0,0,0,0,0,0,0,0,0,0,0,0,0,0,0,0,0,0,0,0,0,0,0,0,0,0,0,0,0,0,0,0,1.77513,1.22723,-0.00371832,0.000107428,4.15062e-05,5.34376e-05,-0.0287631,-0.0200702,0.000193734,0,0,0,0,0,0,0,0,0,0,0,0,0,0,0,0,0,0,0,0,0,0,0,0,0,0,0,0,0,0,0,0,0,0,0,0,0,0,0,0,0,0,0,0,0,0,0,0,0,0,0,0,1,0,0,0,0,0,1.1612,-0.3133,2.3055,0,0,0,0,0,0,0,-0,0,1.47265,0,0,0,0,0,0,0,0,0,0,0,0,0,0,0,0,0,0,0,0,0,0,0,0,0,0,0,0,0,0,0,-0.3,0.3
0,0,0,0,0,-0,0,3.02784,2.00143,-2.35356,2.44174e-05,-0.000205106,-0.000212222,-0.0182397,-0.013132,0.012872,0,0,0,0,0,0,0,0,0,0,0,0,0,0,0,0,0,0,0,0,0,0,0,0,0,0,0,0,0,0,0,0,0,0,0,0,0,0,0,0,1.77512,1.22722,-0.00372745,-6.71478e-05,-6.95895e-05,-9.12797e-05,-0.011037,-0.00780377,-0.00030401,0,0,0,0,0,0,0,0,0,0,0,0,0,0,0,0,0,0,0,0,0,0,0,0,0,0,0,0,0,0,0,0,0,0,0,0,0,0,0,0,0,0,0,0,0,0,0,0,0,0,0,0,1,0,0,0,0,0,1.1612,-0.3133,2.3055,0,0,0,0,0,0,0,-0,0,1.47265,0,0,0,0,0,0,0,0,0,0,0,0,0,0,0,0,0,0,0,0,0,0,0,0,0,0,0,0,0,0,0,-0.3,0.3
0,0,0,0,0,-0,0,3.02784,2.00143,-2.35356,2.44174e-05,-0.000205106,-0.000212222,-0.0182397,-0.013132,0.012872,0,0,0,0,0,0,0,0,0,0,0,0,0,0,0,0,0,0,0,0,0,0,0,0,0,0,0,0,0,0,0,0,0,0,0,0,0,0,0,0,1.77512,1.22722,-0.00372745,-6.71478e-05,-6.95895e-05,-9.12797e-05,-0.011037,-0.00780377,-0.00030401,0,0,0,0,0,0,0,0,0,0,0,0,0,0,0,0,0,0,0,0,0,0,0,0,0,0,0,0,0,0,0,0,0,0,0,0,0,0,0,0,0,0,0,0,0,0,0,0,0,0,0,0,1,0,0,0,0,0,1.2996,-0.1748,2.444,0,0,0,0,0,0,0,-0,0,1.47265,0,0,0,0,0,0,0,0,0,0,0,0,0,0,0,0,0,0,0,0,0,0,0,0,0,0,0,0,0,0,0,-0.3,0.3
0,0,0,0,0,-0,0,3.02784,2.00143,-2.35359,-2.44132e-05,1.83099e-05,-0.000264635,-0.00687695,-0.00441132,0.00381682,0,0,0,0,0,0,0,0,0,0,0,0,0,0,0,0,0,0,0,0,0,0,0,0,0,0,0,0,0,0,0,0,0,0,0,0,0,0,0,0,1.77512,1.22723,-0.00372729,-3.90611e-05,5.3709e-05,1.60647e-06,-0.00411563,-0.00253279,0.000121211,0,0,0,0,0,0,0,0,0,0,0,0,0,0,0,0,0,0,0,0,0,0,0,0,0,0,0,0,0,0,0,0,0,0,0,0,0,0,0,0,0,0,0,0,0,0,0,0,0,0,0,0,1,0,0,0,0,0,1.2996,-0.1748,2.444,0,0,0,0,0,0,0,-0,0,1.47265,0,0,0,0,0,0,0,0,0,0,0,0,0,0,0,0,0,0,0,0,0,0,0,0,0,0,0,0,0,0,0,-0.3,0.3
0,0,0,0,0,-0,0,3.02784,2.00143,-2.35359,-2.44132e-05,1.83099e-05,-0.000264635,-0.00687695,-0.00441132,0.00381682,0,0,0,0,0,0,0,0,0,0,0,0,0,0,0,0,0,0,0,0,0,0,0,0,0,0,0,0,0,0,0,0,0,0,0,0,0,0,0,0,1.77512,1.22723,-0.00372729,-3.90611e-05,5.3709e-05,1.60647e-06,-0.00411563,-0.00253279,0.000121211,0,0,0,0,0,0,0,0,0,0,0,0,0,0,0,0,0,0,0,0,0,0,0,0,0,0,0,0,0,0,0,0,0,0,0,0,0,0,0,0,0,0,0,0,0,0,0,0,0,0,0,0,1,0,0,0,0,0,1.2996,-0.1748,2.444,0,0,0,0,0,0,0,-0,0,1.47265,0,0,0,0,0,0,0,0,0,0,0,0,0,0,0,0,0,0,0,0,0,0,0,0,0,0,0,0,0,0,0,-0.3,0.3
0,0,0,0,0,-0,0,3.02784,2.00143,-2.35355,-1.46279e-05,1.34089e-05,0.000328556,-0.00255053,-0.00148692,0.00343566,0,0,0,0,0,0,0,0,0,0,0,0,0,0,0,0,0,0,0,0,0,0,0,0,0,0,0,0,0,0,0,0,0,0,0,0,0,0,0,0,1.77512,1.22723,-0.00370316,4.26646e-05,1.82848e-05,0.000240946,-0.00120682,-0.000948266,0.00108686,0,0,0,0,0,0,0,0,0,0,0,0,0,0,0,0,0,0,0,0,0,0,0,0,0,0,0,0,0,0,0,0,0,0,0,0,0,0,0,0,0,0,0,0,0,0,0,0,0,0,0,0,1,0,0,0,0,0,1.2996,-0.1748,2.444,0,0,0,0,0,0,0,-0,0,1.47265,0,0,0,0,0,0,0,0,0,0,0,0,0,0,0,0,0,0,0,0,0,0,0,0,0,0,0,0,0,0,0,-0.3,0.3
0,0,0,0,0,-0,0,3.02784,2.00143,-2.35355,-1.46279e-05,1.34089e-05,0.000328556,-0.00255053,-0.00148692,0.00343566,0,0,0,0,0,0,0,0,0,0,0,0,0,0,0,0,0,0,0,0,0,0,0,0,0,0,0,0,0,0,0,0,0,0,0,0,0,0,0,0,1.77512,1.22723,-0.00370316,4.26646e-05,1.82848e-05,0.000240946,-0.00120682,-0.000948266,0.00108686,0,0,0,0,0,0,0,0,0,0,0,0,0,0,0,0,0,0,0,0,0,0,0,0,0,0,0,0,0,0,0,0,0,0,0,0,0,0,0,0,0,0,0,0,0,0,0,0,0,0,0,0,1,0,0,0,0,0,1.2055,-0.2689,2.3499,0,0,0,0,0,0,0,-0,0,1.47265,0,0,0,0,0,0,0,0,0,0,0,0,0,0,0,0,0,0,0,0,0,0,0,0,0,0,0,0,0,0,0,-0.3,0.3
0,0,0,0,0,-0,0,3.02784,2.00144,-2.35358,3.42234e-05,5.62241e-05,-0.00024111,-0.000750951,-0.000326228,-0.000266115,0,0,0,0,0,0,0,0,0,0,0,0,0,0,0,0,0,0,0,0,0,0,0,0,0,0,0,0,0,0,0,0,0,0,0,0,0,0,0,0,1.77513,1.22723,-0.00362654,0.000128338,-1.22227e-06,0.000767106,1.09061e-05,-0.000433062,0.00288392,0,0,0,0,0,0,0,0,0,0,0,0,0,0,0,0,0,0,0,0,0,0,0,0,0,0,0,0,0,0,0,0,0,0,0,0,0,0,0,0,0,0,0,0,0,0,0,0,0,0,0,0,1,0,0,0,0,0,1.2055,-0.2689,2.3499,0,0,0,0,0,0,0,-0,0,1.47264,0,0,0,0,0,0,0,0,0,0,0,0,0,0,0,0,0,0,0,0,0,0,0,0,0,0,0,0,0,0,0,-0.3,0.3
0,0,0,0,0,-0,0,3.02784,2.00144,-2.35358,3.42234e-05,5.62241e-05,-0.00024111,-0.000750951,-0.000326228,-0.000266115,0,0,0,0,0,0,0,0,0,0,0,0,0,0,0,0,0,0,0,0,0,0,0,0,0,0,0,0,0,0,0,0,0,0,0,0,0,0,0,0,1.77513,1.22723,-0.00362654,0.000128338,-1.22227e-06,0.000767106,1.09061e-05,-0.000433062,0.00288392,0,0,0,0,0,0,0,0,0,0,0,0,0,0,0,0,0,0,0,0,0,0,0,0,0,0,0,0,0,0,0,0,0,0,0,0,0,0,0,0,0,0,0,0,0,0,0,0,0,0,0,0,1,0,0,0,0,0,1.2055,-0.2689,2.3499,0,0,0,0,0,0,0,-0,0,1.47264,0,0,0,0,0,0,0,0,0,0,0,0,0,0,0,0,0,0,0,0,0,0,0,0,0,0,0,0,0,0,0,-0.3,0.3
0,0,0,0,0,-0,0,3.02784,2.00143,-2.35356,-9.76583e-06,-1.95317e-05,0.000169281,-0.000383332,-0.000341456,0.000978627,0,0,0,0,0,0,0,0,0,0,0,0,0,0,0,0,0,0,0,0,0,0,0,0,0,0,0,0,0,0,0,0,0,0,0,0,0,0,0,0,1.77512,1.22723,-0.00372733,-0.000135501,-6.10364e-05,-0.00100792,-0.000882479,-0.000429417,-0.00511412,0,0,0,0,0,0,0,0,0,0,0,0,0,0,0,0,0,0,0,0,0,0,0,0,0,0,0,0,0,0,0,0,0,0,0,0,0,0,0,0,0,0,0,0,0,0,0,0,0,0,0,0,1,0,0,0,0,0,1.2055,-0.2689,2.3499,0,0,0,0,0,0,0,-0,0,1.47265,0,0,0,0,0,0,0,0,0,0,0,0,0,0,0,0,0,0,0,0,0,0,0,0,0,0,0,0,0,0,0,-0.3,0.3
0,0,0,0,0,-0,0,3.02784,2.00143,-2.35356,-9.76583e-06,-1.95317e-05,0.000169281,-0.000383332,-0.000341456,0.000978627,0,0,0,0,0,0,0,0,0,0,0,0,0,0,0,0,0,0,0,0,0,0,0,0,0,0,0,0,0,0,0,0,0,0,0,0,0,0,0,0,1.77512,1.22723,-0.00372733,-0.000135501,-6.10364e-05,-0.00100792,-0.000882479,-0.000429417,-0.00511412,0,0,0,0,0,0,0,0,0,0,0,0,0,0,0,0,0,0,0,0,0,0,0,0,0,0,0,0,0,0,0,0,0,0,0,0,0,0,0,0,0,0,0,0,0,0,0,0,0,0,0,0,1,0,0,0,0,0,1.2753,-0.1991,2.4197,0,0,0,0,0,0,0,-0,0,1.47265,0,0,0,0,0,0,0,0,0,0,0,0,0,0,0,0,0,0,0,0,0,0,0,0,0,0,0,0,0,0,0,-0.3,0.3
0,0,0,0,0,-0,0,3.02784,2.00143,-2.35359,2.44249e-05,-7.93809e-05,-0.00029577,-4.37801e-05,-0.000446255,-0.00110184,0,0,0,0,0,0,0,0,0,0,0,0,0,0,0,0,0,0,0,0,0,0,0,0,0,0,0,0,0,0,0,0,0,0,0,0,0,0,0,0,1.77512,1.22722,-0.0037293,-3.66374e-06,-4.64073e-05,-1.96759e-05,-0.000124182,-0.000198861,-0.000205779,0,0,0,0,0,0,0,0,0,0,0,0,0,0,0,0,0,0,0,0,0,0,0,0,0,0,0,0,0,0,0,0,0,0,0,0,0,0,0,0,0,0,0,0,0,0,0,0,0,0,0,0,1,0,0,0,0,0,1.2753,-0.1991,2.4197,0,0,0,0,0,0,0,-0,0,1.47265,0,0,0,0,0,0,0,0,0,0,0,0,0,0,0,0,0,0,0,0,0,0,0,0,0,0,0,0,0,0,0,-0.3,0.3
0,0,0,0,0,-0,0,3.02784,2.00143,-2.35359,2.44249e-05,-7.93809e-05,-0.00029577,-4.37801e-05,-0.000446255,-0.00110184,0,0,0,0,0,0,0,0,0,0,0,0,0,0,0,0,0,0,0,0,0,0,0,0,0,0,0,0,0,0,0,0,0,0,0,0,0,0,0,0,1.77512,1.22722,-0.0037293,-3.66374e-06,-4.64073e-05,-1.96759e-05,-0.000124182,-0.000198861,-0.000205779,0,0,0,0,0,0,0,0,0,0,0,0,0,0,0,0,0,0,0,0,0,0,0,0,0,0,0,0,0,0,0,0,0,0,0,0,0,0,0,0,0,0,0,0,0,0,0,0,0,0,0,0,1,0,0,0,0,0,1.2753,-0.1991,2.4197,0,0,0,0,0,0,0,-0,0,1.47265,0,0,0,0,0,0,0,0,0,0,0,0,0,0,0,0,0,0,0,0,0,0,0,0,0,0,0,0,0,0,0,-0.3,0.3
0,0,0,0,0,-0,0,3.02784,2.00143,-2.35358,-2.92846e-05,6.58903e-05,0.000109627,-0.000194911,0.000298253,0.000676327,0,0,0,0,0,0,0,0,0,0,0,0,0,0,0,0,0,0,0,0,0,0,0,0,0,0,0,0,0,0,0,0,0,0,0,0,0,0,0,0,1.77513,1.22723,-0.00368673,7.93125e-05,6.83307e-05,0.000425497,0.000359645,0.000370225,0.00231968,0,0,0,0,0,0,0,0,0,0,0,0,0,0,0,0,0,0,0,0,0,0,0,0,0,0,0,0,0,0,0,0,0,0,0,0,0,0,0,0,0,0,0,0,0,0,0,0,0,0,0,0,1,0,0,0,0,0,1.2753,-0.1991,2.4197,0,0,0,0,0,0,0,-0,0,1.47264,0,0,0,0,0,0,0,0,0,0,0,0,0,0,0,0,0,0,0,0,0,0,0,0,0,0,0,0,0,0,0,-0.3,0.3
0,0,0,0,0,-0,0,3.02784,2.00143,-2.35358,-2.92846e-05,6.58903e-05,0.000109627,-0.000194911,0.000298253,0.000676327,0,0,0,0,0,0,0,0,0,0,0,0,0,0,0,0,0,0,0,0,0,0,0,0,0,0,0,0,0,0,0,0,0,0,0,0,0,0,0,0,1.77513,1.22723,-0.00368673,7.93125e-05,6.83307e-05,0.000425497,0.000359645,0.000370225,0.00231968,0,0,0,0,0,0,0,0,0,0,0,0,0,0,0,0,0,0,0,0,0,0,0,0,0,0,0,0,0,0,0,0,0,0,0,0,0,0,0,0,0,0,0,0,0,0,0,0,0,0,0,0,1,0,0,0,0,0,1.2055,-0.2689,2.3499,0,0,0,0,0,0,0,-0,0,1.47264,0,0,0,0,0,0,0,0,0,0,0,0,0,0,0,0,0,0,0,0,0,0,0,0,0,0,0,0,0,0,0,-0.3,0.3
0,0,0,0,0,-0,0,3.02784,2.00143,-2.35356,-2.44221e-05,-3.66331e-06,0.000174103,-0.000118015,1.86735e-06,0.000904297,0,0,0,0,0,0,0,0,0,0,0,0,0,0,0,0,0,0,0,0,0,0,0,0,0,0,0,0,0,0,0,0,0,0,0,0,0,0,0,0,1.77512,1.22722,-0.00372996,-8.42561e-05,-3.29698e-05,-0.00043241,-0.000372238,-0.00010552,-0.0016938,0,0,0,0,0,0,0,0,0,0,0,0,0,0,0,0,0,0,0,0,0,0,0,0,0,0,0,0,0,0,0,0,0,0,0,0,0,0,0,0,0,0,0,0,0,0,0,0,0,0,0,0,1,0,0,0,0,0,1.2055,-0.2689,2.3499,0,0,0,0,0,0,0,-0,0,1.47265,0,0,0,0,0,0,0,0,0,0,0,0,0,0,0,0,0,0,0,0,0,0,0,0,0,0,0,0,0,0,0,-0.3,0.3
0,0,0,0,0,-0,0,3.02784,2.00143,-2.35356,-2.44221e-05,-3.66331e-06,0.000174103,-0.000118015,1.86735e-06,0.000904297,0,0,0,0,0,0,0,0,0,0,0,0,0,0,0,0,0,0,0,0,0,0,0,0,0,0,0,0,0,0,0,0,0,0,0,0,0,0,0,0,1.77512,1.22722,-0.00372996,-8.42561e-05,-3.29698e-05,-0.00043241,-0.000372238,-0.00010552,-0.0016938,0,0,0,0,0,0,0,0,0,0,0,0,0,0,0,0,0,0,0,0,0,0,0,0,0,0,0,0,0,0,0,0,0,0,0,0,0,0,0,0,0,0,0,0,0,0,0,0,0,0,0,0,1,0,0,0,0,0,1.2055,-0.2689,2.3499,0,0,0,0,0,0,0,-0,0,1.47265,0,0,0,0,0,0,0,0,0,0,0,0,0,0,0,0,0,0,0,0,0,0,0,0,0,0,0,0,0,0,0,-0.3,0.3
0,0,0,0,0,-0,0,3.02784,2.00143,-2.35358,-1.22081e-05,2.56371e-05,-0.00017883,-1.16875e-05,7.81011e-05,-0.000836181,0,0,0,0,0,0,0,0,0,0,0,0,0,0,0,0,0,0,0,0,0,0,0,0,0,0,0,0,0,0,0,0,0,0,0,0,0,0,0,0,1.77509,1.22724,-0.00358018,-0.000283229,0.00011964,0.00149798,-0.00111765,0.000482029,0.00615279,0,0,0,0,0,0,0,0,0,0,0,0,0,0,0,0,0,0,0,0,0,0,0,0,0,0,0,0,0,0,0,0,0,0,0,0,0,0,0,0,0,0,0,0,0,0,0,0,0,0,0,0,1,0,0,0,0,0,1.2055,-0.2689,2.3499,0,0,0,0,0,0,0,-0,0,1.47267,0,0,0,0,0,0,0,0,0,0,0,0,0,0,0,0,0,0,0,0,0,0,0,0,0,0,0,0,0,0,0,-0.3,0.3
0,0,0,0,0,-0,0,3.02784,2.00143,-2.35358,-1.22081e-05,2.56371e-05,-0.00017883,-1.16875e-05,7.81011e-05,-0.000836181,0,0,0,0,0,0,0,0,0,0,0,0,0,0,0,0,0,0,0,0,0,0,0,0,0,0,0,0,0,0,0,0,0,0,0,0,0,0,0,0,1.77509,1.22724,-0.00358018,-0.000283229,0.00011964,0.00149798,-0.00111765,0.000482029,0.00615279,0,0,0,0,0,0,0,0,0,0,0,0,0,0,0,0,0,0,0,0,0,0,0,0,0,0,0,0,0,0,0,0,0,0,0,0,0,0,0,0,0,0,0,0,0,0,0,0,0,0,0,0,1,0,0,0,0,0,1.1249,-0.3495,2.2694,0,0,0,0,0,0,0,-0,0,1.47267,0,0,0,0,0,0,0,0,0,0,0,0,0,0,0,0,0,0,0,0,0,0,0,0,0,0,0,0,0,0,0,-0.3,0.3
0,0,0,0,0,-0,0,3.02784,2.00143,-2.35357,3.17511e-05,-6.22811e-05,6.91694e-05,0.000183027,-0.000294068,0.000253151,0,0,0,0,0,0,0,0,0,0,0,0,0,0,0,0,0,0,0,0,0,0,0,0,0,0,0,0,0,0,0,0,0,0,0,0,0,0,0,0,1.77512,1.22722,-0.00367928,0.000305299,-0.000141659,-0.000991454,0.00157952,-0.000675056,-0.00518998,0,0,0,0,0,0,0,0,0,0,0,0,0,0,0,0,0,0,0,0,0,0,0,0,0,0,0,0,0,0,0,0,0,0,0,0,0,0,0,0,0,0,0,0,0,0,0,0,0,0,0,0,1,0,0,0,0,0,1.1249,-0.3495,2.2694,0,0,0,0,0,0,0,-0,0,1.47265,0,0,0,0,0,0,0,0,0,0,0,0,0,0,0,0,0,0,0,0,0,0,0,0,0,0,0,0,0,0,0,-0.3,0.3
0,0,0,0,0,-0,0,3.02784,2.00143,-2.35357,3.17511e-05,-6.22811e-05,6.91694e-05,0.000183027,-0.000294068,0.000253151,0,0,0,0,0,0,0,0,0,0,0,0,0,0,0,0,0,0,0,0,0,0,0,0,0,0,0,0,0,0,0,0,0,0,0,0,0,0,0,0,1.77512,1.22722,-0.00367928,0.000305299,-0.000141659,-0.000991454,0.00157952,-0.000675056,-0.00518998,0,0,0,0,0,0,0,0,0,0,0,0,0,0,0,0,0,0,0,0,0,0,0,0,0,0,0,0,0,0,0,0,0,0,0,0,0,0,0,0,0,0,0,0,0,0,0,0,0,0,0,0,1,0,0,0,0,0,1.1249,-0.3495,2.2694,0,0,0,0,0,0,0,-0,0,1.47265,0,0,0,0,0,0,0,0,0,0,0,0,0,0,0,0,0,0,0,0,0,0,0,0,0,0,0,0,0,0,0,-0.3,0.3
0,0,0,0,0,-0,0,3.02784,2.00143,-2.3536,-9.76155e-06,4.3927e-05,-0.000228786,-2.95891e-05,0.000197377,-0.000891086,0,0,0,0,0,0,0,0,0,0,0,0,0,0,0,0,0,0,0,0,0,0,0,0,0,0,0,0,0,0,0,0,0,0,0,0,0,0,0,0,1.77512,1.22723,-0.00372007,-1.22019e-05,8.05327e-05,-0.000407748,4.51722e-05,0.000325733,-0.00232049,0,0,0,0,0,0,0,0,0,0,0,0,0,0,0,0,0,0,0,0,0,0,0,0,0,0,0,0,0,0,0,0,0,0,0,0,0,0,0,0,0,0,0,0,0,0,0,0,0,0,0,0,1,0,0,0,0,0,1.1249,-0.3495,2.2694,0,0,0,0,0,0,0,-0,0,1.47265,0,0,0,0,0,0,0,0,0,0,0,0,0,0,0,0,0,0,0,0,0,0,0,0,0,0,0,0,0,0,0,-0.3,0.3
0,0,0,0,0,-0,0,3.02784,2.00143,-2.3536,-9.76155e-06,4.3927e-05,-0.000228786,-2.95891e-05,0.000197377,-0.000891086,0,0,0,0,0,0,0,0,0,0,0,0,0,0,0,0,0,0,0,0,0,0,0,0,0,0,0,0,0,0,0,0,0,0,0,0,0,0,0,0,1.77512,1.22723,-0.00372007,-1.22019e-05,8.05327e-05,-0.000407748,4.51722e-05,0.000325733,-0.00232049,0,0,0,0,0,0,0,0,0,0,0,0,0,0,0,0,0,0,0,0,0,0,0,0,0,0,0,0,0,0,0,0,0,0,0,0,0,0,0,0,0,0,0,0,0,0,0,0,0,0,0,0,1,0,0,0,0,0,1.1932,-0.2811,2.3376,0,0,0,0,0,0,0,-0,0,1.47265,0,0,0,0,0,0,0,0,0,0,0,0,0,0,0,0,0,0,0,0,0,0,0,0,0,0,0,0,0,0,0,-0.3,0.3
0,0,0,0,0,-0,0,3.02784,2.00144,-2.35356,1.70985e-05,5.12954e-05,0.000331569,6.07813e-05,0.000214413,0.00154935,0,0,0,0,0,0,0,0,0,0,0,0,0,0,0,0,0,0,0,0,0,0,0,0,0,0,0,0,0,0,0,0,0,0,0,0,0,0,0,0,1.77511,1.22724,-0.00372961,-9.03781e-05,8.30502e-05,-9.53672e-05,-0.000492959,0.000340995,0.000244119,0,0,0,0,0,0,0,0,0,0,0,0,0,0,0,0,0,0,0,0,0,0,0,0,0,0,0,0,0,0,0,0,0,0,0,0,0,0,0,0,0,0,0,0,0,0,0,0,0,0,0,0,1,0,0,0,0,0,1.1932,-0.2811,2.3376,0,0,0,0,0,0,0,-0,0,1.47266,0,0,0,0,0,0,0,0,0,0,0,0,0,0,0,0,0,0,0,0,0,0,0,0,0,0,0,0,0,0,0,-0.3,0.3
0,0,0,0,0,-0,0,3.02784,2.00144,-2.35356,1.70985e-05,5.12954e-05,0.000331569,6.07813e-05,0.000214413,0.00154935,0,0,0,0,0,0,0,0,0,0,0,0,0,0,0,0,0,0,0,0,0,0,0,0,0,0,0,0,0,0,0,0,0,0,0,0,0,0,0,0,1.77511,1.22724,-0.00372961,-9.03781e-05,8.30502e-05,-9.53672e-05,-0.000492959,0.000340995,0.000244119,0,0,0,0,0,0,0,0,0,0,0,0,0,0,0,0,0,0,0,0,0,0,0,0,0,0,0,0,0,0,0,0,0,0,0,0,0,0,0,0,0,0,0,0,0,0,0,0,0,0,0,0,1,0,0,0,0,0,1.1932,-0.2811,2.3376,0,0,0,0,0,0,0,-0,0,1.47266,0,0,0,0,0,0,0,0,0,0,0,0,0,0,0,0,0,0,0,0,0,0,0,0,0,0,0,0,0,0,0,-0.3,0.3
0,0,0,0,0,-0,0,3.02784,2.00143,-2.3536,-7.32084e-06,-6.58875e-05,-0.00034793,-4.88241e-05,-0.000337113,-0.00145423,0,0,0,0,0,0,0,0,0,0,0,0,0,0,0,0,0,0,0,0,0,0,0,0,0,0,0,0,0,0,0,0,0,0,0,0,0,0,0,0,1.77512,1.22722,-0.00373001,4.14847e-05,-0.000152517,-3.99585e-06,0.000157966,-0.00073435,0.00085833,0,0,0,0,0,0,0,0,0,0,0,0,0,0,0,0,0,0,0,0,0,0,0,0,0,0,0,0,0,0,0,0,0,0,0,0,0,0,0,0,0,0,0,0,0,0,0,0,0,0,0,0,1,0,0,0,0,0,1.1932,-0.2811,2.3376,0,0,0,0,0,0,0,-0,0,1.47266,0,0,0,0,0,0,0,0,0,0,0,0,0,0,0,0,0,0,0,0,0,0,0,0,0,0,0,0,0,0,0,-0.3,0.3
0,0,0,0,0,-0,0,3.02784,2.00143,-2.3536,-7.32084e-06,-6.58875e-05,-0.00034793,-4.88241e-05,-0.000337113,-0.00145423,0,0,0,0,0,0,0,0,0,0,0,0,0,0,0,0,0,0,0,0,0,0,0,0,0,0,0,0,0,0,0,0,0,0,0,0,0,0,0,0,1.77512,1.22722,-0.00373001,4.14847e-05,-0.000152517,-3.99585e-06,0.000157966,-0.00073435,0.00085833,0,0,0,0,0,0,0,0,0,0,0,0,0,0,0,0,0,0,0,0,0,0,0,0,0,0,0,0,0,0,0,0,0,0,0,0,0,0,0,0,0,0,0,0,0,0,0,0,0,0,0,0,1,0,0,0,0,0,1.2348,-0.2396,2.3792,0,0,0,0,0,0,0,-0,0,1.47266,0,0,0,0,0,0,0,0,0,0,0,0,0,0,0,0,0,0,0,0,0,0,0,0,0,0,0,0,0,0,0,-0.3,0.3
0,0,0,0,0,-0,0,3.02784,2.00143,-2.35357,1.95268e-05,3.29514e-05,0.0002622,6.31373e-05,0.000117977,0.00115877,0,0,0,0,0,0,0,0,0,0,0,0,0,0,0,0,0,0,0,0,0,0,0,0,0,0,0,0,0,0,0,0,0,0,0,0,0,0,0,0,1.77512,1.22723,-0.00370069,6.46824e-05,7.93275e-05,0.000293097,0.000275613,0.000340171,0.00178566,0,0,0,0,0,0,0,0,0,0,0,0,0,0,0,0,0,0,0,0,0,0,0,0,0,0,0,0,0,0,0,0,0,0,0,0,0,0,0,0,0,0,0,0,0,0,0,0,0,0,0,0,1,0,0,0,0,0,1.2348,-0.2396,2.3792,0,0,0,0,0,0,0,-0,0,1.47265,0,0,0,0,0,0,0,0,0,0,0,0,0,0,0,0,0,0,0,0,0,0,0,0,0,0,0,0,0,0,0,-0.3,0.3
0,0,0,0,0,-0,0,3.02784,2.00143,-2.35357,1.95268e-05,3.29514e-05,0.0002622,6.31373e-05,0.000117977,0.00115877,0,0,0,0,0,0,0,0,0,0,0,0,0,0,0,0,0,0,0,0,0,0,0,0,0,0,0,0,0,0,0,0,0,0,0,0,0,0,0,0,1.77512,1.22723,-0.00370069,6.46824e-05,7.93275e-05,0.000293097,0.000275613,0.000340171,0.00178566,0,0,0,0,0,0,0,0,0,0,0,0,0,0,0,0,0,0,0,0,0,0,0,0,0,0,0,0,0,0,0,0,0,0,0,0,0,0,0,0,0,0,0,0,0,0,0,0,0,0,0,0,1,0,0,0,0,0,1.2348,-0.2396,2.3792,0,0,0,0,0,0,0,-0,0,1.47265,0,0,0,0,0,0,0,0,0,0,0,0,0,0,0,0,0,0,0,0,0,0,0,0,0,0,0,0,0,0,0,-0.3,0.3
0,0,0,0,0,-0,0,3.02784,2.00143,-2.35357,1.46596e-05,-1.22163e-06,-2.1474e-05,3.35895e-05,-4.17084e-06,-8.44009e-05,0,0,0,0,0,0,0,0,0,0,0,0,0,0,0,0,0,0,0,0,0,0,0,0,0,0,0,0,0,0,0,0,0,0,0,0,0,0,0,0,1.77513,1.22723,-0.00368799,2.93192e-05,-3.29841e-05,0.000127075,4.0059e-05,-9.92022e-05,0.000534073,0,0,0,0,0,0,0,0,0,0,0,0,0,0,0,0,0,0,0,0,0,0,0,0,0,0,0,0,0,0,0,0,0,0,0,0,0,0,0,0,0,0,0,0,0,0,0,0,0,0,0,0,1,0,0,0,0,0,1.2348,-0.2396,2.3792,0,0,0,0,0,0,0,-0,0,1.47265,0,0,0,0,0,0,0,0,0,0,0,0,0,0,0,0,0,0,0,0,0,0,0,0,0,0,0,0,0,0,0,-0.3,0.3
0,0,0,0,0,-0,0,3.02784,2.00143,-2.35357,1.46596e-05,-1.22163e-06,-2.1474e-05,3.35895e-05,-4.17084e-06,-8.44009e-05,0,0,0,0,0,0,0,0,0,0,0,0,0,0,0,0,0,0,0,0,0,0,0,0,0,0,0,0,0,0,0,0,0,0,0,0,0,0,0,0,1.77513,1.22723,-0.00368799,2.93192e-05,-3.29841e-05,0.000127075,4.0059e-05,-9.92022e-05,0.000534073,0,0,0,0,0,0,0,0,0,0,0,0,0,0,0,0,0,0,0,0,0,0,0,0,0,0,0,0,0,0,0,0,0,0,0,0,0,0,0,0,0,0,0,0,0,0,0,0,0,0,0,0,1,0,0,0,0,0,1.2055,-0.2689,2.3499,0,0,0,0,0,0,0,-0,0,1.47265,0,0,0,0,0,0,0,0,0,0,0,0,0,0,0,0,0,0,0,0,0,0,0,0,0,0,0,0,0,0,0,-0.3,0.3
0,0,0,0,0,-0,0,3.02784,2.00144,-2.35356,0,6.59284e-05,0.000133536,-4.23729e-05,0.000249403,0.000400652,0,0,0,0,0,0,0,0,0,0,0,0,0,0,0,0,0,0,0,0,0,0,0,0,0,0,0,0,0,0,0,0,0,0,0,0,0,0,0,0,1.77512,1.22723,-0.00373253,-5.00567e-05,1.58716e-05,-0.000445494,-0.000324916,7.61077e-05,-0.00213617,0,0,0,0,0,0,0,0,0,0,0,0,0,0,0,0,0,0,0,0,0,0,0,0,0,0,0,0,0,0,0,0,0,0,0,0,0,0,0,0,0,0,0,0,0,0,0,0,0,0,0,0,1,0,0,0,0,0,1.2055,-0.2689,2.3499,0,0,0,0,0,0,0,-0,0,1.47266,0,0,0,0,0,0,0,0,0,0,0,0,0,0,0,0,0,0,0,0,0,0,0,0,0,0,0,0,0,0,0,-0.3,0.3
0,0,0,0,0,-0,0,3.02784,2.00144,-2.35356,0,6.59284e-05,0.000133536,-4.23729e-05,0.000249403,0.000400652,0,0,0,0,0,0,0,0,0,0,0,0,0,0,0,0,0,0,0,0,0,0,0,0,0,0,0,0,0,0,0,0,0,0,0,0,0,0,0,0,1.77512,1.22723,-0.00373253,-5.00567e-05,1.58716e-05,-0.000445494,-0.000324916,7.61077e-05,-0.00213617,0,0,0,0,0,0,0,0,0,0,0,0,0,0,0,0,0,0,0,0,0,0,0,0,0,0,0,0,0,0,0,0,0,0,0,0,0,0,0,0,0,0,0,0,0,0,0,0,0,0,0,0,1,0,0,0,0,0,1.2055,-0.2689,2.3499,0,0,0,0,0,0,0,-0,0,1.47266,0,0,0,0,0,0,0,0,0,0,0,0,0,0,0,0,0,0,0,0,0,0,0,0,0,0,0,0,0,0,0,-0.3,0.3
0,0,0,0,0,-0,0,3.02784,2.00144,-2.35356,-3.90587e-05,4.88233e-06,3.57593e-05,-0.000191816,-5.98535e-05,-8.44931e-05,0,0,0,0,0,0,0,0,0,0,0,0,0,0,0,0,0,0,0,0,0,0,0,0,0,0,0,0,0,0,0,0,0,0,0,0,0,0,0,0,1.77512,1.22723,-0.00372118,1.83088e-05,-1.4647e-05,0.000113547,2.86269e-05,-5.24963e-05,0.000589411,0,0,0,0,0,0,0,0,0,0,0,0,0,0,0,0,0,0,0,0,0,0,0,0,0,0,0,0,0,0,0,0,0,0,0,0,0,0,0,0,0,0,0,0,0,0,0,0,0,0,0,0,1,0,0,0,0,0,1.2055,-0.2689,2.3499,0,0,0,0,0,0,0,-0,0,1.47265,0,0,0,0,0,0,0,0,0,0,0,0,0,0,0,0,0,0,0,0,0,0,0,0,0,0,0,0,0,0,0,-0.3,0.3
0,0,0,0,0,-0,0,3.02784,2.00144,-2.35356,-3.90587e-05,4.88233e-06,3.57593e-05,-0.000191816,-5.98535e-05,-8.44931e-05,0,0,0,0,0,0,0,0,0,0,0,0,0,0,0,0,0,0,0,0,0,0,0,0,0,0,0,0,0,0,0,0,0,0,0,0,0,0,0,0,1.77512,1.22723,-0.00372118,1.83088e-05,-1.4647e-05,0.000113547,2.86269e-05,-5.24963e-05,0.000589411,0,0,0,0,0,0,0,0,0,0,0,0,0,0,0,0,0,0,0,0,0,0,0,0,0,0,0,0,0,0,0,0,0,0,0,0,0,0,0,0,0,0,0,0,0,0,0,0,0,0,0,0,1,0,0,0,0,0,1.2558,-0.2187,2.4001,0,0,0,0,0,0,0,-0,0,1.47265,0,0,0,0,0,0,0,0,0,0,0,0,0,0,0,0,0,0,0,0,0,0,0,0,0,0,0,0,0,0,0,-0.3,0.3
0,0,0,0,0,-0,0,3.02784,2.00144,-2.35356,4.88441e-06,-4.88441e-06,7.1549e-06,4.01959e-05,-0.000116881,-0.000230831,0,0,0,0,0,0,0,0,0,0,0,0,0,0,0,0,0,0,0,0,0,0,0,0,0,0,0,0,0,0,0,0,0,0,0,0,0,0,0,0,1.77512,1.22723,-0.00372757,1.83166e-05,1.70955e-05,-6.39237e-05,6.5064e-05,7.79091e-05,1.37025e-05,0,0,0,0,0,0,0,0,0,0,0,0,0,0,0,0,0,0,0,0,0,0,0,0,0,0,0,0,0,0,0,0,0,0,0,0,0,0,0,0,0,0,0,0,0,0,0,0,0,0,0,0,1,0,0,0,0,0,1.2558,-0.2187,2.4001,0,0,0,0,0,0,0,-0,0,1.47265,0,0,0,0,0,0,0,0,0,0,0,0,0,0,0,0,0,0,0,0,0,0,0,0,0,0,0,0,0,0,0,-0.3,0.3
0,0,0,0,0,-0,0,3.02784,2.00144,-2.35356,4.88441e-06,-4.88441e-06,7.1549e-06,4.01959e-05,-0.000116881,-0.000230831,0,0,0,0,0,0,0,0,0,0,0,0,0,0,0,0,0,0,0,0,0,0,0,0,0,0,0,0,0,0,0,0,0,0,0,0,0,0,0,0,1.77512,1.22723,-0.00372757,1.83166e-05,1.70955e-05,-6.39237e-05,6.5064e-05,7.79091e-05,1.37025e-05,0,0,0,0,0,0,0,0,0,0,0,0,0,0,0,0,0,0,0,0,0,0,0,0,0,0,0,0,0,0,0,0,0,0,0,0,0,0,0,0,0,0,0,0,0,0,0,0,0,0,0,0,1,0,0,0,0,0,1.2558,-0.2187,2.4001,0,0,0,0,0,0,0,-0,0,1.47265,0,0,0,0,0,0,0,0,0,0,0,0,0,0,0,0,0,0,0,0,0,0,0,0,0,0,0,0,0,0,0,-0.3,0.3
0,0,0,0,0,-0,0,3.02784,2.00144,-2.35359,0,-1.46442e-05,-0.000309855,3.60252e-05,-0.000116942,-0.00142581,0,0,0,0,0,0,0,0,0,0,0,0,0,0,0,0,0,0,0,0,0,0,0,0,0,0,0,0,0,0,0,0,0,0,0,0,0,0,0,0,1.77512,1.22723,-0.00374307,-6.2238e-05,-3.17292e-05,-0.00015497,-0.000277871,-0.000130653,-0.000433584,0,0,0,0,0,0,0,0,0,0,0,0,0,0,0,0,0,0,0,0,0,0,0,0,0,0,0,0,0,0,0,0,0,0,0,0,0,0,0,0,0,0,0,0,0,0,0,0,0,0,0,0,1,0,0,0,0,0,1.2558,-0.2187,2.4001,0,0,0,0,0,0,0,-0,0,1.47266,0,0,0,0,0,0,0,0,0,0,0,0,0,0,0,0,0,0,0,0,0,0,0,0,0,0,0,0,0,0,0,-0.3,0.3
0,0,0,0,0,-0,0,3.02784,2.00144,-2.35359,0,-1.46442e-05,-0.000309855,3.60252e-05,-0.000116942,-0.00142581,0,0,0,0,0,0,0,0,0,0,0,0,0,0,0,0,0,0,0,0,0,0,0,0,0,0,0,0,0,0,0,0,0,0,0,0,0,0,0,0,1.77512,1.22723,-0.00374307,-6.2238e-05,-3.17292e-05,-0.00015497,-0.000277871,-0.000130653,-0.000433584,0,0,0,0,0,0,0,0,0,0,0,0,0,0,0,0,0,0,0,0,0,0,0,0,0,0,0,0,0,0,0,0,0,0,0,0,0,0,0,0,0,0,0,0,0,0,0,0,0,0,0,0,1,0,0,0,0,0,1.2055,-0.2689,2.3498,0,0,0,0,0,0,0,-0,0,1.47266,0,0,0,0,0,0,0,0,0,0,0,0,0,0,0,0,0,0,0,0,0,0,0,0,0,0,0,0,0,0,0,-0.3,0.3
0,0,0,0,0,-0,0,3.02784,2.00143,-2.35357,-9.76973e-06,-0.000109909,0.000143111,-1.79631e-05,-0.000450836,0.000792457,0,0,0,0,0,0,0,0,0,0,0,0,0,0,0,0,0,0,0,0,0,0,0,0,0,0,0,0,0,0,0,0,0,0,0,0,0,0,0,0,1.77512,1.22723,-0.00371232,4.64062e-05,0,0.000307661,0.0002209,2.01323e-05,0.00152778,0,0,0,0,0,0,0,0,0,0,0,0,0,0,0,0,0,0,0,0,0,0,0,0,0,0,0,0,0,0,0,0,0,0,0,0,0,0,0,0,0,0,0,0,0,0,0,0,0,0,0,0,1,0,0,0,0,0,1.2055,-0.2689,2.3498,0,0,0,0,0,0,0,-0,0,1.47265,0,0,0,0,0,0,0,0,0,0,0,0,0,0,0,0,0,0,0,0,0,0,0,0,0,0,0,0,0,0,0,-0.3,0.3
0,0,0,0,0,-0,0,3.02784,2.00143,-2.35357,-9.76973e-06,-0.000109909,0.000143111,-1.79631e-05,-0.000450836,0.000792457,0,0,0,0,0,0,0,0,0,0,0,0,0,0,0,0,0,0,0,0,0,0,0,0,0,0,0,0,0,0,0,0,0,0,0,0,0,0,0,0,1.77512,1.22723,-0.00371232,4.64062e-05,0,0.000307661,0.0002209,2.01323e-05,0.00152778,0,0,0,0,0,0,0,0,0,0,0,0,0,0,0,0,0,0,0,0,0,0,0,0,0,0,0,0,0,0,0,0,0,0,0,0,0,0,0,0,0,0,0,0,0,0,0,0,0,0,0,0,1,0,0,0,0,0,1.2055,-0.2689,2.3498,0,0,0,0,0,0,0,-0,0,1.47265,0,0,0,0,0,0,0,0,0,0,0,0,0,0,0,0,0,0,0,0,0,0,0,0,0,0,0,0,0,0,0,-0.3,0.3
0,0,0,0,0,-0,0,3.02784,2.00144,-2.3536,-1.70776e-05,0.000107345,-0.00025969,-4.7315e-05,0.00055213,-0.000833306,0,0,0,0,0,0,0,0,0,0,0,0,0,0,0,0,0,0,0,0,0,0,0,0,0,0,0,0,0,0,0,0,0,0,0,0,0,0,0,0,1.77513,1.22723,-0.00363709,6.70904e-05,5.00128e-05,0.000751767,0.000282854,0.000232346,0.00295798,0,0,0,0,0,0,0,0,0,0,0,0,0,0,0,0,0,0,0,0,0,0,0,0,0,0,0,0,0,0,0,0,0,0,0,0,0,0,0,0,0,0,0,0,0,0,0,0,0,0,0,0,1,0,0,0,0,0,1.2055,-0.2689,2.3498,0,0,0,0,0,0,0,-0,0,1.47264,0,0,0,0,0,0,0,0,0,0,0,0,0,0,0,0,0,0,0,0,0,0,0,0,0,0,0,0,0,0,0,-0.3,0.3
0,0,0,0,0,-0,0,3.02784,2.00144,-2.3536,-1.70776e-05,0.000107345,-0.00025969,-4.7315e-05,0.00055213,-0.000833306,0,0,0,0,0,0,0,0,0,0,0,0,0,0,0,0,0,0,0,0,0,0,0,0,0,0,0,0,0,0,0,0,0,0,0,0,0,0,0,0,1.77513,1.22723,-0.00363709,6.70904e-05,5.00128e-05,0.000751767,0.000282854,0.000232346,0.00295798,0,0,0,0,0,0,0,0,0,0,0,0,0,0,0,0,0,0,0,0,0,0,0,0,0,0,0,0,0,0,0,0,0,0,0,0,0,0,0,0,0,0,0,0,0,0,0,0,0,0,0,0,1,0,0,0,0,0,1.2684,-0.206,2.4129,0,0,0,0,0,0,0,-0,0,1.47264,0,0,0,0,0,0,0,0,0,0,0,0,0,0,0,0,0,0,0,0,0,0,0,0,0,0,0,0,0,0,0,-0.3,0.3
0,0,0,0,0,-0,0,3.02784,2.00145,-2.35355,6.10723e-05,0.000105044,0.000500984,0.000279907,0.000457812,0.0023195,0,0,0,0,0,0,0,0,0,0,0,0,0,0,0,0,0,0,0,0,0,0,0,0,0,0,0,0,0,0,0,0,0,0,0,0,0,0,0,0,1.77512,1.22723,-0.00371825,-6.84011e-05,1.46574e-05,-0.000812103,-0.000363319,2.68339e-05,-0.00428082,0,0,0,0,0,0,0,0,0,0,0,0,0,0,0,0,0,0,0,0,0,0,0,0,0,0,0,0,0,0,0,0,0,0,0,0,0,0,0,0,0,0,0,0,0,0,0,0,0,0,0,0,1,0,0,0,0,0,1.2684,-0.206,2.4129,0,0,0,0,0,0,0,-0,0,1.47266,0,0,0,0,0,0,0,0,0,0,0,0,0,0,0,0,0,0,0,0,0,0,0,0,0,0,0,0,0,0,0,-0.3,0.3
0,0,0,0,0,-0,0,3.02784,2.00145,-2.35355,6.10723e-05,0.000105044,0.000500984,0.000279907,0.000457812,0.0023195,0,0,0,0,0,0,0,0,0,0,0,0,0,0,0,0,0,0,0,0,0,0,0,0,0,0,0,0,0,0,0,0,0,0,0,0,0,0,0,0,1.77512,1.22723,-0.00371825,-6.84011e-05,1.46574e-05,-0.000812103,-0.000363319,2.68339e-05,-0.00428082,0,0,0,0,0,0,0,0,0,0,0,0,0,0,0,0,0,0,0,0,0,0,0,0,0,0,0,0,0,0,0,0,0,0,0,0,0,0,0,0,0,0,0,0,0,0,0,0,0,0,0,0,1,0,0,0,0,0,1.2684,-0.206,2.4129,0,0,0,0,0,0,0,-0,0,1.47266,0,0,0,0,0,0,0,0,0,0,0,0,0,0,0,0,0,0,0,0,0,0,0,0,0,0,0,0,0,0,0,-0.3,0.3
0,0,0,0,0,-0,0,3.02784,2.00145,-2.35355,6.10723e-05,0.000105044,0.000500984,0.000279907,0.000457812,0.0023195,0,0,0,0,0,0,0,0,0,0,0,0,0,0,0,0,0,0,0,0,0,0,0,0,0,0,0,0,0,0,0,0,0,0,0,0,0,0,0,0,1.77512,1.22723,-0.00371825,-6.84011e-05,1.46574e-05,-0.000812103,-0.000363319,2.68339e-05,-0.00428082,0,0,0,0,0,0,0,0,0,0,0,0,0,0,0,0,0,0,0,0,0,0,0,0,0,0,0,0,0,0,0,0,0,0,0,0,0,0,0,0,0,0,0,0,0,0,0,0,0,0,0,0,1,0,0,0,0,0,1.2684,-0.206,2.4129,0,0,0,0,0,0,0,-0,0,1.47266,0,0,0,0,0,0,0,0,0,0,0,0,0,0,0,0,0,0,0,0,0,0,0,0,0,0,0,0,0,0,0,-0.3,0.3
0,0,0,0,0,-0,0,3.02784,2.00143,-2.3536,-1.46465e-05,-0.000248991,-0.000507765,-9.00939e-05,-0.00115227,-0.00221052,0,0,0,0,0,0,0,0,0,0,0,0,0,0,0,0,0,0,0,0,0,0,0,0,0,0,0,0,0,0,0,0,0,0,0,0,0,0,0,0,1.77512,1.22722,-0.00373611,-4.2719e-05,-8.54379e-05,-0.000178611,-0.000203071,-0.000411602,-0.00101984,0,0,0,0,0,0,0,0,0,0,0,0,0,0,0,0,0,0,0,0,0,0,0,0,0,0,0,0,0,0,0,0,0,0,0,0,0,0,0,0,0,0,0,0,0,0,0,0,0,0,0,0,1,0,0,0,0,0,1.1758,-0.2986,2.3202,0,0,0,0,0,0,0,-0,0,1.47265,0,0,0,0,0,0,0,0,0,0,0,0,0,0,0,0,0,0,0,0,0,0,0,0,0,0,0,0,0,0,0,-0.3,0.3
0,0,0,0,0,-0,0,3.02784,2.00142,-2.35357,4.88371e-06,-1.46511e-05,0.000276616,-2.61665e-05,2.66307e-05,0.00119374,0,0,0,0,0,0,0,0,0,0,0,0,0,0,0,0,0,0,0,0,0,0,0,0,0,0,0,0,0,0,0,0,0,0,0,0,0,0,0,0,1.77513,1.22722,-0.00371879,7.56977e-05,-5.12791e-05,0.000173212,0.00037297,-0.000169958,0.0012353,0,0,0,0,0,0,0,0,0,0,0,0,0,0,0,0,0,0,0,0,0,0,0,0,0,0,0,0,0,0,0,0,0,0,0,0,0,0,0,0,0,0,0,0,0,0,0,0,0,0,0,0,1,0,0,0,0,0,1.1758,-0.2986,2.3202,0,0,0,0,0,0,0,-0,0,1.47265,0,0,0,0,0,0,0,0,0,0,0,0,0,0,0,0,0,0,0,0,0,0,0,0,0,0,0,0,0,0,0,-0.3,0.3
0,0,0,0,0,-0,0,3.02784,2.00142,-2.35357,4.88371e-06,-1.46511e-05,0.000276616,-2.61665e-05,2.66307e-05,0.00119374,0,0,0,0,0,0,0,0,0,0,0,0,0,0,0,0,0,0,0,0,0,0,0,0,0,0,0,0,0,0,0,0,0,0,0,0,0,0,0,0,1.77513,1.22722,-0.00371879,7.56977e-05,-5.12791e-05,0.000173212,0.00037297,-0.000169958,0.0012353,0,0,0,0,0,0,0,0,0,0,0,0,0,0,0,0,0,0,0,0,0,0,0,0,0,0,0,0,0,0,0,0,0,0,0,0,0,0,0,0,0,0,0,0,0,0,0,0,0,0,0,0,1,0,0,0,0,0,1.1758,-0.2986,2.3202,0,0,0,0,0,0,0,-0,0,1.47265,0,0,0,0,0,0,0,0,0,0,0,0,0,0,0,0,0,0,0,0,0,0,0,0,0,0,0,0,0,0,0,-0.3,0.3
0,0,0,0,0,-0,0,3.02784,2.00144,-2.35357,-3.17313e-05,0.000165979,-4.76733e-06,-0.000153365,0.000897274,5.32263e-05,0,0,0,0,0,0,0,0,0,0,0,0,0,0,0,0,0,0,0,0,0,0,0,0,0,0,0,0,0,0,0,0,0,0,0,0,0,0,0,0,1.77512,1.22723,-0.00371978,-3.17313e-05,0.000124484,-9.88148e-06,-0.000127331,0.00063294,0.000315351,0,0,0,0,0,0,0,0,0,0,0,0,0,0,0,0,0,0,0,0,0,0,0,0,0,0,0,0,0,0,0,0,0,0,0,0,0,0,0,0,0,0,0,0,0,0,0,0,0,0,0,0,1,0,0,0,0,0,1.1758,-0.2986,2.3202,0,0,0,0,0,0,0,-0,0,1.47265,0,0,0,0,0,0,0,0,0,0,0,0,0,0,0,0,0,0,0,0,0,0,0,0,0,0,0,0,0,0,0,-0.3,0.3
0,0,0,0,0,-0,0,3.02784,2.00144,-2.35357,-3.17313e-05,0.000165979,-4.76733e-06,-0.000153365,0.000897274,5.32263e-05,0,0,0,0,0,0,0,0,0,0,0,0,0,0,0,0,0,0,0,0,0,0,0,0,0,0,0,0,0,0,0,0,0,0,0,0,0,0,0,0,1.77512,1.22723,-0.00371978,-3.17313e-05,0.000124484,-9.88148e-06,-0.000127331,0.00063294,0.000315351,0,0,0,0,0,0,0,0,0,0,0,0,0,0,0,0,0,0,0,0,0,0,0,0,0,0,0,0,0,0,0,0,0,0,0,0,0,0,0,0,0,0,0,0,0,0,0,0,0,0,0,0,1,0,0,0,0,0,1.2055,-0.269,2.3498,0,0,0,0,0,0,0,-0,0,1.47265,0,0,0,0,0,0,0,0,0,0,0,0,0,0,0,0,0,0,0,0,0,0,0,0,0,0,0,0,0,0,0,-0.3,0.3
0,0,0,0,0,-0,0,3.02785,2.00144,-2.35359,6.59143e-05,-1.70889e-05,-0.000200261,0.000280898,-7.50483e-05,-0.000903574,0,0,0,0,0,0,0,0,0,0,0,0,0,0,0,0,0,0,0,0,0,0,0,0,0,0,0,0,0,0,0,0,0,0,0,0,0,0,0,0,1.77514,1.22723,-0.00359603,0.000207509,-2.44128e-06,0.00123747,0.000811807,-1.85606e-05,0.00504899,0,0,0,0,0,0,0,0,0,0,0,0,0,0,0,0,0,0,0,0,0,0,0,0,0,0,0,0,0,0,0,0,0,0,0,0,0,0,0,0,0,0,0,0,0,0,0,0,0,0,0,0,1,0,0,0,0,0,1.2055,-0.269,2.3498,0,0,0,0,0,0,0,-0,0,1.47264,0,0,0,0,0,0,0,0,0,0,0,0,0,0,0,0,0,0,0,0,0,0,0,0,0,0,0,0,0,0,0,-0.3,0.3
0,0,0,0,0,-0,0,3.02785,2.00144,-2.35359,6.59143e-05,-1.70889e-05,-0.000200261,0.000280898,-7.50483e-05,-0.000903574,0,0,0,0,0,0,0,0,0,0,0,0,0,0,0,0,0,0,0,0,0,0,0,0,0,0,0,0,0,0,0,0,0,0,0,0,0,0,0,0,1.77514,1.22723,-0.00359603,0.000207509,-2.44128e-06,0.00123747,0.000811807,-1.85606e-05,0.00504899,0,0,0,0,0,0,0,0,0,0,0,0,0,0,0,0,0,0,0,0,0,0,0,0,0,0,0,0,0,0,0,0,0,0,0,0,0,0,0,0,0,0,0,0,0,0,0,0,0,0,0,0,1,0,0,0,0,0,1.2055,-0.269,2.3498,0,0,0,0,0,0,0,-0,0,1.47264,0,0,0,0,0,0,0,0,0,0,0,0,0,0,0,0,0,0,0,0,0,0,0,0,0,0,0,0,0,0,0,-0.3,0.3
0,0,0,0,0,-0,0,3.02785,2.00143,-2.35356,-1.95386e-05,-4.64042e-05,0.000300521,-0.00011403,-0.000293739,0.00132894,0,0,0,0,0,0,0,0,0,0,0,0,0,0,0,0,0,0,0,0,0,0,0,0,0,0,0,0,0,0,0,0,0,0,0,0,0,0,0,0,1.77512,1.22722,-0.00366055,-0.000202713,-0.000106241,-0.000645449,-0.0010246,-0.000514024,-0.00385152,0,0,0,0,0,0,0,0,0,0,0,0,0,0,0,0,0,0,0,0,0,0,0,0,0,0,0,0,0,0,0,0,0,0,0,0,0,0,0,0,0,0,0,0,0,0,0,0,0,0,0,0,1,0,0,0,0,0,1.2055,-0.269,2.3498,0,0,0,0,0,0,0,-0,0,1.47266,0,0,0,0,0,0,0,0,0,0,0,0,0,0,0,0,0,0,0,0,0,0,0,0,0,0,0,0,0,0,0,-0.3,0.3
0,0,0,0,0,-0,0,3.02785,2.00143,-2.35356,-1.95386e-05,-4.64042e-05,0.000300521,-0.00011403,-0.000293739,0.00132894,0,0,0,0,0,0,0,0,0,0,0,0,0,0,0,0,0,0,0,0,0,0,0,0,0,0,0,0,0,0,0,0,0,0,0,0,0,0,0,0,1.77512,1.22722,-0.00366055,-0.000202713,-0.000106241,-0.000645449,-0.0010246,-0.000514024,-0.00385152,0,0,0,0,0,0,0,0,0,0,0,0,0,0,0,0,0,0,0,0,0,0,0,0,0,0,0,0,0,0,0,0,0,0,0,0,0,0,0,0,0,0,0,0,0,0,0,0,0,0,0,0,1,0,0,0,0,0,1.1163,-0.3582,2.2607,0,0,0,0,0,0,0,-0,0,1.47266,0,0,0,0,0,0,0,0,0,0,0,0,0,0,0,0,0,0,0,0,0,0,0,0,0,0,0,0,0,0,0,-0.3,0.3
0,0,0,0,0,-0,0,3.02784,2.00144,-2.35359,-4.88286e-06,1.22072e-05,-0.000269416,-6.33819e-05,2.81674e-05,-0.00117686,0,0,0,0,0,0,0,0,0,0,0,0,0,0,0,0,0,0,0,0,0,0,0,0,0,0,0,0,0,0,0,0,0,0,0,0,0,0,0,0,1.77512,1.22723,-0.00371474,-2.44143e-05,7.44635e-05,-0.00054192,-0.000151563,0.000346225,-0.00310434,0,0,0,0,0,0,0,0,0,0,0,0,0,0,0,0,0,0,0,0,0,0,0,0,0,0,0,0,0,0,0,0,0,0,0,0,0,0,0,0,0,0,0,0,0,0,0,0,0,0,0,0,1,0,0,0,0,0,1.1163,-0.3582,2.2607,0,0,0,0,0,0,0,-0,0,1.47266,0,0,0,0,0,0,0,0,0,0,0,0,0,0,0,0,0,0,0,0,0,0,0,0,0,0,0,0,0,0,0,-0.3,0.3
0,0,0,0,0,-0,0,3.02784,2.00144,-2.35359,-4.88286e-06,1.22072e-05,-0.000269416,-6.33819e-05,2.81674e-05,-0.00117686,0,0,0,0,0,0,0,0,0,0,0,0,0,0,0,0,0,0,0,0,0,0,0,0,0,0,0,0,0,0,0,0,0,0,0,0,0,0,0,0,1.77512,1.22723,-0.00371474,-2.44143e-05,7.44635e-05,-0.00054192,-0.000151563,0.000346225,-0.00310434,0,0,0,0,0,0,0,0,0,0,0,0,0,0,0,0,0,0,0,0,0,0,0,0,0,0,0,0,0,0,0,0,0,0,0,0,0,0,0,0,0,0,0,0,0,0,0,0,0,0,0,0,1,0,0,0,0,0,1.1163,-0.3582,2.2607,0,0,0,0,0,0,0,-0,0,1.47266,0,0,0,0,0,0,0,0,0,0,0,0,0,0,0,0,0,0,0,0,0,0,0,0,0,0,0,0,0,0,0,-0.3,0.3
0,0,0,0,0,-0,0,3.02784,2.00143,-2.35359,-2.44169e-05,-3.1742e-05,-4.05359e-05,-0.000109251,-0.00011511,-0.000131324,0,0,0,0,0,0,0,0,0,0,0,0,0,0,0,0,0,0,0,0,0,0,0,0,0,0,0,0,0,0,0,0,0,0,0,0,0,0,0,0,1.77513,1.22723,-0.00368644,5.98217e-05,-2.31962e-05,0.000283035,0.000363805,-6.5867e-05,0.00153364,0,0,0,0,0,0,0,0,0,0,0,0,0,0,0,0,0,0,0,0,0,0,0,0,0,0,0,0,0,0,0,0,0,0,0,0,0,0,0,0,0,0,0,0,0,0,0,0,0,0,0,0,1,0,0,0,0,0,1.1163,-0.3582,2.2607,0,0,0,0,0,0,0,-0,0,1.47265,0,0,0,0,0,0,0,0,0,0,0,0,0,0,0,0,0,0,0,0,0,0,0,0,0,0,0,0,0,0,0,-0.3,0.3
0,0,0,0,0,-0,0,3.02784,2.00143,-2.35359,-2.44169e-05,-3.1742e-05,-4.05359e-05,-0.000109251,-0.00011511,-0.000131324,0,0,0,0,0,0,0,0,0,0,0,0,0,0,0,0,0,0,0,0,0,0,0,0,0,0,0,0,0,0,0,0,0,0,0,0,0,0,0,0,1.77513,1.22723,-0.00368644,5.98217e-05,-2.31962e-05,0.000283035,0.000363805,-6.5867e-05,0.00153364,0,0,0,0,0,0,0,0,0,0,0,0,0,0,0,0,0,0,0,0,0,0,0,0,0,0,0,0,0,0,0,0,0,0,0,0,0,0,0,0,0,0,0,0,0,0,0,0,0,0,0,0,1,0,0,0,0,0,1.2192,-0.2552,2.3637,0,0,0,0,0,0,0,-0,0,1.47265,0,0,0,0,0,0,0,0,0,0,0,0,0,0,0,0,0,0,0,0,0,0,0,0,0,0,0,0,0,0,0,-0.3,0.3
0,0,0,0,0,-0,0,3.02784,2.00143,-2.3536,7.32482e-06,-2.44161e-05,-9.29909e-05,5.50171e-05,-5.92436e-05,-0.000146949,0,0,0,0,0,0,0,0,0,0,0,0,0,0,0,0,0,0,0,0,0,0,0,0,0,0,0,0,0,0,0,0,0,0,0,0,0,0,0,0,1.77512,1.22722,-0.00373317,-6.34815e-05,-2.31952e-05,-0.000467346,-0.00020447,-9.53254e-05,-0.00144964,0,0,0,0,0,0,0,0,0,0,0,0,0,0,0,0,0,0,0,0,0,0,0,0,0,0,0,0,0,0,0,0,0,0,0,0,0,0,0,0,0,0,0,0,0,0,0,0,0,0,0,0,1,0,0,0,0,0,1.2192,-0.2552,2.3637,0,0,0,0,0,0,0,-0,0,1.47265,0,0,0,0,0,0,0,0,0,0,0,0,0,0,0,0,0,0,0,0,0,0,0,0,0,0,0,0,0,0,0,-0.3,0.3
0,0,0,0,0,-0,0,3.02784,2.00143,-2.3536,7.32482e-06,-2.44161e-05,-9.29909e-05,5.50171e-05,-5.92436e-05,-0.000146949,0,0,0,0,0,0,0,0,0,0,0,0,0,0,0,0,0,0,0,0,0,0,0,0,0,0,0,0,0,0,0,0,0,0,0,0,0,0,0,0,1.77512,1.22722,-0.00373317,-6.34815e-05,-2.31952e-05,-0.000467346,-0.00020447,-9.53254e-05,-0.00144964,0,0,0,0,0,0,0,0,0,0,0,0,0,0,0,0,0,0,0,0,0,0,0,0,0,0,0,0,0,0,0,0,0,0,0,0,0,0,0,0,0,0,0,0,0,0,0,0,0,0,0,0,1,0,0,0,0,0,1.2192,-0.2552,2.3637,0,0,0,0,0,0,0,-0,0,1.47265,0,0,0,0,0,0,0,0,0,0,0,0,0,0,0,0,0,0,0,0,0,0,0,0,0,0,0,0,0,0,0,-0.3,0.3
0,0,0,0,0,-0,0,3.02784,2.00144,-2.35359,-1.46497e-05,0.000131847,0.000126373,-3.25319e-05,0.000596372,0.000786165,0,0,0,0,0,0,0,0,0,0,0,0,0,0,0,0,0,0,0,0,0,0,0,0,0,0,0,0,0,0,0,0,0,0,0,0,0,0,0,0,1.77512,1.22723,-0.00372202,-1.34289e-05,3.29618e-05,0.000111528,2.97464e-07,0.000163161,0.00103875,0,0,0,0,0,0,0,0,0,0,0,0,0,0,0,0,0,0,0,0,0,0,0,0,0,0,0,0,0,0,0,0,0,0,0,0,0,0,0,0,0,0,0,0,0,0,0,0,0,0,0,0,1,0,0,0,0,0,1.2192,-0.2552,2.3637,0,0,0,0,0,0,0,-0,0,1.47266,0,0,0,0,0,0,0,0,0,0,0,0,0,0,0,0,0,0,0,0,0,0,0,0,0,0,0,0,0,0,0,-0.3,0.3
0,0,0,0,0,-0,0,3.02784,2.00144,-2.35359,-1.46497e-05,0.000131847,0.000126373,-3.25319e-05,0.000596372,0.000786165,0,0,0,0,0,0,0,0,0,0,0,0,0,0,0,0,0,0,0,0,0,0,0,0,0,0,0,0,0,0,0,0,0,0,0,0,0,0,0,0,1.77512,1.22723,-0.00372202,-1.34289e-05,3.29618e-05,0.000111528,2.97464e-07,0.000163161,0.00103875,0,0,0,0,0,0,0,0,0,0,0,0,0,0,0,0,0,0,0,0,0,0,0,0,0,0,0,0,0,0,0,0,0,0,0,0,0,0,0,0,0,0,0,0,0,0,0,0,0,0,0,0,1,0,0,0,0,0,1.2112,-0.2632,2.3555,0,0,0,0,0,0,0,-0,0,1.47266,0,0,0,0,0,0,0,0,0,0,0,0,0,0,0,0,0,0,0,0,0,0,0,0,0,0,0,0,0,0,0,-0.3,0.3
0,0,0,0,0,-0,0,3.02784,2.00144,-2.35359,-2.44268e-06,-7.32804e-05,-2.38543e-05,1.73924e-05,-0.00037275,-1.85129e-06,0,0,0,0,0,0,0,0,0,0,0,0,0,0,0,0,0,0,0,0,0,0,0,0,0,0,0,0,0,0,0,0,0,0,0,0,0,0,0,0,1.77513,1.22723,-0.0036964,8.42728e-05,-4.88538e-06,0.000256327,0.000418264,-1.8258e-05,0.00153913,0,0,0,0,0,0,0,0,0,0,0,0,0,0,0,0,0,0,0,0,0,0,0,0,0,0,0,0,0,0,0,0,0,0,0,0,0,0,0,0,0,0,0,0,0,0,0,0,0,0,0,0,1,0,0,0,0,0,1.2112,-0.2632,2.3555,0,0,0,0,0,0,0,-0,0,1.47265,0,0,0,0,0,0,0,0,0,0,0,0,0,0,0,0,0,0,0,0,0,0,0,0,0,0,0,0,0,0,0,-0.3,0.3
0,0,0,0,0,-0,0,3.02784,2.00144,-2.35359,-2.44268e-06,-7.32804e-05,-2.38543e-05,1.73924e-05,-0.00037275,-1.85129e-06,0,0,0,0,0,0,0,0,0,0,0,0,0,0,0,0,0,0,0,0,0,0,0,0,0,0,0,0,0,0,0,0,0,0,0,0,0,0,0,0,1.77513,1.22723,-0.0036964,8.42728e-05,-4.88538e-06,0.000256327,0.000418264,-1.8258e-05,0.00153913,0,0,0,0,0,0,0,0,0,0,0,0,0,0,0,0,0,0,0,0,0,0,0,0,0,0,0,0,0,0,0,0,0,0,0,0,0,0,0,0,0,0,0,0,0,0,0,0,0,0,0,0,1,0,0,0,0,0,1.2112,-0.2632,2.3555,0,0,0,0,0,0,0,-0,0,1.47265,0,0,0,0,0,0,0,0,0,0,0,0,0,0,0,0,0,0,0,0,0,0,0,0,0,0,0,0,0,0,0,-0.3,0.3
0,0,0,0,0,-0,0,3.02784,2.00143,-2.3536,2.44039e-05,-6.34502e-05,-5.95799e-05,0.000124476,-0.000315848,-0.000250587,0,0,0,0,0,0,0,0,0,0,0,0,0,0,0,0,0,0,0,0,0,0,0,0,0,0,0,0,0,0,0,0,0,0,0,0,0,0,0,0,1.77512,1.22723,-0.0037137,-4.63674e-05,9.76155e-06,-0.000172951,-0.00021417,2.3e-05,-0.000723065,0,0,0,0,0,0,0,0,0,0,0,0,0,0,0,0,0,0,0,0,0,0,0,0,0,0,0,0,0,0,0,0,0,0,0,0,0,0,0,0,0,0,0,0,0,0,0,0,0,0,0,0,1,0,0,0,0,0,1.2112,-0.2632,2.3555,0,0,0,0,0,0,0,-0,0,1.47265,0,0,0,0,0,0,0,0,0,0,0,0,0,0,0,0,0,0,0,0,0,0,0,0,0,0,0,0,0,0,0,-0.3,0.3
0,0,0,0,0,-0,0,3.02784,2.00143,-2.3536,2.44039e-05,-6.34502e-05,-5.95799e-05,0.000124476,-0.000315848,-0.000250587,0,0,0,0,0,0,0,0,0,0,0,0,0,0,0,0,0,0,0,0,0,0,0,0,0,0,0,0,0,0,0,0,0,0,0,0,0,0,0,0,1.77512,1.22723,-0.0037137,-4.63674e-05,9.76155e-06,-0.000172951,-0.00021417,2.3e-05,-0.000723065,0,0,0,0,0,0,0,0,0,0,0,0,0,0,0,0,0,0,0,0,0,0,0,0,0,0,0,0,0,0,0,0,0,0,0,0,0,0,0,0,0,0,0,0,0,0,0,0,0,0,0,0,1,0,0,0,0,0,1.2055,-0.2689,2.3499,0,0,0,0,0,0,0,-0,0,1.47265,0,0,0,0,0,0,0,0,0,0,0,0,0,0,0,0,0,0,0,0,0,0,0,0,0,0,0,0,0,0,0,-0.3,0.3
0,0,0,0,0,-0,0,3.02784,2.00145,-2.35358,-1.46541e-05,0.000227139,0.00021466,-6.6862e-05,0.000979236,0.000911701,0,0,0,0,0,0,0,0,0,0,0,0,0,0,0,0,0,0,0,0,0,0,0,0,0,0,0,0,0,0,0,0,0,0,0,0,0,0,0,0,1.77512,1.22723,-0.00371839,-1.70965e-05,-1.83177e-05,-4.69336e-05,-9.7203e-05,-9.28143e-05,-0.000236673,0,0,0,0,0,0,0,0,0,0,0,0,0,0,0,0,0,0,0,0,0,0,0,0,0,0,0,0,0,0,0,0,0,0,0,0,0,0,0,0,0,0,0,0,0,0,0,0,0,0,0,0,1,0,0,0,0,0,1.2055,-0.2689,2.3499,0,0,0,0,0,0,0,-0,0,1.47266,0,0,0,0,0,0,0,0,0,0,0,0,0,0,0,0,0,0,0,0,0,0,0,0,0,0,0,0,0,0,0,-0.3,0.3
0,0,0,0,0,-0,0,3.02784,2.00145,-2.35358,-1.46541e-05,0.000227139,0.00021466,-6.6862e-05,0.000979236,0.000911701,0,0,0,0,0,0,0,0,0,0,0,0,0,0,0,0,0,0,0,0,0,0,0,0,0,0,0,0,0,0,0,0,0,0,0,0,0,0,0,0,1.77512,1.22723,-0.00371839,-1.70965e-05,-1.83177e-05,-4.69336e-05,-9.7203e-05,-9.28143e-05,-0.000236673,0,0,0,0,0,0,0,0,0,0,0,0,0,0,0,0,0,0,0,0,0,0,0,0,0,0,0,0,0,0,0,0,0,0,0,0,0,0,0,0,0,0,0,0,0,0,0,0,0,0,0,0,1,0,0,0,0,0,1.2055,-0.2689,2.3499,0,0,0,0,0,0,0,-0,0,1.47266,0,0,0,0,0,0,0,0,0,0,0,0,0,0,0,0,0,0,0,0,0,0,0,0,0,0,0,0,0,0,0,-0.3,0.3
0,0,0,0,0,-0,0,3.02784,2.00145,-2.35357,-1.95276e-05,-1.46457e-05,0.000109652,-8.5525e-05,-0.000202625,0.000285385,0,0,0,0,0,0,0,0,0,0,0,0,0,0,0,0,0,0,0,0,0,0,0,0,0,0,0,0,0,0,0,0,0,0,0,0,0,0,0,0,1.77512,1.22723,-0.00373714,7.32284e-06,5.98032e-05,-0.000187456,5.50072e-05,0.000240738,-0.000637904,0,0,0,0,0,0,0,0,0,0,0,0,0,0,0,0,0,0,0,0,0,0,0,0,0,0,0,0,0,0,0,0,0,0,0,0,0,0,0,0,0,0,0,0,0,0,0,0,0,0,0,0,1,0,0,0,0,0,1.2055,-0.2689,2.3499,0,0,0,0,0,0,0,-0,0,1.47266,0,0,0,0,0,0,0,0,0,0,0,0,0,0,0,0,0,0,0,0,0,0,0,0,0,0,0,0,0,0,0,-0.3,0.3
0,0,0,0,0,-0,0,3.02784,2.00145,-2.35357,-1.95276e-05,-1.46457e-05,0.000109652,-8.5525e-05,-0.000202625,0.000285385,0,0,0,0,0,0,0,0,0,0,0,0,0,0,0,0,0,0,0,0,0,0,0,0,0,0,0,0,0,0,0,0,0,0,0,0,0,0,0,0,1.77512,1.22723,-0.00373714,7.32284e-06,5.98032e-05,-0.000187456,5.50072e-05,0.000240738,-0.000637904,0,0,0,0,0,0,0,0,0,0,0,0,0,0,0,0,0,0,0,0,0,0,0,0,0,0,0,0,0,0,0,0,0,0,0,0,0,0,0,0,0,0,0,0,0,0,0,0,0,0,0,0,1,0,0,0,0,0,1.2054,-0.269,2.3498,0,0,0,0,0,0,0,-0,0,1.47266,0,0,0,0,0,0,0,0,0,0,0,0,0,0,0,0,0,0,0,0,0,0,0,0,0,0,0,0,0,0,0,-0.3,0.3
0,0,0,0,0,-0,0,3.02784,2.00144,-2.35358,4.63887e-05,-0.000139166,-0.00018359,0.000209524,-0.000779237,-0.00108528,0,0,0,0,0,0,0,0,0,0,0,0,0,0,0,0,0,0,0,0,0,0,0,0,0,0,0,0,0,0,0,0,0,0,0,0,0,0,0,0,1.77512,1.22723,-0.00373081,-3.90643e-05,-6.34794e-05,6.32769e-05,-0.000131719,-0.000302951,0.000564703,0,0,0,0,0,0,0,0,0,0,0,0,0,0,0,0,0,0,0,0,0,0,0,0,0,0,0,0,0,0,0,0,0,0,0,0,0,0,0,0,0,0,0,0,0,0,0,0,0,0,0,0,1,0,0,0,0,0,1.2054,-0.269,2.3498,0,0,0,0,0,0,0,-0,0,1.47266,0,0,0,0,0,0,0,0,0,0,0,0,0,0,0,0,0,0,0,0,0,0,0,0,0,0,0,0,0,0,0,-0.3,0.3
0,0,0,0,0,-0,0,3.02784,2.00144,-2.35358,4.63887e-05,-0.000139166,-0.00018359,0.000209524,-0.000779237,-0.00108528,0,0,0,0,0,0,0,0,0,0,0,0,0,0,0,0,0,0,0,0,0,0,0,0,0,0,0,0,0,0,0,0,0,0,0,0,0,0,0,0,1.77512,1.22723,-0.00373081,-3.90643e-05,-6.34794e-05,6.32769e-05,-0.000131719,-0.000302951,0.000564703,0,0,0,0,0,0,0,0,0,0,0,0,0,0,0,0,0,0,0,0,0,0,0,0,0,0,0,0,0,0,0,0,0,0,0,0,0,0,0,0,0,0,0,0,0,0,0,0,0,0,0,0,1,0,0,0,0,0,1.2054,-0.269,2.3498,0,0,0,0,0,0,0,-0,0,1.47266,0,0,0,0,0,0,0,0,0,0,0,0,0,0,0,0,0,0,0,0,0,0,0,0,0,0,0,0,0,0,0,-0.3,0.3
0,0,0,0,0,-0,0,3.02784,2.00145,-2.35356,-2.93102e-05,0.000146551,0.000228986,-0.000136723,0.000595661,0.000811309,0,0,0,0,0,0,0,0,0,0,0,0,0,0,0,0,0,0,0,0,0,0,0,0,0,0,0,0,0,0,0,0,0,0,0,0,0,0,0,0,1.77512,1.22723,-0.00372021,9.77007e-06,7.20543e-05,0.000106135,9.07633e-05,0.000286049,0.000673049,0,0,0,0,0,0,0,0,0,0,0,0,0,0,0,0,0,0,0,0,0,0,0,0,0,0,0,0,0,0,0,0,0,0,0,0,0,0,0,0,0,0,0,0,0,0,0,0,0,0,0,0,1,0,0,0,0,0,1.2054,-0.269,2.3498,0,0,0,0,0,0,0,-0,0,1.47266,0,0,0,0,0,0,0,0,0,0,0,0,0,0,0,0,0,0,0,0,0,0,0,0,0,0,0,0,0,0,0,-0.3,0.3
0,0,0,0,0,-0,0,3.02784,2.00145,-2.35356,-2.93102e-05,0.000146551,0.000228986,-0.000136723,0.000595661,0.000811309,0,0,0,0,0,0,0,0,0,0,0,0,0,0,0,0,0,0,0,0,0,0,0,0,0,0,0,0,0,0,0,0,0,0,0,0,0,0,0,0,1.77512,1.22723,-0.00372021,9.77007e-06,7.20543e-05,0.000106135,9.07633e-05,0.000286049,0.000673049,0,0,0,0,0,0,0,0,0,0,0,0,0,0,0,0,0,0,0,0,0,0,0,0,0,0,0,0,0,0,0,0,0,0,0,0,0,0,0,0,0,0,0,0,0,0,0,0,0,0,0,0,1,0,0,0,0,0,1.2605,-0.214,2.4048,0,0,0,0,0,0,0,-0,0,1.47266,0,0,0,0,0,0,0,0,0,0,0,0,0,0,0,0,0,0,0,0,0,0,0,0,0,0,0,0,0,0,0,-0.3,0.3
0,0,0,0,0,-0,0,3.02784,2.00144,-2.35359,-1.22069e-05,-6.59173e-05,-0.000305173,-6.06641e-05,-0.000305002,-0.00139019,0,0,0,0,0,0,0,0,0,0,0,0,0,0,0,0,0,0,0,0,0,0,0,0,0,0,0,0,0,0,0,0,0,0,0,0,0,0,0,0,1.77513,1.22723,-0.0036258,0.000109862,-9.76555e-06,0.000944009,0.000484576,-7.5349e-05,0.0037669,0,0,0,0,0,0,0,0,0,0,0,0,0,0,0,0,0,0,0,0,0,0,0,0,0,0,0,0,0,0,0,0,0,0,0,0,0,0,0,0,0,0,0,0,0,0,0,0,0,0,0,0,1,0,0,0,0,0,1.2605,-0.214,2.4048,0,0,0,0,0,0,0,-0,0,1.47265,0,0,0,0,0,0,0,0,0,0,0,0,0,0,0,0,0,0,0,0,0,0,0,0,0,0,0,0,0,0,0,-0.3,0.3
0,0,0,0,0,-0,0,3.02784,2.00144,-2.35359,-1.22069e-05,-6.59173e-05,-0.000305173,-6.06641e-05,-0.000305002,-0.00139019,0,0,0,0,0,0,0,0,0,0,0,0,0,0,0,0,0,0,0,0,0,0,0,0,0,0,0,0,0,0,0,0,0,0,0,0,0,0,0,0,1.77513,1.22723,-0.0036258,0.000109862,-9.76555e-06,0.000944009,0.000484576,-7.5349e-05,0.0037669,0,0,0,0,0,0,0,0,0,0,0,0,0,0,0,0,0,0,0,0,0,0,0,0,0,0,0,0,0,0,0,0,0,0,0,0,0,0,0,0,0,0,0,0,0,0,0,0,0,0,0,0,1,0,0,0,0,0,1.2605,-0.214,2.4048,0,0,0,0,0,0,0,-0,0,1.47265,0,0,0,0,0,0,0,0,0,0,0,0,0,0,0,0,0,0,0,0,0,0,0,0,0,0,0,0,0,0,0,-0.3,0.3
0.05,0,0,0,0,-0,0,3.02784,2.00144,-2.35357,3.4183e-05,1.22082e-06,0.000214598,0.000159241,-3.6816e-05,0.000944117,0,0,0,0,0,0,0,0,0,0,0,0,0,0,0,0,0,0,0,0,0,0,0,0,0,0,0,0,0,0,0,0,0,0,0,0,0,0,0,0,1.77512,1.22722,-0.00374894,-9.15613e-05,-6.83658e-05,-0.00123146,-0.00046059,-0.000328333,-0.00601221,0,0,0,0,0,0,0,0,0,0,0,0,0,0,0,0,0,0,0,0,0,0,0,0,0,0,0,0,0,0,0,0,0,0,0,0,0,0,0,0,0,0,0,0,0,0,0,0,0,0,0,0,1,0,0,0,0,0,1.2605,-0.214,2.4048,0,0,0,0,0,0,0,-0,0,1.47266,0,0,0,0,0,0,0,0,0,0,0,0,0,0,0,0,0,0,0,0,0,0,0,0,0,0,0,0,0,0,0,-0.3,0.3
0.1,0,0,0,0,-0,0,3.02784,2.00144,-2.35357,3.4183e-05,1.22082e-06,0.000214598,0.000159241,-3.6816e-05,0.000944117,0,0,0,0,0,0,0,0,0,0,0,0,0,0,0,0,0,0,0,0,0,0,0,0,0,0,0,0,0,0,0,0,0,0,0,0,0,0,0,0,1.77512,1.22722,-0.00374894,-9.15613e-05,-6.83658e-05,-0.00123146,-0.00046059,-0.000328333,-0.00601221,0,0,0,0,0,0,0,0,0,0,0,0,0,0,0,0,0,0,0,0,0,0,0,0,0,0,0,0,0,0,0,0,0,0,0,0,0,0,0,0,0,0,0,0,0,0,0,0,0,0,0,0,1,0,0,0,0,0,1.2655,-0.2089,2.4098,0,0,0,0,0,0,0,-0,0,1.47266,0,0,0,0,0,0,0,0,0,0,0,0,0,0,0,0,0,0,0,0,0,0,0,0,0,0,0,0,0,0,0,-0.3,0.3
0.15,0,0,0,0,-0,0,3.02785,2.00144,-2.3536,2.44131e-05,-3.5399e-05,-0.000333773,8.63469e-05,-0.000132135,-0.00130831,0,0,0,0,0,0,0,0,0,0,0,0,0,0,0,0,0,0,0,0,0,0,0,0,0,0,0,0,0,0,0,0,0,0,0,0,0,0,0,0,1.77512,1.22723,-0.0037345,-4.88263e-06,5.24882e-05,0.000144396,-5.81463e-05,0.000251507,0.000563862,0,0,0,0,0,0,0,0,0,0,0,0,0,0,0,0,0,0,0,0,0,0,0,0,0,0,0,0,0,0,0,0,0,0,0,0,0,0,0,0,0,0,0,0,0,0,0,0,0,0,0,0,1,0,0,0,0,0,1.2655,-0.2089,2.4098,0,0,0,0,0,0,0,-0,0,1.47266,0,0,0,0,0,0,0,0,0,0,0,0,0,0,0,0,0,0,0,0,0,0,0,0,0,0,0,0,0,0,0,-0.3,0.3
0.15,0,0,0,0,-0,0,3.02785,2.00144,-2.3536,2.44131e-05,-3.5399e-05,-0.000333773,8.63469e-05,-0.000132135,-0.00130831,0,0,0,0,0,0,0,0,0,0,0,0,0,0,0,0,0,0,0,0,0,0,0,0,0,0,0,0,0,0,0,0,0,0,0,0,0,0,0,0,1.77512,1.22723,-0.0037345,-4.88263e-06,5.24882e-05,0.000144396,-5.81463e-05,0.000251507,0.000563862,0,0,0,0,0,0,0,0,0,0,0,0,0,0,0,0,0,0,0,0,0,0,0,0,0,0,0,0,0,0,0,0,0,0,0,0,0,0,0,0,0,0,0,0,0,0,0,0,0,0,0,0,1,0,0,0,0,0,1.2655,-0.2089,2.4098,0,0,0,0,0,0,0,-0,0,1.47266,0,0,0,0,0,0,0,0,0,0,0,0,0,0,0,0,0,0,0,0,0,0,0,0,0,0,0,0,0,0,0,-0.3,0.3
0.2,0,0,0,0,-0,0,3.02784,2.00145,-2.35358,-4.39496e-05,5.37161e-05,0.000276592,-0.000231186,0.000263849,0.00134851,0,0,0,0,0,0,0,0,0,0,0,0,0,0,0,0,0,0,0,0,0,0,0,0,0,0,0,0,0,0,0,0,0,0,0,0,0,0,0,0,1.77513,1.22723,-0.00370016,8.42369e-05,2.0754e-05,0.000343464,0.000375656,0.000102683,0.00202404,0,0,0,0,0,0,0,0,0,0,0,0,0,0,0,0,0,0,0,0,0,0,0,0,0,0,0,0,0,0,0,0,0,0,0,0,0,0,0,0,0,0,0,0,0,0,0,0,0,0,0,0,1,0,0,0,0,0,1.2655,-0.2089,2.4098,0,0,0,0,0,0,0,-0,0,1.47265,0,0,0,0,0,0,0,0,0,0,0,0,0,0,0,0,0,0,0,0,0,0,0,0,0,0,0,0,0,0,0,-0.3,0.3
0.25,0,0,0,0,-0,0,3.02784,2.00145,-2.35358,-4.39496e-05,5.37161e-05,0.000276592,-0.000231186,0.000263849,0.00134851,0,0,0,0,0,0,0,0,0,0,0,0,0,0,0,0,0,0,0,0,0,0,0,0,0,0,0,0,0,0,0,0,0,0,0,0,0,0,0,0,1.77513,1.22723,-0.00370016,8.42369e-05,2.0754e-05,0.000343464,0.000375656,0.000102683,0.00202404,0,0,0,0,0,0,0,0,0,0,0,0,0,0,0,0,0,0,0,0,0,0,0,0,0,0,0,0,0,0,0,0,0,0,0,0,0,0,0,0,0,0,0,0,0,0,0,0,0,0,0,0,1,0,0,0,0,0,1.2054,-0.269,2.3498,0,0,0,0,0,0,0,-0,0,1.47265,0,0,0,0,0,0,0,0,0,0,0,0,0,0,0,0,0,0,0,0,0,0,0,0,0,0,0,0,0,0,0,-0.3,0.3
0.3,0,0,0,0,-0,0,3.02784,2.00144,-2.35356,-1.46467e-05,-4.88223e-05,0.000205015,-6.47083e-05,-0.000197697,0.000883322,0,0,0,0,0,0,0,0,0,0,0,0,0,0,0,0,0,0,0,0,0,0,0,0,0,0,0,0,0,0,0,0,0,0,0,0,0,0,0,0,1.77512,1.22722,-0.00371781,-8.66595e-05,-7.68951e-05,-0.000176518,-0.000398582,-0.000348669,-0.000664745,0,0,0,0,0,0,0,0,0,0,0,0,0,0,0,0,0,0,0,0,0,0,0,0,0,0,0,0,0,0,0,0,0,0,0,0,0,0,0,0,0,0,0,0,0,0,0,0,0,0,0,0,1,0,0,0,0,0,1.2054,-0.269,2.3498,0,0,0,0,0,0,0,-0,0,1.47266,0,0,0,0,0,0,0,0,0,0,0,0,0,0,0,0,0,0,0,0,0,0,0,0,0,0,0,0,0,0,0,-0.3,0.3
0.3,0,0,0,0,-0,0,3.02784,2.00144,-2.35356,-1.46467e-05,-4.88223e-05,0.000205015,-6.47083e-05,-0.000197697,0.000883322,0,0,0,0,0,0,0,0,0,0,0,0,0,0,0,0,0,0,0,0,0,0,0,0,0,0,0,0,0,0,0,0,0,0,0,0,0,0,0,0,1.77512,1.22722,-0.00371781,-8.66595e-05,-7.68951e-05,-0.000176518,-0.000398582,-0.000348669,-0.000664745,0,0,0,0,0,0,0,0,0,0,0,0,0,0,0,0,0,0,0,0,0,0,0,0,0,0,0,0,0,0,0,0,0,0,0,0,0,0,0,0,0,0,0,0,0,0,0,0,0,0,0,0,1,0,0,0,0,0,1.2054,-0.269,2.3498,0,0,0,0,0,0,0,-0,0,1.47266,0,0,0,0,0,0,0,0,0,0,0,0,0,0,0,0,0,0,0,0,0,0,0,0,0,0,0,0,0,0,0,-0.3,0.3
0.4,0,0,0,0,-0,0,3.02785,2.00144,-2.35357,4.3916e-05,-9.75912e-06,-0.00012866,0.000217708,-2.5056e-05,-0.000866048,0,0,0,0,0,0,0,0,0,0,0,0,0,0,0,0,0,0,0,0,0,0,0,0,0,0,0,0,0,0,0,0,0,0,0,0,0,0,0,0,1.77509,1.22724,-0.00358368,-0.000272034,0.000142726,0.00134036,-0.00108488,0.000607232,0.00529875,0,0,0,0,0,0,0,0,0,0,0,0,0,0,0,0,0,0,0,0,0,0,0,0,0,0,0,0,0,0,0,0,0,0,0,0,0,0,0,0,0,0,0,0,0,0,0,0,0,0,0,0,1,0,0,0,0,0,1.2054,-0.269,2.3498,0,0,0,0,0,0,0,-0,0,1.47268,0,0,0,0,0,0,0,0,0,0,0,0,0,0,0,0,0,0,0,0,0,0,0,0,0,0,0,0,0,0,0,-0.3,0.3
0.4,0,0,0,0,-0,0,3.02785,2.00144,-2.35357,4.3916e-05,-9.75912e-06,-0.00012866,0.000217708,-2.5056e-05,-0.000866048,0,0,0,0,0,0,0,0,0,0,0,0,0,0,0,0,0,0,0,0,0,0,0,0,0,0,0,0,0,0,0,0,0,0,0,0,0,0,0,0,1.77509,1.22724,-0.00358368,-0.000272034,0.000142726,0.00134036,-0.00108488,0.000607232,0.00529875,0,0,0,0,0,0,0,0,0,0,0,0,0,0,0,0,0,0,0,0,0,0,0,0,0,0,0,0,0,0,0,0,0,0,0,0,0,0,0,0,0,0,0,0,0,0,0,0,0,0,0,0,1,0,0,0,0,0,1.2055,-0.2689,2.35,0,0,0,0,0,0,0,-0,0,1.47268,0,0,0,0,0,0,0,0,0,0,0,0,0,0,0,0,0,0,0,0,0,0,0,0,0,0,0,0,0,0,0,-0.3,0.3
0.45,0,0,0,0,-0,0,3.02785,2.00144,-2.35357,4.3916e-05,-9.75912e-06,-0.00012866,0.000217708,-2.5056e-05,-0.000866048,0,0,0,0,0,0,0,0,0,0,0,0,0,0,0,0,0,0,0,0,0,0,0,0,0,0,0,0,0,0,0,0,0,0,0,0,0,0,0,0,1.77509,1.22724,-0.00358368,-0.000272034,0.000142726,0.00134036,-0.00108488,0.000607232,0.00529875,0,0,0,0,0,0,0,0,0,0,0,0,0,0,0,0,0,0,0,0,0,0,0,0,0,0,0,0,0,0,0,0,0,0,0,0,0,0,0,0,0,0,0,0,0,0,0,0,0,0,0,0,1,0,0,0,0,0,1.2055,-0.2689,2.35,0,0,0,0,0,0,0,-0,0,1.47268,0,0,0,0,0,0,0,0,0,0,0,0,0,0,0,0,0,0,0,0,0,0,0,0,0,0,0,0,0,0,0,-0.3,0.3
0.5,0,0,0,0,-0,0,3.02784,2.00145,-2.35356,-2.44343e-05,0.000101402,8.59017e-05,-0.000104256,0.000452456,0.000100844,0,0,0,0,0,0,0,0,0,0,0,0,0,0,0,0,0,0,0,0,0,0,0,0,0,0,0,0,0,0,0,0,0,0,0,0,0,0,0,0,1.77513,1.22723,-0.003646,0.000328643,-8.67421e-05,-0.000623737,0.00165629,-0.00042321,-0.00386207,0,0,0,0,0,0,0,0,0,0,0,0,0,0,0,0,0,0,0,0,0,0,0,0,0,0,0,0,0,0,0,0,0,0,0,0,0,0,0,0,0,0,0,0,0,0,0,0,0,0,0,0,1,0,0,0,0,0,1.2055,-0.2689,2.35,0,0,0,0,0,0,0,-0,0,1.47266,0,0,0,0,0,0,0,0,0,0,0,0,0,0,0,0,0,0,0,0,0,0,0,0,0,0,0,0,0,0,0,-0.3,0.3
0.55,0,0,0,0,-0,0,3.02784,2.00145,-2.35356,-2.44343e-05,0.000101402,8.59017e-05,-0.000104256,0.000452456,0.000100844,0,0,0,0,0,0,0,0,0,0,0,0,0,0,0,0,0,0,0,0,0,0,0,0,0,0,0,0,0,0,0,0,0,0,0,0,0,0,0,0,1.77513,1.22723,-0.003646,0.000328643,-8.67421e-05,-0.000623737,0.00165629,-0.00042321,-0.00386207,0,0,0,0,0,0,0,0,0,0,0,0,0,0,0,0,0,0,0,0,0,0,0,0,0,0,0,0,0,0,0,0,0,0,0,0,0,0,0,0,0,0,0,0,0,0,0,0,0,0,0,0,1,0,0,0,0,0,1.2055,-0.2689,2.35,0,0,0,0,0,0,0,-0,0,1.47266,0,0,0,0,0,0,0,0,0,0,0,0,0,0,0,0,0,0,0,0,0,0,0,0,0,0,0,0,0,0,0,-0.3,0.3
0.6,0,0,0,0,-0,0,3.02784,2.00143,-2.35359,-4.88123e-06,-0.00015986,-0.00030031,-2.80859e-05,-0.000707415,-0.00135169,0,0,0,0,0,0,0,0,0,0,0,0,0,0,0,0,0,0,0,0,0,0,0,0,0,0,0,0,0,0,0,0,0,0,0,0,0,0,0,0,1.77512,1.22723,-0.00373499,-5.49137e-05,-4.14903e-05,-0.000889567,-0.000166412,-0.000212919,-0.00462201,0,0,0,0,0,0,0,0,0,0,0,0,0,0,0,0,0,0,0,0,0,0,0,0,0,0,0,0,0,0,0,0,0,0,0,0,0,0,0,0,0,0,0,0,0,0,0,0,0,0,0,0,1,0,0,0,0,0,1.1535,-0.3209,2.2978,0,0,0,0,0,0,0,-0,0,1.47265,0,0,0,0,0,0,0,0,0,0,0,0,0,0,0,0,0,0,0,0,0,0,0,0,0,0,0,0,0,0,0,-0.3,0.3
0.65,0,0,0,0,-0,0,3.02784,2.00143,-2.35358,-4.8827e-06,-2.44135e-05,0.000133511,-6.54123e-06,-4.04146e-05,0.000725572,0,0,0,0,0,0,0,0,0,0,0,0,0,0,0,0,0,0,0,0,0,0,0,0,0,0,0,0,0,0,0,0,0,0,0,0,0,0,0,0,1.77511,1.22723,-0.0037237,-8.78887e-05,5.12684e-05,0.000112951,-0.000478538,0.000271363,0.00112918,0,0,0,0,0,0,0,0,0,0,0,0,0,0,0,0,0,0,0,0,0,0,0,0,0,0,0,0,0,0,0,0,0,0,0,0,0,0,0,0,0,0,0,0,0,0,0,0,0,0,0,0,1,0,0,0,0,0,1.1535,-0.3209,2.2978,0,0,0,0,0,0,0,-0,0,1.47266,0,0,0,0,0,0,0,0,0,0,0,0,0,0,0,0,0,0,0,0,0,0,0,0,0,0,0,0,0,0,0,-0.3,0.3
0.7,0,0,0,0,-0,0,3.02784,2.00143,-2.35358,-4.8827e-06,-2.44135e-05,0.000133511,-6.54123e-06,-4.04146e-05,0.000725572,0,0,0,0,0,0,0,0,0,0,0,0,0,0,0,0,0,0,0,0,0,0,0,0,0,0,0,0,0,0,0,0,0,0,0,0,0,0,0,0,1.77511,1.22723,-0.0037237,-8.78887e-05,5.12684e-05,0.000112951,-0.000478538,0.000271363,0.00112918,0,0,0,0,0,0,0,0,0,0,0,0,0,0,0,0,0,0,0,0,0,0,0,0,0,0,0,0,0,0,0,0,0,0,0,0,0,0,0,0,0,0,0,0,0,0,0,0,0,0,0,0,1,0,0,0,0,0,1.1535,-0.3209,2.2978,0,0,0,0,0,0,0,-0,0,1.47266,0,0,0,0,0,0,0,0,0,0,0,0,0,0,0,0,0,0,0,0,0,0,0,0,0,0,0,0,0,0,0,-0.3,0.3
0.75,0,0,0,0,-0,0,3.02784,2.00146,-2.35356,1.71023e-05,0.000285853,0.000169401,8.68259e-05,0.00130558,0.000860048,0,0,0,0,0,0,0,0,0,0,0,0,0,0,0,0,0,0,0,0,0,0,0,0,0,0,0,0,0,0,0,0,0,0,0,0,0,0,0,0,1.77512,1.22724,-0.00373636,6.59661e-05,5.00853e-05,-0.000126773,0.00028515,0.000223717,0.000498307,0,0,0,0,0,0,0,0,0,0,0,0,0,0,0,0,0,0,0,0,0,0,0,0,0,0,0,0,0,0,0,0,0,0,0,0,0,0,0,0,0,0,0,0,0,0,0,0,0,0,0,0,1,0,0,0,0,0,1.1535,-0.3209,2.2978,0,0,0,0,0,0,0,-0,0,1.47267,0,0,0,0,0,0,0,0,0,0,0,0,0,0,0,0,0,0,0,0,0,0,0,0,0,0,0,0,0,0,0,-0.3,0.3
0.8,0,0,0,0,-0,0,3.02784,2.00146,-2.35356,1.71023e-05,0.000285853,0.000169401,8.68259e-05,0.00130558,0.000860048,0,0,0,0,0,0,0,0,0,0,0,0,0,0,0,0,0,0,0,0,0,0,0,0,0,0,0,0,0,0,0,0,0,0,0,0,0,0,0,0,1.77512,1.22724,-0.00373636,6.59661e-05,5.00853e-05,-0.000126773,0.00028515,0.000223717,0.000498307,0,0,0,0,0,0,0,0,0,0,0,0,0,0,0,0,0,0,0,0,0,0,0,0,0,0,0,0,0,0,0,0,0,0,0,0,0,0,0,0,0,0,0,0,0,0,0,0,0,0,0,0,1,0,0,0,0,0,1.2033,-0.2711,2.3477,0,0,0,0,0,0,0,-0,0,1.47267,0,0,0,0,0,0,0,0,0,0,0,0,0,0,0,0,0,0,0,0,0,0,0,0,0,0,0,0,0,0,0,-0.3,0.3
0.85,0,0,0,0,-0,0,3.02785,2.00143,-2.3536,2.68541e-05,-0.000290512,-0.000364761,0.00010378,-0.00133623,-0.00159938,0,0,0,0,0,0,0,0,0,0,0,0,0,0,0,0,0,0,0,0,0,0,0,0,0,0,0,0,0,0,0,0,0,0,0,0,0,0,0,0,1.77512,1.22722,-0.00371731,3.90605e-05,-0.000124505,0.000190511,0.000167237,-0.00056963,0.00148138,0,0,0,0,0,0,0,0,0,0,0,0,0,0,0,0,0,0,0,0,0,0,0,0,0,0,0,0,0,0,0,0,0,0,0,0,0,0,0,0,0,0,0,0,0,0,0,0,0,0,0,0,1,0,0,0,0,0,1.2033,-0.2711,2.3477,0,0,0,0,0,0,0,-0,0,1.47266,0,0,0,0,0,0,0,0,0,0,0,0,0,0,0,0,0,0,0,0,0,0,0,0,0,0,0,0,0,0,0,-0.3,0.3
0.9,0,0,0,0,-0,0,3.02785,2.00143,-2.3536,2.68541e-05,-0.000290512,-0.000364761,0.00010378,-0.00133623,-0.00159938,0,0,0,0,0,0,0,0,0,0,0,0,0,0,0,0,0,0,0,0,0,0,0,0,0,0,0,0,0,0,0,0,0,0,0,0,0,0,0,0,1.77512,1.22722,-0.00371731,3.90605e-05,-0.000124505,0.000190511,0.000167237,-0.00056963,0.00148138,0,0,0,0,0,0,0,0,0,0,0,0,0,0,0,0,0,0,0,0,0,0,0,0,0,0,0,0,0,0,0,0,0,0,0,0,0,0,0,0,0,0,0,0,0,0,0,0,0,0,0,0,1,0,0,0,0,0,1.2033,-0.2711,2.3477,0,0,0,0,0,0,0,-0,0,1.47266,0,0,0,0,0,0,0,0,0,0,0,0,0,0,0,0,0,0,0,0,0,0,0,0,0,0,0,0,0,0,0,-0.3,0.3
0.95,0,0,0,0,-0,0,3.02785,2.00143,-2.35358,-9.7686e-06,-2.44215e-05,0.000171714,-8.17452e-05,-9.6815e-05,0.00085031,0,0,0,0,0,0,0,0,0,0,0,0,0,0,0,0,0,0,0,0,0,0,0,0,0,0,0,0,0,0,0,0,0,0,0,0,0,0,0,0,1.77512,1.22722,-0.00368818,2.19794e-05,-7.32646e-06,0.000291421,1.61534e-05,1.87921e-05,0.00142578,0,0,0,0,0,0,0,0,0,0,0,0,0,0,0,0,0,0,0,0,0,0,0,0,0,0,0,0,0,0,0,0,0,0,0,0,0,0,0,0,0,0,0,0,0,0,0,0,0,0,0,0,1,0,0,0,0,0,1.2033,-0.2711,2.3477,0,0,0,0,0,0,0,-0,0,1.47265,0,0,0,0,0,0,0,0,0,0,0,0,0,0,0,0,0,0,0,0,0,0,0,0,0,0,0,0,0,0,0,-0.3,0.3
1,0,0,0,0,-0,0,3.02785,2.00143,-2.35358,-9.7686e-06,-2.44215e-05,0.000171714,-8.17452e-05,-9.6815e-05,0.00085031,0,0,0,0,0,0,0,0,0,0,0,0,0,0,0,0,0,0,0,0,0,0,0,0,0,0,0,0,0,0,0,0,0,0,0,0,0,0,0,0,1.77512,1.22722,-0.00368818,2.19794e-05,-7.32646e-06,0.000291421,1.61534e-05,1.87921e-05,0.00142578,0,0,0,0,0,0,0,0,0,0,0,0,0,0,0,0,0,0,0,0,0,0,0,0,0,0,0,0,0,0,0,0,0,0,0,0,0,0,0,0,0,0,0,0,0,0,0,0,0,0,0,0,1,0,0,0,0,0,1.1539,-0.3206,2.2983,0,0,0,0,0,0,0,-0,0,1.47265,0,0,0,0,0,0,0,0,0,0,0,0,0,0,0,0,0,0,0,0,0,0,0,0,0,0,0,0,0,0,0,-0.3,0.3
1.05,0,0,0,0,-0,0,3.02785,2.00143,-2.35358,-9.7686e-06,-2.44215e-05,0.000171714,-8.17452e-05,-9.6815e-05,0.00085031,0,0,0,0,0,0,0,0,0,0,0,0,0,0,0,0,0,0,0,0,0,0,0,0,0,0,0,0,0,0,0,0,0,0,0,0,0,0,0,0,1.77512,1.22722,-0.00368818,2.19794e-05,-7.32646e-06,0.000291421,1.61534e-05,1.87921e-05,0.00142578,0,0,0,0,0,0,0,0,0,0,0,0,0,0,0,0,0,0,0,0,0,0,0,0,0,0,0,0,0,0,0,0,0,0,0,0,0,0,0,0,0,0,0,0,0,0,0,0,0,0,0,0,1,0,0,0,0,0,1.1539,-0.3206,2.2983,0,0,0,0,0,0,0,-0,0,1.47265,0,0,0,0,0,0,0,0,0,0,0,0,0,0,0,0,0,0,0,0,0,0,0,0,0,0,0,0,0,0,0,-0.3,0.3
1.1,0,0,0,0,-0,0,3.02785,2.00143,-2.35358,-9.7686e-06,-2.44215e-05,0.000171714,-8.17452e-05,-9.6815e-05,0.00085031,0,0,0,0,0,0,0,0,0,0,0,0,0,0,0,0,0,0,0,0,0,0,0,0,0,0,0,0,0,0,0,0,0,0,0,0,0,0,0,0,1.77512,1.22722,-0.00368818,2.19794e-05,-7.32646e-06,0.000291421,1.61534e-05,1.87921e-05,0.00142578,0,0,0,0,0,0,0,0,0,0,0,0,0,0,0,0,0,0,0,0,0,0,0,0,0,0,0,0,0,0,0,0,0,0,0,0,0,0,0,0,0,0,0,0,0,0,0,0,0,0,0,0,1,0,0,0,0,0,1.1539,-0.3206,2.2983,0,0,0,0,0,0,0,-0,0,1.47265,0,0,0,0,0,0,0,0,0,0,0,0,0,0,0,0,0,0,0,0,0,0,0,0,0,0,0,0,0,0,0,-0.3,0.3
1.15,0,0,0,0,-0,0,3.02785,2.00143,-2.35358,-9.7686e-06,-2.44215e-05,0.000171714,-8.17452e-05,-9.6815e-05,0.00085031,0,0,0,0,0,0,0,0,0,0,0,0,0,0,0,0,0,0,0,0,0,0,0,0,0,0,0,0,0,0,0,0,0,0,0,0,0,0,0,0,1.77512,1.22722,-0.00368818,2.19794e-05,-7.32646e-06,0.000291421,1.61534e-05,1.87921e-05,0.00142578,0,0,0,0,0,0,0,0,0,0,0,0,0,0,0,0,0,0,0,0,0,0,0,0,0,0,0,0,0,0,0,0,0,0,0,0,0,0,0,0,0,0,0,0,0,0,0,0,0,0,0,0,1,0,0,0,0,0,1.1539,-0.3206,2.2983,0,0,0,0,0,0,0,-0,0,1.47265,0,0,0,0,0,0,0,0,0,0,0,0,0,0,0,0,0,0,0,0,0,0,0,0,0,0,0,0,0,0,0,-0.3,0.3
1.2,0,0,0,0,-0,0,3.02785,2.00143,-2.35358,-9.7686e-06,-2.44215e-05,0.000171714,-8.17452e-05,-9.6815e-05,0.00085031,0,0,0,0,0,0,0,0,0,0,0,0,0,0,0,0,0,0,0,0,0,0,0,0,0,0,0,0,0,0,0,0,0,0,0,0,0,0,0,0,1.77512,1.22722,-0.00368818,2.19794e-05,-7.32646e-06,0.000291421,1.61534e-05,1.87921e-05,0.00142578,0,0,0,0,0,0,0,0,0,0,0,0,0,0,0,0,0,0,0,0,0,0,0,0,0,0,0,0,0,0,0,0,0,0,0,0,0,0,0,0,0,0,0,0,0,0,0,0,0,0,0,0,1,0,0,0,0,0,1.2055,-0.2689,2.3499,0,0,0,0,0,0,0,-0,0,1.47265,0,0,0,0,0,0,0,0,0,0,0,0,0,0,0,0,0,0,0,0,0,0,0,0,0,0,0,0,0,0,0,-0.3,0.3
1.25,0,0,0,0,-0,0,3.02785,2.00143,-2.35358,-9.7686e-06,-2.44215e-05,0.000171714,-8.17452e-05,-9.6815e-05,0.00085031,0,0,0,0,0,0,0,0,0,0,0,0,0,0,0,0,0,0,0,0,0,0,0,0,0,0,0,0,0,0,0,0,0,0,0,0,0,0,0,0,1.77512,1.22722,-0.00368818,2.19794e-05,-7.32646e-06,0.000291421,1.61534e-05,1.87921e-05,0.00142578,0,0,0,0,0,0,0,0,0,0,0,0,0,0,0,0,0,0,0,0,0,0,0,0,0,0,0,0,0,0,0,0,0,0,0,0,0,0,0,0,0,0,0,0,0,0,0,0,0,0,0,0,1,0,0,0,0,0,1.2055,-0.2689,2.3499,0,0,0,0,0,0,0,-0,0,1.47265,0,0,0,0,0,0,0,0,0,0,0,0,0,0,0,0,0,0,0,0,0,0,0,0,0,0,0,0,0,0,0,-0.3,0.3
1.3,0,0,0,0,-0,0,3.02785,2.00143,-2.35358,-9.7686e-06,-2.44215e-05,0.000171714,-8.17452e-05,-9.6815e-05,0.00085031,0,0,0,0,0,0,0,0,0,0,0,0,0,0,0,0,0,0,0,0,0,0,0,0,0,0,0,0,0,0,0,0,0,0,0,0,0,0,0,0,1.77512,1.22722,-0.00368818,2.19794e-05,-7.32646e-06,0.000291421,1.61534e-05,1.87921e-05,0.00142578,0,0,0,0,0,0,0,0,0,0,0,0,0,0,0,0,0,0,0,0,0,0,0,0,0,0,0,0,0,0,0,0,0,0,0,0,0,0,0,0,0,0,0,0,0,0,0,0,0,0,0,0,1,0,0,0,0,0,1.2055,-0.2689,2.3499,0,0,0,0,0,0,0,-0,0,1.47265,0,0,0,0,0,0,0,0,0,0,0,0,0,0,0,0,0,0,0,0,0,0,0,0,0,0,0,0,0,0,0,-0.3,0.3
1.35,0,0,0,0,-0,0,3.02785,2.00143,-2.35358,-9.7686e-06,-2.44215e-05,0.000171714,-8.17452e-05,-9.6815e-05,0.00085031,0,0,0,0,0,0,0,0,0,0,0,0,0,0,0,0,0,0,0,0,0,0,0,0,0,0,0,0,0,0,0,0,0,0,0,0,0,0,0,0,1.77512,1.22722,-0.00368818,2.19794e-05,-7.32646e-06,0.000291421,1.61534e-05,1.87921e-05,0.00142578,0,0,0,0,0,0,0,0,0,0,0,0,0,0,0,0,0,0,0,0,0,0,0,0,0,0,0,0,0,0,0,0,0,0,0,0,0,0,0,0,0,0,0,0,0,0,0,0,0,0,0,0,1,0,0,0,0,0,1.2055,-0.2689,2.3499,0,0,0,0,0,0,0,-0,0,1.47265,0,0,0,0,0,0,0,0,0,0,0,0,0,0,0,0,0,0,0,0,0,0,0,0,0,0,0,0,0,0,0,-0.3,0.3
1.4,0,0,0,0,-0,0,3.02785,2.00143,-2.35358,-9.7686e-06,-2.44215e-05,0.000171714,-8.17452e-05,-9.6815e-05,0.00085031,0,0,0,0,0,0,0,0,0,0,0,0,0,0,0,0,0,0,0,0,0,0,0,0,0,0,0,0,0,0,0,0,0,0,0,0,0,0,0,0,1.77512,1.22722,-0.00368818,2.19794e-05,-7.32646e-06,0.000291421,1.61534e-05,1.87921e-05,0.00142578,0,0,0,0,0,0,0,0,0,0,0,0,0,0,0,0,0,0,0,0,0,0,0,0,0,0,0,0,0,0,0,0,0,0,0,0,0,0,0,0,0,0,0,0,0,0,0,0,0,0,0,0,1,0,0,0,0,0,1.2353,-0.2391,2.3797,0,0,0,0,0,0,0,-0,0,1.47265,0,0,0,0,0,0,0,0,0,0,0,0,0,0,0,0,0,0,0,0,0,0,0,0,0,0,0,0,0,0,0,-0.3,0.3
1.45,0,0,0,0,-0,0,3.02785,2.00143,-2.35358,-9.7686e-06,-2.44215e-05,0.000171714,-8.17452e-05,-9.6815e-05,0.00085031,0,0,0,0,0,0,0,0,0,0,0,0,0,0,0,0,0,0,0,0,0,0,0,0,0,0,0,0,0,0,0,0,0,0,0,0,0,0,0,0,1.77512,1.22722,-0.00368818,2.19794e-05,-7.32646e-06,0.000291421,1.61534e-05,1.87921e-05,0.00142578,0,0,0,0,0,0,0,0,0,0,0,0,0,0,0,0,0,0,0,0,0,0,0,0,0,0,0,0,0,0,0,0,0,0,0,0,0,0,0,0,0,0,0,0,0,0,0,0,0,0,0,0,1,0,0,0,0,0,1.2353,-0.2391,2.3797,0,0,0,0,0,0,0,-0,0,1.47265,0,0,0,0,0,0,0,0,0,0,0,0,0,0,0,0,0,0,0,0,0,0,0,0,0,0,0,0,0,0,0,-0.3,0.3
1.5,0,0,0,0,-0,0,3.02785,2.00143,-2.35358,-9.7686e-06,-2.44215e-05,0.000171714,-8.17452e-05,-9.6815e-05,0.00085031,0,0,0,0,0,0,0,0,0,0,0,0,0,0,0,0,0,0,0,0,0,0,0,0,0,0,0,0,0,0,0,0,0,0,0,0,0,0,0,0,1.77512,1.22722,-0.00368818,2.19794e-05,-7.32646e-06,0.000291421,1.61534e-05,1.87921e-05,0.00142578,0,0,0,0,0,0,0,0,0,0,0,0,0,0,0,0,0,0,0,0,0,0,0,0,0,0,0,0,0,0,0,0,0,0,0,0,0,0,0,0,0,0,0,0,0,0,0,0,0,0,0,0,1,0,0,0,0,0,1.2353,-0.2391,2.3797,0,0,0,0,0,0,0,-0,0,1.47265,0,0,0,0,0,0,0,0,0,0,0,0,0,0,0,0,0,0,0,0,0,0,0,0,0,0,0,0,0,0,0,-0.3,0.3
1.55,0,0,0,0,-0,0,3.02785,2.00143,-2.35358,-9.7686e-06,-2.44215e-05,0.000171714,-8.17452e-05,-9.6815e-05,0.00085031,0,0,0,0,0,0,0,0,0,0,0,0,0,0,0,0,0,0,0,0,0,0,0,0,0,0,0,0,0,0,0,0,0,0,0,0,0,0,0,0,1.77512,1.22722,-0.00368818,2.19794e-05,-7.32646e-06,0.000291421,1.61534e-05,1.87921e-05,0.00142578,0,0,0,0,0,0,0,0,0,0,0,0,0,0,0,0,0,0,0,0,0,0,0,0,0,0,0,0,0,0,0,0,0,0,0,0,0,0,0,0,0,0,0,0,0,0,0,0,0,0,0,0,1,0,0,0,0,0,1.2353,-0.2391,2.3797,0,0,0,0,0,0,0,-0,0,1.47265,0,0,0,0,0,0,0,0,0,0,0,0,0,0,0,0,0,0,0,0,0,0,0,0,0,0,0,0,0,0,0,-0.3,0.3
1.6,0,0,0,0,-0,0,3.02784,2.00145,-2.3536,-3.90623e-05,0.000222167,-0.000164508,-0.000191252,0.00109489,-0.000501197,0,0,0,0,0,0,0,0,0,0,0,0,0,0,0,0,0,0,0,0,0,0,0,0,0,0,0,0,0,0,0,0,0,0,0,0,0,0,0,0,1.77512,1.22724,-0.00373418,-7.56831e-05,0.000155028,-0.000460038,-0.000400964,0.000739645,-0.0021538,0,0,0,0,0,0,0,0,0,0,0,0,0,0,0,0,0,0,0,0,0,0,0,0,0,0,0,0,0,0,0,0,0,0,0,0,0,0,0,0,0,0,0,0,0,0,0,0,0,0,0,0,1,0,0,0,0,0,1.2544,-0.22,2.3988,0,0,0,0,0,0,0,-0,0,1.47266,0,0,0,0,0,0,0,0,0,0,0,0,0,0,0,0,0,0,0,0,0,0,0,0,0,0,0,0,0,0,0,-0.3,0.3
1.65,0,0,0,0,-0,0,3.02784,2.00146,-2.35357,3.41785e-05,8.3005e-05,0.00023841,0.000163004,0.000262645,0.0011261,0,0,0,0,0,0,0,0,0,0,0,0,0,0,0,0,0,0,0,0,0,0,0,0,0,0,0,0,0,0,0,0,0,0,0,0,0,0,0,0,1.77513,1.22723,-0.00370811,8.30051e-05,-8.78877e-05,0.000260715,0.000336875,-0.000428974,0.00110223,0,0,0,0,0,0,0,0,0,0,0,0,0,0,0,0,0,0,0,0,0,0,0,0,0,0,0,0,0,0,0,0,0,0,0,0,0,0,0,0,0,0,0,0,0,0,0,0,0,0,0,0,1,0,0,0,0,0,1.2544,-0.22,2.3988,0,0,0,0,0,0,0,-0,0,1.47266,0,0,0,0,0,0,0,0,0,0,0,0,0,0,0,0,0,0,0,0,0,0,0,0,0,0,0,0,0,0,0,-0.3,0.3
1.7,0,0,0,0,-0,0,3.02785,2.00144,-2.35358,2.44199e-05,-0.000175823,-0.000126392,0.000106817,-0.000989135,-0.000561284,0,0,0,0,0,0,0,0,0,0,0,0,0,0,0,0,0,0,0,0,0,0,0,0,0,0,0,0,0,0,0,0,0,0,0,0,0,0,0,0,1.77513,1.22723,-0.00365047,9.89005e-05,-4.39558e-05,0.000576516,0.000365618,-0.000240172,0.00236422,0,0,0,0,0,0,0,0,0,0,0,0,0,0,0,0,0,0,0,0,0,0,0,0,0,0,0,0,0,0,0,0,0,0,0,0,0,0,0,0,0,0,0,0,0,0,0,0,0,0,0,0,1,0,0,0,0,0,1.2544,-0.22,2.3988,0,0,0,0,0,0,0,-0,0,1.47265,0,0,0,0,0,0,0,0,0,0,0,0,0,0,0,0,0,0,0,0,0,0,0,0,0,0,0,0,0,0,0,-0.3,0.3
1.75,0,0,0,0,-0,0,3.02784,2.00144,-2.35357,-4.39438e-05,4.88265e-06,0.000128742,-0.000216616,-4.14025e-05,0.00045398,0,0,0,0,0,0,0,0,0,0,0,0,0,0,0,0,0,0,0,0,0,0,0,0,0,0,0,0,0,0,0,0,0,0,0,0,0,0,0,0,1.77512,1.22723,-0.00373301,-0.000142818,8.78879e-05,-0.000825329,-0.000742359,0.000408129,-0.00401067,0,0,0,0,0,0,0,0,0,0,0,0,0,0,0,0,0,0,0,0,0,0,0,0,0,0,0,0,0,0,0,0,0,0,0,0,0,0,0,0,0,0,0,0,0,0,0,0,0,0,0,0,1,0,0,0,0,0,1.2544,-0.22,2.3988,0,0,0,0,0,0,0,-0,0,1.47265,0,0,0,0,0,0,0,0,0,0,0,0,0,0,0,0,0,0,0,0,0,0,0,0,0,0,0,0,0,0,0,-0.3,0.3
1.8,0,0,0,0,-0,0,3.02784,2.00144,-2.35357,-2.44152e-05,-2.92982e-05,-2.86115e-05,-9.58044e-05,-3.31333e-05,-0.000218757,0,0,0,0,0,0,0,0,0,0,0,0,0,0,0,0,0,0,0,0,0,0,0,0,0,0,0,0,0,0,0,0,0,0,0,0,0,0,0,0,1.77512,1.22722,-0.00371352,4.15058e-05,-9.27777e-05,0.00019486,0.000140816,-0.000389098,0.00080549,0,0,0,0,0,0,0,0,0,0,0,0,0,0,0,0,0,0,0,0,0,0,0,0,0,0,0,0,0,0,0,0,0,0,0,0,0,0,0,0,0,0,0,0,0,0,0,0,0,0,0,0,1,0,0,0,0,0,1.2055,-0.2689,2.3499,0,0,0,0,0,0,0,-0,0,1.47265,0,0,0,0,0,0,0,0,0,0,0,0,0,0,0,0,0,0,0,0,0,0,0,0,0,0,0,0,0,0,0,-0.3,0.3
1.85,0,0,0,0,-0,0,3.02784,2.00143,-2.35361,1.46486e-05,-5.12701e-05,-0.000345711,0.000114912,-0.000106574,-0.00148945,0,0,0,0,0,0,0,0,0,0,0,0,0,0,0,0,0,0,0,0,0,0,0,0,0,0,0,0,0,0,0,0,0,0,0,0,0,0,0,0,1.77512,1.22723,-0.00366646,-1.95315e-05,4.7608e-05,0.000470673,-3.98126e-05,0.000219418,0.00223752,0,0,0,0,0,0,0,0,0,0,0,0,0,0,0,0,0,0,0,0,0,0,0,0,0,0,0,0,0,0,0,0,0,0,0,0,0,0,0,0,0,0,0,0,0,0,0,0,0,0,0,0,1,0,0,0,0,0,1.2055,-0.2689,2.3499,0,0,0,0,0,0,0,-0,0,1.47265,0,0,0,0,0,0,0,0,0,0,0,0,0,0,0,0,0,0,0,0,0,0,0,0,0,0,0,0,0,0,0,-0.3,0.3
1.9,0,0,0,0,-0,0,3.02784,2.00144,-2.35357,2.93042e-05,6.95975e-05,0.000345794,0.000156075,0.000409021,0.00169673,0,0,0,0,0,0,0,0,0,0,0,0,0,0,0,0,0,0,0,0,0,0,0,0,0,0,0,0,0,0,0,0,0,0,0,0,0,0,0,0,1.77512,1.22723,-0.00372499,-2.1978e-05,-2.6862e-05,-0.000585487,-5.81234e-05,-8.3451e-05,-0.00268275,0,0,0,0,0,0,0,0,0,0,0,0,0,0,0,0,0,0,0,0,0,0,0,0,0,0,0,0,0,0,0,0,0,0,0,0,0,0,0,0,0,0,0,0,0,0,0,0,0,0,0,0,1,0,0,0,0,0,1.2055,-0.2689,2.3499,0,0,0,0,0,0,0,-0,0,1.47266,0,0,0,0,0,0,0,0,0,0,0,0,0,0,0,0,0,0,0,0,0,0,0,0,0,0,0,0,0,0,0,-0.3,0.3
1.95,0,0,0,0,-0,0,3.02784,2.00145,-2.35361,0,5.37098e-05,-0.000364772,-1.77827e-05,0.000252007,-0.00138926,0,0,0,0,0,0,0,0,0,0,0,0,0,0,0,0,0,0,0,0,0,0,0,0,0,0,0,0,0,0,0,0,0,0,0,0,0,0,0,0,1.77512,1.22723,-0.00372831,-2.56343e-05,2.44136e-05,-3.32337e-05,-5.20032e-05,0.000113767,-7.05345e-05,0,0,0,0,0,0,0,0,0,0,0,0,0,0,0,0,0,0,0,0,0,0,0,0,0,0,0,0,0,0,0,0,0,0,0,0,0,0,0,0,0,0,0,0,0,0,0,0,0,0,0,0,1,0,0,0,0,0,1.2055,-0.2689,2.3499,0,0,0,0,0,0,0,-0,0,1.47266,0,0,0,0,0,0,0,0,0,0,0,0,0,0,0,0,0,0,0,0,0,0,0,0,0,0,0,0,0,0,0,-0.3,0.3
2,0,0,0,0,-0,0,3.02784,2.00145,-2.35357,-5.85963e-05,-3.66227e-06,0.000383871,-0.000268353,-9.92156e-05,0.00173959,0,0,0,0,0,0,0,0,0,0,0,0,0,0,0,0,0,0,0,0,0,0,0,0,0,0,0,0,0,0,0,0,0,0,0,0,0,0,0,0,1.77513,1.22723,-0.00368923,0.000125737,1.22075e-06,0.000390803,0.000574455,2.32987e-06,0.00200566,0,0,0,0,0,0,0,0,0,0,0,0,0,0,0,0,0,0,0,0,0,0,0,0,0,0,0,0,0,0,0,0,0,0,0,0,0,0,0,0,0,0,0,0,0,0,0,0,0,0,0,0,1,0,0,0,0,0,1.1668,-0.3076,2.3112,0,0,0,0,0,0,0,-0,0,1.47265,0,0,0,0,0,0,0,0,0,0,0,0,0,0,0,0,0,0,0,0,0,0,0,0,0,0,0,0,0,0,0,-0.3,0.3
2.05,0,0,0,0,-0,0,3.02784,2.00143,-2.35358,2.44174e-05,-0.000180689,-0.000112072,0.000136652,-0.000814471,-0.000513562,0,0,0,0,0,0,0,0,0,0,0,0,0,0,0,0,0,0,0,0,0,0,0,0,0,0,0,0,0,0,0,0,0,0,0,0,0,0,0,0,1.77512,1.22723,-0.00372747,-0.0001111,-1.58714e-05,-0.000382366,-0.000516614,-8.19772e-05,-0.00160407,0,0,0,0,0,0,0,0,0,0,0,0,0,0,0,0,0,0,0,0,0,0,0,0,0,0,0,0,0,0,0,0,0,0,0,0,0,0,0,0,0,0,0,0,0,0,0,0,0,0,0,0,1,0,0,0,0,0,1.1668,-0.3076,2.3112,0,0,0,0,0,0,0,-0,0,1.47265,0,0,0,0,0,0,0,0,0,0,0,0,0,0,0,0,0,0,0,0,0,0,0,0,0,0,0,0,0,0,0,-0.3,0.3
2.1,0,0,0,0,-0,0,3.02784,2.00144,-2.35357,3.41813e-05,0.000134284,0.000183591,0.000175891,0.000672636,0.000568026,0,0,0,0,0,0,0,0,0,0,0,0,0,0,0,0,0,0,0,0,0,0,0,0,0,0,0,0,0,0,0,0,0,0,0,0,0,0,0,0,1.77512,1.22723,-0.00370215,2.19737e-05,1.70906e-05,0.000253134,7.3815e-05,7.10685e-05,0.00108744,0,0,0,0,0,0,0,0,0,0,0,0,0,0,0,0,0,0,0,0,0,0,0,0,0,0,0,0,0,0,0,0,0,0,0,0,0,0,0,0,0,0,0,0,0,0,0,0,0,0,0,0,1,0,0,0,0,0,1.1668,-0.3076,2.3112,0,0,0,0,0,0,0,-0,0,1.47266,0,0,0,0,0,0,0,0,0,0,0,0,0,0,0,0,0,0,0,0,0,0,0,0,0,0,0,0,0,0,0,-0.3,0.3
2.15,0,0,0,0,-0,0,3.02784,2.00145,-2.35358,-1.46474e-05,0.000111076,-0.000119201,-8.41864e-05,0.000512447,-0.000722421,0,0,0,0,0,0,0,0,0,0,0,0,0,0,0,0,0,0,0,0,0,0,0,0,0,0,0,0,0,0,0,0,0,0,0,0,0,0,0,0,1.77512,1.22723,-0.0036653,2.07505e-05,-1.70886e-05,0.000368487,0.000119357,-7.31844e-05,0.00147821,0,0,0,0,0,0,0,0,0,0,0,0,0,0,0,0,0,0,0,0,0,0,0,0,0,0,0,0,0,0,0,0,0,0,0,0,0,0,0,0,0,0,0,0,0,0,0,0,0,0,0,0,1,0,0,0,0,0,1.1668,-0.3076,2.3112,0,0,0,0,0,0,0,-0,0,1.47266,0,0,0,0,0,0,0,0,0,0,0,0,0,0,0,0,0,0,0,0,0,0,0,0,0,0,0,0,0,0,0,-0.3,0.3
2.2,0,0,0,0,-0,0,3.02784,2.00145,-2.35358,-1.46474e-05,0.000111076,-0.000119201,-8.41864e-05,0.000512447,-0.000722421,0,0,0,0,0,0,0,0,0,0,0,0,0,0,0,0,0,0,0,0,0,0,0,0,0,0,0,0,0,0,0,0,0,0,0,0,0,0,0,0,1.77512,1.22723,-0.0036653,2.07505e-05,-1.70886e-05,0.000368487,0.000119357,-7.31844e-05,0.00147821,0,0,0,0,0,0,0,0,0,0,0,0,0,0,0,0,0,0,0,0,0,0,0,0,0,0,0,0,0,0,0,0,0,0,0,0,0,0,0,0,0,0,0,0,0,0,0,0,0,0,0,0,1,0,0,0,0,0,1.2054,-0.269,2.3499,0,0,0,0,0,0,0,-0,0,1.47266,0,0,0,0,0,0,0,0,0,0,0,0,0,0,0,0,0,0,0,0,0,0,0,0,0,0,0,0,0,0,0,-0.3,0.3
2.25,0,0,0,0,-0,0,3.02784,2.00145,-2.35358,-1.46454e-05,-7.20067e-05,-2.14533e-05,-8.57343e-05,-0.000445594,-0.000217786,0,0,0,0,0,0,0,0,0,0,0,0,0,0,0,0,0,0,0,0,0,0,0,0,0,0,0,0,0,0,0,0,0,0,0,0,0,0,0,0,1.77512,1.22723,-0.00372216,-4.75976e-05,1.09841e-05,-0.000568462,-0.000195288,4.8714e-05,-0.00280357,0,0,0,0,0,0,0,0,0,0,0,0,0,0,0,0,0,0,0,0,0,0,0,0,0,0,0,0,0,0,0,0,0,0,0,0,0,0,0,0,0,0,0,0,0,0,0,0,0,0,0,0,1,0,0,0,0,0,1.2054,-0.269,2.3499,0,0,0,0,0,0,0,-0,0,1.47266,0,0,0,0,0,0,0,0,0,0,0,0,0,0,0,0,0,0,0,0,0,0,0,0,0,0,0,0,0,0,0,-0.3,0.3
2.3,0,0,0,0,-0,0,3.02784,2.00145,-2.35358,-1.46454e-05,-7.20067e-05,-2.14533e-05,-8.57343e-05,-0.000445594,-0.000217786,0,0,0,0,0,0,0,0,0,0,0,0,0,0,0,0,0,0,0,0,0,0,0,0,0,0,0,0,0,0,0,0,0,0,0,0,0,0,0,0,1.77512,1.22723,-0.00372216,-4.75976e-05,1.09841e-05,-0.000568462,-0.000195288,4.8714e-05,-0.00280357,0,0,0,0,0,0,0,0,0,0,0,0,0,0,0,0,0,0,0,0,0,0,0,0,0,0,0,0,0,0,0,0,0,0,0,0,0,0,0,0,0,0,0,0,0,0,0,0,0,0,0,0,1,0,0,0,0,0,1.2054,-0.269,2.3499,0,0,0,0,0,0,0,-0,0,1.47266,0,0,0,0,0,0,0,0,0,0,0,0,0,0,0,0,0,0,0,0,0,0,0,0,0,0,0,0,0,0,0,-0.3,0.3
2.35,0,0,0,0,-0,0,3.02784,2.00144,-2.35358,-1.4654e-05,-2.32022e-05,-4.77019e-05,-5.17095e-05,-0.000202135,-0.00016734,0,0,0,0,0,0,0,0,0,0,0,0,0,0,0,0,0,0,0,0,0,0,0,0,0,0,0,0,0,0,0,0,0,0,0,0,0,0,0,0,1.77511,1.22723,-0.00373148,-9.40299e-05,5.1289e-05,-9.32608e-05,-0.000345315,0.000206775,-0.000363618,0,0,0,0,0,0,0,0,0,0,0,0,0,0,0,0,0,0,0,0,0,0,0,0,0,0,0,0,0,0,0,0,0,0,0,0,0,0,0,0,0,0,0,0,0,0,0,0,0,0,0,0,1,0,0,0,0,0,1.2054,-0.269,2.3499,0,0,0,0,0,0,0,-0,0,1.47266,0,0,0,0,0,0,0,0,0,0,0,0,0,0,0,0,0,0,0,0,0,0,0,0,0,0,0,0,0,0,0,-0.3,0.3
2.4,0,0,0,0,-0,0,3.02784,2.00144,-2.35358,-1.4654e-05,-2.32022e-05,-4.77019e-05,-5.17095e-05,-0.000202135,-0.00016734,0,0,0,0,0,0,0,0,0,0,0,0,0,0,0,0,0,0,0,0,0,0,0,0,0,0,0,0,0,0,0,0,0,0,0,0,0,0,0,0,1.77511,1.22723,-0.00373148,-9.40299e-05,5.1289e-05,-9.32608e-05,-0.000345315,0.000206775,-0.000363618,0,0,0,0,0,0,0,0,0,0,0,0,0,0,0,0,0,0,0,0,0,0,0,0,0,0,0,0,0,0,0,0,0,0,0,0,0,0,0,0,0,0,0,0,0,0,0,0,0,0,0,0,1,0,0,0,0,0,1.2933,-0.1812,2.4376,0,0,0,0,0,0,0,-0,0,1.47266,0,0,0,0,0,0,0,0,0,0,0,0,0,0,0,0,0,0,0,0,0,0,0,0,0,0,0,0,0,0,0,-0.3,0.3
2.45,0,0,0,0,-0,0,3.02784,2.00145,-2.35358,2.44162e-05,4.02867e-05,2.38439e-06,0.00012965,0.000165224,0.000106418,0,0,0,0,0,0,0,0,0,0,0,0,0,0,0,0,0,0,0,0,0,0,0,0,0,0,0,0,0,0,0,0,0,0,0,0,0,0,0,0,1.77512,1.22723,-0.00372259,0.000129406,-3.17411e-05,8.88957e-05,0.000665023,-0.000186155,0.000839549,0,0,0,0,0,0,0,0,0,0,0,0,0,0,0,0,0,0,0,0,0,0,0,0,0,0,0,0,0,0,0,0,0,0,0,0,0,0,0,0,0,0,0,0,0,0,0,0,0,0,0,0,1,0,0,0,0,0,1.2933,-0.1812,2.4376,0,0,0,0,0,0,0,-0,0,1.47266,0,0,0,0,0,0,0,0,0,0,0,0,0,0,0,0,0,0,0,0,0,0,0,0,0,0,0,0,0,0,0,-0.3,0.3
2.5,0,0,0,0,-0,0,3.02784,2.00145,-2.35358,2.44162e-05,4.02867e-05,2.38439e-06,0.00012965,0.000165224,0.000106418,0,0,0,0,0,0,0,0,0,0,0,0,0,0,0,0,0,0,0,0,0,0,0,0,0,0,0,0,0,0,0,0,0,0,0,0,0,0,0,0,1.77512,1.22723,-0.00372259,0.000129406,-3.17411e-05,8.88957e-05,0.000665023,-0.000186155,0.000839549,0,0,0,0,0,0,0,0,0,0,0,0,0,0,0,0,0,0,0,0,0,0,0,0,0,0,0,0,0,0,0,0,0,0,0,0,0,0,0,0,0,0,0,0,0,0,0,0,0,0,0,0,1,0,0,0,0,0,1.2933,-0.1812,2.4376,0,0,0,0,0,0,0,-0,0,1.47266,0,0,0,0,0,0,0,0,0,0,0,0,0,0,0,0,0,0,0,0,0,0,0,0,0,0,0,0,0,0,0,-0.3,0.3
2.55,0,0,0,0,-0,0,3.02785,2.00144,-2.35359,2.9309e-05,-4.39634e-05,-4.77034e-05,0.000121953,-0.000187677,-9.91425e-05,0,0,0,0,0,0,0,0,0,0,0,0,0,0,0,0,0,0,0,0,0,0,0,0,0,0,0,0,0,0,0,0,0,0,0,0,0,0,0,0,1.77512,1.22723,-0.00371994,-9.76965e-06,-2.56453e-05,2.65466e-05,-1.99663e-05,-0.000140629,0.000417957,0,0,0,0,0,0,0,0,0,0,0,0,0,0,0,0,0,0,0,0,0,0,0,0,0,0,0,0,0,0,0,0,0,0,0,0,0,0,0,0,0,0,0,0,0,0,0,0,0,0,0,0,1,0,0,0,0,0,1.2933,-0.1812,2.4376,0,0,0,0,0,0,0,-0,0,1.47266,0,0,0,0,0,0,0,0,0,0,0,0,0,0,0,0,0,0,0,0,0,0,0,0,0,0,0,0,0,0,0,-0.3,0.3
2.65,0,0,0,0,-0,0,3.02785,2.00144,-2.35359,2.9309e-05,-4.39634e-05,-4.77034e-05,0.000121953,-0.000187677,-9.91425e-05,0,0,0,0,0,0,0,0,0,0,0,0,0,0,0,0,0,0,0,0,0,0,0,0,0,0,0,0,0,0,0,0,0,0,0,0,0,0,0,0,1.77512,1.22723,-0.00371994,-9.76965e-06,-2.56453e-05,2.65466e-05,-1.99663e-05,-0.000140629,0.000417957,0,0,0,0,0,0,0,0,0,0,0,0,0,0,0,0,0,0,0,0,0,0,0,0,0,0,0,0,0,0,0,0,0,0,0,0,0,0,0,0,0,0,0,0,0,0,0,0,0,0,0,0,1,0,0,0,0,0,1.2055,-0.2689,2.3499,0,0,0,0,0,0,0,-0,0,1.47266,0,0,0,0,0,0,0,0,0,0,0,0,0,0,0,0,0,0,0,0,0,0,0,0,0,0,0,0,0,0,0,-0.3,0.3
2.7,0,0,0,0,-0,0,3.02784,2.00144,-2.35355,-3.66152e-05,1.22051e-05,0.000348035,-0.000191202,6.39249e-05,0.0014939,0,0,0,0,0,0,0,0,0,0,0,0,0,0,0,0,0,0,0,0,0,0,0,0,0,0,0,0,0,0,0,0,0,0,0,0,0,0,0,0,1.77513,1.22723,-0.0037015,4.02766e-05,3.4174e-05,0.000184332,9.52522e-05,0.00016072,0.000824418,0,0,0,0,0,0,0,0,0,0,0,0,0,0,0,0,0,0,0,0,0,0,0,0,0,0,0,0,0,0,0,0,0,0,0,0,0,0,0,0,0,0,0,0,0,0,0,0,0,0,0,0,1,0,0,0,0,0,1.2055,-0.2689,2.3499,0,0,0,0,0,0,0,-0,0,1.47265,0,0,0,0,0,0,0,0,0,0,0,0,0,0,0,0,0,0,0,0,0,0,0,0,0,0,0,0,0,0,0,-0.3,0.3
2.75,0,0,0,0,-0,0,3.02784,2.00144,-2.35355,-3.66152e-05,1.22051e-05,0.000348035,-0.000191202,6.39249e-05,0.0014939,0,0,0,0,0,0,0,0,0,0,0,0,0,0,0,0,0,0,0,0,0,0,0,0,0,0,0,0,0,0,0,0,0,0,0,0,0,0,0,0,1.77513,1.22723,-0.0037015,4.02766e-05,3.4174e-05,0.000184332,9.52522e-05,0.00016072,0.000824418,0,0,0,0,0,0,0,0,0,0,0,0,0,0,0,0,0,0,0,0,0,0,0,0,0,0,0,0,0,0,0,0,0,0,0,0,0,0,0,0,0,0,0,0,0,0,0,0,0,0,0,0,1,0,0,0,0,0,1.2055,-0.2689,2.3499,0,0,0,0,0,0,0,-0,0,1.47265,0,0,0,0,0,0,0,0,0,0,0,0,0,0,0,0,0,0,0,0,0,0,0,0,0,0,0,0,0,0,0,-0.3,0.3
2.8,0,0,0,0,-0,0,3.02784,2.00144,-2.35357,1.70942e-05,-9.03549e-05,-0.000197937,5.7425e-05,-0.000337348,-0.00106913,0,0,0,0,0,0,0,0,0,0,0,0,0,0,0,0,0,0,0,0,0,0,0,0,0,0,0,0,0,0,0,0,0,0,0,0,0,0,0,0,1.77512,1.22722,-0.00372134,-8.91344e-05,-7.69242e-05,-0.000198421,-0.000444326,-0.000306628,-0.000979463,0,0,0,0,0,0,0,0,0,0,0,0,0,0,0,0,0,0,0,0,0,0,0,0,0,0,0,0,0,0,0,0,0,0,0,0,0,0,0,0,0,0,0,0,0,0,0,0,0,0,0,0,1,0,0,0,0,0,1.2055,-0.2689,2.3499,0,0,0,0,0,0,0,-0,0,1.47266,0,0,0,0,0,0,0,0,0,0,0,0,0,0,0,0,0,0,0,0,0,0,0,0,0,0,0,0,0,0,0,-0.3,0.3
2.85,0,0,0,0,-0,0,3.02784,2.00144,-2.35357,1.70942e-05,-9.03549e-05,-0.000197937,5.7425e-05,-0.000337348,-0.00106913,0,0,0,0,0,0,0,0,0,0,0,0,0,0,0,0,0,0,0,0,0,0,0,0,0,0,0,0,0,0,0,0,0,0,0,0,0,0,0,0,1.77512,1.22722,-0.00372134,-8.91344e-05,-7.69242e-05,-0.000198421,-0.000444326,-0.000306628,-0.000979463,0,0,0,0,0,0,0,0,0,0,0,0,0,0,0,0,0,0,0,0,0,0,0,0,0,0,0,0,0,0,0,0,0,0,0,0,0,0,0,0,0,0,0,0,0,0,0,0,0,0,0,0,1,0,0,0,0,0,1.1506,-0.3238,2.295,0,0,0,0,0,0,0,-0,0,1.47266,0,0,0,0,0,0,0,0,0,0,0,0,0,0,0,0,0,0,0,0,0,0,0,0,0,0,0,0,0,0,0,-0.3,0.3
2.9,0,0,0,0,-0,0,3.02784,2.00146,-2.35354,-2.92901e-05,0.00026117,0.000312257,-0.000117208,0.00114772,0.00104975,0,0,0,0,0,0,0,0,0,0,0,0,0,0,0,0,0,0,0,0,0,0,0,0,0,0,0,0,0,0,0,0,0,0,0,0,0,0,0,0,1.77513,1.22723,-0.00371316,9.03111e-05,8.17681e-05,8.17721e-05,0.00037716,0.000386693,0.000287242,0,0,0,0,0,0,0,0,0,0,0,0,0,0,0,0,0,0,0,0,0,0,0,0,0,0,0,0,0,0,0,0,0,0,0,0,0,0,0,0,0,0,0,0,0,0,0,0,0,0,0,0,1,0,0,0,0,0,1.1506,-0.3238,2.295,0,0,0,0,0,0,0,-0,0,1.47266,0,0,0,0,0,0,0,0,0,0,0,0,0,0,0,0,0,0,0,0,0,0,0,0,0,0,0,0,0,0,0,-0.3,0.3
2.9,0,0,0,0,-0,0,3.02784,2.00146,-2.35354,-2.92901e-05,0.00026117,0.000312257,-0.000117208,0.00114772,0.00104975,0,0,0,0,0,0,0,0,0,0,0,0,0,0,0,0,0,0,0,0,0,0,0,0,0,0,0,0,0,0,0,0,0,0,0,0,0,0,0,0,1.77513,1.22723,-0.00371316,9.03111e-05,8.17681e-05,8.17721e-05,0.00037716,0.000386693,0.000287242,0,0,0,0,0,0,0,0,0,0,0,0,0,0,0,0,0,0,0,0,0,0,0,0,0,0,0,0,0,0,0,0,0,0,0,0,0,0,0,0,0,0,0,0,0,0,0,0,0,0,0,0,1,0,0,0,0,0,1.1506,-0.3238,2.295,0,0,0,0,0,0,0,-0,0,1.47266,0,0,0,0,0,0,0,0,0,0,0,0,0,0,0,0,0,0,0,0,0,0,0,0,0,0,0,0,0,0,0,-0.3,0.3
2.9,0,0,0,0,-0,0,3.02784,2.00144,-2.35358,-2.44193e-06,-0.000185586,-0.000412552,1.32901e-05,-0.000895179,-0.00197925,0,0,0,0,0,0,0,0,0,0,0,0,0,0,0,0,0,0,0,0,0,0,0,0,0,0,0,0,0,0,0,0,0,0,0,0,0,0,0,0,1.77512,1.22723,-0.00373082,-5.49432e-05,-4.51755e-05,-0.000176635,-0.000242808,-0.000181262,-0.00068863,0,0,0,0,0,0,0,0,0,0,0,0,0,0,0,0,0,0,0,0,0,0,0,0,0,0,0,0,0,0,0,0,0,0,0,0,0,0,0,0,0,0,0,0,0,0,0,0,0,0,0,0,1,0,0,0,0,0,1.1506,-0.3238,2.295,0,0,0,0,0,0,0,-0,0,1.47266,0,0,0,0,0,0,0,0,0,0,0,0,0,0,0,0,0,0,0,0,0,0,0,0,0,0,0,0,0,0,0,-0.3,0.3
2.95,0,0,0,0,-0,0,3.02784,2.00144,-2.35358,-2.44193e-06,-0.000185586,-0.000412552,1.32901e-05,-0.000895179,-0.00197925,0,0,0,0,0,0,0,0,0,0,0,0,0,0,0,0,0,0,0,0,0,0,0,0,0,0,0,0,0,0,0,0,0,0,0,0,0,0,0,0,1.77512,1.22723,-0.00373082,-5.49432e-05,-4.51755e-05,-0.000176635,-0.000242808,-0.000181262,-0.00068863,0,0,0,0,0,0,0,0,0,0,0,0,0,0,0,0,0,0,0,0,0,0,0,0,0,0,0,0,0,0,0,0,0,0,0,0,0,0,0,0,0,0,0,0,0,0,0,0,0,0,0,0,1,0,0,0,0,0,1.1425,-0.3319,2.2868,0,0,0,0,0,0,0,-0,0,1.47266,0,0,0,0,0,0,0,0,0,0,0,0,0,0,0,0,0,0,0,0,0,0,0,0,0,0,0,0,0,0,0,-0.3,0.3
3,0,0,0,0,-0,0,3.02785,2.00144,-2.35356,5.37231e-05,-5.86071e-05,0.000214625,0.00025005,-0.000306683,0.00090742,0,0,0,0,0,0,0,0,0,0,0,0,0,0,0,0,0,0,0,0,0,0,0,0,0,0,0,0,0,0,0,0,0,0,0,0,0,0,0,0,1.77512,1.22723,-0.00371659,2.80827e-05,-6.10493e-06,0.000142316,0.000102027,-2.96023e-05,0.000728764,0,0,0,0,0,0,0,0,0,0,0,0,0,0,0,0,0,0,0,0,0,0,0,0,0,0,0,0,0,0,0,0,0,0,0,0,0,0,0,0,0,0,0,0,0,0,0,0,0,0,0,0,1,0,0,0,0,0,1.1425,-0.3319,2.2868,0,0,0,0,0,0,0,-0,0,1.47266,0,0,0,0,0,0,0,0,0,0,0,0,0,0,0,0,0,0,0,0,0,0,0,0,0,0,0,0,0,0,0,-0.3,0.3
3.05,0,0,0,0,-0,0,3.02785,2.00144,-2.35356,5.37231e-05,-5.86071e-05,0.000214625,0.00025005,-0.000306683,0.00090742,0,0,0,0,0,0,0,0,0,0,0,0,0,0,0,0,0,0,0,0,0,0,0,0,0,0,0,0,0,0,0,0,0,0,0,0,0,0,0,0,1.77512,1.22723,-0.00371659,2.80827e-05,-6.10493e-06,0.000142316,0.000102027,-2.96023e-05,0.000728764,0,0,0,0,0,0,0,0,0,0,0,0,0,0,0,0,0,0,0,0,0,0,0,0,0,0,0,0,0,0,0,0,0,0,0,0,0,0,0,0,0,0,0,0,0,0,0,0,0,0,0,0,1,0,0,0,0,0,1.1425,-0.3319,2.2868,0,0,0,0,0,0,0,-0,0,1.47266,0,0,0,0,0,0,0,0,0,0,0,0,0,0,0,0,0,0,0,0,0,0,0,0,0,0,0,0,0,0,0,-0.3,0.3
3.1,0,0,0,0,-0,0,3.02784,2.00144,-2.35358,-2.19654e-05,7.3218e-05,-0.000128704,-0.00012022,0.000422257,-0.000436138,0,0,0,0,0,0,0,0,0,0,0,0,0,0,0,0,0,0,0,0,0,0,0,0,0,0,0,0,0,0,0,0,0,0,0,0,0,0,0,0,1.77512,1.22723,-0.00371219,-1.46435e-05,5.61336e-05,4.40182e-05,-6.27685e-05,0.000251457,0.000236769,0,0,0,0,0,0,0,0,0,0,0,0,0,0,0,0,0,0,0,0,0,0,0,0,0,0,0,0,0,0,0,0,0,0,0,0,0,0,0,0,0,0,0,0,0,0,0,0,0,0,0,0,1,0,0,0,0,0,1.1425,-0.3319,2.2868,0,0,0,0,0,0,0,-0,0,1.47266,0,0,0,0,0,0,0,0,0,0,0,0,0,0,0,0,0,0,0,0,0,0,0,0,0,0,0,0,0,0,0,-0.3,0.3
3.15,0,0,0,0,-0,0,3.02784,2.00144,-2.35358,-2.19654e-05,7.3218e-05,-0.000128704,-0.00012022,0.000422257,-0.000436138,0,0,0,0,0,0,0,0,0,0,0,0,0,0,0,0,0,0,0,0,0,0,0,0,0,0,0,0,0,0,0,0,0,0,0,0,0,0,0,0,1.77512,1.22723,-0.00371219,-1.46435e-05,5.61336e-05,4.40182e-05,-6.27685e-05,0.000251457,0.000236769,0,0,0,0,0,0,0,0,0,0,0,0,0,0,0,0,0,0,0,0,0,0,0,0,0,0,0,0,0,0,0,0,0,0,0,0,0,0,0,0,0,0,0,0,0,0,0,0,0,0,0,0,1,0,0,0,0,0,1.1872,-0.2872,2.3316,0,0,0,0,0,0,0,-0,0,1.47266,0,0,0,0,0,0,0,0,0,0,0,0,0,0,0,0,0,0,0,0,0,0,0,0,0,0,0,0,0,0,0,-0.3,0.3
3.2,0,0,0,0,-0,0,3.02785,2.00145,-2.35359,1.4655e-05,5.98413e-05,-0.000119263,2.40368e-05,0.000298668,-0.000405835,0,0,0,0,0,0,0,0,0,0,0,0,0,0,0,0,0,0,0,0,0,0,0,0,0,0,0,0,0,0,0,0,0,0,0,0,0,0,0,0,1.77513,1.22723,-0.00361635,0.000111134,9.77e-06,0.000958865,0.000442564,3.70189e-06,0.00373074,0,0,0,0,0,0,0,0,0,0,0,0,0,0,0,0,0,0,0,0,0,0,0,0,0,0,0,0,0,0,0,0,0,0,0,0,0,0,0,0,0,0,0,0,0,0,0,0,0,0,0,0,1,0,0,0,0,0,1.1872,-0.2872,2.3316,0,0,0,0,0,0,0,-0,0,1.47265,0,0,0,0,0,0,0,0,0,0,0,0,0,0,0,0,0,0,0,0,0,0,0,0,0,0,0,0,0,0,0,-0.3,0.3
3.3,0,0,0,0,-0,0,3.02785,2.00145,-2.35359,1.4655e-05,5.98413e-05,-0.000119263,2.40368e-05,0.000298668,-0.000405835,0,0,0,0,0,0,0,0,0,0,0,0,0,0,0,0,0,0,0,0,0,0,0,0,0,0,0,0,0,0,0,0,0,0,0,0,0,0,0,0,1.77513,1.22723,-0.00361635,0.000111134,9.77e-06,0.000958865,0.000442564,3.70189e-06,0.00373074,0,0,0,0,0,0,0,0,0,0,0,0,0,0,0,0,0,0,0,0,0,0,0,0,0,0,0,0,0,0,0,0,0,0,0,0,0,0,0,0,0,0,0,0,0,0,0,0,0,0,0,0,1,0,0,0,0,0,1.1872,-0.2872,2.3316,0,0,0,0,0,0,0,-0,0,1.47265,0,0,0,0,0,0,0,0,0,0,0,0,0,0,0,0,0,0,0,0,0,0,0,0,0,0,0,0,0,0,0,-0.3,0.3
3.35,0,0,0,0,-0,0,3.02785,2.00145,-2.35356,1.95313e-05,-3.05177e-05,0.000271798,5.34576e-05,-0.000198341,0.00132281,0,0,0,0,0,0,0,0,0,0,0,0,0,0,0,0,0,0,0,0,0,0,0,0,0,0,0,0,0,0,0,0,0,0,0,0,0,0,0,0,1.77512,1.22723,-0.00372594,-0.000147705,-5.12696e-05,-0.00109592,-0.000699977,-0.000275179,-0.00549607,0,0,0,0,0,0,0,0,0,0,0,0,0,0,0,0,0,0,0,0,0,0,0,0,0,0,0,0,0,0,0,0,0,0,0,0,0,0,0,0,0,0,0,0,0,0,0,0,0,0,0,0,1,0,0,0,0,0,1.1872,-0.2872,2.3316,0,0,0,0,0,0,0,-0,0,1.47267,0,0,0,0,0,0,0,0,0,0,0,0,0,0,0,0,0,0,0,0,0,0,0,0,0,0,0,0,0,0,0,-0.3,0.3
3.4,0,0,0,0,-0,0,3.02785,2.00145,-2.35356,1.95313e-05,-3.05177e-05,0.000271798,5.34576e-05,-0.000198341,0.00132281,0,0,0,0,0,0,0,0,0,0,0,0,0,0,0,0,0,0,0,0,0,0,0,0,0,0,0,0,0,0,0,0,0,0,0,0,0,0,0,0,1.77512,1.22723,-0.00372594,-0.000147705,-5.12696e-05,-0.00109592,-0.000699977,-0.000275179,-0.00549607,0,0,0,0,0,0,0,0,0,0,0,0,0,0,0,0,0,0,0,0,0,0,0,0,0,0,0,0,0,0,0,0,0,0,0,0,0,0,0,0,0,0,0,0,0,0,0,0,0,0,0,0,1,0,0,0,0,0,1.129,-0.3455,2.2733,0,0,0,0,0,0,0,-0,0,1.47267,0,0,0,0,0,0,0,0,0,0,0,0,0,0,0,0,0,0,0,0,0,0,0,0,0,0,0,0,0,0,0,-0.3,0.3
3.45,0,0,0,0,-0,0,3.02785,2.00144,-2.35358,9.76609e-06,-0.000102544,-0.000228893,-2.94675e-06,-0.00047419,-0.000972364,0,0,0,0,0,0,0,0,0,0,0,0,0,0,0,0,0,0,0,0,0,0,0,0,0,0,0,0,0,0,0,0,0,0,0,0,0,0,0,0,1.77512,1.22723,-0.00373106,4.39475e-05,-3.05191e-05,-5.11833e-05,0.000190828,-0.000120064,-0.000374704,0,0,0,0,0,0,0,0,0,0,0,0,0,0,0,0,0,0,0,0,0,0,0,0,0,0,0,0,0,0,0,0,0,0,0,0,0,0,0,0,0,0,0,0,0,0,0,0,0,0,0,0,1,0,0,0,0,0,1.129,-0.3455,2.2733,0,0,0,0,0,0,0,-0,0,1.47266,0,0,0,0,0,0,0,0,0,0,0,0,0,0,0,0,0,0,0,0,0,0,0,0,0,0,0,0,0,0,0,-0.3,0.3
3.5,0,0,0,0,-0,0,3.02785,2.00144,-2.35358,9.76609e-06,-0.000102544,-0.000228893,-2.94675e-06,-0.00047419,-0.000972364,0,0,0,0,0,0,0,0,0,0,0,0,0,0,0,0,0,0,0,0,0,0,0,0,0,0,0,0,0,0,0,0,0,0,0,0,0,0,0,0,1.77512,1.22723,-0.00373106,4.39475e-05,-3.05191e-05,-5.11833e-05,0.000190828,-0.000120064,-0.000374704,0,0,0,0,0,0,0,0,0,0,0,0,0,0,0,0,0,0,0,0,0,0,0,0,0,0,0,0,0,0,0,0,0,0,0,0,0,0,0,0,0,0,0,0,0,0,0,0,0,0,0,0,1,0,0,0,0,0,1.129,-0.3455,2.2733,0,0,0,0,0,0,0,-0,0,1.47266,0,0,0,0,0,0,0,0,0,0,0,0,0,0,0,0,0,0,0,0,0,0,0,0,0,0,0,0,0,0,0,-0.3,0.3
3.55,0,0,0,0,-0,0,3.02784,2.00145,-2.35358,-5.61617e-05,9.52307e-05,7.15374e-06,-0.000272829,0.000468183,4.86824e-05,0,0,0,0,0,0,0,0,0,0,0,0,0,0,0,0,0,0,0,0,0,0,0,0,0,0,0,0,0,0,0,0,0,0,0,0,0,0,0,0,1.77513,1.22723,-0.00371221,8.18008e-05,1.58718e-05,0.000188522,0.000386393,0.000134265,0.00142592,0,0,0,0,0,0,0,0,0,0,0,0,0,0,0,0,0,0,0,0,0,0,0,0,0,0,0,0,0,0,0,0,0,0,0,0,0,0,0,0,0,0,0,0,0,0,0,0,0,0,0,0,1,0,0,0,0,0,1.129,-0.3455,2.2733,0,0,0,0,0,0,0,-0,0,1.47265,0,0,0,0,0,0,0,0,0,0,0,0,0,0,0,0,0,0,0,0,0,0,0,0,0,0,0,0,0,0,0,-0.3,0.3
3.6,0,0,0,0,-0,0,3.02784,2.00145,-2.35358,-5.61617e-05,9.52307e-05,7.15374e-06,-0.000272829,0.000468183,4.86824e-05,0,0,0,0,0,0,0,0,0,0,0,0,0,0,0,0,0,0,0,0,0,0,0,0,0,0,0,0,0,0,0,0,0,0,0,0,0,0,0,0,1.77513,1.22723,-0.00371221,8.18008e-05,1.58718e-05,0.000188522,0.000386393,0.000134265,0.00142592,0,0,0,0,0,0,0,0,0,0,0,0,0,0,0,0,0,0,0,0,0,0,0,0,0,0,0,0,0,0,0,0,0,0,0,0,0,0,0,0,0,0,0,0,0,0,0,0,0,0,0,0,1,0,0,0,0,0,1.2054,-0.269,2.3498,0,0,0,0,0,0,0,-0,0,1.47265,0,0,0,0,0,0,0,0,0,0,0,0,0,0,0,0,0,0,0,0,0,0,0,0,0,0,0,0,0,0,0,-0.3,0.3
3.65,0,0,0,0,-0,0,3.02784,2.00145,-2.35358,-2.19702e-05,0,-9.53566e-06,-6.37497e-05,2.81859e-05,0.000100745,0,0,0,0,0,0,0,0,0,0,0,0,0,0,0,0,0,0,0,0,0,0,0,0,0,0,0,0,0,0,0,0,0,0,0,0,0,0,0,0,1.77512,1.22723,-0.00372913,-0.000109851,4.63814e-05,-0.000169167,-0.000507292,0.00023696,-0.000329283,0,0,0,0,0,0,0,0,0,0,0,0,0,0,0,0,0,0,0,0,0,0,0,0,0,0,0,0,0,0,0,0,0,0,0,0,0,0,0,0,0,0,0,0,0,0,0,0,0,0,0,0,1,0,0,0,0,0,1.2054,-0.269,2.3498,0,0,0,0,0,0,0,-0,0,1.47266,0,0,0,0,0,0,0,0,0,0,0,0,0,0,0,0,0,0,0,0,0,0,0,0,0,0,0,0,0,0,0,-0.3,0.3
3.7,0,0,0,0,-0,0,3.02784,2.00145,-2.35358,-2.19702e-05,0,-9.53566e-06,-6.37497e-05,2.81859e-05,0.000100745,0,0,0,0,0,0,0,0,0,0,0,0,0,0,0,0,0,0,0,0,0,0,0,0,0,0,0,0,0,0,0,0,0,0,0,0,0,0,0,0,1.77512,1.22723,-0.00372913,-0.000109851,4.63814e-05,-0.000169167,-0.000507292,0.00023696,-0.000329283,0,0,0,0,0,0,0,0,0,0,0,0,0,0,0,0,0,0,0,0,0,0,0,0,0,0,0,0,0,0,0,0,0,0,0,0,0,0,0,0,0,0,0,0,0,0,0,0,0,0,0,0,1,0,0,0,0,0,1.2054,-0.269,2.3498,0,0,0,0,0,0,0,-0,0,1.47266,0,0,0,0,0,0,0,0,0,0,0,0,0,0,0,0,0,0,0,0,0,0,0,0,0,0,0,0,0,0,0,-0.3,0.3
3.75,0,0,0,0,-0,0,3.02784,2.00144,-2.35358,4.39565e-05,-9.5239e-05,4.76958e-06,0.000253458,-0.000423174,0.000124709,0,0,0,0,0,0,0,0,0,0,0,0,0,0,0,0,0,0,0,0,0,0,0,0,0,0,0,0,0,0,0,0,0,0,0,0,0,0,0,0,1.77512,1.22722,-0.00371026,1.34311e-05,-9.76811e-05,0.000188664,6.7084e-05,-0.000419465,0.000994567,0,0,0,0,0,0,0,0,0,0,0,0,0,0,0,0,0,0,0,0,0,0,0,0,0,0,0,0,0,0,0,0,0,0,0,0,0,0,0,0,0,0,0,0,0,0,0,0,0,0,0,0,1,0,0,0,0,0,1.2054,-0.269,2.3498,0,0,0,0,0,0,0,-0,0,1.47266,0,0,0,0,0,0,0,0,0,0,0,0,0,0,0,0,0,0,0,0,0,0,0,0,0,0,0,0,0,0,0,-0.3,0.3
3.8,0,0,0,0,-0,0,3.02784,2.00144,-2.35358,4.39565e-05,-9.5239e-05,4.76958e-06,0.000253458,-0.000423174,0.000124709,0,0,0,0,0,0,0,0,0,0,0,0,0,0,0,0,0,0,0,0,0,0,0,0,0,0,0,0,0,0,0,0,0,0,0,0,0,0,0,0,1.77512,1.22722,-0.00371026,1.34311e-05,-9.76811e-05,0.000188664,6.7084e-05,-0.000419465,0.000994567,0,0,0,0,0,0,0,0,0,0,0,0,0,0,0,0,0,0,0,0,0,0,0,0,0,0,0,0,0,0,0,0,0,0,0,0,0,0,0,0,0,0,0,0,0,0,0,0,0,0,0,0,1,0,0,0,0,0,1.1972,-0.2772,2.3416,0,0,0,0,0,0,0,-0,0,1.47266,0,0,0,0,0,0,0,0,0,0,0,0,0,0,0,0,0,0,0,0,0,0,0,0,0,0,0,0,0,0,0,-0.3,0.3
3.85,0,0,0,0,-0,0,3.02784,2.00145,-2.35356,-2.92982e-05,0.000144049,0.000190743,-9.75564e-05,0.000640882,0.000821228,0,0,0,0,0,0,0,0,0,0,0,0,0,0,0,0,0,0,0,0,0,0,0,0,0,0,0,0,0,0,0,0,0,0,0,0,0,0,0,0,1.77512,1.22723,-0.0036695,1.83113e-05,0.0001294,0.000407612,0.000137518,0.000566581,0.00165135,0,0,0,0,0,0,0,0,0,0,0,0,0,0,0,0,0,0,0,0,0,0,0,0,0,0,0,0,0,0,0,0,0,0,0,0,0,0,0,0,0,0,0,0,0,0,0,0,0,0,0,0,1,0,0,0,0,0,1.1972,-0.2772,2.3416,0,0,0,0,0,0,0,-0,0,1.47266,0,0,0,0,0,0,0,0,0,0,0,0,0,0,0,0,0,0,0,0,0,0,0,0,0,0,0,0,0,0,0,-0.3,0.3
3.9,0,0,0,0,-0,0,3.02784,2.00145,-2.35356,-2.92982e-05,0.000144049,0.000190743,-9.75564e-05,0.000640882,0.000821228,0,0,0,0,0,0,0,0,0,0,0,0,0,0,0,0,0,0,0,0,0,0,0,0,0,0,0,0,0,0,0,0,0,0,0,0,0,0,0,0,1.77512,1.22723,-0.0036695,1.83113e-05,0.0001294,0.000407612,0.000137518,0.000566581,0.00165135,0,0,0,0,0,0,0,0,0,0,0,0,0,0,0,0,0,0,0,0,0,0,0,0,0,0,0,0,0,0,0,0,0,0,0,0,0,0,0,0,0,0,0,0,0,0,0,0,0,0,0,0,1,0,0,0,0,0,1.1972,-0.2772,2.3416,0,0,0,0,0,0,0,-0,0,1.47266,0,0,0,0,0,0,0,0,0,0,0,0,0,0,0,0,0,0,0,0,0,0,0,0,0,0,0,0,0,0,0,-0.3,0.3
3.95,0,0,0,0,-0,0,3.02784,2.00145,-2.35359,-3.17294e-05,-2.44072e-06,-0.000262187,-0.000115815,-5.64983e-05,-0.00122249,0,0,0,0,0,0,0,0,0,0,0,0,0,0,0,0,0,0,0,0,0,0,0,0,0,0,0,0,0,0,0,0,0,0,0,0,0,0,0,0,1.77511,1.22724,-0.00374202,-7.68831e-05,2.92888e-05,-0.000724921,-0.000288286,7.36537e-05,-0.00344508,0,0,0,0,0,0,0,0,0,0,0,0,0,0,0,0,0,0,0,0,0,0,0,0,0,0,0,0,0,0,0,0,0,0,0,0,0,0,0,0,0,0,0,0,0,0,0,0,0,0,0,0,1,0,0,0,0,0,1.1972,-0.2772,2.3416,0,0,0,0,0,0,0,-0,0,1.47266,0,0,0,0,0,0,0,0,0,0,0,0,0,0,0,0,0,0,0,0,0,0,0,0,0,0,0,0,0,0,0,-0.3,0.3
4,0,0,0,0,-0,0,3.02784,2.00145,-2.35359,-3.17294e-05,-2.44072e-06,-0.000262187,-0.000115815,-5.64983e-05,-0.00122249,0,0,0,0,0,0,0,0,0,0,0,0,0,0,0,0,0,0,0,0,0,0,0,0,0,0,0,0,0,0,0,0,0,0,0,0,0,0,0,0,1.77511,1.22724,-0.00374202,-7.68831e-05,2.92888e-05,-0.000724921,-0.000288286,7.36537e-05,-0.00344508,0,0,0,0,0,0,0,0,0,0,0,0,0,0,0,0,0,0,0,0,0,0,0,0,0,0,0,0,0,0,0,0,0,0,0,0,0,0,0,0,0,0,0,0,0,0,0,0,0,0,0,0,1,0,0,0,0,0,1.2033,-0.2711,2.3476,0,0,0,0,0,0,0,-0,0,1.47266,0,0,0,0,0,0,0,0,0,0,0,0,0,0,0,0,0,0,0,0,0,0,0,0,0,0,0,0,0,0,0,-0.3,0.3
4.05,0,0,0,0,-0,0,3.02784,2.00144,-2.3536,6.10526e-05,-0.000158737,-6.20065e-05,0.000298744,-0.000752796,-0.000210482,0,0,0,0,0,0,0,0,0,0,0,0,0,0,0,0,0,0,0,0,0,0,0,0,0,0,0,0,0,0,0,0,0,0,0,0,0,0,0,0,1.77511,1.22723,-0.00373338,-4.88421e-05,-6.59368e-05,8.63769e-05,-0.000118597,-0.000403003,0.000484132,0,0,0,0,0,0,0,0,0,0,0,0,0,0,0,0,0,0,0,0,0,0,0,0,0,0,0,0,0,0,0,0,0,0,0,0,0,0,0,0,0,0,0,0,0,0,0,0,0,0,0,0,1,0,0,0,0,0,1.2033,-0.2711,2.3476,0,0,0,0,0,0,0,-0,0,1.47266,0,0,0,0,0,0,0,0,0,0,0,0,0,0,0,0,0,0,0,0,0,0,0,0,0,0,0,0,0,0,0,-0.3,0.3
4.1,0,0,0,0,-0,0,3.02784,2.00144,-2.3536,6.10526e-05,-0.000158737,-6.20065e-05,0.000298744,-0.000752796,-0.000210482,0,0,0,0,0,0,0,0,0,0,0,0,0,0,0,0,0,0,0,0,0,0,0,0,0,0,0,0,0,0,0,0,0,0,0,0,0,0,0,0,1.77511,1.22723,-0.00373338,-4.88421e-05,-6.59368e-05,8.63769e-05,-0.000118597,-0.000403003,0.000484132,0,0,0,0,0,0,0,0,0,0,0,0,0,0,0,0,0,0,0,0,0,0,0,0,0,0,0,0,0,0,0,0,0,0,0,0,0,0,0,0,0,0,0,0,0,0,0,0,0,0,0,0,1,0,0,0,0,0,1.2033,-0.2711,2.3476,0,0,0,0,0,0,0,-0,0,1.47266,0,0,0,0,0,0,0,0,0,0,0,0,0,0,0,0,0,0,0,0,0,0,0,0,0,0,0,0,0,0,0,-0.3,0.3
4.15,0,0,0,0,-0,0,3.02784,2.00145,-2.35357,0,0.000187965,0.00028845,-8.41484e-06,0.000839213,0.00141124,0,0,0,0,0,0,0,0,0,0,0,0,0,0,0,0,0,0,0,0,0,0,0,0,0,0,0,0,0,0,0,0,0,0,0,0,0,0,0,0,1.77512,1.22723,-0.00372415,7.44534e-05,1.70877e-05,9.2287e-05,0.000444357,2.5217e-05,0.000845981,0,0,0,0,0,0,0,0,0,0,0,0,0,0,0,0,0,0,0,0,0,0,0,0,0,0,0,0,0,0,0,0,0,0,0,0,0,0,0,0,0,0,0,0,0,0,0,0,0,0,0,0,1,0,0,0,0,0,1.2033,-0.2711,2.3476,0,0,0,0,0,0,0,-0,0,1.47267,0,0,0,0,0,0,0,0,0,0,0,0,0,0,0,0,0,0,0,0,0,0,0,0,0,0,0,0,0,0,0,-0.3,0.3
4.2,0,0,0,0,-0,0,3.02784,2.00145,-2.35357,0,0.000187965,0.00028845,-8.41484e-06,0.000839213,0.00141124,0,0,0,0,0,0,0,0,0,0,0,0,0,0,0,0,0,0,0,0,0,0,0,0,0,0,0,0,0,0,0,0,0,0,0,0,0,0,0,0,1.77512,1.22723,-0.00372415,7.44534e-05,1.70877e-05,9.2287e-05,0.000444357,2.5217e-05,0.000845981,0,0,0,0,0,0,0,0,0,0,0,0,0,0,0,0,0,0,0,0,0,0,0,0,0,0,0,0,0,0,0,0,0,0,0,0,0,0,0,0,0,0,0,0,0,0,0,0,0,0,0,0,1,0,0,0,0,0,1.2055,-0.2689,2.3499,0,0,0,0,0,0,0,-0,0,1.47267,0,0,0,0,0,0,0,0,0,0,0,0,0,0,0,0,0,0,0,0,0,0,0,0,0,0,0,0,0,0,0,-0.3,0.3
4.25,0,0,0,0,-0,0,3.02784,2.00146,-2.35357,-3.17487e-05,4.88442e-05,-1.90798e-05,-0.000173501,0.000163399,-0.0001621,0,0,0,0,0,0,0,0,0,0,0,0,0,0,0,0,0,0,0,0,0,0,0,0,0,0,0,0,0,0,0,0,0,0,0,0,0,0,0,0,1.77512,1.22724,-0.00372196,2.93065e-05,3.78543e-05,2.19096e-05,0.000162588,0.000156076,0.000275707,0,0,0,0,0,0,0,0,0,0,0,0,0,0,0,0,0,0,0,0,0,0,0,0,0,0,0,0,0,0,0,0,0,0,0,0,0,0,0,0,0,0,0,0,0,0,0,0,0,0,0,0,1,0,0,0,0,0,1.2055,-0.2689,2.3499,0,0,0,0,0,0,0,-0,0,1.47266,0,0,0,0,0,0,0,0,0,0,0,0,0,0,0,0,0,0,0,0,0,0,0,0,0,0,0,0,0,0,0,-0.3,0.3
4.3,0,0,0,0,-0,0,3.02784,2.00146,-2.35357,-3.17487e-05,4.88442e-05,-1.90798e-05,-0.000173501,0.000163399,-0.0001621,0,0,0,0,0,0,0,0,0,0,0,0,0,0,0,0,0,0,0,0,0,0,0,0,0,0,0,0,0,0,0,0,0,0,0,0,0,0,0,0,1.77512,1.22724,-0.00372196,2.93065e-05,3.78543e-05,2.19096e-05,0.000162588,0.000156076,0.000275707,0,0,0,0,0,0,0,0,0,0,0,0,0,0,0,0,0,0,0,0,0,0,0,0,0,0,0,0,0,0,0,0,0,0,0,0,0,0,0,0,0,0,0,0,0,0,0,0,0,0,0,0,1,0,0,0,0,0,1.2055,-0.2689,2.3499,0,0,0,0,0,0,0,-0,0,1.47266,0,0,0,0,0,0,0,0,0,0,0,0,0,0,0,0,0,0,0,0,0,0,0,0,0,0,0,0,0,0,0,-0.3,0.3
4.35,0,0,0,0,-0,0,3.02785,2.00144,-2.35359,3.66244e-05,-0.000188005,-0.000243209,0.000146641,-0.000939747,-0.00120595,0,0,0,0,0,0,0,0,0,0,0,0,0,0,0,0,0,0,0,0,0,0,0,0,0,0,0,0,0,0,0,0,0,0,0,0,0,0,0,0,1.77513,1.22722,-0.00372009,5.49365e-05,-0.000164809,1.86933e-05,0.000161935,-0.000698322,7.55496e-05,0,0,0,0,0,0,0,0,0,0,0,0,0,0,0,0,0,0,0,0,0,0,0,0,0,0,0,0,0,0,0,0,0,0,0,0,0,0,0,0,0,0,0,0,0,0,0,0,0,0,0,0,1,0,0,0,0,0,1.2055,-0.2689,2.3499,0,0,0,0,0,0,0,-0,0,1.47266,0,0,0,0,0,0,0,0,0,0,0,0,0,0,0,0,0,0,0,0,0,0,0,0,0,0,0,0,0,0,0,-0.3,0.3
4.4,0,0,0,0,-0,0,3.02785,2.00144,-2.35359,3.66244e-05,-0.000188005,-0.000243209,0.000146641,-0.000939747,-0.00120595,0,0,0,0,0,0,0,0,0,0,0,0,0,0,0,0,0,0,0,0,0,0,0,0,0,0,0,0,0,0,0,0,0,0,0,0,0,0,0,0,1.77513,1.22722,-0.00372009,5.49365e-05,-0.000164809,1.86933e-05,0.000161935,-0.000698322,7.55496e-05,0,0,0,0,0,0,0,0,0,0,0,0,0,0,0,0,0,0,0,0,0,0,0,0,0,0,0,0,0,0,0,0,0,0,0,0,0,0,0,0,0,0,0,0,0,0,0,0,0,0,0,0,1,0,0,0,0,0,1.1579,-0.3165,2.3022,0,0,0,0,0,0,0,-0,0,1.47266,0,0,0,0,0,0,0,0,0,0,0,0,0,0,0,0,0,0,0,0,0,0,0,0,0,0,0,0,0,0,0,-0.3,0.3
4.45,0,0,0,0,-0,0,3.02784,2.00145,-2.35359,-3.90582e-05,0.000117175,5.48302e-05,-0.000171017,0.000505809,0.000325464,0,0,0,0,0,0,0,0,0,0,0,0,0,0,0,0,0,0,0,0,0,0,0,0,0,0,0,0,0,0,0,0,0,0,0,0,0,0,0,0,1.77512,1.22723,-0.00372268,-5.61462e-05,9.39838e-05,-2.58553e-05,-0.000346724,0.000499103,-0.000159748,0,0,0,0,0,0,0,0,0,0,0,0,0,0,0,0,0,0,0,0,0,0,0,0,0,0,0,0,0,0,0,0,0,0,0,0,0,0,0,0,0,0,0,0,0,0,0,0,0,0,0,0,1,0,0,0,0,0,1.1579,-0.3165,2.3022,0,0,0,0,0,0,0,-0,0,1.47266,0,0,0,0,0,0,0,0,0,0,0,0,0,0,0,0,0,0,0,0,0,0,0,0,0,0,0,0,0,0,0,-0.3,0.3
4.5,0,0,0,0,-0,0,3.02784,2.00145,-2.35359,-3.90582e-05,0.000117175,5.48302e-05,-0.000171017,0.000505809,0.000325464,0,0,0,0,0,0,0,0,0,0,0,0,0,0,0,0,0,0,0,0,0,0,0,0,0,0,0,0,0,0,0,0,0,0,0,0,0,0,0,0,1.77512,1.22723,-0.00372268,-5.61462e-05,9.39838e-05,-2.58553e-05,-0.000346724,0.000499103,-0.000159748,0,0,0,0,0,0,0,0,0,0,0,0,0,0,0,0,0,0,0,0,0,0,0,0,0,0,0,0,0,0,0,0,0,0,0,0,0,0,0,0,0,0,0,0,0,0,0,0,0,0,0,0,1,0,0,0,0,0,1.1579,-0.3165,2.3022,0,0,0,0,0,0,0,-0,0,1.47266,0,0,0,0,0,0,0,0,0,0,0,0,0,0,0,0,0,0,0,0,0,0,0,0,0,0,0,0,0,0,0,-0.3,0.3
4.55,0,0,0,0,-0,0,3.02784,2.00145,-2.35358,-2.44155e-05,2.19739e-05,4.29178e-05,-8.71513e-05,0.000118905,0.000355069,0,0,0,0,0,0,0,0,0,0,0,0,0,0,0,0,0,0,0,0,0,0,0,0,0,0,0,0,0,0,0,0,0,0,0,0,0,0,0,0,1.77512,1.22722,-0.00371417,1.70908e-05,-5.12725e-05,8.50719e-05,1.56317e-05,-0.000118702,0.000315483,0,0,0,0,0,0,0,0,0,0,0,0,0,0,0,0,0,0,0,0,0,0,0,0,0,0,0,0,0,0,0,0,0,0,0,0,0,0,0,0,0,0,0,0,0,0,0,0,0,0,0,0,1,0,0,0,0,0,1.1579,-0.3165,2.3022,0,0,0,0,0,0,0,-0,0,1.47266,0,0,0,0,0,0,0,0,0,0,0,0,0,0,0,0,0,0,0,0,0,0,0,0,0,0,0,0,0,0,0,-0.3,0.3
4.6,0,0,0,0,-0,0,3.02784,2.00145,-2.35358,-2.44155e-05,2.19739e-05,4.29178e-05,-8.71513e-05,0.000118905,0.000355069,0,0,0,0,0,0,0,0,0,0,0,0,0,0,0,0,0,0,0,0,0,0,0,0,0,0,0,0,0,0,0,0,0,0,0,0,0,0,0,0,1.77512,1.22722,-0.00371417,1.70908e-05,-5.12725e-05,8.50719e-05,1.56317e-05,-0.000118702,0.000315483,0,0,0,0,0,0,0,0,0,0,0,0,0,0,0,0,0,0,0,0,0,0,0,0,0,0,0,0,0,0,0,0,0,0,0,0,0,0,0,0,0,0,0,0,0,0,0,0,0,0,0,0,1,0,0,0,0,0,1.2613,-0.2131,2.4056,0,0,0,0,0,0,0,-0,0,1.47266,0,0,0,0,0,0,0,0,0,0,0,0,0,0,0,0,0,0,0,0,0,0,0,0,0,0,0,0,0,0,0,-0.3,0.3
4.65,0,0,0,0,-0,0,3.02784,2.00146,-2.35355,2.92968e-05,0.00010498,0.000300407,0.000173635,0.000350719,0.00124607,0,0,0,0,0,0,0,0,0,0,0,0,0,0,0,0,0,0,0,0,0,0,0,0,0,0,0,0,0,0,0,0,0,0,0,0,0,0,0,0,1.77512,1.22724,-0.00371309,1.70898e-05,0.000117187,1.0815e-05,5.8419e-05,0.00051824,-4.29604e-05,0,0,0,0,0,0,0,0,0,0,0,0,0,0,0,0,0,0,0,0,0,0,0,0,0,0,0,0,0,0,0,0,0,0,0,0,0,0,0,0,0,0,0,0,0,0,0,0,0,0,0,0,1,0,0,0,0,0,1.2613,-0.2131,2.4056,0,0,0,0,0,0,0,-0,0,1.47266,0,0,0,0,0,0,0,0,0,0,0,0,0,0,0,0,0,0,0,0,0,0,0,0,0,0,0,0,0,0,0,-0.3,0.3
4.7,0,0,0,0,-0,0,3.02784,2.00146,-2.35355,2.92968e-05,0.00010498,0.000300407,0.000173635,0.000350719,0.00124607,0,0,0,0,0,0,0,0,0,0,0,0,0,0,0,0,0,0,0,0,0,0,0,0,0,0,0,0,0,0,0,0,0,0,0,0,0,0,0,0,1.77512,1.22724,-0.00371309,1.70898e-05,0.000117187,1.0815e-05,5.8419e-05,0.00051824,-4.29604e-05,0,0,0,0,0,0,0,0,0,0,0,0,0,0,0,0,0,0,0,0,0,0,0,0,0,0,0,0,0,0,0,0,0,0,0,0,0,0,0,0,0,0,0,0,0,0,0,0,0,0,0,0,1,0,0,0,0,0,1.2613,-0.2131,2.4056,0,0,0,0,0,0,0,-0,0,1.47266,0,0,0,0,0,0,0,0,0,0,0,0,0,0,0,0,0,0,0,0,0,0,0,0,0,0,0,0,0,0,0,-0.3,0.3
4.75,0,0,0,0,-0,0,3.02784,2.00144,-2.3536,2.44123e-05,-0.000247785,-0.000443427,0.000120033,-0.00116763,-0.00210346,0,0,0,0,0,0,0,0,0,0,0,0,0,0,0,0,0,0,0,0,0,0,0,0,0,0,0,0,0,0,0,0,0,0,0,0,0,0,0,0,1.77512,1.22722,-0.00372237,-5.12659e-05,-0.000130606,-9.27486e-05,-0.00023227,-0.000592766,-0.000488128,0,0,0,0,0,0,0,0,0,0,0,0,0,0,0,0,0,0,0,0,0,0,0,0,0,0,0,0,0,0,0,0,0,0,0,0,0,0,0,0,0,0,0,0,0,0,0,0,0,0,0,0,1,0,0,0,0,0,1.2613,-0.2131,2.4056,0,0,0,0,0,0,0,-0,0,1.47266,0,0,0,0,0,0,0,0,0,0,0,0,0,0,0,0,0,0,0,0,0,0,0,0,0,0,0,0,0,0,0,-0.3,0.3
4.8,0,0,0,0,-0,0,3.02784,2.00144,-2.3536,2.44123e-05,-0.000247785,-0.000443427,0.000120033,-0.00116763,-0.00210346,0,0,0,0,0,0,0,0,0,0,0,0,0,0,0,0,0,0,0,0,0,0,0,0,0,0,0,0,0,0,0,0,0,0,0,0,0,0,0,0,1.77512,1.22722,-0.00372237,-5.12659e-05,-0.000130606,-9.27486e-05,-0.00023227,-0.000592766,-0.000488128,0,0,0,0,0,0,0,0,0,0,0,0,0,0,0,0,0,0,0,0,0,0,0,0,0,0,0,0,0,0,0,0,0,0,0,0,0,0,0,0,0,0,0,0,0,0,0,0,0,0,0,0,1,0,0,0,0,0,1.2452,-0.2292,2.3896,0,0,0,0,0,0,0,-0,0,1.47266,0,0,0,0,0,0,0,0,0,0,0,0,0,0,0,0,0,0,0,0,0,0,0,0,0,0,0,0,0,0,0,-0.3,0.3
4.85,0,0,0,0,-0,0,3.02784,2.00144,-2.3536,2.44123e-05,-0.000247785,-0.000443427,0.000120033,-0.00116763,-0.00210346,0,0,0,0,0,0,0,0,0,0,0,0,0,0,0,0,0,0,0,0,0,0,0,0,0,0,0,0,0,0,0,0,0,0,0,0,0,0,0,0,1.77512,1.22722,-0.00372237,-5.12659e-05,-0.000130606,-9.27486e-05,-0.00023227,-0.000592766,-0.000488128,0,0,0,0,0,0,0,0,0,0,0,0,0,0,0,0,0,0,0,0,0,0,0,0,0,0,0,0,0,0,0,0,0,0,0,0,0,0,0,0,0,0,0,0,0,0,0,0,0,0,0,0,1,0,0,0,0,0,1.2452,-0.2292,2.3896,0,0,0,0,0,0,0,-0,0,1.47266,0,0,0,0,0,0,0,0,0,0,0,0,0,0,0,0,0,0,0,0,0,0,0,0,0,0,0,0,0,0,0,-0.3,0.3
4.9,0,0,0,0,-0,0,3.02784,2.00146,-2.35358,-2.44282e-05,0.000191762,0.000198002,-0.000130333,0.000849705,0.000846662,0,0,0,0,0,0,0,0,0,0,0,0,0,0,0,0,0,0,0,0,0,0,0,0,0,0,0,0,0,0,0,0,0,0,0,0,0,0,0,0,1.77512,1.22724,-0.00371032,3.05353e-05,0.000145348,0.000120488,0.00014805,0.000596328,0.000498666,0,0,0,0,0,0,0,0,0,0,0,0,0,0,0,0,0,0,0,0,0,0,0,0,0,0,0,0,0,0,0,0,0,0,0,0,0,0,0,0,0,0,0,0,0,0,0,0,0,0,0,0,1,0,0,0,0,0,1.2452,-0.2292,2.3896,0,0,0,0,0,0,0,-0,0,1.47266,0,0,0,0,0,0,0,0,0,0,0,0,0,0,0,0,0,0,0,0,0,0,0,0,0,0,0,0,0,0,0,-0.3,0.3
4.95,0,0,0,0,-0,0,3.02784,2.00146,-2.35358,-2.44282e-05,0.000191762,0.000198002,-0.000130333,0.000849705,0.000846662,0,0,0,0,0,0,0,0,0,0,0,0,0,0,0,0,0,0,0,0,0,0,0,0,0,0,0,0,0,0,0,0,0,0,0,0,0,0,0,0,1.77512,1.22724,-0.00371032,3.05353e-05,0.000145348,0.000120488,0.00014805,0.000596328,0.000498666,0,0,0,0,0,0,0,0,0,0,0,0,0,0,0,0,0,0,0,0,0,0,0,0,0,0,0,0,0,0,0,0,0,0,0,0,0,0,0,0,0,0,0,0,0,0,0,0,0,0,0,0,1,0,0,0,0,0,1.2452,-0.2292,2.3896,0,0,0,0,0,0,0,-0,0,1.47266,0,0,0,0,0,0,0,0,0,0,0,0,0,0,0,0,0,0,0,0,0,0,0,0,0,0,0,0,0,0,0,-0.3,0.3
5,0,0,0,0,-0,0,3.02784,2.00146,-2.35358,-2.44282e-05,0.000191762,0.000198002,-0.000130333,0.000849705,0.000846662,0,0,0,0,0,0,0,0,0,0,0,0,0,0,0,0,0,0,0,0,0,0,0,0,0,0,0,0,0,0,0,0,0,0,0,0,0,0,0,0,1.77512,1.22724,-0.00371032,3.05353e-05,0.000145348,0.000120488,0.00014805,0.000596328,0.000498666,0,0,0,0,0,0,0,0,0,0,0,0,0,0,0,0,0,0,0,0,0,0,0,0,0,0,0,0,0,0,0,0,0,0,0,0,0,0,0,0,0,0,0,0,0,0,0,0,0,0,0,0,1,0,0,0,0,0,1.2864,-0.188,2.4308,0,0,0,0,0,0,0,-0,0,1.47266,0,0,0,0,0,0,0,0,0,0,0,0,0,0,0,0,0,0,0,0,0,0,0,0,0,0,0,0,0,0,0,-0.3,0.3
5.05,0,0,0,0,-0,0,3.02784,2.00146,-2.35357,2.19713e-05,-1.70888e-05,6.19851e-05,7.3213e-05,-5.09223e-05,0.000364536,0,0,0,0,0,0,0,0,0,0,0,0,0,0,0,0,0,0,0,0,0,0,0,0,0,0,0,0,0,0,0,0,0,0,0,0,0,0,0,0,1.77513,1.22723,-0.00365334,3.53983e-05,-5.98109e-05,0.000569842,0.00015986,-0.000300499,0.00222874,0,0,0,0,0,0,0,0,0,0,0,0,0,0,0,0,0,0,0,0,0,0,0,0,0,0,0,0,0,0,0,0,0,0,0,0,0,0,0,0,0,0,0,0,0,0,0,0,0,0,0,0,1,0,0,0,0,0,1.2864,-0.188,2.4308,0,0,0,0,0,0,0,-0,0,1.47266,0,0,0,0,0,0,0,0,0,0,0,0,0,0,0,0,0,0,0,0,0,0,0,0,0,0,0,0,0,0,0,-0.3,0.3
5.1,0,0,0,0,-0,0,3.02784,2.00145,-2.35358,2.44116e-06,-5.61467e-05,-3.33753e-05,-6.52462e-06,-0.000308622,-0.000227503,0,0,0,0,0,0,0,0,0,0,0,0,0,0,0,0,0,0,0,0,0,0,0,0,0,0,0,0,0,0,0,0,0,0,0,0,0,0,0,0,1.77512,1.22723,-0.00372622,-5.61469e-05,-4.51616e-05,-0.000728759,-0.000268236,-0.000243331,-0.00361681,0,0,0,0,0,0,0,0,0,0,0,0,0,0,0,0,0,0,0,0,0,0,0,0,0,0,0,0,0,0,0,0,0,0,0,0,0,0,0,0,0,0,0,0,0,0,0,0,0,0,0,0,1,0,0,0,0,0,1.2864,-0.188,2.4308,0,0,0,0,0,0,0,-0,0,1.47267,0,0,0,0,0,0,0,0,0,0,0,0,0,0,0,0,0,0,0,0,0,0,0,0,0,0,0,0,0,0,0,-0.3,0.3
5.15,0,0,0,0,-0,0,3.02785,2.00145,-2.35359,1.95303e-05,-4.39432e-05,-0.000109667,5.35771e-05,-0.000171395,-0.000521547,0,0,0,0,0,0,0,0,0,0,0,0,0,0,0,0,0,0,0,0,0,0,0,0,0,0,0,0,0,0,0,0,0,0,0,0,0,0,0,0,1.77512,1.22723,-0.00374913,-1.46477e-05,1.22064e-05,-0.000229071,-5.31471e-05,9.08776e-05,-0.000965778,0,0,0,0,0,0,0,0,0,0,0,0,0,0,0,0,0,0,0,0,0,0,0,0,0,0,0,0,0,0,0,0,0,0,0,0,0,0,0,0,0,0,0,0,0,0,0,0,0,0,0,0,1,0,0,0,0,0,1.2864,-0.188,2.4308,0,0,0,0,0,0,0,-0,0,1.47267,0,0,0,0,0,0,0,0,0,0,0,0,0,0,0,0,0,0,0,0,0,0,0,0,0,0,0,0,0,0,0,-0.3,0.3
5.2,0,0,0,0,-0,0,3.02785,2.00145,-2.35359,1.95303e-05,-4.39432e-05,-0.000109667,5.35771e-05,-0.000171395,-0.000521547,0,0,0,0,0,0,0,0,0,0,0,0,0,0,0,0,0,0,0,0,0,0,0,0,0,0,0,0,0,0,0,0,0,0,0,0,0,0,0,0,1.77512,1.22723,-0.00374913,-1.46477e-05,1.22064e-05,-0.000229071,-5.31471e-05,9.08776e-05,-0.000965778,0,0,0,0,0,0,0,0,0,0,0,0,0,0,0,0,0,0,0,0,0,0,0,0,0,0,0,0,0,0,0,0,0,0,0,0,0,0,0,0,0,0,0,0,0,0,0,0,0,0,0,0,1,0,0,0,0,0,1.2055,-0.269,2.3498,0,0,0,0,0,0,0,-0,0,1.47267,0,0,0,0,0,0,0,0,0,0,0,0,0,0,0,0,0,0,0,0,0,0,0,0,0,0,0,0,0,0,0,-0.3,0.3
5.25,0,0,0,0,-0,0,3.02784,2.00146,-2.35354,-5.37347e-05,0.000109912,0.00045081,-0.000252435,0.0005304,0.00188647,0,0,0,0,0,0,0,0,0,0,0,0,0,0,0,0,0,0,0,0,0,0,0,0,0,0,0,0,0,0,0,0,0,0,0,0,0,0,0,0,1.77513,1.22723,-0.00370035,0.000103806,0,0.000487967,0.000470479,5.10197e-05,0.00264385,0,0,0,0,0,0,0,0,0,0,0,0,0,0,0,0,0,0,0,0,0,0,0,0,0,0,0,0,0,0,0,0,0,0,0,0,0,0,0,0,0,0,0,0,0,0,0,0,0,0,0,0,1,0,0,0,0,0,1.2055,-0.269,2.3498,0,0,0,0,0,0,0,-0,0,1.47266,0,0,0,0,0,0,0,0,0,0,0,0,0,0,0,0,0,0,0,0,0,0,0,0,0,0,0,0,0,0,0,-0.3,0.3
5.25,0,0,0,0,-0,0,3.02784,2.00146,-2.35354,-5.37347e-05,0.000109912,0.00045081,-0.000252435,0.0005304,0.00188647,0,0,0,0,0,0,0,0,0,0,0,0,0,0,0,0,0,0,0,0,0,0,0,0,0,0,0,0,0,0,0,0,0,0,0,0,0,0,0,0,1.77513,1.22723,-0.00370035,0.000103806,0,0.000487967,0.000470479,5.10197e-05,0.00264385,0,0,0,0,0,0,0,0,0,0,0,0,0,0,0,0,0,0,0,0,0,0,0,0,0,0,0,0,0,0,0,0,0,0,0,0,0,0,0,0,0,0,0,0,0,0,0,0,0,0,0,0,1,0,0,0,0,0,1.2055,-0.269,2.3498,0,0,0,0,0,0,0,-0,0,1.47266,0,0,0,0,0,0,0,0,0,0,0,0,0,0,0,0,0,0,0,0,0,0,0,0,0,0,0,0,0,0,0,-0.3,0.3
5.3,0,0,0,0,-0,0,3.02784,2.00146,-2.35354,-5.37347e-05,0.000109912,0.00045081,-0.000252435,0.0005304,0.00188647,0,0,0,0,0,0,0,0,0,0,0,0,0,0,0,0,0,0,0,0,0,0,0,0,0,0,0,0,0,0,0,0,0,0,0,0,0,0,0,0,1.77513,1.22723,-0.00370035,0.000103806,0,0.000487967,0.000470479,5.10197e-05,0.00264385,0,0,0,0,0,0,0,0,0,0,0,0,0,0,0,0,0,0,0,0,0,0,0,0,0,0,0,0,0,0,0,0,0,0,0,0,0,0,0,0,0,0,0,0,0,0,0,0,0,0,0,0,1,0,0,0,0,0,1.2055,-0.269,2.3498,0,0,0,0,0,0,0,-0,0,1.47266,0,0,0,0,0,0,0,0,0,0,0,0,0,0,0,0,0,0,0,0,0,0,0,0,0,0,0,0,0,0,0,-0.3,0.3
5.35,0,0,0,0,-0,0,3.02784,2.00145,-2.35356,9.76526e-06,-0.000102535,-0.000159735,6.06657e-05,-0.000435276,-0.000980339,0,0,0,0,0,0,0,0,0,0,0,0,0,0,0,0,0,0,0,0,0,0,0,0,0,0,0,0,0,0,0,0,0,0,0,0,0,0,0,0,1.77512,1.22723,-0.00371657,-6.7136e-05,1.34272e-05,-0.00016213,-0.000329533,7.88935e-05,-0.000520913,0,0,0,0,0,0,0,0,0,0,0,0,0,0,0,0,0,0,0,0,0,0,0,0,0,0,0,0,0,0,0,0,0,0,0,0,0,0,0,0,0,0,0,0,0,0,0,0,0,0,0,0,1,0,0,0,0,0,1.2034,-0.271,2.3478,0,0,0,0,0,0,0,-0,0,1.47266,0,0,0,0,0,0,0,0,0,0,0,0,0,0,0,0,0,0,0,0,0,0,0,0,0,0,0,0,0,0,0,-0.3,0.3
5.4,0,0,0,0,-0,0,3.02785,2.00145,-2.35359,4.88194e-05,2.92917e-05,-0.000309889,0.000234878,0.000134681,-0.00157679,0,0,0,0,0,0,0,0,0,0,0,0,0,0,0,0,0,0,0,0,0,0,0,0,0,0,0,0,0,0,0,0,0,0,0,0,0,0,0,0,1.77509,1.22723,-0.00357861,-0.000301461,4.63786e-05,0.00137927,-0.0012425,0.000182809,0.00541798,0,0,0,0,0,0,0,0,0,0,0,0,0,0,0,0,0,0,0,0,0,0,0,0,0,0,0,0,0,0,0,0,0,0,0,0,0,0,0,0,0,0,0,0,0,0,0,0,0,0,0,0,1,0,0,0,0,0,1.2034,-0.271,2.3478,0,0,0,0,0,0,0,-0,0,1.47269,0,0,0,0,0,0,0,0,0,0,0,0,0,0,0,0,0,0,0,0,0,0,0,0,0,0,0,0,0,0,0,-0.3,0.3
5.45,0,0,0,0,-0,0,3.02785,2.00145,-2.35359,4.88194e-05,2.92917e-05,-0.000309889,0.000234878,0.000134681,-0.00157679,0,0,0,0,0,0,0,0,0,0,0,0,0,0,0,0,0,0,0,0,0,0,0,0,0,0,0,0,0,0,0,0,0,0,0,0,0,0,0,0,1.77509,1.22723,-0.00357861,-0.000301461,4.63786e-05,0.00137927,-0.0012425,0.000182809,0.00541798,0,0,0,0,0,0,0,0,0,0,0,0,0,0,0,0,0,0,0,0,0,0,0,0,0,0,0,0,0,0,0,0,0,0,0,0,0,0,0,0,0,0,0,0,0,0,0,0,0,0,0,0,1,0,0,0,0,0,1.2034,-0.271,2.3478,0,0,0,0,0,0,0,-0,0,1.47269,0,0,0,0,0,0,0,0,0,0,0,0,0,0,0,0,0,0,0,0,0,0,0,0,0,0,0,0,0,0,0,-0.3,0.3
5.5,0,0,0,0,-0,0,3.02785,2.00144,-2.35356,-9.76626e-06,-8.30132e-05,0.000298043,-6.95204e-05,-0.000290762,0.00140185,0,0,0,0,0,0,0,0,0,0,0,0,0,0,0,0,0,0,0,0,0,0,0,0,0,0,0,0,0,0,0,0,0,0,0,0,0,0,0,0,1.77512,1.22722,-0.00367349,0.000286883,-0.000126961,-0.000948771,0.00148146,-0.000568818,-0.00524627,0,0,0,0,0,0,0,0,0,0,0,0,0,0,0,0,0,0,0,0,0,0,0,0,0,0,0,0,0,0,0,0,0,0,0,0,0,0,0,0,0,0,0,0,0,0,0,0,0,0,0,0,1,0,0,0,0,0,1.2034,-0.271,2.3478,0,0,0,0,0,0,0,-0,0,1.47266,0,0,0,0,0,0,0,0,0,0,0,0,0,0,0,0,0,0,0,0,0,0,0,0,0,0,0,0,0,0,0,-0.3,0.3
5.55,0,0,0,0,-0,0,3.02785,2.00144,-2.35356,-9.76626e-06,-8.30132e-05,0.000298043,-6.95204e-05,-0.000290762,0.00140185,0,0,0,0,0,0,0,0,0,0,0,0,0,0,0,0,0,0,0,0,0,0,0,0,0,0,0,0,0,0,0,0,0,0,0,0,0,0,0,0,1.77512,1.22722,-0.00367349,0.000286883,-0.000126961,-0.000948771,0.00148146,-0.000568818,-0.00524627,0,0,0,0,0,0,0,0,0,0,0,0,0,0,0,0,0,0,0,0,0,0,0,0,0,0,0,0,0,0,0,0,0,0,0,0,0,0,0,0,0,0,0,0,0,0,0,0,0,0,0,0,1,0,0,0,0,0,1.1174,-0.3571,2.2618,0,0,0,0,0,0,0,-0,0,1.47266,0,0,0,0,0,0,0,0,0,0,0,0,0,0,0,0,0,0,0,0,0,0,0,0,0,0,0,0,0,0,0,-0.3,0.3
5.6,0,0,0,0,-0,0,3.02784,2.00146,-2.35358,-3.17461e-05,0.00013431,-0.000240862,-0.000170755,0.000636177,-0.000908438,0,0,0,0,0,0,0,0,0,0,0,0,0,0,0,0,0,0,0,0,0,0,0,0,0,0,0,0,0,0,0,0,0,0,0,0,0,0,0,0,1.77512,1.22723,-0.00371489,2.19781e-05,0.00012088,-0.000414173,0.000199691,0.000547011,-0.00245714,0,0,0,0,0,0,0,0,0,0,0,0,0,0,0,0,0,0,0,0,0,0,0,0,0,0,0,0,0,0,0,0,0,0,0,0,0,0,0,0,0,0,0,0,0,0,0,0,0,0,0,0,1,0,0,0,0,0,1.1174,-0.3571,2.2618,0,0,0,0,0,0,0,-0,0,1.47266,0,0,0,0,0,0,0,0,0,0,0,0,0,0,0,0,0,0,0,0,0,0,0,0,0,0,0,0,0,0,0,-0.3,0.3
5.65,0,0,0,0,-0,0,3.02784,2.00146,-2.35358,-3.17461e-05,0.00013431,-0.000240862,-0.000170755,0.000636177,-0.000908438,0,0,0,0,0,0,0,0,0,0,0,0,0,0,0,0,0,0,0,0,0,0,0,0,0,0,0,0,0,0,0,0,0,0,0,0,0,0,0,0,1.77512,1.22723,-0.00371489,2.19781e-05,0.00012088,-0.000414173,0.000199691,0.000547011,-0.00245714,0,0,0,0,0,0,0,0,0,0,0,0,0,0,0,0,0,0,0,0,0,0,0,0,0,0,0,0,0,0,0,0,0,0,0,0,0,0,0,0,0,0,0,0,0,0,0,0,0,0,0,0,1,0,0,0,0,0,1.1174,-0.3571,2.2618,0,0,0,0,0,0,0,-0,0,1.47266,0,0,0,0,0,0,0,0,0,0,0,0,0,0,0,0,0,0,0,0,0,0,0,0,0,0,0,0,0,0,0,-0.3,0.3
5.7,0,0,0,0,-0,0,3.02784,2.00146,-2.35358,-3.17461e-05,0.00013431,-0.000240862,-0.000170755,0.000636177,-0.000908438,0,0,0,0,0,0,0,0,0,0,0,0,0,0,0,0,0,0,0,0,0,0,0,0,0,0,0,0,0,0,0,0,0,0,0,0,0,0,0,0,1.77512,1.22723,-0.00371489,2.19781e-05,0.00012088,-0.000414173,0.000199691,0.000547011,-0.00245714,0,0,0,0,0,0,0,0,0,0,0,0,0,0,0,0,0,0,0,0,0,0,0,0,0,0,0,0,0,0,0,0,0,0,0,0,0,0,0,0,0,0,0,0,0,0,0,0,0,0,0,0,1,0,0,0,0,0,1.1174,-0.3571,2.2618,0,0,0,0,0,0,0,-0,0,1.47266,0,0,0,0,0,0,0,0,0,0,0,0,0,0,0,0,0,0,0,0,0,0,0,0,0,0,0,0,0,0,0,-0.3,0.3
5.75,0,0,0,0,-0,0,3.02784,2.00146,-2.35357,-7.32562e-06,-7.32562e-06,8.82317e-05,-1.8677e-05,-5.83842e-05,0.000456613,0,0,0,0,0,0,0,0,0,0,0,0,0,0,0,0,0,0,0,0,0,0,0,0,0,0,0,0,0,0,0,0,0,0,0,0,0,0,0,0,1.77512,1.22724,-0.00372374,-3.78488e-05,3.29651e-05,-8.8499e-05,-0.000292629,0.000128289,0.000203168,0,0,0,0,0,0,0,0,0,0,0,0,0,0,0,0,0,0,0,0,0,0,0,0,0,0,0,0,0,0,0,0,0,0,0,0,0,0,0,0,0,0,0,0,0,0,0,0,0,0,0,0,1,0,0,0,0,0,1.2691,-0.2053,2.4135,0,0,0,0,0,0,0,-0,0,1.47266,0,0,0,0,0,0,0,0,0,0,0,0,0,0,0,0,0,0,0,0,0,0,0,0,0,0,0,0,0,0,0,-0.3,0.3
5.8,0,0,0,0,-0,0,3.02785,2.00144,-2.3536,4.39511e-05,-0.000139179,-0.000276602,0.000214261,-0.000655946,-0.000998738,0,0,0,0,0,0,0,0,0,0,0,0,0,0,0,0,0,0,0,0,0,0,0,0,0,0,0,0,0,0,0,0,0,0,0,0,0,0,0,0,1.77512,1.22723,-0.00372621,6.10435e-06,-0.000101332,-2.46532e-05,-6.67614e-05,-0.000516264,0.000737311,0,0,0,0,0,0,0,0,0,0,0,0,0,0,0,0,0,0,0,0,0,0,0,0,0,0,0,0,0,0,0,0,0,0,0,0,0,0,0,0,0,0,0,0,0,0,0,0,0,0,0,0,1,0,0,0,0,0,1.2691,-0.2053,2.4135,0,0,0,0,0,0,0,-0,0,1.47266,0,0,0,0,0,0,0,0,0,0,0,0,0,0,0,0,0,0,0,0,0,0,0,0,0,0,0,0,0,0,0,-0.3,0.3
5.85,0,0,0,0,-0,0,3.02785,2.00144,-2.3536,4.39511e-05,-0.000139179,-0.000276602,0.000214261,-0.000655946,-0.000998738,0,0,0,0,0,0,0,0,0,0,0,0,0,0,0,0,0,0,0,0,0,0,0,0,0,0,0,0,0,0,0,0,0,0,0,0,0,0,0,0,1.77512,1.22723,-0.00372621,6.10435e-06,-0.000101332,-2.46532e-05,-6.67614e-05,-0.000516264,0.000737311,0,0,0,0,0,0,0,0,0,0,0,0,0,0,0,0,0,0,0,0,0,0,0,0,0,0,0,0,0,0,0,0,0,0,0,0,0,0,0,0,0,0,0,0,0,0,0,0,0,0,0,0,1,0,0,0,0,0,1.2691,-0.2053,2.4135,0,0,0,0,0,0,0,-0,0,1.47266,0,0,0,0,0,0,0,0,0,0,0,0,0,0,0,0,0,0,0,0,0,0,0,0,0,0,0,0,0,0,0,-0.3,0.3
5.9,0,0,0,0,-0,0,3.02784,2.00146,-2.35358,-2.68566e-05,0.000139166,0.000243197,-0.000122733,0.000637409,0.00128023,0,0,0,0,0,0,0,0,0,0,0,0,0,0,0,0,0,0,0,0,0,0,0,0,0,0,0,0,0,0,0,0,0,0,0,0,0,0,0,0,1.77512,1.22723,-0.0037287,-3.66227e-06,2.56359e-05,-2.49698e-05,-4.85352e-05,0.000110061,0.000513782,0,0,0,0,0,0,0,0,0,0,0,0,0,0,0,0,0,0,0,0,0,0,0,0,0,0,0,0,0,0,0,0,0,0,0,0,0,0,0,0,0,0,0,0,0,0,0,0,0,0,0,0,1,0,0,0,0,0,1.2691,-0.2053,2.4135,0,0,0,0,0,0,0,-0,0,1.47267,0,0,0,0,0,0,0,0,0,0,0,0,0,0,0,0,0,0,0,0,0,0,0,0,0,0,0,0,0,0,0,-0.3,0.3
5.95,0,0,0,0,-0,0,3.02784,2.00146,-2.35358,-2.68566e-05,0.000139166,0.000243197,-0.000122733,0.000637409,0.00128023,0,0,0,0,0,0,0,0,0,0,0,0,0,0,0,0,0,0,0,0,0,0,0,0,0,0,0,0,0,0,0,0,0,0,0,0,0,0,0,0,1.77512,1.22723,-0.0037287,-3.66227e-06,2.56359e-05,-2.49698e-05,-4.85352e-05,0.000110061,0.000513782,0,0,0,0,0,0,0,0,0,0,0,0,0,0,0,0,0,0,0,0,0,0,0,0,0,0,0,0,0,0,0,0,0,0,0,0,0,0,0,0,0,0,0,0,0,0,0,0,0,0,0,0,1,0,0,0,0,0,1.2055,-0.2689,2.3498,0,0,0,0,0,0,0,-0,0,1.47267,0,0,0,0,0,0,0,0,0,0,0,0,0,0,0,0,0,0,0,0,0,0,0,0,0,0,0,0,0,0,0,-0.3,0.3
6,0,0,0,0,-0,0,3.02784,2.00144,-2.35357,-1.70893e-05,-0.000114743,6.1987e-05,-8.02823e-05,-0.000456766,0.000353106,0,0,0,0,0,0,0,0,0,0,0,0,0,0,0,0,0,0,0,0,0,0,0,0,0,0,0,0,0,0,0,0,0,0,0,0,0,0,0,0,1.77513,1.22723,-0.00369282,0.000100094,9.76529e-06,0.000358777,0.000387914,8.74513e-05,0.00181161,0,0,0,0,0,0,0,0,0,0,0,0,0,0,0,0,0,0,0,0,0,0,0,0,0,0,0,0,0,0,0,0,0,0,0,0,0,0,0,0,0,0,0,0,0,0,0,0,0,0,0,0,1,0,0,0,0,0,1.2055,-0.2689,2.3498,0,0,0,0,0,0,0,-0,0,1.47265,0,0,0,0,0,0,0,0,0,0,0,0,0,0,0,0,0,0,0,0,0,0,0,0,0,0,0,0,0,0,0,-0.3,0.3
6.05,0,0,0,0,-0,0,3.02784,2.00144,-2.35357,-1.70893e-05,-0.000114743,6.1987e-05,-8.02823e-05,-0.000456766,0.000353106,0,0,0,0,0,0,0,0,0,0,0,0,0,0,0,0,0,0,0,0,0,0,0,0,0,0,0,0,0,0,0,0,0,0,0,0,0,0,0,0,1.77513,1.22723,-0.00369282,0.000100094,9.76529e-06,0.000358777,0.000387914,8.74513e-05,0.00181161,0,0,0,0,0,0,0,0,0,0,0,0,0,0,0,0,0,0,0,0,0,0,0,0,0,0,0,0,0,0,0,0,0,0,0,0,0,0,0,0,0,0,0,0,0,0,0,0,0,0,0,0,1,0,0,0,0,0,1.2055,-0.2689,2.3498,0,0,0,0,0,0,0,-0,0,1.47265,0,0,0,0,0,0,0,0,0,0,0,0,0,0,0,0,0,0,0,0,0,0,0,0,0,0,0,0,0,0,0,-0.3,0.3
6.1,0,0,0,0,-0,0,3.02784,2.00145,-2.35361,2.43923e-05,1.95138e-05,-0.000395422,0.000123312,0.000114173,-0.0017414,0,0,0,0,0,0,0,0,0,0,0,0,0,0,0,0,0,0,0,0,0,0,0,0,0,0,0,0,0,0,0,0,0,0,0,0,0,0,0,0,1.77512,1.22723,-0.0037305,-9.26907e-05,-4.51257e-05,-0.000376393,-0.000478423,-0.00016992,-0.00167457,0,0,0,0,0,0,0,0,0,0,0,0,0,0,0,0,0,0,0,0,0,0,0,0,0,0,0,0,0,0,0,0,0,0,0,0,0,0,0,0,0,0,0,0,0,0,0,0,0,0,0,0,1,0,0,0,0,0,1.2055,-0.2689,2.3498,0,0,0,0,0,0,0,-0,0,1.47266,0,0,0,0,0,0,0,0,0,0,0,0,0,0,0,0,0,0,0,0,0,0,0,0,0,0,0,0,0,0,0,-0.3,0.3
6.15,0,0,0,0,-0,0,3.02784,2.00145,-2.35361,2.43923e-05,1.95138e-05,-0.000395422,0.000123312,0.000114173,-0.0017414,0,0,0,0,0,0,0,0,0,0,0,0,0,0,0,0,0,0,0,0,0,0,0,0,0,0,0,0,0,0,0,0,0,0,0,0,0,0,0,0,1.77512,1.22723,-0.0037305,-9.26907e-05,-4.51257e-05,-0.000376393,-0.000478423,-0.00016992,-0.00167457,0,0,0,0,0,0,0,0,0,0,0,0,0,0,0,0,0,0,0,0,0,0,0,0,0,0,0,0,0,0,0,0,0,0,0,0,0,0,0,0,0,0,0,0,0,0,0,0,0,0,0,0,1,0,0,0,0,0,1.192,-0.2824,2.3363,0,0,0,0,0,0,0,-0,0,1.47266,0,0,0,0,0,0,0,0,0,0,0,0,0,0,0,0,0,0,0,0,0,0,0,0,0,0,0,0,0,0,0,-0.3,0.3
6.2,0,0,0,0,-0,0,3.02784,2.00146,-2.35357,-1.46578e-05,0.000142913,0.000424656,-5.45115e-05,0.000638766,0.00194881,0,0,0,0,0,0,0,0,0,0,0,0,0,0,0,0,0,0,0,0,0,0,0,0,0,0,0,0,0,0,0,0,0,0,0,0,0,0,0,0,1.77512,1.22723,-0.00371729,4.88596e-06,4.27521e-05,0.000132198,-1.43233e-05,0.000214401,0.000556067,0,0,0,0,0,0,0,0,0,0,0,0,0,0,0,0,0,0,0,0,0,0,0,0,0,0,0,0,0,0,0,0,0,0,0,0,0,0,0,0,0,0,0,0,0,0,0,0,0,0,0,0,1,0,0,0,0,0,1.192,-0.2824,2.3363,0,0,0,0,0,0,0,-0,0,1.47267,0,0,0,0,0,0,0,0,0,0,0,0,0,0,0,0,0,0,0,0,0,0,0,0,0,0,0,0,0,0,0,-0.3,0.3
6.25,0,0,0,0,-0,0,3.02784,2.00146,-2.35357,-1.46578e-05,0.000142913,0.000424656,-5.45115e-05,0.000638766,0.00194881,0,0,0,0,0,0,0,0,0,0,0,0,0,0,0,0,0,0,0,0,0,0,0,0,0,0,0,0,0,0,0,0,0,0,0,0,0,0,0,0,1.77512,1.22723,-0.00371729,4.88596e-06,4.27521e-05,0.000132198,-1.43233e-05,0.000214401,0.000556067,0,0,0,0,0,0,0,0,0,0,0,0,0,0,0,0,0,0,0,0,0,0,0,0,0,0,0,0,0,0,0,0,0,0,0,0,0,0,0,0,0,0,0,0,0,0,0,0,0,0,0,0,1,0,0,0,0,0,1.192,-0.2824,2.3363,0,0,0,0,0,0,0,-0,0,1.47267,0,0,0,0,0,0,0,0,0,0,0,0,0,0,0,0,0,0,0,0,0,0,0,0,0,0,0,0,0,0,0,-0.3,0.3
6.3,0,0,0,0,-0,0,3.02784,2.00145,-2.35355,0,-0.000151466,0.000133602,1.75662e-06,-0.000721335,0.0005072,0,0,0,0,0,0,0,0,0,0,0,0,0,0,0,0,0,0,0,0,0,0,0,0,0,0,0,0,0,0,0,0,0,0,0,0,0,0,0,0,1.77512,1.22723,-0.00372535,-4.88599e-06,-2.07655e-05,-8.07446e-05,1.51115e-05,-7.29753e-05,-0.000215,0,0,0,0,0,0,0,0,0,0,0,0,0,0,0,0,0,0,0,0,0,0,0,0,0,0,0,0,0,0,0,0,0,0,0,0,0,0,0,0,0,0,0,0,0,0,0,0,0,0,0,0,1,0,0,0,0,0,1.192,-0.2824,2.3363,0,0,0,0,0,0,0,-0,0,1.47266,0,0,0,0,0,0,0,0,0,0,0,0,0,0,0,0,0,0,0,0,0,0,0,0,0,0,0,0,0,0,0,-0.3,0.3
6.35,0,0,0,0,-0,0,3.02784,2.00145,-2.35355,0,-0.000151466,0.000133602,1.75662e-06,-0.000721335,0.0005072,0,0,0,0,0,0,0,0,0,0,0,0,0,0,0,0,0,0,0,0,0,0,0,0,0,0,0,0,0,0,0,0,0,0,0,0,0,0,0,0,1.77512,1.22723,-0.00372535,-4.88599e-06,-2.07655e-05,-8.07446e-05,1.51115e-05,-7.29753e-05,-0.000215,0,0,0,0,0,0,0,0,0,0,0,0,0,0,0,0,0,0,0,0,0,0,0,0,0,0,0,0,0,0,0,0,0,0,0,0,0,0,0,0,0,0,0,0,0,0,0,0,0,0,0,0,1,0,0,0,0,0,1.2055,-0.269,2.3498,0,0,0,0,0,0,0,-0,0,1.47266,0,0,0,0,0,0,0,0,0,0,0,0,0,0,0,0,0,0,0,0,0,0,0,0,0,0,0,0,0,0,0,-0.3,0.3
6.4,0,0,0,0,-0,0,3.02784,2.00146,-2.35358,1.46453e-05,0.000124485,-0.000231217,6.72001e-05,0.000485013,-0.00134834,0,0,0,0,0,0,0,0,0,0,0,0,0,0,0,0,0,0,0,0,0,0,0,0,0,0,0,0,0,0,0,0,0,0,0,0,0,0,0,0,1.77512,1.22723,-0.00374151,-2.31885e-05,1.95271e-05,-0.000161567,-6.00773e-05,7.82185e-05,-0.000556644,0,0,0,0,0,0,0,0,0,0,0,0,0,0,0,0,0,0,0,0,0,0,0,0,0,0,0,0,0,0,0,0,0,0,0,0,0,0,0,0,0,0,0,0,0,0,0,0,0,0,0,0,1,0,0,0,0,0,1.2055,-0.269,2.3498,0,0,0,0,0,0,0,-0,0,1.47267,0,0,0,0,0,0,0,0,0,0,0,0,0,0,0,0,0,0,0,0,0,0,0,0,0,0,0,0,0,0,0,-0.3,0.3
6.45,0,0,0,0,-0,0,3.02784,2.00146,-2.35358,1.46453e-05,0.000124485,-0.000231217,6.72001e-05,0.000485013,-0.00134834,0,0,0,0,0,0,0,0,0,0,0,0,0,0,0,0,0,0,0,0,0,0,0,0,0,0,0,0,0,0,0,0,0,0,0,0,0,0,0,0,1.77512,1.22723,-0.00374151,-2.31885e-05,1.95271e-05,-0.000161567,-6.00773e-05,7.82185e-05,-0.000556644,0,0,0,0,0,0,0,0,0,0,0,0,0,0,0,0,0,0,0,0,0,0,0,0,0,0,0,0,0,0,0,0,0,0,0,0,0,0,0,0,0,0,0,0,0,0,0,0,0,0,0,0,1,0,0,0,0,0,1.2055,-0.269,2.3498,0,0,0,0,0,0,0,-0,0,1.47267,0,0,0,0,0,0,0,0,0,0,0,0,0,0,0,0,0,0,0,0,0,0,0,0,0,0,0,0,0,0,0,-0.3,0.3
6.5,0,0,0,0,-0,0,3.02784,2.00145,-2.35358,0,-4.76209e-05,2.38486e-06,-9.32416e-06,-0.000233146,-0.000127223,0,0,0,0,0,0,0,0,0,0,0,0,0,0,0,0,0,0,0,0,0,0,0,0,0,0,0,0,0,0,0,0,0,0,0,0,0,0,0,0,1.77512,1.22723,-0.00370849,4.39575e-05,-1.83156e-05,0.000330385,0.000222066,-8.37849e-05,0.00158536,0,0,0,0,0,0,0,0,0,0,0,0,0,0,0,0,0,0,0,0,0,0,0,0,0,0,0,0,0,0,0,0,0,0,0,0,0,0,0,0,0,0,0,0,0,0,0,0,0,0,0,0,1,0,0,0,0,0,1.2055,-0.269,2.3498,0,0,0,0,0,0,0,-0,0,1.47266,0,0,0,0,0,0,0,0,0,0,0,0,0,0,0,0,0,0,0,0,0,0,0,0,0,0,0,0,0,0,0,-0.3,0.3
6.55,0,0,0,0,-0,0,3.02784,2.00145,-2.35358,0,-4.76209e-05,2.38486e-06,-9.32416e-06,-0.000233146,-0.000127223,0,0,0,0,0,0,0,0,0,0,0,0,0,0,0,0,0,0,0,0,0,0,0,0,0,0,0,0,0,0,0,0,0,0,0,0,0,0,0,0,1.77512,1.22723,-0.00370849,4.39575e-05,-1.83156e-05,0.000330385,0.000222066,-8.37849e-05,0.00158536,0,0,0,0,0,0,0,0,0,0,0,0,0,0,0,0,0,0,0,0,0,0,0,0,0,0,0,0,0,0,0,0,0,0,0,0,0,0,0,0,0,0,0,0,0,0,0,0,0,0,0,0,1,0,0,0,0,0,1.2368,-0.2376,2.3812,0,0,0,0,0,0,0,-0,0,1.47266,0,0,0,0,0,0,0,0,0,0,0,0,0,0,0,0,0,0,0,0,0,0,0,0,0,0,0,0,0,0,0,-0.3,0.3
6.6,0,0,0,0,-0,0,3.02784,2.00146,-2.35359,-2.44091e-05,5.61409e-05,-0.000140638,-0.000113486,0.000177413,-0.000482686,0,0,0,0,0,0,0,0,0,0,0,0,0,0,0,0,0,0,0,0,0,0,0,0,0,0,0,0,0,0,0,0,0,0,0,0,0,0,0,0,1.77513,1.22723,-0.00363159,9.27547e-05,3.66137e-05,0.000768805,0.000366547,0.000147245,0.00299397,0,0,0,0,0,0,0,0,0,0,0,0,0,0,0,0,0,0,0,0,0,0,0,0,0,0,0,0,0,0,0,0,0,0,0,0,0,0,0,0,0,0,0,0,0,0,0,0,0,0,0,0,1,0,0,0,0,0,1.2368,-0.2376,2.3812,0,0,0,0,0,0,0,-0,0,1.47265,0,0,0,0,0,0,0,0,0,0,0,0,0,0,0,0,0,0,0,0,0,0,0,0,0,0,0,0,0,0,0,-0.3,0.3
6.65,0,0,0,0,-0,0,3.02784,2.00146,-2.35359,-2.44091e-05,5.61409e-05,-0.000140638,-0.000113486,0.000177413,-0.000482686,0,0,0,0,0,0,0,0,0,0,0,0,0,0,0,0,0,0,0,0,0,0,0,0,0,0,0,0,0,0,0,0,0,0,0,0,0,0,0,0,1.77513,1.22723,-0.00363159,9.27547e-05,3.66137e-05,0.000768805,0.000366547,0.000147245,0.00299397,0,0,0,0,0,0,0,0,0,0,0,0,0,0,0,0,0,0,0,0,0,0,0,0,0,0,0,0,0,0,0,0,0,0,0,0,0,0,0,0,0,0,0,0,0,0,0,0,0,0,0,0,1,0,0,0,0,0,1.2368,-0.2376,2.3812,0,0,0,0,0,0,0,-0,0,1.47265,0,0,0,0,0,0,0,0,0,0,0,0,0,0,0,0,0,0,0,0,0,0,0,0,0,0,0,0,0,0,0,-0.3,0.3
6.7,0,0,0,0,-0,0,3.02784,2.00145,-2.35357,9.76518e-06,-4.88259e-05,0.000236024,5.43347e-05,-0.000257384,0.00116722,0,0,0,0,0,0,0,0,0,0,0,0,0,0,0,0,0,0,0,0,0,0,0,0,0,0,0,0,0,0,0,0,0,0,0,0,0,0,0,0,1.77512,1.22723,-0.00372726,-8.05626e-05,-5.37084e-05,-0.000956628,-0.000452976,-0.000241253,-0.00490679,0,0,0,0,0,0,0,0,0,0,0,0,0,0,0,0,0,0,0,0,0,0,0,0,0,0,0,0,0,0,0,0,0,0,0,0,0,0,0,0,0,0,0,0,0,0,0,0,0,0,0,0,1,0,0,0,0,0,1.2368,-0.2376,2.3812,0,0,0,0,0,0,0,-0,0,1.47266,0,0,0,0,0,0,0,0,0,0,0,0,0,0,0,0,0,0,0,0,0,0,0,0,0,0,0,0,0,0,0,-0.3,0.3
6.75,0,0,0,0,-0,0,3.02784,2.00145,-2.35357,9.76518e-06,-4.88259e-05,0.000236024,5.43347e-05,-0.000257384,0.00116722,0,0,0,0,0,0,0,0,0,0,0,0,0,0,0,0,0,0,0,0,0,0,0,0,0,0,0,0,0,0,0,0,0,0,0,0,0,0,0,0,1.77512,1.22723,-0.00372726,-8.05626e-05,-5.37084e-05,-0.000956628,-0.000452976,-0.000241253,-0.00490679,0,0,0,0,0,0,0,0,0,0,0,0,0,0,0,0,0,0,0,0,0,0,0,0,0,0,0,0,0,0,0,0,0,0,0,0,0,0,0,0,0,0,0,0,0,0,0,0,0,0,0,0,1,0,0,0,0,0,1.1268,-0.3476,2.2711,0,0,0,0,0,0,0,-0,0,1.47266,0,0,0,0,0,0,0,0,0,0,0,0,0,0,0,0,0,0,0,0,0,0,0,0,0,0,0,0,0,0,0,-0.3,0.3
6.8,0,0,0,0,-0,0,3.02785,2.00144,-2.35359,6.35008e-05,-0.00011479,-0.000267131,0.00027003,-0.000476921,-0.00108634,0,0,0,0,0,0,0,0,0,0,0,0,0,0,0,0,0,0,0,0,0,0,0,0,0,0,0,0,0,0,0,0,0,0,0,0,0,0,0,0,1.77512,1.22723,-0.0037181,-4.15198e-05,1.4654e-05,9.15747e-05,-0.000226852,7.57348e-05,0.000173133,0,0,0,0,0,0,0,0,0,0,0,0,0,0,0,0,0,0,0,0,0,0,0,0,0,0,0,0,0,0,0,0,0,0,0,0,0,0,0,0,0,0,0,0,0,0,0,0,0,0,0,0,1,0,0,0,0,0,1.1268,-0.3476,2.2711,0,0,0,0,0,0,0,-0,0,1.47266,0,0,0,0,0,0,0,0,0,0,0,0,0,0,0,0,0,0,0,0,0,0,0,0,0,0,0,0,0,0,0,-0.3,0.3
6.85,0,0,0,0,-0,0,3.02785,2.00144,-2.35359,6.35008e-05,-0.00011479,-0.000267131,0.00027003,-0.000476921,-0.00108634,0,0,0,0,0,0,0,0,0,0,0,0,0,0,0,0,0,0,0,0,0,0,0,0,0,0,0,0,0,0,0,0,0,0,0,0,0,0,0,0,1.77512,1.22723,-0.0037181,-4.15198e-05,1.4654e-05,9.15747e-05,-0.000226852,7.57348e-05,0.000173133,0,0,0,0,0,0,0,0,0,0,0,0,0,0,0,0,0,0,0,0,0,0,0,0,0,0,0,0,0,0,0,0,0,0,0,0,0,0,0,0,0,0,0,0,0,0,0,0,0,0,0,0,1,0,0,0,0,0,1.1268,-0.3476,2.2711,0,0,0,0,0,0,0,-0,0,1.47266,0,0,0,0,0,0,0,0,0,0,0,0,0,0,0,0,0,0,0,0,0,0,0,0,0,0,0,0,0,0,0,-0.3,0.3
6.9,0,0,0,0,-0,0,3.02784,2.00145,-2.35358,-7.32481e-05,0.000107431,0.000147831,-0.000355004,0.000571718,0.000700468,0,0,0,0,0,0,0,0,0,0,0,0,0,0,0,0,0,0,0,0,0,0,0,0,0,0,0,0,0,0,0,0,0,0,0,0,0,0,0,0,1.77513,1.22723,-0.00370106,6.95855e-05,8.54559e-06,0.000170457,0.000338287,6.3987e-05,0.00110678,0,0,0,0,0,0,0,0,0,0,0,0,0,0,0,0,0,0,0,0,0,0,0,0,0,0,0,0,0,0,0,0,0,0,0,0,0,0,0,0,0,0,0,0,0,0,0,0,0,0,0,0,1,0,0,0,0,0,1.1268,-0.3476,2.2711,0,0,0,0,0,0,0,-0,0,1.47266,0,0,0,0,0,0,0,0,0,0,0,0,0,0,0,0,0,0,0,0,0,0,0,0,0,0,0,0,0,0,0,-0.3,0.3
6.95,0,0,0,0,-0,0,3.02784,2.00145,-2.35358,-7.32481e-05,0.000107431,0.000147831,-0.000355004,0.000571718,0.000700468,0,0,0,0,0,0,0,0,0,0,0,0,0,0,0,0,0,0,0,0,0,0,0,0,0,0,0,0,0,0,0,0,0,0,0,0,0,0,0,0,1.77513,1.22723,-0.00370106,6.95855e-05,8.54559e-06,0.000170457,0.000338287,6.3987e-05,0.00110678,0,0,0,0,0,0,0,0,0,0,0,0,0,0,0,0,0,0,0,0,0,0,0,0,0,0,0,0,0,0,0,0,0,0,0,0,0,0,0,0,0,0,0,0,0,0,0,0,0,0,0,0,1,0,0,0,0,0,1.2055,-0.2689,2.3499,0,0,0,0,0,0,0,-0,0,1.47266,0,0,0,0,0,0,0,0,0,0,0,0,0,0,0,0,0,0,0,0,0,0,0,0,0,0,0,0,0,0,0,-0.3,0.3
7,0,0,0,0,-0,0,3.02784,2.00146,-2.35356,9.76405e-06,3.17332e-05,0.000216926,3.39104e-05,0.000182805,0.000938641,0,0,0,0,0,0,0,0,0,0,0,0,0,0,0,0,0,0,0,0,0,0,0,0,0,0,0,0,0,0,0,0,0,0,0,0,0,0,0,0,1.77512,1.22723,-0.00372603,-3.29539e-05,2.92923e-05,-0.000249642,-0.000130087,0.000119731,-0.000887672,0,0,0,0,0,0,0,0,0,0,0,0,0,0,0,0,0,0,0,0,0,0,0,0,0,0,0,0,0,0,0,0,0,0,0,0,0,0,0,0,0,0,0,0,0,0,0,0,0,0,0,0,1,0,0,0,0,0,1.2055,-0.2689,2.3499,0,0,0,0,0,0,0,-0,0,1.47266,0,0,0,0,0,0,0,0,0,0,0,0,0,0,0,0,0,0,0,0,0,0,0,0,0,0,0,0,0,0,0,-0.3,0.3
7.05,0,0,0,0,-0,0,3.02784,2.00146,-2.35356,9.76405e-06,3.17332e-05,0.000216926,3.39104e-05,0.000182805,0.000938641,0,0,0,0,0,0,0,0,0,0,0,0,0,0,0,0,0,0,0,0,0,0,0,0,0,0,0,0,0,0,0,0,0,0,0,0,0,0,0,0,1.77512,1.22723,-0.00372603,-3.29539e-05,2.92923e-05,-0.000249642,-0.000130087,0.000119731,-0.000887672,0,0,0,0,0,0,0,0,0,0,0,0,0,0,0,0,0,0,0,0,0,0,0,0,0,0,0,0,0,0,0,0,0,0,0,0,0,0,0,0,0,0,0,0,0,0,0,0,0,0,0,0,1,0,0,0,0,0,1.2055,-0.2689,2.3499,0,0,0,0,0,0,0,-0,0,1.47266,0,0,0,0,0,0,0,0,0,0,0,0,0,0,0,0,0,0,0,0,0,0,0,0,0,0,0,0,0,0,0,-0.3,0.3
7.1,0,0,0,0,-0,0,3.02785,2.00145,-2.35359,3.41746e-05,-8.66571e-05,-0.00036711,0.000170533,-0.000415964,-0.00173802,0,0,0,0,0,0,0,0,0,0,0,0,0,0,0,0,0,0,0,0,0,0,0,0,0,0,0,0,0,0,0,0,0,0,0,0,0,0,0,0,1.77512,1.22722,-0.0037005,-1.22052e-05,-7.44519e-05,0.000255266,-5.85728e-05,-0.000335128,0.00121475,0,0,0,0,0,0,0,0,0,0,0,0,0,0,0,0,0,0,0,0,0,0,0,0,0,0,0,0,0,0,0,0,0,0,0,0,0,0,0,0,0,0,0,0,0,0,0,0,0,0,0,0,1,0,0,0,0,0,1.2055,-0.2689,2.3499,0,0,0,0,0,0,0,-0,0,1.47266,0,0,0,0,0,0,0,0,0,0,0,0,0,0,0,0,0,0,0,0,0,0,0,0,0,0,0,0,0,0,0,-0.3,0.3
7.15,0,0,0,0,-0,0,3.02785,2.00145,-2.35359,3.41746e-05,-8.66571e-05,-0.00036711,0.000170533,-0.000415964,-0.00173802,0,0,0,0,0,0,0,0,0,0,0,0,0,0,0,0,0,0,0,0,0,0,0,0,0,0,0,0,0,0,0,0,0,0,0,0,0,0,0,0,1.77512,1.22722,-0.0037005,-1.22052e-05,-7.44519e-05,0.000255266,-5.85728e-05,-0.000335128,0.00121475,0,0,0,0,0,0,0,0,0,0,0,0,0,0,0,0,0,0,0,0,0,0,0,0,0,0,0,0,0,0,0,0,0,0,0,0,0,0,0,0,0,0,0,0,0,0,0,0,0,0,0,0,1,0,0,0,0,0,1.2055,-0.2689,2.3499,0,0,0,0,0,0,0,-0,0,1.47266,0,0,0,0,0,0,0,0,0,0,0,0,0,0,0,0,0,0,0,0,0,0,0,0,0,0,0,0,0,0,0,-0.3,0.3
7.2,0,0,0,0,-0,0,3.02784,2.00145,-2.35359,-6.34982e-05,5.98349e-05,6.678e-05,-0.000269395,0.000254589,0.000328104,0,0,0,0,0,0,0,0,0,0,0,0,0,0,0,0,0,0,0,0,0,0,0,0,0,0,0,0,0,0,0,0,0,0,0,0,0,0,0,0,1.77512,1.22723,-0.00366598,-3.41913e-05,6.2277e-05,0.0003453,-0.000113332,0.000283582,0.00137343,0,0,0,0,0,0,0,0,0,0,0,0,0,0,0,0,0,0,0,0,0,0,0,0,0,0,0,0,0,0,0,0,0,0,0,0,0,0,0,0,0,0,0,0,0,0,0,0,0,0,0,0,1,0,0,0,0,0,1.2055,-0.2689,2.3499,0,0,0,0,0,0,0,-0,0,1.47266,0,0,0,0,0,0,0,0,0,0,0,0,0,0,0,0,0,0,0,0,0,0,0,0,0,0,0,0,0,0,0,-0.3,0.3
7.25,0,0,0,0,-0,0,3.02784,2.00145,-2.35359,-6.34982e-05,5.98349e-05,6.678e-05,-0.000269395,0.000254589,0.000328104,0,0,0,0,0,0,0,0,0,0,0,0,0,0,0,0,0,0,0,0,0,0,0,0,0,0,0,0,0,0,0,0,0,0,0,0,0,0,0,0,1.77512,1.22723,-0.00366598,-3.41913e-05,6.2277e-05,0.0003453,-0.000113332,0.000283582,0.00137343,0,0,0,0,0,0,0,0,0,0,0,0,0,0,0,0,0,0,0,0,0,0,0,0,0,0,0,0,0,0,0,0,0,0,0,0,0,0,0,0,0,0,0,0,0,0,0,0,0,0,0,0,1,0,0,0,0,0,1.2055,-0.2689,2.3499,0,0,0,0,0,0,0,-0,0,1.47266,0,0,0,0,0,0,0,0,0,0,0,0,0,0,0,0,0,0,0,0,0,0,0,0,0,0,0,0,0,0,0,-0.3,0.3
7.3,0,0,0,0,-0,0,3.02785,2.00145,-2.35358,7.32275e-05,-4.39365e-05,9.05809e-05,0.000324976,-0.000170982,0.000571776,0,0,0,0,0,0,0,0,0,0,0,0,0,0,0,0,0,0,0,0,0,0,0,0,0,0,0,0,0,0,0,0,0,0,0,0,0,0,0,0,1.77512,1.22723,-0.00371894,2.56297e-05,-5.12593e-05,-0.000529512,0.000163535,-0.000199606,-0.00264908,0,0,0,0,0,0,0,0,0,0,0,0,0,0,0,0,0,0,0,0,0,0,0,0,0,0,0,0,0,0,0,0,0,0,0,0,0,0,0,0,0,0,0,0,0,0,0,0,0,0,0,0,1,0,0,0,0,0,1.2055,-0.2689,2.3499,0,0,0,0,0,0,0,-0,0,1.47267,0,0,0,0,0,0,0,0,0,0,0,0,0,0,0,0,0,0,0,0,0,0,0,0,0,0,0,0,0,0,0,-0.3,0.3
7.35,0,0,0,0,-0,0,3.02785,2.00145,-2.35358,7.32275e-05,-4.39365e-05,9.05809e-05,0.000324976,-0.000170982,0.000571776,0,0,0,0,0,0,0,0,0,0,0,0,0,0,0,0,0,0,0,0,0,0,0,0,0,0,0,0,0,0,0,0,0,0,0,0,0,0,0,0,1.77512,1.22723,-0.00371894,2.56297e-05,-5.12593e-05,-0.000529512,0.000163535,-0.000199606,-0.00264908,0,0,0,0,0,0,0,0,0,0,0,0,0,0,0,0,0,0,0,0,0,0,0,0,0,0,0,0,0,0,0,0,0,0,0,0,0,0,0,0,0,0,0,0,0,0,0,0,0,0,0,0,1,0,0,0,0,0,1.2055,-0.2689,2.3499,0,0,0,0,0,0,0,-0,0,1.47267,0,0,0,0,0,0,0,0,0,0,0,0,0,0,0,0,0,0,0,0,0,0,0,0,0,0,0,0,0,0,0,-0.3,0.3
7.4,0,0,0,0,-0,0,3.02785,2.00145,-2.35358,7.32275e-05,-4.39365e-05,9.05809e-05,0.000324976,-0.000170982,0.000571776,0,0,0,0,0,0,0,0,0,0,0,0,0,0,0,0,0,0,0,0,0,0,0,0,0,0,0,0,0,0,0,0,0,0,0,0,0,0,0,0,1.77512,1.22723,-0.00371894,2.56297e-05,-5.12593e-05,-0.000529512,0.000163535,-0.000199606,-0.00264908,0,0,0,0,0,0,0,0,0,0,0,0,0,0,0,0,0,0,0,0,0,0,0,0,0,0,0,0,0,0,0,0,0,0,0,0,0,0,0,0,0,0,0,0,0,0,0,0,0,0,0,0,1,0,0,0,0,0,1.2055,-0.2689,2.3499,0,0,0,0,0,0,0,-0,0,1.47267,0,0,0,0,0,0,0,0,0,0,0,0,0,0,0,0,0,0,0,0,0,0,0,0,0,0,0,0,0,0,0,-0.3,0.3
7.6,0,0,0,0,-0,0,3.02785,2.00145,-2.35358,7.32275e-05,-4.39365e-05,9.05809e-05,0.000324976,-0.000170982,0.000571776,0,0,0,0,0,0,0,0,0,0,0,0,0,0,0,0,0,0,0,0,0,0,0,0,0,0,0,0,0,0,0,0,0,0,0,0,0,0,0,0,1.77512,1.22723,-0.00371894,2.56297e-05,-5.12593e-05,-0.000529512,0.000163535,-0.000199606,-0.00264908,0,0,0,0,0,0,0,0,0,0,0,0,0,0,0,0,0,0,0,0,0,0,0,0,0,0,0,0,0,0,0,0,0,0,0,0,0,0,0,0,0,0,0,0,0,0,0,0,0,0,0,0,1,0,0,0,0,0,1.2055,-0.2689,2.3499,0,0,0,0,0,0,0,-0,0,1.47267,0,0,0,0,0,0,0,0,0,0,0,0,0,0,0,0,0,0,0,0,0,0,0,0,0,0,0,0,0,0,0,-0.3,0.3
7.6,0,0,0,0,-0,0,3.02785,2.00145,-2.35358,7.32275e-05,-4.39365e-05,9.05809e-05,0.000324976,-0.000170982,0.000571776,0,0,0,0,0,0,0,0,0,0,0,0,0,0,0,0,0,0,0,0,0,0,0,0,0,0,0,0,0,0,0,0,0,0,0,0,0,0,0,0,1.77512,1.22723,-0.00371894,2.56297e-05,-5.12593e-05,-0.000529512,0.000163535,-0.000199606,-0.00264908,0,0,0,0,0,0,0,0,0,0,0,0,0,0,0,0,0,0,0,0,0,0,0,0,0,0,0,0,0,0,0,0,0,0,0,0,0,0,0,0,0,0,0,0,0,0,0,0,0,0,0,0,1,0,0,0,0,0,1.2055,-0.2689,2.3499,0,0,0,0,0,0,0,-0,0,1.47267,0,0,0,0,0,0,0,0,0,0,0,0,0,0,0,0,0,0,0,0,0,0,0,0,0,0,0,0,0,0,0,-0.3,0.3
7.65,0,0,0,0,-0,0,3.02785,2.00145,-2.35358,7.32275e-05,-4.39365e-05,9.05809e-05,0.000324976,-0.000170982,0.000571776,0,0,0,0,0,0,0,0,0,0,0,0,0,0,0,0,0,0,0,0,0,0,0,0,0,0,0,0,0,0,0,0,0,0,0,0,0,0,0,0,1.77512,1.22723,-0.00371894,2.56297e-05,-5.12593e-05,-0.000529512,0.000163535,-0.000199606,-0.00264908,0,0,0,0,0,0,0,0,0,0,0,0,0,0,0,0,0,0,0,0,0,0,0,0,0,0,0,0,0,0,0,0,0,0,0,0,0,0,0,0,0,0,0,0,0,0,0,0,0,0,0,0,1,0,0,0,0,0,1.2055,-0.2689,2.3499,0,0,0,0,0,0,0,-0,0,1.47267,0,0,0,0,0,0,0,0,0,0,0,0,0,0,0,0,0,0,0,0,0,0,0,0,0,0,0,0,0,0,0,-0.3,0.3
7.7,0,0,0,0,-0,0,3.02785,2.00145,-2.35358,7.32275e-05,-4.39365e-05,9.05809e-05,0.000324976,-0.000170982,0.000571776,0,0,0,0,0,0,0,0,0,0,0,0,0,0,0,0,0,0,0,0,0,0,0,0,0,0,0,0,0,0,0,0,0,0,0,0,0,0,0,0,1.77512,1.22723,-0.00371894,2.56297e-05,-5.12593e-05,-0.000529512,0.000163535,-0.000199606,-0.00264908,0,0,0,0,0,0,0,0,0,0,0,0,0,0,0,0,0,0,0,0,0,0,0,0,0,0,0,0,0,0,0,0,0,0,0,0,0,0,0,0,0,0,0,0,0,0,0,0,0,0,0,0,1,0,0,0,0,0,1.2055,-0.2689,2.3499,0,0,0,0,0,0,0,-0,0,1.47267,0,0,0,0,0,0,0,0,0,0,0,0,0,0,0,0,0,0,0,0,0,0,0,0,0,0,0,0,0,0,0,-0.3,0.3
7.75,0,0,0,0,-0,0,3.02785,2.00145,-2.35358,7.32275e-05,-4.39365e-05,9.05809e-05,0.000324976,-0.000170982,0.000571776,0,0,0,0,0,0,0,0,0,0,0,0,0,0,0,0,0,0,0,0,0,0,0,0,0,0,0,0,0,0,0,0,0,0,0,0,0,0,0,0,1.77512,1.22723,-0.00371894,2.56297e-05,-5.12593e-05,-0.000529512,0.000163535,-0.000199606,-0.00264908,0,0,0,0,0,0,0,0,0,0,0,0,0,0,0,0,0,0,0,0,0,0,0,0,0,0,0,0,0,0,0,0,0,0,0,0,0,0,0,0,0,0,0,0,0,0,0,0,0,0,0,0,1,0,0,0,0,0,1.2055,-0.2689,2.3499,0,0,0,0,0,0,0,-0,0,1.47267,0,0,0,0,0,0,0,0,0,0,0,0,0,0,0,0,0,0,0,0,0,0,0,0,0,0,0,0,0,0,0,-0.3,0.3
7.8,0,0,0,0,-0,0,3.02785,2.00145,-2.35358,7.32275e-05,-4.39365e-05,9.05809e-05,0.000324976,-0.000170982,0.000571776,0,0,0,0,0,0,0,0,0,0,0,0,0,0,0,0,0,0,0,0,0,0,0,0,0,0,0,0,0,0,0,0,0,0,0,0,0,0,0,0,1.77512,1.22723,-0.00371894,2.56297e-05,-5.12593e-05,-0.000529512,0.000163535,-0.000199606,-0.00264908,0,0,0,0,0,0,0,0,0,0,0,0,0,0,0,0,0,0,0,0,0,0,0,0,0,0,0,0,0,0,0,0,0,0,0,0,0,0,0,0,0,0,0,0,0,0,0,0,0,0,0,0,1,0,0,0,0,0,1.2055,-0.2689,2.3499,0,0,0,0,0,0,0,-0,0,1.47267,0,0,0,0,0,0,0,0,0,0,0,0,0,0,0,0,0,0,0,0,0,0,0,0,0,0,0,0,0,0,0,-0.3,0.3
7.85,0,0,0,0,-0,0,3.02784,2.00146,-2.35357,-3.90757e-05,9.28047e-05,4.29298e-05,-0.000173188,0.000386119,0.000185825,0,0,0,0,0,0,0,0,0,0,0,0,0,0,0,0,0,0,0,0,0,0,0,0,0,0,0,0,0,0,0,0,0,0,0,0,0,0,0,0,1.77511,1.22724,-0.00373036,-8.05934e-05,0.000122111,-0.000114286,-0.000288763,0.000507494,-0.000475634,0,0,0,0,0,0,0,0,0,0,0,0,0,0,0,0,0,0,0,0,0,0,0,0,0,0,0,0,0,0,0,0,0,0,0,0,0,0,0,0,0,0,0,0,0,0,0,0,0,0,0,0,1,0,0,0,0,0,1.2055,-0.269,2.3498,0,0,0,0,0,0,0,-0,0,1.47267,0,0,0,0,0,0,0,0,0,0,0,0,0,0,0,0,0,0,0,0,0,0,0,0,0,0,0,0,0,0,0,-0.3,0.3
7.9,0,0,0,0,-0,0,3.02784,2.00145,-2.35358,-4.88378e-06,-9.035e-05,-8.58478e-05,-3.48222e-05,-0.000424494,-0.000455149,0,0,0,0,0,0,0,0,0,0,0,0,0,0,0,0,0,0,0,0,0,0,0,0,0,0,0,0,0,0,0,0,0,0,0,0,0,0,0,0,1.77512,1.22723,-0.00373984,4.6396e-05,-0.000123316,-9.47413e-05,0.000272731,-0.000580104,8.64788e-05,0,0,0,0,0,0,0,0,0,0,0,0,0,0,0,0,0,0,0,0,0,0,0,0,0,0,0,0,0,0,0,0,0,0,0,0,0,0,0,0,0,0,0,0,0,0,0,0,0,0,0,0,1,0,0,0,0,0,1.2055,-0.269,2.3498,0,0,0,0,0,0,0,-0,0,1.47267,0,0,0,0,0,0,0,0,0,0,0,0,0,0,0,0,0,0,0,0,0,0,0,0,0,0,0,0,0,0,0,-0.3,0.3
7.95,0,0,0,0,-0,0,3.02785,2.00145,-2.35359,3.41829e-05,3.90662e-05,-2.38441e-05,0.000153925,0.000152429,-0.000112369,0,0,0,0,0,0,0,0,0,0,0,0,0,0,0,0,0,0,0,0,0,0,0,0,0,0,0,0,0,0,0,0,0,0,0,0,0,0,0,0,1.77512,1.22723,-0.00371162,5.12744e-05,3.05204e-05,0.000282178,0.000259304,0.000119051,0.00163411,0,0,0,0,0,0,0,0,0,0,0,0,0,0,0,0,0,0,0,0,0,0,0,0,0,0,0,0,0,0,0,0,0,0,0,0,0,0,0,0,0,0,0,0,0,0,0,0,0,0,0,0,1,0,0,0,0,0,1.2055,-0.269,2.3498,0,0,0,0,0,0,0,-0,0,1.47266,0,0,0,0,0,0,0,0,0,0,0,0,0,0,0,0,0,0,0,0,0,0,0,0,0,0,0,0,0,0,0,-0.3,0.3
8,0,0,0,0,-0,0,3.02784,2.00146,-2.35357,-3.90585e-05,3.41762e-05,0.000121581,-0.000174681,0.000150093,0.000560025,0,0,0,0,0,0,0,0,0,0,0,0,0,0,0,0,0,0,0,0,0,0,0,0,0,0,0,0,0,0,0,0,0,0,0,0,0,0,0,0,1.77513,1.22723,-0.00370802,3.29556e-05,9.76463e-06,3.59733e-05,8.06872e-05,8.32003e-05,0.000206949,0,0,0,0,0,0,0,0,0,0,0,0,0,0,0,0,0,0,0,0,0,0,0,0,0,0,0,0,0,0,0,0,0,0,0,0,0,0,0,0,0,0,0,0,0,0,0,0,0,0,0,0,1,0,0,0,0,0,1.2055,-0.269,2.3498,0,0,0,0,0,0,0,-0,0,1.47266,0,0,0,0,0,0,0,0,0,0,0,0,0,0,0,0,0,0,0,0,0,0,0,0,0,0,0,0,0,0,0,-0.3,0.3
8.05,0,0,0,0,-0,0,3.02785,2.00146,-2.35358,3.90655e-05,-1.2208e-05,-0.000102528,0.000162819,-9.55501e-05,-0.000468267,0,0,0,0,0,0,0,0,0,0,0,0,0,0,0,0,0,0,0,0,0,0,0,0,0,0,0,0,0,0,0,0,0,0,0,0,0,0,0,0,1.77512,1.22723,-0.00371881,-4.27279e-05,4.39487e-05,-0.000107837,-0.000278155,0.000181689,-0.000643552,0,0,0,0,0,0,0,0,0,0,0,0,0,0,0,0,0,0,0,0,0,0,0,0,0,0,0,0,0,0,0,0,0,0,0,0,0,0,0,0,0,0,0,0,0,0,0,0,0,0,0,0,1,0,0,0,0,0,1.2055,-0.2689,2.3498,0,0,0,0,0,0,0,-0,0,1.47266,0,0,0,0,0,0,0,0,0,0,0,0,0,0,0,0,0,0,0,0,0,0,0,0,0,0,0,0,0,0,0,-0.3,0.3
8.1,0,0,0,0,-0,0,3.02784,2.00146,-2.35358,-3.41922e-05,7.57113e-05,6.43966e-05,-0.000149265,0.000260667,0.000246621,0,0,0,0,0,0,0,0,0,0,0,0,0,0,0,0,0,0,0,0,0,0,0,0,0,0,0,0,0,0,0,0,0,0,0,0,0,0,0,0,1.77512,1.22723,-0.00372291,-6.10576e-06,-7.32692e-05,-4.10492e-05,-6.92596e-05,-0.000345922,-0.000234675,0,0,0,0,0,0,0,0,0,0,0,0,0,0,0,0,0,0,0,0,0,0,0,0,0,0,0,0,0,0,0,0,0,0,0,0,0,0,0,0,0,0,0,0,0,0,0,0,0,0,0,0,1,0,0,0,0,0,1.2055,-0.2689,2.3498,0,0,0,0,0,0,0,-0,0,1.47267,0,0,0,0,0,0,0,0,0,0,0,0,0,0,0,0,0,0,0,0,0,0,0,0,0,0,0,0,0,0,0,-0.3,0.3
8.15,0,0,0,0,-0,0,3.02784,2.00146,-2.35357,0,-4.63858e-05,6.19877e-05,4.712e-06,-0.000283116,0.000235384,0,0,0,0,0,0,0,0,0,0,0,0,0,0,0,0,0,0,0,0,0,0,0,0,0,0,0,0,0,0,0,0,0,0,0,0,0,0,0,0,1.77512,1.22723,-0.0037226,4.88272e-06,8.54476e-06,3.07563e-06,3.05904e-05,4.77024e-05,9.07059e-05,0,0,0,0,0,0,0,0,0,0,0,0,0,0,0,0,0,0,0,0,0,0,0,0,0,0,0,0,0,0,0,0,0,0,0,0,0,0,0,0,0,0,0,0,0,0,0,0,0,0,0,0,1,0,0,0,0,0,1.2055,-0.2689,2.3498,0,0,0,0,0,0,0,-0,0,1.47267,0,0,0,0,0,0,0,0,0,0,0,0,0,0,0,0,0,0,0,0,0,0,0,0,0,0,0,0,0,0,0,-0.3,0.3
8.2,0,0,0,0,-0,0,3.02784,2.00147,-2.35359,1.70914e-05,8.30154e-05,-0.000145449,9.19747e-05,0.000273436,-0.00068909,0,0,0,0,0,0,0,0,0,0,0,0,0,0,0,0,0,0,0,0,0,0,0,0,0,0,0,0,0,0,0,0,0,0,0,0,0,0,0,0,1.77512,1.22724,-0.00371482,-2.07538e-05,8.78984e-05,7.78259e-05,-7.05493e-05,0.000399014,0.000397206,0,0,0,0,0,0,0,0,0,0,0,0,0,0,0,0,0,0,0,0,0,0,0,0,0,0,0,0,0,0,0,0,0,0,0,0,0,0,0,0,0,0,0,0,0,0,0,0,0,0,0,0,1,0,0,0,0,0,1.2055,-0.2689,2.3498,0,0,0,0,0,0,0,-0,0,1.47267,0,0,0,0,0,0,0,0,0,0,0,0,0,0,0,0,0,0,0,0,0,0,0,0,0,0,0,0,0,0,0,-0.3,0.3
8.25,0,0,0,0,-0,0,3.02784,2.00147,-2.35359,1.70914e-05,8.30154e-05,-0.000145449,9.19747e-05,0.000273436,-0.00068909,0,0,0,0,0,0,0,0,0,0,0,0,0,0,0,0,0,0,0,0,0,0,0,0,0,0,0,0,0,0,0,0,0,0,0,0,0,0,0,0,1.77512,1.22724,-0.00371482,-2.07538e-05,8.78984e-05,7.78259e-05,-7.05493e-05,0.000399014,0.000397206,0,0,0,0,0,0,0,0,0,0,0,0,0,0,0,0,0,0,0,0,0,0,0,0,0,0,0,0,0,0,0,0,0,0,0,0,0,0,0,0,0,0,0,0,0,0,0,0,0,0,0,0,1,0,0,0,0,0,1.1824,-0.292,2.3267,0,0,0,0,0,0,0,-0,0,1.47267,0,0,0,0,0,0,0,0,0,0,0,0,0,0,0,0,0,0,0,0,0,0,0,0,0,0,0,0,0,0,0,-0.3,0.3
8.3,0,0,0,0,-0,0,3.02785,2.00145,-2.35358,1.70882e-05,-0.000129382,7.15185e-05,6.70292e-05,-0.00060916,0.000328021,0,0,0,0,0,0,0,0,0,0,0,0,0,0,0,0,0,0,0,0,0,0,0,0,0,0,0,0,0,0,0,0,0,0,0,0,0,0,0,0,1.77512,1.22723,-0.00371327,-2.44117e-06,-3.78381e-05,1.54817e-05,1.71195e-05,-0.000215269,3.08822e-05,0,0,0,0,0,0,0,0,0,0,0,0,0,0,0,0,0,0,0,0,0,0,0,0,0,0,0,0,0,0,0,0,0,0,0,0,0,0,0,0,0,0,0,0,0,0,0,0,0,0,0,0,1,0,0,0,0,0,1.1824,-0.292,2.3267,0,0,0,0,0,0,0,-0,0,1.47267,0,0,0,0,0,0,0,0,0,0,0,0,0,0,0,0,0,0,0,0,0,0,0,0,0,0,0,0,0,0,0,-0.3,0.3
8.35,0,0,0,0,-0,0,3.02785,2.00145,-2.35358,1.70882e-05,-0.000129382,7.15185e-05,6.70292e-05,-0.00060916,0.000328021,0,0,0,0,0,0,0,0,0,0,0,0,0,0,0,0,0,0,0,0,0,0,0,0,0,0,0,0,0,0,0,0,0,0,0,0,0,0,0,0,1.77512,1.22723,-0.00371327,-2.44117e-06,-3.78381e-05,1.54817e-05,1.71195e-05,-0.000215269,3.08822e-05,0,0,0,0,0,0,0,0,0,0,0,0,0,0,0,0,0,0,0,0,0,0,0,0,0,0,0,0,0,0,0,0,0,0,0,0,0,0,0,0,0,0,0,0,0,0,0,0,0,0,0,0,1,0,0,0,0,0,1.1824,-0.292,2.3267,0,0,0,0,0,0,0,-0,0,1.47267,0,0,0,0,0,0,0,0,0,0,0,0,0,0,0,0,0,0,0,0,0,0,0,0,0,0,0,0,0,0,0,-0.3,0.3
8.4,0,0,0,0,-0,0,3.02784,2.00145,-2.35358,-4.63853e-05,7.324e-06,-3.81458e-05,-0.000216763,6.1084e-05,-0.000103606,0,0,0,0,0,0,0,0,0,0,0,0,0,0,0,0,0,0,0,0,0,0,0,0,0,0,0,0,0,0,0,0,0,0,0,0,0,0,0,0,1.77513,1.22723,-0.00362663,9.76532e-05,-6.10333e-06,0.000866413,0.000422101,-8.55748e-05,0.00336909,0,0,0,0,0,0,0,0,0,0,0,0,0,0,0,0,0,0,0,0,0,0,0,0,0,0,0,0,0,0,0,0,0,0,0,0,0,0,0,0,0,0,0,0,0,0,0,0,0,0,0,0,1,0,0,0,0,0,1.1824,-0.292,2.3267,0,0,0,0,0,0,0,-0,0,1.47265,0,0,0,0,0,0,0,0,0,0,0,0,0,0,0,0,0,0,0,0,0,0,0,0,0,0,0,0,0,0,0,-0.3,0.3
8.45,0,0,0,0,-0,0,3.02784,2.00145,-2.35358,-4.63853e-05,7.324e-06,-3.81458e-05,-0.000216763,6.1084e-05,-0.000103606,0,0,0,0,0,0,0,0,0,0,0,0,0,0,0,0,0,0,0,0,0,0,0,0,0,0,0,0,0,0,0,0,0,0,0,0,0,0,0,0,1.77513,1.22723,-0.00362663,9.76532e-05,-6.10333e-06,0.000866413,0.000422101,-8.55748e-05,0.00336909,0,0,0,0,0,0,0,0,0,0,0,0,0,0,0,0,0,0,0,0,0,0,0,0,0,0,0,0,0,0,0,0,0,0,0,0,0,0,0,0,0,0,0,0,0,0,0,0,0,0,0,0,1,0,0,0,0,0,1.2704,-0.204,2.4148,0,0,0,0,0,0,0,-0,0,1.47265,0,0,0,0,0,0,0,0,0,0,0,0,0,0,0,0,0,0,0,0,0,0,0,0,0,0,0,0,0,0,0,-0.3,0.3
8.5,0,0,0,0,-0,0,3.02785,2.00145,-2.35357,6.10231e-05,-6.46845e-05,0.000143023,0.000260641,-0.000160373,0.000603314,0,0,0,0,0,0,0,0,0,0,0,0,0,0,0,0,0,0,0,0,0,0,0,0,0,0,0,0,0,0,0,0,0,0,0,0,0,0,0,0,1.77512,1.22723,-0.00373373,-0.000100078,-3.4173e-05,-0.00107084,-0.000481868,-0.000145993,-0.0052664,0,0,0,0,0,0,0,0,0,0,0,0,0,0,0,0,0,0,0,0,0,0,0,0,0,0,0,0,0,0,0,0,0,0,0,0,0,0,0,0,0,0,0,0,0,0,0,0,0,0,0,0,1,0,0,0,0,0,1.2704,-0.204,2.4148,0,0,0,0,0,0,0,-0,0,1.47267,0,0,0,0,0,0,0,0,0,0,0,0,0,0,0,0,0,0,0,0,0,0,0,0,0,0,0,0,0,0,0,-0.3,0.3
8.55,0,0,0,0,-0,0,3.02785,2.00145,-2.35357,6.10231e-05,-6.46845e-05,0.000143023,0.000260641,-0.000160373,0.000603314,0,0,0,0,0,0,0,0,0,0,0,0,0,0,0,0,0,0,0,0,0,0,0,0,0,0,0,0,0,0,0,0,0,0,0,0,0,0,0,0,1.77512,1.22723,-0.00373373,-0.000100078,-3.4173e-05,-0.00107084,-0.000481868,-0.000145993,-0.0052664,0,0,0,0,0,0,0,0,0,0,0,0,0,0,0,0,0,0,0,0,0,0,0,0,0,0,0,0,0,0,0,0,0,0,0,0,0,0,0,0,0,0,0,0,0,0,0,0,0,0,0,0,1,0,0,0,0,0,1.2704,-0.204,2.4148,0,0,0,0,0,0,0,-0,0,1.47267,0,0,0,0,0,0,0,0,0,0,0,0,0,0,0,0,0,0,0,0,0,0,0,0,0,0,0,0,0,0,0,-0.3,0.3
8.6,0,0,0,0,-0,0,3.02785,2.00145,-2.35357,6.10231e-05,-6.46845e-05,0.000143023,0.000260641,-0.000160373,0.000603314,0,0,0,0,0,0,0,0,0,0,0,0,0,0,0,0,0,0,0,0,0,0,0,0,0,0,0,0,0,0,0,0,0,0,0,0,0,0,0,0,1.77512,1.22723,-0.00373373,-0.000100078,-3.4173e-05,-0.00107084,-0.000481868,-0.000145993,-0.0052664,0,0,0,0,0,0,0,0,0,0,0,0,0,0,0,0,0,0,0,0,0,0,0,0,0,0,0,0,0,0,0,0,0,0,0,0,0,0,0,0,0,0,0,0,0,0,0,0,0,0,0,0,1,0,0,0,0,0,1.2704,-0.204,2.4148,0,0,0,0,0,0,0,-0,0,1.47267,0,0,0,0,0,0,0,0,0,0,0,0,0,0,0,0,0,0,0,0,0,0,0,0,0,0,0,0,0,0,0,-0.3,0.3
8.65,0,0,0,0,-0,0,3.02785,2.00146,-2.35359,-1.46576e-05,7.93954e-05,-0.000236182,-8.1325e-05,0.000449461,-0.00105728,0,0,0,0,0,0,0,0,0,0,0,0,0,0,0,0,0,0,0,0,0,0,0,0,0,0,0,0,0,0,0,0,0,0,0,0,0,0,0,0,1.77512,1.22723,-0.00373025,1.34362e-05,-4.88589e-06,3.48534e-05,4.19551e-05,2.12105e-05,8.78339e-05,0,0,0,0,0,0,0,0,0,0,0,0,0,0,0,0,0,0,0,0,0,0,0,0,0,0,0,0,0,0,0,0,0,0,0,0,0,0,0,0,0,0,0,0,0,0,0,0,0,0,0,0,1,0,0,0,0,0,1.2868,-0.1877,2.4311,0,0,0,0,0,0,0,-0,0,1.47267,0,0,0,0,0,0,0,0,0,0,0,0,0,0,0,0,0,0,0,0,0,0,0,0,0,0,0,0,0,0,0,-0.3,0.3
8.7,0,0,0,0,-0,0,3.02784,2.00146,-2.35356,-2.44135e-05,-7.32405e-06,0.000281327,-0.000134121,6.06108e-06,0.00120779,0,0,0,0,0,0,0,0,0,0,0,0,0,0,0,0,0,0,0,0,0,0,0,0,0,0,0,0,0,0,0,0,0,0,0,0,0,0,0,0,1.77513,1.22722,-0.00369214,8.5447e-05,-4.02822e-05,0.000381092,0.000383844,-0.000106083,0.00216085,0,0,0,0,0,0,0,0,0,0,0,0,0,0,0,0,0,0,0,0,0,0,0,0,0,0,0,0,0,0,0,0,0,0,0,0,0,0,0,0,0,0,0,0,0,0,0,0,0,0,0,0,1,0,0,0,0,0,1.2868,-0.1877,2.4311,0,0,0,0,0,0,0,-0,0,1.47266,0,0,0,0,0,0,0,0,0,0,0,0,0,0,0,0,0,0,0,0,0,0,0,0,0,0,0,0,0,0,0,-0.3,0.3
8.75,0,0,0,0,-0,0,3.02784,2.00146,-2.35356,-2.44135e-05,-7.32405e-06,0.000281327,-0.000134121,6.06108e-06,0.00120779,0,0,0,0,0,0,0,0,0,0,0,0,0,0,0,0,0,0,0,0,0,0,0,0,0,0,0,0,0,0,0,0,0,0,0,0,0,0,0,0,1.77513,1.22722,-0.00369214,8.5447e-05,-4.02822e-05,0.000381092,0.000383844,-0.000106083,0.00216085,0,0,0,0,0,0,0,0,0,0,0,0,0,0,0,0,0,0,0,0,0,0,0,0,0,0,0,0,0,0,0,0,0,0,0,0,0,0,0,0,0,0,0,0,0,0,0,0,0,0,0,0,1,0,0,0,0,0,1.2868,-0.1877,2.4311,0,0,0,0,0,0,0,-0,0,1.47266,0,0,0,0,0,0,0,0,0,0,0,0,0,0,0,0,0,0,0,0,0,0,0,0,0,0,0,0,0,0,0,-0.3,0.3
8.8,0,0,0,0,-0,0,3.02784,2.00145,-2.35359,4.88182e-06,-1.70864e-05,-0.00023837,2.93901e-05,-9.54267e-05,-0.00104478,0,0,0,0,0,0,0,0,0,0,0,0,0,0,0,0,0,0,0,0,0,0,0,0,0,0,0,0,0,0,0,0,0,0,0,0,0,0,0,0,1.77512,1.22723,-0.00371689,-8.05499e-05,0.000112282,-0.000247441,-0.000386565,0.000528714,-0.000933478,0,0,0,0,0,0,0,0,0,0,0,0,0,0,0,0,0,0,0,0,0,0,0,0,0,0,0,0,0,0,0,0,0,0,0,0,0,0,0,0,0,0,0,0,0,0,0,0,0,0,0,0,1,0,0,0,0,0,1.2868,-0.1877,2.4311,0,0,0,0,0,0,0,-0,0,1.47266,0,0,0,0,0,0,0,0,0,0,0,0,0,0,0,0,0,0,0,0,0,0,0,0,0,0,0,0,0,0,0,-0.3,0.3
8.85,0,0,0,0,-0,0,3.02784,2.00145,-2.35359,4.88182e-06,-1.70864e-05,-0.00023837,2.93901e-05,-9.54267e-05,-0.00104478,0,0,0,0,0,0,0,0,0,0,0,0,0,0,0,0,0,0,0,0,0,0,0,0,0,0,0,0,0,0,0,0,0,0,0,0,0,0,0,0,1.77512,1.22723,-0.00371689,-8.05499e-05,0.000112282,-0.000247441,-0.000386565,0.000528714,-0.000933478,0,0,0,0,0,0,0,0,0,0,0,0,0,0,0,0,0,0,0,0,0,0,0,0,0,0,0,0,0,0,0,0,0,0,0,0,0,0,0,0,0,0,0,0,0,0,0,0,0,0,0,0,1,0,0,0,0,0,1.1906,-0.2839,2.3349,0,0,0,0,0,0,0,-0,0,1.47266,0,0,0,0,0,0,0,0,0,0,0,0,0,0,0,0,0,0,0,0,0,0,0,0,0,0,0,0,0,0,0,-0.3,0.3
8.9,0,0,0,0,-0,0,3.02784,2.00145,-2.35357,0,-4.64013e-05,0.000171715,2.02617e-05,-0.000188062,0.000706316,0,0,0,0,0,0,0,0,0,0,0,0,0,0,0,0,0,0,0,0,0,0,0,0,0,0,0,0,0,0,0,0,0,0,0,0,0,0,0,0,1.77514,1.22723,-0.00364078,0.000152636,-4.51803e-05,0.000761364,0.000595411,-0.00022588,0.00305171,0,0,0,0,0,0,0,0,0,0,0,0,0,0,0,0,0,0,0,0,0,0,0,0,0,0,0,0,0,0,0,0,0,0,0,0,0,0,0,0,0,0,0,0,0,0,0,0,0,0,0,0,1,0,0,0,0,0,1.1906,-0.2839,2.3349,0,0,0,0,0,0,0,-0,0,1.47265,0,0,0,0,0,0,0,0,0,0,0,0,0,0,0,0,0,0,0,0,0,0,0,0,0,0,0,0,0,0,0,-0.3,0.3
8.95,0,0,0,0,-0,0,3.02784,2.00145,-2.35357,0,-4.64013e-05,0.000171715,2.02617e-05,-0.000188062,0.000706316,0,0,0,0,0,0,0,0,0,0,0,0,0,0,0,0,0,0,0,0,0,0,0,0,0,0,0,0,0,0,0,0,0,0,0,0,0,0,0,0,1.77514,1.22723,-0.00364078,0.000152636,-4.51803e-05,0.000761364,0.000595411,-0.00022588,0.00305171,0,0,0,0,0,0,0,0,0,0,0,0,0,0,0,0,0,0,0,0,0,0,0,0,0,0,0,0,0,0,0,0,0,0,0,0,0,0,0,0,0,0,0,0,0,0,0,0,0,0,0,0,1,0,0,0,0,0,1.1906,-0.2839,2.3349,0,0,0,0,0,0,0,-0,0,1.47265,0,0,0,0,0,0,0,0,0,0,0,0,0,0,0,0,0,0,0,0,0,0,0,0,0,0,0,0,0,0,0,-0.3,0.3
9,0,0,0,0,-0,0,3.02784,2.00146,-2.35358,-2.44158e-06,0.000156261,-0.000100143,1.17394e-06,0.000684262,-0.000425018,0,0,0,0,0,0,0,0,0,0,0,0,0,0,0,0,0,0,0,0,0,0,0,0,0,0,0,0,0,0,0,0,0,0,0,0,0,0,0,0,1.77512,1.22723,-0.00366698,-0.000109871,2.19742e-05,-0.000262056,-0.00055836,3.05497e-05,-0.00171687,0,0,0,0,0,0,0,0,0,0,0,0,0,0,0,0,0,0,0,0,0,0,0,0,0,0,0,0,0,0,0,0,0,0,0,0,0,0,0,0,0,0,0,0,0,0,0,0,0,0,0,0,1,0,0,0,0,0,1.1906,-0.2839,2.3349,0,0,0,0,0,0,0,-0,0,1.47266,0,0,0,0,0,0,0,0,0,0,0,0,0,0,0,0,0,0,0,0,0,0,0,0,0,0,0,0,0,0,0,-0.3,0.3
9.05,0,0,0,0,-0,0,3.02784,2.00146,-2.35358,-2.44158e-06,0.000156261,-0.000100143,1.17394e-06,0.000684262,-0.000425018,0,0,0,0,0,0,0,0,0,0,0,0,0,0,0,0,0,0,0,0,0,0,0,0,0,0,0,0,0,0,0,0,0,0,0,0,0,0,0,0,1.77512,1.22723,-0.00366698,-0.000109871,2.19742e-05,-0.000262056,-0.00055836,3.05497e-05,-0.00171687,0,0,0,0,0,0,0,0,0,0,0,0,0,0,0,0,0,0,0,0,0,0,0,0,0,0,0,0,0,0,0,0,0,0,0,0,0,0,0,0,0,0,0,0,0,0,0,0,0,0,0,0,1,0,0,0,0,0,1.2447,-0.2297,2.3891,0,0,0,0,0,0,0,-0,0,1.47266,0,0,0,0,0,0,0,0,0,0,0,0,0,0,0,0,0,0,0,0,0,0,0,0,0,0,0,0,0,0,0,-0.3,0.3
9.1,0,0,0,0,-0,0,3.02784,2.00145,-2.35359,-6.59135e-05,-0.000181872,-0.000135889,-0.000255499,-0.000822179,-0.000551131,0,0,0,0,0,0,0,0,0,0,0,0,0,0,0,0,0,0,0,0,0,0,0,0,0,0,0,0,0,0,0,0,0,0,0,0,0,0,0,0,1.77512,1.22723,-0.00372401,-8.78841e-05,8.54429e-06,-0.000570246,-0.000403625,-6.01635e-07,-0.00290802,0,0,0,0,0,0,0,0,0,0,0,0,0,0,0,0,0,0,0,0,0,0,0,0,0,0,0,0,0,0,0,0,0,0,0,0,0,0,0,0,0,0,0,0,0,0,0,0,0,0,0,0,1,0,0,0,0,0,1.2447,-0.2297,2.3891,0,0,0,0,0,0,0,-0,0,1.47266,0,0,0,0,0,0,0,0,0,0,0,0,0,0,0,0,0,0,0,0,0,0,0,0,0,0,0,0,0,0,0,-0.3,0.3
9.15,0,0,0,0,-0,0,3.02784,2.00145,-2.35359,-6.59135e-05,-0.000181872,-0.000135889,-0.000255499,-0.000822179,-0.000551131,0,0,0,0,0,0,0,0,0,0,0,0,0,0,0,0,0,0,0,0,0,0,0,0,0,0,0,0,0,0,0,0,0,0,0,0,0,0,0,0,1.77512,1.22723,-0.00372401,-8.78841e-05,8.54429e-06,-0.000570246,-0.000403625,-6.01635e-07,-0.00290802,0,0,0,0,0,0,0,0,0,0,0,0,0,0,0,0,0,0,0,0,0,0,0,0,0,0,0,0,0,0,0,0,0,0,0,0,0,0,0,0,0,0,0,0,0,0,0,0,0,0,0,0,1,0,0,0,0,0,1.2447,-0.2297,2.3891,0,0,0,0,0,0,0,-0,0,1.47266,0,0,0,0,0,0,0,0,0,0,0,0,0,0,0,0,0,0,0,0,0,0,0,0,0,0,0,0,0,0,0,-0.3,0.3
9.2,0,0,0,0,-0,0,3.02785,2.00146,-2.3536,9.7674e-05,9.64531e-05,-2.14616e-05,0.000465515,0.000414602,0.000109282,0,0,0,0,0,0,0,0,0,0,0,0,0,0,0,0,0,0,0,0,0,0,0,0,0,0,0,0,0,0,0,0,0,0,0,0,0,0,0,0,1.77511,1.22723,-0.0037378,-1.95349e-05,-1.22093e-05,-0.000137882,5.17307e-05,-8.75062e-05,-0.000179486,0,0,0,0,0,0,0,0,0,0,0,0,0,0,0,0,0,0,0,0,0,0,0,0,0,0,0,0,0,0,0,0,0,0,0,0,0,0,0,0,0,0,0,0,0,0,0,0,0,0,0,0,1,0,0,0,0,0,1.2447,-0.2297,2.3891,0,0,0,0,0,0,0,-0,0,1.47267,0,0,0,0,0,0,0,0,0,0,0,0,0,0,0,0,0,0,0,0,0,0,0,0,0,0,0,0,0,0,0,-0.3,0.3
9.25,0,0,0,0,-0,0,3.02785,2.00146,-2.3536,9.7674e-05,9.64531e-05,-2.14616e-05,0.000465515,0.000414602,0.000109282,0,0,0,0,0,0,0,0,0,0,0,0,0,0,0,0,0,0,0,0,0,0,0,0,0,0,0,0,0,0,0,0,0,0,0,0,0,0,0,0,1.77511,1.22723,-0.0037378,-1.95349e-05,-1.22093e-05,-0.000137882,5.17307e-05,-8.75062e-05,-0.000179486,0,0,0,0,0,0,0,0,0,0,0,0,0,0,0,0,0,0,0,0,0,0,0,0,0,0,0,0,0,0,0,0,0,0,0,0,0,0,0,0,0,0,0,0,0,0,0,0,0,0,0,0,1,0,0,0,0,0,1.2116,-0.2628,2.356,0,0,0,0,0,0,0,-0,0,1.47267,0,0,0,0,0,0,0,0,0,0,0,0,0,0,0,0,0,0,0,0,0,0,0,0,0,0,0,0,0,0,0,-0.3,0.3
9.3,0,0,0,0,-0,0,3.02785,2.00146,-2.35359,-1.4649e-05,8.9115e-05,0.000104908,-7.16701e-05,0.000387051,0.000659923,0,0,0,0,0,0,0,0,0,0,0,0,0,0,0,0,0,0,0,0,0,0,0,0,0,0,0,0,0,0,0,0,0,0,0,0,0,0,0,0,1.77512,1.22723,-0.00372674,6.22587e-05,-1.46491e-05,0.000110555,0.000419499,-7.4059e-05,0.00125409,0,0,0,0,0,0,0,0,0,0,0,0,0,0,0,0,0,0,0,0,0,0,0,0,0,0,0,0,0,0,0,0,0,0,0,0,0,0,0,0,0,0,0,0,0,0,0,0,0,0,0,0,1,0,0,0,0,0,1.2116,-0.2628,2.356,0,0,0,0,0,0,0,-0,0,1.47267,0,0,0,0,0,0,0,0,0,0,0,0,0,0,0,0,0,0,0,0,0,0,0,0,0,0,0,0,0,0,0,-0.3,0.3
9.35,0,0,0,0,-0,0,3.02785,2.00146,-2.35359,-1.4649e-05,8.9115e-05,0.000104908,-7.16701e-05,0.000387051,0.000659923,0,0,0,0,0,0,0,0,0,0,0,0,0,0,0,0,0,0,0,0,0,0,0,0,0,0,0,0,0,0,0,0,0,0,0,0,0,0,0,0,1.77512,1.22723,-0.00372674,6.22587e-05,-1.46491e-05,0.000110555,0.000419499,-7.4059e-05,0.00125409,0,0,0,0,0,0,0,0,0,0,0,0,0,0,0,0,0,0,0,0,0,0,0,0,0,0,0,0,0,0,0,0,0,0,0,0,0,0,0,0,0,0,0,0,0,0,0,0,0,0,0,0,1,0,0,0,0,0,1.2116,-0.2628,2.356,0,0,0,0,0,0,0,-0,0,1.47267,0,0,0,0,0,0,0,0,0,0,0,0,0,0,0,0,0,0,0,0,0,0,0,0,0,0,0,0,0,0,0,-0.3,0.3
9.4,0,0,0,0,-0,0,3.02785,2.00146,-2.35359,1.46509e-05,-3.41855e-05,-5.72302e-05,1.31739e-06,-0.00026401,-0.000177068,0,0,0,0,0,0,0,0,0,0,0,0,0,0,0,0,0,0,0,0,0,0,0,0,0,0,0,0,0,0,0,0,0,0,0,0,0,0,0,0,1.77512,1.22723,-0.00370804,2.686e-05,1.70927e-05,0.000187025,0.000160229,8.41835e-05,0.00125265,0,0,0,0,0,0,0,0,0,0,0,0,0,0,0,0,0,0,0,0,0,0,0,0,0,0,0,0,0,0,0,0,0,0,0,0,0,0,0,0,0,0,0,0,0,0,0,0,0,0,0,0,1,0,0,0,0,0,1.2116,-0.2628,2.356,0,0,0,0,0,0,0,-0,0,1.47267,0,0,0,0,0,0,0,0,0,0,0,0,0,0,0,0,0,0,0,0,0,0,0,0,0,0,0,0,0,0,0,-0.3,0.3
9.45,0,0,0,0,-0,0,3.02785,2.00146,-2.35359,1.46509e-05,-3.41855e-05,-5.72302e-05,1.31739e-06,-0.00026401,-0.000177068,0,0,0,0,0,0,0,0,0,0,0,0,0,0,0,0,0,0,0,0,0,0,0,0,0,0,0,0,0,0,0,0,0,0,0,0,0,0,0,0,1.77512,1.22723,-0.00370804,2.686e-05,1.70927e-05,0.000187025,0.000160229,8.41835e-05,0.00125265,0,0,0,0,0,0,0,0,0,0,0,0,0,0,0,0,0,0,0,0,0,0,0,0,0,0,0,0,0,0,0,0,0,0,0,0,0,0,0,0,0,0,0,0,0,0,0,0,0,0,0,0,1,0,0,0,0,0,1.2054,-0.269,2.3498,0,0,0,0,0,0,0,-0,0,1.47267,0,0,0,0,0,0,0,0,0,0,0,0,0,0,0,0,0,0,0,0,0,0,0,0,0,0,0,0,0,0,0,-0.3,0.3
9.5,0,0,0,0,-0,0,3.02784,2.00145,-2.35357,-2.92841e-05,-0.000115916,0.000214483,-0.000164883,-0.000573252,0.000866137,0,0,0,0,0,0,0,0,0,0,0,0,0,0,0,0,0,0,0,0,0,0,0,0,0,0,0,0,0,0,0,0,0,0,0,0,0,0,0,0,1.77513,1.22723,-0.00369163,3.90454e-05,-2.80639e-05,0.00016399,0.000109827,-0.000108473,0.000659992,0,0,0,0,0,0,0,0,0,0,0,0,0,0,0,0,0,0,0,0,0,0,0,0,0,0,0,0,0,0,0,0,0,0,0,0,0,0,0,0,0,0,0,0,0,0,0,0,0,0,0,0,1,0,0,0,0,0,1.2054,-0.269,2.3498,0,0,0,0,0,0,0,-0,0,1.47266,0,0,0,0,0,0,0,0,0,0,0,0,0,0,0,0,0,0,0,0,0,0,0,0,0,0,0,0,0,0,0,-0.3,0.3
9.55,0,0,0,0,-0,0,3.02784,2.00145,-2.35357,-2.92841e-05,-0.000115916,0.000214483,-0.000164883,-0.000573252,0.000866137,0,0,0,0,0,0,0,0,0,0,0,0,0,0,0,0,0,0,0,0,0,0,0,0,0,0,0,0,0,0,0,0,0,0,0,0,0,0,0,0,1.77513,1.22723,-0.00369163,3.90454e-05,-2.80639e-05,0.00016399,0.000109827,-0.000108473,0.000659992,0,0,0,0,0,0,0,0,0,0,0,0,0,0,0,0,0,0,0,0,0,0,0,0,0,0,0,0,0,0,0,0,0,0,0,0,0,0,0,0,0,0,0,0,0,0,0,0,0,0,0,0,1,0,0,0,0,0,1.2054,-0.269,2.3498,0,0,0,0,0,0,0,-0,0,1.47266,0,0,0,0,0,0,0,0,0,0,0,0,0,0,0,0,0,0,0,0,0,0,0,0,0,0,0,0,0,0,0,-0.3,0.3
9.6,0,0,0,0,-0,0,3.02784,2.00146,-2.35358,-1.22144e-05,0.000106265,-0.000147909,-5.32457e-05,0.000501854,-0.000787034,0,0,0,0,0,0,0,0,0,0,0,0,0,0,0,0,0,0,0,0,0,0,0,0,0,0,0,0,0,0,0,0,0,0,0,0,0,0,0,0,1.77512,1.22723,-0.00372834,-7.93937e-05,7.32865e-06,-0.000367244,-0.000414166,5.0251e-05,-0.00180674,0,0,0,0,0,0,0,0,0,0,0,0,0,0,0,0,0,0,0,0,0,0,0,0,0,0,0,0,0,0,0,0,0,0,0,0,0,0,0,0,0,0,0,0,0,0,0,0,0,0,0,0,1,0,0,0,0,0,1.2054,-0.269,2.3498,0,0,0,0,0,0,0,-0,0,1.47267,0,0,0,0,0,0,0,0,0,0,0,0,0,0,0,0,0,0,0,0,0,0,0,0,0,0,0,0,0,0,0,-0.3,0.3
9.65,0,0,0,0,-0,0,3.02784,2.00146,-2.35358,-1.22144e-05,0.000106265,-0.000147909,-5.32457e-05,0.000501854,-0.000787034,0,0,0,0,0,0,0,0,0,0,0,0,0,0,0,0,0,0,0,0,0,0,0,0,0,0,0,0,0,0,0,0,0,0,0,0,0,0,0,0,1.77512,1.22723,-0.00372834,-7.93937e-05,7.32865e-06,-0.000367244,-0.000414166,5.0251e-05,-0.00180674,0,0,0,0,0,0,0,0,0,0,0,0,0,0,0,0,0,0,0,0,0,0,0,0,0,0,0,0,0,0,0,0,0,0,0,0,0,0,0,0,0,0,0,0,0,0,0,0,0,0,0,0,1,0,0,0,0,0,1.2055,-0.2689,2.3499,0,0,0,0,0,0,0,-0,0,1.47267,0,0,0,0,0,0,0,0,0,0,0,0,0,0,0,0,0,0,0,0,0,0,0,0,0,0,0,0,0,0,0,-0.3,0.3
9.7,0,0,0,0,-0,0,3.02784,2.00146,-2.35358,-1.22144e-05,0.000106265,-0.000147909,-5.32457e-05,0.000501854,-0.000787034,0,0,0,0,0,0,0,0,0,0,0,0,0,0,0,0,0,0,0,0,0,0,0,0,0,0,0,0,0,0,0,0,0,0,0,0,0,0,0,0,1.77512,1.22723,-0.00372834,-7.93937e-05,7.32865e-06,-0.000367244,-0.000414166,5.0251e-05,-0.00180674,0,0,0,0,0,0,0,0,0,0,0,0,0,0,0,0,0,0,0,0,0,0,0,0,0,0,0,0,0,0,0,0,0,0,0,0,0,0,0,0,0,0,0,0,0,0,0,0,0,0,0,0,1,0,0,0,0,0,1.2055,-0.2689,2.3499,0,0,0,0,0,0,0,-0,0,1.47267,0,0,0,0,0,0,0,0,0,0,0,0,0,0,0,0,0,0,0,0,0,0,0,0,0,0,0,0,0,0,0,-0.3,0.3
9.75,0,0,0,0,-0,0,3.02784,2.00147,-2.35356,1.22033e-05,7.44403e-05,0.000238346,8.06727e-05,0.00031984,0.000846927,0,0,0,0,0,0,0,0,0,0,0,0,0,0,0,0,0,0,0,0,0,0,0,0,0,0,0,0,0,0,0,0,0,0,0,0,0,0,0,0,1.77512,1.22723,-0.00370813,5.49149e-05,-3.41693e-05,0.000202007,0.000216944,-0.000114165,0.000855334,0,0,0,0,0,0,0,0,0,0,0,0,0,0,0,0,0,0,0,0,0,0,0,0,0,0,0,0,0,0,0,0,0,0,0,0,0,0,0,0,0,0,0,0,0,0,0,0,0,0,0,0,1,0,0,0,0,0,1.2055,-0.2689,2.3499,0,0,0,0,0,0,0,-0,0,1.47267,0,0,0,0,0,0,0,0,0,0,0,0,0,0,0,0,0,0,0,0,0,0,0,0,0,0,0,0,0,0,0,-0.3,0.3
9.8,0,0,0,0,-0,0,3.02784,2.00146,-2.35357,-1.70942e-05,-6.59347e-05,-5.24654e-05,-5.05007e-05,-0.000393615,-0.000432525,0,0,0,0,0,0,0,0,0,0,0,0,0,0,0,0,0,0,0,0,0,0,0,0,0,0,0,0,0,0,0,0,0,0,0,0,0,0,0,0,1.77512,1.22723,-0.00372072,-2.93042e-05,1.83151e-05,-0.000125905,-0.000120852,0.000118947,-0.000436386,0,0,0,0,0,0,0,0,0,0,0,0,0,0,0,0,0,0,0,0,0,0,0,0,0,0,0,0,0,0,0,0,0,0,0,0,0,0,0,0,0,0,0,0,0,0,0,0,0,0,0,0,1,0,0,0,0,0,1.2055,-0.2689,2.3499,0,0,0,0,0,0,0,-0,0,1.47267,0,0,0,0,0,0,0,0,0,0,0,0,0,0,0,0,0,0,0,0,0,0,0,0,0,0,0,0,0,0,0,-0.3,0.3
9.85,0,0,0,0,-0,0,3.02784,2.00146,-2.35357,-1.70942e-05,-6.59347e-05,-5.24654e-05,-5.05007e-05,-0.000393615,-0.000432525,0,0,0,0,0,0,0,0,0,0,0,0,0,0,0,0,0,0,0,0,0,0,0,0,0,0,0,0,0,0,0,0,0,0,0,0,0,0,0,0,1.77512,1.22723,-0.00372072,-2.93042e-05,1.83151e-05,-0.000125905,-0.000120852,0.000118947,-0.000436386,0,0,0,0,0,0,0,0,0,0,0,0,0,0,0,0,0,0,0,0,0,0,0,0,0,0,0,0,0,0,0,0,0,0,0,0,0,0,0,0,0,0,0,0,0,0,0,0,0,0,0,0,1,0,0,0,0,0,1.2055,-0.2689,2.3499,0,0,0,0,0,0,0,-0,0,1.47267,0,0,0,0,0,0,0,0,0,0,0,0,0,0,0,0,0,0,0,0,0,0,0,0,0,0,0,0,0,0,0,-0.3,0.3
9.9,0,0,0,0,-0,0,3.02784,2.00145,-2.35358,1.22098e-05,-7.57009e-05,-0.000143084,6.9004e-05,-0.000371949,-0.000794932,0,0,0,0,0,0,0,0,0,0,0,0,0,0,0,0,0,0,0,0,0,0,0,0,0,0,0,0,0,0,0,0,0,0,0,0,0,0,0,0,1.77512,1.22723,-0.0037247,-9.7679e-06,-2.80827e-05,-3.97907e-05,-4.02309e-05,-8.2413e-05,-9.28104e-05,0,0,0,0,0,0,0,0,0,0,0,0,0,0,0,0,0,0,0,0,0,0,0,0,0,0,0,0,0,0,0,0,0,0,0,0,0,0,0,0,0,0,0,0,0,0,0,0,0,0,0,0,1,0,0,0,0,0,1.2055,-0.2689,2.3499,0,0,0,0,0,0,0,-0,0,1.47267,0,0,0,0,0,0,0,0,0,0,0,0,0,0,0,0,0,0,0,0,0,0,0,0,0,0,0,0,0,0,0,-0.3,0.3
9.95,0,0,0,0,-0,0,3.02784,2.00145,-2.35358,1.22098e-05,-7.57009e-05,-0.000143084,6.9004e-05,-0.000371949,-0.000794932,0,0,0,0,0,0,0,0,0,0,0,0,0,0,0,0,0,0,0,0,0,0,0,0,0,0,0,0,0,0,0,0,0,0,0,0,0,0,0,0,1.77512,1.22723,-0.0037247,-9.7679e-06,-2.80827e-05,-3.97907e-05,-4.02309e-05,-8.2413e-05,-9.28104e-05,0,0,0,0,0,0,0,0,0,0,0,0,0,0,0,0,0,0,0,0,0,0,0,0,0,0,0,0,0,0,0,0,0,0,0,0,0,0,0,0,0,0,0,0,0,0,0,0,0,0,0,0,1,0,0,0,0,0,1.2055,-0.2689,2.3499,0,0,0,0,0,0,0,-0,0,1.47267,0,0,0,0,0,0,0,0,0,0,0,0,0,0,0,0,0,0,0,0,0,0,0,0,0,0,0,0,0,0,0,-0.3,0.3
10,0,0,0,0,-0,0,3.02785,2.00147,-2.35358,1.46452e-05,0.000148893,3.81385e-05,6.73514e-05,0.000677009,0.000197686,0,0,0,0,0,0,0,0,0,0,0,0,0,0,0,0,0,0,0,0,0,0,0,0,0,0,0,0,0,0,0,0,0,0,0,0,0,0,0,0,1.77513,1.22723,-0.00372341,5.1258e-05,6.34623e-05,1.28866e-05,0.000230607,0.000289042,0.00020126,0,0,0,0,0,0,0,0,0,0,0,0,0,0,0,0,0,0,0,0,0,0,0,0,0,0,0,0,0,0,0,0,0,0,0,0,0,0,0,0,0,0,0,0,0,0,0,0,0,0,0,0,1,0,0,0,0,0,1.2055,-0.2689,2.3499,0,0,0,0,0,0,0,-0,0,1.47267,0,0,0,0,0,0,0,0,0,0,0,0,0,0,0,0,0,0,0,0,0,0,0,0,0,0,0,0,0,0,0,-0.3,0.3
10.05,0,0,0,0,-0,0,3.02785,2.00147,-2.35358,1.46452e-05,0.000148893,3.81385e-05,6.73514e-05,0.000677009,0.000197686,0,0,0,0,0,0,0,0,0,0,0,0,0,0,0,0,0,0,0,0,0,0,0,0,0,0,0,0,0,0,0,0,0,0,0,0,0,0,0,0,1.77513,1.22723,-0.00372341,5.1258e-05,6.34623e-05,1.28866e-05,0.000230607,0.000289042,0.00020126,0,0,0,0,0,0,0,0,0,0,0,0,0,0,0,0,0,0,0,0,0,0,0,0,0,0,0,0,0,0,0,0,0,0,0,0,0,0,0,0,0,0,0,0,0,0,0,0,0,0,0,1,1,0,0,0,0,0,1.2055,-0.2689,2.3498,0,0,0,0,0,0,0,-0,0,1.47267,0,0,0,0,0,0,0,0,0,0,0,0,0,0,0,0,0,0,0,0,0,0,0,0,0,0,0,0,0,0,0,-0.3,0.3
10.1,0,0,0,0,-0,0,3.02784,2.00146,-2.3536,-2.44167e-05,-4.27293e-05,-0.000221753,-0.000115877,-0.000217309,-0.00078541,0,0,0,0,0,0,0,0,0,0,0,0,0,0,0,0,0,0,0,0,0,0,0,0,0,0,0,0,0,0,0,0,0,0,0,0,0,0,0,0,1.77513,1.22723,-0.0036377,5.0054e-05,4.88332e-06,0.000857127,0.000170266,-1.02916e-05,0.00353397,0,0,0,0,0,0,0,0,0,0,0,0,0,0,0,0,0,0,0,0,0,0,0,0,0,0,0,0,0,0,0,0,0,0,0,0,0,0,0,0,0,0,0,0,0,0,0,0,0,0,0,1,1,0,0,0,0,0,1.2055,-0.2689,2.3498,0,0,0,0,0,0,0,-0,0,1.47266,0,0,0,0,0,0,0,0,0,0,0,0,0,0,0,0,0,0,0,0,0,0,0,0,0,0,0,0,0,0,0,-0.3,0.3
10.15,0,0,0,0,-0,0,3.02784,2.00146,-2.3536,-2.44167e-05,-4.27293e-05,-0.000221753,-0.000115877,-0.000217309,-0.00078541,0,0,0,0,0,0,0,0,0,0,0,0,0,0,0,0,0,0,0,0,0,0,0,0,0,0,0,0,0,0,0,0,0,0,0,0,0,0,0,0,1.77513,1.22723,-0.0036377,5.0054e-05,4.88332e-06,0.000857127,0.000170266,-1.02916e-05,0.00353397,0,0,0,0,0,0,0,0,0,0,0,0,0,0,0,0,0,0,0,0,0,0,0,0,0,0,0,0,0,0,0,0,0,0,0,0,0,0,0,0,0,0,0,0,0,0,0,0,0,0,0,1,1,0,0,0,0,0,1.2055,-0.2689,2.3498,0,0,0,0,0,0,0,-0,0,1.47266,0,0,0,0,0,0,0,0,0,0,0,0,0,0,0,0,0,0,0,0,0,0,0,0,0,0,0,0,0,0,0,-0.3,0.3
10.2,0,0,0,0,-0,0,3.02784,2.00149,-2.35359,-2.44232e-05,0.000213703,8.82479e-05,-9.44021e-05,0.000773084,0.000633957,0,0,0,0,0,0,0,0,0,0,0,0,0,0,0,0,0,0,0,0,0,0,0,0,0,0,0,0,0,0,0,0,0,0,0,0,0,0,0,0,1.77513,1.22724,-0.00372036,-3.54138e-05,3.29714e-05,-0.000826922,-0.000247407,6.55463e-05,-0.00415557,0,0,0,0,0,0,0,0,0,0,0,0,0,0,0,0,0,0,0,0,0,0,0,0,0,0,0,0,0,0,0,0,0,0,0,0,0,0,0,0,0,0,0,0,0,0,0,0,0,0,0,1,1,0,0,0,0,0,1.2055,-0.2689,2.3498,0,0,0,0,0,0,0,-0,0,1.47267,0,0,0,0,0,0,0,0,0,0,0,0,0,0,0,0,0,0,0,0,0,0,0,0,0,0,0,0,0,0,0,-0.3,0.3
10.2,0,0,0,0,-0,0,3.02784,2.00149,-2.35359,-2.44232e-05,0.000213703,8.82479e-05,-9.44021e-05,0.000773084,0.000633957,0,0,0,0,0,0,0,0,0,0,0,0,0,0,0,0,0,0,0,0,0,0,0,0,0,0,0,0,0,0,0,0,0,0,0,0,0,0,0,0,1.77513,1.22724,-0.00372036,-3.54138e-05,3.29714e-05,-0.000826922,-0.000247407,6.55463e-05,-0.00415557,0,0,0,0,0,0,0,0,0,0,0,0,0,0,0,0,0,0,0,0,0,0,0,0,0,0,0,0,0,0,0,0,0,0,0,0,0,0,0,0,0,0,0,0,0,0,0,0,0,0,0,1,1,0,0,0,0,0,1.2055,-0.2689,2.3499,0,0,0,0,0,0,0,-0,0,1.47267,0,0,0,0,0,0,0,0,0,0,0,0,0,0,0,0,0,0,0,0,0,0,0,0,0,0,0,0,0,0,0,-0.3,0.3
10.25,0,0,0,0,-0,0,3.02784,2.00151,-2.35364,-4.88036e-06,0.000285501,-0.000459917,2.42859e-05,0.000885458,-0.00161763,0,0,0,0,0,0,0,0,0,0,0,0,0,0,0,0,0,0,0,0,0,0,0,0,0,0,0,0,0,0,0,0,0,0,0,0,0,0,0,0,1.77513,1.22725,-0.00372893,5.49042e-05,0.000165933,-8.55946e-05,0.000155786,0.000580995,-0.000574715,0,0,0,0,0,0,0,0,0,0,0,0,0,0,0,0,0,0,0,0,0,0,0,0,0,0,0,0,0,0,0,0,0,0,0,0,0,0,0,0,0,0,0,0,0,0,0,0,0,0,0,1,1,0,0,0,0,0,1.2055,-0.2689,2.3499,0,0,0,0,0,0,0,-0,0,1.47267,0,0,0,0,0,0,0,0,0,0,0,0,0,0,0,0,0,0,0,0,0,0,0,0,0,0,0,0,0,0,0,-0.3,0.3
10.3,0,0,0,0,-0,0,3.02784,2.00151,-2.35364,-4.88036e-06,0.000285501,-0.000459917,2.42859e-05,0.000885458,-0.00161763,0,0,0,0,0,0,0,0,0,0,0,0,0,0,0,0,0,0,0,0,0,0,0,0,0,0,0,0,0,0,0,0,0,0,0,0,0,0,0,0,1.77513,1.22725,-0.00372893,5.49042e-05,0.000165933,-8.55946e-05,0.000155786,0.000580995,-0.000574715,0,0,0,0,0,0,0,0,0,0,0,0,0,0,0,0,0,0,0,0,0,0,0,0,0,0,0,0,0,0,0,0,0,0,0,0,0,0,0,0,0,0,0,0,0,0,0,0,0,0,0,1,1,0,0,0,0,0,1.2055,-0.2689,2.3499,0,0,0,0,0,0,0,-0,0,1.47267,0,0,0,0,0,0,0,0,0,0,0,0,0,0,0,0,0,0,0,0,0,0,0,0,0,0,0,0,0,0,0,-0.3,0.3
10.35,0,0,0,0,-0,0,3.02786,2.00156,-2.35365,0.00017097,0.000446964,-0.000176503,0.000733273,0.00119135,-0.000142739,0,0,0,0,0,0,0,0,0,0,0,0,0,0,0,0,0,0,0,0,0,0,0,0,0,0,0,0,0,0,0,0,0,0,0,0,0,0,0,0,1.77516,1.22728,-0.00365217,0.000288206,0.000256455,0.000767914,0.00108016,0.000779949,0.00355013,0,0,0,0,0,0,0,0,0,0,0,0,0,0,0,0,0,0,0,0,0,0,0,0,0,0,0,0,0,0,0,0,0,0,0,0,0,0,0,0,0,0,0,0,0,0,0,0,0,0,0,1,1,0,0,0,0,0,1.2055,-0.2689,2.3499,0,0,0,0,0,0,0,-0,0,1.47267,0,0,0,0,0,0,0,0,0,0,0,0,0,0,0,0,0,0,0,0,0,0,0,0,0,0,0,0,0,0,0,-0.3,0.3
10.4,0,0,0,0,-0,0,3.02786,2.00156,-2.35365,0.00017097,0.000446964,-0.000176503,0.000733273,0.00119135,-0.000142739,0,0,0,0,0,0,0,0,0,0,0,0,0,0,0,0,0,0,0,0,0,0,0,0,0,0,0,0,0,0,0,0,0,0,0,0,0,0,0,0,1.77516,1.22728,-0.00365217,0.000288206,0.000256455,0.000767914,0.00108016,0.000779949,0.00355013,0,0,0,0,0,0,0,0,0,0,0,0,0,0,0,0,0,0,0,0,0,0,0,0,0,0,0,0,0,0,0,0,0,0,0,0,0,0,0,0,0,0,0,0,0,0,0,0,0,0,0,1,1,0,0,0,0,0,1.2616,-0.2127,2.4061,0,0,0,0,0,0,0,-0,0,1.47267,0,0,0,0,0,0,0,0,0,0,0,0,0,0,0,0,0,0,0,0,0,0,0,0,0,0,0,0,0,0,0,-0.3,0.3
10.45,0,0,0,0,-0,0,3.02788,2.00159,-2.35365,0.0002686,0.000278368,4.76918e-05,0.000926553,8.3767e-05,0.00100931,0,0,0,0,0,0,0,0,0,0,0,0,0,0,0,0,0,0,0,0,0,0,0,0,0,0,0,0,0,0,0,0,0,0,0,0,0,0,0,0,1.77518,1.22729,-0.00364149,0.000216101,0.000124533,0.000106804,0.000485954,-3.14823e-05,4.9214e-05,0,0,0,0,0,0,0,0,0,0,0,0,0,0,0,0,0,0,0,0,0,0,0,0,0,0,0,0,0,0,0,0,0,0,0,0,0,0,0,0,0,0,0,0,0,0,0,0,0,0,0,1,1,0,0,0,0,0,1.2616,-0.2127,2.4061,0,0,0,0,0,0,0,-0,0,1.47268,0,0,0,0,0,0,0,0,0,0,0,0,0,0,0,0,0,0,0,0,0,0,0,0,0,0,0,0,0,0,0,-0.3,0.3
10.5,0,0,0,0,-0,0,3.02788,2.00159,-2.35365,0.0002686,0.000278368,4.76918e-05,0.000926553,8.3767e-05,0.00100931,0,0,0,0,0,0,0,0,0,0,0,0,0,0,0,0,0,0,0,0,0,0,0,0,0,0,0,0,0,0,0,0,0,0,0,0,0,0,0,0,1.77518,1.22729,-0.00364149,0.000216101,0.000124533,0.000106804,0.000485954,-3.14823e-05,4.9214e-05,0,0,0,0,0,0,0,0,0,0,0,0,0,0,0,0,0,0,0,0,0,0,0,0,0,0,0,0,0,0,0,0,0,0,0,0,0,0,0,0,0,0,0,0,0,0,0,0,0,0,0,1,1,0,0,0,0,0,1.2616,-0.2127,2.4061,0,0,0,0,0,0,0,-0,0,1.47268,0,0,0,0,0,0,0,0,0,0,0,0,0,0,0,0,0,0,0,0,0,0,0,0,0,0,0,0,0,0,0,-0.3,0.3
10.55,0,0,0,0,-0,0,3.02793,2.00163,-2.3537,0.000468662,0.000408859,-0.000557795,0.001382,0.000421774,-0.00165737,0,0,0,0,0,0,0,0,0,0,0,0,0,0,0,0,0,0,0,0,0,0,0,0,0,0,0,0,0,0,0,0,0,0,0,0,0,0,0,0,1.77519,1.22734,-0.00344198,8.66535e-05,0.000455236,0.00199469,-0.000305896,0.00119268,0.00709923,0,0,0,0,0,0,0,0,0,0,0,0,0,0,0,0,0,0,0,0,0,0,0,0,0,0,0,0,0,0,0,0,0,0,0,0,0,0,0,0,0,0,0,0,0,0,0,0,0,0,0,1,1,0,0,0,0,0,1.2616,-0.2127,2.4061,0,0,0,0,0,0,0,-0,0,1.47271,0,0,0,0,0,0,0,0,0,0,0,0,0,0,0,0,0,0,0,0,0,0,0,0,0,0,0,0,0,0,0,-0.3,0.3
10.6,0,0,0,0,-0,0,3.02793,2.00163,-2.3537,0.000468662,0.000408859,-0.000557795,0.001382,0.000421774,-0.00165737,0,0,0,0,0,0,0,0,0,0,0,0,0,0,0,0,0,0,0,0,0,0,0,0,0,0,0,0,0,0,0,0,0,0,0,0,0,0,0,0,1.77519,1.22734,-0.00344198,8.66535e-05,0.000455236,0.00199469,-0.000305896,0.00119268,0.00709923,0,0,0,0,0,0,0,0,0,0,0,0,0,0,0,0,0,0,0,0,0,0,0,0,0,0,0,0,0,0,0,0,0,0,0,0,0,0,0,0,0,0,0,0,0,0,0,0,0,0,0,1,1,0,0,0,0,0,1.1981,-0.2762,2.3428,0,0,0,0,0,0,0,-0,0,1.47271,0,0,0,0,0,0,0,0,0,0,0,0,0,0,0,0,0,0,0,0,0,0,0,0,0,0,0,0,0,0,0,-0.3,0.3
10.65,0,0,0,0,-0,0,3.02798,2.00168,-2.35373,0.000529376,0.000569629,-0.000242999,0.00113399,0.000941532,-9.79573e-05,0,0,0,0,0,0,0,0,0,0,0,0,0,0,0,0,0,0,0,0,0,0,0,0,0,0,0,0,0,0,0,0,0,0,0,0,0,0,0,0,1.77526,1.22736,-0.00349075,0.000696484,0.00025859,-0.000487342,0.00214628,9.58987e-05,-0.00470262,0,0,0,0,0,0,0,0,0,0,0,0,0,0,0,0,0,0,0,0,0,0,0,0,0,0,0,0,0,0,0,0,0,0,0,0,0,0,0,0,0,0,0,0,0,0,0,0,0,0,0,1,1,0,0,0,0,0,1.1981,-0.2762,2.3428,0,0,0,0,0,0,0,-0,0,1.47271,0,0,0,0,0,0,0,0,0,0,0,0,0,0,0,0,0,0,0,0,0,0,0,0,0,0,0,0,0,0,0,-0.3,0.3
10.7,0,0,0,0,-0,0,3.02798,2.00168,-2.35373,0.000529376,0.000569629,-0.000242999,0.00113399,0.000941532,-9.79573e-05,0,0,0,0,0,0,0,0,0,0,0,0,0,0,0,0,0,0,0,0,0,0,0,0,0,0,0,0,0,0,0,0,0,0,0,0,0,0,0,0,1.77526,1.22736,-0.00349075,0.000696484,0.00025859,-0.000487342,0.00214628,9.58987e-05,-0.00470262,0,0,0,0,0,0,0,0,0,0,0,0,0,0,0,0,0,0,0,0,0,0,0,0,0,0,0,0,0,0,0,0,0,0,0,0,0,0,0,0,0,0,0,0,0,0,0,0,0,0,0,1,1,0,0,0,0,0,1.1981,-0.2762,2.3428,0,0,0,0,0,0,0,-0,0,1.47271,0,0,0,0,0,0,0,0,0,0,0,0,0,0,0,0,0,0,0,0,0,0,0,0,0,0,0,0,0,0,0,-0.3,0.3
10.75,0,0,0,0,-0,0,3.02805,2.00173,-2.35379,0.000679396,0.000444784,-0.000627674,0.00124505,0.000135108,-0.00138389,0,0,0,0,0,0,0,0,0,0,0,0,0,0,0,0,0,0,0,0,0,0,0,0,0,0,0,0,0,0,0,0,0,0,0,0,0,0,0,0,1.77531,1.2274,-0.00346751,0.000461891,0.000422789,0.000232681,0.000681118,0.000564374,-0.00154239,0,0,0,0,0,0,0,0,0,0,0,0,0,0,0,0,0,0,0,0,0,0,0,0,0,0,0,0,0,0,0,0,0,0,0,0,0,0,0,0,0,0,0,0,0,0,0,0,0,0,0,1,1,0,0,0,0,0,1.1981,-0.2762,2.3428,0,0,0,0,0,0,0,-0,0,1.47273,0,0,0,0,0,0,0,0,0,0,0,0,0,0,0,0,0,0,0,0,0,0,0,0,0,0,0,0,0,0,0,-0.3,0.3
10.8,0,0,0,0,-0,0,3.02805,2.00173,-2.35379,0.000679396,0.000444784,-0.000627674,0.00124505,0.000135108,-0.00138389,0,0,0,0,0,0,0,0,0,0,0,0,0,0,0,0,0,0,0,0,0,0,0,0,0,0,0,0,0,0,0,0,0,0,0,0,0,0,0,0,1.77531,1.2274,-0.00346751,0.000461891,0.000422789,0.000232681,0.000681118,0.000564374,-0.00154239,0,0,0,0,0,0,0,0,0,0,0,0,0,0,0,0,0,0,0,0,0,0,0,0,0,0,0,0,0,0,0,0,0,0,0,0,0,0,0,0,0,0,0,0,0,0,0,0,0,0,0,1,1,0,0,0,0,0,1.1128,-0.3614,2.2575,0,0,0,0,0,0,0,-0,0,1.47273,0,0,0,0,0,0,0,0,0,0,0,0,0,0,0,0,0,0,0,0,0,0,0,0,0,0,0,0,0,0,0,-0.3,0.3
10.85,0,0,0,0,-0,0,3.02813,2.00178,-2.35385,0.000832477,0.000485815,-0.000560255,0.00137689,0.000137736,-0.000737853,0,0,0,0,0,0,0,0,0,0,0,0,0,0,0,0,0,0,0,0,0,0,0,0,0,0,0,0,0,0,0,0,0,0,0,0,0,0,0,0,1.77536,1.22745,-0.00337946,0.000560273,0.000433327,0.000880451,0.000605742,0.000445954,0.00209047,0,0,0,0,0,0,0,0,0,0,0,0,0,0,0,0,0,0,0,0,0,0,0,0,0,0,0,0,0,0,0,0,0,0,0,0,0,0,0,0,0,0,0,0,0,0,0,0,0,0,0,1,1,0,0,0,0,0,1.1128,-0.3614,2.2575,0,0,0,0,0,0,0,-0,0,1.47276,0,0,0,0,0,0,0,0,0,0,0,0,0,0,0,0,0,0,0,0,0,0,0,0,0,0,0,0,0,0,0,-0.3,0.3
10.9,0,0,0,0,-0,0,3.02813,2.00178,-2.35385,0.000832477,0.000485815,-0.000560255,0.00137689,0.000137736,-0.000737853,0,0,0,0,0,0,0,0,0,0,0,0,0,0,0,0,0,0,0,0,0,0,0,0,0,0,0,0,0,0,0,0,0,0,0,0,0,0,0,0,1.77536,1.22745,-0.00337946,0.000560273,0.000433327,0.000880451,0.000605742,0.000445954,0.00209047,0,0,0,0,0,0,0,0,0,0,0,0,0,0,0,0,0,0,0,0,0,0,0,0,0,0,0,0,0,0,0,0,0,0,0,0,0,0,0,0,0,0,0,0,0,0,0,0,0,0,0,1,1,0,0,0,0,0,1.1128,-0.3614,2.2575,0,0,0,0,0,0,0,-0,0,1.47276,0,0,0,0,0,0,0,0,0,0,0,0,0,0,0,0,0,0,0,0,0,0,0,0,0,0,0,0,0,0,0,-0.3,0.3
10.9,0,0,0,0,-0,0,3.02823,2.00183,-2.35392,0.000959675,0.000561642,-0.000724945,0.00135157,0.000385191,-0.00101263,0,0,0,0,0,0,0,0,0,0,0,0,0,0,0,0,0,0,0,0,0,0,0,0,0,0,0,0,0,0,0,0,0,0,0,0,0,0,0,0,1.77543,1.22749,-0.00328095,0.000653215,0.000463966,0.000985333,0.000723944,0.000373431,0.00216541,0,0,0,0,0,0,0,0,0,0,0,0,0,0,0,0,0,0,0,0,0,0,0,0,0,0,0,0,0,0,0,0,0,0,0,0,0,0,0,0,0,0,0,0,0,0,0,0,0,0,0,1,1,0,0,0,0,0,1.1128,-0.3614,2.2575,0,0,0,0,0,0,0,-0,0,1.47279,0,0,0,0,0,0,0,0,0,0,0,0,0,0,0,0,0,0,0,0,0,0,0,0,0,0,0,0,0,0,0,-0.3,0.3
