0,0,0,0,0,0,0,0,0,0,0,0,0,0,0,0,0,0,0,0,0,0,0,0,0,0,0,0,0,0,0,0,0,0,0,0,0,0,0,0,0,0,0,0,0,0,0,0,0,0,0,0,0,0,0,0,0,0,0,0,0,0,0,0,0,0,0,0,0,0,0,0,0,0,0,0,0,0,0,0,0,0,0,0,0,0,0,0,0,0,0,0,0,0,0,0,0,0,0,0,0,0,0,0,0,0,0,0,0,0,0,0,0,0,0,0,0,0,0,0,0,0,0,0,0,0,0,0,0,0,0,0,0,0,0,0,0,0,0,0,0,0,0,0,0,0,0,0,0,0,0,0,0,0,0,0,0,0,0,0,0,0,0,0,0,0,0,0,0,0
0,0,0,0,0,0,0,2.91833,1.94146,-2.53851,3.1745e-05,0.000234424,2.38469e-06,1.67061e-05,1.1114e-05,-1.45318e-05,0,0,0,0,0,0,0,0,0,0,0,0,0,0,0,0,0,0,0,0,0,0,0,0,0,0,0,0,0,0,0,0,0,0,0,0,0,0,0,0,1.78588,1.21988,1.57695,4.02918e-05,0.000200238,-0.000351742,1.02233e-05,6.98326e-06,9.0273e-06,0,0,0,0,0,0,0,0,0,0,0,0,0,0,0,0,0,0,0,0,0,0,0,0,0,0,0,0,0,0,0,0,0,0,0,0,0,0,0,0,0,0,0,0,0,0,0,0,0,0,0,0,1,0,0,0,0,0,1.66,1.3349,1.577,0,0,0,0,0,0,0,-0,0,1.34281,0,0,0,0,0,0,0,0,0,0,0,0,0,0,0,0,0,0,0,0,0,0,0,0,0,0,0,0,0,0,0,0,0,0
0,0,0,0,0,-0,0,2.91834,1.94147,-2.53852,4.15044e-05,0.000144045,-0.000116826,-0.0439715,-0.0287874,0.0379261,0,0,0,0,0,0,0,0,0,0,0,0,0,0,0,0,0,0,0,0,0,0,0,0,0,0,0,0,0,0,0,0,0,0,0,0,0,0,0,0,1.78588,1.21988,1.57701,3.05178e-05,-8.54499e-06,0.000635391,-0.026888,-0.0184838,-0.0213112,0,0,0,0,0,0,0,0,0,0,0,0,0,0,0,0,0,0,0,0,0,0,0,0,0,0,0,0,0,0,0,0,0,0,0,0,0,0,0,0,0,0,0,0,0,0,0,0,0,0,0,0,1,0,0,0,0,0,1.66,1.3349,1.577,0,0,0,0,0,0,0,-0,0,1.34282,0,0,0,0,0,0,0,0,0,0,0,0,0,0,0,0,0,0,0,0,0,0,0,0,0,0,0,0,0,0,0,0,0,0
0,0,0,0,0,-0,0,2.91834,1.94147,-2.53851,1.70964e-05,-6.71646e-05,0.00010733,-0.0162154,-0.0112242,0.0146785,0,0,0,0,0,0,0,0,0,0,0,0,0,0,0,0,0,0,0,0,0,0,0,0,0,0,0,0,0,0,0,0,0,0,0,0,0,0,0,0,1.78588,1.21988,1.57691,-3.17505e-05,-1.83176e-05,-0.00106376,-0.0100971,-0.00685256,-0.0136965,0,0,0,0,0,0,0,0,0,0,0,0,0,0,0,0,0,0,0,0,0,0,0,0,0,0,0,0,0,0,0,0,0,0,0,0,0,0,0,0,0,0,0,0,0,0,0,0,0,0,0,0,1,0,0,0,0,0,1.66,1.3349,1.577,0,0,0,0,0,0,0,-0,0,1.34282,0,0,0,0,0,0,0,0,0,0,0,0,0,0,0,0,0,0,0,0,0,0,0,0,0,0,0,0,0,0,0,0,0,0
0,0,0,0,0,-0,0,2.91834,1.94145,-2.53853,1.7103e-05,-0.000174695,-0.000145547,-0.005982,-0.00479364,0.0046589,0,0,0,0,0,0,0,0,0,0,0,0,0,0,0,0,0,0,0,0,0,0,0,0,0,0,0,0,0,0,0,0,0,0,0,0,0,0,0,0,1.78588,1.21985,1.57698,-7.32987e-06,-0.000288308,0.000703877,-0.00369402,-0.00361996,-0.000133475,0,0,0,0,0,0,0,0,0,0,0,0,0,0,0,0,0,0,0,0,0,0,0,0,0,0,0,0,0,0,0,0,0,0,0,0,0,0,0,0,0,0,0,0,0,0,0,0,0,0,0,0,1,0,0,0,0,0,1.66,1.3349,1.577,0,0,0,0,0,0,0,-0,0,1.34283,0,0,0,0,0,0,0,0,0,0,0,0,0,0,0,0,0,0,0,0,0,0,0,0,0,0,0,0,0,0,0,0,0,0
0,0,0,0,0,-0,0,2.91833,1.94146,-2.53851,-6.34239e-05,8.2939e-05,0.000164372,-0.00252758,-0.000978192,0.00267851,0,0,0,0,0,0,0,0,0,0,0,0,0,0,0,0,0,0,0,0,0,0,0,0,0,0,0,0,0,0,0,0,0,0,0,0,0,0,0,0,1.78588,1.21988,1.57695,4.02498e-05,0.000254915,-0.000239412,-0.00116068,0.000434404,-0.00201112,0,0,0,0,0,0,0,0,0,0,0,0,0,0,0,0,0,0,0,0,0,0,0,0,0,0,0,0,0,0,0,0,0,0,0,0,0,0,0,0,0,0,0,0,0,0,0,0,0,0,0,0,1,0,0,0,0,0,1.0911,-0.2423,4.0712,0,0,0,0,0,0,0,-0,0,1.34281,0,0,0,0,0,0,0,0,0,0,0,0,0,0,0,0,0,0,0,0,0,0,0,0,0,0,0,0,0,0,0,0,0,0
0,0,0,0,0,-0,0,2.91834,1.94146,-2.53852,5.37745e-05,5.01081e-05,-5.49012e-05,-0.000581643,-0.00020218,0.000463722,0,0,0,0,0,0,0,0,0,0,0,0,0,0,0,0,0,0,0,0,0,0,0,0,0,0,0,0,0,0,0,0,0,0,0,0,0,0,0,0,1.78588,1.21987,1.57699,2.44429e-06,-6.47738e-05,0.000412952,-0.000505159,-0.000468177,0.001145,0,0,0,0,0,0,0,0,0,0,0,0,0,0,0,0,0,0,0,0,0,0,0,0,0,0,0,0,0,0,0,0,0,0,0,0,0,0,0,0,0,0,0,0,0,0,0,0,0,0,0,0,1,0,0,0,0,0,1.0911,-0.2423,4.0712,0,0,0,0,0,0,0,-0,0,1.34282,0,0,0,0,0,0,0,0,0,0,0,0,0,0,0,0,0,0,0,0,0,0,0,0,0,0,0,0,0,0,0,0,0,0
0,0,0,0,0,-0,0,2.91834,1.94146,-2.53855,-2.93173e-05,-2.44311e-05,-0.00028153,-0.000417977,-0.000314124,-0.000926638,0,0,0,0,0,0,0,0,0,0,0,0,0,0,0,0,0,0,0,0,0,0,0,0,0,0,0,0,0,0,0,0,0,0,0,0,0,0,0,0,1.78588,1.21988,1.57692,-3.5425e-05,0.000144143,-0.00069786,-0.000366044,0.000431218,-0.00332213,0,0,0,0,0,0,0,0,0,0,0,0,0,0,0,0,0,0,0,0,0,0,0,0,0,0,0,0,0,0,0,0,0,0,0,0,0,0,0,0,0,0,0,0,0,0,0,0,0,0,0,0,1,0,0,0,0,0,1.0911,-0.2423,4.0712,0,0,0,0,0,0,0,-0,0,1.34281,0,0,0,0,0,0,0,0,0,0,0,0,0,0,0,0,0,0,0,0,0,0,0,0,0,0,0,0,0,0,0,0,0,0
0,0,0,0,0,-0,0,2.91833,1.94147,-2.53853,-2.92688e-05,7.43916e-05,0.000185789,-0.000228654,0.000191089,0.00112219,0,0,0,0,0,0,0,0,0,0,0,0,0,0,0,0,0,0,0,0,0,0,0,0,0,0,0,0,0,0,0,0,0,0,0,0,0,0,0,0,1.78588,1.21988,1.577,1.95126e-05,-6.21963e-05,0.000732436,1.85513e-05,-0.0004435,0.00311434,0,0,0,0,0,0,0,0,0,0,0,0,0,0,0,0,0,0,0,0,0,0,0,0,0,0,0,0,0,0,0,0,0,0,0,0,0,0,0,0,0,0,0,0,0,0,0,0,0,0,0,0,1,0,0,0,0,0,1.0911,-0.2423,4.0712,0,0,0,0,0,0,0,-0,0,1.34281,0,0,0,0,0,0,0,0,0,0,0,0,0,0,0,0,0,0,0,0,0,0,0,0,0,0,0,0,0,0,0,0,0,0
0,0,0,0,0,-0,0,2.91834,1.94145,-2.53852,3.17057e-05,-0.000125603,1.90539e-05,0.000132145,-0.000616326,0.00028422,0,0,0,0,0,0,0,0,0,0,0,0,0,0,0,0,0,0,0,0,0,0,0,0,0,0,0,0,0,0,0,0,0,0,0,0,0,0,0,0,1.78588,1.21985,1.577,3.17057e-05,-0.000293888,6.4307e-05,0.0001119,-0.00131044,6.90545e-05,0,0,0,0,0,0,0,0,0,0,0,0,0,0,0,0,0,0,0,0,0,0,0,0,0,0,0,0,0,0,0,0,0,0,0,0,0,0,0,0,0,0,0,0,0,0,0,0,0,0,0,0,1,0,0,0,0,0,1.2296,-0.1038,4.2097,0,0,0,0,0,0,0,-0,0,1.34282,0,0,0,0,0,0,0,0,0,0,0,0,0,0,0,0,0,0,0,0,0,0,0,0,0,0,0,0,0,0,0,0,0,0
0,0,0,0,0,-0,0,2.91833,1.94146,-2.53851,-3.17681e-05,3.78774e-05,0.000128867,-0.000125593,0.000174376,0.00049607,0,0,0,0,0,0,0,0,0,0,0,0,0,0,0,0,0,0,0,0,0,0,0,0,0,0,0,0,0,0,0,0,0,0,0,0,0,0,0,0,1.78588,1.21987,1.57697,-2.19933e-05,0.000255367,-0.000353191,-0.000134832,0.00129132,-0.00203816,0,0,0,0,0,0,0,0,0,0,0,0,0,0,0,0,0,0,0,0,0,0,0,0,0,0,0,0,0,0,0,0,0,0,0,0,0,0,0,0,0,0,0,0,0,0,0,0,0,0,0,0,1,0,0,0,0,0,1.2296,-0.1038,4.2097,0,0,0,0,0,0,0,-0,0,1.34281,0,0,0,0,0,0,0,0,0,0,0,0,0,0,0,0,0,0,0,0,0,0,0,0,0,0,0,0,0,0,0,0,0,0
0,0,0,0,0,-0,0,2.91834,1.94145,-2.53848,2.68535e-05,-0.000109855,0.000309921,0.00012387,-0.000378587,0.00105045,0,0,0,0,0,0,0,0,0,0,0,0,0,0,0,0,0,0,0,0,0,0,0,0,0,0,0,0,0,0,0,0,0,0,0,0,0,0,0,0,1.78588,1.21987,1.57702,1.46473e-05,-1.83092e-05,0.000475609,3.20179e-05,3.44455e-05,0.00180178,0,0,0,0,0,0,0,0,0,0,0,0,0,0,0,0,0,0,0,0,0,0,0,0,0,0,0,0,0,0,0,0,0,0,0,0,0,0,0,0,0,0,0,0,0,0,0,0,0,0,0,0,1,0,0,0,0,0,1.2296,-0.1038,4.2097,0,0,0,0,0,0,0,-0,0,1.3428,0,0,0,0,0,0,0,0,0,0,0,0,0,0,0,0,0,0,0,0,0,0,0,0,0,0,0,0,0,0,0,0,0,0
0,0,0,0,0,-0,0,2.91834,1.94146,-2.53851,1.21954e-05,0.000153662,-0.000259629,4.95841e-05,0.000750925,-0.00157044,0,0,0,0,0,0,0,0,0,0,0,0,0,0,0,0,0,0,0,0,0,0,0,0,0,0,0,0,0,0,0,0,0,0,0,0,0,0,0,0,1.78588,1.21987,1.57696,9.75636e-06,-4.51231e-05,-0.000564516,2.22814e-05,-0.000256783,-0.00255481,0,0,0,0,0,0,0,0,0,0,0,0,0,0,0,0,0,0,0,0,0,0,0,0,0,0,0,0,0,0,0,0,0,0,0,0,0,0,0,0,0,0,0,0,0,0,0,0,0,0,0,0,1,0,0,0,0,0,1.2296,-0.1038,4.2097,0,0,0,0,0,0,0,-0,0,1.34282,0,0,0,0,0,0,0,0,0,0,0,0,0,0,0,0,0,0,0,0,0,0,0,0,0,0,0,0,0,0,0,0,0,0
0,0,0,0,0,-0,0,2.91834,1.94146,-2.53851,1.21954e-05,0.000153662,-0.000259629,4.95841e-05,0.000750925,-0.00157044,0,0,0,0,0,0,0,0,0,0,0,0,0,0,0,0,0,0,0,0,0,0,0,0,0,0,0,0,0,0,0,0,0,0,0,0,0,0,0,0,1.78588,1.21987,1.57696,9.75636e-06,-4.51231e-05,-0.000564516,2.22814e-05,-0.000256783,-0.00255481,0,0,0,0,0,0,0,0,0,0,0,0,0,0,0,0,0,0,0,0,0,0,0,0,0,0,0,0,0,0,0,0,0,0,0,0,0,0,0,0,0,0,0,0,0,0,0,0,0,0,0,0,1,0,0,0,0,0,1.1355,-0.1979,4.1155,0,0,0,0,0,0,0,-0,0,1.34282,0,0,0,0,0,0,0,0,0,0,0,0,0,0,0,0,0,0,0,0,0,0,0,0,0,0,0,0,0,0,0,0,0,0
0,0,0,0,0,-0,0,2.91833,1.94145,-2.53853,-4.88539e-05,-9.16011e-05,-0.000252857,-0.000224237,-0.000376762,-0.00126957,0,0,0,0,0,0,0,0,0,0,0,0,0,0,0,0,0,0,0,0,0,0,0,0,0,0,0,0,0,0,0,0,0,0,0,0,0,0,0,0,1.78588,1.21989,1.57691,-8.4273e-05,0.000266254,-0.000453235,-0.000363657,0.00105065,-0.00167687,0,0,0,0,0,0,0,0,0,0,0,0,0,0,0,0,0,0,0,0,0,0,0,0,0,0,0,0,0,0,0,0,0,0,0,0,0,0,0,0,0,0,0,0,0,0,0,0,0,0,0,0,1,0,0,0,0,0,1.1355,-0.1979,4.1155,0,0,0,0,0,0,0,-0,0,1.3428,0,0,0,0,0,0,0,0,0,0,0,0,0,0,0,0,0,0,0,0,0,0,0,0,0,0,0,0,0,0,0,0,0,0
0,0,0,0,0,-0,0,2.91833,1.94145,-2.53853,-4.88539e-05,-9.16011e-05,-0.000252857,-0.000224237,-0.000376762,-0.00126957,0,0,0,0,0,0,0,0,0,0,0,0,0,0,0,0,0,0,0,0,0,0,0,0,0,0,0,0,0,0,0,0,0,0,0,0,0,0,0,0,1.78588,1.21989,1.57691,-8.4273e-05,0.000266254,-0.000453235,-0.000363657,0.00105065,-0.00167687,0,0,0,0,0,0,0,0,0,0,0,0,0,0,0,0,0,0,0,0,0,0,0,0,0,0,0,0,0,0,0,0,0,0,0,0,0,0,0,0,0,0,0,0,0,0,0,0,0,0,0,0,1,0,0,0,0,0,1.1355,-0.1979,4.1155,0,0,0,0,0,0,0,-0,0,1.3428,0,0,0,0,0,0,0,0,0,0,0,0,0,0,0,0,0,0,0,0,0,0,0,0,0,0,0,0,0,0,0,0,0,0
0,0,0,0,0,-0,0,2.91833,1.94145,-2.53849,1.46445e-05,-7.68834e-05,0.000376599,8.19633e-05,-0.000320063,0.00179302,0,0,0,0,0,0,0,0,0,0,0,0,0,0,0,0,0,0,0,0,0,0,0,0,0,0,0,0,0,0,0,0,0,0,0,0,0,0,0,0,1.78588,1.21987,1.57694,3.90518e-05,-0.000240413,0.00030986,0.000222068,-0.00121636,0.0021599,0,0,0,0,0,0,0,0,0,0,0,0,0,0,0,0,0,0,0,0,0,0,0,0,0,0,0,0,0,0,0,0,0,0,0,0,0,0,0,0,0,0,0,0,0,0,0,0,0,0,0,0,1,0,0,0,0,0,1.1355,-0.1979,4.1155,0,0,0,0,0,0,0,-0,0,1.34281,0,0,0,0,0,0,0,0,0,0,0,0,0,0,0,0,0,0,0,0,0,0,0,0,0,0,0,0,0,0,0,0,0,0
0,0,0,0,0,-0,0,2.91833,1.94145,-2.53849,1.46445e-05,-7.68834e-05,0.000376599,8.19633e-05,-0.000320063,0.00179302,0,0,0,0,0,0,0,0,0,0,0,0,0,0,0,0,0,0,0,0,0,0,0,0,0,0,0,0,0,0,0,0,0,0,0,0,0,0,0,0,1.78588,1.21987,1.57694,3.90518e-05,-0.000240413,0.00030986,0.000222068,-0.00121636,0.0021599,0,0,0,0,0,0,0,0,0,0,0,0,0,0,0,0,0,0,0,0,0,0,0,0,0,0,0,0,0,0,0,0,0,0,0,0,0,0,0,0,0,0,0,0,0,0,0,0,0,0,0,0,1,0,0,0,0,0,1.2053,-0.1281,4.1853,0,0,0,0,0,0,0,-0,0,1.34281,0,0,0,0,0,0,0,0,0,0,0,0,0,0,0,0,0,0,0,0,0,0,0,0,0,0,0,0,0,0,0,0,0,0
0,0,0,0,0,-0,0,2.91834,1.94145,-2.53852,1.22272e-05,4.64632e-05,-0.000303291,8.10125e-05,0.000308408,-0.00122524,0,0,0,0,0,0,0,0,0,0,0,0,0,0,0,0,0,0,0,0,0,0,0,0,0,0,0,0,0,0,0,0,0,0,0,0,0,0,0,0,1.78588,1.21985,1.57705,3.42361e-05,-0.000220089,0.00107107,0.00019338,-0.000955799,0.00485704,0,0,0,0,0,0,0,0,0,0,0,0,0,0,0,0,0,0,0,0,0,0,0,0,0,0,0,0,0,0,0,0,0,0,0,0,0,0,0,0,0,0,0,0,0,0,0,0,0,0,0,0,1,0,0,0,0,0,1.2053,-0.1281,4.1853,0,0,0,0,0,0,0,-0,0,1.34282,0,0,0,0,0,0,0,0,0,0,0,0,0,0,0,0,0,0,0,0,0,0,0,0,0,0,0,0,0,0,0,0,0,0
0,0,0,0,0,-0,0,2.91834,1.94145,-2.53852,1.22272e-05,4.64632e-05,-0.000303291,8.10125e-05,0.000308408,-0.00122524,0,0,0,0,0,0,0,0,0,0,0,0,0,0,0,0,0,0,0,0,0,0,0,0,0,0,0,0,0,0,0,0,0,0,0,0,0,0,0,0,1.78588,1.21985,1.57705,3.42361e-05,-0.000220089,0.00107107,0.00019338,-0.000955799,0.00485704,0,0,0,0,0,0,0,0,0,0,0,0,0,0,0,0,0,0,0,0,0,0,0,0,0,0,0,0,0,0,0,0,0,0,0,0,0,0,0,0,0,0,0,0,0,0,0,0,0,0,0,0,1,0,0,0,0,0,1.2053,-0.1281,4.1853,0,0,0,0,0,0,0,-0,0,1.34282,0,0,0,0,0,0,0,0,0,0,0,0,0,0,0,0,0,0,0,0,0,0,0,0,0,0,0,0,0,0,0,0,0,0
0,0,0,0,0,-0,0,2.91833,1.94145,-2.5385,-3.17165e-05,4.63548e-05,0.000240637,-0.00012702,0.00027008,0.0010277,0,0,0,0,0,0,0,0,0,0,0,0,0,0,0,0,0,0,0,0,0,0,0,0,0,0,0,0,0,0,0,0,0,0,0,0,0,0,0,0,1.78588,1.21989,1.57695,-6.34329e-05,0.000401335,-0.00103522,-0.000277871,0.00194341,-0.00512945,0,0,0,0,0,0,0,0,0,0,0,0,0,0,0,0,0,0,0,0,0,0,0,0,0,0,0,0,0,0,0,0,0,0,0,0,0,0,0,0,0,0,0,0,0,0,0,0,0,0,0,0,1,0,0,0,0,0,1.2053,-0.1281,4.1853,0,0,0,0,0,0,0,-0,0,1.3428,0,0,0,0,0,0,0,0,0,0,0,0,0,0,0,0,0,0,0,0,0,0,0,0,0,0,0,0,0,0,0,0,0,0
0,0,0,0,0,-0,0,2.91833,1.94145,-2.5385,-3.17165e-05,4.63548e-05,0.000240637,-0.00012702,0.00027008,0.0010277,0,0,0,0,0,0,0,0,0,0,0,0,0,0,0,0,0,0,0,0,0,0,0,0,0,0,0,0,0,0,0,0,0,0,0,0,0,0,0,0,1.78588,1.21989,1.57695,-6.34329e-05,0.000401335,-0.00103522,-0.000277871,0.00194341,-0.00512945,0,0,0,0,0,0,0,0,0,0,0,0,0,0,0,0,0,0,0,0,0,0,0,0,0,0,0,0,0,0,0,0,0,0,0,0,0,0,0,0,0,0,0,0,0,0,0,0,0,0,0,0,1,0,0,0,0,0,1.1354,-0.198,4.1154,0,0,0,0,0,0,0,-0,0,1.3428,0,0,0,0,0,0,0,0,0,0,0,0,0,0,0,0,0,0,0,0,0,0,0,0,0,0,0,0,0,0,0,0,0,0
0,0,0,0,0,-0,0,2.91833,1.94145,-2.5385,-1.46536e-05,-8.3037e-05,-3.10053e-05,-3.61905e-05,-0.000360184,-0.000163585,0,0,0,0,0,0,0,0,0,0,0,0,0,0,0,0,0,0,0,0,0,0,0,0,0,0,0,0,0,0,0,0,0,0,0,0,0,0,0,0,1.78588,1.21989,1.5769,-6.10566e-06,-2.44227e-05,-0.000438845,-1.47758e-06,-0.000142438,-0.00204797,0,0,0,0,0,0,0,0,0,0,0,0,0,0,0,0,0,0,0,0,0,0,0,0,0,0,0,0,0,0,0,0,0,0,0,0,0,0,0,0,0,0,0,0,0,0,0,0,0,0,0,0,1,0,0,0,0,0,1.1354,-0.198,4.1154,0,0,0,0,0,0,0,-0,0,1.3428,0,0,0,0,0,0,0,0,0,0,0,0,0,0,0,0,0,0,0,0,0,0,0,0,0,0,0,0,0,0,0,0,0,0
0,0,0,0,0,-0,0,2.91833,1.94145,-2.5385,-1.46536e-05,-8.3037e-05,-3.10053e-05,-3.61905e-05,-0.000360184,-0.000163585,0,0,0,0,0,0,0,0,0,0,0,0,0,0,0,0,0,0,0,0,0,0,0,0,0,0,0,0,0,0,0,0,0,0,0,0,0,0,0,0,1.78588,1.21989,1.5769,-6.10566e-06,-2.44227e-05,-0.000438845,-1.47758e-06,-0.000142438,-0.00204797,0,0,0,0,0,0,0,0,0,0,0,0,0,0,0,0,0,0,0,0,0,0,0,0,0,0,0,0,0,0,0,0,0,0,0,0,0,0,0,0,0,0,0,0,0,0,0,0,0,0,0,0,1,0,0,0,0,0,1.1354,-0.198,4.1154,0,0,0,0,0,0,0,-0,0,1.3428,0,0,0,0,0,0,0,0,0,0,0,0,0,0,0,0,0,0,0,0,0,0,0,0,0,0,0,0,0,0,0,0,0,0
0,0,0,0,0,-0,0,2.91834,1.94144,-2.53852,5.85337e-05,-5.1217e-05,-0.000188158,0.000282999,-0.000174483,-0.000887377,0,0,0,0,0,0,0,0,0,0,0,0,0,0,0,0,0,0,0,0,0,0,0,0,0,0,0,0,0,0,0,0,0,0,0,0,0,0,0,0,1.78588,1.21988,1.57692,7.31671e-06,-5.48753e-05,0.000114324,9.00996e-05,-0.000489248,0.0013967,0,0,0,0,0,0,0,0,0,0,0,0,0,0,0,0,0,0,0,0,0,0,0,0,0,0,0,0,0,0,0,0,0,0,0,0,0,0,0,0,0,0,0,0,0,0,0,0,0,0,0,0,1,0,0,0,0,0,1.1354,-0.198,4.1154,0,0,0,0,0,0,0,-0,0,1.3428,0,0,0,0,0,0,0,0,0,0,0,0,0,0,0,0,0,0,0,0,0,0,0,0,0,0,0,0,0,0,0,0,0,0
0,0,0,0,0,-0,0,2.91834,1.94144,-2.53852,5.85337e-05,-5.1217e-05,-0.000188158,0.000282999,-0.000174483,-0.000887377,0,0,0,0,0,0,0,0,0,0,0,0,0,0,0,0,0,0,0,0,0,0,0,0,0,0,0,0,0,0,0,0,0,0,0,0,0,0,0,0,1.78588,1.21988,1.57692,7.31671e-06,-5.48753e-05,0.000114324,9.00996e-05,-0.000489248,0.0013967,0,0,0,0,0,0,0,0,0,0,0,0,0,0,0,0,0,0,0,0,0,0,0,0,0,0,0,0,0,0,0,0,0,0,0,0,0,0,0,0,0,0,0,0,0,0,0,0,0,0,0,0,1,0,0,0,0,0,1.0549,-0.2785,4.0349,0,0,0,0,0,0,0,-0,0,1.3428,0,0,0,0,0,0,0,0,0,0,0,0,0,0,0,0,0,0,0,0,0,0,0,0,0,0,0,0,0,0,0,0,0,0
0,0,0,0,0,-0,0,2.91833,1.94147,-2.53852,-3.9057e-05,0.000246548,1.43031e-05,-0.000177047,0.00111037,0.000178912,0,0,0,0,0,0,0,0,0,0,0,0,0,0,0,0,0,0,0,0,0,0,0,0,0,0,0,0,0,0,0,0,0,0,0,0,0,0,0,0,1.78588,1.21988,1.57694,4.88212e-06,2.56312e-05,0.000288446,5.67323e-05,-1.87815e-05,0.00200013,0,0,0,0,0,0,0,0,0,0,0,0,0,0,0,0,0,0,0,0,0,0,0,0,0,0,0,0,0,0,0,0,0,0,0,0,0,0,0,0,0,0,0,0,0,0,0,0,0,0,0,0,1,0,0,0,0,0,1.0549,-0.2785,4.0349,0,0,0,0,0,0,0,-0,0,1.34281,0,0,0,0,0,0,0,0,0,0,0,0,0,0,0,0,0,0,0,0,0,0,0,0,0,0,0,0,0,0,0,0,0,0
0,0,0,0,0,-0,0,2.91833,1.94147,-2.53852,-3.9057e-05,0.000246548,1.43031e-05,-0.000177047,0.00111037,0.000178912,0,0,0,0,0,0,0,0,0,0,0,0,0,0,0,0,0,0,0,0,0,0,0,0,0,0,0,0,0,0,0,0,0,0,0,0,0,0,0,0,1.78588,1.21988,1.57694,4.88212e-06,2.56312e-05,0.000288446,5.67323e-05,-1.87815e-05,0.00200013,0,0,0,0,0,0,0,0,0,0,0,0,0,0,0,0,0,0,0,0,0,0,0,0,0,0,0,0,0,0,0,0,0,0,0,0,0,0,0,0,0,0,0,0,0,0,0,0,0,0,0,0,1,0,0,0,0,0,1.0549,-0.2785,4.0349,0,0,0,0,0,0,0,-0,0,1.34281,0,0,0,0,0,0,0,0,0,0,0,0,0,0,0,0,0,0,0,0,0,0,0,0,0,0,0,0,0,0,0,0,0,0
0,0,0,0,0,-0,0,2.91834,1.94145,-2.53849,6.10552e-05,-0.00015508,0.000300506,0.00023153,-0.000764374,0.00139504,0,0,0,0,0,0,0,0,0,0,0,0,0,0,0,0,0,0,0,0,0,0,0,0,0,0,0,0,0,0,0,0,0,0,0,0,0,0,0,0,1.78588,1.21987,1.57696,-7.32664e-06,-8.79196e-05,0.000139521,-1.92287e-05,-0.000401385,0.000687401,0,0,0,0,0,0,0,0,0,0,0,0,0,0,0,0,0,0,0,0,0,0,0,0,0,0,0,0,0,0,0,0,0,0,0,0,0,0,0,0,0,0,0,0,0,0,0,0,0,0,0,0,1,0,0,0,0,0,1.0549,-0.2785,4.0349,0,0,0,0,0,0,0,-0,0,1.34281,0,0,0,0,0,0,0,0,0,0,0,0,0,0,0,0,0,0,0,0,0,0,0,0,0,0,0,0,0,0,0,0,0,0
0,0,0,0,0,-0,0,2.91834,1.94145,-2.53849,6.10552e-05,-0.00015508,0.000300506,0.00023153,-0.000764374,0.00139504,0,0,0,0,0,0,0,0,0,0,0,0,0,0,0,0,0,0,0,0,0,0,0,0,0,0,0,0,0,0,0,0,0,0,0,0,0,0,0,0,1.78588,1.21987,1.57696,-7.32664e-06,-8.79196e-05,0.000139521,-1.92287e-05,-0.000401385,0.000687401,0,0,0,0,0,0,0,0,0,0,0,0,0,0,0,0,0,0,0,0,0,0,0,0,0,0,0,0,0,0,0,0,0,0,0,0,0,0,0,0,0,0,0,0,0,0,0,0,0,0,0,0,1,0,0,0,0,0,1.1232,-0.2102,4.1032,0,0,0,0,0,0,0,-0,0,1.34281,0,0,0,0,0,0,0,0,0,0,0,0,0,0,0,0,0,0,0,0,0,0,0,0,0,0,0,0,0,0,0,0,0,0
0,0,0,0,0,-0,0,2.91834,1.94146,-2.53853,9.77104e-06,4.51911e-05,-0.000357826,-1.05397e-05,8.73458e-05,-0.00162782,0,0,0,0,0,0,0,0,0,0,0,0,0,0,0,0,0,0,0,0,0,0,0,0,0,0,0,0,0,0,0,0,0,0,0,0,0,0,0,0,1.78587,1.21987,1.57697,-2.07635e-05,-5.00766e-05,0.000122854,-7.5516e-05,-0.000141665,0.000168621,0,0,0,0,0,0,0,0,0,0,0,0,0,0,0,0,0,0,0,0,0,0,0,0,0,0,0,0,0,0,0,0,0,0,0,0,0,0,0,0,0,0,0,0,0,0,0,0,0,0,0,0,1,0,0,0,0,0,1.1232,-0.2102,4.1032,0,0,0,0,0,0,0,-0,0,1.34282,0,0,0,0,0,0,0,0,0,0,0,0,0,0,0,0,0,0,0,0,0,0,0,0,0,0,0,0,0,0,0,0,0,0
0,0,0,0,0,-0,0,2.91834,1.94146,-2.53853,9.77104e-06,4.51911e-05,-0.000357826,-1.05397e-05,8.73458e-05,-0.00162782,0,0,0,0,0,0,0,0,0,0,0,0,0,0,0,0,0,0,0,0,0,0,0,0,0,0,0,0,0,0,0,0,0,0,0,0,0,0,0,0,1.78587,1.21987,1.57697,-2.07635e-05,-5.00766e-05,0.000122854,-7.5516e-05,-0.000141665,0.000168621,0,0,0,0,0,0,0,0,0,0,0,0,0,0,0,0,0,0,0,0,0,0,0,0,0,0,0,0,0,0,0,0,0,0,0,0,0,0,0,0,0,0,0,0,0,0,0,0,0,0,0,0,1,0,0,0,0,0,1.1232,-0.2102,4.1032,0,0,0,0,0,0,0,-0,0,1.34282,0,0,0,0,0,0,0,0,0,0,0,0,0,0,0,0,0,0,0,0,0,0,0,0,0,0,0,0,0,0,0,0,0,0
0,0,0,0,0,-0,0,2.91834,1.94145,-2.53852,-4.15115e-05,-8.18022e-05,2.14616e-05,-0.000244013,-0.000339576,0.000128189,0,0,0,0,0,0,0,0,0,0,0,0,0,0,0,0,0,0,0,0,0,0,0,0,0,0,0,0,0,0,0,0,0,0,0,0,0,0,0,0,1.78588,1.21988,1.57695,3.2965e-05,0.000101337,-0.000217001,0.000161687,0.000555048,-0.00132683,0,0,0,0,0,0,0,0,0,0,0,0,0,0,0,0,0,0,0,0,0,0,0,0,0,0,0,0,0,0,0,0,0,0,0,0,0,0,0,0,0,0,0,0,0,0,0,0,0,0,0,0,1,0,0,0,0,0,1.1232,-0.2102,4.1032,0,0,0,0,0,0,0,-0,0,1.3428,0,0,0,0,0,0,0,0,0,0,0,0,0,0,0,0,0,0,0,0,0,0,0,0,0,0,0,0,0,0,0,0,0,0
0,0,0,0,0,-0,0,2.91834,1.94145,-2.53852,-4.15115e-05,-8.18022e-05,2.14616e-05,-0.000244013,-0.000339576,0.000128189,0,0,0,0,0,0,0,0,0,0,0,0,0,0,0,0,0,0,0,0,0,0,0,0,0,0,0,0,0,0,0,0,0,0,0,0,0,0,0,0,1.78588,1.21988,1.57695,3.2965e-05,0.000101337,-0.000217001,0.000161687,0.000555048,-0.00132683,0,0,0,0,0,0,0,0,0,0,0,0,0,0,0,0,0,0,0,0,0,0,0,0,0,0,0,0,0,0,0,0,0,0,0,0,0,0,0,0,0,0,0,0,0,0,0,0,0,0,0,0,1,0,0,0,0,0,1.1647,-0.1687,4.1448,0,0,0,0,0,0,0,-0,0,1.3428,0,0,0,0,0,0,0,0,0,0,0,0,0,0,0,0,0,0,0,0,0,0,0,0,0,0,0,0,0,0,0,0,0,0
0,0,0,0,0,-0,0,2.91834,1.94146,-2.53852,1.95367e-05,0.000137978,4.76969e-05,6.57738e-05,0.000616426,0.000419672,0,0,0,0,0,0,0,0,0,0,0,0,0,0,0,0,0,0,0,0,0,0,0,0,0,0,0,0,0,0,0,0,0,0,0,0,0,0,0,0,1.78588,1.21988,1.57696,7.32625e-06,-2.44208e-06,7.75075e-05,2.6775e-05,1.3006e-05,0.000177429,0,0,0,0,0,0,0,0,0,0,0,0,0,0,0,0,0,0,0,0,0,0,0,0,0,0,0,0,0,0,0,0,0,0,0,0,0,0,0,0,0,0,0,0,0,0,0,0,0,0,0,0,1,0,0,0,0,0,1.1647,-0.1687,4.1448,0,0,0,0,0,0,0,-0,0,1.34281,0,0,0,0,0,0,0,0,0,0,0,0,0,0,0,0,0,0,0,0,0,0,0,0,0,0,0,0,0,0,0,0,0,0
0,0,0,0,0,-0,0,2.91834,1.94146,-2.53852,1.95367e-05,0.000137978,4.76969e-05,6.57738e-05,0.000616426,0.000419672,0,0,0,0,0,0,0,0,0,0,0,0,0,0,0,0,0,0,0,0,0,0,0,0,0,0,0,0,0,0,0,0,0,0,0,0,0,0,0,0,1.78588,1.21988,1.57696,7.32625e-06,-2.44208e-06,7.75075e-05,2.6775e-05,1.3006e-05,0.000177429,0,0,0,0,0,0,0,0,0,0,0,0,0,0,0,0,0,0,0,0,0,0,0,0,0,0,0,0,0,0,0,0,0,0,0,0,0,0,0,0,0,0,0,0,0,0,0,0,0,0,0,0,1,0,0,0,0,0,1.1647,-0.1687,4.1448,0,0,0,0,0,0,0,-0,0,1.34281,0,0,0,0,0,0,0,0,0,0,0,0,0,0,0,0,0,0,0,0,0,0,0,0,0,0,0,0,0,0,0,0,0,0
0,0,0,0,0,-0,0,2.91834,1.94146,-2.53853,-3.17118e-05,-1.21968e-05,-0.000109581,-0.000123353,-0.000100455,-0.000337058,0,0,0,0,0,0,0,0,0,0,0,0,0,0,0,0,0,0,0,0,0,0,0,0,0,0,0,0,0,0,0,0,0,0,0,0,0,0,0,0,1.78588,1.21988,1.57692,4.87873e-06,4.26889e-05,-0.00033708,-1.19578e-05,0.000114788,-0.00134656,0,0,0,0,0,0,0,0,0,0,0,0,0,0,0,0,0,0,0,0,0,0,0,0,0,0,0,0,0,0,0,0,0,0,0,0,0,0,0,0,0,0,0,0,0,0,0,0,0,0,0,0,1,0,0,0,0,0,1.1647,-0.1687,4.1448,0,0,0,0,0,0,0,-0,0,1.34281,0,0,0,0,0,0,0,0,0,0,0,0,0,0,0,0,0,0,0,0,0,0,0,0,0,0,0,0,0,0,0,0,0,0
0,0,0,0,0,-0,0,2.91834,1.94146,-2.53853,-3.17118e-05,-1.21968e-05,-0.000109581,-0.000123353,-0.000100455,-0.000337058,0,0,0,0,0,0,0,0,0,0,0,0,0,0,0,0,0,0,0,0,0,0,0,0,0,0,0,0,0,0,0,0,0,0,0,0,0,0,0,0,1.78588,1.21988,1.57692,4.87873e-06,4.26889e-05,-0.00033708,-1.19578e-05,0.000114788,-0.00134656,0,0,0,0,0,0,0,0,0,0,0,0,0,0,0,0,0,0,0,0,0,0,0,0,0,0,0,0,0,0,0,0,0,0,0,0,0,0,0,0,0,0,0,0,0,0,0,0,0,0,0,0,1,0,0,0,0,0,1.1355,-0.1979,4.1155,0,0,0,0,0,0,0,-0,0,1.34281,0,0,0,0,0,0,0,0,0,0,0,0,0,0,0,0,0,0,0,0,0,0,0,0,0,0,0,0,0,0,0,0,0,0
0,0,0,0,0,-0,0,2.91834,1.94149,-2.53862,7.08419e-05,0.000274818,-0.000844492,0.00031018,0.000989414,-0.00324071,0,0,0,0,0,0,0,0,0,0,0,0,0,0,0,0,0,0,0,0,0,0,0,0,0,0,0,0,0,0,0,0,0,0,0,0,0,0,0,0,1.78588,1.21987,1.577,-1.22141e-05,-8.5499e-05,0.000805131,-8.07327e-05,-0.000429602,0.00354987,0,0,0,0,0,0,0,0,0,0,0,0,0,0,0,0,0,0,0,0,0,0,0,0,0,0,0,0,0,0,0,0,0,0,0,0,0,0,0,0,0,0,0,0,0,0,0,0,0,0,0,0,1,0,0,0,0,0,1.1355,-0.1979,4.1155,0,0,0,0,0,0,0,-0,0,1.34283,0,0,0,0,0,0,0,0,0,0,0,0,0,0,0,0,0,0,0,0,0,0,0,0,0,0,0,0,0,0,0,0,0,0
0,0,0,0,0,-0,0,2.91834,1.94149,-2.53862,7.08419e-05,0.000274818,-0.000844492,0.00031018,0.000989414,-0.00324071,0,0,0,0,0,0,0,0,0,0,0,0,0,0,0,0,0,0,0,0,0,0,0,0,0,0,0,0,0,0,0,0,0,0,0,0,0,0,0,0,1.78588,1.21987,1.577,-1.22141e-05,-8.5499e-05,0.000805131,-8.07327e-05,-0.000429602,0.00354987,0,0,0,0,0,0,0,0,0,0,0,0,0,0,0,0,0,0,0,0,0,0,0,0,0,0,0,0,0,0,0,0,0,0,0,0,0,0,0,0,0,0,0,0,0,0,0,0,0,0,0,0,1,0,0,0,0,0,1.1355,-0.1979,4.1155,0,0,0,0,0,0,0,-0,0,1.34283,0,0,0,0,0,0,0,0,0,0,0,0,0,0,0,0,0,0,0,0,0,0,0,0,0,0,0,0,0,0,0,0,0,0
0,0,0,0,0,-0,0,2.91834,1.94145,-2.53855,-5.36954e-05,-0.000355122,0.000700747,-0.000252608,-0.00177505,0.00383406,0,0,0,0,0,0,0,0,0,0,0,0,0,0,0,0,0,0,0,0,0,0,0,0,0,0,0,0,0,0,0,0,0,0,0,0,0,0,0,0,1.78587,1.21987,1.57691,-3.1729e-05,-6.71191e-05,-0.000936711,-0.000135782,-0.000258317,-0.00416481,0,0,0,0,0,0,0,0,0,0,0,0,0,0,0,0,0,0,0,0,0,0,0,0,0,0,0,0,0,0,0,0,0,0,0,0,0,0,0,0,0,0,0,0,0,0,0,0,0,0,0,0,1,0,0,0,0,0,1.1355,-0.1979,4.1155,0,0,0,0,0,0,0,-0,0,1.34282,0,0,0,0,0,0,0,0,0,0,0,0,0,0,0,0,0,0,0,0,0,0,0,0,0,0,0,0,0,0,0,0,0,0
0,0,0,0,0,-0,0,2.91834,1.94145,-2.53855,-5.36954e-05,-0.000355122,0.000700747,-0.000252608,-0.00177505,0.00383406,0,0,0,0,0,0,0,0,0,0,0,0,0,0,0,0,0,0,0,0,0,0,0,0,0,0,0,0,0,0,0,0,0,0,0,0,0,0,0,0,1.78587,1.21987,1.57691,-3.1729e-05,-6.71191e-05,-0.000936711,-0.000135782,-0.000258317,-0.00416481,0,0,0,0,0,0,0,0,0,0,0,0,0,0,0,0,0,0,0,0,0,0,0,0,0,0,0,0,0,0,0,0,0,0,0,0,0,0,0,0,0,0,0,0,0,0,0,0,0,0,0,0,1,0,0,0,0,0,1.1857,-0.1476,4.1657,0,0,0,0,0,0,0,-0,0,1.34282,0,0,0,0,0,0,0,0,0,0,0,0,0,0,0,0,0,0,0,0,0,0,0,0,0,0,0,0,0,0,0,0,0,0
0,0,0,0,0,-0,0,2.91833,1.94147,-2.53852,-1.95607e-05,0.00013937,0.000207737,-9.14462e-05,0.000535777,0.0012898,0,0,0,0,0,0,0,0,0,0,0,0,0,0,0,0,0,0,0,0,0,0,0,0,0,0,0,0,0,0,0,0,0,0,0,0,0,0,0,0,1.78588,1.21987,1.57698,8.68007e-05,-1.3448e-05,0.000659028,0.000384585,8.26667e-05,0.00283082,0,0,0,0,0,0,0,0,0,0,0,0,0,0,0,0,0,0,0,0,0,0,0,0,0,0,0,0,0,0,0,0,0,0,0,0,0,0,0,0,0,0,0,0,0,0,0,0,0,0,0,0,1,0,0,0,0,0,1.1857,-0.1476,4.1657,0,0,0,0,0,0,0,-0,0,1.34282,0,0,0,0,0,0,0,0,0,0,0,0,0,0,0,0,0,0,0,0,0,0,0,0,0,0,0,0,0,0,0,0,0,0
0,0,0,0,0,-0,0,2.91833,1.94147,-2.53852,-1.95607e-05,0.00013937,0.000207737,-9.14462e-05,0.000535777,0.0012898,0,0,0,0,0,0,0,0,0,0,0,0,0,0,0,0,0,0,0,0,0,0,0,0,0,0,0,0,0,0,0,0,0,0,0,0,0,0,0,0,1.78588,1.21987,1.57698,8.68007e-05,-1.3448e-05,0.000659028,0.000384585,8.26667e-05,0.00283082,0,0,0,0,0,0,0,0,0,0,0,0,0,0,0,0,0,0,0,0,0,0,0,0,0,0,0,0,0,0,0,0,0,0,0,0,0,0,0,0,0,0,0,0,0,0,0,0,0,0,0,0,1,0,0,0,0,0,1.1857,-0.1476,4.1657,0,0,0,0,0,0,0,-0,0,1.34282,0,0,0,0,0,0,0,0,0,0,0,0,0,0,0,0,0,0,0,0,0,0,0,0,0,0,0,0,0,0,0,0,0,0
0,0,0,0,0,-0,0,2.91834,1.94146,-2.53851,2.92388e-05,-6.8224e-05,0.000149906,0.000161833,-0.000194552,0.000200249,0,0,0,0,0,0,0,0,0,0,0,0,0,0,0,0,0,0,0,0,0,0,0,0,0,0,0,0,0,0,0,0,0,0,0,0,0,0,0,0,1.78588,1.21988,1.57693,-1.94925e-05,0.000166905,-0.000487789,-0.000123008,0.000816535,-0.00193365,0,0,0,0,0,0,0,0,0,0,0,0,0,0,0,0,0,0,0,0,0,0,0,0,0,0,0,0,0,0,0,0,0,0,0,0,0,0,0,0,0,0,0,0,0,0,0,0,0,0,0,0,1,0,0,0,0,0,1.1857,-0.1476,4.1657,0,0,0,0,0,0,0,-0,0,1.34281,0,0,0,0,0,0,0,0,0,0,0,0,0,0,0,0,0,0,0,0,0,0,0,0,0,0,0,0,0,0,0,0,0,0
0,0,0,0,0,-0,0,2.91834,1.94146,-2.53851,2.92388e-05,-6.8224e-05,0.000149906,0.000161833,-0.000194552,0.000200249,0,0,0,0,0,0,0,0,0,0,0,0,0,0,0,0,0,0,0,0,0,0,0,0,0,0,0,0,0,0,0,0,0,0,0,0,0,0,0,0,1.78588,1.21988,1.57693,-1.94925e-05,0.000166905,-0.000487789,-0.000123008,0.000816535,-0.00193365,0,0,0,0,0,0,0,0,0,0,0,0,0,0,0,0,0,0,0,0,0,0,0,0,0,0,0,0,0,0,0,0,0,0,0,0,0,0,0,0,0,0,0,0,0,0,0,0,0,0,0,0,1,0,0,0,0,0,1.1354,-0.1979,4.1154,0,0,0,0,0,0,0,-0,0,1.34281,0,0,0,0,0,0,0,0,0,0,0,0,0,0,0,0,0,0,0,0,0,0,0,0,0,0,0,0,0,0,0,0,0,0
0,0,0,0,0,-0,0,2.91833,1.94146,-2.5385,-2.92956e-05,2.4413e-06,7.62906e-05,-0.000102617,6.70667e-05,-0.000322728,0,0,0,0,0,0,0,0,0,0,0,0,0,0,0,0,0,0,0,0,0,0,0,0,0,0,0,0,0,0,0,0,0,0,0,0,0,0,0,0,1.78588,1.21989,1.5769,-6.10325e-06,6.83564e-05,-0.000284898,-8.90101e-05,0.00019468,-0.00099241,0,0,0,0,0,0,0,0,0,0,0,0,0,0,0,0,0,0,0,0,0,0,0,0,0,0,0,0,0,0,0,0,0,0,0,0,0,0,0,0,0,0,0,0,0,0,0,0,0,0,0,0,1,0,0,0,0,0,1.1354,-0.1979,4.1154,0,0,0,0,0,0,0,-0,0,1.3428,0,0,0,0,0,0,0,0,0,0,0,0,0,0,0,0,0,0,0,0,0,0,0,0,0,0,0,0,0,0,0,0,0,0
0,0,0,0,0,-0,0,2.91833,1.94146,-2.5385,-2.92956e-05,2.4413e-06,7.62906e-05,-0.000102617,6.70667e-05,-0.000322728,0,0,0,0,0,0,0,0,0,0,0,0,0,0,0,0,0,0,0,0,0,0,0,0,0,0,0,0,0,0,0,0,0,0,0,0,0,0,0,0,1.78588,1.21989,1.5769,-6.10325e-06,6.83564e-05,-0.000284898,-8.90101e-05,0.00019468,-0.00099241,0,0,0,0,0,0,0,0,0,0,0,0,0,0,0,0,0,0,0,0,0,0,0,0,0,0,0,0,0,0,0,0,0,0,0,0,0,0,0,0,0,0,0,0,0,0,0,0,0,0,0,0,1,0,0,0,0,0,1.1354,-0.1979,4.1154,0,0,0,0,0,0,0,-0,0,1.3428,0,0,0,0,0,0,0,0,0,0,0,0,0,0,0,0,0,0,0,0,0,0,0,0,0,0,0,0,0,0,0,0,0,0
0,0,0,0,0,-0,0,2.91833,1.94146,-2.53853,-1.95519e-05,1.95519e-05,-0.000312659,-5.84019e-05,0.000143931,-0.00181812,0,0,0,0,0,0,0,0,0,0,0,0,0,0,0,0,0,0,0,0,0,0,0,0,0,0,0,0,0,0,0,0,0,0,0,0,0,0,0,0,1.78588,1.21989,1.57694,-3.66598e-05,-7.33197e-06,0.000454668,-0.000170932,-0.000269348,0.00248552,0,0,0,0,0,0,0,0,0,0,0,0,0,0,0,0,0,0,0,0,0,0,0,0,0,0,0,0,0,0,0,0,0,0,0,0,0,0,0,0,0,0,0,0,0,0,0,0,0,0,0,0,1,0,0,0,0,0,1.1354,-0.1979,4.1154,0,0,0,0,0,0,0,-0,0,1.3428,0,0,0,0,0,0,0,0,0,0,0,0,0,0,0,0,0,0,0,0,0,0,0,0,0,0,0,0,0,0,0,0,0,0
0,0,0,0,0,-0,0,2.91833,1.94146,-2.53853,-1.95519e-05,1.95519e-05,-0.000312659,-5.84019e-05,0.000143931,-0.00181812,0,0,0,0,0,0,0,0,0,0,0,0,0,0,0,0,0,0,0,0,0,0,0,0,0,0,0,0,0,0,0,0,0,0,0,0,0,0,0,0,1.78588,1.21989,1.57694,-3.66598e-05,-7.33197e-06,0.000454668,-0.000170932,-0.000269348,0.00248552,0,0,0,0,0,0,0,0,0,0,0,0,0,0,0,0,0,0,0,0,0,0,0,0,0,0,0,0,0,0,0,0,0,0,0,0,0,0,0,0,0,0,0,0,0,0,0,0,0,0,0,0,1,0,0,0,0,0,1.1983,-0.135,4.1784,0,0,0,0,0,0,0,-0,0,1.3428,0,0,0,0,0,0,0,0,0,0,0,0,0,0,0,0,0,0,0,0,0,0,0,0,0,0,0,0,0,0,0,0,0,0
0,0,0,0,0,-0,0,2.91833,1.94146,-2.53851,-4.39704e-05,-4.2749e-05,0.000207542,-0.000126697,-0.000152012,0.000783183,0,0,0,0,0,0,0,0,0,0,0,0,0,0,0,0,0,0,0,0,0,0,0,0,0,0,0,0,0,0,0,0,0,0,0,0,0,0,0,0,1.78588,1.21987,1.57695,2.07637e-05,-0.000156339,6.91807e-05,0.000115586,-0.000819969,0.00042465,0,0,0,0,0,0,0,0,0,0,0,0,0,0,0,0,0,0,0,0,0,0,0,0,0,0,0,0,0,0,0,0,0,0,0,0,0,0,0,0,0,0,0,0,0,0,0,0,0,0,0,0,1,0,0,0,0,0,1.1983,-0.135,4.1784,0,0,0,0,0,0,0,-0,0,1.34281,0,0,0,0,0,0,0,0,0,0,0,0,0,0,0,0,0,0,0,0,0,0,0,0,0,0,0,0,0,0,0,0,0,0
0,0,0,0,0,-0,0,2.91833,1.94146,-2.53851,-4.39704e-05,-4.2749e-05,0.000207542,-0.000126697,-0.000152012,0.000783183,0,0,0,0,0,0,0,0,0,0,0,0,0,0,0,0,0,0,0,0,0,0,0,0,0,0,0,0,0,0,0,0,0,0,0,0,0,0,0,0,1.78588,1.21987,1.57695,2.07637e-05,-0.000156339,6.91807e-05,0.000115586,-0.000819969,0.00042465,0,0,0,0,0,0,0,0,0,0,0,0,0,0,0,0,0,0,0,0,0,0,0,0,0,0,0,0,0,0,0,0,0,0,0,0,0,0,0,0,0,0,0,0,0,0,0,0,0,0,0,0,1,0,0,0,0,0,1.1983,-0.135,4.1784,0,0,0,0,0,0,0,-0,0,1.34281,0,0,0,0,0,0,0,0,0,0,0,0,0,0,0,0,0,0,0,0,0,0,0,0,0,0,0,0,0,0,0,0,0,0
0,0,0,0,0,-0,0,2.91833,1.94146,-2.53854,1.46234e-05,5.97122e-05,-0.000264192,0.000148772,0.000278057,-0.00106225,0,0,0,0,0,0,0,0,0,0,0,0,0,0,0,0,0,0,0,0,0,0,0,0,0,0,0,0,0,0,0,0,0,0,0,0,0,0,0,0,1.78587,1.21987,1.57694,-4.63076e-05,1.21862e-05,-9.16345e-05,-0.000159805,0.000106332,-0.000666989,0,0,0,0,0,0,0,0,0,0,0,0,0,0,0,0,0,0,0,0,0,0,0,0,0,0,0,0,0,0,0,0,0,0,0,0,0,0,0,0,0,0,0,0,0,0,0,0,0,0,0,0,1,0,0,0,0,0,1.1983,-0.135,4.1784,0,0,0,0,0,0,0,-0,0,1.34281,0,0,0,0,0,0,0,0,0,0,0,0,0,0,0,0,0,0,0,0,0,0,0,0,0,0,0,0,0,0,0,0,0,0
0,0,0,0,0,-0,0,2.91833,1.94146,-2.53854,1.46234e-05,5.97122e-05,-0.000264192,0.000148772,0.000278057,-0.00106225,0,0,0,0,0,0,0,0,0,0,0,0,0,0,0,0,0,0,0,0,0,0,0,0,0,0,0,0,0,0,0,0,0,0,0,0,0,0,0,0,1.78587,1.21987,1.57694,-4.63076e-05,1.21862e-05,-9.16345e-05,-0.000159805,0.000106332,-0.000666989,0,0,0,0,0,0,0,0,0,0,0,0,0,0,0,0,0,0,0,0,0,0,0,0,0,0,0,0,0,0,0,0,0,0,0,0,0,0,0,0,0,0,0,0,0,0,0,0,0,0,0,0,1,0,0,0,0,0,1.1058,-0.2276,4.0858,0,0,0,0,0,0,0,-0,0,1.34281,0,0,0,0,0,0,0,0,0,0,0,0,0,0,0,0,0,0,0,0,0,0,0,0,0,0,0,0,0,0,0,0,0,0
0,0,0,0,0,-0,0,2.91834,1.94145,-2.53851,0.000136764,-0.000151417,0.000238498,0.000614539,-0.000618776,0.00112252,0,0,0,0,0,0,0,0,0,0,0,0,0,0,0,0,0,0,0,0,0,0,0,0,0,0,0,0,0,0,0,0,0,0,0,0,0,0,0,0,1.78588,1.21988,1.57695,5.37287e-05,1.46533e-05,4.53145e-05,0.00026675,0.000199027,-4.851e-07,0,0,0,0,0,0,0,0,0,0,0,0,0,0,0,0,0,0,0,0,0,0,0,0,0,0,0,0,0,0,0,0,0,0,0,0,0,0,0,0,0,0,0,0,0,0,0,0,0,0,0,0,1,0,0,0,0,0,1.1058,-0.2276,4.0858,0,0,0,0,0,0,0,-0,0,1.34281,0,0,0,0,0,0,0,0,0,0,0,0,0,0,0,0,0,0,0,0,0,0,0,0,0,0,0,0,0,0,0,0,0,0
0,0,0,0,0,-0,0,2.91834,1.94145,-2.53851,0.000136764,-0.000151417,0.000238498,0.000614539,-0.000618776,0.00112252,0,0,0,0,0,0,0,0,0,0,0,0,0,0,0,0,0,0,0,0,0,0,0,0,0,0,0,0,0,0,0,0,0,0,0,0,0,0,0,0,1.78588,1.21988,1.57695,5.37287e-05,1.46533e-05,4.53145e-05,0.00026675,0.000199027,-4.851e-07,0,0,0,0,0,0,0,0,0,0,0,0,0,0,0,0,0,0,0,0,0,0,0,0,0,0,0,0,0,0,0,0,0,0,0,0,0,0,0,0,0,0,0,0,0,0,0,0,0,0,0,0,1,0,0,0,0,0,1.1058,-0.2276,4.0858,0,0,0,0,0,0,0,-0,0,1.34281,0,0,0,0,0,0,0,0,0,0,0,0,0,0,0,0,0,0,0,0,0,0,0,0,0,0,0,0,0,0,0,0,0,0
0,0,0,0,0,-0,0,2.91834,1.94146,-2.53852,-6.34821e-05,0.000123302,-2.14595e-05,-0.000367942,0.00060473,-6.92226e-05,0,0,0,0,0,0,0,0,0,0,0,0,0,0,0,0,0,0,0,0,0,0,0,0,0,0,0,0,0,0,0,0,0,0,0,0,0,0,0,0,1.78588,1.21986,1.57702,5.49364e-05,-0.000124523,0.000791619,0.000222696,-0.00042408,0.00307184,0,0,0,0,0,0,0,0,0,0,0,0,0,0,0,0,0,0,0,0,0,0,0,0,0,0,0,0,0,0,0,0,0,0,0,0,0,0,0,0,0,0,0,0,0,0,0,0,0,0,0,0,1,0,0,0,0,0,1.1058,-0.2276,4.0858,0,0,0,0,0,0,0,-0,0,1.34281,0,0,0,0,0,0,0,0,0,0,0,0,0,0,0,0,0,0,0,0,0,0,0,0,0,0,0,0,0,0,0,0,0,0
0,0,0,0,0,-0,0,2.91834,1.94146,-2.53852,-6.34821e-05,0.000123302,-2.14595e-05,-0.000367942,0.00060473,-6.92226e-05,0,0,0,0,0,0,0,0,0,0,0,0,0,0,0,0,0,0,0,0,0,0,0,0,0,0,0,0,0,0,0,0,0,0,0,0,0,0,0,0,1.78588,1.21986,1.57702,5.49364e-05,-0.000124523,0.000791619,0.000222696,-0.00042408,0.00307184,0,0,0,0,0,0,0,0,0,0,0,0,0,0,0,0,0,0,0,0,0,0,0,0,0,0,0,0,0,0,0,0,0,0,0,0,0,0,0,0,0,0,0,0,0,0,0,0,0,0,0,0,1,0,0,0,0,0,1.1354,-0.198,4.1155,0,0,0,0,0,0,0,-0,0,1.34281,0,0,0,0,0,0,0,0,0,0,0,0,0,0,0,0,0,0,0,0,0,0,0,0,0,0,0,0,0,0,0,0,0,0
0,0,0,0,0,-0,0,2.91833,1.94146,-2.53851,-3.90858e-05,-1.34357e-05,2.38561e-05,-0.000256495,-1.7557e-05,-2.18868e-05,0,0,0,0,0,0,0,0,0,0,0,0,0,0,0,0,0,0,0,0,0,0,0,0,0,0,0,0,0,0,0,0,0,0,0,0,0,0,0,0,1.78588,1.21987,1.57701,-2.93143e-05,6.35144e-05,-0.000134787,-0.000208884,0.000412323,-0.00144115,0,0,0,0,0,0,0,0,0,0,0,0,0,0,0,0,0,0,0,0,0,0,0,0,0,0,0,0,0,0,0,0,0,0,0,0,0,0,0,0,0,0,0,0,0,0,0,0,0,0,0,0,1,0,0,0,0,0,1.1354,-0.198,4.1155,0,0,0,0,0,0,0,-0,0,1.34281,0,0,0,0,0,0,0,0,0,0,0,0,0,0,0,0,0,0,0,0,0,0,0,0,0,0,0,0,0,0,0,0,0,0
0,0,0,0,0,-0,0,2.91833,1.94146,-2.53851,-3.90858e-05,-1.34357e-05,2.38561e-05,-0.000256495,-1.7557e-05,-2.18868e-05,0,0,0,0,0,0,0,0,0,0,0,0,0,0,0,0,0,0,0,0,0,0,0,0,0,0,0,0,0,0,0,0,0,0,0,0,0,0,0,0,1.78588,1.21987,1.57701,-2.93143e-05,6.35144e-05,-0.000134787,-0.000208884,0.000412323,-0.00144115,0,0,0,0,0,0,0,0,0,0,0,0,0,0,0,0,0,0,0,0,0,0,0,0,0,0,0,0,0,0,0,0,0,0,0,0,0,0,0,0,0,0,0,0,0,0,0,0,0,0,0,0,1,0,0,0,0,0,1.1354,-0.198,4.1155,0,0,0,0,0,0,0,-0,0,1.34281,0,0,0,0,0,0,0,0,0,0,0,0,0,0,0,0,0,0,0,0,0,0,0,0,0,0,0,0,0,0,0,0,0,0
0,0,0,0,0,-0,0,2.91834,1.94145,-2.53853,1.95228e-05,-8.17515e-05,-0.000185886,9.51998e-05,-0.000367801,-0.000844822,0,0,0,0,0,0,0,0,0,0,0,0,0,0,0,0,0,0,0,0,0,0,0,0,0,0,0,0,0,0,0,0,0,0,0,0,0,0,0,0,1.78588,1.21987,1.57697,-6.10086e-05,-2.8064e-05,-0.000376538,-0.000310556,-5.02513e-06,-0.00244256,0,0,0,0,0,0,0,0,0,0,0,0,0,0,0,0,0,0,0,0,0,0,0,0,0,0,0,0,0,0,0,0,0,0,0,0,0,0,0,0,0,0,0,0,0,0,0,0,0,0,0,0,1,0,0,0,0,0,1.1354,-0.198,4.1155,0,0,0,0,0,0,0,-0,0,1.34281,0,0,0,0,0,0,0,0,0,0,0,0,0,0,0,0,0,0,0,0,0,0,0,0,0,0,0,0,0,0,0,0,0,0
0,0,0,0,0,-0,0,2.91834,1.94145,-2.53853,1.95228e-05,-8.17515e-05,-0.000185886,9.51998e-05,-0.000367801,-0.000844822,0,0,0,0,0,0,0,0,0,0,0,0,0,0,0,0,0,0,0,0,0,0,0,0,0,0,0,0,0,0,0,0,0,0,0,0,0,0,0,0,1.78588,1.21987,1.57697,-6.10086e-05,-2.8064e-05,-0.000376538,-0.000310556,-5.02513e-06,-0.00244256,0,0,0,0,0,0,0,0,0,0,0,0,0,0,0,0,0,0,0,0,0,0,0,0,0,0,0,0,0,0,0,0,0,0,0,0,0,0,0,0,0,0,0,0,0,0,0,0,0,0,0,0,1,0,0,0,0,0,1.0462,-0.2871,4.0263,0,0,0,0,0,0,0,-0,0,1.34281,0,0,0,0,0,0,0,0,0,0,0,0,0,0,0,0,0,0,0,0,0,0,0,0,0,0,0,0,0,0,0,0,0,0
0,0,0,0,0,-0,0,2.91834,1.94147,-2.53858,8.06485e-05,0.000230948,-0.000463003,0.000348959,0.000981177,-0.0017254,0,0,0,0,0,0,0,0,0,0,0,0,0,0,0,0,0,0,0,0,0,0,0,0,0,0,0,0,0,0,0,0,0,0,0,0,0,0,0,0,1.78588,1.21987,1.577,5.37656e-05,2.81048e-05,0.000220762,0.000258433,0.000164941,0.000784776,0,0,0,0,0,0,0,0,0,0,0,0,0,0,0,0,0,0,0,0,0,0,0,0,0,0,0,0,0,0,0,0,0,0,0,0,0,0,0,0,0,0,0,0,0,0,0,0,0,0,0,0,1,0,0,0,0,0,1.0462,-0.2871,4.0263,0,0,0,0,0,0,0,-0,0,1.34283,0,0,0,0,0,0,0,0,0,0,0,0,0,0,0,0,0,0,0,0,0,0,0,0,0,0,0,0,0,0,0,0,0,0
0,0,0,0,0,-0,0,2.91834,1.94147,-2.53858,8.06485e-05,0.000230948,-0.000463003,0.000348959,0.000981177,-0.0017254,0,0,0,0,0,0,0,0,0,0,0,0,0,0,0,0,0,0,0,0,0,0,0,0,0,0,0,0,0,0,0,0,0,0,0,0,0,0,0,0,1.78588,1.21987,1.577,5.37656e-05,2.81048e-05,0.000220762,0.000258433,0.000164941,0.000784776,0,0,0,0,0,0,0,0,0,0,0,0,0,0,0,0,0,0,0,0,0,0,0,0,0,0,0,0,0,0,0,0,0,0,0,0,0,0,0,0,0,0,0,0,0,0,0,0,0,0,0,0,1,0,0,0,0,0,1.0462,-0.2871,4.0263,0,0,0,0,0,0,0,-0,0,1.34283,0,0,0,0,0,0,0,0,0,0,0,0,0,0,0,0,0,0,0,0,0,0,0,0,0,0,0,0,0,0,0,0,0,0
0,0,0,0,0,-0,0,2.91834,1.94147,-2.53858,8.06485e-05,0.000230948,-0.000463003,0.000348959,0.000981177,-0.0017254,0,0,0,0,0,0,0,0,0,0,0,0,0,0,0,0,0,0,0,0,0,0,0,0,0,0,0,0,0,0,0,0,0,0,0,0,0,0,0,0,1.78588,1.21987,1.577,5.37656e-05,2.81048e-05,0.000220762,0.000258433,0.000164941,0.000784776,0,0,0,0,0,0,0,0,0,0,0,0,0,0,0,0,0,0,0,0,0,0,0,0,0,0,0,0,0,0,0,0,0,0,0,0,0,0,0,0,0,0,0,0,0,0,0,0,0,0,0,0,1,0,0,0,0,0,1.0462,-0.2871,4.0263,0,0,0,0,0,0,0,-0,0,1.34283,0,0,0,0,0,0,0,0,0,0,0,0,0,0,0,0,0,0,0,0,0,0,0,0,0,0,0,0,0,0,0,0,0,0
0,0,0,0,0,-0,0,2.91834,1.94146,-2.53856,-3.90237e-05,-0.0001439,0.000221509,-0.000234072,-0.000725482,0.00157854,0,0,0,0,0,0,0,0,0,0,0,0,0,0,0,0,0,0,0,0,0,0,0,0,0,0,0,0,0,0,0,0,0,0,0,0,0,0,0,0,1.78587,1.21988,1.57692,-6.2194e-05,5.36576e-05,-0.000797909,-0.000231065,0.000224258,-0.00316233,0,0,0,0,0,0,0,0,0,0,0,0,0,0,0,0,0,0,0,0,0,0,0,0,0,0,0,0,0,0,0,0,0,0,0,0,0,0,0,0,0,0,0,0,0,0,0,0,0,0,0,0,1,0,0,0,0,0,1.1492,-0.1841,4.1292,0,0,0,0,0,0,0,-0,0,1.34282,0,0,0,0,0,0,0,0,0,0,0,0,0,0,0,0,0,0,0,0,0,0,0,0,0,0,0,0,0,0,0,0,0,0
0,0,0,0,0,-0,0,2.91833,1.94145,-2.53854,-7.08722e-05,-0.000131969,0.000221953,-0.000346629,-0.000618585,0.00139643,0,0,0,0,0,0,0,0,0,0,0,0,0,0,0,0,0,0,0,0,0,0,0,0,0,0,0,0,0,0,0,0,0,0,0,0,0,0,0,0,1.78588,1.21987,1.57697,3.6658e-05,-7.08722e-05,0.000591875,0.000190141,-0.000355068,0.00312237,0,0,0,0,0,0,0,0,0,0,0,0,0,0,0,0,0,0,0,0,0,0,0,0,0,0,0,0,0,0,0,0,0,0,0,0,0,0,0,0,0,0,0,0,0,0,0,0,0,0,0,0,1,0,0,0,0,0,1.1492,-0.1841,4.1292,0,0,0,0,0,0,0,-0,0,1.34281,0,0,0,0,0,0,0,0,0,0,0,0,0,0,0,0,0,0,0,0,0,0,0,0,0,0,0,0,0,0,0,0,0,0
0,0,0,0,0,-0,0,2.91833,1.94145,-2.53854,-7.08722e-05,-0.000131969,0.000221953,-0.000346629,-0.000618585,0.00139643,0,0,0,0,0,0,0,0,0,0,0,0,0,0,0,0,0,0,0,0,0,0,0,0,0,0,0,0,0,0,0,0,0,0,0,0,0,0,0,0,1.78588,1.21987,1.57697,3.6658e-05,-7.08722e-05,0.000591875,0.000190141,-0.000355068,0.00312237,0,0,0,0,0,0,0,0,0,0,0,0,0,0,0,0,0,0,0,0,0,0,0,0,0,0,0,0,0,0,0,0,0,0,0,0,0,0,0,0,0,0,0,0,0,0,0,0,0,0,0,0,1,0,0,0,0,0,1.1492,-0.1841,4.1292,0,0,0,0,0,0,0,-0,0,1.34281,0,0,0,0,0,0,0,0,0,0,0,0,0,0,0,0,0,0,0,0,0,0,0,0,0,0,0,0,0,0,0,0,0,0
0,0,0,0,0,-0,0,2.91834,1.94146,-2.53851,4.3903e-05,0.000134148,0.000254862,0.000235033,0.000705949,0.000946293,0,0,0,0,0,0,0,0,0,0,0,0,0,0,0,0,0,0,0,0,0,0,0,0,0,0,0,0,0,0,0,0,0,0,0,0,0,0,0,0,1.78588,1.21987,1.57699,5.36593e-05,2.43906e-06,0.000132195,0.000239198,1.17608e-06,0.000889693,0,0,0,0,0,0,0,0,0,0,0,0,0,0,0,0,0,0,0,0,0,0,0,0,0,0,0,0,0,0,0,0,0,0,0,0,0,0,0,0,0,0,0,0,0,0,0,0,0,0,0,0,1,0,0,0,0,0,1.1492,-0.1841,4.1292,0,0,0,0,0,0,0,-0,0,1.34281,0,0,0,0,0,0,0,0,0,0,0,0,0,0,0,0,0,0,0,0,0,0,0,0,0,0,0,0,0,0,0,0,0,0
0,0,0,0,0,-0,0,2.91834,1.94146,-2.53851,4.3903e-05,0.000134148,0.000254862,0.000235033,0.000705949,0.000946293,0,0,0,0,0,0,0,0,0,0,0,0,0,0,0,0,0,0,0,0,0,0,0,0,0,0,0,0,0,0,0,0,0,0,0,0,0,0,0,0,1.78588,1.21987,1.57699,5.36593e-05,2.43906e-06,0.000132195,0.000239198,1.17608e-06,0.000889693,0,0,0,0,0,0,0,0,0,0,0,0,0,0,0,0,0,0,0,0,0,0,0,0,0,0,0,0,0,0,0,0,0,0,0,0,0,0,0,0,0,0,0,0,0,0,0,0,0,0,0,0,1,0,0,0,0,0,1.1411,-0.1923,4.1212,0,0,0,0,0,0,0,-0,0,1.34281,0,0,0,0,0,0,0,0,0,0,0,0,0,0,0,0,0,0,0,0,0,0,0,0,0,0,0,0,0,0,0,0,0,0
0,0,0,0,0,-0,0,2.91834,1.94145,-2.53853,1.22068e-05,-8.54477e-05,-0.000205036,9.311e-05,-0.000274643,-0.00133147,0,0,0,0,0,0,0,0,0,0,0,0,0,0,0,0,0,0,0,0,0,0,0,0,0,0,0,0,0,0,0,0,0,0,0,0,0,0,0,0,1.78588,1.21989,1.57692,-6.95788e-05,0.000176999,-0.000723587,-0.000342375,0.000746468,-0.00318836,0,0,0,0,0,0,0,0,0,0,0,0,0,0,0,0,0,0,0,0,0,0,0,0,0,0,0,0,0,0,0,0,0,0,0,0,0,0,0,0,0,0,0,0,0,0,0,0,0,0,0,0,1,0,0,0,0,0,1.1411,-0.1923,4.1212,0,0,0,0,0,0,0,-0,0,1.3428,0,0,0,0,0,0,0,0,0,0,0,0,0,0,0,0,0,0,0,0,0,0,0,0,0,0,0,0,0,0,0,0,0,0
0,0,0,0,0,-0,0,2.91834,1.94145,-2.53853,1.22068e-05,-8.54477e-05,-0.000205036,9.311e-05,-0.000274643,-0.00133147,0,0,0,0,0,0,0,0,0,0,0,0,0,0,0,0,0,0,0,0,0,0,0,0,0,0,0,0,0,0,0,0,0,0,0,0,0,0,0,0,1.78588,1.21989,1.57692,-6.95788e-05,0.000176999,-0.000723587,-0.000342375,0.000746468,-0.00318836,0,0,0,0,0,0,0,0,0,0,0,0,0,0,0,0,0,0,0,0,0,0,0,0,0,0,0,0,0,0,0,0,0,0,0,0,0,0,0,0,0,0,0,0,0,0,0,0,0,0,0,0,1,0,0,0,0,0,1.1411,-0.1923,4.1212,0,0,0,0,0,0,0,-0,0,1.3428,0,0,0,0,0,0,0,0,0,0,0,0,0,0,0,0,0,0,0,0,0,0,0,0,0,0,0,0,0,0,0,0,0,0
0,0,0,0,0,-0,0,2.91833,1.94144,-2.53851,-6.11665e-05,-8.31865e-05,0.000238932,-0.000256354,-0.000288373,0.000665947,0,0,0,0,0,0,0,0,0,0,0,0,0,0,0,0,0,0,0,0,0,0,0,0,0,0,0,0,0,0,0,0,0,0,0,0,0,0,0,0,1.78588,1.21986,1.57697,2.93599e-05,-0.000210413,0.000569852,0.000111021,-0.000998586,0.00270106,0,0,0,0,0,0,0,0,0,0,0,0,0,0,0,0,0,0,0,0,0,0,0,0,0,0,0,0,0,0,0,0,0,0,0,0,0,0,0,0,0,0,0,0,0,0,0,0,0,0,0,0,1,0,0,0,0,0,1.1411,-0.1923,4.1212,0,0,0,0,0,0,0,-0,0,1.3428,0,0,0,0,0,0,0,0,0,0,0,0,0,0,0,0,0,0,0,0,0,0,0,0,0,0,0,0,0,0,0,0,0,0
0,0,0,0,0,-0,0,2.91833,1.94144,-2.53851,-6.11665e-05,-8.31865e-05,0.000238932,-0.000256354,-0.000288373,0.000665947,0,0,0,0,0,0,0,0,0,0,0,0,0,0,0,0,0,0,0,0,0,0,0,0,0,0,0,0,0,0,0,0,0,0,0,0,0,0,0,0,1.78588,1.21986,1.57697,2.93599e-05,-0.000210413,0.000569852,0.000111021,-0.000998586,0.00270106,0,0,0,0,0,0,0,0,0,0,0,0,0,0,0,0,0,0,0,0,0,0,0,0,0,0,0,0,0,0,0,0,0,0,0,0,0,0,0,0,0,0,0,0,0,0,0,0,0,0,0,0,1,0,0,0,0,0,1.1355,-0.1979,4.1155,0,0,0,0,0,0,0,-0,0,1.3428,0,0,0,0,0,0,0,0,0,0,0,0,0,0,0,0,0,0,0,0,0,0,0,0,0,0,0,0,0,0,0,0,0,0
0,0,0,0,0,-0,0,2.91834,1.94146,-2.53856,4.38975e-05,0.000221926,-0.000514423,0.000218181,0.00104374,-0.00233867,0,0,0,0,0,0,0,0,0,0,0,0,0,0,0,0,0,0,0,0,0,0,0,0,0,0,0,0,0,0,0,0,0,0,0,0,0,0,0,0,1.78587,1.21988,1.57693,-5.12137e-05,0.000118279,-0.000379863,-0.000193738,0.000476141,-0.00137193,0,0,0,0,0,0,0,0,0,0,0,0,0,0,0,0,0,0,0,0,0,0,0,0,0,0,0,0,0,0,0,0,0,0,0,0,0,0,0,0,0,0,0,0,0,0,0,0,0,0,0,0,1,0,0,0,0,0,1.1355,-0.1979,4.1155,0,0,0,0,0,0,0,-0,0,1.34282,0,0,0,0,0,0,0,0,0,0,0,0,0,0,0,0,0,0,0,0,0,0,0,0,0,0,0,0,0,0,0,0,0,0
0,0,0,0,0,-0,0,2.91834,1.94146,-2.53856,4.38975e-05,0.000221926,-0.000514423,0.000218181,0.00104374,-0.00233867,0,0,0,0,0,0,0,0,0,0,0,0,0,0,0,0,0,0,0,0,0,0,0,0,0,0,0,0,0,0,0,0,0,0,0,0,0,0,0,0,1.78587,1.21988,1.57693,-5.12137e-05,0.000118279,-0.000379863,-0.000193738,0.000476141,-0.00137193,0,0,0,0,0,0,0,0,0,0,0,0,0,0,0,0,0,0,0,0,0,0,0,0,0,0,0,0,0,0,0,0,0,0,0,0,0,0,0,0,0,0,0,0,0,0,0,0,0,0,0,0,1,0,0,0,0,0,1.1355,-0.1979,4.1155,0,0,0,0,0,0,0,-0,0,1.34282,0,0,0,0,0,0,0,0,0,0,0,0,0,0,0,0,0,0,0,0,0,0,0,0,0,0,0,0,0,0,0,0,0,0
0,0,0,0,0,-0,0,2.91834,1.94145,-2.53851,1.70757e-05,-0.000100015,0.000428798,8.79979e-05,-0.000480183,0.00195995,0,0,0,0,0,0,0,0,0,0,0,0,0,0,0,0,0,0,0,0,0,0,0,0,0,0,0,0,0,0,0,0,0,0,0,0,0,0,0,0,1.78588,1.21987,1.57696,6.3424e-05,-5.24468e-05,0.000271572,0.000300691,-0.000196828,0.00122869,0,0,0,0,0,0,0,0,0,0,0,0,0,0,0,0,0,0,0,0,0,0,0,0,0,0,0,0,0,0,0,0,0,0,0,0,0,0,0,0,0,0,0,0,0,0,0,0,0,0,0,0,1,0,0,0,0,0,1.1355,-0.1979,4.1155,0,0,0,0,0,0,0,-0,0,1.34281,0,0,0,0,0,0,0,0,0,0,0,0,0,0,0,0,0,0,0,0,0,0,0,0,0,0,0,0,0,0,0,0,0,0
0,0,0,0,0,-0,0,2.91834,1.94145,-2.53851,1.70757e-05,-0.000100015,0.000428798,8.79979e-05,-0.000480183,0.00195995,0,0,0,0,0,0,0,0,0,0,0,0,0,0,0,0,0,0,0,0,0,0,0,0,0,0,0,0,0,0,0,0,0,0,0,0,0,0,0,0,1.78588,1.21987,1.57696,6.3424e-05,-5.24468e-05,0.000271572,0.000300691,-0.000196828,0.00122869,0,0,0,0,0,0,0,0,0,0,0,0,0,0,0,0,0,0,0,0,0,0,0,0,0,0,0,0,0,0,0,0,0,0,0,0,0,0,0,0,0,0,0,0,0,0,0,0,0,0,0,0,1,0,0,0,0,0,1.1354,-0.198,4.1154,0,0,0,0,0,0,0,-0,0,1.34281,0,0,0,0,0,0,0,0,0,0,0,0,0,0,0,0,0,0,0,0,0,0,0,0,0,0,0,0,0,0,0,0,0,0
0,0,0,0,0,-0,0,2.91834,1.94146,-2.53851,-1.71075e-05,9.40911e-05,8.83058e-05,-0.000101359,0.000281517,0.000396209,0,0,0,0,0,0,0,0,0,0,0,0,0,0,0,0,0,0,0,0,0,0,0,0,0,0,0,0,0,0,0,0,0,0,0,0,0,0,0,0,1.78588,1.21989,1.57691,-1.46636e-05,0.000150301,-0.000560862,-6.47814e-05,0.000601023,-0.00223722,0,0,0,0,0,0,0,0,0,0,0,0,0,0,0,0,0,0,0,0,0,0,0,0,0,0,0,0,0,0,0,0,0,0,0,0,0,0,0,0,0,0,0,0,0,0,0,0,0,0,0,0,1,0,0,0,0,0,1.1354,-0.198,4.1154,0,0,0,0,0,0,0,-0,0,1.34281,0,0,0,0,0,0,0,0,0,0,0,0,0,0,0,0,0,0,0,0,0,0,0,0,0,0,0,0,0,0,0,0,0,0
0,0,0,0,0,-0,0,2.91834,1.94146,-2.53851,-1.71075e-05,9.40911e-05,8.83058e-05,-0.000101359,0.000281517,0.000396209,0,0,0,0,0,0,0,0,0,0,0,0,0,0,0,0,0,0,0,0,0,0,0,0,0,0,0,0,0,0,0,0,0,0,0,0,0,0,0,0,1.78588,1.21989,1.57691,-1.46636e-05,0.000150301,-0.000560862,-6.47814e-05,0.000601023,-0.00223722,0,0,0,0,0,0,0,0,0,0,0,0,0,0,0,0,0,0,0,0,0,0,0,0,0,0,0,0,0,0,0,0,0,0,0,0,0,0,0,0,0,0,0,0,0,0,0,0,0,0,0,0,1,0,0,0,0,0,1.1354,-0.198,4.1154,0,0,0,0,0,0,0,-0,0,1.34281,0,0,0,0,0,0,0,0,0,0,0,0,0,0,0,0,0,0,0,0,0,0,0,0,0,0,0,0,0,0,0,0,0,0
0,0,0,0,0,-0,0,2.91834,1.94147,-2.53849,0,4.27745e-05,0.000150379,-1.81864e-05,6.73021e-05,0.000274638,0,0,0,0,0,0,0,0,0,0,0,0,0,0,0,0,0,0,0,0,0,0,0,0,0,0,0,0,0,0,0,0,0,0,0,0,0,0,0,0,1.78588,1.2199,1.57693,-4.39965e-05,0.000119768,0.00021244,-0.000205558,0.000347293,0.00127545,0,0,0,0,0,0,0,0,0,0,0,0,0,0,0,0,0,0,0,0,0,0,0,0,0,0,0,0,0,0,0,0,0,0,0,0,0,0,0,0,0,0,0,0,0,0,0,0,0,0,0,0,1,0,0,0,0,0,1.1354,-0.198,4.1154,0,0,0,0,0,0,0,-0,0,1.34281,0,0,0,0,0,0,0,0,0,0,0,0,0,0,0,0,0,0,0,0,0,0,0,0,0,0,0,0,0,0,0,0,0,0
0,0,0,0,0,-0,0,2.91834,1.94147,-2.53849,0,4.27745e-05,0.000150379,-1.81864e-05,6.73021e-05,0.000274638,0,0,0,0,0,0,0,0,0,0,0,0,0,0,0,0,0,0,0,0,0,0,0,0,0,0,0,0,0,0,0,0,0,0,0,0,0,0,0,0,1.78588,1.2199,1.57693,-4.39965e-05,0.000119768,0.00021244,-0.000205558,0.000347293,0.00127545,0,0,0,0,0,0,0,0,0,0,0,0,0,0,0,0,0,0,0,0,0,0,0,0,0,0,0,0,0,0,0,0,0,0,0,0,0,0,0,0,0,0,0,0,0,0,0,0,0,0,0,0,1,0,0,0,0,0,1.1904,-0.143,4.1704,0,0,0,0,0,0,0,-0,0,1.34281,0,0,0,0,0,0,0,0,0,0,0,0,0,0,0,0,0,0,0,0,0,0,0,0,0,0,0,0,0,0,0,0,0,0
0,0,0,0,0,-0,0,2.91834,1.94145,-2.53854,2.44154e-06,-0.000151376,-0.000531703,1.01084e-05,-0.000764308,-0.00257664,0,0,0,0,0,0,0,0,0,0,0,0,0,0,0,0,0,0,0,0,0,0,0,0,0,0,0,0,0,0,0,0,0,0,0,0,0,0,0,0,1.78588,1.21987,1.57698,2.44154e-05,-0.000330829,0.000509052,0.000130707,-0.00162604,0.00242805,0,0,0,0,0,0,0,0,0,0,0,0,0,0,0,0,0,0,0,0,0,0,0,0,0,0,0,0,0,0,0,0,0,0,0,0,0,0,0,0,0,0,0,0,0,0,0,0,0,0,0,0,1,0,0,0,0,0,1.1904,-0.143,4.1704,0,0,0,0,0,0,0,-0,0,1.34281,0,0,0,0,0,0,0,0,0,0,0,0,0,0,0,0,0,0,0,0,0,0,0,0,0,0,0,0,0,0,0,0,0,0
0,0,0,0,0,-0,0,2.91834,1.94145,-2.53854,2.44154e-06,-0.000151376,-0.000531703,1.01084e-05,-0.000764308,-0.00257664,0,0,0,0,0,0,0,0,0,0,0,0,0,0,0,0,0,0,0,0,0,0,0,0,0,0,0,0,0,0,0,0,0,0,0,0,0,0,0,0,1.78588,1.21987,1.57698,2.44154e-05,-0.000330829,0.000509052,0.000130707,-0.00162604,0.00242805,0,0,0,0,0,0,0,0,0,0,0,0,0,0,0,0,0,0,0,0,0,0,0,0,0,0,0,0,0,0,0,0,0,0,0,0,0,0,0,0,0,0,0,0,0,0,0,0,0,0,0,0,1,0,0,0,0,0,1.1904,-0.143,4.1704,0,0,0,0,0,0,0,-0,0,1.34281,0,0,0,0,0,0,0,0,0,0,0,0,0,0,0,0,0,0,0,0,0,0,0,0,0,0,0,0,0,0,0,0,0,0
0,0,0,0,0,-0,0,2.91834,1.94147,-2.53856,2.68076e-05,0.000179123,-0.000168975,0.000107294,0.000749363,-0.000483749,0,0,0,0,0,0,0,0,0,0,0,0,0,0,0,0,0,0,0,0,0,0,0,0,0,0,0,0,0,0,0,0,0,0,0,0,0,0,0,0,1.78588,1.21986,1.57697,1.94965e-05,-2.68076e-05,-6.90183e-05,0.000104394,-2.86411e-05,-0.00069637,0,0,0,0,0,0,0,0,0,0,0,0,0,0,0,0,0,0,0,0,0,0,0,0,0,0,0,0,0,0,0,0,0,0,0,0,0,0,0,0,0,0,0,0,0,0,0,0,0,0,0,0,1,0,0,0,0,0,1.1904,-0.143,4.1704,0,0,0,0,0,0,0,-0,0,1.34283,0,0,0,0,0,0,0,0,0,0,0,0,0,0,0,0,0,0,0,0,0,0,0,0,0,0,0,0,0,0,0,0,0,0
0,0,0,0,0,-0,0,2.91834,1.94147,-2.53856,2.68076e-05,0.000179123,-0.000168975,0.000107294,0.000749363,-0.000483749,0,0,0,0,0,0,0,0,0,0,0,0,0,0,0,0,0,0,0,0,0,0,0,0,0,0,0,0,0,0,0,0,0,0,0,0,0,0,0,0,1.78588,1.21986,1.57697,1.94965e-05,-2.68076e-05,-6.90183e-05,0.000104394,-2.86411e-05,-0.00069637,0,0,0,0,0,0,0,0,0,0,0,0,0,0,0,0,0,0,0,0,0,0,0,0,0,0,0,0,0,0,0,0,0,0,0,0,0,0,0,0,0,0,0,0,0,0,0,0,0,0,0,0,1,0,0,0,0,0,1.1955,-0.1379,4.1755,0,0,0,0,0,0,0,-0,0,1.34283,0,0,0,0,0,0,0,0,0,0,0,0,0,0,0,0,0,0,0,0,0,0,0,0,0,0,0,0,0,0,0,0,0,0
0.05,0,0,0,0,-0,0,2.91834,1.94147,-2.53856,2.68076e-05,0.000179123,-0.000168975,0.000107294,0.000749363,-0.000483749,0,0,0,0,0,0,0,0,0,0,0,0,0,0,0,0,0,0,0,0,0,0,0,0,0,0,0,0,0,0,0,0,0,0,0,0,0,0,0,0,1.78588,1.21986,1.57697,1.94965e-05,-2.68076e-05,-6.90183e-05,0.000104394,-2.86411e-05,-0.00069637,0,0,0,0,0,0,0,0,0,0,0,0,0,0,0,0,0,0,0,0,0,0,0,0,0,0,0,0,0,0,0,0,0,0,0,0,0,0,0,0,0,0,0,0,0,0,0,0,0,0,0,0,1,0,0,0,0,0,1.1955,-0.1379,4.1755,0,0,0,0,0,0,0,-0,0,1.34283,0,0,0,0,0,0,0,0,0,0,0,0,0,0,0,0,0,0,0,0,0,0,0,0,0,0,0,0,0,0,0,0,0,0
0.1,0,0,0,0,-0,0,2.91834,1.94147,-2.53856,2.68076e-05,0.000179123,-0.000168975,0.000107294,0.000749363,-0.000483749,0,0,0,0,0,0,0,0,0,0,0,0,0,0,0,0,0,0,0,0,0,0,0,0,0,0,0,0,0,0,0,0,0,0,0,0,0,0,0,0,1.78588,1.21986,1.57697,1.94965e-05,-2.68076e-05,-6.90183e-05,0.000104394,-2.86411e-05,-0.00069637,0,0,0,0,0,0,0,0,0,0,0,0,0,0,0,0,0,0,0,0,0,0,0,0,0,0,0,0,0,0,0,0,0,0,0,0,0,0,0,0,0,0,0,0,0,0,0,0,0,0,0,0,1,0,0,0,0,0,1.1955,-0.1379,4.1755,0,0,0,0,0,0,0,-0,0,1.34283,0,0,0,0,0,0,0,0,0,0,0,0,0,0,0,0,0,0,0,0,0,0,0,0,0,0,0,0,0,0,0,0,0,0
0.15,0,0,0,0,-0,0,2.91833,1.94148,-2.53858,-4.88644e-05,9.89504e-05,-0.000209964,-0.000224929,0.000333273,-0.000170032,0,0,0,0,0,0,0,0,0,0,0,0,0,0,0,0,0,0,0,0,0,0,0,0,0,0,0,0,0,0,0,0,0,0,0,0,0,0,0,0,1.78588,1.21987,1.57699,-2.68754e-05,3.17618e-05,0.000143157,-0.000126272,0.000433071,7.36137e-06,0,0,0,0,0,0,0,0,0,0,0,0,0,0,0,0,0,0,0,0,0,0,0,0,0,0,0,0,0,0,0,0,0,0,0,0,0,0,0,0,0,0,0,0,0,0,0,0,0,0,0,0,1,0,0,0,0,0,1.1955,-0.1379,4.1755,0,0,0,0,0,0,0,-0,0,1.34283,0,0,0,0,0,0,0,0,0,0,0,0,0,0,0,0,0,0,0,0,0,0,0,0,0,0,0,0,0,0,0,0,0,0
0.2,0,0,0,0,-0,0,2.91833,1.94146,-2.53852,4.88392e-06,-0.000222218,0.000629568,3.4672e-05,-0.00113896,0.00329386,0,0,0,0,0,0,0,0,0,0,0,0,0,0,0,0,0,0,0,0,0,0,0,0,0,0,0,0,0,0,0,0,0,0,0,0,0,0,0,0,1.78588,1.21988,1.57694,1.22098e-05,0.000161169,-0.000443559,4.9112e-05,0.000839514,-0.00224427,0,0,0,0,0,0,0,0,0,0,0,0,0,0,0,0,0,0,0,0,0,0,0,0,0,0,0,0,0,0,0,0,0,0,0,0,0,0,0,0,0,0,0,0,0,0,0,0,0,0,0,0,1,0,0,0,0,0,1.1354,-0.1979,4.1155,0,0,0,0,0,0,0,-0,0,1.34281,0,0,0,0,0,0,0,0,0,0,0,0,0,0,0,0,0,0,0,0,0,0,0,0,0,0,0,0,0,0,0,0,0,0
0.25,0,0,0,0,-0,0,2.91834,1.94145,-2.53857,4.39679e-05,-9.28211e-05,-0.000460384,0.000212156,-0.000366385,-0.00190765,0,0,0,0,0,0,0,0,0,0,0,0,0,0,0,0,0,0,0,0,0,0,0,0,0,0,0,0,0,0,0,0,0,0,0,0,0,0,0,0,1.78587,1.21988,1.5769,-4.64106e-05,-2.32053e-05,-0.000364968,-0.000180961,-0.000177496,-0.00133866,0,0,0,0,0,0,0,0,0,0,0,0,0,0,0,0,0,0,0,0,0,0,0,0,0,0,0,0,0,0,0,0,0,0,0,0,0,0,0,0,0,0,0,0,0,0,0,0,0,0,0,0,1,0,0,0,0,0,1.1354,-0.1979,4.1155,0,0,0,0,0,0,0,-0,0,1.34281,0,0,0,0,0,0,0,0,0,0,0,0,0,0,0,0,0,0,0,0,0,0,0,0,0,0,0,0,0,0,0,0,0,0
0.3,0,0,0,0,-0,0,2.91834,1.94145,-2.53857,4.39679e-05,-9.28211e-05,-0.000460384,0.000212156,-0.000366385,-0.00190765,0,0,0,0,0,0,0,0,0,0,0,0,0,0,0,0,0,0,0,0,0,0,0,0,0,0,0,0,0,0,0,0,0,0,0,0,0,0,0,0,1.78587,1.21988,1.5769,-4.64106e-05,-2.32053e-05,-0.000364968,-0.000180961,-0.000177496,-0.00133866,0,0,0,0,0,0,0,0,0,0,0,0,0,0,0,0,0,0,0,0,0,0,0,0,0,0,0,0,0,0,0,0,0,0,0,0,0,0,0,0,0,0,0,0,0,0,0,0,0,0,0,0,1,0,0,0,0,0,1.1354,-0.1979,4.1155,0,0,0,0,0,0,0,-0,0,1.34281,0,0,0,0,0,0,0,0,0,0,0,0,0,0,0,0,0,0,0,0,0,0,0,0,0,0,0,0,0,0,0,0,0,0
0.3,0,0,0,0,-0,0,2.91834,1.94145,-2.53853,9.75917e-06,4.63561e-05,0.000343096,1.47887e-05,0.000440618,0.00136039,0,0,0,0,0,0,0,0,0,0,0,0,0,0,0,0,0,0,0,0,0,0,0,0,0,0,0,0,0,0,0,0,0,0,0,0,0,0,0,0,1.78588,1.21987,1.57697,7.31937e-05,-6.83142e-05,0.000665939,0.000338073,-0.000424569,0.00343787,0,0,0,0,0,0,0,0,0,0,0,0,0,0,0,0,0,0,0,0,0,0,0,0,0,0,0,0,0,0,0,0,0,0,0,0,0,0,0,0,0,0,0,0,0,0,0,0,0,0,0,0,1,0,0,0,0,0,1.1354,-0.1979,4.1155,0,0,0,0,0,0,0,-0,0,1.34281,0,0,0,0,0,0,0,0,0,0,0,0,0,0,0,0,0,0,0,0,0,0,0,0,0,0,0,0,0,0,0,0,0,0
0.35,0,0,0,0,-0,0,2.91834,1.94145,-2.53853,9.75917e-06,4.63561e-05,0.000343096,1.47887e-05,0.000440618,0.00136039,0,0,0,0,0,0,0,0,0,0,0,0,0,0,0,0,0,0,0,0,0,0,0,0,0,0,0,0,0,0,0,0,0,0,0,0,0,0,0,0,1.78588,1.21987,1.57697,7.31937e-05,-6.83142e-05,0.000665939,0.000338073,-0.000424569,0.00343787,0,0,0,0,0,0,0,0,0,0,0,0,0,0,0,0,0,0,0,0,0,0,0,0,0,0,0,0,0,0,0,0,0,0,0,0,0,0,0,0,0,0,0,0,0,0,0,0,0,0,0,0,1,0,0,0,0,0,1.1355,-0.1979,4.1155,0,0,0,0,0,0,0,-0,0,1.34281,0,0,0,0,0,0,0,0,0,0,0,0,0,0,0,0,0,0,0,0,0,0,0,0,0,0,0,0,0,0,0,0,0,0
0.4,0,0,0,0,-0,0,2.91834,1.94147,-2.53853,-5.12897e-05,0.000140436,3.33917e-05,-0.000261798,0.000749625,2.09838e-05,0,0,0,0,0,0,0,0,0,0,0,0,0,0,0,0,0,0,0,0,0,0,0,0,0,0,0,0,0,0,0,0,0,0,0,0,0,0,0,0,1.78588,1.21987,1.57699,1.95389e-05,-6.83863e-05,0.000220624,5.86948e-05,-0.000288486,0.000929941,0,0,0,0,0,0,0,0,0,0,0,0,0,0,0,0,0,0,0,0,0,0,0,0,0,0,0,0,0,0,0,0,0,0,0,0,0,0,0,0,0,0,0,0,0,0,0,0,0,0,0,0,1,0,0,0,0,0,1.1355,-0.1979,4.1155,0,0,0,0,0,0,0,-0,0,1.34282,0,0,0,0,0,0,0,0,0,0,0,0,0,0,0,0,0,0,0,0,0,0,0,0,0,0,0,0,0,0,0,0,0,0
0.45,0,0,0,0,-0,0,2.91834,1.94147,-2.53853,-5.12897e-05,0.000140436,3.33917e-05,-0.000261798,0.000749625,2.09838e-05,0,0,0,0,0,0,0,0,0,0,0,0,0,0,0,0,0,0,0,0,0,0,0,0,0,0,0,0,0,0,0,0,0,0,0,0,0,0,0,0,1.78588,1.21987,1.57699,1.95389e-05,-6.83863e-05,0.000220624,5.86948e-05,-0.000288486,0.000929941,0,0,0,0,0,0,0,0,0,0,0,0,0,0,0,0,0,0,0,0,0,0,0,0,0,0,0,0,0,0,0,0,0,0,0,0,0,0,0,0,0,0,0,0,0,0,0,0,0,0,0,0,1,0,0,0,0,0,1.1355,-0.1979,4.1155,0,0,0,0,0,0,0,-0,0,1.34282,0,0,0,0,0,0,0,0,0,0,0,0,0,0,0,0,0,0,0,0,0,0,0,0,0,0,0,0,0,0,0,0,0,0
0.5,0,0,0,0,-0,0,2.91834,1.94145,-2.53855,6.59567e-05,-0.000157563,-0.000193232,0.00027377,-0.000698517,-0.00107394,0,0,0,0,0,0,0,0,0,0,0,0,0,0,0,0,0,0,0,0,0,0,0,0,0,0,0,0,0,0,0,0,0,0,0,0,0,0,0,0,1.78588,1.21988,1.57693,-5.00781e-05,0.000102599,-0.000583275,-0.000280658,0.000528238,-0.00299234,0,0,0,0,0,0,0,0,0,0,0,0,0,0,0,0,0,0,0,0,0,0,0,0,0,0,0,0,0,0,0,0,0,0,0,0,0,0,0,0,0,0,0,0,0,0,0,0,0,0,0,0,1,0,0,0,0,0,1.1355,-0.1979,4.1155,0,0,0,0,0,0,0,-0,0,1.34281,0,0,0,0,0,0,0,0,0,0,0,0,0,0,0,0,0,0,0,0,0,0,0,0,0,0,0,0,0,0,0,0,0,0
0.55,0,0,0,0,-0,0,2.91834,1.94145,-2.53855,6.59567e-05,-0.000157563,-0.000193232,0.00027377,-0.000698517,-0.00107394,0,0,0,0,0,0,0,0,0,0,0,0,0,0,0,0,0,0,0,0,0,0,0,0,0,0,0,0,0,0,0,0,0,0,0,0,0,0,0,0,1.78588,1.21988,1.57693,-5.00781e-05,0.000102599,-0.000583275,-0.000280658,0.000528238,-0.00299234,0,0,0,0,0,0,0,0,0,0,0,0,0,0,0,0,0,0,0,0,0,0,0,0,0,0,0,0,0,0,0,0,0,0,0,0,0,0,0,0,0,0,0,0,0,0,0,0,0,0,0,0,1,0,0,0,0,0,1.0835,-0.2499,4.0635,0,0,0,0,0,0,0,-0,0,1.34281,0,0,0,0,0,0,0,0,0,0,0,0,0,0,0,0,0,0,0,0,0,0,0,0,0,0,0,0,0,0,0,0,0,0
0.6,0,0,0,0,-0,0,2.91834,1.94147,-2.53854,-5.12459e-05,0.000153738,7.38756e-05,-0.000231316,0.000628156,0.000273907,0,0,0,0,0,0,0,0,0,0,0,0,0,0,0,0,0,0,0,0,0,0,0,0,0,0,0,0,0,0,0,0,0,0,0,0,0,0,0,0,1.78588,1.21986,1.57697,1.7082e-05,-0.000119574,0.000372953,5.38078e-05,-0.000459847,0.00149218,0,0,0,0,0,0,0,0,0,0,0,0,0,0,0,0,0,0,0,0,0,0,0,0,0,0,0,0,0,0,0,0,0,0,0,0,0,0,0,0,0,0,0,0,0,0,0,0,0,0,0,0,1,0,0,0,0,0,1.0835,-0.2499,4.0635,0,0,0,0,0,0,0,-0,0,1.34282,0,0,0,0,0,0,0,0,0,0,0,0,0,0,0,0,0,0,0,0,0,0,0,0,0,0,0,0,0,0,0,0,0,0
0.65,0,0,0,0,-0,0,2.91834,1.94147,-2.53854,-5.12459e-05,0.000153738,7.38756e-05,-0.000231316,0.000628156,0.000273907,0,0,0,0,0,0,0,0,0,0,0,0,0,0,0,0,0,0,0,0,0,0,0,0,0,0,0,0,0,0,0,0,0,0,0,0,0,0,0,0,1.78588,1.21986,1.57697,1.7082e-05,-0.000119574,0.000372953,5.38078e-05,-0.000459847,0.00149218,0,0,0,0,0,0,0,0,0,0,0,0,0,0,0,0,0,0,0,0,0,0,0,0,0,0,0,0,0,0,0,0,0,0,0,0,0,0,0,0,0,0,0,0,0,0,0,0,0,0,0,0,1,0,0,0,0,0,1.0835,-0.2499,4.0635,0,0,0,0,0,0,0,-0,0,1.34282,0,0,0,0,0,0,0,0,0,0,0,0,0,0,0,0,0,0,0,0,0,0,0,0,0,0,0,0,0,0,0,0,0,0
0.7,0,0,0,0,-0,0,2.91833,1.94146,-2.53856,-3.17338e-05,-7.8114e-05,-0.000202627,-0.000129227,-0.000369905,-0.000758004,0,0,0,0,0,0,0,0,0,0,0,0,0,0,0,0,0,0,0,0,0,0,0,0,0,0,0,0,0,0,0,0,0,0,0,0,0,0,0,0,1.78588,1.21988,1.57694,6.10265e-06,0.000201387,-0.000325395,3.37005e-05,0.000872821,-0.00128793,0,0,0,0,0,0,0,0,0,0,0,0,0,0,0,0,0,0,0,0,0,0,0,0,0,0,0,0,0,0,0,0,0,0,0,0,0,0,0,0,0,0,0,0,0,0,0,0,0,0,0,0,1,0,0,0,0,0,1.0835,-0.2499,4.0635,0,0,0,0,0,0,0,-0,0,1.3428,0,0,0,0,0,0,0,0,0,0,0,0,0,0,0,0,0,0,0,0,0,0,0,0,0,0,0,0,0,0,0,0,0,0
0.75,0,0,0,0,-0,0,2.91833,1.94146,-2.53856,-3.17338e-05,-7.8114e-05,-0.000202627,-0.000129227,-0.000369905,-0.000758004,0,0,0,0,0,0,0,0,0,0,0,0,0,0,0,0,0,0,0,0,0,0,0,0,0,0,0,0,0,0,0,0,0,0,0,0,0,0,0,0,1.78588,1.21988,1.57694,6.10265e-06,0.000201387,-0.000325395,3.37005e-05,0.000872821,-0.00128793,0,0,0,0,0,0,0,0,0,0,0,0,0,0,0,0,0,0,0,0,0,0,0,0,0,0,0,0,0,0,0,0,0,0,0,0,0,0,0,0,0,0,0,0,0,0,0,0,0,0,0,0,1,0,0,0,0,0,1.1333,-0.2,4.1133,0,0,0,0,0,0,0,-0,0,1.3428,0,0,0,0,0,0,0,0,0,0,0,0,0,0,0,0,0,0,0,0,0,0,0,0,0,0,0,0,0,0,0,0,0,0
0.8,0,0,0,0,-0,0,2.91834,1.94145,-2.53852,4.88658e-05,-7.45203e-05,0.000369834,0.000258249,-0.000342695,0.00169254,0,0,0,0,0,0,0,0,0,0,0,0,0,0,0,0,0,0,0,0,0,0,0,0,0,0,0,0,0,0,0,0,0,0,0,0,0,0,0,0,1.78588,1.21989,1.57689,-3.05411e-05,8.42933e-05,-0.000536855,-0.000128889,0.000236387,-0.00199398,0,0,0,0,0,0,0,0,0,0,0,0,0,0,0,0,0,0,0,0,0,0,0,0,0,0,0,0,0,0,0,0,0,0,0,0,0,0,0,0,0,0,0,0,0,0,0,0,0,0,0,0,1,0,0,0,0,0,1.1333,-0.2,4.1133,0,0,0,0,0,0,0,-0,0,1.3428,0,0,0,0,0,0,0,0,0,0,0,0,0,0,0,0,0,0,0,0,0,0,0,0,0,0,0,0,0,0,0,0,0,0
0.85,0,0,0,0,-0,0,2.91834,1.94145,-2.53852,4.88658e-05,-7.45203e-05,0.000369834,0.000258249,-0.000342695,0.00169254,0,0,0,0,0,0,0,0,0,0,0,0,0,0,0,0,0,0,0,0,0,0,0,0,0,0,0,0,0,0,0,0,0,0,0,0,0,0,0,0,1.78588,1.21989,1.57689,-3.05411e-05,8.42933e-05,-0.000536855,-0.000128889,0.000236387,-0.00199398,0,0,0,0,0,0,0,0,0,0,0,0,0,0,0,0,0,0,0,0,0,0,0,0,0,0,0,0,0,0,0,0,0,0,0,0,0,0,0,0,0,0,0,0,0,0,0,0,0,0,0,0,1,0,0,0,0,0,1.1333,-0.2,4.1133,0,0,0,0,0,0,0,-0,0,1.3428,0,0,0,0,0,0,0,0,0,0,0,0,0,0,0,0,0,0,0,0,0,0,0,0,0,0,0,0,0,0,0,0,0,0
0.9,0,0,0,0,-0,0,2.91834,1.94149,-2.53869,3.90719e-05,0.000372404,-0.00168603,0.0001685,0.00158346,-0.00686555,0,0,0,0,0,0,0,0,0,0,0,0,0,0,0,0,0,0,0,0,0,0,0,0,0,0,0,0,0,0,0,0,0,0,0,0,0,0,0,0,1.78588,1.21988,1.57693,2.442e-06,-0.000144078,0.000481722,3.23173e-05,-0.000856492,0.00277573,0,0,0,0,0,0,0,0,0,0,0,0,0,0,0,0,0,0,0,0,0,0,0,0,0,0,0,0,0,0,0,0,0,0,0,0,0,0,0,0,0,0,0,0,0,0,0,0,0,0,0,0,1,0,0,0,0,0,1.1333,-0.2,4.1133,0,0,0,0,0,0,0,-0,0,1.34283,0,0,0,0,0,0,0,0,0,0,0,0,0,0,0,0,0,0,0,0,0,0,0,0,0,0,0,0,0,0,0,0,0,0
0.95,0,0,0,0,-0,0,2.91834,1.94149,-2.53869,3.90719e-05,0.000372404,-0.00168603,0.0001685,0.00158346,-0.00686555,0,0,0,0,0,0,0,0,0,0,0,0,0,0,0,0,0,0,0,0,0,0,0,0,0,0,0,0,0,0,0,0,0,0,0,0,0,0,0,0,1.78588,1.21988,1.57693,2.442e-06,-0.000144078,0.000481722,3.23173e-05,-0.000856492,0.00277573,0,0,0,0,0,0,0,0,0,0,0,0,0,0,0,0,0,0,0,0,0,0,0,0,0,0,0,0,0,0,0,0,0,0,0,0,0,0,0,0,0,0,0,0,0,0,0,0,0,0,0,0,1,0,0,0,0,0,1.0839,-0.2493,4.064,0,0,0,0,0,0,0,-0,0,1.34283,0,0,0,0,0,0,0,0,0,0,0,0,0,0,0,0,0,0,0,0,0,0,0,0,0,0,0,0,0,0,0,0,0,0
1,0,0,0,0,-0,0,2.91834,1.94147,-2.53856,-4.87965e-05,-0.000158589,0.00128663,-0.000262107,-0.000910029,0.00659663,0,0,0,0,0,0,0,0,0,0,0,0,0,0,0,0,0,0,0,0,0,0,0,0,0,0,0,0,0,0,0,0,0,0,0,0,0,0,0,0,1.78587,1.21988,1.57694,-3.65974e-05,-1.4639e-05,1.42959e-05,-0.000114762,-0.000145147,0.000445189,0,0,0,0,0,0,0,0,0,0,0,0,0,0,0,0,0,0,0,0,0,0,0,0,0,0,0,0,0,0,0,0,0,0,0,0,0,0,0,0,0,0,0,0,0,0,0,0,0,0,0,0,1,0,0,0,0,0,1.0839,-0.2493,4.064,0,0,0,0,0,0,0,-0,0,1.34282,0,0,0,0,0,0,0,0,0,0,0,0,0,0,0,0,0,0,0,0,0,0,0,0,0,0,0,0,0,0,0,0,0,0
1.05,0,0,0,0,-0,0,2.91834,1.94147,-2.53856,-4.87965e-05,-0.000158589,0.00128663,-0.000262107,-0.000910029,0.00659663,0,0,0,0,0,0,0,0,0,0,0,0,0,0,0,0,0,0,0,0,0,0,0,0,0,0,0,0,0,0,0,0,0,0,0,0,0,0,0,0,1.78587,1.21988,1.57694,-3.65974e-05,-1.4639e-05,1.42959e-05,-0.000114762,-0.000145147,0.000445189,0,0,0,0,0,0,0,0,0,0,0,0,0,0,0,0,0,0,0,0,0,0,0,0,0,0,0,0,0,0,0,0,0,0,0,0,0,0,0,0,0,0,0,0,0,0,0,0,0,0,0,0,1,0,0,0,0,0,1.0839,-0.2493,4.064,0,0,0,0,0,0,0,-0,0,1.34282,0,0,0,0,0,0,0,0,0,0,0,0,0,0,0,0,0,0,0,0,0,0,0,0,0,0,0,0,0,0,0,0,0,0
1.1,0,0,0,0,-0,0,2.91834,1.94147,-2.53856,-4.87965e-05,-0.000158589,0.00128663,-0.000262107,-0.000910029,0.00659663,0,0,0,0,0,0,0,0,0,0,0,0,0,0,0,0,0,0,0,0,0,0,0,0,0,0,0,0,0,0,0,0,0,0,0,0,0,0,0,0,1.78587,1.21988,1.57694,-3.65974e-05,-1.4639e-05,1.42959e-05,-0.000114762,-0.000145147,0.000445189,0,0,0,0,0,0,0,0,0,0,0,0,0,0,0,0,0,0,0,0,0,0,0,0,0,0,0,0,0,0,0,0,0,0,0,0,0,0,0,0,0,0,0,0,0,0,0,0,0,0,0,0,1,0,0,0,0,0,1.0839,-0.2493,4.064,0,0,0,0,0,0,0,-0,0,1.34282,0,0,0,0,0,0,0,0,0,0,0,0,0,0,0,0,0,0,0,0,0,0,0,0,0,0,0,0,0,0,0,0,0,0
1.15,0,0,0,0,-0,0,2.91834,1.94147,-2.53856,-4.87965e-05,-0.000158589,0.00128663,-0.000262107,-0.000910029,0.00659663,0,0,0,0,0,0,0,0,0,0,0,0,0,0,0,0,0,0,0,0,0,0,0,0,0,0,0,0,0,0,0,0,0,0,0,0,0,0,0,0,1.78587,1.21988,1.57694,-3.65974e-05,-1.4639e-05,1.42959e-05,-0.000114762,-0.000145147,0.000445189,0,0,0,0,0,0,0,0,0,0,0,0,0,0,0,0,0,0,0,0,0,0,0,0,0,0,0,0,0,0,0,0,0,0,0,0,0,0,0,0,0,0,0,0,0,0,0,0,0,0,0,0,1,0,0,0,0,0,1.1355,-0.1979,4.1155,0,0,0,0,0,0,0,-0,0,1.34282,0,0,0,0,0,0,0,0,0,0,0,0,0,0,0,0,0,0,0,0,0,0,0,0,0,0,0,0,0,0,0,0,0,0
1.2,0,0,0,0,-0,0,2.91834,1.94147,-2.53856,-4.87965e-05,-0.000158589,0.00128663,-0.000262107,-0.000910029,0.00659663,0,0,0,0,0,0,0,0,0,0,0,0,0,0,0,0,0,0,0,0,0,0,0,0,0,0,0,0,0,0,0,0,0,0,0,0,0,0,0,0,1.78587,1.21988,1.57694,-3.65974e-05,-1.4639e-05,1.42959e-05,-0.000114762,-0.000145147,0.000445189,0,0,0,0,0,0,0,0,0,0,0,0,0,0,0,0,0,0,0,0,0,0,0,0,0,0,0,0,0,0,0,0,0,0,0,0,0,0,0,0,0,0,0,0,0,0,0,0,0,0,0,0,1,0,0,0,0,0,1.1355,-0.1979,4.1155,0,0,0,0,0,0,0,-0,0,1.34282,0,0,0,0,0,0,0,0,0,0,0,0,0,0,0,0,0,0,0,0,0,0,0,0,0,0,0,0,0,0,0,0,0,0
1.25,0,0,0,0,-0,0,2.91834,1.94147,-2.53856,-4.87965e-05,-0.000158589,0.00128663,-0.000262107,-0.000910029,0.00659663,0,0,0,0,0,0,0,0,0,0,0,0,0,0,0,0,0,0,0,0,0,0,0,0,0,0,0,0,0,0,0,0,0,0,0,0,0,0,0,0,1.78587,1.21988,1.57694,-3.65974e-05,-1.4639e-05,1.42959e-05,-0.000114762,-0.000145147,0.000445189,0,0,0,0,0,0,0,0,0,0,0,0,0,0,0,0,0,0,0,0,0,0,0,0,0,0,0,0,0,0,0,0,0,0,0,0,0,0,0,0,0,0,0,0,0,0,0,0,0,0,0,0,1,0,0,0,0,0,1.1355,-0.1979,4.1155,0,0,0,0,0,0,0,-0,0,1.34282,0,0,0,0,0,0,0,0,0,0,0,0,0,0,0,0,0,0,0,0,0,0,0,0,0,0,0,0,0,0,0,0,0,0
1.3,0,0,0,0,-0,0,2.91834,1.94146,-2.53855,2.44318e-05,-0.00011483,0.000167015,7.70276e-05,-0.000708719,0.00130665,0,0,0,0,0,0,0,0,0,0,0,0,0,0,0,0,0,0,0,0,0,0,0,0,0,0,0,0,0,0,0,0,0,0,0,0,0,0,0,0,1.78588,1.21986,1.577,5.74149e-05,-0.00016125,0.000637042,0.000286892,-0.000576574,0.00243985,0,0,0,0,0,0,0,0,0,0,0,0,0,0,0,0,0,0,0,0,0,0,0,0,0,0,0,0,0,0,0,0,0,0,0,0,0,0,0,0,0,0,0,0,0,0,0,0,0,0,0,0,1,0,0,0,0,0,1.1355,-0.1979,4.1155,0,0,0,0,0,0,0,-0,0,1.34282,0,0,0,0,0,0,0,0,0,0,0,0,0,0,0,0,0,0,0,0,0,0,0,0,0,0,0,0,0,0,0,0,0,0
1.35,0,0,0,0,-0,0,2.91834,1.94146,-2.53856,-2.4382e-06,1.46292e-05,-9.7623e-05,-1.51938e-05,0.000118727,-0.000987888,0,0,0,0,0,0,0,0,0,0,0,0,0,0,0,0,0,0,0,0,0,0,0,0,0,0,0,0,0,0,0,0,0,0,0,0,0,0,0,0,1.78587,1.21988,1.57693,-5.36403e-05,0.000209685,-0.000691695,-0.000217088,0.00107736,-0.00357348,0,0,0,0,0,0,0,0,0,0,0,0,0,0,0,0,0,0,0,0,0,0,0,0,0,0,0,0,0,0,0,0,0,0,0,0,0,0,0,0,0,0,0,0,0,0,0,0,0,0,0,0,1,0,0,0,0,0,1.1653,-0.1681,4.1453,0,0,0,0,0,0,0,-0,0,1.34282,0,0,0,0,0,0,0,0,0,0,0,0,0,0,0,0,0,0,0,0,0,0,0,0,0,0,0,0,0,0,0,0,0,0
1.4,0,0,0,0,-0,0,2.91834,1.94146,-2.53854,-3.17543e-05,-5.37381e-05,0.00015505,-0.000138731,-8.98768e-05,0.000106113,0,0,0,0,0,0,0,0,0,0,0,0,0,0,0,0,0,0,0,0,0,0,0,0,0,0,0,0,0,0,0,0,0,0,0,0,0,0,0,0,1.78587,1.21988,1.57695,-4.88528e-06,-5.49594e-05,0.000219456,-3.52896e-06,-0.000187565,0.000683961,0,0,0,0,0,0,0,0,0,0,0,0,0,0,0,0,0,0,0,0,0,0,0,0,0,0,0,0,0,0,0,0,0,0,0,0,0,0,0,0,0,0,0,0,0,0,0,0,0,0,0,0,1,0,0,0,0,0,1.1653,-0.1681,4.1453,0,0,0,0,0,0,0,-0,0,1.34282,0,0,0,0,0,0,0,0,0,0,0,0,0,0,0,0,0,0,0,0,0,0,0,0,0,0,0,0,0,0,0,0,0,0
1.45,0,0,0,0,-0,0,2.91834,1.94145,-2.53852,9.76562e-06,-7.08007e-05,0.000195503,6.58331e-05,-0.000150482,0.000373617,0,0,0,0,0,0,0,0,0,0,0,0,0,0,0,0,0,0,0,0,0,0,0,0,0,0,0,0,0,0,0,0,0,0,0,0,0,0,0,0,1.78588,1.21987,1.57694,5.61523e-05,-3.41797e-05,-7.86781e-05,0.000270608,-0.000200619,-0.000204854,0,0,0,0,0,0,0,0,0,0,0,0,0,0,0,0,0,0,0,0,0,0,0,0,0,0,0,0,0,0,0,0,0,0,0,0,0,0,0,0,0,0,0,0,0,0,0,0,0,0,0,0,1,0,0,0,0,0,1.1653,-0.1681,4.1453,0,0,0,0,0,0,0,-0,0,1.34281,0,0,0,0,0,0,0,0,0,0,0,0,0,0,0,0,0,0,0,0,0,0,0,0,0,0,0,0,0,0,0,0,0,0
1.5,0,0,0,0,-0,0,2.91834,1.94145,-2.53856,9.76646e-06,-1.70913e-05,-0.000374349,6.7235e-05,0.00011609,-0.00201653,0,0,0,0,0,0,0,0,0,0,0,0,0,0,0,0,0,0,0,0,0,0,0,0,0,0,0,0,0,0,0,0,0,0,0,0,0,0,0,0,1.78588,1.21986,1.57702,2.19745e-05,-0.000111093,0.000783272,6.30218e-05,-0.000429539,0.00320076,0,0,0,0,0,0,0,0,0,0,0,0,0,0,0,0,0,0,0,0,0,0,0,0,0,0,0,0,0,0,0,0,0,0,0,0,0,0,0,0,0,0,0,0,0,0,0,0,0,0,0,0,1,0,0,0,0,0,1.1653,-0.1681,4.1453,0,0,0,0,0,0,0,-0,0,1.34281,0,0,0,0,0,0,0,0,0,0,0,0,0,0,0,0,0,0,0,0,0,0,0,0,0,0,0,0,0,0,0,0,0,0
1.55,0,0,0,0,-0,0,2.91834,1.94145,-2.53856,9.76646e-06,-1.70913e-05,-0.000374349,6.7235e-05,0.00011609,-0.00201653,0,0,0,0,0,0,0,0,0,0,0,0,0,0,0,0,0,0,0,0,0,0,0,0,0,0,0,0,0,0,0,0,0,0,0,0,0,0,0,0,1.78588,1.21986,1.57702,2.19745e-05,-0.000111093,0.000783272,6.30218e-05,-0.000429539,0.00320076,0,0,0,0,0,0,0,0,0,0,0,0,0,0,0,0,0,0,0,0,0,0,0,0,0,0,0,0,0,0,0,0,0,0,0,0,0,0,0,0,0,0,0,0,0,0,0,0,0,0,0,0,1,0,0,0,0,0,1.1844,-0.149,4.1645,0,0,0,0,0,0,0,-0,0,1.34281,0,0,0,0,0,0,0,0,0,0,0,0,0,0,0,0,0,0,0,0,0,0,0,0,0,0,0,0,0,0,0,0,0,0
1.6,0,0,0,0,-0,0,2.91833,1.94146,-2.53852,-3.90438e-05,9.15089e-05,0.000338392,-0.000154487,0.000539728,0.00131378,0,0,0,0,0,0,0,0,0,0,0,0,0,0,0,0,0,0,0,0,0,0,0,0,0,0,0,0,0,0,0,0,0,0,0,0,0,0,0,0,1.78588,1.21988,1.57694,-6.10059e-05,0.000142754,-0.000867428,-0.000321834,0.000725447,-0.00421321,0,0,0,0,0,0,0,0,0,0,0,0,0,0,0,0,0,0,0,0,0,0,0,0,0,0,0,0,0,0,0,0,0,0,0,0,0,0,0,0,0,0,0,0,0,0,0,0,0,0,0,0,1,0,0,0,0,0,1.1844,-0.149,4.1645,0,0,0,0,0,0,0,-0,0,1.34281,0,0,0,0,0,0,0,0,0,0,0,0,0,0,0,0,0,0,0,0,0,0,0,0,0,0,0,0,0,0,0,0,0,0
1.65,0,0,0,0,-0,0,2.91833,1.94146,-2.53852,-3.90438e-05,9.15089e-05,0.000338392,-0.000154487,0.000539728,0.00131378,0,0,0,0,0,0,0,0,0,0,0,0,0,0,0,0,0,0,0,0,0,0,0,0,0,0,0,0,0,0,0,0,0,0,0,0,0,0,0,0,1.78588,1.21988,1.57694,-6.10059e-05,0.000142754,-0.000867428,-0.000321834,0.000725447,-0.00421321,0,0,0,0,0,0,0,0,0,0,0,0,0,0,0,0,0,0,0,0,0,0,0,0,0,0,0,0,0,0,0,0,0,0,0,0,0,0,0,0,0,0,0,0,0,0,0,0,0,0,0,0,1,0,0,0,0,0,1.1844,-0.149,4.1645,0,0,0,0,0,0,0,-0,0,1.34281,0,0,0,0,0,0,0,0,0,0,0,0,0,0,0,0,0,0,0,0,0,0,0,0,0,0,0,0,0,0,0,0,0,0
1.7,0,0,0,0,-0,0,2.91833,1.94146,-2.53855,-9.76489e-06,-1.22061e-05,-0.000302769,-5.70878e-06,-3.31861e-05,-0.00132298,0,0,0,0,0,0,0,0,0,0,0,0,0,0,0,0,0,0,0,0,0,0,0,0,0,0,0,0,0,0,0,0,0,0,0,0,0,0,0,0,1.78588,1.21985,1.57702,5.981e-05,-0.00025877,0.000818906,0.00023754,-0.00101277,0.00320666,0,0,0,0,0,0,0,0,0,0,0,0,0,0,0,0,0,0,0,0,0,0,0,0,0,0,0,0,0,0,0,0,0,0,0,0,0,0,0,0,0,0,0,0,0,0,0,0,0,0,0,0,1,0,0,0,0,0,1.1844,-0.149,4.1645,0,0,0,0,0,0,0,-0,0,1.34282,0,0,0,0,0,0,0,0,0,0,0,0,0,0,0,0,0,0,0,0,0,0,0,0,0,0,0,0,0,0,0,0,0,0
1.75,0,0,0,0,-0,0,2.91833,1.94146,-2.53855,-9.76489e-06,-1.22061e-05,-0.000302769,-5.70878e-06,-3.31861e-05,-0.00132298,0,0,0,0,0,0,0,0,0,0,0,0,0,0,0,0,0,0,0,0,0,0,0,0,0,0,0,0,0,0,0,0,0,0,0,0,0,0,0,0,1.78588,1.21985,1.57702,5.981e-05,-0.00025877,0.000818906,0.00023754,-0.00101277,0.00320666,0,0,0,0,0,0,0,0,0,0,0,0,0,0,0,0,0,0,0,0,0,0,0,0,0,0,0,0,0,0,0,0,0,0,0,0,0,0,0,0,0,0,0,0,0,0,0,0,0,0,0,0,1,0,0,0,0,0,1.1355,-0.1979,4.1156,0,0,0,0,0,0,0,-0,0,1.34282,0,0,0,0,0,0,0,0,0,0,0,0,0,0,0,0,0,0,0,0,0,0,0,0,0,0,0,0,0,0,0,0,0,0
1.8,0,0,0,0,-0,0,2.91833,1.94146,-2.53859,1.22145e-05,5.49653e-05,-0.000393632,0.000104514,0.000170965,-0.00151394,0,0,0,0,0,0,0,0,0,0,0,0,0,0,0,0,0,0,0,0,0,0,0,0,0,0,0,0,0,0,0,0,0,0,0,0,0,0,0,0,1.78587,1.21988,1.57696,-7.08441e-05,0.000290705,-0.000586869,-0.000303744,0.00135222,-0.00268787,0,0,0,0,0,0,0,0,0,0,0,0,0,0,0,0,0,0,0,0,0,0,0,0,0,0,0,0,0,0,0,0,0,0,0,0,0,0,0,0,0,0,0,0,0,0,0,0,0,0,0,0,1,0,0,0,0,0,1.1355,-0.1979,4.1156,0,0,0,0,0,0,0,-0,0,1.34281,0,0,0,0,0,0,0,0,0,0,0,0,0,0,0,0,0,0,0,0,0,0,0,0,0,0,0,0,0,0,0,0,0,0
1.85,0,0,0,0,-0,0,2.91833,1.94146,-2.53859,1.22145e-05,5.49653e-05,-0.000393632,0.000104514,0.000170965,-0.00151394,0,0,0,0,0,0,0,0,0,0,0,0,0,0,0,0,0,0,0,0,0,0,0,0,0,0,0,0,0,0,0,0,0,0,0,0,0,0,0,0,1.78587,1.21988,1.57696,-7.08441e-05,0.000290705,-0.000586869,-0.000303744,0.00135222,-0.00268787,0,0,0,0,0,0,0,0,0,0,0,0,0,0,0,0,0,0,0,0,0,0,0,0,0,0,0,0,0,0,0,0,0,0,0,0,0,0,0,0,0,0,0,0,0,0,0,0,0,0,0,0,1,0,0,0,0,0,1.1355,-0.1979,4.1156,0,0,0,0,0,0,0,-0,0,1.34281,0,0,0,0,0,0,0,0,0,0,0,0,0,0,0,0,0,0,0,0,0,0,0,0,0,0,0,0,0,0,0,0,0,0
1.9,0,0,0,0,-0,0,2.91833,1.94146,-2.53855,-2.44299e-05,-3.66448e-06,0.000393645,-6.87025e-05,-0.000103877,0.00220993,0,0,0,0,0,0,0,0,0,0,0,0,0,0,0,0,0,0,0,0,0,0,0,0,0,0,0,0,0,0,0,0,0,0,0,0,0,0,0,0,1.78587,1.21988,1.57693,-1.22149e-06,3.17587e-05,-0.000240958,2.23994e-05,9.79821e-05,-0.00103078,0,0,0,0,0,0,0,0,0,0,0,0,0,0,0,0,0,0,0,0,0,0,0,0,0,0,0,0,0,0,0,0,0,0,0,0,0,0,0,0,0,0,0,0,0,0,0,0,0,0,0,0,1,0,0,0,0,0,1.1355,-0.1979,4.1156,0,0,0,0,0,0,0,-0,0,1.34281,0,0,0,0,0,0,0,0,0,0,0,0,0,0,0,0,0,0,0,0,0,0,0,0,0,0,0,0,0,0,0,0,0,0
1.95,0,0,0,0,-0,0,2.91833,1.94146,-2.53855,-2.44299e-05,-3.66448e-06,0.000393645,-6.87025e-05,-0.000103877,0.00220993,0,0,0,0,0,0,0,0,0,0,0,0,0,0,0,0,0,0,0,0,0,0,0,0,0,0,0,0,0,0,0,0,0,0,0,0,0,0,0,0,1.78587,1.21988,1.57693,-1.22149e-06,3.17587e-05,-0.000240958,2.23994e-05,9.79821e-05,-0.00103078,0,0,0,0,0,0,0,0,0,0,0,0,0,0,0,0,0,0,0,0,0,0,0,0,0,0,0,0,0,0,0,0,0,0,0,0,0,0,0,0,0,0,0,0,0,0,0,0,0,0,0,0,1,0,0,0,0,0,1.0967,-0.2366,4.0767,0,0,0,0,0,0,0,-0,0,1.34281,0,0,0,0,0,0,0,0,0,0,0,0,0,0,0,0,0,0,0,0,0,0,0,0,0,0,0,0,0,0,0,0,0,0
2,0,0,0,0,-0,0,2.91833,1.94145,-2.53856,1.22005e-05,-9.88243e-05,-2.62121e-05,8.16173e-05,-0.000479888,0.000154387,0,0,0,0,0,0,0,0,0,0,0,0,0,0,0,0,0,0,0,0,0,0,0,0,0,0,0,0,0,0,0,0,0,0,0,0,0,0,0,0,1.78587,1.21988,1.57694,4.88023e-06,-2.92814e-05,2.62122e-05,8.20161e-05,-0.000354953,0.000672773,0,0,0,0,0,0,0,0,0,0,0,0,0,0,0,0,0,0,0,0,0,0,0,0,0,0,0,0,0,0,0,0,0,0,0,0,0,0,0,0,0,0,0,0,0,0,0,0,0,0,0,0,1,0,0,0,0,0,1.0967,-0.2366,4.0767,0,0,0,0,0,0,0,-0,0,1.34281,0,0,0,0,0,0,0,0,0,0,0,0,0,0,0,0,0,0,0,0,0,0,0,0,0,0,0,0,0,0,0,0,0,0
2.05,0,0,0,0,-0,0,2.91833,1.94145,-2.53856,1.22005e-05,-9.88243e-05,-2.62121e-05,8.16173e-05,-0.000479888,0.000154387,0,0,0,0,0,0,0,0,0,0,0,0,0,0,0,0,0,0,0,0,0,0,0,0,0,0,0,0,0,0,0,0,0,0,0,0,0,0,0,0,1.78587,1.21988,1.57694,4.88023e-06,-2.92814e-05,2.62122e-05,8.20161e-05,-0.000354953,0.000672773,0,0,0,0,0,0,0,0,0,0,0,0,0,0,0,0,0,0,0,0,0,0,0,0,0,0,0,0,0,0,0,0,0,0,0,0,0,0,0,0,0,0,0,0,0,0,0,0,0,0,0,0,1,0,0,0,0,0,1.0967,-0.2366,4.0767,0,0,0,0,0,0,0,-0,0,1.34281,0,0,0,0,0,0,0,0,0,0,0,0,0,0,0,0,0,0,0,0,0,0,0,0,0,0,0,0,0,0,0,0,0,0
2.1,0,0,0,0,-0,0,2.91833,1.94146,-2.53855,-1.70908e-05,2.6857e-05,2.14589e-05,-4.77023e-05,0.000163347,4.83237e-06,0,0,0,0,0,0,0,0,0,0,0,0,0,0,0,0,0,0,0,0,0,0,0,0,0,0,0,0,0,0,0,0,0,0,0,0,0,0,0,0,1.78588,1.21987,1.57699,4.88309e-06,-0.000117194,0.000530512,5.73211e-05,-0.000625685,0.00264968,0,0,0,0,0,0,0,0,0,0,0,0,0,0,0,0,0,0,0,0,0,0,0,0,0,0,0,0,0,0,0,0,0,0,0,0,0,0,0,0,0,0,0,0,0,0,0,0,0,0,0,0,1,0,0,0,0,0,1.0967,-0.2366,4.0767,0,0,0,0,0,0,0,-0,0,1.34281,0,0,0,0,0,0,0,0,0,0,0,0,0,0,0,0,0,0,0,0,0,0,0,0,0,0,0,0,0,0,0,0,0,0
2.15,0,0,0,0,-0,0,2.91833,1.94146,-2.53855,-1.70908e-05,2.6857e-05,2.14589e-05,-4.77023e-05,0.000163347,4.83237e-06,0,0,0,0,0,0,0,0,0,0,0,0,0,0,0,0,0,0,0,0,0,0,0,0,0,0,0,0,0,0,0,0,0,0,0,0,0,0,0,0,1.78588,1.21987,1.57699,4.88309e-06,-0.000117194,0.000530512,5.73211e-05,-0.000625685,0.00264968,0,0,0,0,0,0,0,0,0,0,0,0,0,0,0,0,0,0,0,0,0,0,0,0,0,0,0,0,0,0,0,0,0,0,0,0,0,0,0,0,0,0,0,0,0,0,0,0,0,0,0,0,1,0,0,0,0,0,1.1354,-0.1979,4.1155,0,0,0,0,0,0,0,-0,0,1.34281,0,0,0,0,0,0,0,0,0,0,0,0,0,0,0,0,0,0,0,0,0,0,0,0,0,0,0,0,0,0,0,0,0,0
2.2,0,0,0,0,-0,0,2.91833,1.94146,-2.53853,2.19765e-05,-2.44184e-06,0.000247999,0.00010996,6.80093e-05,0.000887865,0,0,0,0,0,0,0,0,0,0,0,0,0,0,0,0,0,0,0,0,0,0,0,0,0,0,0,0,0,0,0,0,0,0,0,0,0,0,0,0,1.78588,1.21985,1.57702,3.66275e-05,-0.000141626,0.000329076,0.000157918,-0.000509966,0.00105367,0,0,0,0,0,0,0,0,0,0,0,0,0,0,0,0,0,0,0,0,0,0,0,0,0,0,0,0,0,0,0,0,0,0,0,0,0,0,0,0,0,0,0,0,0,0,0,0,0,0,0,0,1,0,0,0,0,0,1.1354,-0.1979,4.1155,0,0,0,0,0,0,0,-0,0,1.34282,0,0,0,0,0,0,0,0,0,0,0,0,0,0,0,0,0,0,0,0,0,0,0,0,0,0,0,0,0,0,0,0,0,0
2.25,0,0,0,0,-0,0,2.91833,1.94146,-2.53853,2.19765e-05,-2.44184e-06,0.000247999,0.00010996,6.80093e-05,0.000887865,0,0,0,0,0,0,0,0,0,0,0,0,0,0,0,0,0,0,0,0,0,0,0,0,0,0,0,0,0,0,0,0,0,0,0,0,0,0,0,0,1.78588,1.21985,1.57702,3.66275e-05,-0.000141626,0.000329076,0.000157918,-0.000509966,0.00105367,0,0,0,0,0,0,0,0,0,0,0,0,0,0,0,0,0,0,0,0,0,0,0,0,0,0,0,0,0,0,0,0,0,0,0,0,0,0,0,0,0,0,0,0,0,0,0,0,0,0,0,0,1,0,0,0,0,0,1.1354,-0.1979,4.1155,0,0,0,0,0,0,0,-0,0,1.34282,0,0,0,0,0,0,0,0,0,0,0,0,0,0,0,0,0,0,0,0,0,0,0,0,0,0,0,0,0,0,0,0,0,0
2.3,0,0,0,0,-0,0,2.91834,1.94146,-2.53859,3.66152e-05,4.63793e-05,-0.000646011,0.00014587,0.000223012,-0.00291958,0,0,0,0,0,0,0,0,0,0,0,0,0,0,0,0,0,0,0,0,0,0,0,0,0,0,0,0,0,0,0,0,0,0,0,0,0,0,0,0,1.78588,1.21985,1.57699,3.41742e-05,-4.51588e-05,-0.000309895,9.86533e-05,9.48515e-05,-0.00213641,0,0,0,0,0,0,0,0,0,0,0,0,0,0,0,0,0,0,0,0,0,0,0,0,0,0,0,0,0,0,0,0,0,0,0,0,0,0,0,0,0,0,0,0,0,0,0,0,0,0,0,0,1,0,0,0,0,0,1.1354,-0.1979,4.1155,0,0,0,0,0,0,0,-0,0,1.34282,0,0,0,0,0,0,0,0,0,0,0,0,0,0,0,0,0,0,0,0,0,0,0,0,0,0,0,0,0,0,0,0,0,0
2.35,0,0,0,0,-0,0,2.91834,1.94146,-2.53859,3.66152e-05,4.63793e-05,-0.000646011,0.00014587,0.000223012,-0.00291958,0,0,0,0,0,0,0,0,0,0,0,0,0,0,0,0,0,0,0,0,0,0,0,0,0,0,0,0,0,0,0,0,0,0,0,0,0,0,0,0,1.78588,1.21985,1.57699,3.41742e-05,-4.51588e-05,-0.000309895,9.86533e-05,9.48515e-05,-0.00213641,0,0,0,0,0,0,0,0,0,0,0,0,0,0,0,0,0,0,0,0,0,0,0,0,0,0,0,0,0,0,0,0,0,0,0,0,0,0,0,0,0,0,0,0,0,0,0,0,0,0,0,0,1,0,0,0,0,0,1.2232,-0.1101,4.2034,0,0,0,0,0,0,0,-0,0,1.34282,0,0,0,0,0,0,0,0,0,0,0,0,0,0,0,0,0,0,0,0,0,0,0,0,0,0,0,0,0,0,0,0,0,0
2.4,0,0,0,0,-0,0,2.91834,1.94146,-2.53859,3.66152e-05,4.63793e-05,-0.000646011,0.00014587,0.000223012,-0.00291958,0,0,0,0,0,0,0,0,0,0,0,0,0,0,0,0,0,0,0,0,0,0,0,0,0,0,0,0,0,0,0,0,0,0,0,0,0,0,0,0,1.78588,1.21985,1.57699,3.41742e-05,-4.51588e-05,-0.000309895,9.86533e-05,9.48515e-05,-0.00213641,0,0,0,0,0,0,0,0,0,0,0,0,0,0,0,0,0,0,0,0,0,0,0,0,0,0,0,0,0,0,0,0,0,0,0,0,0,0,0,0,0,0,0,0,0,0,0,0,0,0,0,0,1,0,0,0,0,0,1.2232,-0.1101,4.2034,0,0,0,0,0,0,0,-0,0,1.34282,0,0,0,0,0,0,0,0,0,0,0,0,0,0,0,0,0,0,0,0,0,0,0,0,0,0,0,0,0,0,0,0,0,0
2.45,0,0,0,0,-0,0,2.91834,1.94145,-2.53856,2.68581e-05,-9.52242e-05,0.000362432,5.3432e-05,-0.000410954,0.00176151,0,0,0,0,0,0,0,0,0,0,0,0,0,0,0,0,0,0,0,0,0,0,0,0,0,0,0,0,0,0,0,0,0,0,0,0,0,0,0,0,1.78588,1.21986,1.57701,1.34291e-05,0.000129407,0.000219367,-3.17056e-05,0.000836375,0.00040039,0,0,0,0,0,0,0,0,0,0,0,0,0,0,0,0,0,0,0,0,0,0,0,0,0,0,0,0,0,0,0,0,0,0,0,0,0,0,0,0,0,0,0,0,0,0,0,0,0,0,0,0,1,0,0,0,0,0,1.2232,-0.1101,4.2034,0,0,0,0,0,0,0,-0,0,1.34281,0,0,0,0,0,0,0,0,0,0,0,0,0,0,0,0,0,0,0,0,0,0,0,0,0,0,0,0,0,0,0,0,0,0
2.5,0,0,0,0,-0,0,2.91834,1.94145,-2.53852,1.95314e-05,1.95314e-05,0.000355247,-9.68895e-06,0.000125967,0.00166249,0,0,0,0,0,0,0,0,0,0,0,0,0,0,0,0,0,0,0,0,0,0,0,0,0,0,0,0,0,0,0,0,0,0,0,0,0,0,0,0,1.78589,1.21987,1.57698,2.80765e-05,7.69051e-05,-0.00038505,2.18588e-05,0.000392782,-0.00183135,0,0,0,0,0,0,0,0,0,0,0,0,0,0,0,0,0,0,0,0,0,0,0,0,0,0,0,0,0,0,0,0,0,0,0,0,0,0,0,0,0,0,0,0,0,0,0,0,0,0,0,0,1,0,0,0,0,0,1.2232,-0.1101,4.2034,0,0,0,0,0,0,0,-0,0,1.34281,0,0,0,0,0,0,0,0,0,0,0,0,0,0,0,0,0,0,0,0,0,0,0,0,0,0,0,0,0,0,0,0,0,0
2.55,0,0,0,0,-0,0,2.91834,1.94145,-2.53852,1.95314e-05,1.95314e-05,0.000355247,-9.68895e-06,0.000125967,0.00166249,0,0,0,0,0,0,0,0,0,0,0,0,0,0,0,0,0,0,0,0,0,0,0,0,0,0,0,0,0,0,0,0,0,0,0,0,0,0,0,0,1.78589,1.21987,1.57698,2.80765e-05,7.69051e-05,-0.00038505,2.18588e-05,0.000392782,-0.00183135,0,0,0,0,0,0,0,0,0,0,0,0,0,0,0,0,0,0,0,0,0,0,0,0,0,0,0,0,0,0,0,0,0,0,0,0,0,0,0,0,0,0,0,0,0,0,0,0,0,0,0,0,1,0,0,0,0,0,1.1355,-0.1979,4.1155,0,0,0,0,0,0,0,-0,0,1.34281,0,0,0,0,0,0,0,0,0,0,0,0,0,0,0,0,0,0,0,0,0,0,0,0,0,0,0,0,0,0,0,0,0,0
2.6,0,0,0,0,-0,0,2.91834,1.94145,-2.53852,1.95314e-05,1.95314e-05,0.000355247,-9.68895e-06,0.000125967,0.00166249,0,0,0,0,0,0,0,0,0,0,0,0,0,0,0,0,0,0,0,0,0,0,0,0,0,0,0,0,0,0,0,0,0,0,0,0,0,0,0,0,1.78589,1.21987,1.57698,2.80765e-05,7.69051e-05,-0.00038505,2.18588e-05,0.000392782,-0.00183135,0,0,0,0,0,0,0,0,0,0,0,0,0,0,0,0,0,0,0,0,0,0,0,0,0,0,0,0,0,0,0,0,0,0,0,0,0,0,0,0,0,0,0,0,0,0,0,0,0,0,0,0,1,0,0,0,0,0,1.1355,-0.1979,4.1155,0,0,0,0,0,0,0,-0,0,1.34281,0,0,0,0,0,0,0,0,0,0,0,0,0,0,0,0,0,0,0,0,0,0,0,0,0,0,0,0,0,0,0,0,0,0
2.65,0,0,0,0,-0,0,2.91833,1.94146,-2.53856,-8.05025e-05,4.51302e-05,-0.000362109,-0.000414104,0.0002506,-0.00188185,0,0,0,0,0,0,0,0,0,0,0,0,0,0,0,0,0,0,0,0,0,0,0,0,0,0,0,0,0,0,0,0,0,0,0,0,0,0,0,0,1.78588,1.21989,1.5769,-9.39197e-05,0.000157346,-0.000737321,-0.000467133,0.000497285,-0.00280951,0,0,0,0,0,0,0,0,0,0,0,0,0,0,0,0,0,0,0,0,0,0,0,0,0,0,0,0,0,0,0,0,0,0,0,0,0,0,0,0,0,0,0,0,0,0,0,0,0,0,0,0,1,0,0,0,0,0,1.1355,-0.1979,4.1155,0,0,0,0,0,0,0,-0,0,1.3428,0,0,0,0,0,0,0,0,0,0,0,0,0,0,0,0,0,0,0,0,0,0,0,0,0,0,0,0,0,0,0,0,0,0
2.7,0,0,0,0,-0,0,2.91833,1.94146,-2.53856,-8.05025e-05,4.51302e-05,-0.000362109,-0.000414104,0.0002506,-0.00188185,0,0,0,0,0,0,0,0,0,0,0,0,0,0,0,0,0,0,0,0,0,0,0,0,0,0,0,0,0,0,0,0,0,0,0,0,0,0,0,0,1.78588,1.21989,1.5769,-9.39197e-05,0.000157346,-0.000737321,-0.000467133,0.000497285,-0.00280951,0,0,0,0,0,0,0,0,0,0,0,0,0,0,0,0,0,0,0,0,0,0,0,0,0,0,0,0,0,0,0,0,0,0,0,0,0,0,0,0,0,0,0,0,0,0,0,0,0,0,0,0,1,0,0,0,0,0,1.1355,-0.1979,4.1155,0,0,0,0,0,0,0,-0,0,1.3428,0,0,0,0,0,0,0,0,0,0,0,0,0,0,0,0,0,0,0,0,0,0,0,0,0,0,0,0,0,0,0,0,0,0
2.75,0,0,0,0,-0,0,2.91834,1.94147,-2.5386,7.81845e-05,0.000144153,-0.000412778,0.000330872,0.000562817,-0.00181089,0,0,0,0,0,0,0,0,0,0,0,0,0,0,0,0,0,0,0,0,0,0,0,0,0,0,0,0,0,0,0,0,0,0,0,0,0,0,0,0,1.78588,1.21988,1.57693,2.80974e-05,-9.89519e-05,0.000262459,0.000141122,-0.000711736,0.00217736,0,0,0,0,0,0,0,0,0,0,0,0,0,0,0,0,0,0,0,0,0,0,0,0,0,0,0,0,0,0,0,0,0,0,0,0,0,0,0,0,0,0,0,0,0,0,0,0,0,0,0,0,1,0,0,0,0,0,1.0806,-0.2527,4.0606,0,0,0,0,0,0,0,-0,0,1.34282,0,0,0,0,0,0,0,0,0,0,0,0,0,0,0,0,0,0,0,0,0,0,0,0,0,0,0,0,0,0,0,0,0,0
2.8,0,0,0,0,-0,0,2.91834,1.94147,-2.5386,7.81845e-05,0.000144153,-0.000412778,0.000330872,0.000562817,-0.00181089,0,0,0,0,0,0,0,0,0,0,0,0,0,0,0,0,0,0,0,0,0,0,0,0,0,0,0,0,0,0,0,0,0,0,0,0,0,0,0,0,1.78588,1.21988,1.57693,2.80974e-05,-9.89519e-05,0.000262459,0.000141122,-0.000711736,0.00217736,0,0,0,0,0,0,0,0,0,0,0,0,0,0,0,0,0,0,0,0,0,0,0,0,0,0,0,0,0,0,0,0,0,0,0,0,0,0,0,0,0,0,0,0,0,0,0,0,0,0,0,0,1,0,0,0,0,0,1.0806,-0.2527,4.0606,0,0,0,0,0,0,0,-0,0,1.34282,0,0,0,0,0,0,0,0,0,0,0,0,0,0,0,0,0,0,0,0,0,0,0,0,0,0,0,0,0,0,0,0,0,0
2.85,0,0,0,0,-0,0,2.91833,1.94147,-2.53855,-8.05086e-05,-4.51336e-05,0.000514615,-0.000334525,-0.000375784,0.00262695,0,0,0,0,0,0,0,0,0,0,0,0,0,0,0,0,0,0,0,0,0,0,0,0,0,0,0,0,0,0,0,0,0,0,0,0,0,0,0,0,1.78587,1.21987,1.57696,-5.12329e-05,-1.09785e-05,0.000282324,-0.000149964,-0.000239531,0.00206166,0,0,0,0,0,0,0,0,0,0,0,0,0,0,0,0,0,0,0,0,0,0,0,0,0,0,0,0,0,0,0,0,0,0,0,0,0,0,0,0,0,0,0,0,0,0,0,0,0,0,0,0,1,0,0,0,0,0,1.0806,-0.2527,4.0606,0,0,0,0,0,0,0,-0,0,1.34282,0,0,0,0,0,0,0,0,0,0,0,0,0,0,0,0,0,0,0,0,0,0,0,0,0,0,0,0,0,0,0,0,0,0
2.9,0,0,0,0,-0,0,2.91834,1.94146,-2.53855,2.19765e-05,-6.47085e-05,-4.29228e-05,0.000118746,-0.000430859,-5.08334e-05,0,0,0,0,0,0,0,0,0,0,0,0,0,0,0,0,0,0,0,0,0,0,0,0,0,0,0,0,0,0,0,0,0,0,0,0,0,0,0,0,1.78589,1.21987,1.57696,0.000119649,-7.56966e-05,4.4115e-05,0.000553471,-0.00033842,0.000269574,0,0,0,0,0,0,0,0,0,0,0,0,0,0,0,0,0,0,0,0,0,0,0,0,0,0,0,0,0,0,0,0,0,0,0,0,0,0,0,0,0,0,0,0,0,0,0,0,0,0,0,0,1,0,0,0,0,0,1.0806,-0.2527,4.0606,0,0,0,0,0,0,0,-0,0,1.34281,0,0,0,0,0,0,0,0,0,0,0,0,0,0,0,0,0,0,0,0,0,0,0,0,0,0,0,0,0,0,0,0,0,0
2.95,0,0,0,0,-0,0,2.91834,1.94146,-2.53855,2.19765e-05,-6.47085e-05,-4.29228e-05,0.000118746,-0.000430859,-5.08334e-05,0,0,0,0,0,0,0,0,0,0,0,0,0,0,0,0,0,0,0,0,0,0,0,0,0,0,0,0,0,0,0,0,0,0,0,0,0,0,0,0,1.78589,1.21987,1.57696,0.000119649,-7.56966e-05,4.4115e-05,0.000553471,-0.00033842,0.000269574,0,0,0,0,0,0,0,0,0,0,0,0,0,0,0,0,0,0,0,0,0,0,0,0,0,0,0,0,0,0,0,0,0,0,0,0,0,0,0,0,0,0,0,0,0,0,0,0,0,0,0,0,1,0,0,0,0,0,1.0724,-0.2609,4.0525,0,0,0,0,0,0,0,-0,0,1.34281,0,0,0,0,0,0,0,0,0,0,0,0,0,0,0,0,0,0,0,0,0,0,0,0,0,0,0,0,0,0,0,0,0,0
3,0,0,0,0,-0,0,2.91834,1.94146,-2.53855,2.19765e-05,-6.47085e-05,-4.29228e-05,0.000118746,-0.000430859,-5.08334e-05,0,0,0,0,0,0,0,0,0,0,0,0,0,0,0,0,0,0,0,0,0,0,0,0,0,0,0,0,0,0,0,0,0,0,0,0,0,0,0,0,1.78589,1.21987,1.57696,0.000119649,-7.56966e-05,4.4115e-05,0.000553471,-0.00033842,0.000269574,0,0,0,0,0,0,0,0,0,0,0,0,0,0,0,0,0,0,0,0,0,0,0,0,0,0,0,0,0,0,0,0,0,0,0,0,0,0,0,0,0,0,0,0,0,0,0,0,0,0,0,0,1,0,0,0,0,0,1.0724,-0.2609,4.0525,0,0,0,0,0,0,0,-0,0,1.34281,0,0,0,0,0,0,0,0,0,0,0,0,0,0,0,0,0,0,0,0,0,0,0,0,0,0,0,0,0,0,0,0,0,0
3.05,0,0,0,0,-0,0,2.91834,1.94147,-2.53857,5.61281e-05,7.68711e-05,-0.000209718,0.000269072,0.000299553,-0.00105912,0,0,0,0,0,0,0,0,0,0,0,0,0,0,0,0,0,0,0,0,0,0,0,0,0,0,0,0,0,0,0,0,0,0,0,0,0,0,0,0,1.78588,1.21989,1.57693,-6.46694e-05,0.000218412,-0.000353899,-0.00030898,0.000958607,-0.00167084,0,0,0,0,0,0,0,0,0,0,0,0,0,0,0,0,0,0,0,0,0,0,0,0,0,0,0,0,0,0,0,0,0,0,0,0,0,0,0,0,0,0,0,0,0,0,0,0,0,0,0,0,1,0,0,0,0,0,1.0724,-0.2609,4.0525,0,0,0,0,0,0,0,-0,0,1.34281,0,0,0,0,0,0,0,0,0,0,0,0,0,0,0,0,0,0,0,0,0,0,0,0,0,0,0,0,0,0,0,0,0,0
3.1,0,0,0,0,-0,0,2.91834,1.94147,-2.53857,5.61281e-05,7.68711e-05,-0.000209718,0.000269072,0.000299553,-0.00105912,0,0,0,0,0,0,0,0,0,0,0,0,0,0,0,0,0,0,0,0,0,0,0,0,0,0,0,0,0,0,0,0,0,0,0,0,0,0,0,0,1.78588,1.21989,1.57693,-6.46694e-05,0.000218412,-0.000353899,-0.00030898,0.000958607,-0.00167084,0,0,0,0,0,0,0,0,0,0,0,0,0,0,0,0,0,0,0,0,0,0,0,0,0,0,0,0,0,0,0,0,0,0,0,0,0,0,0,0,0,0,0,0,0,0,0,0,0,0,0,0,1,0,0,0,0,0,1.0724,-0.2609,4.0525,0,0,0,0,0,0,0,-0,0,1.34281,0,0,0,0,0,0,0,0,0,0,0,0,0,0,0,0,0,0,0,0,0,0,0,0,0,0,0,0,0,0,0,0,0,0
3.15,0,0,0,0,-0,0,2.91834,1.94146,-2.53854,-5.86624e-05,-7.94386e-05,0.000386691,-0.000276795,-0.000345887,0.00161065,0,0,0,0,0,0,0,0,0,0,0,0,0,0,0,0,0,0,0,0,0,0,0,0,0,0,0,0,0,0,0,0,0,0,0,0,0,0,0,0,1.78588,1.21988,1.57695,1.58877e-05,-0.000122213,0.000218408,1.9682e-05,-0.000610101,0.00102119,0,0,0,0,0,0,0,0,0,0,0,0,0,0,0,0,0,0,0,0,0,0,0,0,0,0,0,0,0,0,0,0,0,0,0,0,0,0,0,0,0,0,0,0,0,0,0,0,0,0,0,0,1,0,0,0,0,0,1.1172,-0.2162,4.0972,0,0,0,0,0,0,0,-0,0,1.34281,0,0,0,0,0,0,0,0,0,0,0,0,0,0,0,0,0,0,0,0,0,0,0,0,0,0,0,0,0,0,0,0,0,0
3.2,0,0,0,0,-0,0,2.91834,1.94146,-2.53854,-5.86624e-05,-7.94386e-05,0.000386691,-0.000276795,-0.000345887,0.00161065,0,0,0,0,0,0,0,0,0,0,0,0,0,0,0,0,0,0,0,0,0,0,0,0,0,0,0,0,0,0,0,0,0,0,0,0,0,0,0,0,1.78588,1.21988,1.57695,1.58877e-05,-0.000122213,0.000218408,1.9682e-05,-0.000610101,0.00102119,0,0,0,0,0,0,0,0,0,0,0,0,0,0,0,0,0,0,0,0,0,0,0,0,0,0,0,0,0,0,0,0,0,0,0,0,0,0,0,0,0,0,0,0,0,0,0,0,0,0,0,0,1,0,0,0,0,0,1.1172,-0.2162,4.0972,0,0,0,0,0,0,0,-0,0,1.34281,0,0,0,0,0,0,0,0,0,0,0,0,0,0,0,0,0,0,0,0,0,0,0,0,0,0,0,0,0,0,0,0,0,0
3.25,0,0,0,0,-0,0,2.91834,1.94145,-2.53856,1.46388e-05,-6.46547e-05,-0.000262088,5.26205e-05,-0.000236276,-0.00126265,0,0,0,0,0,0,0,0,0,0,0,0,0,0,0,0,0,0,0,0,0,0,0,0,0,0,0,0,0,0,0,0,0,0,0,0,0,0,0,0,1.78588,1.21986,1.57701,8.53931e-06,-0.000204943,0.000588507,2.69875e-05,-0.000909695,0.00245731,0,0,0,0,0,0,0,0,0,0,0,0,0,0,0,0,0,0,0,0,0,0,0,0,0,0,0,0,0,0,0,0,0,0,0,0,0,0,0,0,0,0,0,0,0,0,0,0,0,0,0,0,1,0,0,0,0,0,1.1172,-0.2162,4.0972,0,0,0,0,0,0,0,-0,0,1.34282,0,0,0,0,0,0,0,0,0,0,0,0,0,0,0,0,0,0,0,0,0,0,0,0,0,0,0,0,0,0,0,0,0,0
3.3,0,0,0,0,-0,0,2.91833,1.94145,-2.53852,-8.30773e-05,-2.93214e-05,0.00037463,-0.000314199,1.4394e-05,0.00139707,0,0,0,0,0,0,0,0,0,0,0,0,0,0,0,0,0,0,0,0,0,0,0,0,0,0,0,0,0,0,0,0,0,0,0,0,0,0,0,0,1.78588,1.21986,1.577,-1.22172e-05,2.80997e-05,-1.90894e-05,-6.57647e-05,0.000344951,-0.000759443,0,0,0,0,0,0,0,0,0,0,0,0,0,0,0,0,0,0,0,0,0,0,0,0,0,0,0,0,0,0,0,0,0,0,0,0,0,0,0,0,0,0,0,0,0,0,0,0,0,0,0,0,1,0,0,0,0,0,1.1172,-0.2162,4.0972,0,0,0,0,0,0,0,-0,0,1.34281,0,0,0,0,0,0,0,0,0,0,0,0,0,0,0,0,0,0,0,0,0,0,0,0,0,0,0,0,0,0,0,0,0,0
3.35,0,0,0,0,-0,0,2.91833,1.94145,-2.53852,-8.30773e-05,-2.93214e-05,0.00037463,-0.000314199,1.4394e-05,0.00139707,0,0,0,0,0,0,0,0,0,0,0,0,0,0,0,0,0,0,0,0,0,0,0,0,0,0,0,0,0,0,0,0,0,0,0,0,0,0,0,0,1.78588,1.21986,1.577,-1.22172e-05,2.80997e-05,-1.90894e-05,-6.57647e-05,0.000344951,-0.000759443,0,0,0,0,0,0,0,0,0,0,0,0,0,0,0,0,0,0,0,0,0,0,0,0,0,0,0,0,0,0,0,0,0,0,0,0,0,0,0,0,0,0,0,0,0,0,0,0,0,0,0,0,1,0,0,0,0,0,1.0589,-0.2744,4.039,0,0,0,0,0,0,0,-0,0,1.34281,0,0,0,0,0,0,0,0,0,0,0,0,0,0,0,0,0,0,0,0,0,0,0,0,0,0,0,0,0,0,0,0,0,0
3.4,0,0,0,0,-0,0,2.91833,1.94146,-2.53855,1.70865e-05,0.000107401,-0.000207384,0.000161705,0.000588769,-0.00112589,0,0,0,0,0,0,0,0,0,0,0,0,0,0,0,0,0,0,0,0,0,0,0,0,0,0,0,0,0,0,0,0,0,0,0,0,0,0,0,0,1.78588,1.21986,1.57702,-3.6614e-06,-1.22047e-06,0.000203808,-1.78825e-05,0.000259718,-3.80713e-07,0,0,0,0,0,0,0,0,0,0,0,0,0,0,0,0,0,0,0,0,0,0,0,0,0,0,0,0,0,0,0,0,0,0,0,0,0,0,0,0,0,0,0,0,0,0,0,0,0,0,0,0,1,0,0,0,0,0,1.0589,-0.2744,4.039,0,0,0,0,0,0,0,-0,0,1.34282,0,0,0,0,0,0,0,0,0,0,0,0,0,0,0,0,0,0,0,0,0,0,0,0,0,0,0,0,0,0,0,0,0,0
3.45,0,0,0,0,-0,0,2.91833,1.94146,-2.53855,1.70865e-05,0.000107401,-0.000207384,0.000161705,0.000588769,-0.00112589,0,0,0,0,0,0,0,0,0,0,0,0,0,0,0,0,0,0,0,0,0,0,0,0,0,0,0,0,0,0,0,0,0,0,0,0,0,0,0,0,1.78588,1.21986,1.57702,-3.6614e-06,-1.22047e-06,0.000203808,-1.78825e-05,0.000259718,-3.80713e-07,0,0,0,0,0,0,0,0,0,0,0,0,0,0,0,0,0,0,0,0,0,0,0,0,0,0,0,0,0,0,0,0,0,0,0,0,0,0,0,0,0,0,0,0,0,0,0,0,0,0,0,0,1,0,0,0,0,0,1.0589,-0.2744,4.039,0,0,0,0,0,0,0,-0,0,1.34282,0,0,0,0,0,0,0,0,0,0,0,0,0,0,0,0,0,0,0,0,0,0,0,0,0,0,0,0,0,0,0,0,0,0
3.5,0,0,0,0,-0,0,2.91834,1.94146,-2.53855,0.000107386,1.70841e-05,-4.05175e-05,0.000522389,7.03106e-05,-0.000350821,0,0,0,0,0,0,0,0,0,0,0,0,0,0,0,0,0,0,0,0,0,0,0,0,0,0,0,0,0,0,0,0,0,0,0,0,0,0,0,0,1.78588,1.21989,1.57693,1.46435e-05,0.00033314,-0.000924753,6.89006e-05,0.0014805,-0.00440734,0,0,0,0,0,0,0,0,0,0,0,0,0,0,0,0,0,0,0,0,0,0,0,0,0,0,0,0,0,0,0,0,0,0,0,0,0,0,0,0,0,0,0,0,0,0,0,0,0,0,0,0,1,0,0,0,0,0,1.0589,-0.2744,4.039,0,0,0,0,0,0,0,-0,0,1.34281,0,0,0,0,0,0,0,0,0,0,0,0,0,0,0,0,0,0,0,0,0,0,0,0,0,0,0,0,0,0,0,0,0,0
3.55,0,0,0,0,-0,0,2.91834,1.94146,-2.53855,0.000107386,1.70841e-05,-4.05175e-05,0.000522389,7.03106e-05,-0.000350821,0,0,0,0,0,0,0,0,0,0,0,0,0,0,0,0,0,0,0,0,0,0,0,0,0,0,0,0,0,0,0,0,0,0,0,0,0,0,0,0,1.78588,1.21989,1.57693,1.46435e-05,0.00033314,-0.000924753,6.89006e-05,0.0014805,-0.00440734,0,0,0,0,0,0,0,0,0,0,0,0,0,0,0,0,0,0,0,0,0,0,0,0,0,0,0,0,0,0,0,0,0,0,0,0,0,0,0,0,0,0,0,0,0,0,0,0,0,0,0,0,1,0,0,0,0,0,1.1354,-0.1979,4.1154,0,0,0,0,0,0,0,-0,0,1.34281,0,0,0,0,0,0,0,0,0,0,0,0,0,0,0,0,0,0,0,0,0,0,0,0,0,0,0,0,0,0,0,0,0,0
3.6,0,0,0,0,-0,0,2.91834,1.94146,-2.53855,-3.17594e-05,-6.35188e-05,-5.2487e-05,-0.000193613,-0.000349987,-0.000153557,0,0,0,0,0,0,0,0,0,0,0,0,0,0,0,0,0,0,0,0,0,0,0,0,0,0,0,0,0,0,0,0,0,0,0,0,0,0,0,0,1.78588,1.21989,1.57694,-4.51961e-05,-5.86328e-05,4.77155e-05,-0.000185987,-0.000511597,0.000643988,0,0,0,0,0,0,0,0,0,0,0,0,0,0,0,0,0,0,0,0,0,0,0,0,0,0,0,0,0,0,0,0,0,0,0,0,0,0,0,0,0,0,0,0,0,0,0,0,0,0,0,0,1,0,0,0,0,0,1.1354,-0.1979,4.1154,0,0,0,0,0,0,0,-0,0,1.34281,0,0,0,0,0,0,0,0,0,0,0,0,0,0,0,0,0,0,0,0,0,0,0,0,0,0,0,0,0,0,0,0,0,0
3.65,0,0,0,0,-0,0,2.91834,1.94146,-2.53855,-3.17594e-05,-6.35188e-05,-5.2487e-05,-0.000193613,-0.000349987,-0.000153557,0,0,0,0,0,0,0,0,0,0,0,0,0,0,0,0,0,0,0,0,0,0,0,0,0,0,0,0,0,0,0,0,0,0,0,0,0,0,0,0,1.78588,1.21989,1.57694,-4.51961e-05,-5.86328e-05,4.77155e-05,-0.000185987,-0.000511597,0.000643988,0,0,0,0,0,0,0,0,0,0,0,0,0,0,0,0,0,0,0,0,0,0,0,0,0,0,0,0,0,0,0,0,0,0,0,0,0,0,0,0,0,0,0,0,0,0,0,0,0,0,0,0,1,0,0,0,0,0,1.1354,-0.1979,4.1154,0,0,0,0,0,0,0,-0,0,1.34281,0,0,0,0,0,0,0,0,0,0,0,0,0,0,0,0,0,0,0,0,0,0,0,0,0,0,0,0,0,0,0,0,0,0
3.7,0,0,0,0,-0,0,2.91833,1.94146,-2.53854,-7.32501e-05,-9.76668e-06,0.000133529,-0.000378988,-5.23861e-05,0.000677632,0,0,0,0,0,0,0,0,0,0,0,0,0,0,0,0,0,0,0,0,0,0,0,0,0,0,0,0,0,0,0,0,0,0,0,0,0,0,0,0,1.78588,1.21987,1.57697,5.00542e-05,-0.000128188,0.000317131,0.000234327,-0.00085478,0.00214675,0,0,0,0,0,0,0,0,0,0,0,0,0,0,0,0,0,0,0,0,0,0,0,0,0,0,0,0,0,0,0,0,0,0,0,0,0,0,0,0,0,0,0,0,0,0,0,0,0,0,0,0,1,0,0,0,0,0,1.1354,-0.1979,4.1154,0,0,0,0,0,0,0,-0,0,1.3428,0,0,0,0,0,0,0,0,0,0,0,0,0,0,0,0,0,0,0,0,0,0,0,0,0,0,0,0,0,0,0,0,0,0
3.75,0,0,0,0,-0,0,2.91833,1.94146,-2.53854,-7.32501e-05,-9.76668e-06,0.000133529,-0.000378988,-5.23861e-05,0.000677632,0,0,0,0,0,0,0,0,0,0,0,0,0,0,0,0,0,0,0,0,0,0,0,0,0,0,0,0,0,0,0,0,0,0,0,0,0,0,0,0,1.78588,1.21987,1.57697,5.00542e-05,-0.000128188,0.000317131,0.000234327,-0.00085478,0.00214675,0,0,0,0,0,0,0,0,0,0,0,0,0,0,0,0,0,0,0,0,0,0,0,0,0,0,0,0,0,0,0,0,0,0,0,0,0,0,0,0,0,0,0,0,0,0,0,0,0,0,0,0,1,0,0,0,0,0,1.1272,-0.2062,4.1072,0,0,0,0,0,0,0,-0,0,1.3428,0,0,0,0,0,0,0,0,0,0,0,0,0,0,0,0,0,0,0,0,0,0,0,0,0,0,0,0,0,0,0,0,0,0
3.8,0,0,0,0,-0,0,2.91833,1.94145,-2.53854,2.44251e-06,-1.58763e-05,1.19263e-05,4.97751e-05,-1.5542e-05,3.35892e-05,0,0,0,0,0,0,0,0,0,0,0,0,0,0,0,0,0,0,0,0,0,0,0,0,0,0,0,0,0,0,0,0,0,0,0,0,0,0,0,0,1.78588,1.21987,1.57694,-2.80888e-05,-4.88502e-06,-0.000320818,-0.000114592,-6.70828e-05,-0.00105632,0,0,0,0,0,0,0,0,0,0,0,0,0,0,0,0,0,0,0,0,0,0,0,0,0,0,0,0,0,0,0,0,0,0,0,0,0,0,0,0,0,0,0,0,0,0,0,0,0,0,0,0,1,0,0,0,0,0,1.1272,-0.2062,4.1072,0,0,0,0,0,0,0,-0,0,1.3428,0,0,0,0,0,0,0,0,0,0,0,0,0,0,0,0,0,0,0,0,0,0,0,0,0,0,0,0,0,0,0,0,0,0
3.85,0,0,0,0,-0,0,2.91833,1.94145,-2.53854,2.44251e-06,-1.58763e-05,1.19263e-05,4.97751e-05,-1.5542e-05,3.35892e-05,0,0,0,0,0,0,0,0,0,0,0,0,0,0,0,0,0,0,0,0,0,0,0,0,0,0,0,0,0,0,0,0,0,0,0,0,0,0,0,0,1.78588,1.21987,1.57694,-2.80888e-05,-4.88502e-06,-0.000320818,-0.000114592,-6.70828e-05,-0.00105632,0,0,0,0,0,0,0,0,0,0,0,0,0,0,0,0,0,0,0,0,0,0,0,0,0,0,0,0,0,0,0,0,0,0,0,0,0,0,0,0,0,0,0,0,0,0,0,0,0,0,0,0,1,0,0,0,0,0,1.1272,-0.2062,4.1072,0,0,0,0,0,0,0,-0,0,1.3428,0,0,0,0,0,0,0,0,0,0,0,0,0,0,0,0,0,0,0,0,0,0,0,0,0,0,0,0,0,0,0,0,0,0
3.9,0,0,0,0,-0,0,2.91834,1.94146,-2.53856,5.61306e-05,6.95532e-05,-0.00023356,0.000302469,0.000337008,-0.00104796,0,0,0,0,0,0,0,0,0,0,0,0,0,0,0,0,0,0,0,0,0,0,0,0,0,0,0,0,0,0,0,0,0,0,0,0,0,0,0,0,1.78588,1.21988,1.57693,-5.00295e-05,5.24699e-05,-2.14494e-05,-0.000203756,0.000295534,0.000127939,0,0,0,0,0,0,0,0,0,0,0,0,0,0,0,0,0,0,0,0,0,0,0,0,0,0,0,0,0,0,0,0,0,0,0,0,0,0,0,0,0,0,0,0,0,0,0,0,0,0,0,0,1,0,0,0,0,0,1.1272,-0.2062,4.1072,0,0,0,0,0,0,0,-0,0,1.34281,0,0,0,0,0,0,0,0,0,0,0,0,0,0,0,0,0,0,0,0,0,0,0,0,0,0,0,0,0,0,0,0,0,0
3.95,0,0,0,0,-0,0,2.91834,1.94146,-2.53856,5.61306e-05,6.95532e-05,-0.00023356,0.000302469,0.000337008,-0.00104796,0,0,0,0,0,0,0,0,0,0,0,0,0,0,0,0,0,0,0,0,0,0,0,0,0,0,0,0,0,0,0,0,0,0,0,0,0,0,0,0,1.78588,1.21988,1.57693,-5.00295e-05,5.24699e-05,-2.14494e-05,-0.000203756,0.000295534,0.000127939,0,0,0,0,0,0,0,0,0,0,0,0,0,0,0,0,0,0,0,0,0,0,0,0,0,0,0,0,0,0,0,0,0,0,0,0,0,0,0,0,0,0,0,0,0,0,0,0,0,0,0,0,1,0,0,0,0,0,1.1332,-0.2001,4.1133,0,0,0,0,0,0,0,-0,0,1.34281,0,0,0,0,0,0,0,0,0,0,0,0,0,0,0,0,0,0,0,0,0,0,0,0,0,0,0,0,0,0,0,0,0,0
4,0,0,0,0,-0,0,2.91834,1.94147,-2.53861,3.41978e-05,0.000131906,-0.000472319,0.0001281,0.000499088,-0.00172919,0,0,0,0,0,0,0,0,0,0,0,0,0,0,0,0,0,0,0,0,0,0,0,0,0,0,0,0,0,0,0,0,0,0,0,0,0,0,0,0,1.78588,1.21986,1.57697,1.83203e-05,-0.000179539,0.000318458,0.000138767,-0.00070051,0.00159533,0,0,0,0,0,0,0,0,0,0,0,0,0,0,0,0,0,0,0,0,0,0,0,0,0,0,0,0,0,0,0,0,0,0,0,0,0,0,0,0,0,0,0,0,0,0,0,0,0,0,0,0,1,0,0,0,0,0,1.1332,-0.2001,4.1133,0,0,0,0,0,0,0,-0,0,1.34283,0,0,0,0,0,0,0,0,0,0,0,0,0,0,0,0,0,0,0,0,0,0,0,0,0,0,0,0,0,0,0,0,0,0
4.05,0,0,0,0,-0,0,2.91834,1.94147,-2.53861,3.41978e-05,0.000131906,-0.000472319,0.0001281,0.000499088,-0.00172919,0,0,0,0,0,0,0,0,0,0,0,0,0,0,0,0,0,0,0,0,0,0,0,0,0,0,0,0,0,0,0,0,0,0,0,0,0,0,0,0,1.78588,1.21986,1.57697,1.83203e-05,-0.000179539,0.000318458,0.000138767,-0.00070051,0.00159533,0,0,0,0,0,0,0,0,0,0,0,0,0,0,0,0,0,0,0,0,0,0,0,0,0,0,0,0,0,0,0,0,0,0,0,0,0,0,0,0,0,0,0,0,0,0,0,0,0,0,0,0,1,0,0,0,0,0,1.1332,-0.2001,4.1133,0,0,0,0,0,0,0,-0,0,1.34283,0,0,0,0,0,0,0,0,0,0,0,0,0,0,0,0,0,0,0,0,0,0,0,0,0,0,0,0,0,0,0,0,0,0
4.1,0,0,0,0,-0,0,2.91834,1.94146,-2.53857,-3.90418e-05,-0.000129326,0.0003908,-0.000239265,-0.000722012,0.0023176,0,0,0,0,0,0,0,0,0,0,0,0,0,0,0,0,0,0,0,0,0,0,0,0,0,0,0,0,0,0,0,0,0,0,0,0,0,0,0,0,1.78589,1.21987,1.57697,8.17439e-05,8.05238e-05,-3.57439e-06,0.000383136,0.000483481,-0.000129795,0,0,0,0,0,0,0,0,0,0,0,0,0,0,0,0,0,0,0,0,0,0,0,0,0,0,0,0,0,0,0,0,0,0,0,0,0,0,0,0,0,0,0,0,0,0,0,0,0,0,0,0,1,0,0,0,0,0,1.1332,-0.2001,4.1133,0,0,0,0,0,0,0,-0,0,1.34281,0,0,0,0,0,0,0,0,0,0,0,0,0,0,0,0,0,0,0,0,0,0,0,0,0,0,0,0,0,0,0,0,0,0
4.15,0,0,0,0,-0,0,2.91834,1.94146,-2.53857,-3.90418e-05,-0.000129326,0.0003908,-0.000239265,-0.000722012,0.0023176,0,0,0,0,0,0,0,0,0,0,0,0,0,0,0,0,0,0,0,0,0,0,0,0,0,0,0,0,0,0,0,0,0,0,0,0,0,0,0,0,1.78589,1.21987,1.57697,8.17439e-05,8.05238e-05,-3.57439e-06,0.000383136,0.000483481,-0.000129795,0,0,0,0,0,0,0,0,0,0,0,0,0,0,0,0,0,0,0,0,0,0,0,0,0,0,0,0,0,0,0,0,0,0,0,0,0,0,0,0,0,0,0,0,0,0,0,0,0,0,0,0,1,0,0,0,0,0,1.1355,-0.1978,4.1156,0,0,0,0,0,0,0,-0,0,1.34281,0,0,0,0,0,0,0,0,0,0,0,0,0,0,0,0,0,0,0,0,0,0,0,0,0,0,0,0,0,0,0,0,0,0
4.15,0,0,0,0,-0,0,2.91833,1.94146,-2.53856,-1.95282e-05,-2.56307e-05,6.67467e-05,-0.000115351,-0.000184245,0.000643845,0,0,0,0,0,0,0,0,0,0,0,0,0,0,0,0,0,0,0,0,0,0,0,0,0,0,0,0,0,0,0,0,0,0,0,0,0,0,0,0,1.78588,1.21988,1.57691,-7.32306e-05,0.000151343,-0.000598336,-0.000356292,0.00073344,-0.00268812,0,0,0,0,0,0,0,0,0,0,0,0,0,0,0,0,0,0,0,0,0,0,0,0,0,0,0,0,0,0,0,0,0,0,0,0,0,0,0,0,0,0,0,0,0,0,0,0,0,0,0,0,1,0,0,0,0,0,1.1355,-0.1978,4.1156,0,0,0,0,0,0,0,-0,0,1.34281,0,0,0,0,0,0,0,0,0,0,0,0,0,0,0,0,0,0,0,0,0,0,0,0,0,0,0,0,0,0,0,0,0,0
4.15,0,0,0,0,-0,0,2.91833,1.94146,-2.53856,-1.95282e-05,-2.56307e-05,6.67467e-05,-0.000115351,-0.000184245,0.000643845,0,0,0,0,0,0,0,0,0,0,0,0,0,0,0,0,0,0,0,0,0,0,0,0,0,0,0,0,0,0,0,0,0,0,0,0,0,0,0,0,1.78588,1.21988,1.57691,-7.32306e-05,0.000151343,-0.000598336,-0.000356292,0.00073344,-0.00268812,0,0,0,0,0,0,0,0,0,0,0,0,0,0,0,0,0,0,0,0,0,0,0,0,0,0,0,0,0,0,0,0,0,0,0,0,0,0,0,0,0,0,0,0,0,0,0,0,0,0,0,0,1,0,0,0,0,0,1.1355,-0.1978,4.1156,0,0,0,0,0,0,0,-0,0,1.34281,0,0,0,0,0,0,0,0,0,0,0,0,0,0,0,0,0,0,0,0,0,0,0,0,0,0,0,0,0,0,0,0,0,0
4.15,0,0,0,0,-0,0,2.91834,1.94146,-2.53857,4.39724e-05,1.3436e-05,-5.72558e-05,0.000201214,0.000118195,-0.000335225,0,0,0,0,0,0,0,0,0,0,0,0,0,0,0,0,0,0,0,0,0,0,0,0,0,0,0,0,0,0,0,0,0,0,0,0,0,0,0,0,1.78588,1.21986,1.577,6.35159e-05,-0.000210091,0.000953072,0.000232459,-0.000969944,0.0042387,0,0,0,0,0,0,0,0,0,0,0,0,0,0,0,0,0,0,0,0,0,0,0,0,0,0,0,0,0,0,0,0,0,0,0,0,0,0,0,0,0,0,0,0,0,0,0,0,0,0,0,0,1,0,0,0,0,0,1.1355,-0.1978,4.1156,0,0,0,0,0,0,0,-0,0,1.34282,0,0,0,0,0,0,0,0,0,0,0,0,0,0,0,0,0,0,0,0,0,0,0,0,0,0,0,0,0,0,0,0,0,0
4.2,0,0,0,0,-0,0,2.91834,1.94146,-2.53857,4.39724e-05,1.3436e-05,-5.72558e-05,0.000201214,0.000118195,-0.000335225,0,0,0,0,0,0,0,0,0,0,0,0,0,0,0,0,0,0,0,0,0,0,0,0,0,0,0,0,0,0,0,0,0,0,0,0,0,0,0,0,1.78588,1.21986,1.577,6.35159e-05,-0.000210091,0.000953072,0.000232459,-0.000969944,0.0042387,0,0,0,0,0,0,0,0,0,0,0,0,0,0,0,0,0,0,0,0,0,0,0,0,0,0,0,0,0,0,0,0,0,0,0,0,0,0,0,0,0,0,0,0,0,0,0,0,0,0,0,0,1,0,0,0,0,0,1.0878,-0.2455,4.0679,0,0,0,0,0,0,0,-0,0,1.34282,0,0,0,0,0,0,0,0,0,0,0,0,0,0,0,0,0,0,0,0,0,0,0,0,0,0,0,0,0,0,0,0,0,0
4.2,0,0,0,0,-0,0,2.91833,1.94147,-2.53856,-4.88119e-05,8.42005e-05,0.000116786,-0.00020701,0.000394698,0.000361568,0,0,0,0,0,0,0,0,0,0,0,0,0,0,0,0,0,0,0,0,0,0,0,0,0,0,0,0,0,0,0,0,0,0,0,0,0,0,0,0,1.78588,1.21987,1.57699,-1.70841e-05,0.00012325,-0.000157304,-0.000102683,0.000518651,-0.000952453,0,0,0,0,0,0,0,0,0,0,0,0,0,0,0,0,0,0,0,0,0,0,0,0,0,0,0,0,0,0,0,0,0,0,0,0,0,0,0,0,0,0,0,0,0,0,0,0,0,0,0,0,1,0,0,0,0,0,1.0878,-0.2455,4.0679,0,0,0,0,0,0,0,-0,0,1.34281,0,0,0,0,0,0,0,0,0,0,0,0,0,0,0,0,0,0,0,0,0,0,0,0,0,0,0,0,0,0,0,0,0,0
4.2,0,0,0,0,-0,0,2.91833,1.94147,-2.53856,-4.88119e-05,8.42005e-05,0.000116786,-0.00020701,0.000394698,0.000361568,0,0,0,0,0,0,0,0,0,0,0,0,0,0,0,0,0,0,0,0,0,0,0,0,0,0,0,0,0,0,0,0,0,0,0,0,0,0,0,0,1.78588,1.21987,1.57699,-1.70841e-05,0.00012325,-0.000157304,-0.000102683,0.000518651,-0.000952453,0,0,0,0,0,0,0,0,0,0,0,0,0,0,0,0,0,0,0,0,0,0,0,0,0,0,0,0,0,0,0,0,0,0,0,0,0,0,0,0,0,0,0,0,0,0,0,0,0,0,0,0,1,0,0,0,0,0,1.0878,-0.2455,4.0679,0,0,0,0,0,0,0,-0,0,1.34281,0,0,0,0,0,0,0,0,0,0,0,0,0,0,0,0,0,0,0,0,0,0,0,0,0,0,0,0,0,0,0,0,0,0
4.2,0,0,0,0,-0,0,2.91834,1.94146,-2.53855,5.85308e-05,-4.99951e-05,6.43039e-05,0.000249464,-0.000261969,0.000101616,0,0,0,0,0,0,0,0,0,0,0,0,0,0,0,0,0,0,0,0,0,0,0,0,0,0,0,0,0,0,0,0,0,0,0,0,0,0,0,0,1.78588,1.21987,1.57694,-4.87756e-06,-8.04798e-05,-0.000417975,-5.82332e-05,-0.000301325,-0.00231642,0,0,0,0,0,0,0,0,0,0,0,0,0,0,0,0,0,0,0,0,0,0,0,0,0,0,0,0,0,0,0,0,0,0,0,0,0,0,0,0,0,0,0,0,0,0,0,0,0,0,0,0,1,0,0,0,0,0,1.0878,-0.2455,4.0679,0,0,0,0,0,0,0,-0,0,1.34282,0,0,0,0,0,0,0,0,0,0,0,0,0,0,0,0,0,0,0,0,0,0,0,0,0,0,0,0,0,0,0,0,0,0
4.2,0,0,0,0,-0,0,2.91834,1.94146,-2.53855,5.85308e-05,-4.99951e-05,6.43039e-05,0.000249464,-0.000261969,0.000101616,0,0,0,0,0,0,0,0,0,0,0,0,0,0,0,0,0,0,0,0,0,0,0,0,0,0,0,0,0,0,0,0,0,0,0,0,0,0,0,0,1.78588,1.21987,1.57694,-4.87756e-06,-8.04798e-05,-0.000417975,-5.82332e-05,-0.000301325,-0.00231642,0,0,0,0,0,0,0,0,0,0,0,0,0,0,0,0,0,0,0,0,0,0,0,0,0,0,0,0,0,0,0,0,0,0,0,0,0,0,0,0,0,0,0,0,0,0,0,0,0,0,0,0,1,0,0,0,0,0,1.1912,-0.1421,4.1713,0,0,0,0,0,0,0,-0,0,1.34282,0,0,0,0,0,0,0,0,0,0,0,0,0,0,0,0,0,0,0,0,0,0,0,0,0,0,0,0,0,0,0,0,0,0
4.2,0,0,0,0,-0,0,2.91833,1.94146,-2.53856,-8.07318e-05,1.22321e-06,-8.12288e-05,-0.000344997,-4.13242e-05,-0.000555785,0,0,0,0,0,0,0,0,0,0,0,0,0,0,0,0,0,0,0,0,0,0,0,0,0,0,0,0,0,0,0,0,0,0,0,0,0,0,0,0,1.78588,1.21988,1.57696,-3.42499e-05,0.000125991,0.000148123,-0.000146264,0.000533248,0.000687602,0,0,0,0,0,0,0,0,0,0,0,0,0,0,0,0,0,0,0,0,0,0,0,0,0,0,0,0,0,0,0,0,0,0,0,0,0,0,0,0,0,0,0,0,0,0,0,0,0,0,0,0,1,0,0,0,0,0,1.1912,-0.1421,4.1713,0,0,0,0,0,0,0,-0,0,1.34281,0,0,0,0,0,0,0,0,0,0,0,0,0,0,0,0,0,0,0,0,0,0,0,0,0,0,0,0,0,0,0,0,0,0
4.25,0,0,0,0,-0,0,2.91833,1.94146,-2.53856,-8.07318e-05,1.22321e-06,-8.12288e-05,-0.000344997,-4.13242e-05,-0.000555785,0,0,0,0,0,0,0,0,0,0,0,0,0,0,0,0,0,0,0,0,0,0,0,0,0,0,0,0,0,0,0,0,0,0,0,0,0,0,0,0,1.78588,1.21988,1.57696,-3.42499e-05,0.000125991,0.000148123,-0.000146264,0.000533248,0.000687602,0,0,0,0,0,0,0,0,0,0,0,0,0,0,0,0,0,0,0,0,0,0,0,0,0,0,0,0,0,0,0,0,0,0,0,0,0,0,0,0,0,0,0,0,0,0,0,0,0,0,0,0,1,0,0,0,0,0,1.1912,-0.1421,4.1713,0,0,0,0,0,0,0,-0,0,1.34281,0,0,0,0,0,0,0,0,0,0,0,0,0,0,0,0,0,0,0,0,0,0,0,0,0,0,0,0,0,0,0,0,0,0
4.3,0,0,0,0,-0,0,2.91833,1.94146,-2.53856,-8.07318e-05,1.22321e-06,-8.12288e-05,-0.000344997,-4.13242e-05,-0.000555785,0,0,0,0,0,0,0,0,0,0,0,0,0,0,0,0,0,0,0,0,0,0,0,0,0,0,0,0,0,0,0,0,0,0,0,0,0,0,0,0,1.78588,1.21988,1.57696,-3.42499e-05,0.000125991,0.000148123,-0.000146264,0.000533248,0.000687602,0,0,0,0,0,0,0,0,0,0,0,0,0,0,0,0,0,0,0,0,0,0,0,0,0,0,0,0,0,0,0,0,0,0,0,0,0,0,0,0,0,0,0,0,0,0,0,0,0,0,0,0,1,0,0,0,0,0,1.1912,-0.1421,4.1713,0,0,0,0,0,0,0,-0,0,1.34281,0,0,0,0,0,0,0,0,0,0,0,0,0,0,0,0,0,0,0,0,0,0,0,0,0,0,0,0,0,0,0,0,0,0
4.35,0,0,0,0,-0,0,2.91833,1.94146,-2.53856,2.19325e-05,8.5293e-06,1.90386e-05,0.000122164,3.42339e-05,-2.24427e-05,0,0,0,0,0,0,0,0,0,0,0,0,0,0,0,0,0,0,0,0,0,0,0,0,0,0,0,0,0,0,0,0,0,0,0,0,0,0,0,0,1.78588,1.21988,1.57695,-1.58401e-05,-2.92433e-05,-0.00013208,-2.64274e-05,-0.000186411,-0.000299828,0,0,0,0,0,0,0,0,0,0,0,0,0,0,0,0,0,0,0,0,0,0,0,0,0,0,0,0,0,0,0,0,0,0,0,0,0,0,0,0,0,0,0,0,0,0,0,0,0,0,0,0,1,0,0,0,0,0,1.1752,-0.1582,4.1552,0,0,0,0,0,0,0,-0,0,1.34281,0,0,0,0,0,0,0,0,0,0,0,0,0,0,0,0,0,0,0,0,0,0,0,0,0,0,0,0,0,0,0,0,0,0
4.4,0,0,0,0,-0,0,2.91833,1.94147,-2.53855,-3.42353e-05,1.83403e-05,0.000114627,-8.77997e-05,6.99282e-05,0.000440555,0,0,0,0,0,0,0,0,0,0,0,0,0,0,0,0,0,0,0,0,0,0,0,0,0,0,0,0,0,0,0,0,0,0,0,0,0,0,0,0,1.78588,1.21987,1.57698,8.06975e-05,-2.20084e-05,0.000384479,0.000386182,-0.000180464,0.00175068,0,0,0,0,0,0,0,0,0,0,0,0,0,0,0,0,0,0,0,0,0,0,0,0,0,0,0,0,0,0,0,0,0,0,0,0,0,0,0,0,0,0,0,0,0,0,0,0,0,0,0,0,1,0,0,0,0,0,1.1752,-0.1582,4.1552,0,0,0,0,0,0,0,-0,0,1.34281,0,0,0,0,0,0,0,0,0,0,0,0,0,0,0,0,0,0,0,0,0,0,0,0,0,0,0,0,0,0,0,0,0,0
4.45,0,0,0,0,-0,0,2.91833,1.94147,-2.53855,-3.42353e-05,1.83403e-05,0.000114627,-8.77997e-05,6.99282e-05,0.000440555,0,0,0,0,0,0,0,0,0,0,0,0,0,0,0,0,0,0,0,0,0,0,0,0,0,0,0,0,0,0,0,0,0,0,0,0,0,0,0,0,1.78588,1.21987,1.57698,8.06975e-05,-2.20084e-05,0.000384479,0.000386182,-0.000180464,0.00175068,0,0,0,0,0,0,0,0,0,0,0,0,0,0,0,0,0,0,0,0,0,0,0,0,0,0,0,0,0,0,0,0,0,0,0,0,0,0,0,0,0,0,0,0,0,0,0,0,0,0,0,0,1,0,0,0,0,0,1.1752,-0.1582,4.1552,0,0,0,0,0,0,0,-0,0,1.34281,0,0,0,0,0,0,0,0,0,0,0,0,0,0,0,0,0,0,0,0,0,0,0,0,0,0,0,0,0,0,0,0,0,0
4.5,0,0,0,0,-0,0,2.91833,1.94147,-2.53855,-3.42353e-05,1.83403e-05,0.000114627,-8.77997e-05,6.99282e-05,0.000440555,0,0,0,0,0,0,0,0,0,0,0,0,0,0,0,0,0,0,0,0,0,0,0,0,0,0,0,0,0,0,0,0,0,0,0,0,0,0,0,0,1.78588,1.21987,1.57698,8.06975e-05,-2.20084e-05,0.000384479,0.000386182,-0.000180464,0.00175068,0,0,0,0,0,0,0,0,0,0,0,0,0,0,0,0,0,0,0,0,0,0,0,0,0,0,0,0,0,0,0,0,0,0,0,0,0,0,0,0,0,0,0,0,0,0,0,0,0,0,0,0,1,0,0,0,0,0,1.1752,-0.1582,4.1552,0,0,0,0,0,0,0,-0,0,1.34281,0,0,0,0,0,0,0,0,0,0,0,0,0,0,0,0,0,0,0,0,0,0,0,0,0,0,0,0,0,0,0,0,0,0
4.55,0,0,0,0,-0,0,2.91834,1.94147,-2.53856,5.37314e-05,6.10584e-06,-0.00012641,0.000270179,-1.95647e-06,-0.000635273,0,0,0,0,0,0,0,0,0,0,0,0,0,0,0,0,0,0,0,0,0,0,0,0,0,0,0,0,0,0,0,0,0,0,0,0,0,0,0,0,1.78588,1.21989,1.57692,-7.327e-05,0.000158752,-0.000648745,-0.000327055,0.00061453,-0.00279768,0,0,0,0,0,0,0,0,0,0,0,0,0,0,0,0,0,0,0,0,0,0,0,0,0,0,0,0,0,0,0,0,0,0,0,0,0,0,0,0,0,0,0,0,0,0,0,0,0,0,0,0,1,0,0,0,0,0,1.2164,-0.117,4.1964,0,0,0,0,0,0,0,-0,0,1.34281,0,0,0,0,0,0,0,0,0,0,0,0,0,0,0,0,0,0,0,0,0,0,0,0,0,0,0,0,0,0,0,0,0,0
4.6,0,0,0,0,-0,0,2.91782,1.94226,-2.53828,-0.00518587,0.00794971,0.00277536,-0.0207252,0.0317295,0.0110673,0,0,0,0,0,0,0,0,0,0,0,0,0,0,0,0,0,0,0,0,0,0,0,0,0,0,0,0,0,0,0,0,0,0,0,0,0,0,0,0,1.78588,1.21986,1.577,5.00519e-05,-0.000257584,0.000857168,0.000199613,-0.00118674,0.0037203,0,0,0,0,0,0,0,0,0,0,0,0,0,0,0,0,0,0,0,0,0,0,0,0,0,0,0,0,0,0,0,0,0,0,0,0,0,0,0,0,0,0,0,0,0,0,0,0,0,0,0,0,1,0,0,0,0,0,1.2164,-0.117,4.1964,0,0,0,0,0,0,0,-0,0,1.34281,0,0,0,0,0,0,0,0,0,0,0,0,0,0,0,0,0,0,0,0,0,0,0,0,0,0,0,0,0,0,0,0,0,0
4.65,0,0,0,0,-0,0,2.91782,1.94226,-2.53828,-0.00518587,0.00794971,0.00277536,-0.0207252,0.0317295,0.0110673,0,0,0,0,0,0,0,0,0,0,0,0,0,0,0,0,0,0,0,0,0,0,0,0,0,0,0,0,0,0,0,0,0,0,0,0,0,0,0,0,1.78588,1.21986,1.577,5.00519e-05,-0.000257584,0.000857168,0.000199613,-0.00118674,0.0037203,0,0,0,0,0,0,0,0,0,0,0,0,0,0,0,0,0,0,0,0,0,0,0,0,0,0,0,0,0,0,0,0,0,0,0,0,0,0,0,0,0,0,0,0,0,0,0,0,0,0,0,0,1,0,0,0,0,0,1.2164,-0.117,4.1964,0,0,0,0,0,0,0,-0,0,1.34281,0,0,0,0,0,0,0,0,0,0,0,0,0,0,0,0,0,0,0,0,0,0,0,0,0,0,0,0,0,0,0,0,0,0
4.7,0,0,0,0,-0,0,2.91787,1.94228,-2.53822,0.000493031,0.000202582,0.000662625,0.00740544,-0.00760882,-0.000212578,0,0,0,0,0,0,0,0,0,0,0,0,0,0,0,0,0,0,0,0,0,0,0,0,0,0,0,0,0,0,0,0,0,0,0,0,0,0,0,0,1.78588,1.21986,1.57695,-3.78316e-05,-1.46445e-05,-0.00057205,-0.000160007,1.4303e-05,-0.00259468,0,0,0,0,0,0,0,0,0,0,0,0,0,0,0,0,0,0,0,0,0,0,0,0,0,0,0,0,0,0,0,0,0,0,0,0,0,0,0,0,0,0,0,0,0,0,0,0,0,0,0,0,1,0,0,0,0,0,1.2164,-0.117,4.1964,0,0,0,0,0,0,0,-0,0,1.34286,0,0,0,0,0,0,0,0,0,0,0,0,0,0,0,0,0,0,0,0,0,0,0,0,0,0,0,0,0,0,0,0,0,0
4.75,0,0,0,0,-0,0,2.91787,1.94228,-2.53822,0.000493031,0.000202582,0.000662625,0.00740544,-0.00760882,-0.000212578,0,0,0,0,0,0,0,0,0,0,0,0,0,0,0,0,0,0,0,0,0,0,0,0,0,0,0,0,0,0,0,0,0,0,0,0,0,0,0,0,1.78588,1.21986,1.57695,-3.78316e-05,-1.46445e-05,-0.00057205,-0.000160007,1.4303e-05,-0.00259468,0,0,0,0,0,0,0,0,0,0,0,0,0,0,0,0,0,0,0,0,0,0,0,0,0,0,0,0,0,0,0,0,0,0,0,0,0,0,0,0,0,0,0,0,0,0,0,0,0,0,0,0,1,0,0,0,0,0,1.1354,-0.1974,4.1151,0,0,0,0,0,0,0,-0,0,1.34286,0,0,0,0,0,0,0,0,0,0,0,0,0,0,0,0,0,0,0,0,0,0,0,0,0,0,0,0,0,0,0,0,0,0
4.8,0,0,0,0,-0,0,2.91789,1.94225,-2.53811,0.000190178,-0.000307211,0.00109052,0.0070406,-0.0119263,5.69743e-05,0,0,0,0,0,0,0,0,0,0,0,0,0,0,0,0,0,0,0,0,0,0,0,0,0,0,0,0,0,0,0,0,0,0,0,0,0,0,0,0,1.78589,1.21986,1.57704,6.5831e-05,7.31456e-06,0.000945273,0.000269579,0.000258839,0.003652,0,0,0,0,0,0,0,0,0,0,0,0,0,0,0,0,0,0,0,0,0,0,0,0,0,0,0,0,0,0,0,0,0,0,0,0,0,0,0,0,0,0,0,0,0,0,0,0,0,0,0,0,1,0,0,0,0,0,1.1354,-0.1974,4.1151,0,0,0,0,0,0,0,-0,0,1.34286,0,0,0,0,0,0,0,0,0,0,0,0,0,0,0,0,0,0,0,0,0,0,0,0,0,0,0,0,0,0,0,0,0,0
4.85,0,0,0,0,-0,0,2.91789,1.94225,-2.53811,0.000190178,-0.000307211,0.00109052,0.0070406,-0.0119263,5.69743e-05,0,0,0,0,0,0,0,0,0,0,0,0,0,0,0,0,0,0,0,0,0,0,0,0,0,0,0,0,0,0,0,0,0,0,0,0,0,0,0,0,1.78589,1.21986,1.57704,6.5831e-05,7.31456e-06,0.000945273,0.000269579,0.000258839,0.003652,0,0,0,0,0,0,0,0,0,0,0,0,0,0,0,0,0,0,0,0,0,0,0,0,0,0,0,0,0,0,0,0,0,0,0,0,0,0,0,0,0,0,0,0,0,0,0,0,0,0,0,0,1,0,0,0,0,0,1.1354,-0.1974,4.1151,0,0,0,0,0,0,0,-0,0,1.34286,0,0,0,0,0,0,0,0,0,0,0,0,0,0,0,0,0,0,0,0,0,0,0,0,0,0,0,0,0,0,0,0,0,0
4.9,0,0,0,0,-0,0,2.9179,1.9422,-2.538,0.000136941,-0.000525757,0.00105314,0.003965,-0.00861736,-8.45486e-05,0,0,0,0,0,0,0,0,0,0,0,0,0,0,0,0,0,0,0,0,0,0,0,0,0,0,0,0,0,0,0,0,0,0,0,0,0,0,0,0,1.78588,1.21988,1.57695,-8.31429e-05,0.00017729,-0.000957615,-0.000375467,0.000867476,-0.00456852,0,0,0,0,0,0,0,0,0,0,0,0,0,0,0,0,0,0,0,0,0,0,0,0,0,0,0,0,0,0,0,0,0,0,0,0,0,0,0,0,0,0,0,0,0,0,0,0,0,0,0,0,1,0,0,0,0,0,1.1354,-0.1974,4.1151,0,0,0,0,0,0,0,-0,0,1.34284,0,0,0,0,0,0,0,0,0,0,0,0,0,0,0,0,0,0,0,0,0,0,0,0,0,0,0,0,0,0,0,0,0,0
4.95,0,0,0,0,-0,0,2.9179,1.9422,-2.538,0.000136941,-0.000525757,0.00105314,0.003965,-0.00861736,-8.45486e-05,0,0,0,0,0,0,0,0,0,0,0,0,0,0,0,0,0,0,0,0,0,0,0,0,0,0,0,0,0,0,0,0,0,0,0,0,0,0,0,0,1.78588,1.21988,1.57695,-8.31429e-05,0.00017729,-0.000957615,-0.000375467,0.000867476,-0.00456852,0,0,0,0,0,0,0,0,0,0,0,0,0,0,0,0,0,0,0,0,0,0,0,0,0,0,0,0,0,0,0,0,0,0,0,0,0,0,0,0,0,0,0,0,0,0,0,0,0,0,0,0,1,0,0,0,0,0,1.1334,-0.1998,4.1129,0,0,0,0,0,0,0,-0,0,1.34284,0,0,0,0,0,0,0,0,0,0,0,0,0,0,0,0,0,0,0,0,0,0,0,0,0,0,0,0,0,0,0,0,0,0
5,0,0,0,0,-0,0,2.91792,1.94216,-2.53795,0.00019777,-0.000424838,0.000472106,0.00220915,-0.00432733,-0.00238513,0,0,0,0,0,0,0,0,0,0,0,0,0,0,0,0,0,0,0,0,0,0,0,0,0,0,0,0,0,0,0,0,0,0,0,0,0,0,0,0,1.78588,1.21988,1.57693,3.66238e-06,-3.5403e-05,-0.000160945,3.3712e-05,-0.000245629,-0.000676784,0,0,0,0,0,0,0,0,0,0,0,0,0,0,0,0,0,0,0,0,0,0,0,0,0,0,0,0,0,0,0,0,0,0,0,0,0,0,0,0,0,0,0,0,0,0,0,0,0,0,0,0,1,0,0,0,0,0,1.1334,-0.1998,4.1129,0,0,0,0,0,0,0,-0,0,1.34283,0,0,0,0,0,0,0,0,0,0,0,0,0,0,0,0,0,0,0,0,0,0,0,0,0,0,0,0,0,0,0,0,0,0
5.05,0,0,0,0,-0,0,2.91792,1.94216,-2.53795,0.00019777,-0.000424838,0.000472106,0.00220915,-0.00432733,-0.00238513,0,0,0,0,0,0,0,0,0,0,0,0,0,0,0,0,0,0,0,0,0,0,0,0,0,0,0,0,0,0,0,0,0,0,0,0,0,0,0,0,1.78588,1.21988,1.57693,3.66238e-06,-3.5403e-05,-0.000160945,3.3712e-05,-0.000245629,-0.000676784,0,0,0,0,0,0,0,0,0,0,0,0,0,0,0,0,0,0,0,0,0,0,0,0,0,0,0,0,0,0,0,0,0,0,0,0,0,0,0,0,0,0,0,0,0,0,0,0,0,0,0,0,1,0,0,0,0,0,1.1334,-0.1998,4.1129,0,0,0,0,0,0,0,-0,0,1.34283,0,0,0,0,0,0,0,0,0,0,0,0,0,0,0,0,0,0,0,0,0,0,0,0,0,0,0,0,0,0,0,0,0,0
5.1,0,0,0,0,-0,0,2.91793,1.94216,-2.53805,0.000153672,2.31727e-05,-0.000921859,0.000911993,-0.000225809,-0.00731544,0,0,0,0,0,0,0,0,0,0,0,0,0,0,0,0,0,0,0,0,0,0,0,0,0,0,0,0,0,0,0,0,0,0,0,0,0,0,0,0,1.78588,1.21988,1.57692,-1.21962e-05,-1.58551e-05,-7.86084e-05,1.23686e-05,-0.000220338,0.000450684,0,0,0,0,0,0,0,0,0,0,0,0,0,0,0,0,0,0,0,0,0,0,0,0,0,0,0,0,0,0,0,0,0,0,0,0,0,0,0,0,0,0,0,0,0,0,0,0,0,0,0,0,1,0,0,0,0,0,1.1334,-0.1998,4.1129,0,0,0,0,0,0,0,-0,0,1.34285,0,0,0,0,0,0,0,0,0,0,0,0,0,0,0,0,0,0,0,0,0,0,0,0,0,0,0,0,0,0,0,0,0,0
5.15,0,0,0,0,-0,0,2.91793,1.94216,-2.53805,0.000153672,2.31727e-05,-0.000921859,0.000911993,-0.000225809,-0.00731544,0,0,0,0,0,0,0,0,0,0,0,0,0,0,0,0,0,0,0,0,0,0,0,0,0,0,0,0,0,0,0,0,0,0,0,0,0,0,0,0,1.78588,1.21988,1.57692,-1.21962e-05,-1.58551e-05,-7.86084e-05,1.23686e-05,-0.000220338,0.000450684,0,0,0,0,0,0,0,0,0,0,0,0,0,0,0,0,0,0,0,0,0,0,0,0,0,0,0,0,0,0,0,0,0,0,0,0,0,0,0,0,0,0,0,0,0,0,0,0,0,0,0,0,1,0,0,0,0,0,1.0473,-0.2858,4.0268,0,0,0,0,0,0,0,-0,0,1.34285,0,0,0,0,0,0,0,0,0,0,0,0,0,0,0,0,0,0,0,0,0,0,0,0,0,0,0,0,0,0,0,0,0,0
5.2,0,0,0,0,-0,0,2.91793,1.94216,-2.53805,0.000153672,2.31727e-05,-0.000921859,0.000911993,-0.000225809,-0.00731544,0,0,0,0,0,0,0,0,0,0,0,0,0,0,0,0,0,0,0,0,0,0,0,0,0,0,0,0,0,0,0,0,0,0,0,0,0,0,0,0,1.78588,1.21988,1.57692,-1.21962e-05,-1.58551e-05,-7.86084e-05,1.23686e-05,-0.000220338,0.000450684,0,0,0,0,0,0,0,0,0,0,0,0,0,0,0,0,0,0,0,0,0,0,0,0,0,0,0,0,0,0,0,0,0,0,0,0,0,0,0,0,0,0,0,0,0,0,0,0,0,0,0,0,1,0,0,0,0,0,1.0473,-0.2858,4.0268,0,0,0,0,0,0,0,-0,0,1.34285,0,0,0,0,0,0,0,0,0,0,0,0,0,0,0,0,0,0,0,0,0,0,0,0,0,0,0,0,0,0,0,0,0,0
5.25,0,0,0,0,-0,0,2.91793,1.94216,-2.53805,0.000153672,2.31727e-05,-0.000921859,0.000911993,-0.000225809,-0.00731544,0,0,0,0,0,0,0,0,0,0,0,0,0,0,0,0,0,0,0,0,0,0,0,0,0,0,0,0,0,0,0,0,0,0,0,0,0,0,0,0,1.78588,1.21988,1.57692,-1.21962e-05,-1.58551e-05,-7.86084e-05,1.23686e-05,-0.000220338,0.000450684,0,0,0,0,0,0,0,0,0,0,0,0,0,0,0,0,0,0,0,0,0,0,0,0,0,0,0,0,0,0,0,0,0,0,0,0,0,0,0,0,0,0,0,0,0,0,0,0,0,0,0,0,1,0,0,0,0,0,1.0473,-0.2858,4.0268,0,0,0,0,0,0,0,-0,0,1.34285,0,0,0,0,0,0,0,0,0,0,0,0,0,0,0,0,0,0,0,0,0,0,0,0,0,0,0,0,0,0,0,0,0,0
5.3,0,0,0,0,-0,0,2.91793,1.94216,-2.53805,0.000153672,2.31727e-05,-0.000921859,0.000911993,-0.000225809,-0.00731544,0,0,0,0,0,0,0,0,0,0,0,0,0,0,0,0,0,0,0,0,0,0,0,0,0,0,0,0,0,0,0,0,0,0,0,0,0,0,0,0,1.78588,1.21988,1.57692,-1.21962e-05,-1.58551e-05,-7.86084e-05,1.23686e-05,-0.000220338,0.000450684,0,0,0,0,0,0,0,0,0,0,0,0,0,0,0,0,0,0,0,0,0,0,0,0,0,0,0,0,0,0,0,0,0,0,0,0,0,0,0,0,0,0,0,0,0,0,0,0,0,0,0,0,1,0,0,0,0,0,1.0473,-0.2858,4.0268,0,0,0,0,0,0,0,-0,0,1.34285,0,0,0,0,0,0,0,0,0,0,0,0,0,0,0,0,0,0,0,0,0,0,0,0,0,0,0,0,0,0,0,0,0,0
5.35,0,0,0,0,-0,0,2.91793,1.94216,-2.53805,0.000153672,2.31727e-05,-0.000921859,0.000911993,-0.000225809,-0.00731544,0,0,0,0,0,0,0,0,0,0,0,0,0,0,0,0,0,0,0,0,0,0,0,0,0,0,0,0,0,0,0,0,0,0,0,0,0,0,0,0,1.78588,1.21988,1.57692,-1.21962e-05,-1.58551e-05,-7.86084e-05,1.23686e-05,-0.000220338,0.000450684,0,0,0,0,0,0,0,0,0,0,0,0,0,0,0,0,0,0,0,0,0,0,0,0,0,0,0,0,0,0,0,0,0,0,0,0,0,0,0,0,0,0,0,0,0,0,0,0,0,0,0,0,1,0,0,0,0,0,1.199,-0.1341,4.1786,0,0,0,0,0,0,0,-0,0,1.34285,0,0,0,0,0,0,0,0,0,0,0,0,0,0,0,0,0,0,0,0,0,0,0,0,0,0,0,0,0,0,0,0,0,0
5.4,0,0,0,0,-0,0,2.91793,1.94216,-2.53805,0.000153672,2.31727e-05,-0.000921859,0.000911993,-0.000225809,-0.00731544,0,0,0,0,0,0,0,0,0,0,0,0,0,0,0,0,0,0,0,0,0,0,0,0,0,0,0,0,0,0,0,0,0,0,0,0,0,0,0,0,1.78588,1.21988,1.57692,-1.21962e-05,-1.58551e-05,-7.86084e-05,1.23686e-05,-0.000220338,0.000450684,0,0,0,0,0,0,0,0,0,0,0,0,0,0,0,0,0,0,0,0,0,0,0,0,0,0,0,0,0,0,0,0,0,0,0,0,0,0,0,0,0,0,0,0,0,0,0,0,0,0,0,0,1,0,0,0,0,0,1.199,-0.1341,4.1786,0,0,0,0,0,0,0,-0,0,1.34285,0,0,0,0,0,0,0,0,0,0,0,0,0,0,0,0,0,0,0,0,0,0,0,0,0,0,0,0,0,0,0,0,0,0
5.45,0,0,0,0,-0,0,2.91793,1.94216,-2.53805,0.000153672,2.31727e-05,-0.000921859,0.000911993,-0.000225809,-0.00731544,0,0,0,0,0,0,0,0,0,0,0,0,0,0,0,0,0,0,0,0,0,0,0,0,0,0,0,0,0,0,0,0,0,0,0,0,0,0,0,0,1.78588,1.21988,1.57692,-1.21962e-05,-1.58551e-05,-7.86084e-05,1.23686e-05,-0.000220338,0.000450684,0,0,0,0,0,0,0,0,0,0,0,0,0,0,0,0,0,0,0,0,0,0,0,0,0,0,0,0,0,0,0,0,0,0,0,0,0,0,0,0,0,0,0,0,0,0,0,0,0,0,0,0,1,0,0,0,0,0,1.199,-0.1341,4.1786,0,0,0,0,0,0,0,-0,0,1.34285,0,0,0,0,0,0,0,0,0,0,0,0,0,0,0,0,0,0,0,0,0,0,0,0,0,0,0,0,0,0,0,0,0,0
5.5,0,0,0,0,-0,0,2.91793,1.94216,-2.53805,0.000153672,2.31727e-05,-0.000921859,0.000911993,-0.000225809,-0.00731544,0,0,0,0,0,0,0,0,0,0,0,0,0,0,0,0,0,0,0,0,0,0,0,0,0,0,0,0,0,0,0,0,0,0,0,0,0,0,0,0,1.78588,1.21988,1.57692,-1.21962e-05,-1.58551e-05,-7.86084e-05,1.23686e-05,-0.000220338,0.000450684,0,0,0,0,0,0,0,0,0,0,0,0,0,0,0,0,0,0,0,0,0,0,0,0,0,0,0,0,0,0,0,0,0,0,0,0,0,0,0,0,0,0,0,0,0,0,0,0,0,0,0,0,1,0,0,0,0,0,1.199,-0.1341,4.1786,0,0,0,0,0,0,0,-0,0,1.34285,0,0,0,0,0,0,0,0,0,0,0,0,0,0,0,0,0,0,0,0,0,0,0,0,0,0,0,0,0,0,0,0,0,0
5.55,0,0,0,0,-0,0,2.91793,1.94216,-2.53805,0.000153672,2.31727e-05,-0.000921859,0.000911993,-0.000225809,-0.00731544,0,0,0,0,0,0,0,0,0,0,0,0,0,0,0,0,0,0,0,0,0,0,0,0,0,0,0,0,0,0,0,0,0,0,0,0,0,0,0,0,1.78588,1.21988,1.57692,-1.21962e-05,-1.58551e-05,-7.86084e-05,1.23686e-05,-0.000220338,0.000450684,0,0,0,0,0,0,0,0,0,0,0,0,0,0,0,0,0,0,0,0,0,0,0,0,0,0,0,0,0,0,0,0,0,0,0,0,0,0,0,0,0,0,0,0,0,0,0,0,0,0,0,0,1,0,0,0,0,0,1.1354,-0.1977,4.115,0,0,0,0,0,0,0,-0,0,1.34285,0,0,0,0,0,0,0,0,0,0,0,0,0,0,0,0,0,0,0,0,0,0,0,0,0,0,0,0,0,0,0,0,0,0
5.6,0,0,0,0,-0,0,2.91793,1.94216,-2.53805,0.000153672,2.31727e-05,-0.000921859,0.000911993,-0.000225809,-0.00731544,0,0,0,0,0,0,0,0,0,0,0,0,0,0,0,0,0,0,0,0,0,0,0,0,0,0,0,0,0,0,0,0,0,0,0,0,0,0,0,0,1.78588,1.21988,1.57692,-1.21962e-05,-1.58551e-05,-7.86084e-05,1.23686e-05,-0.000220338,0.000450684,0,0,0,0,0,0,0,0,0,0,0,0,0,0,0,0,0,0,0,0,0,0,0,0,0,0,0,0,0,0,0,0,0,0,0,0,0,0,0,0,0,0,0,0,0,0,0,0,0,0,0,0,1,0,0,0,0,0,1.1354,-0.1977,4.115,0,0,0,0,0,0,0,-0,0,1.34285,0,0,0,0,0,0,0,0,0,0,0,0,0,0,0,0,0,0,0,0,0,0,0,0,0,0,0,0,0,0,0,0,0,0
5.65,0,0,0,0,-0,0,2.91793,1.94216,-2.53805,0.000153672,2.31727e-05,-0.000921859,0.000911993,-0.000225809,-0.00731544,0,0,0,0,0,0,0,0,0,0,0,0,0,0,0,0,0,0,0,0,0,0,0,0,0,0,0,0,0,0,0,0,0,0,0,0,0,0,0,0,1.78588,1.21988,1.57692,-1.21962e-05,-1.58551e-05,-7.86084e-05,1.23686e-05,-0.000220338,0.000450684,0,0,0,0,0,0,0,0,0,0,0,0,0,0,0,0,0,0,0,0,0,0,0,0,0,0,0,0,0,0,0,0,0,0,0,0,0,0,0,0,0,0,0,0,0,0,0,0,0,0,0,0,1,0,0,0,0,0,1.1354,-0.1977,4.115,0,0,0,0,0,0,0,-0,0,1.34285,0,0,0,0,0,0,0,0,0,0,0,0,0,0,0,0,0,0,0,0,0,0,0,0,0,0,0,0,0,0,0,0,0,0
5.7,0,0,0,0,-0,0,2.91795,1.94213,-2.53795,0.000175887,-0.000272381,0.000935165,0.000460297,-0.000761464,0.00236295,0,0,0,0,0,0,0,0,0,0,0,0,0,0,0,0,0,0,0,0,0,0,0,0,0,0,0,0,0,0,0,0,0,0,0,0,0,0,0,0,1.78588,1.21986,1.57699,8.55009e-05,-0.000181995,0.00063577,0.000394914,-0.000792612,0.00327764,0,0,0,0,0,0,0,0,0,0,0,0,0,0,0,0,0,0,0,0,0,0,0,0,0,0,0,0,0,0,0,0,0,0,0,0,0,0,0,0,0,0,0,0,0,0,0,0,0,0,0,0,1,0,0,0,0,0,1.1354,-0.1977,4.115,0,0,0,0,0,0,0,-0,0,1.34285,0,0,0,0,0,0,0,0,0,0,0,0,0,0,0,0,0,0,0,0,0,0,0,0,0,0,0,0,0,0,0,0,0,0
5.75,0,0,0,0,-0,0,2.91797,1.94207,-2.53785,0.000185636,-0.000594767,0.000982754,0.000254665,-0.00181833,0.00291953,0,0,0,0,0,0,0,0,0,0,0,0,0,0,0,0,0,0,0,0,0,0,0,0,0,0,0,0,0,0,0,0,0,0,0,0,0,0,0,0,1.78588,1.21987,1.57695,-5.86217e-05,8.06049e-05,-0.000401927,-0.000286793,0.000495492,-0.00179434,0,0,0,0,0,0,0,0,0,0,0,0,0,0,0,0,0,0,0,0,0,0,0,0,0,0,0,0,0,0,0,0,0,0,0,0,0,0,0,0,0,0,0,0,0,0,0,0,0,0,0,0,1,0,0,0,0,0,1.1219,-0.2114,4.1014,0,0,0,0,0,0,0,-0,0,1.34284,0,0,0,0,0,0,0,0,0,0,0,0,0,0,0,0,0,0,0,0,0,0,0,0,0,0,0,0,0,0,0,0,0,0
5.8,0,0,0,0,-0,0,2.91798,1.94203,-2.53782,9.27639e-05,-0.000462599,0.000307528,-0.000245904,-0.000707425,-0.000868756,0,0,0,0,0,0,0,0,0,0,0,0,0,0,0,0,0,0,0,0,0,0,0,0,0,0,0,0,0,0,0,0,0,0,0,0,0,0,0,0,1.78588,1.21988,1.57696,0,0.000117176,0.000128733,-3.04001e-05,0.000618523,0.000355598,0,0,0,0,0,0,0,0,0,0,0,0,0,0,0,0,0,0,0,0,0,0,0,0,0,0,0,0,0,0,0,0,0,0,0,0,0,0,0,0,0,0,0,0,0,0,0,0,0,0,0,0,1,0,0,0,0,0,1.1219,-0.2114,4.1014,0,0,0,0,0,0,0,-0,0,1.34281,0,0,0,0,0,0,0,0,0,0,0,0,0,0,0,0,0,0,0,0,0,0,0,0,0,0,0,0,0,0,0,0,0,0
5.85,0,0,0,0,-0,0,2.918,1.94199,-2.53776,0.000197438,-0.000307125,0.000683167,0.000203121,0.00034666,0.000467446,0,0,0,0,0,0,0,0,0,0,0,0,0,0,0,0,0,0,0,0,0,0,0,0,0,0,0,0,0,0,0,0,0,0,0,0,0,0,0,0,1.78588,1.21986,1.57703,5.60625e-05,-0.000195,0.000749817,0.000240543,-0.000859725,0.002987,0,0,0,0,0,0,0,0,0,0,0,0,0,0,0,0,0,0,0,0,0,0,0,0,0,0,0,0,0,0,0,0,0,0,0,0,0,0,0,0,0,0,0,0,0,0,0,0,0,0,0,0,1,0,0,0,0,0,1.1219,-0.2114,4.1014,0,0,0,0,0,0,0,-0,0,1.34282,0,0,0,0,0,0,0,0,0,0,0,0,0,0,0,0,0,0,0,0,0,0,0,0,0,0,0,0,0,0,0,0,0,0
5.9,0,0,0,0,-0,0,2.91801,1.94194,-2.53772,0.000114947,-0.000540494,0.000343923,-0.000148088,-0.000579417,-0.000898149,0,0,0,0,0,0,0,0,0,0,0,0,0,0,0,0,0,0,0,0,0,0,0,0,0,0,0,0,0,0,0,0,0,0,0,0,0,0,0,0,1.78588,1.21987,1.57696,-3.54622e-05,0.000117392,-0.000700981,-0.000184859,0.0005328,-0.00365057,0,0,0,0,0,0,0,0,0,0,0,0,0,0,0,0,0,0,0,0,0,0,0,0,0,0,0,0,0,0,0,0,0,0,0,0,0,0,0,0,0,0,0,0,0,0,0,0,0,0,0,0,1,0,0,0,0,0,1.1219,-0.2114,4.1014,0,0,0,0,0,0,0,-0,0,1.3428,0,0,0,0,0,0,0,0,0,0,0,0,0,0,0,0,0,0,0,0,0,0,0,0,0,0,0,0,0,0,0,0,0,0
5.95,0,0,0,0,-0,0,2.91803,1.94192,-2.53773,0.000163373,-0.000231648,-8.09626e-05,5.82063e-05,0.000756857,-0.00241865,0,0,0,0,0,0,0,0,0,0,0,0,0,0,0,0,0,0,0,0,0,0,0,0,0,0,0,0,0,0,0,0,0,0,0,0,0,0,0,0,1.78588,1.21986,1.57701,7.31521e-06,-8.77826e-05,0.000438151,2.25345e-06,-0.000311133,0.00145909,0,0,0,0,0,0,0,0,0,0,0,0,0,0,0,0,0,0,0,0,0,0,0,0,0,0,0,0,0,0,0,0,0,0,0,0,0,0,0,0,0,0,0,0,0,0,0,0,0,0,0,0,1,0,0,0,0,0,1.1353,-0.1984,4.1147,0,0,0,0,0,0,0,-0,0,1.3428,0,0,0,0,0,0,0,0,0,0,0,0,0,0,0,0,0,0,0,0,0,0,0,0,0,0,0,0,0,0,0,0,0,0
6,0,0,0,0,-0,0,2.91805,1.94187,-2.53771,0.000217528,-0.000442388,0.000176627,0.000278124,-0.000204306,-0.00062952,0,0,0,0,0,0,0,0,0,0,0,0,0,0,0,0,0,0,0,0,0,0,0,0,0,0,0,0,0,0,0,0,0,0,0,0,0,0,0,0,1.78588,1.21986,1.57695,-2.19972e-05,1.22207e-05,-0.000595518,-9.04188e-05,9.87577e-05,-0.00256302,0,0,0,0,0,0,0,0,0,0,0,0,0,0,0,0,0,0,0,0,0,0,0,0,0,0,0,0,0,0,0,0,0,0,0,0,0,0,0,0,0,0,0,0,0,0,0,0,0,0,0,0,1,0,0,0,0,0,1.1353,-0.1984,4.1147,0,0,0,0,0,0,0,-0,0,1.3428,0,0,0,0,0,0,0,0,0,0,0,0,0,0,0,0,0,0,0,0,0,0,0,0,0,0,0,0,0,0,0,0,0,0
6.05,0,0,0,0,-0,0,2.91806,1.94183,-2.53764,0.000129299,-0.000439128,0.000712344,-0.000154686,-0.000241995,0.00200573,0,0,0,0,0,0,0,0,0,0,0,0,0,0,0,0,0,0,0,0,0,0,0,0,0,0,0,0,0,0,0,0,0,0,0,0,0,0,0,0,1.78588,1.21987,1.57694,1.58574e-05,7.19682e-05,-0.00011793,8.43546e-05,0.000353499,-0.000176762,0,0,0,0,0,0,0,0,0,0,0,0,0,0,0,0,0,0,0,0,0,0,0,0,0,0,0,0,0,0,0,0,0,0,0,0,0,0,0,0,0,0,0,0,0,0,0,0,0,0,0,0,1,0,0,0,0,0,1.1353,-0.1984,4.1147,0,0,0,0,0,0,0,-0,0,1.34278,0,0,0,0,0,0,0,0,0,0,0,0,0,0,0,0,0,0,0,0,0,0,0,0,0,0,0,0,0,0,0,0,0,0
6.1,0,0,0,0,-0,0,2.91807,1.94179,-2.53762,7.08609e-05,-0.000433718,0.000238621,-0.000385652,-0.000126798,-0.000334017,0,0,0,0,0,0,0,0,0,0,0,0,0,0,0,0,0,0,0,0,0,0,0,0,0,0,0,0,0,0,0,0,0,0,0,0,0,0,0,0,1.78588,1.21988,1.57695,-3.66522e-05,6.23088e-05,0.000127662,-0.000135504,0.000207929,0.00119903,0,0,0,0,0,0,0,0,0,0,0,0,0,0,0,0,0,0,0,0,0,0,0,0,0,0,0,0,0,0,0,0,0,0,0,0,0,0,0,0,0,0,0,0,0,0,0,0,0,0,0,0,1,0,0,0,0,0,1.1353,-0.1984,4.1147,0,0,0,0,0,0,0,-0,0,1.34276,0,0,0,0,0,0,0,0,0,0,0,0,0,0,0,0,0,0,0,0,0,0,0,0,0,0,0,0,0,0,0,0,0,0
6.15,0,0,0,0,-0,0,2.91808,1.94175,-2.53756,0.000126857,-0.000357396,0.00055986,-3.86497e-05,0.000242588,0.000767935,0,0,0,0,0,0,0,0,0,0,0,0,0,0,0,0,0,0,0,0,0,0,0,0,0,0,0,0,0,0,0,0,0,0,0,0,0,0,0,0,1.78588,1.21986,1.57699,7.07473e-05,-0.000134176,0.000377608,0.00031797,-0.000679798,0.00190518,0,0,0,0,0,0,0,0,0,0,0,0,0,0,0,0,0,0,0,0,0,0,0,0,0,0,0,0,0,0,0,0,0,0,0,0,0,0,0,0,0,0,0,0,0,0,0,0,0,0,0,0,1,0,0,0,0,0,1.1666,-0.1673,4.1459,0,0,0,0,0,0,0,-0,0,1.34276,0,0,0,0,0,0,0,0,0,0,0,0,0,0,0,0,0,0,0,0,0,0,0,0,0,0,0,0,0,0,0,0,0,0
6.2,0,0,0,0,-0,0,2.91808,1.94175,-2.53756,0.000126857,-0.000357396,0.00055986,-3.86497e-05,0.000242588,0.000767935,0,0,0,0,0,0,0,0,0,0,0,0,0,0,0,0,0,0,0,0,0,0,0,0,0,0,0,0,0,0,0,0,0,0,0,0,0,0,0,0,1.78588,1.21986,1.57699,7.07473e-05,-0.000134176,0.000377608,0.00031797,-0.000679798,0.00190518,0,0,0,0,0,0,0,0,0,0,0,0,0,0,0,0,0,0,0,0,0,0,0,0,0,0,0,0,0,0,0,0,0,0,0,0,0,0,0,0,0,0,0,0,0,0,0,0,0,0,0,0,1,0,0,0,0,0,1.1666,-0.1673,4.1459,0,0,0,0,0,0,0,-0,0,1.34276,0,0,0,0,0,0,0,0,0,0,0,0,0,0,0,0,0,0,0,0,0,0,0,0,0,0,0,0,0,0,0,0,0,0
6.25,0,0,0,0,-0,0,2.91809,1.94174,-2.53761,8.78882e-05,-0.000148922,-0.00047444,-0.000132309,0.00102985,-0.00352423,0,0,0,0,0,0,0,0,0,0,0,0,0,0,0,0,0,0,0,0,0,0,0,0,0,0,0,0,0,0,0,0,0,0,0,0,0,0,0,0,1.78588,1.21988,1.57697,-4.88268e-05,0.000220941,-0.000132319,-0.000225662,0.000890958,-0.000799155,0,0,0,0,0,0,0,0,0,0,0,0,0,0,0,0,0,0,0,0,0,0,0,0,0,0,0,0,0,0,0,0,0,0,0,0,0,0,0,0,0,0,0,0,0,0,0,0,0,0,0,0,1,0,0,0,0,0,1.1666,-0.1673,4.1459,0,0,0,0,0,0,0,-0,0,1.34275,0,0,0,0,0,0,0,0,0,0,0,0,0,0,0,0,0,0,0,0,0,0,0,0,0,0,0,0,0,0,0,0,0,0
6.3,0,0,0,0,-0,0,2.9181,1.9417,-2.53759,0.000141517,-0.000312313,0.00016441,0.00012239,7.13285e-05,-0.000143292,0,0,0,0,0,0,0,0,0,0,0,0,0,0,0,0,0,0,0,0,0,0,0,0,0,0,0,0,0,0,0,0,0,0,0,0,0,0,0,0,1.78588,1.21989,1.57695,-9.75976e-06,1.34197e-05,-0.000244232,-5.28913e-05,-8.18324e-05,-0.00129265,0,0,0,0,0,0,0,0,0,0,0,0,0,0,0,0,0,0,0,0,0,0,0,0,0,0,0,0,0,0,0,0,0,0,0,0,0,0,0,0,0,0,0,0,0,0,0,0,0,0,0,0,1,0,0,0,0,0,1.1666,-0.1673,4.1459,0,0,0,0,0,0,0,-0,0,1.34274,0,0,0,0,0,0,0,0,0,0,0,0,0,0,0,0,0,0,0,0,0,0,0,0,0,0,0,0,0,0,0,0,0,0
6.35,0,0,0,0,-0,0,2.9181,1.9417,-2.53759,0.000141517,-0.000312313,0.00016441,0.00012239,7.13285e-05,-0.000143292,0,0,0,0,0,0,0,0,0,0,0,0,0,0,0,0,0,0,0,0,0,0,0,0,0,0,0,0,0,0,0,0,0,0,0,0,0,0,0,0,1.78588,1.21989,1.57695,-9.75976e-06,1.34197e-05,-0.000244232,-5.28913e-05,-8.18324e-05,-0.00129265,0,0,0,0,0,0,0,0,0,0,0,0,0,0,0,0,0,0,0,0,0,0,0,0,0,0,0,0,0,0,0,0,0,0,0,0,0,0,0,0,0,0,0,0,0,0,0,0,0,0,0,0,1,0,0,0,0,0,1.0565,-0.2775,4.0358,0,0,0,0,0,0,0,-0,0,1.34274,0,0,0,0,0,0,0,0,0,0,0,0,0,0,0,0,0,0,0,0,0,0,0,0,0,0,0,0,0,0,0,0,0,0
6.4,0,0,0,0,-0,0,2.91812,1.94169,-2.53768,0.00010994,-0.000146587,-0.000923328,-1.85572e-05,0.00057604,-0.0039748,0,0,0,0,0,0,0,0,0,0,0,0,0,0,0,0,0,0,0,0,0,0,0,0,0,0,0,0,0,0,0,0,0,0,0,0,0,0,0,0,1.78587,1.21987,1.57695,-4.39762e-05,-0.000177126,2.62445e-05,-0.000145061,-0.0009421,0.000238277,0,0,0,0,0,0,0,0,0,0,0,0,0,0,0,0,0,0,0,0,0,0,0,0,0,0,0,0,0,0,0,0,0,0,0,0,0,0,0,0,0,0,0,0,0,0,0,0,0,0,0,0,1,0,0,0,0,0,1.0565,-0.2775,4.0358,0,0,0,0,0,0,0,-0,0,1.34276,0,0,0,0,0,0,0,0,0,0,0,0,0,0,0,0,0,0,0,0,0,0,0,0,0,0,0,0,0,0,0,0,0,0
6.45,0,0,0,0,-0,0,2.91812,1.94169,-2.53768,0.00010994,-0.000146587,-0.000923328,-1.85572e-05,0.00057604,-0.0039748,0,0,0,0,0,0,0,0,0,0,0,0,0,0,0,0,0,0,0,0,0,0,0,0,0,0,0,0,0,0,0,0,0,0,0,0,0,0,0,0,1.78587,1.21987,1.57695,-4.39762e-05,-0.000177126,2.62445e-05,-0.000145061,-0.0009421,0.000238277,0,0,0,0,0,0,0,0,0,0,0,0,0,0,0,0,0,0,0,0,0,0,0,0,0,0,0,0,0,0,0,0,0,0,0,0,0,0,0,0,0,0,0,0,0,0,0,0,0,0,0,0,1,0,0,0,0,0,1.0565,-0.2775,4.0358,0,0,0,0,0,0,0,-0,0,1.34276,0,0,0,0,0,0,0,0,0,0,0,0,0,0,0,0,0,0,0,0,0,0,0,0,0,0,0,0,0,0,0,0,0,0
6.5,0,0,0,0,-0,0,2.91813,1.94168,-2.53769,0.00012464,-7.33176e-05,-4.29595e-05,2.86592e-05,0.000706787,0.00061024,0,0,0,0,0,0,0,0,0,0,0,0,0,0,0,0,0,0,0,0,0,0,0,0,0,0,0,0,0,0,0,0,0,0,0,0,0,0,0,0,1.78588,1.21989,1.57693,1.71074e-05,0.000256612,-0.000255371,0.00014438,0.00105036,-0.00077484,0,0,0,0,0,0,0,0,0,0,0,0,0,0,0,0,0,0,0,0,0,0,0,0,0,0,0,0,0,0,0,0,0,0,0,0,0,0,0,0,0,0,0,0,0,0,0,0,0,0,0,0,1,0,0,0,0,0,1.0565,-0.2775,4.0358,0,0,0,0,0,0,0,-0,0,1.34275,0,0,0,0,0,0,0,0,0,0,0,0,0,0,0,0,0,0,0,0,0,0,0,0,0,0,0,0,0,0,0,0,0,0
6.55,0,0,0,0,-0,0,2.91813,1.94168,-2.53769,0.00012464,-7.33176e-05,-4.29595e-05,2.86592e-05,0.000706787,0.00061024,0,0,0,0,0,0,0,0,0,0,0,0,0,0,0,0,0,0,0,0,0,0,0,0,0,0,0,0,0,0,0,0,0,0,0,0,0,0,0,0,1.78588,1.21989,1.57693,1.71074e-05,0.000256612,-0.000255371,0.00014438,0.00105036,-0.00077484,0,0,0,0,0,0,0,0,0,0,0,0,0,0,0,0,0,0,0,0,0,0,0,0,0,0,0,0,0,0,0,0,0,0,0,0,0,0,0,0,0,0,0,0,0,0,0,0,0,0,0,0,1,0,0,0,0,0,1.1352,-0.1987,4.1146,0,0,0,0,0,0,0,-0,0,1.34275,0,0,0,0,0,0,0,0,0,0,0,0,0,0,0,0,0,0,0,0,0,0,0,0,0,0,0,0,0,0,0,0,0,0
6.6,0,0,0,0,-0,0,2.91813,1.94168,-2.53769,0.00012464,-7.33176e-05,-4.29595e-05,2.86592e-05,0.000706787,0.00061024,0,0,0,0,0,0,0,0,0,0,0,0,0,0,0,0,0,0,0,0,0,0,0,0,0,0,0,0,0,0,0,0,0,0,0,0,0,0,0,0,1.78588,1.21989,1.57693,1.71074e-05,0.000256612,-0.000255371,0.00014438,0.00105036,-0.00077484,0,0,0,0,0,0,0,0,0,0,0,0,0,0,0,0,0,0,0,0,0,0,0,0,0,0,0,0,0,0,0,0,0,0,0,0,0,0,0,0,0,0,0,0,0,0,0,0,0,0,0,0,1,0,0,0,0,0,1.1352,-0.1987,4.1146,0,0,0,0,0,0,0,-0,0,1.34275,0,0,0,0,0,0,0,0,0,0,0,0,0,0,0,0,0,0,0,0,0,0,0,0,0,0,0,0,0,0,0,0,0,0
6.65,0,0,0,0,-0,0,2.91815,1.94165,-2.5377,0.000221912,-0.000307262,-0.000140505,0.000412777,-0.000493119,0.000597674,0,0,0,0,0,0,0,0,0,0,0,0,0,0,0,0,0,0,0,0,0,0,0,0,0,0,0,0,0,0,0,0,0,0,0,0,0,0,0,0,1.78588,1.21987,1.577,7.31577e-05,-0.000188991,0.000718003,0.000349972,-0.000879345,0.00328672,0,0,0,0,0,0,0,0,0,0,0,0,0,0,0,0,0,0,0,0,0,0,0,0,0,0,0,0,0,0,0,0,0,0,0,0,0,0,0,0,0,0,0,0,0,0,0,0,0,0,0,0,1,0,0,0,0,0,1.1352,-0.1987,4.1146,0,0,0,0,0,0,0,-0,0,1.34276,0,0,0,0,0,0,0,0,0,0,0,0,0,0,0,0,0,0,0,0,0,0,0,0,0,0,0,0,0,0,0,0,0,0
6.7,0,0,0,0,-0,0,2.91815,1.94165,-2.5377,0.000221912,-0.000307262,-0.000140505,0.000412777,-0.000493119,0.000597674,0,0,0,0,0,0,0,0,0,0,0,0,0,0,0,0,0,0,0,0,0,0,0,0,0,0,0,0,0,0,0,0,0,0,0,0,0,0,0,0,1.78588,1.21987,1.577,7.31577e-05,-0.000188991,0.000718003,0.000349972,-0.000879345,0.00328672,0,0,0,0,0,0,0,0,0,0,0,0,0,0,0,0,0,0,0,0,0,0,0,0,0,0,0,0,0,0,0,0,0,0,0,0,0,0,0,0,0,0,0,0,0,0,0,0,0,0,0,0,1,0,0,0,0,0,1.1352,-0.1987,4.1146,0,0,0,0,0,0,0,-0,0,1.34276,0,0,0,0,0,0,0,0,0,0,0,0,0,0,0,0,0,0,0,0,0,0,0,0,0,0,0,0,0,0,0,0,0,0
6.75,0,0,0,0,-0,0,2.91816,1.94162,-2.53771,8.05735e-05,-0.000339385,-7.39163e-05,-0.000265887,-0.000585592,0.000623875,0,0,0,0,0,0,0,0,0,0,0,0,0,0,0,0,0,0,0,0,0,0,0,0,0,0,0,0,0,0,0,0,0,0,0,0,0,0,0,0,1.78588,1.21988,1.57693,-3.54035e-05,3.05203e-05,-0.000664054,-0.000196129,8.853e-05,-0.00300187,0,0,0,0,0,0,0,0,0,0,0,0,0,0,0,0,0,0,0,0,0,0,0,0,0,0,0,0,0,0,0,0,0,0,0,0,0,0,0,0,0,0,0,0,0,0,0,0,0,0,0,0,1,0,0,0,0,0,1.1353,-0.1987,4.1146,0,0,0,0,0,0,0,-0,0,1.34274,0,0,0,0,0,0,0,0,0,0,0,0,0,0,0,0,0,0,0,0,0,0,0,0,0,0,0,0,0,0,0,0,0,0
6.8,0,0,0,0,-0,0,2.91816,1.94162,-2.53771,8.05735e-05,-0.000339385,-7.39163e-05,-0.000265887,-0.000585592,0.000623875,0,0,0,0,0,0,0,0,0,0,0,0,0,0,0,0,0,0,0,0,0,0,0,0,0,0,0,0,0,0,0,0,0,0,0,0,0,0,0,0,1.78588,1.21988,1.57693,-3.54035e-05,3.05203e-05,-0.000664054,-0.000196129,8.853e-05,-0.00300187,0,0,0,0,0,0,0,0,0,0,0,0,0,0,0,0,0,0,0,0,0,0,0,0,0,0,0,0,0,0,0,0,0,0,0,0,0,0,0,0,0,0,0,0,0,0,0,0,0,0,0,0,1,0,0,0,0,0,1.1353,-0.1987,4.1146,0,0,0,0,0,0,0,-0,0,1.34274,0,0,0,0,0,0,0,0,0,0,0,0,0,0,0,0,0,0,0,0,0,0,0,0,0,0,0,0,0,0,0,0,0,0
6.85,0,0,0,0,-0,0,2.91817,1.94159,-2.5377,0.000121979,-0.000253716,9.29136e-05,-8.55534e-05,-2.2524e-05,0.00104443,0,0,0,0,0,0,0,0,0,0,0,0,0,0,0,0,0,0,0,0,0,0,0,0,0,0,0,0,0,0,0,0,0,0,0,0,0,0,0,0,1.78588,1.21987,1.57693,-1.82968e-05,-4.14728e-05,2.978e-05,-0.000123212,-0.00010374,0.000119842,0,0,0,0,0,0,0,0,0,0,0,0,0,0,0,0,0,0,0,0,0,0,0,0,0,0,0,0,0,0,0,0,0,0,0,0,0,0,0,0,0,0,0,0,0,0,0,0,0,0,0,0,1,0,0,0,0,0,1.1353,-0.1987,4.1146,0,0,0,0,0,0,0,-0,0,1.34275,0,0,0,0,0,0,0,0,0,0,0,0,0,0,0,0,0,0,0,0,0,0,0,0,0,0,0,0,0,0,0,0,0,0
6.9,0,0,0,0,-0,0,2.91819,1.94157,-2.53778,0.000205286,-0.000183292,-0.000818607,0.000305421,0.000344929,-0.0029578,0,0,0,0,0,0,0,0,0,0,0,0,0,0,0,0,0,0,0,0,0,0,0,0,0,0,0,0,0,0,0,0,0,0,0,0,0,0,0,0,1.78588,1.21987,1.57695,2.93266e-05,-7.45385e-05,0.000132457,0.000126201,-0.000220276,0.000904573,0,0,0,0,0,0,0,0,0,0,0,0,0,0,0,0,0,0,0,0,0,0,0,0,0,0,0,0,0,0,0,0,0,0,0,0,0,0,0,0,0,0,0,0,0,0,0,0,0,0,0,0,1,0,0,0,0,0,1.1353,-0.1987,4.1146,0,0,0,0,0,0,0,-0,0,1.34275,0,0,0,0,0,0,0,0,0,0,0,0,0,0,0,0,0,0,0,0,0,0,0,0,0,0,0,0,0,0,0,0,0,0
6.95,0,0,0,0,-0,0,2.91819,1.94157,-2.53778,0.000205286,-0.000183292,-0.000818607,0.000305421,0.000344929,-0.0029578,0,0,0,0,0,0,0,0,0,0,0,0,0,0,0,0,0,0,0,0,0,0,0,0,0,0,0,0,0,0,0,0,0,0,0,0,0,0,0,0,1.78588,1.21987,1.57695,2.93266e-05,-7.45385e-05,0.000132457,0.000126201,-0.000220276,0.000904573,0,0,0,0,0,0,0,0,0,0,0,0,0,0,0,0,0,0,0,0,0,0,0,0,0,0,0,0,0,0,0,0,0,0,0,0,0,0,0,0,0,0,0,0,0,0,0,0,0,0,0,0,1,0,0,0,0,0,1.1353,-0.1987,4.1147,0,0,0,0,0,0,0,-0,0,1.34275,0,0,0,0,0,0,0,0,0,0,0,0,0,0,0,0,0,0,0,0,0,0,0,0,0,0,0,0,0,0,0,0,0,0
7,0,0,0,0,-0,0,2.91819,1.94157,-2.53778,0.000205286,-0.000183292,-0.000818607,0.000305421,0.000344929,-0.0029578,0,0,0,0,0,0,0,0,0,0,0,0,0,0,0,0,0,0,0,0,0,0,0,0,0,0,0,0,0,0,0,0,0,0,0,0,0,0,0,0,1.78588,1.21987,1.57695,2.93266e-05,-7.45385e-05,0.000132457,0.000126201,-0.000220276,0.000904573,0,0,0,0,0,0,0,0,0,0,0,0,0,0,0,0,0,0,0,0,0,0,0,0,0,0,0,0,0,0,0,0,0,0,0,0,0,0,0,0,0,0,0,0,0,0,0,0,0,0,0,0,1,0,0,0,0,0,1.1353,-0.1987,4.1147,0,0,0,0,0,0,0,-0,0,1.34275,0,0,0,0,0,0,0,0,0,0,0,0,0,0,0,0,0,0,0,0,0,0,0,0,0,0,0,0,0,0,0,0,0,0
7.05,0,0,0,0,-0,0,2.9182,1.94156,-2.53779,0.000107489,-0.000130697,-7.63414e-05,-0.00015383,0.000466452,0.000645554,0,0,0,0,0,0,0,0,0,0,0,0,0,0,0,0,0,0,0,0,0,0,0,0,0,0,0,0,0,0,0,0,0,0,0,0,0,0,0,0,1.78588,1.21987,1.57693,-3.17581e-05,2.80937e-05,-0.000178926,-0.000134444,0.00026178,-0.000594298,0,0,0,0,0,0,0,0,0,0,0,0,0,0,0,0,0,0,0,0,0,0,0,0,0,0,0,0,0,0,0,0,0,0,0,0,0,0,0,0,0,0,0,0,0,0,0,0,0,0,0,0,1,0,0,0,0,0,1.1353,-0.1987,4.1147,0,0,0,0,0,0,0,-0,0,1.34276,0,0,0,0,0,0,0,0,0,0,0,0,0,0,0,0,0,0,0,0,0,0,0,0,0,0,0,0,0,0,0,0,0,0
7.1,0,0,0,0,-0,0,2.9182,1.94156,-2.53779,0.000107489,-0.000130697,-7.63414e-05,-0.00015383,0.000466452,0.000645554,0,0,0,0,0,0,0,0,0,0,0,0,0,0,0,0,0,0,0,0,0,0,0,0,0,0,0,0,0,0,0,0,0,0,0,0,0,0,0,0,1.78588,1.21987,1.57693,-3.17581e-05,2.80937e-05,-0.000178926,-0.000134444,0.00026178,-0.000594298,0,0,0,0,0,0,0,0,0,0,0,0,0,0,0,0,0,0,0,0,0,0,0,0,0,0,0,0,0,0,0,0,0,0,0,0,0,0,0,0,0,0,0,0,0,0,0,0,0,0,0,0,1,0,0,0,0,0,1.1353,-0.1987,4.1147,0,0,0,0,0,0,0,-0,0,1.34276,0,0,0,0,0,0,0,0,0,0,0,0,0,0,0,0,0,0,0,0,0,0,0,0,0,0,0,0,0,0,0,0,0,0
7.15,0,0,0,0,-0,0,2.91822,1.94154,-2.53787,0.000131772,-0.000213519,-0.000776867,-5.74971e-05,-3.44901e-05,-0.00192328,0,0,0,0,0,0,0,0,0,0,0,0,0,0,0,0,0,0,0,0,0,0,0,0,0,0,0,0,0,0,0,0,0,0,0,0,0,0,0,0,1.78588,1.21988,1.57693,-7.32065e-06,9.63885e-05,-2.62133e-05,-1.845e-05,0.000495498,4.99872e-05,0,0,0,0,0,0,0,0,0,0,0,0,0,0,0,0,0,0,0,0,0,0,0,0,0,0,0,0,0,0,0,0,0,0,0,0,0,0,0,0,0,0,0,0,0,0,0,0,0,0,0,0,1,0,0,0,0,0,1.1353,-0.1987,4.1147,0,0,0,0,0,0,0,-0,0,1.34275,0,0,0,0,0,0,0,0,0,0,0,0,0,0,0,0,0,0,0,0,0,0,0,0,0,0,0,0,0,0,0,0,0,0
7.2,0,0,0,0,-0,0,2.91823,1.94153,-2.53788,0.000138841,-7.79458e-05,-0.000152238,6.92604e-06,0.000453205,0.000994327,0,0,0,0,0,0,0,0,0,0,0,0,0,0,0,0,0,0,0,0,0,0,0,0,0,0,0,0,0,0,0,0,0,0,0,0,0,0,0,0,1.78588,1.21988,1.57694,2.19223e-05,-1.09611e-05,0.000114178,0.000121519,-0.000100075,0.000678377,0,0,0,0,0,0,0,0,0,0,0,0,0,0,0,0,0,0,0,0,0,0,0,0,0,0,0,0,0,0,0,0,0,0,0,0,0,0,0,0,0,0,0,0,0,0,0,0,0,0,0,0,1,0,0,0,0,0,1.1353,-0.1987,4.1147,0,0,0,0,0,0,0,-0,0,1.34276,0,0,0,0,0,0,0,0,0,0,0,0,0,0,0,0,0,0,0,0,0,0,0,0,0,0,0,0,0,0,0,0,0,0
7.25,0,0,0,0,-0,0,2.91823,1.94153,-2.53788,0.000138841,-7.79458e-05,-0.000152238,6.92604e-06,0.000453205,0.000994327,0,0,0,0,0,0,0,0,0,0,0,0,0,0,0,0,0,0,0,0,0,0,0,0,0,0,0,0,0,0,0,0,0,0,0,0,0,0,0,0,1.78588,1.21988,1.57694,2.19223e-05,-1.09611e-05,0.000114178,0.000121519,-0.000100075,0.000678377,0,0,0,0,0,0,0,0,0,0,0,0,0,0,0,0,0,0,0,0,0,0,0,0,0,0,0,0,0,0,0,0,0,0,0,0,0,0,0,0,0,0,0,0,0,0,0,0,0,0,0,0,1,0,0,0,0,0,1.1353,-0.1987,4.1147,0,0,0,0,0,0,0,-0,0,1.34276,0,0,0,0,0,0,0,0,0,0,0,0,0,0,0,0,0,0,0,0,0,0,0,0,0,0,0,0,0,0,0,0,0,0
7.3,0,0,0,0,-0,0,2.91824,1.94151,-2.53795,0.000139519,-0.000200712,-0.000623877,1.43205e-05,-0.000151524,-0.000890792,0,0,0,0,0,0,0,0,0,0,0,0,0,0,0,0,0,0,0,0,0,0,0,0,0,0,0,0,0,0,0,0,0,0,0,0,0,0,0,0,1.78588,1.21987,1.57695,1.22385e-06,-3.67156e-05,0.000138639,9.03169e-06,-0.000243385,0.000589019,0,0,0,0,0,0,0,0,0,0,0,0,0,0,0,0,0,0,0,0,0,0,0,0,0,0,0,0,0,0,0,0,0,0,0,0,0,0,0,0,0,0,0,0,0,0,0,0,0,0,0,0,1,0,0,0,0,0,1.1353,-0.1987,4.1147,0,0,0,0,0,0,0,-0,0,1.34276,0,0,0,0,0,0,0,0,0,0,0,0,0,0,0,0,0,0,0,0,0,0,0,0,0,0,0,0,0,0,0,0,0,0
7.35,0,0,0,0,-0,0,2.91824,1.94151,-2.53795,0.000139519,-0.000200712,-0.000623877,1.43205e-05,-0.000151524,-0.000890792,0,0,0,0,0,0,0,0,0,0,0,0,0,0,0,0,0,0,0,0,0,0,0,0,0,0,0,0,0,0,0,0,0,0,0,0,0,0,0,0,1.78588,1.21987,1.57695,1.22385e-06,-3.67156e-05,0.000138639,9.03169e-06,-0.000243385,0.000589019,0,0,0,0,0,0,0,0,0,0,0,0,0,0,0,0,0,0,0,0,0,0,0,0,0,0,0,0,0,0,0,0,0,0,0,0,0,0,0,0,0,0,0,0,0,0,0,0,0,0,0,0,1,0,0,0,0,0,1.1353,-0.1986,4.1149,0,0,0,0,0,0,0,-0,0,1.34276,0,0,0,0,0,0,0,0,0,0,0,0,0,0,0,0,0,0,0,0,0,0,0,0,0,0,0,0,0,0,0,0,0,0
7.4,0,0,0,0,-0,0,2.91825,1.94151,-2.53804,0.000100078,-5.85822e-05,-0.00091058,-0.000146563,0.000393256,-0.00194138,0,0,0,0,0,0,0,0,0,0,0,0,0,0,0,0,0,0,0,0,0,0,0,0,0,0,0,0,0,0,0,0,0,0,0,0,0,0,0,0,1.78588,1.21987,1.57698,3.29525e-05,-5.12594e-05,0.000239563,0.000117037,-0.000223973,0.000746315,0,0,0,0,0,0,0,0,0,0,0,0,0,0,0,0,0,0,0,0,0,0,0,0,0,0,0,0,0,0,0,0,0,0,0,0,0,0,0,0,0,0,0,0,0,0,0,0,0,0,0,0,1,0,0,0,0,0,1.1353,-0.1986,4.1149,0,0,0,0,0,0,0,-0,0,1.34277,0,0,0,0,0,0,0,0,0,0,0,0,0,0,0,0,0,0,0,0,0,0,0,0,0,0,0,0,0,0,0,0,0,0
7.45,0,0,0,0,-0,0,2.91825,1.94151,-2.53804,0.000100078,-5.85822e-05,-0.00091058,-0.000146563,0.000393256,-0.00194138,0,0,0,0,0,0,0,0,0,0,0,0,0,0,0,0,0,0,0,0,0,0,0,0,0,0,0,0,0,0,0,0,0,0,0,0,0,0,0,0,1.78588,1.21987,1.57698,3.29525e-05,-5.12594e-05,0.000239563,0.000117037,-0.000223973,0.000746315,0,0,0,0,0,0,0,0,0,0,0,0,0,0,0,0,0,0,0,0,0,0,0,0,0,0,0,0,0,0,0,0,0,0,0,0,0,0,0,0,0,0,0,0,0,0,0,0,0,0,0,0,1,0,0,0,0,0,1.1353,-0.1986,4.1149,0,0,0,0,0,0,0,-0,0,1.34277,0,0,0,0,0,0,0,0,0,0,0,0,0,0,0,0,0,0,0,0,0,0,0,0,0,0,0,0,0,0,0,0,0,0
7.5,0,0,0,0,-0,0,2.91826,1.94149,-2.53806,6.59328e-05,-0.00011233,-0.000228933,-0.000246774,9.57735e-05,0.00141845,0,0,0,0,0,0,0,0,0,0,0,0,0,0,0,0,0,0,0,0,0,0,0,0,0,0,0,0,0,0,0,0,0,0,0,0,0,0,0,0,1.78588,1.21985,1.57702,-4.88392e-06,-0.000223439,0.000439982,-6.63348e-05,-0.000819666,0.00126951,0,0,0,0,0,0,0,0,0,0,0,0,0,0,0,0,0,0,0,0,0,0,0,0,0,0,0,0,0,0,0,0,0,0,0,0,0,0,0,0,0,0,0,0,0,0,0,0,0,0,0,0,1,0,0,0,0,0,1.1353,-0.1986,4.1149,0,0,0,0,0,0,0,-0,0,1.34278,0,0,0,0,0,0,0,0,0,0,0,0,0,0,0,0,0,0,0,0,0,0,0,0,0,0,0,0,0,0,0,0,0,0
7.55,0,0,0,0,-0,0,2.91826,1.94149,-2.53806,6.59328e-05,-0.00011233,-0.000228933,-0.000246774,9.57735e-05,0.00141845,0,0,0,0,0,0,0,0,0,0,0,0,0,0,0,0,0,0,0,0,0,0,0,0,0,0,0,0,0,0,0,0,0,0,0,0,0,0,0,0,1.78588,1.21985,1.57702,-4.88392e-06,-0.000223439,0.000439982,-6.63348e-05,-0.000819666,0.00126951,0,0,0,0,0,0,0,0,0,0,0,0,0,0,0,0,0,0,0,0,0,0,0,0,0,0,0,0,0,0,0,0,0,0,0,0,0,0,0,0,0,0,0,0,0,0,0,0,0,0,0,0,1,0,0,0,0,0,1.1353,-0.1984,4.1151,0,0,0,0,0,0,0,-0,0,1.34278,0,0,0,0,0,0,0,0,0,0,0,0,0,0,0,0,0,0,0,0,0,0,0,0,0,0,0,0,0,0,0,0,0,0
7.6,0,0,0,0,-0,0,2.91828,1.9415,-2.53812,0.000180515,7.31819e-06,-0.000645582,0.000296349,0.000495171,-0.000359527,0,0,0,0,0,0,0,0,0,0,0,0,0,0,0,0,0,0,0,0,0,0,0,0,0,0,0,0,0,0,0,0,0,0,0,0,0,0,0,0,1.78588,1.21988,1.57693,-4.14697e-05,0.000314682,-0.000863555,-0.000210844,0.00157744,-0.00437563,0,0,0,0,0,0,0,0,0,0,0,0,0,0,0,0,0,0,0,0,0,0,0,0,0,0,0,0,0,0,0,0,0,0,0,0,0,0,0,0,0,0,0,0,0,0,0,0,0,0,0,0,1,0,0,0,0,0,1.1353,-0.1984,4.1151,0,0,0,0,0,0,0,-0,0,1.34278,0,0,0,0,0,0,0,0,0,0,0,0,0,0,0,0,0,0,0,0,0,0,0,0,0,0,0,0,0,0,0,0,0,0
7.65,0,0,0,0,-0,0,2.91828,1.9415,-2.53812,0.000180515,7.31819e-06,-0.000645582,0.000296349,0.000495171,-0.000359527,0,0,0,0,0,0,0,0,0,0,0,0,0,0,0,0,0,0,0,0,0,0,0,0,0,0,0,0,0,0,0,0,0,0,0,0,0,0,0,0,1.78588,1.21988,1.57693,-4.14697e-05,0.000314682,-0.000863555,-0.000210844,0.00157744,-0.00437563,0,0,0,0,0,0,0,0,0,0,0,0,0,0,0,0,0,0,0,0,0,0,0,0,0,0,0,0,0,0,0,0,0,0,0,0,0,0,0,0,0,0,0,0,0,0,0,0,0,0,0,0,1,0,0,0,0,0,1.1353,-0.1984,4.1151,0,0,0,0,0,0,0,-0,0,1.34278,0,0,0,0,0,0,0,0,0,0,0,0,0,0,0,0,0,0,0,0,0,0,0,0,0,0,0,0,0,0,0,0,0,0
7.7,0,0,0,0,-0,0,2.91829,1.94148,-2.53818,7.82344e-05,-0.000166248,-0.000608819,-0.000157877,-0.000341926,-0.000306909,0,0,0,0,0,0,0,0,0,0,0,0,0,0,0,0,0,0,0,0,0,0,0,0,0,0,0,0,0,0,0,0,0,0,0,0,0,0,0,0,1.78589,1.21986,1.57702,9.04585e-05,-0.000213922,0.000852346,0.000381017,-0.000841135,0.00346629,0,0,0,0,0,0,0,0,0,0,0,0,0,0,0,0,0,0,0,0,0,0,0,0,0,0,0,0,0,0,0,0,0,0,0,0,0,0,0,0,0,0,0,0,0,0,0,0,0,0,0,0,1,0,0,0,0,0,1.1353,-0.1984,4.1151,0,0,0,0,0,0,0,-0,0,1.34278,0,0,0,0,0,0,0,0,0,0,0,0,0,0,0,0,0,0,0,0,0,0,0,0,0,0,0,0,0,0,0,0,0,0
7.75,0,0,0,0,-0,0,2.91829,1.94148,-2.53818,7.82344e-05,-0.000166248,-0.000608819,-0.000157877,-0.000341926,-0.000306909,0,0,0,0,0,0,0,0,0,0,0,0,0,0,0,0,0,0,0,0,0,0,0,0,0,0,0,0,0,0,0,0,0,0,0,0,0,0,0,0,1.78589,1.21986,1.57702,9.04585e-05,-0.000213922,0.000852346,0.000381017,-0.000841135,0.00346629,0,0,0,0,0,0,0,0,0,0,0,0,0,0,0,0,0,0,0,0,0,0,0,0,0,0,0,0,0,0,0,0,0,0,0,0,0,0,0,0,0,0,0,0,0,0,0,0,0,0,0,0,1,0,0,0,0,0,1.1123,-0.2214,4.0921,0,0,0,0,0,0,0,-0,0,1.34278,0,0,0,0,0,0,0,0,0,0,0,0,0,0,0,0,0,0,0,0,0,0,0,0,0,0,0,0,0,0,0,0,0,0
7.8,0,0,0,0,-0,0,2.91829,1.9415,-2.53825,2.68612e-05,0.000170935,-0.000617637,-0.000361146,0.00102795,-0.000215238,0,0,0,0,0,0,0,0,0,0,0,0,0,0,0,0,0,0,0,0,0,0,0,0,0,0,0,0,0,0,0,0,0,0,0,0,0,0,0,0,1.78588,1.21988,1.57694,-6.8374e-05,0.000205122,-0.00080722,-0.000325361,0.000841145,-0.00348492,0,0,0,0,0,0,0,0,0,0,0,0,0,0,0,0,0,0,0,0,0,0,0,0,0,0,0,0,0,0,0,0,0,0,0,0,0,0,0,0,0,0,0,0,0,0,0,0,0,0,0,0,1,0,0,0,0,0,1.1123,-0.2214,4.0921,0,0,0,0,0,0,0,-0,0,1.34279,0,0,0,0,0,0,0,0,0,0,0,0,0,0,0,0,0,0,0,0,0,0,0,0,0,0,0,0,0,0,0,0,0,0
7.85,0,0,0,0,-0,0,2.91829,1.9415,-2.53825,2.68612e-05,0.000170935,-0.000617637,-0.000361146,0.00102795,-0.000215238,0,0,0,0,0,0,0,0,0,0,0,0,0,0,0,0,0,0,0,0,0,0,0,0,0,0,0,0,0,0,0,0,0,0,0,0,0,0,0,0,1.78588,1.21988,1.57694,-6.8374e-05,0.000205122,-0.00080722,-0.000325361,0.000841145,-0.00348492,0,0,0,0,0,0,0,0,0,0,0,0,0,0,0,0,0,0,0,0,0,0,0,0,0,0,0,0,0,0,0,0,0,0,0,0,0,0,0,0,0,0,0,0,0,0,0,0,0,0,0,0,1,0,0,0,0,0,1.1123,-0.2214,4.0921,0,0,0,0,0,0,0,-0,0,1.34279,0,0,0,0,0,0,0,0,0,0,0,0,0,0,0,0,0,0,0,0,0,0,0,0,0,0,0,0,0,0,0,0,0,0
7.9,0,0,0,0,-0,0,2.9183,1.94149,-2.53831,0.000144001,-6.83394e-05,-0.000612557,0.000223594,-0.000153134,-9.59709e-05,0,0,0,0,0,0,0,0,0,0,0,0,0,0,0,0,0,0,0,0,0,0,0,0,0,0,0,0,0,0,0,0,0,0,0,0,0,0,0,0,1.78587,1.21989,1.57695,-5.24749e-05,8.54243e-05,0.000153735,-0.000227613,0.000254839,0.000804944,0,0,0,0,0,0,0,0,0,0,0,0,0,0,0,0,0,0,0,0,0,0,0,0,0,0,0,0,0,0,0,0,0,0,0,0,0,0,0,0,0,0,0,0,0,0,0,0,0,0,0,0,1,0,0,0,0,0,1.1123,-0.2214,4.0921,0,0,0,0,0,0,0,-0,0,1.3428,0,0,0,0,0,0,0,0,0,0,0,0,0,0,0,0,0,0,0,0,0,0,0,0,0,0,0,0,0,0,0,0,0,0
7.95,0,0,0,0,-0,0,2.9183,1.94149,-2.53831,0.000144001,-6.83394e-05,-0.000612557,0.000223594,-0.000153134,-9.59709e-05,0,0,0,0,0,0,0,0,0,0,0,0,0,0,0,0,0,0,0,0,0,0,0,0,0,0,0,0,0,0,0,0,0,0,0,0,0,0,0,0,1.78587,1.21989,1.57695,-5.24749e-05,8.54243e-05,0.000153735,-0.000227613,0.000254839,0.000804944,0,0,0,0,0,0,0,0,0,0,0,0,0,0,0,0,0,0,0,0,0,0,0,0,0,0,0,0,0,0,0,0,0,0,0,0,0,0,0,0,0,0,0,0,0,0,0,0,0,0,0,0,1,0,0,0,0,0,1.2003,-0.1333,4.1801,0,0,0,0,0,0,0,-0,0,1.3428,0,0,0,0,0,0,0,0,0,0,0,0,0,0,0,0,0,0,0,0,0,0,0,0,0,0,0,0,0,0,0,0,0,0
8,0,0,0,0,-0,0,2.9183,1.94147,-2.53832,2.19578e-05,-0.000209819,-0.000116746,-0.000274369,-0.000817154,0.00194,0,0,0,0,0,0,0,0,0,0,0,0,0,0,0,0,0,0,0,0,0,0,0,0,0,0,0,0,0,0,0,0,0,0,0,0,0,0,0,0,1.78588,1.21988,1.57693,2.56175e-05,-5.61145e-05,-0.000243023,0.00018868,-0.000492014,-0.000521725,0,0,0,0,0,0,0,0,0,0,0,0,0,0,0,0,0,0,0,0,0,0,0,0,0,0,0,0,0,0,0,0,0,0,0,0,0,0,0,0,0,0,0,0,0,0,0,0,0,0,0,0,1,0,0,0,0,0,1.2003,-0.1333,4.1801,0,0,0,0,0,0,0,-0,0,1.34279,0,0,0,0,0,0,0,0,0,0,0,0,0,0,0,0,0,0,0,0,0,0,0,0,0,0,0,0,0,0,0,0,0,0
8.05,0,0,0,0,-0,0,2.9183,1.94147,-2.53832,2.19578e-05,-0.000209819,-0.000116746,-0.000274369,-0.000817154,0.00194,0,0,0,0,0,0,0,0,0,0,0,0,0,0,0,0,0,0,0,0,0,0,0,0,0,0,0,0,0,0,0,0,0,0,0,0,0,0,0,0,1.78588,1.21988,1.57693,2.56175e-05,-5.61145e-05,-0.000243023,0.00018868,-0.000492014,-0.000521725,0,0,0,0,0,0,0,0,0,0,0,0,0,0,0,0,0,0,0,0,0,0,0,0,0,0,0,0,0,0,0,0,0,0,0,0,0,0,0,0,0,0,0,0,0,0,0,0,0,0,0,0,1,0,0,0,0,0,1.2003,-0.1333,4.1801,0,0,0,0,0,0,0,-0,0,1.34279,0,0,0,0,0,0,0,0,0,0,0,0,0,0,0,0,0,0,0,0,0,0,0,0,0,0,0,0,0,0,0,0,0,0
8.1,0,0,0,0,-0,0,2.91831,1.94145,-2.5384,5.12388e-05,-0.000139077,-0.000826817,-0.000115013,-0.000297405,-0.00139781,0,0,0,0,0,0,0,0,0,0,0,0,0,0,0,0,0,0,0,0,0,0,0,0,0,0,0,0,0,0,0,0,0,0,0,0,0,0,0,0,1.78588,1.21986,1.57695,-1.70796e-05,-0.000169576,0.00021564,-1.10229e-06,-0.000849669,0.0013405,0,0,0,0,0,0,0,0,0,0,0,0,0,0,0,0,0,0,0,0,0,0,0,0,0,0,0,0,0,0,0,0,0,0,0,0,0,0,0,0,0,0,0,0,0,0,0,0,0,0,0,0,1,0,0,0,0,0,1.2003,-0.1333,4.1801,0,0,0,0,0,0,0,-0,0,1.3428,0,0,0,0,0,0,0,0,0,0,0,0,0,0,0,0,0,0,0,0,0,0,0,0,0,0,0,0,0,0,0,0,0,0
8.15,0,0,0,0,-0,0,2.91831,1.94145,-2.5384,5.12388e-05,-0.000139077,-0.000826817,-0.000115013,-0.000297405,-0.00139781,0,0,0,0,0,0,0,0,0,0,0,0,0,0,0,0,0,0,0,0,0,0,0,0,0,0,0,0,0,0,0,0,0,0,0,0,0,0,0,0,1.78588,1.21986,1.57695,-1.70796e-05,-0.000169576,0.00021564,-1.10229e-06,-0.000849669,0.0013405,0,0,0,0,0,0,0,0,0,0,0,0,0,0,0,0,0,0,0,0,0,0,0,0,0,0,0,0,0,0,0,0,0,0,0,0,0,0,0,0,0,0,0,0,0,0,0,0,0,0,0,0,1,0,0,0,0,0,1.2167,-0.1168,4.1966,0,0,0,0,0,0,0,-0,0,1.3428,0,0,0,0,0,0,0,0,0,0,0,0,0,0,0,0,0,0,0,0,0,0,0,0,0,0,0,0,0,0,0,0,0,0
8.2,0,0,0,0,-0,0,2.91832,1.94146,-2.53843,6.84719e-05,3.91268e-05,-0.000286573,2.11634e-05,0.000603938,0.000869738,0,0,0,0,0,0,0,0,0,0,0,0,0,0,0,0,0,0,0,0,0,0,0,0,0,0,0,0,0,0,0,0,0,0,0,0,0,0,0,0,1.78588,1.21988,1.57697,5.86902e-05,0.000160175,0.000213736,0.000276404,0.000759105,0.00104862,0,0,0,0,0,0,0,0,0,0,0,0,0,0,0,0,0,0,0,0,0,0,0,0,0,0,0,0,0,0,0,0,0,0,0,0,0,0,0,0,0,0,0,0,0,0,0,0,0,0,0,0,1,0,0,0,0,0,1.2167,-0.1168,4.1966,0,0,0,0,0,0,0,-0,0,1.34279,0,0,0,0,0,0,0,0,0,0,0,0,0,0,0,0,0,0,0,0,0,0,0,0,0,0,0,0,0,0,0,0,0,0
8.25,0,0,0,0,-0,0,2.91832,1.94146,-2.53843,6.84719e-05,3.91268e-05,-0.000286573,2.11634e-05,0.000603938,0.000869738,0,0,0,0,0,0,0,0,0,0,0,0,0,0,0,0,0,0,0,0,0,0,0,0,0,0,0,0,0,0,0,0,0,0,0,0,0,0,0,0,1.78588,1.21988,1.57697,5.86902e-05,0.000160175,0.000213736,0.000276404,0.000759105,0.00104862,0,0,0,0,0,0,0,0,0,0,0,0,0,0,0,0,0,0,0,0,0,0,0,0,0,0,0,0,0,0,0,0,0,0,0,0,0,0,0,0,0,0,0,0,0,0,0,0,0,0,0,0,1,0,0,0,0,0,1.2167,-0.1168,4.1966,0,0,0,0,0,0,0,-0,0,1.34279,0,0,0,0,0,0,0,0,0,0,0,0,0,0,0,0,0,0,0,0,0,0,0,0,0,0,0,0,0,0,0,0,0,0
8.3,0,0,0,0,-0,0,2.91832,1.94146,-2.53849,6.83584e-05,-2.44137e-05,-0.000579349,3.10407e-05,0.000230954,-0.000342282,0,0,0,0,0,0,0,0,0,0,0,0,0,0,0,0,0,0,0,0,0,0,0,0,0,0,0,0,0,0,0,0,0,0,0,0,0,0,0,0,1.78588,1.21989,1.57694,-4.15033e-05,0.000102538,-0.000326629,-0.000196501,0.000444071,-0.00156777,0,0,0,0,0,0,0,0,0,0,0,0,0,0,0,0,0,0,0,0,0,0,0,0,0,0,0,0,0,0,0,0,0,0,0,0,0,0,0,0,0,0,0,0,0,0,0,0,0,0,0,0,1,0,0,0,0,0,1.2167,-0.1168,4.1966,0,0,0,0,0,0,0,-0,0,1.34279,0,0,0,0,0,0,0,0,0,0,0,0,0,0,0,0,0,0,0,0,0,0,0,0,0,0,0,0,0,0,0,0,0,0
8.35,0,0,0,0,-0,0,2.91832,1.94146,-2.53849,6.83584e-05,-2.44137e-05,-0.000579349,3.10407e-05,0.000230954,-0.000342282,0,0,0,0,0,0,0,0,0,0,0,0,0,0,0,0,0,0,0,0,0,0,0,0,0,0,0,0,0,0,0,0,0,0,0,0,0,0,0,0,1.78588,1.21989,1.57694,-4.15033e-05,0.000102538,-0.000326629,-0.000196501,0.000444071,-0.00156777,0,0,0,0,0,0,0,0,0,0,0,0,0,0,0,0,0,0,0,0,0,0,0,0,0,0,0,0,0,0,0,0,0,0,0,0,0,0,0,0,0,0,0,0,0,0,0,0,0,0,0,0,1,0,0,0,0,0,1.1205,-0.2129,4.1005,0,0,0,0,0,0,0,-0,0,1.34279,0,0,0,0,0,0,0,0,0,0,0,0,0,0,0,0,0,0,0,0,0,0,0,0,0,0,0,0,0,0,0,0,0,0
8.4,0,0,0,0,-0,0,2.91832,1.94145,-2.53854,-1.70927e-05,-2.19764e-05,-0.00055561,-0.000321618,9.79243e-05,-0.000273741,0,0,0,0,0,0,0,0,0,0,0,0,0,0,0,0,0,0,0,0,0,0,0,0,0,0,0,0,0,0,0,0,0,0,0,0,0,0,0,0,1.78588,1.21987,1.57694,2.19764e-05,-0.000151393,-4.76918e-05,7.15525e-05,-0.000790872,-0.000181349,0,0,0,0,0,0,0,0,0,0,0,0,0,0,0,0,0,0,0,0,0,0,0,0,0,0,0,0,0,0,0,0,0,0,0,0,0,0,0,0,0,0,0,0,0,0,0,0,0,0,0,0,1,0,0,0,0,0,1.1205,-0.2129,4.1005,0,0,0,0,0,0,0,-0,0,1.3428,0,0,0,0,0,0,0,0,0,0,0,0,0,0,0,0,0,0,0,0,0,0,0,0,0,0,0,0,0,0,0,0,0,0
8.45,0,0,0,0,-0,0,2.91832,1.94145,-2.53854,-1.70927e-05,-2.19764e-05,-0.00055561,-0.000321618,9.79243e-05,-0.000273741,0,0,0,0,0,0,0,0,0,0,0,0,0,0,0,0,0,0,0,0,0,0,0,0,0,0,0,0,0,0,0,0,0,0,0,0,0,0,0,0,1.78588,1.21987,1.57694,2.19764e-05,-0.000151393,-4.76918e-05,7.15525e-05,-0.000790872,-0.000181349,0,0,0,0,0,0,0,0,0,0,0,0,0,0,0,0,0,0,0,0,0,0,0,0,0,0,0,0,0,0,0,0,0,0,0,0,0,0,0,0,0,0,0,0,0,0,0,0,0,0,0,0,1,0,0,0,0,0,1.1205,-0.2129,4.1005,0,0,0,0,0,0,0,-0,0,1.3428,0,0,0,0,0,0,0,0,0,0,0,0,0,0,0,0,0,0,0,0,0,0,0,0,0,0,0,0,0,0,0,0,0,0
8.5,0,0,0,0,-0,0,2.91833,1.94145,-2.53859,0.000117098,1.21977e-05,-0.000426445,0.000295447,0.000177317,0.000360292,0,0,0,0,0,0,0,0,0,0,0,0,0,0,0,0,0,0,0,0,0,0,0,0,0,0,0,0,0,0,0,0,0,0,0,0,0,0,0,0,1.78589,1.21986,1.57702,8.05049e-05,-0.000130516,0.00080524,0.000313155,-0.00055867,0.00348722,0,0,0,0,0,0,0,0,0,0,0,0,0,0,0,0,0,0,0,0,0,0,0,0,0,0,0,0,0,0,0,0,0,0,0,0,0,0,0,0,0,0,0,0,0,0,0,0,0,0,0,0,1,0,0,0,0,0,1.1205,-0.2129,4.1005,0,0,0,0,0,0,0,-0,0,1.34281,0,0,0,0,0,0,0,0,0,0,0,0,0,0,0,0,0,0,0,0,0,0,0,0,0,0,0,0,0,0,0,0,0,0
8.55,0,0,0,0,-0,0,2.91833,1.94145,-2.53859,0.000117098,1.21977e-05,-0.000426445,0.000295447,0.000177317,0.000360292,0,0,0,0,0,0,0,0,0,0,0,0,0,0,0,0,0,0,0,0,0,0,0,0,0,0,0,0,0,0,0,0,0,0,0,0,0,0,0,0,1.78589,1.21986,1.57702,8.05049e-05,-0.000130516,0.00080524,0.000313155,-0.00055867,0.00348722,0,0,0,0,0,0,0,0,0,0,0,0,0,0,0,0,0,0,0,0,0,0,0,0,0,0,0,0,0,0,0,0,0,0,0,0,0,0,0,0,0,0,0,0,0,0,0,0,0,0,0,0,1,0,0,0,0,0,1.1747,-0.1586,4.1548,0,0,0,0,0,0,0,-0,0,1.34281,0,0,0,0,0,0,0,0,0,0,0,0,0,0,0,0,0,0,0,0,0,0,0,0,0,0,0,0,0,0,0,0,0,0
8.6,0,0,0,0,-0,0,2.91835,1.94147,-2.5386,0.000197812,0.00019537,-0.000116859,0.000583087,0.000849054,0.00154025,0,0,0,0,0,0,0,0,0,0,0,0,0,0,0,0,0,0,0,0,0,0,0,0,0,0,0,0,0,0,0,0,0,0,0,0,0,0,0,0,1.78588,1.21986,1.57701,-5.4948e-05,1.70949e-05,-8.34713e-05,-0.000320711,0.000286141,-0.000962835,0,0,0,0,0,0,0,0,0,0,0,0,0,0,0,0,0,0,0,0,0,0,0,0,0,0,0,0,0,0,0,0,0,0,0,0,0,0,0,0,0,0,0,0,0,0,0,0,0,0,0,0,1,0,0,0,0,0,1.1747,-0.1586,4.1548,0,0,0,0,0,0,0,-0,0,1.34284,0,0,0,0,0,0,0,0,0,0,0,0,0,0,0,0,0,0,0,0,0,0,0,0,0,0,0,0,0,0,0,0,0,0
8.65,0,0,0,0,-0,0,2.91835,1.94147,-2.5386,0.000197812,0.00019537,-0.000116859,0.000583087,0.000849054,0.00154025,0,0,0,0,0,0,0,0,0,0,0,0,0,0,0,0,0,0,0,0,0,0,0,0,0,0,0,0,0,0,0,0,0,0,0,0,0,0,0,0,1.78588,1.21986,1.57701,-5.4948e-05,1.70949e-05,-8.34713e-05,-0.000320711,0.000286141,-0.000962835,0,0,0,0,0,0,0,0,0,0,0,0,0,0,0,0,0,0,0,0,0,0,0,0,0,0,0,0,0,0,0,0,0,0,0,0,0,0,0,0,0,0,0,0,0,0,0,0,0,0,0,0,1,0,0,0,0,0,1.1747,-0.1586,4.1548,0,0,0,0,0,0,0,-0,0,1.34284,0,0,0,0,0,0,0,0,0,0,0,0,0,0,0,0,0,0,0,0,0,0,0,0,0,0,0,0,0,0,0,0,0,0
8.7,0,0,0,0,-0,0,2.91834,1.94146,-2.53871,-0.000151478,-0.000167359,-0.00108798,-0.00100631,-0.000848356,-0.00279555,0,0,0,0,0,0,0,0,0,0,0,0,0,0,0,0,0,0,0,0,0,0,0,0,0,0,0,0,0,0,0,0,0,0,0,0,0,0,0,0,1.78588,1.21986,1.57695,-6.47445e-05,-6.10797e-05,-0.000602447,-0.00031748,-2.62599e-05,-0.0032534,0,0,0,0,0,0,0,0,0,0,0,0,0,0,0,0,0,0,0,0,0,0,0,0,0,0,0,0,0,0,0,0,0,0,0,0,0,0,0,0,0,0,0,0,0,0,0,0,0,0,0,0,1,0,0,0,0,0,1.1747,-0.1586,4.1548,0,0,0,0,0,0,0,-0,0,1.34283,0,0,0,0,0,0,0,0,0,0,0,0,0,0,0,0,0,0,0,0,0,0,0,0,0,0,0,0,0,0,0,0,0,0
8.75,0,0,0,0,-0,0,2.91834,1.94146,-2.53871,-0.000151478,-0.000167359,-0.00108798,-0.00100631,-0.000848356,-0.00279555,0,0,0,0,0,0,0,0,0,0,0,0,0,0,0,0,0,0,0,0,0,0,0,0,0,0,0,0,0,0,0,0,0,0,0,0,0,0,0,0,1.78588,1.21986,1.57695,-6.47445e-05,-6.10797e-05,-0.000602447,-0.00031748,-2.62599e-05,-0.0032534,0,0,0,0,0,0,0,0,0,0,0,0,0,0,0,0,0,0,0,0,0,0,0,0,0,0,0,0,0,0,0,0,0,0,0,0,0,0,0,0,0,0,0,0,0,0,0,0,0,0,0,0,1,0,0,0,0,0,1.1416,-0.1916,4.1218,0,0,0,0,0,0,0,-0,0,1.34283,0,0,0,0,0,0,0,0,0,0,0,0,0,0,0,0,0,0,0,0,0,0,0,0,0,0,0,0,0,0,0,0,0,0
8.8,0,0,0,0,-0,0,2.91834,1.94145,-2.53877,2.44023e-05,-0.000115911,-0.00066725,-0.000116994,-0.000534052,-0.000586919,0,0,0,0,0,0,0,0,0,0,0,0,0,0,0,0,0,0,0,0,0,0,0,0,0,0,0,0,0,0,0,0,0,0,0,0,0,0,0,0,1.78588,1.21988,1.57694,3.78236e-05,0.000184237,-6.4342e-05,0.000219527,0.000922098,-0.000114779,0,0,0,0,0,0,0,0,0,0,0,0,0,0,0,0,0,0,0,0,0,0,0,0,0,0,0,0,0,0,0,0,0,0,0,0,0,0,0,0,0,0,0,0,0,0,0,0,0,0,0,0,1,0,0,0,0,0,1.1416,-0.1916,4.1218,0,0,0,0,0,0,0,-0,0,1.34281,0,0,0,0,0,0,0,0,0,0,0,0,0,0,0,0,0,0,0,0,0,0,0,0,0,0,0,0,0,0,0,0,0,0
8.85,0,0,0,0,-0,0,2.91834,1.94145,-2.53877,2.44023e-05,-0.000115911,-0.00066725,-0.000116994,-0.000534052,-0.000586919,0,0,0,0,0,0,0,0,0,0,0,0,0,0,0,0,0,0,0,0,0,0,0,0,0,0,0,0,0,0,0,0,0,0,0,0,0,0,0,0,1.78588,1.21988,1.57694,3.78236e-05,0.000184237,-6.4342e-05,0.000219527,0.000922098,-0.000114779,0,0,0,0,0,0,0,0,0,0,0,0,0,0,0,0,0,0,0,0,0,0,0,0,0,0,0,0,0,0,0,0,0,0,0,0,0,0,0,0,0,0,0,0,0,0,0,0,0,0,0,0,1,0,0,0,0,0,1.1416,-0.1916,4.1218,0,0,0,0,0,0,0,-0,0,1.34281,0,0,0,0,0,0,0,0,0,0,0,0,0,0,0,0,0,0,0,0,0,0,0,0,0,0,0,0,0,0,0,0,0,0
8.9,0,0,0,0,-0,0,2.91834,1.94146,-2.53879,2.44202e-05,0.000170941,-0.000202707,5.02259e-05,0.000868328,0.00180464,0,0,0,0,0,0,0,0,0,0,0,0,0,0,0,0,0,0,0,0,0,0,0,0,0,0,0,0,0,0,0,0,0,0,0,0,0,0,0,0,1.78588,1.21988,1.57694,-7.32605e-06,5.98294e-05,-3.10022e-05,2.40756e-05,0.000184629,0.000489642,0,0,0,0,0,0,0,0,0,0,0,0,0,0,0,0,0,0,0,0,0,0,0,0,0,0,0,0,0,0,0,0,0,0,0,0,0,0,0,0,0,0,0,0,0,0,0,0,0,0,0,0,1,0,0,0,0,0,1.1416,-0.1916,4.1218,0,0,0,0,0,0,0,-0,0,1.34282,0,0,0,0,0,0,0,0,0,0,0,0,0,0,0,0,0,0,0,0,0,0,0,0,0,0,0,0,0,0,0,0,0,0
8.95,0,0,0,0,-0,0,2.91834,1.94146,-2.53879,2.44202e-05,0.000170941,-0.000202707,5.02259e-05,0.000868328,0.00180464,0,0,0,0,0,0,0,0,0,0,0,0,0,0,0,0,0,0,0,0,0,0,0,0,0,0,0,0,0,0,0,0,0,0,0,0,0,0,0,0,1.78588,1.21988,1.57694,-7.32605e-06,5.98294e-05,-3.10022e-05,2.40756e-05,0.000184629,0.000489642,0,0,0,0,0,0,0,0,0,0,0,0,0,0,0,0,0,0,0,0,0,0,0,0,0,0,0,0,0,0,0,0,0,0,0,0,0,0,0,0,0,0,0,0,0,0,0,0,0,0,0,0,1,0,0,0,0,0,1.1354,-0.1977,4.1156,0,0,0,0,0,0,0,-0,0,1.34282,0,0,0,0,0,0,0,0,0,0,0,0,0,0,0,0,0,0,0,0,0,0,0,0,0,0,0,0,0,0,0,0,0,0
9,0,0,0,0,-0,0,2.91834,1.94146,-2.53879,2.44202e-05,0.000170941,-0.000202707,5.02259e-05,0.000868328,0.00180464,0,0,0,0,0,0,0,0,0,0,0,0,0,0,0,0,0,0,0,0,0,0,0,0,0,0,0,0,0,0,0,0,0,0,0,0,0,0,0,0,1.78588,1.21988,1.57694,-7.32605e-06,5.98294e-05,-3.10022e-05,2.40756e-05,0.000184629,0.000489642,0,0,0,0,0,0,0,0,0,0,0,0,0,0,0,0,0,0,0,0,0,0,0,0,0,0,0,0,0,0,0,0,0,0,0,0,0,0,0,0,0,0,0,0,0,0,0,0,0,0,0,0,1,0,0,0,0,0,1.1354,-0.1977,4.1156,0,0,0,0,0,0,0,-0,0,1.34282,0,0,0,0,0,0,0,0,0,0,0,0,0,0,0,0,0,0,0,0,0,0,0,0,0,0,0,0,0,0,0,0,0,0
9.05,0,0,0,0,-0,0,2.91834,1.94146,-2.53885,4.88032e-06,-4.14828e-05,-0.000521871,-2.52694e-05,-0.000137618,0.000130918,0,0,0,0,0,0,0,0,0,0,0,0,0,0,0,0,0,0,0,0,0,0,0,0,0,0,0,0,0,0,0,0,0,0,0,0,0,0,0,0,1.78588,1.21988,1.57694,-8.54057e-06,-3.66024e-06,3.6936e-05,-1.68478e-05,-0.000242491,0.000647093,0,0,0,0,0,0,0,0,0,0,0,0,0,0,0,0,0,0,0,0,0,0,0,0,0,0,0,0,0,0,0,0,0,0,0,0,0,0,0,0,0,0,0,0,0,0,0,0,0,0,0,0,1,0,0,0,0,0,1.1354,-0.1977,4.1156,0,0,0,0,0,0,0,-0,0,1.34282,0,0,0,0,0,0,0,0,0,0,0,0,0,0,0,0,0,0,0,0,0,0,0,0,0,0,0,0,0,0,0,0,0,0
9.1,0,0,0,0,-0,0,2.91835,1.94145,-2.53884,2.19664e-05,-0.00010251,2.14516e-05,4.28799e-05,-0.000462585,0.00202383,0,0,0,0,0,0,0,0,0,0,0,0,0,0,0,0,0,0,0,0,0,0,0,0,0,0,0,0,0,0,0,0,0,0,0,0,0,0,0,0,1.78588,1.21986,1.57706,6.22383e-05,-0.000187935,0.00114766,0.000267187,-0.000939738,0.00484814,0,0,0,0,0,0,0,0,0,0,0,0,0,0,0,0,0,0,0,0,0,0,0,0,0,0,0,0,0,0,0,0,0,0,0,0,0,0,0,0,0,0,0,0,0,0,0,0,0,0,0,0,1,0,0,0,0,0,1.1354,-0.1977,4.1156,0,0,0,0,0,0,0,-0,0,1.34282,0,0,0,0,0,0,0,0,0,0,0,0,0,0,0,0,0,0,0,0,0,0,0,0,0,0,0,0,0,0,0,0,0,0
9.15,0,0,0,0,-0,0,2.91835,1.94145,-2.53884,2.19664e-05,-0.00010251,2.14516e-05,4.28799e-05,-0.000462585,0.00202383,0,0,0,0,0,0,0,0,0,0,0,0,0,0,0,0,0,0,0,0,0,0,0,0,0,0,0,0,0,0,0,0,0,0,0,0,0,0,0,0,1.78588,1.21986,1.57706,6.22383e-05,-0.000187935,0.00114766,0.000267187,-0.000939738,0.00484814,0,0,0,0,0,0,0,0,0,0,0,0,0,0,0,0,0,0,0,0,0,0,0,0,0,0,0,0,0,0,0,0,0,0,0,0,0,0,0,0,0,0,0,0,0,0,0,0,0,0,0,0,1,0,0,0,0,0,1.1355,-0.1975,4.1159,0,0,0,0,0,0,0,-0,0,1.34282,0,0,0,0,0,0,0,0,0,0,0,0,0,0,0,0,0,0,0,0,0,0,0,0,0,0,0,0,0,0,0,0,0,0
9.2,0,0,0,0,-0,0,2.91834,1.94145,-2.53885,-5.1292e-05,4.88496e-06,-5.48604e-05,-0.000257756,0.000107481,0.00116617,0,0,0,0,0,0,0,0,0,0,0,0,0,0,0,0,0,0,0,0,0,0,0,0,0,0,0,0,0,0,0,0,0,0,0,0,0,0,0,0,1.78588,1.21987,1.57695,-8.30444e-05,5.25133e-05,-0.00104354,-0.000381686,0.000302323,-0.00527673,0,0,0,0,0,0,0,0,0,0,0,0,0,0,0,0,0,0,0,0,0,0,0,0,0,0,0,0,0,0,0,0,0,0,0,0,0,0,0,0,0,0,0,0,0,0,0,0,0,0,0,0,1,0,0,0,0,0,1.1355,-0.1975,4.1159,0,0,0,0,0,0,0,-0,0,1.34282,0,0,0,0,0,0,0,0,0,0,0,0,0,0,0,0,0,0,0,0,0,0,0,0,0,0,0,0,0,0,0,0,0,0
9.25,0,0,0,0,-0,0,2.91834,1.94145,-2.53885,-5.1292e-05,4.88496e-06,-5.48604e-05,-0.000257756,0.000107481,0.00116617,0,0,0,0,0,0,0,0,0,0,0,0,0,0,0,0,0,0,0,0,0,0,0,0,0,0,0,0,0,0,0,0,0,0,0,0,0,0,0,0,1.78588,1.21987,1.57695,-8.30444e-05,5.25133e-05,-0.00104354,-0.000381686,0.000302323,-0.00527673,0,0,0,0,0,0,0,0,0,0,0,0,0,0,0,0,0,0,0,0,0,0,0,0,0,0,0,0,0,0,0,0,0,0,0,0,0,0,0,0,0,0,0,0,0,0,0,0,0,0,0,0,1,0,0,0,0,0,1.1355,-0.1975,4.1159,0,0,0,0,0,0,0,-0,0,1.34282,0,0,0,0,0,0,0,0,0,0,0,0,0,0,0,0,0,0,0,0,0,0,0,0,0,0,0,0,0,0,0,0,0,0
9.3,0,0,0,0,-0,0,2.91834,1.94147,-2.53888,2.92913e-05,0.000205039,-0.000293199,0.000126475,0.000941459,-0.00036833,0,0,0,0,0,0,0,0,0,0,0,0,0,0,0,0,0,0,0,0,0,0,0,0,0,0,0,0,0,0,0,0,0,0,0,0,0,0,0,0,1.78588,1.21986,1.57701,8.42123e-05,-6.95667e-05,0.000548257,0.000351232,-0.000138163,0.00182073,0,0,0,0,0,0,0,0,0,0,0,0,0,0,0,0,0,0,0,0,0,0,0,0,0,0,0,0,0,0,0,0,0,0,0,0,0,0,0,0,0,0,0,0,0,0,0,0,0,0,0,0,1,0,0,0,0,0,1.1355,-0.1975,4.1159,0,0,0,0,0,0,0,-0,0,1.34283,0,0,0,0,0,0,0,0,0,0,0,0,0,0,0,0,0,0,0,0,0,0,0,0,0,0,0,0,0,0,0,0,0,0
9.35,0,0,0,0,-0,0,2.91834,1.94147,-2.53888,2.92913e-05,0.000205039,-0.000293199,0.000126475,0.000941459,-0.00036833,0,0,0,0,0,0,0,0,0,0,0,0,0,0,0,0,0,0,0,0,0,0,0,0,0,0,0,0,0,0,0,0,0,0,0,0,0,0,0,0,1.78588,1.21986,1.57701,8.42123e-05,-6.95667e-05,0.000548257,0.000351232,-0.000138163,0.00182073,0,0,0,0,0,0,0,0,0,0,0,0,0,0,0,0,0,0,0,0,0,0,0,0,0,0,0,0,0,0,0,0,0,0,0,0,0,0,0,0,0,0,0,0,0,0,0,0,0,0,0,0,1,0,0,0,0,0,1.1356,-0.1974,4.1159,0,0,0,0,0,0,0,-0,0,1.34283,0,0,0,0,0,0,0,0,0,0,0,0,0,0,0,0,0,0,0,0,0,0,0,0,0,0,0,0,0,0,0,0,0,0
9.4,0,0,0,0,-0,0,2.91834,1.94147,-2.53886,-5.13184e-05,-1.95499e-05,0.00015512,-0.000194111,-0.000219322,0.00136273,0,0,0,0,0,0,0,0,0,0,0,0,0,0,0,0,0,0,0,0,0,0,0,0,0,0,0,0,0,0,0,0,0,0,0,0,0,0,0,0,1.78588,1.21987,1.57695,-6.47589e-05,0.000134405,-0.000594227,-0.000285132,0.000672418,-0.00251082,0,0,0,0,0,0,0,0,0,0,0,0,0,0,0,0,0,0,0,0,0,0,0,0,0,0,0,0,0,0,0,0,0,0,0,0,0,0,0,0,0,0,0,0,0,0,0,0,0,0,0,0,1,0,0,0,0,0,1.1356,-0.1974,4.1159,0,0,0,0,0,0,0,-0,0,1.34282,0,0,0,0,0,0,0,0,0,0,0,0,0,0,0,0,0,0,0,0,0,0,0,0,0,0,0,0,0,0,0,0,0,0
9.45,0,0,0,0,-0,0,2.91834,1.94147,-2.53886,-5.13184e-05,-1.95499e-05,0.00015512,-0.000194111,-0.000219322,0.00136273,0,0,0,0,0,0,0,0,0,0,0,0,0,0,0,0,0,0,0,0,0,0,0,0,0,0,0,0,0,0,0,0,0,0,0,0,0,0,0,0,1.78588,1.21987,1.57695,-6.47589e-05,0.000134405,-0.000594227,-0.000285132,0.000672418,-0.00251082,0,0,0,0,0,0,0,0,0,0,0,0,0,0,0,0,0,0,0,0,0,0,0,0,0,0,0,0,0,0,0,0,0,0,0,0,0,0,0,0,0,0,0,0,0,0,0,0,0,0,0,0,1,0,0,0,0,0,1.1356,-0.1974,4.1159,0,0,0,0,0,0,0,-0,0,1.34282,0,0,0,0,0,0,0,0,0,0,0,0,0,0,0,0,0,0,0,0,0,0,0,0,0,0,0,0,0,0,0,0,0,0
9.5,0,0,0,0,-0,0,2.91834,1.94147,-2.53885,1.21916e-05,1.09724e-05,0.00016192,9.36915e-05,-0.000166822,0.00108013,0,0,0,0,0,0,0,0,0,0,0,0,0,0,0,0,0,0,0,0,0,0,0,0,0,0,0,0,0,0,0,0,0,0,0,0,0,0,0,0,1.78588,1.21988,1.57696,-1.21916e-06,7.92455e-05,8.33412e-05,-3.61677e-06,0.000293477,0.000611971,0,0,0,0,0,0,0,0,0,0,0,0,0,0,0,0,0,0,0,0,0,0,0,0,0,0,0,0,0,0,0,0,0,0,0,0,0,0,0,0,0,0,0,0,0,0,0,0,0,0,0,0,1,0,0,0,0,0,1.1356,-0.1974,4.1159,0,0,0,0,0,0,0,-0,0,1.34282,0,0,0,0,0,0,0,0,0,0,0,0,0,0,0,0,0,0,0,0,0,0,0,0,0,0,0,0,0,0,0,0,0,0
9.55,0,0,0,0,-0,0,2.91834,1.94147,-2.53885,1.21916e-05,1.09724e-05,0.00016192,9.36915e-05,-0.000166822,0.00108013,0,0,0,0,0,0,0,0,0,0,0,0,0,0,0,0,0,0,0,0,0,0,0,0,0,0,0,0,0,0,0,0,0,0,0,0,0,0,0,0,1.78588,1.21988,1.57696,-1.21916e-06,7.92455e-05,8.33412e-05,-3.61677e-06,0.000293477,0.000611971,0,0,0,0,0,0,0,0,0,0,0,0,0,0,0,0,0,0,0,0,0,0,0,0,0,0,0,0,0,0,0,0,0,0,0,0,0,0,0,0,0,0,0,0,0,0,0,0,0,0,0,0,1,0,0,0,0,0,1.1355,-0.1975,4.1158,0,0,0,0,0,0,0,-0,0,1.34282,0,0,0,0,0,0,0,0,0,0,0,0,0,0,0,0,0,0,0,0,0,0,0,0,0,0,0,0,0,0,0,0,0,0
9.6,0,0,0,0,-0,0,2.91834,1.94145,-2.53887,4.88522e-05,-0.000180753,-0.000214682,0.000241662,-0.000859146,-0.000895256,0,0,0,0,0,0,0,0,0,0,0,0,0,0,0,0,0,0,0,0,0,0,0,0,0,0,0,0,0,0,0,0,0,0,0,0,0,0,0,0,1.7859,1.21988,1.57696,0.000263801,-1.34343e-05,2.9817e-05,0.00109485,-0.000245837,0.000576267,0,0,0,0,0,0,0,0,0,0,0,0,0,0,0,0,0,0,0,0,0,0,0,0,0,0,0,0,0,0,0,0,0,0,0,0,0,0,0,0,0,0,0,0,0,0,0,0,0,0,0,0,1,0,0,0,0,0,1.1355,-0.1975,4.1158,0,0,0,0,0,0,0,-0,0,1.34279,0,0,0,0,0,0,0,0,0,0,0,0,0,0,0,0,0,0,0,0,0,0,0,0,0,0,0,0,0,0,0,0,0,0
9.65,0,0,0,0,-0,0,2.91834,1.94145,-2.53887,4.88522e-05,-0.000180753,-0.000214682,0.000241662,-0.000859146,-0.000895256,0,0,0,0,0,0,0,0,0,0,0,0,0,0,0,0,0,0,0,0,0,0,0,0,0,0,0,0,0,0,0,0,0,0,0,0,0,0,0,0,1.7859,1.21988,1.57696,0.000263801,-1.34343e-05,2.9817e-05,0.00109485,-0.000245837,0.000576267,0,0,0,0,0,0,0,0,0,0,0,0,0,0,0,0,0,0,0,0,0,0,0,0,0,0,0,0,0,0,0,0,0,0,0,0,0,0,0,0,0,0,0,0,0,0,0,0,0,0,0,0,1,0,0,0,0,0,1.1355,-0.1975,4.1158,0,0,0,0,0,0,0,-0,0,1.34279,0,0,0,0,0,0,0,0,0,0,0,0,0,0,0,0,0,0,0,0,0,0,0,0,0,0,0,0,0,0,0,0,0,0
9.7,0,0,0,0,-0,0,2.91834,1.94145,-2.53887,4.88522e-05,-0.000180753,-0.000214682,0.000241662,-0.000859146,-0.000895256,0,0,0,0,0,0,0,0,0,0,0,0,0,0,0,0,0,0,0,0,0,0,0,0,0,0,0,0,0,0,0,0,0,0,0,0,0,0,0,0,1.7859,1.21988,1.57696,0.000263801,-1.34343e-05,2.9817e-05,0.00109485,-0.000245837,0.000576267,0,0,0,0,0,0,0,0,0,0,0,0,0,0,0,0,0,0,0,0,0,0,0,0,0,0,0,0,0,0,0,0,0,0,0,0,0,0,0,0,0,0,0,0,0,0,0,0,0,0,0,0,1,0,0,0,0,0,1.1355,-0.1975,4.1158,0,0,0,0,0,0,0,-0,0,1.34279,0,0,0,0,0,0,0,0,0,0,0,0,0,0,0,0,0,0,0,0,0,0,0,0,0,0,0,0,0,0,0,0,0,0
9.75,0,0,0,0,-0,0,2.91833,1.94144,-2.53882,-0.000109966,-6.1092e-05,0.000513077,-0.000469302,-0.000131723,0.00210261,0,0,0,0,0,0,0,0,0,0,0,0,0,0,0,0,0,0,0,0,0,0,0,0,0,0,0,0,0,0,0,0,0,0,0,0,0,0,0,0,1.78594,1.21989,1.57693,0.000322566,0.000129515,-0.000258925,0.00104113,0.000350582,-0.000812292,0,0,0,0,0,0,0,0,0,0,0,0,0,0,0,0,0,0,0,0,0,0,0,0,0,0,0,0,0,0,0,0,0,0,0,0,0,0,0,0,0,0,0,0,0,0,0,0,0,0,0,0,1,0,0,0,0,0,1.1354,-0.1975,4.1158,0,0,0,0,0,0,0,-0,0,1.34274,0,0,0,0,0,0,0,0,0,0,0,0,0,0,0,0,0,0,0,0,0,0,0,0,0,0,0,0,0,0,0,0,0,0
9.8,0,0,0,0,-0,0,2.91834,1.94148,-2.5389,6.09755e-05,0.000306097,-0.00080983,0.000304717,0.00148668,-0.00361672,0,0,0,0,0,0,0,0,0,0,0,0,0,0,0,0,0,0,0,0,0,0,0,0,0,0,0,0,0,0,0,0,0,0,0,0,0,0,0,0,1.78597,1.21994,1.57692,0.000375609,0.000437804,-0.00014053,0.000830849,0.00152374,-0.000203471,0,0,0,0,0,0,0,0,0,0,0,0,0,0,0,0,0,0,0,0,0,0,0,0,0,0,0,0,0,0,0,0,0,0,0,0,0,0,0,0,0,0,0,0,0,0,0,0,0,0,0,0,1,0,0,0,0,0,1.1354,-0.1975,4.1158,0,0,0,0,0,0,0,-0,0,1.34271,0,0,0,0,0,0,0,0,0,0,0,0,0,0,0,0,0,0,0,0,0,0,0,0,0,0,0,0,0,0,0,0,0,0
9.85,0,0,0,0,-0,0,2.91834,1.94148,-2.5389,6.09755e-05,0.000306097,-0.00080983,0.000304717,0.00148668,-0.00361672,0,0,0,0,0,0,0,0,0,0,0,0,0,0,0,0,0,0,0,0,0,0,0,0,0,0,0,0,0,0,0,0,0,0,0,0,0,0,0,0,1.78597,1.21994,1.57692,0.000375609,0.000437804,-0.00014053,0.000830849,0.00152374,-0.000203471,0,0,0,0,0,0,0,0,0,0,0,0,0,0,0,0,0,0,0,0,0,0,0,0,0,0,0,0,0,0,0,0,0,0,0,0,0,0,0,0,0,0,0,0,0,0,0,0,0,0,0,0,1,0,0,0,0,0,1.1354,-0.1975,4.1158,0,0,0,0,0,0,0,-0,0,1.34271,0,0,0,0,0,0,0,0,0,0,0,0,0,0,0,0,0,0,0,0,0,0,0,0,0,0,0,0,0,0,0,0,0,0
9.9,0,0,0,0,-0,0,2.91834,1.94147,-2.53886,1.46655e-05,-0.000100214,0.000346109,0.00010257,-0.000512616,0.00167504,0,0,0,0,0,0,0,0,0,0,0,0,0,0,0,0,0,0,0,0,0,0,0,0,0,0,0,0,0,0,0,0,0,0,0,0,0,0,0,0,1.78602,1.21999,1.57679,0.000422855,0.000516958,-0.00128657,0.000657236,0.00138802,-0.00461738,0,0,0,0,0,0,0,0,0,0,0,0,0,0,0,0,0,0,0,0,0,0,0,0,0,0,0,0,0,0,0,0,0,0,0,0,0,0,0,0,0,0,0,0,0,0,0,0,0,0,0,0,1,0,0,0,0,0,1.1354,-0.1975,4.1158,0,0,0,0,0,0,0,-0,0,1.34264,0,0,0,0,0,0,0,0,0,0,0,0,0,0,0,0,0,0,0,0,0,0,0,0,0,0,0,0,0,0,0,0,0,0
9.95,0,0,0,0,-0,0,2.91834,1.94147,-2.53886,1.46655e-05,-0.000100214,0.000346109,0.00010257,-0.000512616,0.00167504,0,0,0,0,0,0,0,0,0,0,0,0,0,0,0,0,0,0,0,0,0,0,0,0,0,0,0,0,0,0,0,0,0,0,0,0,0,0,0,0,1.78602,1.21999,1.57679,0.000422855,0.000516958,-0.00128657,0.000657236,0.00138802,-0.00461738,0,0,0,0,0,0,0,0,0,0,0,0,0,0,0,0,0,0,0,0,0,0,0,0,0,0,0,0,0,0,0,0,0,0,0,0,0,0,0,0,0,0,0,0,0,0,0,0,0,0,0,0,1,0,0,0,0,0,1.1914,-0.1414,4.1717,0,0,0,0,0,0,0,-0,0,1.34264,0,0,0,0,0,0,0,0,0,0,0,0,0,0,0,0,0,0,0,0,0,0,0,0,0,0,0,0,0,0,0,0,0,0
10,0,0,0,0,-0,0,2.91835,1.94145,-2.53887,5.1221e-05,-0.000156102,-6.90759e-05,0.00018042,-0.000801866,6.34799e-05,0,0,0,0,0,0,0,0,0,0,0,0,0,0,0,0,0,0,0,0,0,0,0,0,0,0,0,0,0,0,0,0,0,0,0,0,0,0,0,0,1.78606,1.22001,1.57678,0.000462208,0.000197567,-6.5503e-05,0.000530752,-0.000458604,0.00150421,0,0,0,0,0,0,0,0,0,0,0,0,0,0,0,0,0,0,0,0,0,0,0,0,0,0,0,0,0,0,0,0,0,0,0,0,0,0,0,0,0,0,0,0,0,0,0,0,0,0,0,0,1,0,0,0,0,0,1.1914,-0.1414,4.1717,0,0,0,0,0,0,0,-0,0,1.34259,0,0,0,0,0,0,0,0,0,0,0,0,0,0,0,0,0,0,0,0,0,0,0,0,0,0,0,0,0,0,0,0,0,0
10.05,0,0,0,0,-0,0,2.91835,1.94145,-2.53887,5.1221e-05,-0.000156102,-6.90759e-05,0.00018042,-0.000801866,6.34799e-05,0,0,0,0,0,0,0,0,0,0,0,0,0,0,0,0,0,0,0,0,0,0,0,0,0,0,0,0,0,0,0,0,0,0,0,0,0,0,0,0,1.78606,1.22001,1.57678,0.000462208,0.000197567,-6.5503e-05,0.000530752,-0.000458604,0.00150421,0,0,0,0,0,0,0,0,0,0,0,0,0,0,0,0,0,0,0,0,0,0,0,0,0,0,0,0,0,0,0,0,0,0,0,0,0,0,0,0,0,0,0,0,0,0,0,0,0,0,0,1,1,0,0,0,0,0,1.1914,-0.1414,4.1717,0,0,0,0,0,0,0,-0,0,1.34259,0,0,0,0,0,0,0,0,0,0,0,0,0,0,0,0,0,0,0,0,0,0,0,0,0,0,0,0,0,0,0,0,0,0
10.1,0,0,0,0,-0,0,2.91834,1.94146,-2.53886,-5.85967e-05,5.85967e-05,9.06037e-05,-0.000320131,0.000337842,0.000458027,0,0,0,0,0,0,0,0,0,0,0,0,0,0,0,0,0,0,0,0,0,0,0,0,0,0,0,0,0,0,0,0,0,0,0,0,0,0,0,0,1.78611,1.22005,1.57679,0.000488306,0.000416281,3.0996e-05,0.00040389,0.000347442,0.00211875,0,0,0,0,0,0,0,0,0,0,0,0,0,0,0,0,0,0,0,0,0,0,0,0,0,0,0,0,0,0,0,0,0,0,0,0,0,0,0,0,0,0,0,0,0,0,0,0,0,0,0,1,1,0,0,0,0,0,1.1914,-0.1414,4.1717,0,0,0,0,0,0,0,-0,0,1.34252,0,0,0,0,0,0,0,0,0,0,0,0,0,0,0,0,0,0,0,0,0,0,0,0,0,0,0,0,0,0,0,0,0,0
10.15,0,0,0,0,-0,0,2.91834,1.94146,-2.53886,-5.85967e-05,5.85967e-05,9.06037e-05,-0.000320131,0.000337842,0.000458027,0,0,0,0,0,0,0,0,0,0,0,0,0,0,0,0,0,0,0,0,0,0,0,0,0,0,0,0,0,0,0,0,0,0,0,0,0,0,0,0,1.78611,1.22005,1.57679,0.000488306,0.000416281,3.0996e-05,0.00040389,0.000347442,0.00211875,0,0,0,0,0,0,0,0,0,0,0,0,0,0,0,0,0,0,0,0,0,0,0,0,0,0,0,0,0,0,0,0,0,0,0,0,0,0,0,0,0,0,0,0,0,0,0,0,0,0,0,1,1,0,0,0,0,0,1.1277,-0.205,4.1082,0,0,0,0,0,0,0,-0,0,1.34252,0,0,0,0,0,0,0,0,0,0,0,0,0,0,0,0,0,0,0,0,0,0,0,0,0,0,0,0,0,0,0,0,0,0
10.2,0,0,0,0,-0,0,2.91834,1.94146,-2.53886,-5.85967e-05,5.85967e-05,9.06037e-05,-0.000320131,0.000337842,0.000458027,0,0,0,0,0,0,0,0,0,0,0,0,0,0,0,0,0,0,0,0,0,0,0,0,0,0,0,0,0,0,0,0,0,0,0,0,0,0,0,0,1.78611,1.22005,1.57679,0.000488306,0.000416281,3.0996e-05,0.00040389,0.000347442,0.00211875,0,0,0,0,0,0,0,0,0,0,0,0,0,0,0,0,0,0,0,0,0,0,0,0,0,0,0,0,0,0,0,0,0,0,0,0,0,0,0,0,0,0,0,0,0,0,0,0,0,0,0,1,1,0,0,0,0,0,1.1277,-0.205,4.1082,0,0,0,0,0,0,0,-0,0,1.34252,0,0,0,0,0,0,0,0,0,0,0,0,0,0,0,0,0,0,0,0,0,0,0,0,0,0,0,0,0,0,0,0,0,0
10.25,0,0,0,0,-0,0,2.91833,1.94153,-2.5386,-6.09969e-05,0.000731963,0.0026019,-0.000269499,0.00304779,0.010364,0,0,0,0,0,0,0,0,0,0,0,0,0,0,0,0,0,0,0,0,0,0,0,0,0,0,0,0,0,0,0,0,0,0,0,0,0,0,0,0,1.78617,1.2201,1.57676,0.00054897,0.000457475,-0.000315705,0.000468797,0.000483013,-3.07379e-05,0,0,0,0,0,0,0,0,0,0,0,0,0,0,0,0,0,0,0,0,0,0,0,0,0,0,0,0,0,0,0,0,0,0,0,0,0,0,0,0,0,0,0,0,0,0,0,0,0,0,0,1,1,0,0,0,0,0,1.1277,-0.205,4.1082,0,0,0,0,0,0,0,-0,0,1.34249,0,0,0,0,0,0,0,0,0,0,0,0,0,0,0,0,0,0,0,0,0,0,0,0,0,0,0,0,0,0,0,0,0,0
10.3,0,0,0,0,-0,0,2.91832,1.94162,-2.53784,-0.000117268,0.000896609,0.00757974,-0.000379631,0.00285272,0.027445,0,0,0,0,0,0,0,0,0,0,0,0,0,0,0,0,0,0,0,0,0,0,0,0,0,0,0,0,0,0,0,0,0,0,0,0,0,0,0,0,1.78623,1.22013,1.57678,0.000615655,0.00037379,0.000280333,0.00055523,-2.7196e-05,0.00207286,0,0,0,0,0,0,0,0,0,0,0,0,0,0,0,0,0,0,0,0,0,0,0,0,0,0,0,0,0,0,0,0,0,0,0,0,0,0,0,0,0,0,0,0,0,0,0,0,0,0,0,1,1,0,0,0,0,0,1.1277,-0.205,4.1082,0,0,0,0,0,0,0,-0,0,1.34245,0,0,0,0,0,0,0,0,0,0,0,0,0,0,0,0,0,0,0,0,0,0,0,0,0,0,0,0,0,0,0,0,0,0
10.35,0,0,0,0,-0,0,2.91832,1.94162,-2.53784,-0.000117268,0.000896609,0.00757974,-0.000379631,0.00285272,0.027445,0,0,0,0,0,0,0,0,0,0,0,0,0,0,0,0,0,0,0,0,0,0,0,0,0,0,0,0,0,0,0,0,0,0,0,0,0,0,0,0,1.78623,1.22013,1.57678,0.000615655,0.00037379,0.000280333,0.00055523,-2.7196e-05,0.00207286,0,0,0,0,0,0,0,0,0,0,0,0,0,0,0,0,0,0,0,0,0,0,0,0,0,0,0,0,0,0,0,0,0,0,0,0,0,0,0,0,0,0,0,0,0,0,0,0,0,0,0,1,1,0,0,0,0,0,1.0421,-0.2915,4.0218,0,0,0,0,0,0,0,-0,0,1.34245,0,0,0,0,0,0,0,0,0,0,0,0,0,0,0,0,0,0,0,0,0,0,0,0,0,0,0,0,0,0,0,0,0,0
10.4,0,0,0,0,-0,0,2.91829,1.94169,-2.5373,-0.000327122,0.000739687,0.00547127,-0.00108171,0.00106194,0.0103847,0,0,0,0,0,0,0,0,0,0,0,0,0,0,0,0,0,0,0,0,0,0,0,0,0,0,0,0,0,0,0,0,0,0,0,0,0,0,0,0,1.78629,1.22018,1.57676,0.000605423,0.000491906,-0.000257473,0.000305901,0.000387691,-0.000619128,0,0,0,0,0,0,0,0,0,0,0,0,0,0,0,0,0,0,0,0,0,0,0,0,0,0,0,0,0,0,0,0,0,0,0,0,0,0,0,0,0,0,0,0,0,0,0,0,0,0,0,1,1,0,0,0,0,0,1.0421,-0.2915,4.0218,0,0,0,0,0,0,0,-0,0,1.34239,0,0,0,0,0,0,0,0,0,0,0,0,0,0,0,0,0,0,0,0,0,0,0,0,0,0,0,0,0,0,0,0,0,0
10.45,0,0,0,0,-0,0,2.91829,1.94169,-2.5373,-0.000327122,0.000739687,0.00547127,-0.00108171,0.00106194,0.0103847,0,0,0,0,0,0,0,0,0,0,0,0,0,0,0,0,0,0,0,0,0,0,0,0,0,0,0,0,0,0,0,0,0,0,0,0,0,0,0,0,1.78629,1.22018,1.57676,0.000605423,0.000491906,-0.000257473,0.000305901,0.000387691,-0.000619128,0,0,0,0,0,0,0,0,0,0,0,0,0,0,0,0,0,0,0,0,0,0,0,0,0,0,0,0,0,0,0,0,0,0,0,0,0,0,0,0,0,0,0,0,0,0,0,0,0,0,0,1,1,0,0,0,0,0,1.0421,-0.2915,4.0218,0,0,0,0,0,0,0,-0,0,1.34239,0,0,0,0,0,0,0,0,0,0,0,0,0,0,0,0,0,0,0,0,0,0,0,0,0,0,0,0,0,0,0,0,0,0
10.5,0,0,0,0,-0,0,2.91829,1.94169,-2.5373,-0.000327122,0.000739687,0.00547127,-0.00108171,0.00106194,0.0103847,0,0,0,0,0,0,0,0,0,0,0,0,0,0,0,0,0,0,0,0,0,0,0,0,0,0,0,0,0,0,0,0,0,0,0,0,0,0,0,0,1.78629,1.22018,1.57676,0.000605423,0.000491906,-0.000257473,0.000305901,0.000387691,-0.000619128,0,0,0,0,0,0,0,0,0,0,0,0,0,0,0,0,0,0,0,0,0,0,0,0,0,0,0,0,0,0,0,0,0,0,0,0,0,0,0,0,0,0,0,0,0,0,0,0,0,0,0,1,1,0,0,0,0,0,1.0421,-0.2915,4.0218,0,0,0,0,0,0,0,-0,0,1.34239,0,0,0,0,0,0,0,0,0,0,0,0,0,0,0,0,0,0,0,0,0,0,0,0,0,0,0,0,0,0,0,0,0,0
10.55,0,0,0,0,-0,0,2.91829,1.94176,-2.53667,-2.44172e-05,0.000692229,0.00631176,0.000465234,0.000204515,0.00727617,0,0,0,0,0,0,0,0,0,0,0,0,0,0,0,0,0,0,0,0,0,0,0,0,0,0,0,0,0,0,0,0,0,0,0,0,0,0,0,0,1.78637,1.22025,1.57672,0.000785013,0.000640952,-0.000331445,0.000866721,0.000883923,-0.00103173,0,0,0,0,0,0,0,0,0,0,0,0,0,0,0,0,0,0,0,0,0,0,0,0,0,0,0,0,0,0,0,0,0,0,0,0,0,0,0,0,0,0,0,0,0,0,0,0,0,0,0,1,1,0,0,0,0,0,1.1824,-0.1516,4.1617,0,0,0,0,0,0,0,-0,0,1.34232,0,0,0,0,0,0,0,0,0,0,0,0,0,0,0,0,0,0,0,0,0,0,0,0,0,0,0,0,0,0,0,0,0,0
10.6,0,0,0,0,-0,0,2.91829,1.94176,-2.53667,-2.44172e-05,0.000692229,0.00631176,0.000465234,0.000204515,0.00727617,0,0,0,0,0,0,0,0,0,0,0,0,0,0,0,0,0,0,0,0,0,0,0,0,0,0,0,0,0,0,0,0,0,0,0,0,0,0,0,0,1.78637,1.22025,1.57672,0.000785013,0.000640952,-0.000331445,0.000866721,0.000883923,-0.00103173,0,0,0,0,0,0,0,0,0,0,0,0,0,0,0,0,0,0,0,0,0,0,0,0,0,0,0,0,0,0,0,0,0,0,0,0,0,0,0,0,0,0,0,0,0,0,0,0,0,0,0,1,1,0,0,0,0,0,1.1824,-0.1516,4.1617,0,0,0,0,0,0,0,-0,0,1.34232,0,0,0,0,0,0,0,0,0,0,0,0,0,0,0,0,0,0,0,0,0,0,0,0,0,0,0,0,0,0,0,0,0,0
10.65,0,0,0,0,-0,0,2.91828,1.94184,-2.53582,-4.39561e-05,0.000821735,0.00847309,0.00041064,0.000524312,0.0125851,0,0,0,0,0,0,0,0,0,0,0,0,0,0,0,0,0,0,0,0,0,0,0,0,0,0,0,0,0,0,0,0,0,0,0,0,0,0,0,0,1.78644,1.22033,1.57667,0.00071795,0.000808304,-0.000512726,0.000328478,0.00126668,-0.00139974,0,0,0,0,0,0,0,0,0,0,0,0,0,0,0,0,0,0,0,0,0,0,0,0,0,0,0,0,0,0,0,0,0,0,0,0,0,0,0,0,0,0,0,0,0,0,0,0,0,0,0,1,1,0,0,0,0,0,1.1824,-0.1516,4.1617,0,0,0,0,0,0,0,-0,0,1.34226,0,0,0,0,0,0,0,0,0,0,0,0,0,0,0,0,0,0,0,0,0,0,0,0,0,0,0,0,0,0,0,0,0,0
10.7,0,0,0,0,-0,0,2.91828,1.94184,-2.53582,-4.39561e-05,0.000821735,0.00847309,0.00041064,0.000524312,0.0125851,0,0,0,0,0,0,0,0,0,0,0,0,0,0,0,0,0,0,0,0,0,0,0,0,0,0,0,0,0,0,0,0,0,0,0,0,0,0,0,0,1.78644,1.22033,1.57667,0.00071795,0.000808304,-0.000512726,0.000328478,0.00126668,-0.00139974,0,0,0,0,0,0,0,0,0,0,0,0,0,0,0,0,0,0,0,0,0,0,0,0,0,0,0,0,0,0,0,0,0,0,0,0,0,0,0,0,0,0,0,0,0,0,0,0,0,0,0,1,1,0,0,0,0,0,1.1824,-0.1516,4.1617,0,0,0,0,0,0,0,-0,0,1.34226,0,0,0,0,0,0,0,0,0,0,0,0,0,0,0,0,0,0,0,0,0,0,0,0,0,0,0,0,0,0,0,0,0,0
10.75,0,0,0,0,-0,0,2.91828,1.94192,-2.53496,-5.86065e-05,0.000766769,0.00855155,0.00018066,0.000138687,0.00859144,0,0,0,0,0,0,0,0,0,0,0,0,0,0,0,0,0,0,0,0,0,0,0,0,0,0,0,0,0,0,0,0,0,0,0,0,0,0,0,0,1.78652,1.22039,1.57671,0.000826596,0.00059217,0.000331474,0.000558641,-5.09506e-05,0.00248262,0,0,0,0,0,0,0,0,0,0,0,0,0,0,0,0,0,0,0,0,0,0,0,0,0,0,0,0,0,0,0,0,0,0,0,0,0,0,0,0,0,0,0,0,0,0,0,0,0,0,0,1,1,0,0,0,0,0,1.1495,-0.1858,4.1277,0,0,0,0,0,0,0,-0,0,1.34219,0,0,0,0,0,0,0,0,0,0,0,0,0,0,0,0,0,0,0,0,0,0,0,0,0,0,0,0,0,0,0,0,0,0
10.8,0,0,0,0,-0,0,2.91828,1.94198,-2.53422,1.95161e-05,0.000586702,0.00744955,0.000389444,-0.000687542,0.000224346,0,0,0,0,0,0,0,0,0,0,0,0,0,0,0,0,0,0,0,0,0,0,0,0,0,0,0,0,0,0,0,0,0,0,0,0,0,0,0,0,1.78659,1.22046,1.57665,0.00073551,0.000747708,-0.000527686,3.60983e-06,0.000413384,-0.00141702,0,0,0,0,0,0,0,0,0,0,0,0,0,0,0,0,0,0,0,0,0,0,0,0,0,0,0,0,0,0,0,0,0,0,0,0,0,0,0,0,0,0,0,0,0,0,0,0,0,0,0,1,1,0,0,0,0,0,1.1495,-0.1858,4.1277,0,0,0,0,0,0,0,-0,0,1.34212,0,0,0,0,0,0,0,0,0,0,0,0,0,0,0,0,0,0,0,0,0,0,0,0,0,0,0,0,0,0,0,0,0,0
10.85,0,0,0,0,-0,0,2.91828,1.94198,-2.53422,1.95161e-05,0.000586702,0.00744955,0.000389444,-0.000687542,0.000224346,0,0,0,0,0,0,0,0,0,0,0,0,0,0,0,0,0,0,0,0,0,0,0,0,0,0,0,0,0,0,0,0,0,0,0,0,0,0,0,0,1.78659,1.22046,1.57665,0.00073551,0.000747708,-0.000527686,3.60983e-06,0.000413384,-0.00141702,0,0,0,0,0,0,0,0,0,0,0,0,0,0,0,0,0,0,0,0,0,0,0,0,0,0,0,0,0,0,0,0,0,0,0,0,0,0,0,0,0,0,0,0,0,0,0,0,0,0,0,1,1,0,0,0,0,0,1.1495,-0.1858,4.1277,0,0,0,0,0,0,0,-0,0,1.34212,0,0,0,0,0,0,0,0,0,0,0,0,0,0,0,0,0,0,0,0,0,0,0,0,0,0,0,0,0,0,0,0,0,0
10.9,0,0,0,0,-0,0,2.91829,1.94205,-2.53342,6.35071e-05,0.000758421,0.00800995,0.000437804,0.000159648,0.00121852,0,0,0,0,0,0,0,0,0,0,0,0,0,0,0,0,0,0,0,0,0,0,0,0,0,0,0,0,0,0,0,0,0,0,0,0,0,0,0,0,1.78669,1.22054,1.5767,0.000908642,0.000742546,0.000425783,0.000616528,0.000288153,0.00243247,0,0,0,0,0,0,0,0,0,0,0,0,0,0,0,0,0,0,0,0,0,0,0,0,0,0,0,0,0,0,0,0,0,0,0,0,0,0,0,0,0,0,0,0,0,0,0,0,0,0,0,1,1,0,0,0,0,0,1.1495,-0.1858,4.1277,0,0,0,0,0,0,0,-0,0,1.34205,0,0,0,0,0,0,0,0,0,0,0,0,0,0,0,0,0,0,0,0,0,0,0,0,0,0,0,0,0,0,0,0,0,0
10.95,0,0,0,0,-0,0,2.91829,1.94205,-2.53342,6.35071e-05,0.000758421,0.00800995,0.000437804,0.000159648,0.00121852,0,0,0,0,0,0,0,0,0,0,0,0,0,0,0,0,0,0,0,0,0,0,0,0,0,0,0,0,0,0,0,0,0,0,0,0,0,0,0,0,1.78669,1.22054,1.5767,0.000908642,0.000742546,0.000425783,0.000616528,0.000288153,0.00243247,0,0,0,0,0,0,0,0,0,0,0,0,0,0,0,0,0,0,0,0,0,0,0,0,0,0,0,0,0,0,0,0,0,0,0,0,0,0,0,0,0,0,0,0,0,0,0,0,0,0,0,1,1,0,0,0,0,0,1.1338,-0.2039,4.1101,0,0,0,0,0,0,0,-0,0,1.34205,0,0,0,0,0,0,0,0,0,0,0,0,0,0,0,0,0,0,0,0,0,0,0,0,0,0,0,0,0,0,0,0,0,0
11,0,0,0,0,-0,0,2.91829,1.94205,-2.53342,6.35071e-05,0.000758421,0.00800995,0.000437804,0.000159648,0.00121852,0,0,0,0,0,0,0,0,0,0,0,0,0,0,0,0,0,0,0,0,0,0,0,0,0,0,0,0,0,0,0,0,0,0,0,0,0,0,0,0,1.78669,1.22054,1.5767,0.000908642,0.000742546,0.000425783,0.000616528,0.000288153,0.00243247,0,0,0,0,0,0,0,0,0,0,0,0,0,0,0,0,0,0,0,0,0,0,0,0,0,0,0,0,0,0,0,0,0,0,0,0,0,0,0,0,0,0,0,0,0,0,0,0,0,0,0,1,1,0,0,0,0,0,1.1338,-0.2039,4.1101,0,0,0,0,0,0,0,-0,0,1.34205,0,0,0,0,0,0,0,0,0,0,0,0,0,0,0,0,0,0,0,0,0,0,0,0,0,0,0,0,0,0,0,0,0,0
11.05,0,0,0,0,-0,0,2.91831,1.94212,-2.53264,0.000253904,0.000637201,0.00780814,0.00103032,-0.000272187,7.85364e-05,0,0,0,0,0,0,0,0,0,0,0,0,0,0,0,0,0,0,0,0,0,0,0,0,0,0,0,0,0,0,0,0,0,0,0,0,0,0,0,0,1.78678,1.22065,1.57662,0.000897208,0.00115844,-0.000712864,0.000409488,0.00181963,-0.00256791,0,0,0,0,0,0,0,0,0,0,0,0,0,0,0,0,0,0,0,0,0,0,0,0,0,0,0,0,0,0,0,0,0,0,0,0,0,0,0,0,0,0,0,0,0,0,0,0,0,0,0,1,1,0,0,0,0,0,1.1338,-0.2039,4.1101,0,0,0,0,0,0,0,-0,0,1.34197,0,0,0,0,0,0,0,0,0,0,0,0,0,0,0,0,0,0,0,0,0,0,0,0,0,0,0,0,0,0,0,0,0,0
11.1,0,0,0,0,-0,0,2.91834,1.94217,-2.53185,0.000337135,0.000498373,0.00789206,0.00103122,-0.00077763,0.000215849,0,0,0,0,0,0,0,0,0,0,0,0,0,0,0,0,0,0,0,0,0,0,0,0,0,0,0,0,0,0,0,0,0,0,0,0,0,0,0,0,1.78687,1.22074,1.57662,0.000934451,0.000913685,-5.24865e-05,0.000365292,0.00032066,0.000419927,0,0,0,0,0,0,0,0,0,0,0,0,0,0,0,0,0,0,0,0,0,0,0,0,0,0,0,0,0,0,0,0,0,0,0,0,0,0,0,0,0,0,0,0,0,0,0,0,0,0,0,1,1,0,0,0,0,0,1.1338,-0.2039,4.1101,0,0,0,0,0,0,0,-0,0,1.3419,0,0,0,0,0,0,0,0,0,0,0,0,0,0,0,0,0,0,0,0,0,0,0,0,0,0,0,0,0,0,0,0,0,0
11.15,0,0,0,0,-0,0,2.91834,1.94217,-2.53185,0.000337135,0.000498373,0.00789206,0.00103122,-0.00077763,0.000215849,0,0,0,0,0,0,0,0,0,0,0,0,0,0,0,0,0,0,0,0,0,0,0,0,0,0,0,0,0,0,0,0,0,0,0,0,0,0,0,0,1.78687,1.22074,1.57662,0.000934451,0.000913685,-5.24865e-05,0.000365292,0.00032066,0.000419927,0,0,0,0,0,0,0,0,0,0,0,0,0,0,0,0,0,0,0,0,0,0,0,0,0,0,0,0,0,0,0,0,0,0,0,0,0,0,0,0,0,0,0,0,0,0,0,0,0,0,0,1,1,0,0,0,0,0,1.1752,-0.164,4.1503,0,0,0,0,0,0,0,-0,0,1.3419,0,0,0,0,0,0,0,0,0,0,0,0,0,0,0,0,0,0,0,0,0,0,0,0,0,0,0,0,0,0,0,0,0,0
11.2,0,0,0,0,-0,0,2.91834,1.94217,-2.53185,0.000337135,0.000498373,0.00789206,0.00103122,-0.00077763,0.000215849,0,0,0,0,0,0,0,0,0,0,0,0,0,0,0,0,0,0,0,0,0,0,0,0,0,0,0,0,0,0,0,0,0,0,0,0,0,0,0,0,1.78687,1.22074,1.57662,0.000934451,0.000913685,-5.24865e-05,0.000365292,0.00032066,0.000419927,0,0,0,0,0,0,0,0,0,0,0,0,0,0,0,0,0,0,0,0,0,0,0,0,0,0,0,0,0,0,0,0,0,0,0,0,0,0,0,0,0,0,0,0,0,0,0,0,0,0,0,1,1,0,0,0,0,0,1.1752,-0.164,4.1503,0,0,0,0,0,0,0,-0,0,1.3419,0,0,0,0,0,0,0,0,0,0,0,0,0,0,0,0,0,0,0,0,0,0,0,0,0,0,0,0,0,0,0,0,0,0
11.25,0,0,0,0,-0,0,2.91838,1.94221,-2.53098,0.000385794,0.000449279,0.00871537,0.000814373,-0.000730782,0.00345053,0,0,0,0,0,0,0,0,0,0,0,0,0,0,0,0,0,0,0,0,0,0,0,0,0,0,0,0,0,0,0,0,0,0,0,0,0,0,0,0,1.78697,1.22086,1.57655,0.00104994,0.0012172,-0.000734427,0.000676367,0.00120389,-0.00206827,0,0,0,0,0,0,0,0,0,0,0,0,0,0,0,0,0,0,0,0,0,0,0,0,0,0,0,0,0,0,0,0,0,0,0,0,0,0,0,0,0,0,0,0,0,0,0,0,0,0,0,1,1,0,0,0,0,0,1.1752,-0.164,4.1503,0,0,0,0,0,0,0,-0,0,1.3418,0,0,0,0,0,0,0,0,0,0,0,0,0,0,0,0,0,0,0,0,0,0,0,0,0,0,0,0,0,0,0,0,0,0
11.3,0,0,0,0,-0,0,2.91843,1.94226,-2.53015,0.000463833,0.000493128,0.00824868,0.000771336,-0.000257477,0.000641839,0,0,0,0,0,0,0,0,0,0,0,0,0,0,0,0,0,0,0,0,0,0,0,0,0,0,0,0,0,0,0,0,0,0,0,0,0,0,0,0,1.78707,1.22099,1.57647,0.000996022,0.00128653,-0.000746196,0.000232396,0.0011191,-0.00162582,0,0,0,0,0,0,0,0,0,0,0,0,0,0,0,0,0,0,0,0,0,0,0,0,0,0,0,0,0,0,0,0,0,0,0,0,0,0,0,0,0,0,0,0,0,0,0,0,0,0,0,1,1,0,0,0,0,0,1.1752,-0.164,4.1503,0,0,0,0,0,0,0,-0,0,1.34171,0,0,0,0,0,0,0,0,0,0,0,0,0,0,0,0,0,0,0,0,0,0,0,0,0,0,0,0,0,0,0,0,0,0
11.35,0,0,0,0,-0,0,2.91843,1.94226,-2.53015,0.000463833,0.000493128,0.00824868,0.000771336,-0.000257477,0.000641839,0,0,0,0,0,0,0,0,0,0,0,0,0,0,0,0,0,0,0,0,0,0,0,0,0,0,0,0,0,0,0,0,0,0,0,0,0,0,0,0,1.78707,1.22099,1.57647,0.000996022,0.00128653,-0.000746196,0.000232396,0.0011191,-0.00162582,0,0,0,0,0,0,0,0,0,0,0,0,0,0,0,0,0,0,0,0,0,0,0,0,0,0,0,0,0,0,0,0,0,0,0,0,0,0,0,0,0,0,0,0,0,0,0,0,0,0,0,1,1,0,0,0,0,0,1.1328,-0.2081,4.1066,0,0,0,0,0,0,0,-0,0,1.34171,0,0,0,0,0,0,0,0,0,0,0,0,0,0,0,0,0,0,0,0,0,0,0,0,0,0,0,0,0,0,0,0,0,0
11.4,0,0,0,0,-0,0,2.91848,1.94225,-2.52922,0.000468666,-0.000117167,0.00935149,0.00047653,-0.00252926,0.00441074,0,0,0,0,0,0,0,0,0,0,0,0,0,0,0,0,0,0,0,0,0,0,0,0,0,0,0,0,0,0,0,0,0,0,0,0,0,0,0,0,1.78718,1.22111,1.57638,0.00102033,0.00117289,-0.000870072,0.000176417,0.000206151,-0.00141115,0,0,0,0,0,0,0,0,0,0,0,0,0,0,0,0,0,0,0,0,0,0,0,0,0,0,0,0,0,0,0,0,0,0,0,0,0,0,0,0,0,0,0,0,0,0,0,0,0,0,0,1,1,0,0,0,0,0,1.1328,-0.2081,4.1066,0,0,0,0,0,0,0,-0,0,1.3416,0,0,0,0,0,0,0,0,0,0,0,0,0,0,0,0,0,0,0,0,0,0,0,0,0,0,0,0,0,0,0,0,0,0
11.45,0,0,0,0,-0,0,2.91848,1.94225,-2.52922,0.000468666,-0.000117167,0.00935149,0.00047653,-0.00252926,0.00441074,0,0,0,0,0,0,0,0,0,0,0,0,0,0,0,0,0,0,0,0,0,0,0,0,0,0,0,0,0,0,0,0,0,0,0,0,0,0,0,0,1.78718,1.22111,1.57638,0.00102033,0.00117289,-0.000870072,0.000176417,0.000206151,-0.00141115,0,0,0,0,0,0,0,0,0,0,0,0,0,0,0,0,0,0,0,0,0,0,0,0,0,0,0,0,0,0,0,0,0,0,0,0,0,0,0,0,0,0,0,0,0,0,0,0,0,0,0,1,1,0,0,0,0,0,1.1328,-0.2081,4.1066,0,0,0,0,0,0,0,-0,0,1.3416,0,0,0,0,0,0,0,0,0,0,0,0,0,0,0,0,0,0,0,0,0,0,0,0,0,0,0,0,0,0,0,0,0,0
11.5,0,0,0,0,-0,0,2.91855,1.94228,-2.52837,0.00071699,0.000331669,0.00846177,0.00123905,-3.17102e-05,-0.000388405,0,0,0,0,0,0,0,0,0,0,0,0,0,0,0,0,0,0,0,0,0,0,0,0,0,0,0,0,0,0,0,0,0,0,0,0,0,0,0,0,1.78728,1.22124,1.57634,0.00107305,0.00129132,-0.000398916,0.000310124,0.000474797,0.00106412,0,0,0,0,0,0,0,0,0,0,0,0,0,0,0,0,0,0,0,0,0,0,0,0,0,0,0,0,0,0,0,0,0,0,0,0,0,0,0,0,0,0,0,0,0,0,0,0,0,0,0,1,1,0,0,0,0,0,1.1328,-0.2081,4.1066,0,0,0,0,0,0,0,-0,0,1.34152,0,0,0,0,0,0,0,0,0,0,0,0,0,0,0,0,0,0,0,0,0,0,0,0,0,0,0,0,0,0,0,0,0,0
11.55,0,0,0,0,-0,0,2.91855,1.94228,-2.52837,0.00071699,0.000331669,0.00846177,0.00123905,-3.17102e-05,-0.000388405,0,0,0,0,0,0,0,0,0,0,0,0,0,0,0,0,0,0,0,0,0,0,0,0,0,0,0,0,0,0,0,0,0,0,0,0,0,0,0,0,1.78728,1.22124,1.57634,0.00107305,0.00129132,-0.000398916,0.000310124,0.000474797,0.00106412,0,0,0,0,0,0,0,0,0,0,0,0,0,0,0,0,0,0,0,0,0,0,0,0,0,0,0,0,0,0,0,0,0,0,0,0,0,0,0,0,0,0,0,0,0,0,0,0,0,0,0,1,1,0,0,0,0,0,1.1324,-0.2104,4.1048,0,0,0,0,0,0,0,-0,0,1.34152,0,0,0,0,0,0,0,0,0,0,0,0,0,0,0,0,0,0,0,0,0,0,0,0,0,0,0,0,0,0,0,0,0,0
11.6,0,0,0,0,-0,0,2.91862,1.94232,-2.52745,0.0007404,0.00031522,0.00919439,0.000937824,0.000251793,0.00201141,0,0,0,0,0,0,0,0,0,0,0,0,0,0,0,0,0,0,0,0,0,0,0,0,0,0,0,0,0,0,0,0,0,0,0,0,0,0,0,0,1.78741,1.22139,1.57629,0.00125843,0.00148691,-0.00052737,0.000940753,0.0010978,0.000462118,0,0,0,0,0,0,0,0,0,0,0,0,0,0,0,0,0,0,0,0,0,0,0,0,0,0,0,0,0,0,0,0,0,0,0,0,0,0,0,0,0,0,0,0,0,0,0,0,0,0,0,1,1,0,0,0,0,0,1.1324,-0.2104,4.1048,0,0,0,0,0,0,0,-0,0,1.34141,0,0,0,0,0,0,0,0,0,0,0,0,0,0,0,0,0,0,0,0,0,0,0,0,0,0,0,0,0,0,0,0,0,0
11.65,0,0,0,0,-0,0,2.91862,1.94232,-2.52745,0.0007404,0.00031522,0.00919439,0.000937824,0.000251793,0.00201141,0,0,0,0,0,0,0,0,0,0,0,0,0,0,0,0,0,0,0,0,0,0,0,0,0,0,0,0,0,0,0,0,0,0,0,0,0,0,0,0,1.78741,1.22139,1.57629,0.00125843,0.00148691,-0.00052737,0.000940753,0.0010978,0.000462118,0,0,0,0,0,0,0,0,0,0,0,0,0,0,0,0,0,0,0,0,0,0,0,0,0,0,0,0,0,0,0,0,0,0,0,0,0,0,0,0,0,0,0,0,0,0,0,0,0,0,0,1,1,0,0,0,0,0,1.1324,-0.2104,4.1048,0,0,0,0,0,0,0,-0,0,1.34141,0,0,0,0,0,0,0,0,0,0,0,0,0,0,0,0,0,0,0,0,0,0,0,0,0,0,0,0,0,0,0,0,0,0
11.7,0,0,0,0,-0,0,2.9187,1.94235,-2.52656,0.000793598,0.000383369,0.00886121,0.000737628,0.000462943,0.000234116,0,0,0,0,0,0,0,0,0,0,0,0,0,0,0,0,0,0,0,0,0,0,0,0,0,0,0,0,0,0,0,0,0,0,0,0,0,0,0,0,1.78753,1.22154,1.57621,0.0011733,0.00149196,-0.00084415,0.000314495,0.000768942,-0.00107155,0,0,0,0,0,0,0,0,0,0,0,0,0,0,0,0,0,0,0,0,0,0,0,0,0,0,0,0,0,0,0,0,0,0,0,0,0,0,0,0,0,0,0,0,0,0,0,0,0,0,0,1,1,0,0,0,0,0,1.1324,-0.2104,4.1048,0,0,0,0,0,0,0,-0,0,1.34132,0,0,0,0,0,0,0,0,0,0,0,0,0,0,0,0,0,0,0,0,0,0,0,0,0,0,0,0,0,0,0,0,0,0
11.75,0,0,0,0,-0,0,2.9187,1.94235,-2.52656,0.000793598,0.000383369,0.00886121,0.000737628,0.000462943,0.000234116,0,0,0,0,0,0,0,0,0,0,0,0,0,0,0,0,0,0,0,0,0,0,0,0,0,0,0,0,0,0,0,0,0,0,0,0,0,0,0,0,1.78753,1.22154,1.57621,0.0011733,0.00149196,-0.00084415,0.000314495,0.000768942,-0.00107155,0,0,0,0,0,0,0,0,0,0,0,0,0,0,0,0,0,0,0,0,0,0,0,0,0,0,0,0,0,0,0,0,0,0,0,0,0,0,0,0,0,0,0,0,0,0,0,0,0,0,0,1,1,0,0,0,0,0,1.1317,-0.2128,4.1027,0,0,0,0,0,0,0,-0,0,1.34132,0,0,0,0,0,0,0,0,0,0,0,0,0,0,0,0,0,0,0,0,0,0,0,0,0,0,0,0,0,0,0,0,0,0
11.8,0,0,0,0,-0,0,2.91879,1.94239,-2.52568,0.000842421,0.000327201,0.00885629,0.00061023,8.18764e-05,-0.000128117,0,0,0,0,0,0,0,0,0,0,0,0,0,0,0,0,0,0,0,0,0,0,0,0,0,0,0,0,0,0,0,0,0,0,0,0,0,0,0,0,1.78765,1.22168,1.57614,0.00121968,0.00145531,-0.000635488,0.000288221,0.000269426,-1.68905e-05,0,0,0,0,0,0,0,0,0,0,0,0,0,0,0,0,0,0,0,0,0,0,0,0,0,0,0,0,0,0,0,0,0,0,0,0,0,0,0,0,0,0,0,0,0,0,0,0,0,0,0,1,1,0,0,0,0,0,1.1317,-0.2128,4.1027,0,0,0,0,0,0,0,-0,0,1.34123,0,0,0,0,0,0,0,0,0,0,0,0,0,0,0,0,0,0,0,0,0,0,0,0,0,0,0,0,0,0,0,0,0,0
11.85,0,0,0,0,-0,0,2.91879,1.94239,-2.52568,0.000842421,0.000327201,0.00885629,0.00061023,8.18764e-05,-0.000128117,0,0,0,0,0,0,0,0,0,0,0,0,0,0,0,0,0,0,0,0,0,0,0,0,0,0,0,0,0,0,0,0,0,0,0,0,0,0,0,0,1.78765,1.22168,1.57614,0.00121968,0.00145531,-0.000635488,0.000288221,0.000269426,-1.68905e-05,0,0,0,0,0,0,0,0,0,0,0,0,0,0,0,0,0,0,0,0,0,0,0,0,0,0,0,0,0,0,0,0,0,0,0,0,0,0,0,0,0,0,0,0,0,0,0,0,0,0,0,1,1,0,0,0,0,0,1.1317,-0.2128,4.1027,0,0,0,0,0,0,0,-0,0,1.34123,0,0,0,0,0,0,0,0,0,0,0,0,0,0,0,0,0,0,0,0,0,0,0,0,0,0,0,0,0,0,0,0,0,0
11.9,0,0,0,0,-0,0,2.91889,1.94241,-2.52478,0.00100805,0.000217232,0.00897426,0.00101145,-0.000441681,0.000350132,0,0,0,0,0,0,0,0,0,0,0,0,0,0,0,0,0,0,0,0,0,0,0,0,0,0,0,0,0,0,0,0,0,0,0,0,0,0,0,0,1.78777,1.22183,1.57609,0.00125336,0.00143032,-0.000585175,0.000304712,-4.97316e-06,0.000333343,0,0,0,0,0,0,0,0,0,0,0,0,0,0,0,0,0,0,0,0,0,0,0,0,0,0,0,0,0,0,0,0,0,0,0,0,0,0,0,0,0,0,0,0,0,0,0,0,0,0,0,1,1,0,0,0,0,0,1.1317,-0.2128,4.1027,0,0,0,0,0,0,0,-0,0,1.34114,0,0,0,0,0,0,0,0,0,0,0,0,0,0,0,0,0,0,0,0,0,0,0,0,0,0,0,0,0,0,0,0,0,0
11.95,0,0,0,0,-0,0,2.91889,1.94241,-2.52478,0.00100805,0.000217232,0.00897426,0.00101145,-0.000441681,0.000350132,0,0,0,0,0,0,0,0,0,0,0,0,0,0,0,0,0,0,0,0,0,0,0,0,0,0,0,0,0,0,0,0,0,0,0,0,0,0,0,0,1.78777,1.22183,1.57609,0.00125336,0.00143032,-0.000585175,0.000304712,-4.97316e-06,0.000333343,0,0,0,0,0,0,0,0,0,0,0,0,0,0,0,0,0,0,0,0,0,0,0,0,0,0,0,0,0,0,0,0,0,0,0,0,0,0,0,0,0,0,0,0,0,0,0,0,0,0,0,1,1,0,0,0,0,0,1.1591,-0.1873,4.1287,0,0,0,0,0,0,0,-0,0,1.34114,0,0,0,0,0,0,0,0,0,0,0,0,0,0,0,0,0,0,0,0,0,0,0,0,0,0,0,0,0,0,0,0,0,0
12,0,0,0,0,-0,0,2.919,1.94245,-2.52387,0.00110306,0.000463675,0.00912527,0.00104083,0.000648708,0.000875459,0,0,0,0,0,0,0,0,0,0,0,0,0,0,0,0,0,0,0,0,0,0,0,0,0,0,0,0,0,0,0,0,0,0,0,0,0,0,0,0,1.7879,1.22199,1.57601,0.00127511,0.00161066,-0.00074475,0.000271676,0.000680088,-0.00038996,0,0,0,0,0,0,0,0,0,0,0,0,0,0,0,0,0,0,0,0,0,0,0,0,0,0,0,0,0,0,0,0,0,0,0,0,0,0,0,0,0,0,0,0,0,0,0,0,0,0,0,1,1,0,0,0,0,0,1.1591,-0.1873,4.1287,0,0,0,0,0,0,0,-0,0,1.34106,0,0,0,0,0,0,0,0,0,0,0,0,0,0,0,0,0,0,0,0,0,0,0,0,0,0,0,0,0,0,0,0,0,0
12.05,0,0,0,0,-0,0,2.919,1.94245,-2.52387,0.00110306,0.000463675,0.00912527,0.00104083,0.000648708,0.000875459,0,0,0,0,0,0,0,0,0,0,0,0,0,0,0,0,0,0,0,0,0,0,0,0,0,0,0,0,0,0,0,0,0,0,0,0,0,0,0,0,1.7879,1.22199,1.57601,0.00127511,0.00161066,-0.00074475,0.000271676,0.000680088,-0.00038996,0,0,0,0,0,0,0,0,0,0,0,0,0,0,0,0,0,0,0,0,0,0,0,0,0,0,0,0,0,0,0,0,0,0,0,0,0,0,0,0,0,0,0,0,0,0,0,0,0,0,0,1,1,0,0,0,0,0,1.1591,-0.1873,4.1287,0,0,0,0,0,0,0,-0,0,1.34106,0,0,0,0,0,0,0,0,0,0,0,0,0,0,0,0,0,0,0,0,0,0,0,0,0,0,0,0,0,0,0,0,0,0
12.1,0,0,0,0,-0,0,2.91912,1.94248,-2.52296,0.00122905,0.000263892,0.00905316,0.00113025,-0.000262004,0.000291152,0,0,0,0,0,0,0,0,0,0,0,0,0,0,0,0,0,0,0,0,0,0,0,0,0,0,0,0,0,0,0,0,0,0,0,0,0,0,0,0,1.78804,1.22214,1.57596,0.00136833,0.00148928,-0.000498711,0.000528668,1.30339e-05,0.000652384,0,0,0,0,0,0,0,0,0,0,0,0,0,0,0,0,0,0,0,0,0,0,0,0,0,0,0,0,0,0,0,0,0,0,0,0,0,0,0,0,0,0,0,0,0,0,0,0,0,0,0,1,1,0,0,0,0,0,1.1591,-0.1873,4.1287,0,0,0,0,0,0,0,-0,0,1.34099,0,0,0,0,0,0,0,0,0,0,0,0,0,0,0,0,0,0,0,0,0,0,0,0,0,0,0,0,0,0,0,0,0,0
12.15,0,0,0,0,-0,0,2.91912,1.94248,-2.52296,0.00122905,0.000263892,0.00905316,0.00113025,-0.000262004,0.000291152,0,0,0,0,0,0,0,0,0,0,0,0,0,0,0,0,0,0,0,0,0,0,0,0,0,0,0,0,0,0,0,0,0,0,0,0,0,0,0,0,1.78804,1.22214,1.57596,0.00136833,0.00148928,-0.000498711,0.000528668,1.30339e-05,0.000652384,0,0,0,0,0,0,0,0,0,0,0,0,0,0,0,0,0,0,0,0,0,0,0,0,0,0,0,0,0,0,0,0,0,0,0,0,0,0,0,0,0,0,0,0,0,0,0,0,0,0,0,1,1,0,0,0,0,0,1.1307,-0.2177,4.0989,0,0,0,0,0,0,0,-0,0,1.34099,0,0,0,0,0,0,0,0,0,0,0,0,0,0,0,0,0,0,0,0,0,0,0,0,0,0,0,0,0,0,0,0,0,0
12.2,0,0,0,0,-0,0,2.91925,1.94251,-2.52208,0.00129957,0.000249165,0.00882651,0.000975162,-0.000338877,-0.000791205,0,0,0,0,0,0,0,0,0,0,0,0,0,0,0,0,0,0,0,0,0,0,0,0,0,0,0,0,0,0,0,0,0,0,0,0,0,0,0,0,1.78818,1.22233,1.5759,0.00143148,0.0019066,-0.000567759,0.00060739,0.00158799,0.000255951,0,0,0,0,0,0,0,0,0,0,0,0,0,0,0,0,0,0,0,0,0,0,0,0,0,0,0,0,0,0,0,0,0,0,0,0,0,0,0,0,0,0,0,0,0,0,0,0,0,0,0,1,1,0,0,0,0,0,1.1307,-0.2177,4.0989,0,0,0,0,0,0,0,-0,0,1.34089,0,0,0,0,0,0,0,0,0,0,0,0,0,0,0,0,0,0,0,0,0,0,0,0,0,0,0,0,0,0,0,0,0,0
12.25,0,0,0,0,-0,0,2.91925,1.94251,-2.52208,0.00129957,0.000249165,0.00882651,0.000975162,-0.000338877,-0.000791205,0,0,0,0,0,0,0,0,0,0,0,0,0,0,0,0,0,0,0,0,0,0,0,0,0,0,0,0,0,0,0,0,0,0,0,0,0,0,0,0,1.78818,1.22233,1.5759,0.00143148,0.0019066,-0.000567759,0.00060739,0.00158799,0.000255951,0,0,0,0,0,0,0,0,0,0,0,0,0,0,0,0,0,0,0,0,0,0,0,0,0,0,0,0,0,0,0,0,0,0,0,0,0,0,0,0,0,0,0,0,0,0,0,0,0,0,0,1,1,0,0,0,0,0,1.1307,-0.2177,4.0989,0,0,0,0,0,0,0,-0,0,1.34089,0,0,0,0,0,0,0,0,0,0,0,0,0,0,0,0,0,0,0,0,0,0,0,0,0,0,0,0,0,0,0,0,0,0
12.3,0,0,0,0,-0,0,2.91938,1.94254,-2.52108,0.00128743,0.000348678,0.0099604,0.000518686,0.000184376,0.0039288,0,0,0,0,0,0,0,0,0,0,0,0,0,0,0,0,0,0,0,0,0,0,0,0,0,0,0,0,0,0,0,0,0,0,0,0,0,0,0,0,1.78832,1.22252,1.57578,0.00136911,0.00197381,-0.00126083,0.00012911,0.00143944,-0.00267116,0,0,0,0,0,0,0,0,0,0,0,0,0,0,0,0,0,0,0,0,0,0,0,0,0,0,0,0,0,0,0,0,0,0,0,0,0,0,0,0,0,0,0,0,0,0,0,0,0,0,0,1,1,0,0,0,0,0,1.1307,-0.2177,4.0989,0,0,0,0,0,0,0,-0,0,1.34079,0,0,0,0,0,0,0,0,0,0,0,0,0,0,0,0,0,0,0,0,0,0,0,0,0,0,0,0,0,0,0,0,0,0
12.35,0,0,0,0,-0,0,2.91938,1.94254,-2.52108,0.00128743,0.000348678,0.0099604,0.000518686,0.000184376,0.0039288,0,0,0,0,0,0,0,0,0,0,0,0,0,0,0,0,0,0,0,0,0,0,0,0,0,0,0,0,0,0,0,0,0,0,0,0,0,0,0,0,1.78832,1.22252,1.57578,0.00136911,0.00197381,-0.00126083,0.00012911,0.00143944,-0.00267116,0,0,0,0,0,0,0,0,0,0,0,0,0,0,0,0,0,0,0,0,0,0,0,0,0,0,0,0,0,0,0,0,0,0,0,0,0,0,0,0,0,0,0,0,0,0,0,0,0,0,0,1,1,0,0,0,0,0,1.0428,-0.3076,4.0095,0,0,0,0,0,0,0,-0,0,1.34079,0,0,0,0,0,0,0,0,0,0,0,0,0,0,0,0,0,0,0,0,0,0,0,0,0,0,0,0,0,0,0,0,0,0
12.4,0,0,0,0,-0,0,2.91952,1.94252,-2.52009,0.00146211,-0.000185509,0.00996626,0.000942495,-0.00195441,0.00298172,0,0,0,0,0,0,0,0,0,0,0,0,0,0,0,0,0,0,0,0,0,0,0,0,0,0,0,0,0,0,0,0,0,0,0,0,0,0,0,0,1.78847,1.2227,1.57572,0.00148651,0.00173305,-0.000618571,0.000476502,-0.000125857,0.000571564,0,0,0,0,0,0,0,0,0,0,0,0,0,0,0,0,0,0,0,0,0,0,0,0,0,0,0,0,0,0,0,0,0,0,0,0,0,0,0,0,0,0,0,0,0,0,0,0,0,0,0,1,1,0,0,0,0,0,1.0428,-0.3076,4.0095,0,0,0,0,0,0,0,-0,0,1.34069,0,0,0,0,0,0,0,0,0,0,0,0,0,0,0,0,0,0,0,0,0,0,0,0,0,0,0,0,0,0,0,0,0,0
12.45,0,0,0,0,-0,0,2.91952,1.94252,-2.52009,0.00146211,-0.000185509,0.00996626,0.000942495,-0.00195441,0.00298172,0,0,0,0,0,0,0,0,0,0,0,0,0,0,0,0,0,0,0,0,0,0,0,0,0,0,0,0,0,0,0,0,0,0,0,0,0,0,0,0,1.78847,1.2227,1.57572,0.00148651,0.00173305,-0.000618571,0.000476502,-0.000125857,0.000571564,0,0,0,0,0,0,0,0,0,0,0,0,0,0,0,0,0,0,0,0,0,0,0,0,0,0,0,0,0,0,0,0,0,0,0,0,0,0,0,0,0,0,0,0,0,0,0,0,0,0,0,1,1,0,0,0,0,0,1.0428,-0.3076,4.0095,0,0,0,0,0,0,0,-0,0,1.34069,0,0,0,0,0,0,0,0,0,0,0,0,0,0,0,0,0,0,0,0,0,0,0,0,0,0,0,0,0,0,0,0,0,0
12.5,0,0,0,0,-0,0,2.91968,1.94255,-2.51914,0.00157308,0.000278465,0.0094916,0.00106714,0.0003915,-0.000229716,0,0,0,0,0,0,0,0,0,0,0,0,0,0,0,0,0,0,0,0,0,0,0,0,0,0,0,0,0,0,0,0,0,0,0,0,0,0,0,0,1.78861,1.22289,1.57566,0.00146927,0.0019175,-0.000577273,0.000264772,0.00045078,0.000945868,0,0,0,0,0,0,0,0,0,0,0,0,0,0,0,0,0,0,0,0,0,0,0,0,0,0,0,0,0,0,0,0,0,0,0,0,0,0,0,0,0,0,0,0,0,0,0,0,0,0,0,1,1,0,0,0,0,0,1.0428,-0.3076,4.0095,0,0,0,0,0,0,0,-0,0,1.34061,0,0,0,0,0,0,0,0,0,0,0,0,0,0,0,0,0,0,0,0,0,0,0,0,0,0,0,0,0,0,0,0,0,0
12.55,0,0,0,0,-0,0,2.91968,1.94255,-2.51914,0.00157308,0.000278465,0.0094916,0.00106714,0.0003915,-0.000229716,0,0,0,0,0,0,0,0,0,0,0,0,0,0,0,0,0,0,0,0,0,0,0,0,0,0,0,0,0,0,0,0,0,0,0,0,0,0,0,0,1.78861,1.22289,1.57566,0.00146927,0.0019175,-0.000577273,0.000264772,0.00045078,0.000945868,0,0,0,0,0,0,0,0,0,0,0,0,0,0,0,0,0,0,0,0,0,0,0,0,0,0,0,0,0,0,0,0,0,0,0,0,0,0,0,0,0,0,0,0,0,0,0,0,0,0,0,1,1,0,0,0,0,0,1.1296,-0.2229,4.0948,0,0,0,0,0,0,0,-0,0,1.34061,0,0,0,0,0,0,0,0,0,0,0,0,0,0,0,0,0,0,0,0,0,0,0,0,0,0,0,0,0,0,0,0,0,0
12.6,0,0,0,0,-0,0,2.91983,1.94257,-2.51805,0.00152801,0.000185509,0.0108721,0.000480567,0.000181598,0.00496222,0,0,0,0,0,0,0,0,0,0,0,0,0,0,0,0,0,0,0,0,0,0,0,0,0,0,0,0,0,0,0,0,0,0,0,0,0,0,0,0,1.78877,1.22308,1.57564,0.00157561,0.00193808,-0.000181161,0.000558113,0.000434678,0.00220026,0,0,0,0,0,0,0,0,0,0,0,0,0,0,0,0,0,0,0,0,0,0,0,0,0,0,0,0,0,0,0,0,0,0,0,0,0,0,0,0,0,0,0,0,0,0,0,0,0,0,0,1,1,0,0,0,0,0,1.1296,-0.2229,4.0948,0,0,0,0,0,0,0,-0,0,1.34051,0,0,0,0,0,0,0,0,0,0,0,0,0,0,0,0,0,0,0,0,0,0,0,0,0,0,0,0,0,0,0,0,0,0
12.65,0,0,0,0,-0,0,2.91983,1.94257,-2.51805,0.00152801,0.000185509,0.0108721,0.000480567,0.000181598,0.00496222,0,0,0,0,0,0,0,0,0,0,0,0,0,0,0,0,0,0,0,0,0,0,0,0,0,0,0,0,0,0,0,0,0,0,0,0,0,0,0,0,1.78877,1.22308,1.57564,0.00157561,0.00193808,-0.000181161,0.000558113,0.000434678,0.00220026,0,0,0,0,0,0,0,0,0,0,0,0,0,0,0,0,0,0,0,0,0,0,0,0,0,0,0,0,0,0,0,0,0,0,0,0,0,0,0,0,0,0,0,0,0,0,0,0,0,0,0,1,1,0,0,0,0,0,1.1296,-0.2229,4.0948,0,0,0,0,0,0,0,-0,0,1.34051,0,0,0,0,0,0,0,0,0,0,0,0,0,0,0,0,0,0,0,0,0,0,0,0,0,0,0,0,0,0,0,0,0,0
12.7,0,0,0,0,-0,0,2.92001,1.94256,-2.51704,0.00170836,-4.6436e-05,0.0100911,0.000925595,-0.000846487,0.000534509,0,0,0,0,0,0,0,0,0,0,0,0,0,0,0,0,0,0,0,0,0,0,0,0,0,0,0,0,0,0,0,0,0,0,0,0,0,0,0,0,1.78894,1.22327,1.57562,0.00170958,0.00183911,-0.000198098,0.000905963,-0.000141697,0.00142438,0,0,0,0,0,0,0,0,0,0,0,0,0,0,0,0,0,0,0,0,0,0,0,0,0,0,0,0,0,0,0,0,0,0,0,0,0,0,0,0,0,0,0,0,0,0,0,0,0,0,0,1,1,0,0,0,0,0,1.1296,-0.2229,4.0948,0,0,0,0,0,0,0,-0,0,1.34041,0,0,0,0,0,0,0,0,0,0,0,0,0,0,0,0,0,0,0,0,0,0,0,0,0,0,0,0,0,0,0,0,0,0
12.75,0,0,0,0,-0,0,2.92001,1.94256,-2.51704,0.00170836,-4.6436e-05,0.0100911,0.000925595,-0.000846487,0.000534509,0,0,0,0,0,0,0,0,0,0,0,0,0,0,0,0,0,0,0,0,0,0,0,0,0,0,0,0,0,0,0,0,0,0,0,0,0,0,0,0,1.78894,1.22327,1.57562,0.00170958,0.00183911,-0.000198098,0.000905963,-0.000141697,0.00142438,0,0,0,0,0,0,0,0,0,0,0,0,0,0,0,0,0,0,0,0,0,0,0,0,0,0,0,0,0,0,0,0,0,0,0,0,0,0,0,0,0,0,0,0,0,0,0,0,0,0,0,1,1,0,0,0,0,0,1.1289,-0.2259,4.0927,0,0,0,0,0,0,0,-0,0,1.34041,0,0,0,0,0,0,0,0,0,0,0,0,0,0,0,0,0,0,0,0,0,0,0,0,0,0,0,0,0,0,0,0,0,0
12.8,0,0,0,0,-0,0,2.92018,1.94259,-2.51605,0.00176348,0.000243912,0.00994941,0.000843758,0.000512821,-0.000799723,0,0,0,0,0,0,0,0,0,0,0,0,0,0,0,0,0,0,0,0,0,0,0,0,0,0,0,0,0,0,0,0,0,0,0,0,0,0,0,0,1.78911,1.22346,1.57562,0.00170738,0.00195861,-1.42917e-05,0.000589748,0.000322633,0.00148383,0,0,0,0,0,0,0,0,0,0,0,0,0,0,0,0,0,0,0,0,0,0,0,0,0,0,0,0,0,0,0,0,0,0,0,0,0,0,0,0,0,0,0,0,0,0,0,0,0,0,0,1,1,0,0,0,0,0,1.1289,-0.2259,4.0927,0,0,0,0,0,0,0,-0,0,1.34032,0,0,0,0,0,0,0,0,0,0,0,0,0,0,0,0,0,0,0,0,0,0,0,0,0,0,0,0,0,0,0,0,0,0
12.85,0,0,0,0,-0,0,2.92018,1.94259,-2.51605,0.00176348,0.000243912,0.00994941,0.000843758,0.000512821,-0.000799723,0,0,0,0,0,0,0,0,0,0,0,0,0,0,0,0,0,0,0,0,0,0,0,0,0,0,0,0,0,0,0,0,0,0,0,0,0,0,0,0,1.78911,1.22346,1.57562,0.00170738,0.00195861,-1.42917e-05,0.000589748,0.000322633,0.00148383,0,0,0,0,0,0,0,0,0,0,0,0,0,0,0,0,0,0,0,0,0,0,0,0,0,0,0,0,0,0,0,0,0,0,0,0,0,0,0,0,0,0,0,0,0,0,0,0,0,0,0,1,1,0,0,0,0,0,1.1289,-0.2259,4.0927,0,0,0,0,0,0,0,-0,0,1.34032,0,0,0,0,0,0,0,0,0,0,0,0,0,0,0,0,0,0,0,0,0,0,0,0,0,0,0,0,0,0,0,0,0,0
12.9,0,0,0,0,-0,0,2.92036,1.94259,-2.51499,0.00176988,2.81128e-05,0.0105781,0.000511188,-0.000371208,0.00179319,0,0,0,0,0,0,0,0,0,0,0,0,0,0,0,0,0,0,0,0,0,0,0,0,0,0,0,0,0,0,0,0,0,0,0,0,0,0,0,0,1.78928,1.22367,1.57561,0.00170021,0.00205345,-7.75871e-05,0.000272945,0.00062438,0.000646608,0,0,0,0,0,0,0,0,0,0,0,0,0,0,0,0,0,0,0,0,0,0,0,0,0,0,0,0,0,0,0,0,0,0,0,0,0,0,0,0,0,0,0,0,0,0,0,0,0,0,0,1,1,0,0,0,0,0,1.1289,-0.2259,4.0927,0,0,0,0,0,0,0,-0,0,1.34022,0,0,0,0,0,0,0,0,0,0,0,0,0,0,0,0,0,0,0,0,0,0,0,0,0,0,0,0,0,0,0,0,0,0
12.95,0,0,0,0,-0,0,2.92036,1.94259,-2.51499,0.00176988,2.81128e-05,0.0105781,0.000511188,-0.000371208,0.00179319,0,0,0,0,0,0,0,0,0,0,0,0,0,0,0,0,0,0,0,0,0,0,0,0,0,0,0,0,0,0,0,0,0,0,0,0,0,0,0,0,1.78928,1.22367,1.57561,0.00170021,0.00205345,-7.75871e-05,0.000272945,0.00062438,0.000646608,0,0,0,0,0,0,0,0,0,0,0,0,0,0,0,0,0,0,0,0,0,0,0,0,0,0,0,0,0,0,0,0,0,0,0,0,0,0,0,0,0,0,0,0,0,0,0,0,0,0,0,1,1,0,0,0,0,0,1.1071,-0.25,4.0694,0,0,0,0,0,0,0,-0,0,1.34022,0,0,0,0,0,0,0,0,0,0,0,0,0,0,0,0,0,0,0,0,0,0,0,0,0,0,0,0,0,0,0,0,0,0
13,0,0,0,0,-0,0,2.92055,1.94258,-2.51399,0.00192856,-6.46922e-05,0.0100056,0.000904672,-0.000713107,-0.000808448,0,0,0,0,0,0,0,0,0,0,0,0,0,0,0,0,0,0,0,0,0,0,0,0,0,0,0,0,0,0,0,0,0,0,0,0,0,0,0,0,1.78946,1.22386,1.57559,0.00177719,0.0019554,-0.000259854,0.000437014,3.39873e-05,-0.00045362,0,0,0,0,0,0,0,0,0,0,0,0,0,0,0,0,0,0,0,0,0,0,0,0,0,0,0,0,0,0,0,0,0,0,0,0,0,0,0,0,0,0,0,0,0,0,0,0,0,0,0,1,1,0,0,0,0,0,1.1071,-0.25,4.0694,0,0,0,0,0,0,0,-0,0,1.34012,0,0,0,0,0,0,0,0,0,0,0,0,0,0,0,0,0,0,0,0,0,0,0,0,0,0,0,0,0,0,0,0,0,0
13.05,0,0,0,0,-0,0,2.92055,1.94258,-2.51399,0.00192856,-6.46922e-05,0.0100056,0.000904672,-0.000713107,-0.000808448,0,0,0,0,0,0,0,0,0,0,0,0,0,0,0,0,0,0,0,0,0,0,0,0,0,0,0,0,0,0,0,0,0,0,0,0,0,0,0,0,1.78946,1.22386,1.57559,0.00177719,0.0019554,-0.000259854,0.000437014,3.39873e-05,-0.00045362,0,0,0,0,0,0,0,0,0,0,0,0,0,0,0,0,0,0,0,0,0,0,0,0,0,0,0,0,0,0,0,0,0,0,0,0,0,0,0,0,0,0,0,0,0,0,0,0,0,0,0,1,1,0,0,0,0,0,1.1071,-0.25,4.0694,0,0,0,0,0,0,0,-0,0,1.34012,0,0,0,0,0,0,0,0,0,0,0,0,0,0,0,0,0,0,0,0,0,0,0,0,0,0,0,0,0,0,0,0,0,0
13.1,0,0,0,0,-0,0,2.92074,1.94261,-2.51286,0.00185409,0.000248838,0.0112498,0.000297126,0.000778478,0.00412419,0,0,0,0,0,0,0,0,0,0,0,0,0,0,0,0,0,0,0,0,0,0,0,0,0,0,0,0,0,0,0,0,0,0,0,0,0,0,0,0,1.78965,1.22407,1.5756,0.00186508,0.00203097,0.000135798,0.00063409,0.000240417,0.00115984,0,0,0,0,0,0,0,0,0,0,0,0,0,0,0,0,0,0,0,0,0,0,0,0,0,0,0,0,0,0,0,0,0,0,0,0,0,0,0,0,0,0,0,0,0,0,0,0,0,0,0,1,1,0,0,0,0,0,1.1071,-0.25,4.0694,0,0,0,0,0,0,0,-0,0,1.34003,0,0,0,0,0,0,0,0,0,0,0,0,0,0,0,0,0,0,0,0,0,0,0,0,0,0,0,0,0,0,0,0,0,0
13.15,0,0,0,0,-0,0,2.92074,1.94261,-2.51286,0.00185409,0.000248838,0.0112498,0.000297126,0.000778478,0.00412419,0,0,0,0,0,0,0,0,0,0,0,0,0,0,0,0,0,0,0,0,0,0,0,0,0,0,0,0,0,0,0,0,0,0,0,0,0,0,0,0,1.78965,1.22407,1.5756,0.00186508,0.00203097,0.000135798,0.00063409,0.000240417,0.00115984,0,0,0,0,0,0,0,0,0,0,0,0,0,0,0,0,0,0,0,0,0,0,0,0,0,0,0,0,0,0,0,0,0,0,0,0,0,0,0,0,0,0,0,0,0,0,0,0,0,0,0,1,1,0,0,0,0,0,1.0576,-0.3018,4.0184,0,0,0,0,0,0,0,-0,0,1.34003,0,0,0,0,0,0,0,0,0,0,0,0,0,0,0,0,0,0,0,0,0,0,0,0,0,0,0,0,0,0,0,0,0,0
13.2,0,0,0,0,-0,0,2.92092,1.94269,-2.51178,0.00179149,0.000769874,0.0108407,-0.000160139,0.00275005,0.00147187,0,0,0,0,0,0,0,0,0,0,0,0,0,0,0,0,0,0,0,0,0,0,0,0,0,0,0,0,0,0,0,0,0,0,0,0,0,0,0,0,1.78984,1.22429,1.5756,0.00188925,0.00224119,2.14808e-05,0.000497759,0.00100534,0.000457672,0,0,0,0,0,0,0,0,0,0,0,0,0,0,0,0,0,0,0,0,0,0,0,0,0,0,0,0,0,0,0,0,0,0,0,0,0,0,0,0,0,0,0,0,0,0,0,0,0,0,0,1,1,0,0,0,0,0,1.0576,-0.3018,4.0184,0,0,0,0,0,0,0,-0,0,1.33994,0,0,0,0,0,0,0,0,0,0,0,0,0,0,0,0,0,0,0,0,0,0,0,0,0,0,0,0,0,0,0,0,0,0
13.25,0,0,0,0,-0,0,2.92092,1.94269,-2.51178,0.00179149,0.000769874,0.0108407,-0.000160139,0.00275005,0.00147187,0,0,0,0,0,0,0,0,0,0,0,0,0,0,0,0,0,0,0,0,0,0,0,0,0,0,0,0,0,0,0,0,0,0,0,0,0,0,0,0,1.78984,1.22429,1.5756,0.00188925,0.00224119,2.14808e-05,0.000497759,0.00100534,0.000457672,0,0,0,0,0,0,0,0,0,0,0,0,0,0,0,0,0,0,0,0,0,0,0,0,0,0,0,0,0,0,0,0,0,0,0,0,0,0,0,0,0,0,0,0,0,0,0,0,0,0,0,1,1,0,0,0,0,0,1.0576,-0.3018,4.0184,0,0,0,0,0,0,0,-0,0,1.33994,0,0,0,0,0,0,0,0,0,0,0,0,0,0,0,0,0,0,0,0,0,0,0,0,0,0,0,0,0,0,0,0,0,0
13.3,0,0,0,0,-0,0,2.92112,1.94271,-2.51065,0.00206297,0.000236534,0.0113471,0.000936958,-0.000210009,0.0026088,0,0,0,0,0,0,0,0,0,0,0,0,0,0,0,0,0,0,0,0,0,0,0,0,0,0,0,0,0,0,0,0,0,0,0,0,0,0,0,0,1.79003,1.2245,1.57561,0.00194714,0.00207394,5.59615e-05,0.000522162,5.08449e-05,0.000317698,0,0,0,0,0,0,0,0,0,0,0,0,0,0,0,0,0,0,0,0,0,0,0,0,0,0,0,0,0,0,0,0,0,0,0,0,0,0,0,0,0,0,0,0,0,0,0,0,0,0,0,1,1,0,0,0,0,0,1.0576,-0.3018,4.0184,0,0,0,0,0,0,0,-0,0,1.33985,0,0,0,0,0,0,0,0,0,0,0,0,0,0,0,0,0,0,0,0,0,0,0,0,0,0,0,0,0,0,0,0,0,0
13.35,0,0,0,0,-0,0,2.92112,1.94271,-2.51065,0.00206297,0.000236534,0.0113471,0.000936958,-0.000210009,0.0026088,0,0,0,0,0,0,0,0,0,0,0,0,0,0,0,0,0,0,0,0,0,0,0,0,0,0,0,0,0,0,0,0,0,0,0,0,0,0,0,0,1.79003,1.2245,1.57561,0.00194714,0.00207394,5.59615e-05,0.000522162,5.08449e-05,0.000317698,0,0,0,0,0,0,0,0,0,0,0,0,0,0,0,0,0,0,0,0,0,0,0,0,0,0,0,0,0,0,0,0,0,0,0,0,0,0,0,0,0,0,0,0,0,0,0,0,0,0,0,1,1,0,0,0,0,0,1.1156,-0.2463,4.0748,0,0,0,0,0,0,0,-0,0,1.33985,0,0,0,0,0,0,0,0,0,0,0,0,0,0,0,0,0,0,0,0,0,0,0,0,0,0,0,0,0,0,0,0,0,0
13.4,0,0,0,0,-0,0,2.92134,1.94275,-2.50948,0.00214054,0.000429573,0.0117032,0.00101221,0.00024319,0.0030942,0,0,0,0,0,0,0,0,0,0,0,0,0,0,0,0,0,0,0,0,0,0,0,0,0,0,0,0,0,0,0,0,0,0,0,0,0,0,0,0,1.79023,1.22474,1.57559,0.00196359,0.00240902,-0.000154931,0.000374089,0.00123119,-0.000671189,0,0,0,0,0,0,0,0,0,0,0,0,0,0,0,0,0,0,0,0,0,0,0,0,0,0,0,0,0,0,0,0,0,0,0,0,0,0,0,0,0,0,0,0,0,0,0,0,0,0,0,1,1,0,0,0,0,0,1.1156,-0.2463,4.0748,0,0,0,0,0,0,0,-0,0,1.33976,0,0,0,0,0,0,0,0,0,0,0,0,0,0,0,0,0,0,0,0,0,0,0,0,0,0,0,0,0,0,0,0,0,0
13.45,0,0,0,0,-0,0,2.92134,1.94275,-2.50948,0.00214054,0.000429573,0.0117032,0.00101221,0.00024319,0.0030942,0,0,0,0,0,0,0,0,0,0,0,0,0,0,0,0,0,0,0,0,0,0,0,0,0,0,0,0,0,0,0,0,0,0,0,0,0,0,0,0,1.79023,1.22474,1.57559,0.00196359,0.00240902,-0.000154931,0.000374089,0.00123119,-0.000671189,0,0,0,0,0,0,0,0,0,0,0,0,0,0,0,0,0,0,0,0,0,0,0,0,0,0,0,0,0,0,0,0,0,0,0,0,0,0,0,0,0,0,0,0,0,0,0,0,0,0,0,1,1,0,0,0,0,0,1.1156,-0.2463,4.0748,0,0,0,0,0,0,0,-0,0,1.33976,0,0,0,0,0,0,0,0,0,0,0,0,0,0,0,0,0,0,0,0,0,0,0,0,0,0,0,0,0,0,0,0,0,0
13.5,0,0,0,0,-0,0,2.92156,1.94285,-2.50843,0.00222684,0.000927851,0.0104512,0.000964144,0.00219848,-0.00307129,0,0,0,0,0,0,0,0,0,0,0,0,0,0,0,0,0,0,0,0,0,0,0,0,0,0,0,0,0,0,0,0,0,0,0,0,0,0,0,0,1.79043,1.22496,1.5756,0.0020779,0.00222197,6.67658e-05,0.000662731,0.000152775,0.000349252,0,0,0,0,0,0,0,0,0,0,0,0,0,0,0,0,0,0,0,0,0,0,0,0,0,0,0,0,0,0,0,0,0,0,0,0,0,0,0,0,0,0,0,0,0,0,0,0,0,0,0,1,1,0,0,0,0,0,1.1156,-0.2463,4.0748,0,0,0,0,0,0,0,-0,0,1.3397,0,0,0,0,0,0,0,0,0,0,0,0,0,0,0,0,0,0,0,0,0,0,0,0,0,0,0,0,0,0,0,0,0,0
13.55,0,0,0,0,-0,0,2.92156,1.94285,-2.50843,0.00222684,0.000927851,0.0104512,0.000964144,0.00219848,-0.00307129,0,0,0,0,0,0,0,0,0,0,0,0,0,0,0,0,0,0,0,0,0,0,0,0,0,0,0,0,0,0,0,0,0,0,0,0,0,0,0,0,1.79043,1.22496,1.5756,0.0020779,0.00222197,6.67658e-05,0.000662731,0.000152775,0.000349252,0,0,0,0,0,0,0,0,0,0,0,0,0,0,0,0,0,0,0,0,0,0,0,0,0,0,0,0,0,0,0,0,0,0,0,0,0,0,0,0,0,0,0,0,0,0,0,0,0,0,0,1,1,0,0,0,0,0,1.1264,-0.2379,4.084,0,0,0,0,0,0,0,-0,0,1.3397,0,0,0,0,0,0,0,0,0,0,0,0,0,0,0,0,0,0,0,0,0,0,0,0,0,0,0,0,0,0,0,0,0,0
13.6,0,0,0,0,-0,0,2.92156,1.94285,-2.50843,0.00222684,0.000927851,0.0104512,0.000964144,0.00219848,-0.00307129,0,0,0,0,0,0,0,0,0,0,0,0,0,0,0,0,0,0,0,0,0,0,0,0,0,0,0,0,0,0,0,0,0,0,0,0,0,0,0,0,1.79043,1.22496,1.5756,0.0020779,0.00222197,6.67658e-05,0.000662731,0.000152775,0.000349252,0,0,0,0,0,0,0,0,0,0,0,0,0,0,0,0,0,0,0,0,0,0,0,0,0,0,0,0,0,0,0,0,0,0,0,0,0,0,0,0,0,0,0,0,0,0,0,0,0,0,0,1,1,0,0,0,0,0,1.1264,-0.2379,4.084,0,0,0,0,0,0,0,-0,0,1.3397,0,0,0,0,0,0,0,0,0,0,0,0,0,0,0,0,0,0,0,0,0,0,0,0,0,0,0,0,0,0,0,0,0,0
13.65,0,0,0,0,-0,0,2.9218,1.9429,-2.50729,0.00243897,0.000518099,0.0114484,0.00141857,-5.26447e-05,0.00129825,0,0,0,0,0,0,0,0,0,0,0,0,0,0,0,0,0,0,0,0,0,0,0,0,0,0,0,0,0,0,0,0,0,0,0,0,0,0,0,0,1.79064,1.2252,1.57561,0.00203207,0.00241698,9.78499e-05,0.000252626,0.000723482,0.000471978,0,0,0,0,0,0,0,0,0,0,0,0,0,0,0,0,0,0,0,0,0,0,0,0,0,0,0,0,0,0,0,0,0,0,0,0,0,0,0,0,0,0,0,0,0,0,0,0,0,0,0,1,1,0,0,0,0,0,1.1264,-0.2379,4.084,0,0,0,0,0,0,0,-0,0,1.33964,0,0,0,0,0,0,0,0,0,0,0,0,0,0,0,0,0,0,0,0,0,0,0,0,0,0,0,0,0,0,0,0,0,0
13.7,0,0,0,0,-0,0,2.92205,1.94293,-2.50623,0.00249768,0.000363432,0.0105998,0.00115711,-0.000952507,-0.00197699,0,0,0,0,0,0,0,0,0,0,0,0,0,0,0,0,0,0,0,0,0,0,0,0,0,0,0,0,0,0,0,0,0,0,0,0,0,0,0,0,1.79084,1.22544,1.5756,0.00206351,0.00238548,-0.00010838,0.000229538,0.00039495,-0.00052381,0,0,0,0,0,0,0,0,0,0,0,0,0,0,0,0,0,0,0,0,0,0,0,0,0,0,0,0,0,0,0,0,0,0,0,0,0,0,0,0,0,0,0,0,0,0,0,0,0,0,0,1,1,0,0,0,0,0,1.1264,-0.2379,4.084,0,0,0,0,0,0,0,-0,0,1.33956,0,0,0,0,0,0,0,0,0,0,0,0,0,0,0,0,0,0,0,0,0,0,0,0,0,0,0,0,0,0,0,0,0,0
13.75,0,0,0,0,-0,0,2.92205,1.94293,-2.50623,0.00249768,0.000363432,0.0105998,0.00115711,-0.000952507,-0.00197699,0,0,0,0,0,0,0,0,0,0,0,0,0,0,0,0,0,0,0,0,0,0,0,0,0,0,0,0,0,0,0,0,0,0,0,0,0,0,0,0,1.79084,1.22544,1.5756,0.00206351,0.00238548,-0.00010838,0.000229538,0.00039495,-0.00052381,0,0,0,0,0,0,0,0,0,0,0,0,0,0,0,0,0,0,0,0,0,0,0,0,0,0,0,0,0,0,0,0,0,0,0,0,0,0,0,0,0,0,0,0,0,0,0,0,0,0,0,1,1,0,0,0,0,0,1.1258,-0.241,4.0818,0,0,0,0,0,0,0,-0,0,1.33956,0,0,0,0,0,0,0,0,0,0,0,0,0,0,0,0,0,0,0,0,0,0,0,0,0,0,0,0,0,0,0,0,0,0
13.8,0,0,0,0,-0,0,2.92231,1.94292,-2.50502,0.002567,-0.000169588,0.0120791,0.000928342,-0.00282489,0.00424718,0,0,0,0,0,0,0,0,0,0,0,0,0,0,0,0,0,0,0,0,0,0,0,0,0,0,0,0,0,0,0,0,0,0,0,0,0,0,0,0,1.79106,1.22567,1.57559,0.00216072,0.00230834,-0.000107231,0.000516602,-0.000123177,-0.000444444,0,0,0,0,0,0,0,0,0,0,0,0,0,0,0,0,0,0,0,0,0,0,0,0,0,0,0,0,0,0,0,0,0,0,0,0,0,0,0,0,0,0,0,0,0,0,0,0,0,0,0,1,1,0,0,0,0,0,1.1258,-0.241,4.0818,0,0,0,0,0,0,0,-0,0,1.33947,0,0,0,0,0,0,0,0,0,0,0,0,0,0,0,0,0,0,0,0,0,0,0,0,0,0,0,0,0,0,0,0,0,0
13.85,0,0,0,0,-0,0,2.92231,1.94292,-2.50502,0.002567,-0.000169588,0.0120791,0.000928342,-0.00282489,0.00424718,0,0,0,0,0,0,0,0,0,0,0,0,0,0,0,0,0,0,0,0,0,0,0,0,0,0,0,0,0,0,0,0,0,0,0,0,0,0,0,0,1.79106,1.22567,1.57559,0.00216072,0.00230834,-0.000107231,0.000516602,-0.000123177,-0.000444444,0,0,0,0,0,0,0,0,0,0,0,0,0,0,0,0,0,0,0,0,0,0,0,0,0,0,0,0,0,0,0,0,0,0,0,0,0,0,0,0,0,0,0,0,0,0,0,0,0,0,0,1,1,0,0,0,0,0,1.1258,-0.241,4.0818,0,0,0,0,0,0,0,-0,0,1.33947,0,0,0,0,0,0,0,0,0,0,0,0,0,0,0,0,0,0,0,0,0,0,0,0,0,0,0,0,0,0,0,0,0,0
13.9,0,0,0,0,-0,0,2.92258,1.94293,-2.50372,0.00270015,0.000178381,0.0129433,0.0010549,-0.00055867,0.00682755,0,0,0,0,0,0,0,0,0,0,0,0,0,0,0,0,0,0,0,0,0,0,0,0,0,0,0,0,0,0,0,0,0,0,0,0,0,0,0,0,1.79128,1.22595,1.57559,0.00222122,0.00278324,-3.57947e-06,0.000587668,0.00175011,0.000158139,0,0,0,0,0,0,0,0,0,0,0,0,0,0,0,0,0,0,0,0,0,0,0,0,0,0,0,0,0,0,0,0,0,0,0,0,0,0,0,0,0,0,0,0,0,0,0,0,0,0,0,1,1,0,0,0,0,0,1.1258,-0.241,4.0818,0,0,0,0,0,0,0,-0,0,1.33937,0,0,0,0,0,0,0,0,0,0,0,0,0,0,0,0,0,0,0,0,0,0,0,0,0,0,0,0,0,0,0,0,0,0
13.95,0,0,0,0,-0,0,2.92258,1.94293,-2.50372,0.00270015,0.000178381,0.0129433,0.0010549,-0.00055867,0.00682755,0,0,0,0,0,0,0,0,0,0,0,0,0,0,0,0,0,0,0,0,0,0,0,0,0,0,0,0,0,0,0,0,0,0,0,0,0,0,0,0,1.79128,1.22595,1.57559,0.00222122,0.00278324,-3.57947e-06,0.000587668,0.00175011,0.000158139,0,0,0,0,0,0,0,0,0,0,0,0,0,0,0,0,0,0,0,0,0,0,0,0,0,0,0,0,0,0,0,0,0,0,0,0,0,0,0,0,0,0,0,0,0,0,0,0,0,0,0,1,1,0,0,0,0,0,1.125,-0.2446,4.0793,0,0,0,0,0,0,0,-0,0,1.33937,0,0,0,0,0,0,0,0,0,0,0,0,0,0,0,0,0,0,0,0,0,0,0,0,0,0,0,0,0,0,0,0,0,0
14,0,0,0,0,-0,0,2.92287,1.94289,-2.5025,0.0029498,-0.000463574,0.012216,0.00165876,-0.00259354,0.00159278,0,0,0,0,0,0,0,0,0,0,0,0,0,0,0,0,0,0,0,0,0,0,0,0,0,0,0,0,0,0,0,0,0,0,0,0,0,0,0,0,1.79151,1.22622,1.57562,0.00224711,0.00265701,0.000328809,0.000474748,0.000810686,0.00150471,0,0,0,0,0,0,0,0,0,0,0,0,0,0,0,0,0,0,0,0,0,0,0,0,0,0,0,0,0,0,0,0,0,0,0,0,0,0,0,0,0,0,0,0,0,0,0,0,0,0,0,1,1,0,0,0,0,0,1.125,-0.2446,4.0793,0,0,0,0,0,0,0,-0,0,1.33926,0,0,0,0,0,0,0,0,0,0,0,0,0,0,0,0,0,0,0,0,0,0,0,0,0,0,0,0,0,0,0,0,0,0
14.05,0,0,0,0,-0,0,2.92287,1.94289,-2.5025,0.0029498,-0.000463574,0.012216,0.00165876,-0.00259354,0.00159278,0,0,0,0,0,0,0,0,0,0,0,0,0,0,0,0,0,0,0,0,0,0,0,0,0,0,0,0,0,0,0,0,0,0,0,0,0,0,0,0,1.79151,1.22622,1.57562,0.00224711,0.00265701,0.000328809,0.000474748,0.000810686,0.00150471,0,0,0,0,0,0,0,0,0,0,0,0,0,0,0,0,0,0,0,0,0,0,0,0,0,0,0,0,0,0,0,0,0,0,0,0,0,0,0,0,0,0,0,0,0,0,0,0,0,0,0,1,1,0,0,0,0,0,1.125,-0.2446,4.0793,0,0,0,0,0,0,0,-0,0,1.33926,0,0,0,0,0,0,0,0,0,0,0,0,0,0,0,0,0,0,0,0,0,0,0,0,0,0,0,0,0,0,0,0,0,0
14.1,0,0,0,0,-0,0,2.92316,1.94286,-2.5013,0.00287279,-0.000302913,0.0120139,0.000759429,-0.00118972,-0.00060569,0,0,0,0,0,0,0,0,0,0,0,0,0,0,0,0,0,0,0,0,0,0,0,0,0,0,0,0,0,0,0,0,0,0,0,0,0,0,0,0,1.79174,1.22646,1.57559,0.00235125,0.00248194,-0.000264802,0.000677516,-0.000349773,-0.00128677,0,0,0,0,0,0,0,0,0,0,0,0,0,0,0,0,0,0,0,0,0,0,0,0,0,0,0,0,0,0,0,0,0,0,0,0,0,0,0,0,0,0,0,0,0,0,0,0,0,0,0,1,1,0,0,0,0,0,1.125,-0.2446,4.0793,0,0,0,0,0,0,0,-0,0,1.33915,0,0,0,0,0,0,0,0,0,0,0,0,0,0,0,0,0,0,0,0,0,0,0,0,0,0,0,0,0,0,0,0,0,0
14.15,0,0,0,0,-0,0,2.92316,1.94286,-2.5013,0.00287279,-0.000302913,0.0120139,0.000759429,-0.00118972,-0.00060569,0,0,0,0,0,0,0,0,0,0,0,0,0,0,0,0,0,0,0,0,0,0,0,0,0,0,0,0,0,0,0,0,0,0,0,0,0,0,0,0,1.79174,1.22646,1.57559,0.00235125,0.00248194,-0.000264802,0.000677516,-0.000349773,-0.00128677,0,0,0,0,0,0,0,0,0,0,0,0,0,0,0,0,0,0,0,0,0,0,0,0,0,0,0,0,0,0,0,0,0,0,0,0,0,0,0,0,0,0,0,0,0,0,0,0,0,0,0,1,1,0,0,0,0,0,1.1585,-0.2139,4.1112,0,0,0,0,0,0,0,-0,0,1.33915,0,0,0,0,0,0,0,0,0,0,0,0,0,0,0,0,0,0,0,0,0,0,0,0,0,0,0,0,0,0,0,0,0,0
14.2,0,0,0,0,-0,0,2.92346,1.94285,-2.50001,0.0029675,-0.000119776,0.0129644,0.000715116,0.000206656,0.00314553,0,0,0,0,0,0,0,0,0,0,0,0,0,0,0,0,0,0,0,0,0,0,0,0,0,0,0,0,0,0,0,0,0,0,0,0,0,0,0,0,1.79198,1.22673,1.57561,0.0023405,0.00263749,0.000167097,0.000393351,0.000256382,0.000574719,0,0,0,0,0,0,0,0,0,0,0,0,0,0,0,0,0,0,0,0,0,0,0,0,0,0,0,0,0,0,0,0,0,0,0,0,0,0,0,0,0,0,0,0,0,0,0,0,0,0,0,1,1,0,0,0,0,0,1.1585,-0.2139,4.1112,0,0,0,0,0,0,0,-0,0,1.33906,0,0,0,0,0,0,0,0,0,0,0,0,0,0,0,0,0,0,0,0,0,0,0,0,0,0,0,0,0,0,0,0,0,0
14.25,0,0,0,0,-0,0,2.92346,1.94285,-2.50001,0.0029675,-0.000119776,0.0129644,0.000715116,0.000206656,0.00314553,0,0,0,0,0,0,0,0,0,0,0,0,0,0,0,0,0,0,0,0,0,0,0,0,0,0,0,0,0,0,0,0,0,0,0,0,0,0,0,0,1.79198,1.22673,1.57561,0.0023405,0.00263749,0.000167097,0.000393351,0.000256382,0.000574719,0,0,0,0,0,0,0,0,0,0,0,0,0,0,0,0,0,0,0,0,0,0,0,0,0,0,0,0,0,0,0,0,0,0,0,0,0,0,0,0,0,0,0,0,0,0,0,0,0,0,0,1,1,0,0,0,0,0,1.1585,-0.2139,4.1112,0,0,0,0,0,0,0,-0,0,1.33906,0,0,0,0,0,0,0,0,0,0,0,0,0,0,0,0,0,0,0,0,0,0,0,0,0,0,0,0,0,0,0,0,0,0
14.3,0,0,0,0,-0,0,2.92378,1.94277,-2.49874,0.00326054,-0.000728496,0.0127031,0.00160345,-0.00211949,0.00139262,0,0,0,0,0,0,0,0,0,0,0,0,0,0,0,0,0,0,0,0,0,0,0,0,0,0,0,0,0,0,0,0,0,0,0,0,0,0,0,0,1.79221,1.227,1.57562,0.00238928,0.00267239,0.000143,0.00039966,0.000383413,0.000501618,0,0,0,0,0,0,0,0,0,0,0,0,0,0,0,0,0,0,0,0,0,0,0,0,0,0,0,0,0,0,0,0,0,0,0,0,0,0,0,0,0,0,0,0,0,0,0,0,0,0,0,1,1,0,0,0,0,0,1.1585,-0.2139,4.1112,0,0,0,0,0,0,0,-0,0,1.33895,0,0,0,0,0,0,0,0,0,0,0,0,0,0,0,0,0,0,0,0,0,0,0,0,0,0,0,0,0,0,0,0,0,0
14.35,0,0,0,0,-0,0,2.92378,1.94277,-2.49874,0.00326054,-0.000728496,0.0127031,0.00160345,-0.00211949,0.00139262,0,0,0,0,0,0,0,0,0,0,0,0,0,0,0,0,0,0,0,0,0,0,0,0,0,0,0,0,0,0,0,0,0,0,0,0,0,0,0,0,1.79221,1.227,1.57562,0.00238928,0.00267239,0.000143,0.00039966,0.000383413,0.000501618,0,0,0,0,0,0,0,0,0,0,0,0,0,0,0,0,0,0,0,0,0,0,0,0,0,0,0,0,0,0,0,0,0,0,0,0,0,0,0,0,0,0,0,0,0,0,0,0,0,0,0,1,1,0,0,0,0,0,1.1234,-0.2519,4.0743,0,0,0,0,0,0,0,-0,0,1.33895,0,0,0,0,0,0,0,0,0,0,0,0,0,0,0,0,0,0,0,0,0,0,0,0,0,0,0,0,0,0,0,0,0,0
14.4,0,0,0,0,-0,0,2.92378,1.94277,-2.49874,0.00326054,-0.000728496,0.0127031,0.00160345,-0.00211949,0.00139262,0,0,0,0,0,0,0,0,0,0,0,0,0,0,0,0,0,0,0,0,0,0,0,0,0,0,0,0,0,0,0,0,0,0,0,0,0,0,0,0,1.79221,1.227,1.57562,0.00238928,0.00267239,0.000143,0.00039966,0.000383413,0.000501618,0,0,0,0,0,0,0,0,0,0,0,0,0,0,0,0,0,0,0,0,0,0,0,0,0,0,0,0,0,0,0,0,0,0,0,0,0,0,0,0,0,0,0,0,0,0,0,0,0,0,0,1,1,0,0,0,0,0,1.1234,-0.2519,4.0743,0,0,0,0,0,0,0,-0,0,1.33895,0,0,0,0,0,0,0,0,0,0,0,0,0,0,0,0,0,0,0,0,0,0,0,0,0,0,0,0,0,0,0,0,0,0
14.45,0,0,0,0,-0,0,2.92409,1.94277,-2.49757,0.00309329,-1.4637e-05,0.0116138,0.000409569,0.0012661,-0.00377462,0,0,0,0,0,0,0,0,0,0,0,0,0,0,0,0,0,0,0,0,0,0,0,0,0,0,0,0,0,0,0,0,0,0,0,0,0,0,0,0,1.79246,1.22729,1.57561,0.00245414,0.00293106,-0.000138175,0.000496254,0.00127698,-0.000832619,0,0,0,0,0,0,0,0,0,0,0,0,0,0,0,0,0,0,0,0,0,0,0,0,0,0,0,0,0,0,0,0,0,0,0,0,0,0,0,0,0,0,0,0,0,0,0,0,0,0,0,1,1,0,0,0,0,0,1.1234,-0.2519,4.0743,0,0,0,0,0,0,0,-0,0,1.33885,0,0,0,0,0,0,0,0,0,0,0,0,0,0,0,0,0,0,0,0,0,0,0,0,0,0,0,0,0,0,0,0,0,0
14.5,0,0,0,0,-0,0,2.92443,1.94274,-2.49631,0.00331718,-0.000332207,0.0126834,0.000971735,-5.07858e-05,0.0012812,0,0,0,0,0,0,0,0,0,0,0,0,0,0,0,0,0,0,0,0,0,0,0,0,0,0,0,0,0,0,0,0,0,0,0,0,0,0,0,0,1.79272,1.22758,1.57563,0.00257094,0.00287261,0.000183679,0.000771913,0.000647111,0.000605941,0,0,0,0,0,0,0,0,0,0,0,0,0,0,0,0,0,0,0,0,0,0,0,0,0,0,0,0,0,0,0,0,0,0,0,0,0,0,0,0,0,0,0,0,0,0,0,0,0,0,0,1,1,0,0,0,0,0,1.1234,-0.2519,4.0743,0,0,0,0,0,0,0,-0,0,1.33874,0,0,0,0,0,0,0,0,0,0,0,0,0,0,0,0,0,0,0,0,0,0,0,0,0,0,0,0,0,0,0,0,0,0
