0,0,0,0,0,0,0,0,0,0,0,0,0,0,0,0,0,0,0,0,0,0,0,0,0,0,0,0,0,0,0,0,0,0,0,0,0,0,0,0,0,0,0,0,0,0,0,0,0,0,0,0,0,0,0,0,0,0,0,0,0,0,0,0,0,0,0,0,0,0,0,0,0,0,0,0,0,0,0,0,0,0,0,0,0,0,0,0,0,0,0,0,0,0,0,0,0,0,0,0,0,0,0,0,0,0,0,0,0,0,0,0,0,0,0,0,0,0,0,0,0,0,0,0,0,0,0,0,0,0,0,0,0,0,0,0,0,0,0,0,0,0,0,0,0,0,0,0,0,0,0,0,0,0,0,0,0,0,0,0,0,0,0,0,0
0,0,0,0,0,0,0,3.0057,2.03053,-2.12995,-2.4425e-05,4.64076e-05,-0.000159812,0.000352576,0.000238186,-0.000249848,0,0,0,0,0,0,0,0,0,0,0,0,0,0,0,0,0,0,0,0,0,0,0,0,0,0,0,0,0,0,0,0,0,0,0,0,0,0,0,0,1.31397,1.52827,-1.0038,2.19826e-05,0.000183188,0.000273113,0.000154132,0.00017927,-0.000117749,0,0,0,0,0,0,0,0,0,0,0,0,0,0,0,0,0,0,0,0,0,0,0,0,0,0,0,0,0,0,0,0,0,0,0,0,0,0,0,0,0,0,0,0,0,0,0,0,0,0,0,0,1,0,0,0,0,0,1.2669,1.376,-1.0038,0,0,0,0,0,0,2.68754,-2.3665,3.29725,1.76472,0,0,0,0,1,0,0,0,0,0,0,0,0,0,0,0,0,0,0,0,0,0,0,0,0,0,0,0,0
0,0,0,0,0,-0,0,3.00571,2.03054,-2.13,1.70835e-05,8.2977e-05,-0.000521943,-0.205678,-0.138662,0.143713,0,0,0,0,0,0,0,0,0,0,0,0,0,0,0,0,0,0,0,0,0,0,0,0,0,0,0,0,0,0,0,0,0,0,0,0,0,0,0,0,1.31396,1.52825,-1.00383,-9.51794e-05,-0.000191579,-0.000281229,-0.0903241,-0.105379,0.0675885,0,0,0,0,0,0,0,0,0,0,0,0,0,0,0,0,0,0,0,0,0,0,0,0,0,0,0,0,0,0,0,0,0,0,0,0,0,0,0,0,0,0,0,0,0,0,0,0,0,0,0,0,1,0,0,0,0,0,1.2669,1.376,-1.0038,0,0,0,0,0,0,2.77685,-2.44026,3.26008,1.76474,0,0,0,0,1,0,0,0,0,0,0,0,0,0,0,0,0,0,0,0,0,0,0,0,0,0,0,0,0
0,0,0,0,0,-0,0,3.00571,2.03055,-2.12988,-9.76495e-06,6.7134e-05,0.00115148,-0.0757283,-0.0509399,0.0587761,0,0,0,0,0,0,0,0,0,0,0,0,0,0,0,0,0,0,0,0,0,0,0,0,0,0,0,0,0,0,0,0,0,0,0,0,0,0,0,0,1.31397,1.52825,-1.00383,5.00453e-05,-5.98103e-05,2.02642e-05,-0.0327798,-0.0385121,0.0256498,0,0,0,0,0,0,0,0,0,0,0,0,0,0,0,0,0,0,0,0,0,0,0,0,0,0,0,0,0,0,0,0,0,0,0,0,0,0,0,0,0,0,0,0,0,0,0,0,0,0,0,0,1,0,0,0,0,0,1.2669,1.376,-1.0038,0,0,0,0,0,0,2.77685,-2.44026,3.26008,1.76474,0,0,0,0,1,0,0,0,0,0,0,0,0,0,0,0,0,0,0,0,0,0,0,0,0,0,0,0,0
0,0,0,0,0,-0,0,3.0057,2.03053,-2.12994,-3.41888e-05,-0.000177049,-0.000522276,-0.0279887,-0.0196952,0.0171135,0,0,0,0,0,0,0,0,0,0,0,0,0,0,0,0,0,0,0,0,0,0,0,0,0,0,0,0,0,0,0,0,0,0,0,0,0,0,0,0,1.31396,1.52825,-1.00383,-1.22103e-05,4.88411e-06,-1.55013e-05,-0.0121466,-0.0138202,0.00958492,0,0,0,0,0,0,0,0,0,0,0,0,0,0,0,0,0,0,0,0,0,0,0,0,0,0,0,0,0,0,0,0,0,0,0,0,0,0,0,0,0,0,0,0,0,0,0,0,0,0,0,0,1,0,0,0,0,0,1.2669,1.376,-1.0038,0,0,0,0,0,0,2.77685,-2.44026,3.26008,1.76473,0,0,0,0,1,0,0,0,0,0,0,0,0,0,0,0,0,0,0,0,0,0,0,0,0,0,0,0,0
0,0,0,0,0,-0,0,3.0057,2.03052,-2.12995,2.68607e-05,-7.93611e-05,-0.000114463,-0.010102,-0.0072079,0.00626713,0,0,0,0,0,0,0,0,0,0,0,0,0,0,0,0,0,0,0,0,0,0,0,0,0,0,0,0,0,0,0,0,0,0,0,0,0,0,0,0,1.31396,1.52825,-1.00383,-4.88376e-06,4.88376e-05,2.74235e-05,-0.00447219,-0.00478149,0.00375295,0,0,0,0,0,0,0,0,0,0,0,0,0,0,0,0,0,0,0,0,0,0,0,0,0,0,0,0,0,0,0,0,0,0,0,0,0,0,0,0,0,0,0,0,0,0,0,0,0,0,0,0,1,0,0,0,0,0,1.2162,-1.1111,1.0818,0,0,0,0,0,0,2.7429,-2.41548,3.23043,1.76473,0,0,0,0,1,0,0,0,0,0,0,0,0,0,0,0,0,0,0,0,0,0,0,0,0,0,0,0,0
0,0,0,0,0,-0,0,3.00571,2.03053,-2.12995,2.44101e-05,0.000126932,-5.24435e-05,-0.00365381,-0.00181302,0.00254237,0,0,0,0,0,0,0,0,0,0,0,0,0,0,0,0,0,0,0,0,0,0,0,0,0,0,0,0,0,0,0,0,0,0,0,0,0,0,0,0,1.31397,1.52827,-1.00382,6.10251e-05,0.000133035,0.000116806,-0.00138291,-0.00131082,0.00182103,0,0,0,0,0,0,0,0,0,0,0,0,0,0,0,0,0,0,0,0,0,0,0,0,0,0,0,0,0,0,0,0,0,0,0,0,0,0,0,0,0,0,0,0,0,0,0,0,0,0,0,0,1,0,0,0,0,0,1.2162,-1.1111,1.0818,0,0,0,0,0,0,2.7429,-2.41548,3.23043,1.76472,0,0,0,0,1,0,0,0,0,0,0,0,0,0,0,0,0,0,0,0,0,0,0,0,0,0,0,0,0
0,0,0,0,0,-0,0,3.00571,2.03053,-2.12995,2.44101e-05,0.000126932,-5.24435e-05,-0.00365381,-0.00181302,0.00254237,0,0,0,0,0,0,0,0,0,0,0,0,0,0,0,0,0,0,0,0,0,0,0,0,0,0,0,0,0,0,0,0,0,0,0,0,0,0,0,0,1.31397,1.52827,-1.00382,6.10251e-05,0.000133035,0.000116806,-0.00138291,-0.00131082,0.00182103,0,0,0,0,0,0,0,0,0,0,0,0,0,0,0,0,0,0,0,0,0,0,0,0,0,0,0,0,0,0,0,0,0,0,0,0,0,0,0,0,0,0,0,0,0,0,0,0,0,0,0,0,1,0,0,0,0,0,1.2162,-1.1111,1.0818,0,0,0,0,0,0,2.7429,-2.41548,3.23043,1.76472,0,0,0,0,1,0,0,0,0,0,0,0,0,0,0,0,0,0,0,0,0,0,0,0,0,0,0,0,0
0,0,0,0,0,-0,0,3.0057,2.03052,-2.12999,-3.41839e-05,-9.52266e-05,-0.000331443,-0.00155519,-0.00124611,-9.23995e-05,0,0,0,0,0,0,0,0,0,0,0,0,0,0,0,0,0,0,0,0,0,0,0,0,0,0,0,0,0,0,0,0,0,0,0,0,0,0,0,0,1.31397,1.52827,-1.00379,1.95336e-05,7.4472e-05,0.000274215,-0.000578015,-0.000551372,0.00146077,0,0,0,0,0,0,0,0,0,0,0,0,0,0,0,0,0,0,0,0,0,0,0,0,0,0,0,0,0,0,0,0,0,0,0,0,0,0,0,0,0,0,0,0,0,0,0,0,0,0,0,0,1,0,0,0,0,0,1.2162,-1.1111,1.0818,0,0,0,0,0,0,2.7429,-2.41548,3.23043,1.76471,0,0,0,0,1,0,0,0,0,0,0,0,0,0,0,0,0,0,0,0,0,0,0,0,0,0,0,0,0
0,0,0,0,0,-0,0,3.0057,2.03052,-2.12999,-3.41839e-05,-9.52266e-05,-0.000331443,-0.00155519,-0.00124611,-9.23995e-05,0,0,0,0,0,0,0,0,0,0,0,0,0,0,0,0,0,0,0,0,0,0,0,0,0,0,0,0,0,0,0,0,0,0,0,0,0,0,0,0,1.31397,1.52827,-1.00379,1.95336e-05,7.4472e-05,0.000274215,-0.000578015,-0.000551372,0.00146077,0,0,0,0,0,0,0,0,0,0,0,0,0,0,0,0,0,0,0,0,0,0,0,0,0,0,0,0,0,0,0,0,0,0,0,0,0,0,0,0,0,0,0,0,0,0,0,0,0,0,0,0,1,0,0,0,0,0,1.3547,-0.9726,1.2203,0,0,0,0,0,0,2.7429,-2.41548,3.23043,1.76471,0,0,0,0,1,0,0,0,0,0,0,0,0,0,0,0,0,0,0,0,0,0,0,0,0,0,0,0,0
0,0,0,0,0,-0,0,3.0057,2.03052,-2.12995,9.76846e-06,-3.90738e-05,0.000321958,-0.000474269,-0.000447202,0.00219866,0,0,0,0,0,0,0,0,0,0,0,0,0,0,0,0,0,0,0,0,0,0,0,0,0,0,0,0,0,0,0,0,0,0,0,0,0,0,0,0,1.31397,1.52824,-1.00381,-4.76215e-05,-0.000290613,-0.000240874,-0.00050649,-0.00168703,-0.00122962,0,0,0,0,0,0,0,0,0,0,0,0,0,0,0,0,0,0,0,0,0,0,0,0,0,0,0,0,0,0,0,0,0,0,0,0,0,0,0,0,0,0,0,0,0,0,0,0,0,0,0,0,1,0,0,0,0,0,1.3547,-0.9726,1.2203,0,0,0,0,0,0,2.72476,-2.40236,3.22865,1.76473,0,0,0,0,1,0,0,0,0,0,0,0,0,0,0,0,0,0,0,0,0,0,0,0,0,0,0,0,0
0,0,0,0,0,-0,0,3.0057,2.03052,-2.12995,9.76846e-06,-3.90738e-05,0.000321958,-0.000474269,-0.000447202,0.00219866,0,0,0,0,0,0,0,0,0,0,0,0,0,0,0,0,0,0,0,0,0,0,0,0,0,0,0,0,0,0,0,0,0,0,0,0,0,0,0,0,1.31397,1.52824,-1.00381,-4.76215e-05,-0.000290613,-0.000240874,-0.00050649,-0.00168703,-0.00122962,0,0,0,0,0,0,0,0,0,0,0,0,0,0,0,0,0,0,0,0,0,0,0,0,0,0,0,0,0,0,0,0,0,0,0,0,0,0,0,0,0,0,0,0,0,0,0,0,0,0,0,0,1,0,0,0,0,0,1.3547,-0.9726,1.2203,0,0,0,0,0,0,2.72476,-2.40236,3.22865,1.76473,0,0,0,0,1,0,0,0,0,0,0,0,0,0,0,0,0,0,0,0,0,0,0,0,0,0,0,0,0
0,0,0,0,0,-0,0,3.00571,2.03052,-2.12995,4.88406e-06,2.80834e-05,1.90784e-05,-0.000157992,0.00010792,0.000420422,0,0,0,0,0,0,0,0,0,0,0,0,0,0,0,0,0,0,0,0,0,0,0,0,0,0,0,0,0,0,0,0,0,0,0,0,0,0,0,0,1.31396,1.52825,-1.00384,-4.76196e-05,3.17464e-05,-0.000294522,-0.000294486,0.000121076,-0.00131708,0,0,0,0,0,0,0,0,0,0,0,0,0,0,0,0,0,0,0,0,0,0,0,0,0,0,0,0,0,0,0,0,0,0,0,0,0,0,0,0,0,0,0,0,0,0,0,0,0,0,0,0,1,0,0,0,0,0,1.3547,-0.9726,1.2203,0,0,0,0,0,0,2.72476,-2.40236,3.22865,1.76473,0,0,0,0,1,0,0,0,0,0,0,0,0,0,0,0,0,0,0,0,0,0,0,0,0,0,0,0,0
0,0,0,0,0,-0,0,3.00571,2.03052,-2.12995,4.88406e-06,2.80834e-05,1.90784e-05,-0.000157992,0.00010792,0.000420422,0,0,0,0,0,0,0,0,0,0,0,0,0,0,0,0,0,0,0,0,0,0,0,0,0,0,0,0,0,0,0,0,0,0,0,0,0,0,0,0,1.31396,1.52825,-1.00384,-4.76196e-05,3.17464e-05,-0.000294522,-0.000294486,0.000121076,-0.00131708,0,0,0,0,0,0,0,0,0,0,0,0,0,0,0,0,0,0,0,0,0,0,0,0,0,0,0,0,0,0,0,0,0,0,0,0,0,0,0,0,0,0,0,0,0,0,0,0,0,0,0,0,1,0,0,0,0,0,1.2606,-1.0667,1.1261,0,0,0,0,0,0,2.72476,-2.40236,3.22865,1.76473,0,0,0,0,1,0,0,0,0,0,0,0,0,0,0,0,0,0,0,0,0,0,0,0,0,0,0,0,0
0,0,0,0,0,-0,0,3.0057,2.03052,-2.12997,-2.44135e-05,-5.00477e-05,-0.000164505,-0.000169112,-0.000172212,-0.000721874,0,0,0,0,0,0,0,0,0,0,0,0,0,0,0,0,0,0,0,0,0,0,0,0,0,0,0,0,0,0,0,0,0,0,0,0,0,0,0,0,1.31396,1.52825,-1.00384,-1.70894e-05,5.37095e-05,5.96031e-06,-2.61534e-05,0.000405305,0.00039783,0,0,0,0,0,0,0,0,0,0,0,0,0,0,0,0,0,0,0,0,0,0,0,0,0,0,0,0,0,0,0,0,0,0,0,0,0,0,0,0,0,0,0,0,0,0,0,0,0,0,0,0,1,0,0,0,0,0,1.2606,-1.0667,1.1261,0,0,0,0,0,0,2.71029,-2.38411,3.25272,1.76473,0,0,0,0,1,0,0,0,0,0,0,0,0,0,0,0,0,0,0,0,0,0,0,0,0,0,0,0,0
0,0,0,0,0,-0,0,3.0057,2.03052,-2.12997,-2.44135e-05,-5.00477e-05,-0.000164505,-0.000169112,-0.000172212,-0.000721874,0,0,0,0,0,0,0,0,0,0,0,0,0,0,0,0,0,0,0,0,0,0,0,0,0,0,0,0,0,0,0,0,0,0,0,0,0,0,0,0,1.31396,1.52825,-1.00384,-1.70894e-05,5.37095e-05,5.96031e-06,-2.61534e-05,0.000405305,0.00039783,0,0,0,0,0,0,0,0,0,0,0,0,0,0,0,0,0,0,0,0,0,0,0,0,0,0,0,0,0,0,0,0,0,0,0,0,0,0,0,0,0,0,0,0,0,0,0,0,0,0,0,0,1,0,0,0,0,0,1.2606,-1.0667,1.1261,0,0,0,0,0,0,2.71029,-2.38411,3.25272,1.76473,0,0,0,0,1,0,0,0,0,0,0,0,0,0,0,0,0,0,0,0,0,0,0,0,0,0,0,0,0
0,0,0,0,0,-0,0,3.00571,2.03053,-2.12994,3.17355e-05,0.000167222,0.000307533,0.000121322,0.000726856,0.00129814,0,0,0,0,0,0,0,0,0,0,0,0,0,0,0,0,0,0,0,0,0,0,0,0,0,0,0,0,0,0,0,0,0,0,0,0,0,0,0,0,1.31396,1.52825,-1.00383,4.15003e-05,4.88239e-06,0.000107279,0.000254744,8.67197e-05,0.000875893,0,0,0,0,0,0,0,0,0,0,0,0,0,0,0,0,0,0,0,0,0,0,0,0,0,0,0,0,0,0,0,0,0,0,0,0,0,0,0,0,0,0,0,0,0,0,0,0,0,0,0,0,1,0,0,0,0,0,1.2606,-1.0667,1.1261,0,0,0,0,0,0,2.71029,-2.38411,3.25272,1.76473,0,0,0,0,1,0,0,0,0,0,0,0,0,0,0,0,0,0,0,0,0,0,0,0,0,0,0,0,0
0,0,0,0,0,-0,0,3.00571,2.03053,-2.12994,3.17355e-05,0.000167222,0.000307533,0.000121322,0.000726856,0.00129814,0,0,0,0,0,0,0,0,0,0,0,0,0,0,0,0,0,0,0,0,0,0,0,0,0,0,0,0,0,0,0,0,0,0,0,0,0,0,0,0,1.31396,1.52825,-1.00383,4.15003e-05,4.88239e-06,0.000107279,0.000254744,8.67197e-05,0.000875893,0,0,0,0,0,0,0,0,0,0,0,0,0,0,0,0,0,0,0,0,0,0,0,0,0,0,0,0,0,0,0,0,0,0,0,0,0,0,0,0,0,0,0,0,0,0,0,0,0,0,0,0,1,0,0,0,0,0,1.3304,-0.9969,1.1959,0,0,0,0,0,0,2.71029,-2.38411,3.25272,1.76473,0,0,0,0,1,0,0,0,0,0,0,0,0,0,0,0,0,0,0,0,0,0,0,0,0,0,0,0,0
0,0,0,0,0,-0,0,3.00571,2.03054,-2.12997,4.88368e-06,6.71506e-05,-0.000338614,4.84678e-06,0.000158184,-0.00152909,0,0,0,0,0,0,0,0,0,0,0,0,0,0,0,0,0,0,0,0,0,0,0,0,0,0,0,0,0,0,0,0,0,0,0,0,0,0,0,0,1.31397,1.52827,-1.00383,1.95347e-05,0.000173371,2.86153e-05,0.000103188,0.000682174,0.000276261,0,0,0,0,0,0,0,0,0,0,0,0,0,0,0,0,0,0,0,0,0,0,0,0,0,0,0,0,0,0,0,0,0,0,0,0,0,0,0,0,0,0,0,0,0,0,0,0,0,0,0,0,1,0,0,0,0,0,1.3304,-0.9969,1.1959,0,0,0,0,0,0,2.61951,-2.30447,3.29014,1.76473,0,0,0,0,1,0,0,0,0,0,0,0,0,0,0,0,0,0,0,0,0,0,0,0,0,0,0,0,0
0,0,0,0,0,-0,0,3.00571,2.03054,-2.12997,4.88368e-06,6.71506e-05,-0.000338614,4.84678e-06,0.000158184,-0.00152909,0,0,0,0,0,0,0,0,0,0,0,0,0,0,0,0,0,0,0,0,0,0,0,0,0,0,0,0,0,0,0,0,0,0,0,0,0,0,0,0,1.31397,1.52827,-1.00383,1.95347e-05,0.000173371,2.86153e-05,0.000103188,0.000682174,0.000276261,0,0,0,0,0,0,0,0,0,0,0,0,0,0,0,0,0,0,0,0,0,0,0,0,0,0,0,0,0,0,0,0,0,0,0,0,0,0,0,0,0,0,0,0,0,0,0,0,0,0,0,0,1,0,0,0,0,0,1.3304,-0.9969,1.1959,0,0,0,0,0,0,2.61951,-2.30447,3.29014,1.76473,0,0,0,0,1,0,0,0,0,0,0,0,0,0,0,0,0,0,0,0,0,0,0,0,0,0,0,0,0
0,0,0,0,0,-0,0,3.0057,2.03052,-2.12997,-2.68536e-05,-0.000181872,1.90721e-05,-0.000139664,-0.000976978,0.000128324,0,0,0,0,0,0,0,0,0,0,0,0,0,0,0,0,0,0,0,0,0,0,0,0,0,0,0,0,0,0,0,0,0,0,0,0,0,0,0,0,1.31397,1.52828,-1.0038,7.93401e-05,6.83546e-05,0.000332571,0.000280432,7.06673e-05,0.0012993,0,0,0,0,0,0,0,0,0,0,0,0,0,0,0,0,0,0,0,0,0,0,0,0,0,0,0,0,0,0,0,0,0,0,0,0,0,0,0,0,0,0,0,0,0,0,0,0,0,0,0,0,1,0,0,0,0,0,1.3304,-0.9969,1.1959,0,0,0,0,0,0,2.61951,-2.30447,3.29014,1.76471,0,0,0,0,1,0,0,0,0,0,0,0,0,0,0,0,0,0,0,0,0,0,0,0,0,0,0,0,0
0,0,0,0,0,-0,0,3.0057,2.03052,-2.12997,-2.68536e-05,-0.000181872,1.90721e-05,-0.000139664,-0.000976978,0.000128324,0,0,0,0,0,0,0,0,0,0,0,0,0,0,0,0,0,0,0,0,0,0,0,0,0,0,0,0,0,0,0,0,0,0,0,0,0,0,0,0,1.31397,1.52828,-1.0038,7.93401e-05,6.83546e-05,0.000332571,0.000280432,7.06673e-05,0.0012993,0,0,0,0,0,0,0,0,0,0,0,0,0,0,0,0,0,0,0,0,0,0,0,0,0,0,0,0,0,0,0,0,0,0,0,0,0,0,0,0,0,0,0,0,0,0,0,0,0,0,0,0,1,0,0,0,0,0,1.2606,-1.0667,1.1262,0,0,0,0,0,0,2.61951,-2.30447,3.29014,1.76471,0,0,0,0,1,0,0,0,0,0,0,0,0,0,0,0,0,0,0,0,0,0,0,0,0,0,0,0,0
0,0,0,0,0,-0,0,3.00571,2.03052,-2.13,1.46505e-05,-1.22088e-06,-0.000295681,6.2427e-05,-1.83751e-05,-0.00095624,0,0,0,0,0,0,0,0,0,0,0,0,0,0,0,0,0,0,0,0,0,0,0,0,0,0,0,0,0,0,0,0,0,0,0,0,0,0,0,0,1.31396,1.52825,-1.00383,-9.64491e-05,-0.000261267,-0.000356486,-0.000510062,-0.00135745,-0.00183478,0,0,0,0,0,0,0,0,0,0,0,0,0,0,0,0,0,0,0,0,0,0,0,0,0,0,0,0,0,0,0,0,0,0,0,0,0,0,0,0,0,0,0,0,0,0,0,0,0,0,0,0,1,0,0,0,0,0,1.2606,-1.0667,1.1262,0,0,0,0,0,0,2.49298,-2.19583,3.31527,1.76473,0,0,0,0,1,0,0,0,0,0,0,0,0,0,0,0,0,0,0,0,0,0,0,0,0,0,0,0,0
0,0,0,0,0,-0,0,3.00571,2.03052,-2.13,1.46505e-05,-1.22088e-06,-0.000295681,6.2427e-05,-1.83751e-05,-0.00095624,0,0,0,0,0,0,0,0,0,0,0,0,0,0,0,0,0,0,0,0,0,0,0,0,0,0,0,0,0,0,0,0,0,0,0,0,0,0,0,0,1.31396,1.52825,-1.00383,-9.64491e-05,-0.000261267,-0.000356486,-0.000510062,-0.00135745,-0.00183478,0,0,0,0,0,0,0,0,0,0,0,0,0,0,0,0,0,0,0,0,0,0,0,0,0,0,0,0,0,0,0,0,0,0,0,0,0,0,0,0,0,0,0,0,0,0,0,0,0,0,0,0,1,0,0,0,0,0,1.2606,-1.0667,1.1262,0,0,0,0,0,0,2.49298,-2.19583,3.31527,1.76473,0,0,0,0,1,0,0,0,0,0,0,0,0,0,0,0,0,0,0,0,0,0,0,0,0,0,0,0,0
0,0,0,0,0,-0,0,3.00571,2.03054,-2.12994,1.95192e-05,0.000140295,0.000605211,8.42968e-05,0.000684198,0.00287893,0,0,0,0,0,0,0,0,0,0,0,0,0,0,0,0,0,0,0,0,0,0,0,0,0,0,0,0,0,0,0,0,0,0,0,0,0,0,0,0,1.31396,1.52825,-1.00384,-1.09796e-05,1.95192e-05,-7.62471e-05,-7.17366e-05,0.000113589,-0.000406107,0,0,0,0,0,0,0,0,0,0,0,0,0,0,0,0,0,0,0,0,0,0,0,0,0,0,0,0,0,0,0,0,0,0,0,0,0,0,0,0,0,0,0,0,0,0,0,0,0,0,0,0,1,0,0,0,0,0,1.2606,-1.0667,1.1262,0,0,0,0,0,0,2.49298,-2.19583,3.31527,1.76473,0,0,0,0,1,0,0,0,0,0,0,0,0,0,0,0,0,0,0,0,0,0,0,0,0,0,0,0,0
0,0,0,0,0,-0,0,3.00571,2.03054,-2.12994,1.95192e-05,0.000140295,0.000605211,8.42968e-05,0.000684198,0.00287893,0,0,0,0,0,0,0,0,0,0,0,0,0,0,0,0,0,0,0,0,0,0,0,0,0,0,0,0,0,0,0,0,0,0,0,0,0,0,0,0,1.31396,1.52825,-1.00384,-1.09796e-05,1.95192e-05,-7.62471e-05,-7.17366e-05,0.000113589,-0.000406107,0,0,0,0,0,0,0,0,0,0,0,0,0,0,0,0,0,0,0,0,0,0,0,0,0,0,0,0,0,0,0,0,0,0,0,0,0,0,0,0,0,0,0,0,0,0,0,0,0,0,0,0,1,0,0,0,0,0,1.18,-1.1473,1.0455,0,0,0,0,0,0,2.49298,-2.19583,3.31527,1.76473,0,0,0,0,1,0,0,0,0,0,0,0,0,0,0,0,0,0,0,0,0,0,0,0,0,0,0,0,0
0,0,0,0,0,-0,0,3.00571,2.03052,-2.12998,4.88691e-06,-0.000174707,-0.000403266,-4.93534e-06,-0.000752945,-0.00178291,0,0,0,0,0,0,0,0,0,0,0,0,0,0,0,0,0,0,0,0,0,0,0,0,0,0,0,0,0,0,0,0,0,0,0,0,0,0,0,0,1.31397,1.52825,-1.00383,1.71042e-05,-6.59734e-05,0.000107379,0.000128485,-7.42911e-05,0.000683356,0,0,0,0,0,0,0,0,0,0,0,0,0,0,0,0,0,0,0,0,0,0,0,0,0,0,0,0,0,0,0,0,0,0,0,0,0,0,0,0,0,0,0,0,0,0,0,0,0,0,0,0,1,0,0,0,0,0,1.18,-1.1473,1.0455,0,0,0,0,0,0,2.75288,-2.42366,3.19114,1.76473,0,0,0,0,1,0,0,0,0,0,0,0,0,0,0,0,0,0,0,0,0,0,0,0,0,0,0,0,0
0,0,0,0,0,-0,0,3.00571,2.03052,-2.12998,4.88691e-06,-0.000174707,-0.000403266,-4.93534e-06,-0.000752945,-0.00178291,0,0,0,0,0,0,0,0,0,0,0,0,0,0,0,0,0,0,0,0,0,0,0,0,0,0,0,0,0,0,0,0,0,0,0,0,0,0,0,0,1.31397,1.52825,-1.00383,1.71042e-05,-6.59734e-05,0.000107379,0.000128485,-7.42911e-05,0.000683356,0,0,0,0,0,0,0,0,0,0,0,0,0,0,0,0,0,0,0,0,0,0,0,0,0,0,0,0,0,0,0,0,0,0,0,0,0,0,0,0,0,0,0,0,0,0,0,0,0,0,0,0,1,0,0,0,0,0,1.18,-1.1473,1.0455,0,0,0,0,0,0,2.75288,-2.42366,3.19114,1.76473,0,0,0,0,1,0,0,0,0,0,0,0,0,0,0,0,0,0,0,0,0,0,0,0,0,0,0,0,0
0,0,0,0,0,-0,0,3.00571,2.03051,-2.12996,-2.44085e-05,-5.24783e-05,0.000212144,-0.000132076,-0.000158617,0.000756796,0,0,0,0,0,0,0,0,0,0,0,0,0,0,0,0,0,0,0,0,0,0,0,0,0,0,0,0,0,0,0,0,0,0,0,0,0,0,0,0,1.31397,1.52826,-1.00383,6.10213e-06,0.000128145,-7.15093e-05,6.03166e-05,0.00070544,-0.00015682,0,0,0,0,0,0,0,0,0,0,0,0,0,0,0,0,0,0,0,0,0,0,0,0,0,0,0,0,0,0,0,0,0,0,0,0,0,0,0,0,0,0,0,0,0,0,0,0,0,0,0,0,1,0,0,0,0,0,1.18,-1.1473,1.0455,0,0,0,0,0,0,2.75288,-2.42366,3.19114,1.76472,0,0,0,0,1,0,0,0,0,0,0,0,0,0,0,0,0,0,0,0,0,0,0,0,0,0,0,0,0
0,0,0,0,0,-0,0,3.00571,2.03051,-2.12996,-2.44085e-05,-5.24783e-05,0.000212144,-0.000132076,-0.000158617,0.000756796,0,0,0,0,0,0,0,0,0,0,0,0,0,0,0,0,0,0,0,0,0,0,0,0,0,0,0,0,0,0,0,0,0,0,0,0,0,0,0,0,1.31397,1.52826,-1.00383,6.10213e-06,0.000128145,-7.15093e-05,6.03166e-05,0.00070544,-0.00015682,0,0,0,0,0,0,0,0,0,0,0,0,0,0,0,0,0,0,0,0,0,0,0,0,0,0,0,0,0,0,0,0,0,0,0,0,0,0,0,0,0,0,0,0,0,0,0,0,0,0,0,0,1,0,0,0,0,0,1.2483,-1.079,1.1139,0,0,0,0,0,0,2.75288,-2.42366,3.19114,1.76472,0,0,0,0,1,0,0,0,0,0,0,0,0,0,0,0,0,0,0,0,0,0,0,0,0,0,0,0,0
0,0,0,0,0,-0,0,3.0057,2.03053,-2.12996,-1.70935e-05,0.000141632,1.90775e-05,-6.72678e-05,0.000760971,2.67706e-05,0,0,0,0,0,0,0,0,0,0,0,0,0,0,0,0,0,0,0,0,0,0,0,0,0,0,0,0,0,0,0,0,0,0,0,0,0,0,0,0,1.31397,1.52827,-1.00381,2.68611e-05,0.000129421,0.000271854,0.000109919,0.000534145,0.00116407,0,0,0,0,0,0,0,0,0,0,0,0,0,0,0,0,0,0,0,0,0,0,0,0,0,0,0,0,0,0,0,0,0,0,0,0,0,0,0,0,0,0,0,0,0,0,0,0,0,0,0,0,1,0,0,0,0,0,1.2483,-1.079,1.1139,0,0,0,0,0,0,2.61749,-2.30069,3.27797,1.76472,0,0,0,0,1,0,0,0,0,0,0,0,0,0,0,0,0,0,0,0,0,0,0,0,0,0,0,0,0
0,0,0,0,0,-0,0,3.0057,2.03053,-2.12996,-1.70935e-05,0.000141632,1.90775e-05,-6.72678e-05,0.000760971,2.67706e-05,0,0,0,0,0,0,0,0,0,0,0,0,0,0,0,0,0,0,0,0,0,0,0,0,0,0,0,0,0,0,0,0,0,0,0,0,0,0,0,0,1.31397,1.52827,-1.00381,2.68611e-05,0.000129421,0.000271854,0.000109919,0.000534145,0.00116407,0,0,0,0,0,0,0,0,0,0,0,0,0,0,0,0,0,0,0,0,0,0,0,0,0,0,0,0,0,0,0,0,0,0,0,0,0,0,0,0,0,0,0,0,0,0,0,0,0,0,0,0,1,0,0,0,0,0,1.2483,-1.079,1.1139,0,0,0,0,0,0,2.61749,-2.30069,3.27797,1.76472,0,0,0,0,1,0,0,0,0,0,0,0,0,0,0,0,0,0,0,0,0,0,0,0,0,0,0,0,0
0,0,0,0,0,-0,0,3.0057,2.03052,-2.12997,-2.44136e-06,-8.7889e-05,-0.000114439,2.69106e-05,-0.000335667,-0.000616184,0,0,0,0,0,0,0,0,0,0,0,0,0,0,0,0,0,0,0,0,0,0,0,0,0,0,0,0,0,0,0,0,0,0,0,0,0,0,0,0,1.31396,1.52824,-1.00383,-6.22551e-05,-0.00030151,-0.00021219,-0.000283356,-0.00142425,-0.00105624,0,0,0,0,0,0,0,0,0,0,0,0,0,0,0,0,0,0,0,0,0,0,0,0,0,0,0,0,0,0,0,0,0,0,0,0,0,0,0,0,0,0,0,0,0,0,0,0,0,0,0,0,1,0,0,0,0,0,1.2483,-1.079,1.1139,0,0,0,0,0,0,2.61749,-2.30069,3.27797,1.76473,0,0,0,0,1,0,0,0,0,0,0,0,0,0,0,0,0,0,0,0,0,0,0,0,0,0,0,0,0
0,0,0,0,0,-0,0,3.0057,2.03052,-2.12997,-2.44136e-06,-8.7889e-05,-0.000114439,2.69106e-05,-0.000335667,-0.000616184,0,0,0,0,0,0,0,0,0,0,0,0,0,0,0,0,0,0,0,0,0,0,0,0,0,0,0,0,0,0,0,0,0,0,0,0,0,0,0,0,1.31396,1.52824,-1.00383,-6.22551e-05,-0.00030151,-0.00021219,-0.000283356,-0.00142425,-0.00105624,0,0,0,0,0,0,0,0,0,0,0,0,0,0,0,0,0,0,0,0,0,0,0,0,0,0,0,0,0,0,0,0,0,0,0,0,0,0,0,0,0,0,0,0,0,0,0,0,0,0,0,0,1,0,0,0,0,0,1.2899,-1.0374,1.1554,0,0,0,0,0,0,2.61749,-2.30069,3.27797,1.76473,0,0,0,0,1,0,0,0,0,0,0,0,0,0,0,0,0,0,0,0,0,0,0,0,0,0,0,0,0
0,0,0,0,0,-0,0,3.0057,2.03054,-2.1299,-2.19798e-05,0.000241778,0.000658249,-4.91543e-05,0.000967228,0.00263033,0,0,0,0,0,0,0,0,0,0,0,0,0,0,0,0,0,0,0,0,0,0,0,0,0,0,0,0,0,0,0,0,0,0,0,0,0,0,0,0,1.31396,1.52826,-1.00381,-1.2211e-06,0.000142869,0.000150252,2.05092e-05,0.000655344,0.000513433,0,0,0,0,0,0,0,0,0,0,0,0,0,0,0,0,0,0,0,0,0,0,0,0,0,0,0,0,0,0,0,0,0,0,0,0,0,0,0,0,0,0,0,0,0,0,0,0,0,0,0,0,1,0,0,0,0,0,1.2899,-1.0374,1.1554,0,0,0,0,0,0,2.60234,-2.28708,3.33133,1.76473,0,0,0,0,1,0,0,0,0,0,0,0,0,0,0,0,0,0,0,0,0,0,0,0,0,0,0,0,0
0,0,0,0,0,-0,0,3.0057,2.03054,-2.1299,-2.19798e-05,0.000241778,0.000658249,-4.91543e-05,0.000967228,0.00263033,0,0,0,0,0,0,0,0,0,0,0,0,0,0,0,0,0,0,0,0,0,0,0,0,0,0,0,0,0,0,0,0,0,0,0,0,0,0,0,0,1.31396,1.52826,-1.00381,-1.2211e-06,0.000142869,0.000150252,2.05092e-05,0.000655344,0.000513433,0,0,0,0,0,0,0,0,0,0,0,0,0,0,0,0,0,0,0,0,0,0,0,0,0,0,0,0,0,0,0,0,0,0,0,0,0,0,0,0,0,0,0,0,0,0,0,0,0,0,0,0,1,0,0,0,0,0,1.2899,-1.0374,1.1554,0,0,0,0,0,0,2.60234,-2.28708,3.33133,1.76473,0,0,0,0,1,0,0,0,0,0,0,0,0,0,0,0,0,0,0,0,0,0,0,0,0,0,0,0,0
0,0,0,0,0,-0,0,3.0057,2.03054,-2.12994,1.95326e-05,-8.42345e-05,-0.000395803,0.000126043,-0.000545314,-0.0021923,0,0,0,0,0,0,0,0,0,0,0,0,0,0,0,0,0,0,0,0,0,0,0,0,0,0,0,0,0,0,0,0,0,0,0,0,0,0,0,0,1.31396,1.52826,-1.00383,2.44158e-06,-3.66237e-06,-0.000139485,6.80771e-05,8.96091e-05,-0.000636828,0,0,0,0,0,0,0,0,0,0,0,0,0,0,0,0,0,0,0,0,0,0,0,0,0,0,0,0,0,0,0,0,0,0,0,0,0,0,0,0,0,0,0,0,0,0,0,0,0,0,0,0,1,0,0,0,0,0,1.2899,-1.0374,1.1554,0,0,0,0,0,0,2.60234,-2.28708,3.33133,1.76473,0,0,0,0,1,0,0,0,0,0,0,0,0,0,0,0,0,0,0,0,0,0,0,0,0,0,0,0,0
0,0,0,0,0,-0,0,3.0057,2.03054,-2.12994,1.95326e-05,-8.42345e-05,-0.000395803,0.000126043,-0.000545314,-0.0021923,0,0,0,0,0,0,0,0,0,0,0,0,0,0,0,0,0,0,0,0,0,0,0,0,0,0,0,0,0,0,0,0,0,0,0,0,0,0,0,0,1.31396,1.52826,-1.00383,2.44158e-06,-3.66237e-06,-0.000139485,6.80771e-05,8.96091e-05,-0.000636828,0,0,0,0,0,0,0,0,0,0,0,0,0,0,0,0,0,0,0,0,0,0,0,0,0,0,0,0,0,0,0,0,0,0,0,0,0,0,0,0,0,0,0,0,0,0,0,0,0,0,0,0,1,0,0,0,0,0,1.2606,-1.0668,1.1261,0,0,0,0,0,0,2.60234,-2.28708,3.33133,1.76473,0,0,0,0,1,0,0,0,0,0,0,0,0,0,0,0,0,0,0,0,0,0,0,0,0,0,0,0,0
0,0,0,0,0,-0,0,3.00571,2.03051,-2.12998,2.68569e-05,-0.000245375,-0.0003648,0.000128669,-0.00117611,-0.00184545,0,0,0,0,0,0,0,0,0,0,0,0,0,0,0,0,0,0,0,0,0,0,0,0,0,0,0,0,0,0,0,0,0,0,0,0,0,0,0,0,1.31396,1.52825,-1.00384,3.66231e-06,-9.15577e-05,-0.000106102,5.21973e-05,-0.000373999,-0.000404726,0,0,0,0,0,0,0,0,0,0,0,0,0,0,0,0,0,0,0,0,0,0,0,0,0,0,0,0,0,0,0,0,0,0,0,0,0,0,0,0,0,0,0,0,0,0,0,0,0,0,0,0,1,0,0,0,0,0,1.2606,-1.0668,1.1261,0,0,0,0,0,0,2.6185,-2.30365,3.22816,1.76473,0,0,0,0,1,0,0,0,0,0,0,0,0,0,0,0,0,0,0,0,0,0,0,0,0,0,0,0,0
0,0,0,0,0,-0,0,3.00571,2.03051,-2.12998,2.68569e-05,-0.000245375,-0.0003648,0.000128669,-0.00117611,-0.00184545,0,0,0,0,0,0,0,0,0,0,0,0,0,0,0,0,0,0,0,0,0,0,0,0,0,0,0,0,0,0,0,0,0,0,0,0,0,0,0,0,1.31396,1.52825,-1.00384,3.66231e-06,-9.15577e-05,-0.000106102,5.21973e-05,-0.000373999,-0.000404726,0,0,0,0,0,0,0,0,0,0,0,0,0,0,0,0,0,0,0,0,0,0,0,0,0,0,0,0,0,0,0,0,0,0,0,0,0,0,0,0,0,0,0,0,0,0,0,0,0,0,0,0,1,0,0,0,0,0,1.2606,-1.0668,1.1261,0,0,0,0,0,0,2.6185,-2.30365,3.22816,1.76473,0,0,0,0,1,0,0,0,0,0,0,0,0,0,0,0,0,0,0,0,0,0,0,0,0,0,0,0,0
0,0,0,0,0,-0,0,3.00571,2.03053,-2.12998,0,0.000179474,-2.14614e-05,-2.96983e-05,0.000905928,0.00031075,0,0,0,0,0,0,0,0,0,0,0,0,0,0,0,0,0,0,0,0,0,0,0,0,0,0,0,0,0,0,0,0,0,0,0,0,0,0,0,0,1.31397,1.52827,-1.00384,4.02903e-05,0.000203893,2.3846e-05,0.000175545,0.000893206,0.000307635,0,0,0,0,0,0,0,0,0,0,0,0,0,0,0,0,0,0,0,0,0,0,0,0,0,0,0,0,0,0,0,0,0,0,0,0,0,0,0,0,0,0,0,0,0,0,0,0,0,0,0,0,1,0,0,0,0,0,1.2606,-1.0668,1.1261,0,0,0,0,0,0,2.6185,-2.30365,3.22816,1.76472,0,0,0,0,1,0,0,0,0,0,0,0,0,0,0,0,0,0,0,0,0,0,0,0,0,0,0,0,0
0,0,0,0,0,-0,0,3.00571,2.03053,-2.12998,0,0.000179474,-2.14614e-05,-2.96983e-05,0.000905928,0.00031075,0,0,0,0,0,0,0,0,0,0,0,0,0,0,0,0,0,0,0,0,0,0,0,0,0,0,0,0,0,0,0,0,0,0,0,0,0,0,0,0,1.31397,1.52827,-1.00384,4.02903e-05,0.000203893,2.3846e-05,0.000175545,0.000893206,0.000307635,0,0,0,0,0,0,0,0,0,0,0,0,0,0,0,0,0,0,0,0,0,0,0,0,0,0,0,0,0,0,0,0,0,0,0,0,0,0,0,0,0,0,0,0,0,0,0,0,0,0,0,0,1,0,0,0,0,0,1.3109,-1.0164,1.1764,0,0,0,0,0,0,2.6185,-2.30365,3.22816,1.76472,0,0,0,0,1,0,0,0,0,0,0,0,0,0,0,0,0,0,0,0,0,0,0,0,0,0,0,0,0
0,0,0,0,0,-0,0,3.0057,2.03054,-2.12996,-2.92703e-05,0.000124399,0.000195326,-0.000156233,0.000605765,0.00134464,0,0,0,0,0,0,0,0,0,0,0,0,0,0,0,0,0,0,0,0,0,0,0,0,0,0,0,0,0,0,0,0,0,0,0,0,0,0,0,0,1.31397,1.52828,-1.0038,4.5125e-05,9.14695e-05,0.00038946,0.000141456,0.000258713,0.00174224,0,0,0,0,0,0,0,0,0,0,0,0,0,0,0,0,0,0,0,0,0,0,0,0,0,0,0,0,0,0,0,0,0,0,0,0,0,0,0,0,0,0,0,0,0,0,0,0,0,0,0,0,1,0,0,0,0,0,1.3109,-1.0164,1.1764,0,0,0,0,0,0,2.67329,-2.35141,3.20888,1.76472,0,0,0,0,1,0,0,0,0,0,0,0,0,0,0,0,0,0,0,0,0,0,0,0,0,0,0,0,0
0,0,0,0,0,-0,0,3.0057,2.03054,-2.12996,-2.92703e-05,0.000124399,0.000195326,-0.000156233,0.000605765,0.00134464,0,0,0,0,0,0,0,0,0,0,0,0,0,0,0,0,0,0,0,0,0,0,0,0,0,0,0,0,0,0,0,0,0,0,0,0,0,0,0,0,1.31397,1.52828,-1.0038,4.5125e-05,9.14695e-05,0.00038946,0.000141456,0.000258713,0.00174224,0,0,0,0,0,0,0,0,0,0,0,0,0,0,0,0,0,0,0,0,0,0,0,0,0,0,0,0,0,0,0,0,0,0,0,0,0,0,0,0,0,0,0,0,0,0,0,0,0,0,0,0,1,0,0,0,0,0,1.3109,-1.0164,1.1764,0,0,0,0,0,0,2.67329,-2.35141,3.20888,1.76472,0,0,0,0,1,0,0,0,0,0,0,0,0,0,0,0,0,0,0,0,0,0,0,0,0,0,0,0,0
0,0,0,0,0,-0,0,3.0057,2.03053,-2.12995,9.7753e-06,-0.000133188,0.000147966,4.51633e-05,-0.000706431,0.000757412,0,0,0,0,0,0,0,0,0,0,0,0,0,0,0,0,0,0,0,0,0,0,0,0,0,0,0,0,0,0,0,0,0,0,0,0,0,0,0,0,1.31396,1.52824,-1.00384,-8.06462e-05,-0.000316475,-0.000384234,-0.00042232,-0.00156068,-0.00185215,0,0,0,0,0,0,0,0,0,0,0,0,0,0,0,0,0,0,0,0,0,0,0,0,0,0,0,0,0,0,0,0,0,0,0,0,0,0,0,0,0,0,0,0,0,0,0,0,0,0,0,0,1,0,0,0,0,0,1.3109,-1.0164,1.1764,0,0,0,0,0,0,2.67329,-2.35141,3.20888,1.76473,0,0,0,0,1,0,0,0,0,0,0,0,0,0,0,0,0,0,0,0,0,0,0,0,0,0,0,0,0
0,0,0,0,0,-0,0,3.0057,2.03053,-2.12995,9.7753e-06,-0.000133188,0.000147966,4.51633e-05,-0.000706431,0.000757412,0,0,0,0,0,0,0,0,0,0,0,0,0,0,0,0,0,0,0,0,0,0,0,0,0,0,0,0,0,0,0,0,0,0,0,0,0,0,0,0,1.31396,1.52824,-1.00384,-8.06462e-05,-0.000316475,-0.000384234,-0.00042232,-0.00156068,-0.00185215,0,0,0,0,0,0,0,0,0,0,0,0,0,0,0,0,0,0,0,0,0,0,0,0,0,0,0,0,0,0,0,0,0,0,0,0,0,0,0,0,0,0,0,0,0,0,0,0,0,0,0,0,1,0,0,0,0,0,1.2606,-1.0668,1.1261,0,0,0,0,0,0,2.67329,-2.35141,3.20888,1.76473,0,0,0,0,1,0,0,0,0,0,0,0,0,0,0,0,0,0,0,0,0,0,0,0,0,0,0,0,0
0,0,0,0,0,-0,0,3.00571,2.03052,-2.12998,3.90015e-05,-9.26287e-05,-0.00035707,0.000171194,-0.000439995,-0.00164245,0,0,0,0,0,0,0,0,0,0,0,0,0,0,0,0,0,0,0,0,0,0,0,0,0,0,0,0,0,0,0,0,0,0,0,0,0,0,0,0,1.31396,1.52824,-1.00383,-3.04699e-05,6.09398e-06,7.02237e-05,-0.000129587,0.000104823,0.00021672,0,0,0,0,0,0,0,0,0,0,0,0,0,0,0,0,0,0,0,0,0,0,0,0,0,0,0,0,0,0,0,0,0,0,0,0,0,0,0,0,0,0,0,0,0,0,0,0,0,0,0,0,1,0,0,0,0,0,1.2606,-1.0668,1.1261,0,0,0,0,0,0,2.61803,-2.29763,3.29613,1.76473,0,0,0,0,1,0,0,0,0,0,0,0,0,0,0,0,0,0,0,0,0,0,0,0,0,0,0,0,0
0,0,0,0,0,-0,0,3.00571,2.03052,-2.12998,3.90015e-05,-9.26287e-05,-0.00035707,0.000171194,-0.000439995,-0.00164245,0,0,0,0,0,0,0,0,0,0,0,0,0,0,0,0,0,0,0,0,0,0,0,0,0,0,0,0,0,0,0,0,0,0,0,0,0,0,0,0,1.31396,1.52824,-1.00383,-3.04699e-05,6.09398e-06,7.02237e-05,-0.000129587,0.000104823,0.00021672,0,0,0,0,0,0,0,0,0,0,0,0,0,0,0,0,0,0,0,0,0,0,0,0,0,0,0,0,0,0,0,0,0,0,0,0,0,0,0,0,0,0,0,0,0,0,0,0,0,0,0,0,1,0,0,0,0,0,1.2606,-1.0668,1.1261,0,0,0,0,0,0,2.61803,-2.29763,3.29613,1.76473,0,0,0,0,1,0,0,0,0,0,0,0,0,0,0,0,0,0,0,0,0,0,0,0,0,0,0,0,0
0,0,0,0,0,-0,0,3.0057,2.03052,-2.12995,-3.91082e-05,0,0.000295985,-0.000192436,0.000142565,0.00129992,0,0,0,0,0,0,0,0,0,0,0,0,0,0,0,0,0,0,0,0,0,0,0,0,0,0,0,0,0,0,0,0,0,0,0,0,0,0,0,0,1.31397,1.52825,-1.00383,6.96614e-05,1.09992e-05,3.10306e-05,0.00036208,0.000308175,0.000253401,0,0,0,0,0,0,0,0,0,0,0,0,0,0,0,0,0,0,0,0,0,0,0,0,0,0,0,0,0,0,0,0,0,0,0,0,0,0,0,0,0,0,0,0,0,0,0,0,0,0,0,0,1,0,0,0,0,0,1.2606,-1.0668,1.1261,0,0,0,0,0,0,2.61803,-2.29763,3.29613,1.76472,0,0,0,0,1,0,0,0,0,0,0,0,0,0,0,0,0,0,0,0,0,0,0,0,0,0,0,0,0
0,0,0,0,0,-0,0,3.0057,2.03052,-2.12995,-3.91082e-05,0,0.000295985,-0.000192436,0.000142565,0.00129992,0,0,0,0,0,0,0,0,0,0,0,0,0,0,0,0,0,0,0,0,0,0,0,0,0,0,0,0,0,0,0,0,0,0,0,0,0,0,0,0,1.31397,1.52825,-1.00383,6.96614e-05,1.09992e-05,3.10306e-05,0.00036208,0.000308175,0.000253401,0,0,0,0,0,0,0,0,0,0,0,0,0,0,0,0,0,0,0,0,0,0,0,0,0,0,0,0,0,0,0,0,0,0,0,0,0,0,0,0,0,0,0,0,0,0,0,0,0,0,0,0,1,0,0,0,0,0,1.3235,-1.0038,1.189,0,0,0,0,0,0,2.61803,-2.29763,3.29613,1.76472,0,0,0,0,1,0,0,0,0,0,0,0,0,0,0,0,0,0,0,0,0,0,0,0,0,0,0,0,0
0,0,0,0,0,-0,0,3.0057,2.03053,-2.12996,-2.436e-06,0.000107184,-9.03984e-05,-1.82827e-05,0.000592622,-0.000364866,0,0,0,0,0,0,0,0,0,0,0,0,0,0,0,0,0,0,0,0,0,0,0,0,0,0,0,0,0,0,0,0,0,0,0,0,0,0,0,0,1.31396,1.52825,-1.00383,-2.436e-05,4.6284e-05,-1.3084e-05,-9.16385e-05,0.000353473,-1.91009e-05,0,0,0,0,0,0,0,0,0,0,0,0,0,0,0,0,0,0,0,0,0,0,0,0,0,0,0,0,0,0,0,0,0,0,0,0,0,0,0,0,0,0,0,0,0,0,0,0,0,0,0,0,1,0,0,0,0,0,1.3235,-1.0038,1.189,0,0,0,0,0,0,2.47839,-2.17834,3.27936,1.76473,0,0,0,0,1,0,0,0,0,0,0,0,0,0,0,0,0,0,0,0,0,0,0,0,0,0,0,0,0
0,0,0,0,0,-0,0,3.0057,2.03053,-2.12996,-2.436e-06,0.000107184,-9.03984e-05,-1.82827e-05,0.000592622,-0.000364866,0,0,0,0,0,0,0,0,0,0,0,0,0,0,0,0,0,0,0,0,0,0,0,0,0,0,0,0,0,0,0,0,0,0,0,0,0,0,0,0,1.31396,1.52825,-1.00383,-2.436e-05,4.6284e-05,-1.3084e-05,-9.16385e-05,0.000353473,-1.91009e-05,0,0,0,0,0,0,0,0,0,0,0,0,0,0,0,0,0,0,0,0,0,0,0,0,0,0,0,0,0,0,0,0,0,0,0,0,0,0,0,0,0,0,0,0,0,0,0,0,0,0,0,0,1,0,0,0,0,0,1.3235,-1.0038,1.189,0,0,0,0,0,0,2.47839,-2.17834,3.27936,1.76473,0,0,0,0,1,0,0,0,0,0,0,0,0,0,0,0,0,0,0,0,0,0,0,0,0,0,0,0,0
0,0,0,0,0,-0,0,3.00571,2.03053,-2.12993,1.71373e-05,1.71373e-05,0.000329931,9.08228e-05,5.62036e-05,0.00123493,0,0,0,0,0,0,0,0,0,0,0,0,0,0,0,0,0,0,0,0,0,0,0,0,0,0,0,0,0,0,0,0,0,0,0,0,0,0,0,0,1.31396,1.52827,-1.00383,-4.89639e-06,0.000190959,-3.2276e-05,-3.8543e-05,0.000795812,-0.000124915,0,0,0,0,0,0,0,0,0,0,0,0,0,0,0,0,0,0,0,0,0,0,0,0,0,0,0,0,0,0,0,0,0,0,0,0,0,0,0,0,0,0,0,0,0,0,0,0,0,0,0,0,1,0,0,0,0,0,1.3235,-1.0038,1.189,0,0,0,0,0,0,2.47839,-2.17834,3.27936,1.76472,0,0,0,0,1,0,0,0,0,0,0,0,0,0,0,0,0,0,0,0,0,0,0,0,0,0,0,0,0
0,0,0,0,0,-0,0,3.00571,2.03053,-2.12993,1.71373e-05,1.71373e-05,0.000329931,9.08228e-05,5.62036e-05,0.00123493,0,0,0,0,0,0,0,0,0,0,0,0,0,0,0,0,0,0,0,0,0,0,0,0,0,0,0,0,0,0,0,0,0,0,0,0,0,0,0,0,1.31396,1.52827,-1.00383,-4.89639e-06,0.000190959,-3.2276e-05,-3.8543e-05,0.000795812,-0.000124915,0,0,0,0,0,0,0,0,0,0,0,0,0,0,0,0,0,0,0,0,0,0,0,0,0,0,0,0,0,0,0,0,0,0,0,0,0,0,0,0,0,0,0,0,0,0,0,0,0,0,0,0,1,0,0,0,0,0,1.2309,-1.0964,1.0964,0,0,0,0,0,0,2.47839,-2.17834,3.27936,1.76472,0,0,0,0,1,0,0,0,0,0,0,0,0,0,0,0,0,0,0,0,0,0,0,0,0,0,0,0,0
0,0,0,0,0,-0,0,3.00571,2.03052,-2.12995,3.9067e-05,-0.000125747,-0.000209833,0.000157073,-0.000609413,-0.00119573,0,0,0,0,0,0,0,0,0,0,0,0,0,0,0,0,0,0,0,0,0,0,0,0,0,0,0,0,0,0,0,0,0,0,0,0,0,0,0,0,1.31397,1.52827,-1.0038,8.42383e-05,-9.76676e-06,0.000287328,0.000340126,-0.000262439,0.0011874,0,0,0,0,0,0,0,0,0,0,0,0,0,0,0,0,0,0,0,0,0,0,0,0,0,0,0,0,0,0,0,0,0,0,0,0,0,0,0,0,0,0,0,0,0,0,0,0,0,0,0,0,1,0,0,0,0,0,1.2309,-1.0964,1.0964,0,0,0,0,0,0,2.64379,-2.32449,3.26477,1.76472,0,0,0,0,1,0,0,0,0,0,0,0,0,0,0,0,0,0,0,0,0,0,0,0,0,0,0,0,0
0,0,0,0,0,-0,0,3.00571,2.03052,-2.12995,3.9067e-05,-0.000125747,-0.000209833,0.000157073,-0.000609413,-0.00119573,0,0,0,0,0,0,0,0,0,0,0,0,0,0,0,0,0,0,0,0,0,0,0,0,0,0,0,0,0,0,0,0,0,0,0,0,0,0,0,0,1.31397,1.52827,-1.0038,8.42383e-05,-9.76676e-06,0.000287328,0.000340126,-0.000262439,0.0011874,0,0,0,0,0,0,0,0,0,0,0,0,0,0,0,0,0,0,0,0,0,0,0,0,0,0,0,0,0,0,0,0,0,0,0,0,0,0,0,0,0,0,0,0,0,0,0,0,0,0,0,0,1,0,0,0,0,0,1.2309,-1.0964,1.0964,0,0,0,0,0,0,2.64379,-2.32449,3.26477,1.76472,0,0,0,0,1,0,0,0,0,0,0,0,0,0,0,0,0,0,0,0,0,0,0,0,0,0,0,0,0
0,0,0,0,0,-0,0,3.00571,2.03053,-2.12997,-3.9058e-05,8.29983e-05,-0.000231239,-0.000208932,0.000377936,-0.00113356,0,0,0,0,0,0,0,0,0,0,0,0,0,0,0,0,0,0,0,0,0,0,0,0,0,0,0,0,0,0,0,0,0,0,0,0,0,0,0,0,1.31396,1.52825,-1.00384,-0.000125718,-0.000190407,-0.000386193,-0.00058342,-0.00102327,-0.0018005,0,0,0,0,0,0,0,0,0,0,0,0,0,0,0,0,0,0,0,0,0,0,0,0,0,0,0,0,0,0,0,0,0,0,0,0,0,0,0,0,0,0,0,0,0,0,0,0,0,0,0,0,1,0,0,0,0,0,1.2309,-1.0964,1.0964,0,0,0,0,0,0,2.64379,-2.32449,3.26477,1.76473,0,0,0,0,1,0,0,0,0,0,0,0,0,0,0,0,0,0,0,0,0,0,0,0,0,0,0,0,0
0,0,0,0,0,-0,0,3.00571,2.03053,-2.12997,-3.9058e-05,8.29983e-05,-0.000231239,-0.000208932,0.000377936,-0.00113356,0,0,0,0,0,0,0,0,0,0,0,0,0,0,0,0,0,0,0,0,0,0,0,0,0,0,0,0,0,0,0,0,0,0,0,0,0,0,0,0,1.31396,1.52825,-1.00384,-0.000125718,-0.000190407,-0.000386193,-0.00058342,-0.00102327,-0.0018005,0,0,0,0,0,0,0,0,0,0,0,0,0,0,0,0,0,0,0,0,0,0,0,0,0,0,0,0,0,0,0,0,0,0,0,0,0,0,0,0,0,0,0,0,0,0,0,0,0,0,0,0,1,0,0,0,0,0,1.2606,-1.0668,1.1261,0,0,0,0,0,0,2.64379,-2.32449,3.26477,1.76473,0,0,0,0,1,0,0,0,0,0,0,0,0,0,0,0,0,0,0,0,0,0,0,0,0,0,0,0,0
0,0,0,0,0,-0,0,3.0057,2.03054,-2.12994,-1.46499e-05,9.64452e-05,0.000340973,-7.74416e-05,0.000414253,0.0016143,0,0,0,0,0,0,0,0,0,0,0,0,0,0,0,0,0,0,0,0,0,0,0,0,0,0,0,0,0,0,0,0,0,0,0,0,0,0,0,0,1.31396,1.52825,-1.00383,3.78456e-05,-4.15081e-05,6.08029e-05,0.000178308,-0.000122325,0.00030077,0,0,0,0,0,0,0,0,0,0,0,0,0,0,0,0,0,0,0,0,0,0,0,0,0,0,0,0,0,0,0,0,0,0,0,0,0,0,0,0,0,0,0,0,0,0,0,0,0,0,0,0,1,0,0,0,0,0,1.2606,-1.0668,1.1261,0,0,0,0,0,0,2.77423,-2.43932,3.2044,1.76473,0,0,0,0,1,0,0,0,0,0,0,0,0,0,0,0,0,0,0,0,0,0,0,0,0,0,0,0,0
0,0,0,0,0,-0,0,3.0057,2.03054,-2.12994,-1.46499e-05,9.64452e-05,0.000340973,-7.74416e-05,0.000414253,0.0016143,0,0,0,0,0,0,0,0,0,0,0,0,0,0,0,0,0,0,0,0,0,0,0,0,0,0,0,0,0,0,0,0,0,0,0,0,0,0,0,0,1.31396,1.52825,-1.00383,3.78456e-05,-4.15081e-05,6.08029e-05,0.000178308,-0.000122325,0.00030077,0,0,0,0,0,0,0,0,0,0,0,0,0,0,0,0,0,0,0,0,0,0,0,0,0,0,0,0,0,0,0,0,0,0,0,0,0,0,0,0,0,0,0,0,0,0,0,0,0,0,0,0,1,0,0,0,0,0,1.2606,-1.0668,1.1261,0,0,0,0,0,0,2.77423,-2.43932,3.2044,1.76473,0,0,0,0,1,0,0,0,0,0,0,0,0,0,0,0,0,0,0,0,0,0,0,0,0,0,0,0,0
0,0,0,0,0,-0,0,3.00571,2.03053,-2.12997,1.46495e-05,-7.5689e-05,-0.000276585,8.83614e-05,-0.000434121,-0.00112635,0,0,0,0,0,0,0,0,0,0,0,0,0,0,0,0,0,0,0,0,0,0,0,0,0,0,0,0,0,0,0,0,0,0,0,0,0,0,0,0,1.31396,1.52825,-1.00382,6.10394e-06,1.46495e-05,0.0001371,8.33195e-05,0.000272841,0.000769815,0,0,0,0,0,0,0,0,0,0,0,0,0,0,0,0,0,0,0,0,0,0,0,0,0,0,0,0,0,0,0,0,0,0,0,0,0,0,0,0,0,0,0,0,0,0,0,0,0,0,0,0,1,0,0,0,0,0,1.2606,-1.0668,1.1261,0,0,0,0,0,0,2.77423,-2.43932,3.2044,1.76473,0,0,0,0,1,0,0,0,0,0,0,0,0,0,0,0,0,0,0,0,0,0,0,0,0,0,0,0,0
0,0,0,0,0,-0,0,3.00571,2.03053,-2.12997,1.46495e-05,-7.5689e-05,-0.000276585,8.83614e-05,-0.000434121,-0.00112635,0,0,0,0,0,0,0,0,0,0,0,0,0,0,0,0,0,0,0,0,0,0,0,0,0,0,0,0,0,0,0,0,0,0,0,0,0,0,0,0,1.31396,1.52825,-1.00382,6.10394e-06,1.46495e-05,0.0001371,8.33195e-05,0.000272841,0.000769815,0,0,0,0,0,0,0,0,0,0,0,0,0,0,0,0,0,0,0,0,0,0,0,0,0,0,0,0,0,0,0,0,0,0,0,0,0,0,0,0,0,0,0,0,0,0,0,0,0,0,0,0,1,0,0,0,0,0,1.1714,-1.156,1.0369,0,0,0,0,0,0,2.77423,-2.43932,3.2044,1.76473,0,0,0,0,1,0,0,0,0,0,0,0,0,0,0,0,0,0,0,0,0,0,0,0,0,0,0,0,0
0,0,0,0,0,-0,0,3.0057,2.03054,-2.12994,-1.46541e-05,0.000107463,0.000262361,-4.15822e-05,0.00035628,0.0011061,0,0,0,0,0,0,0,0,0,0,0,0,0,0,0,0,0,0,0,0,0,0,0,0,0,0,0,0,0,0,0,0,0,0,0,0,0,0,0,0,1.31397,1.52826,-1.00382,3.05293e-05,8.54821e-05,-3.33915e-05,0.000134766,0.000500346,-0.000155482,0,0,0,0,0,0,0,0,0,0,0,0,0,0,0,0,0,0,0,0,0,0,0,0,0,0,0,0,0,0,0,0,0,0,0,0,0,0,0,0,0,0,0,0,0,0,0,0,0,0,0,0,1,0,0,0,0,0,1.1714,-1.156,1.0369,0,0,0,0,0,0,2.64799,-2.32761,3.25757,1.76473,0,0,0,0,1,0,0,0,0,0,0,0,0,0,0,0,0,0,0,0,0,0,0,0,0,0,0,0,0
0,0,0,0,0,-0,0,3.0057,2.03054,-2.12994,-1.46541e-05,0.000107463,0.000262361,-4.15822e-05,0.00035628,0.0011061,0,0,0,0,0,0,0,0,0,0,0,0,0,0,0,0,0,0,0,0,0,0,0,0,0,0,0,0,0,0,0,0,0,0,0,0,0,0,0,0,1.31397,1.52826,-1.00382,3.05293e-05,8.54821e-05,-3.33915e-05,0.000134766,0.000500346,-0.000155482,0,0,0,0,0,0,0,0,0,0,0,0,0,0,0,0,0,0,0,0,0,0,0,0,0,0,0,0,0,0,0,0,0,0,0,0,0,0,0,0,0,0,0,0,0,0,0,0,0,0,0,0,1,0,0,0,0,0,1.1714,-1.156,1.0369,0,0,0,0,0,0,2.64799,-2.32761,3.25757,1.76473,0,0,0,0,1,0,0,0,0,0,0,0,0,0,0,0,0,0,0,0,0,0,0,0,0,0,0,0,0
0,0,0,0,0,-0,0,3.0057,2.03054,-2.12995,-1.46456e-05,-2.07479e-05,-0.000145407,-4.25413e-05,-0.00019127,-0.00066274,0,0,0,0,0,0,0,0,0,0,0,0,0,0,0,0,0,0,0,0,0,0,0,0,0,0,0,0,0,0,0,0,0,0,0,0,0,0,0,0,1.31397,1.52827,-1.00379,4.63779e-05,0.000124488,0.000328955,0.00015125,0.000487193,0.00122925,0,0,0,0,0,0,0,0,0,0,0,0,0,0,0,0,0,0,0,0,0,0,0,0,0,0,0,0,0,0,0,0,0,0,0,0,0,0,0,0,0,0,0,0,0,0,0,0,0,0,0,0,1,0,0,0,0,0,1.1714,-1.156,1.0369,0,0,0,0,0,0,2.64799,-2.32761,3.25757,1.76472,0,0,0,0,1,0,0,0,0,0,0,0,0,0,0,0,0,0,0,0,0,0,0,0,0,0,0,0,0
0,0,0,0,0,-0,0,3.0057,2.03054,-2.12995,-1.46456e-05,-2.07479e-05,-0.000145407,-4.25413e-05,-0.00019127,-0.00066274,0,0,0,0,0,0,0,0,0,0,0,0,0,0,0,0,0,0,0,0,0,0,0,0,0,0,0,0,0,0,0,0,0,0,0,0,0,0,0,0,1.31397,1.52827,-1.00379,4.63779e-05,0.000124488,0.000328955,0.00015125,0.000487193,0.00122925,0,0,0,0,0,0,0,0,0,0,0,0,0,0,0,0,0,0,0,0,0,0,0,0,0,0,0,0,0,0,0,0,0,0,0,0,0,0,0,0,0,0,0,0,0,0,0,0,0,0,0,0,1,0,0,0,0,0,1.2743,-1.053,1.1399,0,0,0,0,0,0,2.64799,-2.32761,3.25757,1.76472,0,0,0,0,1,0,0,0,0,0,0,0,0,0,0,0,0,0,0,0,0,0,0,0,0,0,0,0,0
0,0,0,0,0,-0,0,3.0057,2.03054,-2.12996,2.44227e-05,4.27397e-05,-0.000107326,0.000130444,6.46913e-05,-0.000485136,0,0,0,0,0,0,0,0,0,0,0,0,0,0,0,0,0,0,0,0,0,0,0,0,0,0,0,0,0,0,0,0,0,0,0,0,0,0,0,0,1.31396,1.52825,-1.00382,-8.91427e-05,-0.000142873,-0.000321978,-0.000448487,-0.000777649,-0.00167563,0,0,0,0,0,0,0,0,0,0,0,0,0,0,0,0,0,0,0,0,0,0,0,0,0,0,0,0,0,0,0,0,0,0,0,0,0,0,0,0,0,0,0,0,0,0,0,0,0,0,0,0,1,0,0,0,0,0,1.2743,-1.053,1.1399,0,0,0,0,0,0,2.57071,-2.26259,3.22944,1.76473,0,0,0,0,1,0,0,0,0,0,0,0,0,0,0,0,0,0,0,0,0,0,0,0,0,0,0,0,0
0,0,0,0,0,-0,0,3.0057,2.03054,-2.12996,2.44227e-05,4.27397e-05,-0.000107326,0.000130444,6.46913e-05,-0.000485136,0,0,0,0,0,0,0,0,0,0,0,0,0,0,0,0,0,0,0,0,0,0,0,0,0,0,0,0,0,0,0,0,0,0,0,0,0,0,0,0,1.31396,1.52825,-1.00382,-8.91427e-05,-0.000142873,-0.000321978,-0.000448487,-0.000777649,-0.00167563,0,0,0,0,0,0,0,0,0,0,0,0,0,0,0,0,0,0,0,0,0,0,0,0,0,0,0,0,0,0,0,0,0,0,0,0,0,0,0,0,0,0,0,0,0,0,0,0,0,0,0,0,1,0,0,0,0,0,1.2743,-1.053,1.1399,0,0,0,0,0,0,2.57071,-2.26259,3.22944,1.76473,0,0,0,0,1,0,0,0,0,0,0,0,0,0,0,0,0,0,0,0,0,0,0,0,0,0,0,0,0
0,0,0,0,0,-0,0,3.0057,2.03055,-2.12991,-6.10079e-05,8.05305e-05,0.000548118,-0.000239622,0.000224561,0.00235177,0,0,0,0,0,0,0,0,0,0,0,0,0,0,0,0,0,0,0,0,0,0,0,0,0,0,0,0,0,0,0,0,0,0,0,0,0,0,0,0,1.31396,1.52825,-1.00383,1.46419e-05,-5.24667e-05,-5.83864e-05,6.41692e-05,-0.000276996,-0.000346266,0,0,0,0,0,0,0,0,0,0,0,0,0,0,0,0,0,0,0,0,0,0,0,0,0,0,0,0,0,0,0,0,0,0,0,0,0,0,0,0,0,0,0,0,0,0,0,0,0,0,0,0,1,0,0,0,0,0,1.2743,-1.053,1.1399,0,0,0,0,0,0,2.57071,-2.26259,3.22944,1.76473,0,0,0,0,1,0,0,0,0,0,0,0,0,0,0,0,0,0,0,0,0,0,0,0,0,0,0,0,0
0,0,0,0,0,-0,0,3.0057,2.03055,-2.12991,-6.10079e-05,8.05305e-05,0.000548118,-0.000239622,0.000224561,0.00235177,0,0,0,0,0,0,0,0,0,0,0,0,0,0,0,0,0,0,0,0,0,0,0,0,0,0,0,0,0,0,0,0,0,0,0,0,0,0,0,0,1.31396,1.52825,-1.00383,1.46419e-05,-5.24667e-05,-5.83864e-05,6.41692e-05,-0.000276996,-0.000346266,0,0,0,0,0,0,0,0,0,0,0,0,0,0,0,0,0,0,0,0,0,0,0,0,0,0,0,0,0,0,0,0,0,0,0,0,0,0,0,0,0,0,0,0,0,0,0,0,0,0,0,0,1,0,0,0,0,0,1.2662,-1.0611,1.1318,0,0,0,0,0,0,2.57071,-2.26259,3.22944,1.76473,0,0,0,0,1,0,0,0,0,0,0,0,0,0,0,0,0,0,0,0,0,0,0,0,0,0,0,0,0
0,0,0,0,0,-0,0,3.00571,2.03052,-2.12995,8.30394e-05,-0.000290638,-0.000448397,0.000381682,-0.00132669,-0.00218649,0,0,0,0,0,0,0,0,0,0,0,0,0,0,0,0,0,0,0,0,0,0,0,0,0,0,0,0,0,0,0,0,0,0,0,0,0,0,0,0,1.31396,1.52824,-1.00383,-2.07598e-05,-4.27409e-05,-2.02733e-05,-3.3536e-05,-5.95694e-05,0.000124473,0,0,0,0,0,0,0,0,0,0,0,0,0,0,0,0,0,0,0,0,0,0,0,0,0,0,0,0,0,0,0,0,0,0,0,0,0,0,0,0,0,0,0,0,0,0,0,0,0,0,0,0,1,0,0,0,0,0,1.2662,-1.0611,1.1318,0,0,0,0,0,0,2.64733,-2.32626,3.29629,1.76473,0,0,0,0,1,0,0,0,0,0,0,0,0,0,0,0,0,0,0,0,0,0,0,0,0,0,0,0,0
0,0,0,0,0,-0,0,3.00571,2.03052,-2.12995,8.30394e-05,-0.000290638,-0.000448397,0.000381682,-0.00132669,-0.00218649,0,0,0,0,0,0,0,0,0,0,0,0,0,0,0,0,0,0,0,0,0,0,0,0,0,0,0,0,0,0,0,0,0,0,0,0,0,0,0,0,1.31396,1.52824,-1.00383,-2.07598e-05,-4.27409e-05,-2.02733e-05,-3.3536e-05,-5.95694e-05,0.000124473,0,0,0,0,0,0,0,0,0,0,0,0,0,0,0,0,0,0,0,0,0,0,0,0,0,0,0,0,0,0,0,0,0,0,0,0,0,0,0,0,0,0,0,0,0,0,0,0,0,0,0,0,1,0,0,0,0,0,1.2662,-1.0611,1.1318,0,0,0,0,0,0,2.64733,-2.32626,3.29629,1.76473,0,0,0,0,1,0,0,0,0,0,0,0,0,0,0,0,0,0,0,0,0,0,0,0,0,0,0,0,0
0,0,0,0,0,-0,0,3.0057,2.03053,-2.12995,-2.9296e-05,5.61506e-05,6.4371e-05,-0.000135526,0.000378824,0.000121528,0,0,0,0,0,0,0,0,0,0,0,0,0,0,0,0,0,0,0,0,0,0,0,0,0,0,0,0,0,0,0,0,0,0,0,0,0,0,0,0,1.31396,1.52826,-1.00382,0,0.000137936,8.22521e-05,4.95685e-05,0.000715713,0.000548175,0,0,0,0,0,0,0,0,0,0,0,0,0,0,0,0,0,0,0,0,0,0,0,0,0,0,0,0,0,0,0,0,0,0,0,0,0,0,0,0,0,0,0,0,0,0,0,0,0,0,0,0,1,0,0,0,0,0,1.2662,-1.0611,1.1318,0,0,0,0,0,0,2.64733,-2.32626,3.29629,1.76473,0,0,0,0,1,0,0,0,0,0,0,0,0,0,0,0,0,0,0,0,0,0,0,0,0,0,0,0,0
0,0,0,0,0,-0,0,3.0057,2.03053,-2.12995,-2.9296e-05,5.61506e-05,6.4371e-05,-0.000135526,0.000378824,0.000121528,0,0,0,0,0,0,0,0,0,0,0,0,0,0,0,0,0,0,0,0,0,0,0,0,0,0,0,0,0,0,0,0,0,0,0,0,0,0,0,0,1.31396,1.52826,-1.00382,0,0.000137936,8.22521e-05,4.95685e-05,0.000715713,0.000548175,0,0,0,0,0,0,0,0,0,0,0,0,0,0,0,0,0,0,0,0,0,0,0,0,0,0,0,0,0,0,0,0,0,0,0,0,0,0,0,0,0,0,0,0,0,0,0,0,0,0,0,0,1,0,0,0,0,0,1.2606,-1.0667,1.1261,0,0,0,0,0,0,2.64733,-2.32626,3.29629,1.76473,0,0,0,0,1,0,0,0,0,0,0,0,0,0,0,0,0,0,0,0,0,0,0,0,0,0,0,0,0
0,0,0,0,0,-0,0,3.0057,2.03052,-2.12997,-3.66274e-05,-4.63947e-05,-0.000255152,-0.000180691,4.86566e-05,-0.000891236,0,0,0,0,0,0,0,0,0,0,0,0,0,0,0,0,0,0,0,0,0,0,0,0,0,0,0,0,0,0,0,0,0,0,0,0,0,0,0,0,1.31397,1.52826,-1.00381,2.68601e-05,4.39529e-05,0.000169306,0.000148347,0.000159119,0.000734322,0,0,0,0,0,0,0,0,0,0,0,0,0,0,0,0,0,0,0,0,0,0,0,0,0,0,0,0,0,0,0,0,0,0,0,0,0,0,0,0,0,0,0,0,0,0,0,0,0,0,0,0,1,0,0,0,0,0,1.2606,-1.0667,1.1261,0,0,0,0,0,0,2.67472,-2.35515,3.24229,1.76472,0,0,0,0,1,0,0,0,0,0,0,0,0,0,0,0,0,0,0,0,0,0,0,0,0,0,0,0,0
0,0,0,0,0,-0,0,3.0057,2.03052,-2.12997,-3.66274e-05,-4.63947e-05,-0.000255152,-0.000180691,4.86566e-05,-0.000891236,0,0,0,0,0,0,0,0,0,0,0,0,0,0,0,0,0,0,0,0,0,0,0,0,0,0,0,0,0,0,0,0,0,0,0,0,0,0,0,0,1.31397,1.52826,-1.00381,2.68601e-05,4.39529e-05,0.000169306,0.000148347,0.000159119,0.000734322,0,0,0,0,0,0,0,0,0,0,0,0,0,0,0,0,0,0,0,0,0,0,0,0,0,0,0,0,0,0,0,0,0,0,0,0,0,0,0,0,0,0,0,0,0,0,0,0,0,0,0,0,1,0,0,0,0,0,1.2606,-1.0667,1.1261,0,0,0,0,0,0,2.67472,-2.35515,3.24229,1.76472,0,0,0,0,1,0,0,0,0,0,0,0,0,0,0,0,0,0,0,0,0,0,0,0,0,0,0,0,0
0,0,0,0,0,-0,0,3.00571,2.03054,-2.13,8.30205e-05,0.000156274,-0.000219379,0.000363448,0.000794313,-0.000529368,0,0,0,0,0,0,0,0,0,0,0,0,0,0,0,0,0,0,0,0,0,0,0,0,0,0,0,0,0,0,0,0,0,0,0,0,0,0,0,0,1.31397,1.52828,-1.00381,7.81368e-05,0.000148948,-1.54995e-05,0.000307342,0.000439695,-0.000272276,0,0,0,0,0,0,0,0,0,0,0,0,0,0,0,0,0,0,0,0,0,0,0,0,0,0,0,0,0,0,0,0,0,0,0,0,0,0,0,0,0,0,0,0,0,0,0,0,0,0,0,0,1,0,0,0,0,0,1.2606,-1.0667,1.1261,0,0,0,0,0,0,2.67472,-2.35515,3.24229,1.76472,0,0,0,0,1,0,0,0,0,0,0,0,0,0,0,0,0,0,0,0,0,0,0,0,0,0,0,0,0
0,0,0,0,0,-0,0,3.00571,2.03054,-2.13,8.30205e-05,0.000156274,-0.000219379,0.000363448,0.000794313,-0.000529368,0,0,0,0,0,0,0,0,0,0,0,0,0,0,0,0,0,0,0,0,0,0,0,0,0,0,0,0,0,0,0,0,0,0,0,0,0,0,0,0,1.31397,1.52828,-1.00381,7.81368e-05,0.000148948,-1.54995e-05,0.000307342,0.000439695,-0.000272276,0,0,0,0,0,0,0,0,0,0,0,0,0,0,0,0,0,0,0,0,0,0,0,0,0,0,0,0,0,0,0,0,0,0,0,0,0,0,0,0,0,0,0,0,0,0,0,0,0,0,0,0,1,0,0,0,0,0,1.2605,-1.0668,1.1261,0,0,0,0,0,0,2.67472,-2.35515,3.24229,1.76472,0,0,0,0,1,0,0,0,0,0,0,0,0,0,0,0,0,0,0,0,0,0,0,0,0,0,0,0,0
0,0,0,0,0,-0,0,3.00571,2.03053,-2.12998,-3.41701e-05,-0.000112273,0.000171613,-0.000176361,-0.000495156,0.0012934,0,0,0,0,0,0,0,0,0,0,0,0,0,0,0,0,0,0,0,0,0,0,0,0,0,0,0,0,0,0,0,0,0,0,0,0,0,0,0,0,1.31396,1.52825,-1.00383,-8.5425e-05,-0.000258716,-0.000272912,-0.000447486,-0.00132694,-0.00132836,0,0,0,0,0,0,0,0,0,0,0,0,0,0,0,0,0,0,0,0,0,0,0,0,0,0,0,0,0,0,0,0,0,0,0,0,0,0,0,0,0,0,0,0,0,0,0,0,0,0,0,0,1,0,0,0,0,0,1.2605,-1.0668,1.1261,0,0,0,0,0,0,2.68723,-2.37294,3.15035,1.76473,0,0,0,0,1,0,0,0,0,0,0,0,0,0,0,0,0,0,0,0,0,0,0,0,0,0,0,0,0
0,0,0,0,0,-0,0,3.00571,2.03053,-2.12998,-3.41701e-05,-0.000112273,0.000171613,-0.000176361,-0.000495156,0.0012934,0,0,0,0,0,0,0,0,0,0,0,0,0,0,0,0,0,0,0,0,0,0,0,0,0,0,0,0,0,0,0,0,0,0,0,0,0,0,0,0,1.31396,1.52825,-1.00383,-8.5425e-05,-0.000258716,-0.000272912,-0.000447486,-0.00132694,-0.00132836,0,0,0,0,0,0,0,0,0,0,0,0,0,0,0,0,0,0,0,0,0,0,0,0,0,0,0,0,0,0,0,0,0,0,0,0,0,0,0,0,0,0,0,0,0,0,0,0,0,0,0,0,1,0,0,0,0,0,1.2605,-1.0668,1.1261,0,0,0,0,0,0,2.68723,-2.37294,3.15035,1.76473,0,0,0,0,1,0,0,0,0,0,0,0,0,0,0,0,0,0,0,0,0,0,0,0,0,0,0,0,0
0,0,0,0,0,-0,0,3.0057,2.03051,-2.12997,-4.88466e-06,-0.000136771,8.34781e-05,-6.19105e-05,-0.000569592,0.000671001,0,0,0,0,0,0,0,0,0,0,0,0,0,0,0,0,0,0,0,0,0,0,0,0,0,0,0,0,0,0,0,0,0,0,0,0,0,0,0,0,1.31396,1.52824,-1.00383,-4.88467e-05,-8.54817e-05,9.06335e-05,-0.000224606,-0.000343395,0.000512352,0,0,0,0,0,0,0,0,0,0,0,0,0,0,0,0,0,0,0,0,0,0,0,0,0,0,0,0,0,0,0,0,0,0,0,0,0,0,0,0,0,0,0,0,0,0,0,0,0,0,0,0,1,0,0,0,0,0,1.2605,-1.0668,1.1261,0,0,0,0,0,0,2.68723,-2.37294,3.15035,1.76473,0,0,0,0,1,0,0,0,0,0,0,0,0,0,0,0,0,0,0,0,0,0,0,0,0,0,0,0,0
0,0,0,0,0,-0,0,3.0057,2.03051,-2.12997,-4.88466e-06,-0.000136771,8.34781e-05,-6.19105e-05,-0.000569592,0.000671001,0,0,0,0,0,0,0,0,0,0,0,0,0,0,0,0,0,0,0,0,0,0,0,0,0,0,0,0,0,0,0,0,0,0,0,0,0,0,0,0,1.31396,1.52824,-1.00383,-4.88467e-05,-8.54817e-05,9.06335e-05,-0.000224606,-0.000343395,0.000512352,0,0,0,0,0,0,0,0,0,0,0,0,0,0,0,0,0,0,0,0,0,0,0,0,0,0,0,0,0,0,0,0,0,0,0,0,0,0,0,0,0,0,0,0,0,0,0,0,0,0,0,0,1,0,0,0,0,0,1.3156,-1.0117,1.1811,0,0,0,0,0,0,2.68723,-2.37294,3.15035,1.76473,0,0,0,0,1,0,0,0,0,0,0,0,0,0,0,0,0,0,0,0,0,0,0,0,0,0,0,0,0
0,0,0,0,0,-0,0,3.0057,2.03053,-2.12993,-4.88182e-06,0.000175745,0.000383776,-2.16838e-05,0.0008965,0.00151876,0,0,0,0,0,0,0,0,0,0,0,0,0,0,0,0,0,0,0,0,0,0,0,0,0,0,0,0,0,0,0,0,0,0,0,0,0,0,0,0,1.31396,1.52825,-1.00384,4.88182e-05,8.90932e-05,-0.00010965,0.000285477,0.00062433,-0.000243517,0,0,0,0,0,0,0,0,0,0,0,0,0,0,0,0,0,0,0,0,0,0,0,0,0,0,0,0,0,0,0,0,0,0,0,0,0,0,0,0,0,0,0,0,0,0,0,0,0,0,0,0,1,0,0,0,0,0,1.3156,-1.0117,1.1811,0,0,0,0,0,0,2.60042,-2.28794,3.24745,1.76473,0,0,0,0,1,0,0,0,0,0,0,0,0,0,0,0,0,0,0,0,0,0,0,0,0,0,0,0,0
0,0,0,0,0,-0,0,3.0057,2.03053,-2.12993,-4.88182e-06,0.000175745,0.000383776,-2.16838e-05,0.0008965,0.00151876,0,0,0,0,0,0,0,0,0,0,0,0,0,0,0,0,0,0,0,0,0,0,0,0,0,0,0,0,0,0,0,0,0,0,0,0,0,0,0,0,1.31396,1.52825,-1.00384,4.88182e-05,8.90932e-05,-0.00010965,0.000285477,0.00062433,-0.000243517,0,0,0,0,0,0,0,0,0,0,0,0,0,0,0,0,0,0,0,0,0,0,0,0,0,0,0,0,0,0,0,0,0,0,0,0,0,0,0,0,0,0,0,0,0,0,0,0,0,0,0,0,1,0,0,0,0,0,1.3156,-1.0117,1.1811,0,0,0,0,0,0,2.60042,-2.28794,3.24745,1.76473,0,0,0,0,1,0,0,0,0,0,0,0,0,0,0,0,0,0,0,0,0,0,0,0,0,0,0,0,0
0.05,0,0,0,0,-0,0,3.0057,2.03053,-2.12993,-4.88182e-06,0.000175745,0.000383776,-2.16838e-05,0.0008965,0.00151876,0,0,0,0,0,0,0,0,0,0,0,0,0,0,0,0,0,0,0,0,0,0,0,0,0,0,0,0,0,0,0,0,0,0,0,0,0,0,0,0,1.31396,1.52825,-1.00384,4.88182e-05,8.90932e-05,-0.00010965,0.000285477,0.00062433,-0.000243517,0,0,0,0,0,0,0,0,0,0,0,0,0,0,0,0,0,0,0,0,0,0,0,0,0,0,0,0,0,0,0,0,0,0,0,0,0,0,0,0,0,0,0,0,0,0,0,0,0,0,0,0,1,0,0,0,0,0,1.3156,-1.0117,1.1811,0,0,0,0,0,0,2.60042,-2.28794,3.24745,1.76473,0,0,0,0,1,0,0,0,0,0,0,0,0,0,0,0,0,0,0,0,0,0,0,0,0,0,0,0,0
0.1,0,0,0,0,-0,0,3.0057,2.03053,-2.12993,-4.88182e-06,0.000175745,0.000383776,-2.16838e-05,0.0008965,0.00151876,0,0,0,0,0,0,0,0,0,0,0,0,0,0,0,0,0,0,0,0,0,0,0,0,0,0,0,0,0,0,0,0,0,0,0,0,0,0,0,0,1.31396,1.52825,-1.00384,4.88182e-05,8.90932e-05,-0.00010965,0.000285477,0.00062433,-0.000243517,0,0,0,0,0,0,0,0,0,0,0,0,0,0,0,0,0,0,0,0,0,0,0,0,0,0,0,0,0,0,0,0,0,0,0,0,0,0,0,0,0,0,0,0,0,0,0,0,0,0,0,0,1,0,0,0,0,0,1.3206,-1.0068,1.1861,0,0,0,0,0,0,2.60042,-2.28794,3.24745,1.76473,0,0,0,0,1,0,0,0,0,0,0,0,0,0,0,0,0,0,0,0,0,0,0,0,0,0,0,0,0
0.15,0,0,0,0,-0,0,3.0057,2.03053,-2.12993,-4.88182e-06,0.000175745,0.000383776,-2.16838e-05,0.0008965,0.00151876,0,0,0,0,0,0,0,0,0,0,0,0,0,0,0,0,0,0,0,0,0,0,0,0,0,0,0,0,0,0,0,0,0,0,0,0,0,0,0,0,1.31396,1.52825,-1.00384,4.88182e-05,8.90932e-05,-0.00010965,0.000285477,0.00062433,-0.000243517,0,0,0,0,0,0,0,0,0,0,0,0,0,0,0,0,0,0,0,0,0,0,0,0,0,0,0,0,0,0,0,0,0,0,0,0,0,0,0,0,0,0,0,0,0,0,0,0,0,0,0,0,1,0,0,0,0,0,1.3206,-1.0068,1.1861,0,0,0,0,0,0,2.60042,-2.28794,3.24745,1.76473,0,0,0,0,1,0,0,0,0,0,0,0,0,0,0,0,0,0,0,0,0,0,0,0,0,0,0,0,0
0.2,0,0,0,0,-0,0,3.0057,2.03053,-2.12993,-4.88182e-06,0.000175745,0.000383776,-2.16838e-05,0.0008965,0.00151876,0,0,0,0,0,0,0,0,0,0,0,0,0,0,0,0,0,0,0,0,0,0,0,0,0,0,0,0,0,0,0,0,0,0,0,0,0,0,0,0,1.31396,1.52825,-1.00384,4.88182e-05,8.90932e-05,-0.00010965,0.000285477,0.00062433,-0.000243517,0,0,0,0,0,0,0,0,0,0,0,0,0,0,0,0,0,0,0,0,0,0,0,0,0,0,0,0,0,0,0,0,0,0,0,0,0,0,0,0,0,0,0,0,0,0,0,0,0,0,0,0,1,0,0,0,0,0,1.3206,-1.0068,1.1861,0,0,0,0,0,0,2.60042,-2.28794,3.24745,1.76473,0,0,0,0,1,0,0,0,0,0,0,0,0,0,0,0,0,0,0,0,0,0,0,0,0,0,0,0,0
0.25,0,0,0,0,-0,0,3.0057,2.03053,-2.12993,-4.88182e-06,0.000175745,0.000383776,-2.16838e-05,0.0008965,0.00151876,0,0,0,0,0,0,0,0,0,0,0,0,0,0,0,0,0,0,0,0,0,0,0,0,0,0,0,0,0,0,0,0,0,0,0,0,0,0,0,0,1.31396,1.52825,-1.00384,4.88182e-05,8.90932e-05,-0.00010965,0.000285477,0.00062433,-0.000243517,0,0,0,0,0,0,0,0,0,0,0,0,0,0,0,0,0,0,0,0,0,0,0,0,0,0,0,0,0,0,0,0,0,0,0,0,0,0,0,0,0,0,0,0,0,0,0,0,0,0,0,0,1,0,0,0,0,0,1.3206,-1.0068,1.1861,0,0,0,0,0,0,2.60042,-2.28794,3.24745,1.76473,0,0,0,0,1,0,0,0,0,0,0,0,0,0,0,0,0,0,0,0,0,0,0,0,0,0,0,0,0
0.3,0,0,0,0,-0,0,3.0057,2.03053,-2.12993,-4.88182e-06,0.000175745,0.000383776,-2.16838e-05,0.0008965,0.00151876,0,0,0,0,0,0,0,0,0,0,0,0,0,0,0,0,0,0,0,0,0,0,0,0,0,0,0,0,0,0,0,0,0,0,0,0,0,0,0,0,1.31396,1.52825,-1.00384,4.88182e-05,8.90932e-05,-0.00010965,0.000285477,0.00062433,-0.000243517,0,0,0,0,0,0,0,0,0,0,0,0,0,0,0,0,0,0,0,0,0,0,0,0,0,0,0,0,0,0,0,0,0,0,0,0,0,0,0,0,0,0,0,0,0,0,0,0,0,0,0,0,1,0,0,0,0,0,1.2605,-1.0668,1.1261,0,0,0,0,0,0,2.60042,-2.28794,3.24745,1.76473,0,0,0,0,1,0,0,0,0,0,0,0,0,0,0,0,0,0,0,0,0,0,0,0,0,0,0,0,0
0.35,0,0,0,0,-0,0,3.0057,2.03053,-2.12993,-4.88182e-06,0.000175745,0.000383776,-2.16838e-05,0.0008965,0.00151876,0,0,0,0,0,0,0,0,0,0,0,0,0,0,0,0,0,0,0,0,0,0,0,0,0,0,0,0,0,0,0,0,0,0,0,0,0,0,0,0,1.31396,1.52825,-1.00384,4.88182e-05,8.90932e-05,-0.00010965,0.000285477,0.00062433,-0.000243517,0,0,0,0,0,0,0,0,0,0,0,0,0,0,0,0,0,0,0,0,0,0,0,0,0,0,0,0,0,0,0,0,0,0,0,0,0,0,0,0,0,0,0,0,0,0,0,0,0,0,0,0,1,0,0,0,0,0,1.2605,-1.0668,1.1261,0,0,0,0,0,0,2.60042,-2.28794,3.24745,1.76473,0,0,0,0,1,0,0,0,0,0,0,0,0,0,0,0,0,0,0,0,0,0,0,0,0,0,0,0,0
0.4,0,0,0,0,-0,0,3.0057,2.03053,-2.12993,-4.88182e-06,0.000175745,0.000383776,-2.16838e-05,0.0008965,0.00151876,0,0,0,0,0,0,0,0,0,0,0,0,0,0,0,0,0,0,0,0,0,0,0,0,0,0,0,0,0,0,0,0,0,0,0,0,0,0,0,0,1.31396,1.52825,-1.00384,4.88182e-05,8.90932e-05,-0.00010965,0.000285477,0.00062433,-0.000243517,0,0,0,0,0,0,0,0,0,0,0,0,0,0,0,0,0,0,0,0,0,0,0,0,0,0,0,0,0,0,0,0,0,0,0,0,0,0,0,0,0,0,0,0,0,0,0,0,0,0,0,0,1,0,0,0,0,0,1.2605,-1.0668,1.1261,0,0,0,0,0,0,2.60042,-2.28794,3.24745,1.76473,0,0,0,0,1,0,0,0,0,0,0,0,0,0,0,0,0,0,0,0,0,0,0,0,0,0,0,0,0
0.45,0,0,0,0,-0,0,3.0057,2.03053,-2.12993,-4.88182e-06,0.000175745,0.000383776,-2.16838e-05,0.0008965,0.00151876,0,0,0,0,0,0,0,0,0,0,0,0,0,0,0,0,0,0,0,0,0,0,0,0,0,0,0,0,0,0,0,0,0,0,0,0,0,0,0,0,1.31396,1.52825,-1.00384,4.88182e-05,8.90932e-05,-0.00010965,0.000285477,0.00062433,-0.000243517,0,0,0,0,0,0,0,0,0,0,0,0,0,0,0,0,0,0,0,0,0,0,0,0,0,0,0,0,0,0,0,0,0,0,0,0,0,0,0,0,0,0,0,0,0,0,0,0,0,0,0,0,1,0,0,0,0,0,1.2605,-1.0668,1.1261,0,0,0,0,0,0,2.60042,-2.28794,3.24745,1.76473,0,0,0,0,1,0,0,0,0,0,0,0,0,0,0,0,0,0,0,0,0,0,0,0,0,0,0,0,0
0.5,0,0,0,0,-0,0,3.0057,2.03053,-2.12993,-4.88182e-06,0.000175745,0.000383776,-2.16838e-05,0.0008965,0.00151876,0,0,0,0,0,0,0,0,0,0,0,0,0,0,0,0,0,0,0,0,0,0,0,0,0,0,0,0,0,0,0,0,0,0,0,0,0,0,0,0,1.31396,1.52825,-1.00384,4.88182e-05,8.90932e-05,-0.00010965,0.000285477,0.00062433,-0.000243517,0,0,0,0,0,0,0,0,0,0,0,0,0,0,0,0,0,0,0,0,0,0,0,0,0,0,0,0,0,0,0,0,0,0,0,0,0,0,0,0,0,0,0,0,0,0,0,0,0,0,0,0,1,0,0,0,0,0,1.2606,-1.0667,1.1261,0,0,0,0,0,0,2.60042,-2.28794,3.24745,1.76473,0,0,0,0,1,0,0,0,0,0,0,0,0,0,0,0,0,0,0,0,0,0,0,0,0,0,0,0,0
0.55,0,0,0,0,-0,0,3.0057,2.03053,-2.12993,-4.88182e-06,0.000175745,0.000383776,-2.16838e-05,0.0008965,0.00151876,0,0,0,0,0,0,0,0,0,0,0,0,0,0,0,0,0,0,0,0,0,0,0,0,0,0,0,0,0,0,0,0,0,0,0,0,0,0,0,0,1.31396,1.52825,-1.00384,4.88182e-05,8.90932e-05,-0.00010965,0.000285477,0.00062433,-0.000243517,0,0,0,0,0,0,0,0,0,0,0,0,0,0,0,0,0,0,0,0,0,0,0,0,0,0,0,0,0,0,0,0,0,0,0,0,0,0,0,0,0,0,0,0,0,0,0,0,0,0,0,0,1,0,0,0,0,0,1.2606,-1.0667,1.1261,0,0,0,0,0,0,2.60042,-2.28794,3.24745,1.76473,0,0,0,0,1,0,0,0,0,0,0,0,0,0,0,0,0,0,0,0,0,0,0,0,0,0,0,0,0
0.6,0,0,0,0,-0,0,3.0057,2.03053,-2.12993,-4.88182e-06,0.000175745,0.000383776,-2.16838e-05,0.0008965,0.00151876,0,0,0,0,0,0,0,0,0,0,0,0,0,0,0,0,0,0,0,0,0,0,0,0,0,0,0,0,0,0,0,0,0,0,0,0,0,0,0,0,1.31396,1.52825,-1.00384,4.88182e-05,8.90932e-05,-0.00010965,0.000285477,0.00062433,-0.000243517,0,0,0,0,0,0,0,0,0,0,0,0,0,0,0,0,0,0,0,0,0,0,0,0,0,0,0,0,0,0,0,0,0,0,0,0,0,0,0,0,0,0,0,0,0,0,0,0,0,0,0,0,1,0,0,0,0,0,1.2606,-1.0667,1.1261,0,0,0,0,0,0,2.60042,-2.28794,3.24745,1.76473,0,0,0,0,1,0,0,0,0,0,0,0,0,0,0,0,0,0,0,0,0,0,0,0,0,0,0,0,0
0.65,0,0,0,0,-0,0,3.0057,2.03053,-2.12993,-4.88182e-06,0.000175745,0.000383776,-2.16838e-05,0.0008965,0.00151876,0,0,0,0,0,0,0,0,0,0,0,0,0,0,0,0,0,0,0,0,0,0,0,0,0,0,0,0,0,0,0,0,0,0,0,0,0,0,0,0,1.31396,1.52825,-1.00384,4.88182e-05,8.90932e-05,-0.00010965,0.000285477,0.00062433,-0.000243517,0,0,0,0,0,0,0,0,0,0,0,0,0,0,0,0,0,0,0,0,0,0,0,0,0,0,0,0,0,0,0,0,0,0,0,0,0,0,0,0,0,0,0,0,0,0,0,0,0,0,0,0,1,0,0,0,0,0,1.2606,-1.0667,1.1261,0,0,0,0,0,0,2.60042,-2.28794,3.24745,1.76473,0,0,0,0,1,0,0,0,0,0,0,0,0,0,0,0,0,0,0,0,0,0,0,0,0,0,0,0,0
0.65,0,0,0,0,-0,0,3.0057,2.03053,-2.12993,-4.88182e-06,0.000175745,0.000383776,-2.16838e-05,0.0008965,0.00151876,0,0,0,0,0,0,0,0,0,0,0,0,0,0,0,0,0,0,0,0,0,0,0,0,0,0,0,0,0,0,0,0,0,0,0,0,0,0,0,0,1.31396,1.52825,-1.00384,4.88182e-05,8.90932e-05,-0.00010965,0.000285477,0.00062433,-0.000243517,0,0,0,0,0,0,0,0,0,0,0,0,0,0,0,0,0,0,0,0,0,0,0,0,0,0,0,0,0,0,0,0,0,0,0,0,0,0,0,0,0,0,0,0,0,0,0,0,0,0,0,0,1,0,0,0,0,0,1.2086,-1.1188,1.0741,0,0,0,0,0,0,2.60042,-2.28794,3.24745,1.76473,0,0,0,0,1,0,0,0,0,0,0,0,0,0,0,0,0,0,0,0,0,0,0,0,0,0,0,0,0
0.65,0,0,0,0,-0,0,3.0057,2.03053,-2.12993,-4.88182e-06,0.000175745,0.000383776,-2.16838e-05,0.0008965,0.00151876,0,0,0,0,0,0,0,0,0,0,0,0,0,0,0,0,0,0,0,0,0,0,0,0,0,0,0,0,0,0,0,0,0,0,0,0,0,0,0,0,1.31396,1.52825,-1.00384,4.88182e-05,8.90932e-05,-0.00010965,0.000285477,0.00062433,-0.000243517,0,0,0,0,0,0,0,0,0,0,0,0,0,0,0,0,0,0,0,0,0,0,0,0,0,0,0,0,0,0,0,0,0,0,0,0,0,0,0,0,0,0,0,0,0,0,0,0,0,0,0,0,1,0,0,0,0,0,1.2086,-1.1188,1.0741,0,0,0,0,0,0,2.60042,-2.28794,3.24745,1.76473,0,0,0,0,1,0,0,0,0,0,0,0,0,0,0,0,0,0,0,0,0,0,0,0,0,0,0,0,0
0.7,0,0,0,0,-0,0,3.0057,2.03053,-2.12993,-4.88182e-06,0.000175745,0.000383776,-2.16838e-05,0.0008965,0.00151876,0,0,0,0,0,0,0,0,0,0,0,0,0,0,0,0,0,0,0,0,0,0,0,0,0,0,0,0,0,0,0,0,0,0,0,0,0,0,0,0,1.31396,1.52825,-1.00384,4.88182e-05,8.90932e-05,-0.00010965,0.000285477,0.00062433,-0.000243517,0,0,0,0,0,0,0,0,0,0,0,0,0,0,0,0,0,0,0,0,0,0,0,0,0,0,0,0,0,0,0,0,0,0,0,0,0,0,0,0,0,0,0,0,0,0,0,0,0,0,0,0,1,0,0,0,0,0,1.2086,-1.1188,1.0741,0,0,0,0,0,0,2.60042,-2.28794,3.24745,1.76473,0,0,0,0,1,0,0,0,0,0,0,0,0,0,0,0,0,0,0,0,0,0,0,0,0,0,0,0,0
0.7,0,0,0,0,-0,0,3.0057,2.03053,-2.12993,-4.88182e-06,0.000175745,0.000383776,-2.16838e-05,0.0008965,0.00151876,0,0,0,0,0,0,0,0,0,0,0,0,0,0,0,0,0,0,0,0,0,0,0,0,0,0,0,0,0,0,0,0,0,0,0,0,0,0,0,0,1.31396,1.52825,-1.00384,4.88182e-05,8.90932e-05,-0.00010965,0.000285477,0.00062433,-0.000243517,0,0,0,0,0,0,0,0,0,0,0,0,0,0,0,0,0,0,0,0,0,0,0,0,0,0,0,0,0,0,0,0,0,0,0,0,0,0,0,0,0,0,0,0,0,0,0,0,0,0,0,0,1,0,0,0,0,0,1.2086,-1.1188,1.0741,0,0,0,0,0,0,2.60042,-2.28794,3.24745,1.76473,0,0,0,0,1,0,0,0,0,0,0,0,0,0,0,0,0,0,0,0,0,0,0,0,0,0,0,0,0
0.7,0,0,0,0,-0,0,3.0057,2.03053,-2.12993,-4.88182e-06,0.000175745,0.000383776,-2.16838e-05,0.0008965,0.00151876,0,0,0,0,0,0,0,0,0,0,0,0,0,0,0,0,0,0,0,0,0,0,0,0,0,0,0,0,0,0,0,0,0,0,0,0,0,0,0,0,1.31396,1.52825,-1.00384,4.88182e-05,8.90932e-05,-0.00010965,0.000285477,0.00062433,-0.000243517,0,0,0,0,0,0,0,0,0,0,0,0,0,0,0,0,0,0,0,0,0,0,0,0,0,0,0,0,0,0,0,0,0,0,0,0,0,0,0,0,0,0,0,0,0,0,0,0,0,0,0,0,1,0,0,0,0,0,1.2584,-1.0689,1.1239,0,0,0,0,0,0,2.60042,-2.28794,3.24745,1.76473,0,0,0,0,1,0,0,0,0,0,0,0,0,0,0,0,0,0,0,0,0,0,0,0,0,0,0,0,0
0.75,0,0,0,0,-0,0,3.0057,2.03054,-2.12994,0,0.000113547,-6.677e-05,1.19386e-05,0.000487916,-0.000773871,0,0,0,0,0,0,0,0,0,0,0,0,0,0,0,0,0,0,0,0,0,0,0,0,0,0,0,0,0,0,0,0,0,0,0,0,0,0,0,0,1.31396,1.52827,-1.00382,1.22094e-06,0.000170931,0.000129963,5.02479e-05,0.000832814,0.000708973,0,0,0,0,0,0,0,0,0,0,0,0,0,0,0,0,0,0,0,0,0,0,0,0,0,0,0,0,0,0,0,0,0,0,0,0,0,0,0,0,0,0,0,0,0,0,0,0,0,0,0,0,1,0,0,0,0,0,1.2584,-1.0689,1.1239,0,0,0,0,0,0,2.65993,-2.34293,3.20391,1.76473,0,0,0,0,1,0,0,0,0,0,0,0,0,0,0,0,0,0,0,0,0,0,0,0,0,0,0,0,0
0.8,0,0,0,0,-0,0,3.0057,2.03052,-2.12995,4.88201e-06,-0.000184296,-0.000126341,3.12236e-05,-0.000952329,-0.00101287,0,0,0,0,0,0,0,0,0,0,0,0,0,0,0,0,0,0,0,0,0,0,0,0,0,0,0,0,0,0,0,0,0,0,0,0,0,0,0,0,1.31397,1.52826,-1.00382,1.9528e-05,-0.000114727,1.1919e-06,7.14963e-05,-0.00061306,4.01101e-05,0,0,0,0,0,0,0,0,0,0,0,0,0,0,0,0,0,0,0,0,0,0,0,0,0,0,0,0,0,0,0,0,0,0,0,0,0,0,0,0,0,0,0,0,0,0,0,0,0,0,0,0,1,0,0,0,0,0,1.2584,-1.0689,1.1239,0,0,0,0,0,0,2.45383,-2.15901,3.32132,1.76472,0,0,0,0,1,0,0,0,0,0,0,0,0,0,0,0,0,0,0,0,0,0,0,0,0,0,0,0,0
0.85,0,0,0,0,-0,0,3.0057,2.03051,-2.12993,-4.88327e-06,-0.000101328,0.000228903,-1.76651e-05,-0.000435048,0.000779031,0,0,0,0,0,0,0,0,0,0,0,0,0,0,0,0,0,0,0,0,0,0,0,0,0,0,0,0,0,0,0,0,0,0,0,0,0,0,0,0,1.31397,1.52827,-1.00381,1.70914e-05,0.000118419,0.000135911,3.60537e-05,0.000367843,0.000471837,0,0,0,0,0,0,0,0,0,0,0,0,0,0,0,0,0,0,0,0,0,0,0,0,0,0,0,0,0,0,0,0,0,0,0,0,0,0,0,0,0,0,0,0,0,0,0,0,0,0,0,0,1,0,0,0,0,0,1.2584,-1.0689,1.1239,0,0,0,0,0,0,2.75138,-2.4226,3.1721,1.76471,0,0,0,0,1,0,0,0,0,0,0,0,0,0,0,0,0,0,0,0,0,0,0,0,0,0,0,0,0
0.9,0,0,0,0,-0,0,3.0057,2.03053,-2.12996,0,0.000195305,-0.000331389,2.28863e-06,0.000994097,-0.00152864,0,0,0,0,0,0,0,0,0,0,0,0,0,0,0,0,0,0,0,0,0,0,0,0,0,0,0,0,0,0,0,0,0,0,0,0,0,0,0,0,1.31396,1.52825,-1.00383,-4.88264e-05,-0.000158686,-0.000255099,-0.000246533,-0.000753614,-0.00122061,0,0,0,0,0,0,0,0,0,0,0,0,0,0,0,0,0,0,0,0,0,0,0,0,0,0,0,0,0,0,0,0,0,0,0,0,0,0,0,0,0,0,0,0,0,0,0,0,0,0,0,0,1,0,0,0,0,0,1.2089,-1.1184,1.0745,0,0,0,0,0,0,0,-0,0,1.76473,0,0,0,0,0,0,0,0,0,0,0,0,0,0,0,0,0,0,0,0,0,0,0,0,0,0,0,0,0
0.95,0,0,0,0,-0,0,3.0057,2.03053,-2.12997,0,-7.56969e-05,-6.19997e-05,4.07518e-06,-0.000292548,-0.000153668,0,0,0,0,0,0,0,0,0,0,0,0,0,0,0,0,0,0,0,0,0,0,0,0,0,0,0,0,0,0,0,0,0,0,0,0,0,0,0,0,1.31396,1.52825,-1.00383,-1.4651e-05,-6.71506e-05,3.21922e-05,-4.97096e-05,-0.0002385,0.000186011,0,0,0,0,0,0,0,0,0,0,0,0,0,0,0,0,0,0,0,0,0,0,0,0,0,0,0,0,0,0,0,0,0,0,0,0,0,0,0,0,0,0,0,0,0,0,0,0,0,0,0,0,1,0,0,0,0,0,1.2089,-1.1184,1.0745,0,0,0,0,0,0,2.65615,-2.33583,3.1572,1.76473,0,0,0,0,1,0,0,0,0,0,0,0,0,0,0,0,0,0,0,0,0,0,0,0,0,0,0,0,0
1,0,0,0,0,-0,0,3.0057,2.03053,-2.12997,-9.76671e-06,6.34836e-05,-9.5378e-06,-3.63359e-05,0.000206272,0.000303446,0,0,0,0,0,0,0,0,0,0,0,0,0,0,0,0,0,0,0,0,0,0,0,0,0,0,0,0,0,0,0,0,0,0,0,0,0,0,0,0,1.31396,1.52825,-1.00384,-1.22084e-05,5.98212e-05,-6.55725e-05,6.54348e-06,0.000433818,-8.85618e-05,0,0,0,0,0,0,0,0,0,0,0,0,0,0,0,0,0,0,0,0,0,0,0,0,0,0,0,0,0,0,0,0,0,0,0,0,0,0,0,0,0,0,0,0,0,0,0,0,0,0,0,0,1,0,0,0,0,0,1.2089,-1.1184,1.0745,0,0,0,0,0,0,2.59137,-2.2806,3.23147,1.76473,0,0,0,0,1,0,0,0,0,0,0,0,0,0,0,0,0,0,0,0,0,0,0,0,0,0,0,0,0
1.05,0,0,0,0,-0,0,3.0057,2.03052,-2.12995,9.76751e-06,-6.47098e-05,0.000152617,5.0763e-05,-0.000320834,0.000892005,0,0,0,0,0,0,0,0,0,0,0,0,0,0,0,0,0,0,0,0,0,0,0,0,0,0,0,0,0,0,0,0,0,0,0,0,0,0,0,0,1.31397,1.52826,-1.00383,5.8605e-05,4.76166e-05,7.75009e-05,0.000294492,0.00030275,0.000481329,0,0,0,0,0,0,0,0,0,0,0,0,0,0,0,0,0,0,0,0,0,0,0,0,0,0,0,0,0,0,0,0,0,0,0,0,0,0,0,0,0,0,0,0,0,0,0,0,0,0,0,0,1,0,0,0,0,0,1.2089,-1.1184,1.0745,0,0,0,0,0,0,2.59137,-2.2806,3.23147,1.76472,0,0,0,0,1,0,0,0,0,0,0,0,0,0,0,0,0,0,0,0,0,0,0,0,0,0,0,0,0
1.1,0,0,0,0,-0,0,3.0057,2.03052,-2.12995,0,-5.12651e-05,7.86713e-05,3.24759e-06,-0.00021036,0.000319968,0,0,0,0,0,0,0,0,0,0,0,0,0,0,0,0,0,0,0,0,0,0,0,0,0,0,0,0,0,0,0,0,0,0,0,0,0,0,0,0,1.31397,1.52826,-1.00381,1.2206e-06,5.98092e-05,0.000244358,-1.34642e-05,0.000212787,0.00103292,0,0,0,0,0,0,0,0,0,0,0,0,0,0,0,0,0,0,0,0,0,0,0,0,0,0,0,0,0,0,0,0,0,0,0,0,0,0,0,0,0,0,0,0,0,0,0,0,0,0,0,0,1,0,0,0,0,0,1.2605,-1.0668,1.1261,0,0,0,0,0,0,2.59137,-2.2806,3.23147,1.76472,0,0,0,0,1,0,0,0,0,0,0,0,0,0,0,0,0,0,0,0,0,0,0,0,0,0,0,0,0
1.15,0,0,0,0,-0,0,3.00571,2.03052,-2.12998,1.95315e-05,4.88288e-05,-0.00035048,7.35604e-05,0.000288635,-0.00160016,0,0,0,0,0,0,0,0,0,0,0,0,0,0,0,0,0,0,0,0,0,0,0,0,0,0,0,0,0,0,0,0,0,0,0,0,0,0,0,0,1.31396,1.52825,-1.00384,-2.92973e-05,-0.000175784,-0.000342135,-0.000171715,-0.000825815,-0.00164873,0,0,0,0,0,0,0,0,0,0,0,0,0,0,0,0,0,0,0,0,0,0,0,0,0,0,0,0,0,0,0,0,0,0,0,0,0,0,0,0,0,0,0,0,0,0,0,0,0,0,0,0,1,0,0,0,0,0,1.2605,-1.0668,1.1261,0,0,0,0,0,0,2.5148,-2.21359,3.24884,1.76473,0,0,0,0,1,0,0,0,0,0,0,0,0,0,0,0,0,0,0,0,0,0,0,0,0,0,0,0,0
1.2,0,0,0,0,-0,0,3.0057,2.03054,-2.12991,-1.46512e-05,0.000131861,0.000674853,-8.29003e-05,0.00057262,0.00287621,0,0,0,0,0,0,0,0,0,0,0,0,0,0,0,0,0,0,0,0,0,0,0,0,0,0,0,0,0,0,0,0,0,0,0,0,0,0,0,0,1.31397,1.52825,-1.00383,2.07559e-05,-1.22094e-06,7.3924e-05,7.5476e-05,6.11003e-05,0.000309589,0,0,0,0,0,0,0,0,0,0,0,0,0,0,0,0,0,0,0,0,0,0,0,0,0,0,0,0,0,0,0,0,0,0,0,0,0,0,0,0,0,0,0,0,0,0,0,0,0,0,0,0,1,0,0,0,0,0,1.2605,-1.0668,1.1261,0,0,0,0,0,0,2.5148,-2.21359,3.24884,1.76473,0,0,0,0,1,0,0,0,0,0,0,0,0,0,0,0,0,0,0,0,0,0,0,0,0,0,0,0,0
1.25,0,0,0,0,-0,0,3.0057,2.03053,-2.12996,-2.19676e-05,-5.24781e-05,-0.000481494,-0.000100197,-0.000354258,-0.00228739,0,0,0,0,0,0,0,0,0,0,0,0,0,0,0,0,0,0,0,0,0,0,0,0,0,0,0,0,0,0,0,0,0,0,0,0,0,0,0,0,1.31396,1.52825,-1.00382,-1.34246e-05,4.39351e-05,9.0578e-05,-5.77943e-05,0.00033716,0.000517528,0,0,0,0,0,0,0,0,0,0,0,0,0,0,0,0,0,0,0,0,0,0,0,0,0,0,0,0,0,0,0,0,0,0,0,0,0,0,0,0,0,0,0,0,0,0,0,0,0,0,0,0,1,0,0,0,0,0,1.2605,-1.0668,1.1261,0,0,0,0,0,0,2.5148,-2.21359,3.24884,1.76473,0,0,0,0,1,0,0,0,0,0,0,0,0,0,0,0,0,0,0,0,0,0,0,0,0,0,0,0,0
1.3,0,0,0,0,-0,0,3.0057,2.03053,-2.12998,1.70957e-05,-5.73928e-05,-0.00013833,9.36006e-05,-0.000357766,-0.000700778,0,0,0,0,0,0,0,0,0,0,0,0,0,0,0,0,0,0,0,0,0,0,0,0,0,0,0,0,0,0,0,0,0,0,0,0,0,0,0,0,1.31396,1.52825,-1.00383,-3.54126e-05,8.54788e-06,-7.75129e-05,-0.000140582,9.83796e-05,-0.000332819,0,0,0,0,0,0,0,0,0,0,0,0,0,0,0,0,0,0,0,0,0,0,0,0,0,0,0,0,0,0,0,0,0,0,0,0,0,0,0,0,0,0,0,0,0,0,0,0,0,0,0,0,1,0,0,0,0,0,1.2904,-1.0369,1.156,0,0,0,0,0,0,2.5148,-2.21359,3.24884,1.76473,0,0,0,0,1,0,0,0,0,0,0,0,0,0,0,0,0,0,0,0,0,0,0,0,0,0,0,0,0
1.35,0,0,0,0,-0,0,3.0057,2.03052,-2.12994,-3.90298e-05,-9.63548e-05,0.000316831,-0.000141851,-0.000371074,0.00161262,0,0,0,0,0,0,0,0,0,0,0,0,0,0,0,0,0,0,0,0,0,0,0,0,0,0,0,0,0,0,0,0,0,0,0,0,0,0,0,0,1.31396,1.52826,-1.0038,3.65904e-05,6.34234e-05,0.000291818,0.000192075,0.000246072,0.00116096,0,0,0,0,0,0,0,0,0,0,0,0,0,0,0,0,0,0,0,0,0,0,0,0,0,0,0,0,0,0,0,0,0,0,0,0,0,0,0,0,0,0,0,0,0,0,0,0,0,0,0,0,1,0,0,0,0,0,1.2904,-1.0369,1.156,0,0,0,0,0,0,0,-0,0,1.76472,0,0,0,0,0,0,0,0,0,0,0,0,0,0,0,0,0,0,0,0,0,0,0,0,0,0,0,0,0
1.4,0,0,0,0,-0,0,3.0057,2.03054,-2.13,1.71045e-05,0.000180818,-0.000520197,0.000107357,0.000883098,-0.0020637,0,0,0,0,0,0,0,0,0,0,0,0,0,0,0,0,0,0,0,0,0,0,0,0,0,0,0,0,0,0,0,0,0,0,0,0,0,0,0,0,1.31397,1.52828,-1.00382,6.2309e-05,0.000234575,-0.000147946,0.000262992,0.000851307,-0.000858661,0,0,0,0,0,0,0,0,0,0,0,0,0,0,0,0,0,0,0,0,0,0,0,0,0,0,0,0,0,0,0,0,0,0,0,0,0,0,0,0,0,0,0,0,0,0,0,0,0,0,0,0,1,0,0,0,0,0,1.2904,-1.0369,1.156,0,0,0,0,0,0,0,-0,0,1.76471,0,0,0,0,0,0,0,0,0,0,0,0,0,0,0,0,0,0,0,0,0,0,0,0,0,0,0,0,0
1.45,0,0,0,0,-0,0,3.0057,2.03051,-2.12999,-2.44219e-06,-0.000242998,4.7699e-06,2.01141e-05,-0.00099297,0.000359661,0,0,0,0,0,0,0,0,0,0,0,0,0,0,0,0,0,0,0,0,0,0,0,0,0,0,0,0,0,0,0,0,0,0,0,0,0,0,0,0,1.31396,1.52824,-1.00382,-8.54767e-05,-0.000405404,-1.90796e-05,-0.000422786,-0.00196333,-0.000274241,0,0,0,0,0,0,0,0,0,0,0,0,0,0,0,0,0,0,0,0,0,0,0,0,0,0,0,0,0,0,0,0,0,0,0,0,0,0,0,0,0,0,0,0,0,0,0,0,0,0,0,0,1,0,0,0,0,0,1.2904,-1.0369,1.156,0,0,0,0,0,0,0,-0,0,1.76473,0,0,0,0,0,0,0,0,0,0,0,0,0,0,0,0,0,0,0,0,0,0,0,0,0,0,0,0,0
1.5,0,0,0,0,-0,0,3.00571,2.03054,-2.12994,6.34762e-05,0.000285643,0.000550744,0.000263652,0.00126178,0.00272601,0,0,0,0,0,0,0,0,0,0,0,0,0,0,0,0,0,0,0,0,0,0,0,0,0,0,0,0,0,0,0,0,0,0,0,0,0,0,0,0,1.31396,1.52825,-1.00384,-2.44139e-06,0.000112304,-0.0001657,-1.50423e-05,0.000508165,-0.000671357,0,0,0,0,0,0,0,0,0,0,0,0,0,0,0,0,0,0,0,0,0,0,0,0,0,0,0,0,0,0,0,0,0,0,0,0,0,0,0,0,0,0,0,0,0,0,0,0,0,0,0,0,1,0,0,0,0,0,1.3095,-1.0178,1.1751,0,0,0,0,0,0,0,-0,0,1.76474,0,0,0,0,0,0,0,0,0,0,0,0,0,0,0,0,0,0,0,0,0,0,0,0,0,0,0,0,0
1.55,0,0,0,0,-0,0,3.0057,2.03052,-2.12998,-3.41785e-05,-0.000156245,-0.00040053,-0.000198946,-0.000702861,-0.00184405,0,0,0,0,0,0,0,0,0,0,0,0,0,0,0,0,0,0,0,0,0,0,0,0,0,0,0,0,0,0,0,0,0,0,0,0,0,0,0,0,1.31397,1.52825,-1.00384,2.92959e-05,4.88265e-06,-3.45695e-05,0.000172992,0.000210494,6.71441e-05,0,0,0,0,0,0,0,0,0,0,0,0,0,0,0,0,0,0,0,0,0,0,0,0,0,0,0,0,0,0,0,0,0,0,0,0,0,0,0,0,0,0,0,0,0,0,0,0,0,0,0,0,1,0,0,0,0,0,1.3095,-1.0178,1.1751,0,0,0,0,0,0,2.6435,-2.32854,3.24308,1.76473,0,0,0,0,1,0,0,0,0,0,0,0,0,0,0,0,0,0,0,0,0,0,0,0,0,0,0,0,0
1.6,0,0,0,0,-0,0,3.0057,2.03052,-2.12995,-2.92973e-05,-1.22072e-05,0.000314717,-0.000162548,-0.000112339,0.00113231,0,0,0,0,0,0,0,0,0,0,0,0,0,0,0,0,0,0,0,0,0,0,0,0,0,0,0,0,0,0,0,0,0,0,0,0,0,0,0,0,1.31396,1.52825,-1.00382,-9.76575e-06,-7.32431e-06,0.000191929,-2.67683e-05,3.73235e-05,0.0010453,0,0,0,0,0,0,0,0,0,0,0,0,0,0,0,0,0,0,0,0,0,0,0,0,0,0,0,0,0,0,0,0,0,0,0,0,0,0,0,0,0,0,0,0,0,0,0,0,0,0,0,0,1,0,0,0,0,0,1.3095,-1.0178,1.1751,0,0,0,0,0,0,2.6435,-2.32854,3.24308,1.76472,0,0,0,0,1,0,0,0,0,0,0,0,0,0,0,0,0,0,0,0,0,0,0,0,0,0,0,0,0
1.65,0,0,0,0,-0,0,3.0057,2.03052,-2.13,4.88283e-06,-6.34768e-05,-0.000507833,4.39016e-05,-0.000192398,-0.00220404,0,0,0,0,0,0,0,0,0,0,0,0,0,0,0,0,0,0,0,0,0,0,0,0,0,0,0,0,0,0,0,0,0,0,0,0,0,0,0,0,1.31396,1.52826,-1.00383,4.88284e-06,0.000114747,-6.55654e-05,1.54258e-05,0.000486741,-0.000268883,0,0,0,0,0,0,0,0,0,0,0,0,0,0,0,0,0,0,0,0,0,0,0,0,0,0,0,0,0,0,0,0,0,0,0,0,0,0,0,0,0,0,0,0,0,0,0,0,0,0,0,0,1,0,0,0,0,0,1.3095,-1.0178,1.1751,0,0,0,0,0,0,2.6435,-2.32854,3.24308,1.76472,0,0,0,0,1,0,0,0,0,0,0,0,0,0,0,0,0,0,0,0,0,0,0,0,0,0,0,0,0
1.7,0,0,0,0,-0,0,3.0057,2.03052,-2.13,4.88283e-06,-6.34768e-05,-0.000507833,4.39016e-05,-0.000192398,-0.00220404,0,0,0,0,0,0,0,0,0,0,0,0,0,0,0,0,0,0,0,0,0,0,0,0,0,0,0,0,0,0,0,0,0,0,0,0,0,0,0,0,1.31396,1.52826,-1.00383,4.88284e-06,0.000114747,-6.55654e-05,1.54258e-05,0.000486741,-0.000268883,0,0,0,0,0,0,0,0,0,0,0,0,0,0,0,0,0,0,0,0,0,0,0,0,0,0,0,0,0,0,0,0,0,0,0,0,0,0,0,0,0,0,0,0,0,0,0,0,0,0,0,0,1,0,0,0,0,0,1.2606,-1.0667,1.1262,0,0,0,0,0,0,2.6435,-2.32854,3.24308,1.76472,0,0,0,0,1,0,0,0,0,0,0,0,0,0,0,0,0,0,0,0,0,0,0,0,0,0,0,0,0
1.75,0,0,0,0,-0,0,3.0057,2.03052,-2.13,4.88283e-06,-6.34768e-05,-0.000507833,4.39016e-05,-0.000192398,-0.00220404,0,0,0,0,0,0,0,0,0,0,0,0,0,0,0,0,0,0,0,0,0,0,0,0,0,0,0,0,0,0,0,0,0,0,0,0,0,0,0,0,1.31396,1.52826,-1.00383,4.88284e-06,0.000114747,-6.55654e-05,1.54258e-05,0.000486741,-0.000268883,0,0,0,0,0,0,0,0,0,0,0,0,0,0,0,0,0,0,0,0,0,0,0,0,0,0,0,0,0,0,0,0,0,0,0,0,0,0,0,0,0,0,0,0,0,0,0,0,0,0,0,0,1,0,0,0,0,0,1.2606,-1.0667,1.1262,0,0,0,0,0,0,2.6435,-2.32854,3.24308,1.76472,0,0,0,0,1,0,0,0,0,0,0,0,0,0,0,0,0,0,0,0,0,0,0,0,0,0,0,0,0
1.8,0,0,0,0,-0,0,3.00571,2.03053,-2.12997,5.37186e-05,0.0001111,0.000247991,0.000249433,0.000571202,0.00124515,0,0,0,0,0,0,0,0,0,0,0,0,0,0,0,0,0,0,0,0,0,0,0,0,0,0,0,0,0,0,0,0,0,0,0,0,0,0,0,0,1.31397,1.52828,-1.00379,5.49395e-05,0.000185573,0.000329065,0.000214982,0.000636068,0.00123751,0,0,0,0,0,0,0,0,0,0,0,0,0,0,0,0,0,0,0,0,0,0,0,0,0,0,0,0,0,0,0,0,0,0,0,0,0,0,0,0,0,0,0,0,0,0,0,0,0,0,0,0,1,0,0,0,0,0,1.2606,-1.0667,1.1262,0,0,0,0,0,0,0,-0,0,1.76472,0,0,0,0,0,0,0,0,0,0,0,0,0,0,0,0,0,0,0,0,0,0,0,0,0,0,0,0,0
1.85,0,0,0,0,-0,0,3.0057,2.03052,-2.12995,-3.90652e-05,-8.66759e-05,0.000286122,-0.000193131,-0.000343893,0.00136692,0,0,0,0,0,0,0,0,0,0,0,0,0,0,0,0,0,0,0,0,0,0,0,0,0,0,0,0,0,0,0,0,0,0,0,0,0,0,0,0,1.31396,1.52824,-1.00383,-0.00010865,-0.00037234,-0.000344538,-0.000497546,-0.00182707,-0.00174448,0,0,0,0,0,0,0,0,0,0,0,0,0,0,0,0,0,0,0,0,0,0,0,0,0,0,0,0,0,0,0,0,0,0,0,0,0,0,0,0,0,0,0,0,0,0,0,0,0,0,0,0,1,0,0,0,0,0,1.2606,-1.0667,1.1262,0,0,0,0,0,0,0,-0,0,1.76473,0,0,0,0,0,0,0,0,0,0,0,0,0,0,0,0,0,0,0,0,0,0,0,0,0,0,0,0,0
1.9,0,0,0,0,-0,0,3.0057,2.03052,-2.12995,-3.90652e-05,-8.66759e-05,0.000286122,-0.000193131,-0.000343893,0.00136692,0,0,0,0,0,0,0,0,0,0,0,0,0,0,0,0,0,0,0,0,0,0,0,0,0,0,0,0,0,0,0,0,0,0,0,0,0,0,0,0,1.31396,1.52824,-1.00383,-0.00010865,-0.00037234,-0.000344538,-0.000497546,-0.00182707,-0.00174448,0,0,0,0,0,0,0,0,0,0,0,0,0,0,0,0,0,0,0,0,0,0,0,0,0,0,0,0,0,0,0,0,0,0,0,0,0,0,0,0,0,0,0,0,0,0,0,0,0,0,0,0,1,0,0,0,0,0,1.2218,-1.1055,1.0874,0,0,0,0,0,0,0,-0,0,1.76473,0,0,0,0,0,0,0,0,0,0,0,0,0,0,0,0,0,0,0,0,0,0,0,0,0,0,0,0,0
1.95,0,0,0,0,-0,0,3.0057,2.03052,-2.12997,-4.88353e-06,1.70924e-05,-0.000228915,-3.92954e-05,8.42629e-05,-0.00122068,0,0,0,0,0,0,0,0,0,0,0,0,0,0,0,0,0,0,0,0,0,0,0,0,0,0,0,0,0,0,0,0,0,0,0,0,0,0,0,0,1.31396,1.52824,-1.00383,1.95341e-05,7.3253e-06,-2.14608e-05,0.000116982,8.65362e-05,-0.00016022,0,0,0,0,0,0,0,0,0,0,0,0,0,0,0,0,0,0,0,0,0,0,0,0,0,0,0,0,0,0,0,0,0,0,0,0,0,0,0,0,0,0,0,0,0,0,0,0,0,0,0,0,1,0,0,0,0,0,1.2218,-1.1055,1.0874,0,0,0,0,0,0,2.72613,-2.39648,3.20795,1.76473,0,0,0,0,1,0,0,0,0,0,0,0,0,0,0,0,0,0,0,0,0,0,0,0,0,0,0,0,0
2,0,0,0,0,-0,0,3.0057,2.03052,-2.12997,-4.88353e-06,1.70924e-05,-0.000228915,-3.92954e-05,8.42629e-05,-0.00122068,0,0,0,0,0,0,0,0,0,0,0,0,0,0,0,0,0,0,0,0,0,0,0,0,0,0,0,0,0,0,0,0,0,0,0,0,0,0,0,0,1.31396,1.52824,-1.00383,1.95341e-05,7.3253e-06,-2.14608e-05,0.000116982,8.65362e-05,-0.00016022,0,0,0,0,0,0,0,0,0,0,0,0,0,0,0,0,0,0,0,0,0,0,0,0,0,0,0,0,0,0,0,0,0,0,0,0,0,0,0,0,0,0,0,0,0,0,0,0,0,0,0,0,1,0,0,0,0,0,1.2218,-1.1055,1.0874,0,0,0,0,0,0,2.72613,-2.39648,3.20795,1.76473,0,0,0,0,1,0,0,0,0,0,0,0,0,0,0,0,0,0,0,0,0,0,0,0,0,0,0,0,0
2.05,0,0,0,0,-0,0,3.00571,2.03054,-2.12995,3.41808e-05,0.000190436,0.000233658,0.000153317,0.00080119,0.000765044,0,0,0,0,0,0,0,0,0,0,0,0,0,0,0,0,0,0,0,0,0,0,0,0,0,0,0,0,0,0,0,0,0,0,0,0,0,0,0,0,1.31396,1.52826,-1.00383,2.31941e-05,0.000111088,-3.81482e-05,0.000168052,0.000725589,5.15502e-05,0,0,0,0,0,0,0,0,0,0,0,0,0,0,0,0,0,0,0,0,0,0,0,0,0,0,0,0,0,0,0,0,0,0,0,0,0,0,0,0,0,0,0,0,0,0,0,0,0,0,0,0,1,0,0,0,0,0,1.2218,-1.1055,1.0874,0,0,0,0,0,0,2.72613,-2.39648,3.20795,1.76473,0,0,0,0,1,0,0,0,0,0,0,0,0,0,0,0,0,0,0,0,0,0,0,0,0,0,0,0,0
2.1,0,0,0,0,-0,0,3.00571,2.03054,-2.12995,3.41808e-05,0.000190436,0.000233658,0.000153317,0.00080119,0.000765044,0,0,0,0,0,0,0,0,0,0,0,0,0,0,0,0,0,0,0,0,0,0,0,0,0,0,0,0,0,0,0,0,0,0,0,0,0,0,0,0,1.31396,1.52826,-1.00383,2.31941e-05,0.000111088,-3.81482e-05,0.000168052,0.000725589,5.15502e-05,0,0,0,0,0,0,0,0,0,0,0,0,0,0,0,0,0,0,0,0,0,0,0,0,0,0,0,0,0,0,0,0,0,0,0,0,0,0,0,0,0,0,0,0,0,0,0,0,0,0,0,0,1,0,0,0,0,0,1.2605,-1.0668,1.1261,0,0,0,0,0,0,2.72613,-2.39648,3.20795,1.76473,0,0,0,0,1,0,0,0,0,0,0,0,0,0,0,0,0,0,0,0,0,0,0,0,0,0,0,0,0
2.15,0,0,0,0,-0,0,3.00571,2.03053,-2.12998,-4.88345e-06,-0.00014162,-0.000367213,-3.79613e-05,-0.0007487,-0.00167276,0,0,0,0,0,0,0,0,0,0,0,0,0,0,0,0,0,0,0,0,0,0,0,0,0,0,0,0,0,0,0,0,0,0,0,0,0,0,0,0,1.31397,1.52825,-1.00383,1.95338e-05,-4.02885e-05,5.48435e-05,9.31924e-05,-8.26767e-05,0.000431198,0,0,0,0,0,0,0,0,0,0,0,0,0,0,0,0,0,0,0,0,0,0,0,0,0,0,0,0,0,0,0,0,0,0,0,0,0,0,0,0,0,0,0,0,0,0,0,0,0,0,0,0,1,0,0,0,0,0,1.2605,-1.0668,1.1261,0,0,0,0,0,0,2.58093,-2.26752,3.25792,1.76473,0,0,0,0,1,0,0,0,0,0,0,0,0,0,0,0,0,0,0,0,0,0,0,0,0,0,0,0,0
2.2,0,0,0,0,-0,0,3.00571,2.03053,-2.12998,-4.88345e-06,-0.00014162,-0.000367213,-3.79613e-05,-0.0007487,-0.00167276,0,0,0,0,0,0,0,0,0,0,0,0,0,0,0,0,0,0,0,0,0,0,0,0,0,0,0,0,0,0,0,0,0,0,0,0,0,0,0,0,1.31397,1.52825,-1.00383,1.95338e-05,-4.02885e-05,5.48435e-05,9.31924e-05,-8.26767e-05,0.000431198,0,0,0,0,0,0,0,0,0,0,0,0,0,0,0,0,0,0,0,0,0,0,0,0,0,0,0,0,0,0,0,0,0,0,0,0,0,0,0,0,0,0,0,0,0,0,0,0,0,0,0,0,1,0,0,0,0,0,1.2605,-1.0668,1.1261,0,0,0,0,0,0,2.58093,-2.26752,3.25792,1.76473,0,0,0,0,1,0,0,0,0,0,0,0,0,0,0,0,0,0,0,0,0,0,0,0,0,0,0,0,0
2.25,0,0,0,0,-0,0,3.0057,2.03053,-2.13,-4.88092e-05,5.00295e-05,-0.000202577,-0.00022421,0.000106459,-0.000676622,0,0,0,0,0,0,0,0,0,0,0,0,0,0,0,0,0,0,0,0,0,0,0,0,0,0,0,0,0,0,0,0,0,0,0,0,0,0,0,0,1.31397,1.52827,-1.00379,3.53867e-05,0.000184255,0.000393238,0.000109183,0.000738219,0.00166254,0,0,0,0,0,0,0,0,0,0,0,0,0,0,0,0,0,0,0,0,0,0,0,0,0,0,0,0,0,0,0,0,0,0,0,0,0,0,0,0,0,0,0,0,0,0,0,0,0,0,0,0,1,0,0,0,0,0,1.2605,-1.0668,1.1261,0,0,0,0,0,0,2.58093,-2.26752,3.25792,1.76472,0,0,0,0,1,0,0,0,0,0,0,0,0,0,0,0,0,0,0,0,0,0,0,0,0,0,0,0,0
2.3,0,0,0,0,-0,0,3.0057,2.03053,-2.13,-4.88092e-05,5.00295e-05,-0.000202577,-0.00022421,0.000106459,-0.000676622,0,0,0,0,0,0,0,0,0,0,0,0,0,0,0,0,0,0,0,0,0,0,0,0,0,0,0,0,0,0,0,0,0,0,0,0,0,0,0,0,1.31397,1.52827,-1.00379,3.53867e-05,0.000184255,0.000393238,0.000109183,0.000738219,0.00166254,0,0,0,0,0,0,0,0,0,0,0,0,0,0,0,0,0,0,0,0,0,0,0,0,0,0,0,0,0,0,0,0,0,0,0,0,0,0,0,0,0,0,0,0,0,0,0,0,0,0,0,0,1,0,0,0,0,0,1.3484,-0.9789,1.214,0,0,0,0,0,0,2.58093,-2.26752,3.25792,1.76472,0,0,0,0,1,0,0,0,0,0,0,0,0,0,0,0,0,0,0,0,0,0,0,0,0,0,0,0,0
2.35,0,0,0,0,-0,0,3.00571,2.03054,-2.12995,3.90914e-05,0.000109945,0.000572628,0.00019144,0.000418956,0.00282612,0,0,0,0,0,0,0,0,0,0,0,0,0,0,0,0,0,0,0,0,0,0,0,0,0,0,0,0,0,0,0,0,0,0,0,0,0,0,0,0,1.31396,1.52825,-1.00384,-4.64211e-05,-0.000164917,-0.000507015,-0.000259191,-0.000841006,-0.00243255,0,0,0,0,0,0,0,0,0,0,0,0,0,0,0,0,0,0,0,0,0,0,0,0,0,0,0,0,0,0,0,0,0,0,0,0,0,0,0,0,0,0,0,0,0,0,0,0,0,0,0,0,1,0,0,0,0,0,1.3484,-0.9789,1.214,0,0,0,0,0,0,2.58093,-2.26752,3.25792,1.76473,0,0,0,0,1,0,0,0,0,0,0,0,0,0,0,0,0,0,0,0,0,0,0,0,0,0,0,0,0
2.4,0,0,0,0,-0,0,3.00571,2.03054,-2.12995,3.90914e-05,0.000109945,0.000572628,0.00019144,0.000418956,0.00282612,0,0,0,0,0,0,0,0,0,0,0,0,0,0,0,0,0,0,0,0,0,0,0,0,0,0,0,0,0,0,0,0,0,0,0,0,0,0,0,0,1.31396,1.52825,-1.00384,-4.64211e-05,-0.000164917,-0.000507015,-0.000259191,-0.000841006,-0.00243255,0,0,0,0,0,0,0,0,0,0,0,0,0,0,0,0,0,0,0,0,0,0,0,0,0,0,0,0,0,0,0,0,0,0,0,0,0,0,0,0,0,0,0,0,0,0,0,0,0,0,0,0,1,0,0,0,0,0,1.3484,-0.9789,1.214,0,0,0,0,0,0,2.62026,-2.31169,3.18348,1.76473,0,0,0,0,1,0,0,0,0,0,0,0,0,0,0,0,0,0,0,0,0,0,0,0,0,0,0,0,0
2.45,0,0,0,0,-0,0,3.0057,2.03055,-2.12989,-1.46437e-05,6.71171e-05,0.000500518,-4.34369e-05,0.000123007,0.00188423,0,0,0,0,0,0,0,0,0,0,0,0,0,0,0,0,0,0,0,0,0,0,0,0,0,0,0,0,0,0,0,0,0,0,0,0,0,0,0,0,1.31396,1.52825,-1.00383,-3.17281e-05,-3.41687e-05,8.10362e-05,-0.000146879,-0.000196608,0.00033382,0,0,0,0,0,0,0,0,0,0,0,0,0,0,0,0,0,0,0,0,0,0,0,0,0,0,0,0,0,0,0,0,0,0,0,0,0,0,0,0,0,0,0,0,0,0,0,0,0,0,0,0,1,0,0,0,0,0,1.3484,-0.9789,1.214,0,0,0,0,0,0,2.62026,-2.31169,3.18348,1.76474,0,0,0,0,1,0,0,0,0,0,0,0,0,0,0,0,0,0,0,0,0,0,0,0,0,0,0,0,0
2.5,0,0,0,0,-0,0,3.0057,2.03055,-2.12989,-1.46437e-05,6.71171e-05,0.000500518,-4.34369e-05,0.000123007,0.00188423,0,0,0,0,0,0,0,0,0,0,0,0,0,0,0,0,0,0,0,0,0,0,0,0,0,0,0,0,0,0,0,0,0,0,0,0,0,0,0,0,1.31396,1.52825,-1.00383,-3.17281e-05,-3.41687e-05,8.10362e-05,-0.000146879,-0.000196608,0.00033382,0,0,0,0,0,0,0,0,0,0,0,0,0,0,0,0,0,0,0,0,0,0,0,0,0,0,0,0,0,0,0,0,0,0,0,0,0,0,0,0,0,0,0,0,0,0,0,0,0,0,0,0,1,0,0,0,0,0,1.2605,-1.0668,1.1261,0,0,0,0,0,0,2.62026,-2.31169,3.18348,1.76474,0,0,0,0,1,0,0,0,0,0,0,0,0,0,0,0,0,0,0,0,0,0,0,0,0,0,0,0,0
2.55,0,0,0,0,-0,0,3.00571,2.03052,-2.12998,2.93009e-05,-0.000242953,-0.00086081,0.000117714,-0.0012053,-0.00443656,0,0,0,0,0,0,0,0,0,0,0,0,0,0,0,0,0,0,0,0,0,0,0,0,0,0,0,0,0,0,0,0,0,0,0,0,0,0,0,0,1.31396,1.52825,-1.00383,2.31965e-05,-2.19757e-05,2.86141e-05,0.00014654,1.80248e-05,0.000365607,0,0,0,0,0,0,0,0,0,0,0,0,0,0,0,0,0,0,0,0,0,0,0,0,0,0,0,0,0,0,0,0,0,0,0,0,0,0,0,0,0,0,0,0,0,0,0,0,0,0,0,0,1,0,0,0,0,0,1.2605,-1.0668,1.1261,0,0,0,0,0,0,2.62026,-2.31169,3.18348,1.76473,0,0,0,0,1,0,0,0,0,0,0,0,0,0,0,0,0,0,0,0,0,0,0,0,0,0,0,0,0
2.6,0,0,0,0,-0,0,3.00571,2.03052,-2.12998,2.93009e-05,-0.000242953,-0.00086081,0.000117714,-0.0012053,-0.00443656,0,0,0,0,0,0,0,0,0,0,0,0,0,0,0,0,0,0,0,0,0,0,0,0,0,0,0,0,0,0,0,0,0,0,0,0,0,0,0,0,1.31396,1.52825,-1.00383,2.31965e-05,-2.19757e-05,2.86141e-05,0.00014654,1.80248e-05,0.000365607,0,0,0,0,0,0,0,0,0,0,0,0,0,0,0,0,0,0,0,0,0,0,0,0,0,0,0,0,0,0,0,0,0,0,0,0,0,0,0,0,0,0,0,0,0,0,0,0,0,0,0,0,1,0,0,0,0,0,1.2605,-1.0668,1.1261,0,0,0,0,0,0,0,-0,0,1.76473,0,0,0,0,0,0,0,0,0,0,0,0,0,0,0,0,0,0,0,0,0,0,0,0,0,0,0,0,0
2.65,0,0,0,0,-0,0,3.00571,2.03053,-2.12997,-4.88345e-06,3.41842e-05,6.1997e-05,-4.40922e-05,0.000203812,0.000167807,0,0,0,0,0,0,0,0,0,0,0,0,0,0,0,0,0,0,0,0,0,0,0,0,0,0,0,0,0,0,0,0,0,0,0,0,0,0,0,0,1.31396,1.52825,-1.00384,3.66259e-06,9.76691e-06,-0.00014307,4.96425e-05,0.000166677,-0.000462157,0,0,0,0,0,0,0,0,0,0,0,0,0,0,0,0,0,0,0,0,0,0,0,0,0,0,0,0,0,0,0,0,0,0,0,0,0,0,0,0,0,0,0,0,0,0,0,0,0,0,0,0,1,0,0,0,0,0,1.2605,-1.0668,1.1261,0,0,0,0,0,0,0,-0,0,1.76473,0,0,0,0,0,0,0,0,0,0,0,0,0,0,0,0,0,0,0,0,0,0,0,0,0,0,0,0,0
2.7,0,0,0,0,-0,0,3.00571,2.03053,-2.12997,-4.88345e-06,3.41842e-05,6.1997e-05,-4.40922e-05,0.000203812,0.000167807,0,0,0,0,0,0,0,0,0,0,0,0,0,0,0,0,0,0,0,0,0,0,0,0,0,0,0,0,0,0,0,0,0,0,0,0,0,0,0,0,1.31396,1.52825,-1.00384,3.66259e-06,9.76691e-06,-0.00014307,4.96425e-05,0.000166677,-0.000462157,0,0,0,0,0,0,0,0,0,0,0,0,0,0,0,0,0,0,0,0,0,0,0,0,0,0,0,0,0,0,0,0,0,0,0,0,0,0,0,0,0,0,0,0,0,0,0,0,0,0,0,0,1,0,0,0,0,0,1.2058,-1.1216,1.0713,0,0,0,0,0,0,0,-0,0,1.76473,0,0,0,0,0,0,0,0,0,0,0,0,0,0,0,0,0,0,0,0,0,0,0,0,0,0,0,0,0
2.75,0,0,0,0,-0,0,3.0057,2.03053,-2.12996,-2.93004e-05,1.09877e-05,0.000116839,-0.000145943,0.000220455,0.0009432,0,0,0,0,0,0,0,0,0,0,0,0,0,0,0,0,0,0,0,0,0,0,0,0,0,0,0,0,0,0,0,0,0,0,0,0,0,0,0,0,1.31397,1.52826,-1.0038,2.68588e-05,7.93555e-05,0.000387478,0.000109377,0.000398264,0.00173033,0,0,0,0,0,0,0,0,0,0,0,0,0,0,0,0,0,0,0,0,0,0,0,0,0,0,0,0,0,0,0,0,0,0,0,0,0,0,0,0,0,0,0,0,0,0,0,0,0,0,0,0,1,0,0,0,0,0,1.2058,-1.1216,1.0713,0,0,0,0,0,0,0,-0,0,1.76472,0,0,0,0,0,0,0,0,0,0,0,0,0,0,0,0,0,0,0,0,0,0,0,0,0,0,0,0,0
2.8,0,0,0,0,-0,0,3.0057,2.03053,-2.12996,-2.93004e-05,1.09877e-05,0.000116839,-0.000145943,0.000220455,0.0009432,0,0,0,0,0,0,0,0,0,0,0,0,0,0,0,0,0,0,0,0,0,0,0,0,0,0,0,0,0,0,0,0,0,0,0,0,0,0,0,0,1.31397,1.52826,-1.0038,2.68588e-05,7.93555e-05,0.000387478,0.000109377,0.000398264,0.00173033,0,0,0,0,0,0,0,0,0,0,0,0,0,0,0,0,0,0,0,0,0,0,0,0,0,0,0,0,0,0,0,0,0,0,0,0,0,0,0,0,0,0,0,0,0,0,0,0,0,0,0,0,1,0,0,0,0,0,1.2058,-1.1216,1.0713,0,0,0,0,0,0,2.59496,-2.28281,3.25691,1.76472,0,0,0,0,1,0,0,0,0,0,0,0,0,0,0,0,0,0,0,0,0,0,0,0,0,0,0,0,0
2.85,0,0,0,0,-0,0,3.0057,2.03053,-2.13,1.46469e-05,1.46469e-05,-0.000364741,7.41804e-05,0.000149247,-0.00125299,0,0,0,0,0,0,0,0,0,0,0,0,0,0,0,0,0,0,0,0,0,0,0,0,0,0,0,0,0,0,0,0,0,0,0,0,0,0,0,0,1.31397,1.52828,-1.0038,4.88228e-05,0.000247775,2.14553e-05,0.000161533,0.000943484,-0.000126712,0,0,0,0,0,0,0,0,0,0,0,0,0,0,0,0,0,0,0,0,0,0,0,0,0,0,0,0,0,0,0,0,0,0,0,0,0,0,0,0,0,0,0,0,0,0,0,0,0,0,0,0,1,0,0,0,0,0,1.2058,-1.1216,1.0713,0,0,0,0,0,0,2.59496,-2.28281,3.25691,1.76471,0,0,0,0,1,0,0,0,0,0,0,0,0,0,0,0,0,0,0,0,0,0,0,0,0,0,0,0,0
2.9,0,0,0,0,-0,0,3.0057,2.03053,-2.13,1.46469e-05,1.46469e-05,-0.000364741,7.41804e-05,0.000149247,-0.00125299,0,0,0,0,0,0,0,0,0,0,0,0,0,0,0,0,0,0,0,0,0,0,0,0,0,0,0,0,0,0,0,0,0,0,0,0,0,0,0,0,1.31397,1.52828,-1.0038,4.88228e-05,0.000247775,2.14553e-05,0.000161533,0.000943484,-0.000126712,0,0,0,0,0,0,0,0,0,0,0,0,0,0,0,0,0,0,0,0,0,0,0,0,0,0,0,0,0,0,0,0,0,0,0,0,0,0,0,0,0,0,0,0,0,0,0,0,0,0,0,0,1,0,0,0,0,0,1.1976,-1.1297,1.0632,0,0,0,0,0,0,2.59496,-2.28281,3.25691,1.76471,0,0,0,0,1,0,0,0,0,0,0,0,0,0,0,0,0,0,0,0,0,0,0,0,0,0,0,0,0
2.95,0,0,0,0,-0,0,3.00571,2.03053,-2.12997,1.95355e-05,-2.19774e-05,0.000290933,9.38609e-05,-6.63685e-05,0.00157044,0,0,0,0,0,0,0,0,0,0,0,0,0,0,0,0,0,0,0,0,0,0,0,0,0,0,0,0,0,0,0,0,0,0,0,0,0,0,0,0,1.31397,1.52825,-1.00382,-5.98272e-05,-0.000357742,-0.000183621,-0.000330106,-0.00177928,-0.00114688,0,0,0,0,0,0,0,0,0,0,0,0,0,0,0,0,0,0,0,0,0,0,0,0,0,0,0,0,0,0,0,0,0,0,0,0,0,0,0,0,0,0,0,0,0,0,0,0,0,0,0,0,1,0,0,0,0,0,1.1976,-1.1297,1.0632,0,0,0,0,0,0,2.59496,-2.28281,3.25691,1.76473,0,0,0,0,1,0,0,0,0,0,0,0,0,0,0,0,0,0,0,0,0,0,0,0,0,0,0,0,0
3,0,0,0,0,-0,0,3.00571,2.03053,-2.12997,1.95355e-05,-2.19774e-05,0.000290933,9.38609e-05,-6.63685e-05,0.00157044,0,0,0,0,0,0,0,0,0,0,0,0,0,0,0,0,0,0,0,0,0,0,0,0,0,0,0,0,0,0,0,0,0,0,0,0,0,0,0,0,1.31397,1.52825,-1.00382,-5.98272e-05,-0.000357742,-0.000183621,-0.000330106,-0.00177928,-0.00114688,0,0,0,0,0,0,0,0,0,0,0,0,0,0,0,0,0,0,0,0,0,0,0,0,0,0,0,0,0,0,0,0,0,0,0,0,0,0,0,0,0,0,0,0,0,0,0,0,0,0,0,0,1,0,0,0,0,0,1.1976,-1.1297,1.0632,0,0,0,0,0,0,2.6944,-2.37416,3.21955,1.76473,0,0,0,0,1,0,0,0,0,0,0,0,0,0,0,0,0,0,0,0,0,0,0,0,0,0,0,0,0
3.1,0,0,0,0,-0,0,3.0057,2.03051,-2.13,-3.41751e-05,-0.000139142,-0.000250306,-0.000155583,-0.000537215,-0.000837468,0,0,0,0,0,0,0,0,0,0,0,0,0,0,0,0,0,0,0,0,0,0,0,0,0,0,0,0,0,0,0,0,0,0,0,0,0,0,0,0,1.31396,1.52824,-1.00383,-7.20118e-05,-2.80724e-05,-0.000144224,-0.00031347,-0.000119751,-0.000669389,0,0,0,0,0,0,0,0,0,0,0,0,0,0,0,0,0,0,0,0,0,0,0,0,0,0,0,0,0,0,0,0,0,0,0,0,0,0,0,0,0,0,0,0,0,0,0,0,0,0,0,0,1,0,0,0,0,0,1.1976,-1.1297,1.0632,0,0,0,0,0,0,2.6944,-2.37416,3.21955,1.76473,0,0,0,0,1,0,0,0,0,0,0,0,0,0,0,0,0,0,0,0,0,0,0,0,0,0,0,0,0
3.2,0,0,0,0,-0,0,3.0057,2.03051,-2.13,-3.41751e-05,-0.000139142,-0.000250306,-0.000155583,-0.000537215,-0.000837468,0,0,0,0,0,0,0,0,0,0,0,0,0,0,0,0,0,0,0,0,0,0,0,0,0,0,0,0,0,0,0,0,0,0,0,0,0,0,0,0,1.31396,1.52824,-1.00383,-7.20118e-05,-2.80724e-05,-0.000144224,-0.00031347,-0.000119751,-0.000669389,0,0,0,0,0,0,0,0,0,0,0,0,0,0,0,0,0,0,0,0,0,0,0,0,0,0,0,0,0,0,0,0,0,0,0,0,0,0,0,0,0,0,0,0,0,0,0,0,0,0,0,0,1,0,0,0,0,0,1.2423,-1.085,1.1079,0,0,0,0,0,0,2.6944,-2.37416,3.21955,1.76473,0,0,0,0,1,0,0,0,0,0,0,0,0,0,0,0,0,0,0,0,0,0,0,0,0,0,0,0,0
3.25,0,0,0,0,-0,0,3.0057,2.03054,-2.12995,0,0.000251533,0.000455502,9.39418e-06,0.00117445,0.00199091,0,0,0,0,0,0,0,0,0,0,0,0,0,0,0,0,0,0,0,0,0,0,0,0,0,0,0,0,0,0,0,0,0,0,0,0,0,0,0,0,1.31396,1.52825,-1.00382,6.47149e-05,8.91357e-05,0.000157399,0.000360394,0.000621099,0.000867991,0,0,0,0,0,0,0,0,0,0,0,0,0,0,0,0,0,0,0,0,0,0,0,0,0,0,0,0,0,0,0,0,0,0,0,0,0,0,0,0,0,0,0,0,0,0,0,0,0,0,0,0,1,0,0,0,0,0,1.2423,-1.085,1.1079,0,0,0,0,0,0,2.6944,-2.37416,3.21955,1.76473,0,0,0,0,1,0,0,0,0,0,0,0,0,0,0,0,0,0,0,0,0,0,0,0,0,0,0,0,0
3.3,0,0,0,0,-0,0,3.0057,2.03054,-2.12995,0,0.000251533,0.000455502,9.39418e-06,0.00117445,0.00199091,0,0,0,0,0,0,0,0,0,0,0,0,0,0,0,0,0,0,0,0,0,0,0,0,0,0,0,0,0,0,0,0,0,0,0,0,0,0,0,0,1.31396,1.52825,-1.00382,6.47149e-05,8.91357e-05,0.000157399,0.000360394,0.000621099,0.000867991,0,0,0,0,0,0,0,0,0,0,0,0,0,0,0,0,0,0,0,0,0,0,0,0,0,0,0,0,0,0,0,0,0,0,0,0,0,0,0,0,0,0,0,0,0,0,0,0,0,0,0,0,1,0,0,0,0,0,1.2423,-1.085,1.1079,0,0,0,0,0,0,0,-0,0,1.76473,0,0,0,0,0,0,0,0,0,0,0,0,0,0,0,0,0,0,0,0,0,0,0,0,0,0,0,0,0
3.35,0,0,0,0,-0,0,3.0057,2.03053,-2.12995,-2.92984e-05,-6.95838e-05,4.05333e-05,-8.91064e-05,-0.000346023,-7.94607e-05,0,0,0,0,0,0,0,0,0,0,0,0,0,0,0,0,0,0,0,0,0,0,0,0,0,0,0,0,0,0,0,0,0,0,0,0,0,0,0,0,1.31396,1.52826,-1.00383,-3.05192e-05,0.000107428,-9.06039e-05,-7.2887e-05,0.000546359,-0.000261592,0,0,0,0,0,0,0,0,0,0,0,0,0,0,0,0,0,0,0,0,0,0,0,0,0,0,0,0,0,0,0,0,0,0,0,0,0,0,0,0,0,0,0,0,0,0,0,0,0,0,0,0,1,0,0,0,0,0,1.2423,-1.085,1.1079,0,0,0,0,0,0,0,-0,0,1.76472,0,0,0,0,0,0,0,0,0,0,0,0,0,0,0,0,0,0,0,0,0,0,0,0,0,0,0,0,0
3.4,0,0,0,0,-0,0,3.0057,2.03053,-2.12995,-2.92984e-05,-6.95838e-05,4.05333e-05,-8.91064e-05,-0.000346023,-7.94607e-05,0,0,0,0,0,0,0,0,0,0,0,0,0,0,0,0,0,0,0,0,0,0,0,0,0,0,0,0,0,0,0,0,0,0,0,0,0,0,0,0,1.31396,1.52826,-1.00383,-3.05192e-05,0.000107428,-9.06039e-05,-7.2887e-05,0.000546359,-0.000261592,0,0,0,0,0,0,0,0,0,0,0,0,0,0,0,0,0,0,0,0,0,0,0,0,0,0,0,0,0,0,0,0,0,0,0,0,0,0,0,0,0,0,0,0,0,0,0,0,0,0,0,0,1,0,0,0,0,0,1.184,-1.1433,1.0496,0,0,0,0,0,0,0,-0,0,1.76472,0,0,0,0,0,0,0,0,0,0,0,0,0,0,0,0,0,0,0,0,0,0,0,0,0,0,0,0,0
3.45,0,0,0,0,-0,0,3.00571,2.03051,-2.12999,6.34711e-05,-0.000223369,-0.000402893,0.00030385,-0.00102801,-0.00209968,0,0,0,0,0,0,0,0,0,0,0,0,0,0,0,0,0,0,0,0,0,0,0,0,0,0,0,0,0,0,0,0,0,0,0,0,0,0,0,0,1.31397,1.52826,-1.00382,7.44565e-05,-1.8309e-05,9.53592e-05,0.00031704,-0.00018449,0.000433076,0,0,0,0,0,0,0,0,0,0,0,0,0,0,0,0,0,0,0,0,0,0,0,0,0,0,0,0,0,0,0,0,0,0,0,0,0,0,0,0,0,0,0,0,0,0,0,0,0,0,0,0,1,0,0,0,0,0,1.184,-1.1433,1.0496,0,0,0,0,0,0,0,-0,0,1.76472,0,0,0,0,0,0,0,0,0,0,0,0,0,0,0,0,0,0,0,0,0,0,0,0,0,0,0,0,0
3.5,0,0,0,0,-0,0,3.00571,2.03051,-2.12999,6.34711e-05,-0.000223369,-0.000402893,0.00030385,-0.00102801,-0.00209968,0,0,0,0,0,0,0,0,0,0,0,0,0,0,0,0,0,0,0,0,0,0,0,0,0,0,0,0,0,0,0,0,0,0,0,0,0,0,0,0,1.31397,1.52826,-1.00382,7.44565e-05,-1.8309e-05,9.53592e-05,0.00031704,-0.00018449,0.000433076,0,0,0,0,0,0,0,0,0,0,0,0,0,0,0,0,0,0,0,0,0,0,0,0,0,0,0,0,0,0,0,0,0,0,0,0,0,0,0,0,0,0,0,0,0,0,0,0,0,0,0,0,1,0,0,0,0,0,1.184,-1.1433,1.0496,0,0,0,0,0,0,0,-0,0,1.76472,0,0,0,0,0,0,0,0,0,0,0,0,0,0,0,0,0,0,0,0,0,0,0,0,0,0,0,0,0
3.55,0,0,0,0,-0,0,3.0057,2.03053,-2.12997,-2.19793e-05,0.000202698,0.000195562,-0.000105826,0.000992932,0.000857207,0,0,0,0,0,0,0,0,0,0,0,0,0,0,0,0,0,0,0,0,0,0,0,0,0,0,0,0,0,0,0,0,0,0,0,0,0,0,0,0,1.31397,1.52828,-1.00379,4.64006e-05,0.000221013,0.000330308,0.000130999,0.00074654,0.00129276,0,0,0,0,0,0,0,0,0,0,0,0,0,0,0,0,0,0,0,0,0,0,0,0,0,0,0,0,0,0,0,0,0,0,0,0,0,0,0,0,0,0,0,0,0,0,0,0,0,0,0,0,1,0,0,0,0,0,1.184,-1.1433,1.0496,0,0,0,0,0,0,0,-0,0,1.76471,0,0,0,0,0,0,0,0,0,0,0,0,0,0,0,0,0,0,0,0,0,0,0,0,0,0,0,0,0
3.6,0,0,0,0,-0,0,3.0057,2.03053,-2.12997,-2.19793e-05,0.000202698,0.000195562,-0.000105826,0.000992932,0.000857207,0,0,0,0,0,0,0,0,0,0,0,0,0,0,0,0,0,0,0,0,0,0,0,0,0,0,0,0,0,0,0,0,0,0,0,0,0,0,0,0,1.31397,1.52828,-1.00379,4.64006e-05,0.000221013,0.000330308,0.000130999,0.00074654,0.00129276,0,0,0,0,0,0,0,0,0,0,0,0,0,0,0,0,0,0,0,0,0,0,0,0,0,0,0,0,0,0,0,0,0,0,0,0,0,0,0,0,0,0,0,0,0,0,0,0,0,0,0,0,1,0,0,0,0,0,1.2605,-1.0668,1.1261,0,0,0,0,0,0,0,-0,0,1.76471,0,0,0,0,0,0,0,0,0,0,0,0,0,0,0,0,0,0,0,0,0,0,0,0,0,0,0,0,0
3.65,0,0,0,0,-0,0,3.00571,2.03053,-2.12999,1.46499e-05,-1.22083e-05,-0.000183601,2.73534e-05,1.1191e-05,-0.000599972,0,0,0,0,0,0,0,0,0,0,0,0,0,0,0,0,0,0,0,0,0,0,0,0,0,0,0,0,0,0,0,0,0,0,0,0,0,0,0,0,1.31396,1.52825,-1.00384,-0.000103771,-0.000339391,-0.000542459,-0.000546518,-0.00166475,-0.00259444,0,0,0,0,0,0,0,0,0,0,0,0,0,0,0,0,0,0,0,0,0,0,0,0,0,0,0,0,0,0,0,0,0,0,0,0,0,0,0,0,0,0,0,0,0,0,0,0,0,0,0,0,1,0,0,0,0,0,1.2605,-1.0668,1.1261,0,0,0,0,0,0,0,-0,0,1.76473,0,0,0,0,0,0,0,0,0,0,0,0,0,0,0,0,0,0,0,0,0,0,0,0,0,0,0,0,0
3.7,0,0,0,0,-0,0,3.00571,2.03053,-2.12999,1.46499e-05,-1.22083e-05,-0.000183601,2.73534e-05,1.1191e-05,-0.000599972,0,0,0,0,0,0,0,0,0,0,0,0,0,0,0,0,0,0,0,0,0,0,0,0,0,0,0,0,0,0,0,0,0,0,0,0,0,0,0,0,1.31396,1.52825,-1.00384,-0.000103771,-0.000339391,-0.000542459,-0.000546518,-0.00166475,-0.00259444,0,0,0,0,0,0,0,0,0,0,0,0,0,0,0,0,0,0,0,0,0,0,0,0,0,0,0,0,0,0,0,0,0,0,0,0,0,0,0,0,0,0,0,0,0,0,0,0,0,0,0,0,1,0,0,0,0,0,1.2605,-1.0668,1.1261,0,0,0,0,0,0,0,-0,0,1.76473,0,0,0,0,0,0,0,0,0,0,0,0,0,0,0,0,0,0,0,0,0,0,0,0,0,0,0,0,0
3.75,0,0,0,0,-0,0,3.00571,2.03052,-2.12999,-7.32363e-06,-6.83539e-05,-3.09919e-05,-5.33456e-05,-0.000350554,5.22408e-05,0,0,0,0,0,0,0,0,0,0,0,0,0,0,0,0,0,0,0,0,0,0,0,0,0,0,0,0,0,0,0,0,0,0,0,0,0,0,0,0,1.31396,1.52824,-1.00385,-1.58679e-05,-5.85891e-05,-5.84079e-05,-6.86538e-05,-0.000204072,-0.00015,0,0,0,0,0,0,0,0,0,0,0,0,0,0,0,0,0,0,0,0,0,0,0,0,0,0,0,0,0,0,0,0,0,0,0,0,0,0,0,0,0,0,0,0,0,0,0,0,0,0,0,0,1,0,0,0,0,0,1.2605,-1.0668,1.1261,0,0,0,0,0,0,0,-0,0,1.76473,0,0,0,0,0,0,0,0,0,0,0,0,0,0,0,0,0,0,0,0,0,0,0,0,0,0,0,0,0
3.8,0,0,0,0,-0,0,3.00571,2.03052,-2.12999,-7.32363e-06,-6.83539e-05,-3.09919e-05,-5.33456e-05,-0.000350554,5.22408e-05,0,0,0,0,0,0,0,0,0,0,0,0,0,0,0,0,0,0,0,0,0,0,0,0,0,0,0,0,0,0,0,0,0,0,0,0,0,0,0,0,1.31396,1.52824,-1.00385,-1.58679e-05,-5.85891e-05,-5.84079e-05,-6.86538e-05,-0.000204072,-0.00015,0,0,0,0,0,0,0,0,0,0,0,0,0,0,0,0,0,0,0,0,0,0,0,0,0,0,0,0,0,0,0,0,0,0,0,0,0,0,0,0,0,0,0,0,0,0,0,0,0,0,0,0,1,0,0,0,0,0,1.2524,-1.075,1.1179,0,0,0,0,0,0,0,-0,0,1.76473,0,0,0,0,0,0,0,0,0,0,0,0,0,0,0,0,0,0,0,0,0,0,0,0,0,0,0,0,0
3.85,0,0,0,0,-0,0,3.00571,2.03053,-2.12996,1.95325e-05,8.54547e-05,0.000283736,6.4359e-05,0.000355156,0.00137723,0,0,0,0,0,0,0,0,0,0,0,0,0,0,0,0,0,0,0,0,0,0,0,0,0,0,0,0,0,0,0,0,0,0,0,0,0,0,0,0,1.31396,1.52825,-1.00382,2.07533e-05,6.34806e-05,0.000209822,0.000169793,0.000562959,0.0013126,0,0,0,0,0,0,0,0,0,0,0,0,0,0,0,0,0,0,0,0,0,0,0,0,0,0,0,0,0,0,0,0,0,0,0,0,0,0,0,0,0,0,0,0,0,0,0,0,0,0,0,0,1,0,0,0,0,0,1.2524,-1.075,1.1179,0,0,0,0,0,0,0,-0,0,1.76473,0,0,0,0,0,0,0,0,0,0,0,0,0,0,0,0,0,0,0,0,0,0,0,0,0,0,0,0,0
3.9,0,0,0,0,-0,0,3.00571,2.03053,-2.12996,1.95325e-05,8.54547e-05,0.000283736,6.4359e-05,0.000355156,0.00137723,0,0,0,0,0,0,0,0,0,0,0,0,0,0,0,0,0,0,0,0,0,0,0,0,0,0,0,0,0,0,0,0,0,0,0,0,0,0,0,0,1.31396,1.52825,-1.00382,2.07533e-05,6.34806e-05,0.000209822,0.000169793,0.000562959,0.0013126,0,0,0,0,0,0,0,0,0,0,0,0,0,0,0,0,0,0,0,0,0,0,0,0,0,0,0,0,0,0,0,0,0,0,0,0,0,0,0,0,0,0,0,0,0,0,0,0,0,0,0,0,1,0,0,0,0,0,1.2524,-1.075,1.1179,0,0,0,0,0,0,2.54124,-2.23821,3.28703,1.76473,0,0,0,0,1,0,0,0,0,0,0,0,0,0,0,0,0,0,0,0,0,0,0,0,0,0,0,0,0
3.95,0,0,0,0,-0,0,3.00571,2.03054,-2.12998,-1.70881e-05,6.83523e-05,-0.000185947,-9.17524e-05,0.00024043,-0.000870471,0,0,0,0,0,0,0,0,0,0,0,0,0,0,0,0,0,0,0,0,0,0,0,0,0,0,0,0,0,0,0,0,0,0,0,0,0,0,0,0,1.31397,1.52826,-1.00383,4.8823e-05,8.17785e-05,-4.41028e-05,0.000246381,0.000514938,-2.85496e-05,0,0,0,0,0,0,0,0,0,0,0,0,0,0,0,0,0,0,0,0,0,0,0,0,0,0,0,0,0,0,0,0,0,0,0,0,0,0,0,0,0,0,0,0,0,0,0,0,0,0,0,0,1,0,0,0,0,0,1.2524,-1.075,1.1179,0,0,0,0,0,0,2.54124,-2.23821,3.28703,1.76473,0,0,0,0,1,0,0,0,0,0,0,0,0,0,0,0,0,0,0,0,0,0,0,0,0,0,0,0,0
4,0,0,0,0,-0,0,3.00571,2.03054,-2.12998,-1.70881e-05,6.83523e-05,-0.000185947,-9.17524e-05,0.00024043,-0.000870471,0,0,0,0,0,0,0,0,0,0,0,0,0,0,0,0,0,0,0,0,0,0,0,0,0,0,0,0,0,0,0,0,0,0,0,0,0,0,0,0,1.31397,1.52826,-1.00383,4.8823e-05,8.17785e-05,-4.41028e-05,0.000246381,0.000514938,-2.85496e-05,0,0,0,0,0,0,0,0,0,0,0,0,0,0,0,0,0,0,0,0,0,0,0,0,0,0,0,0,0,0,0,0,0,0,0,0,0,0,0,0,0,0,0,0,0,0,0,0,0,0,0,0,1,0,0,0,0,0,1.2584,-1.0689,1.1239,0,0,0,0,0,0,2.54124,-2.23821,3.28703,1.76473,0,0,0,0,1,0,0,0,0,0,0,0,0,0,0,0,0,0,0,0,0,0,0,0,0,0,0,0,0
4.05,0,0,0,0,-0,0,3.0057,2.03053,-2.13,-1.22099e-05,-6.71545e-05,-0.000188395,-5.67207e-05,-0.000412638,-0.000836565,0,0,0,0,0,0,0,0,0,0,0,0,0,0,0,0,0,0,0,0,0,0,0,0,0,0,0,0,0,0,0,0,0,0,0,0,0,0,0,0,1.31397,1.52826,-1.00382,1.58729e-05,4.76188e-05,0.000129969,2.66199e-05,0.000166156,0.000496887,0,0,0,0,0,0,0,0,0,0,0,0,0,0,0,0,0,0,0,0,0,0,0,0,0,0,0,0,0,0,0,0,0,0,0,0,0,0,0,0,0,0,0,0,0,0,0,0,0,0,0,0,1,0,0,0,0,0,1.2584,-1.0689,1.1239,0,0,0,0,0,0,2.54124,-2.23821,3.28703,1.76472,0,0,0,0,1,0,0,0,0,0,0,0,0,0,0,0,0,0,0,0,0,0,0,0,0,0,0,0,0
4.1,0,0,0,0,-0,0,3.0057,2.03053,-2.13,-1.22099e-05,-6.71545e-05,-0.000188395,-5.67207e-05,-0.000412638,-0.000836565,0,0,0,0,0,0,0,0,0,0,0,0,0,0,0,0,0,0,0,0,0,0,0,0,0,0,0,0,0,0,0,0,0,0,0,0,0,0,0,0,1.31397,1.52826,-1.00382,1.58729e-05,4.76188e-05,0.000129969,2.66199e-05,0.000166156,0.000496887,0,0,0,0,0,0,0,0,0,0,0,0,0,0,0,0,0,0,0,0,0,0,0,0,0,0,0,0,0,0,0,0,0,0,0,0,0,0,0,0,0,0,0,0,0,0,0,0,0,0,0,0,1,0,0,0,0,0,1.2584,-1.0689,1.1239,0,0,0,0,0,0,2.54773,-2.23946,3.27306,1.76472,0,0,0,0,1,0,0,0,0,0,0,0,0,0,0,0,0,0,0,0,0,0,0,0,0,0,0,0,0
4.15,0,0,0,0,-0,0,3.00571,2.03054,-2.12996,3.41779e-05,0.000113519,0.000357609,0.00015603,0.000385744,0.00168385,0,0,0,0,0,0,0,0,0,0,0,0,0,0,0,0,0,0,0,0,0,0,0,0,0,0,0,0,0,0,0,0,0,0,0,0,0,0,0,0,1.31396,1.52825,-1.00382,-8.91068e-05,-0.000104975,-4.41052e-05,-0.000433219,-0.000557126,-0.000326003,0,0,0,0,0,0,0,0,0,0,0,0,0,0,0,0,0,0,0,0,0,0,0,0,0,0,0,0,0,0,0,0,0,0,0,0,0,0,0,0,0,0,0,0,0,0,0,0,0,0,0,0,1,0,0,0,0,0,1.2584,-1.0689,1.1239,0,0,0,0,0,0,2.54773,-2.23946,3.27306,1.76474,0,0,0,0,1,0,0,0,0,0,0,0,0,0,0,0,0,0,0,0,0,0,0,0,0,0,0,0,0
4.2,0,0,0,0,-0,0,3.00571,2.03054,-2.12996,3.41779e-05,0.000113519,0.000357609,0.00015603,0.000385744,0.00168385,0,0,0,0,0,0,0,0,0,0,0,0,0,0,0,0,0,0,0,0,0,0,0,0,0,0,0,0,0,0,0,0,0,0,0,0,0,0,0,0,1.31396,1.52825,-1.00382,-8.91068e-05,-0.000104975,-4.41052e-05,-0.000433219,-0.000557126,-0.000326003,0,0,0,0,0,0,0,0,0,0,0,0,0,0,0,0,0,0,0,0,0,0,0,0,0,0,0,0,0,0,0,0,0,0,0,0,0,0,0,0,0,0,0,0,0,0,0,0,0,0,0,0,1,0,0,0,0,0,1.2606,-1.0667,1.1262,0,0,0,0,0,0,2.54773,-2.23946,3.27306,1.76474,0,0,0,0,1,0,0,0,0,0,0,0,0,0,0,0,0,0,0,0,0,0,0,0,0,0,0,0,0
4.25,0,0,0,0,-0,0,3.00571,2.03054,-2.12992,-1.95271e-05,-1.58657e-05,0.000405225,-9.2123e-05,-0.000177345,0.00154241,0,0,0,0,0,0,0,0,0,0,0,0,0,0,0,0,0,0,0,0,0,0,0,0,0,0,0,0,0,0,0,0,0,0,0,0,0,0,0,0,1.31397,1.52825,-1.00382,3.90541e-05,-2.68497e-05,-1.90694e-05,0.000189774,-0.000120218,-0.000207087,0,0,0,0,0,0,0,0,0,0,0,0,0,0,0,0,0,0,0,0,0,0,0,0,0,0,0,0,0,0,0,0,0,0,0,0,0,0,0,0,0,0,0,0,0,0,0,0,0,0,0,0,1,0,0,0,0,0,1.2606,-1.0667,1.1262,0,0,0,0,0,0,2.54773,-2.23946,3.27306,1.76473,0,0,0,0,1,0,0,0,0,0,0,0,0,0,0,0,0,0,0,0,0,0,0,0,0,0,0,0,0
4.3,0,0,0,0,-0,0,3.00571,2.03054,-2.12992,-1.95271e-05,-1.58657e-05,0.000405225,-9.2123e-05,-0.000177345,0.00154241,0,0,0,0,0,0,0,0,0,0,0,0,0,0,0,0,0,0,0,0,0,0,0,0,0,0,0,0,0,0,0,0,0,0,0,0,0,0,0,0,1.31397,1.52825,-1.00382,3.90541e-05,-2.68497e-05,-1.90694e-05,0.000189774,-0.000120218,-0.000207087,0,0,0,0,0,0,0,0,0,0,0,0,0,0,0,0,0,0,0,0,0,0,0,0,0,0,0,0,0,0,0,0,0,0,0,0,0,0,0,0,0,0,0,0,0,0,0,0,0,0,0,0,1,0,0,0,0,0,1.2606,-1.0667,1.1262,0,0,0,0,0,0,2.52056,-2.21723,3.30446,1.76473,0,0,0,0,1,0,0,0,0,0,0,0,0,0,0,0,0,0,0,0,0,0,0,0,0,0,0,0,0
4.35,0,0,0,0,-0,0,3.0057,2.03053,-2.12995,-1.95414e-05,-0.000150224,-0.000293407,-8.89341e-05,-0.000719494,-0.00188476,0,0,0,0,0,0,0,0,0,0,0,0,0,0,0,0,0,0,0,0,0,0,0,0,0,0,0,0,0,0,0,0,0,0,0,0,0,0,0,0,1.31396,1.52825,-1.00383,-5.98453e-05,1.22133e-06,-5.96354e-05,-0.000196927,9.91243e-05,-0.000270316,0,0,0,0,0,0,0,0,0,0,0,0,0,0,0,0,0,0,0,0,0,0,0,0,0,0,0,0,0,0,0,0,0,0,0,0,0,0,0,0,0,0,0,0,0,0,0,0,0,0,0,0,1,0,0,0,0,0,1.2606,-1.0667,1.1262,0,0,0,0,0,0,2.52056,-2.21723,3.30446,1.76473,0,0,0,0,1,0,0,0,0,0,0,0,0,0,0,0,0,0,0,0,0,0,0,0,0,0,0,0,0
4.4,0,0,0,0,-0,0,3.0057,2.03053,-2.12995,-1.95414e-05,-0.000150224,-0.000293407,-8.89341e-05,-0.000719494,-0.00188476,0,0,0,0,0,0,0,0,0,0,0,0,0,0,0,0,0,0,0,0,0,0,0,0,0,0,0,0,0,0,0,0,0,0,0,0,0,0,0,0,1.31396,1.52825,-1.00383,-5.98453e-05,1.22133e-06,-5.96354e-05,-0.000196927,9.91243e-05,-0.000270316,0,0,0,0,0,0,0,0,0,0,0,0,0,0,0,0,0,0,0,0,0,0,0,0,0,0,0,0,0,0,0,0,0,0,0,0,0,0,0,0,0,0,0,0,0,0,0,0,0,0,0,0,1,0,0,0,0,0,1.2129,-1.1144,1.0785,0,0,0,0,0,0,2.52056,-2.21723,3.30446,1.76473,0,0,0,0,1,0,0,0,0,0,0,0,0,0,0,0,0,0,0,0,0,0,0,0,0,0,0,0,0
4.45,0,0,0,0,-0,0,3.00571,2.03052,-2.13,1.95331e-05,-2.80789e-05,-0.000491189,0.000103128,-1.75846e-05,-0.00238626,0,0,0,0,0,0,0,0,0,0,0,0,0,0,0,0,0,0,0,0,0,0,0,0,0,0,0,0,0,0,0,0,0,0,0,0,0,0,0,0,1.31396,1.52825,-1.00384,2.0754e-05,3.78455e-05,-9.29923e-05,0.000151379,0.000235544,-0.000304253,0,0,0,0,0,0,0,0,0,0,0,0,0,0,0,0,0,0,0,0,0,0,0,0,0,0,0,0,0,0,0,0,0,0,0,0,0,0,0,0,0,0,0,0,0,0,0,0,0,0,0,0,1,0,0,0,0,0,1.2129,-1.1144,1.0785,0,0,0,0,0,0,2.52056,-2.21723,3.30446,1.76473,0,0,0,0,1,0,0,0,0,0,0,0,0,0,0,0,0,0,0,0,0,0,0,0,0,0,0,0,0
4.5,0,0,0,0,-0,0,3.00571,2.03052,-2.13,1.95331e-05,-2.80789e-05,-0.000491189,0.000103128,-1.75846e-05,-0.00238626,0,0,0,0,0,0,0,0,0,0,0,0,0,0,0,0,0,0,0,0,0,0,0,0,0,0,0,0,0,0,0,0,0,0,0,0,0,0,0,0,1.31396,1.52825,-1.00384,2.0754e-05,3.78455e-05,-9.29923e-05,0.000151379,0.000235544,-0.000304253,0,0,0,0,0,0,0,0,0,0,0,0,0,0,0,0,0,0,0,0,0,0,0,0,0,0,0,0,0,0,0,0,0,0,0,0,0,0,0,0,0,0,0,0,0,0,0,0,0,0,0,0,1,0,0,0,0,0,1.2129,-1.1144,1.0785,0,0,0,0,0,0,0,-0,0,1.76473,0,0,0,0,0,0,0,0,0,0,0,0,0,0,0,0,0,0,0,0,0,0,0,0,0,0,0,0,0
4.55,0,0,0,0,-0,0,3.0057,2.03053,-2.12996,-1.46458e-05,0.000122049,0.000410007,-4.86408e-05,0.000684405,0.00210036,0,0,0,0,0,0,0,0,0,0,0,0,0,0,0,0,0,0,0,0,0,0,0,0,0,0,0,0,0,0,0,0,0,0,0,0,0,0,0,0,1.31397,1.52826,-1.00382,4.88194e-05,0.000104962,0.000176398,0.000250216,0.000428096,0.000889179,0,0,0,0,0,0,0,0,0,0,0,0,0,0,0,0,0,0,0,0,0,0,0,0,0,0,0,0,0,0,0,0,0,0,0,0,0,0,0,0,0,0,0,0,0,0,0,0,0,0,0,0,1,0,0,0,0,0,1.2129,-1.1144,1.0785,0,0,0,0,0,0,0,-0,0,1.76472,0,0,0,0,0,0,0,0,0,0,0,0,0,0,0,0,0,0,0,0,0,0,0,0,0,0,0,0,0
4.6,0,0,0,0,-0,0,3.0057,2.03053,-2.12996,-1.46458e-05,0.000122049,0.000410007,-4.86408e-05,0.000684405,0.00210036,0,0,0,0,0,0,0,0,0,0,0,0,0,0,0,0,0,0,0,0,0,0,0,0,0,0,0,0,0,0,0,0,0,0,0,0,0,0,0,0,1.31397,1.52826,-1.00382,4.88194e-05,0.000104962,0.000176398,0.000250216,0.000428096,0.000889179,0,0,0,0,0,0,0,0,0,0,0,0,0,0,0,0,0,0,0,0,0,0,0,0,0,0,0,0,0,0,0,0,0,0,0,0,0,0,0,0,0,0,0,0,0,0,0,0,0,0,0,0,1,0,0,0,0,0,1.3163,-1.011,1.1819,0,0,0,0,0,0,0,-0,0,1.76472,0,0,0,0,0,0,0,0,0,0,0,0,0,0,0,0,0,0,0,0,0,0,0,0,0,0,0,0,0
4.65,0,0,0,0,-0,0,3.0057,2.03053,-2.13,-1.70947e-05,-5.61682e-05,-0.000376808,-5.95196e-05,-0.000206221,-0.0012757,0,0,0,0,0,0,0,0,0,0,0,0,0,0,0,0,0,0,0,0,0,0,0,0,0,0,0,0,0,0,0,0,0,0,0,0,0,0,0,0,1.31397,1.52829,-1.0038,2.93051e-05,0.000217346,0.000177672,8.56049e-05,0.000732058,0.000700372,0,0,0,0,0,0,0,0,0,0,0,0,0,0,0,0,0,0,0,0,0,0,0,0,0,0,0,0,0,0,0,0,0,0,0,0,0,0,0,0,0,0,0,0,0,0,0,0,0,0,0,0,1,0,0,0,0,0,1.3163,-1.011,1.1819,0,0,0,0,0,0,0,-0,0,1.76471,0,0,0,0,0,0,0,0,0,0,0,0,0,0,0,0,0,0,0,0,0,0,0,0,0,0,0,0,0
4.7,0,0,0,0,-0,0,3.0057,2.03053,-2.13,-1.70947e-05,-5.61682e-05,-0.000376808,-5.95196e-05,-0.000206221,-0.0012757,0,0,0,0,0,0,0,0,0,0,0,0,0,0,0,0,0,0,0,0,0,0,0,0,0,0,0,0,0,0,0,0,0,0,0,0,0,0,0,0,1.31397,1.52829,-1.0038,2.93051e-05,0.000217346,0.000177672,8.56049e-05,0.000732058,0.000700372,0,0,0,0,0,0,0,0,0,0,0,0,0,0,0,0,0,0,0,0,0,0,0,0,0,0,0,0,0,0,0,0,0,0,0,0,0,0,0,0,0,0,0,0,0,0,0,0,0,0,0,0,1,0,0,0,0,0,1.3163,-1.011,1.1819,0,0,0,0,0,0,2.52532,-2.22334,3.27647,1.76471,0,0,0,0,1,0,0,0,0,0,0,0,0,0,0,0,0,0,0,0,0,0,0,0,0,0,0,0,0
4.75,0,0,0,0,-0,0,3.00571,2.03053,-2.12996,3.66333e-05,-3.17488e-05,0.000352977,0.000177449,-0.000146817,0.00169277,0,0,0,0,0,0,0,0,0,0,0,0,0,0,0,0,0,0,0,0,0,0,0,0,0,0,0,0,0,0,0,0,0,0,0,0,0,0,0,0,1.31397,1.52825,-1.00382,-4.15176e-05,-0.000393197,-0.00019676,-0.000253829,-0.0019586,-0.00110094,0,0,0,0,0,0,0,0,0,0,0,0,0,0,0,0,0,0,0,0,0,0,0,0,0,0,0,0,0,0,0,0,0,0,0,0,0,0,0,0,0,0,0,0,0,0,0,0,0,0,0,0,1,0,0,0,0,0,1.3163,-1.011,1.1819,0,0,0,0,0,0,2.52532,-2.22334,3.27647,1.76473,0,0,0,0,1,0,0,0,0,0,0,0,0,0,0,0,0,0,0,0,0,0,0,0,0,0,0,0,0
4.8,0,0,0,0,-0,0,3.00571,2.03053,-2.12996,3.66333e-05,-3.17488e-05,0.000352977,0.000177449,-0.000146817,0.00169277,0,0,0,0,0,0,0,0,0,0,0,0,0,0,0,0,0,0,0,0,0,0,0,0,0,0,0,0,0,0,0,0,0,0,0,0,0,0,0,0,1.31397,1.52825,-1.00382,-4.15176e-05,-0.000393197,-0.00019676,-0.000253829,-0.0019586,-0.00110094,0,0,0,0,0,0,0,0,0,0,0,0,0,0,0,0,0,0,0,0,0,0,0,0,0,0,0,0,0,0,0,0,0,0,0,0,0,0,0,0,0,0,0,0,0,0,0,0,0,0,0,0,1,0,0,0,0,0,1.3003,-1.027,1.1659,0,0,0,0,0,0,2.52532,-2.22334,3.27647,1.76473,0,0,0,0,1,0,0,0,0,0,0,0,0,0,0,0,0,0,0,0,0,0,0,0,0,0,0,0,0
4.85,0,0,0,0,-0,0,3.00571,2.03051,-2.12996,1.46459e-05,-0.000113506,-3.33729e-05,5.08086e-05,-0.000406832,-0.00012514,0,0,0,0,0,0,0,0,0,0,0,0,0,0,0,0,0,0,0,0,0,0,0,0,0,0,0,0,0,0,0,0,0,0,0,0,0,0,0,0,1.31396,1.52824,-1.00384,-3.17329e-05,-6.10248e-05,-0.000189511,-0.00015931,-0.000213385,-0.000876164,0,0,0,0,0,0,0,0,0,0,0,0,0,0,0,0,0,0,0,0,0,0,0,0,0,0,0,0,0,0,0,0,0,0,0,0,0,0,0,0,0,0,0,0,0,0,0,0,0,0,0,0,1,0,0,0,0,0,1.3003,-1.027,1.1659,0,0,0,0,0,0,2.52532,-2.22334,3.27647,1.76473,0,0,0,0,1,0,0,0,0,0,0,0,0,0,0,0,0,0,0,0,0,0,0,0,0,0,0,0,0
4.9,0,0,0,0,-0,0,3.00571,2.03051,-2.12996,1.46459e-05,-0.000113506,-3.33729e-05,5.08086e-05,-0.000406832,-0.00012514,0,0,0,0,0,0,0,0,0,0,0,0,0,0,0,0,0,0,0,0,0,0,0,0,0,0,0,0,0,0,0,0,0,0,0,0,0,0,0,0,1.31396,1.52824,-1.00384,-3.17329e-05,-6.10248e-05,-0.000189511,-0.00015931,-0.000213385,-0.000876164,0,0,0,0,0,0,0,0,0,0,0,0,0,0,0,0,0,0,0,0,0,0,0,0,0,0,0,0,0,0,0,0,0,0,0,0,0,0,0,0,0,0,0,0,0,0,0,0,0,0,0,0,1,0,0,0,0,0,1.3003,-1.027,1.1659,0,0,0,0,0,0,0,-0,0,1.76473,0,0,0,0,0,0,0,0,0,0,0,0,0,0,0,0,0,0,0,0,0,0,0,0,0,0,0,0,0
4.95,0,0,0,0,-0,0,3.00571,2.03051,-2.12996,1.46459e-05,-0.000113506,-3.33729e-05,5.08086e-05,-0.000406832,-0.00012514,0,0,0,0,0,0,0,0,0,0,0,0,0,0,0,0,0,0,0,0,0,0,0,0,0,0,0,0,0,0,0,0,0,0,0,0,0,0,0,0,1.31396,1.52824,-1.00384,-3.17329e-05,-6.10248e-05,-0.000189511,-0.00015931,-0.000213385,-0.000876164,0,0,0,0,0,0,0,0,0,0,0,0,0,0,0,0,0,0,0,0,0,0,0,0,0,0,0,0,0,0,0,0,0,0,0,0,0,0,0,0,0,0,0,0,0,0,0,0,0,0,0,0,1,0,0,0,0,0,1.3003,-1.027,1.1659,0,0,0,0,0,0,0,-0,0,1.76473,0,0,0,0,0,0,0,0,0,0,0,0,0,0,0,0,0,0,0,0,0,0,0,0,0,0,0,0,0
5,0,0,0,0,-0,0,3.00571,2.03051,-2.12996,1.46459e-05,-0.000113506,-3.33729e-05,5.08086e-05,-0.000406832,-0.00012514,0,0,0,0,0,0,0,0,0,0,0,0,0,0,0,0,0,0,0,0,0,0,0,0,0,0,0,0,0,0,0,0,0,0,0,0,0,0,0,0,1.31396,1.52824,-1.00384,-3.17329e-05,-6.10248e-05,-0.000189511,-0.00015931,-0.000213385,-0.000876164,0,0,0,0,0,0,0,0,0,0,0,0,0,0,0,0,0,0,0,0,0,0,0,0,0,0,0,0,0,0,0,0,0,0,0,0,0,0,0,0,0,0,0,0,0,0,0,0,0,0,0,0,1,0,0,0,0,0,1.3415,-0.9858,1.2071,0,0,0,0,0,0,0,-0,0,1.76473,0,0,0,0,0,0,0,0,0,0,0,0,0,0,0,0,0,0,0,0,0,0,0,0,0,0,0,0,0
5.05,0,0,0,0,-0,0,3.0057,2.03053,-2.12996,-3.90545e-05,0.000142793,1.19185e-05,-0.000201231,0.00074475,-0.00014026,0,0,0,0,0,0,0,0,0,0,0,0,0,0,0,0,0,0,0,0,0,0,0,0,0,0,0,0,0,0,0,0,0,0,0,0,0,0,0,0,1.31396,1.52825,-1.00383,-1.46455e-05,8.78728e-05,0.000113226,-1.4554e-05,0.000703185,0.000714202,0,0,0,0,0,0,0,0,0,0,0,0,0,0,0,0,0,0,0,0,0,0,0,0,0,0,0,0,0,0,0,0,0,0,0,0,0,0,0,0,0,0,0,0,0,0,0,0,0,0,0,0,1,0,0,0,0,0,1.3415,-0.9858,1.2071,0,0,0,0,0,0,0,-0,0,1.76473,0,0,0,0,0,0,0,0,0,0,0,0,0,0,0,0,0,0,0,0,0,0,0,0,0,0,0,0,0
5.1,0,0,0,0,-0,0,3.0057,2.03053,-2.12995,0,9.76943e-06,0.000138337,1.15625e-06,7.13135e-05,0.000418577,0,0,0,0,0,0,0,0,0,0,0,0,0,0,0,0,0,0,0,0,0,0,0,0,0,0,0,0,0,0,0,0,0,0,0,0,0,0,0,0,1.31397,1.52826,-1.00382,7.44918e-05,6.47224e-05,0.00011687,0.000367008,0.000453668,0.000658486,0,0,0,0,0,0,0,0,0,0,0,0,0,0,0,0,0,0,0,0,0,0,0,0,0,0,0,0,0,0,0,0,0,0,0,0,0,0,0,0,0,0,0,0,0,0,0,0,0,0,0,0,1,0,0,0,0,0,1.3415,-0.9858,1.2071,0,0,0,0,0,0,2.60283,-2.29119,3.24297,1.76472,0,0,0,0,1,0,0,0,0,0,0,0,0,0,0,0,0,0,0,0,0,0,0,0,0,0,0,0,0
5.15,0,0,0,0,-0,0,3.00571,2.03051,-2.12996,5.12725e-05,-0.000169687,-0.0001216,0.000232945,-0.000765333,-0.000711451,0,0,0,0,0,0,0,0,0,0,0,0,0,0,0,0,0,0,0,0,0,0,0,0,0,0,0,0,0,0,0,0,0,0,0,0,0,0,0,0,1.31397,1.52826,-1.00383,-2.19739e-05,3.7844e-05,-0.000137099,-0.000113354,0.000131328,-0.00062679,0,0,0,0,0,0,0,0,0,0,0,0,0,0,0,0,0,0,0,0,0,0,0,0,0,0,0,0,0,0,0,0,0,0,0,0,0,0,0,0,0,0,0,0,0,0,0,0,0,0,0,0,1,0,0,0,0,0,1.3415,-0.9858,1.2071,0,0,0,0,0,0,2.60283,-2.29119,3.24297,1.76472,0,0,0,0,1,0,0,0,0,0,0,0,0,0,0,0,0,0,0,0,0,0,0,0,0,0,0,0,0
5.2,0,0,0,0,-0,0,3.00571,2.03051,-2.12996,5.12725e-05,-0.000169687,-0.0001216,0.000232945,-0.000765333,-0.000711451,0,0,0,0,0,0,0,0,0,0,0,0,0,0,0,0,0,0,0,0,0,0,0,0,0,0,0,0,0,0,0,0,0,0,0,0,0,0,0,0,1.31397,1.52826,-1.00383,-2.19739e-05,3.7844e-05,-0.000137099,-0.000113354,0.000131328,-0.00062679,0,0,0,0,0,0,0,0,0,0,0,0,0,0,0,0,0,0,0,0,0,0,0,0,0,0,0,0,0,0,0,0,0,0,0,0,0,0,0,0,0,0,0,0,0,0,0,0,0,0,0,0,1,0,0,0,0,0,1.2605,-1.0668,1.1261,0,0,0,0,0,0,2.60283,-2.29119,3.24297,1.76472,0,0,0,0,1,0,0,0,0,0,0,0,0,0,0,0,0,0,0,0,0,0,0,0,0,0,0,0,0
5.25,0,0,0,0,-0,0,3.0057,2.03053,-2.12997,-5.1262e-05,0.000187961,-3.81414e-05,-0.000238467,0.000856326,-0.000246608,0,0,0,0,0,0,0,0,0,0,0,0,0,0,0,0,0,0,0,0,0,0,0,0,0,0,0,0,0,0,0,0,0,0,0,0,0,0,0,0,1.31397,1.52828,-1.00381,6.10262e-05,0.000251428,0.000237192,0.000198549,0.000888654,0.000945233,0,0,0,0,0,0,0,0,0,0,0,0,0,0,0,0,0,0,0,0,0,0,0,0,0,0,0,0,0,0,0,0,0,0,0,0,0,0,0,0,0,0,0,0,0,0,0,0,0,0,0,0,1,0,0,0,0,0,1.2605,-1.0668,1.1261,0,0,0,0,0,0,2.60283,-2.29119,3.24297,1.76471,0,0,0,0,1,0,0,0,0,0,0,0,0,0,0,0,0,0,0,0,0,0,0,0,0,0,0,0,0
5.3,0,0,0,0,-0,0,3.0057,2.03053,-2.12997,-5.1262e-05,0.000187961,-3.81414e-05,-0.000238467,0.000856326,-0.000246608,0,0,0,0,0,0,0,0,0,0,0,0,0,0,0,0,0,0,0,0,0,0,0,0,0,0,0,0,0,0,0,0,0,0,0,0,0,0,0,0,1.31397,1.52828,-1.00381,6.10262e-05,0.000251428,0.000237192,0.000198549,0.000888654,0.000945233,0,0,0,0,0,0,0,0,0,0,0,0,0,0,0,0,0,0,0,0,0,0,0,0,0,0,0,0,0,0,0,0,0,0,0,0,0,0,0,0,0,0,0,0,0,0,0,0,0,0,0,0,1,0,0,0,0,0,1.2605,-1.0668,1.1261,0,0,0,0,0,0,2.50684,-2.20654,3.35419,1.76471,0,0,0,0,1,0,0,0,0,0,0,0,0,0,0,0,0,0,0,0,0,0,0,0,0,0,0,0,0
5.35,0,0,0,0,-0,0,3.0057,2.03052,-2.12998,-9.76797e-06,-0.000102564,-0.000193165,-4.11587e-05,-0.000427298,-0.000704548,0,0,0,0,0,0,0,0,0,0,0,0,0,0,0,0,0,0,0,0,0,0,0,0,0,0,0,0,0,0,0,0,0,0,0,0,0,0,0,0,1.31396,1.52825,-1.00385,-0.000106227,-0.000351647,-0.000432834,-0.00050689,-0.00177375,-0.00189701,0,0,0,0,0,0,0,0,0,0,0,0,0,0,0,0,0,0,0,0,0,0,0,0,0,0,0,0,0,0,0,0,0,0,0,0,0,0,0,0,0,0,0,0,0,0,0,0,0,0,0,0,1,0,0,0,0,0,1.2605,-1.0668,1.1261,0,0,0,0,0,0,2.50684,-2.20654,3.35419,1.76473,0,0,0,0,1,0,0,0,0,0,0,0,0,0,0,0,0,0,0,0,0,0,0,0,0,0,0,0,0
5.4,0,0,0,0,-0,0,3.0057,2.03052,-2.12998,-9.76797e-06,-0.000102564,-0.000193165,-4.11587e-05,-0.000427298,-0.000704548,0,0,0,0,0,0,0,0,0,0,0,0,0,0,0,0,0,0,0,0,0,0,0,0,0,0,0,0,0,0,0,0,0,0,0,0,0,0,0,0,1.31396,1.52825,-1.00385,-0.000106227,-0.000351647,-0.000432834,-0.00050689,-0.00177375,-0.00189701,0,0,0,0,0,0,0,0,0,0,0,0,0,0,0,0,0,0,0,0,0,0,0,0,0,0,0,0,0,0,0,0,0,0,0,0,0,0,0,0,0,0,0,0,0,0,0,0,0,0,0,0,1,0,0,0,0,0,1.2585,-1.0688,1.1241,0,0,0,0,0,0,2.50684,-2.20654,3.35419,1.76473,0,0,0,0,1,0,0,0,0,0,0,0,0,0,0,0,0,0,0,0,0,0,0,0,0,0,0,0,0
5.45,0,0,0,0,-0,0,3.00571,2.03053,-2.12997,3.41779e-05,8.91068e-05,0.000190725,0.000177576,0.000335528,0.00104878,0,0,0,0,0,0,0,0,0,0,0,0,0,0,0,0,0,0,0,0,0,0,0,0,0,0,0,0,0,0,0,0,0,0,0,0,0,0,0,0,1.31396,1.52825,-1.00384,1.3427e-05,-2.07509e-05,0.000120395,7.82081e-05,-0.000103398,0.000686583,0,0,0,0,0,0,0,0,0,0,0,0,0,0,0,0,0,0,0,0,0,0,0,0,0,0,0,0,0,0,0,0,0,0,0,0,0,0,0,0,0,0,0,0,0,0,0,0,0,0,0,0,1,0,0,0,0,0,1.2585,-1.0688,1.1241,0,0,0,0,0,0,2.50684,-2.20654,3.35419,1.76473,0,0,0,0,1,0,0,0,0,0,0,0,0,0,0,0,0,0,0,0,0,0,0,0,0,0,0,0,0
5.5,0,0,0,0,-0,0,3.00571,2.03053,-2.12997,3.41779e-05,8.91068e-05,0.000190725,0.000177576,0.000335528,0.00104878,0,0,0,0,0,0,0,0,0,0,0,0,0,0,0,0,0,0,0,0,0,0,0,0,0,0,0,0,0,0,0,0,0,0,0,0,0,0,0,0,1.31396,1.52825,-1.00384,1.3427e-05,-2.07509e-05,0.000120395,7.82081e-05,-0.000103398,0.000686583,0,0,0,0,0,0,0,0,0,0,0,0,0,0,0,0,0,0,0,0,0,0,0,0,0,0,0,0,0,0,0,0,0,0,0,0,0,0,0,0,0,0,0,0,0,0,0,0,0,0,0,0,1,0,0,0,0,0,1.2585,-1.0688,1.1241,0,0,0,0,0,0,0,-0,0,1.76473,0,0,0,0,0,0,0,0,0,0,0,0,0,0,0,0,0,0,0,0,0,0,0,0,0,0,0,0,0
5.55,0,0,0,0,-0,0,3.0057,2.03053,-2.12999,-1.46491e-05,8.54531e-06,-0.000197896,-5.8878e-05,-1.7205e-05,-0.000685813,0,0,0,0,0,0,0,0,0,0,0,0,0,0,0,0,0,0,0,0,0,0,0,0,0,0,0,0,0,0,0,0,0,0,0,0,0,0,0,0,1.31396,1.52825,-1.00382,4.88304e-06,2.80775e-05,0.000145442,9.20263e-05,0.000359167,0.000862055,0,0,0,0,0,0,0,0,0,0,0,0,0,0,0,0,0,0,0,0,0,0,0,0,0,0,0,0,0,0,0,0,0,0,0,0,0,0,0,0,0,0,0,0,0,0,0,0,0,0,0,0,1,0,0,0,0,0,1.2585,-1.0688,1.1241,0,0,0,0,0,0,0,-0,0,1.76473,0,0,0,0,0,0,0,0,0,0,0,0,0,0,0,0,0,0,0,0,0,0,0,0,0,0,0,0,0
5.6,0,0,0,0,-0,0,3.0057,2.03053,-2.12999,-1.46491e-05,8.54531e-06,-0.000197896,-5.8878e-05,-1.7205e-05,-0.000685813,0,0,0,0,0,0,0,0,0,0,0,0,0,0,0,0,0,0,0,0,0,0,0,0,0,0,0,0,0,0,0,0,0,0,0,0,0,0,0,0,1.31396,1.52825,-1.00382,4.88304e-06,2.80775e-05,0.000145442,9.20263e-05,0.000359167,0.000862055,0,0,0,0,0,0,0,0,0,0,0,0,0,0,0,0,0,0,0,0,0,0,0,0,0,0,0,0,0,0,0,0,0,0,0,0,0,0,0,0,0,0,0,0,0,0,0,0,0,0,0,0,1,0,0,0,0,0,1.1725,-1.1548,1.038,0,0,0,0,0,0,0,-0,0,1.76473,0,0,0,0,0,0,0,0,0,0,0,0,0,0,0,0,0,0,0,0,0,0,0,0,0,0,0,0,0
5.65,0,0,0,0,-0,0,3.00571,2.03052,-2.12998,9.76625e-06,-0.000131844,0.000100142,3.02041e-05,-0.000619022,0.000544333,0,0,0,0,0,0,0,0,0,0,0,0,0,0,0,0,0,0,0,0,0,0,0,0,0,0,0,0,0,0,0,0,0,0,0,0,0,0,0,0,1.31397,1.52826,-1.00382,5.49351e-05,7.2026e-05,3.09964e-05,0.000257121,0.000453864,8.40775e-05,0,0,0,0,0,0,0,0,0,0,0,0,0,0,0,0,0,0,0,0,0,0,0,0,0,0,0,0,0,0,0,0,0,0,0,0,0,0,0,0,0,0,0,0,0,0,0,0,0,0,0,0,1,0,0,0,0,0,1.1725,-1.1548,1.038,0,0,0,0,0,0,0,-0,0,1.76472,0,0,0,0,0,0,0,0,0,0,0,0,0,0,0,0,0,0,0,0,0,0,0,0,0,0,0,0,0
5.7,0,0,0,0,-0,0,3.00571,2.03052,-2.12998,9.76625e-06,-0.000131844,0.000100142,3.02041e-05,-0.000619022,0.000544333,0,0,0,0,0,0,0,0,0,0,0,0,0,0,0,0,0,0,0,0,0,0,0,0,0,0,0,0,0,0,0,0,0,0,0,0,0,0,0,0,1.31397,1.52826,-1.00382,5.49351e-05,7.2026e-05,3.09964e-05,0.000257121,0.000453864,8.40775e-05,0,0,0,0,0,0,0,0,0,0,0,0,0,0,0,0,0,0,0,0,0,0,0,0,0,0,0,0,0,0,0,0,0,0,0,0,0,0,0,0,0,0,0,0,0,0,0,0,0,0,0,0,1,0,0,0,0,0,1.1725,-1.1548,1.038,0,0,0,0,0,0,2.6443,-2.32827,3.18651,1.76472,0,0,0,0,1,0,0,0,0,0,0,0,0,0,0,0,0,0,0,0,0,0,0,0,0,0,0,0,0
5.75,0,0,0,0,-0,0,3.00571,2.03054,-2.12995,1.46532e-05,0.00021003,0.000283811,4.97182e-05,0.000912834,0.0012272,0,0,0,0,0,0,0,0,0,0,0,0,0,0,0,0,0,0,0,0,0,0,0,0,0,0,0,0,0,0,0,0,0,0,0,0,0,0,0,0,1.31397,1.52827,-1.00381,4.8844e-06,0.000139206,8.58587e-05,-2.32507e-05,0.000553759,0.00016438,0,0,0,0,0,0,0,0,0,0,0,0,0,0,0,0,0,0,0,0,0,0,0,0,0,0,0,0,0,0,0,0,0,0,0,0,0,0,0,0,0,0,0,0,0,0,0,0,0,0,0,0,1,0,0,0,0,0,1.1725,-1.1548,1.038,0,0,0,0,0,0,2.6443,-2.32827,3.18651,1.76472,0,0,0,0,1,0,0,0,0,0,0,0,0,0,0,0,0,0,0,0,0,0,0,0,0,0,0,0,0
5.75,0,0,0,0,-0,0,3.00571,2.03054,-2.12995,1.46532e-05,0.00021003,0.000283811,4.97182e-05,0.000912834,0.0012272,0,0,0,0,0,0,0,0,0,0,0,0,0,0,0,0,0,0,0,0,0,0,0,0,0,0,0,0,0,0,0,0,0,0,0,0,0,0,0,0,1.31397,1.52827,-1.00381,4.8844e-06,0.000139206,8.58587e-05,-2.32507e-05,0.000553759,0.00016438,0,0,0,0,0,0,0,0,0,0,0,0,0,0,0,0,0,0,0,0,0,0,0,0,0,0,0,0,0,0,0,0,0,0,0,0,0,0,0,0,0,0,0,0,0,0,0,0,0,0,0,0,1,0,0,0,0,0,1.3242,-1.0032,1.1897,0,0,0,0,0,0,2.6443,-2.32827,3.18651,1.76472,0,0,0,0,1,0,0,0,0,0,0,0,0,0,0,0,0,0,0,0,0,0,0,0,0,0,0,0,0
5.8,0,0,0,0,-0,0,3.00571,2.03054,-2.12995,1.46532e-05,0.00021003,0.000283811,4.97182e-05,0.000912834,0.0012272,0,0,0,0,0,0,0,0,0,0,0,0,0,0,0,0,0,0,0,0,0,0,0,0,0,0,0,0,0,0,0,0,0,0,0,0,0,0,0,0,1.31397,1.52827,-1.00381,4.8844e-06,0.000139206,8.58587e-05,-2.32507e-05,0.000553759,0.00016438,0,0,0,0,0,0,0,0,0,0,0,0,0,0,0,0,0,0,0,0,0,0,0,0,0,0,0,0,0,0,0,0,0,0,0,0,0,0,0,0,0,0,0,0,0,0,0,0,0,0,0,0,1,0,0,0,0,0,1.3242,-1.0032,1.1897,0,0,0,0,0,0,2.6443,-2.32827,3.18651,1.76472,0,0,0,0,1,0,0,0,0,0,0,0,0,0,0,0,0,0,0,0,0,0,0,0,0,0,0,0,0
5.85,0,0,0,0,-0,0,3.00571,2.03054,-2.12994,2.44158e-06,-2.44158e-06,5.48401e-05,-1.62872e-05,-9.33205e-05,-8.5343e-05,0,0,0,0,0,0,0,0,0,0,0,0,0,0,0,0,0,0,0,0,0,0,0,0,0,0,0,0,0,0,0,0,0,0,0,0,0,0,0,0,1.31396,1.52825,-1.00383,-4.27276e-05,-0.000188002,-0.000164521,-0.000242155,-0.000961281,-0.000890805,0,0,0,0,0,0,0,0,0,0,0,0,0,0,0,0,0,0,0,0,0,0,0,0,0,0,0,0,0,0,0,0,0,0,0,0,0,0,0,0,0,0,0,0,0,0,0,0,0,0,0,0,1,0,0,0,0,0,1.3242,-1.0032,1.1897,0,0,0,0,0,0,0,-0,0,1.76473,0,0,0,0,0,0,0,0,0,0,0,0,0,0,0,0,0,0,0,0,0,0,0,0,0,0,0,0,0
5.9,0,0,0,0,-0,0,3.00571,2.03054,-2.12994,-1.70852e-05,-2.44074e-05,9.53413e-06,-9.67437e-05,-0.000280038,-0.000409992,0,0,0,0,0,0,0,0,0,0,0,0,0,0,0,0,0,0,0,0,0,0,0,0,0,0,0,0,0,0,0,0,0,0,0,0,0,0,0,0,1.31396,1.52824,-1.00382,-3.66111e-06,-9.64092e-05,9.65332e-05,-1.89324e-05,-0.000416335,0.000365404,0,0,0,0,0,0,0,0,0,0,0,0,0,0,0,0,0,0,0,0,0,0,0,0,0,0,0,0,0,0,0,0,0,0,0,0,0,0,0,0,0,0,0,0,0,0,0,0,0,0,0,0,1,0,0,0,0,0,1.3242,-1.0032,1.1897,0,0,0,0,0,0,0,-0,0,1.76473,0,0,0,0,0,0,0,0,0,0,0,0,0,0,0,0,0,0,0,0,0,0,0,0,0,0,0,0,0
5.95,0,0,0,0,-0,0,3.00571,2.03054,-2.12994,-1.70852e-05,-2.44074e-05,9.53413e-06,-9.67437e-05,-0.000280038,-0.000409992,0,0,0,0,0,0,0,0,0,0,0,0,0,0,0,0,0,0,0,0,0,0,0,0,0,0,0,0,0,0,0,0,0,0,0,0,0,0,0,0,1.31396,1.52824,-1.00382,-3.66111e-06,-9.64092e-05,9.65332e-05,-1.89324e-05,-0.000416335,0.000365404,0,0,0,0,0,0,0,0,0,0,0,0,0,0,0,0,0,0,0,0,0,0,0,0,0,0,0,0,0,0,0,0,0,0,0,0,0,0,0,0,0,0,0,0,0,0,0,0,0,0,0,0,1,0,0,0,0,0,1.2606,-1.0668,1.1261,0,0,0,0,0,0,0,-0,0,1.76473,0,0,0,0,0,0,0,0,0,0,0,0,0,0,0,0,0,0,0,0,0,0,0,0,0,0,0,0,0
6,0,0,0,0,-0,0,3.0057,2.03054,-2.12994,-1.9536e-05,7.32599e-06,-2.14629e-05,-7.87511e-05,-6.65955e-05,-0.000413979,0,0,0,0,0,0,0,0,0,0,0,0,0,0,0,0,0,0,0,0,0,0,0,0,0,0,0,0,0,0,0,0,0,0,0,0,0,0,0,0,1.31396,1.52825,-1.00381,-3.4188e-05,0.000102564,5.6042e-05,-0.000103125,0.0006189,0.000227526,0,0,0,0,0,0,0,0,0,0,0,0,0,0,0,0,0,0,0,0,0,0,0,0,0,0,0,0,0,0,0,0,0,0,0,0,0,0,0,0,0,0,0,0,0,0,0,0,0,0,0,0,1,0,0,0,0,0,1.2606,-1.0668,1.1261,0,0,0,0,0,0,0,-0,0,1.76473,0,0,0,0,0,0,0,0,0,0,0,0,0,0,0,0,0,0,0,0,0,0,0,0,0,0,0,0,0
6.05,0,0,0,0,-0,0,3.0057,2.03054,-2.12994,-1.9536e-05,7.32599e-06,-2.14629e-05,-7.87511e-05,-6.65955e-05,-0.000413979,0,0,0,0,0,0,0,0,0,0,0,0,0,0,0,0,0,0,0,0,0,0,0,0,0,0,0,0,0,0,0,0,0,0,0,0,0,0,0,0,1.31396,1.52825,-1.00381,-3.4188e-05,0.000102564,5.6042e-05,-0.000103125,0.0006189,0.000227526,0,0,0,0,0,0,0,0,0,0,0,0,0,0,0,0,0,0,0,0,0,0,0,0,0,0,0,0,0,0,0,0,0,0,0,0,0,0,0,0,0,0,0,0,0,0,0,0,0,0,0,0,1,0,0,0,0,0,1.2606,-1.0668,1.1261,0,0,0,0,0,0,2.65685,-2.33656,3.23477,1.76473,0,0,0,0,1,0,0,0,0,0,0,0,0,0,0,0,0,0,0,0,0,0,0,0,0,0,0,0,0
6.1,0,0,0,0,-0,0,3.0057,2.03054,-2.12994,-1.9536e-05,7.32599e-06,-2.14629e-05,-7.87511e-05,-6.65955e-05,-0.000413979,0,0,0,0,0,0,0,0,0,0,0,0,0,0,0,0,0,0,0,0,0,0,0,0,0,0,0,0,0,0,0,0,0,0,0,0,0,0,0,0,1.31396,1.52825,-1.00381,-3.4188e-05,0.000102564,5.6042e-05,-0.000103125,0.0006189,0.000227526,0,0,0,0,0,0,0,0,0,0,0,0,0,0,0,0,0,0,0,0,0,0,0,0,0,0,0,0,0,0,0,0,0,0,0,0,0,0,0,0,0,0,0,0,0,0,0,0,0,0,0,0,1,0,0,0,0,0,1.2606,-1.0668,1.1261,0,0,0,0,0,0,2.65685,-2.33656,3.23477,1.76473,0,0,0,0,1,0,0,0,0,0,0,0,0,0,0,0,0,0,0,0,0,0,0,0,0,0,0,0,0
6.15,0,0,0,0,-0,0,3.0057,2.03051,-2.12998,-9.76558e-06,-0.000220946,-0.00036001,-5.82916e-06,-0.000923221,-0.00160188,0,0,0,0,0,0,0,0,0,0,0,0,0,0,0,0,0,0,0,0,0,0,0,0,0,0,0,0,0,0,0,0,0,0,0,0,0,0,0,0,1.31396,1.52825,-1.00383,2.44139e-05,-4.3945e-05,-0.00017762,0.000160815,-7.36534e-05,-0.000815646,0,0,0,0,0,0,0,0,0,0,0,0,0,0,0,0,0,0,0,0,0,0,0,0,0,0,0,0,0,0,0,0,0,0,0,0,0,0,0,0,0,0,0,0,0,0,0,0,0,0,0,0,1,0,0,0,0,0,1.247,-1.0803,1.1126,0,0,0,0,0,0,2.65685,-2.33656,3.23477,1.76472,0,0,0,0,1,0,0,0,0,0,0,0,0,0,0,0,0,0,0,0,0,0,0,0,0,0,0,0,0
6.2,0,0,0,0,-0,0,3.0057,2.03051,-2.12998,-9.76558e-06,-0.000220946,-0.00036001,-5.82916e-06,-0.000923221,-0.00160188,0,0,0,0,0,0,0,0,0,0,0,0,0,0,0,0,0,0,0,0,0,0,0,0,0,0,0,0,0,0,0,0,0,0,0,0,0,0,0,0,1.31396,1.52825,-1.00383,2.44139e-05,-4.3945e-05,-0.00017762,0.000160815,-7.36534e-05,-0.000815646,0,0,0,0,0,0,0,0,0,0,0,0,0,0,0,0,0,0,0,0,0,0,0,0,0,0,0,0,0,0,0,0,0,0,0,0,0,0,0,0,0,0,0,0,0,0,0,0,0,0,0,0,1,0,0,0,0,0,1.247,-1.0803,1.1126,0,0,0,0,0,0,2.65685,-2.33656,3.23477,1.76472,0,0,0,0,1,0,0,0,0,0,0,0,0,0,0,0,0,0,0,0,0,0,0,0,0,0,0,0,0
6.25,0,0,0,0,-0,0,3.0057,2.03052,-2.12998,-7.32413e-06,1.09862e-05,-5.24515e-05,1.6131e-05,0.000256496,0.000106378,0,0,0,0,0,0,0,0,0,0,0,0,0,0,0,0,0,0,0,0,0,0,0,0,0,0,0,0,0,0,0,0,0,0,0,0,0,0,0,0,1.31397,1.52826,-1.00383,2.92965e-05,8.17861e-05,3.81465e-05,0.000151797,0.000364421,0.000231229,0,0,0,0,0,0,0,0,0,0,0,0,0,0,0,0,0,0,0,0,0,0,0,0,0,0,0,0,0,0,0,0,0,0,0,0,0,0,0,0,0,0,0,0,0,0,0,0,0,0,0,0,1,0,0,0,0,0,1.247,-1.0803,1.1126,0,0,0,0,0,0,0,-0,0,1.76472,0,0,0,0,0,0,0,0,0,0,0,0,0,0,0,0,0,0,0,0,0,0,0,0,0,0,0,0,0
6.3,0,0,0,0,-0,0,3.00571,2.03053,-2.12998,3.66319e-05,0.000102569,4.76978e-06,0.000188291,0.000679605,0.000523726,0,0,0,0,0,0,0,0,0,0,0,0,0,0,0,0,0,0,0,0,0,0,0,0,0,0,0,0,0,0,0,0,0,0,0,0,0,0,0,0,1.31397,1.52828,-1.0038,5.8611e-05,0.000203918,0.00032196,0.000207046,0.000766066,0.00141451,0,0,0,0,0,0,0,0,0,0,0,0,0,0,0,0,0,0,0,0,0,0,0,0,0,0,0,0,0,0,0,0,0,0,0,0,0,0,0,0,0,0,0,0,0,0,0,0,0,0,0,0,1,0,0,0,0,0,1.247,-1.0803,1.1126,0,0,0,0,0,0,0,-0,0,1.76471,0,0,0,0,0,0,0,0,0,0,0,0,0,0,0,0,0,0,0,0,0,0,0,0,0,0,0,0,0
6.35,0,0,0,0,-0,0,3.00571,2.03053,-2.12998,3.66319e-05,0.000102569,4.76978e-06,0.000188291,0.000679605,0.000523726,0,0,0,0,0,0,0,0,0,0,0,0,0,0,0,0,0,0,0,0,0,0,0,0,0,0,0,0,0,0,0,0,0,0,0,0,0,0,0,0,1.31397,1.52828,-1.0038,5.8611e-05,0.000203918,0.00032196,0.000207046,0.000766066,0.00141451,0,0,0,0,0,0,0,0,0,0,0,0,0,0,0,0,0,0,0,0,0,0,0,0,0,0,0,0,0,0,0,0,0,0,0,0,0,0,0,0,0,0,0,0,0,0,0,0,0,0,0,0,1,0,0,0,0,0,1.2605,-1.0668,1.1262,0,0,0,0,0,0,0,-0,0,1.76471,0,0,0,0,0,0,0,0,0,0,0,0,0,0,0,0,0,0,0,0,0,0,0,0,0,0,0,0,0
6.4,0,0,0,0,-0,0,3.00571,2.03052,-2.12998,9.76344e-06,-3.78333e-05,2.62202e-05,2.90304e-05,-9.56104e-05,0.000456658,0,0,0,0,0,0,0,0,0,0,0,0,0,0,0,0,0,0,0,0,0,0,0,0,0,0,0,0,0,0,0,0,0,0,0,0,0,0,0,0,1.31397,1.52825,-1.00383,-6.71235e-05,-0.000295343,-0.00036589,-0.000370567,-0.00148046,-0.00173878,0,0,0,0,0,0,0,0,0,0,0,0,0,0,0,0,0,0,0,0,0,0,0,0,0,0,0,0,0,0,0,0,0,0,0,0,0,0,0,0,0,0,0,0,0,0,0,0,0,0,0,0,1,0,0,0,0,0,1.2605,-1.0668,1.1262,0,0,0,0,0,0,0,-0,0,1.76473,0,0,0,0,0,0,0,0,0,0,0,0,0,0,0,0,0,0,0,0,0,0,0,0,0,0,0,0,0
6.45,0,0,0,0,-0,0,3.00571,2.03052,-2.12998,9.76344e-06,-3.78333e-05,2.62202e-05,2.90304e-05,-9.56104e-05,0.000456658,0,0,0,0,0,0,0,0,0,0,0,0,0,0,0,0,0,0,0,0,0,0,0,0,0,0,0,0,0,0,0,0,0,0,0,0,0,0,0,0,1.31397,1.52825,-1.00383,-6.71235e-05,-0.000295343,-0.00036589,-0.000370567,-0.00148046,-0.00173878,0,0,0,0,0,0,0,0,0,0,0,0,0,0,0,0,0,0,0,0,0,0,0,0,0,0,0,0,0,0,0,0,0,0,0,0,0,0,0,0,0,0,0,0,0,0,0,0,0,0,0,0,1,0,0,0,0,0,1.2605,-1.0668,1.1262,0,0,0,0,0,0,0,-0,0,1.76473,0,0,0,0,0,0,0,0,0,0,0,0,0,0,0,0,0,0,0,0,0,0,0,0,0,0,0,0,0
6.5,0,0,0,0,-0,0,3.00571,2.03053,-2.12996,2.44262e-05,2.93114e-05,0.000221839,5.44379e-05,0.000105957,0.0010467,0,0,0,0,0,0,0,0,0,0,0,0,0,0,0,0,0,0,0,0,0,0,0,0,0,0,0,0,0,0,0,0,0,0,0,0,0,0,0,0,1.31396,1.52824,-1.00383,-2.68688e-05,-3.66393e-05,2.74317e-05,-0.000139795,-0.000159096,0.000100971,0,0,0,0,0,0,0,0,0,0,0,0,0,0,0,0,0,0,0,0,0,0,0,0,0,0,0,0,0,0,0,0,0,0,0,0,0,0,0,0,0,0,0,0,0,0,0,0,0,0,0,0,1,0,0,0,0,0,1.2605,-1.0668,1.1262,0,0,0,0,0,0,0,-0,0,1.76474,0,0,0,0,0,0,0,0,0,0,0,0,0,0,0,0,0,0,0,0,0,0,0,0,0,0,0,0,0
6.55,0,0,0,0,-0,0,3.00571,2.03053,-2.12996,2.44262e-05,2.93114e-05,0.000221839,5.44379e-05,0.000105957,0.0010467,0,0,0,0,0,0,0,0,0,0,0,0,0,0,0,0,0,0,0,0,0,0,0,0,0,0,0,0,0,0,0,0,0,0,0,0,0,0,0,0,1.31396,1.52824,-1.00383,-2.68688e-05,-3.66393e-05,2.74317e-05,-0.000139795,-0.000159096,0.000100971,0,0,0,0,0,0,0,0,0,0,0,0,0,0,0,0,0,0,0,0,0,0,0,0,0,0,0,0,0,0,0,0,0,0,0,0,0,0,0,0,0,0,0,0,0,0,0,0,0,0,0,0,1,0,0,0,0,0,1.2919,-1.0354,1.1574,0,0,0,0,0,0,0,-0,0,1.76474,0,0,0,0,0,0,0,0,0,0,0,0,0,0,0,0,0,0,0,0,0,0,0,0,0,0,0,0,0
6.6,0,0,0,0,-0,0,3.0057,2.03053,-2.12995,-5.37072e-05,4.02804e-05,7.15206e-05,-0.000276039,0.000134777,0.000108065,0,0,0,0,0,0,0,0,0,0,0,0,0,0,0,0,0,0,0,0,0,0,0,0,0,0,0,0,0,0,0,0,0,0,0,0,0,0,0,0,1.31396,1.52825,-1.00383,8.54435e-06,3.90599e-05,7.15208e-06,8.87433e-05,0.000385679,0.000228578,0,0,0,0,0,0,0,0,0,0,0,0,0,0,0,0,0,0,0,0,0,0,0,0,0,0,0,0,0,0,0,0,0,0,0,0,0,0,0,0,0,0,0,0,0,0,0,0,0,0,0,0,1,0,0,0,0,0,1.2919,-1.0354,1.1574,0,0,0,0,0,0,0,-0,0,1.76473,0,0,0,0,0,0,0,0,0,0,0,0,0,0,0,0,0,0,0,0,0,0,0,0,0,0,0,0,0
6.65,0,0,0,0,-0,0,3.0057,2.03053,-2.12995,-5.37072e-05,4.02804e-05,7.15206e-05,-0.000276039,0.000134777,0.000108065,0,0,0,0,0,0,0,0,0,0,0,0,0,0,0,0,0,0,0,0,0,0,0,0,0,0,0,0,0,0,0,0,0,0,0,0,0,0,0,0,1.31396,1.52825,-1.00383,8.54435e-06,3.90599e-05,7.15208e-06,8.87433e-05,0.000385679,0.000228578,0,0,0,0,0,0,0,0,0,0,0,0,0,0,0,0,0,0,0,0,0,0,0,0,0,0,0,0,0,0,0,0,0,0,0,0,0,0,0,0,0,0,0,0,0,0,0,0,0,0,0,0,1,0,0,0,0,0,1.2919,-1.0354,1.1574,0,0,0,0,0,0,2.67056,-2.35172,3.1956,1.76473,0,0,0,0,1,0,0,0,0,0,0,0,0,0,0,0,0,0,0,0,0,0,0,0,0,0,0,0,0
6.7,0,0,0,0,-0,0,3.0057,2.03052,-2.13,-2.19718e-05,-6.34742e-05,-0.000441058,-8.36602e-05,-0.000329781,-0.00211044,0,0,0,0,0,0,0,0,0,0,0,0,0,0,0,0,0,0,0,0,0,0,0,0,0,0,0,0,0,0,0,0,0,0,0,0,0,0,0,0,1.31396,1.52826,-1.00382,9.76525e-06,8.42253e-05,0.000112052,8.91112e-05,0.000485811,0.000573691,0,0,0,0,0,0,0,0,0,0,0,0,0,0,0,0,0,0,0,0,0,0,0,0,0,0,0,0,0,0,0,0,0,0,0,0,0,0,0,0,0,0,0,0,0,0,0,0,0,0,0,0,1,0,0,0,0,0,1.2919,-1.0354,1.1574,0,0,0,0,0,0,2.67056,-2.35172,3.1956,1.76472,0,0,0,0,1,0,0,0,0,0,0,0,0,0,0,0,0,0,0,0,0,0,0,0,0,0,0,0,0
6.75,0,0,0,0,-0,0,3.0057,2.03052,-2.13,-2.19718e-05,-6.34742e-05,-0.000441058,-8.36602e-05,-0.000329781,-0.00211044,0,0,0,0,0,0,0,0,0,0,0,0,0,0,0,0,0,0,0,0,0,0,0,0,0,0,0,0,0,0,0,0,0,0,0,0,0,0,0,0,1.31396,1.52826,-1.00382,9.76525e-06,8.42253e-05,0.000112052,8.91112e-05,0.000485811,0.000573691,0,0,0,0,0,0,0,0,0,0,0,0,0,0,0,0,0,0,0,0,0,0,0,0,0,0,0,0,0,0,0,0,0,0,0,0,0,0,0,0,0,0,0,0,0,0,0,0,0,0,0,0,1,0,0,0,0,0,1.1819,-1.1454,1.0475,0,0,0,0,0,0,2.67056,-2.35172,3.1956,1.76472,0,0,0,0,1,0,0,0,0,0,0,0,0,0,0,0,0,0,0,0,0,0,0,0,0,0,0,0,0
6.8,0,0,0,0,-0,0,3.00571,2.03054,-2.12997,3.66325e-05,0.00014653,0.000214644,0.000209965,0.000578221,0.0010526,0,0,0,0,0,0,0,0,0,0,0,0,0,0,0,0,0,0,0,0,0,0,0,0,0,0,0,0,0,0,0,0,0,0,0,0,0,0,0,0,1.31396,1.52827,-1.00382,-1.22108e-05,0.000162404,-2.02719e-05,-3.42526e-05,0.000617597,-0.000137571,0,0,0,0,0,0,0,0,0,0,0,0,0,0,0,0,0,0,0,0,0,0,0,0,0,0,0,0,0,0,0,0,0,0,0,0,0,0,0,0,0,0,0,0,0,0,0,0,0,0,0,0,1,0,0,0,0,0,1.1819,-1.1454,1.0475,0,0,0,0,0,0,2.67056,-2.35172,3.1956,1.76473,0,0,0,0,1,0,0,0,0,0,0,0,0,0,0,0,0,0,0,0,0,0,0,0,0,0,0,0,0
6.85,0,0,0,0,-0,0,3.00571,2.03054,-2.12997,3.66325e-05,0.00014653,0.000214644,0.000209965,0.000578221,0.0010526,0,0,0,0,0,0,0,0,0,0,0,0,0,0,0,0,0,0,0,0,0,0,0,0,0,0,0,0,0,0,0,0,0,0,0,0,0,0,0,0,1.31396,1.52827,-1.00382,-1.22108e-05,0.000162404,-2.02719e-05,-3.42526e-05,0.000617597,-0.000137571,0,0,0,0,0,0,0,0,0,0,0,0,0,0,0,0,0,0,0,0,0,0,0,0,0,0,0,0,0,0,0,0,0,0,0,0,0,0,0,0,0,0,0,0,0,0,0,0,0,0,0,0,1,0,0,0,0,0,1.1819,-1.1454,1.0475,0,0,0,0,0,0,0,-0,0,1.76473,0,0,0,0,0,0,0,0,0,0,0,0,0,0,0,0,0,0,0,0,0,0,0,0,0,0,0,0,0
6.9,0,0,0,0,-0,0,3.00571,2.03053,-2.12997,9.76517e-06,-0.000122065,6.437e-05,5.84921e-05,-0.000603026,0.000459867,0,0,0,0,0,0,0,0,0,0,0,0,0,0,0,0,0,0,0,0,0,0,0,0,0,0,0,0,0,0,0,0,0,0,0,0,0,0,0,0,1.31397,1.52828,-1.00379,7.81214e-05,8.54453e-05,0.000314698,0.000323674,8.13169e-05,0.00115958,0,0,0,0,0,0,0,0,0,0,0,0,0,0,0,0,0,0,0,0,0,0,0,0,0,0,0,0,0,0,0,0,0,0,0,0,0,0,0,0,0,0,0,0,0,0,0,0,0,0,0,0,1,0,0,0,0,0,1.1819,-1.1454,1.0475,0,0,0,0,0,0,0,-0,0,1.76471,0,0,0,0,0,0,0,0,0,0,0,0,0,0,0,0,0,0,0,0,0,0,0,0,0,0,0,0,0
6.95,0,0,0,0,-0,0,3.00571,2.03053,-2.12997,9.76517e-06,-0.000122065,6.437e-05,5.84921e-05,-0.000603026,0.000459867,0,0,0,0,0,0,0,0,0,0,0,0,0,0,0,0,0,0,0,0,0,0,0,0,0,0,0,0,0,0,0,0,0,0,0,0,0,0,0,0,1.31397,1.52828,-1.00379,7.81214e-05,8.54453e-05,0.000314698,0.000323674,8.13169e-05,0.00115958,0,0,0,0,0,0,0,0,0,0,0,0,0,0,0,0,0,0,0,0,0,0,0,0,0,0,0,0,0,0,0,0,0,0,0,0,0,0,0,0,0,0,0,0,0,0,0,0,0,0,0,0,1,0,0,0,0,0,1.2605,-1.0667,1.1262,0,0,0,0,0,0,0,-0,0,1.76471,0,0,0,0,0,0,0,0,0,0,0,0,0,0,0,0,0,0,0,0,0,0,0,0,0,0,0,0,0
7.05,0,0,0,0,-0,0,3.0057,2.03051,-2.12998,-2.92976e-05,-0.000107425,-0.00011206,-0.000141477,-0.000463464,-0.000509126,0,0,0,0,0,0,0,0,0,0,0,0,0,0,0,0,0,0,0,0,0,0,0,0,0,0,0,0,0,0,0,0,0,0,0,0,0,0,0,0,1.31396,1.52824,-1.00384,-8.42306e-05,-0.000364999,-0.000468504,-0.000405946,-0.0018237,-0.00225774,0,0,0,0,0,0,0,0,0,0,0,0,0,0,0,0,0,0,0,0,0,0,0,0,0,0,0,0,0,0,0,0,0,0,0,0,0,0,0,0,0,0,0,0,0,0,0,0,0,0,0,0,1,0,0,0,0,0,1.2605,-1.0667,1.1262,0,0,0,0,0,0,0,-0,0,1.76473,0,0,0,0,0,0,0,0,0,0,0,0,0,0,0,0,0,0,0,0,0,0,0,0,0,0,0,0,0
7.1,0,0,0,0,-0,0,3.0057,2.03051,-2.12998,-2.92976e-05,-0.000107425,-0.00011206,-0.000141477,-0.000463464,-0.000509126,0,0,0,0,0,0,0,0,0,0,0,0,0,0,0,0,0,0,0,0,0,0,0,0,0,0,0,0,0,0,0,0,0,0,0,0,0,0,0,0,1.31396,1.52824,-1.00384,-8.42306e-05,-0.000364999,-0.000468504,-0.000405946,-0.0018237,-0.00225774,0,0,0,0,0,0,0,0,0,0,0,0,0,0,0,0,0,0,0,0,0,0,0,0,0,0,0,0,0,0,0,0,0,0,0,0,0,0,0,0,0,0,0,0,0,0,0,0,0,0,0,0,1,0,0,0,0,0,1.2605,-1.0667,1.1262,0,0,0,0,0,0,2.63894,-2.31726,3.23003,1.76473,0,0,0,0,1,0,0,0,0,0,0,0,0,0,0,0,0,0,0,0,0,0,0,0,0,0,0,0,0
7.15,0,0,0,0,-0,0,3.00571,2.03053,-2.12999,2.44092e-05,0.000145235,-0.000114418,0.000102594,0.000750187,-0.000446266,0,0,0,0,0,0,0,0,0,0,0,0,0,0,0,0,0,0,0,0,0,0,0,0,0,0,0,0,0,0,0,0,0,0,0,0,0,0,0,0,1.31396,1.52825,-1.00384,6.1023e-06,3.78343e-05,-8.34299e-05,1.84707e-05,0.00025683,-0.000279418,0,0,0,0,0,0,0,0,0,0,0,0,0,0,0,0,0,0,0,0,0,0,0,0,0,0,0,0,0,0,0,0,0,0,0,0,0,0,0,0,0,0,0,0,0,0,0,0,0,0,0,0,1,0,0,0,0,0,1.2605,-1.0667,1.1262,0,0,0,0,0,0,2.63894,-2.31726,3.23003,1.76473,0,0,0,0,1,0,0,0,0,0,0,0,0,0,0,0,0,0,0,0,0,0,0,0,0,0,0,0,0
7.2,0,0,0,0,-0,0,3.00571,2.03053,-2.12999,2.44092e-05,0.000145235,-0.000114418,0.000102594,0.000750187,-0.000446266,0,0,0,0,0,0,0,0,0,0,0,0,0,0,0,0,0,0,0,0,0,0,0,0,0,0,0,0,0,0,0,0,0,0,0,0,0,0,0,0,1.31396,1.52825,-1.00384,6.1023e-06,3.78343e-05,-8.34299e-05,1.84707e-05,0.00025683,-0.000279418,0,0,0,0,0,0,0,0,0,0,0,0,0,0,0,0,0,0,0,0,0,0,0,0,0,0,0,0,0,0,0,0,0,0,0,0,0,0,0,0,0,0,0,0,0,0,0,0,0,0,0,0,1,0,0,0,0,0,1.2606,-1.0667,1.1262,0,0,0,0,0,0,2.63894,-2.31726,3.23003,1.76473,0,0,0,0,1,0,0,0,0,0,0,0,0,0,0,0,0,0,0,0,0,0,0,0,0,0,0,0,0
7.25,0,0,0,0,-0,0,3.00571,2.03053,-2.12996,-4.88435e-06,2.44218e-06,0.000255188,-2.24322e-05,4.40319e-05,0.00121744,0,0,0,0,0,0,0,0,0,0,0,0,0,0,0,0,0,0,0,0,0,0,0,0,0,0,0,0,0,0,0,0,0,0,0,0,0,0,0,0,1.31397,1.52825,-1.00383,1.83163e-05,1.58742e-05,0.00011567,0.000117327,0.000348012,0.000895561,0,0,0,0,0,0,0,0,0,0,0,0,0,0,0,0,0,0,0,0,0,0,0,0,0,0,0,0,0,0,0,0,0,0,0,0,0,0,0,0,0,0,0,0,0,0,0,0,0,0,0,0,1,0,0,0,0,0,1.2606,-1.0667,1.1262,0,0,0,0,0,0,2.63894,-2.31726,3.23003,1.76473,0,0,0,0,1,0,0,0,0,0,0,0,0,0,0,0,0,0,0,0,0,0,0,0,0,0,0,0,0
7.3,0,0,0,0,-0,0,3.00571,2.03053,-2.12996,-4.88435e-06,2.44218e-06,0.000255188,-2.24322e-05,4.40319e-05,0.00121744,0,0,0,0,0,0,0,0,0,0,0,0,0,0,0,0,0,0,0,0,0,0,0,0,0,0,0,0,0,0,0,0,0,0,0,0,0,0,0,0,1.31397,1.52825,-1.00383,1.83163e-05,1.58742e-05,0.00011567,0.000117327,0.000348012,0.000895561,0,0,0,0,0,0,0,0,0,0,0,0,0,0,0,0,0,0,0,0,0,0,0,0,0,0,0,0,0,0,0,0,0,0,0,0,0,0,0,0,0,0,0,0,0,0,0,0,0,0,0,0,1,0,0,0,0,0,1.2606,-1.0667,1.1262,0,0,0,0,0,0,2.66218,-2.3433,3.16328,1.76473,0,0,0,0,1,0,0,0,0,0,0,0,0,0,0,0,0,0,0,0,0,0,0,0,0,0,0,0,0
7.35,0,0,0,0,-0,0,3.0057,2.03052,-2.12994,-9.76766e-06,-9.15718e-05,0.000255161,-4.99038e-05,-0.000444755,0.000956276,0,0,0,0,0,0,0,0,0,0,0,0,0,0,0,0,0,0,0,0,0,0,0,0,0,0,0,0,0,0,0,0,0,0,0,0,0,0,0,0,1.31396,1.52825,-1.00383,-4.88383e-06,-6.10479e-06,3.69626e-05,-8.85476e-06,0.000133506,0.000382371,0,0,0,0,0,0,0,0,0,0,0,0,0,0,0,0,0,0,0,0,0,0,0,0,0,0,0,0,0,0,0,0,0,0,0,0,0,0,0,0,0,0,0,0,0,0,0,0,0,0,0,0,1,0,0,0,0,0,1.2606,-1.0667,1.1262,0,0,0,0,0,0,2.66218,-2.3433,3.16328,1.76473,0,0,0,0,1,0,0,0,0,0,0,0,0,0,0,0,0,0,0,0,0,0,0,0,0,0,0,0,0
7.4,0,0,0,0,-0,0,3.0057,2.03052,-2.12994,-9.76766e-06,-9.15718e-05,0.000255161,-4.99038e-05,-0.000444755,0.000956276,0,0,0,0,0,0,0,0,0,0,0,0,0,0,0,0,0,0,0,0,0,0,0,0,0,0,0,0,0,0,0,0,0,0,0,0,0,0,0,0,1.31396,1.52825,-1.00383,-4.88383e-06,-6.10479e-06,3.69626e-05,-8.85476e-06,0.000133506,0.000382371,0,0,0,0,0,0,0,0,0,0,0,0,0,0,0,0,0,0,0,0,0,0,0,0,0,0,0,0,0,0,0,0,0,0,0,0,0,0,0,0,0,0,0,0,0,0,0,0,0,0,0,0,1,0,0,0,0,0,1.2605,-1.0668,1.1261,0,0,0,0,0,0,2.66218,-2.3433,3.16328,1.76473,0,0,0,0,1,0,0,0,0,0,0,0,0,0,0,0,0,0,0,0,0,0,0,0,0,0,0,0,0
7.45,0,0,0,0,-0,0,3.00571,2.03053,-2.12999,3.17374e-05,0.000131832,-0.000503049,0.000132157,0.000559402,-0.00249073,0,0,0,0,0,0,0,0,0,0,0,0,0,0,0,0,0,0,0,0,0,0,0,0,0,0,0,0,0,0,0,0,0,0,0,0,0,0,0,0,1.31397,1.52827,-1.0038,6.46955e-05,0.000174556,0.000270598,0.00025562,0.000773003,0.00109368,0,0,0,0,0,0,0,0,0,0,0,0,0,0,0,0,0,0,0,0,0,0,0,0,0,0,0,0,0,0,0,0,0,0,0,0,0,0,0,0,0,0,0,0,0,0,0,0,0,0,0,0,1,0,0,0,0,0,1.2605,-1.0668,1.1261,0,0,0,0,0,0,2.66218,-2.3433,3.16328,1.76472,0,0,0,0,1,0,0,0,0,0,0,0,0,0,0,0,0,0,0,0,0,0,0,0,0,0,0,0,0
7.5,0,0,0,0,-0,0,3.00571,2.03053,-2.12999,3.17374e-05,0.000131832,-0.000503049,0.000132157,0.000559402,-0.00249073,0,0,0,0,0,0,0,0,0,0,0,0,0,0,0,0,0,0,0,0,0,0,0,0,0,0,0,0,0,0,0,0,0,0,0,0,0,0,0,0,1.31397,1.52827,-1.0038,6.46955e-05,0.000174556,0.000270598,0.00025562,0.000773003,0.00109368,0,0,0,0,0,0,0,0,0,0,0,0,0,0,0,0,0,0,0,0,0,0,0,0,0,0,0,0,0,0,0,0,0,0,0,0,0,0,0,0,0,0,0,0,0,0,0,0,0,0,0,0,1,0,0,0,0,0,1.2605,-1.0668,1.1261,0,0,0,0,0,0,2.56137,-2.25364,3.27491,1.76472,0,0,0,0,1,0,0,0,0,0,0,0,0,0,0,0,0,0,0,0,0,0,0,0,0,0,0,0,0
7.55,0,0,0,0,-0,0,3.00571,2.03054,-2.13,7.32381e-06,8.30032e-05,-8.10578e-05,6.43761e-06,0.000276675,-0.00027583,0,0,0,0,0,0,0,0,0,0,0,0,0,0,0,0,0,0,0,0,0,0,0,0,0,0,0,0,0,0,0,0,0,0,0,0,0,0,0,0,1.31396,1.52825,-1.00384,-7.44586e-05,-0.000208728,-0.000363567,-0.000366763,-0.000980864,-0.00178109,0,0,0,0,0,0,0,0,0,0,0,0,0,0,0,0,0,0,0,0,0,0,0,0,0,0,0,0,0,0,0,0,0,0,0,0,0,0,0,0,0,0,0,0,0,0,0,0,0,0,0,0,1,0,0,0,0,0,1.2605,-1.0668,1.1261,0,0,0,0,0,0,2.56137,-2.25364,3.27491,1.76474,0,0,0,0,1,0,0,0,0,0,0,0,0,0,0,0,0,0,0,0,0,0,0,0,0,0,0,0,0
7.6,0,0,0,0,-0,0,3.00571,2.03054,-2.13,7.32381e-06,8.30032e-05,-8.10578e-05,6.43761e-06,0.000276675,-0.00027583,0,0,0,0,0,0,0,0,0,0,0,0,0,0,0,0,0,0,0,0,0,0,0,0,0,0,0,0,0,0,0,0,0,0,0,0,0,0,0,0,1.31396,1.52825,-1.00384,-7.44586e-05,-0.000208728,-0.000363567,-0.000366763,-0.000980864,-0.00178109,0,0,0,0,0,0,0,0,0,0,0,0,0,0,0,0,0,0,0,0,0,0,0,0,0,0,0,0,0,0,0,0,0,0,0,0,0,0,0,0,0,0,0,0,0,0,0,0,0,0,0,0,1,0,0,0,0,0,1.2606,-1.0667,1.1262,0,0,0,0,0,0,2.56137,-2.25364,3.27491,1.76474,0,0,0,0,1,0,0,0,0,0,0,0,0,0,0,0,0,0,0,0,0,0,0,0,0,0,0,0,0
7.65,0,0,0,0,-0,0,3.0057,2.03053,-2.12993,-3.90653e-05,-0.000112313,0.000658082,-0.000198507,-0.000652583,0.00308754,0,0,0,0,0,0,0,0,0,0,0,0,0,0,0,0,0,0,0,0,0,0,0,0,0,0,0,0,0,0,0,0,0,0,0,0,0,0,0,0,1.31396,1.52825,-1.00384,-1.34287e-05,0,-3.69575e-05,-6.05664e-05,7.77873e-06,-0.000153335,0,0,0,0,0,0,0,0,0,0,0,0,0,0,0,0,0,0,0,0,0,0,0,0,0,0,0,0,0,0,0,0,0,0,0,0,0,0,0,0,0,0,0,0,0,0,0,0,0,0,0,0,1,0,0,0,0,0,1.2606,-1.0667,1.1262,0,0,0,0,0,0,2.56137,-2.25364,3.27491,1.76473,0,0,0,0,1,0,0,0,0,0,0,0,0,0,0,0,0,0,0,0,0,0,0,0,0,0,0,0,0
7.7,0,0,0,0,-0,0,3.0057,2.03053,-2.12993,-3.90653e-05,-0.000112313,0.000658082,-0.000198507,-0.000652583,0.00308754,0,0,0,0,0,0,0,0,0,0,0,0,0,0,0,0,0,0,0,0,0,0,0,0,0,0,0,0,0,0,0,0,0,0,0,0,0,0,0,0,1.31396,1.52825,-1.00384,-1.34287e-05,0,-3.69575e-05,-6.05664e-05,7.77873e-06,-0.000153335,0,0,0,0,0,0,0,0,0,0,0,0,0,0,0,0,0,0,0,0,0,0,0,0,0,0,0,0,0,0,0,0,0,0,0,0,0,0,0,0,0,0,0,0,0,0,0,0,0,0,0,0,1,0,0,0,0,0,1.2606,-1.0667,1.1262,0,0,0,0,0,0,0,-0,0,1.76473,0,0,0,0,0,0,0,0,0,0,0,0,0,0,0,0,0,0,0,0,0,0,0,0,0,0,0,0,0
7.75,0,0,0,0,-0,0,3.00571,2.03053,-2.12997,9.76543e-06,-7.32407e-06,-0.000333779,4.81824e-05,-9.81001e-05,-0.00165408,0,0,0,0,0,0,0,0,0,0,0,0,0,0,0,0,0,0,0,0,0,0,0,0,0,0,0,0,0,0,0,0,0,0,0,0,0,0,0,0,1.31396,1.52825,-1.00383,-7.32406e-06,8.54474e-06,8.46368e-05,2.94598e-05,0.000172603,0.000614065,0,0,0,0,0,0,0,0,0,0,0,0,0,0,0,0,0,0,0,0,0,0,0,0,0,0,0,0,0,0,0,0,0,0,0,0,0,0,0,0,0,0,0,0,0,0,0,0,0,0,0,0,1,0,0,0,0,0,1.2606,-1.0667,1.1262,0,0,0,0,0,0,0,-0,0,1.76473,0,0,0,0,0,0,0,0,0,0,0,0,0,0,0,0,0,0,0,0,0,0,0,0,0,0,0,0,0
7.8,0,0,0,0,-0,0,3.00571,2.03053,-2.12997,9.76543e-06,-7.32407e-06,-0.000333779,4.81824e-05,-9.81001e-05,-0.00165408,0,0,0,0,0,0,0,0,0,0,0,0,0,0,0,0,0,0,0,0,0,0,0,0,0,0,0,0,0,0,0,0,0,0,0,0,0,0,0,0,1.31396,1.52825,-1.00383,-7.32406e-06,8.54474e-06,8.46368e-05,2.94598e-05,0.000172603,0.000614065,0,0,0,0,0,0,0,0,0,0,0,0,0,0,0,0,0,0,0,0,0,0,0,0,0,0,0,0,0,0,0,0,0,0,0,0,0,0,0,0,0,0,0,0,0,0,0,0,0,0,0,0,1,0,0,0,0,0,1.2606,-1.0668,1.1261,0,0,0,0,0,0,0,-0,0,1.76473,0,0,0,0,0,0,0,0,0,0,0,0,0,0,0,0,0,0,0,0,0,0,0,0,0,0,0,0,0
7.85,0,0,0,0,-0,0,3.00571,2.03053,-2.13001,3.4186e-05,3.05233e-05,-0.000422079,0.000159894,0.000167372,-0.0019877,0,0,0,0,0,0,0,0,0,0,0,0,0,0,0,0,0,0,0,0,0,0,0,0,0,0,0,0,0,0,0,0,0,0,0,0,0,0,0,0,1.31397,1.52826,-1.00383,4.15115e-05,0.000119651,5.7231e-05,0.000225008,0.000569889,0.000363058,0,0,0,0,0,0,0,0,0,0,0,0,0,0,0,0,0,0,0,0,0,0,0,0,0,0,0,0,0,0,0,0,0,0,0,0,0,0,0,0,0,0,0,0,0,0,0,0,0,0,0,0,1,0,0,0,0,0,1.2606,-1.0668,1.1261,0,0,0,0,0,0,0,-0,0,1.76473,0,0,0,0,0,0,0,0,0,0,0,0,0,0,0,0,0,0,0,0,0,0,0,0,0,0,0,0,0
7.9,0,0,0,0,-0,0,3.00571,2.03053,-2.13001,3.4186e-05,3.05233e-05,-0.000422079,0.000159894,0.000167372,-0.0019877,0,0,0,0,0,0,0,0,0,0,0,0,0,0,0,0,0,0,0,0,0,0,0,0,0,0,0,0,0,0,0,0,0,0,0,0,0,0,0,0,1.31397,1.52826,-1.00383,4.15115e-05,0.000119651,5.7231e-05,0.000225008,0.000569889,0.000363058,0,0,0,0,0,0,0,0,0,0,0,0,0,0,0,0,0,0,0,0,0,0,0,0,0,0,0,0,0,0,0,0,0,0,0,0,0,0,0,0,0,0,0,0,0,0,0,0,0,0,0,0,1,0,0,0,0,0,1.2606,-1.0668,1.1261,0,0,0,0,0,0,2.71668,-2.3904,3.117,1.76473,0,0,0,0,1,0,0,0,0,0,0,0,0,0,0,0,0,0,0,0,0,0,0,0,0,0,0,0,0
7.95,0,0,0,0,-0,0,3.00571,2.03053,-2.12999,-1.46532e-05,-2.56432e-05,0.000152638,-8.3999e-05,-8.79735e-05,0.00105749,0,0,0,0,0,0,0,0,0,0,0,0,0,0,0,0,0,0,0,0,0,0,0,0,0,0,0,0,0,0,0,0,0,0,0,0,0,0,0,0,1.31397,1.52826,-1.00381,9.76885e-06,3.4191e-05,0.000197953,3.47599e-05,5.45454e-05,0.000746312,0,0,0,0,0,0,0,0,0,0,0,0,0,0,0,0,0,0,0,0,0,0,0,0,0,0,0,0,0,0,0,0,0,0,0,0,0,0,0,0,0,0,0,0,0,0,0,0,0,0,0,0,1,0,0,0,0,0,1.2606,-1.0668,1.1261,0,0,0,0,0,0,2.71668,-2.3904,3.117,1.76473,0,0,0,0,1,0,0,0,0,0,0,0,0,0,0,0,0,0,0,0,0,0,0,0,0,0,0,0,0
8,0,0,0,0,-0,0,3.00571,2.03053,-2.12999,-1.46532e-05,-2.56432e-05,0.000152638,-8.3999e-05,-8.79735e-05,0.00105749,0,0,0,0,0,0,0,0,0,0,0,0,0,0,0,0,0,0,0,0,0,0,0,0,0,0,0,0,0,0,0,0,0,0,0,0,0,0,0,0,1.31397,1.52826,-1.00381,9.76885e-06,3.4191e-05,0.000197953,3.47599e-05,5.45454e-05,0.000746312,0,0,0,0,0,0,0,0,0,0,0,0,0,0,0,0,0,0,0,0,0,0,0,0,0,0,0,0,0,0,0,0,0,0,0,0,0,0,0,0,0,0,0,0,0,0,0,0,0,0,0,0,1,0,0,0,0,0,1.2606,-1.0667,1.1262,0,0,0,0,0,0,2.71668,-2.3904,3.117,1.76473,0,0,0,0,1,0,0,0,0,0,0,0,0,0,0,0,0,0,0,0,0,0,0,0,0,0,0,0,0
8.05,0,0,0,0,-0,0,3.0057,2.03053,-2.12999,-5.37003e-05,2.19683e-05,2.38371e-05,-0.000239498,0.000102834,0.000532704,0,0,0,0,0,0,0,0,0,0,0,0,0,0,0,0,0,0,0,0,0,0,0,0,0,0,0,0,0,0,0,0,0,0,0,0,0,0,0,0,1.31397,1.52828,-1.0038,2.07479e-05,0.000142794,7.27035e-05,3.89956e-05,0.000396982,-2.90099e-07,0,0,0,0,0,0,0,0,0,0,0,0,0,0,0,0,0,0,0,0,0,0,0,0,0,0,0,0,0,0,0,0,0,0,0,0,0,0,0,0,0,0,0,0,0,0,0,0,0,0,0,0,1,0,0,0,0,0,1.2606,-1.0667,1.1262,0,0,0,0,0,0,2.71668,-2.3904,3.117,1.76472,0,0,0,0,1,0,0,0,0,0,0,0,0,0,0,0,0,0,0,0,0,0,0,0,0,0,0,0,0
8.1,0,0,0,0,-0,0,3.0057,2.03053,-2.12999,-5.37003e-05,2.19683e-05,2.38371e-05,-0.000239498,0.000102834,0.000532704,0,0,0,0,0,0,0,0,0,0,0,0,0,0,0,0,0,0,0,0,0,0,0,0,0,0,0,0,0,0,0,0,0,0,0,0,0,0,0,0,1.31397,1.52828,-1.0038,2.07479e-05,0.000142794,7.27035e-05,3.89956e-05,0.000396982,-2.90099e-07,0,0,0,0,0,0,0,0,0,0,0,0,0,0,0,0,0,0,0,0,0,0,0,0,0,0,0,0,0,0,0,0,0,0,0,0,0,0,0,0,0,0,0,0,0,0,0,0,0,0,0,0,1,0,0,0,0,0,1.2606,-1.0667,1.1262,0,0,0,0,0,0,2.60773,-2.29653,3.25216,1.76472,0,0,0,0,1,0,0,0,0,0,0,0,0,0,0,0,0,0,0,0,0,0,0,0,0,0,0,0,0
8.15,0,0,0,0,-0,0,3.00571,2.03053,-2.12998,7.56921e-05,-5.86004e-05,4.76891e-05,0.000352209,-0.000234369,0.000344093,0,0,0,0,0,0,0,0,0,0,0,0,0,0,0,0,0,0,0,0,0,0,0,0,0,0,0,0,0,0,0,0,0,0,0,0,0,0,0,0,1.31396,1.52825,-1.00382,-7.20295e-05,-0.000285676,-0.000162143,-0.000346744,-0.00142746,-0.00103972,0,0,0,0,0,0,0,0,0,0,0,0,0,0,0,0,0,0,0,0,0,0,0,0,0,0,0,0,0,0,0,0,0,0,0,0,0,0,0,0,0,0,0,0,0,0,0,0,0,0,0,0,1,0,0,0,0,0,1.2606,-1.0667,1.1262,0,0,0,0,0,0,2.60773,-2.29653,3.25216,1.76474,0,0,0,0,1,0,0,0,0,0,0,0,0,0,0,0,0,0,0,0,0,0,0,0,0,0,0,0,0
8.2,0,0,0,0,-0,0,3.00571,2.03053,-2.12998,7.56921e-05,-5.86004e-05,4.76891e-05,0.000352209,-0.000234369,0.000344093,0,0,0,0,0,0,0,0,0,0,0,0,0,0,0,0,0,0,0,0,0,0,0,0,0,0,0,0,0,0,0,0,0,0,0,0,0,0,0,0,1.31396,1.52825,-1.00382,-7.20295e-05,-0.000285676,-0.000162143,-0.000346744,-0.00142746,-0.00103972,0,0,0,0,0,0,0,0,0,0,0,0,0,0,0,0,0,0,0,0,0,0,0,0,0,0,0,0,0,0,0,0,0,0,0,0,0,0,0,0,0,0,0,0,0,0,0,0,0,0,0,0,1,0,0,0,0,0,1.2375,-1.0898,1.103,0,0,0,0,0,0,2.60773,-2.29653,3.25216,1.76474,0,0,0,0,1,0,0,0,0,0,0,0,0,0,0,0,0,0,0,0,0,0,0,0,0,0,0,0,0
8.25,0,0,0,0,-0,0,3.00571,2.03052,-2.12997,-1.7096e-05,-0.000102576,0.000157413,-7.91729e-05,-0.000362073,0.000619511,0,0,0,0,0,0,0,0,0,0,0,0,0,0,0,0,0,0,0,0,0,0,0,0,0,0,0,0,0,0,0,0,0,0,0,0,0,0,0,0,1.31396,1.52825,-1.00384,-3.29709e-05,-1.83172e-05,-0.000270703,-0.000104354,-3.58086e-05,-0.00119874,0,0,0,0,0,0,0,0,0,0,0,0,0,0,0,0,0,0,0,0,0,0,0,0,0,0,0,0,0,0,0,0,0,0,0,0,0,0,0,0,0,0,0,0,0,0,0,0,0,0,0,0,1,0,0,0,0,0,1.2375,-1.0898,1.103,0,0,0,0,0,0,2.60773,-2.29653,3.25216,1.76474,0,0,0,0,1,0,0,0,0,0,0,0,0,0,0,0,0,0,0,0,0,0,0,0,0,0,0,0,0
8.3,0,0,0,0,-0,0,3.00571,2.03052,-2.12997,-1.7096e-05,-0.000102576,0.000157413,-7.91729e-05,-0.000362073,0.000619511,0,0,0,0,0,0,0,0,0,0,0,0,0,0,0,0,0,0,0,0,0,0,0,0,0,0,0,0,0,0,0,0,0,0,0,0,0,0,0,0,1.31396,1.52825,-1.00384,-3.29709e-05,-1.83172e-05,-0.000270703,-0.000104354,-3.58086e-05,-0.00119874,0,0,0,0,0,0,0,0,0,0,0,0,0,0,0,0,0,0,0,0,0,0,0,0,0,0,0,0,0,0,0,0,0,0,0,0,0,0,0,0,0,0,0,0,0,0,0,0,0,0,0,0,1,0,0,0,0,0,1.2375,-1.0898,1.103,0,0,0,0,0,0,2.57004,-2.2589,3.25428,1.76474,0,0,0,0,1,0,0,0,0,0,0,0,0,0,0,0,0,0,0,0,0,0,0,0,0,0,0,0,0
8.35,0,0,0,0,-0,0,3.0057,2.03053,-2.12994,-5.37042e-05,0.000163554,0.00025746,-0.000252233,0.000828609,0.000809198,0,0,0,0,0,0,0,0,0,0,0,0,0,0,0,0,0,0,0,0,0,0,0,0,0,0,0,0,0,0,0,0,0,0,0,0,0,0,0,0,1.31396,1.52826,-1.00383,-2.44108e-06,0.000111069,9.89306e-05,9.21115e-05,0.000683877,0.000735401,0,0,0,0,0,0,0,0,0,0,0,0,0,0,0,0,0,0,0,0,0,0,0,0,0,0,0,0,0,0,0,0,0,0,0,0,0,0,0,0,0,0,0,0,0,0,0,0,0,0,0,0,1,0,0,0,0,0,1.2375,-1.0898,1.103,0,0,0,0,0,0,2.57004,-2.2589,3.25428,1.76473,0,0,0,0,1,0,0,0,0,0,0,0,0,0,0,0,0,0,0,0,0,0,0,0,0,0,0,0,0
8.4,0,0,0,0,-0,0,3.0057,2.03053,-2.12994,-5.37042e-05,0.000163554,0.00025746,-0.000252233,0.000828609,0.000809198,0,0,0,0,0,0,0,0,0,0,0,0,0,0,0,0,0,0,0,0,0,0,0,0,0,0,0,0,0,0,0,0,0,0,0,0,0,0,0,0,1.31396,1.52826,-1.00383,-2.44108e-06,0.000111069,9.89306e-05,9.21115e-05,0.000683877,0.000735401,0,0,0,0,0,0,0,0,0,0,0,0,0,0,0,0,0,0,0,0,0,0,0,0,0,0,0,0,0,0,0,0,0,0,0,0,0,0,0,0,0,0,0,0,0,0,0,0,0,0,0,0,1,0,0,0,0,0,1.3255,-1.0019,1.191,0,0,0,0,0,0,2.57004,-2.2589,3.25428,1.76473,0,0,0,0,1,0,0,0,0,0,0,0,0,0,0,0,0,0,0,0,0,0,0,0,0,0,0,0,0
8.45,0,0,0,0,-0,0,3.0057,2.03053,-2.12995,4.88364e-06,-5.00573e-05,-0.000107307,5.92566e-05,-0.000194891,-0.000946153,0,0,0,0,0,0,0,0,0,0,0,0,0,0,0,0,0,0,0,0,0,0,0,0,0,0,0,0,0,0,0,0,0,0,0,0,0,0,0,0,1.31396,1.52826,-1.00382,2.56392e-05,7.32549e-06,0.000106115,0.000194116,9.34667e-05,0.000732095,0,0,0,0,0,0,0,0,0,0,0,0,0,0,0,0,0,0,0,0,0,0,0,0,0,0,0,0,0,0,0,0,0,0,0,0,0,0,0,0,0,0,0,0,0,0,0,0,0,0,0,0,1,0,0,0,0,0,1.3255,-1.0019,1.191,0,0,0,0,0,0,2.57004,-2.2589,3.25428,1.76473,0,0,0,0,1,0,0,0,0,0,0,0,0,0,0,0,0,0,0,0,0,0,0,0,0,0,0,0,0
8.5,0,0,0,0,-0,0,3.0057,2.03053,-2.12995,4.88364e-06,-5.00573e-05,-0.000107307,5.92566e-05,-0.000194891,-0.000946153,0,0,0,0,0,0,0,0,0,0,0,0,0,0,0,0,0,0,0,0,0,0,0,0,0,0,0,0,0,0,0,0,0,0,0,0,0,0,0,0,1.31396,1.52826,-1.00382,2.56392e-05,7.32549e-06,0.000106115,0.000194116,9.34667e-05,0.000732095,0,0,0,0,0,0,0,0,0,0,0,0,0,0,0,0,0,0,0,0,0,0,0,0,0,0,0,0,0,0,0,0,0,0,0,0,0,0,0,0,0,0,0,0,0,0,0,0,0,0,0,0,1,0,0,0,0,0,1.3255,-1.0019,1.191,0,0,0,0,0,0,2.57004,-2.2589,3.25428,1.76473,0,0,0,0,1,0,0,0,0,0,0,0,0,0,0,0,0,0,0,0,0,0,0,0,0,0,0,0,0
8.55,0,0,0,0,-0,0,3.00571,2.03053,-2.12999,4.88268e-05,3.66201e-05,-0.000348082,0.000253319,9.07978e-05,-0.00176777,0,0,0,0,0,0,0,0,0,0,0,0,0,0,0,0,0,0,0,0,0,0,0,0,0,0,0,0,0,0,0,0,0,0,0,0,0,0,0,0,1.31397,1.52827,-1.00381,6.10334e-05,0.00014526,0.000171657,0.0002718,0.000527388,0.000701084,0,0,0,0,0,0,0,0,0,0,0,0,0,0,0,0,0,0,0,0,0,0,0,0,0,0,0,0,0,0,0,0,0,0,0,0,0,0,0,0,0,0,0,0,0,0,0,0,0,0,0,0,1,0,0,0,0,0,1.3255,-1.0019,1.191,0,0,0,0,0,0,2.55264,-2.24621,3.24684,1.76472,0,0,0,0,1,0,0,0,0,0,0,0,0,0,0,0,0,0,0,0,0,0,0,0,0,0,0,0,0
8.6,0,0,0,0,-0,0,3.00571,2.03053,-2.12999,4.88268e-05,3.66201e-05,-0.000348082,0.000253319,9.07978e-05,-0.00176777,0,0,0,0,0,0,0,0,0,0,0,0,0,0,0,0,0,0,0,0,0,0,0,0,0,0,0,0,0,0,0,0,0,0,0,0,0,0,0,0,1.31397,1.52827,-1.00381,6.10334e-05,0.00014526,0.000171657,0.0002718,0.000527388,0.000701084,0,0,0,0,0,0,0,0,0,0,0,0,0,0,0,0,0,0,0,0,0,0,0,0,0,0,0,0,0,0,0,0,0,0,0,0,0,0,0,0,0,0,0,0,0,0,0,0,0,0,0,0,1,0,0,0,0,0,1.3419,-0.9854,1.2075,0,0,0,0,0,0,2.55264,-2.24621,3.24684,1.76472,0,0,0,0,1,0,0,0,0,0,0,0,0,0,0,0,0,0,0,0,0,0,0,0,0,0,0,0,0
8.65,0,0,0,0,-0,0,3.00571,2.03053,-2.12994,-1.95341e-05,-5.61607e-05,0.000464985,-9.47908e-05,-0.000277544,0.0020762,0,0,0,0,0,0,0,0,0,0,0,0,0,0,0,0,0,0,0,0,0,0,0,0,0,0,0,0,0,0,0,0,0,0,0,0,0,0,0,0,1.31397,1.52828,-1.00377,4.2731e-05,8.30202e-05,0.00030999,0.000100563,0.000126661,0.000969431,0,0,0,0,0,0,0,0,0,0,0,0,0,0,0,0,0,0,0,0,0,0,0,0,0,0,0,0,0,0,0,0,0,0,0,0,0,0,0,0,0,0,0,0,0,0,0,0,0,0,0,0,1,0,0,0,0,0,1.3419,-0.9854,1.2075,0,0,0,0,0,0,2.55264,-2.24621,3.24684,1.76471,0,0,0,0,1,0,0,0,0,0,0,0,0,0,0,0,0,0,0,0,0,0,0,0,0,0,0,0,0
8.7,0,0,0,0,-0,0,3.00571,2.03053,-2.12994,-1.95341e-05,-5.61607e-05,0.000464985,-9.47908e-05,-0.000277544,0.0020762,0,0,0,0,0,0,0,0,0,0,0,0,0,0,0,0,0,0,0,0,0,0,0,0,0,0,0,0,0,0,0,0,0,0,0,0,0,0,0,0,1.31397,1.52828,-1.00377,4.2731e-05,8.30202e-05,0.00030999,0.000100563,0.000126661,0.000969431,0,0,0,0,0,0,0,0,0,0,0,0,0,0,0,0,0,0,0,0,0,0,0,0,0,0,0,0,0,0,0,0,0,0,0,0,0,0,0,0,0,0,0,0,0,0,0,0,0,0,0,0,1,0,0,0,0,0,1.3419,-0.9854,1.2075,0,0,0,0,0,0,2.55264,-2.24621,3.24684,1.76471,0,0,0,0,1,0,0,0,0,0,0,0,0,0,0,0,0,0,0,0,0,0,0,0,0,0,0,0,0
8.75,0,0,0,0,-0,0,3.00571,2.03053,-2.13001,1.95294e-05,4.14999e-05,-0.000648436,5.20546e-05,0.000173711,-0.00268196,0,0,0,0,0,0,0,0,0,0,0,0,0,0,0,0,0,0,0,0,0,0,0,0,0,0,0,0,0,0,0,0,0,0,0,0,0,0,0,0,1.31396,1.52825,-1.00383,-7.93381e-05,-0.000319794,-0.000538774,-0.000450537,-0.00158771,-0.00277296,0,0,0,0,0,0,0,0,0,0,0,0,0,0,0,0,0,0,0,0,0,0,0,0,0,0,0,0,0,0,0,0,0,0,0,0,0,0,0,0,0,0,0,0,0,0,0,0,0,0,0,0,1,0,0,0,0,0,1.3419,-0.9854,1.2075,0,0,0,0,0,0,2.56998,-2.26093,3.29711,1.76473,0,0,0,0,1,0,0,0,0,0,0,0,0,0,0,0,0,0,0,0,0,0,0,0,0,0,0,0,0
8.8,0,0,0,0,-0,0,3.00571,2.03053,-2.13001,1.95294e-05,4.14999e-05,-0.000648436,5.20546e-05,0.000173711,-0.00268196,0,0,0,0,0,0,0,0,0,0,0,0,0,0,0,0,0,0,0,0,0,0,0,0,0,0,0,0,0,0,0,0,0,0,0,0,0,0,0,0,1.31396,1.52825,-1.00383,-7.93381e-05,-0.000319794,-0.000538774,-0.000450537,-0.00158771,-0.00277296,0,0,0,0,0,0,0,0,0,0,0,0,0,0,0,0,0,0,0,0,0,0,0,0,0,0,0,0,0,0,0,0,0,0,0,0,0,0,0,0,0,0,0,0,0,0,0,0,0,0,0,0,1,0,0,0,0,0,1.2457,-1.0816,1.1112,0,0,0,0,0,0,2.56998,-2.26093,3.29711,1.76473,0,0,0,0,1,0,0,0,0,0,0,0,0,0,0,0,0,0,0,0,0,0,0,0,0,0,0,0,0
8.85,0,0,0,0,-0,0,3.00571,2.03054,-2.12997,4.88436e-06,9.15818e-05,0.000383976,-7.39571e-06,0.000365466,0.00187103,0,0,0,0,0,0,0,0,0,0,0,0,0,0,0,0,0,0,0,0,0,0,0,0,0,0,0,0,0,0,0,0,0,0,0,0,0,0,0,0,1.31396,1.52826,-1.00384,-2.44218e-06,0.000120888,-6.67784e-05,-3.78329e-05,0.000575573,-0.000285376,0,0,0,0,0,0,0,0,0,0,0,0,0,0,0,0,0,0,0,0,0,0,0,0,0,0,0,0,0,0,0,0,0,0,0,0,0,0,0,0,0,0,0,0,0,0,0,0,0,0,0,0,1,0,0,0,0,0,1.2457,-1.0816,1.1112,0,0,0,0,0,0,2.56998,-2.26093,3.29711,1.76473,0,0,0,0,1,0,0,0,0,0,0,0,0,0,0,0,0,0,0,0,0,0,0,0,0,0,0,0,0
8.9,0,0,0,0,-0,0,3.00571,2.03054,-2.12997,4.88436e-06,9.15818e-05,0.000383976,-7.39571e-06,0.000365466,0.00187103,0,0,0,0,0,0,0,0,0,0,0,0,0,0,0,0,0,0,0,0,0,0,0,0,0,0,0,0,0,0,0,0,0,0,0,0,0,0,0,0,1.31396,1.52826,-1.00384,-2.44218e-06,0.000120888,-6.67784e-05,-3.78329e-05,0.000575573,-0.000285376,0,0,0,0,0,0,0,0,0,0,0,0,0,0,0,0,0,0,0,0,0,0,0,0,0,0,0,0,0,0,0,0,0,0,0,0,0,0,0,0,0,0,0,0,0,0,0,0,0,0,0,0,1,0,0,0,0,0,1.2457,-1.0816,1.1112,0,0,0,0,0,0,2.56998,-2.26093,3.29711,1.76473,0,0,0,0,1,0,0,0,0,0,0,0,0,0,0,0,0,0,0,0,0,0,0,0,0,0,0,0,0
8.95,0,0,0,0,-0,0,3.0057,2.03053,-2.12997,-5.12529e-05,-0.000133013,2.14507e-05,-0.000236801,-0.000651974,0.000291376,0,0,0,0,0,0,0,0,0,0,0,0,0,0,0,0,0,0,0,0,0,0,0,0,0,0,0,0,0,0,0,0,0,0,0,0,0,0,0,0,1.31396,1.52825,-1.00383,-2.31858e-05,-0.000137894,1.66838e-05,-4.9761e-05,-0.000395607,0.000498705,0,0,0,0,0,0,0,0,0,0,0,0,0,0,0,0,0,0,0,0,0,0,0,0,0,0,0,0,0,0,0,0,0,0,0,0,0,0,0,0,0,0,0,0,0,0,0,0,0,0,0,0,1,0,0,0,0,0,1.2457,-1.0816,1.1112,0,0,0,0,0,0,2.5925,-2.27544,3.24585,1.76473,0,0,0,0,1,0,0,0,0,0,0,0,0,0,0,0,0,0,0,0,0,0,0,0,0,0,0,0,0
9,0,0,0,0,-0,0,3.0057,2.03053,-2.12997,-5.12529e-05,-0.000133013,2.14507e-05,-0.000236801,-0.000651974,0.000291376,0,0,0,0,0,0,0,0,0,0,0,0,0,0,0,0,0,0,0,0,0,0,0,0,0,0,0,0,0,0,0,0,0,0,0,0,0,0,0,0,1.31396,1.52825,-1.00383,-2.31858e-05,-0.000137894,1.66838e-05,-4.9761e-05,-0.000395607,0.000498705,0,0,0,0,0,0,0,0,0,0,0,0,0,0,0,0,0,0,0,0,0,0,0,0,0,0,0,0,0,0,0,0,0,0,0,0,0,0,0,0,0,0,0,0,0,0,0,0,0,0,0,0,1,0,0,0,0,0,1.2998,-1.0275,1.1654,0,0,0,0,0,0,2.5925,-2.27544,3.24585,1.76473,0,0,0,0,1,0,0,0,0,0,0,0,0,0,0,0,0,0,0,0,0,0,0,0,0,0,0,0,0
9.05,0,0,0,0,-0,0,3.00571,2.03053,-2.12998,2.19794e-05,3.05269e-05,-9.06267e-05,0.000119438,0.000124412,-0.000486757,0,0,0,0,0,0,0,0,0,0,0,0,0,0,0,0,0,0,0,0,0,0,0,0,0,0,0,0,0,0,0,0,0,0,0,0,0,0,0,0,1.31397,1.52826,-1.00382,5.0064e-05,0.000126992,8.82416e-05,0.000261219,0.000689561,0.000691506,0,0,0,0,0,0,0,0,0,0,0,0,0,0,0,0,0,0,0,0,0,0,0,0,0,0,0,0,0,0,0,0,0,0,0,0,0,0,0,0,0,0,0,0,0,0,0,0,0,0,0,0,1,0,0,0,0,0,1.2998,-1.0275,1.1654,0,0,0,0,0,0,2.5925,-2.27544,3.24585,1.76473,0,0,0,0,1,0,0,0,0,0,0,0,0,0,0,0,0,0,0,0,0,0,0,0,0,0,0,0,0
9.1,0,0,0,0,-0,0,3.00571,2.03053,-2.12998,2.19794e-05,3.05269e-05,-9.06267e-05,0.000119438,0.000124412,-0.000486757,0,0,0,0,0,0,0,0,0,0,0,0,0,0,0,0,0,0,0,0,0,0,0,0,0,0,0,0,0,0,0,0,0,0,0,0,0,0,0,0,1.31397,1.52826,-1.00382,5.0064e-05,0.000126992,8.82416e-05,0.000261219,0.000689561,0.000691506,0,0,0,0,0,0,0,0,0,0,0,0,0,0,0,0,0,0,0,0,0,0,0,0,0,0,0,0,0,0,0,0,0,0,0,0,0,0,0,0,0,0,0,0,0,0,0,0,0,0,0,0,1,0,0,0,0,0,1.2998,-1.0275,1.1654,0,0,0,0,0,0,2.5925,-2.27544,3.24585,1.76473,0,0,0,0,1,0,0,0,0,0,0,0,0,0,0,0,0,0,0,0,0,0,0,0,0,0,0,0,0
9.15,0,0,0,0,-0,0,3.0057,2.03053,-2.12999,-2.92955e-05,5.98117e-05,-0.000123972,-8.49507e-05,0.000296785,-0.000530883,0,0,0,0,0,0,0,0,0,0,0,0,0,0,0,0,0,0,0,0,0,0,0,0,0,0,0,0,0,0,0,0,0,0,0,0,0,0,0,0,1.31397,1.52827,-1.0038,2.31923e-05,8.78867e-05,0.000213375,9.16009e-05,0.000404736,0.000941395,0,0,0,0,0,0,0,0,0,0,0,0,0,0,0,0,0,0,0,0,0,0,0,0,0,0,0,0,0,0,0,0,0,0,0,0,0,0,0,0,0,0,0,0,0,0,0,0,0,0,0,0,1,0,0,0,0,0,1.2998,-1.0275,1.1654,0,0,0,0,0,0,2.50986,-2.21121,3.24124,1.76472,0,0,0,0,1,0,0,0,0,0,0,0,0,0,0,0,0,0,0,0,0,0,0,0,0,0,0,0,0
9.2,0,0,0,0,-0,0,3.0057,2.03053,-2.12999,-2.92955e-05,5.98117e-05,-0.000123972,-8.49507e-05,0.000296785,-0.000530883,0,0,0,0,0,0,0,0,0,0,0,0,0,0,0,0,0,0,0,0,0,0,0,0,0,0,0,0,0,0,0,0,0,0,0,0,0,0,0,0,1.31397,1.52827,-1.0038,2.31923e-05,8.78867e-05,0.000213375,9.16009e-05,0.000404736,0.000941395,0,0,0,0,0,0,0,0,0,0,0,0,0,0,0,0,0,0,0,0,0,0,0,0,0,0,0,0,0,0,0,0,0,0,0,0,0,0,0,0,0,0,0,0,0,0,0,0,0,0,0,0,1,0,0,0,0,0,1.2667,-1.0606,1.1323,0,0,0,0,0,0,2.50986,-2.21121,3.24124,1.76472,0,0,0,0,1,0,0,0,0,0,0,0,0,0,0,0,0,0,0,0,0,0,0,0,0,0,0,0,0
9.25,0,0,0,0,-0,0,3.0057,2.03054,-2.12998,2.44182e-05,9.7673e-06,3.57689e-05,0.000135958,1.55053e-06,0.000313599,0,0,0,0,0,0,0,0,0,0,0,0,0,0,0,0,0,0,0,0,0,0,0,0,0,0,0,0,0,0,0,0,0,0,0,0,0,0,0,0,1.31396,1.52825,-1.00382,-5.37202e-05,-0.00015994,-0.000201499,-0.000275294,-0.00078582,-0.00105872,0,0,0,0,0,0,0,0,0,0,0,0,0,0,0,0,0,0,0,0,0,0,0,0,0,0,0,0,0,0,0,0,0,0,0,0,0,0,0,0,0,0,0,0,0,0,0,0,0,0,0,0,1,0,0,0,0,0,1.2667,-1.0606,1.1323,0,0,0,0,0,0,2.50986,-2.21121,3.24124,1.76473,0,0,0,0,1,0,0,0,0,0,0,0,0,0,0,0,0,0,0,0,0,0,0,0,0,0,0,0,0
9.3,0,0,0,0,-0,0,3.0057,2.03054,-2.12998,2.44182e-05,9.7673e-06,3.57689e-05,0.000135958,1.55053e-06,0.000313599,0,0,0,0,0,0,0,0,0,0,0,0,0,0,0,0,0,0,0,0,0,0,0,0,0,0,0,0,0,0,0,0,0,0,0,0,0,0,0,0,1.31396,1.52825,-1.00382,-5.37202e-05,-0.00015994,-0.000201499,-0.000275294,-0.00078582,-0.00105872,0,0,0,0,0,0,0,0,0,0,0,0,0,0,0,0,0,0,0,0,0,0,0,0,0,0,0,0,0,0,0,0,0,0,0,0,0,0,0,0,0,0,0,0,0,0,0,0,0,0,0,0,1,0,0,0,0,0,1.2667,-1.0606,1.1323,0,0,0,0,0,0,2.50986,-2.21121,3.24124,1.76473,0,0,0,0,1,0,0,0,0,0,0,0,0,0,0,0,0,0,0,0,0,0,0,0,0,0,0,0,0
9.35,0,0,0,0,-0,0,3.00571,2.03054,-2.12996,3.41777e-05,3.6619e-06,0.000286086,0.000150541,-6.34139e-05,0.00130282,0,0,0,0,0,0,0,0,0,0,0,0,0,0,0,0,0,0,0,0,0,0,0,0,0,0,0,0,0,0,0,0,0,0,0,0,0,0,0,0,1.31396,1.52824,-1.00383,8.54443e-06,-8.42237e-05,-2.50325e-05,3.38173e-05,-0.000330501,-0.000201365,0,0,0,0,0,0,0,0,0,0,0,0,0,0,0,0,0,0,0,0,0,0,0,0,0,0,0,0,0,0,0,0,0,0,0,0,0,0,0,0,0,0,0,0,0,0,0,0,0,0,0,0,1,0,0,0,0,0,1.2667,-1.0606,1.1323,0,0,0,0,0,0,2.50005,-2.19866,3.24853,1.76474,0,0,0,0,1,0,0,0,0,0,0,0,0,0,0,0,0,0,0,0,0,0,0,0,0,0,0,0,0
9.4,0,0,0,0,-0,0,3.00571,2.03054,-2.12996,3.41777e-05,3.6619e-06,0.000286086,0.000150541,-6.34139e-05,0.00130282,0,0,0,0,0,0,0,0,0,0,0,0,0,0,0,0,0,0,0,0,0,0,0,0,0,0,0,0,0,0,0,0,0,0,0,0,0,0,0,0,1.31396,1.52824,-1.00383,8.54443e-06,-8.42237e-05,-2.50325e-05,3.38173e-05,-0.000330501,-0.000201365,0,0,0,0,0,0,0,0,0,0,0,0,0,0,0,0,0,0,0,0,0,0,0,0,0,0,0,0,0,0,0,0,0,0,0,0,0,0,0,0,0,0,0,0,0,0,0,0,0,0,0,0,1,0,0,0,0,0,1.2605,-1.0668,1.126,0,0,0,0,0,0,2.50005,-2.19866,3.24853,1.76474,0,0,0,0,1,0,0,0,0,0,0,0,0,0,0,0,0,0,0,0,0,0,0,0,0,0,0,0,0
9.45,0,0,0,0,-0,0,3.0057,2.03052,-2.12999,-4.39611e-05,-0.000157527,-0.000305285,-0.00021986,-0.000690912,-0.00144682,0,0,0,0,0,0,0,0,0,0,0,0,0,0,0,0,0,0,0,0,0,0,0,0,0,0,0,0,0,0,0,0,0,0,0,0,0,0,0,0,1.31396,1.52825,-1.00383,-2.44227e-05,8.67006e-05,-1.19252e-06,-6.95748e-05,0.000546178,9.04192e-05,0,0,0,0,0,0,0,0,0,0,0,0,0,0,0,0,0,0,0,0,0,0,0,0,0,0,0,0,0,0,0,0,0,0,0,0,0,0,0,0,0,0,0,0,0,0,0,0,0,0,0,0,1,0,0,0,0,0,1.2605,-1.0668,1.126,0,0,0,0,0,0,2.50005,-2.19866,3.24853,1.76473,0,0,0,0,1,0,0,0,0,0,0,0,0,0,0,0,0,0,0,0,0,0,0,0,0,0,0,0,0
9.5,0,0,0,0,-0,0,3.0057,2.03052,-2.12999,-4.39611e-05,-0.000157527,-0.000305285,-0.00021986,-0.000690912,-0.00144682,0,0,0,0,0,0,0,0,0,0,0,0,0,0,0,0,0,0,0,0,0,0,0,0,0,0,0,0,0,0,0,0,0,0,0,0,0,0,0,0,1.31396,1.52825,-1.00383,-2.44227e-05,8.67006e-05,-1.19252e-06,-6.95748e-05,0.000546178,9.04192e-05,0,0,0,0,0,0,0,0,0,0,0,0,0,0,0,0,0,0,0,0,0,0,0,0,0,0,0,0,0,0,0,0,0,0,0,0,0,0,0,0,0,0,0,0,0,0,0,0,0,0,0,0,1,0,0,0,0,0,1.2605,-1.0668,1.126,0,0,0,0,0,0,2.50005,-2.19866,3.24853,1.76473,0,0,0,0,1,0,0,0,0,0,0,0,0,0,0,0,0,0,0,0,0,0,0,0,0,0,0,0,0
9.55,0,0,0,0,-0,0,3.00571,2.03053,-2.13001,2.92925e-05,4.88209e-05,-0.000238383,0.000110517,0.000324571,-0.000973898,0,0,0,0,0,0,0,0,0,0,0,0,0,0,0,0,0,0,0,0,0,0,0,0,0,0,0,0,0,0,0,0,0,0,0,0,0,0,0,0,1.31396,1.52825,-1.00384,3.66158e-06,-2.44105e-05,-0.000104889,5.6423e-05,2.71277e-06,-0.000320578,0,0,0,0,0,0,0,0,0,0,0,0,0,0,0,0,0,0,0,0,0,0,0,0,0,0,0,0,0,0,0,0,0,0,0,0,0,0,0,0,0,0,0,0,0,0,0,0,0,0,0,0,1,0,0,0,0,0,1.2605,-1.0668,1.126,0,0,0,0,0,0,2.59262,-2.27826,3.2833,1.76473,0,0,0,0,1,0,0,0,0,0,0,0,0,0,0,0,0,0,0,0,0,0,0,0,0,0,0,0,0
9.6,0,0,0,0,-0,0,3.00571,2.03053,-2.13001,2.92925e-05,4.88209e-05,-0.000238383,0.000110517,0.000324571,-0.000973898,0,0,0,0,0,0,0,0,0,0,0,0,0,0,0,0,0,0,0,0,0,0,0,0,0,0,0,0,0,0,0,0,0,0,0,0,0,0,0,0,1.31396,1.52825,-1.00384,3.66158e-06,-2.44105e-05,-0.000104889,5.6423e-05,2.71277e-06,-0.000320578,0,0,0,0,0,0,0,0,0,0,0,0,0,0,0,0,0,0,0,0,0,0,0,0,0,0,0,0,0,0,0,0,0,0,0,0,0,0,0,0,0,0,0,0,0,0,0,0,0,0,0,0,1,0,0,0,0,0,1.2606,-1.0667,1.1262,0,0,0,0,0,0,2.59262,-2.27826,3.2833,1.76473,0,0,0,0,1,0,0,0,0,0,0,0,0,0,0,0,0,0,0,0,0,0,0,0,0,0,0,0,0
9.65,0,0,0,0,-0,0,3.0057,2.03053,-2.12998,-2.93007e-05,-1.22086e-06,0.000255141,-0.000123054,0.000132395,0.00145145,0,0,0,0,0,0,0,0,0,0,0,0,0,0,0,0,0,0,0,0,0,0,0,0,0,0,0,0,0,0,0,0,0,0,0,0,0,0,0,0,1.31397,1.52825,-1.00383,4.76135e-05,4.88344e-05,6.7958e-05,0.000226555,0.00022073,0.0004426,0,0,0,0,0,0,0,0,0,0,0,0,0,0,0,0,0,0,0,0,0,0,0,0,0,0,0,0,0,0,0,0,0,0,0,0,0,0,0,0,0,0,0,0,0,0,0,0,0,0,0,0,1,0,0,0,0,0,1.2606,-1.0667,1.1262,0,0,0,0,0,0,2.59262,-2.27826,3.2833,1.76472,0,0,0,0,1,0,0,0,0,0,0,0,0,0,0,0,0,0,0,0,0,0,0,0,0,0,0,0,0
9.7,0,0,0,0,-0,0,3.0057,2.03053,-2.12998,-2.93007e-05,-1.22086e-06,0.000255141,-0.000123054,0.000132395,0.00145145,0,0,0,0,0,0,0,0,0,0,0,0,0,0,0,0,0,0,0,0,0,0,0,0,0,0,0,0,0,0,0,0,0,0,0,0,0,0,0,0,1.31397,1.52825,-1.00383,4.76135e-05,4.88344e-05,6.7958e-05,0.000226555,0.00022073,0.0004426,0,0,0,0,0,0,0,0,0,0,0,0,0,0,0,0,0,0,0,0,0,0,0,0,0,0,0,0,0,0,0,0,0,0,0,0,0,0,0,0,0,0,0,0,0,0,0,0,0,0,0,0,1,0,0,0,0,0,1.2606,-1.0667,1.1262,0,0,0,0,0,0,2.59262,-2.27826,3.2833,1.76472,0,0,0,0,1,0,0,0,0,0,0,0,0,0,0,0,0,0,0,0,0,0,0,0,0,0,0,0,0
9.75,0,0,0,0,-0,0,3.0057,2.03053,-2.12997,-1.22093e-05,2.07557e-05,0.000174077,-3.72117e-05,0.000141303,0.000875894,0,0,0,0,0,0,0,0,0,0,0,0,0,0,0,0,0,0,0,0,0,0,0,0,0,0,0,0,0,0,0,0,0,0,0,0,0,0,0,0,1.31397,1.52828,-1.0038,4.76161e-05,0.000212441,0.000310001,0.000159083,0.000815769,0.00133617,0,0,0,0,0,0,0,0,0,0,0,0,0,0,0,0,0,0,0,0,0,0,0,0,0,0,0,0,0,0,0,0,0,0,0,0,0,0,0,0,0,0,0,0,0,0,0,0,0,0,0,0,1,0,0,0,0,0,1.2606,-1.0667,1.1262,0,0,0,0,0,0,2.55979,-2.25772,3.1999,1.76471,0,0,0,0,1,0,0,0,0,0,0,0,0,0,0,0,0,0,0,0,0,0,0,0,0,0,0,0,0
9.8,0,0,0,0,-0,0,3.0057,2.03053,-2.12997,-1.22093e-05,2.07557e-05,0.000174077,-3.72117e-05,0.000141303,0.000875894,0,0,0,0,0,0,0,0,0,0,0,0,0,0,0,0,0,0,0,0,0,0,0,0,0,0,0,0,0,0,0,0,0,0,0,0,0,0,0,0,1.31397,1.52828,-1.0038,4.76161e-05,0.000212441,0.000310001,0.000159083,0.000815769,0.00133617,0,0,0,0,0,0,0,0,0,0,0,0,0,0,0,0,0,0,0,0,0,0,0,0,0,0,0,0,0,0,0,0,0,0,0,0,0,0,0,0,0,0,0,0,0,0,0,0,0,0,0,0,1,0,0,0,0,0,1.2606,-1.0667,1.1262,0,0,0,0,0,0,2.55979,-2.25772,3.1999,1.76471,0,0,0,0,1,0,0,0,0,0,0,0,0,0,0,0,0,0,0,0,0,0,0,0,0,0,0,0,0
9.85,0,0,0,0,-0,0,3.00571,2.03052,-2.12999,3.90606e-05,-5.98116e-05,-0.000271784,0.000194135,-0.00023587,-0.00133348,0,0,0,0,0,0,0,0,0,0,0,0,0,0,0,0,0,0,0,0,0,0,0,0,0,0,0,0,0,0,0,0,0,0,0,0,0,0,0,0,1.31397,1.52824,-1.00383,-5.24877e-05,-0.000349104,-0.000282512,-0.000313588,-0.00167336,-0.00144417,0,0,0,0,0,0,0,0,0,0,0,0,0,0,0,0,0,0,0,0,0,0,0,0,0,0,0,0,0,0,0,0,0,0,0,0,0,0,0,0,0,0,0,0,0,0,0,0,0,0,0,0,1,0,0,0,0,0,1.2606,-1.0667,1.1262,0,0,0,0,0,0,2.55979,-2.25772,3.1999,1.76473,0,0,0,0,1,0,0,0,0,0,0,0,0,0,0,0,0,0,0,0,0,0,0,0,0,0,0,0,0
9.9,0,0,0,0,-0,0,3.00571,2.03052,-2.12999,3.90606e-05,-5.98116e-05,-0.000271784,0.000194135,-0.00023587,-0.00133348,0,0,0,0,0,0,0,0,0,0,0,0,0,0,0,0,0,0,0,0,0,0,0,0,0,0,0,0,0,0,0,0,0,0,0,0,0,0,0,0,1.31397,1.52824,-1.00383,-5.24877e-05,-0.000349104,-0.000282512,-0.000313588,-0.00167336,-0.00144417,0,0,0,0,0,0,0,0,0,0,0,0,0,0,0,0,0,0,0,0,0,0,0,0,0,0,0,0,0,0,0,0,0,0,0,0,0,0,0,0,0,0,0,0,0,0,0,0,0,0,0,0,1,0,0,0,0,0,1.2606,-1.0667,1.1262,0,0,0,0,0,0,2.55979,-2.25772,3.1999,1.76473,0,0,0,0,1,0,0,0,0,0,0,0,0,0,0,0,0,0,0,0,0,0,0,0,0,0,0,0,0
9.95,0,0,0,0,-0,0,3.00571,2.03052,-2.12998,2.44161e-06,-1.2208e-05,0.000102528,1.55014e-06,-2.44976e-06,0.000395992,0,0,0,0,0,0,0,0,0,0,0,0,0,0,0,0,0,0,0,0,0,0,0,0,0,0,0,0,0,0,0,0,0,0,0,0,0,0,0,0,1.31396,1.52825,-1.00383,-6.22611e-05,5.49363e-05,1.43063e-05,-0.000291308,0.000272861,-5.74044e-05,0,0,0,0,0,0,0,0,0,0,0,0,0,0,0,0,0,0,0,0,0,0,0,0,0,0,0,0,0,0,0,0,0,0,0,0,0,0,0,0,0,0,0,0,0,0,0,0,0,0,0,0,1,0,0,0,0,0,1.2606,-1.0667,1.1262,0,0,0,0,0,0,2.64651,-2.32577,3.21751,1.76473,0,0,0,0,1,0,0,0,0,0,0,0,0,0,0,0,0,0,0,0,0,0,0,0,0,0,0,0,0
10,0,0,0,0,-0,0,3.00571,2.03052,-2.12998,2.44161e-06,-1.2208e-05,0.000102528,1.55014e-06,-2.44976e-06,0.000395992,0,0,0,0,0,0,0,0,0,0,0,0,0,0,0,0,0,0,0,0,0,0,0,0,0,0,0,0,0,0,0,0,0,0,0,0,0,0,0,0,1.31396,1.52825,-1.00383,-6.22611e-05,5.49363e-05,1.43063e-05,-0.000291308,0.000272861,-5.74044e-05,0,0,0,0,0,0,0,0,0,0,0,0,0,0,0,0,0,0,0,0,0,0,0,0,0,0,0,0,0,0,0,0,0,0,0,0,0,0,0,0,0,0,0,0,0,0,0,0,0,0,0,0,1,0,0,0,0,0,1.2606,-1.0667,1.1261,0,0,0,0,0,0,2.64651,-2.32577,3.21751,1.76473,0,0,0,0,1,0,0,0,0,0,0,0,0,0,0,0,0,0,0,0,0,0,0,0,0,0,0,0,0
10.05,0,0,0,0,-0,0,3.0057,2.03052,-2.12998,-2.44129e-05,2.19716e-05,5.48337e-05,-0.000132436,0.000166688,0.000281264,0,0,0,0,0,0,0,0,0,0,0,0,0,0,0,0,0,0,0,0,0,0,0,0,0,0,0,0,0,0,0,0,0,0,0,0,0,0,0,0,1.31395,1.52823,-1.00387,-0.00013183,-0.000159904,-0.000406484,-0.000449896,-0.000431231,-0.00152819,0,0,0,0,0,0,0,0,0,0,0,0,0,0,0,0,0,0,0,0,0,0,0,0,0,0,0,0,0,0,0,0,0,0,0,0,0,0,0,0,0,0,0,0,0,0,0,0,0,0,0,1,1,0,0,0,0,0,1.2606,-1.0667,1.1261,0,0,0,0,0,0,2.64651,-2.32577,3.21751,1.76475,0,0,0,0,1,0,0,0,0,0,0,0,0,0,0,0,0,0,0,0,0,0,0,0,0,0,0,0,0
10.1,0,0,0,0,-0,0,3.0057,2.03052,-2.12998,-2.44129e-05,2.19716e-05,5.48337e-05,-0.000132436,0.000166688,0.000281264,0,0,0,0,0,0,0,0,0,0,0,0,0,0,0,0,0,0,0,0,0,0,0,0,0,0,0,0,0,0,0,0,0,0,0,0,0,0,0,0,1.31395,1.52823,-1.00387,-0.00013183,-0.000159904,-0.000406484,-0.000449896,-0.000431231,-0.00152819,0,0,0,0,0,0,0,0,0,0,0,0,0,0,0,0,0,0,0,0,0,0,0,0,0,0,0,0,0,0,0,0,0,0,0,0,0,0,0,0,0,0,0,0,0,0,0,0,0,0,0,1,1,0,0,0,0,0,1.2606,-1.0667,1.1261,0,0,0,0,0,0,2.64651,-2.32577,3.21751,1.76475,0,0,0,0,1,0,0,0,0,0,0,0,0,0,0,0,0,0,0,0,0,0,0,0,0,0,0,0,0
10.15,0,0,0,0,-0,0,3.00569,2.03054,-2.12993,-0.000131831,0.00016601,0.000486357,-0.000526869,0.000698518,0.00187761,0,0,0,0,0,0,0,0,0,0,0,0,0,0,0,0,0,0,0,0,0,0,0,0,0,0,0,0,0,0,0,0,0,0,0,0,0,0,0,0,1.31393,1.52822,-1.00388,-0.000142817,-6.83571e-05,-0.000132318,-0.000335471,1.16164e-05,-2.10353e-05,0,0,0,0,0,0,0,0,0,0,0,0,0,0,0,0,0,0,0,0,0,0,0,0,0,0,0,0,0,0,0,0,0,0,0,0,0,0,0,0,0,0,0,0,0,0,0,0,0,0,0,1,1,0,0,0,0,0,1.2606,-1.0667,1.1261,0,0,0,0,0,0,2.55506,-2.24564,3.30772,1.76476,0,0,0,0,1,0,0,0,0,0,0,0,0,0,0,0,0,0,0,0,0,0,0,0,0,0,0,0,0
10.2,0,0,0,0,-0,0,3.00569,2.03054,-2.12993,-0.000131831,0.00016601,0.000486357,-0.000526869,0.000698518,0.00187761,0,0,0,0,0,0,0,0,0,0,0,0,0,0,0,0,0,0,0,0,0,0,0,0,0,0,0,0,0,0,0,0,0,0,0,0,0,0,0,0,1.31393,1.52822,-1.00388,-0.000142817,-6.83571e-05,-0.000132318,-0.000335471,1.16164e-05,-2.10353e-05,0,0,0,0,0,0,0,0,0,0,0,0,0,0,0,0,0,0,0,0,0,0,0,0,0,0,0,0,0,0,0,0,0,0,0,0,0,0,0,0,0,0,0,0,0,0,0,0,0,0,0,1,1,0,0,0,0,0,1.2606,-1.0668,1.126,0,0,0,0,0,0,2.55506,-2.24564,3.30772,1.76476,0,0,0,0,1,0,0,0,0,0,0,0,0,0,0,0,0,0,0,0,0,0,0,0,0,0,0,0,0
10.25,0,0,0,0,-0,0,3.00567,2.03058,-2.12999,-0.000197812,0.000449351,-0.000589067,-0.000633321,0.00162345,-0.00295365,0,0,0,0,0,0,0,0,0,0,0,0,0,0,0,0,0,0,0,0,0,0,0,0,0,0,0,0,0,0,0,0,0,0,0,0,0,0,0,0,1.31392,1.52821,-1.00387,-8.059e-05,-0.00010379,5.1275e-05,6.27397e-05,-7.46404e-05,0.000924948,0,0,0,0,0,0,0,0,0,0,0,0,0,0,0,0,0,0,0,0,0,0,0,0,0,0,0,0,0,0,0,0,0,0,0,0,0,0,0,0,0,0,0,0,0,0,0,0,0,0,0,1,1,0,0,0,0,0,1.2606,-1.0668,1.126,0,0,0,0,0,0,2.55506,-2.24564,3.30772,1.76476,0,0,0,0,1,0,0,0,0,0,0,0,0,0,0,0,0,0,0,0,0,0,0,0,0,0,0,0,0
10.3,0,0,0,0,-0,0,3.00567,2.03058,-2.12999,-0.000197812,0.000449351,-0.000589067,-0.000633321,0.00162345,-0.00295365,0,0,0,0,0,0,0,0,0,0,0,0,0,0,0,0,0,0,0,0,0,0,0,0,0,0,0,0,0,0,0,0,0,0,0,0,0,0,0,0,1.31392,1.52821,-1.00387,-8.059e-05,-0.00010379,5.1275e-05,6.27397e-05,-7.46404e-05,0.000924948,0,0,0,0,0,0,0,0,0,0,0,0,0,0,0,0,0,0,0,0,0,0,0,0,0,0,0,0,0,0,0,0,0,0,0,0,0,0,0,0,0,0,0,0,0,0,0,0,0,0,0,1,1,0,0,0,0,0,1.2606,-1.0668,1.126,0,0,0,0,0,0,2.55506,-2.24564,3.30772,1.76476,0,0,0,0,1,0,0,0,0,0,0,0,0,0,0,0,0,0,0,0,0,0,0,0,0,0,0,0,0
10.35,0,0,0,0,-0,0,3.00567,2.03058,-2.12999,-0.000197812,0.000449351,-0.000589067,-0.000633321,0.00162345,-0.00295365,0,0,0,0,0,0,0,0,0,0,0,0,0,0,0,0,0,0,0,0,0,0,0,0,0,0,0,0,0,0,0,0,0,0,0,0,0,0,0,0,1.31392,1.52821,-1.00387,-8.059e-05,-0.00010379,5.1275e-05,6.27397e-05,-7.46404e-05,0.000924948,0,0,0,0,0,0,0,0,0,0,0,0,0,0,0,0,0,0,0,0,0,0,0,0,0,0,0,0,0,0,0,0,0,0,0,0,0,0,0,0,0,0,0,0,0,0,0,0,0,0,0,1,1,0,0,0,0,0,1.2606,-1.0668,1.126,0,0,0,0,0,0,2.60864,-2.30008,3.20597,1.76476,0,0,0,0,1,0,0,0,0,0,0,0,0,0,0,0,0,0,0,0,0,0,0,0,0,0,0,0,0
10.4,0,0,0,0,-0,0,3.00567,2.03062,-2.12998,-5.12629e-05,0.000325886,5.9597e-05,0.000190712,0.000607062,0.000164036,0,0,0,0,0,0,0,0,0,0,0,0,0,0,0,0,0,0,0,0,0,0,0,0,0,0,0,0,0,0,0,0,0,0,0,0,0,0,0,0,1.31393,1.5282,-1.00386,1.3426e-05,-0.000137922,0.000187135,0.000467156,-0.00019298,0.00122632,0,0,0,0,0,0,0,0,0,0,0,0,0,0,0,0,0,0,0,0,0,0,0,0,0,0,0,0,0,0,0,0,0,0,0,0,0,0,0,0,0,0,0,0,0,0,0,0,0,0,0,1,1,0,0,0,0,0,1.3168,-1.0106,1.1822,0,0,0,0,0,0,2.60864,-2.30008,3.20597,1.76477,0,0,0,0,1,0,0,0,0,0,0,0,0,0,0,0,0,0,0,0,0,0,0,0,0,0,0,0,0
10.45,0,0,0,0,-0,0,3.00567,2.03066,-2.12999,4.63978e-05,0.000416359,-5.48494e-05,0.00061636,0.00058807,6.32755e-05,0,0,0,0,0,0,0,0,0,0,0,0,0,0,0,0,0,0,0,0,0,0,0,0,0,0,0,0,0,0,0,0,0,0,0,0,0,0,0,0,1.31392,1.52814,-1.00388,-6.83757e-05,-0.000599509,-0.000275439,8.41786e-06,-0.00197608,-0.00107126,0,0,0,0,0,0,0,0,0,0,0,0,0,0,0,0,0,0,0,0,0,0,0,0,0,0,0,0,0,0,0,0,0,0,0,0,0,0,0,0,0,0,0,0,0,0,0,0,0,0,0,1,1,0,0,0,0,0,1.3168,-1.0106,1.1822,0,0,0,0,0,0,2.60864,-2.30008,3.20597,1.76481,0,0,0,0,1,0,0,0,0,0,0,0,0,0,0,0,0,0,0,0,0,0,0,0,0,0,0,0,0
10.5,0,0,0,0,-0,0,3.00567,2.03066,-2.12999,4.63978e-05,0.000416359,-5.48494e-05,0.00061636,0.00058807,6.32755e-05,0,0,0,0,0,0,0,0,0,0,0,0,0,0,0,0,0,0,0,0,0,0,0,0,0,0,0,0,0,0,0,0,0,0,0,0,0,0,0,0,1.31392,1.52814,-1.00388,-6.83757e-05,-0.000599509,-0.000275439,8.41786e-06,-0.00197608,-0.00107126,0,0,0,0,0,0,0,0,0,0,0,0,0,0,0,0,0,0,0,0,0,0,0,0,0,0,0,0,0,0,0,0,0,0,0,0,0,0,0,0,0,0,0,0,0,0,0,0,0,0,0,1,1,0,0,0,0,0,1.3168,-1.0106,1.1822,0,0,0,0,0,0,2.60864,-2.30008,3.20597,1.76481,0,0,0,0,1,0,0,0,0,0,0,0,0,0,0,0,0,0,0,0,0,0,0,0,0,0,0,0,0
10.5,0,0,0,0,-0,0,3.00569,2.0307,-2.13004,0.000222161,0.000389392,-0.00046967,0.00113003,0.000243129,-0.00163322,0,0,0,0,0,0,0,0,0,0,0,0,0,0,0,0,0,0,0,0,0,0,0,0,0,0,0,0,0,0,0,0,0,0,0,0,0,0,0,0,1.31393,1.5281,-1.00384,0.00011108,-0.000389391,0.000411258,0.000659987,-0.000588723,0.00178953,0,0,0,0,0,0,0,0,0,0,0,0,0,0,0,0,0,0,0,0,0,0,0,0,0,0,0,0,0,0,0,0,0,0,0,0,0,0,0,0,0,0,0,0,0,0,0,0,0,0,0,1,1,0,0,0,0,0,1.3168,-1.0106,1.1822,0,0,0,0,0,0,2.48241,-2.18579,3.26759,1.76484,0,0,0,0,1,0,0,0,0,0,0,0,0,0,0,0,0,0,0,0,0,0,0,0,0,0,0,0,0
10.5,0,0,0,0,-0,0,3.00569,2.0307,-2.13004,0.000222161,0.000389392,-0.00046967,0.00113003,0.000243129,-0.00163322,0,0,0,0,0,0,0,0,0,0,0,0,0,0,0,0,0,0,0,0,0,0,0,0,0,0,0,0,0,0,0,0,0,0,0,0,0,0,0,0,1.31393,1.5281,-1.00384,0.00011108,-0.000389391,0.000411258,0.000659987,-0.000588723,0.00178953,0,0,0,0,0,0,0,0,0,0,0,0,0,0,0,0,0,0,0,0,0,0,0,0,0,0,0,0,0,0,0,0,0,0,0,0,0,0,0,0,0,0,0,0,0,0,0,0,0,0,0,1,1,0,0,0,0,0,1.2534,-1.074,1.1187,0,0,0,0,0,0,2.48241,-2.18579,3.26759,1.76484,0,0,0,0,1,0,0,0,0,0,0,0,0,0,0,0,0,0,0,0,0,0,0,0,0,0,0,0,0
10.55,0,0,0,0,-0,0,3.00569,2.0307,-2.13004,0.000222161,0.000389392,-0.00046967,0.00113003,0.000243129,-0.00163322,0,0,0,0,0,0,0,0,0,0,0,0,0,0,0,0,0,0,0,0,0,0,0,0,0,0,0,0,0,0,0,0,0,0,0,0,0,0,0,0,1.31393,1.5281,-1.00384,0.00011108,-0.000389391,0.000411258,0.000659987,-0.000588723,0.00178953,0,0,0,0,0,0,0,0,0,0,0,0,0,0,0,0,0,0,0,0,0,0,0,0,0,0,0,0,0,0,0,0,0,0,0,0,0,0,0,0,0,0,0,0,0,0,0,0,0,0,0,1,1,0,0,0,0,0,1.2534,-1.074,1.1187,0,0,0,0,0,0,2.48241,-2.18579,3.26759,1.76484,0,0,0,0,1,0,0,0,0,0,0,0,0,0,0,0,0,0,0,0,0,0,0,0,0,0,0,0,0
10.6,0,0,0,0,-0,0,3.00573,2.03074,-2.13001,0.000351614,0.000473702,0.00027899,0.00126522,0.000435934,0.00178129,0,0,0,0,0,0,0,0,0,0,0,0,0,0,0,0,0,0,0,0,0,0,0,0,0,0,0,0,0,0,0,0,0,0,0,0,0,0,0,0,1.31395,1.52805,-1.00379,0.000240514,-0.000468819,0.000555597,0.00100163,-0.000482816,0.00203837,0,0,0,0,0,0,0,0,0,0,0,0,0,0,0,0,0,0,0,0,0,0,0,0,0,0,0,0,0,0,0,0,0,0,0,0,0,0,0,0,0,0,0,0,0,0,0,0,0,0,0,1,1,0,0,0,0,0,1.2534,-1.074,1.1187,0,0,0,0,0,0,2.48241,-2.18579,3.26759,1.76488,0,0,0,0,1,0,0,0,0,0,0,0,0,0,0,0,0,0,0,0,0,0,0,0,0,0,0,0,0
10.65,0,0,0,0,-0,0,3.00578,2.03078,-2.13002,0.000490685,0.000389374,-0.000145424,0.00133386,-4.88621e-05,-0.000164108,0,0,0,0,0,0,0,0,0,0,0,0,0,0,0,0,0,0,0,0,0,0,0,0,0,0,0,0,0,0,0,0,0,0,0,0,0,0,0,0,1.31398,1.52801,-1.00375,0.000250225,-0.000484582,0.00033972,0.000686572,-0.000338803,0.000395261,0,0,0,0,0,0,0,0,0,0,0,0,0,0,0,0,0,0,0,0,0,0,0,0,0,0,0,0,0,0,0,0,0,0,0,0,0,0,0,0,0,0,0,0,0,0,0,0,0,0,0,1,1,0,0,0,0,0,1.2534,-1.074,1.1187,0,0,0,0,0,0,2.58773,-2.27145,3.29334,1.76493,0,0,0,0,1,0,0,0,0,0,0,0,0,0,0,0,0,0,0,0,0,0,0,0,0,0,0,0,0
10.75,0,0,0,0,-0,0,3.00578,2.03078,-2.13002,0.000490685,0.000389374,-0.000145424,0.00133386,-4.88621e-05,-0.000164108,0,0,0,0,0,0,0,0,0,0,0,0,0,0,0,0,0,0,0,0,0,0,0,0,0,0,0,0,0,0,0,0,0,0,0,0,0,0,0,0,1.31398,1.52801,-1.00375,0.000250225,-0.000484582,0.00033972,0.000686572,-0.000338803,0.000395261,0,0,0,0,0,0,0,0,0,0,0,0,0,0,0,0,0,0,0,0,0,0,0,0,0,0,0,0,0,0,0,0,0,0,0,0,0,0,0,0,0,0,0,0,0,0,0,0,0,0,0,1,1,0,0,0,0,0,1.1683,-1.1593,1.0334,0,0,0,0,0,0,2.58773,-2.27145,3.29334,1.76493,0,0,0,0,1,0,0,0,0,0,0,0,0,0,0,0,0,0,0,0,0,0,0,0,0,0,0,0,0
10.8,0,0,0,0,-0,0,3.00584,2.03083,-2.12996,0.000632494,0.000463992,0.000622439,0.00137649,0.000202873,0.00270629,0,0,0,0,0,0,0,0,0,0,0,0,0,0,0,0,0,0,0,0,0,0,0,0,0,0,0,0,0,0,0,0,0,0,0,0,0,0,0,0,1.31402,1.52796,-1.00365,0.000378519,-0.00045056,0.000999242,0.000882047,-4.76421e-05,0.00264984,0,0,0,0,0,0,0,0,0,0,0,0,0,0,0,0,0,0,0,0,0,0,0,0,0,0,0,0,0,0,0,0,0,0,0,0,0,0,0,0,0,0,0,0,0,0,0,0,0,0,0,1,1,0,0,0,0,0,1.1683,-1.1593,1.0334,0,0,0,0,0,0,2.58773,-2.27145,3.29334,1.76498,0,0,0,0,1,0,0,0,0,0,0,0,0,0,0,0,0,0,0,0,0,0,0,0,0,0,0,0,0
10.85,0,0,0,0,-0,0,3.00584,2.03083,-2.12996,0.000632494,0.000463992,0.000622439,0.00137649,0.000202873,0.00270629,0,0,0,0,0,0,0,0,0,0,0,0,0,0,0,0,0,0,0,0,0,0,0,0,0,0,0,0,0,0,0,0,0,0,0,0,0,0,0,0,1.31402,1.52796,-1.00365,0.000378519,-0.00045056,0.000999242,0.000882047,-4.76421e-05,0.00264984,0,0,0,0,0,0,0,0,0,0,0,0,0,0,0,0,0,0,0,0,0,0,0,0,0,0,0,0,0,0,0,0,0,0,0,0,0,0,0,0,0,0,0,0,0,0,0,0,0,0,0,1,1,0,0,0,0,0,1.1683,-1.1593,1.0334,0,0,0,0,0,0,2.58773,-2.27145,3.29334,1.76498,0,0,0,0,1,0,0,0,0,0,0,0,0,0,0,0,0,0,0,0,0,0,0,0,0,0,0,0,0
10.9,0,0,0,0,-0,0,3.00592,2.03088,-2.12995,0.000756847,0.000532234,0.000123979,0.00132968,0.000428938,2.22335e-05,0,0,0,0,0,0,0,0,0,0,0,0,0,0,0,0,0,0,0,0,0,0,0,0,0,0,0,0,0,0,0,0,0,0,0,0,0,0,0,0,1.31405,1.52788,-1.00359,0.000330815,-0.0008484,0.000669965,0.000365772,-0.00157924,0.000581318,0,0,0,0,0,0,0,0,0,0,0,0,0,0,0,0,0,0,0,0,0,0,0,0,0,0,0,0,0,0,0,0,0,0,0,0,0,0,0,0,0,0,0,0,0,0,0,0,0,0,0,1,1,0,0,0,0,0,1.1683,-1.1593,1.0334,0,0,0,0,0,0,2.45002,-2.15535,3.31128,1.76506,0,0,0,0,1,0,0,0,0,0,0,0,0,0,0,0,0,0,0,0,0,0,0,0,0,0,0,0,0
10.95,0,0,0,0,-0,0,3.00592,2.03088,-2.12995,0.000756847,0.000532234,0.000123979,0.00132968,0.000428938,2.22335e-05,0,0,0,0,0,0,0,0,0,0,0,0,0,0,0,0,0,0,0,0,0,0,0,0,0,0,0,0,0,0,0,0,0,0,0,0,0,0,0,0,1.31405,1.52788,-1.00359,0.000330815,-0.0008484,0.000669965,0.000365772,-0.00157924,0.000581318,0,0,0,0,0,0,0,0,0,0,0,0,0,0,0,0,0,0,0,0,0,0,0,0,0,0,0,0,0,0,0,0,0,0,0,0,0,0,0,0,0,0,0,0,0,0,0,0,0,0,0,1,1,0,0,0,0,0,1.3089,-1.0188,1.174,0,0,0,0,0,0,2.45002,-2.15535,3.31128,1.76506,0,0,0,0,1,0,0,0,0,0,0,0,0,0,0,0,0,0,0,0,0,0,0,0,0,0,0,0,0
11,0,0,0,0,-0,0,3.006,2.03094,-2.12993,0.000869068,0.000537065,0.000159727,0.00124032,0.000307353,-0.000207224,0,0,0,0,0,0,0,0,0,0,0,0,0,0,0,0,0,0,0,0,0,0,0,0,0,0,0,0,0,0,0,0,0,0,0,0,0,0,0,0,1.31409,1.5278,-1.00352,0.000433314,-0.000747009,0.000636525,0.000559225,-0.000750285,-6.47668e-05,0,0,0,0,0,0,0,0,0,0,0,0,0,0,0,0,0,0,0,0,0,0,0,0,0,0,0,0,0,0,0,0,0,0,0,0,0,0,0,0,0,0,0,0,0,0,0,0,0,0,0,1,1,0,0,0,0,0,1.3089,-1.0188,1.174,0,0,0,0,0,0,2.45002,-2.15535,3.31128,1.76514,0,0,0,0,1,0,0,0,0,0,0,0,0,0,0,0,0,0,0,0,0,0,0,0,0,0,0,0,0
11.05,0,0,0,0,-0,0,3.006,2.03094,-2.12993,0.000869068,0.000537065,0.000159727,0.00124032,0.000307353,-0.000207224,0,0,0,0,0,0,0,0,0,0,0,0,0,0,0,0,0,0,0,0,0,0,0,0,0,0,0,0,0,0,0,0,0,0,0,0,0,0,0,0,1.31409,1.5278,-1.00352,0.000433314,-0.000747009,0.000636525,0.000559225,-0.000750285,-6.47668e-05,0,0,0,0,0,0,0,0,0,0,0,0,0,0,0,0,0,0,0,0,0,0,0,0,0,0,0,0,0,0,0,0,0,0,0,0,0,0,0,0,0,0,0,0,0,0,0,0,0,0,0,1,1,0,0,0,0,0,1.3089,-1.0188,1.174,0,0,0,0,0,0,2.45002,-2.15535,3.31128,1.76514,0,0,0,0,1,0,0,0,0,0,0,0,0,0,0,0,0,0,0,0,0,0,0,0,0,0,0,0,0
11.1,0,0,0,0,-0,0,3.006,2.03094,-2.12993,0.000869068,0.000537065,0.000159727,0.00124032,0.000307353,-0.000207224,0,0,0,0,0,0,0,0,0,0,0,0,0,0,0,0,0,0,0,0,0,0,0,0,0,0,0,0,0,0,0,0,0,0,0,0,0,0,0,0,1.31409,1.5278,-1.00352,0.000433314,-0.000747009,0.000636525,0.000559225,-0.000750285,-6.47668e-05,0,0,0,0,0,0,0,0,0,0,0,0,0,0,0,0,0,0,0,0,0,0,0,0,0,0,0,0,0,0,0,0,0,0,0,0,0,0,0,0,0,0,0,0,0,0,0,0,0,0,0,1,1,0,0,0,0,0,1.3089,-1.0188,1.174,0,0,0,0,0,0,2.45002,-2.15535,3.31128,1.76514,0,0,0,0,1,0,0,0,0,0,0,0,0,0,0,0,0,0,0,0,0,0,0,0,0,0,0,0,0
11.15,0,0,0,0,-0,0,3.006,2.03094,-2.12993,0.000869068,0.000537065,0.000159727,0.00124032,0.000307353,-0.000207224,0,0,0,0,0,0,0,0,0,0,0,0,0,0,0,0,0,0,0,0,0,0,0,0,0,0,0,0,0,0,0,0,0,0,0,0,0,0,0,0,1.31409,1.5278,-1.00352,0.000433314,-0.000747009,0.000636525,0.000559225,-0.000750285,-6.47668e-05,0,0,0,0,0,0,0,0,0,0,0,0,0,0,0,0,0,0,0,0,0,0,0,0,0,0,0,0,0,0,0,0,0,0,0,0,0,0,0,0,0,0,0,0,0,0,0,0,0,0,0,1,1,0,0,0,0,0,1.2765,-1.0512,1.1416,0,0,0,0,0,0,2.45002,-2.15535,3.31128,1.76514,0,0,0,0,1,0,0,0,0,0,0,0,0,0,0,0,0,0,0,0,0,0,0,0,0,0,0,0,0
11.2,0,0,0,0,-0,0,3.006,2.03094,-2.12993,0.000869068,0.000537065,0.000159727,0.00124032,0.000307353,-0.000207224,0,0,0,0,0,0,0,0,0,0,0,0,0,0,0,0,0,0,0,0,0,0,0,0,0,0,0,0,0,0,0,0,0,0,0,0,0,0,0,0,1.31409,1.5278,-1.00352,0.000433314,-0.000747009,0.000636525,0.000559225,-0.000750285,-6.47668e-05,0,0,0,0,0,0,0,0,0,0,0,0,0,0,0,0,0,0,0,0,0,0,0,0,0,0,0,0,0,0,0,0,0,0,0,0,0,0,0,0,0,0,0,0,0,0,0,0,0,0,0,1,1,0,0,0,0,0,1.2765,-1.0512,1.1416,0,0,0,0,0,0,2.45002,-2.15535,3.31128,1.76514,0,0,0,0,1,0,0,0,0,0,0,0,0,0,0,0,0,0,0,0,0,0,0,0,0,0,0,0,0
11.25,0,0,0,0,-0,0,3.006,2.03094,-2.12993,0.000869068,0.000537065,0.000159727,0.00124032,0.000307353,-0.000207224,0,0,0,0,0,0,0,0,0,0,0,0,0,0,0,0,0,0,0,0,0,0,0,0,0,0,0,0,0,0,0,0,0,0,0,0,0,0,0,0,1.31409,1.5278,-1.00352,0.000433314,-0.000747009,0.000636525,0.000559225,-0.000750285,-6.47668e-05,0,0,0,0,0,0,0,0,0,0,0,0,0,0,0,0,0,0,0,0,0,0,0,0,0,0,0,0,0,0,0,0,0,0,0,0,0,0,0,0,0,0,0,0,0,0,0,0,0,0,0,1,1,0,0,0,0,0,1.2765,-1.0512,1.1416,0,0,0,0,0,0,2.45002,-2.15535,3.31128,1.76514,0,0,0,0,1,0,0,0,0,0,0,0,0,0,0,0,0,0,0,0,0,0,0,0,0,0,0,0,0
11.3,0,0,0,0,-0,0,3.006,2.03094,-2.12993,0.000869068,0.000537065,0.000159727,0.00124032,0.000307353,-0.000207224,0,0,0,0,0,0,0,0,0,0,0,0,0,0,0,0,0,0,0,0,0,0,0,0,0,0,0,0,0,0,0,0,0,0,0,0,0,0,0,0,1.31409,1.5278,-1.00352,0.000433314,-0.000747009,0.000636525,0.000559225,-0.000750285,-6.47668e-05,0,0,0,0,0,0,0,0,0,0,0,0,0,0,0,0,0,0,0,0,0,0,0,0,0,0,0,0,0,0,0,0,0,0,0,0,0,0,0,0,0,0,0,0,0,0,0,0,0,0,0,1,1,0,0,0,0,0,1.2765,-1.0512,1.1416,0,0,0,0,0,0,2.45002,-2.15535,3.31128,1.76514,0,0,0,0,1,0,0,0,0,0,0,0,0,0,0,0,0,0,0,0,0,0,0,0,0,0,0,0,0
11.35,0,0,0,0,-0,0,3.006,2.03094,-2.12993,0.000869068,0.000537065,0.000159727,0.00124032,0.000307353,-0.000207224,0,0,0,0,0,0,0,0,0,0,0,0,0,0,0,0,0,0,0,0,0,0,0,0,0,0,0,0,0,0,0,0,0,0,0,0,0,0,0,0,1.31409,1.5278,-1.00352,0.000433314,-0.000747009,0.000636525,0.000559225,-0.000750285,-6.47668e-05,0,0,0,0,0,0,0,0,0,0,0,0,0,0,0,0,0,0,0,0,0,0,0,0,0,0,0,0,0,0,0,0,0,0,0,0,0,0,0,0,0,0,0,0,0,0,0,0,0,0,0,1,1,0,0,0,0,0,1.2613,-1.0665,1.1264,0,0,0,0,0,0,2.45002,-2.15535,3.31128,1.76514,0,0,0,0,1,0,0,0,0,0,0,0,0,0,0,0,0,0,0,0,0,0,0,0,0,0,0,0,0
11.4,0,0,0,0,-0,0,3.006,2.03094,-2.12993,0.000869068,0.000537065,0.000159727,0.00124032,0.000307353,-0.000207224,0,0,0,0,0,0,0,0,0,0,0,0,0,0,0,0,0,0,0,0,0,0,0,0,0,0,0,0,0,0,0,0,0,0,0,0,0,0,0,0,1.31409,1.5278,-1.00352,0.000433314,-0.000747009,0.000636525,0.000559225,-0.000750285,-6.47668e-05,0,0,0,0,0,0,0,0,0,0,0,0,0,0,0,0,0,0,0,0,0,0,0,0,0,0,0,0,0,0,0,0,0,0,0,0,0,0,0,0,0,0,0,0,0,0,0,0,0,0,0,1,1,0,0,0,0,0,1.2613,-1.0665,1.1264,0,0,0,0,0,0,2.45002,-2.15535,3.31128,1.76514,0,0,0,0,1,0,0,0,0,0,0,0,0,0,0,0,0,0,0,0,0,0,0,0,0,0,0,0,0
11.45,0,0,0,0,-0,0,3.006,2.03094,-2.12993,0.000869068,0.000537065,0.000159727,0.00124032,0.000307353,-0.000207224,0,0,0,0,0,0,0,0,0,0,0,0,0,0,0,0,0,0,0,0,0,0,0,0,0,0,0,0,0,0,0,0,0,0,0,0,0,0,0,0,1.31409,1.5278,-1.00352,0.000433314,-0.000747009,0.000636525,0.000559225,-0.000750285,-6.47668e-05,0,0,0,0,0,0,0,0,0,0,0,0,0,0,0,0,0,0,0,0,0,0,0,0,0,0,0,0,0,0,0,0,0,0,0,0,0,0,0,0,0,0,0,0,0,0,0,0,0,0,0,1,1,0,0,0,0,0,1.2613,-1.0665,1.1264,0,0,0,0,0,0,2.45002,-2.15535,3.31128,1.76514,0,0,0,0,1,0,0,0,0,0,0,0,0,0,0,0,0,0,0,0,0,0,0,0,0,0,0,0,0
11.5,0,0,0,0,-0,0,3.006,2.03094,-2.12993,0.000869068,0.000537065,0.000159727,0.00124032,0.000307353,-0.000207224,0,0,0,0,0,0,0,0,0,0,0,0,0,0,0,0,0,0,0,0,0,0,0,0,0,0,0,0,0,0,0,0,0,0,0,0,0,0,0,0,1.31409,1.5278,-1.00352,0.000433314,-0.000747009,0.000636525,0.000559225,-0.000750285,-6.47668e-05,0,0,0,0,0,0,0,0,0,0,0,0,0,0,0,0,0,0,0,0,0,0,0,0,0,0,0,0,0,0,0,0,0,0,0,0,0,0,0,0,0,0,0,0,0,0,0,0,0,0,0,1,1,0,0,0,0,0,1.2613,-1.0665,1.1264,0,0,0,0,0,0,2.45002,-2.15535,3.31128,1.76514,0,0,0,0,1,0,0,0,0,0,0,0,0,0,0,0,0,0,0,0,0,0,0,0,0,0,0,0,0
11.55,0,0,0,0,-0,0,3.006,2.03094,-2.12993,0.000869068,0.000537065,0.000159727,0.00124032,0.000307353,-0.000207224,0,0,0,0,0,0,0,0,0,0,0,0,0,0,0,0,0,0,0,0,0,0,0,0,0,0,0,0,0,0,0,0,0,0,0,0,0,0,0,0,1.31409,1.5278,-1.00352,0.000433314,-0.000747009,0.000636525,0.000559225,-0.000750285,-6.47668e-05,0,0,0,0,0,0,0,0,0,0,0,0,0,0,0,0,0,0,0,0,0,0,0,0,0,0,0,0,0,0,0,0,0,0,0,0,0,0,0,0,0,0,0,0,0,0,0,0,0,0,0,1,1,0,0,0,0,0,1.3032,-1.0246,1.1683,0,0,0,0,0,0,2.45002,-2.15535,3.31128,1.76514,0,0,0,0,1,0,0,0,0,0,0,0,0,0,0,0,0,0,0,0,0,0,0,0,0,0,0,0,0
11.6,0,0,0,0,-0,0,3.006,2.03094,-2.12993,0.000869068,0.000537065,0.000159727,0.00124032,0.000307353,-0.000207224,0,0,0,0,0,0,0,0,0,0,0,0,0,0,0,0,0,0,0,0,0,0,0,0,0,0,0,0,0,0,0,0,0,0,0,0,0,0,0,0,1.31409,1.5278,-1.00352,0.000433314,-0.000747009,0.000636525,0.000559225,-0.000750285,-6.47668e-05,0,0,0,0,0,0,0,0,0,0,0,0,0,0,0,0,0,0,0,0,0,0,0,0,0,0,0,0,0,0,0,0,0,0,0,0,0,0,0,0,0,0,0,0,0,0,0,0,0,0,0,1,1,0,0,0,0,0,1.3032,-1.0246,1.1683,0,0,0,0,0,0,2.45002,-2.15535,3.31128,1.76514,0,0,0,0,1,0,0,0,0,0,0,0,0,0,0,0,0,0,0,0,0,0,0,0,0,0,0,0,0
11.65,0,0,0,0,-0,0,3.006,2.03094,-2.12993,0.000869068,0.000537065,0.000159727,0.00124032,0.000307353,-0.000207224,0,0,0,0,0,0,0,0,0,0,0,0,0,0,0,0,0,0,0,0,0,0,0,0,0,0,0,0,0,0,0,0,0,0,0,0,0,0,0,0,1.31409,1.5278,-1.00352,0.000433314,-0.000747009,0.000636525,0.000559225,-0.000750285,-6.47668e-05,0,0,0,0,0,0,0,0,0,0,0,0,0,0,0,0,0,0,0,0,0,0,0,0,0,0,0,0,0,0,0,0,0,0,0,0,0,0,0,0,0,0,0,0,0,0,0,0,0,0,0,1,1,0,0,0,0,0,1.3032,-1.0246,1.1683,0,0,0,0,0,0,2.45002,-2.15535,3.31128,1.76514,0,0,0,0,1,0,0,0,0,0,0,0,0,0,0,0,0,0,0,0,0,0,0,0,0,0,0,0,0
11.7,0,0,0,0,-0,0,3.006,2.03094,-2.12993,0.000869068,0.000537065,0.000159727,0.00124032,0.000307353,-0.000207224,0,0,0,0,0,0,0,0,0,0,0,0,0,0,0,0,0,0,0,0,0,0,0,0,0,0,0,0,0,0,0,0,0,0,0,0,0,0,0,0,1.31409,1.5278,-1.00352,0.000433314,-0.000747009,0.000636525,0.000559225,-0.000750285,-6.47668e-05,0,0,0,0,0,0,0,0,0,0,0,0,0,0,0,0,0,0,0,0,0,0,0,0,0,0,0,0,0,0,0,0,0,0,0,0,0,0,0,0,0,0,0,0,0,0,0,0,0,0,0,1,1,0,0,0,0,0,1.3032,-1.0246,1.1683,0,0,0,0,0,0,2.45002,-2.15535,3.31128,1.76514,0,0,0,0,1,0,0,0,0,0,0,0,0,0,0,0,0,0,0,0,0,0,0,0,0,0,0,0,0
11.75,0,0,0,0,-0,0,3.006,2.03094,-2.12993,0.000869068,0.000537065,0.000159727,0.00124032,0.000307353,-0.000207224,0,0,0,0,0,0,0,0,0,0,0,0,0,0,0,0,0,0,0,0,0,0,0,0,0,0,0,0,0,0,0,0,0,0,0,0,0,0,0,0,1.31409,1.5278,-1.00352,0.000433314,-0.000747009,0.000636525,0.000559225,-0.000750285,-6.47668e-05,0,0,0,0,0,0,0,0,0,0,0,0,0,0,0,0,0,0,0,0,0,0,0,0,0,0,0,0,0,0,0,0,0,0,0,0,0,0,0,0,0,0,0,0,0,0,0,0,0,0,0,1,1,0,0,0,0,0,1.2613,-1.0665,1.1264,0,0,0,0,0,0,2.45002,-2.15535,3.31128,1.76514,0,0,0,0,1,0,0,0,0,0,0,0,0,0,0,0,0,0,0,0,0,0,0,0,0,0,0,0,0
11.8,0,0,0,0,-0,0,3.006,2.03094,-2.12993,0.000869068,0.000537065,0.000159727,0.00124032,0.000307353,-0.000207224,0,0,0,0,0,0,0,0,0,0,0,0,0,0,0,0,0,0,0,0,0,0,0,0,0,0,0,0,0,0,0,0,0,0,0,0,0,0,0,0,1.31409,1.5278,-1.00352,0.000433314,-0.000747009,0.000636525,0.000559225,-0.000750285,-6.47668e-05,0,0,0,0,0,0,0,0,0,0,0,0,0,0,0,0,0,0,0,0,0,0,0,0,0,0,0,0,0,0,0,0,0,0,0,0,0,0,0,0,0,0,0,0,0,0,0,0,0,0,0,1,1,0,0,0,0,0,1.2613,-1.0665,1.1264,0,0,0,0,0,0,2.45002,-2.15535,3.31128,1.76514,0,0,0,0,1,0,0,0,0,0,0,0,0,0,0,0,0,0,0,0,0,0,0,0,0,0,0,0,0
11.85,0,0,0,0,-0,0,3.006,2.03094,-2.12993,0.000869068,0.000537065,0.000159727,0.00124032,0.000307353,-0.000207224,0,0,0,0,0,0,0,0,0,0,0,0,0,0,0,0,0,0,0,0,0,0,0,0,0,0,0,0,0,0,0,0,0,0,0,0,0,0,0,0,1.31409,1.5278,-1.00352,0.000433314,-0.000747009,0.000636525,0.000559225,-0.000750285,-6.47668e-05,0,0,0,0,0,0,0,0,0,0,0,0,0,0,0,0,0,0,0,0,0,0,0,0,0,0,0,0,0,0,0,0,0,0,0,0,0,0,0,0,0,0,0,0,0,0,0,0,0,0,0,1,1,0,0,0,0,0,1.2613,-1.0665,1.1264,0,0,0,0,0,0,2.45002,-2.15535,3.31128,1.76514,0,0,0,0,1,0,0,0,0,0,0,0,0,0,0,0,0,0,0,0,0,0,0,0,0,0,0,0,0
11.9,0,0,0,0,-0,0,3.006,2.03094,-2.12993,0.000869068,0.000537065,0.000159727,0.00124032,0.000307353,-0.000207224,0,0,0,0,0,0,0,0,0,0,0,0,0,0,0,0,0,0,0,0,0,0,0,0,0,0,0,0,0,0,0,0,0,0,0,0,0,0,0,0,1.31409,1.5278,-1.00352,0.000433314,-0.000747009,0.000636525,0.000559225,-0.000750285,-6.47668e-05,0,0,0,0,0,0,0,0,0,0,0,0,0,0,0,0,0,0,0,0,0,0,0,0,0,0,0,0,0,0,0,0,0,0,0,0,0,0,0,0,0,0,0,0,0,0,0,0,0,0,0,1,1,0,0,0,0,0,1.2613,-1.0665,1.1264,0,0,0,0,0,0,2.45002,-2.15535,3.31128,1.76514,0,0,0,0,1,0,0,0,0,0,0,0,0,0,0,0,0,0,0,0,0,0,0,0,0,0,0,0,0
11.95,0,0,0,0,-0,0,3.006,2.03094,-2.12993,0.000869068,0.000537065,0.000159727,0.00124032,0.000307353,-0.000207224,0,0,0,0,0,0,0,0,0,0,0,0,0,0,0,0,0,0,0,0,0,0,0,0,0,0,0,0,0,0,0,0,0,0,0,0,0,0,0,0,1.31409,1.5278,-1.00352,0.000433314,-0.000747009,0.000636525,0.000559225,-0.000750285,-6.47668e-05,0,0,0,0,0,0,0,0,0,0,0,0,0,0,0,0,0,0,0,0,0,0,0,0,0,0,0,0,0,0,0,0,0,0,0,0,0,0,0,0,0,0,0,0,0,0,0,0,0,0,0,1,1,0,0,0,0,0,1.2614,-1.0664,1.1265,0,0,0,0,0,0,2.45002,-2.15535,3.31128,1.76514,0,0,0,0,1,0,0,0,0,0,0,0,0,0,0,0,0,0,0,0,0,0,0,0,0,0,0,0,0
12,0,0,0,0,-0,0,3.006,2.03094,-2.12993,0.000869068,0.000537065,0.000159727,0.00124032,0.000307353,-0.000207224,0,0,0,0,0,0,0,0,0,0,0,0,0,0,0,0,0,0,0,0,0,0,0,0,0,0,0,0,0,0,0,0,0,0,0,0,0,0,0,0,1.31409,1.5278,-1.00352,0.000433314,-0.000747009,0.000636525,0.000559225,-0.000750285,-6.47668e-05,0,0,0,0,0,0,0,0,0,0,0,0,0,0,0,0,0,0,0,0,0,0,0,0,0,0,0,0,0,0,0,0,0,0,0,0,0,0,0,0,0,0,0,0,0,0,0,0,0,0,0,1,1,0,0,0,0,0,1.2614,-1.0664,1.1265,0,0,0,0,0,0,2.45002,-2.15535,3.31128,1.76514,0,0,0,0,1,0,0,0,0,0,0,0,0,0,0,0,0,0,0,0,0,0,0,0,0,0,0,0,0
12.05,0,0,0,0,-0,0,3.006,2.03094,-2.12993,0.000869068,0.000537065,0.000159727,0.00124032,0.000307353,-0.000207224,0,0,0,0,0,0,0,0,0,0,0,0,0,0,0,0,0,0,0,0,0,0,0,0,0,0,0,0,0,0,0,0,0,0,0,0,0,0,0,0,1.31409,1.5278,-1.00352,0.000433314,-0.000747009,0.000636525,0.000559225,-0.000750285,-6.47668e-05,0,0,0,0,0,0,0,0,0,0,0,0,0,0,0,0,0,0,0,0,0,0,0,0,0,0,0,0,0,0,0,0,0,0,0,0,0,0,0,0,0,0,0,0,0,0,0,0,0,0,0,1,1,0,0,0,0,0,1.2614,-1.0664,1.1265,0,0,0,0,0,0,2.45002,-2.15535,3.31128,1.76514,0,0,0,0,1,0,0,0,0,0,0,0,0,0,0,0,0,0,0,0,0,0,0,0,0,0,0,0,0
12.1,0,0,0,0,-0,0,3.006,2.03094,-2.12993,0.000869068,0.000537065,0.000159727,0.00124032,0.000307353,-0.000207224,0,0,0,0,0,0,0,0,0,0,0,0,0,0,0,0,0,0,0,0,0,0,0,0,0,0,0,0,0,0,0,0,0,0,0,0,0,0,0,0,1.31409,1.5278,-1.00352,0.000433314,-0.000747009,0.000636525,0.000559225,-0.000750285,-6.47668e-05,0,0,0,0,0,0,0,0,0,0,0,0,0,0,0,0,0,0,0,0,0,0,0,0,0,0,0,0,0,0,0,0,0,0,0,0,0,0,0,0,0,0,0,0,0,0,0,0,0,0,0,1,1,0,0,0,0,0,1.2614,-1.0664,1.1265,0,0,0,0,0,0,2.45002,-2.15535,3.31128,1.76514,0,0,0,0,1,0,0,0,0,0,0,0,0,0,0,0,0,0,0,0,0,0,0,0,0,0,0,0,0
12.15,0,0,0,0,-0,0,3.006,2.03094,-2.12993,0.000869068,0.000537065,0.000159727,0.00124032,0.000307353,-0.000207224,0,0,0,0,0,0,0,0,0,0,0,0,0,0,0,0,0,0,0,0,0,0,0,0,0,0,0,0,0,0,0,0,0,0,0,0,0,0,0,0,1.31409,1.5278,-1.00352,0.000433314,-0.000747009,0.000636525,0.000559225,-0.000750285,-6.47668e-05,0,0,0,0,0,0,0,0,0,0,0,0,0,0,0,0,0,0,0,0,0,0,0,0,0,0,0,0,0,0,0,0,0,0,0,0,0,0,0,0,0,0,0,0,0,0,0,0,0,0,0,1,1,0,0,0,0,0,1.2613,-1.0665,1.1264,0,0,0,0,0,0,2.45002,-2.15535,3.31128,1.76514,0,0,0,0,1,0,0,0,0,0,0,0,0,0,0,0,0,0,0,0,0,0,0,0,0,0,0,0,0
12.2,0,0,0,0,-0,0,3.006,2.03094,-2.12993,0.000869068,0.000537065,0.000159727,0.00124032,0.000307353,-0.000207224,0,0,0,0,0,0,0,0,0,0,0,0,0,0,0,0,0,0,0,0,0,0,0,0,0,0,0,0,0,0,0,0,0,0,0,0,0,0,0,0,1.31409,1.5278,-1.00352,0.000433314,-0.000747009,0.000636525,0.000559225,-0.000750285,-6.47668e-05,0,0,0,0,0,0,0,0,0,0,0,0,0,0,0,0,0,0,0,0,0,0,0,0,0,0,0,0,0,0,0,0,0,0,0,0,0,0,0,0,0,0,0,0,0,0,0,0,0,0,0,1,1,0,0,0,0,0,1.2613,-1.0665,1.1264,0,0,0,0,0,0,2.45002,-2.15535,3.31128,1.76514,0,0,0,0,1,0,0,0,0,0,0,0,0,0,0,0,0,0,0,0,0,0,0,0,0,0,0,0,0
12.25,0,0,0,0,-0,0,3.006,2.03094,-2.12993,0.000869068,0.000537065,0.000159727,0.00124032,0.000307353,-0.000207224,0,0,0,0,0,0,0,0,0,0,0,0,0,0,0,0,0,0,0,0,0,0,0,0,0,0,0,0,0,0,0,0,0,0,0,0,0,0,0,0,1.31409,1.5278,-1.00352,0.000433314,-0.000747009,0.000636525,0.000559225,-0.000750285,-6.47668e-05,0,0,0,0,0,0,0,0,0,0,0,0,0,0,0,0,0,0,0,0,0,0,0,0,0,0,0,0,0,0,0,0,0,0,0,0,0,0,0,0,0,0,0,0,0,0,0,0,0,0,0,1,1,0,0,0,0,0,1.2613,-1.0665,1.1264,0,0,0,0,0,0,2.45002,-2.15535,3.31128,1.76514,0,0,0,0,1,0,0,0,0,0,0,0,0,0,0,0,0,0,0,0,0,0,0,0,0,0,0,0,0
12.3,0,0,0,0,-0,0,3.006,2.03094,-2.12993,0.000869068,0.000537065,0.000159727,0.00124032,0.000307353,-0.000207224,0,0,0,0,0,0,0,0,0,0,0,0,0,0,0,0,0,0,0,0,0,0,0,0,0,0,0,0,0,0,0,0,0,0,0,0,0,0,0,0,1.31409,1.5278,-1.00352,0.000433314,-0.000747009,0.000636525,0.000559225,-0.000750285,-6.47668e-05,0,0,0,0,0,0,0,0,0,0,0,0,0,0,0,0,0,0,0,0,0,0,0,0,0,0,0,0,0,0,0,0,0,0,0,0,0,0,0,0,0,0,0,0,0,0,0,0,0,0,0,1,1,0,0,0,0,0,1.2613,-1.0665,1.1264,0,0,0,0,0,0,2.45002,-2.15535,3.31128,1.76514,0,0,0,0,1,0,0,0,0,0,0,0,0,0,0,0,0,0,0,0,0,0,0,0,0,0,0,0,0
12.35,0,0,0,0,-0,0,3.006,2.03094,-2.12993,0.000869068,0.000537065,0.000159727,0.00124032,0.000307353,-0.000207224,0,0,0,0,0,0,0,0,0,0,0,0,0,0,0,0,0,0,0,0,0,0,0,0,0,0,0,0,0,0,0,0,0,0,0,0,0,0,0,0,1.31409,1.5278,-1.00352,0.000433314,-0.000747009,0.000636525,0.000559225,-0.000750285,-6.47668e-05,0,0,0,0,0,0,0,0,0,0,0,0,0,0,0,0,0,0,0,0,0,0,0,0,0,0,0,0,0,0,0,0,0,0,0,0,0,0,0,0,0,0,0,0,0,0,0,0,0,0,0,1,1,0,0,0,0,0,1.2892,-1.0386,1.1543,0,0,0,0,0,0,2.45002,-2.15535,3.31128,1.76514,0,0,0,0,1,0,0,0,0,0,0,0,0,0,0,0,0,0,0,0,0,0,0,0,0,0,0,0,0
12.4,0,0,0,0,-0,0,3.006,2.03094,-2.12993,0.000869068,0.000537065,0.000159727,0.00124032,0.000307353,-0.000207224,0,0,0,0,0,0,0,0,0,0,0,0,0,0,0,0,0,0,0,0,0,0,0,0,0,0,0,0,0,0,0,0,0,0,0,0,0,0,0,0,1.31409,1.5278,-1.00352,0.000433314,-0.000747009,0.000636525,0.000559225,-0.000750285,-6.47668e-05,0,0,0,0,0,0,0,0,0,0,0,0,0,0,0,0,0,0,0,0,0,0,0,0,0,0,0,0,0,0,0,0,0,0,0,0,0,0,0,0,0,0,0,0,0,0,0,0,0,0,0,1,1,0,0,0,0,0,1.2892,-1.0386,1.1543,0,0,0,0,0,0,2.45002,-2.15535,3.31128,1.76514,0,0,0,0,1,0,0,0,0,0,0,0,0,0,0,0,0,0,0,0,0,0,0,0,0,0,0,0,0
12.45,0,0,0,0,-0,0,3.006,2.03094,-2.12993,0.000869068,0.000537065,0.000159727,0.00124032,0.000307353,-0.000207224,0,0,0,0,0,0,0,0,0,0,0,0,0,0,0,0,0,0,0,0,0,0,0,0,0,0,0,0,0,0,0,0,0,0,0,0,0,0,0,0,1.31409,1.5278,-1.00352,0.000433314,-0.000747009,0.000636525,0.000559225,-0.000750285,-6.47668e-05,0,0,0,0,0,0,0,0,0,0,0,0,0,0,0,0,0,0,0,0,0,0,0,0,0,0,0,0,0,0,0,0,0,0,0,0,0,0,0,0,0,0,0,0,0,0,0,0,0,0,0,1,1,0,0,0,0,0,1.2892,-1.0386,1.1543,0,0,0,0,0,0,2.45002,-2.15535,3.31128,1.76514,0,0,0,0,1,0,0,0,0,0,0,0,0,0,0,0,0,0,0,0,0,0,0,0,0,0,0,0,0
12.5,0,0,0,0,-0,0,3.006,2.03094,-2.12993,0.000869068,0.000537065,0.000159727,0.00124032,0.000307353,-0.000207224,0,0,0,0,0,0,0,0,0,0,0,0,0,0,0,0,0,0,0,0,0,0,0,0,0,0,0,0,0,0,0,0,0,0,0,0,0,0,0,0,1.31409,1.5278,-1.00352,0.000433314,-0.000747009,0.000636525,0.000559225,-0.000750285,-6.47668e-05,0,0,0,0,0,0,0,0,0,0,0,0,0,0,0,0,0,0,0,0,0,0,0,0,0,0,0,0,0,0,0,0,0,0,0,0,0,0,0,0,0,0,0,0,0,0,0,0,0,0,0,1,1,0,0,0,0,0,1.2892,-1.0386,1.1543,0,0,0,0,0,0,2.45002,-2.15535,3.31128,1.76514,0,0,0,0,1,0,0,0,0,0,0,0,0,0,0,0,0,0,0,0,0,0,0,0,0,0,0,0,0
12.55,0,0,0,0,-0,0,3.006,2.03094,-2.12993,0.000869068,0.000537065,0.000159727,0.00124032,0.000307353,-0.000207224,0,0,0,0,0,0,0,0,0,0,0,0,0,0,0,0,0,0,0,0,0,0,0,0,0,0,0,0,0,0,0,0,0,0,0,0,0,0,0,0,1.31409,1.5278,-1.00352,0.000433314,-0.000747009,0.000636525,0.000559225,-0.000750285,-6.47668e-05,0,0,0,0,0,0,0,0,0,0,0,0,0,0,0,0,0,0,0,0,0,0,0,0,0,0,0,0,0,0,0,0,0,0,0,0,0,0,0,0,0,0,0,0,0,0,0,0,0,0,0,1,1,0,0,0,0,0,1.2613,-1.0665,1.1264,0,0,0,0,0,0,2.45002,-2.15535,3.31128,1.76514,0,0,0,0,1,0,0,0,0,0,0,0,0,0,0,0,0,0,0,0,0,0,0,0,0,0,0,0,0
12.6,0,0,0,0,-0,0,3.006,2.03094,-2.12993,0.000869068,0.000537065,0.000159727,0.00124032,0.000307353,-0.000207224,0,0,0,0,0,0,0,0,0,0,0,0,0,0,0,0,0,0,0,0,0,0,0,0,0,0,0,0,0,0,0,0,0,0,0,0,0,0,0,0,1.31409,1.5278,-1.00352,0.000433314,-0.000747009,0.000636525,0.000559225,-0.000750285,-6.47668e-05,0,0,0,0,0,0,0,0,0,0,0,0,0,0,0,0,0,0,0,0,0,0,0,0,0,0,0,0,0,0,0,0,0,0,0,0,0,0,0,0,0,0,0,0,0,0,0,0,0,0,0,1,1,0,0,0,0,0,1.2613,-1.0665,1.1264,0,0,0,0,0,0,2.45002,-2.15535,3.31128,1.76514,0,0,0,0,1,0,0,0,0,0,0,0,0,0,0,0,0,0,0,0,0,0,0,0,0,0,0,0,0
12.65,0,0,0,0,-0,0,3.006,2.03094,-2.12993,0.000869068,0.000537065,0.000159727,0.00124032,0.000307353,-0.000207224,0,0,0,0,0,0,0,0,0,0,0,0,0,0,0,0,0,0,0,0,0,0,0,0,0,0,0,0,0,0,0,0,0,0,0,0,0,0,0,0,1.31409,1.5278,-1.00352,0.000433314,-0.000747009,0.000636525,0.000559225,-0.000750285,-6.47668e-05,0,0,0,0,0,0,0,0,0,0,0,0,0,0,0,0,0,0,0,0,0,0,0,0,0,0,0,0,0,0,0,0,0,0,0,0,0,0,0,0,0,0,0,0,0,0,0,0,0,0,0,1,1,0,0,0,0,0,1.2613,-1.0665,1.1264,0,0,0,0,0,0,2.45002,-2.15535,3.31128,1.76514,0,0,0,0,1,0,0,0,0,0,0,0,0,0,0,0,0,0,0,0,0,0,0,0,0,0,0,0,0
12.7,0,0,0,0,-0,0,3.006,2.03094,-2.12993,0.000869068,0.000537065,0.000159727,0.00124032,0.000307353,-0.000207224,0,0,0,0,0,0,0,0,0,0,0,0,0,0,0,0,0,0,0,0,0,0,0,0,0,0,0,0,0,0,0,0,0,0,0,0,0,0,0,0,1.31409,1.5278,-1.00352,0.000433314,-0.000747009,0.000636525,0.000559225,-0.000750285,-6.47668e-05,0,0,0,0,0,0,0,0,0,0,0,0,0,0,0,0,0,0,0,0,0,0,0,0,0,0,0,0,0,0,0,0,0,0,0,0,0,0,0,0,0,0,0,0,0,0,0,0,0,0,0,1,1,0,0,0,0,0,1.2613,-1.0665,1.1264,0,0,0,0,0,0,2.45002,-2.15535,3.31128,1.76514,0,0,0,0,1,0,0,0,0,0,0,0,0,0,0,0,0,0,0,0,0,0,0,0,0,0,0,0,0
12.75,0,0,0,0,-0,0,3.006,2.03094,-2.12993,0.000869068,0.000537065,0.000159727,0.00124032,0.000307353,-0.000207224,0,0,0,0,0,0,0,0,0,0,0,0,0,0,0,0,0,0,0,0,0,0,0,0,0,0,0,0,0,0,0,0,0,0,0,0,0,0,0,0,1.31409,1.5278,-1.00352,0.000433314,-0.000747009,0.000636525,0.000559225,-0.000750285,-6.47668e-05,0,0,0,0,0,0,0,0,0,0,0,0,0,0,0,0,0,0,0,0,0,0,0,0,0,0,0,0,0,0,0,0,0,0,0,0,0,0,0,0,0,0,0,0,0,0,0,0,0,0,0,1,1,0,0,0,0,0,1.174,-1.1538,1.0391,0,0,0,0,0,0,2.45002,-2.15535,3.31128,1.76514,0,0,0,0,1,0,0,0,0,0,0,0,0,0,0,0,0,0,0,0,0,0,0,0,0,0,0,0,0
12.8,0,0,0,0,-0,0,3.006,2.03094,-2.12993,0.000869068,0.000537065,0.000159727,0.00124032,0.000307353,-0.000207224,0,0,0,0,0,0,0,0,0,0,0,0,0,0,0,0,0,0,0,0,0,0,0,0,0,0,0,0,0,0,0,0,0,0,0,0,0,0,0,0,1.31409,1.5278,-1.00352,0.000433314,-0.000747009,0.000636525,0.000559225,-0.000750285,-6.47668e-05,0,0,0,0,0,0,0,0,0,0,0,0,0,0,0,0,0,0,0,0,0,0,0,0,0,0,0,0,0,0,0,0,0,0,0,0,0,0,0,0,0,0,0,0,0,0,0,0,0,0,0,1,1,0,0,0,0,0,1.174,-1.1538,1.0391,0,0,0,0,0,0,2.45002,-2.15535,3.31128,1.76514,0,0,0,0,1,0,0,0,0,0,0,0,0,0,0,0,0,0,0,0,0,0,0,0,0,0,0,0,0
12.85,0,0,0,0,-0,0,3.006,2.03094,-2.12993,0.000869068,0.000537065,0.000159727,0.00124032,0.000307353,-0.000207224,0,0,0,0,0,0,0,0,0,0,0,0,0,0,0,0,0,0,0,0,0,0,0,0,0,0,0,0,0,0,0,0,0,0,0,0,0,0,0,0,1.31409,1.5278,-1.00352,0.000433314,-0.000747009,0.000636525,0.000559225,-0.000750285,-6.47668e-05,0,0,0,0,0,0,0,0,0,0,0,0,0,0,0,0,0,0,0,0,0,0,0,0,0,0,0,0,0,0,0,0,0,0,0,0,0,0,0,0,0,0,0,0,0,0,0,0,0,0,0,1,1,0,0,0,0,0,1.174,-1.1538,1.0391,0,0,0,0,0,0,2.45002,-2.15535,3.31128,1.76514,0,0,0,0,1,0,0,0,0,0,0,0,0,0,0,0,0,0,0,0,0,0,0,0,0,0,0,0,0
12.9,0,0,0,0,-0,0,3.00611,2.03098,-2.12996,0.00110829,0.000411337,-0.000252699,0.00168839,-0.000334368,-0.00180347,0,0,0,0,0,0,0,0,0,0,0,0,0,0,0,0,0,0,0,0,0,0,0,0,0,0,0,0,0,0,0,0,0,0,0,0,0,0,0,0,1.31415,1.52772,-1.0034,0.000572454,-0.000848306,0.00119555,0.00091787,-0.00074297,0.00210739,0,0,0,0,0,0,0,0,0,0,0,0,0,0,0,0,0,0,0,0,0,0,0,0,0,0,0,0,0,0,0,0,0,0,0,0,0,0,0,0,0,0,0,0,0,0,0,0,0,0,0,1,1,0,0,0,0,0,1.174,-1.1538,1.0391,0,0,0,0,0,0,0,-0,0,1.76522,0,0,0,0,0,0,0,0,0,0,0,0,0,0,0,0,0,0,0,0,0,0,0,0,0,0,0,0,0
12.95,0,0,0,0,-0,0,3.00623,2.03105,-2.12992,0.00118691,0.000683814,0.000386363,0.0013879,0.000800838,0.00125463,0,0,0,0,0,0,0,0,0,0,0,0,0,0,0,0,0,0,0,0,0,0,0,0,0,0,0,0,0,0,0,0,0,0,0,0,0,0,0,0,1.31421,1.52765,-1.0033,0.000620316,-0.000700909,0.00104819,0.000790578,0.000144298,0.000969832,0,0,0,0,0,0,0,0,0,0,0,0,0,0,0,0,0,0,0,0,0,0,0,0,0,0,0,0,0,0,0,0,0,0,0,0,0,0,0,0,0,0,0,0,0,0,0,0,0,0,0,1,1,0,0,0,0,0,1.2615,-1.0662,1.1267,0,0,0,0,0,0,2.58796,-2.27114,3.24611,1.76532,0,0,0,0,1,0,0,0,0,0,0,0,0,0,0,0,0,0,0,0,0,0,0,0,0,0,0,0,0
13,0,0,0,0,-0,0,3.00637,2.03108,-2.12996,0.00136273,0.000291839,-0.000391128,0.00149599,-0.000931211,-0.00193899,0,0,0,0,0,0,0,0,0,0,0,0,0,0,0,0,0,0,0,0,0,0,0,0,0,0,0,0,0,0,0,0,0,0,0,0,0,0,0,0,1.31428,1.52756,-1.00319,0.000638626,-0.000836442,0.00111734,0.000531045,-0.000335204,0.000705355,0,0,0,0,0,0,0,0,0,0,0,0,0,0,0,0,0,0,0,0,0,0,0,0,0,0,0,0,0,0,0,0,0,0,0,0,0,0,0,0,0,0,0,0,0,0,0,0,0,0,0,1,1,0,0,0,0,0,1.2615,-1.0662,1.1267,0,0,0,0,0,0,0,-0,0,1.76542,0,0,0,0,0,0,0,0,0,0,0,0,0,0,0,0,0,0,0,0,0,0,0,0,0,0,0,0,0
13.05,0,0,0,0,-0,0,3.00652,2.03111,-2.12992,0.00152559,0.000310001,0.000405236,0.00156463,-0.000720938,0.00158516,0,0,0,0,0,0,0,0,0,0,0,0,0,0,0,0,0,0,0,0,0,0,0,0,0,0,0,0,0,0,0,0,0,0,0,0,0,0,0,0,1.31436,1.52747,-1.00304,0.000807954,-0.00090071,0.00143382,0.000960772,-0.000523573,0.00165309,0,0,0,0,0,0,0,0,0,0,0,0,0,0,0,0,0,0,0,0,0,0,0,0,0,0,0,0,0,0,0,0,0,0,0,0,0,0,0,0,0,0,0,0,0,0,0,0,0,0,0,1,1,0,0,0,0,0,1.2615,-1.0662,1.1267,0,0,0,0,0,0,2.49995,-2.19205,3.32064,1.76552,0,0,0,0,1,0,0,0,0,0,0,0,0,0,0,0,0,0,0,0,0,0,0,0,0,0,0,0,0
13.1,0,0,0,0,-0,0,3.00668,2.03117,-2.12984,0.00161837,0.000599262,0.000748506,0.00131839,0.00075125,0.00280025,0,0,0,0,0,0,0,0,0,0,0,0,0,0,0,0,0,0,0,0,0,0,0,0,0,0,0,0,0,0,0,0,0,0,0,0,0,0,0,0,1.31443,1.52735,-1.00293,0.000684697,-0.00119486,0.00115494,0.00014195,-0.00151463,5.47334e-06,0,0,0,0,0,0,0,0,0,0,0,0,0,0,0,0,0,0,0,0,0,0,0,0,0,0,0,0,0,0,0,0,0,0,0,0,0,0,0,0,0,0,0,0,0,0,0,0,0,0,0,1,1,0,0,0,0,0,1.2615,-1.0662,1.1267,0,0,0,0,0,0,2.60601,-2.28726,3.25519,1.76566,0,0,0,0,1,0,0,0,0,0,0,0,0,0,0,0,0,0,0,0,0,0,0,0,0,0,0,0,0
13.15,0,0,0,0,-0,0,3.00687,2.03122,-2.12982,0.00183415,0.000560502,0.000183648,0.00161931,0.000494986,-0.000411635,0,0,0,0,0,0,0,0,0,0,0,0,0,0,0,0,0,0,0,0,0,0,0,0,0,0,0,0,0,0,0,0,0,0,0,0,0,0,0,0,1.31451,1.52725,-1.00281,0.000860902,-0.00106727,0.00120921,0.000678007,-0.000532926,-3.58507e-06,0,0,0,0,0,0,0,0,0,0,0,0,0,0,0,0,0,0,0,0,0,0,0,0,0,0,0,0,0,0,0,0,0,0,0,0,0,0,0,0,0,0,0,0,0,0,0,0,0,0,0,1,1,0,0,0,0,0,1.262,-1.0663,1.127,0,0,0,0,0,0,2.71664,-2.3869,3.28831,1.7658,0,0,0,0,1,0,0,0,0,0,0,0,0,0,0,0,0,0,0,0,0,0,0,0,0,0,0,0,0
13.2,0,0,0,0,-0,0,3.00705,2.03127,-2.12975,0.00187475,0.000501643,0.000769991,0.00117776,2.81017e-05,0.00166143,0,0,0,0,0,0,0,0,0,0,0,0,0,0,0,0,0,0,0,0,0,0,0,0,0,0,0,0,0,0,0,0,0,0,0,0,0,0,0,0,1.3146,1.52713,-1.00267,0.000926391,-0.00117416,0.00140648,0.000742495,-0.000615716,0.000786551,0,0,0,0,0,0,0,0,0,0,0,0,0,0,0,0,0,0,0,0,0,0,0,0,0,0,0,0,0,0,0,0,0,0,0,0,0,0,0,0,0,0,0,0,0,0,0,0,0,0,0,1,1,0,0,0,0,0,1.262,-1.0663,1.127,0,0,0,0,0,0,2.7646,-2.43042,3.2761,1.76594,0,0,0,0,1,0,0,0,0,0,0,0,0,0,0,0,0,0,0,0,0,0,0,0,0,0,0,0,0
13.25,0,0,0,0,-0,0,3.00725,2.03133,-2.1297,0.00199766,0.000531163,0.00042928,0.00113623,7.09836e-05,-8.38683e-05,0,0,0,0,0,0,0,0,0,0,0,0,0,0,0,0,0,0,0,0,0,0,0,0,0,0,0,0,0,0,0,0,0,0,0,0,0,0,0,0,1.3147,1.52703,-1.00249,0.00098662,-0.000979294,0.00176243,0.000694109,0.000399108,0.00199981,0,0,0,0,0,0,0,0,0,0,0,0,0,0,0,0,0,0,0,0,0,0,0,0,0,0,0,0,0,0,0,0,0,0,0,0,0,0,0,0,0,0,0,0,0,0,0,0,0,0,0,1,1,0,0,0,0,0,1.262,-1.0663,1.127,0,0,0,0,0,0,2.78832,-2.44707,3.22948,1.76608,0,0,0,0,1,0,0,0,0,0,0,0,0,0,0,0,0,0,0,0,0,0,0,0,0,0,0,0,0
13.3,0,0,0,0,-0,0,3.00748,2.03136,-2.12971,0.00225311,0.00036372,-0.000100122,0.00169966,-0.000620038,-0.00240144,0,0,0,0,0,0,0,0,0,0,0,0,0,0,0,0,0,0,0,0,0,0,0,0,0,0,0,0,0,0,0,0,0,0,0,0,0,0,0,0,1.31482,1.52691,-1.00234,0.00112655,-0.00124373,0.00154236,0.000970516,-0.000680818,0.000487552,0,0,0,0,0,0,0,0,0,0,0,0,0,0,0,0,0,0,0,0,0,0,0,0,0,0,0,0,0,0,0,0,0,0,0,0,0,0,0,0,0,0,0,0,0,0,0,0,0,0,0,1,1,0,0,0,0,0,1.262,-1.0663,1.127,0,0,0,0,0,0,2.72442,-2.39408,3.2675,1.76624,0,0,0,0,1,0,0,0,0,0,0,0,0,0,0,0,0,0,0,0,0,0,0,0,0,0,0,0,0
13.35,0,0,0,0,-0,0,3.00771,2.03142,-2.12962,0.00234686,0.000564126,0.000942023,0.00146892,0.000334423,0.00240823,0,0,0,0,0,0,0,0,0,0,0,0,0,0,0,0,0,0,0,0,0,0,0,0,0,0,0,0,0,0,0,0,0,0,0,0,0,0,0,0,1.31492,1.52679,-1.0021,0.00109651,-0.00121006,0.0023169,0.000498849,-0.000419104,0.00318098,0,0,0,0,0,0,0,0,0,0,0,0,0,0,0,0,0,0,0,0,0,0,0,0,0,0,0,0,0,0,0,0,0,0,0,0,0,0,0,0,0,0,0,0,0,0,0,0,0,0,0,1,1,0,0,0,0,0,1.2412,-1.0877,1.1064,0,0,0,0,0,0,2.794,-2.45498,3.25519,1.76641,0,0,0,0,1,0,0,0,0,0,0,0,0,0,0,0,0,0,0,0,0,0,0,0,0,0,0,0,0
13.4,0,0,0,0,-0,0,3.00796,2.03147,-2.12961,0.00245323,0.000517496,9.53524e-05,0.00127848,0.000144277,-0.00128532,0,0,0,0,0,0,0,0,0,0,0,0,0,0,0,0,0,0,0,0,0,0,0,0,0,0,0,0,0,0,0,0,0,0,0,0,0,0,0,0,1.31503,1.52662,-1.00197,0.00109846,-0.00168552,0.00132063,0.000244778,-0.00211751,-0.00170389,0,0,0,0,0,0,0,0,0,0,0,0,0,0,0,0,0,0,0,0,0,0,0,0,0,0,0,0,0,0,0,0,0,0,0,0,0,0,0,0,0,0,0,0,0,0,0,0,0,0,0,1,1,0,0,0,0,0,1.2412,-1.0877,1.1064,0,0,0,0,0,0,2.72995,-2.3969,3.26833,1.7666,0,0,0,0,1,0,0,0,0,0,0,0,0,0,0,0,0,0,0,0,0,0,0,0,0,0,0,0,0
13.45,0,0,0,0,-0,0,3.00823,2.03156,-2.12952,0.00270586,0.000888127,0.000855397,0.00175136,0.00154199,0.00176567,0,0,0,0,0,0,0,0,0,0,0,0,0,0,0,0,0,0,0,0,0,0,0,0,0,0,0,0,0,0,0,0,0,0,0,0,0,0,0,0,1.31516,1.52648,-1.00177,0.00129438,-0.00135659,0.00203724,0.000895484,-0.000186669,0.00117954,0,0,0,0,0,0,0,0,0,0,0,0,0,0,0,0,0,0,0,0,0,0,0,0,0,0,0,0,0,0,0,0,0,0,0,0,0,0,0,0,0,0,0,0,0,0,0,0,0,0,0,1,1,0,0,0,0,0,1.2412,-1.0877,1.1064,0,0,0,0,0,0,2.77575,-2.44149,3.28216,1.7668,0,0,0,0,1,0,0,0,0,0,0,0,0,0,0,0,0,0,0,0,0,0,0,0,0,0,0,0,0
13.5,0,0,0,0,-0,0,3.00851,2.03161,-2.12944,0.00278808,0.000486264,0.000820876,0.00143699,-0.000492802,0.00133288,0,0,0,0,0,0,0,0,0,0,0,0,0,0,0,0,0,0,0,0,0,0,0,0,0,0,0,0,0,0,0,0,0,0,0,0,0,0,0,0,1.31529,1.52633,-1.00155,0.00128408,-0.00154309,0.00219894,0.000581233,-0.000592401,0.00173913,0,0,0,0,0,0,0,0,0,0,0,0,0,0,0,0,0,0,0,0,0,0,0,0,0,0,0,0,0,0,0,0,0,0,0,0,0,0,0,0,0,0,0,0,0,0,0,0,0,0,0,1,1,0,0,0,0,0,1.2412,-1.0877,1.1064,0,0,0,0,0,0,2.66308,-2.33715,3.30887,1.767,0,0,0,0,1,0,0,0,0,0,0,0,0,0,0,0,0,0,0,0,0,0,0,0,0,0,0,0,0
13.55,0,0,0,0,-0,0,3.01084,2.03197,-2.12903,0.00373565,0.000376006,0.000503103,0.00132711,-6.45699e-05,-3.40226e-05,0,0,0,0,0,0,0,0,0,0,0,0,0,0,0,0,0,0,0,0,0,0,0,0,0,0,0,0,0,0,0,0,0,0,0,0,0,0,0,0,1.31642,1.5251,-0.999851,0.00182877,-0.00194108,0.0030687,0.000695999,-0.000584361,0.000882213,0,0,0,0,0,0,0,0,0,0,0,0,0,0,0,0,0,0,0,0,0,0,0,0,0,0,0,0,0,0,0,0,0,0,0,0,0,0,0,0,0,0,0,0,0,0,0,0,0,0,0,1,1,0,0,0,0,0,1.1933,-1.1353,1.0596,0,0,0,0,0,0,2.66308,-2.33715,3.30887,1.76861,0,0,0,0,1,0,0,0,0,0,0,0,0,0,0,0,0,0,0,0,0,0,0,0,0,0,0,0,0
13.6,0,0,0,0,-0,0,3.01123,2.03205,-2.1289,0.00390052,0.000757893,0.00128718,-0.00681779,-0.00054137,0.00101293,0,0,0,0,0,0,0,0,0,0,0,0,0,0,0,0,0,0,0,0,0,0,0,0,0,0,0,0,0,0,0,0,0,0,0,0,0,0,0,0,1.31661,1.52492,-0.999571,0.0019405,-0.00180503,0.00279843,-0.00303308,0.00455056,-0.00514691,0,0,0,0,0,0,0,0,0,0,0,0,0,0,0,0,0,0,0,0,0,0,0,0,0,0,0,0,0,0,0,0,0,0,0,0,0,0,0,0,0,0,0,0,0,0,0,0,0,0,0,1,1,0,0,0,0,0,1.1933,-1.1353,1.0596,0,0,0,0,0,0,2.66308,-2.33715,3.30887,1.76887,0,0,0,0,1,0,0,0,0,0,0,0,0,0,0,0,0,0,0,0,0,0,0,0,0,0,0,0,0
13.65,0,0,0,0,-0,0,3.01164,2.03211,-2.12881,0.00404216,0.000665553,0.000858655,0.00373013,0.000536087,0.000540765,0,0,0,0,0,0,0,0,0,0,0,0,0,0,0,0,0,0,0,0,0,0,0,0,0,0,0,0,0,0,0,0,0,0,0,0,0,0,0,0,1.3168,1.52468,-0.999294,0.00186721,-0.00240332,0.00277155,0.00141427,-0.00333776,0.0020681,0,0,0,0,0,0,0,0,0,0,0,0,0,0,0,0,0,0,0,0,0,0,0,0,0,0,0,0,0,0,0,0,0,0,0,0,0,0,0,0,0,0,0,0,0,0,0,0,0,0,0,1,1,0,0,0,0,0,1.1933,-1.1353,1.0596,0,0,0,0,0,0,2.66308,-2.33715,3.30887,1.76917,0,0,0,0,1,0,0,0,0,0,0,0,0,0,0,0,0,0,0,0,0,0,0,0,0,0,0,0,0
13.75,0,0,0,0,-0,0,3.01206,2.03218,-2.12869,0.00426048,0.000710486,0.0012303,0.00454468,0.000648108,0.00174696,0,0,0,0,0,0,0,0,0,0,0,0,0,0,0,0,0,0,0,0,0,0,0,0,0,0,0,0,0,0,0,0,0,0,0,0,0,0,0,0,1.317,1.52447,-0.999002,0.0019813,-0.0021046,0.00292436,0.00190933,-0.00188114,0.00283232,0,0,0,0,0,0,0,0,0,0,0,0,0,0,0,0,0,0,0,0,0,0,0,0,0,0,0,0,0,0,0,0,0,0,0,0,0,0,0,0,0,0,0,0,0,0,0,0,0,0,0,1,1,0,0,0,0,0,1.1933,-1.1353,1.0596,0,0,0,0,0,0,2.82779,-2.48341,3.26282,1.76947,0,0,0,0,1,0,0,0,0,0,0,0,0,0,0,0,0,0,0,0,0,0,0,0,0,0,0,0,0
13.8,0,0,0,0,-0,0,3.01249,2.03225,-2.12859,0.0042776,0.000645791,0.000994266,0.00290574,0.000145508,0.000268648,0,0,0,0,0,0,0,0,0,0,0,0,0,0,0,0,0,0,0,0,0,0,0,0,0,0,0,0,0,0,0,0,0,0,0,0,0,0,0,0,1.31721,1.52426,-0.998655,0.00209119,-0.00214247,0.00347338,0.0016517,-0.00108263,0.00399659,0,0,0,0,0,0,0,0,0,0,0,0,0,0,0,0,0,0,0,0,0,0,0,0,0,0,0,0,0,0,0,0,0,0,0,0,0,0,0,0,0,0,0,0,0,0,0,0,0,0,0,1,1,0,0,0,0,0,1.2536,-1.0793,1.1186,0,0,0,0,0,0,2.82779,-2.48341,3.26282,1.76976,0,0,0,0,1,0,0,0,0,0,0,0,0,0,0,0,0,0,0,0,0,0,0,0,0,0,0,0,0
13.9,0,0,0,0,-0,0,3.01294,2.03232,-2.12846,0.00450569,0.000699664,0.00133553,0.0024331,0.000234408,0.00132447,0,0,0,0,0,0,0,0,0,0,0,0,0,0,0,0,0,0,0,0,0,0,0,0,0,0,0,0,0,0,0,0,0,0,0,0,0,0,0,0,1.31742,1.52404,-0.998349,0.00216737,-0.0021576,0.00305979,0.00126073,-0.000601879,0.000903985,0,0,0,0,0,0,0,0,0,0,0,0,0,0,0,0,0,0,0,0,0,0,0,0,0,0,0,0,0,0,0,0,0,0,0,0,0,0,0,0,0,0,0,0,0,0,0,0,0,0,0,1,1,0,0,0,0,0,1.2536,-1.0793,1.1186,0,0,0,0,0,0,2.82779,-2.48341,3.26282,1.77006,0,0,0,0,1,0,0,0,0,0,0,0,0,0,0,0,0,0,0,0,0,0,0,0,0,0,0,0,0
13.95,0,0,0,0,-0,0,3.01341,2.03237,-2.1284,0.00463595,0.000491914,0.000588859,0.001921,-0.0006768,-0.00204431,0,0,0,0,0,0,0,0,0,0,0,0,0,0,0,0,0,0,0,0,0,0,0,0,0,0,0,0,0,0,0,0,0,0,0,0,0,0,0,0,1.31765,1.52382,-0.998022,0.00224718,-0.00226183,0.00326673,0.00102467,-0.000714465,0.000953479,0,0,0,0,0,0,0,0,0,0,0,0,0,0,0,0,0,0,0,0,0,0,0,0,0,0,0,0,0,0,0,0,0,0,0,0,0,0,0,0,0,0,0,0,0,0,0,0,0,0,0,1,1,0,0,0,0,0,1.2536,-1.0793,1.1186,0,0,0,0,0,0,2.82779,-2.48341,3.26282,1.77037,0,0,0,0,1,0,0,0,0,0,0,0,0,0,0,0,0,0,0,0,0,0,0,0,0,0,0,0,0
14,0,0,0,0,-0,0,3.01388,2.03245,-2.12825,0.00477751,0.000821058,0.00144875,0.00165068,0.000785752,0.00175303,0,0,0,0,0,0,0,0,0,0,0,0,0,0,0,0,0,0,0,0,0,0,0,0,0,0,0,0,0,0,0,0,0,0,0,0,0,0,0,0,1.31789,1.5236,-0.997644,0.00237533,-0.00212889,0.00377556,0.00109584,8.65286e-05,0.0026132,0,0,0,0,0,0,0,0,0,0,0,0,0,0,0,0,0,0,0,0,0,0,0,0,0,0,0,0,0,0,0,0,0,0,0,0,0,0,0,0,0,0,0,0,0,0,0,0,0,0,0,1,1,0,0,0,0,0,1.2536,-1.0793,1.1186,0,0,0,0,0,0,2.779,-2.44503,3.33064,1.77069,0,0,0,0,1,0,0,0,0,0,0,0,0,0,0,0,0,0,0,0,0,0,0,0,0,0,0,0,0
14.05,0,0,0,0,-0,0,3.01437,2.03248,-2.12814,0.00487708,0.000329862,0.00110002,0.00134,-0.00129482,0.000169519,0,0,0,0,0,0,0,0,0,0,0,0,0,0,0,0,0,0,0,0,0,0,0,0,0,0,0,0,0,0,0,0,0,0,0,0,0,0,0,0,1.31811,1.52332,-0.997336,0.00224795,-0.00285025,0.00308411,0.000152569,-0.0027161,-0.00097852,0,0,0,0,0,0,0,0,0,0,0,0,0,0,0,0,0,0,0,0,0,0,0,0,0,0,0,0,0,0,0,0,0,0,0,0,0,0,0,0,0,0,0,0,0,0,0,0,0,0,0,1,1,0,0,0,0,0,1.2659,-1.0685,1.1309,0,0,0,0,0,0,2.779,-2.44503,3.33064,1.77103,0,0,0,0,1,0,0,0,0,0,0,0,0,0,0,0,0,0,0,0,0,0,0,0,0,0,0,0,0
14.05,0,0,0,0,-0,0,3.01488,2.03258,-2.12804,0.00507126,0.00097543,0.00106344,0.00155262,0.00152153,-0.000255351,0,0,0,0,0,0,0,0,0,0,0,0,0,0,0,0,0,0,0,0,0,0,0,0,0,0,0,0,0,0,0,0,0,0,0,0,0,0,0,0,1.31835,1.52307,-0.996941,0.00242697,-0.00252952,0.00395512,0.000685866,-0.000736724,0.00241587,0,0,0,0,0,0,0,0,0,0,0,0,0,0,0,0,0,0,0,0,0,0,0,0,0,0,0,0,0,0,0,0,0,0,0,0,0,0,0,0,0,0,0,0,0,0,0,0,0,0,0,1,1,0,0,0,0,0,1.2659,-1.0685,1.1309,0,0,0,0,0,0,2.779,-2.44503,3.33064,1.77138,0,0,0,0,1,0,0,0,0,0,0,0,0,0,0,0,0,0,0,0,0,0,0,0,0,0,0,0,0
14.05,0,0,0,0,-0,0,3.0154,2.03265,-2.12792,0.00520582,0.000668727,0.00118932,0.00149669,6.92759e-05,0.000291651,0,0,0,0,0,0,0,0,0,0,0,0,0,0,0,0,0,0,0,0,0,0,0,0,0,0,0,0,0,0,0,0,0,0,0,0,0,0,0,0,1.3186,1.52282,-0.996556,0.00249553,-0.00249919,0.00384266,0.000756997,-5.1874e-05,0.0014595,0,0,0,0,0,0,0,0,0,0,0,0,0,0,0,0,0,0,0,0,0,0,0,0,0,0,0,0,0,0,0,0,0,0,0,0,0,0,0,0,0,0,0,0,0,0,0,0,0,0,0,1,1,0,0,0,0,0,1.2659,-1.0685,1.1309,0,0,0,0,0,0,2.779,-2.44503,3.33064,1.77173,0,0,0,0,1,0,0,0,0,0,0,0,0,0,0,0,0,0,0,0,0,0,0,0,0,0,0,0,0
14.1,0,0,0,0,-0,0,3.01593,2.03269,-2.12779,0.00526199,0.000468818,0.00124234,0.00110925,-0.000954532,0.000459565,0,0,0,0,0,0,0,0,0,0,0,0,0,0,0,0,0,0,0,0,0,0,0,0,0,0,0,0,0,0,0,0,0,0,0,0,0,0,0,0,1.31886,1.52255,-0.99619,0.00258826,-0.00265907,0.00366621,0.000831705,-0.000574324,3.72844e-05,0,0,0,0,0,0,0,0,0,0,0,0,0,0,0,0,0,0,0,0,0,0,0,0,0,0,0,0,0,0,0,0,0,0,0,0,0,0,0,0,0,0,0,0,0,0,0,0,0,0,0,1,1,0,0,0,0,0,1.2659,-1.0685,1.1309,0,0,0,0,0,0,2.75985,-2.42239,3.28069,1.77208,0,0,0,0,1,0,0,0,0,0,0,0,0,0,0,0,0,0,0,0,0,0,0,0,0,0,0,0,0
14.15,0,0,0,0,-0,0,3.01593,2.03269,-2.12779,0.00526199,0.000468818,0.00124234,0.00110925,-0.000954532,0.000459565,0,0,0,0,0,0,0,0,0,0,0,0,0,0,0,0,0,0,0,0,0,0,0,0,0,0,0,0,0,0,0,0,0,0,0,0,0,0,0,0,1.31886,1.52255,-0.99619,0.00258826,-0.00265907,0.00366621,0.000831705,-0.000574324,3.72844e-05,0,0,0,0,0,0,0,0,0,0,0,0,0,0,0,0,0,0,0,0,0,0,0,0,0,0,0,0,0,0,0,0,0,0,0,0,0,0,0,0,0,0,0,0,0,0,0,0,0,0,0,1,1,0,0,0,0,0,1.2668,-1.0696,1.1316,0,0,0,0,0,0,2.75985,-2.42239,3.28069,1.77208,0,0,0,0,1,0,0,0,0,0,0,0,0,0,0,0,0,0,0,0,0,0,0,0,0,0,0,0,0
14.2,0,0,0,0,-0,0,3.01648,2.03279,-2.12765,0.00555494,0.000970589,0.00146409,0.00178752,0.00129359,0.00118547,0,0,0,0,0,0,0,0,0,0,0,0,0,0,0,0,0,0,0,0,0,0,0,0,0,0,0,0,0,0,0,0,0,0,0,0,0,0,0,0,1.31913,1.52231,-0.995752,0.00268712,-0.00242341,0.00438092,0.000906165,0.00052438,0.00268811,0,0,0,0,0,0,0,0,0,0,0,0,0,0,0,0,0,0,0,0,0,0,0,0,0,0,0,0,0,0,0,0,0,0,0,0,0,0,0,0,0,0,0,0,0,0,0,0,0,0,0,1,1,0,0,0,0,0,1.2668,-1.0696,1.1316,0,0,0,0,0,0,2.75985,-2.42239,3.28069,1.77245,0,0,0,0,1,0,0,0,0,0,0,0,0,0,0,0,0,0,0,0,0,0,0,0,0,0,0,0,0
14.25,0,0,0,0,-0,0,3.01648,2.03279,-2.12765,0.00555494,0.000970589,0.00146409,0.00178752,0.00129359,0.00118547,0,0,0,0,0,0,0,0,0,0,0,0,0,0,0,0,0,0,0,0,0,0,0,0,0,0,0,0,0,0,0,0,0,0,0,0,0,0,0,0,1.31913,1.52231,-0.995752,0.00268712,-0.00242341,0.00438092,0.000906165,0.00052438,0.00268811,0,0,0,0,0,0,0,0,0,0,0,0,0,0,0,0,0,0,0,0,0,0,0,0,0,0,0,0,0,0,0,0,0,0,0,0,0,0,0,0,0,0,0,0,0,0,0,0,0,0,0,1,1,0,0,0,0,0,1.2668,-1.0696,1.1316,0,0,0,0,0,0,2.75985,-2.42239,3.28069,1.77245,0,0,0,0,1,0,0,0,0,0,0,0,0,0,0,0,0,0,0,0,0,0,0,0,0,0,0,0,0
14.3,0,0,0,0,-0,0,3.01705,2.03287,-2.12749,0.00564656,0.000826147,0.00152313,0.0015452,0.000505739,0.00104948,0,0,0,0,0,0,0,0,0,0,0,0,0,0,0,0,0,0,0,0,0,0,0,0,0,0,0,0,0,0,0,0,0,0,0,0,0,0,0,0,1.3194,1.52201,-0.995381,0.00264051,-0.00293295,0.0036942,0.000374546,-0.00157951,-0.000761518,0,0,0,0,0,0,0,0,0,0,0,0,0,0,0,0,0,0,0,0,0,0,0,0,0,0,0,0,0,0,0,0,0,0,0,0,0,0,0,0,0,0,0,0,0,0,0,0,0,0,0,1,1,0,0,0,0,0,1.2668,-1.0696,1.1316,0,0,0,0,0,0,2.65596,-2.33843,3.36982,1.77285,0,0,0,0,1,0,0,0,0,0,0,0,0,0,0,0,0,0,0,0,0,0,0,0,0,0,0,0,0
14.35,0,0,0,0,-0,0,3.01705,2.03287,-2.12749,0.00564656,0.000826147,0.00152313,0.0015452,0.000505739,0.00104948,0,0,0,0,0,0,0,0,0,0,0,0,0,0,0,0,0,0,0,0,0,0,0,0,0,0,0,0,0,0,0,0,0,0,0,0,0,0,0,0,1.3194,1.52201,-0.995381,0.00264051,-0.00293295,0.0036942,0.000374546,-0.00157951,-0.000761518,0,0,0,0,0,0,0,0,0,0,0,0,0,0,0,0,0,0,0,0,0,0,0,0,0,0,0,0,0,0,0,0,0,0,0,0,0,0,0,0,0,0,0,0,0,0,0,0,0,0,0,1,1,0,0,0,0,0,1.2673,-1.0701,1.1321,0,0,0,0,0,0,2.65596,-2.33843,3.36982,1.77285,0,0,0,0,1,0,0,0,0,0,0,0,0,0,0,0,0,0,0,0,0,0,0,0,0,0,0,0,0
14.4,0,0,0,0,-0,0,3.01762,2.03294,-2.1273,0.00573916,0.000698765,0.00190162,0.00123053,-0.000316924,0.00211455,0,0,0,0,0,0,0,0,0,0,0,0,0,0,0,0,0,0,0,0,0,0,0,0,0,0,0,0,0,0,0,0,0,0,0,0,0,0,0,0,1.31967,1.52173,-0.994936,0.00278406,-0.00289523,0.00445878,0.000710461,-0.00106442,0.0021084,0,0,0,0,0,0,0,0,0,0,0,0,0,0,0,0,0,0,0,0,0,0,0,0,0,0,0,0,0,0,0,0,0,0,0,0,0,0,0,0,0,0,0,0,0,0,0,0,0,0,0,1,1,0,0,0,0,0,1.2673,-1.0701,1.1321,0,0,0,0,0,0,2.65596,-2.33843,3.36982,1.77324,0,0,0,0,1,0,0,0,0,0,0,0,0,0,0,0,0,0,0,0,0,0,0,0,0,0,0,0,0
14.45,0,0,0,0,-0,0,3.01762,2.03294,-2.1273,0.00573916,0.000698765,0.00190162,0.00123053,-0.000316924,0.00211455,0,0,0,0,0,0,0,0,0,0,0,0,0,0,0,0,0,0,0,0,0,0,0,0,0,0,0,0,0,0,0,0,0,0,0,0,0,0,0,0,1.31967,1.52173,-0.994936,0.00278406,-0.00289523,0.00445878,0.000710461,-0.00106442,0.0021084,0,0,0,0,0,0,0,0,0,0,0,0,0,0,0,0,0,0,0,0,0,0,0,0,0,0,0,0,0,0,0,0,0,0,0,0,0,0,0,0,0,0,0,0,0,0,0,0,0,0,0,1,1,0,0,0,0,0,1.2673,-1.0701,1.1321,0,0,0,0,0,0,2.65596,-2.33843,3.36982,1.77324,0,0,0,0,1,0,0,0,0,0,0,0,0,0,0,0,0,0,0,0,0,0,0,0,0,0,0,0,0
14.5,0,0,0,0,-0,0,3.01821,2.03302,-2.12722,0.00590033,0.000754637,0.000794189,0.00136332,-7.52812e-05,-0.00300389,0,0,0,0,0,0,0,0,0,0,0,0,0,0,0,0,0,0,0,0,0,0,0,0,0,0,0,0,0,0,0,0,0,0,0,0,0,0,0,0,1.31996,1.52144,-0.994511,0.00282317,-0.00283538,0.00425356,0.000639324,-0.000341991,0.000851194,0,0,0,0,0,0,0,0,0,0,0,0,0,0,0,0,0,0,0,0,0,0,0,0,0,0,0,0,0,0,0,0,0,0,0,0,0,0,0,0,0,0,0,0,0,0,0,0,0,0,0,1,1,0,0,0,0,0,1.2673,-1.0701,1.1321,0,0,0,0,0,0,0,-0,0,1.77363,0,0,0,0,0,0,0,0,0,0,0,0,0,0,0,0,0,0,0,0,0,0,0,0,0,0,0,0,0
14.55,0,0,0,0,-0,0,3.01821,2.03302,-2.12722,0.00590033,0.000754637,0.000794189,0.00136332,-7.52812e-05,-0.00300389,0,0,0,0,0,0,0,0,0,0,0,0,0,0,0,0,0,0,0,0,0,0,0,0,0,0,0,0,0,0,0,0,0,0,0,0,0,0,0,0,1.31996,1.52144,-0.994511,0.00282317,-0.00283538,0.00425356,0.000639324,-0.000341991,0.000851194,0,0,0,0,0,0,0,0,0,0,0,0,0,0,0,0,0,0,0,0,0,0,0,0,0,0,0,0,0,0,0,0,0,0,0,0,0,0,0,0,0,0,0,0,0,0,0,0,0,0,0,1,1,0,0,0,0,0,1.3021,-1.0363,1.167,0,0,0,0,0,0,0,-0,0,1.77363,0,0,0,0,0,0,0,0,0,0,0,0,0,0,0,0,0,0,0,0,0,0,0,0,0,0,0,0,0
14.6,0,0,0,0,-0,0,3.01882,2.0331,-2.12707,0.00611835,0.000790765,0.00159698,0.00169746,0.000130496,0.000707233,0,0,0,0,0,0,0,0,0,0,0,0,0,0,0,0,0,0,0,0,0,0,0,0,0,0,0,0,0,0,0,0,0,0,0,0,0,0,0,0,1.32025,1.52116,-0.99407,0.00293085,-0.00286119,0.00441379,0.000799536,-0.00020551,0.000973421,0,0,0,0,0,0,0,0,0,0,0,0,0,0,0,0,0,0,0,0,0,0,0,0,0,0,0,0,0,0,0,0,0,0,0,0,0,0,0,0,0,0,0,0,0,0,0,0,0,0,0,1,1,0,0,0,0,0,1.3021,-1.0363,1.167,0,0,0,0,0,0,0,-0,0,1.77404,0,0,0,0,0,0,0,0,0,0,0,0,0,0,0,0,0,0,0,0,0,0,0,0,0,0,0,0,0
14.65,0,0,0,0,-0,0,3.01882,2.0331,-2.12707,0.00611835,0.000790765,0.00159698,0.00169746,0.000130496,0.000707233,0,0,0,0,0,0,0,0,0,0,0,0,0,0,0,0,0,0,0,0,0,0,0,0,0,0,0,0,0,0,0,0,0,0,0,0,0,0,0,0,1.32025,1.52116,-0.99407,0.00293085,-0.00286119,0.00441379,0.000799536,-0.00020551,0.000973421,0,0,0,0,0,0,0,0,0,0,0,0,0,0,0,0,0,0,0,0,0,0,0,0,0,0,0,0,0,0,0,0,0,0,0,0,0,0,0,0,0,0,0,0,0,0,0,0,0,0,0,1,1,0,0,0,0,0,1.3021,-1.0363,1.167,0,0,0,0,0,0,0,-0,0,1.77404,0,0,0,0,0,0,0,0,0,0,0,0,0,0,0,0,0,0,0,0,0,0,0,0,0,0,0,0,0
14.7,0,0,0,0,-0,0,3.01944,2.03317,-2.12686,0.00621332,0.000676952,0.00209403,0.00146828,-0.000345472,0.00291998,0,0,0,0,0,0,0,0,0,0,0,0,0,0,0,0,0,0,0,0,0,0,0,0,0,0,0,0,0,0,0,0,0,0,0,0,0,0,0,0,1.32055,1.52086,-0.993595,0.00299566,-0.00296029,0.00474373,0.000772442,-0.00051233,0.00193715,0,0,0,0,0,0,0,0,0,0,0,0,0,0,0,0,0,0,0,0,0,0,0,0,0,0,0,0,0,0,0,0,0,0,0,0,0,0,0,0,0,0,0,0,0,0,0,0,0,0,0,1,1,0,0,0,0,0,1.3021,-1.0363,1.167,0,0,0,0,0,0,2.48491,-2.18472,3.40705,1.77446,0,0,0,0,1,0,0,0,0,0,0,0,0,0,0,0,0,0,0,0,0,0,0,0,0,0,0,0,0
14.75,0,0,0,0,-0,0,3.01944,2.03317,-2.12686,0.00621332,0.000676952,0.00209403,0.00146828,-0.000345472,0.00291998,0,0,0,0,0,0,0,0,0,0,0,0,0,0,0,0,0,0,0,0,0,0,0,0,0,0,0,0,0,0,0,0,0,0,0,0,0,0,0,0,1.32055,1.52086,-0.993595,0.00299566,-0.00296029,0.00474373,0.000772442,-0.00051233,0.00193715,0,0,0,0,0,0,0,0,0,0,0,0,0,0,0,0,0,0,0,0,0,0,0,0,0,0,0,0,0,0,0,0,0,0,0,0,0,0,0,0,0,0,0,0,0,0,0,0,0,0,0,1,1,0,0,0,0,0,1.2683,-1.0712,1.1333,0,0,0,0,0,0,2.48491,-2.18472,3.40705,1.77446,0,0,0,0,1,0,0,0,0,0,0,0,0,0,0,0,0,0,0,0,0,0,0,0,0,0,0,0,0
14.8,0,0,0,0,-0,0,3.01944,2.03317,-2.12686,0.00621332,0.000676952,0.00209403,0.00146828,-0.000345472,0.00291998,0,0,0,0,0,0,0,0,0,0,0,0,0,0,0,0,0,0,0,0,0,0,0,0,0,0,0,0,0,0,0,0,0,0,0,0,0,0,0,0,1.32055,1.52086,-0.993595,0.00299566,-0.00296029,0.00474373,0.000772442,-0.00051233,0.00193715,0,0,0,0,0,0,0,0,0,0,0,0,0,0,0,0,0,0,0,0,0,0,0,0,0,0,0,0,0,0,0,0,0,0,0,0,0,0,0,0,0,0,0,0,0,0,0,0,0,0,0,1,1,0,0,0,0,0,1.2683,-1.0712,1.1333,0,0,0,0,0,0,2.48491,-2.18472,3.40705,1.77446,0,0,0,0,1,0,0,0,0,0,0,0,0,0,0,0,0,0,0,0,0,0,0,0,0,0,0,0,0
14.85,0,0,0,0,-0,0,3.02007,2.03325,-2.12674,0.00631803,0.000827012,0.00111422,0.00123938,0.000324266,-0.0018709,0,0,0,0,0,0,0,0,0,0,0,0,0,0,0,0,0,0,0,0,0,0,0,0,0,0,0,0,0,0,0,0,0,0,0,0,0,0,0,0,1.32086,1.52058,-0.99311,0.00311748,-0.00283163,0.00485234,0.000932612,0.000178914,0.00170529,0,0,0,0,0,0,0,0,0,0,0,0,0,0,0,0,0,0,0,0,0,0,0,0,0,0,0,0,0,0,0,0,0,0,0,0,0,0,0,0,0,0,0,0,0,0,0,0,0,0,0,1,1,0,0,0,0,0,1.2683,-1.0712,1.1333,0,0,0,0,0,0,2.48491,-2.18472,3.40705,1.77487,0,0,0,0,1,0,0,0,0,0,0,0,0,0,0,0,0,0,0,0,0,0,0,0,0,0,0,0,0
14.9,0,0,0,0,-0,0,3.02073,2.0333,-2.12656,0.00650982,0.000550624,0.00187665,0.00149739,-0.000816762,0.00127843,0,0,0,0,0,0,0,0,0,0,0,0,0,0,0,0,0,0,0,0,0,0,0,0,0,0,0,0,0,0,0,0,0,0,0,0,0,0,0,0,1.32116,1.52023,-0.992651,0.00304126,-0.00343805,0.00459745,0.000285853,-0.00223013,-1.2204e-05,0,0,0,0,0,0,0,0,0,0,0,0,0,0,0,0,0,0,0,0,0,0,0,0,0,0,0,0,0,0,0,0,0,0,0,0,0,0,0,0,0,0,0,0,0,0,0,0,0,0,0,1,1,0,0,0,0,0,1.2683,-1.0712,1.1333,0,0,0,0,0,0,2.62776,-2.31418,3.39442,1.77532,0,0,0,0,1,0,0,0,0,0,0,0,0,0,0,0,0,0,0,0,0,0,0,0,0,0,0,0,0
14.95,0,0,0,0,-0,0,3.02073,2.0333,-2.12656,0.00650982,0.000550624,0.00187665,0.00149739,-0.000816762,0.00127843,0,0,0,0,0,0,0,0,0,0,0,0,0,0,0,0,0,0,0,0,0,0,0,0,0,0,0,0,0,0,0,0,0,0,0,0,0,0,0,0,1.32116,1.52023,-0.992651,0.00304126,-0.00343805,0.00459745,0.000285853,-0.00223013,-1.2204e-05,0,0,0,0,0,0,0,0,0,0,0,0,0,0,0,0,0,0,0,0,0,0,0,0,0,0,0,0,0,0,0,0,0,0,0,0,0,0,0,0,0,0,0,0,0,0,0,0,0,0,0,1,1,0,0,0,0,0,1.2088,-1.1318,1.0739,0,0,0,0,0,0,2.62776,-2.31418,3.39442,1.77532,0,0,0,0,1,0,0,0,0,0,0,0,0,0,0,0,0,0,0,0,0,0,0,0,0,0,0,0,0
15,0,0,0,0,-0,0,3.02139,2.03338,-2.12639,0.00667007,0.00078615,0.00163082,0.00157067,0.000295672,0.00021107,0,0,0,0,0,0,0,0,0,0,0,0,0,0,0,0,0,0,0,0,0,0,0,0,0,0,0,0,0,0,0,0,0,0,0,0,0,0,0,0,1.32148,1.51993,-0.992177,0.00318121,-0.0030689,0.00473985,0.000641521,-0.00018872,0.000326352,0,0,0,0,0,0,0,0,0,0,0,0,0,0,0,0,0,0,0,0,0,0,0,0,0,0,0,0,0,0,0,0,0,0,0,0,0,0,0,0,0,0,0,0,0,0,0,0,0,0,0,1,1,0,0,0,0,0,1.2088,-1.1318,1.0739,0,0,0,0,0,0,2.62776,-2.31418,3.39442,1.77576,0,0,0,0,1,0,0,0,0,0,0,0,0,0,0,0,0,0,0,0,0,0,0,0,0,0,0,0,0
15.05,202.485,134.995,31.8962,0,-0,0,3.02139,2.03338,-2.12639,0.00667007,0.00078615,0.00163082,0.00157067,0.000295672,0.00021107,3,2,3.92699,0,0,0,0,0,0,0,0,0,0,0,2,3,2,3.92699,0,0,0,0,0,0,0,0,0,0,1.5708,1.5708,0,1.5708,1.5708,0,119.398,82.0337,0.0789882,0,0,0,1.32148,1.51993,-0.992177,0.00318121,-0.0030689,0.00473985,0.000641521,-0.00018872,0.000326352,1.75578,1.20968,0,0,0,0,0,0,0,0,0,0,0,0,2,1.75578,1.20968,0,58.4596,82.6352,-1.15064e-12,0,0,0,0,0,0,0,0,0,0,0,0,0.855775,1.20968,0,0,0,0,0,0,0,0,0,0,0,0,2,0.855775,1.20968,0,1,1,0,0,0,0,0,1.2088,-1.1318,1.0739,0,0,0,0,0,0,2.62776,-2.31418,3.39442,1.77576,0,0,0,0,1,0,0,0,0,0,0,0,0,0,0,0,0,0,0,0,0,0,0,0,0,0,0,0,0
15.1,-0.0317901,-0.0162067,-0.0196083,0,-0,0,3.02207,2.03346,-2.12618,0.00678617,0.000810434,0.00212401,0.00141713,0.000425176,0.00195304,3,2,3.92699,0,0,0,1,1,1,1,0,0,0,0,2,3,2,3.92699,0,0,0,0,0,0,0,0,0,0,1.5708,1.5708,0,1.5708,1.5708,0,0.163646,-0.11384,0.0786874,0,0,0,1.32181,1.5196,-0.991639,0.00326127,-0.00322221,0.00537142,0.000753279,-0.00044962,0.00276554,1.75578,1.20968,0,0,0,0,0,0,0,0,0,0,0,0,2,1.75578,1.20968,0,0.344544,0.487027,3.7308e-15,0,0,0,0,0,0,0,0,0,0,0,0,0.855775,1.20968,0,0,0,0,0,0,0,0,0,0,0,0,2,0.855775,1.20968,0,1,1,0,0,0,0,0,1.2088,-1.1318,1.0739,0,0,0,0,0,0,2.54501,-2.23691,3.37529,1.77622,0,0,0,0,1,0,0,0,0,0,0,0,0,0,0,0,0,0,0,0,0,0,0,0,0,0,0,0,0
15.15,-0.0317901,-0.0162067,-0.0196083,0,-0,0,3.02207,2.03346,-2.12618,0.00678617,0.000810434,0.00212401,0.00141713,0.000425176,0.00195304,3,2,3.92699,0,0,0,0,0.179299,0,0.234673,0.0133458,0.38096,0.0118306,0.351247,2,3,2,3.92699,0,0,0,0,0,0,0,0,0,0,1.5708,1.5708,0,1.5708,1.5708,0,0.163646,-0.11384,0.0786874,0,0,0,1.32181,1.5196,-0.991639,0.00326127,-0.00322221,0.00537142,0.000753279,-0.00044962,0.00276554,1.75578,1.20968,0,0,0,0,0,0,0,0,0,0,0,0,2,1.75578,1.20968,0,0.344544,0.487027,3.7308e-15,0,0,0,0,0,0,0,0,0,0,0,0,0.855775,1.20968,0,0,0,0,0,0,0,0,0,0,0,0,2,0.855775,1.20968,0,1,1,0,0,0,0,0,1.2762,-1.0656,1.1413,0,0,0,0,0,0,2.54501,-2.23691,3.37529,1.77622,0,0,0,0,1,0,0,0,0,0,0,0,0,0,0,0,0,0,0,0,0,0,0,0,0,0,0,0,0
15.2,-0.0323874,-0.0162902,-0.0195408,0,-0,0,3.02276,2.03355,-2.12599,0.00688107,0.000825338,0.0019196,0.00120508,0.000331863,0.000590345,3,2,3.92699,0,0,0,0,0.179299,0,0.234673,0.0133458,0.38096,0.0118306,0.351247,2,3,2,3.92699,0,0,0,0,0,0,0,0,0,0,1.5708,1.5708,0,1.5708,1.5708,0,0.160327,-0.111987,0.0783878,0,0,0,1.32223,1.51923,-0.991041,0.00418897,-0.0037238,0.00598774,0.00417212,-0.0023074,0.00444984,1.75578,1.20968,0,0,0,0,0,0,0,0,0,0,0,0,2,1.75578,1.20968,0,0.344544,0.487027,3.7308e-15,0,0,0,0,0,0,0,0,0,0,0,0,0.855775,1.20968,0,0,0,0,0,0,0,0,0,0,0,0,2,0.855775,1.20968,0,1,1,0,0,0,0,0,1.2762,-1.0656,1.1413,0,0,0,0,0,0,2.54501,-2.23691,3.37529,1.77661,0,0,0,0,1,0,0,0,0,0,0,0,0,0,0,0,0,0,0,0,0,0,0,0,0,0,0,0,0
15.25,-0.0323874,-0.0162902,-0.0195408,0,-0,0,3.02276,2.03355,-2.12599,0.00688107,0.000825338,0.0019196,0.00120508,0.000331863,0.000590345,3,2,3.92699,0,0,0,0,0.177323,0,0.23238,0.013846,0.381192,0.0123947,0.351717,2,3,2,3.92699,0,0,0,0,0,0,0,0,0,0,1.5708,1.5708,0,1.5708,1.5708,0,0.160327,-0.111987,0.0783878,0,0,0,1.32223,1.51923,-0.991041,0.00418897,-0.0037238,0.00598774,0.00417212,-0.0023074,0.00444984,1.75578,1.20968,0,0,0,0,0,0,0,0,0,0,0,0,2,1.75578,1.20968,0,0.344544,0.487027,3.7308e-15,0,0,0,0,0,0,0,0,0,0,0,0,0.855775,1.20968,0,0,0,0,0,0,0,0,0,0,0,0,2,0.855775,1.20968,0,1,1,0,0,0,0,0,1.2762,-1.0656,1.1413,0,0,0,0,0,0,2.54501,-2.23691,3.37529,1.77661,0,0,0,0,1,0,0,0,0,0,0,0,0,0,0,0,0,0,0,0,0,0,0,0,0,0,0,0,0
15.3,-0.0323453,-0.0153891,-0.0187311,-0.0590068,-0.0311722,-0.021406,3.02344,2.0336,-2.126,0.00678764,0.000551801,-7.15312e-05,0.0003253,-0.000905888,-0.00778487,3,2,3.92699,0,0,0,0,0.177323,0,0.23238,0.013846,0.381192,0.0123947,0.351717,2,3,2,3.92699,0,0,0,0,0,0,0,0,0,0,1.5708,1.5708,0,1.5708,1.5708,0,0.154221,-0.109061,0.0772407,0,0,0,1.32282,1.51878,-0.990177,0.0059172,-0.0045316,0.0086338,0.00987562,-0.00486668,0.013476,1.75578,1.20968,0,0,0,0,0,0,0,0,0,0,0,0,2,1.75578,1.20968,0,0.344544,0.487027,3.7308e-15,0,0,0,0,0,0,0,0,0,0,0,0,0.855775,1.20968,0,0,0,0,0,0,0,0,0,0,0,0,2,0.855775,1.20968,0,1,1,0,0,0,0,0,1.2762,-1.0656,1.1413,0,0,0,0,0,0,2.54501,-2.23691,3.37529,1.77684,0,0,0,0,1,0,0,0,0,0,0,0,0,0,0,0,0,0,0,0,0,0,0,0,0,0,0,0,0
15.35,-0.0323453,-0.0153891,-0.0187311,-0.059007,-0.0311718,-0.021406,3.02344,2.0336,-2.126,0.00678764,0.000551801,-7.15312e-05,0.0003253,-0.000905888,-0.00778487,3,2,3.92699,0,0,0,0,0.168727,0,0.219365,0.0137982,0.367111,0.0132803,0.341015,2,3,2,3.92699,0,0,0,0,0,0,0,0,0,0,1.5708,1.5708,0,1.5708,1.5708,0,0.154221,-0.109061,0.0772407,0,0,0,1.32282,1.51878,-0.990177,0.0059172,-0.0045316,0.0086338,0.00987562,-0.00486668,0.013476,1.75578,1.20968,0,0,0,0,0,0,0,0,0,0,0,0,2,1.75578,1.20968,0,0.344544,0.487027,3.7308e-15,0,0,0,0,0,0,0,0,0,0,0,0,0.855775,1.20968,0,0,0,0,0,0,0,0,0,0,0,0,2,0.855775,1.20968,0,1,1,0,0,0,0,0,1.1995,-1.1428,1.0654,0,0,0,0,0,0,2.71323,-2.38592,3.33878,1.77684,0,0,0,0,1,0,0,0,0,0,0,0,0,0,0,0,0,0,0,0,0,0,0,0,0,0,0,0,0
15.4,-0.0305328,-0.0147942,-0.018101,-0.059007,-0.0311718,-0.021406,3.02406,2.03364,-2.12616,0.00617697,0.000371106,-0.00159031,-0.00236436,-0.00143356,-0.011877,3,2,3.92699,0,0,0,0,0.168727,0,0.219365,0.0137982,0.367111,0.0132803,0.341015,2,3,2,3.92699,0,0,0,0,0,0,0,0,0,0,1.5708,1.5708,0,1.5708,1.5708,0,0.149122,-0.107059,0.0765287,0,0,0,1.32355,1.51827,-0.989159,0.00733178,-0.0050612,0.0101796,0.0123539,-0.00538455,0.0154898,1.75578,1.20968,0,0,0,0,0,0,0,0,0,0,0,0,2,1.75578,1.20968,0,0.344544,0.487027,3.7308e-15,0,0,0,0,0,0,0,0,0,0,0,0,0.855775,1.20968,0,0,0,0,0,0,0,0,0,0,0,0,2,0.855775,1.20968,0,1,1,0,0,0,0,0,1.1995,-1.1428,1.0654,0,0,0,0,0,0,2.71323,-2.38592,3.33878,1.77688,0,0,0,0,1,0,0,0,0,0,0,0,0,0,0,0,0,0,0,0,0,0,0,0,0,0,0,0,0
15.45,-0.0305328,-0.0147942,-0.018101,-0.059012,-0.0311624,-0.021406,3.02406,2.03364,-2.12616,0.00617697,0.000371106,-0.00159031,-0.00236436,-0.00143356,-0.011877,3,2,3.92699,0,0,0,0,0.164274,0,0.213598,0.0128394,0.353333,0.0121746,0.327715,2,3,2,3.92699,0,0,0,0,0,0,0,0,0,0,1.5708,1.5708,0,1.5708,1.5708,0,0.149122,-0.107059,0.0765287,0,0,0,1.32355,1.51827,-0.989159,0.00733178,-0.0050612,0.0101796,0.0123539,-0.00538455,0.0154898,1.75578,1.20968,0,0,0,0,0,0,0,0,0,0,0,0,2,1.75578,1.20968,0,0.344544,0.487027,3.7308e-15,0,0,0,0,0,0,0,0,0,0,0,0,0.855775,1.20968,0,0,0,0,0,0,0,0,0,0,0,0,2,0.855775,1.20968,0,1,1,0,0,0,0,0,1.1995,-1.1428,1.0654,0,0,0,0,0,0,2.71323,-2.38592,3.33878,1.77688,0,0,0,0,1,0,0,0,0,0,0,0,0,0,0,0,0,0,0,0,0,0,0,0,0,0,0,0,0
15.5,-0.0303645,-0.0142629,-0.0152042,-0.059012,-0.0311624,-0.021406,3.02466,2.03366,-2.12701,0.0060549,0.000211189,-0.00854761,-0.00227183,-0.00157121,-0.0354848,3,2,3.92699,0,0,0,0,0.164274,0,0.213598,0.0128394,0.353333,0.0121746,0.327715,2,3,2,3.92699,0,0,0,0,0,0,0,0,0,0,1.5708,1.5708,0,1.5708,1.5708,0,0.142632,-0.100761,0.0770261,0,0,0,1.32447,1.51759,-0.988281,0.00913484,-0.00683496,0.00878126,0.0149574,-0.0103904,0.00398528,1.75578,1.20968,0,0,0,0,0,0,0,0,0,0,0,0,2,1.75578,1.20968,0,0.344544,0.487027,3.7308e-15,0,0,0,0,0,0,0,0,0,0,0,0,0.855775,1.20968,0,0,0,0,0,0,0,0,0,0,0,0,2,0.855775,1.20968,0,1,1,0,0,0,0,0,1.1995,-1.1428,1.0654,0,0,0,0,0,0,2.71323,-2.38592,3.33878,1.77679,0,0,0,0,1,0,0,0,0,0,0,0,0,0,0,0,0,0,0,0,0,0,0,0,0,0,0,0,0
15.55,-0.0303645,-0.0142629,-0.0152042,-0.0545876,-0.0269207,-0.0166429,3.02466,2.03366,-2.12701,0.0060549,0.000211189,-0.00854761,-0.00227183,-0.00157121,-0.0354848,3,2,3.92699,0,0,0,0,0.126383,0,0.170941,0.0153952,0.309333,0.0136271,0.284731,2,3,2,3.92699,0,0,0,0,0,0,0,0,0,0,1.5708,1.5708,0,1.5708,1.5708,0,0.142632,-0.100761,0.0770261,0,0,0,1.32447,1.51759,-0.988281,0.00913484,-0.00683496,0.00878126,0.0149574,-0.0103904,0.00398528,1.75578,1.20968,0,0,0,0,0,0,0,0,0,0,0,0,2,1.75578,1.20968,0,0.344544,0.487027,3.7308e-15,0,0,0,0,0,0,0,0,0,0,0,0,0.855775,1.20968,0,0,0,0,0,0,0,0,0,0,0,0,2,0.855775,1.20968,0,1,1,0,0,0,0,0,1.2716,-1.0698,1.1387,0,0,0,0,0,0,2.62355,-2.30649,3.3593,1.77679,0,0,0,0,1,0,0,0,0,0,0,0,0,0,0,0,0,0,0,0,0,0,0,0,0,0,0,0,0
15.6,-0.0288743,-0.0144549,-0.0142182,-0.0545876,-0.0269207,-0.0166429,3.02522,2.03369,-2.12809,0.00554724,0.00026491,-0.0107581,-0.00338029,-0.000747409,-0.0333343,3,2,3.92699,0,0,0,0,0.126383,0,0.170941,0.0153952,0.309333,0.0136271,0.284731,2,3,2,3.92699,0,0,0,0,0,0,0,0,0,0,1.5708,1.5708,0,1.5708,1.5708,0,0.136429,-0.0985561,0.0742365,0,0,0,1.32555,1.51685,-0.986749,0.0108332,-0.00739673,0.0153295,0.0161194,-0.00916078,0.0270006,1.75578,1.20968,0,0,0,0,0,0,0,0,0,0,0,0,2,1.75578,1.20968,0,0.344544,0.487027,3.7308e-15,0,0,0,0,0,0,0,0,0,0,0,0,0.855775,1.20968,0,0,0,0,0,0,0,0,0,0,0,0,2,0.855775,1.20968,0,1,1,0,0,0,0,0,1.2716,-1.0698,1.1387,0,0,0,0,0,0,2.62355,-2.30649,3.3593,1.77651,0,0,0,0,1,0,0,0,0,0,0,0,0,0,0,0,0,0,0,0,0,0,0,0,0,0,0,0,0
15.65,-0.0288743,-0.0144549,-0.0142182,-0.0546165,-0.0268619,-0.0166429,3.02522,2.03369,-2.12809,0.00554724,0.00026491,-0.0107581,-0.00338029,-0.000747409,-0.0333343,3,2,3.92699,0,0,0,0,0.114499,0,0.160387,0.0158245,0.292791,0.0124778,0.265557,2,3,2,3.92699,0,0,0,0,0,0,0,0,0,0,1.5708,1.5708,0,1.5708,1.5708,0,0.136429,-0.0985561,0.0742365,0,0,0,1.32555,1.51685,-0.986749,0.0108332,-0.00739673,0.0153295,0.0161194,-0.00916078,0.0270006,1.75578,1.20968,0,0,0,0,0,0,0,0,0,0,0,0,2,1.75578,1.20968,0,0.344544,0.487027,3.7308e-15,0,0,0,0,0,0,0,0,0,0,0,0,0.855775,1.20968,0,0,0,0,0,0,0,0,0,0,0,0,2,0.855775,1.20968,0,1,1,0,0,0,0,0,1.2716,-1.0698,1.1387,0,0,0,0,0,0,2.62355,-2.30649,3.3593,1.77651,0,0,0,0,1,0,0,0,0,0,0,0,0,0,0,0,0,0,0,0,0,0,0,0,0,0,0,0,0
15.7,-0.0285823,-0.0133439,-0.0121572,-0.0546165,-0.0268619,-0.0166429,3.02575,2.03368,-2.12964,0.00539638,-6.34868e-05,-0.0155188,-0.00278307,-0.00164948,-0.038746,3,2,3.92699,0,0,0,0,0.114499,0,0.160387,0.0158245,0.292791,0.0124778,0.265557,2,3,2,3.92699,0,0,0,0,0,0,0,0,0,0,1.5708,1.5708,0,1.5708,1.5708,0,0.130369,-0.0944975,0.0754233,0,0,0,1.3268,1.516,-0.985532,0.0124703,-0.00849136,0.0121691,0.0163766,-0.00970746,0.00669857,1.75578,1.20968,0,0,0,0,0,0,0,0,0,0,0,0,2,1.75578,1.20968,0,0.344544,0.487027,3.7308e-15,0,0,0,0,0,0,0,0,0,0,0,0,0.855775,1.20968,0,0,0,0,0,0,0,0,0,0,0,0,2,0.855775,1.20968,0,1,1,0,0,0,0,0,1.2716,-1.0698,1.1387,0,0,0,0,0,0,2.82058,-2.46847,3.27212,1.77608,0,0,0,0,1,0,0,0,0,0,0,0,0,0,0,0,0,0,0,0,0,0,0,0,0,0,0,0,0
15.75,-0.0285823,-0.0133439,-0.0121572,-0.0546582,-0.0267771,-0.0166429,3.02575,2.03368,-2.12964,0.00539638,-6.34868e-05,-0.0155188,-0.00278307,-0.00164948,-0.038746,3,2,3.92699,0,0,0,0,0.0896685,0,0.129469,0.0168226,0.259497,0.0137743,0.235689,2,3,2,3.92699,0,0,0,0,0,0,0,0,0,0,1.5708,1.5708,0,1.5708,1.5708,0,0.130369,-0.0944975,0.0754233,0,0,0,1.3268,1.516,-0.985532,0.0124703,-0.00849136,0.0121691,0.0163766,-0.00970746,0.00669857,1.75578,1.20968,0,0,0,0,0,0,0,0,0,0,0,0,2,1.75578,1.20968,0,0.344544,0.487027,3.7308e-15,0,0,0,0,0,0,0,0,0,0,0,0,0.855775,1.20968,0,0,0,0,0,0,0,0,0,0,0,0,2,0.855775,1.20968,0,1,1,0,0,0,0,0,1.2747,-1.064,1.1441,0,0,0,0,0,0,2.82058,-2.46847,3.27212,1.77608,0,0,0,0,1,0,0,0,0,0,0,0,0,0,0,0,0,0,0,0,0,0,0,0,0,0,0,0,0
15.8,-0.0277341,-0.0134498,-0.0104019,-0.0508794,-0.024768,-0.0133043,3.02626,2.03368,-2.13158,0.00508444,-3.17472e-05,-0.0194485,-0.00283696,-0.000985814,-0.039701,3,2,3.92699,0,0,0,0,0.0896685,0,0.129469,0.0168226,0.259497,0.0137743,0.235689,2,3,2,3.92699,0,0,0,0,0,0,0,0,0,0,1.5708,1.5708,0,1.5708,1.5708,0,0.124043,-0.0915134,0.0734135,0,0,0,1.32821,1.51507,-0.983855,0.0141654,-0.00926043,0.0167721,0.0166416,-0.00897601,0.0196659,1.75578,1.20968,0,0,0,0,0,0,0,0,0,0,0,0,2,1.75578,1.20968,0,0.344544,0.487027,3.7308e-15,0,0,0,0,0,0,0,0,0,0,0,0,0.855775,1.20968,0,0,0,0,0,0,0,0,0,0,0,0,2,0.855775,1.20968,0,1,1,0,0,0,0,0,1.2747,-1.064,1.1441,0,0,0,0,0,0,2.82058,-2.46847,3.27212,1.77548,0,0,0,0,1,0,0,0,0,0,0,0,0,0,0,0,0,0,0,0,0,0,0,0,0,0,0,0,0
15.85,-0.0277341,-0.0134498,-0.0104019,-0.0509275,-0.0246691,-0.0133043,3.02626,2.03368,-2.13158,0.00508444,-3.17472e-05,-0.0194485,-0.00283696,-0.000985814,-0.039701,3,2,3.92699,0,0,0,0,0.0665736,0,0.106081,0.0183945,0.232606,0.0136253,0.206802,2,3,2,3.92699,0,0,0,0,0,0,0,0,0,0,1.5708,1.5708,0,1.5708,1.5708,0,0.124043,-0.0915134,0.0734135,0,0,0,1.32821,1.51507,-0.983855,0.0141654,-0.00926043,0.0167721,0.0166416,-0.00897601,0.0196659,1.75578,1.20968,0,0,0,0,0,0,0,0,0,0,0,0,2,1.75578,1.20968,0,0.344544,0.487027,3.7308e-15,0,0,0,0,0,0,0,0,0,0,0,0,0.855775,1.20968,0,0,0,0,0,0,0,0,0,0,0,0,2,0.855775,1.20968,0,1,1,0,0,0,0,0,1.2747,-1.064,1.1441,0,0,0,0,0,0,2.82058,-2.46847,3.27212,1.77548,0,0,0,0,1,0,0,0,0,0,0,0,0,0,0,0,0,0,0,0,0,0,0,0,0,0,0,0,0
15.9,-0.0272462,-0.0126149,-0.00907273,-0.0509275,-0.0246691,-0.0133043,3.02675,2.03365,-2.13381,0.00488166,-0.000275814,-0.0222726,-0.00251667,-0.00147737,-0.0352685,3,2,3.92699,0,0,0,0,0.0665736,0,0.106081,0.0183945,0.232606,0.0136253,0.206802,2,3,2,3.92699,0,0,0,0,0,0,0,0,0,0,1.5708,1.5708,0,1.5708,1.5708,0,0.117674,-0.0864316,0.0728683,0,0,0,1.3298,1.51401,-0.982079,0.0158531,-0.010631,0.0177561,0.0167846,-0.0107752,0.0175102,1.75578,1.20968,0,0,0,0,0,0,0,0,0,0,0,0,2,1.75578,1.20968,0,0.344544,0.487027,3.7308e-15,0,0,0,0,0,0,0,0,0,0,0,0,0.855775,1.20968,0,0,0,0,0,0,0,0,0,0,0,0,2,0.855775,1.20968,0,1,1,0,0,0,0,0,1.2747,-1.064,1.1441,0,0,0,0,0,0,0,-0,0,1.77473,0,0,0,0,0,0,0,0,0,0,0,0,0,0,0,0,0,0,0,0,0,0,0,0,0,0,0,0,0
15.95,-0.0272462,-0.0126149,-0.00907273,-0.0509823,-0.0245556,-0.0133043,3.02675,2.03365,-2.13381,0.00488166,-0.000275814,-0.0222726,-0.00251667,-0.00147737,-0.0352685,3,2,3.92699,0,0,0,0,0.0512372,0,0.0867515,0.0187678,0.210386,0.014215,0.186855,2,3,2,3.92699,0,0,0,0,0,0,0,0,0,0,1.5708,1.5708,0,1.5708,1.5708,0,0.117674,-0.0864316,0.0728683,0,0,0,1.3298,1.51401,-0.982079,0.0158531,-0.010631,0.0177561,0.0167846,-0.0107752,0.0175102,1.75578,1.20968,0,0,0,0,0,0,0,0,0,0,0,0,2,1.75578,1.20968,0,0.344544,0.487027,3.7308e-15,0,0,0,0,0,0,0,0,0,0,0,0,0.855775,1.20968,0,0,0,0,0,0,0,0,0,0,0,0,2,0.855775,1.20968,0,1,1,0,0,0,0,0,1.2791,-1.0552,1.1517,0,0,0,0,0,0,0,-0,0,1.77473,0,0,0,0,0,0,0,0,0,0,0,0,0,0,0,0,0,0,0,0,0,0,0,0,0,0,0,0,0
16,-0.0273928,-0.0133291,-0.00696442,-0.0509823,-0.0245556,-0.0133043,3.02724,2.03364,-2.1365,0.00486704,-6.3462e-05,-0.0269208,-0.00152947,-0.000104801,-0.0391327,3,2,3.92699,0,0,0,0,0.0512372,0,0.0867515,0.0187678,0.210386,0.014215,0.186855,2,3,2,3.92699,0,0,0,0,0,0,0,0,0,0,1.5708,1.5708,0,1.5708,1.5708,0,0.112381,-0.0827326,0.0716494,0,0,0,1.33152,1.51285,-0.980044,0.0172079,-0.011583,0.0203437,0.0154988,-0.0105094,0.0205481,1.75578,1.20968,0,0,0,0,0,0,0,0,0,0,0,0,2,1.75578,1.20968,0,0.344544,0.487027,3.7308e-15,0,0,0,0,0,0,0,0,0,0,0,0,0.855775,1.20968,0,0,0,0,0,0,0,0,0,0,0,0,2,0.855775,1.20968,0,1,1,0,0,0,0,0,1.2791,-1.0552,1.1517,0,0,0,0,0,0,0,-0,0,1.77389,0,0,0,0,0,0,0,0,0,0,0,0,0,0,0,0,0,0,0,0,0,0,0,0,0,0,0,0,0
16.05,-0.0273928,-0.0133291,-0.00696442,-0.0507271,-0.0285305,-0.00727448,3.02724,2.03364,-2.1365,0.00486704,-6.3462e-05,-0.0269208,-0.00152947,-0.000104801,-0.0391327,3,2,3.92699,0,0,0,0,0.0202718,0,0.0567822,0.0219325,0.181508,0.0147822,0.154239,2,3,2,3.92699,0,0,0,0,0,0,0,0,0,0,1.5708,1.5708,0,1.5708,1.5708,0,0.112381,-0.0827326,0.0716494,0,0,0,1.33152,1.51285,-0.980044,0.0172079,-0.011583,0.0203437,0.0154988,-0.0105094,0.0205481,1.75578,1.20968,0,0,0,0,0,0,0,0,0,0,0,0,2,1.75578,1.20968,0,0.344544,0.487027,3.7308e-15,0,0,0,0,0,0,0,0,0,0,0,0,0.855775,1.20968,0,0,0,0,0,0,0,0,0,0,0,0,2,0.855775,1.20968,0,1,1,0,0,0,0,0,1.2791,-1.0552,1.1517,0,0,0,0,0,0,0,-0,0,1.77389,0,0,0,0,0,0,0,0,0,0,0,0,0,0,0,0,0,0,0,0,0,0,0,0,0,0,0,0,0
16.1,-0.026658,-0.0124253,-0.00629309,-0.0507271,-0.0285305,-0.00727448,3.0277,2.03361,-2.1393,0.00459456,-0.00032731,-0.0280114,-0.00187818,-0.000931369,-0.0283518,3,2,3.92699,0,0,0,0,0.0202718,0,0.0567822,0.0219325,0.181508,0.0147822,0.154239,2,3,2,3.92699,0,0,0,0,0,0,0,0,0,0,1.5708,1.5708,0,1.5708,1.5708,0,0.105678,-0.0782343,0.0718955,0,0,0,1.33341,1.51158,-0.97811,0.0189572,-0.0127566,0.0193514,0.0161048,-0.0109522,0.00876442,1.75578,1.20968,0,0,0,0,0,0,0,0,0,0,0,0,2,1.75578,1.20968,0,0.344544,0.487027,3.7308e-15,0,0,0,0,0,0,0,0,0,0,0,0,0.855775,1.20968,0,0,0,0,0,0,0,0,0,0,0,0,2,0.855775,1.20968,0,1,1,0,0,0,0,0,1.2791,-1.0552,1.1517,0,0,0,0,0,0,0,-0,0,1.77288,0,0,0,0,0,0,0,0,0,0,0,0,0,0,0,0,0,0,0,0,0,0,0,0,0,0,0,0,0
16.15,-0.026658,-0.0124253,-0.00629309,-0.0508068,-0.0283883,-0.00727448,3.0277,2.03361,-2.1393,0.00459456,-0.00032731,-0.0280114,-0.00187818,-0.000931369,-0.0283518,3,2,3.92699,0,0,0,0,0.0144134,0,0.0475773,0.0213806,0.168364,0.0148694,0.143571,2,3,2,3.92699,0,0,0,0,0,0,0,0,0,0,1.5708,1.5708,0,1.5708,1.5708,0,0.105678,-0.0782343,0.0718955,0,0,0,1.33341,1.51158,-0.97811,0.0189572,-0.0127566,0.0193514,0.0161048,-0.0109522,0.00876442,1.75578,1.20968,0,0,0,0,0,0,0,0,0,0,0,0,2,1.75578,1.20968,0,0.344544,0.487027,3.7308e-15,0,0,0,0,0,0,0,0,0,0,0,0,0.855775,1.20968,0,0,0,0,0,0,0,0,0,0,0,0,2,0.855775,1.20968,0,1,1,0,0,0,0,0,1.2848,-1.0437,1.1612,0,0,0,0,0,0,0,-0,0,1.77288,0,0,0,0,0,0,0,0,0,0,0,0,0,0,0,0,0,0,0,0,0,0,0,0,0,0,0,0,0
16.2,-0.0263774,-0.0150387,-0.00473181,-0.0508068,-0.0283883,-0.00727448,3.02814,2.03365,-2.14243,0.00445824,0.000441675,-0.0312269,-0.00170888,0.00240118,-0.0284771,3,2,3.92699,0,0,0,0,0.0144134,0,0.0475773,0.0213806,0.168364,0.0148694,0.143571,2,3,2,3.92699,0,0,0,0,0,0,0,0,0,0,1.5708,1.5708,0,1.5708,1.5708,0,0.0995804,-0.0754921,0.0691845,0,0,0,1.33547,1.51024,-0.975559,0.0205098,-0.0134052,0.0255023,0.0159993,-0.00925683,0.0282924,1.75578,1.20968,0,0,0,0,0,0,0,0,0,0,0,0,2,1.75578,1.20968,0,0.344544,0.487027,3.7308e-15,0,0,0,0,0,0,0,0,0,0,0,0,0.855775,1.20968,0,0,0,0,0,0,0,0,0,0,0,0,2,0.855775,1.20968,0,1,1,0,0,0,0,0,1.2848,-1.0437,1.1612,0,0,0,0,0,0,0,-0,0,1.77176,0,0,0,0,0,0,0,0,0,0,0,0,0,0,0,0,0,0,0,0,0,0,0,0,0,0,0,0,0
16.25,-0.0263774,-0.0150387,-0.00473181,-0.0508952,-0.0282295,-0.00727448,3.02814,2.03365,-2.14243,0.00445824,0.000441675,-0.0312269,-0.00170888,0.00240118,-0.0284771,3,2,3.92699,0,0,0,0,0.000953039,0,0.0266086,0.036679,0.154514,0.0159081,0.109502,2,3,2,3.92699,0,0,0,0,0,0,0,0,0,0,1.5708,1.5708,0,1.5708,1.5708,0,0.0995804,-0.0754921,0.0691845,0,0,0,1.33547,1.51024,-0.975559,0.0205098,-0.0134052,0.0255023,0.0159993,-0.00925683,0.0282924,1.75578,1.20968,0,0,0,0,0,0,0,0,0,0,0,0,2,1.75578,1.20968,0,0.344544,0.487027,3.7308e-15,0,0,0,0,0,0,0,0,0,0,0,0,0.855775,1.20968,0,0,0,0,0,0,0,0,0,0,0,0,2,0.855775,1.20968,0,1,1,0,0,0,0,0,1.2848,-1.0437,1.1612,0,0,0,0,0,0,0,-0,0,1.77176,0,0,0,0,0,0,0,0,0,0,0,0,0,0,0,0,0,0,0,0,0,0,0,0,0,0,0,0,0
16.3,-0.0250394,-0.0161972,-0.00380656,-0.0508952,-0.0282295,-0.00727448,3.02854,2.03373,-2.14571,0.00401397,0.000775676,-0.0328455,-0.00279145,0.00322652,-0.0234942,3,2,3.92699,0,0,0,0,0.000953039,0,0.0266086,0.036679,0.154514,0.0159081,0.109502,2,3,2,3.92699,0,0,0,0,0,0,0,0,0,0,1.5708,1.5708,0,1.5708,1.5708,0,0.0931448,-0.0713478,0.0691783,0,0,0,1.33768,1.50879,-0.973059,0.0221428,-0.0144545,0.0250165,0.0160581,-0.00948224,0.0176197,1.75578,1.20968,0,0,0,0,0,0,0,0,0,0,0,0,2,1.75578,1.20968,0,0.344544,0.487027,3.7308e-15,0,0,0,0,0,0,0,0,0,0,0,0,0.855775,1.20968,0,0,0,0,0,0,0,0,0,0,0,0,2,0.855775,1.20968,0,1,1,0,0,0,0,0,1.2848,-1.0437,1.1612,0,0,0,0,0,0,0,-0,0,1.77048,0,0,0,0,0,0,0,0,0,0,0,0,0,0,0,0,0,0,0,0,0,0,0,0,0,0,0,0,0
16.35,-0.0250394,-0.0161972,-0.00380656,-0.0504928,-0.0318418,-0.00344502,3.02854,2.03373,-2.14571,0.00401397,0.000775676,-0.0328455,-0.00279145,0.00322652,-0.0234942,3,2,3.92699,0,0,0,0,1.67234e-07,0,0.0175477,0.0450649,0.146719,0.0146904,0.0887124,2,3,2,3.92699,0,0,0,0,0,0,0,0,0,0,1.5708,1.5708,0,1.5708,1.5708,0,0.0931448,-0.0713478,0.0691783,0,0,0,1.33768,1.50879,-0.973059,0.0221428,-0.0144545,0.0250165,0.0160581,-0.00948224,0.0176197,1.75578,1.20968,0,0,0,0,0,0,0,0,0,0,0,0,2,1.75578,1.20968,0,0.344544,0.487027,3.7308e-15,0,0,0,0,0,0,0,0,0,0,0,0,0.855775,1.20968,0,0,0,0,0,0,0,0,0,0,0,0,2,0.855775,1.20968,0,1,1,0,0,0,0,0,1.3245,-0.9966,1.206,0,0,0,0,0,0,0,-0,0,1.77048,0,0,0,0,0,0,0,0,0,0,0,0,0,0,0,0,0,0,0,0,0,0,0,0,0,0,0,0,0
16.4,-0.0243423,-0.0152929,-0.00290736,-0.0504928,-0.0318418,-0.00344502,3.02892,2.03378,-2.14915,0.00376259,0.00050176,-0.0343691,-0.00281749,0.000956425,-0.0195998,3,2,3.92699,0,0,0,0,1.67234e-07,0,0.0175477,0.0450649,0.146719,0.0146904,0.0887124,2,3,2,3.92699,0,0,0,0,0,0,0,0,0,0,1.5708,1.5708,0,1.5708,1.5708,0,0.0869203,-0.0687102,0.0672165,0,0,0,1.34005,1.50729,-0.970134,0.023695,-0.0150528,0.0292516,0.0159054,-0.00814957,0.0261183,1.75578,1.20968,0,0,0,0,0,0,0,0,0,0,0,0,2,1.75578,1.20968,0,0.344544,0.487027,3.7308e-15,0,0,0,0,0,0,0,0,0,0,0,0,0.855775,1.20968,0,0,0,0,0,0,0,0,0,0,0,0,2,0.855775,1.20968,0,1,1,0,0,0,0,0,1.3245,-0.9966,1.206,0,0,0,0,0,0,0,-0,0,1.76904,0,0,0,0,0,0,0,0,0,0,0,0,0,0,0,0,0,0,0,0,0,0,0,0,0,0,0,0,0
16.45,-0.0243423,-0.0152929,-0.00290736,-0.050602,-0.0316681,-0.00344502,3.02892,2.03378,-2.14915,0.00376259,0.00050176,-0.0343691,-0.00281749,0.000956425,-0.0195998,3,2,3.92699,0,0,0,0,0,0,0.00556192,0.0521989,0.131829,0.0143883,0.075851,2,3,2,3.92699,0,0,0,0,0,0,0,0,0,0,1.5708,1.5708,0,1.5708,1.5708,0,0.0869203,-0.0687102,0.0672165,0,0,0,1.34005,1.50729,-0.970134,0.023695,-0.0150528,0.0292516,0.0159054,-0.00814957,0.0261183,1.75578,1.20968,0,0,0,0,0,0,0,0,0,0,0,0,2,1.75578,1.20968,0,0.344544,0.487027,3.7308e-15,0,0,0,0,0,0,0,0,0,0,0,0,0.855775,1.20968,0,0,0,0,0,0,0,0,0,0,0,0,2,0.855775,1.20968,0,1,1,0,0,0,0,0,1.3245,-0.9966,1.206,0,0,0,0,0,0,0,-0,0,1.76904,0,0,0,0,0,0,0,0,0,0,0,0,0,0,0,0,0,0,0,0,0,0,0,0,0,0,0,0,0
16.5,-0.0233323,-0.0104142,-0.000948145,-0.050602,-0.0316681,-0.00344502,3.02926,2.03369,-2.15299,0.00342253,-0.000932529,-0.0384199,-0.00305627,-0.00546462,-0.0274102,3,2,3.92699,0,0,0,0,0,0,0.00556192,0.0521989,0.131829,0.0143883,0.075851,2,3,2,3.92699,0,0,0,0,0,0,0,0,0,0,1.5708,1.5708,0,1.5708,1.5708,0,0.0809501,-0.0643737,0.0660081,0,0,0,1.34256,1.50567,-0.966975,0.025155,-0.0161386,0.031588,0.0153523,-0.00904411,0.0261565,1.75578,1.20968,0,0,0,0,0,0,0,0,0,0,0,0,2,1.75578,1.20968,0,0.344544,0.487027,3.7308e-15,0,0,0,0,0,0,0,0,0,0,0,0,0.855775,1.20968,0,0,0,0,0,0,0,0,0,0,0,0,2,0.855775,1.20968,0,1,1,0,0,0,0,0,1.3245,-0.9966,1.206,0,0,0,0,0,0,0,-0,0,1.76742,0,0,0,0,0,0,0,0,0,0,0,0,0,0,0,0,0,0,0,0,0,0,0,0,0,0,0,0,0
16.55,-0.0233323,-0.0104142,-0.000948145,-0.0507233,-0.0314735,-0.00344502,3.02926,2.03369,-2.15299,0.00342253,-0.000932529,-0.0384199,-0.00305627,-0.00546462,-0.0274102,3,2,3.92699,0,0,0,0,0,0,0,0.0618669,0.0891627,0.0350611,0.0614403,2,3,2,3.92699,0,0,0,0,0,0,0,0,0,0,1.5708,1.5708,0,1.5708,1.5708,0,0.0809501,-0.0643737,0.0660081,0,0,0,1.34256,1.50567,-0.966975,0.025155,-0.0161386,0.031588,0.0153523,-0.00904411,0.0261565,1.75578,1.20968,0,0,0,0,0,0,0,0,0,0,0,0,2,1.75578,1.20968,0,0.344544,0.487027,3.7308e-15,0,0,0,0,0,0,0,0,0,0,0,0,0.855775,1.20968,0,0,0,0,0,0,0,0,0,0,0,0,2,0.855775,1.20968,0,1,1,0,0,0,0,0,1.298,-1.014,1.1861,0,0,0,0,0,0,0,-0,0,1.76742,0,0,0,0,0,0,0,0,0,0,0,0,0,0,0,0,0,0,0,0,0,0,0,0,0,0,0,0,0
16.6,-0.0234816,-0.00871612,-0.0006229,-0.0507233,-0.0314735,-0.00344502,3.02961,2.03355,-2.15683,0.00342589,-0.0014187,-0.0384493,-0.00185619,-0.00609241,-0.0176094,3,2,3.92699,0,0,0,0,0,0,0,0.0618669,0.0891627,0.0350611,0.0614403,2,3,2,3.92699,0,0,0,0,0,0,0,0,0,0,1.5708,1.5708,0,1.5708,1.5708,0,0.0756983,-0.0607559,0.064445,0,0,0,1.3452,1.50397,-0.963502,0.0263889,-0.0170025,0.0347335,0.0140576,-0.00899331,0.0282594,1.75578,1.20968,0,0,0,0,0,0,0,0,0,0,0,0,2,1.75578,1.20968,0,0.344544,0.487027,3.7308e-15,0,0,0,0,0,0,0,0,0,0,0,0,0.855775,1.20968,0,0,0,0,0,0,0,0,0,0,0,0,2,0.855775,1.20968,0,1,1,0,0,0,0,0,1.298,-1.014,1.1861,0,0,0,0,0,0,0,-0,0,1.76569,0,0,0,0,0,0,0,0,0,0,0,0,0,0,0,0,0,0,0,0,0,0,0,0,0,0,0,0,0
16.65,-0.0234816,-0.00871612,-0.0006229,-0.0465292,-0.0172795,-0.000494261,3.02961,2.03355,-2.15683,0.00342589,-0.0014187,-0.0384493,-0.00185619,-0.00609241,-0.0176094,3,2,3.92699,0,0,0,0,0,0,0,0.0615295,0.0805227,0.0425192,0.0608745,2,3,2,3.92699,0,0,0,0,0,0,0,0,0,0,1.5708,1.5708,0,1.5708,1.5708,0,0.0756983,-0.0607559,0.064445,0,0,0,1.3452,1.50397,-0.963502,0.0263889,-0.0170025,0.0347335,0.0140576,-0.00899331,0.0282594,1.75578,1.20968,0,0,0,0,0,0,0,0,0,0,0,0,2,1.75578,1.20968,0,0.344544,0.487027,3.7308e-15,0,0,0,0,0,0,0,0,0,0,0,0,0.855775,1.20968,0,0,0,0,0,0,0,0,0,0,0,0,2,0.855775,1.20968,0,1,1,0,0,0,0,0,1.298,-1.014,1.1861,0,0,0,0,0,0,0,-0,0,1.76569,0,0,0,0,0,0,0,0,0,0,0,0,0,0,0,0,0,0,0,0,0,0,0,0,0,0,0,0,0
16.7,-0.0217262,-0.00540644,-0.000139739,-0.0465292,-0.0172795,-0.000494261,3.02989,2.03331,-2.16072,0.00287157,-0.002371,-0.0388591,-0.00316576,-0.00754881,-0.0108995,3,2,3.92699,0,0,0,0,0,0,0,0.0615295,0.0805227,0.0425192,0.0608745,2,3,2,3.92699,0,0,0,0,0,0,0,0,0,0,1.5708,1.5708,0,1.5708,1.5708,0,0.0695572,-0.0579076,0.0634413,0,0,0,1.34799,1.50221,-0.959856,0.0278671,-0.0176323,0.0364692,0.0141826,-0.00791632,0.0242016,1.75578,1.20968,0,0,0,0,0,0,0,0,0,0,0,0,2,1.75578,1.20968,0,0.344544,0.487027,3.7308e-15,0,0,0,0,0,0,0,0,0,0,0,0,0.855775,1.20968,0,0,0,0,0,0,0,0,0,0,0,0,2,0.855775,1.20968,0,1,1,0,0,0,0,0,1.298,-1.014,1.1861,0,0,0,0,0,0,0,-0,0,1.76377,0,0,0,0,0,0,0,0,0,0,0,0,0,0,0,0,0,0,0,0,0,0,0,0,0,0,0,0,0
16.75,-0.0217262,-0.00540644,-0.000139739,-0.046596,-0.0170985,-0.000494261,3.02989,2.03331,-2.16072,0.00287157,-0.002371,-0.0388591,-0.00316576,-0.00754881,-0.0108995,3,2,3.92699,0,0,0,0,0,0,0,0.0548883,0.0613962,0.0496175,0.0559069,2,3,2,3.92699,0,0,0,0,0,0,0,0,0,0,1.5708,1.5708,0,1.5708,1.5708,0,0.0695572,-0.0579076,0.0634413,0,0,0,1.34799,1.50221,-0.959856,0.0278671,-0.0176323,0.0364692,0.0141826,-0.00791632,0.0242016,1.75578,1.20968,0,0,0,0,0,0,0,0,0,0,0,0,2,1.75578,1.20968,0,0.344544,0.487027,3.7308e-15,0,0,0,0,0,0,0,0,0,0,0,0,0.855775,1.20968,0,0,0,0,0,0,0,0,0,0,0,0,2,0.855775,1.20968,0,1,1,0,0,0,0,0,1.3044,-0.997,1.2009,0,0,0,0,0,0,0,-0,0,1.76377,0,0,0,0,0,0,0,0,0,0,0,0,0,0,0,0,0,0,0,0,0,0,0,0,0,0,0,0,0
16.8,-0.0209479,-0.00607947,0.000655611,-0.046596,-0.0170985,-0.000494261,3.03015,2.03309,-2.16472,0.00260987,-0.002146,-0.0400139,-0.00312332,-0.00383146,-0.0102586,3,2,3.92699,0,0,0,0,0,0,0,0.0548883,0.0613962,0.0496175,0.0559069,2,3,2,3.92699,0,0,0,0,0,0,0,0,0,0,1.5708,1.5708,0,1.5708,1.5708,0,0.0637074,-0.0556306,0.0609468,0,0,0,1.35091,1.5004,-0.955679,0.0292432,-0.0180884,0.0417627,0.0140374,-0.00643388,0.0351422,1.75578,1.20968,0,0,0,0,0,0,0,0,0,0,0,0,2,1.75578,1.20968,0,0.344544,0.487027,3.7308e-15,0,0,0,0,0,0,0,0,0,0,0,0,0.855775,1.20968,0,0,0,0,0,0,0,0,0,0,0,0,2,0.855775,1.20968,0,1,1,0,0,0,0,0,1.3044,-0.997,1.2009,0,0,0,0,0,0,0,-0,0,1.76171,0,0,0,0,0,0,0,0,0,0,0,0,0,0,0,0,0,0,0,0,0,0,0,0,0,0,0,0,0
16.85,-0.0209479,-0.00607947,0.000655611,-0.046664,-0.016912,-0.000494261,3.03015,2.03309,-2.16472,0.00260987,-0.002146,-0.0400139,-0.00312332,-0.00383146,-0.0102586,3,2,3.92699,0,0,0,0,0,0,0,0.0664248,0.0511341,0.0563519,0.0415746,2,3,2,3.92699,0,0,0,0,0,0,0,0,0,0,1.5708,1.5708,0,1.5708,1.5708,0,0.0637074,-0.0556306,0.0609468,0,0,0,1.35091,1.5004,-0.955679,0.0292432,-0.0180884,0.0417627,0.0140374,-0.00643388,0.0351422,1.75578,1.20968,0,0,0,0,0,0,0,0,0,0,0,0,2,1.75578,1.20968,0,0.344544,0.487027,3.7308e-15,0,0,0,0,0,0,0,0,0,0,0,0,0.855775,1.20968,0,0,0,0,0,0,0,0,0,0,0,0,2,0.855775,1.20968,0,1,1,0,0,0,0,0,1.3044,-0.997,1.2009,0,0,0,0,0,0,0,-0,0,1.76171,0,0,0,0,0,0,0,0,0,0,0,0,0,0,0,0,0,0,0,0,0,0,0,0,0,0,0,0,0
16.9,-0.0189364,-0.00567872,0.00142416,-0.046664,-0.016912,-0.000494261,3.03035,2.03287,-2.16883,0.00199019,-0.00223804,-0.0410814,-0.00434714,-0.00216418,-0.0103184,3,2,3.92699,0,0,0,0,0,0,0,0.0664248,0.0511341,0.0563519,0.0415746,2,3,2,3.92699,0,0,0,0,0,0,0,0,0,0,1.5708,1.5708,0,1.5708,1.5708,0,0.0595005,-0.0504716,0.0585189,0,0,0,1.35392,1.49846,-0.951001,0.0301251,-0.0193781,0.0467916,0.011918,-0.00880637,0.0426558,1.75578,1.20968,0,0,0,0,0,0,0,0,0,0,0,0,2,1.75578,1.20968,0,0.344544,0.487027,3.7308e-15,0,0,0,0,0,0,0,0,0,0,0,0,0.855775,1.20968,0,0,0,0,0,0,0,0,0,0,0,0,2,0.855775,1.20968,0,1,1,0,0,0,0,0,1.3044,-0.997,1.2009,0,0,0,0,0,0,0,-0,0,1.75955,0,0,0,0,0,0,0,0,0,0,0,0,0,0,0,0,0,0,0,0,0,0,0,0,0,0,0,0,0
16.95,-0.0189364,-0.00567872,0.00142416,-0.0314267,-0.0154016,0.00190269,3.03035,2.03287,-2.16883,0.00199019,-0.00223804,-0.0410814,-0.00434714,-0.00216418,-0.0103184,3,2,3.92699,0,0,0,0,0,0,0,0.0719982,0.0356912,0.061243,0.0261552,2,3,2,3.92699,0,0,0,0,0,0,0,0,0,0,1.5708,1.5708,0,1.5708,1.5708,0,0.0595005,-0.0504716,0.0585189,0,0,0,1.35392,1.49846,-0.951001,0.0301251,-0.0193781,0.0467916,0.011918,-0.00880637,0.0426558,1.75578,1.20968,0,0,0,0,0,0,0,0,0,0,0,0,2,1.75578,1.20968,0,0.344544,0.487027,3.7308e-15,0,0,0,0,0,0,0,0,0,0,0,0,0.855775,1.20968,0,0,0,0,0,0,0,0,0,0,0,0,2,0.855775,1.20968,0,1,1,0,0,0,0,0,1.3796,-0.9096,1.2868,0,0,0,0,0,0,0,-0,0,1.75955,0,0,0,0,0,0,0,0,0,0,0,0,0,0,0,0,0,0,0,0,0,0,0,0,0,0,0,0,0
17,-0.0201654,-0.0066371,0.00232272,-0.0314267,-0.0154016,0.00190269,3.03059,2.03268,-2.17307,0.00232656,-0.00193107,-0.0424415,-0.00143047,0.000151324,-0.011665,3,2,3.92699,0,0,0,0,0,0,0,0.0719982,0.0356912,0.061243,0.0261552,2,3,2,3.92699,0,0,0,0,0,0,0,0,0,0,1.5708,1.5708,0,1.5708,1.5708,0,0.0481993,-0.0503464,0.0591005,0,0,0,1.35723,1.49654,-0.946554,0.0330614,-0.0191874,0.0444709,0.0186217,-0.00485975,0.0173869,1.75578,1.20968,0,0,0,0,0,0,0,0,0,0,0,0,2,1.75578,1.20968,0,0.344544,0.487027,3.7308e-15,0,0,0,0,0,0,0,0,0,0,0,0,0.855775,1.20968,0,0,0,0,0,0,0,0,0,0,0,0,2,0.855775,1.20968,0,1,1,0,0,0,0,0,1.3796,-0.9096,1.2868,0,0,0,0,0,0,0,-0,0,1.75714,0,0,0,0,0,0,0,0,0,0,0,0,0,0,0,0,0,0,0,0,0,0,0,0,0,0,0,0,0
17.05,-0.0201654,-0.0066371,0.00232272,-0.0314917,-0.0152681,0.00190269,3.03059,2.03268,-2.17307,0.00232656,-0.00193107,-0.0424415,-0.00143047,0.000151324,-0.011665,3,2,3.92699,0,0,0,0,0,0,0,0.0895838,0.0289134,0.0718017,0.0186352,2,3,2,3.92699,0,0,0,0,0,0,0,0,0,0,1.5708,1.5708,0,1.5708,1.5708,0,0.0481993,-0.0503464,0.0591005,0,0,0,1.35723,1.49654,-0.946554,0.0330614,-0.0191874,0.0444709,0.0186217,-0.00485975,0.0173869,1.75578,1.20968,0,0,0,0,0,0,0,0,0,0,0,0,2,1.75578,1.20968,0,0.344544,0.487027,3.7308e-15,0,0,0,0,0,0,0,0,0,0,0,0,0.855775,1.20968,0,0,0,0,0,0,0,0,0,0,0,0,2,0.855775,1.20968,0,1,1,0,0,0,0,0,1.3796,-0.9096,1.2868,0,0,0,0,0,0,0,-0,0,1.75714,0,0,0,0,0,0,0,0,0,0,0,0,0,0,0,0,0,0,0,0,0,0,0,0,0,0,0,0,0
17.1,-0.0177738,-0.00608047,0.00289549,-0.0314917,-0.0152681,0.00190269,3.03075,2.03247,-2.17737,0.00159892,-0.00207128,-0.0429887,-0.00337214,-0.000155461,-0.0093627,3,2,3.92699,0,0,0,0,0,0,0,0.0895838,0.0289134,0.0718017,0.0186352,2,3,2,3.92699,0,0,0,0,0,0,0,0,0,0,1.5708,1.5708,0,1.5708,1.5708,0,0.0483112,-0.0495622,0.0574146,0,0,0,1.3605,1.49463,-0.941787,0.0326413,-0.0191908,0.0476589,0.0104018,-0.00239231,0.0197461,1.75578,1.20968,0,0,0,0,0,0,0,0,0,0,0,0,2,1.75578,1.20968,0,0.344544,0.487027,3.7308e-15,0,0,0,0,0,0,0,0,0,0,0,0,0.855775,1.20968,0,0,0,0,0,0,0,0,0,0,0,0,2,0.855775,1.20968,0,1,1,0,0,0,0,0,1.3796,-0.9096,1.2868,0,0,0,0,0,0,0,-0,0,1.75471,0,0,0,0,0,0,0,0,0,0,0,0,0,0,0,0,0,0,0,0,0,0,0,0,0,0,0,0,0
17.15,-0.0177738,-0.00608047,0.00289549,-0.0315571,-0.0151325,0.00190269,3.03075,2.03247,-2.17737,0.00159892,-0.00207128,-0.0429887,-0.00337214,-0.000155461,-0.0093627,3,2,3.92699,0,0,0,0,0,0.0065066,0,0.0861469,0.0195027,0.0713191,0.0136083,2,3,2,3.92699,0,0,0,0,0,0,0,0,0,0,1.5708,1.5708,0,1.5708,1.5708,0,0.0483112,-0.0495622,0.0574146,0,0,0,1.3605,1.49463,-0.941787,0.0326413,-0.0191908,0.0476589,0.0104018,-0.00239231,0.0197461,1.75578,1.20968,0,0,0,0,0,0,0,0,0,0,0,0,2,1.75578,1.20968,0,0.344544,0.487027,3.7308e-15,0,0,0,0,0,0,0,0,0,0,0,0,0.855775,1.20968,0,0,0,0,0,0,0,0,0,0,0,0,2,0.855775,1.20968,0,1,1,0,0,0,0,0,1.2267,-1.0488,1.1455,0,0,0,0,0,0,0,-0,0,1.75471,0,0,0,0,0,0,0,0,0,0,0,0,0,0,0,0,0,0,0,0,0,0,0,0,0,0,0,0,0
17.2,-0.0180483,-0.0020668,0.00312847,-0.0315571,-0.0151325,0.00190269,3.03091,2.03215,-2.18164,0.00166044,-0.00322199,-0.0427058,-0.00204251,-0.00473166,-0.00415758,3,2,3.92699,0,0,0,0,0,0.0065066,0,0.0861469,0.0195027,0.0713191,0.0136083,2,3,2,3.92699,0,0,0,0,0,0,0,0,0,0,1.5708,1.5708,0,1.5708,1.5708,0,0.0428492,-0.0425201,0.0536117,0,0,0,1.36388,1.49252,-0.9362,0.0338487,-0.0210156,0.0558849,0.00994087,-0.00838417,0.0450198,1.75578,1.20968,0,0,0,0,0,0,0,0,0,0,0,0,2,1.75578,1.20968,0,0.344544,0.487027,3.7308e-15,0,0,0,0,0,0,0,0,0,0,0,0,0.855775,1.20968,0,0,0,0,0,0,0,0,0,0,0,0,2,0.855775,1.20968,0,1,1,0,0,0,0,0,1.2267,-1.0488,1.1455,0,0,0,0,0,0,0,-0,0,1.7522,0,0,0,0,0,0,0,0,0,0,0,0,0,0,0,0,0,0,0,0,0,0,0,0,0,0,0,0,0
17.25,-0.0180483,-0.0020668,0.00312847,-0.0312339,-0.00462409,0.00313191,3.03091,2.03215,-2.18164,0.00166044,-0.00322199,-0.0427058,-0.00204251,-0.00473166,-0.00415758,3,2,3.92699,0,0,0,0.0050595,0,0.00191439,0,0.0768225,0.0129098,0.0811807,0.0165138,2,3,2,3.92699,0,0,0,0,0,0,0,0,0,0,1.5708,1.5708,0,1.5708,1.5708,0,0.0428492,-0.0425201,0.0536117,0,0,0,1.36388,1.49252,-0.9362,0.0338487,-0.0210156,0.0558849,0.00994087,-0.00838417,0.0450198,1.75578,1.20968,0,0,0,0,0,0,0,0,0,0,0,0,2,1.75578,1.20968,0,0.344544,0.487027,3.7308e-15,0,0,0,0,0,0,0,0,0,0,0,0,0.855775,1.20968,0,0,0,0,0,0,0,0,0,0,0,0,2,0.855775,1.20968,0,1,1,0,0,0,0,0,1.2267,-1.0488,1.1455,0,0,0,0,0,0,0,-0,0,1.7522,0,0,0,0,0,0,0,0,0,0,0,0,0,0,0,0,0,0,0,0,0,0,0,0,0,0,0,0,0
17.3,-0.0166605,-0.000196225,0.0033464,-0.0312339,-0.00462409,0.00313191,3.03103,2.03178,-2.18588,0.00123453,-0.00373166,-0.0423913,-0.00274573,-0.00550117,-0.000599506,3,2,3.92699,0,0,0,0.0050595,0,0.00191439,0,0.0768225,0.0129098,0.0811807,0.0165138,2,3,2,3.92699,0,0,0,0,0,0,0,0,0,0,1.5708,1.5708,0,1.5708,1.5708,0,0.0387711,-0.0396219,0.0523647,0,0,0,1.36735,1.49036,-0.930417,0.0346387,-0.0216127,0.0577904,0.00911436,-0.0082623,0.0381456,1.75578,1.20968,0,0,0,0,0,0,0,0,0,0,0,0,2,1.75578,1.20968,0,0.344544,0.487027,3.7308e-15,0,0,0,0,0,0,0,0,0,0,0,0,0.855775,1.20968,0,0,0,0,0,0,0,0,0,0,0,0,2,0.855775,1.20968,0,1,1,0,0,0,0,0,1.2267,-1.0488,1.1455,0,0,0,0,0,0,0,-0,0,1.74957,0,0,0,0,0,0,0,0,0,0,0,0,0,0,0,0,0,0,0,0,0,0,0,0,0,0,0,0,0
17.35,-0.0166605,-0.000196225,0.0033464,-0.0312533,-0.00449156,0.00313191,3.03103,2.03178,-2.18588,0.00123453,-0.00373166,-0.0423913,-0.00274573,-0.00550117,-0.000599506,3,2,3.92699,0,0,0,0.0145147,0,0.00509684,0,0.0729622,0.0101865,0.0836761,0.0164491,2,3,2,3.92699,0,0,0,0,0,0,0,0,0,0,1.5708,1.5708,0,1.5708,1.5708,0,0.0387711,-0.0396219,0.0523647,0,0,0,1.36735,1.49036,-0.930417,0.0346387,-0.0216127,0.0577904,0.00911436,-0.0082623,0.0381456,1.75578,1.20968,0,0,0,0,0,0,0,0,0,0,0,0,2,1.75578,1.20968,0,0.344544,0.487027,3.7308e-15,0,0,0,0,0,0,0,0,0,0,0,0,0.855775,1.20968,0,0,0,0,0,0,0,0,0,0,0,0,2,0.855775,1.20968,0,1,1,0,0,0,0,0,1.3492,-0.9114,1.2825,0,0,0,0,0,0,0,-0,0,1.74957,0,0,0,0,0,0,0,0,0,0,0,0,0,0,0,0,0,0,0,0,0,0,0,0,0,0,0,0,0
17.35,-0.0155728,0.000960587,0.00360545,-0.0312533,-0.00449156,0.00313191,3.03112,2.03137,-2.1901,0.000901542,-0.0040264,-0.0421835,-0.00307811,-0.00457397,0.00107969,3,2,3.92699,0,0,0,0.0145147,0,0.00509684,0,0.0729622,0.0101865,0.0836761,0.0164491,2,3,2,3.92699,0,0,0,0,0,0,0,0,0,0,1.5708,1.5708,0,1.5708,1.5708,0,0.0336633,-0.0370864,0.0486659,0,0,0,1.37091,1.48815,-0.923865,0.0357198,-0.0220977,0.0655671,0.00957499,-0.00681648,0.0528702,1.75578,1.20968,0,0,0,0,0,0,0,0,0,0,0,0,2,1.75578,1.20968,0,0.344544,0.487027,3.7308e-15,0,0,0,0,0,0,0,0,0,0,0,0,0.855775,1.20968,0,0,0,0,0,0,0,0,0,0,0,0,2,0.855775,1.20968,0,1,1,0,0,0,0,0,1.3492,-0.9114,1.2825,0,0,0,0,0,0,0,-0,0,1.74682,0,0,0,0,0,0,0,0,0,0,0,0,0,0,0,0,0,0,0,0,0,0,0,0,0,0,0,0,0
17.35,-0.0155728,0.000960587,0.00360545,-0.0312719,-0.00435978,0.00313191,3.03112,2.03137,-2.1901,0.000901542,-0.0040264,-0.0421835,-0.00307811,-0.00457397,0.00107969,3,2,3.92699,0,0,0,0.0223713,0,0.00936401,0,0.0719561,0.00832906,0.0863609,0.0162171,2,3,2,3.92699,0,0,0,0,0,0,0,0,0,0,1.5708,1.5708,0,1.5708,1.5708,0,0.0336633,-0.0370864,0.0486659,0,0,0,1.37091,1.48815,-0.923865,0.0357198,-0.0220977,0.0655671,0.00957499,-0.00681648,0.0528702,1.75578,1.20968,0,0,0,0,0,0,0,0,0,0,0,0,2,1.75578,1.20968,0,0.344544,0.487027,3.7308e-15,0,0,0,0,0,0,0,0,0,0,0,0,0.855775,1.20968,0,0,0,0,0,0,0,0,0,0,0,0,2,0.855775,1.20968,0,1,1,0,0,0,0,0,1.3492,-0.9114,1.2825,0,0,0,0,0,0,0,-0,0,1.74682,0,0,0,0,0,0,0,0,0,0,0,0,0,0,0,0,0,0,0,0,0,0,0,0,0,0,0,0,0
17.35,-0.0163504,0.00405398,0.00421962,-0.0312719,-0.00435978,0.00313191,3.03124,2.03088,-2.19438,0.00111858,-0.00488465,-0.0428361,-0.00102403,-0.00606005,-0.00183271,3,2,3.92699,0,0,0,0.0223713,0,0.00936401,0,0.0719561,0.00832906,0.0863609,0.0162171,2,3,2,3.92699,0,0,0,0,0,0,0,0,0,0,1.5708,1.5708,0,1.5708,1.5708,0,0.0294971,-0.0339087,0.0481522,0,0,0,1.37456,1.48588,-0.917316,0.036514,-0.0227637,0.065517,0.00907103,-0.006612,0.0336974,1.75578,1.20968,0,0,0,0,0,0,0,0,0,0,0,0,2,1.75578,1.20968,0,0.344544,0.487027,3.7308e-15,0,0,0,0,0,0,0,0,0,0,0,0,0.855775,1.20968,0,0,0,0,0,0,0,0,0,0,0,0,2,0.855775,1.20968,0,1,1,0,0,0,0,0,1.3492,-0.9114,1.2825,0,0,0,0,0,0,0,-0,0,1.74402,0,0,0,0,0,0,0,0,0,0,0,0,0,0,0,0,0,0,0,0,0,0,0,0,0,0,0,0,0
17.35,-0.0163504,0.00405398,0.00421962,-0.0312903,-0.00422583,0.00313191,3.03124,2.03088,-2.19438,0.00111858,-0.00488465,-0.0428361,-0.00102403,-0.00606005,-0.00183271,3,2,3.92699,0,0,0,0.0359596,0,0.0102719,0,0.0739292,0.00577513,0.101245,0.0191608,2,3,2,3.92699,0,0,0,0,0,0,0,0,0,0,1.5708,1.5708,0,1.5708,1.5708,0,0.0294971,-0.0339087,0.0481522,0,0,0,1.37456,1.48588,-0.917316,0.036514,-0.0227637,0.065517,0.00907103,-0.006612,0.0336974,1.75578,1.20968,0,0,0,0,0,0,0,0,0,0,0,0,2,1.75578,1.20968,0,0.344544,0.487027,3.7308e-15,0,0,0,0,0,0,0,0,0,0,0,0,0.855775,1.20968,0,0,0,0,0,0,0,0,0,0,0,0,2,0.855775,1.20968,0,1,1,0,0,0,0,0,1.2517,-0.993,1.2019,0,0,0,0,0,0,0.75553,-0.62407,3.39518,1.74402,0,0,0,0,1,0,0,0,0,0,0,0,0,0,0,0,0,0,0,0,0,0,0,0,0,0,0,0,0
17.35,-0.0161935,0.00518475,0.00373604,-0.0312903,-0.00422583,0.00313191,3.03134,2.03037,-2.19846,0.00105946,-0.00515814,-0.0408272,-0.000572744,-0.00493434,0.00652513,3,2,3.92699,0,0,0,0.0359596,0,0.0102719,0,0.0739292,0.00577513,0.101245,0.0191608,2,3,2,3.92699,0,0,0,0,0,0,0,0,0,0,1.5708,1.5708,0,1.5708,1.5708,0,0.0267289,-0.0340071,0.0438583,0,0,0,1.37825,1.48363,-0.909858,0.0368918,-0.0224683,0.0745746,0.00689488,-0.00276643,0.0538425,1.75578,1.20968,0,0,0,0,0,0,0,0,0,0,0,0,2,1.75578,1.20968,0,0.344544,0.487027,3.7308e-15,0,0,0,0,0,0,0,0,0,0,0,0,0.855775,1.20968,0,0,0,0,0,0,0,0,0,0,0,0,2,0.855775,1.20968,0,1,1,0,0,0,0,0,1.2517,-0.993,1.2019,0,0,0,0,0,0,0.75553,-0.62407,3.39518,1.74116,0,0,0,0,1,0,0,0,0,0,0,0,0,0,0,0,0,0,0,0,0,0,0,0,0,0,0,0,0
17.7,-0.0161935,0.00518475,0.00373604,-0.0313073,-0.00409804,0.00313191,3.03134,2.03037,-2.19846,0.00105946,-0.00515814,-0.0408272,-0.000572744,-0.00493434,0.00652513,3,2,3.92699,0,0,0,0.0321447,0,0.00194298,0,0.0644331,0.00484174,0.0960656,0.0196451,2,3,2,3.92699,0,0,0,0,0,0,0,0,0,0,1.5708,1.5708,0,1.5708,1.5708,0,0.0267289,-0.0340071,0.0438583,0,0,0,1.37825,1.48363,-0.909858,0.0368918,-0.0224683,0.0745746,0.00689488,-0.00276643,0.0538425,1.75578,1.20968,0,0,0,0,0,0,0,0,0,0,0,0,2,1.75578,1.20968,0,0.344544,0.487027,3.7308e-15,0,0,0,0,0,0,0,0,0,0,0,0,0.855775,1.20968,0,0,0,0,0,0,0,0,0,0,0,0,2,0.855775,1.20968,0,1,1,0,0,0,0,0,1.2517,-0.993,1.2019,0,0,0,0,0,0,0.75553,-0.62407,3.39518,1.74116,0,0,0,0,1,0,0,0,0,0,0,0,0,0,0,0,0,0,0,0,0,0,0,0,0,0,0,0,0
17.75,-0.0145275,0.00435514,0.00472422,-0.0313073,-0.00409804,0.00313191,3.0314,2.02988,-2.2027,0.000559191,-0.00485446,-0.0424086,-0.00228283,-0.00159178,-0.00122554,3,2,3.92699,0,0,0,0.0321447,0,0.00194298,0,0.0644331,0.00484174,0.0960656,0.0196451,2,3,2,3.92699,0,0,0,0,0,0,0,0,0,0,1.5708,1.5708,0,1.5708,1.5708,0,0.0189928,-0.0218413,0.0439722,0,0,0,1.38212,1.48106,-0.902576,0.0387112,-0.025746,0.0728351,0.0110761,-0.0142132,0.0280299,1.75578,1.20968,0,0,0,0,0,0,0,0,0,0,0,0,2,1.75578,1.20968,0,0.344544,0.487027,3.7308e-15,0,0,0,0,0,0,0,0,0,0,0,0,0.855775,1.20968,0,0,0,0,0,0,0,0,0,0,0,0,2,0.855775,1.20968,0,1,1,0,0,0,0,0,1.2517,-0.993,1.2019,0,0,0,0,0,0,0.75553,-0.62407,3.39518,1.73819,0,0,0,0,1,0,0,0,0,0,0,0,0,0,0,0,0,0,0,0,0,0,0,0,0,0,0,0,0
17.8,-0.0145275,0.00435514,0.00472422,-0.0289471,0.0103047,0.00457738,3.0314,2.02988,-2.2027,0.000559191,-0.00485446,-0.0424086,-0.00228283,-0.00159178,-0.00122554,3,2,3.92699,0,0,0,0.0463163,0,0.0213306,0,0.077409,0.00421657,0.104228,0.0177174,2,3,2,3.92699,0,0,0,0,0,0,0,0,0,0,1.5708,1.5708,0,1.5708,1.5708,0,0.0189928,-0.0218413,0.0439722,0,0,0,1.38212,1.48106,-0.902576,0.0387112,-0.025746,0.0728351,0.0110761,-0.0142132,0.0280299,1.75578,1.20968,0,0,0,0,0,0,0,0,0,0,0,0,2,1.75578,1.20968,0,0.344544,0.487027,3.7308e-15,0,0,0,0,0,0,0,0,0,0,0,0,0.855775,1.20968,0,0,0,0,0,0,0,0,0,0,0,0,2,0.855775,1.20968,0,1,1,0,0,0,0,0,1.3308,-0.8969,1.3001,0,0,0,0,0,0,0,-0,0,1.73819,0,0,0,0,0,0,0,0,0,0,0,0,0,0,0,0,0,0,0,0,0,0,0,0,0,0,0,0,0
17.85,-0.0135323,0.00286304,0.0038727,-0.0289471,0.0103047,0.00457738,3.03142,2.02945,-2.20665,0.000261233,-0.00436039,-0.0395206,-0.00279231,0.00146756,0.00972729,3,2,3.92699,0,0,0,0.0463163,0,0.0213306,0,0.077409,0.00421657,0.104228,0.0177174,2,3,2,3.92699,0,0,0,0,0,0,0,0,0,0,1.5708,1.5708,0,1.5708,1.5708,0,0.0161341,-0.0218784,0.0410255,0,0,0,1.38603,1.47851,-0.894725,0.0390896,-0.0254335,0.0785034,0.00875427,-0.00885168,0.0360353,1.75578,1.20968,0,0,0,0,0,0,0,0,0,0,0,0,2,1.75578,1.20968,0,0.344544,0.487027,3.7308e-15,0,0,0,0,0,0,0,0,0,0,0,0,0.855775,1.20968,0,0,0,0,0,0,0,0,0,0,0,0,2,0.855775,1.20968,0,1,1,0,0,0,0,0,1.3308,-0.8969,1.3001,0,0,0,0,0,0,0,-0,0,1.73518,0,0,0,0,0,0,0,0,0,0,0,0,0,0,0,0,0,0,0,0,0,0,0,0,0,0,0,0,0
17.9,-0.0135323,0.00286304,0.0038727,-0.0289062,0.010419,0.00457738,3.03142,2.02945,-2.20665,0.000261233,-0.00436039,-0.0395206,-0.00279231,0.00146756,0.00972729,3,2,3.92699,0,0,0,0.0332954,0,0.0148994,0,0.0680843,0.00529496,0.0879822,0.0155307,2,3,2,3.92699,0,0,0,0,0,0,0,0,0,0,1.5708,1.5708,0,1.5708,1.5708,0,0.0161341,-0.0218784,0.0410255,0,0,0,1.38603,1.47851,-0.894725,0.0390896,-0.0254335,0.0785034,0.00875427,-0.00885168,0.0360353,1.75578,1.20968,0,0,0,0,0,0,0,0,0,0,0,0,2,1.75578,1.20968,0,0.344544,0.487027,3.7308e-15,0,0,0,0,0,0,0,0,0,0,0,0,0.855775,1.20968,0,0,0,0,0,0,0,0,0,0,0,0,2,0.855775,1.20968,0,1,1,0,0,0,0,0,1.3308,-0.8969,1.3001,0,0,0,0,0,0,0,-0,0,1.73518,0,0,0,0,0,0,0,0,0,0,0,0,0,0,0,0,0,0,0,0,0,0,0,0,0,0,0,0,0
17.95,-0.0131842,0.00260452,0.00359344,-0.0289062,0.010419,0.00457738,3.03144,2.02902,-2.21046,0.000156247,-0.00423331,-0.0380698,-0.00216516,0.00180405,0.0131285,3,2,3.92699,0,0,0,0.0332954,0,0.0148994,0,0.0680843,0.00529496,0.0879822,0.0155307,2,3,2,3.92699,0,0,0,0,0,0,0,0,0,0,1.5708,1.5708,0,1.5708,1.5708,0,0.0163547,-0.0196908,0.0367089,0,0,0,1.38989,1.47594,-0.885989,0.0385673,-0.0257722,0.0873608,0.00284665,-0.00593679,0.0580957,1.75578,1.20968,0,0,0,0,0,0,0,0,0,0,0,0,2,1.75578,1.20968,0,0.344544,0.487027,3.7308e-15,0,0,0,0,0,0,0,0,0,0,0,0,0.855775,1.20968,0,0,0,0,0,0,0,0,0,0,0,0,2,0.855775,1.20968,0,1,1,0,0,0,0,0,1.3308,-0.8969,1.3001,0,0,0,0,0,0,0,-0,0,1.73222,0,0,0,0,0,0,0,0,0,0,0,0,0,0,0,0,0,0,0,0,0,0,0,0,0,0,0,0,0
18.05,-0.0131842,0.00260452,0.00359344,-0.0288663,0.010529,0.00457738,3.03144,2.02902,-2.21046,0.000156247,-0.00423331,-0.0380698,-0.00216516,0.00180405,0.0131285,3,2,3.92699,0,0,0,0.0293742,0,0.0124222,0,0.0640273,0.00557138,0.082363,0.0149355,2,3,2,3.92699,0,0,0,0,0,0,0,0,0,0,1.5708,1.5708,0,1.5708,1.5708,0,0.0163547,-0.0196908,0.0367089,0,0,0,1.38989,1.47594,-0.885989,0.0385673,-0.0257722,0.0873608,0.00284665,-0.00593679,0.0580957,1.75578,1.20968,0,0,0,0,0,0,0,0,0,0,0,0,2,1.75578,1.20968,0,0.344544,0.487027,3.7308e-15,0,0,0,0,0,0,0,0,0,0,0,0,0.855775,1.20968,0,0,0,0,0,0,0,0,0,0,0,0,2,0.855775,1.20968,0,1,1,0,0,0,0,0,1.2551,-0.9551,1.2456,0,0,0,0,0,0,0,-0,0,1.73222,0,0,0,0,0,0,0,0,0,0,0,0,0,0,0,0,0,0,0,0,0,0,0,0,0,0,0,0,0
18.1,-0.0116391,0.00246815,0.00256664,-0.0288663,0.010529,0.00457738,3.03141,2.02861,-2.21394,-0.000297971,-0.0041435,-0.0348445,-0.00303021,0.0014903,0.0212544,3,2,3.92699,0,0,0,0.0293742,0,0.0124222,0,0.0640273,0.00557138,0.082363,0.0149355,2,3,2,3.92699,0,0,0,0,0,0,0,0,0,0,1.5708,1.5708,0,1.5708,1.5708,0,0.0103838,-0.00905059,0.0346169,0,0,0,1.39387,1.47308,-0.876924,0.0398535,-0.0285672,0.0906851,0.00602537,-0.0143227,0.0511022,1.75578,1.20968,0,0,0,0,0,0,0,0,0,0,0,0,2,1.75578,1.20968,0,0.344544,0.487027,3.7308e-15,0,0,0,0,0,0,0,0,0,0,0,0,0.855775,1.20968,0,0,0,0,0,0,0,0,0,0,0,0,2,0.855775,1.20968,0,1,1,0,0,0,0,0,1.2551,-0.9551,1.2456,0,0,0,0,0,0,0,-0,0,1.7292,0,0,0,0,0,0,0,0,0,0,0,0,0,0,0,0,0,0,0,0,0,0,0,0,0,0,0,0,0
18.15,-0.0116391,0.00246815,0.00256664,-0.0227886,0.000119492,0.00226209,3.03141,2.02861,-2.21394,-0.000297971,-0.0041435,-0.0348445,-0.00303021,0.0014903,0.0212544,3,2,3.92699,0,0,0,0.0181494,0,0.0023644,0,0.0480392,0.00498564,0.0648048,0.0131152,2,3,2,3.92699,0,0,0,0,0,0,0,0,0,0,1.5708,1.5708,0,1.5708,1.5708,0,0.0103838,-0.00905059,0.0346169,0,0,0,1.39387,1.47308,-0.876924,0.0398535,-0.0285672,0.0906851,0.00602537,-0.0143227,0.0511022,1.75578,1.20968,0,0,0,0,0,0,0,0,0,0,0,0,2,1.75578,1.20968,0,0.344544,0.487027,3.7308e-15,0,0,0,0,0,0,0,0,0,0,0,0,0.855775,1.20968,0,0,0,0,0,0,0,0,0,0,0,0,2,0.855775,1.20968,0,1,1,0,0,0,0,0,1.2551,-0.9551,1.2456,0,0,0,0,0,0,0,-0,0,1.7292,0,0,0,0,0,0,0,0,0,0,0,0,0,0,0,0,0,0,0,0,0,0,0,0,0,0,0,0,0
18.2,-0.011678,-0.00191973,0.00243518,-0.0227886,0.000119492,0.00226209,3.03138,2.02833,-2.21733,-0.000283071,-0.00280996,-0.033842,-0.00187735,0.00617395,0.0178056,3,2,3.92699,0,0,0,0.0181494,0,0.0023644,0,0.0480392,0.00498564,0.0648048,0.0131152,2,3,2,3.92699,0,0,0,0,0,0,0,0,0,0,1.5708,1.5708,0,1.5708,1.5708,0,0.00795744,-0.00811863,0.0337101,0,0,0,1.39789,1.47023,-0.867811,0.0400924,-0.0285036,0.0910872,0.00507166,-0.00952911,0.031498,1.75578,1.20968,0,0,0,0,0,0,0,0,0,0,0,0,2,1.75578,1.20968,0,0.344544,0.487027,3.7308e-15,0,0,0,0,0,0,0,0,0,0,0,0,0.855775,1.20968,0,0,0,0,0,0,0,0,0,0,0,0,2,0.855775,1.20968,0,1,1,0,0,0,0,0,1.2551,-0.9551,1.2456,0,0,0,0,0,0,0,-0,0,1.72621,0,0,0,0,0,0,0,0,0,0,0,0,0,0,0,0,0,0,0,0,0,0,0,0,0,0,0,0,0
18.25,-0.011678,-0.00191973,0.00243518,-0.0227881,0.000196649,0.00226209,3.03138,2.02833,-2.21733,-0.000283071,-0.00280996,-0.033842,-0.00187735,0.00617395,0.0178056,3,2,3.92699,0,0,0,0.00659529,0,0.00890435,0,0.0573314,0.00914179,0.0559694,0.0100473,2,3,2,3.92699,0,0,0,0,0,0,0,0,0,0,1.5708,1.5708,0,1.5708,1.5708,0,0.00795744,-0.00811863,0.0337101,0,0,0,1.39789,1.47023,-0.867811,0.0400924,-0.0285036,0.0910872,0.00507166,-0.00952911,0.031498,1.75578,1.20968,0,0,0,0,0,0,0,0,0,0,0,0,2,1.75578,1.20968,0,0.344544,0.487027,3.7308e-15,0,0,0,0,0,0,0,0,0,0,0,0,0.855775,1.20968,0,0,0,0,0,0,0,0,0,0,0,0,2,0.855775,1.20968,0,1,1,0,0,0,0,0,1.4226,-0.7699,1.4358,0,0,0,0,0,0,0,-0,0,1.72621,0,0,0,0,0,0,0,0,0,0,0,0,0,0,0,0,0,0,0,0,0,0,0,0,0,0,0,0,0
18.3,-0.0120996,-0.00336332,0.00208492,-0.0227881,0.000196649,0.00226209,3.03137,2.02809,-2.22056,-0.000156295,-0.0023542,-0.0323318,-0.000464027,0.00616869,0.0163334,3,2,3.92699,0,0,0,0.00659529,0,0.00890435,0,0.0573314,0.00914179,0.0559694,0.0100473,2,3,2,3.92699,0,0,0,0,0,0,0,0,0,0,1.5708,1.5708,0,1.5708,1.5708,0,0.005942,-0.00885667,0.0317256,0,0,0,1.40191,1.46743,-0.858406,0.0402094,-0.0279549,0.0940791,0.00329577,-0.00281803,0.0280145,1.75578,1.20968,0,0,0,0,0,0,0,0,0,0,0,0,2,1.75578,1.20968,0,0.344544,0.487027,3.7308e-15,0,0,0,0,0,0,0,0,0,0,0,0,0.855775,1.20968,0,0,0,0,0,0,0,0,0,0,0,0,2,0.855775,1.20968,0,1,1,0,0,0,0,0,1.4226,-0.7699,1.4358,0,0,0,0,0,0,0,-0,0,1.72322,0,0,0,0,0,0,0,0,0,0,0,0,0,0,0,0,0,0,0,0,0,0,0,0,0,0,0,0,0
18.35,-0.0120996,-0.00336332,0.00208492,-0.0227873,0.000270304,0.00226209,3.03137,2.02809,-2.22056,-0.000156295,-0.0023542,-0.0323318,-0.000464027,0.00616869,0.0163334,3,2,3.92699,0,0,0,0,0,0.00591756,0,0.0576692,0.0116059,0.0497842,0.00930199,2,3,2,3.92699,0,0,0,0,0,0,0,0,0,0,1.5708,1.5708,0,1.5708,1.5708,0,0.005942,-0.00885667,0.0317256,0,0,0,1.40191,1.46743,-0.858406,0.0402094,-0.0279549,0.0940791,0.00329577,-0.00281803,0.0280145,1.75578,1.20968,0,0,0,0,0,0,0,0,0,0,0,0,2,1.75578,1.20968,0,0.344544,0.487027,3.7308e-15,0,0,0,0,0,0,0,0,0,0,0,0,0.855775,1.20968,0,0,0,0,0,0,0,0,0,0,0,0,2,0.855775,1.20968,0,1,1,0,0,0,0,0,1.4226,-0.7699,1.4358,0,0,0,0,0,0,0,-0,0,1.72322,0,0,0,0,0,0,0,0,0,0,0,0,0,0,0,0,0,0,0,0,0,0,0,0,0,0,0,0,0
18.4,-0.011226,-0.00307771,0.00224098,-0.0227873,0.000270304,0.00226209,3.03133,2.02785,-2.22377,-0.000410226,-0.00241008,-0.0320728,-0.00110226,0.0034771,0.0106046,3,2,3.92699,0,0,0,0,0,0.00591756,0,0.0576692,0.0116059,0.0497842,0.00930199,2,3,2,3.92699,0,0,0,0,0,0,0,0,0,0,1.5708,1.5708,0,1.5708,1.5708,0,0.000598028,-0.00526363,0.0297414,0,0,0,1.40603,1.46457,-0.848706,0.0412937,-0.0286731,0.0970112,0.00611865,-0.00368722,0.0281763,1.75578,1.20968,0,0,0,0,0,0,0,0,0,0,0,0,2,1.75578,1.20968,0,0.344544,0.487027,3.7308e-15,0,0,0,0,0,0,0,0,0,0,0,0,0.855775,1.20968,0,0,0,0,0,0,0,0,0,0,0,0,2,0.855775,1.20968,0,1,1,0,0,0,0,0,1.4226,-0.7699,1.4358,0,0,0,0,0,0,0,-0,0,1.72013,0,0,0,0,0,0,0,0,0,0,0,0,0,0,0,0,0,0,0,0,0,0,0,0,0,0,0,0,0
18.45,-0.011226,-0.00307771,0.00224098,-0.0210641,-0.00414906,0.00210839,3.03133,2.02785,-2.22377,-0.000410226,-0.00241008,-0.0320728,-0.00110226,0.0034771,0.0106046,3,2,3.92699,0,0,0,0.00218475,0,0.00972635,0,0.0569664,0.0100072,0.0503011,0.00870645,2,3,2,3.92699,0,0,0,0,0,0,0,0,0,0,1.5708,1.5708,0,1.5708,1.5708,0,0.000598028,-0.00526363,0.0297414,0,0,0,1.40603,1.46457,-0.848706,0.0412937,-0.0286731,0.0970112,0.00611865,-0.00368722,0.0281763,1.75578,1.20968,0,0,0,0,0,0,0,0,0,0,0,0,2,1.75578,1.20968,0,0.344544,0.487027,3.7308e-15,0,0,0,0,0,0,0,0,0,0,0,0,0.855775,1.20968,0,0,0,0,0,0,0,0,0,0,0,0,2,0.855775,1.20968,0,1,1,0,0,0,0,0,1.338,-0.8365,1.3751,0,0,0,0,0,0,0,-0,0,1.72013,0,0,0,0,0,0,0,0,0,0,0,0,0,0,0,0,0,0,0,0,0,0,0,0,0,0,0,0,0
18.5,-0.0119186,-0.00466686,0.00141333,-0.0210641,-0.00414906,0.00210839,3.03131,2.02766,-2.22671,-0.000202626,-0.0019164,-0.0294455,8.11737e-05,0.00369577,0.0160856,3,2,3.92699,0,0,0,0.00218475,0,0.00972635,0,0.0569664,0.0100072,0.0503011,0.00870645,2,3,2,3.92699,0,0,0,0,0,0,0,0,0,0,1.5708,1.5708,0,1.5708,1.5708,0,-0.00864018,0.00103541,0.0266203,0,0,0,1.41038,1.46155,-0.838443,0.0434986,-0.0301705,0.102625,0.0128728,-0.00831913,0.0393855,1.75578,1.20968,0,0,0,0,0,0,0,0,0,0,0,0,2,1.75578,1.20968,0,0.344544,0.487027,3.7308e-15,0,0,0,0,0,0,0,0,0,0,0,0,0.855775,1.20968,0,0,0,0,0,0,0,0,0,0,0,0,2,0.855775,1.20968,0,1,1,0,0,0,0,0,1.338,-0.8365,1.3751,0,0,0,0,0,0,0,-0,0,1.71694,0,0,0,0,0,0,0,0,0,0,0,0,0,0,0,0,0,0,0,0,0,0,0,0,0,0,0,0,0
18.55,-0.0119186,-0.00466686,0.00141333,-0.0210762,-0.00408701,0.00210839,3.03131,2.02766,-2.22671,-0.000202626,-0.0019164,-0.0294455,8.11737e-05,0.00369577,0.0160856,3,2,3.92699,0,0,0,0,0,9.59414e-08,0,0.0567264,0.0195487,0.0383137,0.00809856,2,3,2,3.92699,0,0,0,0,0,0,0,0,0,0,1.5708,1.5708,0,1.5708,1.5708,0,-0.00864018,0.00103541,0.0266203,0,0,0,1.41038,1.46155,-0.838443,0.0434986,-0.0301705,0.102625,0.0128728,-0.00831913,0.0393855,1.75578,1.20968,0,0,0,0,0,0,0,0,0,0,0,0,2,1.75578,1.20968,0,0.344544,0.487027,3.7308e-15,0,0,0,0,0,0,0,0,0,0,0,0,0.855775,1.20968,0,0,0,0,0,0,0,0,0,0,0,0,2,0.855775,1.20968,0,1,1,0,0,0,0,0,1.338,-0.8365,1.3751,0,0,0,0,0,0,0,-0,0,1.71694,0,0,0,0,0,0,0,0,0,0,0,0,0,0,0,0,0,0,0,0,0,0,0,0,0,0,0,0,0
18.55,-0.0109099,-0.00339749,0.00217584,-0.0210762,-0.00408701,0.00210839,3.03126,2.02743,-2.22978,-0.000495569,-0.00226546,-0.030706,-0.000961549,0.000854414,0.00537163,3,2,3.92699,0,0,0,0,0,9.59414e-08,0,0.0567264,0.0195487,0.0383137,0.00809856,2,3,2,3.92699,0,0,0,0,0,0,0,0,0,0,1.5708,1.5708,0,1.5708,1.5708,0,-0.0116463,-0.00593406,0.0235605,0,0,0,1.41477,1.45877,-0.827645,0.0438638,-0.0277884,0.10798,0.0100907,0.00390468,0.0465352,1.75578,1.20968,0,0,0,0,0,0,0,0,0,0,0,0,2,1.75578,1.20968,0,0.344544,0.487027,3.7308e-15,0,0,0,0,0,0,0,0,0,0,0,0,0.855775,1.20968,0,0,0,0,0,0,0,0,0,0,0,0,2,0.855775,1.20968,0,1,1,0,0,0,0,0,1.338,-0.8365,1.3751,0,0,0,0,0,0,0,-0,0,1.71359,0,0,0,0,0,0,0,0,0,0,0,0,0,0,0,0,0,0,0,0,0,0,0,0,0,0,0,0,0
18.55,-0.0109099,-0.00339749,0.00217584,-0.0210887,-0.00402227,0.00210839,3.03126,2.02743,-2.22978,-0.000495569,-0.00226546,-0.030706,-0.000961549,0.000854414,0.00537163,3,2,3.92699,0,0,0,0.00110406,0,0.0103841,0,0.0564659,0.0101449,0.0480388,0.0081112,2,3,2,3.92699,0,0,0,0,0,0,0,0,0,0,1.5708,1.5708,0,1.5708,1.5708,0,-0.0116463,-0.00593406,0.0235605,0,0,0,1.41477,1.45877,-0.827645,0.0438638,-0.0277884,0.10798,0.0100907,0.00390468,0.0465352,1.75578,1.20968,0,0,0,0,0,0,0,0,0,0,0,0,2,1.75578,1.20968,0,0.344544,0.487027,3.7308e-15,0,0,0,0,0,0,0,0,0,0,0,0,0.855775,1.20968,0,0,0,0,0,0,0,0,0,0,0,0,2,0.855775,1.20968,0,1,1,0,0,0,0,0,1.3387,-0.8169,1.4021,0,0,0,0,0,0,0,-0,0,1.71359,0,0,0,0,0,0,0,0,0,0,0,0,0,0,0,0,0,0,0,0,0,0,0,0,0,0,0,0,0
18.6,-0.0111815,-0.00463095,0.00155651,-0.0210887,-0.00402227,0.00210839,3.03121,2.02725,-2.23264,-0.000410196,-0.00187763,-0.0286083,-0.000377199,0.00167873,0.0101651,3,2,3.92699,0,0,0,0.00110406,0,0.0103841,0,0.0564659,0.0101449,0.0480388,0.0081112,2,3,2,3.92699,0,0,0,0,0,0,0,0,0,0,1.5708,1.5708,0,1.5708,1.5708,0,-0.0109392,-0.00762534,0.0217892,0,0,0,1.41908,1.45607,-0.816633,0.043144,-0.0269705,0.110126,0.00279433,0.00727417,0.0374547,1.75578,1.20968,0,0,0,0,0,0,0,0,0,0,0,0,2,1.75578,1.20968,0,0.344544,0.487027,3.7308e-15,0,0,0,0,0,0,0,0,0,0,0,0,0.855775,1.20968,0,0,0,0,0,0,0,0,0,0,0,0,2,0.855775,1.20968,0,1,1,0,0,0,0,0,1.3387,-0.8169,1.4021,0,0,0,0,0,0,0,-0,0,1.71032,0,0,0,0,0,0,0,0,0,0,0,0,0,0,0,0,0,0,0,0,0,0,0,0,0,0,0,0,0
18.65,-0.0111815,-0.00463095,0.00155651,-0.0211001,-0.00396193,0.00210839,3.03121,2.02725,-2.23264,-0.000410196,-0.00187763,-0.0286083,-0.000377199,0.00167873,0.0101651,3,2,3.92699,0,0,0,0,0,0.00366396,0,0.0566952,0.0165408,0.0384134,0.0073233,2,3,2,3.92699,0,0,0,0,0,0,0,0,0,0,1.5708,1.5708,0,1.5708,1.5708,0,-0.0109392,-0.00762534,0.0217892,0,0,0,1.41908,1.45607,-0.816633,0.043144,-0.0269705,0.110126,0.00279433,0.00727417,0.0374547,1.75578,1.20968,0,0,0,0,0,0,0,0,0,0,0,0,2,1.75578,1.20968,0,0.344544,0.487027,3.7308e-15,0,0,0,0,0,0,0,0,0,0,0,0,0.855775,1.20968,0,0,0,0,0,0,0,0,0,0,0,0,2,0.855775,1.20968,0,1,1,0,0,0,0,0,1.3387,-0.8169,1.4021,0,0,0,0,0,0,0,-0,0,1.71032,0,0,0,0,0,0,0,0,0,0,0,0,0,0,0,0,0,0,0,0,0,0,0,0,0,0,0,0,0
18.7,-0.0107148,-0.00573997,0.00122936,-0.0211001,-0.00396193,0.00210839,3.03116,2.02709,-2.23537,-0.000542004,-0.00153079,-0.0272566,-0.000674208,0.00250474,0.0121436,3,2,3.92699,0,0,0,0,0,0.00366396,0,0.0566952,0.0165408,0.0384134,0.0073233,2,3,2,3.92699,0,0,0,0,0,0,0,0,0,0,1.5708,1.5708,0,1.5708,1.5708,0,-0.00966932,-0.00340163,0.0217187,0,0,0,1.42331,1.45329,-0.80582,0.0422689,-0.0278838,0.108132,-0.00279129,0.0011647,0.0133316,1.75578,1.20968,0,0,0,0,0,0,0,0,0,0,0,0,2,1.75578,1.20968,0,0.344544,0.487027,3.7308e-15,0,0,0,0,0,0,0,0,0,0,0,0,0.855775,1.20968,0,0,0,0,0,0,0,0,0,0,0,0,2,0.855775,1.20968,0,1,1,0,0,0,0,0,1.3387,-0.8169,1.4021,0,0,0,0,0,0,0,-0,0,1.70717,0,0,0,0,0,0,0,0,0,0,0,0,0,0,0,0,0,0,0,0,0,0,0,0,0,0,0,0,0
18.75,-0.0107148,-0.00573997,0.00122936,-0.00959644,-0.0122488,0.000986846,3.03116,2.02709,-2.23537,-0.000542004,-0.00153079,-0.0272566,-0.000674208,0.00250474,0.0121436,3,2,3.92699,0,0,0,0,0,0.00252088,0,0.0550809,0.0223006,0.0309933,0.00599723,2,3,2,3.92699,0,0,0,0,0,0,0,0,0,0,1.5708,1.5708,0,1.5708,1.5708,0,-0.00966932,-0.00340163,0.0217187,0,0,0,1.42331,1.45329,-0.80582,0.0422689,-0.0278838,0.108132,-0.00279129,0.0011647,0.0133316,1.75578,1.20968,0,0,0,0,0,0,0,0,0,0,0,0,2,1.75578,1.20968,0,0.344544,0.487027,3.7308e-15,0,0,0,0,0,0,0,0,0,0,0,0,0.855775,1.20968,0,0,0,0,0,0,0,0,0,0,0,0,2,0.855775,1.20968,0,1,1,0,0,0,0,0,1.2978,-0.8391,1.3886,0,0,0,0,0,0,0,-0,0,1.70717,0,0,0,0,0,0,0,0,0,0,0,0,0,0,0,0,0,0,0,0,0,0,0,0,0,0,0,0,0
18.8,-0.0108096,-0.00483552,0.00159296,-0.00959644,-0.0122488,0.000986846,3.03111,2.02692,-2.23813,-0.000507874,-0.00177756,-0.0275979,-0.000308538,0.00063019,0.00620239,3,2,3.92699,0,0,0,0,0,0.00252088,0,0.0550809,0.0223006,0.0309933,0.00599723,2,3,2,3.92699,0,0,0,0,0,0,0,0,0,0,1.5708,1.5708,0,1.5708,1.5708,0,-0.00590769,-0.0055956,0.0205579,0,0,0,1.42738,1.45059,-0.794941,0.0406788,-0.0269185,0.108804,-0.00879633,0.00373636,0.00739837,1.75578,1.20968,0,0,0,0,0,0,0,0,0,0,0,0,2,1.75578,1.20968,0,0.344544,0.487027,3.7308e-15,0,0,0,0,0,0,0,0,0,0,0,0,0.855775,1.20968,0,0,0,0,0,0,0,0,0,0,0,0,2,0.855775,1.20968,0,1,1,0,0,0,0,0,1.2978,-0.8391,1.3886,0,0,0,0,0,0,0,-0,0,1.70414,0,0,0,0,0,0,0,0,0,0,0,0,0,0,0,0,0,0,0,0,0,0,0,0,0,0,0,0,0
18.85,-0.0108096,-0.00483552,0.00159296,-0.00963021,-0.0122223,0.000986846,3.03111,2.02692,-2.23813,-0.000507874,-0.00177756,-0.0275979,-0.000308538,0.00063019,0.00620239,3,2,3.92699,0,0,0,0,0,0.00564494,0,0.0568382,0.0161647,0.037578,0.00677455,2,3,2,3.92699,0,0,0,0,0,0,0,0,0,0,1.5708,1.5708,0,1.5708,1.5708,0,-0.00590769,-0.0055956,0.0205579,0,0,0,1.42738,1.45059,-0.794941,0.0406788,-0.0269185,0.108804,-0.00879633,0.00373636,0.00739837,1.75578,1.20968,0,0,0,0,0,0,0,0,0,0,0,0,2,1.75578,1.20968,0,0.344544,0.487027,3.7308e-15,0,0,0,0,0,0,0,0,0,0,0,0,0.855775,1.20968,0,0,0,0,0,0,0,0,0,0,0,0,2,0.855775,1.20968,0,1,1,0,0,0,0,0,1.2978,-0.8391,1.3886,0,0,0,0,0,0,0,-0,0,1.70414,0,0,0,0,0,0,0,0,0,0,0,0,0,0,0,0,0,0,0,0,0,0,0,0,0,0,0,0,0
18.9,-0.00992173,-0.00445109,0.00132882,-0.00963021,-0.0122223,0.000986846,3.03103,2.02673,-2.24077,-0.000761828,-0.00186917,-0.0264182,-0.00115055,-0.000241531,0.00763093,3,2,3.92699,0,0,0,0,0,0.00564494,0,0.0568382,0.0161647,0.037578,0.00677455,2,3,2,3.92699,0,0,0,0,0,0,0,0,0,0,1.5708,1.5708,0,1.5708,1.5708,0,-0.000619094,-0.0085282,0.0201806,0,0,0,1.43124,1.44802,-0.784185,0.0386628,-0.0257496,0.107576,-0.0141454,0.00725957,-0.00125735,1.75578,1.20968,0,0,0,0,0,0,0,0,0,0,0,0,2,1.75578,1.20968,0,0.344544,0.487027,3.7308e-15,0,0,0,0,0,0,0,0,0,0,0,0,0.855775,1.20968,0,0,0,0,0,0,0,0,0,0,0,0,2,0.855775,1.20968,0,1,1,0,0,0,0,0,1.2978,-0.8391,1.3886,0,0,0,0,0,0,0,-0,0,1.70124,0,0,0,0,0,0,0,0,0,0,0,0,0,0,0,0,0,0,0,0,0,0,0,0,0,0,0,0,0
18.95,-0.00992173,-0.00445109,0.00132882,-0.00966246,-0.0121968,0.000986846,3.03103,2.02673,-2.24077,-0.000761828,-0.00186917,-0.0264182,-0.00115055,-0.000241531,0.00763093,3,2,3.92699,0,0,0,0,0,0.00343595,0,0.0511711,0.0159422,0.0325817,0.00615546,2,3,2,3.92699,0,0,0,0,0,0,0,0,0,0,1.5708,1.5708,0,1.5708,1.5708,0,-0.000619094,-0.0085282,0.0201806,0,0,0,1.43124,1.44802,-0.784185,0.0386628,-0.0257496,0.107576,-0.0141454,0.00725957,-0.00125735,1.75578,1.20968,0,0,0,0,0,0,0,0,0,0,0,0,2,1.75578,1.20968,0,0.344544,0.487027,3.7308e-15,0,0,0,0,0,0,0,0,0,0,0,0,0.855775,1.20968,0,0,0,0,0,0,0,0,0,0,0,0,2,0.855775,1.20968,0,1,1,0,0,0,0,0,1.3385,-0.7806,1.4566,0,0,0,0,0,0,0,-0,0,1.70124,0,0,0,0,0,0,0,0,0,0,0,0,0,0,0,0,0,0,0,0,0,0,0,0,0,0,0,0,0
19,-0.0104749,-0.00514335,0.00068674,-0.00897658,-0.011331,0.000916796,3.03097,2.02656,-2.24321,-0.000590882,-0.00164446,-0.0243498,-0.000121877,0.000634667,0.0130379,3,2,3.92699,0,0,0,0,0,0.00343595,0,0.0511711,0.0159422,0.0325817,0.00615546,2,3,2,3.92699,0,0,0,0,0,0,0,0,0,0,1.5708,1.5708,0,1.5708,1.5708,0,-0.00669169,-9.20599e-05,0.0221023,0,0,0,1.43524,1.44523,-0.774103,0.0399773,-0.0279033,0.100832,-0.00396247,-0.00377168,-0.0288619,1.75578,1.20968,0,0,0,0,0,0,0,0,0,0,0,0,2,1.75578,1.20968,0,0.344544,0.487027,3.7308e-15,0,0,0,0,0,0,0,0,0,0,0,0,0.855775,1.20968,0,0,0,0,0,0,0,0,0,0,0,0,2,0.855775,1.20968,0,1,1,0,0,0,0,0,1.3385,-0.7806,1.4566,0,0,0,0,0,0,0,-0,0,1.69833,0,0,0,0,0,0,0,0,0,0,0,0,0,0,0,0,0,0,0,0,0,0,0,0,0,0,0,0,0
19.05,-0.0104749,-0.00514335,0.00068674,-0.00900414,-0.0113091,0.000916796,3.03097,2.02656,-2.24321,-0.000590882,-0.00164446,-0.0243498,-0.000121877,0.000634667,0.0130379,3,2,3.92699,0,0,0,0,0,0,0,0.045733,0.0276277,0.0261185,0.00862121,2,3,2,3.92699,0,0,0,0,0,0,0,0,0,0,1.5708,1.5708,0,1.5708,1.5708,0,-0.00669169,-9.20599e-05,0.0221023,0,0,0,1.43524,1.44523,-0.774103,0.0399773,-0.0279033,0.100832,-0.00396247,-0.00377168,-0.0288619,1.75578,1.20968,0,0,0,0,0,0,0,0,0,0,0,0,2,1.75578,1.20968,0,0.344544,0.487027,3.7308e-15,0,0,0,0,0,0,0,0,0,0,0,0,0.855775,1.20968,0,0,0,0,0,0,0,0,0,0,0,0,2,0.855775,1.20968,0,1,1,0,0,0,0,0,1.3385,-0.7806,1.4566,0,0,0,0,0,0,0,-0,0,1.69833,0,0,0,0,0,0,0,0,0,0,0,0,0,0,0,0,0,0,0,0,0,0,0,0,0,0,0,0,0
19.1,-0.0102677,-0.00302996,0.00115377,-0.00900414,-0.0113091,0.000916796,3.03091,2.02634,-2.24571,-0.000644584,-0.00224384,-0.0249979,-0.000148495,-0.00189519,0.00597221,3,2,3.92699,0,0,0,0,0,0,0,0.045733,0.0276277,0.0261185,0.00862121,2,3,2,3.92699,0,0,0,0,0,0,0,0,0,0,1.5708,1.5708,0,1.5708,1.5708,0,-0.0117206,0.0022581,0.0172676,0,0,0,1.43934,1.4424,-0.763054,0.0409726,-0.0282604,0.110499,0.002975,-0.00518418,0.0175564,1.75578,1.20968,0,0,0,0,0,0,0,0,0,0,0,0,2,1.75578,1.20968,0,0.344544,0.487027,3.7308e-15,0,0,0,0,0,0,0,0,0,0,0,0,0.855775,1.20968,0,0,0,0,0,0,0,0,0,0,0,0,2,0.855775,1.20968,0,1,1,0,0,0,0,0,1.3385,-0.7806,1.4566,0,0,0,0,0,0,0,-0,0,1.69531,0,0,0,0,0,0,0,0,0,0,0,0,0,0,0,0,0,0,0,0,0,0,0,0,0,0,0,0,0
19.15,-0.0102677,-0.00302996,0.00115377,-0.00903238,-0.0112866,0.000916796,3.03091,2.02634,-2.24571,-0.000644584,-0.00224384,-0.0249979,-0.000148495,-0.00189519,0.00597221,3,2,3.92699,0,0,0,0,0,0,0,0.04558,0.0154911,0.034323,0.0084871,2,3,2,3.92699,0,0,0,0,0,0,0,0,0,0,1.5708,1.5708,0,1.5708,1.5708,0,-0.0117206,0.0022581,0.0172676,0,0,0,1.43934,1.4424,-0.763054,0.0409726,-0.0282604,0.110499,0.002975,-0.00518418,0.0175564,1.75578,1.20968,0,0,0,0,0,0,0,0,0,0,0,0,2,1.75578,1.20968,0,0.344544,0.487027,3.7308e-15,0,0,0,0,0,0,0,0,0,0,0,0,0.855775,1.20968,0,0,0,0,0,0,0,0,0,0,0,0,2,0.855775,1.20968,0,1,1,0,0,0,0,0,1.3382,-0.7633,1.4827,0,0,0,0,0,0,0,-0,0,1.69531,0,0,0,0,0,0,0,0,0,0,0,0,0,0,0,0,0,0,0,0,0,0,0,0,0,0,0,0,0
19.2,-0.00995826,-0.00108835,0.00128725,-0.00903238,-0.0112866,0.000916796,3.03084,2.02606,-2.24819,-0.000727594,-0.00278586,-0.0248284,-0.00042444,-0.00364614,0.00330725,3,2,3.92699,0,0,0,0,0,0,0,0.04558,0.0154911,0.034323,0.0084871,2,3,2,3.92699,0,0,0,0,0,0,0,0,0,0,1.5708,1.5708,0,1.5708,1.5708,0,-0.0104165,0.00193979,0.0158063,0,0,0,1.44335,1.43962,-0.75187,0.0401129,-0.0278366,0.111849,-0.000710501,-0.00161017,0.022215,1.75578,1.20968,0,0,0,0,0,0,0,0,0,0,0,0,2,1.75578,1.20968,0,0.344544,0.487027,3.7308e-15,0,0,0,0,0,0,0,0,0,0,0,0,0.855775,1.20968,0,0,0,0,0,0,0,0,0,0,0,0,2,0.855775,1.20968,0,1,1,0,0,0,0,0,1.3382,-0.7633,1.4827,0,0,0,0,0,0,0,-0,0,1.69234,0,0,0,0,0,0,0,0,0,0,0,0,0,0,0,0,0,0,0,0,0,0,0,0,0,0,0,0,0
19.25,-0.00995826,-0.00108835,0.00128725,-0.0156664,-0.00178445,0.00155977,3.03084,2.02606,-2.24819,-0.000727594,-0.00278586,-0.0248284,-0.00042444,-0.00364614,0.00330725,3,2,3.92699,0,0,0,0,0,0,0,0.03968,0.00974934,0.0392532,0.0101593,2,3,2,3.92699,0,0,0,0,0,0,0,0,0,0,1.5708,1.5708,0,1.5708,1.5708,0,-0.0104165,0.00193979,0.0158063,0,0,0,1.44335,1.43962,-0.75187,0.0401129,-0.0278366,0.111849,-0.000710501,-0.00161017,0.022215,1.75578,1.20968,0,0,0,0,0,0,0,0,0,0,0,0,2,1.75578,1.20968,0,0.344544,0.487027,3.7308e-15,0,0,0,0,0,0,0,0,0,0,0,0,0.855775,1.20968,0,0,0,0,0,0,0,0,0,0,0,0,2,0.855775,1.20968,0,1,1,0,0,0,0,0,1.3382,-0.7633,1.4827,0,0,0,0,0,0,0,-0,0,1.69234,0,0,0,0,0,0,0,0,0,0,0,0,0,0,0,0,0,0,0,0,0,0,0,0,0,0,0,0,0
19.3,-0.00919594,4.67955e-05,0.00107489,-0.0156664,-0.00178445,0.00155977,3.03074,2.02575,-2.25057,-0.000942208,-0.00308536,-0.0238279,-0.00115001,-0.00362393,0.00561437,3,2,3.92699,0,0,0,0,0,0,0,0.03968,0.00974934,0.0392532,0.0101593,2,3,2,3.92699,0,0,0,0,0,0,0,0,0,0,1.5708,1.5708,0,1.5708,1.5708,0,-0.0110815,0.000934866,0.0136983,0,0,0,1.44733,1.4369,-0.740395,0.0398363,-0.0272178,0.11473,-0.00201668,0.0019798,0.0255182,1.75578,1.20968,0,0,0,0,0,0,0,0,0,0,0,0,2,1.75578,1.20968,0,0.344544,0.487027,3.7308e-15,0,0,0,0,0,0,0,0,0,0,0,0,0.855775,1.20968,0,0,0,0,0,0,0,0,0,0,0,0,2,0.855775,1.20968,0,1,1,0,0,0,0,0,1.3382,-0.7633,1.4827,0,0,0,0,0,0,0,-0,0,1.68936,0,0,0,0,0,0,0,0,0,0,0,0,0,0,0,0,0,0,0,0,0,0,0,0,0,0,0,0,0
19.35,-0.00919594,4.67955e-05,0.00107489,-0.0156706,-0.00174711,0.00155977,3.03074,2.02575,-2.25057,-0.000942208,-0.00308536,-0.0238279,-0.00115001,-0.00362393,0.00561437,3,2,3.92699,0,0,0,0,0,0,0,0.0322492,0.00781202,0.0381419,0.0118312,2,3,2,3.92699,0,0,0,0,0,0,0,0,0,0,1.5708,1.5708,0,1.5708,1.5708,0,-0.0110815,0.000934866,0.0136983,0,0,0,1.44733,1.4369,-0.740395,0.0398363,-0.0272178,0.11473,-0.00201668,0.0019798,0.0255182,1.75578,1.20968,0,0,0,0,0,0,0,0,0,0,0,0,2,1.75578,1.20968,0,0.344544,0.487027,3.7308e-15,0,0,0,0,0,0,0,0,0,0,0,0,0.855775,1.20968,0,0,0,0,0,0,0,0,0,0,0,0,2,0.855775,1.20968,0,1,1,0,0,0,0,0,1.3371,-0.7466,1.5102,0,0,0,0,0,0,0,-0,0,1.68936,0,0,0,0,0,0,0,0,0,0,0,0,0,0,0,0,0,0,0,0,0,0,0,0,0,0,0,0,0
19.4,-0.00969041,0.000317412,0.00093927,-0.0156706,-0.00174711,0.00155977,3.03066,2.02544,-2.25287,-0.000786333,-0.00312824,-0.0230323,-0.000165028,-0.00234138,0.00688489,3,2,3.92699,0,0,0,0,0,0,0,0.0322492,0.00781202,0.0381419,0.0118312,2,3,2,3.92699,0,0,0,0,0,0,0,0,0,0,1.5708,1.5708,0,1.5708,1.5708,0,-0.0114867,0.00333427,0.0133386,0,0,0,1.45128,1.43414,-0.729063,0.0394876,-0.0275973,0.113343,-0.00281912,0.0001842,0.010119,1.75578,1.20968,0,0,0,0,0,0,0,0,0,0,0,0,2,1.75578,1.20968,0,0.344544,0.487027,3.7308e-15,0,0,0,0,0,0,0,0,0,0,0,0,0.855775,1.20968,0,0,0,0,0,0,0,0,0,0,0,0,2,0.855775,1.20968,0,1,1,0,0,0,0,0,1.3371,-0.7466,1.5102,0,0,0,0,0,0,0,-0,0,1.68644,0,0,0,0,0,0,0,0,0,0,0,0,0,0,0,0,0,0,0,0,0,0,0,0,0,0,0,0,0
19.45,-0.00969041,0.000317412,0.00093927,-0.0156746,-0.00171102,0.00155977,3.03066,2.02544,-2.25287,-0.000786333,-0.00312824,-0.0230323,-0.000165028,-0.00234138,0.00688489,3,2,3.92699,0,0,0,0,0,0,0,0.0317142,0.00907443,0.038197,0.0155257,2,3,2,3.92699,0,0,0,0,0,0,0,0,0,0,1.5708,1.5708,0,1.5708,1.5708,0,-0.0114867,0.00333427,0.0133386,0,0,0,1.45128,1.43414,-0.729063,0.0394876,-0.0275973,0.113343,-0.00281912,0.0001842,0.010119,1.75578,1.20968,0,0,0,0,0,0,0,0,0,0,0,0,2,1.75578,1.20968,0,0.344544,0.487027,3.7308e-15,0,0,0,0,0,0,0,0,0,0,0,0,0.855775,1.20968,0,0,0,0,0,0,0,0,0,0,0,0,2,0.855775,1.20968,0,1,1,0,0,0,0,0,1.3371,-0.7466,1.5102,0,0,0,0,0,0,0,-0,0,1.68644,0,0,0,0,0,0,0,0,0,0,0,0,0,0,0,0,0,0,0,0,0,0,0,0,0,0,0,0,0
19.5,-0.00899241,0.000106878,0.000603551,-0.0156746,-0.00171102,0.00155977,3.03057,2.02514,-2.25505,-0.000981427,-0.00302973,-0.0217696,-0.000746117,-0.000841679,0.00932927,3,2,3.92699,0,0,0,0,0,0,0,0.0317142,0.00907443,0.038197,0.0155257,2,3,2,3.92699,0,0,0,0,0,0,0,0,0,0,1.5708,1.5708,0,1.5708,1.5708,0,-0.0158366,0.00611366,0.00933,0,0,0,1.45531,1.43133,-0.716986,0.0402909,-0.0280829,0.120773,0.00144689,-0.00209927,0.0337927,1.75578,1.20968,0,0,0,0,0,0,0,0,0,0,0,0,2,1.75578,1.20968,0,0.344544,0.487027,3.7308e-15,0,0,0,0,0,0,0,0,0,0,0,0,0.855775,1.20968,0,0,0,0,0,0,0,0,0,0,0,0,2,0.855775,1.20968,0,1,1,0,0,0,0,0,1.3371,-0.7466,1.5102,0,0,0,0,0,0,0,-0,0,1.68346,0,0,0,0,0,0,0,0,0,0,0,0,0,0,0,0,0,0,0,0,0,0,0,0,0,0,0,0,0
19.55,-0.00899241,0.000106878,0.000603551,0,-0,0,3.03057,2.02514,-2.25505,-0.000981427,-0.00302973,-0.0217696,-0.000746117,-0.000841679,0.00932927,3,2,3.92699,0,0,0,0,0,0,0,0.0267889,0.0121516,0.0315401,0.0173943,2,3,2,3.92699,0,0,0,0,0,0,0,0,0,0,1.5708,1.5708,0,1.5708,1.5708,0,-0.0158366,0.00611366,0.00933,0,0,0,1.45531,1.43133,-0.716986,0.0402909,-0.0280829,0.120773,0.00144689,-0.00209927,0.0337927,1.75578,1.20968,0,0,0,0,0,0,0,0,0,0,0,0,2,1.75578,1.20968,0,0.344544,0.487027,3.7308e-15,0,0,0,0,0,0,0,0,0,0,0,0,0.855775,1.20968,0,0,0,0,0,0,0,0,0,0,0,0,2,0.855775,1.20968,0,1,1,0,0,0,0,0,1.3356,-0.7304,1.538,0,0,0,0,0,0,0,-0,0,1.68346,0,0,0,0,0,0,0,0,0,0,0,0,0,0,0,0,0,0,0,0,0,0,0,0,0,0,0,0,0
19.6,-0.00900215,-0.0011866,0.000408446,0,-0,0,3.03047,2.02488,-2.25714,-0.00096701,-0.00261532,-0.020871,-0.000468444,0.00135549,0.00953845,3,2,3.92699,0,0,0,0,0,0,0,0.0267889,0.0121516,0.0315401,0.0173943,2,3,2,3.92699,0,0,0,0,0,0,0,0,0,0,1.5708,1.5708,0,1.5708,1.5708,0,-0.0234994,0.00688176,-0.000365967,0,0,0,1.45952,1.42853,-0.702813,0.0420492,-0.0279775,0.141761,0.00844362,-0.00112868,0.107272,1.75578,1.20968,0,0,0,0,0,0,0,0,0,0,0,0,2,1.75578,1.20968,0,0.344544,0.487027,3.7308e-15,0,0,0,0,0,0,0,0,0,0,0,0,0.855775,1.20968,0,0,0,0,0,0,0,0,0,0,0,0,2,0.855775,1.20968,0,1,1,0,0,0,0,0,1.3356,-0.7304,1.538,0,0,0,0,0,0,0,-0,0,1.68033,0,0,0,0,0,0,0,0,0,0,0,0,0,0,0,0,0,0,0,0,0,0,0,0,0,0,0,0,0
19.65,-0.00900215,-0.0011866,0.000408446,0,-0,0,3.03047,2.02488,-2.25714,-0.00096701,-0.00261532,-0.020871,-0.000468444,0.00135549,0.00953845,3,2,3.92699,0,0,0,0,0,0,0,0.0279165,0.0181247,0.0263311,0.0168682,2,3,2,3.92699,0,0,0,0,0,0,0,0,0,0,1.5708,1.5708,0,1.5708,1.5708,0,-0.0234994,0.00688176,-0.000365967,0,0,0,1.45952,1.42853,-0.702813,0.0420492,-0.0279775,0.141761,0.00844362,-0.00112868,0.107272,1.75578,1.20968,0,0,0,0,0,0,0,0,0,0,0,0,2,1.75578,1.20968,0,0.344544,0.487027,3.7308e-15,0,0,0,0,0,0,0,0,0,0,0,0,0.855775,1.20968,0,0,0,0,0,0,0,0,0,0,0,0,2,0.855775,1.20968,0,1,1,0,0,0,0,0,1.3356,-0.7304,1.538,0,0,0,0,0,0,0,-0,0,1.68033,0,0,0,0,0,0,0,0,0,0,0,0,0,0,0,0,0,0,0,0,0,0,0,0,0,0,0,0,0
19.7,-0.00829605,-0.000597735,0.000553651,0,-0,0,3.03035,2.0246,-2.25922,-0.00116235,-0.00275691,-0.020811,-0.00102454,0.000544708,0.00598845,3,2,3.92699,0,0,0,0,0,0,0,0.0279165,0.0181247,0.0263311,0.0168682,2,3,2,3.92699,0,0,0,0,0,0,0,0,0,0,1.5708,1.5708,0,1.5708,1.5708,0,-0.0195513,0.00808571,0.00568053,0,0,0,1.46356,1.42573,-0.690375,0.0404074,-0.0280001,0.124408,-0.000527655,-0.000646884,0.0050772,1.75578,1.20968,0,0,0,0,0,0,0,0,0,0,0,0,2,1.75578,1.20968,0,0.344544,0.487027,3.7308e-15,0,0,0,0,0,0,0,0,0,0,0,0,0.855775,1.20968,0,0,0,0,0,0,0,0,0,0,0,0,2,0.855775,1.20968,0,1,1,0,0,0,0,0,1.3356,-0.7304,1.538,0,0,0,0,0,0,0,-0,0,1.67735,0,0,0,0,0,0,0,0,0,0,0,0,0,0,0,0,0,0,0,0,0,0,0,0,0,0,0,0,0
19.75,-0.00829605,-0.000597735,0.000553651,0,-0,0,3.03035,2.0246,-2.25922,-0.00116235,-0.00275691,-0.020811,-0.00102454,0.000544708,0.00598845,3,2,3.92699,0,0,0,0,0,0,0,0.0267418,0.0131093,0.0275471,0.0143723,2,3,2,3.92699,0,0,0,0,0,0,0,0,0,0,1.5708,1.5708,0,1.5708,1.5708,0,-0.0195513,0.00808571,0.00568053,0,0,0,1.46356,1.42573,-0.690375,0.0404074,-0.0280001,0.124408,-0.000527655,-0.000646884,0.0050772,1.75578,1.20968,0,0,0,0,0,0,0,0,0,0,0,0,2,1.75578,1.20968,0,0.344544,0.487027,3.7308e-15,0,0,0,0,0,0,0,0,0,0,0,0,0.855775,1.20968,0,0,0,0,0,0,0,0,0,0,0,0,2,0.855775,1.20968,0,1,1,0,0,0,0,0,1.2683,-0.7794,1.504,0,0,0,0,0,0,0,-0,0,1.67735,0,0,0,0,0,0,0,0,0,0,0,0,0,0,0,0,0,0,0,0,0,0,0,0,0,0,0,0,0
19.8,-0.00839219,-0.000264432,0.000152485,0,-0,0,3.03024,2.02432,-2.26116,-0.0011205,-0.002822,-0.019434,-0.000523707,-4.38053e-05,0.00860965,3,2,3.92699,0,0,0,0,0,0,0,0.0267418,0.0131093,0.0275471,0.0143723,2,3,2,3.92699,0,0,0,0,0,0,0,0,0,0,1.5708,1.5708,0,1.5708,1.5708,0,-0.0187169,0.00802684,0.00551596,0,0,0,1.46752,1.42297,-0.678137,0.039691,-0.0276548,0.12236,-0.00437873,0.00104587,-0.0189242,1.75578,1.20968,0,0,0,0,0,0,0,0,0,0,0,0,2,1.75578,1.20968,0,0.344544,0.487027,3.7308e-15,0,0,0,0,0,0,0,0,0,0,0,0,0.855775,1.20968,0,0,0,0,0,0,0,0,0,0,0,0,2,0.855775,1.20968,0,1,1,0,0,0,0,0,1.2683,-0.7794,1.504,0,0,0,0,0,0,0,-0,0,1.67443,0,0,0,0,0,0,0,0,0,0,0,0,0,0,0,0,0,0,0,0,0,0,0,0,0,0,0,0,0
19.85,-0.00839219,-0.000264432,0.000152485,0,-0,0,3.03024,2.02432,-2.26116,-0.0011205,-0.002822,-0.019434,-0.000523707,-4.38053e-05,0.00860965,3,2,3.92699,0,0,0,0,0,0,0,0.0206741,0.0178969,0.02325,0.020566,2,3,2,3.92699,0,0,0,0,0,0,0,0,0,0,1.5708,1.5708,0,1.5708,1.5708,0,-0.0187169,0.00802684,0.00551596,0,0,0,1.46752,1.42297,-0.678137,0.039691,-0.0276548,0.12236,-0.00437873,0.00104587,-0.0189242,1.75578,1.20968,0,0,0,0,0,0,0,0,0,0,0,0,2,1.75578,1.20968,0,0.344544,0.487027,3.7308e-15,0,0,0,0,0,0,0,0,0,0,0,0,0.855775,1.20968,0,0,0,0,0,0,0,0,0,0,0,0,2,0.855775,1.20968,0,1,1,0,0,0,0,0,1.2683,-0.7794,1.504,0,0,0,0,0,0,0,-0,0,1.67443,0,0,0,0,0,0,0,0,0,0,0,0,0,0,0,0,0,0,0,0,0,0,0,0,0,0,0,0,0
19.9,-0.00819697,-0.00101792,0.000406773,0,-0,0,3.03012,2.02406,-2.26313,-0.00116445,-0.00256813,-0.0196654,-0.000421791,0.000909605,0.00460782,3,2,3.92699,0,0,0,0,0,0,0,0.0206741,0.0178969,0.02325,0.020566,2,3,2,3.92699,0,0,0,0,0,0,0,0,0,0,1.5708,1.5708,0,1.5708,1.5708,0,-0.0209617,0.00937157,0.00541291,0,0,0,1.47151,1.4202,-0.666116,0.0398792,-0.0277221,0.120204,-0.00241479,0.000599653,-0.0232779,1.75578,1.20968,0,0,0,0,0,0,0,0,0,0,0,0,2,1.75578,1.20968,0,0.344544,0.487027,3.7308e-15,0,0,0,0,0,0,0,0,0,0,0,0,0.855775,1.20968,0,0,0,0,0,0,0,0,0,0,0,0,2,0.855775,1.20968,0,1,1,0,0,0,0,0,1.2683,-0.7794,1.504,0,0,0,0,0,0,0,-0,0,1.6715,0,0,0,0,0,0,0,0,0,0,0,0,0,0,0,0,0,0,0,0,0,0,0,0,0,0,0,0,0
19.95,-0.00819697,-0.00101792,0.000406773,0,-0,0,3.03012,2.02406,-2.26313,-0.00116445,-0.00256813,-0.0196654,-0.000421791,0.000909605,0.00460782,3,2,3.92699,0,0,0,0,0,0,0,0.0258352,0.0159882,0.0244394,0.0149231,2,3,2,3.92699,0,0,0,0,0,0,0,0,0,0,1.5708,1.5708,0,1.5708,1.5708,0,-0.0209617,0.00937157,0.00541291,0,0,0,1.47151,1.4202,-0.666116,0.0398792,-0.0277221,0.120204,-0.00241479,0.000599653,-0.0232779,1.75578,1.20968,0,0,0,0,0,0,0,0,0,0,0,0,2,1.75578,1.20968,0,0.344544,0.487027,3.7308e-15,0,0,0,0,0,0,0,0,0,0,0,0,0.855775,1.20968,0,0,0,0,0,0,0,0,0,0,0,0,2,0.855775,1.20968,0,1,1,0,0,0,0,0,1.3801,-0.6502,1.6461,0,0,0,0,0,0,0,-0,0,1.6715,0,0,0,0,0,0,0,0,0,0,0,0,0,0,0,0,0,0,0,0,0,0,0,0,0,0,0,0,0
20,-0.00872471,-0.00071672,0.0002989,0,-0,0,3.03003,2.0238,-2.26503,-0.000996213,-0.00262605,-0.0190185,0.000433067,0.000444446,0.00481514,3,2,3.92699,0,0,0,0,0,0,0,0.0258352,0.0159882,0.0244394,0.0149231,2,3,2,3.92699,0,0,0,0,0,0,0,0,0,0,1.5708,1.5708,0,1.5708,1.5708,0,-0.0195631,0.0115729,0.00360997,0,0,0,1.47541,1.41739,-0.653899,0.0390049,-0.028038,0.122186,-0.00468868,-0.000954916,-0.00667853,1.75578,1.20968,0,0,0,0,0,0,0,0,0,0,0,0,2,1.75578,1.20968,0,0.344544,0.487027,3.7308e-15,0,0,0,0,0,0,0,0,0,0,0,0,0.855775,1.20968,0,0,0,0,0,0,0,0,0,0,0,0,2,0.855775,1.20968,0,1,1,0,0,0,0,0,1.3801,-0.6502,1.6461,0,0,0,0,0,0,0,-0,0,1.6687,0,0,0,0,0,0,0,0,0,0,0,0,0,0,0,0,0,0,0,0,0,0,0,0,0,0,0,0,0
20.05,-0.00872471,-0.00071672,0.0002989,0,-0,0,3.03003,2.0238,-2.26503,-0.000996213,-0.00262605,-0.0190185,0.000433067,0.000444446,0.00481514,3,2,3.92699,0,0,0,0,0,0,0,0.0247116,0.0179243,0.0249984,0.0184391,2,3,2,3.92699,0,0,0,0,0,0,0,0,0,0,1.5708,1.5708,0,1.5708,1.5708,0,-0.0195631,0.0115729,0.00360997,0,0,0,1.47541,1.41739,-0.653899,0.0390049,-0.028038,0.122186,-0.00468868,-0.000954916,-0.00667853,1.75578,1.20968,0,0,0,0,0,0,0,0,0,0,0,0,2,1.75578,1.20968,0,0.344544,0.487027,3.7308e-15,0,0,0,0,0,0,0,0,0,0,0,0,0.855775,1.20968,0,0,0,0,0,0,0,0,0,0,0,0,2,0.855775,1.20968,0,1,1,0,0,0,0,0,1.3801,-0.6502,1.6461,0,0,0,0,0,0,0,-0,0,1.6687,0,0,0,0,0,0,0,0,0,0,0,0,0,0,0,0,0,0,0,0,0,0,0,0,0,0,0,0,0
20.1,-0.00891829,0.00125649,0.000496945,0,-0,0,3.02993,2.02348,-2.26694,-0.000927796,-0.00317282,-0.0191224,0.000648734,-0.00198176,0.00249735,3,2,3.92699,0,0,0,0,0,0,0,0.0247116,0.0179243,0.0249984,0.0184391,2,3,2,3.92699,0,0,0,0,0,0,0,0,0,0,1.5708,1.5708,0,1.5708,1.5708,0,-0.023538,0.0139716,0.00235818,0,0,0,1.47938,1.41455,-0.641619,0.0397048,-0.0284076,0.122801,-0.000312613,-0.00227063,0.000737885,1.75578,1.20968,0,0,0,0,0,0,0,0,0,0,0,0,2,1.75578,1.20968,0,0.344544,0.487027,3.7308e-15,0,0,0,0,0,0,0,0,0,0,0,0,0.855775,1.20968,0,0,0,0,0,0,0,0,0,0,0,0,2,0.855775,1.20968,0,1,1,0,0,0,0,0,1.3801,-0.6502,1.6461,0,0,0,0,0,0,0,-0,0,1.66583,0,0,0,0,0,0,0,0,0,0,0,0,0,0,0,0,0,0,0,0,0,0,0,0,0,0,0,0,0
20.15,-0.00891829,0.00125649,0.000496945,0,-0,0,3.02993,2.02348,-2.26694,-0.000927796,-0.00317282,-0.0191224,0.000648734,-0.00198176,0.00249735,3,2,3.92699,0,0,0,0,0,0,0,0.0222718,0.0107844,0.0321472,0.0210455,2,3,2,3.92699,0,0,0,0,0,0,0,0,0,0,1.5708,1.5708,0,1.5708,1.5708,0,-0.023538,0.0139716,0.00235818,0,0,0,1.47938,1.41455,-0.641619,0.0397048,-0.0284076,0.122801,-0.000312613,-0.00227063,0.000737885,1.75578,1.20968,0,0,0,0,0,0,0,0,0,0,0,0,2,1.75578,1.20968,0,0.344544,0.487027,3.7308e-15,0,0,0,0,0,0,0,0,0,0,0,0,0.855775,1.20968,0,0,0,0,0,0,0,0,0,0,0,0,2,0.855775,1.20968,0,1,1,0,0,0,0,0,1.2555,-0.7577,1.5522,0,0,0,0,0,0,0,-0,0,1.66583,0,0,0,0,0,0,0,0,0,0,0,0,0,0,0,0,0,0,0,0,0,0,0,0,0,0,0,0,0
20.2,-0.00899679,0.000782642,0.000580952,0,-0,0,3.02984,2.02318,-2.26884,-0.000893881,-0.0029967,-0.0189493,0.000554717,-0.000813348,0.00188682,3,2,3.92699,0,0,0,0,0,0,0,0.0222718,0.0107844,0.0321472,0.0210455,2,3,2,3.92699,0,0,0,0,0,0,0,0,0,0,1.5708,1.5708,0,1.5708,1.5708,0,-0.0211703,0.0120857,0.000713325,0,0,0,1.48324,1.4118,-0.629189,0.0385505,-0.027526,0.124352,-0.00422618,0.00199466,0.00758486,1.75578,1.20968,0,0,0,0,0,0,0,0,0,0,0,0,2,1.75578,1.20968,0,0.344544,0.487027,3.7308e-15,0,0,0,0,0,0,0,0,0,0,0,0,0.855775,1.20968,0,0,0,0,0,0,0,0,0,0,0,0,2,0.855775,1.20968,0,1,1,0,0,0,0,0,1.2555,-0.7577,1.5522,0,0,0,0,0,0,0,-0,0,1.66306,0,0,0,0,0,0,0,0,0,0,0,0,0,0,0,0,0,0,0,0,0,0,0,0,0,0,0,0,0
20.25,-0.00899679,0.000782642,0.000580952,0,-0,0,3.02984,2.02318,-2.26884,-0.000893881,-0.0029967,-0.0189493,0.000554717,-0.000813348,0.00188682,3,2,3.92699,0,0,0,0,0,0,0,0.0249501,0.0110813,0.0324188,0.0190157,2,3,2,3.92699,0,0,0,0,0,0,0,0,0,0,1.5708,1.5708,0,1.5708,1.5708,0,-0.0211703,0.0120857,0.000713325,0,0,0,1.48324,1.4118,-0.629189,0.0385505,-0.027526,0.124352,-0.00422618,0.00199466,0.00758486,1.75578,1.20968,0,0,0,0,0,0,0,0,0,0,0,0,2,1.75578,1.20968,0,0.344544,0.487027,3.7308e-15,0,0,0,0,0,0,0,0,0,0,0,0,0.855775,1.20968,0,0,0,0,0,0,0,0,0,0,0,0,2,0.855775,1.20968,0,1,1,0,0,0,0,0,1.2555,-0.7577,1.5522,0,0,0,0,0,0,0,-0,0,1.66306,0,0,0,0,0,0,0,0,0,0,0,0,0,0,0,0,0,0,0,0,0,0,0,0,0,0,0,0,0
20.3,-0.00950434,-0.000194307,0.000813265,0,-0,0,3.02977,2.02291,-2.27075,-0.000734743,-0.00267534,-0.0191371,0.00095525,0.000950532,0.000278561,3,2,3.92699,0,0,0,0,0,0,0,0.0249501,0.0110813,0.0324188,0.0190157,2,3,2,3.92699,0,0,0,0,0,0,0,0,0,0,1.5708,1.5708,0,1.5708,1.5708,0,-0.0220527,0.0121333,-0.00166647,0,0,0,1.48707,1.40908,-0.616422,0.0383555,-0.0272172,0.127642,-0.00380313,0.0029778,0.0187667,1.75578,1.20968,0,0,0,0,0,0,0,0,0,0,0,0,2,1.75578,1.20968,0,0.344544,0.487027,3.7308e-15,0,0,0,0,0,0,0,0,0,0,0,0,0.855775,1.20968,0,0,0,0,0,0,0,0,0,0,0,0,2,0.855775,1.20968,0,1,1,0,0,0,0,0,1.2555,-0.7577,1.5522,0,0,0,0,0,0,0,-0,0,1.66033,0,0,0,0,0,0,0,0,0,0,0,0,0,0,0,0,0,0,0,0,0,0,0,0,0,0,0,0,0
20.35,-0.00950434,-0.000194307,0.000813265,0,-0,0,3.02977,2.02291,-2.27075,-0.000734743,-0.00267534,-0.0191371,0.00095525,0.000950532,0.000278561,3,2,3.92699,0,0,0,0,0,0,0,0.03195,0.011648,0.0346596,0.0150394,2,3,2,3.92699,0,0,0,0,0,0,0,0,0,0,1.5708,1.5708,0,1.5708,1.5708,0,-0.0220527,0.0121333,-0.00166647,0,0,0,1.48707,1.40908,-0.616422,0.0383555,-0.0272172,0.127642,-0.00380313,0.0029778,0.0187667,1.75578,1.20968,0,0,0,0,0,0,0,0,0,0,0,0,2,1.75578,1.20968,0,0.344544,0.487027,3.7308e-15,0,0,0,0,0,0,0,0,0,0,0,0,0.855775,1.20968,0,0,0,0,0,0,0,0,0,0,0,0,2,0.855775,1.20968,0,1,1,0,0,0,0,0,1.4056,-0.5906,1.7338,0,0,0,0,0,0,0,-0,0,1.66033,0,0,0,0,0,0,0,0,0,0,0,0,0,0,0,0,0,0,0,0,0,0,0,0,0,0,0,0,0
20.4,-0.0101913,0.00132121,0.00099518,0,-0,0,3.02972,2.02261,-2.27267,-0.000524965,-0.00308753,-0.0191998,0.00146686,-0.000834364,-0.000279516,3,2,3.92699,0,0,0,0,0,0,0,0.03195,0.011648,0.0346596,0.0150394,2,3,2,3.92699,0,0,0,0,0,0,0,0,0,0,1.5708,1.5708,0,1.5708,1.5708,0,-0.0255881,0.0165981,-0.000570747,0,0,0,1.49097,1.40626,-0.604174,0.0389351,-0.0281978,0.122494,4.75133e-05,-0.00196715,-0.00792521,1.75578,1.20968,0,0,0,0,0,0,0,0,0,0,0,0,2,1.75578,1.20968,0,0.344544,0.487027,3.7308e-15,0,0,0,0,0,0,0,0,0,0,0,0,0.855775,1.20968,0,0,0,0,0,0,0,0,0,0,0,0,2,0.855775,1.20968,0,1,1,0,0,0,0,0,1.4056,-0.5906,1.7338,0,0,0,0,0,0,0,-0,0,1.6576,0,0,0,0,0,0,0,0,0,0,0,0,0,0,0,0,0,0,0,0,0,0,0,0,0,0,0,0,0
20.45,-0.0101913,0.00132121,0.00099518,0,-0,0,3.02972,2.02261,-2.27267,-0.000524965,-0.00308753,-0.0191998,0.00146686,-0.000834364,-0.000279516,3,2,3.92699,0,0,0,0,0,0,0,0.0307848,0.00802828,0.0419518,0.0181275,2,3,2,3.92699,0,0,0,0,0,0,0,0,0,0,1.5708,1.5708,0,1.5708,1.5708,0,-0.0255881,0.0165981,-0.000570747,0,0,0,1.49097,1.40626,-0.604174,0.0389351,-0.0281978,0.122494,4.75133e-05,-0.00196715,-0.00792521,1.75578,1.20968,0,0,0,0,0,0,0,0,0,0,0,0,2,1.75578,1.20968,0,0.344544,0.487027,3.7308e-15,0,0,0,0,0,0,0,0,0,0,0,0,0.855775,1.20968,0,0,0,0,0,0,0,0,0,0,0,0,2,0.855775,1.20968,0,1,1,0,0,0,0,0,1.4056,-0.5906,1.7338,0,0,0,0,0,0,0,-0,0,1.6576,0,0,0,0,0,0,0,0,0,0,0,0,0,0,0,0,0,0,0,0,0,0,0,0,0,0,0,0,0
20.5,-0.0102788,0.0031201,0.000855066,0,-0,0,3.02967,2.02225,-2.27452,-0.000493155,-0.00357782,-0.0184843,0.00107674,-0.00270337,0.00260439,3,2,3.92699,0,0,0,0,0,0,0,0.0307848,0.00802828,0.0419518,0.0181275,2,3,2,3.92699,0,0,0,0,0,0,0,0,0,0,1.5708,1.5708,0,1.5708,1.5708,0,-0.0230452,0.0255174,-0.0045171,0,0,0,1.49474,1.40321,-0.591215,0.0377387,-0.0304634,0.129595,-0.00420955,-0.0109187,0.0200712,1.75578,1.20968,0,0,0,0,0,0,0,0,0,0,0,0,2,1.75578,1.20968,0,0.344544,0.487027,3.7308e-15,0,0,0,0,0,0,0,0,0,0,0,0,0.855775,1.20968,0,0,0,0,0,0,0,0,0,0,0,0,2,0.855775,1.20968,0,1,1,0,0,0,0,0,1.4056,-0.5906,1.7338,0,0,0,0,0,0,0,-0,0,1.65506,0,0,0,0,0,0,0,0,0,0,0,0,0,0,0,0,0,0,0,0,0,0,0,0,0,0,0,0,0
20.55,-0.0102788,0.0031201,0.000855066,-0.00950494,0.00806658,0.000954296,3.02967,2.02225,-2.27452,-0.000493155,-0.00357782,-0.0184843,0.00107674,-0.00270337,0.00260439,3,2,3.92699,0,0,0,0,0,0,0,0.0240142,0.00579046,0.0441292,0.0244478,2,3,2,3.92699,0,0,0,0,0,0,0,0,0,0,1.5708,1.5708,0,1.5708,1.5708,0,-0.0230452,0.0255174,-0.0045171,0,0,0,1.49474,1.40321,-0.591215,0.0377387,-0.0304634,0.129595,-0.00420955,-0.0109187,0.0200712,1.75578,1.20968,0,0,0,0,0,0,0,0,0,0,0,0,2,1.75578,1.20968,0,0.344544,0.487027,3.7308e-15,0,0,0,0,0,0,0,0,0,0,0,0,0.855775,1.20968,0,0,0,0,0,0,0,0,0,0,0,0,2,0.855775,1.20968,0,1,1,0,0,0,0,0,1.2833,-0.6962,1.6427,0,0,0,0,0,0,0,-0,0,1.65506,0,0,0,0,0,0,0,0,0,0,0,0,0,0,0,0,0,0,0,0,0,0,0,0,0,0,0,0,0
20.6,-0.0102788,0.0031201,0.000855066,-0.00950494,0.00806658,0.000954296,3.02967,2.02225,-2.27452,-0.000493155,-0.00357782,-0.0184843,0.00107674,-0.00270337,0.00260439,3,2,3.92699,0,0,0,0,0,0,0,0.0240142,0.00579046,0.0441292,0.0244478,2,3,2,3.92699,0,0,0,0,0,0,0,0,0,0,1.5708,1.5708,0,1.5708,1.5708,0,-0.0230452,0.0255174,-0.0045171,0,0,0,1.49474,1.40321,-0.591215,0.0377387,-0.0304634,0.129595,-0.00420955,-0.0109187,0.0200712,1.75578,1.20968,0,0,0,0,0,0,0,0,0,0,0,0,2,1.75578,1.20968,0,0.344544,0.487027,3.7308e-15,0,0,0,0,0,0,0,0,0,0,0,0,0.855775,1.20968,0,0,0,0,0,0,0,0,0,0,0,0,2,0.855775,1.20968,0,1,1,0,0,0,0,0,1.2833,-0.6962,1.6427,0,0,0,0,0,0,0,-0,0,1.65506,0,0,0,0,0,0,0,0,0,0,0,0,0,0,0,0,0,0,0,0,0,0,0,0,0,0,0,0,0
20.65,-0.0102788,0.0031201,0.000855066,-0.00950494,0.00806658,0.000954296,3.02967,2.02225,-2.27452,-0.000493155,-0.00357782,-0.0184843,0.00107674,-0.00270337,0.00260439,3,2,3.92699,0,0,0,0,0,0,0,0.0240142,0.00579046,0.0441292,0.0244478,2,3,2,3.92699,0,0,0,0,0,0,0,0,0,0,1.5708,1.5708,0,1.5708,1.5708,0,-0.0230452,0.0255174,-0.0045171,0,0,0,1.49474,1.40321,-0.591215,0.0377387,-0.0304634,0.129595,-0.00420955,-0.0109187,0.0200712,1.75578,1.20968,0,0,0,0,0,0,0,0,0,0,0,0,2,1.75578,1.20968,0,0.344544,0.487027,3.7308e-15,0,0,0,0,0,0,0,0,0,0,0,0,0.855775,1.20968,0,0,0,0,0,0,0,0,0,0,0,0,2,0.855775,1.20968,0,1,1,0,0,0,0,0,1.2833,-0.6962,1.6427,0,0,0,0,0,0,0,-0,0,1.65506,0,0,0,0,0,0,0,0,0,0,0,0,0,0,0,0,0,0,0,0,0,0,0,0,0,0,0,0,0
20.7,-0.0102788,0.0031201,0.000855066,-0.00950494,0.00806658,0.000954296,3.02967,2.02225,-2.27452,-0.000493155,-0.00357782,-0.0184843,0.00107674,-0.00270337,0.00260439,3,2,3.92699,0,0,0,0,0,0,0,0.0240142,0.00579046,0.0441292,0.0244478,2,3,2,3.92699,0,0,0,0,0,0,0,0,0,0,1.5708,1.5708,0,1.5708,1.5708,0,-0.0230452,0.0255174,-0.0045171,0,0,0,1.49474,1.40321,-0.591215,0.0377387,-0.0304634,0.129595,-0.00420955,-0.0109187,0.0200712,1.75578,1.20968,0,0,0,0,0,0,0,0,0,0,0,0,2,1.75578,1.20968,0,0.344544,0.487027,3.7308e-15,0,0,0,0,0,0,0,0,0,0,0,0,0.855775,1.20968,0,0,0,0,0,0,0,0,0,0,0,0,2,0.855775,1.20968,0,1,1,0,0,0,0,0,1.2833,-0.6962,1.6427,0,0,0,0,0,0,0,-0,0,1.65506,0,0,0,0,0,0,0,0,0,0,0,0,0,0,0,0,0,0,0,0,0,0,0,0,0,0,0,0,0
20.75,-0.0102788,0.0031201,0.000855066,-0.00950494,0.00806658,0.000954296,3.02967,2.02225,-2.27452,-0.000493155,-0.00357782,-0.0184843,0.00107674,-0.00270337,0.00260439,3,2,3.92699,0,0,0,0,0,0,0,0.0240142,0.00579046,0.0441292,0.0244478,2,3,2,3.92699,0,0,0,0,0,0,0,0,0,0,1.5708,1.5708,0,1.5708,1.5708,0,-0.0230452,0.0255174,-0.0045171,0,0,0,1.49474,1.40321,-0.591215,0.0377387,-0.0304634,0.129595,-0.00420955,-0.0109187,0.0200712,1.75578,1.20968,0,0,0,0,0,0,0,0,0,0,0,0,2,1.75578,1.20968,0,0.344544,0.487027,3.7308e-15,0,0,0,0,0,0,0,0,0,0,0,0,0.855775,1.20968,0,0,0,0,0,0,0,0,0,0,0,0,2,0.855775,1.20968,0,1,1,0,0,0,0,0,1.3239,-0.6556,1.6833,0,0,0,0,0,0,0,-0,0,1.65506,0,0,0,0,0,0,0,0,0,0,0,0,0,0,0,0,0,0,0,0,0,0,0,0,0,0,0,0,0
20.8,-0.0102788,0.0031201,0.000855066,-0.00950494,0.00806658,0.000954296,3.02967,2.02225,-2.27452,-0.000493155,-0.00357782,-0.0184843,0.00107674,-0.00270337,0.00260439,3,2,3.92699,0,0,0,0,0,0,0,0.0240142,0.00579046,0.0441292,0.0244478,2,3,2,3.92699,0,0,0,0,0,0,0,0,0,0,1.5708,1.5708,0,1.5708,1.5708,0,-0.0230452,0.0255174,-0.0045171,0,0,0,1.49474,1.40321,-0.591215,0.0377387,-0.0304634,0.129595,-0.00420955,-0.0109187,0.0200712,1.75578,1.20968,0,0,0,0,0,0,0,0,0,0,0,0,2,1.75578,1.20968,0,0.344544,0.487027,3.7308e-15,0,0,0,0,0,0,0,0,0,0,0,0,0.855775,1.20968,0,0,0,0,0,0,0,0,0,0,0,0,2,0.855775,1.20968,0,1,1,0,0,0,0,0,1.3239,-0.6556,1.6833,0,0,0,0,0,0,0,-0,0,1.65506,0,0,0,0,0,0,0,0,0,0,0,0,0,0,0,0,0,0,0,0,0,0,0,0,0,0,0,0,0
20.85,-0.0102788,0.0031201,0.000855066,-0.00950494,0.00806658,0.000954296,3.02967,2.02225,-2.27452,-0.000493155,-0.00357782,-0.0184843,0.00107674,-0.00270337,0.00260439,3,2,3.92699,0,0,0,0,0,0,0,0.0240142,0.00579046,0.0441292,0.0244478,2,3,2,3.92699,0,0,0,0,0,0,0,0,0,0,1.5708,1.5708,0,1.5708,1.5708,0,-0.0230452,0.0255174,-0.0045171,0,0,0,1.49474,1.40321,-0.591215,0.0377387,-0.0304634,0.129595,-0.00420955,-0.0109187,0.0200712,1.75578,1.20968,0,0,0,0,0,0,0,0,0,0,0,0,2,1.75578,1.20968,0,0.344544,0.487027,3.7308e-15,0,0,0,0,0,0,0,0,0,0,0,0,0.855775,1.20968,0,0,0,0,0,0,0,0,0,0,0,0,2,0.855775,1.20968,0,1,1,0,0,0,0,0,1.3239,-0.6556,1.6833,0,0,0,0,0,0,0,-0,0,1.65506,0,0,0,0,0,0,0,0,0,0,0,0,0,0,0,0,0,0,0,0,0,0,0,0,0,0,0,0,0
20.9,-0.0102788,0.0031201,0.000855066,-0.00950494,0.00806658,0.000954296,3.02967,2.02225,-2.27452,-0.000493155,-0.00357782,-0.0184843,0.00107674,-0.00270337,0.00260439,3,2,3.92699,0,0,0,0,0,0,0,0.0240142,0.00579046,0.0441292,0.0244478,2,3,2,3.92699,0,0,0,0,0,0,0,0,0,0,1.5708,1.5708,0,1.5708,1.5708,0,-0.0230452,0.0255174,-0.0045171,0,0,0,1.49474,1.40321,-0.591215,0.0377387,-0.0304634,0.129595,-0.00420955,-0.0109187,0.0200712,1.75578,1.20968,0,0,0,0,0,0,0,0,0,0,0,0,2,1.75578,1.20968,0,0.344544,0.487027,3.7308e-15,0,0,0,0,0,0,0,0,0,0,0,0,0.855775,1.20968,0,0,0,0,0,0,0,0,0,0,0,0,2,0.855775,1.20968,0,1,1,0,0,0,0,0,1.3239,-0.6556,1.6833,0,0,0,0,0,0,0,-0,0,1.65506,0,0,0,0,0,0,0,0,0,0,0,0,0,0,0,0,0,0,0,0,0,0,0,0,0,0,0,0,0
20.95,-0.0102788,0.0031201,0.000855066,-0.00950494,0.00806658,0.000954296,3.02967,2.02225,-2.27452,-0.000493155,-0.00357782,-0.0184843,0.00107674,-0.00270337,0.00260439,3,2,3.92699,0,0,0,0,0,0,0,0.0240142,0.00579046,0.0441292,0.0244478,2,3,2,3.92699,0,0,0,0,0,0,0,0,0,0,1.5708,1.5708,0,1.5708,1.5708,0,-0.0230452,0.0255174,-0.0045171,0,0,0,1.49474,1.40321,-0.591215,0.0377387,-0.0304634,0.129595,-0.00420955,-0.0109187,0.0200712,1.75578,1.20968,0,0,0,0,0,0,0,0,0,0,0,0,2,1.75578,1.20968,0,0.344544,0.487027,3.7308e-15,0,0,0,0,0,0,0,0,0,0,0,0,0.855775,1.20968,0,0,0,0,0,0,0,0,0,0,0,0,2,0.855775,1.20968,0,1,1,0,0,0,0,0,1.3239,-0.6557,1.6833,0,0,0,0,0,0,0,-0,0,1.65506,0,0,0,0,0,0,0,0,0,0,0,0,0,0,0,0,0,0,0,0,0,0,0,0,0,0,0,0,0
21,-0.0102788,0.0031201,0.000855066,-0.00950494,0.00806658,0.000954296,3.02967,2.02225,-2.27452,-0.000493155,-0.00357782,-0.0184843,0.00107674,-0.00270337,0.00260439,3,2,3.92699,0,0,0,0,0,0,0,0.0240142,0.00579046,0.0441292,0.0244478,2,3,2,3.92699,0,0,0,0,0,0,0,0,0,0,1.5708,1.5708,0,1.5708,1.5708,0,-0.0230452,0.0255174,-0.0045171,0,0,0,1.49474,1.40321,-0.591215,0.0377387,-0.0304634,0.129595,-0.00420955,-0.0109187,0.0200712,1.75578,1.20968,0,0,0,0,0,0,0,0,0,0,0,0,2,1.75578,1.20968,0,0.344544,0.487027,3.7308e-15,0,0,0,0,0,0,0,0,0,0,0,0,0.855775,1.20968,0,0,0,0,0,0,0,0,0,0,0,0,2,0.855775,1.20968,0,1,1,0,0,0,0,0,1.3239,-0.6557,1.6833,0,0,0,0,0,0,0,-0,0,1.65506,0,0,0,0,0,0,0,0,0,0,0,0,0,0,0,0,0,0,0,0,0,0,0,0,0,0,0,0,0
21.05,-0.0102788,0.0031201,0.000855066,-0.00950494,0.00806658,0.000954296,3.02967,2.02225,-2.27452,-0.000493155,-0.00357782,-0.0184843,0.00107674,-0.00270337,0.00260439,3,2,3.92699,0,0,0,0,0,0,0,0.0240142,0.00579046,0.0441292,0.0244478,2,3,2,3.92699,0,0,0,0,0,0,0,0,0,0,1.5708,1.5708,0,1.5708,1.5708,0,-0.0230452,0.0255174,-0.0045171,0,0,0,1.49474,1.40321,-0.591215,0.0377387,-0.0304634,0.129595,-0.00420955,-0.0109187,0.0200712,1.75578,1.20968,0,0,0,0,0,0,0,0,0,0,0,0,2,1.75578,1.20968,0,0.344544,0.487027,3.7308e-15,0,0,0,0,0,0,0,0,0,0,0,0,0.855775,1.20968,0,0,0,0,0,0,0,0,0,0,0,0,2,0.855775,1.20968,0,1,1,0,0,0,0,0,1.3239,-0.6557,1.6833,0,0,0,0,0,0,0,-0,0,1.65506,0,0,0,0,0,0,0,0,0,0,0,0,0,0,0,0,0,0,0,0,0,0,0,0,0,0,0,0,0
21.1,-0.0102788,0.0031201,0.000855066,-0.00950494,0.00806658,0.000954296,3.02967,2.02225,-2.27452,-0.000493155,-0.00357782,-0.0184843,0.00107674,-0.00270337,0.00260439,3,2,3.92699,0,0,0,0,0,0,0,0.0240142,0.00579046,0.0441292,0.0244478,2,3,2,3.92699,0,0,0,0,0,0,0,0,0,0,1.5708,1.5708,0,1.5708,1.5708,0,-0.0230452,0.0255174,-0.0045171,0,0,0,1.49474,1.40321,-0.591215,0.0377387,-0.0304634,0.129595,-0.00420955,-0.0109187,0.0200712,1.75578,1.20968,0,0,0,0,0,0,0,0,0,0,0,0,2,1.75578,1.20968,0,0.344544,0.487027,3.7308e-15,0,0,0,0,0,0,0,0,0,0,0,0,0.855775,1.20968,0,0,0,0,0,0,0,0,0,0,0,0,2,0.855775,1.20968,0,1,1,0,0,0,0,0,1.3239,-0.6557,1.6833,0,0,0,0,0,0,0,-0,0,1.65506,0,0,0,0,0,0,0,0,0,0,0,0,0,0,0,0,0,0,0,0,0,0,0,0,0,0,0,0,0
21.15,-0.0102788,0.0031201,0.000855066,-0.00950494,0.00806658,0.000954296,3.02967,2.02225,-2.27452,-0.000493155,-0.00357782,-0.0184843,0.00107674,-0.00270337,0.00260439,3,2,3.92699,0,0,0,0,0,0,0,0.0240142,0.00579046,0.0441292,0.0244478,2,3,2,3.92699,0,0,0,0,0,0,0,0,0,0,1.5708,1.5708,0,1.5708,1.5708,0,-0.0230452,0.0255174,-0.0045171,0,0,0,1.49474,1.40321,-0.591215,0.0377387,-0.0304634,0.129595,-0.00420955,-0.0109187,0.0200712,1.75578,1.20968,0,0,0,0,0,0,0,0,0,0,0,0,2,1.75578,1.20968,0,0.344544,0.487027,3.7308e-15,0,0,0,0,0,0,0,0,0,0,0,0,0.855775,1.20968,0,0,0,0,0,0,0,0,0,0,0,0,2,0.855775,1.20968,0,1,1,0,0,0,0,0,1.2336,-0.7459,1.593,0,0,0,0,0,0,0,-0,0,1.65506,0,0,0,0,0,0,0,0,0,0,0,0,0,0,0,0,0,0,0,0,0,0,0,0,0,0,0,0,0
21.2,-0.0102788,0.0031201,0.000855066,-0.00950494,0.00806658,0.000954296,3.02967,2.02225,-2.27452,-0.000493155,-0.00357782,-0.0184843,0.00107674,-0.00270337,0.00260439,3,2,3.92699,0,0,0,0,0,0,0,0.0240142,0.00579046,0.0441292,0.0244478,2,3,2,3.92699,0,0,0,0,0,0,0,0,0,0,1.5708,1.5708,0,1.5708,1.5708,0,-0.0230452,0.0255174,-0.0045171,0,0,0,1.49474,1.40321,-0.591215,0.0377387,-0.0304634,0.129595,-0.00420955,-0.0109187,0.0200712,1.75578,1.20968,0,0,0,0,0,0,0,0,0,0,0,0,2,1.75578,1.20968,0,0.344544,0.487027,3.7308e-15,0,0,0,0,0,0,0,0,0,0,0,0,0.855775,1.20968,0,0,0,0,0,0,0,0,0,0,0,0,2,0.855775,1.20968,0,1,1,0,0,0,0,0,1.2336,-0.7459,1.593,0,0,0,0,0,0,0,-0,0,1.65506,0,0,0,0,0,0,0,0,0,0,0,0,0,0,0,0,0,0,0,0,0,0,0,0,0,0,0,0,0
21.25,-0.0102788,0.0031201,0.000855066,-0.00950494,0.00806658,0.000954296,3.02967,2.02225,-2.27452,-0.000493155,-0.00357782,-0.0184843,0.00107674,-0.00270337,0.00260439,3,2,3.92699,0,0,0,0,0,0,0,0.0240142,0.00579046,0.0441292,0.0244478,2,3,2,3.92699,0,0,0,0,0,0,0,0,0,0,1.5708,1.5708,0,1.5708,1.5708,0,-0.0230452,0.0255174,-0.0045171,0,0,0,1.49474,1.40321,-0.591215,0.0377387,-0.0304634,0.129595,-0.00420955,-0.0109187,0.0200712,1.75578,1.20968,0,0,0,0,0,0,0,0,0,0,0,0,2,1.75578,1.20968,0,0.344544,0.487027,3.7308e-15,0,0,0,0,0,0,0,0,0,0,0,0,0.855775,1.20968,0,0,0,0,0,0,0,0,0,0,0,0,2,0.855775,1.20968,0,1,1,0,0,0,0,0,1.2336,-0.7459,1.593,0,0,0,0,0,0,0,-0,0,1.65506,0,0,0,0,0,0,0,0,0,0,0,0,0,0,0,0,0,0,0,0,0,0,0,0,0,0,0,0,0
21.3,-0.0102788,0.0031201,0.000855066,-0.00950494,0.00806658,0.000954296,3.02967,2.02225,-2.27452,-0.000493155,-0.00357782,-0.0184843,0.00107674,-0.00270337,0.00260439,3,2,3.92699,0,0,0,0,0,0,0,0.0240142,0.00579046,0.0441292,0.0244478,2,3,2,3.92699,0,0,0,0,0,0,0,0,0,0,1.5708,1.5708,0,1.5708,1.5708,0,-0.0230452,0.0255174,-0.0045171,0,0,0,1.49474,1.40321,-0.591215,0.0377387,-0.0304634,0.129595,-0.00420955,-0.0109187,0.0200712,1.75578,1.20968,0,0,0,0,0,0,0,0,0,0,0,0,2,1.75578,1.20968,0,0.344544,0.487027,3.7308e-15,0,0,0,0,0,0,0,0,0,0,0,0,0.855775,1.20968,0,0,0,0,0,0,0,0,0,0,0,0,2,0.855775,1.20968,0,1,1,0,0,0,0,0,1.2336,-0.7459,1.593,0,0,0,0,0,0,0,-0,0,1.65506,0,0,0,0,0,0,0,0,0,0,0,0,0,0,0,0,0,0,0,0,0,0,0,0,0,0,0,0,0
21.35,-0.0102788,0.0031201,0.000855066,-0.00950494,0.00806658,0.000954296,3.02967,2.02225,-2.27452,-0.000493155,-0.00357782,-0.0184843,0.00107674,-0.00270337,0.00260439,3,2,3.92699,0,0,0,0,0,0,0,0.0240142,0.00579046,0.0441292,0.0244478,2,3,2,3.92699,0,0,0,0,0,0,0,0,0,0,1.5708,1.5708,0,1.5708,1.5708,0,-0.0230452,0.0255174,-0.0045171,0,0,0,1.49474,1.40321,-0.591215,0.0377387,-0.0304634,0.129595,-0.00420955,-0.0109187,0.0200712,1.75578,1.20968,0,0,0,0,0,0,0,0,0,0,0,0,2,1.75578,1.20968,0,0.344544,0.487027,3.7308e-15,0,0,0,0,0,0,0,0,0,0,0,0,0.855775,1.20968,0,0,0,0,0,0,0,0,0,0,0,0,2,0.855775,1.20968,0,1,1,0,0,0,0,0,1.3239,-0.6557,1.6833,0,0,0,0,0,0,0,-0,0,1.65506,0,0,0,0,0,0,0,0,0,0,0,0,0,0,0,0,0,0,0,0,0,0,0,0,0,0,0,0,0
21.4,-0.0102788,0.0031201,0.000855066,-0.00950494,0.00806658,0.000954296,3.02967,2.02225,-2.27452,-0.000493155,-0.00357782,-0.0184843,0.00107674,-0.00270337,0.00260439,3,2,3.92699,0,0,0,0,0,0,0,0.0240142,0.00579046,0.0441292,0.0244478,2,3,2,3.92699,0,0,0,0,0,0,0,0,0,0,1.5708,1.5708,0,1.5708,1.5708,0,-0.0230452,0.0255174,-0.0045171,0,0,0,1.49474,1.40321,-0.591215,0.0377387,-0.0304634,0.129595,-0.00420955,-0.0109187,0.0200712,1.75578,1.20968,0,0,0,0,0,0,0,0,0,0,0,0,2,1.75578,1.20968,0,0.344544,0.487027,3.7308e-15,0,0,0,0,0,0,0,0,0,0,0,0,0.855775,1.20968,0,0,0,0,0,0,0,0,0,0,0,0,2,0.855775,1.20968,0,1,1,0,0,0,0,0,1.3239,-0.6557,1.6833,0,0,0,0,0,0,0,-0,0,1.65506,0,0,0,0,0,0,0,0,0,0,0,0,0,0,0,0,0,0,0,0,0,0,0,0,0,0,0,0,0
21.45,-0.0102788,0.0031201,0.000855066,-0.00950494,0.00806658,0.000954296,3.02967,2.02225,-2.27452,-0.000493155,-0.00357782,-0.0184843,0.00107674,-0.00270337,0.00260439,3,2,3.92699,0,0,0,0,0,0,0,0.0240142,0.00579046,0.0441292,0.0244478,2,3,2,3.92699,0,0,0,0,0,0,0,0,0,0,1.5708,1.5708,0,1.5708,1.5708,0,-0.0230452,0.0255174,-0.0045171,0,0,0,1.49474,1.40321,-0.591215,0.0377387,-0.0304634,0.129595,-0.00420955,-0.0109187,0.0200712,1.75578,1.20968,0,0,0,0,0,0,0,0,0,0,0,0,2,1.75578,1.20968,0,0.344544,0.487027,3.7308e-15,0,0,0,0,0,0,0,0,0,0,0,0,0.855775,1.20968,0,0,0,0,0,0,0,0,0,0,0,0,2,0.855775,1.20968,0,1,1,0,0,0,0,0,1.3239,-0.6557,1.6833,0,0,0,0,0,0,0,-0,0,1.65506,0,0,0,0,0,0,0,0,0,0,0,0,0,0,0,0,0,0,0,0,0,0,0,0,0,0,0,0,0
21.5,-0.0102788,0.0031201,0.000855066,-0.00950494,0.00806658,0.000954296,3.02967,2.02225,-2.27452,-0.000493155,-0.00357782,-0.0184843,0.00107674,-0.00270337,0.00260439,3,2,3.92699,0,0,0,0,0,0,0,0.0240142,0.00579046,0.0441292,0.0244478,2,3,2,3.92699,0,0,0,0,0,0,0,0,0,0,1.5708,1.5708,0,1.5708,1.5708,0,-0.0230452,0.0255174,-0.0045171,0,0,0,1.49474,1.40321,-0.591215,0.0377387,-0.0304634,0.129595,-0.00420955,-0.0109187,0.0200712,1.75578,1.20968,0,0,0,0,0,0,0,0,0,0,0,0,2,1.75578,1.20968,0,0.344544,0.487027,3.7308e-15,0,0,0,0,0,0,0,0,0,0,0,0,0.855775,1.20968,0,0,0,0,0,0,0,0,0,0,0,0,2,0.855775,1.20968,0,1,1,0,0,0,0,0,1.3239,-0.6557,1.6833,0,0,0,0,0,0,0,-0,0,1.65506,0,0,0,0,0,0,0,0,0,0,0,0,0,0,0,0,0,0,0,0,0,0,0,0,0,0,0,0,0
21.55,-0.0102788,0.0031201,0.000855066,-0.00950494,0.00806658,0.000954296,3.02967,2.02225,-2.27452,-0.000493155,-0.00357782,-0.0184843,0.00107674,-0.00270337,0.00260439,3,2,3.92699,0,0,0,0,0,0,0,0.0240142,0.00579046,0.0441292,0.0244478,2,3,2,3.92699,0,0,0,0,0,0,0,0,0,0,1.5708,1.5708,0,1.5708,1.5708,0,-0.0230452,0.0255174,-0.0045171,0,0,0,1.49474,1.40321,-0.591215,0.0377387,-0.0304634,0.129595,-0.00420955,-0.0109187,0.0200712,1.75578,1.20968,0,0,0,0,0,0,0,0,0,0,0,0,2,1.75578,1.20968,0,0.344544,0.487027,3.7308e-15,0,0,0,0,0,0,0,0,0,0,0,0,0.855775,1.20968,0,0,0,0,0,0,0,0,0,0,0,0,2,0.855775,1.20968,0,1,1,0,0,0,0,0,1.3239,-0.6557,1.6833,0,0,0,0,0,0,0,-0,0,1.65506,0,0,0,0,0,0,0,0,0,0,0,0,0,0,0,0,0,0,0,0,0,0,0,0,0,0,0,0,0
21.6,-0.0102788,0.0031201,0.000855066,-0.00950494,0.00806658,0.000954296,3.02967,2.02225,-2.27452,-0.000493155,-0.00357782,-0.0184843,0.00107674,-0.00270337,0.00260439,3,2,3.92699,0,0,0,0,0,0,0,0.0240142,0.00579046,0.0441292,0.0244478,2,3,2,3.92699,0,0,0,0,0,0,0,0,0,0,1.5708,1.5708,0,1.5708,1.5708,0,-0.0230452,0.0255174,-0.0045171,0,0,0,1.49474,1.40321,-0.591215,0.0377387,-0.0304634,0.129595,-0.00420955,-0.0109187,0.0200712,1.75578,1.20968,0,0,0,0,0,0,0,0,0,0,0,0,2,1.75578,1.20968,0,0.344544,0.487027,3.7308e-15,0,0,0,0,0,0,0,0,0,0,0,0,0.855775,1.20968,0,0,0,0,0,0,0,0,0,0,0,0,2,0.855775,1.20968,0,1,1,0,0,0,0,0,1.3239,-0.6557,1.6833,0,0,0,0,0,0,0,-0,0,1.65506,0,0,0,0,0,0,0,0,0,0,0,0,0,0,0,0,0,0,0,0,0,0,0,0,0,0,0,0,0
21.65,-0.0102788,0.0031201,0.000855066,-0.00950494,0.00806658,0.000954296,3.02967,2.02225,-2.27452,-0.000493155,-0.00357782,-0.0184843,0.00107674,-0.00270337,0.00260439,3,2,3.92699,0,0,0,0,0,0,0,0.0240142,0.00579046,0.0441292,0.0244478,2,3,2,3.92699,0,0,0,0,0,0,0,0,0,0,1.5708,1.5708,0,1.5708,1.5708,0,-0.0230452,0.0255174,-0.0045171,0,0,0,1.49474,1.40321,-0.591215,0.0377387,-0.0304634,0.129595,-0.00420955,-0.0109187,0.0200712,1.75578,1.20968,0,0,0,0,0,0,0,0,0,0,0,0,2,1.75578,1.20968,0,0.344544,0.487027,3.7308e-15,0,0,0,0,0,0,0,0,0,0,0,0,0.855775,1.20968,0,0,0,0,0,0,0,0,0,0,0,0,2,0.855775,1.20968,0,1,1,0,0,0,0,0,1.3239,-0.6557,1.6833,0,0,0,0,0,0,0,-0,0,1.65506,0,0,0,0,0,0,0,0,0,0,0,0,0,0,0,0,0,0,0,0,0,0,0,0,0,0,0,0,0
21.7,-0.0102788,0.0031201,0.000855066,-0.00950494,0.00806658,0.000954296,3.02967,2.02225,-2.27452,-0.000493155,-0.00357782,-0.0184843,0.00107674,-0.00270337,0.00260439,3,2,3.92699,0,0,0,0,0,0,0,0.0240142,0.00579046,0.0441292,0.0244478,2,3,2,3.92699,0,0,0,0,0,0,0,0,0,0,1.5708,1.5708,0,1.5708,1.5708,0,-0.0230452,0.0255174,-0.0045171,0,0,0,1.49474,1.40321,-0.591215,0.0377387,-0.0304634,0.129595,-0.00420955,-0.0109187,0.0200712,1.75578,1.20968,0,0,0,0,0,0,0,0,0,0,0,0,2,1.75578,1.20968,0,0.344544,0.487027,3.7308e-15,0,0,0,0,0,0,0,0,0,0,0,0,0.855775,1.20968,0,0,0,0,0,0,0,0,0,0,0,0,2,0.855775,1.20968,0,1,1,0,0,0,0,0,1.3239,-0.6557,1.6833,0,0,0,0,0,0,0,-0,0,1.65506,0,0,0,0,0,0,0,0,0,0,0,0,0,0,0,0,0,0,0,0,0,0,0,0,0,0,0,0,0
21.75,-0.0102788,0.0031201,0.000855066,-0.00950494,0.00806658,0.000954296,3.02967,2.02225,-2.27452,-0.000493155,-0.00357782,-0.0184843,0.00107674,-0.00270337,0.00260439,3,2,3.92699,0,0,0,0,0,0,0,0.0240142,0.00579046,0.0441292,0.0244478,2,3,2,3.92699,0,0,0,0,0,0,0,0,0,0,1.5708,1.5708,0,1.5708,1.5708,0,-0.0230452,0.0255174,-0.0045171,0,0,0,1.49474,1.40321,-0.591215,0.0377387,-0.0304634,0.129595,-0.00420955,-0.0109187,0.0200712,1.75578,1.20968,0,0,0,0,0,0,0,0,0,0,0,0,2,1.75578,1.20968,0,0.344544,0.487027,3.7308e-15,0,0,0,0,0,0,0,0,0,0,0,0,0.855775,1.20968,0,0,0,0,0,0,0,0,0,0,0,0,2,0.855775,1.20968,0,1,1,0,0,0,0,0,1.3239,-0.6557,1.6833,0,0,0,0,0,0,0,-0,0,1.65506,0,0,0,0,0,0,0,0,0,0,0,0,0,0,0,0,0,0,0,0,0,0,0,0,0,0,0,0,0
21.8,-0.0102788,0.0031201,0.000855066,-0.00950494,0.00806658,0.000954296,3.02967,2.02225,-2.27452,-0.000493155,-0.00357782,-0.0184843,0.00107674,-0.00270337,0.00260439,3,2,3.92699,0,0,0,0,0,0,0,0.0240142,0.00579046,0.0441292,0.0244478,2,3,2,3.92699,0,0,0,0,0,0,0,0,0,0,1.5708,1.5708,0,1.5708,1.5708,0,-0.0230452,0.0255174,-0.0045171,0,0,0,1.49474,1.40321,-0.591215,0.0377387,-0.0304634,0.129595,-0.00420955,-0.0109187,0.0200712,1.75578,1.20968,0,0,0,0,0,0,0,0,0,0,0,0,2,1.75578,1.20968,0,0.344544,0.487027,3.7308e-15,0,0,0,0,0,0,0,0,0,0,0,0,0.855775,1.20968,0,0,0,0,0,0,0,0,0,0,0,0,2,0.855775,1.20968,0,1,1,0,0,0,0,0,1.3239,-0.6557,1.6833,0,0,0,0,0,0,0,-0,0,1.65506,0,0,0,0,0,0,0,0,0,0,0,0,0,0,0,0,0,0,0,0,0,0,0,0,0,0,0,0,0
21.85,-0.0102788,0.0031201,0.000855066,-0.00950494,0.00806658,0.000954296,3.02967,2.02225,-2.27452,-0.000493155,-0.00357782,-0.0184843,0.00107674,-0.00270337,0.00260439,3,2,3.92699,0,0,0,0,0,0,0,0.0240142,0.00579046,0.0441292,0.0244478,2,3,2,3.92699,0,0,0,0,0,0,0,0,0,0,1.5708,1.5708,0,1.5708,1.5708,0,-0.0230452,0.0255174,-0.0045171,0,0,0,1.49474,1.40321,-0.591215,0.0377387,-0.0304634,0.129595,-0.00420955,-0.0109187,0.0200712,1.75578,1.20968,0,0,0,0,0,0,0,0,0,0,0,0,2,1.75578,1.20968,0,0.344544,0.487027,3.7308e-15,0,0,0,0,0,0,0,0,0,0,0,0,0.855775,1.20968,0,0,0,0,0,0,0,0,0,0,0,0,2,0.855775,1.20968,0,1,1,0,0,0,0,0,1.3239,-0.6557,1.6833,0,0,0,0,0,0,0,-0,0,1.65506,0,0,0,0,0,0,0,0,0,0,0,0,0,0,0,0,0,0,0,0,0,0,0,0,0,0,0,0,0
21.9,-0.0108508,-0.000132525,0.0010345,-0.00950494,0.00806658,0.000954296,3.02964,2.02199,-2.27637,-0.000319866,-0.00258335,-0.0185538,0.00128634,0.00209871,0.00168368,3,2,3.92699,0,0,0,0,0,0,0,0.0240142,0.00579046,0.0441292,0.0244478,2,3,2,3.92699,0,0,0,0,0,0,0,0,0,0,1.5708,1.5708,0,1.5708,1.5708,0,-0.0233371,0.0239106,-0.000244766,0,0,0,1.49848,1.40025,-0.579541,0.0373815,-0.0296388,0.116756,-0.00454506,-0.00446184,-0.0355076,1.75578,1.20968,0,0,0,0,0,0,0,0,0,0,0,0,2,1.75578,1.20968,0,0.344544,0.487027,3.7308e-15,0,0,0,0,0,0,0,0,0,0,0,0,0.855775,1.20968,0,0,0,0,0,0,0,0,0,0,0,0,2,0.855775,1.20968,0,1,1,0,0,0,0,0,1.3239,-0.6557,1.6833,0,0,0,0,0,0,0,-0,0,1.65258,0,0,0,0,0,0,0,0,0,0,0,0,0,0,0,0,0,0,0,0,0,0,0,0,0,0,0,0,0
21.95,-0.0102291,0.000809873,0.000925943,-0.00948996,0.00808419,0.000954296,3.02959,2.02171,-2.27817,-0.000498126,-0.00282882,-0.0179272,8.84553e-05,0.00092889,0.00338712,3,2,3.92699,0,0,0,0,0,0,0,0.0378151,0.0118049,0.0410013,0.0158646,2,3,2,3.92699,0,0,0,0,0,0,0,0,0,0,1.5708,1.5708,0,1.5708,1.5708,0,-0.0229289,0.0187394,-0.00582242,0,0,0,1.50216,1.39747,-0.566753,0.0368247,-0.0277864,0.1279,-0.00499366,0.00559176,0.0157032,1.75578,1.20968,0,0,0,0,0,0,0,0,0,0,0,0,2,1.75578,1.20968,0,0.344544,0.487027,3.7308e-15,0,0,0,0,0,0,0,0,0,0,0,0,0.855775,1.20968,0,0,0,0,0,0,0,0,0,0,0,0,2,0.855775,1.20968,0,1,1,0,0,0,0,0,1.3209,-0.6442,1.7096,0,0,0,0,0,0,0,-0,0,1.65006,0,0,0,0,0,0,0,0,0,0,0,0,0,0,0,0,0,0,0,0,0,0,0,0,0,0,0,0,0
22,-0.0113851,0.00218037,0.00113047,-0.00947546,0.00810119,0.000954296,3.02957,2.02139,-2.27997,-0.000153794,-0.00319673,-0.0180681,0.00126666,-0.0010718,0.00169433,3,2,3.92699,0,0,0,0,0,0,0,0.0323022,0.0096411,0.0399538,0.0177909,2,3,2,3.92699,0,0,0,0,0,0,0,0,0,0,1.5708,1.5708,0,1.5708,1.5708,0,-0.0227363,0.0174231,-0.00272912,0,0,0,1.50579,1.39476,-0.554958,0.0363371,-0.0270777,0.117935,-0.00499372,0.00754002,-0.0234122,1.75578,1.20968,0,0,0,0,0,0,0,0,0,0,0,0,2,1.75578,1.20968,0,0.344544,0.487027,3.7308e-15,0,0,0,0,0,0,0,0,0,0,0,0,0.855775,1.20968,0,0,0,0,0,0,0,0,0,0,0,0,2,0.855775,1.20968,0,1,1,0,0,0,0,0,1.3209,-0.6442,1.7096,0,0,0,0,0,0,0,-0,0,1.64759,0,0,0,0,0,0,0,0,0,0,0,0,0,0,0,0,0,0,0,0,0,0,0,0,0,0,0,0,0
22.05,-0.0111705,0.000962017,0.000668672,-0.010392,0.00891739,0.00104823,3.02955,2.02111,-2.28163,-0.000214813,-0.00280234,-0.0165987,0.000676213,0.000662507,0.00666461,3,2,3.92699,0,0,0,0,0,0,0,0.0324878,0.00770437,0.0484728,0.0215362,2,3,2,3.92699,0,0,0,0,0,0,0,0,0,0,1.5708,1.5708,0,1.5708,1.5708,0,-0.0297822,0.00636833,-0.00271743,0,0,0,1.50959,1.39241,-0.543397,0.037962,-0.0235427,0.115589,0.00348522,0.018923,-0.0287556,1.75578,1.20968,0,0,0,0,0,0,0,0,0,0,0,0,2,1.75578,1.20968,0,0.344544,0.487027,3.7308e-15,0,0,0,0,0,0,0,0,0,0,0,0,0.855775,1.20968,0,0,0,0,0,0,0,0,0,0,0,0,2,0.855775,1.20968,0,1,1,0,0,0,0,0,1.3209,-0.6442,1.7096,0,0,0,0,0,0,0,-0,0,1.64485,0,0,0,0,0,0,0,0,0,0,0,0,0,0,0,0,0,0,0,0,0,0,0,0,0,0,0,0,0
22.1,-0.0114451,-0.000297711,0.000763081,-0.0103772,0.00893463,0.00104823,3.02954,2.02087,-2.28328,-0.000131868,-0.00240049,-0.0165002,0.00065767,0.00223975,0.00507762,3,2,3.92699,0,0,0,0,0,0,0,0.0307269,0.0148745,0.0392788,0.0239588,2,3,2,3.92699,0,0,0,0,0,0,0,0,0,0,1.5708,1.5708,0,1.5708,1.5708,0,-0.0295113,0.0124571,-0.00858177,0,0,0,1.51333,1.3899,-0.530656,0.0374384,-0.0250391,0.127447,0.00112488,0.00693767,0.0293216,1.75578,1.20968,0,0,0,0,0,0,0,0,0,0,0,0,2,1.75578,1.20968,0,0.344544,0.487027,3.7308e-15,0,0,0,0,0,0,0,0,0,0,0,0,0.855775,1.20968,0,0,0,0,0,0,0,0,0,0,0,0,2,0.855775,1.20968,0,1,1,0,0,0,0,0,1.3209,-0.6442,1.7096,0,0,0,0,0,0,0,-0,0,1.64225,0,0,0,0,0,0,0,0,0,0,0,0,0,0,0,0,0,0,0,0,0,0,0,0,0,0,0,0,0
22.15,-0.0113732,-0.00058678,0.000757419,-0.0103625,0.00895173,0.00104823,3.02952,2.02064,-2.2849,-0.000151365,-0.00228756,-0.0161622,0.000314358,0.00200737,0.00417039,3,2,3.92699,0,0,0,0,0,0,0,0.0361486,0.0174326,0.038487,0.0203995,2,3,2,3.92699,0,0,0,0,0,0,0,0,0,0,1.5708,1.5708,0,1.5708,1.5708,0,-0.0315722,0.0163576,-0.00874422,0,0,0,1.51709,1.38732,-0.518122,0.0375995,-0.025881,0.125334,0.00103288,-0.000842087,0.0171345,1.75578,1.20968,0,0,0,0,0,0,0,0,0,0,0,0,2,1.75578,1.20968,0,0.344544,0.487027,3.7308e-15,0,0,0,0,0,0,0,0,0,0,0,0,0.855775,1.20968,0,0,0,0,0,0,0,0,0,0,0,0,2,0.855775,1.20968,0,1,1,0,0,0,0,0,1.3151,-0.6181,1.7652,0,0,0,0,0,0,0,-0,0,1.63967,0,0,0,0,0,0,0,0,0,0,0,0,0,0,0,0,0,0,0,0,0,0,0,0,0,0,0,0,0
22.2,-0.0114087,0.00163014,0.00116375,-0.010348,0.00896847,0.00104823,3.02951,2.02035,-2.28658,-0.000139196,-0.00290968,-0.0168247,0.000191024,-0.00131012,-0.000254315,3,2,3.92699,0,0,0,0,0,0,0,0.0367672,0.0181003,0.0375729,0.0195329,2,3,2,3.92699,0,0,0,0,0,0,0,0,0,0,1.5708,1.5708,0,1.5708,1.5708,0,-0.0298066,0.0178346,-0.00834748,0,0,0,1.52076,1.38472,-0.505934,0.0366452,-0.0260077,0.121916,-0.00323263,-0.00204656,-0.00510762,1.75578,1.20968,0,0,0,0,0,0,0,0,0,0,0,0,2,1.75578,1.20968,0,0.344544,0.487027,3.7308e-15,0,0,0,0,0,0,0,0,0,0,0,0,0.855775,1.20968,0,0,0,0,0,0,0,0,0,0,0,0,2,0.855775,1.20968,0,1,1,0,0,0,0,0,1.3151,-0.6181,1.7652,0,0,0,0,0,0,0,-0,0,1.63718,0,0,0,0,0,0,0,0,0,0,0,0,0,0,0,0,0,0,0,0,0,0,0,0,0,0,0,0,0
22.25,-0.0104191,0.00254631,0.00060296,-0.0103329,0.00898586,0.00104823,3.02946,2.02003,-2.2881,-0.000427289,-0.00314362,-0.0151411,-0.0010532,-0.00217214,0.00596609,3,2,3.92699,0,0,0,0,0,0,0,0.0349221,0.00870497,0.0476622,0.0196949,2,3,2,3.92699,0,0,0,0,0,0,0,0,0,0,1.5708,1.5708,0,1.5708,1.5708,0,-0.0304189,0.0197189,-0.00684559,0,0,0,1.5244,1.38209,-0.494345,0.036394,-0.0262514,0.115903,-0.00350073,-0.00238089,-0.0300354,1.75578,1.20968,0,0,0,0,0,0,0,0,0,0,0,0,2,1.75578,1.20968,0,0.344544,0.487027,3.7308e-15,0,0,0,0,0,0,0,0,0,0,0,0,0.855775,1.20968,0,0,0,0,0,0,0,0,0,0,0,0,2,0.855775,1.20968,0,1,1,0,0,0,0,0,1.3151,-0.6181,1.7652,0,0,0,0,0,0,0,-0,0,1.63469,0,0,0,0,0,0,0,0,0,0,0,0,0,0,0,0,0,0,0,0,0,0,0,0,0,0,0,0,0
22.3,-0.0112359,7.66451e-06,0.00116657,-0.00846873,0.00738728,0.000860251,3.02945,2.0198,-2.28972,-0.000183108,-0.00236331,-0.0162031,0.000174851,0.00169722,0.000182515,3,2,3.92699,0,0,0,0,0,0,0,0.0240234,0.0102611,0.0397803,0.0264803,2,3,2,3.92699,0,0,0,0,0,0,0,0,0,0,1.5708,1.5708,0,1.5708,1.5708,0,-0.0300781,0.0198704,-0.008212,0,0,0,1.52798,1.37949,-0.482653,0.0358683,-0.0259878,0.116917,-0.00424229,-0.000419383,-0.0173669,1.75578,1.20968,0,0,0,0,0,0,0,0,0,0,0,0,2,1.75578,1.20968,0,0.344544,0.487027,3.7308e-15,0,0,0,0,0,0,0,0,0,0,0,0,0.855775,1.20968,0,0,0,0,0,0,0,0,0,0,0,0,2,0.855775,1.20968,0,1,1,0,0,0,0,0,1.3151,-0.6181,1.7652,0,0,0,0,0,0,0,-0,0,1.63229,0,0,0,0,0,0,0,0,0,0,0,0,0,0,0,0,0,0,0,0,0,0,0,0,0,0,0,0,0
22.35,-0.0108283,-0.00029718,0.00113382,-0.00845675,0.00740099,0.000860251,3.02942,2.01957,-2.2913,-0.000300308,-0.0022462,-0.0158055,-0.000197055,0.00201115,0.00091806,3,2,3.92699,0,0,0,0,0,0,0,0.0399873,0.0114732,0.0437016,0.015183,2,3,2,3.92699,0,0,0,0,0,0,0,0,0,0,1.5708,1.5708,0,1.5708,1.5708,0,-0.0307299,0.020639,-0.00818992,0,0,0,1.53155,1.3769,-0.471197,0.0356377,-0.025907,0.114567,-0.00357511,0.000340987,-0.0181245,1.75578,1.20968,0,0,0,0,0,0,0,0,0,0,0,0,2,1.75578,1.20968,0,0.344544,0.487027,3.7308e-15,0,0,0,0,0,0,0,0,0,0,0,0,0.855775,1.20968,0,0,0,0,0,0,0,0,0,0,0,0,2,0.855775,1.20968,0,1,1,0,0,0,0,0,1.3097,-0.5932,1.8186,0,0,0,0,0,0,0,-0,0,1.62992,0,0,0,0,0,0,0,0,0,0,0,0,0,0,0,0,0,0,0,0,0,0,0,0,0,0,0,0,0
22.4,-0.010741,0.00203794,0.00105008,-0.00844504,0.00741434,0.000860251,3.02938,2.01928,-2.29282,-0.00032233,-0.00290341,-0.0152928,-0.000256607,-0.00137548,0.00270188,3,2,3.92699,0,0,0,0,0,0,0,0.0396636,0.0115823,0.0415337,0.0137187,2,3,2,3.92699,0,0,0,0,0,0,0,0,0,0,1.5708,1.5708,0,1.5708,1.5708,0,-0.0309829,0.0203947,-0.00844847,0,0,0,1.53507,1.37435,-0.459905,0.0352939,-0.0255324,0.112939,-0.00343582,0.00180845,-0.0175068,1.75578,1.20968,0,0,0,0,0,0,0,0,0,0,0,0,2,1.75578,1.20968,0,0.344544,0.487027,3.7308e-15,0,0,0,0,0,0,0,0,0,0,0,0,0.855775,1.20968,0,0,0,0,0,0,0,0,0,0,0,0,2,0.855775,1.20968,0,1,1,0,0,0,0,0,1.3097,-0.5932,1.8186,0,0,0,0,0,0,0,-0,0,1.62754,0,0,0,0,0,0,0,0,0,0,0,0,0,0,0,0,0,0,0,0,0,0,0,0,0,0,0,0,0
22.45,-0.0102941,0.0012802,0.00124468,-0.0084337,0.00742725,0.000860251,3.02934,2.01902,-2.29437,-0.000449366,-0.00264735,-0.0154617,-0.00066975,-0.000261428,0.00118857,3,2,3.92699,0,0,0,0,0,0,0,0.0311235,0.00771561,0.0452456,0.0202228,2,3,2,3.92699,0,0,0,0,0,0,0,0,0,0,1.5708,1.5708,0,1.5708,1.5708,0,-0.031446,0.0221974,-0.00890765,0,0,0,1.53858,1.37177,-0.448726,0.0350152,-0.025758,0.111827,-0.00315701,0.000382685,-0.0148703,1.75578,1.20968,0,0,0,0,0,0,0,0,0,0,0,0,2,1.75578,1.20968,0,0.344544,0.487027,3.7308e-15,0,0,0,0,0,0,0,0,0,0,0,0,0.855775,1.20968,0,0,0,0,0,0,0,0,0,0,0,0,2,0.855775,1.20968,0,1,1,0,0,0,0,0,1.3097,-0.5932,1.8186,0,0,0,0,0,0,0,-0,0,1.62521,0,0,0,0,0,0,0,0,0,0,0,0,0,0,0,0,0,0,0,0,0,0,0,0,0,0,0,0,0
22.5,-0.0107771,-0.00128598,0.0012328,-0.00842221,0.00744028,0.000860251,3.02931,2.01883,-2.29588,-0.000302667,-0.00186482,-0.015129,0.000127697,0.00311835,0.00182395,3,2,3.92699,0,0,0,0,0,0,0,0.0338933,0.00707268,0.0449894,0.014613,2,3,2,3.92699,0,0,0,0,0,0,0,0,0,0,1.5708,1.5708,0,1.5708,1.5708,0,-0.0313809,0.0213913,-0.0096726,0,0,0,1.54203,1.36925,-0.437577,0.0345858,-0.0252215,0.111472,-0.00354123,0.00215693,-0.00988647,1.75578,1.20968,0,0,0,0,0,0,0,0,0,0,0,0,2,1.75578,1.20968,0,0.344544,0.487027,3.7308e-15,0,0,0,0,0,0,0,0,0,0,0,0,0.855775,1.20968,0,0,0,0,0,0,0,0,0,0,0,0,2,0.855775,1.20968,0,1,1,0,0,0,0,0,1.3097,-0.5932,1.8186,0,0,0,0,0,0,0,-0,0,1.62294,0,0,0,0,0,0,0,0,0,0,0,0,0,0,0,0,0,0,0,0,0,0,0,0,0,0,0,0,0
22.55,-0.0100389,-0.00176548,0.00174285,-0.0165272,-0.00184643,0.00163593,3.0292,2.01852,-2.29892,-0.00050832,-0.00168625,-0.0157752,-0.000921569,0.00205677,-0.00692985,3,2,3.92699,0,0,0,0,0,0,0,0.0436914,0.0127197,0.0394517,0.0108472,2,3,2,3.92699,0,0,0,0,0,0,0,0,0,0,1.5708,1.5708,0,1.5708,1.5708,0,-0.0324543,0.0212948,-0.0108397,0,0,0,1.54891,1.36428,-0.415895,0.0340868,-0.0246034,0.109995,0.0149883,-0.0101886,0.0407488,1.75578,1.20968,0,0,0,0,0,0,0,0,0,0,0,0,2,1.75578,1.20968,0,0.344544,0.487027,3.7308e-15,0,0,0,0,0,0,0,0,0,0,0,0,0.855775,1.20968,0,0,0,0,0,0,0,0,0,0,0,0,2,0.855775,1.20968,0,1,1,0,0,0,0,0,1.3026,-0.5657,1.88,0,0,0,0,0,0,0,-0,0,1.61842,0,0,0,0,0,0,0,0,0,0,0,0,0,0,0,0,0,0,0,0,0,0,0,0,0,0,0,0,0
22.6,-0.00983742,-0.000684349,0.00216579,-0.0165328,-0.00179624,0.00163593,3.02914,2.01833,-2.30057,-0.000561315,-0.0019829,-0.0164853,0.000402139,0.00194796,0.0187758,3,2,3.92699,0,0,0,0,0,0.0050305,0,0.0467447,0.00888919,0.0415017,0.00773493,2,3,2,3.92699,0,0,0,0,0,0,0,0,0,0,1.5708,1.5708,0,1.5708,1.5708,0,-0.03391,0.0217381,-0.0093167,0,0,0,1.55232,1.36183,-0.405475,0.0341109,-0.0244441,0.104164,-0.0558233,0.041714,-0.193673,1.75578,1.20968,0,0,0,0,0,0,0,0,0,0,0,0,2,1.75578,1.20968,0,0.344544,0.487027,3.7308e-15,0,0,0,0,0,0,0,0,0,0,0,0,0.855775,1.20968,0,0,0,0,0,0,0,0,0,0,0,0,2,0.855775,1.20968,0,1,1,0,0,0,0,0,1.3026,-0.5657,1.88,0,0,0,0,0,0,0,-0,0,1.61616,0,0,0,0,0,0,0,0,0,0,0,0,0,0,0,0,0,0,0,0,0,0,0,0,0,0,0,0,0
22.65,-0.0101639,-0.000971323,0.00114102,-0.0165357,-0.00176897,0.00163593,3.0291,2.01814,-2.30194,-0.000459112,-0.00187552,-0.013689,0.00017292,-0.000290386,0.00728517,3,2,3.92699,0,0,0,0.00750266,0,0.00907339,0,0.0493825,0.00749483,0.0486545,0.00849134,2,3,2,3.92699,0,0,0,0,0,0,0,0,0,0,1.5708,1.5708,0,1.5708,1.5708,0,-0.0343938,0.01989,-0.0118365,0,0,0,1.55571,1.35947,-0.394659,0.0338521,-0.0236198,0.108188,-0.0019009,0.00479375,0.00143237,1.75578,1.20968,0,0,0,0,0,0,0,0,0,0,0,0,2,1.75578,1.20968,0,0.344544,0.487027,3.7308e-15,0,0,0,0,0,0,0,0,0,0,0,0,0.855775,1.20968,0,0,0,0,0,0,0,0,0,0,0,0,2,0.855775,1.20968,0,1,1,0,0,0,0,0,1.3026,-0.5657,1.88,0,0,0,0,0,0,0,-0,0,1.61391,0,0,0,0,0,0,0,0,0,0,0,0,0,0,0,0,0,0,0,0,0,0,0,0,0,0,0,0,0
22.7,-0.0098454,-0.00299001,0.00166297,-0.0165381,-0.00174634,0.00163593,3.02904,2.01801,-2.30341,-0.000546952,-0.00126238,-0.0146791,-0.00027865,0.00197074,-0.00115077,3,2,3.92699,0,0,0,0,0,0,0,0.0404312,0.0118039,0.0375336,0.0106743,2,3,2,3.92699,0,0,0,0,0,0,0,0,0,0,1.5708,1.5708,0,1.5708,1.5708,0,-0.0342393,0.0209558,-0.0121219,0,0,0,1.55905,1.35711,-0.383986,0.0334105,-0.0236532,0.106751,0.00442419,-0.00227467,0.0216223,1.75578,1.20968,0,0,0,0,0,0,0,0,0,0,0,0,2,1.75578,1.20968,0,0.344544,0.487027,3.7308e-15,0,0,0,0,0,0,0,0,0,0,0,0,0.855775,1.20968,0,0,0,0,0,0,0,0,0,0,0,0,2,0.855775,1.20968,0,1,1,0,0,0,0,0,1.3026,-0.5657,1.88,0,0,0,0,0,0,0,-0,0,1.61173,0,0,0,0,0,0,0,0,0,0,0,0,0,0,0,0,0,0,0,0,0,0,0,0,0,0,0,0,0
22.75,-0.0107492,-0.00390698,0.00131349,-0.0165406,-0.00172207,0.00163593,3.02901,2.01791,-2.30476,-0.000275888,-0.000979036,-0.0135474,0.000854655,0.00262179,0.00268941,3,2,3.92699,0,0,0,0,0,0.00705613,0,0.0495449,0.0111799,0.0376905,0.00657105,2,3,2,3.92699,0,0,0,0,0,0,0,0,0,0,1.5708,1.5708,0,1.5708,1.5708,0,-0.0349931,0.0228177,-0.0114724,0,0,0,1.56237,1.35472,-0.373677,0.0332384,-0.023918,0.103088,0.00282426,-0.00338009,0.00108059,1.75578,1.20968,0,0,0,0,0,0,0,0,0,0,0,0,2,1.75578,1.20968,0,0.344544,0.487027,3.7308e-15,0,0,0,0,0,0,0,0,0,0,0,0,0.855775,1.20968,0,0,0,0,0,0,0,0,0,0,0,0,2,0.855775,1.20968,0,1,1,0,0,0,0,0,1.2714,-0.5677,1.9031,0,0,0,0,0,0,0,-0,0,1.60962,0,0,0,0,0,0,0,0,0,0,0,0,0,0,0,0,0,0,0,0,0,0,0,0,0,0,0,0,0
22.8,-0.0096459,-0.00300906,0.00157553,-0.00993602,-0.0110145,0.000940773,3.02896,2.01779,-2.30615,-0.000595664,-0.00123039,-0.0139132,-0.000611185,0.000658002,0.000673154,3,2,3.92699,0,0,0,0,0,0.00216318,0,0.0525094,0.0177407,0.033384,0.00656161,2,3,2,3.92699,0,0,0,0,0,0,0,0,0,0,1.5708,1.5708,0,1.5708,1.5708,0,-0.034911,0.0220322,-0.010668,0,0,0,1.56565,1.35238,-0.363764,0.0328249,-0.0234091,0.0991245,-0.000173189,-0.000145261,-0.0179718,1.75578,1.20968,0,0,0,0,0,0,0,0,0,0,0,0,2,1.75578,1.20968,0,0.344544,0.487027,3.7308e-15,0,0,0,0,0,0,0,0,0,0,0,0,0.855775,1.20968,0,0,0,0,0,0,0,0,0,0,0,0,2,0.855775,1.20968,0,1,1,0,0,0,0,0,1.2714,-0.5677,1.9031,0,0,0,0,0,0,0,-0,0,1.60749,0,0,0,0,0,0,0,0,0,0,0,0,0,0,0,0,0,0,0,0,0,0,0,0,0,0,0,0,0
22.85,-0.00994656,-0.000280798,0.00145547,-0.00995134,-0.0110007,0.000940773,3.02891,2.01759,-2.30749,-0.000500616,-0.00201467,-0.0133501,-0.000185284,-0.00300369,0.0023891,3,2,3.92699,0,0,0,0,0,0.00641277,0,0.0484432,0.0114598,0.03599,0.00633722,2,3,2,3.92699,0,0,0,0,0,0,0,0,0,0,1.5708,1.5708,0,1.5708,1.5708,0,-0.0349053,0.0224971,-0.0120465,0,0,0,1.5689,1.35005,-0.353717,0.0324388,-0.0232701,0.100499,-0.00207155,0.000919127,-0.00793629,1.75578,1.20968,0,0,0,0,0,0,0,0,0,0,0,0,2,1.75578,1.20968,0,0.344544,0.487027,3.7308e-15,0,0,0,0,0,0,0,0,0,0,0,0,0.855775,1.20968,0,0,0,0,0,0,0,0,0,0,0,0,2,0.855775,1.20968,0,1,1,0,0,0,0,0,1.2714,-0.5677,1.9031,0,0,0,0,0,0,0,-0,0,1.60538,0,0,0,0,0,0,0,0,0,0,0,0,0,0,0,0,0,0,0,0,0,0,0,0,0,0,0,0,0
22.9,-0.00891735,0.000738123,0.00101233,-0.00996601,-0.0109874,0.000940773,3.02883,2.01736,-2.30869,-0.00079605,-0.00228925,-0.0120186,-0.00123433,-0.00339741,0.00698004,3,2,3.92699,0,0,0,0,0,0,0,0.0397195,0.00801251,0.0405126,0.00921341,2,3,2,3.92699,0,0,0,0,0,0,0,0,0,0,1.5708,1.5708,0,1.5708,1.5708,0,-0.0362457,0.0231517,-0.0103174,0,0,0,1.57214,1.34773,-0.344283,0.0324488,-0.023188,0.0943585,-0.0014435,0.0010118,-0.0278885,1.75578,1.20968,0,0,0,0,0,0,0,0,0,0,0,0,2,1.75578,1.20968,0,0.344544,0.487027,3.7308e-15,0,0,0,0,0,0,0,0,0,0,0,0,0.855775,1.20968,0,0,0,0,0,0,0,0,0,0,0,0,2,0.855775,1.20968,0,1,1,0,0,0,0,0,1.2714,-0.5677,1.9031,0,0,0,0,0,0,0,-0,0,1.60323,0,0,0,0,0,0,0,0,0,0,0,0,0,0,0,0,0,0,0,0,0,0,0,0,0,0,0,0,0
22.95,-0.00949632,-0.0022605,0.000462345,-0.00997921,-0.0109754,0.000940773,3.02876,2.01722,-2.30973,-0.000617151,-0.00138432,-0.0104553,-0.000169115,0.00152056,0.0110434,3,2,3.92699,0,0,0,0,0,0,0,0.030529,0.00749147,0.0370452,0.012317,2,3,2,3.92699,0,0,0,0,0,0,0,0,0,0,1.5708,1.5708,0,1.5708,1.5708,0,-0.0344367,0.0227794,-0.0118094,0,0,0,1.5753,1.34545,-0.334665,0.0315417,-0.0228077,0.0960974,-0.00436372,0.00210915,-0.0123692,1.75578,1.20968,0,0,0,0,0,0,0,0,0,0,0,0,2,1.75578,1.20968,0,0.344544,0.487027,3.7308e-15,0,0,0,0,0,0,0,0,0,0,0,0,0.855775,1.20968,0,0,0,0,0,0,0,0,0,0,0,0,2,0.855775,1.20968,0,1,1,0,0,0,0,0,1.2342,-0.5789,1.9152,0,0,0,0,0,0,0,-0,0,1.6012,0,0,0,0,0,0,0,0,0,0,0,0,0,0,0,0,0,0,0,0,0,0,0,0,0,0,0,0,0
23,-0.00878394,-0.00128367,0.00042769,-0.00999068,-0.010965,0.000940773,3.02868,2.01706,-2.31075,-0.000818455,-0.00165401,-0.0101663,-0.000759461,0.000506109,0.00837285,3,2,3.92699,0,0,0,0,0,0,0,0.033857,0.0222234,0.0247379,0.0134951,2,3,2,3.92699,0,0,0,0,0,0,0,0,0,0,1.5708,1.5708,0,1.5708,1.5708,0,-0.0362153,0.025935,-0.0116599,0,0,0,1.57846,1.3431,-0.325286,0.0316901,-0.0234591,0.0938504,-0.00253423,-0.00110697,-0.0146435,1.75578,1.20968,0,0,0,0,0,0,0,0,0,0,0,0,2,1.75578,1.20968,0,0.344544,0.487027,3.7308e-15,0,0,0,0,0,0,0,0,0,0,0,0,0.855775,1.20968,0,0,0,0,0,0,0,0,0,0,0,0,2,0.855775,1.20968,0,1,1,0,0,0,0,0,1.2342,-0.5789,1.9152,0,0,0,0,0,0,0,-0,0,1.59917,0,0,0,0,0,0,0,0,0,0,0,0,0,0,0,0,0,0,0,0,0,0,0,0,0,0,0,0,0
23.05,-0.00881985,-0.00125481,0.000302728,0,-0,0,3.0286,2.01689,-2.31172,-0.000798293,-0.00164297,-0.00966492,-0.000457817,0.000205596,0.00663703,3,2,3.92699,0,0,0,0,0,0,0,0.0291435,0.0186213,0.0246323,0.0144634,2,3,2,3.92699,0,0,0,0,0,0,0,0,0,0,1.5708,1.5708,0,1.5708,1.5708,0,-0.0375166,0.0180316,-0.0111121,0,0,0,1.58163,1.34101,-0.316217,0.0316974,-0.0208838,0.0906864,-0.00114466,0.00911675,-0.0214456,1.75578,1.20968,0,0,0,0,0,0,0,0,0,0,0,0,2,1.75578,1.20968,0,0.344544,0.487027,3.7308e-15,0,0,0,0,0,0,0,0,0,0,0,0,0.855775,1.20968,0,0,0,0,0,0,0,0,0,0,0,0,2,0.855775,1.20968,0,1,1,0,0,0,0,0,1.2342,-0.5789,1.9152,0,0,0,0,0,0,0,-0,0,1.59704,0,0,0,0,0,0,0,0,0,0,0,0,0,0,0,0,0,0,0,0,0,0,0,0,0,0,0,0,0
23.1,-0.00815655,0.000665103,0.000351826,0,-0,0,3.0285,2.01667,-2.31268,-0.000983075,-0.00218569,-0.00959319,-0.000972421,-0.00208614,0.00403622,3,2,3.92699,0,0,0,0,0,0,0,0.0274931,0.0203298,0.0231434,0.0162207,2,3,2,3.92699,0,0,0,0,0,0,0,0,0,0,1.5708,1.5708,0,1.5708,1.5708,0,-0.0367989,0.0185035,-0.0105638,0,0,0,1.58475,1.33894,-0.307452,0.0311168,-0.0207763,0.0875821,-0.00281926,0.00728803,-0.0262017,1.75578,1.20968,0,0,0,0,0,0,0,0,0,0,0,0,2,1.75578,1.20968,0,0.344544,0.487027,3.7308e-15,0,0,0,0,0,0,0,0,0,0,0,0,0.855775,1.20968,0,0,0,0,0,0,0,0,0,0,0,0,2,0.855775,1.20968,0,1,1,0,0,0,0,0,1.2342,-0.5789,1.9152,0,0,0,0,0,0,0,-0,0,1.59492,0,0,0,0,0,0,0,0,0,0,0,0,0,0,0,0,0,0,0,0,0,0,0,0,0,0,0,0,0
23.15,-0.00815655,0.000665103,0.000351826,0,-0,0,3.0285,2.01667,-2.31268,-0.000983075,-0.00218569,-0.00959319,-0.000972421,-0.00208614,0.00403622,3,2,3.92699,0,0,0,0,0,0,0,0.0214546,0.0134508,0.0263368,0.0186018,2,3,2,3.92699,0,0,0,0,0,0,0,0,0,0,1.5708,1.5708,0,1.5708,1.5708,0,-0.0367989,0.0185035,-0.0105638,0,0,0,1.58475,1.33894,-0.307452,0.0311168,-0.0207763,0.0875821,-0.00281926,0.00728803,-0.0262017,1.75578,1.20968,0,0,0,0,0,0,0,0,0,0,0,0,2,1.75578,1.20968,0,0.344544,0.487027,3.7308e-15,0,0,0,0,0,0,0,0,0,0,0,0,0.855775,1.20968,0,0,0,0,0,0,0,0,0,0,0,0,2,0.855775,1.20968,0,1,1,0,0,0,0,0,1.3175,-0.4765,2.0336,0,0,0,0,0,0,0,-0,0,1.59492,0,0,0,0,0,0,0,0,0,0,0,0,0,0,0,0,0,0,0,0,0,0,0,0,0,0,0,0,0
23.2,-0.0081693,0.0023693,-3.7626e-05,0,-0,0,3.02841,2.01641,-2.31352,-0.000967769,-0.00265892,-0.00846521,-0.000588965,-0.00344573,0.00661198,3,2,3.92699,0,0,0,0,0,0,0,0.0214546,0.0134508,0.0263368,0.0186018,2,3,2,3.92699,0,0,0,0,0,0,0,0,0,0,1.5708,1.5708,0,1.5708,1.5708,0,-0.0369158,0.020973,-0.0118324,0,0,0,1.58782,1.33681,-0.298569,0.0307866,-0.0212518,0.0889194,-0.00334873,0.00230233,-0.011344,1.75578,1.20968,0,0,0,0,0,0,0,0,0,0,0,0,2,1.75578,1.20968,0,0.344544,0.487027,3.7308e-15,0,0,0,0,0,0,0,0,0,0,0,0,0.855775,1.20968,0,0,0,0,0,0,0,0,0,0,0,0,2,0.855775,1.20968,0,1,1,0,0,0,0,0,1.3175,-0.4765,2.0336,0,0,0,0,0,0,0,-0,0,1.59284,0,0,0,0,0,0,0,0,0,0,0,0,0,0,0,0,0,0,0,0,0,0,0,0,0,0,0,0,0
23.25,-0.0081693,0.0023693,-3.7626e-05,0,-0,0,3.02841,2.01641,-2.31352,-0.000967769,-0.00265892,-0.00846521,-0.000588965,-0.00344573,0.00661198,3,2,3.92699,0,0,0,0,0,0,0,0.0116669,0.0146085,0.0250636,0.0279064,2,3,2,3.92699,0,0,0,0,0,0,0,0,0,0,1.5708,1.5708,0,1.5708,1.5708,0,-0.0369158,0.020973,-0.0118324,0,0,0,1.58782,1.33681,-0.298569,0.0307866,-0.0212518,0.0889194,-0.00334873,0.00230233,-0.011344,1.75578,1.20968,0,0,0,0,0,0,0,0,0,0,0,0,2,1.75578,1.20968,0,0.344544,0.487027,3.7308e-15,0,0,0,0,0,0,0,0,0,0,0,0,0.855775,1.20968,0,0,0,0,0,0,0,0,0,0,0,0,2,0.855775,1.20968,0,1,1,0,0,0,0,0,1.3175,-0.4765,2.0336,0,0,0,0,0,0,0,-0,0,1.59284,0,0,0,0,0,0,0,0,0,0,0,0,0,0,0,0,0,0,0,0,0,0,0,0,0,0,0,0,0
23.3,-0.00709153,0.0028837,-0.000994153,0,-0,0,3.02828,2.01613,-2.31412,-0.00127191,-0.00277819,-0.00599117,-0.00152086,-0.00273972,0.0141711,3,2,3.92699,0,0,0,0,0,0,0,0.0116669,0.0146085,0.0250636,0.0279064,2,3,2,3.92699,0,0,0,0,0,0,0,0,0,0,1.5708,1.5708,0,1.5708,1.5708,0,-0.036119,0.0213199,-0.0102342,0,0,0,1.59084,1.3347,-0.290236,0.0301939,-0.0211037,0.0833218,-0.00433031,0.00121707,-0.0268218,1.75578,1.20968,0,0,0,0,0,0,0,0,0,0,0,0,2,1.75578,1.20968,0,0.344544,0.487027,3.7308e-15,0,0,0,0,0,0,0,0,0,0,0,0,0.855775,1.20968,0,0,0,0,0,0,0,0,0,0,0,0,2,0.855775,1.20968,0,1,1,0,0,0,0,0,1.3175,-0.4765,2.0336,0,0,0,0,0,0,0,-0,0,1.59078,0,0,0,0,0,0,0,0,0,0,0,0,0,0,0,0,0,0,0,0,0,0,0,0,0,0,0,0,0
23.35,-0.00709153,0.0028837,-0.000994153,0,-0,0,3.02828,2.01613,-2.31412,-0.00127191,-0.00277819,-0.00599117,-0.00152086,-0.00273972,0.0141711,3,2,3.92699,0,0,0,0,0.00592602,0,0,0.00276041,0.021874,0.0111339,0.0379228,2,3,2,3.92699,0,0,0,0,0,0,0,0,0,0,1.5708,1.5708,0,1.5708,1.5708,0,-0.036119,0.0213199,-0.0102342,0,0,0,1.59084,1.3347,-0.290236,0.0301939,-0.0211037,0.0833218,-0.00433031,0.00121707,-0.0268218,1.75578,1.20968,0,0,0,0,0,0,0,0,0,0,0,0,2,1.75578,1.20968,0,0.344544,0.487027,3.7308e-15,0,0,0,0,0,0,0,0,0,0,0,0,0.855775,1.20968,0,0,0,0,0,0,0,0,0,0,0,0,2,0.855775,1.20968,0,1,1,0,0,0,0,0,1.2922,-0.4906,2.0301,0,0,0,0,0,0,0,-0,0,1.59078,0,0,0,0,0,0,0,0,0,0,0,0,0,0,0,0,0,0,0,0,0,0,0,0,0,0,0,0,0
23.4,-0.00819023,0.000992015,-0.000666964,0,-0,0,3.02819,2.01591,-2.31479,-0.000935245,-0.0021916,-0.00666274,0.000307709,0.000798925,0.0068628,3,2,3.92699,0,0,0,0,0.00592602,0,0,0.00276041,0.021874,0.0111339,0.0379228,2,3,2,3.92699,0,0,0,0,0,0,0,0,0,0,1.5708,1.5708,0,1.5708,1.5708,0,-0.0380312,0.024528,-0.0111512,0,0,0,1.59388,1.33252,-0.281848,0.0303967,-0.0217902,0.0838941,-0.00197659,-0.002122,-0.0160667,1.75578,1.20968,0,0,0,0,0,0,0,0,0,0,0,0,2,1.75578,1.20968,0,0.344544,0.487027,3.7308e-15,0,0,0,0,0,0,0,0,0,0,0,0,0.855775,1.20968,0,0,0,0,0,0,0,0,0,0,0,0,2,0.855775,1.20968,0,1,1,0,0,0,0,0,1.2922,-0.4906,2.0301,0,0,0,0,0,0,0,-0,0,1.58879,0,0,0,0,0,0,0,0,0,0,0,0,0,0,0,0,0,0,0,0,0,0,0,0,0,0,0,0,0
23.45,-0.00819023,0.000992015,-0.000666964,0,-0,0,3.02819,2.01591,-2.31479,-0.000935245,-0.0021916,-0.00666274,0.000307709,0.000798925,0.0068628,3,2,3.92699,0,0,0,0,0,0,0,0.00756954,0.0259533,0.0138915,0.0326417,2,3,2,3.92699,0,0,0,0,0,0,0,0,0,0,1.5708,1.5708,0,1.5708,1.5708,0,-0.0380312,0.024528,-0.0111512,0,0,0,1.59388,1.33252,-0.281848,0.0303967,-0.0217902,0.0838941,-0.00197659,-0.002122,-0.0160667,1.75578,1.20968,0,0,0,0,0,0,0,0,0,0,0,0,2,1.75578,1.20968,0,0.344544,0.487027,3.7308e-15,0,0,0,0,0,0,0,0,0,0,0,0,0.855775,1.20968,0,0,0,0,0,0,0,0,0,0,0,0,2,0.855775,1.20968,0,1,1,0,0,0,0,0,1.2922,-0.4906,2.0301,0,0,0,0,0,0,0,-0,0,1.58879,0,0,0,0,0,0,0,0,0,0,0,0,0,0,0,0,0,0,0,0,0,0,0,0,0,0,0,0,0
23.5,-0.00841099,0.00170199,-0.000275454,0,-0,0,3.0281,2.01567,-2.31554,-0.00085959,-0.00237364,-0.00747629,0.000734292,0.000230714,-0.000120451,3,2,3.92699,0,0,0,0,0,0,0,0.00756954,0.0259533,0.0138915,0.0326417,2,3,2,3.92699,0,0,0,0,0,0,0,0,0,0,1.5708,1.5708,0,1.5708,1.5708,0,-0.0362439,0.0255809,-0.0104873,0,0,0,1.59683,1.33034,-0.273786,0.0295203,-0.0218414,0.0806466,-0.00436179,-0.00193646,-0.0211463,1.75578,1.20968,0,0,0,0,0,0,0,0,0,0,0,0,2,1.75578,1.20968,0,0.344544,0.487027,3.7308e-15,0,0,0,0,0,0,0,0,0,0,0,0,0.855775,1.20968,0,0,0,0,0,0,0,0,0,0,0,0,2,0.855775,1.20968,0,1,1,0,0,0,0,0,1.2922,-0.4906,2.0301,0,0,0,0,0,0,0,-0,0,1.58689,0,0,0,0,0,0,0,0,0,0,0,0,0,0,0,0,0,0,0,0,0,0,0,0,0,0,0,0,0
23.55,-0.00841099,0.00170199,-0.000275454,0,-0,0,3.0281,2.01567,-2.31554,-0.00085959,-0.00237364,-0.00747629,0.000734292,0.000230714,-0.000120451,3,2,3.92699,0,0,0,0,0,0,0,0.0108939,0.0200376,0.0210809,0.0299176,2,3,2,3.92699,0,0,0,0,0,0,0,0,0,0,1.5708,1.5708,0,1.5708,1.5708,0,-0.0362439,0.0255809,-0.0104873,0,0,0,1.59683,1.33034,-0.273786,0.0295203,-0.0218414,0.0806466,-0.00436179,-0.00193646,-0.0211463,1.75578,1.20968,0,0,0,0,0,0,0,0,0,0,0,0,2,1.75578,1.20968,0,0.344544,0.487027,3.7308e-15,0,0,0,0,0,0,0,0,0,0,0,0,0.855775,1.20968,0,0,0,0,0,0,0,0,0,0,0,0,2,0.855775,1.20968,0,1,1,0,0,0,0,0,1.3039,-0.4679,2.0625,0,0,0,0,0,0,0,-0,0,1.58689,0,0,0,0,0,0,0,0,0,0,0,0,0,0,0,0,0,0,0,0,0,0,0,0,0,0,0,0,0
23.6,-0.00771056,0.00241961,-0.00095488,0,-0,0,3.028,2.01542,-2.3161,-0.00105453,-0.00255576,-0.00569019,-0.000280802,-0.000667572,0.00611475,3,2,3.92699,0,0,0,0,0,0,0,0.0108939,0.0200376,0.0210809,0.0299176,2,3,2,3.92699,0,0,0,0,0,0,0,0,0,0,1.5708,1.5708,0,1.5708,1.5708,0,-0.0348378,0.0241195,-0.0117164,0,0,0,1.59971,1.32822,-0.265582,0.0287651,-0.0211601,0.082023,-0.00594159,0.00157143,-0.00783495,1.75578,1.20968,0,0,0,0,0,0,0,0,0,0,0,0,2,1.75578,1.20968,0,0.344544,0.487027,3.7308e-15,0,0,0,0,0,0,0,0,0,0,0,0,0.855775,1.20968,0,0,0,0,0,0,0,0,0,0,0,0,2,0.855775,1.20968,0,1,1,0,0,0,0,0,1.3039,-0.4679,2.0625,0,0,0,0,0,0,0,-0,0,1.585,0,0,0,0,0,0,0,0,0,0,0,0,0,0,0,0,0,0,0,0,0,0,0,0,0,0,0,0,0
23.65,-0.00771056,0.00241961,-0.00095488,0,-0,0,3.028,2.01542,-2.3161,-0.00105453,-0.00255576,-0.00569019,-0.000280802,-0.000667572,0.00611475,3,2,3.92699,0,0,0,0,0.0031242,0,0,0.00367143,0.0236022,0.0117514,0.0381717,2,3,2,3.92699,0,0,0,0,0,0,0,0,0,0,1.5708,1.5708,0,1.5708,1.5708,0,-0.0348378,0.0241195,-0.0117164,0,0,0,1.59971,1.32822,-0.265582,0.0287651,-0.0211601,0.082023,-0.00594159,0.00157143,-0.00783495,1.75578,1.20968,0,0,0,0,0,0,0,0,0,0,0,0,2,1.75578,1.20968,0,0.344544,0.487027,3.7308e-15,0,0,0,0,0,0,0,0,0,0,0,0,0.855775,1.20968,0,0,0,0,0,0,0,0,0,0,0,0,2,0.855775,1.20968,0,1,1,0,0,0,0,0,1.3039,-0.4679,2.0625,0,0,0,0,0,0,0,-0,0,1.585,0,0,0,0,0,0,0,0,0,0,0,0,0,0,0,0,0,0,0,0,0,0,0,0,0,0,0,0,0
23.7,-0.00806754,0.00207843,-3.12684e-05,0,-0,0,3.0279,2.01518,-2.31689,-0.000937583,-0.00242575,-0.00780652,0.000162153,-7.58021e-07,-0.00393556,3,2,3.92699,0,0,0,0,0.0031242,0,0,0.00367143,0.0236022,0.0117514,0.0381717,2,3,2,3.92699,0,0,0,0,0,0,0,0,0,0,1.5708,1.5708,0,1.5708,1.5708,0,-0.0353278,0.0250101,-0.00998335,0,0,0,1.60257,1.32611,-0.257959,0.0285707,-0.0211713,0.0762361,-0.00458362,0.00139204,-0.0260972,1.75578,1.20968,0,0,0,0,0,0,0,0,0,0,0,0,2,1.75578,1.20968,0,0.344544,0.487027,3.7308e-15,0,0,0,0,0,0,0,0,0,0,0,0,0.855775,1.20968,0,0,0,0,0,0,0,0,0,0,0,0,2,0.855775,1.20968,0,1,1,0,0,0,0,0,1.3039,-0.4679,2.0625,0,0,0,0,0,0,0,-0,0,1.58316,0,0,0,0,0,0,0,0,0,0,0,0,0,0,0,0,0,0,0,0,0,0,0,0,0,0,0,0,0
23.75,-0.00806754,0.00207843,-3.12684e-05,0,-0,0,3.0279,2.01518,-2.31689,-0.000937583,-0.00242575,-0.00780652,0.000162153,-7.58021e-07,-0.00393556,3,2,3.92699,0,0,0,0,0,0,0,0.0123983,0.0150599,0.0242088,0.0267809,2,3,2,3.92699,0,0,0,0,0,0,0,0,0,0,1.5708,1.5708,0,1.5708,1.5708,0,-0.0353278,0.0250101,-0.00998335,0,0,0,1.60257,1.32611,-0.257959,0.0285707,-0.0211713,0.0762361,-0.00458362,0.00139204,-0.0260972,1.75578,1.20968,0,0,0,0,0,0,0,0,0,0,0,0,2,1.75578,1.20968,0,0.344544,0.487027,3.7308e-15,0,0,0,0,0,0,0,0,0,0,0,0,0.855775,1.20968,0,0,0,0,0,0,0,0,0,0,0,0,2,0.855775,1.20968,0,1,1,0,0,0,0,0,1.3116,-0.4498,2.09,0,0,0,0,0,0,0,-0,0,1.58316,0,0,0,0,0,0,0,0,0,0,0,0,0,0,0,0,0,0,0,0,0,0,0,0,0,0,0,0,0
23.8,-0.00796187,0.00333876,-0.00015333,0,-0,0,3.02781,2.0149,-2.31762,-0.000957476,-0.00276618,-0.00735863,7.80074e-05,-0.00126992,-0.00193236,3,2,3.92699,0,0,0,0,0,0,0,0.0123983,0.0150599,0.0242088,0.0267809,2,3,2,3.92699,0,0,0,0,0,0,0,0,0,0,1.5708,1.5708,0,1.5708,1.5708,0,-0.0307113,0.0255409,-0.0105997,0,0,0,1.60526,1.324,-0.25034,0.0268923,-0.0210779,0.0762237,-0.00927951,0.00118879,-0.0182056,1.75578,1.20968,0,0,0,0,0,0,0,0,0,0,0,0,2,1.75578,1.20968,0,0.344544,0.487027,3.7308e-15,0,0,0,0,0,0,0,0,0,0,0,0,0.855775,1.20968,0,0,0,0,0,0,0,0,0,0,0,0,2,0.855775,1.20968,0,1,1,0,0,0,0,0,1.3116,-0.4498,2.09,0,0,0,0,0,0,0,-0,0,1.58145,0,0,0,0,0,0,0,0,0,0,0,0,0,0,0,0,0,0,0,0,0,0,0,0,0,0,0,0,0
23.85,-0.00796187,0.00333876,-0.00015333,0,-0,0,3.02781,2.0149,-2.31762,-0.000957476,-0.00276618,-0.00735863,7.80074e-05,-0.00126992,-0.00193236,3,2,3.92699,0,0,0,0,0,0,0,0.00713636,0.0134302,0.0251472,0.0312297,2,3,2,3.92699,0,0,0,0,0,0,0,0,0,0,1.5708,1.5708,0,1.5708,1.5708,0,-0.0307113,0.0255409,-0.0105997,0,0,0,1.60526,1.324,-0.25034,0.0268923,-0.0210779,0.0762237,-0.00927951,0.00118879,-0.0182056,1.75578,1.20968,0,0,0,0,0,0,0,0,0,0,0,0,2,1.75578,1.20968,0,0.344544,0.487027,3.7308e-15,0,0,0,0,0,0,0,0,0,0,0,0,0.855775,1.20968,0,0,0,0,0,0,0,0,0,0,0,0,2,0.855775,1.20968,0,1,1,0,0,0,0,0,1.3116,-0.4498,2.09,0,0,0,0,0,0,0,-0,0,1.58145,0,0,0,0,0,0,0,0,0,0,0,0,0,0,0,0,0,0,0,0,0,0,0,0,0,0,0,0,0
23.9,-0.00829236,0.00068838,6.16881e-05,0,-0,0,3.02772,2.0147,-2.31839,-0.000849428,-0.00195759,-0.00773265,0.00046583,0.00229274,-0.00239419,3,2,3.92699,0,0,0,0,0,0,0,0.00713636,0.0134302,0.0251472,0.0312297,2,3,2,3.92699,0,0,0,0,0,0,0,0,0,0,1.5708,1.5708,0,1.5708,1.5708,0,-0.0350234,0.0340352,-0.0116633,0,0,0,1.60804,1.32167,-0.24261,0.0278322,-0.0233032,0.0772883,-0.00241373,-0.00823564,-0.00550137,1.75578,1.20968,0,0,0,0,0,0,0,0,0,0,0,0,2,1.75578,1.20968,0,0.344544,0.487027,3.7308e-15,0,0,0,0,0,0,0,0,0,0,0,0,0.855775,1.20968,0,0,0,0,0,0,0,0,0,0,0,0,2,0.855775,1.20968,0,1,1,0,0,0,0,0,1.3116,-0.4498,2.09,0,0,0,0,0,0,0,-0,0,1.57981,0,0,0,0,0,0,0,0,0,0,0,0,0,0,0,0,0,0,0,0,0,0,0,0,0,0,0,0,0
23.95,-0.00829236,0.00068838,6.16881e-05,0,-0,0,3.02772,2.0147,-2.31839,-0.000849428,-0.00195759,-0.00773265,0.00046583,0.00229274,-0.00239419,3,2,3.92699,0,0,0,0,0,0,0,0.017951,0.0177335,0.0228694,0.0226592,2,3,2,3.92699,0,0,0,0,0,0,0,0,0,0,1.5708,1.5708,0,1.5708,1.5708,0,-0.0350234,0.0340352,-0.0116633,0,0,0,1.60804,1.32167,-0.24261,0.0278322,-0.0233032,0.0772883,-0.00241373,-0.00823564,-0.00550137,1.75578,1.20968,0,0,0,0,0,0,0,0,0,0,0,0,2,1.75578,1.20968,0,0.344544,0.487027,3.7308e-15,0,0,0,0,0,0,0,0,0,0,0,0,0.855775,1.20968,0,0,0,0,0,0,0,0,0,0,0,0,2,0.855775,1.20968,0,1,1,0,0,0,0,0,1.3321,-0.4192,2.1296,0,0,0,0,0,0,0,-0,0,1.57981,0,0,0,0,0,0,0,0,0,0,0,0,0,0,0,0,0,0,0,0,0,0,0,0,0,0,0,0,0
24,-0.00869114,-0.00144111,0.000166922,0,-0,0,3.02765,2.01457,-2.31918,-0.000722662,-0.00131105,-0.0078345,0.000839789,0.00444497,-0.00189773,3,2,3.92699,0,0,0,0,0,0,0,0.017951,0.0177335,0.0228694,0.0226592,2,3,2,3.92699,0,0,0,0,0,0,0,0,0,0,1.5708,1.5708,0,1.5708,1.5708,0,-0.0283307,0.0225684,-0.00952234,0,0,0,1.61059,1.3197,-0.235549,0.0255581,-0.0196926,0.0706116,-0.00964026,0.00823394,-0.0283553,1.75578,1.20968,0,0,0,0,0,0,0,0,0,0,0,0,2,1.75578,1.20968,0,0.344544,0.487027,3.7308e-15,0,0,0,0,0,0,0,0,0,0,0,0,0.855775,1.20968,0,0,0,0,0,0,0,0,0,0,0,0,2,0.855775,1.20968,0,1,1,0,0,0,0,0,1.3321,-0.4192,2.1296,0,0,0,0,0,0,0,-0,0,1.57825,0,0,0,0,0,0,0,0,0,0,0,0,0,0,0,0,0,0,0,0,0,0,0,0,0,0,0,0,0
24.05,-0.00869114,-0.00144111,0.000166922,0,-0,0,3.02765,2.01457,-2.31918,-0.000722662,-0.00131105,-0.0078345,0.000839789,0.00444497,-0.00189773,3,2,3.92699,0,0,0,0,0,0,0,0.0260383,0.0224168,0.0204818,0.0169819,2,3,2,3.92699,0,0,0,0,0,0,0,0,0,0,1.5708,1.5708,0,1.5708,1.5708,0,-0.0283307,0.0225684,-0.00952234,0,0,0,1.61059,1.3197,-0.235549,0.0255581,-0.0196926,0.0706116,-0.00964026,0.00823394,-0.0283553,1.75578,1.20968,0,0,0,0,0,0,0,0,0,0,0,0,2,1.75578,1.20968,0,0.344544,0.487027,3.7308e-15,0,0,0,0,0,0,0,0,0,0,0,0,0.855775,1.20968,0,0,0,0,0,0,0,0,0,0,0,0,2,0.855775,1.20968,0,1,1,0,0,0,0,0,1.3321,-0.4192,2.1296,0,0,0,0,0,0,0,-0,0,1.57825,0,0,0,0,0,0,0,0,0,0,0,0,0,0,0,0,0,0,0,0,0,0,0,0,0,0,0,0,0
24.1,-0.00794497,-0.000350254,0.000443189,0,-0,0,3.02756,2.01441,-2.32001,-0.000932608,-0.00161497,-0.00834695,-0.000284326,0.00174507,-0.00312236,3,2,3.92699,0,0,0,0,0,0,0,0.0260383,0.0224168,0.0204818,0.0169819,2,3,2,3.92699,0,0,0,0,0,0,0,0,0,0,1.5708,1.5708,0,1.5708,1.5708,0,-0.0286114,0.025201,-0.00710786,0,0,0,1.61313,1.31768,-0.229208,0.0253403,-0.020228,0.063407,-0.00762757,0.0050257,-0.048881,1.75578,1.20968,0,0,0,0,0,0,0,0,0,0,0,0,2,1.75578,1.20968,0,0.344544,0.487027,3.7308e-15,0,0,0,0,0,0,0,0,0,0,0,0,0.855775,1.20968,0,0,0,0,0,0,0,0,0,0,0,0,2,0.855775,1.20968,0,1,1,0,0,0,0,0,1.3321,-0.4192,2.1296,0,0,0,0,0,0,0,-0,0,1.57672,0,0,0,0,0,0,0,0,0,0,0,0,0,0,0,0,0,0,0,0,0,0,0,0,0,0,0,0,0
24.15,-0.00794497,-0.000350254,0.000443189,0,-0,0,3.02756,2.01441,-2.32001,-0.000932608,-0.00161497,-0.00834695,-0.000284326,0.00174507,-0.00312236,3,2,3.92699,0,0,0,0,0,0,0,0.0251034,0.0142975,0.0246221,0.014179,2,3,2,3.92699,0,0,0,0,0,0,0,0,0,0,1.5708,1.5708,0,1.5708,1.5708,0,-0.0286114,0.025201,-0.00710786,0,0,0,1.61313,1.31768,-0.229208,0.0253403,-0.020228,0.063407,-0.00762757,0.0050257,-0.048881,1.75578,1.20968,0,0,0,0,0,0,0,0,0,0,0,0,2,1.75578,1.20968,0,0.344544,0.487027,3.7308e-15,0,0,0,0,0,0,0,0,0,0,0,0,0.855775,1.20968,0,0,0,0,0,0,0,0,0,0,0,0,2,0.855775,1.20968,0,1,1,0,0,0,0,0,1.2764,-0.4653,2.0908,0,0,0,0,0,0,0,-0,0,1.57672,0,0,0,0,0,0,0,0,0,0,0,0,0,0,0,0,0,0,0,0,0,0,0,0,0,0,0,0,0
24.2,-0.00869056,0.000496232,0.000519121,0,-0,0,3.02748,2.01423,-2.32085,-0.000703323,-0.00184378,-0.00836607,0.000593643,-0.000231078,-0.00211359,3,2,3.92699,0,0,0,0,0,0,0,0.0251034,0.0142975,0.0246221,0.014179,2,3,2,3.92699,0,0,0,0,0,0,0,0,0,0,1.5708,1.5708,0,1.5708,1.5708,0,-0.0239053,0.0213747,-0.00748314,0,0,0,1.6155,1.31579,-0.222903,0.0236737,-0.0188774,0.0630656,-0.0109777,0.00798883,-0.0335209,1.75578,1.20968,0,0,0,0,0,0,0,0,0,0,0,0,2,1.75578,1.20968,0,0.344544,0.487027,3.7308e-15,0,0,0,0,0,0,0,0,0,0,0,0,0.855775,1.20968,0,0,0,0,0,0,0,0,0,0,0,0,2,0.855775,1.20968,0,1,1,0,0,0,0,0,1.2764,-0.4653,2.0908,0,0,0,0,0,0,0,-0,0,1.57529,0,0,0,0,0,0,0,0,0,0,0,0,0,0,0,0,0,0,0,0,0,0,0,0,0,0,0,0,0
24.25,-0.00869056,0.000496232,0.000519121,0,-0,0,3.02748,2.01423,-2.32085,-0.000703323,-0.00184378,-0.00836607,0.000593643,-0.000231078,-0.00211359,3,2,3.92699,0,0,0,0,0,0,0,0.0255691,0.0130921,0.0293163,0.0172584,2,3,2,3.92699,0,0,0,0,0,0,0,0,0,0,1.5708,1.5708,0,1.5708,1.5708,0,-0.0239053,0.0213747,-0.00748314,0,0,0,1.6155,1.31579,-0.222903,0.0236737,-0.0188774,0.0630656,-0.0109777,0.00798883,-0.0335209,1.75578,1.20968,0,0,0,0,0,0,0,0,0,0,0,0,2,1.75578,1.20968,0,0.344544,0.487027,3.7308e-15,0,0,0,0,0,0,0,0,0,0,0,0,0.855775,1.20968,0,0,0,0,0,0,0,0,0,0,0,0,2,0.855775,1.20968,0,1,1,0,0,0,0,0,1.2764,-0.4653,2.0908,0,0,0,0,0,0,0,-0,0,1.57529,0,0,0,0,0,0,0,0,0,0,0,0,0,0,0,0,0,0,0,0,0,0,0,0,0,0,0,0,0
24.3,-0.00881285,0.00206607,0.000766464,0,-0,0,3.02742,2.014,-2.32173,-0.00065923,-0.00228167,-0.00879831,0.000651007,-0.00215714,-0.00286537,3,2,3.92699,0,0,0,0,0,0,0,0.0255691,0.0130921,0.0293163,0.0172584,2,3,2,3.92699,0,0,0,0,0,0,0,0,0,0,1.5708,1.5708,0,1.5708,1.5708,0,-0.0272198,0.0240172,-0.00575214,0,0,0,1.61793,1.31385,-0.217138,0.024361,-0.0194253,0.0576561,-0.00428288,0.00299605,-0.0396218,1.75578,1.20968,0,0,0,0,0,0,0,0,0,0,0,0,2,1.75578,1.20968,0,0.344544,0.487027,3.7308e-15,0,0,0,0,0,0,0,0,0,0,0,0,0.855775,1.20968,0,0,0,0,0,0,0,0,0,0,0,0,2,0.855775,1.20968,0,1,1,0,0,0,0,0,1.2764,-0.4653,2.0908,0,0,0,0,0,0,0,-0,0,1.57381,0,0,0,0,0,0,0,0,0,0,0,0,0,0,0,0,0,0,0,0,0,0,0,0,0,0,0,0,0
24.35,-0.00881285,0.00206607,0.000766464,0,-0,0,3.02742,2.014,-2.32173,-0.00065923,-0.00228167,-0.00879831,0.000651007,-0.00215714,-0.00286537,3,2,3.92699,0,0,0,0,0,0,0,0.0245256,0.00681445,0.0363101,0.0183088,2,3,2,3.92699,0,0,0,0,0,0,0,0,0,0,1.5708,1.5708,0,1.5708,1.5708,0,-0.0272198,0.0240172,-0.00575214,0,0,0,1.61793,1.31385,-0.217138,0.024361,-0.0194253,0.0576561,-0.00428288,0.00299605,-0.0396218,1.75578,1.20968,0,0,0,0,0,0,0,0,0,0,0,0,2,1.75578,1.20968,0,0.344544,0.487027,3.7308e-15,0,0,0,0,0,0,0,0,0,0,0,0,0.855775,1.20968,0,0,0,0,0,0,0,0,0,0,0,0,2,0.855775,1.20968,0,1,1,0,0,0,0,0,1.2008,-0.5318,2.0306,0,0,0,0,0,0,1.36198,-0.52579,3.56619,1.57381,0,0,0,0,1,0,0,0,0,0,0,0,0,0,0,0,0,0,0,0,0,0,0,0,0,0,0,0,0
24.4,-0.00909491,0.00277903,0.000362704,0,-0,0,3.02736,2.01375,-2.32249,-0.00056888,-0.00246352,-0.00765128,0.00075987,-0.00228214,0.0027631,3,2,3.92699,0,0,0,0,0,0,0,0.0245256,0.00681445,0.0363101,0.0183088,2,3,2,3.92699,0,0,0,0,0,0,0,0,0,0,1.5708,1.5708,0,1.5708,1.5708,0,-0.0281064,0.0245545,-0.005776,0,0,0,1.62036,1.31191,-0.21148,0.0243336,-0.0193541,0.0565808,-0.00178089,0.00141255,-0.0289291,1.75578,1.20968,0,0,0,0,0,0,0,0,0,0,0,0,2,1.75578,1.20968,0,0.344544,0.487027,3.7308e-15,0,0,0,0,0,0,0,0,0,0,0,0,0.855775,1.20968,0,0,0,0,0,0,0,0,0,0,0,0,2,0.855775,1.20968,0,1,1,0,0,0,0,0,1.2008,-0.5318,2.0306,0,0,0,0,0,0,1.36198,-0.52579,3.56619,1.57233,0,0,0,0,1,0,0,0,0,0,0,0,0,0,0,0,0,0,0,0,0,0,0,0,0,0,0,0,0
24.45,-0.00909491,0.00277903,0.000362704,0,-0,0,3.02736,2.01375,-2.32249,-0.00056888,-0.00246352,-0.00765128,0.00075987,-0.00228214,0.0027631,3,2,3.92699,0,0,0,0,0,0,0,0.0183029,0.0107606,0.0333416,0.0260527,2,3,2,3.92699,0,0,0,0,0,0,0,0,0,0,1.5708,1.5708,0,1.5708,1.5708,0,-0.0281064,0.0245545,-0.005776,0,0,0,1.62036,1.31191,-0.21148,0.0243336,-0.0193541,0.0565808,-0.00178089,0.00141255,-0.0289291,1.75578,1.20968,0,0,0,0,0,0,0,0,0,0,0,0,2,1.75578,1.20968,0,0.344544,0.487027,3.7308e-15,0,0,0,0,0,0,0,0,0,0,0,0,0.855775,1.20968,0,0,0,0,0,0,0,0,0,0,0,0,2,0.855775,1.20968,0,1,1,0,0,0,0,0,1.2008,-0.5318,2.0306,0,0,0,0,0,0,1.36198,-0.52579,3.56619,1.57233,0,0,0,0,1,0,0,0,0,0,0,0,0,0,0,0,0,0,0,0,0,0,0,0,0,0,0,0,0
24.5,-0.00968914,0.00219838,0.000813388,0,-0,0,3.02732,2.01353,-2.32335,-0.000388196,-0.00226448,-0.00858812,0.00119296,-0.00059194,-0.0013225,3,2,3.92699,0,0,0,0,0,0,0,0.0183029,0.0107606,0.0333416,0.0260527,2,3,2,3.92699,0,0,0,0,0,0,0,0,0,0,1.5708,1.5708,0,1.5708,1.5708,0,-0.024324,0.0173383,-0.00580814,0,0,0,1.62266,1.31021,-0.205926,0.0229476,-0.0170269,0.0555466,-0.006269,0.00993251,-0.020056,1.75578,1.20968,0,0,0,0,0,0,0,0,0,0,0,0,2,1.75578,1.20968,0,0.344544,0.487027,3.7308e-15,0,0,0,0,0,0,0,0,0,0,0,0,0.855775,1.20968,0,0,0,0,0,0,0,0,0,0,0,0,2,0.855775,1.20968,0,1,1,0,0,0,0,0,1.2008,-0.5318,2.0306,0,0,0,0,0,0,1.36198,-0.52579,3.56619,1.5709,0,0,0,0,1,0,0,0,0,0,0,0,0,0,0,0,0,0,0,0,0,0,0,0,0,0,0,0,0
24.55,-0.00968914,0.00219838,0.000813388,-0.00811397,0.00759778,0.000850908,3.02732,2.01353,-2.32335,-0.000388196,-0.00226448,-0.00858812,0.00119296,-0.00059194,-0.0013225,3,2,3.92699,0,0,0,0,0,0,0,0.0270467,0.00785845,0.0393482,0.0202966,2,3,2,3.92699,0,0,0,0,0,0,0,0,0,0,1.5708,1.5708,0,1.5708,1.5708,0,-0.024324,0.0173383,-0.00580814,0,0,0,1.62266,1.31021,-0.205926,0.0229476,-0.0170269,0.0555466,-0.006269,0.00993251,-0.020056,1.75578,1.20968,0,0,0,0,0,0,0,0,0,0,0,0,2,1.75578,1.20968,0,0.344544,0.487027,3.7308e-15,0,0,0,0,0,0,0,0,0,0,0,0,0.855775,1.20968,0,0,0,0,0,0,0,0,0,0,0,0,2,0.855775,1.20968,0,1,1,0,0,0,0,0,1.2731,-0.4507,2.1174,0,0,0,0,0,0,1.36198,-0.52579,3.56619,1.5709,0,0,0,0,1,0,0,0,0,0,0,0,0,0,0,0,0,0,0,0,0,0,0,0,0,0,0,0,0
24.6,-0.0101321,0.000201135,0.000414209,-0.00811397,0.00759778,0.000850908,3.0273,2.01336,-2.3241,-0.000253938,-0.00165304,-0.00745628,0.00131146,0.00231682,0.0031768,3,2,3.92699,0,0,0,0,0,0,0,0.0270467,0.00785845,0.0393482,0.0202966,2,3,2,3.92699,0,0,0,0,0,0,0,0,0,0,1.5708,1.5708,0,1.5708,1.5708,0,-0.0238536,0.0136413,-0.00494077,0,0,0,1.62491,1.30863,-0.20069,0.0225418,-0.0157514,0.0523655,-0.00599645,0.0122164,-0.0235602,1.75578,1.20968,0,0,0,0,0,0,0,0,0,0,0,0,2,1.75578,1.20968,0,0.344544,0.487027,3.7308e-15,0,0,0,0,0,0,0,0,0,0,0,0,0.855775,1.20968,0,0,0,0,0,0,0,0,0,0,0,0,2,0.855775,1.20968,0,1,1,0,0,0,0,0,1.2731,-0.4507,2.1174,0,0,0,0,0,0,0,-0,0,1.5695,0,0,0,0,0,0,0,0,0,0,0,0,0,0,0,0,0,0,0,0,0,0,0,0,0,0,0,0,0
24.65,-0.0101321,0.000201135,0.000414209,-0.0081083,0.00760382,0.000850908,3.0273,2.01336,-2.3241,-0.000253938,-0.00165304,-0.00745628,0.00131146,0.00231682,0.0031768,3,2,3.92699,0,0,0,0,0,0,0,0.0283583,0.0188053,0.0307915,0.0215593,2,3,2,3.92699,0,0,0,0,0,0,0,0,0,0,1.5708,1.5708,0,1.5708,1.5708,0,-0.0238536,0.0136413,-0.00494077,0,0,0,1.62491,1.30863,-0.20069,0.0225418,-0.0157514,0.0523655,-0.00599645,0.0122164,-0.0235602,1.75578,1.20968,0,0,0,0,0,0,0,0,0,0,0,0,2,1.75578,1.20968,0,0.344544,0.487027,3.7308e-15,0,0,0,0,0,0,0,0,0,0,0,0,0.855775,1.20968,0,0,0,0,0,0,0,0,0,0,0,0,2,0.855775,1.20968,0,1,1,0,0,0,0,0,1.2731,-0.4507,2.1174,0,0,0,0,0,0,0,-0,0,1.5695,0,0,0,0,0,0,0,0,0,0,0,0,0,0,0,0,0,0,0,0,0,0,0,0,0,0,0,0,0
24.7,-0.010022,-0.000338049,0.000438729,-0.0081083,0.00760382,0.000850908,3.02727,2.01321,-2.32483,-0.000283177,-0.00147569,-0.00736883,0.000686529,0.0024927,0.0028626,3,2,3.92699,0,0,0,0,0,0,0,0.0283583,0.0188053,0.0307915,0.0215593,2,3,2,3.92699,0,0,0,0,0,0,0,0,0,0,1.5708,1.5708,0,1.5708,1.5708,0,-0.0257137,0.0210327,-0.00692426,0,0,0,1.6272,1.30686,-0.195078,0.022819,-0.0177181,0.0561153,-0.00244677,-0.000220875,0.000383751,1.75578,1.20968,0,0,0,0,0,0,0,0,0,0,0,0,2,1.75578,1.20968,0,0.344544,0.487027,3.7308e-15,0,0,0,0,0,0,0,0,0,0,0,0,0.855775,1.20968,0,0,0,0,0,0,0,0,0,0,0,0,2,0.855775,1.20968,0,1,1,0,0,0,0,0,1.2731,-0.4507,2.1174,0,0,0,0,0,0,0,-0,0,1.56816,0,0,0,0,0,0,0,0,0,0,0,0,0,0,0,0,0,0,0,0,0,0,0,0,0,0,0,0,0
24.75,-0.010022,-0.000338049,0.000438729,-0.0081027,0.0076098,0.000850908,3.02727,2.01321,-2.32483,-0.000283177,-0.00147569,-0.00736883,0.000686529,0.0024927,0.0028626,3,2,3.92699,0,0,0,0,0,0,0,0.0299009,0.0195098,0.0296177,0.0195755,2,3,2,3.92699,0,0,0,0,0,0,0,0,0,0,1.5708,1.5708,0,1.5708,1.5708,0,-0.0257137,0.0210327,-0.00692426,0,0,0,1.6272,1.30686,-0.195078,0.022819,-0.0177181,0.0561153,-0.00244677,-0.000220875,0.000383751,1.75578,1.20968,0,0,0,0,0,0,0,0,0,0,0,0,2,1.75578,1.20968,0,0.344544,0.487027,3.7308e-15,0,0,0,0,0,0,0,0,0,0,0,0,0.855775,1.20968,0,0,0,0,0,0,0,0,0,0,0,0,2,0.855775,1.20968,0,1,1,0,0,0,0,0,1.2107,-0.5048,2.069,0,0,0,0,0,0,0,-0,0,1.56816,0,0,0,0,0,0,0,0,0,0,0,0,0,0,0,0,0,0,0,0,0,0,0,0,0,0,0,0,0
24.8,-0.010311,0.00142856,0.000534408,0,-0,0,3.02725,2.01301,-2.32558,-0.000195233,-0.00197552,-0.00745471,0.000678963,-0.000477214,0.00133189,3,2,3.92699,0,0,0,0,0,0,0,0.0299009,0.0195098,0.0296177,0.0195755,2,3,2,3.92699,0,0,0,0,0,0,0,0,0,0,1.5708,1.5708,0,1.5708,1.5708,0,-0.0253169,0.0179834,-0.0076032,0,0,0,1.62944,1.3052,-0.189411,0.022436,-0.0166229,0.056648,-0.00251576,0.0025581,0.00560778,1.75578,1.20968,0,0,0,0,0,0,0,0,0,0,0,0,2,1.75578,1.20968,0,0.344544,0.487027,3.7308e-15,0,0,0,0,0,0,0,0,0,0,0,0,0.855775,1.20968,0,0,0,0,0,0,0,0,0,0,0,0,2,0.855775,1.20968,0,1,1,0,0,0,0,0,1.2107,-0.5048,2.069,0,0,0,0,0,0,0,-0,0,1.5668,0,0,0,0,0,0,0,0,0,0,0,0,0,0,0,0,0,0,0,0,0,0,0,0,0,0,0,0,0
24.85,-0.010311,0.00142856,0.000534408,0,-0,0,3.02725,2.01301,-2.32558,-0.000195233,-0.00197552,-0.00745471,0.000678963,-0.000477214,0.00133189,3,2,3.92699,0,0,0,0,0,0,0,0.027129,0.0147487,0.0355009,0.0235364,2,3,2,3.92699,0,0,0,0,0,0,0,0,0,0,1.5708,1.5708,0,1.5708,1.5708,0,-0.0253169,0.0179834,-0.0076032,0,0,0,1.62944,1.3052,-0.189411,0.022436,-0.0166229,0.056648,-0.00251576,0.0025581,0.00560778,1.75578,1.20968,0,0,0,0,0,0,0,0,0,0,0,0,2,1.75578,1.20968,0,0.344544,0.487027,3.7308e-15,0,0,0,0,0,0,0,0,0,0,0,0,0.855775,1.20968,0,0,0,0,0,0,0,0,0,0,0,0,2,0.855775,1.20968,0,1,1,0,0,0,0,0,1.2107,-0.5048,2.069,0,0,0,0,0,0,0,-0,0,1.5668,0,0,0,0,0,0,0,0,0,0,0,0,0,0,0,0,0,0,0,0,0,0,0,0,0,0,0,0,0
24.9,-0.0103024,0.000976861,0.000609207,0,-0,0,3.02723,2.01283,-2.32633,-0.000195436,-0.00182,-0.00748869,0.000406227,-6.34596e-05,0.000470518,3,2,3.92699,0,0,0,0,0,0,0,0.027129,0.0147487,0.0355009,0.0235364,2,3,2,3.92699,0,0,0,0,0,0,0,0,0,0,1.5708,1.5708,0,1.5708,1.5708,0,-0.0274621,0.0179562,-0.00677309,0,0,0,1.63172,1.30356,-0.184061,0.0227976,-0.0164203,0.0535356,-0.000116171,0.00275203,-0.00846445,1.75578,1.20968,0,0,0,0,0,0,0,0,0,0,0,0,2,1.75578,1.20968,0,0.344544,0.487027,3.7308e-15,0,0,0,0,0,0,0,0,0,0,0,0,0.855775,1.20968,0,0,0,0,0,0,0,0,0,0,0,0,2,0.855775,1.20968,0,1,1,0,0,0,0,0,1.2107,-0.5048,2.069,0,0,0,0,0,0,0,-0,0,1.56542,0,0,0,0,0,0,0,0,0,0,0,0,0,0,0,0,0,0,0,0,0,0,0,0,0,0,0,0,0
24.95,-0.0103024,0.000976861,0.000609207,0,-0,0,3.02723,2.01283,-2.32633,-0.000195436,-0.00182,-0.00748869,0.000406227,-6.34596e-05,0.000470518,3,2,3.92699,0,0,0,0,0,0,0,0.0293456,0.0148215,0.0354246,0.0213883,2,3,2,3.92699,0,0,0,0,0,0,0,0,0,0,1.5708,1.5708,0,1.5708,1.5708,0,-0.0274621,0.0179562,-0.00677309,0,0,0,1.63172,1.30356,-0.184061,0.0227976,-0.0164203,0.0535356,-0.000116171,0.00275203,-0.00846445,1.75578,1.20968,0,0,0,0,0,0,0,0,0,0,0,0,2,1.75578,1.20968,0,0.344544,0.487027,3.7308e-15,0,0,0,0,0,0,0,0,0,0,0,0,0.855775,1.20968,0,0,0,0,0,0,0,0,0,0,0,0,2,0.855775,1.20968,0,1,1,0,0,0,0,0,1.2697,-0.4375,2.1422,0,0,0,0,0,0,0,-0,0,1.56542,0,0,0,0,0,0,0,0,0,0,0,0,0,0,0,0,0,0,0,0,0,0,0,0,0,0,0,0,0
25,-0.010445,0.00142223,0.000325674,0,-0,0,3.02722,2.01264,-2.32699,-0.000151386,-0.00192895,-0.00665746,0.000382636,-0.000421259,0.0034717,3,2,3.92699,0,0,0,0,0,0,0,0.0293456,0.0148215,0.0354246,0.0213883,2,3,2,3.92699,0,0,0,0,0,0,0,0,0,0,1.5708,1.5708,0,1.5708,1.5708,0,-0.0297659,0.0224557,-0.00750934,0,0,0,1.63404,1.3018,-0.178636,0.023201,-0.0175375,0.0542577,0.00191462,-0.00281972,-0.00398902,1.75578,1.20968,0,0,0,0,0,0,0,0,0,0,0,0,2,1.75578,1.20968,0,0.344544,0.487027,3.7308e-15,0,0,0,0,0,0,0,0,0,0,0,0,0.855775,1.20968,0,0,0,0,0,0,0,0,0,0,0,0,2,0.855775,1.20968,0,1,1,0,0,0,0,0,1.2697,-0.4375,2.1422,0,0,0,0,0,0,0,-0,0,1.56404,0,0,0,0,0,0,0,0,0,0,0,0,0,0,0,0,0,0,0,0,0,0,0,0,0,0,0,0,0
25.05,-0.010445,0.00142223,0.000325674,0,-0,0,3.02722,2.01264,-2.32699,-0.000151386,-0.00192895,-0.00665746,0.000382636,-0.000421259,0.0034717,3,2,3.92699,0,0,0,0,0,0,0,0.0247036,0.0179286,0.0330823,0.0265348,2,3,2,3.92699,0,0,0,0,0,0,0,0,0,0,1.5708,1.5708,0,1.5708,1.5708,0,-0.0297659,0.0224557,-0.00750934,0,0,0,1.63404,1.3018,-0.178636,0.023201,-0.0175375,0.0542577,0.00191462,-0.00281972,-0.00398902,1.75578,1.20968,0,0,0,0,0,0,0,0,0,0,0,0,2,1.75578,1.20968,0,0.344544,0.487027,3.7308e-15,0,0,0,0,0,0,0,0,0,0,0,0,0.855775,1.20968,0,0,0,0,0,0,0,0,0,0,0,0,2,0.855775,1.20968,0,1,1,0,0,0,0,0,1.2697,-0.4375,2.1422,0,0,0,0,0,0,0,-0,0,1.56404,0,0,0,0,0,0,0,0,0,0,0,0,0,0,0,0,0,0,0,0,0,0,0,0,0,0,0,0,0
25.1,-0.0104723,0.00141535,0.000384388,0,-0,0,3.0272,2.01245,-2.32766,-0.000141594,-0.00190419,-0.00666821,0.000265777,-0.00020167,0.00245142,3,2,3.92699,0,0,0,0,0,0,0,0.0247036,0.0179286,0.0330823,0.0265348,2,3,2,3.92699,0,0,0,0,0,0,0,0,0,0,1.5708,1.5708,0,1.5708,1.5708,0,-0.03064,0.0222622,-0.0081184,0,0,0,1.63636,1.30008,-0.173169,0.0231836,-0.0172757,0.0546589,0.00134446,-0.00139385,-0.000210855,1.75578,1.20968,0,0,0,0,0,0,0,0,0,0,0,0,2,1.75578,1.20968,0,0.344544,0.487027,3.7308e-15,0,0,0,0,0,0,0,0,0,0,0,0,0.855775,1.20968,0,0,0,0,0,0,0,0,0,0,0,0,2,0.855775,1.20968,0,1,1,0,0,0,0,0,1.2697,-0.4375,2.1422,0,0,0,0,0,0,0,-0,0,1.56267,0,0,0,0,0,0,0,0,0,0,0,0,0,0,0,0,0,0,0,0,0,0,0,0,0,0,0,0,0
25.15,-0.0104723,0.00141535,0.000384388,0,-0,0,3.0272,2.01245,-2.32766,-0.000141594,-0.00190419,-0.00666821,0.000265777,-0.00020167,0.00245142,3,2,3.92699,0,0,0,0,0,0,0,0.0255927,0.0172447,0.033882,0.0258144,2,3,2,3.92699,0,0,0,0,0,0,0,0,0,0,1.5708,1.5708,0,1.5708,1.5708,0,-0.03064,0.0222622,-0.0081184,0,0,0,1.63636,1.30008,-0.173169,0.0231836,-0.0172757,0.0546589,0.00134446,-0.00139385,-0.000210855,1.75578,1.20968,0,0,0,0,0,0,0,0,0,0,0,0,2,1.75578,1.20968,0,0.344544,0.487027,3.7308e-15,0,0,0,0,0,0,0,0,0,0,0,0,0.855775,1.20968,0,0,0,0,0,0,0,0,0,0,0,0,2,0.855775,1.20968,0,1,1,0,0,0,0,0,1.268,-0.431,2.1545,0,0,0,0,0,0,0,-0,0,1.56267,0,0,0,0,0,0,0,0,0,0,0,0,0,0,0,0,0,0,0,0,0,0,0,0,0,0,0,0,0
25.2,-0.0110587,-0.000207774,0.000545197,0,-0,0,3.0272,2.01231,-2.32835,3.17447e-05,-0.00140654,-0.00692508,0.000836454,0.0018982,0.000311416,3,2,3.92699,0,0,0,0,0,0,0,0.0255927,0.0172447,0.033882,0.0258144,2,3,2,3.92699,0,0,0,0,0,0,0,0,0,0,1.5708,1.5708,0,1.5708,1.5708,0,-0.0289132,0.0190423,-0.00816589,0,0,0,1.6386,1.29846,-0.167801,0.0224094,-0.0161361,0.0536995,-0.00237692,0.00391951,-0.00348026,1.75578,1.20968,0,0,0,0,0,0,0,0,0,0,0,0,2,1.75578,1.20968,0,0.344544,0.487027,3.7308e-15,0,0,0,0,0,0,0,0,0,0,0,0,0.855775,1.20968,0,0,0,0,0,0,0,0,0,0,0,0,2,0.855775,1.20968,0,1,1,0,0,0,0,0,1.268,-0.431,2.1545,0,0,0,0,0,0,0,-0,0,1.56135,0,0,0,0,0,0,0,0,0,0,0,0,0,0,0,0,0,0,0,0,0,0,0,0,0,0,0,0,0
25.25,-0.0110587,-0.000207774,0.000545197,0,-0,0,3.0272,2.01231,-2.32835,3.17447e-05,-0.00140654,-0.00692508,0.000836454,0.0018982,0.000311416,3,2,3.92699,0,0,0,0,0,0,0,0.0334712,0.0204068,0.0337536,0.021128,2,3,2,3.92699,0,0,0,0,0,0,0,0,0,0,1.5708,1.5708,0,1.5708,1.5708,0,-0.0289132,0.0190423,-0.00816589,0,0,0,1.6386,1.29846,-0.167801,0.0224094,-0.0161361,0.0536995,-0.00237692,0.00391951,-0.00348026,1.75578,1.20968,0,0,0,0,0,0,0,0,0,0,0,0,2,1.75578,1.20968,0,0.344544,0.487027,3.7308e-15,0,0,0,0,0,0,0,0,0,0,0,0,0.855775,1.20968,0,0,0,0,0,0,0,0,0,0,0,0,2,0.855775,1.20968,0,1,1,0,0,0,0,0,1.268,-0.431,2.1545,0,0,0,0,0,0,0,-0,0,1.56135,0,0,0,0,0,0,0,0,0,0,0,0,0,0,0,0,0,0,0,0,0,0,0,0,0,0,0,0,0
25.3,-0.0106095,0.000354075,5.84849e-06,0,-0,0,3.02719,2.01215,-2.3289,-0.00010013,-0.00155446,-0.0054878,5.26252e-05,0.000832783,0.00563887,3,2,3.92699,0,0,0,0,0,0,0,0.0334712,0.0204068,0.0337536,0.021128,2,3,2,3.92699,0,0,0,0,0,0,0,0,0,0,1.5708,1.5708,0,1.5708,1.5708,0,-0.0282345,0.019409,-0.00764267,0,0,0,1.64079,1.29686,-0.162664,0.0219493,-0.0160538,0.0513842,-0.00376512,0.00339864,-0.0117737,1.75578,1.20968,0,0,0,0,0,0,0,0,0,0,0,0,2,1.75578,1.20968,0,0.344544,0.487027,3.7308e-15,0,0,0,0,0,0,0,0,0,0,0,0,0.855775,1.20968,0,0,0,0,0,0,0,0,0,0,0,0,2,0.855775,1.20968,0,1,1,0,0,0,0,0,1.268,-0.431,2.1545,0,0,0,0,0,0,0,-0,0,1.56005,0,0,0,0,0,0,0,0,0,0,0,0,0,0,0,0,0,0,0,0,0,0,0,0,0,0,0,0,0
25.35,-0.0106095,0.000354075,5.84849e-06,0,-0,0,3.02719,2.01215,-2.3289,-0.00010013,-0.00155446,-0.0054878,5.26252e-05,0.000832783,0.00563887,3,2,3.92699,0,0,0,0,0,0,0,0.0237183,0.0252058,0.0269051,0.0283427,2,3,2,3.92699,0,0,0,0,0,0,0,0,0,0,1.5708,1.5708,0,1.5708,1.5708,0,-0.0282345,0.019409,-0.00764267,0,0,0,1.64079,1.29686,-0.162664,0.0219493,-0.0160538,0.0513842,-0.00376512,0.00339864,-0.0117737,1.75578,1.20968,0,0,0,0,0,0,0,0,0,0,0,0,2,1.75578,1.20968,0,0.344544,0.487027,3.7308e-15,0,0,0,0,0,0,0,0,0,0,0,0,0.855775,1.20968,0,0,0,0,0,0,0,0,0,0,0,0,2,0.855775,1.20968,0,1,1,0,0,0,0,0,1.2663,-0.4248,2.1663,0,0,0,0,0,0,0,-0,0,1.56005,0,0,0,0,0,0,0,0,0,0,0,0,0,0,0,0,0,0,0,0,0,0,0,0,0,0,0,0,0
25.4,-0.0112309,-0.00120076,8.60552e-05,0,-0,0,3.0272,2.01205,-2.32946,8.29591e-05,-0.00108091,-0.00557334,0.000656994,0.00224597,0.00375721,3,2,3.92699,0,0,0,0,0,0,0,0.0237183,0.0252058,0.0269051,0.0283427,2,3,2,3.92699,0,0,0,0,0,0,0,0,0,0,1.5708,1.5708,0,1.5708,1.5708,0,-0.0273354,0.0172892,-0.0077216,0,0,0,1.64294,1.29533,-0.157604,0.0214302,-0.0152486,0.0505641,-0.00449183,0.00516527,-0.0113964,1.75578,1.20968,0,0,0,0,0,0,0,0,0,0,0,0,2,1.75578,1.20968,0,0.344544,0.487027,3.7308e-15,0,0,0,0,0,0,0,0,0,0,0,0,0.855775,1.20968,0,0,0,0,0,0,0,0,0,0,0,0,2,0.855775,1.20968,0,1,1,0,0,0,0,0,1.2663,-0.4248,2.1663,0,0,0,0,0,0,0,-0,0,1.5588,0,0,0,0,0,0,0,0,0,0,0,0,0,0,0,0,0,0,0,0,0,0,0,0,0,0,0,0,0
25.45,-0.0112309,-0.00120076,8.60552e-05,0,-0,0,3.0272,2.01205,-2.32946,8.29591e-05,-0.00108091,-0.00557334,0.000656994,0.00224597,0.00375721,3,2,3.92699,0,0,0,0,0,0,0,0.0304078,0.0293637,0.025966,0.024957,2,3,2,3.92699,0,0,0,0,0,0,0,0,0,0,1.5708,1.5708,0,1.5708,1.5708,0,-0.0273354,0.0172892,-0.0077216,0,0,0,1.64294,1.29533,-0.157604,0.0214302,-0.0152486,0.0505641,-0.00449183,0.00516527,-0.0113964,1.75578,1.20968,0,0,0,0,0,0,0,0,0,0,0,0,2,1.75578,1.20968,0,0.344544,0.487027,3.7308e-15,0,0,0,0,0,0,0,0,0,0,0,0,0.855775,1.20968,0,0,0,0,0,0,0,0,0,0,0,0,2,0.855775,1.20968,0,1,1,0,0,0,0,0,1.2663,-0.4248,2.1663,0,0,0,0,0,0,0,-0,0,1.5588,0,0,0,0,0,0,0,0,0,0,0,0,0,0,0,0,0,0,0,0,0,0,0,0,0,0,0,0,0
25.5,-0.0111594,-0.000648963,0.000133718,0,-0,0,3.02721,2.01192,-2.33002,6.1059e-05,-0.00122973,-0.00557879,0.00038861,0.000948098,0.00199377,3,2,3.92699,0,0,0,0,0,0,0,0.0304078,0.0293637,0.025966,0.024957,2,3,2,3.92699,0,0,0,0,0,0,0,0,0,0,1.5708,1.5708,0,1.5708,1.5708,0,-0.0274897,0.0182102,-0.00760962,0,0,0,1.64506,1.2938,-0.152676,0.0212241,-0.015338,0.0493012,-0.00367407,0.00302244,-0.0119679,1.75578,1.20968,0,0,0,0,0,0,0,0,0,0,0,0,2,1.75578,1.20968,0,0.344544,0.487027,3.7308e-15,0,0,0,0,0,0,0,0,0,0,0,0,0.855775,1.20968,0,0,0,0,0,0,0,0,0,0,0,0,2,0.855775,1.20968,0,1,1,0,0,0,0,0,1.2663,-0.4248,2.1663,0,0,0,0,0,0,0,-0,0,1.55758,0,0,0,0,0,0,0,0,0,0,0,0,0,0,0,0,0,0,0,0,0,0,0,0,0,0,0,0,0
25.55,-0.0111594,-0.000648963,0.000133718,0,-0,0,3.02721,2.01192,-2.33002,6.1059e-05,-0.00122973,-0.00557879,0.00038861,0.000948098,0.00199377,3,2,3.92699,0,0,0,0,0,0,0,0.0294207,0.0272547,0.0276324,0.0255392,2,3,2,3.92699,0,0,0,0,0,0,0,0,0,0,1.5708,1.5708,0,1.5708,1.5708,0,-0.0274897,0.0182102,-0.00760962,0,0,0,1.64506,1.2938,-0.152676,0.0212241,-0.015338,0.0493012,-0.00367407,0.00302244,-0.0119679,1.75578,1.20968,0,0,0,0,0,0,0,0,0,0,0,0,2,1.75578,1.20968,0,0.344544,0.487027,3.7308e-15,0,0,0,0,0,0,0,0,0,0,0,0,0.855775,1.20968,0,0,0,0,0,0,0,0,0,0,0,0,2,0.855775,1.20968,0,1,1,0,0,0,0,0,1.3612,-0.3226,2.2739,0,0,0,0,0,0,0,-0,0,1.55758,0,0,0,0,0,0,0,0,0,0,0,0,0,0,0,0,0,0,0,0,0,0,0,0,0,0,0,0,0
25.6,-0.0121792,-0.00121373,-6.86377e-05,0,-0,0,3.02724,2.01182,-2.33052,0.000358914,-0.00104988,-0.00498094,0.00138728,0.0011102,0.00333772,3,2,3.92699,0,0,0,0,0,0,0,0.0294207,0.0272547,0.0276324,0.0255392,2,3,2,3.92699,0,0,0,0,0,0,0,0,0,0,1.5708,1.5708,0,1.5708,1.5708,0,-0.0259678,0.0172715,-0.00822754,0,0,0,1.64711,1.29231,-0.147694,0.0205325,-0.0148851,0.0498213,-0.00482166,0.00330773,-0.00509795,1.75578,1.20968,0,0,0,0,0,0,0,0,0,0,0,0,2,1.75578,1.20968,0,0.344544,0.487027,3.7308e-15,0,0,0,0,0,0,0,0,0,0,0,0,0.855775,1.20968,0,0,0,0,0,0,0,0,0,0,0,0,2,0.855775,1.20968,0,1,1,0,0,0,0,0,1.3612,-0.3226,2.2739,0,0,0,0,0,0,0,-0,0,1.55643,0,0,0,0,0,0,0,0,0,0,0,0,0,0,0,0,0,0,0,0,0,0,0,0,0,0,0,0,0
25.65,-0.0121792,-0.00121373,-6.86377e-05,0,-0,0,3.02724,2.01182,-2.33052,0.000358914,-0.00104988,-0.00498094,0.00138728,0.0011102,0.00333772,3,2,3.92699,0,0,0,0,0,0,0,0.0306008,0.0338301,0.0262251,0.0293459,2,3,2,3.92699,0,0,0,0,0,0,0,0,0,0,1.5708,1.5708,0,1.5708,1.5708,0,-0.0259678,0.0172715,-0.00822754,0,0,0,1.64711,1.29231,-0.147694,0.0205325,-0.0148851,0.0498213,-0.00482166,0.00330773,-0.00509795,1.75578,1.20968,0,0,0,0,0,0,0,0,0,0,0,0,2,1.75578,1.20968,0,0.344544,0.487027,3.7308e-15,0,0,0,0,0,0,0,0,0,0,0,0,0.855775,1.20968,0,0,0,0,0,0,0,0,0,0,0,0,2,0.855775,1.20968,0,1,1,0,0,0,0,0,1.3612,-0.3226,2.2739,0,0,0,0,0,0,0,-0,0,1.55643,0,0,0,0,0,0,0,0,0,0,0,0,0,0,0,0,0,0,0,0,0,0,0,0,0,0,0,0,0
25.7,-0.0111846,-0.00347717,0.000211344,0,-0,0,3.02725,2.01178,-2.33107,6.34873e-05,-0.000374819,-0.00555848,-0.000212291,0.00338655,-0.000118542,3,2,3.92699,0,0,0,0,0,0,0,0.0306008,0.0338301,0.0262251,0.0293459,2,3,2,3.92699,0,0,0,0,0,0,0,0,0,0,1.5708,1.5708,0,1.5708,1.5708,0,-0.0272249,0.0161852,-0.00612617,0,0,0,1.64918,1.29087,-0.143317,0.0206578,-0.0143945,0.0437798,-0.00256177,0.00399355,-0.0262992,1.75578,1.20968,0,0,0,0,0,0,0,0,0,0,0,0,2,1.75578,1.20968,0,0.344544,0.487027,3.7308e-15,0,0,0,0,0,0,0,0,0,0,0,0,0.855775,1.20968,0,0,0,0,0,0,0,0,0,0,0,0,2,0.855775,1.20968,0,1,1,0,0,0,0,0,1.3612,-0.3226,2.2739,0,0,0,0,0,0,0,-0,0,1.55525,0,0,0,0,0,0,0,0,0,0,0,0,0,0,0,0,0,0,0,0,0,0,0,0,0,0,0,0,0
25.75,-0.0111846,-0.00347717,0.000211344,0,-0,0,3.02725,2.01178,-2.33107,6.34873e-05,-0.000374819,-0.00555848,-0.000212291,0.00338655,-0.000118542,3,2,3.92699,0,0,0,0,0,0,0,0.0381157,0.0330117,0.0223209,0.0173883,2,3,2,3.92699,0,0,0,0,0,0,0,0,0,0,1.5708,1.5708,0,1.5708,1.5708,0,-0.0272249,0.0161852,-0.00612617,0,0,0,1.64918,1.29087,-0.143317,0.0206578,-0.0143945,0.0437798,-0.00256177,0.00399355,-0.0262992,1.75578,1.20968,0,0,0,0,0,0,0,0,0,0,0,0,2,1.75578,1.20968,0,0.344544,0.487027,3.7308e-15,0,0,0,0,0,0,0,0,0,0,0,0,0.855775,1.20968,0,0,0,0,0,0,0,0,0,0,0,0,2,0.855775,1.20968,0,1,1,0,0,0,0,0,1.2632,-0.4135,2.1878,0,0,0,0,0,0,0,-0,0,1.55525,0,0,0,0,0,0,0,0,0,0,0,0,0,0,0,0,0,0,0,0,0,0,0,0,0,0,0,0,0
25.8,-0.0115707,-0.00271587,-0.000104361,-0.00742023,-0.00780276,0.000682892,3.02727,2.01172,-2.33154,0.000175791,-0.000593294,-0.00468757,0.000104764,0.00146856,0.0029393,3,2,3.92699,0,0,0,0,0,0,0,0.0381157,0.0330117,0.0223209,0.0173883,2,3,2,3.92699,0,0,0,0,0,0,0,0,0,0,1.5708,1.5708,0,1.5708,1.5708,0,-0.0257879,0.0156896,-0.0074239,0,0,0,1.65118,1.28946,-0.138713,0.0199975,-0.0140816,0.0460462,-0.00386497,0.00373708,-0.00959309,1.75578,1.20968,0,0,0,0,0,0,0,0,0,0,0,0,2,1.75578,1.20968,0,0.344544,0.487027,3.7308e-15,0,0,0,0,0,0,0,0,0,0,0,0,0.855775,1.20968,0,0,0,0,0,0,0,0,0,0,0,0,2,0.855775,1.20968,0,1,1,0,0,0,0,0,1.2632,-0.4135,2.1878,0,0,0,0,0,0,0,-0,0,1.55412,0,0,0,0,0,0,0,0,0,0,0,0,0,0,0,0,0,0,0,0,0,0,0,0,0,0,0,0,0
25.85,-0.0115707,-0.00271587,-0.000104361,-0.00742389,-0.00779928,0.000682892,3.02727,2.01172,-2.33154,0.000175791,-0.000593294,-0.00468757,0.000104764,0.00146856,0.0029393,3,2,3.92699,0,0,0,0,0,0,0,0.0327482,0.0363873,0.0208618,0.0243786,2,3,2,3.92699,0,0,0,0,0,0,0,0,0,0,1.5708,1.5708,0,1.5708,1.5708,0,-0.0257879,0.0156896,-0.0074239,0,0,0,1.65118,1.28946,-0.138713,0.0199975,-0.0140816,0.0460462,-0.00386497,0.00373708,-0.00959309,1.75578,1.20968,0,0,0,0,0,0,0,0,0,0,0,0,2,1.75578,1.20968,0,0.344544,0.487027,3.7308e-15,0,0,0,0,0,0,0,0,0,0,0,0,0.855775,1.20968,0,0,0,0,0,0,0,0,0,0,0,0,2,0.855775,1.20968,0,1,1,0,0,0,0,0,1.2632,-0.4135,2.1878,0,0,0,0,0,0,0,-0,0,1.55412,0,0,0,0,0,0,0,0,0,0,0,0,0,0,0,0,0,0,0,0,0,0,0,0,0,0,0,0,0
25.9,-0.0113443,-0.00325082,0.000316161,-0.00742389,-0.00779928,0.000682892,3.02728,2.01168,-2.3321,0.00010742,-0.000429681,-0.00560991,-0.000167378,0.00127596,-0.00150631,3,2,3.92699,0,0,0,0,0,0,0,0.0327482,0.0363873,0.0208618,0.0243786,2,3,2,3.92699,0,0,0,0,0,0,0,0,0,0,1.5708,1.5708,0,1.5708,1.5708,0,-0.0271626,0.0159553,-0.00576838,0,0,0,1.65319,1.28806,-0.134598,0.0201633,-0.0139939,0.0411528,-0.00183578,0.00256036,-0.0230539,1.75578,1.20968,0,0,0,0,0,0,0,0,0,0,0,0,2,1.75578,1.20968,0,0.344544,0.487027,3.7308e-15,0,0,0,0,0,0,0,0,0,0,0,0,0.855775,1.20968,0,0,0,0,0,0,0,0,0,0,0,0,2,0.855775,1.20968,0,1,1,0,0,0,0,0,1.2632,-0.4135,2.1878,0,0,0,0,0,0,0,-0,0,1.55298,0,0,0,0,0,0,0,0,0,0,0,0,0,0,0,0,0,0,0,0,0,0,0,0,0,0,0,0,0
25.95,-0.0113443,-0.00325082,0.000316161,-0.00742827,-0.00779512,0.000682892,3.02728,2.01168,-2.3321,0.00010742,-0.000429681,-0.00560991,-0.000167378,0.00127596,-0.00150631,3,2,3.92699,0,0,0,0,0,0,0,0.0393098,0.031485,0.0245461,0.016984,2,3,2,3.92699,0,0,0,0,0,0,0,0,0,0,1.5708,1.5708,0,1.5708,1.5708,0,-0.0271626,0.0159553,-0.00576838,0,0,0,1.65319,1.28806,-0.134598,0.0201633,-0.0139939,0.0411528,-0.00183578,0.00256036,-0.0230539,1.75578,1.20968,0,0,0,0,0,0,0,0,0,0,0,0,2,1.75578,1.20968,0,0.344544,0.487027,3.7308e-15,0,0,0,0,0,0,0,0,0,0,0,0,0.855775,1.20968,0,0,0,0,0,0,0,0,0,0,0,0,2,0.855775,1.20968,0,1,1,0,0,0,0,0,1.2617,-0.4082,2.1975,0,0,0,0,0,0,0,-0,0,1.55298,0,0,0,0,0,0,0,0,0,0,0,0,0,0,0,0,0,0,0,0,0,0,0,0,0,0,0,0,0
26,-0.0110401,-0.0019612,0.000202322,-0.00742827,-0.00779512,0.000682892,3.02728,2.0116,-2.33262,1.70939e-05,-0.000802194,-0.005225,-0.000498297,-0.000748105,3.4241e-05,3,2,3.92699,0,0,0,0,0,0,0,0.0393098,0.031485,0.0245461,0.016984,2,3,2,3.92699,0,0,0,0,0,0,0,0,0,0,1.5708,1.5708,0,1.5708,1.5708,0,-0.0260535,0.0152973,-0.00628729,0,0,0,1.65515,1.2867,-0.130439,0.0196042,-0.0136385,0.0415946,-0.00307024,0.00280458,-0.013918,1.75578,1.20968,0,0,0,0,0,0,0,0,0,0,0,0,2,1.75578,1.20968,0,0.344544,0.487027,3.7308e-15,0,0,0,0,0,0,0,0,0,0,0,0,0.855775,1.20968,0,0,0,0,0,0,0,0,0,0,0,0,2,0.855775,1.20968,0,1,1,0,0,0,0,0,1.2617,-0.4082,2.1975,0,0,0,0,0,0,0,-0,0,1.55184,0,0,0,0,0,0,0,0,0,0,0,0,0,0,0,0,0,0,0,0,0,0,0,0,0,0,0,0,0
26.05,-0.0110401,-0.0019612,0.000202322,0,-0,0,3.02728,2.0116,-2.33262,1.70939e-05,-0.000802194,-0.005225,-0.000498297,-0.000748105,3.4241e-05,3,2,3.92699,0,0,0,0,0,0,0,0.0336353,0.0292071,0.0252048,0.0209253,2,3,2,3.92699,0,0,0,0,0,0,0,0,0,0,1.5708,1.5708,0,1.5708,1.5708,0,-0.0260535,0.0152973,-0.00628729,0,0,0,1.65515,1.2867,-0.130439,0.0196042,-0.0136385,0.0415946,-0.00307024,0.00280458,-0.013918,1.75578,1.20968,0,0,0,0,0,0,0,0,0,0,0,0,2,1.75578,1.20968,0,0.344544,0.487027,3.7308e-15,0,0,0,0,0,0,0,0,0,0,0,0,0.855775,1.20968,0,0,0,0,0,0,0,0,0,0,0,0,2,0.855775,1.20968,0,1,1,0,0,0,0,0,1.2617,-0.4082,2.1975,0,0,0,0,0,0,0,-0,0,1.55184,0,0,0,0,0,0,0,0,0,0,0,0,0,0,0,0,0,0,0,0,0,0,0,0,0,0,0,0,0
26.1,-0.0105073,0.000632339,-6.77016e-05,0,-0,0,3.02727,2.01144,-2.33307,-0.0001391,-0.00155207,-0.00447081,-0.000968087,-0.00372061,0.00323622,3,2,3.92699,0,0,0,0,0,0,0,0.0336353,0.0292071,0.0252048,0.0209253,2,3,2,3.92699,0,0,0,0,0,0,0,0,0,0,1.5708,1.5708,0,1.5708,1.5708,0,-0.0265345,0.0156312,-0.00629951,0,0,0,1.6571,1.28534,-0.126357,0.0195144,-0.0135758,0.0408064,-0.00234512,0.00195058,-0.0102178,1.75578,1.20968,0,0,0,0,0,0,0,0,0,0,0,0,2,1.75578,1.20968,0,0.344544,0.487027,3.7308e-15,0,0,0,0,0,0,0,0,0,0,0,0,0.855775,1.20968,0,0,0,0,0,0,0,0,0,0,0,0,2,0.855775,1.20968,0,1,1,0,0,0,0,0,1.2617,-0.4082,2.1975,0,0,0,0,0,0,0,-0,0,1.55067,0,0,0,0,0,0,0,0,0,0,0,0,0,0,0,0,0,0,0,0,0,0,0,0,0,0,0,0,0
26.15,-0.0105073,0.000632339,-6.77016e-05,0,-0,0,3.02727,2.01144,-2.33307,-0.0001391,-0.00155207,-0.00447081,-0.000968087,-0.00372061,0.00323622,3,2,3.92699,0,0,0,0,0,0,0,0.0218747,0.0253892,0.0262329,0.0296293,2,3,2,3.92699,0,0,0,0,0,0,0,0,0,0,1.5708,1.5708,0,1.5708,1.5708,0,-0.0265345,0.0156312,-0.00629951,0,0,0,1.6571,1.28534,-0.126357,0.0195144,-0.0135758,0.0408064,-0.00234512,0.00195058,-0.0102178,1.75578,1.20968,0,0,0,0,0,0,0,0,0,0,0,0,2,1.75578,1.20968,0,0.344544,0.487027,3.7308e-15,0,0,0,0,0,0,0,0,0,0,0,0,0.855775,1.20968,0,0,0,0,0,0,0,0,0,0,0,0,2,0.855775,1.20968,0,1,1,0,0,0,0,0,1.2602,-0.4029,2.2067,0,0,0,0,0,0,0,-0,0,1.55067,0,0,0,0,0,0,0,0,0,0,0,0,0,0,0,0,0,0,0,0,0,0,0,0,0,0,0,0,0
26.2,-0.0110102,-0.000710316,0.000238339,0,-0,0,3.02727,2.01133,-2.33358,9.77026e-06,-0.00114068,-0.00512127,-4.9823e-05,-0.000989608,-0.000212605,3,2,3.92699,0,0,0,0,0,0,0,0.0218747,0.0253892,0.0262329,0.0296293,2,3,2,3.92699,0,0,0,0,0,0,0,0,0,0,1.5708,1.5708,0,1.5708,1.5708,0,-0.026176,0.014944,-0.00550218,0,0,0,1.65902,1.28402,-0.12255,0.0191815,-0.0132167,0.038084,-0.00268148,0.0025189,-0.0165984,1.75578,1.20968,0,0,0,0,0,0,0,0,0,0,0,0,2,1.75578,1.20968,0,0.344544,0.487027,3.7308e-15,0,0,0,0,0,0,0,0,0,0,0,0,0.855775,1.20968,0,0,0,0,0,0,0,0,0,0,0,0,2,0.855775,1.20968,0,1,1,0,0,0,0,0,1.2602,-0.4029,2.2067,0,0,0,0,0,0,0,-0,0,1.54954,0,0,0,0,0,0,0,0,0,0,0,0,0,0,0,0,0,0,0,0,0,0,0,0,0,0,0,0,0
26.25,-0.0110102,-0.000710316,0.000238339,0,-0,0,3.02727,2.01133,-2.33358,9.77026e-06,-0.00114068,-0.00512127,-4.9823e-05,-0.000989608,-0.000212605,3,2,3.92699,0,0,0,0,0,0,0,0.0307387,0.0257176,0.0283907,0.0235382,2,3,2,3.92699,0,0,0,0,0,0,0,0,0,0,1.5708,1.5708,0,1.5708,1.5708,0,-0.026176,0.014944,-0.00550218,0,0,0,1.65902,1.28402,-0.12255,0.0191815,-0.0132167,0.038084,-0.00268148,0.0025189,-0.0165984,1.75578,1.20968,0,0,0,0,0,0,0,0,0,0,0,0,2,1.75578,1.20968,0,0.344544,0.487027,3.7308e-15,0,0,0,0,0,0,0,0,0,0,0,0,0.855775,1.20968,0,0,0,0,0,0,0,0,0,0,0,0,2,0.855775,1.20968,0,1,1,0,0,0,0,0,1.2602,-0.4029,2.2067,0,0,0,0,0,0,0,-0,0,1.54954,0,0,0,0,0,0,0,0,0,0,0,0,0,0,0,0,0,0,0,0,0,0,0,0,0,0,0,0,0
26.3,-0.00987657,0.00123455,-0.000101544,0,-0,0,3.02724,2.01116,-2.334,-0.000322241,-0.00169665,-0.00420062,-0.00123234,-0.00244855,0.00307457,3,2,3.92699,0,0,0,0,0,0,0,0.0307387,0.0257176,0.0283907,0.0235382,2,3,2,3.92699,0,0,0,0,0,0,0,0,0,0,1.5708,1.5708,0,1.5708,1.5708,0,-0.0266268,0.015925,-0.00540664,0,0,0,1.66093,1.28269,-0.118839,0.0190879,-0.0133474,0.0371055,-0.00199169,0.00104124,-0.0146642,1.75578,1.20968,0,0,0,0,0,0,0,0,0,0,0,0,2,1.75578,1.20968,0,0.344544,0.487027,3.7308e-15,0,0,0,0,0,0,0,0,0,0,0,0,0.855775,1.20968,0,0,0,0,0,0,0,0,0,0,0,0,2,0.855775,1.20968,0,1,1,0,0,0,0,0,1.2602,-0.4029,2.2067,0,0,0,0,0,0,0,-0,0,1.54837,0,0,0,0,0,0,0,0,0,0,0,0,0,0,0,0,0,0,0,0,0,0,0,0,0,0,0,0,0
26.35,-0.00987657,0.00123455,-0.000101544,0,-0,0,3.02724,2.01116,-2.334,-0.000322241,-0.00169665,-0.00420062,-0.00123234,-0.00244855,0.00307457,3,2,3.92699,0,0,0,0,0,0,0,0.0183745,0.0228851,0.0255914,0.0299506,2,3,2,3.92699,0,0,0,0,0,0,0,0,0,0,1.5708,1.5708,0,1.5708,1.5708,0,-0.0266268,0.015925,-0.00540664,0,0,0,1.66093,1.28269,-0.118839,0.0190879,-0.0133474,0.0371055,-0.00199169,0.00104124,-0.0146642,1.75578,1.20968,0,0,0,0,0,0,0,0,0,0,0,0,2,1.75578,1.20968,0,0.344544,0.487027,3.7308e-15,0,0,0,0,0,0,0,0,0,0,0,0,0.855775,1.20968,0,0,0,0,0,0,0,0,0,0,0,0,2,0.855775,1.20968,0,1,1,0,0,0,0,0,1.2588,-0.3978,2.2152,0,0,0,0,0,0,0,-0,0,1.54837,0,0,0,0,0,0,0,0,0,0,0,0,0,0,0,0,0,0,0,0,0,0,0,0,0,0,0,0,0
26.4,-0.00991369,0.0010857,-0.000204772,0,-0,0,3.02721,2.011,-2.33439,-0.000307574,-0.00163307,-0.00386899,-0.000841281,-0.00141265,0.00361919,3,2,3.92699,0,0,0,0,0,0,0,0.0183745,0.0228851,0.0255914,0.0299506,2,3,2,3.92699,0,0,0,0,0,0,0,0,0,0,1.5708,1.5708,0,1.5708,1.5708,0,-0.0259151,0.0145221,-0.00571575,0,0,0,1.6628,1.28141,-0.115127,0.018657,-0.0127826,0.037121,-0.00283674,0.00269056,-0.00850552,1.75578,1.20968,0,0,0,0,0,0,0,0,0,0,0,0,2,1.75578,1.20968,0,0.344544,0.487027,3.7308e-15,0,0,0,0,0,0,0,0,0,0,0,0,0.855775,1.20968,0,0,0,0,0,0,0,0,0,0,0,0,2,0.855775,1.20968,0,1,1,0,0,0,0,0,1.2588,-0.3978,2.2152,0,0,0,0,0,0,0,-0,0,1.54723,0,0,0,0,0,0,0,0,0,0,0,0,0,0,0,0,0,0,0,0,0,0,0,0,0,0,0,0,0
26.45,-0.00991369,0.0010857,-0.000204772,0,-0,0,3.02721,2.011,-2.33439,-0.000307574,-0.00163307,-0.00386899,-0.000841281,-0.00141265,0.00361919,3,2,3.92699,0,0,0,0,0,0,0,0.0174859,0.024721,0.0240003,0.0309923,2,3,2,3.92699,0,0,0,0,0,0,0,0,0,0,1.5708,1.5708,0,1.5708,1.5708,0,-0.0259151,0.0145221,-0.00571575,0,0,0,1.6628,1.28141,-0.115127,0.018657,-0.0127826,0.037121,-0.00283674,0.00269056,-0.00850552,1.75578,1.20968,0,0,0,0,0,0,0,0,0,0,0,0,2,1.75578,1.20968,0,0.344544,0.487027,3.7308e-15,0,0,0,0,0,0,0,0,0,0,0,0,0.855775,1.20968,0,0,0,0,0,0,0,0,0,0,0,0,2,0.855775,1.20968,0,1,1,0,0,0,0,0,1.2588,-0.3978,2.2152,0,0,0,0,0,0,0,-0,0,1.54723,0,0,0,0,0,0,0,0,0,0,0,0,0,0,0,0,0,0,0,0,0,0,0,0,0,0,0,0,0
26.55,-0.00981728,0.000458084,0.000113415,0,-0,0,3.02717,2.01085,-2.33485,-0.000332178,-0.00143008,-0.00456058,-0.000550289,0.00010441,-0.000512884,3,2,3.92699,0,0,0,0,0,0,0,0.0174859,0.024721,0.0240003,0.0309923,2,3,2,3.92699,0,0,0,0,0,0,0,0,0,0,1.5708,1.5708,0,1.5708,1.5708,0,-0.027018,0.0157167,-0.00536158,0,0,0,1.66467,1.28011,-0.111574,0.0187595,-0.0129806,0.0355387,-0.00142469,0.00105905,-0.0106288,1.75578,1.20968,0,0,0,0,0,0,0,0,0,0,0,0,2,1.75578,1.20968,0,0.344544,0.487027,3.7308e-15,0,0,0,0,0,0,0,0,0,0,0,0,0.855775,1.20968,0,0,0,0,0,0,0,0,0,0,0,0,2,0.855775,1.20968,0,1,1,0,0,0,0,0,1.2588,-0.3978,2.2152,0,0,0,0,0,0,0,-0,0,1.54609,0,0,0,0,0,0,0,0,0,0,0,0,0,0,0,0,0,0,0,0,0,0,0,0,0,0,0,0,0
26.6,-0.00981728,0.000458084,0.000113415,0,-0,0,3.02717,2.01085,-2.33485,-0.000332178,-0.00143008,-0.00456058,-0.000550289,0.00010441,-0.000512884,3,2,3.92699,0,0,0,0,0,0,0,0.0232069,0.0217122,0.0264643,0.0250199,2,3,2,3.92699,0,0,0,0,0,0,0,0,0,0,1.5708,1.5708,0,1.5708,1.5708,0,-0.027018,0.0157167,-0.00536158,0,0,0,1.66467,1.28011,-0.111574,0.0187595,-0.0129806,0.0355387,-0.00142469,0.00105905,-0.0106288,1.75578,1.20968,0,0,0,0,0,0,0,0,0,0,0,0,2,1.75578,1.20968,0,0.344544,0.487027,3.7308e-15,0,0,0,0,0,0,0,0,0,0,0,0,0.855775,1.20968,0,0,0,0,0,0,0,0,0,0,0,0,2,0.855775,1.20968,0,1,1,0,0,0,0,0,1.2573,-0.393,2.2233,0,0,0,0,0,0,0,-0,0,1.54609,0,0,0,0,0,0,0,0,0,0,0,0,0,0,0,0,0,0,0,0,0,0,0,0,0,0,0,0,0
26.65,-0.0101211,0.000940028,-0.000152292,0,-0,0,3.02715,2.0107,-2.33523,-0.000239315,-0.00155433,-0.00382992,7.96158e-05,-0.000229983,0.00204737,3,2,3.92699,0,0,0,0,0,0,0,0.0232069,0.0217122,0.0264643,0.0250199,2,3,2,3.92699,0,0,0,0,0,0,0,0,0,0,1.5708,1.5708,0,1.5708,1.5708,0,-0.0255284,0.0146026,-0.00578624,0,0,0,1.66648,1.27886,-0.107989,0.0181062,-0.0125042,0.0358637,-0.00325504,0.00230473,-0.00533372,1.75578,1.20968,0,0,0,0,0,0,0,0,0,0,0,0,2,1.75578,1.20968,0,0.344544,0.487027,3.7308e-15,0,0,0,0,0,0,0,0,0,0,0,0,0.855775,1.20968,0,0,0,0,0,0,0,0,0,0,0,0,2,0.855775,1.20968,0,1,1,0,0,0,0,0,1.2573,-0.393,2.2233,0,0,0,0,0,0,0,-0,0,1.54499,0,0,0,0,0,0,0,0,0,0,0,0,0,0,0,0,0,0,0,0,0,0,0,0,0,0,0,0,0
26.75,-0.0101211,0.000940028,-0.000152292,0,-0,0,3.02715,2.0107,-2.33523,-0.000239315,-0.00155433,-0.00382992,7.96158e-05,-0.000229983,0.00204737,3,2,3.92699,0,0,0,0,0,0,0,0.0190849,0.0248971,0.0248411,0.030458,2,3,2,3.92699,0,0,0,0,0,0,0,0,0,0,1.5708,1.5708,0,1.5708,1.5708,0,-0.0255284,0.0146026,-0.00578624,0,0,0,1.66648,1.27886,-0.107989,0.0181062,-0.0125042,0.0358637,-0.00325504,0.00230473,-0.00533372,1.75578,1.20968,0,0,0,0,0,0,0,0,0,0,0,0,2,1.75578,1.20968,0,0.344544,0.487027,3.7308e-15,0,0,0,0,0,0,0,0,0,0,0,0,0.855775,1.20968,0,0,0,0,0,0,0,0,0,0,0,0,2,0.855775,1.20968,0,1,1,0,0,0,0,0,1.2573,-0.393,2.2233,0,0,0,0,0,0,0,-0,0,1.54499,0,0,0,0,0,0,0,0,0,0,0,0,0,0,0,0,0,0,0,0,0,0,0,0,0,0,0,0,0
26.8,-0.00972847,0.000599425,0.000171432,0,-0,0,3.02711,2.01055,-2.33568,-0.000351443,-0.00143628,-0.00453557,-0.000315067,0.000287565,-0.00124557,3,2,3.92699,0,0,0,0,0,0,0,0.0190849,0.0248971,0.0248411,0.030458,2,3,2,3.92699,0,0,0,0,0,0,0,0,0,0,1.5708,1.5708,0,1.5708,1.5708,0,-0.0266573,0.0155381,-0.00483485,0,0,0,1.6683,1.2776,-0.104701,0.0182225,-0.0126299,0.0328666,-0.00172814,0.00104379,-0.0144431,1.75578,1.20968,0,0,0,0,0,0,0,0,0,0,0,0,2,1.75578,1.20968,0,0.344544,0.487027,3.7308e-15,0,0,0,0,0,0,0,0,0,0,0,0,0.855775,1.20968,0,0,0,0,0,0,0,0,0,0,0,0,2,0.855775,1.20968,0,1,1,0,0,0,0,0,1.2573,-0.393,2.2233,0,0,0,0,0,0,0,-0,0,1.54389,0,0,0,0,0,0,0,0,0,0,0,0,0,0,0,0,0,0,0,0,0,0,0,0,0,0,0,0,0
26.85,-0.00972847,0.000599425,0.000171432,0,-0,0,3.02711,2.01055,-2.33568,-0.000351443,-0.00143628,-0.00453557,-0.000315067,0.000287565,-0.00124557,3,2,3.92699,0,0,0,0,0,0,0,0.0234234,0.0204024,0.0273017,0.0243822,2,3,2,3.92699,0,0,0,0,0,0,0,0,0,0,1.5708,1.5708,0,1.5708,1.5708,0,-0.0266573,0.0155381,-0.00483485,0,0,0,1.6683,1.2776,-0.104701,0.0182225,-0.0126299,0.0328666,-0.00172814,0.00104379,-0.0144431,1.75578,1.20968,0,0,0,0,0,0,0,0,0,0,0,0,2,1.75578,1.20968,0,0.344544,0.487027,3.7308e-15,0,0,0,0,0,0,0,0,0,0,0,0,0.855775,1.20968,0,0,0,0,0,0,0,0,0,0,0,0,2,0.855775,1.20968,0,1,1,0,0,0,0,0,1.2921,-0.3519,2.2673,0,0,0,0,0,0,0,-0,0,1.54389,0,0,0,0,0,0,0,0,0,0,0,0,0,0,0,0,0,0,0,0,0,0,0,0,0,0,0,0,0
26.9,-0.0103975,0.000201664,0.000117675,0,-0,0,3.0271,2.01042,-2.33611,-0.000151415,-0.0013029,-0.00431674,0.000557189,0.000778039,-0.00031187,3,2,3.92699,0,0,0,0,0,0,0,0.0234234,0.0204024,0.0273017,0.0243822,2,3,2,3.92699,0,0,0,0,0,0,0,0,0,0,1.5708,1.5708,0,1.5708,1.5708,0,-0.0256031,0.0142376,-0.0054021,0,0,0,1.67007,1.27639,-0.101343,0.0177022,-0.0121035,0.0335877,-0.00294066,0.00258088,-0.00708037,1.75578,1.20968,0,0,0,0,0,0,0,0,0,0,0,0,2,1.75578,1.20968,0,0.344544,0.487027,3.7308e-15,0,0,0,0,0,0,0,0,0,0,0,0,0.855775,1.20968,0,0,0,0,0,0,0,0,0,0,0,0,2,0.855775,1.20968,0,1,1,0,0,0,0,0,1.2921,-0.3519,2.2673,0,0,0,0,0,0,0,-0,0,1.54283,0,0,0,0,0,0,0,0,0,0,0,0,0,0,0,0,0,0,0,0,0,0,0,0,0,0,0,0,0
26.95,-0.0103975,0.000201664,0.000117675,0,-0,0,3.0271,2.01042,-2.33611,-0.000151415,-0.0013029,-0.00431674,0.000557189,0.000778039,-0.00031187,3,2,3.92699,0,0,0,0,0,0,0,0.0253361,0.0237284,0.0273275,0.0257739,2,3,2,3.92699,0,0,0,0,0,0,0,0,0,0,1.5708,1.5708,0,1.5708,1.5708,0,-0.0256031,0.0142376,-0.0054021,0,0,0,1.67007,1.27639,-0.101343,0.0177022,-0.0121035,0.0335877,-0.00294066,0.00258088,-0.00708037,1.75578,1.20968,0,0,0,0,0,0,0,0,0,0,0,0,2,1.75578,1.20968,0,0.344544,0.487027,3.7308e-15,0,0,0,0,0,0,0,0,0,0,0,0,0.855775,1.20968,0,0,0,0,0,0,0,0,0,0,0,0,2,0.855775,1.20968,0,1,1,0,0,0,0,0,1.2921,-0.3519,2.2673,0,0,0,0,0,0,0,-0,0,1.54283,0,0,0,0,0,0,0,0,0,0,0,0,0,0,0,0,0,0,0,0,0,0,0,0,0,0,0,0,0
27,-0.0100998,-0.00105664,0.000379484,0,-0,0,3.02707,2.01033,-2.3366,-0.000236803,-0.000919138,-0.00486347,0.000111137,0.00206514,-0.00225148,3,2,3.92699,0,0,0,0,0,0,0,0.0253361,0.0237284,0.0273275,0.0257739,2,3,2,3.92699,0,0,0,0,0,0,0,0,0,0,1.5708,1.5708,0,1.5708,1.5708,0,-0.0259823,0.0148936,-0.00467846,0,0,0,1.67183,1.27517,-0.0982247,0.0176051,-0.0121526,0.0311843,-0.00229251,0.00154425,-0.0128112,1.75578,1.20968,0,0,0,0,0,0,0,0,0,0,0,0,2,1.75578,1.20968,0,0.344544,0.487027,3.7308e-15,0,0,0,0,0,0,0,0,0,0,0,0,0.855775,1.20968,0,0,0,0,0,0,0,0,0,0,0,0,2,0.855775,1.20968,0,1,1,0,0,0,0,0,1.2921,-0.3519,2.2673,0,0,0,0,0,0,0,-0,0,1.5418,0,0,0,0,0,0,0,0,0,0,0,0,0,0,0,0,0,0,0,0,0,0,0,0,0,0,0,0,0
27.05,-0.0100998,-0.00105664,0.000379484,0,-0,0,3.02707,2.01033,-2.3366,-0.000236803,-0.000919138,-0.00486347,0.000111137,0.00206514,-0.00225148,3,2,3.92699,0,0,0,0,0,0,0,0.0315047,0.022457,0.0271388,0.0183949,2,3,2,3.92699,0,0,0,0,0,0,0,0,0,0,1.5708,1.5708,0,1.5708,1.5708,0,-0.0259823,0.0148936,-0.00467846,0,0,0,1.67183,1.27517,-0.0982247,0.0176051,-0.0121526,0.0311843,-0.00229251,0.00154425,-0.0128112,1.75578,1.20968,0,0,0,0,0,0,0,0,0,0,0,0,2,1.75578,1.20968,0,0.344544,0.487027,3.7308e-15,0,0,0,0,0,0,0,0,0,0,0,0,0.855775,1.20968,0,0,0,0,0,0,0,0,0,0,0,0,2,0.855775,1.20968,0,1,1,0,0,0,0,0,1.2545,-0.3835,2.2384,0,0,0,0,0,0,0,-0,0,1.5418,0,0,0,0,0,0,0,0,0,0,0,0,0,0,0,0,0,0,0,0,0,0,0,0,0,0,0,0,0
27.1,-0.0100567,-0.00167786,5.87473e-05,0,-0,0,3.02705,2.01026,-2.337,-0.000246618,-0.000726424,-0.00399409,-3.26957e-05,0.00218509,0.00186284,3,2,3.92699,0,0,0,0,0,0,0,0.0315047,0.022457,0.0271388,0.0183949,2,3,2,3.92699,0,0,0,0,0,0,0,0,0,0,1.5708,1.5708,0,1.5708,1.5708,0,-0.0255293,0.0143137,-0.00484623,0,0,0,1.67356,1.27399,-0.0951276,0.017267,-0.0118414,0.0309758,-0.00265402,0.00204013,-0.00932685,1.75578,1.20968,0,0,0,0,0,0,0,0,0,0,0,0,2,1.75578,1.20968,0,0.344544,0.487027,3.7308e-15,0,0,0,0,0,0,0,0,0,0,0,0,0.855775,1.20968,0,0,0,0,0,0,0,0,0,0,0,0,2,0.855775,1.20968,0,1,1,0,0,0,0,0,1.2545,-0.3835,2.2384,0,0,0,0,0,0,0,-0,0,1.54079,0,0,0,0,0,0,0,0,0,0,0,0,0,0,0,0,0,0,0,0,0,0,0,0,0,0,0,0,0
27.15,-0.0100567,-0.00167786,5.87473e-05,0,-0,0,3.02705,2.01026,-2.337,-0.000246618,-0.000726424,-0.00399409,-3.26957e-05,0.00218509,0.00186284,3,2,3.92699,0,0,0,0,0,0,0,0.0287677,0.028116,0.0214594,0.0208295,2,3,2,3.92699,0,0,0,0,0,0,0,0,0,0,1.5708,1.5708,0,1.5708,1.5708,0,-0.0255293,0.0143137,-0.00484623,0,0,0,1.67356,1.27399,-0.0951276,0.017267,-0.0118414,0.0309758,-0.00265402,0.00204013,-0.00932685,1.75578,1.20968,0,0,0,0,0,0,0,0,0,0,0,0,2,1.75578,1.20968,0,0.344544,0.487027,3.7308e-15,0,0,0,0,0,0,0,0,0,0,0,0,0.855775,1.20968,0,0,0,0,0,0,0,0,0,0,0,0,2,0.855775,1.20968,0,1,1,0,0,0,0,0,1.2545,-0.3835,2.2384,0,0,0,0,0,0,0,-0,0,1.54079,0,0,0,0,0,0,0,0,0,0,0,0,0,0,0,0,0,0,0,0,0,0,0,0,0,0,0,0,0
27.2,-0.0101386,-0.00244937,0.000275013,0,-0,0,3.02703,2.01021,-2.33744,-0.000219743,-0.000491981,-0.00443731,6.81952e-05,0.00226477,-9.70947e-05,3,2,3.92699,0,0,0,0,0,0,0,0.0287677,0.028116,0.0214594,0.0208295,2,3,2,3.92699,0,0,0,0,0,0,0,0,0,0,1.5708,1.5708,0,1.5708,1.5708,0,-0.0258132,0.0146112,-0.00485832,0,0,0,1.67528,1.27281,-0.0920882,0.0171473,-0.0117892,0.0303964,-0.00211411,0.0014959,-0.00743213,1.75578,1.20968,0,0,0,0,0,0,0,0,0,0,0,0,2,1.75578,1.20968,0,0.344544,0.487027,3.7308e-15,0,0,0,0,0,0,0,0,0,0,0,0,0.855775,1.20968,0,0,0,0,0,0,0,0,0,0,0,0,2,0.855775,1.20968,0,1,1,0,0,0,0,0,1.2545,-0.3835,2.2384,0,0,0,0,0,0,0,-0,0,1.5398,0,0,0,0,0,0,0,0,0,0,0,0,0,0,0,0,0,0,0,0,0,0,0,0,0,0,0,0,0
27.25,-0.0101386,-0.00244937,0.000275013,0,-0,0,3.02703,2.01021,-2.33744,-0.000219743,-0.000491981,-0.00443731,6.81952e-05,0.00226477,-9.70947e-05,3,2,3.92699,0,0,0,0,0,0,0,0.0339152,0.0272454,0.0227039,0.0162581,2,3,2,3.92699,0,0,0,0,0,0,0,0,0,0,1.5708,1.5708,0,1.5708,1.5708,0,-0.0258132,0.0146112,-0.00485832,0,0,0,1.67528,1.27281,-0.0920882,0.0171473,-0.0117892,0.0303964,-0.00211411,0.0014959,-0.00743213,1.75578,1.20968,0,0,0,0,0,0,0,0,0,0,0,0,2,1.75578,1.20968,0,0.344544,0.487027,3.7308e-15,0,0,0,0,0,0,0,0,0,0,0,0,0.855775,1.20968,0,0,0,0,0,0,0,0,0,0,0,0,2,0.855775,1.20968,0,1,1,0,0,0,0,0,1.344,-0.2881,2.336,0,0,0,0,0,0,0,-0,0,1.5398,0,0,0,0,0,0,0,0,0,0,0,0,0,0,0,0,0,0,0,0,0,0,0,0,0,0,0,0,0
27.3,-0.0100547,-0.00210427,0.000255874,0,-0,0,3.027,2.01015,-2.33787,-0.000241724,-0.000587219,-0.0043039,-3.31941e-05,0.000990243,0.000209998,3,2,3.92699,0,0,0,0,0,0,0,0.0339152,0.0272454,0.0227039,0.0162581,2,3,2,3.92699,0,0,0,0,0,0,0,0,0,0,1.5708,1.5708,0,1.5708,1.5708,0,-0.0249324,0.0139042,-0.00475777,0,0,0,1.67694,1.27167,-0.0891328,0.01669,-0.0114453,0.0295569,-0.00302597,0.00220041,-0.00756472,1.75578,1.20968,0,0,0,0,0,0,0,0,0,0,0,0,2,1.75578,1.20968,0,0.344544,0.487027,3.7308e-15,0,0,0,0,0,0,0,0,0,0,0,0,0.855775,1.20968,0,0,0,0,0,0,0,0,0,0,0,0,2,0.855775,1.20968,0,1,1,0,0,0,0,0,1.344,-0.2881,2.336,0,0,0,0,0,0,0,-0,0,1.53884,0,0,0,0,0,0,0,0,0,0,0,0,0,0,0,0,0,0,0,0,0,0,0,0,0,0,0,0,0
27.35,-0.0100547,-0.00210427,0.000255874,0,-0,0,3.027,2.01015,-2.33787,-0.000241724,-0.000587219,-0.0043039,-3.31941e-05,0.000990243,0.000209998,3,2,3.92699,0,0,0,0,0,0,0,0.0325553,0.0264898,0.0230208,0.017159,2,3,2,3.92699,0,0,0,0,0,0,0,0,0,0,1.5708,1.5708,0,1.5708,1.5708,0,-0.0249324,0.0139042,-0.00475777,0,0,0,1.67694,1.27167,-0.0891328,0.01669,-0.0114453,0.0295569,-0.00302597,0.00220041,-0.00756472,1.75578,1.20968,0,0,0,0,0,0,0,0,0,0,0,0,2,1.75578,1.20968,0,0.344544,0.487027,3.7308e-15,0,0,0,0,0,0,0,0,0,0,0,0,0.855775,1.20968,0,0,0,0,0,0,0,0,0,0,0,0,2,0.855775,1.20968,0,1,1,0,0,0,0,0,1.344,-0.2881,2.336,0,0,0,0,0,0,0,-0,0,1.53884,0,0,0,0,0,0,0,0,0,0,0,0,0,0,0,0,0,0,0,0,0,0,0,0,0,0,0,0,0
27.4,-0.00999494,-0.00194312,0.000403544,0,-0,0,3.02698,2.01009,-2.33833,-0.000256364,-0.000627481,-0.00457554,-9.21702e-05,0.000261164,-0.000918075,3,2,3.92699,0,0,0,0,0,0,0,0.0325553,0.0264898,0.0230208,0.017159,2,3,2,3.92699,0,0,0,0,0,0,0,0,0,0,1.5708,1.5708,0,1.5708,1.5708,0,-0.0257988,0.0143212,-0.00458997,0,0,0,1.67862,1.27052,-0.0862758,0.0167466,-0.0114326,0.0285719,-0.00171252,0.00146634,-0.00849292,1.75578,1.20968,0,0,0,0,0,0,0,0,0,0,0,0,2,1.75578,1.20968,0,0.344544,0.487027,3.7308e-15,0,0,0,0,0,0,0,0,0,0,0,0,0.855775,1.20968,0,0,0,0,0,0,0,0,0,0,0,0,2,0.855775,1.20968,0,1,1,0,0,0,0,0,1.344,-0.2881,2.336,0,0,0,0,0,0,0,-0,0,1.53786,0,0,0,0,0,0,0,0,0,0,0,0,0,0,0,0,0,0,0,0,0,0,0,0,0,0,0,0,0
27.45,-0.00999494,-0.00194312,0.000403544,0,-0,0,3.02698,2.01009,-2.33833,-0.000256364,-0.000627481,-0.00457554,-9.21702e-05,0.000261164,-0.000918075,3,2,3.92699,0,0,0,0,0,0,0,0.0339758,0.0239934,0.0251425,0.0154953,2,3,2,3.92699,0,0,0,0,0,0,0,0,0,0,1.5708,1.5708,0,1.5708,1.5708,0,-0.0257988,0.0143212,-0.00458997,0,0,0,1.67862,1.27052,-0.0862758,0.0167466,-0.0114326,0.0285719,-0.00171252,0.00146634,-0.00849292,1.75578,1.20968,0,0,0,0,0,0,0,0,0,0,0,0,2,1.75578,1.20968,0,0.344544,0.487027,3.7308e-15,0,0,0,0,0,0,0,0,0,0,0,0,0.855775,1.20968,0,0,0,0,0,0,0,0,0,0,0,0,2,0.855775,1.20968,0,1,1,0,0,0,0,0,1.2521,-0.3742,2.252,0,0,0,0,0,0,0,-0,0,1.53786,0,0,0,0,0,0,0,0,0,0,0,0,0,0,0,0,0,0,0,0,0,0,0,0,0,0,0,0,0
27.5,-0.010093,-0.000308274,0.00027781,0,-0,0,3.02696,2.00998,-2.33875,-0.000224631,-0.00109874,-0.00418226,6.34933e-05,-0.00182481,0.000867919,3,2,3.92699,0,0,0,0,0,0,0,0.0339758,0.0239934,0.0251425,0.0154953,2,3,2,3.92699,0,0,0,0,0,0,0,0,0,0,1.5708,1.5708,0,1.5708,1.5708,0,-0.0239793,0.0136713,-0.00462597,0,0,0,1.68022,1.26941,-0.0834663,0.0160208,-0.0111095,0.0280973,-0.00375246,0.00207347,-0.00712494,1.75578,1.20968,0,0,0,0,0,0,0,0,0,0,0,0,2,1.75578,1.20968,0,0.344544,0.487027,3.7308e-15,0,0,0,0,0,0,0,0,0,0,0,0,0.855775,1.20968,0,0,0,0,0,0,0,0,0,0,0,0,2,0.855775,1.20968,0,1,1,0,0,0,0,0,1.2521,-0.3742,2.252,0,0,0,0,0,0,0,-0,0,1.53692,0,0,0,0,0,0,0,0,0,0,0,0,0,0,0,0,0,0,0,0,0,0,0,0,0,0,0,0,0
27.55,-0.010093,-0.000308274,0.00027781,0,-0,0,3.02696,2.00998,-2.33875,-0.000224631,-0.00109874,-0.00418226,6.34933e-05,-0.00182481,0.000867919,3,2,3.92699,0,0,0,0,0,0,0,0.0281941,0.0220899,0.0274462,0.0215471,2,3,2,3.92699,0,0,0,0,0,0,0,0,0,0,1.5708,1.5708,0,1.5708,1.5708,0,-0.0239793,0.0136713,-0.00462597,0,0,0,1.68022,1.26941,-0.0834663,0.0160208,-0.0111095,0.0280973,-0.00375246,0.00207347,-0.00712494,1.75578,1.20968,0,0,0,0,0,0,0,0,0,0,0,0,2,1.75578,1.20968,0,0.344544,0.487027,3.7308e-15,0,0,0,0,0,0,0,0,0,0,0,0,0.855775,1.20968,0,0,0,0,0,0,0,0,0,0,0,0,2,0.855775,1.20968,0,1,1,0,0,0,0,0,1.2521,-0.3742,2.252,0,0,0,0,0,0,0,-0,0,1.53692,0,0,0,0,0,0,0,0,0,0,0,0,0,0,0,0,0,0,0,0,0,0,0,0,0,0,0,0,0
27.6,-0.0105343,-0.000781274,-0.000140851,0,-0,0,3.02695,2.00988,-2.33906,-9.27771e-05,-0.000947303,-0.00309003,0.00058602,-0.000773082,0.00512668,3,2,3.92699,0,0,0,0,0,0,0,0.0281941,0.0220899,0.0274462,0.0215471,2,3,2,3.92699,0,0,0,0,0,0,0,0,0,0,1.5708,1.5708,0,1.5708,1.5708,0,-0.0254472,0.0139149,-0.00418156,0,0,0,1.68185,1.26831,-0.080819,0.0162603,-0.0110502,0.0264746,-0.00157014,0.00156256,-0.0105736,1.75578,1.20968,0,0,0,0,0,0,0,0,0,0,0,0,2,1.75578,1.20968,0,0.344544,0.487027,3.7308e-15,0,0,0,0,0,0,0,0,0,0,0,0,0.855775,1.20968,0,0,0,0,0,0,0,0,0,0,0,0,2,0.855775,1.20968,0,1,1,0,0,0,0,0,1.2521,-0.3742,2.252,0,0,0,0,0,0,0,-0,0,1.53598,0,0,0,0,0,0,0,0,0,0,0,0,0,0,0,0,0,0,0,0,0,0,0,0,0,0,0,0,0
27.65,-0.0105343,-0.000781274,-0.000140851,0,-0,0,3.02695,2.00988,-2.33906,-9.27771e-05,-0.000947303,-0.00309003,0.00058602,-0.000773082,0.00512668,3,2,3.92699,0,0,0,0,0,0,0,0.024883,0.0299121,0.0220108,0.026871,2,3,2,3.92699,0,0,0,0,0,0,0,0,0,0,1.5708,1.5708,0,1.5708,1.5708,0,-0.0254472,0.0139149,-0.00418156,0,0,0,1.68185,1.26831,-0.080819,0.0162603,-0.0110502,0.0264746,-0.00157014,0.00156256,-0.0105736,1.75578,1.20968,0,0,0,0,0,0,0,0,0,0,0,0,2,1.75578,1.20968,0,0.344544,0.487027,3.7308e-15,0,0,0,0,0,0,0,0,0,0,0,0,0.855775,1.20968,0,0,0,0,0,0,0,0,0,0,0,0,2,0.855775,1.20968,0,1,1,0,0,0,0,0,1.2021,-0.4188,2.2093,0,0,0,0,0,0,0,-0,0,1.53598,0,0,0,0,0,0,0,0,0,0,0,0,0,0,0,0,0,0,0,0,0,0,0,0,0,0,0,0,0
27.7,-0.0108141,-0.00104318,0.000248119,0,-0,0,3.02694,2.0098,-2.33946,-9.76655e-06,-0.000859457,-0.00396766,0.000754309,2.92884e-05,0.000148449,3,2,3.92699,0,0,0,0,0,0,0,0.024883,0.0299121,0.0220108,0.026871,2,3,2,3.92699,0,0,0,0,0,0,0,0,0,0,1.5708,1.5708,0,1.5708,1.5708,0,-0.0236517,0.0129404,-0.0046116,0,0,0,1.6834,1.26724,-0.0781202,0.0155472,-0.0106371,0.0269905,-0.0034996,0.00252176,-0.00475875,1.75578,1.20968,0,0,0,0,0,0,0,0,0,0,0,0,2,1.75578,1.20968,0,0.344544,0.487027,3.7308e-15,0,0,0,0,0,0,0,0,0,0,0,0,0.855775,1.20968,0,0,0,0,0,0,0,0,0,0,0,0,2,0.855775,1.20968,0,1,1,0,0,0,0,0,1.2021,-0.4188,2.2093,0,0,0,0,0,0,0,-0,0,1.53509,0,0,0,0,0,0,0,0,0,0,0,0,0,0,0,0,0,0,0,0,0,0,0,0,0,0,0,0,0
27.75,-0.0108141,-0.00104318,0.000248119,0,-0,0,3.02694,2.0098,-2.33946,-9.76655e-06,-0.000859457,-0.00396766,0.000754309,2.92884e-05,0.000148449,3,2,3.92699,0,0,0,0,0,0,0,0.0314543,0.0260218,0.0271293,0.0218793,2,3,2,3.92699,0,0,0,0,0,0,0,0,0,0,1.5708,1.5708,0,1.5708,1.5708,0,-0.0236517,0.0129404,-0.0046116,0,0,0,1.6834,1.26724,-0.0781202,0.0155472,-0.0106371,0.0269905,-0.0034996,0.00252176,-0.00475875,1.75578,1.20968,0,0,0,0,0,0,0,0,0,0,0,0,2,1.75578,1.20968,0,0.344544,0.487027,3.7308e-15,0,0,0,0,0,0,0,0,0,0,0,0,0.855775,1.20968,0,0,0,0,0,0,0,0,0,0,0,0,2,0.855775,1.20968,0,1,1,0,0,0,0,0,1.2021,-0.4188,2.2093,0,0,0,0,0,0,0,-0,0,1.53509,0,0,0,0,0,0,0,0,0,0,0,0,0,0,0,0,0,0,0,0,0,0,0,0,0,0,0,0,0
27.8,-0.0110388,8.72421e-05,-3.41156e-05,0,-0,0,3.02695,2.00968,-2.33978,5.61462e-05,-0.00118029,-0.00320876,0.000739051,-0.0011561,0.00244645,3,2,3.92699,0,0,0,0,0,0,0,0.0314543,0.0260218,0.0271293,0.0218793,2,3,2,3.92699,0,0,0,0,0,0,0,0,0,0,1.5708,1.5708,0,1.5708,1.5708,0,-0.0247442,0.0139143,-0.00405735,0,0,0,1.68497,1.26616,-0.0756074,0.015683,-0.0107959,0.0251248,-0.00181387,0.00100528,-0.00951513,1.75578,1.20968,0,0,0,0,0,0,0,0,0,0,0,0,2,1.75578,1.20968,0,0.344544,0.487027,3.7308e-15,0,0,0,0,0,0,0,0,0,0,0,0,0.855775,1.20968,0,0,0,0,0,0,0,0,0,0,0,0,2,0.855775,1.20968,0,1,1,0,0,0,0,0,1.2021,-0.4188,2.2093,0,0,0,0,0,0,0,-0,0,1.53419,0,0,0,0,0,0,0,0,0,0,0,0,0,0,0,0,0,0,0,0,0,0,0,0,0,0,0,0,0
27.8,-0.0110388,8.72421e-05,-3.41156e-05,0,-0,0,3.02695,2.00968,-2.33978,5.61462e-05,-0.00118029,-0.00320876,0.000739051,-0.0011561,0.00244645,3,2,3.92699,0,0,0,0,0,0,0,0.0252136,0.0277168,0.0265733,0.0289924,2,3,2,3.92699,0,0,0,0,0,0,0,0,0,0,1.5708,1.5708,0,1.5708,1.5708,0,-0.0247442,0.0139143,-0.00405735,0,0,0,1.68497,1.26616,-0.0756074,0.015683,-0.0107959,0.0251248,-0.00181387,0.00100528,-0.00951513,1.75578,1.20968,0,0,0,0,0,0,0,0,0,0,0,0,2,1.75578,1.20968,0,0.344544,0.487027,3.7308e-15,0,0,0,0,0,0,0,0,0,0,0,0,0.855775,1.20968,0,0,0,0,0,0,0,0,0,0,0,0,2,0.855775,1.20968,0,1,1,0,0,0,0,0,1.334,-0.2816,2.3484,0,0,0,0,0,0,0,-0,0,1.53419,0,0,0,0,0,0,0,0,0,0,0,0,0,0,0,0,0,0,0,0,0,0,0,0,0,0,0,0,0
27.85,-0.0115248,-0.000756657,-0.000183592,0,-0,0,3.02697,2.00959,-2.34005,0.000197779,-0.000919304,-0.00278508,0.00100759,0.000188877,0.00347477,3,2,3.92699,0,0,0,0,0,0,0,0.0252136,0.0277168,0.0265733,0.0289924,2,3,2,3.92699,0,0,0,0,0,0,0,0,0,0,1.5708,1.5708,0,1.5708,1.5708,0,-0.0236315,0.0124958,-0.00441121,0,0,0,1.68649,1.26514,-0.0730594,0.0151754,-0.0102565,0.0254837,-0.00289919,0.00256032,-0.00493873,1.75578,1.20968,0,0,0,0,0,0,0,0,0,0,0,0,2,1.75578,1.20968,0,0.344544,0.487027,3.7308e-15,0,0,0,0,0,0,0,0,0,0,0,0,0.855775,1.20968,0,0,0,0,0,0,0,0,0,0,0,0,2,0.855775,1.20968,0,1,1,0,0,0,0,0,1.334,-0.2816,2.3484,0,0,0,0,0,0,0,-0,0,1.53333,0,0,0,0,0,0,0,0,0,0,0,0,0,0,0,0,0,0,0,0,0,0,0,0,0,0,0,0,0
27.9,-0.0115248,-0.000756657,-0.000183592,0,-0,0,3.02697,2.00959,-2.34005,0.000197779,-0.000919304,-0.00278508,0.00100759,0.000188877,0.00347477,3,2,3.92699,0,0,0,0,0,0,0,0.0265962,0.0329146,0.0238926,0.0299988,2,3,2,3.92699,0,0,0,0,0,0,0,0,0,0,1.5708,1.5708,0,1.5708,1.5708,0,-0.0236315,0.0124958,-0.00441121,0,0,0,1.68649,1.26514,-0.0730594,0.0151754,-0.0102565,0.0254837,-0.00289919,0.00256032,-0.00493873,1.75578,1.20968,0,0,0,0,0,0,0,0,0,0,0,0,2,1.75578,1.20968,0,0.344544,0.487027,3.7308e-15,0,0,0,0,0,0,0,0,0,0,0,0,0.855775,1.20968,0,0,0,0,0,0,0,0,0,0,0,0,2,0.855775,1.20968,0,1,1,0,0,0,0,0,1.334,-0.2816,2.3484,0,0,0,0,0,0,1.37887,-0.43877,2.35289,1.53333,0,0,0,0,1,0,0,0,0,0,0,0,0,0,0,0,0,0,0,0,0,0,0,0,0,0,0,0,0
27.95,-0.0115577,-0.00122466,0.000286574,0,-0,0,3.02699,2.00951,-2.34044,0.000205068,-0.000771447,-0.00386458,0.000670543,0.000885706,-0.00208953,3,2,3.92699,0,0,0,0,0,0,0,0.0265962,0.0329146,0.0238926,0.0299988,2,3,2,3.92699,0,0,0,0,0,0,0,0,0,0,1.5708,1.5708,0,1.5708,1.5708,0,-0.0235452,0.0132797,-0.00362599,0,0,0,1.68798,1.2641,-0.0707501,0.0149724,-0.0103645,0.0230912,-0.00268971,0.00131022,-0.0118912,1.75578,1.20968,0,0,0,0,0,0,0,0,0,0,0,0,2,1.75578,1.20968,0,0.344544,0.487027,3.7308e-15,0,0,0,0,0,0,0,0,0,0,0,0,0.855775,1.20968,0,0,0,0,0,0,0,0,0,0,0,0,2,0.855775,1.20968,0,1,1,0,0,0,0,0,1.334,-0.2816,2.3484,0,0,0,0,0,0,1.37887,-0.43877,2.35289,1.53251,0,0,0,0,1,0,0,0,0,0,0,0,0,0,0,0,0,0,0,0,0,0,0,0,0,0,0,0,0
28,-0.0115577,-0.00122466,0.000286574,0,-0,0,3.02699,2.00951,-2.34044,0.000205068,-0.000771447,-0.00386458,0.000670543,0.000885706,-0.00208953,3,2,3.92699,0,0,0,0,0,0,0,0.034222,0.0278058,0.0289944,0.0227937,2,3,2,3.92699,0,0,0,0,0,0,0,0,0,0,1.5708,1.5708,0,1.5708,1.5708,0,-0.0235452,0.0132797,-0.00362599,0,0,0,1.68798,1.2641,-0.0707501,0.0149724,-0.0103645,0.0230912,-0.00268971,0.00131022,-0.0118912,1.75578,1.20968,0,0,0,0,0,0,0,0,0,0,0,0,2,1.75578,1.20968,0,0.344544,0.487027,3.7308e-15,0,0,0,0,0,0,0,0,0,0,0,0,0.855775,1.20968,0,0,0,0,0,0,0,0,0,0,0,0,2,0.855775,1.20968,0,1,1,0,0,0,0,0,1.2489,-0.3618,2.2697,0,0,0,0,0,0,1.37887,-0.43877,2.35289,1.53251,0,0,0,0,1,0,0,0,0,0,0,0,0,0,0,0,0,0,0,0,0,0,0,0,0,0,0,0,0
28.05,-0.0116491,-0.00046925,4.39068e-05,0,-0,0,3.02701,2.00941,-2.34076,0.000229406,-0.000983519,-0.00320315,0.000454244,-0.000221524,0.000634738,3,2,3.92699,0,0,0,0,0,0,0,0.034222,0.0278058,0.0289944,0.0227937,2,3,2,3.92699,0,0,0,0,0,0,0,0,0,0,1.5708,1.5708,0,1.5708,1.5708,0,-0.0229533,0.0121846,-0.00381941,0,0,0,1.68945,1.26311,-0.0684389,0.0146246,-0.00992424,0.0231033,-0.00297327,0.00237457,-0.00802714,1.75578,1.20968,0,0,0,0,0,0,0,0,0,0,0,0,2,1.75578,1.20968,0,0.344544,0.487027,3.7308e-15,0,0,0,0,0,0,0,0,0,0,0,0,0.855775,1.20968,0,0,0,0,0,0,0,0,0,0,0,0,2,0.855775,1.20968,0,1,1,0,0,0,0,0,1.2489,-0.3618,2.2697,0,0,0,0,0,0,1.37887,-0.43877,2.35289,1.53168,0,0,0,0,1,0,0,0,0,0,0,0,0,0,0,0,0,0,0,0,0,0,0,0,0,0,0,0,0
28.1,-0.0116491,-0.00046925,4.39068e-05,0,-0,0,3.02701,2.00941,-2.34076,0.000229406,-0.000983519,-0.00320315,0.000454244,-0.000221524,0.000634738,3,2,3.92699,0,0,0,0,0,0,0,0.0291948,0.0295212,0.027777,0.0280925,2,3,2,3.92699,0,0,0,0,0,0,0,0,0,0,1.5708,1.5708,0,1.5708,1.5708,0,-0.0229533,0.0121846,-0.00381941,0,0,0,1.68945,1.26311,-0.0684389,0.0146246,-0.00992424,0.0231033,-0.00297327,0.00237457,-0.00802714,1.75578,1.20968,0,0,0,0,0,0,0,0,0,0,0,0,2,1.75578,1.20968,0,0.344544,0.487027,3.7308e-15,0,0,0,0,0,0,0,0,0,0,0,0,0.855775,1.20968,0,0,0,0,0,0,0,0,0,0,0,0,2,0.855775,1.20968,0,1,1,0,0,0,0,0,1.2489,-0.3618,2.2697,0,0,0,0,0,0,1.28934,-0.40855,3.45771,1.53168,0,0,0,0,1,0,0,0,0,0,0,0,0,0,0,0,0,0,0,0,0,0,0,0,0,0,0,0,0
28.15,-0.0112252,-0.00212878,0.000295507,0,-0,0,3.02702,2.00936,-2.34114,0.000102584,-0.000486051,-0.00374718,-0.000263587,0.00170628,-0.00141903,3,2,3.92699,0,0,0,0,0,0,0,0.0291948,0.0295212,0.027777,0.0280925,2,3,2,3.92699,0,0,0,0,0,0,0,0,0,0,1.5708,1.5708,0,1.5708,1.5708,0,-0.0230415,0.0123474,-0.00339091,0,0,0,1.69089,1.26212,-0.0662782,0.014479,-0.00985537,0.0216172,-0.00242816,0.0018603,-0.0102705,1.75578,1.20968,0,0,0,0,0,0,0,0,0,0,0,0,2,1.75578,1.20968,0,0.344544,0.487027,3.7308e-15,0,0,0,0,0,0,0,0,0,0,0,0,0.855775,1.20968,0,0,0,0,0,0,0,0,0,0,0,0,2,0.855775,1.20968,0,1,1,0,0,0,0,0,1.2489,-0.3618,2.2697,0,0,0,0,0,0,1.28934,-0.40855,3.45771,1.53088,0,0,0,0,1,0,0,0,0,0,0,0,0,0,0,0,0,0,0,0,0,0,0,0,0,0,0,0,0
28.25,-0.0112252,-0.00212878,0.000295507,0,-0,0,3.02702,2.00936,-2.34114,0.000102584,-0.000486051,-0.00374718,-0.000263587,0.00170628,-0.00141903,3,2,3.92699,0,0,0,0,0,0,0,0.0359726,0.0289922,0.0262277,0.0194817,2,3,2,3.92699,0,0,0,0,0,0,0,0,0,0,1.5708,1.5708,0,1.5708,1.5708,0,-0.0230415,0.0123474,-0.00339091,0,0,0,1.69089,1.26212,-0.0662782,0.014479,-0.00985537,0.0216172,-0.00242816,0.0018603,-0.0102705,1.75578,1.20968,0,0,0,0,0,0,0,0,0,0,0,0,2,1.75578,1.20968,0,0.344544,0.487027,3.7308e-15,0,0,0,0,0,0,0,0,0,0,0,0,0.855775,1.20968,0,0,0,0,0,0,0,0,0,0,0,0,2,0.855775,1.20968,0,1,1,0,0,0,0,0,1.2478,-0.3581,2.2748,0,0,0,0,0,0,1.28934,-0.40855,3.45771,1.53088,0,0,0,0,1,0,0,0,0,0,0,0,0,0,0,0,0,0,0,0,0,0,0,0,0,0,0,0,0
28.35,-0.0115297,-0.00161248,0.000282789,0,-0,0,3.02704,2.0093,-2.3415,0.000190546,-0.000631489,-0.00364287,9.61165e-05,0.000704028,-0.000716537,3,2,3.92699,0,0,0,0,0,0,0,0.0359726,0.0289922,0.0262277,0.0194817,2,3,2,3.92699,0,0,0,0,0,0,0,0,0,0,1.5708,1.5708,0,1.5708,1.5708,0,-0.0219374,0.0119903,-0.00385169,0,0,0,1.69229,1.26116,-0.0640493,0.0139881,-0.00963602,0.0223028,-0.00333339,0.00191551,-0.00371339,1.75578,1.20968,0,0,0,0,0,0,0,0,0,0,0,0,2,1.75578,1.20968,0,0.344544,0.487027,3.7308e-15,0,0,0,0,0,0,0,0,0,0,0,0,0.855775,1.20968,0,0,0,0,0,0,0,0,0,0,0,0,2,0.855775,1.20968,0,1,1,0,0,0,0,0,1.2478,-0.3581,2.2748,0,0,0,0,0,0,1.28934,-0.40855,3.45771,1.53012,0,0,0,0,1,0,0,0,0,0,0,0,0,0,0,0,0,0,0,0,0,0,0,0,0,0,0,0,0
28.4,-0.0115297,-0.00161248,0.000282789,-0.00691974,-0.00712615,0.000629957,3.02704,2.0093,-2.3415,0.000190546,-0.000631489,-0.00364287,9.61165e-05,0.000704028,-0.000716537,3,2,3.92699,0,0,0,0,0,0,0,0.0351611,0.0287203,0.0279645,0.02174,2,3,2,3.92699,0,0,0,0,0,0,0,0,0,0,1.5708,1.5708,0,1.5708,1.5708,0,-0.0219374,0.0119903,-0.00385169,0,0,0,1.69229,1.26116,-0.0640493,0.0139881,-0.00963602,0.0223028,-0.00333339,0.00191551,-0.00371339,1.75578,1.20968,0,0,0,0,0,0,0,0,0,0,0,0,2,1.75578,1.20968,0,0.344544,0.487027,3.7308e-15,0,0,0,0,0,0,0,0,0,0,0,0,0.855775,1.20968,0,0,0,0,0,0,0,0,0,0,0,0,2,0.855775,1.20968,0,1,1,0,0,0,0,0,1.2478,-0.3581,2.2748,0,0,0,0,0,0,1.35434,-0.41958,2.33714,1.53012,0,0,0,0,1,0,0,0,0,0,0,0,0,0,0,0,0,0,0,0,0,0,0,0,0,0,0,0,0
28.45,-0.0111033,-0.00141367,-0.000196588,-0.00691974,-0.00712615,0.000629957,3.02705,2.00923,-2.34174,6.34655e-05,-0.000682254,-0.00241476,-0.00040111,8.33722e-05,0.00456754,3,2,3.92699,0,0,0,0,0,0,0,0.0351611,0.0287203,0.0279645,0.02174,2,3,2,3.92699,0,0,0,0,0,0,0,0,0,0,1.5708,1.5708,0,1.5708,1.5708,0,-0.0230289,0.012671,-0.00319738,0,0,0,1.69371,1.26019,-0.0620201,0.0141418,-0.00972119,0.0202881,-0.00149182,0.000804915,-0.0093632,1.75578,1.20968,0,0,0,0,0,0,0,0,0,0,0,0,2,1.75578,1.20968,0,0.344544,0.487027,3.7308e-15,0,0,0,0,0,0,0,0,0,0,0,0,0.855775,1.20968,0,0,0,0,0,0,0,0,0,0,0,0,2,0.855775,1.20968,0,1,1,0,0,0,0,0,1.2478,-0.3581,2.2748,0,0,0,0,0,0,1.35434,-0.41958,2.33714,1.52934,0,0,0,0,1,0,0,0,0,0,0,0,0,0,0,0,0,0,0,0,0,0,0,0,0,0,0,0,0
28.5,-0.0111033,-0.00141367,-0.000196588,-0.00692146,-0.00712448,0.000629957,3.02705,2.00923,-2.34174,6.34655e-05,-0.000682254,-0.00241476,-0.00040111,8.33722e-05,0.00456754,3,2,3.92699,0,0,0,0,0,0,0,0.0272175,0.0336184,0.0211602,0.0273461,2,3,2,3.92699,0,0,0,0,0,0,0,0,0,0,1.5708,1.5708,0,1.5708,1.5708,0,-0.0230289,0.012671,-0.00319738,0,0,0,1.69371,1.26019,-0.0620201,0.0141418,-0.00972119,0.0202881,-0.00149182,0.000804915,-0.0093632,1.75578,1.20968,0,0,0,0,0,0,0,0,0,0,0,0,2,1.75578,1.20968,0,0.344544,0.487027,3.7308e-15,0,0,0,0,0,0,0,0,0,0,0,0,0.855775,1.20968,0,0,0,0,0,0,0,0,0,0,0,0,2,0.855775,1.20968,0,1,1,0,0,0,0,0,1.3098,-0.2915,2.3426,0,0,0,0,0,0,1.35434,-0.41958,2.33714,1.52934,0,0,0,0,1,0,0,0,0,0,0,0,0,0,0,0,0,0,0,0,0,0,0,0,0,0,0,0,0
28.5,-0.0112726,-0.00234499,-0.000298449,-0.00692146,-0.00712448,0.000629957,3.02706,2.00919,-2.34195,0.000112284,-0.000401538,-0.00212154,-0.000113187,0.00108842,0.0046325,3,2,3.92699,0,0,0,0,0,0,0,0.0272175,0.0336184,0.0211602,0.0273461,2,3,2,3.92699,0,0,0,0,0,0,0,0,0,0,1.5708,1.5708,0,1.5708,1.5708,0,-0.0212917,0.0113387,-0.00358417,0,0,0,1.69505,1.25927,-0.0599376,0.0134704,-0.0092195,0.0208213,-0.00334399,0.00234786,-0.00427832,1.75578,1.20968,0,0,0,0,0,0,0,0,0,0,0,0,2,1.75578,1.20968,0,0.344544,0.487027,3.7308e-15,0,0,0,0,0,0,0,0,0,0,0,0,0.855775,1.20968,0,0,0,0,0,0,0,0,0,0,0,0,2,0.855775,1.20968,0,1,1,0,0,0,0,0,1.3098,-0.2915,2.3426,0,0,0,0,0,0,1.35434,-0.41958,2.33714,1.5286,0,0,0,0,1,0,0,0,0,0,0,0,0,0,0,0,0,0,0,0,0,0,0,0,0,0,0,0,0
28.55,-0.0112726,-0.00234499,-0.000298449,-0.00692297,-0.00712301,0.000629957,3.02706,2.00919,-2.34195,0.000112284,-0.000401538,-0.00212154,-0.000113187,0.00108842,0.0046325,3,2,3.92699,0,0,0,0,0,0,0,0.0287202,0.0375891,0.0181249,0.026696,2,3,2,3.92699,0,0,0,0,0,0,0,0,0,0,1.5708,1.5708,0,1.5708,1.5708,0,-0.0212917,0.0113387,-0.00358417,0,0,0,1.69505,1.25927,-0.0599376,0.0134704,-0.0092195,0.0208213,-0.00334399,0.00234786,-0.00427832,1.75578,1.20968,0,0,0,0,0,0,0,0,0,0,0,0,2,1.75578,1.20968,0,0.344544,0.487027,3.7308e-15,0,0,0,0,0,0,0,0,0,0,0,0,0.855775,1.20968,0,0,0,0,0,0,0,0,0,0,0,0,2,0.855775,1.20968,0,1,1,0,0,0,0,0,1.3098,-0.2915,2.3426,0,0,0,0,0,0,1.28055,-0.39825,3.44854,1.5286,0,0,0,0,1,0,0,0,0,0,0,0,0,0,0,0,0,0,0,0,0,0,0,0,0,0,0,0,0
28.6,-0.0116777,-0.00108968,-0.000260038,-0.00692297,-0.00712301,0.000629957,3.02708,2.00912,-2.34217,0.000229546,-0.000764339,-0.0021725,0.000439462,-0.000659886,0.00258783,3,2,3.92699,0,0,0,0,0,0,0,0.0287202,0.0375891,0.0181249,0.026696,2,3,2,3.92699,0,0,0,0,0,0,0,0,0,0,1.5708,1.5708,0,1.5708,1.5708,0,-0.0223397,0.0119789,-0.00294187,0,0,0,1.69642,1.25834,-0.0580515,0.0136176,-0.0092978,0.0188648,-0.00167785,0.00131085,-0.00971012,1.75578,1.20968,0,0,0,0,0,0,0,0,0,0,0,0,2,1.75578,1.20968,0,0.344544,0.487027,3.7308e-15,0,0,0,0,0,0,0,0,0,0,0,0,0.855775,1.20968,0,0,0,0,0,0,0,0,0,0,0,0,2,0.855775,1.20968,0,1,1,0,0,0,0,0,1.3098,-0.2915,2.3426,0,0,0,0,0,0,1.28055,-0.39825,3.44854,1.52786,0,0,0,0,1,0,0,0,0,0,0,0,0,0,0,0,0,0,0,0,0,0,0,0,0,0,0,0,0
28.65,-0.0116777,-0.00108968,-0.000260038,-0.00692452,-0.00712151,0.000629957,3.02708,2.00912,-2.34217,0.000229546,-0.000764339,-0.0021725,0.000439462,-0.000659886,0.00258783,3,2,3.92699,0,0,0,0,0,0,0,0.0268732,0.0351519,0.0224547,0.0304554,2,3,2,3.92699,0,0,0,0,0,0,0,0,0,0,1.5708,1.5708,0,1.5708,1.5708,0,-0.0223397,0.0119789,-0.00294187,0,0,0,1.69642,1.25834,-0.0580515,0.0136176,-0.0092978,0.0188648,-0.00167785,0.00131085,-0.00971012,1.75578,1.20968,0,0,0,0,0,0,0,0,0,0,0,0,2,1.75578,1.20968,0,0.344544,0.487027,3.7308e-15,0,0,0,0,0,0,0,0,0,0,0,0,0.855775,1.20968,0,0,0,0,0,0,0,0,0,0,0,0,2,0.855775,1.20968,0,1,1,0,0,0,0,0,1.246,-0.351,2.2841,0,0,0,0,0,0,1.28055,-0.39825,3.44854,1.52786,0,0,0,0,1,0,0,0,0,0,0,0,0,0,0,0,0,0,0,0,0,0,0,0,0,0,0,0,0
28.7,-0.0120373,-0.00101712,-0.000353021,-0.00692271,-0.00711965,-0.000700884,3.02712,2.00904,-2.34236,0.000332121,-0.000776578,-0.00190548,0.000748642,-0.000682127,0.00234303,3,2,3.92699,0,0,0,0,0,0,0,0.0268732,0.0351519,0.0224547,0.0304554,2,3,2,3.92699,0,0,0,0,0,0,0,0,0,0,1.5708,1.5708,0,1.5708,1.5708,0,-0.0172852,0.00620864,-0.00369277,0,0,0,1.69761,1.25759,-0.0560217,0.0119869,-0.00750939,0.0203033,-0.00729086,0.00778791,-0.000808434,1.75578,1.20968,0,0,0,0,0,0,0,0,0,0,0,0,2,1.75578,1.20968,0,0.344544,0.487027,3.7308e-15,0,0,0,0,0,0,0,0,0,0,0,0,0.855775,1.20968,0,0,0,0,0,0,0,0,0,0,0,0,2,0.855775,1.20968,0,1,1,0,0,0,0,0,1.246,-0.351,2.2841,0,0,0,0,0,0,1.28055,-0.39825,3.44854,1.52717,0,0,0,0,1,0,0,0,0,0,0,0,0,0,0,0,0,0,0,0,0,0,0,0,0,0,0,0,0
28.7,-0.0120373,-0.00101712,-0.000353021,-0.00692407,-0.00711833,-0.000700884,3.02712,2.00904,-2.34236,0.000332121,-0.000776578,-0.00190548,0.000748642,-0.000682127,0.00234303,3,2,3.92699,0,0,0,0,0,0,0,0.0262874,0.0371291,0.0222802,0.0327578,2,3,2,3.92699,0,0,0,0,0,0,0,0,0,0,1.5708,1.5708,0,1.5708,1.5708,0,-0.0172852,0.00620864,-0.00369277,0,0,0,1.69761,1.25759,-0.0560217,0.0119869,-0.00750939,0.0203033,-0.00729086,0.00778791,-0.000808434,1.75578,1.20968,0,0,0,0,0,0,0,0,0,0,0,0,2,1.75578,1.20968,0,0.344544,0.487027,3.7308e-15,0,0,0,0,0,0,0,0,0,0,0,0,0.855775,1.20968,0,0,0,0,0,0,0,0,0,0,0,0,2,0.855775,1.20968,0,1,1,0,0,0,0,0,1.246,-0.351,2.2841,0,0,0,0,0,0,1.28055,-0.39825,3.44854,1.52717,0,0,0,0,1,0,0,0,0,0,0,0,0,0,0,0,0,0,0,0,0,0,0,0,0,0,0,0,0
28.7,-0.0113665,-0.00164976,-6.21142e-05,-0.00692407,-0.00711833,-0.000700884,3.02713,2.00898,-2.34262,0.000131819,-0.000582199,-0.00256982,-0.000308789,0.00036365,-0.0012819,3,2,3.92699,0,0,0,0,0,0,0,0.0262874,0.0371291,0.0222802,0.0327578,2,3,2,3.92699,0,0,0,0,0,0,0,0,0,0,1.5708,1.5708,0,1.5708,1.5708,0,-0.0195708,0.00849227,-0.00253485,0,0,0,1.69887,1.25678,-0.0543101,0.0125117,-0.00808605,0.0171146,-0.00303354,0.00324442,-0.0120094,1.75578,1.20968,0,0,0,0,0,0,0,0,0,0,0,0,2,1.75578,1.20968,0,0.344544,0.487027,3.7308e-15,0,0,0,0,0,0,0,0,0,0,0,0,0.855775,1.20968,0,0,0,0,0,0,0,0,0,0,0,0,2,0.855775,1.20968,0,1,1,0,0,0,0,0,1.246,-0.351,2.2841,0,0,0,0,0,0,0,-0,0,1.52646,0,0,0,0,0,0,0,0,0,0,0,0,0,0,0,0,0,0,0,0,0,0,0,0,0,0,0,0,0
28.75,-0.0113665,-0.00164976,-6.21142e-05,-0.0069259,-0.00711655,-0.000700884,3.02713,2.00898,-2.34262,0.000131819,-0.000582199,-0.00256982,-0.000308789,0.00036365,-0.0012819,3,2,3.92699,0,0,0,0,0,0,0,0.0302852,0.0330455,0.0229786,0.0256462,2,3,2,3.92699,0,0,0,0,0,0,0,0,0,0,1.5708,1.5708,0,1.5708,1.5708,0,-0.0195708,0.00849227,-0.00253485,0,0,0,1.69887,1.25678,-0.0543101,0.0125117,-0.00808605,0.0171146,-0.00303354,0.00324442,-0.0120094,1.75578,1.20968,0,0,0,0,0,0,0,0,0,0,0,0,2,1.75578,1.20968,0,0.344544,0.487027,3.7308e-15,0,0,0,0,0,0,0,0,0,0,0,0,0.855775,1.20968,0,0,0,0,0,0,0,0,0,0,0,0,2,0.855775,1.20968,0,1,1,0,0,0,0,0,1.2451,-0.348,2.2883,0,0,0,0,0,0,0,-0,0,1.52646,0,0,0,0,0,0,0,0,0,0,0,0,0,0,0,0,0,0,0,0,0,0,0,0,0,0,0,0,0
28.8,-0.0119056,-0.000942171,-1.3314e-05,-0.0069259,-0.00711655,-0.000700884,3.02716,2.0089,-2.34288,0.000288098,-0.000782504,-0.00263702,0.000295782,-0.000439993,-0.00152709,3,2,3.92699,0,0,0,0,0,0,0,0.0302852,0.0330455,0.0229786,0.0256462,2,3,2,3.92699,0,0,0,0,0,0,0,0,0,0,1.5708,1.5708,0,1.5708,1.5708,0,-0.0186734,0.00883561,-0.00257495,0,0,0,1.70008,1.25597,-0.0526226,0.0121039,-0.00809123,0.016875,-0.00288483,0.00131885,-0.00969899,1.75578,1.20968,0,0,0,0,0,0,0,0,0,0,0,0,2,1.75578,1.20968,0,0.344544,0.487027,3.7308e-15,0,0,0,0,0,0,0,0,0,0,0,0,0.855775,1.20968,0,0,0,0,0,0,0,0,0,0,0,0,2,0.855775,1.20968,0,1,1,0,0,0,0,0,1.2451,-0.348,2.2883,0,0,0,0,0,0,0,-0,0,1.5258,0,0,0,0,0,0,0,0,0,0,0,0,0,0,0,0,0,0,0,0,0,0,0,0,0,0,0,0,0
28.85,-0.0119056,-0.000942171,-1.3314e-05,-0.00692777,-0.00711472,-0.000700884,3.02716,2.0089,-2.34288,0.000288098,-0.000782504,-0.00263702,0.000295782,-0.000439993,-0.00152709,3,2,3.92699,0,0,0,0,0,0,0,0.0303451,0.0320886,0.0265208,0.0282058,2,3,2,3.92699,0,0,0,0,0,0,0,0,0,0,1.5708,1.5708,0,1.5708,1.5708,0,-0.0186734,0.00883561,-0.00257495,0,0,0,1.70008,1.25597,-0.0526226,0.0121039,-0.00809123,0.016875,-0.00288483,0.00131885,-0.00969899,1.75578,1.20968,0,0,0,0,0,0,0,0,0,0,0,0,2,1.75578,1.20968,0,0.344544,0.487027,3.7308e-15,0,0,0,0,0,0,0,0,0,0,0,0,0.855775,1.20968,0,0,0,0,0,0,0,0,0,0,0,0,2,0.855775,1.20968,0,1,1,0,0,0,0,0,1.2451,-0.348,2.2883,0,0,0,0,0,0,0,-0,0,1.5258,0,0,0,0,0,0,0,0,0,0,0,0,0,0,0,0,0,0,0,0,0,0,0,0,0,0,0,0,0
28.9,-0.0110916,-0.00139451,0.000237359,-0.00692777,-0.00711472,-0.000700884,3.02716,2.00884,-2.3432,4.63849e-05,-0.000640844,-0.00318992,-0.000706344,0.000192866,-0.00316017,3,2,3.92699,0,0,0,0,0,0,0,0.0303451,0.0320886,0.0265208,0.0282058,2,3,2,3.92699,0,0,0,0,0,0,0,0,0,0,1.5708,1.5708,0,1.5708,1.5708,0,-0.0195259,0.00879394,-0.00272055,0,0,0,1.7013,1.25517,-0.0509332,0.0122102,-0.00798428,0.0168942,-0.00128262,0.000955565,-0.00542749,1.75578,1.20968,0,0,0,0,0,0,0,0,0,0,0,0,2,1.75578,1.20968,0,0.344544,0.487027,3.7308e-15,0,0,0,0,0,0,0,0,0,0,0,0,0.855775,1.20968,0,0,0,0,0,0,0,0,0,0,0,0,2,0.855775,1.20968,0,1,1,0,0,0,0,0,1.2451,-0.348,2.2883,0,0,0,0,0,0,1.3439,-0.41028,3.36907,1.5251,0,0,0,0,1,0,0,0,0,0,0,0,0,0,0,0,0,0,0,0,0,0,0,0,0,0,0,0,0
28.95,-0.0110916,-0.00139451,0.000237359,-0.00693004,-0.00711251,-0.000700884,3.02716,2.00884,-2.3432,4.63849e-05,-0.000640844,-0.00318992,-0.000706344,0.000192866,-0.00316017,3,2,3.92699,0,0,0,0,0,0,0,0.03299,0.0277648,0.0267598,0.02171,2,3,2,3.92699,0,0,0,0,0,0,0,0,0,0,1.5708,1.5708,0,1.5708,1.5708,0,-0.0195259,0.00879394,-0.00272055,0,0,0,1.7013,1.25517,-0.0509332,0.0122102,-0.00798428,0.0168942,-0.00128262,0.000955565,-0.00542749,1.75578,1.20968,0,0,0,0,0,0,0,0,0,0,0,0,2,1.75578,1.20968,0,0.344544,0.487027,3.7308e-15,0,0,0,0,0,0,0,0,0,0,0,0,0.855775,1.20968,0,0,0,0,0,0,0,0,0,0,0,0,2,0.855775,1.20968,0,1,1,0,0,0,0,0,1.1728,-0.4163,2.2208,0,0,0,0,0,0,1.3439,-0.41028,3.36907,1.5251,0,0,0,0,1,0,0,0,0,0,0,0,0,0,0,0,0,0,0,0,0,0,0,0,0,0,0,0,0
29,-0.011594,-0.00049231,0.000512837,0,-0,0,3.02718,2.00875,-2.34358,0.000192919,-0.000897441,-0.0037918,2.56916e-05,-0.000823469,-0.00452194,3,2,3.92699,0,0,0,0,0,0,0,0.03299,0.0277648,0.0267598,0.02171,2,3,2,3.92699,0,0,0,0,0,0,0,0,0,0,1.5708,1.5708,0,1.5708,1.5708,0,-0.0191781,0.00908143,-0.00251694,0,0,0,1.70249,1.25437,-0.0493264,0.0119659,-0.00797442,0.0160717,-0.00153574,0.000568209,-0.00597591,1.75578,1.20968,0,0,0,0,0,0,0,0,0,0,0,0,2,1.75578,1.20968,0,0.344544,0.487027,3.7308e-15,0,0,0,0,0,0,0,0,0,0,0,0,0.855775,1.20968,0,0,0,0,0,0,0,0,0,0,0,0,2,0.855775,1.20968,0,1,1,0,0,0,0,0,1.1728,-0.4163,2.2208,0,0,0,0,0,0,1.3439,-0.41028,3.36907,1.52443,0,0,0,0,1,0,0,0,0,0,0,0,0,0,0,0,0,0,0,0,0,0,0,0,0,0,0,0,0
29.05,-0.011594,-0.00049231,0.000512837,0,-0,0,3.02718,2.00875,-2.34358,0.000192919,-0.000897441,-0.0037918,2.56916e-05,-0.000823469,-0.00452194,3,2,3.92699,0,0,0,0,0,0,0,0.0354909,0.0232302,0.0335929,0.021744,2,3,2,3.92699,0,0,0,0,0,0,0,0,0,0,1.5708,1.5708,0,1.5708,1.5708,0,-0.0191781,0.00908143,-0.00251694,0,0,0,1.70249,1.25437,-0.0493264,0.0119659,-0.00797442,0.0160717,-0.00153574,0.000568209,-0.00597591,1.75578,1.20968,0,0,0,0,0,0,0,0,0,0,0,0,2,1.75578,1.20968,0,0.344544,0.487027,3.7308e-15,0,0,0,0,0,0,0,0,0,0,0,0,0.855775,1.20968,0,0,0,0,0,0,0,0,0,0,0,0,2,0.855775,1.20968,0,1,1,0,0,0,0,0,1.1728,-0.4163,2.2208,0,0,0,0,0,0,1.3439,-0.41028,3.36907,1.52443,0,0,0,0,1,0,0,0,0,0,0,0,0,0,0,0,0,0,0,0,0,0,0,0,0,0,0,0,0
29.1,-0.0110262,-0.00110329,0.00091684,0,-0,0,3.02719,2.00868,-2.34405,2.44131e-05,-0.000707981,-0.0046919,-0.000558666,0.000124347,-0.00649901,3,2,3.92699,0,0,0,0,0,0,0,0.0354909,0.0232302,0.0335929,0.021744,2,3,2,3.92699,0,0,0,0,0,0,0,0,0,0,1.5708,1.5708,0,1.5708,1.5708,0,-0.0197905,0.00910935,-0.00217483,0,0,0,1.70369,1.25358,-0.0478332,0.0120039,-0.0078891,0.0149317,-0.000794988,0.000623382,-0.00820501,1.75578,1.20968,0,0,0,0,0,0,0,0,0,0,0,0,2,1.75578,1.20968,0,0.344544,0.487027,3.7308e-15,0,0,0,0,0,0,0,0,0,0,0,0,0.855775,1.20968,0,0,0,0,0,0,0,0,0,0,0,0,2,0.855775,1.20968,0,1,1,0,0,0,0,0,1.1728,-0.4163,2.2208,0,0,0,0,0,0,0,-0,0,1.52374,0,0,0,0,0,0,0,0,0,0,0,0,0,0,0,0,0,0,0,0,0,0,0,0,0,0,0,0,0
29.15,-0.0110262,-0.00110329,0.00091684,0,-0,0,3.02719,2.00868,-2.34405,2.44131e-05,-0.000707981,-0.0046919,-0.000558666,0.000124347,-0.00649901,3,2,3.92699,0,0,0,0,0,0,0,0.0411909,0.0178395,0.0360511,0.0134839,2,3,2,3.92699,0,0,0,0,0,0,0,0,0,0,1.5708,1.5708,0,1.5708,1.5708,0,-0.0197905,0.00910935,-0.00217483,0,0,0,1.70369,1.25358,-0.0478332,0.0120039,-0.0078891,0.0149317,-0.000794988,0.000623382,-0.00820501,1.75578,1.20968,0,0,0,0,0,0,0,0,0,0,0,0,2,1.75578,1.20968,0,0.344544,0.487027,3.7308e-15,0,0,0,0,0,0,0,0,0,0,0,0,0.855775,1.20968,0,0,0,0,0,0,0,0,0,0,0,0,2,0.855775,1.20968,0,1,1,0,0,0,0,0,1.2435,-0.3413,2.2962,0,0,0,0,0,0,0,-0,0,1.52374,0,0,0,0,0,0,0,0,0,0,0,0,0,0,0,0,0,0,0,0,0,0,0,0,0,0,0,0,0
29.2,-0.0112858,-0.000256559,0.000760968,0,-0,0,3.0272,2.00858,-2.34447,0.000100127,-0.000947545,-0.00422364,-0.000112102,-0.000753596,-0.00229546,3,2,3.92699,0,0,0,0,0,0,0,0.0411909,0.0178395,0.0360511,0.0134839,2,3,2,3.92699,0,0,0,0,0,0,0,0,0,0,1.5708,1.5708,0,1.5708,1.5708,0,-0.019163,0.00979667,-0.00278323,0,0,0,1.70486,1.25278,-0.0462232,0.0116807,-0.00799673,0.0161042,-0.00167883,-4.15785e-05,-0.000556733,1.75578,1.20968,0,0,0,0,0,0,0,0,0,0,0,0,2,1.75578,1.20968,0,0.344544,0.487027,3.7308e-15,0,0,0,0,0,0,0,0,0,0,0,0,0.855775,1.20968,0,0,0,0,0,0,0,0,0,0,0,0,2,0.855775,1.20968,0,1,1,0,0,0,0,0,1.2435,-0.3413,2.2962,0,0,0,0,0,0,0,-0,0,1.52309,0,0,0,0,0,0,0,0,0,0,0,0,0,0,0,0,0,0,0,0,0,0,0,0,0,0,0,0,0
29.25,-0.0112858,-0.000256559,0.000760968,0,-0,0,3.0272,2.00858,-2.34447,0.000100127,-0.000947545,-0.00422364,-0.000112102,-0.000753596,-0.00229546,3,2,3.92699,0,0,0,0,0,0,0,0.0374918,0.0186094,0.0365778,0.0183295,2,3,2,3.92699,0,0,0,0,0,0,0,0,0,0,1.5708,1.5708,0,1.5708,1.5708,0,-0.019163,0.00979667,-0.00278323,0,0,0,1.70486,1.25278,-0.0462232,0.0116807,-0.00799673,0.0161042,-0.00167883,-4.15785e-05,-0.000556733,1.75578,1.20968,0,0,0,0,0,0,0,0,0,0,0,0,2,1.75578,1.20968,0,0.344544,0.487027,3.7308e-15,0,0,0,0,0,0,0,0,0,0,0,0,0.855775,1.20968,0,0,0,0,0,0,0,0,0,0,0,0,2,0.855775,1.20968,0,1,1,0,0,0,0,0,1.2435,-0.3413,2.2962,0,0,0,0,0,0,0,-0,0,1.52309,0,0,0,0,0,0,0,0,0,0,0,0,0,0,0,0,0,0,0,0,0,0,0,0,0,0,0,0,0
29.3,-0.0109978,0.000264786,0.000424458,-0.0147928,-0.000356005,0.00146271,3.0272,2.00847,-2.3448,1.46505e-05,-0.00108902,-0.00332879,-0.000348346,-0.00113727,0.00276324,3,2,3.92699,0,0,0,0,0,0,0,0.0374918,0.0186094,0.0365778,0.0183295,2,3,2,3.92699,0,0,0,0,0,0,0,0,0,0,1.5708,1.5708,0,1.5708,1.5708,0,-0.0205038,0.010148,-0.00239087,0,0,0,1.70605,1.25198,-0.0447392,0.0119341,-0.00800528,0.0148425,-0.00010763,-0.000154373,-0.00432995,1.75578,1.20968,0,0,0,0,0,0,0,0,0,0,0,0,2,1.75578,1.20968,0,0.344544,0.487027,3.7308e-15,0,0,0,0,0,0,0,0,0,0,0,0,0.855775,1.20968,0,0,0,0,0,0,0,0,0,0,0,0,2,0.855775,1.20968,0,1,1,0,0,0,0,0,1.2435,-0.3413,2.2962,0,0,0,0,0,0,1.26525,-0.38117,3.4623,1.5224,0,0,0,0,1,0,0,0,0,0,0,0,0,0,0,0,0,0,0,0,0,0,0,0,0,0,0,0,0
29.35,-0.0109978,0.000264786,0.000424458,-0.0147929,-0.000351082,0.00146271,3.0272,2.00847,-2.3448,1.46505e-05,-0.00108902,-0.00332879,-0.000348346,-0.00113727,0.00276324,3,2,3.92699,0,0,0,0,0,0,0,0.030939,0.021189,0.0326997,0.0232771,2,3,2,3.92699,0,0,0,0,0,0,0,0,0,0,1.5708,1.5708,0,1.5708,1.5708,0,-0.0205038,0.010148,-0.00239087,0,0,0,1.70605,1.25198,-0.0447392,0.0119341,-0.00800528,0.0148425,-0.00010763,-0.000154373,-0.00432995,1.75578,1.20968,0,0,0,0,0,0,0,0,0,0,0,0,2,1.75578,1.20968,0,0.344544,0.487027,3.7308e-15,0,0,0,0,0,0,0,0,0,0,0,0,0.855775,1.20968,0,0,0,0,0,0,0,0,0,0,0,0,2,0.855775,1.20968,0,1,1,0,0,0,0,0,1.2175,-0.3632,2.2747,0,0,0,0,0,0,1.26525,-0.38117,3.4623,1.5224,0,0,0,0,1,0,0,0,0,0,0,0,0,0,0,0,0,0,0,0,0,0,0,0,0,0,0,0,0
29.4,-0.0114237,-0.00285222,-0.000417264,-0.0147929,-0.000351082,0.00146271,3.02721,2.00846,-2.34493,0.00013917,-0.000163585,-0.00123271,0.000256374,0.00296302,0.01072,3,2,3.92699,0,0,0,0,0,0,0,0.030939,0.021189,0.0326997,0.0232771,2,3,2,3.92699,0,0,0,0,0,0,0,0,0,0,1.5708,1.5708,0,1.5708,1.5708,0,-0.0194546,0.00917222,-0.00288667,0,0,0,1.7072,1.25122,-0.0431647,0.0114888,-0.00762748,0.0157454,-0.00163218,0.00140248,0.000495097,1.75578,1.20968,0,0,0,0,0,0,0,0,0,0,0,0,2,1.75578,1.20968,0,0.344544,0.487027,3.7308e-15,0,0,0,0,0,0,0,0,0,0,0,0,0.855775,1.20968,0,0,0,0,0,0,0,0,0,0,0,0,2,0.855775,1.20968,0,1,1,0,0,0,0,0,1.2175,-0.3632,2.2747,0,0,0,0,0,0,1.26525,-0.38117,3.4623,1.52178,0,0,0,0,1,0,0,0,0,0,0,0,0,0,0,0,0,0,0,0,0,0,0,0,0,0,0,0,0
29.45,-0.0114237,-0.00285222,-0.000417264,-0.014793,-0.000349258,0.00146271,3.02721,2.00846,-2.34493,0.00013917,-0.000163585,-0.00123271,0.000256374,0.00296302,0.01072,3,2,3.92699,0,0,0,0,0,0,0,0.0289078,0.0408171,0.0157059,0.0272153,2,3,2,3.92699,0,0,0,0,0,0,0,0,0,0,1.5708,1.5708,0,1.5708,1.5708,0,-0.0194546,0.00917222,-0.00288667,0,0,0,1.7072,1.25122,-0.0431647,0.0114888,-0.00762748,0.0157454,-0.00163218,0.00140248,0.000495097,1.75578,1.20968,0,0,0,0,0,0,0,0,0,0,0,0,2,1.75578,1.20968,0,0.344544,0.487027,3.7308e-15,0,0,0,0,0,0,0,0,0,0,0,0,0.855775,1.20968,0,0,0,0,0,0,0,0,0,0,0,0,2,0.855775,1.20968,0,1,1,0,0,0,0,0,1.2175,-0.3632,2.2747,0,0,0,0,0,0,1.26525,-0.38117,3.4623,1.52178,0,0,0,0,1,0,0,0,0,0,0,0,0,0,0,0,0,0,0,0,0,0,0,0,0,0,0,0,0
29.5,-0.0103205,0.00028415,0.000126033,-0.014793,-0.000349258,0.00146271,3.02719,2.00835,-2.34518,-0.000185478,-0.00107992,-0.00251914,-0.00106145,-0.00132781,0.00237186,3,2,3.92699,0,0,0,0,0,0,0,0.0289078,0.0408171,0.0157059,0.0272153,2,3,2,3.92699,0,0,0,0,0,0,0,0,0,0,1.5708,1.5708,0,1.5708,1.5708,0,-0.0203275,0.0109519,-0.00176897,0,0,0,1.70836,1.25041,-0.0418899,0.0116082,-0.00805607,0.0127431,-0.000703486,-0.000663726,-0.0110389,1.75578,1.20968,0,0,0,0,0,0,0,0,0,0,0,0,2,1.75578,1.20968,0,0.344544,0.487027,3.7308e-15,0,0,0,0,0,0,0,0,0,0,0,0,0.855775,1.20968,0,0,0,0,0,0,0,0,0,0,0,0,2,0.855775,1.20968,0,1,1,0,0,0,0,0,1.2175,-0.3632,2.2747,0,0,0,0,0,0,0,-0,0,1.52111,0,0,0,0,0,0,0,0,0,0,0,0,0,0,0,0,0,0,0,0,0,0,0,0,0,0,0,0,0
29.55,-0.0103205,0.00028415,0.000126033,0,-0,0,3.02719,2.00835,-2.34518,-0.000185478,-0.00107992,-0.00251914,-0.00106145,-0.00132781,0.00237186,3,2,3.92699,0,0,0,0,0,0,0,0.0253025,0.0234569,0.0272283,0.0254447,2,3,2,3.92699,0,0,0,0,0,0,0,0,0,0,1.5708,1.5708,0,1.5708,1.5708,0,-0.0203275,0.0109519,-0.00176897,0,0,0,1.70836,1.25041,-0.0418899,0.0116082,-0.00805607,0.0127431,-0.000703486,-0.000663726,-0.0110389,1.75578,1.20968,0,0,0,0,0,0,0,0,0,0,0,0,2,1.75578,1.20968,0,0.344544,0.487027,3.7308e-15,0,0,0,0,0,0,0,0,0,0,0,0,0.855775,1.20968,0,0,0,0,0,0,0,0,0,0,0,0,2,0.855775,1.20968,0,1,1,0,0,0,0,0,1.2742,-0.3028,2.3354,0,0,0,0,0,0,0,-0,0,1.52111,0,0,0,0,0,0,0,0,0,0,0,0,0,0,0,0,0,0,0,0,0,0,0,0,0,0,0,0,0
29.6,-0.0109799,0.000171681,-0.000420167,0,-0,0,3.02719,2.00825,-2.34529,9.76875e-06,-0.00103427,-0.00115193,-3.52931e-05,-0.00119393,0.00576098,3,2,3.92699,0,0,0,0,0,0,0,0.0253025,0.0234569,0.0272283,0.0254447,2,3,2,3.92699,0,0,0,0,0,0,0,0,0,0,1.5708,1.5708,0,1.5708,1.5708,0,-0.0194547,0.0103137,-0.00224102,0,0,0,1.70949,1.24964,-0.0405274,0.0112182,-0.00777593,0.0136301,-0.00187292,0.000453554,-0.00466486,1.75578,1.20968,0,0,0,0,0,0,0,0,0,0,0,0,2,1.75578,1.20968,0,0.344544,0.487027,3.7308e-15,0,0,0,0,0,0,0,0,0,0,0,0,0.855775,1.20968,0,0,0,0,0,0,0,0,0,0,0,0,2,0.855775,1.20968,0,1,1,0,0,0,0,0,1.2742,-0.3028,2.3354,0,0,0,0,0,0,0,-0,0,1.52047,0,0,0,0,0,0,0,0,0,0,0,0,0,0,0,0,0,0,0,0,0,0,0,0,0,0,0,0,0
29.65,-0.0109799,0.000171681,-0.000420167,0,-0,0,3.02719,2.00825,-2.34529,9.76875e-06,-0.00103427,-0.00115193,-3.52931e-05,-0.00119393,0.00576098,3,2,3.92699,0,0,0,0,0,0,0,0.0198427,0.0326869,0.0214808,0.0338937,2,3,2,3.92699,0,0,0,0,0,0,0,0,0,0,1.5708,1.5708,0,1.5708,1.5708,0,-0.0194547,0.0103137,-0.00224102,0,0,0,1.70949,1.24964,-0.0405274,0.0112182,-0.00777593,0.0136301,-0.00187292,0.000453554,-0.00466486,1.75578,1.20968,0,0,0,0,0,0,0,0,0,0,0,0,2,1.75578,1.20968,0,0.344544,0.487027,3.7308e-15,0,0,0,0,0,0,0,0,0,0,0,0,0.855775,1.20968,0,0,0,0,0,0,0,0,0,0,0,0,2,0.855775,1.20968,0,1,1,0,0,0,0,0,1.2742,-0.3028,2.3354,0,0,0,0,0,0,0,-0,0,1.52047,0,0,0,0,0,0,0,0,0,0,0,0,0,0,0,0,0,0,0,0,0,0,0,0,0,0,0,0,0
29.7,-0.0105633,-0.00141356,-0.000713316,0,-0,0,3.02718,2.00819,-2.34534,-0.000112323,-0.000557951,-0.000422069,-0.000370201,0.00120322,0.00683258,3,2,3.92699,0,0,0,0,0,0,0,0.0198427,0.0326869,0.0214808,0.0338937,2,3,2,3.92699,0,0,0,0,0,0,0,0,0,0,1.5708,1.5708,0,1.5708,1.5708,0,-0.0203825,0.0104631,-0.00175977,0,0,0,1.71062,1.24886,-0.0393073,0.0113568,-0.0077283,0.0122029,-0.000715958,0.000604817,-0.0076258,1.75578,1.20968,0,0,0,0,0,0,0,0,0,0,0,0,2,1.75578,1.20968,0,0.344544,0.487027,3.7308e-15,0,0,0,0,0,0,0,0,0,0,0,0,0.855775,1.20968,0,0,0,0,0,0,0,0,0,0,0,0,2,0.855775,1.20968,0,1,1,0,0,0,0,0,1.2742,-0.3028,2.3354,0,0,0,0,0,0,1.26218,-0.37313,3.44332,1.51984,0,0,0,0,1,0,0,0,0,0,0,0,0,0,0,0,0,0,0,0,0,0,0,0,0,0,0,0,0
29.75,-0.0105633,-0.00141356,-0.000713316,0,-0,0,3.02718,2.00819,-2.34534,-0.000112323,-0.000557951,-0.000422069,-0.000370201,0.00120322,0.00683258,3,2,3.92699,0,0,0,0,0,0,0,0.0191138,0.039269,0.0130524,0.0325307,2,3,2,3.92699,0,0,0,0,0,0,0,0,0,0,1.5708,1.5708,0,1.5708,1.5708,0,-0.0203825,0.0104631,-0.00175977,0,0,0,1.71062,1.24886,-0.0393073,0.0113568,-0.0077283,0.0122029,-0.000715958,0.000604817,-0.0076258,1.75578,1.20968,0,0,0,0,0,0,0,0,0,0,0,0,2,1.75578,1.20968,0,0.344544,0.487027,3.7308e-15,0,0,0,0,0,0,0,0,0,0,0,0,0.855775,1.20968,0,0,0,0,0,0,0,0,0,0,0,0,2,0.855775,1.20968,0,1,1,0,0,0,0,0,1.2413,-0.3323,2.3061,0,0,0,0,0,0,1.26218,-0.37313,3.44332,1.51984,0,0,0,0,1,0,0,0,0,0,0,0,0,0,0,0,0,0,0,0,0,0,0,0,0,0,0,0,0
29.75,-0.0109507,-7.82001e-05,-0.001038,-0.00775865,-0.00792898,-0.000782973,3.02718,2.0081,-2.3453,2.4413e-06,-0.00094234,0.000369532,0.000190919,-0.000488882,0.00741098,3,2,3.92699,0,0,0,0,0,0,0,0.0191138,0.039269,0.0130524,0.0325307,2,3,2,3.92699,0,0,0,0,0,0,0,0,0,0,1.5708,1.5708,0,1.5708,1.5708,0,-0.0191794,0.0103368,-0.00211013,0,0,0,1.71171,1.2481,-0.0380265,0.0108735,-0.00760098,0.0128072,-0.00220358,0.000891891,-0.00256456,1.75578,1.20968,0,0,0,0,0,0,0,0,0,0,0,0,2,1.75578,1.20968,0,0.344544,0.487027,3.7308e-15,0,0,0,0,0,0,0,0,0,0,0,0,0.855775,1.20968,0,0,0,0,0,0,0,0,0,0,0,0,2,0.855775,1.20968,0,1,1,0,0,0,0,0,1.2413,-0.3323,2.3061,0,0,0,0,0,0,1.26218,-0.37313,3.44332,1.51923,0,0,0,0,1,0,0,0,0,0,0,0,0,0,0,0,0,0,0,0,0,0,0,0,0,0,0,0,0
29.8,-0.0109507,-7.82001e-05,-0.001038,-0.0164335,-0.00016675,-0.00143538,3.02718,2.0081,-2.3453,2.4413e-06,-0.00094234,0.000369532,0.000190919,-0.000488882,0.00741098,3,2,3.92699,0,0,0,0,0,0,0,0.012552,0.041105,0.0128255,0.0411665,2,3,2,3.92699,0,0,0,0,0,0,0,0,0,0,1.5708,1.5708,0,1.5708,1.5708,0,-0.0191794,0.0103368,-0.00211013,0,0,0,1.71171,1.2481,-0.0380265,0.0108735,-0.00760098,0.0128072,-0.00220358,0.000891891,-0.00256456,1.75578,1.20968,0,0,0,0,0,0,0,0,0,0,0,0,2,1.75578,1.20968,0,0.344544,0.487027,3.7308e-15,0,0,0,0,0,0,0,0,0,0,0,0,0.855775,1.20968,0,0,0,0,0,0,0,0,0,0,0,0,2,0.855775,1.20968,0,1,1,0,0,0,0,0,1.2413,-0.3323,2.3061,0,0,0,0,0,0,1.26218,-0.37313,3.44332,1.51923,0,0,0,0,1,0,0,0,0,0,0,0,0,0,0,0,0,0,0,0,0,0,0,0,0,0,0,0,0
29.85,-0.0112011,0.000891355,-0.00043206,-0.0164335,-0.00016675,-0.00143538,3.02719,2.00797,-2.34541,7.57152e-05,-0.00121511,-0.00109957,0.000483376,-0.00161163,-0.00134136,3,2,3.92699,0,0,0,0,0,0,0,0.012552,0.041105,0.0128255,0.0411665,2,3,2,3.92699,0,0,0,0,0,0,0,0,0,0,1.5708,1.5708,0,1.5708,1.5708,0,-0.0199027,0.0107638,-0.00168413,0,0,0,1.7128,1.24734,-0.036874,0.0109567,-0.00763623,0.0115293,-0.0012022,0.000440466,-0.00597224,1.75578,1.20968,0,0,0,0,0,0,0,0,0,0,0,0,2,1.75578,1.20968,0,0.344544,0.487027,3.7308e-15,0,0,0,0,0,0,0,0,0,0,0,0,0.855775,1.20968,0,0,0,0,0,0,0,0,0,0,0,0,2,0.855775,1.20968,0,1,1,0,0,0,0,0,1.2413,-0.3323,2.3061,0,0,0,0,0,0,1.31848,-0.38526,3.36881,1.51861,0,0,0,0,1,0,0,0,0,0,0,0,0,0,0,0,0,0,0,0,0,0,0,0,0,0,0,0,0
29.9,-0.0112011,0.000891355,-0.00043206,-0.0164335,-0.000164944,-0.00143538,3.02719,2.00797,-2.34541,7.57152e-05,-0.00121511,-0.00109957,0.000483376,-0.00161163,-0.00134136,3,2,3.92699,0,0,0,0,0,0,0,0.0183114,0.0317244,0.0235017,0.0364643,2,3,2,3.92699,0,0,0,0,0,0,0,0,0,0,1.5708,1.5708,0,1.5708,1.5708,0,-0.0199027,0.0107638,-0.00168413,0,0,0,1.7128,1.24734,-0.036874,0.0109567,-0.00763623,0.0115293,-0.0012022,0.000440466,-0.00597224,1.75578,1.20968,0,0,0,0,0,0,0,0,0,0,0,0,2,1.75578,1.20968,0,0.344544,0.487027,3.7308e-15,0,0,0,0,0,0,0,0,0,0,0,0,0.855775,1.20968,0,0,0,0,0,0,0,0,0,0,0,0,2,0.855775,1.20968,0,1,1,0,0,0,0,0,1.2405,-0.33,2.3086,0,0,0,0,0,0,1.31848,-0.38526,3.36881,1.51861,0,0,0,0,1,0,0,0,0,0,0,0,0,0,0,0,0,0,0,0,0,0,0,0,0,0,0,0,0
29.95,-0.0113123,-0.000279795,-0.000803797,-0.0164335,-0.000164944,-0.00143538,3.0272,2.00789,-2.34543,0.000107389,-0.000857892,-0.000181143,0.000456495,0.000305875,0.00167834,3,2,3.92699,0,0,0,0,0,0,0,0.0183114,0.0317244,0.0235017,0.0364643,2,3,2,3.92699,0,0,0,0,0,0,0,0,0,0,1.5708,1.5708,0,1.5708,1.5708,0,-0.0186062,0.00975265,-0.00207983,0,0,0,1.71385,1.24662,-0.0356481,0.0104509,-0.00725241,0.0122561,-0.00258996,0.00172488,-0.00112452,1.75578,1.20968,0,0,0,0,0,0,0,0,0,0,0,0,2,1.75578,1.20968,0,0.344544,0.487027,3.7308e-15,0,0,0,0,0,0,0,0,0,0,0,0,0.855775,1.20968,0,0,0,0,0,0,0,0,0,0,0,0,2,0.855775,1.20968,0,1,1,0,0,0,0,0,1.2405,-0.33,2.3086,0,0,0,0,0,0,1.31848,-0.38526,3.36881,1.51803,0,0,0,0,1,0,0,0,0,0,0,0,0,0,0,0,0,0,0,0,0,0,0,0,0,0,0,0,0
30,-0.0113123,-0.000279795,-0.000803797,-0.0164335,-0.000164646,-0.00143538,3.0272,2.00789,-2.34543,0.000107389,-0.000857892,-0.000181143,0.000456495,0.000305875,0.00167834,3,2,3.92699,0,0,0,0,0,0,0,0.0166833,0.0397128,0.0162759,0.0385321,2,3,2,3.92699,0,0,0,0,0,0,0,0,0,0,1.5708,1.5708,0,1.5708,1.5708,0,-0.0186062,0.00975265,-0.00207983,0,0,0,1.71385,1.24662,-0.0356481,0.0104509,-0.00725241,0.0122561,-0.00258996,0.00172488,-0.00112452,1.75578,1.20968,0,0,0,0,0,0,0,0,0,0,0,0,2,1.75578,1.20968,0,0.344544,0.487027,3.7308e-15,0,0,0,0,0,0,0,0,0,0,0,0,0.855775,1.20968,0,0,0,0,0,0,0,0,0,0,0,0,2,0.855775,1.20968,0,1,1,0,0,0,0,0,1.2405,-0.33,2.3086,0,0,0,0,0,0,1.31848,-0.38526,3.36881,1.51803,0,0,0,0,1,0,0,0,0,0,0,0,0,0,0,0,0,0,0,0,0,0,0,0,0,0,0,0,0
30.05,-0.0104829,0.00152352,-2.05581e-05,-0.0156266,-0.000404116,-0.00136821,3.02719,2.00775,-2.34563,-0.000136721,-0.00137576,-0.00206713,-0.000705098,-0.00162475,-0.00611904,3,2,3.92699,0,0,0,0,0,0,0,0.0166833,0.0397128,0.0162759,0.0385321,2,3,2,3.92699,0,0,0,0,0,0,0,0,0,0,1.5708,1.5708,0,1.5708,1.5708,0,-0.0194496,0.0109293,-0.00155448,0,0,0,1.71491,1.24586,-0.0345731,0.0105739,-0.00750991,0.0107495,-0.00126624,0.000191014,-0.0060559,1.75578,1.20968,0,0,0,0,0,0,0,0,0,0,0,0,2,1.75578,1.20968,0,0.344544,0.487027,3.7308e-15,0,0,0,0,0,0,0,0,0,0,0,0,0.855775,1.20968,0,0,0,0,0,0,0,0,0,0,0,0,2,0.855775,1.20968,0,1,1,0,0,0,0,0,1.2405,-0.33,2.3086,0,0,0,0,0,0,1.31514,-0.38225,3.33765,1.51741,0,0,0,0,1,0,0,0,0,0,0,0,0,0,0,0,0,0,0,0,0,0,0,0,0,0,0,0,0
30.1,-0.0104829,0.00152352,-2.05581e-05,-0.0156267,-0.000400886,-0.00136821,3.02719,2.00775,-2.34563,-0.000136721,-0.00137576,-0.00206713,-0.000705098,-0.00162475,-0.00611904,3,2,3.92699,0,0,0,0,0,0,0,0.0204677,0.0229488,0.0285405,0.0309383,2,3,2,3.92699,0,0,0,0,0,0,0,0,0,0,1.5708,1.5708,0,1.5708,1.5708,0,-0.0194496,0.0109293,-0.00155448,0,0,0,1.71491,1.24586,-0.0345731,0.0105739,-0.00750991,0.0107495,-0.00126624,0.000191014,-0.0060559,1.75578,1.20968,0,0,0,0,0,0,0,0,0,0,0,0,2,1.75578,1.20968,0,0.344544,0.487027,3.7308e-15,0,0,0,0,0,0,0,0,0,0,0,0,0.855775,1.20968,0,0,0,0,0,0,0,0,0,0,0,0,2,0.855775,1.20968,0,1,1,0,0,0,0,0,1.2397,-0.3276,2.3111,0,0,0,0,0,0,1.31514,-0.38225,3.33765,1.51741,0,0,0,0,1,0,0,0,0,0,0,0,0,0,0,0,0,0,0,0,0,0,0,0,0,0,0,0,0
30.15,-0.0109944,0.00107113,5.67669e-05,-0.0156267,-0.000400886,-0.00136821,3.02719,2.00763,-2.34586,1.46519e-05,-0.00122709,-0.00221304,2.43067e-05,-0.000642918,-0.0053122,3,2,3.92699,0,0,0,0,0,0,0,0.0204677,0.0229488,0.0285405,0.0309383,2,3,2,3.92699,0,0,0,0,0,0,0,0,0,0,1.5708,1.5708,0,1.5708,1.5708,0,-0.0180414,0.0101842,-0.00195625,0,0,0,1.71591,1.24514,-0.0334228,0.0100402,-0.00720505,0.0115063,-0.00271228,0.00112416,-0.00127771,1.75578,1.20968,0,0,0,0,0,0,0,0,0,0,0,0,2,1.75578,1.20968,0,0.344544,0.487027,3.7308e-15,0,0,0,0,0,0,0,0,0,0,0,0,0.855775,1.20968,0,0,0,0,0,0,0,0,0,0,0,0,2,0.855775,1.20968,0,1,1,0,0,0,0,0,1.2397,-0.3276,2.3111,0,0,0,0,0,0,1.31514,-0.38225,3.33765,1.51685,0,0,0,0,1,0,0,0,0,0,0,0,0,0,0,0,0,0,0,0,0,0,0,0,0,0,0,0,0
30.2,-0.0109944,0.00107113,5.67669e-05,-0.0156268,-0.000397428,-0.00136821,3.02719,2.00763,-2.34586,1.46519e-05,-0.00122709,-0.00221304,2.43067e-05,-0.000642918,-0.0053122,3,2,3.92699,0,0,0,0,0,0,0,0.0239113,0.0242536,0.0297406,0.0300714,2,3,2,3.92699,0,0,0,0,0,0,0,0,0,0,1.5708,1.5708,0,1.5708,1.5708,0,-0.0180414,0.0101842,-0.00195625,0,0,0,1.71591,1.24514,-0.0334228,0.0100402,-0.00720505,0.0115063,-0.00271228,0.00112416,-0.00127771,1.75578,1.20968,0,0,0,0,0,0,0,0,0,0,0,0,2,1.75578,1.20968,0,0.344544,0.487027,3.7308e-15,0,0,0,0,0,0,0,0,0,0,0,0,0.855775,1.20968,0,0,0,0,0,0,0,0,0,0,0,0,2,0.855775,1.20968,0,1,1,0,0,0,0,0,1.2397,-0.3276,2.3111,0,0,0,0,0,0,1.31514,-0.38225,3.33765,1.51685,0,0,0,0,1,0,0,0,0,0,0,0,0,0,0,0,0,0,0,0,0,0,0,0,0,0,0,0,0
30.25,-0.0106117,0.000591161,0.000238737,-0.0156268,-0.000397428,-0.00136821,3.02718,2.00752,-2.34612,-9.7574e-05,-0.00107209,-0.00260848,-0.000335163,0.000364212,-0.00466387,3,2,3.92699,0,0,0,0,0,0,0,0.0239113,0.0242536,0.0297406,0.0300714,2,3,2,3.92699,0,0,0,0,0,0,0,0,0,0,1.5708,1.5708,0,1.5708,1.5708,0,-0.0187567,0.010163,-0.00156256,0,0,0,1.71692,1.24443,-0.0323887,0.0101306,-0.00711436,0.0103316,-0.00144491,0.00115094,-0.00479501,1.75578,1.20968,0,0,0,0,0,0,0,0,0,0,0,0,2,1.75578,1.20968,0,0.344544,0.487027,3.7308e-15,0,0,0,0,0,0,0,0,0,0,0,0,0.855775,1.20968,0,0,0,0,0,0,0,0,0,0,0,0,2,0.855775,1.20968,0,1,1,0,0,0,0,0,1.2397,-0.3276,2.3111,0,0,0,0,0,0,1.30408,-0.37624,3.38743,1.51627,0,0,0,0,1,0,0,0,0,0,0,0,0,0,0,0,0,0,0,0,0,0,0,0,0,0,0,0,0
30.3,-0.0106117,0.000591161,0.000238737,0,-0,0,3.02718,2.00752,-2.34612,-9.7574e-05,-0.00107209,-0.00260848,-0.000335163,0.000364212,-0.00466387,3,2,3.92699,0,0,0,0,0,0,0,0.0267175,0.0219841,0.0300729,0.0254985,2,3,2,3.92699,0,0,0,0,0,0,0,0,0,0,1.5708,1.5708,0,1.5708,1.5708,0,-0.0187567,0.010163,-0.00156256,0,0,0,1.71692,1.24443,-0.0323887,0.0101306,-0.00711436,0.0103316,-0.00144491,0.00115094,-0.00479501,1.75578,1.20968,0,0,0,0,0,0,0,0,0,0,0,0,2,1.75578,1.20968,0,0.344544,0.487027,3.7308e-15,0,0,0,0,0,0,0,0,0,0,0,0,0.855775,1.20968,0,0,0,0,0,0,0,0,0,0,0,0,2,0.855775,1.20968,0,1,1,0,0,0,0,0,1.3269,-0.237,2.4016,0,0,0,0,0,0,1.30408,-0.37624,3.38743,1.51627,0,0,0,0,1,0,0,0,0,0,0,0,0,0,0,0,0,0,0,0,0,0,0,0,0,0,0,0,0
30.35,-0.0109077,0.000509398,0.000406162,0,-0,0,3.02718,2.00742,-2.34641,-9.75745e-06,-0.00103551,-0.00296106,0.000101282,0.000502664,-0.00411658,3,2,3.92699,0,0,0,0,0,0,0,0.0267175,0.0219841,0.0300729,0.0254985,2,3,2,3.92699,0,0,0,0,0,0,0,0,0,0,1.5708,1.5708,0,1.5708,1.5708,0,-0.0179623,0.0102527,-0.0021278,0,0,0,1.7179,1.24373,-0.0312387,0.00978059,-0.00705705,0.0114902,-0.00210929,0.000933797,0.00126129,1.75578,1.20968,0,0,0,0,0,0,0,0,0,0,0,0,2,1.75578,1.20968,0,0.344544,0.487027,3.7308e-15,0,0,0,0,0,0,0,0,0,0,0,0,0.855775,1.20968,0,0,0,0,0,0,0,0,0,0,0,0,2,0.855775,1.20968,0,1,1,0,0,0,0,0,1.3269,-0.237,2.4016,0,0,0,0,0,0,1.30408,-0.37624,3.38743,1.51572,0,0,0,0,1,0,0,0,0,0,0,0,0,0,0,0,0,0,0,0,0,0,0,0,0,0,0,0,0
30.4,-0.0109077,0.000509398,0.000406162,0,-0,0,3.02718,2.00742,-2.34641,-9.75745e-06,-0.00103551,-0.00296106,0.000101282,0.000502664,-0.00411658,3,2,3.92699,0,0,0,0,0,0,0,0.029884,0.0206809,0.0327646,0.0238706,2,3,2,3.92699,0,0,0,0,0,0,0,0,0,0,1.5708,1.5708,0,1.5708,1.5708,0,-0.0179623,0.0102527,-0.0021278,0,0,0,1.7179,1.24373,-0.0312387,0.00978059,-0.00705705,0.0114902,-0.00210929,0.000933797,0.00126129,1.75578,1.20968,0,0,0,0,0,0,0,0,0,0,0,0,2,1.75578,1.20968,0,0.344544,0.487027,3.7308e-15,0,0,0,0,0,0,0,0,0,0,0,0,0.855775,1.20968,0,0,0,0,0,0,0,0,0,0,0,0,2,0.855775,1.20968,0,1,1,0,0,0,0,0,1.3269,-0.237,2.4016,0,0,0,0,0,0,1.30408,-0.37624,3.38743,1.51572,0,0,0,0,1,0,0,0,0,0,0,0,0,0,0,0,0,0,0,0,0,0,0,0,0,0,0,0,0
30.45,-0.0106064,-0.000717425,0.000590108,0,-0,0,3.02717,2.00735,-2.34675,-9.78461e-05,-0.00066413,-0.00334674,-0.00023201,0.00180796,-0.00392781,3,2,3.92699,0,0,0,0,0,0,0,0.029884,0.0206809,0.0327646,0.0238706,2,3,2,3.92699,0,0,0,0,0,0,0,0,0,0,1.5708,1.5708,0,1.5708,1.5708,0,-0.0181801,0.0102299,-0.00182357,0,0,0,1.71887,1.24303,-0.0301876,0.0097296,-0.00696788,0.0105319,-0.00159718,0.000914266,-0.0022952,1.75578,1.20968,0,0,0,0,0,0,0,0,0,0,0,0,2,1.75578,1.20968,0,0.344544,0.487027,3.7308e-15,0,0,0,0,0,0,0,0,0,0,0,0,0.855775,1.20968,0,0,0,0,0,0,0,0,0,0,0,0,2,0.855775,1.20968,0,1,1,0,0,0,0,0,1.3269,-0.237,2.4016,0,0,0,0,0,0,1.27208,-0.36521,3.43274,1.51519,0,0,0,0,1,0,0,0,0,0,0,0,0,0,0,0,0,0,0,0,0,0,0,0,0,0,0,0,0
30.5,-0.0106064,-0.000717425,0.000590108,0,-0,0,3.02717,2.00735,-2.34675,-9.78461e-05,-0.00066413,-0.00334674,-0.00023201,0.00180796,-0.00392781,3,2,3.92699,0,0,0,0,0,0,0,0.0348767,0.0203281,0.0316091,0.017549,2,3,2,3.92699,0,0,0,0,0,0,0,0,0,0,1.5708,1.5708,0,1.5708,1.5708,0,-0.0181801,0.0102299,-0.00182357,0,0,0,1.71887,1.24303,-0.0301876,0.0097296,-0.00696788,0.0105319,-0.00159718,0.000914266,-0.0022952,1.75578,1.20968,0,0,0,0,0,0,0,0,0,0,0,0,2,1.75578,1.20968,0,0.344544,0.487027,3.7308e-15,0,0,0,0,0,0,0,0,0,0,0,0,0.855775,1.20968,0,0,0,0,0,0,0,0,0,0,0,0,2,0.855775,1.20968,0,1,1,0,0,0,0,0,1.2384,-0.322,2.3165,0,0,0,0,0,0,1.27208,-0.36521,3.43274,1.51519,0,0,0,0,1,0,0,0,0,0,0,0,0,0,0,0,0,0,0,0,0,0,0,0,0,0,0,0,0
30.55,-0.0110284,-0.000574485,0.000523605,0,-0,0,3.02717,2.00728,-2.34706,2.6852e-05,-0.000698151,-0.00312049,0.000313223,0.00112199,-0.00145125,3,2,3.92699,0,0,0,0,0,0,0,0.0348767,0.0203281,0.0316091,0.017549,2,3,2,3.92699,0,0,0,0,0,0,0,0,0,0,1.5708,1.5708,0,1.5708,1.5708,0,-0.0169595,0.00940835,-0.0016697,0,0,0,1.7198,1.24237,-0.029192,0.00926028,-0.00664709,0.0099542,-0.00270128,0.00178244,-0.00409843,1.75578,1.20968,0,0,0,0,0,0,0,0,0,0,0,0,2,1.75578,1.20968,0,0.344544,0.487027,3.7308e-15,0,0,0,0,0,0,0,0,0,0,0,0,0.855775,1.20968,0,0,0,0,0,0,0,0,0,0,0,0,2,0.855775,1.20968,0,1,1,0,0,0,0,0,1.2384,-0.322,2.3165,0,0,0,0,0,0,1.27208,-0.36521,3.43274,1.5147,0,0,0,0,1,0,0,0,0,0,0,0,0,0,0,0,0,0,0,0,0,0,0,0,0,0,0,0,0
30.6,-0.0110284,-0.000574485,0.000523605,0,-0,0,3.02717,2.00728,-2.34706,2.6852e-05,-0.000698151,-0.00312049,0.000313223,0.00112199,-0.00145125,3,2,3.92699,0,0,0,0,0,0,0,0.034616,0.0219503,0.0320838,0.0198435,2,3,2,3.92699,0,0,0,0,0,0,0,0,0,0,1.5708,1.5708,0,1.5708,1.5708,0,-0.0169595,0.00940835,-0.0016697,0,0,0,1.7198,1.24237,-0.029192,0.00926028,-0.00664709,0.0099542,-0.00270128,0.00178244,-0.00409843,1.75578,1.20968,0,0,0,0,0,0,0,0,0,0,0,0,2,1.75578,1.20968,0,0.344544,0.487027,3.7308e-15,0,0,0,0,0,0,0,0,0,0,0,0,0.855775,1.20968,0,0,0,0,0,0,0,0,0,0,0,0,2,0.855775,1.20968,0,1,1,0,0,0,0,0,1.2384,-0.322,2.3165,0,0,0,0,0,0,1.27208,-0.36521,3.43274,1.5147,0,0,0,0,1,0,0,0,0,0,0,0,0,0,0,0,0,0,0,0,0,0,0,0,0,0,0,0,0
30.65,-0.0109461,-0.000858103,0.000783913,0,-0,0,3.02717,2.00722,-2.34743,2.4422e-06,-0.000606887,-0.00368715,0.000164547,0.000947953,-0.0027891,3,2,3.92699,0,0,0,0,0,0,0,0.034616,0.0219503,0.0320838,0.0198435,2,3,2,3.92699,0,0,0,0,0,0,0,0,0,0,1.5708,1.5708,0,1.5708,1.5708,0,-0.0175187,0.0106428,-0.00152386,0,0,0,1.72073,1.24167,-0.0282516,0.00931457,-0.00692854,0.00940729,-0.0015874,8.68555e-05,-0.0049261,1.75578,1.20968,0,0,0,0,0,0,0,0,0,0,0,0,2,1.75578,1.20968,0,0.344544,0.487027,3.7308e-15,0,0,0,0,0,0,0,0,0,0,0,0,0.855775,1.20968,0,0,0,0,0,0,0,0,0,0,0,0,2,0.855775,1.20968,0,1,1,0,0,0,0,0,1.2384,-0.322,2.3165,0,0,0,0,0,0,1.31577,-0.36971,2.36908,1.51421,0,0,0,0,1,0,0,0,0,0,0,0,0,0,0,0,0,0,0,0,0,0,0,0,0,0,0,0,0
30.7,-0.0109461,-0.000858103,0.000783913,0,-0,0,3.02717,2.00722,-2.34743,2.4422e-06,-0.000606887,-0.00368715,0.000164547,0.000947953,-0.0027891,3,2,3.92699,0,0,0,0,0,0,0,0.0386649,0.0189264,0.0346015,0.0155259,2,3,2,3.92699,0,0,0,0,0,0,0,0,0,0,1.5708,1.5708,0,1.5708,1.5708,0,-0.0175187,0.0106428,-0.00152386,0,0,0,1.72073,1.24167,-0.0282516,0.00931457,-0.00692854,0.00940729,-0.0015874,8.68555e-05,-0.0049261,1.75578,1.20968,0,0,0,0,0,0,0,0,0,0,0,0,2,1.75578,1.20968,0,0.344544,0.487027,3.7308e-15,0,0,0,0,0,0,0,0,0,0,0,0,0.855775,1.20968,0,0,0,0,0,0,0,0,0,0,0,0,2,0.855775,1.20968,0,1,1,0,0,0,0,0,1.1464,-0.4107,2.2276,0,0,0,0,0,0,1.31577,-0.36971,2.36908,1.51421,0,0,0,0,1,0,0,0,0,0,0,0,0,0,0,0,0,0,0,0,0,0,0,0,0,0,0,0,0
30.75,-0.0108712,-0.00113975,0.000752327,0,-0,0,3.02717,2.00717,-2.34778,-1.95197e-05,-0.000517271,-0.00353842,-9.09237e-06,0.000902534,-0.00126787,3,2,3.92699,0,0,0,0,0,0,0,0.0386649,0.0189264,0.0346015,0.0155259,2,3,2,3.92699,0,0,0,0,0,0,0,0,0,0,1.5708,1.5708,0,1.5708,1.5708,0,-0.0167579,0.00969286,-0.00175433,0,0,0,1.72163,1.24102,-0.0272733,0.00898391,-0.0065708,0.00977761,-0.00210625,0.00123937,-0.0015719,1.75578,1.20968,0,0,0,0,0,0,0,0,0,0,0,0,2,1.75578,1.20968,0,0.344544,0.487027,3.7308e-15,0,0,0,0,0,0,0,0,0,0,0,0,0.855775,1.20968,0,0,0,0,0,0,0,0,0,0,0,0,2,0.855775,1.20968,0,1,1,0,0,0,0,0,1.1464,-0.4107,2.2276,0,0,0,0,0,0,1.31577,-0.36971,2.36908,1.51374,0,0,0,0,1,0,0,0,0,0,0,0,0,0,0,0,0,0,0,0,0,0,0,0,0,0,0,0,0
30.8,-0.0108712,-0.00113975,0.000752327,-0.00768809,-0.00781853,0.00069542,3.02717,2.00717,-2.34778,-1.95197e-05,-0.000517271,-0.00353842,-9.09237e-06,0.000902534,-0.00126787,3,2,3.92699,0,0,0,0,0,0,0,0.0388149,0.0198249,0.033357,0.0150047,2,3,2,3.92699,0,0,0,0,0,0,0,0,0,0,1.5708,1.5708,0,1.5708,1.5708,0,-0.0167579,0.00969286,-0.00175433,0,0,0,1.72163,1.24102,-0.0272733,0.00898391,-0.0065708,0.00977761,-0.00210625,0.00123937,-0.0015719,1.75578,1.20968,0,0,0,0,0,0,0,0,0,0,0,0,2,1.75578,1.20968,0,0.344544,0.487027,3.7308e-15,0,0,0,0,0,0,0,0,0,0,0,0,0.855775,1.20968,0,0,0,0,0,0,0,0,0,0,0,0,2,0.855775,1.20968,0,1,1,0,0,0,0,0,1.1464,-0.4107,2.2276,0,0,0,0,0,0,1.31577,-0.36971,2.36908,1.51374,0,0,0,0,1,0,0,0,0,0,0,0,0,0,0,0,0,0,0,0,0,0,0,0,0,0,0,0,0
30.85,-0.0108703,-0.000987548,0.000397216,-0.00768809,-0.00781853,0.00069542,3.02717,2.00711,-2.34804,-1.95425e-05,-0.000555739,-0.00261218,-2.90048e-05,0.00038359,0.00315526,3,2,3.92699,0,0,0,0,0,0,0,0.0388149,0.0198249,0.033357,0.0150047,2,3,2,3.92699,0,0,0,0,0,0,0,0,0,0,1.5708,1.5708,0,1.5708,1.5708,0,-0.0171974,0.00968989,-0.00165776,0,0,0,1.72253,1.24037,-0.0263385,0.00900663,-0.00649298,0.00935293,-0.00126971,0.00122979,-0.00221423,1.75578,1.20968,0,0,0,0,0,0,0,0,0,0,0,0,2,1.75578,1.20968,0,0.344544,0.487027,3.7308e-15,0,0,0,0,0,0,0,0,0,0,0,0,0.855775,1.20968,0,0,0,0,0,0,0,0,0,0,0,0,2,0.855775,1.20968,0,1,1,0,0,0,0,0,1.1464,-0.4107,2.2276,0,0,0,0,0,0,1.28355,-0.35676,2.31414,1.51327,0,0,0,0,1,0,0,0,0,0,0,0,0,0,0,0,0,0,0,0,0,0,0,0,0,0,0,0,0
30.9,-0.0108703,-0.000987548,0.000397216,-0.00769013,-0.00781652,0.00069542,3.02717,2.00711,-2.34804,-1.95425e-05,-0.000555739,-0.00261218,-2.90048e-05,0.00038359,0.00315526,3,2,3.92699,0,0,0,0,0,0,0,0.0336625,0.0242311,0.029092,0.0199773,2,3,2,3.92699,0,0,0,0,0,0,0,0,0,0,1.5708,1.5708,0,1.5708,1.5708,0,-0.0171974,0.00968989,-0.00165776,0,0,0,1.72253,1.24037,-0.0263385,0.00900663,-0.00649298,0.00935293,-0.00126971,0.00122979,-0.00221423,1.75578,1.20968,0,0,0,0,0,0,0,0,0,0,0,0,2,1.75578,1.20968,0,0.344544,0.487027,3.7308e-15,0,0,0,0,0,0,0,0,0,0,0,0,0.855775,1.20968,0,0,0,0,0,0,0,0,0,0,0,0,2,0.855775,1.20968,0,1,1,0,0,0,0,0,1.2376,-0.3163,2.3217,0,0,0,0,0,0,1.28355,-0.35676,2.31414,1.51327,0,0,0,0,1,0,0,0,0,0,0,0,0,0,0,0,0,0,0,0,0,0,0,0,0,0,0,0,0
30.95,-0.0112866,-0.00159989,0.000634436,-0.00769013,-0.00781652,0.00069542,3.02718,2.00708,-2.34836,0.000102549,-0.000369909,-0.00313312,0.000467689,0.000901422,0.000405387,3,2,3.92699,0,0,0,0,0,0,0,0.0336625,0.0242311,0.029092,0.0199773,2,3,2,3.92699,0,0,0,0,0,0,0,0,0,0,1.5708,1.5708,0,1.5708,1.5708,0,-0.0158843,0.00966383,-0.00139817,0,0,0,1.72338,1.23973,-0.0254842,0.00851889,-0.00640931,0.00854376,-0.00257805,0.00105697,-0.00462879,1.75578,1.20968,0,0,0,0,0,0,0,0,0,0,0,0,2,1.75578,1.20968,0,0.344544,0.487027,3.7308e-15,0,0,0,0,0,0,0,0,0,0,0,0,0.855775,1.20968,0,0,0,0,0,0,0,0,0,0,0,0,2,0.855775,1.20968,0,1,1,0,0,0,0,0,1.2376,-0.3163,2.3217,0,0,0,0,0,0,1.28355,-0.35676,2.31414,1.51285,0,0,0,0,1,0,0,0,0,0,0,0,0,0,0,0,0,0,0,0,0,0,0,0,0,0,0,0,0
31,-0.0112866,-0.00159989,0.000634436,-0.00769257,-0.00781412,0.00069542,3.02718,2.00708,-2.34836,0.000102549,-0.000369909,-0.00313312,0.000467689,0.000901422,0.000405387,3,2,3.92699,0,0,0,0,0,0,0,0.0394448,0.023528,0.0317595,0.0163772,2,3,2,3.92699,0,0,0,0,0,0,0,0,0,0,1.5708,1.5708,0,1.5708,1.5708,0,-0.0158843,0.00966383,-0.00139817,0,0,0,1.72338,1.23973,-0.0254842,0.00851889,-0.00640931,0.00854376,-0.00257805,0.00105697,-0.00462879,1.75578,1.20968,0,0,0,0,0,0,0,0,0,0,0,0,2,1.75578,1.20968,0,0.344544,0.487027,3.7308e-15,0,0,0,0,0,0,0,0,0,0,0,0,0.855775,1.20968,0,0,0,0,0,0,0,0,0,0,0,0,2,0.855775,1.20968,0,1,1,0,0,0,0,0,1.2376,-0.3163,2.3217,0,0,0,0,0,0,1.28355,-0.35676,2.31414,1.51285,0,0,0,0,1,0,0,0,0,0,0,0,0,0,0,0,0,0,0,0,0,0,0,0,0,0,0,0,0
31.05,-0.0101741,-0.000495219,5.62743e-05,-0.0078174,-0.00794092,0.000706704,3.02715,2.00701,-2.34852,-0.000224371,-0.000688965,-0.00167668,-0.000958402,-0.000664175,0.00568865,3,2,3.92699,0,0,0,0,0,0,0,0.0394448,0.023528,0.0317595,0.0163772,2,3,2,3.92699,0,0,0,0,0,0,0,0,0,0,1.5708,1.5708,0,1.5708,1.5708,0,-0.0174715,0.00969553,-0.00158643,0,0,0,1.72427,1.23909,-0.0246004,0.00888094,-0.00634335,0.00882926,-0.000270031,0.000868782,-0.00195683,1.75578,1.20968,0,0,0,0,0,0,0,0,0,0,0,0,2,1.75578,1.20968,0,0.344544,0.487027,3.7308e-15,0,0,0,0,0,0,0,0,0,0,0,0,0.855775,1.20968,0,0,0,0,0,0,0,0,0,0,0,0,2,0.855775,1.20968,0,1,1,0,0,0,0,0,1.2376,-0.3163,2.3217,0,0,0,0,0,0,1.28604,-0.35436,2.30637,1.51235,0,0,0,0,1,0,0,0,0,0,0,0,0,0,0,0,0,0,0,0,0,0,0,0,0,0,0,0,0
31.1,-0.0101741,-0.000495219,5.62743e-05,-0.00781874,-0.0079396,0.000706704,3.02715,2.00701,-2.34852,-0.000224371,-0.000688965,-0.00167668,-0.000958402,-0.000664175,0.00568865,3,2,3.92699,0,0,0,0,0,0,0,0.0261637,0.0259179,0.0241088,0.0238713,2,3,2,3.92699,0,0,0,0,0,0,0,0,0,0,1.5708,1.5708,0,1.5708,1.5708,0,-0.0174715,0.00969553,-0.00158643,0,0,0,1.72427,1.23909,-0.0246004,0.00888094,-0.00634335,0.00882926,-0.000270031,0.000868782,-0.00195683,1.75578,1.20968,0,0,0,0,0,0,0,0,0,0,0,0,2,1.75578,1.20968,0,0.344544,0.487027,3.7308e-15,0,0,0,0,0,0,0,0,0,0,0,0,0.855775,1.20968,0,0,0,0,0,0,0,0,0,0,0,0,2,0.855775,1.20968,0,1,1,0,0,0,0,0,1.2372,-0.3137,2.3239,0,0,0,0,0,0,1.28604,-0.35436,2.30637,1.51235,0,0,0,0,1,0,0,0,0,0,0,0,0,0,0,0,0,0,0,0,0,0,0,0,0,0,0,0,0
31.15,-0.0108062,-0.000825389,-0.00029757,-0.00781874,-0.0079396,0.000706704,3.02715,2.00695,-2.3486,-3.66644e-05,-0.000584185,-0.000790098,-1.76248e-05,-0.000188967,0.00768081,3,2,3.92699,0,0,0,0,0,0,0,0.0261637,0.0259179,0.0241088,0.0238713,2,3,2,3.92699,0,0,0,0,0,0,0,0,0,0,1.5708,1.5708,0,1.5708,1.5708,0,-0.0145129,0.00906321,-0.00141248,0,0,0,1.72506,1.23848,-0.0237777,0.00791583,-0.00608506,0.00823689,-0.00374631,0.00155736,-0.00322068,1.75578,1.20968,0,0,0,0,0,0,0,0,0,0,0,0,2,1.75578,1.20968,0,0.344544,0.487027,3.7308e-15,0,0,0,0,0,0,0,0,0,0,0,0,0.855775,1.20968,0,0,0,0,0,0,0,0,0,0,0,0,2,0.855775,1.20968,0,1,1,0,0,0,0,0,1.2372,-0.3137,2.3239,0,0,0,0,0,0,1.28604,-0.35436,2.30637,1.51194,0,0,0,0,1,0,0,0,0,0,0,0,0,0,0,0,0,0,0,0,0,0,0,0,0,0,0,0,0
31.2,-0.0108062,-0.000825389,-0.00029757,-0.00781936,-0.00793899,0.000706704,3.02715,2.00695,-2.3486,-3.66644e-05,-0.000584185,-0.000790098,-1.76248e-05,-0.000188967,0.00768081,3,2,3.92699,0,0,0,0,0,0,0,0.0237919,0.0330119,0.0202855,0.0291959,2,3,2,3.92699,0,0,0,0,0,0,0,0,0,0,1.5708,1.5708,0,1.5708,1.5708,0,-0.0145129,0.00906321,-0.00141248,0,0,0,1.72506,1.23848,-0.0237777,0.00791583,-0.00608506,0.00823689,-0.00374631,0.00155736,-0.00322068,1.75578,1.20968,0,0,0,0,0,0,0,0,0,0,0,0,2,1.75578,1.20968,0,0.344544,0.487027,3.7308e-15,0,0,0,0,0,0,0,0,0,0,0,0,0.855775,1.20968,0,0,0,0,0,0,0,0,0,0,0,0,2,0.855775,1.20968,0,1,1,0,0,0,0,0,1.2372,-0.3137,2.3239,0,0,0,0,0,0,1.28604,-0.35436,2.30637,1.51194,0,0,0,0,1,0,0,0,0,0,0,0,0,0,0,0,0,0,0,0,0,0,0,0,0,0,0,0,0
31.25,-0.0107882,-0.00126689,0.000211586,-0.00781936,-0.00793899,0.000706704,3.02715,2.0069,-2.3488,-4.15076e-05,-0.000448037,-0.00200289,9.7067e-05,0.000492139,3.174e-05,3,2,3.92699,0,0,0,0,0,0,0,0.0237919,0.0330119,0.0202855,0.0291959,2,3,2,3.92699,0,0,0,0,0,0,0,0,0,0,1.5708,1.5708,0,1.5708,1.5708,0,-0.0161273,0.00905885,-0.00149441,0,0,0,1.72589,1.23788,-0.0229505,0.00829297,-0.00601249,0.00827244,-0.00117676,0.0012907,-0.00192551,1.75578,1.20968,0,0,0,0,0,0,0,0,0,0,0,0,2,1.75578,1.20968,0,0.344544,0.487027,3.7308e-15,0,0,0,0,0,0,0,0,0,0,0,0,0.855775,1.20968,0,0,0,0,0,0,0,0,0,0,0,0,2,0.855775,1.20968,0,1,1,0,0,0,0,0,1.2372,-0.3137,2.3239,0,0,0,0,0,0,1.29067,-0.35781,3.40989,1.51151,0,0,0,0,1,0,0,0,0,0,0,0,0,0,0,0,0,0,0,0,0,0,0,0,0,0,0,0,0
31.3,-0.0107882,-0.00126689,0.000211586,0,-0,0,3.02715,2.0069,-2.3488,-4.15076e-05,-0.000448037,-0.00200289,9.7067e-05,0.000492139,3.174e-05,3,2,3.92699,0,0,0,0,0,0,0,0.0317354,0.0271774,0.0258263,0.0214214,2,3,2,3.92699,0,0,0,0,0,0,0,0,0,0,1.5708,1.5708,0,1.5708,1.5708,0,-0.0161273,0.00905885,-0.00149441,0,0,0,1.72589,1.23788,-0.0229505,0.00829297,-0.00601249,0.00827244,-0.00117676,0.0012907,-0.00192551,1.75578,1.20968,0,0,0,0,0,0,0,0,0,0,0,0,2,1.75578,1.20968,0,0.344544,0.487027,3.7308e-15,0,0,0,0,0,0,0,0,0,0,0,0,0.855775,1.20968,0,0,0,0,0,0,0,0,0,0,0,0,2,0.855775,1.20968,0,1,1,0,0,0,0,0,1.2367,-0.3115,2.3259,0,0,0,0,0,0,1.29067,-0.35781,3.40989,1.51151,0,0,0,0,1,0,0,0,0,0,0,0,0,0,0,0,0,0,0,0,0,0,0,0,0,0,0,0,0
31.35,-0.0112618,-0.000978191,-0.000437292,0,-0,0,3.02716,2.00685,-2.34884,9.76447e-05,-0.000527282,-0.000398112,0.000629926,7.17981e-05,0.00539688,3,2,3.92699,0,0,0,0,0,0,0,0.0317354,0.0271774,0.0258263,0.0214214,2,3,2,3.92699,0,0,0,0,0,0,0,0,0,0,1.5708,1.5708,0,1.5708,1.5708,0,-0.0145976,0.00899895,-0.00113508,0,0,0,1.72667,1.23729,-0.022226,0.00775055,-0.00592459,0.00724416,-0.00253572,0.00109745,-0.00509956,1.75578,1.20968,0,0,0,0,0,0,0,0,0,0,0,0,2,1.75578,1.20968,0,0.344544,0.487027,3.7308e-15,0,0,0,0,0,0,0,0,0,0,0,0,0.855775,1.20968,0,0,0,0,0,0,0,0,0,0,0,0,2,0.855775,1.20968,0,1,1,0,0,0,0,0,1.2367,-0.3115,2.3259,0,0,0,0,0,0,1.29067,-0.35781,3.40989,1.51112,0,0,0,0,1,0,0,0,0,0,0,0,0,0,0,0,0,0,0,0,0,0,0,0,0,0,0,0,0
31.4,-0.0112618,-0.000978191,-0.000437292,0,-0,0,3.02716,2.00685,-2.34884,9.76447e-05,-0.000527282,-0.000398112,0.000629926,7.17981e-05,0.00539688,3,2,3.92699,0,0,0,0,0,0,0,0.0234082,0.0363869,0.0192147,0.0317576,2,3,2,3.92699,0,0,0,0,0,0,0,0,0,0,1.5708,1.5708,0,1.5708,1.5708,0,-0.0145976,0.00899895,-0.00113508,0,0,0,1.72667,1.23729,-0.022226,0.00775055,-0.00592459,0.00724416,-0.00253572,0.00109745,-0.00509956,1.75578,1.20968,0,0,0,0,0,0,0,0,0,0,0,0,2,1.75578,1.20968,0,0.344544,0.487027,3.7308e-15,0,0,0,0,0,0,0,0,0,0,0,0,0.855775,1.20968,0,0,0,0,0,0,0,0,0,0,0,0,2,0.855775,1.20968,0,1,1,0,0,0,0,0,1.2367,-0.3115,2.3259,0,0,0,0,0,0,1.29067,-0.35781,3.40989,1.51112,0,0,0,0,1,0,0,0,0,0,0,0,0,0,0,0,0,0,0,0,0,0,0,0,0,0,0,0,0
31.45,-0.0115496,-0.000642916,-0.000299463,0,-0,0,3.02717,2.00679,-2.34892,0.000180762,-0.000619233,-0.000722801,0.000782388,-0.000380545,0.00267039,3,2,3.92699,0,0,0,0,0,0,0,0.0234082,0.0363869,0.0192147,0.0317576,2,3,2,3.92699,0,0,0,0,0,0,0,0,0,0,1.5708,1.5708,0,1.5708,1.5708,0,-0.0162321,0.0093767,-0.00108651,0,0,0,1.72748,1.23669,-0.0215279,0.00813552,-0.00596515,0.00698488,-0.000177694,0.000477792,-0.00453652,1.75578,1.20968,0,0,0,0,0,0,0,0,0,0,0,0,2,1.75578,1.20968,0,0.344544,0.487027,3.7308e-15,0,0,0,0,0,0,0,0,0,0,0,0,0.855775,1.20968,0,0,0,0,0,0,0,0,0,0,0,0,2,0.855775,1.20968,0,1,1,0,0,0,0,0,1.2367,-0.3115,2.3259,0,0,0,0,0,0,1.25947,-0.34324,2.3236,1.51071,0,0,0,0,1,0,0,0,0,0,0,0,0,0,0,0,0,0,0,0,0,0,0,0,0,0,0,0,0
31.5,-0.0115496,-0.000642916,-0.000299463,0,-0,0,3.02717,2.00679,-2.34892,0.000180762,-0.000619233,-0.000722801,0.000782388,-0.000380545,0.00267039,3,2,3.92699,0,0,0,0,0,0,0,0.0250574,0.034486,0.0224613,0.0315733,2,3,2,3.92699,0,0,0,0,0,0,0,0,0,0,1.5708,1.5708,0,1.5708,1.5708,0,-0.0162321,0.0093767,-0.00108651,0,0,0,1.72748,1.23669,-0.0215279,0.00813552,-0.00596515,0.00698488,-0.000177694,0.000477792,-0.00453652,1.75578,1.20968,0,0,0,0,0,0,0,0,0,0,0,0,2,1.75578,1.20968,0,0.344544,0.487027,3.7308e-15,0,0,0,0,0,0,0,0,0,0,0,0,0.855775,1.20968,0,0,0,0,0,0,0,0,0,0,0,0,2,0.855775,1.20968,0,1,1,0,0,0,0,0,1.2363,-0.3097,2.3274,0,0,0,0,0,0,1.25947,-0.34324,2.3236,1.51071,0,0,0,0,1,0,0,0,0,0,0,0,0,0,0,0,0,0,0,0,0,0,0,0,0,0,0,0,0
31.55,-0.0120401,-0.00108201,-0.000216668,0,-0,0,3.02721,2.00674,-2.34901,0.00032225,-0.000483375,-0.00090833,0.0010561,0.000252086,0.000491945,3,2,3.92699,0,0,0,0,0,0,0,0.0250574,0.034486,0.0224613,0.0315733,2,3,2,3.92699,0,0,0,0,0,0,0,0,0,0,1.5708,1.5708,0,1.5708,1.5708,0,-0.0144001,0.00906377,-0.000942763,0,0,0,1.72823,1.23611,-0.0208777,0.00750696,-0.00580416,0.00650131,-0.00228538,0.000836207,-0.00456826,1.75578,1.20968,0,0,0,0,0,0,0,0,0,0,0,0,2,1.75578,1.20968,0,0.344544,0.487027,3.7308e-15,0,0,0,0,0,0,0,0,0,0,0,0,0.855775,1.20968,0,0,0,0,0,0,0,0,0,0,0,0,2,0.855775,1.20968,0,1,1,0,0,0,0,0,1.2363,-0.3097,2.3274,0,0,0,0,0,0,1.25947,-0.34324,2.3236,1.51037,0,0,0,0,1,0,0,0,0,0,0,0,0,0,0,0,0,0,0,0,0,0,0,0,0,0,0,0,0
31.6,-0.0120401,-0.00108201,-0.000216668,0,-0,0,3.02721,2.00674,-2.34901,0.00032225,-0.000483375,-0.00090833,0.0010561,0.000252086,0.000491945,3,2,3.92699,0,0,0,0,0,0,0,0.0284861,0.0356302,0.0237071,0.0306113,2,3,2,3.92699,0,0,0,0,0,0,0,0,0,0,1.5708,1.5708,0,1.5708,1.5708,0,-0.0144001,0.00906377,-0.000942763,0,0,0,1.72823,1.23611,-0.0208777,0.00750696,-0.00580416,0.00650131,-0.00228538,0.000836207,-0.00456826,1.75578,1.20968,0,0,0,0,0,0,0,0,0,0,0,0,2,1.75578,1.20968,0,0.344544,0.487027,3.7308e-15,0,0,0,0,0,0,0,0,0,0,0,0,0.855775,1.20968,0,0,0,0,0,0,0,0,0,0,0,0,2,0.855775,1.20968,0,1,1,0,0,0,0,0,1.2363,-0.3097,2.3274,0,0,0,0,0,0,1.25947,-0.34324,2.3236,1.51037,0,0,0,0,1,0,0,0,0,0,0,0,0,0,0,0,0,0,0,0,0,0,0,0,0,0,0,0,0
31.65,-0.0118197,2.99148e-05,-0.000739951,0,-0,0,3.02723,2.00666,-2.34897,0.000253908,-0.000803228,0.000371936,0.00039789,-0.00104057,0.00511678,3,2,3.92699,0,0,0,0,0,0,0,0.0284861,0.0356302,0.0237071,0.0306113,2,3,2,3.92699,0,0,0,0,0,0,0,0,0,0,1.5708,1.5708,0,1.5708,1.5708,0,-0.0157606,0.00968018,-0.0014369,0,0,0,1.72901,1.23552,-0.0201213,0.00781499,-0.00591556,0.00756408,-0.000433587,0.000110629,0.00149341,1.75578,1.20968,0,0,0,0,0,0,0,0,0,0,0,0,2,1.75578,1.20968,0,0.344544,0.487027,3.7308e-15,0,0,0,0,0,0,0,0,0,0,0,0,0.855775,1.20968,0,0,0,0,0,0,0,0,0,0,0,0,2,0.855775,1.20968,0,1,1,0,0,0,0,0,1.2363,-0.3097,2.3274,0,0,0,0,0,0,1.27127,-0.34263,2.31612,1.50998,0,0,0,0,1,0,0,0,0,0,0,0,0,0,0,0,0,0,0,0,0,0,0,0,0,0,0,0,0
31.7,-0.0118197,2.99148e-05,-0.000739951,0,-0,0,3.02723,2.00666,-2.34897,0.000253908,-0.000803228,0.000371936,0.00039789,-0.00104057,0.00511678,3,2,3.92699,0,0,0,0,0,0,0,0.0180302,0.0395021,0.0189414,0.0396922,2,3,2,3.92699,0,0,0,0,0,0,0,0,0,0,1.5708,1.5708,0,1.5708,1.5708,0,-0.0157606,0.00968018,-0.0014369,0,0,0,1.72901,1.23552,-0.0201213,0.00781499,-0.00591556,0.00756408,-0.000433587,0.000110629,0.00149341,1.75578,1.20968,0,0,0,0,0,0,0,0,0,0,0,0,2,1.75578,1.20968,0,0.344544,0.487027,3.7308e-15,0,0,0,0,0,0,0,0,0,0,0,0,0.855775,1.20968,0,0,0,0,0,0,0,0,0,0,0,0,2,0.855775,1.20968,0,1,1,0,0,0,0,0,1.2358,-0.308,2.3288,0,0,0,0,0,0,1.27127,-0.34263,2.31612,1.50998,0,0,0,0,1,0,0,0,0,0,0,0,0,0,0,0,0,0,0,0,0,0,0,0,0,0,0,0,0
31.75,-0.012205,-0.000942704,-0.000943576,0,-0,0,3.02727,2.00661,-2.34888,0.000363744,-0.000508997,0.000855862,0.000588753,0.000375856,0.00563174,3,2,3.92699,0,0,0,0,0,0,0,0.0180302,0.0395021,0.0189414,0.0396922,2,3,2,3.92699,0,0,0,0,0,0,0,0,0,0,1.5708,1.5708,0,1.5708,1.5708,0,-0.0177759,0.013276,-5.46655e-05,0,0,0,1.72984,1.23483,-0.0197127,0.00830997,-0.00689283,0.00408528,0.00196947,-0.00393777,-0.0121824,1.75578,1.20968,0,0,0,0,0,0,0,0,0,0,0,0,2,1.75578,1.20968,0,0.344544,0.487027,3.7308e-15,0,0,0,0,0,0,0,0,0,0,0,0,0.855775,1.20968,0,0,0,0,0,0,0,0,0,0,0,0,2,0.855775,1.20968,0,1,1,0,0,0,0,0,1.2358,-0.308,2.3288,0,0,0,0,0,0,1.27127,-0.34263,2.31612,1.50962,0,0,0,0,1,0,0,0,0,0,0,0,0,0,0,0,0,0,0,0,0,0,0,0,0,0,0,0,0
31.8,-0.012205,-0.000942704,-0.000943576,-0.0172262,-0.00105792,-0.00151695,3.02727,2.00661,-2.34888,0.000363744,-0.000508997,0.000855862,0.000588753,0.000375856,0.00563174,3,2,3.92699,0,0,0,0,0,0,0,0.0187801,0.0454686,0.0150109,0.0408031,2,3,2,3.92699,0,0,0,0,0,0,0,0,0,0,1.5708,1.5708,0,1.5708,1.5708,0,-0.0177759,0.013276,-5.46655e-05,0,0,0,1.72984,1.23483,-0.0197127,0.00830997,-0.00689283,0.00408528,0.00196947,-0.00393777,-0.0121824,1.75578,1.20968,0,0,0,0,0,0,0,0,0,0,0,0,2,1.75578,1.20968,0,0.344544,0.487027,3.7308e-15,0,0,0,0,0,0,0,0,0,0,0,0,0.855775,1.20968,0,0,0,0,0,0,0,0,0,0,0,0,2,0.855775,1.20968,0,1,1,0,0,0,0,0,1.2358,-0.308,2.3288,0,0,0,0,0,0,1.27127,-0.34263,2.31612,1.50962,0,0,0,0,1,0,0,0,0,0,0,0,0,0,0,0,0,0,0,0,0,0,0,0,0,0,0,0,0
31.85,-0.0115942,-0.000835066,-0.000278642,-0.0172262,-0.00105792,-0.00151695,3.02729,2.00656,-2.34896,0.000180611,-0.00053451,-0.000765098,-0.000352429,0.000315279,-0.00302637,3,2,3.92699,0,0,0,0,0,0,0,0.0187801,0.0454686,0.0150109,0.0408031,2,3,2,3.92699,0,0,0,0,0,0,0,0,0,0,1.5708,1.5708,0,1.5708,1.5708,0,-0.0158568,0.0115273,-0.000892618,0,0,0,1.73061,1.2342,-0.0191102,0.00765398,-0.00630307,0.00602382,-0.001112,-0.000556661,-0.00141731,1.75578,1.20968,0,0,0,0,0,0,0,0,0,0,0,0,2,1.75578,1.20968,0,0.344544,0.487027,3.7308e-15,0,0,0,0,0,0,0,0,0,0,0,0,0.855775,1.20968,0,0,0,0,0,0,0,0,0,0,0,0,2,0.855775,1.20968,0,1,1,0,0,0,0,0,1.2358,-0.308,2.3288,0,0,0,0,0,0,0,-0,0,1.50927,0,0,0,0,0,0,0,0,0,0,0,0,0,0,0,0,0,0,0,0,0,0,0,0,0,0,0,0,0
31.9,-0.0115942,-0.000835066,-0.000278642,-0.0172262,-0.00105661,-0.00151695,3.02729,2.00656,-2.34896,0.000180611,-0.00053451,-0.000765098,-0.000352429,0.000315279,-0.00302637,3,2,3.92699,0,0,0,0,0,0,0,0.0259484,0.0347665,0.022397,0.030919,2,3,2,3.92699,0,0,0,0,0,0,0,0,0,0,1.5708,1.5708,0,1.5708,1.5708,0,-0.0158568,0.0115273,-0.000892618,0,0,0,1.73061,1.2342,-0.0191102,0.00765398,-0.00630307,0.00602382,-0.001112,-0.000556661,-0.00141731,1.75578,1.20968,0,0,0,0,0,0,0,0,0,0,0,0,2,1.75578,1.20968,0,0.344544,0.487027,3.7308e-15,0,0,0,0,0,0,0,0,0,0,0,0,0.855775,1.20968,0,0,0,0,0,0,0,0,0,0,0,0,2,0.855775,1.20968,0,1,1,0,0,0,0,0,1.1607,-0.381,2.255,0,0,0,0,0,0,0,-0,0,1.50927,0,0,0,0,0,0,0,0,0,0,0,0,0,0,0,0,0,0,0,0,0,0,0,0,0,0,0,0,0
31.95,-0.0121276,-0.000937162,-0.000597459,-0.0172262,-0.00105661,-0.00151695,3.02732,2.00651,-2.34896,0.000334657,-0.000498322,1.9084e-05,0.000276227,0.000326484,0.000145326,3,2,3.92699,0,0,0,0,0,0,0,0.0259484,0.0347665,0.022397,0.030919,2,3,2,3.92699,0,0,0,0,0,0,0,0,0,0,1.5708,1.5708,0,1.5708,1.5708,0,-0.0154821,0.0107922,-0.00156028,0,0,0,1.73135,1.2336,-0.0183592,0.00745529,-0.00601528,0.00751411,-0.00188973,0.00128224,0.00655123,1.75578,1.20968,0,0,0,0,0,0,0,0,0,0,0,0,2,1.75578,1.20968,0,0.344544,0.487027,3.7308e-15,0,0,0,0,0,0,0,0,0,0,0,0,0.855775,1.20968,0,0,0,0,0,0,0,0,0,0,0,0,2,0.855775,1.20968,0,1,1,0,0,0,0,0,1.1607,-0.381,2.255,0,0,0,0,0,0,0,-0,0,1.50894,0,0,0,0,0,0,0,0,0,0,0,0,0,0,0,0,0,0,0,0,0,0,0,0,0,0,0,0,0
32,-0.0121276,-0.000937162,-0.000597459,-0.0172262,-0.00105664,-0.00151695,3.02732,2.00651,-2.34896,0.000334657,-0.000498322,1.9084e-05,0.000276227,0.000326484,0.000145326,3,2,3.92699,0,0,0,0,0,0,0,0.0232213,0.0406265,0.0193232,0.0361439,2,3,2,3.92699,0,0,0,0,0,0,0,0,0,0,1.5708,1.5708,0,1.5708,1.5708,0,-0.0154821,0.0107922,-0.00156028,0,0,0,1.73135,1.2336,-0.0183592,0.00745529,-0.00601528,0.00751411,-0.00188973,0.00128224,0.00655123,1.75578,1.20968,0,0,0,0,0,0,0,0,0,0,0,0,2,1.75578,1.20968,0,0.344544,0.487027,3.7308e-15,0,0,0,0,0,0,0,0,0,0,0,0,0.855775,1.20968,0,0,0,0,0,0,0,0,0,0,0,0,2,0.855775,1.20968,0,1,1,0,0,0,0,0,1.1607,-0.381,2.255,0,0,0,0,0,0,0,-0,0,1.50894,0,0,0,0,0,0,0,0,0,0,0,0,0,0,0,0,0,0,0,0,0,0,0,0,0,0,0,0,0
32.05,-0.0104311,0.00157484,-0.000356493,-0.0153286,-0.00100638,-0.00135071,3.0273,2.00638,-2.34901,-0.000166,-0.00122791,-0.000562614,-0.00174895,-0.00271877,-0.00180795,3,2,3.92699,0,0,0,0,0,0,0,0.0232213,0.0406265,0.0193232,0.0361439,2,3,2,3.92699,0,0,0,0,0,0,0,0,0,0,1.5708,1.5708,0,1.5708,1.5708,0,-0.0152583,0.0108114,-0.000884592,0,0,0,1.73208,1.23301,-0.0177853,0.00730278,-0.00595037,0.00573855,-0.00183421,0.00126593,-0.0020679,1.75578,1.20968,0,0,0,0,0,0,0,0,0,0,0,0,2,1.75578,1.20968,0,0.344544,0.487027,3.7308e-15,0,0,0,0,0,0,0,0,0,0,0,0,0.855775,1.20968,0,0,0,0,0,0,0,0,0,0,0,0,2,0.855775,1.20968,0,1,1,0,0,0,0,0,1.1607,-0.381,2.255,0,0,0,0,0,0,1.27829,-0.34687,3.43088,1.50854,0,0,0,0,1,0,0,0,0,0,0,0,0,0,0,0,0,0,0,0,0,0,0,0,0,0,0,0,0
32.1,-0.0104311,0.00157484,-0.000356493,-0.0153286,-0.00100551,-0.00135071,3.0273,2.00638,-2.34901,-0.000166,-0.00122791,-0.000562614,-0.00174895,-0.00271877,-0.00180795,3,2,3.92699,0,0,0,0,0,0,0,0.0158154,0.0272943,0.0241091,0.0352025,2,3,2,3.92699,0,0,0,0,0,0,0,0,0,0,1.5708,1.5708,0,1.5708,1.5708,0,-0.0152583,0.0108114,-0.000884592,0,0,0,1.73208,1.23301,-0.0177853,0.00730278,-0.00595037,0.00573855,-0.00183421,0.00126593,-0.0020679,1.75578,1.20968,0,0,0,0,0,0,0,0,0,0,0,0,2,1.75578,1.20968,0,0.344544,0.487027,3.7308e-15,0,0,0,0,0,0,0,0,0,0,0,0,0.855775,1.20968,0,0,0,0,0,0,0,0,0,0,0,0,2,0.855775,1.20968,0,1,1,0,0,0,0,0,1.3037,-0.2358,2.3998,0,0,0,0,0,0,1.27829,-0.34687,3.43088,1.50854,0,0,0,0,1,0,0,0,0,0,0,0,0,0,0,0,0,0,0,0,0,0,0,0,0,0,0,0,0
32.15,-0.00503638,0.0239274,-0.00256303,-0.0153286,-0.00100551,-0.00135071,3.02713,2.00561,-2.34854,-0.0017435,-0.00775784,0.00477168,-0.0076275,-0.0281348,0.0199643,3,2,3.92699,0,0,0,0,0,0,0,0.0158154,0.0272943,0.0241091,0.0352025,2,3,2,3.92699,0,0,0,0,0,0,0,0,0,0,1.5708,1.5708,0,1.5708,1.5708,0,-0.0135711,0.0104527,-0.00103167,0,0,0,1.73276,1.23243,-0.0171874,0.00672614,-0.00577626,0.00598016,-0.0034072,0.00146121,-0.0014511,1.75578,1.20968,0,0,0,0,0,0,0,0,0,0,0,0,2,1.75578,1.20968,0,0.344544,0.487027,3.7308e-15,0,0,0,0,0,0,0,0,0,0,0,0,0.855775,1.20968,0,0,0,0,0,0,0,0,0,0,0,0,2,0.855775,1.20968,0,1,1,0,0,0,0,0,1.3037,-0.2358,2.3998,0,0,0,0,0,0,1.27829,-0.34687,3.43088,1.50772,0,0,0,0,1,0,0,0,0,0,0,0,0,0,0,0,0,0,0,0,0,0,0,0,0,0,0,0,0
32.2,-0.00503638,0.0239274,-0.00256303,-0.0153282,-0.00101283,-0.00135071,3.02713,2.00561,-2.34854,-0.0017435,-0.00775784,0.00477168,-0.0076275,-0.0281348,0.0199643,3,2,3.92699,0,0,0,0.0160595,0.0790418,0,0,0,1.9961e-05,0.0339954,0.108831,2,3,2,3.92699,0,0,0,0,0,0,0,0,0,0,1.5708,1.5708,0,1.5708,1.5708,0,-0.0135711,0.0104527,-0.00103167,0,0,0,1.73276,1.23243,-0.0171874,0.00672614,-0.00577626,0.00598016,-0.0034072,0.00146121,-0.0014511,1.75578,1.20968,0,0,0,0,0,0,0,0,0,0,0,0,2,1.75578,1.20968,0,0.344544,0.487027,3.7308e-15,0,0,0,0,0,0,0,0,0,0,0,0,0.855775,1.20968,0,0,0,0,0,0,0,0,0,0,0,0,2,0.855775,1.20968,0,1,1,0,0,0,0,0,1.3037,-0.2358,2.3998,0,0,0,0,0,0,1.27829,-0.34687,3.43088,1.50772,0,0,0,0,1,0,0,0,0,0,0,0,0,0,0,0,0,0,0,0,0,0,0,0,0,0,0,0,0
32.2,-0.000346992,0.0521145,-0.00541349,-0.0153282,-0.00101283,-0.00135071,3.02682,2.00402,-2.34738,-0.00309591,-0.0159191,0.0115546,-0.0107803,-0.0529472,0.0420391,3,2,3.92699,0,0,0,0.0160595,0.0790418,0,0,0,1.9961e-05,0.0339954,0.108831,2,3,2,3.92699,0,0,0,0,0,0,0,0,0,0,1.5708,1.5708,0,1.5708,1.5708,0,-0.0144598,0.00970131,-0.000689446,0,0,0,1.73345,1.23188,-0.0166836,0.00690599,-0.00548988,0.00503816,-0.00153639,0.0020449,-0.00454849,1.75578,1.20968,0,0,0,0,0,0,0,0,0,0,0,0,2,1.75578,1.20968,0,0.344544,0.487027,3.7308e-15,0,0,0,0,0,0,0,0,0,0,0,0,0.855775,1.20968,0,0,0,0,0,0,0,0,0,0,0,0,2,0.855775,1.20968,0,1,1,0,0,0,0,0,1.3037,-0.2358,2.3998,0,0,0,0,0,0,1.27549,-0.34642,3.39714,1.50632,0,0,0,0,1,0,0,0,0,0,0,0,0,0,0,0,0,0,0,0,0,0,0,0,0,0,0,0,0
32.2,-0.000346992,0.0521145,-0.00541349,-0.000771794,0.105643,-0.00463384,3.02682,2.00402,-2.34738,-0.00309591,-0.0159191,0.0115546,-0.0107803,-0.0529472,0.0420391,3,2,3.92699,0,0,0,0.0518911,0.212942,0,0.00447327,0,0.00396103,0.0519672,0.212069,2,3,2,3.92699,0,0,0,0,0,0,0,0,0,0,1.5708,1.5708,0,1.5708,1.5708,0,-0.0144598,0.00970131,-0.000689446,0,0,0,1.73345,1.23188,-0.0166836,0.00690599,-0.00548988,0.00503816,-0.00153639,0.0020449,-0.00454849,1.75578,1.20968,0,0,0,0,0,0,0,0,0,0,0,0,2,1.75578,1.20968,0,0.344544,0.487027,3.7308e-15,0,0,0,0,0,0,0,0,0,0,0,0,0.855775,1.20968,0,0,0,0,0,0,0,0,0,0,0,0,2,0.855775,1.20968,0,1,1,0,0,0,0,0,1.2324,-0.3063,2.3307,0,0,0,0,0,0,1.27549,-0.34642,3.39714,1.50632,0,0,0,0,1,0,0,0,0,0,0,0,0,0,0,0,0,0,0,0,0,0,0,0,0,0,0,0,0
32.25,-0.0112804,0.0694025,-0.00664974,-0.000771794,0.105643,-0.00463384,3.02683,2.00194,-2.34595,0.000141649,-0.0207931,0.0143099,0.0060368,-0.0546214,0.0392371,3,2,3.92699,0,0,0,0.0518911,0.212942,0,0.00447327,0,0.00396103,0.0519672,0.212069,2,3,2,3.92699,0,0,0,0,0,0,0,0,0,0,1.5708,1.5708,0,1.5708,1.5708,0,-0.0135904,0.0102294,-0.000853915,0,0,0,1.7341,1.23132,-0.0161502,0.00657203,-0.00557926,0.00533545,-0.00200737,0.000952794,-0.00196566,1.75578,1.20968,0,0,0,0,0,0,0,0,0,0,0,0,2,1.75578,1.20968,0,0.344544,0.487027,3.7308e-15,0,0,0,0,0,0,0,0,0,0,0,0,0.855775,1.20968,0,0,0,0,0,0,0,0,0,0,0,0,2,0.855775,1.20968,0,1,1,0,0,0,0,0,1.2324,-0.3063,2.3307,0,0,0,0,0,0,1.27549,-0.34642,3.39714,1.50499,0,0,0,0,1,0,0,0,0,0,0,0,0,0,0,0,0,0,0,0,0,0,0,0,0,0,0,0,0
32.3,-0.0112804,0.0694025,-0.00664974,-0.000922917,0.105642,-0.00463384,3.02683,2.00194,-2.34595,0.000141649,-0.0207931,0.0143099,0.0060368,-0.0546214,0.0392371,3,2,3.92699,0,0,0,0.0532441,0.246124,0,0.00528533,0,0.00500358,0.0963521,0.308886,2,3,2,3.92699,0,0,0,0,0,0,0,0,0,0,1.5708,1.5708,0,1.5708,1.5708,0,-0.0135904,0.0102294,-0.000853915,0,0,0,1.7341,1.23132,-0.0161502,0.00657203,-0.00557926,0.00533545,-0.00200737,0.000952794,-0.00196566,1.75578,1.20968,0,0,0,0,0,0,0,0,0,0,0,0,2,1.75578,1.20968,0,0.344544,0.487027,3.7308e-15,0,0,0,0,0,0,0,0,0,0,0,0,0.855775,1.20968,0,0,0,0,0,0,0,0,0,0,0,0,2,0.855775,1.20968,0,1,1,0,0,0,0,0,1.2324,-0.3063,2.3307,0,0,0,0,0,0,1.27549,-0.34642,3.39714,1.50499,0,0,0,0,1,0,0,0,0,0,0,0,0,0,0,0,0,0,0,0,0,0,0,0,0,0,0,0,0
32.35,-0.0160385,0.0736658,-0.00565117,-0.000922917,0.105642,-0.00463384,3.02699,1.99976,-2.34479,0.00153307,-0.0217962,0.0116195,0.0114612,-0.0370522,0.012444,3,2,3.92699,0,0,0,0.0532441,0.246124,0,0.00528533,0,0.00500358,0.0963521,0.308886,2,3,2,3.92699,0,0,0,0,0,0,0,0,0,0,1.5708,1.5708,0,1.5708,1.5708,0,-0.013707,0.00991332,-0.000264811,0,0,0,1.73476,1.23078,-0.0157691,0.00652897,-0.00542189,0.00381131,-0.00143502,0.00104792,-0.00691592,1.75578,1.20968,0,0,0,0,0,0,0,0,0,0,0,0,2,1.75578,1.20968,0,0.344544,0.487027,3.7308e-15,0,0,0,0,0,0,0,0,0,0,0,0,0.855775,1.20968,0,0,0,0,0,0,0,0,0,0,0,0,2,0.855775,1.20968,0,1,1,0,0,0,0,0,1.2324,-0.3063,2.3307,0,0,0,0,0,0,1.29047,-0.3484,3.41303,1.50372,0,0,0,0,1,0,0,0,0,0,0,0,0,0,0,0,0,0,0,0,0,0,0,0,0,0,0,0,0
32.4,-0.0160385,0.0736658,-0.00565117,-0.00104568,0.105641,-0.00463384,3.02699,1.99976,-2.34479,0.00153307,-0.0217962,0.0116195,0.0114612,-0.0370522,0.012444,3,2,3.92699,0,0,0,0.0598782,0.237251,0,0.00439006,0,0.00416038,0.131708,0.317612,2,3,2,3.92699,0,0,0,0,0,0,0,0,0,0,1.5708,1.5708,0,1.5708,1.5708,0,-0.013707,0.00991332,-0.000264811,0,0,0,1.73476,1.23078,-0.0157691,0.00652897,-0.00542189,0.00381131,-0.00143502,0.00104792,-0.00691592,1.75578,1.20968,0,0,0,0,0,0,0,0,0,0,0,0,2,1.75578,1.20968,0,0.344544,0.487027,3.7308e-15,0,0,0,0,0,0,0,0,0,0,0,0,0.855775,1.20968,0,0,0,0,0,0,0,0,0,0,0,0,2,0.855775,1.20968,0,1,1,0,0,0,0,0,1.2532,-0.2866,2.3538,0,0,0,0,0,0,1.29047,-0.3484,3.41303,1.50372,0,0,0,0,1,0,0,0,0,0,0,0,0,0,0,0,0,0,0,0,0,0,0,0,0,0,0,0,0
32.45,-0.0324667,0.0934899,-0.00962943,-0.00104568,0.105641,-0.00463384,3.02762,1.99702,-2.34269,0.00632487,-0.0273435,0.0209886,0.0267616,-0.0420132,0.041268,3,2,3.92699,0,0,0,0.0598782,0.237251,0,0.00439006,0,0.00416038,0.131708,0.317612,2,3,2,3.92699,0,0,0,0,0,0,0,0,0,0,1.5708,1.5708,0,1.5708,1.5708,0,-0.0128533,0.00952552,-0.000160632,0,0,0,1.73538,1.23025,-0.0154206,0.00620399,-0.00524549,0.00348544,-0.0020895,0.0013526,-0.00612934,1.75578,1.20968,0,0,0,0,0,0,0,0,0,0,0,0,2,1.75578,1.20968,0,0.344544,0.487027,3.7308e-15,0,0,0,0,0,0,0,0,0,0,0,0,0.855775,1.20968,0,0,0,0,0,0,0,0,0,0,0,0,2,0.855775,1.20968,0,1,1,0,0,0,0,0,1.2532,-0.2866,2.3538,0,0,0,0,0,0,1.29047,-0.3484,3.41303,1.50261,0,0,0,0,1,0,0,0,0,0,0,0,0,0,0,0,0,0,0,0,0,0,0,0,0,0,0,0,0
32.5,-0.0324667,0.0934899,-0.00962943,-0.00126734,0.105638,-0.00463384,3.02762,1.99702,-2.34269,0.00632487,-0.0273435,0.0209886,0.0267616,-0.0420132,0.041268,3,2,3.92699,0,0,0,0.0405199,0.29226,0,0.00776815,0,0.0198745,0.162084,0.470644,2,3,2,3.92699,0,0,0,0,0,0,0,0,0,0,1.5708,1.5708,0,1.5708,1.5708,0,-0.0128533,0.00952552,-0.000160632,0,0,0,1.73538,1.23025,-0.0154206,0.00620399,-0.00524549,0.00348544,-0.0020895,0.0013526,-0.00612934,1.75578,1.20968,0,0,0,0,0,0,0,0,0,0,0,0,2,1.75578,1.20968,0,0.344544,0.487027,3.7308e-15,0,0,0,0,0,0,0,0,0,0,0,0,0.855775,1.20968,0,0,0,0,0,0,0,0,0,0,0,0,2,0.855775,1.20968,0,1,1,0,0,0,0,0,1.2532,-0.2866,2.3538,0,0,0,0,0,0,1.29047,-0.3484,3.41303,1.50261,0,0,0,0,1,0,0,0,0,0,0,0,0,0,0,0,0,0,0,0,0,0,0,0,0,0,0,0,0
32.55,-0.0529236,0.0841579,-0.0082853,-0.0625157,0.192041,-0.00770432,3.02884,1.99459,-2.34096,0.0122397,-0.024289,0.0173332,0.0417797,-0.0137186,0.0140932,3,2,3.92699,0,0,0,0.0405199,0.29226,0,0.00776815,0,0.0198745,0.162084,0.470644,2,3,2,3.92699,0,0,0,0,0,0,0,0,0,0,1.5708,1.5708,0,1.5708,1.5708,0,-0.0125456,0.00882404,-9.45498e-05,0,0,0,1.73598,1.22976,-0.0150948,0.00604173,-0.00497985,0.00325774,-0.00198543,0.00190967,-0.00448017,1.75578,1.20968,0,0,0,0,0,0,0,0,0,0,0,0,2,1.75578,1.20968,0,0.344544,0.487027,3.7308e-15,0,0,0,0,0,0,0,0,0,0,0,0,0.855775,1.20968,0,0,0,0,0,0,0,0,0,0,0,0,2,0.855775,1.20968,0,1,1,0,0,0,0,0,1.2532,-0.2866,2.3538,0,0,0,0,0,0,1.26972,-0.34894,3.42632,1.50215,0,0,0,0,1,0,0,0,0,0,0,0,0,0,0,0,0,0,0,0,0,0,0,0,0,0,0,0,0
