0,0,0,0,0,0,0,0,0,0,0,0,0,0,0,0,0,0,0,0,0,0,0,0,0,0,0,0,0,0,0,0,0,0,0,0,0,0,0,0,0,0,0,0,0,0,0,0,0,0,0,0,0,0,0,0,0,0,0,0,0,0,0,0,0,0,0,0,0,0,0,0,0,0,0,0,0,0,0,0,0,0,0,0,0,0,0,0,0,0,0,0,0,0,0,0,0,0,0,0,0,0,0,0,0,0,0,0,0,0,0,0,0,0,0,0,0,0,0,0,0,0,0,0,0,0,0,0,0,0,0,0,0,0,0,0,0,0,0,0,0,0,0,0,0,0,0,0,0,0,0,0,0,0,0,0,0,0,0,0,0,0,0,0,0,0,0,0,0
0,0,0,0,0,0,0,3.17981,2.05759,-2.39944,1.70885e-05,2.44122e-05,-0.000290848,0.000626227,0.000405219,-0.000472542,0,0,0,0,0,0,0,0,0,0,0,0,0,0,0,0,0,0,0,0,0,0,0,0,0,0,0,0,0,0,0,0,0,0,0,0,0,0,0,0,1.93656,1.29144,-0.0213386,1.83091e-05,-5.24862e-05,-0.000296566,0.000381383,0.000254335,-4.20238e-06,0,0,0,0,0,0,0,0,0,0,0,0,0,0,0,0,0,0,0,0,0,0,0,0,0,0,0,0,0,0,0,0,0,0,0,0,0,0,0,0,0,0,0,0,0,0,0,0,0,0,0,0,2,0,0,0,0,0,1.9566,1.2584,-0.0213,0,0,0,0,0,0,0,-0,0,1.46036,0,0,0,0,0,0,0,0,0,0,0,0,0,0,0,0,0,0,0,0,0,0,0,0,0,0,0,0,0,0,0,0,0
0,0,0,0,0,0,0,3.17981,2.0576,-2.39944,1.22034e-05,1.70848e-05,-3.57522e-05,-0.281992,-0.182435,0.212681,0,0,0,0,0,0,0,0,0,0,0,0,0,0,0,0,0,0,0,0,0,0,0,0,0,0,0,0,0,0,0,0,0,0,0,0,0,0,0,0,1.93656,1.29145,-0.0213486,-4.88136e-06,4.75933e-05,-0.000100274,-0.171788,-0.114358,0.00149199,0,0,0,0,0,0,0,0,0,0,0,0,0,0,0,0,0,0,0,0,0,0,0,0,0,0,0,0,0,0,0,0,0,0,0,0,0,0,0,0,0,0,0,0,0,0,0,0,0,0,0,0,2,0,0,0,0,0,1.9566,1.2584,-0.0213,0,0,0,0,0,0,0,-0,0,1.46036,0,0,0,0,0,0,0,0,0,0,0,0,0,0,0,0,0,0,0,0,0,0,0,0,0,0,0,0,0,0,0,0,0
0.05,0,0,0,0,0,0,3.17982,2.0576,-2.39944,2.93075e-05,-4.88459e-06,8.58619e-05,-0.103651,-0.0671754,0.0786729,0,0,0,0,0,0,0,0,0,0,0,0,0,0,0,0,0,0,0,0,0,0,0,0,0,0,0,0,0,0,0,0,0,0,0,0,0,0,0,0,1.93656,1.29145,-0.0213404,-1.34326e-05,5.98362e-05,8.19489e-05,-0.0632371,-0.0419501,0.00112965,0,0,0,0,0,0,0,0,0,0,0,0,0,0,0,0,0,0,0,0,0,0,0,0,0,0,0,0,0,0,0,0,0,0,0,0,0,0,0,0,0,0,0,0,0,0,0,0,0,0,0,0,2,0,0,0,0,0,1.9566,1.2584,-0.0213,0,0,0,0,0,0,0,-0,0,1.46036,0,0,0,0,0,0,0,0,0,0,0,0,0,0,0,0,0,0,0,0,0,0,0,0,0,0,0,0,0,0,0,0,0
0.1,0,0,0,0,0,0,3.17982,2.0576,-2.39941,3.17412e-05,6.83657e-05,0.000271822,-0.038099,-0.024449,0.0298519,0,0,0,0,0,0,0,0,0,0,0,0,0,0,0,0,0,0,0,0,0,0,0,0,0,0,0,0,0,0,0,0,0,0,0,0,0,0,0,0,1.93656,1.29145,-0.0213127,1.58706e-05,-6.34825e-05,0.000277448,-0.0231676,-0.0158854,0.00141053,0,0,0,0,0,0,0,0,0,0,0,0,0,0,0,0,0,0,0,0,0,0,0,0,0,0,0,0,0,0,0,0,0,0,0,0,0,0,0,0,0,0,0,0,0,0,0,0,0,0,0,0,2,0,0,0,0,0,1.9566,1.2584,-0.0213,0,0,0,0,0,0,0,-0,0,1.46037,0,0,0,0,0,0,0,0,0,0,0,0,0,0,0,0,0,0,0,0,0,0,0,0,0,0,0,0,0,0,0,0,0
0.15,0,0,0,0,0,0,3.17982,2.0576,-2.39944,-2.19791e-05,-3.9074e-05,-0.000271877,-0.0142177,-0.00932597,0.00914343,0,0,0,0,0,0,0,0,0,0,0,0,0,0,0,0,0,0,0,0,0,0,0,0,0,0,0,0,0,0,0,0,0,0,0,0,0,0,0,0,1.93656,1.29144,-0.0213298,0,-5.37267e-05,-0.000171432,-0.0085496,-0.00597063,-0.00090849,0,0,0,0,0,0,0,0,0,0,0,0,0,0,0,0,0,0,0,0,0,0,0,0,0,0,0,0,0,0,0,0,0,0,0,0,0,0,0,0,0,0,0,0,0,0,0,0,0,0,0,0,2,0,0,0,0,0,1.16,-0.2497,2.3338,0,0,0,0,0,0,0,-0,0,1.46037,0,0,0,0,0,0,0,0,0,0,0,0,0,0,0,0,0,0,0,0,0,0,0,0,0,0,0,0,0,0,0,0,0
0.2,0,0,0,0,0,0,3.17982,2.0576,-2.39942,2.92962e-05,-2.68548e-05,0.000200267,-0.00509974,-0.00350403,0.00457353,0,0,0,0,0,0,0,0,0,0,0,0,0,0,0,0,0,0,0,0,0,0,0,0,0,0,0,0,0,0,0,0,0,0,0,0,0,0,0,0,1.93656,1.29145,-0.021318,-7.32406e-06,4.63857e-05,0.000117679,-0.00318417,-0.00184302,0.000295667,0,0,0,0,0,0,0,0,0,0,0,0,0,0,0,0,0,0,0,0,0,0,0,0,0,0,0,0,0,0,0,0,0,0,0,0,0,0,0,0,0,0,0,0,0,0,0,0,0,0,0,0,2,0,0,0,0,0,1.16,-0.2497,2.3338,0,0,0,0,0,0,0,-0,0,1.46037,0,0,0,0,0,0,0,0,0,0,0,0,0,0,0,0,0,0,0,0,0,0,0,0,0,0,0,0,0,0,0,0,0
0.25,0,0,0,0,0,0,3.17982,2.0576,-2.39943,-2.19815e-05,0,-0.000119257,-0.00203289,-0.00120867,0.000850942,0,0,0,0,0,0,0,0,0,0,0,0,0,0,0,0,0,0,0,0,0,0,0,0,0,0,0,0,0,0,0,0,0,0,0,0,0,0,0,0,1.93656,1.29144,-0.0213417,-6.10595e-06,-4.64052e-05,-0.000237135,-0.00118098,-0.000918806,-0.0010772,0,0,0,0,0,0,0,0,0,0,0,0,0,0,0,0,0,0,0,0,0,0,0,0,0,0,0,0,0,0,0,0,0,0,0,0,0,0,0,0,0,0,0,0,0,0,0,0,0,0,0,0,2,0,0,0,0,0,1.16,-0.2497,2.3338,0,0,0,0,0,0,0,-0,0,1.46037,0,0,0,0,0,0,0,0,0,0,0,0,0,0,0,0,0,0,0,0,0,0,0,0,0,0,0,0,0,0,0,0,0
0.3,0,0,0,0,0,0,3.17982,2.05761,-2.39943,-1.70802e-05,0.000126882,-4.76569e-06,-0.000785881,9.20374e-05,0.000464378,0,0,0,0,0,0,0,0,0,0,0,0,0,0,0,0,0,0,0,0,0,0,0,0,0,0,0,0,0,0,0,0,0,0,0,0,0,0,0,0,1.93656,1.29146,-0.0213293,3.41606e-05,0.000143962,0.00012456,-0.000277017,0.000334106,0.000612428,0,0,0,0,0,0,0,0,0,0,0,0,0,0,0,0,0,0,0,0,0,0,0,0,0,0,0,0,0,0,0,0,0,0,0,0,0,0,0,0,0,0,0,0,0,0,0,0,0,0,0,0,2,0,0,0,0,0,1.16,-0.2497,2.3338,0,0,0,0,0,0,0,-0,0,1.46037,0,0,0,0,0,0,0,0,0,0,0,0,0,0,0,0,0,0,0,0,0,0,0,0,0,0,0,0,0,0,0,0,0
0.35,0,0,0,0,0,0,3.17981,2.0576,-2.39944,-4.8836e-06,-8.5463e-05,-0.000107306,-0.000254257,-0.000617374,-0.000183215,0,0,0,0,0,0,0,0,0,0,0,0,0,0,0,0,0,0,0,0,0,0,0,0,0,0,0,0,0,0,0,0,0,0,0,0,0,0,0,0,1.93656,1.29145,-0.0213376,-2.93016e-05,-0.000106218,-8.29011e-05,-0.000297589,-0.000629717,-0.000232736,0,0,0,0,0,0,0,0,0,0,0,0,0,0,0,0,0,0,0,0,0,0,0,0,0,0,0,0,0,0,0,0,0,0,0,0,0,0,0,0,0,0,0,0,0,0,0,0,0,0,0,0,2,0,0,0,0,0,1.2985,-0.1112,2.4722,0,0,0,0,0,0,0,-0,0,1.46037,0,0,0,0,0,0,0,0,0,0,0,0,0,0,0,0,0,0,0,0,0,0,0,0,0,0,0,0,0,0,0,0,0
0.4,0,0,0,0,0,0,3.17981,2.0576,-2.39942,-1.46546e-05,3.41941e-05,0.000224208,-0.000119816,1.13917e-05,0.0011269,0,0,0,0,0,0,0,0,0,0,0,0,0,0,0,0,0,0,0,0,0,0,0,0,0,0,0,0,0,0,0,0,0,0,0,0,0,0,0,0,1.93656,1.29145,-0.021309,2.44243e-06,4.88486e-06,0.000286315,-5.4655e-05,-6.46151e-05,0.0012211,0,0,0,0,0,0,0,0,0,0,0,0,0,0,0,0,0,0,0,0,0,0,0,0,0,0,0,0,0,0,0,0,0,0,0,0,0,0,0,0,0,0,0,0,0,0,0,0,0,0,0,0,2,0,0,0,0,0,1.2985,-0.1112,2.4722,0,0,0,0,0,0,0,-0,0,1.46037,0,0,0,0,0,0,0,0,0,0,0,0,0,0,0,0,0,0,0,0,0,0,0,0,0,0,0,0,0,0,0,0,0
0.45,0,0,0,0,0,0,3.17981,2.0576,-2.39942,7.32448e-06,-6.34788e-05,-2.14584e-05,3.40612e-05,-0.000298278,-0.000127337,0,0,0,0,0,0,0,0,0,0,0,0,0,0,0,0,0,0,0,0,0,0,0,0,0,0,0,0,0,0,0,0,0,0,0,0,0,0,0,0,1.93656,1.29144,-0.0213402,-4.88299e-06,-8.05694e-05,-0.000312396,-2.91991e-05,-0.000303743,-0.00146193,0,0,0,0,0,0,0,0,0,0,0,0,0,0,0,0,0,0,0,0,0,0,0,0,0,0,0,0,0,0,0,0,0,0,0,0,0,0,0,0,0,0,0,0,0,0,0,0,0,0,0,0,2,0,0,0,0,0,1.2985,-0.1112,2.4722,0,0,0,0,0,0,0,-0,0,1.46037,0,0,0,0,0,0,0,0,0,0,0,0,0,0,0,0,0,0,0,0,0,0,0,0,0,0,0,0,0,0,0,0,0
0.5,0,0,0,0,0,0,3.17982,2.0576,-2.39942,9.76605e-06,2.44151e-05,1.19215e-05,5.1044e-05,0.000130184,-0.000112929,0,0,0,0,0,0,0,0,0,0,0,0,0,0,0,0,0,0,0,0,0,0,0,0,0,0,0,0,0,0,0,0,0,0,0,0,0,0,0,0,1.93656,1.29145,-0.0213184,-1.46491e-05,9.15568e-05,0.000217846,-5.31067e-05,0.000473034,0.000877644,0,0,0,0,0,0,0,0,0,0,0,0,0,0,0,0,0,0,0,0,0,0,0,0,0,0,0,0,0,0,0,0,0,0,0,0,0,0,0,0,0,0,0,0,0,0,0,0,0,0,0,0,2,0,0,0,0,0,1.2985,-0.1112,2.4722,0,0,0,0,0,0,0,-0,0,1.46037,0,0,0,0,0,0,0,0,0,0,0,0,0,0,0,0,0,0,0,0,0,0,0,0,0,0,0,0,0,0,0,0,0
0.55,0,0,0,0,0,0,3.17981,2.0576,-2.39941,-2.68626e-05,-2.44205e-06,0.000126395,-0.000113406,2.88491e-05,0.000391524,0,0,0,0,0,0,0,0,0,0,0,0,0,0,0,0,0,0,0,0,0,0,0,0,0,0,0,0,0,0,0,0,0,0,0,0,0,0,0,0,1.93656,1.29145,-0.0213305,3.41887e-05,3.90728e-05,-0.000120787,0.000160014,0.000179456,-0.000509425,0,0,0,0,0,0,0,0,0,0,0,0,0,0,0,0,0,0,0,0,0,0,0,0,0,0,0,0,0,0,0,0,0,0,0,0,0,0,0,0,0,0,0,0,0,0,0,0,0,0,0,0,2,0,0,0,0,0,1.2044,-0.2054,2.3781,0,0,0,0,0,0,0,-0,0,1.46036,0,0,0,0,0,0,0,0,0,0,0,0,0,0,0,0,0,0,0,0,0,0,0,0,0,0,0,0,0,0,0,0,0
0.6,0,0,0,0,0,0,3.17981,2.05759,-2.39942,1.46496e-05,-0.000102547,-0.000195519,7.54984e-05,-0.000396386,-0.000982822,0,0,0,0,0,0,0,0,0,0,0,0,0,0,0,0,0,0,0,0,0,0,0,0,0,0,0,0,0,0,0,0,0,0,0,0,0,0,0,0,1.93656,1.29145,-0.0213204,-1.46496e-05,-1.09872e-05,0.00010128,-7.01921e-05,-0.000131982,0.0003936,0,0,0,0,0,0,0,0,0,0,0,0,0,0,0,0,0,0,0,0,0,0,0,0,0,0,0,0,0,0,0,0,0,0,0,0,0,0,0,0,0,0,0,0,0,0,0,0,0,0,0,0,2,0,0,0,0,0,1.2044,-0.2054,2.3781,0,0,0,0,0,0,0,-0,0,1.46036,0,0,0,0,0,0,0,0,0,0,0,0,0,0,0,0,0,0,0,0,0,0,0,0,0,0,0,0,0,0,0,0,0
0.65,0,0,0,0,0,0,3.17981,2.0576,-2.39941,4.88126e-06,7.81001e-05,0.000112021,3.18748e-05,0.000426269,0.000452705,0,0,0,0,0,0,0,0,0,0,0,0,0,0,0,0,0,0,0,0,0,0,0,0,0,0,0,0,0,0,0,0,0,0,0,0,0,0,0,0,1.93656,1.29144,-0.0213079,1.83047e-05,-7.81002e-05,0.000124106,5.837e-05,-0.000389592,0.000449818,0,0,0,0,0,0,0,0,0,0,0,0,0,0,0,0,0,0,0,0,0,0,0,0,0,0,0,0,0,0,0,0,0,0,0,0,0,0,0,0,0,0,0,0,0,0,0,0,0,0,0,0,2,0,0,0,0,0,1.2044,-0.2054,2.3781,0,0,0,0,0,0,0,-0,0,1.46037,0,0,0,0,0,0,0,0,0,0,0,0,0,0,0,0,0,0,0,0,0,0,0,0,0,0,0,0,0,0,0,0,0
0.7,0,0,0,0,0,0,3.17981,2.05759,-2.39941,-2.92899e-05,-3.66123e-05,-4.76723e-06,-0.000123316,-9.11925e-05,-6.97654e-07,0,0,0,0,0,0,0,0,0,0,0,0,0,0,0,0,0,0,0,0,0,0,0,0,0,0,0,0,0,0,0,0,0,0,0,0,0,0,0,0,1.93656,1.29145,-0.0213202,-3.2951e-05,8.90899e-05,-0.000122588,-0.000152385,0.000399376,-0.000708197,0,0,0,0,0,0,0,0,0,0,0,0,0,0,0,0,0,0,0,0,0,0,0,0,0,0,0,0,0,0,0,0,0,0,0,0,0,0,0,0,0,0,0,0,0,0,0,0,0,0,0,0,2,0,0,0,0,0,1.2044,-0.2054,2.3781,0,0,0,0,0,0,0,-0,0,1.46036,0,0,0,0,0,0,0,0,0,0,0,0,0,0,0,0,0,0,0,0,0,0,0,0,0,0,0,0,0,0,0,0,0
0.75,0,0,0,0,0,0,3.17981,2.05759,-2.39941,-2.19762e-05,-6.34867e-05,7.63062e-05,-6.57925e-05,-0.000232109,0.000262196,0,0,0,0,0,0,0,0,0,0,0,0,0,0,0,0,0,0,0,0,0,0,0,0,0,0,0,0,0,0,0,0,0,0,0,0,0,0,0,0,1.93656,1.29145,-0.0213025,7.32541e-06,-3.54061e-05,0.000177204,4.0949e-05,-0.000150986,0.000616095,0,0,0,0,0,0,0,0,0,0,0,0,0,0,0,0,0,0,0,0,0,0,0,0,0,0,0,0,0,0,0,0,0,0,0,0,0,0,0,0,0,0,0,0,0,0,0,0,0,0,0,0,2,0,0,0,0,0,1.2742,-0.1356,2.4479,0,0,0,0,0,0,0,-0,0,1.46036,0,0,0,0,0,0,0,0,0,0,0,0,0,0,0,0,0,0,0,0,0,0,0,0,0,0,0,0,0,0,0,0,0
0.8,0,0,0,0,0,0,3.17981,2.05761,-2.39941,2.19826e-05,0.000207613,-2.38526e-05,0.000143907,0.000924713,-0.00020715,0,0,0,0,0,0,0,0,0,0,0,0,0,0,0,0,0,0,0,0,0,0,0,0,0,0,0,0,0,0,0,0,0,0,0,0,0,0,0,0,1.93656,1.29145,-0.0213197,-2.44251e-06,-1.83188e-05,-0.000172205,1.17225e-05,-9.68673e-05,-0.000846875,0,0,0,0,0,0,0,0,0,0,0,0,0,0,0,0,0,0,0,0,0,0,0,0,0,0,0,0,0,0,0,0,0,0,0,0,0,0,0,0,0,0,0,0,0,0,0,0,0,0,0,0,2,0,0,0,0,0,1.2742,-0.1356,2.4479,0,0,0,0,0,0,0,-0,0,1.46037,0,0,0,0,0,0,0,0,0,0,0,0,0,0,0,0,0,0,0,0,0,0,0,0,0,0,0,0,0,0,0,0,0
0.85,0,0,0,0,0,0,3.17982,2.05759,-2.39941,3.90564e-05,-0.000161108,-5.95953e-05,0.000183054,-0.000761223,-0.000330783,0,0,0,0,0,0,0,0,0,0,0,0,0,0,0,0,0,0,0,0,0,0,0,0,0,0,0,0,0,0,0,0,0,0,0,0,0,0,0,0,1.93656,1.29144,-0.0213167,1.34256e-05,-1.34256e-05,2.96114e-05,6.64863e-05,-3.13093e-05,9.96303e-05,0,0,0,0,0,0,0,0,0,0,0,0,0,0,0,0,0,0,0,0,0,0,0,0,0,0,0,0,0,0,0,0,0,0,0,0,0,0,0,0,0,0,0,0,0,0,0,0,0,0,0,0,2,0,0,0,0,0,1.2742,-0.1356,2.4479,0,0,0,0,0,0,0,-0,0,1.46036,0,0,0,0,0,0,0,0,0,0,0,0,0,0,0,0,0,0,0,0,0,0,0,0,0,0,0,0,0,0,0,0,0
0.9,0,0,0,0,0,0,3.17981,2.0576,-2.39941,-3.66331e-05,4.39598e-05,2.38497e-05,-0.000187249,0.000134137,0.000118109,0,0,0,0,0,0,0,0,0,0,0,0,0,0,0,0,0,0,0,0,0,0,0,0,0,0,0,0,0,0,0,0,0,0,0,0,0,0,0,0,1.93656,1.29145,-0.0213491,2.44222e-05,4.02966e-05,-0.000324115,9.12607e-05,0.000204746,-0.00122536,0,0,0,0,0,0,0,0,0,0,0,0,0,0,0,0,0,0,0,0,0,0,0,0,0,0,0,0,0,0,0,0,0,0,0,0,0,0,0,0,0,0,0,0,0,0,0,0,0,0,0,0,2,0,0,0,0,0,1.2742,-0.1356,2.4479,0,0,0,0,0,0,0,-0,0,1.46036,0,0,0,0,0,0,0,0,0,0,0,0,0,0,0,0,0,0,0,0,0,0,0,0,0,0,0,0,0,0,0,0,0
0.95,0,0,0,0,0,0,3.17981,2.0576,-2.39941,-3.66331e-05,4.39598e-05,2.38497e-05,-0.000187249,0.000134137,0.000118109,0,0,0,0,0,0,0,0,0,0,0,0,0,0,0,0,0,0,0,0,0,0,0,0,0,0,0,0,0,0,0,0,0,0,0,0,0,0,0,0,1.93656,1.29145,-0.0213491,2.44222e-05,4.02966e-05,-0.000324115,9.12607e-05,0.000204746,-0.00122536,0,0,0,0,0,0,0,0,0,0,0,0,0,0,0,0,0,0,0,0,0,0,0,0,0,0,0,0,0,0,0,0,0,0,0,0,0,0,0,0,0,0,0,0,0,0,0,0,0,0,0,0,2,0,0,0,0,0,1.2044,-0.2054,2.3781,0,0,0,0,0,0,0,-0,0,1.46036,0,0,0,0,0,0,0,0,0,0,0,0,0,0,0,0,0,0,0,0,0,0,0,0,0,0,0,0,0,0,0,0,0
1,0,0,0,0,0,0,3.17982,2.05759,-2.3994,5.61769e-05,-8.06017e-05,0.000116876,0.00020824,-0.000295939,0.000503373,0,0,0,0,0,0,0,0,0,0,0,0,0,0,0,0,0,0,0,0,0,0,0,0,0,0,0,0,0,0,0,0,0,0,0,0,0,0,0,0,1.93656,1.29145,-0.0213214,-6.10618e-05,-9.76988e-06,0.000277991,-0.000283379,-4.51172e-05,0.00149035,0,0,0,0,0,0,0,0,0,0,0,0,0,0,0,0,0,0,0,0,0,0,0,0,0,0,0,0,0,0,0,0,0,0,0,0,0,0,0,0,0,0,0,0,0,0,0,0,0,0,0,0,2,0,0,0,0,0,1.2044,-0.2054,2.3781,0,0,0,0,0,0,0,-0,0,1.46037,0,0,0,0,0,0,0,0,0,0,0,0,0,0,0,0,0,0,0,0,0,0,0,0,0,0,0,0,0,0,0,0,0
1.05,0,0,0,0,0,0,3.17982,2.05759,-2.3994,5.61769e-05,-8.06017e-05,0.000116876,0.00020824,-0.000295939,0.000503373,0,0,0,0,0,0,0,0,0,0,0,0,0,0,0,0,0,0,0,0,0,0,0,0,0,0,0,0,0,0,0,0,0,0,0,0,0,0,0,0,1.93656,1.29145,-0.0213214,-6.10618e-05,-9.76988e-06,0.000277991,-0.000283379,-4.51172e-05,0.00149035,0,0,0,0,0,0,0,0,0,0,0,0,0,0,0,0,0,0,0,0,0,0,0,0,0,0,0,0,0,0,0,0,0,0,0,0,0,0,0,0,0,0,0,0,0,0,0,0,0,0,0,0,2,0,0,0,0,0,1.2044,-0.2054,2.3781,0,0,0,0,0,0,0,-0,0,1.46037,0,0,0,0,0,0,0,0,0,0,0,0,0,0,0,0,0,0,0,0,0,0,0,0,0,0,0,0,0,0,0,0,0
1.1,0,0,0,0,0,0,3.17981,2.0576,-2.3994,-4.8819e-05,0.000107402,4.05236e-05,-0.000240894,0.000515212,4.94617e-05,0,0,0,0,0,0,0,0,0,0,0,0,0,0,0,0,0,0,0,0,0,0,0,0,0,0,0,0,0,0,0,0,0,0,0,0,0,0,0,0,1.93656,1.29145,-0.0213147,2.19685e-05,4.39371e-05,6.66144e-05,0.00011082,0.000153669,0.000418337,0,0,0,0,0,0,0,0,0,0,0,0,0,0,0,0,0,0,0,0,0,0,0,0,0,0,0,0,0,0,0,0,0,0,0,0,0,0,0,0,0,0,0,0,0,0,0,0,0,0,0,0,2,0,0,0,0,0,1.2044,-0.2054,2.3781,0,0,0,0,0,0,0,-0,0,1.46036,0,0,0,0,0,0,0,0,0,0,0,0,0,0,0,0,0,0,0,0,0,0,0,0,0,0,0,0,0,0,0,0,0
1.15,0,0,0,0,0,0,3.17981,2.0576,-2.3994,-4.8819e-05,0.000107402,4.05236e-05,-0.000240894,0.000515212,4.94617e-05,0,0,0,0,0,0,0,0,0,0,0,0,0,0,0,0,0,0,0,0,0,0,0,0,0,0,0,0,0,0,0,0,0,0,0,0,0,0,0,0,1.93656,1.29145,-0.0213147,2.19685e-05,4.39371e-05,6.66144e-05,0.00011082,0.000153669,0.000418337,0,0,0,0,0,0,0,0,0,0,0,0,0,0,0,0,0,0,0,0,0,0,0,0,0,0,0,0,0,0,0,0,0,0,0,0,0,0,0,0,0,0,0,0,0,0,0,0,0,0,0,0,2,0,0,0,0,0,1.1238,-0.286,2.2975,0,0,0,0,0,0,0,-0,0,1.46036,0,0,0,0,0,0,0,0,0,0,0,0,0,0,0,0,0,0,0,0,0,0,0,0,0,0,0,0,0,0,0,0,0
1.2,0,0,0,0,0,0,3.17982,2.05758,-2.39944,4.39472e-05,-0.000136725,-0.000467321,0.000165257,-0.000556379,-0.00206103,0,0,0,0,0,0,0,0,0,0,0,0,0,0,0,0,0,0,0,0,0,0,0,0,0,0,0,0,0,0,0,0,0,0,0,0,0,0,0,0,1.93656,1.29144,-0.0213315,1.22076e-06,-0.00012818,-0.000168558,3.69971e-05,-0.000568591,-0.000833737,0,0,0,0,0,0,0,0,0,0,0,0,0,0,0,0,0,0,0,0,0,0,0,0,0,0,0,0,0,0,0,0,0,0,0,0,0,0,0,0,0,0,0,0,0,0,0,0,0,0,0,0,2,0,0,0,0,0,1.1238,-0.286,2.2975,0,0,0,0,0,0,0,-0,0,1.46037,0,0,0,0,0,0,0,0,0,0,0,0,0,0,0,0,0,0,0,0,0,0,0,0,0,0,0,0,0,0,0,0,0
1.25,0,0,0,0,0,0,3.17982,2.05758,-2.39944,4.39472e-05,-0.000136725,-0.000467321,0.000165257,-0.000556379,-0.00206103,0,0,0,0,0,0,0,0,0,0,0,0,0,0,0,0,0,0,0,0,0,0,0,0,0,0,0,0,0,0,0,0,0,0,0,0,0,0,0,0,1.93656,1.29144,-0.0213315,1.22076e-06,-0.00012818,-0.000168558,3.69971e-05,-0.000568591,-0.000833737,0,0,0,0,0,0,0,0,0,0,0,0,0,0,0,0,0,0,0,0,0,0,0,0,0,0,0,0,0,0,0,0,0,0,0,0,0,0,0,0,0,0,0,0,0,0,0,0,0,0,0,0,2,0,0,0,0,0,1.1238,-0.286,2.2975,0,0,0,0,0,0,0,-0,0,1.46037,0,0,0,0,0,0,0,0,0,0,0,0,0,0,0,0,0,0,0,0,0,0,0,0,0,0,0,0,0,0,0,0,0
1.3,0,0,0,0,0,0,3.17981,2.05761,-2.3994,-3.41852e-05,0.000219762,0.000410146,-0.000158004,0.000945318,0.00198291,0,0,0,0,0,0,0,0,0,0,0,0,0,0,0,0,0,0,0,0,0,0,0,0,0,0,0,0,0,0,0,0,0,0,0,0,0,0,0,0,1.93656,1.29145,-0.0213239,2.56388e-05,0.000109881,7.68463e-05,0.000109792,0.000512061,0.000310513,0,0,0,0,0,0,0,0,0,0,0,0,0,0,0,0,0,0,0,0,0,0,0,0,0,0,0,0,0,0,0,0,0,0,0,0,0,0,0,0,0,0,0,0,0,0,0,0,0,0,0,0,2,0,0,0,0,0,1.1238,-0.286,2.2975,0,0,0,0,0,0,0,-0,0,1.46037,0,0,0,0,0,0,0,0,0,0,0,0,0,0,0,0,0,0,0,0,0,0,0,0,0,0,0,0,0,0,0,0,0
1.35,0,0,0,0,0,0,3.17981,2.05761,-2.3994,-3.41852e-05,0.000219762,0.000410146,-0.000158004,0.000945318,0.00198291,0,0,0,0,0,0,0,0,0,0,0,0,0,0,0,0,0,0,0,0,0,0,0,0,0,0,0,0,0,0,0,0,0,0,0,0,0,0,0,0,1.93656,1.29145,-0.0213239,2.56388e-05,0.000109881,7.68463e-05,0.000109792,0.000512061,0.000310513,0,0,0,0,0,0,0,0,0,0,0,0,0,0,0,0,0,0,0,0,0,0,0,0,0,0,0,0,0,0,0,0,0,0,0,0,0,0,0,0,0,0,0,0,0,0,0,0,0,0,0,0,2,0,0,0,0,0,1.1921,-0.2176,2.3658,0,0,0,0,0,0,0,-0,0,1.46037,0,0,0,0,0,0,0,0,0,0,0,0,0,0,0,0,0,0,0,0,0,0,0,0,0,0,0,0,0,0,0,0,0
1.4,0,0,0,0,0,0,3.17981,2.05761,-2.3994,-3.41852e-05,0.000219762,0.000410146,-0.000158004,0.000945318,0.00198291,0,0,0,0,0,0,0,0,0,0,0,0,0,0,0,0,0,0,0,0,0,0,0,0,0,0,0,0,0,0,0,0,0,0,0,0,0,0,0,0,1.93656,1.29145,-0.0213239,2.56388e-05,0.000109881,7.68463e-05,0.000109792,0.000512061,0.000310513,0,0,0,0,0,0,0,0,0,0,0,0,0,0,0,0,0,0,0,0,0,0,0,0,0,0,0,0,0,0,0,0,0,0,0,0,0,0,0,0,0,0,0,0,0,0,0,0,0,0,0,0,2,0,0,0,0,0,1.1921,-0.2176,2.3658,0,0,0,0,0,0,0,-0,0,1.46037,0,0,0,0,0,0,0,0,0,0,0,0,0,0,0,0,0,0,0,0,0,0,0,0,0,0,0,0,0,0,0,0,0
1.45,0,0,0,0,0,0,3.17982,2.05759,-2.39943,2.44098e-05,-0.000195278,-0.000278901,9.54967e-05,-0.00088748,-0.00101518,0,0,0,0,0,0,0,0,0,0,0,0,0,0,0,0,0,0,0,0,0,0,0,0,0,0,0,0,0,0,0,0,0,0,0,0,0,0,0,0,1.93656,1.29144,-0.0213232,1.58664e-05,-0.000103742,6.9092e-06,3.67398e-05,-0.000399829,6.18943e-05,0,0,0,0,0,0,0,0,0,0,0,0,0,0,0,0,0,0,0,0,0,0,0,0,0,0,0,0,0,0,0,0,0,0,0,0,0,0,0,0,0,0,0,0,0,0,0,0,0,0,0,0,2,0,0,0,0,0,1.1921,-0.2176,2.3658,0,0,0,0,0,0,0,-0,0,1.46036,0,0,0,0,0,0,0,0,0,0,0,0,0,0,0,0,0,0,0,0,0,0,0,0,0,0,0,0,0,0,0,0,0
1.5,0,0,0,0,0,0,3.17982,2.05759,-2.39941,-4.88365e-06,6.34874e-05,0.000169306,-2.54125e-05,0.000253131,0.00077573,0,0,0,0,0,0,0,0,0,0,0,0,0,0,0,0,0,0,0,0,0,0,0,0,0,0,0,0,0,0,0,0,0,0,0,0,0,0,0,0,1.93656,1.29145,-0.0213128,-2.68601e-05,7.08129e-05,0.00010373,-0.000158563,0.000334038,0.000390366,0,0,0,0,0,0,0,0,0,0,0,0,0,0,0,0,0,0,0,0,0,0,0,0,0,0,0,0,0,0,0,0,0,0,0,0,0,0,0,0,0,0,0,0,0,0,0,0,0,0,0,0,2,0,0,0,0,0,1.1921,-0.2176,2.3658,0,0,0,0,0,0,0,-0,0,1.46036,0,0,0,0,0,0,0,0,0,0,0,0,0,0,0,0,0,0,0,0,0,0,0,0,0,0,0,0,0,0,0,0,0
1.55,0,0,0,0,0,0,3.17982,2.05759,-2.39941,-4.88365e-06,6.34874e-05,0.000169306,-2.54125e-05,0.000253131,0.00077573,0,0,0,0,0,0,0,0,0,0,0,0,0,0,0,0,0,0,0,0,0,0,0,0,0,0,0,0,0,0,0,0,0,0,0,0,0,0,0,0,1.93656,1.29145,-0.0213128,-2.68601e-05,7.08129e-05,0.00010373,-0.000158563,0.000334038,0.000390366,0,0,0,0,0,0,0,0,0,0,0,0,0,0,0,0,0,0,0,0,0,0,0,0,0,0,0,0,0,0,0,0,0,0,0,0,0,0,0,0,0,0,0,0,0,0,0,0,0,0,0,0,2,0,0,0,0,0,1.2336,-0.1761,2.4074,0,0,0,0,0,0,0,-0,0,1.46036,0,0,0,0,0,0,0,0,0,0,0,0,0,0,0,0,0,0,0,0,0,0,0,0,0,0,0,0,0,0,0,0,0
1.6,0,0,0,0,0,0,3.17981,2.05761,-2.3994,-6.83555e-05,0.000131828,8.82098e-05,-0.000285242,0.000579439,0.000384164,0,0,0,0,0,0,0,0,0,0,0,0,0,0,0,0,0,0,0,0,0,0,0,0,0,0,0,0,0,0,0,0,0,0,0,0,0,0,0,0,1.93656,1.29145,-0.0213367,-1.46476e-05,8.54441e-06,-0.000239429,-7.28506e-05,5.10996e-05,-0.00109229,0,0,0,0,0,0,0,0,0,0,0,0,0,0,0,0,0,0,0,0,0,0,0,0,0,0,0,0,0,0,0,0,0,0,0,0,0,0,0,0,0,0,0,0,0,0,0,0,0,0,0,0,2,0,0,0,0,0,1.2336,-0.1761,2.4074,0,0,0,0,0,0,0,-0,0,1.46037,0,0,0,0,0,0,0,0,0,0,0,0,0,0,0,0,0,0,0,0,0,0,0,0,0,0,0,0,0,0,0,0,0
1.65,0,0,0,0,0,0,3.17981,2.05761,-2.3994,-6.83555e-05,0.000131828,8.82098e-05,-0.000285242,0.000579439,0.000384164,0,0,0,0,0,0,0,0,0,0,0,0,0,0,0,0,0,0,0,0,0,0,0,0,0,0,0,0,0,0,0,0,0,0,0,0,0,0,0,0,1.93656,1.29145,-0.0213367,-1.46476e-05,8.54441e-06,-0.000239429,-7.28506e-05,5.10996e-05,-0.00109229,0,0,0,0,0,0,0,0,0,0,0,0,0,0,0,0,0,0,0,0,0,0,0,0,0,0,0,0,0,0,0,0,0,0,0,0,0,0,0,0,0,0,0,0,0,0,0,0,0,0,0,0,2,0,0,0,0,0,1.2336,-0.1761,2.4074,0,0,0,0,0,0,0,-0,0,1.46037,0,0,0,0,0,0,0,0,0,0,0,0,0,0,0,0,0,0,0,0,0,0,0,0,0,0,0,0,0,0,0,0,0
1.7,0,0,0,0,0,0,3.17981,2.0576,-2.39941,1.70916e-05,-6.83663e-05,-7.63017e-05,0.000135007,-0.000407885,-0.000479717,0,0,0,0,0,0,0,0,0,0,0,0,0,0,0,0,0,0,0,0,0,0,0,0,0,0,0,0,0,0,0,0,0,0,0,0,0,0,0,0,1.93656,1.29144,-0.0213221,2.07541e-05,-5.73791e-05,0.000146568,0.000109321,-0.000271033,0.000685873,0,0,0,0,0,0,0,0,0,0,0,0,0,0,0,0,0,0,0,0,0,0,0,0,0,0,0,0,0,0,0,0,0,0,0,0,0,0,0,0,0,0,0,0,0,0,0,0,0,0,0,0,2,0,0,0,0,0,1.2336,-0.1761,2.4074,0,0,0,0,0,0,0,-0,0,1.46037,0,0,0,0,0,0,0,0,0,0,0,0,0,0,0,0,0,0,0,0,0,0,0,0,0,0,0,0,0,0,0,0,0
1.75,0,0,0,0,0,0,3.17981,2.0576,-2.39941,1.70916e-05,-6.83663e-05,-7.63017e-05,0.000135007,-0.000407885,-0.000479717,0,0,0,0,0,0,0,0,0,0,0,0,0,0,0,0,0,0,0,0,0,0,0,0,0,0,0,0,0,0,0,0,0,0,0,0,0,0,0,0,1.93656,1.29144,-0.0213221,2.07541e-05,-5.73791e-05,0.000146568,0.000109321,-0.000271033,0.000685873,0,0,0,0,0,0,0,0,0,0,0,0,0,0,0,0,0,0,0,0,0,0,0,0,0,0,0,0,0,0,0,0,0,0,0,0,0,0,0,0,0,0,0,0,0,0,0,0,0,0,0,0,2,0,0,0,0,0,1.2044,-0.2054,2.3781,0,0,0,0,0,0,0,-0,0,1.46037,0,0,0,0,0,0,0,0,0,0,0,0,0,0,0,0,0,0,0,0,0,0,0,0,0,0,0,0,0,0,0,0,0
1.8,0,0,0,0,0,0,3.17981,2.0576,-2.39941,4.15171e-05,-3.41905e-05,5.96235e-05,0.000235537,-0.000241995,0.000138124,0,0,0,0,0,0,0,0,0,0,0,0,0,0,0,0,0,0,0,0,0,0,0,0,0,0,0,0,0,0,0,0,0,0,0,0,0,0,0,0,1.93656,1.29144,-0.0213122,-2.32007e-05,2.07585e-05,9.85651e-05,-8.53246e-05,0.000105858,0.0004607,0,0,0,0,0,0,0,0,0,0,0,0,0,0,0,0,0,0,0,0,0,0,0,0,0,0,0,0,0,0,0,0,0,0,0,0,0,0,0,0,0,0,0,0,0,0,0,0,0,0,0,0,2,0,0,0,0,0,1.2044,-0.2054,2.3781,0,0,0,0,0,0,0,-0,0,1.46037,0,0,0,0,0,0,0,0,0,0,0,0,0,0,0,0,0,0,0,0,0,0,0,0,0,0,0,0,0,0,0,0,0
1.85,0,0,0,0,0,0,3.17981,2.0576,-2.39941,4.15171e-05,-3.41905e-05,5.96235e-05,0.000235537,-0.000241995,0.000138124,0,0,0,0,0,0,0,0,0,0,0,0,0,0,0,0,0,0,0,0,0,0,0,0,0,0,0,0,0,0,0,0,0,0,0,0,0,0,0,0,1.93656,1.29144,-0.0213122,-2.32007e-05,2.07585e-05,9.85651e-05,-8.53246e-05,0.000105858,0.0004607,0,0,0,0,0,0,0,0,0,0,0,0,0,0,0,0,0,0,0,0,0,0,0,0,0,0,0,0,0,0,0,0,0,0,0,0,0,0,0,0,0,0,0,0,0,0,0,0,0,0,0,0,2,0,0,0,0,0,1.2044,-0.2054,2.3781,0,0,0,0,0,0,0,-0,0,1.46037,0,0,0,0,0,0,0,0,0,0,0,0,0,0,0,0,0,0,0,0,0,0,0,0,0,0,0,0,0,0,0,0,0
1.9,0,0,0,0,0,0,3.17982,2.05761,-2.3994,2.92909e-05,9.03137e-05,5.24414e-05,0.000106221,0.000374625,0.00013793,0,0,0,0,0,0,0,0,0,0,0,0,0,0,0,0,0,0,0,0,0,0,0,0,0,0,0,0,0,0,0,0,0,0,0,0,0,0,0,0,1.93656,1.29145,-0.0213328,3.53932e-05,7.20069e-05,-0.000205222,0.000156532,0.000319384,-0.000967662,0,0,0,0,0,0,0,0,0,0,0,0,0,0,0,0,0,0,0,0,0,0,0,0,0,0,0,0,0,0,0,0,0,0,0,0,0,0,0,0,0,0,0,0,0,0,0,0,0,0,0,0,2,0,0,0,0,0,1.2044,-0.2054,2.3781,0,0,0,0,0,0,0,-0,0,1.46037,0,0,0,0,0,0,0,0,0,0,0,0,0,0,0,0,0,0,0,0,0,0,0,0,0,0,0,0,0,0,0,0,0
1.95,0,0,0,0,0,0,3.17982,2.05761,-2.3994,2.92909e-05,9.03137e-05,5.24414e-05,0.000106221,0.000374625,0.00013793,0,0,0,0,0,0,0,0,0,0,0,0,0,0,0,0,0,0,0,0,0,0,0,0,0,0,0,0,0,0,0,0,0,0,0,0,0,0,0,0,1.93656,1.29145,-0.0213328,3.53932e-05,7.20069e-05,-0.000205222,0.000156532,0.000319384,-0.000967662,0,0,0,0,0,0,0,0,0,0,0,0,0,0,0,0,0,0,0,0,0,0,0,0,0,0,0,0,0,0,0,0,0,0,0,0,0,0,0,0,0,0,0,0,0,0,0,0,0,0,0,0,2,0,0,0,0,0,1.2546,-0.1551,2.4283,0,0,0,0,0,0,0,-0,0,1.46037,0,0,0,0,0,0,0,0,0,0,0,0,0,0,0,0,0,0,0,0,0,0,0,0,0,0,0,0,0,0,0,0,0
2,0,0,0,0,0,0,3.17981,2.05759,-2.39942,-2.44198e-05,-0.00017338,-0.000226551,-0.000168369,-0.00074529,-0.00103201,0,0,0,0,0,0,0,0,0,0,0,0,0,0,0,0,0,0,0,0,0,0,0,0,0,0,0,0,0,0,0,0,0,0,0,0,0,0,0,0,1.93656,1.29144,-0.0213387,6.10493e-06,-7.32592e-05,-5.90782e-05,9.67085e-06,-0.000359825,-0.000190262,0,0,0,0,0,0,0,0,0,0,0,0,0,0,0,0,0,0,0,0,0,0,0,0,0,0,0,0,0,0,0,0,0,0,0,0,0,0,0,0,0,0,0,0,0,0,0,0,0,0,0,0,2,0,0,0,0,0,1.2546,-0.1551,2.4283,0,0,0,0,0,0,0,-0,0,1.46036,0,0,0,0,0,0,0,0,0,0,0,0,0,0,0,0,0,0,0,0,0,0,0,0,0,0,0,0,0,0,0,0,0
2.05,0,0,0,0,0,0,3.17981,2.05759,-2.39942,-2.44198e-05,-0.00017338,-0.000226551,-0.000168369,-0.00074529,-0.00103201,0,0,0,0,0,0,0,0,0,0,0,0,0,0,0,0,0,0,0,0,0,0,0,0,0,0,0,0,0,0,0,0,0,0,0,0,0,0,0,0,1.93656,1.29144,-0.0213387,6.10493e-06,-7.32592e-05,-5.90782e-05,9.67085e-06,-0.000359825,-0.000190262,0,0,0,0,0,0,0,0,0,0,0,0,0,0,0,0,0,0,0,0,0,0,0,0,0,0,0,0,0,0,0,0,0,0,0,0,0,0,0,0,0,0,0,0,0,0,0,0,0,0,0,0,2,0,0,0,0,0,1.2546,-0.1551,2.4283,0,0,0,0,0,0,0,-0,0,1.46036,0,0,0,0,0,0,0,0,0,0,0,0,0,0,0,0,0,0,0,0,0,0,0,0,0,0,0,0,0,0,0,0,0
2.1,0,0,0,0,0,0,3.17981,2.05759,-2.39942,-2.44198e-05,-0.00017338,-0.000226551,-0.000168369,-0.00074529,-0.00103201,0,0,0,0,0,0,0,0,0,0,0,0,0,0,0,0,0,0,0,0,0,0,0,0,0,0,0,0,0,0,0,0,0,0,0,0,0,0,0,0,1.93656,1.29144,-0.0213387,6.10493e-06,-7.32592e-05,-5.90782e-05,9.67085e-06,-0.000359825,-0.000190262,0,0,0,0,0,0,0,0,0,0,0,0,0,0,0,0,0,0,0,0,0,0,0,0,0,0,0,0,0,0,0,0,0,0,0,0,0,0,0,0,0,0,0,0,0,0,0,0,0,0,0,0,2,0,0,0,0,0,1.2546,-0.1551,2.4283,0,0,0,0,0,0,0,-0,0,1.46036,0,0,0,0,0,0,0,0,0,0,0,0,0,0,0,0,0,0,0,0,0,0,0,0,0,0,0,0,0,0,0,0,0
2.15,0,0,0,0,0,0,3.17981,2.05758,-2.3994,-7.32476e-06,-0.00010743,0.000219361,-6.99628e-05,-0.000335656,0.00100359,0,0,0,0,0,0,0,0,0,0,0,0,0,0,0,0,0,0,0,0,0,0,0,0,0,0,0,0,0,0,0,0,0,0,0,0,0,0,0,0,1.93656,1.29144,-0.0213124,-1.70911e-05,-8.17932e-05,0.000263062,-0.000106744,-0.000342113,0.00127808,0,0,0,0,0,0,0,0,0,0,0,0,0,0,0,0,0,0,0,0,0,0,0,0,0,0,0,0,0,0,0,0,0,0,0,0,0,0,0,0,0,0,0,0,0,0,0,0,0,0,0,0,2,0,0,0,0,0,1.2044,-0.2054,2.3781,0,0,0,0,0,0,0,-0,0,1.46036,0,0,0,0,0,0,0,0,0,0,0,0,0,0,0,0,0,0,0,0,0,0,0,0,0,0,0,0,0,0,0,0,0
2.2,0,0,0,0,0,0,3.17981,2.0576,-2.39939,7.32429e-06,0.000261233,0.000157358,2.98475e-05,0.00132701,0.000630437,0,0,0,0,0,0,0,0,0,0,0,0,0,0,0,0,0,0,0,0,0,0,0,0,0,0,0,0,0,0,0,0,0,0,0,0,0,0,0,0,1.93656,1.29146,-0.0213134,1.22072e-06,0.000212405,-1.07476e-05,-6.6856e-06,0.000972525,-0.000127873,0,0,0,0,0,0,0,0,0,0,0,0,0,0,0,0,0,0,0,0,0,0,0,0,0,0,0,0,0,0,0,0,0,0,0,0,0,0,0,0,0,0,0,0,0,0,0,0,0,0,0,0,2,0,0,0,0,0,1.2044,-0.2054,2.3781,0,0,0,0,0,0,0,-0,0,1.46036,0,0,0,0,0,0,0,0,0,0,0,0,0,0,0,0,0,0,0,0,0,0,0,0,0,0,0,0,0,0,0,0,0
2.25,0,0,0,0,0,0,3.17981,2.0576,-2.39939,7.32429e-06,0.000261233,0.000157358,2.98475e-05,0.00132701,0.000630437,0,0,0,0,0,0,0,0,0,0,0,0,0,0,0,0,0,0,0,0,0,0,0,0,0,0,0,0,0,0,0,0,0,0,0,0,0,0,0,0,1.93656,1.29146,-0.0213134,1.22072e-06,0.000212405,-1.07476e-05,-6.6856e-06,0.000972525,-0.000127873,0,0,0,0,0,0,0,0,0,0,0,0,0,0,0,0,0,0,0,0,0,0,0,0,0,0,0,0,0,0,0,0,0,0,0,0,0,0,0,0,0,0,0,0,0,0,0,0,0,0,0,0,2,0,0,0,0,0,1.2044,-0.2054,2.3781,0,0,0,0,0,0,0,-0,0,1.46036,0,0,0,0,0,0,0,0,0,0,0,0,0,0,0,0,0,0,0,0,0,0,0,0,0,0,0,0,0,0,0,0,0
2.3,0,0,0,0,0,0,3.17981,2.05759,-2.39941,-5.86055e-05,-0.000134304,-0.000269467,-0.000232,-0.000558623,-0.00137743,0,0,0,0,0,0,0,0,0,0,0,0,0,0,0,0,0,0,0,0,0,0,0,0,0,0,0,0,0,0,0,0,0,0,0,0,0,0,0,0,1.93656,1.29145,-0.0213164,-4.88377e-06,-0.000119652,-2.94169e-05,-1.48628e-05,-0.000564932,-0.00034168,0,0,0,0,0,0,0,0,0,0,0,0,0,0,0,0,0,0,0,0,0,0,0,0,0,0,0,0,0,0,0,0,0,0,0,0,0,0,0,0,0,0,0,0,0,0,0,0,0,0,0,0,2,0,0,0,0,0,1.2044,-0.2054,2.3781,0,0,0,0,0,0,0,-0,0,1.46036,0,0,0,0,0,0,0,0,0,0,0,0,0,0,0,0,0,0,0,0,0,0,0,0,0,0,0,0,0,0,0,0,0
2.35,0,0,0,0,0,0,3.17981,2.05759,-2.39941,-5.86055e-05,-0.000134304,-0.000269467,-0.000232,-0.000558623,-0.00137743,0,0,0,0,0,0,0,0,0,0,0,0,0,0,0,0,0,0,0,0,0,0,0,0,0,0,0,0,0,0,0,0,0,0,0,0,0,0,0,0,1.93656,1.29145,-0.0213164,-4.88377e-06,-0.000119652,-2.94169e-05,-1.48628e-05,-0.000564932,-0.00034168,0,0,0,0,0,0,0,0,0,0,0,0,0,0,0,0,0,0,0,0,0,0,0,0,0,0,0,0,0,0,0,0,0,0,0,0,0,0,0,0,0,0,0,0,0,0,0,0,0,0,0,0,2,0,0,0,0,0,1.2673,-0.1425,2.441,0,0,0,0,0,0,0,-0,0,1.46036,0,0,0,0,0,0,0,0,0,0,0,0,0,0,0,0,0,0,0,0,0,0,0,0,0,0,0,0,0,0,0,0,0
2.4,0,0,0,0,0,0,3.17981,2.05758,-2.39941,-1.46495e-05,-7.56893e-05,6.19935e-05,8.61025e-07,-0.000356502,0.000225442,0,0,0,0,0,0,0,0,0,0,0,0,0,0,0,0,0,0,0,0,0,0,0,0,0,0,0,0,0,0,0,0,0,0,0,0,0,0,0,0,1.93656,1.29144,-0.0213243,-3.29616e-05,-5.4936e-05,-7.89638e-05,-0.000122224,-0.000288776,-0.000432093,0,0,0,0,0,0,0,0,0,0,0,0,0,0,0,0,0,0,0,0,0,0,0,0,0,0,0,0,0,0,0,0,0,0,0,0,0,0,0,0,0,0,0,0,0,0,0,0,0,0,0,0,2,0,0,0,0,0,1.2673,-0.1425,2.441,0,0,0,0,0,0,0,-0,0,1.46036,0,0,0,0,0,0,0,0,0,0,0,0,0,0,0,0,0,0,0,0,0,0,0,0,0,0,0,0,0,0,0,0,0
2.45,0,0,0,0,0,0,3.17981,2.05758,-2.39941,-1.46495e-05,-7.56893e-05,6.19935e-05,8.61025e-07,-0.000356502,0.000225442,0,0,0,0,0,0,0,0,0,0,0,0,0,0,0,0,0,0,0,0,0,0,0,0,0,0,0,0,0,0,0,0,0,0,0,0,0,0,0,0,1.93656,1.29144,-0.0213243,-3.29616e-05,-5.4936e-05,-7.89638e-05,-0.000122224,-0.000288776,-0.000432093,0,0,0,0,0,0,0,0,0,0,0,0,0,0,0,0,0,0,0,0,0,0,0,0,0,0,0,0,0,0,0,0,0,0,0,0,0,0,0,0,0,0,0,0,0,0,0,0,0,0,0,0,2,0,0,0,0,0,1.2673,-0.1425,2.441,0,0,0,0,0,0,0,-0,0,1.46036,0,0,0,0,0,0,0,0,0,0,0,0,0,0,0,0,0,0,0,0,0,0,0,0,0,0,0,0,0,0,0,0,0
2.5,0,0,0,0,0,0,3.17981,2.05759,-2.39942,7.07992e-05,9.52127e-05,-0.000171658,0.000373476,0.000496188,-0.000581257,0,0,0,0,0,0,0,0,0,0,0,0,0,0,0,0,0,0,0,0,0,0,0,0,0,0,0,0,0,0,0,0,0,0,0,0,0,0,0,0,1.93656,1.29144,-0.0213249,6.83578e-05,5.00477e-05,-5.97895e-06,0.000316926,0.000283481,1.99399e-05,0,0,0,0,0,0,0,0,0,0,0,0,0,0,0,0,0,0,0,0,0,0,0,0,0,0,0,0,0,0,0,0,0,0,0,0,0,0,0,0,0,0,0,0,0,0,0,0,0,0,0,0,2,0,0,0,0,0,1.2673,-0.1425,2.441,0,0,0,0,0,0,0,-0,0,1.46036,0,0,0,0,0,0,0,0,0,0,0,0,0,0,0,0,0,0,0,0,0,0,0,0,0,0,0,0,0,0,0,0,0
2.55,0,0,0,0,0,0,3.17981,2.05759,-2.39942,7.07992e-05,9.52127e-05,-0.000171658,0.000373476,0.000496188,-0.000581257,0,0,0,0,0,0,0,0,0,0,0,0,0,0,0,0,0,0,0,0,0,0,0,0,0,0,0,0,0,0,0,0,0,0,0,0,0,0,0,0,1.93656,1.29144,-0.0213249,6.83578e-05,5.00477e-05,-5.97895e-06,0.000316926,0.000283481,1.99399e-05,0,0,0,0,0,0,0,0,0,0,0,0,0,0,0,0,0,0,0,0,0,0,0,0,0,0,0,0,0,0,0,0,0,0,0,0,0,0,0,0,0,0,0,0,0,0,0,0,0,0,0,0,2,0,0,0,0,0,1.1747,-0.235,2.3484,0,0,0,0,0,0,0,-0,0,1.46036,0,0,0,0,0,0,0,0,0,0,0,0,0,0,0,0,0,0,0,0,0,0,0,0,0,0,0,0,0,0,0,0,0
2.6,0,0,0,0,0,0,3.17981,2.0576,-2.39938,-5.61563e-05,0.000122079,0.000431568,-0.000232611,0.000520671,0.00195216,0,0,0,0,0,0,0,0,0,0,0,0,0,0,0,0,0,0,0,0,0,0,0,0,0,0,0,0,0,0,0,0,0,0,0,0,0,0,0,0,1.93656,1.29145,-0.0213651,-1.09871e-05,5.61563e-05,-0.000402173,-6.73216e-05,0.000272066,-0.00150992,0,0,0,0,0,0,0,0,0,0,0,0,0,0,0,0,0,0,0,0,0,0,0,0,0,0,0,0,0,0,0,0,0,0,0,0,0,0,0,0,0,0,0,0,0,0,0,0,0,0,0,0,2,0,0,0,0,0,1.1747,-0.235,2.3484,0,0,0,0,0,0,0,-0,0,1.46036,0,0,0,0,0,0,0,0,0,0,0,0,0,0,0,0,0,0,0,0,0,0,0,0,0,0,0,0,0,0,0,0,0
2.65,0,0,0,0,0,0,3.17981,2.0576,-2.39938,-5.61563e-05,0.000122079,0.000431568,-0.000232611,0.000520671,0.00195216,0,0,0,0,0,0,0,0,0,0,0,0,0,0,0,0,0,0,0,0,0,0,0,0,0,0,0,0,0,0,0,0,0,0,0,0,0,0,0,0,1.93656,1.29145,-0.0213651,-1.09871e-05,5.61563e-05,-0.000402173,-6.73216e-05,0.000272066,-0.00150992,0,0,0,0,0,0,0,0,0,0,0,0,0,0,0,0,0,0,0,0,0,0,0,0,0,0,0,0,0,0,0,0,0,0,0,0,0,0,0,0,0,0,0,0,0,0,0,0,0,0,0,0,2,0,0,0,0,0,1.1747,-0.235,2.3484,0,0,0,0,0,0,0,-0,0,1.46036,0,0,0,0,0,0,0,0,0,0,0,0,0,0,0,0,0,0,0,0,0,0,0,0,0,0,0,0,0,0,0,0,0
2.7,0,0,0,0,0,0,3.17981,2.0576,-2.39941,3.41764e-05,-8.78822e-05,-0.000250315,0.000139249,-0.000522995,-0.00120959,0,0,0,0,0,0,0,0,0,0,0,0,0,0,0,0,0,0,0,0,0,0,0,0,0,0,0,0,0,0,0,0,0,0,0,0,0,0,0,0,1.93656,1.29145,-0.0213194,-2.80735e-05,2.31911e-05,0.000456621,-0.000160699,3.01032e-05,0.00231784,0,0,0,0,0,0,0,0,0,0,0,0,0,0,0,0,0,0,0,0,0,0,0,0,0,0,0,0,0,0,0,0,0,0,0,0,0,0,0,0,0,0,0,0,0,0,0,0,0,0,0,0,2,0,0,0,0,0,1.1747,-0.235,2.3484,0,0,0,0,0,0,0,-0,0,1.46036,0,0,0,0,0,0,0,0,0,0,0,0,0,0,0,0,0,0,0,0,0,0,0,0,0,0,0,0,0,0,0,0,0
2.75,0,0,0,0,0,0,3.17981,2.0576,-2.39941,3.41764e-05,-8.78822e-05,-0.000250315,0.000139249,-0.000522995,-0.00120959,0,0,0,0,0,0,0,0,0,0,0,0,0,0,0,0,0,0,0,0,0,0,0,0,0,0,0,0,0,0,0,0,0,0,0,0,0,0,0,0,1.93656,1.29145,-0.0213194,-2.80735e-05,2.31911e-05,0.000456621,-0.000160699,3.01032e-05,0.00231784,0,0,0,0,0,0,0,0,0,0,0,0,0,0,0,0,0,0,0,0,0,0,0,0,0,0,0,0,0,0,0,0,0,0,0,0,0,0,0,0,0,0,0,0,0,0,0,0,0,0,0,0,2,0,0,0,0,0,1.2043,-0.2054,2.3781,0,0,0,0,0,0,0,-0,0,1.46036,0,0,0,0,0,0,0,0,0,0,0,0,0,0,0,0,0,0,0,0,0,0,0,0,0,0,0,0,0,0,0,0,0
2.8,0,0,0,0,0,0,3.17981,2.05759,-2.39942,4.88395e-06,-5.37235e-05,-0.000116852,1.68818e-05,-0.000318758,-0.000620825,0,0,0,0,0,0,0,0,0,0,0,0,0,0,0,0,0,0,0,0,0,0,0,0,0,0,0,0,0,0,0,0,0,0,0,0,0,0,0,0,1.93656,1.29144,-0.0213138,-2.80827e-05,-8.05853e-05,5.57993e-05,-0.000109151,-0.00042934,0.000308039,0,0,0,0,0,0,0,0,0,0,0,0,0,0,0,0,0,0,0,0,0,0,0,0,0,0,0,0,0,0,0,0,0,0,0,0,0,0,0,0,0,0,0,0,0,0,0,0,0,0,0,0,2,0,0,0,0,0,1.2043,-0.2054,2.3781,0,0,0,0,0,0,0,-0,0,1.46036,0,0,0,0,0,0,0,0,0,0,0,0,0,0,0,0,0,0,0,0,0,0,0,0,0,0,0,0,0,0,0,0,0
2.85,0,0,0,0,0,0,3.17981,2.05759,-2.39942,4.88395e-06,-5.37235e-05,-0.000116852,1.68818e-05,-0.000318758,-0.000620825,0,0,0,0,0,0,0,0,0,0,0,0,0,0,0,0,0,0,0,0,0,0,0,0,0,0,0,0,0,0,0,0,0,0,0,0,0,0,0,0,1.93656,1.29144,-0.0213138,-2.80827e-05,-8.05853e-05,5.57993e-05,-0.000109151,-0.00042934,0.000308039,0,0,0,0,0,0,0,0,0,0,0,0,0,0,0,0,0,0,0,0,0,0,0,0,0,0,0,0,0,0,0,0,0,0,0,0,0,0,0,0,0,0,0,0,0,0,0,0,0,0,0,0,2,0,0,0,0,0,1.2043,-0.2054,2.3781,0,0,0,0,0,0,0,-0,0,1.46036,0,0,0,0,0,0,0,0,0,0,0,0,0,0,0,0,0,0,0,0,0,0,0,0,0,0,0,0,0,0,0,0,0
2.9,0,0,0,0,0,0,3.17982,2.0576,-2.3994,3.41634e-05,4.88049e-05,0.0001406,0.000110587,0.000245906,0.000735591,0,0,0,0,0,0,0,0,0,0,0,0,0,0,0,0,0,0,0,0,0,0,0,0,0,0,0,0,0,0,0,0,0,0,0,0,0,0,0,0,1.93656,1.29145,-0.0213316,9.76098e-06,1.09811e-05,-0.000177481,9.2633e-05,4.58695e-05,-0.00101915,0,0,0,0,0,0,0,0,0,0,0,0,0,0,0,0,0,0,0,0,0,0,0,0,0,0,0,0,0,0,0,0,0,0,0,0,0,0,0,0,0,0,0,0,0,0,0,0,0,0,0,0,2,0,0,0,0,0,1.2043,-0.2054,2.3781,0,0,0,0,0,0,0,-0,0,1.46037,0,0,0,0,0,0,0,0,0,0,0,0,0,0,0,0,0,0,0,0,0,0,0,0,0,0,0,0,0,0,0,0,0
2.95,0,0,0,0,0,0,3.17982,2.0576,-2.3994,3.41634e-05,4.88049e-05,0.0001406,0.000110587,0.000245906,0.000735591,0,0,0,0,0,0,0,0,0,0,0,0,0,0,0,0,0,0,0,0,0,0,0,0,0,0,0,0,0,0,0,0,0,0,0,0,0,0,0,0,1.93656,1.29145,-0.0213316,9.76098e-06,1.09811e-05,-0.000177481,9.2633e-05,4.58695e-05,-0.00101915,0,0,0,0,0,0,0,0,0,0,0,0,0,0,0,0,0,0,0,0,0,0,0,0,0,0,0,0,0,0,0,0,0,0,0,0,0,0,0,0,0,0,0,0,0,0,0,0,0,0,0,0,2,0,0,0,0,0,1.1151,-0.2946,2.2888,0,0,0,0,0,0,0,-0,0,1.46037,0,0,0,0,0,0,0,0,0,0,0,0,0,0,0,0,0,0,0,0,0,0,0,0,0,0,0,0,0,0,0,0,0
3,0,0,0,0,0,0,3.17982,2.0576,-2.3994,3.41634e-05,4.88049e-05,0.0001406,0.000110587,0.000245906,0.000735591,0,0,0,0,0,0,0,0,0,0,0,0,0,0,0,0,0,0,0,0,0,0,0,0,0,0,0,0,0,0,0,0,0,0,0,0,0,0,0,0,1.93656,1.29145,-0.0213316,9.76098e-06,1.09811e-05,-0.000177481,9.2633e-05,4.58695e-05,-0.00101915,0,0,0,0,0,0,0,0,0,0,0,0,0,0,0,0,0,0,0,0,0,0,0,0,0,0,0,0,0,0,0,0,0,0,0,0,0,0,0,0,0,0,0,0,0,0,0,0,0,0,0,0,2,0,0,0,0,0,1.1151,-0.2946,2.2888,0,0,0,0,0,0,0,-0,0,1.46037,0,0,0,0,0,0,0,0,0,0,0,0,0,0,0,0,0,0,0,0,0,0,0,0,0,0,0,0,0,0,0,0,0
3.05,0,0,0,0,0,0,3.17981,2.0576,-2.39944,-1.46552e-05,5.12931e-05,-0.000369719,-0.000116039,0.000233935,-0.00141394,0,0,0,0,0,0,0,0,0,0,0,0,0,0,0,0,0,0,0,0,0,0,0,0,0,0,0,0,0,0,0,0,0,0,0,0,0,0,0,0,1.93656,1.29144,-0.021325,3.29742e-05,-3.17529e-05,6.56698e-05,0.000175666,-7.88923e-05,0.00018025,0,0,0,0,0,0,0,0,0,0,0,0,0,0,0,0,0,0,0,0,0,0,0,0,0,0,0,0,0,0,0,0,0,0,0,0,0,0,0,0,0,0,0,0,0,0,0,0,0,0,0,0,2,0,0,0,0,0,1.1151,-0.2946,2.2888,0,0,0,0,0,0,0,-0,0,1.46037,0,0,0,0,0,0,0,0,0,0,0,0,0,0,0,0,0,0,0,0,0,0,0,0,0,0,0,0,0,0,0,0,0
3.1,0,0,0,0,0,0,3.17981,2.0576,-2.39941,0,-3.66228e-05,0.000329033,-4.18024e-05,-0.000212399,0.00165206,0,0,0,0,0,0,0,0,0,0,0,0,0,0,0,0,0,0,0,0,0,0,0,0,0,0,0,0,0,0,0,0,0,0,0,0,0,0,0,0,1.93656,1.29145,-0.0213274,9.76608e-06,0.000115972,-2.40851e-05,2.40333e-05,0.000525968,-8.80585e-05,0,0,0,0,0,0,0,0,0,0,0,0,0,0,0,0,0,0,0,0,0,0,0,0,0,0,0,0,0,0,0,0,0,0,0,0,0,0,0,0,0,0,0,0,0,0,0,0,0,0,0,0,2,0,0,0,0,0,1.1151,-0.2946,2.2888,0,0,0,0,0,0,0,-0,0,1.46036,0,0,0,0,0,0,0,0,0,0,0,0,0,0,0,0,0,0,0,0,0,0,0,0,0,0,0,0,0,0,0,0,0
3.15,0,0,0,0,0,0,3.17981,2.0576,-2.39941,0,-3.66228e-05,0.000329033,-4.18024e-05,-0.000212399,0.00165206,0,0,0,0,0,0,0,0,0,0,0,0,0,0,0,0,0,0,0,0,0,0,0,0,0,0,0,0,0,0,0,0,0,0,0,0,0,0,0,0,1.93656,1.29145,-0.0213274,9.76608e-06,0.000115972,-2.40851e-05,2.40333e-05,0.000525968,-8.80585e-05,0,0,0,0,0,0,0,0,0,0,0,0,0,0,0,0,0,0,0,0,0,0,0,0,0,0,0,0,0,0,0,0,0,0,0,0,0,0,0,0,0,0,0,0,0,0,0,0,0,0,0,0,2,0,0,0,0,0,1.2181,-0.1917,2.3918,0,0,0,0,0,0,0,-0,0,1.46036,0,0,0,0,0,0,0,0,0,0,0,0,0,0,0,0,0,0,0,0,0,0,0,0,0,0,0,0,0,0,0,0,0
3.2,0,0,0,0,0,0,3.17981,2.0576,-2.39941,-9.76563e-06,-1.46485e-05,-1.66893e-05,-5.40702e-05,-0.000100169,2.56631e-05,0,0,0,0,0,0,0,0,0,0,0,0,0,0,0,0,0,0,0,0,0,0,0,0,0,0,0,0,0,0,0,0,0,0,0,0,0,0,0,0,1.93656,1.29144,-0.0213452,-4.63867e-05,-0.000128174,-0.000177603,-0.000230482,-0.000577851,-0.000702626,0,0,0,0,0,0,0,0,0,0,0,0,0,0,0,0,0,0,0,0,0,0,0,0,0,0,0,0,0,0,0,0,0,0,0,0,0,0,0,0,0,0,0,0,0,0,0,0,0,0,0,0,2,0,0,0,0,0,1.2181,-0.1917,2.3918,0,0,0,0,0,0,0,-0,0,1.46037,0,0,0,0,0,0,0,0,0,0,0,0,0,0,0,0,0,0,0,0,0,0,0,0,0,0,0,0,0,0,0,0,0
3.25,0,0,0,0,0,0,3.17981,2.0576,-2.39941,-9.76563e-06,-1.46485e-05,-1.66893e-05,-5.40702e-05,-0.000100169,2.56631e-05,0,0,0,0,0,0,0,0,0,0,0,0,0,0,0,0,0,0,0,0,0,0,0,0,0,0,0,0,0,0,0,0,0,0,0,0,0,0,0,0,1.93656,1.29144,-0.0213452,-4.63867e-05,-0.000128174,-0.000177603,-0.000230482,-0.000577851,-0.000702626,0,0,0,0,0,0,0,0,0,0,0,0,0,0,0,0,0,0,0,0,0,0,0,0,0,0,0,0,0,0,0,0,0,0,0,0,0,0,0,0,0,0,0,0,0,0,0,0,0,0,0,0,2,0,0,0,0,0,1.2181,-0.1917,2.3918,0,0,0,0,0,0,0,-0,0,1.46037,0,0,0,0,0,0,0,0,0,0,0,0,0,0,0,0,0,0,0,0,0,0,0,0,0,0,0,0,0,0,0,0,0
3.3,0,0,0,0,0,0,3.17981,2.0576,-2.39937,-3.907e-05,9.76749e-06,0.000414928,-0.000151213,5.26158e-05,0.00151974,0,0,0,0,0,0,0,0,0,0,0,0,0,0,0,0,0,0,0,0,0,0,0,0,0,0,0,0,0,0,0,0,0,0,0,0,0,0,0,0,1.93656,1.29145,-0.0212941,2.19769e-05,4.76166e-05,0.000510835,0.000100326,0.000206054,0.00224572,0,0,0,0,0,0,0,0,0,0,0,0,0,0,0,0,0,0,0,0,0,0,0,0,0,0,0,0,0,0,0,0,0,0,0,0,0,0,0,0,0,0,0,0,0,0,0,0,0,0,0,0,2,0,0,0,0,0,1.2181,-0.1917,2.3918,0,0,0,0,0,0,0,-0,0,1.46036,0,0,0,0,0,0,0,0,0,0,0,0,0,0,0,0,0,0,0,0,0,0,0,0,0,0,0,0,0,0,0,0,0
3.35,0,0,0,0,0,0,3.17981,2.0576,-2.39937,-3.907e-05,9.76749e-06,0.000414928,-0.000151213,5.26158e-05,0.00151974,0,0,0,0,0,0,0,0,0,0,0,0,0,0,0,0,0,0,0,0,0,0,0,0,0,0,0,0,0,0,0,0,0,0,0,0,0,0,0,0,1.93656,1.29145,-0.0212941,2.19769e-05,4.76166e-05,0.000510835,0.000100326,0.000206054,0.00224572,0,0,0,0,0,0,0,0,0,0,0,0,0,0,0,0,0,0,0,0,0,0,0,0,0,0,0,0,0,0,0,0,0,0,0,0,0,0,0,0,0,0,0,0,0,0,0,0,0,0,0,0,2,0,0,0,0,0,1.21,-0.1998,2.3837,0,0,0,0,0,0,0,-0,0,1.46036,0,0,0,0,0,0,0,0,0,0,0,0,0,0,0,0,0,0,0,0,0,0,0,0,0,0,0,0,0,0,0,0,0
3.4,0,0,0,0,0,0,3.17981,2.05759,-2.39937,2.44188e-05,-8.79078e-05,-2.38465e-06,0.000149719,-0.000337998,-0.000552514,0,0,0,0,0,0,0,0,0,0,0,0,0,0,0,0,0,0,0,0,0,0,0,0,0,0,0,0,0,0,0,0,0,0,0,0,0,0,0,0,1.93656,1.29144,-0.021337,-8.54659e-06,-5.37214e-05,-0.000428958,-1.69364e-05,-0.000175064,-0.00200736,0,0,0,0,0,0,0,0,0,0,0,0,0,0,0,0,0,0,0,0,0,0,0,0,0,0,0,0,0,0,0,0,0,0,0,0,0,0,0,0,0,0,0,0,0,0,0,0,0,0,0,0,2,0,0,0,0,0,1.21,-0.1998,2.3837,0,0,0,0,0,0,0,-0,0,1.46036,0,0,0,0,0,0,0,0,0,0,0,0,0,0,0,0,0,0,0,0,0,0,0,0,0,0,0,0,0,0,0,0,0
3.45,0,0,0,0,0,0,3.17981,2.05759,-2.39937,2.44188e-05,-8.79078e-05,-2.38465e-06,0.000149719,-0.000337998,-0.000552514,0,0,0,0,0,0,0,0,0,0,0,0,0,0,0,0,0,0,0,0,0,0,0,0,0,0,0,0,0,0,0,0,0,0,0,0,0,0,0,0,1.93656,1.29144,-0.021337,-8.54659e-06,-5.37214e-05,-0.000428958,-1.69364e-05,-0.000175064,-0.00200736,0,0,0,0,0,0,0,0,0,0,0,0,0,0,0,0,0,0,0,0,0,0,0,0,0,0,0,0,0,0,0,0,0,0,0,0,0,0,0,0,0,0,0,0,0,0,0,0,0,0,0,0,2,0,0,0,0,0,1.21,-0.1998,2.3837,0,0,0,0,0,0,0,-0,0,1.46036,0,0,0,0,0,0,0,0,0,0,0,0,0,0,0,0,0,0,0,0,0,0,0,0,0,0,0,0,0,0,0,0,0
3.5,0,0,0,0,0,0,3.17981,2.0576,-2.39939,2.44159e-05,9.52221e-05,-0.000259896,0.000130639,0.000475873,-0.00164128,0,0,0,0,0,0,0,0,0,0,0,0,0,0,0,0,0,0,0,0,0,0,0,0,0,0,0,0,0,0,0,0,0,0,0,0,0,0,0,0,1.93656,1.29144,-0.0213349,2.31951e-05,1.2208e-06,2.12544e-05,0.000100784,6.28024e-05,1.76464e-05,0,0,0,0,0,0,0,0,0,0,0,0,0,0,0,0,0,0,0,0,0,0,0,0,0,0,0,0,0,0,0,0,0,0,0,0,0,0,0,0,0,0,0,0,0,0,0,0,0,0,0,0,2,0,0,0,0,0,1.21,-0.1998,2.3837,0,0,0,0,0,0,0,-0,0,1.46037,0,0,0,0,0,0,0,0,0,0,0,0,0,0,0,0,0,0,0,0,0,0,0,0,0,0,0,0,0,0,0,0,0
3.55,0,0,0,0,0,0,3.17981,2.0576,-2.39939,2.44159e-05,9.52221e-05,-0.000259896,0.000130639,0.000475873,-0.00164128,0,0,0,0,0,0,0,0,0,0,0,0,0,0,0,0,0,0,0,0,0,0,0,0,0,0,0,0,0,0,0,0,0,0,0,0,0,0,0,0,1.93656,1.29144,-0.0213349,2.31951e-05,1.2208e-06,2.12544e-05,0.000100784,6.28024e-05,1.76464e-05,0,0,0,0,0,0,0,0,0,0,0,0,0,0,0,0,0,0,0,0,0,0,0,0,0,0,0,0,0,0,0,0,0,0,0,0,0,0,0,0,0,0,0,0,0,0,0,0,0,0,0,0,2,0,0,0,0,0,1.2044,-0.2054,2.3781,0,0,0,0,0,0,0,-0,0,1.46037,0,0,0,0,0,0,0,0,0,0,0,0,0,0,0,0,0,0,0,0,0,0,0,0,0,0,0,0,0,0,0,0,0
3.6,0,0,0,0,0,0,3.17982,2.05759,-2.3994,4.88239e-06,-7.5677e-05,-5.24475e-05,-2.1929e-06,-0.000286963,-0.000303973,0,0,0,0,0,0,0,0,0,0,0,0,0,0,0,0,0,0,0,0,0,0,0,0,0,0,0,0,0,0,0,0,0,0,0,0,0,0,0,0,1.93656,1.29144,-0.0213336,-3.66179e-06,4.02797e-05,1.31677e-05,-3.08626e-05,0.000225983,0.000252421,0,0,0,0,0,0,0,0,0,0,0,0,0,0,0,0,0,0,0,0,0,0,0,0,0,0,0,0,0,0,0,0,0,0,0,0,0,0,0,0,0,0,0,0,0,0,0,0,0,0,0,0,2,0,0,0,0,0,1.2044,-0.2054,2.3781,0,0,0,0,0,0,0,-0,0,1.46036,0,0,0,0,0,0,0,0,0,0,0,0,0,0,0,0,0,0,0,0,0,0,0,0,0,0,0,0,0,0,0,0,0
3.65,0,0,0,0,0,0,3.17982,2.05759,-2.3994,4.88239e-06,-7.5677e-05,-5.24475e-05,-2.1929e-06,-0.000286963,-0.000303973,0,0,0,0,0,0,0,0,0,0,0,0,0,0,0,0,0,0,0,0,0,0,0,0,0,0,0,0,0,0,0,0,0,0,0,0,0,0,0,0,1.93656,1.29144,-0.0213336,-3.66179e-06,4.02797e-05,1.31677e-05,-3.08626e-05,0.000225983,0.000252421,0,0,0,0,0,0,0,0,0,0,0,0,0,0,0,0,0,0,0,0,0,0,0,0,0,0,0,0,0,0,0,0,0,0,0,0,0,0,0,0,0,0,0,0,0,0,0,0,0,0,0,0,2,0,0,0,0,0,1.2044,-0.2054,2.3781,0,0,0,0,0,0,0,-0,0,1.46036,0,0,0,0,0,0,0,0,0,0,0,0,0,0,0,0,0,0,0,0,0,0,0,0,0,0,0,0,0,0,0,0,0
3.7,0,0,0,0,0,0,3.17981,2.0576,-2.39941,-2.68519e-05,6.59093e-05,-9.05871e-05,-0.000146101,0.000290232,-0.000153899,0,0,0,0,0,0,0,0,0,0,0,0,0,0,0,0,0,0,0,0,0,0,0,0,0,0,0,0,0,0,0,0,0,0,0,0,0,0,0,0,1.93656,1.29145,-0.021345,1.22054e-06,8.90992e-05,-0.0001145,-1.68376e-05,0.000352834,-0.000326815,0,0,0,0,0,0,0,0,0,0,0,0,0,0,0,0,0,0,0,0,0,0,0,0,0,0,0,0,0,0,0,0,0,0,0,0,0,0,0,0,0,0,0,0,0,0,0,0,0,0,0,0,2,0,0,0,0,0,1.2044,-0.2054,2.3781,0,0,0,0,0,0,0,-0,0,1.46036,0,0,0,0,0,0,0,0,0,0,0,0,0,0,0,0,0,0,0,0,0,0,0,0,0,0,0,0,0,0,0,0,0
3.75,0,0,0,0,0,0,3.17981,2.0576,-2.39941,-2.68519e-05,6.59093e-05,-9.05871e-05,-0.000146101,0.000290232,-0.000153899,0,0,0,0,0,0,0,0,0,0,0,0,0,0,0,0,0,0,0,0,0,0,0,0,0,0,0,0,0,0,0,0,0,0,0,0,0,0,0,0,1.93656,1.29145,-0.021345,1.22054e-06,8.90992e-05,-0.0001145,-1.68376e-05,0.000352834,-0.000326815,0,0,0,0,0,0,0,0,0,0,0,0,0,0,0,0,0,0,0,0,0,0,0,0,0,0,0,0,0,0,0,0,0,0,0,0,0,0,0,0,0,0,0,0,0,0,0,0,0,0,0,0,2,0,0,0,0,0,1.2043,-0.2055,2.378,0,0,0,0,0,0,0,-0,0,1.46036,0,0,0,0,0,0,0,0,0,0,0,0,0,0,0,0,0,0,0,0,0,0,0,0,0,0,0,0,0,0,0,0,0
3.8,0,0,0,0,0,0,3.17981,2.0576,-2.39941,-1.95321e-05,2.44152e-06,2.3843e-06,-7.7936e-05,-1.26189e-06,0.000299421,0,0,0,0,0,0,0,0,0,0,0,0,0,0,0,0,0,0,0,0,0,0,0,0,0,0,0,0,0,0,0,0,0,0,0,0,0,0,0,0,1.93656,1.29145,-0.0213203,9.7661e-06,-7.32458e-05,0.000247651,2.59338e-05,-0.000419708,0.00117249,0,0,0,0,0,0,0,0,0,0,0,0,0,0,0,0,0,0,0,0,0,0,0,0,0,0,0,0,0,0,0,0,0,0,0,0,0,0,0,0,0,0,0,0,0,0,0,0,0,0,0,0,2,0,0,0,0,0,1.2043,-0.2055,2.378,0,0,0,0,0,0,0,-0,0,1.46036,0,0,0,0,0,0,0,0,0,0,0,0,0,0,0,0,0,0,0,0,0,0,0,0,0,0,0,0,0,0,0,0,0
3.85,0,0,0,0,0,0,3.17981,2.0576,-2.39941,-1.95321e-05,2.44152e-06,2.3843e-06,-7.7936e-05,-1.26189e-06,0.000299421,0,0,0,0,0,0,0,0,0,0,0,0,0,0,0,0,0,0,0,0,0,0,0,0,0,0,0,0,0,0,0,0,0,0,0,0,0,0,0,0,1.93656,1.29145,-0.0213203,9.7661e-06,-7.32458e-05,0.000247651,2.59338e-05,-0.000419708,0.00117249,0,0,0,0,0,0,0,0,0,0,0,0,0,0,0,0,0,0,0,0,0,0,0,0,0,0,0,0,0,0,0,0,0,0,0,0,0,0,0,0,0,0,0,0,0,0,0,0,0,0,0,0,2,0,0,0,0,0,1.2043,-0.2055,2.378,0,0,0,0,0,0,0,-0,0,1.46036,0,0,0,0,0,0,0,0,0,0,0,0,0,0,0,0,0,0,0,0,0,0,0,0,0,0,0,0,0,0,0,0,0
3.9,0,0,0,0,0,0,3.17982,2.05758,-2.39942,4.88557e-05,-0.000195423,-0.000143132,0.000235667,-0.000830751,-0.000340242,0,0,0,0,0,0,0,0,0,0,0,0,0,0,0,0,0,0,0,0,0,0,0,0,0,0,0,0,0,0,0,0,0,0,0,0,0,0,0,0,1.93656,1.29144,-0.0213324,-7.32836e-05,-7.81692e-05,-0.000121029,-0.000310459,-0.000376225,-0.000566131,0,0,0,0,0,0,0,0,0,0,0,0,0,0,0,0,0,0,0,0,0,0,0,0,0,0,0,0,0,0,0,0,0,0,0,0,0,0,0,0,0,0,0,0,0,0,0,0,0,0,0,0,2,0,0,0,0,0,1.2043,-0.2055,2.378,0,0,0,0,0,0,0,-0,0,1.46036,0,0,0,0,0,0,0,0,0,0,0,0,0,0,0,0,0,0,0,0,0,0,0,0,0,0,0,0,0,0,0,0,0
3.95,0,0,0,0,0,0,3.17982,2.05758,-2.39942,4.88557e-05,-0.000195423,-0.000143132,0.000235667,-0.000830751,-0.000340242,0,0,0,0,0,0,0,0,0,0,0,0,0,0,0,0,0,0,0,0,0,0,0,0,0,0,0,0,0,0,0,0,0,0,0,0,0,0,0,0,1.93656,1.29144,-0.0213324,-7.32836e-05,-7.81692e-05,-0.000121029,-0.000310459,-0.000376225,-0.000566131,0,0,0,0,0,0,0,0,0,0,0,0,0,0,0,0,0,0,0,0,0,0,0,0,0,0,0,0,0,0,0,0,0,0,0,0,0,0,0,0,0,0,0,0,0,0,0,0,0,0,0,0,2,0,0,0,0,0,1.2594,-0.1504,2.4331,0,0,0,0,0,0,0,-0,0,1.46036,0,0,0,0,0,0,0,0,0,0,0,0,0,0,0,0,0,0,0,0,0,0,0,0,0,0,0,0,0,0,0,0,0
4,0,0,0,0,0,0,3.17981,2.05759,-2.39937,-8.5415e-05,0.000165949,0.000560059,-0.0003525,0.000832573,0.00251881,0,0,0,0,0,0,0,0,0,0,0,0,0,0,0,0,0,0,0,0,0,0,0,0,0,0,0,0,0,0,0,0,0,0,0,0,0,0,0,0,1.93656,1.29145,-0.0213199,7.80937e-05,0.000100058,0.000124933,0.000372818,0.000492032,0.000407366,0,0,0,0,0,0,0,0,0,0,0,0,0,0,0,0,0,0,0,0,0,0,0,0,0,0,0,0,0,0,0,0,0,0,0,0,0,0,0,0,0,0,0,0,0,0,0,0,0,0,0,0,2,0,0,0,0,0,1.2594,-0.1504,2.4331,0,0,0,0,0,0,0,-0,0,1.46035,0,0,0,0,0,0,0,0,0,0,0,0,0,0,0,0,0,0,0,0,0,0,0,0,0,0,0,0,0,0,0,0,0
4.05,0,0,0,0,0,0,3.17981,2.05759,-2.39937,-8.5415e-05,0.000165949,0.000560059,-0.0003525,0.000832573,0.00251881,0,0,0,0,0,0,0,0,0,0,0,0,0,0,0,0,0,0,0,0,0,0,0,0,0,0,0,0,0,0,0,0,0,0,0,0,0,0,0,0,1.93656,1.29145,-0.0213199,7.80937e-05,0.000100058,0.000124933,0.000372818,0.000492032,0.000407366,0,0,0,0,0,0,0,0,0,0,0,0,0,0,0,0,0,0,0,0,0,0,0,0,0,0,0,0,0,0,0,0,0,0,0,0,0,0,0,0,0,0,0,0,0,0,0,0,0,0,0,0,2,0,0,0,0,0,1.2594,-0.1504,2.4331,0,0,0,0,0,0,0,-0,0,1.46035,0,0,0,0,0,0,0,0,0,0,0,0,0,0,0,0,0,0,0,0,0,0,0,0,0,0,0,0,0,0,0,0,0
4.1,0,0,0,0,0,0,3.17981,2.05759,-2.39942,3.1746e-05,-2.9304e-05,-0.000538957,0.000176981,-5.52832e-05,-0.0024927,0,0,0,0,0,0,0,0,0,0,0,0,0,0,0,0,0,0,0,0,0,0,0,0,0,0,0,0,0,0,0,0,0,0,0,0,0,0,0,0,1.93656,1.29144,-0.0213213,-2.1978e-05,-4.5177e-05,-1.46812e-05,-8.36005e-05,-0.000167461,-0.000181648,0,0,0,0,0,0,0,0,0,0,0,0,0,0,0,0,0,0,0,0,0,0,0,0,0,0,0,0,0,0,0,0,0,0,0,0,0,0,0,0,0,0,0,0,0,0,0,0,0,0,0,0,2,0,0,0,0,0,1.2594,-0.1504,2.4331,0,0,0,0,0,0,0,-0,0,1.46036,0,0,0,0,0,0,0,0,0,0,0,0,0,0,0,0,0,0,0,0,0,0,0,0,0,0,0,0,0,0,0,0,0
4.15,0,0,0,0,0,0,3.17981,2.05759,-2.39942,3.1746e-05,-2.9304e-05,-0.000538957,0.000176981,-5.52832e-05,-0.0024927,0,0,0,0,0,0,0,0,0,0,0,0,0,0,0,0,0,0,0,0,0,0,0,0,0,0,0,0,0,0,0,0,0,0,0,0,0,0,0,0,1.93656,1.29144,-0.0213213,-2.1978e-05,-4.5177e-05,-1.46812e-05,-8.36005e-05,-0.000167461,-0.000181648,0,0,0,0,0,0,0,0,0,0,0,0,0,0,0,0,0,0,0,0,0,0,0,0,0,0,0,0,0,0,0,0,0,0,0,0,0,0,0,0,0,0,0,0,0,0,0,0,0,0,0,0,2,0,0,0,0,0,1.2644,-0.1454,2.4381,0,0,0,0,0,0,0,-0,0,1.46036,0,0,0,0,0,0,0,0,0,0,0,0,0,0,0,0,0,0,0,0,0,0,0,0,0,0,0,0,0,0,0,0,0
4.2,0,0,0,0,0,0,3.17981,2.05761,-2.39937,2.68645e-05,0.000161187,0.000484153,0.000158415,0.000607795,0.00191277,0,0,0,0,0,0,0,0,0,0,0,0,0,0,0,0,0,0,0,0,0,0,0,0,0,0,0,0,0,0,0,0,0,0,0,0,0,0,0,0,1.93656,1.29145,-0.0213403,1.22111e-05,5.86134e-05,-0.00018996,2.46476e-05,0.0002249,-0.000889098,0,0,0,0,0,0,0,0,0,0,0,0,0,0,0,0,0,0,0,0,0,0,0,0,0,0,0,0,0,0,0,0,0,0,0,0,0,0,0,0,0,0,0,0,0,0,0,0,0,0,0,0,2,0,0,0,0,0,1.2644,-0.1454,2.4381,0,0,0,0,0,0,0,-0,0,1.46037,0,0,0,0,0,0,0,0,0,0,0,0,0,0,0,0,0,0,0,0,0,0,0,0,0,0,0,0,0,0,0,0,0
4.25,0,0,0,0,0,0,3.17981,2.05761,-2.39937,2.68645e-05,0.000161187,0.000484153,0.000158415,0.000607795,0.00191277,0,0,0,0,0,0,0,0,0,0,0,0,0,0,0,0,0,0,0,0,0,0,0,0,0,0,0,0,0,0,0,0,0,0,0,0,0,0,0,0,1.93656,1.29145,-0.0213403,1.22111e-05,5.86134e-05,-0.00018996,2.46476e-05,0.0002249,-0.000889098,0,0,0,0,0,0,0,0,0,0,0,0,0,0,0,0,0,0,0,0,0,0,0,0,0,0,0,0,0,0,0,0,0,0,0,0,0,0,0,0,0,0,0,0,0,0,0,0,0,0,0,0,2,0,0,0,0,0,1.2644,-0.1454,2.4381,0,0,0,0,0,0,0,-0,0,1.46037,0,0,0,0,0,0,0,0,0,0,0,0,0,0,0,0,0,0,0,0,0,0,0,0,0,0,0,0,0,0,0,0,0
4.3,0,0,0,0,0,0,3.17981,2.05758,-2.3994,0,-0.000251436,-0.000243159,-1.47102e-05,-0.00119428,-0.0011611,0,0,0,0,0,0,0,0,0,0,0,0,0,0,0,0,0,0,0,0,0,0,0,0,0,0,0,0,0,0,0,0,0,0,0,0,0,0,0,0,1.93656,1.29145,-0.0213247,-4.88226e-06,-1.46468e-05,0.000156631,-3.88366e-05,-0.000104521,0.000755111,0,0,0,0,0,0,0,0,0,0,0,0,0,0,0,0,0,0,0,0,0,0,0,0,0,0,0,0,0,0,0,0,0,0,0,0,0,0,0,0,0,0,0,0,0,0,0,0,0,0,0,0,2,0,0,0,0,0,1.2644,-0.1454,2.4381,0,0,0,0,0,0,0,-0,0,1.46035,0,0,0,0,0,0,0,0,0,0,0,0,0,0,0,0,0,0,0,0,0,0,0,0,0,0,0,0,0,0,0,0,0
4.35,0,0,0,0,0,0,3.17981,2.05758,-2.3994,0,-0.000251436,-0.000243159,-1.47102e-05,-0.00119428,-0.0011611,0,0,0,0,0,0,0,0,0,0,0,0,0,0,0,0,0,0,0,0,0,0,0,0,0,0,0,0,0,0,0,0,0,0,0,0,0,0,0,0,1.93656,1.29145,-0.0213247,-4.88226e-06,-1.46468e-05,0.000156631,-3.88366e-05,-0.000104521,0.000755111,0,0,0,0,0,0,0,0,0,0,0,0,0,0,0,0,0,0,0,0,0,0,0,0,0,0,0,0,0,0,0,0,0,0,0,0,0,0,0,0,0,0,0,0,0,0,0,0,0,0,0,0,2,0,0,0,0,0,1.2043,-0.2055,2.378,0,0,0,0,0,0,0,-0,0,1.46035,0,0,0,0,0,0,0,0,0,0,0,0,0,0,0,0,0,0,0,0,0,0,0,0,0,0,0,0,0,0,0,0,0
4.4,0,0,0,0,0,0,3.17981,2.05759,-2.3994,1.95348e-05,0.000119651,-4.76923e-05,4.57747e-05,0.000521865,-0.000332167,0,0,0,0,0,0,0,0,0,0,0,0,0,0,0,0,0,0,0,0,0,0,0,0,0,0,0,0,0,0,0,0,0,0,0,0,0,0,0,0,1.93656,1.29145,-0.0213262,-6.10461e-06,-9.76737e-06,-1.53882e-05,-3.67961e-05,-8.7857e-05,-1.1418e-05,0,0,0,0,0,0,0,0,0,0,0,0,0,0,0,0,0,0,0,0,0,0,0,0,0,0,0,0,0,0,0,0,0,0,0,0,0,0,0,0,0,0,0,0,0,0,0,0,0,0,0,0,2,0,0,0,0,0,1.2043,-0.2055,2.378,0,0,0,0,0,0,0,-0,0,1.46036,0,0,0,0,0,0,0,0,0,0,0,0,0,0,0,0,0,0,0,0,0,0,0,0,0,0,0,0,0,0,0,0,0
4.45,0,0,0,0,0,0,3.17981,2.05759,-2.3994,1.95348e-05,0.000119651,-4.76923e-05,4.57747e-05,0.000521865,-0.000332167,0,0,0,0,0,0,0,0,0,0,0,0,0,0,0,0,0,0,0,0,0,0,0,0,0,0,0,0,0,0,0,0,0,0,0,0,0,0,0,0,1.93656,1.29145,-0.0213262,-6.10461e-06,-9.76737e-06,-1.53882e-05,-3.67961e-05,-8.7857e-05,-1.1418e-05,0,0,0,0,0,0,0,0,0,0,0,0,0,0,0,0,0,0,0,0,0,0,0,0,0,0,0,0,0,0,0,0,0,0,0,0,0,0,0,0,0,0,0,0,0,0,0,0,0,0,0,0,2,0,0,0,0,0,1.2043,-0.2055,2.378,0,0,0,0,0,0,0,-0,0,1.46036,0,0,0,0,0,0,0,0,0,0,0,0,0,0,0,0,0,0,0,0,0,0,0,0,0,0,0,0,0,0,0,0,0
4.5,0,0,0,0,0,0,3.17981,2.0576,-2.39938,-1.46487e-05,2.44145e-05,0.000174049,-0.000100911,0.000165226,0.000798804,0,0,0,0,0,0,0,0,0,0,0,0,0,0,0,0,0,0,0,0,0,0,0,0,0,0,0,0,0,0,0,0,0,0,0,0,0,0,0,0,1.93656,1.29144,-0.0213431,2.44145e-06,-4.76083e-05,-0.000169001,1.23266e-05,-0.000201706,-0.00072439,0,0,0,0,0,0,0,0,0,0,0,0,0,0,0,0,0,0,0,0,0,0,0,0,0,0,0,0,0,0,0,0,0,0,0,0,0,0,0,0,0,0,0,0,0,0,0,0,0,0,0,0,2,0,0,0,0,0,1.2043,-0.2055,2.378,0,0,0,0,0,0,0,-0,0,1.46036,0,0,0,0,0,0,0,0,0,0,0,0,0,0,0,0,0,0,0,0,0,0,0,0,0,0,0,0,0,0,0,0,0
4.55,0,0,0,0,0,0,3.17981,2.0576,-2.39938,-1.46487e-05,2.44145e-05,0.000174049,-0.000100911,0.000165226,0.000798804,0,0,0,0,0,0,0,0,0,0,0,0,0,0,0,0,0,0,0,0,0,0,0,0,0,0,0,0,0,0,0,0,0,0,0,0,0,0,0,0,1.93656,1.29144,-0.0213431,2.44145e-06,-4.76083e-05,-0.000169001,1.23266e-05,-0.000201706,-0.00072439,0,0,0,0,0,0,0,0,0,0,0,0,0,0,0,0,0,0,0,0,0,0,0,0,0,0,0,0,0,0,0,0,0,0,0,0,0,0,0,0,0,0,0,0,0,0,0,0,0,0,0,0,2,0,0,0,0,0,1.2044,-0.2054,2.3781,0,0,0,0,0,0,0,-0,0,1.46036,0,0,0,0,0,0,0,0,0,0,0,0,0,0,0,0,0,0,0,0,0,0,0,0,0,0,0,0,0,0,0,0,0
4.6,0,0,0,0,0,0,3.17982,2.05758,-2.3994,2.44159e-05,-0.000109872,-0.000143062,7.56449e-05,-0.000485644,-0.000634378,0,0,0,0,0,0,0,0,0,0,0,0,0,0,0,0,0,0,0,0,0,0,0,0,0,0,0,0,0,0,0,0,0,0,0,0,0,0,0,0,1.93656,1.29144,-0.0213331,-3.78447e-05,-2.4416e-06,9.99573e-05,-0.000146921,4.39573e-05,0.000543241,0,0,0,0,0,0,0,0,0,0,0,0,0,0,0,0,0,0,0,0,0,0,0,0,0,0,0,0,0,0,0,0,0,0,0,0,0,0,0,0,0,0,0,0,0,0,0,0,0,0,0,0,2,0,0,0,0,0,1.2044,-0.2054,2.3781,0,0,0,0,0,0,0,-0,0,1.46036,0,0,0,0,0,0,0,0,0,0,0,0,0,0,0,0,0,0,0,0,0,0,0,0,0,0,0,0,0,0,0,0,0
4.65,0,0,0,0,0,0,3.17982,2.05758,-2.3994,2.44159e-05,-0.000109872,-0.000143062,7.56449e-05,-0.000485644,-0.000634378,0,0,0,0,0,0,0,0,0,0,0,0,0,0,0,0,0,0,0,0,0,0,0,0,0,0,0,0,0,0,0,0,0,0,0,0,0,0,0,0,1.93656,1.29144,-0.0213331,-3.78447e-05,-2.4416e-06,9.99573e-05,-0.000146921,4.39573e-05,0.000543241,0,0,0,0,0,0,0,0,0,0,0,0,0,0,0,0,0,0,0,0,0,0,0,0,0,0,0,0,0,0,0,0,0,0,0,0,0,0,0,0,0,0,0,0,0,0,0,0,0,0,0,0,2,0,0,0,0,0,1.2044,-0.2054,2.3781,0,0,0,0,0,0,0,-0,0,1.46036,0,0,0,0,0,0,0,0,0,0,0,0,0,0,0,0,0,0,0,0,0,0,0,0,0,0,0,0,0,0,0,0,0
4.7,0,0,0,0,0,0,3.17982,2.0576,-2.39939,-4.88229e-06,0.00012694,0.000109661,-4.77495e-05,0.000566546,0.000434935,0,0,0,0,0,0,0,0,0,0,0,0,0,0,0,0,0,0,0,0,0,0,0,0,0,0,0,0,0,0,0,0,0,0,0,0,0,0,0,0,1.93656,1.29144,-0.0213394,6.59109e-05,-1.7088e-05,-6.2932e-05,0.000304812,1.11528e-06,-0.000153114,0,0,0,0,0,0,0,0,0,0,0,0,0,0,0,0,0,0,0,0,0,0,0,0,0,0,0,0,0,0,0,0,0,0,0,0,0,0,0,0,0,0,0,0,0,0,0,0,0,0,0,0,2,0,0,0,0,0,1.2044,-0.2054,2.3781,0,0,0,0,0,0,0,-0,0,1.46037,0,0,0,0,0,0,0,0,0,0,0,0,0,0,0,0,0,0,0,0,0,0,0,0,0,0,0,0,0,0,0,0,0
4.75,0,0,0,0,0,0,3.17982,2.0576,-2.39939,-4.88229e-06,0.00012694,0.000109661,-4.77495e-05,0.000566546,0.000434935,0,0,0,0,0,0,0,0,0,0,0,0,0,0,0,0,0,0,0,0,0,0,0,0,0,0,0,0,0,0,0,0,0,0,0,0,0,0,0,0,1.93656,1.29144,-0.0213394,6.59109e-05,-1.7088e-05,-6.2932e-05,0.000304812,1.11528e-06,-0.000153114,0,0,0,0,0,0,0,0,0,0,0,0,0,0,0,0,0,0,0,0,0,0,0,0,0,0,0,0,0,0,0,0,0,0,0,0,0,0,0,0,0,0,0,0,0,0,0,0,0,0,0,0,2,0,0,0,0,0,1.1524,-0.2574,2.3261,0,0,0,0,0,0,0,-0,0,1.46037,0,0,0,0,0,0,0,0,0,0,0,0,0,0,0,0,0,0,0,0,0,0,0,0,0,0,0,0,0,0,0,0,0
4.8,0,0,0,0,0,0,3.17981,2.05758,-2.39939,-3.90716e-05,-0.000178264,-8.34659e-05,-0.000181977,-0.000736958,-0.00036584,0,0,0,0,0,0,0,0,0,0,0,0,0,0,0,0,0,0,0,0,0,0,0,0,0,0,0,0,0,0,0,0,0,0,0,0,0,0,0,0,1.93656,1.29144,-0.0213281,2.44197e-06,2.44197e-05,0.000112623,-9.47255e-06,0.000160732,0.000515301,0,0,0,0,0,0,0,0,0,0,0,0,0,0,0,0,0,0,0,0,0,0,0,0,0,0,0,0,0,0,0,0,0,0,0,0,0,0,0,0,0,0,0,0,0,0,0,0,0,0,0,0,2,0,0,0,0,0,1.1524,-0.2574,2.3261,0,0,0,0,0,0,0,-0,0,1.46035,0,0,0,0,0,0,0,0,0,0,0,0,0,0,0,0,0,0,0,0,0,0,0,0,0,0,0,0,0,0,0,0,0
4.85,0,0,0,0,0,0,3.17981,2.05758,-2.39939,-3.90716e-05,-0.000178264,-8.34659e-05,-0.000181977,-0.000736958,-0.00036584,0,0,0,0,0,0,0,0,0,0,0,0,0,0,0,0,0,0,0,0,0,0,0,0,0,0,0,0,0,0,0,0,0,0,0,0,0,0,0,0,1.93656,1.29144,-0.0213281,2.44197e-06,2.44197e-05,0.000112623,-9.47255e-06,0.000160732,0.000515301,0,0,0,0,0,0,0,0,0,0,0,0,0,0,0,0,0,0,0,0,0,0,0,0,0,0,0,0,0,0,0,0,0,0,0,0,0,0,0,0,0,0,0,0,0,0,0,0,0,0,0,0,2,0,0,0,0,0,1.1524,-0.2574,2.3261,0,0,0,0,0,0,0,-0,0,1.46035,0,0,0,0,0,0,0,0,0,0,0,0,0,0,0,0,0,0,0,0,0,0,0,0,0,0,0,0,0,0,0,0,0
4.9,0,0,0,0,0,0,3.17981,2.05758,-2.39939,-3.90716e-05,-0.000178264,-8.34659e-05,-0.000181977,-0.000736958,-0.00036584,0,0,0,0,0,0,0,0,0,0,0,0,0,0,0,0,0,0,0,0,0,0,0,0,0,0,0,0,0,0,0,0,0,0,0,0,0,0,0,0,1.93656,1.29144,-0.0213281,2.44197e-06,2.44197e-05,0.000112623,-9.47255e-06,0.000160732,0.000515301,0,0,0,0,0,0,0,0,0,0,0,0,0,0,0,0,0,0,0,0,0,0,0,0,0,0,0,0,0,0,0,0,0,0,0,0,0,0,0,0,0,0,0,0,0,0,0,0,0,0,0,0,2,0,0,0,0,0,1.1524,-0.2574,2.3261,0,0,0,0,0,0,0,-0,0,1.46035,0,0,0,0,0,0,0,0,0,0,0,0,0,0,0,0,0,0,0,0,0,0,0,0,0,0,0,0,0,0,0,0,0
4.95,0,0,0,0,0,0,3.17981,2.05758,-2.39939,3.17373e-05,5.37093e-05,9.53645e-05,0.000155476,0.000307881,0.000386473,0,0,0,0,0,0,0,0,0,0,0,0,0,0,0,0,0,0,0,0,0,0,0,0,0,0,0,0,0,0,0,0,0,0,0,0,0,0,0,0,1.93656,1.29145,-0.0213197,-5.98125e-05,3.66199e-05,8.45055e-05,-0.000296971,0.000166878,0.000287597,0,0,0,0,0,0,0,0,0,0,0,0,0,0,0,0,0,0,0,0,0,0,0,0,0,0,0,0,0,0,0,0,0,0,0,0,0,0,0,0,0,0,0,0,0,0,0,0,0,0,0,0,2,0,0,0,0,0,1.2022,-0.2076,2.3759,0,0,0,0,0,0,0,-0,0,1.46036,0,0,0,0,0,0,0,0,0,0,0,0,0,0,0,0,0,0,0,0,0,0,0,0,0,0,0,0,0,0,0,0,0
5,0,0,0,0,0,0,3.17981,2.05761,-2.39939,-3.66256e-05,0.000205103,-5.96119e-05,-0.00013413,0.000931222,-0.000285372,0,0,0,0,0,0,0,0,0,0,0,0,0,0,0,0,0,0,0,0,0,0,0,0,0,0,0,0,0,0,0,0,0,0,0,0,0,0,0,0,1.93656,1.29145,-0.0213519,1.70919e-05,9.76683e-06,-0.000322128,9.00736e-05,-6.27916e-06,-0.00148296,0,0,0,0,0,0,0,0,0,0,0,0,0,0,0,0,0,0,0,0,0,0,0,0,0,0,0,0,0,0,0,0,0,0,0,0,0,0,0,0,0,0,0,0,0,0,0,0,0,0,0,0,2,0,0,0,0,0,1.2022,-0.2076,2.3759,0,0,0,0,0,0,0,-0,0,1.46037,0,0,0,0,0,0,0,0,0,0,0,0,0,0,0,0,0,0,0,0,0,0,0,0,0,0,0,0,0,0,0,0,0
5.05,0,0,0,0,0,0,3.17981,2.05761,-2.39939,-3.66256e-05,0.000205103,-5.96119e-05,-0.00013413,0.000931222,-0.000285372,0,0,0,0,0,0,0,0,0,0,0,0,0,0,0,0,0,0,0,0,0,0,0,0,0,0,0,0,0,0,0,0,0,0,0,0,0,0,0,0,1.93656,1.29145,-0.0213519,1.70919e-05,9.76683e-06,-0.000322128,9.00736e-05,-6.27916e-06,-0.00148296,0,0,0,0,0,0,0,0,0,0,0,0,0,0,0,0,0,0,0,0,0,0,0,0,0,0,0,0,0,0,0,0,0,0,0,0,0,0,0,0,0,0,0,0,0,0,0,0,0,0,0,0,2,0,0,0,0,0,1.2022,-0.2076,2.3759,0,0,0,0,0,0,0,-0,0,1.46037,0,0,0,0,0,0,0,0,0,0,0,0,0,0,0,0,0,0,0,0,0,0,0,0,0,0,0,0,0,0,0,0,0
5.1,0,0,0,0,0,0,3.17981,2.05761,-2.39939,-3.66256e-05,0.000205103,-5.96119e-05,-0.00013413,0.000931222,-0.000285372,0,0,0,0,0,0,0,0,0,0,0,0,0,0,0,0,0,0,0,0,0,0,0,0,0,0,0,0,0,0,0,0,0,0,0,0,0,0,0,0,1.93656,1.29145,-0.0213519,1.70919e-05,9.76683e-06,-0.000322128,9.00736e-05,-6.27916e-06,-0.00148296,0,0,0,0,0,0,0,0,0,0,0,0,0,0,0,0,0,0,0,0,0,0,0,0,0,0,0,0,0,0,0,0,0,0,0,0,0,0,0,0,0,0,0,0,0,0,0,0,0,0,0,0,2,0,0,0,0,0,1.2022,-0.2076,2.3759,0,0,0,0,0,0,0,-0,0,1.46037,0,0,0,0,0,0,0,0,0,0,0,0,0,0,0,0,0,0,0,0,0,0,0,0,0,0,0,0,0,0,0,0,0
5.15,0,0,0,0,0,0,3.17981,2.05759,-2.39938,2.92985e-05,-0.000153817,0.000128753,0.000143672,-0.000790577,0.000490362,0,0,0,0,0,0,0,0,0,0,0,0,0,0,0,0,0,0,0,0,0,0,0,0,0,0,0,0,0,0,0,0,0,0,0,0,0,0,0,0,1.93656,1.29145,-0.0213218,2.07531e-05,-2.80777e-05,0.000300498,0.000121099,-0.000178418,0.00135769,0,0,0,0,0,0,0,0,0,0,0,0,0,0,0,0,0,0,0,0,0,0,0,0,0,0,0,0,0,0,0,0,0,0,0,0,0,0,0,0,0,0,0,0,0,0,0,0,0,0,0,0,2,0,0,0,0,0,1.1527,-0.257,2.3265,0,0,0,0,0,0,0,-0,0,1.46036,0,0,0,0,0,0,0,0,0,0,0,0,0,0,0,0,0,0,0,0,0,0,0,0,0,0,0,0,0,0,0,0,0
5.2,0,0,0,0,0,0,3.17981,2.05759,-2.39938,2.92985e-05,-0.000153817,0.000128753,0.000143672,-0.000790577,0.000490362,0,0,0,0,0,0,0,0,0,0,0,0,0,0,0,0,0,0,0,0,0,0,0,0,0,0,0,0,0,0,0,0,0,0,0,0,0,0,0,0,1.93656,1.29145,-0.0213218,2.07531e-05,-2.80777e-05,0.000300498,0.000121099,-0.000178418,0.00135769,0,0,0,0,0,0,0,0,0,0,0,0,0,0,0,0,0,0,0,0,0,0,0,0,0,0,0,0,0,0,0,0,0,0,0,0,0,0,0,0,0,0,0,0,0,0,0,0,0,0,0,0,2,0,0,0,0,0,1.1527,-0.257,2.3265,0,0,0,0,0,0,0,-0,0,1.46036,0,0,0,0,0,0,0,0,0,0,0,0,0,0,0,0,0,0,0,0,0,0,0,0,0,0,0,0,0,0,0,0,0
5.25,0,0,0,0,0,0,3.17981,2.0576,-2.39941,-4.88377e-06,8.05822e-05,-0.000319544,-1.27099e-05,0.000228812,-0.0013918,0,0,0,0,0,0,0,0,0,0,0,0,0,0,0,0,0,0,0,0,0,0,0,0,0,0,0,0,0,0,0,0,0,0,0,0,0,0,0,0,1.93656,1.29145,-0.0213294,-2.56398e-05,1.34304e-05,-7.51912e-05,-0.000108457,3.54197e-05,-0.000301399,0,0,0,0,0,0,0,0,0,0,0,0,0,0,0,0,0,0,0,0,0,0,0,0,0,0,0,0,0,0,0,0,0,0,0,0,0,0,0,0,0,0,0,0,0,0,0,0,0,0,0,0,2,0,0,0,0,0,1.1527,-0.257,2.3265,0,0,0,0,0,0,0,-0,0,1.46037,0,0,0,0,0,0,0,0,0,0,0,0,0,0,0,0,0,0,0,0,0,0,0,0,0,0,0,0,0,0,0,0,0
5.3,0,0,0,0,0,0,3.17981,2.05758,-2.39937,-3.90605e-05,-0.000146477,0.000398139,-0.000165364,-0.000631873,0.00177708,0,0,0,0,0,0,0,0,0,0,0,0,0,0,0,0,0,0,0,0,0,0,0,0,0,0,0,0,0,0,0,0,0,0,0,0,0,0,0,0,1.93656,1.29145,-0.0213028,-1.09858e-05,4.15018e-05,0.000265544,-3.76528e-05,0.000162386,0.000955931,0,0,0,0,0,0,0,0,0,0,0,0,0,0,0,0,0,0,0,0,0,0,0,0,0,0,0,0,0,0,0,0,0,0,0,0,0,0,0,0,0,0,0,0,0,0,0,0,0,0,0,0,2,0,0,0,0,0,1.1527,-0.257,2.3265,0,0,0,0,0,0,0,-0,0,1.46035,0,0,0,0,0,0,0,0,0,0,0,0,0,0,0,0,0,0,0,0,0,0,0,0,0,0,0,0,0,0,0,0,0
5.35,0,0,0,0,0,0,3.17981,2.05758,-2.39937,-3.90605e-05,-0.000146477,0.000398139,-0.000165364,-0.000631873,0.00177708,0,0,0,0,0,0,0,0,0,0,0,0,0,0,0,0,0,0,0,0,0,0,0,0,0,0,0,0,0,0,0,0,0,0,0,0,0,0,0,0,1.93656,1.29145,-0.0213028,-1.09858e-05,4.15018e-05,0.000265544,-3.76528e-05,0.000162386,0.000955931,0,0,0,0,0,0,0,0,0,0,0,0,0,0,0,0,0,0,0,0,0,0,0,0,0,0,0,0,0,0,0,0,0,0,0,0,0,0,0,0,0,0,0,0,0,0,0,0,0,0,0,0,2,0,0,0,0,0,1.2043,-0.2055,2.3781,0,0,0,0,0,0,0,-0,0,1.46035,0,0,0,0,0,0,0,0,0,0,0,0,0,0,0,0,0,0,0,0,0,0,0,0,0,0,0,0,0,0,0,0,0
5.4,0,0,0,0,0,0,3.17981,2.05759,-2.39938,0,5.85748e-05,-0.000114404,3.61355e-05,0.000323548,-0.000552276,0,0,0,0,0,0,0,0,0,0,0,0,0,0,0,0,0,0,0,0,0,0,0,0,0,0,0,0,0,0,0,0,0,0,0,0,0,0,0,0,1.93656,1.29145,-0.0213486,-1.22031e-05,2.92874e-05,-0.000457988,-1.78863e-05,6.58733e-05,-0.00214708,0,0,0,0,0,0,0,0,0,0,0,0,0,0,0,0,0,0,0,0,0,0,0,0,0,0,0,0,0,0,0,0,0,0,0,0,0,0,0,0,0,0,0,0,0,0,0,0,0,0,0,0,2,0,0,0,0,0,1.2043,-0.2055,2.3781,0,0,0,0,0,0,0,-0,0,1.46036,0,0,0,0,0,0,0,0,0,0,0,0,0,0,0,0,0,0,0,0,0,0,0,0,0,0,0,0,0,0,0,0,0
5.45,0,0,0,0,0,0,3.17981,2.05759,-2.39938,0,5.85748e-05,-0.000114404,3.61355e-05,0.000323548,-0.000552276,0,0,0,0,0,0,0,0,0,0,0,0,0,0,0,0,0,0,0,0,0,0,0,0,0,0,0,0,0,0,0,0,0,0,0,0,0,0,0,0,1.93656,1.29145,-0.0213486,-1.22031e-05,2.92874e-05,-0.000457988,-1.78863e-05,6.58733e-05,-0.00214708,0,0,0,0,0,0,0,0,0,0,0,0,0,0,0,0,0,0,0,0,0,0,0,0,0,0,0,0,0,0,0,0,0,0,0,0,0,0,0,0,0,0,0,0,0,0,0,0,0,0,0,0,2,0,0,0,0,0,1.2043,-0.2055,2.3781,0,0,0,0,0,0,0,-0,0,1.46036,0,0,0,0,0,0,0,0,0,0,0,0,0,0,0,0,0,0,0,0,0,0,0,0,0,0,0,0,0,0,0,0,0
5.5,0,0,0,0,0,0,3.17981,2.0576,-2.3994,2.44251e-05,0.000141666,-0.000157427,0.000146559,0.000655473,-0.000818578,0,0,0,0,0,0,0,0,0,0,0,0,0,0,0,0,0,0,0,0,0,0,0,0,0,0,0,0,0,0,0,0,0,0,0,0,0,0,0,0,1.93656,1.29145,-0.0213195,4.51864e-05,-6.47265e-05,0.00029089,0.00022125,-0.000349177,0.00128362,0,0,0,0,0,0,0,0,0,0,0,0,0,0,0,0,0,0,0,0,0,0,0,0,0,0,0,0,0,0,0,0,0,0,0,0,0,0,0,0,0,0,0,0,0,0,0,0,0,0,0,0,2,0,0,0,0,0,1.2043,-0.2055,2.3781,0,0,0,0,0,0,0,-0,0,1.46037,0,0,0,0,0,0,0,0,0,0,0,0,0,0,0,0,0,0,0,0,0,0,0,0,0,0,0,0,0,0,0,0,0
5.55,0,0,0,0,0,0,3.17981,2.0576,-2.3994,2.44251e-05,0.000141666,-0.000157427,0.000146559,0.000655473,-0.000818578,0,0,0,0,0,0,0,0,0,0,0,0,0,0,0,0,0,0,0,0,0,0,0,0,0,0,0,0,0,0,0,0,0,0,0,0,0,0,0,0,1.93656,1.29145,-0.0213195,4.51864e-05,-6.47265e-05,0.00029089,0.00022125,-0.000349177,0.00128362,0,0,0,0,0,0,0,0,0,0,0,0,0,0,0,0,0,0,0,0,0,0,0,0,0,0,0,0,0,0,0,0,0,0,0,0,0,0,0,0,0,0,0,0,0,0,0,0,0,0,0,0,2,0,0,0,0,0,1.2342,-0.1756,2.4079,0,0,0,0,0,0,0,-0,0,1.46037,0,0,0,0,0,0,0,0,0,0,0,0,0,0,0,0,0,0,0,0,0,0,0,0,0,0,0,0,0,0,0,0,0
5.6,0,0,0,0,0,0,3.17981,2.05759,-2.39942,1.46488e-05,-0.000180669,-0.000181203,6.39186e-05,-0.000849265,-0.000622785,0,0,0,0,0,0,0,0,0,0,0,0,0,0,0,0,0,0,0,0,0,0,0,0,0,0,0,0,0,0,0,0,0,0,0,0,0,0,0,0,1.93656,1.29145,-0.0213097,-3.90636e-05,8.54517e-06,9.86299e-05,-0.000171367,2.68557e-05,0.000467136,0,0,0,0,0,0,0,0,0,0,0,0,0,0,0,0,0,0,0,0,0,0,0,0,0,0,0,0,0,0,0,0,0,0,0,0,0,0,0,0,0,0,0,0,0,0,0,0,0,0,0,0,2,0,0,0,0,0,1.2342,-0.1756,2.4079,0,0,0,0,0,0,0,-0,0,1.46036,0,0,0,0,0,0,0,0,0,0,0,0,0,0,0,0,0,0,0,0,0,0,0,0,0,0,0,0,0,0,0,0,0
5.65,0,0,0,0,0,0,3.17981,2.05759,-2.39942,1.46488e-05,-0.000180669,-0.000181203,6.39186e-05,-0.000849265,-0.000622785,0,0,0,0,0,0,0,0,0,0,0,0,0,0,0,0,0,0,0,0,0,0,0,0,0,0,0,0,0,0,0,0,0,0,0,0,0,0,0,0,1.93656,1.29145,-0.0213097,-3.90636e-05,8.54517e-06,9.86299e-05,-0.000171367,2.68557e-05,0.000467136,0,0,0,0,0,0,0,0,0,0,0,0,0,0,0,0,0,0,0,0,0,0,0,0,0,0,0,0,0,0,0,0,0,0,0,0,0,0,0,0,0,0,0,0,0,0,0,0,0,0,0,0,2,0,0,0,0,0,1.2342,-0.1756,2.4079,0,0,0,0,0,0,0,-0,0,1.46036,0,0,0,0,0,0,0,0,0,0,0,0,0,0,0,0,0,0,0,0,0,0,0,0,0,0,0,0,0,0,0,0,0
5.7,0,0,0,0,0,0,3.17981,2.05759,-2.39939,-4.88339e-05,4.63922e-05,0.000257522,-0.000226475,0.000193609,0.00140566,0,0,0,0,0,0,0,0,0,0,0,0,0,0,0,0,0,0,0,0,0,0,0,0,0,0,0,0,0,0,0,0,0,0,0,0,0,0,0,0,1.93656,1.29144,-0.0213466,4.88338e-06,-0.000100109,-0.000369257,1.95452e-05,-0.000367102,-0.00169965,0,0,0,0,0,0,0,0,0,0,0,0,0,0,0,0,0,0,0,0,0,0,0,0,0,0,0,0,0,0,0,0,0,0,0,0,0,0,0,0,0,0,0,0,0,0,0,0,0,0,0,0,2,0,0,0,0,0,1.2342,-0.1756,2.4079,0,0,0,0,0,0,0,-0,0,1.46036,0,0,0,0,0,0,0,0,0,0,0,0,0,0,0,0,0,0,0,0,0,0,0,0,0,0,0,0,0,0,0,0,0
5.75,0,0,0,0,0,0,3.17981,2.05759,-2.39939,-4.88339e-05,4.63922e-05,0.000257522,-0.000226475,0.000193609,0.00140566,0,0,0,0,0,0,0,0,0,0,0,0,0,0,0,0,0,0,0,0,0,0,0,0,0,0,0,0,0,0,0,0,0,0,0,0,0,0,0,0,1.93656,1.29144,-0.0213466,4.88338e-06,-0.000100109,-0.000369257,1.95452e-05,-0.000367102,-0.00169965,0,0,0,0,0,0,0,0,0,0,0,0,0,0,0,0,0,0,0,0,0,0,0,0,0,0,0,0,0,0,0,0,0,0,0,0,0,0,0,0,0,0,0,0,0,0,0,0,0,0,0,0,2,0,0,0,0,0,1.2533,-0.1565,2.4269,0,0,0,0,0,0,0,-0,0,1.46036,0,0,0,0,0,0,0,0,0,0,0,0,0,0,0,0,0,0,0,0,0,0,0,0,0,0,0,0,0,0,0,0,0
5.8,0,0,0,0,0,0,3.17981,2.05759,-2.39939,2.44156e-05,3.90649e-05,3.81493e-05,0.000117382,0.000228136,0.00024208,0,0,0,0,0,0,0,0,0,0,0,0,0,0,0,0,0,0,0,0,0,0,0,0,0,0,0,0,0,0,0,0,0,0,0,0,0,0,0,0,1.93656,1.29144,-0.0213389,1.83117e-05,3.66234e-05,7.74722e-05,9.12322e-05,0.000272577,0.000471097,0,0,0,0,0,0,0,0,0,0,0,0,0,0,0,0,0,0,0,0,0,0,0,0,0,0,0,0,0,0,0,0,0,0,0,0,0,0,0,0,0,0,0,0,0,0,0,0,0,0,0,0,2,0,0,0,0,0,1.2533,-0.1565,2.4269,0,0,0,0,0,0,0,-0,0,1.46036,0,0,0,0,0,0,0,0,0,0,0,0,0,0,0,0,0,0,0,0,0,0,0,0,0,0,0,0,0,0,0,0,0
5.85,0,0,0,0,0,0,3.17981,2.05759,-2.39939,2.44156e-05,3.90649e-05,3.81493e-05,0.000117382,0.000228136,0.00024208,0,0,0,0,0,0,0,0,0,0,0,0,0,0,0,0,0,0,0,0,0,0,0,0,0,0,0,0,0,0,0,0,0,0,0,0,0,0,0,0,1.93656,1.29144,-0.0213389,1.83117e-05,3.66234e-05,7.74722e-05,9.12322e-05,0.000272577,0.000471097,0,0,0,0,0,0,0,0,0,0,0,0,0,0,0,0,0,0,0,0,0,0,0,0,0,0,0,0,0,0,0,0,0,0,0,0,0,0,0,0,0,0,0,0,0,0,0,0,0,0,0,0,2,0,0,0,0,0,1.2533,-0.1565,2.4269,0,0,0,0,0,0,0,-0,0,1.46036,0,0,0,0,0,0,0,0,0,0,0,0,0,0,0,0,0,0,0,0,0,0,0,0,0,0,0,0,0,0,0,0,0
5.9,0,0,0,0,0,0,3.17981,2.0576,-2.39938,2.92986e-05,2.6857e-05,4.05335e-05,0.000136538,9.28779e-05,-2.62317e-06,0,0,0,0,0,0,0,0,0,0,0,0,0,0,0,0,0,0,0,0,0,0,0,0,0,0,0,0,0,0,0,0,0,0,0,0,0,0,0,0,1.93656,1.29146,-0.0213179,9.76619e-06,0.000135506,0.00020902,3.03383e-05,0.000645366,0.00110234,0,0,0,0,0,0,0,0,0,0,0,0,0,0,0,0,0,0,0,0,0,0,0,0,0,0,0,0,0,0,0,0,0,0,0,0,0,0,0,0,0,0,0,0,0,0,0,0,0,0,0,0,2,0,0,0,0,0,1.2533,-0.1565,2.4269,0,0,0,0,0,0,0,-0,0,1.46036,0,0,0,0,0,0,0,0,0,0,0,0,0,0,0,0,0,0,0,0,0,0,0,0,0,0,0,0,0,0,0,0,0
5.95,0,0,0,0,0,0,3.17981,2.0576,-2.39938,2.92986e-05,2.6857e-05,4.05335e-05,0.000136538,9.28779e-05,-2.62317e-06,0,0,0,0,0,0,0,0,0,0,0,0,0,0,0,0,0,0,0,0,0,0,0,0,0,0,0,0,0,0,0,0,0,0,0,0,0,0,0,0,1.93656,1.29146,-0.0213179,9.76619e-06,0.000135506,0.00020902,3.03383e-05,0.000645366,0.00110234,0,0,0,0,0,0,0,0,0,0,0,0,0,0,0,0,0,0,0,0,0,0,0,0,0,0,0,0,0,0,0,0,0,0,0,0,0,0,0,0,0,0,0,0,0,0,0,0,0,0,0,0,2,0,0,0,0,0,1.2044,-0.2054,2.3781,0,0,0,0,0,0,0,-0,0,1.46036,0,0,0,0,0,0,0,0,0,0,0,0,0,0,0,0,0,0,0,0,0,0,0,0,0,0,0,0,0,0,0,0,0
6,0,0,0,0,0,0,3.17981,2.05759,-2.39938,-3.4185e-05,-3.4185e-05,3.57684e-05,-0.000169083,-0.000206445,-5.3742e-05,0,0,0,0,0,0,0,0,0,0,0,0,0,0,0,0,0,0,0,0,0,0,0,0,0,0,0,0,0,0,0,0,0,0,0,0,0,0,0,0,1.93656,1.29145,-0.0213434,-9.76717e-06,-1.58716e-05,-0.000254478,-6.8075e-05,-0.000166891,-0.00110465,0,0,0,0,0,0,0,0,0,0,0,0,0,0,0,0,0,0,0,0,0,0,0,0,0,0,0,0,0,0,0,0,0,0,0,0,0,0,0,0,0,0,0,0,0,0,0,0,0,0,0,0,2,0,0,0,0,0,1.2044,-0.2054,2.3781,0,0,0,0,0,0,0,-0,0,1.46036,0,0,0,0,0,0,0,0,0,0,0,0,0,0,0,0,0,0,0,0,0,0,0,0,0,0,0,0,0,0,0,0,0
6.05,0,0,0,0,0,0,3.17981,2.05759,-2.39938,-3.4185e-05,-3.4185e-05,3.57684e-05,-0.000169083,-0.000206445,-5.3742e-05,0,0,0,0,0,0,0,0,0,0,0,0,0,0,0,0,0,0,0,0,0,0,0,0,0,0,0,0,0,0,0,0,0,0,0,0,0,0,0,0,1.93656,1.29145,-0.0213434,-9.76717e-06,-1.58716e-05,-0.000254478,-6.8075e-05,-0.000166891,-0.00110465,0,0,0,0,0,0,0,0,0,0,0,0,0,0,0,0,0,0,0,0,0,0,0,0,0,0,0,0,0,0,0,0,0,0,0,0,0,0,0,0,0,0,0,0,0,0,0,0,0,0,0,0,2,0,0,0,0,0,1.2044,-0.2054,2.3781,0,0,0,0,0,0,0,-0,0,1.46036,0,0,0,0,0,0,0,0,0,0,0,0,0,0,0,0,0,0,0,0,0,0,0,0,0,0,0,0,0,0,0,0,0
6.1,0,0,0,0,0,0,3.17982,2.05757,-2.39939,4.88294e-05,-0.00021485,-0.000157361,0.000188799,-0.000886375,-0.000810871,0,0,0,0,0,0,0,0,0,0,0,0,0,0,0,0,0,0,0,0,0,0,0,0,0,0,0,0,0,0,0,0,0,0,0,0,0,0,0,0,1.93656,1.29143,-0.0213553,-3.41805e-05,-0.000203863,-0.000118858,-0.00015175,-0.000961323,-0.000420198,0,0,0,0,0,0,0,0,0,0,0,0,0,0,0,0,0,0,0,0,0,0,0,0,0,0,0,0,0,0,0,0,0,0,0,0,0,0,0,0,0,0,0,0,0,0,0,0,0,0,0,0,2,0,0,0,0,0,1.2044,-0.2054,2.3781,0,0,0,0,0,0,0,-0,0,1.46036,0,0,0,0,0,0,0,0,0,0,0,0,0,0,0,0,0,0,0,0,0,0,0,0,0,0,0,0,0,0,0,0,0
6.15,0,0,0,0,0,0,3.17982,2.05757,-2.39939,4.88294e-05,-0.00021485,-0.000157361,0.000188799,-0.000886375,-0.000810871,0,0,0,0,0,0,0,0,0,0,0,0,0,0,0,0,0,0,0,0,0,0,0,0,0,0,0,0,0,0,0,0,0,0,0,0,0,0,0,0,1.93656,1.29143,-0.0213553,-3.41805e-05,-0.000203863,-0.000118858,-0.00015175,-0.000961323,-0.000420198,0,0,0,0,0,0,0,0,0,0,0,0,0,0,0,0,0,0,0,0,0,0,0,0,0,0,0,0,0,0,0,0,0,0,0,0,0,0,0,0,0,0,0,0,0,0,0,0,0,0,0,0,2,0,0,0,0,0,1.1656,-0.2442,2.3393,0,0,0,0,0,0,0,-0,0,1.46036,0,0,0,0,0,0,0,0,0,0,0,0,0,0,0,0,0,0,0,0,0,0,0,0,0,0,0,0,0,0,0,0,0
6.2,0,0,0,0,0,0,3.17981,2.05759,-2.39936,-1.4648e-05,0.000136714,0.000352848,-9.18378e-05,0.000780536,0.00144933,0,0,0,0,0,0,0,0,0,0,0,0,0,0,0,0,0,0,0,0,0,0,0,0,0,0,0,0,0,0,0,0,0,0,0,0,0,0,0,0,1.93656,1.29145,-0.0213222,4.88265e-05,0.000136714,0.000330385,0.000229238,0.000676133,0.00163544,0,0,0,0,0,0,0,0,0,0,0,0,0,0,0,0,0,0,0,0,0,0,0,0,0,0,0,0,0,0,0,0,0,0,0,0,0,0,0,0,0,0,0,0,0,0,0,0,0,0,0,0,2,0,0,0,0,0,1.1656,-0.2442,2.3393,0,0,0,0,0,0,0,-0,0,1.46036,0,0,0,0,0,0,0,0,0,0,0,0,0,0,0,0,0,0,0,0,0,0,0,0,0,0,0,0,0,0,0,0,0
6.25,0,0,0,0,0,0,3.17981,2.05759,-2.39936,-1.4648e-05,0.000136714,0.000352848,-9.18378e-05,0.000780536,0.00144933,0,0,0,0,0,0,0,0,0,0,0,0,0,0,0,0,0,0,0,0,0,0,0,0,0,0,0,0,0,0,0,0,0,0,0,0,0,0,0,0,1.93656,1.29145,-0.0213222,4.88265e-05,0.000136714,0.000330385,0.000229238,0.000676133,0.00163544,0,0,0,0,0,0,0,0,0,0,0,0,0,0,0,0,0,0,0,0,0,0,0,0,0,0,0,0,0,0,0,0,0,0,0,0,0,0,0,0,0,0,0,0,0,0,0,0,0,0,0,0,2,0,0,0,0,0,1.1656,-0.2442,2.3393,0,0,0,0,0,0,0,-0,0,1.46036,0,0,0,0,0,0,0,0,0,0,0,0,0,0,0,0,0,0,0,0,0,0,0,0,0,0,0,0,0,0,0,0,0
6.3,0,0,0,0,0,0,3.17981,2.0576,-2.39937,-4.88262e-06,0.00014892,-9.53636e-05,-5.41004e-05,0.000743003,-0.000614897,0,0,0,0,0,0,0,0,0,0,0,0,0,0,0,0,0,0,0,0,0,0,0,0,0,0,0,0,0,0,0,0,0,0,0,0,0,0,0,0,1.93656,1.29145,-0.021321,-1.58685e-05,3.05164e-05,1.23116e-05,-6.93111e-05,0.000203216,-1.08302e-05,0,0,0,0,0,0,0,0,0,0,0,0,0,0,0,0,0,0,0,0,0,0,0,0,0,0,0,0,0,0,0,0,0,0,0,0,0,0,0,0,0,0,0,0,0,0,0,0,0,0,0,0,2,0,0,0,0,0,1.1656,-0.2442,2.3393,0,0,0,0,0,0,0,-0,0,1.46036,0,0,0,0,0,0,0,0,0,0,0,0,0,0,0,0,0,0,0,0,0,0,0,0,0,0,0,0,0,0,0,0,0
6.35,0,0,0,0,0,0,3.17981,2.0576,-2.39937,-4.88262e-06,0.00014892,-9.53636e-05,-5.41004e-05,0.000743003,-0.000614897,0,0,0,0,0,0,0,0,0,0,0,0,0,0,0,0,0,0,0,0,0,0,0,0,0,0,0,0,0,0,0,0,0,0,0,0,0,0,0,0,1.93656,1.29145,-0.021321,-1.58685e-05,3.05164e-05,1.23116e-05,-6.93111e-05,0.000203216,-1.08302e-05,0,0,0,0,0,0,0,0,0,0,0,0,0,0,0,0,0,0,0,0,0,0,0,0,0,0,0,0,0,0,0,0,0,0,0,0,0,0,0,0,0,0,0,0,0,0,0,0,0,0,0,0,2,0,0,0,0,0,1.2043,-0.2055,2.378,0,0,0,0,0,0,0,-0,0,1.46036,0,0,0,0,0,0,0,0,0,0,0,0,0,0,0,0,0,0,0,0,0,0,0,0,0,0,0,0,0,0,0,0,0
6.4,0,0,0,0,0,0,3.17981,2.0576,-2.39939,1.46521e-05,-4.88403e-05,-0.000262326,5.06767e-05,-0.000349164,-0.00131565,0,0,0,0,0,0,0,0,0,0,0,0,0,0,0,0,0,0,0,0,0,0,0,0,0,0,0,0,0,0,0,0,0,0,0,0,0,0,0,0,1.93656,1.29145,-0.0213203,3.05251e-05,-2.31991e-05,7.15433e-06,0.000103355,-0.000156615,-0.000249908,0,0,0,0,0,0,0,0,0,0,0,0,0,0,0,0,0,0,0,0,0,0,0,0,0,0,0,0,0,0,0,0,0,0,0,0,0,0,0,0,0,0,0,0,0,0,0,0,0,0,0,0,2,0,0,0,0,0,1.2043,-0.2055,2.378,0,0,0,0,0,0,0,-0,0,1.46036,0,0,0,0,0,0,0,0,0,0,0,0,0,0,0,0,0,0,0,0,0,0,0,0,0,0,0,0,0,0,0,0,0
6.45,0,0,0,0,0,0,3.17981,2.0576,-2.39939,1.46521e-05,-4.88403e-05,-0.000262326,5.06767e-05,-0.000349164,-0.00131565,0,0,0,0,0,0,0,0,0,0,0,0,0,0,0,0,0,0,0,0,0,0,0,0,0,0,0,0,0,0,0,0,0,0,0,0,0,0,0,0,1.93656,1.29145,-0.0213203,3.05251e-05,-2.31991e-05,7.15433e-06,0.000103355,-0.000156615,-0.000249908,0,0,0,0,0,0,0,0,0,0,0,0,0,0,0,0,0,0,0,0,0,0,0,0,0,0,0,0,0,0,0,0,0,0,0,0,0,0,0,0,0,0,0,0,0,0,0,0,0,0,0,0,2,0,0,0,0,0,1.2043,-0.2055,2.378,0,0,0,0,0,0,0,-0,0,1.46036,0,0,0,0,0,0,0,0,0,0,0,0,0,0,0,0,0,0,0,0,0,0,0,0,0,0,0,0,0,0,0,0,0
6.5,0,0,0,0,0,0,3.17981,2.05758,-2.39937,-1.70921e-05,-0.000178246,0.000286139,-8.22207e-05,-0.000874572,0.00130649,0,0,0,0,0,0,0,0,0,0,0,0,0,0,0,0,0,0,0,0,0,0,0,0,0,0,0,0,0,0,0,0,0,0,0,0,0,0,0,0,1.93656,1.29145,-0.0213221,-3.17425e-05,-3.6626e-06,-1.85544e-05,-0.000163354,-6.46949e-05,-0.000285141,0,0,0,0,0,0,0,0,0,0,0,0,0,0,0,0,0,0,0,0,0,0,0,0,0,0,0,0,0,0,0,0,0,0,0,0,0,0,0,0,0,0,0,0,0,0,0,0,0,0,0,0,2,0,0,0,0,0,1.2043,-0.2055,2.378,0,0,0,0,0,0,0,-0,0,1.46035,0,0,0,0,0,0,0,0,0,0,0,0,0,0,0,0,0,0,0,0,0,0,0,0,0,0,0,0,0,0,0,0,0
6.55,0,0,0,0,0,0,3.17981,2.05758,-2.39937,-1.70921e-05,-0.000178246,0.000286139,-8.22207e-05,-0.000874572,0.00130649,0,0,0,0,0,0,0,0,0,0,0,0,0,0,0,0,0,0,0,0,0,0,0,0,0,0,0,0,0,0,0,0,0,0,0,0,0,0,0,0,1.93656,1.29145,-0.0213221,-3.17425e-05,-3.6626e-06,-1.85544e-05,-0.000163354,-6.46949e-05,-0.000285141,0,0,0,0,0,0,0,0,0,0,0,0,0,0,0,0,0,0,0,0,0,0,0,0,0,0,0,0,0,0,0,0,0,0,0,0,0,0,0,0,0,0,0,0,0,0,0,0,0,0,0,0,2,0,0,0,0,0,1.2921,-0.1177,2.4658,0,0,0,0,0,0,0,-0,0,1.46035,0,0,0,0,0,0,0,0,0,0,0,0,0,0,0,0,0,0,0,0,0,0,0,0,0,0,0,0,0,0,0,0,0
6.6,0,0,0,0,0,0,3.17981,2.0576,-2.39937,-4.39475e-05,0.000229504,2.38431e-06,-0.000174672,0.00103296,5.71954e-06,0,0,0,0,0,0,0,0,0,0,0,0,0,0,0,0,0,0,0,0,0,0,0,0,0,0,0,0,0,0,0,0,0,0,0,0,0,0,0,0,1.93656,1.29145,-0.0213321,1.70907e-05,7.32458e-05,-9.94143e-05,6.09239e-05,0.000280903,-0.000499087,0,0,0,0,0,0,0,0,0,0,0,0,0,0,0,0,0,0,0,0,0,0,0,0,0,0,0,0,0,0,0,0,0,0,0,0,0,0,0,0,0,0,0,0,0,0,0,0,0,0,0,0,2,0,0,0,0,0,1.2921,-0.1177,2.4658,0,0,0,0,0,0,0,-0,0,1.46036,0,0,0,0,0,0,0,0,0,0,0,0,0,0,0,0,0,0,0,0,0,0,0,0,0,0,0,0,0,0,0,0,0
6.65,0,0,0,0,0,0,3.17981,2.0576,-2.39937,-4.39475e-05,0.000229504,2.38431e-06,-0.000174672,0.00103296,5.71954e-06,0,0,0,0,0,0,0,0,0,0,0,0,0,0,0,0,0,0,0,0,0,0,0,0,0,0,0,0,0,0,0,0,0,0,0,0,0,0,0,0,1.93656,1.29145,-0.0213321,1.70907e-05,7.32458e-05,-9.94143e-05,6.09239e-05,0.000280903,-0.000499087,0,0,0,0,0,0,0,0,0,0,0,0,0,0,0,0,0,0,0,0,0,0,0,0,0,0,0,0,0,0,0,0,0,0,0,0,0,0,0,0,0,0,0,0,0,0,0,0,0,0,0,0,2,0,0,0,0,0,1.2921,-0.1177,2.4658,0,0,0,0,0,0,0,-0,0,1.46036,0,0,0,0,0,0,0,0,0,0,0,0,0,0,0,0,0,0,0,0,0,0,0,0,0,0,0,0,0,0,0,0,0
6.7,0,0,0,0,0,0,3.17981,2.0576,-2.39937,2.19714e-05,-4.88254e-05,-7.86737e-05,0.000146004,-0.0002337,-0.000496533,0,0,0,0,0,0,0,0,0,0,0,0,0,0,0,0,0,0,0,0,0,0,0,0,0,0,0,0,0,0,0,0,0,0,0,0,0,0,0,0,1.93656,1.29145,-0.0213312,-3.41777e-05,-6.71348e-05,8.40005e-06,-0.000137918,-0.000345485,0.000102171,0,0,0,0,0,0,0,0,0,0,0,0,0,0,0,0,0,0,0,0,0,0,0,0,0,0,0,0,0,0,0,0,0,0,0,0,0,0,0,0,0,0,0,0,0,0,0,0,0,0,0,0,2,0,0,0,0,0,1.2921,-0.1177,2.4658,0,0,0,0,0,0,0,-0,0,1.46036,0,0,0,0,0,0,0,0,0,0,0,0,0,0,0,0,0,0,0,0,0,0,0,0,0,0,0,0,0,0,0,0,0
6.75,0,0,0,0,0,0,3.17981,2.0576,-2.39937,2.19714e-05,-4.88254e-05,-7.86737e-05,0.000146004,-0.0002337,-0.000496533,0,0,0,0,0,0,0,0,0,0,0,0,0,0,0,0,0,0,0,0,0,0,0,0,0,0,0,0,0,0,0,0,0,0,0,0,0,0,0,0,1.93656,1.29145,-0.0213312,-3.41777e-05,-6.71348e-05,8.40005e-06,-0.000137918,-0.000345485,0.000102171,0,0,0,0,0,0,0,0,0,0,0,0,0,0,0,0,0,0,0,0,0,0,0,0,0,0,0,0,0,0,0,0,0,0,0,0,0,0,0,0,0,0,0,0,0,0,0,0,0,0,0,0,2,0,0,0,0,0,1.2044,-0.2054,2.3781,0,0,0,0,0,0,0,-0,0,1.46036,0,0,0,0,0,0,0,0,0,0,0,0,0,0,0,0,0,0,0,0,0,0,0,0,0,0,0,0,0,0,0,0,0
6.8,0,0,0,0,0,0,3.17981,2.05759,-2.39935,-4.88246e-06,-8.78842e-05,0.000257473,2.37567e-05,-0.000467813,0.00097709,0,0,0,0,0,0,0,0,0,0,0,0,0,0,0,0,0,0,0,0,0,0,0,0,0,0,0,0,0,0,0,0,0,0,0,0,0,0,0,0,1.93656,1.29145,-0.0213352,5.00451e-05,-1.09855e-05,-3.97645e-05,0.000226824,-6.7838e-05,-4.97385e-05,0,0,0,0,0,0,0,0,0,0,0,0,0,0,0,0,0,0,0,0,0,0,0,0,0,0,0,0,0,0,0,0,0,0,0,0,0,0,0,0,0,0,0,0,0,0,0,0,0,0,0,0,2,0,0,0,0,0,1.2044,-0.2054,2.3781,0,0,0,0,0,0,0,-0,0,1.46035,0,0,0,0,0,0,0,0,0,0,0,0,0,0,0,0,0,0,0,0,0,0,0,0,0,0,0,0,0,0,0,0,0
6.85,0,0,0,0,0,0,3.17981,2.05759,-2.39935,-4.88246e-06,-8.78842e-05,0.000257473,2.37567e-05,-0.000467813,0.00097709,0,0,0,0,0,0,0,0,0,0,0,0,0,0,0,0,0,0,0,0,0,0,0,0,0,0,0,0,0,0,0,0,0,0,0,0,0,0,0,0,1.93656,1.29145,-0.0213352,5.00451e-05,-1.09855e-05,-3.97645e-05,0.000226824,-6.7838e-05,-4.97385e-05,0,0,0,0,0,0,0,0,0,0,0,0,0,0,0,0,0,0,0,0,0,0,0,0,0,0,0,0,0,0,0,0,0,0,0,0,0,0,0,0,0,0,0,0,0,0,0,0,0,0,0,0,2,0,0,0,0,0,1.2044,-0.2054,2.3781,0,0,0,0,0,0,0,-0,0,1.46035,0,0,0,0,0,0,0,0,0,0,0,0,0,0,0,0,0,0,0,0,0,0,0,0,0,0,0,0,0,0,0,0,0
6.9,0,0,0,0,0,0,3.17981,2.05759,-2.3994,2.9307e-05,6.8383e-05,-0.000498467,0.00013433,0.000311832,-0.0022344,0,0,0,0,0,0,0,0,0,0,0,0,0,0,0,0,0,0,0,0,0,0,0,0,0,0,0,0,0,0,0,0,0,0,0,0,0,0,0,0,1.93656,1.29144,-0.0213387,-4.51817e-05,-8.30367e-05,-3.49181e-05,-0.00019495,-0.000291038,-3.10367e-05,0,0,0,0,0,0,0,0,0,0,0,0,0,0,0,0,0,0,0,0,0,0,0,0,0,0,0,0,0,0,0,0,0,0,0,0,0,0,0,0,0,0,0,0,0,0,0,0,0,0,0,0,2,0,0,0,0,0,1.2044,-0.2054,2.3781,0,0,0,0,0,0,0,-0,0,1.46037,0,0,0,0,0,0,0,0,0,0,0,0,0,0,0,0,0,0,0,0,0,0,0,0,0,0,0,0,0,0,0,0,0
6.95,0,0,0,0,0,0,3.17981,2.05759,-2.3994,2.9307e-05,6.8383e-05,-0.000498467,0.00013433,0.000311832,-0.0022344,0,0,0,0,0,0,0,0,0,0,0,0,0,0,0,0,0,0,0,0,0,0,0,0,0,0,0,0,0,0,0,0,0,0,0,0,0,0,0,0,1.93656,1.29144,-0.0213387,-4.51817e-05,-8.30367e-05,-3.49181e-05,-0.00019495,-0.000291038,-3.10367e-05,0,0,0,0,0,0,0,0,0,0,0,0,0,0,0,0,0,0,0,0,0,0,0,0,0,0,0,0,0,0,0,0,0,0,0,0,0,0,0,0,0,0,0,0,0,0,0,0,0,0,0,0,2,0,0,0,0,0,1.1495,-0.2603,2.3232,0,0,0,0,0,0,0,-0,0,1.46037,0,0,0,0,0,0,0,0,0,0,0,0,0,0,0,0,0,0,0,0,0,0,0,0,0,0,0,0,0,0,0,0,0
7,0,0,0,0,0,0,3.17981,2.05759,-2.39939,9.75894e-06,1.21987e-05,9.53021e-05,1.75439e-05,6.83118e-05,0.000595901,0,0,0,0,0,0,0,0,0,0,0,0,0,0,0,0,0,0,0,0,0,0,0,0,0,0,0,0,0,0,0,0,0,0,0,0,0,0,0,0,1.93656,1.29145,-0.0213305,1.46384e-05,0.000107348,8.22724e-05,6.4857e-05,0.000555734,0.000452148,0,0,0,0,0,0,0,0,0,0,0,0,0,0,0,0,0,0,0,0,0,0,0,0,0,0,0,0,0,0,0,0,0,0,0,0,0,0,0,0,0,0,0,0,0,0,0,0,0,0,0,0,2,0,0,0,0,0,1.1495,-0.2603,2.3232,0,0,0,0,0,0,0,-0,0,1.46036,0,0,0,0,0,0,0,0,0,0,0,0,0,0,0,0,0,0,0,0,0,0,0,0,0,0,0,0,0,0,0,0,0
7.05,0,0,0,0,0,0,3.17981,2.05759,-2.39939,9.75894e-06,1.21987e-05,9.53021e-05,1.75439e-05,6.83118e-05,0.000595901,0,0,0,0,0,0,0,0,0,0,0,0,0,0,0,0,0,0,0,0,0,0,0,0,0,0,0,0,0,0,0,0,0,0,0,0,0,0,0,0,1.93656,1.29145,-0.0213305,1.46384e-05,0.000107348,8.22724e-05,6.4857e-05,0.000555734,0.000452148,0,0,0,0,0,0,0,0,0,0,0,0,0,0,0,0,0,0,0,0,0,0,0,0,0,0,0,0,0,0,0,0,0,0,0,0,0,0,0,0,0,0,0,0,0,0,0,0,0,0,0,0,2,0,0,0,0,0,1.1495,-0.2603,2.3232,0,0,0,0,0,0,0,-0,0,1.46036,0,0,0,0,0,0,0,0,0,0,0,0,0,0,0,0,0,0,0,0,0,0,0,0,0,0,0,0,0,0,0,0,0
7.1,0,0,0,0,0,0,3.17981,2.05759,-2.39939,-7.32846e-06,-9.77128e-05,2.38557e-06,-7.35777e-05,-0.000431125,0.000369493,0,0,0,0,0,0,0,0,0,0,0,0,0,0,0,0,0,0,0,0,0,0,0,0,0,0,0,0,0,0,0,0,0,0,0,0,0,0,0,0,1.93656,1.29145,-0.0213159,3.2978e-05,4.88563e-06,0.000146078,0.000147349,3.86453e-05,0.000591602,0,0,0,0,0,0,0,0,0,0,0,0,0,0,0,0,0,0,0,0,0,0,0,0,0,0,0,0,0,0,0,0,0,0,0,0,0,0,0,0,0,0,0,0,0,0,0,0,0,0,0,0,2,0,0,0,0,0,1.1495,-0.2603,2.3232,0,0,0,0,0,0,0,-0,0,1.46035,0,0,0,0,0,0,0,0,0,0,0,0,0,0,0,0,0,0,0,0,0,0,0,0,0,0,0,0,0,0,0,0,0
7.15,0,0,0,0,0,0,3.17981,2.05759,-2.39939,-7.32846e-06,-9.77128e-05,2.38557e-06,-7.35777e-05,-0.000431125,0.000369493,0,0,0,0,0,0,0,0,0,0,0,0,0,0,0,0,0,0,0,0,0,0,0,0,0,0,0,0,0,0,0,0,0,0,0,0,0,0,0,0,1.93656,1.29145,-0.0213159,3.2978e-05,4.88563e-06,0.000146078,0.000147349,3.86453e-05,0.000591602,0,0,0,0,0,0,0,0,0,0,0,0,0,0,0,0,0,0,0,0,0,0,0,0,0,0,0,0,0,0,0,0,0,0,0,0,0,0,0,0,0,0,0,0,0,0,0,0,0,0,0,0,2,0,0,0,0,0,1.1413,-0.2685,2.315,0,0,0,0,0,0,0,-0,0,1.46035,0,0,0,0,0,0,0,0,0,0,0,0,0,0,0,0,0,0,0,0,0,0,0,0,0,0,0,0,0,0,0,0,0
7.2,0,0,0,0,0,0,3.17981,2.0576,-2.39936,-5.12769e-05,0.000107437,0.000233684,-0.000232122,0.000493089,0.00111544,0,0,0,0,0,0,0,0,0,0,0,0,0,0,0,0,0,0,0,0,0,0,0,0,0,0,0,0,0,0,0,0,0,0,0,0,0,0,0,0,1.93656,1.29144,-0.0213193,-1.34297e-05,-5.37189e-05,-3.42405e-05,-8.57252e-05,-0.000280872,-0.000346082,0,0,0,0,0,0,0,0,0,0,0,0,0,0,0,0,0,0,0,0,0,0,0,0,0,0,0,0,0,0,0,0,0,0,0,0,0,0,0,0,0,0,0,0,0,0,0,0,0,0,0,0,2,0,0,0,0,0,1.1413,-0.2685,2.315,0,0,0,0,0,0,0,-0,0,1.46036,0,0,0,0,0,0,0,0,0,0,0,0,0,0,0,0,0,0,0,0,0,0,0,0,0,0,0,0,0,0,0,0,0
7.25,0,0,0,0,0,0,3.17981,2.0576,-2.39936,-5.12769e-05,0.000107437,0.000233684,-0.000232122,0.000493089,0.00111544,0,0,0,0,0,0,0,0,0,0,0,0,0,0,0,0,0,0,0,0,0,0,0,0,0,0,0,0,0,0,0,0,0,0,0,0,0,0,0,0,1.93656,1.29144,-0.0213193,-1.34297e-05,-5.37189e-05,-3.42405e-05,-8.57252e-05,-0.000280872,-0.000346082,0,0,0,0,0,0,0,0,0,0,0,0,0,0,0,0,0,0,0,0,0,0,0,0,0,0,0,0,0,0,0,0,0,0,0,0,0,0,0,0,0,0,0,0,0,0,0,0,0,0,0,0,2,0,0,0,0,0,1.1413,-0.2685,2.315,0,0,0,0,0,0,0,-0,0,1.46036,0,0,0,0,0,0,0,0,0,0,0,0,0,0,0,0,0,0,0,0,0,0,0,0,0,0,0,0,0,0,0,0,0
7.3,0,0,0,0,0,0,3.17982,2.05758,-2.39938,7.81318e-05,-0.000190446,-0.000145448,0.000356231,-0.000768997,-0.000744107,0,0,0,0,0,0,0,0,0,0,0,0,0,0,0,0,0,0,0,0,0,0,0,0,0,0,0,0,0,0,0,0,0,0,0,0,0,0,0,0,1.93656,1.29144,-0.0213182,-1.22081e-05,-5.1274e-05,1.10278e-05,-7.81659e-05,-0.000202161,-0.000153959,0,0,0,0,0,0,0,0,0,0,0,0,0,0,0,0,0,0,0,0,0,0,0,0,0,0,0,0,0,0,0,0,0,0,0,0,0,0,0,0,0,0,0,0,0,0,0,0,0,0,0,0,2,0,0,0,0,0,1.1413,-0.2685,2.315,0,0,0,0,0,0,0,-0,0,1.46036,0,0,0,0,0,0,0,0,0,0,0,0,0,0,0,0,0,0,0,0,0,0,0,0,0,0,0,0,0,0,0,0,0
7.35,0,0,0,0,0,0,3.17982,2.05758,-2.39938,7.81318e-05,-0.000190446,-0.000145448,0.000356231,-0.000768997,-0.000744107,0,0,0,0,0,0,0,0,0,0,0,0,0,0,0,0,0,0,0,0,0,0,0,0,0,0,0,0,0,0,0,0,0,0,0,0,0,0,0,0,1.93656,1.29144,-0.0213182,-1.22081e-05,-5.1274e-05,1.10278e-05,-7.81659e-05,-0.000202161,-0.000153959,0,0,0,0,0,0,0,0,0,0,0,0,0,0,0,0,0,0,0,0,0,0,0,0,0,0,0,0,0,0,0,0,0,0,0,0,0,0,0,0,0,0,0,0,0,0,0,0,0,0,0,0,2,0,0,0,0,0,1.186,-0.2238,2.3598,0,0,0,0,0,0,0,-0,0,1.46036,0,0,0,0,0,0,0,0,0,0,0,0,0,0,0,0,0,0,0,0,0,0,0,0,0,0,0,0,0,0,0,0,0
7.4,0,0,0,0,0,0,3.17981,2.0576,-2.39937,-9.76586e-05,0.000209966,5.96061e-05,-0.000408867,0.000967347,0.000120811,0,0,0,0,0,0,0,0,0,0,0,0,0,0,0,0,0,0,0,0,0,0,0,0,0,0,0,0,0,0,0,0,0,0,0,0,0,0,0,0,1.93656,1.29145,-0.0213285,4.88293e-06,0.000106204,-0.000102634,2.23792e-05,0.000518507,-0.000520604,0,0,0,0,0,0,0,0,0,0,0,0,0,0,0,0,0,0,0,0,0,0,0,0,0,0,0,0,0,0,0,0,0,0,0,0,0,0,0,0,0,0,0,0,0,0,0,0,0,0,0,0,2,0,0,0,0,0,1.186,-0.2238,2.3598,0,0,0,0,0,0,0,-0,0,1.46036,0,0,0,0,0,0,0,0,0,0,0,0,0,0,0,0,0,0,0,0,0,0,0,0,0,0,0,0,0,0,0,0,0
7.45,0,0,0,0,0,0,3.17981,2.0576,-2.39937,-9.76586e-05,0.000209966,5.96061e-05,-0.000408867,0.000967347,0.000120811,0,0,0,0,0,0,0,0,0,0,0,0,0,0,0,0,0,0,0,0,0,0,0,0,0,0,0,0,0,0,0,0,0,0,0,0,0,0,0,0,1.93656,1.29145,-0.0213285,4.88293e-06,0.000106204,-0.000102634,2.23792e-05,0.000518507,-0.000520604,0,0,0,0,0,0,0,0,0,0,0,0,0,0,0,0,0,0,0,0,0,0,0,0,0,0,0,0,0,0,0,0,0,0,0,0,0,0,0,0,0,0,0,0,0,0,0,0,0,0,0,0,2,0,0,0,0,0,1.186,-0.2238,2.3598,0,0,0,0,0,0,0,-0,0,1.46036,0,0,0,0,0,0,0,0,0,0,0,0,0,0,0,0,0,0,0,0,0,0,0,0,0,0,0,0,0,0,0,0,0
7.5,0,0,0,0,0,0,3.17981,2.0576,-2.39939,4.15092e-05,-2.44172e-05,-0.000123994,0.000207021,-0.000120685,-0.000544002,0,0,0,0,0,0,0,0,0,0,0,0,0,0,0,0,0,0,0,0,0,0,0,0,0,0,0,0,0,0,0,0,0,0,0,0,0,0,0,0,1.93656,1.29145,-0.0213425,-3.41839e-05,-8.54598e-06,-0.000140778,-0.000129052,-4.96352e-05,-0.000514617,0,0,0,0,0,0,0,0,0,0,0,0,0,0,0,0,0,0,0,0,0,0,0,0,0,0,0,0,0,0,0,0,0,0,0,0,0,0,0,0,0,0,0,0,0,0,0,0,0,0,0,0,2,0,0,0,0,0,1.186,-0.2238,2.3598,0,0,0,0,0,0,0,-0,0,1.46036,0,0,0,0,0,0,0,0,0,0,0,0,0,0,0,0,0,0,0,0,0,0,0,0,0,0,0,0,0,0,0,0,0
7.55,0,0,0,0,0,0,3.17981,2.0576,-2.39939,4.15092e-05,-2.44172e-05,-0.000123994,0.000207021,-0.000120685,-0.000544002,0,0,0,0,0,0,0,0,0,0,0,0,0,0,0,0,0,0,0,0,0,0,0,0,0,0,0,0,0,0,0,0,0,0,0,0,0,0,0,0,1.93656,1.29145,-0.0213425,-3.41839e-05,-8.54598e-06,-0.000140778,-0.000129052,-4.96352e-05,-0.000514617,0,0,0,0,0,0,0,0,0,0,0,0,0,0,0,0,0,0,0,0,0,0,0,0,0,0,0,0,0,0,0,0,0,0,0,0,0,0,0,0,0,0,0,0,0,0,0,0,0,0,0,0,2,0,0,0,0,0,1.1278,-0.2819,2.3015,0,0,0,0,0,0,0,-0,0,1.46036,0,0,0,0,0,0,0,0,0,0,0,0,0,0,0,0,0,0,0,0,0,0,0,0,0,0,0,0,0,0,0,0,0
7.6,0,0,0,0,0,0,3.17981,2.05758,-2.39937,9.76864e-06,-0.000144087,0.000138326,8.08537e-05,-0.000697889,0.000631466,0,0,0,0,0,0,0,0,0,0,0,0,0,0,0,0,0,0,0,0,0,0,0,0,0,0,0,0,0,0,0,0,0,0,0,0,0,0,0,0,1.93656,1.29144,-0.0213121,2.68639e-05,-5.00644e-05,0.000304097,0.000145931,-0.000272594,0.00146932,0,0,0,0,0,0,0,0,0,0,0,0,0,0,0,0,0,0,0,0,0,0,0,0,0,0,0,0,0,0,0,0,0,0,0,0,0,0,0,0,0,0,0,0,0,0,0,0,0,0,0,0,2,0,0,0,0,0,1.1278,-0.2819,2.3015,0,0,0,0,0,0,0,-0,0,1.46036,0,0,0,0,0,0,0,0,0,0,0,0,0,0,0,0,0,0,0,0,0,0,0,0,0,0,0,0,0,0,0,0,0
7.65,0,0,0,0,0,0,3.17981,2.05758,-2.39937,9.76864e-06,-0.000144087,0.000138326,8.08537e-05,-0.000697889,0.000631466,0,0,0,0,0,0,0,0,0,0,0,0,0,0,0,0,0,0,0,0,0,0,0,0,0,0,0,0,0,0,0,0,0,0,0,0,0,0,0,0,1.93656,1.29144,-0.0213121,2.68639e-05,-5.00644e-05,0.000304097,0.000145931,-0.000272594,0.00146932,0,0,0,0,0,0,0,0,0,0,0,0,0,0,0,0,0,0,0,0,0,0,0,0,0,0,0,0,0,0,0,0,0,0,0,0,0,0,0,0,0,0,0,0,0,0,0,0,0,0,0,0,2,0,0,0,0,0,1.1278,-0.2819,2.3015,0,0,0,0,0,0,0,-0,0,1.46036,0,0,0,0,0,0,0,0,0,0,0,0,0,0,0,0,0,0,0,0,0,0,0,0,0,0,0,0,0,0,0,0,0
7.7,0,0,0,0,0,0,3.17981,2.0576,-2.39938,2.68349e-05,0.000175646,-4.05001e-05,9.96794e-05,0.000780401,-0.000176202,0,0,0,0,0,0,0,0,0,0,0,0,0,0,0,0,0,0,0,0,0,0,0,0,0,0,0,0,0,0,0,0,0,0,0,0,0,0,0,0,1.93656,1.29145,-0.0213624,3.41534e-05,6.95266e-05,-0.000502677,0.000154005,0.000284005,-0.00207294,0,0,0,0,0,0,0,0,0,0,0,0,0,0,0,0,0,0,0,0,0,0,0,0,0,0,0,0,0,0,0,0,0,0,0,0,0,0,0,0,0,0,0,0,0,0,0,0,0,0,0,0,2,0,0,0,0,0,1.1278,-0.2819,2.3015,0,0,0,0,0,0,0,-0,0,1.46036,0,0,0,0,0,0,0,0,0,0,0,0,0,0,0,0,0,0,0,0,0,0,0,0,0,0,0,0,0,0,0,0,0
7.75,0,0,0,0,0,0,3.17981,2.0576,-2.39938,2.68349e-05,0.000175646,-4.05001e-05,9.96794e-05,0.000780401,-0.000176202,0,0,0,0,0,0,0,0,0,0,0,0,0,0,0,0,0,0,0,0,0,0,0,0,0,0,0,0,0,0,0,0,0,0,0,0,0,0,0,0,1.93656,1.29145,-0.0213624,3.41534e-05,6.95266e-05,-0.000502677,0.000154005,0.000284005,-0.00207294,0,0,0,0,0,0,0,0,0,0,0,0,0,0,0,0,0,0,0,0,0,0,0,0,0,0,0,0,0,0,0,0,0,0,0,0,0,0,0,0,0,0,0,0,0,0,0,0,0,0,0,0,2,0,0,0,0,0,1.2043,-0.2055,2.378,0,0,0,0,0,0,0,-0,0,1.46036,0,0,0,0,0,0,0,0,0,0,0,0,0,0,0,0,0,0,0,0,0,0,0,0,0,0,0,0,0,0,0,0,0
7.8,0,0,0,0,0,0,3.17981,2.05758,-2.39936,-1.71036e-05,-0.000136829,0.000157483,-0.000113233,-0.00058026,0.000575976,0,0,0,0,0,0,0,0,0,0,0,0,0,0,0,0,0,0,0,0,0,0,0,0,0,0,0,0,0,0,0,0,0,0,0,0,0,0,0,0,1.93656,1.29145,-0.0213244,-5.49759e-05,-5.37542e-05,0.000380342,-0.00026264,-0.00024688,0.00180527,0,0,0,0,0,0,0,0,0,0,0,0,0,0,0,0,0,0,0,0,0,0,0,0,0,0,0,0,0,0,0,0,0,0,0,0,0,0,0,0,0,0,0,0,0,0,0,0,0,0,0,0,2,0,0,0,0,0,1.2043,-0.2055,2.378,0,0,0,0,0,0,0,-0,0,1.46036,0,0,0,0,0,0,0,0,0,0,0,0,0,0,0,0,0,0,0,0,0,0,0,0,0,0,0,0,0,0,0,0,0
7.85,0,0,0,0,0,0,3.17981,2.05758,-2.39936,-1.71036e-05,-0.000136829,0.000157483,-0.000113233,-0.00058026,0.000575976,0,0,0,0,0,0,0,0,0,0,0,0,0,0,0,0,0,0,0,0,0,0,0,0,0,0,0,0,0,0,0,0,0,0,0,0,0,0,0,0,1.93656,1.29145,-0.0213244,-5.49759e-05,-5.37542e-05,0.000380342,-0.00026264,-0.00024688,0.00180527,0,0,0,0,0,0,0,0,0,0,0,0,0,0,0,0,0,0,0,0,0,0,0,0,0,0,0,0,0,0,0,0,0,0,0,0,0,0,0,0,0,0,0,0,0,0,0,0,0,0,0,0,2,0,0,0,0,0,1.2043,-0.2055,2.378,0,0,0,0,0,0,0,-0,0,1.46036,0,0,0,0,0,0,0,0,0,0,0,0,0,0,0,0,0,0,0,0,0,0,0,0,0,0,0,0,0,0,0,0,0
7.9,0,0,0,0,0,0,3.17981,2.05758,-2.39938,-9.76111e-06,-4.88055e-06,-0.000183497,-6.74892e-05,-5.57025e-06,-0.000914498,0,0,0,0,0,0,0,0,0,0,0,0,0,0,0,0,0,0,0,0,0,0,0,0,0,0,0,0,0,0,0,0,0,0,0,0,0,0,0,0,1.93656,1.29145,-0.021315,1.22014e-06,3.17236e-05,9.4709e-05,1.03474e-05,0.000121379,0.000468173,0,0,0,0,0,0,0,0,0,0,0,0,0,0,0,0,0,0,0,0,0,0,0,0,0,0,0,0,0,0,0,0,0,0,0,0,0,0,0,0,0,0,0,0,0,0,0,0,0,0,0,0,2,0,0,0,0,0,1.2043,-0.2055,2.378,0,0,0,0,0,0,0,-0,0,1.46036,0,0,0,0,0,0,0,0,0,0,0,0,0,0,0,0,0,0,0,0,0,0,0,0,0,0,0,0,0,0,0,0,0
7.95,0,0,0,0,0,0,3.17981,2.05758,-2.39938,-9.76111e-06,-4.88055e-06,-0.000183497,-6.74892e-05,-5.57025e-06,-0.000914498,0,0,0,0,0,0,0,0,0,0,0,0,0,0,0,0,0,0,0,0,0,0,0,0,0,0,0,0,0,0,0,0,0,0,0,0,0,0,0,0,1.93656,1.29145,-0.021315,1.22014e-06,3.17236e-05,9.4709e-05,1.03474e-05,0.000121379,0.000468173,0,0,0,0,0,0,0,0,0,0,0,0,0,0,0,0,0,0,0,0,0,0,0,0,0,0,0,0,0,0,0,0,0,0,0,0,0,0,0,0,0,0,0,0,0,0,0,0,0,0,0,0,2,0,0,0,0,0,1.1961,-0.2137,2.3698,0,0,0,0,0,0,0,-0,0,1.46036,0,0,0,0,0,0,0,0,0,0,0,0,0,0,0,0,0,0,0,0,0,0,0,0,0,0,0,0,0,0,0,0,0
8,0,0,0,0,0,0,3.17981,2.05758,-2.39938,-7.32861e-06,-1.46572e-05,1.66993e-05,-2.45856e-05,3.54752e-05,4.92551e-05,0,0,0,0,0,0,0,0,0,0,0,0,0,0,0,0,0,0,0,0,0,0,0,0,0,0,0,0,0,0,0,0,0,0,0,0,0,0,0,0,1.93656,1.29145,-0.0213331,-2.44287e-05,-2.44287e-05,-0.000181791,-5.9278e-05,-0.000101654,-0.00100501,0,0,0,0,0,0,0,0,0,0,0,0,0,0,0,0,0,0,0,0,0,0,0,0,0,0,0,0,0,0,0,0,0,0,0,0,0,0,0,0,0,0,0,0,0,0,0,0,0,0,0,0,2,0,0,0,0,0,1.1961,-0.2137,2.3698,0,0,0,0,0,0,0,-0,0,1.46036,0,0,0,0,0,0,0,0,0,0,0,0,0,0,0,0,0,0,0,0,0,0,0,0,0,0,0,0,0,0,0,0,0
8.05,0,0,0,0,0,0,3.17981,2.05758,-2.39938,-7.32861e-06,-1.46572e-05,1.66993e-05,-2.45856e-05,3.54752e-05,4.92551e-05,0,0,0,0,0,0,0,0,0,0,0,0,0,0,0,0,0,0,0,0,0,0,0,0,0,0,0,0,0,0,0,0,0,0,0,0,0,0,0,0,1.93656,1.29145,-0.0213331,-2.44287e-05,-2.44287e-05,-0.000181791,-5.9278e-05,-0.000101654,-0.00100501,0,0,0,0,0,0,0,0,0,0,0,0,0,0,0,0,0,0,0,0,0,0,0,0,0,0,0,0,0,0,0,0,0,0,0,0,0,0,0,0,0,0,0,0,0,0,0,0,0,0,0,0,2,0,0,0,0,0,1.1961,-0.2137,2.3698,0,0,0,0,0,0,0,-0,0,1.46036,0,0,0,0,0,0,0,0,0,0,0,0,0,0,0,0,0,0,0,0,0,0,0,0,0,0,0,0,0,0,0,0,0
8.1,0,0,0,0,0,0,3.17981,2.0576,-2.39937,-1.46499e-05,0.000134291,2.62287e-05,-3.82284e-05,0.000621975,0.000198054,0,0,0,0,0,0,0,0,0,0,0,0,0,0,0,0,0,0,0,0,0,0,0,0,0,0,0,0,0,0,0,0,0,0,0,0,0,0,0,0,1.93656,1.29145,-0.0213313,3.90665e-05,1.34291e-05,1.83117e-05,0.000208644,6.00078e-05,-3.5786e-06,0,0,0,0,0,0,0,0,0,0,0,0,0,0,0,0,0,0,0,0,0,0,0,0,0,0,0,0,0,0,0,0,0,0,0,0,0,0,0,0,0,0,0,0,0,0,0,0,0,0,0,0,2,0,0,0,0,0,1.1961,-0.2137,2.3698,0,0,0,0,0,0,0,-0,0,1.46036,0,0,0,0,0,0,0,0,0,0,0,0,0,0,0,0,0,0,0,0,0,0,0,0,0,0,0,0,0,0,0,0,0
8.15,0,0,0,0,0,0,3.17981,2.0576,-2.39937,-1.46499e-05,0.000134291,2.62287e-05,-3.82284e-05,0.000621975,0.000198054,0,0,0,0,0,0,0,0,0,0,0,0,0,0,0,0,0,0,0,0,0,0,0,0,0,0,0,0,0,0,0,0,0,0,0,0,0,0,0,0,1.93656,1.29145,-0.0213313,3.90665e-05,1.34291e-05,1.83117e-05,0.000208644,6.00078e-05,-3.5786e-06,0,0,0,0,0,0,0,0,0,0,0,0,0,0,0,0,0,0,0,0,0,0,0,0,0,0,0,0,0,0,0,0,0,0,0,0,0,0,0,0,0,0,0,0,0,0,0,0,0,0,0,0,2,0,0,0,0,0,1.2021,-0.2077,2.3758,0,0,0,0,0,0,0,-0,0,1.46036,0,0,0,0,0,0,0,0,0,0,0,0,0,0,0,0,0,0,0,0,0,0,0,0,0,0,0,0,0,0,0,0,0
8.2,0,0,0,0,0,0,3.17982,2.05758,-2.39938,5.61637e-05,-0.000126979,-8.58481e-05,0.000258151,-0.000591064,-0.000308738,0,0,0,0,0,0,0,0,0,0,0,0,0,0,0,0,0,0,0,0,0,0,0,0,0,0,0,0,0,0,0,0,0,0,0,0,0,0,0,0,1.93656,1.29145,-0.0213339,3.17447e-05,-1.09886e-05,-2.60637e-05,0.00013231,-3.9637e-05,-4.38117e-05,0,0,0,0,0,0,0,0,0,0,0,0,0,0,0,0,0,0,0,0,0,0,0,0,0,0,0,0,0,0,0,0,0,0,0,0,0,0,0,0,0,0,0,0,0,0,0,0,0,0,0,0,2,0,0,0,0,0,1.2021,-0.2077,2.3758,0,0,0,0,0,0,0,-0,0,1.46036,0,0,0,0,0,0,0,0,0,0,0,0,0,0,0,0,0,0,0,0,0,0,0,0,0,0,0,0,0,0,0,0,0
8.25,0,0,0,0,0,0,3.17982,2.05758,-2.39938,5.61637e-05,-0.000126979,-8.58481e-05,0.000258151,-0.000591064,-0.000308738,0,0,0,0,0,0,0,0,0,0,0,0,0,0,0,0,0,0,0,0,0,0,0,0,0,0,0,0,0,0,0,0,0,0,0,0,0,0,0,0,1.93656,1.29145,-0.0213339,3.17447e-05,-1.09886e-05,-2.60637e-05,0.00013231,-3.9637e-05,-4.38117e-05,0,0,0,0,0,0,0,0,0,0,0,0,0,0,0,0,0,0,0,0,0,0,0,0,0,0,0,0,0,0,0,0,0,0,0,0,0,0,0,0,0,0,0,0,0,0,0,0,0,0,0,0,2,0,0,0,0,0,1.2021,-0.2077,2.3758,0,0,0,0,0,0,0,-0,0,1.46036,0,0,0,0,0,0,0,0,0,0,0,0,0,0,0,0,0,0,0,0,0,0,0,0,0,0,0,0,0,0,0,0,0
8.3,0,0,0,0,0,0,3.17981,2.05758,-2.39938,-1.22066e-05,-7.32397e-06,2.3841e-05,-7.80399e-05,-4.10538e-05,0.000184269,0,0,0,0,0,0,0,0,0,0,0,0,0,0,0,0,0,0,0,0,0,0,0,0,0,0,0,0,0,0,0,0,0,0,0,0,0,0,0,0,1.93656,1.29144,-0.0213207,-2.19719e-05,-5.98124e-05,0.000132504,-0.000145512,-0.000232383,0.000601838,0,0,0,0,0,0,0,0,0,0,0,0,0,0,0,0,0,0,0,0,0,0,0,0,0,0,0,0,0,0,0,0,0,0,0,0,0,0,0,0,0,0,0,0,0,0,0,0,0,0,0,0,2,0,0,0,0,0,1.2021,-0.2077,2.3758,0,0,0,0,0,0,0,-0,0,1.46036,0,0,0,0,0,0,0,0,0,0,0,0,0,0,0,0,0,0,0,0,0,0,0,0,0,0,0,0,0,0,0,0,0
8.35,0,0,0,0,0,0,3.17981,2.05758,-2.39938,-1.22066e-05,-7.32397e-06,2.3841e-05,-7.80399e-05,-4.10538e-05,0.000184269,0,0,0,0,0,0,0,0,0,0,0,0,0,0,0,0,0,0,0,0,0,0,0,0,0,0,0,0,0,0,0,0,0,0,0,0,0,0,0,0,1.93656,1.29144,-0.0213207,-2.19719e-05,-5.98124e-05,0.000132504,-0.000145512,-0.000232383,0.000601838,0,0,0,0,0,0,0,0,0,0,0,0,0,0,0,0,0,0,0,0,0,0,0,0,0,0,0,0,0,0,0,0,0,0,0,0,0,0,0,0,0,0,0,0,0,0,0,0,0,0,0,0,2,0,0,0,0,0,1.2044,-0.2054,2.3781,0,0,0,0,0,0,0,-0,0,1.46036,0,0,0,0,0,0,0,0,0,0,0,0,0,0,0,0,0,0,0,0,0,0,0,0,0,0,0,0,0,0,0,0,0
8.4,0,0,0,0,0,0,3.17981,2.0576,-2.39937,-2.4412e-05,0.000197737,9.53593e-05,-0.000141136,0.000869196,0.000463149,0,0,0,0,0,0,0,0,0,0,0,0,0,0,0,0,0,0,0,0,0,0,0,0,0,0,0,0,0,0,0,0,0,0,0,0,0,0,0,0,1.93656,1.29145,-0.021323,-1.58678e-05,4.63828e-05,-2.29459e-05,-0.000100583,0.000258729,-0.000172418,0,0,0,0,0,0,0,0,0,0,0,0,0,0,0,0,0,0,0,0,0,0,0,0,0,0,0,0,0,0,0,0,0,0,0,0,0,0,0,0,0,0,0,0,0,0,0,0,0,0,0,0,2,0,0,0,0,0,1.2044,-0.2054,2.3781,0,0,0,0,0,0,0,-0,0,1.46037,0,0,0,0,0,0,0,0,0,0,0,0,0,0,0,0,0,0,0,0,0,0,0,0,0,0,0,0,0,0,0,0,0
8.45,0,0,0,0,0,0,3.17981,2.0576,-2.39937,-2.4412e-05,0.000197737,9.53593e-05,-0.000141136,0.000869196,0.000463149,0,0,0,0,0,0,0,0,0,0,0,0,0,0,0,0,0,0,0,0,0,0,0,0,0,0,0,0,0,0,0,0,0,0,0,0,0,0,0,0,1.93656,1.29145,-0.021323,-1.58678e-05,4.63828e-05,-2.29459e-05,-0.000100583,0.000258729,-0.000172418,0,0,0,0,0,0,0,0,0,0,0,0,0,0,0,0,0,0,0,0,0,0,0,0,0,0,0,0,0,0,0,0,0,0,0,0,0,0,0,0,0,0,0,0,0,0,0,0,0,0,0,0,2,0,0,0,0,0,1.2044,-0.2054,2.3781,0,0,0,0,0,0,0,-0,0,1.46037,0,0,0,0,0,0,0,0,0,0,0,0,0,0,0,0,0,0,0,0,0,0,0,0,0,0,0,0,0,0,0,0,0
8.5,0,0,0,0,0,0,3.17981,2.05759,-2.39934,-5.86066e-05,-0.000126981,0.000262318,-0.0002299,-0.000652451,0.000982894,0,0,0,0,0,0,0,0,0,0,0,0,0,0,0,0,0,0,0,0,0,0,0,0,0,0,0,0,0,0,0,0,0,0,0,0,0,0,0,0,1.93656,1.29144,-0.021305,2.31984e-05,-9.76774e-06,0.000179449,0.000101787,-2.56222e-06,0.000600395,0,0,0,0,0,0,0,0,0,0,0,0,0,0,0,0,0,0,0,0,0,0,0,0,0,0,0,0,0,0,0,0,0,0,0,0,0,0,0,0,0,0,0,0,0,0,0,0,0,0,0,0,2,0,0,0,0,0,1.2044,-0.2054,2.3781,0,0,0,0,0,0,0,-0,0,1.46035,0,0,0,0,0,0,0,0,0,0,0,0,0,0,0,0,0,0,0,0,0,0,0,0,0,0,0,0,0,0,0,0,0
8.55,0,0,0,0,0,0,3.17981,2.05759,-2.39934,-5.86066e-05,-0.000126981,0.000262318,-0.0002299,-0.000652451,0.000982894,0,0,0,0,0,0,0,0,0,0,0,0,0,0,0,0,0,0,0,0,0,0,0,0,0,0,0,0,0,0,0,0,0,0,0,0,0,0,0,0,1.93656,1.29144,-0.021305,2.31984e-05,-9.76774e-06,0.000179449,0.000101787,-2.56222e-06,0.000600395,0,0,0,0,0,0,0,0,0,0,0,0,0,0,0,0,0,0,0,0,0,0,0,0,0,0,0,0,0,0,0,0,0,0,0,0,0,0,0,0,0,0,0,0,0,0,0,0,0,0,0,0,2,0,0,0,0,0,1.1567,-0.2531,2.3304,0,0,0,0,0,0,0,-0,0,1.46035,0,0,0,0,0,0,0,0,0,0,0,0,0,0,0,0,0,0,0,0,0,0,0,0,0,0,0,0,0,0,0,0,0
8.6,0,0,0,0,0,0,3.17981,2.05759,-2.39938,5.85911e-05,-1.22065e-05,-0.000348075,0.000318201,-0.000139156,-0.00177831,0,0,0,0,0,0,0,0,0,0,0,0,0,0,0,0,0,0,0,0,0,0,0,0,0,0,0,0,0,0,0,0,0,0,0,0,0,0,0,0,1.93656,1.29144,-0.0213384,-1.83097e-05,-4.02814e-05,-0.000334162,-7.73382e-05,-0.000158832,-0.00158707,0,0,0,0,0,0,0,0,0,0,0,0,0,0,0,0,0,0,0,0,0,0,0,0,0,0,0,0,0,0,0,0,0,0,0,0,0,0,0,0,0,0,0,0,0,0,0,0,0,0,0,0,2,0,0,0,0,0,1.1567,-0.2531,2.3304,0,0,0,0,0,0,0,-0,0,1.46036,0,0,0,0,0,0,0,0,0,0,0,0,0,0,0,0,0,0,0,0,0,0,0,0,0,0,0,0,0,0,0,0,0
8.65,0,0,0,0,0,0,3.17981,2.05759,-2.39938,5.85911e-05,-1.22065e-05,-0.000348075,0.000318201,-0.000139156,-0.00177831,0,0,0,0,0,0,0,0,0,0,0,0,0,0,0,0,0,0,0,0,0,0,0,0,0,0,0,0,0,0,0,0,0,0,0,0,0,0,0,0,1.93656,1.29144,-0.0213384,-1.83097e-05,-4.02814e-05,-0.000334162,-7.73382e-05,-0.000158832,-0.00158707,0,0,0,0,0,0,0,0,0,0,0,0,0,0,0,0,0,0,0,0,0,0,0,0,0,0,0,0,0,0,0,0,0,0,0,0,0,0,0,0,0,0,0,0,0,0,0,0,0,0,0,0,2,0,0,0,0,0,1.1567,-0.2531,2.3304,0,0,0,0,0,0,0,-0,0,1.46036,0,0,0,0,0,0,0,0,0,0,0,0,0,0,0,0,0,0,0,0,0,0,0,0,0,0,0,0,0,0,0,0,0
8.7,0,0,0,0,0,0,3.17981,2.0576,-2.39937,4.88373e-06,0.000114768,5.2462e-05,5.06426e-05,0.000493281,0.000158976,0,0,0,0,0,0,0,0,0,0,0,0,0,0,0,0,0,0,0,0,0,0,0,0,0,0,0,0,0,0,0,0,0,0,0,0,0,0,0,0,1.93656,1.29145,-0.0213536,1.8314e-05,4.88372e-05,-0.000151461,7.56568e-05,0.000239581,-0.00051892,0,0,0,0,0,0,0,0,0,0,0,0,0,0,0,0,0,0,0,0,0,0,0,0,0,0,0,0,0,0,0,0,0,0,0,0,0,0,0,0,0,0,0,0,0,0,0,0,0,0,0,0,2,0,0,0,0,0,1.1567,-0.2531,2.3304,0,0,0,0,0,0,0,-0,0,1.46036,0,0,0,0,0,0,0,0,0,0,0,0,0,0,0,0,0,0,0,0,0,0,0,0,0,0,0,0,0,0,0,0,0
8.75,0,0,0,0,0,0,3.17981,2.0576,-2.39937,4.88373e-06,0.000114768,5.2462e-05,5.06426e-05,0.000493281,0.000158976,0,0,0,0,0,0,0,0,0,0,0,0,0,0,0,0,0,0,0,0,0,0,0,0,0,0,0,0,0,0,0,0,0,0,0,0,0,0,0,0,1.93656,1.29145,-0.0213536,1.8314e-05,4.88372e-05,-0.000151461,7.56568e-05,0.000239581,-0.00051892,0,0,0,0,0,0,0,0,0,0,0,0,0,0,0,0,0,0,0,0,0,0,0,0,0,0,0,0,0,0,0,0,0,0,0,0,0,0,0,0,0,0,0,0,0,0,0,0,0,0,0,0,2,0,0,0,0,0,1.2601,-0.1497,2.4338,0,0,0,0,0,0,0,-0,0,1.46036,0,0,0,0,0,0,0,0,0,0,0,0,0,0,0,0,0,0,0,0,0,0,0,0,0,0,0,0,0,0,0,0,0
8.8,0,0,0,0,0,0,3.17981,2.05759,-2.39938,9.76565e-06,-7.32424e-05,-4.52997e-05,1.37079e-05,-0.000369401,-3.29652e-05,0,0,0,0,0,0,0,0,0,0,0,0,0,0,0,0,0,0,0,0,0,0,0,0,0,0,0,0,0,0,0,0,0,0,0,0,0,0,0,0,1.93656,1.29145,-0.021353,-1.83106e-05,5.12697e-05,5.56933e-06,-8.01997e-05,0.000207521,0.000460347,0,0,0,0,0,0,0,0,0,0,0,0,0,0,0,0,0,0,0,0,0,0,0,0,0,0,0,0,0,0,0,0,0,0,0,0,0,0,0,0,0,0,0,0,0,0,0,0,0,0,0,0,2,0,0,0,0,0,1.2601,-0.1497,2.4338,0,0,0,0,0,0,0,-0,0,1.46036,0,0,0,0,0,0,0,0,0,0,0,0,0,0,0,0,0,0,0,0,0,0,0,0,0,0,0,0,0,0,0,0,0
8.85,0,0,0,0,0,0,3.17981,2.05759,-2.39938,9.76565e-06,-7.32424e-05,-4.52997e-05,1.37079e-05,-0.000369401,-3.29652e-05,0,0,0,0,0,0,0,0,0,0,0,0,0,0,0,0,0,0,0,0,0,0,0,0,0,0,0,0,0,0,0,0,0,0,0,0,0,0,0,0,1.93656,1.29145,-0.021353,-1.83106e-05,5.12697e-05,5.56933e-06,-8.01997e-05,0.000207521,0.000460347,0,0,0,0,0,0,0,0,0,0,0,0,0,0,0,0,0,0,0,0,0,0,0,0,0,0,0,0,0,0,0,0,0,0,0,0,0,0,0,0,0,0,0,0,0,0,0,0,0,0,0,0,2,0,0,0,0,0,1.2601,-0.1497,2.4338,0,0,0,0,0,0,0,-0,0,1.46036,0,0,0,0,0,0,0,0,0,0,0,0,0,0,0,0,0,0,0,0,0,0,0,0,0,0,0,0,0,0,0,0,0
8.9,0,0,0,0,0,0,3.17981,2.05758,-2.39935,-9.76513e-06,-0.000102534,0.000250327,-7.48119e-05,-0.000455615,0.00113549,0,0,0,0,0,0,0,0,0,0,0,0,0,0,0,0,0,0,0,0,0,0,0,0,0,0,0,0,0,0,0,0,0,0,0,0,0,0,0,0,1.93656,1.29144,-0.0213319,-1.58683e-05,-6.95765e-05,0.000211623,-5.94916e-05,-0.000362622,0.00123232,0,0,0,0,0,0,0,0,0,0,0,0,0,0,0,0,0,0,0,0,0,0,0,0,0,0,0,0,0,0,0,0,0,0,0,0,0,0,0,0,0,0,0,0,0,0,0,0,0,0,0,0,2,0,0,0,0,0,1.2601,-0.1497,2.4338,0,0,0,0,0,0,0,-0,0,1.46036,0,0,0,0,0,0,0,0,0,0,0,0,0,0,0,0,0,0,0,0,0,0,0,0,0,0,0,0,0,0,0,0,0
8.95,0,0,0,0,0,0,3.17981,2.05758,-2.39935,-9.76513e-06,-0.000102534,0.000250327,-7.48119e-05,-0.000455615,0.00113549,0,0,0,0,0,0,0,0,0,0,0,0,0,0,0,0,0,0,0,0,0,0,0,0,0,0,0,0,0,0,0,0,0,0,0,0,0,0,0,0,1.93656,1.29144,-0.0213319,-1.58683e-05,-6.95765e-05,0.000211623,-5.94916e-05,-0.000362622,0.00123232,0,0,0,0,0,0,0,0,0,0,0,0,0,0,0,0,0,0,0,0,0,0,0,0,0,0,0,0,0,0,0,0,0,0,0,0,0,0,0,0,0,0,0,0,0,0,0,0,0,0,0,0,2,0,0,0,0,0,1.2441,-0.1658,2.4177,0,0,0,0,0,0,0,-0,0,1.46036,0,0,0,0,0,0,0,0,0,0,0,0,0,0,0,0,0,0,0,0,0,0,0,0,0,0,0,0,0,0,0,0,0
9,0,0,0,0,0,0,3.17981,2.05758,-2.39938,0,-4.88379e-06,-0.000219389,-1.7877e-05,0.00010498,-0.0010368,0,0,0,0,0,0,0,0,0,0,0,0,0,0,0,0,0,0,0,0,0,0,0,0,0,0,0,0,0,0,0,0,0,0,0,0,0,0,0,0,1.93656,1.29145,-0.0213341,-9.76759e-06,4.7617e-05,-2.20582e-05,-8.53658e-06,0.00017339,-8.93575e-05,0,0,0,0,0,0,0,0,0,0,0,0,0,0,0,0,0,0,0,0,0,0,0,0,0,0,0,0,0,0,0,0,0,0,0,0,0,0,0,0,0,0,0,0,0,0,0,0,0,0,0,0,2,0,0,0,0,0,1.2441,-0.1658,2.4177,0,0,0,0,0,0,0,-0,0,1.46036,0,0,0,0,0,0,0,0,0,0,0,0,0,0,0,0,0,0,0,0,0,0,0,0,0,0,0,0,0,0,0,0,0
9.05,0,0,0,0,0,0,3.17981,2.05758,-2.39938,0,-4.88379e-06,-0.000219389,-1.7877e-05,0.00010498,-0.0010368,0,0,0,0,0,0,0,0,0,0,0,0,0,0,0,0,0,0,0,0,0,0,0,0,0,0,0,0,0,0,0,0,0,0,0,0,0,0,0,0,1.93656,1.29145,-0.0213341,-9.76759e-06,4.7617e-05,-2.20582e-05,-8.53658e-06,0.00017339,-8.93575e-05,0,0,0,0,0,0,0,0,0,0,0,0,0,0,0,0,0,0,0,0,0,0,0,0,0,0,0,0,0,0,0,0,0,0,0,0,0,0,0,0,0,0,0,0,0,0,0,0,0,0,0,0,2,0,0,0,0,0,1.2441,-0.1658,2.4177,0,0,0,0,0,0,0,-0,0,1.46036,0,0,0,0,0,0,0,0,0,0,0,0,0,0,0,0,0,0,0,0,0,0,0,0,0,0,0,0,0,0,0,0,0
9.1,0,0,0,0,0,0,3.17981,2.05758,-2.39938,0,-4.88379e-06,-0.000219389,-1.7877e-05,0.00010498,-0.0010368,0,0,0,0,0,0,0,0,0,0,0,0,0,0,0,0,0,0,0,0,0,0,0,0,0,0,0,0,0,0,0,0,0,0,0,0,0,0,0,0,1.93656,1.29145,-0.0213341,-9.76759e-06,4.7617e-05,-2.20582e-05,-8.53658e-06,0.00017339,-8.93575e-05,0,0,0,0,0,0,0,0,0,0,0,0,0,0,0,0,0,0,0,0,0,0,0,0,0,0,0,0,0,0,0,0,0,0,0,0,0,0,0,0,0,0,0,0,0,0,0,0,0,0,0,0,2,0,0,0,0,0,1.2441,-0.1658,2.4177,0,0,0,0,0,0,0,-0,0,1.46036,0,0,0,0,0,0,0,0,0,0,0,0,0,0,0,0,0,0,0,0,0,0,0,0,0,0,0,0,0,0,0,0,0
9.15,0,0,0,0,0,0,3.17981,2.05758,-2.39935,-2.44162e-05,-6.10406e-05,0.000226518,-0.000100589,-8.54955e-05,0.00086505,0,0,0,0,0,0,0,0,0,0,0,0,0,0,0,0,0,0,0,0,0,0,0,0,0,0,0,0,0,0,0,0,0,0,0,0,0,0,0,0,1.93656,1.29144,-0.021336,5.61575e-05,-0.000101328,-1.96341e-05,0.000265183,-0.00041846,-0.000222851,0,0,0,0,0,0,0,0,0,0,0,0,0,0,0,0,0,0,0,0,0,0,0,0,0,0,0,0,0,0,0,0,0,0,0,0,0,0,0,0,0,0,0,0,0,0,0,0,0,0,0,0,2,0,0,0,0,0,1.2853,-0.1245,2.459,0,0,0,0,0,0,0,-0,0,1.46035,0,0,0,0,0,0,0,0,0,0,0,0,0,0,0,0,0,0,0,0,0,0,0,0,0,0,0,0,0,0,0,0,0
9.2,0,0,0,0,0,0,3.17981,2.05759,-2.39938,5.37177e-05,0.000104994,-0.000236064,0.000240601,0.000586296,-0.00107149,0,0,0,0,0,0,0,0,0,0,0,0,0,0,0,0,0,0,0,0,0,0,0,0,0,0,0,0,0,0,0,0,0,0,0,0,0,0,0,0,1.93656,1.29144,-0.0213285,-1.22085e-05,5.12757e-05,7.48315e-05,-7.6884e-05,0.000278368,0.000225566,0,0,0,0,0,0,0,0,0,0,0,0,0,0,0,0,0,0,0,0,0,0,0,0,0,0,0,0,0,0,0,0,0,0,0,0,0,0,0,0,0,0,0,0,0,0,0,0,0,0,0,0,2,0,0,0,0,0,1.2853,-0.1245,2.459,0,0,0,0,0,0,0,-0,0,1.46036,0,0,0,0,0,0,0,0,0,0,0,0,0,0,0,0,0,0,0,0,0,0,0,0,0,0,0,0,0,0,0,0,0
9.25,0,0,0,0,0,0,3.17981,2.05759,-2.39938,5.37177e-05,0.000104994,-0.000236064,0.000240601,0.000586296,-0.00107149,0,0,0,0,0,0,0,0,0,0,0,0,0,0,0,0,0,0,0,0,0,0,0,0,0,0,0,0,0,0,0,0,0,0,0,0,0,0,0,0,1.93656,1.29144,-0.0213285,-1.22085e-05,5.12757e-05,7.48315e-05,-7.6884e-05,0.000278368,0.000225566,0,0,0,0,0,0,0,0,0,0,0,0,0,0,0,0,0,0,0,0,0,0,0,0,0,0,0,0,0,0,0,0,0,0,0,0,0,0,0,0,0,0,0,0,0,0,0,0,0,0,0,0,2,0,0,0,0,0,1.2853,-0.1245,2.459,0,0,0,0,0,0,0,-0,0,1.46036,0,0,0,0,0,0,0,0,0,0,0,0,0,0,0,0,0,0,0,0,0,0,0,0,0,0,0,0,0,0,0,0,0
9.3,0,0,0,0,0,0,3.17981,2.05758,-2.39936,-1.46503e-05,-1.7092e-05,0.000166915,-8.25141e-05,-4.48173e-05,0.000704619,0,0,0,0,0,0,0,0,0,0,0,0,0,0,0,0,0,0,0,0,0,0,0,0,0,0,0,0,0,0,0,0,0,0,0,0,0,0,0,0,1.93656,1.29145,-0.0213265,4.88344e-06,2.93006e-05,2.02868e-05,-2.41764e-05,0.000173674,-2.17946e-05,0,0,0,0,0,0,0,0,0,0,0,0,0,0,0,0,0,0,0,0,0,0,0,0,0,0,0,0,0,0,0,0,0,0,0,0,0,0,0,0,0,0,0,0,0,0,0,0,0,0,0,0,2,0,0,0,0,0,1.2853,-0.1245,2.459,0,0,0,0,0,0,0,-0,0,1.46036,0,0,0,0,0,0,0,0,0,0,0,0,0,0,0,0,0,0,0,0,0,0,0,0,0,0,0,0,0,0,0,0,0
9.35,0,0,0,0,0,0,3.17981,2.05758,-2.39936,-1.46503e-05,-1.7092e-05,0.000166915,-8.25141e-05,-4.48173e-05,0.000704619,0,0,0,0,0,0,0,0,0,0,0,0,0,0,0,0,0,0,0,0,0,0,0,0,0,0,0,0,0,0,0,0,0,0,0,0,0,0,0,0,1.93656,1.29145,-0.0213265,4.88344e-06,2.93006e-05,2.02868e-05,-2.41764e-05,0.000173674,-2.17946e-05,0,0,0,0,0,0,0,0,0,0,0,0,0,0,0,0,0,0,0,0,0,0,0,0,0,0,0,0,0,0,0,0,0,0,0,0,0,0,0,0,0,0,0,0,0,0,0,0,0,0,0,0,2,0,0,0,0,0,1.2043,-0.2055,2.378,0,0,0,0,0,0,0,-0,0,1.46036,0,0,0,0,0,0,0,0,0,0,0,0,0,0,0,0,0,0,0,0,0,0,0,0,0,0,0,0,0,0,0,0,0
9.4,0,0,0,0,0,0,3.17981,2.05759,-2.39936,-3.41751e-05,7.56735e-05,4.29096e-05,-0.000171306,0.000258333,0.000168051,0,0,0,0,0,0,0,0,0,0,0,0,0,0,0,0,0,0,0,0,0,0,0,0,0,0,0,0,0,0,0,0,0,0,0,0,0,0,0,0,1.93656,1.29146,-0.0213367,-1.46465e-05,0.000115952,-0.000101855,-8.54187e-05,0.000436363,-0.000534621,0,0,0,0,0,0,0,0,0,0,0,0,0,0,0,0,0,0,0,0,0,0,0,0,0,0,0,0,0,0,0,0,0,0,0,0,0,0,0,0,0,0,0,0,0,0,0,0,0,0,0,0,2,0,0,0,0,0,1.2043,-0.2055,2.378,0,0,0,0,0,0,0,-0,0,1.46035,0,0,0,0,0,0,0,0,0,0,0,0,0,0,0,0,0,0,0,0,0,0,0,0,0,0,0,0,0,0,0,0,0
9.45,0,0,0,0,0,0,3.17981,2.05759,-2.39936,-3.41751e-05,7.56735e-05,4.29096e-05,-0.000171306,0.000258333,0.000168051,0,0,0,0,0,0,0,0,0,0,0,0,0,0,0,0,0,0,0,0,0,0,0,0,0,0,0,0,0,0,0,0,0,0,0,0,0,0,0,0,1.93656,1.29146,-0.0213367,-1.46465e-05,0.000115952,-0.000101855,-8.54187e-05,0.000436363,-0.000534621,0,0,0,0,0,0,0,0,0,0,0,0,0,0,0,0,0,0,0,0,0,0,0,0,0,0,0,0,0,0,0,0,0,0,0,0,0,0,0,0,0,0,0,0,0,0,0,0,0,0,0,0,2,0,0,0,0,0,1.2043,-0.2055,2.378,0,0,0,0,0,0,0,-0,0,1.46035,0,0,0,0,0,0,0,0,0,0,0,0,0,0,0,0,0,0,0,0,0,0,0,0,0,0,0,0,0,0,0,0,0
9.5,0,0,0,0,0,0,3.17981,2.05758,-2.39935,4.39478e-05,-8.78956e-05,8.10669e-05,0.000197303,-0.000457479,0.000180715,0,0,0,0,0,0,0,0,0,0,0,0,0,0,0,0,0,0,0,0,0,0,0,0,0,0,0,0,0,0,0,0,0,0,0,0,0,0,0,0,1.93656,1.29145,-0.0213113,-4.88309e-06,-8.78956e-05,0.000254023,-2.0557e-05,-0.000517024,0.00103163,0,0,0,0,0,0,0,0,0,0,0,0,0,0,0,0,0,0,0,0,0,0,0,0,0,0,0,0,0,0,0,0,0,0,0,0,0,0,0,0,0,0,0,0,0,0,0,0,0,0,0,0,2,0,0,0,0,0,1.2043,-0.2055,2.378,0,0,0,0,0,0,0,-0,0,1.46036,0,0,0,0,0,0,0,0,0,0,0,0,0,0,0,0,0,0,0,0,0,0,0,0,0,0,0,0,0,0,0,0,0
9.55,0,0,0,0,0,0,3.17981,2.05758,-2.39935,4.39478e-05,-8.78956e-05,8.10669e-05,0.000197303,-0.000457479,0.000180715,0,0,0,0,0,0,0,0,0,0,0,0,0,0,0,0,0,0,0,0,0,0,0,0,0,0,0,0,0,0,0,0,0,0,0,0,0,0,0,0,1.93656,1.29145,-0.0213113,-4.88309e-06,-8.78956e-05,0.000254023,-2.0557e-05,-0.000517024,0.00103163,0,0,0,0,0,0,0,0,0,0,0,0,0,0,0,0,0,0,0,0,0,0,0,0,0,0,0,0,0,0,0,0,0,0,0,0,0,0,0,0,0,0,0,0,0,0,0,0,0,0,0,0,2,0,0,0,0,0,1.2023,-0.2076,2.376,0,0,0,0,0,0,0,-0,0,1.46036,0,0,0,0,0,0,0,0,0,0,0,0,0,0,0,0,0,0,0,0,0,0,0,0,0,0,0,0,0,0,0,0,0
9.6,0,0,0,0,0,0,3.17981,2.05758,-2.39936,-1.46498e-05,9.76656e-06,-0.000133527,-6.57854e-05,1.86674e-05,-0.000747217,0,0,0,0,0,0,0,0,0,0,0,0,0,0,0,0,0,0,0,0,0,0,0,0,0,0,0,0,0,0,0,0,0,0,0,0,0,0,0,0,1.93656,1.29144,-0.0213226,0,-4.7612e-05,-0.00011257,1.59439e-05,-0.000278492,-0.000633375,0,0,0,0,0,0,0,0,0,0,0,0,0,0,0,0,0,0,0,0,0,0,0,0,0,0,0,0,0,0,0,0,0,0,0,0,0,0,0,0,0,0,0,0,0,0,0,0,0,0,0,0,2,0,0,0,0,0,1.2023,-0.2076,2.376,0,0,0,0,0,0,0,-0,0,1.46036,0,0,0,0,0,0,0,0,0,0,0,0,0,0,0,0,0,0,0,0,0,0,0,0,0,0,0,0,0,0,0,0,0
9.65,0,0,0,0,0,0,3.17981,2.05758,-2.39936,-1.46498e-05,9.76656e-06,-0.000133527,-6.57854e-05,1.86674e-05,-0.000747217,0,0,0,0,0,0,0,0,0,0,0,0,0,0,0,0,0,0,0,0,0,0,0,0,0,0,0,0,0,0,0,0,0,0,0,0,0,0,0,0,1.93656,1.29144,-0.0213226,0,-4.7612e-05,-0.00011257,1.59439e-05,-0.000278492,-0.000633375,0,0,0,0,0,0,0,0,0,0,0,0,0,0,0,0,0,0,0,0,0,0,0,0,0,0,0,0,0,0,0,0,0,0,0,0,0,0,0,0,0,0,0,0,0,0,0,0,0,0,0,0,2,0,0,0,0,0,1.2023,-0.2076,2.376,0,0,0,0,0,0,0,-0,0,1.46036,0,0,0,0,0,0,0,0,0,0,0,0,0,0,0,0,0,0,0,0,0,0,0,0,0,0,0,0,0,0,0,0,0
9.7,0,0,0,0,0,0,3.17981,2.05758,-2.39936,-2.44107e-06,-2.19696e-05,4.52933e-05,-2.63279e-05,-5.11558e-05,0.000140255,0,0,0,0,0,0,0,0,0,0,0,0,0,0,0,0,0,0,0,0,0,0,0,0,0,0,0,0,0,0,0,0,0,0,0,0,0,0,0,0,1.93656,1.29144,-0.0213222,-2.19695e-05,-1.58669e-05,3.96687e-06,-7.3274e-05,-8.09655e-06,-0.000140019,0,0,0,0,0,0,0,0,0,0,0,0,0,0,0,0,0,0,0,0,0,0,0,0,0,0,0,0,0,0,0,0,0,0,0,0,0,0,0,0,0,0,0,0,0,0,0,0,0,0,0,0,2,0,0,0,0,0,1.2023,-0.2076,2.376,0,0,0,0,0,0,0,-0,0,1.46036,0,0,0,0,0,0,0,0,0,0,0,0,0,0,0,0,0,0,0,0,0,0,0,0,0,0,0,0,0,0,0,0,0
9.75,0,0,0,0,0,0,3.17981,2.05758,-2.39936,-2.44107e-06,-2.19696e-05,4.52933e-05,-2.63279e-05,-5.11558e-05,0.000140255,0,0,0,0,0,0,0,0,0,0,0,0,0,0,0,0,0,0,0,0,0,0,0,0,0,0,0,0,0,0,0,0,0,0,0,0,0,0,0,0,1.93656,1.29144,-0.0213222,-2.19695e-05,-1.58669e-05,3.96687e-06,-7.3274e-05,-8.09655e-06,-0.000140019,0,0,0,0,0,0,0,0,0,0,0,0,0,0,0,0,0,0,0,0,0,0,0,0,0,0,0,0,0,0,0,0,0,0,0,0,0,0,0,0,0,0,0,0,0,0,0,0,0,0,0,0,2,0,0,0,0,0,1.1162,-0.2936,2.2899,0,0,0,0,0,0,0,-0,0,1.46036,0,0,0,0,0,0,0,0,0,0,0,0,0,0,0,0,0,0,0,0,0,0,0,0,0,0,0,0,0,0,0,0,0
9.8,0,0,0,0,0,0,3.17981,2.0576,-2.39936,1.70987e-05,0.000146561,-6.67919e-05,6.76036e-05,0.000633208,-0.000243529,0,0,0,0,0,0,0,0,0,0,0,0,0,0,0,0,0,0,0,0,0,0,0,0,0,0,0,0,0,0,0,0,0,0,0,0,0,0,0,0,1.93656,1.29145,-0.0213204,3.41977e-05,7.0838e-05,1.74063e-05,0.000168359,0.000378178,3.63852e-05,0,0,0,0,0,0,0,0,0,0,0,0,0,0,0,0,0,0,0,0,0,0,0,0,0,0,0,0,0,0,0,0,0,0,0,0,0,0,0,0,0,0,0,0,0,0,0,0,0,0,0,0,2,0,0,0,0,0,1.1162,-0.2936,2.2899,0,0,0,0,0,0,0,-0,0,1.46036,0,0,0,0,0,0,0,0,0,0,0,0,0,0,0,0,0,0,0,0,0,0,0,0,0,0,0,0,0,0,0,0,0
9.85,0,0,0,0,0,0,3.17981,2.0576,-2.39936,1.70987e-05,0.000146561,-6.67919e-05,6.76036e-05,0.000633208,-0.000243529,0,0,0,0,0,0,0,0,0,0,0,0,0,0,0,0,0,0,0,0,0,0,0,0,0,0,0,0,0,0,0,0,0,0,0,0,0,0,0,0,1.93656,1.29145,-0.0213204,3.41977e-05,7.0838e-05,1.74063e-05,0.000168359,0.000378178,3.63852e-05,0,0,0,0,0,0,0,0,0,0,0,0,0,0,0,0,0,0,0,0,0,0,0,0,0,0,0,0,0,0,0,0,0,0,0,0,0,0,0,0,0,0,0,0,0,0,0,0,0,0,0,0,2,0,0,0,0,0,1.1162,-0.2936,2.2899,0,0,0,0,0,0,0,-0,0,1.46036,0,0,0,0,0,0,0,0,0,0,0,0,0,0,0,0,0,0,0,0,0,0,0,0,0,0,0,0,0,0,0,0,0
9.9,0,0,0,0,0,0,3.17981,2.05758,-2.39937,-1.22057e-05,-0.000209938,-5.48302e-05,-6.37615e-05,-0.000951427,-0.000150483,0,0,0,0,0,0,0,0,0,0,0,0,0,0,0,0,0,0,0,0,0,0,0,0,0,0,0,0,0,0,0,0,0,0,0,0,0,0,0,0,1.93656,1.29144,-0.0213291,1.22057e-05,-6.95722e-05,-8.69385e-05,4.59753e-05,-0.00028158,-0.000371194,0,0,0,0,0,0,0,0,0,0,0,0,0,0,0,0,0,0,0,0,0,0,0,0,0,0,0,0,0,0,0,0,0,0,0,0,0,0,0,0,0,0,0,0,0,0,0,0,0,0,0,0,2,0,0,0,0,0,1.1162,-0.2936,2.2899,0,0,0,0,0,0,0,-0,0,1.46035,0,0,0,0,0,0,0,0,0,0,0,0,0,0,0,0,0,0,0,0,0,0,0,0,0,0,0,0,0,0,0,0,0
9.95,0,0,0,0,0,0,3.17981,2.05758,-2.39937,-1.22057e-05,-0.000209938,-5.48302e-05,-6.37615e-05,-0.000951427,-0.000150483,0,0,0,0,0,0,0,0,0,0,0,0,0,0,0,0,0,0,0,0,0,0,0,0,0,0,0,0,0,0,0,0,0,0,0,0,0,0,0,0,1.93656,1.29144,-0.0213291,1.22057e-05,-6.95722e-05,-8.69385e-05,4.59753e-05,-0.00028158,-0.000371194,0,0,0,0,0,0,0,0,0,0,0,0,0,0,0,0,0,0,0,0,0,0,0,0,0,0,0,0,0,0,0,0,0,0,0,0,0,0,0,0,0,0,0,0,0,0,0,0,0,0,0,0,2,0,0,0,0,0,1.2679,-0.1419,2.4416,0,0,0,0,0,0,0,-0,0,1.46035,0,0,0,0,0,0,0,0,0,0,0,0,0,0,0,0,0,0,0,0,0,0,0,0,0,0,0,0,0,0,0,0,0
10,0,0,0,0,0,0,3.17981,2.05759,-2.39937,7.32477e-06,0.000104988,-4.05342e-05,2.19714e-05,0.000472641,-2.05788e-05,0,0,0,0,0,0,0,0,0,0,0,0,0,0,0,0,0,0,0,0,0,0,0,0,0,0,0,0,0,0,0,0,0,0,0,0,0,0,0,0,1.93656,1.29145,-0.0213302,-2.4416e-05,4.02864e-05,-1.04875e-05,-0.000135311,0.000180597,2.74714e-05,0,0,0,0,0,0,0,0,0,0,0,0,0,0,0,0,0,0,0,0,0,0,0,0,0,0,0,0,0,0,0,0,0,0,0,0,0,0,0,0,0,0,0,0,0,0,0,0,0,0,0,0,2,0,0,0,0,0,1.2679,-0.1419,2.4416,0,0,0,0,0,0,0,-0,0,1.46036,0,0,0,0,0,0,0,0,0,0,0,0,0,0,0,0,0,0,0,0,0,0,0,0,0,0,0,0,0,0,0,0,0
10.05,0,0,0,0,0,0,3.17981,2.05759,-2.39937,7.32477e-06,0.000104988,-4.05342e-05,2.19714e-05,0.000472641,-2.05788e-05,0,0,0,0,0,0,0,0,0,0,0,0,0,0,0,0,0,0,0,0,0,0,0,0,0,0,0,0,0,0,0,0,0,0,0,0,0,0,0,0,1.93656,1.29145,-0.0213302,-2.4416e-05,4.02864e-05,-1.04875e-05,-0.000135311,0.000180597,2.74714e-05,0,0,0,0,0,0,0,0,0,0,0,0,0,0,0,0,0,0,0,0,0,0,0,0,0,0,0,0,0,0,0,0,0,0,0,0,0,0,0,0,0,0,0,0,0,0,0,0,0,0,0,1,2,0,0,0,0,0,1.2679,-0.1419,2.4416,0,0,0,0,0,0,0,-0,0,1.46036,0,0,0,0,0,0,0,0,0,0,0,0,0,0,0,0,0,0,0,0,0,0,0,0,0,0,0,0,0,0,0,0,0
10.1,0,0,0,0,0,0,3.17981,2.05759,-2.39936,-1.95322e-05,2.68568e-05,0.000114447,-8.25178e-05,0.000164324,0.000624472,0,0,0,0,0,0,0,0,0,0,0,0,0,0,0,0,0,0,0,0,0,0,0,0,0,0,0,0,0,0,0,0,0,0,0,0,0,0,0,0,1.93656,1.29145,-0.0213223,1.95322e-05,2.44152e-06,7.88682e-05,6.98222e-05,1.97703e-05,0.000427479,0,0,0,0,0,0,0,0,0,0,0,0,0,0,0,0,0,0,0,0,0,0,0,0,0,0,0,0,0,0,0,0,0,0,0,0,0,0,0,0,0,0,0,0,0,0,0,0,0,0,0,1,2,0,0,0,0,0,1.2679,-0.1419,2.4416,0,0,0,0,0,0,0,-0,0,1.46036,0,0,0,0,0,0,0,0,0,0,0,0,0,0,0,0,0,0,0,0,0,0,0,0,0,0,0,0,0,0,0,0,0
10.15,0,0,0,0,0,0,3.17981,2.05759,-2.39936,-1.95322e-05,2.68568e-05,0.000114447,-8.25178e-05,0.000164324,0.000624472,0,0,0,0,0,0,0,0,0,0,0,0,0,0,0,0,0,0,0,0,0,0,0,0,0,0,0,0,0,0,0,0,0,0,0,0,0,0,0,0,1.93656,1.29145,-0.0213223,1.95322e-05,2.44152e-06,7.88682e-05,6.98222e-05,1.97703e-05,0.000427479,0,0,0,0,0,0,0,0,0,0,0,0,0,0,0,0,0,0,0,0,0,0,0,0,0,0,0,0,0,0,0,0,0,0,0,0,0,0,0,0,0,0,0,0,0,0,0,0,0,0,0,1,2,0,0,0,0,0,1.2043,-0.2055,2.378,0,0,0,0,0,0,0,-0,0,1.46036,0,0,0,0,0,0,0,0,0,0,0,0,0,0,0,0,0,0,0,0,0,0,0,0,0,0,0,0,0,0,0,0,0
10.2,0,0,0,0,0,0,3.17981,2.05759,-2.39934,0,4.88179e-05,0.000240752,1.43553e-05,0.000144737,0.000967202,0,0,0,0,0,0,0,0,0,0,0,0,0,0,0,0,0,0,0,0,0,0,0,0,0,0,0,0,0,0,0,0,0,0,0,0,0,0,0,0,1.93657,1.29144,-0.0213685,5.85815e-05,-5.36997e-05,-0.000461839,0.000225729,-0.000234232,-0.00184979,0,0,0,0,0,0,0,0,0,0,0,0,0,0,0,0,0,0,0,0,0,0,0,0,0,0,0,0,0,0,0,0,0,0,0,0,0,0,0,0,0,0,0,0,0,0,0,0,0,0,0,1,2,0,0,0,0,0,1.2043,-0.2055,2.378,0,0,0,0,0,0,0,-0,0,1.46036,0,0,0,0,0,0,0,0,0,0,0,0,0,0,0,0,0,0,0,0,0,0,0,0,0,0,0,0,0,0,0,0,0
10.25,0,0,0,0,0,0,3.17981,2.05759,-2.39934,0,4.88179e-05,0.000240752,1.43553e-05,0.000144737,0.000967202,0,0,0,0,0,0,0,0,0,0,0,0,0,0,0,0,0,0,0,0,0,0,0,0,0,0,0,0,0,0,0,0,0,0,0,0,0,0,0,0,1.93657,1.29144,-0.0213685,5.85815e-05,-5.36997e-05,-0.000461839,0.000225729,-0.000234232,-0.00184979,0,0,0,0,0,0,0,0,0,0,0,0,0,0,0,0,0,0,0,0,0,0,0,0,0,0,0,0,0,0,0,0,0,0,0,0,0,0,0,0,0,0,0,0,0,0,0,0,0,0,0,1,2,0,0,0,0,0,1.2043,-0.2055,2.378,0,0,0,0,0,0,0,-0,0,1.46036,0,0,0,0,0,0,0,0,0,0,0,0,0,0,0,0,0,0,0,0,0,0,0,0,0,0,0,0,0,0,0,0,0
10.3,0,0,0,0,0,0,3.17981,2.05759,-2.39936,-4.39597e-05,-5.12864e-05,-0.000195567,-0.000153911,-0.000315777,-0.00111648,0,0,0,0,0,0,0,0,0,0,0,0,0,0,0,0,0,0,0,0,0,0,0,0,0,0,0,0,0,0,0,0,0,0,0,0,0,0,0,0,1.93657,1.29144,-0.0213675,2.19799e-05,2.93065e-05,9.46535e-06,1.03369e-05,0.000156688,0.000464668,0,0,0,0,0,0,0,0,0,0,0,0,0,0,0,0,0,0,0,0,0,0,0,0,0,0,0,0,0,0,0,0,0,0,0,0,0,0,0,0,0,0,0,0,0,0,0,0,0,0,0,1,2,0,0,0,0,0,1.2043,-0.2055,2.378,0,0,0,0,0,0,0,-0,0,1.46035,0,0,0,0,0,0,0,0,0,0,0,0,0,0,0,0,0,0,0,0,0,0,0,0,0,0,0,0,0,0,0,0,0
10.35,0,0,0,0,0,0,3.17981,2.05759,-2.39936,-4.39597e-05,-5.12864e-05,-0.000195567,-0.000153911,-0.000315777,-0.00111648,0,0,0,0,0,0,0,0,0,0,0,0,0,0,0,0,0,0,0,0,0,0,0,0,0,0,0,0,0,0,0,0,0,0,0,0,0,0,0,0,1.93657,1.29144,-0.0213675,2.19799e-05,2.93065e-05,9.46535e-06,1.03369e-05,0.000156688,0.000464668,0,0,0,0,0,0,0,0,0,0,0,0,0,0,0,0,0,0,0,0,0,0,0,0,0,0,0,0,0,0,0,0,0,0,0,0,0,0,0,0,0,0,0,0,0,0,0,0,0,0,0,1,2,0,0,0,0,0,1.1908,-0.219,2.3644,0,0,0,0,0,0,0,-0,0,1.46035,0,0,0,0,0,0,0,0,0,0,0,0,0,0,0,0,0,0,0,0,0,0,0,0,0,0,0,0,0,0,0,0,0
10.4,0,0,0,0,0,0,3.17981,2.05759,-2.39934,4.88343e-06,-1.7092e-05,0.000162145,7.99329e-05,-0.000115364,0.00047668,0,0,0,0,0,0,0,0,0,0,0,0,0,0,0,0,0,0,0,0,0,0,0,0,0,0,0,0,0,0,0,0,0,0,0,0,0,0,0,0,1.93658,1.29146,-0.021373,0.00010011,0.000140399,-5.51227e-05,0.000289269,0.000590899,0.000334123,0,0,0,0,0,0,0,0,0,0,0,0,0,0,0,0,0,0,0,0,0,0,0,0,0,0,0,0,0,0,0,0,0,0,0,0,0,0,0,0,0,0,0,0,0,0,0,0,0,0,0,1,2,0,0,0,0,0,1.1908,-0.219,2.3644,0,0,0,0,0,0,0,-0,0,1.46033,0,0,0,0,0,0,0,0,0,0,0,0,0,0,0,0,0,0,0,0,0,0,0,0,0,0,0,0,0,0,0,0,0
10.45,0,0,0,0,0,0,3.17981,2.05759,-2.39934,4.88343e-06,-1.7092e-05,0.000162145,7.99329e-05,-0.000115364,0.00047668,0,0,0,0,0,0,0,0,0,0,0,0,0,0,0,0,0,0,0,0,0,0,0,0,0,0,0,0,0,0,0,0,0,0,0,0,0,0,0,0,1.93658,1.29146,-0.021373,0.00010011,0.000140399,-5.51227e-05,0.000289269,0.000590899,0.000334123,0,0,0,0,0,0,0,0,0,0,0,0,0,0,0,0,0,0,0,0,0,0,0,0,0,0,0,0,0,0,0,0,0,0,0,0,0,0,0,0,0,0,0,0,0,0,0,0,0,0,0,1,2,0,0,0,0,0,1.1908,-0.219,2.3644,0,0,0,0,0,0,0,-0,0,1.46033,0,0,0,0,0,0,0,0,0,0,0,0,0,0,0,0,0,0,0,0,0,0,0,0,0,0,0,0,0,0,0,0,0
10.5,0,0,0,0,0,0,3.17981,2.05759,-2.39936,4.88314e-05,-2.44157e-06,-0.000197901,0.000255267,1.64043e-05,-0.000936699,0,0,0,0,0,0,0,0,0,0,0,0,0,0,0,0,0,0,0,0,0,0,0,0,0,0,0,0,0,0,0,0,0,0,0,0,0,0,0,0,1.9366,1.29148,-0.0213998,0.000207533,0.000216079,-0.000267196,0.000640689,0.000716,-0.000664411,0,0,0,0,0,0,0,0,0,0,0,0,0,0,0,0,0,0,0,0,0,0,0,0,0,0,0,0,0,0,0,0,0,0,0,0,0,0,0,0,0,0,0,0,0,0,0,0,0,0,0,1,2,0,0,0,0,0,1.1908,-0.219,2.3644,0,0,0,0,0,0,0,-0,0,1.46031,0,0,0,0,0,0,0,0,0,0,0,0,0,0,0,0,0,0,0,0,0,0,0,0,0,0,0,0,0,0,0,0,0
10.55,0,0,0,0,0,0,3.17981,2.05759,-2.39936,4.88314e-05,-2.44157e-06,-0.000197901,0.000255267,1.64043e-05,-0.000936699,0,0,0,0,0,0,0,0,0,0,0,0,0,0,0,0,0,0,0,0,0,0,0,0,0,0,0,0,0,0,0,0,0,0,0,0,0,0,0,0,1.9366,1.29148,-0.0213998,0.000207533,0.000216079,-0.000267196,0.000640689,0.000716,-0.000664411,0,0,0,0,0,0,0,0,0,0,0,0,0,0,0,0,0,0,0,0,0,0,0,0,0,0,0,0,0,0,0,0,0,0,0,0,0,0,0,0,0,0,0,0,0,0,0,0,0,0,0,1,2,0,0,0,0,0,1.2043,-0.2055,2.3779,0,0,0,0,0,0,0,-0,0,1.46031,0,0,0,0,0,0,0,0,0,0,0,0,0,0,0,0,0,0,0,0,0,0,0,0,0,0,0,0,0,0,0,0,0
10.6,0,0,0,0,0,0,3.17982,2.05761,-2.39938,5.61494e-05,0.000256334,-0.000207413,0.000206251,0.0010617,-0.000791776,0,0,0,0,0,0,0,0,0,0,0,0,0,0,0,0,0,0,0,0,0,0,0,0,0,0,0,0,0,0,0,0,0,0,0,0,0,0,0,0,1.93663,1.29149,-0.0214251,0.000245348,9.15479e-05,-0.000253474,0.000583381,-5.07346e-05,-0.000479295,0,0,0,0,0,0,0,0,0,0,0,0,0,0,0,0,0,0,0,0,0,0,0,0,0,0,0,0,0,0,0,0,0,0,0,0,0,0,0,0,0,0,0,0,0,0,0,0,0,0,0,1,2,0,0,0,0,0,1.2043,-0.2055,2.3779,0,0,0,0,0,0,0,-0,0,1.4603,0,0,0,0,0,0,0,0,0,0,0,0,0,0,0,0,0,0,0,0,0,0,0,0,0,0,0,0,0,0,0,0,0
10.65,0,0,0,0,0,0,3.17982,2.05761,-2.39938,5.61494e-05,0.000256334,-0.000207413,0.000206251,0.0010617,-0.000791776,0,0,0,0,0,0,0,0,0,0,0,0,0,0,0,0,0,0,0,0,0,0,0,0,0,0,0,0,0,0,0,0,0,0,0,0,0,0,0,0,1.93663,1.29149,-0.0214251,0.000245348,9.15479e-05,-0.000253474,0.000583381,-5.07346e-05,-0.000479295,0,0,0,0,0,0,0,0,0,0,0,0,0,0,0,0,0,0,0,0,0,0,0,0,0,0,0,0,0,0,0,0,0,0,0,0,0,0,0,0,0,0,0,0,0,0,0,0,0,0,0,1,2,0,0,0,0,0,1.2043,-0.2055,2.3779,0,0,0,0,0,0,0,-0,0,1.4603,0,0,0,0,0,0,0,0,0,0,0,0,0,0,0,0,0,0,0,0,0,0,0,0,0,0,0,0,0,0,0,0,0
10.7,0,0,0,0,0,0,3.17983,2.05766,-2.39937,0.000158652,0.000439345,0.000121563,0.000526794,0.00151022,0.000858795,0,0,0,0,0,0,0,0,0,0,0,0,0,0,0,0,0,0,0,0,0,0,0,0,0,0,0,0,0,0,0,0,0,0,0,0,0,0,0,0,1.93666,1.29152,-0.0214251,0.000308762,0.000342933,-5.58656e-08,0.000595913,0.000870295,0.00074991,0,0,0,0,0,0,0,0,0,0,0,0,0,0,0,0,0,0,0,0,0,0,0,0,0,0,0,0,0,0,0,0,0,0,0,0,0,0,0,0,0,0,0,0,0,0,0,0,0,0,0,1,2,0,0,0,0,0,1.2043,-0.2055,2.3779,0,0,0,0,0,0,0,-0,0,1.46029,0,0,0,0,0,0,0,0,0,0,0,0,0,0,0,0,0,0,0,0,0,0,0,0,0,0,0,0,0,0,0,0,0
10.75,0,0,0,0,0,0,3.17983,2.05766,-2.39937,0.000158652,0.000439345,0.000121563,0.000526794,0.00151022,0.000858795,0,0,0,0,0,0,0,0,0,0,0,0,0,0,0,0,0,0,0,0,0,0,0,0,0,0,0,0,0,0,0,0,0,0,0,0,0,0,0,0,1.93666,1.29152,-0.0214251,0.000308762,0.000342933,-5.58656e-08,0.000595913,0.000870295,0.00074991,0,0,0,0,0,0,0,0,0,0,0,0,0,0,0,0,0,0,0,0,0,0,0,0,0,0,0,0,0,0,0,0,0,0,0,0,0,0,0,0,0,0,0,0,0,0,0,0,0,0,0,1,2,0,0,0,0,0,1.2356,-0.1741,2.4093,0,0,0,0,0,0,0,-0,0,1.46029,0,0,0,0,0,0,0,0,0,0,0,0,0,0,0,0,0,0,0,0,0,0,0,0,0,0,0,0,0,0,0,0,0
10.8,0,0,0,0,0,0,3.17986,2.05768,-2.39939,0.000214951,0.000234492,-0.000236152,0.000584442,0.000148513,-0.00069033,0,0,0,0,0,0,0,0,0,0,0,0,0,0,0,0,0,0,0,0,0,0,0,0,0,0,0,0,0,0,0,0,0,0,0,0,0,0,0,0,1.9367,1.29154,-0.0214249,0.000383491,0.000214951,1.63994e-06,0.000657715,0.000135452,0.000623424,0,0,0,0,0,0,0,0,0,0,0,0,0,0,0,0,0,0,0,0,0,0,0,0,0,0,0,0,0,0,0,0,0,0,0,0,0,0,0,0,0,0,0,0,0,0,0,0,0,0,0,1,2,0,0,0,0,0,1.2356,-0.1741,2.4093,0,0,0,0,0,0,0,-0,0,1.46028,0,0,0,0,0,0,0,0,0,0,0,0,0,0,0,0,0,0,0,0,0,0,0,0,0,0,0,0,0,0,0,0,0
10.85,0,0,0,0,0,0,3.17986,2.05768,-2.39939,0.000214951,0.000234492,-0.000236152,0.000584442,0.000148513,-0.00069033,0,0,0,0,0,0,0,0,0,0,0,0,0,0,0,0,0,0,0,0,0,0,0,0,0,0,0,0,0,0,0,0,0,0,0,0,0,0,0,0,1.9367,1.29154,-0.0214249,0.000383491,0.000214951,1.63994e-06,0.000657715,0.000135452,0.000623424,0,0,0,0,0,0,0,0,0,0,0,0,0,0,0,0,0,0,0,0,0,0,0,0,0,0,0,0,0,0,0,0,0,0,0,0,0,0,0,0,0,0,0,0,0,0,0,0,0,0,0,1,2,0,0,0,0,0,1.2356,-0.1741,2.4093,0,0,0,0,0,0,0,-0,0,1.46028,0,0,0,0,0,0,0,0,0,0,0,0,0,0,0,0,0,0,0,0,0,0,0,0,0,0,0,0,0,0,0,0,0
10.9,0,0,0,0,0,0,3.1799,2.05773,-2.39944,0.000407714,0.000532225,-0.00045061,0.00112933,0.001095,-0.00148145,0,0,0,0,0,0,0,0,0,0,0,0,0,0,0,0,0,0,0,0,0,0,0,0,0,0,0,0,0,0,0,0,0,0,0,0,0,0,0,0,1.93674,1.29158,-0.0214394,0.000432129,0.000388184,-0.000144094,0.00059828,0.000674463,-0.000225091,0,0,0,0,0,0,0,0,0,0,0,0,0,0,0,0,0,0,0,0,0,0,0,0,0,0,0,0,0,0,0,0,0,0,0,0,0,0,0,0,0,0,0,0,0,0,0,0,0,0,0,1,2,0,0,0,0,0,1.2356,-0.1741,2.4093,0,0,0,0,0,0,0,-0,0,1.46028,0,0,0,0,0,0,0,0,0,0,0,0,0,0,0,0,0,0,0,0,0,0,0,0,0,0,0,0,0,0,0,0,0
10.95,0,0,0,0,0,0,3.1799,2.05773,-2.39944,0.000407714,0.000532225,-0.00045061,0.00112933,0.001095,-0.00148145,0,0,0,0,0,0,0,0,0,0,0,0,0,0,0,0,0,0,0,0,0,0,0,0,0,0,0,0,0,0,0,0,0,0,0,0,0,0,0,0,1.93674,1.29158,-0.0214394,0.000432129,0.000388184,-0.000144094,0.00059828,0.000674463,-0.000225091,0,0,0,0,0,0,0,0,0,0,0,0,0,0,0,0,0,0,0,0,0,0,0,0,0,0,0,0,0,0,0,0,0,0,0,0,0,0,0,0,0,0,0,0,0,0,0,0,0,0,0,1,2,0,0,0,0,0,1.1256,-0.284,2.2993,0,0,0,0,0,0,0,-0,0,1.46028,0,0,0,0,0,0,0,0,0,0,0,0,0,0,0,0,0,0,0,0,0,0,0,0,0,0,0,0,0,0,0,0,0
11,0,0,0,0,0,0,3.17994,2.05778,-2.39944,0.000473557,0.000485762,-5.24436e-05,0.00101483,0.000599779,0.000594538,0,0,0,0,0,0,0,0,0,0,0,0,0,0,0,0,0,0,0,0,0,0,0,0,0,0,0,0,0,0,0,0,0,0,0,0,0,0,0,0,1.93679,1.29163,-0.0214491,0.00050529,0.000497967,-9.71958e-05,0.000643338,0.00091649,-6.26094e-05,0,0,0,0,0,0,0,0,0,0,0,0,0,0,0,0,0,0,0,0,0,0,0,0,0,0,0,0,0,0,0,0,0,0,0,0,0,0,0,0,0,0,0,0,0,0,0,0,0,0,0,1,2,0,0,0,0,0,1.1256,-0.284,2.2993,0,0,0,0,0,0,0,-0,0,1.46028,0,0,0,0,0,0,0,0,0,0,0,0,0,0,0,0,0,0,0,0,0,0,0,0,0,0,0,0,0,0,0,0,0
11.05,0,0,0,0,0,0,3.17994,2.05778,-2.39944,0.000473557,0.000485762,-5.24436e-05,0.00101483,0.000599779,0.000594538,0,0,0,0,0,0,0,0,0,0,0,0,0,0,0,0,0,0,0,0,0,0,0,0,0,0,0,0,0,0,0,0,0,0,0,0,0,0,0,0,1.93679,1.29163,-0.0214491,0.00050529,0.000497967,-9.71958e-05,0.000643338,0.00091649,-6.26094e-05,0,0,0,0,0,0,0,0,0,0,0,0,0,0,0,0,0,0,0,0,0,0,0,0,0,0,0,0,0,0,0,0,0,0,0,0,0,0,0,0,0,0,0,0,0,0,0,0,0,0,0,1,2,0,0,0,0,0,1.1256,-0.284,2.2993,0,0,0,0,0,0,0,-0,0,1.46028,0,0,0,0,0,0,0,0,0,0,0,0,0,0,0,0,0,0,0,0,0,0,0,0,0,0,0,0,0,0,0,0,0
11.1,0,0,0,0,0,0,3.18,2.05785,-2.39951,0.000603244,0.000644763,-0.000632036,0.00111161,0.000927974,-0.00167777,0,0,0,0,0,0,0,0,0,0,0,0,0,0,0,0,0,0,0,0,0,0,0,0,0,0,0,0,0,0,0,0,0,0,0,0,0,0,0,0,1.93685,1.29168,-0.0214768,0.000593475,0.000477466,-0.000277149,0.000744284,0.000500712,-0.000734525,0,0,0,0,0,0,0,0,0,0,0,0,0,0,0,0,0,0,0,0,0,0,0,0,0,0,0,0,0,0,0,0,0,0,0,0,0,0,0,0,0,0,0,0,0,0,0,0,0,0,0,1,2,0,0,0,0,0,1.1256,-0.284,2.2993,0,0,0,0,0,0,0,-0,0,1.46029,0,0,0,0,0,0,0,0,0,0,0,0,0,0,0,0,0,0,0,0,0,0,0,0,0,0,0,0,0,0,0,0,0
11.15,0,0,0,0,0,0,3.18,2.05785,-2.39951,0.000603244,0.000644763,-0.000632036,0.00111161,0.000927974,-0.00167777,0,0,0,0,0,0,0,0,0,0,0,0,0,0,0,0,0,0,0,0,0,0,0,0,0,0,0,0,0,0,0,0,0,0,0,0,0,0,0,0,1.93685,1.29168,-0.0214768,0.000593475,0.000477466,-0.000277149,0.000744284,0.000500712,-0.000734525,0,0,0,0,0,0,0,0,0,0,0,0,0,0,0,0,0,0,0,0,0,0,0,0,0,0,0,0,0,0,0,0,0,0,0,0,0,0,0,0,0,0,0,0,0,0,0,0,0,0,0,1,2,0,0,0,0,0,1.2043,-0.2052,2.378,0,0,0,0,0,0,0,-0,0,1.46029,0,0,0,0,0,0,0,0,0,0,0,0,0,0,0,0,0,0,0,0,0,0,0,0,0,0,0,0,0,0,0,0,0
11.2,0,0,0,0,0,0,3.18007,2.05789,-2.39952,0.000686008,0.000397934,-0.000178807,0.00101201,-0.000383871,0.000495336,0,0,0,0,0,0,0,0,0,0,0,0,0,0,0,0,0,0,0,0,0,0,0,0,0,0,0,0,0,0,0,0,0,0,0,0,0,0,0,0,1.93691,1.29171,-0.0214626,0.000624975,0.000313708,0.000142207,0.000587166,-0.000409362,0.00114335,0,0,0,0,0,0,0,0,0,0,0,0,0,0,0,0,0,0,0,0,0,0,0,0,0,0,0,0,0,0,0,0,0,0,0,0,0,0,0,0,0,0,0,0,0,0,0,0,0,0,0,1,2,0,0,0,0,0,1.2043,-0.2052,2.378,0,0,0,0,0,0,0,-0,0,1.4603,0,0,0,0,0,0,0,0,0,0,0,0,0,0,0,0,0,0,0,0,0,0,0,0,0,0,0,0,0,0,0,0,0
11.25,0,0,0,0,0,0,3.18007,2.05789,-2.39952,0.000686008,0.000397934,-0.000178807,0.00101201,-0.000383871,0.000495336,0,0,0,0,0,0,0,0,0,0,0,0,0,0,0,0,0,0,0,0,0,0,0,0,0,0,0,0,0,0,0,0,0,0,0,0,0,0,0,0,1.93691,1.29171,-0.0214626,0.000624975,0.000313708,0.000142207,0.000587166,-0.000409362,0.00114335,0,0,0,0,0,0,0,0,0,0,0,0,0,0,0,0,0,0,0,0,0,0,0,0,0,0,0,0,0,0,0,0,0,0,0,0,0,0,0,0,0,0,0,0,0,0,0,0,0,0,0,1,2,0,0,0,0,0,1.2043,-0.2052,2.378,0,0,0,0,0,0,0,-0,0,1.4603,0,0,0,0,0,0,0,0,0,0,0,0,0,0,0,0,0,0,0,0,0,0,0,0,0,0,0,0,0,0,0,0,0
11.3,0,0,0,0,0,0,3.18007,2.05789,-2.39952,0.000686008,0.000397934,-0.000178807,0.00101201,-0.000383871,0.000495336,0,0,0,0,0,0,0,0,0,0,0,0,0,0,0,0,0,0,0,0,0,0,0,0,0,0,0,0,0,0,0,0,0,0,0,0,0,0,0,0,1.93691,1.29171,-0.0214626,0.000624975,0.000313708,0.000142207,0.000587166,-0.000409362,0.00114335,0,0,0,0,0,0,0,0,0,0,0,0,0,0,0,0,0,0,0,0,0,0,0,0,0,0,0,0,0,0,0,0,0,0,0,0,0,0,0,0,0,0,0,0,0,0,0,0,0,0,0,1,2,0,0,0,0,0,1.2043,-0.2052,2.378,0,0,0,0,0,0,0,-0,0,1.4603,0,0,0,0,0,0,0,0,0,0,0,0,0,0,0,0,0,0,0,0,0,0,0,0,0,0,0,0,0,0,0,0,0
11.35,0,0,0,0,0,0,3.18016,2.05795,-2.39955,0.000832357,0.000605351,-0.000259826,0.00117873,0.000420573,0.000267974,0,0,0,0,0,0,0,0,0,0,0,0,0,0,0,0,0,0,0,0,0,0,0,0,0,0,0,0,0,0,0,0,0,0,0,0,0,0,0,0,1.93698,1.29178,-0.021476,0.000732279,0.000650508,-0.000134755,0.000759847,0.000976693,-0.000165986,0,0,0,0,0,0,0,0,0,0,0,0,0,0,0,0,0,0,0,0,0,0,0,0,0,0,0,0,0,0,0,0,0,0,0,0,0,0,0,0,0,0,0,0,0,0,0,0,0,0,0,1,2,0,0,0,0,0,1.2043,-0.2051,2.3781,0,0,0,0,0,0,0,-0,0,1.46031,0,0,0,0,0,0,0,0,0,0,0,0,0,0,0,0,0,0,0,0,0,0,0,0,0,0,0,0,0,0,0,0,0
11.4,0,0,0,0,0,0,3.18024,2.05803,-2.3996,0.000862083,0.000801029,-0.000546147,0.000848356,0.0011427,-0.00101365,0,0,0,0,0,0,0,0,0,0,0,0,0,0,0,0,0,0,0,0,0,0,0,0,0,0,0,0,0,0,0,0,0,0,0,0,0,0,0,0,1.93706,1.29185,-0.0214609,0.000771723,0.000688689,0.000151871,0.000636566,0.000926002,0.000868497,0,0,0,0,0,0,0,0,0,0,0,0,0,0,0,0,0,0,0,0,0,0,0,0,0,0,0,0,0,0,0,0,0,0,0,0,0,0,0,0,0,0,0,0,0,0,0,0,0,0,0,1,2,0,0,0,0,0,1.2043,-0.2051,2.3781,0,0,0,0,0,0,0,-0,0,1.46032,0,0,0,0,0,0,0,0,0,0,0,0,0,0,0,0,0,0,0,0,0,0,0,0,0,0,0,0,0,0,0,0,0
11.45,0,0,0,0,0,0,3.18024,2.05803,-2.3996,0.000862083,0.000801029,-0.000546147,0.000848356,0.0011427,-0.00101365,0,0,0,0,0,0,0,0,0,0,0,0,0,0,0,0,0,0,0,0,0,0,0,0,0,0,0,0,0,0,0,0,0,0,0,0,0,0,0,0,1.93706,1.29185,-0.0214609,0.000771723,0.000688689,0.000151871,0.000636566,0.000926002,0.000868497,0,0,0,0,0,0,0,0,0,0,0,0,0,0,0,0,0,0,0,0,0,0,0,0,0,0,0,0,0,0,0,0,0,0,0,0,0,0,0,0,0,0,0,0,0,0,0,0,0,0,0,1,2,0,0,0,0,0,1.2043,-0.2051,2.3781,0,0,0,0,0,0,0,-0,0,1.46032,0,0,0,0,0,0,0,0,0,0,0,0,0,0,0,0,0,0,0,0,0,0,0,0,0,0,0,0,0,0,0,0,0
11.5,0,0,0,0,0,0,3.18035,2.0581,-2.39965,0.00102789,0.000690957,-0.000503092,0.00112809,0.000344846,-0.000610579,0,0,0,0,0,0,0,0,0,0,0,0,0,0,0,0,0,0,0,0,0,0,0,0,0,0,0,0,0,0,0,0,0,0,0,0,0,0,0,0,1.93715,1.2919,-0.0215247,0.000856981,0.000509061,-0.000638401,0.000707004,-0.00016788,-0.00249609,0,0,0,0,0,0,0,0,0,0,0,0,0,0,0,0,0,0,0,0,0,0,0,0,0,0,0,0,0,0,0,0,0,0,0,0,0,0,0,0,0,0,0,0,0,0,0,0,0,0,0,1,2,0,0,0,0,0,1.2043,-0.2051,2.3781,0,0,0,0,0,0,0,-0,0,1.46034,0,0,0,0,0,0,0,0,0,0,0,0,0,0,0,0,0,0,0,0,0,0,0,0,0,0,0,0,0,0,0,0,0
11.55,0,0,0,0,0,0,3.18035,2.0581,-2.39965,0.00102789,0.000690957,-0.000503092,0.00112809,0.000344846,-0.000610579,0,0,0,0,0,0,0,0,0,0,0,0,0,0,0,0,0,0,0,0,0,0,0,0,0,0,0,0,0,0,0,0,0,0,0,0,0,0,0,0,1.93715,1.2919,-0.0215247,0.000856981,0.000509061,-0.000638401,0.000707004,-0.00016788,-0.00249609,0,0,0,0,0,0,0,0,0,0,0,0,0,0,0,0,0,0,0,0,0,0,0,0,0,0,0,0,0,0,0,0,0,0,0,0,0,0,0,0,0,0,0,0,0,0,0,0,0,0,0,1,2,0,0,0,0,0,1.2044,-0.205,2.3781,0,0,0,0,0,0,0,-0,0,1.46034,0,0,0,0,0,0,0,0,0,0,0,0,0,0,0,0,0,0,0,0,0,0,0,0,0,0,0,0,0,0,0,0,0
11.6,0,0,0,0,0,0,3.18046,2.05818,-2.3997,0.00113561,0.000793708,-0.000472218,0.00114505,0.000509132,-0.000188394,0,0,0,0,0,0,0,0,0,0,0,0,0,0,0,0,0,0,0,0,0,0,0,0,0,0,0,0,0,0,0,0,0,0,0,0,0,0,0,0,1.93724,1.29198,-0.0214691,0.000974432,0.000813248,0.000555972,0.0009028,0.000966099,0.00281805,0,0,0,0,0,0,0,0,0,0,0,0,0,0,0,0,0,0,0,0,0,0,0,0,0,0,0,0,0,0,0,0,0,0,0,0,0,0,0,0,0,0,0,0,0,0,0,0,0,0,0,1,2,0,0,0,0,0,1.2044,-0.205,2.3781,0,0,0,0,0,0,0,-0,0,1.46036,0,0,0,0,0,0,0,0,0,0,0,0,0,0,0,0,0,0,0,0,0,0,0,0,0,0,0,0,0,0,0,0,0
11.65,0,0,0,0,0,0,3.18046,2.05818,-2.3997,0.00113561,0.000793708,-0.000472218,0.00114505,0.000509132,-0.000188394,0,0,0,0,0,0,0,0,0,0,0,0,0,0,0,0,0,0,0,0,0,0,0,0,0,0,0,0,0,0,0,0,0,0,0,0,0,0,0,0,1.93724,1.29198,-0.0214691,0.000974432,0.000813248,0.000555972,0.0009028,0.000966099,0.00281805,0,0,0,0,0,0,0,0,0,0,0,0,0,0,0,0,0,0,0,0,0,0,0,0,0,0,0,0,0,0,0,0,0,0,0,0,0,0,0,0,0,0,0,0,0,0,0,0,0,0,0,1,2,0,0,0,0,0,1.2044,-0.205,2.3781,0,0,0,0,0,0,0,-0,0,1.46036,0,0,0,0,0,0,0,0,0,0,0,0,0,0,0,0,0,0,0,0,0,0,0,0,0,0,0,0,0,0,0,0,0
11.7,0,0,0,0,0,0,3.18058,2.05826,-2.39975,0.00118388,0.000834821,-0.000517281,0.000883846,0.000493015,-0.000236513,0,0,0,0,0,0,0,0,0,0,0,0,0,0,0,0,0,0,0,0,0,0,0,0,0,0,0,0,0,0,0,0,0,0,0,0,0,0,0,0,1.93734,1.29205,-0.0214932,0.000954428,0.000668832,-0.000240352,0.000489639,0.000157337,-0.000770071,0,0,0,0,0,0,0,0,0,0,0,0,0,0,0,0,0,0,0,0,0,0,0,0,0,0,0,0,0,0,0,0,0,0,0,0,0,0,0,0,0,0,0,0,0,0,0,0,0,0,0,1,2,0,0,0,0,0,1.2044,-0.205,2.3781,0,0,0,0,0,0,0,-0,0,1.46038,0,0,0,0,0,0,0,0,0,0,0,0,0,0,0,0,0,0,0,0,0,0,0,0,0,0,0,0,0,0,0,0,0
11.75,0,0,0,0,0,0,3.18058,2.05826,-2.39975,0.00118388,0.000834821,-0.000517281,0.000883846,0.000493015,-0.000236513,0,0,0,0,0,0,0,0,0,0,0,0,0,0,0,0,0,0,0,0,0,0,0,0,0,0,0,0,0,0,0,0,0,0,0,0,0,0,0,0,1.93734,1.29205,-0.0214932,0.000954428,0.000668832,-0.000240352,0.000489639,0.000157337,-0.000770071,0,0,0,0,0,0,0,0,0,0,0,0,0,0,0,0,0,0,0,0,0,0,0,0,0,0,0,0,0,0,0,0,0,0,0,0,0,0,0,0,0,0,0,0,0,0,0,0,0,0,0,1,2,0,0,0,0,0,1.2045,-0.2049,2.3783,0,0,0,0,0,0,0,-0,0,1.46038,0,0,0,0,0,0,0,0,0,0,0,0,0,0,0,0,0,0,0,0,0,0,0,0,0,0,0,0,0,0,0,0,0
11.8,0,0,0,0,0,0,3.18071,2.05834,-2.3998,0.00131361,0.000859464,-0.000414891,0.0010125,0.000391469,0.000261116,0,0,0,0,0,0,0,0,0,0,0,0,0,0,0,0,0,0,0,0,0,0,0,0,0,0,0,0,0,0,0,0,0,0,0,0,0,0,0,0,1.93745,1.29213,-0.0214612,0.00108288,0.000806969,0.000319533,0.000750327,0.000536236,0.00128916,0,0,0,0,0,0,0,0,0,0,0,0,0,0,0,0,0,0,0,0,0,0,0,0,0,0,0,0,0,0,0,0,0,0,0,0,0,0,0,0,0,0,0,0,0,0,0,0,0,0,0,1,2,0,0,0,0,0,1.2045,-0.2049,2.3783,0,0,0,0,0,0,0,-0,0,1.46041,0,0,0,0,0,0,0,0,0,0,0,0,0,0,0,0,0,0,0,0,0,0,0,0,0,0,0,0,0,0,0,0,0
11.85,0,0,0,0,0,0,3.18071,2.05834,-2.3998,0.00131361,0.000859464,-0.000414891,0.0010125,0.000391469,0.000261116,0,0,0,0,0,0,0,0,0,0,0,0,0,0,0,0,0,0,0,0,0,0,0,0,0,0,0,0,0,0,0,0,0,0,0,0,0,0,0,0,1.93745,1.29213,-0.0214612,0.00108288,0.000806969,0.000319533,0.000750327,0.000536236,0.00128916,0,0,0,0,0,0,0,0,0,0,0,0,0,0,0,0,0,0,0,0,0,0,0,0,0,0,0,0,0,0,0,0,0,0,0,0,0,0,0,0,0,0,0,0,0,0,0,0,0,0,0,1,2,0,0,0,0,0,1.2045,-0.2049,2.3783,0,0,0,0,0,0,0,-0,0,1.46041,0,0,0,0,0,0,0,0,0,0,0,0,0,0,0,0,0,0,0,0,0,0,0,0,0,0,0,0,0,0,0,0,0
11.9,0,0,0,0,0,0,3.18085,2.05843,-2.39986,0.00145548,0.000874265,-0.000677296,0.0011924,0.000280579,-0.000824388,0,0,0,0,0,0,0,0,0,0,0,0,0,0,0,0,0,0,0,0,0,0,0,0,0,0,0,0,0,0,0,0,0,0,0,0,0,0,0,0,1.93756,1.29221,-0.0214546,0.00116609,0.000866938,6.63844e-05,0.000818472,0.000612988,4.13096e-05,0,0,0,0,0,0,0,0,0,0,0,0,0,0,0,0,0,0,0,0,0,0,0,0,0,0,0,0,0,0,0,0,0,0,0,0,0,0,0,0,0,0,0,0,0,0,0,0,0,0,0,1,2,0,0,0,0,0,1.2045,-0.2049,2.3783,0,0,0,0,0,0,0,-0,0,1.46043,0,0,0,0,0,0,0,0,0,0,0,0,0,0,0,0,0,0,0,0,0,0,0,0,0,0,0,0,0,0,0,0,0
11.95,0,0,0,0,0,0,3.18085,2.05843,-2.39986,0.00145548,0.000874265,-0.000677296,0.0011924,0.000280579,-0.000824388,0,0,0,0,0,0,0,0,0,0,0,0,0,0,0,0,0,0,0,0,0,0,0,0,0,0,0,0,0,0,0,0,0,0,0,0,0,0,0,0,1.93756,1.29221,-0.0214546,0.00116609,0.000866938,6.63844e-05,0.000818472,0.000612988,4.13096e-05,0,0,0,0,0,0,0,0,0,0,0,0,0,0,0,0,0,0,0,0,0,0,0,0,0,0,0,0,0,0,0,0,0,0,0,0,0,0,0,0,0,0,0,0,0,0,0,0,0,0,0,1,2,0,0,0,0,0,1.2045,-0.2048,2.3784,0,0,0,0,0,0,0,-0,0,1.46043,0,0,0,0,0,0,0,0,0,0,0,0,0,0,0,0,0,0,0,0,0,0,0,0,0,0,0,0,0,0,0,0,0
12,0,0,0,0,0,0,3.18101,2.05853,-2.39991,0.00155288,0.000986423,-0.000472114,0.00113027,0.000602041,0.000177536,0,0,0,0,0,0,0,0,0,0,0,0,0,0,0,0,0,0,0,0,0,0,0,0,0,0,0,0,0,0,0,0,0,0,0,0,0,0,0,0,1.93768,1.29231,-0.0214658,0.00118175,0.00098276,-0.000112161,0.000563843,0.000841688,-0.000857498,0,0,0,0,0,0,0,0,0,0,0,0,0,0,0,0,0,0,0,0,0,0,0,0,0,0,0,0,0,0,0,0,0,0,0,0,0,0,0,0,0,0,0,0,0,0,0,0,0,0,0,1,2,0,0,0,0,0,1.2045,-0.2048,2.3784,0,0,0,0,0,0,0,-0,0,1.46046,0,0,0,0,0,0,0,0,0,0,0,0,0,0,0,0,0,0,0,0,0,0,0,0,0,0,0,0,0,0,0,0,0
12.05,0,0,0,0,0,0,3.18101,2.05853,-2.39991,0.00155288,0.000986423,-0.000472114,0.00113027,0.000602041,0.000177536,0,0,0,0,0,0,0,0,0,0,0,0,0,0,0,0,0,0,0,0,0,0,0,0,0,0,0,0,0,0,0,0,0,0,0,0,0,0,0,0,1.93768,1.29231,-0.0214658,0.00118175,0.00098276,-0.000112161,0.000563843,0.000841688,-0.000857498,0,0,0,0,0,0,0,0,0,0,0,0,0,0,0,0,0,0,0,0,0,0,0,0,0,0,0,0,0,0,0,0,0,0,0,0,0,0,0,0,0,0,0,0,0,0,0,0,0,0,0,1,2,0,0,0,0,0,1.2045,-0.2048,2.3784,0,0,0,0,0,0,0,-0,0,1.46046,0,0,0,0,0,0,0,0,0,0,0,0,0,0,0,0,0,0,0,0,0,0,0,0,0,0,0,0,0,0,0,0,0
12.1,0,0,0,0,0,0,3.18117,2.05863,-2.39998,0.00163545,0.00100568,-0.00065315,0.00100037,0.000482083,-0.000481205,0,0,0,0,0,0,0,0,0,0,0,0,0,0,0,0,0,0,0,0,0,0,0,0,0,0,0,0,0,0,0,0,0,0,0,0,0,0,0,0,1.93781,1.29241,-0.0214421,0.00126686,0.000969064,0.000236867,0.000644313,0.000481744,0.000758094,0,0,0,0,0,0,0,0,0,0,0,0,0,0,0,0,0,0,0,0,0,0,0,0,0,0,0,0,0,0,0,0,0,0,0,0,0,0,0,0,0,0,0,0,0,0,0,0,0,0,0,1,2,0,0,0,0,0,1.2045,-0.2048,2.3784,0,0,0,0,0,0,0,-0,0,1.4605,0,0,0,0,0,0,0,0,0,0,0,0,0,0,0,0,0,0,0,0,0,0,0,0,0,0,0,0,0,0,0,0,0
12.15,0,0,0,0,0,0,3.18117,2.05863,-2.39998,0.00163545,0.00100568,-0.00065315,0.00100037,0.000482083,-0.000481205,0,0,0,0,0,0,0,0,0,0,0,0,0,0,0,0,0,0,0,0,0,0,0,0,0,0,0,0,0,0,0,0,0,0,0,0,0,0,0,0,1.93781,1.29241,-0.0214421,0.00126686,0.000969064,0.000236867,0.000644313,0.000481744,0.000758094,0,0,0,0,0,0,0,0,0,0,0,0,0,0,0,0,0,0,0,0,0,0,0,0,0,0,0,0,0,0,0,0,0,0,0,0,0,0,0,0,0,0,0,0,0,0,0,0,0,0,0,1,2,0,0,0,0,0,1.2046,-0.2047,2.3785,0,0,0,0,0,0,0,-0,0,1.4605,0,0,0,0,0,0,0,0,0,0,0,0,0,0,0,0,0,0,0,0,0,0,0,0,0,0,0,0,0,0,0,0,0
12.2,0,0,0,0,0,0,3.18135,2.05873,-2.40009,0.00178257,0.00098652,-0.00116132,0.0011695,0.000195788,-0.002408,0,0,0,0,0,0,0,0,0,0,0,0,0,0,0,0,0,0,0,0,0,0,0,0,0,0,0,0,0,0,0,0,0,0,0,0,0,0,0,0,1.93794,1.29251,-0.02146,0.00133937,0.000970645,-0.000178792,0.000686368,0.000246013,-0.000987163,0,0,0,0,0,0,0,0,0,0,0,0,0,0,0,0,0,0,0,0,0,0,0,0,0,0,0,0,0,0,0,0,0,0,0,0,0,0,0,0,0,0,0,0,0,0,0,0,0,0,0,1,2,0,0,0,0,0,1.2046,-0.2047,2.3785,0,0,0,0,0,0,0,-0,0,1.46054,0,0,0,0,0,0,0,0,0,0,0,0,0,0,0,0,0,0,0,0,0,0,0,0,0,0,0,0,0,0,0,0,0
12.25,0,0,0,0,0,0,3.18135,2.05873,-2.40009,0.00178257,0.00098652,-0.00116132,0.0011695,0.000195788,-0.002408,0,0,0,0,0,0,0,0,0,0,0,0,0,0,0,0,0,0,0,0,0,0,0,0,0,0,0,0,0,0,0,0,0,0,0,0,0,0,0,0,1.93794,1.29251,-0.02146,0.00133937,0.000970645,-0.000178792,0.000686368,0.000246013,-0.000987163,0,0,0,0,0,0,0,0,0,0,0,0,0,0,0,0,0,0,0,0,0,0,0,0,0,0,0,0,0,0,0,0,0,0,0,0,0,0,0,0,0,0,0,0,0,0,0,0,0,0,0,1,2,0,0,0,0,0,1.2046,-0.2047,2.3785,0,0,0,0,0,0,0,-0,0,1.46054,0,0,0,0,0,0,0,0,0,0,0,0,0,0,0,0,0,0,0,0,0,0,0,0,0,0,0,0,0,0,0,0,0
12.3,0,0,0,0,0,0,3.18154,2.05885,-2.40012,0.00185069,0.00115729,-0.000333805,0.000998545,0.000761887,0.00159917,0,0,0,0,0,0,0,0,0,0,0,0,0,0,0,0,0,0,0,0,0,0,0,0,0,0,0,0,0,0,0,0,0,0,0,0,0,0,0,0,1.93809,1.29262,-0.0214441,0.00143686,0.00113166,0.000158819,0.000808261,0.00075986,0.000520003,0,0,0,0,0,0,0,0,0,0,0,0,0,0,0,0,0,0,0,0,0,0,0,0,0,0,0,0,0,0,0,0,0,0,0,0,0,0,0,0,0,0,0,0,0,0,0,0,0,0,0,1,2,0,0,0,0,0,1.2046,-0.2047,2.3785,0,0,0,0,0,0,0,-0,0,1.46057,0,0,0,0,0,0,0,0,0,0,0,0,0,0,0,0,0,0,0,0,0,0,0,0,0,0,0,0,0,0,0,0,0
12.35,0,0,0,0,0,0,3.18154,2.05885,-2.40012,0.00185069,0.00115729,-0.000333805,0.000998545,0.000761887,0.00159917,0,0,0,0,0,0,0,0,0,0,0,0,0,0,0,0,0,0,0,0,0,0,0,0,0,0,0,0,0,0,0,0,0,0,0,0,0,0,0,0,1.93809,1.29262,-0.0214441,0.00143686,0.00113166,0.000158819,0.000808261,0.00075986,0.000520003,0,0,0,0,0,0,0,0,0,0,0,0,0,0,0,0,0,0,0,0,0,0,0,0,0,0,0,0,0,0,0,0,0,0,0,0,0,0,0,0,0,0,0,0,0,0,0,0,0,0,0,1,2,0,0,0,0,0,1.1816,-0.2276,2.3556,0,0,0,0,0,0,0,-0,0,1.46057,0,0,0,0,0,0,0,0,0,0,0,0,0,0,0,0,0,0,0,0,0,0,0,0,0,0,0,0,0,0,0,0,0
12.4,0,0,0,0,0,0,3.18173,2.05898,-2.4002,0.00195266,0.00134978,-0.000760375,0.000984221,0.00130346,-0.000201985,0,0,0,0,0,0,0,0,0,0,0,0,0,0,0,0,0,0,0,0,0,0,0,0,0,0,0,0,0,0,0,0,0,0,0,0,0,0,0,0,1.93823,1.29274,-0.0214218,0.0014352,0.00117403,0.000222588,0.000495505,0.000695362,0.000771096,0,0,0,0,0,0,0,0,0,0,0,0,0,0,0,0,0,0,0,0,0,0,0,0,0,0,0,0,0,0,0,0,0,0,0,0,0,0,0,0,0,0,0,0,0,0,0,0,0,0,0,1,2,0,0,0,0,0,1.1816,-0.2276,2.3556,0,0,0,0,0,0,0,-0,0,1.46063,0,0,0,0,0,0,0,0,0,0,0,0,0,0,0,0,0,0,0,0,0,0,0,0,0,0,0,0,0,0,0,0,0
12.45,0,0,0,0,0,0,3.18173,2.05898,-2.4002,0.00195266,0.00134978,-0.000760375,0.000984221,0.00130346,-0.000201985,0,0,0,0,0,0,0,0,0,0,0,0,0,0,0,0,0,0,0,0,0,0,0,0,0,0,0,0,0,0,0,0,0,0,0,0,0,0,0,0,1.93823,1.29274,-0.0214218,0.0014352,0.00117403,0.000222588,0.000495505,0.000695362,0.000771096,0,0,0,0,0,0,0,0,0,0,0,0,0,0,0,0,0,0,0,0,0,0,0,0,0,0,0,0,0,0,0,0,0,0,0,0,0,0,0,0,0,0,0,0,0,0,0,0,0,0,0,1,2,0,0,0,0,0,1.1816,-0.2276,2.3556,0,0,0,0,0,0,0,-0,0,1.46063,0,0,0,0,0,0,0,0,0,0,0,0,0,0,0,0,0,0,0,0,0,0,0,0,0,0,0,0,0,0,0,0,0
12.5,0,0,0,0,0,0,3.18193,2.05909,-2.40027,0.00201213,0.00106223,-0.000665322,0.000824694,-0.00029434,1.5495e-05,0,0,0,0,0,0,0,0,0,0,0,0,0,0,0,0,0,0,0,0,0,0,0,0,0,0,0,0,0,0,0,0,0,0,0,0,0,0,0,0,1.93838,1.29285,-0.0214196,0.00152375,0.00110008,2.19465e-05,0.000607545,0.000112108,-0.000304936,0,0,0,0,0,0,0,0,0,0,0,0,0,0,0,0,0,0,0,0,0,0,0,0,0,0,0,0,0,0,0,0,0,0,0,0,0,0,0,0,0,0,0,0,0,0,0,0,0,0,0,1,2,0,0,0,0,0,1.1816,-0.2276,2.3556,0,0,0,0,0,0,0,-0,0,1.46066,0,0,0,0,0,0,0,0,0,0,0,0,0,0,0,0,0,0,0,0,0,0,0,0,0,0,0,0,0,0,0,0,0
12.55,0,0,0,0,0,0,3.18193,2.05909,-2.40027,0.00201213,0.00106223,-0.000665322,0.000824694,-0.00029434,1.5495e-05,0,0,0,0,0,0,0,0,0,0,0,0,0,0,0,0,0,0,0,0,0,0,0,0,0,0,0,0,0,0,0,0,0,0,0,0,0,0,0,0,1.93838,1.29285,-0.0214196,0.00152375,0.00110008,2.19465e-05,0.000607545,0.000112108,-0.000304936,0,0,0,0,0,0,0,0,0,0,0,0,0,0,0,0,0,0,0,0,0,0,0,0,0,0,0,0,0,0,0,0,0,0,0,0,0,0,0,0,0,0,0,0,0,0,0,0,0,0,0,1,2,0,0,0,0,0,1.2697,-0.1395,2.4437,0,0,0,0,0,0,0,-0,0,1.46066,0,0,0,0,0,0,0,0,0,0,0,0,0,0,0,0,0,0,0,0,0,0,0,0,0,0,0,0,0,0,0,0,0
12.6,0,0,0,0,0,0,3.18215,2.05921,-2.40032,0.00218234,0.00122543,-0.000572133,0.00115581,0.00026036,0.000410406,0,0,0,0,0,0,0,0,0,0,0,0,0,0,0,0,0,0,0,0,0,0,0,0,0,0,0,0,0,0,0,0,0,0,0,0,0,0,0,0,1.93854,1.29296,-0.0214451,0.0015623,0.0011583,-0.000255187,0.000535582,0.000222205,-0.00143602,0,0,0,0,0,0,0,0,0,0,0,0,0,0,0,0,0,0,0,0,0,0,0,0,0,0,0,0,0,0,0,0,0,0,0,0,0,0,0,0,0,0,0,0,0,0,0,0,0,0,0,1,2,0,0,0,0,0,1.2697,-0.1395,2.4437,0,0,0,0,0,0,0,-0,0,1.46072,0,0,0,0,0,0,0,0,0,0,0,0,0,0,0,0,0,0,0,0,0,0,0,0,0,0,0,0,0,0,0,0,0
12.65,0,0,0,0,0,0,3.18215,2.05921,-2.40032,0.00218234,0.00122543,-0.000572133,0.00115581,0.00026036,0.000410406,0,0,0,0,0,0,0,0,0,0,0,0,0,0,0,0,0,0,0,0,0,0,0,0,0,0,0,0,0,0,0,0,0,0,0,0,0,0,0,0,1.93854,1.29296,-0.0214451,0.0015623,0.0011583,-0.000255187,0.000535582,0.000222205,-0.00143602,0,0,0,0,0,0,0,0,0,0,0,0,0,0,0,0,0,0,0,0,0,0,0,0,0,0,0,0,0,0,0,0,0,0,0,0,0,0,0,0,0,0,0,0,0,0,0,0,0,0,0,1,2,0,0,0,0,0,1.2697,-0.1395,2.4437,0,0,0,0,0,0,0,-0,0,1.46072,0,0,0,0,0,0,0,0,0,0,0,0,0,0,0,0,0,0,0,0,0,0,0,0,0,0,0,0,0,0,0,0,0
12.7,0,0,0,0,0,0,3.18239,2.05936,-2.40042,0.00236623,0.001514,-0.000965804,0.00147164,0.00138333,-0.00127254,0,0,0,0,0,0,0,0,0,0,0,0,0,0,0,0,0,0,0,0,0,0,0,0,0,0,0,0,0,0,0,0,0,0,0,0,0,0,0,0,1.9387,1.2931,-0.0214527,0.00165807,0.00142121,-7.59565e-05,0.000693103,0.00119775,-0.000299048,0,0,0,0,0,0,0,0,0,0,0,0,0,0,0,0,0,0,0,0,0,0,0,0,0,0,0,0,0,0,0,0,0,0,0,0,0,0,0,0,0,0,0,0,0,0,0,0,0,0,0,1,2,0,0,0,0,0,1.2697,-0.1395,2.4437,0,0,0,0,0,0,0,-0,0,1.46079,0,0,0,0,0,0,0,0,0,0,0,0,0,0,0,0,0,0,0,0,0,0,0,0,0,0,0,0,0,0,0,0,0
12.75,0,0,0,0,0,0,3.18239,2.05936,-2.40042,0.00236623,0.001514,-0.000965804,0.00147164,0.00138333,-0.00127254,0,0,0,0,0,0,0,0,0,0,0,0,0,0,0,0,0,0,0,0,0,0,0,0,0,0,0,0,0,0,0,0,0,0,0,0,0,0,0,0,1.9387,1.2931,-0.0214527,0.00165807,0.00142121,-7.59565e-05,0.000693103,0.00119775,-0.000299048,0,0,0,0,0,0,0,0,0,0,0,0,0,0,0,0,0,0,0,0,0,0,0,0,0,0,0,0,0,0,0,0,0,0,0,0,0,0,0,0,0,0,0,0,0,0,0,0,0,0,0,1,2,0,0,0,0,0,1.2862,-0.123,2.4603,0,0,0,0,0,0,0,-0,0,1.46079,0,0,0,0,0,0,0,0,0,0,0,0,0,0,0,0,0,0,0,0,0,0,0,0,0,0,0,0,0,0,0,0,0
12.8,0,0,0,0,0,0,3.18263,2.05947,-2.40052,0.00242362,0.00113005,-0.000984386,0.0011583,-0.000550051,-0.00106709,0,0,0,0,0,0,0,0,0,0,0,0,0,0,0,0,0,0,0,0,0,0,0,0,0,0,0,0,0,0,0,0,0,0,0,0,0,0,0,0,1.93887,1.29324,-0.0214509,0.00169385,0.00132164,1.83418e-05,0.000582296,0.00045488,0.000351029,0,0,0,0,0,0,0,0,0,0,0,0,0,0,0,0,0,0,0,0,0,0,0,0,0,0,0,0,0,0,0,0,0,0,0,0,0,0,0,0,0,0,0,0,0,0,0,0,0,0,0,1,2,0,0,0,0,0,1.2862,-0.123,2.4603,0,0,0,0,0,0,0,-0,0,1.46084,0,0,0,0,0,0,0,0,0,0,0,0,0,0,0,0,0,0,0,0,0,0,0,0,0,0,0,0,0,0,0,0,0
12.85,0,0,0,0,0,0,3.18263,2.05947,-2.40052,0.00242362,0.00113005,-0.000984386,0.0011583,-0.000550051,-0.00106709,0,0,0,0,0,0,0,0,0,0,0,0,0,0,0,0,0,0,0,0,0,0,0,0,0,0,0,0,0,0,0,0,0,0,0,0,0,0,0,0,1.93887,1.29324,-0.0214509,0.00169385,0.00132164,1.83418e-05,0.000582296,0.00045488,0.000351029,0,0,0,0,0,0,0,0,0,0,0,0,0,0,0,0,0,0,0,0,0,0,0,0,0,0,0,0,0,0,0,0,0,0,0,0,0,0,0,0,0,0,0,0,0,0,0,0,0,0,0,1,2,0,0,0,0,0,1.2862,-0.123,2.4603,0,0,0,0,0,0,0,-0,0,1.46084,0,0,0,0,0,0,0,0,0,0,0,0,0,0,0,0,0,0,0,0,0,0,0,0,0,0,0,0,0,0,0,0,0
12.9,0,0,0,0,0,0,3.18288,2.05961,-2.40062,0.0025299,0.0014017,-0.00102545,0.00107437,0.000491842,-0.000775616,0,0,0,0,0,0,0,0,0,0,0,0,0,0,0,0,0,0,0,0,0,0,0,0,0,0,0,0,0,0,0,0,0,0,0,0,0,0,0,0,1.93906,1.29336,-0.0214472,0.00182295,0.00125274,3.75599e-05,0.0008481,-0.000104572,0.000375544,0,0,0,0,0,0,0,0,0,0,0,0,0,0,0,0,0,0,0,0,0,0,0,0,0,0,0,0,0,0,0,0,0,0,0,0,0,0,0,0,0,0,0,0,0,0,0,0,0,0,0,1,2,0,0,0,0,0,1.2862,-0.123,2.4603,0,0,0,0,0,0,0,-0,0,1.46091,0,0,0,0,0,0,0,0,0,0,0,0,0,0,0,0,0,0,0,0,0,0,0,0,0,0,0,0,0,0,0,0,0
12.95,0,0,0,0,0,0,3.18288,2.05961,-2.40062,0.0025299,0.0014017,-0.00102545,0.00107437,0.000491842,-0.000775616,0,0,0,0,0,0,0,0,0,0,0,0,0,0,0,0,0,0,0,0,0,0,0,0,0,0,0,0,0,0,0,0,0,0,0,0,0,0,0,0,1.93906,1.29336,-0.0214472,0.00182295,0.00125274,3.75599e-05,0.0008481,-0.000104572,0.000375544,0,0,0,0,0,0,0,0,0,0,0,0,0,0,0,0,0,0,0,0,0,0,0,0,0,0,0,0,0,0,0,0,0,0,0,0,0,0,0,0,0,0,0,0,0,0,0,0,0,0,0,1,2,0,0,0,0,0,1.1901,-0.219,2.3642,0,0,0,0,0,0,0,-0,0,1.46091,0,0,0,0,0,0,0,0,0,0,0,0,0,0,0,0,0,0,0,0,0,0,0,0,0,0,0,0,0,0,0,0,0
13,0,0,0,0,0,0,3.18313,2.05976,-2.4007,0.00250542,0.00147248,-0.000796489,0.000537825,0.00072015,0.000487768,0,0,0,0,0,0,0,0,0,0,0,0,0,0,0,0,0,0,0,0,0,0,0,0,0,0,0,0,0,0,0,0,0,0,0,0,0,0,0,0,1.93924,1.29351,-0.0214544,0.00185953,0.00144806,-7.28823e-05,0.000692743,0.000642891,-0.000212442,0,0,0,0,0,0,0,0,0,0,0,0,0,0,0,0,0,0,0,0,0,0,0,0,0,0,0,0,0,0,0,0,0,0,0,0,0,0,0,0,0,0,0,0,0,0,0,0,0,0,0,1,2,0,0,0,0,0,1.1901,-0.219,2.3642,0,0,0,0,0,0,0,-0,0,1.46096,0,0,0,0,0,0,0,0,0,0,0,0,0,0,0,0,0,0,0,0,0,0,0,0,0,0,0,0,0,0,0,0,0
13.05,0,0,0,0,0,0,3.18313,2.05976,-2.4007,0.00250542,0.00147248,-0.000796489,0.000537825,0.00072015,0.000487768,0,0,0,0,0,0,0,0,0,0,0,0,0,0,0,0,0,0,0,0,0,0,0,0,0,0,0,0,0,0,0,0,0,0,0,0,0,0,0,0,1.93924,1.29351,-0.0214544,0.00185953,0.00144806,-7.28823e-05,0.000692743,0.000642891,-0.000212442,0,0,0,0,0,0,0,0,0,0,0,0,0,0,0,0,0,0,0,0,0,0,0,0,0,0,0,0,0,0,0,0,0,0,0,0,0,0,0,0,0,0,0,0,0,0,0,0,0,0,0,1,2,0,0,0,0,0,1.1901,-0.219,2.3642,0,0,0,0,0,0,0,-0,0,1.46096,0,0,0,0,0,0,0,0,0,0,0,0,0,0,0,0,0,0,0,0,0,0,0,0,0,0,0,0,0,0,0,0,0
13.1,0,0,0,0,0,0,3.18341,2.0599,-2.40083,0.00277874,0.00142111,-0.00123996,0.00134257,0.000258199,-0.00130806,0,0,0,0,0,0,0,0,0,0,0,0,0,0,0,0,0,0,0,0,0,0,0,0,0,0,0,0,0,0,0,0,0,0,0,0,0,0,0,0,1.93944,1.29366,-0.021409,0.00195098,0.00149437,0.000454853,0.000760475,0.000672361,0.00190146,0,0,0,0,0,0,0,0,0,0,0,0,0,0,0,0,0,0,0,0,0,0,0,0,0,0,0,0,0,0,0,0,0,0,0,0,0,0,0,0,0,0,0,0,0,0,0,0,0,0,0,1,2,0,0,0,0,0,1.1901,-0.219,2.3642,0,0,0,0,0,0,0,-0,0,1.46103,0,0,0,0,0,0,0,0,0,0,0,0,0,0,0,0,0,0,0,0,0,0,0,0,0,0,0,0,0,0,0,0,0
13.15,0,0,0,0,0,0,3.18341,2.0599,-2.40083,0.00277874,0.00142111,-0.00123996,0.00134257,0.000258199,-0.00130806,0,0,0,0,0,0,0,0,0,0,0,0,0,0,0,0,0,0,0,0,0,0,0,0,0,0,0,0,0,0,0,0,0,0,0,0,0,0,0,0,1.93944,1.29366,-0.021409,0.00195098,0.00149437,0.000454853,0.000760475,0.000672361,0.00190146,0,0,0,0,0,0,0,0,0,0,0,0,0,0,0,0,0,0,0,0,0,0,0,0,0,0,0,0,0,0,0,0,0,0,0,0,0,0,0,0,0,0,0,0,0,0,0,0,0,0,0,1,2,0,0,0,0,0,1.2444,-0.1647,2.4186,0,0,0,0,0,0,0,-0,0,1.46103,0,0,0,0,0,0,0,0,0,0,0,0,0,0,0,0,0,0,0,0,0,0,0,0,0,0,0,0,0,0,0,0,0
13.2,0,0,0,0,0,0,3.1837,2.06007,-2.40094,0.00285699,0.0016971,-0.00111601,0.00122746,0.00119506,-0.000533199,0,0,0,0,0,0,0,0,0,0,0,0,0,0,0,0,0,0,0,0,0,0,0,0,0,0,0,0,0,0,0,0,0,0,0,0,0,0,0,0,1.93964,1.29381,-0.0213953,0.00204385,0.00154937,0.000136539,0.000836644,0.00062731,0.000156123,0,0,0,0,0,0,0,0,0,0,0,0,0,0,0,0,0,0,0,0,0,0,0,0,0,0,0,0,0,0,0,0,0,0,0,0,0,0,0,0,0,0,0,0,0,0,0,0,0,0,0,1,2,0,0,0,0,0,1.2444,-0.1647,2.4186,0,0,0,0,0,0,0,-0,0,1.46111,0,0,0,0,0,0,0,0,0,0,0,0,0,0,0,0,0,0,0,0,0,0,0,0,0,0,0,0,0,0,0,0,0
13.25,0,0,0,0,0,0,3.1837,2.06007,-2.40094,0.00285699,0.0016971,-0.00111601,0.00122746,0.00119506,-0.000533199,0,0,0,0,0,0,0,0,0,0,0,0,0,0,0,0,0,0,0,0,0,0,0,0,0,0,0,0,0,0,0,0,0,0,0,0,0,0,0,0,1.93964,1.29381,-0.0213953,0.00204385,0.00154937,0.000136539,0.000836644,0.00062731,0.000156123,0,0,0,0,0,0,0,0,0,0,0,0,0,0,0,0,0,0,0,0,0,0,0,0,0,0,0,0,0,0,0,0,0,0,0,0,0,0,0,0,0,0,0,0,0,0,0,0,0,0,0,1,2,0,0,0,0,0,1.2444,-0.1647,2.4186,0,0,0,0,0,0,0,-0,0,1.46111,0,0,0,0,0,0,0,0,0,0,0,0,0,0,0,0,0,0,0,0,0,0,0,0,0,0,0,0,0,0,0,0,0
13.3,0,0,0,0,0,0,3.18399,2.06022,-2.40101,0.00291487,0.0015087,-0.000743824,0.000953841,9.22633e-05,0.00127149,0,0,0,0,0,0,0,0,0,0,0,0,0,0,0,0,0,0,0,0,0,0,0,0,0,0,0,0,0,0,0,0,0,0,0,0,0,0,0,0,1.93985,1.29397,-0.0213802,0.00211902,0.00155753,0.00015122,0.000813844,0.000403779,-8.38153e-05,0,0,0,0,0,0,0,0,0,0,0,0,0,0,0,0,0,0,0,0,0,0,0,0,0,0,0,0,0,0,0,0,0,0,0,0,0,0,0,0,0,0,0,0,0,0,0,0,0,0,0,1,2,0,0,0,0,0,1.2444,-0.1647,2.4186,0,0,0,0,0,0,0,-0,0,1.46117,0,0,0,0,0,0,0,0,0,0,0,0,0,0,0,0,0,0,0,0,0,0,0,0,0,0,0,0,0,0,0,0,0
13.35,0,0,0,0,0,0,3.18399,2.06022,-2.40101,0.00291487,0.0015087,-0.000743824,0.000953841,9.22633e-05,0.00127149,0,0,0,0,0,0,0,0,0,0,0,0,0,0,0,0,0,0,0,0,0,0,0,0,0,0,0,0,0,0,0,0,0,0,0,0,0,0,0,0,1.93985,1.29397,-0.0213802,0.00211902,0.00155753,0.00015122,0.000813844,0.000403779,-8.38153e-05,0,0,0,0,0,0,0,0,0,0,0,0,0,0,0,0,0,0,0,0,0,0,0,0,0,0,0,0,0,0,0,0,0,0,0,0,0,0,0,0,0,0,0,0,0,0,0,0,0,0,0,1,2,0,0,0,0,0,1.2115,-0.1977,2.3858,0,0,0,0,0,0,0,-0,0,1.46117,0,0,0,0,0,0,0,0,0,0,0,0,0,0,0,0,0,0,0,0,0,0,0,0,0,0,0,0,0,0,0,0,0
13.4,0,0,0,0,0,0,3.18428,2.06039,-2.40111,0.00293527,0.00167276,-0.000946748,0.000615101,0.000560525,0.000197568,0,0,0,0,0,0,0,0,0,0,0,0,0,0,0,0,0,0,0,0,0,0,0,0,0,0,0,0,0,0,0,0,0,0,0,0,0,0,0,0,1.94007,1.29413,-0.0213388,0.00213552,0.00164835,0.000413681,0.000549995,0.000573924,0.00096577,0,0,0,0,0,0,0,0,0,0,0,0,0,0,0,0,0,0,0,0,0,0,0,0,0,0,0,0,0,0,0,0,0,0,0,0,0,0,0,0,0,0,0,0,0,0,0,0,0,0,0,1,2,0,0,0,0,0,1.2115,-0.1977,2.3858,0,0,0,0,0,0,0,-0,0,1.46124,0,0,0,0,0,0,0,0,0,0,0,0,0,0,0,0,0,0,0,0,0,0,0,0,0,0,0,0,0,0,0,0,0
13.45,0,0,0,0,0,0,3.18428,2.06039,-2.40111,0.00293527,0.00167276,-0.000946748,0.000615101,0.000560525,0.000197568,0,0,0,0,0,0,0,0,0,0,0,0,0,0,0,0,0,0,0,0,0,0,0,0,0,0,0,0,0,0,0,0,0,0,0,0,0,0,0,0,1.94007,1.29413,-0.0213388,0.00213552,0.00164835,0.000413681,0.000549995,0.000573924,0.00096577,0,0,0,0,0,0,0,0,0,0,0,0,0,0,0,0,0,0,0,0,0,0,0,0,0,0,0,0,0,0,0,0,0,0,0,0,0,0,0,0,0,0,0,0,0,0,0,0,0,0,0,1,2,0,0,0,0,0,1.2115,-0.1977,2.3858,0,0,0,0,0,0,0,-0,0,1.46124,0,0,0,0,0,0,0,0,0,0,0,0,0,0,0,0,0,0,0,0,0,0,0,0,0,0,0,0,0,0,0,0,0
13.5,0,0,0,0,0,0,3.1846,2.06057,-2.40119,0.00315984,0.00183876,-0.000884718,0.00122208,0.00106396,0.000220732,0,0,0,0,0,0,0,0,0,0,0,0,0,0,0,0,0,0,0,0,0,0,0,0,0,0,0,0,0,0,0,0,0,0,0,0,0,0,0,0,1.94029,1.2943,-0.0213127,0.00221237,0.00171544,0.000260936,0.00060257,0.000636496,0.000111856,0,0,0,0,0,0,0,0,0,0,0,0,0,0,0,0,0,0,0,0,0,0,0,0,0,0,0,0,0,0,0,0,0,0,0,0,0,0,0,0,0,0,0,0,0,0,0,0,0,0,0,1,2,0,0,0,0,0,1.2115,-0.1977,2.3858,0,0,0,0,0,0,0,-0,0,1.46133,0,0,0,0,0,0,0,0,0,0,0,0,0,0,0,0,0,0,0,0,0,0,0,0,0,0,0,0,0,0,0,0,0
13.55,0,0,0,0,0,0,3.1846,2.06057,-2.40119,0.00315984,0.00183876,-0.000884718,0.00122208,0.00106396,0.000220732,0,0,0,0,0,0,0,0,0,0,0,0,0,0,0,0,0,0,0,0,0,0,0,0,0,0,0,0,0,0,0,0,0,0,0,0,0,0,0,0,1.94029,1.2943,-0.0213127,0.00221237,0.00171544,0.000260936,0.00060257,0.000636496,0.000111856,0,0,0,0,0,0,0,0,0,0,0,0,0,0,0,0,0,0,0,0,0,0,0,0,0,0,0,0,0,0,0,0,0,0,0,0,0,0,0,0,0,0,0,0,0,0,0,0,0,0,0,1,2,0,0,0,0,0,1.2054,-0.2037,2.3798,0,0,0,0,0,0,0,-0,0,1.46133,0,0,0,0,0,0,0,0,0,0,0,0,0,0,0,0,0,0,0,0,0,0,0,0,0,0,0,0,0,0,0,0,0
13.6,0,0,0,0,0,0,3.18492,2.06071,-2.4013,0.0032545,0.00139653,-0.0010753,0.00119489,-0.00105963,-0.000626018,0,0,0,0,0,0,0,0,0,0,0,0,0,0,0,0,0,0,0,0,0,0,0,0,0,0,0,0,0,0,0,0,0,0,0,0,0,0,0,0,1.94052,1.29446,-0.0212788,0.00233406,0.0015711,0.000339292,0.000855609,-0.000185768,0.000264692,0,0,0,0,0,0,0,0,0,0,0,0,0,0,0,0,0,0,0,0,0,0,0,0,0,0,0,0,0,0,0,0,0,0,0,0,0,0,0,0,0,0,0,0,0,0,0,0,0,0,0,1,2,0,0,0,0,0,1.2054,-0.2037,2.3798,0,0,0,0,0,0,0,-0,0,1.4614,0,0,0,0,0,0,0,0,0,0,0,0,0,0,0,0,0,0,0,0,0,0,0,0,0,0,0,0,0,0,0,0,0
13.65,0,0,0,0,0,0,3.18492,2.06071,-2.4013,0.0032545,0.00139653,-0.0010753,0.00119489,-0.00105963,-0.000626018,0,0,0,0,0,0,0,0,0,0,0,0,0,0,0,0,0,0,0,0,0,0,0,0,0,0,0,0,0,0,0,0,0,0,0,0,0,0,0,0,1.94052,1.29446,-0.0212788,0.00233406,0.0015711,0.000339292,0.000855609,-0.000185768,0.000264692,0,0,0,0,0,0,0,0,0,0,0,0,0,0,0,0,0,0,0,0,0,0,0,0,0,0,0,0,0,0,0,0,0,0,0,0,0,0,0,0,0,0,0,0,0,0,0,0,0,0,0,1,2,0,0,0,0,0,1.2054,-0.2037,2.3798,0,0,0,0,0,0,0,-0,0,1.4614,0,0,0,0,0,0,0,0,0,0,0,0,0,0,0,0,0,0,0,0,0,0,0,0,0,0,0,0,0,0,0,0,0
13.7,0,0,0,0,0,0,3.18526,2.0609,-2.40142,0.00333647,0.00186715,-0.00119891,0.00104188,0.00095717,-0.000984617,0,0,0,0,0,0,0,0,0,0,0,0,0,0,0,0,0,0,0,0,0,0,0,0,0,0,0,0,0,0,0,0,0,0,0,0,0,0,0,0,1.94076,1.29465,-0.0212562,0.00235652,0.00191963,0.000225727,0.00063814,0.00117016,-0.000274126,0,0,0,0,0,0,0,0,0,0,0,0,0,0,0,0,0,0,0,0,0,0,0,0,0,0,0,0,0,0,0,0,0,0,0,0,0,0,0,0,0,0,0,0,0,0,0,0,0,0,0,1,2,0,0,0,0,0,1.2054,-0.2037,2.3798,0,0,0,0,0,0,0,-0,0,1.46148,0,0,0,0,0,0,0,0,0,0,0,0,0,0,0,0,0,0,0,0,0,0,0,0,0,0,0,0,0,0,0,0,0
13.75,0,0,0,0,0,0,3.18526,2.0609,-2.40142,0.00333647,0.00186715,-0.00119891,0.00104188,0.00095717,-0.000984617,0,0,0,0,0,0,0,0,0,0,0,0,0,0,0,0,0,0,0,0,0,0,0,0,0,0,0,0,0,0,0,0,0,0,0,0,0,0,0,0,1.94076,1.29465,-0.0212562,0.00235652,0.00191963,0.000225727,0.00063814,0.00117016,-0.000274126,0,0,0,0,0,0,0,0,0,0,0,0,0,0,0,0,0,0,0,0,0,0,0,0,0,0,0,0,0,0,0,0,0,0,0,0,0,0,0,0,0,0,0,0,0,0,0,0,0,0,0,1,2,0,0,0,0,0,1.2057,-0.2035,2.3802,0,0,0,0,0,0,0,-0,0,1.46148,0,0,0,0,0,0,0,0,0,0,0,0,0,0,0,0,0,0,0,0,0,0,0,0,0,0,0,0,0,0,0,0,0
13.8,0,0,0,0,0,0,3.1856,2.06109,-2.40154,0.00345583,0.00186591,-0.00115675,0.00107753,0.000840304,-0.000469746,0,0,0,0,0,0,0,0,0,0,0,0,0,0,0,0,0,0,0,0,0,0,0,0,0,0,0,0,0,0,0,0,0,0,0,0,0,0,0,0,1.941,1.29484,-0.0212446,0.00244473,0.00193185,0.000115898,0.000703154,0.000932495,-0.000676637,0,0,0,0,0,0,0,0,0,0,0,0,0,0,0,0,0,0,0,0,0,0,0,0,0,0,0,0,0,0,0,0,0,0,0,0,0,0,0,0,0,0,0,0,0,0,0,0,0,0,0,1,2,0,0,0,0,0,1.2057,-0.2035,2.3802,0,0,0,0,0,0,0,-0,0,1.46156,0,0,0,0,0,0,0,0,0,0,0,0,0,0,0,0,0,0,0,0,0,0,0,0,0,0,0,0,0,0,0,0,0
13.85,0,0,0,0,0,0,3.1856,2.06109,-2.40154,0.00345583,0.00186591,-0.00115675,0.00107753,0.000840304,-0.000469746,0,0,0,0,0,0,0,0,0,0,0,0,0,0,0,0,0,0,0,0,0,0,0,0,0,0,0,0,0,0,0,0,0,0,0,0,0,0,0,0,1.941,1.29484,-0.0212446,0.00244473,0.00193185,0.000115898,0.000703154,0.000932495,-0.000676637,0,0,0,0,0,0,0,0,0,0,0,0,0,0,0,0,0,0,0,0,0,0,0,0,0,0,0,0,0,0,0,0,0,0,0,0,0,0,0,0,0,0,0,0,0,0,0,0,0,0,0,1,2,0,0,0,0,0,1.2057,-0.2035,2.3802,0,0,0,0,0,0,0,-0,0,1.46156,0,0,0,0,0,0,0,0,0,0,0,0,0,0,0,0,0,0,0,0,0,0,0,0,0,0,0,0,0,0,0,0,0
13.9,0,0,0,0,0,0,3.1856,2.06109,-2.40154,0.00345583,0.00186591,-0.00115675,0.00107753,0.000840304,-0.000469746,0,0,0,0,0,0,0,0,0,0,0,0,0,0,0,0,0,0,0,0,0,0,0,0,0,0,0,0,0,0,0,0,0,0,0,0,0,0,0,0,1.941,1.29484,-0.0212446,0.00244473,0.00193185,0.000115898,0.000703154,0.000932495,-0.000676637,0,0,0,0,0,0,0,0,0,0,0,0,0,0,0,0,0,0,0,0,0,0,0,0,0,0,0,0,0,0,0,0,0,0,0,0,0,0,0,0,0,0,0,0,0,0,0,0,0,0,0,1,2,0,0,0,0,0,1.2057,-0.2035,2.3802,0,0,0,0,0,0,0,-0,0,1.46156,0,0,0,0,0,0,0,0,0,0,0,0,0,0,0,0,0,0,0,0,0,0,0,0,0,0,0,0,0,0,0,0,0
13.95,0,0,0,0,0,0,3.18596,2.06127,-2.40166,0.00355478,0.00179204,-0.00127081,0.00105175,0.000196055,-0.000669672,0,0,0,0,0,0,0,0,0,0,0,0,0,0,0,0,0,0,0,0,0,0,0,0,0,0,0,0,0,0,0,0,0,0,0,0,0,0,0,0,1.94125,1.29504,-0.0212491,0.00246101,0.00196539,-4.41087e-05,0.000499259,0.000664308,-0.00109993,0,0,0,0,0,0,0,0,0,0,0,0,0,0,0,0,0,0,0,0,0,0,0,0,0,0,0,0,0,0,0,0,0,0,0,0,0,0,0,0,0,0,0,0,0,0,0,0,0,0,0,1,2,0,0,0,0,0,1.2055,-0.2034,2.3803,0,0,0,0,0,0,0,-0,0,1.46164,0,0,0,0,0,0,0,0,0,0,0,0,0,0,0,0,0,0,0,0,0,0,0,0,0,0,0,0,0,0,0,0,0
14,0,0,0,0,0,0,3.1865,2.06222,-2.40201,0.00537504,0.00954234,-0.00340009,0.00790353,0.0310028,-0.00893867,0,0,0,0,0,0,0,0,0,0,0,0,0,0,0,0,0,0,0,0,0,0,0,0,0,0,0,0,0,0,0,0,0,0,0,0,0,0,0,0,1.94149,1.29522,-0.0212349,0.00245573,0.00182136,0.000141956,0.000252124,-0.000212169,2.58673e-05,0,0,0,0,0,0,0,0,0,0,0,0,0,0,0,0,0,0,0,0,0,0,0,0,0,0,0,0,0,0,0,0,0,0,0,0,0,0,0,0,0,0,0,0,0,0,0,0,0,0,0,1,2,0,0,0,0,0,1.2055,-0.2034,2.3803,0,0,0,0,0,0,0,-0,0,1.4623,0,0,0,0,0,0,0,0,0,0,0,0,0,0,0,0,0,0,0,0,0,0,0,0,0,0,0,0,0,0,0,0,0
14.05,0,0,0,0,0,0,3.1865,2.06222,-2.40201,0.00537504,0.00954234,-0.00340009,0.00790353,0.0310028,-0.00893867,0,0,0,0,0,0,0,0,0,0,0,0,0,0,0,0,0,0,0,0,0,0,0,0,0,0,0,0,0,0,0,0,0,0,0,0,0,0,0,0,1.94149,1.29522,-0.0212349,0.00245573,0.00182136,0.000141956,0.000252124,-0.000212169,2.58673e-05,0,0,0,0,0,0,0,0,0,0,0,0,0,0,0,0,0,0,0,0,0,0,0,0,0,0,0,0,0,0,0,0,0,0,0,0,0,0,0,0,0,0,0,0,0,0,0,0,0,0,0,1,2,0,0,0,0,0,1.2055,-0.2034,2.3803,0,0,0,0,0,0,0,-0,0,1.4623,0,0,0,0,0,0,0,0,0,0,0,0,0,0,0,0,0,0,0,0,0,0,0,0,0,0,0,0,0,0,0,0,0
14.1,0,0,0,0,0,0,3.18671,2.06169,-2.40211,0.00211588,-0.00534346,-0.00109518,-0.00736285,-0.0367131,0.00273152,0,0,0,0,0,0,0,0,0,0,0,0,0,0,0,0,0,0,0,0,0,0,0,0,0,0,0,0,0,0,0,0,0,0,0,0,0,0,0,0,1.94176,1.29543,-0.0212212,0.00267173,0.00209634,0.000136861,0.000974096,0.0008475,0.000147137,0,0,0,0,0,0,0,0,0,0,0,0,0,0,0,0,0,0,0,0,0,0,0,0,0,0,0,0,0,0,0,0,0,0,0,0,0,0,0,0,0,0,0,0,0,0,0,0,0,0,0,1,2,0,0,0,0,0,1.2055,-0.2034,2.3803,0,0,0,0,0,0,0,-0,0,1.46186,0,0,0,0,0,0,0,0,0,0,0,0,0,0,0,0,0,0,0,0,0,0,0,0,0,0,0,0,0,0,0,0,0
14.15,0,0,0,0,0,0,3.18671,2.06169,-2.40211,0.00211588,-0.00534346,-0.00109518,-0.00736285,-0.0367131,0.00273152,0,0,0,0,0,0,0,0,0,0,0,0,0,0,0,0,0,0,0,0,0,0,0,0,0,0,0,0,0,0,0,0,0,0,0,0,0,0,0,0,1.94176,1.29543,-0.0212212,0.00267173,0.00209634,0.000136861,0.000974096,0.0008475,0.000147137,0,0,0,0,0,0,0,0,0,0,0,0,0,0,0,0,0,0,0,0,0,0,0,0,0,0,0,0,0,0,0,0,0,0,0,0,0,0,0,0,0,0,0,0,0,0,0,0,0,0,0,1,2,0,0,0,0,0,1.2061,-0.2029,2.3809,0,0,0,0,0,0,0,-0,0,1.46186,0,0,0,0,0,0,0,0,0,0,0,0,0,0,0,0,0,0,0,0,0,0,0,0,0,0,0,0,0,0,0,0,0
14.2,0,0,0,0,0,0,3.18709,2.06189,-2.40223,0.00385766,0.00198241,-0.0011297,0.000494606,-0.00192974,0.00307159,0,0,0,0,0,0,0,0,0,0,0,0,0,0,0,0,0,0,0,0,0,0,0,0,0,0,0,0,0,0,0,0,0,0,0,0,0,0,0,0,1.94203,1.29564,-0.0211694,0.00271546,0.00206034,0.000516689,0.000873565,0.00052096,0.00162384,0,0,0,0,0,0,0,0,0,0,0,0,0,0,0,0,0,0,0,0,0,0,0,0,0,0,0,0,0,0,0,0,0,0,0,0,0,0,0,0,0,0,0,0,0,0,0,0,0,0,0,1,2,0,0,0,0,0,1.2061,-0.2029,2.3809,0,0,0,0,0,0,0,-0,0,1.46195,0,0,0,0,0,0,0,0,0,0,0,0,0,0,0,0,0,0,0,0,0,0,0,0,0,0,0,0,0,0,0,0,0
14.25,0,0,0,0,0,0,3.18709,2.06189,-2.40223,0.00385766,0.00198241,-0.0011297,0.000494606,-0.00192974,0.00307159,0,0,0,0,0,0,0,0,0,0,0,0,0,0,0,0,0,0,0,0,0,0,0,0,0,0,0,0,0,0,0,0,0,0,0,0,0,0,0,0,1.94203,1.29564,-0.0211694,0.00271546,0.00206034,0.000516689,0.000873565,0.00052096,0.00162384,0,0,0,0,0,0,0,0,0,0,0,0,0,0,0,0,0,0,0,0,0,0,0,0,0,0,0,0,0,0,0,0,0,0,0,0,0,0,0,0,0,0,0,0,0,0,0,0,0,0,0,1,2,0,0,0,0,0,1.2061,-0.2029,2.3809,0,0,0,0,0,0,0,-0,0,1.46195,0,0,0,0,0,0,0,0,0,0,0,0,0,0,0,0,0,0,0,0,0,0,0,0,0,0,0,0,0,0,0,0,0
14.3,0,0,0,0,0,0,3.18749,2.06209,-2.40237,0.00398385,0.00203597,-0.00138843,0.00182337,0.00374432,0.000869828,0,0,0,0,0,0,0,0,0,0,0,0,0,0,0,0,0,0,0,0,0,0,0,0,0,0,0,0,0,0,0,0,0,0,0,0,0,0,0,0,1.94231,1.29585,-0.0211581,0.00277377,0.00206779,0.000113008,0.00071445,0.000276014,-0.000442658,0,0,0,0,0,0,0,0,0,0,0,0,0,0,0,0,0,0,0,0,0,0,0,0,0,0,0,0,0,0,0,0,0,0,0,0,0,0,0,0,0,0,0,0,0,0,0,0,0,0,0,1,2,0,0,0,0,0,1.2061,-0.2029,2.3809,0,0,0,0,0,0,0,-0,0,1.46206,0,0,0,0,0,0,0,0,0,0,0,0,0,0,0,0,0,0,0,0,0,0,0,0,0,0,0,0,0,0,0,0,0
14.35,0,0,0,0,0,0,3.18749,2.06209,-2.40237,0.00398385,0.00203597,-0.00138843,0.00182337,0.00374432,0.000869828,0,0,0,0,0,0,0,0,0,0,0,0,0,0,0,0,0,0,0,0,0,0,0,0,0,0,0,0,0,0,0,0,0,0,0,0,0,0,0,0,1.94231,1.29585,-0.0211581,0.00277377,0.00206779,0.000113008,0.00071445,0.000276014,-0.000442658,0,0,0,0,0,0,0,0,0,0,0,0,0,0,0,0,0,0,0,0,0,0,0,0,0,0,0,0,0,0,0,0,0,0,0,0,0,0,0,0,0,0,0,0,0,0,0,0,0,0,0,1,2,0,0,0,0,0,1.2063,-0.2027,2.3812,0,0,0,0,0,0,0,-0,0,1.46206,0,0,0,0,0,0,0,0,0,0,0,0,0,0,0,0,0,0,0,0,0,0,0,0,0,0,0,0,0,0,0,0,0
14.4,0,0,0,0,0,0,3.1879,2.06229,-2.40249,0.00410371,0.00201766,-0.00128336,0.00178867,0.00295916,0.000632632,0,0,0,0,0,0,0,0,0,0,0,0,0,0,0,0,0,0,0,0,0,0,0,0,0,0,0,0,0,0,0,0,0,0,0,0,0,0,0,0,1.9426,1.29606,-0.0210915,0.00288726,0.00214956,0.000666338,0.00088571,0.000477865,0.00166711,0,0,0,0,0,0,0,0,0,0,0,0,0,0,0,0,0,0,0,0,0,0,0,0,0,0,0,0,0,0,0,0,0,0,0,0,0,0,0,0,0,0,0,0,0,0,0,0,0,0,0,1,2,0,0,0,0,0,1.2063,-0.2027,2.3812,0,0,0,0,0,0,0,-0,0,1.46215,0,0,0,0,0,0,0,0,0,0,0,0,0,0,0,0,0,0,0,0,0,0,0,0,0,0,0,0,0,0,0,0,0
14.45,0,0,0,0,0,0,3.1879,2.06229,-2.40249,0.00410371,0.00201766,-0.00128336,0.00178867,0.00295916,0.000632632,0,0,0,0,0,0,0,0,0,0,0,0,0,0,0,0,0,0,0,0,0,0,0,0,0,0,0,0,0,0,0,0,0,0,0,0,0,0,0,0,1.9426,1.29606,-0.0210915,0.00288726,0.00214956,0.000666338,0.00088571,0.000477865,0.00166711,0,0,0,0,0,0,0,0,0,0,0,0,0,0,0,0,0,0,0,0,0,0,0,0,0,0,0,0,0,0,0,0,0,0,0,0,0,0,0,0,0,0,0,0,0,0,0,0,0,0,0,1,2,0,0,0,0,0,1.2063,-0.2027,2.3812,0,0,0,0,0,0,0,-0,0,1.46215,0,0,0,0,0,0,0,0,0,0,0,0,0,0,0,0,0,0,0,0,0,0,0,0,0,0,0,0,0,0,0,0,0
14.5,0,0,0,0,0,0,3.18832,2.06251,-2.40261,0.00416761,0.00220222,-0.00111107,0.00131802,0.00240514,0.00103861,0,0,0,0,0,0,0,0,0,0,0,0,0,0,0,0,0,0,0,0,0,0,0,0,0,0,0,0,0,0,0,0,0,0,0,0,0,0,0,0,1.94289,1.29629,-0.0210505,0.00293833,0.00228035,0.00041054,0.000754372,0.000833298,0.000264914,0,0,0,0,0,0,0,0,0,0,0,0,0,0,0,0,0,0,0,0,0,0,0,0,0,0,0,0,0,0,0,0,0,0,0,0,0,0,0,0,0,0,0,0,0,0,0,0,0,0,0,1,2,0,0,0,0,0,1.2063,-0.2027,2.3812,0,0,0,0,0,0,0,-0,0,1.46225,0,0,0,0,0,0,0,0,0,0,0,0,0,0,0,0,0,0,0,0,0,0,0,0,0,0,0,0,0,0,0,0,0
14.55,0,0,0,0,0,0,3.18832,2.06251,-2.40261,0.00416761,0.00220222,-0.00111107,0.00131802,0.00240514,0.00103861,0,0,0,0,0,0,0,0,0,0,0,0,0,0,0,0,0,0,0,0,0,0,0,0,0,0,0,0,0,0,0,0,0,0,0,0,0,0,0,0,1.94289,1.29629,-0.0210505,0.00293833,0.00228035,0.00041054,0.000754372,0.000833298,0.000264914,0,0,0,0,0,0,0,0,0,0,0,0,0,0,0,0,0,0,0,0,0,0,0,0,0,0,0,0,0,0,0,0,0,0,0,0,0,0,0,0,0,0,0,0,0,0,0,0,0,0,0,1,2,0,0,0,0,0,1.2626,-0.1465,2.4376,0,0,0,0,0,0,0,-0,0,1.46225,0,0,0,0,0,0,0,0,0,0,0,0,0,0,0,0,0,0,0,0,0,0,0,0,0,0,0,0,0,0,0,0,0
14.6,0,0,0,0,0,0,3.18832,2.06251,-2.40261,0.00416761,0.00220222,-0.00111107,0.00131802,0.00240514,0.00103861,0,0,0,0,0,0,0,0,0,0,0,0,0,0,0,0,0,0,0,0,0,0,0,0,0,0,0,0,0,0,0,0,0,0,0,0,0,0,0,0,1.94289,1.29629,-0.0210505,0.00293833,0.00228035,0.00041054,0.000754372,0.000833298,0.000264914,0,0,0,0,0,0,0,0,0,0,0,0,0,0,0,0,0,0,0,0,0,0,0,0,0,0,0,0,0,0,0,0,0,0,0,0,0,0,0,0,0,0,0,0,0,0,0,0,0,0,0,1,2,0,0,0,0,0,1.2626,-0.1465,2.4376,0,0,0,0,0,0,0,-0,0,1.46225,0,0,0,0,0,0,0,0,0,0,0,0,0,0,0,0,0,0,0,0,0,0,0,0,0,0,0,0,0,0,0,0,0
14.65,0,0,0,0,0,0,3.18875,2.06272,-2.40272,0.00427766,0.00210465,-0.00110157,0.00116441,0.000977806,0.000717417,0,0,0,0,0,0,0,0,0,0,0,0,0,0,0,0,0,0,0,0,0,0,0,0,0,0,0,0,0,0,0,0,0,0,0,0,0,0,0,0,1.94319,1.2965,-0.0209973,0.00295675,0.00210464,0.000531506,0.000506735,-0.000155159,0.000452216,0,0,0,0,0,0,0,0,0,0,0,0,0,0,0,0,0,0,0,0,0,0,0,0,0,0,0,0,0,0,0,0,0,0,0,0,0,0,0,0,0,0,0,0,0,0,0,0,0,0,0,1,2,0,0,0,0,0,1.2626,-0.1465,2.4376,0,0,0,0,0,0,0,-0,0,1.46237,0,0,0,0,0,0,0,0,0,0,0,0,0,0,0,0,0,0,0,0,0,0,0,0,0,0,0,0,0,0,0,0,0
14.7,0,0,0,0,0,0,3.18919,2.06295,-2.40285,0.00440131,0.00222873,-0.0013469,0.00117384,0.00089041,-0.00059336,0,0,0,0,0,0,0,0,0,0,0,0,0,0,0,0,0,0,0,0,0,0,0,0,0,0,0,0,0,0,0,0,0,0,0,0,0,0,0,0,1.94349,1.29674,-0.0209836,0.003005,0.00242768,0.000137316,0.000464461,0.00106454,-0.00127809,0,0,0,0,0,0,0,0,0,0,0,0,0,0,0,0,0,0,0,0,0,0,0,0,0,0,0,0,0,0,0,0,0,0,0,0,0,0,0,0,0,0,0,0,0,0,0,0,0,0,0,1,2,0,0,0,0,0,1.2626,-0.1465,2.4376,0,0,0,0,0,0,0,-0,0,1.46247,0,0,0,0,0,0,0,0,0,0,0,0,0,0,0,0,0,0,0,0,0,0,0,0,0,0,0,0,0,0,0,0,0
14.75,0,0,0,0,0,0,3.18919,2.06295,-2.40285,0.00440131,0.00222873,-0.0013469,0.00117384,0.00089041,-0.00059336,0,0,0,0,0,0,0,0,0,0,0,0,0,0,0,0,0,0,0,0,0,0,0,0,0,0,0,0,0,0,0,0,0,0,0,0,0,0,0,0,1.94349,1.29674,-0.0209836,0.003005,0.00242768,0.000137316,0.000464461,0.00106454,-0.00127809,0,0,0,0,0,0,0,0,0,0,0,0,0,0,0,0,0,0,0,0,0,0,0,0,0,0,0,0,0,0,0,0,0,0,0,0,0,0,0,0,0,0,0,0,0,0,0,0,0,0,0,1,2,0,0,0,0,0,1.1993,-0.21,2.3744,0,0,0,0,0,0,0,-0,0,1.46247,0,0,0,0,0,0,0,0,0,0,0,0,0,0,0,0,0,0,0,0,0,0,0,0,0,0,0,0,0,0,0,0,0
14.8,0,0,0,0,0,0,3.18964,2.06317,-2.40299,0.00456632,0.00222211,-0.00143079,0.00136233,0.000494821,-0.000867951,0,0,0,0,0,0,0,0,0,0,0,0,0,0,0,0,0,0,0,0,0,0,0,0,0,0,0,0,0,0,0,0,0,0,0,0,0,0,0,0,1.9438,1.29697,-0.0209481,0.00306822,0.00228682,0.000355144,0.000523678,0.000239775,-0.00013136,0,0,0,0,0,0,0,0,0,0,0,0,0,0,0,0,0,0,0,0,0,0,0,0,0,0,0,0,0,0,0,0,0,0,0,0,0,0,0,0,0,0,0,0,0,0,0,0,0,0,0,1,2,0,0,0,0,0,1.1993,-0.21,2.3744,0,0,0,0,0,0,0,-0,0,1.4626,0,0,0,0,0,0,0,0,0,0,0,0,0,0,0,0,0,0,0,0,0,0,0,0,0,0,0,0,0,0,0,0,0
14.85,0,0,0,0,0,0,3.18964,2.06317,-2.40299,0.00456632,0.00222211,-0.00143079,0.00136233,0.000494821,-0.000867951,0,0,0,0,0,0,0,0,0,0,0,0,0,0,0,0,0,0,0,0,0,0,0,0,0,0,0,0,0,0,0,0,0,0,0,0,0,0,0,0,1.9438,1.29697,-0.0209481,0.00306822,0.00228682,0.000355144,0.000523678,0.000239775,-0.00013136,0,0,0,0,0,0,0,0,0,0,0,0,0,0,0,0,0,0,0,0,0,0,0,0,0,0,0,0,0,0,0,0,0,0,0,0,0,0,0,0,0,0,0,0,0,0,0,0,0,0,0,1,2,0,0,0,0,0,1.1993,-0.21,2.3744,0,0,0,0,0,0,0,-0,0,1.4626,0,0,0,0,0,0,0,0,0,0,0,0,0,0,0,0,0,0,0,0,0,0,0,0,0,0,0,0,0,0,0,0,0
14.9,0,0,0,0,0,0,3.1901,2.06341,-2.40316,0.00461175,0.0024609,-0.00169036,0.0010283,0.00119932,-0.00159652,0,0,0,0,0,0,0,0,0,0,0,0,0,0,0,0,0,0,0,0,0,0,0,0,0,0,0,0,0,0,0,0,0,0,0,0,0,0,0,0,1.94411,1.29722,-0.0209466,0.00316036,0.00252682,1.50872e-05,0.00069278,0.000992977,-0.00128224,0,0,0,0,0,0,0,0,0,0,0,0,0,0,0,0,0,0,0,0,0,0,0,0,0,0,0,0,0,0,0,0,0,0,0,0,0,0,0,0,0,0,0,0,0,0,0,0,0,0,0,1,2,0,0,0,0,0,1.1993,-0.21,2.3744,0,0,0,0,0,0,0,-0,0,1.46272,0,0,0,0,0,0,0,0,0,0,0,0,0,0,0,0,0,0,0,0,0,0,0,0,0,0,0,0,0,0,0,0,0
14.95,0,0,0,0,0,0,3.1901,2.06341,-2.40316,0.00461175,0.0024609,-0.00169036,0.0010283,0.00119932,-0.00159652,0,0,0,0,0,0,0,0,0,0,0,0,0,0,0,0,0,0,0,0,0,0,0,0,0,0,0,0,0,0,0,0,0,0,0,0,0,0,0,0,1.94411,1.29722,-0.0209466,0.00316036,0.00252682,1.50872e-05,0.00069278,0.000992977,-0.00128224,0,0,0,0,0,0,0,0,0,0,0,0,0,0,0,0,0,0,0,0,0,0,0,0,0,0,0,0,0,0,0,0,0,0,0,0,0,0,0,0,0,0,0,0,0,0,0,0,0,0,0,1,2,0,0,0,0,0,1.1142,-0.2951,2.2894,0,0,0,0,0,0,0,-0,0,1.46272,0,0,0,0,0,0,0,0,0,0,0,0,0,0,0,0,0,0,0,0,0,0,0,0,0,0,0,0,0,0,0,0,0
15,0,0,0,0,0,0,3.19057,2.06364,-2.40329,0.00470391,0.00227262,-0.00129919,0.00093998,6.28653e-05,0.000506021,0,0,0,0,0,0,0,0,0,0,0,0,0,0,0,0,0,0,0,0,0,0,0,0,0,0,0,0,0,0,0,0,0,0,0,0,0,0,0,0,1.94443,1.29746,-0.0208993,0.00322097,0.00239712,0.000472913,0.000680736,0.000179624,0.00090373,0,0,0,0,0,0,0,0,0,0,0,0,0,0,0,0,0,0,0,0,0,0,0,0,0,0,0,0,0,0,0,0,0,0,0,0,0,0,0,0,0,0,0,0,0,0,0,0,0,0,0,1,2,0,0,0,0,0,1.1142,-0.2951,2.2894,0,0,0,0,0,0,0,-0,0,1.46284,0,0,0,0,0,0,0,0,0,0,0,0,0,0,0,0,0,0,0,0,0,0,0,0,0,0,0,0,0,0,0,0,0
15.05,202.424,134.978,31.92,0,0,0,3.19057,2.06364,-2.40329,0.00470391,0.00227262,-0.00129919,0.00093998,6.28653e-05,0.000506021,3,2,3.92699,0,0,0,0,0,0,0,0,0,0,0,2,3,2,3.92699,0,0,0,0,0,0,0,0,0,0,1.5708,1.5708,0,1.5708,1.5708,0,119.147,82.1047,0.00151201,0,0,0,1.94443,1.29746,-0.0208993,0.00322097,0.00239712,0.000472913,0.000680736,0.000179624,0.00090373,1.75578,1.20968,0,0,0,0,0,0,0,0,0,0,0,0,2,1.75578,1.20968,0,58.4596,82.6352,-1.15064e-12,0,0,0,0,0,0,0,0,0,0,0,0,0.855775,1.20968,0,0,0,0,0,0,0,0,0,0,0,0,2,0.855775,1.20968,0,1,2,0,0,0,0,0,1.1142,-0.2951,2.2894,0,0,0,0,0,0,0,-0,0,1.46284,0,0,0,0,0,0,0,0,0,0,0,0,0,0,0,0,0,0,0,0,0,0,0,0,0,0,0,0,0,0,0,0,0
15.1,-0.0933165,-0.0337099,0.0045095,0,0,0,3.19106,2.06388,-2.40345,0.00485952,0.00236871,-0.00161924,0.001171,0.000266338,-0.0006895,3,2,3.92699,0,0,0,0,0,0,0,0,0,0,0,2,3,2,3.92699,0,0,0,0,0,0,0,0,0,0,1.5708,1.5708,0,1.5708,1.5708,0,-0.0871772,-0.0439314,0.00146073,0,0,0,1.94476,1.29771,-0.0208406,0.00326614,0.00249936,0.000587167,0.000585379,0.000404666,0.00129466,1.75578,1.20968,0,0,0,0,0,0,1,1,1,1,0,0,2,1.75578,1.20968,0,0.344544,0.487027,3.7308e-15,0,0,0,0,0,0,0,0,0,0,0,0,0.855775,1.20968,0,0,0,0,0,0,0,0,0,0,0,0,2,0.855775,1.20968,0,1,2,0,0,0,0,0,1.1142,-0.2951,2.2894,0,0,0,0,0,0,0,-0,0,1.46297,0,0,0,0,0,0,0,0,0,0,0,0,0,0,0,0,0,0,0,0,0,0,0,0,0,0,0,0,0,0,0,0,0
15.15,-0.0933165,-0.0337099,0.0045095,0,0,0,3.19106,2.06388,-2.40345,0.00485952,0.00236871,-0.00161924,0.001171,0.000266338,-0.0006895,3,2,3.92699,0,0,0,0,0,0,0,0,0,0,0,2,3,2,3.92699,0,0,0,0,0,0,0,0,0,0,1.5708,1.5708,0,1.5708,1.5708,0,-0.0871772,-0.0439314,0.00146073,0,0,0,1.94476,1.29771,-0.0208406,0.00326614,0.00249936,0.000587167,0.000585379,0.000404666,0.00129466,1.75578,1.20968,0,0,0,0,0.312288,0.296813,0,0,0,0,0.168771,0.154274,2,1.75578,1.20968,0,0.344544,0.487027,3.7308e-15,0,0,0,0,0,0,0,0,0,0,0,0,0.855775,1.20968,0,0,0,0,0,0,0,0,0,0,0,0,2,0.855775,1.20968,0,1,2,0,0,0,0,0,1.2549,-0.1545,2.4303,0,0,0,0,0,0,0,-0,0,1.46297,0,0,0,0,0,0,0,0,0,0,0,0,0,0,0,0,0,0,0,0,0,0,0,0,0,0,0,0,0,0,0,0,0
15.2,-0.0937394,-0.0343609,0.00442363,0,0,0,3.19155,2.06413,-2.40359,0.00492605,0.00253137,-0.00138024,0.0010051,0.000839821,0.000377584,3,2,3.92699,0,0,0,0,0,0,0,0,0,0,0,2,3,2,3.92699,0,0,0,0,0,0,0,0,0,0,1.5708,1.5708,0,1.5708,1.5708,0,-0.0888771,-0.0451862,0.00165756,0,0,0,1.94513,1.298,-0.0208304,0.00372261,0.00283529,0.000101406,0.00216588,0.00161827,-0.00111021,1.75578,1.20968,0,0,0,0,0.312288,0.296813,0,0,0,0,0.168771,0.154274,2,1.75578,1.20968,0,0.344544,0.487027,3.7308e-15,0,0,0,0,0,0,0,0,0,0,0,0,0.855775,1.20968,0,0,0,0,0,0,0,0,0,0,0,0,2,0.855775,1.20968,0,1,2,0,0,0,0,0,1.2549,-0.1545,2.4303,0,0,0,0,0,0,0,-0,0,1.46305,0,0,0,0,0,0,0,0,0,0,0,0,0,0,0,0,0,0,0,0,0,0,0,0,0,0,0,0,0,0,0,0,0
15.25,-0.0937394,-0.0343609,0.00442363,0,0,0,3.19155,2.06413,-2.40359,0.00492605,0.00253137,-0.00138024,0.0010051,0.000839821,0.000377584,3,2,3.92699,0,0,0,0,0,0,0,0,0,0,0,2,3,2,3.92699,0,0,0,0,0,0,0,0,0,0,1.5708,1.5708,0,1.5708,1.5708,0,-0.0888771,-0.0451862,0.00165756,0,0,0,1.94513,1.298,-0.0208304,0.00372261,0.00283529,0.000101406,0.00216588,0.00161827,-0.00111021,1.75578,1.20968,0,0,0,0,0.320642,0.300285,0,0,0,0,0.175613,0.156543,2,1.75578,1.20968,0,0.344544,0.487027,3.7308e-15,0,0,0,0,0,0,0,0,0,0,0,0,0.855775,1.20968,0,0,0,0,0,0,0,0,0,0,0,0,2,0.855775,1.20968,0,1,2,0,0,0,0,0,1.2549,-0.1545,2.4303,0,0,0,0,0,0,0,-0,0,1.46305,0,0,0,0,0,0,0,0,0,0,0,0,0,0,0,0,0,0,0,0,0,0,0,0,0,0,0,0,0,0,0,0,0
15.3,-0.0945629,-0.0338663,0.00436298,0,0,0,3.19206,2.06437,-2.40371,0.00510912,0.00235674,-0.0012068,0.00130688,-0.000118726,0.00106581,3,2,3.92699,0,0,0,0,0,0,0,0,0,0,0,2,3,2,3.92699,0,0,0,0,0,0,0,0,0,0,1.5708,1.5708,0,1.5708,1.5708,0,-0.0938157,-0.0503436,0.00206501,-0.177328,-0.0901601,0.00281421,1.94564,1.29843,-0.0209186,0.00511644,0.00430319,-0.000882237,0.00707943,0.00699787,-0.00492257,1.75578,1.20968,0,0,0,0,0.320642,0.300285,0,0,0,0,0.175613,0.156543,2,1.75578,1.20968,0,0.344544,0.487027,3.7308e-15,0,0,0,0,0,0,0,0,0,0,0,0,0.855775,1.20968,0,0,0,0,0,0,0,0,0,0,0,0,2,0.855775,1.20968,0,1,2,0,0,0,0,0,1.2549,-0.1545,2.4303,0,0,0,0,0,0,0,-0,0,1.46295,0,0,0,0,0,0,0,0,0,0,0,0,0,0,0,0,0,0,0,0,0,0,0,0,0,0,0,0,0,0,0,0,0
15.35,-0.0945629,-0.0338663,0.00436298,0,0,0,3.19206,2.06437,-2.40371,0.00510912,0.00235674,-0.0012068,0.00130688,-0.000118726,0.00106581,3,2,3.92699,0,0,0,0,0,0,0,0,0,0,0,2,3,2,3.92699,0,0,0,0,0,0,0,0,0,0,1.5708,1.5708,0,1.5708,1.5708,0,-0.0938157,-0.0503436,0.00206501,-0.177336,-0.0901445,0.00281421,1.94564,1.29843,-0.0209186,0.00511644,0.00430319,-0.000882237,0.00707943,0.00699787,-0.00492257,1.75578,1.20968,0,0,0,0,0.342168,0.312847,0,0,0,0,0.198419,0.170951,2,1.75578,1.20968,0,0.344544,0.487027,3.7308e-15,0,0,0,0,0,0,0,0,0,0,0,0,0.855775,1.20968,0,0,0,0,0,0,0,0,0,0,0,0,2,0.855775,1.20968,0,1,2,0,0,0,0,0,1.2225,-0.1868,2.398,0,0,0,0,0,0,0,-0,0,1.46295,0,0,0,0,0,0,0,0,0,0,0,0,0,0,0,0,0,0,0,0,0,0,0,0,0,0,0,0,0,0,0,0,0
15.4,-0.0945629,-0.0338663,0.00436298,0,0,0,3.19206,2.06437,-2.40371,0.00510912,0.00235674,-0.0012068,0.00130688,-0.000118726,0.00106581,3,2,3.92699,0,0,0,0,0,0,0,0,0,0,0,2,3,2,3.92699,0,0,0,0,0,0,0,0,0,0,1.5708,1.5708,0,1.5708,1.5708,0,-0.0938157,-0.0503436,0.00206501,-0.177336,-0.0901445,0.00281421,1.94564,1.29843,-0.0209186,0.00511644,0.00430319,-0.000882237,0.00707943,0.00699787,-0.00492257,1.75578,1.20968,0,0,0,0,0.342168,0.312847,0,0,0,0,0.198419,0.170951,2,1.75578,1.20968,0,0.344544,0.487027,3.7308e-15,0,0,0,0,0,0,0,0,0,0,0,0,0.855775,1.20968,0,0,0,0,0,0,0,0,0,0,0,0,2,0.855775,1.20968,0,1,2,0,0,0,0,0,1.2225,-0.1868,2.398,0,0,0,0,0,0,0,-0,0,1.46295,0,0,0,0,0,0,0,0,0,0,0,0,0,0,0,0,0,0,0,0,0,0,0,0,0,0,0,0,0,0,0,0,0
15.45,-0.0948379,-0.0346051,0.00463329,0,0,0,3.19258,2.06462,-2.4039,0.00512915,0.00254513,-0.00183503,0.000939935,0.000568818,-0.00178826,3,2,3.92699,0,0,0,0,0,0,0,0,0,0,0,2,3,2,3.92699,0,0,0,0,0,0,0,0,0,0,1.5708,1.5708,0,1.5708,1.5708,0,-0.0976745,-0.0545499,-0.000132912,-0.177336,-0.0901445,0.00281421,1.94626,1.29898,-0.0204737,0.0061793,0.00547677,0.00443008,0.00919461,0.00964587,0.0177685,1.75578,1.20968,0,0,0,0,0.342168,0.312847,0,0,0,0,0.198419,0.170951,2,1.75578,1.20968,0,0.344544,0.487027,3.7308e-15,0,0,0,0,0,0,0,0,0,0,0,0,0.855775,1.20968,0,0,0,0,0,0,0,0,0,0,0,0,2,0.855775,1.20968,0,1,2,0,0,0,0,0,1.2225,-0.1868,2.398,0,0,0,0,0,0,0,-0,0,1.46271,0,0,0,0,0,0,0,0,0,0,0,0,0,0,0,0,0,0,0,0,0,0,0,0,0,0,0,0,0,0,0,0,0
15.5,-0.0956402,-0.0348751,0.00446227,0,0,0,3.19311,2.06488,-2.40404,0.00530388,0.00259432,-0.00138649,0.00111979,0.000585057,0.00036373,3,2,3.92699,0,0,0,0,0,0,0,0,0,0,0,2,3,2,3.92699,0,0,0,0,0,0,0,0,0,0,1.5708,1.5708,0,1.5708,1.5708,0,-0.0978547,-0.055279,0.000757308,-0.177296,-0.0902234,0.00281421,1.94688,1.29954,-0.0202548,0.00615966,0.00562511,0.00219845,0.00561944,0.00664602,0.00475373,1.75578,1.20968,0,0,0,0,0.323922,0.358632,0,0,0,0,0.183588,0.216115,2,1.75578,1.20968,0,0.344544,0.487027,3.7308e-15,0,0,0,0,0,0,0,0,0,0,0,0,0.855775,1.20968,0,0,0,0,0,0,0,0,0,0,0,0,2,0.855775,1.20968,0,1,2,0,0,0,0,0,1.2225,-0.1868,2.398,0,0,0,0,0,0,0,-0,0,1.46248,0,0,0,0,0,0,0,0,0,0,0,0,0,0,0,0,0,0,0,0,0,0,0,0,0,0,0,0,0,0,0,0,0
15.55,-0.0956402,-0.0348751,0.00446227,0,0,0,3.19311,2.06488,-2.40404,0.00530388,0.00259432,-0.00138649,0.00111979,0.000585057,0.00036373,3,2,3.92699,0,0,0,0,0,0,0,0,0,0,0,2,3,2,3.92699,0,0,0,0,0,0,0,0,0,0,1.5708,1.5708,0,1.5708,1.5708,0,-0.0978547,-0.055279,0.000757308,-0.195233,-0.110285,0.00207528,1.94688,1.29954,-0.0202548,0.00615966,0.00562511,0.00219845,0.00561944,0.00664602,0.00475373,1.75578,1.20968,0,0,0,0,0.336644,0.346397,0,0,0,0,0.197584,0.206721,2,1.75578,1.20968,0,0.344544,0.487027,3.7308e-15,0,0,0,0,0,0,0,0,0,0,0,0,0.855775,1.20968,0,0,0,0,0,0,0,0,0,0,0,0,2,0.855775,1.20968,0,1,2,0,0,0,0,0,1.2067,-0.202,2.3838,0,0,0,0,0,0,0,-0,0,1.46248,0,0,0,0,0,0,0,0,0,0,0,0,0,0,0,0,0,0,0,0,0,0,0,0,0,0,0,0,0,0,0,0,0
15.6,-0.101771,-0.0345044,0.0048206,0,0,0,3.19381,2.06513,-2.40426,0.00703618,0.00245522,-0.00222369,0.00771484,-0.000155389,-0.00286246,3,2,3.92699,0,0,0,0,0,0,0,0,0,0,0,2,3,2,3.92699,0,0,0,0,0,0,0,0,0,0,1.5708,1.5708,0,1.5708,1.5708,0,-0.096385,-0.0541906,0.00059837,-0.195233,-0.110285,0.00207528,1.94744,1.30006,-0.0200009,0.00565969,0.00524235,0.00253816,0.0010061,0.0021586,0.002499,1.75578,1.20968,0,0,0,0,0.336644,0.346397,0,0,0,0,0.197584,0.206721,2,1.75578,1.20968,0,0.344544,0.487027,3.7308e-15,0,0,0,0,0,0,0,0,0,0,0,0,0.855775,1.20968,0,0,0,0,0,0,0,0,0,0,0,0,2,0.855775,1.20968,0,1,2,0,0,0,0,0,1.2067,-0.202,2.3838,0,0,0,0,0,0,0,-0,0,1.46245,0,0,0,0,0,0,0,0,0,0,0,0,0,0,0,0,0,0,0,0,0,0,0,0,0,0,0,0,0,0,0,0,0
15.65,-0.101771,-0.0345044,0.0048206,0,0,0,3.19381,2.06513,-2.40426,0.00703618,0.00245522,-0.00222369,0.00771484,-0.000155389,-0.00286246,3,2,3.92699,0,0,0,0,0,0,0,0,0,0,0,2,3,2,3.92699,0,0,0,0,0,0,0,0,0,0,1.5708,1.5708,0,1.5708,1.5708,0,-0.096385,-0.0541906,0.00059837,-0.195205,-0.110334,0.00207528,1.94744,1.30006,-0.0200009,0.00565969,0.00524235,0.00253816,0.0010061,0.0021586,0.002499,1.75578,1.20968,0,0,0,0,0.329635,0.343282,0,0,0,0,0.191723,0.204508,2,1.75578,1.20968,0,0.344544,0.487027,3.7308e-15,0,0,0,0,0,0,0,0,0,0,0,0,0.855775,1.20968,0,0,0,0,0,0,0,0,0,0,0,0,2,0.855775,1.20968,0,1,2,0,0,0,0,0,1.2067,-0.202,2.3838,0,0,0,0,0,0,0,-0,0,1.46245,0,0,0,0,0,0,0,0,0,0,0,0,0,0,0,0,0,0,0,0,0,0,0,0,0,0,0,0,0,0,0,0,0
15.7,-0.112896,-0.0345355,0.00448356,0,0,0,3.19483,2.06537,-2.40439,0.0102105,0.00243538,-0.00136686,0.0181651,-0.000292096,0.00128015,3,2,3.92699,0,0,0,0,0,0,0,0,0,0,0,2,3,2,3.92699,0,0,0,0,0,0,0,0,0,0,1.5708,1.5708,0,1.5708,1.5708,0,-0.0925006,-0.0522604,-0.00057037,-0.195205,-0.110334,0.00207528,1.94789,1.30052,-0.0194708,0.00446282,0.00461915,0.00530415,-0.00484847,-0.00184338,0.012227,1.75578,1.20968,0,0,0,0,0.329635,0.343282,0,0,0,0,0.191723,0.204508,2,1.75578,1.20968,0,0.344544,0.487027,3.7308e-15,0,0,0,0,0,0,0,0,0,0,0,0,0.855775,1.20968,0,0,0,0,0,0,0,0,0,0,0,0,2,0.855775,1.20968,0,1,2,0,0,0,0,0,1.2067,-0.202,2.3838,0,0,0,0,0,0,0,-0,0,1.46282,0,0,0,0,0,0,0,0,0,0,0,0,0,0,0,0,0,0,0,0,0,0,0,0,0,0,0,0,0,0,0,0,0
15.75,-0.112896,-0.0345355,0.00448356,0,0,0,3.19483,2.06537,-2.40439,0.0102105,0.00243538,-0.00136686,0.0181651,-0.000292096,0.00128015,3,2,3.92699,0,0,0,0,0,0,0,0,0,0,0,2,3,2,3.92699,0,0,0,0,0,0,0,0,0,0,1.5708,1.5708,0,1.5708,1.5708,0,-0.0925006,-0.0522604,-0.00057037,-0.195146,-0.110438,0.00207528,1.94789,1.30052,-0.0194708,0.00446282,0.00461915,0.00530415,-0.00484847,-0.00184338,0.012227,1.75578,1.20968,0,0,0,0,0.300284,0.345654,0,0,0,0,0.169579,0.212085,2,1.75578,1.20968,0,0.344544,0.487027,3.7308e-15,0,0,0,0,0,0,0,0,0,0,0,0,0.855775,1.20968,0,0,0,0,0,0,0,0,0,0,0,0,2,0.855775,1.20968,0,1,2,0,0,0,0,0,1.2487,-0.1606,2.4268,0,0,0,0,0,0,0,-0,0,1.46282,0,0,0,0,0,0,0,0,0,0,0,0,0,0,0,0,0,0,0,0,0,0,0,0,0,0,0,0,0,0,0,0,0
15.8,-0.11066,-0.0312362,0.00413569,0,0,0,3.19577,2.06551,-2.40444,0.00943556,0.00144073,-0.000500783,0.00924192,-0.0041642,0.00478751,3,2,3.92699,0,0,0,0,0,0,0,0,0,0,0,2,3,2,3.92699,0,0,0,0,0,0,0,0,0,0,1.5708,1.5708,0,1.5708,1.5708,0,-0.0920335,-0.0516609,0.000670601,-0.184542,-0.104247,0.000666866,1.94832,1.30096,-0.0192498,0.00427456,0.00439055,0.00221011,-0.00444852,-0.00255428,-0.00369569,1.75578,1.20968,0,0,0,0,0.300284,0.345654,0,0,0,0,0.169579,0.212085,2,1.75578,1.20968,0,0.344544,0.487027,3.7308e-15,0,0,0,0,0,0,0,0,0,0,0,0,0.855775,1.20968,0,0,0,0,0,0,0,0,0,0,0,0,2,0.855775,1.20968,0,1,2,0,0,0,0,0,1.2487,-0.1606,2.4268,0,0,0,0,0,0,0,-0,0,1.46311,0,0,0,0,0,0,0,0,0,0,0,0,0,0,0,0,0,0,0,0,0,0,0,0,0,0,0,0,0,0,0,0,0
15.85,-0.11066,-0.0312362,0.00413569,0,0,0,3.19577,2.06551,-2.40444,0.00943556,0.00144073,-0.000500783,0.00924192,-0.0041642,0.00478751,3,2,3.92699,0,0,0,0,0,0,0,0,0,0,0,2,3,2,3.92699,0,0,0,0,0,0,0,0,0,0,1.5708,1.5708,0,1.5708,1.5708,0,-0.0920335,-0.0516609,0.000670601,-0.184519,-0.104288,0.000666866,1.94832,1.30096,-0.0192498,0.00427456,0.00439055,0.00221011,-0.00444852,-0.00255428,-0.00369569,1.75578,1.20968,0,0,0,0,0.316325,0.326509,0,0,0,0,0.183868,0.193409,2,1.75578,1.20968,0,0.344544,0.487027,3.7308e-15,0,0,0,0,0,0,0,0,0,0,0,0,0.855775,1.20968,0,0,0,0,0,0,0,0,0,0,0,0,2,0.855775,1.20968,0,1,2,0,0,0,0,0,1.2487,-0.1606,2.4268,0,0,0,0,0,0,0,-0,0,1.46311,0,0,0,0,0,0,0,0,0,0,0,0,0,0,0,0,0,0,0,0,0,0,0,0,0,0,0,0,0,0,0,0,0
15.9,-0.108807,-0.0314558,0.00360139,0,0,0,3.19665,2.06566,-2.40436,0.00878182,0.00148803,0.000798044,0.0017366,-0.00283402,0.00853929,3,2,3.92699,0,0,0,0,0,0,0,0,0,0,0,2,3,2,3.92699,0,0,0,0,0,0,0,0,0,0,1.5708,1.5708,0,1.5708,1.5708,0,-0.0881006,-0.050892,0.000601864,-0.184519,-0.104288,0.000666866,1.94863,1.30137,-0.0190164,0.00307974,0.00411527,0.00233225,-0.00738736,-0.00272573,-0.00388499,1.75578,1.20968,0,0,0,0,0.316325,0.326509,0,0,0,0,0.183868,0.193409,2,1.75578,1.20968,0,0.344544,0.487027,3.7308e-15,0,0,0,0,0,0,0,0,0,0,0,0,0.855775,1.20968,0,0,0,0,0,0,0,0,0,0,0,0,2,0.855775,1.20968,0,1,2,0,0,0,0,0,1.2487,-0.1606,2.4268,0,0,0,0,0,0,0,-0,0,1.46346,0,0,0,0,0,0,0,0,0,0,0,0,0,0,0,0,0,0,0,0,0,0,0,0,0,0,0,0,0,0,0,0,0
15.95,-0.108807,-0.0314558,0.00360139,0,0,0,3.19665,2.06566,-2.40436,0.00878182,0.00148803,0.000798044,0.0017366,-0.00283402,0.00853929,3,2,3.92699,0,0,0,0,0,0,0,0,0,0,0,2,3,2,3.92699,0,0,0,0,0,0,0,0,0,0,1.5708,1.5708,0,1.5708,1.5708,0,-0.0881006,-0.050892,0.000601864,-0.184495,-0.104331,0.000666866,1.94863,1.30137,-0.0190164,0.00307974,0.00411527,0.00233225,-0.00738736,-0.00272573,-0.00388499,1.75578,1.20968,0,0,0,0,0.301911,0.313342,0,0,0,0,0.18023,0.190939,2,1.75578,1.20968,0,0.344544,0.487027,3.7308e-15,0,0,0,0,0,0,0,0,0,0,0,0,0.855775,1.20968,0,0,0,0,0,0,0,0,0,0,0,0,2,0.855775,1.20968,0,1,2,0,0,0,0,0,1.2072,-0.2037,2.3853,0,0,0,0,0,0,0,-0,0,1.46346,0,0,0,0,0,0,0,0,0,0,0,0,0,0,0,0,0,0,0,0,0,0,0,0,0,0,0,0,0,0,0,0,0
16,-0.108807,-0.0314558,0.00360139,0,0,0,3.19665,2.06566,-2.40436,0.00878182,0.00148803,0.000798044,0.0017366,-0.00283402,0.00853929,3,2,3.92699,0,0,0,0,0,0,0,0,0,0,0,2,3,2,3.92699,0,0,0,0,0,0,0,0,0,0,1.5708,1.5708,0,1.5708,1.5708,0,-0.0881006,-0.050892,0.000601864,-0.184495,-0.104331,0.000666866,1.94863,1.30137,-0.0190164,0.00307974,0.00411527,0.00233225,-0.00738736,-0.00272573,-0.00388499,1.75578,1.20968,0,0,0,0,0.301911,0.313342,0,0,0,0,0.18023,0.190939,2,1.75578,1.20968,0,0.344544,0.487027,3.7308e-15,0,0,0,0,0,0,0,0,0,0,0,0,0.855775,1.20968,0,0,0,0,0,0,0,0,0,0,0,0,2,0.855775,1.20968,0,1,2,0,0,0,0,0,1.2072,-0.2037,2.3853,0,0,0,0,0,0,0,-0,0,1.46346,0,0,0,0,0,0,0,0,0,0,0,0,0,0,0,0,0,0,0,0,0,0,0,0,0,0,0,0,0,0,0,0,0
16.05,-0.102454,-0.0269672,0.0034838,0,0,0,3.19733,2.06568,-2.40426,0.00681835,0.000156295,0.00106603,-0.00784384,-0.00684686,0.00670321,3,2,3.92699,0,0,0,0,0,0,0,0,0,0,0,2,3,2,3.92699,0,0,0,0,0,0,0,0,0,0,1.5708,1.5708,0,1.5708,1.5708,0,-0.0862604,-0.049605,0.000404411,-0.175772,-0.101531,0.00179793,1.94888,1.30174,-0.0187402,0.00250804,0.00369246,0.00276216,-0.00712629,-0.00336098,-0.000647181,1.75578,1.20968,0,0,0,0,0.301911,0.313342,0,0,0,0,0.18023,0.190939,2,1.75578,1.20968,0,0.344544,0.487027,3.7308e-15,0,0,0,0,0,0,0,0,0,0,0,0,0.855775,1.20968,0,0,0,0,0,0,0,0,0,0,0,0,2,0.855775,1.20968,0,1,2,0,0,0,0,0,1.2072,-0.2037,2.3853,0,0,0,0,0,0,0,-0,0,1.46364,0,0,0,0,0,0,0,0,0,0,0,0,0,0,0,0,0,0,0,0,0,0,0,0,0,0,0,0,0,0,0,0,0
16.1,-0.100488,-0.025989,0.00276272,0,0,0,3.19795,2.06566,-2.40398,0.00616247,-0.000131948,0.00278471,-0.00862098,-0.00580567,0.0106444,3,2,3.92699,0,0,0,0,0,0,0,0,0,0,0,2,3,2,3.92699,0,0,0,0,0,0,0,0,0,0,1.5708,1.5708,0,1.5708,1.5708,0,-0.0829619,-0.0478844,0.000315443,-0.175743,-0.10158,0.00179793,1.94903,1.30206,-0.0184483,0.00151863,0.00314844,0.00292228,-0.00819522,-0.00427499,0.000690852,1.75578,1.20968,0,0,0,0,0.293116,0.309412,0,0,0,0,0.173197,0.188463,2,1.75578,1.20968,0,0.344544,0.487027,3.7308e-15,0,0,0,0,0,0,0,0,0,0,0,0,0.855775,1.20968,0,0,0,0,0,0,0,0,0,0,0,0,2,0.855775,1.20968,0,1,2,0,0,0,0,0,1.2072,-0.2037,2.3853,0,0,0,0,0,0,0,-0,0,1.46387,0,0,0,0,0,0,0,0,0,0,0,0,0,0,0,0,0,0,0,0,0,0,0,0,0,0,0,0,0,0,0,0,0
16.15,-0.100488,-0.025989,0.00276272,0,0,0,3.19795,2.06566,-2.40398,0.00616247,-0.000131948,0.00278471,-0.00862098,-0.00580567,0.0106444,3,2,3.92699,0,0,0,0,0,0,0,0,0,0,0,2,3,2,3.92699,0,0,0,0,0,0,0,0,0,0,1.5708,1.5708,0,1.5708,1.5708,0,-0.0829619,-0.0478844,0.000315443,-0.175714,-0.101631,0.00179793,1.94903,1.30206,-0.0184483,0.00151863,0.00314844,0.00292228,-0.00819522,-0.00427499,0.000690852,1.75578,1.20968,0,0,0,0,0.280882,0.298683,0,0,0,0,0.166113,0.18279,2,1.75578,1.20968,0,0.344544,0.487027,3.7308e-15,0,0,0,0,0,0,0,0,0,0,0,0,0.855775,1.20968,0,0,0,0,0,0,0,0,0,0,0,0,2,0.855775,1.20968,0,1,2,0,0,0,0,0,1.2074,-0.2053,2.3856,0,0,0,0,0,0,0,-0,0,1.46387,0,0,0,0,0,0,0,0,0,0,0,0,0,0,0,0,0,0,0,0,0,0,0,0,0,0,0,0,0,0,0,0,0
16.2,-0.0932059,-0.0236008,0.00274561,0,0,0,3.19835,2.06558,-2.4037,0.00395769,-0.000829601,0.00277121,-0.0140759,-0.00613339,0.00687887,3,2,3.92699,0,0,0,0,0,0,0,0,0,0,0,2,3,2,3.92699,0,0,0,0,0,0,0,0,0,0,1.5708,1.5708,0,1.5708,1.5708,0,-0.0820432,-0.0478114,0.000583293,-0.175714,-0.101631,0.00179793,1.94915,1.30237,-0.0182262,0.00123342,0.00309026,0.00221952,-0.00620133,-0.00291472,-0.00220442,1.75578,1.20968,0,0,0,0,0.280882,0.298683,0,0,0,0,0.166113,0.18279,2,1.75578,1.20968,0,0.344544,0.487027,3.7308e-15,0,0,0,0,0,0,0,0,0,0,0,0,0.855775,1.20968,0,0,0,0,0,0,0,0,0,0,0,0,2,0.855775,1.20968,0,1,2,0,0,0,0,0,1.2074,-0.2053,2.3856,0,0,0,0,0,0,0,-0,0,1.46389,0,0,0,0,0,0,0,0,0,0,0,0,0,0,0,0,0,0,0,0,0,0,0,0,0,0,0,0,0,0,0,0,0
16.25,-0.0932059,-0.0236008,0.00274561,0,0,0,3.19835,2.06558,-2.4037,0.00395769,-0.000829601,0.00277121,-0.0140759,-0.00613339,0.00687887,3,2,3.92699,0,0,0,0,0,0,0,0,0,0,0,2,3,2,3.92699,0,0,0,0,0,0,0,0,0,0,1.5708,1.5708,0,1.5708,1.5708,0,-0.0820432,-0.0478114,0.000583293,-0.175691,-0.10167,0.00179793,1.94915,1.30237,-0.0182262,0.00123342,0.00309026,0.00221952,-0.00620133,-0.00291472,-0.00220442,1.75578,1.20968,0,0,0,0,0.281513,0.291658,0,0,0,0,0.169324,0.178828,2,1.75578,1.20968,0,0.344544,0.487027,3.7308e-15,0,0,0,0,0,0,0,0,0,0,0,0,0.855775,1.20968,0,0,0,0,0,0,0,0,0,0,0,0,2,0.855775,1.20968,0,1,2,0,0,0,0,0,1.2074,-0.2053,2.3856,0,0,0,0,0,0,0,-0,0,1.46389,0,0,0,0,0,0,0,0,0,0,0,0,0,0,0,0,0,0,0,0,0,0,0,0,0,0,0,0,0,0,0,0,0
16.3,-0.0913068,-0.0221725,0.00209058,0,0,0,3.19868,2.06546,-2.40327,0.00335503,-0.00123799,0.00429699,-0.0116112,-0.00535679,0.00970882,3,2,3.92699,0,0,0,0,0,0,0,0,0,0,0,2,3,2,3.92699,0,0,0,0,0,0,0,0,0,0,1.5708,1.5708,0,1.5708,1.5708,0,-0.078778,-0.045905,0.00015282,-0.175691,-0.10167,0.00179793,1.94918,1.30262,-0.0179049,0.000268596,0.00249917,0.00321304,-0.00731242,-0.00393682,0.00224728,1.75578,1.20968,0,0,0,0,0.281513,0.291658,0,0,0,0,0.169324,0.178828,2,1.75578,1.20968,0,0.344544,0.487027,3.7308e-15,0,0,0,0,0,0,0,0,0,0,0,0,0.855775,1.20968,0,0,0,0,0,0,0,0,0,0,0,0,2,0.855775,1.20968,0,1,2,0,0,0,0,0,1.2074,-0.2053,2.3856,0,0,0,0,0,0,0,-0,0,1.46396,0,0,0,0,0,0,0,0,0,0,0,0,0,0,0,0,0,0,0,0,0,0,0,0,0,0,0,0,0,0,0,0,0
16.35,-0.0913068,-0.0221725,0.00209058,0,0,0,3.19868,2.06546,-2.40327,0.00335503,-0.00123799,0.00429699,-0.0116112,-0.00535679,0.00970882,3,2,3.92699,0,0,0,0,0,0,0,0,0,0,0,2,3,2,3.92699,0,0,0,0,0,0,0,0,0,0,1.5708,1.5708,0,1.5708,1.5708,0,-0.078778,-0.045905,0.00015282,-0.157169,-0.0915773,0.00122315,1.94918,1.30262,-0.0179049,0.000268596,0.00249917,0.00321304,-0.00731242,-0.00393682,0.00224728,1.75578,1.20968,0,0,0,0,0.264637,0.285821,0,0,0,0,0.157115,0.176962,2,1.75578,1.20968,0,0.344544,0.487027,3.7308e-15,0,0,0,0,0,0,0,0,0,0,0,0,0.855775,1.20968,0,0,0,0,0,0,0,0,0,0,0,0,2,0.855775,1.20968,0,1,2,0,0,0,0,0,1.2071,-0.2073,2.3853,0,0,0,0,0,0,0,-0,0,1.46396,0,0,0,0,0,0,0,0,0,0,0,0,0,0,0,0,0,0,0,0,0,0,0,0,0,0,0,0,0,0,0,0,0
16.4,-0.0846389,-0.0189411,0.00232756,0,0,0,3.19882,2.06524,-2.40291,0.00136327,-0.00216951,0.00364085,-0.014596,-0.00683375,0.00359255,3,2,3.92699,0,0,0,0,0,0,0,0,0,0,0,2,3,2,3.92699,0,0,0,0,0,0,0,0,0,0,1.5708,1.5708,0,1.5708,1.5708,0,-0.0779499,-0.0453471,0.000817869,-0.157169,-0.0915773,0.00122315,1.94918,1.30285,-0.0177503,2.44314e-05,0.00230754,0.00154765,-0.00551685,-0.0032673,-0.0047014,1.75578,1.20968,0,0,0,0,0.264637,0.285821,0,0,0,0,0.157115,0.176962,2,1.75578,1.20968,0,0.344544,0.487027,3.7308e-15,0,0,0,0,0,0,0,0,0,0,0,0,0.855775,1.20968,0,0,0,0,0,0,0,0,0,0,0,0,2,0.855775,1.20968,0,1,2,0,0,0,0,0,1.2071,-0.2073,2.3853,0,0,0,0,0,0,0,-0,0,1.46384,0,0,0,0,0,0,0,0,0,0,0,0,0,0,0,0,0,0,0,0,0,0,0,0,0,0,0,0,0,0,0,0,0
16.45,-0.0846389,-0.0189411,0.00232756,0,0,0,3.19882,2.06524,-2.40291,0.00136327,-0.00216951,0.00364085,-0.014596,-0.00683375,0.00359255,3,2,3.92699,0,0,0,0,0,0,0,0,0,0,0,2,3,2,3.92699,0,0,0,0,0,0,0,0,0,0,1.5708,1.5708,0,1.5708,1.5708,0,-0.0779499,-0.0453471,0.000817869,-0.157155,-0.0916016,0.00122315,1.94918,1.30285,-0.0177503,2.44314e-05,0.00230754,0.00154765,-0.00551685,-0.0032673,-0.0047014,1.75578,1.20968,0,0,0,0,0.271284,0.273464,0,0,0,0,0.163968,0.16601,2,1.75578,1.20968,0,0.344544,0.487027,3.7308e-15,0,0,0,0,0,0,0,0,0,0,0,0,0.855775,1.20968,0,0,0,0,0,0,0,0,0,0,0,0,2,0.855775,1.20968,0,1,2,0,0,0,0,0,1.2071,-0.2073,2.3853,0,0,0,0,0,0,0,-0,0,1.46384,0,0,0,0,0,0,0,0,0,0,0,0,0,0,0,0,0,0,0,0,0,0,0,0,0,0,0,0,0,0,0,0,0
16.5,-0.0827896,-0.0194169,0.0016415,0,0,0,3.1989,2.06504,-2.40239,0.00080576,-0.00200463,0.00522437,-0.0113955,-0.00364867,0.00766234,3,2,3.92699,0,0,0,0,0,0,0,0,0,0,0,2,3,2,3.92699,0,0,0,0,0,0,0,0,0,0,1.5708,1.5708,0,1.5708,1.5708,0,-0.0752077,-0.0439337,0.000391015,-0.157155,-0.0916016,0.00122315,1.9491,1.30303,-0.0174957,-0.000774019,0.00186912,0.00254565,-0.00626042,-0.0036198,0.000225732,1.75578,1.20968,0,0,0,0,0.271284,0.273464,0,0,0,0,0.163968,0.16601,2,1.75578,1.20968,0,0.344544,0.487027,3.7308e-15,0,0,0,0,0,0,0,0,0,0,0,0,0.855775,1.20968,0,0,0,0,0,0,0,0,0,0,0,0,2,0.855775,1.20968,0,1,2,0,0,0,0,0,1.2071,-0.2073,2.3853,0,0,0,0,0,0,0,-0,0,1.46378,0,0,0,0,0,0,0,0,0,0,0,0,0,0,0,0,0,0,0,0,0,0,0,0,0,0,0,0,0,0,0,0,0
16.55,-0.0827896,-0.0194169,0.0016415,0,0,0,3.1989,2.06504,-2.40239,0.00080576,-0.00200463,0.00522437,-0.0113955,-0.00364867,0.00766234,3,2,3.92699,0,0,0,0,0,0,0,0,0,0,0,2,3,2,3.92699,0,0,0,0,0,0,0,0,0,0,1.5708,1.5708,0,1.5708,1.5708,0,-0.0752077,-0.0439337,0.000391015,-0.157132,-0.0916416,0.00122315,1.9491,1.30303,-0.0174957,-0.000774019,0.00186912,0.00254565,-0.00626042,-0.0036198,0.000225732,1.75578,1.20968,0,0,0,0,0.256135,0.269498,0,0,0,0,0.153492,0.166011,2,1.75578,1.20968,0,0.344544,0.487027,3.7308e-15,0,0,0,0,0,0,0,0,0,0,0,0,0.855775,1.20968,0,0,0,0,0,0,0,0,0,0,0,0,2,0.855775,1.20968,0,1,2,0,0,0,0,0,1.2344,-0.1815,2.4127,0,0,0,0,0,0,0,-0,0,1.46378,0,0,0,0,0,0,0,0,0,0,0,0,0,0,0,0,0,0,0,0,0,0,0,0,0,0,0,0,0,0,0,0,0
16.6,-0.0764674,-0.017527,0.00191927,0,0,0,3.19879,2.06479,-2.40194,-0.00105476,-0.00253434,0.00445156,-0.0138446,-0.00387478,0.00206126,3,2,3.92699,0,0,0,0,0,0,0,0,0,0,0,2,3,2,3.92699,0,0,0,0,0,0,0,0,0,0,1.5708,1.5708,0,1.5708,1.5708,0,-0.0741323,-0.0431194,0.000126745,-0.157132,-0.0916416,0.00122315,1.949,1.30319,-0.0171825,-0.00107795,0.00161021,0.00313233,-0.0050743,-0.00325751,0.00314551,1.75578,1.20968,0,0,0,0,0.256135,0.269498,0,0,0,0,0.153492,0.166011,2,1.75578,1.20968,0,0.344544,0.487027,3.7308e-15,0,0,0,0,0,0,0,0,0,0,0,0,0.855775,1.20968,0,0,0,0,0,0,0,0,0,0,0,0,2,0.855775,1.20968,0,1,2,0,0,0,0,0,1.2344,-0.1815,2.4127,0,0,0,0,0,0,0,-0,0,1.46356,0,0,0,0,0,0,0,0,0,0,0,0,0,0,0,0,0,0,0,0,0,0,0,0,0,0,0,0,0,0,0,0,0
16.65,-0.0764674,-0.017527,0.00191927,0,0,0,3.19879,2.06479,-2.40194,-0.00105476,-0.00253434,0.00445156,-0.0138446,-0.00387478,0.00206126,3,2,3.92699,0,0,0,0,0,0,0,0,0,0,0,2,3,2,3.92699,0,0,0,0,0,0,0,0,0,0,1.5708,1.5708,0,1.5708,1.5708,0,-0.0741323,-0.0431194,0.000126745,-0.1479,-0.0860202,0.00113286,1.949,1.30319,-0.0171825,-0.00107795,0.00161021,0.00313233,-0.0050743,-0.00325751,0.00314551,1.75578,1.20968,0,0,0,0,0.248933,0.2693,0,0,0,0,0.147183,0.166263,2,1.75578,1.20968,0,0.344544,0.487027,3.7308e-15,0,0,0,0,0,0,0,0,0,0,0,0,0.855775,1.20968,0,0,0,0,0,0,0,0,0,0,0,0,2,0.855775,1.20968,0,1,2,0,0,0,0,0,1.2344,-0.1815,2.4127,0,0,0,0,0,0,0,-0,0,1.46356,0,0,0,0,0,0,0,0,0,0,0,0,0,0,0,0,0,0,0,0,0,0,0,0,0,0,0,0,0,0,0,0,0
16.7,-0.0750745,-0.0159166,0.00147207,0,0,0,3.19865,2.06449,-2.4014,-0.00145014,-0.00297596,0.00544288,-0.0102243,-0.00412195,0.0044409,3,2,3.92699,0,0,0,0,0,0,0,0,0,0,0,2,3,2,3.92699,0,0,0,0,0,0,0,0,0,0,1.5708,1.5708,0,1.5708,1.5708,0,-0.0714052,-0.0417788,0.000152433,-0.1479,-0.0860202,0.00113286,1.94881,1.30331,-0.0168816,-0.00185906,0.00120113,0.00300889,-0.00600747,-0.00354142,0.00179088,1.75578,1.20968,0,0,0,0,0.248933,0.2693,0,0,0,0,0.147183,0.166263,2,1.75578,1.20968,0,0.344544,0.487027,3.7308e-15,0,0,0,0,0,0,0,0,0,0,0,0,0.855775,1.20968,0,0,0,0,0,0,0,0,0,0,0,0,2,0.855775,1.20968,0,1,2,0,0,0,0,0,1.2344,-0.1815,2.4127,0,0,0,0,0,0,0,-0,0,1.46338,0,0,0,0,0,0,0,0,0,0,0,0,0,0,0,0,0,0,0,0,0,0,0,0,0,0,0,0,0,0,0,0,0
16.75,-0.0750745,-0.0159166,0.00147207,0,0,0,3.19865,2.06449,-2.4014,-0.00145014,-0.00297596,0.00544288,-0.0102243,-0.00412195,0.0044409,3,2,3.92699,0,0,0,0,0,0,0,0,0,0,0,2,3,2,3.92699,0,0,0,0,0,0,0,0,0,0,1.5708,1.5708,0,1.5708,1.5708,0,-0.0714052,-0.0417788,0.000152433,-0.147875,-0.0860647,0.00113286,1.94881,1.30331,-0.0168816,-0.00185906,0.00120113,0.00300889,-0.00600747,-0.00354142,0.00179088,1.75578,1.20968,0,0,0,0,0.240189,0.259042,0,0,0,0,0.14292,0.160581,2,1.75578,1.20968,0,0.344544,0.487027,3.7308e-15,0,0,0,0,0,0,0,0,0,0,0,0,0.855775,1.20968,0,0,0,0,0,0,0,0,0,0,0,0,2,0.855775,1.20968,0,1,2,0,0,0,0,0,1.2058,-0.2113,2.3845,0,0,0,0,0,0,0,-0,0,1.46338,0,0,0,0,0,0,0,0,0,0,0,0,0,0,0,0,0,0,0,0,0,0,0,0,0,0,0,0,0,0,0,0,0
16.8,-0.0690109,-0.0140524,0.00176147,0,0,0,3.19833,2.06414,-2.40093,-0.00320834,-0.00348668,0.00463771,-0.0126739,-0.0045482,-0.000230396,3,2,3.92699,0,0,0,0,0,0,0,0,0,0,0,2,3,2,3.92699,0,0,0,0,0,0,0,0,0,0,1.5708,1.5708,0,1.5708,1.5708,0,-0.0702347,-0.0401583,0.000595357,-0.147875,-0.0860647,0.00113286,1.94859,1.30339,-0.0166934,-0.00217796,0.000715406,0.00188266,-0.00500709,-0.00410605,-0.00360911,1.75578,1.20968,0,0,0,0,0.240189,0.259042,0,0,0,0,0.14292,0.160581,2,1.75578,1.20968,0,0.344544,0.487027,3.7308e-15,0,0,0,0,0,0,0,0,0,0,0,0,0.855775,1.20968,0,0,0,0,0,0,0,0,0,0,0,0,2,0.855775,1.20968,0,1,2,0,0,0,0,0,1.2058,-0.2113,2.3845,0,0,0,0,0,0,0,-0,0,1.46307,0,0,0,0,0,0,0,0,0,0,0,0,0,0,0,0,0,0,0,0,0,0,0,0,0,0,0,0,0,0,0,0,0
16.85,-0.0690109,-0.0140524,0.00176147,0,0,0,3.19833,2.06414,-2.40093,-0.00320834,-0.00348668,0.00463771,-0.0126739,-0.0045482,-0.000230396,3,2,3.92699,0,0,0,0,0,0,0,0,0,0,0,2,3,2,3.92699,0,0,0,0,0,0,0,0,0,0,1.5708,1.5708,0,1.5708,1.5708,0,-0.0702347,-0.0401583,0.000595357,-0.147858,-0.0860925,0.00113286,1.94859,1.30339,-0.0166934,-0.00217796,0.000715406,0.00188266,-0.00500709,-0.00410605,-0.00360911,1.75578,1.20968,0,0,0,0,0.242779,0.248425,0,0,0,0,0.143272,0.148562,2,1.75578,1.20968,0,0.344544,0.487027,3.7308e-15,0,0,0,0,0,0,0,0,0,0,0,0,0.855775,1.20968,0,0,0,0,0,0,0,0,0,0,0,0,2,0.855775,1.20968,0,1,2,0,0,0,0,0,1.2058,-0.2113,2.3845,0,0,0,0,0,0,0,-0,0,1.46307,0,0,0,0,0,0,0,0,0,0,0,0,0,0,0,0,0,0,0,0,0,0,0,0,0,0,0,0,0,0,0,0,0
16.9,-0.0676709,-0.0150689,0.00125453,0,0,0,3.19797,2.06383,-2.40036,-0.00356283,-0.00314798,0.00576948,-0.00935979,-0.00143797,0.00375656,3,2,3.92699,0,0,0,0,0,0,0,0,0,0,0,2,3,2,3.92699,0,0,0,0,0,0,0,0,0,0,1.5708,1.5708,0,1.5708,1.5708,0,-0.0674095,-0.0396911,0.00033391,-0.147858,-0.0860925,0.00113286,1.94829,1.30344,-0.0164457,-0.00297472,0.000571029,0.00247554,-0.00605656,-0.00311771,-0.00052647,1.75578,1.20968,0,0,0,0,0.242779,0.248425,0,0,0,0,0.143272,0.148562,2,1.75578,1.20968,0,0.344544,0.487027,3.7308e-15,0,0,0,0,0,0,0,0,0,0,0,0,0.855775,1.20968,0,0,0,0,0,0,0,0,0,0,0,0,2,0.855775,1.20968,0,1,2,0,0,0,0,0,1.2058,-0.2113,2.3845,0,0,0,0,0,0,0,-0,0,1.46283,0,0,0,0,0,0,0,0,0,0,0,0,0,0,0,0,0,0,0,0,0,0,0,0,0,0,0,0,0,0,0,0,0
16.95,-0.0676709,-0.0150689,0.00125453,0,0,0,3.19797,2.06383,-2.40036,-0.00356283,-0.00314798,0.00576948,-0.00935979,-0.00143797,0.00375656,3,2,3.92699,0,0,0,0,0,0,0,0,0,0,0,2,3,2,3.92699,0,0,0,0,0,0,0,0,0,0,1.5708,1.5708,0,1.5708,1.5708,0,-0.0674095,-0.0396911,0.00033391,-0.134484,-0.0791803,0.00125451,1.94829,1.30344,-0.0164457,-0.00297472,0.000571029,0.00247554,-0.00605656,-0.00311771,-0.00052647,1.75578,1.20968,0,0,0,0,0.229418,0.241958,0,0,0,0,0.138164,0.149911,2,1.75578,1.20968,0,0.344544,0.487027,3.7308e-15,0,0,0,0,0,0,0,0,0,0,0,0,0.855775,1.20968,0,0,0,0,0,0,0,0,0,0,0,0,2,0.855775,1.20968,0,1,2,0,0,0,0,0,1.1176,-0.3006,2.2966,0,0,0,0,0,0,0,-0,0,1.46283,0,0,0,0,0,0,0,0,0,0,0,0,0,0,0,0,0,0,0,0,0,0,0,0,0,0,0,0,0,0,0,0,0
17,-0.0621914,-0.0117101,0.00153231,0,0,0,3.19746,2.06342,-2.39986,-0.00512517,-0.00409427,0.00498596,-0.0114062,-0.00421639,-0.000347699,3,2,3.92699,0,0,0,0,0,0,0,0,0,0,0,2,3,2,3.92699,0,0,0,0,0,0,0,0,0,0,1.5708,1.5708,0,1.5708,1.5708,0,-0.0669265,-0.0381509,0.000534366,-0.134484,-0.0791803,0.00125451,1.94799,1.30346,-0.0162514,-0.00308047,0.000116037,0.00194397,-0.00419498,-0.0035575,-0.00202815,1.75578,1.20968,0,0,0,0,0.229418,0.241958,0,0,0,0,0.138164,0.149911,2,1.75578,1.20968,0,0.344544,0.487027,3.7308e-15,0,0,0,0,0,0,0,0,0,0,0,0,0.855775,1.20968,0,0,0,0,0,0,0,0,0,0,0,0,2,0.855775,1.20968,0,1,2,0,0,0,0,0,1.1176,-0.3006,2.2966,0,0,0,0,0,0,0,-0,0,1.46244,0,0,0,0,0,0,0,0,0,0,0,0,0,0,0,0,0,0,0,0,0,0,0,0,0,0,0,0,0,0,0,0,0
17.05,-0.0621914,-0.0117101,0.00153231,0,0,0,3.19746,2.06342,-2.39986,-0.00512517,-0.00409427,0.00498596,-0.0114062,-0.00421639,-0.000347699,3,2,3.92699,0,0,0,0,0,0,0,0,0,0,0,2,3,2,3.92699,0,0,0,0,0,0,0,0,0,0,1.5708,1.5708,0,1.5708,1.5708,0,-0.0669265,-0.0381509,0.000534366,-0.134469,-0.0792064,0.00125451,1.94799,1.30346,-0.0162514,-0.00308047,0.000116037,0.00194397,-0.00419498,-0.0035575,-0.00202815,1.75578,1.20968,0,0,0,0,0.230976,0.237227,0,0,0,0,0.135602,0.141459,2,1.75578,1.20968,0,0.344544,0.487027,3.7308e-15,0,0,0,0,0,0,0,0,0,0,0,0,0.855775,1.20968,0,0,0,0,0,0,0,0,0,0,0,0,2,0.855775,1.20968,0,1,2,0,0,0,0,0,1.1176,-0.3006,2.2966,0,0,0,0,0,0,0,-0,0,1.46244,0,0,0,0,0,0,0,0,0,0,0,0,0,0,0,0,0,0,0,0,0,0,0,0,0,0,0,0,0,0,0,0,0
17.1,-0.0607083,-0.0126606,0.00129291,0,0,0,3.19691,2.06304,-2.39931,-0.00549899,-0.00376773,0.00546549,-0.00863006,-0.00161128,0.00116218,3,2,3.92699,0,0,0,0,0,0,0,0,0,0,0,2,3,2,3.92699,0,0,0,0,0,0,0,0,0,0,1.5708,1.5708,0,1.5708,1.5708,0,-0.0642986,-0.0372451,0.000376266,-0.134469,-0.0792064,0.00125451,1.94761,1.30344,-0.0160228,-0.00380926,-0.000148952,0.00228668,-0.00518534,-0.00325426,-4.77031e-05,1.75578,1.20968,0,0,0,0,0.230976,0.237227,0,0,0,0,0.135602,0.141459,2,1.75578,1.20968,0,0.344544,0.487027,3.7308e-15,0,0,0,0,0,0,0,0,0,0,0,0,0.855775,1.20968,0,0,0,0,0,0,0,0,0,0,0,0,2,0.855775,1.20968,0,1,2,0,0,0,0,0,1.1176,-0.3006,2.2966,0,0,0,0,0,0,0,-0,0,1.46211,0,0,0,0,0,0,0,0,0,0,0,0,0,0,0,0,0,0,0,0,0,0,0,0,0,0,0,0,0,0,0,0,0
17.15,-0.0607083,-0.0126606,0.00129291,0,0,0,3.19691,2.06304,-2.39931,-0.00549899,-0.00376773,0.00546549,-0.00863006,-0.00161128,0.00116218,3,2,3.92699,0,0,0,0,0,0,0,0,0,0,0,2,3,2,3.92699,0,0,0,0,0,0,0,0,0,0,1.5708,1.5708,0,1.5708,1.5708,0,-0.0642986,-0.0372451,0.000376266,-0.13445,-0.0792372,0.00125451,1.94761,1.30344,-0.0160228,-0.00380926,-0.000148952,0.00228668,-0.00518534,-0.00325426,-4.77031e-05,1.75578,1.20968,0,0,0,0,0.219861,0.229948,0,0,0,0,0.130403,0.139853,2,1.75578,1.20968,0,0.344544,0.487027,3.7308e-15,0,0,0,0,0,0,0,0,0,0,0,0,0.855775,1.20968,0,0,0,0,0,0,0,0,0,0,0,0,2,0.855775,1.20968,0,1,2,0,0,0,0,0,1.2039,-0.215,2.3833,0,0,0,0,0,0,0,-0,0,1.46211,0,0,0,0,0,0,0,0,0,0,0,0,0,0,0,0,0,0,0,0,0,0,0,0,0,0,0,0,0,0,0,0,0
17.2,-0.0555522,-0.0096111,0.0015386,0,0,0,3.19621,2.06258,-2.39883,-0.00694372,-0.00461614,0.00476527,-0.0105817,-0.00400687,-0.00189309,3,2,3.92699,0,0,0,0,0,0,0,0,0,0,0,2,3,2,3.92699,0,0,0,0,0,0,0,0,0,0,1.5708,1.5708,0,1.5708,1.5708,0,-0.0626555,-0.0364725,0.000343246,-0.13445,-0.0792372,0.00125451,1.94718,1.3034,-0.0157905,-0.00424283,-0.000372071,0.00232128,-0.00498215,-0.0028045,0.000379085,1.75578,1.20968,0,0,0,0,0.219861,0.229948,0,0,0,0,0.130403,0.139853,2,1.75578,1.20968,0,0.344544,0.487027,3.7308e-15,0,0,0,0,0,0,0,0,0,0,0,0,0.855775,1.20968,0,0,0,0,0,0,0,0,0,0,0,0,2,0.855775,1.20968,0,1,2,0,0,0,0,0,1.2039,-0.215,2.3833,0,0,0,0,0,0,0,-0,0,1.46165,0,0,0,0,0,0,0,0,0,0,0,0,0,0,0,0,0,0,0,0,0,0,0,0,0,0,0,0,0,0,0,0,0
17.25,-0.0555522,-0.0096111,0.0015386,0,0,0,3.19621,2.06258,-2.39883,-0.00694372,-0.00461614,0.00476527,-0.0105817,-0.00400687,-0.00189309,3,2,3.92699,0,0,0,0,0,0,0,0,0,0,0,2,3,2,3.92699,0,0,0,0,0,0,0,0,0,0,1.5708,1.5708,0,1.5708,1.5708,0,-0.0626555,-0.0364725,0.000343246,-0.125,-0.0727599,0.001195,1.94718,1.3034,-0.0157905,-0.00424283,-0.000372071,0.00232128,-0.00498215,-0.0028045,0.000379085,1.75578,1.20968,0,0,0,0,0.213901,0.224454,0,0,0,0,0.127313,0.137199,2,1.75578,1.20968,0,0.344544,0.487027,3.7308e-15,0,0,0,0,0,0,0,0,0,0,0,0,0.855775,1.20968,0,0,0,0,0,0,0,0,0,0,0,0,2,0.855775,1.20968,0,1,2,0,0,0,0,0,1.2039,-0.215,2.3833,0,0,0,0,0,0,0,-0,0,1.46165,0,0,0,0,0,0,0,0,0,0,0,0,0,0,0,0,0,0,0,0,0,0,0,0,0,0,0,0,0,0,0,0,0
17.3,-0.0539955,-0.0100588,0.00119705,0,0,0,3.19548,2.06214,-2.39829,-0.0073177,-0.00443068,0.0054956,-0.00809415,-0.00197719,0.00135544,3,2,3.92699,0,0,0,0,0,0,0,0,0,0,0,2,3,2,3.92699,0,0,0,0,0,0,0,0,0,0,1.5708,1.5708,0,1.5708,1.5708,0,-0.0603708,-0.0348281,0.000367905,-0.125,-0.0727599,0.001195,1.9467,1.30332,-0.015569,-0.00485812,-0.000846324,0.00221628,-0.0054113,-0.00351696,-0.000140188,1.75578,1.20968,0,0,0,0,0.213901,0.224454,0,0,0,0,0.127313,0.137199,2,1.75578,1.20968,0,0.344544,0.487027,3.7308e-15,0,0,0,0,0,0,0,0,0,0,0,0,0.855775,1.20968,0,0,0,0,0,0,0,0,0,0,0,0,2,0.855775,1.20968,0,1,2,0,0,0,0,0,1.2039,-0.215,2.3833,0,0,0,0,0,0,0,-0,0,1.46126,0,0,0,0,0,0,0,0,0,0,0,0,0,0,0,0,0,0,0,0,0,0,0,0,0,0,0,0,0,0,0,0,0
17.35,-0.0539955,-0.0100588,0.00119705,0,0,0,3.19548,2.06214,-2.39829,-0.0073177,-0.00443068,0.0054956,-0.00809415,-0.00197719,0.00135544,3,2,3.92699,0,0,0,0,0,0,0,0,0,0,0,2,3,2,3.92699,0,0,0,0,0,0,0,0,0,0,1.5708,1.5708,0,1.5708,1.5708,0,-0.0603708,-0.0348281,0.000367905,-0.124984,-0.0727876,0.001195,1.9467,1.30332,-0.015569,-0.00485812,-0.000846324,0.00221628,-0.0054113,-0.00351696,-0.000140188,1.75578,1.20968,0,0,0,0,0.206733,0.215729,0,0,0,0,0.122063,0.130491,2,1.75578,1.20968,0,0.344544,0.487027,3.7308e-15,0,0,0,0,0,0,0,0,0,0,0,0,0.855775,1.20968,0,0,0,0,0,0,0,0,0,0,0,0,2,0.855775,1.20968,0,1,2,0,0,0,0,0,1.2027,-0.2166,2.3827,0,0,0,0,0,0,0,-0,0,1.46126,0,0,0,0,0,0,0,0,0,0,0,0,0,0,0,0,0,0,0,0,0,0,0,0,0,0,0,0,0,0,0,0,0
17.4,-0.048961,-0.00780364,0.0012483,0,0,0,3.19461,2.06163,-2.39776,-0.00870545,-0.00503871,0.00526392,-0.0100843,-0.00335185,0.000339233,3,2,3.92699,0,0,0,0,0,0,0,0,0,0,0,2,3,2,3.92699,0,0,0,0,0,0,0,0,0,0,1.5708,1.5708,0,1.5708,1.5708,0,-0.0596931,-0.0339149,0.000107274,-0.124984,-0.0727876,0.001195,1.9462,1.30321,-0.0152889,-0.00499843,-0.00110222,0.00280065,-0.00387813,-0.00323221,0.00218552,1.75578,1.20968,0,0,0,0,0.206733,0.215729,0,0,0,0,0.122063,0.130491,2,1.75578,1.20968,0,0.344544,0.487027,3.7308e-15,0,0,0,0,0,0,0,0,0,0,0,0,0.855775,1.20968,0,0,0,0,0,0,0,0,0,0,0,0,2,0.855775,1.20968,0,1,2,0,0,0,0,0,1.2027,-0.2166,2.3827,0,0,0,0,0,0,0,-0,0,1.46074,0,0,0,0,0,0,0,0,0,0,0,0,0,0,0,0,0,0,0,0,0,0,0,0,0,0,0,0,0,0,0,0,0
17.45,-0.048961,-0.00780364,0.0012483,0,0,0,3.19461,2.06163,-2.39776,-0.00870545,-0.00503871,0.00526392,-0.0100843,-0.00335185,0.000339233,3,2,3.92699,0,0,0,0,0,0,0,0,0,0,0,2,3,2,3.92699,0,0,0,0,0,0,0,0,0,0,1.5708,1.5708,0,1.5708,1.5708,0,-0.0596931,-0.0339149,0.000107274,-0.124963,-0.0728226,0.001195,1.9462,1.30321,-0.0152889,-0.00499843,-0.00110222,0.00280065,-0.00387813,-0.00323221,0.00218552,1.75578,1.20968,0,0,0,0,0.200972,0.216869,0,0,0,0,0.115505,0.130399,2,1.75578,1.20968,0,0.344544,0.487027,3.7308e-15,0,0,0,0,0,0,0,0,0,0,0,0,0.855775,1.20968,0,0,0,0,0,0,0,0,0,0,0,0,2,0.855775,1.20968,0,1,2,0,0,0,0,0,1.2027,-0.2166,2.3827,0,0,0,0,0,0,0,-0,0,1.46074,0,0,0,0,0,0,0,0,0,0,0,0,0,0,0,0,0,0,0,0,0,0,0,0,0,0,0,0,0,0,0,0,0
17.5,-0.0471435,-0.00689106,0.000964999,0,0,0,3.1937,2.06111,-2.39718,-0.00913503,-0.00524654,0.00584393,-0.00802995,-0.00302245,0.00237611,3,2,3.92699,0,0,0,0,0,0,0,0,0,0,0,2,3,2,3.92699,0,0,0,0,0,0,0,0,0,0,1.5708,1.5708,0,1.5708,1.5708,0,-0.0566129,-0.0324881,0.00040346,-0.119088,-0.067655,0.000909399,1.94561,1.30306,-0.0150858,-0.00583641,-0.0015046,0.00203205,-0.0054625,-0.00350871,-0.00144736,1.75578,1.20968,0,0,0,0,0.200972,0.216869,0,0,0,0,0.115505,0.130399,2,1.75578,1.20968,0,0.344544,0.487027,3.7308e-15,0,0,0,0,0,0,0,0,0,0,0,0,0.855775,1.20968,0,0,0,0,0,0,0,0,0,0,0,0,2,0.855775,1.20968,0,1,2,0,0,0,0,0,1.2027,-0.2166,2.3827,0,0,0,0,0,0,0,-0,0,1.46026,0,0,0,0,0,0,0,0,0,0,0,0,0,0,0,0,0,0,0,0,0,0,0,0,0,0,0,0,0,0,0,0,0
17.55,-0.0471435,-0.00689106,0.000964999,0,0,0,3.1937,2.06111,-2.39718,-0.00913503,-0.00524654,0.00584393,-0.00802995,-0.00302245,0.00237611,3,2,3.92699,0,0,0,0,0,0,0,0,0,0,0,2,3,2,3.92699,0,0,0,0,0,0,0,0,0,0,1.5708,1.5708,0,1.5708,1.5708,0,-0.0566129,-0.0324881,0.00040346,-0.119074,-0.0676792,0.000909399,1.94561,1.30306,-0.0150858,-0.00583641,-0.0015046,0.00203205,-0.0054625,-0.00350871,-0.00144736,1.75578,1.20968,0,0,0,0,0.194792,0.201508,0,0,0,0,0.114569,0.12086,2,1.75578,1.20968,0,0.344544,0.487027,3.7308e-15,0,0,0,0,0,0,0,0,0,0,0,0,0.855775,1.20968,0,0,0,0,0,0,0,0,0,0,0,0,2,0.855775,1.20968,0,1,2,0,0,0,0,0,1.1802,-0.2395,2.3608,0,0,0,0,0,0,0,-0,0,1.46026,0,0,0,0,0,0,0,0,0,0,0,0,0,0,0,0,0,0,0,0,0,0,0,0,0,0,0,0,0,0,0,0,0
17.6,-0.0429432,-0.00651588,0.001241,0,0,0,3.19267,2.06058,-2.39667,-0.0102571,-0.00529454,0.00506318,-0.00904132,-0.00197018,-0.00140831,3,2,3.92699,0,0,0,0,0,0,0,0,0,0,0,2,3,2,3.92699,0,0,0,0,0,0,0,0,0,0,1.5708,1.5708,0,1.5708,1.5708,0,-0.0558662,-0.0322211,0.000257497,-0.119074,-0.0676792,0.000909399,1.94501,1.3029,-0.0148514,-0.00598534,-0.00156468,0.00234378,-0.00409853,-0.00238665,-0.000111929,1.75578,1.20968,0,0,0,0,0.194792,0.201508,0,0,0,0,0.114569,0.12086,2,1.75578,1.20968,0,0.344544,0.487027,3.7308e-15,0,0,0,0,0,0,0,0,0,0,0,0,0.855775,1.20968,0,0,0,0,0,0,0,0,0,0,0,0,2,0.855775,1.20968,0,1,2,0,0,0,0,0,1.1802,-0.2395,2.3608,0,0,0,0,0,0,0,-0,0,1.4597,0,0,0,0,0,0,0,0,0,0,0,0,0,0,0,0,0,0,0,0,0,0,0,0,0,0,0,0,0,0,0,0,0
17.65,-0.0429432,-0.00651588,0.001241,0,0,0,3.19267,2.06058,-2.39667,-0.0102571,-0.00529454,0.00506318,-0.00904132,-0.00197018,-0.00140831,3,2,3.92699,0,0,0,0,0,0,0,0,0,0,0,2,3,2,3.92699,0,0,0,0,0,0,0,0,0,0,1.5708,1.5708,0,1.5708,1.5708,0,-0.0558662,-0.0322211,0.000257497,-0.119059,-0.0677071,0.000909399,1.94501,1.3029,-0.0148514,-0.00598534,-0.00156468,0.00234378,-0.00409853,-0.00238665,-0.000111929,1.75578,1.20968,0,0,0,0,0.190233,0.200874,0,0,0,0,0.111699,0.121667,2,1.75578,1.20968,0,0.344544,0.487027,3.7308e-15,0,0,0,0,0,0,0,0,0,0,0,0,0.855775,1.20968,0,0,0,0,0,0,0,0,0,0,0,0,2,0.855775,1.20968,0,1,2,0,0,0,0,0,1.1802,-0.2395,2.3608,0,0,0,0,0,0,0,-0,0,1.4597,0,0,0,0,0,0,0,0,0,0,0,0,0,0,0,0,0,0,0,0,0,0,0,0,0,0,0,0,0,0,0,0,0
17.7,-0.0415697,-0.0062477,0.000927442,0,0,0,3.19162,2.06005,-2.3961,-0.0105383,-0.00531063,0.00572003,-0.00668282,-0.00110155,0.00126377,3,2,3.92699,0,0,0,0,0,0,0,0,0,0,0,2,3,2,3.92699,0,0,0,0,0,0,0,0,0,0,1.5708,1.5708,0,1.5708,1.5708,0,-0.0537172,-0.0308971,0.000109436,-0.119059,-0.0677071,0.000909399,1.94436,1.30271,-0.0145858,-0.00654065,-0.00193169,0.00265443,-0.00449155,-0.00274663,0.00135361,1.75578,1.20968,0,0,0,0,0.190233,0.200874,0,0,0,0,0.111699,0.121667,2,1.75578,1.20968,0,0.344544,0.487027,3.7308e-15,0,0,0,0,0,0,0,0,0,0,0,0,0.855775,1.20968,0,0,0,0,0,0,0,0,0,0,0,0,2,0.855775,1.20968,0,1,2,0,0,0,0,0,1.1802,-0.2395,2.3608,0,0,0,0,0,0,0,-0,0,1.45918,0,0,0,0,0,0,0,0,0,0,0,0,0,0,0,0,0,0,0,0,0,0,0,0,0,0,0,0,0,0,0,0,0
17.75,-0.0415697,-0.0062477,0.000927442,0,0,0,3.19162,2.06005,-2.3961,-0.0105383,-0.00531063,0.00572003,-0.00668282,-0.00110155,0.00126377,3,2,3.92699,0,0,0,0,0,0,0,0,0,0,0,2,3,2,3.92699,0,0,0,0,0,0,0,0,0,0,1.5708,1.5708,0,1.5708,1.5708,0,-0.0537172,-0.0308971,0.000109436,-0.107166,-0.0616351,0.000834707,1.94436,1.30271,-0.0145858,-0.00654065,-0.00193169,0.00265443,-0.00449155,-0.00274663,0.00135361,1.75578,1.20968,0,0,0,0,0.181025,0.195103,0,0,0,0,0.105249,0.118438,2,1.75578,1.20968,0,0.344544,0.487027,3.7308e-15,0,0,0,0,0,0,0,0,0,0,0,0,0.855775,1.20968,0,0,0,0,0,0,0,0,0,0,0,0,2,0.855775,1.20968,0,1,2,0,0,0,0,0,1.13,-0.2897,2.3115,0,0,0,0,0,0,0,-0,0,1.45918,0,0,0,0,0,0,0,0,0,0,0,0,0,0,0,0,0,0,0,0,0,0,0,0,0,0,0,0,0,0,0,0,0
17.8,-0.0378953,-0.00457969,0.00112065,0,0,0,3.19047,2.05947,-2.39558,-0.01149,-0.00573644,0.00514152,-0.0074786,-0.00223632,-0.00120045,3,2,3.92699,0,0,0,0,0,0,0,0,0,0,0,2,3,2,3.92699,0,0,0,0,0,0,0,0,0,0,1.5708,1.5708,0,1.5708,1.5708,0,-0.0517138,-0.0297673,0.000353613,-0.107166,-0.0616351,0.000834707,1.94365,1.30248,-0.0143846,-0.00704719,-0.0022379,0.00201401,-0.00476304,-0.00291818,-0.00155201,1.75578,1.20968,0,0,0,0,0.181025,0.195103,0,0,0,0,0.105249,0.118438,2,1.75578,1.20968,0,0.344544,0.487027,3.7308e-15,0,0,0,0,0,0,0,0,0,0,0,0,0.855775,1.20968,0,0,0,0,0,0,0,0,0,0,0,0,2,0.855775,1.20968,0,1,2,0,0,0,0,0,1.13,-0.2897,2.3115,0,0,0,0,0,0,0,-0,0,1.45862,0,0,0,0,0,0,0,0,0,0,0,0,0,0,0,0,0,0,0,0,0,0,0,0,0,0,0,0,0,0,0,0,0
17.85,-0.0378953,-0.00457969,0.00112065,0,0,0,3.19047,2.05947,-2.39558,-0.01149,-0.00573644,0.00514152,-0.0074786,-0.00223632,-0.00120045,3,2,3.92699,0,0,0,0,0,0,0,0,0,0,0,2,3,2,3.92699,0,0,0,0,0,0,0,0,0,0,1.5708,1.5708,0,1.5708,1.5708,0,-0.0517138,-0.0297673,0.000353613,-0.107154,-0.0616567,0.000834707,1.94365,1.30248,-0.0143846,-0.00704719,-0.0022379,0.00201401,-0.00476304,-0.00291818,-0.00155201,1.75578,1.20968,0,0,0,0,0.177784,0.184362,0,0,0,0,0.10464,0.110802,2,1.75578,1.20968,0,0.344544,0.487027,3.7308e-15,0,0,0,0,0,0,0,0,0,0,0,0,0.855775,1.20968,0,0,0,0,0,0,0,0,0,0,0,0,2,0.855775,1.20968,0,1,2,0,0,0,0,0,1.13,-0.2897,2.3115,0,0,0,0,0,0,0,-0,0,1.45862,0,0,0,0,0,0,0,0,0,0,0,0,0,0,0,0,0,0,0,0,0,0,0,0,0,0,0,0,0,0,0,0,0
17.9,-0.0378953,-0.00457969,0.00112065,0,0,0,3.19047,2.05947,-2.39558,-0.01149,-0.00573644,0.00514152,-0.0074786,-0.00223632,-0.00120045,3,2,3.92699,0,0,0,0,0,0,0,0,0,0,0,2,3,2,3.92699,0,0,0,0,0,0,0,0,0,0,1.5708,1.5708,0,1.5708,1.5708,0,-0.0517138,-0.0297673,0.000353613,-0.107154,-0.0616567,0.000834707,1.94365,1.30248,-0.0143846,-0.00704719,-0.0022379,0.00201401,-0.00476304,-0.00291818,-0.00155201,1.75578,1.20968,0,0,0,0,0.177784,0.184362,0,0,0,0,0.10464,0.110802,2,1.75578,1.20968,0,0.344544,0.487027,3.7308e-15,0,0,0,0,0,0,0,0,0,0,0,0,0.855775,1.20968,0,0,0,0,0,0,0,0,0,0,0,0,2,0.855775,1.20968,0,1,2,0,0,0,0,0,1.13,-0.2897,2.3115,0,0,0,0,0,0,0,-0,0,1.45862,0,0,0,0,0,0,0,0,0,0,0,0,0,0,0,0,0,0,0,0,0,0,0,0,0,0,0,0,0,0,0,0,0
17.95,-0.0363921,-0.00422035,0.000937891,0,0,0,3.18929,2.0589,-2.39503,-0.0117947,-0.00577404,0.00548135,-0.00584274,-0.00166006,0.000315685,3,2,3.92699,0,0,0,0,0,0,0,0,0,0,0,2,3,2,3.92699,0,0,0,0,0,0,0,0,0,0,1.5708,1.5708,0,1.5708,1.5708,0,-0.0509265,-0.0288688,0.000179809,-0.107154,-0.0616567,0.000834707,1.94294,1.30224,-0.0141453,-0.00719374,-0.00247319,0.00239318,-0.003499,-0.00272094,0.000194748,1.75578,1.20968,0,0,0,0,0.177784,0.184362,0,0,0,0,0.10464,0.110802,2,1.75578,1.20968,0,0.344544,0.487027,3.7308e-15,0,0,0,0,0,0,0,0,0,0,0,0,0.855775,1.20968,0,0,0,0,0,0,0,0,0,0,0,0,2,0.855775,1.20968,0,1,2,0,0,0,0,0,1.1886,-0.2322,2.37,0,0,0,0,0,0,0,-0,0,1.45806,0,0,0,0,0,0,0,0,0,0,0,0,0,0,0,0,0,0,0,0,0,0,0,0,0,0,0,0,0,0,0,0,0
18,-0.0327314,-0.0038938,0.00102413,0,0,0,3.18802,2.05831,-2.39452,-0.0127272,-0.00580151,0.00516543,-0.00702036,-0.00103196,-0.000864222,3,2,3.92699,0,0,0,0,0,0,0,0,0,0,0,2,3,2,3.92699,0,0,0,0,0,0,0,0,0,0,1.5708,1.5708,0,1.5708,1.5708,0,-0.0484238,-0.0281799,0.000339109,-0.101599,-0.0575899,0.000863799,1.94215,1.30197,-0.0139488,-0.00783777,-0.0026447,0.00196232,-0.00450768,-0.00229366,-0.00136691,1.75578,1.20968,0,0,0,0,0.172845,0.18388,0,0,0,0,0.0992932,0.109632,2,1.75578,1.20968,0,0.344544,0.487027,3.7308e-15,0,0,0,0,0,0,0,0,0,0,0,0,0.855775,1.20968,0,0,0,0,0,0,0,0,0,0,0,0,2,0.855775,1.20968,0,1,2,0,0,0,0,0,1.1886,-0.2322,2.37,0,0,0,0,0,0,0,-0,0,1.45748,0,0,0,0,0,0,0,0,0,0,0,0,0,0,0,0,0,0,0,0,0,0,0,0,0,0,0,0,0,0,0,0,0
18.05,-0.0327314,-0.0038938,0.00102413,0,0,0,3.18802,2.05831,-2.39452,-0.0127272,-0.00580151,0.00516543,-0.00702036,-0.00103196,-0.000864222,3,2,3.92699,0,0,0,0,0,0,0,0,0,0,0,2,3,2,3.92699,0,0,0,0,0,0,0,0,0,0,1.5708,1.5708,0,1.5708,1.5708,0,-0.0484238,-0.0281799,0.000339109,-0.101588,-0.0576099,0.000863799,1.94215,1.30197,-0.0139488,-0.00783777,-0.0026447,0.00196232,-0.00450768,-0.00229366,-0.00136691,1.75578,1.20968,0,0,0,0,0.166203,0.172202,0,0,0,0,0.0988387,0.104457,2,1.75578,1.20968,0,0.344544,0.487027,3.7308e-15,0,0,0,0,0,0,0,0,0,0,0,0,0.855775,1.20968,0,0,0,0,0,0,0,0,0,0,0,0,2,0.855775,1.20968,0,1,2,0,0,0,0,0,1.1886,-0.2322,2.37,0,0,0,0,0,0,0,-0,0,1.45748,0,0,0,0,0,0,0,0,0,0,0,0,0,0,0,0,0,0,0,0,0,0,0,0,0,0,0,0,0,0,0,0,0
18.1,-0.0314304,-0.00307849,0.000958126,0,0,0,3.18672,2.05772,-2.394,-0.0129583,-0.00597193,0.00522323,-0.00523713,-0.00118758,-0.000472638,3,2,3.92699,0,0,0,0,0,0,0,0,0,0,0,2,3,2,3.92699,0,0,0,0,0,0,0,0,0,0,1.5708,1.5708,0,1.5708,1.5708,0,-0.0472333,-0.0266113,-4.92362e-06,-0.101588,-0.0576099,0.000863799,1.94134,1.30167,-0.0136739,-0.00809255,-0.00307031,0.00275269,-0.00382347,-0.00300708,0.00211585,1.75578,1.20968,0,0,0,0,0.166203,0.172202,0,0,0,0,0.0988387,0.104457,2,1.75578,1.20968,0,0.344544,0.487027,3.7308e-15,0,0,0,0,0,0,0,0,0,0,0,0,0.855775,1.20968,0,0,0,0,0,0,0,0,0,0,0,0,2,0.855775,1.20968,0,1,2,0,0,0,0,0,1.1886,-0.2322,2.37,0,0,0,0,0,0,0,-0,0,1.45691,0,0,0,0,0,0,0,0,0,0,0,0,0,0,0,0,0,0,0,0,0,0,0,0,0,0,0,0,0,0,0,0,0
18.15,-0.0314304,-0.00307849,0.000958126,0,0,0,3.18672,2.05772,-2.394,-0.0129583,-0.00597193,0.00522323,-0.00523713,-0.00118758,-0.000472638,3,2,3.92699,0,0,0,0,0,0,0,0,0,0,0,2,3,2,3.92699,0,0,0,0,0,0,0,0,0,0,1.5708,1.5708,0,1.5708,1.5708,0,-0.0472333,-0.0266113,-4.92362e-06,-0.101572,-0.0576378,0.000863799,1.94134,1.30167,-0.0136739,-0.00809255,-0.00307031,0.00275269,-0.00382347,-0.00300708,0.00211585,1.75578,1.20968,0,0,0,0,0.15766,0.172556,0,0,0,0,0.0890356,0.102986,2,1.75578,1.20968,0,0.344544,0.487027,3.7308e-15,0,0,0,0,0,0,0,0,0,0,0,0,0.855775,1.20968,0,0,0,0,0,0,0,0,0,0,0,0,2,0.855775,1.20968,0,1,2,0,0,0,0,0,1.1973,-0.2223,2.3803,0,0,0,0,0,0,0,-0,0,1.45691,0,0,0,0,0,0,0,0,0,0,0,0,0,0,0,0,0,0,0,0,0,0,0,0,0,0,0,0,0,0,0,0,0
18.2,-0.0277575,-0.00193222,0.00104027,0,0,0,3.18534,2.05709,-2.3935,-0.013881,-0.00623717,0.0049224,-0.00664969,-0.00182126,-0.00140899,3,2,3.92699,0,0,0,0,0,0,0,0,0,0,0,2,3,2,3.92699,0,0,0,0,0,0,0,0,0,0,1.5708,1.5708,0,1.5708,1.5708,0,-0.045626,-0.0260576,0.000790608,-0.101572,-0.0576378,0.000863799,1.9405,1.30135,-0.0135957,-0.00846559,-0.00319551,0.00078197,-0.00373111,-0.00241651,-0.00612024,1.75578,1.20968,0,0,0,0,0.15766,0.172556,0,0,0,0,0.0890356,0.102986,2,1.75578,1.20968,0,0.344544,0.487027,3.7308e-15,0,0,0,0,0,0,0,0,0,0,0,0,0.855775,1.20968,0,0,0,0,0,0,0,0,0,0,0,0,2,0.855775,1.20968,0,1,2,0,0,0,0,0,1.1973,-0.2223,2.3803,0,0,0,0,0,0,0,-0,0,1.45629,0,0,0,0,0,0,0,0,0,0,0,0,0,0,0,0,0,0,0,0,0,0,0,0,0,0,0,0,0,0,0,0,0
18.25,-0.0277575,-0.00193222,0.00104027,0,0,0,3.18534,2.05709,-2.3935,-0.013881,-0.00623717,0.0049224,-0.00664969,-0.00182126,-0.00140899,3,2,3.92699,0,0,0,0,0,0,0,0,0,0,0,2,3,2,3.92699,0,0,0,0,0,0,0,0,0,0,1.5708,1.5708,0,1.5708,1.5708,0,-0.045626,-0.0260576,0.000790608,-0.0908256,-0.0518731,0.00140561,1.9405,1.30135,-0.0135957,-0.00846559,-0.00319551,0.00078197,-0.00373111,-0.00241651,-0.00612024,1.75578,1.20968,0,0,0,0,0.163351,0.155629,0,0,0,0,0.0976042,0.0903713,2,1.75578,1.20968,0,0.344544,0.487027,3.7308e-15,0,0,0,0,0,0,0,0,0,0,0,0,0.855775,1.20968,0,0,0,0,0,0,0,0,0,0,0,0,2,0.855775,1.20968,0,1,2,0,0,0,0,0,1.1973,-0.2223,2.3803,0,0,0,0,0,0,0,-0,0,1.45629,0,0,0,0,0,0,0,0,0,0,0,0,0,0,0,0,0,0,0,0,0,0,0,0,0,0,0,0,0,0,0,0,0
18.3,-0.0264668,-0.00213855,0.000948303,0,0,0,3.18393,2.05648,-2.393,-0.0140952,-0.00610322,0.00504744,-0.0050367,-0.000642423,-0.000475001,3,2,3.92699,0,0,0,0,0,0,0,0,0,0,0,2,3,2,3.92699,0,0,0,0,0,0,0,0,0,0,1.5708,1.5708,0,1.5708,1.5708,0,-0.0444722,-0.0250608,0.000162637,-0.0908256,-0.0518731,0.00140561,1.93963,1.301,-0.0133677,-0.00870216,-0.00344817,0.00227953,-0.00317075,-0.00237973,0.0011918,1.75578,1.20968,0,0,0,0,0.163351,0.155629,0,0,0,0,0.0976042,0.0903713,2,1.75578,1.20968,0,0.344544,0.487027,3.7308e-15,0,0,0,0,0,0,0,0,0,0,0,0,0.855775,1.20968,0,0,0,0,0,0,0,0,0,0,0,0,2,0.855775,1.20968,0,1,2,0,0,0,0,0,1.1973,-0.2223,2.3803,0,0,0,0,0,0,0,-0,0,1.45569,0,0,0,0,0,0,0,0,0,0,0,0,0,0,0,0,0,0,0,0,0,0,0,0,0,0,0,0,0,0,0,0,0
18.35,-0.0264668,-0.00213855,0.000948303,0,0,0,3.18393,2.05648,-2.393,-0.0140952,-0.00610322,0.00504744,-0.0050367,-0.000642423,-0.000475001,3,2,3.92699,0,0,0,0,0,0,0,0,0,0,0,2,3,2,3.92699,0,0,0,0,0,0,0,0,0,0,1.5708,1.5708,0,1.5708,1.5708,0,-0.0444722,-0.0250608,0.000162637,-0.0908138,-0.0518938,0.00140561,1.93963,1.301,-0.0133677,-0.00870216,-0.00344817,0.00227953,-0.00317075,-0.00237973,0.0011918,1.75578,1.20968,0,0,0,0,0.150814,0.160157,0,0,0,0,0.085997,0.0947477,2,1.75578,1.20968,0,0.344544,0.487027,3.7308e-15,0,0,0,0,0,0,0,0,0,0,0,0,0.855775,1.20968,0,0,0,0,0,0,0,0,0,0,0,0,2,0.855775,1.20968,0,1,2,0,0,0,0,0,1.1959,-0.2233,2.3796,0,0,0,0,0,0,0,-0,0,1.45569,0,0,0,0,0,0,0,0,0,0,0,0,0,0,0,0,0,0,0,0,0,0,0,0,0,0,0,0,0,0,0,0,0
18.4,-0.023657,-0.00148081,0.000882105,0,0,0,3.18245,2.05586,-2.39249,-0.0147517,-0.00622384,0.00510787,-0.00541143,-0.00070062,7.65835e-05,3,2,3.92699,0,0,0,0,0,0,0,0,0,0,0,2,3,2,3.92699,0,0,0,0,0,0,0,0,0,0,1.5708,1.5708,0,1.5708,1.5708,0,-0.0429343,-0.0246558,0.000686441,-0.0908138,-0.0518938,0.00140561,1.93872,1.30065,-0.0132704,-0.00904777,-0.00352563,0.000972756,-0.00319806,-0.001729,-0.00351928,1.75578,1.20968,0,0,0,0,0.150814,0.160157,0,0,0,0,0.085997,0.0947477,2,1.75578,1.20968,0,0.344544,0.487027,3.7308e-15,0,0,0,0,0,0,0,0,0,0,0,0,0.855775,1.20968,0,0,0,0,0,0,0,0,0,0,0,0,2,0.855775,1.20968,0,1,2,0,0,0,0,0,1.1959,-0.2233,2.3796,0,0,0,0,0,0,0,-0,0,1.45506,0,0,0,0,0,0,0,0,0,0,0,0,0,0,0,0,0,0,0,0,0,0,0,0,0,0,0,0,0,0,0,0,0
18.45,-0.023657,-0.00148081,0.000882105,0,0,0,3.18245,2.05586,-2.39249,-0.0147517,-0.00622384,0.00510787,-0.00541143,-0.00070062,7.65835e-05,3,2,3.92699,0,0,0,0,0,0,0,0,0,0,0,2,3,2,3.92699,0,0,0,0,0,0,0,0,0,0,1.5708,1.5708,0,1.5708,1.5708,0,-0.0429343,-0.0246558,0.000686441,-0.0908087,-0.0519026,0.00140561,1.93872,1.30065,-0.0132704,-0.00904777,-0.00352563,0.000972756,-0.00319806,-0.001729,-0.00351928,1.75578,1.20968,0,0,0,0,0.152907,0.147298,0,0,0,0,0.0914973,0.0862431,2,1.75578,1.20968,0,0.344544,0.487027,3.7308e-15,0,0,0,0,0,0,0,0,0,0,0,0,0.855775,1.20968,0,0,0,0,0,0,0,0,0,0,0,0,2,0.855775,1.20968,0,1,2,0,0,0,0,0,1.1959,-0.2233,2.3796,0,0,0,0,0,0,0,-0,0,1.45506,0,0,0,0,0,0,0,0,0,0,0,0,0,0,0,0,0,0,0,0,0,0,0,0,0,0,0,0,0,0,0,0,0
18.5,-0.0221683,-0.0010366,0.000794153,0,0,0,3.18095,2.05523,-2.39197,-0.0150138,-0.00628058,0.00521969,-0.00433281,-0.000649276,0.000562431,3,2,3.92699,0,0,0,0,0,0,0,0,0,0,0,2,3,2,3.92699,0,0,0,0,0,0,0,0,0,0,1.5708,1.5708,0,1.5708,1.5708,0,-0.0408184,-0.0232276,0.000419227,-0.085467,-0.0490818,0.00126632,1.93777,1.30026,-0.0131107,-0.00955767,-0.00390002,0.00159745,-0.00395256,-0.00244262,-0.00025532,1.75578,1.20968,0,0,0,0,0.152907,0.147298,0,0,0,0,0.0914973,0.0862431,2,1.75578,1.20968,0,0.344544,0.487027,3.7308e-15,0,0,0,0,0,0,0,0,0,0,0,0,0.855775,1.20968,0,0,0,0,0,0,0,0,0,0,0,0,2,0.855775,1.20968,0,1,2,0,0,0,0,0,1.1959,-0.2233,2.3796,0,0,0,0,0,0,0,-0,0,1.45447,0,0,0,0,0,0,0,0,0,0,0,0,0,0,0,0,0,0,0,0,0,0,0,0,0,0,0,0,0,0,0,0,0
18.55,-0.0221683,-0.0010366,0.000794153,0,0,0,3.18095,2.05523,-2.39197,-0.0150138,-0.00628058,0.00521969,-0.00433281,-0.000649276,0.000562431,3,2,3.92699,0,0,0,0,0,0,0,0,0,0,0,2,3,2,3.92699,0,0,0,0,0,0,0,0,0,0,1.5708,1.5708,0,1.5708,1.5708,0,-0.0408184,-0.0232276,0.000419227,-0.0854591,-0.0490955,0.00126632,1.93777,1.30026,-0.0131107,-0.00955767,-0.00390002,0.00159745,-0.00395256,-0.00244262,-0.00025532,1.75578,1.20968,0,0,0,0,0.142171,0.143281,0,0,0,0,0.0831926,0.0842315,2,1.75578,1.20968,0,0.344544,0.487027,3.7308e-15,0,0,0,0,0,0,0,0,0,0,0,0,0.855775,1.20968,0,0,0,0,0,0,0,0,0,0,0,0,2,0.855775,1.20968,0,1,2,0,0,0,0,0,1.1945,-0.2243,2.3788,0,0,0,0,0,0,0,-0,0,1.45447,0,0,0,0,0,0,0,0,0,0,0,0,0,0,0,0,0,0,0,0,0,0,0,0,0,0,0,0,0,0,0,0,0
18.6,-0.0197303,-0.000676348,0.000976689,0,0,0,3.17939,2.0546,-2.3915,-0.0155506,-0.00631201,0.00467669,-0.00463505,-0.000522901,-0.0017544,3,2,3.92699,0,0,0,0,0,0,0,0,0,0,0,2,3,2,3.92699,0,0,0,0,0,0,0,0,0,0,1.5708,1.5708,0,1.5708,1.5708,0,-0.0399994,-0.0220837,0.000120643,-0.0854591,-0.0490955,0.00126632,1.9368,1.29984,-0.0128821,-0.00968402,-0.00418726,0.00228542,-0.00300214,-0.0027199,0.00304105,1.75578,1.20968,0,0,0,0,0.142171,0.143281,0,0,0,0,0.0831926,0.0842315,2,1.75578,1.20968,0,0.344544,0.487027,3.7308e-15,0,0,0,0,0,0,0,0,0,0,0,0,0.855775,1.20968,0,0,0,0,0,0,0,0,0,0,0,0,2,0.855775,1.20968,0,1,2,0,0,0,0,0,1.1945,-0.2243,2.3788,0,0,0,0,0,0,0,-0,0,1.45386,0,0,0,0,0,0,0,0,0,0,0,0,0,0,0,0,0,0,0,0,0,0,0,0,0,0,0,0,0,0,0,0,0
18.65,-0.0197303,-0.000676348,0.000976689,0,0,0,3.17939,2.0546,-2.3915,-0.0155506,-0.00631201,0.00467669,-0.00463505,-0.000522901,-0.0017544,3,2,3.92699,0,0,0,0,0,0,0,0,0,0,0,2,3,2,3.92699,0,0,0,0,0,0,0,0,0,0,1.5708,1.5708,0,1.5708,1.5708,0,-0.0399994,-0.0220837,0.000120643,-0.0854479,-0.049115,0.00126632,1.9368,1.29984,-0.0128821,-0.00968402,-0.00418726,0.00228542,-0.00300214,-0.0027199,0.00304105,1.75578,1.20968,0,0,0,0,0.135439,0.144376,0,0,0,0,0.0754214,0.083791,2,1.75578,1.20968,0,0.344544,0.487027,3.7308e-15,0,0,0,0,0,0,0,0,0,0,0,0,0.855775,1.20968,0,0,0,0,0,0,0,0,0,0,0,0,2,0.855775,1.20968,0,1,2,0,0,0,0,0,1.1945,-0.2243,2.3788,0,0,0,0,0,0,0,-0,0,1.45386,0,0,0,0,0,0,0,0,0,0,0,0,0,0,0,0,0,0,0,0,0,0,0,0,0,0,0,0,0,0,0,0,0
18.7,-0.0183144,0.000127551,0.000687,0,0,0,3.17782,2.05396,-2.39097,-0.015782,-0.00647302,0.00528366,-0.00371604,-0.00092683,0.00104772,3,2,3.92699,0,0,0,0,0,0,0,0,0,0,0,2,3,2,3.92699,0,0,0,0,0,0,0,0,0,0,1.5708,1.5708,0,1.5708,1.5708,0,-0.0383472,-0.0215437,0.00105183,-0.0854479,-0.049115,0.00126632,1.93579,1.29941,-0.0128824,-0.0100515,-0.00429539,-2.96311e-06,-0.00312191,-0.00209423,-0.00687503,1.75578,1.20968,0,0,0,0,0.135439,0.144376,0,0,0,0,0.0754214,0.083791,2,1.75578,1.20968,0,0.344544,0.487027,3.7308e-15,0,0,0,0,0,0,0,0,0,0,0,0,0.855775,1.20968,0,0,0,0,0,0,0,0,0,0,0,0,2,0.855775,1.20968,0,1,2,0,0,0,0,0,1.1945,-0.2243,2.3788,0,0,0,0,0,0,0,-0,0,1.45326,0,0,0,0,0,0,0,0,0,0,0,0,0,0,0,0,0,0,0,0,0,0,0,0,0,0,0,0,0,0,0,0,0
18.75,-0.0183144,0.000127551,0.000687,0,0,0,3.17782,2.05396,-2.39097,-0.015782,-0.00647302,0.00528366,-0.00371604,-0.00092683,0.00104772,3,2,3.92699,0,0,0,0,0,0,0,0,0,0,0,2,3,2,3.92699,0,0,0,0,0,0,0,0,0,0,1.5708,1.5708,0,1.5708,1.5708,0,-0.0383472,-0.0215437,0.00105183,-0.076339,-0.042892,0.00156556,1.93579,1.29941,-0.0128824,-0.0100515,-0.00429539,-2.96311e-06,-0.00312191,-0.00209423,-0.00687503,1.75578,1.20968,0,0,0,0,0.14286,0.125388,0,0,0,0,0.0858317,0.0694667,2,1.75578,1.20968,0,0.344544,0.487027,3.7308e-15,0,0,0,0,0,0,0,0,0,0,0,0,0.855775,1.20968,0,0,0,0,0,0,0,0,0,0,0,0,2,0.855775,1.20968,0,1,2,0,0,0,0,0,1.2274,-0.1909,2.4124,0,0,0,0,0,0,0,-0,0,1.45326,0,0,0,0,0,0,0,0,0,0,0,0,0,0,0,0,0,0,0,0,0,0,0,0,0,0,0,0,0,0,0,0,0
18.8,-0.0158997,-0.000172631,0.000741639,0,0,0,3.17619,2.05332,-2.39047,-0.0163029,-0.00630881,0.00504793,-0.00422249,3.10062e-05,7.76585e-05,3,2,3.92699,0,0,0,0,0,0,0,0,0,0,0,2,3,2,3.92699,0,0,0,0,0,0,0,0,0,0,1.5708,1.5708,0,1.5708,1.5708,0,-0.0369071,-0.021245,0.000286348,-0.076339,-0.042892,0.00156556,1.93476,1.29898,-0.0126982,-0.0103528,-0.00433197,0.00184133,-0.00311638,-0.00132817,0.0019004,1.75578,1.20968,0,0,0,0,0.14286,0.125388,0,0,0,0,0.0858317,0.0694667,2,1.75578,1.20968,0,0.344544,0.487027,3.7308e-15,0,0,0,0,0,0,0,0,0,0,0,0,0.855775,1.20968,0,0,0,0,0,0,0,0,0,0,0,0,2,0.855775,1.20968,0,1,2,0,0,0,0,0,1.2274,-0.1909,2.4124,0,0,0,0,0,0,0,-0,0,1.45265,0,0,0,0,0,0,0,0,0,0,0,0,0,0,0,0,0,0,0,0,0,0,0,0,0,0,0,0,0,0,0,0,0
18.85,-0.0158997,-0.000172631,0.000741639,0,0,0,3.17619,2.05332,-2.39047,-0.0163029,-0.00630881,0.00504793,-0.00422249,3.10062e-05,7.76585e-05,3,2,3.92699,0,0,0,0,0,0,0,0,0,0,0,2,3,2,3.92699,0,0,0,0,0,0,0,0,0,0,1.5708,1.5708,0,1.5708,1.5708,0,-0.0369071,-0.021245,0.000286348,-0.0763311,-0.042906,0.00156556,1.93476,1.29898,-0.0126982,-0.0103528,-0.00433197,0.00184133,-0.00311638,-0.00132817,0.0019004,1.75578,1.20968,0,0,0,0,0.127215,0.1309,0,0,0,0,0.0747597,0.0782106,2,1.75578,1.20968,0,0.344544,0.487027,3.7308e-15,0,0,0,0,0,0,0,0,0,0,0,0,0.855775,1.20968,0,0,0,0,0,0,0,0,0,0,0,0,2,0.855775,1.20968,0,1,2,0,0,0,0,0,1.2274,-0.1909,2.4124,0,0,0,0,0,0,0,-0,0,1.45265,0,0,0,0,0,0,0,0,0,0,0,0,0,0,0,0,0,0,0,0,0,0,0,0,0,0,0,0,0,0,0,0,0
18.9,-0.0144004,0.000848427,0.000473508,0,0,0,3.17453,2.05267,-2.38991,-0.0165497,-0.00653343,0.00559559,-0.00355503,-0.000735315,0.00209238,3,2,3.92699,0,0,0,0,0,0,0,0,0,0,0,2,3,2,3.92699,0,0,0,0,0,0,0,0,0,0,1.5708,1.5708,0,1.5708,1.5708,0,-0.0349445,-0.0200859,0.000289996,-0.0763311,-0.042906,0.00156556,1.93368,1.29852,-0.0125187,-0.0108028,-0.0046186,0.00179637,-0.00364586,-0.00182954,0.00214605,1.75578,1.20968,0,0,0,0,0.127215,0.1309,0,0,0,0,0.0747597,0.0782106,2,1.75578,1.20968,0,0.344544,0.487027,3.7308e-15,0,0,0,0,0,0,0,0,0,0,0,0,0.855775,1.20968,0,0,0,0,0,0,0,0,0,0,0,0,2,0.855775,1.20968,0,1,2,0,0,0,0,0,1.2274,-0.1909,2.4124,0,0,0,0,0,0,0,-0,0,1.45206,0,0,0,0,0,0,0,0,0,0,0,0,0,0,0,0,0,0,0,0,0,0,0,0,0,0,0,0,0,0,0,0,0
18.95,-0.0144004,0.000848427,0.000473508,0,0,0,3.17453,2.05267,-2.38991,-0.0165497,-0.00653343,0.00559559,-0.00355503,-0.000735315,0.00209238,3,2,3.92699,0,0,0,0,0,0,0,0,0,0,0,2,3,2,3.92699,0,0,0,0,0,0,0,0,0,0,1.5708,1.5708,0,1.5708,1.5708,0,-0.0349445,-0.0200859,0.000289996,-0.0763234,-0.0429197,0.00156556,1.93368,1.29852,-0.0125187,-0.0108028,-0.0046186,0.00179637,-0.00364586,-0.00182954,0.00214605,1.75578,1.20968,0,0,0,0,0.120735,0.123683,0,0,0,0,0.0709128,0.0736731,2,1.75578,1.20968,0,0.344544,0.487027,3.7308e-15,0,0,0,0,0,0,0,0,0,0,0,0,0.855775,1.20968,0,0,0,0,0,0,0,0,0,0,0,0,2,0.855775,1.20968,0,1,2,0,0,0,0,0,1.1918,-0.2261,2.3774,0,0,0,0,0,0,0,-0,0,1.45206,0,0,0,0,0,0,0,0,0,0,0,0,0,0,0,0,0,0,0,0,0,0,0,0,0,0,0,0,0,0,0,0,0
19,-0.0126266,0.00104002,0.000713369,0,0,0,3.17284,2.05202,-2.38941,-0.0168738,-0.00651245,0.00490683,-0.00338593,-0.000479759,-0.00120818,3,2,3.92699,0,0,0,0,0,0,0,0,0,0,0,2,3,2,3.92699,0,0,0,0,0,0,0,0,0,0,1.5708,1.5708,0,1.5708,1.5708,0,-0.0343203,-0.0192885,0.00098705,-0.069554,-0.0399779,0.000761732,1.93259,1.29804,-0.0125105,-0.0108577,-0.00479653,8.16935e-05,-0.00251052,-0.00189026,-0.00552599,1.75578,1.20968,0,0,0,0,0.120735,0.123683,0,0,0,0,0.0709128,0.0736731,2,1.75578,1.20968,0,0.344544,0.487027,3.7308e-15,0,0,0,0,0,0,0,0,0,0,0,0,0.855775,1.20968,0,0,0,0,0,0,0,0,0,0,0,0,2,0.855775,1.20968,0,1,2,0,0,0,0,0,1.1918,-0.2261,2.3774,0,0,0,0,0,0,0,-0,0,1.45145,0,0,0,0,0,0,0,0,0,0,0,0,0,0,0,0,0,0,0,0,0,0,0,0,0,0,0,0,0,0,0,0,0
19.05,-0.0126266,0.00104002,0.000713369,0,0,0,3.17284,2.05202,-2.38941,-0.0168738,-0.00651245,0.00490683,-0.00338593,-0.000479759,-0.00120818,3,2,3.92699,0,0,0,0,0,0,0,0,0,0,0,2,3,2,3.92699,0,0,0,0,0,0,0,0,0,0,1.5708,1.5708,0,1.5708,1.5708,0,-0.0343203,-0.0192885,0.00098705,-0.0695537,-0.0399785,0.000761732,1.93259,1.29804,-0.0125105,-0.0108577,-0.00479653,8.16935e-05,-0.00251052,-0.00189026,-0.00552599,1.75578,1.20968,0,0,0,0,0.128513,0.111599,0,0,0,0,0.0773916,0.0615495,2,1.75578,1.20968,0,0.344544,0.487027,3.7308e-15,0,0,0,0,0,0,0,0,0,0,0,0,0.855775,1.20968,0,0,0,0,0,0,0,0,0,0,0,0,2,0.855775,1.20968,0,1,2,0,0,0,0,0,1.1918,-0.2261,2.3774,0,0,0,0,0,0,0,-0,0,1.45145,0,0,0,0,0,0,0,0,0,0,0,0,0,0,0,0,0,0,0,0,0,0,0,0,0,0,0,0,0,0,0,0,0
19.1,-0.011319,0.000769013,0.000223341,0,0,0,3.17114,2.05138,-2.38882,-0.017058,-0.00635642,0.00599265,-0.00267129,0.000398757,0.00314375,3,2,3.92699,0,0,0,0,0,0,0,0,0,0,0,2,3,2,3.92699,0,0,0,0,0,0,0,0,0,0,1.5708,1.5708,0,1.5708,1.5708,0,-0.0323589,-0.0183877,0.000244003,-0.0695537,-0.0399785,0.000761732,1.93146,1.29754,-0.0123236,-0.0113015,-0.00500254,0.00187032,-0.00307871,-0.00194513,0.00278797,1.75578,1.20968,0,0,0,0,0.128513,0.111599,0,0,0,0,0.0773916,0.0615495,2,1.75578,1.20968,0,0.344544,0.487027,3.7308e-15,0,0,0,0,0,0,0,0,0,0,0,0,0.855775,1.20968,0,0,0,0,0,0,0,0,0,0,0,0,2,0.855775,1.20968,0,1,2,0,0,0,0,0,1.1918,-0.2261,2.3774,0,0,0,0,0,0,0,-0,0,1.45089,0,0,0,0,0,0,0,0,0,0,0,0,0,0,0,0,0,0,0,0,0,0,0,0,0,0,0,0,0,0,0,0,0
19.15,-0.011319,0.000769013,0.000223341,0,0,0,3.17114,2.05138,-2.38882,-0.017058,-0.00635642,0.00599265,-0.00267129,0.000398757,0.00314375,3,2,3.92699,0,0,0,0,0,0,0,0,0,0,0,2,3,2,3.92699,0,0,0,0,0,0,0,0,0,0,1.5708,1.5708,0,1.5708,1.5708,0,-0.0323589,-0.0183877,0.000244003,-0.0695462,-0.0399915,0.000761732,1.93146,1.29754,-0.0123236,-0.0113015,-0.00500254,0.00187032,-0.00307871,-0.00194513,0.00278797,1.75578,1.20968,0,0,0,0,0.111523,0.114854,0,0,0,0,0.0646149,0.0677344,2,1.75578,1.20968,0,0.344544,0.487027,3.7308e-15,0,0,0,0,0,0,0,0,0,0,0,0,0.855775,1.20968,0,0,0,0,0,0,0,0,0,0,0,0,2,0.855775,1.20968,0,1,2,0,0,0,0,0,1.1305,-0.287,2.3164,0,0,0,0,0,0,0,-0,0,1.45089,0,0,0,0,0,0,0,0,0,0,0,0,0,0,0,0,0,0,0,0,0,0,0,0,0,0,0,0,0,0,0,0,0
19.2,-0.00987076,0.000820697,0.000230246,0,0,0,3.16941,2.05075,-2.38823,-0.017281,-0.00629664,0.00585818,-0.00246497,0.000572228,0.00196207,3,2,3.92699,0,0,0,0,0,0,0,0,0,0,0,2,3,2,3.92699,0,0,0,0,0,0,0,0,0,0,1.5708,1.5708,0,1.5708,1.5708,0,-0.0311776,-0.0177666,0.000837295,-0.0695462,-0.0399915,0.000761732,1.93031,1.29702,-0.0122832,-0.0115129,-0.00512472,0.000404173,-0.0028142,-0.0016831,-0.00305305,1.75578,1.20968,0,0,0,0,0.111523,0.114854,0,0,0,0,0.0646149,0.0677344,2,1.75578,1.20968,0,0.344544,0.487027,3.7308e-15,0,0,0,0,0,0,0,0,0,0,0,0,0.855775,1.20968,0,0,0,0,0,0,0,0,0,0,0,0,2,0.855775,1.20968,0,1,2,0,0,0,0,0,1.1305,-0.287,2.3164,0,0,0,0,0,0,0,-0,0,1.45034,0,0,0,0,0,0,0,0,0,0,0,0,0,0,0,0,0,0,0,0,0,0,0,0,0,0,0,0,0,0,0,0,0
19.25,-0.00987076,0.000820697,0.000230246,0,0,0,3.16941,2.05075,-2.38823,-0.017281,-0.00629664,0.00585818,-0.00246497,0.000572228,0.00196207,3,2,3.92699,0,0,0,0,0,0,0,0,0,0,0,2,3,2,3.92699,0,0,0,0,0,0,0,0,0,0,1.5708,1.5708,0,1.5708,1.5708,0,-0.0311776,-0.0177666,0.000837295,-0.0620609,-0.0353686,0.0012571,1.93031,1.29702,-0.0122832,-0.0115129,-0.00512472,0.000404173,-0.0028142,-0.0016831,-0.00305305,1.75578,1.20968,0,0,0,0,0.115871,0.102259,0,0,0,0,0.0703186,0.057569,2,1.75578,1.20968,0,0.344544,0.487027,3.7308e-15,0,0,0,0,0,0,0,0,0,0,0,0,0.855775,1.20968,0,0,0,0,0,0,0,0,0,0,0,0,2,0.855775,1.20968,0,1,2,0,0,0,0,0,1.1305,-0.287,2.3164,0,0,0,0,0,0,0,-0,0,1.45034,0,0,0,0,0,0,0,0,0,0,0,0,0,0,0,0,0,0,0,0,0,0,0,0,0,0,0,0,0,0,0,0,0
19.3,-0.00889715,0.00118888,-0.00032126,0,0,0,3.16767,2.05012,-2.38752,-0.0173623,-0.00633022,0.00707349,-0.00175745,0.000240288,0.00586752,3,2,3.92699,0,0,0,0,0,0,0,0,0,0,0,2,3,2,3.92699,0,0,0,0,0,0,0,0,0,0,1.5708,1.5708,0,1.5708,1.5708,0,-0.0301726,-0.0169454,0.000988105,-0.0620609,-0.0353686,0.0012571,1.92914,1.29649,-0.0122799,-0.0116705,-0.00530367,3.28926e-05,-0.00227057,-0.00168437,-0.00410924,1.75578,1.20968,0,0,0,0,0.115871,0.102259,0,0,0,0,0.0703186,0.057569,2,1.75578,1.20968,0,0.344544,0.487027,3.7308e-15,0,0,0,0,0,0,0,0,0,0,0,0,0.855775,1.20968,0,0,0,0,0,0,0,0,0,0,0,0,2,0.855775,1.20968,0,1,2,0,0,0,0,0,1.1305,-0.287,2.3164,0,0,0,0,0,0,0,-0,0,1.4498,0,0,0,0,0,0,0,0,0,0,0,0,0,0,0,0,0,0,0,0,0,0,0,0,0,0,0,0,0,0,0,0,0
19.35,-0.00889715,0.00118888,-0.00032126,0,0,0,3.16767,2.05012,-2.38752,-0.0173623,-0.00633022,0.00707349,-0.00175745,0.000240288,0.00586752,3,2,3.92699,0,0,0,0,0,0,0,0,0,0,0,2,3,2,3.92699,0,0,0,0,0,0,0,0,0,0,1.5708,1.5708,0,1.5708,1.5708,0,-0.0301726,-0.0169454,0.000988105,-0.0620608,-0.0353688,0.0012571,1.92914,1.29649,-0.0122799,-0.0116705,-0.00530367,3.28926e-05,-0.00227057,-0.00168437,-0.00410924,1.75578,1.20968,0,0,0,0,0.114684,0.0964415,0,0,0,0,0.0695539,0.0524677,2,1.75578,1.20968,0,0.344544,0.487027,3.7308e-15,0,0,0,0,0,0,0,0,0,0,0,0,0.855775,1.20968,0,0,0,0,0,0,0,0,0,0,0,0,2,0.855775,1.20968,0,1,2,0,0,0,0,0,1.196,-0.2212,2.382,0,0,0,0,0,0,0,-0,0,1.4498,0,0,0,0,0,0,0,0,0,0,0,0,0,0,0,0,0,0,0,0,0,0,0,0,0,0,0,0,0,0,0,0,0
19.4,-0.00778448,0.00128454,-0.000257865,0,0,0,3.16592,2.04949,-2.38684,-0.0174831,-0.00628349,0.00678126,-0.00147702,0.000273171,0.0028959,3,2,3.92699,0,0,0,0,0,0,0,0,0,0,0,2,3,2,3.92699,0,0,0,0,0,0,0,0,0,0,1.5708,1.5708,0,1.5708,1.5708,0,-0.0282382,-0.0161119,3.32362e-05,-0.0620608,-0.0353688,0.0012571,1.92793,1.29594,-0.0120463,-0.0120965,-0.00548402,0.0023327,-0.00301569,-0.00174268,0.0065832,1.75578,1.20968,0,0,0,0,0.114684,0.0964415,0,0,0,0,0.0695539,0.0524677,2,1.75578,1.20968,0,0.344544,0.487027,3.7308e-15,0,0,0,0,0,0,0,0,0,0,0,0,0.855775,1.20968,0,0,0,0,0,0,0,0,0,0,0,0,2,0.855775,1.20968,0,1,2,0,0,0,0,0,1.196,-0.2212,2.382,0,0,0,0,0,0,0,-0,0,1.4493,0,0,0,0,0,0,0,0,0,0,0,0,0,0,0,0,0,0,0,0,0,0,0,0,0,0,0,0,0,0,0,0,0
19.45,-0.00778448,0.00128454,-0.000257865,0,0,0,3.16592,2.04949,-2.38684,-0.0174831,-0.00628349,0.00678126,-0.00147702,0.000273171,0.0028959,3,2,3.92699,0,0,0,0,0,0,0,0,0,0,0,2,3,2,3.92699,0,0,0,0,0,0,0,0,0,0,1.5708,1.5708,0,1.5708,1.5708,0,-0.0282382,-0.0161119,3.32362e-05,-0.0620525,-0.0353833,0.0012571,1.92793,1.29594,-0.0120463,-0.0120965,-0.00548402,0.0023327,-0.00301569,-0.00174268,0.0065832,1.75578,1.20968,0,0,0,0,0.0948082,0.102763,0,0,0,0,0.0542226,0.0616729,2,1.75578,1.20968,0,0.344544,0.487027,3.7308e-15,0,0,0,0,0,0,0,0,0,0,0,0,0.855775,1.20968,0,0,0,0,0,0,0,0,0,0,0,0,2,0.855775,1.20968,0,1,2,0,0,0,0,0,1.196,-0.2212,2.382,0,0,0,0,0,0,0,-0,0,1.4493,0,0,0,0,0,0,0,0,0,0,0,0,0,0,0,0,0,0,0,0,0,0,0,0,0,0,0,0,0,0,0,0,0
19.5,-0.00739346,-0.000644221,-8.01942e-05,0,0,0,3.16419,2.04893,-2.38622,-0.0173919,-0.00564485,0.00621953,-0.000364969,0.00276265,-0.000953281,3,2,3.92699,0,0,0,0,0,0,0,0,0,0,0,2,3,2,3.92699,0,0,0,0,0,0,0,0,0,0,1.5708,1.5708,0,1.5708,1.5708,0,-0.0268394,-0.0160321,0.000636966,-0.0620525,-0.0353833,0.0012571,1.9267,1.2954,-0.0119632,-0.0123622,-0.00544308,0.000832348,-0.00288995,-0.00085323,-0.000609204,1.75578,1.20968,0,0,0,0,0.0948082,0.102763,0,0,0,0,0.0542226,0.0616729,2,1.75578,1.20968,0,0.344544,0.487027,3.7308e-15,0,0,0,0,0,0,0,0,0,0,0,0,0.855775,1.20968,0,0,0,0,0,0,0,0,0,0,0,0,2,0.855775,1.20968,0,1,2,0,0,0,0,0,1.196,-0.2212,2.382,0,0,0,0,0,0,0,-0,0,1.44886,0,0,0,0,0,0,0,0,0,0,0,0,0,0,0,0,0,0,0,0,0,0,0,0,0,0,0,0,0,0,0,0,0
19.55,-0.00739346,-0.000644221,-8.01942e-05,0,0,0,3.16419,2.04893,-2.38622,-0.0173919,-0.00564485,0.00621953,-0.000364969,0.00276265,-0.000953281,3,2,3.92699,0,0,0,0,0,0,0,0,0,0,0,2,3,2,3.92699,0,0,0,0,0,0,0,0,0,0,1.5708,1.5708,0,1.5708,1.5708,0,-0.0268394,-0.0160321,0.000636966,-0.0534247,-0.0319145,0.0010052,1.9267,1.2954,-0.0119632,-0.0123622,-0.00544308,0.000832348,-0.00288995,-0.00085323,-0.000609204,1.75578,1.20968,0,0,0,0,0.0984192,0.0893299,0,0,0,0,0.0618699,0.0533561,2,1.75578,1.20968,0,0.344544,0.487027,3.7308e-15,0,0,0,0,0,0,0,0,0,0,0,0,0.855775,1.20968,0,0,0,0,0,0,0,0,0,0,0,0,2,0.855775,1.20968,0,1,2,0,0,0,0,0,1.1177,-0.2996,2.3038,0,0,0,0,0,0,0,-0,0,1.44886,0,0,0,0,0,0,0,0,0,0,0,0,0,0,0,0,0,0,0,0,0,0,0,0,0,0,0,0,0,0,0,0,0
19.6,-0.00667363,7.44926e-06,-0.000681723,0,0,0,3.16245,2.04835,-2.38547,-0.0173977,-0.00576911,0.00754842,-0.000214916,0.00145864,0.00426158,3,2,3.92699,0,0,0,0,0,0,0,0,0,0,0,2,3,2,3.92699,0,0,0,0,0,0,0,0,0,0,1.5708,1.5708,0,1.5708,1.5708,0,-0.0256623,-0.014479,0.00110591,-0.0534247,-0.0319145,0.0010052,1.92544,1.29482,-0.0119946,-0.0125599,-0.00583136,-0.000313803,-0.002596,-0.00198219,-0.00591115,1.75578,1.20968,0,0,0,0,0.0984192,0.0893299,0,0,0,0,0.0618699,0.0533561,2,1.75578,1.20968,0,0.344544,0.487027,3.7308e-15,0,0,0,0,0,0,0,0,0,0,0,0,0.855775,1.20968,0,0,0,0,0,0,0,0,0,0,0,0,2,0.855775,1.20968,0,1,2,0,0,0,0,0,1.1177,-0.2996,2.3038,0,0,0,0,0,0,0,-0,0,1.44845,0,0,0,0,0,0,0,0,0,0,0,0,0,0,0,0,0,0,0,0,0,0,0,0,0,0,0,0,0,0,0,0,0
19.65,-0.00667363,7.44926e-06,-0.000681723,0,0,0,3.16245,2.04835,-2.38547,-0.0173977,-0.00576911,0.00754842,-0.000214916,0.00145864,0.00426158,3,2,3.92699,0,0,0,0,0,0,0,0,0,0,0,2,3,2,3.92699,0,0,0,0,0,0,0,0,0,0,1.5708,1.5708,0,1.5708,1.5708,0,-0.0256623,-0.014479,0.00110591,-0.0534257,-0.0319128,0.0010052,1.92544,1.29482,-0.0119946,-0.0125599,-0.00583136,-0.000313803,-0.002596,-0.00198219,-0.00591115,1.75578,1.20968,0,0,0,0,0.100812,0.0780098,0,0,0,0,0.0625558,0.041204,2,1.75578,1.20968,0,0.344544,0.487027,3.7308e-15,0,0,0,0,0,0,0,0,0,0,0,0,0.855775,1.20968,0,0,0,0,0,0,0,0,0,0,0,0,2,0.855775,1.20968,0,1,2,0,0,0,0,0,1.1177,-0.2996,2.3038,0,0,0,0,0,0,0,-0,0,1.44845,0,0,0,0,0,0,0,0,0,0,0,0,0,0,0,0,0,0,0,0,0,0,0,0,0,0,0,0,0,0,0,0,0
19.7,-0.00708842,-0.000251557,-0.000167166,0,0,0,3.16074,2.04779,-2.38485,-0.0170712,-0.00562529,0.00615867,0.00123853,0.00128807,-0.00230413,3,2,3.92699,0,0,0,0,0,0,0,0,0,0,0,2,3,2,3.92699,0,0,0,0,0,0,0,0,0,0,1.5708,1.5708,0,1.5708,1.5708,0,-0.0239805,-0.0139036,7.82491e-05,-0.0534257,-0.0319128,0.0010052,1.92415,1.29422,-0.0117777,-0.0129023,-0.00593048,0.00216826,-0.00285639,-0.00172555,0.00564825,1.75578,1.20968,0,0,0,0,0.100812,0.0780098,0,0,0,0,0.0625558,0.041204,2,1.75578,1.20968,0,0.344544,0.487027,3.7308e-15,0,0,0,0,0,0,0,0,0,0,0,0,0.855775,1.20968,0,0,0,0,0,0,0,0,0,0,0,0,2,0.855775,1.20968,0,1,2,0,0,0,0,0,1.1177,-0.2996,2.3038,0,0,0,0,0,0,0,-0,0,1.44811,0,0,0,0,0,0,0,0,0,0,0,0,0,0,0,0,0,0,0,0,0,0,0,0,0,0,0,0,0,0,0,0,0
19.75,-0.00708842,-0.000251557,-0.000167166,0,0,0,3.16074,2.04779,-2.38485,-0.0170712,-0.00562529,0.00615867,0.00123853,0.00128807,-0.00230413,3,2,3.92699,0,0,0,0,0,0,0,0,0,0,0,2,3,2,3.92699,0,0,0,0,0,0,0,0,0,0,1.5708,1.5708,0,1.5708,1.5708,0,-0.0239805,-0.0139036,7.82491e-05,-0.0534188,-0.0319244,0.0010052,1.92415,1.29422,-0.0117777,-0.0129023,-0.00593048,0.00216826,-0.00285639,-0.00172555,0.00564825,1.75578,1.20968,0,0,0,0,0.0808285,0.0862323,0,0,0,0,0.0472213,0.0522804,2,1.75578,1.20968,0,0.344544,0.487027,3.7308e-15,0,0,0,0,0,0,0,0,0,0,0,0,0.855775,1.20968,0,0,0,0,0,0,0,0,0,0,0,0,2,0.855775,1.20968,0,1,2,0,0,0,0,0,1.1872,-0.2303,2.3731,0,0,0,0,0,0,0,-0,0,1.44811,0,0,0,0,0,0,0,0,0,0,0,0,0,0,0,0,0,0,0,0,0,0,0,0,0,0,0,0,0,0,0,0,0
19.8,-0.00687614,-0.00020295,-0.000551265,0,0,0,3.15905,2.04723,-2.38416,-0.0169322,-0.00557324,0.00696426,0.00150162,0.000960276,0.000944396,3,2,3.92699,0,0,0,0,0,0,0,0,0,0,0,2,3,2,3.92699,0,0,0,0,0,0,0,0,0,0,1.5708,1.5708,0,1.5708,1.5708,0,-0.0240352,-0.0134994,0.000832882,-0.0475225,-0.0275515,0.000401686,1.92288,1.29363,-0.011747,-0.0127352,-0.00597867,0.000307547,-0.00107845,-0.00119193,-0.00247898,1.75578,1.20968,0,0,0,0,0.0808285,0.0862323,0,0,0,0,0.0472213,0.0522804,2,1.75578,1.20968,0,0.344544,0.487027,3.7308e-15,0,0,0,0,0,0,0,0,0,0,0,0,0.855775,1.20968,0,0,0,0,0,0,0,0,0,0,0,0,2,0.855775,1.20968,0,1,2,0,0,0,0,0,1.1872,-0.2303,2.3731,0,0,0,0,0,0,0,-0,0,1.44777,0,0,0,0,0,0,0,0,0,0,0,0,0,0,0,0,0,0,0,0,0,0,0,0,0,0,0,0,0,0,0,0,0
19.85,-0.00687614,-0.00020295,-0.000551265,0,0,0,3.15905,2.04723,-2.38416,-0.0169322,-0.00557324,0.00696426,0.00150162,0.000960276,0.000944396,3,2,3.92699,0,0,0,0,0,0,0,0,0,0,0,2,3,2,3.92699,0,0,0,0,0,0,0,0,0,0,1.5708,1.5708,0,1.5708,1.5708,0,-0.0240352,-0.0134994,0.000832882,-0.0475216,-0.0275529,0.000401686,1.92288,1.29363,-0.011747,-0.0127352,-0.00597867,0.000307547,-0.00107845,-0.00119193,-0.00247898,1.75578,1.20968,0,0,0,0,0.0916222,0.0758838,0,0,0,0,0.0557182,0.0409806,2,1.75578,1.20968,0,0.344544,0.487027,3.7308e-15,0,0,0,0,0,0,0,0,0,0,0,0,0.855775,1.20968,0,0,0,0,0,0,0,0,0,0,0,0,2,0.855775,1.20968,0,1,2,0,0,0,0,0,1.1872,-0.2303,2.3731,0,0,0,0,0,0,0,-0,0,1.44777,0,0,0,0,0,0,0,0,0,0,0,0,0,0,0,0,0,0,0,0,0,0,0,0,0,0,0,0,0,0,0,0,0
19.9,-0.00663719,-0.000701476,-0.000399605,0,0,0,3.15737,2.0467,-2.38351,-0.0168026,-0.0053616,0.00646147,0.00144158,0.00137346,-0.000996615,3,2,3.92699,0,0,0,0,0,0,0,0,0,0,0,2,3,2,3.92699,0,0,0,0,0,0,0,0,0,0,1.5708,1.5708,0,1.5708,1.5708,0,-0.0221517,-0.0133446,0.000484129,-0.0475216,-0.0275529,0.000401686,1.92156,1.29303,-0.0116328,-0.0131342,-0.00595365,0.00114174,-0.00201156,-0.000548453,0.000744766,1.75578,1.20968,0,0,0,0,0.0916222,0.0758838,0,0,0,0,0.0557182,0.0409806,2,1.75578,1.20968,0,0.344544,0.487027,3.7308e-15,0,0,0,0,0,0,0,0,0,0,0,0,0.855775,1.20968,0,0,0,0,0,0,0,0,0,0,0,0,2,0.855775,1.20968,0,1,2,0,0,0,0,0,1.1872,-0.2303,2.3731,0,0,0,0,0,0,0,-0,0,1.44749,0,0,0,0,0,0,0,0,0,0,0,0,0,0,0,0,0,0,0,0,0,0,0,0,0,0,0,0,0,0,0,0,0
19.95,-0.00663719,-0.000701476,-0.000399605,0,0,0,3.15737,2.0467,-2.38351,-0.0168026,-0.0053616,0.00646147,0.00144158,0.00137346,-0.000996615,3,2,3.92699,0,0,0,0,0,0,0,0,0,0,0,2,3,2,3.92699,0,0,0,0,0,0,0,0,0,0,1.5708,1.5708,0,1.5708,1.5708,0,-0.0221517,-0.0133446,0.000484129,-0.0475185,-0.0275583,0.000401686,1.92156,1.29303,-0.0116328,-0.0131342,-0.00595365,0.00114174,-0.00201156,-0.000548453,0.000744766,1.75578,1.20968,0,0,0,0,0.0802885,0.0740182,0,0,0,0,0.050649,0.0447768,2,1.75578,1.20968,0,0.344544,0.487027,3.7308e-15,0,0,0,0,0,0,0,0,0,0,0,0,0.855775,1.20968,0,0,0,0,0,0,0,0,0,0,0,0,2,0.855775,1.20968,0,1,2,0,0,0,0,0,1.1864,-0.2315,2.3719,0,0,0,0,0,0,0,-0,0,1.44749,0,0,0,0,0,0,0,0,0,0,0,0,0,0,0,0,0,0,0,0,0,0,0,0,0,0,0,0,0,0,0,0,0
20,-0.00688734,0.000531419,-0.000761558,0,0,0,3.15571,2.04613,-2.38279,-0.0165313,-0.00565937,0.00720764,0.00194794,-0.000307073,0.00211773,3,2,3.92699,0,0,0,0,0,0,0,0,0,0,0,2,3,2,3.92699,0,0,0,0,0,0,0,0,0,0,1.5708,1.5708,0,1.5708,1.5708,0,-0.0205373,-0.0124132,0.000406695,-0.0475185,-0.0275583,0.000401686,1.92022,1.29242,-0.0115023,-0.0134502,-0.00615499,0.00130587,-0.0025917,-0.00104436,0.0015391,1.75578,1.20968,0,0,0,0,0.0802885,0.0740182,0,0,0,0,0.050649,0.0447768,2,1.75578,1.20968,0,0.344544,0.487027,3.7308e-15,0,0,0,0,0,0,0,0,0,0,0,0,0.855775,1.20968,0,0,0,0,0,0,0,0,0,0,0,0,2,0.855775,1.20968,0,1,2,0,0,0,0,0,1.1864,-0.2315,2.3719,0,0,0,0,0,0,0,-0,0,1.44725,0,0,0,0,0,0,0,0,0,0,0,0,0,0,0,0,0,0,0,0,0,0,0,0,0,0,0,0,0,0,0,0,0
20.05,-0.00688734,0.000531419,-0.000761558,0,0,0,3.15571,2.04613,-2.38279,-0.0165313,-0.00565937,0.00720764,0.00194794,-0.000307073,0.00211773,3,2,3.92699,0,0,0,0,0,0,0,0,0,0,0,2,3,2,3.92699,0,0,0,0,0,0,0,0,0,0,1.5708,1.5708,0,1.5708,1.5708,0,-0.0205373,-0.0124132,0.000406695,-0.0407022,-0.0246022,0.000686781,1.92022,1.29242,-0.0115023,-0.0134502,-0.00615499,0.00130587,-0.0025917,-0.00104436,0.0015391,1.75578,1.20968,0,0,0,0,0.0738467,0.0692209,0,0,0,0,0.0465356,0.0422034,2,1.75578,1.20968,0,0.344544,0.487027,3.7308e-15,0,0,0,0,0,0,0,0,0,0,0,0,0.855775,1.20968,0,0,0,0,0,0,0,0,0,0,0,0,2,0.855775,1.20968,0,1,2,0,0,0,0,0,1.1864,-0.2315,2.3719,0,0,0,0,0,0,0,-0,0,1.44725,0,0,0,0,0,0,0,0,0,0,0,0,0,0,0,0,0,0,0,0,0,0,0,0,0,0,0,0,0,0,0,0,0
20.1,-0.00688734,0.000531419,-0.000761558,0,0,0,3.15571,2.04613,-2.38279,-0.0165313,-0.00565937,0.00720764,0.00194794,-0.000307073,0.00211773,3,2,3.92699,0,0,0,0,0,0,0,0,0,0,0,2,3,2,3.92699,0,0,0,0,0,0,0,0,0,0,1.5708,1.5708,0,1.5708,1.5708,0,-0.0205373,-0.0124132,0.000406695,-0.0407022,-0.0246022,0.000686781,1.92022,1.29242,-0.0115023,-0.0134502,-0.00615499,0.00130587,-0.0025917,-0.00104436,0.0015391,1.75578,1.20968,0,0,0,0,0.0738467,0.0692209,0,0,0,0,0.0465356,0.0422034,2,1.75578,1.20968,0,0.344544,0.487027,3.7308e-15,0,0,0,0,0,0,0,0,0,0,0,0,0.855775,1.20968,0,0,0,0,0,0,0,0,0,0,0,0,2,0.855775,1.20968,0,1,2,0,0,0,0,0,1.1864,-0.2315,2.3719,0,0,0,0,0,0,0,-0,0,1.44725,0,0,0,0,0,0,0,0,0,0,0,0,0,0,0,0,0,0,0,0,0,0,0,0,0,0,0,0,0,0,0,0,0
20.15,-0.00609691,0.000810772,-0.000686714,0,0,0,3.15406,2.04556,-2.3821,-0.016568,-0.00567448,0.00688542,0.00109884,-0.000469839,0.00040274,3,2,3.92699,0,0,0,0,0,0,0,0,0,0,0,2,3,2,3.92699,0,0,0,0,0,0,0,0,0,0,1.5708,1.5708,0,1.5708,1.5708,0,-0.0198523,-0.0118446,0.000800062,-0.0407022,-0.0246022,0.000686781,1.91887,1.29179,-0.011469,-0.013492,-0.00624839,0.000332489,-0.00179632,-0.00106487,-0.00285799,1.75578,1.20968,0,0,0,0,0.0738467,0.0692209,0,0,0,0,0.0465356,0.0422034,2,1.75578,1.20968,0,0.344544,0.487027,3.7308e-15,0,0,0,0,0,0,0,0,0,0,0,0,0.855775,1.20968,0,0,0,0,0,0,0,0,0,0,0,0,2,0.855775,1.20968,0,1,2,0,0,0,0,0,1.1875,-0.2327,2.3713,0,0,0,0,0,0,0,-0,0,1.44702,0,0,0,0,0,0,0,0,0,0,0,0,0,0,0,0,0,0,0,0,0,0,0,0,0,0,0,0,0,0,0,0,0
20.2,-0.00549521,-0.0010309,-0.00049026,0,0,0,3.1524,2.04506,-2.38147,-0.0165488,-0.00506838,0.00627607,0.000601934,0.00211114,-0.00241711,3,2,3.92699,0,0,0,0,0,0,0,0,0,0,0,2,3,2,3.92699,0,0,0,0,0,0,0,0,0,0,1.5708,1.5708,0,1.5708,1.5708,0,-0.0185132,-0.0114373,0.000237664,-0.0407014,-0.0246036,0.000686781,1.9175,1.29116,-0.0113009,-0.0137236,-0.00629369,0.00168091,-0.00191202,-0.000830402,0.00307741,1.75578,1.20968,0,0,0,0,0.0770874,0.0612369,0,0,0,0,0.0497755,0.0349328,2,1.75578,1.20968,0,0.344544,0.487027,3.7308e-15,0,0,0,0,0,0,0,0,0,0,0,0,0.855775,1.20968,0,0,0,0,0,0,0,0,0,0,0,0,2,0.855775,1.20968,0,1,2,0,0,0,0,0,1.1875,-0.2327,2.3713,0,0,0,0,0,0,0,-0,0,1.44684,0,0,0,0,0,0,0,0,0,0,0,0,0,0,0,0,0,0,0,0,0,0,0,0,0,0,0,0,0,0,0,0,0
20.25,-0.00549521,-0.0010309,-0.00049026,0,0,0,3.1524,2.04506,-2.38147,-0.0165488,-0.00506838,0.00627607,0.000601934,0.00211114,-0.00241711,3,2,3.92699,0,0,0,0,0,0,0,0,0,0,0,2,3,2,3.92699,0,0,0,0,0,0,0,0,0,0,1.5708,1.5708,0,1.5708,1.5708,0,-0.0185132,-0.0114373,0.000237664,-0.0406973,-0.0246104,0.000686781,1.9175,1.29116,-0.0113009,-0.0137236,-0.00629369,0.00168091,-0.00191202,-0.000830402,0.00307741,1.75578,1.20968,0,0,0,0,0.0647122,0.0642238,0,0,0,0,0.0410706,0.0406124,2,1.75578,1.20968,0,0.344544,0.487027,3.7308e-15,0,0,0,0,0,0,0,0,0,0,0,0,0.855775,1.20968,0,0,0,0,0,0,0,0,0,0,0,0,2,0.855775,1.20968,0,1,2,0,0,0,0,0,1.1875,-0.2327,2.3713,0,0,0,0,0,0,0,-0,0,1.44684,0,0,0,0,0,0,0,0,0,0,0,0,0,0,0,0,0,0,0,0,0,0,0,0,0,0,0,0,0,0,0,0,0
20.3,-0.00531241,-0.000936815,0.000287289,0,0,0,3.15076,2.04455,-2.38105,-0.0164073,-0.00503618,0.00427686,0.000875817,0.00175058,-0.00982767,3,2,3.92699,0,0,0,0,0,0,0,0,0,0,0,2,3,2,3.92699,0,0,0,0,0,0,0,0,0,0,1.5708,1.5708,0,1.5708,1.5708,0,-0.0178405,-0.0108872,0.000236243,-0.0366829,-0.0226623,0.000492982,1.91612,1.29052,-0.0111357,-0.0137586,-0.00638006,0.00165131,-0.00129025,-0.000805913,0.00253141,1.75578,1.20968,0,0,0,0,0.0647122,0.0642238,0,0,0,0,0.0410706,0.0406124,2,1.75578,1.20968,0,0.344544,0.487027,3.7308e-15,0,0,0,0,0,0,0,0,0,0,0,0,0.855775,1.20968,0,0,0,0,0,0,0,0,0,0,0,0,2,0.855775,1.20968,0,1,2,0,0,0,0,0,1.1875,-0.2327,2.3713,0,0,0,0,0,0,0,-0,0,1.44668,0,0,0,0,0,0,0,0,0,0,0,0,0,0,0,0,0,0,0,0,0,0,0,0,0,0,0,0,0,0,0,0,0
20.35,-0.00531241,-0.000936815,0.000287289,0,0,0,3.15076,2.04455,-2.38105,-0.0164073,-0.00503618,0.00427686,0.000875817,0.00175058,-0.00982767,3,2,3.92699,0,0,0,0,0,0,0,0,0,0,0,2,3,2,3.92699,0,0,0,0,0,0,0,0,0,0,1.5708,1.5708,0,1.5708,1.5708,0,-0.0178405,-0.0108872,0.000236243,-0.0366791,-0.0226684,0.000492982,1.91612,1.29052,-0.0111357,-0.0137586,-0.00638006,0.00165131,-0.00129025,-0.000805913,0.00253141,1.75578,1.20968,0,0,0,0,0.0624994,0.0617748,0,0,0,0,0.0392151,0.0385358,2,1.75578,1.20968,0,0.344544,0.487027,3.7308e-15,0,0,0,0,0,0,0,0,0,0,0,0,0.855775,1.20968,0,0,0,0,0,0,0,0,0,0,0,0,2,0.855775,1.20968,0,1,2,0,0,0,0,0,1.1853,-0.2337,2.3699,0,0,0,0,0,0,0,-0,0,1.44668,0,0,0,0,0,0,0,0,0,0,0,0,0,0,0,0,0,0,0,0,0,0,0,0,0,0,0,0,0,0,0,0,0
20.4,-0.0035391,-0.000100751,-0.00120978,0,0,0,3.14909,2.04403,-2.38026,-0.0167331,-0.00522162,0.00780444,-0.000737546,0.000261805,0.00719157,3,2,3.92699,0,0,0,0,0,0,0,0,0,0,0,2,3,2,3.92699,0,0,0,0,0,0,0,0,0,0,1.5708,1.5708,0,1.5708,1.5708,0,-0.0171632,-0.0101936,0.00102212,-0.0366791,-0.0226684,0.000492982,1.91474,1.28987,-0.0111632,-0.0137945,-0.00650718,-0.000274515,-0.000832842,-0.000987914,-0.00624911,1.75578,1.20968,0,0,0,0,0.0624994,0.0617748,0,0,0,0,0.0392151,0.0385358,2,1.75578,1.20968,0,0.344544,0.487027,3.7308e-15,0,0,0,0,0,0,0,0,0,0,0,0,0.855775,1.20968,0,0,0,0,0,0,0,0,0,0,0,0,2,0.855775,1.20968,0,1,2,0,0,0,0,0,1.1853,-0.2337,2.3699,0,0,0,0,0,0,0,-0,0,1.4465,0,0,0,0,0,0,0,0,0,0,0,0,0,0,0,0,0,0,0,0,0,0,0,0,0,0,0,0,0,0,0,0,0
20.45,-0.0035391,-0.000100751,-0.00120978,0,0,0,3.14909,2.04403,-2.38026,-0.0167331,-0.00522162,0.00780444,-0.000737546,0.000261805,0.00719157,3,2,3.92699,0,0,0,0,0,0,0,0,0,0,0,2,3,2,3.92699,0,0,0,0,0,0,0,0,0,0,1.5708,1.5708,0,1.5708,1.5708,0,-0.0171632,-0.0101936,0.00102212,-0.0366798,-0.0226674,0.000492982,1.91474,1.28987,-0.0111632,-0.0137945,-0.00650718,-0.000274515,-0.000832842,-0.000987914,-0.00624911,1.75578,1.20968,0,0,0,0,0.0712567,0.0483463,0,0,0,0,0.0471626,0.0257095,2,1.75578,1.20968,0,0.344544,0.487027,3.7308e-15,0,0,0,0,0,0,0,0,0,0,0,0,0.855775,1.20968,0,0,0,0,0,0,0,0,0,0,0,0,2,0.855775,1.20968,0,1,2,0,0,0,0,0,1.1853,-0.2337,2.3699,0,0,0,0,0,0,0,-0,0,1.4465,0,0,0,0,0,0,0,0,0,0,0,0,0,0,0,0,0,0,0,0,0,0,0,0,0,0,0,0,0,0,0,0,0
20.5,-0.00359303,-0.00145836,-0.000535693,0,0,0,3.14744,2.04355,-2.37966,-0.0165202,-0.00476261,0.00602482,0.000190675,0.00179003,-0.000489171,3,2,3.92699,0,0,0,0,0,0,0,0,0,0,0,2,3,2,3.92699,0,0,0,0,0,0,0,0,0,0,1.5708,1.5708,0,1.5708,1.5708,0,-0.0152529,-0.00995515,0.000555929,-0.0366798,-0.0226674,0.000492982,1.91332,1.28922,-0.0110778,-0.0141889,-0.00650036,0.000854051,-0.00201326,-0.000590175,-0.000431704,1.75578,1.20968,0,0,0,0,0.0712567,0.0483463,0,0,0,0,0.0471626,0.0257095,2,1.75578,1.20968,0,0.344544,0.487027,3.7308e-15,0,0,0,0,0,0,0,0,0,0,0,0,0.855775,1.20968,0,0,0,0,0,0,0,0,0,0,0,0,2,0.855775,1.20968,0,1,2,0,0,0,0,0,1.1853,-0.2337,2.3699,0,0,0,0,0,0,0,-0,0,1.44639,0,0,0,0,0,0,0,0,0,0,0,0,0,0,0,0,0,0,0,0,0,0,0,0,0,0,0,0,0,0,0,0,0
20.55,-0.00359303,-0.00145836,-0.000535693,0,0,0,3.14744,2.04355,-2.37966,-0.0165202,-0.00476261,0.00602482,0.000190675,0.00179003,-0.000489171,3,2,3.92699,0,0,0,0,0,0,0,0,0,0,0,2,3,2,3.92699,0,0,0,0,0,0,0,0,0,0,1.5708,1.5708,0,1.5708,1.5708,0,-0.0152529,-0.00995515,0.000555929,-0.0301298,-0.0110494,0.00122914,1.91332,1.28922,-0.0110778,-0.0141889,-0.00650036,0.000854051,-0.00201326,-0.000590175,-0.000431704,1.75578,1.20968,0,0,0,0,0.0582133,0.0480012,0,0,0,0,0.0402921,0.0307291,2,1.75578,1.20968,0,0.344544,0.487027,3.7308e-15,0,0,0,0,0,0,0,0,0,0,0,0,0.855775,1.20968,0,0,0,0,0,0,0,0,0,0,0,0,2,0.855775,1.20968,0,1,2,0,0,0,0,0,1.2181,-0.2016,2.4019,0,0,0,0,0,0,0,-0,0,1.44639,0,0,0,0,0,0,0,0,0,0,0,0,0,0,0,0,0,0,0,0,0,0,0,0,0,0,0,0,0,0,0,0,0
20.6,-0.00258411,-0.000738835,-0.00140005,0,0,0,3.14578,2.04306,-2.37886,-0.0166209,-0.00491716,0.00799166,-0.000170722,0.000661985,0.0065281,3,2,3.92699,0,0,0,0,0,0,0,0,0,0,0,2,3,2,3.92699,0,0,0,0,0,0,0,0,0,0,1.5708,1.5708,0,1.5708,1.5708,0,-0.0150563,-0.00990156,0.000953439,-0.0301298,-0.0110494,0.00122914,1.91192,1.28858,-0.0110899,-0.0140799,-0.0064398,-0.000120435,-0.000940465,-6.19457e-05,-0.00336487,1.75578,1.20968,0,0,0,0,0.0582133,0.0480012,0,0,0,0,0.0402921,0.0307291,2,1.75578,1.20968,0,0.344544,0.487027,3.7308e-15,0,0,0,0,0,0,0,0,0,0,0,0,0.855775,1.20968,0,0,0,0,0,0,0,0,0,0,0,0,2,0.855775,1.20968,0,1,2,0,0,0,0,0,1.2181,-0.2016,2.4019,0,0,0,0,0,0,0,-0,0,1.44625,0,0,0,0,0,0,0,0,0,0,0,0,0,0,0,0,0,0,0,0,0,0,0,0,0,0,0,0,0,0,0,0,0
20.65,-0.00258411,-0.000738835,-0.00140005,0,0,0,3.14578,2.04306,-2.37886,-0.0166209,-0.00491716,0.00799166,-0.000170722,0.000661985,0.0065281,3,2,3.92699,0,0,0,0,0,0,0,0,0,0,0,2,3,2,3.92699,0,0,0,0,0,0,0,0,0,0,1.5708,1.5708,0,1.5708,1.5708,0,-0.0150563,-0.00990156,0.000953439,-0.03013,-0.0110491,0.00122914,1.91192,1.28858,-0.0110899,-0.0140799,-0.0064398,-0.000120435,-0.000940465,-6.19457e-05,-0.00336487,1.75578,1.20968,0,0,0,0,0.0630792,0.0417737,0,0,0,0,0.0452997,0.0253493,2,1.75578,1.20968,0,0.344544,0.487027,3.7308e-15,0,0,0,0,0,0,0,0,0,0,0,0,0.855775,1.20968,0,0,0,0,0,0,0,0,0,0,0,0,2,0.855775,1.20968,0,1,2,0,0,0,0,0,1.2181,-0.2016,2.4019,0,0,0,0,0,0,0,-0,0,1.44625,0,0,0,0,0,0,0,0,0,0,0,0,0,0,0,0,0,0,0,0,0,0,0,0,0,0,0,0,0,0,0,0,0
20.7,-0.00366913,-0.00050598,-0.000484014,0,0,0,3.14416,2.04257,-2.3783,-0.0161073,-0.00492736,0.00562457,0.00188881,0.000200347,-0.00458299,3,2,3.92699,0,0,0,0,0,0,0,0,0,0,0,2,3,2,3.92699,0,0,0,0,0,0,0,0,0,0,1.5708,1.5708,0,1.5708,1.5708,0,-0.0142065,-0.00898171,0.00123875,-0.03013,-0.0110491,0.00122914,1.9105,1.28792,-0.0111704,-0.0141622,-0.00663204,-0.000805442,-0.000758613,-0.00073859,-0.005155,1.75578,1.20968,0,0,0,0,0.0630792,0.0417737,0,0,0,0,0.0452997,0.0253493,2,1.75578,1.20968,0,0.344544,0.487027,3.7308e-15,0,0,0,0,0,0,0,0,0,0,0,0,0.855775,1.20968,0,0,0,0,0,0,0,0,0,0,0,0,2,0.855775,1.20968,0,1,2,0,0,0,0,0,1.2181,-0.2016,2.4019,0,0,0,0,0,0,0,-0,0,1.44618,0,0,0,0,0,0,0,0,0,0,0,0,0,0,0,0,0,0,0,0,0,0,0,0,0,0,0,0,0,0,0,0,0
20.75,-0.00366913,-0.00050598,-0.000484014,0,0,0,3.14416,2.04257,-2.3783,-0.0161073,-0.00492736,0.00562457,0.00188881,0.000200347,-0.00458299,3,2,3.92699,0,0,0,0,0,0,0,0,0,0,0,2,3,2,3.92699,0,0,0,0,0,0,0,0,0,0,1.5708,1.5708,0,1.5708,1.5708,0,-0.0142065,-0.00898171,0.00123875,-0.0301309,-0.0110466,0.00122914,1.9105,1.28792,-0.0111704,-0.0141622,-0.00663204,-0.000805442,-0.000758613,-0.00073859,-0.005155,1.75578,1.20968,0,0,0,0,0.0643215,0.0346478,0,0,0,0,0.0459694,0.0181834,2,1.75578,1.20968,0,0.344544,0.487027,3.7308e-15,0,0,0,0,0,0,0,0,0,0,0,0,0.855775,1.20968,0,0,0,0,0,0,0,0,0,0,0,0,2,0.855775,1.20968,0,1,2,0,0,0,0,0,1.1845,-0.2361,2.3672,0,0,0,0,0,0,0,-0,0,1.44618,0,0,0,0,0,0,0,0,0,0,0,0,0,0,0,0,0,0,0,0,0,0,0,0,0,0,0,0,0,0,0,0,0
20.8,-0.00320458,-0.000380939,-0.000226789,0,0,0,3.14256,2.04208,-2.37781,-0.0160535,-0.0049059,0.00489346,0.00165541,0.000151934,-0.00718695,3,2,3.92699,0,0,0,0,0,0,0,0,0,0,0,2,3,2,3.92699,0,0,0,0,0,0,0,0,0,0,1.5708,1.5708,0,1.5708,1.5708,0,-0.0129235,-0.00807604,0.000223282,-0.0183147,-0.0127826,0.00229475,1.90906,1.28723,-0.0110048,-0.0143697,-0.00681795,0.00165691,-0.00123598,-0.00126663,0.00650228,1.75578,1.20968,0,0,0,0,0.0643215,0.0346478,0,0,0,0,0.0459694,0.0181834,2,1.75578,1.20968,0,0.344544,0.487027,3.7308e-15,0,0,0,0,0,0,0,0,0,0,0,0,0.855775,1.20968,0,0,0,0,0,0,0,0,0,0,0,0,2,0.855775,1.20968,0,1,2,0,0,0,0,0,1.1845,-0.2361,2.3672,0,0,0,0,0,0,0,-0,0,1.44613,0,0,0,0,0,0,0,0,0,0,0,0,0,0,0,0,0,0,0,0,0,0,0,0,0,0,0,0,0,0,0,0,0
20.85,-0.00320458,-0.000380939,-0.000226789,0,0,0,3.14256,2.04208,-2.37781,-0.0160535,-0.0049059,0.00489346,0.00165541,0.000151934,-0.00718695,3,2,3.92699,0,0,0,0,0,0,0,0,0,0,0,2,3,2,3.92699,0,0,0,0,0,0,0,0,0,0,1.5708,1.5708,0,1.5708,1.5708,0,-0.0129235,-0.00807604,0.000223282,-0.0183126,-0.0127856,0.00229475,1.90906,1.28723,-0.0110048,-0.0143697,-0.00681795,0.00165691,-0.00123598,-0.00126663,0.00650228,1.75578,1.20968,0,0,0,0,0.0455766,0.0436813,0,0,0,0,0.0294648,0.0276898,2,1.75578,1.20968,0,0.344544,0.487027,3.7308e-15,0,0,0,0,0,0,0,0,0,0,0,0,0.855775,1.20968,0,0,0,0,0,0,0,0,0,0,0,0,2,0.855775,1.20968,0,1,2,0,0,0,0,0,1.1845,-0.2361,2.3672,0,0,0,0,0,0,0,-0,0,1.44613,0,0,0,0,0,0,0,0,0,0,0,0,0,0,0,0,0,0,0,0,0,0,0,0,0,0,0,0,0,0,0,0,0
20.9,-0.00272492,-0.000296885,-0.000434053,0,0,0,3.14096,2.04159,-2.37728,-0.0160047,-0.00487269,0.00529727,0.00113751,0.000211362,-0.00304765,3,2,3.92699,0,0,0,0,0,0,0,0,0,0,0,2,3,2,3.92699,0,0,0,0,0,0,0,0,0,0,1.5708,1.5708,0,1.5708,1.5708,0,-0.0124519,-0.00832013,0.00080829,-0.0183126,-0.0127856,0.00229475,1.90763,1.28657,-0.0109833,-0.0143386,-0.006667,0.000214915,-0.000699696,-0.000237029,-0.000279169,1.75578,1.20968,0,0,0,0,0.0455766,0.0436813,0,0,0,0,0.0294648,0.0276898,2,1.75578,1.20968,0,0.344544,0.487027,3.7308e-15,0,0,0,0,0,0,0,0,0,0,0,0,0.855775,1.20968,0,0,0,0,0,0,0,0,0,0,0,0,2,0.855775,1.20968,0,1,2,0,0,0,0,0,1.1845,-0.2361,2.3672,0,0,0,0,0,0,0,-0,0,1.44609,0,0,0,0,0,0,0,0,0,0,0,0,0,0,0,0,0,0,0,0,0,0,0,0,0,0,0,0,0,0,0,0,0
20.95,-0.00272492,-0.000296885,-0.000434053,0,0,0,3.14096,2.04159,-2.37728,-0.0160047,-0.00487269,0.00529727,0.00113751,0.000211362,-0.00304765,3,2,3.92699,0,0,0,0,0,0,0,0,0,0,0,2,3,2,3.92699,0,0,0,0,0,0,0,0,0,0,1.5708,1.5708,0,1.5708,1.5708,0,-0.0124519,-0.00832013,0.00080829,-0.0183123,-0.012786,0.00229475,1.90763,1.28657,-0.0109833,-0.0143386,-0.006667,0.000214915,-0.000699696,-0.000237029,-0.000279169,1.75578,1.20968,0,0,0,0,0.0520058,0.0339817,0,0,0,0,0.0378574,0.0209838,2,1.75578,1.20968,0,0.344544,0.487027,3.7308e-15,0,0,0,0,0,0,0,0,0,0,0,0,0.855775,1.20968,0,0,0,0,0,0,0,0,0,0,0,0,2,0.855775,1.20968,0,1,2,0,0,0,0,0,1.1842,-0.237,2.3663,0,0,0,0,0,0,0,-0,0,1.44609,0,0,0,0,0,0,0,0,0,0,0,0,0,0,0,0,0,0,0,0,0,0,0,0,0,0,0,0,0,0,0,0,0
21,-0.00198199,-9.19197e-05,-0.000756582,0,0,0,3.13936,2.0411,-2.37669,-0.0160336,-0.00487528,0.00597124,0.000510028,0.000128459,0.00141907,3,2,3.92699,0,0,0,0,0,0,0,0,0,0,0,2,3,2,3.92699,0,0,0,0,0,0,0,0,0,0,1.5708,1.5708,0,1.5708,1.5708,0,-0.0111017,-0.00817961,0.000714675,-0.0183123,-0.012786,0.00229475,1.90617,1.2859,-0.0109397,-0.0145636,-0.00662979,0.000436238,-0.00123535,0.000150943,-0.000201574,1.75578,1.20968,0,0,0,0,0.0520058,0.0339817,0,0,0,0,0.0378574,0.0209838,2,1.75578,1.20968,0,0.344544,0.487027,3.7308e-15,0,0,0,0,0,0,0,0,0,0,0,0,0.855775,1.20968,0,0,0,0,0,0,0,0,0,0,0,0,2,0.855775,1.20968,0,1,2,0,0,0,0,0,1.1842,-0.237,2.3663,0,0,0,0,0,0,0,-0,0,1.44605,0,0,0,0,0,0,0,0,0,0,0,0,0,0,0,0,0,0,0,0,0,0,0,0,0,0,0,0,0,0,0,0,0
21.05,-0.00198199,-9.19197e-05,-0.000756582,0,0,0,3.13936,2.0411,-2.37669,-0.0160336,-0.00487528,0.00597124,0.000510028,0.000128459,0.00141907,3,2,3.92699,0,0,0,0,0,0,0,0,0,0,0,2,3,2,3.92699,0,0,0,0,0,0,0,0,0,0,1.5708,1.5708,0,1.5708,1.5708,0,-0.0111017,-0.00817961,0.000714675,-0.0131368,-0.0100788,0.00171485,1.90617,1.2859,-0.0109397,-0.0145636,-0.00662979,0.000436238,-0.00123535,0.000150943,-0.000201574,1.75578,1.20968,0,0,0,0,0.0461088,0.0304986,0,0,0,0,0.0361838,0.0215699,2,1.75578,1.20968,0,0.344544,0.487027,3.7308e-15,0,0,0,0,0,0,0,0,0,0,0,0,0.855775,1.20968,0,0,0,0,0,0,0,0,0,0,0,0,2,0.855775,1.20968,0,1,2,0,0,0,0,0,1.1842,-0.237,2.3663,0,0,0,0,0,0,0,-0,0,1.44605,0,0,0,0,0,0,0,0,0,0,0,0,0,0,0,0,0,0,0,0,0,0,0,0,0,0,0,0,0,0,0,0,0
21.1,-0.00170396,-0.000921661,-0.000712304,0,0,0,3.13776,2.04065,-2.37611,-0.0159261,-0.00457489,0.00574704,0.000644846,0.00126426,0.000563132,3,2,3.92699,0,0,0,0,0,0,0,0,0,0,0,2,3,2,3.92699,0,0,0,0,0,0,0,0,0,0,1.5708,1.5708,0,1.5708,1.5708,0,-0.0104319,-0.0076528,0.000354335,-0.0131368,-0.0100788,0.00171485,1.90471,1.28523,-0.0108101,-0.0145879,-0.00670545,0.00129582,-0.000917133,-0.000161719,0.00332422,1.75578,1.20968,0,0,0,0,0.0461088,0.0304986,0,0,0,0,0.0361838,0.0215699,2,1.75578,1.20968,0,0.344544,0.487027,3.7308e-15,0,0,0,0,0,0,0,0,0,0,0,0,0.855775,1.20968,0,0,0,0,0,0,0,0,0,0,0,0,2,0.855775,1.20968,0,1,2,0,0,0,0,0,1.1842,-0.237,2.3663,0,0,0,0,0,0,0,-0,0,1.44605,0,0,0,0,0,0,0,0,0,0,0,0,0,0,0,0,0,0,0,0,0,0,0,0,0,0,0,0,0,0,0,0,0
21.15,-0.00170396,-0.000921661,-0.000712304,0,0,0,3.13776,2.04065,-2.37611,-0.0159261,-0.00457489,0.00574704,0.000644846,0.00126426,0.000563132,3,2,3.92699,0,0,0,0,0,0,0,0,0,0,0,2,3,2,3.92699,0,0,0,0,0,0,0,0,0,0,1.5708,1.5708,0,1.5708,1.5708,0,-0.0104319,-0.0076528,0.000354335,-0.0131355,-0.0100805,0.00171485,1.90471,1.28523,-0.0108101,-0.0145879,-0.00670545,0.00129582,-0.000917133,-0.000161719,0.00332422,1.75578,1.20968,0,0,0,0,0.0389439,0.0330364,0,0,0,0,0.0297723,0.0242413,2,1.75578,1.20968,0,0.344544,0.487027,3.7308e-15,0,0,0,0,0,0,0,0,0,0,0,0,0.855775,1.20968,0,0,0,0,0,0,0,0,0,0,0,0,2,0.855775,1.20968,0,1,2,0,0,0,0,0,1.253,-0.1691,2.4343,0,0,0,0,0,0,0,-0,0,1.44605,0,0,0,0,0,0,0,0,0,0,0,0,0,0,0,0,0,0,0,0,0,0,0,0,0,0,0,0,0,0,0,0,0
21.2,-0.00110508,6.46694e-05,-0.000678697,0,0,0,3.13617,2.04017,-2.37556,-0.0159137,-0.00480975,0.00555298,0.000451443,-2.64797e-05,-0.00055192,3,2,3.92699,0,0,0,0,0,0,0,0,0,0,0,2,3,2,3.92699,0,0,0,0,0,0,0,0,0,0,1.5708,1.5708,0,1.5708,1.5708,0,-0.0104147,-0.00593539,0.000790159,-0.0131355,-0.0100805,0.00171485,1.90327,1.28452,-0.0107881,-0.0144219,-0.00712674,0.00022035,0.000152345,-0.00182423,-0.00182354,1.75578,1.20968,0,0,0,0,0.0389439,0.0330364,0,0,0,0,0.0297723,0.0242413,2,1.75578,1.20968,0,0.344544,0.487027,3.7308e-15,0,0,0,0,0,0,0,0,0,0,0,0,0.855775,1.20968,0,0,0,0,0,0,0,0,0,0,0,0,2,0.855775,1.20968,0,1,2,0,0,0,0,0,1.253,-0.1691,2.4343,0,0,0,0,0,0,0,-0,0,1.44604,0,0,0,0,0,0,0,0,0,0,0,0,0,0,0,0,0,0,0,0,0,0,0,0,0,0,0,0,0,0,0,0,0
21.25,-0.00110508,6.46694e-05,-0.000678697,0,0,0,3.13617,2.04017,-2.37556,-0.0159137,-0.00480975,0.00555298,0.000451443,-2.64797e-05,-0.00055192,3,2,3.92699,0,0,0,0,0,0,0,0,0,0,0,2,3,2,3.92699,0,0,0,0,0,0,0,0,0,0,1.5708,1.5708,0,1.5708,1.5708,0,-0.0104147,-0.00593539,0.000790159,-0.0131352,-0.0100808,0.00171485,1.90327,1.28452,-0.0107881,-0.0144219,-0.00712674,0.00022035,0.000152345,-0.00182423,-0.00182354,1.75578,1.20968,0,0,0,0,0.04532,0.0266919,0,0,0,0,0.0297634,0.0123249,2,1.75578,1.20968,0,0.344544,0.487027,3.7308e-15,0,0,0,0,0,0,0,0,0,0,0,0,0.855775,1.20968,0,0,0,0,0,0,0,0,0,0,0,0,2,0.855775,1.20968,0,1,2,0,0,0,0,0,1.253,-0.1691,2.4343,0,0,0,0,0,0,0,-0,0,1.44604,0,0,0,0,0,0,0,0,0,0,0,0,0,0,0,0,0,0,0,0,0,0,0,0,0,0,0,0,0,0,0,0,0
21.3,-0.00119428,-0.000315915,-0.000653946,0,0,0,3.1346,2.0397,-2.37502,-0.0157,-0.00464164,0.00538411,0.00110382,0.000482651,-0.00115896,3,2,3.92699,0,0,0,0,0,0,0,0,0,0,0,2,3,2,3.92699,0,0,0,0,0,0,0,0,0,0,1.5708,1.5708,0,1.5708,1.5708,0,-0.00878188,-0.00630522,-0.000240019,-0.0128021,0.000138116,0.000916424,1.9018,1.28383,-0.0105183,-0.0147282,-0.0069356,0.00269799,-0.000982917,-0.000554454,0.00810792,1.75578,1.20968,0,0,0,0,0.04532,0.0266919,0,0,0,0,0.0297634,0.0123249,2,1.75578,1.20968,0,0.344544,0.487027,3.7308e-15,0,0,0,0,0,0,0,0,0,0,0,0,0.855775,1.20968,0,0,0,0,0,0,0,0,0,0,0,0,2,0.855775,1.20968,0,1,2,0,0,0,0,0,1.253,-0.1691,2.4343,0,0,0,0,0,0,0,-0,0,1.44608,0,0,0,0,0,0,0,0,0,0,0,0,0,0,0,0,0,0,0,0,0,0,0,0,0,0,0,0,0,0,0,0,0
21.35,-0.00119428,-0.000315915,-0.000653946,0,0,0,3.1346,2.0397,-2.37502,-0.0157,-0.00464164,0.00538411,0.00110382,0.000482651,-0.00115896,3,2,3.92699,0,0,0,0,0,0,0,0,0,0,0,2,3,2,3.92699,0,0,0,0,0,0,0,0,0,0,1.5708,1.5708,0,1.5708,1.5708,0,-0.00878188,-0.00630522,-0.000240019,-0.0128022,0.000134662,0.000916424,1.9018,1.28383,-0.0105183,-0.0147282,-0.0069356,0.00269799,-0.000982917,-0.000554454,0.00810792,1.75578,1.20968,0,0,0,0,0.025355,0.0352155,0,0,0,0,0.0176136,0.0268433,2,1.75578,1.20968,0,0.344544,0.487027,3.7308e-15,0,0,0,0,0,0,0,0,0,0,0,0,0.855775,1.20968,0,0,0,0,0,0,0,0,0,0,0,0,2,0.855775,1.20968,0,1,2,0,0,0,0,0,1.0939,-0.3291,2.2744,0,0,0,0,0,0,0,-0,0,1.44608,0,0,0,0,0,0,0,0,0,0,0,0,0,0,0,0,0,0,0,0,0,0,0,0,0,0,0,0,0,0,0,0,0
21.4,-0.000480513,-4.02898e-05,-0.000770537,0,0,0,3.13303,2.03924,-2.37446,-0.0157239,-0.00466763,0.00555952,0.000649948,0.000253234,-7.52275e-05,3,2,3.92699,0,0,0,0,0,0,0,0,0,0,0,2,3,2,3.92699,0,0,0,0,0,0,0,0,0,0,1.5708,1.5708,0,1.5708,1.5708,0,-0.00834511,-0.00618978,0.0002866,-0.0128022,0.000134662,0.000916424,1.90033,1.28314,-0.0103807,-0.0146828,-0.00688792,0.00137622,-0.000567317,2.70208e-05,0.000931803,1.75578,1.20968,0,0,0,0,0.025355,0.0352155,0,0,0,0,0.0176136,0.0268433,2,1.75578,1.20968,0,0.344544,0.487027,3.7308e-15,0,0,0,0,0,0,0,0,0,0,0,0,0.855775,1.20968,0,0,0,0,0,0,0,0,0,0,0,0,2,0.855775,1.20968,0,1,2,0,0,0,0,0,1.0939,-0.3291,2.2744,0,0,0,0,0,0,0,-0,0,1.44611,0,0,0,0,0,0,0,0,0,0,0,0,0,0,0,0,0,0,0,0,0,0,0,0,0,0,0,0,0,0,0,0,0
21.45,-0.000480513,-4.02898e-05,-0.000770537,0,0,0,3.13303,2.03924,-2.37446,-0.0157239,-0.00466763,0.00555952,0.000649948,0.000253234,-7.52275e-05,3,2,3.92699,0,0,0,0,0,0,0,0,0,0,0,2,3,2,3.92699,0,0,0,0,0,0,0,0,0,0,1.5708,1.5708,0,1.5708,1.5708,0,-0.00834511,-0.00618978,0.0002866,-0.0128022,0.0001329,0.000916424,1.90033,1.28314,-0.0103807,-0.0146828,-0.00688792,0.00137622,-0.000567317,2.70208e-05,0.000931803,1.75578,1.20968,0,0,0,0,0.03118,0.0263931,0,0,0,0,0.0240604,0.0195786,2,1.75578,1.20968,0,0.344544,0.487027,3.7308e-15,0,0,0,0,0,0,0,0,0,0,0,0,0.855775,1.20968,0,0,0,0,0,0,0,0,0,0,0,0,2,0.855775,1.20968,0,1,2,0,0,0,0,0,1.0939,-0.3291,2.2744,0,0,0,0,0,0,0,-0,0,1.44611,0,0,0,0,0,0,0,0,0,0,0,0,0,0,0,0,0,0,0,0,0,0,0,0,0,0,0,0,0,0,0,0,0
21.5,-0.000137936,0.000831778,-0.000963153,0,0,0,3.13147,2.03875,-2.37387,-0.0156389,-0.00486794,0.00591489,0.000673005,-0.000678085,0.00151995,3,2,3.92699,0,0,0,0,0,0,0,0,0,0,0,2,3,2,3.92699,0,0,0,0,0,0,0,0,0,0,1.5708,1.5708,0,1.5708,1.5708,0,-0.00785313,-0.0052114,0.000428361,-0.0128022,0.0001329,0.000916424,1.89887,1.28243,-0.0102799,-0.0146539,-0.00709197,0.00100764,-0.000164726,-0.000718391,-0.00188501,1.75578,1.20968,0,0,0,0,0.03118,0.0263931,0,0,0,0,0.0240604,0.0195786,2,1.75578,1.20968,0,0.344544,0.487027,3.7308e-15,0,0,0,0,0,0,0,0,0,0,0,0,0.855775,1.20968,0,0,0,0,0,0,0,0,0,0,0,0,2,0.855775,1.20968,0,1,2,0,0,0,0,0,1.0939,-0.3291,2.2744,0,0,0,0,0,0,0,-0,0,1.44614,0,0,0,0,0,0,0,0,0,0,0,0,0,0,0,0,0,0,0,0,0,0,0,0,0,0,0,0,0,0,0,0,0
21.55,-0.000137936,0.000831778,-0.000963153,0,0,0,3.13147,2.03875,-2.37387,-0.0156389,-0.00486794,0.00591489,0.000673005,-0.000678085,0.00151995,3,2,3.92699,0,0,0,0,0,0,0,0,0,0,0,2,3,2,3.92699,0,0,0,0,0,0,0,0,0,0,1.5708,1.5708,0,1.5708,1.5708,0,-0.00785313,-0.0052114,0.000428361,0,0,0,1.89887,1.28243,-0.0102799,-0.0146539,-0.00709197,0.00100764,-0.000164726,-0.000718391,-0.00188501,1.75578,1.20968,0,0,0,0,0.0316821,0.0225523,0,0,0,0,0.0226755,0.0141284,2,1.75578,1.20968,0,0.344544,0.487027,3.7308e-15,0,0,0,0,0,0,0,0,0,0,0,0,0.855775,1.20968,0,0,0,0,0,0,0,0,0,0,0,0,2,0.855775,1.20968,0,1,2,0,0,0,0,0,1.2109,-0.213,2.3907,0,0,0,0,0,0,0,-0,0,1.44614,0,0,0,0,0,0,0,0,0,0,0,0,0,0,0,0,0,0,0,0,0,0,0,0,0,0,0,0,0,0,0,0,0
21.6,-0.00011696,0.00130411,-0.000115526,0,0,0,3.12992,2.03825,-2.37349,-0.0154608,-0.00494887,0.00375374,0.00112541,-0.000854555,-0.00750892,3,2,3.92699,0,0,0,0,0,0,0,0,0,0,0,2,3,2,3.92699,0,0,0,0,0,0,0,0,0,0,1.5708,1.5708,0,1.5708,1.5708,0,-0.00663915,-0.00559788,-0.000260171,0,0,0,1.89738,1.28174,-0.0100153,-0.0148355,-0.00689639,0.0026467,-0.000764623,0.000251936,0.00503559,1.75578,1.20968,0,0,0,0,0.0316821,0.0225523,0,0,0,0,0.0226755,0.0141284,2,1.75578,1.20968,0,0.344544,0.487027,3.7308e-15,0,0,0,0,0,0,0,0,0,0,0,0,0.855775,1.20968,0,0,0,0,0,0,0,0,0,0,0,0,2,0.855775,1.20968,0,1,2,0,0,0,0,0,1.2109,-0.213,2.3907,0,0,0,0,0,0,0,-0,0,1.44619,0,0,0,0,0,0,0,0,0,0,0,0,0,0,0,0,0,0,0,0,0,0,0,0,0,0,0,0,0,0,0,0,0
21.65,-0.00011696,0.00130411,-0.000115526,0,0,0,3.12992,2.03825,-2.37349,-0.0154608,-0.00494887,0.00375374,0.00112541,-0.000854555,-0.00750892,3,2,3.92699,0,0,0,0,0,0,0,0,0,0,0,2,3,2,3.92699,0,0,0,0,0,0,0,0,0,0,1.5708,1.5708,0,1.5708,1.5708,0,-0.00663915,-0.00559788,-0.000260171,0,0,0,1.89738,1.28174,-0.0100153,-0.0148355,-0.00689639,0.0026467,-0.000764623,0.000251936,0.00503559,1.75578,1.20968,0,0,0,0,0.0178974,0.0278492,0,0,0,0,0.0150224,0.0243376,2,1.75578,1.20968,0,0.344544,0.487027,3.7308e-15,0,0,0,0,0,0,0,0,0,0,0,0,0.855775,1.20968,0,0,0,0,0,0,0,0,0,0,0,0,2,0.855775,1.20968,0,1,2,0,0,0,0,0,1.2109,-0.213,2.3907,0,0,0,0,0,0,0,-0,0,1.44619,0,0,0,0,0,0,0,0,0,0,0,0,0,0,0,0,0,0,0,0,0,0,0,0,0,0,0,0,0,0,0,0,0
21.7,6.611e-05,-0.000118883,-0.000208953,0,0,0,3.12839,2.03781,-2.3731,-0.0153322,-0.00447391,0.00390533,0.0012385,0.00135681,-0.00512199,3,2,3.92699,0,0,0,0,0,0,0,0,0,0,0,2,3,2,3.92699,0,0,0,0,0,0,0,0,0,0,1.5708,1.5708,0,1.5708,1.5708,0,-0.00608861,-0.00589675,0.000197744,0,0,0,1.8959,1.28107,-0.00986616,-0.0148219,-0.00672859,0.00149146,-0.000497463,0.000947743,-0.000653729,1.75578,1.20968,0,0,0,0,0.0178974,0.0278492,0,0,0,0,0.0150224,0.0243376,2,1.75578,1.20968,0,0.344544,0.487027,3.7308e-15,0,0,0,0,0,0,0,0,0,0,0,0,0.855775,1.20968,0,0,0,0,0,0,0,0,0,0,0,0,2,0.855775,1.20968,0,1,2,0,0,0,0,0,1.2109,-0.213,2.3907,0,0,0,0,0,0,0,-0,0,1.44626,0,0,0,0,0,0,0,0,0,0,0,0,0,0,0,0,0,0,0,0,0,0,0,0,0,0,0,0,0,0,0,0,0
21.75,6.611e-05,-0.000118883,-0.000208953,0,0,0,3.12839,2.03781,-2.3731,-0.0153322,-0.00447391,0.00390533,0.0012385,0.00135681,-0.00512199,3,2,3.92699,0,0,0,0,0,0,0,0,0,0,0,2,3,2,3.92699,0,0,0,0,0,0,0,0,0,0,1.5708,1.5708,0,1.5708,1.5708,0,-0.00608861,-0.00589675,0.000197744,0,0,0,1.8959,1.28107,-0.00986616,-0.0148219,-0.00672859,0.00149146,-0.000497463,0.000947743,-0.000653729,1.75578,1.20968,0,0,0,0,0.0222855,0.0196403,0,0,0,0,0.0219458,0.0194686,2,1.75578,1.20968,0,0.344544,0.487027,3.7308e-15,0,0,0,0,0,0,0,0,0,0,0,0,0.855775,1.20968,0,0,0,0,0,0,0,0,0,0,0,0,2,0.855775,1.20968,0,1,2,0,0,0,0,0,1.1087,-0.3159,2.2881,0,0,0,0,0,0,0,-0,0,1.44626,0,0,0,0,0,0,0,0,0,0,0,0,0,0,0,0,0,0,0,0,0,0,0,0,0,0,0,0,0,0,0,0,0
21.8,0.000386729,0.000861259,-0.000646436,0,0,0,3.12686,2.03734,-2.37262,-0.0152454,-0.00470816,0.00488398,0.00111616,0.000181233,0.00115509,3,2,3.92699,0,0,0,0,0,0,0,0,0,0,0,2,3,2,3.92699,0,0,0,0,0,0,0,0,0,0,1.5708,1.5708,0,1.5708,1.5708,0,-0.00576561,-0.00512981,9.53594e-05,0,0,0,1.89443,1.28038,-0.00969532,-0.0147423,-0.00687299,0.00170884,6.54143e-05,9.08257e-05,-0.00029533,1.75578,1.20968,0,0,0,0,0.0222855,0.0196403,0,0,0,0,0.0219458,0.0194686,2,1.75578,1.20968,0,0.344544,0.487027,3.7308e-15,0,0,0,0,0,0,0,0,0,0,0,0,0.855775,1.20968,0,0,0,0,0,0,0,0,0,0,0,0,2,0.855775,1.20968,0,1,2,0,0,0,0,0,1.1087,-0.3159,2.2881,0,0,0,0,0,0,0,-0,0,1.44633,0,0,0,0,0,0,0,0,0,0,0,0,0,0,0,0,0,0,0,0,0,0,0,0,0,0,0,0,0,0,0,0,0
21.85,0.000386729,0.000861259,-0.000646436,0,0,0,3.12686,2.03734,-2.37262,-0.0152454,-0.00470816,0.00488398,0.00111616,0.000181233,0.00115509,3,2,3.92699,0,0,0,0,0,0,0,0,0,0,0,2,3,2,3.92699,0,0,0,0,0,0,0,0,0,0,1.5708,1.5708,0,1.5708,1.5708,0,-0.00576561,-0.00512981,9.53594e-05,0,0,0,1.89443,1.28038,-0.00969532,-0.0147423,-0.00687299,0.00170884,6.54143e-05,9.08257e-05,-0.00029533,1.75578,1.20968,0,0,0,0,0.0196089,0.0194699,0,0,0,0,0.0177926,0.0176618,2,1.75578,1.20968,0,0.344544,0.487027,3.7308e-15,0,0,0,0,0,0,0,0,0,0,0,0,0.855775,1.20968,0,0,0,0,0,0,0,0,0,0,0,0,2,0.855775,1.20968,0,1,2,0,0,0,0,0,1.1087,-0.3159,2.2881,0,0,0,0,0,0,0,-0,0,1.44633,0,0,0,0,0,0,0,0,0,0,0,0,0,0,0,0,0,0,0,0,0,0,0,0,0,0,0,0,0,0,0,0,0
21.9,0.000136905,0.00041304,0.000270907,0,0,0,3.12536,2.03688,-2.37236,-0.0149925,-0.00452144,0.00257489,0.00165402,0.000692756,-0.00768026,3,2,3.92699,0,0,0,0,0,0,0,0,0,0,0,2,3,2,3.92699,0,0,0,0,0,0,0,0,0,0,1.5708,1.5708,0,1.5708,1.5708,0,-0.00439626,-0.00570198,7.16502e-05,0,0,0,1.89293,1.27972,-0.00952208,-0.0149681,-0.00662591,0.00173238,-0.000796358,0.000921363,-3.36368e-05,1.75578,1.20968,0,0,0,0,0.0196089,0.0194699,0,0,0,0,0.0177926,0.0176618,2,1.75578,1.20968,0,0.344544,0.487027,3.7308e-15,0,0,0,0,0,0,0,0,0,0,0,0,0.855775,1.20968,0,0,0,0,0,0,0,0,0,0,0,0,2,0.855775,1.20968,0,1,2,0,0,0,0,0,1.1087,-0.3159,2.2881,0,0,0,0,0,0,0,-0,0,1.44644,0,0,0,0,0,0,0,0,0,0,0,0,0,0,0,0,0,0,0,0,0,0,0,0,0,0,0,0,0,0,0,0,0
21.95,0.000136905,0.00041304,0.000270907,0,0,0,3.12536,2.03688,-2.37236,-0.0149925,-0.00452144,0.00257489,0.00165402,0.000692756,-0.00768026,3,2,3.92699,0,0,0,0,0,0,0,0,0,0,0,2,3,2,3.92699,0,0,0,0,0,0,0,0,0,0,1.5708,1.5708,0,1.5708,1.5708,0,-0.00439626,-0.00570198,7.16502e-05,0,0,0,1.89293,1.27972,-0.00952208,-0.0149681,-0.00662591,0.00173238,-0.000796358,0.000921363,-3.36368e-05,1.75578,1.20968,0,0,0,0,0.0145353,0.0151487,0,0,0,0,0.0193482,0.0199211,2,1.75578,1.20968,0,0.344544,0.487027,3.7308e-15,0,0,0,0,0,0,0,0,0,0,0,0,0.855775,1.20968,0,0,0,0,0,0,0,0,0,0,0,0,2,0.855775,1.20968,0,1,2,0,0,0,0,0,1.1839,-0.2414,2.3628,0,0,0,0,0,0,0,-0,0,1.44644,0,0,0,0,0,0,0,0,0,0,0,0,0,0,0,0,0,0,0,0,0,0,0,0,0,0,0,0,0,0,0,0,0
22,0.000398386,0.000308121,0.000137869,0,0,0,3.12387,2.03644,-2.37207,-0.0148924,-0.00443745,0.00284524,0.00147775,0.000824403,-0.00473019,3,2,3.92699,0,0,0,0,0,0,0,0,0,0,0,2,3,2,3.92699,0,0,0,0,0,0,0,0,0,0,1.5708,1.5708,0,1.5708,1.5708,0,-0.0047167,-0.00556627,0.000762714,0,0,0,1.89146,1.27906,-0.00951874,-0.0146995,-0.00658779,3.33892e-05,0.000490069,0.000823244,-0.00677455,1.75578,1.20968,0,0,0,0,0.0145353,0.0151487,0,0,0,0,0.0193482,0.0199211,2,1.75578,1.20968,0,0.344544,0.487027,3.7308e-15,0,0,0,0,0,0,0,0,0,0,0,0,0.855775,1.20968,0,0,0,0,0,0,0,0,0,0,0,0,2,0.855775,1.20968,0,1,2,0,0,0,0,0,1.1839,-0.2414,2.3628,0,0,0,0,0,0,0,-0,0,1.44654,0,0,0,0,0,0,0,0,0,0,0,0,0,0,0,0,0,0,0,0,0,0,0,0,0,0,0,0,0,0,0,0,0
22.05,0.000398386,0.000308121,0.000137869,0,0,0,3.12387,2.03644,-2.37207,-0.0148924,-0.00443745,0.00284524,0.00147775,0.000824403,-0.00473019,3,2,3.92699,0,0,0,0,0,0,0,0,0,0,0,2,3,2,3.92699,0,0,0,0,0,0,0,0,0,0,1.5708,1.5708,0,1.5708,1.5708,0,-0.0047167,-0.00556627,0.000762714,0,0,0,1.89146,1.27906,-0.00951874,-0.0146995,-0.00658779,3.33892e-05,0.000490069,0.000823244,-0.00677455,1.75578,1.20968,0,0,0,0,0.0249533,0.00701276,0,0,0,0,0.0278196,0.0105774,2,1.75578,1.20968,0,0.344544,0.487027,3.7308e-15,0,0,0,0,0,0,0,0,0,0,0,0,0.855775,1.20968,0,0,0,0,0,0,0,0,0,0,0,0,2,0.855775,1.20968,0,1,2,0,0,0,0,0,1.1839,-0.2414,2.3628,0,0,0,0,0,0,0,-0,0,1.44654,0,0,0,0,0,0,0,0,0,0,0,0,0,0,0,0,0,0,0,0,0,0,0,0,0,0,0,0,0,0,0,0,0
22.1,0.000518171,0.00211468,0.000199166,0,0,0,3.1224,2.03595,-2.37181,-0.014752,-0.00491406,0.00264142,0.00140975,-0.00139613,-0.00325252,3,2,3.92699,0,0,0,0,0,0,0,0,0,0,0,2,3,2,3.92699,0,0,0,0,0,0,0,0,0,0,1.5708,1.5708,0,1.5708,1.5708,0,-0.00393201,-0.00562917,0.000487843,0,0,0,1.88998,1.27841,-0.00944924,-0.0147556,-0.00649228,0.000694968,0.000229302,0.000856037,-0.00233651,1.75578,1.20968,0,0,0,0,0.0249533,0.00701276,0,0,0,0,0.0278196,0.0105774,2,1.75578,1.20968,0,0.344544,0.487027,3.7308e-15,0,0,0,0,0,0,0,0,0,0,0,0,0.855775,1.20968,0,0,0,0,0,0,0,0,0,0,0,0,2,0.855775,1.20968,0,1,2,0,0,0,0,0,1.1839,-0.2414,2.3628,0,0,0,0,0,0,0,-0,0,1.44662,0,0,0,0,0,0,0,0,0,0,0,0,0,0,0,0,0,0,0,0,0,0,0,0,0,0,0,0,0,0,0,0,0
22.15,0.000518171,0.00211468,0.000199166,0,0,0,3.1224,2.03595,-2.37181,-0.014752,-0.00491406,0.00264142,0.00140975,-0.00139613,-0.00325252,3,2,3.92699,0,0,0,0,0,0,0,0,0,0,0,2,3,2,3.92699,0,0,0,0,0,0,0,0,0,0,1.5708,1.5708,0,1.5708,1.5708,0,-0.00393201,-0.00562917,0.000487843,0,0,0,1.88998,1.27841,-0.00944924,-0.0147556,-0.00649228,0.000694968,0.000229302,0.000856037,-0.00233651,1.75578,1.20968,0,0,0,0,0.0187244,0.00782229,0,0,0,0,0.0244821,0.0142782,2,1.75578,1.20968,0,0.344544,0.487027,3.7308e-15,0,0,0,0,0,0,0,0,0,0,0,0,0.855775,1.20968,0,0,0,0,0,0,0,0,0,0,0,0,2,0.855775,1.20968,0,1,2,0,0,0,0,0,1.1051,-0.3208,2.2835,0,0,0,0,0,0,0,-0,0,1.44662,0,0,0,0,0,0,0,0,0,0,0,0,0,0,0,0,0,0,0,0,0,0,0,0,0,0,0,0,0,0,0,0,0
22.2,0.000633731,0.000891561,0.00040314,0,0,0,3.12094,2.0355,-2.3716,-0.0146119,-0.00449802,0.00209739,0.0014007,0.00052487,-0.0039273,3,2,3.92699,0,0,0,0,0,0,0,0,0,0,0,2,3,2,3.92699,0,0,0,0,0,0,0,0,0,0,1.5708,1.5708,0,1.5708,1.5708,0,-0.00377295,-0.00598919,0.000331068,0,0,0,1.88852,1.27778,-0.0093433,-0.0146289,-0.00631139,0.00105902,0.000612242,0.00124285,0.000652613,1.75578,1.20968,0,0,0,0,0.0187244,0.00782229,0,0,0,0,0.0244821,0.0142782,2,1.75578,1.20968,0,0.344544,0.487027,3.7308e-15,0,0,0,0,0,0,0,0,0,0,0,0,0.855775,1.20968,0,0,0,0,0,0,0,0,0,0,0,0,2,0.855775,1.20968,0,1,2,0,0,0,0,0,1.1051,-0.3208,2.2835,0,0,0,0,0,0,0,-0,0,1.44672,0,0,0,0,0,0,0,0,0,0,0,0,0,0,0,0,0,0,0,0,0,0,0,0,0,0,0,0,0,0,0,0,0
22.25,0.000633731,0.000891561,0.00040314,0,0,0,3.12094,2.0355,-2.3716,-0.0146119,-0.00449802,0.00209739,0.0014007,0.00052487,-0.0039273,3,2,3.92699,0,0,0,0,0,0,0,0,0,0,0,2,3,2,3.92699,0,0,0,0,0,0,0,0,0,0,1.5708,1.5708,0,1.5708,1.5708,0,-0.00377295,-0.00598919,0.000331068,0,0,0,1.88852,1.27778,-0.0093433,-0.0146289,-0.00631139,0.00105902,0.000612242,0.00124285,0.000652613,1.75578,1.20968,0,0,0,0,0.0159473,0.00948182,0,0,0,0,0.0236264,0.0175744,2,1.75578,1.20968,0,0.344544,0.487027,3.7308e-15,0,0,0,0,0,0,0,0,0,0,0,0,0.855775,1.20968,0,0,0,0,0,0,0,0,0,0,0,0,2,0.855775,1.20968,0,1,2,0,0,0,0,0,1.1051,-0.3208,2.2835,0,0,0,0,0,0,0,-0,0,1.44672,0,0,0,0,0,0,0,0,0,0,0,0,0,0,0,0,0,0,0,0,0,0,0,0,0,0,0,0,0,0,0,0,0
22.3,0.00129456,0.00134594,0.000215135,0,0,0,3.11948,2.03504,-2.37135,-0.0146332,-0.00457807,0.00250974,0.000778101,0.000262543,-0.000805495,3,2,3.92699,0,0,0,0,0,0,0,0,0,0,0,2,3,2,3.92699,0,0,0,0,0,0,0,0,0,0,1.5708,1.5708,0,1.5708,1.5708,0,-0.00372778,-0.0054794,0.000827443,0,0,0,1.88708,1.27714,-0.00935906,-0.0144708,-0.00638585,-0.000157688,0.00107504,0.000511332,-0.00406652,1.75578,1.20968,0,0,0,0,0.0159473,0.00948182,0,0,0,0,0.0236264,0.0175744,2,1.75578,1.20968,0,0.344544,0.487027,3.7308e-15,0,0,0,0,0,0,0,0,0,0,0,0,0.855775,1.20968,0,0,0,0,0,0,0,0,0,0,0,0,2,0.855775,1.20968,0,1,2,0,0,0,0,0,1.1051,-0.3208,2.2835,0,0,0,0,0,0,0,-0,0,1.4468,0,0,0,0,0,0,0,0,0,0,0,0,0,0,0,0,0,0,0,0,0,0,0,0,0,0,0,0,0,0,0,0,0
22.35,0.00129456,0.00134594,0.000215135,0,0,0,3.11948,2.03504,-2.37135,-0.0146332,-0.00457807,0.00250974,0.000778101,0.000262543,-0.000805495,3,2,3.92699,0,0,0,0,0,0,0,0,0,0,0,2,3,2,3.92699,0,0,0,0,0,0,0,0,0,0,1.5708,1.5708,0,1.5708,1.5708,0,-0.00372778,-0.0054794,0.000827443,0,0,0,1.88708,1.27714,-0.00935906,-0.0144708,-0.00638585,-0.000157688,0.00107504,0.000511332,-0.00406652,1.75578,1.20968,0,0,0,0,0.0213648,0.00414831,0,0,0,0,0.0283929,0.00934797,2,1.75578,1.20968,0,0.344544,0.487027,3.7308e-15,0,0,0,0,0,0,0,0,0,0,0,0,0.855775,1.20968,0,0,0,0,0,0,0,0,0,0,0,0,2,0.855775,1.20968,0,1,2,0,0,0,0,0,1.2704,-0.156,2.4483,0,0,0,0,0,0,0,-0,0,1.4468,0,0,0,0,0,0,0,0,0,0,0,0,0,0,0,0,0,0,0,0,0,0,0,0,0,0,0,0,0,0,0,0,0
22.4,0.00124704,-0.000232067,0.000543275,0,0,0,3.11803,2.03463,-2.37118,-0.0144468,-0.0040621,0.00166877,0.00109439,0.00217344,-0.00341596,3,2,3.92699,0,0,0,0,0,0,0,0,0,0,0,2,3,2,3.92699,0,0,0,0,0,0,0,0,0,0,1.5708,1.5708,0,1.5708,1.5708,0,-0.00290448,-0.00563662,0.00011365,0,0,0,1.88562,1.27651,-0.00920253,-0.0145408,-0.00626526,0.00156512,0.000395206,0.000675363,0.0038035,1.75578,1.20968,0,0,0,0,0.0213648,0.00414831,0,0,0,0,0.0283929,0.00934797,2,1.75578,1.20968,0,0.344544,0.487027,3.7308e-15,0,0,0,0,0,0,0,0,0,0,0,0,0.855775,1.20968,0,0,0,0,0,0,0,0,0,0,0,0,2,0.855775,1.20968,0,1,2,0,0,0,0,0,1.2704,-0.156,2.4483,0,0,0,0,0,0,0,-0,0,1.44692,0,0,0,0,0,0,0,0,0,0,0,0,0,0,0,0,0,0,0,0,0,0,0,0,0,0,0,0,0,0,0,0,0
22.45,0.00124704,-0.000232067,0.000543275,0,0,0,3.11803,2.03463,-2.37118,-0.0144468,-0.0040621,0.00166877,0.00109439,0.00217344,-0.00341596,3,2,3.92699,0,0,0,0,0,0,0,0,0,0,0,2,3,2,3.92699,0,0,0,0,0,0,0,0,0,0,1.5708,1.5708,0,1.5708,1.5708,0,-0.00290448,-0.00563662,0.00011365,0,0,0,1.88562,1.27651,-0.00920253,-0.0145408,-0.00626526,0.00156512,0.000395206,0.000675363,0.0038035,1.75578,1.20968,0,0,0,0,0.0101015,0.00940352,0,0,0,0,0.019688,0.0190336,2,1.75578,1.20968,0,0.344544,0.487027,3.7308e-15,0,0,0,0,0,0,0,0,0,0,0,0,0.855775,1.20968,0,0,0,0,0,0,0,0,0,0,0,0,2,0.855775,1.20968,0,1,2,0,0,0,0,0,1.2704,-0.156,2.4483,0,0,0,0,0,0,0,-0,0,1.44692,0,0,0,0,0,0,0,0,0,0,0,0,0,0,0,0,0,0,0,0,0,0,0,0,0,0,0,0,0,0,0,0,0
22.5,0.00144831,0.000860462,0.000333807,0,0,0,3.1166,2.0342,-2.37097,-0.0143355,-0.0043341,0.0021413,0.00116373,0.000482533,-0.000519077,3,2,3.92699,0,0,0,0,0,0,0,0,0,0,0,2,3,2,3.92699,0,0,0,0,0,0,0,0,0,0,1.5708,1.5708,0,1.5708,1.5708,0,-0.00307905,-0.00515278,0.000660528,0,0,0,1.88419,1.27588,-0.00918086,-0.0143196,-0.00633267,0.000216796,0.001048,0.000166593,-0.00203933,1.75578,1.20968,0,0,0,0,0.0101015,0.00940352,0,0,0,0,0.019688,0.0190336,2,1.75578,1.20968,0,0.344544,0.487027,3.7308e-15,0,0,0,0,0,0,0,0,0,0,0,0,0.855775,1.20968,0,0,0,0,0,0,0,0,0,0,0,0,2,0.855775,1.20968,0,1,2,0,0,0,0,0,1.2704,-0.156,2.4483,0,0,0,0,0,0,0,-0,0,1.44702,0,0,0,0,0,0,0,0,0,0,0,0,0,0,0,0,0,0,0,0,0,0,0,0,0,0,0,0,0,0,0,0,0
22.55,0.00144831,0.000860462,0.000333807,0,0,0,3.1166,2.0342,-2.37097,-0.0143355,-0.0043341,0.0021413,0.00116373,0.000482533,-0.000519077,3,2,3.92699,0,0,0,0,0,0,0,0,0,0,0,2,3,2,3.92699,0,0,0,0,0,0,0,0,0,0,1.5708,1.5708,0,1.5708,1.5708,0,-0.00307905,-0.00515278,0.000660528,0,0,0,1.88419,1.27588,-0.00918086,-0.0143196,-0.00633267,0.000216796,0.001048,0.000166593,-0.00203933,1.75578,1.20968,0,0,0,0,0.0173624,0.00361001,0,0,0,0,0.0251825,0.0102707,2,1.75578,1.20968,0,0.344544,0.487027,3.7308e-15,0,0,0,0,0,0,0,0,0,0,0,0,0.855775,1.20968,0,0,0,0,0,0,0,0,0,0,0,0,2,0.855775,1.20968,0,1,2,0,0,0,0,0,1.1843,-0.2425,2.3618,0,0,0,0,0,0,0,-0,0,1.44702,0,0,0,0,0,0,0,0,0,0,0,0,0,0,0,0,0,0,0,0,0,0,0,0,0,0,0,0,0,0,0,0,0
22.6,0.00165717,0.000955322,0.000496267,0,0,0,3.11517,2.03377,-2.3708,-0.0142277,-0.0043108,0.00170727,0.00113375,0.000152492,-0.00165313,3,2,3.92699,0,0,0,0,0,0,0,0,0,0,0,2,3,2,3.92699,0,0,0,0,0,0,0,0,0,0,1.5708,1.5708,0,1.5708,1.5708,0,-0.00247446,-0.00547303,0.000515948,0,0,0,1.88276,1.27526,-0.00912478,-0.0143278,-0.00616526,0.00056087,0.000679796,0.000697862,-0.000640306,1.75578,1.20968,0,0,0,0,0.0173624,0.00361001,0,0,0,0,0.0251825,0.0102707,2,1.75578,1.20968,0,0.344544,0.487027,3.7308e-15,0,0,0,0,0,0,0,0,0,0,0,0,0.855775,1.20968,0,0,0,0,0,0,0,0,0,0,0,0,2,0.855775,1.20968,0,1,2,0,0,0,0,0,1.1843,-0.2425,2.3618,0,0,0,0,0,0,0,-0,0,1.44713,0,0,0,0,0,0,0,0,0,0,0,0,0,0,0,0,0,0,0,0,0,0,0,0,0,0,0,0,0,0,0,0,0
22.65,0.00165717,0.000955322,0.000496267,0,0,0,3.11517,2.03377,-2.3708,-0.0142277,-0.0043108,0.00170727,0.00113375,0.000152492,-0.00165313,3,2,3.92699,0,0,0,0,0,0,0,0,0,0,0,2,3,2,3.92699,0,0,0,0,0,0,0,0,0,0,1.5708,1.5708,0,1.5708,1.5708,0,-0.00247446,-0.00547303,0.000515948,0,0,0,1.88276,1.27526,-0.00912478,-0.0143278,-0.00616526,0.00056087,0.000679796,0.000697862,-0.000640306,1.75578,1.20968,0,0,0,0,0.0136329,0.00308669,0,0,0,0,0.0243565,0.0132396,2,1.75578,1.20968,0,0.344544,0.487027,3.7308e-15,0,0,0,0,0,0,0,0,0,0,0,0,0.855775,1.20968,0,0,0,0,0,0,0,0,0,0,0,0,2,0.855775,1.20968,0,1,2,0,0,0,0,0,1.1843,-0.2425,2.3618,0,0,0,0,0,0,0,-0,0,1.44713,0,0,0,0,0,0,0,0,0,0,0,0,0,0,0,0,0,0,0,0,0,0,0,0,0,0,0,0,0,0,0,0,0
22.7,0.00221684,0.00156471,8.90318e-05,0,0,0,3.11375,2.03333,-2.37053,-0.0142237,-0.00443836,0.00265611,0.000674309,-0.000468399,0.00264816,3,2,3.92699,0,0,0,0,0,0,0,0,0,0,0,2,3,2,3.92699,0,0,0,0,0,0,0,0,0,0,1.5708,1.5708,0,1.5708,1.5708,0,-0.00212482,-0.00545038,0.000120058,0,0,0,1.88133,1.27465,-0.00897429,-0.0142615,-0.00609955,0.00150363,0.000604865,0.000745598,0.00357325,1.75578,1.20968,0,0,0,0,0.0136329,0.00308669,0,0,0,0,0.0243565,0.0132396,2,1.75578,1.20968,0,0.344544,0.487027,3.7308e-15,0,0,0,0,0,0,0,0,0,0,0,0,0.855775,1.20968,0,0,0,0,0,0,0,0,0,0,0,0,2,0.855775,1.20968,0,1,2,0,0,0,0,0,1.1843,-0.2425,2.3618,0,0,0,0,0,0,0,-0,0,1.44722,0,0,0,0,0,0,0,0,0,0,0,0,0,0,0,0,0,0,0,0,0,0,0,0,0,0,0,0,0,0,0,0,0
22.75,0.00221684,0.00156471,8.90318e-05,0,0,0,3.11375,2.03333,-2.37053,-0.0142237,-0.00443836,0.00265611,0.000674309,-0.000468399,0.00264816,3,2,3.92699,0,0,0,0,0,0,0,0,0,0,0,2,3,2,3.92699,0,0,0,0,0,0,0,0,0,0,1.5708,1.5708,0,1.5708,1.5708,0,-0.00212482,-0.00545038,0.000120058,0,0,0,1.88133,1.27465,-0.00897429,-0.0142615,-0.00609955,0.00150363,0.000604865,0.000745598,0.00357325,1.75578,1.20968,0,0,0,0,0.00760505,0.00659065,0,0,0,0,0.0191736,0.0182231,2,1.75578,1.20968,0,0.344544,0.487027,3.7308e-15,0,0,0,0,0,0,0,0,0,0,0,0,0.855775,1.20968,0,0,0,0,0,0,0,0,0,0,0,0,2,0.855775,1.20968,0,1,2,0,0,0,0,0,1.1845,-0.2428,2.3615,0,0,0,0,0,0,0,-0,0,1.44722,0,0,0,0,0,0,0,0,0,0,0,0,0,0,0,0,0,0,0,0,0,0,0,0,0,0,0,0,0,0,0,0,0
22.8,0.00243721,0.00148096,-0.000228219,0,0,0,3.11234,2.03289,-2.37019,-0.0141207,-0.00436157,0.0033693,0.000805167,-4.26091e-05,0.00501219,3,2,3.92699,0,0,0,0,0,0,0,0,0,0,0,2,3,2,3.92699,0,0,0,0,0,0,0,0,0,0,1.5708,1.5708,0,1.5708,1.5708,0,-0.00212482,-0.00545038,0.000120058,0,0,0,1.88133,1.27465,-0.00897429,-0.0142615,-0.00609955,0.00150363,0.000604865,0.000745598,0.00357325,1.75578,1.20968,0,0,0,0,0.00760505,0.00659065,0,0,0,0,0.0191736,0.0182231,2,1.75578,1.20968,0,0.344544,0.487027,3.7308e-15,0,0,0,0,0,0,0,0,0,0,0,0,0.855775,1.20968,0,0,0,0,0,0,0,0,0,0,0,0,2,0.855775,1.20968,0,1,2,0,0,0,0,0,1.1845,-0.2428,2.3615,0,0,0,0,0,0,0,-0,0,1.44579,0,0,0,0,0,0,0,0,0,0,0,0,0,0,0,0,0,0,0,0,0,0,0,0,0,0,0,0,0,0,0,0,0
22.85,0.00243721,0.00148096,-0.000228219,0,0,0,3.11234,2.03289,-2.37019,-0.0141207,-0.00436157,0.0033693,0.000805167,-4.26091e-05,0.00501219,3,2,3.92699,0,0,0,0,0,0,0,0,0,0,0,2,3,2,3.92699,0,0,0,0,0,0,0,0,0,0,1.5708,1.5708,0,1.5708,1.5708,0,-0.00212482,-0.00545038,0.000120058,0,0,0,1.88133,1.27465,-0.00897429,-0.0142615,-0.00609955,0.00150363,0.000604865,0.000745598,0.00357325,1.75578,1.20968,0,0,0,0,0.00760505,0.00659065,0,0,0,0,0.0191736,0.0182231,2,1.75578,1.20968,0,0.344544,0.487027,3.7308e-15,0,0,0,0,0,0,0,0,0,0,0,0,0.855775,1.20968,0,0,0,0,0,0,0,0,0,0,0,0,2,0.855775,1.20968,0,1,2,0,0,0,0,0,1.1845,-0.2428,2.3615,0,0,0,0,0,0,0,-0,0,1.44579,0,0,0,0,0,0,0,0,0,0,0,0,0,0,0,0,0,0,0,0,0,0,0,0,0,0,0,0,0,0,0,0,0
22.9,0.00325356,0.00192125,-0.000877273,0,0,0,3.11092,2.03245,-2.36971,-0.0141933,-0.00443905,0.00486885,0.000155282,-0.000294935,0.00933418,3,2,3.92699,0,0,0,0,0,0,0,0,0,0,0,2,3,2,3.92699,0,0,0,0,0,0,0,0,0,0,1.5708,1.5708,0,1.5708,1.5708,0,-0.0101825,-0.0156721,-0.00226,0,0,0,1.87901,1.27405,-0.0075607,-0.0116131,-0.0030176,0.00706942,-0.0353848,0.000737938,0.0531671,1.75578,1.20968,0,0,0,0,0.00760505,0.00659065,0,0,0,0,0.0191736,0.0182231,2,1.75578,1.20968,0,0.344544,0.487027,3.7308e-15,0,0,0,0,0,0,0,0,0,0,0,0,0.855775,1.20968,0,0,0,0,0,0,0,0,0,0,0,0,2,0.855775,1.20968,0,1,2,0,0,0,0,0,1.1845,-0.2428,2.3615,0,0,0,0,0,0,0,-0,0,1.44664,0,0,0,0,0,0,0,0,0,0,0,0,0,0,0,0,0,0,0,0,0,0,0,0,0,0,0,0,0,0,0,0,0
22.95,0.00325356,0.00192125,-0.000877273,0,0,0,3.11092,2.03245,-2.36971,-0.0141933,-0.00443905,0.00486885,0.000155282,-0.000294935,0.00933418,3,2,3.92699,0,0,0,0,0,0,0,0,0,0,0,2,3,2,3.92699,0,0,0,0,0,0,0,0,0,0,1.5708,1.5708,0,1.5708,1.5708,0,-0.0101825,-0.0156721,-0.00226,0,0,0,1.87901,1.27405,-0.0075607,-0.0116131,-0.0030176,0.00706942,-0.0353848,0.000737938,0.0531671,1.75578,1.20968,0,0,0,0,0.0102616,0.0635194,0,0,0,0.00288836,0.0243155,0.0861297,2,1.75578,1.20968,0,0.344544,0.487027,3.7308e-15,0,0,0,0,0,0,0,0,0,0,0,0,0.855775,1.20968,0,0,0,0,0,0,0,0,0,0,0,0,2,0.855775,1.20968,0,1,2,0,0,0,0,0,1.1427,-0.2848,2.3212,0,0,0,0,0,0,0,-0,0,1.44664,0,0,0,0,0,0,0,0,0,0,0,0,0,0,0,0,0,0,0,0,0,0,0,0,0,0,0,0,0,0,0,0,0
23,0.00249266,0.0015465,-0.000709172,0,0,0,3.10954,2.03202,-2.36927,-0.0138033,-0.00427704,0.00436762,0.00160523,0.000449104,0.00417456,3,2,3.92699,0,0,0,0,0,0,0,0,0,0,0,2,3,2,3.92699,0,0,0,0,0,0,0,0,0,0,1.5708,1.5708,0,1.5708,1.5708,0,-0.000474342,-0.0046274,0.000415179,0,0,0,1.87758,1.27343,-0.00751219,-0.0143028,-0.00619693,0.000485312,0.00950275,-0.00021546,-0.0159039,1.75578,1.20968,0,0,0,0,0.0102616,0.0635194,0,0,0,0.00288836,0.0243155,0.0861297,2,1.75578,1.20968,0,0.344544,0.487027,3.7308e-15,0,0,0,0,0,0,0,0,0,0,0,0,0.855775,1.20968,0,0,0,0,0,0,0,0,0,0,0,0,2,0.855775,1.20968,0,1,2,0,0,0,0,0,1.1427,-0.2848,2.3212,0,0,0,0,0,0,0,-0,0,1.44679,0,0,0,0,0,0,0,0,0,0,0,0,0,0,0,0,0,0,0,0,0,0,0,0,0,0,0,0,0,0,0,0,0
23.05,0.00249266,0.0015465,-0.000709172,0,0,0,3.10954,2.03202,-2.36927,-0.0138033,-0.00427704,0.00436762,0.00160523,0.000449104,0.00417456,3,2,3.92699,0,0,0,0,0,0,0,0,0,0,0,2,3,2,3.92699,0,0,0,0,0,0,0,0,0,0,1.5708,1.5708,0,1.5708,1.5708,0,-0.000474342,-0.0046274,0.000415179,0,0,0,1.87758,1.27343,-0.00751219,-0.0143028,-0.00619693,0.000485312,0.00950275,-0.00021546,-0.0159039,1.75578,1.20968,0,0,0,0,0.00616269,0.000336627,0,0,0.00343469,0,0.020316,0.0113384,2,1.75578,1.20968,0,0.344544,0.487027,3.7308e-15,0,0,0,0,0,0,0,0,0,0,0,0,0.855775,1.20968,0,0,0,0,0,0,0,0,0,0,0,0,2,0.855775,1.20968,0,1,2,0,0,0,0,0,1.1427,-0.2848,2.3212,0,0,0,0,0,0,0,-0,0,1.44679,0,0,0,0,0,0,0,0,0,0,0,0,0,0,0,0,0,0,0,0,0,0,0,0,0,0,0,0,0,0,0,0,0
23.1,0.00237963,0.00209962,-0.000306711,0,0,0,3.10818,2.03158,-2.36894,-0.0136075,-0.00438856,0.00331081,0.00191095,-8.5086e-05,-0.00240459,3,2,3.92699,0,0,0,0,0,0,0,0,0,0,0,2,3,2,3.92699,0,0,0,0,0,0,0,0,0,0,1.5708,1.5708,0,1.5708,1.5708,0,-0.000760878,-0.00462008,0.00108789,0,0,0,1.87617,1.27282,-0.00762671,-0.0140517,-0.00612643,-0.00114495,0.0127479,9.42493e-06,-0.0254046,1.75578,1.20968,0,0,0,0,0.00616269,0.000336627,0,0,0.00343469,0,0.020316,0.0113384,2,1.75578,1.20968,0,0.344544,0.487027,3.7308e-15,0,0,0,0,0,0,0,0,0,0,0,0,0.855775,1.20968,0,0,0,0,0,0,0,0,0,0,0,0,2,0.855775,1.20968,0,1,2,0,0,0,0,0,1.1427,-0.2848,2.3212,0,0,0,0,0,0,0,-0,0,1.44691,0,0,0,0,0,0,0,0,0,0,0,0,0,0,0,0,0,0,0,0,0,0,0,0,0,0,0,0,0,0,0,0,0
23.15,0.00237963,0.00209962,-0.000306711,0,0,0,3.10818,2.03158,-2.36894,-0.0136075,-0.00438856,0.00331081,0.00191095,-8.5086e-05,-0.00240459,3,2,3.92699,0,0,0,0,0,0,0,0,0,0,0,2,3,2,3.92699,0,0,0,0,0,0,0,0,0,0,1.5708,1.5708,0,1.5708,1.5708,0,-0.000760878,-0.00462008,0.00108789,0,0,0,1.87617,1.27282,-0.00762671,-0.0140517,-0.00612643,-0.00114495,0.0127479,9.42493e-06,-0.0254046,1.75578,1.20968,0,0,0,0,0.0162635,0.000382069,0.000559871,0,0.0116654,0,0.0269799,0.00540153,2,1.75578,1.20968,0,0.344544,0.487027,3.7308e-15,0,0,0,0,0,0,0,0,0,0,0,0,0.855775,1.20968,0,0,0,0,0,0,0,0,0,0,0,0,2,0.855775,1.20968,0,1,2,0,0,0,0,0,1.1838,-0.2447,2.3613,0,0,0,0,0,0,0,-0,0,1.44691,0,0,0,0,0,0,0,0,0,0,0,0,0,0,0,0,0,0,0,0,0,0,0,0,0,0,0,0,0,0,0,0,0
23.2,0.00291056,0.00119996,-0.000460958,0,0,0,3.10682,2.03117,-2.36858,-0.0136026,-0.00407344,0.00361786,0.00123229,0.00114329,-0.00111399,3,2,3.92699,0,0,0,0,0,0,0,0,0,0,0,2,3,2,3.92699,0,0,0,0,0,0,0,0,0,0,1.5708,1.5708,0,1.5708,1.5708,0,-5.99949e-06,-0.0049664,0.000452537,0,0,0,1.87476,1.27222,-0.0075859,-0.0141068,-0.00595386,0.000408274,0.00789886,0.000736213,-0.0103345,1.75578,1.20968,0,0,0,0,0.0162635,0.000382069,0.000559871,0,0.0116654,0,0.0269799,0.00540153,2,1.75578,1.20968,0,0.344544,0.487027,3.7308e-15,0,0,0,0,0,0,0,0,0,0,0,0,0.855775,1.20968,0,0,0,0,0,0,0,0,0,0,0,0,2,0.855775,1.20968,0,1,2,0,0,0,0,0,1.1838,-0.2447,2.3613,0,0,0,0,0,0,0,-0,0,1.44706,0,0,0,0,0,0,0,0,0,0,0,0,0,0,0,0,0,0,0,0,0,0,0,0,0,0,0,0,0,0,0,0,0
23.25,0.00291056,0.00119996,-0.000460958,0,0,0,3.10682,2.03117,-2.36858,-0.0136026,-0.00407344,0.00361786,0.00123229,0.00114329,-0.00111399,3,2,3.92699,0,0,0,0,0,0,0,0,0,0,0,2,3,2,3.92699,0,0,0,0,0,0,0,0,0,0,1.5708,1.5708,0,1.5708,1.5708,0,-5.99949e-06,-0.0049664,0.000452537,0,0,0,1.87476,1.27222,-0.0075859,-0.0141068,-0.00595386,0.000408274,0.00789886,0.000736213,-0.0103345,1.75578,1.20968,0,0,0,0,0.00518979,0,0,0,0.00534242,2.6187e-05,0.0219037,0.0120516,2,1.75578,1.20968,0,0.344544,0.487027,3.7308e-15,0,0,0,0,0,0,0,0,0,0,0,0,0.855775,1.20968,0,0,0,0,0,0,0,0,0,0,0,0,2,0.855775,1.20968,0,1,2,0,0,0,0,0,1.1838,-0.2447,2.3613,0,0,0,0,0,0,0,-0,0,1.44706,0,0,0,0,0,0,0,0,0,0,0,0,0,0,0,0,0,0,0,0,0,0,0,0,0,0,0,0,0,0,0,0,0
23.3,0.00287888,0.00230258,-0.000212335,0,0,0,3.10548,2.03074,-2.36828,-0.013433,-0.00434826,0.00294693,0.00131105,-0.000249825,-0.0031712,3,2,3.92699,0,0,0,0,0,0,0,0,0,0,0,2,3,2,3.92699,0,0,0,0,0,0,0,0,0,0,1.5708,1.5708,0,1.5708,1.5708,0,-0.000289531,-0.00434199,0.000735042,0,0,0,1.87338,1.27162,-0.00761394,-0.013859,-0.00606583,-0.000280377,0.00506181,8.65696e-05,-0.00691749,1.75578,1.20968,0,0,0,0,0.00518979,0,0,0,0.00534242,2.6187e-05,0.0219037,0.0120516,2,1.75578,1.20968,0,0.344544,0.487027,3.7308e-15,0,0,0,0,0,0,0,0,0,0,0,0,0.855775,1.20968,0,0,0,0,0,0,0,0,0,0,0,0,2,0.855775,1.20968,0,1,2,0,0,0,0,0,1.1838,-0.2447,2.3613,0,0,0,0,0,0,0,-0,0,1.44718,0,0,0,0,0,0,0,0,0,0,0,0,0,0,0,0,0,0,0,0,0,0,0,0,0,0,0,0,0,0,0,0,0
23.35,0.00287888,0.00230258,-0.000212335,0,0,0,3.10548,2.03074,-2.36828,-0.013433,-0.00434826,0.00294693,0.00131105,-0.000249825,-0.0031712,3,2,3.92699,0,0,0,0,0,0,0,0,0,0,0,2,3,2,3.92699,0,0,0,0,0,0,0,0,0,0,1.5708,1.5708,0,1.5708,1.5708,0,-0.000289531,-0.00434199,0.000735042,0,0,0,1.87338,1.27162,-0.00761394,-0.013859,-0.00606583,-0.000280377,0.00506181,8.65696e-05,-0.00691749,1.75578,1.20968,0,0,0,0,0.0101554,0,0,0,0.00836948,0,0.0231997,0.00657562,2,1.75578,1.20968,0,0.344544,0.487027,3.7308e-15,0,0,0,0,0,0,0,0,0,0,0,0,0.855775,1.20968,0,0,0,0,0,0,0,0,0,0,0,0,2,0.855775,1.20968,0,1,2,0,0,0,0,0,1.184,-0.2453,2.3607,0,0,0,0,0,0,0,-0,0,1.44718,0,0,0,0,0,0,0,0,0,0,0,0,0,0,0,0,0,0,0,0,0,0,0,0,0,0,0,0,0,0,0,0,0
23.4,0.00323656,0.00129197,-0.000151532,0,0,0,3.10414,2.03034,-2.36801,-0.0133793,-0.00400109,0.00274227,0.00100382,0.00104602,-0.00299827,3,2,3.92699,0,0,0,0,0,0,0,0,0,0,0,2,3,2,3.92699,0,0,0,0,0,0,0,0,0,0,1.5708,1.5708,0,1.5708,1.5708,0,-5.92254e-05,-0.00425947,0.000703542,0,0,0,1.872,1.27101,-0.00763385,-0.0137635,-0.00601872,-0.000198972,0.00302749,0.000148461,-0.00336504,1.75578,1.20968,0,0,0,0,0.0101554,0,0,0,0.00836948,0,0.0231997,0.00657562,2,1.75578,1.20968,0,0.344544,0.487027,3.7308e-15,0,0,0,0,0,0,0,0,0,0,0,0,0.855775,1.20968,0,0,0,0,0,0,0,0,0,0,0,0,2,0.855775,1.20968,0,1,2,0,0,0,0,0,1.184,-0.2453,2.3607,0,0,0,0,0,0,0,-0,0,1.44732,0,0,0,0,0,0,0,0,0,0,0,0,0,0,0,0,0,0,0,0,0,0,0,0,0,0,0,0,0,0,0,0,0
23.45,0.00323656,0.00129197,-0.000151532,0,0,0,3.10414,2.03034,-2.36801,-0.0133793,-0.00400109,0.00274227,0.00100382,0.00104602,-0.00299827,3,2,3.92699,0,0,0,0,0,0,0,0,0,0,0,2,3,2,3.92699,0,0,0,0,0,0,0,0,0,0,1.5708,1.5708,0,1.5708,1.5708,0,-5.92254e-05,-0.00425947,0.000703542,0,0,0,1.872,1.27101,-0.00763385,-0.0137635,-0.00601872,-0.000198972,0.00302749,0.000148461,-0.00336504,1.75578,1.20968,0,0,0,0,0.00896927,0,0,0,0.00873851,0,0.0226292,0.006549,2,1.75578,1.20968,0,0.344544,0.487027,3.7308e-15,0,0,0,0,0,0,0,0,0,0,0,0,0.855775,1.20968,0,0,0,0,0,0,0,0,0,0,0,0,2,0.855775,1.20968,0,1,2,0,0,0,0,0,1.184,-0.2453,2.3607,0,0,0,0,0,0,0,-0,0,1.44732,0,0,0,0,0,0,0,0,0,0,0,0,0,0,0,0,0,0,0,0,0,0,0,0,0,0,0,0,0,0,0,0,0
23.5,0.0034761,0.00138996,-8.85319e-05,0,0,0,3.10281,2.02994,-2.36776,-0.0132918,-0.00398266,0.00253641,0.000950927,0.000889202,-0.00260776,3,2,3.92699,0,0,0,0,0,0,0,0,0,0,0,2,3,2,3.92699,0,0,0,0,0,0,0,0,0,0,1.5708,1.5708,0,1.5708,1.5708,0,0.000821395,-0.00460754,0.000291007,0,0,0,1.87061,1.27043,-0.00755402,-0.0138587,-0.00584693,0.000798853,0.00120399,0.000801993,0.00244724,1.75578,1.20968,0,0,0,0,0.00896927,0,0,0,0.00873851,0,0.0226292,0.006549,2,1.75578,1.20968,0,0.344544,0.487027,3.7308e-15,0,0,0,0,0,0,0,0,0,0,0,0,0.855775,1.20968,0,0,0,0,0,0,0,0,0,0,0,0,2,0.855775,1.20968,0,1,2,0,0,0,0,0,1.184,-0.2453,2.3607,0,0,0,0,0,0,0,-0,0,1.44747,0,0,0,0,0,0,0,0,0,0,0,0,0,0,0,0,0,0,0,0,0,0,0,0,0,0,0,0,0,0,0,0,0
23.55,0.0034761,0.00138996,-8.85319e-05,0,0,0,3.10281,2.02994,-2.36776,-0.0132918,-0.00398266,0.00253641,0.000950927,0.000889202,-0.00260776,3,2,3.92699,0,0,0,0,0,0,0,0,0,0,0,2,3,2,3.92699,0,0,0,0,0,0,0,0,0,0,1.5708,1.5708,0,1.5708,1.5708,0,0.000821395,-0.00460754,0.000291007,0,0,0,1.87061,1.27043,-0.00755402,-0.0138587,-0.00584693,0.000798853,0.00120399,0.000801993,0.00244724,1.75578,1.20968,0,0,0,0,0.000653999,0,0,0,0.00565254,0.000978483,0.0186731,0.0127734,2,1.75578,1.20968,0,0.344544,0.487027,3.7308e-15,0,0,0,0,0,0,0,0,0,0,0,0,0.855775,1.20968,0,0,0,0,0,0,0,0,0,0,0,0,2,0.855775,1.20968,0,1,2,0,0,0,0,0,1.1842,-0.2458,2.3602,0,0,0,0,0,0,0,-0,0,1.44747,0,0,0,0,0,0,0,0,0,0,0,0,0,0,0,0,0,0,0,0,0,0,0,0,0,0,0,0,0,0,0,0,0
23.6,0.00347658,0.00131984,-5.93625e-05,0,0,0,3.1015,2.02955,-2.36751,-0.0131354,-0.00391521,0.00241619,0.00115523,0.000772152,-0.00198708,3,2,3.92699,0,0,0,0,0,0,0,0,0,0,0,2,3,2,3.92699,0,0,0,0,0,0,0,0,0,0,1.5708,1.5708,0,1.5708,1.5708,0,0.000471672,-0.00434205,0.000866118,0,0,0,1.86925,1.26984,-0.00761424,-0.0135945,-0.00585572,-0.00060244,0.00149654,0.000520049,-0.00334118,1.75578,1.20968,0,0,0,0,0.000653999,0,0,0,0.00565254,0.000978483,0.0186731,0.0127734,2,1.75578,1.20968,0,0.344544,0.487027,3.7308e-15,0,0,0,0,0,0,0,0,0,0,0,0,0.855775,1.20968,0,0,0,0,0,0,0,0,0,0,0,0,2,0.855775,1.20968,0,1,2,0,0,0,0,0,1.1842,-0.2458,2.3602,0,0,0,0,0,0,0,-0,0,1.44761,0,0,0,0,0,0,0,0,0,0,0,0,0,0,0,0,0,0,0,0,0,0,0,0,0,0,0,0,0,0,0,0,0
23.65,0.00347658,0.00131984,-5.93625e-05,0,0,0,3.1015,2.02955,-2.36751,-0.0131354,-0.00391521,0.00241619,0.00115523,0.000772152,-0.00198708,3,2,3.92699,0,0,0,0,0,0,0,0,0,0,0,2,3,2,3.92699,0,0,0,0,0,0,0,0,0,0,1.5708,1.5708,0,1.5708,1.5708,0,0.000471672,-0.00434205,0.000866118,0,0,0,1.86925,1.26984,-0.00761424,-0.0135945,-0.00585572,-0.00060244,0.00149654,0.000520049,-0.00334118,1.75578,1.20968,0,0,0,0,0.00964368,0,0,0,0.0124354,0.000586968,0.0237381,0.00546796,2,1.75578,1.20968,0,0.344544,0.487027,3.7308e-15,0,0,0,0,0,0,0,0,0,0,0,0,0.855775,1.20968,0,0,0,0,0,0,0,0,0,0,0,0,2,0.855775,1.20968,0,1,2,0,0,0,0,0,1.1842,-0.2458,2.3602,0,0,0,0,0,0,0,-0,0,1.44761,0,0,0,0,0,0,0,0,0,0,0,0,0,0,0,0,0,0,0,0,0,0,0,0,0,0,0,0,0,0,0,0,0
23.7,0.00353071,0.00115334,-0.000282068,0,0,0,3.1002,2.02917,-2.36722,-0.0129964,-0.00382031,0.00290595,0.00127403,0.000826221,0.000848266,3,2,3.92699,0,0,0,0,0,0,0,0,0,0,0,2,3,2,3.92699,0,0,0,0,0,0,0,0,0,0,1.5708,1.5708,0,1.5708,1.5708,0,0.000984956,-0.0045325,0.000605573,0,0,0,1.8679,1.26927,-0.00761053,-0.0135846,-0.00573166,3.71176e-05,0.000974897,0.000768462,-0.000235551,1.75578,1.20968,0,0,0,0,0.00964368,0,0,0,0.0124354,0.000586968,0.0237381,0.00546796,2,1.75578,1.20968,0,0.344544,0.487027,3.7308e-15,0,0,0,0,0,0,0,0,0,0,0,0,0.855775,1.20968,0,0,0,0,0,0,0,0,0,0,0,0,2,0.855775,1.20968,0,1,2,0,0,0,0,0,1.1842,-0.2458,2.3602,0,0,0,0,0,0,0,-0,0,1.44776,0,0,0,0,0,0,0,0,0,0,0,0,0,0,0,0,0,0,0,0,0,0,0,0,0,0,0,0,0,0,0,0,0
23.75,0.00353071,0.00115334,-0.000282068,0,0,0,3.1002,2.02917,-2.36722,-0.0129964,-0.00382031,0.00290595,0.00127403,0.000826221,0.000848266,3,2,3.92699,0,0,0,0,0,0,0,0,0,0,0,2,3,2,3.92699,0,0,0,0,0,0,0,0,0,0,1.5708,1.5708,0,1.5708,1.5708,0,0.000984956,-0.0045325,0.000605573,0,0,0,1.8679,1.26927,-0.00761053,-0.0135846,-0.00573166,3.71176e-05,0.000974897,0.000768462,-0.000235551,1.75578,1.20968,0,0,0,0,0.00454109,0,0,0,0.0104625,0.00116699,0.0224877,0.00845317,2,1.75578,1.20968,0,0.344544,0.487027,3.7308e-15,0,0,0,0,0,0,0,0,0,0,0,0,0.855775,1.20968,0,0,0,0,0,0,0,0,0,0,0,0,2,0.855775,1.20968,0,1,2,0,0,0,0,0,1.1844,-0.2463,2.3596,0,0,0,0,0,0,0,-0,0,1.44776,0,0,0,0,0,0,0,0,0,0,0,0,0,0,0,0,0,0,0,0,0,0,0,0,0,0,0,0,0,0,0,0,0
23.8,0.00377157,0.00259151,-5.87395e-05,0,0,0,3.0989,2.02875,-2.36699,-0.0129137,-0.00419634,0.00231004,0.00112131,-0.000996241,-0.00149011,3,2,3.92699,0,0,0,0,0,0,0,0,0,0,0,2,3,2,3.92699,0,0,0,0,0,0,0,0,0,0,1.5708,1.5708,0,1.5708,1.5708,0,0.00162569,-0.00407043,0.00063056,0,0,0,1.86653,1.26869,-0.00761291,-0.0136119,-0.00579897,-2.38115e-05,0.000416416,0.000230598,3.56134e-05,1.75578,1.20968,0,0,0,0,0.00454109,0,0,0,0.0104625,0.00116699,0.0224877,0.00845317,2,1.75578,1.20968,0,0.344544,0.487027,3.7308e-15,0,0,0,0,0,0,0,0,0,0,0,0,0.855775,1.20968,0,0,0,0,0,0,0,0,0,0,0,0,2,0.855775,1.20968,0,1,2,0,0,0,0,0,1.1844,-0.2463,2.3596,0,0,0,0,0,0,0,-0,0,1.4479,0,0,0,0,0,0,0,0,0,0,0,0,0,0,0,0,0,0,0,0,0,0,0,0,0,0,0,0,0,0,0,0,0
23.85,0.00377157,0.00259151,-5.87395e-05,0,0,0,3.0989,2.02875,-2.36699,-0.0129137,-0.00419634,0.00231004,0.00112131,-0.000996241,-0.00149011,3,2,3.92699,0,0,0,0,0,0,0,0,0,0,0,2,3,2,3.92699,0,0,0,0,0,0,0,0,0,0,1.5708,1.5708,0,1.5708,1.5708,0,0.00162569,-0.00407043,0.00063056,0,0,0,1.86653,1.26869,-0.00761291,-0.0136119,-0.00579897,-2.38115e-05,0.000416416,0.000230598,3.56134e-05,1.75578,1.20968,0,0,0,0,0.00314018,0,0,0,0.0127905,0.00190317,0.0213161,0.00644262,2,1.75578,1.20968,0,0.344544,0.487027,3.7308e-15,0,0,0,0,0,0,0,0,0,0,0,0,0.855775,1.20968,0,0,0,0,0,0,0,0,0,0,0,0,2,0.855775,1.20968,0,1,2,0,0,0,0,0,1.1844,-0.2463,2.3596,0,0,0,0,0,0,0,-0,0,1.4479,0,0,0,0,0,0,0,0,0,0,0,0,0,0,0,0,0,0,0,0,0,0,0,0,0,0,0,0,0,0,0,0,0
23.9,0.00410761,0.00128107,4.12995e-06,0,0,0,3.09762,2.02837,-2.36678,-0.0128599,-0.00376322,0.00211296,0.000873512,0.000887732,-0.00199965,3,2,3.92699,0,0,0,0,0,0,0,0,0,0,0,2,3,2,3.92699,0,0,0,0,0,0,0,0,0,0,1.5708,1.5708,0,1.5708,1.5708,0,0.00136039,-0.00457632,0.000779801,0,0,0,1.8652,1.26813,-0.00765119,-0.0133752,-0.00558379,-0.000382906,0.00112645,0.000928132,-0.00137671,1.75578,1.20968,0,0,0,0,0.00314018,0,0,0,0.0127905,0.00190317,0.0213161,0.00644262,2,1.75578,1.20968,0,0.344544,0.487027,3.7308e-15,0,0,0,0,0,0,0,0,0,0,0,0,0.855775,1.20968,0,0,0,0,0,0,0,0,0,0,0,0,2,0.855775,1.20968,0,1,2,0,0,0,0,0,1.1844,-0.2463,2.3596,0,0,0,0,0,0,0,-0,0,1.44804,0,0,0,0,0,0,0,0,0,0,0,0,0,0,0,0,0,0,0,0,0,0,0,0,0,0,0,0,0,0,0,0,0
23.95,0.00410761,0.00128107,4.12995e-06,0,0,0,3.09762,2.02837,-2.36678,-0.0128599,-0.00376322,0.00211296,0.000873512,0.000887732,-0.00199965,3,2,3.92699,0,0,0,0,0,0,0,0,0,0,0,2,3,2,3.92699,0,0,0,0,0,0,0,0,0,0,1.5708,1.5708,0,1.5708,1.5708,0,0.00136039,-0.00457632,0.000779801,0,0,0,1.8652,1.26813,-0.00765119,-0.0133752,-0.00558379,-0.000382906,0.00112645,0.000928132,-0.00137671,1.75578,1.20968,0,0,0,0,0.00585808,0,0,0,0.0139653,0.00159746,0.0244809,0.00683011,2,1.75578,1.20968,0,0.344544,0.487027,3.7308e-15,0,0,0,0,0,0,0,0,0,0,0,0,0.855775,1.20968,0,0,0,0,0,0,0,0,0,0,0,0,2,0.855775,1.20968,0,1,2,0,0,0,0,0,1.1198,-0.3116,2.2943,0,0,0,0,0,0,0,-0,0,1.44804,0,0,0,0,0,0,0,0,0,0,0,0,0,0,0,0,0,0,0,0,0,0,0,0,0,0,0,0,0,0,0,0,0
24,0.00382755,0.00155186,-6.1514e-05,0,0,0,3.09636,2.02799,-2.36656,-0.0126262,-0.00379811,0.00222974,0.00139932,0.000640941,-0.000798417,3,2,3.92699,0,0,0,0,0,0,0,0,0,0,0,2,3,2,3.92699,0,0,0,0,0,0,0,0,0,0,1.5708,1.5708,0,1.5708,1.5708,0,0.00195742,-0.00445219,0.000444141,0,0,0,1.86386,1.26758,-0.00760783,-0.0133921,-0.00555444,0.000433303,0.000677917,0.000757654,0.00224355,1.75578,1.20968,0,0,0,0,0.00585808,0,0,0,0.0139653,0.00159746,0.0244809,0.00683011,2,1.75578,1.20968,0,0.344544,0.487027,3.7308e-15,0,0,0,0,0,0,0,0,0,0,0,0,0.855775,1.20968,0,0,0,0,0,0,0,0,0,0,0,0,2,0.855775,1.20968,0,1,2,0,0,0,0,0,1.1198,-0.3116,2.2943,0,0,0,0,0,0,0,-0,0,1.4482,0,0,0,0,0,0,0,0,0,0,0,0,0,0,0,0,0,0,0,0,0,0,0,0,0,0,0,0,0,0,0,0,0
24.05,0.00382755,0.00155186,-6.1514e-05,0,0,0,3.09636,2.02799,-2.36656,-0.0126262,-0.00379811,0.00222974,0.00139932,0.000640941,-0.000798417,3,2,3.92699,0,0,0,0,0,0,0,0,0,0,0,2,3,2,3.92699,0,0,0,0,0,0,0,0,0,0,1.5708,1.5708,0,1.5708,1.5708,0,0.00195742,-0.00445219,0.000444141,0,0,0,1.86386,1.26758,-0.00760783,-0.0133921,-0.00555444,0.000433303,0.000677917,0.000757654,0.00224355,1.75578,1.20968,0,0,0,0,0,0,0,0,0.0113182,0.0024499,0.0201649,0.0101695,2,1.75578,1.20968,0,0.344544,0.487027,3.7308e-15,0,0,0,0,0,0,0,0,0,0,0,0,0.855775,1.20968,0,0,0,0,0,0,0,0,0,0,0,0,2,0.855775,1.20968,0,1,2,0,0,0,0,0,1.1198,-0.3116,2.2943,0,0,0,0,0,0,0,-0,0,1.4482,0,0,0,0,0,0,0,0,0,0,0,0,0,0,0,0,0,0,0,0,0,0,0,0,0,0,0,0,0,0,0,0,0
24.1,0.00412654,0.000976005,-0.000118863,0,0,0,3.0951,2.02763,-2.36633,-0.0125651,-0.00358479,0.0023243,0.00120418,0.00121832,5.23702e-05,3,2,3.92699,0,0,0,0,0,0,0,0,0,0,0,2,3,2,3.92699,0,0,0,0,0,0,0,0,0,0,1.5708,1.5708,0,1.5708,1.5708,0,0.00220698,-0.0041409,0.000617606,0,0,0,1.86253,1.26702,-0.00760714,-0.013308,-0.00558001,6.86542e-06,0.000734295,0.00035118,0.000132033,1.75578,1.20968,0,0,0,0,0,0,0,0,0.0113182,0.0024499,0.0201649,0.0101695,2,1.75578,1.20968,0,0.344544,0.487027,3.7308e-15,0,0,0,0,0,0,0,0,0,0,0,0,0.855775,1.20968,0,0,0,0,0,0,0,0,0,0,0,0,2,0.855775,1.20968,0,1,2,0,0,0,0,0,1.1198,-0.3116,2.2943,0,0,0,0,0,0,0,-0,0,1.44837,0,0,0,0,0,0,0,0,0,0,0,0,0,0,0,0,0,0,0,0,0,0,0,0,0,0,0,0,0,0,0,0,0
24.15,0.00412654,0.000976005,-0.000118863,0,0,0,3.0951,2.02763,-2.36633,-0.0125651,-0.00358479,0.0023243,0.00120418,0.00121832,5.23702e-05,3,2,3.92699,0,0,0,0,0,0,0,0,0,0,0,2,3,2,3.92699,0,0,0,0,0,0,0,0,0,0,1.5708,1.5708,0,1.5708,1.5708,0,0.00220698,-0.0041409,0.000617606,0,0,0,1.86253,1.26702,-0.00760714,-0.013308,-0.00558001,6.86542e-06,0.000734295,0.00035118,0.000132033,1.75578,1.20968,0,0,0,0,0.00127143,0,0,0,0.0143315,0.0025744,0.0214006,0.00680513,2,1.75578,1.20968,0,0.344544,0.487027,3.7308e-15,0,0,0,0,0,0,0,0,0,0,0,0,0.855775,1.20968,0,0,0,0,0,0,0,0,0,0,0,0,2,0.855775,1.20968,0,1,2,0,0,0,0,0,1.234,-0.198,2.4078,0,0,0,0,0,0,0,-0,0,1.44837,0,0,0,0,0,0,0,0,0,0,0,0,0,0,0,0,0,0,0,0,0,0,0,0,0,0,0,0,0,0,0,0,0
24.2,0.00438512,0.00158385,-0.000290579,0,0,0,3.09385,2.02726,-2.36606,-0.0124925,-0.00372044,0.00269279,0.000918032,0.000247556,0.00163182,3,2,3.92699,0,0,0,0,0,0,0,0,0,0,0,2,3,2,3.92699,0,0,0,0,0,0,0,0,0,0,1.5708,1.5708,0,1.5708,1.5708,0,0.00185155,-0.0047011,0.000798812,0,0,0,1.86122,1.26648,-0.00765018,-0.0130484,-0.00535149,-0.00042983,0.00141331,0.00103873,-0.00195147,1.75578,1.20968,0,0,0,0,0.00127143,0,0,0,0.0143315,0.0025744,0.0214006,0.00680513,2,1.75578,1.20968,0,0.344544,0.487027,3.7308e-15,0,0,0,0,0,0,0,0,0,0,0,0,0.855775,1.20968,0,0,0,0,0,0,0,0,0,0,0,0,2,0.855775,1.20968,0,1,2,0,0,0,0,0,1.234,-0.198,2.4078,0,0,0,0,0,0,0,-0,0,1.4485,0,0,0,0,0,0,0,0,0,0,0,0,0,0,0,0,0,0,0,0,0,0,0,0,0,0,0,0,0,0,0,0,0
24.25,0.00438512,0.00158385,-0.000290579,0,0,0,3.09385,2.02726,-2.36606,-0.0124925,-0.00372044,0.00269279,0.000918032,0.000247556,0.00163182,3,2,3.92699,0,0,0,0,0,0,0,0,0,0,0,2,3,2,3.92699,0,0,0,0,0,0,0,0,0,0,1.5708,1.5708,0,1.5708,1.5708,0,0.00185155,-0.0047011,0.000798812,0,0,0,1.86122,1.26648,-0.00765018,-0.0130484,-0.00535149,-0.00042983,0.00141331,0.00103873,-0.00195147,1.75578,1.20968,0,0,0,0,0.00467858,0,0,0,0.0156671,0.00216496,0.0251302,0.0070107,2,1.75578,1.20968,0,0.344544,0.487027,3.7308e-15,0,0,0,0,0,0,0,0,0,0,0,0,0.855775,1.20968,0,0,0,0,0,0,0,0,0,0,0,0,2,0.855775,1.20968,0,1,2,0,0,0,0,0,1.234,-0.198,2.4078,0,0,0,0,0,0,0,-0,0,1.4485,0,0,0,0,0,0,0,0,0,0,0,0,0,0,0,0,0,0,0,0,0,0,0,0,0,0,0,0,0,0,0,0,0
24.3,0.0043107,0.00147584,-6.51764e-05,0,0,0,3.09262,2.0269,-2.36585,-0.0123237,-0.00364502,0.00209613,0.00127188,0.000343686,-0.00120777,3,2,3.92699,0,0,0,0,0,0,0,0,0,0,0,2,3,2,3.92699,0,0,0,0,0,0,0,0,0,0,1.5708,1.5708,0,1.5708,1.5708,0,0.00203656,-0.00473393,0.000549574,0,0,0,1.85993,1.26596,-0.0076323,-0.0129495,-0.0052793,0.000179101,0.00142438,0.00104175,0.000981141,1.75578,1.20968,0,0,0,0,0.00467858,0,0,0,0.0156671,0.00216496,0.0251302,0.0070107,2,1.75578,1.20968,0,0.344544,0.487027,3.7308e-15,0,0,0,0,0,0,0,0,0,0,0,0,0.855775,1.20968,0,0,0,0,0,0,0,0,0,0,0,0,2,0.855775,1.20968,0,1,2,0,0,0,0,0,1.234,-0.198,2.4078,0,0,0,0,0,0,0,-0,0,1.44864,0,0,0,0,0,0,0,0,0,0,0,0,0,0,0,0,0,0,0,0,0,0,0,0,0,0,0,0,0,0,0,0,0
24.35,0.0043107,0.00147584,-6.51764e-05,0,0,0,3.09262,2.0269,-2.36585,-0.0123237,-0.00364502,0.00209613,0.00127188,0.000343686,-0.00120777,3,2,3.92699,0,0,0,0,0,0,0,0,0,0,0,2,3,2,3.92699,0,0,0,0,0,0,0,0,0,0,1.5708,1.5708,0,1.5708,1.5708,0,0.00203656,-0.00473393,0.000549574,0,0,0,1.85993,1.26596,-0.0076323,-0.0129495,-0.0052793,0.000179101,0.00142438,0.00104175,0.000981141,1.75578,1.20968,0,0,0,0,0.000694435,0,0,0,0.0127923,0.00238186,0.0224381,0.00982203,2,1.75578,1.20968,0,0.344544,0.487027,3.7308e-15,0,0,0,0,0,0,0,0,0,0,0,0,0.855775,1.20968,0,0,0,0,0,0,0,0,0,0,0,0,2,0.855775,1.20968,0,1,2,0,0,0,0,0,1.112,-0.3208,2.285,0,0,0,0,0,0,0,-0,0,1.44864,0,0,0,0,0,0,0,0,0,0,0,0,0,0,0,0,0,0,0,0,0,0,0,0,0,0,0,0,0,0,0,0,0
24.4,0.0047693,0.00175423,-0.00044613,0,0,0,3.09138,2.02653,-2.36555,-0.0123124,-0.00368348,0.00297383,0.000752548,3.48805e-05,0.00241775,3,2,3.92699,0,0,0,0,0,0,0,0,0,0,0,2,3,2,3.92699,0,0,0,0,0,0,0,0,0,0,1.5708,1.5708,0,1.5708,1.5708,0,0.000867903,-0.00570162,0.00084104,0,0,0,1.85868,1.26546,-0.00768507,-0.0124573,-0.00493566,-0.000526614,0.00271468,0.00195467,-0.00183459,1.75578,1.20968,0,0,0,0,0.000694435,0,0,0,0.0127923,0.00238186,0.0224381,0.00982203,2,1.75578,1.20968,0,0.344544,0.487027,3.7308e-15,0,0,0,0,0,0,0,0,0,0,0,0,0.855775,1.20968,0,0,0,0,0,0,0,0,0,0,0,0,2,0.855775,1.20968,0,1,2,0,0,0,0,0,1.112,-0.3208,2.285,0,0,0,0,0,0,0,-0,0,1.44872,0,0,0,0,0,0,0,0,0,0,0,0,0,0,0,0,0,0,0,0,0,0,0,0,0,0,0,0,0,0,0,0,0
24.45,0.0047693,0.00175423,-0.00044613,0,0,0,3.09138,2.02653,-2.36555,-0.0123124,-0.00368348,0.00297383,0.000752548,3.48805e-05,0.00241775,3,2,3.92699,0,0,0,0,0,0,0,0,0,0,0,2,3,2,3.92699,0,0,0,0,0,0,0,0,0,0,1.5708,1.5708,0,1.5708,1.5708,0,0.000867903,-0.00570162,0.00084104,0,0,0,1.85868,1.26546,-0.00768507,-0.0124573,-0.00493566,-0.000526614,0.00271468,0.00195467,-0.00183459,1.75578,1.20968,0,0,0,0,0.00787538,0,0,0,0.0131472,0.00103961,0.0293207,0.00965602,2,1.75578,1.20968,0,0.344544,0.487027,3.7308e-15,0,0,0,0,0,0,0,0,0,0,0,0,0.855775,1.20968,0,0,0,0,0,0,0,0,0,0,0,0,2,0.855775,1.20968,0,1,2,0,0,0,0,0,1.112,-0.3208,2.285,0,0,0,0,0,0,0,-0,0,1.44872,0,0,0,0,0,0,0,0,0,0,0,0,0,0,0,0,0,0,0,0,0,0,0,0,0,0,0,0,0,0,0,0,0
24.5,0.00451613,0.00240804,-0.00033067,0,0,0,3.09018,2.02614,-2.36529,-0.0120932,-0.00383152,0.00263686,0.00136575,-0.000579822,0.000570681,3,2,3.92699,0,0,0,0,0,0,0,0,0,0,0,2,3,2,3.92699,0,0,0,0,0,0,0,0,0,0,1.5708,1.5708,0,1.5708,1.5708,0,0.000848671,-0.00508206,0.000736973,0,0,0,1.85745,1.26496,-0.0077116,-0.0123058,-0.0050582,-0.000265546,0.00252031,0.000851572,-0.000435603,1.75578,1.20968,0,0,0,0,0.00787538,0,0,0,0.0131472,0.00103961,0.0293207,0.00965602,2,1.75578,1.20968,0,0.344544,0.487027,3.7308e-15,0,0,0,0,0,0,0,0,0,0,0,0,0.855775,1.20968,0,0,0,0,0,0,0,0,0,0,0,0,2,0.855775,1.20968,0,1,2,0,0,0,0,0,1.112,-0.3208,2.285,0,0,0,0,0,0,0,-0,0,1.4488,0,0,0,0,0,0,0,0,0,0,0,0,0,0,0,0,0,0,0,0,0,0,0,0,0,0,0,0,0,0,0,0,0
24.55,0.00451613,0.00240804,-0.00033067,0,0,0,3.09018,2.02614,-2.36529,-0.0120932,-0.00383152,0.00263686,0.00136575,-0.000579822,0.000570681,3,2,3.92699,0,0,0,0,0,0,0,0,0,0,0,2,3,2,3.92699,0,0,0,0,0,0,0,0,0,0,1.5708,1.5708,0,1.5708,1.5708,0,0.000848671,-0.00508206,0.000736973,0,0,0,1.85745,1.26496,-0.0077116,-0.0123058,-0.0050582,-0.000265546,0.00252031,0.000851572,-0.000435603,1.75578,1.20968,0,0,0,0,0.00662786,0,0,0,0.0117689,0.00101349,0.0259724,0.00876385,2,1.75578,1.20968,0,0.344544,0.487027,3.7308e-15,0,0,0,0,0,0,0,0,0,0,0,0,0.855775,1.20968,0,0,0,0,0,0,0,0,0,0,0,0,2,0.855775,1.20968,0,1,2,0,0,0,0,0,1.2647,-0.1687,2.437,0,0,0,0,0,0,0,-0,0,1.4488,0,0,0,0,0,0,0,0,0,0,0,0,0,0,0,0,0,0,0,0,0,0,0,0,0,0,0,0,0,0,0,0,0
24.6,0.00462648,0.00138733,-0.000103822,0,0,0,3.08898,2.02579,-2.36508,-0.011983,-0.00348751,0.00203774,0.00127296,0.000921524,-0.00228551,3,2,3.92699,0,0,0,0,0,0,0,0,0,0,0,2,3,2,3.92699,0,0,0,0,0,0,0,0,0,0,1.5708,1.5708,0,1.5708,1.5708,0,0.000369115,-0.00587271,0.000990242,0,0,0,1.85625,1.26448,-0.00779869,-0.012022,-0.00476878,-0.000870513,0.00254918,0.00148942,-0.00249167,1.75578,1.20968,0,0,0,0,0.00662786,0,0,0,0.0117689,0.00101349,0.0259724,0.00876385,2,1.75578,1.20968,0,0.344544,0.487027,3.7308e-15,0,0,0,0,0,0,0,0,0,0,0,0,0.855775,1.20968,0,0,0,0,0,0,0,0,0,0,0,0,2,0.855775,1.20968,0,1,2,0,0,0,0,0,1.2647,-0.1687,2.437,0,0,0,0,0,0,0,-0,0,1.44887,0,0,0,0,0,0,0,0,0,0,0,0,0,0,0,0,0,0,0,0,0,0,0,0,0,0,0,0,0,0,0,0,0
24.65,0.00462648,0.00138733,-0.000103822,0,0,0,3.08898,2.02579,-2.36508,-0.011983,-0.00348751,0.00203774,0.00127296,0.000921524,-0.00228551,3,2,3.92699,0,0,0,0,0,0,0,0,0,0,0,2,3,2,3.92699,0,0,0,0,0,0,0,0,0,0,1.5708,1.5708,0,1.5708,1.5708,0,0.000369115,-0.00587271,0.000990242,0,0,0,1.85625,1.26448,-0.00779869,-0.012022,-0.00476878,-0.000870513,0.00254918,0.00148942,-0.00249167,1.75578,1.20968,0,0,0,0,0.0113373,0,0,0,0.0136851,0.000461973,0.0313627,0.00889957,2,1.75578,1.20968,0,0.344544,0.487027,3.7308e-15,0,0,0,0,0,0,0,0,0,0,0,0,0.855775,1.20968,0,0,0,0,0,0,0,0,0,0,0,0,2,0.855775,1.20968,0,1,2,0,0,0,0,0,1.2647,-0.1687,2.437,0,0,0,0,0,0,0,-0,0,1.44887,0,0,0,0,0,0,0,0,0,0,0,0,0,0,0,0,0,0,0,0,0,0,0,0,0,0,0,0,0,0,0,0,0
24.7,0.00495032,0.00106528,-0.000442642,0,0,0,3.08779,2.02546,-2.3648,-0.0119368,-0.00335217,0.00281516,0.000987171,0.00131243,0.00133682,3,2,3.92699,0,0,0,0,0,0,0,0,0,0,0,2,3,2,3.92699,0,0,0,0,0,0,0,0,0,0,1.5708,1.5708,0,1.5708,1.5708,0,1.77008e-05,-0.00631419,0.00115187,0,0,0,1.85507,1.26402,-0.00792279,-0.0117791,-0.00458448,-0.00124285,0.00255655,0.00173758,-0.00325938,1.75578,1.20968,0,0,0,0,0.0113373,0,0,0,0.0136851,0.000461973,0.0313627,0.00889957,2,1.75578,1.20968,0,0.344544,0.487027,3.7308e-15,0,0,0,0,0,0,0,0,0,0,0,0,0.855775,1.20968,0,0,0,0,0,0,0,0,0,0,0,0,2,0.855775,1.20968,0,1,2,0,0,0,0,0,1.2647,-0.1687,2.437,0,0,0,0,0,0,0,-0,0,1.44892,0,0,0,0,0,0,0,0,0,0,0,0,0,0,0,0,0,0,0,0,0,0,0,0,0,0,0,0,0,0,0,0,0
24.75,0.00495032,0.00106528,-0.000442642,0,0,0,3.08779,2.02546,-2.3648,-0.0119368,-0.00335217,0.00281516,0.000987171,0.00131243,0.00133682,3,2,3.92699,0,0,0,0,0,0,0,0,0,0,0,2,3,2,3.92699,0,0,0,0,0,0,0,0,0,0,1.5708,1.5708,0,1.5708,1.5708,0,1.77008e-05,-0.00631419,0.00115187,0,0,0,1.85507,1.26402,-0.00792279,-0.0117791,-0.00458448,-0.00124285,0.00255655,0.00173758,-0.00325938,1.75578,1.20968,0,0,0,0,0.0144876,0,0,0,0.0147878,5.59488e-05,0.03436,0.00905787,2,1.75578,1.20968,0,0.344544,0.487027,3.7308e-15,0,0,0,0,0,0,0,0,0,0,0,0,0.855775,1.20968,0,0,0,0,0,0,0,0,0,0,0,0,2,0.855775,1.20968,0,1,2,0,0,0,0,0,1.1447,-0.2892,2.3163,0,0,0,0,0,0,0,-0,0,1.44892,0,0,0,0,0,0,0,0,0,0,0,0,0,0,0,0,0,0,0,0,0,0,0,0,0,0,0,0,0,0,0,0,0
24.8,0.00459867,0.00183405,2.48622e-05,0,0,0,3.08662,2.02511,-2.36464,-0.0116932,-0.00353777,0.00163199,0.00148525,8.79553e-05,-0.00342383,3,2,3.92699,0,0,0,0,0,0,0,0,0,0,0,2,3,2,3.92699,0,0,0,0,0,0,0,0,0,0,1.5708,1.5708,0,1.5708,1.5708,0,-0.000441358,-0.0065026,0.00141476,0,0,0,1.85392,1.26357,-0.00810783,-0.0115075,-0.00447596,-0.00185183,0.00258002,0.00149475,-0.00449931,1.75578,1.20968,0,0,0,0,0.0144876,0,0,0,0.0147878,5.59488e-05,0.03436,0.00905787,2,1.75578,1.20968,0,0.344544,0.487027,3.7308e-15,0,0,0,0,0,0,0,0,0,0,0,0,0.855775,1.20968,0,0,0,0,0,0,0,0,0,0,0,0,2,0.855775,1.20968,0,1,2,0,0,0,0,0,1.1447,-0.2892,2.3163,0,0,0,0,0,0,0,-0,0,1.44895,0,0,0,0,0,0,0,0,0,0,0,0,0,0,0,0,0,0,0,0,0,0,0,0,0,0,0,0,0,0,0,0,0
24.85,0.00459867,0.00183405,2.48622e-05,0,0,0,3.08662,2.02511,-2.36464,-0.0116932,-0.00353777,0.00163199,0.00148525,8.79553e-05,-0.00342383,3,2,3.92699,0,0,0,0,0,0,0,0,0,0,0,2,3,2,3.92699,0,0,0,0,0,0,0,0,0,0,1.5708,1.5708,0,1.5708,1.5708,0,-0.000441358,-0.0065026,0.00141476,0,0,0,1.85392,1.26357,-0.00810783,-0.0115075,-0.00447596,-0.00185183,0.00258002,0.00149475,-0.00449931,1.75578,1.20968,0,0,0,0,0.0194508,0,0,0,0.0167344,0,0.0365928,0.00772268,2,1.75578,1.20968,0,0.344544,0.487027,3.7308e-15,0,0,0,0,0,0,0,0,0,0,0,0,0.855775,1.20968,0,0,0,0,0,0,0,0,0,0,0,0,2,0.855775,1.20968,0,1,2,0,0,0,0,0,1.1447,-0.2892,2.3163,0,0,0,0,0,0,0,-0,0,1.44895,0,0,0,0,0,0,0,0,0,0,0,0,0,0,0,0,0,0,0,0,0,0,0,0,0,0,0,0,0,0,0,0,0
24.9,0.00998115,0.0250814,-0.00942229,0,0,0,3.0853,2.02408,-2.3622,-0.0131312,-0.0103024,0.0243908,-0.00479051,-0.0271455,0.0882409,3,2,3.92699,0,0,0,0,0,0,0,0,0,0,0,2,3,2,3.92699,0,0,0,0,0,0,0,0,0,0,1.5708,1.5708,0,1.5708,1.5708,0,-0.00137207,-0.00715126,0.00133382,0,0,0,1.85281,1.26315,-0.00826992,-0.0111017,-0.0042347,-0.00162044,0.00317047,0.00182746,-0.00194683,1.75578,1.20968,0,0,0,0,0.0194508,0,0,0,0.0167344,0,0.0365928,0.00772268,2,1.75578,1.20968,0,0.344544,0.487027,3.7308e-15,0,0,0,0,0,0,0,0,0,0,0,0,0.855775,1.20968,0,0,0,0,0,0,0,0,0,0,0,0,2,0.855775,1.20968,0,1,2,0,0,0,0,0,1.1447,-0.2892,2.3163,0,0,0,0,0,0,0,-0,0,1.44846,0,0,0,0,0,0,0,0,0,0,0,0,0,0,0,0,0,0,0,0,0,0,0,0,0,0,0,0,0,0,0,0,0
24.95,0.00998115,0.0250814,-0.00942229,0,0,0,3.0853,2.02408,-2.3622,-0.0131312,-0.0103024,0.0243908,-0.00479051,-0.0271455,0.0882409,3,2,3.92699,0,0,0,0,0,0,0,0,0,0,0,2,3,2,3.92699,0,0,0,0,0,0,0,0,0,0,1.5708,1.5708,0,1.5708,1.5708,0,-0.00137207,-0.00715126,0.00133382,0,0,0,1.85281,1.26315,-0.00826992,-0.0111017,-0.0042347,-0.00162044,0.00317047,0.00182746,-0.00194683,1.75578,1.20968,0,0,0,0,0.0210391,0.000920119,0,0,0.0128126,0,0.0391509,0.0101349,2,1.75578,1.20968,0,0.344544,0.487027,3.7308e-15,0,0,0,0,0,0,0,0,0,0,0,0,0.855775,1.20968,0,0,0,0,0,0,0,0,0,0,0,0,2,0.855775,1.20968,0,1,2,0,0,0,0,0,1.1843,-0.2522,2.3539,0,0,0,0,0,0,0,-0,0,1.44846,0,0,0,0,0,0,0,0,0,0,0,0,0,0,0,0,0,0,0,0,0,0,0,0,0,0,0,0,0,0,0,0,0
25,0.00345375,-0.0101632,-0.000128509,0,0,0,3.0842,2.02409,-2.36205,-0.0110654,0.000137951,0.00149024,0.00455177,0.0217451,-0.0261416,3,2,3.92699,0,0,0,0,0,0,0,0,0,0,0,2,3,2,3.92699,0,0,0,0,0,0,0,0,0,0,1.5708,1.5708,0,1.5708,1.5708,0,-0.00182181,-0.00782709,0.00139389,0,0,0,1.85173,1.26275,-0.00844324,-0.0108408,-0.00398837,-0.00173331,0.00304716,0.00213452,-0.00127129,1.75578,1.20968,0,0,0,0,0.0210391,0.000920119,0,0,0.0128126,0,0.0391509,0.0101349,2,1.75578,1.20968,0,0.344544,0.487027,3.7308e-15,0,0,0,0,0,0,0,0,0,0,0,0,0.855775,1.20968,0,0,0,0,0,0,0,0,0,0,0,0,2,0.855775,1.20968,0,1,2,0,0,0,0,0,1.1843,-0.2522,2.3539,0,0,0,0,0,0,0,-0,0,1.44866,0,0,0,0,0,0,0,0,0,0,0,0,0,0,0,0,0,0,0,0,0,0,0,0,0,0,0,0,0,0,0,0,0
25.05,0.00345375,-0.0101632,-0.000128509,0,0,0,3.0842,2.02409,-2.36205,-0.0110654,0.000137951,0.00149024,0.00455177,0.0217451,-0.0261416,3,2,3.92699,0,0,0,0,0,0,0,0,0,0,0,2,3,2,3.92699,0,0,0,0,0,0,0,0,0,0,1.5708,1.5708,0,1.5708,1.5708,0,-0.00182181,-0.00782709,0.00139389,-0.000101065,-0.0119696,0.000916293,1.85173,1.26275,-0.00844324,-0.0108408,-0.00398837,-0.00173331,0.00304716,0.00213452,-0.00127129,1.75578,1.20968,0,0,0,0,0.0230229,0.00140932,0,0,0.0121812,0,0.0423718,0.0114999,2,1.75578,1.20968,0,0.344544,0.487027,3.7308e-15,0,0,0,0,0,0,0,0,0,0,0,0,0.855775,1.20968,0,0,0,0,0,0,0,0,0,0,0,0,2,0.855775,1.20968,0,1,2,0,0,0,0,0,1.1843,-0.2522,2.3539,0,0,0,0,0,0,0,-0,0,1.44866,0,0,0,0,0,0,0,0,0,0,0,0,0,0,0,0,0,0,0,0,0,0,0,0,0,0,0,0,0,0,0,0,0
25.1,0.00449234,-0.000367707,0.00018049,0,0,0,3.08307,2.02382,-2.36198,-0.0112391,-0.00273162,0.000715493,0.00330149,0.00820616,-0.0342674,3,2,3.92699,0,0,0,0,0,0,0,0,0,0,0,2,3,2,3.92699,0,0,0,0,0,0,0,0,0,0,1.5708,1.5708,0,1.5708,1.5708,0,-0.00203493,-0.00752052,0.00145345,-0.000101065,-0.0119696,0.000916293,1.85066,1.26235,-0.00862745,-0.0106517,-0.00403088,-0.00184277,0.00256672,0.00115283,-0.00110957,1.75578,1.20968,0,0,0,0,0.0230229,0.00140932,0,0,0.0121812,0,0.0423718,0.0114999,2,1.75578,1.20968,0,0.344544,0.487027,3.7308e-15,0,0,0,0,0,0,0,0,0,0,0,0,0.855775,1.20968,0,0,0,0,0,0,0,0,0,0,0,0,2,0.855775,1.20968,0,1,2,0,0,0,0,0,1.1843,-0.2522,2.3539,0,0,0,0,0,0,0,-0,0,1.44868,0,0,0,0,0,0,0,0,0,0,0,0,0,0,0,0,0,0,0,0,0,0,0,0,0,0,0,0,0,0,0,0,0
25.15,0.00449234,-0.000367707,0.00018049,0,0,0,3.08307,2.02382,-2.36198,-0.0112391,-0.00273162,0.000715493,0.00330149,0.00820616,-0.0342674,3,2,3.92699,0,0,0,0,0,0,0,0,0,0,0,2,3,2,3.92699,0,0,0,0,0,0,0,0,0,0,1.5708,1.5708,0,1.5708,1.5708,0,-0.00203493,-0.00752052,0.00145345,-0.00010327,-0.0119696,0.000916293,1.85066,1.26235,-0.00862745,-0.0106517,-0.00403088,-0.00184277,0.00256672,0.00115283,-0.00110957,1.75578,1.20968,0,0,0,0,0.0245411,0.00162393,0,0,0.0124147,0,0.0415625,0.0103802,2,1.75578,1.20968,0,0.344544,0.487027,3.7308e-15,0,0,0,0,0,0,0,0,0,0,0,0,0.855775,1.20968,0,0,0,0,0,0,0,0,0,0,0,0,2,0.855775,1.20968,0,1,2,0,0,0,0,0,1.1845,-0.252,2.3533,0,0,0,0,0,0,0,-0,0,1.44868,0,0,0,0,0,0,0,0,0,0,0,0,0,0,0,0,0,0,0,0,0,0,0,0,0,0,0,0,0,0,0,0,0
25.2,0.0041697,-0.00173821,0.00100312,0,0,0,3.08197,2.02359,-2.36211,-0.0110122,-0.00229818,-0.00128315,0.0027165,0.00482636,-0.0296647,3,2,3.92699,0,0,0,0,0,0,0,0,0,0,0,2,3,2,3.92699,0,0,0,0,0,0,0,0,0,0,1.5708,1.5708,0,1.5708,1.5708,0,-0.00263748,-0.00765166,0.00161969,-0.00010327,-0.0119696,0.000916293,1.84963,1.26195,-0.00884808,-0.0103516,-0.00394549,-0.00220709,0.00267244,0.000899373,-0.00210066,1.75578,1.20968,0,0,0,0,0.0245411,0.00162393,0,0,0.0124147,0,0.0415625,0.0103802,2,1.75578,1.20968,0,0.344544,0.487027,3.7308e-15,0,0,0,0,0,0,0,0,0,0,0,0,0.855775,1.20968,0,0,0,0,0,0,0,0,0,0,0,0,2,0.855775,1.20968,0,1,2,0,0,0,0,0,1.1845,-0.252,2.3533,0,0,0,0,0,0,0,-0,0,1.44871,0,0,0,0,0,0,0,0,0,0,0,0,0,0,0,0,0,0,0,0,0,0,0,0,0,0,0,0,0,0,0,0,0
25.25,0.0041697,-0.00173821,0.00100312,0,0,0,3.08197,2.02359,-2.36211,-0.0110122,-0.00229818,-0.00128315,0.0027165,0.00482636,-0.0296647,3,2,3.92699,0,0,0,0,0,0,0,0,0,0,0,2,3,2,3.92699,0,0,0,0,0,0,0,0,0,0,1.5708,1.5708,0,1.5708,1.5708,0,-0.00263748,-0.00765166,0.00161969,-0.000105911,-0.0119696,0.000916293,1.84963,1.26195,-0.00884808,-0.0103516,-0.00394549,-0.00220709,0.00267244,0.000899373,-0.00210066,1.75578,1.20968,0,0,0,0,0.0285784,0.00223602,0,0,0.0128664,0,0.0433754,0.00977988,2,1.75578,1.20968,0,0.344544,0.487027,3.7308e-15,0,0,0,0,0,0,0,0,0,0,0,0,0.855775,1.20968,0,0,0,0,0,0,0,0,0,0,0,0,2,0.855775,1.20968,0,1,2,0,0,0,0,0,1.1845,-0.252,2.3533,0,0,0,0,0,0,0,-0,0,1.44871,0,0,0,0,0,0,0,0,0,0,0,0,0,0,0,0,0,0,0,0,0,0,0,0,0,0,0,0,0,0,0,0,0
25.3,0.00395151,-0.00158247,0.00285901,0,0,0,3.08089,2.02335,-2.36268,-0.0108184,-0.00231667,-0.00573516,0.00231119,0.00236308,-0.03498,3,2,3.92699,0,0,0,0,0,0,0,0,0,0,0,2,3,2,3.92699,0,0,0,0,0,0,0,0,0,0,1.5708,1.5708,0,1.5708,1.5708,0,-0.00274149,-0.00837361,0.00141419,-0.000108419,-0.0122531,0.000937995,1.84861,1.26159,-0.00901505,-0.0101999,-0.0036891,-0.00166859,0.00221081,0.00152489,0.000753485,1.75578,1.20968,0,0,0,0,0.0285784,0.00223602,0,0,0.0128664,0,0.0433754,0.00977988,2,1.75578,1.20968,0,0.344544,0.487027,3.7308e-15,0,0,0,0,0,0,0,0,0,0,0,0,0.855775,1.20968,0,0,0,0,0,0,0,0,0,0,0,0,2,0.855775,1.20968,0,1,2,0,0,0,0,0,1.1845,-0.252,2.3533,0,0,0,0,0,0,0,-0,0,1.44873,0,0,0,0,0,0,0,0,0,0,0,0,0,0,0,0,0,0,0,0,0,0,0,0,0,0,0,0,0,0,0,0,0
25.35,0.00395151,-0.00158247,0.00285901,0,0,0,3.08089,2.02335,-2.36268,-0.0108184,-0.00231667,-0.00573516,0.00231119,0.00236308,-0.03498,3,2,3.92699,0,0,0,0,0,0,0,0,0,0,0,2,3,2,3.92699,0,0,0,0,0,0,0,0,0,0,1.5708,1.5708,0,1.5708,1.5708,0,-0.00274149,-0.00837361,0.00141419,-0.000110465,-0.012253,0.000937995,1.84861,1.26159,-0.00901505,-0.0101999,-0.0036891,-0.00166859,0.00221081,0.00152489,0.000753485,1.75578,1.20968,0,0,0,0,0.0260004,0.00242085,0,0,0.00968996,0,0.0453543,0.0131593,2,1.75578,1.20968,0,0.344544,0.487027,3.7308e-15,0,0,0,0,0,0,0,0,0,0,0,0,0.855775,1.20968,0,0,0,0,0,0,0,0,0,0,0,0,2,0.855775,1.20968,0,1,2,0,0,0,0,0,1.0946,-0.341,2.2634,0,0,0,0,0,0,0,-0,0,1.44873,0,0,0,0,0,0,0,0,0,0,0,0,0,0,0,0,0,0,0,0,0,0,0,0,0,0,0,0,0,0,0,0,0
25.4,0.0037227,-0.00239645,0.00328017,0,0,0,3.07983,2.02315,-2.36334,-0.010624,-0.00205105,-0.00663845,0.0021353,0.0021521,-0.0253179,3,2,3.92699,0,0,0,0,0,0,0,0,0,0,0,2,3,2,3.92699,0,0,0,0,0,0,0,0,0,0,1.5708,1.5708,0,1.5708,1.5708,0,-0.00241764,-0.00795126,0.00123465,-0.000110465,-0.012253,0.000937995,1.84759,1.26121,-0.00913536,-0.0101747,-0.0037688,-0.00120327,0.00138976,0.000690447,0.00270202,1.75578,1.20968,0,0,0,0,0.0260004,0.00242085,0,0,0.00968996,0,0.0453543,0.0131593,2,1.75578,1.20968,0,0.344544,0.487027,3.7308e-15,0,0,0,0,0,0,0,0,0,0,0,0,0.855775,1.20968,0,0,0,0,0,0,0,0,0,0,0,0,2,0.855775,1.20968,0,1,2,0,0,0,0,0,1.0946,-0.341,2.2634,0,0,0,0,0,0,0,-0,0,1.44878,0,0,0,0,0,0,0,0,0,0,0,0,0,0,0,0,0,0,0,0,0,0,0,0,0,0,0,0,0,0,0,0,0
25.45,0.0037227,-0.00239645,0.00328017,0,0,0,3.07983,2.02315,-2.36334,-0.010624,-0.00205105,-0.00663845,0.0021353,0.0021521,-0.0253179,3,2,3.92699,0,0,0,0,0,0,0,0,0,0,0,2,3,2,3.92699,0,0,0,0,0,0,0,0,0,0,1.5708,1.5708,0,1.5708,1.5708,0,-0.00241764,-0.00795126,0.00123465,-0.000111939,-0.012253,0.000937995,1.84759,1.26121,-0.00913536,-0.0101747,-0.0037688,-0.00120327,0.00138976,0.000690447,0.00270202,1.75578,1.20968,0,0,0,0,0.0226137,0.00214262,0,0,0.00827937,0,0.0421934,0.0132914,2,1.75578,1.20968,0,0.344544,0.487027,3.7308e-15,0,0,0,0,0,0,0,0,0,0,0,0,0.855775,1.20968,0,0,0,0,0,0,0,0,0,0,0,0,2,0.855775,1.20968,0,1,2,0,0,0,0,0,1.0946,-0.341,2.2634,0,0,0,0,0,0,0,-0,0,1.44878,0,0,0,0,0,0,0,0,0,0,0,0,0,0,0,0,0,0,0,0,0,0,0,0,0,0,0,0,0,0,0,0,0
25.5,0.00319831,-0.0012573,0.00420774,0,0,0,3.07879,2.02291,-2.36422,-0.0103453,-0.00236041,-0.00874573,0.00236385,2.60414e-05,-0.0223196,3,2,3.92699,0,0,0,0,0,0,0,0,0,0,0,2,3,2,3.92699,0,0,0,0,0,0,0,0,0,0,1.5708,1.5708,0,1.5708,1.5708,0,-0.00258832,-0.0077256,0.00156121,-0.000111939,-0.012253,0.000937995,1.84659,1.26083,-0.00933193,-0.0100058,-0.00379034,-0.00196639,0.00139056,0.000212884,-0.00116416,1.75578,1.20968,0,0,0,0,0.0226137,0.00214262,0,0,0.00827937,0,0.0421934,0.0132914,2,1.75578,1.20968,0,0.344544,0.487027,3.7308e-15,0,0,0,0,0,0,0,0,0,0,0,0,0.855775,1.20968,0,0,0,0,0,0,0,0,0,0,0,0,2,0.855775,1.20968,0,1,2,0,0,0,0,0,1.0946,-0.341,2.2634,0,0,0,0,0,0,0,-0,0,1.44883,0,0,0,0,0,0,0,0,0,0,0,0,0,0,0,0,0,0,0,0,0,0,0,0,0,0,0,0,0,0,0,0,0
25.55,0.00319831,-0.0012573,0.00420774,0,0,0,3.07879,2.02291,-2.36422,-0.0103453,-0.00236041,-0.00874573,0.00236385,2.60414e-05,-0.0223196,3,2,3.92699,0,0,0,0,0,0,0,0,0,0,0,2,3,2,3.92699,0,0,0,0,0,0,0,0,0,0,1.5708,1.5708,0,1.5708,1.5708,0,-0.00258832,-0.0077256,0.00156121,-0.000113952,-0.0122106,0.00093475,1.84659,1.26083,-0.00933193,-0.0100058,-0.00379034,-0.00196639,0.00139056,0.000212884,-0.00116416,1.75578,1.20968,0,0,0,0,0.0275888,0.00220383,0,0,0.0122168,0,0.0432253,0.0102897,2,1.75578,1.20968,0,0.344544,0.487027,3.7308e-15,0,0,0,0,0,0,0,0,0,0,0,0,0.855775,1.20968,0,0,0,0,0,0,0,0,0,0,0,0,2,0.855775,1.20968,0,1,2,0,0,0,0,0,1.1854,-0.2485,2.3549,0,0,0,0,0,0,0,-0,0,1.44883,0,0,0,0,0,0,0,0,0,0,0,0,0,0,0,0,0,0,0,0,0,0,0,0,0,0,0,0,0,0,0,0,0
25.6,0.00297386,-0.0023273,0.0037999,0,0,0,3.07778,2.02271,-2.36498,-0.0101576,-0.00201932,-0.00758989,0.00219457,0.00108943,-0.0083837,3,2,3.92699,0,0,0,0,0,0,0,0,0,0,0,2,3,2,3.92699,0,0,0,0,0,0,0,0,0,0,1.5708,1.5708,0,1.5708,1.5708,0,-0.00249445,-0.00815029,0.000863621,-0.000113952,-0.0122106,0.00093475,1.8456,1.26047,-0.00935663,-0.00991589,-0.00362232,-0.000247085,0.00118893,0.000732461,0.00564622,1.75578,1.20968,0,0,0,0,0.0275888,0.00220383,0,0,0.0122168,0,0.0432253,0.0102897,2,1.75578,1.20968,0,0.344544,0.487027,3.7308e-15,0,0,0,0,0,0,0,0,0,0,0,0,0.855775,1.20968,0,0,0,0,0,0,0,0,0,0,0,0,2,0.855775,1.20968,0,1,2,0,0,0,0,0,1.1854,-0.2485,2.3549,0,0,0,0,0,0,0,-0,0,1.44889,0,0,0,0,0,0,0,0,0,0,0,0,0,0,0,0,0,0,0,0,0,0,0,0,0,0,0,0,0,0,0,0,0
25.65,0.00297386,-0.0023273,0.0037999,0,0,0,3.07778,2.02271,-2.36498,-0.0101576,-0.00201932,-0.00758989,0.00219457,0.00108943,-0.0083837,3,2,3.92699,0,0,0,0,0,0,0,0,0,0,0,2,3,2,3.92699,0,0,0,0,0,0,0,0,0,0,1.5708,1.5708,0,1.5708,1.5708,0,-0.00249445,-0.00815029,0.000863621,-0.000114254,-0.0122106,0.00093475,1.8456,1.26047,-0.00935663,-0.00991589,-0.00362232,-0.000247085,0.00118893,0.000732461,0.00564622,1.75578,1.20968,0,0,0,0,0.0175704,0.00242167,0,0,0.00297796,0,0.0380412,0.0188165,2,1.75578,1.20968,0,0.344544,0.487027,3.7308e-15,0,0,0,0,0,0,0,0,0,0,0,0,0.855775,1.20968,0,0,0,0,0,0,0,0,0,0,0,0,2,0.855775,1.20968,0,1,2,0,0,0,0,0,1.1854,-0.2485,2.3549,0,0,0,0,0,0,0,-0,0,1.44889,0,0,0,0,0,0,0,0,0,0,0,0,0,0,0,0,0,0,0,0,0,0,0,0,0,0,0,0,0,0,0,0,0
25.7,0.0029283,-0.00188827,0.00329607,0,0,0,3.07678,2.0225,-2.3656,-0.0100246,-0.00212406,-0.0062252,0.00182773,0.000379901,0.00230655,3,2,3.92699,0,0,0,0,0,0,0,0,0,0,0,2,3,2,3.92699,0,0,0,0,0,0,0,0,0,0,1.5708,1.5708,0,1.5708,1.5708,0,-0.00220844,-0.00803952,0.000889862,-0.000114254,-0.0122106,0.00093475,1.84461,1.26011,-0.00938718,-0.00988294,-0.00361211,-0.00030545,0.000819349,0.000551366,0.00407951,1.75578,1.20968,0,0,0,0,0.0175704,0.00242167,0,0,0.00297796,0,0.0380412,0.0188165,2,1.75578,1.20968,0,0.344544,0.487027,3.7308e-15,0,0,0,0,0,0,0,0,0,0,0,0,0.855775,1.20968,0,0,0,0,0,0,0,0,0,0,0,0,2,0.855775,1.20968,0,1,2,0,0,0,0,0,1.1854,-0.2485,2.3549,0,0,0,0,0,0,0,-0,0,1.44896,0,0,0,0,0,0,0,0,0,0,0,0,0,0,0,0,0,0,0,0,0,0,0,0,0,0,0,0,0,0,0,0,0
25.75,0.0029283,-0.00188827,0.00329607,0,0,0,3.07678,2.0225,-2.3656,-0.0100246,-0.00212406,-0.0062252,0.00182773,0.000379901,0.00230655,3,2,3.92699,0,0,0,0,0,0,0,0,0,0,0,2,3,2,3.92699,0,0,0,0,0,0,0,0,0,0,1.5708,1.5708,0,1.5708,1.5708,0,-0.00220844,-0.00803952,0.000889862,-0.000114627,-0.0122106,0.00093475,1.84461,1.26011,-0.00938718,-0.00988294,-0.00361211,-0.00030545,0.000819349,0.000551366,0.00407951,1.75578,1.20968,0,0,0,0,0.0171323,0.002074,0,0,0.00420579,0,0.038017,0.0180536,2,1.75578,1.20968,0,0.344544,0.487027,3.7308e-15,0,0,0,0,0,0,0,0,0,0,0,0,0.855775,1.20968,0,0,0,0,0,0,0,0,0,0,0,0,2,0.855775,1.20968,0,1,2,0,0,0,0,0,1.1859,-0.2464,2.3562,0,0,0,0,0,0,0,-0,0,1.44896,0,0,0,0,0,0,0,0,0,0,0,0,0,0,0,0,0,0,0,0,0,0,0,0,0,0,0,0,0,0,0,0,0
25.8,0.0029283,-0.00188827,0.00329607,0,0,0,3.07678,2.0225,-2.3656,-0.0100246,-0.00212406,-0.0062252,0.00182773,0.000379901,0.00230655,3,2,3.92699,0,0,0,0,0,0,0,0,0,0,0,2,3,2,3.92699,0,0,0,0,0,0,0,0,0,0,1.5708,1.5708,0,1.5708,1.5708,0,-0.00220844,-0.00803952,0.000889862,-0.000100815,-0.0107393,0.000822119,1.84461,1.26011,-0.00938718,-0.00988294,-0.00361211,-0.00030545,0.000819349,0.000551366,0.00407951,1.75578,1.20968,0,0,0,0,0.0171323,0.002074,0,0,0.00420579,0,0.038017,0.0180536,2,1.75578,1.20968,0,0.344544,0.487027,3.7308e-15,0,0,0,0,0,0,0,0,0,0,0,0,0.855775,1.20968,0,0,0,0,0,0,0,0,0,0,0,0,2,0.855775,1.20968,0,1,2,0,0,0,0,0,1.1859,-0.2464,2.3562,0,0,0,0,0,0,0,-0,0,1.44896,0,0,0,0,0,0,0,0,0,0,0,0,0,0,0,0,0,0,0,0,0,0,0,0,0,0,0,0,0,0,0,0,0
25.85,0.00216042,-0.00249237,0.00380158,0,0,0,3.07581,2.02231,-2.36633,-0.00968164,-0.00192216,-0.0073224,0.00242492,0.000940201,-0.00154733,3,2,3.92699,0,0,0,0,0,0,0,0,0,0,0,2,3,2,3.92699,0,0,0,0,0,0,0,0,0,0,1.5708,1.5708,0,1.5708,1.5708,0,-0.00172186,-0.00786411,0.00141269,-0.000100815,-0.0107393,0.000822119,1.84362,1.25974,-0.00954302,-0.0099088,-0.00362085,-0.00155909,0.000345572,0.00027417,-0.00277095,1.75578,1.20968,0,0,0,0,0.0171323,0.002074,0,0,0.00420579,0,0.038017,0.0180536,2,1.75578,1.20968,0,0.344544,0.487027,3.7308e-15,0,0,0,0,0,0,0,0,0,0,0,0,0.855775,1.20968,0,0,0,0,0,0,0,0,0,0,0,0,2,0.855775,1.20968,0,1,2,0,0,0,0,0,1.1859,-0.2464,2.3562,0,0,0,0,0,0,0,-0,0,1.44907,0,0,0,0,0,0,0,0,0,0,0,0,0,0,0,0,0,0,0,0,0,0,0,0,0,0,0,0,0,0,0,0,0
25.9,0.00204145,-0.00168229,0.00224469,0,0,0,3.07485,2.02209,-2.36667,-0.00953265,-0.00213667,-0.00342244,0.00211698,-0.000219843,0.0141222,3,2,3.92699,0,0,0,0,0,0,0,0,0,0,0,2,3,2,3.92699,0,0,0,0,0,0,0,0,0,0,1.5708,1.5708,0,1.5708,1.5708,0,-0.00136159,-0.00789557,0.00078662,-0.000102489,-0.0107393,0.000822119,1.84263,1.25939,-0.00954503,-0.0098975,-0.00356925,-2.00906e-05,0.000172912,0.000327596,0.00355649,1.75578,1.20968,0,0,0,0,0.0229638,0.00127415,0,0,0.0127522,0,0.0426674,0.0114814,2,1.75578,1.20968,0,0.344544,0.487027,3.7308e-15,0,0,0,0,0,0,0,0,0,0,0,0,0.855775,1.20968,0,0,0,0,0,0,0,0,0,0,0,0,2,0.855775,1.20968,0,1,2,0,0,0,0,0,1.1859,-0.2464,2.3562,0,0,0,0,0,0,0,-0,0,1.44917,0,0,0,0,0,0,0,0,0,0,0,0,0,0,0,0,0,0,0,0,0,0,0,0,0,0,0,0,0,0,0,0,0
25.95,0.00204145,-0.00168229,0.00224469,0,0,0,3.07485,2.02209,-2.36667,-0.00953265,-0.00213667,-0.00342244,0.00211698,-0.000219843,0.0141222,3,2,3.92699,0,0,0,0,0,0,0,0,0,0,0,2,3,2,3.92699,0,0,0,0,0,0,0,0,0,0,1.5708,1.5708,0,1.5708,1.5708,0,-0.00136159,-0.00789557,0.00078662,-0.00010251,-0.0107393,0.000822119,1.84263,1.25939,-0.00954503,-0.0098975,-0.00356925,-2.00906e-05,0.000172912,0.000327596,0.00355649,1.75578,1.20968,0,0,0,0,0.0132485,0.00113683,0,0,0.0053523,0,0.0362066,0.0188043,2,1.75578,1.20968,0,0.344544,0.487027,3.7308e-15,0,0,0,0,0,0,0,0,0,0,0,0,0.855775,1.20968,0,0,0,0,0,0,0,0,0,0,0,0,2,0.855775,1.20968,0,1,2,0,0,0,0,0,1.1864,-0.2448,2.3571,0,0,0,0,0,0,0,-0,0,1.44917,0,0,0,0,0,0,0,0,0,0,0,0,0,0,0,0,0,0,0,0,0,0,0,0,0,0,0,0,0,0,0,0,0
26,0.00135234,-0.00167334,0.00279291,0,0,0,3.07393,2.02188,-2.36714,-0.0092186,-0.00211412,-0.00467779,0.00250564,-0.000194254,0.0055946,3,2,3.92699,0,0,0,0,0,0,0,0,0,0,0,2,3,2,3.92699,0,0,0,0,0,0,0,0,0,0,1.5708,1.5708,0,1.5708,1.5708,0,-0.00155021,-0.00803907,0.000896571,-0.00010251,-0.0107393,0.000822119,1.84166,1.25904,-0.00957348,-0.00972668,-0.00348568,-0.0002846,0.000785084,0.000545848,0.00193582,1.75578,1.20968,0,0,0,0,0.0132485,0.00113683,0,0,0.0053523,0,0.0362066,0.0188043,2,1.75578,1.20968,0,0.344544,0.487027,3.7308e-15,0,0,0,0,0,0,0,0,0,0,0,0,0.855775,1.20968,0,0,0,0,0,0,0,0,0,0,0,0,2,0.855775,1.20968,0,1,2,0,0,0,0,0,1.1864,-0.2448,2.3571,0,0,0,0,0,0,0,-0,0,1.44929,0,0,0,0,0,0,0,0,0,0,0,0,0,0,0,0,0,0,0,0,0,0,0,0,0,0,0,0,0,0,0,0,0
26.05,0.00135234,-0.00167334,0.00279291,0,0,0,3.07393,2.02188,-2.36714,-0.0092186,-0.00211412,-0.00467779,0.00250564,-0.000194254,0.0055946,3,2,3.92699,0,0,0,0,0,0,0,0,0,0,0,2,3,2,3.92699,0,0,0,0,0,0,0,0,0,0,1.5708,1.5708,0,1.5708,1.5708,0,-0.00155021,-0.00803907,0.000896571,-0.000103052,-0.010764,0.000824009,1.84166,1.25904,-0.00957348,-0.00972668,-0.00348568,-0.0002846,0.000785084,0.000545848,0.00193582,1.75578,1.20968,0,0,0,0,0.0153097,0.00129918,0,0,0.0062627,0,0.0381044,0.017922,2,1.75578,1.20968,0,0.344544,0.487027,3.7308e-15,0,0,0,0,0,0,0,0,0,0,0,0,0.855775,1.20968,0,0,0,0,0,0,0,0,0,0,0,0,2,0.855775,1.20968,0,1,2,0,0,0,0,0,1.1864,-0.2448,2.3571,0,0,0,0,0,0,0,-0,0,1.44929,0,0,0,0,0,0,0,0,0,0,0,0,0,0,0,0,0,0,0,0,0,0,0,0,0,0,0,0,0,0,0,0,0
26.1,0.00118599,-0.00116356,0.00195429,0,0,0,3.07303,2.02166,-2.3674,-0.00906122,-0.00223845,-0.00256264,0.00216675,-0.000614363,0.0106476,3,2,3.92699,0,0,0,0,0,0,0,0,0,0,0,2,3,2,3.92699,0,0,0,0,0,0,0,0,0,0,1.5708,1.5708,0,1.5708,1.5708,0,-0.00101273,-0.00743691,0.00076229,-0.000103052,-0.010764,0.000824009,1.84068,1.25868,-0.00956903,-0.00976912,-0.00362009,4.45109e-05,0.000364382,-0.00018708,0.00225754,1.75578,1.20968,0,0,0,0,0.0153097,0.00129918,0,0,0.0062627,0,0.0381044,0.017922,2,1.75578,1.20968,0,0.344544,0.487027,3.7308e-15,0,0,0,0,0,0,0,0,0,0,0,0,0.855775,1.20968,0,0,0,0,0,0,0,0,0,0,0,0,2,0.855775,1.20968,0,1,2,0,0,0,0,0,1.1864,-0.2448,2.3571,0,0,0,0,0,0,0,-0,0,1.44942,0,0,0,0,0,0,0,0,0,0,0,0,0,0,0,0,0,0,0,0,0,0,0,0,0,0,0,0,0,0,0,0,0
26.15,0.00118599,-0.00116356,0.00195429,0,0,0,3.07303,2.02166,-2.3674,-0.00906122,-0.00223845,-0.00256264,0.00216675,-0.000614363,0.0106476,3,2,3.92699,0,0,0,0,0,0,0,0,0,0,0,2,3,2,3.92699,0,0,0,0,0,0,0,0,0,0,1.5708,1.5708,0,1.5708,1.5708,0,-0.00101273,-0.00743691,0.00076229,-0.000103004,-0.010764,0.000824009,1.84068,1.25868,-0.00956903,-0.00976912,-0.00362009,4.45109e-05,0.000364382,-0.00018708,0.00225754,1.75578,1.20968,0,0,0,0,0.0119134,0.000767903,0,0,0.00611,0,0.0339026,0.0170431,2,1.75578,1.20968,0,0.344544,0.487027,3.7308e-15,0,0,0,0,0,0,0,0,0,0,0,0,0.855775,1.20968,0,0,0,0,0,0,0,0,0,0,0,0,2,0.855775,1.20968,0,1,2,0,0,0,0,0,1.1869,-0.2437,2.3578,0,0,0,0,0,0,0,-0,0,1.44942,0,0,0,0,0,0,0,0,0,0,0,0,0,0,0,0,0,0,0,0,0,0,0,0,0,0,0,0,0,0,0,0,0
26.2,0.000849146,-0.0019427,0.00130806,0,0,0,3.07214,2.02146,-2.36749,-0.00885575,-0.00198394,-0.000953232,0.0020801,0.000592297,0.0135094,3,2,3.92699,0,0,0,0,0,0,0,0,0,0,0,2,3,2,3.92699,0,0,0,0,0,0,0,0,0,0,1.5708,1.5708,0,1.5708,1.5708,0,-0.000290441,-0.0078652,0.000923182,-0.000103004,-0.010764,0.000824009,1.83969,1.25833,-0.00960344,-0.00986482,-0.00345299,-0.000343992,-0.000216182,0.000457812,-0.000153546,1.75578,1.20968,0,0,0,0,0.0119134,0.000767903,0,0,0.00611,0,0.0339026,0.0170431,2,1.75578,1.20968,0,0.344544,0.487027,3.7308e-15,0,0,0,0,0,0,0,0,0,0,0,0,0.855775,1.20968,0,0,0,0,0,0,0,0,0,0,0,0,2,0.855775,1.20968,0,1,2,0,0,0,0,0,1.1869,-0.2437,2.3578,0,0,0,0,0,0,0,-0,0,1.44958,0,0,0,0,0,0,0,0,0,0,0,0,0,0,0,0,0,0,0,0,0,0,0,0,0,0,0,0,0,0,0,0,0
26.25,0.000849146,-0.0019427,0.00130806,0,0,0,3.07214,2.02146,-2.36749,-0.00885575,-0.00198394,-0.000953232,0.0020801,0.000592297,0.0135094,3,2,3.92699,0,0,0,0,0,0,0,0,0,0,0,2,3,2,3.92699,0,0,0,0,0,0,0,0,0,0,1.5708,1.5708,0,1.5708,1.5708,0,-0.000290441,-0.0078652,0.000923182,-0.000103375,-0.010764,0.000824009,1.83969,1.25833,-0.00960344,-0.00986482,-0.00345299,-0.000343992,-0.000216182,0.000457812,-0.000153546,1.75578,1.20968,0,0,0,0,0.0119309,0,0,0,0.0104088,0,0.0373654,0.0164687,2,1.75578,1.20968,0,0.344544,0.487027,3.7308e-15,0,0,0,0,0,0,0,0,0,0,0,0,0.855775,1.20968,0,0,0,0,0,0,0,0,0,0,0,0,2,0.855775,1.20968,0,1,2,0,0,0,0,0,1.1869,-0.2437,2.3578,0,0,0,0,0,0,0,-0,0,1.44958,0,0,0,0,0,0,0,0,0,0,0,0,0,0,0,0,0,0,0,0,0,0,0,0,0,0,0,0,0,0,0,0,0
26.3,0.000317339,-0.00150167,0.00134488,0,0,0,3.07128,2.02125,-2.36759,-0.00859573,-0.0020897,-0.00102334,0.00229177,9.98585e-05,0.00822036,3,2,3.92699,0,0,0,0,0,0,0,0,0,0,0,2,3,2,3.92699,0,0,0,0,0,0,0,0,0,0,1.5708,1.5708,0,1.5708,1.5708,0,-0.000582083,-0.00692159,0.00106227,-0.00010137,-0.0105552,0.000808029,1.83873,1.25796,-0.00967064,-0.00966439,-0.0036872,-0.000672341,0.000609768,-0.000567547,-0.0017297,1.75578,1.20968,0,0,0,0,0.0119309,0,0,0,0.0104088,0,0.0373654,0.0164687,2,1.75578,1.20968,0,0.344544,0.487027,3.7308e-15,0,0,0,0,0,0,0,0,0,0,0,0,0.855775,1.20968,0,0,0,0,0,0,0,0,0,0,0,0,2,0.855775,1.20968,0,1,2,0,0,0,0,0,1.1869,-0.2437,2.3578,0,0,0,0,0,0,0,-0,0,1.44976,0,0,0,0,0,0,0,0,0,0,0,0,0,0,0,0,0,0,0,0,0,0,0,0,0,0,0,0,0,0,0,0,0
26.35,0.000317339,-0.00150167,0.00134488,0,0,0,3.07128,2.02125,-2.36759,-0.00859573,-0.0020897,-0.00102334,0.00229177,9.98585e-05,0.00822036,3,2,3.92699,0,0,0,0,0,0,0,0,0,0,0,2,3,2,3.92699,0,0,0,0,0,0,0,0,0,0,1.5708,1.5708,0,1.5708,1.5708,0,-0.000582083,-0.00692159,0.00106227,-0.000102079,-0.0105552,0.000808029,1.83873,1.25796,-0.00967064,-0.00966439,-0.0036872,-0.000672341,0.000609768,-0.000567547,-0.0017297,1.75578,1.20968,0,0,0,0,0.0149699,0.000131853,0,0,0.0115364,0,0.0361034,0.0113095,2,1.75578,1.20968,0,0.344544,0.487027,3.7308e-15,0,0,0,0,0,0,0,0,0,0,0,0,0.855775,1.20968,0,0,0,0,0,0,0,0,0,0,0,0,2,0.855775,1.20968,0,1,2,0,0,0,0,0,1.1873,-0.2434,2.3579,0,0,0,0,0,0,0,-0,0,1.44976,0,0,0,0,0,0,0,0,0,0,0,0,0,0,0,0,0,0,0,0,0,0,0,0,0,0,0,0,0,0,0,0,0
26.4,-0.000278998,-0.00212621,0.000378597,0,0,0,3.07045,2.02106,-2.36746,-0.00831981,-0.00188221,0.00132791,0.00248915,0.000818045,0.0136132,3,2,3.92699,0,0,0,0,0,0,0,0,0,0,0,2,3,2,3.92699,0,0,0,0,0,0,0,0,0,0,1.5708,1.5708,0,1.5708,1.5708,0,-0.000186922,-0.00727529,0.000638949,-0.000102079,-0.0105552,0.000808029,1.83776,1.25761,-0.00963456,-0.00966615,-0.00354104,0.000360763,0.0004505,9.681e-05,0.00287493,1.75578,1.20968,0,0,0,0,0.0149699,0.000131853,0,0,0.0115364,0,0.0361034,0.0113095,2,1.75578,1.20968,0,0.344544,0.487027,3.7308e-15,0,0,0,0,0,0,0,0,0,0,0,0,0.855775,1.20968,0,0,0,0,0,0,0,0,0,0,0,0,2,0.855775,1.20968,0,1,2,0,0,0,0,0,1.1873,-0.2434,2.3579,0,0,0,0,0,0,0,-0,0,1.44996,0,0,0,0,0,0,0,0,0,0,0,0,0,0,0,0,0,0,0,0,0,0,0,0,0,0,0,0,0,0,0,0,0
26.45,-0.000278998,-0.00212621,0.000378597,0,0,0,3.07045,2.02106,-2.36746,-0.00831981,-0.00188221,0.00132791,0.00248915,0.000818045,0.0136132,3,2,3.92699,0,0,0,0,0,0,0,0,0,0,0,2,3,2,3.92699,0,0,0,0,0,0,0,0,0,0,1.5708,1.5708,0,1.5708,1.5708,0,-0.000186922,-0.00727529,0.000638949,-0.000101698,-0.0105552,0.000808029,1.83776,1.25761,-0.00963456,-0.00966615,-0.00354104,0.000360763,0.0004505,9.681e-05,0.00287493,1.75578,1.20968,0,0,0,0,0.00779524,0,0,0,0.00696145,0,0.0317921,0.0179883,2,1.75578,1.20968,0,0.344544,0.487027,3.7308e-15,0,0,0,0,0,0,0,0,0,0,0,0,0.855775,1.20968,0,0,0,0,0,0,0,0,0,0,0,0,2,0.855775,1.20968,0,1,2,0,0,0,0,0,1.1873,-0.2434,2.3579,0,0,0,0,0,0,0,-0,0,1.44996,0,0,0,0,0,0,0,0,0,0,0,0,0,0,0,0,0,0,0,0,0,0,0,0,0,0,0,0,0,0,0,0,0
26.5,-0.000573782,-0.00233354,0.000752068,0,0,0,3.06964,2.02088,-2.36742,-0.00813551,-0.00179934,0.000400821,0.00227298,0.000923073,0.00520047,3,2,3.92699,0,0,0,0,0,0,0,0,0,0,0,2,3,2,3.92699,0,0,0,0,0,0,0,0,0,0,1.5708,1.5708,0,1.5708,1.5708,0,-0.000196784,-0.00695154,0.000945404,-0.000101698,-0.0105552,0.000808029,1.83681,1.25725,-0.009673,-0.00955008,-0.0035938,-0.000384661,0.000730152,-5.62798e-05,-0.000628395,1.75578,1.20968,0,0,0,0,0.00779524,0,0,0,0.00696145,0,0.0317921,0.0179883,2,1.75578,1.20968,0,0.344544,0.487027,3.7308e-15,0,0,0,0,0,0,0,0,0,0,0,0,0.855775,1.20968,0,0,0,0,0,0,0,0,0,0,0,0,2,0.855775,1.20968,0,1,2,0,0,0,0,0,1.1873,-0.2434,2.3579,0,0,0,0,0,0,0,-0,0,1.45018,0,0,0,0,0,0,0,0,0,0,0,0,0,0,0,0,0,0,0,0,0,0,0,0,0,0,0,0,0,0,0,0,0
26.55,-0.000573782,-0.00233354,0.000752068,0,0,0,3.06964,2.02088,-2.36742,-0.00813551,-0.00179934,0.000400821,0.00227298,0.000923073,0.00520047,3,2,3.92699,0,0,0,0,0,0,0,0,0,0,0,2,3,2,3.92699,0,0,0,0,0,0,0,0,0,0,1.5708,1.5708,0,1.5708,1.5708,0,-0.000196784,-0.00695154,0.000945404,0,0,0,1.83681,1.25725,-0.009673,-0.00955008,-0.0035938,-0.000384661,0.000730152,-5.62798e-05,-0.000628395,1.75578,1.20968,0,0,0,0,0.012126,0,0,0,0.0111853,0,0.0346942,0.0128888,2,1.75578,1.20968,0,0.344544,0.487027,3.7308e-15,0,0,0,0,0,0,0,0,0,0,0,0,0.855775,1.20968,0,0,0,0,0,0,0,0,0,0,0,0,2,0.855775,1.20968,0,1,2,0,0,0,0,0,1.1877,-0.2435,2.3578,0,0,0,0,0,0,0,-0,0,1.45018,0,0,0,0,0,0,0,0,0,0,0,0,0,0,0,0,0,0,0,0,0,0,0,0,0,0,0,0,0,0,0,0,0
26.6,-0.000634383,-0.000717252,0.000400248,0,0,0,3.06883,2.02066,-2.3673,-0.00802185,-0.00225134,0.00124169,0.00176964,-0.00124218,0.00534503,3,2,3.92699,0,0,0,0,0,0,0,0,0,0,0,2,3,2,3.92699,0,0,0,0,0,0,0,0,0,0,1.5708,1.5708,0,1.5708,1.5708,0,4.35963e-05,-0.00634632,0.00118788,0,0,0,1.83585,1.25688,-0.00976917,-0.0095081,-0.00372783,-0.000961289,0.000620381,-0.000598983,-0.00315663,1.75578,1.20968,0,0,0,0,0.012126,0,0,0,0.0111853,0,0.0346942,0.0128888,2,1.75578,1.20968,0,0.344544,0.487027,3.7308e-15,0,0,0,0,0,0,0,0,0,0,0,0,0.855775,1.20968,0,0,0,0,0,0,0,0,0,0,0,0,2,0.855775,1.20968,0,1,2,0,0,0,0,0,1.1877,-0.2435,2.3578,0,0,0,0,0,0,0,-0,0,1.45038,0,0,0,0,0,0,0,0,0,0,0,0,0,0,0,0,0,0,0,0,0,0,0,0,0,0,0,0,0,0,0,0,0
26.65,-0.000634383,-0.000717252,0.000400248,0,0,0,3.06883,2.02066,-2.3673,-0.00802185,-0.00225134,0.00124169,0.00176964,-0.00124218,0.00534503,3,2,3.92699,0,0,0,0,0,0,0,0,0,0,0,2,3,2,3.92699,0,0,0,0,0,0,0,0,0,0,1.5708,1.5708,0,1.5708,1.5708,0,4.35963e-05,-0.00634632,0.00118788,0,0,0,1.83585,1.25688,-0.00976917,-0.0095081,-0.00372783,-0.000961289,0.000620381,-0.000598983,-0.00315663,1.75578,1.20968,0,0,0,0,0.0148708,0,0,0,0.0153899,9.82508e-05,0.0347572,0.00892245,2,1.75578,1.20968,0,0.344544,0.487027,3.7308e-15,0,0,0,0,0,0,0,0,0,0,0,0,0.855775,1.20968,0,0,0,0,0,0,0,0,0,0,0,0,2,0.855775,1.20968,0,1,2,0,0,0,0,0,1.1877,-0.2435,2.3578,0,0,0,0,0,0,0,-0,0,1.45038,0,0,0,0,0,0,0,0,0,0,0,0,0,0,0,0,0,0,0,0,0,0,0,0,0,0,0,0,0,0,0,0,0
26.7,-0.000869873,-0.00138299,0.000440366,0,0,0,3.06805,2.02045,-2.36719,-0.00785834,-0.00202989,0.00112049,0.00166276,-0.000150075,0.00274241,3,2,3.92699,0,0,0,0,0,0,0,0,0,0,0,2,3,2,3.92699,0,0,0,0,0,0,0,0,0,0,1.5708,1.5708,0,1.5708,1.5708,0,0.000730212,-0.00693031,0.000600601,0,0,0,1.83489,1.25653,-0.00972192,-0.00959652,-0.00351417,0.000472512,2.2196e-05,0.000427583,0.00349312,1.75578,1.20968,0,0,0,0,0.0148708,0,0,0,0.0153899,9.82508e-05,0.0347572,0.00892245,2,1.75578,1.20968,0,0.344544,0.487027,3.7308e-15,0,0,0,0,0,0,0,0,0,0,0,0,0.855775,1.20968,0,0,0,0,0,0,0,0,0,0,0,0,2,0.855775,1.20968,0,1,2,0,0,0,0,0,1.1877,-0.2435,2.3578,0,0,0,0,0,0,0,-0,0,1.45061,0,0,0,0,0,0,0,0,0,0,0,0,0,0,0,0,0,0,0,0,0,0,0,0,0,0,0,0,0,0,0,0,0
26.75,-0.000869873,-0.00138299,0.000440366,0,0,0,3.06805,2.02045,-2.36719,-0.00785834,-0.00202989,0.00112049,0.00166276,-0.000150075,0.00274241,3,2,3.92699,0,0,0,0,0,0,0,0,0,0,0,2,3,2,3.92699,0,0,0,0,0,0,0,0,0,0,1.5708,1.5708,0,1.5708,1.5708,0,0.000730212,-0.00693031,0.000600601,0,0,0,1.83489,1.25653,-0.00972192,-0.00959652,-0.00351417,0.000472512,2.2196e-05,0.000427583,0.00349312,1.75578,1.20968,0,0,0,0,0.0046456,0,0,0,0.00927715,0.000905724,0.030192,0.0171681,2,1.75578,1.20968,0,0.344544,0.487027,3.7308e-15,0,0,0,0,0,0,0,0,0,0,0,0,0.855775,1.20968,0,0,0,0,0,0,0,0,0,0,0,0,2,0.855775,1.20968,0,1,2,0,0,0,0,0,1.1881,-0.2438,2.3575,0,0,0,0,0,0,0,-0,0,1.45061,0,0,0,0,0,0,0,0,0,0,0,0,0,0,0,0,0,0,0,0,0,0,0,0,0,0,0,0,0,0,0,0,0
26.8,-0.00136053,-0.00151962,0.000389534,0,0,0,3.06729,2.02026,-2.36706,-0.0076221,-0.00196597,0.0012211,0.00192874,0.000313239,0.00169644,3,2,3.92699,0,0,0,0,0,0,0,0,0,0,0,2,3,2,3.92699,0,0,0,0,0,0,0,0,0,0,1.5708,1.5708,0,1.5708,1.5708,0,6.37323e-05,-0.00574371,0.000764913,0,0,0,1.83397,1.25614,-0.00971518,-0.00929011,-0.00381837,6.73564e-05,0.00115769,-0.000819514,0.00137795,1.75578,1.20968,0,0,0,0,0.0046456,0,0,0,0.00927715,0.000905724,0.030192,0.0171681,2,1.75578,1.20968,0,0.344544,0.487027,3.7308e-15,0,0,0,0,0,0,0,0,0,0,0,0,0.855775,1.20968,0,0,0,0,0,0,0,0,0,0,0,0,2,0.855775,1.20968,0,1,2,0,0,0,0,0,1.1881,-0.2438,2.3575,0,0,0,0,0,0,0,-0,0,1.45084,0,0,0,0,0,0,0,0,0,0,0,0,0,0,0,0,0,0,0,0,0,0,0,0,0,0,0,0,0,0,0,0,0
26.85,-0.00136053,-0.00151962,0.000389534,0,0,0,3.06729,2.02026,-2.36706,-0.0076221,-0.00196597,0.0012211,0.00192874,0.000313239,0.00169644,3,2,3.92699,0,0,0,0,0,0,0,0,0,0,0,2,3,2,3.92699,0,0,0,0,0,0,0,0,0,0,1.5708,1.5708,0,1.5708,1.5708,0,6.37323e-05,-0.00574371,0.000764913,0,0,0,1.83397,1.25614,-0.00971518,-0.00929011,-0.00381837,6.73564e-05,0.00115769,-0.000819514,0.00137795,1.75578,1.20968,0,0,0,0,0.00909892,0,0,0,0.00973691,0.000125032,0.0284594,0.0108403,2,1.75578,1.20968,0,0.344544,0.487027,3.7308e-15,0,0,0,0,0,0,0,0,0,0,0,0,0.855775,1.20968,0,0,0,0,0,0,0,0,0,0,0,0,2,0.855775,1.20968,0,1,2,0,0,0,0,0,1.1881,-0.2438,2.3575,0,0,0,0,0,0,0,-0,0,1.45084,0,0,0,0,0,0,0,0,0,0,0,0,0,0,0,0,0,0,0,0,0,0,0,0,0,0,0,0,0,0,0,0,0
26.9,-0.00130974,-0.00178808,0.000410337,0,0,0,3.06653,2.02007,-2.36695,-0.00754714,-0.0018642,0.00114691,0.0014873,0.000655793,0.000581688,3,2,3.92699,0,0,0,0,0,0,0,0,0,0,0,2,3,2,3.92699,0,0,0,0,0,0,0,0,0,0,1.5708,1.5708,0,1.5708,1.5708,0,0.000816492,-0.00604172,0.00101678,0,0,0,1.83303,1.25578,-0.00976925,-0.00940035,-0.00368689,-0.000540771,0.000400619,-0.000138699,-0.00188867,1.75578,1.20968,0,0,0,0,0.00909892,0,0,0,0.00973691,0.000125032,0.0284594,0.0108403,2,1.75578,1.20968,0,0.344544,0.487027,3.7308e-15,0,0,0,0,0,0,0,0,0,0,0,0,0.855775,1.20968,0,0,0,0,0,0,0,0,0,0,0,0,2,0.855775,1.20968,0,1,2,0,0,0,0,0,1.1881,-0.2438,2.3575,0,0,0,0,0,0,0,-0,0,1.4511,0,0,0,0,0,0,0,0,0,0,0,0,0,0,0,0,0,0,0,0,0,0,0,0,0,0,0,0,0,0,0,0,0
26.95,-0.00130974,-0.00178808,0.000410337,0,0,0,3.06653,2.02007,-2.36695,-0.00754714,-0.0018642,0.00114691,0.0014873,0.000655793,0.000581688,3,2,3.92699,0,0,0,0,0,0,0,0,0,0,0,2,3,2,3.92699,0,0,0,0,0,0,0,0,0,0,1.5708,1.5708,0,1.5708,1.5708,0,0.000816492,-0.00604172,0.00101678,0,0,0,1.83303,1.25578,-0.00976925,-0.00940035,-0.00368689,-0.000540771,0.000400619,-0.000138699,-0.00188867,1.75578,1.20968,0,0,0,0,0.010344,0,0,0,0.0153884,0.000993242,0.0322423,0.00914423,2,1.75578,1.20968,0,0.344544,0.487027,3.7308e-15,0,0,0,0,0,0,0,0,0,0,0,0,0.855775,1.20968,0,0,0,0,0,0,0,0,0,0,0,0,2,0.855775,1.20968,0,1,2,0,0,0,0,0,1.1618,-0.2708,2.3305,0,0,0,0,0,0,0,-0,0,1.4511,0,0,0,0,0,0,0,0,0,0,0,0,0,0,0,0,0,0,0,0,0,0,0,0,0,0,0,0,0,0,0,0,0
27,-0.00186546,-0.00185494,0.000448442,0,0,0,3.0658,2.01989,-2.36685,-0.00729549,-0.00182265,0.00103243,0.0018409,0.000606702,-0.000259363,3,2,3.92699,0,0,0,0,0,0,0,0,0,0,0,2,3,2,3.92699,0,0,0,0,0,0,0,0,0,0,1.5708,1.5708,0,1.5708,1.5708,0,0.00139977,-0.00585581,0.000853471,0,0,0,1.83208,1.25541,-0.00978292,-0.00945998,-0.0036978,-0.000136701,-9.76036e-05,-3.3685e-05,3.82311e-05,1.75578,1.20968,0,0,0,0,0.010344,0,0,0,0.0153884,0.000993242,0.0322423,0.00914423,2,1.75578,1.20968,0,0.344544,0.487027,3.7308e-15,0,0,0,0,0,0,0,0,0,0,0,0,0.855775,1.20968,0,0,0,0,0,0,0,0,0,0,0,0,2,0.855775,1.20968,0,1,2,0,0,0,0,0,1.1618,-0.2708,2.3305,0,0,0,0,0,0,0,-0,0,1.45138,0,0,0,0,0,0,0,0,0,0,0,0,0,0,0,0,0,0,0,0,0,0,0,0,0,0,0,0,0,0,0,0,0
27.05,-0.00186546,-0.00185494,0.000448442,0,0,0,3.0658,2.01989,-2.36685,-0.00729549,-0.00182265,0.00103243,0.0018409,0.000606702,-0.000259363,3,2,3.92699,0,0,0,0,0,0,0,0,0,0,0,2,3,2,3.92699,0,0,0,0,0,0,0,0,0,0,1.5708,1.5708,0,1.5708,1.5708,0,0.00139977,-0.00585581,0.000853471,0,0,0,1.83208,1.25541,-0.00978292,-0.00945998,-0.0036978,-0.000136701,-9.76036e-05,-3.3685e-05,3.82311e-05,1.75578,1.20968,0,0,0,0,0.00644618,0,0,0,0.0149125,0.00166886,0.0299811,0.0100019,2,1.75578,1.20968,0,0.344544,0.487027,3.7308e-15,0,0,0,0,0,0,0,0,0,0,0,0,0.855775,1.20968,0,0,0,0,0,0,0,0,0,0,0,0,2,0.855775,1.20968,0,1,2,0,0,0,0,0,1.1618,-0.2708,2.3305,0,0,0,0,0,0,0,-0,0,1.45138,0,0,0,0,0,0,0,0,0,0,0,0,0,0,0,0,0,0,0,0,0,0,0,0,0,0,0,0,0,0,0,0,0
27.1,-0.00145645,-0.00132523,0.000220437,0,0,0,3.06507,2.01969,-2.36669,-0.00732928,-0.00195627,0.0015622,0.00102133,-0.000175424,0.00184668,3,2,3.92699,0,0,0,0,0,0,0,0,0,0,0,2,3,2,3.92699,0,0,0,0,0,0,0,0,0,0,1.5708,1.5708,0,1.5708,1.5708,0,0.00060645,-0.00520837,0.000742521,0,0,0,1.83117,1.25502,-0.0097696,-0.00911825,-0.00384293,0.000133292,0.00124314,-0.000584369,0.00136262,1.75578,1.20968,0,0,0,0,0.00644618,0,0,0,0.0149125,0.00166886,0.0299811,0.0100019,2,1.75578,1.20968,0,0.344544,0.487027,3.7308e-15,0,0,0,0,0,0,0,0,0,0,0,0,0.855775,1.20968,0,0,0,0,0,0,0,0,0,0,0,0,2,0.855775,1.20968,0,1,2,0,0,0,0,0,1.1618,-0.2708,2.3305,0,0,0,0,0,0,0,-0,0,1.45163,0,0,0,0,0,0,0,0,0,0,0,0,0,0,0,0,0,0,0,0,0,0,0,0,0,0,0,0,0,0,0,0,0
27.15,-0.00145645,-0.00132523,0.000220437,0,0,0,3.06507,2.01969,-2.36669,-0.00732928,-0.00195627,0.0015622,0.00102133,-0.000175424,0.00184668,3,2,3.92699,0,0,0,0,0,0,0,0,0,0,0,2,3,2,3.92699,0,0,0,0,0,0,0,0,0,0,1.5708,1.5708,0,1.5708,1.5708,0,0.00060645,-0.00520837,0.000742521,0,0,0,1.83117,1.25502,-0.0097696,-0.00911825,-0.00384293,0.000133292,0.00124314,-0.000584369,0.00136262,1.75578,1.20968,0,0,0,0,0.00734446,0,0,0,0.0111344,0.000747057,0.0264442,0.00915895,2,1.75578,1.20968,0,0.344544,0.487027,3.7308e-15,0,0,0,0,0,0,0,0,0,0,0,0,0.855775,1.20968,0,0,0,0,0,0,0,0,0,0,0,0,2,0.855775,1.20968,0,1,2,0,0,0,0,0,1.1302,-0.3033,2.2981,0,0,0,0,0,0,0,-0,0,1.45163,0,0,0,0,0,0,0,0,0,0,0,0,0,0,0,0,0,0,0,0,0,0,0,0,0,0,0,0,0,0,0,0,0
27.2,-0.00134303,-0.00154224,0.000405698,0,0,0,3.06434,2.01951,-2.36658,-0.00727609,-0.00186967,0.00108454,0.000706183,0.000132517,-0.000512936,3,2,3.92699,0,0,0,0,0,0,0,0,0,0,0,2,3,2,3.92699,0,0,0,0,0,0,0,0,0,0,1.5708,1.5708,0,1.5708,1.5708,0,0.00146227,-0.00551436,0.00100986,0,0,0,1.83024,1.25465,-0.00982095,-0.00926047,-0.00370883,-0.000513408,0.000348799,0.000105882,-0.00158657,1.75578,1.20968,0,0,0,0,0.00734446,0,0,0,0.0111344,0.000747057,0.0264442,0.00915895,2,1.75578,1.20968,0,0.344544,0.487027,3.7308e-15,0,0,0,0,0,0,0,0,0,0,0,0,0.855775,1.20968,0,0,0,0,0,0,0,0,0,0,0,0,2,0.855775,1.20968,0,1,2,0,0,0,0,0,1.1302,-0.3033,2.2981,0,0,0,0,0,0,0,-0,0,1.4519,0,0,0,0,0,0,0,0,0,0,0,0,0,0,0,0,0,0,0,0,0,0,0,0,0,0,0,0,0,0,0,0,0
27.25,-0.00134303,-0.00154224,0.000405698,0,0,0,3.06434,2.01951,-2.36658,-0.00727609,-0.00186967,0.00108454,0.000706183,0.000132517,-0.000512936,3,2,3.92699,0,0,0,0,0,0,0,0,0,0,0,2,3,2,3.92699,0,0,0,0,0,0,0,0,0,0,1.5708,1.5708,0,1.5708,1.5708,0,0.00146227,-0.00551436,0.00100986,0,0,0,1.83024,1.25465,-0.00982095,-0.00926047,-0.00370883,-0.000513408,0.000348799,0.000105882,-0.00158657,1.75578,1.20968,0,0,0,0,0.00850801,0,0,0,0.0173089,0.00173087,0.0300181,0.00781774,2,1.75578,1.20968,0,0.344544,0.487027,3.7308e-15,0,0,0,0,0,0,0,0,0,0,0,0,0.855775,1.20968,0,0,0,0,0,0,0,0,0,0,0,0,2,0.855775,1.20968,0,1,2,0,0,0,0,0,1.1302,-0.3033,2.2981,0,0,0,0,0,0,0,-0,0,1.4519,0,0,0,0,0,0,0,0,0,0,0,0,0,0,0,0,0,0,0,0,0,0,0,0,0,0,0,0,0,0,0,0,0
27.3,-0.0021989,-0.0014271,0.00044736,0,0,0,3.06365,2.01932,-2.36648,-0.0069397,-0.00188133,0.000962704,0.00172857,7.54214e-05,-0.00111474,3,2,3.92699,0,0,0,0,0,0,0,0,0,0,0,2,3,2,3.92699,0,0,0,0,0,0,0,0,0,0,1.5708,1.5708,0,1.5708,1.5708,0,0.00119321,-0.00560335,0.000720202,0,0,0,1.82933,1.25429,-0.00980149,-0.00907359,-0.00363944,0.000194535,0.00083903,0.000435855,0.00147748,1.75578,1.20968,0,0,0,0,0.00850801,0,0,0,0.0173089,0.00173087,0.0300181,0.00781774,2,1.75578,1.20968,0,0.344544,0.487027,3.7308e-15,0,0,0,0,0,0,0,0,0,0,0,0,0.855775,1.20968,0,0,0,0,0,0,0,0,0,0,0,0,2,0.855775,1.20968,0,1,2,0,0,0,0,0,1.1302,-0.3033,2.2981,0,0,0,0,0,0,0,-0,0,1.45217,0,0,0,0,0,0,0,0,0,0,0,0,0,0,0,0,0,0,0,0,0,0,0,0,0,0,0,0,0,0,0,0,0
27.35,-0.0021989,-0.0014271,0.00044736,0,0,0,3.06365,2.01932,-2.36648,-0.0069397,-0.00188133,0.000962704,0.00172857,7.54214e-05,-0.00111474,3,2,3.92699,0,0,0,0,0,0,0,0,0,0,0,2,3,2,3.92699,0,0,0,0,0,0,0,0,0,0,1.5708,1.5708,0,1.5708,1.5708,0,0.00119321,-0.00560335,0.000720202,0,0,0,1.82933,1.25429,-0.00980149,-0.00907359,-0.00363944,0.000194535,0.00083903,0.000435855,0.00147748,1.75578,1.20968,0,0,0,0,0.00525721,0,0,0,0.0125124,0.00142838,0.0274427,0.0108206,2,1.75578,1.20968,0,0.344544,0.487027,3.7308e-15,0,0,0,0,0,0,0,0,0,0,0,0,0.855775,1.20968,0,0,0,0,0,0,0,0,0,0,0,0,2,0.855775,1.20968,0,1,2,0,0,0,0,0,1.2179,-0.2164,2.3851,0,0,0,0,0,0,0,-0,0,1.45217,0,0,0,0,0,0,0,0,0,0,0,0,0,0,0,0,0,0,0,0,0,0,0,0,0,0,0,0,0,0,0,0,0
27.4,-0.00173926,-0.00172084,0.000355113,0,0,0,3.06295,2.01914,-2.36637,-0.00699252,-0.00177316,0.00116633,0.000976499,0.000472837,6.13137e-05,3,2,3.92699,0,0,0,0,0,0,0,0,0,0,0,2,3,2,3.92699,0,0,0,0,0,0,0,0,0,0,1.5708,1.5708,0,1.5708,1.5708,0,0.00115079,-0.00541178,0.00101087,0,0,0,1.82844,1.25392,-0.00985243,-0.00895495,-0.00365257,-0.000509588,0.00105892,0.000259832,-0.00151209,1.75578,1.20968,0,0,0,0,0.00525721,0,0,0,0.0125124,0.00142838,0.0274427,0.0108206,2,1.75578,1.20968,0,0.344544,0.487027,3.7308e-15,0,0,0,0,0,0,0,0,0,0,0,0,0.855775,1.20968,0,0,0,0,0,0,0,0,0,0,0,0,2,0.855775,1.20968,0,1,2,0,0,0,0,0,1.2179,-0.2164,2.3851,0,0,0,0,0,0,0,-0,0,1.45244,0,0,0,0,0,0,0,0,0,0,0,0,0,0,0,0,0,0,0,0,0,0,0,0,0,0,0,0,0,0,0,0,0
27.45,-0.00173926,-0.00172084,0.000355113,0,0,0,3.06295,2.01914,-2.36637,-0.00699252,-0.00177316,0.00116633,0.000976499,0.000472837,6.13137e-05,3,2,3.92699,0,0,0,0,0,0,0,0,0,0,0,2,3,2,3.92699,0,0,0,0,0,0,0,0,0,0,1.5708,1.5708,0,1.5708,1.5708,0,0.00115079,-0.00541178,0.00101087,0,0,0,1.82844,1.25392,-0.00985243,-0.00895495,-0.00365257,-0.000509588,0.00105892,0.000259832,-0.00151209,1.75578,1.20968,0,0,0,0,0.00944245,0,0,0,0.0164132,0.00136987,0.0296097,0.00756803,2,1.75578,1.20968,0,0.344544,0.487027,3.7308e-15,0,0,0,0,0,0,0,0,0,0,0,0,0.855775,1.20968,0,0,0,0,0,0,0,0,0,0,0,0,2,0.855775,1.20968,0,1,2,0,0,0,0,0,1.2179,-0.2164,2.3851,0,0,0,0,0,0,0,-0,0,1.45244,0,0,0,0,0,0,0,0,0,0,0,0,0,0,0,0,0,0,0,0,0,0,0,0,0,0,0,0,0,0,0,0,0
27.5,-0.00217286,-0.00203263,0.00058583,0,0,0,3.06227,2.01898,-2.36631,-0.00678319,-0.00166099,0.000586804,0.00131327,0.000783911,-0.00211827,3,2,3.92699,0,0,0,0,0,0,0,0,0,0,0,2,3,2,3.92699,0,0,0,0,0,0,0,0,0,0,1.5708,1.5708,0,1.5708,1.5708,0,0.00145989,-0.00538095,0.000717934,0,0,0,1.82755,1.25356,-0.00983182,-0.00894003,-0.00361876,0.000206187,0.000715354,0.000263262,0.00154689,1.75578,1.20968,0,0,0,0,0.00944245,0,0,0,0.0164132,0.00136987,0.0296097,0.00756803,2,1.75578,1.20968,0,0.344544,0.487027,3.7308e-15,0,0,0,0,0,0,0,0,0,0,0,0,0.855775,1.20968,0,0,0,0,0,0,0,0,0,0,0,0,2,0.855775,1.20968,0,1,2,0,0,0,0,0,1.2179,-0.2164,2.3851,0,0,0,0,0,0,0,-0,0,1.45272,0,0,0,0,0,0,0,0,0,0,0,0,0,0,0,0,0,0,0,0,0,0,0,0,0,0,0,0,0,0,0,0,0
27.55,-0.00217286,-0.00203263,0.00058583,0,0,0,3.06227,2.01898,-2.36631,-0.00678319,-0.00166099,0.000586804,0.00131327,0.000783911,-0.00211827,3,2,3.92699,0,0,0,0,0,0,0,0,0,0,0,2,3,2,3.92699,0,0,0,0,0,0,0,0,0,0,1.5708,1.5708,0,1.5708,1.5708,0,0.00145989,-0.00538095,0.000717934,0,0,0,1.82755,1.25356,-0.00983182,-0.00894003,-0.00361876,0.000206187,0.000715354,0.000263262,0.00154689,1.75578,1.20968,0,0,0,0,0.00450668,0,0,0,0.0133122,0.00173439,0.0266966,0.0100284,2,1.75578,1.20968,0,0.344544,0.487027,3.7308e-15,0,0,0,0,0,0,0,0,0,0,0,0,0.855775,1.20968,0,0,0,0,0,0,0,0,0,0,0,0,2,0.855775,1.20968,0,1,2,0,0,0,0,0,1.1962,-0.2388,2.3627,0,0,0,0,0,0,0,-0,0,1.45272,0,0,0,0,0,0,0,0,0,0,0,0,0,0,0,0,0,0,0,0,0,0,0,0,0,0,0,0,0,0,0,0,0
27.6,-0.0020586,-0.00142581,0.000419042,0,0,0,3.0616,2.01879,-2.36621,-0.0067367,-0.00181908,0.000977641,0.00101566,-0.000119835,-5.33344e-06,3,2,3.92699,0,0,0,0,0,0,0,0,0,0,0,2,3,2,3.92699,0,0,0,0,0,0,0,0,0,0,1.5708,1.5708,0,1.5708,1.5708,0,0.00147272,-0.00542029,0.00108089,0,0,0,1.82666,1.2532,-0.00989904,-0.00883902,-0.00356491,-0.000672333,0.000780881,0.000371385,-0.00216682,1.75578,1.20968,0,0,0,0,0.00450668,0,0,0,0.0133122,0.00173439,0.0266966,0.0100284,2,1.75578,1.20968,0,0.344544,0.487027,3.7308e-15,0,0,0,0,0,0,0,0,0,0,0,0,0.855775,1.20968,0,0,0,0,0,0,0,0,0,0,0,0,2,0.855775,1.20968,0,1,2,0,0,0,0,0,1.1962,-0.2388,2.3627,0,0,0,0,0,0,0,-0,0,1.45299,0,0,0,0,0,0,0,0,0,0,0,0,0,0,0,0,0,0,0,0,0,0,0,0,0,0,0,0,0,0,0,0,0
27.65,-0.0020586,-0.00142581,0.000419042,0,0,0,3.0616,2.01879,-2.36621,-0.0067367,-0.00181908,0.000977641,0.00101566,-0.000119835,-5.33344e-06,3,2,3.92699,0,0,0,0,0,0,0,0,0,0,0,2,3,2,3.92699,0,0,0,0,0,0,0,0,0,0,1.5708,1.5708,0,1.5708,1.5708,0,0.00147272,-0.00542029,0.00108089,0,0,0,1.82666,1.2532,-0.00989904,-0.00883902,-0.00356491,-0.000672333,0.000780881,0.000371385,-0.00216682,1.75578,1.20968,0,0,0,0,0.00948105,0,0,0,0.0183297,0.0017399,0.030152,0.00715725,2,1.75578,1.20968,0,0.344544,0.487027,3.7308e-15,0,0,0,0,0,0,0,0,0,0,0,0,0.855775,1.20968,0,0,0,0,0,0,0,0,0,0,0,0,2,0.855775,1.20968,0,1,2,0,0,0,0,0,1.1962,-0.2388,2.3627,0,0,0,0,0,0,0,-0,0,1.45299,0,0,0,0,0,0,0,0,0,0,0,0,0,0,0,0,0,0,0,0,0,0,0,0,0,0,0,0,0,0,0,0,0
27.7,-0.00247668,-0.00186269,0.000315321,0,0,0,3.06094,2.01863,-2.36609,-0.00653489,-0.00166973,0.00120864,0.00137719,0.000402746,0.00120584,3,2,3.92699,0,0,0,0,0,0,0,0,0,0,0,2,3,2,3.92699,0,0,0,0,0,0,0,0,0,0,1.5708,1.5708,0,1.5708,1.5708,0,0.00102026,-0.00535941,0.00104757,0,0,0,1.8258,1.25285,-0.00995693,-0.00860374,-0.00354085,-0.000578843,0.0014195,0.000334425,-0.00143044,1.75578,1.20968,0,0,0,0,0.00948105,0,0,0,0.0183297,0.0017399,0.030152,0.00715725,2,1.75578,1.20968,0,0.344544,0.487027,3.7308e-15,0,0,0,0,0,0,0,0,0,0,0,0,0.855775,1.20968,0,0,0,0,0,0,0,0,0,0,0,0,2,0.855775,1.20968,0,1,2,0,0,0,0,0,1.1962,-0.2388,2.3627,0,0,0,0,0,0,0,-0,0,1.45327,0,0,0,0,0,0,0,0,0,0,0,0,0,0,0,0,0,0,0,0,0,0,0,0,0,0,0,0,0,0,0,0,0
27.75,-0.00247668,-0.00186269,0.000315321,0,0,0,3.06094,2.01863,-2.36609,-0.00653489,-0.00166973,0.00120864,0.00137719,0.000402746,0.00120584,3,2,3.92699,0,0,0,0,0,0,0,0,0,0,0,2,3,2,3.92699,0,0,0,0,0,0,0,0,0,0,1.5708,1.5708,0,1.5708,1.5708,0,0.00102026,-0.00535941,0.00104757,0,0,0,1.8258,1.25285,-0.00995693,-0.00860374,-0.00354085,-0.000578843,0.0014195,0.000334425,-0.00143044,1.75578,1.20968,0,0,0,0,0.0103361,0,0,0,0.0165354,0.00121857,0.0296573,0.00721855,2,1.75578,1.20968,0,0.344544,0.487027,3.7308e-15,0,0,0,0,0,0,0,0,0,0,0,0,0.855775,1.20968,0,0,0,0,0,0,0,0,0,0,0,0,2,0.855775,1.20968,0,1,2,0,0,0,0,0,1.2113,-0.2246,2.3768,0,0,0,0,0,0,0,-0,0,1.45327,0,0,0,0,0,0,0,0,0,0,0,0,0,0,0,0,0,0,0,0,0,0,0,0,0,0,0,0,0,0,0,0,0
27.8,-0.00231243,-0.00175763,0.000438852,0,0,0,3.06029,2.01846,-2.366,-0.00650595,-0.00168081,0.000886863,0.000994084,0.00026896,-0.000398311,3,2,3.92699,0,0,0,0,0,0,0,0,0,0,0,2,3,2,3.92699,0,0,0,0,0,0,0,0,0,0,1.5708,1.5708,0,1.5708,1.5708,0,0.00166187,-0.00574039,0.000667767,0,0,0,1.82493,1.25251,-0.00992217,-0.00868966,-0.00338847,0.000347586,0.000598897,0.000806119,0.00294288,1.75578,1.20968,0,0,0,0,0.0103361,0,0,0,0.0165354,0.00121857,0.0296573,0.00721855,2,1.75578,1.20968,0,0.344544,0.487027,3.7308e-15,0,0,0,0,0,0,0,0,0,0,0,0,0.855775,1.20968,0,0,0,0,0,0,0,0,0,0,0,0,2,0.855775,1.20968,0,1,2,0,0,0,0,0,1.2113,-0.2246,2.3768,0,0,0,0,0,0,0,-0,0,1.45354,0,0,0,0,0,0,0,0,0,0,0,0,0,0,0,0,0,0,0,0,0,0,0,0,0,0,0,0,0,0,0,0,0
27.85,-0.00231243,-0.00175763,0.000438852,0,0,0,3.06029,2.01846,-2.366,-0.00650595,-0.00168081,0.000886863,0.000994084,0.00026896,-0.000398311,3,2,3.92699,0,0,0,0,0,0,0,0,0,0,0,2,3,2,3.92699,0,0,0,0,0,0,0,0,0,0,1.5708,1.5708,0,1.5708,1.5708,0,0.00166187,-0.00574039,0.000667767,0,0,0,1.82493,1.25251,-0.00992217,-0.00868966,-0.00338847,0.000347586,0.000598897,0.000806119,0.00294288,1.75578,1.20968,0,0,0,0,0.00315045,0,0,0,0.0131695,0.00197161,0.0272158,0.0119495,2,1.75578,1.20968,0,0.344544,0.487027,3.7308e-15,0,0,0,0,0,0,0,0,0,0,0,0,0.855775,1.20968,0,0,0,0,0,0,0,0,0,0,0,0,2,0.855775,1.20968,0,1,2,0,0,0,0,0,1.2113,-0.2246,2.3768,0,0,0,0,0,0,0,-0,0,1.45354,0,0,0,0,0,0,0,0,0,0,0,0,0,0,0,0,0,0,0,0,0,0,0,0,0,0,0,0,0,0,0,0,0
27.9,-0.00238717,-0.00200759,0.000487008,0,0,0,3.05965,2.0183,-2.36593,-0.00640737,-0.00158781,0.000753248,0.000937141,0.000514531,-0.000989855,3,2,3.92699,0,0,0,0,0,0,0,0,0,0,0,2,3,2,3.92699,0,0,0,0,0,0,0,0,0,0,1.5708,1.5708,0,1.5708,1.5708,0,0.00141201,-0.0049599,0.00148347,0,0,0,1.82408,1.25215,-0.0100847,-0.00851508,-0.00357592,-0.00162449,0.000943734,-0.000202188,-0.00552159,1.75578,1.20968,0,0,0,0,0.00315045,0,0,0,0.0131695,0.00197161,0.0272158,0.0119495,2,1.75578,1.20968,0,0.344544,0.487027,3.7308e-15,0,0,0,0,0,0,0,0,0,0,0,0,0.855775,1.20968,0,0,0,0,0,0,0,0,0,0,0,0,2,0.855775,1.20968,0,1,2,0,0,0,0,0,1.2113,-0.2246,2.3768,0,0,0,0,0,0,0,-0,0,1.45383,0,0,0,0,0,0,0,0,0,0,0,0,0,0,0,0,0,0,0,0,0,0,0,0,0,0,0,0,0,0,0,0,0
27.95,-0.00238717,-0.00200759,0.000487008,0,0,0,3.05965,2.0183,-2.36593,-0.00640737,-0.00158781,0.000753248,0.000937141,0.000514531,-0.000989855,3,2,3.92699,0,0,0,0,0,0,0,0,0,0,0,2,3,2,3.92699,0,0,0,0,0,0,0,0,0,0,1.5708,1.5708,0,1.5708,1.5708,0,0.00141201,-0.0049599,0.00148347,0,0,0,1.82408,1.25215,-0.0100847,-0.00851508,-0.00357592,-0.00162449,0.000943734,-0.000202188,-0.00552159,1.75578,1.20968,0,0,0,0,0.0152931,0,0.00505439,0,0.0235206,0.00168558,0.0332185,0.00585667,2,1.75578,1.20968,0,0.344544,0.487027,3.7308e-15,0,0,0,0,0,0,0,0,0,0,0,0,0.855775,1.20968,0,0,0,0,0,0,0,0,0,0,0,0,2,0.855775,1.20968,0,1,2,0,0,0,0,0,1.2222,-0.2145,2.3869,0,0,0,0,0,0,0,-0,0,1.45383,0,0,0,0,0,0,0,0,0,0,0,0,0,0,0,0,0,0,0,0,0,0,0,0,0,0,0,0,0,0,0,0,0
28,-0.00305745,-0.00130188,0.000527134,0,0,0,3.05904,2.01812,-2.36586,-0.00613564,-0.00177572,0.000641642,0.00164773,-0.000406866,-0.00112118,3,2,3.92699,0,0,0,0,0,0,0,0,0,0,0,2,3,2,3.92699,0,0,0,0,0,0,0,0,0,0,1.5708,1.5708,0,1.5708,1.5708,0,0.00119102,-0.00526093,0.00051599,0,0,0,1.82325,1.25181,-0.0100109,-0.00835103,-0.00344642,0.000738358,0.00127823,0.000263513,0.0049814,1.75578,1.20968,0,0,0,0,0.0152931,0,0.00505439,0,0.0235206,0.00168558,0.0332185,0.00585667,2,1.75578,1.20968,0,0.344544,0.487027,3.7308e-15,0,0,0,0,0,0,0,0,0,0,0,0,0.855775,1.20968,0,0,0,0,0,0,0,0,0,0,0,0,2,0.855775,1.20968,0,1,2,0,0,0,0,0,1.2222,-0.2145,2.3869,0,0,0,0,0,0,0,-0,0,1.4541,0,0,0,0,0,0,0,0,0,0,0,0,0,0,0,0,0,0,0,0,0,0,0,0,0,0,0,0,0,0,0,0,0
28.05,-0.00305745,-0.00130188,0.000527134,0,0,0,3.05904,2.01812,-2.36586,-0.00613564,-0.00177572,0.000641642,0.00164773,-0.000406866,-0.00112118,3,2,3.92699,0,0,0,0,0,0,0,0,0,0,0,2,3,2,3.92699,0,0,0,0,0,0,0,0,0,0,1.5708,1.5708,0,1.5708,1.5708,0,0.00119102,-0.00526093,0.00051599,0,0,0,1.82325,1.25181,-0.0100109,-0.00835103,-0.00344642,0.000738358,0.00127823,0.000263513,0.0049814,1.75578,1.20968,0,0,0,0,0.00251709,0,0,0,0.00976641,0.00142429,0.0237006,0.0122101,2,1.75578,1.20968,0,0.344544,0.487027,3.7308e-15,0,0,0,0,0,0,0,0,0,0,0,0,0.855775,1.20968,0,0,0,0,0,0,0,0,0,0,0,0,2,0.855775,1.20968,0,1,2,0,0,0,0,0,1.2222,-0.2145,2.3869,0,0,0,0,0,0,0,-0,0,1.4541,0,0,0,0,0,0,0,0,0,0,0,0,0,0,0,0,0,0,0,0,0,0,0,0,0,0,0,0,0,0,0,0,0
28.1,-0.00264574,-0.00299945,0.000539728,0,0,0,3.05842,2.018,-2.3658,-0.00618389,-0.00125778,0.000598649,0.000886539,0.00169858,-0.000862187,3,2,3.92699,0,0,0,0,0,0,0,0,0,0,0,2,3,2,3.92699,0,0,0,0,0,0,0,0,0,0,1.5708,1.5708,0,1.5708,1.5708,0,0.00178024,-0.00490522,0.00120097,0,0,0,1.8224,1.25146,-0.0101035,-0.0084247,-0.00350958,-0.000926454,0.000509855,-3.4676e-05,-0.00223827,1.75578,1.20968,0,0,0,0,0.00251709,0,0,0,0.00976641,0.00142429,0.0237006,0.0122101,2,1.75578,1.20968,0,0.344544,0.487027,3.7308e-15,0,0,0,0,0,0,0,0,0,0,0,0,0.855775,1.20968,0,0,0,0,0,0,0,0,0,0,0,0,2,0.855775,1.20968,0,1,2,0,0,0,0,0,1.2222,-0.2145,2.3869,0,0,0,0,0,0,0,-0,0,1.45441,0,0,0,0,0,0,0,0,0,0,0,0,0,0,0,0,0,0,0,0,0,0,0,0,0,0,0,0,0,0,0,0,0
28.15,-0.00264574,-0.00299945,0.000539728,0,0,0,3.05842,2.018,-2.3658,-0.00618389,-0.00125778,0.000598649,0.000886539,0.00169858,-0.000862187,3,2,3.92699,0,0,0,0,0,0,0,0,0,0,0,2,3,2,3.92699,0,0,0,0,0,0,0,0,0,0,1.5708,1.5708,0,1.5708,1.5708,0,0.00178024,-0.00490522,0.00120097,0,0,0,1.8224,1.25146,-0.0101035,-0.0084247,-0.00350958,-0.000926454,0.000509855,-3.4676e-05,-0.00223827,1.75578,1.20968,0,0,0,0,0.0103726,0,0.00140123,0,0.0207722,0.00208216,0.02931,0.00572145,2,1.75578,1.20968,0,0.344544,0.487027,3.7308e-15,0,0,0,0,0,0,0,0,0,0,0,0,0.855775,1.20968,0,0,0,0,0,0,0,0,0,0,0,0,2,0.855775,1.20968,0,1,2,0,0,0,0,0,1.2455,-0.1919,2.4095,0,0,0,0,0,0,0,-0,0,1.45441,0,0,0,0,0,0,0,0,0,0,0,0,0,0,0,0,0,0,0,0,0,0,0,0,0,0,0,0,0,0,0,0,0
28.2,-0.00292425,-0.00220474,0.000326475,0,0,0,3.05782,2.01785,-2.36569,-0.00602945,-0.00147563,0.00110134,0.00104302,0.000434009,0.00152635,3,2,3.92699,0,0,0,0,0,0,0,0,0,0,0,2,3,2,3.92699,0,0,0,0,0,0,0,0,0,0,1.5708,1.5708,0,1.5708,1.5708,0,0.00118244,-0.00520604,0.000939074,0,0,0,1.82159,1.25112,-0.0101312,-0.00815197,-0.00338089,-0.000277273,0.00128731,0.000451108,0.000271579,1.75578,1.20968,0,0,0,0,0.0103726,0,0.00140123,0,0.0207722,0.00208216,0.02931,0.00572145,2,1.75578,1.20968,0,0.344544,0.487027,3.7308e-15,0,0,0,0,0,0,0,0,0,0,0,0,0.855775,1.20968,0,0,0,0,0,0,0,0,0,0,0,0,2,0.855775,1.20968,0,1,2,0,0,0,0,0,1.2455,-0.1919,2.4095,0,0,0,0,0,0,0,-0,0,1.45469,0,0,0,0,0,0,0,0,0,0,0,0,0,0,0,0,0,0,0,0,0,0,0,0,0,0,0,0,0,0,0,0,0
28.25,-0.00292425,-0.00220474,0.000326475,0,0,0,3.05782,2.01785,-2.36569,-0.00602945,-0.00147563,0.00110134,0.00104302,0.000434009,0.00152635,3,2,3.92699,0,0,0,0,0,0,0,0,0,0,0,2,3,2,3.92699,0,0,0,0,0,0,0,0,0,0,1.5708,1.5708,0,1.5708,1.5708,0,0.00118244,-0.00520604,0.000939074,0,0,0,1.82159,1.25112,-0.0101312,-0.00815197,-0.00338089,-0.000277273,0.00128731,0.000451108,0.000271579,1.75578,1.20968,0,0,0,0,0.00840003,0,0,0,0.0155588,0.00140794,0.0282351,0.00747472,2,1.75578,1.20968,0,0.344544,0.487027,3.7308e-15,0,0,0,0,0,0,0,0,0,0,0,0,0.855775,1.20968,0,0,0,0,0,0,0,0,0,0,0,0,2,0.855775,1.20968,0,1,2,0,0,0,0,0,1.2455,-0.1919,2.4095,0,0,0,0,0,0,0,-0,0,1.45469,0,0,0,0,0,0,0,0,0,0,0,0,0,0,0,0,0,0,0,0,0,0,0,0,0,0,0,0,0,0,0,0,0
28.3,-0.00363507,-0.00212314,0.000824428,0,0,0,3.05724,2.0177,-2.3657,-0.00575028,-0.00148213,-0.00012161,0.00176927,6.49375e-05,-0.00364771,3,2,3.92699,0,0,0,0,0,0,0,0,0,0,0,2,3,2,3.92699,0,0,0,0,0,0,0,0,0,0,1.5708,1.5708,0,1.5708,1.5708,0,0.00187051,-0.00471027,0.000945774,0,0,0,1.82076,1.25077,-0.01016,-0.00825672,-0.00348557,-0.000287966,0.000468208,-7.81101e-05,0.00046049,1.75578,1.20968,0,0,0,0,0.00840003,0,0,0,0.0155588,0.00140794,0.0282351,0.00747472,2,1.75578,1.20968,0,0.344544,0.487027,3.7308e-15,0,0,0,0,0,0,0,0,0,0,0,0,0.855775,1.20968,0,0,0,0,0,0,0,0,0,0,0,0,2,0.855775,1.20968,0,1,2,0,0,0,0,0,1.2455,-0.1919,2.4095,0,0,0,0,0,0,0,-0,0,1.45501,0,0,0,0,0,0,0,0,0,0,0,0,0,0,0,0,0,0,0,0,0,0,0,0,0,0,0,0,0,0,0,0,0
28.35,-0.00363507,-0.00212314,0.000824428,0,0,0,3.05724,2.0177,-2.3657,-0.00575028,-0.00148213,-0.00012161,0.00176927,6.49375e-05,-0.00364771,3,2,3.92699,0,0,0,0,0,0,0,0,0,0,0,2,3,2,3.92699,0,0,0,0,0,0,0,0,0,0,1.5708,1.5708,0,1.5708,1.5708,0,0.00187051,-0.00471027,0.000945774,0,0,0,1.82076,1.25077,-0.01016,-0.00825672,-0.00348557,-0.000287966,0.000468208,-7.81101e-05,0.00046049,1.75578,1.20968,0,0,0,0,0.00664516,0,0,0,0.0176049,0.00217215,0.0257858,0.00584489,2,1.75578,1.20968,0,0.344544,0.487027,3.7308e-15,0,0,0,0,0,0,0,0,0,0,0,0,0.855775,1.20968,0,0,0,0,0,0,0,0,0,0,0,0,2,0.855775,1.20968,0,1,2,0,0,0,0,0,1.1923,-0.2459,2.3556,0,0,0,0,0,0,0,-0,0,1.45501,0,0,0,0,0,0,0,0,0,0,0,0,0,0,0,0,0,0,0,0,0,0,0,0,0,0,0,0,0,0,0,0,0
28.4,-0.00328588,-0.002055,0.000684149,0,0,0,3.05666,2.01755,-2.36568,-0.0057847,-0.0014846,0.000219198,0.00101445,-2.2972e-05,-0.00152797,3,2,3.92699,0,0,0,0,0,0,0,0,0,0,0,2,3,2,3.92699,0,0,0,0,0,0,0,0,0,0,1.5708,1.5708,0,1.5708,1.5708,0,0.0017361,-0.00478484,0.000907354,0,0,0,1.81995,1.25043,-0.010179,-0.00812078,-0.003423,-0.000189742,0.000701496,0.000126508,0.000694095,1.75578,1.20968,0,0,0,0,0.00664516,0,0,0,0.0176049,0.00217215,0.0257858,0.00584489,2,1.75578,1.20968,0,0.344544,0.487027,3.7308e-15,0,0,0,0,0,0,0,0,0,0,0,0,0.855775,1.20968,0,0,0,0,0,0,0,0,0,0,0,0,2,0.855775,1.20968,0,1,2,0,0,0,0,0,1.1923,-0.2459,2.3556,0,0,0,0,0,0,0,-0,0,1.45531,0,0,0,0,0,0,0,0,0,0,0,0,0,0,0,0,0,0,0,0,0,0,0,0,0,0,0,0,0,0,0,0,0
28.45,-0.00328588,-0.002055,0.000684149,0,0,0,3.05666,2.01755,-2.36568,-0.0057847,-0.0014846,0.000219198,0.00101445,-2.2972e-05,-0.00152797,3,2,3.92699,0,0,0,0,0,0,0,0,0,0,0,2,3,2,3.92699,0,0,0,0,0,0,0,0,0,0,1.5708,1.5708,0,1.5708,1.5708,0,0.0017361,-0.00478484,0.000907354,0,0,0,1.81995,1.25043,-0.010179,-0.00812078,-0.003423,-0.000189742,0.000701496,0.000126508,0.000694095,1.75578,1.20968,0,0,0,0,0.00648095,0,0,0,0.0166742,0.00202192,0.0257539,0.0062047,2,1.75578,1.20968,0,0.344544,0.487027,3.7308e-15,0,0,0,0,0,0,0,0,0,0,0,0,0.855775,1.20968,0,0,0,0,0,0,0,0,0,0,0,0,2,0.855775,1.20968,0,1,2,0,0,0,0,0,1.1923,-0.2459,2.3556,0,0,0,0,0,0,0,-0,0,1.45531,0,0,0,0,0,0,0,0,0,0,0,0,0,0,0,0,0,0,0,0,0,0,0,0,0,0,0,0,0,0,0,0,0
28.5,-0.00327761,-0.00247872,0.000268113,0,0,0,3.05609,2.01742,-2.36556,-0.00571895,-0.00134305,0.00121857,0.000782763,0.00054327,0.00336212,3,2,3.92699,0,0,0,0,0,0,0,0,0,0,0,2,3,2,3.92699,0,0,0,0,0,0,0,0,0,0,1.5708,1.5708,0,1.5708,1.5708,0,0.00149595,-0.00537085,0.000694158,0,0,0,1.81916,1.25011,-0.0101462,-0.00795574,-0.00321233,0.000327632,0.00113064,0.000953179,0.00251601,1.75578,1.20968,0,0,0,0,0.00648095,0,0,0,0.0166742,0.00202192,0.0257539,0.0062047,2,1.75578,1.20968,0,0.344544,0.487027,3.7308e-15,0,0,0,0,0,0,0,0,0,0,0,0,0.855775,1.20968,0,0,0,0,0,0,0,0,0,0,0,0,2,0.855775,1.20968,0,1,2,0,0,0,0,0,1.1923,-0.2459,2.3556,0,0,0,0,0,0,0,-0,0,1.4556,0,0,0,0,0,0,0,0,0,0,0,0,0,0,0,0,0,0,0,0,0,0,0,0,0,0,0,0,0,0,0,0,0
28.55,-0.00327761,-0.00247872,0.000268113,0,0,0,3.05609,2.01742,-2.36556,-0.00571895,-0.00134305,0.00121857,0.000782763,0.00054327,0.00336212,3,2,3.92699,0,0,0,0,0,0,0,0,0,0,0,2,3,2,3.92699,0,0,0,0,0,0,0,0,0,0,1.5708,1.5708,0,1.5708,1.5708,0,0.00149595,-0.00537085,0.000694158,0,0,0,1.81916,1.25011,-0.0101462,-0.00795574,-0.00321233,0.000327632,0.00113064,0.000953179,0.00251601,1.75578,1.20968,0,0,0,0,0.00407198,0,0,0,0.0131005,0.00177791,0.0263563,0.0102927,2,1.75578,1.20968,0,0.344544,0.487027,3.7308e-15,0,0,0,0,0,0,0,0,0,0,0,0,0.855775,1.20968,0,0,0,0,0,0,0,0,0,0,0,0,2,0.855775,1.20968,0,1,2,0,0,0,0,0,1.1189,-0.3201,2.2815,0,0,0,0,0,0,0,-0,0,1.4556,0,0,0,0,0,0,0,0,0,0,0,0,0,0,0,0,0,0,0,0,0,0,0,0,0,0,0,0,0,0,0,0,0
28.6,-0.00377474,-0.00302376,0.000770216,0,0,0,3.05554,2.0173,-2.36556,-0.00550604,-0.00116765,-1.66987e-05,0.00128538,0.00110263,-0.00225443,3,2,3.92699,0,0,0,0,0,0,0,0,0,0,0,2,3,2,3.92699,0,0,0,0,0,0,0,0,0,0,1.5708,1.5708,0,1.5708,1.5708,0,0.00198952,-0.00493969,0.0012705,0,0,0,1.81835,1.24978,-0.0102529,-0.00800622,-0.0033002,-0.00106737,0.000529671,0.000330816,-0.00381619,1.75578,1.20968,0,0,0,0,0.00407198,0,0,0,0.0131005,0.00177791,0.0263563,0.0102927,2,1.75578,1.20968,0,0.344544,0.487027,3.7308e-15,0,0,0,0,0,0,0,0,0,0,0,0,0.855775,1.20968,0,0,0,0,0,0,0,0,0,0,0,0,2,0.855775,1.20968,0,1,2,0,0,0,0,0,1.1189,-0.3201,2.2815,0,0,0,0,0,0,0,-0,0,1.45593,0,0,0,0,0,0,0,0,0,0,0,0,0,0,0,0,0,0,0,0,0,0,0,0,0,0,0,0,0,0,0,0,0
28.65,-0.00377474,-0.00302376,0.000770216,0,0,0,3.05554,2.0173,-2.36556,-0.00550604,-0.00116765,-1.66987e-05,0.00128538,0.00110263,-0.00225443,3,2,3.92699,0,0,0,0,0,0,0,0,0,0,0,2,3,2,3.92699,0,0,0,0,0,0,0,0,0,0,1.5708,1.5708,0,1.5708,1.5708,0,0.00198952,-0.00493969,0.0012705,0,0,0,1.81835,1.24978,-0.0102529,-0.00800622,-0.0033002,-0.00106737,0.000529671,0.000330816,-0.00381619,1.75578,1.20968,0,0,0,0,0.0107225,0,0.00225621,0,0.0223323,0.00232205,0.0303384,0.00577676,2,1.75578,1.20968,0,0.344544,0.487027,3.7308e-15,0,0,0,0,0,0,0,0,0,0,0,0,0.855775,1.20968,0,0,0,0,0,0,0,0,0,0,0,0,2,0.855775,1.20968,0,1,2,0,0,0,0,0,1.1189,-0.3201,2.2815,0,0,0,0,0,0,0,-0,0,1.45593,0,0,0,0,0,0,0,0,0,0,0,0,0,0,0,0,0,0,0,0,0,0,0,0,0,0,0,0,0,0,0,0,0
28.7,-0.00396455,-0.00167657,0.000499688,0,0,0,3.055,2.01715,-2.3655,-0.00538553,-0.00154831,0.000636265,0.00131081,-0.000785597,0.000495208,3,2,3.92699,0,0,0,0,0,0,0,0,0,0,0,2,3,2,3.92699,0,0,0,0,0,0,0,0,0,0,1.5708,1.5708,0,1.5708,1.5708,0,0.00179255,-0.00554812,0.00107284,0,0,0,1.81757,1.24947,-0.0103099,-0.00785503,-0.00308442,-0.000570192,0.000825545,0.000970329,-0.00116397,1.75578,1.20968,0,0,0,0,0.0107225,0,0.00225621,0,0.0223323,0.00232205,0.0303384,0.00577676,2,1.75578,1.20968,0,0.344544,0.487027,3.7308e-15,0,0,0,0,0,0,0,0,0,0,0,0,0.855775,1.20968,0,0,0,0,0,0,0,0,0,0,0,0,2,0.855775,1.20968,0,1,2,0,0,0,0,0,1.1189,-0.3201,2.2815,0,0,0,0,0,0,0,-0,0,1.45622,0,0,0,0,0,0,0,0,0,0,0,0,0,0,0,0,0,0,0,0,0,0,0,0,0,0,0,0,0,0,0,0,0
28.75,-0.00396455,-0.00167657,0.000499688,0,0,0,3.055,2.01715,-2.3655,-0.00538553,-0.00154831,0.000636265,0.00131081,-0.000785597,0.000495208,3,2,3.92699,0,0,0,0,0,0,0,0,0,0,0,2,3,2,3.92699,0,0,0,0,0,0,0,0,0,0,1.5708,1.5708,0,1.5708,1.5708,0,0.00179255,-0.00554812,0.00107284,0,0,0,1.81757,1.24947,-0.0103099,-0.00785503,-0.00308442,-0.000570192,0.000825545,0.000970329,-0.00116397,1.75578,1.20968,0,0,0,0,0.00841333,0,0,0,0.0191621,0.00211316,0.0306175,0.007513,2,1.75578,1.20968,0,0.344544,0.487027,3.7308e-15,0,0,0,0,0,0,0,0,0,0,0,0,0.855775,1.20968,0,0,0,0,0,0,0,0,0,0,0,0,2,0.855775,1.20968,0,1,2,0,0,0,0,0,1.1934,-0.2463,2.3552,0,0,0,0,0,0,0,-0,0,1.45622,0,0,0,0,0,0,0,0,0,0,0,0,0,0,0,0,0,0,0,0,0,0,0,0,0,0,0,0,0,0,0,0,0
28.8,-0.00397954,-0.00338598,0.000601027,0,0,0,3.05447,2.01704,-2.36546,-0.0053177,-0.00102959,0.000379282,0.00107676,0.00134934,-0.000358733,3,2,3.92699,0,0,0,0,0,0,0,0,0,0,0,2,3,2,3.92699,0,0,0,0,0,0,0,0,0,0,1.5708,1.5708,0,1.5708,1.5708,0,0.00170366,-0.00496433,0.00123484,0,0,0,1.8168,1.24915,-0.0104048,-0.00773715,-0.00321822,-0.000949294,0.00102874,0.000143384,-0.00185287,1.75578,1.20968,0,0,0,0,0.00841333,0,0,0,0.0191621,0.00211316,0.0306175,0.007513,2,1.75578,1.20968,0,0.344544,0.487027,3.7308e-15,0,0,0,0,0,0,0,0,0,0,0,0,0.855775,1.20968,0,0,0,0,0,0,0,0,0,0,0,0,2,0.855775,1.20968,0,1,2,0,0,0,0,0,1.1934,-0.2463,2.3552,0,0,0,0,0,0,0,-0,0,1.45654,0,0,0,0,0,0,0,0,0,0,0,0,0,0,0,0,0,0,0,0,0,0,0,0,0,0,0,0,0,0,0,0,0
28.85,-0.00397954,-0.00338598,0.000601027,0,0,0,3.05447,2.01704,-2.36546,-0.0053177,-0.00102959,0.000379282,0.00107676,0.00134934,-0.000358733,3,2,3.92699,0,0,0,0,0,0,0,0,0,0,0,2,3,2,3.92699,0,0,0,0,0,0,0,0,0,0,1.5708,1.5708,0,1.5708,1.5708,0,0.00170366,-0.00496433,0.00123484,0,0,0,1.8168,1.24915,-0.0104048,-0.00773715,-0.00321822,-0.000949294,0.00102874,0.000143384,-0.00185287,1.75578,1.20968,0,0,0,0,0.0110385,0,0.00167337,0,0.0210063,0.00200093,0.0299253,0.00579946,2,1.75578,1.20968,0,0.344544,0.487027,3.7308e-15,0,0,0,0,0,0,0,0,0,0,0,0,0.855775,1.20968,0,0,0,0,0,0,0,0,0,0,0,0,2,0.855775,1.20968,0,1,2,0,0,0,0,0,1.1934,-0.2463,2.3552,0,0,0,0,0,0,0,-0,0,1.45654,0,0,0,0,0,0,0,0,0,0,0,0,0,0,0,0,0,0,0,0,0,0,0,0,0,0,0,0,0,0,0,0,0
28.9,-0.00442864,-0.0026342,0.000783807,0,0,0,3.05396,2.01692,-2.36547,-0.00512353,-0.00123756,-6.91281e-05,0.00137829,0.000265461,-0.00212179,3,2,3.92699,0,0,0,0,0,0,0,0,0,0,0,2,3,2,3.92699,0,0,0,0,0,0,0,0,0,0,1.5708,1.5708,0,1.5708,1.5708,0,0.00228576,-0.00534993,0.000839112,0,0,0,1.81601,1.24884,-0.0104025,-0.0078159,-0.00306826,2.27758e-05,0.000312522,0.000565961,0.00267646,1.75578,1.20968,0,0,0,0,0.0110385,0,0.00167337,0,0.0210063,0.00200093,0.0299253,0.00579946,2,1.75578,1.20968,0,0.344544,0.487027,3.7308e-15,0,0,0,0,0,0,0,0,0,0,0,0,0.855775,1.20968,0,0,0,0,0,0,0,0,0,0,0,0,2,0.855775,1.20968,0,1,2,0,0,0,0,0,1.1934,-0.2463,2.3552,0,0,0,0,0,0,0,-0,0,1.45686,0,0,0,0,0,0,0,0,0,0,0,0,0,0,0,0,0,0,0,0,0,0,0,0,0,0,0,0,0,0,0,0,0
28.95,-0.00442864,-0.0026342,0.000783807,0,0,0,3.05396,2.01692,-2.36547,-0.00512353,-0.00123756,-6.91281e-05,0.00137829,0.000265461,-0.00212179,3,2,3.92699,0,0,0,0,0,0,0,0,0,0,0,2,3,2,3.92699,0,0,0,0,0,0,0,0,0,0,1.5708,1.5708,0,1.5708,1.5708,0,0.00228576,-0.00534993,0.000839112,0,0,0,1.81601,1.24884,-0.0104025,-0.0078159,-0.00306826,2.27758e-05,0.000312522,0.000565961,0.00267646,1.75578,1.20968,0,0,0,0,0.00379939,0,0,0,0.0174478,0.00269026,0.028081,0.00839321,2,1.75578,1.20968,0,0.344544,0.487027,3.7308e-15,0,0,0,0,0,0,0,0,0,0,0,0,0.855775,1.20968,0,0,0,0,0,0,0,0,0,0,0,0,2,0.855775,1.20968,0,1,2,0,0,0,0,0,1.1334,-0.3071,2.2944,0,0,0,0,0,0,0,-0,0,1.45686,0,0,0,0,0,0,0,0,0,0,0,0,0,0,0,0,0,0,0,0,0,0,0,0,0,0,0,0,0,0,0,0,0
29,-0.00437961,-0.00280728,0.000518447,0,0,0,3.05345,2.0168,-2.36541,-0.00507752,-0.0011723,0.000572411,0.00106117,0.000275475,0.0010504,3,2,3.92699,0,0,0,0,0,0,0,0,0,0,0,2,3,2,3.92699,0,0,0,0,0,0,0,0,0,0,1.5708,1.5708,0,1.5708,1.5708,0,0.00148651,-0.0046962,0.000929377,0,0,0,1.81527,1.24852,-0.0104221,-0.00749171,-0.0032226,-0.000195145,0.00139927,-0.000214298,0.00135002,1.75578,1.20968,0,0,0,0,0.00379939,0,0,0,0.0174478,0.00269026,0.028081,0.00839321,2,1.75578,1.20968,0,0.344544,0.487027,3.7308e-15,0,0,0,0,0,0,0,0,0,0,0,0,0.855775,1.20968,0,0,0,0,0,0,0,0,0,0,0,0,2,0.855775,1.20968,0,1,2,0,0,0,0,0,1.1334,-0.3071,2.2944,0,0,0,0,0,0,0,-0,0,1.45718,0,0,0,0,0,0,0,0,0,0,0,0,0,0,0,0,0,0,0,0,0,0,0,0,0,0,0,0,0,0,0,0,0
29.05,-0.00437961,-0.00280728,0.000518447,0,0,0,3.05345,2.0168,-2.36541,-0.00507752,-0.0011723,0.000572411,0.00106117,0.000275475,0.0010504,3,2,3.92699,0,0,0,0,0,0,0,0,0,0,0,2,3,2,3.92699,0,0,0,0,0,0,0,0,0,0,1.5708,1.5708,0,1.5708,1.5708,0,0.00148651,-0.0046962,0.000929377,0,0,0,1.81527,1.24852,-0.0104221,-0.00749171,-0.0032226,-0.000195145,0.00139927,-0.000214298,0.00135002,1.75578,1.20968,0,0,0,0,0.00751199,0,0,0,0.0162586,0.00174294,0.0255967,0.00590591,2,1.75578,1.20968,0,0.344544,0.487027,3.7308e-15,0,0,0,0,0,0,0,0,0,0,0,0,0.855775,1.20968,0,0,0,0,0,0,0,0,0,0,0,0,2,0.855775,1.20968,0,1,2,0,0,0,0,0,1.1334,-0.3071,2.2944,0,0,0,0,0,0,0,-0,0,1.45718,0,0,0,0,0,0,0,0,0,0,0,0,0,0,0,0,0,0,0,0,0,0,0,0,0,0,0,0,0,0,0,0,0
29.1,-0.00451932,-0.00230185,0.000649237,0,0,0,3.05295,2.01667,-2.36539,-0.00497678,-0.00130647,0.00024563,0.000992219,-0.000370366,-0.000245158,3,2,3.92699,0,0,0,0,0,0,0,0,0,0,0,2,3,2,3.92699,0,0,0,0,0,0,0,0,0,0,1.5708,1.5708,0,1.5708,1.5708,0,0.0023093,-0.00738268,0.00154578,0,0,0,1.8145,1.24828,-0.0105897,-0.00764342,-0.00240292,-0.00167639,0.000374324,0.00303792,-0.00528746,1.75578,1.20968,0,0,0,0,0.00751199,0,0,0,0.0162586,0.00174294,0.0255967,0.00590591,2,1.75578,1.20968,0,0.344544,0.487027,3.7308e-15,0,0,0,0,0,0,0,0,0,0,0,0,0.855775,1.20968,0,0,0,0,0,0,0,0,0,0,0,0,2,0.855775,1.20968,0,1,2,0,0,0,0,0,1.1334,-0.3071,2.2944,0,0,0,0,0,0,0,-0,0,1.45746,0,0,0,0,0,0,0,0,0,0,0,0,0,0,0,0,0,0,0,0,0,0,0,0,0,0,0,0,0,0,0,0,0
29.15,-0.00451932,-0.00230185,0.000649237,0,0,0,3.05295,2.01667,-2.36539,-0.00497678,-0.00130647,0.00024563,0.000992219,-0.000370366,-0.000245158,3,2,3.92699,0,0,0,0,0,0,0,0,0,0,0,2,3,2,3.92699,0,0,0,0,0,0,0,0,0,0,1.5708,1.5708,0,1.5708,1.5708,0,0.0023093,-0.00738268,0.00154578,0,0,0,1.8145,1.24828,-0.0105897,-0.00764342,-0.00240292,-0.00167639,0.000374324,0.00303792,-0.00528746,1.75578,1.20968,0,0,0,0,0.0130443,0,0,0,0.0269036,0.00272235,0.041648,0.0093316,2,1.75578,1.20968,0,0.344544,0.487027,3.7308e-15,0,0,0,0,0,0,0,0,0,0,0,0,0.855775,1.20968,0,0,0,0,0,0,0,0,0,0,0,0,2,0.855775,1.20968,0,1,2,0,0,0,0,0,1.1946,-0.2467,2.3548,0,0,0,0,0,0,0,-0,0,1.45746,0,0,0,0,0,0,0,0,0,0,0,0,0,0,0,0,0,0,0,0,0,0,0,0,0,0,0,0,0,0,0,0,0
29.2,-0.00504242,-0.00337651,0.00069174,0,0,0,3.05248,2.01657,-2.36537,-0.00476496,-0.000976427,0.000138264,0.00143108,0.00100847,-0.000751584,3,2,3.92699,0,0,0,0,0,0,0,0,0,0,0,2,3,2,3.92699,0,0,0,0,0,0,0,0,0,0,1.5708,1.5708,0,1.5708,1.5708,0,0.00138274,-0.00211851,0.000343291,0,0,0,1.81377,1.24789,-0.0104643,-0.00728416,-0.00390694,0.00125365,0.00151892,-0.00374606,0.00763361,1.75578,1.20968,0,0,0,0,0.0130443,0,0,0,0.0269036,0.00272235,0.041648,0.0093316,2,1.75578,1.20968,0,0.344544,0.487027,3.7308e-15,0,0,0,0,0,0,0,0,0,0,0,0,0.855775,1.20968,0,0,0,0,0,0,0,0,0,0,0,0,2,0.855775,1.20968,0,1,2,0,0,0,0,0,1.1946,-0.2467,2.3548,0,0,0,0,0,0,0,-0,0,1.45783,0,0,0,0,0,0,0,0,0,0,0,0,0,0,0,0,0,0,0,0,0,0,0,0,0,0,0,0,0,0,0,0,0
29.25,-0.00504242,-0.00337651,0.00069174,0,0,0,3.05248,2.01657,-2.36537,-0.00476496,-0.000976427,0.000138264,0.00143108,0.00100847,-0.000751584,3,2,3.92699,0,0,0,0,0,0,0,0,0,0,0,2,3,2,3.92699,0,0,0,0,0,0,0,0,0,0,1.5708,1.5708,0,1.5708,1.5708,0,0.00138274,-0.00211851,0.000343291,0,0,0,1.81377,1.24789,-0.0104643,-0.00728416,-0.00390694,0.00125365,0.00151892,-0.00374606,0.00763361,1.75578,1.20968,0,0,0,0,0.000316132,0,0,0,0.00838831,0.00158049,0.0109222,0.00302045,2,1.75578,1.20968,0,0.344544,0.487027,3.7308e-15,0,0,0,0,0,0,0,0,0,0,0,0,0.855775,1.20968,0,0,0,0,0,0,0,0,0,0,0,0,2,0.855775,1.20968,0,1,2,0,0,0,0,0,1.1946,-0.2467,2.3548,0,0,0,0,0,0,0,-0,0,1.45783,0,0,0,0,0,0,0,0,0,0,0,0,0,0,0,0,0,0,0,0,0,0,0,0,0,0,0,0,0,0,0,0,0
29.3,-0.00504242,-0.00337651,0.00069174,0,0,0,3.05248,2.01657,-2.36537,-0.00476496,-0.000976427,0.000138264,0.00143108,0.00100847,-0.000751584,3,2,3.92699,0,0,0,0,0,0,0,0,0,0,0,2,3,2,3.92699,0,0,0,0,0,0,0,0,0,0,1.5708,1.5708,0,1.5708,1.5708,0,0.00138274,-0.00211851,0.000343291,0,0,0,1.81377,1.24789,-0.0104643,-0.00728416,-0.00390694,0.00125365,0.00151892,-0.00374606,0.00763361,1.75578,1.20968,0,0,0,0,0.000316132,0,0,0,0.00838831,0.00158049,0.0109222,0.00302045,2,1.75578,1.20968,0,0.344544,0.487027,3.7308e-15,0,0,0,0,0,0,0,0,0,0,0,0,0.855775,1.20968,0,0,0,0,0,0,0,0,0,0,0,0,2,0.855775,1.20968,0,1,2,0,0,0,0,0,1.1946,-0.2467,2.3548,0,0,0,0,0,0,0,-0,0,1.45783,0,0,0,0,0,0,0,0,0,0,0,0,0,0,0,0,0,0,0,0,0,0,0,0,0,0,0,0,0,0,0,0,0
29.35,-0.00503766,-0.00331955,0.000557159,0,0,0,3.05201,2.01648,-2.36533,-0.0047102,-0.000981597,0.000460219,0.00114187,0.00077245,0.000766438,3,2,3.92699,0,0,0,0,0,0,0,0,0,0,0,2,3,2,3.92699,0,0,0,0,0,0,0,0,0,0,1.5708,1.5708,0,1.5708,1.5708,0,0.00232925,-0.0043986,0.00104546,0,0,0,1.81303,1.24757,-0.0105105,-0.0074743,-0.00319752,-0.000462697,0.000313842,-0.000329688,-0.000526067,1.75578,1.20968,0,0,0,0,0.000316132,0,0,0,0.00838831,0.00158049,0.0109222,0.00302045,2,1.75578,1.20968,0,0.344544,0.487027,3.7308e-15,0,0,0,0,0,0,0,0,0,0,0,0,0.855775,1.20968,0,0,0,0,0,0,0,0,0,0,0,0,2,0.855775,1.20968,0,1,2,0,0,0,0,0,1.1958,-0.247,2.3548,0,0,0,0,0,0,0,-0,0,1.45818,0,0,0,0,0,0,0,0,0,0,0,0,0,0,0,0,0,0,0,0,0,0,0,0,0,0,0,0,0,0,0,0,0
29.4,-0.00566899,-0.00251373,0.000974424,0,0,0,3.05156,2.01636,-2.36538,-0.00446984,-0.00120595,-0.000555469,0.00160352,-0.000465341,-0.00339259,3,2,3.92699,0,0,0,0,0,0,0,0,0,0,0,2,3,2,3.92699,0,0,0,0,0,0,0,0,0,0,1.5708,1.5708,0,1.5708,1.5708,0,0.00191533,-0.00534186,0.000926556,0,0,0,1.8123,1.24728,-0.0105272,-0.00726624,-0.0028855,-0.00016713,0.000851402,0.0015088,-0.000239262,1.75578,1.20968,0,0,0,0,0.00677975,0,0.000889445,0,0.0203532,0.00268587,0.0258659,0.00510803,2,1.75578,1.20968,0,0.344544,0.487027,3.7308e-15,0,0,0,0,0,0,0,0,0,0,0,0,0.855775,1.20968,0,0,0,0,0,0,0,0,0,0,0,0,2,0.855775,1.20968,0,1,2,0,0,0,0,0,1.1958,-0.247,2.3548,0,0,0,0,0,0,0,-0,0,1.45851,0,0,0,0,0,0,0,0,0,0,0,0,0,0,0,0,0,0,0,0,0,0,0,0,0,0,0,0,0,0,0,0,0
29.45,-0.00566899,-0.00251373,0.000974424,0,0,0,3.05156,2.01636,-2.36538,-0.00446984,-0.00120595,-0.000555469,0.00160352,-0.000465341,-0.00339259,3,2,3.92699,0,0,0,0,0,0,0,0,0,0,0,2,3,2,3.92699,0,0,0,0,0,0,0,0,0,0,1.5708,1.5708,0,1.5708,1.5708,0,0.00191533,-0.00534186,0.000926556,0,0,0,1.8123,1.24728,-0.0105272,-0.00726624,-0.0028855,-0.00016713,0.000851402,0.0015088,-0.000239262,1.75578,1.20968,0,0,0,0,0.00607801,0,0,0,0.0175525,0.00225914,0.0286873,0.00785648,2,1.75578,1.20968,0,0.344544,0.487027,3.7308e-15,0,0,0,0,0,0,0,0,0,0,0,0,0.855775,1.20968,0,0,0,0,0,0,0,0,0,0,0,0,2,0.855775,1.20968,0,1,2,0,0,0,0,0,1.1958,-0.247,2.3548,0,0,0,0,0,0,0,-0,0,1.45851,0,0,0,0,0,0,0,0,0,0,0,0,0,0,0,0,0,0,0,0,0,0,0,0,0,0,0,0,0,0,0,0,0
29.5,-0.00511656,-0.00352301,0.000586581,0,0,0,3.0511,2.01627,-2.36534,-0.00457891,-0.000896246,0.000391116,0.000593189,0.000791448,0.00118239,3,2,3.92699,0,0,0,0,0,0,0,0,0,0,0,2,3,2,3.92699,0,0,0,0,0,0,0,0,0,0,1.5708,1.5708,0,1.5708,1.5708,0,0.00259028,-0.0047942,0.000826962,0,0,0,1.81156,1.24698,-0.0105196,-0.00737756,-0.0030111,7.61011e-05,0.000145155,0.000655402,0.000867139,1.75578,1.20968,0,0,0,0,0.00607801,0,0,0,0.0175525,0.00225914,0.0286873,0.00785648,2,1.75578,1.20968,0,0.344544,0.487027,3.7308e-15,0,0,0,0,0,0,0,0,0,0,0,0,0.855775,1.20968,0,0,0,0,0,0,0,0,0,0,0,0,2,0.855775,1.20968,0,1,2,0,0,0,0,0,1.1958,-0.247,2.3548,0,0,0,0,0,0,0,-0,0,1.45886,0,0,0,0,0,0,0,0,0,0,0,0,0,0,0,0,0,0,0,0,0,0,0,0,0,0,0,0,0,0,0,0,0
29.55,-0.00511656,-0.00352301,0.000586581,0,0,0,3.0511,2.01627,-2.36534,-0.00457891,-0.000896246,0.000391116,0.000593189,0.000791448,0.00118239,3,2,3.92699,0,0,0,0,0,0,0,0,0,0,0,2,3,2,3.92699,0,0,0,0,0,0,0,0,0,0,1.5708,1.5708,0,1.5708,1.5708,0,0.00259028,-0.0047942,0.000826962,0,0,0,1.81156,1.24698,-0.0105196,-0.00737756,-0.0030111,7.61011e-05,0.000145155,0.000655402,0.000867139,1.75578,1.20968,0,0,0,0,0.0028816,0,0,0,0.0182797,0.00303299,0.0256847,0.00702575,2,1.75578,1.20968,0,0.344544,0.487027,3.7308e-15,0,0,0,0,0,0,0,0,0,0,0,0,0.855775,1.20968,0,0,0,0,0,0,0,0,0,0,0,0,2,0.855775,1.20968,0,1,2,0,0,0,0,0,1.1961,-0.2468,2.3549,0,0,0,0,0,0,0,-0,0,1.45886,0,0,0,0,0,0,0,0,0,0,0,0,0,0,0,0,0,0,0,0,0,0,0,0,0,0,0,0,0,0,0,0,0
29.6,-0.00582759,-0.00337257,0.000736625,0,0,0,3.05067,2.01617,-2.36534,-0.00431675,-0.000929723,2.14472e-05,0.0012601,0.000510079,-0.00014769,3,2,3.92699,0,0,0,0,0,0,0,0,0,0,0,2,3,2,3.92699,0,0,0,0,0,0,0,0,0,0,1.5708,1.5708,0,1.5708,1.5708,0,0.00177384,-0.00475632,0.00090349,0,0,0,1.81086,1.24668,-0.0105306,-0.00705344,-0.00298682,-0.000109768,0.00127548,0.000370392,-7.23231e-05,1.75578,1.20968,0,0,0,0,0.0028816,0,0,0,0.0182797,0.00303299,0.0256847,0.00702575,2,1.75578,1.20968,0,0.344544,0.487027,3.7308e-15,0,0,0,0,0,0,0,0,0,0,0,0,0.855775,1.20968,0,0,0,0,0,0,0,0,0,0,0,0,2,0.855775,1.20968,0,1,2,0,0,0,0,0,1.1961,-0.2468,2.3549,0,0,0,0,0,0,0,-0,0,1.4592,0,0,0,0,0,0,0,0,0,0,0,0,0,0,0,0,0,0,0,0,0,0,0,0,0,0,0,0,0,0,0,0,0
29.65,-0.00582759,-0.00337257,0.000736625,0,0,0,3.05067,2.01617,-2.36534,-0.00431675,-0.000929723,2.14472e-05,0.0012601,0.000510079,-0.00014769,3,2,3.92699,0,0,0,0,0,0,0,0,0,0,0,2,3,2,3.92699,0,0,0,0,0,0,0,0,0,0,1.5708,1.5708,0,1.5708,1.5708,0,0.00177384,-0.00475632,0.00090349,0,0,0,1.81086,1.24668,-0.0105306,-0.00705344,-0.00298682,-0.000109768,0.00127548,0.000370392,-7.23231e-05,1.75578,1.20968,0,0,0,0,0.0063221,0,0,0,0.0167422,0.00206562,0.02561,0.00615644,2,1.75578,1.20968,0,0.344544,0.487027,3.7308e-15,0,0,0,0,0,0,0,0,0,0,0,0,0.855775,1.20968,0,0,0,0,0,0,0,0,0,0,0,0,2,0.855775,1.20968,0,1,2,0,0,0,0,0,1.1961,-0.2468,2.3549,0,0,0,0,0,0,0,-0,0,1.4592,0,0,0,0,0,0,0,0,0,0,0,0,0,0,0,0,0,0,0,0,0,0,0,0,0,0,0,0,0,0,0,0,0
29.7,-0.00580232,-0.00304109,0.000689987,0,0,0,3.05024,2.01607,-2.36533,-0.00427327,-0.00101582,0.00013354,0.00102903,-7.40086e-05,0.0001791,3,2,3.92699,0,0,0,0,0,0,0,0,0,0,0,2,3,2,3.92699,0,0,0,0,0,0,0,0,0,0,1.5708,1.5708,0,1.5708,1.5708,0,0.00281248,-0.0094028,0.00240187,0,0,0,1.81013,1.24652,-0.0109023,-0.0072731,-0.00159942,-0.00371762,5.49681e-05,0.00573321,-0.0145861,1.75578,1.20968,0,0,0,0,0.0063221,0,0,0,0.0167422,0.00206562,0.02561,0.00615644,2,1.75578,1.20968,0,0.344544,0.487027,3.7308e-15,0,0,0,0,0,0,0,0,0,0,0,0,0.855775,1.20968,0,0,0,0,0,0,0,0,0,0,0,0,2,0.855775,1.20968,0,1,2,0,0,0,0,0,1.1961,-0.2468,2.3549,0,0,0,0,0,0,0,-0,0,1.45948,0,0,0,0,0,0,0,0,0,0,0,0,0,0,0,0,0,0,0,0,0,0,0,0,0,0,0,0,0,0,0,0,0
29.75,-0.00580232,-0.00304109,0.000689987,0,0,0,3.05024,2.01607,-2.36533,-0.00427327,-0.00101582,0.00013354,0.00102903,-7.40086e-05,0.0001791,3,2,3.92699,0,0,0,0,0,0,0,0,0,0,0,2,3,2,3.92699,0,0,0,0,0,0,0,0,0,0,1.5708,1.5708,0,1.5708,1.5708,0,0.00281248,-0.0094028,0.00240187,0,0,0,1.81013,1.24652,-0.0109023,-0.0072731,-0.00159942,-0.00371762,5.49681e-05,0.00573321,-0.0145861,1.75578,1.20968,0,0,0,0,0.0229561,0,0.00378217,0,0.0398245,0.00332163,0.058136,0.0112452,2,1.75578,1.20968,0,0.344544,0.487027,3.7308e-15,0,0,0,0,0,0,0,0,0,0,0,0,0.855775,1.20968,0,0,0,0,0,0,0,0,0,0,0,0,2,0.855775,1.20968,0,1,2,0,0,0,0,0,1.2932,-0.1505,2.451,0,0,0,0,0,0,0,-0,0,1.45948,0,0,0,0,0,0,0,0,0,0,0,0,0,0,0,0,0,0,0,0,0,0,0,0,0,0,0,0,0,0,0,0,0
29.8,-0.00574482,-0.00319151,0.000399227,0,0,0,3.04982,2.01598,-2.36524,-0.00423976,-0.000959808,0.000832371,0.000717525,9.96402e-05,0.00294404,3,2,3.92699,0,0,0,0,0,0,0,0,0,0,0,2,3,2,3.92699,0,0,0,0,0,0,0,0,0,0,1.5708,1.5708,0,1.5708,1.5708,0,0.00169531,-0.00105575,-0.000321055,0.0110707,-0.0165451,0.0019707,1.80944,1.24612,-0.0106108,-0.00686274,-0.00401018,0.00291569,0.00150244,-0.00546557,0.0157798,1.75578,1.20968,0,0,0,0,0.0229561,0,0.00378217,0,0.0398245,0.00332163,0.058136,0.0112452,2,1.75578,1.20968,0,0.344544,0.487027,3.7308e-15,0,0,0,0,0,0,0,0,0,0,0,0,0.855775,1.20968,0,0,0,0,0,0,0,0,0,0,0,0,2,0.855775,1.20968,0,1,2,0,0,0,0,0,1.2932,-0.1505,2.451,0,0,0,0,0,0,0,-0,0,1.45987,0,0,0,0,0,0,0,0,0,0,0,0,0,0,0,0,0,0,0,0,0,0,0,0,0,0,0,0,0,0,0,0,0
29.85,-0.00574482,-0.00319151,0.000399227,0,0,0,3.04982,2.01598,-2.36524,-0.00423976,-0.000959808,0.000832371,0.000717525,9.96402e-05,0.00294404,3,2,3.92699,0,0,0,0,0,0,0,0,0,0,0,2,3,2,3.92699,0,0,0,0,0,0,0,0,0,0,1.5708,1.5708,0,1.5708,1.5708,0,0.00169531,-0.00105575,-0.000321055,0.0110755,-0.0165419,0.0019707,1.80944,1.24612,-0.0106108,-0.00686274,-0.00401018,0.00291569,0.00150244,-0.00546557,0.0157798,1.75578,1.20968,0,0,0,0,0,0,0,0.00157416,0.00183771,0.00904669,0.00112645,0.00720116,2,1.75578,1.20968,0,0.344544,0.487027,3.7308e-15,0,0,0,0,0,0,0,0,0,0,0,0,0.855775,1.20968,0,0,0,0,0,0,0,0,0,0,0,0,2,0.855775,1.20968,0,1,2,0,0,0,0,0,1.2932,-0.1505,2.451,0,0,0,0,0,0,0,-0,0,1.45987,0,0,0,0,0,0,0,0,0,0,0,0,0,0,0,0,0,0,0,0,0,0,0,0,0,0,0,0,0,0,0,0,0
29.9,-0.00570417,-0.00242019,0.000312511,0,0,0,3.0494,2.01586,-2.36514,-0.00420169,-0.00117432,0.00102521,0.000537903,-0.000774478,0.00291333,3,2,3.92699,0,0,0,0,0,0,0,0,0,0,0,2,3,2,3.92699,0,0,0,0,0,0,0,0,0,0,1.5708,1.5708,0,1.5708,1.5708,0,0.00258855,-0.00562564,0.00104301,0.0110755,-0.0165419,0.0019707,1.80874,1.24585,-0.0106536,-0.00704231,-0.00263308,-0.000427984,0.000376064,0.000701612,0.000228389,1.75578,1.20968,0,0,0,0,0,0,0,0.00157416,0.00183771,0.00904669,0.00112645,0.00720116,2,1.75578,1.20968,0,0.344544,0.487027,3.7308e-15,0,0,0,0,0,0,0,0,0,0,0,0,0.855775,1.20968,0,0,0,0,0,0,0,0,0,0,0,0,2,0.855775,1.20968,0,1,2,0,0,0,0,0,1.2932,-0.1505,2.451,0,0,0,0,0,0,0,-0,0,1.46019,0,0,0,0,0,0,0,0,0,0,0,0,0,0,0,0,0,0,0,0,0,0,0,0,0,0,0,0,0,0,0,0,0
29.95,-0.00570417,-0.00242019,0.000312511,0,0,0,3.0494,2.01586,-2.36514,-0.00420169,-0.00117432,0.00102521,0.000537903,-0.000774478,0.00291333,3,2,3.92699,0,0,0,0,0,0,0,0,0,0,0,2,3,2,3.92699,0,0,0,0,0,0,0,0,0,0,1.5708,1.5708,0,1.5708,1.5708,0,0.00258855,-0.00562564,0.00104301,0.0110748,-0.0165423,0.0019707,1.80874,1.24585,-0.0106536,-0.00704231,-0.00263308,-0.000427984,0.000376064,0.000701612,0.000228389,1.75578,1.20968,0,0,0,0,0.0056838,0,0,0,0.0211151,0.00303667,0.0306962,0.00784185,2,1.75578,1.20968,0,0.344544,0.487027,3.7308e-15,0,0,0,0,0,0,0,0,0,0,0,0,0.855775,1.20968,0,0,0,0,0,0,0,0,0,0,0,0,2,0.855775,1.20968,0,1,2,0,0,0,0,0,1.1974,-0.2473,2.3545,0,0,0,0,0,0,0,-0,0,1.46019,0,0,0,0,0,0,0,0,0,0,0,0,0,0,0,0,0,0,0,0,0,0,0,0,0,0,0,0,0,0,0,0,0
30,-0.00551572,-0.00223873,0.00020721,0,0,0,3.04898,2.01574,-2.36502,-0.00420735,-0.00121361,0.00125909,0.000279059,-0.00073959,0.00267912,3,2,3.92699,0,0,0,0,0,0,0,0,0,0,0,2,3,2,3.92699,0,0,0,0,0,0,0,0,0,0,1.5708,1.5708,0,1.5708,1.5708,0,0.00233115,-0.0047755,0.000981843,0.0110748,-0.0165423,0.0019707,1.80805,1.24557,-0.0106809,-0.00688488,-0.00284967,-0.000272213,0.0007073,0.000392871,-0.00134598,1.75578,1.20968,0,0,0,0,0.0056838,0,0,0,0.0211151,0.00303667,0.0306962,0.00784185,2,1.75578,1.20968,0,0.344544,0.487027,3.7308e-15,0,0,0,0,0,0,0,0,0,0,0,0,0.855775,1.20968,0,0,0,0,0,0,0,0,0,0,0,0,2,0.855775,1.20968,0,1,2,0,0,0,0,0,1.1974,-0.2473,2.3545,0,0,0,0,0,0,0,-0,0,1.4605,0,0,0,0,0,0,0,0,0,0,0,0,0,0,0,0,0,0,0,0,0,0,0,0,0,0,0,0,0,0,0,0,0
30.05,-0.00551572,-0.00223873,0.00020721,0,0,0,3.04898,2.01574,-2.36502,-0.00420735,-0.00121361,0.00125909,0.000279059,-0.00073959,0.00267912,3,2,3.92699,0,0,0,0,0,0,0,0,0,0,0,2,3,2,3.92699,0,0,0,0,0,0,0,0,0,0,1.5708,1.5708,0,1.5708,1.5708,0,0.00233115,-0.0047755,0.000981843,0,0,0,1.80805,1.24557,-0.0106809,-0.00688488,-0.00284967,-0.000272213,0.0007073,0.000392871,-0.00134598,1.75578,1.20968,0,0,0,0,0.00580944,0,0,0,0.0194471,0.00269243,0.0263327,0.00580233,2,1.75578,1.20968,0,0.344544,0.487027,3.7308e-15,0,0,0,0,0,0,0,0,0,0,0,0,0.855775,1.20968,0,0,0,0,0,0,0,0,0,0,0,0,2,0.855775,1.20968,0,1,2,0,0,0,0,0,1.1974,-0.2473,2.3545,0,0,0,0,0,0,0,-0,0,1.4605,0,0,0,0,0,0,0,0,0,0,0,0,0,0,0,0,0,0,0,0,0,0,0,0,0,0,0,0,0,0,0,0,0
30.1,-0.00595552,-0.00256111,0.000298771,0,0,0,3.04857,2.01563,-2.36491,-0.00402901,-0.00110492,0.00101345,0.000844013,-5.43776e-06,0.000595912,3,2,3.92699,0,0,0,0,0,0,0,0,0,0,0,2,3,2,3.92699,0,0,0,0,0,0,0,0,0,0,1.5708,1.5708,0,1.5708,1.5708,0,0.00223855,-0.00502179,0.000987733,0,0,0,1.80737,1.2453,-0.010709,-0.00677726,-0.0027446,-0.000281055,0.000897606,0.000613147,-0.00105673,1.75578,1.20968,0,0,0,0,0.00580944,0,0,0,0.0194471,0.00269243,0.0263327,0.00580233,2,1.75578,1.20968,0,0.344544,0.487027,3.7308e-15,0,0,0,0,0,0,0,0,0,0,0,0,0.855775,1.20968,0,0,0,0,0,0,0,0,0,0,0,0,2,0.855775,1.20968,0,1,2,0,0,0,0,0,1.1974,-0.2473,2.3545,0,0,0,0,0,0,0,-0,0,1.46082,0,0,0,0,0,0,0,0,0,0,0,0,0,0,0,0,0,0,0,0,0,0,0,0,0,0,0,0,0,0,0,0,0
30.15,-0.00595552,-0.00256111,0.000298771,0,0,0,3.04857,2.01563,-2.36491,-0.00402901,-0.00110492,0.00101345,0.000844013,-5.43776e-06,0.000595912,3,2,3.92699,0,0,0,0,0,0,0,0,0,0,0,2,3,2,3.92699,0,0,0,0,0,0,0,0,0,0,1.5708,1.5708,0,1.5708,1.5708,0,0.00223855,-0.00502179,0.000987733,0,0,0,1.80737,1.2453,-0.010709,-0.00677726,-0.0027446,-0.000281055,0.000897606,0.000613147,-0.00105673,1.75578,1.20968,0,0,0,0,0.00609774,0,0,0,0.0192153,0.0025921,0.0273112,0.00631664,2,1.75578,1.20968,0,0.344544,0.487027,3.7308e-15,0,0,0,0,0,0,0,0,0,0,0,0,0.855775,1.20968,0,0,0,0,0,0,0,0,0,0,0,0,2,0.855775,1.20968,0,1,2,0,0,0,0,0,1.1978,-0.2479,2.3542,0,0,0,0,0,0,0,-0,0,1.46082,0,0,0,0,0,0,0,0,0,0,0,0,0,0,0,0,0,0,0,0,0,0,0,0,0,0,0,0,0,0,0,0,0
30.2,-0.00609836,-0.00233873,0.000233351,0,0,0,3.04818,2.01551,-2.3648,-0.00393969,-0.00115701,0.00115135,0.000938334,-0.000112502,0.000627254,3,2,3.92699,0,0,0,0,0,0,0,0,0,0,0,2,3,2,3.92699,0,0,0,0,0,0,0,0,0,0,1.5708,1.5708,0,1.5708,1.5708,0,0.0024109,-0.0050614,0.00108389,0,0,0,1.8067,1.24502,-0.0107597,-0.00674799,-0.00270091,-0.000507205,0.00067864,0.000571351,-0.00149914,1.75578,1.20968,0,0,0,0,0.00609774,0,0,0,0.0192153,0.0025921,0.0273112,0.00631664,2,1.75578,1.20968,0,0.344544,0.487027,3.7308e-15,0,0,0,0,0,0,0,0,0,0,0,0,0.855775,1.20968,0,0,0,0,0,0,0,0,0,0,0,0,2,0.855775,1.20968,0,1,2,0,0,0,0,0,1.1978,-0.2479,2.3542,0,0,0,0,0,0,0,-0,0,1.46114,0,0,0,0,0,0,0,0,0,0,0,0,0,0,0,0,0,0,0,0,0,0,0,0,0,0,0,0,0,0,0,0,0
30.25,-0.00609836,-0.00233873,0.000233351,0,0,0,3.04818,2.01551,-2.3648,-0.00393969,-0.00115701,0.00115135,0.000938334,-0.000112502,0.000627254,3,2,3.92699,0,0,0,0,0,0,0,0,0,0,0,2,3,2,3.92699,0,0,0,0,0,0,0,0,0,0,1.5708,1.5708,0,1.5708,1.5708,0,0.0024109,-0.0050614,0.00108389,0,0,0,1.8067,1.24502,-0.0107597,-0.00674799,-0.00270091,-0.000507205,0.00067864,0.000571351,-0.00149914,1.75578,1.20968,0,0,0,0,0.0069225,0,0,0,0.0210256,0.0027883,0.0283039,0.00597835,2,1.75578,1.20968,0,0.344544,0.487027,3.7308e-15,0,0,0,0,0,0,0,0,0,0,0,0,0.855775,1.20968,0,0,0,0,0,0,0,0,0,0,0,0,2,0.855775,1.20968,0,1,2,0,0,0,0,0,1.1978,-0.2479,2.3542,0,0,0,0,0,0,0,-0,0,1.46114,0,0,0,0,0,0,0,0,0,0,0,0,0,0,0,0,0,0,0,0,0,0,0,0,0,0,0,0,0,0,0,0,0
30.3,-0.0061016,-0.00305382,0.000100237,0,0,0,3.04779,2.01542,-2.36465,-0.00389231,-0.000934009,0.00144985,0.000769362,0.000810121,0.00157247,3,2,3.92699,0,0,0,0,0,0,0,0,0,0,0,2,3,2,3.92699,0,0,0,0,0,0,0,0,0,0,1.5708,1.5708,0,1.5708,1.5708,0,0.00214584,-0.00579237,0.000837962,0,0,0,1.80604,1.24478,-0.0107502,-0.00659178,-0.0024565,9.52731e-05,0.00100867,0.00131662,0.00144773,1.75578,1.20968,0,0,0,0,0.0069225,0,0,0,0.0210256,0.0027883,0.0283039,0.00597835,2,1.75578,1.20968,0,0.344544,0.487027,3.7308e-15,0,0,0,0,0,0,0,0,0,0,0,0,0.855775,1.20968,0,0,0,0,0,0,0,0,0,0,0,0,2,0.855775,1.20968,0,1,2,0,0,0,0,0,1.1978,-0.2479,2.3542,0,0,0,0,0,0,0,-0,0,1.46145,0,0,0,0,0,0,0,0,0,0,0,0,0,0,0,0,0,0,0,0,0,0,0,0,0,0,0,0,0,0,0,0,0
30.35,-0.0061016,-0.00305382,0.000100237,0,0,0,3.04779,2.01542,-2.36465,-0.00389231,-0.000934009,0.00144985,0.000769362,0.000810121,0.00157247,3,2,3.92699,0,0,0,0,0,0,0,0,0,0,0,2,3,2,3.92699,0,0,0,0,0,0,0,0,0,0,1.5708,1.5708,0,1.5708,1.5708,0,0.00214584,-0.00579237,0.000837962,0,0,0,1.80604,1.24478,-0.0107502,-0.00659178,-0.0024565,9.52731e-05,0.00100867,0.00131662,0.00144773,1.75578,1.20968,0,0,0,0,0.00408097,0,0,0,0.0169493,0.00253609,0.0295784,0.00990619,2,1.75578,1.20968,0,0.344544,0.487027,3.7308e-15,0,0,0,0,0,0,0,0,0,0,0,0,0.855775,1.20968,0,0,0,0,0,0,0,0,0,0,0,0,2,0.855775,1.20968,0,1,2,0,0,0,0,0,1.1984,-0.2483,2.3539,0,0,0,0,0,0,0,-0,0,1.46145,0,0,0,0,0,0,0,0,0,0,0,0,0,0,0,0,0,0,0,0,0,0,0,0,0,0,0,0,0,0,0,0,0
30.4,-0.0064577,-0.002567,0.000327741,0,0,0,3.04742,2.01531,-2.36457,-0.00374217,-0.00106553,0.000872495,0.0010354,8.48207e-05,-0.00123369,3,2,3.92699,0,0,0,0,0,0,0,0,0,0,0,2,3,2,3.92699,0,0,0,0,0,0,0,0,0,0,1.5708,1.5708,0,1.5708,1.5708,0,0.00238305,-0.00558713,0.00134422,0,0,0,1.80538,1.24453,-0.0108628,-0.00658357,-0.00248745,-0.0011263,0.000676895,0.000765365,-0.0036132,1.75578,1.20968,0,0,0,0,0.00408097,0,0,0,0.0169493,0.00253609,0.0295784,0.00990619,2,1.75578,1.20968,0,0.344544,0.487027,3.7308e-15,0,0,0,0,0,0,0,0,0,0,0,0,0.855775,1.20968,0,0,0,0,0,0,0,0,0,0,0,0,2,0.855775,1.20968,0,1,2,0,0,0,0,0,1.1984,-0.2483,2.3539,0,0,0,0,0,0,0,-0,0,1.46177,0,0,0,0,0,0,0,0,0,0,0,0,0,0,0,0,0,0,0,0,0,0,0,0,0,0,0,0,0,0,0,0,0
30.45,-0.0064577,-0.002567,0.000327741,0,0,0,3.04742,2.01531,-2.36457,-0.00374217,-0.00106553,0.000872495,0.0010354,8.48207e-05,-0.00123369,3,2,3.92699,0,0,0,0,0,0,0,0,0,0,0,2,3,2,3.92699,0,0,0,0,0,0,0,0,0,0,1.5708,1.5708,0,1.5708,1.5708,0,0.00238305,-0.00558713,0.00134422,0,0,0,1.80538,1.24453,-0.0108628,-0.00658357,-0.00248745,-0.0011263,0.000676895,0.000765365,-0.0036132,1.75578,1.20968,0,0,0,0,0.0104644,0,0.00130101,0,0.0243999,0.00277402,0.0330782,0.00650893,2,1.75578,1.20968,0,0.344544,0.487027,3.7308e-15,0,0,0,0,0,0,0,0,0,0,0,0,0.855775,1.20968,0,0,0,0,0,0,0,0,0,0,0,0,2,0.855775,1.20968,0,1,2,0,0,0,0,0,1.1984,-0.2483,2.3539,0,0,0,0,0,0,0,-0,0,1.46177,0,0,0,0,0,0,0,0,0,0,0,0,0,0,0,0,0,0,0,0,0,0,0,0,0,0,0,0,0,0,0,0,0
30.5,-0.00700348,-0.00288155,2.7929e-05,0,0,0,3.04706,2.01521,-2.36441,-0.00353828,-0.000960879,0.00157864,0.00147563,0.000371815,0.00170008,3,2,3.92699,0,0,0,0,0,0,0,0,0,0,0,2,3,2,3.92699,0,0,0,0,0,0,0,0,0,0,1.5708,1.5708,0,1.5708,1.5708,0,0.00216483,-0.00521987,0.000870756,0,0,0,1.80474,1.24427,-0.0108592,-0.00644292,-0.0025652,3.65244e-05,0.000929359,7.64932e-05,0.0017925,1.75578,1.20968,0,0,0,0,0.0104644,0,0.00130101,0,0.0243999,0.00277402,0.0330782,0.00650893,2,1.75578,1.20968,0,0.344544,0.487027,3.7308e-15,0,0,0,0,0,0,0,0,0,0,0,0,0.855775,1.20968,0,0,0,0,0,0,0,0,0,0,0,0,2,0.855775,1.20968,0,1,2,0,0,0,0,0,1.1984,-0.2483,2.3539,0,0,0,0,0,0,0,-0,0,1.4621,0,0,0,0,0,0,0,0,0,0,0,0,0,0,0,0,0,0,0,0,0,0,0,0,0,0,0,0,0,0,0,0,0
30.55,-0.00700348,-0.00288155,2.7929e-05,0,0,0,3.04706,2.01521,-2.36441,-0.00353828,-0.000960879,0.00157864,0.00147563,0.000371815,0.00170008,3,2,3.92699,0,0,0,0,0,0,0,0,0,0,0,2,3,2,3.92699,0,0,0,0,0,0,0,0,0,0,1.5708,1.5708,0,1.5708,1.5708,0,0.00216483,-0.00521987,0.000870756,0,0,0,1.80474,1.24427,-0.0108592,-0.00644292,-0.0025652,3.65244e-05,0.000929359,7.64932e-05,0.0017925,1.75578,1.20968,0,0,0,0,0.00460977,0,0,0,0.0175533,0.00254962,0.0277721,0.00787091,2,1.75578,1.20968,0,0.344544,0.487027,3.7308e-15,0,0,0,0,0,0,0,0,0,0,0,0,0.855775,1.20968,0,0,0,0,0,0,0,0,0,0,0,0,2,0.855775,1.20968,0,1,2,0,0,0,0,0,1.1991,-0.2488,2.3536,0,0,0,0,0,0,0,-0,0,1.4621,0,0,0,0,0,0,0,0,0,0,0,0,0,0,0,0,0,0,0,0,0,0,0,0,0,0,0,0,0,0,0,0,0
30.6,-0.00717062,-0.00331016,0.000341285,0,0,0,3.04672,2.01513,-2.36433,-0.00344765,-0.000824066,0.000791638,0.00130581,0.000808225,-0.00172592,3,2,3.92699,0,0,0,0,0,0,0,0,0,0,0,2,3,2,3.92699,0,0,0,0,0,0,0,0,0,0,1.5708,1.5708,0,1.5708,1.5708,0,0.00208671,-0.00580946,0.00106332,0,0,0,1.8041,1.24404,-0.010902,-0.00634469,-0.00236354,-0.00042813,0.000981016,0.000757028,-4.87914e-05,1.75578,1.20968,0,0,0,0,0.00460977,0,0,0,0.0175533,0.00254962,0.0277721,0.00787091,2,1.75578,1.20968,0,0.344544,0.487027,3.7308e-15,0,0,0,0,0,0,0,0,0,0,0,0,0.855775,1.20968,0,0,0,0,0,0,0,0,0,0,0,0,2,0.855775,1.20968,0,1,2,0,0,0,0,0,1.1991,-0.2488,2.3536,0,0,0,0,0,0,0,-0,0,1.46242,0,0,0,0,0,0,0,0,0,0,0,0,0,0,0,0,0,0,0,0,0,0,0,0,0,0,0,0,0,0,0,0,0
30.65,-0.00717062,-0.00331016,0.000341285,0,0,0,3.04672,2.01513,-2.36433,-0.00344765,-0.000824066,0.000791638,0.00130581,0.000808225,-0.00172592,3,2,3.92699,0,0,0,0,0,0,0,0,0,0,0,2,3,2,3.92699,0,0,0,0,0,0,0,0,0,0,1.5708,1.5708,0,1.5708,1.5708,0,0.00208671,-0.00580946,0.00106332,0,0,0,1.8041,1.24404,-0.010902,-0.00634469,-0.00236354,-0.00042813,0.000981016,0.000757028,-4.87914e-05,1.75578,1.20968,0,0,0,0,0.00736414,0,0,0,0.0198731,0.00246122,0.0316042,0.0082076,2,1.75578,1.20968,0,0.344544,0.487027,3.7308e-15,0,0,0,0,0,0,0,0,0,0,0,0,0.855775,1.20968,0,0,0,0,0,0,0,0,0,0,0,0,2,0.855775,1.20968,0,1,2,0,0,0,0,0,1.1991,-0.2488,2.3536,0,0,0,0,0,0,0,-0,0,1.46242,0,0,0,0,0,0,0,0,0,0,0,0,0,0,0,0,0,0,0,0,0,0,0,0,0,0,0,0,0,0,0,0,0
30.7,-0.00711481,-0.00246792,9.16713e-05,0,0,0,3.04638,2.01503,-2.36419,-0.00342336,-0.00106095,0.00137826,0.000858766,-0.000401948,0.000843603,3,2,3.92699,0,0,0,0,0,0,0,0,0,0,0,2,3,2,3.92699,0,0,0,0,0,0,0,0,0,0,1.5708,1.5708,0,1.5708,1.5708,0,0.0020703,-0.00580209,0.00109022,0,0,0,1.80347,1.2438,-0.0109504,-0.00626558,-0.00233799,-0.000484536,0.000913283,0.000649208,-0.00050389,1.75578,1.20968,0,0,0,0,0.00736414,0,0,0,0.0198731,0.00246122,0.0316042,0.0082076,2,1.75578,1.20968,0,0.344544,0.487027,3.7308e-15,0,0,0,0,0,0,0,0,0,0,0,0,0.855775,1.20968,0,0,0,0,0,0,0,0,0,0,0,0,2,0.855775,1.20968,0,1,2,0,0,0,0,0,1.1991,-0.2488,2.3536,0,0,0,0,0,0,0,-0,0,1.46273,0,0,0,0,0,0,0,0,0,0,0,0,0,0,0,0,0,0,0,0,0,0,0,0,0,0,0,0,0,0,0,0,0
30.75,-0.00711481,-0.00246792,9.16713e-05,0,0,0,3.04638,2.01503,-2.36419,-0.00342336,-0.00106095,0.00137826,0.000858766,-0.000401948,0.000843603,3,2,3.92699,0,0,0,0,0,0,0,0,0,0,0,2,3,2,3.92699,0,0,0,0,0,0,0,0,0,0,1.5708,1.5708,0,1.5708,1.5708,0,0.0020703,-0.00580209,0.00109022,0,0,0,1.80347,1.2438,-0.0109504,-0.00626558,-0.00233799,-0.000484536,0.000913283,0.000649208,-0.00050389,1.75578,1.20968,0,0,0,0,0.00778493,0,0,0,0.0201967,0.00244133,0.0317735,0.00803005,2,1.75578,1.20968,0,0.344544,0.487027,3.7308e-15,0,0,0,0,0,0,0,0,0,0,0,0,0.855775,1.20968,0,0,0,0,0,0,0,0,0,0,0,0,2,0.855775,1.20968,0,1,2,0,0,0,0,0,1.1996,-0.2492,2.3533,0,0,0,0,0,0,0,-0,0,1.46273,0,0,0,0,0,0,0,0,0,0,0,0,0,0,0,0,0,0,0,0,0,0,0,0,0,0,0,0,0,0,0,0,0
30.8,-0.00706083,-0.00251291,-0.000128088,0,0,0,3.04604,2.01492,-2.364,-0.00339882,-0.00103527,0.00188133,0.000552869,-0.000302693,0.00286464,3,2,3.92699,0,0,0,0,0,0,0,0,0,0,0,2,3,2,3.92699,0,0,0,0,0,0,0,0,0,0,1.5708,1.5708,0,1.5708,1.5708,0,0.00196942,-0.00546918,0.000777567,0,0,0,1.80286,1.24356,-0.0109226,-0.0061628,-0.0024075,0.000278254,0.000949274,9.72922e-05,0.00268365,1.75578,1.20968,0,0,0,0,0.00778493,0,0,0,0.0201967,0.00244133,0.0317735,0.00803005,2,1.75578,1.20968,0,0.344544,0.487027,3.7308e-15,0,0,0,0,0,0,0,0,0,0,0,0,0.855775,1.20968,0,0,0,0,0,0,0,0,0,0,0,0,2,0.855775,1.20968,0,1,2,0,0,0,0,0,1.1996,-0.2492,2.3533,0,0,0,0,0,0,0,-0,0,1.46304,0,0,0,0,0,0,0,0,0,0,0,0,0,0,0,0,0,0,0,0,0,0,0,0,0,0,0,0,0,0,0,0,0
30.85,-0.00706083,-0.00251291,-0.000128088,0,0,0,3.04604,2.01492,-2.364,-0.00339882,-0.00103527,0.00188133,0.000552869,-0.000302693,0.00286464,3,2,3.92699,0,0,0,0,0,0,0,0,0,0,0,2,3,2,3.92699,0,0,0,0,0,0,0,0,0,0,1.5708,1.5708,0,1.5708,1.5708,0,0.00196942,-0.00546918,0.000777567,0,0,0,1.80286,1.24356,-0.0109226,-0.0061628,-0.0024075,0.000278254,0.000949274,9.72922e-05,0.00268365,1.75578,1.20968,0,0,0,0,0.00382563,0,0,0,0.0156507,0.00233024,0.0277504,0.00953177,2,1.75578,1.20968,0,0.344544,0.487027,3.7308e-15,0,0,0,0,0,0,0,0,0,0,0,0,0.855775,1.20968,0,0,0,0,0,0,0,0,0,0,0,0,2,0.855775,1.20968,0,1,2,0,0,0,0,0,1.1996,-0.2492,2.3533,0,0,0,0,0,0,0,-0,0,1.46304,0,0,0,0,0,0,0,0,0,0,0,0,0,0,0,0,0,0,0,0,0,0,0,0,0,0,0,0,0,0,0,0,0
30.9,-0.00849973,-0.00324252,0.000488151,0,0,0,3.04574,2.01484,-2.36397,-0.00293748,-0.000809456,0.000357685,0.0021343,0.000734074,-0.00409441,3,2,3.92699,0,0,0,0,0,0,0,0,0,0,0,2,3,2,3.92699,0,0,0,0,0,0,0,0,0,0,1.5708,1.5708,0,1.5708,1.5708,0,0.00197105,-0.00551028,0.00108967,0,0,0,1.80225,1.24333,-0.0109705,-0.00609107,-0.00236732,-0.00047914,0.000862224,0.000144497,-0.000983309,1.75578,1.20968,0,0,0,0,0.00382563,0,0,0,0.0156507,0.00233024,0.0277504,0.00953177,2,1.75578,1.20968,0,0.344544,0.487027,3.7308e-15,0,0,0,0,0,0,0,0,0,0,0,0,0.855775,1.20968,0,0,0,0,0,0,0,0,0,0,0,0,2,0.855775,1.20968,0,1,2,0,0,0,0,0,1.1996,-0.2492,2.3533,0,0,0,0,0,0,0,-0,0,1.46339,0,0,0,0,0,0,0,0,0,0,0,0,0,0,0,0,0,0,0,0,0,0,0,0,0,0,0,0,0,0,0,0,0
30.95,-0.00849973,-0.00324252,0.000488151,0,0,0,3.04574,2.01484,-2.36397,-0.00293748,-0.000809456,0.000357685,0.0021343,0.000734074,-0.00409441,3,2,3.92699,0,0,0,0,0,0,0,0,0,0,0,2,3,2,3.92699,0,0,0,0,0,0,0,0,0,0,1.5708,1.5708,0,1.5708,1.5708,0,0.00197105,-0.00551028,0.00108967,0,0,0,1.80225,1.24333,-0.0109705,-0.00609107,-0.00236732,-0.00047914,0.000862224,0.000144497,-0.000983309,1.75578,1.20968,0,0,0,0,0.00813003,0,0,0,0.0199369,0.00232259,0.0305685,0.00730095,2,1.75578,1.20968,0,0.344544,0.487027,3.7308e-15,0,0,0,0,0,0,0,0,0,0,0,0,0.855775,1.20968,0,0,0,0,0,0,0,0,0,0,0,0,2,0.855775,1.20968,0,1,2,0,0,0,0,0,1.2365,-0.2135,2.3893,0,0,0,0,0,0,0,-0,0,1.46339,0,0,0,0,0,0,0,0,0,0,0,0,0,0,0,0,0,0,0,0,0,0,0,0,0,0,0,0,0,0,0,0,0
31,-0.00821646,-0.00407763,0.000426955,0,0,0,3.04544,2.01479,-2.36392,-0.0029858,-0.000555412,0.000498287,0.0013017,0.00159598,-0.0028386,3,2,3.92699,0,0,0,0,0,0,0,0,0,0,0,2,3,2,3.92699,0,0,0,0,0,0,0,0,0,0,1.5708,1.5708,0,1.5708,1.5708,0,0.00172611,-0.00598258,0.000590635,0,0,0,1.80165,1.24311,-0.0108972,-0.0059484,-0.00220212,0.000732567,0.00107417,0.000752572,0.00375475,1.75578,1.20968,0,0,0,0,0.00813003,0,0,0,0.0199369,0.00232259,0.0305685,0.00730095,2,1.75578,1.20968,0,0.344544,0.487027,3.7308e-15,0,0,0,0,0,0,0,0,0,0,0,0,0.855775,1.20968,0,0,0,0,0,0,0,0,0,0,0,0,2,0.855775,1.20968,0,1,2,0,0,0,0,0,1.2365,-0.2135,2.3893,0,0,0,0,0,0,0,-0,0,1.46373,0,0,0,0,0,0,0,0,0,0,0,0,0,0,0,0,0,0,0,0,0,0,0,0,0,0,0,0,0,0,0,0,0
31.05,-0.00821646,-0.00407763,0.000426955,0,0,0,3.04544,2.01479,-2.36392,-0.0029858,-0.000555412,0.000498287,0.0013017,0.00159598,-0.0028386,3,2,3.92699,0,0,0,0,0,0,0,0,0,0,0,2,3,2,3.92699,0,0,0,0,0,0,0,0,0,0,1.5708,1.5708,0,1.5708,1.5708,0,0.00172611,-0.00598258,0.000590635,0,0,0,1.80165,1.24311,-0.0108972,-0.0059484,-0.00220212,0.000732567,0.00107417,0.000752572,0.00375475,1.75578,1.20968,0,0,0,0,0.00182989,0,0,0,0.0122822,0.0020549,0.0270011,0.0137999,2,1.75578,1.20968,0,0.344544,0.487027,3.7308e-15,0,0,0,0,0,0,0,0,0,0,0,0,0.855775,1.20968,0,0,0,0,0,0,0,0,0,0,0,0,2,0.855775,1.20968,0,1,2,0,0,0,0,0,1.2365,-0.2135,2.3893,0,0,0,0,0,0,0,-0,0,1.46373,0,0,0,0,0,0,0,0,0,0,0,0,0,0,0,0,0,0,0,0,0,0,0,0,0,0,0,0,0,0,0,0,0
31.1,-0.00787172,-0.00270878,-0.00018978,0,0,0,3.04514,2.01469,-2.36372,-0.00305154,-0.000949638,0.00197635,0.000406671,-0.000500216,0.00437157,3,2,3.92699,0,0,0,0,0,0,0,0,0,0,0,2,3,2,3.92699,0,0,0,0,0,0,0,0,0,0,1.5708,1.5708,0,1.5708,1.5708,0,0.00208602,-0.00567629,0.00102668,0,0,0,1.80106,1.24288,-0.0109305,-0.00598344,-0.00226546,-0.000332364,0.000534557,0.000281424,-0.00135955,1.75578,1.20968,0,0,0,0,0.00182989,0,0,0,0.0122822,0.0020549,0.0270011,0.0137999,2,1.75578,1.20968,0,0.344544,0.487027,3.7308e-15,0,0,0,0,0,0,0,0,0,0,0,0,0.855775,1.20968,0,0,0,0,0,0,0,0,0,0,0,0,2,0.855775,1.20968,0,1,2,0,0,0,0,0,1.2365,-0.2135,2.3893,0,0,0,0,0,0,0,-0,0,1.46405,0,0,0,0,0,0,0,0,0,0,0,0,0,0,0,0,0,0,0,0,0,0,0,0,0,0,0,0,0,0,0,0,0
31.15,-0.00787172,-0.00270878,-0.00018978,0,0,0,3.04514,2.01469,-2.36372,-0.00305154,-0.000949638,0.00197635,0.000406671,-0.000500216,0.00437157,3,2,3.92699,0,0,0,0,0,0,0,0,0,0,0,2,3,2,3.92699,0,0,0,0,0,0,0,0,0,0,1.5708,1.5708,0,1.5708,1.5708,0,0.00208602,-0.00567629,0.00102668,0,0,0,1.80106,1.24288,-0.0109305,-0.00598344,-0.00226546,-0.000332364,0.000534557,0.000281424,-0.00135955,1.75578,1.20968,0,0,0,0,0.00688916,0,0,0,0.0193896,0.00245993,0.0307881,0.00809019,2,1.75578,1.20968,0,0.344544,0.487027,3.7308e-15,0,0,0,0,0,0,0,0,0,0,0,0,0.855775,1.20968,0,0,0,0,0,0,0,0,0,0,0,0,2,0.855775,1.20968,0,1,2,0,0,0,0,0,1.2007,-0.2504,2.3528,0,0,0,0,0,0,0,-0,0,1.46405,0,0,0,0,0,0,0,0,0,0,0,0,0,0,0,0,0,0,0,0,0,0,0,0,0,0,0,0,0,0,0,0,0
31.2,-0.00797893,-0.00275287,7.85374e-05,0,0,0,3.04484,2.0146,-2.36359,-0.00298419,-0.000925538,0.00129019,0.000393773,-0.000487254,0.000858092,3,2,3.92699,0,0,0,0,0,0,0,0,0,0,0,2,3,2,3.92699,0,0,0,0,0,0,0,0,0,0,1.5708,1.5708,0,1.5708,1.5708,0,0.00135639,-0.00562021,0.000426333,0,0,0,1.80049,1.24265,-0.0108185,-0.00570098,-0.00225524,0.00112056,0.0013798,0.000147276,0.00429695,1.75578,1.20968,0,0,0,0,0.00688916,0,0,0,0.0193896,0.00245993,0.0307881,0.00809019,2,1.75578,1.20968,0,0.344544,0.487027,3.7308e-15,0,0,0,0,0,0,0,0,0,0,0,0,0.855775,1.20968,0,0,0,0,0,0,0,0,0,0,0,0,2,0.855775,1.20968,0,1,2,0,0,0,0,0,1.2007,-0.2504,2.3528,0,0,0,0,0,0,0,-0,0,1.46435,0,0,0,0,0,0,0,0,0,0,0,0,0,0,0,0,0,0,0,0,0,0,0,0,0,0,0,0,0,0,0,0,0
31.25,-0.00797893,-0.00275287,7.85374e-05,0,0,0,3.04484,2.0146,-2.36359,-0.00298419,-0.000925538,0.00129019,0.000393773,-0.000487254,0.000858092,3,2,3.92699,0,0,0,0,0,0,0,0,0,0,0,2,3,2,3.92699,0,0,0,0,0,0,0,0,0,0,1.5708,1.5708,0,1.5708,1.5708,0,0.00135639,-0.00562021,0.000426333,0,0,0,1.80049,1.24265,-0.0108185,-0.00570098,-0.00225524,0.00112056,0.0013798,0.000147276,0.00429695,1.75578,1.20968,0,0,0,0,0.00070959,0,0,0,0.00898582,0.00162401,0.0237067,0.0146369,2,1.75578,1.20968,0,0.344544,0.487027,3.7308e-15,0,0,0,0,0,0,0,0,0,0,0,0,0.855775,1.20968,0,0,0,0,0,0,0,0,0,0,0,0,2,0.855775,1.20968,0,1,2,0,0,0,0,0,1.2007,-0.2504,2.3528,0,0,0,0,0,0,0,-0,0,1.46435,0,0,0,0,0,0,0,0,0,0,0,0,0,0,0,0,0,0,0,0,0,0,0,0,0,0,0,0,0,0,0,0,0
31.3,-0.00794881,-0.00198832,-0.000373218,0,0,0,3.04454,2.01448,-2.36336,-0.00295782,-0.00113847,0.00235465,0.000336008,-0.0011429,0.00429508,3,2,3.92699,0,0,0,0,0,0,0,0,0,0,0,2,3,2,3.92699,0,0,0,0,0,0,0,0,0,0,1.5708,1.5708,0,1.5708,1.5708,0,0.00197557,-0.00564768,0.000701856,0,0,0,1.7999,1.24243,-0.010775,-0.00581437,-0.00222081,0.000434729,0.000481974,0.000204808,0.000606156,1.75578,1.20968,0,0,0,0,0.00070959,0,0,0,0.00898582,0.00162401,0.0237067,0.0146369,2,1.75578,1.20968,0,0.344544,0.487027,3.7308e-15,0,0,0,0,0,0,0,0,0,0,0,0,0.855775,1.20968,0,0,0,0,0,0,0,0,0,0,0,0,2,0.855775,1.20968,0,1,2,0,0,0,0,0,1.2007,-0.2504,2.3528,0,0,0,0,0,0,0,-0,0,1.46465,0,0,0,0,0,0,0,0,0,0,0,0,0,0,0,0,0,0,0,0,0,0,0,0,0,0,0,0,0,0,0,0,0
31.35,-0.00794881,-0.00198832,-0.000373218,0,0,0,3.04454,2.01448,-2.36336,-0.00295782,-0.00113847,0.00235465,0.000336008,-0.0011429,0.00429508,3,2,3.92699,0,0,0,0,0,0,0,0,0,0,0,2,3,2,3.92699,0,0,0,0,0,0,0,0,0,0,1.5708,1.5708,0,1.5708,1.5708,0,0.00197557,-0.00564768,0.000701856,0,0,0,1.7999,1.24243,-0.010775,-0.00581437,-0.00222081,0.000434729,0.000481974,0.000204808,0.000606156,1.75578,1.20968,0,0,0,0,0.0027245,0,0,0,0.0146006,0.0023384,0.0273534,0.0111469,2,1.75578,1.20968,0,0.344544,0.487027,3.7308e-15,0,0,0,0,0,0,0,0,0,0,0,0,0.855775,1.20968,0,0,0,0,0,0,0,0,0,0,0,0,2,0.855775,1.20968,0,1,2,0,0,0,0,0,1.2919,-0.1604,2.4433,0,0,0,0,0,0,0,-0,0,1.46465,0,0,0,0,0,0,0,0,0,0,0,0,0,0,0,0,0,0,0,0,0,0,0,0,0,0,0,0,0,0,0,0,0
31.4,-0.00828203,-0.00426291,-0.000217073,0,0,0,3.04426,2.01444,-2.36316,-0.00282541,-0.000459098,0.00193167,0.000728223,0.00194148,0.00135008,3,2,3.92699,0,0,0,0,0,0,0,0,0,0,0,2,3,2,3.92699,0,0,0,0,0,0,0,0,0,0,1.5708,1.5708,0,1.5708,1.5708,0,0.00114427,-0.00611134,0.000780275,0,0,0,1.79935,1.24223,-0.0107512,-0.00550429,-0.00205983,0.000237257,0.00141702,0.000777851,-0.000925467,1.75578,1.20968,0,0,0,0,0.0027245,0,0,0,0.0146006,0.0023384,0.0273534,0.0111469,2,1.75578,1.20968,0,0.344544,0.487027,3.7308e-15,0,0,0,0,0,0,0,0,0,0,0,0,0.855775,1.20968,0,0,0,0,0,0,0,0,0,0,0,0,2,0.855775,1.20968,0,1,2,0,0,0,0,0,1.2919,-0.1604,2.4433,0,0,0,0,0,0,0,-0,0,1.46496,0,0,0,0,0,0,0,0,0,0,0,0,0,0,0,0,0,0,0,0,0,0,0,0,0,0,0,0,0,0,0,0,0
31.45,-0.00828203,-0.00426291,-0.000217073,0,0,0,3.04426,2.01444,-2.36316,-0.00282541,-0.000459098,0.00193167,0.000728223,0.00194148,0.00135008,3,2,3.92699,0,0,0,0,0,0,0,0,0,0,0,2,3,2,3.92699,0,0,0,0,0,0,0,0,0,0,1.5708,1.5708,0,1.5708,1.5708,0,0.00114427,-0.00611134,0.000780275,0,0,0,1.79935,1.24223,-0.0107512,-0.00550429,-0.00205983,0.000237257,0.00141702,0.000777851,-0.000925467,1.75578,1.20968,0,0,0,0,0.00609794,0,0,0,0.0131248,0.00138318,0.0298579,0.0118766,2,1.75578,1.20968,0,0.344544,0.487027,3.7308e-15,0,0,0,0,0,0,0,0,0,0,0,0,0.855775,1.20968,0,0,0,0,0,0,0,0,0,0,0,0,2,0.855775,1.20968,0,1,2,0,0,0,0,0,1.2919,-0.1604,2.4433,0,0,0,0,0,0,0,-0,0,1.46496,0,0,0,0,0,0,0,0,0,0,0,0,0,0,0,0,0,0,0,0,0,0,0,0,0,0,0,0,0,0,0,0,0
31.5,-0.00836905,-0.00301433,1.435e-05,0,0,0,3.04399,2.01436,-2.36303,-0.00276663,-0.000819246,0.0013354,0.00072246,0.000143508,-0.00196839,3,2,3.92699,0,0,0,0,0,0,0,0,0,0,0,2,3,2,3.92699,0,0,0,0,0,0,0,0,0,0,1.5708,1.5708,0,1.5708,1.5708,0,0.00142347,-0.0060624,0.000284085,0,0,0,1.7988,1.24202,-0.0106085,-0.00552106,-0.00204995,0.00142805,0.0009051,0.000582128,0.00399534,1.75578,1.20968,0,0,0,0,0.00609794,0,0,0,0.0131248,0.00138318,0.0298579,0.0118766,2,1.75578,1.20968,0,0.344544,0.487027,3.7308e-15,0,0,0,0,0,0,0,0,0,0,0,0,0.855775,1.20968,0,0,0,0,0,0,0,0,0,0,0,0,2,0.855775,1.20968,0,1,2,0,0,0,0,0,1.2919,-0.1604,2.4433,0,0,0,0,0,0,0,-0,0,1.46526,0,0,0,0,0,0,0,0,0,0,0,0,0,0,0,0,0,0,0,0,0,0,0,0,0,0,0,0,0,0,0,0,0
31.55,-0.00836905,-0.00301433,1.435e-05,0,0,0,3.04399,2.01436,-2.36303,-0.00276663,-0.000819246,0.0013354,0.00072246,0.000143508,-0.00196839,3,2,3.92699,0,0,0,0,0,0,0,0,0,0,0,2,3,2,3.92699,0,0,0,0,0,0,0,0,0,0,1.5708,1.5708,0,1.5708,1.5708,0,0.00142347,-0.0060624,0.000284085,0,0,0,1.7988,1.24202,-0.0106085,-0.00552106,-0.00204995,0.00142805,0.0009051,0.000582128,0.00399534,1.75578,1.20968,0,0,0,0,0,0,0,0,0.00774188,0.00243735,0.0232997,0.018056,2,1.75578,1.20968,0,0.344544,0.487027,3.7308e-15,0,0,0,0,0,0,0,0,0,0,0,0,0.855775,1.20968,0,0,0,0,0,0,0,0,0,0,0,0,2,0.855775,1.20968,0,1,2,0,0,0,0,0,1.2017,-0.2517,2.3524,0,0,0,0,0,0,0,-0,0,1.46526,0,0,0,0,0,0,0,0,0,0,0,0,0,0,0,0,0,0,0,0,0,0,0,0,0,0,0,0,0,0,0,0,0
31.6,-0.0085573,-0.00250156,0.000188284,0,0,0,3.04372,2.01426,-2.36294,-0.00267892,-0.000959722,0.000889533,0.000784052,-0.000718401,-0.00341313,3,2,3.92699,0,0,0,0,0,0,0,0,0,0,0,2,3,2,3.92699,0,0,0,0,0,0,0,0,0,0,1.5708,1.5708,0,1.5708,1.5708,0,0.00105552,-0.00593744,0.000786032,0,0,0,1.79827,1.24182,-0.0105894,-0.00534929,-0.0020623,0.000190672,0.00116154,0.000274081,-0.0018787,1.75578,1.20968,0,0,0,0,0,0,0,0,0.00774188,0.00243735,0.0232997,0.018056,2,1.75578,1.20968,0,0.344544,0.487027,3.7308e-15,0,0,0,0,0,0,0,0,0,0,0,0,0.855775,1.20968,0,0,0,0,0,0,0,0,0,0,0,0,2,0.855775,1.20968,0,1,2,0,0,0,0,0,1.2017,-0.2517,2.3524,0,0,0,0,0,0,0,-0,0,1.46554,0,0,0,0,0,0,0,0,0,0,0,0,0,0,0,0,0,0,0,0,0,0,0,0,0,0,0,0,0,0,0,0,0
31.65,-0.0085573,-0.00250156,0.000188284,0,0,0,3.04372,2.01426,-2.36294,-0.00267892,-0.000959722,0.000889533,0.000784052,-0.000718401,-0.00341313,3,2,3.92699,0,0,0,0,0,0,0,0,0,0,0,2,3,2,3.92699,0,0,0,0,0,0,0,0,0,0,1.5708,1.5708,0,1.5708,1.5708,0,0.00105552,-0.00593744,0.000786032,0,0,0,1.79827,1.24182,-0.0105894,-0.00534929,-0.0020623,0.000190672,0.00116154,0.000274081,-0.0018787,1.75578,1.20968,0,0,0,0,0.0064751,0,0,0,0.0129642,0.00127779,0.0293688,0.0111849,2,1.75578,1.20968,0,0.344544,0.487027,3.7308e-15,0,0,0,0,0,0,0,0,0,0,0,0,0.855775,1.20968,0,0,0,0,0,0,0,0,0,0,0,0,2,0.855775,1.20968,0,1,2,0,0,0,0,0,1.2017,-0.2517,2.3524,0,0,0,0,0,0,0,-0,0,1.46554,0,0,0,0,0,0,0,0,0,0,0,0,0,0,0,0,0,0,0,0,0,0,0,0,0,0,0,0,0,0,0,0,0
31.7,-0.00776973,-0.00143468,-0.000310884,0,0,0,3.04343,2.01413,-2.36273,-0.00287792,-0.00126077,0.00207627,-0.000317876,-0.00175164,0.00249764,3,2,3.92699,0,0,0,0,0,0,0,0,0,0,0,2,3,2,3.92699,0,0,0,0,0,0,0,0,0,0,1.5708,1.5708,0,1.5708,1.5708,0,0.000726211,-0.00631454,0.000438198,0,0,0,1.79775,1.24162,-0.0104869,-0.00519074,-0.00192837,0.00102495,0.00136204,0.000656623,0.00141048,1.75578,1.20968,0,0,0,0,0.0064751,0,0,0,0.0129642,0.00127779,0.0293688,0.0111849,2,1.75578,1.20968,0,0.344544,0.487027,3.7308e-15,0,0,0,0,0,0,0,0,0,0,0,0,0.855775,1.20968,0,0,0,0,0,0,0,0,0,0,0,0,2,0.855775,1.20968,0,1,2,0,0,0,0,0,1.2017,-0.2517,2.3524,0,0,0,0,0,0,0,-0,0,1.46578,0,0,0,0,0,0,0,0,0,0,0,0,0,0,0,0,0,0,0,0,0,0,0,0,0,0,0,0,0,0,0,0,0
31.75,-0.00776973,-0.00143468,-0.000310884,0,0,0,3.04343,2.01413,-2.36273,-0.00287792,-0.00126077,0.00207627,-0.000317876,-0.00175164,0.00249764,3,2,3.92699,0,0,0,0,0,0,0,0,0,0,0,2,3,2,3.92699,0,0,0,0,0,0,0,0,0,0,1.5708,1.5708,0,1.5708,1.5708,0,0.000726211,-0.00631454,0.000438198,0,0,0,1.79775,1.24162,-0.0104869,-0.00519074,-0.00192837,0.00102495,0.00136204,0.000656623,0.00141048,1.75578,1.20968,0,0,0,0,0.0025381,0,0,0,0.00715442,0.000901291,0.0261028,0.0170357,2,1.75578,1.20968,0,0.344544,0.487027,3.7308e-15,0,0,0,0,0,0,0,0,0,0,0,0,0.855775,1.20968,0,0,0,0,0,0,0,0,0,0,0,0,2,0.855775,1.20968,0,1,2,0,0,0,0,0,1.1532,-0.3012,2.3033,0,0,0,0,0,0,0,-0,0,1.46578,0,0,0,0,0,0,0,0,0,0,0,0,0,0,0,0,0,0,0,0,0,0,0,0,0,0,0,0,0,0,0,0,0
31.8,-0.00789232,-0.00213722,1.68644e-05,0,0,0,3.04315,2.01403,-2.36261,-0.00280812,-0.00104022,0.00124477,-5.81225e-05,-0.000309149,-0.00102459,3,2,3.92699,0,0,0,0,0,0,0,0,0,0,0,2,3,2,3.92699,0,0,0,0,0,0,0,0,0,0,1.5708,1.5708,0,1.5708,1.5708,0,0.000635273,-0.00656175,0.000463647,0,0,0,1.79724,1.24144,-0.0103926,-0.00510346,-0.00183383,0.000943497,0.00119931,0.000825909,0.000965723,1.75578,1.20968,0,0,0,0,0.0025381,0,0,0,0.00715442,0.000901291,0.0261028,0.0170357,2,1.75578,1.20968,0,0.344544,0.487027,3.7308e-15,0,0,0,0,0,0,0,0,0,0,0,0,0.855775,1.20968,0,0,0,0,0,0,0,0,0,0,0,0,2,0.855775,1.20968,0,1,2,0,0,0,0,0,1.1532,-0.3012,2.3033,0,0,0,0,0,0,0,-0,0,1.46601,0,0,0,0,0,0,0,0,0,0,0,0,0,0,0,0,0,0,0,0,0,0,0,0,0,0,0,0,0,0,0,0,0
31.85,-0.00789232,-0.00213722,1.68644e-05,0,0,0,3.04315,2.01403,-2.36261,-0.00280812,-0.00104022,0.00124477,-5.81225e-05,-0.000309149,-0.00102459,3,2,3.92699,0,0,0,0,0,0,0,0,0,0,0,2,3,2,3.92699,0,0,0,0,0,0,0,0,0,0,1.5708,1.5708,0,1.5708,1.5708,0,0.000635273,-0.00656175,0.000463647,0,0,0,1.79724,1.24144,-0.0103926,-0.00510346,-0.00183383,0.000943497,0.00119931,0.000825909,0.000965723,1.75578,1.20968,0,0,0,0,0.00309765,0,0,0,0.00719079,0.000798037,0.0272306,0.0176061,2,1.75578,1.20968,0,0.344544,0.487027,3.7308e-15,0,0,0,0,0,0,0,0,0,0,0,0,0.855775,1.20968,0,0,0,0,0,0,0,0,0,0,0,0,2,0.855775,1.20968,0,1,2,0,0,0,0,0,1.1532,-0.3012,2.3033,0,0,0,0,0,0,0,-0,0,1.46601,0,0,0,0,0,0,0,0,0,0,0,0,0,0,0,0,0,0,0,0,0,0,0,0,0,0,0,0,0,0,0,0,0
31.9,-0.00756355,-0.000565499,-1.00222e-05,0,0,0,3.04286,2.01388,-2.36248,-0.00287128,-0.00148813,0.00128516,-0.000253899,-0.00178082,-0.000929609,3,2,3.92699,0,0,0,0,0,0,0,0,0,0,0,2,3,2,3.92699,0,0,0,0,0,0,0,0,0,0,1.5708,1.5708,0,1.5708,1.5708,0,0.000532532,-0.00588467,0.00067245,0,0,0,1.79674,1.24124,-0.0103504,-0.00501375,-0.00200941,0.000421898,0.00105328,-0.00018393,-0.00156389,1.75578,1.20968,0,0,0,0,0.00309765,0,0,0,0.00719079,0.000798037,0.0272306,0.0176061,2,1.75578,1.20968,0,0.344544,0.487027,3.7308e-15,0,0,0,0,0,0,0,0,0,0,0,0,0.855775,1.20968,0,0,0,0,0,0,0,0,0,0,0,0,2,0.855775,1.20968,0,1,2,0,0,0,0,0,1.1532,-0.3012,2.3033,0,0,0,0,0,0,0,-0,0,1.46622,0,0,0,0,0,0,0,0,0,0,0,0,0,0,0,0,0,0,0,0,0,0,0,0,0,0,0,0,0,0,0,0,0
31.95,-0.00756355,-0.000565499,-1.00222e-05,0,0,0,3.04286,2.01388,-2.36248,-0.00287128,-0.00148813,0.00128516,-0.000253899,-0.00178082,-0.000929609,3,2,3.92699,0,0,0,0,0,0,0,0,0,0,0,2,3,2,3.92699,0,0,0,0,0,0,0,0,0,0,1.5708,1.5708,0,1.5708,1.5708,0,0.000532532,-0.00588467,0.00067245,0,0,0,1.79674,1.24124,-0.0103504,-0.00501375,-0.00200941,0.000421898,0.00105328,-0.00018393,-0.00156389,1.75578,1.20968,0,0,0,0,0.00642946,0,0,0,0.00985427,0.000672032,0.0277289,0.0124968,2,1.75578,1.20968,0,0.344544,0.487027,3.7308e-15,0,0,0,0,0,0,0,0,0,0,0,0,0.855775,1.20968,0,0,0,0,0,0,0,0,0,0,0,0,2,0.855775,1.20968,0,1,2,0,0,0,0,0,1.2866,-0.1687,2.4363,0,0,0,0,0,0,0,-0,0,1.46622,0,0,0,0,0,0,0,0,0,0,0,0,0,0,0,0,0,0,0,0,0,0,0,0,0,0,0,0,0,0,0,0,0
32,-0.00833034,-0.00210611,7.8262e-05,0,0,0,3.0426,2.01378,-2.36238,-0.00261294,-0.00101954,0.00104691,0.000854388,0.0006043,-0.00149783,3,2,3.92699,0,0,0,0,0,0,0,0,0,0,0,2,3,2,3.92699,0,0,0,0,0,0,0,0,0,0,1.5708,1.5708,0,1.5708,1.5708,0,0.000141734,-0.00672965,-0.000123469,0,0,0,1.79625,1.24106,-0.0101173,-0.00484127,-0.00173993,0.00233119,0.0013039,0.000830378,0.00634704,1.75578,1.20968,0,0,0,0,0.00642946,0,0,0,0.00985427,0.000672032,0.0277289,0.0124968,2,1.75578,1.20968,0,0.344544,0.487027,3.7308e-15,0,0,0,0,0,0,0,0,0,0,0,0,0.855775,1.20968,0,0,0,0,0,0,0,0,0,0,0,0,2,0.855775,1.20968,0,1,2,0,0,0,0,0,1.2866,-0.1687,2.4363,0,0,0,0,0,0,0,-0,0,1.46645,0,0,0,0,0,0,0,0,0,0,0,0,0,0,0,0,0,0,0,0,0,0,0,0,0,0,0,0,0,0,0,0,0
32.05,-0.00833034,-0.00210611,7.8262e-05,0,0,0,3.0426,2.01378,-2.36238,-0.00261294,-0.00101954,0.00104691,0.000854388,0.0006043,-0.00149783,3,2,3.92699,0,0,0,0,0,0,0,0,0,0,0,2,3,2,3.92699,0,0,0,0,0,0,0,0,0,0,1.5708,1.5708,0,1.5708,1.5708,0,0.000141734,-0.00672965,-0.000123469,0,0,0,1.79625,1.24106,-0.0101173,-0.00484127,-0.00173993,0.00233119,0.0013039,0.000830378,0.00634704,1.75578,1.20968,0,0,0,0,0,0.00222845,0,0,0.000254413,0.0034316,0.0201953,0.0257945,2,1.75578,1.20968,0,0.344544,0.487027,3.7308e-15,0,0,0,0,0,0,0,0,0,0,0,0,0.855775,1.20968,0,0,0,0,0,0,0,0,0,0,0,0,2,0.855775,1.20968,0,1,2,0,0,0,0,0,1.2866,-0.1687,2.4363,0,0,0,0,0,0,0,-0,0,1.46645,0,0,0,0,0,0,0,0,0,0,0,0,0,0,0,0,0,0,0,0,0,0,0,0,0,0,0,0,0,0,0,0,0
32.1,-0.00849433,-0.00202846,-5.36879e-05,0,0,0,3.04235,2.01368,-2.36224,-0.00253413,-0.00103025,0.00134466,0.000976384,0.000642267,0.000214041,3,2,3.92699,0,0,0,0,0,0,0,0,0,0,0,2,3,2,3.92699,0,0,0,0,0,0,0,0,0,0,1.5708,1.5708,0,1.5708,1.5708,0,0.000323906,-0.00614112,0.00058063,0,0,0,1.79577,1.24087,-0.0100584,-0.00483756,-0.00189084,0.000589032,0.000828801,3.18701e-05,-0.00207793,1.75578,1.20968,0,0,0,0,0,0.00222845,0,0,0.000254413,0.0034316,0.0201953,0.0257945,2,1.75578,1.20968,0,0.344544,0.487027,3.7308e-15,0,0,0,0,0,0,0,0,0,0,0,0,0.855775,1.20968,0,0,0,0,0,0,0,0,0,0,0,0,2,0.855775,1.20968,0,1,2,0,0,0,0,0,1.2866,-0.1687,2.4363,0,0,0,0,0,0,0,-0,0,1.46669,0,0,0,0,0,0,0,0,0,0,0,0,0,0,0,0,0,0,0,0,0,0,0,0,0,0,0,0,0,0,0,0,0
32.15,-0.00849433,-0.00202846,-5.36879e-05,0,0,0,3.04235,2.01368,-2.36224,-0.00253413,-0.00103025,0.00134466,0.000976384,0.000642267,0.000214041,3,2,3.92699,0,0,0,0,0,0,0,0,0,0,0,2,3,2,3.92699,0,0,0,0,0,0,0,0,0,0,1.5708,1.5708,0,1.5708,1.5708,0,0.000323906,-0.00614112,0.00058063,0,0,0,1.79577,1.24087,-0.0100584,-0.00483756,-0.00189084,0.000589032,0.000828801,3.18701e-05,-0.00207793,1.75578,1.20968,0,0,0,0,0.0057103,0,0,0,0.00792801,0.000431802,0.0273736,0.014616,2,1.75578,1.20968,0,0.344544,0.487027,3.7308e-15,0,0,0,0,0,0,0,0,0,0,0,0,0.855775,1.20968,0,0,0,0,0,0,0,0,0,0,0,0,2,0.855775,1.20968,0,1,2,0,0,0,0,0,1.2028,-0.2534,2.3522,0,0,0,0,0,0,0,-0,0,1.46669,0,0,0,0,0,0,0,0,0,0,0,0,0,0,0,0,0,0,0,0,0,0,0,0,0,0,0,0,0,0,0,0,0
32.2,-0.00868532,-0.00188325,-8.23561e-05,0,0,0,3.0421,2.01357,-2.3621,-0.00244834,-0.00106062,0.00138738,0.000945998,0.000269599,0.000530743,3,2,3.92699,0,0,0,0,0,0,0,0,0,0,0,2,3,2,3.92699,0,0,0,0,0,0,0,0,0,0,1.5708,1.5708,0,1.5708,1.5708,0,-0.000251039,-0.00661943,0.000198046,0,0,0,1.79531,1.2407,-0.00990846,-0.00461352,-0.00172946,0.0014992,0.00132933,0.000556176,0.0012486,1.75578,1.20968,0,0,0,0,0.0057103,0,0,0,0.00792801,0.000431802,0.0273736,0.014616,2,1.75578,1.20968,0,0.344544,0.487027,3.7308e-15,0,0,0,0,0,0,0,0,0,0,0,0,0.855775,1.20968,0,0,0,0,0,0,0,0,0,0,0,0,2,0.855775,1.20968,0,1,2,0,0,0,0,0,1.2028,-0.2534,2.3522,0,0,0,0,0,0,0,-0,0,1.46691,0,0,0,0,0,0,0,0,0,0,0,0,0,0,0,0,0,0,0,0,0,0,0,0,0,0,0,0,0,0,0,0,0
32.25,-0.00868532,-0.00188325,-8.23561e-05,0,0,0,3.0421,2.01357,-2.3621,-0.00244834,-0.00106062,0.00138738,0.000945998,0.000269599,0.000530743,3,2,3.92699,0,0,0,0,0,0,0,0,0,0,0,2,3,2,3.92699,0,0,0,0,0,0,0,0,0,0,1.5708,1.5708,0,1.5708,1.5708,0,-0.000251039,-0.00661943,0.000198046,0,0,0,1.79531,1.2407,-0.00990846,-0.00461352,-0.00172946,0.0014992,0.00132933,0.000556176,0.0012486,1.75578,1.20968,0,0,0,0,0.00200818,0.000153223,0,0,0.00086797,0,0.0239854,0.0212942,2,1.75578,1.20968,0,0.344544,0.487027,3.7308e-15,0,0,0,0,0,0,0,0,0,0,0,0,0.855775,1.20968,0,0,0,0,0,0,0,0,0,0,0,0,2,0.855775,1.20968,0,1,2,0,0,0,0,0,1.2028,-0.2534,2.3522,0,0,0,0,0,0,0,-0,0,1.46691,0,0,0,0,0,0,0,0,0,0,0,0,0,0,0,0,0,0,0,0,0,0,0,0,0,0,0,0,0,0,0,0,0
32.3,-0.00910062,-0.00139292,2.37459e-05,0,0,0,3.04187,2.01345,-2.36199,-0.0022979,-0.00119168,0.00110414,0.00116678,-0.000411461,-0.000771176,3,2,3.92699,0,0,0,0,0,0,0,0,0,0,0,2,3,2,3.92699,0,0,0,0,0,0,0,0,0,0,1.5708,1.5708,0,1.5708,1.5708,0,-0.00019754,-0.00659362,-0.000158744,0,0,0,1.79485,1.24053,-0.00967558,-0.00457504,-0.00171671,0.00232935,0.00102302,0.000457108,0.00451578,1.75578,1.20968,0,0,0,0,0.00200818,0.000153223,0,0,0.00086797,0,0.0239854,0.0212942,2,1.75578,1.20968,0,0.344544,0.487027,3.7308e-15,0,0,0,0,0,0,0,0,0,0,0,0,0.855775,1.20968,0,0,0,0,0,0,0,0,0,0,0,0,2,0.855775,1.20968,0,1,2,0,0,0,0,0,1.2028,-0.2534,2.3522,0,0,0,0,0,0,0,-0,0,1.46713,0,0,0,0,0,0,0,0,0,0,0,0,0,0,0,0,0,0,0,0,0,0,0,0,0,0,0,0,0,0,0,0,0
32.35,-0.00910062,-0.00139292,2.37459e-05,0,0,0,3.04187,2.01345,-2.36199,-0.0022979,-0.00119168,0.00110414,0.00116678,-0.000411461,-0.000771176,3,2,3.92699,0,0,0,0,0,0,0,0,0,0,0,2,3,2,3.92699,0,0,0,0,0,0,0,0,0,0,1.5708,1.5708,0,1.5708,1.5708,0,-0.00019754,-0.00659362,-0.000158744,0,0,0,1.79485,1.24053,-0.00967558,-0.00457504,-0.00171671,0.00232935,0.00102302,0.000457108,0.00451578,1.75578,1.20968,0,0,0,0,4.24676e-05,0.00371669,0,0,0,0.00283873,0.0192981,0.0257831,2,1.75578,1.20968,0,0.344544,0.487027,3.7308e-15,0,0,0,0,0,0,0,0,0,0,0,0,0.855775,1.20968,0,0,0,0,0,0,0,0,0,0,0,0,2,0.855775,1.20968,0,1,2,0,0,0,0,0,1.2031,-0.2541,2.3523,0,0,0,0,0,0,0,-0,0,1.46713,0,0,0,0,0,0,0,0,0,0,0,0,0,0,0,0,0,0,0,0,0,0,0,0,0,0,0,0,0,0,0,0,0
32.4,-0.00938453,-0.00257143,-3.65803e-05,0,0,0,3.04165,2.01337,-2.36187,-0.00218769,-0.000832594,0.00122796,0.00116914,0.00109473,-0.00014363,3,2,3.92699,0,0,0,0,0,0,0,0,0,0,0,2,3,2,3.92699,0,0,0,0,0,0,0,0,0,0,1.5708,1.5708,0,1.5708,1.5708,0,-0.000355353,-0.00644566,0.000228411,0,0,0,1.7944,1.24036,-0.00954051,-0.0044755,-0.00173966,0.00135083,0.000967235,0.000168119,-0.000754601,1.75578,1.20968,0,0,0,0,4.24676e-05,0.00371669,0,0,0,0.00283873,0.0192981,0.0257831,2,1.75578,1.20968,0,0.344544,0.487027,3.7308e-15,0,0,0,0,0,0,0,0,0,0,0,0,0.855775,1.20968,0,0,0,0,0,0,0,0,0,0,0,0,2,0.855775,1.20968,0,1,2,0,0,0,0,0,1.2031,-0.2541,2.3523,0,0,0,0,0,0,0,-0,0,1.46737,0,0,0,0,0,0,0,0,0,0,0,0,0,0,0,0,0,0,0,0,0,0,0,0,0,0,0,0,0,0,0,0,0
32.45,-0.00938453,-0.00257143,-3.65803e-05,0,0,0,3.04165,2.01337,-2.36187,-0.00218769,-0.000832594,0.00122796,0.00116914,0.00109473,-0.00014363,3,2,3.92699,0,0,0,0,0,0,0,0,0,0,0,2,3,2,3.92699,0,0,0,0,0,0,0,0,0,0,1.5708,1.5708,0,1.5708,1.5708,0,-0.000355353,-0.00644566,0.000228411,0,0,0,1.7944,1.24036,-0.00954051,-0.0044755,-0.00173966,0.00135083,0.000967235,0.000168119,-0.000754601,1.75578,1.20968,0,0,0,0,0.00277958,0.000263618,0,0,0.000990727,0,0.0238135,0.020286,2,1.75578,1.20968,0,0.344544,0.487027,3.7308e-15,0,0,0,0,0,0,0,0,0,0,0,0,0.855775,1.20968,0,0,0,0,0,0,0,0,0,0,0,0,2,0.855775,1.20968,0,1,2,0,0,0,0,0,1.2031,-0.2541,2.3523,0,0,0,0,0,0,0,-0,0,1.46737,0,0,0,0,0,0,0,0,0,0,0,0,0,0,0,0,0,0,0,0,0,0,0,0,0,0,0,0,0,0,0,0,0
32.5,-0.00956339,-0.00149969,-0.000120709,0,0,0,3.04144,2.01325,-2.36173,-0.00210955,-0.00113657,0.00140678,0.00101503,-0.000353145,0.000712995,3,2,3.92699,0,0,0,0,0,0,0,0,0,0,0,2,3,2,3.92699,0,0,0,0,0,0,0,0,0,0,1.5708,1.5708,0,1.5708,1.5708,0,-0.000527642,-0.0071726,1.16492e-05,0,0,0,1.79397,1.24021,-0.00935587,-0.00437291,-0.00150769,0.00184652,0.000983979,0.00098902,0.000813741,1.75578,1.20968,0,0,0,0,0.00277958,0.000263618,0,0,0.000990727,0,0.0238135,0.020286,2,1.75578,1.20968,0,0.344544,0.487027,3.7308e-15,0,0,0,0,0,0,0,0,0,0,0,0,0.855775,1.20968,0,0,0,0,0,0,0,0,0,0,0,0,2,0.855775,1.20968,0,1,2,0,0,0,0,0,1.2031,-0.2541,2.3523,0,0,0,0,0,0,0,-0,0,1.46759,0,0,0,0,0,0,0,0,0,0,0,0,0,0,0,0,0,0,0,0,0,0,0,0,0,0,0,0,0,0,0,0,0
32.55,-0.00956339,-0.00149969,-0.000120709,0,0,0,3.04144,2.01325,-2.36173,-0.00210955,-0.00113657,0.00140678,0.00101503,-0.000353145,0.000712995,3,2,3.92699,0,0,0,0,0,0,0,0,0,0,0,2,3,2,3.92699,0,0,0,0,0,0,0,0,0,0,1.5708,1.5708,0,1.5708,1.5708,0,-0.000527642,-0.0071726,1.16492e-05,0,0,0,1.79397,1.24021,-0.00935587,-0.00437291,-0.00150769,0.00184652,0.000983979,0.00098902,0.000813741,1.75578,1.20968,0,0,0,0,0.000569757,0.00261155,0,0,0,0,0.0233669,0.0257017,2,1.75578,1.20968,0,0.344544,0.487027,3.7308e-15,0,0,0,0,0,0,0,0,0,0,0,0,0.855775,1.20968,0,0,0,0,0,0,0,0,0,0,0,0,2,0.855775,1.20968,0,1,2,0,0,0,0,0,1.2663,-0.1918,2.4152,0,0,0,0,0,0,0,-0,0,1.46759,0,0,0,0,0,0,0,0,0,0,0,0,0,0,0,0,0,0,0,0,0,0,0,0,0,0,0,0,0,0,0,0,0
32.6,-0.00956339,-0.00149969,-0.000120709,0,0,0,3.04144,2.01325,-2.36173,-0.00210955,-0.00113657,0.00140678,0.00101503,-0.000353145,0.000712995,3,2,3.92699,0,0,0,0,0,0,0,0,0,0,0,2,3,2,3.92699,0,0,0,0,0,0,0,0,0,0,1.5708,1.5708,0,1.5708,1.5708,0,-0.000527642,-0.0071726,1.16492e-05,0,0,0,1.79397,1.24021,-0.00935587,-0.00437291,-0.00150769,0.00184652,0.000983979,0.00098902,0.000813741,1.75578,1.20968,0,0,0,0,0.000569757,0.00261155,0,0,0,0,0.0233669,0.0257017,2,1.75578,1.20968,0,0.344544,0.487027,3.7308e-15,0,0,0,0,0,0,0,0,0,0,0,0,0.855775,1.20968,0,0,0,0,0,0,0,0,0,0,0,0,2,0.855775,1.20968,0,1,2,0,0,0,0,0,1.2663,-0.1918,2.4152,0,0,0,0,0,0,0,-0,0,1.46759,0,0,0,0,0,0,0,0,0,0,0,0,0,0,0,0,0,0,0,0,0,0,0,0,0,0,0,0,0,0,0,0,0
32.65,-0.0100793,-0.00231305,4.77279e-05,0,0,0,3.04125,2.01317,-2.36163,-0.00193365,-0.000885035,0.000972775,0.00129134,0.000596965,-0.00119004,3,2,3.92699,0,0,0,0,0,0,0,0,0,0,0,2,3,2,3.92699,0,0,0,0,0,0,0,0,0,0,1.5708,1.5708,0,1.5708,1.5708,0,-0.000725677,-0.00676407,-5.01355e-05,0,0,0,1.79354,1.24004,-0.00915996,-0.00426403,-0.00160893,0.0019591,0.0010279,0.000300354,0.00115083,1.75578,1.20968,0,0,0,0,0.000569757,0.00261155,0,0,0,0,0.0233669,0.0257017,2,1.75578,1.20968,0,0.344544,0.487027,3.7308e-15,0,0,0,0,0,0,0,0,0,0,0,0,0.855775,1.20968,0,0,0,0,0,0,0,0,0,0,0,0,2,0.855775,1.20968,0,1,2,0,0,0,0,0,1.2663,-0.1918,2.4152,0,0,0,0,0,0,0,-0,0,1.46782,0,0,0,0,0,0,0,0,0,0,0,0,0,0,0,0,0,0,0,0,0,0,0,0,0,0,0,0,0,0,0,0,0
32.7,-0.0104026,-0.0013941,-5.10476e-05,0,0,0,3.04107,2.01305,-2.36151,-0.00181617,-0.00114365,0.00119194,0.00128187,-0.000546499,-9.62006e-05,3,2,3.92699,0,0,0,0,0,0,0,0,0,0,0,2,3,2,3.92699,0,0,0,0,0,0,0,0,0,0,1.5708,1.5708,0,1.5708,1.5708,0,-0.00142849,-0.00697691,8.60915e-05,0,0,0,1.79314,1.23989,-0.0090007,-0.0040095,-0.00152812,0.0015924,0.00163961,0.000409792,-0.000728426,1.75578,1.20968,0,0,0,0,0.000719507,0.00390301,0,0,0,0,0.021243,0.025041,2,1.75578,1.20968,0,0.344544,0.487027,3.7308e-15,0,0,0,0,0,0,0,0,0,0,0,0,0.855775,1.20968,0,0,0,0,0,0,0,0,0,0,0,0,2,0.855775,1.20968,0,1,2,0,0,0,0,0,1.2663,-0.1918,2.4152,0,0,0,0,0,0,0,-0,0,1.46803,0,0,0,0,0,0,0,0,0,0,0,0,0,0,0,0,0,0,0,0,0,0,0,0,0,0,0,0,0,0,0,0,0
32.75,-0.0104026,-0.0013941,-5.10476e-05,0,0,0,3.04107,2.01305,-2.36151,-0.00181617,-0.00114365,0.00119194,0.00128187,-0.000546499,-9.62006e-05,3,2,3.92699,0,0,0,0,0,0,0,0,0,0,0,2,3,2,3.92699,0,0,0,0,0,0,0,0,0,0,1.5708,1.5708,0,1.5708,1.5708,0,-0.00142849,-0.00697691,8.60915e-05,0,0,0,1.79314,1.23989,-0.0090007,-0.0040095,-0.00152812,0.0015924,0.00163961,0.000409792,-0.000728426,1.75578,1.20968,0,0,0,0,0.00444456,0.00489206,0,0,0,0,0.0236858,0.024103,2,1.75578,1.20968,0,0.344544,0.487027,3.7308e-15,0,0,0,0,0,0,0,0,0,0,0,0,0.855775,1.20968,0,0,0,0,0,0,0,0,0,0,0,0,2,0.855775,1.20968,0,1,2,0,0,0,0,0,1.2037,-0.2552,2.3525,0,0,0,0,0,0,0,-0,0,1.46803,0,0,0,0,0,0,0,0,0,0,0,0,0,0,0,0,0,0,0,0,0,0,0,0,0,0,0,0,0,0,0,0,0
32.8,-0.0105947,-0.00196413,0.00022179,0,0,0,3.04089,2.01296,-2.36146,-0.00173854,-0.00096328,0.000510293,0.00107965,0.000238482,-0.00263406,3,2,3.92699,0,0,0,0,0,0,0,0,0,0,0,2,3,2,3.92699,0,0,0,0,0,0,0,0,0,0,1.5708,1.5708,0,1.5708,1.5708,0,-0.00100736,-0.00761443,0.000134274,0,0,0,1.79273,1.23976,-0.00885622,-0.00408509,-0.00132466,0.00144503,0.000767572,0.00107473,-0.00128148,1.75578,1.20968,0,0,0,0,0.00444456,0.00489206,0,0,0,0,0.0236858,0.024103,2,1.75578,1.20968,0,0.344544,0.487027,3.7308e-15,0,0,0,0,0,0,0,0,0,0,0,0,0.855775,1.20968,0,0,0,0,0,0,0,0,0,0,0,0,2,0.855775,1.20968,0,1,2,0,0,0,0,0,1.2037,-0.2552,2.3525,0,0,0,0,0,0,0,-0,0,1.46825,0,0,0,0,0,0,0,0,0,0,0,0,0,0,0,0,0,0,0,0,0,0,0,0,0,0,0,0,0,0,0,0,0
32.85,-0.0105947,-0.00196413,0.00022179,0,0,0,3.04089,2.01296,-2.36146,-0.00173854,-0.00096328,0.000510293,0.00107965,0.000238482,-0.00263406,3,2,3.92699,0,0,0,0,0,0,0,0,0,0,0,2,3,2,3.92699,0,0,0,0,0,0,0,0,0,0,1.5708,1.5708,0,1.5708,1.5708,0,-0.00100736,-0.00761443,0.000134274,0,0,0,1.79273,1.23976,-0.00885622,-0.00408509,-0.00132466,0.00144503,0.000767572,0.00107473,-0.00128148,1.75578,1.20968,0,0,0,0,0.00354864,0.00288,0,0,0,0,0.0263752,0.0257476,2,1.75578,1.20968,0,0.344544,0.487027,3.7308e-15,0,0,0,0,0,0,0,0,0,0,0,0,0.855775,1.20968,0,0,0,0,0,0,0,0,0,0,0,0,2,0.855775,1.20968,0,1,2,0,0,0,0,0,1.2037,-0.2552,2.3525,0,0,0,0,0,0,0,-0,0,1.46825,0,0,0,0,0,0,0,0,0,0,0,0,0,0,0,0,0,0,0,0,0,0,0,0,0,0,0,0,0,0,0,0,0
32.9,-0.0107583,-0.00164605,-0.000281505,0,0,0,3.04073,2.01285,-2.36129,-0.00167014,-0.00104506,0.00171445,0.000893539,-7.77243e-05,0.00288659,3,2,3.92699,0,0,0,0,0,0,0,0,0,0,0,2,3,2,3.92699,0,0,0,0,0,0,0,0,0,0,1.5708,1.5708,0,1.5708,1.5708,0,-0.00257138,-0.00691525,0.000325938,0,0,0,1.79237,1.23961,-0.00876075,-0.00358201,-0.00151265,0.000954869,0.00235139,-1.63598e-05,-0.00280223,1.75578,1.20968,0,0,0,0,0.00354864,0.00288,0,0,0,0,0.0263752,0.0257476,2,1.75578,1.20968,0,0.344544,0.487027,3.7308e-15,0,0,0,0,0,0,0,0,0,0,0,0,0.855775,1.20968,0,0,0,0,0,0,0,0,0,0,0,0,2,0.855775,1.20968,0,1,2,0,0,0,0,0,1.2037,-0.2552,2.3525,0,0,0,0,0,0,0,-0,0,1.46843,0,0,0,0,0,0,0,0,0,0,0,0,0,0,0,0,0,0,0,0,0,0,0,0,0,0,0,0,0,0,0,0,0
32.95,-0.0107583,-0.00164605,-0.000281505,0,0,0,3.04073,2.01285,-2.36129,-0.00167014,-0.00104506,0.00171445,0.000893539,-7.77243e-05,0.00288659,3,2,3.92699,0,0,0,0,0,0,0,0,0,0,0,2,3,2,3.92699,0,0,0,0,0,0,0,0,0,0,1.5708,1.5708,0,1.5708,1.5708,0,-0.00257138,-0.00691525,0.000325938,0,0,0,1.79237,1.23961,-0.00876075,-0.00358201,-0.00151265,0.000954869,0.00235139,-1.63598e-05,-0.00280223,1.75578,1.20968,0,0,0,0,0.0116274,0.00555454,0,0,0,0,0.026565,0.0208801,2,1.75578,1.20968,0,0.344544,0.487027,3.7308e-15,0,0,0,0,0,0,0,0,0,0,0,0,0.855775,1.20968,0,0,0,0,0,0,0,0,0,0,0,0,2,0.855775,1.20968,0,1,2,0,0,0,0,0,1.204,-0.2558,2.3525,0,0,0,0,0,0,0,-0,0,1.46843,0,0,0,0,0,0,0,0,0,0,0,0,0,0,0,0,0,0,0,0,0,0,0,0,0,0,0,0,0,0,0,0,0
33,-0.0110422,-0.00167956,-0.000169863,0,0,0,3.04057,2.01275,-2.36115,-0.00156735,-0.00102293,0.00141141,0.00092177,-1.22986e-06,0.00127001,3,2,3.92699,0,0,0,0,0,0,0,0,0,0,0,2,3,2,3.92699,0,0,0,0,0,0,0,0,0,0,1.5708,1.5708,0,1.5708,1.5708,0,-0.000986319,-0.00724517,-0.000509226,0,0,0,1.79197,1.23947,-0.00846592,-0.00400138,-0.0013989,0.00294823,-5.00222e-05,0.000296738,0.00607672,1.75578,1.20968,0,0,0,0,0.0116274,0.00555454,0,0,0,0,0.026565,0.0208801,2,1.75578,1.20968,0,0.344544,0.487027,3.7308e-15,0,0,0,0,0,0,0,0,0,0,0,0,0.855775,1.20968,0,0,0,0,0,0,0,0,0,0,0,0,2,0.855775,1.20968,0,1,2,0,0,0,0,0,1.204,-0.2558,2.3525,0,0,0,0,0,0,0,-0,0,1.46866,0,0,0,0,0,0,0,0,0,0,0,0,0,0,0,0,0,0,0,0,0,0,0,0,0,0,0,0,0,0,0,0,0
33.05,-0.0110422,-0.00167956,-0.000169863,0,0,0,3.04057,2.01275,-2.36115,-0.00156735,-0.00102293,0.00141141,0.00092177,-1.22986e-06,0.00127001,3,2,3.92699,0,0,0,0,0,0,0,0,0,0,0,2,3,2,3.92699,0,0,0,0,0,0,0,0,0,0,1.5708,1.5708,0,1.5708,1.5708,0,-0.000986319,-0.00724517,-0.000509226,0,0,0,1.79197,1.23947,-0.00846592,-0.00400138,-0.0013989,0.00294823,-5.00222e-05,0.000296738,0.00607672,1.75578,1.20968,0,0,0,0,0.000777386,0.0108269,0,0,0,0.00516466,0.0168709,0.0326905,2,1.75578,1.20968,0,0.344544,0.487027,3.7308e-15,0,0,0,0,0,0,0,0,0,0,0,0,0.855775,1.20968,0,0,0,0,0,0,0,0,0,0,0,0,2,0.855775,1.20968,0,1,2,0,0,0,0,0,1.204,-0.2558,2.3525,0,0,0,0,0,0,0,-0,0,1.46866,0,0,0,0,0,0,0,0,0,0,0,0,0,0,0,0,0,0,0,0,0,0,0,0,0,0,0,0,0,0,0,0,0
33.1,-0.0113265,-0.00205776,0.00014857,0,0,0,3.04042,2.01266,-2.36109,-0.00146564,-0.000900148,0.000615455,0.000965258,0.000501154,-0.00263766,3,2,3.92699,0,0,0,0,0,0,0,0,0,0,0,2,3,2,3.92699,0,0,0,0,0,0,0,0,0,0,1.5708,1.5708,0,1.5708,1.5708,0,-0.00188333,-0.00755961,-0.000541542,0,0,0,1.7916,1.23934,-0.00816926,-0.00369343,-0.00129099,0.00296819,0.000879158,0.00065308,0.00492819,1.75578,1.20968,0,0,0,0,0.000777386,0.0108269,0,0,0,0.00516466,0.0168709,0.0326905,2,1.75578,1.20968,0,0.344544,0.487027,3.7308e-15,0,0,0,0,0,0,0,0,0,0,0,0,0.855775,1.20968,0,0,0,0,0,0,0,0,0,0,0,0,2,0.855775,1.20968,0,1,2,0,0,0,0,0,1.204,-0.2558,2.3525,0,0,0,0,0,0,0,-0,0,1.46887,0,0,0,0,0,0,0,0,0,0,0,0,0,0,0,0,0,0,0,0,0,0,0,0,0,0,0,0,0,0,0,0,0
33.15,-0.0113265,-0.00205776,0.00014857,0,0,0,3.04042,2.01266,-2.36109,-0.00146564,-0.000900148,0.000615455,0.000965258,0.000501154,-0.00263766,3,2,3.92699,0,0,0,0,0,0,0,0,0,0,0,2,3,2,3.92699,0,0,0,0,0,0,0,0,0,0,1.5708,1.5708,0,1.5708,1.5708,0,-0.00188333,-0.00755961,-0.000541542,0,0,0,1.7916,1.23934,-0.00816926,-0.00369343,-0.00129099,0.00296819,0.000879158,0.00065308,0.00492819,1.75578,1.20968,0,0,0,0,0.00179317,0.0139815,0,0,0,0.00304934,0.0174545,0.0343022,2,1.75578,1.20968,0,0.344544,0.487027,3.7308e-15,0,0,0,0,0,0,0,0,0,0,0,0,0.855775,1.20968,0,0,0,0,0,0,0,0,0,0,0,0,2,0.855775,1.20968,0,1,2,0,0,0,0,0,1.1328,-0.3279,2.2814,0,0,0,0,0,0,0,-0,0,1.46887,0,0,0,0,0,0,0,0,0,0,0,0,0,0,0,0,0,0,0,0,0,0,0,0,0,0,0,0,0,0,0,0,0
33.2,-0.0110788,-0.00349925,-0.000302961,0,0,0,3.04027,2.01261,-2.36092,-0.0015209,-0.000467498,0.00169266,0.0003624,0.00209629,0.00219249,3,2,3.92699,0,0,0,0,0,0,0,0,0,0,0,2,3,2,3.92699,0,0,0,0,0,0,0,0,0,0,1.5708,1.5708,0,1.5708,1.5708,0,-0.00360444,-0.00796747,-0.000206313,0,0,0,1.79129,1.23922,-0.00795903,-0.0031492,-0.00115715,0.00210222,0.00282239,0.00097313,-0.000651694,1.75578,1.20968,0,0,0,0,0.00179317,0.0139815,0,0,0,0.00304934,0.0174545,0.0343022,2,1.75578,1.20968,0,0.344544,0.487027,3.7308e-15,0,0,0,0,0,0,0,0,0,0,0,0,0.855775,1.20968,0,0,0,0,0,0,0,0,0,0,0,0,2,0.855775,1.20968,0,1,2,0,0,0,0,0,1.1328,-0.3279,2.2814,0,0,0,0,0,0,0,-0,0,1.46905,0,0,0,0,0,0,0,0,0,0,0,0,0,0,0,0,0,0,0,0,0,0,0,0,0,0,0,0,0,0,0,0,0
33.25,-0.0110788,-0.00349925,-0.000302961,0,0,0,3.04027,2.01261,-2.36092,-0.0015209,-0.000467498,0.00169266,0.0003624,0.00209629,0.00219249,3,2,3.92699,0,0,0,0,0,0,0,0,0,0,0,2,3,2,3.92699,0,0,0,0,0,0,0,0,0,0,1.5708,1.5708,0,1.5708,1.5708,0,-0.00360444,-0.00796747,-0.000206313,0,0,0,1.79129,1.23922,-0.00795903,-0.0031492,-0.00115715,0.00210222,0.00282239,0.00097313,-0.000651694,1.75578,1.20968,0,0,0,0,0.00774712,0.0168546,0,0,0,0,0.0235248,0.0320485,2,1.75578,1.20968,0,0.344544,0.487027,3.7308e-15,0,0,0,0,0,0,0,0,0,0,0,0,0.855775,1.20968,0,0,0,0,0,0,0,0,0,0,0,0,2,0.855775,1.20968,0,1,2,0,0,0,0,0,1.1328,-0.3279,2.2814,0,0,0,0,0,0,0,-0,0,1.46905,0,0,0,0,0,0,0,0,0,0,0,0,0,0,0,0,0,0,0,0,0,0,0,0,0,0,0,0,0,0,0,0,0
33.3,-0.0109507,-0.00172513,0.000134847,0,0,0,3.04012,2.01251,-2.36086,-0.00154048,-0.000981416,0.000603181,5.90349e-05,-0.000578258,-0.00238405,3,2,3.92699,0,0,0,0,0,0,0,0,0,0,0,2,3,2,3.92699,0,0,0,0,0,0,0,0,0,0,1.5708,1.5708,0,1.5708,1.5708,0,-0.0021981,-0.0071239,-0.000165418,0,0,0,1.79093,1.23908,-0.00776278,-0.00352162,-0.00138912,0.00196238,0.000472657,-0.000298185,-0.00170769,1.75578,1.20968,0,0,0,0,0.00774712,0.0168546,0,0,0,0,0.0235248,0.0320485,2,1.75578,1.20968,0,0.344544,0.487027,3.7308e-15,0,0,0,0,0,0,0,0,0,0,0,0,0.855775,1.20968,0,0,0,0,0,0,0,0,0,0,0,0,2,0.855775,1.20968,0,1,2,0,0,0,0,0,1.1328,-0.3279,2.2814,0,0,0,0,0,0,0,-0,0,1.46924,0,0,0,0,0,0,0,0,0,0,0,0,0,0,0,0,0,0,0,0,0,0,0,0,0,0,0,0,0,0,0,0,0
33.35,-0.0109507,-0.00172513,0.000134847,0,0,0,3.04012,2.01251,-2.36086,-0.00154048,-0.000981416,0.000603181,5.90349e-05,-0.000578258,-0.00238405,3,2,3.92699,0,0,0,0,0,0,0,0,0,0,0,2,3,2,3.92699,0,0,0,0,0,0,0,0,0,0,1.5708,1.5708,0,1.5708,1.5708,0,-0.0021981,-0.0071239,-0.000165418,0,0,0,1.79093,1.23908,-0.00776278,-0.00352162,-0.00138912,0.00196238,0.000472657,-0.000298185,-0.00170769,1.75578,1.20968,0,0,0,0,0.00357168,0.0110602,0,0,0,0,0.0209018,0.0279084,2,1.75578,1.20968,0,0.344544,0.487027,3.7308e-15,0,0,0,0,0,0,0,0,0,0,0,0,0.855775,1.20968,0,0,0,0,0,0,0,0,0,0,0,0,2,0.855775,1.20968,0,1,2,0,0,0,0,0,1.2045,-0.2569,2.353,0,0,0,0,0,0,0,-0,0,1.46924,0,0,0,0,0,0,0,0,0,0,0,0,0,0,0,0,0,0,0,0,0,0,0,0,0,0,0,0,0,0,0,0,0
33.4,-0.0102304,-0.000460282,6.86879e-05,0,0,0,3.03994,2.01238,-2.36078,-0.00173319,-0.00134017,0.000750927,-0.000775891,-0.00214278,-0.00146016,3,2,3.92699,0,0,0,0,0,0,0,0,0,0,0,2,3,2,3.92699,0,0,0,0,0,0,0,0,0,0,1.5708,1.5708,0,1.5708,1.5708,0,-0.00286258,-0.00762195,-0.000460366,0,0,0,1.79061,1.23896,-0.00749931,-0.00328695,-0.00122788,0.00263442,0.000902921,0.000292998,0.00151755,1.75578,1.20968,0,0,0,0,0.00357168,0.0110602,0,0,0,0,0.0209018,0.0279084,2,1.75578,1.20968,0,0.344544,0.487027,3.7308e-15,0,0,0,0,0,0,0,0,0,0,0,0,0.855775,1.20968,0,0,0,0,0,0,0,0,0,0,0,0,2,0.855775,1.20968,0,1,2,0,0,0,0,0,1.2045,-0.2569,2.353,0,0,0,0,0,0,0,-0,0,1.46936,0,0,0,0,0,0,0,0,0,0,0,0,0,0,0,0,0,0,0,0,0,0,0,0,0,0,0,0,0,0,0,0,0
33.45,-0.0102304,-0.000460282,6.86879e-05,0,0,0,3.03994,2.01238,-2.36078,-0.00173319,-0.00134017,0.000750927,-0.000775891,-0.00214278,-0.00146016,3,2,3.92699,0,0,0,0,0,0,0,0,0,0,0,2,3,2,3.92699,0,0,0,0,0,0,0,0,0,0,1.5708,1.5708,0,1.5708,1.5708,0,-0.00286258,-0.00762195,-0.000460366,0,0,0,1.79061,1.23896,-0.00749931,-0.00328695,-0.00122788,0.00263442,0.000902921,0.000292998,0.00151755,1.75578,1.20968,0,0,0,0,0.00326532,0.0161415,0,0,0,0,0.0186821,0.0335462,2,1.75578,1.20968,0,0.344544,0.487027,3.7308e-15,0,0,0,0,0,0,0,0,0,0,0,0,0.855775,1.20968,0,0,0,0,0,0,0,0,0,0,0,0,2,0.855775,1.20968,0,1,2,0,0,0,0,0,1.2045,-0.2569,2.353,0,0,0,0,0,0,0,-0,0,1.46936,0,0,0,0,0,0,0,0,0,0,0,0,0,0,0,0,0,0,0,0,0,0,0,0,0,0,0,0,0,0,0,0,0
33.5,-0.0103949,-0.00085716,-0.000145858,0,0,0,3.03978,2.01226,-2.36066,-0.00166459,-0.00120817,0.00125374,-0.000304825,-0.000970779,0.0012577,3,2,3.92699,0,0,0,0,0,0,0,0,0,0,0,2,3,2,3.92699,0,0,0,0,0,0,0,0,0,0,1.5708,1.5708,0,1.5708,1.5708,0,-0.00307984,-0.00819785,-0.000483441,0,0,0,1.79029,1.23886,-0.00723541,-0.00318518,-0.00104586,0.00263824,0.00100671,0.000983126,0.00136293,1.75578,1.20968,0,0,0,0,0.00326532,0.0161415,0,0,0,0,0.0186821,0.0335462,2,1.75578,1.20968,0,0.344544,0.487027,3.7308e-15,0,0,0,0,0,0,0,0,0,0,0,0,0.855775,1.20968,0,0,0,0,0,0,0,0,0,0,0,0,2,0.855775,1.20968,0,1,2,0,0,0,0,0,1.2045,-0.2569,2.353,0,0,0,0,0,0,0,-0,0,1.46948,0,0,0,0,0,0,0,0,0,0,0,0,0,0,0,0,0,0,0,0,0,0,0,0,0,0,0,0,0,0,0,0,0
33.55,-0.0103949,-0.00085716,-0.000145858,0,0,0,3.03978,2.01226,-2.36066,-0.00166459,-0.00120817,0.00125374,-0.000304825,-0.000970779,0.0012577,3,2,3.92699,0,0,0,0,0,0,0,0,0,0,0,2,3,2,3.92699,0,0,0,0,0,0,0,0,0,0,1.5708,1.5708,0,1.5708,1.5708,0,-0.00307984,-0.00819785,-0.000483441,-7.44976e-05,-0.0102961,-0.000545203,1.79029,1.23886,-0.00723541,-0.00318518,-0.00104586,0.00263824,0.00100671,0.000983126,0.00136293,1.75578,1.20968,0,0,0,0,0.00365976,0.0174487,0,0,0,0,0.0206684,0.0364472,2,1.75578,1.20968,0,0.344544,0.487027,3.7308e-15,0,0,0,0,0,0,0,0,0,0,0,0,0.855775,1.20968,0,0,0,0,0,0,0,0,0,0,0,0,2,0.855775,1.20968,0,1,2,0,0,0,0,0,1.1793,-0.2828,2.3281,0,0,0,0,0,0,0,-0,0,1.46948,0,0,0,0,0,0,0,0,0,0,0,0,0,0,0,0,0,0,0,0,0,0,0,0,0,0,0,0,0,0,0,0,0
33.6,-0.0109834,-0.000197012,0.000280572,0,0,0,3.03963,2.01212,-2.36064,-0.0014727,-0.00138722,0.000200343,0.000649184,-0.00113842,-0.00308729,3,2,3.92699,0,0,0,0,0,0,0,0,0,0,0,2,3,2,3.92699,0,0,0,0,0,0,0,0,0,0,1.5708,1.5708,0,1.5708,1.5708,0,-0.00354477,-0.00727246,-0.000370023,-7.44976e-05,-0.0102961,-0.000545203,1.78999,1.23873,-0.00700418,-0.00301255,-0.00130296,0.00231316,0.00131158,-0.000342446,-0.000504154,1.75578,1.20968,0,0,0,0,0.00365976,0.0174487,0,0,0,0,0.0206684,0.0364472,2,1.75578,1.20968,0,0.344544,0.487027,3.7308e-15,0,0,0,0,0,0,0,0,0,0,0,0,0.855775,1.20968,0,0,0,0,0,0,0,0,0,0,0,0,2,0.855775,1.20968,0,1,2,0,0,0,0,0,1.1793,-0.2828,2.3281,0,0,0,0,0,0,0,-0,0,1.46961,0,0,0,0,0,0,0,0,0,0,0,0,0,0,0,0,0,0,0,0,0,0,0,0,0,0,0,0,0,0,0,0,0
33.65,-0.0109834,-0.000197012,0.000280572,0,0,0,3.03963,2.01212,-2.36064,-0.0014727,-0.00138722,0.000200343,0.000649184,-0.00113842,-0.00308729,3,2,3.92699,0,0,0,0,0,0,0,0,0,0,0,2,3,2,3.92699,0,0,0,0,0,0,0,0,0,0,1.5708,1.5708,0,1.5708,1.5708,0,-0.00354477,-0.00727246,-0.000370023,-7.21168e-05,-0.0102961,-0.000545203,1.78999,1.23873,-0.00700418,-0.00301255,-0.00130296,0.00231316,0.00131158,-0.000342446,-0.000504154,1.75578,1.20968,0,0,0,0,0.00570968,0.0185749,0,0,0,0,0.019098,0.0316097,2,1.75578,1.20968,0,0.344544,0.487027,3.7308e-15,0,0,0,0,0,0,0,0,0,0,0,0,0.855775,1.20968,0,0,0,0,0,0,0,0,0,0,0,0,2,0.855775,1.20968,0,1,2,0,0,0,0,0,1.1793,-0.2828,2.3281,0,0,0,0,0,0,0,-0,0,1.46961,0,0,0,0,0,0,0,0,0,0,0,0,0,0,0,0,0,0,0,0,0,0,0,0,0,0,0,0,0,0,0,0,0
33.7,-0.0111009,-0.000551319,0.000286873,0,0,0,3.03949,2.01199,-2.36062,-0.00142095,-0.00126713,0.000181204,0.000723749,-0.000228208,-0.00251782,3,2,3.92699,0,0,0,0,0,0,0,0,0,0,0,2,3,2,3.92699,0,0,0,0,0,0,0,0,0,0,1.5708,1.5708,0,1.5708,1.5708,0,-0.00380848,-0.00754859,-0.000374447,-7.21168e-05,-0.0102961,-0.000545203,1.7897,1.23861,-0.00677635,-0.00290049,-0.00120732,0.00227837,0.00127268,-4.49021e-06,-0.000691379,1.75578,1.20968,0,0,0,0,0.00570968,0.0185749,0,0,0,0,0.019098,0.0316097,2,1.75578,1.20968,0,0.344544,0.487027,3.7308e-15,0,0,0,0,0,0,0,0,0,0,0,0,0.855775,1.20968,0,0,0,0,0,0,0,0,0,0,0,0,2,0.855775,1.20968,0,1,2,0,0,0,0,0,1.1793,-0.2828,2.3281,0,0,0,0,0,0,0,-0,0,1.46973,0,0,0,0,0,0,0,0,0,0,0,0,0,0,0,0,0,0,0,0,0,0,0,0,0,0,0,0,0,0,0,0,0
33.75,-0.0111009,-0.000551319,0.000286873,0,0,0,3.03949,2.01199,-2.36062,-0.00142095,-0.00126713,0.000181204,0.000723749,-0.000228208,-0.00251782,3,2,3.92699,0,0,0,0,0,0,0,0,0,0,0,2,3,2,3.92699,0,0,0,0,0,0,0,0,0,0,1.5708,1.5708,0,1.5708,1.5708,0,-0.00380848,-0.00754859,-0.000374447,-6.9771e-05,-0.0102961,-0.000545203,1.7897,1.23861,-0.00677635,-0.00290049,-0.00120732,0.00227837,0.00127268,-4.49021e-06,-0.000691379,1.75578,1.20968,0,0,0,0,0.00632569,0.0197782,0,0,0,0,0.0199455,0.0326885,2,1.75578,1.20968,0,0.344544,0.487027,3.7308e-15,0,0,0,0,0,0,0,0,0,0,0,0,0.855775,1.20968,0,0,0,0,0,0,0,0,0,0,0,0,2,0.855775,1.20968,0,1,2,0,0,0,0,0,1.2369,-0.2256,2.386,0,0,0,0,0,0,0,-0,0,1.46973,0,0,0,0,0,0,0,0,0,0,0,0,0,0,0,0,0,0,0,0,0,0,0,0,0,0,0,0,0,0,0,0,0
33.8,-0.0109181,-0.000854382,0.000380275,0,0,0,3.03934,2.01188,-2.36062,-0.00145769,-0.00116347,-4.76893e-05,0.000298672,0.000401131,-0.00234953,3,2,3.92699,0,0,0,0,0,0,0,0,0,0,0,2,3,2,3.92699,0,0,0,0,0,0,0,0,0,0,1.5708,1.5708,0,1.5708,1.5708,0,-0.00385029,-0.00796104,-0.000209089,0,0,0,1.78941,1.2385,-0.00659285,-0.00285434,-0.00107312,0.00183522,0.00094497,0.000579922,-0.00221248,1.75578,1.20968,0,0,0,0,0.00632569,0.0197782,0,0,0,0,0.0199455,0.0326885,2,1.75578,1.20968,0,0.344544,0.487027,3.7308e-15,0,0,0,0,0,0,0,0,0,0,0,0,0.855775,1.20968,0,0,0,0,0,0,0,0,0,0,0,0,2,0.855775,1.20968,0,1,2,0,0,0,0,0,1.2369,-0.2256,2.386,0,0,0,0,0,0,0,-0,0,1.46985,0,0,0,0,0,0,0,0,0,0,0,0,0,0,0,0,0,0,0,0,0,0,0,0,0,0,0,0,0,0,0,0,0
33.85,-0.0109181,-0.000854382,0.000380275,0,0,0,3.03934,2.01188,-2.36062,-0.00145769,-0.00116347,-4.76893e-05,0.000298672,0.000401131,-0.00234953,3,2,3.92699,0,0,0,0,0,0,0,0,0,0,0,2,3,2,3.92699,0,0,0,0,0,0,0,0,0,0,1.5708,1.5708,0,1.5708,1.5708,0,-0.00385029,-0.00796104,-0.000209089,0,0,0,1.78941,1.2385,-0.00659285,-0.00285434,-0.00107312,0.00183522,0.00094497,0.000579922,-0.00221248,1.75578,1.20968,0,0,0,0,0.00859224,0.0177946,0,0,0,0,0.0234467,0.0320593,2,1.75578,1.20968,0,0.344544,0.487027,3.7308e-15,0,0,0,0,0,0,0,0,0,0,0,0,0.855775,1.20968,0,0,0,0,0,0,0,0,0,0,0,0,2,0.855775,1.20968,0,1,2,0,0,0,0,0,1.2369,-0.2256,2.386,0,0,0,0,0,0,0,-0,0,1.46985,0,0,0,0,0,0,0,0,0,0,0,0,0,0,0,0,0,0,0,0,0,0,0,0,0,0,0,0,0,0,0,0,0
33.9,-0.0112929,-0.000815647,0.000317404,0,0,0,3.03921,2.01176,-2.36061,-0.00133081,-0.0011611,0.000104923,0.000628763,0.000335491,-0.000778278,3,2,3.92699,0,0,0,0,0,0,0,0,0,0,0,2,3,2,3.92699,0,0,0,0,0,0,0,0,0,0,1.5708,1.5708,0,1.5708,1.5708,0,-0.00450662,-0.00786308,-0.000407038,0,0,0,1.78915,1.23839,-0.00636528,-0.00262987,-0.00108906,0.00227608,0.00141992,0.00036362,0.000227145,1.75578,1.20968,0,0,0,0,0.00859224,0.0177946,0,0,0,0,0.0234467,0.0320593,2,1.75578,1.20968,0,0.344544,0.487027,3.7308e-15,0,0,0,0,0,0,0,0,0,0,0,0,0.855775,1.20968,0,0,0,0,0,0,0,0,0,0,0,0,2,0.855775,1.20968,0,1,2,0,0,0,0,0,1.2369,-0.2256,2.386,0,0,0,0,0,0,0,-0,0,1.46995,0,0,0,0,0,0,0,0,0,0,0,0,0,0,0,0,0,0,0,0,0,0,0,0,0,0,0,0,0,0,0,0,0
33.95,-0.0112929,-0.000815647,0.000317404,0,0,0,3.03921,2.01176,-2.36061,-0.00133081,-0.0011611,0.000104923,0.000628763,0.000335491,-0.000778278,3,2,3.92699,0,0,0,0,0,0,0,0,0,0,0,2,3,2,3.92699,0,0,0,0,0,0,0,0,0,0,1.5708,1.5708,0,1.5708,1.5708,0,-0.00450662,-0.00786308,-0.000407038,0,0,0,1.78915,1.23839,-0.00636528,-0.00262987,-0.00108906,0.00227608,0.00141992,0.00036362,0.000227145,1.75578,1.20968,0,0,0,0,0.00813069,0.0228266,0,0,0,0,0.0205417,0.034297,2,1.75578,1.20968,0,0.344544,0.487027,3.7308e-15,0,0,0,0,0,0,0,0,0,0,0,0,0.855775,1.20968,0,0,0,0,0,0,0,0,0,0,0,0,2,0.855775,1.20968,0,1,2,0,0,0,0,0,1.205,-0.2579,2.3543,0,0,0,0,0,0,0,-0,0,1.46995,0,0,0,0,0,0,0,0,0,0,0,0,0,0,0,0,0,0,0,0,0,0,0,0,0,0,0,0,0,0,0,0,0
34,-0.0113237,0.000143251,9.02542e-05,0,0,0,3.03908,2.01162,-2.36055,-0.00130609,-0.00142816,0.000650853,0.000520451,-0.000875014,0.00192684,3,2,3.92699,0,0,0,0,0,0,0,0,0,0,0,2,3,2,3.92699,0,0,0,0,0,0,0,0,0,0,1.5708,1.5708,0,1.5708,1.5708,0,-0.00471309,-0.007732,-7.51833e-05,0,0,0,1.78889,1.23828,-0.00622209,-0.00253895,-0.00111445,0.00143183,0.00127915,8.71826e-05,-0.00290594,1.75578,1.20968,0,0,0,0,0.00813069,0.0228266,0,0,0,0,0.0205417,0.034297,2,1.75578,1.20968,0,0.344544,0.487027,3.7308e-15,0,0,0,0,0,0,0,0,0,0,0,0,0.855775,1.20968,0,0,0,0,0,0,0,0,0,0,0,0,2,0.855775,1.20968,0,1,2,0,0,0,0,0,1.205,-0.2579,2.3543,0,0,0,0,0,0,0,-0,0,1.47004,0,0,0,0,0,0,0,0,0,0,0,0,0,0,0,0,0,0,0,0,0,0,0,0,0,0,0,0,0,0,0,0,0
34.05,-0.0113237,0.000143251,9.02542e-05,0,0,0,3.03908,2.01162,-2.36055,-0.00130609,-0.00142816,0.000650853,0.000520451,-0.000875014,0.00192684,3,2,3.92699,0,0,0,0,0,0,0,0,0,0,0,2,3,2,3.92699,0,0,0,0,0,0,0,0,0,0,1.5708,1.5708,0,1.5708,1.5708,0,-0.00471309,-0.007732,-7.51833e-05,0,0,0,1.78889,1.23828,-0.00622209,-0.00253895,-0.00111445,0.00143183,0.00127915,8.71826e-05,-0.00290594,1.75578,1.20968,0,0,0,0,0.0134678,0.0189537,0,0,0,0,0.0244068,0.0295405,2,1.75578,1.20968,0,0.344544,0.487027,3.7308e-15,0,0,0,0,0,0,0,0,0,0,0,0,0.855775,1.20968,0,0,0,0,0,0,0,0,0,0,0,0,2,0.855775,1.20968,0,1,2,0,0,0,0,0,1.205,-0.2579,2.3543,0,0,0,0,0,0,0,-0,0,1.47004,0,0,0,0,0,0,0,0,0,0,0,0,0,0,0,0,0,0,0,0,0,0,0,0,0,0,0,0,0,0,0,0,0
34.1,-0.0117779,0.000428258,0.000190615,0,0,0,3.03896,2.01147,-2.36051,-0.00115772,-0.00149478,0.000395944,0.000891939,-0.000954171,0.00050423,3,2,3.92699,0,0,0,0,0,0,0,0,0,0,0,2,3,2,3.92699,0,0,0,0,0,0,0,0,0,0,1.5708,1.5708,0,1.5708,1.5708,0,-0.00491311,-0.00761822,-0.000347223,0,0,0,1.78865,1.23817,-0.00601627,-0.00245099,-0.00113452,0.00205913,0.00110292,-6.41839e-05,0.000335782,1.75578,1.20968,0,0,0,0,0.0134678,0.0189537,0,0,0,0,0.0244068,0.0295405,2,1.75578,1.20968,0,0.344544,0.487027,3.7308e-15,0,0,0,0,0,0,0,0,0,0,0,0,0.855775,1.20968,0,0,0,0,0,0,0,0,0,0,0,0,2,0.855775,1.20968,0,1,2,0,0,0,0,0,1.205,-0.2579,2.3543,0,0,0,0,0,0,0,-0,0,1.47013,0,0,0,0,0,0,0,0,0,0,0,0,0,0,0,0,0,0,0,0,0,0,0,0,0,0,0,0,0,0,0,0,0
34.15,-0.0117779,0.000428258,0.000190615,0,0,0,3.03896,2.01147,-2.36051,-0.00115772,-0.00149478,0.000395944,0.000891939,-0.000954171,0.00050423,3,2,3.92699,0,0,0,0,0,0,0,0,0,0,0,2,3,2,3.92699,0,0,0,0,0,0,0,0,0,0,1.5708,1.5708,0,1.5708,1.5708,0,-0.00491311,-0.00761822,-0.000347223,0,0,0,1.78865,1.23817,-0.00601627,-0.00245099,-0.00113452,0.00205913,0.00110292,-6.41839e-05,0.000335782,1.75578,1.20968,0,0,0,0,0.0104166,0.0233988,0,0,0,0,0.0204971,0.0326483,2,1.75578,1.20968,0,0.344544,0.487027,3.7308e-15,0,0,0,0,0,0,0,0,0,0,0,0,0.855775,1.20968,0,0,0,0,0,0,0,0,0,0,0,0,2,0.855775,1.20968,0,1,2,0,0,0,0,0,1.205,-0.2584,2.3545,0,0,0,0,0,0,0,-0,0,1.47013,0,0,0,0,0,0,0,0,0,0,0,0,0,0,0,0,0,0,0,0,0,0,0,0,0,0,0,0,0,0,0,0,0
34.2,-0.011642,-0.000706849,9.5592e-05,0,0,0,3.03885,2.01135,-2.36045,-0.00118388,-0.00114482,0.000617397,0.000479639,0.000812582,0.000995697,3,2,3.92699,0,0,0,0,0,0,0,0,0,0,0,2,3,2,3.92699,0,0,0,0,0,0,0,0,0,0,1.5708,1.5708,0,1.5708,1.5708,0,-0.00556586,-0.00804871,-0.000351901,0,0,0,1.78843,1.23807,-0.00581324,-0.00223228,-0.00099592,0.00202993,0.0015088,0.000493144,0.000526667,1.75578,1.20968,0,0,0,0,0.0104166,0.0233988,0,0,0,0,0.0204971,0.0326483,2,1.75578,1.20968,0,0.344544,0.487027,3.7308e-15,0,0,0,0,0,0,0,0,0,0,0,0,0.855775,1.20968,0,0,0,0,0,0,0,0,0,0,0,0,2,0.855775,1.20968,0,1,2,0,0,0,0,0,1.205,-0.2584,2.3545,0,0,0,0,0,0,0,-0,0,1.47021,0,0,0,0,0,0,0,0,0,0,0,0,0,0,0,0,0,0,0,0,0,0,0,0,0,0,0,0,0,0,0,0,0
34.25,-0.011642,-0.000706849,9.5592e-05,0,0,0,3.03885,2.01135,-2.36045,-0.00118388,-0.00114482,0.000617397,0.000479639,0.000812582,0.000995697,3,2,3.92699,0,0,0,0,0,0,0,0,0,0,0,2,3,2,3.92699,0,0,0,0,0,0,0,0,0,0,1.5708,1.5708,0,1.5708,1.5708,0,-0.00556586,-0.00804871,-0.000351901,0,0,0,1.78843,1.23807,-0.00581324,-0.00223228,-0.00099592,0.00202993,0.0015088,0.000493144,0.000526667,1.75578,1.20968,0,0,0,0,0.0125055,0.0258405,0,0,0,0,0.0218378,0.0343192,2,1.75578,1.20968,0,0.344544,0.487027,3.7308e-15,0,0,0,0,0,0,0,0,0,0,0,0,0.855775,1.20968,0,0,0,0,0,0,0,0,0,0,0,0,2,0.855775,1.20968,0,1,2,0,0,0,0,0,1.205,-0.2584,2.3545,0,0,0,0,0,0,0,-0,0,1.47021,0,0,0,0,0,0,0,0,0,0,0,0,0,0,0,0,0,0,0,0,0,0,0,0,0,0,0,0,0,0,0,0,0
34.3,-0.0117598,-0.00156024,-0.00012104,0,0,0,3.03873,2.01127,-2.36033,-0.00113542,-0.000881474,0.00112788,0.000427278,0.00178086,0.00270342,3,2,3.92699,0,0,0,0,0,0,0,0,0,0,0,2,3,2,3.92699,0,0,0,0,0,0,0,0,0,0,1.5708,1.5708,0,1.5708,1.5708,0,-0.0057588,-0.00791944,-0.000340967,0,0,0,1.78821,1.23796,-0.0056169,-0.00214997,-0.00102188,0.00196371,0.00129263,0.000269125,7.49774e-05,1.75578,1.20968,0,0,0,0,0.0125055,0.0258405,0,0,0,0,0.0218378,0.0343192,2,1.75578,1.20968,0,0.344544,0.487027,3.7308e-15,0,0,0,0,0,0,0,0,0,0,0,0,0.855775,1.20968,0,0,0,0,0,0,0,0,0,0,0,0,2,0.855775,1.20968,0,1,2,0,0,0,0,0,1.205,-0.2584,2.3545,0,0,0,0,0,0,0,-0,0,1.47031,0,0,0,0,0,0,0,0,0,0,0,0,0,0,0,0,0,0,0,0,0,0,0,0,0,0,0,0,0,0,0,0,0
34.35,-0.0117598,-0.00156024,-0.00012104,0,0,0,3.03873,2.01127,-2.36033,-0.00113542,-0.000881474,0.00112788,0.000427278,0.00178086,0.00270342,3,2,3.92699,0,0,0,0,0,0,0,0,0,0,0,2,3,2,3.92699,0,0,0,0,0,0,0,0,0,0,1.5708,1.5708,0,1.5708,1.5708,0,-0.0057588,-0.00791944,-0.000340967,0,0,0,1.78821,1.23796,-0.0056169,-0.00214997,-0.00102188,0.00196371,0.00129263,0.000269125,7.49774e-05,1.75578,1.20968,0,0,0,0,0.0133523,0.0263515,0,0,0,0,0.0215459,0.033713,2,1.75578,1.20968,0,0.344544,0.487027,3.7308e-15,0,0,0,0,0,0,0,0,0,0,0,0,0.855775,1.20968,0,0,0,0,0,0,0,0,0,0,0,0,2,0.855775,1.20968,0,1,2,0,0,0,0,0,1.2051,-0.2588,2.3547,0,0,0,0,0,0,0,-0,0,1.47031,0,0,0,0,0,0,0,0,0,0,0,0,0,0,0,0,0,0,0,0,0,0,0,0,0,0,0,0,0,0,0,0,0
34.4,-0.0114555,-0.000231956,-6.30296e-05,0,0,0,3.03861,2.01114,-2.36024,-0.00121114,-0.00125998,0.00096576,-5.35515e-05,-0.000312389,0.00120701,3,2,3.92699,0,0,0,0,0,0,0,0,0,0,0,2,3,2,3.92699,0,0,0,0,0,0,0,0,0,0,1.5708,1.5708,0,1.5708,1.5708,0,-0.00578112,-0.00786563,-0.000334848,0,0,0,1.788,1.23786,-0.00542589,-0.00211828,-0.00102557,0.00191039,0.000872673,0.000116137,-0.000228376,1.75578,1.20968,0,0,0,0,0.0133523,0.0263515,0,0,0,0,0.0215459,0.033713,2,1.75578,1.20968,0,0.344544,0.487027,3.7308e-15,0,0,0,0,0,0,0,0,0,0,0,0,0.855775,1.20968,0,0,0,0,0,0,0,0,0,0,0,0,2,0.855775,1.20968,0,1,2,0,0,0,0,0,1.2051,-0.2588,2.3547,0,0,0,0,0,0,0,-0,0,1.47037,0,0,0,0,0,0,0,0,0,0,0,0,0,0,0,0,0,0,0,0,0,0,0,0,0,0,0,0,0,0,0,0,0
34.45,-0.0114555,-0.000231956,-6.30296e-05,0,0,0,3.03861,2.01114,-2.36024,-0.00121114,-0.00125998,0.00096576,-5.35515e-05,-0.000312389,0.00120701,3,2,3.92699,0,0,0,0,0,0,0,0,0,0,0,2,3,2,3.92699,0,0,0,0,0,0,0,0,0,0,1.5708,1.5708,0,1.5708,1.5708,0,-0.00578112,-0.00786563,-0.000334848,0,0,0,1.788,1.23786,-0.00542589,-0.00211828,-0.00102557,0.00191039,0.000872673,0.000116137,-0.000228376,1.75578,1.20968,0,0,0,0,0.0135305,0.0263413,0,0,0,0,0.0214438,0.0334345,2,1.75578,1.20968,0,0.344544,0.487027,3.7308e-15,0,0,0,0,0,0,0,0,0,0,0,0,0.855775,1.20968,0,0,0,0,0,0,0,0,0,0,0,0,2,0.855775,1.20968,0,1,2,0,0,0,0,0,1.2051,-0.2588,2.3547,0,0,0,0,0,0,0,-0,0,1.47037,0,0,0,0,0,0,0,0,0,0,0,0,0,0,0,0,0,0,0,0,0,0,0,0,0,0,0,0,0,0,0,0,0
34.5,-0.0116073,0.000264405,0.000135707,0,0,0,3.0385,2.011,-2.36019,-0.00115241,-0.00139046,0.000467326,0.000137226,-0.000992532,-0.00146922,3,2,3.92699,0,0,0,0,0,0,0,0,0,0,0,2,3,2,3.92699,0,0,0,0,0,0,0,0,0,0,1.5708,1.5708,0,1.5708,1.5708,0,-0.00609935,-0.00800092,-0.000152654,0,0,0,1.7878,1.23776,-0.00528251,-0.00200084,-0.000974172,0.0014339,0.000936031,0.000254182,-0.00208174,1.75578,1.20968,0,0,0,0,0.0135305,0.0263413,0,0,0,0,0.0214438,0.0334345,2,1.75578,1.20968,0,0.344544,0.487027,3.7308e-15,0,0,0,0,0,0,0,0,0,0,0,0,0.855775,1.20968,0,0,0,0,0,0,0,0,0,0,0,0,2,0.855775,1.20968,0,1,2,0,0,0,0,0,1.2051,-0.2588,2.3547,0,0,0,0,0,0,0,-0,0,1.47042,0,0,0,0,0,0,0,0,0,0,0,0,0,0,0,0,0,0,0,0,0,0,0,0,0,0,0,0,0,0,0,0,0
34.55,-0.0116073,0.000264405,0.000135707,0,0,0,3.0385,2.011,-2.36019,-0.00115241,-0.00139046,0.000467326,0.000137226,-0.000992532,-0.00146922,3,2,3.92699,0,0,0,0,0,0,0,0,0,0,0,2,3,2,3.92699,0,0,0,0,0,0,0,0,0,0,1.5708,1.5708,0,1.5708,1.5708,0,-0.00609935,-0.00800092,-0.000152654,0,0,0,1.7878,1.23776,-0.00528251,-0.00200084,-0.000974172,0.0014339,0.000936031,0.000254182,-0.00208174,1.75578,1.20968,0,0,0,0,0.0171215,0.0249738,0,0,0,0,0.024242,0.031591,2,1.75578,1.20968,0,0.344544,0.487027,3.7308e-15,0,0,0,0,0,0,0,0,0,0,0,0,0.855775,1.20968,0,0,0,0,0,0,0,0,0,0,0,0,2,0.855775,1.20968,0,1,2,0,0,0,0,0,1.2929,-0.1714,2.4428,0,0,0,0,0,0,0,-0,0,1.47042,0,0,0,0,0,0,0,0,0,0,0,0,0,0,0,0,0,0,0,0,0,0,0,0,0,0,0,0,0,0,0,0,0
34.6,-0.0107777,0.00127447,-0.000224816,0,0,0,3.03836,2.01083,-2.36006,-0.00138173,-0.00166979,0.00132789,-0.000808142,-0.00180424,0.00219421,3,2,3.92699,0,0,0,0,0,0,0,0,0,0,0,2,3,2,3.92699,0,0,0,0,0,0,0,0,0,0,1.5708,1.5708,0,1.5708,1.5708,0,-0.00637193,-0.00792019,-0.000375364,0,0,0,1.78761,1.23766,-0.00508826,-0.00189805,-0.000986253,0.00194229,0.000981301,0.000123021,0.000530605,1.75578,1.20968,0,0,0,0,0.0171215,0.0249738,0,0,0,0,0.024242,0.031591,2,1.75578,1.20968,0,0.344544,0.487027,3.7308e-15,0,0,0,0,0,0,0,0,0,0,0,0,0.855775,1.20968,0,0,0,0,0,0,0,0,0,0,0,0,2,0.855775,1.20968,0,1,2,0,0,0,0,0,1.2929,-0.1714,2.4428,0,0,0,0,0,0,0,-0,0,1.47043,0,0,0,0,0,0,0,0,0,0,0,0,0,0,0,0,0,0,0,0,0,0,0,0,0,0,0,0,0,0,0,0,0
34.65,-0.0107777,0.00127447,-0.000224816,0,0,0,3.03836,2.01083,-2.36006,-0.00138173,-0.00166979,0.00132789,-0.000808142,-0.00180424,0.00219421,3,2,3.92699,0,0,0,0,0,0,0,0,0,0,0,2,3,2,3.92699,0,0,0,0,0,0,0,0,0,0,1.5708,1.5708,0,1.5708,1.5708,0,-0.00637193,-0.00792019,-0.000375364,0,0,0,1.78761,1.23766,-0.00508826,-0.00189805,-0.000986253,0.00194229,0.000981301,0.000123021,0.000530605,1.75578,1.20968,0,0,0,0,0.0149952,0.0289986,0,0,0,0,0.0210779,0.034185,2,1.75578,1.20968,0,0.344544,0.487027,3.7308e-15,0,0,0,0,0,0,0,0,0,0,0,0,0.855775,1.20968,0,0,0,0,0,0,0,0,0,0,0,0,2,0.855775,1.20968,0,1,2,0,0,0,0,0,1.2929,-0.1714,2.4428,0,0,0,0,0,0,0,-0,0,1.47043,0,0,0,0,0,0,0,0,0,0,0,0,0,0,0,0,0,0,0,0,0,0,0,0,0,0,0,0,0,0,0,0,0
34.7,-0.0109549,-0.000283707,0.00027822,0,0,0,3.03823,2.01071,-2.36005,-0.00131354,-0.00119391,8.82195e-05,-0.000340254,0.000708903,-0.00314056,3,2,3.92699,0,0,0,0,0,0,0,0,0,0,0,2,3,2,3.92699,0,0,0,0,0,0,0,0,0,0,1.5708,1.5708,0,1.5708,1.5708,0,-0.00650439,-0.00840852,-0.000260718,0,0,0,1.78743,1.23758,-0.00492548,-0.00183726,-0.000832564,0.00162792,0.000838905,0.000670559,-0.000584681,1.75578,1.20968,0,0,0,0,0.0149952,0.0289986,0,0,0,0,0.0210779,0.034185,2,1.75578,1.20968,0,0.344544,0.487027,3.7308e-15,0,0,0,0,0,0,0,0,0,0,0,0,0.855775,1.20968,0,0,0,0,0,0,0,0,0,0,0,0,2,0.855775,1.20968,0,1,2,0,0,0,0,0,1.2929,-0.1714,2.4428,0,0,0,0,0,0,0,-0,0,1.47045,0,0,0,0,0,0,0,0,0,0,0,0,0,0,0,0,0,0,0,0,0,0,0,0,0,0,0,0,0,0,0,0,0
34.75,-0.0109549,-0.000283707,0.00027822,0,0,0,3.03823,2.01071,-2.36005,-0.00131354,-0.00119391,8.82195e-05,-0.000340254,0.000708903,-0.00314056,3,2,3.92699,0,0,0,0,0,0,0,0,0,0,0,2,3,2,3.92699,0,0,0,0,0,0,0,0,0,0,1.5708,1.5708,0,1.5708,1.5708,0,-0.00650439,-0.00840852,-0.000260718,0,0,0,1.78743,1.23758,-0.00492548,-0.00183726,-0.000832564,0.00162792,0.000838905,0.000670559,-0.000584681,1.75578,1.20968,0,0,0,0,0.0169393,0.0279725,0,0,0,0,0.0241667,0.0344934,2,1.75578,1.20968,0,0.344544,0.487027,3.7308e-15,0,0,0,0,0,0,0,0,0,0,0,0,0.855775,1.20968,0,0,0,0,0,0,0,0,0,0,0,0,2,0.855775,1.20968,0,1,2,0,0,0,0,0,1.205,-0.2596,2.3551,0,0,0,0,0,0,0,-0,0,1.47045,0,0,0,0,0,0,0,0,0,0,0,0,0,0,0,0,0,0,0,0,0,0,0,0,0,0,0,0,0,0,0,0,0
34.8,-0.010585,0.00126973,0.000246861,0,0,0,3.03809,2.01055,-2.36003,-0.00140637,-0.00163466,0.000162138,-0.000512041,-0.000995509,-0.00231226,3,2,3.92699,0,0,0,0,0,0,0,0,0,0,0,2,3,2,3.92699,0,0,0,0,0,0,0,0,0,0,1.5708,1.5708,0,1.5708,1.5708,0,-0.00669029,-0.00817778,-0.000293122,0,0,0,1.78725,1.23749,-0.00475809,-0.00176162,-0.000889966,0.001674,0.000786412,0.000247249,-0.000317621,1.75578,1.20968,0,0,0,0,0.0169393,0.0279725,0,0,0,0,0.0241667,0.0344934,2,1.75578,1.20968,0,0.344544,0.487027,3.7308e-15,0,0,0,0,0,0,0,0,0,0,0,0,0.855775,1.20968,0,0,0,0,0,0,0,0,0,0,0,0,2,0.855775,1.20968,0,1,2,0,0,0,0,0,1.205,-0.2596,2.3551,0,0,0,0,0,0,0,-0,0,1.47045,0,0,0,0,0,0,0,0,0,0,0,0,0,0,0,0,0,0,0,0,0,0,0,0,0,0,0,0,0,0,0,0,0
34.85,-0.010585,0.00126973,0.000246861,0,0,0,3.03809,2.01055,-2.36003,-0.00140637,-0.00163466,0.000162138,-0.000512041,-0.000995509,-0.00231226,3,2,3.92699,0,0,0,0,0,0,0,0,0,0,0,2,3,2,3.92699,0,0,0,0,0,0,0,0,0,0,1.5708,1.5708,0,1.5708,1.5708,0,-0.00669029,-0.00817778,-0.000293122,0,0,0,1.78725,1.23749,-0.00475809,-0.00176162,-0.000889966,0.001674,0.000786412,0.000247249,-0.000317621,1.75578,1.20968,0,0,0,0,0.0171822,0.0290381,0,0,0,0,0.0229782,0.0340751,2,1.75578,1.20968,0,0.344544,0.487027,3.7308e-15,0,0,0,0,0,0,0,0,0,0,0,0,0.855775,1.20968,0,0,0,0,0,0,0,0,0,0,0,0,2,0.855775,1.20968,0,1,2,0,0,0,0,0,1.205,-0.2596,2.3551,0,0,0,0,0,0,0,-0,0,1.47045,0,0,0,0,0,0,0,0,0,0,0,0,0,0,0,0,0,0,0,0,0,0,0,0,0,0,0,0,0,0,0,0,0
34.9,-0.0107065,-0.000464046,0.000493501,0,0,0,3.03795,2.01044,-2.36008,-0.00135421,-0.00110777,-0.000436057,-0.000123509,0.00127571,-0.00366634,3,2,3.92699,0,0,0,0,0,0,0,0,0,0,0,2,3,2,3.92699,0,0,0,0,0,0,0,0,0,0,1.5708,1.5708,0,1.5708,1.5708,0,-0.00682448,-0.00819423,-0.000414192,0,0,0,1.78708,1.23741,-0.0045647,-0.00170191,-0.000874745,0.00193278,0.000701988,0.000151146,0.00088111,1.75578,1.20968,0,0,0,0,0.0171822,0.0290381,0,0,0,0,0.0229782,0.0340751,2,1.75578,1.20968,0,0.344544,0.487027,3.7308e-15,0,0,0,0,0,0,0,0,0,0,0,0,0.855775,1.20968,0,0,0,0,0,0,0,0,0,0,0,0,2,0.855775,1.20968,0,1,2,0,0,0,0,0,1.205,-0.2596,2.3551,0,0,0,0,0,0,0,-0,0,1.47046,0,0,0,0,0,0,0,0,0,0,0,0,0,0,0,0,0,0,0,0,0,0,0,0,0,0,0,0,0,0,0,0,0
34.95,-0.0107065,-0.000464046,0.000493501,0,0,0,3.03795,2.01044,-2.36008,-0.00135421,-0.00110777,-0.000436057,-0.000123509,0.00127571,-0.00366634,3,2,3.92699,0,0,0,0,0,0,0,0,0,0,0,2,3,2,3.92699,0,0,0,0,0,0,0,0,0,0,1.5708,1.5708,0,1.5708,1.5708,0,-0.00682448,-0.00819423,-0.000414192,0,0,0,1.78708,1.23741,-0.0045647,-0.00170191,-0.000874745,0.00193278,0.000701988,0.000151146,0.00088111,1.75578,1.20968,0,0,0,0,0.0159682,0.0311898,0,0,0,0,0.0214548,0.0357024,2,1.75578,1.20968,0,0.344544,0.487027,3.7308e-15,0,0,0,0,0,0,0,0,0,0,0,0,0.855775,1.20968,0,0,0,0,0,0,0,0,0,0,0,0,2,0.855775,1.20968,0,1,2,0,0,0,0,0,1.1133,-0.3513,2.2639,0,0,0,0,0,0,0,-0,0,1.47046,0,0,0,0,0,0,0,0,0,0,0,0,0,0,0,0,0,0,0,0,0,0,0,0,0,0,0,0,0,0,0,0,0
35,-0.0101952,-0.000339313,0.000642679,0,0,0,3.0378,2.01033,-2.36015,-0.00148796,-0.00113124,-0.000787385,-0.000552296,0.000982681,-0.0037874,3,2,3.92699,0,0,0,0,0,0,0,0,0,0,0,2,3,2,3.92699,0,0,0,0,0,0,0,0,0,0,1.5708,1.5708,0,1.5708,1.5708,0,-0.00715111,-0.00845721,-0.000664532,0,0,0,1.78692,1.23733,-0.0043151,-0.00158691,-0.000787957,0.00249797,0.000874163,0.000426853,0.00294425,1.75578,1.20968,0,0,0,0,0.0159682,0.0311898,0,0,0,0,0.0214548,0.0357024,2,1.75578,1.20968,0,0.344544,0.487027,3.7308e-15,0,0,0,0,0,0,0,0,0,0,0,0,0.855775,1.20968,0,0,0,0,0,0,0,0,0,0,0,0,2,0.855775,1.20968,0,1,2,0,0,0,0,0,1.1133,-0.3513,2.2639,0,0,0,0,0,0,0,-0,0,1.47045,0,0,0,0,0,0,0,0,0,0,0,0,0,0,0,0,0,0,0,0,0,0,0,0,0,0,0,0,0,0,0,0,0
35.05,-0.0101952,-0.000339313,0.000642679,0,0,0,3.0378,2.01033,-2.36015,-0.00148796,-0.00113124,-0.000787385,-0.000552296,0.000982681,-0.0037874,3,2,3.92699,0,0,0,0,0,0,0,0,0,0,0,2,3,2,3.92699,0,0,0,0,0,0,0,0,0,0,1.5708,1.5708,0,1.5708,1.5708,0,-0.00715111,-0.00845721,-0.000664532,-0.0101759,-0.011231,-0.00120891,1.78692,1.23733,-0.0043151,-0.00158691,-0.000787957,0.00249797,0.000874163,0.000426853,0.00294425,1.75578,1.20968,0,0,0,0,0.0135745,0.0358489,0,0,0,0,0.019061,0.0399107,2,1.75578,1.20968,0,0.344544,0.487027,3.7308e-15,0,0,0,0,0,0,0,0,0,0,0,0,0.855775,1.20968,0,0,0,0,0,0,0,0,0,0,0,0,2,0.855775,1.20968,0,1,2,0,0,0,0,0,1.1133,-0.3513,2.2639,0,0,0,0,0,0,0,-0,0,1.47045,0,0,0,0,0,0,0,0,0,0,0,0,0,0,0,0,0,0,0,0,0,0,0,0,0,0,0,0,0,0,0,0,0
35.1,-0.0103145,-0.00143507,8.9492e-05,0,0,0,3.03766,2.01025,-2.3601,-0.00143549,-0.000797088,0.000562646,-0.000184297,0.00188232,0.00310167,3,2,3.92699,0,0,0,0,0,0,0,0,0,0,0,2,3,2,3.92699,0,0,0,0,0,0,0,0,0,0,1.5708,1.5708,0,1.5708,1.5708,0,-0.00737678,-0.00845282,3.91465e-05,-0.0101759,-0.011231,-0.00120891,1.78677,1.23725,-0.00423974,-0.00150263,-0.00078,0.000753547,0.000880336,0.000323101,-0.00491623,1.75578,1.20968,0,0,0,0,0.0135745,0.0358489,0,0,0,0,0.019061,0.0399107,2,1.75578,1.20968,0,0.344544,0.487027,3.7308e-15,0,0,0,0,0,0,0,0,0,0,0,0,0.855775,1.20968,0,0,0,0,0,0,0,0,0,0,0,0,2,0.855775,1.20968,0,1,2,0,0,0,0,0,1.1133,-0.3513,2.2639,0,0,0,0,0,0,0,-0,0,1.47046,0,0,0,0,0,0,0,0,0,0,0,0,0,0,0,0,0,0,0,0,0,0,0,0,0,0,0,0,0,0,0,0,0
35.15,-0.0103145,-0.00143507,8.9492e-05,0,0,0,3.03766,2.01025,-2.3601,-0.00143549,-0.000797088,0.000562646,-0.000184297,0.00188232,0.00310167,3,2,3.92699,0,0,0,0,0,0,0,0,0,0,0,2,3,2,3.92699,0,0,0,0,0,0,0,0,0,0,1.5708,1.5708,0,1.5708,1.5708,0,-0.00737678,-0.00845282,3.91465e-05,-0.010175,-0.0112317,-0.00120891,1.78677,1.23725,-0.00423974,-0.00150263,-0.00078,0.000753547,0.000880336,0.000323101,-0.00491623,1.75578,1.20968,0,0,0,0,0.0240984,0.0269308,0,0,0,0,0.0281634,0.0308133,2,1.75578,1.20968,0,0.344544,0.487027,3.7308e-15,0,0,0,0,0,0,0,0,0,0,0,0,0.855775,1.20968,0,0,0,0,0,0,0,0,0,0,0,0,2,0.855775,1.20968,0,1,2,0,0,0,0,0,1.2049,-0.2598,2.3558,0,0,0,0,0,0,0,-0,0,1.47046,0,0,0,0,0,0,0,0,0,0,0,0,0,0,0,0,0,0,0,0,0,0,0,0,0,0,0,0,0,0,0,0,0
35.2,-0.0104154,-0.000886131,0.000694634,0,0,0,3.03752,2.01015,-2.36019,-0.00138905,-0.000948412,-0.000908304,0.000126242,0.0006484,-0.00308227,3,2,3.92699,0,0,0,0,0,0,0,0,0,0,0,2,3,2,3.92699,0,0,0,0,0,0,0,0,0,0,1.5708,1.5708,0,1.5708,1.5708,0,-0.00746327,-0.00811539,-0.000736541,-0.010175,-0.0112317,-0.00120891,1.78662,1.23716,-0.00397896,-0.00145985,-0.000869073,0.00260757,0.000701987,-0.000175145,0.00339033,1.75578,1.20968,0,0,0,0,0.0240984,0.0269308,0,0,0,0,0.0281634,0.0308133,2,1.75578,1.20968,0,0.344544,0.487027,3.7308e-15,0,0,0,0,0,0,0,0,0,0,0,0,0.855775,1.20968,0,0,0,0,0,0,0,0,0,0,0,0,2,0.855775,1.20968,0,1,2,0,0,0,0,0,1.2049,-0.2598,2.3558,0,0,0,0,0,0,0,-0,0,1.47046,0,0,0,0,0,0,0,0,0,0,0,0,0,0,0,0,0,0,0,0,0,0,0,0,0,0,0,0,0,0,0,0,0
35.25,-0.0104154,-0.000886131,0.000694634,0,0,0,3.03752,2.01015,-2.36019,-0.00138905,-0.000948412,-0.000908304,0.000126242,0.0006484,-0.00308227,3,2,3.92699,0,0,0,0,0,0,0,0,0,0,0,2,3,2,3.92699,0,0,0,0,0,0,0,0,0,0,1.5708,1.5708,0,1.5708,1.5708,0,-0.00746327,-0.00811539,-0.000736541,-0.0101721,-0.0112344,-0.00120891,1.78662,1.23716,-0.00397896,-0.00145985,-0.000869073,0.00260757,0.000701987,-0.000175145,0.00339033,1.75578,1.20968,0,0,0,0,0.0137299,0.0378896,0,0,0,0,0.0169847,0.0395994,2,1.75578,1.20968,0,0.344544,0.487027,3.7308e-15,0,0,0,0,0,0,0,0,0,0,0,0,0.855775,1.20968,0,0,0,0,0,0,0,0,0,0,0,0,2,0.855775,1.20968,0,1,2,0,0,0,0,0,1.2049,-0.2598,2.3558,0,0,0,0,0,0,0,-0,0,1.47046,0,0,0,0,0,0,0,0,0,0,0,0,0,0,0,0,0,0,0,0,0,0,0,0,0,0,0,0,0,0,0,0,0
35.3,-0.0100916,-0.00173546,9.02928e-05,0,0,0,3.03737,2.01008,-2.36013,-0.00146748,-0.00068857,0.000567513,-0.000195077,0.00126092,0.00320964,3,2,3.92699,0,0,0,0,0,0,0,0,0,0,0,2,3,2,3.92699,0,0,0,0,0,0,0,0,0,0,1.5708,1.5708,0,1.5708,1.5708,0,-0.00748733,-0.00826853,-9.42106e-05,-0.0107483,-0.0111442,-0.00123909,1.78648,1.23708,-0.0038781,-0.00143574,-0.000814317,0.0010088,0.000494192,4.64928e-05,-0.0032293,1.75578,1.20968,0,0,0,0,0.0137299,0.0378896,0,0,0,0,0.0169847,0.0395994,2,1.75578,1.20968,0,0.344544,0.487027,3.7308e-15,0,0,0,0,0,0,0,0,0,0,0,0,0.855775,1.20968,0,0,0,0,0,0,0,0,0,0,0,0,2,0.855775,1.20968,0,1,2,0,0,0,0,0,1.2049,-0.2598,2.3558,0,0,0,0,0,0,0,-0,0,1.47046,0,0,0,0,0,0,0,0,0,0,0,0,0,0,0,0,0,0,0,0,0,0,0,0,0,0,0,0,0,0,0,0,0
35.35,-0.0100916,-0.00173546,9.02928e-05,0,0,0,3.03737,2.01008,-2.36013,-0.00146748,-0.00068857,0.000567513,-0.000195077,0.00126092,0.00320964,3,2,3.92699,0,0,0,0,0,0,0,0,0,0,0,2,3,2,3.92699,0,0,0,0,0,0,0,0,0,0,1.5708,1.5708,0,1.5708,1.5708,0,-0.00748733,-0.00826853,-9.42106e-05,-0.0107471,-0.0111452,-0.00123909,1.78648,1.23708,-0.0038781,-0.00143574,-0.000814317,0.0010088,0.000494192,4.64928e-05,-0.0032293,1.75578,1.20968,0,0,0,0,0.0226801,0.0291378,0,0,0,0,0.0258151,0.0318587,2,1.75578,1.20968,0,0.344544,0.487027,3.7308e-15,0,0,0,0,0,0,0,0,0,0,0,0,0.855775,1.20968,0,0,0,0,0,0,0,0,0,0,0,0,2,0.855775,1.20968,0,1,2,0,0,0,0,0,1.2049,-0.2598,2.3563,0,0,0,0,0,0,0,-0,0,1.47046,0,0,0,0,0,0,0,0,0,0,0,0,0,0,0,0,0,0,0,0,0,0,0,0,0,0,0,0,0,0,0,0,0
35.4,-0.00995795,-0.000332047,0.000172663,0,0,0,3.03722,2.00998,-2.3601,-0.00148931,-0.00109134,0.00035764,-0.000248445,-0.000769691,0.00194029,3,2,3.92699,0,0,0,0,0,0,0,0,0,0,0,2,3,2,3.92699,0,0,0,0,0,0,0,0,0,0,1.5708,1.5708,0,1.5708,1.5708,0,-0.00750552,-0.00779144,0.000125682,-0.0107471,-0.0111452,-0.00123909,1.78634,1.23699,-0.00383218,-0.00141362,-0.000943635,0.000459197,0.000356381,-0.000459152,-0.00503043,1.75578,1.20968,0,0,0,0,0.0226801,0.0291378,0,0,0,0,0.0258151,0.0318587,2,1.75578,1.20968,0,0.344544,0.487027,3.7308e-15,0,0,0,0,0,0,0,0,0,0,0,0,0.855775,1.20968,0,0,0,0,0,0,0,0,0,0,0,0,2,0.855775,1.20968,0,1,2,0,0,0,0,0,1.2049,-0.2598,2.3563,0,0,0,0,0,0,0,-0,0,1.47045,0,0,0,0,0,0,0,0,0,0,0,0,0,0,0,0,0,0,0,0,0,0,0,0,0,0,0,0,0,0,0,0,0
35.45,-0.00995795,-0.000332047,0.000172663,0,0,0,3.03722,2.00998,-2.3601,-0.00148931,-0.00109134,0.00035764,-0.000248445,-0.000769691,0.00194029,3,2,3.92699,0,0,0,0,0,0,0,0,0,0,0,2,3,2,3.92699,0,0,0,0,0,0,0,0,0,0,1.5708,1.5708,0,1.5708,1.5708,0,-0.00750552,-0.00779144,0.000125682,-0.0107466,-0.0111457,-0.00123909,1.78634,1.23699,-0.00383218,-0.00141362,-0.000943635,0.000459197,0.000356381,-0.000459152,-0.00503043,1.75578,1.20968,0,0,0,0,0.0258884,0.0260817,0,0,0,0,0.027093,0.0272727,2,1.75578,1.20968,0,0.344544,0.487027,3.7308e-15,0,0,0,0,0,0,0,0,0,0,0,0,0.855775,1.20968,0,0,0,0,0,0,0,0,0,0,0,0,2,0.855775,1.20968,0,1,2,0,0,0,0,0,1.2049,-0.2598,2.3563,0,0,0,0,0,0,0,-0,0,1.47045,0,0,0,0,0,0,0,0,0,0,0,0,0,0,0,0,0,0,0,0,0,0,0,0,0,0,0,0,0,0,0,0,0
35.5,-0.00971242,-0.000954001,9.94915e-05,0,0,0,3.03707,2.00989,-2.36004,-0.00154365,-0.000896391,0.000527137,-0.000372524,4.25658e-05,0.00167035,3,2,3.92699,0,0,0,0,0,0,0,0,0,0,0,2,3,2,3.92699,0,0,0,0,0,0,0,0,0,0,1.5708,1.5708,0,1.5708,1.5708,0,-0.00711518,-0.00834795,-7.0065e-05,-0.0107466,-0.0111457,-0.00123909,1.78619,1.23691,-0.00374004,-0.00151068,-0.000770604,0.000921787,-0.000191447,0.000347804,-0.00141681,1.75578,1.20968,0,0,0,0,0.0258884,0.0260817,0,0,0,0,0.027093,0.0272727,2,1.75578,1.20968,0,0.344544,0.487027,3.7308e-15,0,0,0,0,0,0,0,0,0,0,0,0,0.855775,1.20968,0,0,0,0,0,0,0,0,0,0,0,0,2,0.855775,1.20968,0,1,2,0,0,0,0,0,1.2049,-0.2598,2.3563,0,0,0,0,0,0,0,-0,0,1.47044,0,0,0,0,0,0,0,0,0,0,0,0,0,0,0,0,0,0,0,0,0,0,0,0,0,0,0,0,0,0,0,0,0
35.55,-0.00971242,-0.000954001,9.94915e-05,0,0,0,3.03707,2.00989,-2.36004,-0.00154365,-0.000896391,0.000527137,-0.000372524,4.25658e-05,0.00167035,3,2,3.92699,0,0,0,0,0,0,0,0,0,0,0,2,3,2,3.92699,0,0,0,0,0,0,0,0,0,0,1.5708,1.5708,0,1.5708,1.5708,0,-0.00711518,-0.00834795,-7.0065e-05,0,0,0,1.78619,1.23691,-0.00374004,-0.00151068,-0.000770604,0.000921787,-0.000191447,0.000347804,-0.00141681,1.75578,1.20968,0,0,0,0,0.0217248,0.027513,0,0,0,0,0.0263967,0.0318136,2,1.75578,1.20968,0,0.344544,0.487027,3.7308e-15,0,0,0,0,0,0,0,0,0,0,0,0,0.855775,1.20968,0,0,0,0,0,0,0,0,0,0,0,0,2,0.855775,1.20968,0,1,2,0,0,0,0,0,1.2049,-0.2599,2.3563,0,0,0,0,0,0,0,-0,0,1.47044,0,0,0,0,0,0,0,0,0,0,0,0,0,0,0,0,0,0,0,0,0,0,0,0,0,0,0,0,0,0,0,0,0
35.6,-0.00934576,-0.000178275,-8.149e-05,0,0,0,3.03691,2.00977,-2.35995,-0.0016328,-0.00111294,0.000953381,-0.000599115,-0.000731215,0.00267046,3,2,3.92699,0,0,0,0,0,0,0,0,0,0,0,2,3,2,3.92699,0,0,0,0,0,0,0,0,0,0,1.5708,1.5708,0,1.5708,1.5708,0,-0.00772068,-0.00789544,0.00011055,0,0,0,1.78606,1.23682,-0.00369317,-0.00131673,-0.000893279,0.000468525,0.000583526,-0.000173358,-0.00217135,1.75578,1.20968,0,0,0,0,0.0217248,0.027513,0,0,0,0,0.0263967,0.0318136,2,1.75578,1.20968,0,0.344544,0.487027,3.7308e-15,0,0,0,0,0,0,0,0,0,0,0,0,0.855775,1.20968,0,0,0,0,0,0,0,0,0,0,0,0,2,0.855775,1.20968,0,1,2,0,0,0,0,0,1.2049,-0.2599,2.3563,0,0,0,0,0,0,0,-0,0,1.4704,0,0,0,0,0,0,0,0,0,0,0,0,0,0,0,0,0,0,0,0,0,0,0,0,0,0,0,0,0,0,0,0,0
35.65,-0.00934576,-0.000178275,-8.149e-05,0,0,0,3.03691,2.00977,-2.35995,-0.0016328,-0.00111294,0.000953381,-0.000599115,-0.000731215,0.00267046,3,2,3.92699,0,0,0,0,0,0,0,0,0,0,0,2,3,2,3.92699,0,0,0,0,0,0,0,0,0,0,1.5708,1.5708,0,1.5708,1.5708,0,-0.00772068,-0.00789544,0.00011055,0,0,0,1.78606,1.23682,-0.00369317,-0.00131673,-0.000893279,0.000468525,0.000583526,-0.000173358,-0.00217135,1.75578,1.20968,0,0,0,0,0.0263997,0.0270702,0,0,0,0,0.0272299,0.0278562,2,1.75578,1.20968,0,0.344544,0.487027,3.7308e-15,0,0,0,0,0,0,0,0,0,0,0,0,0.855775,1.20968,0,0,0,0,0,0,0,0,0,0,0,0,2,0.855775,1.20968,0,1,2,0,0,0,0,0,1.2049,-0.2599,2.3563,0,0,0,0,0,0,0,-0,0,1.4704,0,0,0,0,0,0,0,0,0,0,0,0,0,0,0,0,0,0,0,0,0,0,0,0,0,0,0,0,0,0,0,0,0
35.7,-0.00936035,-0.00102383,-0.000389986,0,0,0,3.03674,2.00969,-2.35978,-0.00160929,-0.000852263,0.00167888,-0.000293624,0.00049965,0.00463616,3,2,3.92699,0,0,0,0,0,0,0,0,0,0,0,2,3,2,3.92699,0,0,0,0,0,0,0,0,0,0,1.5708,1.5708,0,1.5708,1.5708,0,-0.00774486,-0.00797523,0.000569362,0,0,0,1.78593,1.23673,-0.00375777,-0.00129427,-0.000859589,-0.000646084,0.000547436,-3.84821e-05,-0.00586041,1.75578,1.20968,0,0,0,0,0.0263997,0.0270702,0,0,0,0,0.0272299,0.0278562,2,1.75578,1.20968,0,0.344544,0.487027,3.7308e-15,0,0,0,0,0,0,0,0,0,0,0,0,0.855775,1.20968,0,0,0,0,0,0,0,0,0,0,0,0,2,0.855775,1.20968,0,1,2,0,0,0,0,0,1.2049,-0.2599,2.3563,0,0,0,0,0,0,0,-0,0,1.47038,0,0,0,0,0,0,0,0,0,0,0,0,0,0,0,0,0,0,0,0,0,0,0,0,0,0,0,0,0,0,0,0,0
35.75,-0.00936035,-0.00102383,-0.000389986,0,0,0,3.03674,2.00969,-2.35978,-0.00160929,-0.000852263,0.00167888,-0.000293624,0.00049965,0.00463616,3,2,3.92699,0,0,0,0,0,0,0,0,0,0,0,2,3,2,3.92699,0,0,0,0,0,0,0,0,0,0,1.5708,1.5708,0,1.5708,1.5708,0,-0.00774486,-0.00797523,0.000569362,0,0,0,1.78593,1.23673,-0.00375777,-0.00129427,-0.000859589,-0.000646084,0.000547436,-3.84821e-05,-0.00586041,1.75578,1.20968,0,0,0,0,0.032819,0.0208345,0,0,0,0,0.0334431,0.0222229,2,1.75578,1.20968,0,0.344544,0.487027,3.7308e-15,0,0,0,0,0,0,0,0,0,0,0,0,0.855775,1.20968,0,0,0,0,0,0,0,0,0,0,0,0,2,0.855775,1.20968,0,1,2,0,0,0,0,0,1.2047,-0.2602,2.3561,0,0,0,0,0,0,0,-0,0,1.47038,0,0,0,0,0,0,0,0,0,0,0,0,0,0,0,0,0,0,0,0,0,0,0,0,0,0,0,0,0,0,0,0,0
35.8,-0.0094885,-0.00125697,-0.000262195,0,0,0,3.03659,2.00961,-2.35965,-0.0015528,-0.000773958,0.00133758,8.90819e-05,0.000778525,0.00168757,3,2,3.92699,0,0,0,0,0,0,0,0,0,0,0,2,3,2,3.92699,0,0,0,0,0,0,0,0,0,0,1.5708,1.5708,0,1.5708,1.5708,0,-0.00750914,-0.00849487,-0.000350494,0,0,0,1.78579,1.23666,-0.00359949,-0.00134771,-0.00069827,0.00158279,0.000108925,0.000638837,0.00488751,1.75578,1.20968,0,0,0,0,0.032819,0.0208345,0,0,0,0,0.0334431,0.0222229,2,1.75578,1.20968,0,0.344544,0.487027,3.7308e-15,0,0,0,0,0,0,0,0,0,0,0,0,0.855775,1.20968,0,0,0,0,0,0,0,0,0,0,0,0,2,0.855775,1.20968,0,1,2,0,0,0,0,0,1.2047,-0.2602,2.3561,0,0,0,0,0,0,0,-0,0,1.47035,0,0,0,0,0,0,0,0,0,0,0,0,0,0,0,0,0,0,0,0,0,0,0,0,0,0,0,0,0,0,0,0,0
35.85,-0.0094885,-0.00125697,-0.000262195,0,0,0,3.03659,2.00961,-2.35965,-0.0015528,-0.000773958,0.00133758,8.90819e-05,0.000778525,0.00168757,3,2,3.92699,0,0,0,0,0,0,0,0,0,0,0,2,3,2,3.92699,0,0,0,0,0,0,0,0,0,0,1.5708,1.5708,0,1.5708,1.5708,0,-0.00750914,-0.00849487,-0.000350494,0,0,0,1.78579,1.23666,-0.00359949,-0.00134771,-0.00069827,0.00158279,0.000108925,0.000638837,0.00488751,1.75578,1.20968,0,0,0,0,0.019167,0.032801,0,0,0,0,0.02323,0.0359915,2,1.75578,1.20968,0,0.344544,0.487027,3.7308e-15,0,0,0,0,0,0,0,0,0,0,0,0,0.855775,1.20968,0,0,0,0,0,0,0,0,0,0,0,0,2,0.855775,1.20968,0,1,2,0,0,0,0,0,1.2047,-0.2602,2.3561,0,0,0,0,0,0,0,-0,0,1.47035,0,0,0,0,0,0,0,0,0,0,0,0,0,0,0,0,0,0,0,0,0,0,0,0,0,0,0,0,0,0,0,0,0
35.9,-0.00984266,-0.000900415,-0.00025336,0,0,0,3.03645,2.00952,-2.35952,-0.00143081,-0.000869229,0.00128998,0.00059329,0.000124847,0.000423446,3,2,3.92699,0,0,0,0,0,0,0,0,0,0,0,2,3,2,3.92699,0,0,0,0,0,0,0,0,0,0,1.5708,1.5708,0,1.5708,1.5708,0,-0.00775659,-0.00772,0.000667158,0,0,0,1.78567,1.23657,-0.0036895,-0.0012599,-0.000915623,-0.000900105,0.000357411,-0.000392903,-0.00553143,1.75578,1.20968,0,0,0,0,0.019167,0.032801,0,0,0,0,0.02323,0.0359915,2,1.75578,1.20968,0,0.344544,0.487027,3.7308e-15,0,0,0,0,0,0,0,0,0,0,0,0,0.855775,1.20968,0,0,0,0,0,0,0,0,0,0,0,0,2,0.855775,1.20968,0,1,2,0,0,0,0,0,1.2047,-0.2602,2.3561,0,0,0,0,0,0,0,-0,0,1.47034,0,0,0,0,0,0,0,0,0,0,0,0,0,0,0,0,0,0,0,0,0,0,0,0,0,0,0,0,0,0,0,0,0
35.95,-0.00984266,-0.000900415,-0.00025336,0,0,0,3.03645,2.00952,-2.35952,-0.00143081,-0.000869229,0.00128998,0.00059329,0.000124847,0.000423446,3,2,3.92699,0,0,0,0,0,0,0,0,0,0,0,2,3,2,3.92699,0,0,0,0,0,0,0,0,0,0,1.5708,1.5708,0,1.5708,1.5708,0,-0.00775659,-0.00772,0.000667158,0,0,0,1.78567,1.23657,-0.0036895,-0.0012599,-0.000915623,-0.000900105,0.000357411,-0.000392903,-0.00553143,1.75578,1.20968,0,0,0,0,0.0342685,0.0194815,0,0,0,0,0.0338683,0.0200247,2,1.75578,1.20968,0,0.344544,0.487027,3.7308e-15,0,0,0,0,0,0,0,0,0,0,0,0,0.855775,1.20968,0,0,0,0,0,0,0,0,0,0,0,0,2,0.855775,1.20968,0,1,2,0,0,0,0,0,1.2046,-0.2606,2.3558,0,0,0,0,0,0,0,-0,0,1.47034,0,0,0,0,0,0,0,0,0,0,0,0,0,0,0,0,0,0,0,0,0,0,0,0,0,0,0,0,0,0,0,0,0
36,-0.00996863,-0.00182869,-0.000252989,0,0,0,3.03631,2.00947,-2.35939,-0.00137706,-0.000587206,0.00126372,0.000639085,0.00111328,-2.16042e-05,3,2,3.92699,0,0,0,0,0,0,0,0,0,0,0,2,3,2,3.92699,0,0,0,0,0,0,0,0,0,0,1.5708,1.5708,0,1.5708,1.5708,0,-0.00803732,-0.00853886,-0.00019877,0,0,0,1.78555,1.23651,-0.00356912,-0.00116342,-0.000666558,0.00120383,0.000633571,0.000619514,0.00367501,1.75578,1.20968,0,0,0,0,0.0342685,0.0194815,0,0,0,0,0.0338683,0.0200247,2,1.75578,1.20968,0,0.344544,0.487027,3.7308e-15,0,0,0,0,0,0,0,0,0,0,0,0,0.855775,1.20968,0,0,0,0,0,0,0,0,0,0,0,0,2,0.855775,1.20968,0,1,2,0,0,0,0,0,1.2046,-0.2606,2.3558,0,0,0,0,0,0,0,-0,0,1.47033,0,0,0,0,0,0,0,0,0,0,0,0,0,0,0,0,0,0,0,0,0,0,0,0,0,0,0,0,0,0,0,0,0
36.05,-0.00996863,-0.00182869,-0.000252989,0,0,0,3.03631,2.00947,-2.35939,-0.00137706,-0.000587206,0.00126372,0.000639085,0.00111328,-2.16042e-05,3,2,3.92699,0,0,0,0,0,0,0,0,0,0,0,2,3,2,3.92699,0,0,0,0,0,0,0,0,0,0,1.5708,1.5708,0,1.5708,1.5708,0,-0.00803732,-0.00853886,-0.00019877,0,0,0,1.78555,1.23651,-0.00356912,-0.00116342,-0.000666558,0.00120383,0.000633571,0.000619514,0.00367501,1.75578,1.20968,0,0,0,0,0.0230732,0.0325742,0,0,0,0,0.0253266,0.034219,2,1.75578,1.20968,0,0.344544,0.487027,3.7308e-15,0,0,0,0,0,0,0,0,0,0,0,0,0.855775,1.20968,0,0,0,0,0,0,0,0,0,0,0,0,2,0.855775,1.20968,0,1,2,0,0,0,0,0,1.2046,-0.2606,2.3558,0,0,0,0,0,0,0,-0,0,1.47033,0,0,0,0,0,0,0,0,0,0,0,0,0,0,0,0,0,0,0,0,0,0,0,0,0,0,0,0,0,0,0,0,0
36.1,-0.0106972,-0.000812717,-0.000296881,0,0,0,3.03619,2.00938,-2.35926,-0.00114753,-0.000877741,0.00134477,0.00130709,-0.00035862,0.000250612,3,2,3.92699,0,0,0,0,0,0,0,0,0,0,0,2,3,2,3.92699,0,0,0,0,0,0,0,0,0,0,1.5708,1.5708,0,1.5708,1.5708,0,-0.00777664,-0.00787873,0.000354779,0,0,0,1.78543,1.23642,-0.00358447,-0.00122566,-0.000850885,-0.000153468,0.000169131,-0.000227476,-0.0019705,1.75578,1.20968,0,0,0,0,0.0230732,0.0325742,0,0,0,0,0.0253266,0.034219,2,1.75578,1.20968,0,0.344544,0.487027,3.7308e-15,0,0,0,0,0,0,0,0,0,0,0,0,0.855775,1.20968,0,0,0,0,0,0,0,0,0,0,0,0,2,0.855775,1.20968,0,1,2,0,0,0,0,0,1.2046,-0.2606,2.3558,0,0,0,0,0,0,0,-0,0,1.47033,0,0,0,0,0,0,0,0,0,0,0,0,0,0,0,0,0,0,0,0,0,0,0,0,0,0,0,0,0,0,0,0,0
36.15,-0.0106972,-0.000812717,-0.000296881,0,0,0,3.03619,2.00938,-2.35926,-0.00114753,-0.000877741,0.00134477,0.00130709,-0.00035862,0.000250612,3,2,3.92699,0,0,0,0,0,0,0,0,0,0,0,2,3,2,3.92699,0,0,0,0,0,0,0,0,0,0,1.5708,1.5708,0,1.5708,1.5708,0,-0.00777664,-0.00787873,0.000354779,0,0,0,1.78543,1.23642,-0.00358447,-0.00122566,-0.000850885,-0.000153468,0.000169131,-0.000227476,-0.0019705,1.75578,1.20968,0,0,0,0,0.029981,0.0238956,0,0,0,0,0.0303374,0.0246394,2,1.75578,1.20968,0,0.344544,0.487027,3.7308e-15,0,0,0,0,0,0,0,0,0,0,0,0,0.855775,1.20968,0,0,0,0,0,0,0,0,0,0,0,0,2,0.855775,1.20968,0,1,2,0,0,0,0,0,1.1297,-0.3357,2.2808,0,0,0,0,0,0,0,-0,0,1.47033,0,0,0,0,0,0,0,0,0,0,0,0,0,0,0,0,0,0,0,0,0,0,0,0,0,0,0,0,0,0,0,0,0
36.2,-0.0108351,-0.00141574,-9.03485e-05,0,0,0,3.03608,2.00931,-2.35917,-0.00109363,-0.000690841,0.000820069,0.00109038,0.00033209,-0.001909,3,2,3.92699,0,0,0,0,0,0,0,0,0,0,0,2,3,2,3.92699,0,0,0,0,0,0,0,0,0,0,1.5708,1.5708,0,1.5708,1.5708,0,-0.00782448,-0.00815111,0.000542529,0,0,0,1.78531,1.23634,-0.00364475,-0.00119738,-0.000761633,-0.000602792,0.000151461,0.000105227,-0.00374271,1.75578,1.20968,0,0,0,0,0.029981,0.0238956,0,0,0,0,0.0303374,0.0246394,2,1.75578,1.20968,0,0.344544,0.487027,3.7308e-15,0,0,0,0,0,0,0,0,0,0,0,0,0.855775,1.20968,0,0,0,0,0,0,0,0,0,0,0,0,2,0.855775,1.20968,0,1,2,0,0,0,0,0,1.1297,-0.3357,2.2808,0,0,0,0,0,0,0,-0,0,1.47035,0,0,0,0,0,0,0,0,0,0,0,0,0,0,0,0,0,0,0,0,0,0,0,0,0,0,0,0,0,0,0,0,0
36.25,-0.0108351,-0.00141574,-9.03485e-05,0,0,0,3.03608,2.00931,-2.35917,-0.00109363,-0.000690841,0.000820069,0.00109038,0.00033209,-0.001909,3,2,3.92699,0,0,0,0,0,0,0,0,0,0,0,2,3,2,3.92699,0,0,0,0,0,0,0,0,0,0,1.5708,1.5708,0,1.5708,1.5708,0,-0.00782448,-0.00815111,0.000542529,0,0,0,1.78531,1.23634,-0.00364475,-0.00119738,-0.000761633,-0.000602792,0.000151461,0.000105227,-0.00374271,1.75578,1.20968,0,0,0,0,0.0326876,0.0215199,0,0,0,0,0.0336695,0.0232139,2,1.75578,1.20968,0,0.344544,0.487027,3.7308e-15,0,0,0,0,0,0,0,0,0,0,0,0,0.855775,1.20968,0,0,0,0,0,0,0,0,0,0,0,0,2,0.855775,1.20968,0,1,2,0,0,0,0,0,1.1297,-0.3357,2.2808,0,0,0,0,0,0,0,-0,0,1.47035,0,0,0,0,0,0,0,0,0,0,0,0,0,0,0,0,0,0,0,0,0,0,0,0,0,0,0,0,0,0,0,0,0
36.3,-0.0110484,-0.000782464,-7.14424e-05,0,0,0,3.03598,2.00922,-2.3591,-0.00101829,-0.000868112,0.000758339,0.000927168,-0.000414936,-0.0016858,3,2,3.92699,0,0,0,0,0,0,0,0,0,0,0,2,3,2,3.92699,0,0,0,0,0,0,0,0,0,0,1.5708,1.5708,0,1.5708,1.5708,0,-0.00789657,-0.00693242,0.000530946,0,0,0,1.78519,1.23623,-0.00370105,-0.00116237,-0.00110742,-0.000563043,0.000229267,-0.0012729,-0.00232798,1.75578,1.20968,0,0,0,0,0.0326876,0.0215199,0,0,0,0,0.0336695,0.0232139,2,1.75578,1.20968,0,0.344544,0.487027,3.7308e-15,0,0,0,0,0,0,0,0,0,0,0,0,0.855775,1.20968,0,0,0,0,0,0,0,0,0,0,0,0,2,0.855775,1.20968,0,1,2,0,0,0,0,0,1.1297,-0.3357,2.2808,0,0,0,0,0,0,0,-0,0,1.47037,0,0,0,0,0,0,0,0,0,0,0,0,0,0,0,0,0,0,0,0,0,0,0,0,0,0,0,0,0,0,0,0,0
36.35,-0.0110484,-0.000782464,-7.14424e-05,0,0,0,3.03598,2.00922,-2.3591,-0.00101829,-0.000868112,0.000758339,0.000927168,-0.000414936,-0.0016858,3,2,3.92699,0,0,0,0,0,0,0,0,0,0,0,2,3,2,3.92699,0,0,0,0,0,0,0,0,0,0,1.5708,1.5708,0,1.5708,1.5708,0,-0.00789657,-0.00693242,0.000530946,0,0,0,1.78519,1.23623,-0.00370105,-0.00116237,-0.00110742,-0.000563043,0.000229267,-0.0012729,-0.00232798,1.75578,1.20968,0,0,0,0,0.0330251,0.0217119,0,0,0,0,0.0295037,0.0189123,2,1.75578,1.20968,0,0.344544,0.487027,3.7308e-15,0,0,0,0,0,0,0,0,0,0,0,0,0.855775,1.20968,0,0,0,0,0,0,0,0,0,0,0,0,2,0.855775,1.20968,0,1,2,0,0,0,0,0,1.2732,-0.1925,2.424,0,0,0,0,0,0,0,-0,0,1.47037,0,0,0,0,0,0,0,0,0,0,0,0,0,0,0,0,0,0,0,0,0,0,0,0,0,0,0,0,0,0,0,0,0
36.4,-0.0107828,-0.00118162,-0.000111176,0,0,0,3.03587,2.00915,-2.35902,-0.00108405,-0.000741014,0.000839287,0.000271185,0.000157029,-0.000658078,3,2,3.92699,0,0,0,0,0,0,0,0,0,0,0,2,3,2,3.92699,0,0,0,0,0,0,0,0,0,0,1.5708,1.5708,0,1.5708,1.5708,0,-0.00812722,-0.0073498,0.000855931,0,0,0,1.78508,1.23614,-0.00383453,-0.00108161,-0.000972964,-0.00133495,0.000470088,-0.00041428,-0.0042911,1.75578,1.20968,0,0,0,0,0.0330251,0.0217119,0,0,0,0,0.0295037,0.0189123,2,1.75578,1.20968,0,0.344544,0.487027,3.7308e-15,0,0,0,0,0,0,0,0,0,0,0,0,0.855775,1.20968,0,0,0,0,0,0,0,0,0,0,0,0,2,0.855775,1.20968,0,1,2,0,0,0,0,0,1.2732,-0.1925,2.424,0,0,0,0,0,0,0,-0,0,1.47038,0,0,0,0,0,0,0,0,0,0,0,0,0,0,0,0,0,0,0,0,0,0,0,0,0,0,0,0,0,0,0,0,0
36.45,-0.0107828,-0.00118162,-0.000111176,0,0,0,3.03587,2.00915,-2.35902,-0.00108405,-0.000741014,0.000839287,0.000271185,0.000157029,-0.000658078,3,2,3.92699,0,0,0,0,0,0,0,0,0,0,0,2,3,2,3.92699,0,0,0,0,0,0,0,0,0,0,1.5708,1.5708,0,1.5708,1.5708,0,-0.00812722,-0.0073498,0.000855931,0,0,0,1.78508,1.23614,-0.00383453,-0.00108161,-0.000972964,-0.00133495,0.000470088,-0.00041428,-0.0042911,1.75578,1.20968,0,0,0,0,0.0382279,0.0181095,0,0,0,0,0.03509,0.0162558,2,1.75578,1.20968,0,0.344544,0.487027,3.7308e-15,0,0,0,0,0,0,0,0,0,0,0,0,0.855775,1.20968,0,0,0,0,0,0,0,0,0,0,0,0,2,0.855775,1.20968,0,1,2,0,0,0,0,0,1.2732,-0.1925,2.424,0,0,0,0,0,0,0,-0,0,1.47038,0,0,0,0,0,0,0,0,0,0,0,0,0,0,0,0,0,0,0,0,0,0,0,0,0,0,0,0,0,0,0,0,0
36.5,-0.011231,-0.000939042,-0.000144715,0,0,0,3.03578,2.00907,-2.35892,-0.000940037,-0.000803305,0.000903699,0.000649763,-7.69694e-05,1.12094e-06,3,2,3.92699,0,0,0,0,0,0,0,0,0,0,0,2,3,2,3.92699,0,0,0,0,0,0,0,0,0,0,1.5708,1.5708,0,1.5708,1.5708,0,-0.00794932,-0.00705884,0.000828453,0,0,0,1.78497,1.23603,-0.00395877,-0.00112072,-0.00104625,-0.00124253,0.000158906,-0.000425098,-0.00247284,1.75578,1.20968,0,0,0,0,0.0382279,0.0181095,0,0,0,0,0.03509,0.0162558,2,1.75578,1.20968,0,0.344544,0.487027,3.7308e-15,0,0,0,0,0,0,0,0,0,0,0,0,0.855775,1.20968,0,0,0,0,0,0,0,0,0,0,0,0,2,0.855775,1.20968,0,1,2,0,0,0,0,0,1.2732,-0.1925,2.424,0,0,0,0,0,0,0,-0,0,1.47041,0,0,0,0,0,0,0,0,0,0,0,0,0,0,0,0,0,0,0,0,0,0,0,0,0,0,0,0,0,0,0,0,0
36.55,-0.011231,-0.000939042,-0.000144715,0,0,0,3.03578,2.00907,-2.35892,-0.000940037,-0.000803305,0.000903699,0.000649763,-7.69694e-05,1.12094e-06,3,2,3.92699,0,0,0,0,0,0,0,0,0,0,0,2,3,2,3.92699,0,0,0,0,0,0,0,0,0,0,1.5708,1.5708,0,1.5708,1.5708,0,-0.00794932,-0.00705884,0.000828453,-0.0105354,4.17076e-05,0.000754126,1.78497,1.23603,-0.00395877,-0.00112072,-0.00104625,-0.00124253,0.000158906,-0.000425098,-0.00247284,1.75578,1.20968,0,0,0,0,0.0372938,0.0178074,0,0,0,0,0.0337833,0.0155408,2,1.75578,1.20968,0,0.344544,0.487027,3.7308e-15,0,0,0,0,0,0,0,0,0,0,0,0,0.855775,1.20968,0,0,0,0,0,0,0,0,0,0,0,0,2,0.855775,1.20968,0,1,2,0,0,0,0,0,1.2046,-0.2613,2.355,0,0,0,0,0,0,0,-0,0,1.47041,0,0,0,0,0,0,0,0,0,0,0,0,0,0,0,0,0,0,0,0,0,0,0,0,0,0,0,0,0,0,0,0,0
36.6,-0.0108007,0.000365656,0.000292699,0,0,0,3.03567,2.00895,-2.35894,-0.00105495,-0.00117583,-0.000169319,-1.75827e-05,-0.00156624,-0.00419758,3,2,3.92699,0,0,0,0,0,0,0,0,0,0,0,2,3,2,3.92699,0,0,0,0,0,0,0,0,0,0,1.5708,1.5708,0,1.5708,1.5708,0,-0.00784491,-0.00672255,0.000447178,-0.0105354,4.17076e-05,0.000754126,1.78486,1.23592,-0.00398872,-0.00113798,-0.00113187,-0.000299523,-1.54915e-05,-0.000598698,0.00252923,1.75578,1.20968,0,0,0,0,0.0372938,0.0178074,0,0,0,0,0.0337833,0.0155408,2,1.75578,1.20968,0,0.344544,0.487027,3.7308e-15,0,0,0,0,0,0,0,0,0,0,0,0,0.855775,1.20968,0,0,0,0,0,0,0,0,0,0,0,0,2,0.855775,1.20968,0,1,2,0,0,0,0,0,1.2046,-0.2613,2.355,0,0,0,0,0,0,0,-0,0,1.47042,0,0,0,0,0,0,0,0,0,0,0,0,0,0,0,0,0,0,0,0,0,0,0,0,0,0,0,0,0,0,0,0,0
36.65,-0.0108007,0.000365656,0.000292699,0,0,0,3.03567,2.00895,-2.35894,-0.00105495,-0.00117583,-0.000169319,-1.75827e-05,-0.00156624,-0.00419758,3,2,3.92699,0,0,0,0,0,0,0,0,0,0,0,2,3,2,3.92699,0,0,0,0,0,0,0,0,0,0,1.5708,1.5708,0,1.5708,1.5708,0,-0.00784491,-0.00672255,0.000447178,-0.0105354,4.2023e-05,0.000754126,1.78486,1.23592,-0.00398872,-0.00113798,-0.00113187,-0.000299523,-1.54915e-05,-0.000598698,0.00252923,1.75578,1.20968,0,0,0,0,0.0317238,0.0226421,0,0,0,0,0.027735,0.0192325,2,1.75578,1.20968,0,0.344544,0.487027,3.7308e-15,0,0,0,0,0,0,0,0,0,0,0,0,0.855775,1.20968,0,0,0,0,0,0,0,0,0,0,0,0,2,0.855775,1.20968,0,1,2,0,0,0,0,0,1.2046,-0.2613,2.355,0,0,0,0,0,0,0,-0,0,1.47042,0,0,0,0,0,0,0,0,0,0,0,0,0,0,0,0,0,0,0,0,0,0,0,0,0,0,0,0,0,0,0,0,0
36.7,-0.0110096,-0.000259526,-1.52504e-05,0,0,0,3.03558,2.00885,-2.35888,-0.000981371,-0.00097893,0.000576929,0.00019244,-0.000356028,-0.000107061,3,2,3.92699,0,0,0,0,0,0,0,0,0,0,0,2,3,2,3.92699,0,0,0,0,0,0,0,0,0,0,1.5708,1.5708,0,1.5708,1.5708,0,-0.00829102,-0.00751278,0.000815514,-0.0105354,4.2023e-05,0.000754126,1.78476,1.23583,-0.00410683,-0.000994798,-0.000888605,-0.00118105,0.000538487,0.000588342,-0.00132682,1.75578,1.20968,0,0,0,0,0.0317238,0.0226421,0,0,0,0,0.027735,0.0192325,2,1.75578,1.20968,0,0.344544,0.487027,3.7308e-15,0,0,0,0,0,0,0,0,0,0,0,0,0.855775,1.20968,0,0,0,0,0,0,0,0,0,0,0,0,2,0.855775,1.20968,0,1,2,0,0,0,0,0,1.2046,-0.2613,2.355,0,0,0,0,0,0,0,-0,0,1.47041,0,0,0,0,0,0,0,0,0,0,0,0,0,0,0,0,0,0,0,0,0,0,0,0,0,0,0,0,0,0,0,0,0
36.75,-0.0110096,-0.000259526,-1.52504e-05,0,0,0,3.03558,2.00885,-2.35888,-0.000981371,-0.00097893,0.000576929,0.00019244,-0.000356028,-0.000107061,3,2,3.92699,0,0,0,0,0,0,0,0,0,0,0,2,3,2,3.92699,0,0,0,0,0,0,0,0,0,0,1.5708,1.5708,0,1.5708,1.5708,0,-0.00829102,-0.00751278,0.000815514,-0.0105354,4.32674e-05,0.000754126,1.78476,1.23583,-0.00410683,-0.000994798,-0.000888605,-0.00118105,0.000538487,0.000588342,-0.00132682,1.75578,1.20968,0,0,0,0,0.0381891,0.0192664,0,0,0,0,0.0351058,0.017391,2,1.75578,1.20968,0,0.344544,0.487027,3.7308e-15,0,0,0,0,0,0,0,0,0,0,0,0,0.855775,1.20968,0,0,0,0,0,0,0,0,0,0,0,0,2,0.855775,1.20968,0,1,2,0,0,0,0,0,1.2293,-0.2366,2.3795,0,0,0,0,0,0,0,-0,0,1.47041,0,0,0,0,0,0,0,0,0,0,0,0,0,0,0,0,0,0,0,0,0,0,0,0,0,0,0,0,0,0,0,0,0
36.8,-0.0109273,0.000694184,0.000168779,0,0,0,3.03548,2.00873,-2.35887,-0.000993879,-0.00124662,0.000121621,9.48574e-05,-0.0011187,-0.00133021,3,2,3.92699,0,0,0,0,0,0,0,0,0,0,0,2,3,2,3.92699,0,0,0,0,0,0,0,0,0,0,1.5708,1.5708,0,1.5708,1.5708,0,-0.00771719,-0.00726634,0.000380543,-0.0108291,-0.00987301,0.0015314,1.78464,1.23573,-0.00411782,-0.00115016,-0.000949922,-0.000109888,-0.000221574,0.00026976,0.00296215,1.75578,1.20968,0,0,0,0,0.0381891,0.0192664,0,0,0,0,0.0351058,0.017391,2,1.75578,1.20968,0,0.344544,0.487027,3.7308e-15,0,0,0,0,0,0,0,0,0,0,0,0,0.855775,1.20968,0,0,0,0,0,0,0,0,0,0,0,0,2,0.855775,1.20968,0,1,2,0,0,0,0,0,1.2293,-0.2366,2.3795,0,0,0,0,0,0,0,-0,0,1.47041,0,0,0,0,0,0,0,0,0,0,0,0,0,0,0,0,0,0,0,0,0,0,0,0,0,0,0,0,0,0,0,0,0
36.85,-0.0109273,0.000694184,0.000168779,0,0,0,3.03548,2.00873,-2.35887,-0.000993879,-0.00124662,0.000121621,9.48574e-05,-0.0011187,-0.00133021,3,2,3.92699,0,0,0,0,0,0,0,0,0,0,0,2,3,2,3.92699,0,0,0,0,0,0,0,0,0,0,1.5708,1.5708,0,1.5708,1.5708,0,-0.00771719,-0.00726634,0.000380543,-0.0108292,-0.00987289,0.0015314,1.78464,1.23573,-0.00411782,-0.00115016,-0.000949922,-0.000109888,-0.000221574,0.00026976,0.00296215,1.75578,1.20968,0,0,0,0,0.0302461,0.023207,0,0,0,0,0.0286692,0.0220788,2,1.75578,1.20968,0,0.344544,0.487027,3.7308e-15,0,0,0,0,0,0,0,0,0,0,0,0,0.855775,1.20968,0,0,0,0,0,0,0,0,0,0,0,0,2,0.855775,1.20968,0,1,2,0,0,0,0,0,1.2293,-0.2366,2.3795,0,0,0,0,0,0,0,-0,0,1.47041,0,0,0,0,0,0,0,0,0,0,0,0,0,0,0,0,0,0,0,0,0,0,0,0,0,0,0,0,0,0,0,0,0
36.9,-0.0109716,0.000747378,7.09547e-05,0,0,0,3.03538,2.0086,-2.35884,-0.000969195,-0.0012475,0.000355228,0.000141598,-0.000779421,-3.06904e-05,3,2,3.92699,0,0,0,0,0,0,0,0,0,0,0,2,3,2,3.92699,0,0,0,0,0,0,0,0,0,0,1.5708,1.5708,0,1.5708,1.5708,0,-0.00830101,-0.00684314,0.000200502,-0.0108292,-0.00987289,0.0015314,1.78455,1.23563,-0.00408521,-0.000966756,-0.00106197,0.000326038,0.000496067,-0.000329582,0.00410079,1.75578,1.20968,0,0,0,0,0.0302461,0.023207,0,0,0,0,0.0286692,0.0220788,2,1.75578,1.20968,0,0.344544,0.487027,3.7308e-15,0,0,0,0,0,0,0,0,0,0,0,0,0.855775,1.20968,0,0,0,0,0,0,0,0,0,0,0,0,2,0.855775,1.20968,0,1,2,0,0,0,0,0,1.2293,-0.2366,2.3795,0,0,0,0,0,0,0,-0,0,1.4704,0,0,0,0,0,0,0,0,0,0,0,0,0,0,0,0,0,0,0,0,0,0,0,0,0,0,0,0,0,0,0,0,0
36.95,-0.0109716,0.000747378,7.09547e-05,0,0,0,3.03538,2.0086,-2.35884,-0.000969195,-0.0012475,0.000355228,0.000141598,-0.000779421,-3.06904e-05,3,2,3.92699,0,0,0,0,0,0,0,0,0,0,0,2,3,2,3.92699,0,0,0,0,0,0,0,0,0,0,1.5708,1.5708,0,1.5708,1.5708,0,-0.00830101,-0.00684314,0.000200502,-0.0108289,-0.00987324,0.0015314,1.78455,1.23563,-0.00408521,-0.000966756,-0.00106197,0.000326038,0.000496067,-0.000329582,0.00410079,1.75578,1.20968,0,0,0,0,0.0298454,0.0276719,0,0,0,0,0.024924,0.0228884,2,1.75578,1.20968,0,0.344544,0.487027,3.7308e-15,0,0,0,0,0,0,0,0,0,0,0,0,0.855775,1.20968,0,0,0,0,0,0,0,0,0,0,0,0,2,0.855775,1.20968,0,1,2,0,0,0,0,0,1.2045,-0.2614,2.3547,0,0,0,0,0,0,0,-0,0,1.4704,0,0,0,0,0,0,0,0,0,0,0,0,0,0,0,0,0,0,0,0,0,0,0,0,0,0,0,0,0,0,0,0,0
37,-0.0119583,-0.000594926,0.000645182,0,0,0,3.03531,2.00852,-2.35894,-0.000668909,-0.000839798,-0.00103706,0.00129158,0.00120749,-0.00540594,3,2,3.92699,0,0,0,0,0,0,0,0,0,0,0,2,3,2,3.92699,0,0,0,0,0,0,0,0,0,0,1.5708,1.5708,0,1.5708,1.5708,0,-0.00824956,-0.00741272,0.00031138,-0.0108289,-0.00987324,0.0015314,1.78445,1.23554,-0.00407996,-0.000970404,-0.000883739,5.24957e-05,0.000380767,0.000433498,0.00152328,1.75578,1.20968,0,0,0,0,0.0298454,0.0276719,0,0,0,0,0.024924,0.0228884,2,1.75578,1.20968,0,0.344544,0.487027,3.7308e-15,0,0,0,0,0,0,0,0,0,0,0,0,0.855775,1.20968,0,0,0,0,0,0,0,0,0,0,0,0,2,0.855775,1.20968,0,1,2,0,0,0,0,0,1.2045,-0.2614,2.3547,0,0,0,0,0,0,0,-0,0,1.47043,0,0,0,0,0,0,0,0,0,0,0,0,0,0,0,0,0,0,0,0,0,0,0,0,0,0,0,0,0,0,0,0,0
37.05,-0.0119583,-0.000594926,0.000645182,0,0,0,3.03531,2.00852,-2.35894,-0.000668909,-0.000839798,-0.00103706,0.00129158,0.00120749,-0.00540594,3,2,3.92699,0,0,0,0,0,0,0,0,0,0,0,2,3,2,3.92699,0,0,0,0,0,0,0,0,0,0,1.5708,1.5708,0,1.5708,1.5708,0,-0.00824956,-0.00741272,0.00031138,0,0,0,1.78445,1.23554,-0.00407996,-0.000970404,-0.000883739,5.24957e-05,0.000380767,0.000433498,0.00152328,1.75578,1.20968,0,0,0,0,0.031086,0.0260624,0,0,0,0,0.0282395,0.0235358,2,1.75578,1.20968,0,0.344544,0.487027,3.7308e-15,0,0,0,0,0,0,0,0,0,0,0,0,0.855775,1.20968,0,0,0,0,0,0,0,0,0,0,0,0,2,0.855775,1.20968,0,1,2,0,0,0,0,0,1.2045,-0.2614,2.3547,0,0,0,0,0,0,0,-0,0,1.47043,0,0,0,0,0,0,0,0,0,0,0,0,0,0,0,0,0,0,0,0,0,0,0,0,0,0,0,0,0,0,0,0,0
37.1,-0.00702087,-0.00139752,-0.00333431,0,0,0,3.0351,2.00846,-2.35808,-0.00210656,-0.000594908,0.00858352,-0.0048162,0.00197078,0.0344766,3,2,3.92699,0,0,0,0,0,0,0,0,0,0,0,2,3,2,3.92699,0,0,0,0,0,0,0,0,0,0,1.5708,1.5708,0,1.5708,1.5708,0,-0.00821469,-0.00745218,-0.000102986,0,0,0,1.78435,1.23545,-0.00397485,-0.000969165,-0.000861886,0.00104975,0.000216212,0.00044923,0.00455125,1.75578,1.20968,0,0,0,0,0.031086,0.0260624,0,0,0,0,0.0282395,0.0235358,2,1.75578,1.20968,0,0.344544,0.487027,3.7308e-15,0,0,0,0,0,0,0,0,0,0,0,0,0.855775,1.20968,0,0,0,0,0,0,0,0,0,0,0,0,2,0.855775,1.20968,0,1,2,0,0,0,0,0,1.2045,-0.2614,2.3547,0,0,0,0,0,0,0,-0,0,1.47035,0,0,0,0,0,0,0,0,0,0,0,0,0,0,0,0,0,0,0,0,0,0,0,0,0,0,0,0,0,0,0,0,0
37.15,-0.00702087,-0.00139752,-0.00333431,0,0,0,3.0351,2.00846,-2.35808,-0.00210656,-0.000594908,0.00858352,-0.0048162,0.00197078,0.0344766,3,2,3.92699,0,0,0,0,0,0,0,0,0,0,0,2,3,2,3.92699,0,0,0,0,0,0,0,0,0,0,1.5708,1.5708,0,1.5708,1.5708,0,-0.00821469,-0.00745218,-0.000102986,0,0,0,1.78435,1.23545,-0.00397485,-0.000969165,-0.000861886,0.00104975,0.000216212,0.00044923,0.00455125,1.75578,1.20968,0,0,0,0,0.0252219,0.0316694,0,0,0,0,0.0229945,0.0290289,2,1.75578,1.20968,0,0.344544,0.487027,3.7308e-15,0,0,0,0,0,0,0,0,0,0,0,0,0.855775,1.20968,0,0,0,0,0,0,0,0,0,0,0,0,2,0.855775,1.20968,0,1,2,0,0,0,0,0,1.1132,-0.3535,2.263,0,0,0,0,0,0,0,-0,0,1.47035,0,0,0,0,0,0,0,0,0,0,0,0,0,0,0,0,0,0,0,0,0,0,0,0,0,0,0,0,0,0,0,0,0
37.2,-0.0108814,-0.00172218,-0.000743285,0,0,0,3.03501,2.00841,-2.35786,-0.000951462,-0.000492852,0.00216406,0.000907812,0.00169818,0.000408201,3,2,3.92699,0,0,0,0,0,0,0,0,0,0,0,2,3,2,3.92699,0,0,0,0,0,0,0,0,0,0,1.5708,1.5708,0,1.5708,1.5708,0,-0.00849287,-0.00776945,0.000153426,0,0,0,1.78426,1.23538,-0.00393379,-0.000876861,-0.000759457,0.000411379,0.000482155,0.000686297,0.000586802,1.75578,1.20968,0,0,0,0,0.0252219,0.0316694,0,0,0,0,0.0229945,0.0290289,2,1.75578,1.20968,0,0.344544,0.487027,3.7308e-15,0,0,0,0,0,0,0,0,0,0,0,0,0.855775,1.20968,0,0,0,0,0,0,0,0,0,0,0,0,2,0.855775,1.20968,0,1,2,0,0,0,0,0,1.1132,-0.3535,2.263,0,0,0,0,0,0,0,-0,0,1.47035,0,0,0,0,0,0,0,0,0,0,0,0,0,0,0,0,0,0,0,0,0,0,0,0,0,0,0,0,0,0,0,0,0
37.25,-0.0108814,-0.00172218,-0.000743285,0,0,0,3.03501,2.00841,-2.35786,-0.000951462,-0.000492852,0.00216406,0.000907812,0.00169818,0.000408201,3,2,3.92699,0,0,0,0,0,0,0,0,0,0,0,2,3,2,3.92699,0,0,0,0,0,0,0,0,0,0,1.5708,1.5708,0,1.5708,1.5708,0,-0.00849287,-0.00776945,0.000153426,0,0,0,1.78426,1.23538,-0.00393379,-0.000876861,-0.000759457,0.000411379,0.000482155,0.000686297,0.000586802,1.75578,1.20968,0,0,0,0,0.0296634,0.0291668,0,0,0,0,0.027356,0.02689,2,1.75578,1.20968,0,0.344544,0.487027,3.7308e-15,0,0,0,0,0,0,0,0,0,0,0,0,0.855775,1.20968,0,0,0,0,0,0,0,0,0,0,0,0,2,0.855775,1.20968,0,1,2,0,0,0,0,0,1.1132,-0.3535,2.263,0,0,0,0,0,0,0,-0,0,1.47035,0,0,0,0,0,0,0,0,0,0,0,0,0,0,0,0,0,0,0,0,0,0,0,0,0,0,0,0,0,0,0,0,0
37.3,-0.0108814,-0.00172218,-0.000743285,0,0,0,3.03501,2.00841,-2.35786,-0.000951462,-0.000492852,0.00216406,0.000907812,0.00169818,0.000408201,3,2,3.92699,0,0,0,0,0,0,0,0,0,0,0,2,3,2,3.92699,0,0,0,0,0,0,0,0,0,0,1.5708,1.5708,0,1.5708,1.5708,0,-0.00849287,-0.00776945,0.000153426,0,0,0,1.78426,1.23538,-0.00393379,-0.000876861,-0.000759457,0.000411379,0.000482155,0.000686297,0.000586802,1.75578,1.20968,0,0,0,0,0.0296634,0.0291668,0,0,0,0,0.027356,0.02689,2,1.75578,1.20968,0,0.344544,0.487027,3.7308e-15,0,0,0,0,0,0,0,0,0,0,0,0,0.855775,1.20968,0,0,0,0,0,0,0,0,0,0,0,0,2,0.855775,1.20968,0,1,2,0,0,0,0,0,1.1132,-0.3535,2.263,0,0,0,0,0,0,0,-0,0,1.47035,0,0,0,0,0,0,0,0,0,0,0,0,0,0,0,0,0,0,0,0,0,0,0,0,0,0,0,0,0,0,0,0,0
37.35,-0.011892,-0.00108896,-0.000178083,0,0,0,3.03494,2.00834,-2.35779,-0.000644366,-0.000672435,0.000757976,0.00253896,0.000261702,-0.00996201,3,2,3.92699,0,0,0,0,0,0,0,0,0,0,0,2,3,2,3.92699,0,0,0,0,0,0,0,0,0,0,1.5708,1.5708,0,1.5708,1.5708,0,-0.00842196,-0.00743407,1.25892e-05,0,0,0,1.78418,1.23529,-0.00385951,-0.000887223,-0.000848171,0.000742604,0.000277773,8.41977e-05,0.00114309,1.75578,1.20968,0,0,0,0,0.0296634,0.0291668,0,0,0,0,0.027356,0.02689,2,1.75578,1.20968,0,0.344544,0.487027,3.7308e-15,0,0,0,0,0,0,0,0,0,0,0,0,0.855775,1.20968,0,0,0,0,0,0,0,0,0,0,0,0,2,0.855775,1.20968,0,1,2,0,0,0,0,0,1.1465,-0.3206,2.2961,0,0,0,0,0,0,0,-0,0,1.47038,0,0,0,0,0,0,0,0,0,0,0,0,0,0,0,0,0,0,0,0,0,0,0,0,0,0,0,0,0,0,0,0,0
37.4,-0.011892,-0.00108896,-0.000178083,0,0,0,3.03494,2.00834,-2.35779,-0.000644366,-0.000672435,0.000757976,0.00253896,0.000261702,-0.00996201,3,2,3.92699,0,0,0,0,0,0,0,0,0,0,0,2,3,2,3.92699,0,0,0,0,0,0,0,0,0,0,1.5708,1.5708,0,1.5708,1.5708,0,-0.00842196,-0.00743407,1.25892e-05,0,0,0,1.78418,1.23529,-0.00385951,-0.000887223,-0.000848171,0.000742604,0.000277773,8.41977e-05,0.00114309,1.75578,1.20968,0,0,0,0,0.027541,0.0308029,0,0,0,0,0.0244247,0.0274771,2,1.75578,1.20968,0,0.344544,0.487027,3.7308e-15,0,0,0,0,0,0,0,0,0,0,0,0,0.855775,1.20968,0,0,0,0,0,0,0,0,0,0,0,0,2,0.855775,1.20968,0,1,2,0,0,0,0,0,1.1465,-0.3206,2.2961,0,0,0,0,0,0,0,-0,0,1.47038,0,0,0,0,0,0,0,0,0,0,0,0,0,0,0,0,0,0,0,0,0,0,0,0,0,0,0,0,0,0,0,0,0
37.45,-0.0115319,-6.34828e-06,0.000107199,0,0,0,3.03487,2.00824,-2.35778,-0.000742212,-0.000981478,5.48381e-05,0.00135748,-0.00127042,-0.0102029,3,2,3.92699,0,0,0,0,0,0,0,0,0,0,0,2,3,2,3.92699,0,0,0,0,0,0,0,0,0,0,1.5708,1.5708,0,1.5708,1.5708,0,-0.00843988,-0.00785624,-0.000277215,0,0,0,1.78409,1.23522,-0.00371689,-0.000871611,-0.000715356,0.00142623,0.000204364,0.000502309,0.00349126,1.75578,1.20968,0,0,0,0,0.027541,0.0308029,0,0,0,0,0.0244247,0.0274771,2,1.75578,1.20968,0,0.344544,0.487027,3.7308e-15,0,0,0,0,0,0,0,0,0,0,0,0,0.855775,1.20968,0,0,0,0,0,0,0,0,0,0,0,0,2,0.855775,1.20968,0,1,2,0,0,0,0,0,1.1465,-0.3206,2.2961,0,0,0,0,0,0,0,-0,0,1.47038,0,0,0,0,0,0,0,0,0,0,0,0,0,0,0,0,0,0,0,0,0,0,0,0,0,0,0,0,0,0,0,0,0
37.5,-0.0112509,-0.00136712,-0.000279814,0,0,0,3.03479,2.00819,-2.35768,-0.000815739,-0.000571506,0.000987427,0.000361552,0.000667993,-0.00243291,3,2,3.92699,0,0,0,0,0,0,0,0,0,0,0,2,3,2,3.92699,0,0,0,0,0,0,0,0,0,0,1.5708,1.5708,0,1.5708,1.5708,0,-0.00886108,-0.00796086,9.47286e-05,0,0,0,1.78401,1.23515,-0.0036667,-0.000738805,-0.000676526,0.000502099,0.000643474,0.000513387,-0.0012784,1.75578,1.20968,0,0,0,0,0.0235052,0.0349462,0,0,0,0,0.0220532,0.0327621,2,1.75578,1.20968,0,0.344544,0.487027,3.7308e-15,0,0,0,0,0,0,0,0,0,0,0,0,0.855775,1.20968,0,0,0,0,0,0,0,0,0,0,0,0,2,0.855775,1.20968,0,1,2,0,0,0,0,0,1.1465,-0.3206,2.2961,0,0,0,0,0,0,0,-0,0,1.47038,0,0,0,0,0,0,0,0,0,0,0,0,0,0,0,0,0,0,0,0,0,0,0,0,0,0,0,0,0,0,0,0,0
37.55,-0.0112509,-0.00136712,-0.000279814,0,0,0,3.03479,2.00819,-2.35768,-0.000815739,-0.000571506,0.000987427,0.000361552,0.000667993,-0.00243291,3,2,3.92699,0,0,0,0,0,0,0,0,0,0,0,2,3,2,3.92699,0,0,0,0,0,0,0,0,0,0,1.5708,1.5708,0,1.5708,1.5708,0,-0.00886108,-0.00796086,9.47286e-05,0,0,0,1.78401,1.23515,-0.0036667,-0.000738805,-0.000676526,0.000502099,0.000643474,0.000513387,-0.0012784,1.75578,1.20968,0,0,0,0,0.0300823,0.0313143,0,0,0,0,0.0272076,0.0283598,2,1.75578,1.20968,0,0.344544,0.487027,3.7308e-15,0,0,0,0,0,0,0,0,0,0,0,0,0.855775,1.20968,0,0,0,0,0,0,0,0,0,0,0,0,2,0.855775,1.20968,0,1,2,0,0,0,0,0,1.1824,-0.2847,2.3322,0,0,0,0,0,0,0,-0,0,1.47038,0,0,0,0,0,0,0,0,0,0,0,0,0,0,0,0,0,0,0,0,0,0,0,0,0,0,0,0,0,0,0,0,0
37.6,-0.00970971,0.000923333,-0.000153305,0,0,0,3.03466,2.00806,-2.35762,-0.00125734,-0.00123537,0.000662813,-0.00168302,-0.00198969,-0.00170532,3,2,3.92699,0,0,0,0,0,0,0,0,0,0,0,2,3,2,3.92699,0,0,0,0,0,0,0,0,0,0,1.5708,1.5708,0,1.5708,1.5708,0,-0.00832058,-0.00785059,-0.000350429,0,0,0,1.78393,1.23508,-0.00351023,-0.000887464,-0.000700693,0.00156473,-0.00014888,0.000212561,0.00283324,1.75578,1.20968,0,0,0,0,0.0300823,0.0313143,0,0,0,0,0.0272076,0.0283598,2,1.75578,1.20968,0,0.344544,0.487027,3.7308e-15,0,0,0,0,0,0,0,0,0,0,0,0,0.855775,1.20968,0,0,0,0,0,0,0,0,0,0,0,0,2,0.855775,1.20968,0,1,2,0,0,0,0,0,1.1824,-0.2847,2.3322,0,0,0,0,0,0,0,-0,0,1.47032,0,0,0,0,0,0,0,0,0,0,0,0,0,0,0,0,0,0,0,0,0,0,0,0,0,0,0,0,0,0,0,0,0
37.65,-0.00970971,0.000923333,-0.000153305,0,0,0,3.03466,2.00806,-2.35762,-0.00125734,-0.00123537,0.000662813,-0.00168302,-0.00198969,-0.00170532,3,2,3.92699,0,0,0,0,0,0,0,0,0,0,0,2,3,2,3.92699,0,0,0,0,0,0,0,0,0,0,1.5708,1.5708,0,1.5708,1.5708,0,-0.00832058,-0.00785059,-0.000350429,0,0,0,1.78393,1.23508,-0.00351023,-0.000887464,-0.000700693,0.00156473,-0.00014888,0.000212561,0.00283324,1.75578,1.20968,0,0,0,0,0.0220888,0.0355415,0,0,0,0,0.0210829,0.0336748,2,1.75578,1.20968,0,0.344544,0.487027,3.7308e-15,0,0,0,0,0,0,0,0,0,0,0,0,0.855775,1.20968,0,0,0,0,0,0,0,0,0,0,0,0,2,0.855775,1.20968,0,1,2,0,0,0,0,0,1.1824,-0.2847,2.3322,0,0,0,0,0,0,0,-0,0,1.47032,0,0,0,0,0,0,0,0,0,0,0,0,0,0,0,0,0,0,0,0,0,0,0,0,0,0,0,0,0,0,0,0,0
37.7,-0.0116856,-0.0011326,0.00126832,0,0,0,3.0346,2.008,-2.3579,-0.000664035,-0.00061887,-0.00277984,0.00108379,0.00090929,-0.0146819,3,2,3.92699,0,0,0,0,0,0,0,0,0,0,0,2,3,2,3.92699,0,0,0,0,0,0,0,0,0,0,1.5708,1.5708,0,1.5708,1.5708,0,-0.00880506,-0.00797768,-0.000610912,0,0,0,1.78385,1.23502,-0.00329406,-0.000736053,-0.00065549,0.00216156,0.000408684,0.000267817,0.00464217,1.75578,1.20968,0,0,0,0,0.0220888,0.0355415,0,0,0,0,0.0210829,0.0336748,2,1.75578,1.20968,0,0.344544,0.487027,3.7308e-15,0,0,0,0,0,0,0,0,0,0,0,0,0.855775,1.20968,0,0,0,0,0,0,0,0,0,0,0,0,2,0.855775,1.20968,0,1,2,0,0,0,0,0,1.1824,-0.2847,2.3322,0,0,0,0,0,0,0,-0,0,1.47033,0,0,0,0,0,0,0,0,0,0,0,0,0,0,0,0,0,0,0,0,0,0,0,0,0,0,0,0,0,0,0,0,0
37.75,-0.0116856,-0.0011326,0.00126832,0,0,0,3.0346,2.008,-2.3579,-0.000664035,-0.00061887,-0.00277984,0.00108379,0.00090929,-0.0146819,3,2,3.92699,0,0,0,0,0,0,0,0,0,0,0,2,3,2,3.92699,0,0,0,0,0,0,0,0,0,0,1.5708,1.5708,0,1.5708,1.5708,0,-0.00880506,-0.00797768,-0.000610912,0,0,0,1.78385,1.23502,-0.00329406,-0.000736053,-0.00065549,0.00216156,0.000408684,0.000267817,0.00464217,1.75578,1.20968,0,0,0,0,0.0201249,0.0408719,0,0,0,0,0.0181044,0.0375247,2,1.75578,1.20968,0,0.344544,0.487027,3.7308e-15,0,0,0,0,0,0,0,0,0,0,0,0,0.855775,1.20968,0,0,0,0,0,0,0,0,0,0,0,0,2,0.855775,1.20968,0,1,2,0,0,0,0,0,1.2831,-0.1838,2.4335,0,0,0,0,0,0,0,-0,0,1.47033,0,0,0,0,0,0,0,0,0,0,0,0,0,0,0,0,0,0,0,0,0,0,0,0,0,0,0,0,0,0,0,0,0
37.8,-0.0102822,-0.000794463,0.000658617,0,0,0,3.03449,2.00793,-2.35802,-0.00106709,-0.000710579,-0.00125431,-0.000584976,0.000572139,-0.00447552,3,2,3.92699,0,0,0,0,0,0,0,0,0,0,0,2,3,2,3.92699,0,0,0,0,0,0,0,0,0,0,1.5708,1.5708,0,1.5708,1.5708,0,-0.0083428,-0.00843319,0.000247795,-0.0115812,-0.0105626,-0.00125895,1.78377,1.23497,-0.00328904,-0.000861973,-0.00051523,5.02377e-05,-0.000181996,0.000728966,-0.00540467,1.75578,1.20968,0,0,0,0,0.0201249,0.0408719,0,0,0,0,0.0181044,0.0375247,2,1.75578,1.20968,0,0.344544,0.487027,3.7308e-15,0,0,0,0,0,0,0,0,0,0,0,0,0.855775,1.20968,0,0,0,0,0,0,0,0,0,0,0,0,2,0.855775,1.20968,0,1,2,0,0,0,0,0,1.2831,-0.1838,2.4335,0,0,0,0,0,0,0,-0,0,1.4703,0,0,0,0,0,0,0,0,0,0,0,0,0,0,0,0,0,0,0,0,0,0,0,0,0,0,0,0,0,0,0,0,0
37.85,-0.0102822,-0.000794463,0.000658617,0,0,0,3.03449,2.00793,-2.35802,-0.00106709,-0.000710579,-0.00125431,-0.000584976,0.000572139,-0.00447552,3,2,3.92699,0,0,0,0,0,0,0,0,0,0,0,2,3,2,3.92699,0,0,0,0,0,0,0,0,0,0,1.5708,1.5708,0,1.5708,1.5708,0,-0.0083428,-0.00843319,0.000247795,-0.0115811,-0.0105627,-0.00125895,1.78377,1.23497,-0.00328904,-0.000861973,-0.00051523,5.02377e-05,-0.000181996,0.000728966,-0.00540467,1.75578,1.20968,0,0,0,0,0.0303373,0.0274735,0,0,0,0,0.0307526,0.0280704,2,1.75578,1.20968,0,0.344544,0.487027,3.7308e-15,0,0,0,0,0,0,0,0,0,0,0,0,0.855775,1.20968,0,0,0,0,0,0,0,0,0,0,0,0,2,0.855775,1.20968,0,1,2,0,0,0,0,0,1.2831,-0.1838,2.4335,0,0,0,0,0,0,0,-0,0,1.4703,0,0,0,0,0,0,0,0,0,0,0,0,0,0,0,0,0,0,0,0,0,0,0,0,0,0,0,0,0,0,0,0,0
37.9,-0.010498,-0.0017793,0.00153265,0,0,0,3.03439,2.00789,-2.35836,-0.000991321,-0.000413864,-0.00333823,-0.000274789,0.00148321,-0.0096333,3,2,3.92699,0,0,0,0,0,0,0,0,0,0,0,2,3,2,3.92699,0,0,0,0,0,0,0,0,0,0,1.5708,1.5708,0,1.5708,1.5708,0,-0.00841317,-0.00820285,-0.00033633,-0.0115811,-0.0105627,-0.00125895,1.78368,1.23491,-0.0031434,-0.000831392,-0.000576236,0.00145656,-6.73726e-05,0.000256163,0.00101423,1.75578,1.20968,0,0,0,0,0.0303373,0.0274735,0,0,0,0,0.0307526,0.0280704,2,1.75578,1.20968,0,0.344544,0.487027,3.7308e-15,0,0,0,0,0,0,0,0,0,0,0,0,0.855775,1.20968,0,0,0,0,0,0,0,0,0,0,0,0,2,0.855775,1.20968,0,1,2,0,0,0,0,0,1.2831,-0.1838,2.4335,0,0,0,0,0,0,0,-0,0,1.47029,0,0,0,0,0,0,0,0,0,0,0,0,0,0,0,0,0,0,0,0,0,0,0,0,0,0,0,0,0,0,0,0,0
37.95,-0.010498,-0.0017793,0.00153265,0,0,0,3.03439,2.00789,-2.35836,-0.000991321,-0.000413864,-0.00333823,-0.000274789,0.00148321,-0.0096333,3,2,3.92699,0,0,0,0,0,0,0,0,0,0,0,2,3,2,3.92699,0,0,0,0,0,0,0,0,0,0,1.5708,1.5708,0,1.5708,1.5708,0,-0.00841317,-0.00820285,-0.00033633,-0.0115796,-0.0105644,-0.00125895,1.78368,1.23491,-0.0031434,-0.000831392,-0.000576236,0.00145656,-6.73726e-05,0.000256163,0.00101423,1.75578,1.20968,0,0,0,0,0.0225402,0.0357465,0,0,0,0,0.0224133,0.0347746,2,1.75578,1.20968,0,0.344544,0.487027,3.7308e-15,0,0,0,0,0,0,0,0,0,0,0,0,0.855775,1.20968,0,0,0,0,0,0,0,0,0,0,0,0,2,0.855775,1.20968,0,1,2,0,0,0,0,0,1.2042,-0.2621,2.3552,0,0,0,0,0,0,0,-0,0,1.47029,0,0,0,0,0,0,0,0,0,0,0,0,0,0,0,0,0,0,0,0,0,0,0,0,0,0,0,0,0,0,0,0,0
38,-0.00964173,-0.000566457,0.00152497,0,0,0,3.03427,2.00781,-2.35868,-0.00123034,-0.000764081,-0.00325408,-0.00107828,-0.000385564,-0.00614686,3,2,3.92699,0,0,0,0,0,0,0,0,0,0,0,2,3,2,3.92699,0,0,0,0,0,0,0,0,0,0,1.5708,1.5708,0,1.5708,1.5708,0,-0.00948322,-0.00813814,-8.98269e-05,-0.0115796,-0.0105644,-0.00125895,1.78363,1.23485,-0.00305998,-0.000510201,-0.000588318,0.000834052,0.00125833,4.14171e-05,-0.00100921,1.75578,1.20968,0,0,0,0,0.0225402,0.0357465,0,0,0,0,0.0224133,0.0347746,2,1.75578,1.20968,0,0.344544,0.487027,3.7308e-15,0,0,0,0,0,0,0,0,0,0,0,0,0.855775,1.20968,0,0,0,0,0,0,0,0,0,0,0,0,2,0.855775,1.20968,0,1,2,0,0,0,0,0,1.2042,-0.2621,2.3552,0,0,0,0,0,0,0,-0,0,1.47022,0,0,0,0,0,0,0,0,0,0,0,0,0,0,0,0,0,0,0,0,0,0,0,0,0,0,0,0,0,0,0,0,0
38.05,-0.00964173,-0.000566457,0.00152497,0,0,0,3.03427,2.00781,-2.35868,-0.00123034,-0.000764081,-0.00325408,-0.00107828,-0.000385564,-0.00614686,3,2,3.92699,0,0,0,0,0,0,0,0,0,0,0,2,3,2,3.92699,0,0,0,0,0,0,0,0,0,0,1.5708,1.5708,0,1.5708,1.5708,0,-0.00948322,-0.00813814,-8.98269e-05,-0.0101981,3.12062e-05,-0.000616179,1.78363,1.23485,-0.00305998,-0.000510201,-0.000588318,0.000834052,0.00125833,4.14171e-05,-0.00100921,1.75578,1.20968,0,0,0,0,0.0296432,0.0360998,0,0,0,0,0.0253621,0.0314049,2,1.75578,1.20968,0,0.344544,0.487027,3.7308e-15,0,0,0,0,0,0,0,0,0,0,0,0,0.855775,1.20968,0,0,0,0,0,0,0,0,0,0,0,0,2,0.855775,1.20968,0,1,2,0,0,0,0,0,1.2042,-0.2621,2.3552,0,0,0,0,0,0,0,-0,0,1.47022,0,0,0,0,0,0,0,0,0,0,0,0,0,0,0,0,0,0,0,0,0,0,0,0,0,0,0,0,0,0,0,0,0
38.1,-0.0101351,-0.00188258,0.00177047,0,0,0,3.03416,2.00778,-2.35906,-0.00107139,-0.000369739,-0.00378233,-0.000120989,0.00109134,-0.00532949,3,2,3.92699,0,0,0,0,0,0,0,0,0,0,0,2,3,2,3.92699,0,0,0,0,0,0,0,0,0,0,1.5708,1.5708,0,1.5708,1.5708,0,-0.00888457,-0.00833298,0.000276096,-0.0101981,3.12062e-05,-0.000616179,1.78356,1.2348,-0.00306638,-0.000678463,-0.000524711,-6.39399e-05,0.000262458,0.000249938,-0.00446808,1.75578,1.20968,0,0,0,0,0.0296432,0.0360998,0,0,0,0,0.0253621,0.0314049,2,1.75578,1.20968,0,0.344544,0.487027,3.7308e-15,0,0,0,0,0,0,0,0,0,0,0,0,0.855775,1.20968,0,0,0,0,0,0,0,0,0,0,0,0,2,0.855775,1.20968,0,1,2,0,0,0,0,0,1.2042,-0.2621,2.3552,0,0,0,0,0,0,0,-0,0,1.4702,0,0,0,0,0,0,0,0,0,0,0,0,0,0,0,0,0,0,0,0,0,0,0,0,0,0,0,0,0,0,0,0,0
38.15,-0.0101351,-0.00188258,0.00177047,0,0,0,3.03416,2.00778,-2.35906,-0.00107139,-0.000369739,-0.00378233,-0.000120989,0.00109134,-0.00532949,3,2,3.92699,0,0,0,0,0,0,0,0,0,0,0,2,3,2,3.92699,0,0,0,0,0,0,0,0,0,0,1.5708,1.5708,0,1.5708,1.5708,0,-0.00888457,-0.00833298,0.000276096,-0.0101981,3.12715e-05,-0.000616179,1.78356,1.2348,-0.00306638,-0.000678463,-0.000524711,-6.39399e-05,0.000262458,0.000249938,-0.00446808,1.75578,1.20968,0,0,0,0,0.0326163,0.0289773,0,0,0,0,0.030767,0.0273592,2,1.75578,1.20968,0,0.344544,0.487027,3.7308e-15,0,0,0,0,0,0,0,0,0,0,0,0,0.855775,1.20968,0,0,0,0,0,0,0,0,0,0,0,0,2,0.855775,1.20968,0,1,2,0,0,0,0,0,1.2043,-0.2611,2.356,0,0,0,0,0,0,0,-0,0,1.4702,0,0,0,0,0,0,0,0,0,0,0,0,0,0,0,0,0,0,0,0,0,0,0,0,0,0,0,0,0,0,0,0,0
38.2,-0.00964583,0.000415858,0.00269597,0,0,0,3.03404,2.00767,-2.35965,-0.00120202,-0.00103833,-0.00594079,-0.000463108,-0.00181537,-0.0117068,3,2,3.92699,0,0,0,0,0,0,0,0,0,0,0,2,3,2,3.92699,0,0,0,0,0,0,0,0,0,0,1.5708,1.5708,0,1.5708,1.5708,0,-0.0096438,-0.0084946,-0.000408911,-0.0101981,3.12715e-05,-0.000616179,1.78352,1.23475,-0.00290772,-0.000449536,-0.000471524,0.0015877,0.000938707,0.000391745,0.0034478,1.75578,1.20968,0,0,0,0,0.0326163,0.0289773,0,0,0,0,0.030767,0.0273592,2,1.75578,1.20968,0,0.344544,0.487027,3.7308e-15,0,0,0,0,0,0,0,0,0,0,0,0,0.855775,1.20968,0,0,0,0,0,0,0,0,0,0,0,0,2,0.855775,1.20968,0,1,2,0,0,0,0,0,1.2043,-0.2611,2.356,0,0,0,0,0,0,0,-0,0,1.4701,0,0,0,0,0,0,0,0,0,0,0,0,0,0,0,0,0,0,0,0,0,0,0,0,0,0,0,0,0,0,0,0,0
38.25,-0.00964583,0.000415858,0.00269597,0,0,0,3.03404,2.00767,-2.35965,-0.00120202,-0.00103833,-0.00594079,-0.000463108,-0.00181537,-0.0117068,3,2,3.92699,0,0,0,0,0,0,0,0,0,0,0,2,3,2,3.92699,0,0,0,0,0,0,0,0,0,0,1.5708,1.5708,0,1.5708,1.5708,0,-0.0096438,-0.0084946,-0.000408911,-0.0101981,2.96534e-05,-0.000616179,1.78352,1.23475,-0.00290772,-0.000449536,-0.000471524,0.0015877,0.000938707,0.000391745,0.0034478,1.75578,1.20968,0,0,0,0,0.0257184,0.0411534,0,0,0,0,0.0223993,0.036847,2,1.75578,1.20968,0,0.344544,0.487027,3.7308e-15,0,0,0,0,0,0,0,0,0,0,0,0,0.855775,1.20968,0,0,0,0,0,0,0,0,0,0,0,0,2,0.855775,1.20968,0,1,2,0,0,0,0,0,1.2043,-0.2611,2.356,0,0,0,0,0,0,0,-0,0,1.4701,0,0,0,0,0,0,0,0,0,0,0,0,0,0,0,0,0,0,0,0,0,0,0,0,0,0,0,0,0,0,0,0,0
38.3,-0.00905047,-0.000320627,0.00205858,0,0,0,3.0339,2.00759,-2.36008,-0.00136216,-0.000810459,-0.0042863,-0.000967299,-0.000575388,-0.00129605,3,2,3.92699,0,0,0,0,0,0,0,0,0,0,0,2,3,2,3.92699,0,0,0,0,0,0,0,0,0,0,1.5708,1.5708,0,1.5708,1.5708,0,-0.00911534,-0.00864468,0.00052743,-0.0116561,-0.0103754,-0.00125362,1.78346,1.23471,-0.00297767,-0.000598079,-0.000422317,-0.000699386,6.04338e-05,0.000449829,-0.0059936,1.75578,1.20968,0,0,0,0,0.0257184,0.0411534,0,0,0,0,0.0223993,0.036847,2,1.75578,1.20968,0,0.344544,0.487027,3.7308e-15,0,0,0,0,0,0,0,0,0,0,0,0,0.855775,1.20968,0,0,0,0,0,0,0,0,0,0,0,0,2,0.855775,1.20968,0,1,2,0,0,0,0,0,1.2043,-0.2611,2.356,0,0,0,0,0,0,0,-0,0,1.47002,0,0,0,0,0,0,0,0,0,0,0,0,0,0,0,0,0,0,0,0,0,0,0,0,0,0,0,0,0,0,0,0,0
38.35,-0.00905047,-0.000320627,0.00205858,0,0,0,3.0339,2.00759,-2.36008,-0.00136216,-0.000810459,-0.0042863,-0.000967299,-0.000575388,-0.00129605,3,2,3.92699,0,0,0,0,0,0,0,0,0,0,0,2,3,2,3.92699,0,0,0,0,0,0,0,0,0,0,1.5708,1.5708,0,1.5708,1.5708,0,-0.00911534,-0.00864468,0.00052743,-0.0116568,-0.0103746,-0.00125362,1.78346,1.23471,-0.00297767,-0.000598079,-0.000422317,-0.000699386,6.04338e-05,0.000449829,-0.0059936,1.75578,1.20968,0,0,0,0,0.0368285,0.0263794,0,0,0,0,0.0350433,0.0252605,2,1.75578,1.20968,0,0.344544,0.487027,3.7308e-15,0,0,0,0,0,0,0,0,0,0,0,0,0.855775,1.20968,0,0,0,0,0,0,0,0,0,0,0,0,2,0.855775,1.20968,0,1,2,0,0,0,0,0,1.2148,-0.2492,2.3676,0,0,0,0,0,0,0,-0,0,1.47002,0,0,0,0,0,0,0,0,0,0,0,0,0,0,0,0,0,0,0,0,0,0,0,0,0,0,0,0,0,0,0,0,0
38.4,-0.00802924,0.000299344,0.00182156,0,0,0,3.03374,2.00749,-2.36044,-0.00164509,-0.000982419,-0.0036302,-0.00177848,-0.000863924,0.00325771,3,2,3.92699,0,0,0,0,0,0,0,0,0,0,0,2,3,2,3.92699,0,0,0,0,0,0,0,0,0,0,1.5708,1.5708,0,1.5708,1.5708,0,-0.0091167,-0.00883752,0.000247639,-0.0116568,-0.0103746,-0.00125362,1.7834,1.23467,-0.00297882,-0.000590672,-0.000361237,-1.15525e-05,-5.2547e-05,0.000522425,-0.00212873,1.75578,1.20968,0,0,0,0,0.0368285,0.0263794,0,0,0,0,0.0350433,0.0252605,2,1.75578,1.20968,0,0.344544,0.487027,3.7308e-15,0,0,0,0,0,0,0,0,0,0,0,0,0.855775,1.20968,0,0,0,0,0,0,0,0,0,0,0,0,2,0.855775,1.20968,0,1,2,0,0,0,0,0,1.2148,-0.2492,2.3676,0,0,0,0,0,0,0,-0,0,1.4699,0,0,0,0,0,0,0,0,0,0,0,0,0,0,0,0,0,0,0,0,0,0,0,0,0,0,0,0,0,0,0,0,0
38.45,-0.00802924,0.000299344,0.00182156,0,0,0,3.03374,2.00749,-2.36044,-0.00164509,-0.000982419,-0.0036302,-0.00177848,-0.000863924,0.00325771,3,2,3.92699,0,0,0,0,0,0,0,0,0,0,0,2,3,2,3.92699,0,0,0,0,0,0,0,0,0,0,1.5708,1.5708,0,1.5708,1.5708,0,-0.0091167,-0.00883752,0.000247639,-0.0116568,-0.0103746,-0.00125362,1.7834,1.23467,-0.00297882,-0.000590672,-0.000361237,-1.15525e-05,-5.2547e-05,0.000522425,-0.00212873,1.75578,1.20968,0,0,0,0,0.0329185,0.0302818,0,0,0,0,0.0320506,0.029581,2,1.75578,1.20968,0,0.344544,0.487027,3.7308e-15,0,0,0,0,0,0,0,0,0,0,0,0,0.855775,1.20968,0,0,0,0,0,0,0,0,0,0,0,0,2,0.855775,1.20968,0,1,2,0,0,0,0,0,1.2148,-0.2492,2.3676,0,0,0,0,0,0,0,-0,0,1.4699,0,0,0,0,0,0,0,0,0,0,0,0,0,0,0,0,0,0,0,0,0,0,0,0,0,0,0,0,0,0,0,0,0
38.5,-0.00757527,-0.000705712,0.000913909,0,0,0,3.03356,2.00743,-2.36058,-0.00175863,-0.000676583,-0.00136916,-0.00162938,0.000665299,0.0116104,3,2,3.92699,0,0,0,0,0,0,0,0,0,0,0,2,3,2,3.92699,0,0,0,0,0,0,0,0,0,0,1.5708,1.5708,0,1.5708,1.5708,0,-0.0090789,-0.00897315,0.000255497,-0.0116568,-0.0103746,-0.00125362,1.78334,1.23464,-0.00298185,-0.000594757,-0.00031753,-3.02587e-05,-6.24795e-05,0.000498572,-0.000829984,1.75578,1.20968,0,0,0,0,0.0329185,0.0302818,0,0,0,0,0.0320506,0.029581,2,1.75578,1.20968,0,0.344544,0.487027,3.7308e-15,0,0,0,0,0,0,0,0,0,0,0,0,0.855775,1.20968,0,0,0,0,0,0,0,0,0,0,0,0,2,0.855775,1.20968,0,1,2,0,0,0,0,0,1.2148,-0.2492,2.3676,0,0,0,0,0,0,0,-0,0,1.46978,0,0,0,0,0,0,0,0,0,0,0,0,0,0,0,0,0,0,0,0,0,0,0,0,0,0,0,0,0,0,0,0,0
38.55,-0.00757527,-0.000705712,0.000913909,0,0,0,3.03356,2.00743,-2.36058,-0.00175863,-0.000676583,-0.00136916,-0.00162938,0.000665299,0.0116104,3,2,3.92699,0,0,0,0,0,0,0,0,0,0,0,2,3,2,3.92699,0,0,0,0,0,0,0,0,0,0,1.5708,1.5708,0,1.5708,1.5708,0,-0.0090789,-0.00897315,0.000255497,0,0,0,1.78334,1.23464,-0.00298185,-0.000594757,-0.00031753,-3.02587e-05,-6.24795e-05,0.000498572,-0.000829984,1.75578,1.20968,0,0,0,0,0.0328698,0.030065,0,0,0,0,0.0326006,0.0299736,2,1.75578,1.20968,0,0.344544,0.487027,3.7308e-15,0,0,0,0,0,0,0,0,0,0,0,0,0.855775,1.20968,0,0,0,0,0,0,0,0,0,0,0,0,2,0.855775,1.20968,0,1,2,0,0,0,0,0,1.2556,-0.2076,2.4089,0,0,0,0,0,0,0,-0,0,1.46978,0,0,0,0,0,0,0,0,0,0,0,0,0,0,0,0,0,0,0,0,0,0,0,0,0,0,0,0,0,0,0,0,0
38.6,-0.00679842,-0.00158429,0.000797319,0,0,0,3.03337,2.00738,-2.36069,-0.00196535,-0.00041138,-0.00106097,-0.001787,0.001665,0.00933097,3,2,3.92699,0,0,0,0,0,0,0,0,0,0,0,2,3,2,3.92699,0,0,0,0,0,0,0,0,0,0,1.5708,1.5708,0,1.5708,1.5708,0,-0.00994921,-0.00917057,0.000462841,0,0,0,1.78331,1.23461,-0.00303477,-0.000334476,-0.00025635,-0.000529211,0.00100022,0.000540099,-0.00231638,1.75578,1.20968,0,0,0,0,0.0328698,0.030065,0,0,0,0,0.0326006,0.0299736,2,1.75578,1.20968,0,0.344544,0.487027,3.7308e-15,0,0,0,0,0,0,0,0,0,0,0,0,0.855775,1.20968,0,0,0,0,0,0,0,0,0,0,0,0,2,0.855775,1.20968,0,1,2,0,0,0,0,0,1.2556,-0.2076,2.4089,0,0,0,0,0,0,0,-0,0,1.46963,0,0,0,0,0,0,0,0,0,0,0,0,0,0,0,0,0,0,0,0,0,0,0,0,0,0,0,0,0,0,0,0,0
38.65,-0.00679842,-0.00158429,0.000797319,0,0,0,3.03337,2.00738,-2.36069,-0.00196535,-0.00041138,-0.00106097,-0.001787,0.001665,0.00933097,3,2,3.92699,0,0,0,0,0,0,0,0,0,0,0,2,3,2,3.92699,0,0,0,0,0,0,0,0,0,0,1.5708,1.5708,0,1.5708,1.5708,0,-0.00994921,-0.00917057,0.000462841,0,0,0,1.78331,1.23461,-0.00303477,-0.000334476,-0.00025635,-0.000529211,0.00100022,0.000540099,-0.00231638,1.75578,1.20968,0,0,0,0,0.0386939,0.0303063,0,0,0,0,0.0359216,0.0280684,2,1.75578,1.20968,0,0.344544,0.487027,3.7308e-15,0,0,0,0,0,0,0,0,0,0,0,0,0.855775,1.20968,0,0,0,0,0,0,0,0,0,0,0,0,2,0.855775,1.20968,0,1,2,0,0,0,0,0,1.2556,-0.2076,2.4089,0,0,0,0,0,0,0,-0,0,1.46963,0,0,0,0,0,0,0,0,0,0,0,0,0,0,0,0,0,0,0,0,0,0,0,0,0,0,0,0,0,0,0,0,0
38.7,-0.00661124,-0.00150109,0.000269334,0,0,0,3.03317,2.00734,-2.36066,-0.00199698,-0.000430889,0.00023364,-0.00121973,0.00105746,0.0104679,3,2,3.92699,0,0,0,0,0,0,0,0,0,0,0,2,3,2,3.92699,0,0,0,0,0,0,0,0,0,0,1.5708,1.5708,0,1.5708,1.5708,0,-0.00967159,-0.00905545,-5.37445e-05,0,0,0,1.78327,1.23459,-0.00296219,-0.000411358,-0.000286852,0.000725777,0.000437506,0.0002082,0.00342272,1.75578,1.20968,0,0,0,0,0.0386939,0.0303063,0,0,0,0,0.0359216,0.0280684,2,1.75578,1.20968,0,0.344544,0.487027,3.7308e-15,0,0,0,0,0,0,0,0,0,0,0,0,0.855775,1.20968,0,0,0,0,0,0,0,0,0,0,0,0,2,0.855775,1.20968,0,1,2,0,0,0,0,0,1.2556,-0.2076,2.4089,0,0,0,0,0,0,0,-0,0,1.46949,0,0,0,0,0,0,0,0,0,0,0,0,0,0,0,0,0,0,0,0,0,0,0,0,0,0,0,0,0,0,0,0,0
38.75,-0.00661124,-0.00150109,0.000269334,0,0,0,3.03317,2.00734,-2.36066,-0.00199698,-0.000430889,0.00023364,-0.00121973,0.00105746,0.0104679,3,2,3.92699,0,0,0,0,0,0,0,0,0,0,0,2,3,2,3.92699,0,0,0,0,0,0,0,0,0,0,1.5708,1.5708,0,1.5708,1.5708,0,-0.00967159,-0.00905545,-5.37445e-05,0,0,0,1.78327,1.23459,-0.00296219,-0.000411358,-0.000286852,0.000725777,0.000437506,0.0002082,0.00342272,1.75578,1.20968,0,0,0,0,0.0306051,0.0364352,0,0,0,0,0.0288433,0.0342995,2,1.75578,1.20968,0,0.344544,0.487027,3.7308e-15,0,0,0,0,0,0,0,0,0,0,0,0,0.855775,1.20968,0,0,0,0,0,0,0,0,0,0,0,0,2,0.855775,1.20968,0,1,2,0,0,0,0,0,1.2716,-0.1911,2.4253,0,0,0,0,0,0,0,-0,0,1.46949,0,0,0,0,0,0,0,0,0,0,0,0,0,0,0,0,0,0,0,0,0,0,0,0,0,0,0,0,0,0,0,0,0
38.8,-0.00728817,-0.000528416,-0.000180369,0,0,0,3.03299,2.00727,-2.36053,-0.00177526,-0.000710592,0.00131395,0.000231115,-0.000564678,0.0107558,3,2,3.92699,0,0,0,0,0,0,0,0,0,0,0,2,3,2,3.92699,0,0,0,0,0,0,0,0,0,0,1.5708,1.5708,0,1.5708,1.5708,0,-0.00999028,-0.00929535,0.000300597,-0.0102929,3.04896e-05,-0.000621905,1.78324,1.23456,-0.0029764,-0.000313783,-0.000213666,-0.000142186,0.000576587,0.000372639,-0.000636427,1.75578,1.20968,0,0,0,0,0.0306051,0.0364352,0,0,0,0,0.0288433,0.0342995,2,1.75578,1.20968,0,0.344544,0.487027,3.7308e-15,0,0,0,0,0,0,0,0,0,0,0,0,0.855775,1.20968,0,0,0,0,0,0,0,0,0,0,0,0,2,0.855775,1.20968,0,1,2,0,0,0,0,0,1.2716,-0.1911,2.4253,0,0,0,0,0,0,0,-0,0,1.46934,0,0,0,0,0,0,0,0,0,0,0,0,0,0,0,0,0,0,0,0,0,0,0,0,0,0,0,0,0,0,0,0,0
38.85,-0.00728817,-0.000528416,-0.000180369,0,0,0,3.03299,2.00727,-2.36053,-0.00177526,-0.000710592,0.00131395,0.000231115,-0.000564678,0.0107558,3,2,3.92699,0,0,0,0,0,0,0,0,0,0,0,2,3,2,3.92699,0,0,0,0,0,0,0,0,0,0,1.5708,1.5708,0,1.5708,1.5708,0,-0.00999028,-0.00929535,0.000300597,-0.0102929,3.06359e-05,-0.000621905,1.78324,1.23456,-0.0029764,-0.000313783,-0.000213666,-0.000142186,0.000576587,0.000372639,-0.000636427,1.75578,1.20968,0,0,0,0,0.0365572,0.0327088,0,0,0,0,0.0342191,0.0306152,2,1.75578,1.20968,0,0.344544,0.487027,3.7308e-15,0,0,0,0,0,0,0,0,0,0,0,0,0.855775,1.20968,0,0,0,0,0,0,0,0,0,0,0,0,2,0.855775,1.20968,0,1,2,0,0,0,0,0,1.2716,-0.1911,2.4253,0,0,0,0,0,0,0,-0,0,1.46934,0,0,0,0,0,0,0,0,0,0,0,0,0,0,0,0,0,0,0,0,0,0,0,0,0,0,0,0,0,0,0,0,0
38.9,-0.00826723,0.000638904,0.000537439,0,0,0,3.03284,2.00717,-2.36058,-0.00146769,-0.00104399,-0.000443581,0.00156365,-0.00189091,-0.000524225,3,2,3.92699,0,0,0,0,0,0,0,0,0,0,0,2,3,2,3.92699,0,0,0,0,0,0,0,0,0,0,1.5708,1.5708,0,1.5708,1.5708,0,-0.00982654,-0.00928669,0.000478414,-0.0102929,3.06359e-05,-0.000621905,1.7832,1.23454,-0.00303317,-0.000357764,-0.000213682,-0.000567802,0.000189261,0.000245911,-0.00263216,1.75578,1.20968,0,0,0,0,0.0365572,0.0327088,0,0,0,0,0.0342191,0.0306152,2,1.75578,1.20968,0,0.344544,0.487027,3.7308e-15,0,0,0,0,0,0,0,0,0,0,0,0,0.855775,1.20968,0,0,0,0,0,0,0,0,0,0,0,0,2,0.855775,1.20968,0,1,2,0,0,0,0,0,1.2716,-0.1911,2.4253,0,0,0,0,0,0,0,-0,0,1.4692,0,0,0,0,0,0,0,0,0,0,0,0,0,0,0,0,0,0,0,0,0,0,0,0,0,0,0,0,0,0,0,0,0
38.95,-0.00826723,0.000638904,0.000537439,0,0,0,3.03284,2.00717,-2.36058,-0.00146769,-0.00104399,-0.000443581,0.00156365,-0.00189091,-0.000524225,3,2,3.92699,0,0,0,0,0,0,0,0,0,0,0,2,3,2,3.92699,0,0,0,0,0,0,0,0,0,0,1.5708,1.5708,0,1.5708,1.5708,0,-0.00982654,-0.00928669,0.000478414,-0.0102929,3.12202e-05,-0.000621905,1.7832,1.23454,-0.00303317,-0.000357764,-0.000213682,-0.000567802,0.000189261,0.000245911,-0.00263216,1.75578,1.20968,0,0,0,0,0.0384578,0.0296746,0,0,0,0,0.0365032,0.0282797,2,1.75578,1.20968,0,0.344544,0.487027,3.7308e-15,0,0,0,0,0,0,0,0,0,0,0,0,0.855775,1.20968,0,0,0,0,0,0,0,0,0,0,0,0,2,0.855775,1.20968,0,1,2,0,0,0,0,0,1.2038,-0.2586,2.3575,0,0,0,0,0,0,0,-0,0,1.4692,0,0,0,0,0,0,0,0,0,0,0,0,0,0,0,0,0,0,0,0,0,0,0,0,0,0,0,0,0,0,0,0,0
39,-0.00742622,0.000929761,0.000300858,0,0,0,3.03267,2.00705,-2.36056,-0.00169662,-0.00111684,0.000135886,0.00020368,-0.00160672,0.00047324,3,2,3.92699,0,0,0,0,0,0,0,0,0,0,0,2,3,2,3.92699,0,0,0,0,0,0,0,0,0,0,1.5708,1.5708,0,1.5708,1.5708,0,-0.00964065,-0.008989,4.4404e-05,-0.0102929,3.12202e-05,-0.000621905,1.78316,1.23451,-0.00298426,-0.000407677,-0.000297824,0.000488997,-0.00013845,-0.000205841,0.00237172,1.75578,1.20968,0,0,0,0,0.0384578,0.0296746,0,0,0,0,0.0365032,0.0282797,2,1.75578,1.20968,0,0.344544,0.487027,3.7308e-15,0,0,0,0,0,0,0,0,0,0,0,0,0.855775,1.20968,0,0,0,0,0,0,0,0,0,0,0,0,2,0.855775,1.20968,0,1,2,0,0,0,0,0,1.2038,-0.2586,2.3575,0,0,0,0,0,0,0,-0,0,1.46905,0,0,0,0,0,0,0,0,0,0,0,0,0,0,0,0,0,0,0,0,0,0,0,0,0,0,0,0,0,0,0,0,0
39.05,-0.00742622,0.000929761,0.000300858,0,0,0,3.03267,2.00705,-2.36056,-0.00169662,-0.00111684,0.000135886,0.00020368,-0.00160672,0.00047324,3,2,3.92699,0,0,0,0,0,0,0,0,0,0,0,2,3,2,3.92699,0,0,0,0,0,0,0,0,0,0,1.5708,1.5708,0,1.5708,1.5708,0,-0.00964065,-0.008989,4.4404e-05,0,0,0,1.78316,1.23451,-0.00298426,-0.000407677,-0.000297824,0.000488997,-0.00013845,-0.000205841,0.00237172,1.75578,1.20968,0,0,0,0,0.0318711,0.0349586,0,0,0,0,0.0298987,0.0327876,2,1.75578,1.20968,0,0.344544,0.487027,3.7308e-15,0,0,0,0,0,0,0,0,0,0,0,0,0.855775,1.20968,0,0,0,0,0,0,0,0,0,0,0,0,2,0.855775,1.20968,0,1,2,0,0,0,0,0,1.2038,-0.2586,2.3575,0,0,0,0,0,0,0,-0,0,1.46905,0,0,0,0,0,0,0,0,0,0,0,0,0,0,0,0,0,0,0,0,0,0,0,0,0,0,0,0,0,0,0,0,0
39.1,-0.00745788,0.000787183,0.000306667,0,0,0,3.03251,2.00695,-2.36055,-0.00166735,-0.00106193,0.0001192,5.60206e-05,-0.000706252,0.000352445,3,2,3.92699,0,0,0,0,0,0,0,0,0,0,0,2,3,2,3.92699,0,0,0,0,0,0,0,0,0,0,1.5708,1.5708,0,1.5708,1.5708,0,-0.00988842,-0.00951798,0.000456288,0,0,0,1.78313,1.2345,-0.00303556,-0.000330784,-0.00014037,-0.000512945,0.000179963,0.000444558,-0.00190232,1.75578,1.20968,0,0,0,0,0.0318711,0.0349586,0,0,0,0,0.0298987,0.0327876,2,1.75578,1.20968,0,0.344544,0.487027,3.7308e-15,0,0,0,0,0,0,0,0,0,0,0,0,0.855775,1.20968,0,0,0,0,0,0,0,0,0,0,0,0,2,0.855775,1.20968,0,1,2,0,0,0,0,0,1.2038,-0.2586,2.3575,0,0,0,0,0,0,0,-0,0,1.46889,0,0,0,0,0,0,0,0,0,0,0,0,0,0,0,0,0,0,0,0,0,0,0,0,0,0,0,0,0,0,0,0,0
39.15,-0.00745788,0.000787183,0.000306667,0,0,0,3.03251,2.00695,-2.36055,-0.00166735,-0.00106193,0.0001192,5.60206e-05,-0.000706252,0.000352445,3,2,3.92699,0,0,0,0,0,0,0,0,0,0,0,2,3,2,3.92699,0,0,0,0,0,0,0,0,0,0,1.5708,1.5708,0,1.5708,1.5708,0,-0.00988842,-0.00951798,0.000456288,0,0,0,1.78313,1.2345,-0.00303556,-0.000330784,-0.00014037,-0.000512945,0.000179963,0.000444558,-0.00190232,1.75578,1.20968,0,0,0,0,0.0383184,0.0302419,0,0,0,0,0.0369784,0.0294164,2,1.75578,1.20968,0,0.344544,0.487027,3.7308e-15,0,0,0,0,0,0,0,0,0,0,0,0,0.855775,1.20968,0,0,0,0,0,0,0,0,0,0,0,0,2,0.855775,1.20968,0,1,2,0,0,0,0,0,1.2034,-0.2586,2.3575,0,0,0,0,0,0,0,-0,0,1.46889,0,0,0,0,0,0,0,0,0,0,0,0,0,0,0,0,0,0,0,0,0,0,0,0,0,0,0,0,0,0,0,0,0
39.2,-0.00813925,0.00333375,0.000222636,0,0,0,3.03236,2.00677,-2.36052,-0.00144822,-0.00179501,0.000319583,0.000890066,-0.00323075,0.000995868,3,2,3.92699,0,0,0,0,0,0,0,0,0,0,0,2,3,2,3.92699,0,0,0,0,0,0,0,0,0,0,1.5708,1.5708,0,1.5708,1.5708,0,-0.00960195,-0.00903387,-0.000102622,0,0,0,1.78308,1.23447,-0.00295122,-0.000410289,-0.000279631,0.000843697,-0.000166341,-0.0002014,0.00370017,1.75578,1.20968,0,0,0,0,0.0383184,0.0302419,0,0,0,0,0.0369784,0.0294164,2,1.75578,1.20968,0,0.344544,0.487027,3.7308e-15,0,0,0,0,0,0,0,0,0,0,0,0,0.855775,1.20968,0,0,0,0,0,0,0,0,0,0,0,0,2,0.855775,1.20968,0,1,2,0,0,0,0,0,1.2034,-0.2586,2.3575,0,0,0,0,0,0,0,-0,0,1.46872,0,0,0,0,0,0,0,0,0,0,0,0,0,0,0,0,0,0,0,0,0,0,0,0,0,0,0,0,0,0,0,0,0
39.25,-0.00813925,0.00333375,0.000222636,0,0,0,3.03236,2.00677,-2.36052,-0.00144822,-0.00179501,0.000319583,0.000890066,-0.00323075,0.000995868,3,2,3.92699,0,0,0,0,0,0,0,0,0,0,0,2,3,2,3.92699,0,0,0,0,0,0,0,0,0,0,1.5708,1.5708,0,1.5708,1.5708,0,-0.00960195,-0.00903387,-0.000102622,0,0,0,1.78308,1.23447,-0.00295122,-0.000410289,-0.000279631,0.000843697,-0.000166341,-0.0002014,0.00370017,1.75578,1.20968,0,0,0,0,0.0296938,0.0368612,0,0,0,0,0.0281401,0.0348482,2,1.75578,1.20968,0,0.344544,0.487027,3.7308e-15,0,0,0,0,0,0,0,0,0,0,0,0,0.855775,1.20968,0,0,0,0,0,0,0,0,0,0,0,0,2,0.855775,1.20968,0,1,2,0,0,0,0,0,1.2034,-0.2586,2.3575,0,0,0,0,0,0,0,-0,0,1.46872,0,0,0,0,0,0,0,0,0,0,0,0,0,0,0,0,0,0,0,0,0,0,0,0,0,0,0,0,0,0,0,0,0
39.3,-0.00822455,0.00176942,-6.74907e-05,0,0,0,3.03222,2.00664,-2.36042,-0.00140617,-0.00131584,0.00101322,0.000813812,-0.000368759,0.00345701,3,2,3.92699,0,0,0,0,0,0,0,0,0,0,0,2,3,2,3.92699,0,0,0,0,0,0,0,0,0,0,1.5708,1.5708,0,1.5708,1.5708,0,-0.00946854,-0.00910266,-0.000142568,-0.0104133,3.07319e-05,-0.000629176,1.78304,1.23445,-0.00285888,-0.00044431,-0.000256333,0.000923359,-0.000283121,-0.000115548,0.00329915,1.75578,1.20968,0,0,0,0,0.0296938,0.0368612,0,0,0,0,0.0281401,0.0348482,2,1.75578,1.20968,0,0.344544,0.487027,3.7308e-15,0,0,0,0,0,0,0,0,0,0,0,0,0.855775,1.20968,0,0,0,0,0,0,0,0,0,0,0,0,2,0.855775,1.20968,0,1,2,0,0,0,0,0,1.2034,-0.2586,2.3575,0,0,0,0,0,0,0,-0,0,1.46858,0,0,0,0,0,0,0,0,0,0,0,0,0,0,0,0,0,0,0,0,0,0,0,0,0,0,0,0,0,0,0,0,0
39.35,-0.00822455,0.00176942,-6.74907e-05,0,0,0,3.03222,2.00664,-2.36042,-0.00140617,-0.00131584,0.00101322,0.000813812,-0.000368759,0.00345701,3,2,3.92699,0,0,0,0,0,0,0,0,0,0,0,2,3,2,3.92699,0,0,0,0,0,0,0,0,0,0,1.5708,1.5708,0,1.5708,1.5708,0,-0.00946854,-0.00910266,-0.000142568,-0.0104133,2.97703e-05,-0.000629176,1.78304,1.23445,-0.00285888,-0.00044431,-0.000256333,0.000923359,-0.000283121,-0.000115548,0.00329915,1.75578,1.20968,0,0,0,0,0.0286716,0.0369586,0,0,0,0,0.0278499,0.035606,2,1.75578,1.20968,0,0.344544,0.487027,3.7308e-15,0,0,0,0,0,0,0,0,0,0,0,0,0.855775,1.20968,0,0,0,0,0,0,0,0,0,0,0,0,2,0.855775,1.20968,0,1,2,0,0,0,0,0,1.2031,-0.2588,2.3576,0,0,0,0,0,0,0,-0,0,1.46858,0,0,0,0,0,0,0,0,0,0,0,0,0,0,0,0,0,0,0,0,0,0,0,0,0,0,0,0,0,0,0,0,0
39.4,-0.00969444,0.00159647,0.000383766,0,0,0,3.03212,2.00651,-2.36043,-0.000959239,-0.0012497,-9.53442e-05,0.00226456,0.000430745,-0.00202116,3,2,3.92699,0,0,0,0,0,0,0,0,0,0,0,2,3,2,3.92699,0,0,0,0,0,0,0,0,0,0,1.5708,1.5708,0,1.5708,1.5708,0,-0.010365,-0.00916378,7.55264e-05,-0.0104133,2.97703e-05,-0.000629176,1.78302,1.23442,-0.00282089,-0.000178179,-0.000235538,0.000379769,0.000877755,2.54076e-05,-0.000245837,1.75578,1.20968,0,0,0,0,0.0286716,0.0369586,0,0,0,0,0.0278499,0.035606,2,1.75578,1.20968,0,0.344544,0.487027,3.7308e-15,0,0,0,0,0,0,0,0,0,0,0,0,0.855775,1.20968,0,0,0,0,0,0,0,0,0,0,0,0,2,0.855775,1.20968,0,1,2,0,0,0,0,0,1.2031,-0.2588,2.3576,0,0,0,0,0,0,0,-0,0,1.46846,0,0,0,0,0,0,0,0,0,0,0,0,0,0,0,0,0,0,0,0,0,0,0,0,0,0,0,0,0,0,0,0,0
39.45,-0.00969444,0.00159647,0.000383766,0,0,0,3.03212,2.00651,-2.36043,-0.000959239,-0.0012497,-9.53442e-05,0.00226456,0.000430745,-0.00202116,3,2,3.92699,0,0,0,0,0,0,0,0,0,0,0,2,3,2,3.92699,0,0,0,0,0,0,0,0,0,0,1.5708,1.5708,0,1.5708,1.5708,0,-0.010365,-0.00916378,7.55264e-05,-0.0104133,2.93748e-05,-0.000629176,1.78302,1.23442,-0.00282089,-0.000178179,-0.000235538,0.000379769,0.000877755,2.54076e-05,-0.000245837,1.75578,1.20968,0,0,0,0,0.034772,0.0371291,0,0,0,0,0.0308626,0.0330678,2,1.75578,1.20968,0,0.344544,0.487027,3.7308e-15,0,0,0,0,0,0,0,0,0,0,0,0,0.855775,1.20968,0,0,0,0,0,0,0,0,0,0,0,0,2,0.855775,1.20968,0,1,2,0,0,0,0,0,1.2031,-0.2588,2.3576,0,0,0,0,0,0,0,-0,0,1.46846,0,0,0,0,0,0,0,0,0,0,0,0,0,0,0,0,0,0,0,0,0,0,0,0,0,0,0,0,0,0,0,0,0
39.5,-0.0100378,0.00163227,0.000399391,0,0,0,3.03204,2.00639,-2.36044,-0.000847396,-0.00124545,-0.000131166,0.00200382,0.000384954,-0.00209791,3,2,3.92699,0,0,0,0,0,0,0,0,0,0,0,2,3,2,3.92699,0,0,0,0,0,0,0,0,0,0,1.5708,1.5708,0,1.5708,1.5708,0,-0.00944298,-0.00872598,0.000240964,-0.0104133,2.93748e-05,-0.000629176,1.78298,1.23439,-0.00282352,-0.000444456,-0.000360205,-2.6275e-05,-0.00037964,-0.000463563,-0.00225005,1.75578,1.20968,0,0,0,0,0.034772,0.0371291,0,0,0,0,0.0308626,0.0330678,2,1.75578,1.20968,0,0.344544,0.487027,3.7308e-15,0,0,0,0,0,0,0,0,0,0,0,0,0.855775,1.20968,0,0,0,0,0,0,0,0,0,0,0,0,2,0.855775,1.20968,0,1,2,0,0,0,0,0,1.2031,-0.2588,2.3576,0,0,0,0,0,0,0,-0,0,1.46838,0,0,0,0,0,0,0,0,0,0,0,0,0,0,0,0,0,0,0,0,0,0,0,0,0,0,0,0,0,0,0,0,0
39.55,-0.0100378,0.00163227,0.000399391,0,0,0,3.03204,2.00639,-2.36044,-0.000847396,-0.00124545,-0.000131166,0.00200382,0.000384954,-0.00209791,3,2,3.92699,0,0,0,0,0,0,0,0,0,0,0,2,3,2,3.92699,0,0,0,0,0,0,0,0,0,0,1.5708,1.5708,0,1.5708,1.5708,0,-0.00944298,-0.00872598,0.000240964,0,0,0,1.78298,1.23439,-0.00282352,-0.000444456,-0.000360205,-2.6275e-05,-0.00037964,-0.000463563,-0.00225005,1.75578,1.20968,0,0,0,0,0.0339738,0.0315062,0,0,0,0,0.0315818,0.0292705,2,1.75578,1.20968,0,0.344544,0.487027,3.7308e-15,0,0,0,0,0,0,0,0,0,0,0,0,0.855775,1.20968,0,0,0,0,0,0,0,0,0,0,0,0,2,0.855775,1.20968,0,1,2,0,0,0,0,0,1.2205,-0.2412,2.3753,0,0,0,0,0,0,0,-0,0,1.46838,0,0,0,0,0,0,0,0,0,0,0,0,0,0,0,0,0,0,0,0,0,0,0,0,0,0,0,0,0,0,0,0,0
39.6,-0.00964659,0.000321485,-0.000845533,0,0,0,3.03194,2.0063,-2.36015,-0.000951957,-0.000846998,0.00287475,0.00074886,0.00181546,0.0107412,3,2,3.92699,0,0,0,0,0,0,0,0,0,0,0,2,3,2,3.92699,0,0,0,0,0,0,0,0,0,0,1.5708,1.5708,0,1.5708,1.5708,0,-0.00987028,-0.00906848,0.000383565,0,0,0,1.78295,1.23436,-0.00286046,-0.000314877,-0.000256295,-0.000369322,0.000119143,7.02582e-05,-0.00299288,1.75578,1.20968,0,0,0,0,0.0339738,0.0315062,0,0,0,0,0.0315818,0.0292705,2,1.75578,1.20968,0,0.344544,0.487027,3.7308e-15,0,0,0,0,0,0,0,0,0,0,0,0,0.855775,1.20968,0,0,0,0,0,0,0,0,0,0,0,0,2,0.855775,1.20968,0,1,2,0,0,0,0,0,1.2205,-0.2412,2.3753,0,0,0,0,0,0,0,-0,0,1.4683,0,0,0,0,0,0,0,0,0,0,0,0,0,0,0,0,0,0,0,0,0,0,0,0,0,0,0,0,0,0,0,0,0
39.65,-0.00964659,0.000321485,-0.000845533,0,0,0,3.03194,2.0063,-2.36015,-0.000951957,-0.000846998,0.00287475,0.00074886,0.00181546,0.0107412,3,2,3.92699,0,0,0,0,0,0,0,0,0,0,0,2,3,2,3.92699,0,0,0,0,0,0,0,0,0,0,1.5708,1.5708,0,1.5708,1.5708,0,-0.00987028,-0.00906848,0.000383565,0,0,0,1.78295,1.23436,-0.00286046,-0.000314877,-0.000256295,-0.000369322,0.000119143,7.02582e-05,-0.00299288,1.75578,1.20968,0,0,0,0,0.0373447,0.0311032,0,0,0,0,0.0345474,0.0287033,2,1.75578,1.20968,0,0.344544,0.487027,3.7308e-15,0,0,0,0,0,0,0,0,0,0,0,0,0.855775,1.20968,0,0,0,0,0,0,0,0,0,0,0,0,2,0.855775,1.20968,0,1,2,0,0,0,0,0,1.2205,-0.2412,2.3753,0,0,0,0,0,0,0,-0,0,1.4683,0,0,0,0,0,0,0,0,0,0,0,0,0,0,0,0,0,0,0,0,0,0,0,0,0,0,0,0,0,0,0,0,0
39.7,-0.0083736,0.00125248,-0.00176057,0,0,0,3.03181,2.00619,-2.35965,-0.00131344,-0.00110959,0.00502573,-0.00116385,0.000235188,0.0167798,3,2,3.92699,0,0,0,0,0,0,0,0,0,0,0,2,3,2,3.92699,0,0,0,0,0,0,0,0,0,0,1.5708,1.5708,0,1.5708,1.5708,0,-0.0106375,-0.00922156,0.000223924,0,0,0,1.78294,1.23434,-0.0028582,-8.78884e-05,-0.000208735,2.25514e-05,0.00104634,0.000304721,-0.000331403,1.75578,1.20968,0,0,0,0,0.0373447,0.0311032,0,0,0,0,0.0345474,0.0287033,2,1.75578,1.20968,0,0.344544,0.487027,3.7308e-15,0,0,0,0,0,0,0,0,0,0,0,0,0.855775,1.20968,0,0,0,0,0,0,0,0,0,0,0,0,2,0.855775,1.20968,0,1,2,0,0,0,0,0,1.2205,-0.2412,2.3753,0,0,0,0,0,0,0,-0,0,1.46814,0,0,0,0,0,0,0,0,0,0,0,0,0,0,0,0,0,0,0,0,0,0,0,0,0,0,0,0,0,0,0,0,0
39.75,-0.0083736,0.00125248,-0.00176057,0,0,0,3.03181,2.00619,-2.35965,-0.00131344,-0.00110959,0.00502573,-0.00116385,0.000235188,0.0167798,3,2,3.92699,0,0,0,0,0,0,0,0,0,0,0,2,3,2,3.92699,0,0,0,0,0,0,0,0,0,0,1.5708,1.5708,0,1.5708,1.5708,0,-0.0106375,-0.00922156,0.000223924,0,0,0,1.78294,1.23434,-0.0028582,-8.78884e-05,-0.000208735,2.25514e-05,0.00104634,0.000304721,-0.000331403,1.75578,1.20968,0,0,0,0,0.0377504,0.0360489,0,0,0,0,0.0329706,0.0313765,2,1.75578,1.20968,0,0.344544,0.487027,3.7308e-15,0,0,0,0,0,0,0,0,0,0,0,0,0.855775,1.20968,0,0,0,0,0,0,0,0,0,0,0,0,2,0.855775,1.20968,0,1,2,0,0,0,0,0,1.1924,-0.27,2.3467,0,0,0,0,0,0,0,-0,0,1.46814,0,0,0,0,0,0,0,0,0,0,0,0,0,0,0,0,0,0,0,0,0,0,0,0,0,0,0,0,0,0,0,0,0
39.8,-0.0079925,-0.000594499,-0.00121742,0,0,0,3.03167,2.00614,-2.35929,-0.00140955,-0.000555758,0.00361663,-0.00134089,0.00214086,0.00526057,3,2,3.92699,0,0,0,0,0,0,0,0,0,0,0,2,3,2,3.92699,0,0,0,0,0,0,0,0,0,0,1.5708,1.5708,0,1.5708,1.5708,0,-0.0096056,-0.00871752,0.000332184,-0.0208482,5.95886e-05,0.000148047,1.7829,1.2343,-0.00288206,-0.000387199,-0.000352999,-0.00023872,-0.000442008,-0.000361544,-0.000882785,1.75578,1.20968,0,0,0,0,0.0377504,0.0360489,0,0,0,0,0.0329706,0.0313765,2,1.75578,1.20968,0,0.344544,0.487027,3.7308e-15,0,0,0,0,0,0,0,0,0,0,0,0,0.855775,1.20968,0,0,0,0,0,0,0,0,0,0,0,0,2,0.855775,1.20968,0,1,2,0,0,0,0,0,1.1924,-0.27,2.3467,0,0,0,0,0,0,0,-0,0,1.46805,0,0,0,0,0,0,0,0,0,0,0,0,0,0,0,0,0,0,0,0,0,0,0,0,0,0,0,0,0,0,0,0,0
39.85,-0.0079925,-0.000594499,-0.00121742,0,0,0,3.03167,2.00614,-2.35929,-0.00140955,-0.000555758,0.00361663,-0.00134089,0.00214086,0.00526057,3,2,3.92699,0,0,0,0,0,0,0,0,0,0,0,2,3,2,3.92699,0,0,0,0,0,0,0,0,0,0,1.5708,1.5708,0,1.5708,1.5708,0,-0.0096056,-0.00871752,0.000332184,-0.0208482,6.0086e-05,0.000148047,1.7829,1.2343,-0.00288206,-0.000387199,-0.000352999,-0.00023872,-0.000442008,-0.000361544,-0.000882785,1.75578,1.20968,0,0,0,0,0.0357953,0.030816,0,0,0,0,0.0327337,0.0280711,2,1.75578,1.20968,0,0.344544,0.487027,3.7308e-15,0,0,0,0,0,0,0,0,0,0,0,0,0.855775,1.20968,0,0,0,0,0,0,0,0,0,0,0,0,2,0.855775,1.20968,0,1,2,0,0,0,0,0,1.1924,-0.27,2.3467,0,0,0,0,0,0,0,-0,0,1.46805,0,0,0,0,0,0,0,0,0,0,0,0,0,0,0,0,0,0,0,0,0,0,0,0,0,0,0,0,0,0,0,0,0
39.9,-0.0068713,-0.000669166,-0.000559135,0,0,0,3.0315,2.00608,-2.35909,-0.0017212,-0.000527347,0.00195743,-0.00207681,0.00165614,-0.00502394,3,2,3.92699,0,0,0,0,0,0,0,0,0,0,0,2,3,2,3.92699,0,0,0,0,0,0,0,0,0,0,1.5708,1.5708,0,1.5708,1.5708,0,-0.0105429,-0.00896407,0.000634099,-0.0208482,6.0086e-05,0.000148047,1.78289,1.23428,-0.0029782,-0.000109864,-0.000277101,-0.000961422,0.00064063,-4.61682e-06,-0.00349289,1.75578,1.20968,0,0,0,0,0.0357953,0.030816,0,0,0,0,0.0327337,0.0280711,2,1.75578,1.20968,0,0.344544,0.487027,3.7308e-15,0,0,0,0,0,0,0,0,0,0,0,0,0.855775,1.20968,0,0,0,0,0,0,0,0,0,0,0,0,2,0.855775,1.20968,0,1,2,0,0,0,0,0,1.1924,-0.27,2.3467,0,0,0,0,0,0,0,-0,0,1.4679,0,0,0,0,0,0,0,0,0,0,0,0,0,0,0,0,0,0,0,0,0,0,0,0,0,0,0,0,0,0,0,0,0
39.95,-0.0068713,-0.000669166,-0.000559135,0,0,0,3.0315,2.00608,-2.35909,-0.0017212,-0.000527347,0.00195743,-0.00207681,0.00165614,-0.00502394,3,2,3.92699,0,0,0,0,0,0,0,0,0,0,0,2,3,2,3.92699,0,0,0,0,0,0,0,0,0,0,1.5708,1.5708,0,1.5708,1.5708,0,-0.0105429,-0.00896407,0.000634099,-0.0208482,6.20903e-05,0.000148047,1.78289,1.23428,-0.0029782,-0.000109864,-0.000277101,-0.000961422,0.00064063,-4.61682e-06,-0.00349289,1.75578,1.20968,0,0,0,0,0.0431559,0.0300017,0,0,0,0,0.0374487,0.0251336,2,1.75578,1.20968,0,0.344544,0.487027,3.7308e-15,0,0,0,0,0,0,0,0,0,0,0,0,0.855775,1.20968,0,0,0,0,0,0,0,0,0,0,0,0,2,0.855775,1.20968,0,1,2,0,0,0,0,0,1.2021,-0.2605,2.3561,0,0,0,0,0,0,0,-0,0,1.4679,0,0,0,0,0,0,0,0,0,0,0,0,0,0,0,0,0,0,0,0,0,0,0,0,0,0,0,0,0,0,0,0,0
40,0.017529,-0.0401738,-0.00975844,0,0,0,3.03062,2.00719,-2.35668,-0.00884485,0.0110451,0.0241122,-0.0298082,0.0471683,0.0841088,3,2,3.92699,0,0,0,0,0,0,0,0,0,0,0,2,3,2,3.92699,0,0,0,0,0,0,0,0,0,0,1.5708,1.5708,0,1.5708,1.5708,0,-0.0101063,-0.00864227,0.000465581,-0.0208482,6.20903e-05,0.000148047,1.78286,1.23424,-0.00303184,-0.00023565,-0.000367517,-0.000536531,2.89221e-05,-0.000315374,-0.000752462,1.75578,1.20968,0,0,0,0,0.0431559,0.0300017,0,0,0,0,0.0374487,0.0251336,2,1.75578,1.20968,0,0.344544,0.487027,3.7308e-15,0,0,0,0,0,0,0,0,0,0,0,0,0.855775,1.20968,0,0,0,0,0,0,0,0,0,0,0,0,2,0.855775,1.20968,0,1,2,0,0,0,0,0,1.2021,-0.2605,2.3561,0,0,0,0,0,0,0,-0,0,1.46776,0,0,0,0,0,0,0,0,0,0,0,0,0,0,0,0,0,0,0,0,0,0,0,0,0,0,0,0,0,0,0,0,0
40.05,0.017529,-0.0401738,-0.00975844,0,0,0,3.03062,2.00719,-2.35668,-0.00884485,0.0110451,0.0241122,-0.0298082,0.0471683,0.0841088,3,2,3.92699,0,0,0,0,0,0,0,0,0,0,0,2,3,2,3.92699,0,0,0,0,0,0,0,0,0,0,1.5708,1.5708,0,1.5708,1.5708,0,-0.0101063,-0.00864227,0.000465581,-0.0111266,3.37342e-05,0.00079644,1.78286,1.23424,-0.00303184,-0.00023565,-0.000367517,-0.000536531,2.89221e-05,-0.000315374,-0.000752462,1.75578,1.20968,0,0,0,0,0.0393864,0.030731,0,0,0,0,0.0342176,0.0261139,2,1.75578,1.20968,0,0.344544,0.487027,3.7308e-15,0,0,0,0,0,0,0,0,0,0,0,0,0.855775,1.20968,0,0,0,0,0,0,0,0,0,0,0,0,2,0.855775,1.20968,0,1,2,0,0,0,0,0,1.2021,-0.2605,2.3561,0,0,0,0,0,0,0,-0,0,1.46776,0,0,0,0,0,0,0,0,0,0,0,0,0,0,0,0,0,0,0,0,0,0,0,0,0,0,0,0,0,0,0,0,0
40.1,-0.00918957,0.00998935,0.00134926,0,0,0,3.03052,2.00681,-2.357,-0.000917947,-0.00377188,-0.00315897,0.0100166,-0.0247159,-0.0463864,3,2,3.92699,0,0,0,0,0,0,0,0,0,0,0,2,3,2,3.92699,0,0,0,0,0,0,0,0,0,0,1.5708,1.5708,0,1.5708,1.5708,0,-0.00995858,-0.00895911,0.00047909,-0.0111266,3.37342e-05,0.00079644,1.78284,1.23421,-0.0030877,-0.000275873,-0.00027099,-0.000558535,-0.0002263,0.000154033,-0.000169181,1.75578,1.20968,0,0,0,0,0.0393864,0.030731,0,0,0,0,0.0342176,0.0261139,2,1.75578,1.20968,0,0.344544,0.487027,3.7308e-15,0,0,0,0,0,0,0,0,0,0,0,0,0.855775,1.20968,0,0,0,0,0,0,0,0,0,0,0,0,2,0.855775,1.20968,0,1,2,0,0,0,0,0,1.2021,-0.2605,2.3561,0,0,0,0,0,0,0,-0,0,1.46753,0,0,0,0,0,0,0,0,0,0,0,0,0,0,0,0,0,0,0,0,0,0,0,0,0,0,0,0,0,0,0,0,0
40.15,-0.00918957,0.00998935,0.00134926,0,0,0,3.03052,2.00681,-2.357,-0.000917947,-0.00377188,-0.00315897,0.0100166,-0.0247159,-0.0463864,3,2,3.92699,0,0,0,0,0,0,0,0,0,0,0,2,3,2,3.92699,0,0,0,0,0,0,0,0,0,0,1.5708,1.5708,0,1.5708,1.5708,0,-0.00995858,-0.00895911,0.00047909,-0.0111266,3.43557e-05,0.00079644,1.78284,1.23421,-0.0030877,-0.000275873,-0.00027099,-0.000558535,-0.0002263,0.000154033,-0.000169181,1.75578,1.20968,0,0,0,0,0.0389947,0.0300765,0,0,0,0,0.0354388,0.027089,2,1.75578,1.20968,0,0.344544,0.487027,3.7308e-15,0,0,0,0,0,0,0,0,0,0,0,0,0.855775,1.20968,0,0,0,0,0,0,0,0,0,0,0,0,2,0.855775,1.20968,0,1,2,0,0,0,0,0,1.1184,-0.3452,2.2707,0,0,0,0,0,0,0,-0,0,1.46753,0,0,0,0,0,0,0,0,0,0,0,0,0,0,0,0,0,0,0,0,0,0,0,0,0,0,0,0,0,0,0,0,0
40.2,-0.00874429,0.00234015,0.000127832,0,0,0,3.03042,2.00666,-2.35701,-0.00103749,-0.00148789,-0.000150189,0.0109283,-0.0154444,-0.0334949,3,2,3.92699,0,0,0,0,0,0,0,0,0,0,0,2,3,2,3.92699,0,0,0,0,0,0,0,0,0,0,1.5708,1.5708,0,1.5708,1.5708,0,-0.00956593,-0.00888118,0.000569871,-0.0111266,3.43557e-05,0.00079644,1.7828,1.23418,-0.00316433,-0.000386925,-0.000290499,-0.000766272,-0.000614107,7.81467e-05,-0.000852569,1.75578,1.20968,0,0,0,0,0.0389947,0.0300765,0,0,0,0,0.0354388,0.027089,2,1.75578,1.20968,0,0.344544,0.487027,3.7308e-15,0,0,0,0,0,0,0,0,0,0,0,0,0.855775,1.20968,0,0,0,0,0,0,0,0,0,0,0,0,2,0.855775,1.20968,0,1,2,0,0,0,0,0,1.1184,-0.3452,2.2707,0,0,0,0,0,0,0,-0,0,1.46741,0,0,0,0,0,0,0,0,0,0,0,0,0,0,0,0,0,0,0,0,0,0,0,0,0,0,0,0,0,0,0,0,0
40.25,-0.00874429,0.00234015,0.000127832,0,0,0,3.03042,2.00666,-2.35701,-0.00103749,-0.00148789,-0.000150189,0.0109283,-0.0154444,-0.0334949,3,2,3.92699,0,0,0,0,0,0,0,0,0,0,0,2,3,2,3.92699,0,0,0,0,0,0,0,0,0,0,1.5708,1.5708,0,1.5708,1.5708,0,-0.00956593,-0.00888118,0.000569871,-0.0111266,3.52084e-05,0.00079644,1.7828,1.23418,-0.00316433,-0.000386925,-0.000290499,-0.000766272,-0.000614107,7.81467e-05,-0.000852569,1.75578,1.20968,0,0,0,0,0.0389086,0.027417,0,0,0,0,0.0363651,0.0256063,2,1.75578,1.20968,0,0.344544,0.487027,3.7308e-15,0,0,0,0,0,0,0,0,0,0,0,0,0.855775,1.20968,0,0,0,0,0,0,0,0,0,0,0,0,2,0.855775,1.20968,0,1,2,0,0,0,0,0,1.1184,-0.3452,2.2707,0,0,0,0,0,0,0,-0,0,1.46741,0,0,0,0,0,0,0,0,0,0,0,0,0,0,0,0,0,0,0,0,0,0,0,0,0,0,0,0,0,0,0,0,0
40.3,-0.00834302,8.28076e-05,-7.75083e-05,0,0,0,3.03031,2.00658,-2.35698,-0.00114275,-0.00080945,0.000348144,0.00626499,-0.00530723,-0.0163757,3,2,3.92699,0,0,0,0,0,0,0,0,0,0,0,2,3,2,3.92699,0,0,0,0,0,0,0,0,0,0,1.5708,1.5708,0,1.5708,1.5708,0,-0.00992335,-0.0086595,9.91886e-05,-0.0110241,-0.0102383,0.00157318,1.78277,1.23415,-0.00312606,-0.000278363,-0.000351616,0.000382781,1.27338e-05,-0.000207424,0.00398718,1.75578,1.20968,0,0,0,0,0.0389086,0.027417,0,0,0,0,0.0363651,0.0256063,2,1.75578,1.20968,0,0.344544,0.487027,3.7308e-15,0,0,0,0,0,0,0,0,0,0,0,0,0.855775,1.20968,0,0,0,0,0,0,0,0,0,0,0,0,2,0.855775,1.20968,0,1,2,0,0,0,0,0,1.1184,-0.3452,2.2707,0,0,0,0,0,0,0,-0,0,1.46731,0,0,0,0,0,0,0,0,0,0,0,0,0,0,0,0,0,0,0,0,0,0,0,0,0,0,0,0,0,0,0,0,0
40.35,-0.00834302,8.28076e-05,-7.75083e-05,0,0,0,3.03031,2.00658,-2.35698,-0.00114275,-0.00080945,0.000348144,0.00626499,-0.00530723,-0.0163757,3,2,3.92699,0,0,0,0,0,0,0,0,0,0,0,2,3,2,3.92699,0,0,0,0,0,0,0,0,0,0,1.5708,1.5708,0,1.5708,1.5708,0,-0.00992335,-0.0086595,9.91886e-05,-0.0110237,-0.0102387,0.00157318,1.78277,1.23415,-0.00312606,-0.000278363,-0.000351616,0.000382781,1.27338e-05,-0.000207424,0.00398718,1.75578,1.20968,0,0,0,0,0.0336631,0.0351328,0,0,0,0,0.0295196,0.0308942,2,1.75578,1.20968,0,0.344544,0.487027,3.7308e-15,0,0,0,0,0,0,0,0,0,0,0,0,0.855775,1.20968,0,0,0,0,0,0,0,0,0,0,0,0,2,0.855775,1.20968,0,1,2,0,0,0,0,0,1.155,-0.3083,2.3076,0,0,0,0,0,0,0,-0,0,1.46731,0,0,0,0,0,0,0,0,0,0,0,0,0,0,0,0,0,0,0,0,0,0,0,0,0,0,0,0,0,0,0,0,0
40.4,-0.00555599,-0.00508355,-0.000483391,0,0,0,3.03011,2.00665,-2.35685,-0.00194527,0.000712695,0.00132048,-7.74982e-05,0.00426704,-0.00362943,3,2,3.92699,0,0,0,0,0,0,0,0,0,0,0,2,3,2,3.92699,0,0,0,0,0,0,0,0,0,0,1.5708,1.5708,0,1.5708,1.5708,0,-0.00992512,-0.0087381,0.000265827,-0.0110237,-0.0102387,0.00157318,1.78274,1.23412,-0.00312868,-0.000274583,-0.000324618,-2.62165e-05,0.000107316,-5.56134e-05,0.00141472,1.75578,1.20968,0,0,0,0,0.0336631,0.0351328,0,0,0,0,0.0295196,0.0308942,2,1.75578,1.20968,0,0.344544,0.487027,3.7308e-15,0,0,0,0,0,0,0,0,0,0,0,0,0.855775,1.20968,0,0,0,0,0,0,0,0,0,0,0,0,2,0.855775,1.20968,0,1,2,0,0,0,0,0,1.155,-0.3083,2.3076,0,0,0,0,0,0,0,-0,0,1.46722,0,0,0,0,0,0,0,0,0,0,0,0,0,0,0,0,0,0,0,0,0,0,0,0,0,0,0,0,0,0,0,0,0
40.45,-0.00555599,-0.00508355,-0.000483391,0,0,0,3.03011,2.00665,-2.35685,-0.00194527,0.000712695,0.00132048,-7.74982e-05,0.00426704,-0.00362943,3,2,3.92699,0,0,0,0,0,0,0,0,0,0,0,2,3,2,3.92699,0,0,0,0,0,0,0,0,0,0,1.5708,1.5708,0,1.5708,1.5708,0,-0.00992512,-0.0087381,0.000265827,-0.0110238,-0.0102387,0.00157318,1.78274,1.23412,-0.00312868,-0.000274583,-0.000324618,-2.62165e-05,0.000107316,-5.56134e-05,0.00141472,1.75578,1.20968,0,0,0,0,0.035961,0.032853,0,0,0,0,0.0319394,0.0290287,2,1.75578,1.20968,0,0.344544,0.487027,3.7308e-15,0,0,0,0,0,0,0,0,0,0,0,0,0.855775,1.20968,0,0,0,0,0,0,0,0,0,0,0,0,2,0.855775,1.20968,0,1,2,0,0,0,0,0,1.155,-0.3083,2.3076,0,0,0,0,0,0,0,-0,0,1.46722,0,0,0,0,0,0,0,0,0,0,0,0,0,0,0,0,0,0,0,0,0,0,0,0,0,0,0,0,0,0,0,0,0
40.5,-0.00529627,-0.00419247,-0.000483781,0,0,0,3.02991,2.0067,-2.35672,-0.00199839,0.000443409,0.00129547,-0.00111378,0.00278137,-0.000556482,3,2,3.92699,0,0,0,0,0,0,0,0,0,0,0,2,3,2,3.92699,0,0,0,0,0,0,0,0,0,0,1.5708,1.5708,0,1.5708,1.5708,0,-0.00993837,-0.0087198,0.000173464,-0.0110238,-0.0102387,0.00157318,1.78272,1.23408,-0.00310901,-0.000267511,-0.000326143,0.000196828,0.000106012,-1.83428e-05,0.00139254,1.75578,1.20968,0,0,0,0,0.035961,0.032853,0,0,0,0,0.0319394,0.0290287,2,1.75578,1.20968,0,0.344544,0.487027,3.7308e-15,0,0,0,0,0,0,0,0,0,0,0,0,0.855775,1.20968,0,0,0,0,0,0,0,0,0,0,0,0,2,0.855775,1.20968,0,1,2,0,0,0,0,0,1.155,-0.3083,2.3076,0,0,0,0,0,0,0,-0,0,1.46712,0,0,0,0,0,0,0,0,0,0,0,0,0,0,0,0,0,0,0,0,0,0,0,0,0,0,0,0,0,0,0,0,0
40.55,-0.00529627,-0.00419247,-0.000483781,0,0,0,3.02991,2.0067,-2.35672,-0.00199839,0.000443409,0.00129547,-0.00111378,0.00278137,-0.000556482,3,2,3.92699,0,0,0,0,0,0,0,0,0,0,0,2,3,2,3.92699,0,0,0,0,0,0,0,0,0,0,1.5708,1.5708,0,1.5708,1.5708,0,-0.00993837,-0.0087198,0.000173464,0,0,0,1.78272,1.23408,-0.00310901,-0.000267511,-0.000326143,0.000196828,0.000106012,-1.83428e-05,0.00139254,1.75578,1.20968,0,0,0,0,0.0347316,0.0341719,0,0,0,0,0.0306804,0.0301551,2,1.75578,1.20968,0,0.344544,0.487027,3.7308e-15,0,0,0,0,0,0,0,0,0,0,0,0,0.855775,1.20968,0,0,0,0,0,0,0,0,0,0,0,0,2,0.855775,1.20968,0,1,2,0,0,0,0,0,1.2871,-0.176,2.4396,0,0,0,0,0,0,0,-0,0,1.46712,0,0,0,0,0,0,0,0,0,0,0,0,0,0,0,0,0,0,0,0,0,0,0,0,0,0,0,0,0,0,0,0,0
40.6,-0.00505581,-0.00576767,-5.41703e-05,0,0,0,3.02971,2.00679,-2.35669,-0.00204523,0.000899366,0.000233574,-0.00100133,0.00329211,-0.00415829,3,2,3.92699,0,0,0,0,0,0,0,0,0,0,0,2,3,2,3.92699,0,0,0,0,0,0,0,0,0,0,1.5708,1.5708,0,1.5708,1.5708,0,-0.00890969,-0.0088587,4.27949e-05,0,0,0,1.78266,1.23406,-0.00305822,-0.000563782,-0.000281891,0.000507774,-0.00112111,0.000170012,0.00207615,1.75578,1.20968,0,0,0,0,0.0347316,0.0341719,0,0,0,0,0.0306804,0.0301551,2,1.75578,1.20968,0,0.344544,0.487027,3.7308e-15,0,0,0,0,0,0,0,0,0,0,0,0,0.855775,1.20968,0,0,0,0,0,0,0,0,0,0,0,0,2,0.855775,1.20968,0,1,2,0,0,0,0,0,1.2871,-0.176,2.4396,0,0,0,0,0,0,0,-0,0,1.46705,0,0,0,0,0,0,0,0,0,0,0,0,0,0,0,0,0,0,0,0,0,0,0,0,0,0,0,0,0,0,0,0,0
40.65,-0.00505581,-0.00576767,-5.41703e-05,0,0,0,3.02971,2.00679,-2.35669,-0.00204523,0.000899366,0.000233574,-0.00100133,0.00329211,-0.00415829,3,2,3.92699,0,0,0,0,0,0,0,0,0,0,0,2,3,2,3.92699,0,0,0,0,0,0,0,0,0,0,1.5708,1.5708,0,1.5708,1.5708,0,-0.00890969,-0.0088587,4.27949e-05,0,0,0,1.78266,1.23406,-0.00305822,-0.000563782,-0.000281891,0.000507774,-0.00112111,0.000170012,0.00207615,1.75578,1.20968,0,0,0,0,0.0293639,0.0323825,0,0,0,0,0.0294729,0.0322972,2,1.75578,1.20968,0,0.344544,0.487027,3.7308e-15,0,0,0,0,0,0,0,0,0,0,0,0,0.855775,1.20968,0,0,0,0,0,0,0,0,0,0,0,0,2,0.855775,1.20968,0,1,2,0,0,0,0,0,1.2871,-0.176,2.4396,0,0,0,0,0,0,0,-0,0,1.46705,0,0,0,0,0,0,0,0,0,0,0,0,0,0,0,0,0,0,0,0,0,0,0,0,0,0,0,0,0,0,0,0,0
40.7,-0.0167128,0.0213038,-0.000576033,0,0,0,3.02985,2.00608,-2.35655,0.00139182,-0.00703724,0.00148797,0.0131513,-0.0296677,0.00202671,3,2,3.92699,0,0,0,0,0,0,0,0,0,0,0,2,3,2,3.92699,0,0,0,0,0,0,0,0,0,0,1.5708,1.5708,0,1.5708,1.5708,0,-0.00992214,-0.00874202,0.000143009,0,0,0,1.78263,1.23402,-0.00303259,-0.000262493,-0.000312549,0.000256357,0.000365515,5.66655e-06,0.000333739,1.75578,1.20968,0,0,0,0,0.0293639,0.0323825,0,0,0,0,0.0294729,0.0322972,2,1.75578,1.20968,0,0.344544,0.487027,3.7308e-15,0,0,0,0,0,0,0,0,0,0,0,0,0.855775,1.20968,0,0,0,0,0,0,0,0,0,0,0,0,2,0.855775,1.20968,0,1,2,0,0,0,0,0,1.2871,-0.176,2.4396,0,0,0,0,0,0,0,-0,0,1.46684,0,0,0,0,0,0,0,0,0,0,0,0,0,0,0,0,0,0,0,0,0,0,0,0,0,0,0,0,0,0,0,0,0
40.75,-0.0167128,0.0213038,-0.000576033,0,0,0,3.02985,2.00608,-2.35655,0.00139182,-0.00703724,0.00148797,0.0131513,-0.0296677,0.00202671,3,2,3.92699,0,0,0,0,0,0,0,0,0,0,0,2,3,2,3.92699,0,0,0,0,0,0,0,0,0,0,1.5708,1.5708,0,1.5708,1.5708,0,-0.00992214,-0.00874202,0.000143009,0,0,0,1.78263,1.23402,-0.00303259,-0.000262493,-0.000312549,0.000256357,0.000365515,5.66655e-06,0.000333739,1.75578,1.20968,0,0,0,0,0.034252,0.0345414,0,0,0,0,0.0303567,0.0306263,2,1.75578,1.20968,0,0.344544,0.487027,3.7308e-15,0,0,0,0,0,0,0,0,0,0,0,0,0.855775,1.20968,0,0,0,0,0,0,0,0,0,0,0,0,2,0.855775,1.20968,0,1,2,0,0,0,0,0,1.2006,-0.2628,2.3534,0,0,0,0,0,0,0,-0,0,1.46684,0,0,0,0,0,0,0,0,0,0,0,0,0,0,0,0,0,0,0,0,0,0,0,0,0,0,0,0,0,0,0,0,0
40.8,-0.0469489,-0.0453426,0.0451966,0,0,0,3.03087,2.00734,-2.36744,0.0102279,0.0125585,-0.108967,0.0451185,0.0560217,-0.43929,3,2,3.92699,0,0,0,0,0,0,0,0,0,0,0,2,3,2,3.92699,0,0,0,0,0,0,0,0,0,0,1.5708,1.5708,0,1.5708,1.5708,0,-0.00994938,-0.00876726,0.000266104,0,0,0,1.78261,1.23399,-0.00303711,-0.000251487,-0.00030154,-4.525e-05,0.00046435,2.49258e-05,-0.00124027,1.75578,1.20968,0,0,0,0,0.034252,0.0345414,0,0,0,0,0.0303567,0.0306263,2,1.75578,1.20968,0,0.344544,0.487027,3.7308e-15,0,0,0,0,0,0,0,0,0,0,0,0,0.855775,1.20968,0,0,0,0,0,0,0,0,0,0,0,0,2,0.855775,1.20968,0,1,2,0,0,0,0,0,1.2006,-0.2628,2.3534,0,0,0,0,0,0,0,-0,0,1.46841,0,0,0,0,0,0,0,0,0,0,0,0,0,0,0,0,0,0,0,0,0,0,0,0,0,0,0,0,0,0,0,0,0
40.85,-0.0469489,-0.0453426,0.0451966,0,0,0,3.03087,2.00734,-2.36744,0.0102279,0.0125585,-0.108967,0.0451185,0.0560217,-0.43929,3,2,3.92699,0,0,0,0,0,0,0,0,0,0,0,2,3,2,3.92699,0,0,0,0,0,0,0,0,0,0,1.5708,1.5708,0,1.5708,1.5708,0,-0.00994938,-0.00876726,0.000266104,0,0,0,1.78261,1.23399,-0.00303711,-0.000251487,-0.00030154,-4.525e-05,0.00046435,2.49258e-05,-0.00124027,1.75578,1.20968,0,0,0,0,0.0360451,0.0329426,0,0,0,0,0.0320353,0.0291297,2,1.75578,1.20968,0,0.344544,0.487027,3.7308e-15,0,0,0,0,0,0,0,0,0,0,0,0,0.855775,1.20968,0,0,0,0,0,0,0,0,0,0,0,0,2,0.855775,1.20968,0,1,2,0,0,0,0,0,1.2006,-0.2628,2.3534,0,0,0,0,0,0,0,-0,0,1.46841,0,0,0,0,0,0,0,0,0,0,0,0,0,0,0,0,0,0,0,0,0,0,0,0,0,0,0,0,0,0,0,0,0
40.9,0.0321726,-0.0579969,-0.000322596,0,0,0,3.02956,2.00895,-2.36714,-0.0130578,0.0161153,0.00298947,-0.061626,0.0594518,0.123834,3,2,3.92699,0,0,0,0,0,0,0,0,0,0,0,2,3,2,3.92699,0,0,0,0,0,0,0,0,0,0,1.5708,1.5708,0,1.5708,1.5708,0,-0.00936909,-0.00841144,4.58724e-05,0,0,0,1.78257,1.23395,-0.00298848,-0.000417439,-0.000401571,0.000486234,-0.000370963,-0.000382181,0.00116594,1.75578,1.20968,0,0,0,0,0.0360451,0.0329426,0,0,0,0,0.0320353,0.0291297,2,1.75578,1.20968,0,0.344544,0.487027,3.7308e-15,0,0,0,0,0,0,0,0,0,0,0,0,0.855775,1.20968,0,0,0,0,0,0,0,0,0,0,0,0,2,0.855775,1.20968,0,1,2,0,0,0,0,0,1.2006,-0.2628,2.3534,0,0,0,0,0,0,0,-0,0,1.4682,0,0,0,0,0,0,0,0,0,0,0,0,0,0,0,0,0,0,0,0,0,0,0,0,0,0,0,0,0,0,0,0,0
40.95,0.0321726,-0.0579969,-0.000322596,0,0,0,3.02956,2.00895,-2.36714,-0.0130578,0.0161153,0.00298947,-0.061626,0.0594518,0.123834,3,2,3.92699,0,0,0,0,0,0,0,0,0,0,0,2,3,2,3.92699,0,0,0,0,0,0,0,0,0,0,1.5708,1.5708,0,1.5708,1.5708,0,-0.00936909,-0.00841144,4.58724e-05,0,0,0,1.78257,1.23395,-0.00298848,-0.000417439,-0.000401571,0.000486234,-0.000370963,-0.000382181,0.00116594,1.75578,1.20968,0,0,0,0,0.0310772,0.0338769,0,0,0,0,0.0280233,0.0306429,2,1.75578,1.20968,0,0.344544,0.487027,3.7308e-15,0,0,0,0,0,0,0,0,0,0,0,0,0.855775,1.20968,0,0,0,0,0,0,0,0,0,0,0,0,2,0.855775,1.20968,0,1,2,0,0,0,0,0,1.1442,-0.3072,2.3033,0,0,0,0,0,0,0,-0,0,1.4682,0,0,0,0,0,0,0,0,0,0,0,0,0,0,0,0,0,0,0,0,0,0,0,0,0,0,0,0,0,0,0,0,0
41,0.0074701,-0.00628107,0.000670741,0,0,0,3.029,2.00903,-2.36709,-0.00567152,0.000784047,0.0005343,-0.0219313,-0.0251061,0.140775,3,2,3.92699,0,0,0,0,0,0,0,0,0,0,0,2,3,2,3.92699,0,0,0,0,0,0,0,0,0,0,1.5708,1.5708,0,1.5708,1.5708,0,-0.0102704,-0.00869662,0.000293835,0,0,0,1.78255,1.23392,-0.00300055,-0.000150215,-0.000313864,-0.000120726,0.000732269,6.62272e-05,-0.00139972,1.75578,1.20968,0,0,0,0,0.0310772,0.0338769,0,0,0,0,0.0280233,0.0306429,2,1.75578,1.20968,0,0.344544,0.487027,3.7308e-15,0,0,0,0,0,0,0,0,0,0,0,0,0.855775,1.20968,0,0,0,0,0,0,0,0,0,0,0,0,2,0.855775,1.20968,0,1,2,0,0,0,0,0,1.1442,-0.3072,2.3033,0,0,0,0,0,0,0,-0,0,1.46779,0,0,0,0,0,0,0,0,0,0,0,0,0,0,0,0,0,0,0,0,0,0,0,0,0,0,0,0,0,0,0,0,0
41.05,0.0074701,-0.00628107,0.000670741,0,0,0,3.029,2.00903,-2.36709,-0.00567152,0.000784047,0.0005343,-0.0219313,-0.0251061,0.140775,3,2,3.92699,0,0,0,0,0,0,0,0,0,0,0,2,3,2,3.92699,0,0,0,0,0,0,0,0,0,0,1.5708,1.5708,0,1.5708,1.5708,0,-0.0102704,-0.00869662,0.000293835,-0.0106097,3.18352e-05,0.000759443,1.78255,1.23392,-0.00300055,-0.000150215,-0.000313864,-0.000120726,0.000732269,6.62272e-05,-0.00139972,1.75578,1.20968,0,0,0,0,0.0375568,0.0336871,0,0,0,0,0.0321599,0.0285362,2,1.75578,1.20968,0,0.344544,0.487027,3.7308e-15,0,0,0,0,0,0,0,0,0,0,0,0,0.855775,1.20968,0,0,0,0,0,0,0,0,0,0,0,0,2,0.855775,1.20968,0,1,2,0,0,0,0,0,1.1442,-0.3072,2.3033,0,0,0,0,0,0,0,-0,0,1.46779,0,0,0,0,0,0,0,0,0,0,0,0,0,0,0,0,0,0,0,0,0,0,0,0,0,0,0,0,0,0,0,0,0
41.1,0.000586344,-0.00492733,-0.00481508,0,0,0,3.02864,2.00907,-2.36571,-0.00358925,0.000378458,0.0137582,0.000515821,-0.0281395,0.139667,3,2,3.92699,0,0,0,0,0,0,0,0,0,0,0,2,3,2,3.92699,0,0,0,0,0,0,0,0,0,0,1.5708,1.5708,0,1.5708,1.5708,0,-0.0104994,-0.00885633,-0.000212376,-0.0106097,3.18352e-05,0.000759443,1.78254,1.2339,-0.00289044,-8.17957e-05,-0.0002637,0.00110124,0.000862228,0.000300511,0.00369471,1.75578,1.20968,0,0,0,0,0.0375568,0.0336871,0,0,0,0,0.0321599,0.0285362,2,1.75578,1.20968,0,0.344544,0.487027,3.7308e-15,0,0,0,0,0,0,0,0,0,0,0,0,0.855775,1.20968,0,0,0,0,0,0,0,0,0,0,0,0,2,0.855775,1.20968,0,1,2,0,0,0,0,0,1.1442,-0.3072,2.3033,0,0,0,0,0,0,0,-0,0,1.46753,0,0,0,0,0,0,0,0,0,0,0,0,0,0,0,0,0,0,0,0,0,0,0,0,0,0,0,0,0,0,0,0,0
41.15,0.000586344,-0.00492733,-0.00481508,0,0,0,3.02864,2.00907,-2.36571,-0.00358925,0.000378458,0.0137582,0.000515821,-0.0281395,0.139667,3,2,3.92699,0,0,0,0,0,0,0,0,0,0,0,2,3,2,3.92699,0,0,0,0,0,0,0,0,0,0,1.5708,1.5708,0,1.5708,1.5708,0,-0.0104994,-0.00885633,-0.000212376,-0.0106097,3.06669e-05,0.000759443,1.78254,1.2339,-0.00289044,-8.17957e-05,-0.0002637,0.00110124,0.000862228,0.000300511,0.00369471,1.75578,1.20968,0,0,0,0,0.0313059,0.0415189,0,0,0,0,0.0261137,0.035673,2,1.75578,1.20968,0,0.344544,0.487027,3.7308e-15,0,0,0,0,0,0,0,0,0,0,0,0,0.855775,1.20968,0,0,0,0,0,0,0,0,0,0,0,0,2,0.855775,1.20968,0,1,2,0,0,0,0,0,1.2041,-0.2476,2.3628,0,0,0,0,0,0,0,-0,0,1.46753,0,0,0,0,0,0,0,0,0,0,0,0,0,0,0,0,0,0,0,0,0,0,0,0,0,0,0,0,0,0,0,0,0
41.2,-0.00640835,-0.0114634,0.00214156,0,0,0,3.02849,2.0093,-2.36604,-0.00149904,0.00228762,-0.00329498,0.011703,-0.00968021,0.0155747,3,2,3.92699,0,0,0,0,0,0,0,0,0,0,0,2,3,2,3.92699,0,0,0,0,0,0,0,0,0,0,1.5708,1.5708,0,1.5708,1.5708,0,-0.00920438,-0.00858158,0.000627905,-0.0106097,3.06669e-05,0.000759443,1.7825,1.23386,-0.00298492,-0.000457769,-0.00034058,-0.000944852,-0.0009669,-9.4918e-05,-0.00526744,1.75578,1.20968,0,0,0,0,0.0313059,0.0415189,0,0,0,0,0.0261137,0.035673,2,1.75578,1.20968,0,0.344544,0.487027,3.7308e-15,0,0,0,0,0,0,0,0,0,0,0,0,0.855775,1.20968,0,0,0,0,0,0,0,0,0,0,0,0,2,0.855775,1.20968,0,1,2,0,0,0,0,0,1.2041,-0.2476,2.3628,0,0,0,0,0,0,0,-0,0,1.46758,0,0,0,0,0,0,0,0,0,0,0,0,0,0,0,0,0,0,0,0,0,0,0,0,0,0,0,0,0,0,0,0,0
41.25,-0.00640835,-0.0114634,0.00214156,0,0,0,3.02849,2.0093,-2.36604,-0.00149904,0.00228762,-0.00329498,0.011703,-0.00968021,0.0155747,3,2,3.92699,0,0,0,0,0,0,0,0,0,0,0,2,3,2,3.92699,0,0,0,0,0,0,0,0,0,0,1.5708,1.5708,0,1.5708,1.5708,0,-0.00920438,-0.00858158,0.000627905,-0.0106097,3.16694e-05,0.000759443,1.7825,1.23386,-0.00298492,-0.000457769,-0.00034058,-0.000944852,-0.0009669,-9.4918e-05,-0.00526744,1.75578,1.20968,0,0,0,0,0.0385384,0.0252941,0,0,0,0,0.0361358,0.0237363,2,1.75578,1.20968,0,0.344544,0.487027,3.7308e-15,0,0,0,0,0,0,0,0,0,0,0,0,0.855775,1.20968,0,0,0,0,0,0,0,0,0,0,0,0,2,0.855775,1.20968,0,1,2,0,0,0,0,0,1.2041,-0.2476,2.3628,0,0,0,0,0,0,0,-0,0,1.46758,0,0,0,0,0,0,0,0,0,0,0,0,0,0,0,0,0,0,0,0,0,0,0,0,0,0,0,0,0,0,0,0,0
41.3,-0.00648466,-0.0125212,0.00182975,0,0,0,3.02834,2.00955,-2.36629,-0.00145902,0.00257036,-0.00247795,0.00869837,-0.00218125,-0.00418259,3,2,3.92699,0,0,0,0,0,0,0,0,0,0,0,2,3,2,3.92699,0,0,0,0,0,0,0,0,0,0,1.5708,1.5708,0,1.5708,1.5708,0,-0.0103689,-0.00866503,0.00058991,-0.0109175,-0.0101758,0.00156073,1.78249,1.23383,-0.00306845,-0.000113452,-0.000312298,-0.000834737,0.000547605,2.26299e-06,-0.00393575,1.75578,1.20968,0,0,0,0,0.0385384,0.0252941,0,0,0,0,0.0361358,0.0237363,2,1.75578,1.20968,0,0.344544,0.487027,3.7308e-15,0,0,0,0,0,0,0,0,0,0,0,0,0.855775,1.20968,0,0,0,0,0,0,0,0,0,0,0,0,2,0.855775,1.20968,0,1,2,0,0,0,0,0,1.2041,-0.2476,2.3628,0,0,0,0,0,0,0,-0,0,1.46762,0,0,0,0,0,0,0,0,0,0,0,0,0,0,0,0,0,0,0,0,0,0,0,0,0,0,0,0,0,0,0,0,0
41.35,-0.00648466,-0.0125212,0.00182975,0,0,0,3.02834,2.00955,-2.36629,-0.00145902,0.00257036,-0.00247795,0.00869837,-0.00218125,-0.00418259,3,2,3.92699,0,0,0,0,0,0,0,0,0,0,0,2,3,2,3.92699,0,0,0,0,0,0,0,0,0,0,1.5708,1.5708,0,1.5708,1.5708,0,-0.0103689,-0.00866503,0.00058991,-0.0109184,-0.0101749,0.00156073,1.78249,1.23383,-0.00306845,-0.000113452,-0.000312298,-0.000834737,0.000547605,2.26299e-06,-0.00393575,1.75578,1.20968,0,0,0,0,0.0420048,0.0299422,0,0,0,0,0.0358984,0.0246052,2,1.75578,1.20968,0,0.344544,0.487027,3.7308e-15,0,0,0,0,0,0,0,0,0,0,0,0,0.855775,1.20968,0,0,0,0,0,0,0,0,0,0,0,0,2,0.855775,1.20968,0,1,2,0,0,0,0,0,1.2045,-0.2462,2.3632,0,0,0,0,0,0,0,-0,0,1.46762,0,0,0,0,0,0,0,0,0,0,0,0,0,0,0,0,0,0,0,0,0,0,0,0,0,0,0,0,0,0,0,0,0
41.4,-0.00467595,-0.0123394,0.00141612,0,0,0,3.02814,2.0098,-2.36643,-0.00197139,0.00248683,-0.00143136,0.002773,-0.000635271,-0.000997213,3,2,3.92699,0,0,0,0,0,0,0,0,0,0,0,2,3,2,3.92699,0,0,0,0,0,0,0,0,0,0,1.5708,1.5708,0,1.5708,1.5708,0,-0.0100743,-0.00898684,3.83797e-05,-0.0109184,-0.0101749,0.00156073,1.78247,1.23381,-0.00301744,-0.000197872,-0.000214972,0.000510451,0.000196762,0.000404167,0.00319365,1.75578,1.20968,0,0,0,0,0.0420048,0.0299422,0,0,0,0,0.0358984,0.0246052,2,1.75578,1.20968,0,0.344544,0.487027,3.7308e-15,0,0,0,0,0,0,0,0,0,0,0,0,0.855775,1.20968,0,0,0,0,0,0,0,0,0,0,0,0,2,0.855775,1.20968,0,1,2,0,0,0,0,0,1.2045,-0.2462,2.3632,0,0,0,0,0,0,0,-0,0,1.46761,0,0,0,0,0,0,0,0,0,0,0,0,0,0,0,0,0,0,0,0,0,0,0,0,0,0,0,0,0,0,0,0,0
41.45,-0.00467595,-0.0123394,0.00141612,0,0,0,3.02814,2.0098,-2.36643,-0.00197139,0.00248683,-0.00143136,0.002773,-0.000635271,-0.000997213,3,2,3.92699,0,0,0,0,0,0,0,0,0,0,0,2,3,2,3.92699,0,0,0,0,0,0,0,0,0,0,1.5708,1.5708,0,1.5708,1.5708,0,-0.0100743,-0.00898684,3.83797e-05,-0.0109178,-0.0101755,0.00156073,1.78247,1.23381,-0.00301744,-0.000197872,-0.000214972,0.000510451,0.000196762,0.000404167,0.00319365,1.75578,1.20968,0,0,0,0,0.0332757,0.0365665,0,0,0,0,0.0298014,0.0328807,2,1.75578,1.20968,0,0.344544,0.487027,3.7308e-15,0,0,0,0,0,0,0,0,0,0,0,0,0.855775,1.20968,0,0,0,0,0,0,0,0,0,0,0,0,2,0.855775,1.20968,0,1,2,0,0,0,0,0,1.2045,-0.2462,2.3632,0,0,0,0,0,0,0,-0,0,1.46761,0,0,0,0,0,0,0,0,0,0,0,0,0,0,0,0,0,0,0,0,0,0,0,0,0,0,0,0,0,0,0,0,0
41.5,-0.00429153,-0.00756071,-0.000471142,0,0,0,3.02794,2.00991,-2.36612,-0.00206071,0.00105843,0.00314976,0.000502124,-0.00587393,0.0181334,3,2,3.92699,0,0,0,0,0,0,0,0,0,0,0,2,3,2,3.92699,0,0,0,0,0,0,0,0,0,0,1.5708,1.5708,0,1.5708,1.5708,0,-0.00988216,-0.00884016,0.000288241,-0.0109178,-0.0101755,0.00156073,1.78244,1.23378,-0.00302759,-0.000251484,-0.000255146,-0.000101561,-0.000143994,0.000135986,0.000437481,1.75578,1.20968,0,0,0,0,0.0332757,0.0365665,0,0,0,0,0.0298014,0.0328807,2,1.75578,1.20968,0,0.344544,0.487027,3.7308e-15,0,0,0,0,0,0,0,0,0,0,0,0,0.855775,1.20968,0,0,0,0,0,0,0,0,0,0,0,0,2,0.855775,1.20968,0,1,2,0,0,0,0,0,1.2045,-0.2462,2.3632,0,0,0,0,0,0,0,-0,0,1.46753,0,0,0,0,0,0,0,0,0,0,0,0,0,0,0,0,0,0,0,0,0,0,0,0,0,0,0,0,0,0,0,0,0
41.55,-0.00429153,-0.00756071,-0.000471142,0,0,0,3.02794,2.00991,-2.36612,-0.00206071,0.00105843,0.00314976,0.000502124,-0.00587393,0.0181334,3,2,3.92699,0,0,0,0,0,0,0,0,0,0,0,2,3,2,3.92699,0,0,0,0,0,0,0,0,0,0,1.5708,1.5708,0,1.5708,1.5708,0,-0.00988216,-0.00884016,0.000288241,-0.0102,3.08815e-05,0.000730114,1.78244,1.23378,-0.00302759,-0.000251484,-0.000255146,-0.000101561,-0.000143994,0.000135986,0.000437481,1.75578,1.20968,0,0,0,0,0.0361063,0.032414,0,0,0,0,0.0325642,0.0291065,2,1.75578,1.20968,0,0.344544,0.487027,3.7308e-15,0,0,0,0,0,0,0,0,0,0,0,0,0.855775,1.20968,0,0,0,0,0,0,0,0,0,0,0,0,2,0.855775,1.20968,0,1,2,0,0,0,0,0,1.2045,-0.2458,2.3631,0,0,0,0,0,0,0,-0,0,1.46753,0,0,0,0,0,0,0,0,0,0,0,0,0,0,0,0,0,0,0,0,0,0,0,0,0,0,0,0,0,0,0,0,0
41.6,-0.00491748,-0.00940456,-2.43706e-05,0,0,0,3.02775,2.01007,-2.36592,-0.00185315,0.0015858,0.00201001,0.000824661,-0.0021306,0.00892481,3,2,3.92699,0,0,0,0,0,0,0,0,0,0,0,2,3,2,3.92699,0,0,0,0,0,0,0,0,0,0,1.5708,1.5708,0,1.5708,1.5708,0,-0.00991399,-0.00877956,0.000264132,-0.0102,3.08815e-05,0.000730114,1.78242,1.23376,-0.00303174,-0.000239274,-0.000269794,-4.14793e-05,-8.36703e-05,-1.30153e-05,0.000129506,1.75578,1.20968,0,0,0,0,0.0361063,0.032414,0,0,0,0,0.0325642,0.0291065,2,1.75578,1.20968,0,0.344544,0.487027,3.7308e-15,0,0,0,0,0,0,0,0,0,0,0,0,0.855775,1.20968,0,0,0,0,0,0,0,0,0,0,0,0,2,0.855775,1.20968,0,1,2,0,0,0,0,0,1.2045,-0.2458,2.3631,0,0,0,0,0,0,0,-0,0,1.46749,0,0,0,0,0,0,0,0,0,0,0,0,0,0,0,0,0,0,0,0,0,0,0,0,0,0,0,0,0,0,0,0,0
41.65,-0.00491748,-0.00940456,-2.43706e-05,0,0,0,3.02775,2.01007,-2.36592,-0.00185315,0.0015858,0.00201001,0.000824661,-0.0021306,0.00892481,3,2,3.92699,0,0,0,0,0,0,0,0,0,0,0,2,3,2,3.92699,0,0,0,0,0,0,0,0,0,0,1.5708,1.5708,0,1.5708,1.5708,0,-0.00991399,-0.00877956,0.000264132,-0.0102,3.09238e-05,0.000730114,1.78242,1.23376,-0.00303174,-0.000239274,-0.000269794,-4.14793e-05,-8.36703e-05,-1.30153e-05,0.000129506,1.75578,1.20968,0,0,0,0,0.0358939,0.0328476,0,0,0,0,0.0320512,0.0291982,2,1.75578,1.20968,0,0.344544,0.487027,3.7308e-15,0,0,0,0,0,0,0,0,0,0,0,0,0.855775,1.20968,0,0,0,0,0,0,0,0,0,0,0,0,2,0.855775,1.20968,0,1,2,0,0,0,0,0,1.2045,-0.2458,2.3631,0,0,0,0,0,0,0,-0,0,1.46749,0,0,0,0,0,0,0,0,0,0,0,0,0,0,0,0,0,0,0,0,0,0,0,0,0,0,0,0,0,0,0,0,0
41.7,-0.00410199,-0.0108139,0.00213829,0,0,0,3.02755,2.01026,-2.36624,-0.00207007,0.00197975,-0.00324688,-0.000328375,0.000801905,-0.0168929,3,2,3.92699,0,0,0,0,0,0,0,0,0,0,0,2,3,2,3.92699,0,0,0,0,0,0,0,0,0,0,1.5708,1.5708,0,1.5708,1.5708,0,-0.00988774,-0.00898275,-0.000226076,-0.0102,3.09238e-05,0.000730114,1.78239,1.23374,-0.00291769,-0.000244111,-0.000207494,0.00114037,-6.14573e-05,0.000220891,0.00475855,1.75578,1.20968,0,0,0,0,0.0358939,0.0328476,0,0,0,0,0.0320512,0.0291982,2,1.75578,1.20968,0,0.344544,0.487027,3.7308e-15,0,0,0,0,0,0,0,0,0,0,0,0,0.855775,1.20968,0,0,0,0,0,0,0,0,0,0,0,0,2,0.855775,1.20968,0,1,2,0,0,0,0,0,1.2045,-0.2458,2.3631,0,0,0,0,0,0,0,-0,0,1.46745,0,0,0,0,0,0,0,0,0,0,0,0,0,0,0,0,0,0,0,0,0,0,0,0,0,0,0,0,0,0,0,0,0
41.75,-0.00410199,-0.0108139,0.00213829,0,0,0,3.02755,2.01026,-2.36624,-0.00207007,0.00197975,-0.00324688,-0.000328375,0.000801905,-0.0168929,3,2,3.92699,0,0,0,0,0,0,0,0,0,0,0,2,3,2,3.92699,0,0,0,0,0,0,0,0,0,0,1.5708,1.5708,0,1.5708,1.5708,0,-0.00988774,-0.00898275,-0.000226076,-0.0102,2.97605e-05,0.000730114,1.78239,1.23374,-0.00291769,-0.000244111,-0.000207494,0.00114037,-6.14573e-05,0.000220891,0.00475855,1.75578,1.20968,0,0,0,0,0.0289889,0.039577,0,0,0,0,0.0263723,0.0362827,2,1.75578,1.20968,0,0.344544,0.487027,3.7308e-15,0,0,0,0,0,0,0,0,0,0,0,0,0.855775,1.20968,0,0,0,0,0,0,0,0,0,0,0,0,2,0.855775,1.20968,0,1,2,0,0,0,0,0,1.1323,-0.3174,2.2911,0,0,0,0,0,0,0,-0,0,1.46745,0,0,0,0,0,0,0,0,0,0,0,0,0,0,0,0,0,0,0,0,0,0,0,0,0,0,0,0,0,0,0,0,0
41.8,-0.00410199,-0.0108139,0.00213829,0,0,0,3.02755,2.01026,-2.36624,-0.00207007,0.00197975,-0.00324688,-0.000328375,0.000801905,-0.0168929,3,2,3.92699,0,0,0,0,0,0,0,0,0,0,0,2,3,2,3.92699,0,0,0,0,0,0,0,0,0,0,1.5708,1.5708,0,1.5708,1.5708,0,-0.00988774,-0.00898275,-0.000226076,-0.0112104,-0.0102172,-0.00121827,1.78239,1.23374,-0.00291769,-0.000244111,-0.000207494,0.00114037,-6.14573e-05,0.000220891,0.00475855,1.75578,1.20968,0,0,0,0,0.0289889,0.039577,0,0,0,0,0.0263723,0.0362827,2,1.75578,1.20968,0,0.344544,0.487027,3.7308e-15,0,0,0,0,0,0,0,0,0,0,0,0,0.855775,1.20968,0,0,0,0,0,0,0,0,0,0,0,0,2,0.855775,1.20968,0,1,2,0,0,0,0,0,1.1323,-0.3174,2.2911,0,0,0,0,0,0,0,-0,0,1.46745,0,0,0,0,0,0,0,0,0,0,0,0,0,0,0,0,0,0,0,0,0,0,0,0,0,0,0,0,0,0,0,0,0
41.85,-0.00630933,-0.0159059,0.00653997,0,0,0,3.02741,2.01061,-2.36762,-0.00139941,0.00344724,-0.0138021,0.00232818,0.00674021,-0.0558095,3,2,3.92699,0,0,0,0,0,0,0,0,0,0,0,2,3,2,3.92699,0,0,0,0,0,0,0,0,0,0,1.5708,1.5708,0,1.5708,1.5708,0,-0.00992366,-0.00868876,0.000566644,-0.0112104,-0.0102172,-0.00121827,1.78237,1.23371,-0.00299685,-0.000230794,-0.00029063,-0.000791911,1.95286e-05,-0.000167683,-0.00423753,1.75578,1.20968,0,0,0,0,0.0289889,0.039577,0,0,0,0,0.0263723,0.0362827,2,1.75578,1.20968,0,0.344544,0.487027,3.7308e-15,0,0,0,0,0,0,0,0,0,0,0,0,0.855775,1.20968,0,0,0,0,0,0,0,0,0,0,0,0,2,0.855775,1.20968,0,1,2,0,0,0,0,0,1.1323,-0.3174,2.2911,0,0,0,0,0,0,0,-0,0,1.46755,0,0,0,0,0,0,0,0,0,0,0,0,0,0,0,0,0,0,0,0,0,0,0,0,0,0,0,0,0,0,0,0,0
41.9,-0.00507747,-0.0111891,0.00277292,0,0,0,3.02723,2.01081,-2.36807,-0.00174359,0.00202564,-0.00444281,0.000381326,-0.000826369,-0.00139507,3,2,3.92699,0,0,0,0,0,0,0,0,0,0,0,2,3,2,3.92699,0,0,0,0,0,0,0,0,0,0,1.5708,1.5708,0,1.5708,1.5708,0,-0.00983475,-0.00917219,0.00016591,-0.0112112,-0.0102163,-0.00121827,1.78234,1.23369,-0.00297794,-0.000253968,-0.00014652,0.000189123,-7.00881e-05,0.000422296,0.000157094,1.75578,1.20968,0,0,0,0,0.0401509,0.0287023,0,0,0,0,0.0356859,0.0249674,2,1.75578,1.20968,0,0.344544,0.487027,3.7308e-15,0,0,0,0,0,0,0,0,0,0,0,0,0.855775,1.20968,0,0,0,0,0,0,0,0,0,0,0,0,2,0.855775,1.20968,0,1,2,0,0,0,0,0,1.1323,-0.3174,2.2911,0,0,0,0,0,0,0,-0,0,1.46753,0,0,0,0,0,0,0,0,0,0,0,0,0,0,0,0,0,0,0,0,0,0,0,0,0,0,0,0,0,0,0,0,0
41.95,-0.00507747,-0.0111891,0.00277292,0,0,0,3.02723,2.01081,-2.36807,-0.00174359,0.00202564,-0.00444281,0.000381326,-0.000826369,-0.00139507,3,2,3.92699,0,0,0,0,0,0,0,0,0,0,0,2,3,2,3.92699,0,0,0,0,0,0,0,0,0,0,1.5708,1.5708,0,1.5708,1.5708,0,-0.00983475,-0.00917219,0.00016591,-0.011211,-0.0102165,-0.00121827,1.78234,1.23369,-0.00297794,-0.000253968,-0.00014652,0.000189123,-7.00881e-05,0.000422296,0.000157094,1.75578,1.20968,0,0,0,0,0.034183,0.0339981,0,0,0,0,0.0320717,0.0318972,2,1.75578,1.20968,0,0.344544,0.487027,3.7308e-15,0,0,0,0,0,0,0,0,0,0,0,0,0.855775,1.20968,0,0,0,0,0,0,0,0,0,0,0,0,2,0.855775,1.20968,0,1,2,0,0,0,0,0,1.2051,-0.2422,2.365,0,0,0,0,0,0,0,-0,0,1.46753,0,0,0,0,0,0,0,0,0,0,0,0,0,0,0,0,0,0,0,0,0,0,0,0,0,0,0,0,0,0,0,0,0
42,-0.00447602,-0.00274705,-0.00217867,0,0,0,3.02704,2.01076,-2.36731,-0.00189912,-0.000469899,0.00759009,-0.000656826,-0.0114919,0.0546109,3,2,3.92699,0,0,0,0,0,0,0,0,0,0,0,2,3,2,3.92699,0,0,0,0,0,0,0,0,0,0,1.5708,1.5708,0,1.5708,1.5708,0,-0.00990874,-0.00847458,-6.33944e-05,-0.011211,-0.0102165,-0.00121827,1.78232,1.23366,-0.00290415,-0.000229457,-0.000347847,0.000737859,4.36227e-05,-0.000471063,0.00288217,1.75578,1.20968,0,0,0,0,0.034183,0.0339981,0,0,0,0,0.0320717,0.0318972,2,1.75578,1.20968,0,0.344544,0.487027,3.7308e-15,0,0,0,0,0,0,0,0,0,0,0,0,0.855775,1.20968,0,0,0,0,0,0,0,0,0,0,0,0,2,0.855775,1.20968,0,1,2,0,0,0,0,0,1.2051,-0.2422,2.365,0,0,0,0,0,0,0,-0,0,1.46739,0,0,0,0,0,0,0,0,0,0,0,0,0,0,0,0,0,0,0,0,0,0,0,0,0,0,0,0,0,0,0,0,0
42.05,-0.00447602,-0.00274705,-0.00217867,0,0,0,3.02704,2.01076,-2.36731,-0.00189912,-0.000469899,0.00759009,-0.000656826,-0.0114919,0.0546109,3,2,3.92699,0,0,0,0,0,0,0,0,0,0,0,2,3,2,3.92699,0,0,0,0,0,0,0,0,0,0,1.5708,1.5708,0,1.5708,1.5708,0,-0.00990874,-0.00847458,-6.33944e-05,-0.010537,3.0601e-05,-0.000636652,1.78232,1.23366,-0.00290415,-0.000229457,-0.000347847,0.000737859,4.36227e-05,-0.000471063,0.00288217,1.75578,1.20968,0,0,0,0,0.0314069,0.0372992,0,0,0,0,0.0267961,0.0323108,2,1.75578,1.20968,0,0.344544,0.487027,3.7308e-15,0,0,0,0,0,0,0,0,0,0,0,0,0.855775,1.20968,0,0,0,0,0,0,0,0,0,0,0,0,2,0.855775,1.20968,0,1,2,0,0,0,0,0,1.2051,-0.2422,2.365,0,0,0,0,0,0,0,-0,0,1.46739,0,0,0,0,0,0,0,0,0,0,0,0,0,0,0,0,0,0,0,0,0,0,0,0,0,0,0,0,0,0,0,0,0
42.1,-0.00812516,-0.016995,0.00491033,0,0,0,3.02696,2.01113,-2.36827,-0.000808348,0.00370717,-0.00966124,0.00382548,0.00834552,-0.0285616,3,2,3.92699,0,0,0,0,0,0,0,0,0,0,0,2,3,2,3.92699,0,0,0,0,0,0,0,0,0,0,1.5708,1.5708,0,1.5708,1.5708,0,-0.0100376,-0.00883761,0.000275012,-0.010537,3.0601e-05,-0.000636652,1.7823,1.23363,-0.00291334,-0.000189265,-0.000238108,-9.19489e-05,0.000202441,3.50508e-05,-0.00121674,1.75578,1.20968,0,0,0,0,0.0314069,0.0372992,0,0,0,0,0.0267961,0.0323108,2,1.75578,1.20968,0,0.344544,0.487027,3.7308e-15,0,0,0,0,0,0,0,0,0,0,0,0,0.855775,1.20968,0,0,0,0,0,0,0,0,0,0,0,0,2,0.855775,1.20968,0,1,2,0,0,0,0,0,1.2051,-0.2422,2.365,0,0,0,0,0,0,0,-0,0,1.46754,0,0,0,0,0,0,0,0,0,0,0,0,0,0,0,0,0,0,0,0,0,0,0,0,0,0,0,0,0,0,0,0,0
42.15,-0.00812516,-0.016995,0.00491033,0,0,0,3.02696,2.01113,-2.36827,-0.000808348,0.00370717,-0.00966124,0.00382548,0.00834552,-0.0285616,3,2,3.92699,0,0,0,0,0,0,0,0,0,0,0,2,3,2,3.92699,0,0,0,0,0,0,0,0,0,0,1.5708,1.5708,0,1.5708,1.5708,0,-0.0100376,-0.00883761,0.000275012,-0.010537,3.06979e-05,-0.000636652,1.7823,1.23363,-0.00291334,-0.000189265,-0.000238108,-9.19489e-05,0.000202441,3.50508e-05,-0.00121674,1.75578,1.20968,0,0,0,0,0.0364609,0.0331465,0,0,0,0,0.0323758,0.0292719,2,1.75578,1.20968,0,0.344544,0.487027,3.7308e-15,0,0,0,0,0,0,0,0,0,0,0,0,0.855775,1.20968,0,0,0,0,0,0,0,0,0,0,0,0,2,0.855775,1.20968,0,1,2,0,0,0,0,0,1.2053,-0.2415,2.3653,0,0,0,0,0,0,0,-0,0,1.46754,0,0,0,0,0,0,0,0,0,0,0,0,0,0,0,0,0,0,0,0,0,0,0,0,0,0,0,0,0,0,0,0,0
42.2,-0.0328934,-0.0181206,0.00127197,0,0,0,3.02761,2.01153,-2.36834,0.00645282,0.00399304,-0.000693818,0.0319165,0.00884131,0.00741751,3,2,3.92699,0,0,0,0,0,0,0,0,0,0,0,2,3,2,3.92699,0,0,0,0,0,0,0,0,0,0,1.5708,1.5708,0,1.5708,1.5708,0,-0.00994626,-0.00906731,-0.000158499,-0.010537,3.06979e-05,-0.000636652,1.78228,1.23362,-0.00281791,-0.000213629,-0.000168462,0.0009543,4.55099e-05,0.000367588,0.00289521,1.75578,1.20968,0,0,0,0,0.0364609,0.0331465,0,0,0,0,0.0323758,0.0292719,2,1.75578,1.20968,0,0.344544,0.487027,3.7308e-15,0,0,0,0,0,0,0,0,0,0,0,0,0.855775,1.20968,0,0,0,0,0,0,0,0,0,0,0,0,2,0.855775,1.20968,0,1,2,0,0,0,0,0,1.2053,-0.2415,2.3653,0,0,0,0,0,0,0,-0,0,1.46833,0,0,0,0,0,0,0,0,0,0,0,0,0,0,0,0,0,0,0,0,0,0,0,0,0,0,0,0,0,0,0,0,0
42.25,-0.0328934,-0.0181206,0.00127197,0,0,0,3.02761,2.01153,-2.36834,0.00645282,0.00399304,-0.000693818,0.0319165,0.00884131,0.00741751,3,2,3.92699,0,0,0,0,0,0,0,0,0,0,0,2,3,2,3.92699,0,0,0,0,0,0,0,0,0,0,1.5708,1.5708,0,1.5708,1.5708,0,-0.00994626,-0.00906731,-0.000158499,-0.010537,2.96923e-05,-0.000636652,1.78228,1.23362,-0.00281791,-0.000213629,-0.000168462,0.0009543,4.55099e-05,0.000367588,0.00289521,1.75578,1.20968,0,0,0,0,0.030112,0.0388686,0,0,0,0,0.0275223,0.0357181,2,1.75578,1.20968,0,0.344544,0.487027,3.7308e-15,0,0,0,0,0,0,0,0,0,0,0,0,0.855775,1.20968,0,0,0,0,0,0,0,0,0,0,0,0,2,0.855775,1.20968,0,1,2,0,0,0,0,0,1.2053,-0.2415,2.3653,0,0,0,0,0,0,0,-0,0,1.46833,0,0,0,0,0,0,0,0,0,0,0,0,0,0,0,0,0,0,0,0,0,0,0,0,0,0,0,0,0,0,0,0,0
42.3,-0.0322539,-0.00992608,-0.00193158,0,0,0,3.02823,2.01169,-2.36764,0.00618955,0.00154678,0.00704832,0.0219141,-0.0044001,0.0402613,3,2,3.92699,0,0,0,0,0,0,0,0,0,0,0,2,3,2,3.92699,0,0,0,0,0,0,0,0,0,0,1.5708,1.5708,0,1.5708,1.5708,0,-0.009795,-0.0088298,0.000123586,-0.0110088,-0.0100594,-0.00119774,1.78226,1.23359,-0.00279232,-0.000255152,-0.000235619,0.000255934,-0.000159735,-2.50437e-06,-0.000495608,1.75578,1.20968,0,0,0,0,0.030112,0.0388686,0,0,0,0,0.0275223,0.0357181,2,1.75578,1.20968,0,0.344544,0.487027,3.7308e-15,0,0,0,0,0,0,0,0,0,0,0,0,0.855775,1.20968,0,0,0,0,0,0,0,0,0,0,0,0,2,0.855775,1.20968,0,1,2,0,0,0,0,0,1.2053,-0.2415,2.3653,0,0,0,0,0,0,0,-0,0,1.46897,0,0,0,0,0,0,0,0,0,0,0,0,0,0,0,0,0,0,0,0,0,0,0,0,0,0,0,0,0,0,0,0,0
42.35,-0.0322539,-0.00992608,-0.00193158,0,0,0,3.02823,2.01169,-2.36764,0.00618955,0.00154678,0.00704832,0.0219141,-0.0044001,0.0402613,3,2,3.92699,0,0,0,0,0,0,0,0,0,0,0,2,3,2,3.92699,0,0,0,0,0,0,0,0,0,0,1.5708,1.5708,0,1.5708,1.5708,0,-0.009795,-0.0088298,0.000123586,-0.0110085,-0.0100597,-0.00119774,1.78226,1.23359,-0.00279232,-0.000255152,-0.000235619,0.000255934,-0.000159735,-2.50437e-06,-0.000495608,1.75578,1.20968,0,0,0,0,0.0335364,0.0343853,0,0,0,0,0.03039,0.0311833,2,1.75578,1.20968,0,0.344544,0.487027,3.7308e-15,0,0,0,0,0,0,0,0,0,0,0,0,0.855775,1.20968,0,0,0,0,0,0,0,0,0,0,0,0,2,0.855775,1.20968,0,1,2,0,0,0,0,0,1.2065,-0.2428,2.3649,0,0,0,0,0,0,0,-0,0,1.46897,0,0,0,0,0,0,0,0,0,0,0,0,0,0,0,0,0,0,0,0,0,0,0,0,0,0,0,0,0,0,0,0,0
42.4,-0.0533986,-0.0172903,-0.004331,0,0,0,3.02946,2.01206,-2.36637,0.0123073,0.00368463,0.0126982,0.0362523,0.00410936,0.0511978,3,2,3.92699,0,0,0,0,0,0,0,0,0,0,0,2,3,2,3.92699,0,0,0,0,0,0,0,0,0,0,1.5708,1.5708,0,1.5708,1.5708,0,-0.0103007,-0.00920632,0.000429412,-0.0110085,-0.0100597,-0.00119774,1.78225,1.23358,-0.00284092,-0.000104961,-0.000123268,-0.00048591,0.00047634,0.000397235,-0.00372068,1.75578,1.20968,0,0,0,0,0.0335364,0.0343853,0,0,0,0,0.03039,0.0311833,2,1.75578,1.20968,0,0.344544,0.487027,3.7308e-15,0,0,0,0,0,0,0,0,0,0,0,0,0.855775,1.20968,0,0,0,0,0,0,0,0,0,0,0,0,2,0.855775,1.20968,0,1,2,0,0,0,0,0,1.2065,-0.2428,2.3649,0,0,0,0,0,0,0,-0,0,1.47022,0,0,0,0,0,0,0,0,0,0,0,0,0,0,0,0,0,0,0,0,0,0,0,0,0,0,0,0,0,0,0,0,0
42.45,-0.0533986,-0.0172903,-0.004331,0,0,0,3.02946,2.01206,-2.36637,0.0123073,0.00368463,0.0126982,0.0362523,0.00410936,0.0511978,3,2,3.92699,0,0,0,0,0,0,0,0,0,0,0,2,3,2,3.92699,0,0,0,0,0,0,0,0,0,0,1.5708,1.5708,0,1.5708,1.5708,0,-0.0103007,-0.00920632,0.000429412,-0.011009,-0.0100591,-0.00119774,1.78225,1.23358,-0.00284092,-0.000104961,-0.000123268,-0.00048591,0.00047634,0.000397235,-0.00372068,1.75578,1.20968,0,0,0,0,0.0394442,0.032024,0,0,0,0,0.0355951,0.0286476,2,1.75578,1.20968,0,0.344544,0.487027,3.7308e-15,0,0,0,0,0,0,0,0,0,0,0,0,0.855775,1.20968,0,0,0,0,0,0,0,0,0,0,0,0,2,0.855775,1.20968,0,1,2,0,0,0,0,0,1.2065,-0.2428,2.3649,0,0,0,0,0,0,0,-0,0,1.47022,0,0,0,0,0,0,0,0,0,0,0,0,0,0,0,0,0,0,0,0,0,0,0,0,0,0,0,0,0,0,0,0,0
42.5,-0.0720422,0.0678995,0.00817046,0,0,0,3.03122,2.00993,-2.36814,0.0176208,-0.0213007,-0.017711,0.0449279,-0.0962163,-0.0892932,3,2,3.92699,0,0,0,0,0,0,0,0,0,0,0,2,3,2,3.92699,0,0,0,0,0,0,0,0,0,0,1.5708,1.5708,0,1.5708,1.5708,0,-0.00994401,-0.00913407,0.000232273,-0.011009,-0.0100591,-0.00119774,1.78222,1.23357,-0.00284106,-0.000207562,-0.000142851,-1.40193e-06,-3.77455e-05,0.000214491,-0.000734255,1.75578,1.20968,0,0,0,0,0.0394442,0.032024,0,0,0,0,0.0355951,0.0286476,2,1.75578,1.20968,0,0.344544,0.487027,3.7308e-15,0,0,0,0,0,0,0,0,0,0,0,0,0.855775,1.20968,0,0,0,0,0,0,0,0,0,0,0,0,2,0.855775,1.20968,0,1,2,0,0,0,0,0,1.2065,-0.2428,2.3649,0,0,0,0,0,0,0,-0,0,1.47062,0,0,0,0,0,0,0,0,0,0,0,0,0,0,0,0,0,0,0,0,0,0,0,0,0,0,0,0,0,0,0,0,0
42.55,-0.0720422,0.0678995,0.00817046,0,0,0,3.03122,2.00993,-2.36814,0.0176208,-0.0213007,-0.017711,0.0449279,-0.0962163,-0.0892932,3,2,3.92699,0,0,0,0,0,0,0,0,0,0,0,2,3,2,3.92699,0,0,0,0,0,0,0,0,0,0,1.5708,1.5708,0,1.5708,1.5708,0,-0.00994401,-0.00913407,0.000232273,-0.0100258,2.84839e-05,0.000717643,1.78222,1.23357,-0.00284106,-0.000207562,-0.000142851,-1.40193e-06,-3.77455e-05,0.000214491,-0.000734255,1.75578,1.20968,0,0,0,0,0.0354896,0.0334637,0,0,0,0,0.0327988,0.030901,2,1.75578,1.20968,0,0.344544,0.487027,3.7308e-15,0,0,0,0,0,0,0,0,0,0,0,0,0.855775,1.20968,0,0,0,0,0,0,0,0,0,0,0,0,2,0.855775,1.20968,0,1,2,0,0,0,0,0,1.2075,-0.2455,2.3652,0,0,0,0,0,0,0,-0,0,1.47062,0,0,0,0,0,0,0,0,0,0,0,0,0,0,0,0,0,0,0,0,0,0,0,0,0,0,0,0,0,0,0,0,0
42.6,0.487022,0.766119,-0.628839,0,0,0,3.01659,1.98738,-2.21618,-0.14627,-0.225474,1.5194,-0.626713,-0.887207,6.06942,3,2,3.92699,0,0,0,0,0,0,0,0,0,0,0,2,3,2,3.92699,0,0,0,0,0,0,0,0,0,0,1.5708,1.5708,0,1.5708,1.5708,0,-0.0101414,-0.0091075,0.000459313,-0.0100258,2.84839e-05,0.000717643,1.78221,1.23355,-0.0028959,-0.00014769,-0.000148911,-0.000548371,0.000146821,7.97091e-05,-0.00222237,1.75578,1.20968,0,0,0,0,0.0354896,0.0334637,0,0,0,0,0.0327988,0.030901,2,1.75578,1.20968,0,0.344544,0.487027,3.7308e-15,0,0,0,0,0,0,0,0,0,0,0,0,0.855775,1.20968,0,0,0,0,0,0,0,0,0,0,0,0,2,0.855775,1.20968,0,1,2,0,0,0,0,0,1.2075,-0.2455,2.3652,0,0,0,0,0,0,0,-0,0,1.44636,0,0,0,0,0,0,0,0,0,0,0,0,0,0,0,0,0,0,0,0,0,0,0,0,0,0,0,0,0,0,0,0,0
42.65,0.487022,0.766119,-0.628839,0,0,0,3.01659,1.98738,-2.21618,-0.14627,-0.225474,1.5194,-0.626713,-0.887207,6.06942,3,2,3.92699,0,0,0,0,0,0,0,0,0,0,0,2,3,2,3.92699,0,0,0,0,0,0,0,0,0,0,1.5708,1.5708,0,1.5708,1.5708,0,-0.0101414,-0.0091075,0.000459313,-0.0100258,2.90337e-05,0.000717643,1.78221,1.23355,-0.0028959,-0.00014769,-0.000148911,-0.000548371,0.000146821,7.97091e-05,-0.00222237,1.75578,1.20968,0,0,0,0,0.0393294,0.0310303,0,0,0,0,0.035664,0.0278937,2,1.75578,1.20968,0,0.344544,0.487027,3.7308e-15,0,0,0,0,0,0,0,0,0,0,0,0,0.855775,1.20968,0,0,0,0,0,0,0,0,0,0,0,0,2,0.855775,1.20968,0,1,2,0,0,0,0,0,1.2075,-0.2455,2.3652,0,0,0,0,0,0,0,-0,0,1.44636,0,0,0,0,0,0,0,0,0,0,0,0,0,0,0,0,0,0,0,0,0,0,0,0,0,0,0,0,0,0,0,0,0
42.7,0.487022,0.766119,-0.628839,0,0,0,3.01659,1.98738,-2.21618,-0.14627,-0.225474,1.5194,-0.626713,-0.887207,6.06942,3,2,3.92699,0,0,0,0,0,0,0,0,0,0,0,2,3,2,3.92699,0,0,0,0,0,0,0,0,0,0,1.5708,1.5708,0,1.5708,1.5708,0,-0.00997583,-0.00945791,0.000423373,-0.0100258,2.90337e-05,0.000717643,1.78219,1.23355,-0.00294099,-0.000194137,-4.51766e-05,-0.00045101,-7.23066e-05,0.000444228,-0.00114647,1.75578,1.20968,0,0,0,0,0.0393294,0.0310303,0,0,0,0,0.035664,0.0278937,2,1.75578,1.20968,0,0.344544,0.487027,3.7308e-15,0,0,0,0,0,0,0,0,0,0,0,0,0.855775,1.20968,0,0,0,0,0,0,0,0,0,0,0,0,2,0.855775,1.20968,0,1,2,0,0,0,0,0,1.2075,-0.2455,2.3652,0,0,0,0,0,0,0,-0,0,1.44638,0,0,0,0,0,0,0,0,0,0,0,0,0,0,0,0,0,0,0,0,0,0,0,0,0,0,0,0,0,0,0,0,0
42.75,0.487022,0.766119,-0.628839,0,0,0,3.01659,1.98738,-2.21618,-0.14627,-0.225474,1.5194,-0.626713,-0.887207,6.06942,3,2,3.92699,0,0,0,0,0,0,0,0,0,0,0,2,3,2,3.92699,0,0,0,0,0,0,0,0,0,0,1.5708,1.5708,0,1.5708,1.5708,0,-0.00997583,-0.00945791,0.000423373,-0.0100258,2.94858e-05,0.000717643,1.78219,1.23355,-0.00294099,-0.000194137,-4.51766e-05,-0.00045101,-7.23066e-05,0.000444228,-0.00114647,1.75578,1.20968,0,0,0,0,0.0381801,0.0309977,0,0,0,0,0.0363498,0.0296248,2,1.75578,1.20968,0,0.344544,0.487027,3.7308e-15,0,0,0,0,0,0,0,0,0,0,0,0,0.855775,1.20968,0,0,0,0,0,0,0,0,0,0,0,0,2,0.855775,1.20968,0,1,2,0,0,0,0,0,1.2203,-0.3591,2.3007,0,0,0,0,0,0,0,-0,0,1.44638,0,0,0,0,0,0,0,0,0,0,0,0,0,0,0,0,0,0,0,0,0,0,0,0,0,0,0,0,0,0,0,0,0
42.8,0.487022,0.766119,-0.628839,0,0,0,3.01659,1.98738,-2.21618,-0.14627,-0.225474,1.5194,-0.626713,-0.887207,6.06942,3,2,3.92699,0,0,0,0,0,0,0,0,0,0,0,2,3,2,3.92699,0,0,0,0,0,0,0,0,0,0,1.5708,1.5708,0,1.5708,1.5708,0,-0.0101611,-0.00940582,-4.88213e-05,-0.010816,-0.0102371,0.00155812,1.78218,1.23354,-0.00287144,-0.000137925,-5.98084e-05,0.00069549,0.00015137,0.000257545,0.00403804,1.75578,1.20968,0,0,0,0,0.0381801,0.0309977,0,0,0,0,0.0363498,0.0296248,2,1.75578,1.20968,0,0.344544,0.487027,3.7308e-15,0,0,0,0,0,0,0,0,0,0,0,0,0.855775,1.20968,0,0,0,0,0,0,0,0,0,0,0,0,2,0.855775,1.20968,0,1,2,0,0,0,0,0,1.2203,-0.3591,2.3007,0,0,0,0,0,0,0,-0,0,1.44639,0,0,0,0,0,0,0,0,0,0,0,0,0,0,0,0,0,0,0,0,0,0,0,0,0,0,0,0,0,0,0,0,0
42.85,0.487022,0.766119,-0.628839,0,0,0,3.01659,1.98738,-2.21618,-0.14627,-0.225474,1.5194,-0.626713,-0.887207,6.06942,3,2,3.92699,0,0,0,0,0,0,0,0,0,0,0,2,3,2,3.92699,0,0,0,0,0,0,0,0,0,0,1.5708,1.5708,0,1.5708,1.5708,0,-0.0101611,-0.00940582,-4.88213e-05,-0.0108153,-0.0102378,0.00155812,1.78218,1.23354,-0.00287144,-0.000137925,-5.98084e-05,0.00069549,0.00015137,0.000257545,0.00403804,1.75578,1.20968,0,0,0,0,0.0322984,0.0381712,0,0,0,0,0.0300556,0.0355518,2,1.75578,1.20968,0,0.344544,0.487027,3.7308e-15,0,0,0,0,0,0,0,0,0,0,0,0,0.855775,1.20968,0,0,0,0,0,0,0,0,0,0,0,0,2,0.855775,1.20968,0,1,2,0,0,0,0,0,1.2203,-0.3591,2.3007,0,0,0,0,0,0,0,-0,0,1.44639,0,0,0,0,0,0,0,0,0,0,0,0,0,0,0,0,0,0,0,0,0,0,0,0,0,0,0,0,0,0,0,0,0
42.9,0.487022,0.766119,-0.628839,0,0,0,3.01659,1.98738,-2.21618,-0.14627,-0.225474,1.5194,-0.626713,-0.887207,6.06942,3,2,3.92699,0,0,0,0,0,0,0,0,0,0,0,2,3,2,3.92699,0,0,0,0,0,0,0,0,0,0,1.5708,1.5708,0,1.5708,1.5708,0,-0.010273,-0.00942435,0.00102582,-0.0108153,-0.0102378,0.00155812,1.78217,1.23354,-0.00306216,-0.000103763,-5.37127e-05,-0.00190727,0.000257762,0.000153764,-0.00727391,1.75578,1.20968,0,0,0,0,0.0322984,0.0381712,0,0,0,0,0.0300556,0.0355518,2,1.75578,1.20968,0,0.344544,0.487027,3.7308e-15,0,0,0,0,0,0,0,0,0,0,0,0,0.855775,1.20968,0,0,0,0,0,0,0,0,0,0,0,0,2,0.855775,1.20968,0,1,2,0,0,0,0,0,1.2203,-0.3591,2.3007,0,0,0,0,0,0,0,-0,0,1.4464,0,0,0,0,0,0,0,0,0,0,0,0,0,0,0,0,0,0,0,0,0,0,0,0,0,0,0,0,0,0,0,0,0
42.95,0.487022,0.766119,-0.628839,0,0,0,3.01659,1.98738,-2.21618,-0.14627,-0.225474,1.5194,-0.626713,-0.887207,6.06942,3,2,3.92699,0,0,0,0,0,0,0,0,0,0,0,2,3,2,3.92699,0,0,0,0,0,0,0,0,0,0,1.5708,1.5708,0,1.5708,1.5708,0,-0.010273,-0.00942435,0.00102582,-0.0108173,-0.0102357,0.00155812,1.78217,1.23354,-0.00306216,-0.000103763,-5.37127e-05,-0.00190727,0.000257762,0.000153764,-0.00727391,1.75578,1.20968,0,0,0,0,0.0475585,0.0237247,0,0,0,0,0.0440572,0.0217446,2,1.75578,1.20968,0,0.344544,0.487027,3.7308e-15,0,0,0,0,0,0,0,0,0,0,0,0,0.855775,1.20968,0,0,0,0,0,0,0,0,0,0,0,0,2,0.855775,1.20968,0,1,2,0,0,0,0,0,1.1328,-0.4466,2.2131,0,0,0,0,0,0,0,-0,0,1.4464,0,0,0,0,0,0,0,0,0,0,0,0,0,0,0,0,0,0,0,0,0,0,0,0,0,0,0,0,0,0,0,0,0
43,0.487022,0.766119,-0.628839,0,0,0,3.01659,1.98738,-2.21618,-0.14627,-0.225474,1.5194,-0.626713,-0.887207,6.06942,3,2,3.92699,0,0,0,0,0,0,0,0,0,0,0,2,3,2,3.92699,0,0,0,0,0,0,0,0,0,0,1.5708,1.5708,0,1.5708,1.5708,0,-0.0095977,-0.00944735,0.000236716,-0.0108173,-0.0102357,0.00155812,1.78214,1.23353,-0.00305902,-0.000299088,-4.63892e-05,3.1364e-05,-0.000611319,0.000107535,0.00184784,1.75578,1.20968,0,0,0,0,0.0475585,0.0237247,0,0,0,0,0.0440572,0.0217446,2,1.75578,1.20968,0,0.344544,0.487027,3.7308e-15,0,0,0,0,0,0,0,0,0,0,0,0,0.855775,1.20968,0,0,0,0,0,0,0,0,0,0,0,0,2,0.855775,1.20968,0,1,2,0,0,0,0,0,1.1328,-0.4466,2.2131,0,0,0,0,0,0,0,-0,0,1.44643,0,0,0,0,0,0,0,0,0,0,0,0,0,0,0,0,0,0,0,0,0,0,0,0,0,0,0,0,0,0,0,0,0
43.05,0.487022,0.766119,-0.628839,0,0,0,3.01659,1.98738,-2.21618,-0.14627,-0.225474,1.5194,-0.626713,-0.887207,6.06942,3,2,3.92699,0,0,0,0,0,0,0,0,0,0,0,2,3,2,3.92699,0,0,0,0,0,0,0,0,0,0,1.5708,1.5708,0,1.5708,1.5708,0,-0.0095977,-0.00944735,0.000236716,0,0,0,1.78214,1.23353,-0.00305902,-0.000299088,-4.63892e-05,3.1364e-05,-0.000611319,0.000107535,0.00184784,1.75578,1.20968,0,0,0,0,0.034291,0.0322344,0,0,0,0,0.0339061,0.0319794,2,1.75578,1.20968,0,0.344544,0.487027,3.7308e-15,0,0,0,0,0,0,0,0,0,0,0,0,0.855775,1.20968,0,0,0,0,0,0,0,0,0,0,0,0,2,0.855775,1.20968,0,1,2,0,0,0,0,0,1.1328,-0.4466,2.2131,0,0,0,0,0,0,0,-0,0,1.44643,0,0,0,0,0,0,0,0,0,0,0,0,0,0,0,0,0,0,0,0,0,0,0,0,0,0,0,0,0,0,0,0,0
43.1,0.487022,0.766119,-0.628839,0,0,0,3.01659,1.98738,-2.21618,-0.14627,-0.225474,1.5194,-0.626713,-0.887207,6.06942,3,2,3.92699,0,0,0,0,0,0,0,0,0,0,0,2,3,2,3.92699,0,0,0,0,0,0,0,0,0,0,1.5708,1.5708,0,1.5708,1.5708,0,-0.00982864,-0.00956291,6.99478e-05,0,0,0,1.78211,1.23353,-0.00301579,-0.000228369,-1.22123e-05,0.00043254,-0.000202042,0.000194895,0.00394721,1.75578,1.20968,0,0,0,0,0.034291,0.0322344,0,0,0,0,0.0339061,0.0319794,2,1.75578,1.20968,0,0.344544,0.487027,3.7308e-15,0,0,0,0,0,0,0,0,0,0,0,0,0.855775,1.20968,0,0,0,0,0,0,0,0,0,0,0,0,2,0.855775,1.20968,0,1,2,0,0,0,0,0,1.1328,-0.4466,2.2131,0,0,0,0,0,0,0,-0,0,1.44645,0,0,0,0,0,0,0,0,0,0,0,0,0,0,0,0,0,0,0,0,0,0,0,0,0,0,0,0,0,0,0,0,0
43.15,0.487022,0.766119,-0.628839,0,0,0,3.01659,1.98738,-2.21618,-0.14627,-0.225474,1.5194,-0.626713,-0.887207,6.06942,3,2,3.92699,0,0,0,0,0,0,0,0,0,0,0,2,3,2,3.92699,0,0,0,0,0,0,0,0,0,0,1.5708,1.5708,0,1.5708,1.5708,0,-0.00982864,-0.00956291,6.99478e-05,0,0,0,1.78211,1.23353,-0.00301579,-0.000228369,-1.22123e-05,0.00043254,-0.000202042,0.000194895,0.00394721,1.75578,1.20968,0,0,0,0,0.0327518,0.0353716,0,0,0,0,0.032116,0.034567,2,1.75578,1.20968,0,0.344544,0.487027,3.7308e-15,0,0,0,0,0,0,0,0,0,0,0,0,0.855775,1.20968,0,0,0,0,0,0,0,0,0,0,0,0,2,0.855775,1.20968,0,1,2,0,0,0,0,0,1.1142,-0.4653,2.1945,0,0,0,0,0,0,0,-0,0,1.44645,0,0,0,0,0,0,0,0,0,0,0,0,0,0,0,0,0,0,0,0,0,0,0,0,0,0,0,0,0,0,0,0,0
43.2,0.487022,0.766119,-0.628839,0,0,0,3.01659,1.98738,-2.21618,-0.14627,-0.225474,1.5194,-0.626713,-0.887207,6.06942,3,2,3.92699,0,0,0,0,0,0,0,0,0,0,0,2,3,2,3.92699,0,0,0,0,0,0,0,0,0,0,1.5708,1.5708,0,1.5708,1.5708,0,-0.00913169,-0.0100071,0.00068292,0,0,0,1.78207,1.23354,-0.00312104,-0.000428547,0.00011721,-0.00105277,-0.000865958,0.000645978,-0.00327983,1.75578,1.20968,0,0,0,0,0.0327518,0.0353716,0,0,0,0,0.032116,0.034567,2,1.75578,1.20968,0,0.344544,0.487027,3.7308e-15,0,0,0,0,0,0,0,0,0,0,0,0,0.855775,1.20968,0,0,0,0,0,0,0,0,0,0,0,0,2,0.855775,1.20968,0,1,2,0,0,0,0,0,1.1142,-0.4653,2.1945,0,0,0,0,0,0,0,-0,0,1.44648,0,0,0,0,0,0,0,0,0,0,0,0,0,0,0,0,0,0,0,0,0,0,0,0,0,0,0,0,0,0,0,0,0
43.25,0.487022,0.766119,-0.628839,0,0,0,3.01659,1.98738,-2.21618,-0.14627,-0.225474,1.5194,-0.626713,-0.887207,6.06942,3,2,3.92699,0,0,0,0,0,0,0,0,0,0,0,2,3,2,3.92699,0,0,0,0,0,0,0,0,0,0,1.5708,1.5708,0,1.5708,1.5708,0,-0.00913169,-0.0100071,0.00068292,0,0,0,1.78207,1.23354,-0.00312104,-0.000428547,0.00011721,-0.00105277,-0.000865958,0.000645978,-0.00327983,1.75578,1.20968,0,0,0,0,0.0387679,0.024546,0,0,0,0,0.0415666,0.0282515,2,1.75578,1.20968,0,0.344544,0.487027,3.7308e-15,0,0,0,0,0,0,0,0,0,0,0,0,0.855775,1.20968,0,0,0,0,0,0,0,0,0,0,0,0,2,0.855775,1.20968,0,1,2,0,0,0,0,0,1.1142,-0.4653,2.1945,0,0,0,0,0,0,0,-0,0,1.44648,0,0,0,0,0,0,0,0,0,0,0,0,0,0,0,0,0,0,0,0,0,0,0,0,0,0,0,0,0,0,0,0,0
43.3,0.487022,0.766119,-0.628839,0,0,0,3.01659,1.98738,-2.21618,-0.14627,-0.225474,1.5194,-0.626713,-0.887207,6.06942,3,2,3.92699,0,0,0,0,0,0,0,0,0,0,0,2,3,2,3.92699,0,0,0,0,0,0,0,0,0,0,1.5708,1.5708,0,1.5708,1.5708,0,-0.00913169,-0.0100071,0.00068292,-0.0109885,-0.0117083,0.00168281,1.78207,1.23354,-0.00312104,-0.000428547,0.00011721,-0.00105277,-0.000865958,0.000645978,-0.00327983,1.75578,1.20968,0,0,0,0,0.0387679,0.024546,0,0,0,0,0.0415666,0.0282515,2,1.75578,1.20968,0,0.344544,0.487027,3.7308e-15,0,0,0,0,0,0,0,0,0,0,0,0,0.855775,1.20968,0,0,0,0,0,0,0,0,0,0,0,0,2,0.855775,1.20968,0,1,2,0,0,0,0,0,1.1142,-0.4653,2.1945,0,0,0,0,0,0,0,-0,0,1.44648,0,0,0,0,0,0,0,0,0,0,0,0,0,0,0,0,0,0,0,0,0,0,0,0,0,0,0,0,0,0,0,0,0
43.35,0.487022,0.766119,-0.628839,0,0,0,3.01659,1.98738,-2.21618,-0.14627,-0.225474,1.5194,-0.626713,-0.887207,6.06942,3,2,3.92699,0,0,0,0,0,0,0,0,0,0,0,2,3,2,3.92699,0,0,0,0,0,0,0,0,0,0,1.5708,1.5708,0,1.5708,1.5708,0,-0.00690811,-0.00983141,-0.000491506,-0.0109885,-0.0117083,0.00168281,1.78196,1.23355,-0.00294133,-0.00107072,6.47072e-05,0.00179742,-0.00317575,0.000239211,0.00844025,1.75578,1.20968,0,0,0,0,0.0387679,0.024546,0,0,0,0,0.0415666,0.0282515,2,1.75578,1.20968,0,0.344544,0.487027,3.7308e-15,0,0,0,0,0,0,0,0,0,0,0,0,0.855775,1.20968,0,0,0,0,0,0,0,0,0,0,0,0,2,0.855775,1.20968,0,1,2,0,0,0,0,0,1.1843,-0.3955,2.2646,0,0,0,0,0,0,0,-0,0,1.44657,0,0,0,0,0,0,0,0,0,0,0,0,0,0,0,0,0,0,0,0,0,0,0,0,0,0,0,0,0,0,0,0,0
43.4,0.487022,0.766119,-0.628839,0,0,0,3.01659,1.98738,-2.21618,-0.14627,-0.225474,1.5194,-0.626713,-0.887207,6.06942,3,2,3.92699,0,0,0,0,0,0,0,0,0,0,0,2,3,2,3.92699,0,0,0,0,0,0,0,0,0,0,1.5708,1.5708,0,1.5708,1.5708,0,-0.00829274,-0.00980871,0.00110171,-0.0109864,-0.0117103,0.00168281,1.7819,1.23355,-0.00314908,-0.000655162,5.73419e-05,-0.00207635,-0.000559609,5.91764e-05,-0.00882467,1.75578,1.20968,0,0,0,0,0.0149058,0.0329072,0,0,0,0,0.0258183,0.0426678,2,1.75578,1.20968,0,0.344544,0.487027,3.7308e-15,0,0,0,0,0,0,0,0,0,0,0,0,0.855775,1.20968,0,0,0,0,0,0,0,0,0,0,0,0,2,0.855775,1.20968,0,1,2,0,0,0,0,0,1.1843,-0.3955,2.2646,0,0,0,0,0,0,0,-0,0,1.44662,0,0,0,0,0,0,0,0,0,0,0,0,0,0,0,0,0,0,0,0,0,0,0,0,0,0,0,0,0,0,0,0,0
43.45,0.487022,0.766119,-0.628839,0,0,0,3.01659,1.98738,-2.21618,-0.14627,-0.225474,1.5194,-0.626713,-0.887207,6.06942,3,2,3.92699,0,0,0,0,0,0,0,0,0,0,0,2,3,2,3.92699,0,0,0,0,0,0,0,0,0,0,1.5708,1.5708,0,1.5708,1.5708,0,-0.00829274,-0.00980871,0.00110171,-0.0109889,-0.011708,0.00168281,1.7819,1.23355,-0.00314908,-0.000655162,5.73419e-05,-0.00207635,-0.000559609,5.91764e-05,-0.00882467,1.75578,1.20968,0,0,0,0,0.0417278,0.0157732,0,0,0,0,0.04637,0.0220716,2,1.75578,1.20968,0,0.344544,0.487027,3.7308e-15,0,0,0,0,0,0,0,0,0,0,0,0,0.855775,1.20968,0,0,0,0,0,0,0,0,0,0,0,0,2,0.855775,1.20968,0,1,2,0,0,0,0,0,1.1843,-0.3955,2.2646,0,0,0,0,0,0,0,-0,0,1.44662,0,0,0,0,0,0,0,0,0,0,0,0,0,0,0,0,0,0,0,0,0,0,0,0,0,0,0,0,0,0,0,0,0
43.5,0.487022,0.766119,-0.628839,0,0,0,3.01659,1.98738,-2.21618,-0.14627,-0.225474,1.5194,-0.626713,-0.887207,6.06942,3,2,3.92699,0,0,0,0,0,0,0,0,0,0,0,2,3,2,3.92699,0,0,0,0,0,0,0,0,0,0,1.5708,1.5708,0,1.5708,1.5708,0,-0.00562259,-0.0107674,0.0014467,-0.0109889,-0.011708,0.00168281,1.78176,1.23359,-0.00343573,-0.00142466,0.000335716,-0.00286674,-0.00305543,0.00112336,-0.0107894,1.75578,1.20968,0,0,0,0,0.0417278,0.0157732,0,0,0,0,0.04637,0.0220716,2,1.75578,1.20968,0,0.344544,0.487027,3.7308e-15,0,0,0,0,0,0,0,0,0,0,0,0,0.855775,1.20968,0,0,0,0,0,0,0,0,0,0,0,0,2,0.855775,1.20968,0,1,2,0,0,0,0,0,1.1843,-0.3955,2.2646,0,0,0,0,0,0,0,-0,0,1.44673,0,0,0,0,0,0,0,0,0,0,0,0,0,0,0,0,0,0,0,0,0,0,0,0,0,0,0,0,0,0,0,0,0
43.55,0.487022,0.766119,-0.628839,0,0,0,3.01659,1.98738,-2.21618,-0.14627,-0.225474,1.5194,-0.626713,-0.887207,6.06942,3,2,3.92699,0,0,0,0,0,0,0,0,0,0,0,2,3,2,3.92699,0,0,0,0,0,0,0,0,0,0,1.5708,1.5708,0,1.5708,1.5708,0,-0.00562259,-0.0107674,0.0014467,-5.25316e-05,-0.0152897,0.00117042,1.78176,1.23359,-0.00343573,-0.00142466,0.000335716,-0.00286674,-0.00305543,0.00112336,-0.0107894,1.75578,1.20968,0,0,0,0,0.0344723,0.00583513,0,0,0.00097523,0,0.0541232,0.020959,2,1.75578,1.20968,0,0.344544,0.487027,3.7308e-15,0,0,0,0,0,0,0,0,0,0,0,0,0.855775,1.20968,0,0,0,0,0,0,0,0,0,0,0,0,2,0.855775,1.20968,0,1,2,0,0,0,0,0,1.1241,-0.456,2.2037,0,0,0,0,0,0,0,-0,0,1.44673,0,0,0,0,0,0,0,0,0,0,0,0,0,0,0,0,0,0,0,0,0,0,0,0,0,0,0,0,0,0,0,0,0
43.6,0.487022,0.766119,-0.628839,0,0,0,3.01659,1.98738,-2.21618,-0.14627,-0.225474,1.5194,-0.626713,-0.887207,6.06942,3,2,3.92699,0,0,0,0,0,0,0,0,0,0,0,2,3,2,3.92699,0,0,0,0,0,0,0,0,0,0,1.5708,1.5708,0,1.5708,1.5708,0,-0.00469881,-0.0110668,0.00147572,-5.25316e-05,-0.0152897,0.00117042,1.78159,1.23363,-0.00372363,-0.00167685,0.000418906,-0.00288035,-0.00318015,0.00115092,-0.00679936,1.75578,1.20968,0,0,0,0,0.0344723,0.00583513,0,0,0.00097523,0,0.0541232,0.020959,2,1.75578,1.20968,0,0.344544,0.487027,3.7308e-15,0,0,0,0,0,0,0,0,0,0,0,0,0.855775,1.20968,0,0,0,0,0,0,0,0,0,0,0,0,2,0.855775,1.20968,0,1,2,0,0,0,0,0,1.1241,-0.456,2.2037,0,0,0,0,0,0,0,-0,0,1.44685,0,0,0,0,0,0,0,0,0,0,0,0,0,0,0,0,0,0,0,0,0,0,0,0,0,0,0,0,0,0,0,0,0
43.65,0.487022,0.766119,-0.628839,0,0,0,3.01659,1.98738,-2.21618,-0.14627,-0.225474,1.5194,-0.626713,-0.887207,6.06942,3,2,3.92699,0,0,0,0,0,0,0,0,0,0,0,2,3,2,3.92699,0,0,0,0,0,0,0,0,0,0,1.5708,1.5708,0,1.5708,1.5708,0,-0.00469881,-0.0110668,0.00147572,-5.69334e-05,-0.0152897,0.00117042,1.78159,1.23363,-0.00372363,-0.00167685,0.000418906,-0.00288035,-0.00318015,0.00115092,-0.00679936,1.75578,1.20968,0,0,0,0,0.0321234,0.00473638,0,0,0.00407646,0,0.0555098,0.0216421,2,1.75578,1.20968,0,0.344544,0.487027,3.7308e-15,0,0,0,0,0,0,0,0,0,0,0,0,0.855775,1.20968,0,0,0,0,0,0,0,0,0,0,0,0,2,0.855775,1.20968,0,1,2,0,0,0,0,0,1.1241,-0.456,2.2037,0,0,0,0,0,0,0,-0,0,1.44685,0,0,0,0,0,0,0,0,0,0,0,0,0,0,0,0,0,0,0,0,0,0,0,0,0,0,0,0,0,0,0,0,0
43.7,0.487022,0.766119,-0.628839,0,0,0,3.01659,1.98738,-2.21618,-0.14627,-0.225474,1.5194,-0.626713,-0.887207,6.06942,3,2,3.92699,0,0,0,0,0,0,0,0,0,0,0,2,3,2,3.92699,0,0,0,0,0,0,0,0,0,0,1.5708,1.5708,0,1.5708,1.5708,0,-0.00484882,-0.0108521,0.00335808,-5.69334e-05,-0.0152897,0.00117042,1.78143,1.23366,-0.00445962,-0.00161353,0.00035151,-0.00735883,-0.00167587,0.000426118,-0.0214422,1.75578,1.20968,0,0,0,0,0.0321234,0.00473638,0,0,0.00407646,0,0.0555098,0.0216421,2,1.75578,1.20968,0,0.344544,0.487027,3.7308e-15,0,0,0,0,0,0,0,0,0,0,0,0,0.855775,1.20968,0,0,0,0,0,0,0,0,0,0,0,0,2,0.855775,1.20968,0,1,2,0,0,0,0,0,1.1241,-0.456,2.2037,0,0,0,0,0,0,0,-0,0,1.44697,0,0,0,0,0,0,0,0,0,0,0,0,0,0,0,0,0,0,0,0,0,0,0,0,0,0,0,0,0,0,0,0,0
43.75,0.487022,0.766119,-0.628839,0,0,0,3.01659,1.98738,-2.21618,-0.14627,-0.225474,1.5194,-0.626713,-0.887207,6.06942,3,2,3.92699,0,0,0,0,0,0,0,0,0,0,0,2,3,2,3.92699,0,0,0,0,0,0,0,0,0,0,1.5708,1.5708,0,1.5708,1.5708,0,-0.00484882,-0.0108521,0.00335808,-6.81864e-05,-0.0152896,0.00117042,1.78143,1.23366,-0.00445962,-0.00161353,0.00035151,-0.00735883,-0.00167587,0.000426118,-0.0214422,1.75578,1.20968,0,0,0,0,0.0586805,0.00401832,0.0118674,0,0.0291842,0,0.0747885,0.013158,2,1.75578,1.20968,0,0.344544,0.487027,3.7308e-15,0,0,0,0,0,0,0,0,0,0,0,0,0.855775,1.20968,0,0,0,0,0,0,0,0,0,0,0,0,2,0.855775,1.20968,0,1,2,0,0,0,0,0,1.1334,-0.4472,2.2117,0,0,0,0,0,0,0,-0,0,1.44697,0,0,0,0,0,0,0,0,0,0,0,0,0,0,0,0,0,0,0,0,0,0,0,0,0,0,0,0,0,0,0,0,0
43.8,0.487022,0.766119,-0.628839,0,0,0,3.01659,1.98738,-2.21618,-0.14627,-0.225474,1.5194,-0.626713,-0.887207,6.06942,3,2,3.92699,0,0,0,0,0,0,0,0,0,0,0,2,3,2,3.92699,0,0,0,0,0,0,0,0,0,0,1.5708,1.5708,0,1.5708,1.5708,0,-0.00473608,-0.0103926,0.00500557,-0.0166713,-0.0210536,0.0028039,1.78126,1.23369,-0.0055778,-0.00162744,0.000213655,-0.0111835,-0.000856174,-0.000393547,-0.0301319,1.75578,1.20968,0,0,0,0,0.0586805,0.00401832,0.0118674,0,0.0291842,0,0.0747885,0.013158,2,1.75578,1.20968,0,0.344544,0.487027,3.7308e-15,0,0,0,0,0,0,0,0,0,0,0,0,0.855775,1.20968,0,0,0,0,0,0,0,0,0,0,0,0,2,0.855775,1.20968,0,1,2,0,0,0,0,0,1.1334,-0.4472,2.2117,0,0,0,0,0,0,0,-0,0,1.44709,0,0,0,0,0,0,0,0,0,0,0,0,0,0,0,0,0,0,0,0,0,0,0,0,0,0,0,0,0,0,0,0,0
43.85,0.487022,0.766119,-0.628839,0,0,0,3.01659,1.98738,-2.21618,-0.14627,-0.225474,1.5194,-0.626713,-0.887207,6.06942,3,2,3.92699,0,0,0,0,0,0,0,0,0,0,0,2,3,2,3.92699,0,0,0,0,0,0,0,0,0,0,1.5708,1.5708,0,1.5708,1.5708,0,-0.00473608,-0.0103926,0.00500557,-0.0166948,-0.021035,0.0028039,1.78126,1.23369,-0.0055778,-0.00162744,0.000213655,-0.0111835,-0.000856174,-0.000393547,-0.0301319,1.75578,1.20968,0,0,0,0,0.0819509,0.00292142,0.0359461,0,0.0521449,0,0.0963235,0.0128873,2,1.75578,1.20968,0,0.344544,0.487027,3.7308e-15,0,0,0,0,0,0,0,0,0,0,0,0,0.855775,1.20968,0,0,0,0,0,0,0,0,0,0,0,0,2,0.855775,1.20968,0,1,2,0,0,0,0,0,1.1334,-0.4472,2.2117,0,0,0,0,0,0,0,-0,0,1.44709,0,0,0,0,0,0,0,0,0,0,0,0,0,0,0,0,0,0,0,0,0,0,0,0,0,0,0,0,0,0,0,0,0
43.9,0.487022,0.766119,-0.628839,0,0,0,3.01659,1.98738,-2.21618,-0.14627,-0.225474,1.5194,-0.626713,-0.887207,6.06942,3,2,3.92699,0,0,0,0,0,0,0,0,0,0,0,2,3,2,3.92699,0,0,0,0,0,0,0,0,0,0,1.5708,1.5708,0,1.5708,1.5708,0,-0.00392089,-0.00861448,0.00644396,-0.0166948,-0.021035,0.0028039,1.78108,1.23366,-0.00702077,-0.00184564,-0.000306386,-0.0144292,-0.00127608,-0.00242503,-0.032244,1.75578,1.20968,0,0,0,0,0.0819509,0.00292142,0.0359461,0,0.0521449,0,0.0963235,0.0128873,2,1.75578,1.20968,0,0.344544,0.487027,3.7308e-15,0,0,0,0,0,0,0,0,0,0,0,0,0.855775,1.20968,0,0,0,0,0,0,0,0,0,0,0,0,2,0.855775,1.20968,0,1,2,0,0,0,0,0,1.1334,-0.4472,2.2117,0,0,0,0,0,0,0,-0,0,1.44727,0,0,0,0,0,0,0,0,0,0,0,0,0,0,0,0,0,0,0,0,0,0,0,0,0,0,0,0,0,0,0,0,0
43.95,0.487022,0.766119,-0.628839,0,0,0,3.01659,1.98738,-2.21618,-0.14627,-0.225474,1.5194,-0.626713,-0.887207,6.06942,3,2,3.92699,0,0,0,0,0,0,0,0,0,0,0,2,3,2,3.92699,0,0,0,0,0,0,0,0,0,0,1.5708,1.5708,0,1.5708,1.5708,0,-0.00392089,-0.00861448,0.00644396,-0.0167252,-0.0210109,0.0028039,1.78108,1.23366,-0.00702077,-0.00184564,-0.000306386,-0.0144292,-0.00127608,-0.00242503,-0.032244,1.75578,1.20968,0,0,0,0,0.108007,0,0.0662039,0,0.080595,0,0.120225,0.00691331,2,1.75578,1.20968,0,0.344544,0.487027,3.7308e-15,0,0,0,0,0,0,0,0,0,0,0,0,0.855775,1.20968,0,0,0,0,0,0,0,0,0,0,0,0,2,0.855775,1.20968,0,1,2,0,0,0,0,0,1.1339,-0.4472,2.2092,0,0,0,0,0,0,0,-0,0,1.44727,0,0,0,0,0,0,0,0,0,0,0,0,0,0,0,0,0,0,0,0,0,0,0,0,0,0,0,0,0,0,0,0,0
44,0.487022,0.766119,-0.628839,0,0,0,3.01659,1.98738,-2.21618,-0.14627,-0.225474,1.5194,-0.626713,-0.887207,6.06942,3,2,3.92699,0,0,0,0,0,0,0,0,0,0,0,2,3,2,3.92699,0,0,0,0,0,0,0,0,0,0,1.5708,1.5708,0,1.5708,1.5708,0,-0.00392089,-0.00861448,0.00644396,-0.0167252,-0.0210109,0.0028039,1.78108,1.23366,-0.00702077,-0.00184564,-0.000306386,-0.0144292,-0.00127608,-0.00242503,-0.032244,1.75578,1.20968,0,0,0,0,0.108007,0,0.0662039,0,0.080595,0,0.120225,0.00691331,2,1.75578,1.20968,0,0.344544,0.487027,3.7308e-15,0,0,0,0,0,0,0,0,0,0,0,0,0.855775,1.20968,0,0,0,0,0,0,0,0,0,0,0,0,2,0.855775,1.20968,0,1,2,0,0,0,0,0,1.1339,-0.4472,2.2092,0,0,0,0,0,0,0,-0,0,1.44727,0,0,0,0,0,0,0,0,0,0,0,0,0,0,0,0,0,0,0,0,0,0,0,0,0,0,0,0,0,0,0,0,0
44.05,0.487022,0.766119,-0.628839,0,0,0,3.01659,1.98738,-2.21618,-0.14627,-0.225474,1.5194,-0.626713,-0.887207,6.06942,3,2,3.92699,0,0,0,0,0,0,0,0,0,0,0,2,3,2,3.92699,0,0,0,0,0,0,0,0,0,0,1.5708,1.5708,0,1.5708,1.5708,0,-0.00134743,-0.00672203,0.00976212,-0.0078507,-0.0152061,0.00735844,1.78082,1.23357,-0.0092339,-0.00257305,-0.000853613,-0.0221402,-0.00372798,-0.00391747,-0.0504461,1.75578,1.20968,0,0,0,0,0.108007,0,0.0662039,0,0.080595,0,0.120225,0.00691331,2,1.75578,1.20968,0,0.344544,0.487027,3.7308e-15,0,0,0,0,0,0,0,0,0,0,0,0,0.855775,1.20968,0,0,0,0,0,0,0,0,0,0,0,0,2,0.855775,1.20968,0,1,2,0,0,0,0,0,1.1339,-0.4472,2.2092,0,0,0,0,0,0,0,-0,0,1.44753,0,0,0,0,0,0,0,0,0,0,0,0,0,0,0,0,0,0,0,0,0,0,0,0,0,0,0,0,0,0,0,0,0
44.1,0.487022,0.766119,-0.628839,0,0,0,3.01659,1.98738,-2.21618,-0.14627,-0.225474,1.5194,-0.626713,-0.887207,6.06942,3,2,3.92699,0,0,0,0,0,0,0,0,0,0,0,2,3,2,3.92699,0,0,0,0,0,0,0,0,0,0,1.5708,1.5708,0,1.5708,1.5708,0,0.00133451,-0.0040516,0.0126313,-0.00788433,-0.0151887,0.00735844,1.78049,1.23341,-0.0120961,-0.0033235,-0.00162086,-0.0286176,-0.00557237,-0.00562116,-0.0586657,1.75578,1.20968,0,0,0,0,0.148712,0,0.120334,0,0.139489,0,0.16453,0.00310997,2,1.75578,1.20968,0,0.344544,0.487027,3.7308e-15,0,0,0,0,0,0,0,0,0,0,0,0,0.855775,1.20968,0,0,0,0,0,0,0,0,0,0,0,0,2,0.855775,1.20968,0,1,2,0,0,0,0,0,1.1339,-0.4472,2.2092,0,0,0,0,0,0,0,-0,0,1.4479,0,0,0,0,0,0,0,0,0,0,0,0,0,0,0,0,0,0,0,0,0,0,0,0,0,0,0,0,0,0,0,0,0
44.15,0.487022,0.766119,-0.628839,0,0,0,3.01659,1.98738,-2.21618,-0.14627,-0.225474,1.5194,-0.626713,-0.887207,6.06942,3,2,3.92699,0,0,0,0,0,0,0,0,0,0,0,2,3,2,3.92699,0,0,0,0,0,0,0,0,0,0,1.5708,1.5708,0,1.5708,1.5708,0,0.00133451,-0.0040516,0.0126313,-0.00792777,-0.0151661,0.00735844,1.78049,1.23341,-0.0120961,-0.0033235,-0.00162086,-0.0286176,-0.00557237,-0.00562116,-0.0586657,1.75578,1.20968,0,0,0,0,0.182565,0,0.170834,0,0.1922,0,0.199581,0,2,1.75578,1.20968,0,0.344544,0.487027,3.7308e-15,0,0,0,0,0,0,0,0,0,0,0,0,0.855775,1.20968,0,0,0,0,0,0,0,0,0,0,0,0,2,0.855775,1.20968,0,1,2,0,0,0,0,0,1.135,-0.4471,2.2041,0,0,0,0,0,0,0,-0,0,1.4479,0,0,0,0,0,0,0,0,0,0,0,0,0,0,0,0,0,0,0,0,0,0,0,0,0,0,0,0,0,0,0,0,0
44.2,0.487022,0.766119,-0.628839,0,0,0,3.01659,1.98738,-2.21618,-0.14627,-0.225474,1.5194,-0.626713,-0.887207,6.06942,3,2,3.92699,0,0,0,0,0,0,0,0,0,0,0,2,3,2,3.92699,0,0,0,0,0,0,0,0,0,0,1.5708,1.5708,0,1.5708,1.5708,0,0.00492973,-0.00251358,0.0137695,-0.00792777,-0.0151661,0.00735844,1.78006,1.2332,-0.0151759,-0.00433097,-0.00204952,-0.0307976,-0.00761835,-0.00531731,-0.0450242,1.75578,1.20968,0,0,0,0,0.182565,0,0.170834,0,0.1922,0,0.199581,0,2,1.75578,1.20968,0,0.344544,0.487027,3.7308e-15,0,0,0,0,0,0,0,0,0,0,0,0,0.855775,1.20968,0,0,0,0,0,0,0,0,0,0,0,0,2,0.855775,1.20968,0,1,2,0,0,0,0,0,1.135,-0.4471,2.2041,0,0,0,0,0,0,0,-0,0,1.44838,0,0,0,0,0,0,0,0,0,0,0,0,0,0,0,0,0,0,0,0,0,0,0,0,0,0,0,0,0,0,0,0,0
44.25,0.487022,0.766119,-0.628839,0,0,0,3.01659,1.98738,-2.21618,-0.14627,-0.225474,1.5194,-0.626713,-0.887207,6.06942,3,2,3.92699,0,0,0,0,0,0,0,0,0,0,0,2,3,2,3.92699,0,0,0,0,0,0,0,0,0,0,1.5708,1.5708,0,1.5708,1.5708,0,0.00492973,-0.00251358,0.0137695,-0.00797445,-0.0151416,0.00735844,1.78006,1.2332,-0.0151759,-0.00433097,-0.00204952,-0.0307976,-0.00761835,-0.00531731,-0.0450242,1.75578,1.20968,0,0,0,0,0.187326,0,0.193642,0,0.222309,0,0.211237,0,2,1.75578,1.20968,0,0.344544,0.487027,3.7308e-15,0,0,0,0,0,0,0,0,0,0,0,0,0.855775,1.20968,0,0,0,0,0,0,0,0,0,0,0,0,2,0.855775,1.20968,0,1,2,0,0,0,0,0,1.135,-0.4471,2.2041,0,0,0,0,0,0,0,-0,0,1.44838,0,0,0,0,0,0,0,0,0,0,0,0,0,0,0,0,0,0,0,0,0,0,0,0,0,0,0,0,0,0,0,0,0
44.3,0.487022,0.766119,-0.628839,0,0,0,3.01659,1.98738,-2.21618,-0.14627,-0.225474,1.5194,-0.626713,-0.887207,6.06942,3,2,3.92699,0,0,0,0,0,0,0,0,0,0,0,2,3,2,3.92699,0,0,0,0,0,0,0,0,0,0,1.5708,1.5708,0,1.5708,1.5708,0,0.00503974,-0.000814804,0.0170475,0.00980629,-0.00511999,0.0156458,1.77963,1.23295,-0.0189843,-0.00431225,-0.00251995,-0.0380902,-0.00477598,-0.0050311,-0.0543241,1.75578,1.20968,0,0,0,0,0.187326,0,0.193642,0,0.222309,0,0.211237,0,2,1.75578,1.20968,0,0.344544,0.487027,3.7308e-15,0,0,0,0,0,0,0,0,0,0,0,0,0.855775,1.20968,0,0,0,0,0,0,0,0,0,0,0,0,2,0.855775,1.20968,0,1,2,0,0,0,0,0,1.135,-0.4471,2.2041,0,0,0,0,0,0,0,-0,0,1.44888,0,0,0,0,0,0,0,0,0,0,0,0,0,0,0,0,0,0,0,0,0,0,0,0,0,0,0,0,0,0,0,0,0
44.35,0.487022,0.766119,-0.628839,0,0,0,3.01659,1.98738,-2.21618,-0.14627,-0.225474,1.5194,-0.626713,-0.887207,6.06942,3,2,3.92699,0,0,0,0,0,0,0,0,0,0,0,2,3,2,3.92699,0,0,0,0,0,0,0,0,0,0,1.5708,1.5708,0,1.5708,1.5708,0,0.00503974,-0.000814804,0.0170475,0.00978672,-0.0051573,0.0156458,1.77963,1.23295,-0.0189843,-0.00431225,-0.00251995,-0.0380902,-0.00477598,-0.0050311,-0.0543241,1.75578,1.20968,0,0,0,0,0.236132,0,0.248207,0,0.271695,0,0.253719,0,2,1.75578,1.20968,0,0.344544,0.487027,3.7308e-15,0,0,0,0,0,0,0,0,0,0,0,0,0.855775,1.20968,0,0,0,0,0,0,0,0,0,0,0,0,2,0.855775,1.20968,0,1,2,0,0,0,0,0,1.1367,-0.4469,2.1972,0,0,0,0,0,0,0,-0,0,1.44888,0,0,0,0,0,0,0,0,0,0,0,0,0,0,0,0,0,0,0,0,0,0,0,0,0,0,0,0,0,0,0,0,0
44.4,0.487022,0.766119,-0.628839,0,0,0,3.01659,1.98738,-2.21618,-0.14627,-0.225474,1.5194,-0.626713,-0.887207,6.06942,3,2,3.92699,0,0,0,0,0,0,0,0,0,0,0,2,3,2,3.92699,0,0,0,0,0,0,0,0,0,0,1.5708,1.5708,0,1.5708,1.5708,0,0.00691112,-1.76462e-05,0.0169049,0.00978672,-0.0051573,0.0156458,1.77914,1.23268,-0.0226837,-0.0048064,-0.00272245,-0.0369983,-0.00445908,-0.00379222,-0.0295285,1.75578,1.20968,0,0,0,0,0.236132,0,0.248207,0,0.271695,0,0.253719,0,2,1.75578,1.20968,0,0.344544,0.487027,3.7308e-15,0,0,0,0,0,0,0,0,0,0,0,0,0.855775,1.20968,0,0,0,0,0,0,0,0,0,0,0,0,2,0.855775,1.20968,0,1,2,0,0,0,0,0,1.1367,-0.4469,2.1972,0,0,0,0,0,0,0,-0,0,1.44943,0,0,0,0,0,0,0,0,0,0,0,0,0,0,0,0,0,0,0,0,0,0,0,0,0,0,0,0,0,0,0,0,0
44.45,0.487022,0.766119,-0.628839,0,0,0,3.01659,1.98738,-2.21618,-0.14627,-0.225474,1.5194,-0.626713,-0.887207,6.06942,3,2,3.92699,0,0,0,0,0,0,0,0,0,0,0,2,3,2,3.92699,0,0,0,0,0,0,0,0,0,0,1.5708,1.5708,0,1.5708,1.5708,0,0.00691112,-1.76462e-05,0.0169049,0.00976757,-0.00519347,0.0156458,1.77914,1.23268,-0.0226837,-0.0048064,-0.00272245,-0.0369983,-0.00445908,-0.00379222,-0.0295285,1.75578,1.20968,0,0,0,0,0.227731,0,0.249424,0,0.276409,0,0.248858,0,2,1.75578,1.20968,0,0.344544,0.487027,3.7308e-15,0,0,0,0,0,0,0,0,0,0,0,0,0.855775,1.20968,0,0,0,0,0,0,0,0,0,0,0,0,2,0.855775,1.20968,0,1,2,0,0,0,0,0,1.1367,-0.4469,2.1972,0,0,0,0,0,0,0,-0,0,1.44943,0,0,0,0,0,0,0,0,0,0,0,0,0,0,0,0,0,0,0,0,0,0,0,0,0,0,0,0,0,0,0,0,0
44.5,0.487022,0.766119,-0.628839,0,0,0,3.01659,1.98738,-2.21618,-0.14627,-0.225474,1.5194,-0.626713,-0.887207,6.06942,3,2,3.92699,0,0,0,0,0,0,0,0,0,0,0,2,3,2,3.92699,0,0,0,0,0,0,0,0,0,0,1.5708,1.5708,0,1.5708,1.5708,0,0.0078202,-0.000252856,0.0174182,0.00976757,-0.00519347,0.0156458,1.77864,1.23242,-0.0264345,-0.00501468,-0.00262209,-0.0375079,-0.00346703,-0.00170846,-0.016412,1.75578,1.20968,0,0,0,0,0.227731,0,0.249424,0,0.276409,0,0.248858,0,2,1.75578,1.20968,0,0.344544,0.487027,3.7308e-15,0,0,0,0,0,0,0,0,0,0,0,0,0.855775,1.20968,0,0,0,0,0,0,0,0,0,0,0,0,2,0.855775,1.20968,0,1,2,0,0,0,0,0,1.1367,-0.4469,2.1972,0,0,0,0,0,0,0,-0,0,1.44999,0,0,0,0,0,0,0,0,0,0,0,0,0,0,0,0,0,0,0,0,0,0,0,0,0,0,0,0,0,0,0,0,0
44.55,0.487022,0.766119,-0.628839,0,0,0,3.01659,1.98738,-2.21618,-0.14627,-0.225474,1.5194,-0.626713,-0.887207,6.06942,3,2,3.92699,0,0,0,0,0,0,0,0,0,0,0,2,3,2,3.92699,0,0,0,0,0,0,0,0,0,0,1.5708,1.5708,0,1.5708,1.5708,0,0.0078202,-0.000252856,0.0174182,0.0155595,-0.000625768,0.0197797,1.77864,1.23242,-0.0264345,-0.00501468,-0.00262209,-0.0375079,-0.00346703,-0.00170846,-0.016412,1.75578,1.20968,0,0,0,0,0.232179,0,0.256341,0,0.287296,0,0.2571,0,2,1.75578,1.20968,0,0.344544,0.487027,3.7308e-15,0,0,0,0,0,0,0,0,0,0,0,0,0.855775,1.20968,0,0,0,0,0,0,0,0,0,0,0,0,2,0.855775,1.20968,0,1,2,0,0,0,0,0,1.1386,-0.4467,2.1897,0,0,0,0,0,0,0,-0,0,1.44999,0,0,0,0,0,0,0,0,0,0,0,0,0,0,0,0,0,0,0,0,0,0,0,0,0,0,0,0,0,0,0,0,0
44.6,-0.053903,-0.0706861,0.0257111,0,0,0,3.03918,2.02362,-2.34657,0.0112969,0.0181247,-0.0652009,1.0202,1.70987,-6.80505,3,2,3.92699,0,0,0,0,0,0,0,0,0,0,0,2,3,2,3.92699,0,0,0,0,0,0,0,0,0,0,1.5708,1.5708,0,1.5708,1.5708,0,0.0106521,-0.00371936,0.0186131,0.0155595,-0.000625768,0.0197797,1.77807,1.23226,-0.0303985,-0.00578017,-0.0015824,-0.0396499,-0.00500401,0.00341148,-0.0166215,1.75578,1.20968,0,0,0,0,0.232179,0,0.256341,0,0.287296,0,0.2571,0,2,1.75578,1.20968,0,0.344544,0.487027,3.7308e-15,0,0,0,0,0,0,0,0,0,0,0,0,0.855775,1.20968,0,0,0,0,0,0,0,0,0,0,0,0,2,0.855775,1.20968,0,1,2,0,0,0,0,0,1.1386,-0.4467,2.1897,0,0,0,0,0,0,0,-0,0,1.48885,0,0,0,0,0,0,0,0,0,0,0,0,0,0,0,0,0,0,0,0,0,0,0,0,0,0,0,0,0,0,0,0,0
44.65,-0.053903,-0.0706861,0.0257111,0,0,0,3.03918,2.02362,-2.34657,0.0112969,0.0181247,-0.0652009,1.0202,1.70987,-6.80505,3,2,3.92699,0,0,0,0,0,0,0,0,0,0,0,2,3,2,3.92699,0,0,0,0,0,0,0,0,0,0,1.5708,1.5708,0,1.5708,1.5708,0,0.0106521,-0.00371936,0.0186131,0.0155569,-0.000687442,0.0197797,1.77807,1.23226,-0.0303985,-0.00578017,-0.0015824,-0.0396499,-0.00500401,0.00341148,-0.0166215,1.75578,1.20968,0,0,0,0,0.239411,0,0.261682,0,0.314857,0,0.286157,0,2,1.75578,1.20968,0,0.344544,0.487027,3.7308e-15,0,0,0,0,0,0,0,0,0,0,0,0,0.855775,1.20968,0,0,0,0,0,0,0,0,0,0,0,0,2,0.855775,1.20968,0,1,2,0,0,0,0,0,1.1386,-0.4467,2.1897,0,0,0,0,0,0,0,-0,0,1.48885,0,0,0,0,0,0,0,0,0,0,0,0,0,0,0,0,0,0,0,0,0,0,0,0,0,0,0,0,0,0,0,0,0
44.7,0.0281111,-0.0749778,0.0157417,0,0,0,3.0379,2.02554,-2.35056,-0.0128484,0.0191676,-0.0398679,-0.118674,0.0063061,-0.77709,3,2,3.92699,0,0,0,0,0,0,0,0,0,0,0,2,3,2,3.92699,0,0,0,0,0,0,0,0,0,0,1.5708,1.5708,0,1.5708,1.5708,0,0.0115461,-0.000978983,0.0197632,0.0155569,-0.000687442,0.0197797,1.77747,1.23202,-0.0345637,-0.00597262,-0.00236147,-0.0416417,-0.00398708,-0.000373402,-0.0180057,1.75578,1.20968,0,0,0,0,0.239411,0,0.261682,0,0.314857,0,0.286157,0,2,1.75578,1.20968,0,0.344544,0.487027,3.7308e-15,0,0,0,0,0,0,0,0,0,0,0,0,0.855775,1.20968,0,0,0,0,0,0,0,0,0,0,0,0,2,0.855775,1.20968,0,1,2,0,0,0,0,0,1.1386,-0.4467,2.1897,0,0,0,0,0,0,0,-0,0,1.48941,0,0,0,0,0,0,0,0,0,0,0,0,0,0,0,0,0,0,0,0,0,0,0,0,0,0,0,0,0,0,0,0,0
44.75,0.0281111,-0.0749778,0.0157417,0,0,0,3.0379,2.02554,-2.35056,-0.0128484,0.0191676,-0.0398679,-0.118674,0.0063061,-0.77709,3,2,3.92699,0,0,0,0,0,0,0,0,0,0,0,2,3,2,3.92699,0,0,0,0,0,0,0,0,0,0,1.5708,1.5708,0,1.5708,1.5708,0,0.0115461,-0.000978983,0.0197632,0.0155539,-0.000752234,0.0197797,1.77747,1.23202,-0.0345637,-0.00597262,-0.00236147,-0.0416417,-0.00398708,-0.000373402,-0.0180057,1.75578,1.20968,0,0,0,0,0.254275,0,0.28909,0,0.335342,0,0.293683,0,2,1.75578,1.20968,0,0.344544,0.487027,3.7308e-15,0,0,0,0,0,0,0,0,0,0,0,0,0.855775,1.20968,0,0,0,0,0,0,0,0,0,0,0,0,2,0.855775,1.20968,0,1,2,0,0,0,0,0,1.2272,-0.2617,2.316,0,0,0,0,0,0,0,-0,0,1.48941,0,0,0,0,0,0,0,0,0,0,0,0,0,0,0,0,0,0,0,0,0,0,0,0,0,0,0,0,0,0,0,0,0
44.8,0.0206904,-0.0866193,0.0198347,0,0,0,3.03684,2.02778,-2.35546,-0.0105243,0.0223501,-0.0489583,-0.216134,-0.214143,0.313164,3,2,3.92699,0,0,0,0,0,0,0,0,0,0,0,2,3,2,3.92699,0,0,0,0,0,0,0,0,0,0,1.5708,1.5708,0,1.5708,1.5708,0,0.0127559,0.000185011,0.0200539,0.0228428,-0.00208804,0.0224377,1.77684,1.23176,-0.0387154,-0.00625477,-0.00267259,-0.041524,-0.00337636,-0.00197681,-0.0104771,1.75578,1.20968,0,0,0,0,0.254275,0,0.28909,0,0.335342,0,0.293683,0,2,1.75578,1.20968,0,0.344544,0.487027,3.7308e-15,0,0,0,0,0,0,0,0,0,0,0,0,0.855775,1.20968,0,0,0,0,0,0,0,0,0,0,0,0,2,0.855775,1.20968,0,1,2,0,0,0,0,0,1.2272,-0.2617,2.316,0,0,0,0,0,0,0,-0,0,1.49039,0,0,0,0,0,0,0,0,0,0,0,0,0,0,0,0,0,0,0,0,0,0,0,0,0,0,0,0,0,0,0,0,0
44.85,0.0206904,-0.0866193,0.0198347,0,0,0,3.03684,2.02778,-2.35546,-0.0105243,0.0223501,-0.0489583,-0.216134,-0.214143,0.313164,3,2,3.92699,0,0,0,0,0,0,0,0,0,0,0,2,3,2,3.92699,0,0,0,0,0,0,0,0,0,0,1.5708,1.5708,0,1.5708,1.5708,0,0.0127559,0.000185011,0.0200539,0.0228339,-0.00218286,0.0224377,1.77684,1.23176,-0.0387154,-0.00625477,-0.00267259,-0.041524,-0.00337636,-0.00197681,-0.0104771,1.75578,1.20968,0,0,0,0,0.255216,0,0.298129,0,0.343689,9.22754e-05,0.293824,0,2,1.75578,1.20968,0,0.344544,0.487027,3.7308e-15,0,0,0,0,0,0,0,0,0,0,0,0,0.855775,1.20968,0,0,0,0,0,0,0,0,0,0,0,0,2,0.855775,1.20968,0,1,2,0,0,0,0,0,1.2272,-0.2617,2.316,0,0,0,0,0,0,0,-0,0,1.49039,0,0,0,0,0,0,0,0,0,0,0,0,0,0,0,0,0,0,0,0,0,0,0,0,0,0,0,0,0,0,0,0,0
44.9,0.0172229,-0.0934286,0.0186929,0,0,0,3.03591,2.03018,-2.35998,-0.00938505,0.0240803,-0.0452413,-0.138412,-0.15147,0.350347,3,2,3.92699,0,0,0,0,0,0,0,0,0,0,0,2,3,2,3.92699,0,0,0,0,0,0,0,0,0,0,1.5708,1.5708,0,1.5708,1.5708,0,0.0132017,0.000278686,0.0214926,0.0228339,-0.00218286,0.0224377,1.77621,1.23149,-0.0431327,-0.00631123,-0.00266854,-0.0441743,-0.00217507,-0.00138973,-0.0158944,1.75578,1.20968,0,0,0,0,0.255216,0,0.298129,0,0.343689,9.22754e-05,0.293824,0,2,1.75578,1.20968,0,0.344544,0.487027,3.7308e-15,0,0,0,0,0,0,0,0,0,0,0,0,0.855775,1.20968,0,0,0,0,0,0,0,0,0,0,0,0,2,0.855775,1.20968,0,1,2,0,0,0,0,0,1.2272,-0.2617,2.316,0,0,0,0,0,0,0,-0,0,1.49156,0,0,0,0,0,0,0,0,0,0,0,0,0,0,0,0,0,0,0,0,0,0,0,0,0,0,0,0,0,0,0,0,0
44.95,0.0172229,-0.0934286,0.0186929,0,0,0,3.03591,2.03018,-2.35998,-0.00938505,0.0240803,-0.0452413,-0.138412,-0.15147,0.350347,3,2,3.92699,0,0,0,0,0,0,0,0,0,0,0,2,3,2,3.92699,0,0,0,0,0,0,0,0,0,0,1.5708,1.5708,0,1.5708,1.5708,0,0.0132017,0.000278686,0.0214926,0.0219541,-0.00219665,0.0215824,1.77621,1.23149,-0.0431327,-0.00631123,-0.00266854,-0.0441743,-0.00217507,-0.00138973,-0.0158944,1.75578,1.20968,0,0,0,0,0.274951,0,0.319928,0,0.366891,0,0.314462,0,2,1.75578,1.20968,0,0.344544,0.487027,3.7308e-15,0,0,0,0,0,0,0,0,0,0,0,0,0.855775,1.20968,0,0,0,0,0,0,0,0,0,0,0,0,2,0.855775,1.20968,0,1,2,0,0,0,0,0,1.2962,-0.181,2.3798,0,0,0,0,0,0,0,-0,0,1.49156,0,0,0,0,0,0,0,0,0,0,0,0,0,0,0,0,0,0,0,0,0,0,0,0,0,0,0,0,0,0,0,0,0
45,0.00720972,-0.103785,0.0272242,0,0,0,3.03527,2.03287,-2.36647,-0.00634278,0.0268286,-0.0649334,-0.0604309,-0.0714886,0.136723,3,2,3.92699,0,0,0,0,0,0,0,0,0,0,0,2,3,2,3.92699,0,0,0,0,0,0,0,0,0,0,1.5708,1.5708,0,1.5708,1.5708,0,0.0136648,0.000314551,0.0220025,0.0219541,-0.00219665,0.0215824,1.77557,1.23122,-0.0475862,-0.00637208,-0.00264771,-0.0445348,-0.00138554,-0.000671333,-0.0117109,1.75578,1.20968,0,0,0,0,0.274951,0,0.319928,0,0.366891,0,0.314462,0,2,1.75578,1.20968,0,0.344544,0.487027,3.7308e-15,0,0,0,0,0,0,0,0,0,0,0,0,0.855775,1.20968,0,0,0,0,0,0,0,0,0,0,0,0,2,0.855775,1.20968,0,1,2,0,0,0,0,0,1.2962,-0.181,2.3798,0,0,0,0,0,0,0,-0,0,1.49314,0,0,0,0,0,0,0,0,0,0,0,0,0,0,0,0,0,0,0,0,0,0,0,0,0,0,0,0,0,0,0,0,0
45.05,0.00720972,-0.103785,0.0272242,0,0,0,3.03527,2.03287,-2.36647,-0.00634278,0.0268286,-0.0649334,-0.0604309,-0.0714886,0.136723,3,2,3.92699,0,0,0,0,0,0,0,0,0,0,0,2,3,2,3.92699,0,0,0,0,0,0,0,0,0,0,1.5708,1.5708,0,1.5708,1.5708,0,0.0136648,0.000314551,0.0220025,0.0254613,0.000468547,0.0236439,1.77557,1.23122,-0.0475862,-0.00637208,-0.00264771,-0.0445348,-0.00138554,-0.000671333,-0.0117109,1.75578,1.20968,0,0,0,0,0.281057,0,0.327888,0,0.37607,0,0.32161,0,2,1.75578,1.20968,0,0.344544,0.487027,3.7308e-15,0,0,0,0,0,0,0,0,0,0,0,0,0.855775,1.20968,0,0,0,0,0,0,0,0,0,0,0,0,2,0.855775,1.20968,0,1,2,0,0,0,0,0,1.2962,-0.181,2.3798,0,0,0,0,0,0,0,-0,0,1.49314,0,0,0,0,0,0,0,0,0,0,0,0,0,0,0,0,0,0,0,0,0,0,0,0,0,0,0,0,0,0,0,0,0
45.1,0.0173346,-0.0860781,0.0170071,0,0,0,3.03435,2.035,-2.37037,-0.00923236,0.0213282,-0.0390081,-0.0372762,-0.0540736,0.156763,3,2,3.92699,0,0,0,0,0,0,0,0,0,0,0,2,3,2,3.92699,0,0,0,0,0,0,0,0,0,0,1.5708,1.5708,0,1.5708,1.5708,0,0.0143215,0.00107012,0.0222456,0.0254613,0.000468547,0.0236439,1.77493,1.23094,-0.0520112,-0.00648852,-0.00283659,-0.0442454,-0.00119106,-0.0010609,-0.0053135,1.75578,1.20968,0,0,0,0,0.281057,0,0.327888,0,0.37607,0,0.32161,0,2,1.75578,1.20968,0,0.344544,0.487027,3.7308e-15,0,0,0,0,0,0,0,0,0,0,0,0,0.855775,1.20968,0,0,0,0,0,0,0,0,0,0,0,0,2,0.855775,1.20968,0,1,2,0,0,0,0,0,1.2962,-0.181,2.3798,0,0,0,0,0,0,0,-0,0,1.49421,0,0,0,0,0,0,0,0,0,0,0,0,0,0,0,0,0,0,0,0,0,0,0,0,0,0,0,0,0,0,0,0,0
45.15,0.0173346,-0.0860781,0.0170071,0,0,0,3.03435,2.035,-2.37037,-0.00923236,0.0213282,-0.0390081,-0.0372762,-0.0540736,0.156763,3,2,3.92699,0,0,0,0,0,0,0,0,0,0,0,2,3,2,3.92699,0,0,0,0,0,0,0,0,0,0,1.5708,1.5708,0,1.5708,1.5708,0,0.0143215,0.00107012,0.0222456,0.026897,0.000375917,0.0249754,1.77493,1.23094,-0.0520112,-0.00648852,-0.00283659,-0.0442454,-0.00119106,-0.0010609,-0.0053135,1.75578,1.20968,0,0,0,0,0.282977,0,0.334667,0,0.381792,0.000243818,0.322384,0,2,1.75578,1.20968,0,0.344544,0.487027,3.7308e-15,0,0,0,0,0,0,0,0,0,0,0,0,0.855775,1.20968,0,0,0,0,0,0,0,0,0,0,0,0,2,0.855775,1.20968,0,1,2,0,0,0,0,0,1.24,-0.2249,2.3184,0,0,0,0,0,0,0,-0,0,1.49421,0,0,0,0,0,0,0,0,0,0,0,0,0,0,0,0,0,0,0,0,0,0,0,0,0,0,0,0,0,0,0,0,0
45.2,0.0118914,-0.0861085,0.0145103,0,0,0,3.03359,2.03711,-2.3736,-0.00752991,0.0210857,-0.0322178,-0.0124416,-0.031088,0.123985,3,2,3.92699,0,0,0,0,0,0,0,0,0,0,0,2,3,2,3.92699,0,0,0,0,0,0,0,0,0,0,1.5708,1.5708,0,1.5708,1.5708,0,0.0135426,0.00210057,0.0235787,0.026897,0.000375917,0.0249754,1.77431,1.23063,-0.0566696,-0.0061858,-0.00310328,-0.0465879,0.000523465,-0.00175413,-0.0116662,1.75578,1.20968,0,0,0,0,0.282977,0,0.334667,0,0.381792,0.000243818,0.322384,0,2,1.75578,1.20968,0,0.344544,0.487027,3.7308e-15,0,0,0,0,0,0,0,0,0,0,0,0,0.855775,1.20968,0,0,0,0,0,0,0,0,0,0,0,0,2,0.855775,1.20968,0,1,2,0,0,0,0,0,1.24,-0.2249,2.3184,0,0,0,0,0,0,0,-0,0,1.4954,0,0,0,0,0,0,0,0,0,0,0,0,0,0,0,0,0,0,0,0,0,0,0,0,0,0,0,0,0,0,0,0,0
45.25,0.0118914,-0.0861085,0.0145103,0,0,0,3.03359,2.03711,-2.3736,-0.00752991,0.0210857,-0.0322178,-0.0124416,-0.031088,0.123985,3,2,3.92699,0,0,0,0,0,0,0,0,0,0,0,2,3,2,3.92699,0,0,0,0,0,0,0,0,0,0,1.5708,1.5708,0,1.5708,1.5708,0,0.0135426,0.00210057,0.0235787,0.0268985,0.000250616,0.0249754,1.77431,1.23063,-0.0566696,-0.0061858,-0.00310328,-0.0465879,0.000523465,-0.00175413,-0.0116662,1.75578,1.20968,0,0,0,0,0.303375,0,0.358555,0,0.401377,0.000633721,0.338012,0,2,1.75578,1.20968,0,0.344544,0.487027,3.7308e-15,0,0,0,0,0,0,0,0,0,0,0,0,0.855775,1.20968,0,0,0,0,0,0,0,0,0,0,0,0,2,0.855775,1.20968,0,1,2,0,0,0,0,0,1.24,-0.2249,2.3184,0,0,0,0,0,0,0,-0,0,1.4954,0,0,0,0,0,0,0,0,0,0,0,0,0,0,0,0,0,0,0,0,0,0,0,0,0,0,0,0,0,0,0,0,0
45.3,0.00939396,-0.0842638,0.0129144,0,0,0,3.03292,2.03914,-2.37637,-0.00670996,0.0202972,-0.0277345,-0.000835072,-0.0187032,0.0879187,3,2,3.92699,0,0,0,0,0,0,0,0,0,0,0,2,3,2,3.92699,0,0,0,0,0,0,0,0,0,0,1.5708,1.5708,0,1.5708,1.5708,0,0.0137847,0.00259954,0.022429,0.0279698,0.00422614,0.0267585,1.77369,1.23031,-0.0609592,-0.00618378,-0.00321215,-0.0429026,0.000553344,-0.00158261,0.00685275,1.75578,1.20968,0,0,0,0,0.303375,0,0.358555,0,0.401377,0.000633721,0.338012,0,2,1.75578,1.20968,0,0.344544,0.487027,3.7308e-15,0,0,0,0,0,0,0,0,0,0,0,0,0.855775,1.20968,0,0,0,0,0,0,0,0,0,0,0,0,2,0.855775,1.20968,0,1,2,0,0,0,0,0,1.24,-0.2249,2.3184,0,0,0,0,0,0,0,-0,0,1.49662,0,0,0,0,0,0,0,0,0,0,0,0,0,0,0,0,0,0,0,0,0,0,0,0,0,0,0,0,0,0,0,0,0
45.35,0.00939396,-0.0842638,0.0129144,0,0,0,3.03292,2.03914,-2.37637,-0.00670996,0.0202972,-0.0277345,-0.000835072,-0.0187032,0.0879187,3,2,3.92699,0,0,0,0,0,0,0,0,0,0,0,2,3,2,3.92699,0,0,0,0,0,0,0,0,0,0,1.5708,1.5708,0,1.5708,1.5708,0,0.0137847,0.00259954,0.022429,0.0261172,0.0038317,0.0249702,1.77369,1.23031,-0.0609592,-0.00618378,-0.00321215,-0.0429026,0.000553344,-0.00158261,0.00685275,1.75578,1.20968,0,0,0,0,0.287871,0,0.343347,0,0.382858,0,0.319591,0,2,1.75578,1.20968,0,0.344544,0.487027,3.7308e-15,0,0,0,0,0,0,0,0,0,0,0,0,0.855775,1.20968,0,0,0,0,0,0,0,0,0,0,0,0,2,0.855775,1.20968,0,1,2,0,0,0,0,0,1.2452,-0.2123,2.3154,0,0,0,0,0,0,0,-0,0,1.49662,0,0,0,0,0,0,0,0,0,0,0,0,0,0,0,0,0,0,0,0,0,0,0,0,0,0,0,0,0,0,0,0,0
45.4,0.00794504,-0.0797987,0.0115397,0,0,0,3.0323,2.04101,-2.37876,-0.00620667,0.0187506,-0.0238728,0.00307973,-0.015731,0.0633371,3,2,3.92699,0,0,0,0,0,0,0,0,0,0,0,2,3,2,3.92699,0,0,0,0,0,0,0,0,0,0,1.5708,1.5708,0,1.5708,1.5708,0,0.0123379,0.00296313,0.0224197,0.0261172,0.0038317,0.0249702,1.77312,1.22998,-0.0651626,-0.00569023,-0.00328034,-0.0420372,0.00230736,-0.00120009,0.0100722,1.75578,1.20968,0,0,0,0,0.287871,0,0.343347,0,0.382858,0,0.319591,0,2,1.75578,1.20968,0,0.344544,0.487027,3.7308e-15,0,0,0,0,0,0,0,0,0,0,0,0,0.855775,1.20968,0,0,0,0,0,0,0,0,0,0,0,0,2,0.855775,1.20968,0,1,2,0,0,0,0,0,1.2452,-0.2123,2.3154,0,0,0,0,0,0,0,-0,0,1.49777,0,0,0,0,0,0,0,0,0,0,0,0,0,0,0,0,0,0,0,0,0,0,0,0,0,0,0,0,0,0,0,0,0
45.45,0.00794504,-0.0797987,0.0115397,0,0,0,3.0323,2.04101,-2.37876,-0.00620667,0.0187506,-0.0238728,0.00307973,-0.015731,0.0633371,3,2,3.92699,0,0,0,0,0,0,0,0,0,0,0,2,3,2,3.92699,0,0,0,0,0,0,0,0,0,0,1.5708,1.5708,0,1.5708,1.5708,0,0.0123379,0.00296313,0.0224197,0.0261413,0.00372306,0.0249781,1.77312,1.22998,-0.0651626,-0.00569023,-0.00328034,-0.0420372,0.00230736,-0.00120009,0.0100722,1.75578,1.20968,0,0,0,0,0.290713,0,0.344934,0,0.37972,0,0.317711,0,2,1.75578,1.20968,0,0.344544,0.487027,3.7308e-15,0,0,0,0,0,0,0,0,0,0,0,0,0.855775,1.20968,0,0,0,0,0,0,0,0,0,0,0,0,2,0.855775,1.20968,0,1,2,0,0,0,0,0,1.2452,-0.2123,2.3154,0,0,0,0,0,0,0,-0,0,1.49777,0,0,0,0,0,0,0,0,0,0,0,0,0,0,0,0,0,0,0,0,0,0,0,0,0,0,0,0,0,0,0,0,0
45.5,0.00762837,-0.0782827,0.0106681,0,0,0,3.0317,2.04282,-2.38089,-0.00604081,0.0180858,-0.0213007,0.00304258,-0.0117021,0.044985,3,2,3.92699,0,0,0,0,0,0,0,0,0,0,0,2,3,2,3.92699,0,0,0,0,0,0,0,0,0,0,1.5708,1.5708,0,1.5708,1.5708,0,0.0125383,0.00406873,0.0231764,0.0261413,0.00372306,0.0249781,1.77255,1.22962,-0.0694655,-0.00568189,-0.0035637,-0.0430345,0.00165701,-0.00180066,0.00250445,1.75578,1.20968,0,0,0,0,0.290713,0,0.344934,0,0.37972,0,0.317711,0,2,1.75578,1.20968,0,0.344544,0.487027,3.7308e-15,0,0,0,0,0,0,0,0,0,0,0,0,0.855775,1.20968,0,0,0,0,0,0,0,0,0,0,0,0,2,0.855775,1.20968,0,1,2,0,0,0,0,0,1.2452,-0.2123,2.3154,0,0,0,0,0,0,0,-0,0,1.49891,0,0,0,0,0,0,0,0,0,0,0,0,0,0,0,0,0,0,0,0,0,0,0,0,0,0,0,0,0,0,0,0,0
45.55,0.00762837,-0.0782827,0.0106681,0,0,0,3.0317,2.04282,-2.38089,-0.00604081,0.0180858,-0.0213007,0.00304258,-0.0117021,0.044985,3,2,3.92699,0,0,0,0,0,0,0,0,0,0,0,2,3,2,3.92699,0,0,0,0,0,0,0,0,0,0,1.5708,1.5708,0,1.5708,1.5708,0,0.0125383,0.00406873,0.0231764,0.0231081,0.00741497,0.0239529,1.77255,1.22962,-0.0694655,-0.00568189,-0.0035637,-0.0430345,0.00165701,-0.00180066,0.00250445,1.75578,1.20968,0,0,0,0,0.302884,0,0.360153,0,0.390491,0,0.325165,0,2,1.75578,1.20968,0,0.344544,0.487027,3.7308e-15,0,0,0,0,0,0,0,0,0,0,0,0,0.855775,1.20968,0,0,0,0,0,0,0,0,0,0,0,0,2,0.855775,1.20968,0,1,2,0,0,0,0,0,1.1826,-0.2693,2.2442,0,0,0,0,0,0,0,-0,0,1.49891,0,0,0,0,0,0,0,0,0,0,0,0,0,0,0,0,0,0,0,0,0,0,0,0,0,0,0,0,0,0,0,0,0
45.6,0.00680075,-0.0725631,0.00894078,0,0,0,3.03113,2.04444,-2.38256,-0.0057273,0.0161981,-0.0167148,0.00307295,-0.0140192,0.0428451,3,2,3.92699,0,0,0,0,0,0,0,0,0,0,0,2,3,2,3.92699,0,0,0,0,0,0,0,0,0,0,1.5708,1.5708,0,1.5708,1.5708,0,0.0110569,0.0078923,0.0226707,0.0231081,0.00741497,0.0239529,1.77203,1.22916,-0.0735627,-0.00518411,-0.00463482,-0.0409706,0.00289433,-0.00544347,0.00871411,1.75578,1.20968,0,0,0,0,0.302884,0,0.360153,0,0.390491,0,0.325165,0,2,1.75578,1.20968,0,0.344544,0.487027,3.7308e-15,0,0,0,0,0,0,0,0,0,0,0,0,0.855775,1.20968,0,0,0,0,0,0,0,0,0,0,0,0,2,0.855775,1.20968,0,1,2,0,0,0,0,0,1.1826,-0.2693,2.2442,0,0,0,0,0,0,0,-0,0,1.5,0,0,0,0,0,0,0,0,0,0,0,0,0,0,0,0,0,0,0,0,0,0,0,0,0,0,0,0,0,0,0,0,0
45.65,0.00680075,-0.0725631,0.00894078,0,0,0,3.03113,2.04444,-2.38256,-0.0057273,0.0161981,-0.0167148,0.00307295,-0.0140192,0.0428451,3,2,3.92699,0,0,0,0,0,0,0,0,0,0,0,2,3,2,3.92699,0,0,0,0,0,0,0,0,0,0,1.5708,1.5708,0,1.5708,1.5708,0,0.0110569,0.0078923,0.0226707,0.0234854,0.00743005,0.0243123,1.77203,1.22916,-0.0735627,-0.00518411,-0.00463482,-0.0409706,0.00289433,-0.00544347,0.00871411,1.75578,1.20968,0,0,0,0,0.300568,0,0.368357,0,0.379067,0,0.303378,0,2,1.75578,1.20968,0,0.344544,0.487027,3.7308e-15,0,0,0,0,0,0,0,0,0,0,0,0,0.855775,1.20968,0,0,0,0,0,0,0,0,0,0,0,0,2,0.855775,1.20968,0,1,2,0,0,0,0,0,1.1826,-0.2693,2.2442,0,0,0,0,0,0,0,-0,0,1.5,0,0,0,0,0,0,0,0,0,0,0,0,0,0,0,0,0,0,0,0,0,0,0,0,0,0,0,0,0,0,0,0,0
45.7,0.00415032,-0.0736624,0.0083571,0,0,0,3.03064,2.04607,-2.38406,-0.00488381,0.016329,-0.0149781,0.00522286,-0.00821775,0.0323864,3,2,3.92699,0,0,0,0,0,0,0,0,0,0,0,2,3,2,3.92699,0,0,0,0,0,0,0,0,0,0,1.5708,1.5708,0,1.5708,1.5708,0,0.0110308,0.00624962,0.0224675,0.0234854,0.00743005,0.0243123,1.77152,1.22875,-0.0775295,-0.00511579,-0.0041024,-0.0396762,0.00218138,-0.00163182,0.0112684,1.75578,1.20968,0,0,0,0,0.300568,0,0.368357,0,0.379067,0,0.303378,0,2,1.75578,1.20968,0,0.344544,0.487027,3.7308e-15,0,0,0,0,0,0,0,0,0,0,0,0,0.855775,1.20968,0,0,0,0,0,0,0,0,0,0,0,0,2,0.855775,1.20968,0,1,2,0,0,0,0,0,1.1826,-0.2693,2.2442,0,0,0,0,0,0,0,-0,0,1.50113,0,0,0,0,0,0,0,0,0,0,0,0,0,0,0,0,0,0,0,0,0,0,0,0,0,0,0,0,0,0,0,0,0
45.75,0.00415032,-0.0736624,0.0083571,0,0,0,3.03064,2.04607,-2.38406,-0.00488381,0.016329,-0.0149781,0.00522286,-0.00821775,0.0323864,3,2,3.92699,0,0,0,0,0,0,0,0,0,0,0,2,3,2,3.92699,0,0,0,0,0,0,0,0,0,0,1.5708,1.5708,0,1.5708,1.5708,0,0.0110308,0.00624962,0.0224675,0.0236832,0.00738943,0.0244866,1.77152,1.22875,-0.0775295,-0.00511579,-0.0041024,-0.0396762,0.00218138,-0.00163182,0.0112684,1.75578,1.20968,0,0,0,0,0.297228,0,0.358866,0,0.375742,0,0.306282,0,2,1.75578,1.20968,0,0.344544,0.487027,3.7308e-15,0,0,0,0,0,0,0,0,0,0,0,0,0.855775,1.20968,0,0,0,0,0,0,0,0,0,0,0,0,2,0.855775,1.20968,0,1,2,0,0,0,0,0,1.2541,-0.1938,2.3066,0,0,0,0,0,0,0,-0,0,1.50113,0,0,0,0,0,0,0,0,0,0,0,0,0,0,0,0,0,0,0,0,0,0,0,0,0,0,0,0,0,0,0,0,0
45.8,0.00378835,-0.067106,0.00691546,0,0,0,3.03017,2.04749,-2.38518,-0.00472029,0.014217,-0.0112058,0.00407911,-0.0125832,0.0331005,3,2,3.92699,0,0,0,0,0,0,0,0,0,0,0,2,3,2,3.92699,0,0,0,0,0,0,0,0,0,0,1.5708,1.5708,0,1.5708,1.5708,0,0.0107462,0.0060081,0.0225665,0.0216574,0.0121884,0.0237335,1.77102,1.22835,-0.0814421,-0.00497303,-0.00398404,-0.0391351,0.00178225,7.64995e-06,0.00926193,1.75578,1.20968,0,0,0,0,0.297228,0,0.358866,0,0.375742,0,0.306282,0,2,1.75578,1.20968,0,0.344544,0.487027,3.7308e-15,0,0,0,0,0,0,0,0,0,0,0,0,0.855775,1.20968,0,0,0,0,0,0,0,0,0,0,0,0,2,0.855775,1.20968,0,1,2,0,0,0,0,0,1.2541,-0.1938,2.3066,0,0,0,0,0,0,0,-0,0,1.50214,0,0,0,0,0,0,0,0,0,0,0,0,0,0,0,0,0,0,0,0,0,0,0,0,0,0,0,0,0,0,0,0,0
45.85,0.00378835,-0.067106,0.00691546,0,0,0,3.03017,2.04749,-2.38518,-0.00472029,0.014217,-0.0112058,0.00407911,-0.0125832,0.0331005,3,2,3.92699,0,0,0,0,0,0,0,0,0,0,0,2,3,2,3.92699,0,0,0,0,0,0,0,0,0,0,1.5708,1.5708,0,1.5708,1.5708,0,0.0107462,0.0060081,0.0225665,0.0216396,0.012067,0.023662,1.77102,1.22835,-0.0814421,-0.00497303,-0.00398404,-0.0391351,0.00178225,7.64995e-06,0.00926193,1.75578,1.20968,0,0,0,0,0.299622,0,0.359487,0,0.376169,0,0.308449,0,2,1.75578,1.20968,0,0.344544,0.487027,3.7308e-15,0,0,0,0,0,0,0,0,0,0,0,0,0.855775,1.20968,0,0,0,0,0,0,0,0,0,0,0,0,2,0.855775,1.20968,0,1,2,0,0,0,0,0,1.2541,-0.1938,2.3066,0,0,0,0,0,0,0,-0,0,1.50214,0,0,0,0,0,0,0,0,0,0,0,0,0,0,0,0,0,0,0,0,0,0,0,0,0,0,0,0,0,0,0,0,0
45.9,0.0034248,-0.0641329,0.0067657,0,0,0,3.02971,2.04881,-2.38624,-0.00455821,0.013179,-0.0106242,0.00294082,-0.0122905,0.0222937,3,2,3.92699,0,0,0,0,0,0,0,0,0,0,0,2,3,2,3.92699,0,0,0,0,0,0,0,0,0,0,1.5708,1.5708,0,1.5708,1.5708,0,0.0109598,0.00539826,0.0210788,0.0216396,0.012067,0.023662,1.77053,1.22798,-0.0849203,-0.00497693,-0.00375986,-0.0347819,0.000999152,0.00112117,0.0226728,1.75578,1.20968,0,0,0,0,0.299622,0,0.359487,0,0.376169,0,0.308449,0,2,1.75578,1.20968,0,0.344544,0.487027,3.7308e-15,0,0,0,0,0,0,0,0,0,0,0,0,0.855775,1.20968,0,0,0,0,0,0,0,0,0,0,0,0,2,0.855775,1.20968,0,1,2,0,0,0,0,0,1.2541,-0.1938,2.3066,0,0,0,0,0,0,0,-0,0,1.5031,0,0,0,0,0,0,0,0,0,0,0,0,0,0,0,0,0,0,0,0,0,0,0,0,0,0,0,0,0,0,0,0,0
45.95,0.0034248,-0.0641329,0.0067657,0,0,0,3.02971,2.04881,-2.38624,-0.00455821,0.013179,-0.0106242,0.00294082,-0.0122905,0.0222937,3,2,3.92699,0,0,0,0,0,0,0,0,0,0,0,2,3,2,3.92699,0,0,0,0,0,0,0,0,0,0,1.5708,1.5708,0,1.5708,1.5708,0,0.0109598,0.00539826,0.0210788,0.0227164,0.0125641,0.0247915,1.77053,1.22798,-0.0849203,-0.00497693,-0.00375986,-0.0347819,0.000999152,0.00112117,0.0226728,1.75578,1.20968,0,0,0,0,0.278063,0,0.334446,0,0.353165,0,0.289444,0,2,1.75578,1.20968,0,0.344544,0.487027,3.7308e-15,0,0,0,0,0,0,0,0,0,0,0,0,0.855775,1.20968,0,0,0,0,0,0,0,0,0,0,0,0,2,0.855775,1.20968,0,1,2,0,0,0,0,0,1.2577,-0.1876,2.3014,0,0,0,0,0,0,0,-0,0,1.5031,0,0,0,0,0,0,0,0,0,0,0,0,0,0,0,0,0,0,0,0,0,0,0,0,0,0,0,0,0,0,0,0,0
46,0.00288056,-0.0583284,0.00615398,0,0,0,3.02928,2.04994,-2.38713,-0.00434514,0.0113242,-0.00893953,0.00246336,-0.0147523,0.0186551,3,2,3.92699,0,0,0,0,0,0,0,0,0,0,0,2,3,2,3.92699,0,0,0,0,0,0,0,0,0,0,1.5708,1.5708,0,1.5708,1.5708,0,0.0106628,0.00519121,0.0209827,0.0227164,0.0125641,0.0247915,1.77004,1.22761,-0.0883074,-0.00483213,-0.00365553,-0.033867,0.00107278,0.00124103,0.0190869,1.75578,1.20968,0,0,0,0,0.278063,0,0.334446,0,0.353165,0,0.289444,0,2,1.75578,1.20968,0,0.344544,0.487027,3.7308e-15,0,0,0,0,0,0,0,0,0,0,0,0,0.855775,1.20968,0,0,0,0,0,0,0,0,0,0,0,0,2,0.855775,1.20968,0,1,2,0,0,0,0,0,1.2577,-0.1876,2.3014,0,0,0,0,0,0,0,-0,0,1.50396,0,0,0,0,0,0,0,0,0,0,0,0,0,0,0,0,0,0,0,0,0,0,0,0,0,0,0,0,0,0,0,0,0
46.05,0.00288056,-0.0583284,0.00615398,0,0,0,3.02928,2.04994,-2.38713,-0.00434514,0.0113242,-0.00893953,0.00246336,-0.0147523,0.0186551,3,2,3.92699,0,0,0,0,0,0,0,0,0,0,0,2,3,2,3.92699,0,0,0,0,0,0,0,0,0,0,1.5708,1.5708,0,1.5708,1.5708,0,0.0106628,0.00519121,0.0209827,0.0210363,0.0101635,0.0232275,1.77004,1.22761,-0.0883074,-0.00483213,-0.00365553,-0.033867,0.00107278,0.00124103,0.0190869,1.75578,1.20968,0,0,0,0,0.277726,0,0.332207,0,0.350518,0,0.288734,0,2,1.75578,1.20968,0,0.344544,0.487027,3.7308e-15,0,0,0,0,0,0,0,0,0,0,0,0,0.855775,1.20968,0,0,0,0,0,0,0,0,0,0,0,0,2,0.855775,1.20968,0,1,2,0,0,0,0,0,1.2577,-0.1876,2.3014,0,0,0,0,0,0,0,-0,0,1.50396,0,0,0,0,0,0,0,0,0,0,0,0,0,0,0,0,0,0,0,0,0,0,0,0,0,0,0,0,0,0,0,0,0
46.1,0.00242537,-0.0547825,0.00515338,0,0,0,3.02886,2.05096,-2.38777,-0.00416066,0.0101526,-0.00634986,0.00215395,-0.0138785,0.0210611,3,2,3.92699,0,0,0,0,0,0,0,0,0,0,0,2,3,2,3.92699,0,0,0,0,0,0,0,0,0,0,1.5708,1.5708,0,1.5708,1.5708,0,0.0102952,0.00480884,0.0200899,0.0210363,0.0101635,0.0232275,1.76958,1.22726,-0.0914121,-0.00466854,-0.0035014,-0.0310507,0.00131043,0.00137923,0.0222468,1.75578,1.20968,0,0,0,0,0.277726,0,0.332207,0,0.350518,0,0.288734,0,2,1.75578,1.20968,0,0.344544,0.487027,3.7308e-15,0,0,0,0,0,0,0,0,0,0,0,0,0.855775,1.20968,0,0,0,0,0,0,0,0,0,0,0,0,2,0.855775,1.20968,0,1,2,0,0,0,0,0,1.2577,-0.1876,2.3014,0,0,0,0,0,0,0,-0,0,1.50475,0,0,0,0,0,0,0,0,0,0,0,0,0,0,0,0,0,0,0,0,0,0,0,0,0,0,0,0,0,0,0,0,0
46.15,0.00242537,-0.0547825,0.00515338,0,0,0,3.02886,2.05096,-2.38777,-0.00416066,0.0101526,-0.00634986,0.00215395,-0.0138785,0.0210611,3,2,3.92699,0,0,0,0,0,0,0,0,0,0,0,2,3,2,3.92699,0,0,0,0,0,0,0,0,0,0,1.5708,1.5708,0,1.5708,1.5708,0,0.0102952,0.00480884,0.0200899,0.0215989,0.0103527,0.0238131,1.76958,1.22726,-0.0914121,-0.00466854,-0.0035014,-0.0310507,0.00131043,0.00137923,0.0222468,1.75578,1.20968,0,0,0,0,0.266171,0,0.31725,0,0.335266,0,0.277194,0,2,1.75578,1.20968,0,0.344544,0.487027,3.7308e-15,0,0,0,0,0,0,0,0,0,0,0,0,0.855775,1.20968,0,0,0,0,0,0,0,0,0,0,0,0,2,0.855775,1.20968,0,1,2,0,0,0,0,0,1.1749,-0.2687,2.2106,0,0,0,0,0,0,0,-0,0,1.50475,0,0,0,0,0,0,0,0,0,0,0,0,0,0,0,0,0,0,0,0,0,0,0,0,0,0,0,0,0,0,0,0,0
46.2,-0.000177167,-0.0501592,0.00502201,0,0,0,3.02852,2.05183,-2.38836,-0.00334965,0.0086793,-0.00590808,0.00449,-0.0140968,0.0147333,3,2,3.92699,0,0,0,0,0,0,0,0,0,0,0,2,3,2,3.92699,0,0,0,0,0,0,0,0,0,0,1.5708,1.5708,0,1.5708,1.5708,0,0.0100662,0.00414741,0.0195863,0.0215989,0.0103527,0.0238131,1.76912,1.22693,-0.0943348,-0.00454717,-0.00326786,-0.0292273,0.00130163,0.00177829,0.0210557,1.75578,1.20968,0,0,0,0,0.266171,0,0.31725,0,0.335266,0,0.277194,0,2,1.75578,1.20968,0,0.344544,0.487027,3.7308e-15,0,0,0,0,0,0,0,0,0,0,0,0,0.855775,1.20968,0,0,0,0,0,0,0,0,0,0,0,0,2,0.855775,1.20968,0,1,2,0,0,0,0,0,1.1749,-0.2687,2.2106,0,0,0,0,0,0,0,-0,0,1.50551,0,0,0,0,0,0,0,0,0,0,0,0,0,0,0,0,0,0,0,0,0,0,0,0,0,0,0,0,0,0,0,0,0
46.25,-0.000177167,-0.0501592,0.00502201,0,0,0,3.02852,2.05183,-2.38836,-0.00334965,0.0086793,-0.00590808,0.00449,-0.0140968,0.0147333,3,2,3.92699,0,0,0,0,0,0,0,0,0,0,0,2,3,2,3.92699,0,0,0,0,0,0,0,0,0,0,1.5708,1.5708,0,1.5708,1.5708,0,0.0100662,0.00414741,0.0195863,0.0216291,0.0102895,0.0238131,1.76912,1.22693,-0.0943348,-0.00454717,-0.00326786,-0.0292273,0.00130163,0.00177829,0.0210557,1.75578,1.20968,0,0,0,0,0.259184,0,0.307408,0,0.32699,0,0.271951,0,2,1.75578,1.20968,0,0.344544,0.487027,3.7308e-15,0,0,0,0,0,0,0,0,0,0,0,0,0.855775,1.20968,0,0,0,0,0,0,0,0,0,0,0,0,2,0.855775,1.20968,0,1,2,0,0,0,0,0,1.1749,-0.2687,2.2106,0,0,0,0,0,0,0,-0,0,1.50551,0,0,0,0,0,0,0,0,0,0,0,0,0,0,0,0,0,0,0,0,0,0,0,0,0,0,0,0,0,0,0,0,0
46.3,-0.000439519,-0.0460209,0.00337743,0,0,0,3.0282,2.05256,-2.38854,-0.00323337,0.00736544,-0.00182444,0.00347882,-0.0137488,0.0243104,3,2,3.92699,0,0,0,0,0,0,0,0,0,0,0,2,3,2,3.92699,0,0,0,0,0,0,0,0,0,0,1.5708,1.5708,0,1.5708,1.5708,0,0.00952368,0.00424857,0.0192152,0.0200134,0.00816782,0.0222302,1.76869,1.22661,-0.0971099,-0.004336,-0.00325902,-0.0277589,0.00162663,0.00115895,0.0183654,1.75578,1.20968,0,0,0,0,0.259184,0,0.307408,0,0.32699,0,0.271951,0,2,1.75578,1.20968,0,0.344544,0.487027,3.7308e-15,0,0,0,0,0,0,0,0,0,0,0,0,0.855775,1.20968,0,0,0,0,0,0,0,0,0,0,0,0,2,0.855775,1.20968,0,1,2,0,0,0,0,0,1.1749,-0.2687,2.2106,0,0,0,0,0,0,0,-0,0,1.50618,0,0,0,0,0,0,0,0,0,0,0,0,0,0,0,0,0,0,0,0,0,0,0,0,0,0,0,0,0,0,0,0,0
46.35,-0.000439519,-0.0460209,0.00337743,0,0,0,3.0282,2.05256,-2.38854,-0.00323337,0.00736544,-0.00182444,0.00347882,-0.0137488,0.0243104,3,2,3.92699,0,0,0,0,0,0,0,0,0,0,0,2,3,2,3.92699,0,0,0,0,0,0,0,0,0,0,1.5708,1.5708,0,1.5708,1.5708,0,0.00952368,0.00424857,0.0192152,0.0200359,0.00811225,0.0222302,1.76869,1.22661,-0.0971099,-0.004336,-0.00325902,-0.0277589,0.00162663,0.00115895,0.0183654,1.75578,1.20968,0,0,0,0,0.25561,0,0.302193,0,0.319466,0,0.266197,0,2,1.75578,1.20968,0,0.344544,0.487027,3.7308e-15,0,0,0,0,0,0,0,0,0,0,0,0,0.855775,1.20968,0,0,0,0,0,0,0,0,0,0,0,0,2,0.855775,1.20968,0,1,2,0,0,0,0,0,1.2858,-0.1571,2.3141,0,0,0,0,0,0,0,-0,0,1.50618,0,0,0,0,0,0,0,0,0,0,0,0,0,0,0,0,0,0,0,0,0,0,0,0,0,0,0,0,0,0,0,0,0
46.4,-0.00206464,-0.0414883,0.00334556,0,0,0,3.02793,2.05316,-2.38871,-0.00271945,0.00595155,-0.00171167,0.00400256,-0.0138513,0.0163422,3,2,3.92699,0,0,0,0,0,0,0,0,0,0,0,2,3,2,3.92699,0,0,0,0,0,0,0,0,0,0,1.5708,1.5708,0,1.5708,1.5708,0,0.0102627,0.00293276,0.0178216,0.0200359,0.00811225,0.0222302,1.76824,1.22632,-0.0994957,-0.00450027,-0.00283785,-0.0238561,0.000360266,0.00229199,0.0262327,1.75578,1.20968,0,0,0,0,0.25561,0,0.302193,0,0.319466,0,0.266197,0,2,1.75578,1.20968,0,0.344544,0.487027,3.7308e-15,0,0,0,0,0,0,0,0,0,0,0,0,0.855775,1.20968,0,0,0,0,0,0,0,0,0,0,0,0,2,0.855775,1.20968,0,1,2,0,0,0,0,0,1.2858,-0.1571,2.3141,0,0,0,0,0,0,0,-0,0,1.50681,0,0,0,0,0,0,0,0,0,0,0,0,0,0,0,0,0,0,0,0,0,0,0,0,0,0,0,0,0,0,0,0,0
46.45,-0.00206464,-0.0414883,0.00334556,0,0,0,3.02793,2.05316,-2.38871,-0.00271945,0.00595155,-0.00171167,0.00400256,-0.0138513,0.0163422,3,2,3.92699,0,0,0,0,0,0,0,0,0,0,0,2,3,2,3.92699,0,0,0,0,0,0,0,0,0,0,1.5708,1.5708,0,1.5708,1.5708,0,0.0102627,0.00293276,0.0178216,0.0200552,0.00806443,0.0222302,1.76824,1.22632,-0.0994957,-0.00450027,-0.00283785,-0.0238561,0.000360266,0.00229199,0.0262327,1.75578,1.20968,0,0,0,0,0.231806,0,0.277253,0,0.301465,0,0.24982,0,2,1.75578,1.20968,0,0.344544,0.487027,3.7308e-15,0,0,0,0,0,0,0,0,0,0,0,0,0.855775,1.20968,0,0,0,0,0,0,0,0,0,0,0,0,2,0.855775,1.20968,0,1,2,0,0,0,0,0,1.2858,-0.1571,2.3141,0,0,0,0,0,0,0,-0,0,1.50681,0,0,0,0,0,0,0,0,0,0,0,0,0,0,0,0,0,0,0,0,0,0,0,0,0,0,0,0,0,0,0,0,0
46.5,-0.00171196,-0.0397378,0.00255216,0,0,0,3.02765,2.0537,-2.38869,-0.00279066,0.00536891,0.000236046,0.00219178,-0.0106635,0.0165178,3,2,3.92699,0,0,0,0,0,0,0,0,0,0,0,2,3,2,3.92699,0,0,0,0,0,0,0,0,0,0,1.5708,1.5708,0,1.5708,1.5708,0,0.00915432,0.00328751,0.0175815,0.0200552,0.00806443,0.0222302,1.76783,1.22603,-0.101777,-0.00412494,-0.00290785,-0.0228089,0.00154791,0.00125204,0.0210188,1.75578,1.20968,0,0,0,0,0.231806,0,0.277253,0,0.301465,0,0.24982,0,2,1.75578,1.20968,0,0.344544,0.487027,3.7308e-15,0,0,0,0,0,0,0,0,0,0,0,0,0.855775,1.20968,0,0,0,0,0,0,0,0,0,0,0,0,2,0.855775,1.20968,0,1,2,0,0,0,0,0,1.2858,-0.1571,2.3141,0,0,0,0,0,0,0,-0,0,1.50738,0,0,0,0,0,0,0,0,0,0,0,0,0,0,0,0,0,0,0,0,0,0,0,0,0,0,0,0,0,0,0,0,0
46.55,-0.00171196,-0.0397378,0.00255216,0,0,0,3.02765,2.0537,-2.38869,-0.00279066,0.00536891,0.000236046,0.00219178,-0.0106635,0.0165178,3,2,3.92699,0,0,0,0,0,0,0,0,0,0,0,2,3,2,3.92699,0,0,0,0,0,0,0,0,0,0,1.5708,1.5708,0,1.5708,1.5708,0,0.00915432,0.00328751,0.0175815,0.0181967,0.00646224,0.0199549,1.76783,1.22603,-0.101777,-0.00412494,-0.00290785,-0.0228089,0.00154791,0.00125204,0.0210188,1.75578,1.20968,0,0,0,0,0.23215,0,0.274621,0,0.293906,0,0.24532,0,2,1.75578,1.20968,0,0.344544,0.487027,3.7308e-15,0,0,0,0,0,0,0,0,0,0,0,0,0.855775,1.20968,0,0,0,0,0,0,0,0,0,0,0,0,2,0.855775,1.20968,0,1,2,0,0,0,0,0,1.2167,-0.2264,2.2386,0,0,0,0,0,0,0,-0,0,1.50738,0,0,0,0,0,0,0,0,0,0,0,0,0,0,0,0,0,0,0,0,0,0,0,0,0,0,0,0,0,0,0,0,0
46.6,-0.00132994,-0.038975,0.000891328,0,0,0,3.02736,2.0542,-2.38826,-0.00286963,0.00508229,0.00423814,0.000756088,-0.00711804,0.0259329,3,2,3.92699,0,0,0,0,0,0,0,0,0,0,0,2,3,2,3.92699,0,0,0,0,0,0,0,0,0,0,1.5708,1.5708,0,1.5708,1.5708,0,0.00898469,0.00196008,0.0168779,0.0181967,0.00646224,0.0199549,1.76742,1.22578,-0.103842,-0.00402725,-0.00248742,-0.0206657,0.00148137,0.00229151,0.0204836,1.75578,1.20968,0,0,0,0,0.23215,0,0.274621,0,0.293906,0,0.24532,0,2,1.75578,1.20968,0,0.344544,0.487027,3.7308e-15,0,0,0,0,0,0,0,0,0,0,0,0,0.855775,1.20968,0,0,0,0,0,0,0,0,0,0,0,0,2,0.855775,1.20968,0,1,2,0,0,0,0,0,1.2167,-0.2264,2.2386,0,0,0,0,0,0,0,-0,0,1.50789,0,0,0,0,0,0,0,0,0,0,0,0,0,0,0,0,0,0,0,0,0,0,0,0,0,0,0,0,0,0,0,0,0
46.65,-0.00132994,-0.038975,0.000891328,0,0,0,3.02736,2.0542,-2.38826,-0.00286963,0.00508229,0.00423814,0.000756088,-0.00711804,0.0259329,3,2,3.92699,0,0,0,0,0,0,0,0,0,0,0,2,3,2,3.92699,0,0,0,0,0,0,0,0,0,0,1.5708,1.5708,0,1.5708,1.5708,0,0.00898469,0.00196008,0.0168779,0.0182101,0.00642464,0.0199549,1.76742,1.22578,-0.103842,-0.00402725,-0.00248742,-0.0206657,0.00148137,0.00229151,0.0204836,1.75578,1.20968,0,0,0,0,0.221584,0,0.259362,0,0.283028,0,0.239386,0,2,1.75578,1.20968,0,0.344544,0.487027,3.7308e-15,0,0,0,0,0,0,0,0,0,0,0,0,0.855775,1.20968,0,0,0,0,0,0,0,0,0,0,0,0,2,0.855775,1.20968,0,1,2,0,0,0,0,0,1.2167,-0.2264,2.2386,0,0,0,0,0,0,0,-0,0,1.50789,0,0,0,0,0,0,0,0,0,0,0,0,0,0,0,0,0,0,0,0,0,0,0,0,0,0,0,0,0,0,0,0,0
46.7,-0.000536294,-0.0370735,-0.000735297,0,0,0,3.02706,2.05465,-2.38746,-0.00306813,0.00446562,0.00807885,-0.000540211,-0.00624602,0.0321998,3,2,3.92699,0,0,0,0,0,0,0,0,0,0,0,2,3,2,3.92699,0,0,0,0,0,0,0,0,0,0,1.5708,1.5708,0,1.5708,1.5708,0,0.00901078,0.00165481,0.0151085,0.0182101,0.00642464,0.0199549,1.76702,1.22555,-0.105444,-0.0039876,-0.00236939,-0.0159962,0.00102962,0.00198231,0.0308383,1.75578,1.20968,0,0,0,0,0.221584,0,0.259362,0,0.283028,0,0.239386,0,2,1.75578,1.20968,0,0.344544,0.487027,3.7308e-15,0,0,0,0,0,0,0,0,0,0,0,0,0.855775,1.20968,0,0,0,0,0,0,0,0,0,0,0,0,2,0.855775,1.20968,0,1,2,0,0,0,0,0,1.2167,-0.2264,2.2386,0,0,0,0,0,0,0,-0,0,1.50834,0,0,0,0,0,0,0,0,0,0,0,0,0,0,0,0,0,0,0,0,0,0,0,0,0,0,0,0,0,0,0,0,0
46.75,-0.000536294,-0.0370735,-0.000735297,0,0,0,3.02706,2.05465,-2.38746,-0.00306813,0.00446562,0.00807885,-0.000540211,-0.00624602,0.0321998,3,2,3.92699,0,0,0,0,0,0,0,0,0,0,0,2,3,2,3.92699,0,0,0,0,0,0,0,0,0,0,1.5708,1.5708,0,1.5708,1.5708,0,0.00901078,0.00165481,0.0151085,0.0182203,0.00639547,0.0199549,1.76702,1.22555,-0.105444,-0.0039876,-0.00236939,-0.0159962,0.00102962,0.00198231,0.0308383,1.75578,1.20968,0,0,0,0,0.195148,0,0.232299,0,0.256712,0,0.214311,0,2,1.75578,1.20968,0,0.344544,0.487027,3.7308e-15,0,0,0,0,0,0,0,0,0,0,0,0,0.855775,1.20968,0,0,0,0,0,0,0,0,0,0,0,0,2,0.855775,1.20968,0,1,2,0,0,0,0,0,1.2664,-0.1785,2.282,0,0,0,0,0,0,0,-0,0,1.50834,0,0,0,0,0,0,0,0,0,0,0,0,0,0,0,0,0,0,0,0,0,0,0,0,0,0,0,0,0,0,0,0,0
46.8,-0.0010282,-0.0340928,-0.00103757,0,0,0,3.02677,2.05501,-2.38659,-0.00288797,0.00354033,0.00864936,0.000233073,-0.00734849,0.0224284,3,2,3.92699,0,0,0,0,0,0,0,0,0,0,0,2,3,2,3.92699,0,0,0,0,0,0,0,0,0,0,1.5708,1.5708,0,1.5708,1.5708,0,0.00800808,0.00215514,0.0157305,0.0178301,0.00322305,0.017147,1.76666,1.2253,-0.10716,-0.00364906,-0.00248727,-0.0171808,0.00192677,0.000687671,0.0152553,1.75578,1.20968,0,0,0,0,0.195148,0,0.232299,0,0.256712,0,0.214311,0,2,1.75578,1.20968,0,0.344544,0.487027,3.7308e-15,0,0,0,0,0,0,0,0,0,0,0,0,0.855775,1.20968,0,0,0,0,0,0,0,0,0,0,0,0,2,0.855775,1.20968,0,1,2,0,0,0,0,0,1.2664,-0.1785,2.282,0,0,0,0,0,0,0,-0,0,1.50874,0,0,0,0,0,0,0,0,0,0,0,0,0,0,0,0,0,0,0,0,0,0,0,0,0,0,0,0,0,0,0,0,0
46.85,-0.0010282,-0.0340928,-0.00103757,0,0,0,3.02677,2.05501,-2.38659,-0.00288797,0.00354033,0.00864936,0.000233073,-0.00734849,0.0224284,3,2,3.92699,0,0,0,0,0,0,0,0,0,0,0,2,3,2,3.92699,0,0,0,0,0,0,0,0,0,0,1.5708,1.5708,0,1.5708,1.5708,0,0.00800808,0.00215514,0.0157305,0.0178356,0.00319244,0.017147,1.76666,1.2253,-0.10716,-0.00364906,-0.00248727,-0.0171808,0.00192677,0.000687671,0.0152553,1.75578,1.20968,0,0,0,0,0.207965,0,0.242871,0,0.262401,0,0.222028,0,2,1.75578,1.20968,0,0.344544,0.487027,3.7308e-15,0,0,0,0,0,0,0,0,0,0,0,0,0.855775,1.20968,0,0,0,0,0,0,0,0,0,0,0,0,2,0.855775,1.20968,0,1,2,0,0,0,0,0,1.2664,-0.1785,2.282,0,0,0,0,0,0,0,-0,0,1.50874,0,0,0,0,0,0,0,0,0,0,0,0,0,0,0,0,0,0,0,0,0,0,0,0,0,0,0,0,0,0,0,0,0
46.9,0.00170347,0.00397508,0.000416878,0,0,0,3.0264,2.05424,-2.38609,-0.00365373,-0.00764695,0.00497053,-0.00282372,-0.04925,-0.00252645,3,2,3.92699,0,0,0,0,0,0,0,0,0,0,0,2,3,2,3.92699,0,0,0,0,0,0,0,0,0,0,1.5708,1.5708,0,1.5708,1.5708,0,0.00738224,0.00158061,0.0148921,0.0178356,0.00319244,0.017147,1.76632,1.22507,-0.108642,-0.00342416,-0.00229091,-0.0148235,0.00216599,0.00101511,0.0164219,1.75578,1.20968,0,0,0,0,0.207965,0,0.242871,0,0.262401,0,0.222028,0,2,1.75578,1.20968,0,0.344544,0.487027,3.7308e-15,0,0,0,0,0,0,0,0,0,0,0,0,0.855775,1.20968,0,0,0,0,0,0,0,0,0,0,0,0,2,0.855775,1.20968,0,1,2,0,0,0,0,0,1.2664,-0.1785,2.282,0,0,0,0,0,0,0,-0,0,1.50842,0,0,0,0,0,0,0,0,0,0,0,0,0,0,0,0,0,0,0,0,0,0,0,0,0,0,0,0,0,0,0,0,0
46.95,0.00170347,0.00397508,0.000416878,0,0,0,3.0264,2.05424,-2.38609,-0.00365373,-0.00764695,0.00497053,-0.00282372,-0.04925,-0.00252645,3,2,3.92699,0,0,0,0,0,0,0,0,0,0,0,2,3,2,3.92699,0,0,0,0,0,0,0,0,0,0,1.5708,1.5708,0,1.5708,1.5708,0,0.00738224,0.00158061,0.0148921,0.0178403,0.00316601,0.017147,1.76632,1.22507,-0.108642,-0.00342416,-0.00229091,-0.0148235,0.00216599,0.00101511,0.0164219,1.75578,1.20968,0,0,0,0,0.197313,0,0.228173,0,0.247785,0,0.211752,0,2,1.75578,1.20968,0,0.344544,0.487027,3.7308e-15,0,0,0,0,0,0,0,0,0,0,0,0,0.855775,1.20968,0,0,0,0,0,0,0,0,0,0,0,0,2,0.855775,1.20968,0,1,2,0,0,0,0,0,1.3599,-0.0869,2.3707,0,0,0,0,0,0,0,-0,0,1.50842,0,0,0,0,0,0,0,0,0,0,0,0,0,0,0,0,0,0,0,0,0,0,0,0,0,0,0,0,0,0,0,0,0
47,-0.0026724,-0.0319604,0.00127431,0,0,0,3.02617,2.05454,-2.38581,-0.0023295,0.00296438,0.00280429,0.00318188,0.00714266,-0.013556,3,2,3.92699,0,0,0,0,0,0,0,0,0,0,0,2,3,2,3.92699,0,0,0,0,0,0,0,0,0,0,1.5708,1.5708,0,1.5708,1.5708,0,0.0080084,0.00144047,0.0137043,0.0178403,0.00316601,0.017147,1.76596,1.22485,-0.109809,-0.00356629,-0.00222329,-0.0116706,0.000766279,0.000924846,0.0226227,1.75578,1.20968,0,0,0,0,0.197313,0,0.228173,0,0.247785,0,0.211752,0,2,1.75578,1.20968,0,0.344544,0.487027,3.7308e-15,0,0,0,0,0,0,0,0,0,0,0,0,0.855775,1.20968,0,0,0,0,0,0,0,0,0,0,0,0,2,0.855775,1.20968,0,1,2,0,0,0,0,0,1.3599,-0.0869,2.3707,0,0,0,0,0,0,0,-0,0,1.50881,0,0,0,0,0,0,0,0,0,0,0,0,0,0,0,0,0,0,0,0,0,0,0,0,0,0,0,0,0,0,0,0,0
47.05,-0.0026724,-0.0319604,0.00127431,0,0,0,3.02617,2.05454,-2.38581,-0.0023295,0.00296438,0.00280429,0.00318188,0.00714266,-0.013556,3,2,3.92699,0,0,0,0,0,0,0,0,0,0,0,2,3,2,3.92699,0,0,0,0,0,0,0,0,0,0,1.5708,1.5708,0,1.5708,1.5708,0,0.0080084,0.00144047,0.0137043,0.0158642,0.00280083,0.0155538,1.76596,1.22485,-0.109809,-0.00356629,-0.00222329,-0.0116706,0.000766279,0.000924846,0.0226227,1.75578,1.20968,0,0,0,0,0.177546,0,0.210536,0,0.232278,0,0.194527,0,2,1.75578,1.20968,0,0.344544,0.487027,3.7308e-15,0,0,0,0,0,0,0,0,0,0,0,0,0.855775,1.20968,0,0,0,0,0,0,0,0,0,0,0,0,2,0.855775,1.20968,0,1,2,0,0,0,0,0,1.3599,-0.0869,2.3707,0,0,0,0,0,0,0,-0,0,1.50881,0,0,0,0,0,0,0,0,0,0,0,0,0,0,0,0,0,0,0,0,0,0,0,0,0,0,0,0,0,0,0,0,0
47.1,-0.00339595,-0.0313792,0.00141949,0,0,0,3.02596,2.05481,-2.38557,-0.00209021,0.00275927,0.00239891,0.00368094,0.011106,-0.011255,3,2,3.92699,0,0,0,0,0,0,0,0,0,0,0,2,3,2,3.92699,0,0,0,0,0,0,0,0,0,0,1.5708,1.5708,0,1.5708,1.5708,0,0.00603783,0.00134541,0.0130968,0.0158642,0.00280083,0.0155538,1.76567,1.22463,-0.110807,-0.00295095,-0.00216957,-0.00997747,0.00273031,0.000758447,0.0211938,1.75578,1.20968,0,0,0,0,0.177546,0,0.210536,0,0.232278,0,0.194527,0,2,1.75578,1.20968,0,0.344544,0.487027,3.7308e-15,0,0,0,0,0,0,0,0,0,0,0,0,0.855775,1.20968,0,0,0,0,0,0,0,0,0,0,0,0,2,0.855775,1.20968,0,1,2,0,0,0,0,0,1.3599,-0.0869,2.3707,0,0,0,0,0,0,0,-0,0,1.50915,0,0,0,0,0,0,0,0,0,0,0,0,0,0,0,0,0,0,0,0,0,0,0,0,0,0,0,0,0,0,0,0,0
47.15,-0.00339595,-0.0313792,0.00141949,0,0,0,3.02596,2.05481,-2.38557,-0.00209021,0.00275927,0.00239891,0.00368094,0.011106,-0.011255,3,2,3.92699,0,0,0,0,0,0,0,0,0,0,0,2,3,2,3.92699,0,0,0,0,0,0,0,0,0,0,1.5708,1.5708,0,1.5708,1.5708,0,0.00603783,0.00134541,0.0130968,0.015867,0.002785,0.0155538,1.76567,1.22463,-0.110807,-0.00295095,-0.00216957,-0.00997747,0.00273031,0.000758447,0.0211938,1.75578,1.20968,0,0,0,0,0.17506,0,0.200331,0,0.216284,0,0.186464,0,2,1.75578,1.20968,0,0.344544,0.487027,3.7308e-15,0,0,0,0,0,0,0,0,0,0,0,0,0.855775,1.20968,0,0,0,0,0,0,0,0,0,0,0,0,2,0.855775,1.20968,0,1,2,0,0,0,0,0,1.271,-0.1767,2.2781,0,0,0,0,0,0,0,-0,0,1.50915,0,0,0,0,0,0,0,0,0,0,0,0,0,0,0,0,0,0,0,0,0,0,0,0,0,0,0,0,0,0,0,0,0
47.2,-0.0026141,-0.0317786,0.000434941,0,0,0,3.02573,2.0551,-2.3851,-0.00229448,0.00284369,0.00472693,0.00146041,0.00754365,0.00285735,3,2,3.92699,0,0,0,0,0,0,0,0,0,0,0,2,3,2,3.92699,0,0,0,0,0,0,0,0,0,0,1.5708,1.5708,0,1.5708,1.5708,0,0.00606492,0.00073818,0.0125655,0.015867,0.002785,0.0155538,1.76537,1.22443,-0.111657,-0.00292425,-0.0019674,-0.00850151,0.0020105,0.00123964,0.0184249,1.75578,1.20968,0,0,0,0,0.17506,0,0.200331,0,0.216284,0,0.186464,0,2,1.75578,1.20968,0,0.344544,0.487027,3.7308e-15,0,0,0,0,0,0,0,0,0,0,0,0,0.855775,1.20968,0,0,0,0,0,0,0,0,0,0,0,0,2,0.855775,1.20968,0,1,2,0,0,0,0,0,1.271,-0.1767,2.2781,0,0,0,0,0,0,0,-0,0,1.50947,0,0,0,0,0,0,0,0,0,0,0,0,0,0,0,0,0,0,0,0,0,0,0,0,0,0,0,0,0,0,0,0,0
47.25,-0.0026141,-0.0317786,0.000434941,0,0,0,3.02573,2.0551,-2.3851,-0.00229448,0.00284369,0.00472693,0.00146041,0.00754365,0.00285735,3,2,3.92699,0,0,0,0,0,0,0,0,0,0,0,2,3,2,3.92699,0,0,0,0,0,0,0,0,0,0,1.5708,1.5708,0,1.5708,1.5708,0,0.00606492,0.00073818,0.0125655,0.0158694,0.00277151,0.0155538,1.76537,1.22443,-0.111657,-0.00292425,-0.0019674,-0.00850151,0.0020105,0.00123964,0.0184249,1.75578,1.20968,0,0,0,0,0.166728,0,0.190314,0,0.208597,0,0.180649,0,2,1.75578,1.20968,0,0.344544,0.487027,3.7308e-15,0,0,0,0,0,0,0,0,0,0,0,0,0.855775,1.20968,0,0,0,0,0,0,0,0,0,0,0,0,2,0.855775,1.20968,0,1,2,0,0,0,0,0,1.271,-0.1767,2.2781,0,0,0,0,0,0,0,-0,0,1.50947,0,0,0,0,0,0,0,0,0,0,0,0,0,0,0,0,0,0,0,0,0,0,0,0,0,0,0,0,0,0,0,0,0
47.3,-0.00317343,-0.0314077,0.000394819,0,0,0,3.02552,2.05537,-2.38463,-0.00210367,0.00270158,0.00473075,0.00133921,0.00347809,0.00363974,3,2,3.92699,0,0,0,0,0,0,0,0,0,0,0,2,3,2,3.92699,0,0,0,0,0,0,0,0,0,0,1.5708,1.5708,0,1.5708,1.5708,0,0.005665,0.000811863,0.0112463,0.0120585,0.00139554,0.0142653,1.7651,1.22424,-0.112173,-0.00277357,-0.00196578,-0.00515609,0.00171232,0.000816236,0.0240568,1.75578,1.20968,0,0,0,0,0.166728,0,0.190314,0,0.208597,0,0.180649,0,2,1.75578,1.20968,0,0.344544,0.487027,3.7308e-15,0,0,0,0,0,0,0,0,0,0,0,0,0.855775,1.20968,0,0,0,0,0,0,0,0,0,0,0,0,2,0.855775,1.20968,0,1,2,0,0,0,0,0,1.271,-0.1767,2.2781,0,0,0,0,0,0,0,-0,0,1.50978,0,0,0,0,0,0,0,0,0,0,0,0,0,0,0,0,0,0,0,0,0,0,0,0,0,0,0,0,0,0,0,0,0
47.35,-0.00317343,-0.0314077,0.000394819,0,0,0,3.02552,2.05537,-2.38463,-0.00210367,0.00270158,0.00473075,0.00133921,0.00347809,0.00363974,3,2,3.92699,0,0,0,0,0,0,0,0,0,0,0,2,3,2,3.92699,0,0,0,0,0,0,0,0,0,0,1.5708,1.5708,0,1.5708,1.5708,0,0.005665,0.000811863,0.0112463,0.0120593,0.00138932,0.0142653,1.7651,1.22424,-0.112173,-0.00277357,-0.00196578,-0.00515609,0.00171232,0.000816236,0.0240568,1.75578,1.20968,0,0,0,0,0.148512,0,0.171018,0,0.187506,0,0.161096,0,2,1.75578,1.20968,0,0.344544,0.487027,3.7308e-15,0,0,0,0,0,0,0,0,0,0,0,0,0.855775,1.20968,0,0,0,0,0,0,0,0,0,0,0,0,2,0.855775,1.20968,0,1,2,0,0,0,0,0,1.3356,-0.1134,2.3397,0,0,0,0,0,0,0,-0,0,1.50978,0,0,0,0,0,0,0,0,0,0,0,0,0,0,0,0,0,0,0,0,0,0,0,0,0,0,0,0,0,0,0,0,0
47.4,-0.0031321,-0.0326013,0.000286219,0,0,0,3.02531,2.05567,-2.38414,-0.00209099,0.00301923,0.00489979,0.000841657,0.00280334,0.0029594,3,2,3.92699,0,0,0,0,0,0,0,0,0,0,0,2,3,2,3.92699,0,0,0,0,0,0,0,0,0,0,1.5708,1.5708,0,1.5708,1.5708,0,0.00500504,0.0010106,0.0112864,0.0120593,0.00138932,0.0142653,1.76484,1.22404,-0.112688,-0.002549,-0.0020006,-0.00515153,0.00188936,0.000296738,0.015233,1.75578,1.20968,0,0,0,0,0.148512,0,0.171018,0,0.187506,0,0.161096,0,2,1.75578,1.20968,0,0.344544,0.487027,3.7308e-15,0,0,0,0,0,0,0,0,0,0,0,0,0.855775,1.20968,0,0,0,0,0,0,0,0,0,0,0,0,2,0.855775,1.20968,0,1,2,0,0,0,0,0,1.3356,-0.1134,2.3397,0,0,0,0,0,0,0,-0,0,1.5101,0,0,0,0,0,0,0,0,0,0,0,0,0,0,0,0,0,0,0,0,0,0,0,0,0,0,0,0,0,0,0,0,0
47.45,-0.0031321,-0.0326013,0.000286219,0,0,0,3.02531,2.05567,-2.38414,-0.00209099,0.00301923,0.00489979,0.000841657,0.00280334,0.0029594,3,2,3.92699,0,0,0,0,0,0,0,0,0,0,0,2,3,2,3.92699,0,0,0,0,0,0,0,0,0,0,1.5708,1.5708,0,1.5708,1.5708,0,0.00500504,0.0010106,0.0112864,0.01206,0.00138311,0.0142653,1.76484,1.22404,-0.112688,-0.002549,-0.0020006,-0.00515153,0.00188936,0.000296738,0.015233,1.75578,1.20968,0,0,0,0,0.151464,0,0.172029,0,0.1857,0,0.161216,0,2,1.75578,1.20968,0,0.344544,0.487027,3.7308e-15,0,0,0,0,0,0,0,0,0,0,0,0,0.855775,1.20968,0,0,0,0,0,0,0,0,0,0,0,0,2,0.855775,1.20968,0,1,2,0,0,0,0,0,1.3356,-0.1134,2.3397,0,0,0,0,0,0,0,-0,0,1.5101,0,0,0,0,0,0,0,0,0,0,0,0,0,0,0,0,0,0,0,0,0,0,0,0,0,0,0,0,0,0,0,0,0
47.5,-0.00358531,-0.0332262,0.0005547,0,0,0,3.02512,2.05599,-2.38372,-0.00193365,0.0031666,0.00415576,0.00106262,0.00218678,-0.00127839,3,2,3.92699,0,0,0,0,0,0,0,0,0,0,0,2,3,2,3.92699,0,0,0,0,0,0,0,0,0,0,1.5708,1.5708,0,1.5708,1.5708,0,0.00465018,0.00086111,0.0100988,0.01206,0.00138311,0.0142653,1.7646,1.22384,-0.112906,-0.00241584,-0.00193365,-0.0021889,0.00168546,0.000371488,0.0197808,1.75578,1.20968,0,0,0,0,0.151464,0,0.172029,0,0.1857,0,0.161216,0,2,1.75578,1.20968,0,0.344544,0.487027,3.7308e-15,0,0,0,0,0,0,0,0,0,0,0,0,0.855775,1.20968,0,0,0,0,0,0,0,0,0,0,0,0,2,0.855775,1.20968,0,1,2,0,0,0,0,0,1.3356,-0.1134,2.3397,0,0,0,0,0,0,0,-0,0,1.51042,0,0,0,0,0,0,0,0,0,0,0,0,0,0,0,0,0,0,0,0,0,0,0,0,0,0,0,0,0,0,0,0,0
47.55,-0.00358531,-0.0332262,0.0005547,0,0,0,3.02512,2.05599,-2.38372,-0.00193365,0.0031666,0.00415576,0.00106262,0.00218678,-0.00127839,3,2,3.92699,0,0,0,0,0,0,0,0,0,0,0,2,3,2,3.92699,0,0,0,0,0,0,0,0,0,0,1.5708,1.5708,0,1.5708,1.5708,0,0.00465018,0.00086111,0.0100988,0.00924763,0.00165681,0.0114651,1.7646,1.22384,-0.112906,-0.00241584,-0.00193365,-0.0021889,0.00168546,0.000371488,0.0197808,1.75578,1.20968,0,0,0,0,0.134917,0,0.153855,0,0.166783,0,0.144339,0,2,1.75578,1.20968,0,0.344544,0.487027,3.7308e-15,0,0,0,0,0,0,0,0,0,0,0,0,0.855775,1.20968,0,0,0,0,0,0,0,0,0,0,0,0,2,0.855775,1.20968,0,1,2,0,0,0,0,0,1.2691,-0.1812,2.2708,0,0,0,0,0,0,0,-0,0,1.51042,0,0,0,0,0,0,0,0,0,0,0,0,0,0,0,0,0,0,0,0,0,0,0,0,0,0,0,0,0,0,0,0,0
47.6,-0.00358531,-0.0332262,0.0005547,0,0,0,3.02512,2.05599,-2.38372,-0.00193365,0.0031666,0.00415576,0.00106262,0.00218678,-0.00127839,3,2,3.92699,0,0,0,0,0,0,0,0,0,0,0,2,3,2,3.92699,0,0,0,0,0,0,0,0,0,0,1.5708,1.5708,0,1.5708,1.5708,0,0.00465018,0.00086111,0.0100988,0.00924763,0.00165681,0.0114651,1.7646,1.22384,-0.112906,-0.00241584,-0.00193365,-0.0021889,0.00168546,0.000371488,0.0197808,1.75578,1.20968,0,0,0,0,0.134917,0,0.153855,0,0.166783,0,0.144339,0,2,1.75578,1.20968,0,0.344544,0.487027,3.7308e-15,0,0,0,0,0,0,0,0,0,0,0,0,0.855775,1.20968,0,0,0,0,0,0,0,0,0,0,0,0,2,0.855775,1.20968,0,1,2,0,0,0,0,0,1.2691,-0.1812,2.2708,0,0,0,0,0,0,0,-0,0,1.51042,0,0,0,0,0,0,0,0,0,0,0,0,0,0,0,0,0,0,0,0,0,0,0,0,0,0,0,0,0,0,0,0,0
47.65,-0.00435848,-0.0296507,-0.000203409,0,0,0,3.02495,2.05619,-2.38313,-0.00168449,0.00208242,0.00590297,0.00166476,-0.00310438,0.00563738,3,2,3.92699,0,0,0,0,0,0,0,0,0,0,0,2,3,2,3.92699,0,0,0,0,0,0,0,0,0,0,1.5708,1.5708,0,1.5708,1.5708,0,0.00361449,0.000321975,0.0100573,0.00924763,0.00165681,0.0114651,1.76439,1.22367,-0.113111,-0.00208609,-0.00175407,-0.00204598,0.00230357,0.00095192,0.0130665,1.75578,1.20968,0,0,0,0,0.134917,0,0.153855,0,0.166783,0,0.144339,0,2,1.75578,1.20968,0,0.344544,0.487027,3.7308e-15,0,0,0,0,0,0,0,0,0,0,0,0,0.855775,1.20968,0,0,0,0,0,0,0,0,0,0,0,0,2,0.855775,1.20968,0,1,2,0,0,0,0,0,1.2691,-0.1812,2.2708,0,0,0,0,0,0,0,-0,0,1.51067,0,0,0,0,0,0,0,0,0,0,0,0,0,0,0,0,0,0,0,0,0,0,0,0,0,0,0,0,0,0,0,0,0
47.7,-0.00415478,-0.02731,0.000533432,0,0,0,3.02478,2.05633,-2.38273,-0.00172428,0.00137259,0.00400933,0.000923329,-0.00541788,-0.00324882,3,2,3.92699,0,0,0,0,0,0,0,0,0,0,0,2,3,2,3.92699,0,0,0,0,0,0,0,0,0,0,1.5708,1.5708,0,1.5708,1.5708,0,0.00394902,0.000550355,0.00899096,0.00924797,0.00165491,0.0114651,1.76417,1.22349,-0.113055,-0.00215902,-0.0018,0.000563327,0.00117695,0.000467871,0.0173646,1.75578,1.20968,0,0,0,0,0.137528,0,0.150753,0,0.162563,0,0.14585,0,2,1.75578,1.20968,0,0.344544,0.487027,3.7308e-15,0,0,0,0,0,0,0,0,0,0,0,0,0.855775,1.20968,0,0,0,0,0,0,0,0,0,0,0,0,2,0.855775,1.20968,0,1,2,0,0,0,0,0,1.2691,-0.1812,2.2708,0,0,0,0,0,0,0,-0,0,1.51088,0,0,0,0,0,0,0,0,0,0,0,0,0,0,0,0,0,0,0,0,0,0,0,0,0,0,0,0,0,0,0,0,0
47.75,-0.00415478,-0.02731,0.000533432,0,0,0,3.02478,2.05633,-2.38273,-0.00172428,0.00137259,0.00400933,0.000923329,-0.00541788,-0.00324882,3,2,3.92699,0,0,0,0,0,0,0,0,0,0,0,2,3,2,3.92699,0,0,0,0,0,0,0,0,0,0,1.5708,1.5708,0,1.5708,1.5708,0,0.00394902,0.000550355,0.00899096,0.00924787,0.00165544,0.0114651,1.76417,1.22349,-0.113055,-0.00215902,-0.0018,0.000563327,0.00117695,0.000467871,0.0173646,1.75578,1.20968,0,0,0,0,0.120644,0,0.136087,0,0.147849,0,0.129285,0,2,1.75578,1.20968,0,0.344544,0.487027,3.7308e-15,0,0,0,0,0,0,0,0,0,0,0,0,0.855775,1.20968,0,0,0,0,0,0,0,0,0,0,0,0,2,0.855775,1.20968,0,1,2,0,0,0,0,0,1.2695,-0.182,2.2697,0,0,0,0,0,0,0,-0,0,1.51088,0,0,0,0,0,0,0,0,0,0,0,0,0,0,0,0,0,0,0,0,0,0,0,0,0,0,0,0,0,0,0,0,0
47.8,-0.000308841,-0.0220433,-0.000422013,0,0,0,3.02449,2.05631,-2.38211,-0.00282998,-0.000185572,0.00623551,-0.00396545,-0.0097912,0.00574507,3,2,3.92699,0,0,0,0,0,0,0,0,0,0,0,2,3,2,3.92699,0,0,0,0,0,0,0,0,0,0,1.5708,1.5708,0,1.5708,1.5708,0,0.00387477,0.000231241,0.00818969,0.00785322,0.00104225,0.0102083,1.76396,1.22332,-0.112807,-0.00211211,-0.00168602,0.00248273,0.000739767,0.000669219,0.0186788,1.75578,1.20968,0,0,0,0,0.120644,0,0.136087,0,0.147849,0,0.129285,0,2,1.75578,1.20968,0,0.344544,0.487027,3.7308e-15,0,0,0,0,0,0,0,0,0,0,0,0,0.855775,1.20968,0,0,0,0,0,0,0,0,0,0,0,0,2,0.855775,1.20968,0,1,2,0,0,0,0,0,1.2695,-0.182,2.2697,0,0,0,0,0,0,0,-0,0,1.5109,0,0,0,0,0,0,0,0,0,0,0,0,0,0,0,0,0,0,0,0,0,0,0,0,0,0,0,0,0,0,0,0,0
47.85,-0.000308841,-0.0220433,-0.000422013,0,0,0,3.02449,2.05631,-2.38211,-0.00282998,-0.000185572,0.00623551,-0.00396545,-0.0097912,0.00574507,3,2,3.92699,0,0,0,0,0,0,0,0,0,0,0,2,3,2,3.92699,0,0,0,0,0,0,0,0,0,0,1.5708,1.5708,0,1.5708,1.5708,0,0.00387477,0.000231241,0.00818969,0.00785296,0.0010442,0.0102083,1.76396,1.22332,-0.112807,-0.00211211,-0.00168602,0.00248273,0.000739767,0.000669219,0.0186788,1.75578,1.20968,0,0,0,0,0.108793,0,0.123095,0,0.135727,0,0.118584,0,2,1.75578,1.20968,0,0.344544,0.487027,3.7308e-15,0,0,0,0,0,0,0,0,0,0,0,0,0.855775,1.20968,0,0,0,0,0,0,0,0,0,0,0,0,2,0.855775,1.20968,0,1,2,0,0,0,0,0,1.2695,-0.182,2.2697,0,0,0,0,0,0,0,-0,0,1.5109,0,0,0,0,0,0,0,0,0,0,0,0,0,0,0,0,0,0,0,0,0,0,0,0,0,0,0,0,0,0,0,0,0
47.9,-2.78135e-05,-0.0210934,-0.000231727,0,0,0,3.02421,2.05627,-2.38154,-0.00287891,-0.000461505,0.00565387,-0.00323788,-0.00757459,0.00234175,3,2,3.92699,0,0,0,0,0,0,0,0,0,0,0,2,3,2,3.92699,0,0,0,0,0,0,0,0,0,0,1.5708,1.5708,0,1.5708,1.5708,0,0.00294491,1.48298e-06,0.00760234,0.00785296,0.0010442,0.0102083,1.76378,1.22316,-0.112422,-0.00181672,-0.0015994,0.00384904,0.0015661,0.000775907,0.0168535,1.75578,1.20968,0,0,0,0,0.108793,0,0.123095,0,0.135727,0,0.118584,0,2,1.75578,1.20968,0,0.344544,0.487027,3.7308e-15,0,0,0,0,0,0,0,0,0,0,0,0,0.855775,1.20968,0,0,0,0,0,0,0,0,0,0,0,0,2,0.855775,1.20968,0,1,2,0,0,0,0,0,1.2695,-0.182,2.2697,0,0,0,0,0,0,0,-0,0,1.51087,0,0,0,0,0,0,0,0,0,0,0,0,0,0,0,0,0,0,0,0,0,0,0,0,0,0,0,0,0,0,0,0,0
47.95,-2.78135e-05,-0.0210934,-0.000231727,0,0,0,3.02421,2.05627,-2.38154,-0.00287891,-0.000461505,0.00565387,-0.00323788,-0.00757459,0.00234175,3,2,3.92699,0,0,0,0,0,0,0,0,0,0,0,2,3,2,3.92699,0,0,0,0,0,0,0,0,0,0,1.5708,1.5708,0,1.5708,1.5708,0,0.00294491,1.48298e-06,0.00760234,0.00785256,0.00104722,0.0102083,1.76378,1.22316,-0.112422,-0.00181672,-0.0015994,0.00384904,0.0015661,0.000775907,0.0168535,1.75578,1.20968,0,0,0,0,0.10309,0,0.113158,0,0.123702,0,0.110998,0,2,1.75578,1.20968,0,0.344544,0.487027,3.7308e-15,0,0,0,0,0,0,0,0,0,0,0,0,0.855775,1.20968,0,0,0,0,0,0,0,0,0,0,0,0,2,0.855775,1.20968,0,1,2,0,0,0,0,0,1.3361,-0.1167,2.336,0,0,0,0,0,0,0,-0,0,1.51087,0,0,0,0,0,0,0,0,0,0,0,0,0,0,0,0,0,0,0,0,0,0,0,0,0,0,0,0,0,0,0,0,0
48,-0.000438552,-0.0182981,-0.000489987,0,0,0,3.02393,2.05614,-2.38093,-0.00272472,-0.00127447,0.00616576,-0.0012303,-0.00749675,0.00299204,3,2,3.92699,0,0,0,0,0,0,0,0,0,0,0,2,3,2,3.92699,0,0,0,0,0,0,0,0,0,0,1.5708,1.5708,0,1.5708,1.5708,0,0.00274042,-0.000199079,0.00696952,0.00785256,0.00104722,0.0102083,1.76361,1.22301,-0.111892,-0.00173591,-0.00152228,0.00529803,0.00137474,0.000788136,0.0156636,1.75578,1.20968,0,0,0,0,0.10309,0,0.113158,0,0.123702,0,0.110998,0,2,1.75578,1.20968,0,0.344544,0.487027,3.7308e-15,0,0,0,0,0,0,0,0,0,0,0,0,0.855775,1.20968,0,0,0,0,0,0,0,0,0,0,0,0,2,0.855775,1.20968,0,1,2,0,0,0,0,0,1.3361,-0.1167,2.336,0,0,0,0,0,0,0,-0,0,1.5108,0,0,0,0,0,0,0,0,0,0,0,0,0,0,0,0,0,0,0,0,0,0,0,0,0,0,0,0,0,0,0,0,0
48.05,-0.000438552,-0.0182981,-0.000489987,0,0,0,3.02393,2.05614,-2.38093,-0.00272472,-0.00127447,0.00616576,-0.0012303,-0.00749675,0.00299204,3,2,3.92699,0,0,0,0,0,0,0,0,0,0,0,2,3,2,3.92699,0,0,0,0,0,0,0,0,0,0,1.5708,1.5708,0,1.5708,1.5708,0,0.00274042,-0.000199079,0.00696952,0.00544823,-0.000443688,0.00791523,1.76361,1.22301,-0.111892,-0.00173591,-0.00152228,0.00529803,0.00137474,0.000788136,0.0156636,1.75578,1.20968,0,0,0,0,0.0942548,0,0.103014,0,0.113595,0,0.102421,0,2,1.75578,1.20968,0,0.344544,0.487027,3.7308e-15,0,0,0,0,0,0,0,0,0,0,0,0,0.855775,1.20968,0,0,0,0,0,0,0,0,0,0,0,0,2,0.855775,1.20968,0,1,2,0,0,0,0,0,1.3361,-0.1167,2.336,0,0,0,0,0,0,0,-0,0,1.5108,0,0,0,0,0,0,0,0,0,0,0,0,0,0,0,0,0,0,0,0,0,0,0,0,0,0,0,0,0,0,0,0,0
48.1,-0.000612458,-0.015987,-0.000469058,0,0,0,3.02367,2.05595,-2.38033,-0.00264169,-0.0019361,0.00599405,-0.000134757,-0.00713447,0.0011975,3,2,3.92699,0,0,0,0,0,0,0,0,0,0,0,2,3,2,3.92699,0,0,0,0,0,0,0,0,0,0,1.5708,1.5708,0,1.5708,1.5708,0,0.00244538,0.000348697,0.00612269,0.00544823,-0.000443688,0.00791523,1.76345,1.22284,-0.111169,-0.0016297,-0.00166388,0.00723417,0.00122428,-9.06296e-05,0.0169797,1.75578,1.20968,0,0,0,0,0.0942548,0,0.103014,0,0.113595,0,0.102421,0,2,1.75578,1.20968,0,0.344544,0.487027,3.7308e-15,0,0,0,0,0,0,0,0,0,0,0,0,0.855775,1.20968,0,0,0,0,0,0,0,0,0,0,0,0,2,0.855775,1.20968,0,1,2,0,0,0,0,0,1.3361,-0.1167,2.336,0,0,0,0,0,0,0,-0,0,1.51071,0,0,0,0,0,0,0,0,0,0,0,0,0,0,0,0,0,0,0,0,0,0,0,0,0,0,0,0,0,0,0,0,0
48.15,-0.000612458,-0.015987,-0.000469058,0,0,0,3.02367,2.05595,-2.38033,-0.00264169,-0.0019361,0.00599405,-0.000134757,-0.00713447,0.0011975,3,2,3.92699,0,0,0,0,0,0,0,0,0,0,0,2,3,2,3.92699,0,0,0,0,0,0,0,0,0,0,1.5708,1.5708,0,1.5708,1.5708,0,0.00244538,0.000348697,0.00612269,0.00544855,-0.000439747,0.00791523,1.76345,1.22284,-0.111169,-0.0016297,-0.00166388,0.00723417,0.00122428,-9.06296e-05,0.0169797,1.75578,1.20968,0,0,0,0,0.0806153,0,0.0898497,0,0.0970666,0,0.0856317,0,2,1.75578,1.20968,0,0.344544,0.487027,3.7308e-15,0,0,0,0,0,0,0,0,0,0,0,0,0.855775,1.20968,0,0,0,0,0,0,0,0,0,0,0,0,2,0.855775,1.20968,0,1,2,0,0,0,0,0,1.2831,-0.1709,2.2834,0,0,0,0,0,0,0,-0,0,1.51071,0,0,0,0,0,0,0,0,0,0,0,0,0,0,0,0,0,0,0,0,0,0,0,0,0,0,0,0,0,0,0,0,0
48.2,-0.000205664,-0.0150499,-0.000767031,0,0,0,3.0234,2.05573,-2.37967,-0.00272966,-0.00218764,0.00659507,-0.000284012,-0.0052398,0.00287737,3,2,3.92699,0,0,0,0,0,0,0,0,0,0,0,2,3,2,3.92699,0,0,0,0,0,0,0,0,0,0,1.5708,1.5708,0,1.5708,1.5708,0,0.00186942,-0.00020072,0.00585078,0.00544855,-0.000439747,0.00791523,1.7633,1.22269,-0.110394,-0.00144296,-0.00148447,0.00774715,0.00146096,0.000543589,0.0124229,1.75578,1.20968,0,0,0,0,0.0806153,0,0.0898497,0,0.0970666,0,0.0856317,0,2,1.75578,1.20968,0,0.344544,0.487027,3.7308e-15,0,0,0,0,0,0,0,0,0,0,0,0,0.855775,1.20968,0,0,0,0,0,0,0,0,0,0,0,0,2,0.855775,1.20968,0,1,2,0,0,0,0,0,1.2831,-0.1709,2.2834,0,0,0,0,0,0,0,-0,0,1.51056,0,0,0,0,0,0,0,0,0,0,0,0,0,0,0,0,0,0,0,0,0,0,0,0,0,0,0,0,0,0,0,0,0
48.25,-0.000205664,-0.0150499,-0.000767031,0,0,0,3.0234,2.05573,-2.37967,-0.00272966,-0.00218764,0.00659507,-0.000284012,-0.0052398,0.00287737,3,2,3.92699,0,0,0,0,0,0,0,0,0,0,0,2,3,2,3.92699,0,0,0,0,0,0,0,0,0,0,1.5708,1.5708,0,1.5708,1.5708,0,0.00186942,-0.00020072,0.00585078,0.00544889,-0.000435526,0.00791523,1.7633,1.22269,-0.110394,-0.00144296,-0.00148447,0.00774715,0.00146096,0.000543589,0.0124229,1.75578,1.20968,0,0,0,0,0.0772591,0,0.0824257,0,0.08976,0.000309439,0.0824572,0,2,1.75578,1.20968,0,0.344544,0.487027,3.7308e-15,0,0,0,0,0,0,0,0,0,0,0,0,0.855775,1.20968,0,0,0,0,0,0,0,0,0,0,0,0,2,0.855775,1.20968,0,1,2,0,0,0,0,0,1.2831,-0.1709,2.2834,0,0,0,0,0,0,0,-0,0,1.51056,0,0,0,0,0,0,0,0,0,0,0,0,0,0,0,0,0,0,0,0,0,0,0,0,0,0,0,0,0,0,0,0,0
48.3,-0.000554677,-0.0120268,-0.00148682,0,0,0,3.02314,2.05542,-2.37885,-0.00259531,-0.00304698,0.00820189,0.000345924,-0.00632364,0.00837595,3,2,3.92699,0,0,0,0,0,0,0,0,0,0,0,2,3,2,3.92699,0,0,0,0,0,0,0,0,0,0,1.5708,1.5708,0,1.5708,1.5708,0,0.00162959,-0.000136904,0.0054228,0.00350901,-0.000397919,0.0063612,1.76317,1.22254,-0.109531,-0.00135625,-0.00148565,0.00862605,0.00125564,0.000407411,0.010355,1.75578,1.20968,0,0,0,0,0.0772591,0,0.0824257,0,0.08976,0.000309439,0.0824572,0,2,1.75578,1.20968,0,0.344544,0.487027,3.7308e-15,0,0,0,0,0,0,0,0,0,0,0,0,0.855775,1.20968,0,0,0,0,0,0,0,0,0,0,0,0,2,0.855775,1.20968,0,1,2,0,0,0,0,0,1.2831,-0.1709,2.2834,0,0,0,0,0,0,0,-0,0,1.51037,0,0,0,0,0,0,0,0,0,0,0,0,0,0,0,0,0,0,0,0,0,0,0,0,0,0,0,0,0,0,0,0,0
48.35,-0.000554677,-0.0120268,-0.00148682,0,0,0,3.02314,2.05542,-2.37885,-0.00259531,-0.00304698,0.00820189,0.000345924,-0.00632364,0.00837595,3,2,3.92699,0,0,0,0,0,0,0,0,0,0,0,2,3,2,3.92699,0,0,0,0,0,0,0,0,0,0,1.5708,1.5708,0,1.5708,1.5708,0,0.00162959,-0.000136904,0.0054228,0.00350935,-0.000394892,0.0063612,1.76317,1.22254,-0.109531,-0.00135625,-0.00148565,0.00862605,0.00125564,0.000407411,0.010355,1.75578,1.20968,0,0,0,0,0.0711353,0,0.075511,0,0.0812968,0.000935106,0.0749059,8.35685e-05,2,1.75578,1.20968,0,0.344544,0.487027,3.7308e-15,0,0,0,0,0,0,0,0,0,0,0,0,0.855775,1.20968,0,0,0,0,0,0,0,0,0,0,0,0,2,0.855775,1.20968,0,1,2,0,0,0,0,0,1.172,-0.2834,2.1733,0,0,0,0,0,0,0,-0,0,1.51037,0,0,0,0,0,0,0,0,0,0,0,0,0,0,0,0,0,0,0,0,0,0,0,0,0,0,0,0,0,0,0,0,0
48.4,-0.00526178,-0.021594,0.00312302,0,0,0,3.02302,2.0554,-2.37916,-0.00118657,-0.000209969,-0.00308049,0.00592201,0.00739239,-0.0393082,3,2,3.92699,0,0,0,0,0,0,0,0,0,0,0,2,3,2,3.92699,0,0,0,0,0,0,0,0,0,0,1.5708,1.5708,0,1.5708,1.5708,0,0.00134869,-0.000660052,0.0045923,0.00350935,-0.000394892,0.0063612,1.76304,1.22241,-0.108486,-0.0012586,-0.00131597,0.0104575,0.0011164,0.000904244,0.0132551,1.75578,1.20968,0,0,0,0,0.0711353,0,0.075511,0,0.0812968,0.000935106,0.0749059,8.35685e-05,2,1.75578,1.20968,0,0.344544,0.487027,3.7308e-15,0,0,0,0,0,0,0,0,0,0,0,0,0.855775,1.20968,0,0,0,0,0,0,0,0,0,0,0,0,2,0.855775,1.20968,0,1,2,0,0,0,0,0,1.172,-0.2834,2.1733,0,0,0,0,0,0,0,-0,0,1.51044,0,0,0,0,0,0,0,0,0,0,0,0,0,0,0,0,0,0,0,0,0,0,0,0,0,0,0,0,0,0,0,0,0
48.45,-0.00526178,-0.021594,0.00312302,0,0,0,3.02302,2.0554,-2.37916,-0.00118657,-0.000209969,-0.00308049,0.00592201,0.00739239,-0.0393082,3,2,3.92699,0,0,0,0,0,0,0,0,0,0,0,2,3,2,3.92699,0,0,0,0,0,0,0,0,0,0,1.5708,1.5708,0,1.5708,1.5708,0,0.00134869,-0.000660052,0.0045923,0.00350976,-0.000391222,0.0063612,1.76304,1.22241,-0.108486,-0.0012586,-0.00131597,0.0104575,0.0011164,0.000904244,0.0132551,1.75578,1.20968,0,0,0,0,0.0590305,0,0.0611218,0,0.0664059,0.0018214,0.06256,0.0016317,2,1.75578,1.20968,0,0.344544,0.487027,3.7308e-15,0,0,0,0,0,0,0,0,0,0,0,0,0.855775,1.20968,0,0,0,0,0,0,0,0,0,0,0,0,2,0.855775,1.20968,0,1,2,0,0,0,0,0,1.172,-0.2834,2.1733,0,0,0,0,0,0,0,-0,0,1.51044,0,0,0,0,0,0,0,0,0,0,0,0,0,0,0,0,0,0,0,0,0,0,0,0,0,0,0,0,0,0,0,0,0
48.5,-0.000268871,-0.0146057,-0.00207219,0,0,0,3.02276,2.05518,-2.3782,-0.00263441,-0.00225353,0.00951339,-0.00147465,-0.00187042,0.0202656,3,2,3.92699,0,0,0,0,0,0,0,0,0,0,0,2,3,2,3.92699,0,0,0,0,0,0,0,0,0,0,1.5708,1.5708,0,1.5708,1.5708,0,0.00114356,4.3086e-05,0.00387007,0.00350976,-0.000391222,0.0063612,1.76292,1.22226,-0.107286,-0.00118414,-0.00150521,0.011992,0.000948991,-0.000145928,0.0144831,1.75578,1.20968,0,0,0,0,0.0590305,0,0.0611218,0,0.0664059,0.0018214,0.06256,0.0016317,2,1.75578,1.20968,0,0.344544,0.487027,3.7308e-15,0,0,0,0,0,0,0,0,0,0,0,0,0.855775,1.20968,0,0,0,0,0,0,0,0,0,0,0,0,2,0.855775,1.20968,0,1,2,0,0,0,0,0,1.172,-0.2834,2.1733,0,0,0,0,0,0,0,-0,0,1.51027,0,0,0,0,0,0,0,0,0,0,0,0,0,0,0,0,0,0,0,0,0,0,0,0,0,0,0,0,0,0,0,0,0
48.55,-0.000268871,-0.0146057,-0.00207219,0,0,0,3.02276,2.05518,-2.3782,-0.00263441,-0.00225353,0.00951339,-0.00147465,-0.00187042,0.0202656,3,2,3.92699,0,0,0,0,0,0,0,0,0,0,0,2,3,2,3.92699,0,0,0,0,0,0,0,0,0,0,1.5708,1.5708,0,1.5708,1.5708,0,0.00114356,4.3086e-05,0.00387007,0.00157515,0.000578631,0.00400595,1.76292,1.22226,-0.107286,-0.00118414,-0.00150521,0.011992,0.000948991,-0.000145928,0.0144831,1.75578,1.20968,0,0,0,0,0.0500047,0,0.0532383,0,0.0553291,0.00148951,0.0506047,0.000781278,2,1.75578,1.20968,0,0.344544,0.487027,3.7308e-15,0,0,0,0,0,0,0,0,0,0,0,0,0.855775,1.20968,0,0,0,0,0,0,0,0,0,0,0,0,2,0.855775,1.20968,0,1,2,0,0,0,0,0,1.2676,-0.1884,2.2709,0,0,0,0,0,0,0,-0,0,1.51027,0,0,0,0,0,0,0,0,0,0,0,0,0,0,0,0,0,0,0,0,0,0,0,0,0,0,0,0,0,0,0,0,0
48.6,0.00253447,-0.0117847,-0.00210055,0,0,0,3.02241,2.05487,-2.37726,-0.00342414,-0.00305291,0.00939484,-0.00504096,-0.00556992,0.0197556,3,2,3.92699,0,0,0,0,0,0,0,0,0,0,0,2,3,2,3.92699,0,0,0,0,0,0,0,0,0,0,1.5708,1.5708,0,1.5708,1.5708,0,0.000445726,-0.000305824,0.00442493,0.00157515,0.000578631,0.00400595,1.76282,1.22212,-0.106245,-0.000967161,-0.00138602,0.0104197,0.00141468,0.000247069,0.00257604,1.75578,1.20968,0,0,0,0,0.0500047,0,0.0532383,0,0.0553291,0.00148951,0.0506047,0.000781278,2,1.75578,1.20968,0,0.344544,0.487027,3.7308e-15,0,0,0,0,0,0,0,0,0,0,0,0,0.855775,1.20968,0,0,0,0,0,0,0,0,0,0,0,0,2,0.855775,1.20968,0,1,2,0,0,0,0,0,1.2676,-0.1884,2.2709,0,0,0,0,0,0,0,-0,0,1.50998,0,0,0,0,0,0,0,0,0,0,0,0,0,0,0,0,0,0,0,0,0,0,0,0,0,0,0,0,0,0,0,0,0
48.65,0.00253447,-0.0117847,-0.00210055,0,0,0,3.02241,2.05487,-2.37726,-0.00342414,-0.00305291,0.00939484,-0.00504096,-0.00556992,0.0197556,3,2,3.92699,0,0,0,0,0,0,0,0,0,0,0,2,3,2,3.92699,0,0,0,0,0,0,0,0,0,0,1.5708,1.5708,0,1.5708,1.5708,0,0.000445726,-0.000305824,0.00442493,0.00157454,0.000580272,0.00400595,1.76282,1.22212,-0.106245,-0.000967161,-0.00138602,0.0104197,0.00141468,0.000247069,0.00257604,1.75578,1.20968,0,0,0,0,0.0594454,0,0.059579,0,0.0614288,0.000765021,0.0596041,0.00131213,2,1.75578,1.20968,0,0.344544,0.487027,3.7308e-15,0,0,0,0,0,0,0,0,0,0,0,0,0.855775,1.20968,0,0,0,0,0,0,0,0,0,0,0,0,2,0.855775,1.20968,0,1,2,0,0,0,0,0,1.2676,-0.1884,2.2709,0,0,0,0,0,0,0,-0,0,1.50998,0,0,0,0,0,0,0,0,0,0,0,0,0,0,0,0,0,0,0,0,0,0,0,0,0,0,0,0,0,0,0,0,0
48.7,0.00840324,-0.00551342,-0.00382059,0,0,0,3.0219,2.05439,-2.37593,-0.00510203,-0.00485304,0.0133597,-0.0102179,-0.0110416,0.0276463,3,2,3.92699,0,0,0,0,0,0,0,0,0,0,0,2,3,2,3.92699,0,0,0,0,0,0,0,0,0,0,1.5708,1.5708,0,1.5708,1.5708,0,0.000994708,-0.000239697,0.00370257,0.00157454,0.000580272,0.00400595,1.76271,1.22198,-0.105049,-0.00111561,-0.00138902,0.0119553,0.000318263,0.000188051,0.00608235,1.75578,1.20968,0,0,0,0,0.0594454,0,0.059579,0,0.0614288,0.000765021,0.0596041,0.00131213,2,1.75578,1.20968,0,0.344544,0.487027,3.7308e-15,0,0,0,0,0,0,0,0,0,0,0,0,0.855775,1.20968,0,0,0,0,0,0,0,0,0,0,0,0,2,0.855775,1.20968,0,1,2,0,0,0,0,0,1.2676,-0.1884,2.2709,0,0,0,0,0,0,0,-0,0,1.50945,0,0,0,0,0,0,0,0,0,0,0,0,0,0,0,0,0,0,0,0,0,0,0,0,0,0,0,0,0,0,0,0,0
48.75,0.00840324,-0.00551342,-0.00382059,0,0,0,3.0219,2.05439,-2.37593,-0.00510203,-0.00485304,0.0133597,-0.0102179,-0.0110416,0.0276463,3,2,3.92699,0,0,0,0,0,0,0,0,0,0,0,2,3,2,3.92699,0,0,0,0,0,0,0,0,0,0,1.5708,1.5708,0,1.5708,1.5708,0,0.000994708,-0.000239697,0.00370257,0.00157385,0.000582154,0.00400595,1.76271,1.22198,-0.105049,-0.00111561,-0.00138902,0.0119553,0.000318263,0.000188051,0.00608235,1.75578,1.20968,0,0,0,0,0.0479744,0,0.0500585,0,0.0526839,0.00135293,0.0491753,0.00104542,2,1.75578,1.20968,0,0.344544,0.487027,3.7308e-15,0,0,0,0,0,0,0,0,0,0,0,0,0.855775,1.20968,0,0,0,0,0,0,0,0,0,0,0,0,2,0.855775,1.20968,0,1,2,0,0,0,0,0,1.3195,-0.1383,2.3242,0,0,0,0,0,0,0,-0,0,1.50945,0,0,0,0,0,0,0,0,0,0,0,0,0,0,0,0,0,0,0,0,0,0,0,0,0,0,0,0,0,0,0,0,0
48.8,0.00840324,-0.00551342,-0.00382059,0,0,0,3.0219,2.05439,-2.37593,-0.00510203,-0.00485304,0.0133597,-0.0102179,-0.0110416,0.0276463,3,2,3.92699,0,0,0,0,0,0,0,0,0,0,0,2,3,2,3.92699,0,0,0,0,0,0,0,0,0,0,1.5708,1.5708,0,1.5708,1.5708,0,0.000298478,-0.000849068,0.00303625,0.00134928,0.000108603,0.00383229,1.76262,1.22187,-0.103717,-0.000899898,-0.00119539,0.0133258,0.000905827,0.000880206,0.00958967,1.75578,1.20968,0,0,0,0,0.0479744,0,0.0500585,0,0.0526839,0.00135293,0.0491753,0.00104542,2,1.75578,1.20968,0,0.344544,0.487027,3.7308e-15,0,0,0,0,0,0,0,0,0,0,0,0,0.855775,1.20968,0,0,0,0,0,0,0,0,0,0,0,0,2,0.855775,1.20968,0,1,2,0,0,0,0,0,1.3195,-0.1383,2.3242,0,0,0,0,0,0,0,-0,0,1.50959,0,0,0,0,0,0,0,0,0,0,0,0,0,0,0,0,0,0,0,0,0,0,0,0,0,0,0,0,0,0,0,0,0
48.85,0.00840324,-0.00551342,-0.00382059,0,0,0,3.0219,2.05439,-2.37593,-0.00510203,-0.00485304,0.0133597,-0.0102179,-0.0110416,0.0276463,3,2,3.92699,0,0,0,0,0,0,0,0,0,0,0,2,3,2,3.92699,0,0,0,0,0,0,0,0,0,0,1.5708,1.5708,0,1.5708,1.5708,0,0.000298478,-0.000849068,0.00303625,0.00134913,0.0001104,0.00383229,1.76262,1.22187,-0.103717,-0.000899898,-0.00119539,0.0133258,0.000905827,0.000880206,0.00958967,1.75578,1.20968,0,0,0,0,0.0404367,0,0.0389296,0,0.0418027,0.000648082,0.042146,0.00157497,2,1.75578,1.20968,0,0.344544,0.487027,3.7308e-15,0,0,0,0,0,0,0,0,0,0,0,0,0.855775,1.20968,0,0,0,0,0,0,0,0,0,0,0,0,2,0.855775,1.20968,0,1,2,0,0,0,0,0,1.3195,-0.1383,2.3242,0,0,0,0,0,0,0,-0,0,1.50959,0,0,0,0,0,0,0,0,0,0,0,0,0,0,0,0,0,0,0,0,0,0,0,0,0,0,0,0,0,0,0,0,0
48.9,0.0127882,0.0075889,-0.0174478,0,0,0,3.02065,2.05268,-2.36691,-0.00625205,-0.00853141,0.0450862,-0.0364027,-0.0561454,0.324536,3,2,3.92699,0,0,0,0,0,0,0,0,0,0,0,2,3,2,3.92699,0,0,0,0,0,0,0,0,0,0,1.5708,1.5708,0,1.5708,1.5708,0,8.64346e-05,-0.000189718,0.0026858,0.00134913,0.0001104,0.00383229,1.76254,1.22173,-0.102326,-0.000827635,-0.00137329,0.0139083,0.000911386,-8.96954e-05,0.00857162,1.75578,1.20968,0,0,0,0,0.0404367,0,0.0389296,0,0.0418027,0.000648082,0.042146,0.00157497,2,1.75578,1.20968,0,0.344544,0.487027,3.7308e-15,0,0,0,0,0,0,0,0,0,0,0,0,0.855775,1.20968,0,0,0,0,0,0,0,0,0,0,0,0,2,0.855775,1.20968,0,1,2,0,0,0,0,0,1.3195,-0.1383,2.3242,0,0,0,0,0,0,0,-0,0,1.50776,0,0,0,0,0,0,0,0,0,0,0,0,0,0,0,0,0,0,0,0,0,0,0,0,0,0,0,0,0,0,0,0,0
48.95,0.0127882,0.0075889,-0.0174478,0,0,0,3.02065,2.05268,-2.36691,-0.00625205,-0.00853141,0.0450862,-0.0364027,-0.0561454,0.324536,3,2,3.92699,0,0,0,0,0,0,0,0,0,0,0,2,3,2,3.92699,0,0,0,0,0,0,0,0,0,0,1.5708,1.5708,0,1.5708,1.5708,0,8.64346e-05,-0.000189718,0.0026858,0.00134898,0.000112277,0.00383229,1.76254,1.22173,-0.102326,-0.000827635,-0.00137329,0.0139083,0.000911386,-8.96954e-05,0.00857162,1.75578,1.20968,0,0,0,0,0.0365197,0,0.0360384,0,0.0364098,0.000335364,0.0358588,0.000842863,2,1.75578,1.20968,0,0.344544,0.487027,3.7308e-15,0,0,0,0,0,0,0,0,0,0,0,0,0.855775,1.20968,0,0,0,0,0,0,0,0,0,0,0,0,2,0.855775,1.20968,0,1,2,0,0,0,0,0,1.2627,-0.2047,2.2646,0,0,0,0,0,0,0,-0,0,1.50776,0,0,0,0,0,0,0,0,0,0,0,0,0,0,0,0,0,0,0,0,0,0,0,0,0,0,0,0,0,0,0,0,0
49,0.0131017,0.00387,-0.000869983,0,0,0,3.02003,2.05195,-2.36649,-0.00627016,-0.00734204,0.00420612,-0.00049824,-0.000982543,-0.108412,3,2,3.92699,0,0,0,0,0,0,0,0,0,0,0,2,3,2,3.92699,0,0,0,0,0,0,0,0,0,0,1.5708,1.5708,0,1.5708,1.5708,0,0.000203937,-0.000364636,0.0028806,0.00134898,0.000112277,0.00383229,1.76246,1.2216,-0.10101,-0.000852138,-0.00130629,0.0131657,0.000450533,8.32371e-05,0.00203516,1.75578,1.20968,0,0,0,0,0.0365197,0,0.0360384,0,0.0364098,0.000335364,0.0358588,0.000842863,2,1.75578,1.20968,0,0.344544,0.487027,3.7308e-15,0,0,0,0,0,0,0,0,0,0,0,0,0.855775,1.20968,0,0,0,0,0,0,0,0,0,0,0,0,2,0.855775,1.20968,0,1,2,0,0,0,0,0,1.2627,-0.2047,2.2646,0,0,0,0,0,0,0,-0,0,1.50697,0,0,0,0,0,0,0,0,0,0,0,0,0,0,0,0,0,0,0,0,0,0,0,0,0,0,0,0,0,0,0,0,0
49.05,0.0131017,0.00387,-0.000869983,0,0,0,3.02003,2.05195,-2.36649,-0.00627016,-0.00734204,0.00420612,-0.00049824,-0.000982543,-0.108412,3,2,3.92699,0,0,0,0,0,0,0,0,0,0,0,2,3,2,3.92699,0,0,0,0,0,0,0,0,0,0,1.5708,1.5708,0,1.5708,1.5708,0,0.000203937,-0.000364636,0.0028806,0.000148192,-0.000198289,0.00298287,1.76246,1.2216,-0.10101,-0.000852138,-0.00130629,0.0131657,0.000450533,8.32371e-05,0.00203516,1.75578,1.20968,0,0,0,0,0.0387913,0,0.0382118,0,0.039384,0.000488502,0.0388572,0.00105627,2,1.75578,1.20968,0,0.344544,0.487027,3.7308e-15,0,0,0,0,0,0,0,0,0,0,0,0,0.855775,1.20968,0,0,0,0,0,0,0,0,0,0,0,0,2,0.855775,1.20968,0,1,2,0,0,0,0,0,1.2627,-0.2047,2.2646,0,0,0,0,0,0,0,-0,0,1.50697,0,0,0,0,0,0,0,0,0,0,0,0,0,0,0,0,0,0,0,0,0,0,0,0,0,0,0,0,0,0,0,0,0
49.1,0.0259556,-0.00493265,-0.0016861,0,0,0,3.01903,2.05148,-2.36588,-0.00995964,-0.00467827,0.0060923,-0.0101826,0.0175186,-0.116156,3,2,3.92699,0,0,0,0,0,0,0,0,0,0,0,2,3,2,3.92699,0,0,0,0,0,0,0,0,0,0,1.5708,1.5708,0,1.5708,1.5708,0,-5.95264e-05,-9.80687e-05,0.00250461,0.000148192,-0.000198289,0.00298287,1.76238,1.22146,-0.0996286,-0.00076547,-0.00136857,0.0138129,0.000554349,-0.000175631,0.00292496,1.75578,1.20968,0,0,0,0,0.0387913,0,0.0382118,0,0.039384,0.000488502,0.0388572,0.00105627,2,1.75578,1.20968,0,0.344544,0.487027,3.7308e-15,0,0,0,0,0,0,0,0,0,0,0,0,0.855775,1.20968,0,0,0,0,0,0,0,0,0,0,0,0,2,0.855775,1.20968,0,1,2,0,0,0,0,0,1.2627,-0.2047,2.2646,0,0,0,0,0,0,0,-0,0,1.50602,0,0,0,0,0,0,0,0,0,0,0,0,0,0,0,0,0,0,0,0,0,0,0,0,0,0,0,0,0,0,0,0,0
49.15,0.0259556,-0.00493265,-0.0016861,0,0,0,3.01903,2.05148,-2.36588,-0.00995964,-0.00467827,0.0060923,-0.0101826,0.0175186,-0.116156,3,2,3.92699,0,0,0,0,0,0,0,0,0,0,0,2,3,2,3.92699,0,0,0,0,0,0,0,0,0,0,1.5708,1.5708,0,1.5708,1.5708,0,-5.95264e-05,-9.80687e-05,0.00250461,0.000148466,-0.000198084,0.00298287,1.76238,1.22146,-0.0996286,-0.00076547,-0.00136857,0.0138129,0.000554349,-0.000175631,0.00292496,1.75578,1.20968,0,0,0,0,0.034454,0,0.0339013,0,0.0331846,0.000179898,0.032769,0.000590961,2,1.75578,1.20968,0,0.344544,0.487027,3.7308e-15,0,0,0,0,0,0,0,0,0,0,0,0,0.855775,1.20968,0,0,0,0,0,0,0,0,0,0,0,0,2,0.855775,1.20968,0,1,2,0,0,0,0,0,1.2604,-0.206,2.2663,0,0,0,0,0,0,0,-0,0,1.50602,0,0,0,0,0,0,0,0,0,0,0,0,0,0,0,0,0,0,0,0,0,0,0,0,0,0,0,0,0,0,0,0,0
49.2,0.0259556,-0.00493265,-0.0016861,0,0,0,3.01903,2.05148,-2.36588,-0.00995964,-0.00467827,0.0060923,-0.0101826,0.0175186,-0.116156,3,2,3.92699,0,0,0,0,0,0,0,0,0,0,0,2,3,2,3.92699,0,0,0,0,0,0,0,0,0,0,1.5708,1.5708,0,1.5708,1.5708,0,-7.91454e-06,-0.000324298,0.00183017,0.000148466,-0.000198084,0.00298287,1.7623,1.22133,-0.098112,-0.000771522,-0.00128668,0.0151664,0.00032265,0.000186531,0.00728654,1.75578,1.20968,0,0,0,0,0.034454,0,0.0339013,0,0.0331846,0.000179898,0.032769,0.000590961,2,1.75578,1.20968,0,0.344544,0.487027,3.7308e-15,0,0,0,0,0,0,0,0,0,0,0,0,0.855775,1.20968,0,0,0,0,0,0,0,0,0,0,0,0,2,0.855775,1.20968,0,1,2,0,0,0,0,0,1.2604,-0.206,2.2663,0,0,0,0,0,0,0,-0,0,1.50616,0,0,0,0,0,0,0,0,0,0,0,0,0,0,0,0,0,0,0,0,0,0,0,0,0,0,0,0,0,0,0,0,0
49.25,0.0259556,-0.00493265,-0.0016861,0,0,0,3.01903,2.05148,-2.36588,-0.00995964,-0.00467827,0.0060923,-0.0101826,0.0175186,-0.116156,3,2,3.92699,0,0,0,0,0,0,0,0,0,0,0,2,3,2,3.92699,0,0,0,0,0,0,0,0,0,0,1.5708,1.5708,0,1.5708,1.5708,0,-7.91454e-06,-0.000324298,0.00183017,0.000148766,-0.000197858,0.00298287,1.7623,1.22133,-0.098112,-0.000771522,-0.00128668,0.0151664,0.00032265,0.000186531,0.00728654,1.75578,1.20968,0,0,0,0,0.0249787,0,0.0240992,0,0.0243568,0.000176482,0.02453,0.000619895,2,1.75578,1.20968,0,0.344544,0.487027,3.7308e-15,0,0,0,0,0,0,0,0,0,0,0,0,0.855775,1.20968,0,0,0,0,0,0,0,0,0,0,0,0,2,0.855775,1.20968,0,1,2,0,0,0,0,0,1.2604,-0.206,2.2663,0,0,0,0,0,0,0,-0,0,1.50616,0,0,0,0,0,0,0,0,0,0,0,0,0,0,0,0,0,0,0,0,0,0,0,0,0,0,0,0,0,0,0,0,0
49.3,0.0261129,-0.00858206,0.00176707,0,0,0,3.01708,2.05077,-2.36635,-0.00977313,-0.00351325,-0.0023127,-0.0457304,0.00364042,-0.113618,3,2,3.92699,0,0,0,0,0,0,0,0,0,0,0,2,3,2,3.92699,0,0,0,0,0,0,0,0,0,0,1.5708,1.5708,0,1.5708,1.5708,0,-0.000157356,0.000142432,0.00206491,0,0,0,1.76223,1.22119,-0.0966817,-0.000718985,-0.00140745,0.0143028,0.000372303,-0.00032153,0.00151486,1.75578,1.20968,0,0,0,0,0.0249787,0,0.0240992,0,0.0243568,0.000176482,0.02453,0.000619895,2,1.75578,1.20968,0,0.344544,0.487027,3.7308e-15,0,0,0,0,0,0,0,0,0,0,0,0,0.855775,1.20968,0,0,0,0,0,0,0,0,0,0,0,0,2,0.855775,1.20968,0,1,2,0,0,0,0,0,1.2604,-0.206,2.2663,0,0,0,0,0,0,0,-0,0,1.50428,0,0,0,0,0,0,0,0,0,0,0,0,0,0,0,0,0,0,0,0,0,0,0,0,0,0,0,0,0,0,0,0,0
49.35,0.0261129,-0.00858206,0.00176707,0,0,0,3.01708,2.05077,-2.36635,-0.00977313,-0.00351325,-0.0023127,-0.0457304,0.00364042,-0.113618,3,2,3.92699,0,0,0,0,0,0,0,0,0,0,0,2,3,2,3.92699,0,0,0,0,0,0,0,0,0,0,1.5708,1.5708,0,1.5708,1.5708,0,-0.000157356,0.000142432,0.00206491,0,0,0,1.76223,1.22119,-0.0966817,-0.000718985,-0.00140745,0.0143028,0.000372303,-0.00032153,0.00151486,1.75578,1.20968,0,0,0,0,0.0287693,0,0.028522,0,0.0270652,5.01437e-05,0.026513,0.00032643,2,1.75578,1.20968,0,0.344544,0.487027,3.7308e-15,0,0,0,0,0,0,0,0,0,0,0,0,0.855775,1.20968,0,0,0,0,0,0,0,0,0,0,0,0,2,0.855775,1.20968,0,1,2,0,0,0,0,0,1.2586,-0.2047,2.2697,0,0,0,0,0,0,0,-0,0,1.50428,0,0,0,0,0,0,0,0,0,0,0,0,0,0,0,0,0,0,0,0,0,0,0,0,0,0,0,0,0,0,0,0,0
49.4,0.00710756,6.95084e-05,-0.00569819,0,0,0,3.01667,2.05017,-2.36477,-0.00409354,-0.00600484,0.0157425,0.0294756,0.00438849,0.0135137,3,2,3.92699,0,0,0,0,0,0,0,0,0,0,0,2,3,2,3.92699,0,0,0,0,0,0,0,0,0,0,1.5708,1.5708,0,1.5708,1.5708,0,-0.00100938,-0.000363545,0.00201923,0,0,0,1.76218,1.22107,-0.0952683,-0.000462569,-0.00124369,0.0141318,0.00125476,0.0003924,-0.000553195,1.75578,1.20968,0,0,0,0,0.0287693,0,0.028522,0,0.0270652,5.01437e-05,0.026513,0.00032643,2,1.75578,1.20968,0,0.344544,0.487027,3.7308e-15,0,0,0,0,0,0,0,0,0,0,0,0,0.855775,1.20968,0,0,0,0,0,0,0,0,0,0,0,0,2,0.855775,1.20968,0,1,2,0,0,0,0,0,1.2586,-0.2047,2.2697,0,0,0,0,0,0,0,-0,0,1.50371,0,0,0,0,0,0,0,0,0,0,0,0,0,0,0,0,0,0,0,0,0,0,0,0,0,0,0,0,0,0,0,0,0
49.45,0.00710756,6.95084e-05,-0.00569819,0,0,0,3.01667,2.05017,-2.36477,-0.00409354,-0.00600484,0.0157425,0.0294756,0.00438849,0.0135137,3,2,3.92699,0,0,0,0,0,0,0,0,0,0,0,2,3,2,3.92699,0,0,0,0,0,0,0,0,0,0,1.5708,1.5708,0,1.5708,1.5708,0,-0.00100938,-0.000363545,0.00201923,0,0,0,1.76218,1.22107,-0.0952683,-0.000462569,-0.00124369,0.0141318,0.00125476,0.0003924,-0.000553195,1.75578,1.20968,0,0,0,0,0.0303921,0.000327327,0.0260906,0,0.0242199,0,0.0277482,0.000958752,2,1.75578,1.20968,0,0.344544,0.487027,3.7308e-15,0,0,0,0,0,0,0,0,0,0,0,0,0.855775,1.20968,0,0,0,0,0,0,0,0,0,0,0,0,2,0.855775,1.20968,0,1,2,0,0,0,0,0,1.2586,-0.2047,2.2697,0,0,0,0,0,0,0,-0,0,1.50371,0,0,0,0,0,0,0,0,0,0,0,0,0,0,0,0,0,0,0,0,0,0,0,0,0,0,0,0,0,0,0,0,0
49.5,0.00710756,6.95084e-05,-0.00569819,0,0,0,3.01667,2.05017,-2.36477,-0.00409354,-0.00600484,0.0157425,0.0294756,0.00438849,0.0135137,3,2,3.92699,0,0,0,0,0,0,0,0,0,0,0,2,3,2,3.92699,0,0,0,0,0,0,0,0,0,0,1.5708,1.5708,0,1.5708,1.5708,0,-0.000185536,-0.000250376,0.00160937,0,0,0,1.76211,1.22094,-0.093784,-0.000696935,-0.00126205,0.0148416,-6.36206e-05,0.000259157,0.00222028,1.75578,1.20968,0,0,0,0,0.0303921,0.000327327,0.0260906,0,0.0242199,0,0.0277482,0.000958752,2,1.75578,1.20968,0,0.344544,0.487027,3.7308e-15,0,0,0,0,0,0,0,0,0,0,0,0,0.855775,1.20968,0,0,0,0,0,0,0,0,0,0,0,0,2,0.855775,1.20968,0,1,2,0,0,0,0,0,1.2586,-0.2047,2.2697,0,0,0,0,0,0,0,-0,0,1.50384,0,0,0,0,0,0,0,0,0,0,0,0,0,0,0,0,0,0,0,0,0,0,0,0,0,0,0,0,0,0,0,0,0
49.55,0.00710756,6.95084e-05,-0.00569819,0,0,0,3.01667,2.05017,-2.36477,-0.00409354,-0.00600484,0.0157425,0.0294756,0.00438849,0.0135137,3,2,3.92699,0,0,0,0,0,0,0,0,0,0,0,2,3,2,3.92699,0,0,0,0,0,0,0,0,0,0,1.5708,1.5708,0,1.5708,1.5708,0,-0.000185536,-0.000250376,0.00160937,0,0,0,1.76211,1.22094,-0.093784,-0.000696935,-0.00126205,0.0148416,-6.36206e-05,0.000259157,0.00222028,1.75578,1.20968,0,0,0,0,0.0224227,0,0.0212328,0,0.0209525,1.62194e-05,0.0215214,0.000531555,2,1.75578,1.20968,0,0.344544,0.487027,3.7308e-15,0,0,0,0,0,0,0,0,0,0,0,0,0.855775,1.20968,0,0,0,0,0,0,0,0,0,0,0,0,2,0.855775,1.20968,0,1,2,0,0,0,0,0,1.2575,-0.2072,2.271,0,0,0,0,0,0,0,-0,0,1.50384,0,0,0,0,0,0,0,0,0,0,0,0,0,0,0,0,0,0,0,0,0,0,0,0,0,0,0,0,0,0,0,0,0
49.6,0.0180364,-0.00659995,-0.00940648,0,0,0,3.01523,2.04939,-2.35999,-0.00716068,-0.00393501,0.0239092,-0.0129994,-0.00471865,0.153518,3,2,3.92699,0,0,0,0,0,0,0,0,0,0,0,2,3,2,3.92699,0,0,0,0,0,0,0,0,0,0,1.5708,1.5708,0,1.5708,1.5708,0,-0.0014694,2.95829e-05,0.00153337,0,0,0,1.76208,1.22081,-0.0923114,-0.00031509,-0.00132875,0.0147332,0.00130958,-0.000127975,0.00126432,1.75578,1.20968,0,0,0,0,0.0224227,0,0.0212328,0,0.0209525,1.62194e-05,0.0215214,0.000531555,2,1.75578,1.20968,0,0.344544,0.487027,3.7308e-15,0,0,0,0,0,0,0,0,0,0,0,0,0.855775,1.20968,0,0,0,0,0,0,0,0,0,0,0,0,2,0.855775,1.20968,0,1,2,0,0,0,0,0,1.2575,-0.2072,2.271,0,0,0,0,0,0,0,-0,0,1.50231,0,0,0,0,0,0,0,0,0,0,0,0,0,0,0,0,0,0,0,0,0,0,0,0,0,0,0,0,0,0,0,0,0
49.65,0.0180364,-0.00659995,-0.00940648,0,0,0,3.01523,2.04939,-2.35999,-0.00716068,-0.00393501,0.0239092,-0.0129994,-0.00471865,0.153518,3,2,3.92699,0,0,0,0,0,0,0,0,0,0,0,2,3,2,3.92699,0,0,0,0,0,0,0,0,0,0,1.5708,1.5708,0,1.5708,1.5708,0,-0.0014694,2.95829e-05,0.00153337,0,0,0,1.76208,1.22081,-0.0923114,-0.00031509,-0.00132875,0.0147332,0.00130958,-0.000127975,0.00126432,1.75578,1.20968,0,0,0,0,0.0251312,0.000991509,0.0205048,0,0.0163754,0,0.0204142,0.000481601,2,1.75578,1.20968,0,0.344544,0.487027,3.7308e-15,0,0,0,0,0,0,0,0,0,0,0,0,0.855775,1.20968,0,0,0,0,0,0,0,0,0,0,0,0,2,0.855775,1.20968,0,1,2,0,0,0,0,0,1.2575,-0.2072,2.271,0,0,0,0,0,0,0,-0,0,1.50231,0,0,0,0,0,0,0,0,0,0,0,0,0,0,0,0,0,0,0,0,0,0,0,0,0,0,0,0,0,0,0,0,0
49.7,0.0157295,0.0022808,-0.00903209,0,0,0,3.01459,2.04874,-2.35774,-0.00640086,-0.00648874,0.0225359,0.0180896,0.00145032,0.0101214,3,2,3.92699,0,0,0,0,0,0,0,0,0,0,0,2,3,2,3.92699,0,0,0,0,0,0,0,0,0,0,1.5708,1.5708,0,1.5708,1.5708,0,-0.00143634,-0.000426866,0.00174228,0,0,0,1.76205,1.22069,-0.0909172,-0.00032102,-0.00118033,0.0139404,0.000947992,0.000461784,-0.00251529,1.75578,1.20968,0,0,0,0,0.0251312,0.000991509,0.0205048,0,0.0163754,0,0.0204142,0.000481601,2,1.75578,1.20968,0,0.344544,0.487027,3.7308e-15,0,0,0,0,0,0,0,0,0,0,0,0,0.855775,1.20968,0,0,0,0,0,0,0,0,0,0,0,0,2,0.855775,1.20968,0,1,2,0,0,0,0,0,1.2575,-0.2072,2.271,0,0,0,0,0,0,0,-0,0,1.50151,0,0,0,0,0,0,0,0,0,0,0,0,0,0,0,0,0,0,0,0,0,0,0,0,0,0,0,0,0,0,0,0,0
49.75,0.0157295,0.0022808,-0.00903209,0,0,0,3.01459,2.04874,-2.35774,-0.00640086,-0.00648874,0.0225359,0.0180896,0.00145032,0.0101214,3,2,3.92699,0,0,0,0,0,0,0,0,0,0,0,2,3,2,3.92699,0,0,0,0,0,0,0,0,0,0,1.5708,1.5708,0,1.5708,1.5708,0,-0.00143634,-0.000426866,0.00174228,0,0,0,1.76205,1.22069,-0.0909172,-0.00032102,-0.00118033,0.0139404,0.000947992,0.000461784,-0.00251529,1.75578,1.20968,0,0,0,0,0.0277184,0.000847953,0.0220124,0,0.0192996,0,0.0243401,0.000988697,2,1.75578,1.20968,0,0.344544,0.487027,3.7308e-15,0,0,0,0,0,0,0,0,0,0,0,0,0.855775,1.20968,0,0,0,0,0,0,0,0,0,0,0,0,2,0.855775,1.20968,0,1,2,0,0,0,0,0,1.2537,-0.2166,2.2668,0,0,0,0,0,0,0,-0,0,1.50151,0,0,0,0,0,0,0,0,0,0,0,0,0,0,0,0,0,0,0,0,0,0,0,0,0,0,0,0,0,0,0,0,0
49.8,-0.00494928,0.00795929,-0.00541815,0,0,0,3.01457,2.04793,-2.3564,-0.000271074,-0.00807484,0.0133744,0.0395739,-0.00462276,-0.0499765,3,2,3.92699,0,0,0,0,0,0,0,0,0,0,0,2,3,2,3.92699,0,0,0,0,0,0,0,0,0,0,1.5708,1.5708,0,1.5708,1.5708,0,-0.00130135,-0.00126726,0.00127196,0,0,0,1.76201,1.2206,-0.0894377,-0.000356547,-0.000921895,0.0147997,0.000378775,0.00139124,0.00139375,1.75578,1.20968,0,0,0,0,0.0277184,0.000847953,0.0220124,0,0.0192996,0,0.0243401,0.000988697,2,1.75578,1.20968,0,0.344544,0.487027,3.7308e-15,0,0,0,0,0,0,0,0,0,0,0,0,0.855775,1.20968,0,0,0,0,0,0,0,0,0,0,0,0,2,0.855775,1.20968,0,1,2,0,0,0,0,0,1.2537,-0.2166,2.2668,0,0,0,0,0,0,0,-0,0,1.50112,0,0,0,0,0,0,0,0,0,0,0,0,0,0,0,0,0,0,0,0,0,0,0,0,0,0,0,0,0,0,0,0,0
49.85,-0.00494928,0.00795929,-0.00541815,0,0,0,3.01457,2.04793,-2.3564,-0.000271074,-0.00807484,0.0133744,0.0395739,-0.00462276,-0.0499765,3,2,3.92699,0,0,0,0,0,0,0,0,0,0,0,2,3,2,3.92699,0,0,0,0,0,0,0,0,0,0,1.5708,1.5708,0,1.5708,1.5708,0,-0.00130135,-0.00126726,0.00127196,0,0,0,1.76201,1.2206,-0.0894377,-0.000356547,-0.000921895,0.0147997,0.000378775,0.00139124,0.00139375,1.75578,1.20968,0,0,0,0,0.0205094,0.000790675,0.0131641,0,0.0134351,0,0.0203001,0.00170743,2,1.75578,1.20968,0,0.344544,0.487027,3.7308e-15,0,0,0,0,0,0,0,0,0,0,0,0,0.855775,1.20968,0,0,0,0,0,0,0,0,0,0,0,0,2,0.855775,1.20968,0,1,2,0,0,0,0,0,1.2537,-0.2166,2.2668,0,0,0,0,0,0,0,-0,0,1.50112,0,0,0,0,0,0,0,0,0,0,0,0,0,0,0,0,0,0,0,0,0,0,0,0,0,0,0,0,0,0,0,0,0
49.9,-0.00494928,0.00795929,-0.00541815,0,0,0,3.01457,2.04793,-2.3564,-0.000271074,-0.00807484,0.0133744,0.0395739,-0.00462276,-0.0499765,3,2,3.92699,0,0,0,0,0,0,0,0,0,0,0,2,3,2,3.92699,0,0,0,0,0,0,0,0,0,0,1.5708,1.5708,0,1.5708,1.5708,0,-0.00130135,-0.00126726,0.00127196,0,0,0,1.76201,1.2206,-0.0894377,-0.000356547,-0.000921895,0.0147997,0.000378775,0.00139124,0.00139375,1.75578,1.20968,0,0,0,0,0.0205094,0.000790675,0.0131641,0,0.0134351,0,0.0203001,0.00170743,2,1.75578,1.20968,0,0.344544,0.487027,3.7308e-15,0,0,0,0,0,0,0,0,0,0,0,0,0.855775,1.20968,0,0,0,0,0,0,0,0,0,0,0,0,2,0.855775,1.20968,0,1,2,0,0,0,0,0,1.2537,-0.2166,2.2668,0,0,0,0,0,0,0,-0,0,1.50112,0,0,0,0,0,0,0,0,0,0,0,0,0,0,0,0,0,0,0,0,0,0,0,0,0,0,0,0,0,0,0,0,0
49.95,-0.0102502,0.00135429,-0.00462599,0,0,0,3.0147,2.04733,-2.35528,0.00128412,-0.00604585,0.0112004,0.0328833,0.00450215,-0.0468152,3,2,3.92699,0,0,0,0,0,0,0,0,0,0,0,2,3,2,3.92699,0,0,0,0,0,0,0,0,0,0,1.5708,1.5708,0,1.5708,1.5708,0,-0.00247425,9.40356e-05,0.00164496,0,0,0,1.76201,1.22047,-0.0880766,-1.09858e-05,-0.00130731,0.0136102,0.00153086,-0.000579765,-0.00337299,1.75578,1.20968,0,0,0,0,0.0205094,0.000790675,0.0131641,0,0.0134351,0,0.0203001,0.00170743,2,1.75578,1.20968,0,0.344544,0.487027,3.7308e-15,0,0,0,0,0,0,0,0,0,0,0,0,0.855775,1.20968,0,0,0,0,0,0,0,0,0,0,0,0,2,0.855775,1.20968,0,1,2,0,0,0,0,0,1.3194,-0.1525,2.335,0,0,0,0,0,0,0,-0,0,1.50097,0,0,0,0,0,0,0,0,0,0,0,0,0,0,0,0,0,0,0,0,0,0,0,0,0,0,0,0,0,0,0,0,0
50,-0.00937714,-0.00537824,-0.00622181,0,0,0,3.0148,2.04693,-2.3538,0.00101338,-0.00400345,0.0148301,0.0177575,0.0121044,-0.0131899,3,2,3.92699,0,0,0,0,0,0,0,0,0,0,0,2,3,2,3.92699,0,0,0,0,0,0,0,0,0,0,1.5708,1.5708,0,1.5708,1.5708,0,-0.00188234,-0.000619914,0.00133456,0,0,0,1.76199,1.22036,-0.0866678,-0.00018314,-0.00108419,0.0140907,0.000387396,0.000277507,-0.000761604,1.75578,1.20968,0,0,0,0,0.0294544,0.00199119,0.0219307,0,0.0150093,0,0.0219039,0.00052628,2,1.75578,1.20968,0,0.344544,0.487027,3.7308e-15,0,0,0,0,0,0,0,0,0,0,0,0,0.855775,1.20968,0,0,0,0,0,0,0,0,0,0,0,0,2,0.855775,1.20968,0,1,2,0,0,0,0,0,1.3194,-0.1525,2.335,0,0,0,0,0,0,0,-0,0,1.50091,0,0,0,0,0,0,0,0,0,0,0,0,0,0,0,0,0,0,0,0,0,0,0,0,0,0,0,0,0,0,0,0,0
50.05,-0.00937714,-0.00537824,-0.00622181,0,0,0,3.0148,2.04693,-2.3538,0.00101338,-0.00400345,0.0148301,0.0177575,0.0121044,-0.0131899,3,2,3.92699,0,0,0,0,0,0,0,0,0,0,0,2,3,2,3.92699,0,0,0,0,0,0,0,0,0,0,1.5708,1.5708,0,1.5708,1.5708,0,-0.00188234,-0.000619914,0.00133456,0,0,0,1.76199,1.22036,-0.0866678,-0.00018314,-0.00108419,0.0140907,0.000387396,0.000277507,-0.000761604,1.75578,1.20968,0,0,0,0,0.0232426,0.00142037,0.0157734,0,0.0125795,0,0.0195418,0.00111559,2,1.75578,1.20968,0,0.344544,0.487027,3.7308e-15,0,0,0,0,0,0,0,0,0,0,0,0,0.855775,1.20968,0,0,0,0,0,0,0,0,0,0,0,0,2,0.855775,1.20968,0,1,2,0,0,0,0,0,1.3194,-0.1525,2.335,0,0,0,0,0,0,0,-0,0,1.50091,0,0,0,0,0,0,0,0,0,0,0,0,0,0,0,0,0,0,0,0,0,0,0,0,0,0,0,0,0,0,0,0,0
50.1,-0.0111268,-0.0183031,-0.0052881,0,0,0,3.01495,2.04691,-2.35257,0.0015137,-0.000172122,0.0122859,0.0106151,0.0236037,-0.0135266,3,2,3.92699,0,0,0,0,0,0,0,0,0,0,0,2,3,2,3.92699,0,0,0,0,0,0,0,0,0,0,1.5708,1.5708,0,1.5708,1.5708,0,-0.00278099,-0.00119762,0.00077964,0,0,0,1.762,1.22027,-0.0851527,8.0568e-05,-0.000903338,0.0151508,0.00113147,0.00100469,0.00413972,1.75578,1.20968,0,0,0,0,0.0232426,0.00142037,0.0157734,0,0.0125795,0,0.0195418,0.00111559,2,1.75578,1.20968,0,0.344544,0.487027,3.7308e-15,0,0,0,0,0,0,0,0,0,0,0,0,0.855775,1.20968,0,0,0,0,0,0,0,0,0,0,0,0,2,0.855775,1.20968,0,1,2,0,0,0,0,0,1.3194,-0.1525,2.335,0,0,0,0,0,0,0,-0,0,1.50107,0,0,0,0,0,0,0,0,0,0,0,0,0,0,0,0,0,0,0,0,0,0,0,0,0,0,0,0,0,0,0,0,0
50.15,-0.0111268,-0.0183031,-0.0052881,0,0,0,3.01495,2.04691,-2.35257,0.0015137,-0.000172122,0.0122859,0.0106151,0.0236037,-0.0135266,3,2,3.92699,0,0,0,0,0,0,0,0,0,0,0,2,3,2,3.92699,0,0,0,0,0,0,0,0,0,0,1.5708,1.5708,0,1.5708,1.5708,0,-0.00278099,-0.00119762,0.00077964,0,0,0,1.762,1.22027,-0.0851527,8.0568e-05,-0.000903338,0.0151508,0.00113147,0.00100469,0.00413972,1.75578,1.20968,0,0,0,0,0.0178255,0.00248086,0.00624117,0,0.00261381,0,0.0139095,0.00164409,2,1.75578,1.20968,0,0.344544,0.487027,3.7308e-15,0,0,0,0,0,0,0,0,0,0,0,0,0.855775,1.20968,0,0,0,0,0,0,0,0,0,0,0,0,2,0.855775,1.20968,0,1,2,0,0,0,0,0,1.2028,-0.2741,2.2189,0,0,0,0,0,0,0,-0,0,1.50107,0,0,0,0,0,0,0,0,0,0,0,0,0,0,0,0,0,0,0,0,0,0,0,0,0,0,0,0,0,0,0,0,0
50.2,-0.0131395,-0.0274402,-0.00498529,0,0,0,3.01516,2.04716,-2.35144,0.00208513,0.00250509,0.0113139,0.00768994,0.0264274,-0.0120558,3,2,3.92699,0,0,0,0,0,0,0,0,0,0,0,2,3,2,3.92699,0,0,0,0,0,0,0,0,0,0,1.5708,1.5708,0,1.5708,1.5708,0,-0.0028975,-0.000733237,0.00128101,0,0,0,1.76201,1.22017,-0.0837883,0.000113535,-0.00102792,0.0136452,0.000911844,0.000204228,-0.00287144,1.75578,1.20968,0,0,0,0,0.0178255,0.00248086,0.00624117,0,0.00261381,0,0.0139095,0.00164409,2,1.75578,1.20968,0,0.344544,0.487027,3.7308e-15,0,0,0,0,0,0,0,0,0,0,0,0,0.855775,1.20968,0,0,0,0,0,0,0,0,0,0,0,0,2,0.855775,1.20968,0,1,2,0,0,0,0,0,1.2028,-0.2741,2.2189,0,0,0,0,0,0,0,-0,0,1.50143,0,0,0,0,0,0,0,0,0,0,0,0,0,0,0,0,0,0,0,0,0,0,0,0,0,0,0,0,0,0,0,0,0
50.25,-0.0131395,-0.0274402,-0.00498529,0,0,0,3.01516,2.04716,-2.35144,0.00208513,0.00250509,0.0113139,0.00768994,0.0264274,-0.0120558,3,2,3.92699,0,0,0,0,0,0,0,0,0,0,0,2,3,2,3.92699,0,0,0,0,0,0,0,0,0,0,1.5708,1.5708,0,1.5708,1.5708,0,-0.0028975,-0.000733237,0.00128101,0,0,0,1.76201,1.22017,-0.0837883,0.000113535,-0.00102792,0.0136452,0.000911844,0.000204228,-0.00287144,1.75578,1.20968,0,0,0,0,0.0252519,0.00247502,0.0144254,0,0.00897275,0,0.0193154,0.00130167,2,1.75578,1.20968,0,0.344544,0.487027,3.7308e-15,0,0,0,0,0,0,0,0,0,0,0,0,0.855775,1.20968,0,0,0,0,0,0,0,0,0,0,0,0,2,0.855775,1.20968,0,1,2,0,0,0,0,0,1.2028,-0.2741,2.2189,0,0,0,0,0,0,0,-0,0,1.50143,0,0,0,0,0,0,0,0,0,0,0,0,0,0,0,0,0,0,0,0,0,0,0,0,0,0,0,0,0,0,0,0,0
50.3,-0.0147582,-0.0231672,-0.00749723,0,0,0,3.01541,2.04728,-2.34972,0.00253448,0.00122451,0.0171515,0.00601709,0.0111341,0.0162854,3,2,3.92699,0,0,0,0,0,0,0,0,0,0,0,2,3,2,3.92699,0,0,0,0,0,0,0,0,0,0,1.5708,1.5708,0,1.5708,1.5708,0,-0.00318731,-0.00100633,0.00107328,0,0,0,1.76203,1.22007,-0.0824007,0.000196556,-0.000936387,0.0138776,0.000849531,0.000379976,-0.00174394,1.75578,1.20968,0,0,0,0,0.0252519,0.00247502,0.0144254,0,0.00897275,0,0.0193154,0.00130167,2,1.75578,1.20968,0,0.344544,0.487027,3.7308e-15,0,0,0,0,0,0,0,0,0,0,0,0,0.855775,1.20968,0,0,0,0,0,0,0,0,0,0,0,0,2,0.855775,1.20968,0,1,2,0,0,0,0,0,1.2028,-0.2741,2.2189,0,0,0,0,0,0,0,-0,0,1.50174,0,0,0,0,0,0,0,0,0,0,0,0,0,0,0,0,0,0,0,0,0,0,0,0,0,0,0,0,0,0,0,0,0
50.35,-0.0147582,-0.0231672,-0.00749723,0,0,0,3.01541,2.04728,-2.34972,0.00253448,0.00122451,0.0171515,0.00601709,0.0111341,0.0162854,3,2,3.92699,0,0,0,0,0,0,0,0,0,0,0,2,3,2,3.92699,0,0,0,0,0,0,0,0,0,0,1.5708,1.5708,0,1.5708,1.5708,0,-0.00318731,-0.00100633,0.00107328,0,0,0,1.76203,1.22007,-0.0824007,0.000196556,-0.000936387,0.0138776,0.000849531,0.000379976,-0.00174394,1.75578,1.20968,0,0,0,0,0.0234537,0.00303695,0.0106206,0,0.00516132,0,0.0175949,0.00165059,2,1.75578,1.20968,0,0.344544,0.487027,3.7308e-15,0,0,0,0,0,0,0,0,0,0,0,0,0.855775,1.20968,0,0,0,0,0,0,0,0,0,0,0,0,2,0.855775,1.20968,0,1,2,0,0,0,0,0,1.3082,-0.1726,2.3243,0,0,0,0,0,0,0,-0,0,1.50174,0,0,0,0,0,0,0,0,0,0,0,0,0,0,0,0,0,0,0,0,0,0,0,0,0,0,0,0,0,0,0,0,0
50.4,-0.0152576,-0.0203889,-0.0105308,0,0,0,3.01568,2.04732,-2.34731,0.00265083,0.000396649,0.0241326,0.0038525,0.00130758,0.0415186,3,2,3.92699,0,0,0,0,0,0,0,0,0,0,0,2,3,2,3.92699,0,0,0,0,0,0,0,0,0,0,1.5708,1.5708,0,1.5708,1.5708,0,-0.00343403,-0.00120864,0.00105788,0,0,0,1.76206,1.21998,-0.0810363,0.000266061,-0.000866529,0.0136419,0.000779461,0.000530641,-0.00182954,1.75578,1.20968,0,0,0,0,0.0234537,0.00303695,0.0106206,0,0.00516132,0,0.0175949,0.00165059,2,1.75578,1.20968,0,0.344544,0.487027,3.7308e-15,0,0,0,0,0,0,0,0,0,0,0,0,0.855775,1.20968,0,0,0,0,0,0,0,0,0,0,0,0,2,0.855775,1.20968,0,1,2,0,0,0,0,0,1.3082,-0.1726,2.3243,0,0,0,0,0,0,0,-0,0,1.50201,0,0,0,0,0,0,0,0,0,0,0,0,0,0,0,0,0,0,0,0,0,0,0,0,0,0,0,0,0,0,0,0,0
50.45,-0.0152576,-0.0203889,-0.0105308,0,0,0,3.01568,2.04732,-2.34731,0.00265083,0.000396649,0.0241326,0.0038525,0.00130758,0.0415186,3,2,3.92699,0,0,0,0,0,0,0,0,0,0,0,2,3,2,3.92699,0,0,0,0,0,0,0,0,0,0,1.5708,1.5708,0,1.5708,1.5708,0,-0.00343403,-0.00120864,0.00105788,0,0,0,1.76206,1.21998,-0.0810363,0.000266061,-0.000866529,0.0136419,0.000779461,0.000530641,-0.00182954,1.75578,1.20968,0,0,0,0,0.0238592,0.00330222,0.00973218,0,0.00423603,0,0.0179709,0.00188832,2,1.75578,1.20968,0,0.344544,0.487027,3.7308e-15,0,0,0,0,0,0,0,0,0,0,0,0,0.855775,1.20968,0,0,0,0,0,0,0,0,0,0,0,0,2,0.855775,1.20968,0,1,2,0,0,0,0,0,1.3082,-0.1726,2.3243,0,0,0,0,0,0,0,-0,0,1.50201,0,0,0,0,0,0,0,0,0,0,0,0,0,0,0,0,0,0,0,0,0,0,0,0,0,0,0,0,0,0,0,0,0
50.5,-0.0185727,-0.0187498,-0.0120757,0,0,0,3.01603,2.04731,-2.34457,0.00359019,-8.7923e-05,0.0273853,0.00577039,-0.00248151,0.0413138,3,2,3.92699,0,0,0,0,0,0,0,0,0,0,0,2,3,2,3.92699,0,0,0,0,0,0,0,0,0,0,1.5708,1.5708,0,1.5708,1.5708,0,-0.00403262,-0.00183917,0.000799579,0,0,0,1.7621,1.21992,-0.0796372,0.000437173,-0.000672855,0.0139963,0.00114193,0.00111389,0.000289478,1.75578,1.20968,0,0,0,0,0.0238592,0.00330222,0.00973218,0,0.00423603,0,0.0179709,0.00188832,2,1.75578,1.20968,0,0.344544,0.487027,3.7308e-15,0,0,0,0,0,0,0,0,0,0,0,0,0.855775,1.20968,0,0,0,0,0,0,0,0,0,0,0,0,2,0.855775,1.20968,0,1,2,0,0,0,0,0,1.3082,-0.1726,2.3243,0,0,0,0,0,0,0,-0,0,1.50231,0,0,0,0,0,0,0,0,0,0,0,0,0,0,0,0,0,0,0,0,0,0,0,0,0,0,0,0,0,0,0,0,0
50.55,-0.0185727,-0.0187498,-0.0120757,0,0,0,3.01603,2.04731,-2.34457,0.00359019,-8.7923e-05,0.0273853,0.00577039,-0.00248151,0.0413138,3,2,3.92699,0,0,0,0,0,0,0,0,0,0,0,2,3,2,3.92699,0,0,0,0,0,0,0,0,0,0,1.5708,1.5708,0,1.5708,1.5708,0,-0.00403262,-0.00183917,0.000799579,0,0,0,1.7621,1.21992,-0.0796372,0.000437173,-0.000672855,0.0139963,0.00114193,0.00111389,0.000289478,1.75578,1.20968,0,0,0,0,0.0219837,0.00428197,0.00411619,0,0,0,0.0163414,0.00257855,2,1.75578,1.20968,0,0.344544,0.487027,3.7308e-15,0,0,0,0,0,0,0,0,0,0,0,0,0.855775,1.20968,0,0,0,0,0,0,0,0,0,0,0,0,2,0.855775,1.20968,0,1,2,0,0,0,0,0,1.204,-0.2836,2.2186,0,0,0,0,0,0,0,-0,0,1.50231,0,0,0,0,0,0,0,0,0,0,0,0,0,0,0,0,0,0,0,0,0,0,0,0,0,0,0,0,0,0,0,0,0
50.6,-0.0240613,-0.0204346,-0.0149948,0,0,0,3.01655,2.04735,-2.34118,0.00515482,0.000406382,0.033889,0.00998207,-2.74949e-05,0.05081,3,2,3.92699,0,0,0,0,0,0,0,0,0,0,0,2,3,2,3.92699,0,0,0,0,0,0,0,0,0,0,1.5708,1.5708,0,1.5708,1.5708,0,-0.00371383,-0.00144459,0.000459407,0,0,0,1.76214,1.21984,-0.0781827,0.000339261,-0.000779813,0.0145408,0.000344122,0.000319188,0.00265912,1.75578,1.20968,0,0,0,0,0.0219837,0.00428197,0.00411619,0,0,0,0.0163414,0.00257855,2,1.75578,1.20968,0,0.344544,0.487027,3.7308e-15,0,0,0,0,0,0,0,0,0,0,0,0,0.855775,1.20968,0,0,0,0,0,0,0,0,0,0,0,0,2,0.855775,1.20968,0,1,2,0,0,0,0,0,1.204,-0.2836,2.2186,0,0,0,0,0,0,0,-0,0,1.50277,0,0,0,0,0,0,0,0,0,0,0,0,0,0,0,0,0,0,0,0,0,0,0,0,0,0,0,0,0,0,0,0,0
50.65,-0.0240613,-0.0204346,-0.0149948,0,0,0,3.01655,2.04735,-2.34118,0.00515482,0.000406382,0.033889,0.00998207,-2.74949e-05,0.05081,3,2,3.92699,0,0,0,0,0,0,0,0,0,0,0,2,3,2,3.92699,0,0,0,0,0,0,0,0,0,0,1.5708,1.5708,0,1.5708,1.5708,0,-0.00371383,-0.00144459,0.000459407,0,0,0,1.76214,1.21984,-0.0781827,0.000339261,-0.000779813,0.0145408,0.000344122,0.000319188,0.00265912,1.75578,1.20968,0,0,0,0,0.0176894,0.00608452,0.000785934,0,0,0,0.010662,0.00203465,2,1.75578,1.20968,0,0.344544,0.487027,3.7308e-15,0,0,0,0,0,0,0,0,0,0,0,0,0.855775,1.20968,0,0,0,0,0,0,0,0,0,0,0,0,2,0.855775,1.20968,0,1,2,0,0,0,0,0,1.204,-0.2836,2.2186,0,0,0,0,0,0,0,-0,0,1.50277,0,0,0,0,0,0,0,0,0,0,0,0,0,0,0,0,0,0,0,0,0,0,0,0,0,0,0,0,0,0,0,0,0
50.7,-0.0322767,-0.0183959,-0.0207631,0,0,0,3.0173,2.04733,-2.33647,0.00749936,-0.000195296,0.0471385,0.0159261,-0.0020889,0.0846969,3,2,3.92699,0,0,0,0,0,0,0,0,0,0,0,2,3,2,3.92699,0,0,0,0,0,0,0,0,0,0,1.5708,1.5708,0,1.5708,1.5708,0,-0.00486838,-0.00151333,0.000905759,0,0,0,1.76221,1.21976,-0.0768646,0.000671328,-0.000750666,0.0131797,0.00142509,0.000201393,-0.00353774,1.75578,1.20968,0,0,0,0,0.0176894,0.00608452,0.000785934,0,0,0,0.010662,0.00203465,2,1.75578,1.20968,0,0.344544,0.487027,3.7308e-15,0,0,0,0,0,0,0,0,0,0,0,0,0.855775,1.20968,0,0,0,0,0,0,0,0,0,0,0,0,2,0.855775,1.20968,0,1,2,0,0,0,0,0,1.204,-0.2836,2.2186,0,0,0,0,0,0,0,-0,0,1.50337,0,0,0,0,0,0,0,0,0,0,0,0,0,0,0,0,0,0,0,0,0,0,0,0,0,0,0,0,0,0,0,0,0
50.75,-0.0322767,-0.0183959,-0.0207631,0,0,0,3.0173,2.04733,-2.33647,0.00749936,-0.000195296,0.0471385,0.0159261,-0.0020889,0.0846969,3,2,3.92699,0,0,0,0,0,0,0,0,0,0,0,2,3,2,3.92699,0,0,0,0,0,0,0,0,0,0,1.5708,1.5708,0,1.5708,1.5708,0,-0.00486838,-0.00151333,0.000905759,0,0,0,1.76221,1.21976,-0.0768646,0.000671328,-0.000750666,0.0131797,0.00142509,0.000201393,-0.00353774,1.75578,1.20968,0,0,0,0,0.026334,0.00557426,0.00636565,0,0,0,0.0169839,0.00229999,2,1.75578,1.20968,0,0.344544,0.487027,3.7308e-15,0,0,0,0,0,0,0,0,0,0,0,0,0.855775,1.20968,0,0,0,0,0,0,0,0,0,0,0,0,2,0.855775,1.20968,0,1,2,0,0,0,0,0,1.2493,-0.2493,2.2596,0,0,0,0,0,0,0,-0,0,1.50337,0,0,0,0,0,0,0,0,0,0,0,0,0,0,0,0,0,0,0,0,0,0,0,0,0,0,0,0,0,0,0,0,0
50.8,-0.034135,-0.0208278,-0.0199035,0,0,0,3.01809,2.04739,-2.33205,0.00795508,0.000519022,0.0441383,0.0121847,0.00132096,0.0434338,3,2,3.92699,0,0,0,0,0,0,0,0,0,0,0,2,3,2,3.92699,0,0,0,0,0,0,0,0,0,0,1.5708,1.5708,0,1.5708,1.5708,0,-0.0048882,-0.00168318,0.000588696,0,0,0,1.76227,1.2197,-0.0754967,0.000669233,-0.000692436,0.0136847,0.000993278,0.000337983,-0.000950596,1.75578,1.20968,0,0,0,0,0.026334,0.00557426,0.00636565,0,0,0,0.0169839,0.00229999,2,1.75578,1.20968,0,0.344544,0.487027,3.7308e-15,0,0,0,0,0,0,0,0,0,0,0,0,0.855775,1.20968,0,0,0,0,0,0,0,0,0,0,0,0,2,0.855775,1.20968,0,1,2,0,0,0,0,0,1.2493,-0.2493,2.2596,0,0,0,0,0,0,0,-0,0,1.50405,0,0,0,0,0,0,0,0,0,0,0,0,0,0,0,0,0,0,0,0,0,0,0,0,0,0,0,0,0,0,0,0,0
50.85,-0.034135,-0.0208278,-0.0199035,0,0,0,3.01809,2.04739,-2.33205,0.00795508,0.000519022,0.0441383,0.0121847,0.00132096,0.0434338,3,2,3.92699,0,0,0,0,0,0,0,0,0,0,0,2,3,2,3.92699,0,0,0,0,0,0,0,0,0,0,1.5708,1.5708,0,1.5708,1.5708,0,-0.0048882,-0.00168318,0.000588696,0,0,0,1.76227,1.2197,-0.0754967,0.000669233,-0.000692436,0.0136847,0.000993278,0.000337983,-0.000950596,1.75578,1.20968,0,0,0,0,0.0237391,0.00873133,0.00147805,0,0,0,0.0133309,0.00246958,2,1.75578,1.20968,0,0.344544,0.487027,3.7308e-15,0,0,0,0,0,0,0,0,0,0,0,0,0.855775,1.20968,0,0,0,0,0,0,0,0,0,0,0,0,2,0.855775,1.20968,0,1,2,0,0,0,0,0,1.2493,-0.2493,2.2596,0,0,0,0,0,0,0,-0,0,1.50405,0,0,0,0,0,0,0,0,0,0,0,0,0,0,0,0,0,0,0,0,0,0,0,0,0,0,0,0,0,0,0,0,0
50.9,-0.0377772,-0.017596,-0.0227465,0,0,0,3.01899,2.04734,-2.32704,0.00892768,-0.000433323,0.0501292,0.0107072,-0.00255002,0.0444945,3,2,3.92699,0,0,0,0,0,0,0,0,0,0,0,2,3,2,3.92699,0,0,0,0,0,0,0,0,0,0,1.5708,1.5708,0,1.5708,1.5708,0,-0.00484692,-0.00223102,0.000376219,0,0,0,1.76234,1.21964,-0.0741039,0.000649374,-0.00052487,0.0139277,0.000459545,0.000890046,0.000769044,1.75578,1.20968,0,0,0,0,0.0237391,0.00873133,0.00147805,0,0,0,0.0133309,0.00246958,2,1.75578,1.20968,0,0.344544,0.487027,3.7308e-15,0,0,0,0,0,0,0,0,0,0,0,0,0.855775,1.20968,0,0,0,0,0,0,0,0,0,0,0,0,2,0.855775,1.20968,0,1,2,0,0,0,0,0,1.2493,-0.2493,2.2596,0,0,0,0,0,0,0,-0,0,1.50475,0,0,0,0,0,0,0,0,0,0,0,0,0,0,0,0,0,0,0,0,0,0,0,0,0,0,0,0,0,0,0,0,0
50.95,-0.0377772,-0.017596,-0.0227465,0,0,0,3.01899,2.04734,-2.32704,0.00892768,-0.000433323,0.0501292,0.0107072,-0.00255002,0.0444945,3,2,3.92699,0,0,0,0,0,0,0,0,0,0,0,2,3,2,3.92699,0,0,0,0,0,0,0,0,0,0,1.5708,1.5708,0,1.5708,1.5708,0,-0.00484692,-0.00223102,0.000376219,0,0,0,1.76234,1.21964,-0.0741039,0.000649374,-0.00052487,0.0139277,0.000459545,0.000890046,0.000769044,1.75578,1.20968,0,0,0,0,0.0204353,0.0114803,0,0,0,0,0.013024,0.00464322,2,1.75578,1.20968,0,0.344544,0.487027,3.7308e-15,0,0,0,0,0,0,0,0,0,0,0,0,0.855775,1.20968,0,0,0,0,0,0,0,0,0,0,0,0,2,0.855775,1.20968,0,1,2,0,0,0,0,0,1.1827,-0.3289,2.1877,0,0,0,0,0,0,0,-0,0,1.50475,0,0,0,0,0,0,0,0,0,0,0,0,0,0,0,0,0,0,0,0,0,0,0,0,0,0,0,0,0,0,0,0,0
51,-0.0377772,-0.017596,-0.0227465,0,0,0,3.01899,2.04734,-2.32704,0.00892768,-0.000433323,0.0501292,0.0107072,-0.00255002,0.0444945,3,2,3.92699,0,0,0,0,0,0,0,0,0,0,0,2,3,2,3.92699,0,0,0,0,0,0,0,0,0,0,1.5708,1.5708,0,1.5708,1.5708,0,-0.00484692,-0.00223102,0.000376219,0,0,0,1.76234,1.21964,-0.0741039,0.000649374,-0.00052487,0.0139277,0.000459545,0.000890046,0.000769044,1.75578,1.20968,0,0,0,0,0.0204353,0.0114803,0,0,0,0,0.013024,0.00464322,2,1.75578,1.20968,0,0.344544,0.487027,3.7308e-15,0,0,0,0,0,0,0,0,0,0,0,0,0.855775,1.20968,0,0,0,0,0,0,0,0,0,0,0,0,2,0.855775,1.20968,0,1,2,0,0,0,0,0,1.1827,-0.3289,2.1877,0,0,0,0,0,0,0,-0,0,1.50475,0,0,0,0,0,0,0,0,0,0,0,0,0,0,0,0,0,0,0,0,0,0,0,0,0,0,0,0,0,0,0,0,0
51.05,-0.0250937,-0.0331427,-0.0204015,0,0,0,3.0195,2.04775,-2.32269,0.005109,0.00412359,0.0434867,-0.0090382,0.0161523,0.000265128,3,2,3.92699,0,0,0,0,0,0,0,0,0,0,0,2,3,2,3.92699,0,0,0,0,0,0,0,0,0,0,1.5708,1.5708,0,1.5708,1.5708,0,-0.0058388,-0.00147085,0.000666996,0,0,0,1.76243,1.21957,-0.0728089,0.000930464,-0.000739975,0.0129536,0.00132604,-0.000249586,-0.00321377,1.75578,1.20968,0,0,0,0,0.0204353,0.0114803,0,0,0,0,0.013024,0.00464322,2,1.75578,1.20968,0,0.344544,0.487027,3.7308e-15,0,0,0,0,0,0,0,0,0,0,0,0,0.855775,1.20968,0,0,0,0,0,0,0,0,0,0,0,0,2,0.855775,1.20968,0,1,2,0,0,0,0,0,1.1827,-0.3289,2.1877,0,0,0,0,0,0,0,-0,0,1.50536,0,0,0,0,0,0,0,0,0,0,0,0,0,0,0,0,0,0,0,0,0,0,0,0,0,0,0,0,0,0,0,0,0
51.1,0.000740221,-0.0240322,-0.0104691,0,0,0,3.01925,2.0479,-2.32083,-0.00251489,0.0014076,0.0186699,-0.0385583,0.00138122,-0.104953,3,2,3.92699,0,0,0,0,0,0,0,0,0,0,0,2,3,2,3.92699,0,0,0,0,0,0,0,0,0,0,1.5708,1.5708,0,1.5708,1.5708,0,-0.0055568,-0.00228049,0.000472551,0,0,0,1.76251,1.21952,-0.0714923,0.000837482,-0.000495653,0.0131675,0.000542736,0.000671548,-0.00160357,1.75578,1.20968,0,0,0,0,0.0281326,0.0109941,0.00299291,0,0,0,0.0139184,0.00230703,2,1.75578,1.20968,0,0.344544,0.487027,3.7308e-15,0,0,0,0,0,0,0,0,0,0,0,0,0.855775,1.20968,0,0,0,0,0,0,0,0,0,0,0,0,2,0.855775,1.20968,0,1,2,0,0,0,0,0,1.1827,-0.3289,2.1877,0,0,0,0,0,0,0,-0,0,1.50519,0,0,0,0,0,0,0,0,0,0,0,0,0,0,0,0,0,0,0,0,0,0,0,0,0,0,0,0,0,0,0,0,0
51.15,0.000740221,-0.0240322,-0.0104691,0,0,0,3.01925,2.0479,-2.32083,-0.00251489,0.0014076,0.0186699,-0.0385583,0.00138122,-0.104953,3,2,3.92699,0,0,0,0,0,0,0,0,0,0,0,2,3,2,3.92699,0,0,0,0,0,0,0,0,0,0,1.5708,1.5708,0,1.5708,1.5708,0,-0.0055568,-0.00228049,0.000472551,0,0,0,1.76251,1.21952,-0.0714923,0.000837482,-0.000495653,0.0131675,0.000542736,0.000671548,-0.00160357,1.75578,1.20968,0,0,0,0,0.0241639,0.0126469,0,0,0,0,0.0143075,0.00402336,2,1.75578,1.20968,0,0.344544,0.487027,3.7308e-15,0,0,0,0,0,0,0,0,0,0,0,0,0.855775,1.20968,0,0,0,0,0,0,0,0,0,0,0,0,2,0.855775,1.20968,0,1,2,0,0,0,0,0,1.2827,-0.236,2.2853,0,0,0,0,0,0,0,-0,0,1.50519,0,0,0,0,0,0,0,0,0,0,0,0,0,0,0,0,0,0,0,0,0,0,0,0,0,0,0,0,0,0,0,0,0
51.2,-0.0110424,-0.0647783,0.0235196,0,0,0,3.01934,2.04923,-2.3272,0.000964471,0.0133207,-0.063694,-0.0132483,0.0464297,-0.406377,3,2,3.92699,0,0,0,0,0,0,0,0,0,0,0,2,3,2,3.92699,0,0,0,0,0,0,0,0,0,0,1.5708,1.5708,0,1.5708,1.5708,0,-0.0043574,-0.00549025,-0.000662018,0,0,0,1.76256,1.21956,-0.0699282,0.000478572,0.000444388,0.0156423,-0.00121451,0.00428426,0.0091393,1.75578,1.20968,0,0,0,0,0.0241639,0.0126469,0,0,0,0,0.0143075,0.00402336,2,1.75578,1.20968,0,0.344544,0.487027,3.7308e-15,0,0,0,0,0,0,0,0,0,0,0,0,0.855775,1.20968,0,0,0,0,0,0,0,0,0,0,0,0,2,0.855775,1.20968,0,1,2,0,0,0,0,0,1.2827,-0.236,2.2853,0,0,0,0,0,0,0,-0,0,1.50594,0,0,0,0,0,0,0,0,0,0,0,0,0,0,0,0,0,0,0,0,0,0,0,0,0,0,0,0,0,0,0,0,0
51.25,-0.0110424,-0.0647783,0.0235196,0,0,0,3.01934,2.04923,-2.3272,0.000964471,0.0133207,-0.063694,-0.0132483,0.0464297,-0.406377,3,2,3.92699,0,0,0,0,0,0,0,0,0,0,0,2,3,2,3.92699,0,0,0,0,0,0,0,0,0,0,1.5708,1.5708,0,1.5708,1.5708,0,-0.0043574,-0.00549025,-0.000662018,0,0,0,1.76256,1.21956,-0.0699282,0.000478572,0.000444388,0.0156423,-0.00121451,0.00428426,0.0091393,1.75578,1.20968,0,0,0,0,0.00496384,0.0223544,0,0,0,0,0.010005,0.0294833,2,1.75578,1.20968,0,0.344544,0.487027,3.7308e-15,0,0,0,0,0,0,0,0,0,0,0,0,0.855775,1.20968,0,0,0,0,0,0,0,0,0,0,0,0,2,0.855775,1.20968,0,1,2,0,0,0,0,0,1.2827,-0.236,2.2853,0,0,0,0,0,0,0,-0,0,1.50594,0,0,0,0,0,0,0,0,0,0,0,0,0,0,0,0,0,0,0,0,0,0,0,0,0,0,0,0,0,0,0,0,0
51.3,-0.00909576,-0.0180668,-0.00126964,0,0,0,3.01938,2.04918,-2.32746,0.000383167,-0.000512516,-0.00263837,-0.00685054,-0.0212954,-0.040846,3,2,3.92699,0,0,0,0,0,0,0,0,0,0,0,2,3,2,3.92699,0,0,0,0,0,0,0,0,0,0,1.5708,1.5708,0,1.5708,1.5708,0,-0.00528151,-0.00411551,0.000616263,0,0,0,1.76264,1.21957,-0.0687023,0.000741932,3.9049e-05,0.0122552,8.56755e-05,0.00144175,-0.00658355,1.75578,1.20968,0,0,0,0,0.00496384,0.0223544,0,0,0,0,0.010005,0.0294833,2,1.75578,1.20968,0,0.344544,0.487027,3.7308e-15,0,0,0,0,0,0,0,0,0,0,0,0,0.855775,1.20968,0,0,0,0,0,0,0,0,0,0,0,0,2,0.855775,1.20968,0,1,2,0,0,0,0,0,1.2827,-0.236,2.2853,0,0,0,0,0,0,0,-0,0,1.50588,0,0,0,0,0,0,0,0,0,0,0,0,0,0,0,0,0,0,0,0,0,0,0,0,0,0,0,0,0,0,0,0,0
51.35,-0.00909576,-0.0180668,-0.00126964,0,0,0,3.01938,2.04918,-2.32746,0.000383167,-0.000512516,-0.00263837,-0.00685054,-0.0212954,-0.040846,3,2,3.92699,0,0,0,0,0,0,0,0,0,0,0,2,3,2,3.92699,0,0,0,0,0,0,0,0,0,0,1.5708,1.5708,0,1.5708,1.5708,0,-0.00528151,-0.00411551,0.000616263,0,0,0,1.76264,1.21957,-0.0687023,0.000741932,3.9049e-05,0.0122552,8.56755e-05,0.00144175,-0.00658355,1.75578,1.20968,0,0,0,0,0.0244644,0.00966126,0,0,0,0,0.0222137,0.00835938,2,1.75578,1.20968,0,0.344544,0.487027,3.7308e-15,0,0,0,0,0,0,0,0,0,0,0,0,0.855775,1.20968,0,0,0,0,0,0,0,0,0,0,0,0,2,0.855775,1.20968,0,1,2,0,0,0,0,0,1.3034,-0.2078,2.3132,0,0,0,0,0,0,0,-0,0,1.50588,0,0,0,0,0,0,0,0,0,0,0,0,0,0,0,0,0,0,0,0,0,0,0,0,0,0,0,0,0,0,0,0,0
51.4,-0.00880336,-0.0203305,-0.00386705,0,0,0,3.01941,2.04919,-2.32709,0.000293041,0.000156289,0.00367971,-0.00360807,-0.0192802,0.0501974,3,2,3.92699,0,0,0,0,0,0,0,0,0,0,0,2,3,2,3.92699,0,0,0,0,0,0,0,0,0,0,1.5708,1.5708,0,1.5708,1.5708,0,-0.00596729,-0.00339981,-1.52253e-06,0,0,0,1.76273,1.21955,-0.0673523,0.000932845,-0.000169719,0.0135029,0.000989181,-0.000353257,-0.00111337,1.75578,1.20968,0,0,0,0,0.0244644,0.00966126,0,0,0,0,0.0222137,0.00835938,2,1.75578,1.20968,0,0.344544,0.487027,3.7308e-15,0,0,0,0,0,0,0,0,0,0,0,0,0.855775,1.20968,0,0,0,0,0,0,0,0,0,0,0,0,2,0.855775,1.20968,0,1,2,0,0,0,0,0,1.3034,-0.2078,2.3132,0,0,0,0,0,0,0,-0,0,1.50584,0,0,0,0,0,0,0,0,0,0,0,0,0,0,0,0,0,0,0,0,0,0,0,0,0,0,0,0,0,0,0,0,0
51.45,-0.00880336,-0.0203305,-0.00386705,0,0,0,3.01941,2.04919,-2.32709,0.000293041,0.000156289,0.00367971,-0.00360807,-0.0192802,0.0501974,3,2,3.92699,0,0,0,0,0,0,0,0,0,0,0,2,3,2,3.92699,0,0,0,0,0,0,0,0,0,0,1.5708,1.5708,0,1.5708,1.5708,0,-0.00596729,-0.00339981,-1.52253e-06,0,0,0,1.76273,1.21955,-0.0673523,0.000932845,-0.000169719,0.0135029,0.000989181,-0.000353257,-0.00111337,1.75578,1.20968,0,0,0,0,0.0185743,0.0205629,0,0,0,0,0.012037,0.0138976,2,1.75578,1.20968,0,0.344544,0.487027,3.7308e-15,0,0,0,0,0,0,0,0,0,0,0,0,0.855775,1.20968,0,0,0,0,0,0,0,0,0,0,0,0,2,0.855775,1.20968,0,1,2,0,0,0,0,0,1.3034,-0.2078,2.3132,0,0,0,0,0,0,0,-0,0,1.50584,0,0,0,0,0,0,0,0,0,0,0,0,0,0,0,0,0,0,0,0,0,0,0,0,0,0,0,0,0,0,0,0,0
51.5,-0.00823123,-0.0197863,-0.00394521,0,0,0,3.01942,2.04919,-2.32671,0.000122079,-4.88318e-06,0.00379591,-0.00241055,-0.0119475,0.0429239,3,2,3.92699,0,0,0,0,0,0,0,0,0,0,0,2,3,2,3.92699,0,0,0,0,0,0,0,0,0,0,1.5708,1.5708,0,1.5708,1.5708,0,-0.00590364,-0.00392995,0.000571849,0,0,0,1.76282,1.21955,-0.0661668,0.000903386,-1.34287e-05,0.0118562,0.000599403,0.000169389,-0.00649435,1.75578,1.20968,0,0,0,0,0.0185743,0.0205629,0,0,0,0,0.012037,0.0138976,2,1.75578,1.20968,0,0.344544,0.487027,3.7308e-15,0,0,0,0,0,0,0,0,0,0,0,0,0.855775,1.20968,0,0,0,0,0,0,0,0,0,0,0,0,2,0.855775,1.20968,0,1,2,0,0,0,0,0,1.3034,-0.2078,2.3132,0,0,0,0,0,0,0,-0,0,1.50578,0,0,0,0,0,0,0,0,0,0,0,0,0,0,0,0,0,0,0,0,0,0,0,0,0,0,0,0,0,0,0,0,0
51.55,-0.00823123,-0.0197863,-0.00394521,0,0,0,3.01942,2.04919,-2.32671,0.000122079,-4.88318e-06,0.00379591,-0.00241055,-0.0119475,0.0429239,3,2,3.92699,0,0,0,0,0,0,0,0,0,0,0,2,3,2,3.92699,0,0,0,0,0,0,0,0,0,0,1.5708,1.5708,0,1.5708,1.5708,0,-0.00590364,-0.00392995,0.000571849,0,0,0,1.76282,1.21955,-0.0661668,0.000903386,-1.34287e-05,0.0118562,0.000599403,0.000169389,-0.00649435,1.75578,1.20968,0,0,0,0,0.026061,0.0124724,0,0,0,0,0.021111,0.00839342,2,1.75578,1.20968,0,0.344544,0.487027,3.7308e-15,0,0,0,0,0,0,0,0,0,0,0,0,0.855775,1.20968,0,0,0,0,0,0,0,0,0,0,0,0,2,0.855775,1.20968,0,1,2,0,0,0,0,0,1.212,-0.2998,2.2241,0,0,0,0,0,0,0,-0,0,1.50578,0,0,0,0,0,0,0,0,0,0,0,0,0,0,0,0,0,0,0,0,0,0,0,0,0,0,0,0,0,0,0,0,0
51.6,-0.00756065,-0.0187937,-0.00301053,0,0,0,3.01942,2.04916,-2.32657,-7.569e-05,-0.000295435,0.0014664,-0.00207562,-0.00734247,0.0154814,3,2,3.92699,0,0,0,0,0,0,0,0,0,0,0,2,3,2,3.92699,0,0,0,0,0,0,0,0,0,0,1.5708,1.5708,0,1.5708,1.5708,0,-0.00639304,-0.00317023,5.08025e-05,0,0,0,1.76292,1.21953,-0.0648791,0.00103525,-0.000234395,0.0128786,0.000833808,-0.000710438,-0.000546038,1.75578,1.20968,0,0,0,0,0.026061,0.0124724,0,0,0,0,0.021111,0.00839342,2,1.75578,1.20968,0,0.344544,0.487027,3.7308e-15,0,0,0,0,0,0,0,0,0,0,0,0,0.855775,1.20968,0,0,0,0,0,0,0,0,0,0,0,0,2,0.855775,1.20968,0,1,2,0,0,0,0,0,1.212,-0.2998,2.2241,0,0,0,0,0,0,0,-0,0,1.50568,0,0,0,0,0,0,0,0,0,0,0,0,0,0,0,0,0,0,0,0,0,0,0,0,0,0,0,0,0,0,0,0,0
51.65,-0.00756065,-0.0187937,-0.00301053,0,0,0,3.01942,2.04916,-2.32657,-7.569e-05,-0.000295435,0.0014664,-0.00207562,-0.00734247,0.0154814,3,2,3.92699,0,0,0,0,0,0,0,0,0,0,0,2,3,2,3.92699,0,0,0,0,0,0,0,0,0,0,1.5708,1.5708,0,1.5708,1.5708,0,-0.00639304,-0.00317023,5.08025e-05,0,0,0,1.76292,1.21953,-0.0648791,0.00103525,-0.000234395,0.0128786,0.000833808,-0.000710438,-0.000546038,1.75578,1.20968,0,0,0,0,0.0208537,0.0213577,0,0,0,0,0.0119957,0.012467,2,1.75578,1.20968,0,0.344544,0.487027,3.7308e-15,0,0,0,0,0,0,0,0,0,0,0,0,0.855775,1.20968,0,0,0,0,0,0,0,0,0,0,0,0,2,0.855775,1.20968,0,1,2,0,0,0,0,0,1.212,-0.2998,2.2241,0,0,0,0,0,0,0,-0,0,1.50568,0,0,0,0,0,0,0,0,0,0,0,0,0,0,0,0,0,0,0,0,0,0,0,0,0,0,0,0,0,0,0,0,0
51.7,-0.00757435,-0.0189405,-0.00290573,0,0,0,3.01941,2.04914,-2.32645,-7.0788e-05,-0.000248979,0.00118473,-0.00118133,-0.00359968,0.00445589,3,2,3.92699,0,0,0,0,0,0,0,0,0,0,0,2,3,2,3.92699,0,0,0,0,0,0,0,0,0,0,1.5708,1.5708,0,1.5708,1.5708,0,-0.00629121,-0.00385289,0.000222846,0,0,0,1.76302,1.21952,-0.0636577,0.000993476,-3.29531e-05,0.012211,0.000365833,0.000259212,-0.00218548,1.75578,1.20968,0,0,0,0,0.0208537,0.0213577,0,0,0,0,0.0119957,0.012467,2,1.75578,1.20968,0,0.344544,0.487027,3.7308e-15,0,0,0,0,0,0,0,0,0,0,0,0,0.855775,1.20968,0,0,0,0,0,0,0,0,0,0,0,0,2,0.855775,1.20968,0,1,2,0,0,0,0,0,1.212,-0.2998,2.2241,0,0,0,0,0,0,0,-0,0,1.50558,0,0,0,0,0,0,0,0,0,0,0,0,0,0,0,0,0,0,0,0,0,0,0,0,0,0,0,0,0,0,0,0,0
51.75,-0.00757435,-0.0189405,-0.00290573,0,0,0,3.01941,2.04914,-2.32645,-7.0788e-05,-0.000248979,0.00118473,-0.00118133,-0.00359968,0.00445589,3,2,3.92699,0,0,0,0,0,0,0,0,0,0,0,2,3,2,3.92699,0,0,0,0,0,0,0,0,0,0,1.5708,1.5708,0,1.5708,1.5708,0,-0.00629121,-0.00385289,0.000222846,0,0,0,1.76302,1.21952,-0.0636577,0.000993476,-3.29531e-05,0.012211,0.000365833,0.000259212,-0.00218548,1.75578,1.20968,0,0,0,0,0.0226214,0.0186396,0,0,0,0,0.01638,0.0126531,2,1.75578,1.20968,0,0.344544,0.487027,3.7308e-15,0,0,0,0,0,0,0,0,0,0,0,0,0.855775,1.20968,0,0,0,0,0,0,0,0,0,0,0,0,2,0.855775,1.20968,0,1,2,0,0,0,0,0,1.2478,-0.2639,2.2627,0,0,0,0,0,0,0,-0,0,1.50558,0,0,0,0,0,0,0,0,0,0,0,0,0,0,0,0,0,0,0,0,0,0,0,0,0,0,0,0,0,0,0,0,0
51.8,-0.007563,-0.0188799,-0.0030551,0,0,0,3.0194,2.04911,-2.32629,-7.32763e-05,-0.000263795,0.00152182,-0.000598199,-0.00171389,0.00252876,3,2,3.92699,0,0,0,0,0,0,0,0,0,0,0,2,3,2,3.92699,0,0,0,0,0,0,0,0,0,0,1.5708,1.5708,0,1.5708,1.5708,0,-0.00768028,-0.00338575,3.06991e-05,0,0,0,1.76316,1.21951,-0.0624149,0.00138614,-0.000168535,0.0124341,0.001724,-0.000254767,-0.000657839,1.75578,1.20968,0,0,0,0,0.0226214,0.0186396,0,0,0,0,0.01638,0.0126531,2,1.75578,1.20968,0,0.344544,0.487027,3.7308e-15,0,0,0,0,0,0,0,0,0,0,0,0,0.855775,1.20968,0,0,0,0,0,0,0,0,0,0,0,0,2,0.855775,1.20968,0,1,2,0,0,0,0,0,1.2478,-0.2639,2.2627,0,0,0,0,0,0,0,-0,0,1.50545,0,0,0,0,0,0,0,0,0,0,0,0,0,0,0,0,0,0,0,0,0,0,0,0,0,0,0,0,0,0,0,0,0
