0,0,0,0,0,0,0,0,0,0,0,0,0,0,0,0,0,0,0,0,0,0,0,0,0,0,0,0,0,0,0,0,0,0,0,0,0,0,0,0,0,0,0,0,0,0,0,0,0,0,0,0,0,0,0,0,0,0,0,0,0,0,0,0,0,0,0,0,0,0,0,0,0,0,0,0,0,0,0,0,0,0,0,0,0,0,0,0,0,0,0,0,0,0,0,0,0,0,0,0,0,0,0,0,0,0,0,0,0,0,0,0,0,0,0,0,0,0,0,0,0,0,0,0,0,0,0,0,0,0,0,0,0,0,0,0,0,0,0,0,0,0,0,0,0,0,0,0,0,0,0
0,0,0,0,0,0,0,1.96932,1.52319,3.1062,-1.46432e-05,0.000100062,-6.19665e-05,0.00793433,0.00613687,0.0125148,0,0,0,0,0,0,0,0,0,0,0,0,0,0,0,0,0,0,0,0,0,0,0,0,0,0,0,0,0,0,0,0,0,0,0,0,0,0,0,0,0.396197,0.396273,-0.768539,5.6132e-05,2.74559e-05,-0.000361073,0.00159627,0.00159657,-0.00309642,0,0,0,0,0,0,0,0,0,0,0,0,0,0,0,0,0,0,0,0,0,0,0,0,0,0,0,0,0,0,0,0,0,0,0,0,0,0,0,0,0,0,0,0,0,0,0,0,0,0,0,0,2,0,0,0,0,0,0.3755,0.2655,-0.7685,0,0,0,0,0,0,0,-0,0,1.93511,0,0,0,0,0,0,0,0,0,0,0,0,0,0,0
0,0,0,0,0,0,0,1.96932,1.52318,3.10619,-2.19781e-05,-9.52383e-05,-8.82366e-05,-0.790325,-0.611597,-1.24679,0,0,0,0,0,0,0,0,0,0,0,0,0,0,0,0,0,0,0,0,0,0,0,0,0,0,0,0,0,0,0,0,0,0,0,0,0,0,0,0,0.396226,0.39626,-0.768342,0.000294262,-0.000123321,0.00196982,-0.157808,-0.159507,0.316266,0,0,0,0,0,0,0,0,0,0,0,0,0,0,0,0,0,0,0,0,0,0,0,0,0,0,0,0,0,0,0,0,0,0,0,0,0,0,0,0,0,0,0,0,0,0,0,0,0,0,0,0,2,0,0,0,0,0,0.3755,0.2655,-0.7685,0,0,0,0,0,0,0,-0,0,1.93509,0,0,0,0,0,0,0,0,0,0,0,0,0,0,0
0.05,0,0,0,0,0,0,1.96932,1.52318,3.10619,5.24789e-05,-7.32264e-06,4.52897e-05,-0.290495,-0.224795,-0.45829,0,0,0,0,0,0,0,0,0,0,0,0,0,0,0,0,0,0,0,0,0,0,0,0,0,0,0,0,0,0,0,0,0,0,0,0,0,0,0,0,0.396268,0.39627,-0.768343,0.00041495,9.64149e-05,-7.15103e-06,-0.0571424,-0.0579858,0.111351,0,0,0,0,0,0,0,0,0,0,0,0,0,0,0,0,0,0,0,0,0,0,0,0,0,0,0,0,0,0,0,0,0,0,0,0,0,0,0,0,0,0,0,0,0,0,0,0,0,0,0,0,2,0,0,0,0,0,0.3755,0.2655,-0.7685,0,0,0,0,0,0,0,-0,0,1.93505,0,0,0,0,0,0,0,0,0,0,0,0,0,0,0
0.1,0,0,0,0,0,0,1.96932,1.52318,3.1062,-4.27388e-05,6.59399e-05,3.10047e-05,-0.107151,-0.082328,-0.168506,0,0,0,0,0,0,0,0,0,0,0,0,0,0,0,0,0,0,0,0,0,0,0,0,0,0,0,0,0,0,0,0,0,0,0,0,0,0,0,0,0.396273,0.396299,-0.768287,5.49498e-05,0.000289402,0.000564642,-0.022124,-0.0203047,0.0414081,0,0,0,0,0,0,0,0,0,0,0,0,0,0,0,0,0,0,0,0,0,0,0,0,0,0,0,0,0,0,0,0,0,0,0,0,0,0,0,0,0,0,0,0,0,0,0,0,0,0,0,0,2,0,0,0,0,0,0.3755,0.2655,-0.7685,0,0,0,0,0,0,0,-0,0,1.93503,0,0,0,0,0,0,0,0,0,0,0,0,0,0,0
0.15,0,0,0,0,0,0,1.96931,1.52319,3.10619,-4.15087e-05,5.73797e-05,-4.53048e-05,-0.0395275,-0.0301919,-0.0622761,0,0,0,0,0,0,0,0,0,0,0,0,0,0,0,0,0,0,0,0,0,0,0,0,0,0,0,0,0,0,0,0,0,0,0,0,0,0,0,0,0.39629,0.396304,-0.768162,0.000168476,5.00546e-05,0.0012429,-0.00809266,-0.0080497,0.0181107,0,0,0,0,0,0,0,0,0,0,0,0,0,0,0,0,0,0,0,0,0,0,0,0,0,0,0,0,0,0,0,0,0,0,0,0,0,0,0,0,0,0,0,0,0,0,0,0,0,0,0,0,2,0,0,0,0,0,1.2551,1.2045,-3.9187,0,0,0,0,0,0,0,-0,0,1.93501,0,0,0,0,0,0,0,0,0,0,0,0,0,0,0
0.2,0,0,0,0,0,0,1.96931,1.52319,3.10619,-4.15087e-05,5.73797e-05,-4.53048e-05,-0.0395275,-0.0301919,-0.0622761,0,0,0,0,0,0,0,0,0,0,0,0,0,0,0,0,0,0,0,0,0,0,0,0,0,0,0,0,0,0,0,0,0,0,0,0,0,0,0,0,0.39629,0.396304,-0.768162,0.000168476,5.00546e-05,0.0012429,-0.00809266,-0.0080497,0.0181107,0,0,0,0,0,0,0,0,0,0,0,0,0,0,0,0,0,0,0,0,0,0,0,0,0,0,0,0,0,0,0,0,0,0,0,0,0,0,0,0,0,0,0,0,0,0,0,0,0,0,0,0,2,0,0,0,0,0,1.2551,1.2045,-3.9187,0,0,0,0,0,0,0,-0,0,1.93501,0,0,0,0,0,0,0,0,0,0,0,0,0,0,0
0.25,0,0,0,0,0,0,1.96932,1.52317,3.1062,1.4648e-05,-0.000155025,4.76823e-05,-0.0143543,-0.0119188,-0.0226396,0,0,0,0,0,0,0,0,0,0,0,0,0,0,0,0,0,0,0,0,0,0,0,0,0,0,0,0,0,0,0,0,0,0,0,0,0,0,0,0,0.396319,0.396297,-0.768125,0.000290519,-6.95782e-05,0.000373115,-0.00247188,-0.00365229,0.00424489,0,0,0,0,0,0,0,0,0,0,0,0,0,0,0,0,0,0,0,0,0,0,0,0,0,0,0,0,0,0,0,0,0,0,0,0,0,0,0,0,0,0,0,0,0,0,0,0,0,0,0,0,2,0,0,0,0,0,1.2551,1.2045,-3.9187,0,0,0,0,0,0,0,-0,0,1.93498,0,0,0,0,0,0,0,0,0,0,0,0,0,0,0
0.3,0,0,0,0,0,0,1.96932,1.52317,3.1062,1.4648e-05,-0.000155025,4.76823e-05,-0.0143543,-0.0119188,-0.0226396,0,0,0,0,0,0,0,0,0,0,0,0,0,0,0,0,0,0,0,0,0,0,0,0,0,0,0,0,0,0,0,0,0,0,0,0,0,0,0,0,0.396319,0.396297,-0.768125,0.000290519,-6.95782e-05,0.000373115,-0.00247188,-0.00365229,0.00424489,0,0,0,0,0,0,0,0,0,0,0,0,0,0,0,0,0,0,0,0,0,0,0,0,0,0,0,0,0,0,0,0,0,0,0,0,0,0,0,0,0,0,0,0,0,0,0,0,0,0,0,0,2,0,0,0,0,0,1.2551,1.2045,-3.9187,0,0,0,0,0,0,0,-0,0,1.93498,0,0,0,0,0,0,0,0,0,0,0,0,0,0,0
0.35,0,0,0,0,0,0,1.96932,1.52318,3.1062,5.49241e-05,5.85857e-05,4.76771e-05,-0.00505018,-0.00382921,-0.00822807,0,0,0,0,0,0,0,0,0,0,0,0,0,0,0,0,0,0,0,0,0,0,0,0,0,0,0,0,0,0,0,0,0,0,0,0,0,0,0,0,0.396322,0.396303,-0.768061,2.56312e-05,5.79753e-05,0.000642448,-0.00178181,-0.00108797,0.00174807,0,0,0,0,0,0,0,0,0,0,0,0,0,0,0,0,0,0,0,0,0,0,0,0,0,0,0,0,0,0,0,0,0,0,0,0,0,0,0,0,0,0,0,0,0,0,0,0,0,0,0,0,2,0,0,0,0,0,1.3935,1.3429,-3.7801,0,0,0,0,0,0,0,-0,0,1.93499,0,0,0,0,0,0,0,0,0,0,0,0,0,0,0
0.4,0,0,0,0,0,0,1.96932,1.52318,3.1062,5.49241e-05,5.85857e-05,4.76771e-05,-0.00505018,-0.00382921,-0.00822807,0,0,0,0,0,0,0,0,0,0,0,0,0,0,0,0,0,0,0,0,0,0,0,0,0,0,0,0,0,0,0,0,0,0,0,0,0,0,0,0,0.396322,0.396303,-0.768061,2.56312e-05,5.79753e-05,0.000642448,-0.00178181,-0.00108797,0.00174807,0,0,0,0,0,0,0,0,0,0,0,0,0,0,0,0,0,0,0,0,0,0,0,0,0,0,0,0,0,0,0,0,0,0,0,0,0,0,0,0,0,0,0,0,0,0,0,0,0,0,0,0,2,0,0,0,0,0,1.3935,1.3429,-3.7801,0,0,0,0,0,0,0,-0,0,1.93499,0,0,0,0,0,0,0,0,0,0,0,0,0,0,0
0.45,0,0,0,0,0,0,1.96932,1.52318,3.1062,5.49241e-05,5.85857e-05,4.76771e-05,-0.00505018,-0.00382921,-0.00822807,0,0,0,0,0,0,0,0,0,0,0,0,0,0,0,0,0,0,0,0,0,0,0,0,0,0,0,0,0,0,0,0,0,0,0,0,0,0,0,0,0.396322,0.396303,-0.768061,2.56312e-05,5.79753e-05,0.000642448,-0.00178181,-0.00108797,0.00174807,0,0,0,0,0,0,0,0,0,0,0,0,0,0,0,0,0,0,0,0,0,0,0,0,0,0,0,0,0,0,0,0,0,0,0,0,0,0,0,0,0,0,0,0,0,0,0,0,0,0,0,0,2,0,0,0,0,0,1.3935,1.3429,-3.7801,0,0,0,0,0,0,0,-0,0,1.93499,0,0,0,0,0,0,0,0,0,0,0,0,0,0,0
0.5,0,0,0,0,0,0,1.96932,1.52318,3.1062,1.09872e-05,-3.54032e-05,-4.29187e-05,-0.00194872,-0.00157997,-0.00335204,0,0,0,0,0,0,0,0,0,0,0,0,0,0,0,0,0,0,0,0,0,0,0,0,0,0,0,0,0,0,0,0,0,0,0,0,0,0,0,0,0.396354,0.396312,-0.768024,0.000318629,9.156e-05,0.000372558,0.000194278,-0.000172047,-0.000367004,0,0,0,0,0,0,0,0,0,0,0,0,0,0,0,0,0,0,0,0,0,0,0,0,0,0,0,0,0,0,0,0,0,0,0,0,0,0,0,0,0,0,0,0,0,0,0,0,0,0,0,0,2,0,0,0,0,0,1.3935,1.3429,-3.7801,0,0,0,0,0,0,0,-0,0,1.93495,0,0,0,0,0,0,0,0,0,0,0,0,0,0,0
0.55,0,0,0,0,0,0,1.96932,1.52318,3.1062,1.09872e-05,-3.54032e-05,-4.29187e-05,-0.00194872,-0.00157997,-0.00335204,0,0,0,0,0,0,0,0,0,0,0,0,0,0,0,0,0,0,0,0,0,0,0,0,0,0,0,0,0,0,0,0,0,0,0,0,0,0,0,0,0.396354,0.396312,-0.768024,0.000318629,9.156e-05,0.000372558,0.000194278,-0.000172047,-0.000367004,0,0,0,0,0,0,0,0,0,0,0,0,0,0,0,0,0,0,0,0,0,0,0,0,0,0,0,0,0,0,0,0,0,0,0,0,0,0,0,0,0,0,0,0,0,0,0,0,0,0,0,0,2,0,0,0,0,0,1.2993,1.2488,-3.8742,0,0,0,0,0,0,0,-0,0,1.93495,0,0,0,0,0,0,0,0,0,0,0,0,0,0,0
0.6,0,0,0,0,0,0,1.96932,1.52318,3.1062,-2.4414e-05,3.66209e-05,2.86101e-05,-0.000891828,-0.000356518,-0.00106704,0,0,0,0,0,0,0,0,0,0,0,0,0,0,0,0,0,0,0,0,0,0,0,0,0,0,0,0,0,0,0,0,0,0,0,0,0,0,0,0,0.396503,0.396244,-0.767169,0.0014978,-0.000681151,0.0085449,0.00509585,-0.0030669,0.0321484,0,0,0,0,0,0,0,0,0,0,0,0,0,0,0,0,0,0,0,0,0,0,0,0,0,0,0,0,0,0,0,0,0,0,0,0,0,0,0,0,0,0,0,0,0,0,0,0,0,0,0,0,2,0,0,0,0,0,1.2993,1.2488,-3.8742,0,0,0,0,0,0,0,-0,0,1.93487,0,0,0,0,0,0,0,0,0,0,0,0,0,0,0
0.65,0,0,0,0,0,0,1.96932,1.52318,3.1062,-2.4414e-05,3.66209e-05,2.86101e-05,-0.000891828,-0.000356518,-0.00106704,0,0,0,0,0,0,0,0,0,0,0,0,0,0,0,0,0,0,0,0,0,0,0,0,0,0,0,0,0,0,0,0,0,0,0,0,0,0,0,0,0.396503,0.396244,-0.767169,0.0014978,-0.000681151,0.0085449,0.00509585,-0.0030669,0.0321484,0,0,0,0,0,0,0,0,0,0,0,0,0,0,0,0,0,0,0,0,0,0,0,0,0,0,0,0,0,0,0,0,0,0,0,0,0,0,0,0,0,0,0,0,0,0,0,0,0,0,0,0,2,0,0,0,0,0,1.2993,1.2488,-3.8742,0,0,0,0,0,0,0,-0,0,1.93487,0,0,0,0,0,0,0,0,0,0,0,0,0,0,0
0.7,0,0,0,0,0,0,1.96932,1.52317,3.1062,-3.41911e-05,-5.37288e-05,-1.66949e-05,-0.000431533,-0.0004095,-0.000512495,0,0,0,0,0,0,0,0,0,0,0,0,0,0,0,0,0,0,0,0,0,0,0,0,0,0,0,0,0,0,0,0,0,0,0,0,0,0,0,0,0.396384,0.39632,-0.767914,-0.00119424,0.000764414,-0.00745246,-0.0070335,0.00354269,-0.0402167,0,0,0,0,0,0,0,0,0,0,0,0,0,0,0,0,0,0,0,0,0,0,0,0,0,0,0,0,0,0,0,0,0,0,0,0,0,0,0,0,0,0,0,0,0,0,0,0,0,0,0,0,2,0,0,0,0,0,1.2993,1.2488,-3.8742,0,0,0,0,0,0,0,-0,0,1.93492,0,0,0,0,0,0,0,0,0,0,0,0,0,0,0
0.75,0,0,0,0,0,0,1.96932,1.52317,3.1062,-3.41911e-05,-5.37288e-05,-1.66949e-05,-0.000431533,-0.0004095,-0.000512495,0,0,0,0,0,0,0,0,0,0,0,0,0,0,0,0,0,0,0,0,0,0,0,0,0,0,0,0,0,0,0,0,0,0,0,0,0,0,0,0,0.396384,0.39632,-0.767914,-0.00119424,0.000764414,-0.00745246,-0.0070335,0.00354269,-0.0402167,0,0,0,0,0,0,0,0,0,0,0,0,0,0,0,0,0,0,0,0,0,0,0,0,0,0,0,0,0,0,0,0,0,0,0,0,0,0,0,0,0,0,0,0,0,0,0,0,0,0,0,0,2,0,0,0,0,0,1.3691,1.3186,-3.8043,0,0,0,0,0,0,0,-0,0,1.93492,0,0,0,0,0,0,0,0,0,0,0,0,0,0,0
0.8,0,0,0,0,0,0,1.96932,1.52319,3.10619,4.63916e-05,0.000113537,-4.29199e-05,0.000125129,0.000415232,-0.000337489,0,0,0,0,0,0,0,0,0,0,0,0,0,0,0,0,0,0,0,0,0,0,0,0,0,0,0,0,0,0,0,0,0,0,0,0,0,0,0,0,0.396393,0.396331,-0.767897,9.15623e-05,0.000106823,0.000168103,-0.000728485,0.000395012,-0.00350064,0,0,0,0,0,0,0,0,0,0,0,0,0,0,0,0,0,0,0,0,0,0,0,0,0,0,0,0,0,0,0,0,0,0,0,0,0,0,0,0,0,0,0,0,0,0,0,0,0,0,0,0,2,0,0,0,0,0,1.3691,1.3186,-3.8043,0,0,0,0,0,0,0,-0,0,1.93492,0,0,0,0,0,0,0,0,0,0,0,0,0,0,0
0.85,0,0,0,0,0,0,1.96932,1.52319,3.10619,4.63916e-05,0.000113537,-4.29199e-05,0.000125129,0.000415232,-0.000337489,0,0,0,0,0,0,0,0,0,0,0,0,0,0,0,0,0,0,0,0,0,0,0,0,0,0,0,0,0,0,0,0,0,0,0,0,0,0,0,0,0.396393,0.396331,-0.767897,9.15623e-05,0.000106823,0.000168103,-0.000728485,0.000395012,-0.00350064,0,0,0,0,0,0,0,0,0,0,0,0,0,0,0,0,0,0,0,0,0,0,0,0,0,0,0,0,0,0,0,0,0,0,0,0,0,0,0,0,0,0,0,0,0,0,0,0,0,0,0,0,2,0,0,0,0,0,1.3691,1.3186,-3.8043,0,0,0,0,0,0,0,-0,0,1.93492,0,0,0,0,0,0,0,0,0,0,0,0,0,0,0
0.9,0,0,0,0,0,0,1.96932,1.52318,3.10618,-2.07534e-05,-8.54554e-06,-0.000102527,-0.000117788,-0.000126817,-0.000417127,0,0,0,0,0,0,0,0,0,0,0,0,0,0,0,0,0,0,0,0,0,0,0,0,0,0,0,0,0,0,0,0,0,0,0,0,0,0,0,0,0.396505,0.396286,-0.767414,0.0011158,-0.000452304,0.00483429,0.00450886,-0.00242316,0.0215143,0,0,0,0,0,0,0,0,0,0,0,0,0,0,0,0,0,0,0,0,0,0,0,0,0,0,0,0,0,0,0,0,0,0,0,0,0,0,0,0,0,0,0,0,0,0,0,0,0,0,0,0,2,0,0,0,0,0,1.3691,1.3186,-3.8043,0,0,0,0,0,0,0,-0,0,1.93485,0,0,0,0,0,0,0,0,0,0,0,0,0,0,0
0.95,0,0,0,0,0,0,1.96932,1.52317,3.10619,-3.6614e-06,-0.00012937,3.09884e-05,-3.531e-05,-0.000632313,0.000272256,0,0,0,0,0,0,0,0,0,0,0,0,0,0,0,0,0,0,0,0,0,0,0,0,0,0,0,0,0,0,0,0,0,0,0,0,0,0,0,0,0.396421,0.396318,-0.767725,-0.000840902,0.000321593,-0.0031048,-0.00440236,0.00125592,-0.0154189,0,0,0,0,0,0,0,0,0,0,0,0,0,0,0,0,0,0,0,0,0,0,0,0,0,0,0,0,0,0,0,0,0,0,0,0,0,0,0,0,0,0,0,0,0,0,0,0,0,0,0,0,2,0,0,0,0,0,1.2992,1.2488,-3.8739,0,0,0,0,0,0,0,-0,0,1.93489,0,0,0,0,0,0,0,0,0,0,0,0,0,0,0
1,0,0,0,0,0,0,1.96932,1.52317,3.10619,-3.6614e-06,-0.00012937,3.09884e-05,-3.531e-05,-0.000632313,0.000272256,0,0,0,0,0,0,0,0,0,0,0,0,0,0,0,0,0,0,0,0,0,0,0,0,0,0,0,0,0,0,0,0,0,0,0,0,0,0,0,0,0.396421,0.396318,-0.767725,-0.000840902,0.000321593,-0.0031048,-0.00440236,0.00125592,-0.0154189,0,0,0,0,0,0,0,0,0,0,0,0,0,0,0,0,0,0,0,0,0,0,0,0,0,0,0,0,0,0,0,0,0,0,0,0,0,0,0,0,0,0,0,0,0,0,0,0,0,0,0,0,2,0,0,0,0,0,1.2992,1.2488,-3.8739,0,0,0,0,0,0,0,-0,0,1.93489,0,0,0,0,0,0,0,0,0,0,0,0,0,0,0
1.05,0,0,0,0,0,0,1.96932,1.52318,3.10619,2.44173e-06,0.000111099,5.2459e-05,1.43508e-05,0.000512858,0.00034254,0,0,0,0,0,0,0,0,0,0,0,0,0,0,0,0,0,0,0,0,0,0,0,0,0,0,0,0,0,0,0,0,0,0,0,0,0,0,0,0,0.396426,0.396364,-0.767658,5.37179e-05,0.000463927,0.000669447,-0.000274125,0.00182051,0.000826429,0,0,0,0,0,0,0,0,0,0,0,0,0,0,0,0,0,0,0,0,0,0,0,0,0,0,0,0,0,0,0,0,0,0,0,0,0,0,0,0,0,0,0,0,0,0,0,0,0,0,0,0,2,0,0,0,0,0,1.2992,1.2488,-3.8739,0,0,0,0,0,0,0,-0,0,1.93487,0,0,0,0,0,0,0,0,0,0,0,0,0,0,0
1.1,0,0,0,0,0,0,1.96932,1.52318,3.10619,2.44173e-06,0.000111099,5.2459e-05,1.43508e-05,0.000512858,0.00034254,0,0,0,0,0,0,0,0,0,0,0,0,0,0,0,0,0,0,0,0,0,0,0,0,0,0,0,0,0,0,0,0,0,0,0,0,0,0,0,0,0.396426,0.396364,-0.767658,5.37179e-05,0.000463927,0.000669447,-0.000274125,0.00182051,0.000826429,0,0,0,0,0,0,0,0,0,0,0,0,0,0,0,0,0,0,0,0,0,0,0,0,0,0,0,0,0,0,0,0,0,0,0,0,0,0,0,0,0,0,0,0,0,0,0,0,0,0,0,0,2,0,0,0,0,0,1.2992,1.2488,-3.8739,0,0,0,0,0,0,0,-0,0,1.93487,0,0,0,0,0,0,0,0,0,0,0,0,0,0,0
1.15,0,0,0,0,0,0,1.96932,1.52318,3.10619,2.44173e-06,0.000111099,5.2459e-05,1.43508e-05,0.000512858,0.00034254,0,0,0,0,0,0,0,0,0,0,0,0,0,0,0,0,0,0,0,0,0,0,0,0,0,0,0,0,0,0,0,0,0,0,0,0,0,0,0,0,0.396426,0.396364,-0.767658,5.37179e-05,0.000463927,0.000669447,-0.000274125,0.00182051,0.000826429,0,0,0,0,0,0,0,0,0,0,0,0,0,0,0,0,0,0,0,0,0,0,0,0,0,0,0,0,0,0,0,0,0,0,0,0,0,0,0,0,0,0,0,0,0,0,0,0,0,0,0,0,2,0,0,0,0,0,1.2186,1.1681,-3.9544,0,0,0,0,0,0,0,-0,0,1.93487,0,0,0,0,0,0,0,0,0,0,0,0,0,0,0
1.2,0,0,0,0,0,0,1.96932,1.52318,3.1062,-8.54844e-06,-2.19817e-05,8.5866e-05,-2.85738e-05,-6.87911e-05,0.000348685,0,0,0,0,0,0,0,0,0,0,0,0,0,0,0,0,0,0,0,0,0,0,0,0,0,0,0,0,0,0,0,0,0,0,0,0,0,0,0,0,0.396424,0.396371,-0.767837,-1.95393e-05,6.96088e-05,-0.00179961,0.000101291,-0.000405873,-0.00717062,0,0,0,0,0,0,0,0,0,0,0,0,0,0,0,0,0,0,0,0,0,0,0,0,0,0,0,0,0,0,0,0,0,0,0,0,0,0,0,0,0,0,0,0,0,0,0,0,0,0,0,0,2,0,0,0,0,0,1.2186,1.1681,-3.9544,0,0,0,0,0,0,0,-0,0,1.93486,0,0,0,0,0,0,0,0,0,0,0,0,0,0,0
1.25,0,0,0,0,0,0,1.96932,1.52318,3.10619,3.66086e-06,-3.90492e-05,-9.77183e-05,2.58089e-05,-0.000188275,-0.000523287,0,0,0,0,0,0,0,0,0,0,0,0,0,0,0,0,0,0,0,0,0,0,0,0,0,0,0,0,0,0,0,0,0,0,0,0,0,0,0,0,0.396472,0.39635,-0.767661,0.000475911,-0.00021355,0.00176667,0.00209143,-0.00167649,0.00886026,0,0,0,0,0,0,0,0,0,0,0,0,0,0,0,0,0,0,0,0,0,0,0,0,0,0,0,0,0,0,0,0,0,0,0,0,0,0,0,0,0,0,0,0,0,0,0,0,0,0,0,0,2,0,0,0,0,0,1.2186,1.1681,-3.9544,0,0,0,0,0,0,0,-0,0,1.93483,0,0,0,0,0,0,0,0,0,0,0,0,0,0,0
1.3,0,0,0,0,0,0,1.96932,1.52318,3.10619,3.66086e-06,-3.90492e-05,-9.77183e-05,2.58089e-05,-0.000188275,-0.000523287,0,0,0,0,0,0,0,0,0,0,0,0,0,0,0,0,0,0,0,0,0,0,0,0,0,0,0,0,0,0,0,0,0,0,0,0,0,0,0,0,0.396472,0.39635,-0.767661,0.000475911,-0.00021355,0.00176667,0.00209143,-0.00167649,0.00886026,0,0,0,0,0,0,0,0,0,0,0,0,0,0,0,0,0,0,0,0,0,0,0,0,0,0,0,0,0,0,0,0,0,0,0,0,0,0,0,0,0,0,0,0,0,0,0,0,0,0,0,0,2,0,0,0,0,0,1.2186,1.1681,-3.9544,0,0,0,0,0,0,0,-0,0,1.93483,0,0,0,0,0,0,0,0,0,0,0,0,0,0,0
1.35,0,0,0,0,0,0,1.96932,1.52318,3.10619,2.68502e-05,-1.22047e-05,-1.6686e-05,0.000115517,-2.19021e-05,-0.000108329,0,0,0,0,0,0,0,0,0,0,0,0,0,0,0,0,0,0,0,0,0,0,0,0,0,0,0,0,0,0,0,0,0,0,0,0,0,0,0,0,0.396481,0.396359,-0.767585,9.51962e-05,8.72632e-05,0.000753255,3.2678e-06,2.36817e-05,0.00343857,0,0,0,0,0,0,0,0,0,0,0,0,0,0,0,0,0,0,0,0,0,0,0,0,0,0,0,0,0,0,0,0,0,0,0,0,0,0,0,0,0,0,0,0,0,0,0,0,0,0,0,0,2,0,0,0,0,0,1.2869,1.2365,-3.886,0,0,0,0,0,0,0,-0,0,1.93482,0,0,0,0,0,0,0,0,0,0,0,0,0,0,0
1.4,0,0,0,0,0,0,1.96932,1.52318,3.10619,2.68502e-05,-1.22047e-05,-1.6686e-05,0.000115517,-2.19021e-05,-0.000108329,0,0,0,0,0,0,0,0,0,0,0,0,0,0,0,0,0,0,0,0,0,0,0,0,0,0,0,0,0,0,0,0,0,0,0,0,0,0,0,0,0.396481,0.396359,-0.767585,9.51962e-05,8.72632e-05,0.000753255,3.2678e-06,2.36817e-05,0.00343857,0,0,0,0,0,0,0,0,0,0,0,0,0,0,0,0,0,0,0,0,0,0,0,0,0,0,0,0,0,0,0,0,0,0,0,0,0,0,0,0,0,0,0,0,0,0,0,0,0,0,0,0,2,0,0,0,0,0,1.2869,1.2365,-3.886,0,0,0,0,0,0,0,-0,0,1.93482,0,0,0,0,0,0,0,0,0,0,0,0,0,0,0
1.45,0,0,0,0,0,0,1.96932,1.52318,3.10619,2.68502e-05,-1.22047e-05,-1.6686e-05,0.000115517,-2.19021e-05,-0.000108329,0,0,0,0,0,0,0,0,0,0,0,0,0,0,0,0,0,0,0,0,0,0,0,0,0,0,0,0,0,0,0,0,0,0,0,0,0,0,0,0,0.396481,0.396359,-0.767585,9.51962e-05,8.72632e-05,0.000753255,3.2678e-06,2.36817e-05,0.00343857,0,0,0,0,0,0,0,0,0,0,0,0,0,0,0,0,0,0,0,0,0,0,0,0,0,0,0,0,0,0,0,0,0,0,0,0,0,0,0,0,0,0,0,0,0,0,0,0,0,0,0,0,2,0,0,0,0,0,1.2869,1.2365,-3.886,0,0,0,0,0,0,0,-0,0,1.93482,0,0,0,0,0,0,0,0,0,0,0,0,0,0,0
1.5,0,0,0,0,0,0,1.96932,1.52318,3.10619,-2.19827e-05,5.00718e-05,7.15584e-06,-0.000113633,0.000258186,8.63565e-05,0,0,0,0,0,0,0,0,0,0,0,0,0,0,0,0,0,0,0,0,0,0,0,0,0,0,0,0,0,0,0,0,0,0,0,0,0,0,0,0,0.396494,0.396376,-0.767444,0.00012579,0.000174641,0.00141924,-0.000158327,0.000593252,0.00399169,0,0,0,0,0,0,0,0,0,0,0,0,0,0,0,0,0,0,0,0,0,0,0,0,0,0,0,0,0,0,0,0,0,0,0,0,0,0,0,0,0,0,0,0,0,0,0,0,0,0,0,0,2,0,0,0,0,0,1.2869,1.2365,-3.886,0,0,0,0,0,0,0,-0,0,1.9348,0,0,0,0,0,0,0,0,0,0,0,0,0,0,0
1.55,0,0,0,0,0,0,1.96932,1.52317,3.10619,1.34289e-05,-7.56904e-05,2.3844e-05,4.2222e-05,-0.000309504,0.00014489,0,0,0,0,0,0,0,0,0,0,0,0,0,0,0,0,0,0,0,0,0,0,0,0,0,0,0,0,0,0,0,0,0,0,0,0,0,0,0,0,0.396512,0.396354,-0.76743,0.000183122,-0.000222188,0.000135315,0.000112318,-0.00115206,-0.00265647,0,0,0,0,0,0,0,0,0,0,0,0,0,0,0,0,0,0,0,0,0,0,0,0,0,0,0,0,0,0,0,0,0,0,0,0,0,0,0,0,0,0,0,0,0,0,0,0,0,0,0,0,2,0,0,0,0,0,1.3284,1.278,-3.8443,0,0,0,0,0,0,0,-0,0,1.9348,0,0,0,0,0,0,0,0,0,0,0,0,0,0,0
1.6,0,0,0,0,0,0,1.96932,1.52317,3.10619,1.34289e-05,-7.56904e-05,2.3844e-05,4.2222e-05,-0.000309504,0.00014489,0,0,0,0,0,0,0,0,0,0,0,0,0,0,0,0,0,0,0,0,0,0,0,0,0,0,0,0,0,0,0,0,0,0,0,0,0,0,0,0,0.396512,0.396354,-0.76743,0.000183122,-0.000222188,0.000135315,0.000112318,-0.00115206,-0.00265647,0,0,0,0,0,0,0,0,0,0,0,0,0,0,0,0,0,0,0,0,0,0,0,0,0,0,0,0,0,0,0,0,0,0,0,0,0,0,0,0,0,0,0,0,0,0,0,0,0,0,0,0,2,0,0,0,0,0,1.3284,1.278,-3.8443,0,0,0,0,0,0,0,-0,0,1.9348,0,0,0,0,0,0,0,0,0,0,0,0,0,0,0
1.65,0,0,0,0,0,0,1.96932,1.52318,3.1062,-3.05235e-05,0.000113547,4.7693e-05,-0.000129162,0.000493419,0.000190216,0,0,0,0,0,0,0,0,0,0,0,0,0,0,0,0,0,0,0,0,0,0,0,0,0,0,0,0,0,0,0,0,0,0,0,0,0,0,0,0,0.396541,0.39636,-0.767488,0.0002857,6.34889e-05,-0.000575893,0.000513853,0.000213368,-0.00533753,0,0,0,0,0,0,0,0,0,0,0,0,0,0,0,0,0,0,0,0,0,0,0,0,0,0,0,0,0,0,0,0,0,0,0,0,0,0,0,0,0,0,0,0,0,0,0,0,0,0,0,0,2,0,0,0,0,0,1.3284,1.278,-3.8443,0,0,0,0,0,0,0,-0,0,1.93478,0,0,0,0,0,0,0,0,0,0,0,0,0,0,0
1.7,0,0,0,0,0,0,1.96932,1.52318,3.1062,-3.05235e-05,0.000113547,4.7693e-05,-0.000129162,0.000493419,0.000190216,0,0,0,0,0,0,0,0,0,0,0,0,0,0,0,0,0,0,0,0,0,0,0,0,0,0,0,0,0,0,0,0,0,0,0,0,0,0,0,0,0.396541,0.39636,-0.767488,0.0002857,6.34889e-05,-0.000575893,0.000513853,0.000213368,-0.00533753,0,0,0,0,0,0,0,0,0,0,0,0,0,0,0,0,0,0,0,0,0,0,0,0,0,0,0,0,0,0,0,0,0,0,0,0,0,0,0,0,0,0,0,0,0,0,0,0,0,0,0,0,2,0,0,0,0,0,1.3284,1.278,-3.8443,0,0,0,0,0,0,0,-0,0,1.93478,0,0,0,0,0,0,0,0,0,0,0,0,0,0,0
1.75,0,0,0,0,0,0,1.96932,1.52318,3.1062,-3.05235e-05,0.000113547,4.7693e-05,-0.000129162,0.000493419,0.000190216,0,0,0,0,0,0,0,0,0,0,0,0,0,0,0,0,0,0,0,0,0,0,0,0,0,0,0,0,0,0,0,0,0,0,0,0,0,0,0,0,0.396541,0.39636,-0.767488,0.0002857,6.34889e-05,-0.000575893,0.000513853,0.000213368,-0.00533753,0,0,0,0,0,0,0,0,0,0,0,0,0,0,0,0,0,0,0,0,0,0,0,0,0,0,0,0,0,0,0,0,0,0,0,0,0,0,0,0,0,0,0,0,0,0,0,0,0,0,0,0,2,0,0,0,0,0,1.2991,1.2487,-3.8737,0,0,0,0,0,0,0,-0,0,1.93478,0,0,0,0,0,0,0,0,0,0,0,0,0,0,0
1.8,0,0,0,0,0,0,1.96932,1.52318,3.10619,5.73543e-05,-6.83371e-05,-0.000109637,0.000250386,-0.000321783,-0.000508305,0,0,0,0,0,0,0,0,0,0,0,0,0,0,0,0,0,0,0,0,0,0,0,0,0,0,0,0,0,0,0,0,0,0,0,0,0,0,0,0,0.396549,0.396372,-0.767418,8.66416e-05,0.000114709,0.000694763,-0.000432326,0.00051765,0.00150949,0,0,0,0,0,0,0,0,0,0,0,0,0,0,0,0,0,0,0,0,0,0,0,0,0,0,0,0,0,0,0,0,0,0,0,0,0,0,0,0,0,0,0,0,0,0,0,0,0,0,0,0,2,0,0,0,0,0,1.2991,1.2487,-3.8737,0,0,0,0,0,0,0,-0,0,1.93476,0,0,0,0,0,0,0,0,0,0,0,0,0,0,0
1.85,0,0,0,0,0,0,1.96932,1.52318,3.10619,5.73543e-05,-6.83371e-05,-0.000109637,0.000250386,-0.000321783,-0.000508305,0,0,0,0,0,0,0,0,0,0,0,0,0,0,0,0,0,0,0,0,0,0,0,0,0,0,0,0,0,0,0,0,0,0,0,0,0,0,0,0,0.396549,0.396372,-0.767418,8.66416e-05,0.000114709,0.000694763,-0.000432326,0.00051765,0.00150949,0,0,0,0,0,0,0,0,0,0,0,0,0,0,0,0,0,0,0,0,0,0,0,0,0,0,0,0,0,0,0,0,0,0,0,0,0,0,0,0,0,0,0,0,0,0,0,0,0,0,0,0,2,0,0,0,0,0,1.2991,1.2487,-3.8737,0,0,0,0,0,0,0,-0,0,1.93476,0,0,0,0,0,0,0,0,0,0,0,0,0,0,0
1.9,0,0,0,0,0,0,1.96932,1.52318,3.10619,-1.3427e-05,2.31922e-05,9.53626e-06,-8.11841e-05,6.22638e-05,7.65737e-05,0,0,0,0,0,0,0,0,0,0,0,0,0,0,0,0,0,0,0,0,0,0,0,0,0,0,0,0,0,0,0,0,0,0,0,0,0,0,0,0,0.39656,0.396387,-0.767368,0.000102534,0.000153191,0.000504826,-0.000324231,0.000505624,0.0010734,0,0,0,0,0,0,0,0,0,0,0,0,0,0,0,0,0,0,0,0,0,0,0,0,0,0,0,0,0,0,0,0,0,0,0,0,0,0,0,0,0,0,0,0,0,0,0,0,0,0,0,0,2,0,0,0,0,0,1.2991,1.2487,-3.8737,0,0,0,0,0,0,0,-0,0,1.93475,0,0,0,0,0,0,0,0,0,0,0,0,0,0,0
1.95,0,0,0,0,0,0,1.96932,1.52318,3.10619,-1.3427e-05,2.31922e-05,9.53626e-06,-8.11841e-05,6.22638e-05,7.65737e-05,0,0,0,0,0,0,0,0,0,0,0,0,0,0,0,0,0,0,0,0,0,0,0,0,0,0,0,0,0,0,0,0,0,0,0,0,0,0,0,0,0.39656,0.396387,-0.767368,0.000102534,0.000153191,0.000504826,-0.000324231,0.000505624,0.0010734,0,0,0,0,0,0,0,0,0,0,0,0,0,0,0,0,0,0,0,0,0,0,0,0,0,0,0,0,0,0,0,0,0,0,0,0,0,0,0,0,0,0,0,0,0,0,0,0,0,0,0,0,2,0,0,0,0,0,1.3493,1.2989,-3.8233,0,0,0,0,0,0,0,-0,0,1.93475,0,0,0,0,0,0,0,0,0,0,0,0,0,0,0
2,0,0,0,0,0,0,1.96932,1.52318,3.10619,-4.7624e-05,0,5.48554e-05,-0.000230232,-3.33155e-06,0.00030617,0,0,0,0,0,0,0,0,0,0,0,0,0,0,0,0,0,0,0,0,0,0,0,0,0,0,0,0,0,0,0,0,0,0,0,0,0,0,0,0,0.396584,0.396378,-0.767292,0.00024911,-8.97528e-05,0.000757242,0.000405574,-0.000668744,0.00159397,0,0,0,0,0,0,0,0,0,0,0,0,0,0,0,0,0,0,0,0,0,0,0,0,0,0,0,0,0,0,0,0,0,0,0,0,0,0,0,0,0,0,0,0,0,0,0,0,0,0,0,0,2,0,0,0,0,0,1.3493,1.2989,-3.8233,0,0,0,0,0,0,0,-0,0,1.93473,0,0,0,0,0,0,0,0,0,0,0,0,0,0,0
2.05,0,0,0,0,0,0,1.96932,1.52318,3.10619,-4.7624e-05,0,5.48554e-05,-0.000230232,-3.33155e-06,0.00030617,0,0,0,0,0,0,0,0,0,0,0,0,0,0,0,0,0,0,0,0,0,0,0,0,0,0,0,0,0,0,0,0,0,0,0,0,0,0,0,0,0.396584,0.396378,-0.767292,0.00024911,-8.97528e-05,0.000757242,0.000405574,-0.000668744,0.00159397,0,0,0,0,0,0,0,0,0,0,0,0,0,0,0,0,0,0,0,0,0,0,0,0,0,0,0,0,0,0,0,0,0,0,0,0,0,0,0,0,0,0,0,0,0,0,0,0,0,0,0,0,2,0,0,0,0,0,1.3493,1.2989,-3.8233,0,0,0,0,0,0,0,-0,0,1.93473,0,0,0,0,0,0,0,0,0,0,0,0,0,0,0
2.1,0,0,0,0,0,0,1.96932,1.52318,3.10619,4.63768e-05,-2.1968e-05,0,0.000217148,-9.86595e-05,-4.22201e-06,0,0,0,0,0,0,0,0,0,0,0,0,0,0,0,0,0,0,0,0,0,0,0,0,0,0,0,0,0,0,0,0,0,0,0,0,0,0,0,0,0.396583,0.396375,-0.767262,-1.83066e-05,-3.47826e-05,0.000294384,-0.000725964,-0.000340922,-0.000821045,0,0,0,0,0,0,0,0,0,0,0,0,0,0,0,0,0,0,0,0,0,0,0,0,0,0,0,0,0,0,0,0,0,0,0,0,0,0,0,0,0,0,0,0,0,0,0,0,0,0,0,0,2,0,0,0,0,0,1.3493,1.2989,-3.8233,0,0,0,0,0,0,0,-0,0,1.93473,0,0,0,0,0,0,0,0,0,0,0,0,0,0,0
2.15,0,0,0,0,0,0,1.96932,1.52318,3.10619,4.63768e-05,-2.1968e-05,0,0.000217148,-9.86595e-05,-4.22201e-06,0,0,0,0,0,0,0,0,0,0,0,0,0,0,0,0,0,0,0,0,0,0,0,0,0,0,0,0,0,0,0,0,0,0,0,0,0,0,0,0,0.396583,0.396375,-0.767262,-1.83066e-05,-3.47826e-05,0.000294384,-0.000725964,-0.000340922,-0.000821045,0,0,0,0,0,0,0,0,0,0,0,0,0,0,0,0,0,0,0,0,0,0,0,0,0,0,0,0,0,0,0,0,0,0,0,0,0,0,0,0,0,0,0,0,0,0,0,0,0,0,0,0,2,0,0,0,0,0,1.299,1.2487,-3.8735,0,0,0,0,0,0,0,-0,0,1.93473,0,0,0,0,0,0,0,0,0,0,0,0,0,0,0
2.2,0,0,0,0,0,0,1.96932,1.52318,3.1062,-2.80933e-05,6.35153e-05,0.000119282,-0.000106631,0.000269419,0.00043201,0,0,0,0,0,0,0,0,0,0,0,0,0,0,0,0,0,0,0,0,0,0,0,0,0,0,0,0,0,0,0,0,0,0,0,0,0,0,0,0,0.396612,0.396396,-0.767202,0.000295591,0.00021925,0.000604165,0.000664962,0.000854665,0.000417027,0,0,0,0,0,0,0,0,0,0,0,0,0,0,0,0,0,0,0,0,0,0,0,0,0,0,0,0,0,0,0,0,0,0,0,0,0,0,0,0,0,0,0,0,0,0,0,0,0,0,0,0,2,0,0,0,0,0,1.299,1.2487,-3.8735,0,0,0,0,0,0,0,-0,0,1.9347,0,0,0,0,0,0,0,0,0,0,0,0,0,0,0
2.25,0,0,0,0,0,0,1.96932,1.52318,3.1062,-2.80933e-05,6.35153e-05,0.000119282,-0.000106631,0.000269419,0.00043201,0,0,0,0,0,0,0,0,0,0,0,0,0,0,0,0,0,0,0,0,0,0,0,0,0,0,0,0,0,0,0,0,0,0,0,0,0,0,0,0,0.396612,0.396396,-0.767202,0.000295591,0.00021925,0.000604165,0.000664962,0.000854665,0.000417027,0,0,0,0,0,0,0,0,0,0,0,0,0,0,0,0,0,0,0,0,0,0,0,0,0,0,0,0,0,0,0,0,0,0,0,0,0,0,0,0,0,0,0,0,0,0,0,0,0,0,0,0,2,0,0,0,0,0,1.299,1.2487,-3.8735,0,0,0,0,0,0,0,-0,0,1.9347,0,0,0,0,0,0,0,0,0,0,0,0,0,0,0
2.3,0,0,0,0,0,0,1.96932,1.52318,3.10619,-2.07466e-05,-5.73582e-05,-0.000162083,-7.85429e-05,-0.000271285,-0.000805623,0,0,0,0,0,0,0,0,0,0,0,0,0,0,0,0,0,0,0,0,0,0,0,0,0,0,0,0,0,0,0,0,0,0,0,0,0,0,0,0,0.396746,0.39632,-0.766418,0.00133998,-0.000769453,0.00783895,0.00476147,-0.00327535,0.029329,0,0,0,0,0,0,0,0,0,0,0,0,0,0,0,0,0,0,0,0,0,0,0,0,0,0,0,0,0,0,0,0,0,0,0,0,0,0,0,0,0,0,0,0,0,0,0,0,0,0,0,0,2,0,0,0,0,0,1.299,1.2487,-3.8735,0,0,0,0,0,0,0,-0,0,1.93463,0,0,0,0,0,0,0,0,0,0,0,0,0,0,0
2.35,0,0,0,0,0,0,1.96932,1.52318,3.10619,-2.07466e-05,-5.73582e-05,-0.000162083,-7.85429e-05,-0.000271285,-0.000805623,0,0,0,0,0,0,0,0,0,0,0,0,0,0,0,0,0,0,0,0,0,0,0,0,0,0,0,0,0,0,0,0,0,0,0,0,0,0,0,0,0.396746,0.39632,-0.766418,0.00133998,-0.000769453,0.00783895,0.00476147,-0.00327535,0.029329,0,0,0,0,0,0,0,0,0,0,0,0,0,0,0,0,0,0,0,0,0,0,0,0,0,0,0,0,0,0,0,0,0,0,0,0,0,0,0,0,0,0,0,0,0,0,0,0,0,0,0,0,2,0,0,0,0,0,1.3617,1.3115,-3.8097,0,0,0,0,0,0,0,-0,0,1.93463,0,0,0,0,0,0,0,0,0,0,0,0,0,0,0
2.4,0,0,0,0,0,0,1.96932,1.52318,3.1062,5.25008e-05,5.73846e-05,0.000116849,0.000249346,0.000222424,0.000463373,0,0,0,0,0,0,0,0,0,0,0,0,0,0,0,0,0,0,0,0,0,0,0,0,0,0,0,0,0,0,0,0,0,0,0,0,0,0,0,0,0.396644,0.396401,-0.767132,-0.00102438,0.000811321,-0.00714148,-0.00603533,0.00379128,-0.0383418,0,0,0,0,0,0,0,0,0,0,0,0,0,0,0,0,0,0,0,0,0,0,0,0,0,0,0,0,0,0,0,0,0,0,0,0,0,0,0,0,0,0,0,0,0,0,0,0,0,0,0,0,2,0,0,0,0,0,1.3617,1.3115,-3.8097,0,0,0,0,0,0,0,-0,0,1.93467,0,0,0,0,0,0,0,0,0,0,0,0,0,0,0
2.45,0,0,0,0,0,0,1.96932,1.52318,3.1062,5.25008e-05,5.73846e-05,0.000116849,0.000249346,0.000222424,0.000463373,0,0,0,0,0,0,0,0,0,0,0,0,0,0,0,0,0,0,0,0,0,0,0,0,0,0,0,0,0,0,0,0,0,0,0,0,0,0,0,0,0.396644,0.396401,-0.767132,-0.00102438,0.000811321,-0.00714148,-0.00603533,0.00379128,-0.0383418,0,0,0,0,0,0,0,0,0,0,0,0,0,0,0,0,0,0,0,0,0,0,0,0,0,0,0,0,0,0,0,0,0,0,0,0,0,0,0,0,0,0,0,0,0,0,0,0,0,0,0,0,2,0,0,0,0,0,1.3617,1.3115,-3.8097,0,0,0,0,0,0,0,-0,0,1.93467,0,0,0,0,0,0,0,0,0,0,0,0,0,0,0
2.5,0,0,0,0,0,0,1.96933,1.52318,3.1062,4.27267e-05,-6.71419e-05,-4.29174e-05,0.000155063,-0.000297183,-0.000188379,0,0,0,0,0,0,0,0,0,0,0,0,0,0,0,0,0,0,0,0,0,0,0,0,0,0,0,0,0,0,0,0,0,0,0,0,0,0,0,0,0.396659,0.396404,-0.767062,0.000156258,3.41813e-05,0.0006986,-0.000367845,0.000127871,-0.000855829,0,0,0,0,0,0,0,0,0,0,0,0,0,0,0,0,0,0,0,0,0,0,0,0,0,0,0,0,0,0,0,0,0,0,0,0,0,0,0,0,0,0,0,0,0,0,0,0,0,0,0,0,2,0,0,0,0,0,1.3617,1.3115,-3.8097,0,0,0,0,0,0,0,-0,0,1.93466,0,0,0,0,0,0,0,0,0,0,0,0,0,0,0
2.55,0,0,0,0,0,0,1.96932,1.52318,3.10622,-9.279e-05,3.78485e-05,0.000214615,-0.000461144,0.000170729,0.000827671,0,0,0,0,0,0,0,0,0,0,0,0,0,0,0,0,0,0,0,0,0,0,0,0,0,0,0,0,0,0,0,0,0,0,0,0,0,0,0,0,0.396759,0.39635,-0.766676,0.00099139,-0.000540259,0.00386368,0.00388323,-0.00271445,0.0172073,0,0,0,0,0,0,0,0,0,0,0,0,0,0,0,0,0,0,0,0,0,0,0,0,0,0,0,0,0,0,0,0,0,0,0,0,0,0,0,0,0,0,0,0,0,0,0,0,0,0,0,0,2,0,0,0,0,0,1.2691,1.219,-3.9025,0,0,0,0,0,0,0,-0,0,1.9346,0,0,0,0,0,0,0,0,0,0,0,0,0,0,0
2.6,0,0,0,0,0,0,1.96932,1.52318,3.10622,-9.279e-05,3.78485e-05,0.000214615,-0.000461144,0.000170729,0.000827671,0,0,0,0,0,0,0,0,0,0,0,0,0,0,0,0,0,0,0,0,0,0,0,0,0,0,0,0,0,0,0,0,0,0,0,0,0,0,0,0,0.396759,0.39635,-0.766676,0.00099139,-0.000540259,0.00386368,0.00388323,-0.00271445,0.0172073,0,0,0,0,0,0,0,0,0,0,0,0,0,0,0,0,0,0,0,0,0,0,0,0,0,0,0,0,0,0,0,0,0,0,0,0,0,0,0,0,0,0,0,0,0,0,0,0,0,0,0,0,2,0,0,0,0,0,1.2691,1.219,-3.9025,0,0,0,0,0,0,0,-0,0,1.9346,0,0,0,0,0,0,0,0,0,0,0,0,0,0,0
2.65,0,0,0,0,0,0,1.96932,1.52318,3.10622,-9.279e-05,3.78485e-05,0.000214615,-0.000461144,0.000170729,0.000827671,0,0,0,0,0,0,0,0,0,0,0,0,0,0,0,0,0,0,0,0,0,0,0,0,0,0,0,0,0,0,0,0,0,0,0,0,0,0,0,0,0.396759,0.39635,-0.766676,0.00099139,-0.000540259,0.00386368,0.00388323,-0.00271445,0.0172073,0,0,0,0,0,0,0,0,0,0,0,0,0,0,0,0,0,0,0,0,0,0,0,0,0,0,0,0,0,0,0,0,0,0,0,0,0,0,0,0,0,0,0,0,0,0,0,0,0,0,0,0,2,0,0,0,0,0,1.2691,1.219,-3.9025,0,0,0,0,0,0,0,-0,0,1.9346,0,0,0,0,0,0,0,0,0,0,0,0,0,0,0
2.7,0,0,0,0,0,0,1.96931,1.52318,3.1062,-2.8082e-05,-2.31981e-05,-0.000178851,-0.000101786,-7.80573e-05,-0.000937571,0,0,0,0,0,0,0,0,0,0,0,0,0,0,0,0,0,0,0,0,0,0,0,0,0,0,0,0,0,0,0,0,0,0,0,0,0,0,0,0,0.396673,0.396403,-0.766986,-0.000853446,0.00052562,-0.00310187,-0.00446387,0.00224404,-0.0150533,0,0,0,0,0,0,0,0,0,0,0,0,0,0,0,0,0,0,0,0,0,0,0,0,0,0,0,0,0,0,0,0,0,0,0,0,0,0,0,0,0,0,0,0,0,0,0,0,0,0,0,0,2,0,0,0,0,0,1.2691,1.219,-3.9025,0,0,0,0,0,0,0,-0,0,1.93464,0,0,0,0,0,0,0,0,0,0,0,0,0,0,0
2.75,0,0,0,0,0,0,1.96932,1.52318,3.1062,6.83668e-05,-1.34292e-05,3.81511e-05,0.000372903,-4.15247e-05,6.50493e-05,0,0,0,0,0,0,0,0,0,0,0,0,0,0,0,0,0,0,0,0,0,0,0,0,0,0,0,0,0,0,0,0,0,0,0,0,0,0,0,0,0.396865,0.396318,-0.765963,0.00191914,-0.000847256,0.010234,0.00726769,-0.00346667,0.0398785,0,0,0,0,0,0,0,0,0,0,0,0,0,0,0,0,0,0,0,0,0,0,0,0,0,0,0,0,0,0,0,0,0,0,0,0,0,0,0,0,0,0,0,0,0,0,0,0,0,0,0,0,2,0,0,0,0,0,1.2986,1.2485,-3.8722,0,0,0,0,0,0,0,-0,0,1.93454,0,0,0,0,0,0,0,0,0,0,0,0,0,0,0
2.8,0,0,0,0,0,0,1.96932,1.52318,3.1062,6.83668e-05,-1.34292e-05,3.81511e-05,0.000372903,-4.15247e-05,6.50493e-05,0,0,0,0,0,0,0,0,0,0,0,0,0,0,0,0,0,0,0,0,0,0,0,0,0,0,0,0,0,0,0,0,0,0,0,0,0,0,0,0,0.396865,0.396318,-0.765963,0.00191914,-0.000847256,0.010234,0.00726769,-0.00346667,0.0398785,0,0,0,0,0,0,0,0,0,0,0,0,0,0,0,0,0,0,0,0,0,0,0,0,0,0,0,0,0,0,0,0,0,0,0,0,0,0,0,0,0,0,0,0,0,0,0,0,0,0,0,0,2,0,0,0,0,0,1.2986,1.2485,-3.8722,0,0,0,0,0,0,0,-0,0,1.93454,0,0,0,0,0,0,0,0,0,0,0,0,0,0,0
2.85,0,0,0,0,0,0,1.96932,1.52318,3.1062,6.83668e-05,-1.34292e-05,3.81511e-05,0.000372903,-4.15247e-05,6.50493e-05,0,0,0,0,0,0,0,0,0,0,0,0,0,0,0,0,0,0,0,0,0,0,0,0,0,0,0,0,0,0,0,0,0,0,0,0,0,0,0,0,0.396865,0.396318,-0.765963,0.00191914,-0.000847256,0.010234,0.00726769,-0.00346667,0.0398785,0,0,0,0,0,0,0,0,0,0,0,0,0,0,0,0,0,0,0,0,0,0,0,0,0,0,0,0,0,0,0,0,0,0,0,0,0,0,0,0,0,0,0,0,0,0,0,0,0,0,0,0,2,0,0,0,0,0,1.2986,1.2485,-3.8722,0,0,0,0,0,0,0,-0,0,1.93454,0,0,0,0,0,0,0,0,0,0,0,0,0,0,0
2.9,0,0,0,0,0,0,1.96932,1.52318,3.10621,-2.19729e-05,3.78422e-05,6.91421e-05,-7.27947e-05,0.00018488,0.000298629,0,0,0,0,0,0,0,0,0,0,0,0,0,0,0,0,0,0,0,0,0,0,0,0,0,0,0,0,0,0,0,0,0,0,0,0,0,0,0,0,0.396692,0.396441,-0.767028,-0.00173098,0.00122865,-0.0106509,-0.00863276,0.00544008,-0.0520684,0,0,0,0,0,0,0,0,0,0,0,0,0,0,0,0,0,0,0,0,0,0,0,0,0,0,0,0,0,0,0,0,0,0,0,0,0,0,0,0,0,0,0,0,0,0,0,0,0,0,0,0,2,0,0,0,0,0,1.2986,1.2485,-3.8722,0,0,0,0,0,0,0,-0,0,1.9346,0,0,0,0,0,0,0,0,0,0,0,0,0,0,0
2.95,0,0,0,0,0,0,1.96932,1.52318,3.10621,-2.19729e-05,3.78422e-05,6.91421e-05,-7.27947e-05,0.00018488,0.000298629,0,0,0,0,0,0,0,0,0,0,0,0,0,0,0,0,0,0,0,0,0,0,0,0,0,0,0,0,0,0,0,0,0,0,0,0,0,0,0,0,0.396692,0.396441,-0.767028,-0.00173098,0.00122865,-0.0106509,-0.00863276,0.00544008,-0.0520684,0,0,0,0,0,0,0,0,0,0,0,0,0,0,0,0,0,0,0,0,0,0,0,0,0,0,0,0,0,0,0,0,0,0,0,0,0,0,0,0,0,0,0,0,0,0,0,0,0,0,0,0,2,0,0,0,0,0,1.2097,1.1593,-3.9625,0,0,0,0,0,0,0,-0,0,1.9346,0,0,0,0,0,0,0,0,0,0,0,0,0,0,0
3,0,0,0,0,0,0,1.96932,1.52318,3.10619,9.76626e-06,-8.54548e-06,-0.000195516,2.27865e-05,-4.37028e-05,-0.000846583,0,0,0,0,0,0,0,0,0,0,0,0,0,0,0,0,0,0,0,0,0,0,0,0,0,0,0,0,0,0,0,0,0,0,0,0,0,0,0,0,0.396729,0.396424,-0.766866,0.000369897,-0.000167247,0.00161658,0.00105903,-0.00110576,0.00530908,0,0,0,0,0,0,0,0,0,0,0,0,0,0,0,0,0,0,0,0,0,0,0,0,0,0,0,0,0,0,0,0,0,0,0,0,0,0,0,0,0,0,0,0,0,0,0,0,0,0,0,0,2,0,0,0,0,0,1.2097,1.1593,-3.9625,0,0,0,0,0,0,0,-0,0,1.93458,0,0,0,0,0,0,0,0,0,0,0,0,0,0,0
3.05,0,0,0,0,0,0,1.96932,1.52318,3.10619,9.76626e-06,-8.54548e-06,-0.000195516,2.27865e-05,-4.37028e-05,-0.000846583,0,0,0,0,0,0,0,0,0,0,0,0,0,0,0,0,0,0,0,0,0,0,0,0,0,0,0,0,0,0,0,0,0,0,0,0,0,0,0,0,0.396729,0.396424,-0.766866,0.000369897,-0.000167247,0.00161658,0.00105903,-0.00110576,0.00530908,0,0,0,0,0,0,0,0,0,0,0,0,0,0,0,0,0,0,0,0,0,0,0,0,0,0,0,0,0,0,0,0,0,0,0,0,0,0,0,0,0,0,0,0,0,0,0,0,0,0,0,0,2,0,0,0,0,0,1.2097,1.1593,-3.9625,0,0,0,0,0,0,0,-0,0,1.93458,0,0,0,0,0,0,0,0,0,0,0,0,0,0,0
3.1,0,0,0,0,0,0,1.96932,1.52318,3.1062,1.09854e-05,7.32362e-06,6.91357e-05,3.14916e-05,6.23184e-06,0.000394152,0,0,0,0,0,0,0,0,0,0,0,0,0,0,0,0,0,0,0,0,0,0,0,0,0,0,0,0,0,0,0,0,0,0,0,0,0,0,0,0,0.396737,0.396435,-0.766805,7.93395e-05,0.000108634,0.000608516,0.000786618,-0.000447494,0.00692543,0,0,0,0,0,0,0,0,0,0,0,0,0,0,0,0,0,0,0,0,0,0,0,0,0,0,0,0,0,0,0,0,0,0,0,0,0,0,0,0,0,0,0,0,0,0,0,0,0,0,0,0,2,0,0,0,0,0,1.2097,1.1593,-3.9625,0,0,0,0,0,0,0,-0,0,1.93457,0,0,0,0,0,0,0,0,0,0,0,0,0,0,0
3.15,0,0,0,0,0,0,1.96932,1.52318,3.1062,1.09854e-05,7.32362e-06,6.91357e-05,3.14916e-05,6.23184e-06,0.000394152,0,0,0,0,0,0,0,0,0,0,0,0,0,0,0,0,0,0,0,0,0,0,0,0,0,0,0,0,0,0,0,0,0,0,0,0,0,0,0,0,0.396737,0.396435,-0.766805,7.93395e-05,0.000108634,0.000608516,0.000786618,-0.000447494,0.00692543,0,0,0,0,0,0,0,0,0,0,0,0,0,0,0,0,0,0,0,0,0,0,0,0,0,0,0,0,0,0,0,0,0,0,0,0,0,0,0,0,0,0,0,0,0,0,0,0,0,0,0,0,2,0,0,0,0,0,1.3126,1.2623,-3.8593,0,0,0,0,0,0,0,-0,0,1.93457,0,0,0,0,0,0,0,0,0,0,0,0,0,0,0
3.2,0,0,0,0,0,0,1.96932,1.52318,3.1062,2.80808e-05,3.29645e-05,4.05379e-05,8.83888e-05,0.000112948,0.000290298,0,0,0,0,0,0,0,0,0,0,0,0,0,0,0,0,0,0,0,0,0,0,0,0,0,0,0,0,0,0,0,0,0,0,0,0,0,0,0,0,0.396735,0.396436,-0.76679,-2.31972e-05,1.52613e-05,0.000151421,2.57143e-05,-0.000552747,0.00255046,0,0,0,0,0,0,0,0,0,0,0,0,0,0,0,0,0,0,0,0,0,0,0,0,0,0,0,0,0,0,0,0,0,0,0,0,0,0,0,0,0,0,0,0,0,0,0,0,0,0,0,0,2,0,0,0,0,0,1.3126,1.2623,-3.8593,0,0,0,0,0,0,0,-0,0,1.93458,0,0,0,0,0,0,0,0,0,0,0,0,0,0,0
3.25,0,0,0,0,0,0,1.96932,1.52318,3.1062,2.80808e-05,3.29645e-05,4.05379e-05,8.83888e-05,0.000112948,0.000290298,0,0,0,0,0,0,0,0,0,0,0,0,0,0,0,0,0,0,0,0,0,0,0,0,0,0,0,0,0,0,0,0,0,0,0,0,0,0,0,0,0.396735,0.396436,-0.76679,-2.31972e-05,1.52613e-05,0.000151421,2.57143e-05,-0.000552747,0.00255046,0,0,0,0,0,0,0,0,0,0,0,0,0,0,0,0,0,0,0,0,0,0,0,0,0,0,0,0,0,0,0,0,0,0,0,0,0,0,0,0,0,0,0,0,0,0,0,0,0,0,0,0,2,0,0,0,0,0,1.3126,1.2623,-3.8593,0,0,0,0,0,0,0,-0,0,1.93458,0,0,0,0,0,0,0,0,0,0,0,0,0,0,0
3.3,0,0,0,0,0,0,1.96931,1.52318,3.1062,-8.90875e-05,-9.76301e-06,4.76709e-06,-0.000407405,-8.84528e-05,1.73356e-05,0,0,0,0,0,0,0,0,0,0,0,0,0,0,0,0,0,0,0,0,0,0,0,0,0,0,0,0,0,0,0,0,0,0,0,0,0,0,0,0,0.396762,0.396433,-0.766684,0.000269703,-3.11196e-05,0.00106068,0.00108286,-0.000531424,0.00457271,0,0,0,0,0,0,0,0,0,0,0,0,0,0,0,0,0,0,0,0,0,0,0,0,0,0,0,0,0,0,0,0,0,0,0,0,0,0,0,0,0,0,0,0,0,0,0,0,0,0,0,0,2,0,0,0,0,0,1.3126,1.2623,-3.8593,0,0,0,0,0,0,0,-0,0,1.93455,0,0,0,0,0,0,0,0,0,0,0,0,0,0,0
3.35,0,0,0,0,0,0,1.96932,1.52318,3.1062,1.83169e-05,1.70958e-05,-2.38501e-06,0.000117514,2.69525e-05,-5.51232e-05,0,0,0,0,0,0,0,0,0,0,0,0,0,0,0,0,0,0,0,0,0,0,0,0,0,0,0,0,0,0,0,0,0,0,0,0,0,0,0,0,0.396791,0.396438,-0.766704,0.000295513,4.335e-05,-0.000199149,0.000896077,-1.86315e-05,-0.00201564,0,0,0,0,0,0,0,0,0,0,0,0,0,0,0,0,0,0,0,0,0,0,0,0,0,0,0,0,0,0,0,0,0,0,0,0,0,0,0,0,0,0,0,0,0,0,0,0,0,0,0,0,2,0,0,0,0,0,1.3044,1.2542,-3.8672,0,0,0,0,0,0,0,-0,0,1.93453,0,0,0,0,0,0,0,0,0,0,0,0,0,0,0
3.4,0,0,0,0,0,0,1.96932,1.52318,3.1062,1.83169e-05,1.70958e-05,-2.38501e-06,0.000117514,2.69525e-05,-5.51232e-05,0,0,0,0,0,0,0,0,0,0,0,0,0,0,0,0,0,0,0,0,0,0,0,0,0,0,0,0,0,0,0,0,0,0,0,0,0,0,0,0,0.396791,0.396438,-0.766704,0.000295513,4.335e-05,-0.000199149,0.000896077,-1.86315e-05,-0.00201564,0,0,0,0,0,0,0,0,0,0,0,0,0,0,0,0,0,0,0,0,0,0,0,0,0,0,0,0,0,0,0,0,0,0,0,0,0,0,0,0,0,0,0,0,0,0,0,0,0,0,0,0,2,0,0,0,0,0,1.3044,1.2542,-3.8672,0,0,0,0,0,0,0,-0,0,1.93453,0,0,0,0,0,0,0,0,0,0,0,0,0,0,0
3.45,0,0,0,0,0,0,1.96932,1.52318,3.1062,1.83169e-05,1.70958e-05,-2.38501e-06,0.000117514,2.69525e-05,-5.51232e-05,0,0,0,0,0,0,0,0,0,0,0,0,0,0,0,0,0,0,0,0,0,0,0,0,0,0,0,0,0,0,0,0,0,0,0,0,0,0,0,0,0.396791,0.396438,-0.766704,0.000295513,4.335e-05,-0.000199149,0.000896077,-1.86315e-05,-0.00201564,0,0,0,0,0,0,0,0,0,0,0,0,0,0,0,0,0,0,0,0,0,0,0,0,0,0,0,0,0,0,0,0,0,0,0,0,0,0,0,0,0,0,0,0,0,0,0,0,0,0,0,0,2,0,0,0,0,0,1.3044,1.2542,-3.8672,0,0,0,0,0,0,0,-0,0,1.93453,0,0,0,0,0,0,0,0,0,0,0,0,0,0,0
3.5,0,0,0,0,0,0,1.96932,1.52317,3.1062,3.54034e-05,-0.000128185,-4.53033e-05,0.000209876,-0.00054868,-0.000214394,0,0,0,0,0,0,0,0,0,0,0,0,0,0,0,0,0,0,0,0,0,0,0,0,0,0,0,0,0,0,0,0,0,0,0,0,0,0,0,0,0.396818,0.396443,-0.766609,0.000264915,5.61571e-05,0.000951371,0.00039087,0.000109417,0.00249522,0,0,0,0,0,0,0,0,0,0,0,0,0,0,0,0,0,0,0,0,0,0,0,0,0,0,0,0,0,0,0,0,0,0,0,0,0,0,0,0,0,0,0,0,0,0,0,0,0,0,0,0,2,0,0,0,0,0,1.3044,1.2542,-3.8672,0,0,0,0,0,0,0,-0,0,1.9345,0,0,0,0,0,0,0,0,0,0,0,0,0,0,0
3.55,0,0,0,0,0,0,1.96932,1.52317,3.1062,3.54034e-05,-0.000128185,-4.53033e-05,0.000209876,-0.00054868,-0.000214394,0,0,0,0,0,0,0,0,0,0,0,0,0,0,0,0,0,0,0,0,0,0,0,0,0,0,0,0,0,0,0,0,0,0,0,0,0,0,0,0,0.396818,0.396443,-0.766609,0.000264915,5.61571e-05,0.000951371,0.00039087,0.000109417,0.00249522,0,0,0,0,0,0,0,0,0,0,0,0,0,0,0,0,0,0,0,0,0,0,0,0,0,0,0,0,0,0,0,0,0,0,0,0,0,0,0,0,0,0,0,0,0,0,0,0,0,0,0,0,2,0,0,0,0,0,1.2987,1.2485,-3.8728,0,0,0,0,0,0,0,-0,0,1.9345,0,0,0,0,0,0,0,0,0,0,0,0,0,0,0
3.6,0,0,0,0,0,0,1.96932,1.52318,3.10619,8.54661e-06,6.71519e-05,-3.10005e-05,3.12141e-05,0.000373116,-9.31439e-05,0,0,0,0,0,0,0,0,0,0,0,0,0,0,0,0,0,0,0,0,0,0,0,0,0,0,0,0,0,0,0,0,0,0,0,0,0,0,0,0,0.396814,0.396456,-0.766583,-3.17445e-05,0.000122705,0.00026112,-0.00101916,0.000348919,-0.000649207,0,0,0,0,0,0,0,0,0,0,0,0,0,0,0,0,0,0,0,0,0,0,0,0,0,0,0,0,0,0,0,0,0,0,0,0,0,0,0,0,0,0,0,0,0,0,0,0,0,0,0,0,2,0,0,0,0,0,1.2987,1.2485,-3.8728,0,0,0,0,0,0,0,-0,0,1.9345,0,0,0,0,0,0,0,0,0,0,0,0,0,0,0
3.65,0,0,0,0,0,0,1.96932,1.52318,3.10619,8.54661e-06,6.71519e-05,-3.10005e-05,3.12141e-05,0.000373116,-9.31439e-05,0,0,0,0,0,0,0,0,0,0,0,0,0,0,0,0,0,0,0,0,0,0,0,0,0,0,0,0,0,0,0,0,0,0,0,0,0,0,0,0,0.396814,0.396456,-0.766583,-3.17445e-05,0.000122705,0.00026112,-0.00101916,0.000348919,-0.000649207,0,0,0,0,0,0,0,0,0,0,0,0,0,0,0,0,0,0,0,0,0,0,0,0,0,0,0,0,0,0,0,0,0,0,0,0,0,0,0,0,0,0,0,0,0,0,0,0,0,0,0,0,2,0,0,0,0,0,1.2987,1.2485,-3.8728,0,0,0,0,0,0,0,-0,0,1.9345,0,0,0,0,0,0,0,0,0,0,0,0,0,0,0
3.7,0,0,0,0,0,0,1.96932,1.52318,3.1062,-4.63898e-05,5.98184e-05,8.82207e-05,-0.000224948,0.000319543,0.000436846,0,0,0,0,0,0,0,0,0,0,0,0,0,0,0,0,0,0,0,0,0,0,0,0,0,0,0,0,0,0,0,0,0,0,0,0,0,0,0,0,0.396843,0.396451,-0.766502,0.000282001,-4.70001e-05,0.000809484,0.00045078,-0.000436117,0.00137572,0,0,0,0,0,0,0,0,0,0,0,0,0,0,0,0,0,0,0,0,0,0,0,0,0,0,0,0,0,0,0,0,0,0,0,0,0,0,0,0,0,0,0,0,0,0,0,0,0,0,0,0,2,0,0,0,0,0,1.2987,1.2485,-3.8728,0,0,0,0,0,0,0,-0,0,1.93448,0,0,0,0,0,0,0,0,0,0,0,0,0,0,0
3.75,0,0,0,0,0,0,1.96932,1.52318,3.1062,4.39205e-05,-9.1501e-05,-4.76568e-06,0.000191137,-0.000420067,-3.75237e-05,0,0,0,0,0,0,0,0,0,0,0,0,0,0,0,0,0,0,0,0,0,0,0,0,0,0,0,0,0,0,0,0,0,0,0,0,0,0,0,0,0.396838,0.396456,-0.766459,-4.88005e-05,5.49006e-05,0.000425932,-0.000852132,3.90887e-05,-0.000432158,0,0,0,0,0,0,0,0,0,0,0,0,0,0,0,0,0,0,0,0,0,0,0,0,0,0,0,0,0,0,0,0,0,0,0,0,0,0,0,0,0,0,0,0,0,0,0,0,0,0,0,0,2,0,0,0,0,0,1.2986,1.2484,-3.8727,0,0,0,0,0,0,0,-0,0,1.93448,0,0,0,0,0,0,0,0,0,0,0,0,0,0,0
3.8,0,0,0,0,0,0,1.96932,1.52318,3.1062,4.39205e-05,-9.1501e-05,-4.76568e-06,0.000191137,-0.000420067,-3.75237e-05,0,0,0,0,0,0,0,0,0,0,0,0,0,0,0,0,0,0,0,0,0,0,0,0,0,0,0,0,0,0,0,0,0,0,0,0,0,0,0,0,0.396838,0.396456,-0.766459,-4.88005e-05,5.49006e-05,0.000425932,-0.000852132,3.90887e-05,-0.000432158,0,0,0,0,0,0,0,0,0,0,0,0,0,0,0,0,0,0,0,0,0,0,0,0,0,0,0,0,0,0,0,0,0,0,0,0,0,0,0,0,0,0,0,0,0,0,0,0,0,0,0,0,2,0,0,0,0,0,1.2986,1.2484,-3.8727,0,0,0,0,0,0,0,-0,0,1.93448,0,0,0,0,0,0,0,0,0,0,0,0,0,0,0
3.85,0,0,0,0,0,0,1.96931,1.52318,3.10621,-5.12998e-05,2.07642e-05,4.53263e-05,-0.000209463,9.64284e-05,0.000113416,0,0,0,0,0,0,0,0,0,0,0,0,0,0,0,0,0,0,0,0,0,0,0,0,0,0,0,0,0,0,0,0,0,0,0,0,0,0,0,0,0.396867,0.39646,-0.766416,0.000288257,3.35892e-05,0.000428215,0.000658774,2.50508e-06,-0.000496084,0,0,0,0,0,0,0,0,0,0,0,0,0,0,0,0,0,0,0,0,0,0,0,0,0,0,0,0,0,0,0,0,0,0,0,0,0,0,0,0,0,0,0,0,0,0,0,0,0,0,0,0,2,0,0,0,0,0,1.2986,1.2484,-3.8727,0,0,0,0,0,0,0,-0,0,1.93445,0,0,0,0,0,0,0,0,0,0,0,0,0,0,0
3.9,0,0,0,0,0,0,1.96931,1.52318,3.10621,-5.12998e-05,2.07642e-05,4.53263e-05,-0.000209463,9.64284e-05,0.000113416,0,0,0,0,0,0,0,0,0,0,0,0,0,0,0,0,0,0,0,0,0,0,0,0,0,0,0,0,0,0,0,0,0,0,0,0,0,0,0,0,0.396867,0.39646,-0.766416,0.000288257,3.35892e-05,0.000428215,0.000658774,2.50508e-06,-0.000496084,0,0,0,0,0,0,0,0,0,0,0,0,0,0,0,0,0,0,0,0,0,0,0,0,0,0,0,0,0,0,0,0,0,0,0,0,0,0,0,0,0,0,0,0,0,0,0,0,0,0,0,0,2,0,0,0,0,0,1.2986,1.2484,-3.8727,0,0,0,0,0,0,0,-0,0,1.93445,0,0,0,0,0,0,0,0,0,0,0,0,0,0,0
3.95,0,0,0,0,0,0,1.96932,1.52318,3.10619,4.883e-06,6.22582e-05,-0.000135904,4.44246e-05,0.000293601,-0.00063553,0,0,0,0,0,0,0,0,0,0,0,0,0,0,0,0,0,0,0,0,0,0,0,0,0,0,0,0,0,0,0,0,0,0,0,0,0,0,0,0,0.396891,0.396469,-0.766354,0.000246591,9.766e-05,0.000625276,0.000434081,0.000252644,0.000481887,0,0,0,0,0,0,0,0,0,0,0,0,0,0,0,0,0,0,0,0,0,0,0,0,0,0,0,0,0,0,0,0,0,0,0,0,0,0,0,0,0,0,0,0,0,0,0,0,0,0,0,0,2,0,0,0,0,0,1.3536,1.3034,-3.8176,0,0,0,0,0,0,0,-0,0,1.93443,0,0,0,0,0,0,0,0,0,0,0,0,0,0,0
4,0,0,0,0,0,0,1.96932,1.52318,3.10619,4.883e-06,6.22582e-05,-0.000135904,4.44246e-05,0.000293601,-0.00063553,0,0,0,0,0,0,0,0,0,0,0,0,0,0,0,0,0,0,0,0,0,0,0,0,0,0,0,0,0,0,0,0,0,0,0,0,0,0,0,0,0.396891,0.396469,-0.766354,0.000246591,9.766e-05,0.000625276,0.000434081,0.000252644,0.000481887,0,0,0,0,0,0,0,0,0,0,0,0,0,0,0,0,0,0,0,0,0,0,0,0,0,0,0,0,0,0,0,0,0,0,0,0,0,0,0,0,0,0,0,0,0,0,0,0,0,0,0,0,2,0,0,0,0,0,1.3536,1.3034,-3.8176,0,0,0,0,0,0,0,-0,0,1.93443,0,0,0,0,0,0,0,0,0,0,0,0,0,0,0
4.05,0,0,0,0,0,0,1.96932,1.52318,3.10619,4.883e-06,6.22582e-05,-0.000135904,4.44246e-05,0.000293601,-0.00063553,0,0,0,0,0,0,0,0,0,0,0,0,0,0,0,0,0,0,0,0,0,0,0,0,0,0,0,0,0,0,0,0,0,0,0,0,0,0,0,0,0.396891,0.396469,-0.766354,0.000246591,9.766e-05,0.000625276,0.000434081,0.000252644,0.000481887,0,0,0,0,0,0,0,0,0,0,0,0,0,0,0,0,0,0,0,0,0,0,0,0,0,0,0,0,0,0,0,0,0,0,0,0,0,0,0,0,0,0,0,0,0,0,0,0,0,0,0,0,2,0,0,0,0,0,1.3536,1.3034,-3.8176,0,0,0,0,0,0,0,-0,0,1.93443,0,0,0,0,0,0,0,0,0,0,0,0,0,0,0
4.1,0,0,0,0,0,0,1.96932,1.52317,3.10619,2.44121e-06,-0.000126943,-2.6224e-05,5.13073e-05,-0.000553037,-4.474e-05,0,0,0,0,0,0,0,0,0,0,0,0,0,0,0,0,0,0,0,0,0,0,0,0,0,0,0,0,0,0,0,0,0,0,0,0,0,0,0,0,0.396898,0.396464,-0.766341,6.71333e-05,-5.49272e-05,0.000130524,-0.000487,-0.000424174,-0.00155547,0,0,0,0,0,0,0,0,0,0,0,0,0,0,0,0,0,0,0,0,0,0,0,0,0,0,0,0,0,0,0,0,0,0,0,0,0,0,0,0,0,0,0,0,0,0,0,0,0,0,0,0,2,0,0,0,0,0,1.3536,1.3034,-3.8176,0,0,0,0,0,0,0,-0,0,1.93442,0,0,0,0,0,0,0,0,0,0,0,0,0,0,0
4.15,0,0,0,0,0,0,1.96932,1.52318,3.1062,3.90757e-05,4.88447e-05,9.53998e-05,0.000178114,0.000255779,0.000539068,0,0,0,0,0,0,0,0,0,0,0,0,0,0,0,0,0,0,0,0,0,0,0,0,0,0,0,0,0,0,0,0,0,0,0,0,0,0,0,0,0.396921,0.396472,-0.766302,0.000232012,8.18149e-05,0.000388754,0.000241631,0.000200083,-0.000178109,0,0,0,0,0,0,0,0,0,0,0,0,0,0,0,0,0,0,0,0,0,0,0,0,0,0,0,0,0,0,0,0,0,0,0,0,0,0,0,0,0,0,0,0,0,0,0,0,0,0,0,0,2,0,0,0,0,0,1.3586,1.3084,-3.8125,0,0,0,0,0,0,0,-0,0,1.9344,0,0,0,0,0,0,0,0,0,0,0,0,0,0,0
4.2,0,0,0,0,0,0,1.96932,1.52318,3.1062,3.90757e-05,4.88447e-05,9.53998e-05,0.000178114,0.000255779,0.000539068,0,0,0,0,0,0,0,0,0,0,0,0,0,0,0,0,0,0,0,0,0,0,0,0,0,0,0,0,0,0,0,0,0,0,0,0,0,0,0,0,0.396921,0.396472,-0.766302,0.000232012,8.18149e-05,0.000388754,0.000241631,0.000200083,-0.000178109,0,0,0,0,0,0,0,0,0,0,0,0,0,0,0,0,0,0,0,0,0,0,0,0,0,0,0,0,0,0,0,0,0,0,0,0,0,0,0,0,0,0,0,0,0,0,0,0,0,0,0,0,2,0,0,0,0,0,1.3586,1.3084,-3.8125,0,0,0,0,0,0,0,-0,0,1.9344,0,0,0,0,0,0,0,0,0,0,0,0,0,0,0
4.25,0,0,0,0,0,0,1.96932,1.52318,3.1062,3.90757e-05,4.88447e-05,9.53998e-05,0.000178114,0.000255779,0.000539068,0,0,0,0,0,0,0,0,0,0,0,0,0,0,0,0,0,0,0,0,0,0,0,0,0,0,0,0,0,0,0,0,0,0,0,0,0,0,0,0,0.396921,0.396472,-0.766302,0.000232012,8.18149e-05,0.000388754,0.000241631,0.000200083,-0.000178109,0,0,0,0,0,0,0,0,0,0,0,0,0,0,0,0,0,0,0,0,0,0,0,0,0,0,0,0,0,0,0,0,0,0,0,0,0,0,0,0,0,0,0,0,0,0,0,0,0,0,0,0,2,0,0,0,0,0,1.3586,1.3084,-3.8125,0,0,0,0,0,0,0,-0,0,1.9344,0,0,0,0,0,0,0,0,0,0,0,0,0,0,0
4.3,0,0,0,0,0,0,1.96932,1.52318,3.10619,-2.19727e-05,4.1504e-05,-9.77519e-05,-0.000119784,0.000233764,-0.000368993,0,0,0,0,0,0,0,0,0,0,0,0,0,0,0,0,0,0,0,0,0,0,0,0,0,0,0,0,0,0,0,0,0,0,0,0,0,0,0,0,0.397011,0.396433,-0.765889,0.00089966,-0.000386964,0.00413001,0.0029117,-0.00166842,0.015029,0,0,0,0,0,0,0,0,0,0,0,0,0,0,0,0,0,0,0,0,0,0,0,0,0,0,0,0,0,0,0,0,0,0,0,0,0,0,0,0,0,0,0,0,0,0,0,0,0,0,0,0,2,0,0,0,0,0,1.3586,1.3084,-3.8125,0,0,0,0,0,0,0,-0,0,1.93435,0,0,0,0,0,0,0,0,0,0,0,0,0,0,0
4.35,0,0,0,0,0,0,1.96932,1.52317,3.10618,3.17401e-05,-8.17918e-05,-6.43767e-05,0.000102368,-0.000355289,-0.00021112,0,0,0,0,0,0,0,0,0,0,0,0,0,0,0,0,0,0,0,0,0,0,0,0,0,0,0,0,0,0,0,0,0,0,0,0,0,0,0,0,0.396938,0.396475,-0.766161,-0.000727581,0.000418115,-0.00272111,-0.00439253,0.00196222,-0.0162936,0,0,0,0,0,0,0,0,0,0,0,0,0,0,0,0,0,0,0,0,0,0,0,0,0,0,0,0,0,0,0,0,0,0,0,0,0,0,0,0,0,0,0,0,0,0,0,0,0,0,0,0,2,0,0,0,0,0,1.2985,1.2484,-3.8724,0,0,0,0,0,0,0,-0,0,1.93438,0,0,0,0,0,0,0,0,0,0,0,0,0,0,0
4.4,0,0,0,0,0,0,1.96932,1.52317,3.10618,3.17401e-05,-8.17918e-05,-6.43767e-05,0.000102368,-0.000355289,-0.00021112,0,0,0,0,0,0,0,0,0,0,0,0,0,0,0,0,0,0,0,0,0,0,0,0,0,0,0,0,0,0,0,0,0,0,0,0,0,0,0,0,0.396938,0.396475,-0.766161,-0.000727581,0.000418115,-0.00272111,-0.00439253,0.00196222,-0.0162936,0,0,0,0,0,0,0,0,0,0,0,0,0,0,0,0,0,0,0,0,0,0,0,0,0,0,0,0,0,0,0,0,0,0,0,0,0,0,0,0,0,0,0,0,0,0,0,0,0,0,0,0,2,0,0,0,0,0,1.2985,1.2484,-3.8724,0,0,0,0,0,0,0,-0,0,1.93438,0,0,0,0,0,0,0,0,0,0,0,0,0,0,0
4.45,0,0,0,0,0,0,1.96932,1.52317,3.10618,3.17401e-05,-8.17918e-05,-6.43767e-05,0.000102368,-0.000355289,-0.00021112,0,0,0,0,0,0,0,0,0,0,0,0,0,0,0,0,0,0,0,0,0,0,0,0,0,0,0,0,0,0,0,0,0,0,0,0,0,0,0,0,0.396938,0.396475,-0.766161,-0.000727581,0.000418115,-0.00272111,-0.00439253,0.00196222,-0.0162936,0,0,0,0,0,0,0,0,0,0,0,0,0,0,0,0,0,0,0,0,0,0,0,0,0,0,0,0,0,0,0,0,0,0,0,0,0,0,0,0,0,0,0,0,0,0,0,0,0,0,0,0,2,0,0,0,0,0,1.2985,1.2484,-3.8724,0,0,0,0,0,0,0,-0,0,1.93438,0,0,0,0,0,0,0,0,0,0,0,0,0,0,0
4.5,0,0,0,0,0,0,1.96932,1.52318,3.10619,2.31933e-05,6.4697e-05,9.29829e-05,5.73845e-05,0.000292274,0.000523365,0,0,0,0,0,0,0,0,0,0,0,0,0,0,0,0,0,0,0,0,0,0,0,0,0,0,0,0,0,0,0,0,0,0,0,0,0,0,0,0,0.396945,0.396502,-0.766051,6.95797e-05,0.000269164,0.0010997,-0.000440795,0.00107443,0.00124429,0,0,0,0,0,0,0,0,0,0,0,0,0,0,0,0,0,0,0,0,0,0,0,0,0,0,0,0,0,0,0,0,0,0,0,0,0,0,0,0,0,0,0,0,0,0,0,0,0,0,0,0,2,0,0,0,0,0,1.2985,1.2484,-3.8724,0,0,0,0,0,0,0,-0,0,1.93437,0,0,0,0,0,0,0,0,0,0,0,0,0,0,0
4.55,0,0,0,0,0,0,1.96932,1.52318,3.1062,-4.51521e-05,-3.17285e-05,5.72028e-05,-0.000244734,-0.000122178,0.000270673,0,0,0,0,0,0,0,0,0,0,0,0,0,0,0,0,0,0,0,0,0,0,0,0,0,0,0,0,0,0,0,0,0,0,0,0,0,0,0,0,0.396974,0.396484,-0.766203,0.000283116,-0.000181219,-0.00152183,0.00112349,-0.00127472,-0.00735459,0,0,0,0,0,0,0,0,0,0,0,0,0,0,0,0,0,0,0,0,0,0,0,0,0,0,0,0,0,0,0,0,0,0,0,0,0,0,0,0,0,0,0,0,0,0,0,0,0,0,0,0,2,0,0,0,0,0,1.2986,1.2485,-3.8724,0,0,0,0,0,0,0,-0,0,1.93435,0,0,0,0,0,0,0,0,0,0,0,0,0,0,0
4.6,0,0,0,0,0,0,1.96932,1.52318,3.1062,-4.51521e-05,-3.17285e-05,5.72028e-05,-0.000244734,-0.000122178,0.000270673,0,0,0,0,0,0,0,0,0,0,0,0,0,0,0,0,0,0,0,0,0,0,0,0,0,0,0,0,0,0,0,0,0,0,0,0,0,0,0,0,0.396974,0.396484,-0.766203,0.000283116,-0.000181219,-0.00152183,0.00112349,-0.00127472,-0.00735459,0,0,0,0,0,0,0,0,0,0,0,0,0,0,0,0,0,0,0,0,0,0,0,0,0,0,0,0,0,0,0,0,0,0,0,0,0,0,0,0,0,0,0,0,0,0,0,0,0,0,0,0,2,0,0,0,0,0,1.2986,1.2485,-3.8724,0,0,0,0,0,0,0,-0,0,1.93435,0,0,0,0,0,0,0,0,0,0,0,0,0,0,0
4.65,0,0,0,0,0,0,1.96932,1.52319,3.10621,9.77207e-06,0.000108714,8.82731e-05,3.16651e-05,0.000431712,0.000252382,0,0,0,0,0,0,0,0,0,0,0,0,0,0,0,0,0,0,0,0,0,0,0,0,0,0,0,0,0,0,0,0,0,0,0,0,0,0,0,0,0.396986,0.396489,-0.766142,0.000127037,5.19144e-05,0.000613739,0.000262299,-0.000151652,0.00295469,0,0,0,0,0,0,0,0,0,0,0,0,0,0,0,0,0,0,0,0,0,0,0,0,0,0,0,0,0,0,0,0,0,0,0,0,0,0,0,0,0,0,0,0,0,0,0,0,0,0,0,0,2,0,0,0,0,0,1.2986,1.2485,-3.8724,0,0,0,0,0,0,0,-0,0,1.93434,0,0,0,0,0,0,0,0,0,0,0,0,0,0,0
4.7,0,0,0,0,0,0,1.96932,1.52319,3.10621,9.77207e-06,0.000108714,8.82731e-05,3.16651e-05,0.000431712,0.000252382,0,0,0,0,0,0,0,0,0,0,0,0,0,0,0,0,0,0,0,0,0,0,0,0,0,0,0,0,0,0,0,0,0,0,0,0,0,0,0,0,0.396986,0.396489,-0.766142,0.000127037,5.19144e-05,0.000613739,0.000262299,-0.000151652,0.00295469,0,0,0,0,0,0,0,0,0,0,0,0,0,0,0,0,0,0,0,0,0,0,0,0,0,0,0,0,0,0,0,0,0,0,0,0,0,0,0,0,0,0,0,0,0,0,0,0,0,0,0,0,2,0,0,0,0,0,1.2986,1.2485,-3.8724,0,0,0,0,0,0,0,-0,0,1.93434,0,0,0,0,0,0,0,0,0,0,0,0,0,0,0
4.75,0,0,0,0,0,0,1.96932,1.52317,3.10618,-1.95256e-05,-0.000164747,-0.0002455,-6.06391e-05,-0.000758312,-0.00118445,0,0,0,0,0,0,0,0,0,0,0,0,0,0,0,0,0,0,0,0,0,0,0,0,0,0,0,0,0,0,0,0,0,0,0,0,0,0,0,0,0.396982,0.396485,-0.766142,-4.14918e-05,-4.08817e-05,-4.76698e-06,-0.00063213,-0.000309783,0.00069891,0,0,0,0,0,0,0,0,0,0,0,0,0,0,0,0,0,0,0,0,0,0,0,0,0,0,0,0,0,0,0,0,0,0,0,0,0,0,0,0,0,0,0,0,0,0,0,0,0,0,0,0,2,0,0,0,0,0,1.2465,1.1964,-3.9243,0,0,0,0,0,0,0,-0,0,1.93434,0,0,0,0,0,0,0,0,0,0,0,0,0,0,0
4.8,0,0,0,0,0,0,1.96932,1.52317,3.10618,-1.95256e-05,-0.000164747,-0.0002455,-6.06391e-05,-0.000758312,-0.00118445,0,0,0,0,0,0,0,0,0,0,0,0,0,0,0,0,0,0,0,0,0,0,0,0,0,0,0,0,0,0,0,0,0,0,0,0,0,0,0,0,0.396982,0.396485,-0.766142,-4.14918e-05,-4.08817e-05,-4.76698e-06,-0.00063213,-0.000309783,0.00069891,0,0,0,0,0,0,0,0,0,0,0,0,0,0,0,0,0,0,0,0,0,0,0,0,0,0,0,0,0,0,0,0,0,0,0,0,0,0,0,0,0,0,0,0,0,0,0,0,0,0,0,0,2,0,0,0,0,0,1.2465,1.1964,-3.9243,0,0,0,0,0,0,0,-0,0,1.93434,0,0,0,0,0,0,0,0,0,0,0,0,0,0,0
4.85,0,0,0,0,0,0,1.96932,1.52317,3.1062,2.4423e-05,4.76249e-05,0.000159799,0.000126719,0.000232287,0.000713955,0,0,0,0,0,0,0,0,0,0,0,0,0,0,0,0,0,0,0,0,0,0,0,0,0,0,0,0,0,0,0,0,0,0,0,0,0,0,0,0,0.396974,0.396496,-0.76614,-8.3038e-05,0.000109903,1.90804e-05,-0.000666696,0.000395094,0.000209438,0,0,0,0,0,0,0,0,0,0,0,0,0,0,0,0,0,0,0,0,0,0,0,0,0,0,0,0,0,0,0,0,0,0,0,0,0,0,0,0,0,0,0,0,0,0,0,0,0,0,0,0,2,0,0,0,0,0,1.2465,1.1964,-3.9243,0,0,0,0,0,0,0,-0,0,1.93434,0,0,0,0,0,0,0,0,0,0,0,0,0,0,0
4.9,0,0,0,0,0,0,1.96932,1.52317,3.1062,2.4423e-05,4.76249e-05,0.000159799,0.000126719,0.000232287,0.000713955,0,0,0,0,0,0,0,0,0,0,0,0,0,0,0,0,0,0,0,0,0,0,0,0,0,0,0,0,0,0,0,0,0,0,0,0,0,0,0,0,0.396974,0.396496,-0.76614,-8.3038e-05,0.000109903,1.90804e-05,-0.000666696,0.000395094,0.000209438,0,0,0,0,0,0,0,0,0,0,0,0,0,0,0,0,0,0,0,0,0,0,0,0,0,0,0,0,0,0,0,0,0,0,0,0,0,0,0,0,0,0,0,0,0,0,0,0,0,0,0,0,2,0,0,0,0,0,1.2465,1.1964,-3.9243,0,0,0,0,0,0,0,-0,0,1.93434,0,0,0,0,0,0,0,0,0,0,0,0,0,0,0
4.95,0,0,0,0,0,0,1.96932,1.52317,3.1062,9.76394e-06,-6.10246e-06,9.53509e-06,4.28934e-05,5.88707e-05,8.53134e-05,0,0,0,0,0,0,0,0,0,0,0,0,0,0,0,0,0,0,0,0,0,0,0,0,0,0,0,0,0,0,0,0,0,0,0,0,0,0,0,0,0.396997,0.396474,-0.766043,0.000235555,-0.000216027,0.000977944,0.000867965,-0.000969625,0.00389106,0,0,0,0,0,0,0,0,0,0,0,0,0,0,0,0,0,0,0,0,0,0,0,0,0,0,0,0,0,0,0,0,0,0,0,0,0,0,0,0,0,0,0,0,0,0,0,0,0,0,0,0,2,0,0,0,0,0,1.2963,1.2462,-3.8744,0,0,0,0,0,0,0,-0,0,1.93433,0,0,0,0,0,0,0,0,0,0,0,0,0,0,0
5,0,0,0,0,0,0,1.96932,1.52317,3.1062,9.76394e-06,-6.10246e-06,9.53509e-06,4.28934e-05,5.88707e-05,8.53134e-05,0,0,0,0,0,0,0,0,0,0,0,0,0,0,0,0,0,0,0,0,0,0,0,0,0,0,0,0,0,0,0,0,0,0,0,0,0,0,0,0,0.396997,0.396474,-0.766043,0.000235555,-0.000216027,0.000977944,0.000867965,-0.000969625,0.00389106,0,0,0,0,0,0,0,0,0,0,0,0,0,0,0,0,0,0,0,0,0,0,0,0,0,0,0,0,0,0,0,0,0,0,0,0,0,0,0,0,0,0,0,0,0,0,0,0,0,0,0,0,2,0,0,0,0,0,1.2963,1.2462,-3.8744,0,0,0,0,0,0,0,-0,0,1.93433,0,0,0,0,0,0,0,0,0,0,0,0,0,0,0
5.05,0,0,0,0,0,0,1.96932,1.52318,3.1062,2.44217e-06,2.32006e-05,1.43096e-05,-1.48609e-05,0.000128961,-1.48287e-05,0,0,0,0,0,0,0,0,0,0,0,0,0,0,0,0,0,0,0,0,0,0,0,0,0,0,0,0,0,0,0,0,0,0,0,0,0,0,0,0,0.397021,0.396474,-0.766053,0.000238112,-7.93705e-06,-0.000104937,0.000738918,6.46697e-05,-0.00149292,0,0,0,0,0,0,0,0,0,0,0,0,0,0,0,0,0,0,0,0,0,0,0,0,0,0,0,0,0,0,0,0,0,0,0,0,0,0,0,0,0,0,0,0,0,0,0,0,0,0,0,0,2,0,0,0,0,0,1.2963,1.2462,-3.8744,0,0,0,0,0,0,0,-0,0,1.93432,0,0,0,0,0,0,0,0,0,0,0,0,0,0,0
5.1,0,0,0,0,0,0,1.96932,1.52318,3.1062,2.44217e-06,2.32006e-05,1.43096e-05,-1.48609e-05,0.000128961,-1.48287e-05,0,0,0,0,0,0,0,0,0,0,0,0,0,0,0,0,0,0,0,0,0,0,0,0,0,0,0,0,0,0,0,0,0,0,0,0,0,0,0,0,0.397021,0.396474,-0.766053,0.000238112,-7.93705e-06,-0.000104937,0.000738918,6.46697e-05,-0.00149292,0,0,0,0,0,0,0,0,0,0,0,0,0,0,0,0,0,0,0,0,0,0,0,0,0,0,0,0,0,0,0,0,0,0,0,0,0,0,0,0,0,0,0,0,0,0,0,0,0,0,0,0,2,0,0,0,0,0,1.2963,1.2462,-3.8744,0,0,0,0,0,0,0,-0,0,1.93432,0,0,0,0,0,0,0,0,0,0,0,0,0,0,0
5.15,0,0,0,0,0,0,1.96932,1.52318,3.1062,2.44217e-06,2.32006e-05,1.43096e-05,-1.48609e-05,0.000128961,-1.48287e-05,0,0,0,0,0,0,0,0,0,0,0,0,0,0,0,0,0,0,0,0,0,0,0,0,0,0,0,0,0,0,0,0,0,0,0,0,0,0,0,0,0.397021,0.396474,-0.766053,0.000238112,-7.93705e-06,-0.000104937,0.000738918,6.46697e-05,-0.00149292,0,0,0,0,0,0,0,0,0,0,0,0,0,0,0,0,0,0,0,0,0,0,0,0,0,0,0,0,0,0,0,0,0,0,0,0,0,0,0,0,0,0,0,0,0,0,0,0,0,0,0,0,2,0,0,0,0,0,1.2468,1.1968,-3.9239,0,0,0,0,0,0,0,-0,0,1.93432,0,0,0,0,0,0,0,0,0,0,0,0,0,0,0
5.2,0,0,0,0,0,0,1.96932,1.52318,3.1062,-4.1511e-05,3.17437e-05,-4.53073e-05,-0.000192358,0.000121077,-0.000260651,0,0,0,0,0,0,0,0,0,0,0,0,0,0,0,0,0,0,0,0,0,0,0,0,0,0,0,0,0,0,0,0,0,0,0,0,0,0,0,0,0.397033,0.396488,-0.766056,0.000122091,0.000142236,-2.50382e-05,-3.71355e-05,0.000778824,-0.00130585,0,0,0,0,0,0,0,0,0,0,0,0,0,0,0,0,0,0,0,0,0,0,0,0,0,0,0,0,0,0,0,0,0,0,0,0,0,0,0,0,0,0,0,0,0,0,0,0,0,0,0,0,2,0,0,0,0,0,1.2468,1.1968,-3.9239,0,0,0,0,0,0,0,-0,0,1.9343,0,0,0,0,0,0,0,0,0,0,0,0,0,0,0
5.25,0,0,0,0,0,0,1.96932,1.52318,3.1062,-4.1511e-05,3.17437e-05,-4.53073e-05,-0.000192358,0.000121077,-0.000260651,0,0,0,0,0,0,0,0,0,0,0,0,0,0,0,0,0,0,0,0,0,0,0,0,0,0,0,0,0,0,0,0,0,0,0,0,0,0,0,0,0.397033,0.396488,-0.766056,0.000122091,0.000142236,-2.50382e-05,-3.71355e-05,0.000778824,-0.00130585,0,0,0,0,0,0,0,0,0,0,0,0,0,0,0,0,0,0,0,0,0,0,0,0,0,0,0,0,0,0,0,0,0,0,0,0,0,0,0,0,0,0,0,0,0,0,0,0,0,0,0,0,2,0,0,0,0,0,1.2468,1.1968,-3.9239,0,0,0,0,0,0,0,-0,0,1.9343,0,0,0,0,0,0,0,0,0,0,0,0,0,0,0
5.3,0,0,0,0,0,0,1.96932,1.52318,3.1062,-4.1511e-05,3.17437e-05,-4.53073e-05,-0.000192358,0.000121077,-0.000260651,0,0,0,0,0,0,0,0,0,0,0,0,0,0,0,0,0,0,0,0,0,0,0,0,0,0,0,0,0,0,0,0,0,0,0,0,0,0,0,0,0.397033,0.396488,-0.766056,0.000122091,0.000142236,-2.50382e-05,-3.71355e-05,0.000778824,-0.00130585,0,0,0,0,0,0,0,0,0,0,0,0,0,0,0,0,0,0,0,0,0,0,0,0,0,0,0,0,0,0,0,0,0,0,0,0,0,0,0,0,0,0,0,0,0,0,0,0,0,0,0,0,2,0,0,0,0,0,1.2468,1.1968,-3.9239,0,0,0,0,0,0,0,-0,0,1.9343,0,0,0,0,0,0,0,0,0,0,0,0,0,0,0
5.35,0,0,0,0,0,0,1.96932,1.52318,3.10619,-1.09818e-05,2.4404e-05,-4.52808e-05,-1.75552e-05,4.23177e-05,-0.000189702,0,0,0,0,0,0,0,0,0,0,0,0,0,0,0,0,0,0,0,0,0,0,0,0,0,0,0,0,0,0,0,0,0,0,0,0,0,0,0,0,0.397024,0.396479,-0.766047,-9.02948e-05,-8.5414e-05,8.99659e-05,-0.000976,-0.000345306,-0.000299172,0,0,0,0,0,0,0,0,0,0,0,0,0,0,0,0,0,0,0,0,0,0,0,0,0,0,0,0,0,0,0,0,0,0,0,0,0,0,0,0,0,0,0,0,0,0,0,0,0,0,0,0,2,0,0,0,0,0,1.2984,1.2484,-3.8723,0,0,0,0,0,0,0,-0,0,1.93431,0,0,0,0,0,0,0,0,0,0,0,0,0,0,0
5.4,0,0,0,0,0,0,1.96931,1.52317,3.10619,-1.58752e-05,-6.5943e-05,1.43105e-05,-6.41082e-06,-0.000346279,0.000133877,0,0,0,0,0,0,0,0,0,0,0,0,0,0,0,0,0,0,0,0,0,0,0,0,0,0,0,0,0,0,0,0,0,0,0,0,0,0,0,0,0.397043,0.39649,-0.766005,0.000183175,0.000110515,0.000412024,0.000379681,0.000423491,0.00124324,0,0,0,0,0,0,0,0,0,0,0,0,0,0,0,0,0,0,0,0,0,0,0,0,0,0,0,0,0,0,0,0,0,0,0,0,0,0,0,0,0,0,0,0,0,0,0,0,0,0,0,0,2,0,0,0,0,0,1.2984,1.2484,-3.8723,0,0,0,0,0,0,0,-0,0,1.93428,0,0,0,0,0,0,0,0,0,0,0,0,0,0,0
5.45,0,0,0,0,0,0,1.96932,1.52317,3.10619,2.80807e-05,-1.09881e-05,0,0.000173269,-4.09986e-05,6.6997e-05,0,0,0,0,0,0,0,0,0,0,0,0,0,0,0,0,0,0,0,0,0,0,0,0,0,0,0,0,0,0,0,0,0,0,0,0,0,0,0,0,0.397039,0.396485,-0.765977,-3.66271e-05,-5.86033e-05,0.000287937,-0.000466638,-0.000317308,0.000459905,0,0,0,0,0,0,0,0,0,0,0,0,0,0,0,0,0,0,0,0,0,0,0,0,0,0,0,0,0,0,0,0,0,0,0,0,0,0,0,0,0,0,0,0,0,0,0,0,0,0,0,0,2,0,0,0,0,0,1.2984,1.2484,-3.8723,0,0,0,0,0,0,0,-0,0,1.93429,0,0,0,0,0,0,0,0,0,0,0,0,0,0,0
5.5,0,0,0,0,0,0,1.96932,1.52317,3.10619,2.80807e-05,-1.09881e-05,0,0.000173269,-4.09986e-05,6.6997e-05,0,0,0,0,0,0,0,0,0,0,0,0,0,0,0,0,0,0,0,0,0,0,0,0,0,0,0,0,0,0,0,0,0,0,0,0,0,0,0,0,0.397039,0.396485,-0.765977,-3.66271e-05,-5.86033e-05,0.000287937,-0.000466638,-0.000317308,0.000459905,0,0,0,0,0,0,0,0,0,0,0,0,0,0,0,0,0,0,0,0,0,0,0,0,0,0,0,0,0,0,0,0,0,0,0,0,0,0,0,0,0,0,0,0,0,0,0,0,0,0,0,0,2,0,0,0,0,0,1.2984,1.2484,-3.8723,0,0,0,0,0,0,0,-0,0,1.93429,0,0,0,0,0,0,0,0,0,0,0,0,0,0,0
5.55,0,0,0,0,0,0,1.96931,1.52318,3.1062,-2.56267e-05,2.92877e-05,9.53375e-05,-8.62356e-05,0.000177658,0.000412137,0,0,0,0,0,0,0,0,0,0,0,0,0,0,0,0,0,0,0,0,0,0,0,0,0,0,0,0,0,0,0,0,0,0,0,0,0,0,0,0,0.397063,0.396486,-0.765958,0.000237962,1.5254e-05,0.0001871,0.00070245,4.27461e-06,-0.000232771,0,0,0,0,0,0,0,0,0,0,0,0,0,0,0,0,0,0,0,0,0,0,0,0,0,0,0,0,0,0,0,0,0,0,0,0,0,0,0,0,0,0,0,0,0,0,0,0,0,0,0,0,2,0,0,0,0,0,1.3283,1.2782,-3.8423,0,0,0,0,0,0,0,-0,0,1.93427,0,0,0,0,0,0,0,0,0,0,0,0,0,0,0
5.6,0,0,0,0,0,0,1.96931,1.52318,3.1062,-2.56267e-05,2.92877e-05,9.53375e-05,-8.62356e-05,0.000177658,0.000412137,0,0,0,0,0,0,0,0,0,0,0,0,0,0,0,0,0,0,0,0,0,0,0,0,0,0,0,0,0,0,0,0,0,0,0,0,0,0,0,0,0.397063,0.396486,-0.765958,0.000237962,1.5254e-05,0.0001871,0.00070245,4.27461e-06,-0.000232771,0,0,0,0,0,0,0,0,0,0,0,0,0,0,0,0,0,0,0,0,0,0,0,0,0,0,0,0,0,0,0,0,0,0,0,0,0,0,0,0,0,0,0,0,0,0,0,0,0,0,0,0,2,0,0,0,0,0,1.3283,1.2782,-3.8423,0,0,0,0,0,0,0,-0,0,1.93427,0,0,0,0,0,0,0,0,0,0,0,0,0,0,0
5.65,0,0,0,0,0,0,1.96932,1.52318,3.10621,6.3498e-05,-1.099e-05,5.48548e-05,0.000269232,-2.46997e-05,0.000132298,0,0,0,0,0,0,0,0,0,0,0,0,0,0,0,0,0,0,0,0,0,0,0,0,0,0,0,0,0,0,0,0,0,0,0,0,0,0,0,0,0.397071,0.396488,-0.765992,7.69303e-05,2.13695e-05,-0.000338073,-6.37237e-05,7.05086e-05,-0.00233217,0,0,0,0,0,0,0,0,0,0,0,0,0,0,0,0,0,0,0,0,0,0,0,0,0,0,0,0,0,0,0,0,0,0,0,0,0,0,0,0,0,0,0,0,0,0,0,0,0,0,0,0,2,0,0,0,0,0,1.3283,1.2782,-3.8423,0,0,0,0,0,0,0,-0,0,1.93427,0,0,0,0,0,0,0,0,0,0,0,0,0,0,0
5.7,0,0,0,0,0,0,1.96932,1.52318,3.10621,6.3498e-05,-1.099e-05,5.48548e-05,0.000269232,-2.46997e-05,0.000132298,0,0,0,0,0,0,0,0,0,0,0,0,0,0,0,0,0,0,0,0,0,0,0,0,0,0,0,0,0,0,0,0,0,0,0,0,0,0,0,0,0.397071,0.396488,-0.765992,7.69303e-05,2.13695e-05,-0.000338073,-6.37237e-05,7.05086e-05,-0.00233217,0,0,0,0,0,0,0,0,0,0,0,0,0,0,0,0,0,0,0,0,0,0,0,0,0,0,0,0,0,0,0,0,0,0,0,0,0,0,0,0,0,0,0,0,0,0,0,0,0,0,0,0,2,0,0,0,0,0,1.3283,1.2782,-3.8423,0,0,0,0,0,0,0,-0,0,1.93427,0,0,0,0,0,0,0,0,0,0,0,0,0,0,0
5.75,0,0,0,0,0,0,1.96932,1.52318,3.10621,-7.32333e-06,8.66593e-05,9.53558e-06,-7.31591e-05,0.00034797,-0.000139431,0,0,0,0,0,0,0,0,0,0,0,0,0,0,0,0,0,0,0,0,0,0,0,0,0,0,0,0,0,0,0,0,0,0,0,0,0,0,0,0,0.397079,0.396501,-0.765944,8.66593e-05,0.000125107,0.000477971,-0.000102919,0.000465844,0.00157602,0,0,0,0,0,0,0,0,0,0,0,0,0,0,0,0,0,0,0,0,0,0,0,0,0,0,0,0,0,0,0,0,0,0,0,0,0,0,0,0,0,0,0,0,0,0,0,0,0,0,0,0,2,0,0,0,0,0,1.3473,1.2973,-3.8232,0,0,0,0,0,0,0,-0,0,1.93426,0,0,0,0,0,0,0,0,0,0,0,0,0,0,0
5.8,0,0,0,0,0,0,1.96932,1.52318,3.10621,-7.32333e-06,8.66593e-05,9.53558e-06,-7.31591e-05,0.00034797,-0.000139431,0,0,0,0,0,0,0,0,0,0,0,0,0,0,0,0,0,0,0,0,0,0,0,0,0,0,0,0,0,0,0,0,0,0,0,0,0,0,0,0,0.397079,0.396501,-0.765944,8.66593e-05,0.000125107,0.000477971,-0.000102919,0.000465844,0.00157602,0,0,0,0,0,0,0,0,0,0,0,0,0,0,0,0,0,0,0,0,0,0,0,0,0,0,0,0,0,0,0,0,0,0,0,0,0,0,0,0,0,0,0,0,0,0,0,0,0,0,0,0,2,0,0,0,0,0,1.3473,1.2973,-3.8232,0,0,0,0,0,0,0,-0,0,1.93426,0,0,0,0,0,0,0,0,0,0,0,0,0,0,0
5.85,0,0,0,0,0,0,1.96932,1.52318,3.10619,1.22087e-05,-8.54606e-06,-0.000181222,-1.22403e-05,-0.000121085,-0.000882734,0,0,0,0,0,0,0,0,0,0,0,0,0,0,0,0,0,0,0,0,0,0,0,0,0,0,0,0,0,0,0,0,0,0,0,0,0,0,0,0,0.397098,0.396494,-0.765857,0.000188013,-6.47059e-05,0.000874516,0.000337786,-0.000425293,0.00305955,0,0,0,0,0,0,0,0,0,0,0,0,0,0,0,0,0,0,0,0,0,0,0,0,0,0,0,0,0,0,0,0,0,0,0,0,0,0,0,0,0,0,0,0,0,0,0,0,0,0,0,0,2,0,0,0,0,0,1.3473,1.2973,-3.8232,0,0,0,0,0,0,0,-0,0,1.93425,0,0,0,0,0,0,0,0,0,0,0,0,0,0,0
5.9,0,0,0,0,0,0,1.96932,1.52318,3.10619,1.22087e-05,-8.54606e-06,-0.000181222,-1.22403e-05,-0.000121085,-0.000882734,0,0,0,0,0,0,0,0,0,0,0,0,0,0,0,0,0,0,0,0,0,0,0,0,0,0,0,0,0,0,0,0,0,0,0,0,0,0,0,0,0.397098,0.396494,-0.765857,0.000188013,-6.47059e-05,0.000874516,0.000337786,-0.000425293,0.00305955,0,0,0,0,0,0,0,0,0,0,0,0,0,0,0,0,0,0,0,0,0,0,0,0,0,0,0,0,0,0,0,0,0,0,0,0,0,0,0,0,0,0,0,0,0,0,0,0,0,0,0,0,2,0,0,0,0,0,1.3473,1.2973,-3.8232,0,0,0,0,0,0,0,-0,0,1.93425,0,0,0,0,0,0,0,0,0,0,0,0,0,0,0
5.95,0,0,0,0,0,0,1.96932,1.52318,3.10621,-3.54103e-05,-3.66313e-06,0.000209867,-0.00018937,-0.000116674,0.000931952,0,0,0,0,0,0,0,0,0,0,0,0,0,0,0,0,0,0,0,0,0,0,0,0,0,0,0,0,0,0,0,0,0,0,0,0,0,0,0,0,0.39712,0.396477,-0.765721,0.000214904,-0.000169115,0.00135638,0.000369942,-0.000793154,0.00396342,0,0,0,0,0,0,0,0,0,0,0,0,0,0,0,0,0,0,0,0,0,0,0,0,0,0,0,0,0,0,0,0,0,0,0,0,0,0,0,0,0,0,0,0,0,0,0,0,0,0,0,0,2,0,0,0,0,0,1.2983,1.2484,-3.8719,0,0,0,0,0,0,0,-0,0,1.93424,0,0,0,0,0,0,0,0,0,0,0,0,0,0,0
6,0,0,0,0,0,0,1.96932,1.52318,3.10621,-3.54103e-05,-3.66313e-06,0.000209867,-0.00018937,-0.000116674,0.000931952,0,0,0,0,0,0,0,0,0,0,0,0,0,0,0,0,0,0,0,0,0,0,0,0,0,0,0,0,0,0,0,0,0,0,0,0,0,0,0,0,0.39712,0.396477,-0.765721,0.000214904,-0.000169115,0.00135638,0.000369942,-0.000793154,0.00396342,0,0,0,0,0,0,0,0,0,0,0,0,0,0,0,0,0,0,0,0,0,0,0,0,0,0,0,0,0,0,0,0,0,0,0,0,0,0,0,0,0,0,0,0,0,0,0,0,0,0,0,0,2,0,0,0,0,0,1.2983,1.2484,-3.8719,0,0,0,0,0,0,0,-0,0,1.93424,0,0,0,0,0,0,0,0,0,0,0,0,0,0,0
6.05,0,0,0,0,0,0,1.96932,1.52318,3.1062,1.8304e-05,1.8304e-05,-0.000145383,7.69275e-05,1.83212e-05,-0.000614154,0,0,0,0,0,0,0,0,0,0,0,0,0,0,0,0,0,0,0,0,0,0,0,0,0,0,0,0,0,0,0,0,0,0,0,0,0,0,0,0,0.397094,0.396501,-0.765835,-0.000256254,0.0002349,-0.0011434,-0.00165605,0.00108825,-0.00748566,0,0,0,0,0,0,0,0,0,0,0,0,0,0,0,0,0,0,0,0,0,0,0,0,0,0,0,0,0,0,0,0,0,0,0,0,0,0,0,0,0,0,0,0,0,0,0,0,0,0,0,0,2,0,0,0,0,0,1.2983,1.2484,-3.8719,0,0,0,0,0,0,0,-0,0,1.93425,0,0,0,0,0,0,0,0,0,0,0,0,0,0,0
6.1,0,0,0,0,0,0,1.96932,1.52318,3.1062,1.8304e-05,1.8304e-05,-0.000145383,7.69275e-05,1.83212e-05,-0.000614154,0,0,0,0,0,0,0,0,0,0,0,0,0,0,0,0,0,0,0,0,0,0,0,0,0,0,0,0,0,0,0,0,0,0,0,0,0,0,0,0,0.397094,0.396501,-0.765835,-0.000256254,0.0002349,-0.0011434,-0.00165605,0.00108825,-0.00748566,0,0,0,0,0,0,0,0,0,0,0,0,0,0,0,0,0,0,0,0,0,0,0,0,0,0,0,0,0,0,0,0,0,0,0,0,0,0,0,0,0,0,0,0,0,0,0,0,0,0,0,0,2,0,0,0,0,0,1.2983,1.2484,-3.8719,0,0,0,0,0,0,0,-0,0,1.93425,0,0,0,0,0,0,0,0,0,0,0,0,0,0,0
6.15,0,0,0,0,0,0,1.96932,1.52318,3.1062,1.95421e-05,-8.54968e-06,4.77102e-06,8.71592e-05,-7.80504e-05,2.20921e-05,0,0,0,0,0,0,0,0,0,0,0,0,0,0,0,0,0,0,0,0,0,0,0,0,0,0,0,0,0,0,0,0,0,0,0,0,0,0,0,0,0.397099,0.396533,-0.765669,5.25197e-05,0.000320004,0.00166688,-3.45726e-05,0.00124776,0.00518524,0,0,0,0,0,0,0,0,0,0,0,0,0,0,0,0,0,0,0,0,0,0,0,0,0,0,0,0,0,0,0,0,0,0,0,0,0,0,0,0,0,0,0,0,0,0,0,0,0,0,0,0,2,0,0,0,0,0,1.2596,1.2096,-3.9106,0,0,0,0,0,0,0,-0,0,1.93422,0,0,0,0,0,0,0,0,0,0,0,0,0,0,0
6.2,0,0,0,0,0,0,1.96932,1.52318,3.1062,1.95421e-05,-8.54968e-06,4.77102e-06,8.71592e-05,-7.80504e-05,2.20921e-05,0,0,0,0,0,0,0,0,0,0,0,0,0,0,0,0,0,0,0,0,0,0,0,0,0,0,0,0,0,0,0,0,0,0,0,0,0,0,0,0,0.397099,0.396533,-0.765669,5.25197e-05,0.000320004,0.00166688,-3.45726e-05,0.00124776,0.00518524,0,0,0,0,0,0,0,0,0,0,0,0,0,0,0,0,0,0,0,0,0,0,0,0,0,0,0,0,0,0,0,0,0,0,0,0,0,0,0,0,0,0,0,0,0,0,0,0,0,0,0,0,2,0,0,0,0,0,1.2596,1.2096,-3.9106,0,0,0,0,0,0,0,-0,0,1.93422,0,0,0,0,0,0,0,0,0,0,0,0,0,0,0
6.25,0,0,0,0,0,0,1.96932,1.52318,3.1062,1.95421e-05,-8.54968e-06,4.77102e-06,8.71592e-05,-7.80504e-05,2.20921e-05,0,0,0,0,0,0,0,0,0,0,0,0,0,0,0,0,0,0,0,0,0,0,0,0,0,0,0,0,0,0,0,0,0,0,0,0,0,0,0,0,0.397099,0.396533,-0.765669,5.25197e-05,0.000320004,0.00166688,-3.45726e-05,0.00124776,0.00518524,0,0,0,0,0,0,0,0,0,0,0,0,0,0,0,0,0,0,0,0,0,0,0,0,0,0,0,0,0,0,0,0,0,0,0,0,0,0,0,0,0,0,0,0,0,0,0,0,0,0,0,0,2,0,0,0,0,0,1.2596,1.2096,-3.9106,0,0,0,0,0,0,0,-0,0,1.93422,0,0,0,0,0,0,0,0,0,0,0,0,0,0,0
6.3,0,0,0,0,0,0,1.96932,1.52318,3.1062,0,-7.80879e-05,5.48102e-05,-2.43258e-05,-0.00033808,0.00029951,0,0,0,0,0,0,0,0,0,0,0,0,0,0,0,0,0,0,0,0,0,0,0,0,0,0,0,0,0,0,0,0,0,0,0,0,0,0,0,0,0.397099,0.396531,-0.765935,-2.44025e-06,-1.76918e-05,-0.00266069,-2.0896e-05,-0.000577924,-0.0124618,0,0,0,0,0,0,0,0,0,0,0,0,0,0,0,0,0,0,0,0,0,0,0,0,0,0,0,0,0,0,0,0,0,0,0,0,0,0,0,0,0,0,0,0,0,0,0,0,0,0,0,0,2,0,0,0,0,0,1.2596,1.2096,-3.9106,0,0,0,0,0,0,0,-0,0,1.93422,0,0,0,0,0,0,0,0,0,0,0,0,0,0,0
6.35,0,0,0,0,0,0,1.96932,1.52318,3.1062,0,-7.80879e-05,5.48102e-05,-2.43258e-05,-0.00033808,0.00029951,0,0,0,0,0,0,0,0,0,0,0,0,0,0,0,0,0,0,0,0,0,0,0,0,0,0,0,0,0,0,0,0,0,0,0,0,0,0,0,0,0.397099,0.396531,-0.765935,-2.44025e-06,-1.76918e-05,-0.00266069,-2.0896e-05,-0.000577924,-0.0124618,0,0,0,0,0,0,0,0,0,0,0,0,0,0,0,0,0,0,0,0,0,0,0,0,0,0,0,0,0,0,0,0,0,0,0,0,0,0,0,0,0,0,0,0,0,0,0,0,0,0,0,0,2,0,0,0,0,0,1.2983,1.2483,-3.8722,0,0,0,0,0,0,0,-0,0,1.93422,0,0,0,0,0,0,0,0,0,0,0,0,0,0,0
6.4,0,0,0,0,0,0,1.96932,1.52318,3.10621,-4.63984e-05,5.25035e-05,4.05414e-05,-0.000215103,0.000283793,0.000160261,0,0,0,0,0,0,0,0,0,0,0,0,0,0,0,0,0,0,0,0,0,0,0,0,0,0,0,0,0,0,0,0,0,0,0,0,0,0,0,0,0.397128,0.396515,-0.765775,0.00029182,-0.000156289,0.00159959,0.00116506,-0.00114803,0.00715553,0,0,0,0,0,0,0,0,0,0,0,0,0,0,0,0,0,0,0,0,0,0,0,0,0,0,0,0,0,0,0,0,0,0,0,0,0,0,0,0,0,0,0,0,0,0,0,0,0,0,0,0,2,0,0,0,0,0,1.2983,1.2483,-3.8722,0,0,0,0,0,0,0,-0,0,1.93421,0,0,0,0,0,0,0,0,0,0,0,0,0,0,0
6.45,0,0,0,0,0,0,1.96932,1.52318,3.10621,-4.63984e-05,5.25035e-05,4.05414e-05,-0.000215103,0.000283793,0.000160261,0,0,0,0,0,0,0,0,0,0,0,0,0,0,0,0,0,0,0,0,0,0,0,0,0,0,0,0,0,0,0,0,0,0,0,0,0,0,0,0,0.397128,0.396515,-0.765775,0.00029182,-0.000156289,0.00159959,0.00116506,-0.00114803,0.00715553,0,0,0,0,0,0,0,0,0,0,0,0,0,0,0,0,0,0,0,0,0,0,0,0,0,0,0,0,0,0,0,0,0,0,0,0,0,0,0,0,0,0,0,0,0,0,0,0,0,0,0,0,2,0,0,0,0,0,1.2983,1.2483,-3.8722,0,0,0,0,0,0,0,-0,0,1.93421,0,0,0,0,0,0,0,0,0,0,0,0,0,0,0
6.5,0,0,0,0,0,0,1.96933,1.52318,3.1062,8.54551e-05,-2.3195e-05,-4.53027e-05,0.000371835,-4.78073e-05,-0.000265635,0,0,0,0,0,0,0,0,0,0,0,0,0,0,0,0,0,0,0,0,0,0,0,0,0,0,0,0,0,0,0,0,0,0,0,0,0,0,0,0,0.397123,0.396546,-0.765622,-4.88316e-05,0.000302145,0.00153254,-0.000500883,0.00106519,0.00668356,0,0,0,0,0,0,0,0,0,0,0,0,0,0,0,0,0,0,0,0,0,0,0,0,0,0,0,0,0,0,0,0,0,0,0,0,0,0,0,0,0,0,0,0,0,0,0,0,0,0,0,0,2,0,0,0,0,0,1.2983,1.2483,-3.8722,0,0,0,0,0,0,0,-0,0,1.9342,0,0,0,0,0,0,0,0,0,0,0,0,0,0,0
6.55,0,0,0,0,0,0,1.96933,1.52318,3.1062,8.54551e-05,-2.3195e-05,-4.53027e-05,0.000371835,-4.78073e-05,-0.000265635,0,0,0,0,0,0,0,0,0,0,0,0,0,0,0,0,0,0,0,0,0,0,0,0,0,0,0,0,0,0,0,0,0,0,0,0,0,0,0,0,0.397123,0.396546,-0.765622,-4.88316e-05,0.000302145,0.00153254,-0.000500883,0.00106519,0.00668356,0,0,0,0,0,0,0,0,0,0,0,0,0,0,0,0,0,0,0,0,0,0,0,0,0,0,0,0,0,0,0,0,0,0,0,0,0,0,0,0,0,0,0,0,0,0,0,0,0,0,0,0,2,0,0,0,0,0,1.3861,1.336,-3.7841,0,0,0,0,0,0,0,-0,0,1.9342,0,0,0,0,0,0,0,0,0,0,0,0,0,0,0
6.6,0,0,0,0,0,0,1.96932,1.52317,3.10619,-0.00010256,-5.37217e-05,-0.00017408,-0.000448517,-0.000195569,-0.000731707,0,0,0,0,0,0,0,0,0,0,0,0,0,0,0,0,0,0,0,0,0,0,0,0,0,0,0,0,0,0,0,0,0,0,0,0,0,0,0,0,0.397132,0.396524,-0.765741,8.91291e-05,-0.00021916,-0.00118995,2.49198e-05,-0.00114376,-0.00692909,0,0,0,0,0,0,0,0,0,0,0,0,0,0,0,0,0,0,0,0,0,0,0,0,0,0,0,0,0,0,0,0,0,0,0,0,0,0,0,0,0,0,0,0,0,0,0,0,0,0,0,0,2,0,0,0,0,0,1.3861,1.336,-3.7841,0,0,0,0,0,0,0,-0,0,1.93419,0,0,0,0,0,0,0,0,0,0,0,0,0,0,0
6.65,0,0,0,0,0,0,1.96932,1.52317,3.10619,-0.00010256,-5.37217e-05,-0.00017408,-0.000448517,-0.000195569,-0.000731707,0,0,0,0,0,0,0,0,0,0,0,0,0,0,0,0,0,0,0,0,0,0,0,0,0,0,0,0,0,0,0,0,0,0,0,0,0,0,0,0,0.397132,0.396524,-0.765741,8.91291e-05,-0.00021916,-0.00118995,2.49198e-05,-0.00114376,-0.00692909,0,0,0,0,0,0,0,0,0,0,0,0,0,0,0,0,0,0,0,0,0,0,0,0,0,0,0,0,0,0,0,0,0,0,0,0,0,0,0,0,0,0,0,0,0,0,0,0,0,0,0,0,2,0,0,0,0,0,1.3861,1.336,-3.7841,0,0,0,0,0,0,0,-0,0,1.93419,0,0,0,0,0,0,0,0,0,0,0,0,0,0,0
6.7,0,0,0,0,0,0,1.96932,1.52318,3.10621,1.83149e-05,8.79114e-05,0.000212243,0.000102571,0.00042846,0.00104109,0,0,0,0,0,0,0,0,0,0,0,0,0,0,0,0,0,0,0,0,0,0,0,0,0,0,0,0,0,0,0,0,0,0,0,0,0,0,0,0,0.397143,0.396519,-0.765625,0.000112331,-4.82289e-05,0.0011566,0.000178855,-0.000302902,0.00337211,0,0,0,0,0,0,0,0,0,0,0,0,0,0,0,0,0,0,0,0,0,0,0,0,0,0,0,0,0,0,0,0,0,0,0,0,0,0,0,0,0,0,0,0,0,0,0,0,0,0,0,0,2,0,0,0,0,0,1.3861,1.336,-3.7841,0,0,0,0,0,0,0,-0,0,1.93419,0,0,0,0,0,0,0,0,0,0,0,0,0,0,0
6.75,0,0,0,0,0,0,1.96932,1.52318,3.10621,1.83149e-05,8.79114e-05,0.000212243,0.000102571,0.00042846,0.00104109,0,0,0,0,0,0,0,0,0,0,0,0,0,0,0,0,0,0,0,0,0,0,0,0,0,0,0,0,0,0,0,0,0,0,0,0,0,0,0,0,0.397143,0.396519,-0.765625,0.000112331,-4.82289e-05,0.0011566,0.000178855,-0.000302902,0.00337211,0,0,0,0,0,0,0,0,0,0,0,0,0,0,0,0,0,0,0,0,0,0,0,0,0,0,0,0,0,0,0,0,0,0,0,0,0,0,0,0,0,0,0,0,0,0,0,0,0,0,0,0,2,0,0,0,0,0,1.2983,1.2483,-3.8718,0,0,0,0,0,0,0,-0,0,1.93419,0,0,0,0,0,0,0,0,0,0,0,0,0,0,0
6.8,0,0,0,0,0,0,1.96932,1.52318,3.10621,1.09822e-05,-1.70834e-05,7.14987e-06,0.000106904,-7.77522e-05,4.57083e-05,0,0,0,0,0,0,0,0,0,0,0,0,0,0,0,0,0,0,0,0,0,0,0,0,0,0,0,0,0,0,0,0,0,0,0,0,0,0,0,0,0.397163,0.396529,-0.765632,0.000196461,0.000104942,-7.20949e-05,0.000464505,0.000543997,-0.00148968,0,0,0,0,0,0,0,0,0,0,0,0,0,0,0,0,0,0,0,0,0,0,0,0,0,0,0,0,0,0,0,0,0,0,0,0,0,0,0,0,0,0,0,0,0,0,0,0,0,0,0,0,2,0,0,0,0,0,1.2983,1.2483,-3.8718,0,0,0,0,0,0,0,-0,0,1.93417,0,0,0,0,0,0,0,0,0,0,0,0,0,0,0
6.85,0,0,0,0,0,0,1.96932,1.52318,3.10621,1.09822e-05,-1.70834e-05,7.14987e-06,0.000106904,-7.77522e-05,4.57083e-05,0,0,0,0,0,0,0,0,0,0,0,0,0,0,0,0,0,0,0,0,0,0,0,0,0,0,0,0,0,0,0,0,0,0,0,0,0,0,0,0,0.397163,0.396529,-0.765632,0.000196461,0.000104942,-7.20949e-05,0.000464505,0.000543997,-0.00148968,0,0,0,0,0,0,0,0,0,0,0,0,0,0,0,0,0,0,0,0,0,0,0,0,0,0,0,0,0,0,0,0,0,0,0,0,0,0,0,0,0,0,0,0,0,0,0,0,0,0,0,0,2,0,0,0,0,0,1.2983,1.2483,-3.8718,0,0,0,0,0,0,0,-0,0,1.93417,0,0,0,0,0,0,0,0,0,0,0,0,0,0,0
6.9,0,0,0,0,0,0,1.96932,1.52317,3.10621,2.80908e-05,-6.1067e-05,-2.38543e-05,0.000133117,-0.000290919,-0.000231194,0,0,0,0,0,0,0,0,0,0,0,0,0,0,0,0,0,0,0,0,0,0,0,0,0,0,0,0,0,0,0,0,0,0,0,0,0,0,0,0,0.397162,0.396537,-0.765641,-1.22134e-05,7.93871e-05,-8.76645e-05,-0.000516528,0.000339012,-0.0016148,0,0,0,0,0,0,0,0,0,0,0,0,0,0,0,0,0,0,0,0,0,0,0,0,0,0,0,0,0,0,0,0,0,0,0,0,0,0,0,0,0,0,0,0,0,0,0,0,0,0,0,0,2,0,0,0,0,0,1.2983,1.2483,-3.8718,0,0,0,0,0,0,0,-0,0,1.93417,0,0,0,0,0,0,0,0,0,0,0,0,0,0,0
6.95,0,0,0,0,0,0,1.96932,1.52318,3.1062,2.07506e-05,0.000101312,-8.10571e-05,5.41998e-05,0.000445198,-0.000404895,0,0,0,0,0,0,0,0,0,0,0,0,0,0,0,0,0,0,0,0,0,0,0,0,0,0,0,0,0,0,0,0,0,0,0,0,0,0,0,0,0.397153,0.396556,-0.765537,-8.91056e-05,0.000189197,0.00104182,-0.000750126,0.00061476,0.00352653,0,0,0,0,0,0,0,0,0,0,0,0,0,0,0,0,0,0,0,0,0,0,0,0,0,0,0,0,0,0,0,0,0,0,0,0,0,0,0,0,0,0,0,0,0,0,0,0,0,0,0,0,2,0,0,0,0,0,1.2434,1.1934,-3.9266,0,0,0,0,0,0,0,-0,0,1.93417,0,0,0,0,0,0,0,0,0,0,0,0,0,0,0
7,0,0,0,0,0,0,1.96932,1.52318,3.1062,2.07506e-05,0.000101312,-8.10571e-05,5.41998e-05,0.000445198,-0.000404895,0,0,0,0,0,0,0,0,0,0,0,0,0,0,0,0,0,0,0,0,0,0,0,0,0,0,0,0,0,0,0,0,0,0,0,0,0,0,0,0,0.397153,0.396556,-0.765537,-8.91056e-05,0.000189197,0.00104182,-0.000750126,0.00061476,0.00352653,0,0,0,0,0,0,0,0,0,0,0,0,0,0,0,0,0,0,0,0,0,0,0,0,0,0,0,0,0,0,0,0,0,0,0,0,0,0,0,0,0,0,0,0,0,0,0,0,0,0,0,0,2,0,0,0,0,0,1.2434,1.1934,-3.9266,0,0,0,0,0,0,0,-0,0,1.93417,0,0,0,0,0,0,0,0,0,0,0,0,0,0,0
7.05,0,0,0,0,0,0,1.96932,1.52318,3.10621,-7.0821e-05,-4.02947e-05,0.000104934,-0.000344048,-0.000198865,0.000476562,0,0,0,0,0,0,0,0,0,0,0,0,0,0,0,0,0,0,0,0,0,0,0,0,0,0,0,0,0,0,0,0,0,0,0,0,0,0,0,0,0.397159,0.396551,-0.76561,5.86105e-05,-5.06737e-05,-0.000733943,0.000108203,-0.000552123,-0.00428233,0,0,0,0,0,0,0,0,0,0,0,0,0,0,0,0,0,0,0,0,0,0,0,0,0,0,0,0,0,0,0,0,0,0,0,0,0,0,0,0,0,0,0,0,0,0,0,0,0,0,0,0,2,0,0,0,0,0,1.2434,1.1934,-3.9266,0,0,0,0,0,0,0,-0,0,1.93416,0,0,0,0,0,0,0,0,0,0,0,0,0,0,0
7.1,0,0,0,0,0,0,1.96932,1.52318,3.10621,-7.0821e-05,-4.02947e-05,0.000104934,-0.000344048,-0.000198865,0.000476562,0,0,0,0,0,0,0,0,0,0,0,0,0,0,0,0,0,0,0,0,0,0,0,0,0,0,0,0,0,0,0,0,0,0,0,0,0,0,0,0,0.397159,0.396551,-0.76561,5.86105e-05,-5.06737e-05,-0.000733943,0.000108203,-0.000552123,-0.00428233,0,0,0,0,0,0,0,0,0,0,0,0,0,0,0,0,0,0,0,0,0,0,0,0,0,0,0,0,0,0,0,0,0,0,0,0,0,0,0,0,0,0,0,0,0,0,0,0,0,0,0,0,2,0,0,0,0,0,1.2434,1.1934,-3.9266,0,0,0,0,0,0,0,-0,0,1.93416,0,0,0,0,0,0,0,0,0,0,0,0,0,0,0
7.15,0,0,0,0,0,0,1.96932,1.52318,3.10621,-7.0821e-05,-4.02947e-05,0.000104934,-0.000344048,-0.000198865,0.000476562,0,0,0,0,0,0,0,0,0,0,0,0,0,0,0,0,0,0,0,0,0,0,0,0,0,0,0,0,0,0,0,0,0,0,0,0,0,0,0,0,0.397159,0.396551,-0.76561,5.86105e-05,-5.06737e-05,-0.000733943,0.000108203,-0.000552123,-0.00428233,0,0,0,0,0,0,0,0,0,0,0,0,0,0,0,0,0,0,0,0,0,0,0,0,0,0,0,0,0,0,0,0,0,0,0,0,0,0,0,0,0,0,0,0,0,0,0,0,0,0,0,0,2,0,0,0,0,0,1.2353,1.1852,-3.9348,0,0,0,0,0,0,0,-0,0,1.93416,0,0,0,0,0,0,0,0,0,0,0,0,0,0,0
7.2,0,0,0,0,0,0,1.96937,1.52327,3.10647,0.000519949,0.000898316,0.00264609,0.00210008,0.00354393,0.0105596,0,0,0,0,0,0,0,0,0,0,0,0,0,0,0,0,0,0,0,0,0,0,0,0,0,0,0,0,0,0,0,0,0,0,0,0,0,0,0,0,0.397173,0.396533,-0.76553,0.000146464,-0.000178808,0.000797995,0.000532238,-0.00100149,0.00249262,0,0,0,0,0,0,0,0,0,0,0,0,0,0,0,0,0,0,0,0,0,0,0,0,0,0,0,0,0,0,0,0,0,0,0,0,0,0,0,0,0,0,0,0,0,0,0,0,0,0,0,0,2,0,0,0,0,0,1.2353,1.1852,-3.9348,0,0,0,0,0,0,0,-0,0,1.93425,0,0,0,0,0,0,0,0,0,0,0,0,0,0,0
7.25,0,0,0,0,0,0,1.96936,1.52333,3.1064,-7.08231e-05,0.000584901,-0.000760795,-0.000769046,0.00138159,-0.00590924,0,0,0,0,0,0,0,0,0,0,0,0,0,0,0,0,0,0,0,0,0,0,0,0,0,0,0,0,0,0,0,0,0,0,0,0,0,0,0,0,0.397197,0.396555,-0.765509,0.00023445,0.00021247,0.000212856,0.0007284,0.000901348,7.52201e-05,0,0,0,0,0,0,0,0,0,0,0,0,0,0,0,0,0,0,0,0,0,0,0,0,0,0,0,0,0,0,0,0,0,0,0,0,0,0,0,0,0,0,0,0,0,0,0,0,0,0,0,0,2,0,0,0,0,0,1.2353,1.1852,-3.9348,0,0,0,0,0,0,0,-0,0,1.93425,0,0,0,0,0,0,0,0,0,0,0,0,0,0,0
7.3,0,0,0,0,0,0,1.96936,1.52333,3.1064,-7.08231e-05,0.000584901,-0.000760795,-0.000769046,0.00138159,-0.00590924,0,0,0,0,0,0,0,0,0,0,0,0,0,0,0,0,0,0,0,0,0,0,0,0,0,0,0,0,0,0,0,0,0,0,0,0,0,0,0,0,0.397197,0.396555,-0.765509,0.00023445,0.00021247,0.000212856,0.0007284,0.000901348,7.52201e-05,0,0,0,0,0,0,0,0,0,0,0,0,0,0,0,0,0,0,0,0,0,0,0,0,0,0,0,0,0,0,0,0,0,0,0,0,0,0,0,0,0,0,0,0,0,0,0,0,0,0,0,0,2,0,0,0,0,0,1.2353,1.1852,-3.9348,0,0,0,0,0,0,0,-0,0,1.93425,0,0,0,0,0,0,0,0,0,0,0,0,0,0,0
7.35,0,0,0,0,0,0,1.96937,1.52333,3.10636,8.05621e-05,-2.92953e-05,-0.000390986,-0.000245187,-0.00191661,-0.00429985,0,0,0,0,0,0,0,0,0,0,0,0,0,0,0,0,0,0,0,0,0,0,0,0,0,0,0,0,0,0,0,0,0,0,0,0,0,0,0,0,0.397319,0.396481,-0.764743,0.00122308,-0.000735436,0.00766477,0.00441454,-0.00298871,0.0294946,0,0,0,0,0,0,0,0,0,0,0,0,0,0,0,0,0,0,0,0,0,0,0,0,0,0,0,0,0,0,0,0,0,0,0,0,0,0,0,0,0,0,0,0,0,0,0,0,0,0,0,0,2,0,0,0,0,0,1.28,1.2298,-3.8894,0,0,0,0,0,0,0,-0,0,1.9342,0,0,0,0,0,0,0,0,0,0,0,0,0,0,0
7.4,0,0,0,0,0,0,1.96937,1.52333,3.10636,8.05621e-05,-2.92953e-05,-0.000390986,-0.000245187,-0.00191661,-0.00429985,0,0,0,0,0,0,0,0,0,0,0,0,0,0,0,0,0,0,0,0,0,0,0,0,0,0,0,0,0,0,0,0,0,0,0,0,0,0,0,0,0.397319,0.396481,-0.764743,0.00122308,-0.000735436,0.00766477,0.00441454,-0.00298871,0.0294946,0,0,0,0,0,0,0,0,0,0,0,0,0,0,0,0,0,0,0,0,0,0,0,0,0,0,0,0,0,0,0,0,0,0,0,0,0,0,0,0,0,0,0,0,0,0,0,0,0,0,0,0,2,0,0,0,0,0,1.28,1.2298,-3.8894,0,0,0,0,0,0,0,-0,0,1.9342,0,0,0,0,0,0,0,0,0,0,0,0,0,0,0
7.45,0,0,0,0,0,0,1.96937,1.52333,3.10636,8.05621e-05,-2.92953e-05,-0.000390986,-0.000245187,-0.00191661,-0.00429985,0,0,0,0,0,0,0,0,0,0,0,0,0,0,0,0,0,0,0,0,0,0,0,0,0,0,0,0,0,0,0,0,0,0,0,0,0,0,0,0,0.397319,0.396481,-0.764743,0.00122308,-0.000735436,0.00766477,0.00441454,-0.00298871,0.0294946,0,0,0,0,0,0,0,0,0,0,0,0,0,0,0,0,0,0,0,0,0,0,0,0,0,0,0,0,0,0,0,0,0,0,0,0,0,0,0,0,0,0,0,0,0,0,0,0,0,0,0,0,2,0,0,0,0,0,1.28,1.2298,-3.8894,0,0,0,0,0,0,0,-0,0,1.9342,0,0,0,0,0,0,0,0,0,0,0,0,0,0,0
7.5,0,0,0,0,0,0,1.96938,1.5233,3.10632,8.54266e-05,-0.000244076,-0.000374218,-5.68657e-05,-0.00245554,-0.00229668,0,0,0,0,0,0,0,0,0,0,0,0,0,0,0,0,0,0,0,0,0,0,0,0,0,0,0,0,0,0,0,0,0,0,0,0,0,0,0,0,0.397213,0.396556,-0.765459,-0.00105685,0.000747482,-0.00716019,-0.00596112,0.00360468,-0.0375493,0,0,0,0,0,0,0,0,0,0,0,0,0,0,0,0,0,0,0,0,0,0,0,0,0,0,0,0,0,0,0,0,0,0,0,0,0,0,0,0,0,0,0,0,0,0,0,0,0,0,0,0,2,0,0,0,0,0,1.28,1.2298,-3.8894,0,0,0,0,0,0,0,-0,0,1.93423,0,0,0,0,0,0,0,0,0,0,0,0,0,0,0
7.55,0,0,0,0,0,0,1.96938,1.5233,3.10632,8.54266e-05,-0.000244076,-0.000374218,-5.68657e-05,-0.00245554,-0.00229668,0,0,0,0,0,0,0,0,0,0,0,0,0,0,0,0,0,0,0,0,0,0,0,0,0,0,0,0,0,0,0,0,0,0,0,0,0,0,0,0,0.397213,0.396556,-0.765459,-0.00105685,0.000747482,-0.00716019,-0.00596112,0.00360468,-0.0375493,0,0,0,0,0,0,0,0,0,0,0,0,0,0,0,0,0,0,0,0,0,0,0,0,0,0,0,0,0,0,0,0,0,0,0,0,0,0,0,0,0,0,0,0,0,0,0,0,0,0,0,0,2,0,0,0,0,0,1.2219,1.1717,-3.9483,0,0,0,0,0,0,0,-0,0,1.93423,0,0,0,0,0,0,0,0,0,0,0,0,0,0,0
7.6,0,0,0,0,0,0,1.96938,1.52327,3.10631,3.17371e-05,-0.000301503,-0.000123973,-0.000223241,-0.00177648,-0.000107661,0,0,0,0,0,0,0,0,0,0,0,0,0,0,0,0,0,0,0,0,0,0,0,0,0,0,0,0,0,0,0,0,0,0,0,0,0,0,0,0,0.397225,0.396554,-0.765393,0.000117183,-1.52582e-05,0.000653837,-0.000291037,8.12202e-06,-0.000387953,0,0,0,0,0,0,0,0,0,0,0,0,0,0,0,0,0,0,0,0,0,0,0,0,0,0,0,0,0,0,0,0,0,0,0,0,0,0,0,0,0,0,0,0,0,0,0,0,0,0,0,0,2,0,0,0,0,0,1.2219,1.1717,-3.9483,0,0,0,0,0,0,0,-0,0,1.93421,0,0,0,0,0,0,0,0,0,0,0,0,0,0,0
7.65,0,0,0,0,0,0,1.96938,1.52325,3.10627,3.78457e-05,-0.000227074,-0.000333821,-0.00013213,-0.000677385,-0.00060701,0,0,0,0,0,0,0,0,0,0,0,0,0,0,0,0,0,0,0,0,0,0,0,0,0,0,0,0,0,0,0,0,0,0,0,0,0,0,0,0,0.397314,0.396515,-0.764991,0.000888766,-0.000393718,0.00402791,0.00367534,-0.00199389,0.0182762,0,0,0,0,0,0,0,0,0,0,0,0,0,0,0,0,0,0,0,0,0,0,0,0,0,0,0,0,0,0,0,0,0,0,0,0,0,0,0,0,0,0,0,0,0,0,0,0,0,0,0,0,2,0,0,0,0,0,1.2219,1.1717,-3.9483,0,0,0,0,0,0,0,-0,0,1.93415,0,0,0,0,0,0,0,0,0,0,0,0,0,0,0
7.7,0,0,0,0,0,0,1.96938,1.52325,3.10627,3.78457e-05,-0.000227074,-0.000333821,-0.00013213,-0.000677385,-0.00060701,0,0,0,0,0,0,0,0,0,0,0,0,0,0,0,0,0,0,0,0,0,0,0,0,0,0,0,0,0,0,0,0,0,0,0,0,0,0,0,0,0.397314,0.396515,-0.764991,0.000888766,-0.000393718,0.00402791,0.00367534,-0.00199389,0.0182762,0,0,0,0,0,0,0,0,0,0,0,0,0,0,0,0,0,0,0,0,0,0,0,0,0,0,0,0,0,0,0,0,0,0,0,0,0,0,0,0,0,0,0,0,0,0,0,0,0,0,0,0,2,0,0,0,0,0,1.2219,1.1717,-3.9483,0,0,0,0,0,0,0,-0,0,1.93415,0,0,0,0,0,0,0,0,0,0,0,0,0,0,0
7.75,0,0,0,0,0,0,1.96938,1.52324,3.10626,-7.20585e-05,-0.00010992,-0.000162208,-0.000506146,0.000210129,0.000253674,0,0,0,0,0,0,0,0,0,0,0,0,0,0,0,0,0,0,0,0,0,0,0,0,0,0,0,0,0,0,0,0,0,0,0,0,0,0,0,0,0.397229,0.396562,-0.765333,-0.00085249,0.000470213,-0.00342844,-0.00421339,0.00198356,-0.0162912,0,0,0,0,0,0,0,0,0,0,0,0,0,0,0,0,0,0,0,0,0,0,0,0,0,0,0,0,0,0,0,0,0,0,0,0,0,0,0,0,0,0,0,0,0,0,0,0,0,0,0,0,2,0,0,0,0,0,1.2983,1.2482,-3.8716,0,0,0,0,0,0,0,-0,0,1.93418,0,0,0,0,0,0,0,0,0,0,0,0,0,0,0
7.8,0,0,0,0,0,0,1.96938,1.52324,3.10626,-7.20585e-05,-0.00010992,-0.000162208,-0.000506146,0.000210129,0.000253674,0,0,0,0,0,0,0,0,0,0,0,0,0,0,0,0,0,0,0,0,0,0,0,0,0,0,0,0,0,0,0,0,0,0,0,0,0,0,0,0,0.397229,0.396562,-0.765333,-0.00085249,0.000470213,-0.00342844,-0.00421339,0.00198356,-0.0162912,0,0,0,0,0,0,0,0,0,0,0,0,0,0,0,0,0,0,0,0,0,0,0,0,0,0,0,0,0,0,0,0,0,0,0,0,0,0,0,0,0,0,0,0,0,0,0,0,0,0,0,0,2,0,0,0,0,0,1.2983,1.2482,-3.8716,0,0,0,0,0,0,0,-0,0,1.93418,0,0,0,0,0,0,0,0,0,0,0,0,0,0,0
7.85,0,0,0,0,0,0,1.96937,1.52322,3.10621,-7.93344e-05,-0.000153787,-0.000500607,-0.00038374,7.08831e-05,-0.00108359,0,0,0,0,0,0,0,0,0,0,0,0,0,0,0,0,0,0,0,0,0,0,0,0,0,0,0,0,0,0,0,0,0,0,0,0,0,0,0,0,0.397241,0.396582,-0.765231,0.000120832,0.000198336,0.00101969,0.000290028,0.000643835,0.00330699,0,0,0,0,0,0,0,0,0,0,0,0,0,0,0,0,0,0,0,0,0,0,0,0,0,0,0,0,0,0,0,0,0,0,0,0,0,0,0,0,0,0,0,0,0,0,0,0,0,0,0,0,2,0,0,0,0,0,1.2983,1.2482,-3.8716,0,0,0,0,0,0,0,-0,0,1.93414,0,0,0,0,0,0,0,0,0,0,0,0,0,0,0
7.9,0,0,0,0,0,0,1.96937,1.52322,3.10621,-7.93344e-05,-0.000153787,-0.000500607,-0.00038374,7.08831e-05,-0.00108359,0,0,0,0,0,0,0,0,0,0,0,0,0,0,0,0,0,0,0,0,0,0,0,0,0,0,0,0,0,0,0,0,0,0,0,0,0,0,0,0,0.397241,0.396582,-0.765231,0.000120832,0.000198336,0.00101969,0.000290028,0.000643835,0.00330699,0,0,0,0,0,0,0,0,0,0,0,0,0,0,0,0,0,0,0,0,0,0,0,0,0,0,0,0,0,0,0,0,0,0,0,0,0,0,0,0,0,0,0,0,0,0,0,0,0,0,0,0,2,0,0,0,0,0,1.2983,1.2482,-3.8716,0,0,0,0,0,0,0,-0,0,1.93414,0,0,0,0,0,0,0,0,0,0,0,0,0,0,0
7.95,0,0,0,0,0,0,1.96936,1.52322,3.10617,-5.00514e-05,-5.00514e-05,-0.000336188,-9.67536e-05,0.00043838,-0.000174235,0,0,0,0,0,0,0,0,0,0,0,0,0,0,0,0,0,0,0,0,0,0,0,0,0,0,0,0,0,0,0,0,0,0,0,0,0,0,0,0,0.397265,0.396562,-0.765303,0.000245375,-0.000195933,-0.000718871,0.00128157,-0.00137046,-0.00230792,0,0,0,0,0,0,0,0,0,0,0,0,0,0,0,0,0,0,0,0,0,0,0,0,0,0,0,0,0,0,0,0,0,0,0,0,0,0,0,0,0,0,0,0,0,0,0,0,0,0,0,0,2,0,0,0,0,0,1.2899,1.24,-3.8798,0,0,0,0,0,0,0,-0,0,1.93413,0,0,0,0,0,0,0,0,0,0,0,0,0,0,0
8,0,0,0,0,0,0,1.96936,1.52322,3.10617,-5.00514e-05,-5.00514e-05,-0.000336188,-9.67536e-05,0.00043838,-0.000174235,0,0,0,0,0,0,0,0,0,0,0,0,0,0,0,0,0,0,0,0,0,0,0,0,0,0,0,0,0,0,0,0,0,0,0,0,0,0,0,0,0.397265,0.396562,-0.765303,0.000245375,-0.000195933,-0.000718871,0.00128157,-0.00137046,-0.00230792,0,0,0,0,0,0,0,0,0,0,0,0,0,0,0,0,0,0,0,0,0,0,0,0,0,0,0,0,0,0,0,0,0,0,0,0,0,0,0,0,0,0,0,0,0,0,0,0,0,0,0,0,2,0,0,0,0,0,1.2899,1.24,-3.8798,0,0,0,0,0,0,0,-0,0,1.93413,0,0,0,0,0,0,0,0,0,0,0,0,0,0,0
8.05,0,0,0,0,0,0,1.96936,1.52321,3.10617,-6.47156e-05,-5.0063e-05,-6.67761e-05,-7.78526e-05,0.000312917,0.0010949,0,0,0,0,0,0,0,0,0,0,0,0,0,0,0,0,0,0,0,0,0,0,0,0,0,0,0,0,0,0,0,0,0,0,0,0,0,0,0,0,0.397262,0.396581,-0.765279,-2.93051e-05,0.000188652,0.000242063,-0.000193801,0.000441173,0.00169391,0,0,0,0,0,0,0,0,0,0,0,0,0,0,0,0,0,0,0,0,0,0,0,0,0,0,0,0,0,0,0,0,0,0,0,0,0,0,0,0,0,0,0,0,0,0,0,0,0,0,0,0,2,0,0,0,0,0,1.2899,1.24,-3.8798,0,0,0,0,0,0,0,-0,0,1.93411,0,0,0,0,0,0,0,0,0,0,0,0,0,0,0
8.1,0,0,0,0,0,0,1.96936,1.52321,3.10617,-6.47156e-05,-5.0063e-05,-6.67761e-05,-7.78526e-05,0.000312917,0.0010949,0,0,0,0,0,0,0,0,0,0,0,0,0,0,0,0,0,0,0,0,0,0,0,0,0,0,0,0,0,0,0,0,0,0,0,0,0,0,0,0,0.397262,0.396581,-0.765279,-2.93051e-05,0.000188652,0.000242063,-0.000193801,0.000441173,0.00169391,0,0,0,0,0,0,0,0,0,0,0,0,0,0,0,0,0,0,0,0,0,0,0,0,0,0,0,0,0,0,0,0,0,0,0,0,0,0,0,0,0,0,0,0,0,0,0,0,0,0,0,0,2,0,0,0,0,0,1.2899,1.24,-3.8798,0,0,0,0,0,0,0,-0,0,1.93411,0,0,0,0,0,0,0,0,0,0,0,0,0,0,0
8.15,0,0,0,0,0,0,1.96935,1.5232,3.10615,-8.90883e-05,-0.000150108,-0.000150165,-0.000141645,-0.000228925,0.000495892,0,0,0,0,0,0,0,0,0,0,0,0,0,0,0,0,0,0,0,0,0,0,0,0,0,0,0,0,0,0,0,0,0,0,0,0,0,0,0,0,0.397281,0.396565,-0.765251,0.00019038,-0.00015804,0.000281261,0.000561761,-0.000875065,0.0017156,0,0,0,0,0,0,0,0,0,0,0,0,0,0,0,0,0,0,0,0,0,0,0,0,0,0,0,0,0,0,0,0,0,0,0,0,0,0,0,0,0,0,0,0,0,0,0,0,0,0,0,0,2,0,0,0,0,0,1.2959,1.2461,-3.8736,0,0,0,0,0,0,0,-0,0,1.93409,0,0,0,0,0,0,0,0,0,0,0,0,0,0,0
8.2,0,0,0,0,0,0,1.96935,1.5232,3.10615,-8.90883e-05,-0.000150108,-0.000150165,-0.000141645,-0.000228925,0.000495892,0,0,0,0,0,0,0,0,0,0,0,0,0,0,0,0,0,0,0,0,0,0,0,0,0,0,0,0,0,0,0,0,0,0,0,0,0,0,0,0,0.397281,0.396565,-0.765251,0.00019038,-0.00015804,0.000281261,0.000561761,-0.000875065,0.0017156,0,0,0,0,0,0,0,0,0,0,0,0,0,0,0,0,0,0,0,0,0,0,0,0,0,0,0,0,0,0,0,0,0,0,0,0,0,0,0,0,0,0,0,0,0,0,0,0,0,0,0,0,2,0,0,0,0,0,1.2959,1.2461,-3.8736,0,0,0,0,0,0,0,-0,0,1.93409,0,0,0,0,0,0,0,0,0,0,0,0,0,0,0
8.25,0,0,0,0,0,0,1.96934,1.52321,3.10616,-0.00012451,8.78897e-05,5.72199e-05,-0.000235128,0.000740336,0.00104547,0,0,0,0,0,0,0,0,0,0,0,0,0,0,0,0,0,0,0,0,0,0,0,0,0,0,0,0,0,0,0,0,0,0,0,0,0,0,0,0,0.397252,0.396577,-0.765216,-0.000292966,0.00012268,0.000346896,-0.00149196,0.000418256,0.00129498,0,0,0,0,0,0,0,0,0,0,0,0,0,0,0,0,0,0,0,0,0,0,0,0,0,0,0,0,0,0,0,0,0,0,0,0,0,0,0,0,0,0,0,0,0,0,0,0,0,0,0,0,2,0,0,0,0,0,1.2959,1.2461,-3.8736,0,0,0,0,0,0,0,-0,0,1.9341,0,0,0,0,0,0,0,0,0,0,0,0,0,0,0
8.3,0,0,0,0,0,0,1.96934,1.52321,3.10616,-0.00012451,8.78897e-05,5.72199e-05,-0.000235128,0.000740336,0.00104547,0,0,0,0,0,0,0,0,0,0,0,0,0,0,0,0,0,0,0,0,0,0,0,0,0,0,0,0,0,0,0,0,0,0,0,0,0,0,0,0,0.397252,0.396577,-0.765216,-0.000292966,0.00012268,0.000346896,-0.00149196,0.000418256,0.00129498,0,0,0,0,0,0,0,0,0,0,0,0,0,0,0,0,0,0,0,0,0,0,0,0,0,0,0,0,0,0,0,0,0,0,0,0,0,0,0,0,0,0,0,0,0,0,0,0,0,0,0,0,2,0,0,0,0,0,1.2959,1.2461,-3.8736,0,0,0,0,0,0,0,-0,0,1.9341,0,0,0,0,0,0,0,0,0,0,0,0,0,0,0
8.35,0,0,0,0,0,0,1.96934,1.52321,3.10616,-0.00012451,8.78897e-05,5.72199e-05,-0.000235128,0.000740336,0.00104547,0,0,0,0,0,0,0,0,0,0,0,0,0,0,0,0,0,0,0,0,0,0,0,0,0,0,0,0,0,0,0,0,0,0,0,0,0,0,0,0,0.397252,0.396577,-0.765216,-0.000292966,0.00012268,0.000346896,-0.00149196,0.000418256,0.00129498,0,0,0,0,0,0,0,0,0,0,0,0,0,0,0,0,0,0,0,0,0,0,0,0,0,0,0,0,0,0,0,0,0,0,0,0,0,0,0,0,0,0,0,0,0,0,0,0,0,0,0,0,2,0,0,0,0,0,1.2981,1.2483,-3.8713,0,0,0,0,0,0,0,-0,0,1.9341,0,0,0,0,0,0,0,0,0,0,0,0,0,0,0
8.4,0,0,0,0,0,0,1.96933,1.52319,3.10615,-1.46525e-05,-0.000180714,-0.000126397,0.000285126,-0.000497575,-3.15608e-05,0,0,0,0,0,0,0,0,0,0,0,0,0,0,0,0,0,0,0,0,0,0,0,0,0,0,0,0,0,0,0,0,0,0,0,0,0,0,0,0,0.397276,0.396574,-0.765167,0.000242987,-3.78523e-05,0.000488894,0.00096778,-0.000215314,0.001288,0,0,0,0,0,0,0,0,0,0,0,0,0,0,0,0,0,0,0,0,0,0,0,0,0,0,0,0,0,0,0,0,0,0,0,0,0,0,0,0,0,0,0,0,0,0,0,0,0,0,0,0,2,0,0,0,0,0,1.2981,1.2483,-3.8713,0,0,0,0,0,0,0,-0,0,1.93407,0,0,0,0,0,0,0,0,0,0,0,0,0,0,0
8.45,0,0,0,0,0,0,1.96933,1.52319,3.10615,-1.46525e-05,-0.000180714,-0.000126397,0.000285126,-0.000497575,-3.15608e-05,0,0,0,0,0,0,0,0,0,0,0,0,0,0,0,0,0,0,0,0,0,0,0,0,0,0,0,0,0,0,0,0,0,0,0,0,0,0,0,0,0.397276,0.396574,-0.765167,0.000242987,-3.78523e-05,0.000488894,0.00096778,-0.000215314,0.001288,0,0,0,0,0,0,0,0,0,0,0,0,0,0,0,0,0,0,0,0,0,0,0,0,0,0,0,0,0,0,0,0,0,0,0,0,0,0,0,0,0,0,0,0,0,0,0,0,0,0,0,0,2,0,0,0,0,0,1.2981,1.2483,-3.8713,0,0,0,0,0,0,0,-0,0,1.93407,0,0,0,0,0,0,0,0,0,0,0,0,0,0,0
8.5,0,0,0,0,0,0,1.96933,1.5232,3.10614,-4.27373e-05,8.18114e-05,-3.57734e-05,0.000129421,0.000582517,0.000197315,0,0,0,0,0,0,0,0,0,0,0,0,0,0,0,0,0,0,0,0,0,0,0,0,0,0,0,0,0,0,0,0,0,0,0,0,0,0,0,0,0.397299,0.396594,-0.765155,0.000227118,0.000200865,0.000125207,0.000850782,0.000738743,-0.000680435,0,0,0,0,0,0,0,0,0,0,0,0,0,0,0,0,0,0,0,0,0,0,0,0,0,0,0,0,0,0,0,0,0,0,0,0,0,0,0,0,0,0,0,0,0,0,0,0,0,0,0,0,2,0,0,0,0,0,1.2981,1.2483,-3.8713,0,0,0,0,0,0,0,-0,0,1.93404,0,0,0,0,0,0,0,0,0,0,0,0,0,0,0
8.55,0,0,0,0,0,0,1.96933,1.52319,3.10613,6.10439e-06,-5.49395e-05,-0.000140687,0.000251782,-5.03212e-05,-0.000269725,0,0,0,0,0,0,0,0,0,0,0,0,0,0,0,0,0,0,0,0,0,0,0,0,0,0,0,0,0,0,0,0,0,0,0,0,0,0,0,0,0.397301,0.396596,-0.765127,1.34297e-05,2.19758e-05,0.000276009,-0.000358699,-0.000141912,-7.25778e-05,0,0,0,0,0,0,0,0,0,0,0,0,0,0,0,0,0,0,0,0,0,0,0,0,0,0,0,0,0,0,0,0,0,0,0,0,0,0,0,0,0,0,0,0,0,0,0,0,0,0,0,0,2,0,0,0,0,0,1.2504,1.2006,-3.9189,0,0,0,0,0,0,0,-0,0,1.93404,0,0,0,0,0,0,0,0,0,0,0,0,0,0,0
8.6,0,0,0,0,0,0,1.96933,1.52319,3.10613,6.10439e-06,-5.49395e-05,-0.000140687,0.000251782,-5.03212e-05,-0.000269725,0,0,0,0,0,0,0,0,0,0,0,0,0,0,0,0,0,0,0,0,0,0,0,0,0,0,0,0,0,0,0,0,0,0,0,0,0,0,0,0,0.397301,0.396596,-0.765127,1.34297e-05,2.19758e-05,0.000276009,-0.000358699,-0.000141912,-7.25778e-05,0,0,0,0,0,0,0,0,0,0,0,0,0,0,0,0,0,0,0,0,0,0,0,0,0,0,0,0,0,0,0,0,0,0,0,0,0,0,0,0,0,0,0,0,0,0,0,0,0,0,0,0,2,0,0,0,0,0,1.2504,1.2006,-3.9189,0,0,0,0,0,0,0,-0,0,1.93404,0,0,0,0,0,0,0,0,0,0,0,0,0,0,0
8.65,0,0,0,0,0,0,1.96933,1.52319,3.10613,-2.68104e-05,8.53059e-06,1.42811e-05,3.61299e-05,0.000137694,0.000393973,0,0,0,0,0,0,0,0,0,0,0,0,0,0,0,0,0,0,0,0,0,0,0,0,0,0,0,0,0,0,0,0,0,0,0,0,0,0,0,0,0.397317,0.396592,-0.76507,0.000164518,-4.26529e-05,0.000576005,0.000224918,-0.000462639,0.00123839,0,0,0,0,0,0,0,0,0,0,0,0,0,0,0,0,0,0,0,0,0,0,0,0,0,0,0,0,0,0,0,0,0,0,0,0,0,0,0,0,0,0,0,0,0,0,0,0,0,0,0,0,2,0,0,0,0,0,1.2504,1.2006,-3.9189,0,0,0,0,0,0,0,-0,0,1.93402,0,0,0,0,0,0,0,0,0,0,0,0,0,0,0
8.7,0,0,0,0,0,0,1.96933,1.52319,3.10613,-2.68104e-05,8.53059e-06,1.42811e-05,3.61299e-05,0.000137694,0.000393973,0,0,0,0,0,0,0,0,0,0,0,0,0,0,0,0,0,0,0,0,0,0,0,0,0,0,0,0,0,0,0,0,0,0,0,0,0,0,0,0,0.397317,0.396592,-0.76507,0.000164518,-4.26529e-05,0.000576005,0.000224918,-0.000462639,0.00123839,0,0,0,0,0,0,0,0,0,0,0,0,0,0,0,0,0,0,0,0,0,0,0,0,0,0,0,0,0,0,0,0,0,0,0,0,0,0,0,0,0,0,0,0,0,0,0,0,0,0,0,0,2,0,0,0,0,0,1.2504,1.2006,-3.9189,0,0,0,0,0,0,0,-0,0,1.93402,0,0,0,0,0,0,0,0,0,0,0,0,0,0,0
8.75,0,0,0,0,0,0,1.96933,1.52319,3.10613,2.68902e-05,2.44456e-05,-7.1618e-06,0.000207216,0.000171647,0.000240625,0,0,0,0,0,0,0,0,0,0,0,0,0,0,0,0,0,0,0,0,0,0,0,0,0,0,0,0,0,0,0,0,0,0,0,0,0,0,0,0,0.397295,0.396601,-0.765118,-0.000218788,9.22821e-05,-0.000488793,-0.00131831,0.00021813,-0.0033365,0,0,0,0,0,0,0,0,0,0,0,0,0,0,0,0,0,0,0,0,0,0,0,0,0,0,0,0,0,0,0,0,0,0,0,0,0,0,0,0,0,0,0,0,0,0,0,0,0,0,0,0,2,0,0,0,0,0,1.3538,1.3041,-3.8155,0,0,0,0,0,0,0,-0,0,1.93404,0,0,0,0,0,0,0,0,0,0,0,0,0,0,0
8.8,0,0,0,0,0,0,1.96933,1.52319,3.10613,2.68902e-05,2.44456e-05,-7.1618e-06,0.000207216,0.000171647,0.000240625,0,0,0,0,0,0,0,0,0,0,0,0,0,0,0,0,0,0,0,0,0,0,0,0,0,0,0,0,0,0,0,0,0,0,0,0,0,0,0,0,0.397295,0.396601,-0.765118,-0.000218788,9.22821e-05,-0.000488793,-0.00131831,0.00021813,-0.0033365,0,0,0,0,0,0,0,0,0,0,0,0,0,0,0,0,0,0,0,0,0,0,0,0,0,0,0,0,0,0,0,0,0,0,0,0,0,0,0,0,0,0,0,0,0,0,0,0,0,0,0,0,2,0,0,0,0,0,1.3538,1.3041,-3.8155,0,0,0,0,0,0,0,-0,0,1.93404,0,0,0,0,0,0,0,0,0,0,0,0,0,0,0
8.85,0,0,0,0,0,0,1.96933,1.52319,3.10612,-4.15057e-05,-1.22076e-06,-0.00010014,-0.000125625,5.22237e-06,-0.000247802,0,0,0,0,0,0,0,0,0,0,0,0,0,0,0,0,0,0,0,0,0,0,0,0,0,0,0,0,0,0,0,0,0,0,0,0,0,0,0,0,0.39732,0.396598,-0.764978,0.000249034,-3.23501e-05,0.00140554,0.000868143,-0.000274571,0.00494545,0,0,0,0,0,0,0,0,0,0,0,0,0,0,0,0,0,0,0,0,0,0,0,0,0,0,0,0,0,0,0,0,0,0,0,0,0,0,0,0,0,0,0,0,0,0,0,0,0,0,0,0,2,0,0,0,0,0,1.3538,1.3041,-3.8155,0,0,0,0,0,0,0,-0,0,1.93402,0,0,0,0,0,0,0,0,0,0,0,0,0,0,0
8.9,0,0,0,0,0,0,1.96933,1.52319,3.10612,-4.15057e-05,-1.22076e-06,-0.00010014,-0.000125625,5.22237e-06,-0.000247802,0,0,0,0,0,0,0,0,0,0,0,0,0,0,0,0,0,0,0,0,0,0,0,0,0,0,0,0,0,0,0,0,0,0,0,0,0,0,0,0,0.39732,0.396598,-0.764978,0.000249034,-3.23501e-05,0.00140554,0.000868143,-0.000274571,0.00494545,0,0,0,0,0,0,0,0,0,0,0,0,0,0,0,0,0,0,0,0,0,0,0,0,0,0,0,0,0,0,0,0,0,0,0,0,0,0,0,0,0,0,0,0,0,0,0,0,0,0,0,0,2,0,0,0,0,0,1.3538,1.3041,-3.8155,0,0,0,0,0,0,0,-0,0,1.93402,0,0,0,0,0,0,0,0,0,0,0,0,0,0,0
8.95,0,0,0,0,0,0,1.96933,1.52319,3.10612,-1.95393e-05,-1.95393e-05,1.4311e-05,-3.27397e-05,-9.26206e-05,0.000242422,0,0,0,0,0,0,0,0,0,0,0,0,0,0,0,0,0,0,0,0,0,0,0,0,0,0,0,0,0,0,0,0,0,0,0,0,0,0,0,0,0.397332,0.3966,-0.764971,0.000120899,2.62559e-05,7.09585e-05,0.000305476,2.48502e-06,-0.00124162,0,0,0,0,0,0,0,0,0,0,0,0,0,0,0,0,0,0,0,0,0,0,0,0,0,0,0,0,0,0,0,0,0,0,0,0,0,0,0,0,0,0,0,0,0,0,0,0,0,0,0,0,2,0,0,0,0,0,1.3377,1.288,-3.8314,0,0,0,0,0,0,0,-0,0,1.934,0,0,0,0,0,0,0,0,0,0,0,0,0,0,0
9,0,0,0,0,0,0,1.96933,1.52319,3.10612,-1.95393e-05,-1.95393e-05,1.4311e-05,-3.27397e-05,-9.26206e-05,0.000242422,0,0,0,0,0,0,0,0,0,0,0,0,0,0,0,0,0,0,0,0,0,0,0,0,0,0,0,0,0,0,0,0,0,0,0,0,0,0,0,0,0.397332,0.3966,-0.764971,0.000120899,2.62559e-05,7.09585e-05,0.000305476,2.48502e-06,-0.00124162,0,0,0,0,0,0,0,0,0,0,0,0,0,0,0,0,0,0,0,0,0,0,0,0,0,0,0,0,0,0,0,0,0,0,0,0,0,0,0,0,0,0,0,0,0,0,0,0,0,0,0,0,2,0,0,0,0,0,1.3377,1.288,-3.8314,0,0,0,0,0,0,0,-0,0,1.934,0,0,0,0,0,0,0,0,0,0,0,0,0,0,0
9.05,0,0,0,0,0,0,1.96933,1.52319,3.10612,-1.95393e-05,-1.95393e-05,1.4311e-05,-3.27397e-05,-9.26206e-05,0.000242422,0,0,0,0,0,0,0,0,0,0,0,0,0,0,0,0,0,0,0,0,0,0,0,0,0,0,0,0,0,0,0,0,0,0,0,0,0,0,0,0,0.397332,0.3966,-0.764971,0.000120899,2.62559e-05,7.09585e-05,0.000305476,2.48502e-06,-0.00124162,0,0,0,0,0,0,0,0,0,0,0,0,0,0,0,0,0,0,0,0,0,0,0,0,0,0,0,0,0,0,0,0,0,0,0,0,0,0,0,0,0,0,0,0,0,0,0,0,0,0,0,0,2,0,0,0,0,0,1.3377,1.288,-3.8314,0,0,0,0,0,0,0,-0,0,1.934,0,0,0,0,0,0,0,0,0,0,0,0,0,0,0
9.1,0,0,0,0,0,0,1.96933,1.52318,3.10615,2.92901e-05,-0.000106177,0.000297954,0.000188006,-0.000415079,0.00134535,0,0,0,0,0,0,0,0,0,0,0,0,0,0,0,0,0,0,0,0,0,0,0,0,0,0,0,0,0,0,0,0,0,0,0,0,0,0,0,0,0.397454,0.396547,-0.764267,0.00121676,-0.000535155,0.00704007,0.00448639,-0.00220432,0.0262651,0,0,0,0,0,0,0,0,0,0,0,0,0,0,0,0,0,0,0,0,0,0,0,0,0,0,0,0,0,0,0,0,0,0,0,0,0,0,0,0,0,0,0,0,0,0,0,0,0,0,0,0,2,0,0,0,0,0,1.3377,1.288,-3.8314,0,0,0,0,0,0,0,-0,0,1.93393,0,0,0,0,0,0,0,0,0,0,0,0,0,0,0
9.15,0,0,0,0,0,0,1.96932,1.5232,3.10614,-5.2493e-05,0.000144051,-0.000143059,-0.000184039,0.000707072,-0.000805369,0,0,0,0,0,0,0,0,0,0,0,0,0,0,0,0,0,0,0,0,0,0,0,0,0,0,0,0,0,0,0,0,0,0,0,0,0,0,0,0,0.39735,0.396608,-0.764917,-0.00104254,0.000615268,-0.00650203,-0.00576903,0.00297502,-0.0346236,0,0,0,0,0,0,0,0,0,0,0,0,0,0,0,0,0,0,0,0,0,0,0,0,0,0,0,0,0,0,0,0,0,0,0,0,0,0,0,0,0,0,0,0,0,0,0,0,0,0,0,0,2,0,0,0,0,0,1.3789,1.3291,-3.7901,0,0,0,0,0,0,0,-0,0,1.93399,0,0,0,0,0,0,0,0,0,0,0,0,0,0,0
9.2,0,0,0,0,0,0,1.96932,1.5232,3.10614,-5.2493e-05,0.000144051,-0.000143059,-0.000184039,0.000707072,-0.000805369,0,0,0,0,0,0,0,0,0,0,0,0,0,0,0,0,0,0,0,0,0,0,0,0,0,0,0,0,0,0,0,0,0,0,0,0,0,0,0,0,0.39735,0.396608,-0.764917,-0.00104254,0.000615268,-0.00650203,-0.00576903,0.00297502,-0.0346236,0,0,0,0,0,0,0,0,0,0,0,0,0,0,0,0,0,0,0,0,0,0,0,0,0,0,0,0,0,0,0,0,0,0,0,0,0,0,0,0,0,0,0,0,0,0,0,0,0,0,0,0,2,0,0,0,0,0,1.3789,1.3291,-3.7901,0,0,0,0,0,0,0,-0,0,1.93399,0,0,0,0,0,0,0,0,0,0,0,0,0,0,0
9.25,0,0,0,0,0,0,1.96933,1.52319,3.10614,3.78423e-05,-3.17387e-05,6.19896e-05,0.000200103,-0.000126004,4.47422e-05,0,0,0,0,0,0,0,0,0,0,0,0,0,0,0,0,0,0,0,0,0,0,0,0,0,0,0,0,0,0,0,0,0,0,0,0,0,0,0,0,0.397351,0.396614,-0.764936,1.83108e-05,6.10359e-05,-0.000196698,-0.000612778,0.000272624,-0.00383408,0,0,0,0,0,0,0,0,0,0,0,0,0,0,0,0,0,0,0,0,0,0,0,0,0,0,0,0,0,0,0,0,0,0,0,0,0,0,0,0,0,0,0,0,0,0,0,0,0,0,0,0,2,0,0,0,0,0,1.3789,1.3291,-3.7901,0,0,0,0,0,0,0,-0,0,1.93398,0,0,0,0,0,0,0,0,0,0,0,0,0,0,0
9.3,0,0,0,0,0,0,1.96933,1.52319,3.10614,3.78423e-05,-3.17387e-05,6.19896e-05,0.000200103,-0.000126004,4.47422e-05,0,0,0,0,0,0,0,0,0,0,0,0,0,0,0,0,0,0,0,0,0,0,0,0,0,0,0,0,0,0,0,0,0,0,0,0,0,0,0,0,0.397351,0.396614,-0.764936,1.83108e-05,6.10359e-05,-0.000196698,-0.000612778,0.000272624,-0.00383408,0,0,0,0,0,0,0,0,0,0,0,0,0,0,0,0,0,0,0,0,0,0,0,0,0,0,0,0,0,0,0,0,0,0,0,0,0,0,0,0,0,0,0,0,0,0,0,0,0,0,0,0,2,0,0,0,0,0,1.3789,1.3291,-3.7901,0,0,0,0,0,0,0,-0,0,1.93398,0,0,0,0,0,0,0,0,0,0,0,0,0,0,0
9.35,0,0,0,0,0,0,1.96932,1.52319,3.10611,-3.17424e-05,-1.70921e-05,-0.000290908,-0.000105899,-0.000129887,-0.00126815,0,0,0,0,0,0,0,0,0,0,0,0,0,0,0,0,0,0,0,0,0,0,0,0,0,0,0,0,0,0,0,0,0,0,0,0,0,0,0,0,0.397363,0.396615,-0.764823,0.000114761,1.83129e-06,0.00113204,0.000715331,-0.000438646,0.00717441,0,0,0,0,0,0,0,0,0,0,0,0,0,0,0,0,0,0,0,0,0,0,0,0,0,0,0,0,0,0,0,0,0,0,0,0,0,0,0,0,0,0,0,0,0,0,0,0,0,0,0,0,2,0,0,0,0,0,1.2979,1.2482,-3.871,0,0,0,0,0,0,0,-0,0,1.93397,0,0,0,0,0,0,0,0,0,0,0,0,0,0,0
9.4,0,0,0,0,0,0,1.96932,1.52319,3.10611,-3.17424e-05,-1.70921e-05,-0.000290908,-0.000105899,-0.000129887,-0.00126815,0,0,0,0,0,0,0,0,0,0,0,0,0,0,0,0,0,0,0,0,0,0,0,0,0,0,0,0,0,0,0,0,0,0,0,0,0,0,0,0,0.397363,0.396615,-0.764823,0.000114761,1.83129e-06,0.00113204,0.000715331,-0.000438646,0.00717441,0,0,0,0,0,0,0,0,0,0,0,0,0,0,0,0,0,0,0,0,0,0,0,0,0,0,0,0,0,0,0,0,0,0,0,0,0,0,0,0,0,0,0,0,0,0,0,0,0,0,0,0,2,0,0,0,0,0,1.2979,1.2482,-3.871,0,0,0,0,0,0,0,-0,0,1.93397,0,0,0,0,0,0,0,0,0,0,0,0,0,0,0
9.45,0,0,0,0,0,0,1.96933,1.52319,3.10613,5.49383e-05,7.32511e-06,0.000128762,0.000241338,1.90423e-05,0.000737641,0,0,0,0,0,0,0,0,0,0,0,0,0,0,0,0,0,0,0,0,0,0,0,0,0,0,0,0,0,0,0,0,0,0,0,0,0,0,0,0,0.397359,0.396617,-0.764822,-3.78464e-05,2.38066e-05,1.60952e-05,-4.6415e-07,-0.000271853,0.00133918,0,0,0,0,0,0,0,0,0,0,0,0,0,0,0,0,0,0,0,0,0,0,0,0,0,0,0,0,0,0,0,0,0,0,0,0,0,0,0,0,0,0,0,0,0,0,0,0,0,0,0,0,2,0,0,0,0,0,1.2979,1.2482,-3.871,0,0,0,0,0,0,0,-0,0,1.93398,0,0,0,0,0,0,0,0,0,0,0,0,0,0,0
9.5,0,0,0,0,0,0,1.96933,1.52319,3.10613,5.49383e-05,7.32511e-06,0.000128762,0.000241338,1.90423e-05,0.000737641,0,0,0,0,0,0,0,0,0,0,0,0,0,0,0,0,0,0,0,0,0,0,0,0,0,0,0,0,0,0,0,0,0,0,0,0,0,0,0,0,0.397359,0.396617,-0.764822,-3.78464e-05,2.38066e-05,1.60952e-05,-4.6415e-07,-0.000271853,0.00133918,0,0,0,0,0,0,0,0,0,0,0,0,0,0,0,0,0,0,0,0,0,0,0,0,0,0,0,0,0,0,0,0,0,0,0,0,0,0,0,0,0,0,0,0,0,0,0,0,0,0,0,0,2,0,0,0,0,0,1.2979,1.2482,-3.871,0,0,0,0,0,0,0,-0,0,1.93398,0,0,0,0,0,0,0,0,0,0,0,0,0,0,0
9.55,0,0,0,0,0,0,1.96933,1.52319,3.10613,5.49383e-05,7.32511e-06,0.000128762,0.000241338,1.90423e-05,0.000737641,0,0,0,0,0,0,0,0,0,0,0,0,0,0,0,0,0,0,0,0,0,0,0,0,0,0,0,0,0,0,0,0,0,0,0,0,0,0,0,0,0.397359,0.396617,-0.764822,-3.78464e-05,2.38066e-05,1.60952e-05,-4.6415e-07,-0.000271853,0.00133918,0,0,0,0,0,0,0,0,0,0,0,0,0,0,0,0,0,0,0,0,0,0,0,0,0,0,0,0,0,0,0,0,0,0,0,0,0,0,0,0,0,0,0,0,0,0,0,0,0,0,0,0,2,0,0,0,0,0,1.2959,1.2462,-3.873,0,0,0,0,0,0,0,-0,0,1.93398,0,0,0,0,0,0,0,0,0,0,0,0,0,0,0
9.6,0,0,0,0,0,0,1.96933,1.5232,3.10614,1.2205e-06,3.29534e-05,0.000119189,-2.27202e-05,0.000134003,0.000676208,0,0,0,0,0,0,0,0,0,0,0,0,0,0,0,0,0,0,0,0,0,0,0,0,0,0,0,0,0,0,0,0,0,0,0,0,0,0,0,0,0.397375,0.396633,-0.764855,0.000162326,0.000164767,-0.000333134,0.00070268,0.000422621,-0.00138127,0,0,0,0,0,0,0,0,0,0,0,0,0,0,0,0,0,0,0,0,0,0,0,0,0,0,0,0,0,0,0,0,0,0,0,0,0,0,0,0,0,0,0,0,0,0,0,0,0,0,0,0,2,0,0,0,0,0,1.2959,1.2462,-3.873,0,0,0,0,0,0,0,-0,0,1.93395,0,0,0,0,0,0,0,0,0,0,0,0,0,0,0
9.65,0,0,0,0,0,0,1.96933,1.52318,3.10614,-1.46569e-05,-0.000124583,-4.77111e-06,-0.000112827,-0.000533431,-9.76698e-05,0,0,0,0,0,0,0,0,0,0,0,0,0,0,0,0,0,0,0,0,0,0,0,0,0,0,0,0,0,0,0,0,0,0,0,0,0,0,0,0,0.397394,0.39661,-0.764851,0.000189318,-0.000232067,4.11508e-05,0.000624776,-0.00123793,0.00029813,0,0,0,0,0,0,0,0,0,0,0,0,0,0,0,0,0,0,0,0,0,0,0,0,0,0,0,0,0,0,0,0,0,0,0,0,0,0,0,0,0,0,0,0,0,0,0,0,0,0,0,0,2,0,0,0,0,0,1.2959,1.2462,-3.873,0,0,0,0,0,0,0,-0,0,1.93394,0,0,0,0,0,0,0,0,0,0,0,0,0,0,0
9.7,0,0,0,0,0,0,1.96933,1.52318,3.10614,-1.46569e-05,-0.000124583,-4.77111e-06,-0.000112827,-0.000533431,-9.76698e-05,0,0,0,0,0,0,0,0,0,0,0,0,0,0,0,0,0,0,0,0,0,0,0,0,0,0,0,0,0,0,0,0,0,0,0,0,0,0,0,0,0.397394,0.39661,-0.764851,0.000189318,-0.000232067,4.11508e-05,0.000624776,-0.00123793,0.00029813,0,0,0,0,0,0,0,0,0,0,0,0,0,0,0,0,0,0,0,0,0,0,0,0,0,0,0,0,0,0,0,0,0,0,0,0,0,0,0,0,0,0,0,0,0,0,0,0,0,0,0,0,2,0,0,0,0,0,1.2959,1.2462,-3.873,0,0,0,0,0,0,0,-0,0,1.93394,0,0,0,0,0,0,0,0,0,0,0,0,0,0,0
9.75,0,0,0,0,0,0,1.96933,1.5232,3.10613,-1.22061e-05,0.000205062,-7.62881e-05,-7.01765e-05,0.000906339,-0.000449148,0,0,0,0,0,0,0,0,0,0,0,0,0,0,0,0,0,0,0,0,0,0,0,0,0,0,0,0,0,0,0,0,0,0,0,0,0,0,0,0,0.397392,0.396645,-0.764777,-2.56327e-05,0.000347873,0.000735462,-0.000493932,0.00134885,0.0031807,0,0,0,0,0,0,0,0,0,0,0,0,0,0,0,0,0,0,0,0,0,0,0,0,0,0,0,0,0,0,0,0,0,0,0,0,0,0,0,0,0,0,0,0,0,0,0,0,0,0,0,0,2,0,0,0,0,0,1.2098,1.1601,-3.959,0,0,0,0,0,0,0,-0,0,1.93394,0,0,0,0,0,0,0,0,0,0,0,0,0,0,0
9.8,0,0,0,0,0,0,1.96933,1.5232,3.10613,-1.22061e-05,0.000205062,-7.62881e-05,-7.01765e-05,0.000906339,-0.000449148,0,0,0,0,0,0,0,0,0,0,0,0,0,0,0,0,0,0,0,0,0,0,0,0,0,0,0,0,0,0,0,0,0,0,0,0,0,0,0,0,0.397392,0.396645,-0.764777,-2.56327e-05,0.000347873,0.000735462,-0.000493932,0.00134885,0.0031807,0,0,0,0,0,0,0,0,0,0,0,0,0,0,0,0,0,0,0,0,0,0,0,0,0,0,0,0,0,0,0,0,0,0,0,0,0,0,0,0,0,0,0,0,0,0,0,0,0,0,0,0,2,0,0,0,0,0,1.2098,1.1601,-3.959,0,0,0,0,0,0,0,-0,0,1.93394,0,0,0,0,0,0,0,0,0,0,0,0,0,0,0
9.85,0,0,0,0,0,0,1.96933,1.5232,3.10613,-1.22061e-05,0.000205062,-7.62881e-05,-7.01765e-05,0.000906339,-0.000449148,0,0,0,0,0,0,0,0,0,0,0,0,0,0,0,0,0,0,0,0,0,0,0,0,0,0,0,0,0,0,0,0,0,0,0,0,0,0,0,0,0.397392,0.396645,-0.764777,-2.56327e-05,0.000347873,0.000735462,-0.000493932,0.00134885,0.0031807,0,0,0,0,0,0,0,0,0,0,0,0,0,0,0,0,0,0,0,0,0,0,0,0,0,0,0,0,0,0,0,0,0,0,0,0,0,0,0,0,0,0,0,0,0,0,0,0,0,0,0,0,2,0,0,0,0,0,1.2098,1.1601,-3.959,0,0,0,0,0,0,0,-0,0,1.93394,0,0,0,0,0,0,0,0,0,0,0,0,0,0,0
9.9,0,0,0,0,0,0,1.96933,1.5232,3.10613,2.44191e-06,-4.51754e-05,-2.38468e-06,2.21773e-05,-0.000260809,-2.19498e-05,0,0,0,0,0,0,0,0,0,0,0,0,0,0,0,0,0,0,0,0,0,0,0,0,0,0,0,0,0,0,0,0,0,0,0,0,0,0,0,0,0.397397,0.396644,-0.764724,4.88384e-05,-1.46515e-05,0.000528804,-0.000150563,-0.000288542,0.00147389,0,0,0,0,0,0,0,0,0,0,0,0,0,0,0,0,0,0,0,0,0,0,0,0,0,0,0,0,0,0,0,0,0,0,0,0,0,0,0,0,0,0,0,0,0,0,0,0,0,0,0,0,2,0,0,0,0,0,1.2098,1.1601,-3.959,0,0,0,0,0,0,0,-0,0,1.93393,0,0,0,0,0,0,0,0,0,0,0,0,0,0,0
9.95,0,0,0,0,0,0,1.96933,1.52319,3.10612,7.32051e-06,-0.000118348,-9.29361e-05,4.53096e-05,-0.000606975,-0.000317226,0,0,0,0,0,0,0,0,0,0,0,0,0,0,0,0,0,0,0,0,0,0,0,0,0,0,0,0,0,0,0,0,0,0,0,0,0,0,0,0,0.397396,0.396633,-0.764758,-1.09807e-05,-0.000108587,-0.000331829,-0.000282903,-0.000770186,-0.00278457,0,0,0,0,0,0,0,0,0,0,0,0,0,0,0,0,0,0,0,0,0,0,0,0,0,0,0,0,0,0,0,0,0,0,0,0,0,0,0,0,0,0,0,0,0,0,0,0,0,0,0,0,2,0,0,0,0,0,1.3615,1.3118,-3.8073,0,0,0,0,0,0,0,-0,0,1.93393,0,0,0,0,0,0,0,0,0,0,0,0,0,0,0
10,0,0,0,0,0,0,1.96933,1.52319,3.10612,7.32051e-06,-0.000118348,-9.29361e-05,4.53096e-05,-0.000606975,-0.000317226,0,0,0,0,0,0,0,0,0,0,0,0,0,0,0,0,0,0,0,0,0,0,0,0,0,0,0,0,0,0,0,0,0,0,0,0,0,0,0,0,0.397396,0.396633,-0.764758,-1.09807e-05,-0.000108587,-0.000331829,-0.000282903,-0.000770186,-0.00278457,0,0,0,0,0,0,0,0,0,0,0,0,0,0,0,0,0,0,0,0,0,0,0,0,0,0,0,0,0,0,0,0,0,0,0,0,0,0,0,0,0,0,0,0,0,0,0,0,0,0,0,0,2,0,0,0,0,0,1.3615,1.3118,-3.8073,0,0,0,0,0,0,0,-0,0,1.93393,0,0,0,0,0,0,0,0,0,0,0,0,0,0,0
10.05,0,0,0,0,0,0,1.96933,1.52319,3.10612,7.32051e-06,-0.000118348,-9.29361e-05,4.53096e-05,-0.000606975,-0.000317226,0,0,0,0,0,0,0,0,0,0,0,0,0,0,0,0,0,0,0,0,0,0,0,0,0,0,0,0,0,0,0,0,0,0,0,0,0,0,0,0,0.397396,0.396633,-0.764758,-1.09807e-05,-0.000108587,-0.000331829,-0.000282903,-0.000770186,-0.00278457,0,0,0,0,0,0,0,0,0,0,0,0,0,0,0,0,0,0,0,0,0,0,0,0,0,0,0,0,0,0,0,0,0,0,0,0,0,0,0,0,0,0,0,0,0,0,0,0,0,0,0,1,2,0,0,0,0,0,1.3615,1.3118,-3.8073,0,0,0,0,0,0,0,-0,0,1.93393,0,0,0,0,0,0,0,0,0,0,0,0,0,0,0
10.1,0,0,0,0,0,0,1.96932,1.52319,3.10612,-2.80985e-05,6.47488e-05,-2.8633e-05,-0.000111186,0.000320466,2.66815e-05,0,0,0,0,0,0,0,0,0,0,0,0,0,0,0,0,0,0,0,0,0,0,0,0,0,0,0,0,0,0,0,0,0,0,0,0,0,0,0,0,0.397406,0.396633,-0.764641,0.000108729,-1.22168e-06,0.00116322,0.000290491,-9.84791e-05,0.00372525,0,0,0,0,0,0,0,0,0,0,0,0,0,0,0,0,0,0,0,0,0,0,0,0,0,0,0,0,0,0,0,0,0,0,0,0,0,0,0,0,0,0,0,0,0,0,0,0,0,0,0,1,2,0,0,0,0,0,1.3615,1.3118,-3.8073,0,0,0,0,0,0,0,-0,0,1.93393,0,0,0,0,0,0,0,0,0,0,0,0,0,0,0
10.15,0,0,0,0,0,0,1.96933,1.5232,3.10612,1.58674e-05,3.17347e-05,2.38392e-06,8.76677e-05,0.000186146,0.000186392,0,0,0,0,0,0,0,0,0,0,0,0,0,0,0,0,0,0,0,0,0,0,0,0,0,0,0,0,0,0,0,0,0,0,0,0,0,0,0,0,0.39742,0.396624,-0.764722,0.000131821,-8.48295e-05,-0.00080517,0.000344581,-0.00030236,-0.00474453,0,0,0,0,0,0,0,0,0,0,0,0,0,0,0,0,0,0,0,0,0,0,0,0,0,0,0,0,0,0,0,0,0,0,0,0,0,0,0,0,0,0,0,0,0,0,0,0,0,0,0,1,2,0,0,0,0,0,1.2978,1.2482,-3.8708,0,0,0,0,0,0,0,-0,0,1.93392,0,0,0,0,0,0,0,0,0,0,0,0,0,0,0
10.2,0,0,0,0,0,0,1.96933,1.5232,3.10612,1.58674e-05,3.17347e-05,2.38392e-06,8.76677e-05,0.000186146,0.000186392,0,0,0,0,0,0,0,0,0,0,0,0,0,0,0,0,0,0,0,0,0,0,0,0,0,0,0,0,0,0,0,0,0,0,0,0,0,0,0,0,0.39742,0.396624,-0.764722,0.000131821,-8.48295e-05,-0.00080517,0.000344581,-0.00030236,-0.00474453,0,0,0,0,0,0,0,0,0,0,0,0,0,0,0,0,0,0,0,0,0,0,0,0,0,0,0,0,0,0,0,0,0,0,0,0,0,0,0,0,0,0,0,0,0,0,0,0,0,0,0,1,2,0,0,0,0,0,1.2978,1.2482,-3.8708,0,0,0,0,0,0,0,-0,0,1.93392,0,0,0,0,0,0,0,0,0,0,0,0,0,0,0
10.25,0,0,0,0,0,0,1.96933,1.5232,3.10612,1.58674e-05,3.17347e-05,2.38392e-06,8.76677e-05,0.000186146,0.000186392,0,0,0,0,0,0,0,0,0,0,0,0,0,0,0,0,0,0,0,0,0,0,0,0,0,0,0,0,0,0,0,0,0,0,0,0,0,0,0,0,0.39742,0.396624,-0.764722,0.000131821,-8.48295e-05,-0.00080517,0.000344581,-0.00030236,-0.00474453,0,0,0,0,0,0,0,0,0,0,0,0,0,0,0,0,0,0,0,0,0,0,0,0,0,0,0,0,0,0,0,0,0,0,0,0,0,0,0,0,0,0,0,0,0,0,0,0,0,0,0,1,2,0,0,0,0,0,1.2978,1.2482,-3.8708,0,0,0,0,0,0,0,-0,0,1.93392,0,0,0,0,0,0,0,0,0,0,0,0,0,0,0
10.3,0,0,0,0,0,0,1.96932,1.52319,3.10611,-1.46489e-05,-2.07526e-05,-5.24537e-05,-4.2368e-05,-0.000116186,-8.55481e-05,0,0,0,0,0,0,0,0,0,0,0,0,0,0,0,0,0,0,0,0,0,0,0,0,0,0,0,0,0,0,0,0,0,0,0,0,0,0,0,0,0.397412,0.396607,-0.764663,-7.44651e-05,-0.000172124,0.000585931,-0.000610198,-0.000557886,0.00156283,0,0,0,0,0,0,0,0,0,0,0,0,0,0,0,0,0,0,0,0,0,0,0,0,0,0,0,0,0,0,0,0,0,0,0,0,0,0,0,0,0,0,0,0,0,0,0,0,0,0,0,1,2,0,0,0,0,0,1.2978,1.2482,-3.8708,0,0,0,0,0,0,0,-0,0,1.93394,0,0,0,0,0,0,0,0,0,0,0,0,0,0,0
10.35,0,0,0,0,0,0,1.96932,1.52319,3.10611,-1.46489e-05,-2.07526e-05,-5.24537e-05,-4.2368e-05,-0.000116186,-8.55481e-05,0,0,0,0,0,0,0,0,0,0,0,0,0,0,0,0,0,0,0,0,0,0,0,0,0,0,0,0,0,0,0,0,0,0,0,0,0,0,0,0,0.397412,0.396607,-0.764663,-7.44651e-05,-0.000172124,0.000585931,-0.000610198,-0.000557886,0.00156283,0,0,0,0,0,0,0,0,0,0,0,0,0,0,0,0,0,0,0,0,0,0,0,0,0,0,0,0,0,0,0,0,0,0,0,0,0,0,0,0,0,0,0,0,0,0,0,0,0,0,0,1,2,0,0,0,0,0,1.2843,1.2347,-3.8843,0,0,0,0,0,0,0,-0,0,1.93394,0,0,0,0,0,0,0,0,0,0,0,0,0,0,0
10.4,0,0,0,0,0,0,1.96932,1.52319,3.10611,-3.66054e-05,0,1.90653e-05,-0.00013078,-2.7745e-05,0.000197599,0,0,0,0,0,0,0,0,0,0,0,0,0,0,0,0,0,0,0,0,0,0,0,0,0,0,0,0,0,0,0,0,0,0,0,0,0,0,0,0,0.397403,0.396593,-0.764707,-8.90728e-05,-0.0001391,-0.000434926,-0.000553938,-0.000237662,-0.00228729,0,0,0,0,0,0,0,0,0,0,0,0,0,0,0,0,0,0,0,0,0,0,0,0,0,0,0,0,0,0,0,0,0,0,0,0,0,0,0,0,0,0,0,0,0,0,0,0,0,0,0,1,2,0,0,0,0,0,1.2843,1.2347,-3.8843,0,0,0,0,0,0,0,-0,0,1.93395,0,0,0,0,0,0,0,0,0,0,0,0,0,0,0
10.45,0,0,0,0,0,0,1.96932,1.52319,3.10611,-3.66054e-05,0,1.90653e-05,-0.00013078,-2.7745e-05,0.000197599,0,0,0,0,0,0,0,0,0,0,0,0,0,0,0,0,0,0,0,0,0,0,0,0,0,0,0,0,0,0,0,0,0,0,0,0,0,0,0,0,0.397403,0.396593,-0.764707,-8.90728e-05,-0.0001391,-0.000434926,-0.000553938,-0.000237662,-0.00228729,0,0,0,0,0,0,0,0,0,0,0,0,0,0,0,0,0,0,0,0,0,0,0,0,0,0,0,0,0,0,0,0,0,0,0,0,0,0,0,0,0,0,0,0,0,0,0,0,0,0,0,1,2,0,0,0,0,0,1.2843,1.2347,-3.8843,0,0,0,0,0,0,0,-0,0,1.93395,0,0,0,0,0,0,0,0,0,0,0,0,0,0,0
10.5,0,0,0,0,0,0,1.96933,1.5232,3.10613,7.81793e-05,3.29819e-05,0.000107363,0.00036818,0.000127081,0.000509716,0,0,0,0,0,0,0,0,0,0,0,0,0,0,0,0,0,0,0,0,0,0,0,0,0,0,0,0,0,0,0,0,0,0,0,0,0,0,0,0,0.397405,0.396564,-0.764715,1.71017e-05,-0.000291951,-7.93294e-05,9.93636e-05,-0.000709766,-0.000472946,0,0,0,0,0,0,0,0,0,0,0,0,0,0,0,0,0,0,0,0,0,0,0,0,0,0,0,0,0,0,0,0,0,0,0,0,0,0,0,0,0,0,0,0,0,0,0,0,0,0,0,1,2,0,0,0,0,0,1.2843,1.2347,-3.8843,0,0,0,0,0,0,0,-0,0,1.93397,0,0,0,0,0,0,0,0,0,0,0,0,0,0,0
10.55,0,0,0,0,0,0,1.96933,1.5232,3.10613,7.81793e-05,3.29819e-05,0.000107363,0.00036818,0.000127081,0.000509716,0,0,0,0,0,0,0,0,0,0,0,0,0,0,0,0,0,0,0,0,0,0,0,0,0,0,0,0,0,0,0,0,0,0,0,0,0,0,0,0,0.397405,0.396564,-0.764715,1.71017e-05,-0.000291951,-7.93294e-05,9.93636e-05,-0.000709766,-0.000472946,0,0,0,0,0,0,0,0,0,0,0,0,0,0,0,0,0,0,0,0,0,0,0,0,0,0,0,0,0,0,0,0,0,0,0,0,0,0,0,0,0,0,0,0,0,0,0,0,0,0,0,1,2,0,0,0,0,0,1.2978,1.2482,-3.8709,0,0,0,0,0,0,0,-0,0,1.93397,0,0,0,0,0,0,0,0,0,0,0,0,0,0,0
10.6,0,0,0,0,0,0,1.96934,1.52322,3.10608,0.000114756,0.000175796,-0.000450649,0.000434916,0.000667977,-0.00188111,0,0,0,0,0,0,0,0,0,0,0,0,0,0,0,0,0,0,0,0,0,0,0,0,0,0,0,0,0,0,0,0,0,0,0,0,0,0,0,0,0.397384,0.396555,-0.764678,-0.000212421,-9.03399e-05,0.000367197,-0.000769021,0.000314829,0.00174545,0,0,0,0,0,0,0,0,0,0,0,0,0,0,0,0,0,0,0,0,0,0,0,0,0,0,0,0,0,0,0,0,0,0,0,0,0,0,0,0,0,0,0,0,0,0,0,0,0,0,0,1,2,0,0,0,0,0,1.2978,1.2482,-3.8709,0,0,0,0,0,0,0,-0,0,1.93401,0,0,0,0,0,0,0,0,0,0,0,0,0,0,0
10.65,0,0,0,0,0,0,1.96934,1.52322,3.10608,0.000114756,0.000175796,-0.000450649,0.000434916,0.000667977,-0.00188111,0,0,0,0,0,0,0,0,0,0,0,0,0,0,0,0,0,0,0,0,0,0,0,0,0,0,0,0,0,0,0,0,0,0,0,0,0,0,0,0,0.397384,0.396555,-0.764678,-0.000212421,-9.03399e-05,0.000367197,-0.000769021,0.000314829,0.00174545,0,0,0,0,0,0,0,0,0,0,0,0,0,0,0,0,0,0,0,0,0,0,0,0,0,0,0,0,0,0,0,0,0,0,0,0,0,0,0,0,0,0,0,0,0,0,0,0,0,0,0,1,2,0,0,0,0,0,1.2978,1.2482,-3.8709,0,0,0,0,0,0,0,-0,0,1.93401,0,0,0,0,0,0,0,0,0,0,0,0,0,0,0
10.7,0,0,0,0,0,0,1.96934,1.52321,3.10601,3.17424e-05,-4.76136e-05,-0.000672427,-6.15655e-05,-0.00041839,-0.00233937,0,0,0,0,0,0,0,0,0,0,0,0,0,0,0,0,0,0,0,0,0,0,0,0,0,0,0,0,0,0,0,0,0,0,0,0,0,0,0,0,0.397399,0.396532,-0.764726,0.000153828,-0.00022891,-0.000480473,0.000884109,-0.000225717,-0.00203855,0,0,0,0,0,0,0,0,0,0,0,0,0,0,0,0,0,0,0,0,0,0,0,0,0,0,0,0,0,0,0,0,0,0,0,0,0,0,0,0,0,0,0,0,0,0,0,0,0,0,0,1,2,0,0,0,0,0,1.2978,1.2482,-3.8709,0,0,0,0,0,0,0,-0,0,1.93402,0,0,0,0,0,0,0,0,0,0,0,0,0,0,0
10.75,0,0,0,0,0,0,1.96934,1.52321,3.10601,3.17424e-05,-4.76136e-05,-0.000672427,-6.15655e-05,-0.00041839,-0.00233937,0,0,0,0,0,0,0,0,0,0,0,0,0,0,0,0,0,0,0,0,0,0,0,0,0,0,0,0,0,0,0,0,0,0,0,0,0,0,0,0,0.397399,0.396532,-0.764726,0.000153828,-0.00022891,-0.000480473,0.000884109,-0.000225717,-0.00203855,0,0,0,0,0,0,0,0,0,0,0,0,0,0,0,0,0,0,0,0,0,0,0,0,0,0,0,0,0,0,0,0,0,0,0,0,0,0,0,0,0,0,0,0,0,0,0,0,0,0,0,1,2,0,0,0,0,0,1.3291,1.2798,-3.8394,0,0,0,0,0,0,0,-0,0,1.93402,0,0,0,0,0,0,0,0,0,0,0,0,0,0,0
10.8,0,0,0,0,0,0,1.96936,1.52322,3.10593,0.000170767,8.41639e-05,-0.000793325,0.00045147,0.000128367,-0.00195035,0,0,0,0,0,0,0,0,0,0,0,0,0,0,0,0,0,0,0,0,0,0,0,0,0,0,0,0,0,0,0,0,0,0,0,0,0,0,0,0,0.397528,0.396438,-0.764067,0.00128808,-0.000935563,0.00658544,0.00528742,-0.00303291,0.0265008,0,0,0,0,0,0,0,0,0,0,0,0,0,0,0,0,0,0,0,0,0,0,0,0,0,0,0,0,0,0,0,0,0,0,0,0,0,0,0,0,0,0,0,0,0,0,0,0,0,0,0,1,2,0,0,0,0,0,1.3291,1.2798,-3.8394,0,0,0,0,0,0,0,-0,0,1.93398,0,0,0,0,0,0,0,0,0,0,0,0,0,0,0
10.85,0,0,0,0,0,0,1.96936,1.52322,3.10593,0.000170767,8.41639e-05,-0.000793325,0.00045147,0.000128367,-0.00195035,0,0,0,0,0,0,0,0,0,0,0,0,0,0,0,0,0,0,0,0,0,0,0,0,0,0,0,0,0,0,0,0,0,0,0,0,0,0,0,0,0.397528,0.396438,-0.764067,0.00128808,-0.000935563,0.00658544,0.00528742,-0.00303291,0.0265008,0,0,0,0,0,0,0,0,0,0,0,0,0,0,0,0,0,0,0,0,0,0,0,0,0,0,0,0,0,0,0,0,0,0,0,0,0,0,0,0,0,0,0,0,0,0,0,0,0,0,0,1,2,0,0,0,0,0,1.3291,1.2798,-3.8394,0,0,0,0,0,0,0,-0,0,1.93398,0,0,0,0,0,0,0,0,0,0,0,0,0,0,0
10.9,0,0,0,0,0,0,1.96937,1.52322,3.10582,0.000117286,2.56564e-05,-0.00114776,0.0001263,-8.29483e-05,-0.0025319,0,0,0,0,0,0,0,0,0,0,0,0,0,0,0,0,0,0,0,0,0,0,0,0,0,0,0,0,0,0,0,0,0,0,0,0,0,0,0,0,0.397426,0.396482,-0.764687,-0.00102259,0.000433717,-0.00620711,-0.00546489,0.00327251,-0.0313548,0,0,0,0,0,0,0,0,0,0,0,0,0,0,0,0,0,0,0,0,0,0,0,0,0,0,0,0,0,0,0,0,0,0,0,0,0,0,0,0,0,0,0,0,0,0,0,0,0,0,0,1,2,0,0,0,0,0,1.3291,1.2798,-3.8394,0,0,0,0,0,0,0,-0,0,1.93405,0,0,0,0,0,0,0,0,0,0,0,0,0,0,0
10.95,0,0,0,0,0,0,1.96937,1.52322,3.10582,0.000117286,2.56564e-05,-0.00114776,0.0001263,-8.29483e-05,-0.0025319,0,0,0,0,0,0,0,0,0,0,0,0,0,0,0,0,0,0,0,0,0,0,0,0,0,0,0,0,0,0,0,0,0,0,0,0,0,0,0,0,0.397426,0.396482,-0.764687,-0.00102259,0.000433717,-0.00620711,-0.00546489,0.00327251,-0.0313548,0,0,0,0,0,0,0,0,0,0,0,0,0,0,0,0,0,0,0,0,0,0,0,0,0,0,0,0,0,0,0,0,0,0,0,0,0,0,0,0,0,0,0,0,0,0,0,0,0,0,0,1,2,0,0,0,0,0,1.2188,1.1701,-3.9492,0,0,0,0,0,0,0,-0,0,1.93405,0,0,0,0,0,0,0,0,0,0,0,0,0,0,0
11,0,0,0,0,0,0,1.96938,1.52324,3.10568,0.000103746,0.000218477,-0.00136119,-2.18316e-05,0.000692194,-0.00245564,0,0,0,0,0,0,0,0,0,0,0,0,0,0,0,0,0,0,0,0,0,0,0,0,0,0,0,0,0,0,0,0,0,0,0,0,0,0,0,0,0.397438,0.396456,-0.764648,0.000120833,-0.000259975,0.000392742,-0.000169647,4.70545e-05,-0.000298231,0,0,0,0,0,0,0,0,0,0,0,0,0,0,0,0,0,0,0,0,0,0,0,0,0,0,0,0,0,0,0,0,0,0,0,0,0,0,0,0,0,0,0,0,0,0,0,0,0,0,0,1,2,0,0,0,0,0,1.2188,1.1701,-3.9492,0,0,0,0,0,0,0,-0,0,1.93408,0,0,0,0,0,0,0,0,0,0,0,0,0,0,0
11.05,0,0,0,0,0,0,1.96938,1.52324,3.10568,0.000103746,0.000218477,-0.00136119,-2.18316e-05,0.000692194,-0.00245564,0,0,0,0,0,0,0,0,0,0,0,0,0,0,0,0,0,0,0,0,0,0,0,0,0,0,0,0,0,0,0,0,0,0,0,0,0,0,0,0,0.397438,0.396456,-0.764648,0.000120833,-0.000259975,0.000392742,-0.000169647,4.70545e-05,-0.000298231,0,0,0,0,0,0,0,0,0,0,0,0,0,0,0,0,0,0,0,0,0,0,0,0,0,0,0,0,0,0,0,0,0,0,0,0,0,0,0,0,0,0,0,0,0,0,0,0,0,0,0,1,2,0,0,0,0,0,1.2188,1.1701,-3.9492,0,0,0,0,0,0,0,-0,0,1.93408,0,0,0,0,0,0,0,0,0,0,0,0,0,0,0
11.1,0,0,0,0,0,0,1.9694,1.52326,3.10555,0.000164786,0.000161124,-0.00128977,0.000210574,0.00029122,-0.00117701,0,0,0,0,0,0,0,0,0,0,0,0,0,0,0,0,0,0,0,0,0,0,0,0,0,0,0,0,0,0,0,0,0,0,0,0,0,0,0,0,0.397529,0.396377,-0.764377,0.000913038,-0.000785482,0.00271247,0.00378095,-0.00250824,0.0132977,0,0,0,0,0,0,0,0,0,0,0,0,0,0,0,0,0,0,0,0,0,0,0,0,0,0,0,0,0,0,0,0,0,0,0,0,0,0,0,0,0,0,0,0,0,0,0,0,0,0,0,1,2,0,0,0,0,0,1.2188,1.1701,-3.9492,0,0,0,0,0,0,0,-0,0,1.93407,0,0,0,0,0,0,0,0,0,0,0,0,0,0,0
11.15,0,0,0,0,0,0,1.96942,1.52328,3.10537,0.000232012,0.000190494,-0.00186268,0.000426424,0.00023789,-0.00282224,0,0,0,0,0,0,0,0,0,0,0,0,0,0,0,0,0,0,0,0,0,0,0,0,0,0,0,0,0,0,0,0,0,0,0,0,0,0,0,0,0.397466,0.396406,-0.764638,-0.000627653,0.000293068,-0.00261216,-0.00335138,0.00245784,-0.0114514,0,0,0,0,0,0,0,0,0,0,0,0,0,0,0,0,0,0,0,0,0,0,0,0,0,0,0,0,0,0,0,0,0,0,0,0,0,0,0,0,0,0,0,0,0,0,0,0,0,0,0,1,2,0,0,0,0,0,1.2971,1.2493,-3.8702,0,0,0,0,0,0,0,-0,0,1.93414,0,0,0,0,0,0,0,0,0,0,0,0,0,0,0
11.2,0,0,0,0,0,0,1.96942,1.52328,3.10537,0.000232012,0.000190494,-0.00186268,0.000426424,0.00023789,-0.00282224,0,0,0,0,0,0,0,0,0,0,0,0,0,0,0,0,0,0,0,0,0,0,0,0,0,0,0,0,0,0,0,0,0,0,0,0,0,0,0,0,0.397466,0.396406,-0.764638,-0.000627653,0.000293068,-0.00261216,-0.00335138,0.00245784,-0.0114514,0,0,0,0,0,0,0,0,0,0,0,0,0,0,0,0,0,0,0,0,0,0,0,0,0,0,0,0,0,0,0,0,0,0,0,0,0,0,0,0,0,0,0,0,0,0,0,0,0,0,0,1,2,0,0,0,0,0,1.2971,1.2493,-3.8702,0,0,0,0,0,0,0,-0,0,1.93414,0,0,0,0,0,0,0,0,0,0,0,0,0,0,0
11.25,0,0,0,0,0,0,1.96944,1.5233,3.10519,0.000141566,0.000168414,-0.00179245,-7.58662e-05,4.76398e-05,-0.00163904,0,0,0,0,0,0,0,0,0,0,0,0,0,0,0,0,0,0,0,0,0,0,0,0,0,0,0,0,0,0,0,0,0,0,0,0,0,0,0,0,0.397499,0.396391,-0.764493,0.000322184,-0.0001556,0.0014522,0.000817194,0.000355341,0.00601247,0,0,0,0,0,0,0,0,0,0,0,0,0,0,0,0,0,0,0,0,0,0,0,0,0,0,0,0,0,0,0,0,0,0,0,0,0,0,0,0,0,0,0,0,0,0,0,0,0,0,0,1,2,0,0,0,0,0,1.2971,1.2493,-3.8702,0,0,0,0,0,0,0,-0,0,1.93414,0,0,0,0,0,0,0,0,0,0,0,0,0,0,0
11.3,0,0,0,0,0,0,1.96944,1.5233,3.10519,0.000141566,0.000168414,-0.00179245,-7.58662e-05,4.76398e-05,-0.00163904,0,0,0,0,0,0,0,0,0,0,0,0,0,0,0,0,0,0,0,0,0,0,0,0,0,0,0,0,0,0,0,0,0,0,0,0,0,0,0,0,0.397499,0.396391,-0.764493,0.000322184,-0.0001556,0.0014522,0.000817194,0.000355341,0.00601247,0,0,0,0,0,0,0,0,0,0,0,0,0,0,0,0,0,0,0,0,0,0,0,0,0,0,0,0,0,0,0,0,0,0,0,0,0,0,0,0,0,0,0,0,0,0,0,0,0,0,0,1,2,0,0,0,0,0,1.2971,1.2493,-3.8702,0,0,0,0,0,0,0,-0,0,1.93414,0,0,0,0,0,0,0,0,0,0,0,0,0,0,0
11.35,0,0,0,0,0,0,1.96946,1.52331,3.10498,0.000271086,0.000185609,-0.00207732,0.00040371,7.12788e-05,-0.00195935,0,0,0,0,0,0,0,0,0,0,0,0,0,0,0,0,0,0,0,0,0,0,0,0,0,0,0,0,0,0,0,0,0,0,0,0,0,0,0,0,0.397526,0.396338,-0.764646,0.000268644,-0.000525687,-0.0015395,0.000840716,-0.00154975,-0.00598068,0,0,0,0,0,0,0,0,0,0,0,0,0,0,0,0,0,0,0,0,0,0,0,0,0,0,0,0,0,0,0,0,0,0,0,0,0,0,0,0,0,0,0,0,0,0,0,0,0,0,0,1,2,0,0,0,0,0,1.2966,1.2499,-3.8698,0,0,0,0,0,0,0,-0,0,1.93418,0,0,0,0,0,0,0,0,0,0,0,0,0,0,0
11.4,0,0,0,0,0,0,1.96946,1.52331,3.10498,0.000271086,0.000185609,-0.00207732,0.00040371,7.12788e-05,-0.00195935,0,0,0,0,0,0,0,0,0,0,0,0,0,0,0,0,0,0,0,0,0,0,0,0,0,0,0,0,0,0,0,0,0,0,0,0,0,0,0,0,0.397526,0.396338,-0.764646,0.000268644,-0.000525687,-0.0015395,0.000840716,-0.00154975,-0.00598068,0,0,0,0,0,0,0,0,0,0,0,0,0,0,0,0,0,0,0,0,0,0,0,0,0,0,0,0,0,0,0,0,0,0,0,0,0,0,0,0,0,0,0,0,0,0,0,0,0,0,0,1,2,0,0,0,0,0,1.2966,1.2499,-3.8698,0,0,0,0,0,0,0,-0,0,1.93418,0,0,0,0,0,0,0,0,0,0,0,0,0,0,0
11.45,0,0,0,0,0,0,1.96946,1.52331,3.10498,0.000271086,0.000185609,-0.00207732,0.00040371,7.12788e-05,-0.00195935,0,0,0,0,0,0,0,0,0,0,0,0,0,0,0,0,0,0,0,0,0,0,0,0,0,0,0,0,0,0,0,0,0,0,0,0,0,0,0,0,0.397526,0.396338,-0.764646,0.000268644,-0.000525687,-0.0015395,0.000840716,-0.00154975,-0.00598068,0,0,0,0,0,0,0,0,0,0,0,0,0,0,0,0,0,0,0,0,0,0,0,0,0,0,0,0,0,0,0,0,0,0,0,0,0,0,0,0,0,0,0,0,0,0,0,0,0,0,0,1,2,0,0,0,0,0,1.2966,1.2499,-3.8698,0,0,0,0,0,0,0,-0,0,1.93418,0,0,0,0,0,0,0,0,0,0,0,0,0,0,0
11.5,0,0,0,0,0,0,1.96949,1.52333,3.10473,0.000246539,0.000172089,-0.00246005,0.000209585,-7.7534e-06,-0.00275217,0,0,0,0,0,0,0,0,0,0,0,0,0,0,0,0,0,0,0,0,0,0,0,0,0,0,0,0,0,0,0,0,0,0,0,0,0,0,0,0,0.397564,0.396309,-0.764574,0.000380793,-0.000288646,0.000720495,0.00095648,-0.000241806,0.003815,0,0,0,0,0,0,0,0,0,0,0,0,0,0,0,0,0,0,0,0,0,0,0,0,0,0,0,0,0,0,0,0,0,0,0,0,0,0,0,0,0,0,0,0,0,0,0,0,0,0,0,1,2,0,0,0,0,0,1.2966,1.2499,-3.8698,0,0,0,0,0,0,0,-0,0,1.9342,0,0,0,0,0,0,0,0,0,0,0,0,0,0,0
11.55,0,0,0,0,0,0,1.96949,1.52333,3.10473,0.000246539,0.000172089,-0.00246005,0.000209585,-7.7534e-06,-0.00275217,0,0,0,0,0,0,0,0,0,0,0,0,0,0,0,0,0,0,0,0,0,0,0,0,0,0,0,0,0,0,0,0,0,0,0,0,0,0,0,0,0.397564,0.396309,-0.764574,0.000380793,-0.000288646,0.000720495,0.00095648,-0.000241806,0.003815,0,0,0,0,0,0,0,0,0,0,0,0,0,0,0,0,0,0,0,0,0,0,0,0,0,0,0,0,0,0,0,0,0,0,0,0,0,0,0,0,0,0,0,0,0,0,0,0,0,0,0,1,2,0,0,0,0,0,1.296,1.2506,-3.8693,0,0,0,0,0,0,0,-0,0,1.9342,0,0,0,0,0,0,0,0,0,0,0,0,0,0,0
11.6,0,0,0,0,0,0,1.96952,1.52336,3.10448,0.000310115,0.000283255,-0.00255393,0.000353308,0.000428621,-0.0021322,0,0,0,0,0,0,0,0,0,0,0,0,0,0,0,0,0,0,0,0,0,0,0,0,0,0,0,0,0,0,0,0,0,0,0,0,0,0,0,0,0.397603,0.396262,-0.764502,0.000394359,-0.000477382,0.000721348,0.000643783,-0.000721891,0.00361973,0,0,0,0,0,0,0,0,0,0,0,0,0,0,0,0,0,0,0,0,0,0,0,0,0,0,0,0,0,0,0,0,0,0,0,0,0,0,0,0,0,0,0,0,0,0,0,0,0,0,0,1,2,0,0,0,0,0,1.296,1.2506,-3.8693,0,0,0,0,0,0,0,-0,0,1.93424,0,0,0,0,0,0,0,0,0,0,0,0,0,0,0
11.65,0,0,0,0,0,0,1.96955,1.52338,3.10421,0.000324678,0.000245339,-0.00265098,0.00029003,0.00016513,-0.00158628,0,0,0,0,0,0,0,0,0,0,0,0,0,0,0,0,0,0,0,0,0,0,0,0,0,0,0,0,0,0,0,0,0,0,0,0,0,0,0,0,0.397636,0.396231,-0.764481,0.000332002,-0.000308811,0.000211578,9.53895e-05,0.000174789,0.000110553,0,0,0,0,0,0,0,0,0,0,0,0,0,0,0,0,0,0,0,0,0,0,0,0,0,0,0,0,0,0,0,0,0,0,0,0,0,0,0,0,0,0,0,0,0,0,0,0,0,0,0,1,2,0,0,0,0,0,1.296,1.2506,-3.8693,0,0,0,0,0,0,0,-0,0,1.93427,0,0,0,0,0,0,0,0,0,0,0,0,0,0,0
11.7,0,0,0,0,0,0,1.96955,1.52338,3.10421,0.000324678,0.000245339,-0.00265098,0.00029003,0.00016513,-0.00158628,0,0,0,0,0,0,0,0,0,0,0,0,0,0,0,0,0,0,0,0,0,0,0,0,0,0,0,0,0,0,0,0,0,0,0,0,0,0,0,0,0.397636,0.396231,-0.764481,0.000332002,-0.000308811,0.000211578,9.53895e-05,0.000174789,0.000110553,0,0,0,0,0,0,0,0,0,0,0,0,0,0,0,0,0,0,0,0,0,0,0,0,0,0,0,0,0,0,0,0,0,0,0,0,0,0,0,0,0,0,0,0,0,0,0,0,0,0,0,1,2,0,0,0,0,0,1.296,1.2506,-3.8693,0,0,0,0,0,0,0,-0,0,1.93427,0,0,0,0,0,0,0,0,0,0,0,0,0,0,0
11.75,0,0,0,0,0,0,1.96955,1.52338,3.10421,0.000324678,0.000245339,-0.00265098,0.00029003,0.00016513,-0.00158628,0,0,0,0,0,0,0,0,0,0,0,0,0,0,0,0,0,0,0,0,0,0,0,0,0,0,0,0,0,0,0,0,0,0,0,0,0,0,0,0,0.397636,0.396231,-0.764481,0.000332002,-0.000308811,0.000211578,9.53895e-05,0.000174789,0.000110553,0,0,0,0,0,0,0,0,0,0,0,0,0,0,0,0,0,0,0,0,0,0,0,0,0,0,0,0,0,0,0,0,0,0,0,0,0,0,0,0,0,0,0,0,0,0,0,0,0,0,0,1,2,0,0,0,0,0,1.2954,1.2515,-3.8687,0,0,0,0,0,0,0,-0,0,1.93427,0,0,0,0,0,0,0,0,0,0,0,0,0,0,0
11.8,0,0,0,0,0,0,1.96958,1.52341,3.10392,0.00031383,0.000289408,-0.00295742,0.000121942,0.000239329,-0.00210051,0,0,0,0,0,0,0,0,0,0,0,0,0,0,0,0,0,0,0,0,0,0,0,0,0,0,0,0,0,0,0,0,0,0,0,0,0,0,0,0,0.397683,0.396185,-0.764377,0.000470134,-0.000461586,0.00104285,0.000534637,-0.000383774,0.00291249,0,0,0,0,0,0,0,0,0,0,0,0,0,0,0,0,0,0,0,0,0,0,0,0,0,0,0,0,0,0,0,0,0,0,0,0,0,0,0,0,0,0,0,0,0,0,0,0,0,0,0,1,2,0,0,0,0,0,1.2954,1.2515,-3.8687,0,0,0,0,0,0,0,-0,0,1.9343,0,0,0,0,0,0,0,0,0,0,0,0,0,0,0
11.85,0,0,0,0,0,0,1.96962,1.52344,3.10359,0.00033808,0.000301465,-0.0032372,0.000147773,0.000202293,-0.00245255,0,0,0,0,0,0,0,0,0,0,0,0,0,0,0,0,0,0,0,0,0,0,0,0,0,0,0,0,0,0,0,0,0,0,0,0,0,0,0,0,0.397745,0.396144,-0.764389,0.000616356,-0.000400936,-0.000126342,0.000965337,-6.4259e-05,-0.00254267,0,0,0,0,0,0,0,0,0,0,0,0,0,0,0,0,0,0,0,0,0,0,0,0,0,0,0,0,0,0,0,0,0,0,0,0,0,0,0,0,0,0,0,0,0,0,0,0,0,0,0,1,2,0,0,0,0,0,1.2954,1.2515,-3.8687,0,0,0,0,0,0,0,-0,0,1.93432,0,0,0,0,0,0,0,0,0,0,0,0,0,0,0
11.9,0,0,0,0,0,0,1.96962,1.52344,3.10359,0.00033808,0.000301465,-0.0032372,0.000147773,0.000202293,-0.00245255,0,0,0,0,0,0,0,0,0,0,0,0,0,0,0,0,0,0,0,0,0,0,0,0,0,0,0,0,0,0,0,0,0,0,0,0,0,0,0,0,0.397745,0.396144,-0.764389,0.000616356,-0.000400936,-0.000126342,0.000965337,-6.4259e-05,-0.00254267,0,0,0,0,0,0,0,0,0,0,0,0,0,0,0,0,0,0,0,0,0,0,0,0,0,0,0,0,0,0,0,0,0,0,0,0,0,0,0,0,0,0,0,0,0,0,0,0,0,0,0,1,2,0,0,0,0,0,1.2954,1.2515,-3.8687,0,0,0,0,0,0,0,-0,0,1.93432,0,0,0,0,0,0,0,0,0,0,0,0,0,0,0
11.95,0,0,0,0,0,0,1.96962,1.52344,3.10359,0.00033808,0.000301465,-0.0032372,0.000147773,0.000202293,-0.00245255,0,0,0,0,0,0,0,0,0,0,0,0,0,0,0,0,0,0,0,0,0,0,0,0,0,0,0,0,0,0,0,0,0,0,0,0,0,0,0,0,0.397745,0.396144,-0.764389,0.000616356,-0.000400936,-0.000126342,0.000965337,-6.4259e-05,-0.00254267,0,0,0,0,0,0,0,0,0,0,0,0,0,0,0,0,0,0,0,0,0,0,0,0,0,0,0,0,0,0,0,0,0,0,0,0,0,0,0,0,0,0,0,0,0,0,0,0,0,0,0,1,2,0,0,0,0,0,1.2945,1.2525,-3.868,0,0,0,0,0,0,0,-0,0,1.93432,0,0,0,0,0,0,0,0,0,0,0,0,0,0,0
12,0,0,0,0,0,0,1.96966,1.52348,3.10324,0.000449201,0.000399154,-0.00356422,0.000535952,0.000506537,-0.00282419,0,0,0,0,0,0,0,0,0,0,0,0,0,0,0,0,0,0,0,0,0,0,0,0,0,0,0,0,0,0,0,0,0,0,0,0,0,0,0,0,0.397781,0.396119,-0.764337,0.000362534,-0.000253896,0.000528076,-0.000376799,0.000592562,0.00034968,0,0,0,0,0,0,0,0,0,0,0,0,0,0,0,0,0,0,0,0,0,0,0,0,0,0,0,0,0,0,0,0,0,0,0,0,0,0,0,0,0,0,0,0,0,0,0,0,0,0,0,1,2,0,0,0,0,0,1.2945,1.2525,-3.868,0,0,0,0,0,0,0,-0,0,1.93436,0,0,0,0,0,0,0,0,0,0,0,0,0,0,0
12.05,0,0,0,0,0,0,1.9697,1.52352,3.10288,0.000356515,0.000347968,-0.00357936,3.91709e-06,0.000140726,-0.00180598,0,0,0,0,0,0,0,0,0,0,0,0,0,0,0,0,0,0,0,0,0,0,0,0,0,0,0,0,0,0,0,0,0,0,0,0,0,0,0,0,0.397833,0.39607,-0.764307,0.000522562,-0.000485934,0.0002951,0.000231517,-0.000482435,-0.000329657,0,0,0,0,0,0,0,0,0,0,0,0,0,0,0,0,0,0,0,0,0,0,0,0,0,0,0,0,0,0,0,0,0,0,0,0,0,0,0,0,0,0,0,0,0,0,0,0,0,0,0,1,2,0,0,0,0,0,1.2945,1.2525,-3.868,0,0,0,0,0,0,0,-0,0,1.9344,0,0,0,0,0,0,0,0,0,0,0,0,0,0,0
12.1,0,0,0,0,0,0,1.9697,1.52352,3.10288,0.000356515,0.000347968,-0.00357936,3.91709e-06,0.000140726,-0.00180598,0,0,0,0,0,0,0,0,0,0,0,0,0,0,0,0,0,0,0,0,0,0,0,0,0,0,0,0,0,0,0,0,0,0,0,0,0,0,0,0,0.397833,0.39607,-0.764307,0.000522562,-0.000485934,0.0002951,0.000231517,-0.000482435,-0.000329657,0,0,0,0,0,0,0,0,0,0,0,0,0,0,0,0,0,0,0,0,0,0,0,0,0,0,0,0,0,0,0,0,0,0,0,0,0,0,0,0,0,0,0,0,0,0,0,0,0,0,0,1,2,0,0,0,0,0,1.2945,1.2525,-3.868,0,0,0,0,0,0,0,-0,0,1.9344,0,0,0,0,0,0,0,0,0,0,0,0,0,0,0
12.15,0,0,0,0,0,0,1.9697,1.52352,3.10288,0.000356515,0.000347968,-0.00357936,3.91709e-06,0.000140726,-0.00180598,0,0,0,0,0,0,0,0,0,0,0,0,0,0,0,0,0,0,0,0,0,0,0,0,0,0,0,0,0,0,0,0,0,0,0,0,0,0,0,0,0.397833,0.39607,-0.764307,0.000522562,-0.000485934,0.0002951,0.000231517,-0.000482435,-0.000329657,0,0,0,0,0,0,0,0,0,0,0,0,0,0,0,0,0,0,0,0,0,0,0,0,0,0,0,0,0,0,0,0,0,0,0,0,0,0,0,0,0,0,0,0,0,0,0,0,0,0,0,1,2,0,0,0,0,0,1.2936,1.2536,-3.8672,0,0,0,0,0,0,0,-0,0,1.9344,0,0,0,0,0,0,0,0,0,0,0,0,0,0,0
12.2,0,0,0,0,0,0,1.96974,1.52355,3.10252,0.000439542,0.000323552,-0.0036247,0.000262204,-6.24561e-05,-0.00112891,0,0,0,0,0,0,0,0,0,0,0,0,0,0,0,0,0,0,0,0,0,0,0,0,0,0,0,0,0,0,0,0,0,0,0,0,0,0,0,0,0.397895,0.396026,-0.764236,0.000620243,-0.00044931,0.000713016,0.000611807,-0.000288996,0.00138003,0,0,0,0,0,0,0,0,0,0,0,0,0,0,0,0,0,0,0,0,0,0,0,0,0,0,0,0,0,0,0,0,0,0,0,0,0,0,0,0,0,0,0,0,0,0,0,0,0,0,0,1,2,0,0,0,0,0,1.2936,1.2536,-3.8672,0,0,0,0,0,0,0,-0,0,1.93443,0,0,0,0,0,0,0,0,0,0,0,0,0,0,0
12.25,0,0,0,0,0,0,1.96974,1.52355,3.10252,0.000439542,0.000323552,-0.0036247,0.000262204,-6.24561e-05,-0.00112891,0,0,0,0,0,0,0,0,0,0,0,0,0,0,0,0,0,0,0,0,0,0,0,0,0,0,0,0,0,0,0,0,0,0,0,0,0,0,0,0,0.397895,0.396026,-0.764236,0.000620243,-0.00044931,0.000713016,0.000611807,-0.000288996,0.00138003,0,0,0,0,0,0,0,0,0,0,0,0,0,0,0,0,0,0,0,0,0,0,0,0,0,0,0,0,0,0,0,0,0,0,0,0,0,0,0,0,0,0,0,0,0,0,0,0,0,0,0,1,2,0,0,0,0,0,1.2936,1.2536,-3.8672,0,0,0,0,0,0,0,-0,0,1.93443,0,0,0,0,0,0,0,0,0,0,0,0,0,0,0
12.3,0,0,0,0,0,0,1.96979,1.5236,3.10209,0.000466207,0.000462546,-0.00424531,0.000299212,0.00049059,-0.00306823,0,0,0,0,0,0,0,0,0,0,0,0,0,0,0,0,0,0,0,0,0,0,0,0,0,0,0,0,0,0,0,0,0,0,0,0,0,0,0,0,0.397961,0.395979,-0.764095,0.000651715,-0.000463767,0.00141233,0.000544953,-0.000205367,0.00385486,0,0,0,0,0,0,0,0,0,0,0,0,0,0,0,0,0,0,0,0,0,0,0,0,0,0,0,0,0,0,0,0,0,0,0,0,0,0,0,0,0,0,0,0,0,0,0,0,0,0,0,1,2,0,0,0,0,0,1.2936,1.2536,-3.8672,0,0,0,0,0,0,0,-0,0,1.93447,0,0,0,0,0,0,0,0,0,0,0,0,0,0,0
12.35,0,0,0,0,0,0,1.96984,1.52364,3.10168,0.000529704,0.000455252,-0.0041693,0.000438064,0.000339955,-0.00179808,0,0,0,0,0,0,0,0,0,0,0,0,0,0,0,0,0,0,0,0,0,0,0,0,0,0,0,0,0,0,0,0,0,0,0,0,0,0,0,0,0.398031,0.395939,-0.764043,0.000700573,-0.00040582,0.000514307,0.000512944,0.00011987,-0.000939846,0,0,0,0,0,0,0,0,0,0,0,0,0,0,0,0,0,0,0,0,0,0,0,0,0,0,0,0,0,0,0,0,0,0,0,0,0,0,0,0,0,0,0,0,0,0,0,0,0,0,0,1,2,0,0,0,0,0,1.2693,1.2318,-3.8893,0,0,0,0,0,0,0,-0,0,1.9345,0,0,0,0,0,0,0,0,0,0,0,0,0,0,0
12.4,0,0,0,0,0,0,1.96984,1.52364,3.10168,0.000529704,0.000455252,-0.0041693,0.000438064,0.000339955,-0.00179808,0,0,0,0,0,0,0,0,0,0,0,0,0,0,0,0,0,0,0,0,0,0,0,0,0,0,0,0,0,0,0,0,0,0,0,0,0,0,0,0,0.398031,0.395939,-0.764043,0.000700573,-0.00040582,0.000514307,0.000512944,0.00011987,-0.000939846,0,0,0,0,0,0,0,0,0,0,0,0,0,0,0,0,0,0,0,0,0,0,0,0,0,0,0,0,0,0,0,0,0,0,0,0,0,0,0,0,0,0,0,0,0,0,0,0,0,0,0,1,2,0,0,0,0,0,1.2693,1.2318,-3.8893,0,0,0,0,0,0,0,-0,0,1.9345,0,0,0,0,0,0,0,0,0,0,0,0,0,0,0
12.45,0,0,0,0,0,0,1.96989,1.52369,3.10125,0.000488607,0.00047517,-0.0042944,0.000117111,0.000262878,-0.00140345,0,0,0,0,0,0,0,0,0,0,0,0,0,0,0,0,0,0,0,0,0,0,0,0,0,0,0,0,0,0,0,0,0,0,0,0,0,0,0,0,0.398093,0.395901,-0.763972,0.000621753,-0.000372563,0.000709173,-1.1946e-05,0.000249279,-0.000435089,0,0,0,0,0,0,0,0,0,0,0,0,0,0,0,0,0,0,0,0,0,0,0,0,0,0,0,0,0,0,0,0,0,0,0,0,0,0,0,0,0,0,0,0,0,0,0,0,0,0,0,1,2,0,0,0,0,0,1.2693,1.2318,-3.8893,0,0,0,0,0,0,0,-0,0,1.93454,0,0,0,0,0,0,0,0,0,0,0,0,0,0,0
12.5,0,0,0,0,0,0,1.96989,1.52369,3.10125,0.000488607,0.00047517,-0.0042944,0.000117111,0.000262878,-0.00140345,0,0,0,0,0,0,0,0,0,0,0,0,0,0,0,0,0,0,0,0,0,0,0,0,0,0,0,0,0,0,0,0,0,0,0,0,0,0,0,0,0.398093,0.395901,-0.763972,0.000621753,-0.000372563,0.000709173,-1.1946e-05,0.000249279,-0.000435089,0,0,0,0,0,0,0,0,0,0,0,0,0,0,0,0,0,0,0,0,0,0,0,0,0,0,0,0,0,0,0,0,0,0,0,0,0,0,0,0,0,0,0,0,0,0,0,0,0,0,0,1,2,0,0,0,0,0,1.2693,1.2318,-3.8893,0,0,0,0,0,0,0,-0,0,1.93454,0,0,0,0,0,0,0,0,0,0,0,0,0,0,0
12.55,0,0,0,0,0,0,1.96994,1.52373,3.10078,0.000503125,0.00039444,-0.00471059,8.56301e-05,-0.000174405,-0.00245879,0,0,0,0,0,0,0,0,0,0,0,0,0,0,0,0,0,0,0,0,0,0,0,0,0,0,0,0,0,0,0,0,0,0,0,0,0,0,0,0,0.398172,0.395851,-0.763815,0.000793765,-0.000504346,0.00157775,0.000609992,-0.000359873,0.00327849,0,0,0,0,0,0,0,0,0,0,0,0,0,0,0,0,0,0,0,0,0,0,0,0,0,0,0,0,0,0,0,0,0,0,0,0,0,0,0,0,0,0,0,0,0,0,0,0,0,0,0,1,2,0,0,0,0,0,1.3562,1.3212,-3.8002,0,0,0,0,0,0,0,-0,0,1.93457,0,0,0,0,0,0,0,0,0,0,0,0,0,0,0
12.6,0,0,0,0,0,0,1.96994,1.52373,3.10078,0.000503125,0.00039444,-0.00471059,8.56301e-05,-0.000174405,-0.00245879,0,0,0,0,0,0,0,0,0,0,0,0,0,0,0,0,0,0,0,0,0,0,0,0,0,0,0,0,0,0,0,0,0,0,0,0,0,0,0,0,0.398172,0.395851,-0.763815,0.000793765,-0.000504346,0.00157775,0.000609992,-0.000359873,0.00327849,0,0,0,0,0,0,0,0,0,0,0,0,0,0,0,0,0,0,0,0,0,0,0,0,0,0,0,0,0,0,0,0,0,0,0,0,0,0,0,0,0,0,0,0,0,0,0,0,0,0,0,1,2,0,0,0,0,0,1.3562,1.3212,-3.8002,0,0,0,0,0,0,0,-0,0,1.93457,0,0,0,0,0,0,0,0,0,0,0,0,0,0,0
12.65,0,0,0,0,0,0,1.96999,1.52378,3.10029,0.000522409,0.000528512,-0.00491094,0.00012436,0.000371858,-0.00242148,0,0,0,0,0,0,0,0,0,0,0,0,0,0,0,0,0,0,0,0,0,0,0,0,0,0,0,0,0,0,0,0,0,0,0,0,0,0,0,0,0.398241,0.395801,-0.763753,0.000690851,-0.000495557,0.000616848,3.95863e-05,-0.000263674,-0.00136714,0,0,0,0,0,0,0,0,0,0,0,0,0,0,0,0,0,0,0,0,0,0,0,0,0,0,0,0,0,0,0,0,0,0,0,0,0,0,0,0,0,0,0,0,0,0,0,0,0,0,0,1,2,0,0,0,0,0,1.3562,1.3212,-3.8002,0,0,0,0,0,0,0,-0,0,1.93462,0,0,0,0,0,0,0,0,0,0,0,0,0,0,0
12.7,0,0,0,0,0,0,1.96999,1.52378,3.10029,0.000522409,0.000528512,-0.00491094,0.00012436,0.000371858,-0.00242148,0,0,0,0,0,0,0,0,0,0,0,0,0,0,0,0,0,0,0,0,0,0,0,0,0,0,0,0,0,0,0,0,0,0,0,0,0,0,0,0,0.398241,0.395801,-0.763753,0.000690851,-0.000495557,0.000616848,3.95863e-05,-0.000263674,-0.00136714,0,0,0,0,0,0,0,0,0,0,0,0,0,0,0,0,0,0,0,0,0,0,0,0,0,0,0,0,0,0,0,0,0,0,0,0,0,0,0,0,0,0,0,0,0,0,0,0,0,0,0,1,2,0,0,0,0,0,1.3562,1.3212,-3.8002,0,0,0,0,0,0,0,-0,0,1.93462,0,0,0,0,0,0,0,0,0,0,0,0,0,0,0
12.75,0,0,0,0,0,0,1.97005,1.52383,3.09978,0.000539023,0.00047073,-0.00509002,0.000146561,6.65297e-05,-0.00216675,0,0,0,0,0,0,0,0,0,0,0,0,0,0,0,0,0,0,0,0,0,0,0,0,0,0,0,0,0,0,0,0,0,0,0,0,0,0,0,0,0.398355,0.39572,-0.763483,0.00113414,-0.000809752,0.00269625,0.00171847,-0.00140117,0.00686086,0,0,0,0,0,0,0,0,0,0,0,0,0,0,0,0,0,0,0,0,0,0,0,0,0,0,0,0,0,0,0,0,0,0,0,0,0,0,0,0,0,0,0,0,0,0,0,0,0,0,0,1,2,0,0,0,0,0,1.3712,1.3391,-3.7825,0,0,0,0,0,0,0,-0,0,1.93464,0,0,0,0,0,0,0,0,0,0,0,0,0,0,0
12.8,0,0,0,0,0,0,1.97005,1.52383,3.09978,0.000539023,0.00047073,-0.00509002,0.000146561,6.65297e-05,-0.00216675,0,0,0,0,0,0,0,0,0,0,0,0,0,0,0,0,0,0,0,0,0,0,0,0,0,0,0,0,0,0,0,0,0,0,0,0,0,0,0,0,0.398355,0.39572,-0.763483,0.00113414,-0.000809752,0.00269625,0.00171847,-0.00140117,0.00686086,0,0,0,0,0,0,0,0,0,0,0,0,0,0,0,0,0,0,0,0,0,0,0,0,0,0,0,0,0,0,0,0,0,0,0,0,0,0,0,0,0,0,0,0,0,0,0,0,0,0,0,1,2,0,0,0,0,0,1.3712,1.3391,-3.7825,0,0,0,0,0,0,0,-0,0,1.93464,0,0,0,0,0,0,0,0,0,0,0,0,0,0,0
12.85,0,0,0,0,0,0,1.97011,1.52388,3.09924,0.000663396,0.000480138,-0.00531402,0.000585937,3.45053e-05,-0.00214291,0,0,0,0,0,0,0,0,0,0,0,0,0,0,0,0,0,0,0,0,0,0,0,0,0,0,0,0,0,0,0,0,0,0,0,0,0,0,0,0,0.398389,0.395689,-0.763569,0.000344526,-0.000310318,-0.000861411,-0.00189985,0.0010031,-0.00899077,0,0,0,0,0,0,0,0,0,0,0,0,0,0,0,0,0,0,0,0,0,0,0,0,0,0,0,0,0,0,0,0,0,0,0,0,0,0,0,0,0,0,0,0,0,0,0,0,0,0,0,1,2,0,0,0,0,0,1.3712,1.3391,-3.7825,0,0,0,0,0,0,0,-0,0,1.93471,0,0,0,0,0,0,0,0,0,0,0,0,0,0,0
12.9,0,0,0,0,0,0,1.97011,1.52388,3.09924,0.000663396,0.000480138,-0.00531402,0.000585937,3.45053e-05,-0.00214291,0,0,0,0,0,0,0,0,0,0,0,0,0,0,0,0,0,0,0,0,0,0,0,0,0,0,0,0,0,0,0,0,0,0,0,0,0,0,0,0,0.398389,0.395689,-0.763569,0.000344526,-0.000310318,-0.000861411,-0.00189985,0.0010031,-0.00899077,0,0,0,0,0,0,0,0,0,0,0,0,0,0,0,0,0,0,0,0,0,0,0,0,0,0,0,0,0,0,0,0,0,0,0,0,0,0,0,0,0,0,0,0,0,0,0,0,0,0,0,1,2,0,0,0,0,0,1.3712,1.3391,-3.7825,0,0,0,0,0,0,0,-0,0,1.93471,0,0,0,0,0,0,0,0,0,0,0,0,0,0,0
12.95,0,0,0,0,0,0,1.97017,1.52394,3.09871,0.000622514,0.000618852,-0.0053545,0.000250264,0.00057243,-0.00146464,0,0,0,0,0,0,0,0,0,0,0,0,0,0,0,0,0,0,0,0,0,0,0,0,0,0,0,0,0,0,0,0,0,0,0,0,0,0,0,0,0.398482,0.395671,-0.763306,0.000928885,-0.000185533,0.00262658,0.000706525,0.00142471,0.00639354,0,0,0,0,0,0,0,0,0,0,0,0,0,0,0,0,0,0,0,0,0,0,0,0,0,0,0,0,0,0,0,0,0,0,0,0,0,0,0,0,0,0,0,0,0,0,0,0,0,0,0,1,2,0,0,0,0,0,1.2736,1.2445,-3.8775,0,0,0,0,0,0,0,-0,0,1.93474,0,0,0,0,0,0,0,0,0,0,0,0,0,0,0
13,0,0,0,0,0,0,1.97017,1.52394,3.09871,0.000622514,0.000618852,-0.0053545,0.000250264,0.00057243,-0.00146464,0,0,0,0,0,0,0,0,0,0,0,0,0,0,0,0,0,0,0,0,0,0,0,0,0,0,0,0,0,0,0,0,0,0,0,0,0,0,0,0,0.398482,0.395671,-0.763306,0.000928885,-0.000185533,0.00262658,0.000706525,0.00142471,0.00639354,0,0,0,0,0,0,0,0,0,0,0,0,0,0,0,0,0,0,0,0,0,0,0,0,0,0,0,0,0,0,0,0,0,0,0,0,0,0,0,0,0,0,0,0,0,0,0,0,0,0,0,1,2,0,0,0,0,0,1.2736,1.2445,-3.8775,0,0,0,0,0,0,0,-0,0,1.93474,0,0,0,0,0,0,0,0,0,0,0,0,0,0,0
13.05,0,0,0,0,0,0,1.97024,1.524,3.09813,0.0006217,0.000618036,-0.00576594,0.00010027,0.00041216,-0.00242041,0,0,0,0,0,0,0,0,0,0,0,0,0,0,0,0,0,0,0,0,0,0,0,0,0,0,0,0,0,0,0,0,0,0,0,0,0,0,0,0,0.39858,0.395596,-0.763393,0.000982021,-0.000743844,-0.000871334,0.000987891,-0.0013174,-0.00805604,0,0,0,0,0,0,0,0,0,0,0,0,0,0,0,0,0,0,0,0,0,0,0,0,0,0,0,0,0,0,0,0,0,0,0,0,0,0,0,0,0,0,0,0,0,0,0,0,0,0,0,1,2,0,0,0,0,0,1.2736,1.2445,-3.8775,0,0,0,0,0,0,0,-0,0,1.93479,0,0,0,0,0,0,0,0,0,0,0,0,0,0,0
13.1,0,0,0,0,0,0,1.97024,1.524,3.09813,0.0006217,0.000618036,-0.00576594,0.00010027,0.00041216,-0.00242041,0,0,0,0,0,0,0,0,0,0,0,0,0,0,0,0,0,0,0,0,0,0,0,0,0,0,0,0,0,0,0,0,0,0,0,0,0,0,0,0,0.39858,0.395596,-0.763393,0.000982021,-0.000743844,-0.000871334,0.000987891,-0.0013174,-0.00805604,0,0,0,0,0,0,0,0,0,0,0,0,0,0,0,0,0,0,0,0,0,0,0,0,0,0,0,0,0,0,0,0,0,0,0,0,0,0,0,0,0,0,0,0,0,0,0,0,0,0,0,1,2,0,0,0,0,0,1.2736,1.2445,-3.8775,0,0,0,0,0,0,0,-0,0,1.93479,0,0,0,0,0,0,0,0,0,0,0,0,0,0,0
13.15,0,0,0,0,0,0,1.9703,1.52404,3.09754,0.000660043,0.000424575,-0.00595485,0.000194621,-0.00054584,-0.00235136,0,0,0,0,0,0,0,0,0,0,0,0,0,0,0,0,0,0,0,0,0,0,0,0,0,0,0,0,0,0,0,0,0,0,0,0,0,0,0,0,0.398666,0.395548,-0.763318,0.00085769,-0.000486797,0.000754783,0.000136732,-0.000136657,-0.000296204,0,0,0,0,0,0,0,0,0,0,0,0,0,0,0,0,0,0,0,0,0,0,0,0,0,0,0,0,0,0,0,0,0,0,0,0,0,0,0,0,0,0,0,0,0,0,0,0,0,0,0,1,2,0,0,0,0,0,1.3263,1.3005,-3.8222,0,0,0,0,0,0,0,-0,0,1.93482,0,0,0,0,0,0,0,0,0,0,0,0,0,0,0
13.2,0,0,0,0,0,0,1.9703,1.52404,3.09754,0.000660043,0.000424575,-0.00595485,0.000194621,-0.00054584,-0.00235136,0,0,0,0,0,0,0,0,0,0,0,0,0,0,0,0,0,0,0,0,0,0,0,0,0,0,0,0,0,0,0,0,0,0,0,0,0,0,0,0,0.398666,0.395548,-0.763318,0.00085769,-0.000486797,0.000754783,0.000136732,-0.000136657,-0.000296204,0,0,0,0,0,0,0,0,0,0,0,0,0,0,0,0,0,0,0,0,0,0,0,0,0,0,0,0,0,0,0,0,0,0,0,0,0,0,0,0,0,0,0,0,0,0,0,0,0,0,0,1,2,0,0,0,0,0,1.3263,1.3005,-3.8222,0,0,0,0,0,0,0,-0,0,1.93482,0,0,0,0,0,0,0,0,0,0,0,0,0,0,0
13.25,0,0,0,0,0,0,1.97038,1.52411,3.09694,0.00078768,0.000637472,-0.00597725,0.000637761,0.000391893,-0.00147532,0,0,0,0,0,0,0,0,0,0,0,0,0,0,0,0,0,0,0,0,0,0,0,0,0,0,0,0,0,0,0,0,0,0,0,0,0,0,0,0,0.398753,0.395487,-0.763188,0.000870722,-0.000611215,0.00130409,1.64777e-05,-0.000417882,0.00306576,0,0,0,0,0,0,0,0,0,0,0,0,0,0,0,0,0,0,0,0,0,0,0,0,0,0,0,0,0,0,0,0,0,0,0,0,0,0,0,0,0,0,0,0,0,0,0,0,0,0,0,1,2,0,0,0,0,0,1.3263,1.3005,-3.8222,0,0,0,0,0,0,0,-0,0,1.93489,0,0,0,0,0,0,0,0,0,0,0,0,0,0,0
13.3,0,0,0,0,0,0,1.97038,1.52411,3.09694,0.00078768,0.000637472,-0.00597725,0.000637761,0.000391893,-0.00147532,0,0,0,0,0,0,0,0,0,0,0,0,0,0,0,0,0,0,0,0,0,0,0,0,0,0,0,0,0,0,0,0,0,0,0,0,0,0,0,0,0.398753,0.395487,-0.763188,0.000870722,-0.000611215,0.00130409,1.64777e-05,-0.000417882,0.00306576,0,0,0,0,0,0,0,0,0,0,0,0,0,0,0,0,0,0,0,0,0,0,0,0,0,0,0,0,0,0,0,0,0,0,0,0,0,0,0,0,0,0,0,0,0,0,0,0,0,0,0,1,2,0,0,0,0,0,1.3263,1.3005,-3.8222,0,0,0,0,0,0,0,-0,0,1.93489,0,0,0,0,0,0,0,0,0,0,0,0,0,0,0
13.35,0,0,0,0,0,0,1.97045,1.52417,3.0963,0.000698445,0.000616635,-0.00641533,8.74959e-05,0.000279824,-0.00252652,0,0,0,0,0,0,0,0,0,0,0,0,0,0,0,0,0,0,0,0,0,0,0,0,0,0,0,0,0,0,0,0,0,0,0,0,0,0,0,0,0.398843,0.395431,-0.763103,0.000899921,-0.000556803,0.000843652,0.000111566,-7.24431e-05,0.00045776,0,0,0,0,0,0,0,0,0,0,0,0,0,0,0,0,0,0,0,0,0,0,0,0,0,0,0,0,0,0,0,0,0,0,0,0,0,0,0,0,0,0,0,0,0,0,0,0,0,0,0,1,2,0,0,0,0,0,1.2916,1.2693,-3.8539,0,0,0,0,0,0,0,-0,0,1.93494,0,0,0,0,0,0,0,0,0,0,0,0,0,0,0
13.4,0,0,0,0,0,0,1.97045,1.52417,3.0963,0.000698445,0.000616635,-0.00641533,8.74959e-05,0.000279824,-0.00252652,0,0,0,0,0,0,0,0,0,0,0,0,0,0,0,0,0,0,0,0,0,0,0,0,0,0,0,0,0,0,0,0,0,0,0,0,0,0,0,0,0.398843,0.395431,-0.763103,0.000899921,-0.000556803,0.000843652,0.000111566,-7.24431e-05,0.00045776,0,0,0,0,0,0,0,0,0,0,0,0,0,0,0,0,0,0,0,0,0,0,0,0,0,0,0,0,0,0,0,0,0,0,0,0,0,0,0,0,0,0,0,0,0,0,0,0,0,0,0,1,2,0,0,0,0,0,1.2916,1.2693,-3.8539,0,0,0,0,0,0,0,-0,0,1.93494,0,0,0,0,0,0,0,0,0,0,0,0,0,0,0
13.45,0,0,0,0,0,0,1.97052,1.52424,3.09565,0.000706654,0.00069689,-0.00643371,1.11537e-05,0.00047384,-0.00173601,0,0,0,0,0,0,0,0,0,0,0,0,0,0,0,0,0,0,0,0,0,0,0,0,0,0,0,0,0,0,0,0,0,0,0,0,0,0,0,0,0.398951,0.395358,-0.762922,0.00107768,-0.000729843,0.00181402,0.000790602,-0.000688435,0.00379958,0,0,0,0,0,0,0,0,0,0,0,0,0,0,0,0,0,0,0,0,0,0,0,0,0,0,0,0,0,0,0,0,0,0,0,0,0,0,0,0,0,0,0,0,0,0,0,0,0,0,0,1,2,0,0,0,0,0,1.2916,1.2693,-3.8539,0,0,0,0,0,0,0,-0,0,1.935,0,0,0,0,0,0,0,0,0,0,0,0,0,0,0
13.5,0,0,0,0,0,0,1.97052,1.52424,3.09565,0.000706654,0.00069689,-0.00643371,1.11537e-05,0.00047384,-0.00173601,0,0,0,0,0,0,0,0,0,0,0,0,0,0,0,0,0,0,0,0,0,0,0,0,0,0,0,0,0,0,0,0,0,0,0,0,0,0,0,0,0.398951,0.395358,-0.762922,0.00107768,-0.000729843,0.00181402,0.000790602,-0.000688435,0.00379958,0,0,0,0,0,0,0,0,0,0,0,0,0,0,0,0,0,0,0,0,0,0,0,0,0,0,0,0,0,0,0,0,0,0,0,0,0,0,0,0,0,0,0,0,0,0,0,0,0,0,0,1,2,0,0,0,0,0,1.2916,1.2693,-3.8539,0,0,0,0,0,0,0,-0,0,1.935,0,0,0,0,0,0,0,0,0,0,0,0,0,0,0
13.55,0,0,0,0,0,0,1.9706,1.5243,3.09496,0.000743569,0.000614146,-0.0069681,0.000143014,-2.06478e-05,-0.00306293,0,0,0,0,0,0,0,0,0,0,0,0,0,0,0,0,0,0,0,0,0,0,0,0,0,0,0,0,0,0,0,0,0,0,0,0,0,0,0,0,0.399071,0.395295,-0.762874,0.00120021,-0.000630019,0.000474555,0.00105498,-9.70584e-05,-0.00262015,0,0,0,0,0,0,0,0,0,0,0,0,0,0,0,0,0,0,0,0,0,0,0,0,0,0,0,0,0,0,0,0,0,0,0,0,0,0,0,0,0,0,0,0,0,0,0,0,0,0,0,1,2,0,0,0,0,0,1.2836,1.2651,-3.8586,0,0,0,0,0,0,0,-0,0,1.93503,0,0,0,0,0,0,0,0,0,0,0,0,0,0,0
13.6,0,0,0,0,0,0,1.9706,1.5243,3.09496,0.000743569,0.000614146,-0.0069681,0.000143014,-2.06478e-05,-0.00306293,0,0,0,0,0,0,0,0,0,0,0,0,0,0,0,0,0,0,0,0,0,0,0,0,0,0,0,0,0,0,0,0,0,0,0,0,0,0,0,0,0.399071,0.395295,-0.762874,0.00120021,-0.000630019,0.000474555,0.00105498,-9.70584e-05,-0.00262015,0,0,0,0,0,0,0,0,0,0,0,0,0,0,0,0,0,0,0,0,0,0,0,0,0,0,0,0,0,0,0,0,0,0,0,0,0,0,0,0,0,0,0,0,0,0,0,0,0,0,0,1,2,0,0,0,0,0,1.2836,1.2651,-3.8586,0,0,0,0,0,0,0,-0,0,1.93503,0,0,0,0,0,0,0,0,0,0,0,0,0,0,0
13.65,0,0,0,0,0,0,1.97068,1.52437,3.09427,0.000822782,0.000700707,-0.00687861,0.00042082,0.00026706,-0.00166662,0,0,0,0,0,0,0,0,0,0,0,0,0,0,0,0,0,0,0,0,0,0,0,0,0,0,0,0,0,0,0,0,0,0,0,0,0,0,0,0,0.399184,0.395241,-0.7627,0.00113407,-0.000544453,0.00173932,0.000405902,0.000363141,0.0026122,0,0,0,0,0,0,0,0,0,0,0,0,0,0,0,0,0,0,0,0,0,0,0,0,0,0,0,0,0,0,0,0,0,0,0,0,0,0,0,0,0,0,0,0,0,0,0,0,0,0,0,1,2,0,0,0,0,0,1.2836,1.2651,-3.8586,0,0,0,0,0,0,0,-0,0,1.93508,0,0,0,0,0,0,0,0,0,0,0,0,0,0,0
13.7,0,0,0,0,0,0,1.97068,1.52437,3.09427,0.000822782,0.000700707,-0.00687861,0.00042082,0.00026706,-0.00166662,0,0,0,0,0,0,0,0,0,0,0,0,0,0,0,0,0,0,0,0,0,0,0,0,0,0,0,0,0,0,0,0,0,0,0,0,0,0,0,0,0.399184,0.395241,-0.7627,0.00113407,-0.000544453,0.00173932,0.000405902,0.000363141,0.0026122,0,0,0,0,0,0,0,0,0,0,0,0,0,0,0,0,0,0,0,0,0,0,0,0,0,0,0,0,0,0,0,0,0,0,0,0,0,0,0,0,0,0,0,0,0,0,0,0,0,0,0,1,2,0,0,0,0,0,1.2836,1.2651,-3.8586,0,0,0,0,0,0,0,-0,0,1.93508,0,0,0,0,0,0,0,0,0,0,0,0,0,0,0
13.75,0,0,0,0,0,0,1.97076,1.52444,3.09354,0.000841021,0.000714074,-0.00730477,0.000363055,0.00025262,-0.00251358,0,0,0,0,0,0,0,0,0,0,0,0,0,0,0,0,0,0,0,0,0,0,0,0,0,0,0,0,0,0,0,0,0,0,0,0,0,0,0,0,0.399284,0.395179,-0.762556,0.000994819,-0.00061337,0.00144593,-0.00040072,5.03575e-06,0.00110428,0,0,0,0,0,0,0,0,0,0,0,0,0,0,0,0,0,0,0,0,0,0,0,0,0,0,0,0,0,0,0,0,0,0,0,0,0,0,0,0,0,0,0,0,0,0,0,0,0,0,0,1,2,0,0,0,0,0,1.2818,1.2674,-3.8568,0,0,0,0,0,0,0,-0,0,1.93514,0,0,0,0,0,0,0,0,0,0,0,0,0,0,0
13.8,0,0,0,0,0,0,1.97076,1.52444,3.09354,0.000841021,0.000714074,-0.00730477,0.000363055,0.00025262,-0.00251358,0,0,0,0,0,0,0,0,0,0,0,0,0,0,0,0,0,0,0,0,0,0,0,0,0,0,0,0,0,0,0,0,0,0,0,0,0,0,0,0,0.399284,0.395179,-0.762556,0.000994819,-0.00061337,0.00144593,-0.00040072,5.03575e-06,0.00110428,0,0,0,0,0,0,0,0,0,0,0,0,0,0,0,0,0,0,0,0,0,0,0,0,0,0,0,0,0,0,0,0,0,0,0,0,0,0,0,0,0,0,0,0,0,0,0,0,0,0,0,1,2,0,0,0,0,0,1.2818,1.2674,-3.8568,0,0,0,0,0,0,0,-0,0,1.93514,0,0,0,0,0,0,0,0,0,0,0,0,0,0,0
13.85,0,0,0,0,0,0,1.97085,1.52451,3.09281,0.000831468,0.00068007,-0.00730186,0.000171627,1.35379e-05,-0.00160898,0,0,0,0,0,0,0,0,0,0,0,0,0,0,0,0,0,0,0,0,0,0,0,0,0,0,0,0,0,0,0,0,0,0,0,0,0,0,0,0,0.399408,0.395103,-0.762395,0.00123927,-0.000760043,0.00161204,0.000626465,-0.000631205,0.00112202,0,0,0,0,0,0,0,0,0,0,0,0,0,0,0,0,0,0,0,0,0,0,0,0,0,0,0,0,0,0,0,0,0,0,0,0,0,0,0,0,0,0,0,0,0,0,0,0,0,0,0,1,2,0,0,0,0,0,1.2818,1.2674,-3.8568,0,0,0,0,0,0,0,-0,0,1.93519,0,0,0,0,0,0,0,0,0,0,0,0,0,0,0
13.9,0,0,0,0,0,0,1.97085,1.52451,3.09281,0.000831468,0.00068007,-0.00730186,0.000171627,1.35379e-05,-0.00160898,0,0,0,0,0,0,0,0,0,0,0,0,0,0,0,0,0,0,0,0,0,0,0,0,0,0,0,0,0,0,0,0,0,0,0,0,0,0,0,0,0.399408,0.395103,-0.762395,0.00123927,-0.000760043,0.00161204,0.000626465,-0.000631205,0.00112202,0,0,0,0,0,0,0,0,0,0,0,0,0,0,0,0,0,0,0,0,0,0,0,0,0,0,0,0,0,0,0,0,0,0,0,0,0,0,0,0,0,0,0,0,0,0,0,0,0,0,0,1,2,0,0,0,0,0,1.2818,1.2674,-3.8568,0,0,0,0,0,0,0,-0,0,1.93519,0,0,0,0,0,0,0,0,0,0,0,0,0,0,0
13.95,0,0,0,0,0,0,1.97093,1.52459,3.09204,0.000873801,0.000814001,-0.00770611,0.000247099,0.00051161,-0.00246599,0,0,0,0,0,0,0,0,0,0,0,0,0,0,0,0,0,0,0,0,0,0,0,0,0,0,0,0,0,0,0,0,0,0,0,0,0,0,0,0,0.399521,0.395043,-0.76222,0.00113618,-0.000602873,0.00174657,0.000104424,0.000162229,0.00121518,0,0,0,0,0,0,0,0,0,0,0,0,0,0,0,0,0,0,0,0,0,0,0,0,0,0,0,0,0,0,0,0,0,0,0,0,0,0,0,0,0,0,0,0,0,0,0,0,0,0,0,1,2,0,0,0,0,0,1.2798,1.2697,-3.855,0,0,0,0,0,0,0,-0,0,1.93526,0,0,0,0,0,0,0,0,0,0,0,0,0,0,0
14,0,0,0,0,0,0,1.97093,1.52459,3.09204,0.000873801,0.000814001,-0.00770611,0.000247099,0.00051161,-0.00246599,0,0,0,0,0,0,0,0,0,0,0,0,0,0,0,0,0,0,0,0,0,0,0,0,0,0,0,0,0,0,0,0,0,0,0,0,0,0,0,0,0.399521,0.395043,-0.76222,0.00113618,-0.000602873,0.00174657,0.000104424,0.000162229,0.00121518,0,0,0,0,0,0,0,0,0,0,0,0,0,0,0,0,0,0,0,0,0,0,0,0,0,0,0,0,0,0,0,0,0,0,0,0,0,0,0,0,0,0,0,0,0,0,0,0,0,0,0,1,2,0,0,0,0,0,1.2798,1.2697,-3.855,0,0,0,0,0,0,0,-0,0,1.93526,0,0,0,0,0,0,0,0,0,0,0,0,0,0,0
14.05,0,0,0,0,0,0,1.97102,1.52466,3.09126,0.000900927,0.00071537,-0.00777763,0.000266069,-2.03375e-05,-0.00187448,0,0,0,0,0,0,0,0,0,0,0,0,0,0,0,0,0,0,0,0,0,0,0,0,0,0,0,0,0,0,0,0,0,0,0,0,0,0,0,0,0.399645,0.394989,-0.762146,0.00124152,-0.000535308,0.000736754,0.000411755,0.000475412,-0.00329452,0,0,0,0,0,0,0,0,0,0,0,0,0,0,0,0,0,0,0,0,0,0,0,0,0,0,0,0,0,0,0,0,0,0,0,0,0,0,0,0,0,0,0,0,0,0,0,0,0,0,0,1,2,0,0,0,0,0,1.2798,1.2697,-3.855,0,0,0,0,0,0,0,-0,0,1.9353,0,0,0,0,0,0,0,0,0,0,0,0,0,0,0
14.1,0,0,0,0,0,0,1.97102,1.52466,3.09126,0.000900927,0.00071537,-0.00777763,0.000266069,-2.03375e-05,-0.00187448,0,0,0,0,0,0,0,0,0,0,0,0,0,0,0,0,0,0,0,0,0,0,0,0,0,0,0,0,0,0,0,0,0,0,0,0,0,0,0,0,0.399645,0.394989,-0.762146,0.00124152,-0.000535308,0.000736754,0.000411755,0.000475412,-0.00329452,0,0,0,0,0,0,0,0,0,0,0,0,0,0,0,0,0,0,0,0,0,0,0,0,0,0,0,0,0,0,0,0,0,0,0,0,0,0,0,0,0,0,0,0,0,0,0,0,0,0,0,1,2,0,0,0,0,0,1.2798,1.2697,-3.855,0,0,0,0,0,0,0,-0,0,1.9353,0,0,0,0,0,0,0,0,0,0,0,0,0,0,0
14.15,0,0,0,0,0,0,1.97111,1.52474,3.09047,0.000891492,0.000786467,-0.0078974,0.000124556,0.000199818,-0.00152337,0,0,0,0,0,0,0,0,0,0,0,0,0,0,0,0,0,0,0,0,0,0,0,0,0,0,0,0,0,0,0,0,0,0,0,0,0,0,0,0,0.39987,0.394852,-0.76136,0.0022446,-0.00137448,0.00786339,0.00429652,-0.00302502,0.0258859,0,0,0,0,0,0,0,0,0,0,0,0,0,0,0,0,0,0,0,0,0,0,0,0,0,0,0,0,0,0,0,0,0,0,0,0,0,0,0,0,0,0,0,0,0,0,0,0,0,0,0,1,2,0,0,0,0,0,1.2774,1.272,-3.8526,0,0,0,0,0,0,0,-0,0,1.93532,0,0,0,0,0,0,0,0,0,0,0,0,0,0,0
14.2,0,0,0,0,0,0,1.97111,1.52474,3.09047,0.000891492,0.000786467,-0.0078974,0.000124556,0.000199818,-0.00152337,0,0,0,0,0,0,0,0,0,0,0,0,0,0,0,0,0,0,0,0,0,0,0,0,0,0,0,0,0,0,0,0,0,0,0,0,0,0,0,0,0.39987,0.394852,-0.76136,0.0022446,-0.00137448,0.00786339,0.00429652,-0.00302502,0.0258859,0,0,0,0,0,0,0,0,0,0,0,0,0,0,0,0,0,0,0,0,0,0,0,0,0,0,0,0,0,0,0,0,0,0,0,0,0,0,0,0,0,0,0,0,0,0,0,0,0,0,0,1,2,0,0,0,0,0,1.2774,1.272,-3.8526,0,0,0,0,0,0,0,-0,0,1.93532,0,0,0,0,0,0,0,0,0,0,0,0,0,0,0
14.25,0,0,0,0,0,0,1.97121,1.52483,3.08965,0.000932271,0.000873699,-0.00819617,0.000219998,0.000499602,-0.00207357,0,0,0,0,0,0,0,0,0,0,0,0,0,0,0,0,0,0,0,0,0,0,0,0,0,0,0,0,0,0,0,0,0,0,0,0,0,0,0,0,0.39989,0.394859,-0.761867,0.000197681,6.89443e-05,-0.00506929,-0.00507045,0.0034757,-0.0321747,0,0,0,0,0,0,0,0,0,0,0,0,0,0,0,0,0,0,0,0,0,0,0,0,0,0,0,0,0,0,0,0,0,0,0,0,0,0,0,0,0,0,0,0,0,0,0,0,0,0,0,1,2,0,0,0,0,0,1.2774,1.272,-3.8526,0,0,0,0,0,0,0,-0,0,1.93542,0,0,0,0,0,0,0,0,0,0,0,0,0,0,0
14.3,0,0,0,0,0,0,1.97121,1.52483,3.08965,0.000932271,0.000873699,-0.00819617,0.000219998,0.000499602,-0.00207357,0,0,0,0,0,0,0,0,0,0,0,0,0,0,0,0,0,0,0,0,0,0,0,0,0,0,0,0,0,0,0,0,0,0,0,0,0,0,0,0,0.39989,0.394859,-0.761867,0.000197681,6.89443e-05,-0.00506929,-0.00507045,0.0034757,-0.0321747,0,0,0,0,0,0,0,0,0,0,0,0,0,0,0,0,0,0,0,0,0,0,0,0,0,0,0,0,0,0,0,0,0,0,0,0,0,0,0,0,0,0,0,0,0,0,0,0,0,0,0,1,2,0,0,0,0,0,1.2774,1.272,-3.8526,0,0,0,0,0,0,0,-0,0,1.93542,0,0,0,0,0,0,0,0,0,0,0,0,0,0,0
14.35,0,0,0,0,0,0,1.97129,1.5249,3.08878,0.000884112,0.000693613,-0.00868638,-4.93246e-05,-0.000380748,-0.00326128,0,0,0,0,0,0,0,0,0,0,0,0,0,0,0,0,0,0,0,0,0,0,0,0,0,0,0,0,0,0,0,0,0,0,0,0,0,0,0,0,0.400019,0.39479,-0.761687,0.0012932,-0.00069117,0.0018037,6.35131e-05,-6.97412e-05,0.000288528,0,0,0,0,0,0,0,0,0,0,0,0,0,0,0,0,0,0,0,0,0,0,0,0,0,0,0,0,0,0,0,0,0,0,0,0,0,0,0,0,0,0,0,0,0,0,0,0,0,0,0,1,2,0,0,0,0,0,1.2754,1.2746,-3.8513,0,0,0,0,0,0,0,-0,0,1.93547,0,0,0,0,0,0,0,0,0,0,0,0,0,0,0
14.4,0,0,0,0,0,0,1.97129,1.5249,3.08878,0.000884112,0.000693613,-0.00868638,-4.93246e-05,-0.000380748,-0.00326128,0,0,0,0,0,0,0,0,0,0,0,0,0,0,0,0,0,0,0,0,0,0,0,0,0,0,0,0,0,0,0,0,0,0,0,0,0,0,0,0,0.400019,0.39479,-0.761687,0.0012932,-0.00069117,0.0018037,6.35131e-05,-6.97412e-05,0.000288528,0,0,0,0,0,0,0,0,0,0,0,0,0,0,0,0,0,0,0,0,0,0,0,0,0,0,0,0,0,0,0,0,0,0,0,0,0,0,0,0,0,0,0,0,0,0,0,0,0,0,0,1,2,0,0,0,0,0,1.2754,1.2746,-3.8513,0,0,0,0,0,0,0,-0,0,1.93547,0,0,0,0,0,0,0,0,0,0,0,0,0,0,0
14.45,0,0,0,0,0,0,1.9714,1.52499,3.08793,0.00104202,0.000955384,-0.00851728,0.000566804,0.000699851,-0.00146101,0,0,0,0,0,0,0,0,0,0,0,0,0,0,0,0,0,0,0,0,0,0,0,0,0,0,0,0,0,0,0,0,0,0,0,0,0,0,0,0,0.400217,0.394689,-0.761257,0.00198032,-0.00101151,0.00430392,0.00348106,-0.001803,0.0145592,0,0,0,0,0,0,0,0,0,0,0,0,0,0,0,0,0,0,0,0,0,0,0,0,0,0,0,0,0,0,0,0,0,0,0,0,0,0,0,0,0,0,0,0,0,0,0,0,0,0,0,1,2,0,0,0,0,0,1.2754,1.2746,-3.8513,0,0,0,0,0,0,0,-0,0,1.93551,0,0,0,0,0,0,0,0,0,0,0,0,0,0,0
14.5,0,0,0,0,0,0,1.9714,1.52499,3.08793,0.00104202,0.000955384,-0.00851728,0.000566804,0.000699851,-0.00146101,0,0,0,0,0,0,0,0,0,0,0,0,0,0,0,0,0,0,0,0,0,0,0,0,0,0,0,0,0,0,0,0,0,0,0,0,0,0,0,0,0.400217,0.394689,-0.761257,0.00198032,-0.00101151,0.00430392,0.00348106,-0.001803,0.0145592,0,0,0,0,0,0,0,0,0,0,0,0,0,0,0,0,0,0,0,0,0,0,0,0,0,0,0,0,0,0,0,0,0,0,0,0,0,0,0,0,0,0,0,0,0,0,0,0,0,0,0,1,2,0,0,0,0,0,1.2754,1.2746,-3.8513,0,0,0,0,0,0,0,-0,0,1.93551,0,0,0,0,0,0,0,0,0,0,0,0,0,0,0
14.55,0,0,0,0,0,0,1.97149,1.52508,3.08703,0.000921122,0.000868591,-0.00901919,-6.20346e-05,0.00021724,-0.00261551,0,0,0,0,0,0,0,0,0,0,0,0,0,0,0,0,0,0,0,0,0,0,0,0,0,0,0,0,0,0,0,0,0,0,0,0,0,0,0,0,0.400274,0.394647,-0.761391,0.000572953,-0.000412306,-0.00134691,-0.00307487,0.00107925,-0.0119123,0,0,0,0,0,0,0,0,0,0,0,0,0,0,0,0,0,0,0,0,0,0,0,0,0,0,0,0,0,0,0,0,0,0,0,0,0,0,0,0,0,0,0,0,0,0,0,0,0,0,0,1,2,0,0,0,0,0,1.3291,1.3333,-3.7933,0,0,0,0,0,0,0,-0,0,1.93561,0,0,0,0,0,0,0,0,0,0,0,0,0,0,0
14.6,0,0,0,0,0,0,1.97149,1.52508,3.08703,0.000921122,0.000868591,-0.00901919,-6.20346e-05,0.00021724,-0.00261551,0,0,0,0,0,0,0,0,0,0,0,0,0,0,0,0,0,0,0,0,0,0,0,0,0,0,0,0,0,0,0,0,0,0,0,0,0,0,0,0,0.400274,0.394647,-0.761391,0.000572953,-0.000412306,-0.00134691,-0.00307487,0.00107925,-0.0119123,0,0,0,0,0,0,0,0,0,0,0,0,0,0,0,0,0,0,0,0,0,0,0,0,0,0,0,0,0,0,0,0,0,0,0,0,0,0,0,0,0,0,0,0,0,0,0,0,0,0,0,1,2,0,0,0,0,0,1.3291,1.3333,-3.7933,0,0,0,0,0,0,0,-0,0,1.93561,0,0,0,0,0,0,0,0,0,0,0,0,0,0,0
14.65,0,0,0,0,0,0,1.97149,1.52508,3.08703,0.000921122,0.000868591,-0.00901919,-6.20346e-05,0.00021724,-0.00261551,0,0,0,0,0,0,0,0,0,0,0,0,0,0,0,0,0,0,0,0,0,0,0,0,0,0,0,0,0,0,0,0,0,0,0,0,0,0,0,0,0.400274,0.394647,-0.761391,0.000572953,-0.000412306,-0.00134691,-0.00307487,0.00107925,-0.0119123,0,0,0,0,0,0,0,0,0,0,0,0,0,0,0,0,0,0,0,0,0,0,0,0,0,0,0,0,0,0,0,0,0,0,0,0,0,0,0,0,0,0,0,0,0,0,0,0,0,0,0,1,2,0,0,0,0,0,1.3291,1.3333,-3.7933,0,0,0,0,0,0,0,-0,0,1.93561,0,0,0,0,0,0,0,0,0,0,0,0,0,0,0
14.7,0,0,0,0,0,0,1.97149,1.52508,3.08703,0.000921122,0.000868591,-0.00901919,-6.20346e-05,0.00021724,-0.00261551,0,0,0,0,0,0,0,0,0,0,0,0,0,0,0,0,0,0,0,0,0,0,0,0,0,0,0,0,0,0,0,0,0,0,0,0,0,0,0,0,0.400274,0.394647,-0.761391,0.000572953,-0.000412306,-0.00134691,-0.00307487,0.00107925,-0.0119123,0,0,0,0,0,0,0,0,0,0,0,0,0,0,0,0,0,0,0,0,0,0,0,0,0,0,0,0,0,0,0,0,0,0,0,0,0,0,0,0,0,0,0,0,0,0,0,0,0,0,0,1,2,0,0,0,0,0,1.3291,1.3333,-3.7933,0,0,0,0,0,0,0,-0,0,1.93561,0,0,0,0,0,0,0,0,0,0,0,0,0,0,0
14.75,0,0,0,0,0,0,1.97162,1.52517,3.08602,0.00127171,0.000909234,-0.0100758,0.00128132,0.000230137,-0.00597568,0,0,0,0,0,0,0,0,0,0,0,0,0,0,0,0,0,0,0,0,0,0,0,0,0,0,0,0,0,0,0,0,0,0,0,0,0,0,0,0,0.400413,0.394603,-0.76113,0.00138521,-0.00043936,0.00260775,0.000514315,0.000928568,0.00506508,0,0,0,0,0,0,0,0,0,0,0,0,0,0,0,0,0,0,0,0,0,0,0,0,0,0,0,0,0,0,0,0,0,0,0,0,0,0,0,0,0,0,0,0,0,0,0,0,0,0,0,1,2,0,0,0,0,0,1.2643,1.2711,-3.8557,0,0,0,0,0,0,0,-0,0,1.93568,0,0,0,0,0,0,0,0,0,0,0,0,0,0,0
14.8,0,0,0,0,0,0,1.97177,1.52529,3.08499,0.00154784,0.00119994,-0.0103449,0.00205277,0.0013001,-0.00510265,0,0,0,0,0,0,0,0,0,0,0,0,0,0,0,0,0,0,0,0,0,0,0,0,0,0,0,0,0,0,0,0,0,0,0,0,0,0,0,0,0.400529,0.394532,-0.761257,0.00115966,-0.000710445,-0.00126957,-0.000108335,-0.000545295,-0.0101553,0,0,0,0,0,0,0,0,0,0,0,0,0,0,0,0,0,0,0,0,0,0,0,0,0,0,0,0,0,0,0,0,0,0,0,0,0,0,0,0,0,0,0,0,0,0,0,0,0,0,0,1,2,0,0,0,0,0,1.2643,1.2711,-3.8557,0,0,0,0,0,0,0,-0,0,1.93583,0,0,0,0,0,0,0,0,0,0,0,0,0,0,0
14.85,0,0,0,0,0,0,1.97177,1.52529,3.08499,0.00154784,0.00119994,-0.0103449,0.00205277,0.0013001,-0.00510265,0,0,0,0,0,0,0,0,0,0,0,0,0,0,0,0,0,0,0,0,0,0,0,0,0,0,0,0,0,0,0,0,0,0,0,0,0,0,0,0,0.400529,0.394532,-0.761257,0.00115966,-0.000710445,-0.00126957,-0.000108335,-0.000545295,-0.0101553,0,0,0,0,0,0,0,0,0,0,0,0,0,0,0,0,0,0,0,0,0,0,0,0,0,0,0,0,0,0,0,0,0,0,0,0,0,0,0,0,0,0,0,0,0,0,0,0,0,0,0,1,2,0,0,0,0,0,1.2643,1.2711,-3.8557,0,0,0,0,0,0,0,-0,0,1.93583,0,0,0,0,0,0,0,0,0,0,0,0,0,0,0
14.9,0,0,0,0,0,0,1.97192,1.5254,3.08414,0.00143374,0.00107836,-0.00848667,0.000880623,0.000439261,0.00448202,0,0,0,0,0,0,0,0,0,0,0,0,0,0,0,0,0,0,0,0,0,0,0,0,0,0,0,0,0,0,0,0,0,0,0,0,0,0,0,0,0.400722,0.394436,-0.760954,0.00193567,-0.000960508,0.00303104,0.00295084,-0.00152574,0.00902597,0,0,0,0,0,0,0,0,0,0,0,0,0,0,0,0,0,0,0,0,0,0,0,0,0,0,0,0,0,0,0,0,0,0,0,0,0,0,0,0,0,0,0,0,0,0,0,0,0,0,0,1,2,0,0,0,0,0,1.2643,1.2711,-3.8557,0,0,0,0,0,0,0,-0,0,1.9359,0,0,0,0,0,0,0,0,0,0,0,0,0,0,0
14.95,0,0,0,0,0,0,1.97192,1.5254,3.08414,0.00143374,0.00107836,-0.00848667,0.000880623,0.000439261,0.00448202,0,0,0,0,0,0,0,0,0,0,0,0,0,0,0,0,0,0,0,0,0,0,0,0,0,0,0,0,0,0,0,0,0,0,0,0,0,0,0,0,0.400722,0.394436,-0.760954,0.00193567,-0.000960508,0.00303104,0.00295084,-0.00152574,0.00902597,0,0,0,0,0,0,0,0,0,0,0,0,0,0,0,0,0,0,0,0,0,0,0,0,0,0,0,0,0,0,0,0,0,0,0,0,0,0,0,0,0,0,0,0,0,0,0,0,0,0,0,1,2,0,0,0,0,0,1.1753,1.1903,-3.9379,0,0,0,0,0,0,0,-0,0,1.9359,0,0,0,0,0,0,0,0,0,0,0,0,0,0,0
15,0,0,0,0,0,0,1.97206,1.52551,3.08332,0.00142037,0.00115802,-0.00820096,0.00031912,0.00046739,0.00511564,0,0,0,0,0,0,0,0,0,0,0,0,0,0,0,0,0,0,0,0,0,0,0,0,0,0,0,0,0,0,0,0,0,0,0,0,0,0,0,0,0.400856,0.394357,-0.760781,0.00133373,-0.000795603,0.0017273,-0.000216278,-0.000391449,0.00281077,0,0,0,0,0,0,0,0,0,0,0,0,0,0,0,0,0,0,0,0,0,0,0,0,0,0,0,0,0,0,0,0,0,0,0,0,0,0,0,0,0,0,0,0,0,0,0,0,0,0,0,1,2,0,0,0,0,0,1.1753,1.1903,-3.9379,0,0,0,0,0,0,0,-0,0,1.93603,0,0,0,0,0,0,0,0,0,0,0,0,0,0,0
15.05,135.017,101.244,25.5406,0,0,0,1.97206,1.52551,3.08332,0.00142037,0.00115802,-0.00820096,0.00031912,0.00046739,0.00511564,2,1.5,3.14159,0,0,0,0,0,0,0,0,0,0,0,2,2,1.5,3.14159,0,0,0,0,0,0,0,0,0,0,1.5708,1.5708,0,1.5708,1.5708,0,27.1588,27.1687,-6.39443,0,0,0,0.400856,0.394357,-0.760781,0.00133373,-0.000795603,0.0017273,-0.000216278,-0.000391449,0.00281077,0.4,0.4,-0.785398,0,0,0,0,0,0,0,0,0,0,0,2,0.4,0.4,-0.785398,58.4596,82.6352,-1.15064e-12,0,0,0,0,0,0,0,0,0,0,0,0,0.855775,1.20968,0,0,0,0,0,0,0,0,0,0,0,0,2,0.855775,1.20968,0,1,2,0,0,0,0,0,1.1753,1.1903,-3.9379,0,0,0,0,0,0,0,-0,0,1.93603,0,0,0,0,0,0,0,0,0,0,0,0,0,0,0
15.1,0.00653121,-0.0140916,0.00834072,0,0,0,1.9722,1.52563,3.08245,0.00138112,0.00111858,-0.00866494,-4.42009e-05,0.000124458,0.00132107,2,1.5,3.14159,0,0,0,0,0,0,0,0,0,0,0,2,2,1.5,3.14159,0,0,0,0,0,0,0,0,0,0,1.5708,1.5708,0,1.5708,1.5708,0,-0.00486306,0.00420195,-0.00219199,0,0,0,0.400987,0.394301,-0.760737,0.00131518,-0.000561731,0.000444219,-0.000635686,0.000854651,-0.00428397,0.4,0.4,-0.785398,0,0,0,0,0,1,1,1,1,0,0,2,0.4,0.4,-0.785398,0.344544,0.487027,3.7308e-15,0,0,0,0,0,0,0,0,0,0,0,0,0.855775,1.20968,0,0,0,0,0,0,0,0,0,0,0,0,2,0.855775,1.20968,0,1,2,0,0,0,0,0,1.1753,1.1903,-3.9379,0,0,0,0,0,0,0,-0,0,1.93613,0,0,0,0,0,0,0,0,0,0,0,0,0,0,0
15.15,0.00653121,-0.0140916,0.00834072,0,0,0,1.9722,1.52563,3.08245,0.00138112,0.00111858,-0.00866494,-4.42009e-05,0.000124458,0.00132107,2,1.5,3.14159,0,0,0,0,0,0,0,0,0,0,0,2,2,1.5,3.14159,0,0,0,0,0,0,0,0,0,0,1.5708,1.5708,0,1.5708,1.5708,0,-0.00486306,0.00420195,-0.00219199,0,0,0,0.400987,0.394301,-0.760737,0.00131518,-0.000561731,0.000444219,-0.000635686,0.000854651,-0.00428397,0.4,0.4,-0.785398,0,0,0,0.00624542,0.0476513,0,0.0290995,0,0.00968302,0.00076594,0.0300533,2,0.4,0.4,-0.785398,0.344544,0.487027,3.7308e-15,0,0,0,0,0,0,0,0,0,0,0,0,0.855775,1.20968,0,0,0,0,0,0,0,0,0,0,0,0,2,0.855775,1.20968,0,1,2,0,0,0,0,0,1.3135,1.3335,-3.7955,0,0,0,0,0,0,0,-0,0,1.93613,0,0,0,0,0,0,0,0,0,0,0,0,0,0,0
15.2,0.00629926,-0.0149888,0.00853364,0,0,0,1.97234,1.52576,3.08156,0.00143275,0.00136807,-0.00895993,0.000133143,0.00102734,-0.000914814,2,1.5,3.14159,0,0,0,0,0,0,0,0,0,0,0,2,2,1.5,3.14159,0,0,0,0,0,0,0,0,0,0,1.5708,1.5708,0,1.5708,1.5708,0,-0.00563443,0.00545192,-0.00311065,0,0,0,0.40114,0.394209,-0.760472,0.00152428,-0.000918962,0.00264877,0.00039957,-0.000746828,0.00527834,0.4,0.4,-0.785398,0,0,0,0.00624542,0.0476513,0,0.0290995,0,0.00968302,0.00076594,0.0300533,2,0.4,0.4,-0.785398,0.344544,0.487027,3.7308e-15,0,0,0,0,0,0,0,0,0,0,0,0,0.855775,1.20968,0,0,0,0,0,0,0,0,0,0,0,0,2,0.855775,1.20968,0,1,2,0,0,0,0,0,1.3135,1.3335,-3.7955,0,0,0,0,0,0,0,-0,0,1.93626,0,0,0,0,0,0,0,0,0,0,0,0,0,0,0
15.25,0.00629926,-0.0149888,0.00853364,0,0,0,1.97234,1.52576,3.08156,0.00143275,0.00136807,-0.00895993,0.000133143,0.00102734,-0.000914814,2,1.5,3.14159,0,0,0,0,0,0,0,0,0,0,0,2,2,1.5,3.14159,0,0,0,0,0,0,0,0,0,0,1.5708,1.5708,0,1.5708,1.5708,0,-0.00563443,0.00545192,-0.00311065,0,0,0,0.40114,0.394209,-0.760472,0.00152428,-0.000918962,0.00264877,0.00039957,-0.000746828,0.00527834,0.4,0.4,-0.785398,0,0,0,0.00752969,0.0643907,0,0.0427563,0,0.0171828,0.000397447,0.0414115,2,0.4,0.4,-0.785398,0.344544,0.487027,3.7308e-15,0,0,0,0,0,0,0,0,0,0,0,0,0.855775,1.20968,0,0,0,0,0,0,0,0,0,0,0,0,2,0.855775,1.20968,0,1,2,0,0,0,0,0,1.3135,1.3335,-3.7955,0,0,0,0,0,0,0,-0,0,1.93626,0,0,0,0,0,0,0,0,0,0,0,0,0,0,0
15.3,0.00649149,-0.0145643,0.00832729,0,0,0,1.97248,1.52589,3.08073,0.00135959,0.00122767,-0.00828608,-0.000191338,0.000175409,0.00185905,2,1.5,3.14159,0,0,0,0,0,0,0,0,0,0,0,2,2,1.5,3.14159,0,0,0,0,0,0,0,0,0,0,1.5708,1.5708,0,1.5708,1.5708,0,-0.00609103,0.00477422,-0.00237251,-0.0129173,0.0128132,-0.00273373,0.401303,0.394138,-0.76039,0.00163933,-0.000710947,0.000818349,0.000836596,0.000167636,-0.00285376,0.4,0.4,-0.785398,0,0,0,0.00752969,0.0643907,0,0.0427563,0,0.0171828,0.000397447,0.0414115,2,0.4,0.4,-0.785398,0.344544,0.487027,3.7308e-15,0,0,0,0,0,0,0,0,0,0,0,0,0.855775,1.20968,0,0,0,0,0,0,0,0,0,0,0,0,2,0.855775,1.20968,0,1,2,0,0,0,0,0,1.3135,1.3335,-3.7955,0,0,0,0,0,0,0,-0,0,1.93635,0,0,0,0,0,0,0,0,0,0,0,0,0,0,0
15.35,0.00658018,-0.0146876,0.00818304,0,0,0,1.97261,1.52601,3.07995,0.00131759,0.00124927,-0.00777508,-0.000322516,8.00947e-05,0.00350846,2,1.5,3.14159,0,0,0,0,0,0,0,0,0,0,0,2,2,1.5,3.14159,0,0,0,0,0,0,0,0,0,0,1.5708,1.5708,0,1.5708,1.5708,0,-0.00594447,0.00445812,-0.00306291,-0.0129183,0.0128122,-0.00273373,0.401461,0.394077,-0.760144,0.00157745,-0.000610607,0.0024656,0.000319068,0.0006232,0.00377153,0.4,0.4,-0.785398,0,0,0,0.0076014,0.0538714,0,0.0304395,0,0.00840001,0.00128078,0.033807,2,0.4,0.4,-0.785398,0.344544,0.487027,3.7308e-15,0,0,0,0,0,0,0,0,0,0,0,0,0.855775,1.20968,0,0,0,0,0,0,0,0,0,0,0,0,2,0.855775,1.20968,0,1,2,0,0,0,0,0,1.2785,1.3038,-3.8257,0,0,0,0,0,0,0,-0,0,1.93643,0,0,0,0,0,0,0,0,0,0,0,0,0,0,0
15.4,0.00658018,-0.0146876,0.00818304,0,0,0,1.97261,1.52601,3.07995,0.00131759,0.00124927,-0.00777508,-0.000322516,8.00947e-05,0.00350846,2,1.5,3.14159,0,0,0,0,0,0,0,0,0,0,0,2,2,1.5,3.14159,0,0,0,0,0,0,0,0,0,0,1.5708,1.5708,0,1.5708,1.5708,0,-0.00594447,0.00445812,-0.00306291,-0.0129215,0.012809,-0.00273373,0.401461,0.394077,-0.760144,0.00157745,-0.000610607,0.0024656,0.000319068,0.0006232,0.00377153,0.4,0.4,-0.785398,0,0,0,0.00694482,0.0619961,0,0.0394234,0,0.0181444,0.00156102,0.0432587,2,0.4,0.4,-0.785398,0.344544,0.487027,3.7308e-15,0,0,0,0,0,0,0,0,0,0,0,0,0.855775,1.20968,0,0,0,0,0,0,0,0,0,0,0,0,2,0.855775,1.20968,0,1,2,0,0,0,0,0,1.2785,1.3038,-3.8257,0,0,0,0,0,0,0,-0,0,1.93643,0,0,0,0,0,0,0,0,0,0,0,0,0,0,0
15.45,0.00663419,-0.0145557,0.00814262,0,0,0,1.97274,1.52613,3.0792,0.00128625,0.00119594,-0.00752468,-0.00033947,-0.000180601,0.00334696,2,1.5,3.14159,0,0,0,0,0,0,0,0,0,0,0,2,2,1.5,3.14159,0,0,0,0,0,0,0,0,0,0,1.5708,1.5708,0,1.5708,1.5708,0,-0.00601795,0.00518351,-0.00253846,-0.0129215,0.012809,-0.00273373,0.401619,0.393995,-0.760028,0.00158035,-0.000814581,0.00115361,0.000129685,-0.00037791,-0.00208619,0.4,0.4,-0.785398,0,0,0,0.00694482,0.0619961,0,0.0394234,0,0.0181444,0.00156102,0.0432587,2,0.4,0.4,-0.785398,0.344544,0.487027,3.7308e-15,0,0,0,0,0,0,0,0,0,0,0,0,0.855775,1.20968,0,0,0,0,0,0,0,0,0,0,0,0,2,0.855775,1.20968,0,1,2,0,0,0,0,0,1.2785,1.3038,-3.8257,0,0,0,0,0,0,0,-0,0,1.93653,0,0,0,0,0,0,0,0,0,0,0,0,0,0,0
15.5,0.00663419,-0.0145557,0.00814262,0,0,0,1.97274,1.52613,3.0792,0.00128625,0.00119594,-0.00752468,-0.00033947,-0.000180601,0.00334696,2,1.5,3.14159,0,0,0,0,0,0,0,0,0,0,0,2,2,1.5,3.14159,0,0,0,0,0,0,0,0,0,0,1.5708,1.5708,0,1.5708,1.5708,0,-0.00601795,0.00518351,-0.00253846,-0.0129229,0.0128075,-0.00273373,0.401619,0.393995,-0.760028,0.00158035,-0.000814581,0.00115361,0.000129685,-0.00037791,-0.00208619,0.4,0.4,-0.785398,0,0,0,0.00779023,0.0566541,0,0.033638,0,0.00979658,0.000920163,0.0349203,2,0.4,0.4,-0.785398,0.344544,0.487027,3.7308e-15,0,0,0,0,0,0,0,0,0,0,0,0,0.855775,1.20968,0,0,0,0,0,0,0,0,0,0,0,0,2,0.855775,1.20968,0,1,2,0,0,0,0,0,1.2785,1.3038,-3.8257,0,0,0,0,0,0,0,-0,0,1.93653,0,0,0,0,0,0,0,0,0,0,0,0,0,0,0
15.55,0.00685103,-0.01421,0.00787651,0,0,0,1.97286,1.52624,3.07853,0.0012076,0.00108062,-0.00673477,-0.00052079,-0.000604901,0.00514645,2,1.5,3.14159,0,0,0,0,0,0,0,0,0,0,0,2,2,1.5,3.14159,0,0,0,0,0,0,0,0,0,0,1.5708,1.5708,0,1.5708,1.5708,0,-0.00539243,0.00471656,-0.0029077,-0.0116005,0.0110264,-0.000967016,0.401757,0.393928,-0.759826,0.00137977,-0.000669128,0.00202055,-0.000749764,0.000219233,0.00141903,0.4,0.4,-0.785398,0,0,0,0.00779023,0.0566541,0,0.033638,0,0.00979658,0.000920163,0.0349203,2,0.4,0.4,-0.785398,0.344544,0.487027,3.7308e-15,0,0,0,0,0,0,0,0,0,0,0,0,0.855775,1.20968,0,0,0,0,0,0,0,0,0,0,0,0,2,0.855775,1.20968,0,1,2,0,0,0,0,0,1.2612,1.2911,-3.839,0,0,0,0,0,0,0,-0,0,1.93662,0,0,0,0,0,0,0,0,0,0,0,0,0,0,0
15.6,0.00685103,-0.01421,0.00787651,0,0,0,1.97286,1.52624,3.07853,0.0012076,0.00108062,-0.00673477,-0.00052079,-0.000604901,0.00514645,2,1.5,3.14159,0,0,0,0,0,0,0,0,0,0,0,2,2,1.5,3.14159,0,0,0,0,0,0,0,0,0,0,1.5708,1.5708,0,1.5708,1.5708,0,-0.00539243,0.00471656,-0.0029077,-0.0116027,0.011024,-0.000967016,0.401757,0.393928,-0.759826,0.00137977,-0.000669128,0.00202055,-0.000749764,0.000219233,0.00141903,0.4,0.4,-0.785398,0,0,0,0.00676737,0.0592012,0,0.0388517,0,0.0166945,0.000890362,0.0394511,2,0.4,0.4,-0.785398,0.344544,0.487027,3.7308e-15,0,0,0,0,0,0,0,0,0,0,0,0,0.855775,1.20968,0,0,0,0,0,0,0,0,0,0,0,0,2,0.855775,1.20968,0,1,2,0,0,0,0,0,1.2612,1.2911,-3.839,0,0,0,0,0,0,0,-0,0,1.93662,0,0,0,0,0,0,0,0,0,0,0,0,0,0,0
15.65,0.00685103,-0.01421,0.00787651,0,0,0,1.97286,1.52624,3.07853,0.0012076,0.00108062,-0.00673477,-0.00052079,-0.000604901,0.00514645,2,1.5,3.14159,0,0,0,0,0,0,0,0,0,0,0,2,2,1.5,3.14159,0,0,0,0,0,0,0,0,0,0,1.5708,1.5708,0,1.5708,1.5708,0,-0.00539243,0.00471656,-0.0029077,-0.0116027,0.011024,-0.000967016,0.401757,0.393928,-0.759826,0.00137977,-0.000669128,0.00202055,-0.000749764,0.000219233,0.00141903,0.4,0.4,-0.785398,0,0,0,0.00676737,0.0592012,0,0.0388517,0,0.0166945,0.000890362,0.0394511,2,0.4,0.4,-0.785398,0.344544,0.487027,3.7308e-15,0,0,0,0,0,0,0,0,0,0,0,0,0.855775,1.20968,0,0,0,0,0,0,0,0,0,0,0,0,2,0.855775,1.20968,0,1,2,0,0,0,0,0,1.2612,1.2911,-3.839,0,0,0,0,0,0,0,-0,0,1.93662,0,0,0,0,0,0,0,0,0,0,0,0,0,0,0
15.7,0.00698636,-0.0139612,0.00777886,0,0,0,1.97297,1.52634,3.07789,0.00115375,0.000995034,-0.00636681,-0.000551315,-0.000761589,0.00479777,2,1.5,3.14159,0,0,0,0,0,0,0,0,0,0,0,2,2,1.5,3.14159,0,0,0,0,0,0,0,0,0,0,1.5708,1.5708,0,1.5708,1.5708,0,-0.00542647,0.00518368,-0.00230376,-0.0116027,0.011024,-0.000967016,0.401895,0.393849,-0.759774,0.00137351,-0.000797248,0.000525798,-0.000592919,-0.000300111,-0.00464439,0.4,0.4,-0.785398,0,0,0,0.00676737,0.0592012,0,0.0388517,0,0.0166945,0.000890362,0.0394511,2,0.4,0.4,-0.785398,0.344544,0.487027,3.7308e-15,0,0,0,0,0,0,0,0,0,0,0,0,0.855775,1.20968,0,0,0,0,0,0,0,0,0,0,0,0,2,0.855775,1.20968,0,1,2,0,0,0,0,0,1.2612,1.2911,-3.839,0,0,0,0,0,0,0,-0,0,1.9367,0,0,0,0,0,0,0,0,0,0,0,0,0,0,0
15.75,0.00698636,-0.0139612,0.00777886,0,0,0,1.97297,1.52634,3.07789,0.00115375,0.000995034,-0.00636681,-0.000551315,-0.000761589,0.00479777,2,1.5,3.14159,0,0,0,0,0,0,0,0,0,0,0,2,2,1.5,3.14159,0,0,0,0,0,0,0,0,0,0,1.5708,1.5708,0,1.5708,1.5708,0,-0.00542647,0.00518368,-0.00230376,-0.0116033,0.0110234,-0.000967016,0.401895,0.393849,-0.759774,0.00137351,-0.000797248,0.000525798,-0.000592919,-0.000300111,-0.00464439,0.4,0.4,-0.785398,0,0,0,0.00741407,0.0522404,0,0.0315491,0,0.00795272,0.000414499,0.0305532,2,0.4,0.4,-0.785398,0.344544,0.487027,3.7308e-15,0,0,0,0,0,0,0,0,0,0,0,0,0.855775,1.20968,0,0,0,0,0,0,0,0,0,0,0,0,2,0.855775,1.20968,0,1,2,0,0,0,0,0,1.3014,1.335,-3.7958,0,0,0,0,0,0,0,-0,0,1.9367,0,0,0,0,0,0,0,0,0,0,0,0,0,0,0
15.8,0.00703865,-0.0127009,0.00639497,0,0,0,1.97308,1.5264,3.0776,0.00112485,0.000614331,-0.00290305,-0.000451449,-0.00200031,0.0166774,2,1.5,3.14159,0,0,0,0,0,0,0,0,0,0,0,2,2,1.5,3.14159,0,0,0,0,0,0,0,0,0,0,1.5708,1.5708,0,1.5708,1.5708,0,-0.00538691,0.00475936,-0.00245614,-0.0106994,0.0101646,-0.00089168,0.402029,0.393782,-0.759685,0.00134591,-0.000664406,0.000882605,-0.00044601,0.000280699,-0.00218513,0.4,0.4,-0.785398,0,0,0,0.00741407,0.0522404,0,0.0315491,0,0.00795272,0.000414499,0.0305532,2,0.4,0.4,-0.785398,0.344544,0.487027,3.7308e-15,0,0,0,0,0,0,0,0,0,0,0,0,0.855775,1.20968,0,0,0,0,0,0,0,0,0,0,0,0,2,0.855775,1.20968,0,1,2,0,0,0,0,0,1.3014,1.335,-3.7958,0,0,0,0,0,0,0,-0,0,1.93676,0,0,0,0,0,0,0,0,0,0,0,0,0,0,0
15.85,0.00753698,-0.0127248,0.00631733,0,0,0,1.97318,1.52646,3.07733,0.000965692,0.000614087,-0.00265869,-0.000892385,-0.00136933,0.0125973,2,1.5,3.14159,0,0,0,0,0,0,0,0,0,0,0,2,2,1.5,3.14159,0,0,0,0,0,0,0,0,0,0,1.5708,1.5708,0,1.5708,1.5708,0,-0.00504078,0.00464258,-0.00204355,-0.0107003,0.0101637,-0.00089168,0.402152,0.39372,-0.759698,0.0012294,-0.000622634,-0.000128762,-0.00071214,0.000413441,-0.00501949,0.4,0.4,-0.785398,0,0,0,0.00698807,0.0533489,0,0.0328415,0,0.0108611,0.000760075,0.033405,2,0.4,0.4,-0.785398,0.344544,0.487027,3.7308e-15,0,0,0,0,0,0,0,0,0,0,0,0,0.855775,1.20968,0,0,0,0,0,0,0,0,0,0,0,0,2,0.855775,1.20968,0,1,2,0,0,0,0,0,1.3014,1.335,-3.7958,0,0,0,0,0,0,0,-0,0,1.93681,0,0,0,0,0,0,0,0,0,0,0,0,0,0,0
15.9,0.00753698,-0.0127248,0.00631733,0,0,0,1.97318,1.52646,3.07733,0.000965692,0.000614087,-0.00265869,-0.000892385,-0.00136933,0.0125973,2,1.5,3.14159,0,0,0,0,0,0,0,0,0,0,0,2,2,1.5,3.14159,0,0,0,0,0,0,0,0,0,0,1.5708,1.5708,0,1.5708,1.5708,0,-0.00504078,0.00464258,-0.00204355,-0.0107001,0.0101638,-0.00089168,0.402152,0.39372,-0.759698,0.0012294,-0.000622634,-0.000128762,-0.00071214,0.000413441,-0.00501949,0.4,0.4,-0.785398,0,0,0,0.00679406,0.0469371,0,0.0276604,0,0.00652031,0.000506225,0.0274926,2,0.4,0.4,-0.785398,0.344544,0.487027,3.7308e-15,0,0,0,0,0,0,0,0,0,0,0,0,0.855775,1.20968,0,0,0,0,0,0,0,0,0,0,0,0,2,0.855775,1.20968,0,1,2,0,0,0,0,0,1.3014,1.335,-3.7958,0,0,0,0,0,0,0,-0,0,1.93681,0,0,0,0,0,0,0,0,0,0,0,0,0,0,0
15.95,0.00788678,-0.0113774,0.00501462,0,0,0,1.97327,1.52648,3.07739,0.000851894,0.000212363,0.000536343,-0.00105043,-0.00234211,0.0197791,2,1.5,3.14159,0,0,0,0,0,0,0,0,0,0,0,2,2,1.5,3.14159,0,0,0,0,0,0,0,0,0,0,1.5708,1.5708,0,1.5708,1.5708,0,-0.00410358,0.00457685,-0.00176004,-0.0107001,0.0101638,-0.00089168,0.402246,0.39366,-0.759779,0.000942208,-0.000596203,-0.000809281,-0.00161139,0.000371931,-0.00611722,0.4,0.4,-0.785398,0,0,0,0.00679406,0.0469371,0,0.0276604,0,0.00652031,0.000506225,0.0274926,2,0.4,0.4,-0.785398,0.344544,0.487027,3.7308e-15,0,0,0,0,0,0,0,0,0,0,0,0,0.855775,1.20968,0,0,0,0,0,0,0,0,0,0,0,0,2,0.855775,1.20968,0,1,2,0,0,0,0,0,1.2586,1.2942,-3.8372,0,0,0,0,0,0,0,-0,0,1.93685,0,0,0,0,0,0,0,0,0,0,0,0,0,0,0
16,0.00788678,-0.0113774,0.00501462,0,0,0,1.97327,1.52648,3.07739,0.000851894,0.000212363,0.000536343,-0.00105043,-0.00234211,0.0197791,2,1.5,3.14159,0,0,0,0,0,0,0,0,0,0,0,2,2,1.5,3.14159,0,0,0,0,0,0,0,0,0,0,1.5708,1.5708,0,1.5708,1.5708,0,-0.00410358,0.00457685,-0.00176004,-0.0106993,0.0101647,-0.00089168,0.402246,0.39366,-0.759779,0.000942208,-0.000596203,-0.000809281,-0.00161139,0.000371931,-0.00611722,0.4,0.4,-0.785398,0,0,0,0.00610862,0.0409786,0,0.0254625,0,0.00486483,0,0.0218349,2,0.4,0.4,-0.785398,0.344544,0.487027,3.7308e-15,0,0,0,0,0,0,0,0,0,0,0,0,0.855775,1.20968,0,0,0,0,0,0,0,0,0,0,0,0,2,0.855775,1.20968,0,1,2,0,0,0,0,0,1.2586,1.2942,-3.8372,0,0,0,0,0,0,0,-0,0,1.93685,0,0,0,0,0,0,0,0,0,0,0,0,0,0,0
16.05,0.00788678,-0.0113774,0.00501462,0,0,0,1.97327,1.52648,3.07739,0.000851894,0.000212363,0.000536343,-0.00105043,-0.00234211,0.0197791,2,1.5,3.14159,0,0,0,0,0,0,0,0,0,0,0,2,2,1.5,3.14159,0,0,0,0,0,0,0,0,0,0,1.5708,1.5708,0,1.5708,1.5708,0,-0.00410358,0.00457685,-0.00176004,-0.00839279,0.00797341,-0.000699455,0.402246,0.39366,-0.759779,0.000942208,-0.000596203,-0.000809281,-0.00161139,0.000371931,-0.00611722,0.4,0.4,-0.785398,0,0,0,0.00610862,0.0409786,0,0.0254625,0,0.00486483,0,0.0218349,2,0.4,0.4,-0.785398,0.344544,0.487027,3.7308e-15,0,0,0,0,0,0,0,0,0,0,0,0,0.855775,1.20968,0,0,0,0,0,0,0,0,0,0,0,0,2,0.855775,1.20968,0,1,2,0,0,0,0,0,1.2586,1.2942,-3.8372,0,0,0,0,0,0,0,-0,0,1.93685,0,0,0,0,0,0,0,0,0,0,0,0,0,0,0
16.1,0.00864357,-0.0117575,0.00506946,0,0,0,1.97333,1.52651,3.07743,0.00062028,0.000321129,0.000393494,-0.00157844,-0.00110366,0.0122774,2,1.5,3.14159,0,0,0,0,0,0,0,0,0,0,0,2,2,1.5,3.14159,0,0,0,0,0,0,0,0,0,0,1.5708,1.5708,0,1.5708,1.5708,0,-0.0043695,0.00445703,-0.00175131,-0.00839279,0.00797341,-0.000699455,0.402347,0.393605,-0.759861,0.00100857,-0.000554345,-0.000814414,-0.000825129,0.000385569,-0.00384145,0.4,0.4,-0.785398,0,0,0,0.00610862,0.0409786,0,0.0254625,0,0.00486483,0,0.0218349,2,0.4,0.4,-0.785398,0.344544,0.487027,3.7308e-15,0,0,0,0,0,0,0,0,0,0,0,0,0.855775,1.20968,0,0,0,0,0,0,0,0,0,0,0,0,2,0.855775,1.20968,0,1,2,0,0,0,0,0,1.2586,1.2942,-3.8372,0,0,0,0,0,0,0,-0,0,1.93687,0,0,0,0,0,0,0,0,0,0,0,0,0,0,0
16.15,0.00851523,-0.0102108,0.00390723,0,0,0,1.97339,1.5265,3.07774,0.000650545,-0.000135479,0.0031896,-0.000897499,-0.00231925,0.0175298,2,1.5,3.14159,0,0,0,0,0,0,0,0,0,0,0,2,2,1.5,3.14159,0,0,0,0,0,0,0,0,0,0,1.5708,1.5708,0,1.5708,1.5708,0,-0.00623706,0.00507825,-0.00323939,-0.00839214,0.00797409,-0.000699455,0.402501,0.393532,-0.759582,0.00154032,-0.00072866,0.00278673,0.00173693,-0.00046383,0.0123902,0.4,0.4,-0.785398,0,0,0,0.00623377,0.0412389,0,0.0245618,0,0.00448849,8.26064e-05,0.022616,2,0.4,0.4,-0.785398,0.344544,0.487027,3.7308e-15,0,0,0,0,0,0,0,0,0,0,0,0,0.855775,1.20968,0,0,0,0,0,0,0,0,0,0,0,0,2,0.855775,1.20968,0,1,2,0,0,0,0,0,1.2587,1.2943,-3.837,0,0,0,0,0,0,0,-0,0,1.93683,0,0,0,0,0,0,0,0,0,0,0,0,0,0,0
16.2,0.00851523,-0.0102108,0.00390723,0,0,0,1.97339,1.5265,3.07774,0.000650545,-0.000135479,0.0031896,-0.000897499,-0.00231925,0.0175298,2,1.5,3.14159,0,0,0,0,0,0,0,0,0,0,0,2,2,1.5,3.14159,0,0,0,0,0,0,0,0,0,0,1.5708,1.5708,0,1.5708,1.5708,0,-0.00623706,0.00507825,-0.00323939,-0.00839436,0.00797175,-0.000699455,0.402501,0.393532,-0.759582,0.00154032,-0.00072866,0.00278673,0.00173693,-0.00046383,0.0123902,0.4,0.4,-0.785398,0,0,0,0.00766721,0.0667563,0,0.0426571,0,0.0184387,0.00120376,0.0452474,2,0.4,0.4,-0.785398,0.344544,0.487027,3.7308e-15,0,0,0,0,0,0,0,0,0,0,0,0,0.855775,1.20968,0,0,0,0,0,0,0,0,0,0,0,0,2,0.855775,1.20968,0,1,2,0,0,0,0,0,1.2587,1.2943,-3.837,0,0,0,0,0,0,0,-0,0,1.93683,0,0,0,0,0,0,0,0,0,0,0,0,0,0,0
16.25,0.0088433,-0.0104138,0.00403435,0,0,0,1.97345,1.52649,3.07803,0.000546823,-7.44557e-05,0.00282022,-0.00086154,-0.00131317,0.00975842,2,1.5,3.14159,0,0,0,0,0,0,0,0,0,0,0,2,2,1.5,3.14159,0,0,0,0,0,0,0,0,0,0,1.5708,1.5708,0,1.5708,1.5708,0,-0.00129633,0.00315557,-0.000479938,-0.00839436,0.00797175,-0.000699455,0.40251,0.393516,-0.759974,8.42204e-05,-0.000160507,-0.00391625,-0.00442948,0.00187719,-0.0171488,0.4,0.4,-0.785398,0,0,0,0.00766721,0.0667563,0,0.0426571,0,0.0184387,0.00120376,0.0452474,2,0.4,0.4,-0.785398,0.344544,0.487027,3.7308e-15,0,0,0,0,0,0,0,0,0,0,0,0,0.855775,1.20968,0,0,0,0,0,0,0,0,0,0,0,0,2,0.855775,1.20968,0,1,2,0,0,0,0,0,1.2587,1.2943,-3.837,0,0,0,0,0,0,0,-0,0,1.93687,0,0,0,0,0,0,0,0,0,0,0,0,0,0,0
16.3,0.0088433,-0.0104138,0.00403435,0,0,0,1.97345,1.52649,3.07803,0.000546823,-7.44557e-05,0.00282022,-0.00086154,-0.00131317,0.00975842,2,1.5,3.14159,0,0,0,0,0,0,0,0,0,0,0,2,2,1.5,3.14159,0,0,0,0,0,0,0,0,0,0,1.5708,1.5708,0,1.5708,1.5708,0,-0.00129633,0.00315557,-0.000479938,-0.00839124,0.00797504,-0.000699455,0.40251,0.393516,-0.759974,8.42204e-05,-0.000160507,-0.00391625,-0.00442948,0.00187719,-0.0171488,0.4,0.4,-0.785398,0,0,0,0.00438561,0.0162666,0.00128696,0.010447,0,0,0,0.00209015,2,0.4,0.4,-0.785398,0.344544,0.487027,3.7308e-15,0,0,0,0,0,0,0,0,0,0,0,0,0.855775,1.20968,0,0,0,0,0,0,0,0,0,0,0,0,2,0.855775,1.20968,0,1,2,0,0,0,0,0,1.2587,1.2943,-3.837,0,0,0,0,0,0,0,-0,0,1.93687,0,0,0,0,0,0,0,0,0,0,0,0,0,0,0
16.35,0.00852391,-0.00950956,0.00336295,0,0,0,1.97351,1.52646,3.07846,0.000633895,-0.000338322,0.00438455,-0.000165054,-0.00170661,0.0110561,2,1.5,3.14159,0,0,0,0,0,0,0,0,0,0,0,2,2,1.5,3.14159,0,0,0,0,0,0,0,0,0,0,1.5708,1.5708,0,1.5708,1.5708,0,-0.00359527,0.00261267,-0.00204924,0,0,0,0.402585,0.393516,-0.759979,0.000752366,-6.10687e-07,-5.84446e-05,-0.000824872,0.00208301,0.00112174,0.4,0.4,-0.785398,0,0,0,0.00438561,0.0162666,0.00128696,0.010447,0,0,0,0.00209015,2,0.4,0.4,-0.785398,0.344544,0.487027,3.7308e-15,0,0,0,0,0,0,0,0,0,0,0,0,0.855775,1.20968,0,0,0,0,0,0,0,0,0,0,0,0,2,0.855775,1.20968,0,1,2,0,0,0,0,0,1.2595,1.2935,-3.838,0,0,0,0,0,0,0,-0,0,1.93685,0,0,0,0,0,0,0,0,0,0,0,0,0,0,0
16.4,0.00852391,-0.00950956,0.00336295,0,0,0,1.97351,1.52646,3.07846,0.000633895,-0.000338322,0.00438455,-0.000165054,-0.00170661,0.0110561,2,1.5,3.14159,0,0,0,0,0,0,0,0,0,0,0,2,2,1.5,3.14159,0,0,0,0,0,0,0,0,0,0,1.5708,1.5708,0,1.5708,1.5708,0,-0.00359527,0.00261267,-0.00204924,0,0,0,0.402585,0.393516,-0.759979,0.000752366,-6.10687e-07,-5.84446e-05,-0.000824872,0.00208301,0.00112174,0.4,0.4,-0.785398,0,0,0,0.00405184,0.039918,0,0.0263411,0,0.0136562,0.00105076,0.0289322,2,0.4,0.4,-0.785398,0.344544,0.487027,3.7308e-15,0,0,0,0,0,0,0,0,0,0,0,0,0.855775,1.20968,0,0,0,0,0,0,0,0,0,0,0,0,2,0.855775,1.20968,0,1,2,0,0,0,0,0,1.2595,1.2935,-3.838,0,0,0,0,0,0,0,-0,0,1.93685,0,0,0,0,0,0,0,0,0,0,0,0,0,0,0
16.45,0.00869643,-0.00954711,0.00360069,0,0,0,1.97357,1.52643,3.07884,0.000575909,-0.000323339,0.00372478,-0.000235137,-0.00101877,0.004187,2,1.5,3.14159,0,0,0,0,0,0,0,0,0,0,0,2,2,1.5,3.14159,0,0,0,0,0,0,0,0,0,0,1.5708,1.5708,0,1.5708,1.5708,0,-0.00331695,0.00400657,-0.000431776,0,0,0,0.402651,0.393475,-0.760375,0.000662538,-0.000406308,-0.00395415,-0.000364718,-0.00034271,-0.0124216,0.4,0.4,-0.785398,0,0,0,0.00405184,0.039918,0,0.0263411,0,0.0136562,0.00105076,0.0289322,2,0.4,0.4,-0.785398,0.344544,0.487027,3.7308e-15,0,0,0,0,0,0,0,0,0,0,0,0,0.855775,1.20968,0,0,0,0,0,0,0,0,0,0,0,0,2,0.855775,1.20968,0,1,2,0,0,0,0,0,1.2595,1.2935,-3.838,0,0,0,0,0,0,0,-0,0,1.93684,0,0,0,0,0,0,0,0,0,0,0,0,0,0,0
16.5,0.00869643,-0.00954711,0.00360069,0,0,0,1.97357,1.52643,3.07884,0.000575909,-0.000323339,0.00372478,-0.000235137,-0.00101877,0.004187,2,1.5,3.14159,0,0,0,0,0,0,0,0,0,0,0,2,2,1.5,3.14159,0,0,0,0,0,0,0,0,0,0,1.5708,1.5708,0,1.5708,1.5708,0,-0.00331695,0.00400657,-0.000431776,0,0,0,0.402651,0.393475,-0.760375,0.000662538,-0.000406308,-0.00395415,-0.000364718,-0.00034271,-0.0124216,0.4,0.4,-0.785398,0,0,0,0.0116109,0.0236701,0.000426568,0.00783416,0,0,0,0.00393712,2,0.4,0.4,-0.785398,0.344544,0.487027,3.7308e-15,0,0,0,0,0,0,0,0,0,0,0,0,0.855775,1.20968,0,0,0,0,0,0,0,0,0,0,0,0,2,0.855775,1.20968,0,1,2,0,0,0,0,0,1.2595,1.2935,-3.838,0,0,0,0,0,0,0,-0,0,1.93684,0,0,0,0,0,0,0,0,0,0,0,0,0,0,0
16.55,0.00806286,-0.00929137,0.00316782,0,0,0,1.97364,1.52639,3.07931,0.000754619,-0.000394405,0.00469586,0.000561997,-0.000801792,0.00545516,2,1.5,3.14159,0,0,0,0,0,0,0,0,0,0,0,2,2,1.5,3.14159,0,0,0,0,0,0,0,0,0,0,1.5708,1.5708,0,1.5708,1.5708,0,-0.00368935,0.00376808,-0.00211104,0,0,0,0.402727,0.393442,-0.760358,0.00076317,-0.000332132,0.000169328,0.000243805,-0.000236972,0.00719175,0.4,0.4,-0.785398,0,0,0,0.0116109,0.0236701,0.000426568,0.00783416,0,0,0,0.00393712,2,0.4,0.4,-0.785398,0.344544,0.487027,3.7308e-15,0,0,0,0,0,0,0,0,0,0,0,0,0.855775,1.20968,0,0,0,0,0,0,0,0,0,0,0,0,2,0.855775,1.20968,0,1,2,0,0,0,0,0,1.2884,1.3203,-3.8113,0,0,0,0,0,0,0,-0,0,1.93684,0,0,0,0,0,0,0,0,0,0,0,0,0,0,0
16.6,0.00806286,-0.00929137,0.00316782,0,0,0,1.97364,1.52639,3.07931,0.000754619,-0.000394405,0.00469586,0.000561997,-0.000801792,0.00545516,2,1.5,3.14159,0,0,0,0,0,0,0,0,0,0,0,2,2,1.5,3.14159,0,0,0,0,0,0,0,0,0,0,1.5708,1.5708,0,1.5708,1.5708,0,-0.00368935,0.00376808,-0.00211104,0,0,0,0.402727,0.393442,-0.760358,0.00076317,-0.000332132,0.000169328,0.000243805,-0.000236972,0.00719175,0.4,0.4,-0.785398,0,0,0,0.00499859,0.04312,0,0.0292942,0,0.0118376,0.00019472,0.0274064,2,0.4,0.4,-0.785398,0.344544,0.487027,3.7308e-15,0,0,0,0,0,0,0,0,0,0,0,0,0.855775,1.20968,0,0,0,0,0,0,0,0,0,0,0,0,2,0.855775,1.20968,0,1,2,0,0,0,0,0,1.2884,1.3203,-3.8113,0,0,0,0,0,0,0,-0,0,1.93684,0,0,0,0,0,0,0,0,0,0,0,0,0,0,0
16.65,0.00852435,-0.0090751,0.00321829,0,0,0,1.97371,1.52634,3.07975,0.000610614,-0.000453076,0.00448181,-0.000129439,-0.000686867,0.00259601,2,1.5,3.14159,0,0,0,0,0,0,0,0,0,0,0,2,2,1.5,3.14159,0,0,0,0,0,0,0,0,0,0,1.5708,1.5708,0,1.5708,1.5708,0,-0.00288544,0.0035676,-0.00101253,-0.00882652,0.0083952,-0.000736007,0.402779,0.393415,-0.760606,0.000520244,-0.000269892,-0.00248062,-0.000741242,0.000120399,-0.00361613,0.4,0.4,-0.785398,0,0,0,0.00499859,0.04312,0,0.0292942,0,0.0118376,0.00019472,0.0274064,2,0.4,0.4,-0.785398,0.344544,0.487027,3.7308e-15,0,0,0,0,0,0,0,0,0,0,0,0,0.855775,1.20968,0,0,0,0,0,0,0,0,0,0,0,0,2,0.855775,1.20968,0,1,2,0,0,0,0,0,1.2884,1.3203,-3.8113,0,0,0,0,0,0,0,-0,0,1.93684,0,0,0,0,0,0,0,0,0,0,0,0,0,0,0
16.7,0.00852435,-0.0090751,0.00321829,0,0,0,1.97371,1.52634,3.07975,0.000610614,-0.000453076,0.00448181,-0.000129439,-0.000686867,0.00259601,2,1.5,3.14159,0,0,0,0,0,0,0,0,0,0,0,2,2,1.5,3.14159,0,0,0,0,0,0,0,0,0,0,1.5708,1.5708,0,1.5708,1.5708,0,-0.00288544,0.0035676,-0.00101253,-0.00882444,0.00839739,-0.000736007,0.402779,0.393415,-0.760606,0.000520244,-0.000269892,-0.00248062,-0.000741242,0.000120399,-0.00361613,0.4,0.4,-0.785398,0,0,0,0.00467102,0.0265291,6.55292e-05,0.0156223,0,0,0,0.0115534,2,0.4,0.4,-0.785398,0.344544,0.487027,3.7308e-15,0,0,0,0,0,0,0,0,0,0,0,0,0.855775,1.20968,0,0,0,0,0,0,0,0,0,0,0,0,2,0.855775,1.20968,0,1,2,0,0,0,0,0,1.2884,1.3203,-3.8113,0,0,0,0,0,0,0,-0,0,1.93684,0,0,0,0,0,0,0,0,0,0,0,0,0,0,0
16.75,0.00776839,-0.0086875,0.00290205,0,0,0,1.97379,1.52629,3.08027,0.000824743,-0.000561216,0.00515655,0.000685251,-0.000829657,0.00387454,2,1.5,3.14159,0,0,0,0,0,0,0,0,0,0,0,2,2,1.5,3.14159,0,0,0,0,0,0,0,0,0,0,1.5708,1.5708,0,1.5708,1.5708,0,-0.00285434,0.00400931,-0.000975246,-0.00882444,0.00839739,-0.000736007,0.40283,0.393375,-0.760858,0.000505092,-0.00039529,-0.00252167,-0.000638195,-0.000380833,-0.00380236,0.4,0.4,-0.785398,0,0,0,0.00467102,0.0265291,6.55292e-05,0.0156223,0,0,0,0.0115534,2,0.4,0.4,-0.785398,0.344544,0.487027,3.7308e-15,0,0,0,0,0,0,0,0,0,0,0,0,0.855775,1.20968,0,0,0,0,0,0,0,0,0,0,0,0,2,0.855775,1.20968,0,1,2,0,0,0,0,0,1.2619,1.2912,-3.8406,0,0,0,0,0,0,0,-0,0,1.93685,0,0,0,0,0,0,0,0,0,0,0,0,0,0,0
16.8,0.00776839,-0.0086875,0.00290205,0,0,0,1.97379,1.52629,3.08027,0.000824743,-0.000561216,0.00515655,0.000685251,-0.000829657,0.00387454,2,1.5,3.14159,0,0,0,0,0,0,0,0,0,0,0,2,2,1.5,3.14159,0,0,0,0,0,0,0,0,0,0,1.5708,1.5708,0,1.5708,1.5708,0,-0.00285434,0.00400931,-0.000975246,-0.00882232,0.00839961,-0.000736007,0.40283,0.393375,-0.760858,0.000505092,-0.00039529,-0.00252167,-0.000638195,-0.000380833,-0.00380236,0.4,0.4,-0.785398,0,0,0,0.00541929,0.0272242,0.000469683,0.0160484,0,0,0,0.0100326,2,0.4,0.4,-0.785398,0.344544,0.487027,3.7308e-15,0,0,0,0,0,0,0,0,0,0,0,0,0.855775,1.20968,0,0,0,0,0,0,0,0,0,0,0,0,2,0.855775,1.20968,0,1,2,0,0,0,0,0,1.2619,1.2912,-3.8406,0,0,0,0,0,0,0,-0,0,1.93685,0,0,0,0,0,0,0,0,0,0,0,0,0,0,0
16.85,0.00814095,-0.00880884,0.00306439,0,0,0,1.97386,1.52623,3.08074,0.000705947,-0.000519079,0.0046636,4.48787e-05,-0.000347634,0.000515892,2,1.5,3.14159,0,0,0,0,0,0,0,0,0,0,0,2,2,1.5,3.14159,0,0,0,0,0,0,0,0,0,0,1.5708,1.5708,0,1.5708,1.5708,0,-0.00274228,0.0035819,-0.00161594,-0.00882232,0.00839961,-0.000736007,0.402876,0.393349,-0.760951,0.000466561,-0.000266257,-0.000928546,-0.000524659,0.00022008,0.00406369,0.4,0.4,-0.785398,0,0,0,0.00541929,0.0272242,0.000469683,0.0160484,0,0,0,0.0100326,2,0.4,0.4,-0.785398,0.344544,0.487027,3.7308e-15,0,0,0,0,0,0,0,0,0,0,0,0,0.855775,1.20968,0,0,0,0,0,0,0,0,0,0,0,0,2,0.855775,1.20968,0,1,2,0,0,0,0,0,1.2619,1.2912,-3.8406,0,0,0,0,0,0,0,-0,0,1.93686,0,0,0,0,0,0,0,0,0,0,0,0,0,0,0
16.9,0.00814095,-0.00880884,0.00306439,0,0,0,1.97386,1.52623,3.08074,0.000705947,-0.000519079,0.0046636,4.48787e-05,-0.000347634,0.000515892,2,1.5,3.14159,0,0,0,0,0,0,0,0,0,0,0,2,2,1.5,3.14159,0,0,0,0,0,0,0,0,0,0,1.5708,1.5708,0,1.5708,1.5708,0,-0.00274228,0.0035819,-0.00161594,-0.00882154,0.00840043,-0.000736007,0.402876,0.393349,-0.760951,0.000466561,-0.000266257,-0.000928546,-0.000524659,0.00022008,0.00406369,0.4,0.4,-0.785398,0,0,0,0.00429636,0.0341264,0,0.0241014,0,0.0077619,0,0.0191152,2,0.4,0.4,-0.785398,0.344544,0.487027,3.7308e-15,0,0,0,0,0,0,0,0,0,0,0,0,0.855775,1.20968,0,0,0,0,0,0,0,0,0,0,0,0,2,0.855775,1.20968,0,1,2,0,0,0,0,0,1.2619,1.2912,-3.8406,0,0,0,0,0,0,0,-0,0,1.93686,0,0,0,0,0,0,0,0,0,0,0,0,0,0,0
16.95,0.00743833,-0.00843029,0.00252928,0,0,0,1.97395,1.52617,3.08132,0.00090334,-0.000623793,0.00586284,0.000730605,-0.000563076,0.00465752,2,1.5,3.14159,0,0,0,0,0,0,0,0,0,0,0,2,2,1.5,3.14159,0,0,0,0,0,0,0,0,0,0,1.5708,1.5708,0,1.5708,1.5708,0,-0.00252537,0.00292529,-0.000374764,0,0,0,0.402916,0.393342,-0.761341,0.000397958,-7.2023e-05,-0.00390061,-0.000572767,0.000988944,-0.00837384,0.4,0.4,-0.785398,0,0,0,0.00429636,0.0341264,0,0.0241014,0,0.0077619,0,0.0191152,2,0.4,0.4,-0.785398,0.344544,0.487027,3.7308e-15,0,0,0,0,0,0,0,0,0,0,0,0,0.855775,1.20968,0,0,0,0,0,0,0,0,0,0,0,0,2,0.855775,1.20968,0,1,2,0,0,0,0,0,1.176,1.2025,-3.9294,0,0,0,0,0,0,0,-0,0,1.93687,0,0,0,0,0,0,0,0,0,0,0,0,0,0,0
17,0.00743833,-0.00843029,0.00252928,0,0,0,1.97395,1.52617,3.08132,0.00090334,-0.000623793,0.00586284,0.000730605,-0.000563076,0.00465752,2,1.5,3.14159,0,0,0,0,0,0,0,0,0,0,0,2,2,1.5,3.14159,0,0,0,0,0,0,0,0,0,0,1.5708,1.5708,0,1.5708,1.5708,0,-0.00252537,0.00292529,-0.000374764,0,0,0,0.402916,0.393342,-0.761341,0.000397958,-7.2023e-05,-0.00390061,-0.000572767,0.000988944,-0.00837384,0.4,0.4,-0.785398,0,0,0,0.0074812,0.0178951,0.000200225,0.00628214,0,0,0,0.00387916,2,0.4,0.4,-0.785398,0.344544,0.487027,3.7308e-15,0,0,0,0,0,0,0,0,0,0,0,0,0.855775,1.20968,0,0,0,0,0,0,0,0,0,0,0,0,2,0.855775,1.20968,0,1,2,0,0,0,0,0,1.176,1.2025,-3.9294,0,0,0,0,0,0,0,-0,0,1.93687,0,0,0,0,0,0,0,0,0,0,0,0,0,0,0
17.05,0.00774331,-0.00807112,0.00273704,0,0,0,1.97403,1.5261,3.08185,0.000803403,-0.000721598,0.00524639,0.000131455,-0.000757518,0.000889221,2,1.5,3.14159,0,0,0,0,0,0,0,0,0,0,0,2,2,1.5,3.14159,0,0,0,0,0,0,0,0,0,0,1.5708,1.5708,0,1.5708,1.5708,0,-0.00267171,0.00350504,-0.000662089,0,0,0,0.40296,0.393318,-0.761654,0.00043589,-0.000239922,-0.00313174,-0.000199316,2.72568e-05,-0.00363761,0.4,0.4,-0.785398,0,0,0,0.0074812,0.0178951,0.000200225,0.00628214,0,0,0,0.00387916,2,0.4,0.4,-0.785398,0.344544,0.487027,3.7308e-15,0,0,0,0,0,0,0,0,0,0,0,0,0.855775,1.20968,0,0,0,0,0,0,0,0,0,0,0,0,2,0.855775,1.20968,0,1,2,0,0,0,0,0,1.176,1.2025,-3.9294,0,0,0,0,0,0,0,-0,0,1.93687,0,0,0,0,0,0,0,0,0,0,0,0,0,0,0
17.1,0.00774331,-0.00807112,0.00273704,0,0,0,1.97403,1.5261,3.08185,0.000803403,-0.000721598,0.00524639,0.000131455,-0.000757518,0.000889221,2,1.5,3.14159,0,0,0,0,0,0,0,0,0,0,0,2,2,1.5,3.14159,0,0,0,0,0,0,0,0,0,0,1.5708,1.5708,0,1.5708,1.5708,0,-0.00267171,0.00350504,-0.000662089,0,0,0,0.40296,0.393318,-0.761654,0.00043589,-0.000239922,-0.00313174,-0.000199316,2.72568e-05,-0.00363761,0.4,0.4,-0.785398,0,0,0,0.00648293,0.0233081,0.000363231,0.0111763,0,0,0,0.00668899,2,0.4,0.4,-0.785398,0.344544,0.487027,3.7308e-15,0,0,0,0,0,0,0,0,0,0,0,0,0.855775,1.20968,0,0,0,0,0,0,0,0,0,0,0,0,2,0.855775,1.20968,0,1,2,0,0,0,0,0,1.176,1.2025,-3.9294,0,0,0,0,0,0,0,-0,0,1.93687,0,0,0,0,0,0,0,0,0,0,0,0,0,0,0
17.15,0.00713616,-0.00791334,0.00247929,0,0,0,1.97413,1.52602,3.08242,0.000971696,-0.00075929,0.00576506,0.000670747,-0.000632192,0.00209933,2,1.5,3.14159,0,0,0,0,0,0,0,0,0,0,0,2,2,1.5,3.14159,0,0,0,0,0,0,0,0,0,0,1.5708,1.5708,0,1.5708,1.5708,0,-0.0022947,0.00299866,-0.00118185,0,0,0,0.402992,0.393309,-0.761836,0.000321051,-8.97234e-05,-0.00181798,-0.000527758,0.000486226,0.00370454,0.4,0.4,-0.785398,0,0,0,0.00648293,0.0233081,0.000363231,0.0111763,0,0,0,0.00668899,2,0.4,0.4,-0.785398,0.344544,0.487027,3.7308e-15,0,0,0,0,0,0,0,0,0,0,0,0,0.855775,1.20968,0,0,0,0,0,0,0,0,0,0,0,0,2,0.855775,1.20968,0,1,2,0,0,0,0,0,1.2649,1.2883,-3.8436,0,0,0,0,0,0,0,-0,0,1.93688,0,0,0,0,0,0,0,0,0,0,0,0,0,0,0
17.2,0.00713616,-0.00791334,0.00247929,0,0,0,1.97413,1.52602,3.08242,0.000971696,-0.00075929,0.00576506,0.000670747,-0.000632192,0.00209933,2,1.5,3.14159,0,0,0,0,0,0,0,0,0,0,0,2,2,1.5,3.14159,0,0,0,0,0,0,0,0,0,0,1.5708,1.5708,0,1.5708,1.5708,0,-0.0022947,0.00299866,-0.00118185,0,0,0,0.402992,0.393309,-0.761836,0.000321051,-8.97234e-05,-0.00181798,-0.000527758,0.000486226,0.00370454,0.4,0.4,-0.785398,0,0,0,0.00366854,0.0263287,0,0.0178638,0,0.00432119,0,0.0137581,2,0.4,0.4,-0.785398,0.344544,0.487027,3.7308e-15,0,0,0,0,0,0,0,0,0,0,0,0,0.855775,1.20968,0,0,0,0,0,0,0,0,0,0,0,0,2,0.855775,1.20968,0,1,2,0,0,0,0,0,1.2649,1.2883,-3.8436,0,0,0,0,0,0,0,-0,0,1.93688,0,0,0,0,0,0,0,0,0,0,0,0,0,0,0
17.25,0.00778915,-0.0084498,0.00273075,0,0,0,1.9742,1.52596,3.08293,0.000769062,-0.000593277,0.00504506,-0.000334193,0.000300933,-0.00145423,2,1.5,3.14159,0,0,0,0,0,0,0,0,0,0,0,2,2,1.5,3.14159,0,0,0,0,0,0,0,0,0,0,1.5708,1.5708,0,1.5708,1.5708,0,-0.002337,0.00322036,-0.000429009,0,0,0,0.403025,0.393293,-0.762196,0.000329598,-0.000153202,-0.00359604,-0.000327304,0.000100478,-0.00388573,0.4,0.4,-0.785398,0,0,0,0.00366854,0.0263287,0,0.0178638,0,0.00432119,0,0.0137581,2,0.4,0.4,-0.785398,0.344544,0.487027,3.7308e-15,0,0,0,0,0,0,0,0,0,0,0,0,0.855775,1.20968,0,0,0,0,0,0,0,0,0,0,0,0,2,0.855775,1.20968,0,1,2,0,0,0,0,0,1.2649,1.2883,-3.8436,0,0,0,0,0,0,0,-0,0,1.93689,0,0,0,0,0,0,0,0,0,0,0,0,0,0,0
17.3,0.00778915,-0.0084498,0.00273075,0,0,0,1.9742,1.52596,3.08293,0.000769062,-0.000593277,0.00504506,-0.000334193,0.000300933,-0.00145423,2,1.5,3.14159,0,0,0,0,0,0,0,0,0,0,0,2,2,1.5,3.14159,0,0,0,0,0,0,0,0,0,0,1.5708,1.5708,0,1.5708,1.5708,0,-0.002337,0.00322036,-0.000429009,0,0,0,0.403025,0.393293,-0.762196,0.000329598,-0.000153202,-0.00359604,-0.000327304,0.000100478,-0.00388573,0.4,0.4,-0.785398,0,0,0,0.00702331,0.0187954,0.000552637,0.00794448,0,0,0,0.00354221,2,0.4,0.4,-0.785398,0.344544,0.487027,3.7308e-15,0,0,0,0,0,0,0,0,0,0,0,0,0.855775,1.20968,0,0,0,0,0,0,0,0,0,0,0,0,2,0.855775,1.20968,0,1,2,0,0,0,0,0,1.2649,1.2883,-3.8436,0,0,0,0,0,0,0,-0,0,1.93689,0,0,0,0,0,0,0,0,0,0,0,0,0,0,0
17.35,0.00731228,-0.00773398,0.00238146,0,0,0,1.97429,1.52588,3.08351,0.000899615,-0.00079586,0.00578853,0.00018508,-0.000502571,0.00161717,2,1.5,3.14159,0,0,0,0,0,0,0,0,0,0,0,2,2,1.5,3.14159,0,0,0,0,0,0,0,0,0,0,1.5708,1.5708,0,1.5708,1.5708,0,-0.00310087,0.00345296,-0.00103112,0,0,0,0.40308,0.393271,-0.762403,0.000548069,-0.000219106,-0.00207474,0.000703611,-0.000255232,0.00271809,0.4,0.4,-0.785398,0,0,0,0.00702331,0.0187954,0.000552637,0.00794448,0,0,0,0.00354221,2,0.4,0.4,-0.785398,0.344544,0.487027,3.7308e-15,0,0,0,0,0,0,0,0,0,0,0,0,0.855775,1.20968,0,0,0,0,0,0,0,0,0,0,0,0,2,0.855775,1.20968,0,1,2,0,0,0,0,0,1.2665,1.2867,-3.8453,0,0,0,0,0,0,0,-0,0,1.93689,0,0,0,0,0,0,0,0,0,0,0,0,0,0,0
17.4,0.00731228,-0.00773398,0.00238146,0,0,0,1.97429,1.52588,3.08351,0.000899615,-0.00079586,0.00578853,0.00018508,-0.000502571,0.00161717,2,1.5,3.14159,0,0,0,0,0,0,0,0,0,0,0,2,2,1.5,3.14159,0,0,0,0,0,0,0,0,0,0,1.5708,1.5708,0,1.5708,1.5708,0,-0.00310087,0.00345296,-0.00103112,0,0,0,0.40308,0.393271,-0.762403,0.000548069,-0.000219106,-0.00207474,0.000703611,-0.000255232,0.00271809,0.4,0.4,-0.785398,0,0,0,0.00474034,0.0270363,0,0.0151699,0,0,0,0.0125983,2,0.4,0.4,-0.785398,0.344544,0.487027,3.7308e-15,0,0,0,0,0,0,0,0,0,0,0,0,0.855775,1.20968,0,0,0,0,0,0,0,0,0,0,0,0,2,0.855775,1.20968,0,1,2,0,0,0,0,0,1.2665,1.2867,-3.8453,0,0,0,0,0,0,0,-0,0,1.93689,0,0,0,0,0,0,0,0,0,0,0,0,0,0,0
17.45,0.00761706,-0.00865194,0.00262317,0,0,0,1.97437,1.52583,3.08402,0.00079978,-0.00051772,0.00509164,-0.000217967,0.000701229,-0.00140084,2,1.5,3.14159,0,0,0,0,0,0,0,0,0,0,0,2,2,1.5,3.14159,0,0,0,0,0,0,0,0,0,0,1.5708,1.5708,0,1.5708,1.5708,0,-0.00300188,0.00281387,-0.000911476,0,0,0,0.403131,0.393268,-0.762635,0.000512835,-3.05259e-05,-0.00232223,0.000420956,0.0005522,0.00153814,0.4,0.4,-0.785398,0,0,0,0.00474034,0.0270363,0,0.0151699,0,0,0,0.0125983,2,0.4,0.4,-0.785398,0.344544,0.487027,3.7308e-15,0,0,0,0,0,0,0,0,0,0,0,0,0.855775,1.20968,0,0,0,0,0,0,0,0,0,0,0,0,2,0.855775,1.20968,0,1,2,0,0,0,0,0,1.2665,1.2867,-3.8453,0,0,0,0,0,0,0,-0,0,1.93688,0,0,0,0,0,0,0,0,0,0,0,0,0,0,0
17.5,0.00761706,-0.00865194,0.00262317,0,0,0,1.97437,1.52583,3.08402,0.00079978,-0.00051772,0.00509164,-0.000217967,0.000701229,-0.00140084,2,1.5,3.14159,0,0,0,0,0,0,0,0,0,0,0,2,2,1.5,3.14159,0,0,0,0,0,0,0,0,0,0,1.5708,1.5708,0,1.5708,1.5708,0,-0.00300188,0.00281387,-0.000911476,0,0,0,0.403131,0.393268,-0.762635,0.000512835,-3.05259e-05,-0.00232223,0.000420956,0.0005522,0.00153814,0.4,0.4,-0.785398,0,0,0,0.00421487,0.0240364,0,0.0124035,0,0,0.000215242,0.0122803,2,0.4,0.4,-0.785398,0.344544,0.487027,3.7308e-15,0,0,0,0,0,0,0,0,0,0,0,0,0.855775,1.20968,0,0,0,0,0,0,0,0,0,0,0,0,2,0.855775,1.20968,0,1,2,0,0,0,0,0,1.2665,1.2867,-3.8453,0,0,0,0,0,0,0,-0,0,1.93688,0,0,0,0,0,0,0,0,0,0,0,0,0,0,0
17.55,0.00745605,-0.00808098,0.00233394,0,0,0,1.97446,1.52576,3.08459,0.000837495,-0.000678786,0.0056893,-3.4217e-05,-5.991e-05,0.00114174,2,1.5,3.14159,0,0,0,0,0,0,0,0,0,0,0,2,2,1.5,3.14159,0,0,0,0,0,0,0,0,0,0,1.5708,1.5708,0,1.5708,1.5708,0,-0.00227143,0.00289687,-0.000581936,0,0,0,0.40316,0.393263,-0.762942,0.000294221,-5.4327e-05,-0.00307056,-0.00065866,0.000345738,-0.00222769,0.4,0.4,-0.785398,0,0,0,0.00421487,0.0240364,0,0.0124035,0,0,0.000215242,0.0122803,2,0.4,0.4,-0.785398,0.344544,0.487027,3.7308e-15,0,0,0,0,0,0,0,0,0,0,0,0,0.855775,1.20968,0,0,0,0,0,0,0,0,0,0,0,0,2,0.855775,1.20968,0,1,2,0,0,0,0,0,1.2468,1.2639,-3.8682,0,0,0,0,0,0,0,-0,0,1.93689,0,0,0,0,0,0,0,0,0,0,0,0,0,0,0
17.6,0.00745605,-0.00808098,0.00233394,0,0,0,1.97446,1.52576,3.08459,0.000837495,-0.000678786,0.0056893,-3.4217e-05,-5.991e-05,0.00114174,2,1.5,3.14159,0,0,0,0,0,0,0,0,0,0,0,2,2,1.5,3.14159,0,0,0,0,0,0,0,0,0,0,1.5708,1.5708,0,1.5708,1.5708,0,-0.00227143,0.00289687,-0.000581936,0,0,0,0.40316,0.393263,-0.762942,0.000294221,-5.4327e-05,-0.00307056,-0.00065866,0.000345738,-0.00222769,0.4,0.4,-0.785398,0,0,0,0.00492576,0.0193114,0.000244049,0.00950928,0,0,0,0.00611773,2,0.4,0.4,-0.785398,0.344544,0.487027,3.7308e-15,0,0,0,0,0,0,0,0,0,0,0,0,0.855775,1.20968,0,0,0,0,0,0,0,0,0,0,0,0,2,0.855775,1.20968,0,1,2,0,0,0,0,0,1.2468,1.2639,-3.8682,0,0,0,0,0,0,0,-0,0,1.93689,0,0,0,0,0,0,0,0,0,0,0,0,0,0,0
17.65,0.00785625,-0.00860425,0.00257837,0,0,0,1.97453,1.52571,3.08508,0.000710454,-0.000517582,0.00498775,-0.000503341,0.000505145,-0.00177369,2,1.5,3.14159,0,0,0,0,0,0,0,0,0,0,0,2,2,1.5,3.14159,0,0,0,0,0,0,0,0,0,0,1.5708,1.5708,0,1.5708,1.5708,0,-0.00357495,0.00357848,-0.000910301,0,0,0,0.403227,0.393238,-0.763164,0.000670175,-0.000252079,-0.00221911,0.000960507,-0.000610508,0.00155493,0.4,0.4,-0.785398,0,0,0,0.00492576,0.0193114,0.000244049,0.00950928,0,0,0,0.00611773,2,0.4,0.4,-0.785398,0.344544,0.487027,3.7308e-15,0,0,0,0,0,0,0,0,0,0,0,0,0.855775,1.20968,0,0,0,0,0,0,0,0,0,0,0,0,2,0.855775,1.20968,0,1,2,0,0,0,0,0,1.2468,1.2639,-3.8682,0,0,0,0,0,0,0,-0,0,1.93688,0,0,0,0,0,0,0,0,0,0,0,0,0,0,0
17.7,0.00785625,-0.00860425,0.00257837,0,0,0,1.97453,1.52571,3.08508,0.000710454,-0.000517582,0.00498775,-0.000503341,0.000505145,-0.00177369,2,1.5,3.14159,0,0,0,0,0,0,0,0,0,0,0,2,2,1.5,3.14159,0,0,0,0,0,0,0,0,0,0,1.5708,1.5708,0,1.5708,1.5708,0,-0.00357495,0.00357848,-0.000910301,0,0,0,0.403227,0.393238,-0.763164,0.000670175,-0.000252079,-0.00221911,0.000960507,-0.000610508,0.00155493,0.4,0.4,-0.785398,0,0,0,0.00657601,0.0282042,0,0.0128877,0,0,4.59341e-06,0.0119325,2,0.4,0.4,-0.785398,0.344544,0.487027,3.7308e-15,0,0,0,0,0,0,0,0,0,0,0,0,0.855775,1.20968,0,0,0,0,0,0,0,0,0,0,0,0,2,0.855775,1.20968,0,1,2,0,0,0,0,0,1.2468,1.2639,-3.8682,0,0,0,0,0,0,0,-0,0,1.93688,0,0,0,0,0,0,0,0,0,0,0,0,0,0,0
17.75,0.00756996,-0.00799625,0.00222911,0,0,0,1.97461,1.52564,3.08566,0.000785898,-0.000689491,0.00573225,-6.40307e-05,-0.000307323,0.00151685,2,1.5,3.14159,0,0,0,0,0,0,0,0,0,0,0,2,2,1.5,3.14159,0,0,0,0,0,0,0,0,0,0,1.5708,1.5708,0,1.5708,1.5708,0,-0.00232662,0.00299089,-0.00102159,0,0,0,0.403257,0.39323,-0.763355,0.000298983,-7.81016e-05,-0.00190737,-0.000687244,0.000199164,0.00269056,0.4,0.4,-0.785398,0,0,0,0.00657601,0.0282042,0,0.0128877,0,0,4.59341e-06,0.0119325,2,0.4,0.4,-0.785398,0.344544,0.487027,3.7308e-15,0,0,0,0,0,0,0,0,0,0,0,0,0.855775,1.20968,0,0,0,0,0,0,0,0,0,0,0,0,2,0.855775,1.20968,0,1,2,0,0,0,0,0,1.1995,1.2136,-3.9185,0,0,0,0,0,0,0,-0,0,1.93688,0,0,0,0,0,0,0,0,0,0,0,0,0,0,0
17.8,0.00756996,-0.00799625,0.00222911,0,0,0,1.97461,1.52564,3.08566,0.000785898,-0.000689491,0.00573225,-6.40307e-05,-0.000307323,0.00151685,2,1.5,3.14159,0,0,0,0,0,0,0,0,0,0,0,2,2,1.5,3.14159,0,0,0,0,0,0,0,0,0,0,1.5708,1.5708,0,1.5708,1.5708,0,-0.00232662,0.00299089,-0.00102159,0,0,0,0.403257,0.39323,-0.763355,0.000298983,-7.81016e-05,-0.00190737,-0.000687244,0.000199164,0.00269056,0.4,0.4,-0.785398,0,0,0,0.0037566,0.0242891,1.60782e-05,0.0155931,0,0.00223275,0,0.0117699,2,0.4,0.4,-0.785398,0.344544,0.487027,3.7308e-15,0,0,0,0,0,0,0,0,0,0,0,0,0.855775,1.20968,0,0,0,0,0,0,0,0,0,0,0,0,2,0.855775,1.20968,0,1,2,0,0,0,0,0,1.1995,1.2136,-3.9185,0,0,0,0,0,0,0,-0,0,1.93688,0,0,0,0,0,0,0,0,0,0,0,0,0,0,0
17.85,0.00771132,-0.00833365,0.00251169,0,0,0,1.97468,1.52559,3.08615,0.000735253,-0.000582584,0.00493788,-0.000182559,0.000133704,-0.00182653,2,1.5,3.14159,0,0,0,0,0,0,0,0,0,0,0,2,2,1.5,3.14159,0,0,0,0,0,0,0,0,0,0,1.5708,1.5708,0,1.5708,1.5708,0,-0.00536076,0.00441048,-0.00188311,0,0,0,0.403375,0.393181,-0.763335,0.0011786,-0.000490372,0.000205745,0.0028783,-0.0014179,0.0102151,0.4,0.4,-0.785398,0,0,0,0.0037566,0.0242891,1.60782e-05,0.0155931,0,0.00223275,0,0.0117699,2,0.4,0.4,-0.785398,0.344544,0.487027,3.7308e-15,0,0,0,0,0,0,0,0,0,0,0,0,0.855775,1.20968,0,0,0,0,0,0,0,0,0,0,0,0,2,0.855775,1.20968,0,1,2,0,0,0,0,0,1.1995,1.2136,-3.9185,0,0,0,0,0,0,0,-0,0,1.93684,0,0,0,0,0,0,0,0,0,0,0,0,0,0,0
17.9,0.00771132,-0.00833365,0.00251169,0,0,0,1.97468,1.52559,3.08615,0.000735253,-0.000582584,0.00493788,-0.000182559,0.000133704,-0.00182653,2,1.5,3.14159,0,0,0,0,0,0,0,0,0,0,0,2,2,1.5,3.14159,0,0,0,0,0,0,0,0,0,0,1.5708,1.5708,0,1.5708,1.5708,0,-0.00536076,0.00441048,-0.00188311,0,0,0,0.403375,0.393181,-0.763335,0.0011786,-0.000490372,0.000205745,0.0028783,-0.0014179,0.0102151,0.4,0.4,-0.785398,0,0,0,0.00693737,0.0451186,0,0.024377,0,0.00435149,0.000939034,0.0266623,2,0.4,0.4,-0.785398,0.344544,0.487027,3.7308e-15,0,0,0,0,0,0,0,0,0,0,0,0,0.855775,1.20968,0,0,0,0,0,0,0,0,0,0,0,0,2,0.855775,1.20968,0,1,2,0,0,0,0,0,1.1995,1.2136,-3.9185,0,0,0,0,0,0,0,-0,0,1.93684,0,0,0,0,0,0,0,0,0,0,0,0,0,0,0
17.95,0.00750819,-0.00816969,0.00216045,0,0,0,1.97476,1.52552,3.08672,0.000786059,-0.000623721,0.00568813,7.88074e-05,-2.5571e-05,0.00145853,2,1.5,3.14159,0,0,0,0,0,0,0,0,0,0,0,2,2,1.5,3.14159,0,0,0,0,0,0,0,0,0,0,1.5708,1.5708,0,1.5708,1.5708,0,-0.00073401,0.0019801,0.000244419,0,0,0,0.403357,0.393203,-0.763827,-0.000181868,0.000222757,-0.00492407,-0.00322325,0.00177844,-0.0133459,0.4,0.4,-0.785398,0,0,0,0.00693737,0.0451186,0,0.024377,0,0.00435149,0.000939034,0.0266623,2,0.4,0.4,-0.785398,0.344544,0.487027,3.7308e-15,0,0,0,0,0,0,0,0,0,0,0,0,0.855775,1.20968,0,0,0,0,0,0,0,0,0,0,0,0,2,0.855775,1.20968,0,1,2,0,0,0,0,0,1.2596,1.2706,-3.8615,0,0,0,0,0,0,0,-0,0,1.93687,0,0,0,0,0,0,0,0,0,0,0,0,0,0,0
18,0.00750819,-0.00816969,0.00216045,0,0,0,1.97476,1.52552,3.08672,0.000786059,-0.000623721,0.00568813,7.88074e-05,-2.5571e-05,0.00145853,2,1.5,3.14159,0,0,0,0,0,0,0,0,0,0,0,2,2,1.5,3.14159,0,0,0,0,0,0,0,0,0,0,1.5708,1.5708,0,1.5708,1.5708,0,-0.00073401,0.0019801,0.000244419,0,0,0,0.403357,0.393203,-0.763827,-0.000181868,0.000222757,-0.00492407,-0.00322325,0.00177844,-0.0133459,0.4,0.4,-0.785398,0,0,0,0.00930439,0.00246214,0.00602286,0.000820078,0,0,0.000724187,0,2,0.4,0.4,-0.785398,0.344544,0.487027,3.7308e-15,0,0,0,0,0,0,0,0,0,0,0,0,0.855775,1.20968,0,0,0,0,0,0,0,0,0,0,0,0,2,0.855775,1.20968,0,1,2,0,0,0,0,0,1.2596,1.2706,-3.8615,0,0,0,0,0,0,0,-0,0,1.93687,0,0,0,0,0,0,0,0,0,0,0,0,0,0,0
18.05,0.0077346,-0.00821093,0.00225602,0,0,0,1.97483,1.52546,3.08725,0.000710505,-0.000604295,0.00534576,-0.000220014,4.13606e-05,-5.33507e-05,2,1.5,3.14159,0,0,0,0,0,0,0,0,0,0,0,2,2,1.5,3.14159,0,0,0,0,0,0,0,0,0,0,1.5708,1.5708,0,1.5708,1.5708,0,-0.0031509,0.00246593,-0.00118572,0,0,0,0.403409,0.393211,-0.763965,0.000523723,7.87416e-05,-0.00138174,5.75823e-05,0.000925177,0.00295412,0.4,0.4,-0.785398,0,0,0,0.00930439,0.00246214,0.00602286,0.000820078,0,0,0.000724187,0,2,0.4,0.4,-0.785398,0.344544,0.487027,3.7308e-15,0,0,0,0,0,0,0,0,0,0,0,0,0.855775,1.20968,0,0,0,0,0,0,0,0,0,0,0,0,2,0.855775,1.20968,0,1,2,0,0,0,0,0,1.2596,1.2706,-3.8615,0,0,0,0,0,0,0,-0,0,1.93684,0,0,0,0,0,0,0,0,0,0,0,0,0,0,0
18.1,0.0077346,-0.00821093,0.00225602,0,0,0,1.97483,1.52546,3.08725,0.000710505,-0.000604295,0.00534576,-0.000220014,4.13606e-05,-5.33507e-05,2,1.5,3.14159,0,0,0,0,0,0,0,0,0,0,0,2,2,1.5,3.14159,0,0,0,0,0,0,0,0,0,0,1.5708,1.5708,0,1.5708,1.5708,0,-0.0031509,0.00246593,-0.00118572,0,0,0,0.403409,0.393211,-0.763965,0.000523723,7.87416e-05,-0.00138174,5.75823e-05,0.000925177,0.00295412,0.4,0.4,-0.785398,0,0,0,0.00393997,0.0273013,0,0.0151369,0,0.00383537,0.000674028,0.0169873,2,0.4,0.4,-0.785398,0.344544,0.487027,3.7308e-15,0,0,0,0,0,0,0,0,0,0,0,0,0.855775,1.20968,0,0,0,0,0,0,0,0,0,0,0,0,2,0.855775,1.20968,0,1,2,0,0,0,0,0,1.2596,1.2706,-3.8615,0,0,0,0,0,0,0,-0,0,1.93684,0,0,0,0,0,0,0,0,0,0,0,0,0,0,0
18.15,0.00778971,-0.00854543,0.00219596,0,0,0,1.9749,1.52541,3.08779,0.000685994,-0.000499238,0.00538555,-0.000270181,0.000453429,-7.54123e-05,2,1.5,3.14159,0,0,0,0,0,0,0,0,0,0,0,2,2,1.5,3.14159,0,0,0,0,0,0,0,0,0,0,1.5708,1.5708,0,1.5708,1.5708,0,-0.00378402,0.00394319,-0.000380432,0,0,0,0.403479,0.393176,-0.764295,0.000701861,-0.000352151,-0.00329474,0.00119056,-0.00128171,-0.00366517,0.4,0.4,-0.785398,0,0,0,0.00393997,0.0273013,0,0.0151369,0,0.00383537,0.000674028,0.0169873,2,0.4,0.4,-0.785398,0.344544,0.487027,3.7308e-15,0,0,0,0,0,0,0,0,0,0,0,0,0.855775,1.20968,0,0,0,0,0,0,0,0,0,0,0,0,2,0.855775,1.20968,0,1,2,0,0,0,0,0,1.2725,1.2804,-3.8516,0,0,0,0,0,0,0,-0,0,1.93683,0,0,0,0,0,0,0,0,0,0,0,0,0,0,0
18.2,0.00778971,-0.00854543,0.00219596,0,0,0,1.9749,1.52541,3.08779,0.000685994,-0.000499238,0.00538555,-0.000270181,0.000453429,-7.54123e-05,2,1.5,3.14159,0,0,0,0,0,0,0,0,0,0,0,2,2,1.5,3.14159,0,0,0,0,0,0,0,0,0,0,1.5708,1.5708,0,1.5708,1.5708,0,-0.00378402,0.00394319,-0.000380432,0,0,0,0.403479,0.393176,-0.764295,0.000701861,-0.000352151,-0.00329474,0.00119056,-0.00128171,-0.00366517,0.4,0.4,-0.785398,0,0,0,0.0132423,0.0240635,6.00827e-06,0.00607498,0,0,0,0.00448774,2,0.4,0.4,-0.785398,0.344544,0.487027,3.7308e-15,0,0,0,0,0,0,0,0,0,0,0,0,0.855775,1.20968,0,0,0,0,0,0,0,0,0,0,0,0,2,0.855775,1.20968,0,1,2,0,0,0,0,0,1.2725,1.2804,-3.8516,0,0,0,0,0,0,0,-0,0,1.93683,0,0,0,0,0,0,0,0,0,0,0,0,0,0,0
18.25,0.00800399,-0.00845869,0.00234089,0,0,0,1.97496,1.52536,3.08829,0.000615173,-0.000518747,0.00493,-0.000452084,0.000250121,-0.00186924,2,1.5,3.14159,0,0,0,0,0,0,0,0,0,0,0,2,2,1.5,3.14159,0,0,0,0,0,0,0,0,0,0,1.5708,1.5708,0,1.5708,1.5708,0,-0.00321251,0.00331571,-0.00083871,0,0,0,0.403532,0.393159,-0.764507,0.000527292,-0.000165389,-0.00212589,0.000170515,-0.00032192,0.00157451,0.4,0.4,-0.785398,0,0,0,0.0132423,0.0240635,6.00827e-06,0.00607498,0,0,0,0.00448774,2,0.4,0.4,-0.785398,0.344544,0.487027,3.7308e-15,0,0,0,0,0,0,0,0,0,0,0,0,0.855775,1.20968,0,0,0,0,0,0,0,0,0,0,0,0,2,0.855775,1.20968,0,1,2,0,0,0,0,0,1.2725,1.2804,-3.8516,0,0,0,0,0,0,0,-0,0,1.93682,0,0,0,0,0,0,0,0,0,0,0,0,0,0,0
18.3,0.00800399,-0.00845869,0.00234089,0,0,0,1.97496,1.52536,3.08829,0.000615173,-0.000518747,0.00493,-0.000452084,0.000250121,-0.00186924,2,1.5,3.14159,0,0,0,0,0,0,0,0,0,0,0,2,2,1.5,3.14159,0,0,0,0,0,0,0,0,0,0,1.5708,1.5708,0,1.5708,1.5708,0,-0.00321251,0.00331571,-0.00083871,0,0,0,0.403532,0.393159,-0.764507,0.000527292,-0.000165389,-0.00212589,0.000170515,-0.00032192,0.00157451,0.4,0.4,-0.785398,0,0,0,0.0056168,0.0253134,0,0.0120032,0,0,0,0.0106963,2,0.4,0.4,-0.785398,0.344544,0.487027,3.7308e-15,0,0,0,0,0,0,0,0,0,0,0,0,0.855775,1.20968,0,0,0,0,0,0,0,0,0,0,0,0,2,0.855775,1.20968,0,1,2,0,0,0,0,0,1.2725,1.2804,-3.8516,0,0,0,0,0,0,0,-0,0,1.93682,0,0,0,0,0,0,0,0,0,0,0,0,0,0,0
18.35,0.00768718,-0.00859608,0.00216217,0,0,0,1.97503,1.52531,3.08881,0.000700679,-0.000472409,0.00526425,4.55006e-05,0.000307914,-3.03931e-05,2,1.5,3.14159,0,0,0,0,0,0,0,0,0,0,0,2,2,1.5,3.14159,0,0,0,0,0,0,0,0,0,0,1.5708,1.5708,0,1.5708,1.5708,0,-0.00354426,0.00305191,-0.000766866,0,0,0,0.403594,0.393151,-0.764733,0.00061767,-8.66691e-05,-0.00225721,0.000325388,0.00025117,0.00113,0.4,0.4,-0.785398,0,0,0,0.0056168,0.0253134,0,0.0120032,0,0,0,0.0106963,2,0.4,0.4,-0.785398,0.344544,0.487027,3.7308e-15,0,0,0,0,0,0,0,0,0,0,0,0,0.855775,1.20968,0,0,0,0,0,0,0,0,0,0,0,0,2,0.855775,1.20968,0,1,2,0,0,0,0,0,1.274,1.279,-3.853,0,0,0,0,0,0,0,-0,0,1.9368,0,0,0,0,0,0,0,0,0,0,0,0,0,0,0
18.4,0.00768718,-0.00859608,0.00216217,0,0,0,1.97503,1.52531,3.08881,0.000700679,-0.000472409,0.00526425,4.55006e-05,0.000307914,-3.03931e-05,2,1.5,3.14159,0,0,0,0,0,0,0,0,0,0,0,2,2,1.5,3.14159,0,0,0,0,0,0,0,0,0,0,1.5708,1.5708,0,1.5708,1.5708,0,-0.00354426,0.00305191,-0.000766866,0,0,0,0.403594,0.393151,-0.764733,0.00061767,-8.66691e-05,-0.00225721,0.000325388,0.00025117,0.00113,0.4,0.4,-0.785398,0,0,0,0.00650583,0.0255341,0,0.00991927,0,0,0.000409584,0.0111531,2,0.4,0.4,-0.785398,0.344544,0.487027,3.7308e-15,0,0,0,0,0,0,0,0,0,0,0,0,0.855775,1.20968,0,0,0,0,0,0,0,0,0,0,0,0,2,0.855775,1.20968,0,1,2,0,0,0,0,0,1.274,1.279,-3.853,0,0,0,0,0,0,0,-0,0,1.9368,0,0,0,0,0,0,0,0,0,0,0,0,0,0,0
18.45,0.00768718,-0.00859608,0.00216217,0,0,0,1.97503,1.52531,3.08881,0.000700679,-0.000472409,0.00526425,4.55006e-05,0.000307914,-3.03931e-05,2,1.5,3.14159,0,0,0,0,0,0,0,0,0,0,0,2,2,1.5,3.14159,0,0,0,0,0,0,0,0,0,0,1.5708,1.5708,0,1.5708,1.5708,0,-0.00354426,0.00305191,-0.000766866,0,0,0,0.403594,0.393151,-0.764733,0.00061767,-8.66691e-05,-0.00225721,0.000325388,0.00025117,0.00113,0.4,0.4,-0.785398,0,0,0,0.00650583,0.0255341,0,0.00991927,0,0,0.000409584,0.0111531,2,0.4,0.4,-0.785398,0.344544,0.487027,3.7308e-15,0,0,0,0,0,0,0,0,0,0,0,0,0.855775,1.20968,0,0,0,0,0,0,0,0,0,0,0,0,2,0.855775,1.20968,0,1,2,0,0,0,0,0,1.274,1.279,-3.853,0,0,0,0,0,0,0,-0,0,1.9368,0,0,0,0,0,0,0,0,0,0,0,0,0,0,0
18.5,0.00827568,-0.00829318,0.00214949,0,0,0,1.97508,1.52526,3.08933,0.000520118,-0.000555525,0.00519136,-0.000626898,-0.000139333,-6.13737e-05,2,1.5,3.14159,0,0,0,0,0,0,0,0,0,0,0,2,2,1.5,3.14159,0,0,0,0,0,0,0,0,0,0,1.5708,1.5708,0,1.5708,1.5708,0,-0.00330527,0.00345606,-0.000780441,0,0,0,0.403648,0.39313,-0.764951,0.000540875,-0.000203286,-0.00218016,-9.06041e-05,-0.000237581,0.000926554,0.4,0.4,-0.785398,0,0,0,0.00650583,0.0255341,0,0.00991927,0,0,0.000409584,0.0111531,2,0.4,0.4,-0.785398,0.344544,0.487027,3.7308e-15,0,0,0,0,0,0,0,0,0,0,0,0,0.855775,1.20968,0,0,0,0,0,0,0,0,0,0,0,0,2,0.855775,1.20968,0,1,2,0,0,0,0,0,1.274,1.279,-3.853,0,0,0,0,0,0,0,-0,0,1.93678,0,0,0,0,0,0,0,0,0,0,0,0,0,0,0
18.55,0.00771603,-0.00842454,0.00203627,0,0,0,1.97515,1.52521,3.08987,0.000677847,-0.000510522,0.00536247,0.000162596,3.56978e-05,0.000641626,2,1.5,3.14159,0,0,0,0,0,0,0,0,0,0,0,2,2,1.5,3.14159,0,0,0,0,0,0,0,0,0,0,1.5708,1.5708,0,1.5708,1.5708,0,-0.00356684,0.00352112,-0.000942814,0,0,0,0.403709,0.393108,-0.765126,0.000610672,-0.000219842,-0.00174614,0.000168053,-0.000274945,0.00226338,0.4,0.4,-0.785398,0,0,0,0.00672501,0.0260403,0,0.0113864,0,0,0,0.00988002,2,0.4,0.4,-0.785398,0.344544,0.487027,3.7308e-15,0,0,0,0,0,0,0,0,0,0,0,0,0.855775,1.20968,0,0,0,0,0,0,0,0,0,0,0,0,2,0.855775,1.20968,0,1,2,0,0,0,0,0,1.2754,1.2775,-3.8545,0,0,0,0,0,0,0,-0,0,1.93677,0,0,0,0,0,0,0,0,0,0,0,0,0,0,0
18.6,0.00771603,-0.00842454,0.00203627,0,0,0,1.97515,1.52521,3.08987,0.000677847,-0.000510522,0.00536247,0.000162596,3.56978e-05,0.000641626,2,1.5,3.14159,0,0,0,0,0,0,0,0,0,0,0,2,2,1.5,3.14159,0,0,0,0,0,0,0,0,0,0,1.5708,1.5708,0,1.5708,1.5708,0,-0.00356684,0.00352112,-0.000942814,0,0,0,0.403709,0.393108,-0.765126,0.000610672,-0.000219842,-0.00174614,0.000168053,-0.000274945,0.00226338,0.4,0.4,-0.785398,0,0,0,0.00591772,0.0277688,0,0.0131562,0,0,0.000100439,0.0123957,2,0.4,0.4,-0.785398,0.344544,0.487027,3.7308e-15,0,0,0,0,0,0,0,0,0,0,0,0,0.855775,1.20968,0,0,0,0,0,0,0,0,0,0,0,0,2,0.855775,1.20968,0,1,2,0,0,0,0,0,1.2754,1.2775,-3.8545,0,0,0,0,0,0,0,-0,0,1.93677,0,0,0,0,0,0,0,0,0,0,0,0,0,0,0
18.65,0.00781908,-0.00913865,0.00255301,0,0,0,1.97521,1.52518,3.09027,0.000639686,-0.000295428,0.00401044,5.27947e-05,0.000904043,-0.00491604,2,1.5,3.14159,0,0,0,0,0,0,0,0,0,0,0,2,2,1.5,3.14159,0,0,0,0,0,0,0,0,0,0,1.5708,1.5708,0,1.5708,1.5708,0,-0.00434541,0.00329054,-0.00050485,0,0,0,0.403792,0.393093,-0.765402,0.000830125,-0.000150155,-0.00276701,0.00101348,0.000108039,-0.00254075,0.4,0.4,-0.785398,0,0,0,0.00591772,0.0277688,0,0.0131562,0,0,0.000100439,0.0123957,2,0.4,0.4,-0.785398,0.344544,0.487027,3.7308e-15,0,0,0,0,0,0,0,0,0,0,0,0,0.855775,1.20968,0,0,0,0,0,0,0,0,0,0,0,0,2,0.855775,1.20968,0,1,2,0,0,0,0,0,1.2754,1.2775,-3.8545,0,0,0,0,0,0,0,-0,0,1.93674,0,0,0,0,0,0,0,0,0,0,0,0,0,0,0
18.7,0.00781908,-0.00913865,0.00255301,0,0,0,1.97521,1.52518,3.09027,0.000639686,-0.000295428,0.00401044,5.27947e-05,0.000904043,-0.00491604,2,1.5,3.14159,0,0,0,0,0,0,0,0,0,0,0,2,2,1.5,3.14159,0,0,0,0,0,0,0,0,0,0,1.5708,1.5708,0,1.5708,1.5708,0,-0.00434541,0.00329054,-0.00050485,0,0,0,0.403792,0.393093,-0.765402,0.000830125,-0.000150155,-0.00276701,0.00101348,0.000108039,-0.00254075,0.4,0.4,-0.785398,0,0,0,0.011197,0.0257771,0,0.00532972,0,0,0.000822199,0.00890215,2,0.4,0.4,-0.785398,0.344544,0.487027,3.7308e-15,0,0,0,0,0,0,0,0,0,0,0,0,0.855775,1.20968,0,0,0,0,0,0,0,0,0,0,0,0,2,0.855775,1.20968,0,1,2,0,0,0,0,0,1.2754,1.2775,-3.8545,0,0,0,0,0,0,0,-0,0,1.93674,0,0,0,0,0,0,0,0,0,0,0,0,0,0,0
18.75,0.00949886,-0.00660118,0.00049351,0,0,0,1.97523,1.52507,3.09116,0.000140341,-0.00103486,0.00890003,-0.00197863,-0.00229427,0.0158334,2,1.5,3.14159,0,0,0,0,0,0,0,0,0,0,0,2,2,1.5,3.14159,0,0,0,0,0,0,0,0,0,0,1.5708,1.5708,0,1.5708,1.5708,0,-0.00308229,0.00292325,-0.000835357,0,0,0,0.403837,0.393089,-0.765594,0.000452754,-4.14923e-05,-0.00191635,-0.000785058,0.00055098,0.00122342,0.4,0.4,-0.785398,0,0,0,0.011197,0.0257771,0,0.00532972,0,0,0.000822199,0.00890215,2,0.4,0.4,-0.785398,0.344544,0.487027,3.7308e-15,0,0,0,0,0,0,0,0,0,0,0,0,0.855775,1.20968,0,0,0,0,0,0,0,0,0,0,0,0,2,0.855775,1.20968,0,1,2,0,0,0,0,0,1.3109,1.3105,-3.8216,0,0,0,0,0,0,0,-0,0,1.93666,0,0,0,0,0,0,0,0,0,0,0,0,0,0,0
18.8,0.00949886,-0.00660118,0.00049351,0,0,0,1.97523,1.52507,3.09116,0.000140341,-0.00103486,0.00890003,-0.00197863,-0.00229427,0.0158334,2,1.5,3.14159,0,0,0,0,0,0,0,0,0,0,0,2,2,1.5,3.14159,0,0,0,0,0,0,0,0,0,0,1.5708,1.5708,0,1.5708,1.5708,0,-0.00308229,0.00292325,-0.000835357,0,0,0,0.403837,0.393089,-0.765594,0.000452754,-4.14923e-05,-0.00191635,-0.000785058,0.00055098,0.00122342,0.4,0.4,-0.785398,0,0,0,0.00481702,0.023849,0,0.0114078,0,0,0.000188889,0.011253,2,0.4,0.4,-0.785398,0.344544,0.487027,3.7308e-15,0,0,0,0,0,0,0,0,0,0,0,0,0.855775,1.20968,0,0,0,0,0,0,0,0,0,0,0,0,2,0.855775,1.20968,0,1,2,0,0,0,0,0,1.3109,1.3105,-3.8216,0,0,0,0,0,0,0,-0,0,1.93666,0,0,0,0,0,0,0,0,0,0,0,0,0,0,0
18.85,0.00949886,-0.00660118,0.00049351,0,0,0,1.97523,1.52507,3.09116,0.000140341,-0.00103486,0.00890003,-0.00197863,-0.00229427,0.0158334,2,1.5,3.14159,0,0,0,0,0,0,0,0,0,0,0,2,2,1.5,3.14159,0,0,0,0,0,0,0,0,0,0,1.5708,1.5708,0,1.5708,1.5708,0,-0.00308229,0.00292325,-0.000835357,0,0,0,0.403837,0.393089,-0.765594,0.000452754,-4.14923e-05,-0.00191635,-0.000785058,0.00055098,0.00122342,0.4,0.4,-0.785398,0,0,0,0.00481702,0.023849,0,0.0114078,0,0,0.000188889,0.011253,2,0.4,0.4,-0.785398,0.344544,0.487027,3.7308e-15,0,0,0,0,0,0,0,0,0,0,0,0,0.855775,1.20968,0,0,0,0,0,0,0,0,0,0,0,0,2,0.855775,1.20968,0,1,2,0,0,0,0,0,1.3109,1.3105,-3.8216,0,0,0,0,0,0,0,-0,0,1.93666,0,0,0,0,0,0,0,0,0,0,0,0,0,0,0
18.9,0.00911364,-0.00767166,0.00136959,0,0,0,1.97525,1.525,3.09182,0.000251472,-0.000709249,0.00661154,-0.00101897,-0.000508337,0.00316242,2,1.5,3.14159,0,0,0,0,0,0,0,0,0,0,0,2,2,1.5,3.14159,0,0,0,0,0,0,0,0,0,0,1.5708,1.5708,0,1.5708,1.5708,0,-0.00429213,0.00336535,-0.00085585,0,0,0,0.403917,0.393072,-0.765777,0.000799585,-0.000169683,-0.00182932,0.000670695,-0.000121427,0.00159338,0.4,0.4,-0.785398,0,0,0,0.00481702,0.023849,0,0.0114078,0,0,0.000188889,0.011253,2,0.4,0.4,-0.785398,0.344544,0.487027,3.7308e-15,0,0,0,0,0,0,0,0,0,0,0,0,0.855775,1.20968,0,0,0,0,0,0,0,0,0,0,0,0,2,0.855775,1.20968,0,1,2,0,0,0,0,0,1.3109,1.3105,-3.8216,0,0,0,0,0,0,0,-0,0,1.93659,0,0,0,0,0,0,0,0,0,0,0,0,0,0,0
18.95,0.00911364,-0.00767166,0.00136959,0,0,0,1.97525,1.525,3.09182,0.000251472,-0.000709249,0.00661154,-0.00101897,-0.000508337,0.00316242,2,1.5,3.14159,0,0,0,0,0,0,0,0,0,0,0,2,2,1.5,3.14159,0,0,0,0,0,0,0,0,0,0,1.5708,1.5708,0,1.5708,1.5708,0,-0.00429213,0.00336535,-0.00085585,0,0,0,0.403917,0.393072,-0.765777,0.000799585,-0.000169683,-0.00182932,0.000670695,-0.000121427,0.00159338,0.4,0.4,-0.785398,0,0,0,0.0077699,0.0294503,0,0.0103468,0,0,0.00076762,0.0132947,2,0.4,0.4,-0.785398,0.344544,0.487027,3.7308e-15,0,0,0,0,0,0,0,0,0,0,0,0,0.855775,1.20968,0,0,0,0,0,0,0,0,0,0,0,0,2,0.855775,1.20968,0,1,2,0,0,0,0,0,1.2787,1.2739,-3.8576,0,0,0,0,0,0,0,-0,0,1.93659,0,0,0,0,0,0,0,0,0,0,0,0,0,0,0
19,0.00853671,-0.00821881,0.00163534,0,0,0,1.97529,1.52495,3.0924,0.000417421,-0.000540694,0.00584042,0.000181341,0.000609471,-0.00289249,2,1.5,3.14159,0,0,0,0,0,0,0,0,0,0,0,2,2,1.5,3.14159,0,0,0,0,0,0,0,0,0,0,1.5708,1.5708,0,1.5708,1.5708,0,-0.00345162,0.00296742,-0.000521221,0,0,0,0.403972,0.393067,-0.766037,0.000545576,-5.18724e-05,-0.00259958,-0.000414871,0.000306782,-0.00207239,0.4,0.4,-0.785398,0,0,0,0.0077699,0.0294503,0,0.0103468,0,0,0.00076762,0.0132947,2,0.4,0.4,-0.785398,0.344544,0.487027,3.7308e-15,0,0,0,0,0,0,0,0,0,0,0,0,0.855775,1.20968,0,0,0,0,0,0,0,0,0,0,0,0,2,0.855775,1.20968,0,1,2,0,0,0,0,0,1.2787,1.2739,-3.8576,0,0,0,0,0,0,0,-0,0,1.93655,0,0,0,0,0,0,0,0,0,0,0,0,0,0,0
19.05,0.00853671,-0.00821881,0.00163534,0,0,0,1.97529,1.52495,3.0924,0.000417421,-0.000540694,0.00584042,0.000181341,0.000609471,-0.00289249,2,1.5,3.14159,0,0,0,0,0,0,0,0,0,0,0,2,2,1.5,3.14159,0,0,0,0,0,0,0,0,0,0,1.5708,1.5708,0,1.5708,1.5708,0,-0.00345162,0.00296742,-0.000521221,0,0,0,0.403972,0.393067,-0.766037,0.000545576,-5.18724e-05,-0.00259958,-0.000414871,0.000306782,-0.00207239,0.4,0.4,-0.785398,0,0,0,0.00810442,0.022905,0,0.00656224,0,0,0.000381961,0.00788439,2,0.4,0.4,-0.785398,0.344544,0.487027,3.7308e-15,0,0,0,0,0,0,0,0,0,0,0,0,0.855775,1.20968,0,0,0,0,0,0,0,0,0,0,0,0,2,0.855775,1.20968,0,1,2,0,0,0,0,0,1.2787,1.2739,-3.8576,0,0,0,0,0,0,0,-0,0,1.93655,0,0,0,0,0,0,0,0,0,0,0,0,0,0,0
19.1,0.00862335,-0.00865896,0.0018246,0,0,0,1.97533,1.52491,3.09293,0.000387137,-0.000405456,0.00526904,0.000149921,0.00105818,-0.00484543,2,1.5,3.14159,0,0,0,0,0,0,0,0,0,0,0,2,2,1.5,3.14159,0,0,0,0,0,0,0,0,0,0,1.5708,1.5708,0,1.5708,1.5708,0,-0.00398659,0.00320039,-0.000742935,0,0,0,0.404041,0.393055,-0.766238,0.000694893,-0.000119072,-0.00201435,0.000199969,-2.62631e-05,0.000600358,0.4,0.4,-0.785398,0,0,0,0.00810442,0.022905,0,0.00656224,0,0,0.000381961,0.00788439,2,0.4,0.4,-0.785398,0.344544,0.487027,3.7308e-15,0,0,0,0,0,0,0,0,0,0,0,0,0.855775,1.20968,0,0,0,0,0,0,0,0,0,0,0,0,2,0.855775,1.20968,0,1,2,0,0,0,0,0,1.2787,1.2739,-3.8576,0,0,0,0,0,0,0,-0,0,1.9365,0,0,0,0,0,0,0,0,0,0,0,0,0,0,0
19.15,0.00862335,-0.00865896,0.0018246,0,0,0,1.97533,1.52491,3.09293,0.000387137,-0.000405456,0.00526904,0.000149921,0.00105818,-0.00484543,2,1.5,3.14159,0,0,0,0,0,0,0,0,0,0,0,2,2,1.5,3.14159,0,0,0,0,0,0,0,0,0,0,1.5708,1.5708,0,1.5708,1.5708,0,-0.00398659,0.00320039,-0.000742935,0,0,0,0.404041,0.393055,-0.766238,0.000694893,-0.000119072,-0.00201435,0.000199969,-2.62631e-05,0.000600358,0.4,0.4,-0.785398,0,0,0,0.00768271,0.0271824,0,0.00904358,0,0,0.000648126,0.0114952,2,0.4,0.4,-0.785398,0.344544,0.487027,3.7308e-15,0,0,0,0,0,0,0,0,0,0,0,0,0.855775,1.20968,0,0,0,0,0,0,0,0,0,0,0,0,2,0.855775,1.20968,0,1,2,0,0,0,0,0,1.2201,1.2122,-3.9192,0,0,0,0,0,0,0,-0,0,1.9365,0,0,0,0,0,0,0,0,0,0,0,0,0,0,0
19.2,0.00877512,-0.00906853,0.00215026,0,0,0,1.97537,1.52488,3.09337,0.000338139,-0.000280766,0.00437981,-0.000109471,0.00119379,-0.00671958,2,1.5,3.14159,0,0,0,0,0,0,0,0,0,0,0,2,2,1.5,3.14159,0,0,0,0,0,0,0,0,0,0,1.5708,1.5708,0,1.5708,1.5708,0,-0.00404708,0.00316726,-0.000758044,0,0,0,0.404112,0.393044,-0.766432,0.000704356,-0.000108034,-0.00193837,0.000242061,-1.68993e-05,0.00102298,0.4,0.4,-0.785398,0,0,0,0.00768271,0.0271824,0,0.00904358,0,0,0.000648126,0.0114952,2,0.4,0.4,-0.785398,0.344544,0.487027,3.7308e-15,0,0,0,0,0,0,0,0,0,0,0,0,0.855775,1.20968,0,0,0,0,0,0,0,0,0,0,0,0,2,0.855775,1.20968,0,1,2,0,0,0,0,0,1.2201,1.2122,-3.9192,0,0,0,0,0,0,0,-0,0,1.93646,0,0,0,0,0,0,0,0,0,0,0,0,0,0,0
19.25,0.00877512,-0.00906853,0.00215026,0,0,0,1.97537,1.52488,3.09337,0.000338139,-0.000280766,0.00437981,-0.000109471,0.00119379,-0.00671958,2,1.5,3.14159,0,0,0,0,0,0,0,0,0,0,0,2,2,1.5,3.14159,0,0,0,0,0,0,0,0,0,0,1.5708,1.5708,0,1.5708,1.5708,0,-0.00404708,0.00316726,-0.000758044,0,0,0,0.404112,0.393044,-0.766432,0.000704356,-0.000108034,-0.00193837,0.000242061,-1.68993e-05,0.00102298,0.4,0.4,-0.785398,0,0,0,0.0076292,0.0273885,0,0.00906781,0,0,0.000727219,0.0119062,2,0.4,0.4,-0.785398,0.344544,0.487027,3.7308e-15,0,0,0,0,0,0,0,0,0,0,0,0,0.855775,1.20968,0,0,0,0,0,0,0,0,0,0,0,0,2,0.855775,1.20968,0,1,2,0,0,0,0,0,1.2201,1.2122,-3.9192,0,0,0,0,0,0,0,-0,0,1.93646,0,0,0,0,0,0,0,0,0,0,0,0,0,0,0
19.3,0.0088908,-0.00969099,0.00239233,0,0,0,1.9754,1.52487,3.09374,0.000300285,-9.52124e-05,0.0037097,-0.000252306,0.00147679,-0.0069688,2,1.5,3.14159,0,0,0,0,0,0,0,0,0,0,0,2,2,1.5,3.14159,0,0,0,0,0,0,0,0,0,0,1.5708,1.5708,0,1.5708,1.5708,0,-0.00403339,0.00245444,-0.000640098,0,0,0,0.404181,0.393054,-0.76665,0.000692119,0.000100705,-0.00218445,0.000101781,0.000825253,-0.000310723,0.4,0.4,-0.785398,0,0,0,0.0076292,0.0273885,0,0.00906781,0,0,0.000727219,0.0119062,2,0.4,0.4,-0.785398,0.344544,0.487027,3.7308e-15,0,0,0,0,0,0,0,0,0,0,0,0,0.855775,1.20968,0,0,0,0,0,0,0,0,0,0,0,0,2,0.855775,1.20968,0,1,2,0,0,0,0,0,1.2201,1.2122,-3.9192,0,0,0,0,0,0,0,-0,0,1.93642,0,0,0,0,0,0,0,0,0,0,0,0,0,0,0
19.35,0.0088908,-0.00969099,0.00239233,0,0,0,1.9754,1.52487,3.09374,0.000300285,-9.52124e-05,0.0037097,-0.000252306,0.00147679,-0.0069688,2,1.5,3.14159,0,0,0,0,0,0,0,0,0,0,0,2,2,1.5,3.14159,0,0,0,0,0,0,0,0,0,0,1.5708,1.5708,0,1.5708,1.5708,0,-0.00403339,0.00245444,-0.000640098,0,0,0,0.404181,0.393054,-0.76665,0.000692119,0.000100705,-0.00218445,0.000101781,0.000825253,-0.000310723,0.4,0.4,-0.785398,0,0,0,0.00709085,0.0244143,0,0.0060638,0,0,0.00129529,0.0118916,2,0.4,0.4,-0.785398,0.344544,0.487027,3.7308e-15,0,0,0,0,0,0,0,0,0,0,0,0,0.855775,1.20968,0,0,0,0,0,0,0,0,0,0,0,0,2,0.855775,1.20968,0,1,2,0,0,0,0,0,1.2879,1.2779,-3.8536,0,0,0,0,0,0,0,-0,0,1.93642,0,0,0,0,0,0,0,0,0,0,0,0,0,0,0
19.4,0.00887869,-0.00927439,0.00237493,0,0,0,1.97543,1.52485,3.09411,0.000300289,-0.000216062,0.00367875,-0.000170823,0.000442116,-0.00434181,2,1.5,3.14159,0,0,0,0,0,0,0,0,0,0,0,2,2,1.5,3.14159,0,0,0,0,0,0,0,0,0,0,1.5708,1.5708,0,1.5708,1.5708,0,-0.00406549,0.00353032,-0.000691289,0,0,0,0.40425,0.393033,-0.766852,0.000693352,-0.000213621,-0.00201819,4.69976e-05,-0.000646511,0.000297435,0.4,0.4,-0.785398,0,0,0,0.00709085,0.0244143,0,0.0060638,0,0,0.00129529,0.0118916,2,0.4,0.4,-0.785398,0.344544,0.487027,3.7308e-15,0,0,0,0,0,0,0,0,0,0,0,0,0.855775,1.20968,0,0,0,0,0,0,0,0,0,0,0,0,2,0.855775,1.20968,0,1,2,0,0,0,0,0,1.2879,1.2779,-3.8536,0,0,0,0,0,0,0,-0,0,1.93639,0,0,0,0,0,0,0,0,0,0,0,0,0,0,0
19.45,0.00887869,-0.00927439,0.00237493,0,0,0,1.97543,1.52485,3.09411,0.000300289,-0.000216062,0.00367875,-0.000170823,0.000442116,-0.00434181,2,1.5,3.14159,0,0,0,0,0,0,0,0,0,0,0,2,2,1.5,3.14159,0,0,0,0,0,0,0,0,0,0,1.5708,1.5708,0,1.5708,1.5708,0,-0.00406549,0.00353032,-0.000691289,0,0,0,0.40425,0.393033,-0.766852,0.000693352,-0.000213621,-0.00201819,4.69976e-05,-0.000646511,0.000297435,0.4,0.4,-0.785398,0,0,0,0.00873773,0.0279975,0,0.00883941,0,0,0.000436701,0.0102523,2,0.4,0.4,-0.785398,0.344544,0.487027,3.7308e-15,0,0,0,0,0,0,0,0,0,0,0,0,0.855775,1.20968,0,0,0,0,0,0,0,0,0,0,0,0,2,0.855775,1.20968,0,1,2,0,0,0,0,0,1.2879,1.2779,-3.8536,0,0,0,0,0,0,0,-0,0,1.93639,0,0,0,0,0,0,0,0,0,0,0,0,0,0,0
19.5,0.0093752,-0.00983269,0.0024525,0,0,0,1.97544,1.52484,3.09445,0.000151383,-5.00541e-05,0.00341928,-0.000686567,0.000788785,-0.00328875,2,1.5,3.14159,0,0,0,0,0,0,0,0,0,0,0,2,2,1.5,3.14159,0,0,0,0,0,0,0,0,0,0,1.5708,1.5708,0,1.5708,1.5708,0,-0.00441246,0.00352432,-0.000608424,0,0,0,0.404329,0.393012,-0.76707,0.000786216,-0.000209373,-0.00217818,0.000391769,-0.000570364,-0.000378118,0.4,0.4,-0.785398,0,0,0,0.00873773,0.0279975,0,0.00883941,0,0,0.000436701,0.0102523,2,0.4,0.4,-0.785398,0.344544,0.487027,3.7308e-15,0,0,0,0,0,0,0,0,0,0,0,0,0.855775,1.20968,0,0,0,0,0,0,0,0,0,0,0,0,2,0.855775,1.20968,0,1,2,0,0,0,0,0,1.2879,1.2779,-3.8536,0,0,0,0,0,0,0,-0,0,1.93635,0,0,0,0,0,0,0,0,0,0,0,0,0,0,0
19.55,0.0093752,-0.00983269,0.0024525,0,0,0,1.97544,1.52484,3.09445,0.000151383,-5.00541e-05,0.00341928,-0.000686567,0.000788785,-0.00328875,2,1.5,3.14159,0,0,0,0,0,0,0,0,0,0,0,2,2,1.5,3.14159,0,0,0,0,0,0,0,0,0,0,1.5708,1.5708,0,1.5708,1.5708,0,-0.00441246,0.00352432,-0.000608424,0,0,0,0.404329,0.393012,-0.76707,0.000786216,-0.000209373,-0.00217818,0.000391769,-0.000570364,-0.000378118,0.4,0.4,-0.785398,0,0,0,0.0105005,0.0278987,0,0.00705128,0,0,0.000709107,0.00993118,2,0.4,0.4,-0.785398,0.344544,0.487027,3.7308e-15,0,0,0,0,0,0,0,0,0,0,0,0,0.855775,1.20968,0,0,0,0,0,0,0,0,0,0,0,0,2,0.855775,1.20968,0,1,2,0,0,0,0,0,1.2115,1.1997,-3.932,0,0,0,0,0,0,0,-0,0,1.93635,0,0,0,0,0,0,0,0,0,0,0,0,0,0,0
19.6,0.00902287,-0.00956791,0.00229492,0,0,0,1.97547,1.52483,3.09482,0.000252753,-0.000126987,0.00373225,-7.70555e-05,0.000213187,-0.000582073,2,1.5,3.14159,0,0,0,0,0,0,0,0,0,0,0,2,2,1.5,3.14159,0,0,0,0,0,0,0,0,0,0,1.5708,1.5708,0,1.5708,1.5708,0,-0.00382786,0.00304623,-0.000811009,0,0,0,0.40439,0.393005,-0.767235,0.000606851,-6.77671e-05,-0.00164732,-0.0004348,0.00023362,0.00180278,0.4,0.4,-0.785398,0,0,0,0.0105005,0.0278987,0,0.00705128,0,0,0.000709107,0.00993118,2,0.4,0.4,-0.785398,0.344544,0.487027,3.7308e-15,0,0,0,0,0,0,0,0,0,0,0,0,0.855775,1.20968,0,0,0,0,0,0,0,0,0,0,0,0,2,0.855775,1.20968,0,1,2,0,0,0,0,0,1.2115,1.1997,-3.932,0,0,0,0,0,0,0,-0,0,1.93632,0,0,0,0,0,0,0,0,0,0,0,0,0,0,0
19.65,0.00931302,-0.00992564,0.00250185,0,0,0,1.97548,1.52483,3.09514,0.000164827,-2.0756e-05,0.00315966,-0.000315002,0.000474521,-0.00226979,2,1.5,3.14159,0,0,0,0,0,0,0,0,0,0,0,2,2,1.5,3.14159,0,0,0,0,0,0,0,0,0,0,1.5708,1.5708,0,1.5708,1.5708,0,-0.00378083,0.00305104,-0.000347523,0,0,0,0.404448,0.392998,-0.767508,0.000586052,-6.83727e-05,-0.00273162,-0.000455914,0.000246688,-0.00295517,0.4,0.4,-0.785398,0,0,0,0.00669238,0.0267323,0,0.00994702,0,0,0.000661815,0.0124119,2,0.4,0.4,-0.785398,0.344544,0.487027,3.7308e-15,0,0,0,0,0,0,0,0,0,0,0,0,0.855775,1.20968,0,0,0,0,0,0,0,0,0,0,0,0,2,0.855775,1.20968,0,1,2,0,0,0,0,0,1.2115,1.1997,-3.932,0,0,0,0,0,0,0,-0,0,1.93628,0,0,0,0,0,0,0,0,0,0,0,0,0,0,0
19.7,0.00931302,-0.00992564,0.00250185,0,0,0,1.97548,1.52483,3.09514,0.000164827,-2.0756e-05,0.00315966,-0.000315002,0.000474521,-0.00226979,2,1.5,3.14159,0,0,0,0,0,0,0,0,0,0,0,2,2,1.5,3.14159,0,0,0,0,0,0,0,0,0,0,1.5708,1.5708,0,1.5708,1.5708,0,-0.00378083,0.00305104,-0.000347523,0,0,0,0.404448,0.392998,-0.767508,0.000586052,-6.83727e-05,-0.00273162,-0.000455914,0.000246688,-0.00295517,0.4,0.4,-0.785398,0,0,0,0.0114549,0.0215789,0,0.00374044,0,0,0.000554892,0.00614178,2,0.4,0.4,-0.785398,0.344544,0.487027,3.7308e-15,0,0,0,0,0,0,0,0,0,0,0,0,0.855775,1.20968,0,0,0,0,0,0,0,0,0,0,0,0,2,0.855775,1.20968,0,1,2,0,0,0,0,0,1.2115,1.1997,-3.932,0,0,0,0,0,0,0,-0,0,1.93628,0,0,0,0,0,0,0,0,0,0,0,0,0,0,0
19.75,0.00880204,-0.00936198,0.00227974,0,0,0,1.97552,1.52481,3.0955,0.000312489,-0.00018554,0.00363337,0.000368692,-0.000338124,0.000302041,2,1.5,3.14159,0,0,0,0,0,0,0,0,0,0,0,2,2,1.5,3.14159,0,0,0,0,0,0,0,0,0,0,1.5708,1.5708,0,1.5708,1.5708,0,-0.00455046,0.00250854,-0.00094769,0,0,0,0.404529,0.393008,-0.767631,0.000803195,9.03289e-05,-0.00123198,0.000591156,0.000784024,0.0035729,0.4,0.4,-0.785398,0,0,0,0.0114549,0.0215789,0,0.00374044,0,0,0.000554892,0.00614178,2,0.4,0.4,-0.785398,0.344544,0.487027,3.7308e-15,0,0,0,0,0,0,0,0,0,0,0,0,0.855775,1.20968,0,0,0,0,0,0,0,0,0,0,0,0,2,0.855775,1.20968,0,1,2,0,0,0,0,0,1.2828,1.2693,-3.8628,0,0,0,0,0,0,0,-0,0,1.93623,0,0,0,0,0,0,0,0,0,0,0,0,0,0,0
19.8,0.00880204,-0.00936198,0.00227974,0,0,0,1.97552,1.52481,3.0955,0.000312489,-0.00018554,0.00363337,0.000368692,-0.000338124,0.000302041,2,1.5,3.14159,0,0,0,0,0,0,0,0,0,0,0,2,2,1.5,3.14159,0,0,0,0,0,0,0,0,0,0,1.5708,1.5708,0,1.5708,1.5708,0,-0.00455046,0.00250854,-0.00094769,0,0,0,0.404529,0.393008,-0.767631,0.000803195,9.03289e-05,-0.00123198,0.000591156,0.000784024,0.0035729,0.4,0.4,-0.785398,0,0,0,0.0057891,0.0279993,0,0.00938134,0,0,0.00170076,0.0168524,2,0.4,0.4,-0.785398,0.344544,0.487027,3.7308e-15,0,0,0,0,0,0,0,0,0,0,0,0,0.855775,1.20968,0,0,0,0,0,0,0,0,0,0,0,0,2,0.855775,1.20968,0,1,2,0,0,0,0,0,1.2828,1.2693,-3.8628,0,0,0,0,0,0,0,-0,0,1.93623,0,0,0,0,0,0,0,0,0,0,0,0,0,0,0
19.85,0.00941076,-0.00968394,0.00233148,0,0,0,1.97553,1.5248,3.09585,0.000130582,-8.90885e-05,0.00343712,-0.000412982,7.24039e-05,-0.000254783,2,1.5,3.14159,0,0,0,0,0,0,0,0,0,0,0,2,2,1.5,3.14159,0,0,0,0,0,0,0,0,0,0,1.5708,1.5708,0,1.5708,1.5708,0,-0.00437675,0.00381317,8.37448e-05,0,0,0,0.404603,0.392978,-0.768,0.000743218,-0.000290453,-0.00369275,0.000256994,-0.000978117,-0.00680421,0.4,0.4,-0.785398,0,0,0,0.0057891,0.0279993,0,0.00938134,0,0,0.00170076,0.0168524,2,0.4,0.4,-0.785398,0.344544,0.487027,3.7308e-15,0,0,0,0,0,0,0,0,0,0,0,0,0.855775,1.20968,0,0,0,0,0,0,0,0,0,0,0,0,2,0.855775,1.20968,0,1,2,0,0,0,0,0,1.2828,1.2693,-3.8628,0,0,0,0,0,0,0,-0,0,1.93619,0,0,0,0,0,0,0,0,0,0,0,0,0,0,0
19.9,0.00941076,-0.00968394,0.00233148,0,0,0,1.97553,1.5248,3.09585,0.000130582,-8.90885e-05,0.00343712,-0.000412982,7.24039e-05,-0.000254783,2,1.5,3.14159,0,0,0,0,0,0,0,0,0,0,0,2,2,1.5,3.14159,0,0,0,0,0,0,0,0,0,0,1.5708,1.5708,0,1.5708,1.5708,0,-0.00437675,0.00381317,8.37448e-05,0,0,0,0.404603,0.392978,-0.768,0.000743218,-0.000290453,-0.00369275,0.000256994,-0.000978117,-0.00680421,0.4,0.4,-0.785398,0,0,0,0.0206716,0.0189686,0,0,0,0,0.00170866,0.000364927,2,0.4,0.4,-0.785398,0.344544,0.487027,3.7308e-15,0,0,0,0,0,0,0,0,0,0,0,0,0.855775,1.20968,0,0,0,0,0,0,0,0,0,0,0,0,2,0.855775,1.20968,0,1,2,0,0,0,0,0,1.2828,1.2693,-3.8628,0,0,0,0,0,0,0,-0,0,1.93619,0,0,0,0,0,0,0,0,0,0,0,0,0,0,0
19.95,0.00941076,-0.00968394,0.00233148,0,0,0,1.97553,1.5248,3.09585,0.000130582,-8.90885e-05,0.00343712,-0.000412982,7.24039e-05,-0.000254783,2,1.5,3.14159,0,0,0,0,0,0,0,0,0,0,0,2,2,1.5,3.14159,0,0,0,0,0,0,0,0,0,0,1.5708,1.5708,0,1.5708,1.5708,0,-0.00437675,0.00381317,8.37448e-05,0,0,0,0.404603,0.392978,-0.768,0.000743218,-0.000290453,-0.00369275,0.000256994,-0.000978117,-0.00680421,0.4,0.4,-0.785398,0,0,0,0.0206716,0.0189686,0,0,0,0,0.00170866,0.000364927,2,0.4,0.4,-0.785398,0.344544,0.487027,3.7308e-15,0,0,0,0,0,0,0,0,0,0,0,0,0.855775,1.20968,0,0,0,0,0,0,0,0,0,0,0,0,2,0.855775,1.20968,0,1,2,0,0,0,0,0,1.2837,1.2683,-3.8638,0,0,0,0,0,0,0,-0,0,1.93619,0,0,0,0,0,0,0,0,0,0,0,0,0,0,0
20,0.00902146,-0.00939651,0.00210575,0,0,0,1.97555,1.52479,3.09624,0.000243024,-0.000172193,0.00391412,9.53354e-05,-0.0002329,0.0016733,2,1.5,3.14159,0,0,0,0,0,0,0,0,0,0,0,2,2,1.5,3.14159,0,0,0,0,0,0,0,0,0,0,1.5708,1.5708,0,1.5708,1.5708,0,-0.00429931,0.00276401,-0.000437034,0,0,0,0.404674,0.39298,-0.768237,0.000711973,1.83184e-05,-0.00236552,-1.6651e-05,0.000408254,-0.000182567,0.4,0.4,-0.785398,0,0,0,0.0206716,0.0189686,0,0,0,0,0.00170866,0.000364927,2,0.4,0.4,-0.785398,0.344544,0.487027,3.7308e-15,0,0,0,0,0,0,0,0,0,0,0,0,0.855775,1.20968,0,0,0,0,0,0,0,0,0,0,0,0,2,0.855775,1.20968,0,1,2,0,0,0,0,0,1.2837,1.2683,-3.8638,0,0,0,0,0,0,0,-0,0,1.93614,0,0,0,0,0,0,0,0,0,0,0,0,0,0,0
20.05,0.00950821,-0.00984847,0.00216064,0,0,0,1.97556,1.52478,3.09661,9.7649e-05,-3.7839e-05,0.00370475,-0.000454482,0.000355428,0.000435241,2,1.5,3.14159,0,0,0,0,0,0,0,0,0,0,0,2,2,1.5,3.14159,0,0,0,0,0,0,0,0,0,0,1.5708,1.5708,0,1.5708,1.5708,0,-0.00411707,0.00318896,-0.000450392,0,0,0,0.404739,0.39297,-0.768466,0.000650586,-0.000105583,-0.00228686,-0.000291174,-6.23524e-05,0.00109683,0.4,0.4,-0.785398,0,0,0,0.0107048,0.0235329,0,0.00340455,0,0,0.00122994,0.00911747,2,0.4,0.4,-0.785398,0.344544,0.487027,3.7308e-15,0,0,0,0,0,0,0,0,0,0,0,0,0.855775,1.20968,0,0,0,0,0,0,0,0,0,0,0,0,2,0.855775,1.20968,0,1,2,0,0,0,0,0,1.2837,1.2683,-3.8638,0,0,0,0,0,0,0,-0,0,1.9361,0,0,0,0,0,0,0,0,0,0,0,0,0,0,0
20.1,0.00950821,-0.00984847,0.00216064,0,0,0,1.97556,1.52478,3.09661,9.7649e-05,-3.7839e-05,0.00370475,-0.000454482,0.000355428,0.000435241,2,1.5,3.14159,0,0,0,0,0,0,0,0,0,0,0,2,2,1.5,3.14159,0,0,0,0,0,0,0,0,0,0,1.5708,1.5708,0,1.5708,1.5708,0,-0.00411707,0.00318896,-0.000450392,0,0,0,0.404739,0.39297,-0.768466,0.000650586,-0.000105583,-0.00228686,-0.000291174,-6.23524e-05,0.00109683,0.4,0.4,-0.785398,0,0,0,0.0111615,0.0241979,0,0.00476996,0,0,0.000733072,0.0079551,2,0.4,0.4,-0.785398,0.344544,0.487027,3.7308e-15,0,0,0,0,0,0,0,0,0,0,0,0,0.855775,1.20968,0,0,0,0,0,0,0,0,0,0,0,0,2,0.855775,1.20968,0,1,2,0,0,0,0,0,1.2837,1.2683,-3.8638,0,0,0,0,0,0,0,-0,0,1.9361,0,0,0,0,0,0,0,0,0,0,0,0,0,0,0
20.15,0.00911224,-0.00917139,0.0020214,0,0,0,1.97558,1.52476,3.097,0.000212432,-0.000235629,0.00396784,0.00011117,-0.000497163,0.00114139,2,1.5,3.14159,0,0,0,0,0,0,0,0,0,0,0,2,2,1.5,3.14159,0,0,0,0,0,0,0,0,0,0,1.5708,1.5708,0,1.5708,1.5708,0,-0.00390046,0.0028745,-0.000320439,0,0,0,0.404797,0.392968,-0.768721,0.000579917,-1.28192e-05,-0.00255502,-0.000495028,0.000269583,-0.00023736,0.4,0.4,-0.785398,0,0,0,0.0111615,0.0241979,0,0.00476996,0,0,0.000733072,0.0079551,2,0.4,0.4,-0.785398,0.344544,0.487027,3.7308e-15,0,0,0,0,0,0,0,0,0,0,0,0,0.855775,1.20968,0,0,0,0,0,0,0,0,0,0,0,0,2,0.855775,1.20968,0,1,2,0,0,0,0,0,1.2846,1.2673,-3.8653,0,0,0,0,0,0,0,-0,0,1.93606,0,0,0,0,0,0,0,0,0,0,0,0,0,0,0
20.2,0.00911224,-0.00917139,0.0020214,0,0,0,1.97558,1.52476,3.097,0.000212432,-0.000235629,0.00396784,0.00011117,-0.000497163,0.00114139,2,1.5,3.14159,0,0,0,0,0,0,0,0,0,0,0,2,2,1.5,3.14159,0,0,0,0,0,0,0,0,0,0,1.5708,1.5708,0,1.5708,1.5708,0,-0.00390046,0.0028745,-0.000320439,0,0,0,0.404797,0.392968,-0.768721,0.000579917,-1.28192e-05,-0.00255502,-0.000495028,0.000269583,-0.00023736,0.4,0.4,-0.785398,0,0,0,0.0116588,0.0211221,0,0.00278187,0,0,0.000800163,0.00645558,2,0.4,0.4,-0.785398,0.344544,0.487027,3.7308e-15,0,0,0,0,0,0,0,0,0,0,0,0,0.855775,1.20968,0,0,0,0,0,0,0,0,0,0,0,0,2,0.855775,1.20968,0,1,2,0,0,0,0,0,1.2846,1.2673,-3.8653,0,0,0,0,0,0,0,-0,0,1.93606,0,0,0,0,0,0,0,0,0,0,0,0,0,0,0
20.25,0.00911224,-0.00917139,0.0020214,0,0,0,1.97558,1.52476,3.097,0.000212432,-0.000235629,0.00396784,0.00011117,-0.000497163,0.00114139,2,1.5,3.14159,0,0,0,0,0,0,0,0,0,0,0,2,2,1.5,3.14159,0,0,0,0,0,0,0,0,0,0,1.5708,1.5708,0,1.5708,1.5708,0,-0.00390046,0.0028745,-0.000320439,0,0,0,0.404797,0.392968,-0.768721,0.000579917,-1.28192e-05,-0.00255502,-0.000495028,0.000269583,-0.00023736,0.4,0.4,-0.785398,0,0,0,0.0116588,0.0211221,0,0.00278187,0,0,0.000800163,0.00645558,2,0.4,0.4,-0.785398,0.344544,0.487027,3.7308e-15,0,0,0,0,0,0,0,0,0,0,0,0,0.855775,1.20968,0,0,0,0,0,0,0,0,0,0,0,0,2,0.855775,1.20968,0,1,2,0,0,0,0,0,1.2846,1.2673,-3.8653,0,0,0,0,0,0,0,-0,0,1.93606,0,0,0,0,0,0,0,0,0,0,0,0,0,0,0
20.3,0.00964997,-0.0099667,0.00210788,0,0,0,1.97559,1.52476,3.09737,5.24904e-05,0,0.0036812,-0.000495691,0.000527514,-0.000362623,2,1.5,3.14159,0,0,0,0,0,0,0,0,0,0,0,2,2,1.5,3.14159,0,0,0,0,0,0,0,0,0,0,1.5708,1.5708,0,1.5708,1.5708,0,-0.00460715,0.00300293,-0.00062137,0,0,0,0.404875,0.392963,-0.768899,0.00077881,-5.00489e-05,-0.0017798,0.000470193,5.80189e-05,0.0027733,0.4,0.4,-0.785398,0,0,0,0.0116588,0.0211221,0,0.00278187,0,0,0.000800163,0.00645558,2,0.4,0.4,-0.785398,0.344544,0.487027,3.7308e-15,0,0,0,0,0,0,0,0,0,0,0,0,0.855775,1.20968,0,0,0,0,0,0,0,0,0,0,0,0,2,0.855775,1.20968,0,1,2,0,0,0,0,0,1.2846,1.2673,-3.8653,0,0,0,0,0,0,0,-0,0,1.936,0,0,0,0,0,0,0,0,0,0,0,0,0,0,0
20.35,0.0093142,-0.00912849,0.00183836,0,0,0,1.9756,1.52473,3.0978,0.000150178,-0.000245413,0.00425905,1.04942e-05,-0.000525106,0.00188584,2,1.5,3.14159,0,0,0,0,0,0,0,0,0,0,0,2,2,1.5,3.14159,0,0,0,0,0,0,0,0,0,0,1.5708,1.5708,0,1.5708,1.5708,0,-0.00442931,0.00221215,-0.000456501,0,0,0,0.404947,0.392982,-0.769113,0.000717926,0.000180702,-0.00214205,0.000169363,0.00092822,0.000626302,0.4,0.4,-0.785398,0,0,0,0.00946274,0.0274061,0,0.00579622,0,0,0.00131386,0.0117186,2,0.4,0.4,-0.785398,0.344544,0.487027,3.7308e-15,0,0,0,0,0,0,0,0,0,0,0,0,0.855775,1.20968,0,0,0,0,0,0,0,0,0,0,0,0,2,0.855775,1.20968,0,1,2,0,0,0,0,0,1.2856,1.2663,-3.8665,0,0,0,0,0,0,0,-0,0,1.93593,0,0,0,0,0,0,0,0,0,0,0,0,0,0,0
20.4,0.0093142,-0.00912849,0.00183836,0,0,0,1.9756,1.52473,3.0978,0.000150178,-0.000245413,0.00425905,1.04942e-05,-0.000525106,0.00188584,2,1.5,3.14159,0,0,0,0,0,0,0,0,0,0,0,2,2,1.5,3.14159,0,0,0,0,0,0,0,0,0,0,1.5708,1.5708,0,1.5708,1.5708,0,-0.00442931,0.00221215,-0.000456501,0,0,0,0.404947,0.392982,-0.769113,0.000717926,0.000180702,-0.00214205,0.000169363,0.00092822,0.000626302,0.4,0.4,-0.785398,0,0,0,0.00934415,0.0228769,0,0.00231459,0,0,0.00180193,0.0108952,2,0.4,0.4,-0.785398,0.344544,0.487027,3.7308e-15,0,0,0,0,0,0,0,0,0,0,0,0,0.855775,1.20968,0,0,0,0,0,0,0,0,0,0,0,0,2,0.855775,1.20968,0,1,2,0,0,0,0,0,1.2856,1.2663,-3.8665,0,0,0,0,0,0,0,-0,0,1.93593,0,0,0,0,0,0,0,0,0,0,0,0,0,0,0
20.45,0.00971686,-0.00968997,0.00199169,0,0,0,1.97561,1.52473,3.09818,3.05196e-05,-7.81301e-05,0.00380541,-0.000403239,0.000210523,-0.000373908,2,1.5,3.14159,0,0,0,0,0,0,0,0,0,0,0,2,2,1.5,3.14159,0,0,0,0,0,0,0,0,0,0,1.5708,1.5708,0,1.5708,1.5708,0,-0.00488986,0.00311093,-0.000178143,0,0,0,0.405031,0.392973,-0.76939,0.00084356,-8.30131e-05,-0.0027706,0.000563327,-0.000378504,-0.00242707,0.4,0.4,-0.785398,0,0,0,0.00934415,0.0228769,0,0.00231459,0,0,0.00180193,0.0108952,2,0.4,0.4,-0.785398,0.344544,0.487027,3.7308e-15,0,0,0,0,0,0,0,0,0,0,0,0,0.855775,1.20968,0,0,0,0,0,0,0,0,0,0,0,0,2,0.855775,1.20968,0,1,2,0,0,0,0,0,1.2856,1.2663,-3.8665,0,0,0,0,0,0,0,-0,0,1.93586,0,0,0,0,0,0,0,0,0,0,0,0,0,0,0
20.5,0.00971686,-0.00968997,0.00199169,0,0,0,1.97561,1.52473,3.09818,3.05196e-05,-7.81301e-05,0.00380541,-0.000403239,0.000210523,-0.000373908,2,1.5,3.14159,0,0,0,0,0,0,0,0,0,0,0,2,2,1.5,3.14159,0,0,0,0,0,0,0,0,0,0,1.5708,1.5708,0,1.5708,1.5708,0,-0.00488986,0.00311093,-0.000178143,0,0,0,0.405031,0.392973,-0.76939,0.00084356,-8.30131e-05,-0.0027706,0.000563327,-0.000378504,-0.00242707,0.4,0.4,-0.785398,0,0,0,0.0164821,0.0223158,0,0,0,0,0.00158754,0.00643999,2,0.4,0.4,-0.785398,0.344544,0.487027,3.7308e-15,0,0,0,0,0,0,0,0,0,0,0,0,0.855775,1.20968,0,0,0,0,0,0,0,0,0,0,0,0,2,0.855775,1.20968,0,1,2,0,0,0,0,0,1.2856,1.2663,-3.8665,0,0,0,0,0,0,0,-0,0,1.93586,0,0,0,0,0,0,0,0,0,0,0,0,0,0,0
20.55,0.00956968,-0.00880698,0.00172537,0,0,0,1.97561,1.52469,3.09862,7.32505e-05,-0.000335732,0.0043731,-0.000127419,-0.000803268,0.00173685,2,1.5,3.14159,0,0,0,0,0,0,0,0,0,0,0,2,2,1.5,3.14159,0,0,0,0,0,0,0,0,0,0,1.5708,1.5708,0,1.5708,1.5708,0,-0.00427802,0.00229217,-0.000257183,0,0,0,0.405097,0.392989,-0.769643,0.000655593,0.000156268,-0.00252574,-0.000359679,0.00055192,-0.000891656,0.4,0.4,-0.785398,0,0,0,0.0164821,0.0223158,0,0,0,0,0.00158754,0.00643999,2,0.4,0.4,-0.785398,0.344544,0.487027,3.7308e-15,0,0,0,0,0,0,0,0,0,0,0,0,0.855775,1.20968,0,0,0,0,0,0,0,0,0,0,0,0,2,0.855775,1.20968,0,1,2,0,0,0,0,0,1.3198,1.2984,-3.8345,0,0,0,0,0,0,0,-0,0,1.93579,0,0,0,0,0,0,0,0,0,0,0,0,0,0,0
20.6,0.00956968,-0.00880698,0.00172537,0,0,0,1.97561,1.52469,3.09862,7.32505e-05,-0.000335732,0.0043731,-0.000127419,-0.000803268,0.00173685,2,1.5,3.14159,0,0,0,0,0,0,0,0,0,0,0,2,2,1.5,3.14159,0,0,0,0,0,0,0,0,0,0,1.5708,1.5708,0,1.5708,1.5708,0,-0.00427802,0.00229217,-0.000257183,0,0,0,0.405097,0.392989,-0.769643,0.000655593,0.000156268,-0.00252574,-0.000359679,0.00055192,-0.000891656,0.4,0.4,-0.785398,0,0,0,0.0119378,0.0199264,0,4.67086e-05,0,0,0.00158251,0.00775173,2,0.4,0.4,-0.785398,0.344544,0.487027,3.7308e-15,0,0,0,0,0,0,0,0,0,0,0,0,0.855775,1.20968,0,0,0,0,0,0,0,0,0,0,0,0,2,0.855775,1.20968,0,1,2,0,0,0,0,0,1.3198,1.2984,-3.8345,0,0,0,0,0,0,0,-0,0,1.93579,0,0,0,0,0,0,0,0,0,0,0,0,0,0,0
20.65,0.00972937,-0.00973171,0.00194898,0,0,0,1.97562,1.52469,3.09899,2.56329e-05,-6.10306e-05,0.00374766,-0.000229422,0.000478018,-0.00116914,2,1.5,3.14159,0,0,0,0,0,0,0,0,0,0,0,2,2,1.5,3.14159,0,0,0,0,0,0,0,0,0,0,1.5708,1.5708,0,1.5708,1.5708,0,-0.004564,0.00267809,-0.00047476,0,0,0,0.40517,0.392993,-0.769838,0.000731148,4.21112e-05,-0.00195191,-3.8779e-05,1.2274e-06,0.00196454,0.4,0.4,-0.785398,0,0,0,0.0119378,0.0199264,0,4.67086e-05,0,0,0.00158251,0.00775173,2,0.4,0.4,-0.785398,0.344544,0.487027,3.7308e-15,0,0,0,0,0,0,0,0,0,0,0,0,0.855775,1.20968,0,0,0,0,0,0,0,0,0,0,0,0,2,0.855775,1.20968,0,1,2,0,0,0,0,0,1.3198,1.2984,-3.8345,0,0,0,0,0,0,0,-0,0,1.93573,0,0,0,0,0,0,0,0,0,0,0,0,0,0,0
20.7,0.00972937,-0.00973171,0.00194898,0,0,0,1.97562,1.52469,3.09899,2.56329e-05,-6.10306e-05,0.00374766,-0.000229422,0.000478018,-0.00116914,2,1.5,3.14159,0,0,0,0,0,0,0,0,0,0,0,2,2,1.5,3.14159,0,0,0,0,0,0,0,0,0,0,1.5708,1.5708,0,1.5708,1.5708,0,-0.004564,0.00267809,-0.00047476,0,0,0,0.40517,0.392993,-0.769838,0.000731148,4.21112e-05,-0.00195191,-3.8779e-05,1.2274e-06,0.00196454,0.4,0.4,-0.785398,0,0,0,0.0105686,0.0245457,0,0.00322793,0,0,0.00153031,0.0104157,2,0.4,0.4,-0.785398,0.344544,0.487027,3.7308e-15,0,0,0,0,0,0,0,0,0,0,0,0,0.855775,1.20968,0,0,0,0,0,0,0,0,0,0,0,0,2,0.855775,1.20968,0,1,2,0,0,0,0,0,1.3198,1.2984,-3.8345,0,0,0,0,0,0,0,-0,0,1.93573,0,0,0,0,0,0,0,0,0,0,0,0,0,0,0
20.75,0.00939082,-0.00927094,0.00171955,0,0,0,1.97563,1.52467,3.09941,0.000124449,-0.000195215,0.00422742,0.000243352,-7.58463e-05,0.000823172,2,1.5,3.14159,0,0,0,0,0,0,0,0,0,0,0,2,2,1.5,3.14159,0,0,0,0,0,0,0,0,0,0,1.5708,1.5708,0,1.5708,1.5708,0,-0.00452949,0.00299713,-0.000373872,0,0,0,0.405241,0.392988,-0.770054,0.000712532,-5.12437e-05,-0.0021566,-5.40007e-05,-0.000446837,0.000747334,0.4,0.4,-0.785398,0,0,0,0.0105686,0.0245457,0,0.00322793,0,0,0.00153031,0.0104157,2,0.4,0.4,-0.785398,0.344544,0.487027,3.7308e-15,0,0,0,0,0,0,0,0,0,0,0,0,0.855775,1.20968,0,0,0,0,0,0,0,0,0,0,0,0,2,0.855775,1.20968,0,1,2,0,0,0,0,0,1.2875,1.264,-3.869,0,0,0,0,0,0,0,-0,0,1.93567,0,0,0,0,0,0,0,0,0,0,0,0,0,0,0
20.8,0.00939082,-0.00927094,0.00171955,0,0,0,1.97563,1.52467,3.09941,0.000124449,-0.000195215,0.00422742,0.000243352,-7.58463e-05,0.000823172,2,1.5,3.14159,0,0,0,0,0,0,0,0,0,0,0,2,2,1.5,3.14159,0,0,0,0,0,0,0,0,0,0,1.5708,1.5708,0,1.5708,1.5708,0,-0.00452949,0.00299713,-0.000373872,0,0,0,0.405241,0.392988,-0.770054,0.000712532,-5.12437e-05,-0.0021566,-5.40007e-05,-0.000446837,0.000747334,0.4,0.4,-0.785398,0,0,0,0.012674,0.0237949,0,0.0025558,0,0,0.00122149,0.00829994,2,0.4,0.4,-0.785398,0.344544,0.487027,3.7308e-15,0,0,0,0,0,0,0,0,0,0,0,0,0.855775,1.20968,0,0,0,0,0,0,0,0,0,0,0,0,2,0.855775,1.20968,0,1,2,0,0,0,0,0,1.2875,1.264,-3.869,0,0,0,0,0,0,0,-0,0,1.93567,0,0,0,0,0,0,0,0,0,0,0,0,0,0,0
20.85,0.010057,-0.00959192,0.0018928,0,0,0,1.97562,1.52466,3.09979,-7.20662e-05,-9.89383e-05,0.00372641,-0.000575313,0.000264579,-0.00124672,2,1.5,3.14159,0,0,0,0,0,0,0,0,0,0,0,2,2,1.5,3.14159,0,0,0,0,0,0,0,0,0,0,1.5708,1.5708,0,1.5708,1.5708,0,-0.00495959,0.00200271,-0.00027013,0,0,0,0.405324,0.393012,-0.77029,0.000829372,0.000238796,-0.0023642,0.000430835,0.00082998,-0.000540829,0.4,0.4,-0.785398,0,0,0,0.012674,0.0237949,0,0.0025558,0,0,0.00122149,0.00829994,2,0.4,0.4,-0.785398,0.344544,0.487027,3.7308e-15,0,0,0,0,0,0,0,0,0,0,0,0,0.855775,1.20968,0,0,0,0,0,0,0,0,0,0,0,0,2,0.855775,1.20968,0,1,2,0,0,0,0,0,1.2875,1.264,-3.869,0,0,0,0,0,0,0,-0,0,1.93558,0,0,0,0,0,0,0,0,0,0,0,0,0,0,0
20.9,0.010057,-0.00959192,0.0018928,0,0,0,1.97562,1.52466,3.09979,-7.20662e-05,-9.89383e-05,0.00372641,-0.000575313,0.000264579,-0.00124672,2,1.5,3.14159,0,0,0,0,0,0,0,0,0,0,0,2,2,1.5,3.14159,0,0,0,0,0,0,0,0,0,0,1.5708,1.5708,0,1.5708,1.5708,0,-0.00495959,0.00200271,-0.00027013,0,0,0,0.405324,0.393012,-0.77029,0.000829372,0.000238796,-0.0023642,0.000430835,0.00082998,-0.000540829,0.4,0.4,-0.785398,0,0,0,0.0126009,0.0212285,0,0,0,0,0.00305596,0.0107383,2,0.4,0.4,-0.785398,0.344544,0.487027,3.7308e-15,0,0,0,0,0,0,0,0,0,0,0,0,0.855775,1.20968,0,0,0,0,0,0,0,0,0,0,0,0,2,0.855775,1.20968,0,1,2,0,0,0,0,0,1.2875,1.264,-3.869,0,0,0,0,0,0,0,-0,0,1.93558,0,0,0,0,0,0,0,0,0,0,0,0,0,0,0
20.95,0.00950946,-0.00898376,0.00166603,0,0,0,1.97563,1.52463,3.10021,8.90955e-05,-0.00027583,0.00420019,0.000187645,-0.000502196,0.000874354,2,1.5,3.14159,0,0,0,0,0,0,0,0,0,0,0,2,2,1.5,3.14159,0,0,0,0,0,0,0,0,0,0,1.5708,1.5708,0,1.5708,1.5708,0,-0.00908334,0.00512821,-0.00298366,0,0,0,0.405526,0.392944,-0.769868,0.0020199,-0.000673708,0.00421985,0.00508363,-0.00297461,0.025804,0.4,0.4,-0.785398,0,0,0,0.0126009,0.0212285,0,0,0,0,0.00305596,0.0107383,2,0.4,0.4,-0.785398,0.344544,0.487027,3.7308e-15,0,0,0,0,0,0,0,0,0,0,0,0,0.855775,1.20968,0,0,0,0,0,0,0,0,0,0,0,0,2,0.855775,1.20968,0,1,2,0,0,0,0,0,1.2882,1.2628,-3.8697,0,0,0,0,0,0,0,-0,0,1.93544,0,0,0,0,0,0,0,0,0,0,0,0,0,0,0
21,0.00950946,-0.00898376,0.00166603,0,0,0,1.97563,1.52463,3.10021,8.90955e-05,-0.00027583,0.00420019,0.000187645,-0.000502196,0.000874354,2,1.5,3.14159,0,0,0,0,0,0,0,0,0,0,0,2,2,1.5,3.14159,0,0,0,0,0,0,0,0,0,0,1.5708,1.5708,0,1.5708,1.5708,0,-0.00908334,0.00512821,-0.00298366,0,0,0,0.405526,0.392944,-0.769868,0.0020199,-0.000673708,0.00421985,0.00508363,-0.00297461,0.025804,0.4,0.4,-0.785398,0,0,0,0.0101579,0.0699359,0,0.0337431,0,0.00956329,0.00350084,0.0482851,2,0.4,0.4,-0.785398,0.344544,0.487027,3.7308e-15,0,0,0,0,0,0,0,0,0,0,0,0,0.855775,1.20968,0,0,0,0,0,0,0,0,0,0,0,0,2,0.855775,1.20968,0,1,2,0,0,0,0,0,1.2882,1.2628,-3.8697,0,0,0,0,0,0,0,-0,0,1.93544,0,0,0,0,0,0,0,0,0,0,0,0,0,0,0
21.05,0.00960998,-0.00976461,0.00182659,0,0,0,1.97564,1.52462,3.10058,5.86162e-05,-4.39622e-05,0.0037303,9.40997e-05,0.000521471,-0.00107279,2,1.5,3.14159,0,0,0,0,0,0,0,0,0,0,0,2,2,1.5,3.14159,0,0,0,0,0,0,0,0,0,0,1.5708,1.5708,0,1.5708,1.5708,0,-0.000953563,0.000251983,0.00235249,-0.0236799,0.00395765,-0.001916,0.405489,0.39302,-0.77074,-0.000370014,0.000753461,-0.00871931,-0.00586937,0.0034017,-0.0326409,0.4,0.4,-0.785398,0,0,0,0.0101579,0.0699359,0,0.0337431,0,0.00956329,0.00350084,0.0482851,2,0.4,0.4,-0.785398,0.344544,0.487027,3.7308e-15,0,0,0,0,0,0,0,0,0,0,0,0,0.855775,1.20968,0,0,0,0,0,0,0,0,0,0,0,0,2,0.855775,1.20968,0,1,2,0,0,0,0,0,1.2882,1.2628,-3.8697,0,0,0,0,0,0,0,-0,0,1.93543,0,0,0,0,0,0,0,0,0,0,0,0,0,0,0
21.1,0.00960998,-0.00976461,0.00182659,0,0,0,1.97564,1.52462,3.10058,5.86162e-05,-4.39622e-05,0.0037303,9.40997e-05,0.000521471,-0.00107279,2,1.5,3.14159,0,0,0,0,0,0,0,0,0,0,0,2,2,1.5,3.14159,0,0,0,0,0,0,0,0,0,0,1.5708,1.5708,0,1.5708,1.5708,0,-0.000953563,0.000251983,0.00235249,-0.0236764,0.00397829,-0.001916,0.405489,0.39302,-0.77074,-0.000370014,0.000753461,-0.00871931,-0.00586937,0.0034017,-0.0326409,0.4,0.4,-0.785398,0,0,0,0.0346762,0.000104571,0.0305553,0,0.028993,0,0.0322126,0.00106795,2,0.4,0.4,-0.785398,0.344544,0.487027,3.7308e-15,0,0,0,0,0,0,0,0,0,0,0,0,0.855775,1.20968,0,0,0,0,0,0,0,0,0,0,0,0,2,0.855775,1.20968,0,1,2,0,0,0,0,0,1.2882,1.2628,-3.8697,0,0,0,0,0,0,0,-0,0,1.93543,0,0,0,0,0,0,0,0,0,0,0,0,0,0,0
21.15,0.00933659,-0.00930414,0.00166401,0,0,0,1.97565,1.52461,3.10098,0.000137968,-0.00017826,0.00404919,0.000360968,-8.49862e-05,0.000370253,2,1.5,3.14159,0,0,0,0,0,0,0,0,0,0,0,2,2,1.5,3.14159,0,0,0,0,0,0,0,0,0,0,1.5708,1.5708,0,1.5708,1.5708,0,-0.00512118,0.00237826,-0.000320749,-0.0236764,0.00397829,-0.001916,0.405574,0.393032,-0.77095,0.000847347,0.000125759,-0.00210747,-0.000142925,0.000398226,-0.00109953,0.4,0.4,-0.785398,0,0,0,0.0346762,0.000104571,0.0305553,0,0.028993,0,0.0322126,0.00106795,2,0.4,0.4,-0.785398,0.344544,0.487027,3.7308e-15,0,0,0,0,0,0,0,0,0,0,0,0,0.855775,1.20968,0,0,0,0,0,0,0,0,0,0,0,0,2,0.855775,1.20968,0,1,2,0,0,0,0,0,1.3583,1.3307,-3.8026,0,0,0,0,0,0,0,-0,0,1.93536,0,0,0,0,0,0,0,0,0,0,0,0,0,0,0
21.2,0.00933659,-0.00930414,0.00166401,0,0,0,1.97565,1.52461,3.10098,0.000137968,-0.00017826,0.00404919,0.000360968,-8.49862e-05,0.000370253,2,1.5,3.14159,0,0,0,0,0,0,0,0,0,0,0,2,2,1.5,3.14159,0,0,0,0,0,0,0,0,0,0,1.5708,1.5708,0,1.5708,1.5708,0,-0.00512118,0.00237826,-0.000320749,-0.0236756,0.00398328,-0.001916,0.405574,0.393032,-0.77095,0.000847347,0.000125759,-0.00210747,-0.000142925,0.000398226,-0.00109953,0.4,0.4,-0.785398,0,0,0,0.0132084,0.0232102,0,0,0,0,0.00239294,0.0104644,2,0.4,0.4,-0.785398,0.344544,0.487027,3.7308e-15,0,0,0,0,0,0,0,0,0,0,0,0,0.855775,1.20968,0,0,0,0,0,0,0,0,0,0,0,0,2,0.855775,1.20968,0,1,2,0,0,0,0,0,1.3583,1.3307,-3.8026,0,0,0,0,0,0,0,-0,0,1.93536,0,0,0,0,0,0,0,0,0,0,0,0,0,0,0
21.25,0.00968553,-0.00916368,0.00179741,0,0,0,1.97565,1.52458,3.10135,3.41792e-05,-0.000217282,0.00364775,-0.000161808,-0.000289093,-0.00118611,2,1.5,3.14159,0,0,0,0,0,0,0,0,0,0,0,2,2,1.5,3.14159,0,0,0,0,0,0,0,0,0,0,1.5708,1.5708,0,1.5708,1.5708,0,-0.00498686,0.00255993,-0.00053285,-0.0236756,0.00398328,-0.001916,0.405654,0.393039,-0.771106,0.000798323,7.14096e-05,-0.00155505,0.000493841,-0.000384758,0.00581826,0.4,0.4,-0.785398,0,0,0,0.0132084,0.0232102,0,0,0,0,0.00239294,0.0104644,2,0.4,0.4,-0.785398,0.344544,0.487027,3.7308e-15,0,0,0,0,0,0,0,0,0,0,0,0,0.855775,1.20968,0,0,0,0,0,0,0,0,0,0,0,0,2,0.855775,1.20968,0,1,2,0,0,0,0,0,1.3583,1.3307,-3.8026,0,0,0,0,0,0,0,-0,0,1.93528,0,0,0,0,0,0,0,0,0,0,0,0,0,0,0
21.3,0.00968553,-0.00916368,0.00179741,0,0,0,1.97565,1.52458,3.10135,3.41792e-05,-0.000217282,0.00364775,-0.000161808,-0.000289093,-0.00118611,2,1.5,3.14159,0,0,0,0,0,0,0,0,0,0,0,2,2,1.5,3.14159,0,0,0,0,0,0,0,0,0,0,1.5708,1.5708,0,1.5708,1.5708,0,-0.00498686,0.00255993,-0.00053285,0,0,0,0.405654,0.393039,-0.771106,0.000798323,7.14096e-05,-0.00155505,0.000493841,-0.000384758,0.00581826,0.4,0.4,-0.785398,0,0,0,0.0104316,0.0261776,0,0.00297071,0,0,0.00198694,0.0123996,2,0.4,0.4,-0.785398,0.344544,0.487027,3.7308e-15,0,0,0,0,0,0,0,0,0,0,0,0,0.855775,1.20968,0,0,0,0,0,0,0,0,0,0,0,0,2,0.855775,1.20968,0,1,2,0,0,0,0,0,1.3583,1.3307,-3.8026,0,0,0,0,0,0,0,-0,0,1.93528,0,0,0,0,0,0,0,0,0,0,0,0,0,0,0
21.35,0.00942983,-0.0096886,0.00163129,0,0,0,1.97566,1.52458,3.10175,0.000108642,-6.1035e-05,0.00397681,0.000129599,0.000423177,0.000390873,2,1.5,3.14159,0,0,0,0,0,0,0,0,0,0,0,2,2,1.5,3.14159,0,0,0,0,0,0,0,0,0,0,1.5708,1.5708,0,1.5708,1.5708,0,-0.00428092,0.00275836,6.89038e-05,0,0,0,0.405712,0.393041,-0.771403,0.000583498,1.28174e-05,-0.00297428,-0.000475937,-0.000571172,-0.00124027,0.4,0.4,-0.785398,0,0,0,0.0104316,0.0261776,0,0.00297071,0,0,0.00198694,0.0123996,2,0.4,0.4,-0.785398,0.344544,0.487027,3.7308e-15,0,0,0,0,0,0,0,0,0,0,0,0,0.855775,1.20968,0,0,0,0,0,0,0,0,0,0,0,0,2,0.855775,1.20968,0,1,2,0,0,0,0,0,1.2001,1.1705,-3.9628,0,0,0,0,0,0,0,-0,0,1.93523,0,0,0,0,0,0,0,0,0,0,0,0,0,0,0
21.4,0.00942983,-0.0096886,0.00163129,0,0,0,1.97566,1.52458,3.10175,0.000108642,-6.1035e-05,0.00397681,0.000129599,0.000423177,0.000390873,2,1.5,3.14159,0,0,0,0,0,0,0,0,0,0,0,2,2,1.5,3.14159,0,0,0,0,0,0,0,0,0,0,1.5708,1.5708,0,1.5708,1.5708,0,-0.00428092,0.00275836,6.89038e-05,0,0,0,0.405712,0.393041,-0.771403,0.000583498,1.28174e-05,-0.00297428,-0.000475937,-0.000571172,-0.00124027,0.4,0.4,-0.785398,0,0,0,0.0175964,0.0165099,0,0,0,0,0.00394822,0.0029316,2,0.4,0.4,-0.785398,0.344544,0.487027,3.7308e-15,0,0,0,0,0,0,0,0,0,0,0,0,0.855775,1.20968,0,0,0,0,0,0,0,0,0,0,0,0,2,0.855775,1.20968,0,1,2,0,0,0,0,0,1.2001,1.1705,-3.9628,0,0,0,0,0,0,0,-0,0,1.93523,0,0,0,0,0,0,0,0,0,0,0,0,0,0,0
21.45,0.00954224,-0.00942773,0.00188672,0,0,0,1.97567,1.52457,3.10207,7.44484e-05,-0.000136692,0.00328239,-1.93611e-05,4.81231e-05,-0.00232568,2,1.5,3.14159,0,0,0,0,0,0,0,0,0,0,0,2,2,1.5,3.14159,0,0,0,0,0,0,0,0,0,0,1.5708,1.5708,0,1.5708,1.5708,0,-0.00462689,0.00225677,0.000111471,0,0,0,0.40578,0.393057,-0.771705,0.000677357,0.00015866,-0.00301838,-4.1752e-05,0.000214628,-0.00187697,0.4,0.4,-0.785398,0,0,0,0.0175964,0.0165099,0,0,0,0,0.00394822,0.0029316,2,0.4,0.4,-0.785398,0.344544,0.487027,3.7308e-15,0,0,0,0,0,0,0,0,0,0,0,0,0.855775,1.20968,0,0,0,0,0,0,0,0,0,0,0,0,2,0.855775,1.20968,0,1,2,0,0,0,0,0,1.2001,1.1705,-3.9628,0,0,0,0,0,0,0,-0,0,1.93517,0,0,0,0,0,0,0,0,0,0,0,0,0,0,0
21.5,0.00954224,-0.00942773,0.00188672,0,0,0,1.97567,1.52457,3.10207,7.44484e-05,-0.000136692,0.00328239,-1.93611e-05,4.81231e-05,-0.00232568,2,1.5,3.14159,0,0,0,0,0,0,0,0,0,0,0,2,2,1.5,3.14159,0,0,0,0,0,0,0,0,0,0,1.5708,1.5708,0,1.5708,1.5708,0,-0.00462689,0.00225677,0.000111471,0,0,0,0.40578,0.393057,-0.771705,0.000677357,0.00015866,-0.00301838,-4.1752e-05,0.000214628,-0.00187697,0.4,0.4,-0.785398,0,0,0,0.017722,0.0156891,0,0,0,0,0.00644933,0.00454687,2,0.4,0.4,-0.785398,0.344544,0.487027,3.7308e-15,0,0,0,0,0,0,0,0,0,0,0,0,0.855775,1.20968,0,0,0,0,0,0,0,0,0,0,0,0,2,0.855775,1.20968,0,1,2,0,0,0,0,0,1.2001,1.1705,-3.9628,0,0,0,0,0,0,0,-0,0,1.93517,0,0,0,0,0,0,0,0,0,0,0,0,0,0,0
21.55,0.0095725,-0.00909259,0.00168544,0,0,0,1.97568,1.52454,3.10244,6.47116e-05,-0.000233206,0.00370346,-7.07548e-05,-0.000407363,-8.45867e-05,2,1.5,3.14159,0,0,0,0,0,0,0,0,0,0,0,2,2,1.5,3.14159,0,0,0,0,0,0,0,0,0,0,1.5708,1.5708,0,1.5708,1.5708,0,-0.00423978,0.00268223,0.000884352,0,0,0,0.405835,0.39306,-0.772187,0.000556749,3.29654e-05,-0.00482117,-0.000448758,-0.000267144,-0.00841403,0.4,0.4,-0.785398,0,0,0,0.017722,0.0156891,0,0,0,0,0.00644933,0.00454687,2,0.4,0.4,-0.785398,0.344544,0.487027,3.7308e-15,0,0,0,0,0,0,0,0,0,0,0,0,0.855775,1.20968,0,0,0,0,0,0,0,0,0,0,0,0,2,0.855775,1.20968,0,1,2,0,0,0,0,0,1.3182,1.2867,-3.8472,0,0,0,0,0,0,0,-0,0,1.93511,0,0,0,0,0,0,0,0,0,0,0,0,0,0,0
21.6,0.0095725,-0.00909259,0.00168544,0,0,0,1.97568,1.52454,3.10244,6.47116e-05,-0.000233206,0.00370346,-7.07548e-05,-0.000407363,-8.45867e-05,2,1.5,3.14159,0,0,0,0,0,0,0,0,0,0,0,2,2,1.5,3.14159,0,0,0,0,0,0,0,0,0,0,1.5708,1.5708,0,1.5708,1.5708,0,-0.00423978,0.00268223,0.000884352,0,0,0,0.405835,0.39306,-0.772187,0.000556749,3.29654e-05,-0.00482117,-0.000448758,-0.000267144,-0.00841403,0.4,0.4,-0.785398,0,0,0,0.0269236,0.00601621,0.00867329,0,0,0,0.0143958,0.00135231,2,0.4,0.4,-0.785398,0.344544,0.487027,3.7308e-15,0,0,0,0,0,0,0,0,0,0,0,0,0.855775,1.20968,0,0,0,0,0,0,0,0,0,0,0,0,2,0.855775,1.20968,0,1,2,0,0,0,0,0,1.3182,1.2867,-3.8472,0,0,0,0,0,0,0,-0,0,1.93511,0,0,0,0,0,0,0,0,0,0,0,0,0,0,0
21.65,0.00947815,-0.00987972,0.00181734,0,0,0,1.97569,1.52454,3.10278,9.15753e-05,0,0.00331245,5.79395e-05,0.000625427,-0.00130755,2,1.5,3.14159,0,0,0,0,0,0,0,0,0,0,0,2,2,1.5,3.14159,0,0,0,0,0,0,0,0,0,0,1.5708,1.5708,0,1.5708,1.5708,0,-0.0053321,0.00265153,-0.000561464,0,0,0,0.405922,0.393064,-0.772311,0.000868157,4.15152e-05,-0.0012431,0.000919951,-0.000191427,0.00835749,0.4,0.4,-0.785398,0,0,0,0.0269236,0.00601621,0.00867329,0,0,0,0.0143958,0.00135231,2,0.4,0.4,-0.785398,0.344544,0.487027,3.7308e-15,0,0,0,0,0,0,0,0,0,0,0,0,0.855775,1.20968,0,0,0,0,0,0,0,0,0,0,0,0,2,0.855775,1.20968,0,1,2,0,0,0,0,0,1.3182,1.2867,-3.8472,0,0,0,0,0,0,0,-0,0,1.93505,0,0,0,0,0,0,0,0,0,0,0,0,0,0,0
21.7,0.00947815,-0.00987972,0.00181734,0,0,0,1.97569,1.52454,3.10278,9.15753e-05,0,0.00331245,5.79395e-05,0.000625427,-0.00130755,2,1.5,3.14159,0,0,0,0,0,0,0,0,0,0,0,2,2,1.5,3.14159,0,0,0,0,0,0,0,0,0,0,1.5708,1.5708,0,1.5708,1.5708,0,-0.0053321,0.00265153,-0.000561464,0,0,0,0.405922,0.393064,-0.772311,0.000868157,4.15152e-05,-0.0012431,0.000919951,-0.000191427,0.00835749,0.4,0.4,-0.785398,0,0,0,0.0110452,0.027676,0,0.00287516,0,0,0.00220212,0.013359,2,0.4,0.4,-0.785398,0.344544,0.487027,3.7308e-15,0,0,0,0,0,0,0,0,0,0,0,0,0.855775,1.20968,0,0,0,0,0,0,0,0,0,0,0,0,2,0.855775,1.20968,0,1,2,0,0,0,0,0,1.3182,1.2867,-3.8472,0,0,0,0,0,0,0,-0,0,1.93505,0,0,0,0,0,0,0,0,0,0,0,0,0,0,0
21.75,0.0092327,-0.00941691,0.0016671,0,0,0,1.9757,1.52453,3.10314,0.000162359,-0.000135503,0.00360978,0.000335079,-2.60418e-05,0.000238371,2,1.5,3.14159,0,0,0,0,0,0,0,0,0,0,0,2,2,1.5,3.14159,0,0,0,0,0,0,0,0,0,0,1.5708,1.5708,0,1.5708,1.5708,0,-0.00479594,0.00279249,0.000359006,0,0,0,0.405992,0.393064,-0.772655,0.000701928,0,-0.00343632,7.38963e-05,-0.000270566,-0.00147483,0.4,0.4,-0.785398,0,0,0,0.0110452,0.027676,0,0.00287516,0,0,0.00220212,0.013359,2,0.4,0.4,-0.785398,0.344544,0.487027,3.7308e-15,0,0,0,0,0,0,0,0,0,0,0,0,0.855775,1.20968,0,0,0,0,0,0,0,0,0,0,0,0,2,0.855775,1.20968,0,1,2,0,0,0,0,0,1.2168,1.1835,-3.9506,0,0,0,0,0,0,0,-0,0,1.935,0,0,0,0,0,0,0,0,0,0,0,0,0,0,0
21.8,0.0092327,-0.00941691,0.0016671,0,0,0,1.9757,1.52453,3.10314,0.000162359,-0.000135503,0.00360978,0.000335079,-2.60418e-05,0.000238371,2,1.5,3.14159,0,0,0,0,0,0,0,0,0,0,0,2,2,1.5,3.14159,0,0,0,0,0,0,0,0,0,0,1.5708,1.5708,0,1.5708,1.5708,0,-0.00479594,0.00279249,0.000359006,0,0,0,0.405992,0.393064,-0.772655,0.000701928,0,-0.00343632,7.38963e-05,-0.000270566,-0.00147483,0.4,0.4,-0.785398,0,0,0,0.0228689,0.0139609,0.000486558,0,0,0,0.00830339,0.00162144,2,0.4,0.4,-0.785398,0.344544,0.487027,3.7308e-15,0,0,0,0,0,0,0,0,0,0,0,0,0.855775,1.20968,0,0,0,0,0,0,0,0,0,0,0,0,2,0.855775,1.20968,0,1,2,0,0,0,0,0,1.2168,1.1835,-3.9506,0,0,0,0,0,0,0,-0,0,1.935,0,0,0,0,0,0,0,0,0,0,0,0,0,0,0
21.85,0.00963476,-0.00961574,0.00197756,0,0,0,1.97571,1.52452,3.10342,4.27299e-05,-7.56929e-05,0.00278984,-0.000239338,0.000135197,-0.00292537,2,1.5,3.14159,0,0,0,0,0,0,0,0,0,0,0,2,2,1.5,3.14159,0,0,0,0,0,0,0,0,0,0,1.5708,1.5708,0,1.5708,1.5708,0,-0.00493766,0.00268763,0.000221377,0,0,0,0.406066,0.393067,-0.772959,0.000734954,3.05213e-05,-0.00303723,6.14701e-05,-5.12332e-05,-0.000620689,0.4,0.4,-0.785398,0,0,0,0.0228689,0.0139609,0.000486558,0,0,0,0.00830339,0.00162144,2,0.4,0.4,-0.785398,0.344544,0.487027,3.7308e-15,0,0,0,0,0,0,0,0,0,0,0,0,0.855775,1.20968,0,0,0,0,0,0,0,0,0,0,0,0,2,0.855775,1.20968,0,1,2,0,0,0,0,0,1.2168,1.1835,-3.9506,0,0,0,0,0,0,0,-0,0,1.93493,0,0,0,0,0,0,0,0,0,0,0,0,0,0,0
21.9,0.00963476,-0.00961574,0.00197756,0,0,0,1.97571,1.52452,3.10342,4.27299e-05,-7.56929e-05,0.00278984,-0.000239338,0.000135197,-0.00292537,2,1.5,3.14159,0,0,0,0,0,0,0,0,0,0,0,2,2,1.5,3.14159,0,0,0,0,0,0,0,0,0,0,1.5708,1.5708,0,1.5708,1.5708,0,-0.00493766,0.00268763,0.000221377,0,0,0,0.406066,0.393067,-0.772959,0.000734954,3.05213e-05,-0.00303723,6.14701e-05,-5.12332e-05,-0.000620689,0.4,0.4,-0.785398,0,0,0,0.0210276,0.0159824,0,0,0,0,0.00757435,0.00285289,2,0.4,0.4,-0.785398,0.344544,0.487027,3.7308e-15,0,0,0,0,0,0,0,0,0,0,0,0,0.855775,1.20968,0,0,0,0,0,0,0,0,0,0,0,0,2,0.855775,1.20968,0,1,2,0,0,0,0,0,1.2168,1.1835,-3.9506,0,0,0,0,0,0,0,-0,0,1.93493,0,0,0,0,0,0,0,0,0,0,0,0,0,0,0
21.95,0.00931618,-0.00930002,0.00165255,0,0,0,1.97572,1.5245,3.10377,0.000135498,-0.000167236,0.00351906,0.000149237,-0.000262806,0.000729853,2,1.5,3.14159,0,0,0,0,0,0,0,0,0,0,0,2,2,1.5,3.14159,0,0,0,0,0,0,0,0,0,0,1.5708,1.5708,0,1.5708,1.5708,0,-0.00497952,0.00264238,-0.000235444,0,0,0,0.40614,0.393071,-0.773146,0.000738525,4.3335e-05,-0.00187695,4.97101e-05,5.01324e-05,0.00437825,0.4,0.4,-0.785398,0,0,0,0.0210276,0.0159824,0,0,0,0,0.00757435,0.00285289,2,0.4,0.4,-0.785398,0.344544,0.487027,3.7308e-15,0,0,0,0,0,0,0,0,0,0,0,0,0.855775,1.20968,0,0,0,0,0,0,0,0,0,0,0,0,2,0.855775,1.20968,0,1,2,0,0,0,0,0,1.2927,1.2578,-3.8765,0,0,0,0,0,0,0,-0,0,1.93487,0,0,0,0,0,0,0,0,0,0,0,0,0,0,0
22,0.00931618,-0.00930002,0.00165255,0,0,0,1.97572,1.5245,3.10377,0.000135498,-0.000167236,0.00351906,0.000149237,-0.000262806,0.000729853,2,1.5,3.14159,0,0,0,0,0,0,0,0,0,0,0,2,2,1.5,3.14159,0,0,0,0,0,0,0,0,0,0,1.5708,1.5708,0,1.5708,1.5708,0,-0.00497952,0.00264238,-0.000235444,0,0,0,0.40614,0.393071,-0.773146,0.000738525,4.3335e-05,-0.00187695,4.97101e-05,5.01324e-05,0.00437825,0.4,0.4,-0.785398,0,0,0,0.0147075,0.0222573,0,0,0,0,0.00224032,0.00865184,2,0.4,0.4,-0.785398,0.344544,0.487027,3.7308e-15,0,0,0,0,0,0,0,0,0,0,0,0,0.855775,1.20968,0,0,0,0,0,0,0,0,0,0,0,0,2,0.855775,1.20968,0,1,2,0,0,0,0,0,1.2927,1.2578,-3.8765,0,0,0,0,0,0,0,-0,0,1.93487,0,0,0,0,0,0,0,0,0,0,0,0,0,0,0
22.05,0.00931477,-0.00938488,0.00188644,0,0,0,1.97574,1.52449,3.10406,0.000134314,-0.000140419,0.00288565,0.000137412,-0.00010445,-0.00159964,2,1.5,3.14159,0,0,0,0,0,0,0,0,0,0,0,2,2,1.5,3.14159,0,0,0,0,0,0,0,0,0,0,1.5708,1.5708,0,1.5708,1.5708,0,-0.00581541,0.00250006,0.00036186,0,0,0,0.406237,0.39308,-0.773474,0.000973166,8.42515e-05,-0.00327915,0.00096539,0.000207288,-0.0022958,0.4,0.4,-0.785398,0,0,0,0.0147075,0.0222573,0,0,0,0,0.00224032,0.00865184,2,0.4,0.4,-0.785398,0.344544,0.487027,3.7308e-15,0,0,0,0,0,0,0,0,0,0,0,0,0.855775,1.20968,0,0,0,0,0,0,0,0,0,0,0,0,2,0.855775,1.20968,0,1,2,0,0,0,0,0,1.2927,1.2578,-3.8765,0,0,0,0,0,0,0,-0,0,1.93479,0,0,0,0,0,0,0,0,0,0,0,0,0,0,0
22.1,0.00931477,-0.00938488,0.00188644,0,0,0,1.97574,1.52449,3.10406,0.000134314,-0.000140419,0.00288565,0.000137412,-0.00010445,-0.00159964,2,1.5,3.14159,0,0,0,0,0,0,0,0,0,0,0,2,2,1.5,3.14159,0,0,0,0,0,0,0,0,0,0,1.5708,1.5708,0,1.5708,1.5708,0,-0.00581541,0.00250006,0.00036186,0,0,0,0.406237,0.39308,-0.773474,0.000973166,8.42515e-05,-0.00327915,0.00096539,0.000207288,-0.0022958,0.4,0.4,-0.785398,0,0,0,0.0244944,0.0159171,0,0,0,0,0.0117955,0.00376834,2,0.4,0.4,-0.785398,0.344544,0.487027,3.7308e-15,0,0,0,0,0,0,0,0,0,0,0,0,0.855775,1.20968,0,0,0,0,0,0,0,0,0,0,0,0,2,0.855775,1.20968,0,1,2,0,0,0,0,0,1.2927,1.2578,-3.8765,0,0,0,0,0,0,0,-0,0,1.93479,0,0,0,0,0,0,0,0,0,0,0,0,0,0,0
22.15,0.00941376,-0.00970459,0.00174874,0,0,0,1.97575,1.52449,3.10437,0.000103749,-4.51611e-05,0.00316109,-4.11082e-05,0.000339228,-0.000172623,2,1.5,3.14159,0,0,0,0,0,0,0,0,0,0,0,2,2,1.5,3.14159,0,0,0,0,0,0,0,0,0,0,1.5708,1.5708,0,1.5708,1.5708,0,-0.00532074,0.00165177,-6.95499e-05,0,0,0,0.406319,0.393113,-0.773692,0.000817783,0.000330165,-0.00217533,8.35658e-05,0.00112844,0.00212597,0.4,0.4,-0.785398,0,0,0,0.0244944,0.0159171,0,0,0,0,0.0117955,0.00376834,2,0.4,0.4,-0.785398,0.344544,0.487027,3.7308e-15,0,0,0,0,0,0,0,0,0,0,0,0,0.855775,1.20968,0,0,0,0,0,0,0,0,0,0,0,0,2,0.855775,1.20968,0,1,2,0,0,0,0,0,1.2145,1.1779,-3.9566,0,0,0,0,0,0,0,-0,0,1.93471,0,0,0,0,0,0,0,0,0,0,0,0,0,0,0
22.2,0.00941376,-0.00970459,0.00174874,0,0,0,1.97575,1.52449,3.10437,0.000103749,-4.51611e-05,0.00316109,-4.11082e-05,0.000339228,-0.000172623,2,1.5,3.14159,0,0,0,0,0,0,0,0,0,0,0,2,2,1.5,3.14159,0,0,0,0,0,0,0,0,0,0,1.5708,1.5708,0,1.5708,1.5708,0,-0.00532074,0.00165177,-6.95499e-05,0,0,0,0.406319,0.393113,-0.773692,0.000817783,0.000330165,-0.00217533,8.35658e-05,0.00112844,0.00212597,0.4,0.4,-0.785398,0,0,0,0.0152847,0.0185936,0,0,0,0,0.00711267,0.0102091,2,0.4,0.4,-0.785398,0.344544,0.487027,3.7308e-15,0,0,0,0,0,0,0,0,0,0,0,0,0.855775,1.20968,0,0,0,0,0,0,0,0,0,0,0,0,2,0.855775,1.20968,0,1,2,0,0,0,0,0,1.2145,1.1779,-3.9566,0,0,0,0,0,0,0,-0,0,1.93471,0,0,0,0,0,0,0,0,0,0,0,0,0,0,0
22.25,0.0099349,-0.00876042,0.00185323,0,0,0,1.97574,1.52445,3.10466,-5.00517e-05,-0.000321063,0.00284688,-0.000663474,-0.000838636,-0.00116828,2,1.5,3.14159,0,0,0,0,0,0,0,0,0,0,0,2,2,1.5,3.14159,0,0,0,0,0,0,0,0,0,0,1.5708,1.5708,0,1.5708,1.5708,0,-0.00543801,0.00334954,0.000139836,0,0,0,0.406403,0.393096,-0.773955,0.000842333,-0.000167856,-0.00263706,2.82821e-05,-0.00118791,3.18896e-05,0.4,0.4,-0.785398,0,0,0,0.0152847,0.0185936,0,0,0,0,0.00711267,0.0102091,2,0.4,0.4,-0.785398,0.344544,0.487027,3.7308e-15,0,0,0,0,0,0,0,0,0,0,0,0,0.855775,1.20968,0,0,0,0,0,0,0,0,0,0,0,0,2,0.855775,1.20968,0,1,2,0,0,0,0,0,1.2145,1.1779,-3.9566,0,0,0,0,0,0,0,-0,0,1.93463,0,0,0,0,0,0,0,0,0,0,0,0,0,0,0
22.3,0.0099349,-0.00876042,0.00185323,0,0,0,1.97574,1.52445,3.10466,-5.00517e-05,-0.000321063,0.00284688,-0.000663474,-0.000838636,-0.00116828,2,1.5,3.14159,0,0,0,0,0,0,0,0,0,0,0,2,2,1.5,3.14159,0,0,0,0,0,0,0,0,0,0,1.5708,1.5708,0,1.5708,1.5708,0,-0.00543801,0.00334954,0.000139836,0,0,0,0.406403,0.393096,-0.773955,0.000842333,-0.000167856,-0.00263706,2.82821e-05,-0.00118791,3.18896e-05,0.4,0.4,-0.785398,0,0,0,0.0226915,0.0199121,0,0,0,0,0.00610771,0.0035068,2,0.4,0.4,-0.785398,0.344544,0.487027,3.7308e-15,0,0,0,0,0,0,0,0,0,0,0,0,0.855775,1.20968,0,0,0,0,0,0,0,0,0,0,0,0,2,0.855775,1.20968,0,1,2,0,0,0,0,0,1.2145,1.1779,-3.9566,0,0,0,0,0,0,0,-0,0,1.93463,0,0,0,0,0,0,0,0,0,0,0,0,0,0,0
22.35,0.00951576,-0.0102611,0.00205329,0,0,0,1.97575,1.52447,3.10489,7.32542e-05,0.00012209,0.00230827,1.0084e-05,0.00110772,-0.0029881,2,1.5,3.14159,0,0,0,0,0,0,0,0,0,0,0,2,2,1.5,3.14159,0,0,0,0,0,0,0,0,0,0,1.5708,1.5708,0,1.5708,1.5708,0,-0.00552676,0.00177077,-0.000312882,0,0,0,0.406489,0.393125,-0.774105,0.000858295,0.000293627,-0.00149453,7.33453e-05,0.000817191,0.00430071,0.4,0.4,-0.785398,0,0,0,0.0226915,0.0199121,0,0,0,0,0.00610771,0.0035068,2,0.4,0.4,-0.785398,0.344544,0.487027,3.7308e-15,0,0,0,0,0,0,0,0,0,0,0,0,0.855775,1.20968,0,0,0,0,0,0,0,0,0,0,0,0,2,0.855775,1.20968,0,1,2,0,0,0,0,0,1.3803,1.3422,-3.7925,0,0,0,0,0,0,0,-0,0,1.93456,0,0,0,0,0,0,0,0,0,0,0,0,0,0,0
22.4,0.00951576,-0.0102611,0.00205329,0,0,0,1.97575,1.52447,3.10489,7.32542e-05,0.00012209,0.00230827,1.0084e-05,0.00110772,-0.0029881,2,1.5,3.14159,0,0,0,0,0,0,0,0,0,0,0,2,2,1.5,3.14159,0,0,0,0,0,0,0,0,0,0,1.5708,1.5708,0,1.5708,1.5708,0,-0.00552676,0.00177077,-0.000312882,0,0,0,0.406489,0.393125,-0.774105,0.000858295,0.000293627,-0.00149453,7.33453e-05,0.000817191,0.00430071,0.4,0.4,-0.785398,0,0,0,0.0127064,0.0227514,0,0,0,0,0.0041797,0.0135635,2,0.4,0.4,-0.785398,0.344544,0.487027,3.7308e-15,0,0,0,0,0,0,0,0,0,0,0,0,0.855775,1.20968,0,0,0,0,0,0,0,0,0,0,0,0,2,0.855775,1.20968,0,1,2,0,0,0,0,0,1.3803,1.3422,-3.7925,0,0,0,0,0,0,0,-0,0,1.93456,0,0,0,0,0,0,0,0,0,0,0,0,0,0,0
22.45,0.00972549,-0.00939876,0.00223828,0,0,0,1.97575,1.52445,3.10507,1.09854e-05,-0.000131825,0.0018166,-0.000151557,-8.59819e-05,-0.00400402,2,1.5,3.14159,0,0,0,0,0,0,0,0,0,0,0,2,2,1.5,3.14159,0,0,0,0,0,0,0,0,0,0,1.5708,1.5708,0,1.5708,1.5708,0,-0.0060764,0.00332343,0.000413331,0,0,0,0.40659,0.393109,-0.774426,0.00100822,-0.000161729,-0.0032148,0.000649606,-0.00105732,-0.0037145,0.4,0.4,-0.785398,0,0,0,0.0127064,0.0227514,0,0,0,0,0.0041797,0.0135635,2,0.4,0.4,-0.785398,0.344544,0.487027,3.7308e-15,0,0,0,0,0,0,0,0,0,0,0,0,0.855775,1.20968,0,0,0,0,0,0,0,0,0,0,0,0,2,0.855775,1.20968,0,1,2,0,0,0,0,0,1.3803,1.3422,-3.7925,0,0,0,0,0,0,0,-0,0,1.93448,0,0,0,0,0,0,0,0,0,0,0,0,0,0,0
22.5,0.00972549,-0.00939876,0.00223828,0,0,0,1.97575,1.52445,3.10507,1.09854e-05,-0.000131825,0.0018166,-0.000151557,-8.59819e-05,-0.00400402,2,1.5,3.14159,0,0,0,0,0,0,0,0,0,0,0,2,2,1.5,3.14159,0,0,0,0,0,0,0,0,0,0,1.5708,1.5708,0,1.5708,1.5708,0,-0.0060764,0.00332343,0.000413331,0,0,0,0.40659,0.393109,-0.774426,0.00100822,-0.000161729,-0.0032148,0.000649606,-0.00105732,-0.0037145,0.4,0.4,-0.785398,0,0,0,0.0278536,0.0177595,0,0,0,0,0.0105803,0.00239492,2,0.4,0.4,-0.785398,0.344544,0.487027,3.7308e-15,0,0,0,0,0,0,0,0,0,0,0,0,0.855775,1.20968,0,0,0,0,0,0,0,0,0,0,0,0,2,0.855775,1.20968,0,1,2,0,0,0,0,0,1.3803,1.3422,-3.7925,0,0,0,0,0,0,0,-0,0,1.93448,0,0,0,0,0,0,0,0,0,0,0,0,0,0,0
22.55,0.00950002,-0.00987704,0.00278188,0,0,0,1.97576,1.52445,3.10512,7.68677e-05,9.76098e-06,0.000469461,0.000150408,0.000352572,-0.00792419,2,1.5,3.14159,0,0,0,0,0,0,0,0,0,0,0,2,2,1.5,3.14159,0,0,0,0,0,0,0,0,0,0,1.5708,1.5708,0,1.5708,1.5708,0,-0.00618273,0.00287489,6.81178e-05,0,0,0,0.406692,0.393106,-0.774659,0.00102734,-2.9283e-05,-0.0023199,0.000544617,-0.000359237,0.00026061,0.4,0.4,-0.785398,0,0,0,0.0278536,0.0177595,0,0,0,0,0.0105803,0.00239492,2,0.4,0.4,-0.785398,0.344544,0.487027,3.7308e-15,0,0,0,0,0,0,0,0,0,0,0,0,0.855775,1.20968,0,0,0,0,0,0,0,0,0,0,0,0,2,0.855775,1.20968,0,1,2,0,0,0,0,0,1.2944,1.2554,-3.8797,0,0,0,0,0,0,0,-0,0,1.9344,0,0,0,0,0,0,0,0,0,0,0,0,0,0,0
22.6,0.00950002,-0.00987704,0.00278188,0,0,0,1.97576,1.52445,3.10512,7.68677e-05,9.76098e-06,0.000469461,0.000150408,0.000352572,-0.00792419,2,1.5,3.14159,0,0,0,0,0,0,0,0,0,0,0,2,2,1.5,3.14159,0,0,0,0,0,0,0,0,0,0,1.5708,1.5708,0,1.5708,1.5708,0,-0.00618273,0.00287489,6.81178e-05,0,0,0,0.406692,0.393106,-0.774659,0.00102734,-2.9283e-05,-0.0023199,0.000544617,-0.000359237,0.00026061,0.4,0.4,-0.785398,0,0,0,0.0222081,0.0217519,0,0,0,0,0.00797406,0.00754717,2,0.4,0.4,-0.785398,0.344544,0.487027,3.7308e-15,0,0,0,0,0,0,0,0,0,0,0,0,0.855775,1.20968,0,0,0,0,0,0,0,0,0,0,0,0,2,0.855775,1.20968,0,1,2,0,0,0,0,0,1.2944,1.2554,-3.8797,0,0,0,0,0,0,0,-0,0,1.9344,0,0,0,0,0,0,0,0,0,0,0,0,0,0,0
22.65,0.00949248,-0.0105575,0.00293804,0,0,0,1.97576,1.52447,3.10512,7.81702e-05,0.000208861,8.34948e-05,0.000136226,0.00106651,-0.0068316,2,1.5,3.14159,0,0,0,0,0,0,0,0,0,0,0,2,2,1.5,3.14159,0,0,0,0,0,0,0,0,0,0,1.5708,1.5708,0,1.5708,1.5708,0,-0.00569484,0.00122909,-0.00043377,0,0,0,0.40678,0.393151,-0.774765,0.000873307,0.000450089,-0.00106515,-0.00030463,0.00179408,0.0057121,0.4,0.4,-0.785398,0,0,0,0.0222081,0.0217519,0,0,0,0,0.00797406,0.00754717,2,0.4,0.4,-0.785398,0.344544,0.487027,3.7308e-15,0,0,0,0,0,0,0,0,0,0,0,0,0.855775,1.20968,0,0,0,0,0,0,0,0,0,0,0,0,2,0.855775,1.20968,0,1,2,0,0,0,0,0,1.2944,1.2554,-3.8797,0,0,0,0,0,0,0,-0,0,1.93432,0,0,0,0,0,0,0,0,0,0,0,0,0,0,0
22.7,0.00949248,-0.0105575,0.00293804,0,0,0,1.97576,1.52447,3.10512,7.81702e-05,0.000208861,8.34948e-05,0.000136226,0.00106651,-0.0068316,2,1.5,3.14159,0,0,0,0,0,0,0,0,0,0,0,2,2,1.5,3.14159,0,0,0,0,0,0,0,0,0,0,1.5708,1.5708,0,1.5708,1.5708,0,-0.00569484,0.00122909,-0.00043377,0,0,0,0.40678,0.393151,-0.774765,0.000873307,0.000450089,-0.00106515,-0.00030463,0.00179408,0.0057121,0.4,0.4,-0.785398,0,0,0,0.0100578,0.0236098,0,0,0,0,0.00465617,0.0166134,2,0.4,0.4,-0.785398,0.344544,0.487027,3.7308e-15,0,0,0,0,0,0,0,0,0,0,0,0,0.855775,1.20968,0,0,0,0,0,0,0,0,0,0,0,0,2,0.855775,1.20968,0,1,2,0,0,0,0,0,1.2944,1.2554,-3.8797,0,0,0,0,0,0,0,-0,0,1.93432,0,0,0,0,0,0,0,0,0,0,0,0,0,0,0
22.75,0.0094769,-0.00978994,0.00282072,0,0,0,1.97577,1.52447,3.10516,8.18117e-05,-1.83161e-05,0.00036489,9.45762e-05,-0.000170316,-0.00283007,2,1.5,3.14159,0,0,0,0,0,0,0,0,0,0,0,2,2,1.5,3.14159,0,0,0,0,0,0,0,0,0,0,1.5708,1.5708,0,1.5708,1.5708,0,-0.0065808,0.00372226,0.000536219,0,0,0,0.406892,0.393123,-0.775103,0.00112094,-0.000280847,-0.0033812,0.000693213,-0.00155107,-0.00508831,0.4,0.4,-0.785398,0,0,0,0.0100578,0.0236098,0,0,0,0,0.00465617,0.0166134,2,0.4,0.4,-0.785398,0.344544,0.487027,3.7308e-15,0,0,0,0,0,0,0,0,0,0,0,0,0.855775,1.20968,0,0,0,0,0,0,0,0,0,0,0,0,2,0.855775,1.20968,0,1,2,0,0,0,0,0,1.2944,1.2554,-3.8802,0,0,0,0,0,0,0,-0,0,1.93425,0,0,0,0,0,0,0,0,0,0,0,0,0,0,0
22.8,0.0094769,-0.00978994,0.00282072,0,0,0,1.97577,1.52447,3.10516,8.18117e-05,-1.83161e-05,0.00036489,9.45762e-05,-0.000170316,-0.00283007,2,1.5,3.14159,0,0,0,0,0,0,0,0,0,0,0,2,2,1.5,3.14159,0,0,0,0,0,0,0,0,0,0,1.5708,1.5708,0,1.5708,1.5708,0,-0.0065808,0.00372226,0.000536219,0,0,0,0.406892,0.393123,-0.775103,0.00112094,-0.000280847,-0.0033812,0.000693213,-0.00155107,-0.00508831,0.4,0.4,-0.785398,0,0,0,0.0316883,0.0182963,0.000967539,0,0,0,0.012247,0.00234417,2,0.4,0.4,-0.785398,0.344544,0.487027,3.7308e-15,0,0,0,0,0,0,0,0,0,0,0,0,0.855775,1.20968,0,0,0,0,0,0,0,0,0,0,0,0,2,0.855775,1.20968,0,1,2,0,0,0,0,0,1.2944,1.2554,-3.8802,0,0,0,0,0,0,0,-0,0,1.93425,0,0,0,0,0,0,0,0,0,0,0,0,0,0,0
22.85,0.00940692,-0.0105857,0.00295812,0,0,0,1.97578,1.52449,3.10516,0.000101335,0.000214879,2.62304e-05,0.000129151,0.000661932,-0.00251082,2,1.5,3.14159,0,0,0,0,0,0,0,0,0,0,0,2,2,1.5,3.14159,0,0,0,0,0,0,0,0,0,0,1.5708,1.5708,0,1.5708,1.5708,0,-0.0061556,0.00255892,0.000249352,0,0,0,0.40699,0.393129,-0.775365,0.00098405,6.10453e-05,-0.00262364,4.31167e-06,-1.85666e-05,-0.00149144,0.4,0.4,-0.785398,0,0,0,0.0316883,0.0182963,0.000967539,0,0,0,0.012247,0.00234417,2,0.4,0.4,-0.785398,0.344544,0.487027,3.7308e-15,0,0,0,0,0,0,0,0,0,0,0,0,0.855775,1.20968,0,0,0,0,0,0,0,0,0,0,0,0,2,0.855775,1.20968,0,1,2,0,0,0,0,0,1.2944,1.2554,-3.8802,0,0,0,0,0,0,0,-0,0,1.93419,0,0,0,0,0,0,0,0,0,0,0,0,0,0,0
22.9,0.00940692,-0.0105857,0.00295812,0,0,0,1.97578,1.52449,3.10516,0.000101335,0.000214879,2.62304e-05,0.000129151,0.000661932,-0.00251082,2,1.5,3.14159,0,0,0,0,0,0,0,0,0,0,0,2,2,1.5,3.14159,0,0,0,0,0,0,0,0,0,0,1.5708,1.5708,0,1.5708,1.5708,0,-0.0061556,0.00255892,0.000249352,0,0,0,0.40699,0.393129,-0.775365,0.00098405,6.10453e-05,-0.00262364,4.31167e-06,-1.85666e-05,-0.00149144,0.4,0.4,-0.785398,0,0,0,0.0238481,0.0184687,0,0,0,0,0.0110044,0.00596992,2,0.4,0.4,-0.785398,0.344544,0.487027,3.7308e-15,0,0,0,0,0,0,0,0,0,0,0,0,0.855775,1.20968,0,0,0,0,0,0,0,0,0,0,0,0,2,0.855775,1.20968,0,1,2,0,0,0,0,0,1.2944,1.2554,-3.8802,0,0,0,0,0,0,0,-0,0,1.93419,0,0,0,0,0,0,0,0,0,0,0,0,0,0,0
22.95,0.0096156,-0.00968122,0.00277221,0,0,0,1.97579,1.52449,3.10521,3.90427e-05,-5.24636e-05,0.000474213,-0.000166631,-0.000558076,0.000325955,2,1.5,3.14159,0,0,0,0,0,0,0,0,0,0,0,2,2,1.5,3.14159,0,0,0,0,0,0,0,0,0,0,1.5708,1.5708,0,1.5708,1.5708,0,-0.00907699,0.00440733,-0.00101803,0,0,0,0.407172,0.393082,-0.775317,0.00182281,-0.000477663,0.000481361,0.00326178,-0.00195634,0.0119975,0.4,0.4,-0.785398,0,0,0,0.0238481,0.0184687,0,0,0,0,0.0110044,0.00596992,2,0.4,0.4,-0.785398,0.344544,0.487027,3.7308e-15,0,0,0,0,0,0,0,0,0,0,0,0,0.855775,1.20968,0,0,0,0,0,0,0,0,0,0,0,0,2,0.855775,1.20968,0,1,2,0,0,0,0,0,1.2533,1.2145,-3.9214,0,0,0,0,0,0,0,-0,0,1.93407,0,0,0,0,0,0,0,0,0,0,0,0,0,0,0
23,0.0096156,-0.00968122,0.00277221,0,0,0,1.97579,1.52449,3.10521,3.90427e-05,-5.24636e-05,0.000474213,-0.000166631,-0.000558076,0.000325955,2,1.5,3.14159,0,0,0,0,0,0,0,0,0,0,0,2,2,1.5,3.14159,0,0,0,0,0,0,0,0,0,0,1.5708,1.5708,0,1.5708,1.5708,0,-0.00907699,0.00440733,-0.00101803,0,0,0,0.407172,0.393082,-0.775317,0.00182281,-0.000477663,0.000481361,0.00326178,-0.00195634,0.0119975,0.4,0.4,-0.785398,0,0,0,0.018126,0.0483629,0,0.00546753,0,0,0.00387192,0.0240593,2,0.4,0.4,-0.785398,0.344544,0.487027,3.7308e-15,0,0,0,0,0,0,0,0,0,0,0,0,0.855775,1.20968,0,0,0,0,0,0,0,0,0,0,0,0,2,0.855775,1.20968,0,1,2,0,0,0,0,0,1.2533,1.2145,-3.9214,0,0,0,0,0,0,0,-0,0,1.93407,0,0,0,0,0,0,0,0,0,0,0,0,0,0,0
23.05,0.00942198,-0.0102212,0.00292239,0,0,0,1.9758,1.5245,3.10522,9.52723e-05,0.000106265,0.000102582,8.44648e-05,0.000134043,-0.000906223,2,1.5,3.14159,0,0,0,0,0,0,0,0,0,0,0,2,2,1.5,3.14159,0,0,0,0,0,0,0,0,0,0,1.5708,1.5708,0,1.5708,1.5708,0,-0.00345424,0.00124952,0.00114805,-0.00975776,0.00956298,-0.000825496,0.407189,0.393126,-0.775792,0.000164894,0.000447046,-0.00474679,-0.00422875,0.00225863,-0.0118592,0.4,0.4,-0.785398,0,0,0,0.018126,0.0483629,0,0.00546753,0,0,0.00387192,0.0240593,2,0.4,0.4,-0.785398,0.344544,0.487027,3.7308e-15,0,0,0,0,0,0,0,0,0,0,0,0,0.855775,1.20968,0,0,0,0,0,0,0,0,0,0,0,0,2,0.855775,1.20968,0,1,2,0,0,0,0,0,1.2533,1.2145,-3.9214,0,0,0,0,0,0,0,-0,0,1.93405,0,0,0,0,0,0,0,0,0,0,0,0,0,0,0
23.1,0.00942198,-0.0102212,0.00292239,0,0,0,1.9758,1.5245,3.10522,9.52723e-05,0.000106265,0.000102582,8.44648e-05,0.000134043,-0.000906223,2,1.5,3.14159,0,0,0,0,0,0,0,0,0,0,0,2,2,1.5,3.14159,0,0,0,0,0,0,0,0,0,0,1.5708,1.5708,0,1.5708,1.5708,0,-0.00345424,0.00124952,0.00114805,-0.00975322,0.00956761,-0.000825496,0.407189,0.393126,-0.775792,0.000164894,0.000447046,-0.00474679,-0.00422875,0.00225863,-0.0118592,0.4,0.4,-0.785398,0,0,0,0.0251452,0.00328416,0.0108247,0,0.00539559,0,0.0192897,0.00195868,2,0.4,0.4,-0.785398,0.344544,0.487027,3.7308e-15,0,0,0,0,0,0,0,0,0,0,0,0,0.855775,1.20968,0,0,0,0,0,0,0,0,0,0,0,0,2,0.855775,1.20968,0,1,2,0,0,0,0,0,1.2533,1.2145,-3.9214,0,0,0,0,0,0,0,-0,0,1.93405,0,0,0,0,0,0,0,0,0,0,0,0,0,0,0
23.15,0.00937672,-0.0103128,0.0028376,0,0,0,1.97581,1.52451,3.10525,0.000107401,0.00013181,0.000305117,0.000133386,0.000276441,9.88205e-05,2,1.5,3.14159,0,0,0,0,0,0,0,0,0,0,0,2,2,1.5,3.14159,0,0,0,0,0,0,0,0,0,0,1.5708,1.5708,0,1.5708,1.5708,0,-0.00682338,0.00178415,-0.000199473,-0.00975322,0.00956761,-0.000825496,0.407303,0.393155,-0.775932,0.00114358,0.0002862,-0.00140699,0.000359077,0.0012846,0.00298623,0.4,0.4,-0.785398,0,0,0,0.0251452,0.00328416,0.0108247,0,0.00539559,0,0.0192897,0.00195868,2,0.4,0.4,-0.785398,0.344544,0.487027,3.7308e-15,0,0,0,0,0,0,0,0,0,0,0,0,0.855775,1.20968,0,0,0,0,0,0,0,0,0,0,0,0,2,0.855775,1.20968,0,1,2,0,0,0,0,0,1.2942,1.2553,-3.8812,0,0,0,0,0,0,0,-0,0,1.93395,0,0,0,0,0,0,0,0,0,0,0,0,0,0,0
23.2,0.00937672,-0.0103128,0.0028376,0,0,0,1.97581,1.52451,3.10525,0.000107401,0.00013181,0.000305117,0.000133386,0.000276441,9.88205e-05,2,1.5,3.14159,0,0,0,0,0,0,0,0,0,0,0,2,2,1.5,3.14159,0,0,0,0,0,0,0,0,0,0,1.5708,1.5708,0,1.5708,1.5708,0,-0.00682338,0.00178415,-0.000199473,-0.00975187,0.00956898,-0.000825496,0.407303,0.393155,-0.775932,0.00114358,0.0002862,-0.00140699,0.000359077,0.0012846,0.00298623,0.4,0.4,-0.785398,0,0,0,0.0172346,0.0245893,0,0,0,0,0.00853577,0.0154185,2,0.4,0.4,-0.785398,0.344544,0.487027,3.7308e-15,0,0,0,0,0,0,0,0,0,0,0,0,0.855775,1.20968,0,0,0,0,0,0,0,0,0,0,0,0,2,0.855775,1.20968,0,1,2,0,0,0,0,0,1.2942,1.2553,-3.8812,0,0,0,0,0,0,0,-0,0,1.93395,0,0,0,0,0,0,0,0,0,0,0,0,0,0,0
23.25,0.00943479,-0.00976362,0.00290031,0,0,0,1.97582,1.52451,3.10527,8.91332e-05,-3.05251e-05,0.000147856,1.35569e-05,-0.000463549,-0.00043338,2,1.5,3.14159,0,0,0,0,0,0,0,0,0,0,0,2,2,1.5,3.14159,0,0,0,0,0,0,0,0,0,0,1.5708,1.5708,0,1.5708,1.5708,0,-0.00635094,0.00275383,0.00103345,-0.00975187,0.00956898,-0.000825496,0.407403,0.393155,-0.776367,0.000992673,6.105e-07,-0.00434981,0.000232216,-0.00050208,-0.00795178,0.4,0.4,-0.785398,0,0,0,0.0172346,0.0245893,0,0,0,0,0.00853577,0.0154185,2,0.4,0.4,-0.785398,0.344544,0.487027,3.7308e-15,0,0,0,0,0,0,0,0,0,0,0,0,0.855775,1.20968,0,0,0,0,0,0,0,0,0,0,0,0,2,0.855775,1.20968,0,1,2,0,0,0,0,0,1.2942,1.2553,-3.8812,0,0,0,0,0,0,0,-0,0,1.93388,0,0,0,0,0,0,0,0,0,0,0,0,0,0,0
23.3,0.00943479,-0.00976362,0.00290031,0,0,0,1.97582,1.52451,3.10527,8.91332e-05,-3.05251e-05,0.000147856,1.35569e-05,-0.000463549,-0.00043338,2,1.5,3.14159,0,0,0,0,0,0,0,0,0,0,0,2,2,1.5,3.14159,0,0,0,0,0,0,0,0,0,0,1.5708,1.5708,0,1.5708,1.5708,0,-0.00635094,0.00275383,0.00103345,0,0,0,0.407403,0.393155,-0.776367,0.000992673,6.105e-07,-0.00434981,0.000232216,-0.00050208,-0.00795178,0.4,0.4,-0.785398,0,0,0,0.0349642,0.00937638,0.0061318,0,0,0,0.0204484,0.00305687,2,0.4,0.4,-0.785398,0.344544,0.487027,3.7308e-15,0,0,0,0,0,0,0,0,0,0,0,0,0.855775,1.20968,0,0,0,0,0,0,0,0,0,0,0,0,2,0.855775,1.20968,0,1,2,0,0,0,0,0,1.2942,1.2553,-3.8812,0,0,0,0,0,0,0,-0,0,1.93388,0,0,0,0,0,0,0,0,0,0,0,0,0,0,0
23.35,0.0093228,-0.0098875,0.00284869,0,0,0,1.97583,1.52451,3.10529,0.00012087,6.10456e-06,0.000269459,0.0001188,-0.000232135,0.000153748,2,1.5,3.14159,0,0,0,0,0,0,0,0,0,0,0,2,2,1.5,3.14159,0,0,0,0,0,0,0,0,0,0,1.5708,1.5708,0,1.5708,1.5708,0,-0.00687725,0.00299291,-0.000246594,0,0,0,0.407516,0.393148,-0.776485,0.00113423,-6.89817e-05,-0.00118038,0.000688565,-0.000821304,0.00640618,0.4,0.4,-0.785398,0,0,0,0.0349642,0.00937638,0.0061318,0,0,0,0.0204484,0.00305687,2,0.4,0.4,-0.785398,0.344544,0.487027,3.7308e-15,0,0,0,0,0,0,0,0,0,0,0,0,0.855775,1.20968,0,0,0,0,0,0,0,0,0,0,0,0,2,0.855775,1.20968,0,1,2,0,0,0,0,0,1.2941,1.2554,-3.8817,0,0,0,0,0,0,0,-0,0,1.9338,0,0,0,0,0,0,0,0,0,0,0,0,0,0,0
23.4,0.0093228,-0.0098875,0.00284869,0,0,0,1.97583,1.52451,3.10529,0.00012087,6.10456e-06,0.000269459,0.0001188,-0.000232135,0.000153748,2,1.5,3.14159,0,0,0,0,0,0,0,0,0,0,0,2,2,1.5,3.14159,0,0,0,0,0,0,0,0,0,0,1.5708,1.5708,0,1.5708,1.5708,0,-0.00687725,0.00299291,-0.000246594,0,0,0,0.407516,0.393148,-0.776485,0.00113423,-6.89817e-05,-0.00118038,0.000688565,-0.000821304,0.00640618,0.4,0.4,-0.785398,0,0,0,0.0197272,0.0281349,0,0,0,0,0.00523458,0.013103,2,0.4,0.4,-0.785398,0.344544,0.487027,3.7308e-15,0,0,0,0,0,0,0,0,0,0,0,0,0.855775,1.20968,0,0,0,0,0,0,0,0,0,0,0,0,2,0.855775,1.20968,0,1,2,0,0,0,0,0,1.2941,1.2554,-3.8817,0,0,0,0,0,0,0,-0,0,1.9338,0,0,0,0,0,0,0,0,0,0,0,0,0,0,0
23.45,0.0093228,-0.0098875,0.00284869,0,0,0,1.97583,1.52451,3.10529,0.00012087,6.10456e-06,0.000269459,0.0001188,-0.000232135,0.000153748,2,1.5,3.14159,0,0,0,0,0,0,0,0,0,0,0,2,2,1.5,3.14159,0,0,0,0,0,0,0,0,0,0,1.5708,1.5708,0,1.5708,1.5708,0,-0.00687725,0.00299291,-0.000246594,0,0,0,0.407516,0.393148,-0.776485,0.00113423,-6.89817e-05,-0.00118038,0.000688565,-0.000821304,0.00640618,0.4,0.4,-0.785398,0,0,0,0.0197272,0.0281349,0,0,0,0,0.00523458,0.013103,2,0.4,0.4,-0.785398,0.344544,0.487027,3.7308e-15,0,0,0,0,0,0,0,0,0,0,0,0,0.855775,1.20968,0,0,0,0,0,0,0,0,0,0,0,0,2,0.855775,1.20968,0,1,2,0,0,0,0,0,1.2941,1.2554,-3.8817,0,0,0,0,0,0,0,-0,0,1.9338,0,0,0,0,0,0,0,0,0,0,0,0,0,0,0
23.5,0.00946397,-0.0104047,0.00293843,0,0,0,1.97584,1.52453,3.1053,7.81142e-05,0.000157449,4.76771e-05,-8.52268e-05,0.000496695,-0.000714314,2,1.5,3.14159,0,0,0,0,0,0,0,0,0,0,0,2,2,1.5,3.14159,0,0,0,0,0,0,0,0,0,0,1.5708,1.5708,0,1.5708,1.5708,0,-0.00601173,0.00161807,0.000506455,0,0,0,0.407603,0.393181,-0.776782,0.000869018,0.000331984,-0.00297147,-0.000584138,0.00106581,-0.00136682,0.4,0.4,-0.785398,0,0,0,0.0197272,0.0281349,0,0,0,0,0.00523458,0.013103,2,0.4,0.4,-0.785398,0.344544,0.487027,3.7308e-15,0,0,0,0,0,0,0,0,0,0,0,0,0.855775,1.20968,0,0,0,0,0,0,0,0,0,0,0,0,2,0.855775,1.20968,0,1,2,0,0,0,0,0,1.2941,1.2554,-3.8817,0,0,0,0,0,0,0,-0,0,1.93373,0,0,0,0,0,0,0,0,0,0,0,0,0,0,0
23.55,0.0094357,-0.00987323,0.00283028,0,0,0,1.97584,1.52453,3.10533,8.54717e-05,0,0.000307641,-4.94736e-05,-0.000232336,0.000492223,2,1.5,3.14159,0,0,0,0,0,0,0,0,0,0,0,2,2,1.5,3.14159,0,0,0,0,0,0,0,0,0,0,1.5708,1.5708,0,1.5708,1.5708,0,-0.00603952,0.0025859,0.000293124,0,0,0,0.40769,0.393186,-0.777022,0.000866928,4.6399e-05,-0.00239912,-0.000532247,-0.000245952,0.000416768,0.4,0.4,-0.785398,0,0,0,0.0246961,0.0124035,0,0,0,0,0.0161528,0.00480754,2,0.4,0.4,-0.785398,0.344544,0.487027,3.7308e-15,0,0,0,0,0,0,0,0,0,0,0,0,0.855775,1.20968,0,0,0,0,0,0,0,0,0,0,0,0,2,0.855775,1.20968,0,1,2,0,0,0,0,0,1.294,1.2553,-3.8823,0,0,0,0,0,0,0,-0,0,1.93366,0,0,0,0,0,0,0,0,0,0,0,0,0,0,0
23.6,0.0094357,-0.00987323,0.00283028,0,0,0,1.97584,1.52453,3.10533,8.54717e-05,0,0.000307641,-4.94736e-05,-0.000232336,0.000492223,2,1.5,3.14159,0,0,0,0,0,0,0,0,0,0,0,2,2,1.5,3.14159,0,0,0,0,0,0,0,0,0,0,1.5708,1.5708,0,1.5708,1.5708,0,-0.00603952,0.0025859,0.000293124,0,0,0,0.40769,0.393186,-0.777022,0.000866928,4.6399e-05,-0.00239912,-0.000532247,-0.000245952,0.000416768,0.4,0.4,-0.785398,0,0,0,0.0242396,0.0176157,0,0,0,0,0.0112789,0.00507978,2,0.4,0.4,-0.785398,0.344544,0.487027,3.7308e-15,0,0,0,0,0,0,0,0,0,0,0,0,0.855775,1.20968,0,0,0,0,0,0,0,0,0,0,0,0,2,0.855775,1.20968,0,1,2,0,0,0,0,0,1.294,1.2553,-3.8823,0,0,0,0,0,0,0,-0,0,1.93366,0,0,0,0,0,0,0,0,0,0,0,0,0,0,0
23.65,0.0095699,-0.00993578,0.00293751,0,0,0,1.97585,1.52453,3.10533,4.51735e-05,1.83136e-05,4.29224e-05,-0.000185829,-0.00016499,-0.000598678,2,1.5,3.14159,0,0,0,0,0,0,0,0,0,0,0,2,2,1.5,3.14159,0,0,0,0,0,0,0,0,0,0,1.5708,1.5708,0,1.5708,1.5708,0,-0.00675786,0.00249386,-0.000125624,0,0,0,0.407796,0.393193,-0.777156,0.00106585,7.26439e-05,-0.00134312,0.000482839,-0.0002203,0.00470943,0.4,0.4,-0.785398,0,0,0,0.0242396,0.0176157,0,0,0,0,0.0112789,0.00507978,2,0.4,0.4,-0.785398,0.344544,0.487027,3.7308e-15,0,0,0,0,0,0,0,0,0,0,0,0,0.855775,1.20968,0,0,0,0,0,0,0,0,0,0,0,0,2,0.855775,1.20968,0,1,2,0,0,0,0,0,1.294,1.2553,-3.8823,0,0,0,0,0,0,0,-0,0,1.93357,0,0,0,0,0,0,0,0,0,0,0,0,0,0,0
23.7,0.0095699,-0.00993578,0.00293751,0,0,0,1.97585,1.52453,3.10533,4.51735e-05,1.83136e-05,4.29224e-05,-0.000185829,-0.00016499,-0.000598678,2,1.5,3.14159,0,0,0,0,0,0,0,0,0,0,0,2,2,1.5,3.14159,0,0,0,0,0,0,0,0,0,0,1.5708,1.5708,0,1.5708,1.5708,0,-0.00675786,0.00249386,-0.000125624,0,0,0,0.407796,0.393193,-0.777156,0.00106585,7.26439e-05,-0.00134312,0.000482839,-0.0002203,0.00470943,0.4,0.4,-0.785398,0,0,0,0.0198663,0.0250171,0,0,0,0,0.00770772,0.0125281,2,0.4,0.4,-0.785398,0.344544,0.487027,3.7308e-15,0,0,0,0,0,0,0,0,0,0,0,0,0.855775,1.20968,0,0,0,0,0,0,0,0,0,0,0,0,2,0.855775,1.20968,0,1,2,0,0,0,0,0,1.294,1.2553,-3.8823,0,0,0,0,0,0,0,-0,0,1.93357,0,0,0,0,0,0,0,0,0,0,0,0,0,0,0
23.75,0.0095699,-0.00993578,0.00293751,0,0,0,1.97585,1.52453,3.10533,4.51735e-05,1.83136e-05,4.29224e-05,-0.000185829,-0.00016499,-0.000598678,2,1.5,3.14159,0,0,0,0,0,0,0,0,0,0,0,2,2,1.5,3.14159,0,0,0,0,0,0,0,0,0,0,1.5708,1.5708,0,1.5708,1.5708,0,-0.00675786,0.00249386,-0.000125624,0,0,0,0.407796,0.393193,-0.777156,0.00106585,7.26439e-05,-0.00134312,0.000482839,-0.0002203,0.00470943,0.4,0.4,-0.785398,0,0,0,0.0198663,0.0250171,0,0,0,0,0.00770772,0.0125281,2,0.4,0.4,-0.785398,0.344544,0.487027,3.7308e-15,0,0,0,0,0,0,0,0,0,0,0,0,0.855775,1.20968,0,0,0,0,0,0,0,0,0,0,0,0,2,0.855775,1.20968,0,1,2,0,0,0,0,0,1.294,1.2553,-3.8825,0,0,0,0,0,0,0,-0,0,1.93357,0,0,0,0,0,0,0,0,0,0,0,0,0,0,0
23.8,0.00959317,-0.0100324,0.002869,0,0,0,1.97585,1.52453,3.10535,3.78284e-05,4.63703e-05,0.000207351,-0.00015936,2.21802e-05,0.00014993,2,1.5,3.14159,0,0,0,0,0,0,0,0,0,0,0,2,2,1.5,3.14159,0,0,0,0,0,0,0,0,0,0,1.5708,1.5708,0,1.5708,1.5708,0,-0.00676115,0.00177414,0.000567129,0,0,0,0.407902,0.393221,-0.777455,0.00105431,0.000281272,-0.00298573,0.000381839,0.000704922,-0.00315587,0.4,0.4,-0.785398,0,0,0,0.0198663,0.0250171,0,0,0,0,0.00770772,0.0125281,2,0.4,0.4,-0.785398,0.344544,0.487027,3.7308e-15,0,0,0,0,0,0,0,0,0,0,0,0,0.855775,1.20968,0,0,0,0,0,0,0,0,0,0,0,0,2,0.855775,1.20968,0,1,2,0,0,0,0,0,1.294,1.2553,-3.8825,0,0,0,0,0,0,0,-0,0,1.93348,0,0,0,0,0,0,0,0,0,0,0,0,0,0,0
23.85,0.00944576,-0.00995086,0.00284458,0,0,0,1.97586,1.52453,3.10538,8.05406e-05,2.19656e-05,0.000262176,7.85609e-05,-5.89069e-05,0.000410255,2,1.5,3.14159,0,0,0,0,0,0,0,0,0,0,0,2,2,1.5,3.14159,0,0,0,0,0,0,0,0,0,0,1.5708,1.5708,0,1.5708,1.5708,0,-0.00664022,0.00174601,0.000342477,0,0,0,0.408002,0.39325,-0.777694,0.00100676,0.000286163,-0.0023858,2.47332e-05,0.000567746,-0.000559585,0.4,0.4,-0.785398,0,0,0,0.0276173,0.0138722,0,0,0,0,0.0183005,0.00551497,2,0.4,0.4,-0.785398,0.344544,0.487027,3.7308e-15,0,0,0,0,0,0,0,0,0,0,0,0,0.855775,1.20968,0,0,0,0,0,0,0,0,0,0,0,0,2,0.855775,1.20968,0,1,2,0,0,0,0,0,1.294,1.2553,-3.8825,0,0,0,0,0,0,0,-0,0,1.93339,0,0,0,0,0,0,0,0,0,0,0,0,0,0,0
23.9,0.00944576,-0.00995086,0.00284458,0,0,0,1.97586,1.52453,3.10538,8.05406e-05,2.19656e-05,0.000262176,7.85609e-05,-5.89069e-05,0.000410255,2,1.5,3.14159,0,0,0,0,0,0,0,0,0,0,0,2,2,1.5,3.14159,0,0,0,0,0,0,0,0,0,0,1.5708,1.5708,0,1.5708,1.5708,0,-0.00664022,0.00174601,0.000342477,0,0,0,0.408002,0.39325,-0.777694,0.00100676,0.000286163,-0.0023858,2.47332e-05,0.000567746,-0.000559585,0.4,0.4,-0.785398,0,0,0,0.0241717,0.0165724,0,0,0,0,0.0152371,0.00812495,2,0.4,0.4,-0.785398,0.344544,0.487027,3.7308e-15,0,0,0,0,0,0,0,0,0,0,0,0,0.855775,1.20968,0,0,0,0,0,0,0,0,0,0,0,0,2,0.855775,1.20968,0,1,2,0,0,0,0,0,1.294,1.2553,-3.8825,0,0,0,0,0,0,0,-0,0,1.93339,0,0,0,0,0,0,0,0,0,0,0,0,0,0,0
23.95,0.00956741,-0.0100853,0.00290069,0,0,0,1.97587,1.52454,3.10539,4.39747e-05,6.1076e-05,0.000121675,-6.68415e-05,0.00010989,-0.000280133,2,1.5,3.14159,0,0,0,0,0,0,0,0,0,0,0,2,2,1.5,3.14159,0,0,0,0,0,0,0,0,0,0,1.5708,1.5708,0,1.5708,1.5708,0,-0.0064869,0.0020231,0.000198274,0,0,0,0.408097,0.39327,-0.777893,0.000950341,0.000202161,-0.00199153,-0.000260152,-1.36294e-05,0.00159352,0.4,0.4,-0.785398,0,0,0,0.0241717,0.0165724,0,0,0,0,0.0152371,0.00812495,2,0.4,0.4,-0.785398,0.344544,0.487027,3.7308e-15,0,0,0,0,0,0,0,0,0,0,0,0,0.855775,1.20968,0,0,0,0,0,0,0,0,0,0,0,0,2,0.855775,1.20968,0,1,2,0,0,0,0,0,1.229,1.1904,-3.9482,0,0,0,0,0,0,0,-0,0,1.93331,0,0,0,0,0,0,0,0,0,0,0,0,0,0,0
24,0.00956741,-0.0100853,0.00290069,0,0,0,1.97587,1.52454,3.10539,4.39747e-05,6.1076e-05,0.000121675,-6.68415e-05,0.00010989,-0.000280133,2,1.5,3.14159,0,0,0,0,0,0,0,0,0,0,0,2,2,1.5,3.14159,0,0,0,0,0,0,0,0,0,0,1.5708,1.5708,0,1.5708,1.5708,0,-0.0064869,0.0020231,0.000198274,0,0,0,0.408097,0.39327,-0.777893,0.000950341,0.000202161,-0.00199153,-0.000260152,-1.36294e-05,0.00159352,0.4,0.4,-0.785398,0,0,0,0.022528,0.0187845,0,0,0,0,0.0123908,0.00888709,2,0.4,0.4,-0.785398,0.344544,0.487027,3.7308e-15,0,0,0,0,0,0,0,0,0,0,0,0,0.855775,1.20968,0,0,0,0,0,0,0,0,0,0,0,0,2,0.855775,1.20968,0,1,2,0,0,0,0,0,1.229,1.1904,-3.9482,0,0,0,0,0,0,0,-0,0,1.93331,0,0,0,0,0,0,0,0,0,0,0,0,0,0,0
24.05,0.00940725,-0.00980412,0.00290071,0,0,0,1.97587,1.52454,3.1054,9.03475e-05,-2.19764e-05,0.00011923,0.000125566,-0.000242897,-0.000271157,2,1.5,3.14159,0,0,0,0,0,0,0,0,0,0,0,2,2,1.5,3.14159,0,0,0,0,0,0,0,0,0,0,1.5708,1.5708,0,1.5708,1.5708,0,-0.00675005,0.00184962,0.000171544,0,0,0,0.408199,0.393295,-0.778082,0.0010158,0.000250287,-0.001888,6.86915e-05,0.000105854,0.00165788,0.4,0.4,-0.785398,0,0,0,0.022528,0.0187845,0,0,0,0,0.0123908,0.00888709,2,0.4,0.4,-0.785398,0.344544,0.487027,3.7308e-15,0,0,0,0,0,0,0,0,0,0,0,0,0.855775,1.20968,0,0,0,0,0,0,0,0,0,0,0,0,2,0.855775,1.20968,0,1,2,0,0,0,0,0,1.229,1.1904,-3.9482,0,0,0,0,0,0,0,-0,0,1.93321,0,0,0,0,0,0,0,0,0,0,0,0,0,0,0
24.1,0.00940725,-0.00980412,0.00290071,0,0,0,1.97587,1.52454,3.1054,9.03475e-05,-2.19764e-05,0.00011923,0.000125566,-0.000242897,-0.000271157,2,1.5,3.14159,0,0,0,0,0,0,0,0,0,0,0,2,2,1.5,3.14159,0,0,0,0,0,0,0,0,0,0,1.5708,1.5708,0,1.5708,1.5708,0,-0.00675005,0.00184962,0.000171544,0,0,0,0.408199,0.393295,-0.778082,0.0010158,0.000250287,-0.001888,6.86915e-05,0.000105854,0.00165788,0.4,0.4,-0.785398,0,0,0,0.0223193,0.0194359,0,0,0,0,0.0130453,0.0103466,2,0.4,0.4,-0.785398,0.344544,0.487027,3.7308e-15,0,0,0,0,0,0,0,0,0,0,0,0,0.855775,1.20968,0,0,0,0,0,0,0,0,0,0,0,0,2,0.855775,1.20968,0,1,2,0,0,0,0,0,1.229,1.1904,-3.9482,0,0,0,0,0,0,0,-0,0,1.93321,0,0,0,0,0,0,0,0,0,0,0,0,0,0,0
24.15,0.00943704,-0.00985745,0.00293928,0,0,0,1.97588,1.52454,3.10541,8.05617e-05,-6.10316e-06,2.38405e-05,6.23378e-05,-0.000130226,-0.00054282,2,1.5,3.14159,0,0,0,0,0,0,0,0,0,0,0,2,2,1.5,3.14159,0,0,0,0,0,0,0,0,0,0,1.5708,1.5708,0,1.5708,1.5708,0,-0.00720114,0.0023388,0.000433651,0,0,0,0.408312,0.393306,-0.77833,0.00113519,0.000104974,-0.00248239,0.000562486,-0.000500976,-0.00137004,0.4,0.4,-0.785398,0,0,0,0.0223193,0.0194359,0,0,0,0,0.0130453,0.0103466,2,0.4,0.4,-0.785398,0.344544,0.487027,3.7308e-15,0,0,0,0,0,0,0,0,0,0,0,0,0.855775,1.20968,0,0,0,0,0,0,0,0,0,0,0,0,2,0.855775,1.20968,0,1,2,0,0,0,0,0,1.3429,1.3043,-3.8346,0,0,0,0,0,0,0,-0,0,1.93312,0,0,0,0,0,0,0,0,0,0,0,0,0,0,0
24.2,0.00943704,-0.00985745,0.00293928,0,0,0,1.97588,1.52454,3.10541,8.05617e-05,-6.10316e-06,2.38405e-05,6.23378e-05,-0.000130226,-0.00054282,2,1.5,3.14159,0,0,0,0,0,0,0,0,0,0,0,2,2,1.5,3.14159,0,0,0,0,0,0,0,0,0,0,1.5708,1.5708,0,1.5708,1.5708,0,-0.00720114,0.0023388,0.000433651,0,0,0,0.408312,0.393306,-0.77833,0.00113519,0.000104974,-0.00248239,0.000562486,-0.000500976,-0.00137004,0.4,0.4,-0.785398,0,0,0,0.0281799,0.0181319,0,0,0,0,0.0163013,0.00689753,2,0.4,0.4,-0.785398,0.344544,0.487027,3.7308e-15,0,0,0,0,0,0,0,0,0,0,0,0,0.855775,1.20968,0,0,0,0,0,0,0,0,0,0,0,0,2,0.855775,1.20968,0,1,2,0,0,0,0,0,1.3429,1.3043,-3.8346,0,0,0,0,0,0,0,-0,0,1.93312,0,0,0,0,0,0,0,0,0,0,0,0,0,0,0
24.25,0.00943704,-0.00985745,0.00293928,0,0,0,1.97588,1.52454,3.10541,8.05617e-05,-6.10316e-06,2.38405e-05,6.23378e-05,-0.000130226,-0.00054282,2,1.5,3.14159,0,0,0,0,0,0,0,0,0,0,0,2,2,1.5,3.14159,0,0,0,0,0,0,0,0,0,0,1.5708,1.5708,0,1.5708,1.5708,0,-0.00720114,0.0023388,0.000433651,0,0,0,0.408312,0.393306,-0.77833,0.00113519,0.000104974,-0.00248239,0.000562486,-0.000500976,-0.00137004,0.4,0.4,-0.785398,0,0,0,0.0281799,0.0181319,0,0,0,0,0.0163013,0.00689753,2,0.4,0.4,-0.785398,0.344544,0.487027,3.7308e-15,0,0,0,0,0,0,0,0,0,0,0,0,0.855775,1.20968,0,0,0,0,0,0,0,0,0,0,0,0,2,0.855775,1.20968,0,1,2,0,0,0,0,0,1.3429,1.3043,-3.8346,0,0,0,0,0,0,0,-0,0,1.93312,0,0,0,0,0,0,0,0,0,0,0,0,0,0,0
24.3,0.00946295,-0.0100573,0.00282048,0,0,0,1.97589,1.52454,3.10544,7.20251e-05,5.24929e-05,0.00030996,-5.27503e-06,0.000171195,0.000780536,2,1.5,3.14159,0,0,0,0,0,0,0,0,0,0,0,2,2,1.5,3.14159,0,0,0,0,0,0,0,0,0,0,1.5708,1.5708,0,1.5708,1.5708,0,-0.00721372,0.00173476,0.000338716,0,0,0,0.408425,0.393334,-0.77855,0.00112555,0.000279556,-0.00220489,0.000365544,0.000314575,-0.000122578,0.4,0.4,-0.785398,0,0,0,0.0281799,0.0181319,0,0,0,0,0.0163013,0.00689753,2,0.4,0.4,-0.785398,0.344544,0.487027,3.7308e-15,0,0,0,0,0,0,0,0,0,0,0,0,0.855775,1.20968,0,0,0,0,0,0,0,0,0,0,0,0,2,0.855775,1.20968,0,1,2,0,0,0,0,0,1.3429,1.3043,-3.8346,0,0,0,0,0,0,0,-0,0,1.93302,0,0,0,0,0,0,0,0,0,0,0,0,0,0,0
24.35,0.00951011,-0.00974259,0.00287726,0,0,0,1.9759,1.52454,3.10545,5.73682e-05,-4.02798e-05,0.000166879,-7.08596e-05,-0.00022711,7.60961e-05,2,1.5,3.14159,0,0,0,0,0,0,0,0,0,0,0,2,2,1.5,3.14159,0,0,0,0,0,0,0,0,0,0,1.5708,1.5708,0,1.5708,1.5708,0,-0.00733818,0.00169847,-0.000269786,0,0,0,0.40854,0.393362,-0.77862,0.00114858,0.000286841,-0.000695527,0.000285254,0.00032844,0.00612562,0.4,0.4,-0.785398,0,0,0,0.0253813,0.0180796,0,0,0,0,0.0165193,0.0096855,2,0.4,0.4,-0.785398,0.344544,0.487027,3.7308e-15,0,0,0,0,0,0,0,0,0,0,0,0,0.855775,1.20968,0,0,0,0,0,0,0,0,0,0,0,0,2,0.855775,1.20968,0,1,2,0,0,0,0,0,1.2204,1.182,-3.9572,0,0,0,0,0,0,0,-0,0,1.93292,0,0,0,0,0,0,0,0,0,0,0,0,0,0,0
24.4,0.00951011,-0.00974259,0.00287726,0,0,0,1.9759,1.52454,3.10545,5.73682e-05,-4.02798e-05,0.000166879,-7.08596e-05,-0.00022711,7.60961e-05,2,1.5,3.14159,0,0,0,0,0,0,0,0,0,0,0,2,2,1.5,3.14159,0,0,0,0,0,0,0,0,0,0,1.5708,1.5708,0,1.5708,1.5708,0,-0.00733818,0.00169847,-0.000269786,0,0,0,0.40854,0.393362,-0.77862,0.00114858,0.000286841,-0.000695527,0.000285254,0.00032844,0.00612562,0.4,0.4,-0.785398,0,0,0,0.0171826,0.0266657,0,0,0,0,0.00903865,0.0179131,2,0.4,0.4,-0.785398,0.344544,0.487027,3.7308e-15,0,0,0,0,0,0,0,0,0,0,0,0,0.855775,1.20968,0,0,0,0,0,0,0,0,0,0,0,0,2,0.855775,1.20968,0,1,2,0,0,0,0,0,1.2204,1.182,-3.9572,0,0,0,0,0,0,0,-0,0,1.93292,0,0,0,0,0,0,0,0,0,0,0,0,0,0,0
24.45,0.00942852,-0.00979931,0.00299153,0,0,0,1.9759,1.52454,3.10544,8.05804e-05,-2.31974e-05,-0.000112076,4.12931e-05,-0.000122001,-0.00116435,2,1.5,3.14159,0,0,0,0,0,0,0,0,0,0,0,2,2,1.5,3.14159,0,0,0,0,0,0,0,0,0,0,1.5708,1.5708,0,1.5708,1.5708,0,-0.00759938,0.00331842,0.000916499,0,0,0,0.408661,0.393343,-0.778974,0.00121115,-0.000188021,-0.00353994,0.000409787,-0.00169845,-0.0068411,0.4,0.4,-0.785398,0,0,0,0.0171826,0.0266657,0,0,0,0,0.00903865,0.0179131,2,0.4,0.4,-0.785398,0.344544,0.487027,3.7308e-15,0,0,0,0,0,0,0,0,0,0,0,0,0.855775,1.20968,0,0,0,0,0,0,0,0,0,0,0,0,2,0.855775,1.20968,0,1,2,0,0,0,0,0,1.2204,1.182,-3.9572,0,0,0,0,0,0,0,-0,0,1.93283,0,0,0,0,0,0,0,0,0,0,0,0,0,0,0
24.5,0.00942852,-0.00979931,0.00299153,0,0,0,1.9759,1.52454,3.10544,8.05804e-05,-2.31974e-05,-0.000112076,4.12931e-05,-0.000122001,-0.00116435,2,1.5,3.14159,0,0,0,0,0,0,0,0,0,0,0,2,2,1.5,3.14159,0,0,0,0,0,0,0,0,0,0,1.5708,1.5708,0,1.5708,1.5708,0,-0.00759938,0.00331842,0.000916499,0,0,0,0.408661,0.393343,-0.778974,0.00121115,-0.000188021,-0.00353994,0.000409787,-0.00169845,-0.0068411,0.4,0.4,-0.785398,0,0,0,0.0381962,0.0147781,0.00293878,0,0,0,0.0201692,0.00360487,2,0.4,0.4,-0.785398,0.344544,0.487027,3.7308e-15,0,0,0,0,0,0,0,0,0,0,0,0,0.855775,1.20968,0,0,0,0,0,0,0,0,0,0,0,0,2,0.855775,1.20968,0,1,2,0,0,0,0,0,1.2204,1.182,-3.9572,0,0,0,0,0,0,0,-0,0,1.93283,0,0,0,0,0,0,0,0,0,0,0,0,0,0,0
24.55,0.00942852,-0.00979931,0.00299153,0,0,0,1.9759,1.52454,3.10544,8.05804e-05,-2.31974e-05,-0.000112076,4.12931e-05,-0.000122001,-0.00116435,2,1.5,3.14159,0,0,0,0,0,0,0,0,0,0,0,2,2,1.5,3.14159,0,0,0,0,0,0,0,0,0,0,1.5708,1.5708,0,1.5708,1.5708,0,-0.00759938,0.00331842,0.000916499,-0.00767884,0.00758081,0.000772373,0.408661,0.393343,-0.778974,0.00121115,-0.000188021,-0.00353994,0.000409787,-0.00169845,-0.0068411,0.4,0.4,-0.785398,0,0,0,0.0381962,0.0147781,0.00293878,0,0,0,0.0201692,0.00360487,2,0.4,0.4,-0.785398,0.344544,0.487027,3.7308e-15,0,0,0,0,0,0,0,0,0,0,0,0,0.855775,1.20968,0,0,0,0,0,0,0,0,0,0,0,0,2,0.855775,1.20968,0,1,2,0,0,0,0,0,1.373,1.3346,-3.805,0,0,0,0,0,0,0,-0,0,1.93283,0,0,0,0,0,0,0,0,0,0,0,0,0,0,0
24.6,0.00948365,-0.0101487,0.00287284,0,0,0,1.97591,1.52454,3.10546,6.34918e-05,7.93648e-05,0.000176472,-2.82851e-05,0.000350757,0.000285855,2,1.5,3.14159,0,0,0,0,0,0,0,0,0,0,0,2,2,1.5,3.14159,0,0,0,0,0,0,0,0,0,0,1.5708,1.5708,0,1.5708,1.5708,0,-0.00725406,0.00159769,0.000349582,-0.00767884,0.00758081,0.000772373,0.408771,0.393375,-0.779184,0.00109645,0.000315017,-0.00210455,-0.000195036,0.000715704,-0.00012842,0.4,0.4,-0.785398,0,0,0,0.0381962,0.0147781,0.00293878,0,0,0,0.0201692,0.00360487,2,0.4,0.4,-0.785398,0.344544,0.487027,3.7308e-15,0,0,0,0,0,0,0,0,0,0,0,0,0.855775,1.20968,0,0,0,0,0,0,0,0,0,0,0,0,2,0.855775,1.20968,0,1,2,0,0,0,0,0,1.373,1.3346,-3.805,0,0,0,0,0,0,0,-0,0,1.93274,0,0,0,0,0,0,0,0,0,0,0,0,0,0,0
24.65,0.00956039,-0.00998084,0.00286847,0,0,0,1.97591,1.52455,3.10548,4.02731e-05,2.92896e-05,0.000183536,-0.000119135,7.4568e-05,0.00039632,2,1.5,3.14159,0,0,0,0,0,0,0,0,0,0,0,2,2,1.5,3.14159,0,0,0,0,0,0,0,0,0,0,1.5708,1.5708,0,1.5708,1.5708,0,-0.0108436,0.00449755,-0.00122381,-0.00767725,0.00758242,0.000772373,0.408983,0.393322,-0.779011,0.00212838,-0.000532704,0.00172751,0.00392532,-0.00263065,0.0161427,0.4,0.4,-0.785398,0,0,0,0.0252695,0.0177132,0,0,0,0,0.0170828,0.0100107,2,0.4,0.4,-0.785398,0.344544,0.487027,3.7308e-15,0,0,0,0,0,0,0,0,0,0,0,0,0.855775,1.20968,0,0,0,0,0,0,0,0,0,0,0,0,2,0.855775,1.20968,0,1,2,0,0,0,0,0,1.373,1.3346,-3.805,0,0,0,0,0,0,0,-0,0,1.9326,0,0,0,0,0,0,0,0,0,0,0,0,0,0,0
24.7,0.00956039,-0.00998084,0.00286847,0,0,0,1.97591,1.52455,3.10548,4.02731e-05,2.92896e-05,0.000183536,-0.000119135,7.4568e-05,0.00039632,2,1.5,3.14159,0,0,0,0,0,0,0,0,0,0,0,2,2,1.5,3.14159,0,0,0,0,0,0,0,0,0,0,1.5708,1.5708,0,1.5708,1.5708,0,-0.0108436,0.00449755,-0.00122381,-0.00767856,0.0075811,0.000772373,0.408983,0.393322,-0.779011,0.00212838,-0.000532704,0.00172751,0.00392532,-0.00263065,0.0161427,0.4,0.4,-0.785398,0,0,0,0.0195273,0.056052,0,0.00499872,0,0,0.00531491,0.0306685,2,0.4,0.4,-0.785398,0.344544,0.487027,3.7308e-15,0,0,0,0,0,0,0,0,0,0,0,0,0.855775,1.20968,0,0,0,0,0,0,0,0,0,0,0,0,2,0.855775,1.20968,0,1,2,0,0,0,0,0,1.373,1.3346,-3.805,0,0,0,0,0,0,0,-0,0,1.9326,0,0,0,0,0,0,0,0,0,0,0,0,0,0,0
24.75,0.009517,-0.00987364,0.00295195,0,0,0,1.97592,1.52455,3.10548,5.25024e-05,-2.44197e-06,-2.14626e-05,-3.50256e-05,-0.00011944,-0.000566406,2,1.5,3.14159,0,0,0,0,0,0,0,0,0,0,0,2,2,1.5,3.14159,0,0,0,0,0,0,0,0,0,0,1.5708,1.5708,0,1.5708,1.5708,0,-0.00446838,0.00063744,0.00160921,-0.00767856,0.0075811,0.000772373,0.409008,0.393381,-0.779525,0.000247859,0.00059706,-0.00513194,-0.00460177,0.00248216,-0.0155141,0.4,0.4,-0.785398,0,0,0,0.0195273,0.056052,0,0.00499872,0,0,0.00531491,0.0306685,2,0.4,0.4,-0.785398,0.344544,0.487027,3.7308e-15,0,0,0,0,0,0,0,0,0,0,0,0,0.855775,1.20968,0,0,0,0,0,0,0,0,0,0,0,0,2,0.855775,1.20968,0,1,2,0,0,0,0,0,1.2527,1.2146,-3.9256,0,0,0,0,0,0,0,-0,0,1.93255,0,0,0,0,0,0,0,0,0,0,0,0,0,0,0
24.8,0.009517,-0.00987364,0.00295195,0,0,0,1.97592,1.52455,3.10548,5.25024e-05,-2.44197e-06,-2.14626e-05,-3.50256e-05,-0.00011944,-0.000566406,2,1.5,3.14159,0,0,0,0,0,0,0,0,0,0,0,2,2,1.5,3.14159,0,0,0,0,0,0,0,0,0,0,1.5708,1.5708,0,1.5708,1.5708,0,-0.00446838,0.00063744,0.00160921,0,0,0,0.409008,0.393381,-0.779525,0.000247859,0.00059706,-0.00513194,-0.00460177,0.00248216,-0.0155141,0.4,0.4,-0.785398,0,0,0,0.0321271,0.00342055,0.0135274,0,0.0105553,0,0.0285591,0.00335774,2,0.4,0.4,-0.785398,0.344544,0.487027,3.7308e-15,0,0,0,0,0,0,0,0,0,0,0,0,0.855775,1.20968,0,0,0,0,0,0,0,0,0,0,0,0,2,0.855775,1.20968,0,1,2,0,0,0,0,0,1.2527,1.2146,-3.9256,0,0,0,0,0,0,0,-0,0,1.93255,0,0,0,0,0,0,0,0,0,0,0,0,0,0,0
24.85,0.00933976,-0.0100153,0.00285131,0,0,0,1.97593,1.52455,3.1055,0.000103777,3.90689e-05,0.000221766,0.000195264,6.7895e-05,0.000501488,2,1.5,3.14159,0,0,0,0,0,0,0,0,0,0,0,2,2,1.5,3.14159,0,0,0,0,0,0,0,0,0,0,1.5708,1.5708,0,1.5708,1.5708,0,-0.00833743,0.00205231,0.000415465,0,0,0,0.409145,0.393399,-0.77974,0.00137108,0.000178253,-0.00215507,0.000571331,0.0005092,-0.00170779,0.4,0.4,-0.785398,0,0,0,0.0321271,0.00342055,0.0135274,0,0.0105553,0,0.0285591,0.00335774,2,0.4,0.4,-0.785398,0.344544,0.487027,3.7308e-15,0,0,0,0,0,0,0,0,0,0,0,0,0.855775,1.20968,0,0,0,0,0,0,0,0,0,0,0,0,2,0.855775,1.20968,0,1,2,0,0,0,0,0,1.2527,1.2146,-3.9256,0,0,0,0,0,0,0,-0,0,1.93244,0,0,0,0,0,0,0,0,0,0,0,0,0,0,0
24.9,0.00933976,-0.0100153,0.00285131,0,0,0,1.97593,1.52455,3.1055,0.000103777,3.90689e-05,0.000221766,0.000195264,6.7895e-05,0.000501488,2,1.5,3.14159,0,0,0,0,0,0,0,0,0,0,0,2,2,1.5,3.14159,0,0,0,0,0,0,0,0,0,0,1.5708,1.5708,0,1.5708,1.5708,0,-0.00833743,0.00205231,0.000415465,0,0,0,0.409145,0.393399,-0.77974,0.00137108,0.000178253,-0.00215507,0.000571331,0.0005092,-0.00170779,0.4,0.4,-0.785398,0,0,0,0.0302086,0.0210542,0,0,0,0,0.0195959,0.011026,2,0.4,0.4,-0.785398,0.344544,0.487027,3.7308e-15,0,0,0,0,0,0,0,0,0,0,0,0,0.855775,1.20968,0,0,0,0,0,0,0,0,0,0,0,0,2,0.855775,1.20968,0,1,2,0,0,0,0,0,1.2527,1.2146,-3.9256,0,0,0,0,0,0,0,-0,0,1.93244,0,0,0,0,0,0,0,0,0,0,0,0,0,0,0
24.95,0.0095858,-0.0100044,0.00291869,0,0,0,1.97593,1.52455,3.10551,3.05193e-05,3.54024e-05,5.48394e-05,-0.000144279,5.14851e-05,-0.00022126,2,1.5,3.14159,0,0,0,0,0,0,0,0,0,0,0,2,2,1.5,3.14159,0,0,0,0,0,0,0,0,0,0,1.5708,1.5708,0,1.5708,1.5708,0,-0.00724288,0.00181662,0.000819644,0,0,0,0.409249,0.393424,-0.780049,0.00103643,0.000244765,-0.0030865,-0.000293589,0.000304426,-0.00287817,0.4,0.4,-0.785398,0,0,0,0.0302086,0.0210542,0,0,0,0,0.0195959,0.011026,2,0.4,0.4,-0.785398,0.344544,0.487027,3.7308e-15,0,0,0,0,0,0,0,0,0,0,0,0,0.855775,1.20968,0,0,0,0,0,0,0,0,0,0,0,0,2,0.855775,1.20968,0,1,2,0,0,0,0,0,1.2932,1.2551,-3.8855,0,0,0,0,0,0,0,-0,0,1.93234,0,0,0,0,0,0,0,0,0,0,0,0,0,0,0
25,0.0095858,-0.0100044,0.00291869,0,0,0,1.97593,1.52455,3.10551,3.05193e-05,3.54024e-05,5.48394e-05,-0.000144279,5.14851e-05,-0.00022126,2,1.5,3.14159,0,0,0,0,0,0,0,0,0,0,0,2,2,1.5,3.14159,0,0,0,0,0,0,0,0,0,0,1.5708,1.5708,0,1.5708,1.5708,0,-0.00724288,0.00181662,0.000819644,0,0,0,0.409249,0.393424,-0.780049,0.00103643,0.000244765,-0.0030865,-0.000293589,0.000304426,-0.00287817,0.4,0.4,-0.785398,0,0,0,0.032273,0.0117182,0,0,0,0,0.0214964,0.00484368,2,0.4,0.4,-0.785398,0.344544,0.487027,3.7308e-15,0,0,0,0,0,0,0,0,0,0,0,0,0.855775,1.20968,0,0,0,0,0,0,0,0,0,0,0,0,2,0.855775,1.20968,0,1,2,0,0,0,0,0,1.2932,1.2551,-3.8855,0,0,0,0,0,0,0,-0,0,1.93234,0,0,0,0,0,0,0,0,0,0,0,0,0,0,0
25.05,0.00962209,-0.00996827,0.00300621,0,0,0,1.97593,1.52456,3.10549,1.95325e-05,2.44157e-05,-0.000157367,-0.000176505,-1.5212e-05,-0.00107863,2,1.5,3.14159,0,0,0,0,0,0,0,0,0,0,0,2,2,1.5,3.14159,0,0,0,0,0,0,0,0,0,0,1.5708,1.5708,0,1.5708,1.5708,0,-0.00919304,0.0025051,-0.000417479,0,0,0,0.409408,0.393428,-0.780053,0.0015919,4.15066e-05,-4.53025e-05,0.00192594,-0.000657126,0.0102656,0.4,0.4,-0.785398,0,0,0,0.032273,0.0117182,0,0,0,0,0.0214964,0.00484368,2,0.4,0.4,-0.785398,0.344544,0.487027,3.7308e-15,0,0,0,0,0,0,0,0,0,0,0,0,0.855775,1.20968,0,0,0,0,0,0,0,0,0,0,0,0,2,0.855775,1.20968,0,1,2,0,0,0,0,0,1.2932,1.2551,-3.8855,0,0,0,0,0,0,0,-0,0,1.93222,0,0,0,0,0,0,0,0,0,0,0,0,0,0,0
25.1,0.00962209,-0.00996827,0.00300621,0,0,0,1.97593,1.52456,3.10549,1.95325e-05,2.44157e-05,-0.000157367,-0.000176505,-1.5212e-05,-0.00107863,2,1.5,3.14159,0,0,0,0,0,0,0,0,0,0,0,2,2,1.5,3.14159,0,0,0,0,0,0,0,0,0,0,1.5708,1.5708,0,1.5708,1.5708,0,-0.00919304,0.0025051,-0.000417479,0,0,0,0.409408,0.393428,-0.780053,0.0015919,4.15066e-05,-4.53025e-05,0.00192594,-0.000657126,0.0102656,0.4,0.4,-0.785398,0,0,0,0.0217942,0.0358626,0,0,0,0,0.00968773,0.022857,2,0.4,0.4,-0.785398,0.344544,0.487027,3.7308e-15,0,0,0,0,0,0,0,0,0,0,0,0,0.855775,1.20968,0,0,0,0,0,0,0,0,0,0,0,0,2,0.855775,1.20968,0,1,2,0,0,0,0,0,1.2932,1.2551,-3.8855,0,0,0,0,0,0,0,-0,0,1.93222,0,0,0,0,0,0,0,0,0,0,0,0,0,0,0
25.15,0.00955463,-0.00980667,0.00292942,0,0,0,1.97594,1.52455,3.10549,3.90527e-05,-2.31876e-05,3.09867e-05,-3.23236e-05,-0.000208369,-1.10594e-05,2,1.5,3.14159,0,0,0,0,0,0,0,0,0,0,0,2,2,1.5,3.14159,0,0,0,0,0,0,0,0,0,0,1.5708,1.5708,0,1.5708,1.5708,0,-0.00814847,0.00236091,0.000339737,0,0,0,0.409535,0.393436,-0.78024,0.00126921,8.29871e-05,-0.00186873,0.000167983,-0.000358902,0.000655989,0.4,0.4,-0.785398,0,0,0,0.0217942,0.0358626,0,0,0,0,0.00968773,0.022857,2,0.4,0.4,-0.785398,0.344544,0.487027,3.7308e-15,0,0,0,0,0,0,0,0,0,0,0,0,0.855775,1.20968,0,0,0,0,0,0,0,0,0,0,0,0,2,0.855775,1.20968,0,1,2,0,0,0,0,0,1.2929,1.2551,-3.8857,0,0,0,0,0,0,0,-0,0,1.93211,0,0,0,0,0,0,0,0,0,0,0,0,0,0,0
25.2,0.00955463,-0.00980667,0.00292942,0,0,0,1.97594,1.52455,3.10549,3.90527e-05,-2.31876e-05,3.09867e-05,-3.23236e-05,-0.000208369,-1.10594e-05,2,1.5,3.14159,0,0,0,0,0,0,0,0,0,0,0,2,2,1.5,3.14159,0,0,0,0,0,0,0,0,0,0,1.5708,1.5708,0,1.5708,1.5708,0,-0.00814847,0.00236091,0.000339737,0,0,0,0.409535,0.393436,-0.78024,0.00126921,8.29871e-05,-0.00186873,0.000167983,-0.000358902,0.000655989,0.4,0.4,-0.785398,0,0,0,0.0295041,0.0223156,0,0,0,0,0.0174623,0.0107329,2,0.4,0.4,-0.785398,0.344544,0.487027,3.7308e-15,0,0,0,0,0,0,0,0,0,0,0,0,0.855775,1.20968,0,0,0,0,0,0,0,0,0,0,0,0,2,0.855775,1.20968,0,1,2,0,0,0,0,0,1.2929,1.2551,-3.8857,0,0,0,0,0,0,0,-0,0,1.93211,0,0,0,0,0,0,0,0,0,0,0,0,0,0,0
25.25,0.00978654,-0.00966389,0.00290642,0,0,0,1.97594,1.52455,3.1055,-2.9306e-05,-6.47175e-05,8.58575e-05,-0.000273073,-0.000317167,0.000357052,2,1.5,3.14159,0,0,0,0,0,0,0,0,0,0,0,2,2,1.5,3.14159,0,0,0,0,0,0,0,0,0,0,1.5708,1.5708,0,1.5708,1.5708,0,-0.00857959,0.00248957,0.0004445,0,0,0,0.409673,0.393441,-0.780448,0.00137983,4.45696e-05,-0.00208443,0.000303384,-0.000328741,-0.00176632,0.4,0.4,-0.785398,0,0,0,0.0295041,0.0223156,0,0,0,0,0.0174623,0.0107329,2,0.4,0.4,-0.785398,0.344544,0.487027,3.7308e-15,0,0,0,0,0,0,0,0,0,0,0,0,0.855775,1.20968,0,0,0,0,0,0,0,0,0,0,0,0,2,0.855775,1.20968,0,1,2,0,0,0,0,0,1.2929,1.2551,-3.8857,0,0,0,0,0,0,0,-0,0,1.93199,0,0,0,0,0,0,0,0,0,0,0,0,0,0,0
25.3,0.00978654,-0.00966389,0.00290642,0,0,0,1.97594,1.52455,3.1055,-2.9306e-05,-6.47175e-05,8.58575e-05,-0.000273073,-0.000317167,0.000357052,2,1.5,3.14159,0,0,0,0,0,0,0,0,0,0,0,2,2,1.5,3.14159,0,0,0,0,0,0,0,0,0,0,1.5708,1.5708,0,1.5708,1.5708,0,-0.00857959,0.00248957,0.0004445,0,0,0,0.409673,0.393441,-0.780448,0.00137983,4.45696e-05,-0.00208443,0.000303384,-0.000328741,-0.00176632,0.4,0.4,-0.785398,0,0,0,0.0322733,0.0223042,0,0,0,0,0.0195081,0.0101757,2,0.4,0.4,-0.785398,0.344544,0.487027,3.7308e-15,0,0,0,0,0,0,0,0,0,0,0,0,0.855775,1.20968,0,0,0,0,0,0,0,0,0,0,0,0,2,0.855775,1.20968,0,1,2,0,0,0,0,0,1.2929,1.2551,-3.8857,0,0,0,0,0,0,0,-0,0,1.93199,0,0,0,0,0,0,0,0,0,0,0,0,0,0,0
25.35,0.00983357,-0.0102576,0.00293637,0,0,0,1.97593,1.52456,3.1055,-4.27301e-05,0.000109877,1.19225e-05,-0.00025021,0.000492394,-3.11337e-05,2,1.5,3.14159,0,0,0,0,0,0,0,0,0,0,0,2,2,1.5,3.14159,0,0,0,0,0,0,0,0,0,0,1.5708,1.5708,0,1.5708,1.5708,0,-0.00787505,0.00186072,0.000156257,0,0,0,0.409789,0.393463,-0.780583,0.0011586,0.00022708,-0.00134903,-0.000682082,0.000535984,0.00154799,0.4,0.4,-0.785398,0,0,0,0.0322733,0.0223042,0,0,0,0,0.0195081,0.0101757,2,0.4,0.4,-0.785398,0.344544,0.487027,3.7308e-15,0,0,0,0,0,0,0,0,0,0,0,0,0.855775,1.20968,0,0,0,0,0,0,0,0,0,0,0,0,2,0.855775,1.20968,0,1,2,0,0,0,0,0,1.2024,1.1648,-3.9764,0,0,0,0,0,0,0,-0,0,1.93189,0,0,0,0,0,0,0,0,0,0,0,0,0,0,0
25.4,0.00983357,-0.0102576,0.00293637,0,0,0,1.97593,1.52456,3.1055,-4.27301e-05,0.000109877,1.19225e-05,-0.00025021,0.000492394,-3.11337e-05,2,1.5,3.14159,0,0,0,0,0,0,0,0,0,0,0,2,2,1.5,3.14159,0,0,0,0,0,0,0,0,0,0,1.5708,1.5708,0,1.5708,1.5708,0,-0.00787505,0.00186072,0.000156257,0,0,0,0.409789,0.393463,-0.780583,0.0011586,0.00022708,-0.00134903,-0.000682082,0.000535984,0.00154799,0.4,0.4,-0.785398,0,0,0,0.0250505,0.0229536,0,0,0,0,0.0156505,0.0136872,2,0.4,0.4,-0.785398,0.344544,0.487027,3.7308e-15,0,0,0,0,0,0,0,0,0,0,0,0,0.855775,1.20968,0,0,0,0,0,0,0,0,0,0,0,0,2,0.855775,1.20968,0,1,2,0,0,0,0,0,1.2024,1.1648,-3.9764,0,0,0,0,0,0,0,-0,0,1.93189,0,0,0,0,0,0,0,0,0,0,0,0,0,0,0
25.45,0.00983357,-0.0102576,0.00293637,0,0,0,1.97593,1.52456,3.1055,-4.27301e-05,0.000109877,1.19225e-05,-0.00025021,0.000492394,-3.11337e-05,2,1.5,3.14159,0,0,0,0,0,0,0,0,0,0,0,2,2,1.5,3.14159,0,0,0,0,0,0,0,0,0,0,1.5708,1.5708,0,1.5708,1.5708,0,-0.00787505,0.00186072,0.000156257,0,0,0,0.409789,0.393463,-0.780583,0.0011586,0.00022708,-0.00134903,-0.000682082,0.000535984,0.00154799,0.4,0.4,-0.785398,0,0,0,0.0250505,0.0229536,0,0,0,0,0.0156505,0.0136872,2,0.4,0.4,-0.785398,0.344544,0.487027,3.7308e-15,0,0,0,0,0,0,0,0,0,0,0,0,0.855775,1.20968,0,0,0,0,0,0,0,0,0,0,0,0,2,0.855775,1.20968,0,1,2,0,0,0,0,0,1.2024,1.1648,-3.9764,0,0,0,0,0,0,0,-0,0,1.93189,0,0,0,0,0,0,0,0,0,0,0,0,0,0,0
25.5,0.00948513,-0.00941996,0.00293825,0,0,0,1.97594,1.52455,3.1055,5.97913e-05,-0.000136666,7.14979e-06,0.000262526,-0.000579894,-9.03178e-05,2,1.5,3.14159,0,0,0,0,0,0,0,0,0,0,0,2,2,1.5,3.14159,0,0,0,0,0,0,0,0,0,0,1.5708,1.5708,0,1.5708,1.5708,0,-0.00957567,0.00264224,0.00036655,0,0,0,0.409953,0.393463,-0.780766,0.00163999,-3.05058e-06,-0.00182916,0.00138123,-0.000480615,-0.000541043,0.4,0.4,-0.785398,0,0,0,0.0250505,0.0229536,0,0,0,0,0.0156505,0.0136872,2,0.4,0.4,-0.785398,0.344544,0.487027,3.7308e-15,0,0,0,0,0,0,0,0,0,0,0,0,0.855775,1.20968,0,0,0,0,0,0,0,0,0,0,0,0,2,0.855775,1.20968,0,1,2,0,0,0,0,0,1.2024,1.1648,-3.9764,0,0,0,0,0,0,0,-0,0,1.93175,0,0,0,0,0,0,0,0,0,0,0,0,0,0,0
25.55,0.00962854,-0.0100481,0.00292929,0,0,0,1.97594,1.52455,3.10551,1.70994e-05,4.88555e-05,2.86263e-05,5.63594e-05,0.000248134,2.35462e-05,2,1.5,3.14159,0,0,0,0,0,0,0,0,0,0,0,2,2,1.5,3.14159,0,0,0,0,0,0,0,0,0,0,1.5708,1.5708,0,1.5708,1.5708,0,-0.00858112,0.00166673,9.15735e-05,0,0,0,0.410086,0.393491,-0.780879,0.00133131,0.000280919,-0.00113074,-0.000127831,0.000708365,0.00218642,0.4,0.4,-0.785398,0,0,0,0.0338718,0.0263584,0,0,0,0,0.0204253,0.0133916,2,0.4,0.4,-0.785398,0.344544,0.487027,3.7308e-15,0,0,0,0,0,0,0,0,0,0,0,0,0.855775,1.20968,0,0,0,0,0,0,0,0,0,0,0,0,2,0.855775,1.20968,0,1,2,0,0,0,0,0,1.2924,1.2551,-3.8864,0,0,0,0,0,0,0,-0,0,1.93163,0,0,0,0,0,0,0,0,0,0,0,0,0,0,0
25.6,0.00962854,-0.0100481,0.00292929,0,0,0,1.97594,1.52455,3.10551,1.70994e-05,4.88555e-05,2.86263e-05,5.63594e-05,0.000248134,2.35462e-05,2,1.5,3.14159,0,0,0,0,0,0,0,0,0,0,0,2,2,1.5,3.14159,0,0,0,0,0,0,0,0,0,0,1.5708,1.5708,0,1.5708,1.5708,0,-0.00858112,0.00166673,9.15735e-05,0,0,0,0.410086,0.393491,-0.780879,0.00133131,0.000280919,-0.00113074,-0.000127831,0.000708365,0.00218642,0.4,0.4,-0.785398,0,0,0,0.0252797,0.0252495,0,0,0,0,0.0168952,0.0168664,2,0.4,0.4,-0.785398,0.344544,0.487027,3.7308e-15,0,0,0,0,0,0,0,0,0,0,0,0,0.855775,1.20968,0,0,0,0,0,0,0,0,0,0,0,0,2,0.855775,1.20968,0,1,2,0,0,0,0,0,1.2924,1.2551,-3.8864,0,0,0,0,0,0,0,-0,0,1.93163,0,0,0,0,0,0,0,0,0,0,0,0,0,0,0
25.65,0.00973211,-0.00983735,0.00289447,0,0,0,1.97594,1.52455,3.10552,-1.34272e-05,-1.34272e-05,0.000112053,-0.000115992,1.22393e-05,0.000362955,2,1.5,3.14159,0,0,0,0,0,0,0,0,0,0,0,2,2,1.5,3.14159,0,0,0,0,0,0,0,0,0,0,1.5708,1.5708,0,1.5708,1.5708,0,-0.00874103,0.00248008,0.000169289,0,0,0,0.410222,0.393495,-0.781009,0.00136225,4.0892e-05,-0.00129576,-0.000154485,-0.000372334,0.00102004,0.4,0.4,-0.785398,0,0,0,0.0252797,0.0252495,0,0,0,0,0.0168952,0.0168664,2,0.4,0.4,-0.785398,0.344544,0.487027,3.7308e-15,0,0,0,0,0,0,0,0,0,0,0,0,0.855775,1.20968,0,0,0,0,0,0,0,0,0,0,0,0,2,0.855775,1.20968,0,1,2,0,0,0,0,0,1.2924,1.2551,-3.8864,0,0,0,0,0,0,0,-0,0,1.93151,0,0,0,0,0,0,0,0,0,0,0,0,0,0,0
25.7,0.00973211,-0.00983735,0.00289447,0,0,0,1.97594,1.52455,3.10552,-1.34272e-05,-1.34272e-05,0.000112053,-0.000115992,1.22393e-05,0.000362955,2,1.5,3.14159,0,0,0,0,0,0,0,0,0,0,0,2,2,1.5,3.14159,0,0,0,0,0,0,0,0,0,0,1.5708,1.5708,0,1.5708,1.5708,0,-0.00874103,0.00248008,0.000169289,0,0,0,0.410222,0.393495,-0.781009,0.00136225,4.0892e-05,-0.00129576,-0.000154485,-0.000372334,0.00102004,0.4,0.4,-0.785398,0,0,0,0.0287999,0.0264989,0,0,0,0,0.0163464,0.0141922,2,0.4,0.4,-0.785398,0.344544,0.487027,3.7308e-15,0,0,0,0,0,0,0,0,0,0,0,0,0.855775,1.20968,0,0,0,0,0,0,0,0,0,0,0,0,2,0.855775,1.20968,0,1,2,0,0,0,0,0,1.2924,1.2551,-3.8864,0,0,0,0,0,0,0,-0,0,1.93151,0,0,0,0,0,0,0,0,0,0,0,0,0,0,0
25.75,0.00995784,-0.0103122,0.0030428,0,0,0,1.97593,1.52456,3.10549,-7.93574e-05,0.000125751,-0.000247992,-0.000356422,0.000531522,-0.0011748,2,1.5,3.14159,0,0,0,0,0,0,0,0,0,0,0,2,2,1.5,3.14159,0,0,0,0,0,0,0,0,0,0,1.5708,1.5708,0,1.5708,1.5708,0,-0.00891838,0.00220157,0.000309363,0,0,0,0.410362,0.393507,-0.78117,0.00139791,0.000121478,-0.00160778,4.46535e-05,-4.80261e-05,-0.000790779,0.4,0.4,-0.785398,0,0,0,0.0287999,0.0264989,0,0,0,0,0.0163464,0.0141922,2,0.4,0.4,-0.785398,0.344544,0.487027,3.7308e-15,0,0,0,0,0,0,0,0,0,0,0,0,0.855775,1.20968,0,0,0,0,0,0,0,0,0,0,0,0,2,0.855775,1.20968,0,1,2,0,0,0,0,0,1.2922,1.2551,-3.8867,0,0,0,0,0,0,0,-0,0,1.93139,0,0,0,0,0,0,0,0,0,0,0,0,0,0,0
25.8,0.00995784,-0.0103122,0.0030428,0,0,0,1.97593,1.52456,3.10549,-7.93574e-05,0.000125751,-0.000247992,-0.000356422,0.000531522,-0.0011748,2,1.5,3.14159,0,0,0,0,0,0,0,0,0,0,0,2,2,1.5,3.14159,0,0,0,0,0,0,0,0,0,0,1.5708,1.5708,0,1.5708,1.5708,0,-0.00891838,0.00220157,0.000309363,0,0,0,0.410362,0.393507,-0.78117,0.00139791,0.000121478,-0.00160778,4.46535e-05,-4.80261e-05,-0.000790779,0.4,0.4,-0.785398,0,0,0,0.0304337,0.0243787,0,0,0,0,0.0192327,0.0135641,2,0.4,0.4,-0.785398,0.344544,0.487027,3.7308e-15,0,0,0,0,0,0,0,0,0,0,0,0,0.855775,1.20968,0,0,0,0,0,0,0,0,0,0,0,0,2,0.855775,1.20968,0,1,2,0,0,0,0,0,1.2922,1.2551,-3.8867,0,0,0,0,0,0,0,-0,0,1.93139,0,0,0,0,0,0,0,0,0,0,0,0,0,0,0
