0,0,0,0,0,0,0,0,0,0,0,0,0,0,0,0,0,0,0,0,0,0,0,0,0,0,0,0,0,0,0,0,0,0,0,0,0,0,0,0,0,0,0,0,0,0,0,0,0,0,0,0,0,0,0,0,0,0,0,0,0,0,0,0,0,0,0,0,0,0,0,0,0,0,0,0,0,0,0,0,0,0,0,0,0,0,0,0,0,0,0,0,0,0,0,0,0,0,0,0,0,0,0,0,0,0,0,0,0,0,0,0,0,0,0,0,0,0,0,0,0,0,0,0,0,0,0,0,0,0,0,0,0,0,0,0,0,0,0,0,0,0,0,0,0,0,0,0,0,0,0,0,0,0,0,0,0,0,0,0,0
0,0,0,0,0,0,0,3.02082,1.95901,-3.12317,-0.000126903,-0.000686982,0.000150144,4.76404e-06,3.08949e-06,4.98356e-06,0,0,0,0,0,0,0,0,0,0,0,0,0,0,0,0,0,0,0,0,0,0,0,0,0,0,0,0,0,0,0,0,0,0,0,0,0,0,0,0,1.84873,1.1756,0.00609396,-0.000209877,-0.00061865,0.000473976,2.91558e-06,1.854e-06,9.61061e-09,0,0,0,0,0,0,0,0,0,0,0,0,0,0,0,0,0,0,0,0,0,0,0,0,0,0,0,0,0,0,0,0,0,0,0,0,0,0,0,0,0,0,0,0,0,0,0,0,0,0,0,0,1,0,0,0,0,0,1.8688,1.1465,0.0061,0,0,0,0,0,0,0,-0,0,1.40979,0,0,0,0,0,0,0,0,0,0,0,0,0,0,0,0,0,0,0,0,0,0,0,0,0
0,0,0,0,0,-0,0,3.02081,1.95904,-3.12318,-7.32888e-05,0.000310256,-9.30424e-05,-0.0242792,-0.0143157,-0.0254634,0,0,0,0,0,0,0,0,0,0,0,0,0,0,0,0,0,0,0,0,0,0,0,0,0,0,0,0,0,0,0,0,0,0,0,0,0,0,0,0,1.84874,1.17562,0.00607402,0.000109933,0.000255289,-0.000199597,-0.0142404,-0.0083147,-0.000845849,0,0,0,0,0,0,0,0,0,0,0,0,0,0,0,0,0,0,0,0,0,0,0,0,0,0,0,0,0,0,0,0,0,0,0,0,0,0,0,0,0,0,0,0,0,0,0,0,0,0,0,0,1,0,0,0,0,0,1.8688,1.1465,0.0061,0,0,0,0,0,0,0,-0,0,1.40978,0,0,0,0,0,0,0,0,0,0,0,0,0,0,0,0,0,0,0,0,0,0,0,0,0
0,0,0,0,0,-0,0,3.02081,1.95904,-3.12318,-7.32888e-05,0.000310256,-9.30424e-05,-0.0242792,-0.0143157,-0.0254634,0,0,0,0,0,0,0,0,0,0,0,0,0,0,0,0,0,0,0,0,0,0,0,0,0,0,0,0,0,0,0,0,0,0,0,0,0,0,0,0,1.84874,1.17562,0.00607402,0.000109933,0.000255289,-0.000199597,-0.0142404,-0.0083147,-0.000845849,0,0,0,0,0,0,0,0,0,0,0,0,0,0,0,0,0,0,0,0,0,0,0,0,0,0,0,0,0,0,0,0,0,0,0,0,0,0,0,0,0,0,0,0,0,0,0,0,0,0,0,0,1,0,0,0,0,0,1.8688,1.1465,0.0061,0,0,0,0,0,0,0,-0,0,1.40978,0,0,0,0,0,0,0,0,0,0,0,0,0,0,0,0,0,0,0,0,0,0,0,0,0
0,0,0,0,0,-0,0,3.02082,1.95908,-3.12312,6.34438e-05,0.000440447,0.00065293,-0.00849469,-0.00429029,-0.00652488,0,0,0,0,0,0,0,0,0,0,0,0,0,0,0,0,0,0,0,0,0,0,0,0,0,0,0,0,0,0,0,0,0,0,0,0,0,0,0,0,1.84874,1.17566,0.00604976,6.10037e-06,0.000353822,-0.00024248,-0.00549266,-0.00228975,-0.000776389,0,0,0,0,0,0,0,0,0,0,0,0,0,0,0,0,0,0,0,0,0,0,0,0,0,0,0,0,0,0,0,0,0,0,0,0,0,0,0,0,0,0,0,0,0,0,0,0,0,0,0,0,1,0,0,0,0,0,1.8688,1.1465,0.0061,0,0,0,0,0,0,0,-0,0,1.40979,0,0,0,0,0,0,0,0,0,0,0,0,0,0,0,0,0,0,0,0,0,0,0,0,0
0,0,0,0,0,-0,0,3.02082,1.95908,-3.12312,6.34438e-05,0.000440447,0.00065293,-0.00849469,-0.00429029,-0.00652488,0,0,0,0,0,0,0,0,0,0,0,0,0,0,0,0,0,0,0,0,0,0,0,0,0,0,0,0,0,0,0,0,0,0,0,0,0,0,0,0,1.84874,1.17566,0.00604976,6.10037e-06,0.000353822,-0.00024248,-0.00549266,-0.00228975,-0.000776389,0,0,0,0,0,0,0,0,0,0,0,0,0,0,0,0,0,0,0,0,0,0,0,0,0,0,0,0,0,0,0,0,0,0,0,0,0,0,0,0,0,0,0,0,0,0,0,0,0,0,0,0,1,0,0,0,0,0,0.872,0.6891,3.0848,0,0,0,0,0,0,0,-0,0,1.40979,0,0,0,0,0,0,0,0,0,0,0,0,0,0,0,0,0,0,0,0,0,0,0,0,0
0,0,0,0,0,-0,0,3.02081,1.95896,-3.12315,-6.34877e-05,-0.00121359,-0.000345767,-0.00347022,-0.00782837,-0.00534495,0,0,0,0,0,0,0,0,0,0,0,0,0,0,0,0,0,0,0,0,0,0,0,0,0,0,0,0,0,0,0,0,0,0,0,0,0,0,0,0,1.84875,1.17557,0.0060931,0.000126975,-0.000901037,0.000433467,-0.00163039,-0.00557374,0.00224466,0,0,0,0,0,0,0,0,0,0,0,0,0,0,0,0,0,0,0,0,0,0,0,0,0,0,0,0,0,0,0,0,0,0,0,0,0,0,0,0,0,0,0,0,0,0,0,0,0,0,0,0,1,0,0,0,0,0,0.872,0.6891,3.0848,0,0,0,0,0,0,0,-0,0,1.40976,0,0,0,0,0,0,0,0,0,0,0,0,0,0,0,0,0,0,0,0,0,0,0,0,0
0,0,0,0,0,-0,0,3.02081,1.95896,-3.12315,-6.34877e-05,-0.00121359,-0.000345767,-0.00347022,-0.00782837,-0.00534495,0,0,0,0,0,0,0,0,0,0,0,0,0,0,0,0,0,0,0,0,0,0,0,0,0,0,0,0,0,0,0,0,0,0,0,0,0,0,0,0,1.84875,1.17557,0.0060931,0.000126975,-0.000901037,0.000433467,-0.00163039,-0.00557374,0.00224466,0,0,0,0,0,0,0,0,0,0,0,0,0,0,0,0,0,0,0,0,0,0,0,0,0,0,0,0,0,0,0,0,0,0,0,0,0,0,0,0,0,0,0,0,0,0,0,0,0,0,0,0,1,0,0,0,0,0,0.872,0.6891,3.0848,0,0,0,0,0,0,0,-0,0,1.40976,0,0,0,0,0,0,0,0,0,0,0,0,0,0,0,0,0,0,0,0,0,0,0,0,0
0,0,0,0,0,-0,0,3.0208,1.95893,-3.12319,-7.08459e-05,-0.000302927,-0.000336384,-0.00143371,-0.00154144,-0.00301268,0,0,0,0,0,0,0,0,0,0,0,0,0,0,0,0,0,0,0,0,0,0,0,0,0,0,0,0,0,0,0,0,0,0,0,0,0,0,0,0,1.84874,1.17558,0.00613968,-0.000112376,0.000125812,0.000466163,-0.00141292,0.000311134,0.00188729,0,0,0,0,0,0,0,0,0,0,0,0,0,0,0,0,0,0,0,0,0,0,0,0,0,0,0,0,0,0,0,0,0,0,0,0,0,0,0,0,0,0,0,0,0,0,0,0,0,0,0,0,1,0,0,0,0,0,0.872,0.6891,3.0848,0,0,0,0,0,0,0,-0,0,1.40974,0,0,0,0,0,0,0,0,0,0,0,0,0,0,0,0,0,0,0,0,0,0,0,0,0
0,0,0,0,0,-0,0,3.0208,1.95893,-3.12319,-7.08459e-05,-0.000302927,-0.000336384,-0.00143371,-0.00154144,-0.00301268,0,0,0,0,0,0,0,0,0,0,0,0,0,0,0,0,0,0,0,0,0,0,0,0,0,0,0,0,0,0,0,0,0,0,0,0,0,0,0,0,1.84874,1.17558,0.00613968,-0.000112376,0.000125812,0.000466163,-0.00141292,0.000311134,0.00188729,0,0,0,0,0,0,0,0,0,0,0,0,0,0,0,0,0,0,0,0,0,0,0,0,0,0,0,0,0,0,0,0,0,0,0,0,0,0,0,0,0,0,0,0,0,0,0,0,0,0,0,0,1,0,0,0,0,0,1.0104,0.8275,3.2235,0,0,0,0,0,0,0,-0,0,1.40974,0,0,0,0,0,0,0,0,0,0,0,0,0,0,0,0,0,0,0,0,0,0,0,0,0
0,0,0,0,0,-0,0,3.0208,1.95899,-3.12318,-1.22074e-05,0.000610372,2.38426e-05,-0.000351058,0.00357443,-5.45546e-05,0,0,0,0,0,0,0,0,0,0,0,0,0,0,0,0,0,0,0,0,0,0,0,0,0,0,0,0,0,0,0,0,0,0,0,0,0,0,0,0,1.84875,1.17561,0.00604809,2.19734e-05,0.000269785,-0.00091597,-0.000282407,0.00155912,-0.00443697,0,0,0,0,0,0,0,0,0,0,0,0,0,0,0,0,0,0,0,0,0,0,0,0,0,0,0,0,0,0,0,0,0,0,0,0,0,0,0,0,0,0,0,0,0,0,0,0,0,0,0,0,1,0,0,0,0,0,1.0104,0.8275,3.2235,0,0,0,0,0,0,0,-0,0,1.40975,0,0,0,0,0,0,0,0,0,0,0,0,0,0,0,0,0,0,0,0,0,0,0,0,0
0,0,0,0,0,-0,0,3.0208,1.95899,-3.12318,-1.22074e-05,0.000610372,2.38426e-05,-0.000351058,0.00357443,-5.45546e-05,0,0,0,0,0,0,0,0,0,0,0,0,0,0,0,0,0,0,0,0,0,0,0,0,0,0,0,0,0,0,0,0,0,0,0,0,0,0,0,0,1.84875,1.17561,0.00604809,2.19734e-05,0.000269785,-0.00091597,-0.000282407,0.00155912,-0.00443697,0,0,0,0,0,0,0,0,0,0,0,0,0,0,0,0,0,0,0,0,0,0,0,0,0,0,0,0,0,0,0,0,0,0,0,0,0,0,0,0,0,0,0,0,0,0,0,0,0,0,0,0,1,0,0,0,0,0,1.0104,0.8275,3.2235,0,0,0,0,0,0,0,-0,0,1.40975,0,0,0,0,0,0,0,0,0,0,0,0,0,0,0,0,0,0,0,0,0,0,0,0,0
0,0,0,0,0,-0,0,3.0208,1.95903,-3.12319,-2.44042e-05,0.000358741,-3.09819e-05,-0.000112871,0.00183353,0.000148855,0,0,0,0,0,0,0,0,0,0,0,0,0,0,0,0,0,0,0,0,0,0,0,0,0,0,0,0,0,0,0,0,0,0,0,0,0,0,0,0,1.84875,1.17563,0.00603224,3.66062e-06,0.000247702,-0.000158414,-8.96145e-05,0.00101689,-0.000493362,0,0,0,0,0,0,0,0,0,0,0,0,0,0,0,0,0,0,0,0,0,0,0,0,0,0,0,0,0,0,0,0,0,0,0,0,0,0,0,0,0,0,0,0,0,0,0,0,0,0,0,0,1,0,0,0,0,0,1.0104,0.8275,3.2235,0,0,0,0,0,0,0,-0,0,1.40976,0,0,0,0,0,0,0,0,0,0,0,0,0,0,0,0,0,0,0,0,0,0,0,0,0
0,0,0,0,0,-0,0,3.0208,1.95903,-3.12319,-2.44042e-05,0.000358741,-3.09819e-05,-0.000112871,0.00183353,0.000148855,0,0,0,0,0,0,0,0,0,0,0,0,0,0,0,0,0,0,0,0,0,0,0,0,0,0,0,0,0,0,0,0,0,0,0,0,0,0,0,0,1.84875,1.17563,0.00603224,3.66062e-06,0.000247702,-0.000158414,-8.96145e-05,0.00101689,-0.000493362,0,0,0,0,0,0,0,0,0,0,0,0,0,0,0,0,0,0,0,0,0,0,0,0,0,0,0,0,0,0,0,0,0,0,0,0,0,0,0,0,0,0,0,0,0,0,0,0,0,0,0,0,1,0,0,0,0,0,0.9163,0.7335,3.1293,0,0,0,0,0,0,0,-0,0,1.40976,0,0,0,0,0,0,0,0,0,0,0,0,0,0,0,0,0,0,0,0,0,0,0,0,0
0,0,0,0,0,-0,0,3.02079,1.959,-3.1232,-8.7913e-05,-0.000297927,-0.000121624,-0.000289255,-0.00175902,-0.000245221,0,0,0,0,0,0,0,0,0,0,0,0,0,0,0,0,0,0,0,0,0,0,0,0,0,0,0,0,0,0,0,0,0,0,0,0,0,0,0,0,1.84875,1.17562,0.00606303,-1.22101e-06,-0.000107449,0.000307959,-4.72263e-05,-0.000882224,0.00210114,0,0,0,0,0,0,0,0,0,0,0,0,0,0,0,0,0,0,0,0,0,0,0,0,0,0,0,0,0,0,0,0,0,0,0,0,0,0,0,0,0,0,0,0,0,0,0,0,0,0,0,0,1,0,0,0,0,0,0.9163,0.7335,3.1293,0,0,0,0,0,0,0,-0,0,1.40974,0,0,0,0,0,0,0,0,0,0,0,0,0,0,0,0,0,0,0,0,0,0,0,0,0
0,0,0,0,0,-0,0,3.02079,1.959,-3.1232,-8.7913e-05,-0.000297927,-0.000121624,-0.000289255,-0.00175902,-0.000245221,0,0,0,0,0,0,0,0,0,0,0,0,0,0,0,0,0,0,0,0,0,0,0,0,0,0,0,0,0,0,0,0,0,0,0,0,0,0,0,0,1.84875,1.17562,0.00606303,-1.22101e-06,-0.000107449,0.000307959,-4.72263e-05,-0.000882224,0.00210114,0,0,0,0,0,0,0,0,0,0,0,0,0,0,0,0,0,0,0,0,0,0,0,0,0,0,0,0,0,0,0,0,0,0,0,0,0,0,0,0,0,0,0,0,0,0,0,0,0,0,0,0,1,0,0,0,0,0,0.9163,0.7335,3.1293,0,0,0,0,0,0,0,-0,0,1.40974,0,0,0,0,0,0,0,0,0,0,0,0,0,0,0,0,0,0,0,0,0,0,0,0,0
0,0,0,0,0,-0,0,3.02077,1.959,-3.12323,-0.000146455,1.22046e-05,-0.00033372,-0.000431579,-0.000303173,-0.00104822,0,0,0,0,0,0,0,0,0,0,0,0,0,0,0,0,0,0,0,0,0,0,0,0,0,0,0,0,0,0,0,0,0,0,0,0,0,0,0,0,1.84875,1.17563,0.0060657,1.8307e-05,7.56688e-05,2.67423e-05,5.54102e-05,-5.49708e-05,0.000489131,0,0,0,0,0,0,0,0,0,0,0,0,0,0,0,0,0,0,0,0,0,0,0,0,0,0,0,0,0,0,0,0,0,0,0,0,0,0,0,0,0,0,0,0,0,0,0,0,0,0,0,0,1,0,0,0,0,0,0.9163,0.7335,3.1293,0,0,0,0,0,0,0,-0,0,1.40972,0,0,0,0,0,0,0,0,0,0,0,0,0,0,0,0,0,0,0,0,0,0,0,0,0
0,0,0,0,0,-0,0,3.02077,1.959,-3.12323,-0.000146455,1.22046e-05,-0.00033372,-0.000431579,-0.000303173,-0.00104822,0,0,0,0,0,0,0,0,0,0,0,0,0,0,0,0,0,0,0,0,0,0,0,0,0,0,0,0,0,0,0,0,0,0,0,0,0,0,0,0,1.84875,1.17563,0.0060657,1.8307e-05,7.56688e-05,2.67423e-05,5.54102e-05,-5.49708e-05,0.000489131,0,0,0,0,0,0,0,0,0,0,0,0,0,0,0,0,0,0,0,0,0,0,0,0,0,0,0,0,0,0,0,0,0,0,0,0,0,0,0,0,0,0,0,0,0,0,0,0,0,0,0,0,1,0,0,0,0,0,0.986,0.8033,3.1991,0,0,0,0,0,0,0,-0,0,1.40972,0,0,0,0,0,0,0,0,0,0,0,0,0,0,0,0,0,0,0,0,0,0,0,0,0
0,0,0,0,0,-0,0,3.02078,1.95901,-3.12325,2.443e-06,9.40557e-05,-0.000164616,0.0003167,0.00034204,-6.20246e-05,0,0,0,0,0,0,0,0,0,0,0,0,0,0,0,0,0,0,0,0,0,0,0,0,0,0,0,0,0,0,0,0,0,0,0,0,0,0,0,0,1.84875,1.17562,0.00612816,6.10751e-06,-6.59611e-05,0.000624954,-1.59969e-06,-0.000487,0.0024655,0,0,0,0,0,0,0,0,0,0,0,0,0,0,0,0,0,0,0,0,0,0,0,0,0,0,0,0,0,0,0,0,0,0,0,0,0,0,0,0,0,0,0,0,0,0,0,0,0,0,0,0,1,0,0,0,0,0,0.986,0.8033,3.1991,0,0,0,0,0,0,0,-0,0,1.40973,0,0,0,0,0,0,0,0,0,0,0,0,0,0,0,0,0,0,0,0,0,0,0,0,0
0,0,0,0,0,-0,0,3.02078,1.95901,-3.12325,2.443e-06,9.40557e-05,-0.000164616,0.0003167,0.00034204,-6.20246e-05,0,0,0,0,0,0,0,0,0,0,0,0,0,0,0,0,0,0,0,0,0,0,0,0,0,0,0,0,0,0,0,0,0,0,0,0,0,0,0,0,1.84875,1.17562,0.00612816,6.10751e-06,-6.59611e-05,0.000624954,-1.59969e-06,-0.000487,0.0024655,0,0,0,0,0,0,0,0,0,0,0,0,0,0,0,0,0,0,0,0,0,0,0,0,0,0,0,0,0,0,0,0,0,0,0,0,0,0,0,0,0,0,0,0,0,0,0,0,0,0,0,0,1,0,0,0,0,0,0.986,0.8033,3.1991,0,0,0,0,0,0,0,-0,0,1.40973,0,0,0,0,0,0,0,0,0,0,0,0,0,0,0,0,0,0,0,0,0,0,0,0,0
0,0,0,0,0,-0,0,3.02078,1.95902,-3.12321,6.10161e-05,0.000117151,0.000357516,0.000525471,0.000385196,0.00218223,0,0,0,0,0,0,0,0,0,0,0,0,0,0,0,0,0,0,0,0,0,0,0,0,0,0,0,0,0,0,0,0,0,0,0,0,0,0,0,0,1.84874,1.17563,0.00606298,-5.97957e-05,0.000100066,-0.000651564,-0.000272007,0.000312411,-0.0033516,0,0,0,0,0,0,0,0,0,0,0,0,0,0,0,0,0,0,0,0,0,0,0,0,0,0,0,0,0,0,0,0,0,0,0,0,0,0,0,0,0,0,0,0,0,0,0,0,0,0,0,0,1,0,0,0,0,0,0.986,0.8033,3.1991,0,0,0,0,0,0,0,-0,0,1.40974,0,0,0,0,0,0,0,0,0,0,0,0,0,0,0,0,0,0,0,0,0,0,0,0,0
0,0,0,0,0,-0,0,3.02078,1.95902,-3.12321,6.10161e-05,0.000117151,0.000357516,0.000525471,0.000385196,0.00218223,0,0,0,0,0,0,0,0,0,0,0,0,0,0,0,0,0,0,0,0,0,0,0,0,0,0,0,0,0,0,0,0,0,0,0,0,0,0,0,0,1.84874,1.17563,0.00606298,-5.97957e-05,0.000100066,-0.000651564,-0.000272007,0.000312411,-0.0033516,0,0,0,0,0,0,0,0,0,0,0,0,0,0,0,0,0,0,0,0,0,0,0,0,0,0,0,0,0,0,0,0,0,0,0,0,0,0,0,0,0,0,0,0,0,0,0,0,0,0,0,0,1,0,0,0,0,0,0.9162,0.7335,3.1293,0,0,0,0,0,0,0,-0,0,1.40974,0,0,0,0,0,0,0,0,0,0,0,0,0,0,0,0,0,0,0,0,0,0,0,0,0
0,0,0,0,0,-0,0,3.02079,1.95899,-3.12319,4.8829e-05,-0.000244145,0.000228886,0.000295007,-0.00120671,0.00109976,0,0,0,0,0,0,0,0,0,0,0,0,0,0,0,0,0,0,0,0,0,0,0,0,0,0,0,0,0,0,0,0,0,0,0,0,0,0,0,0,1.84875,1.1756,0.0060282,5.37119e-05,-0.000322271,-0.000347832,0.000253692,-0.00139185,-0.00158572,0,0,0,0,0,0,0,0,0,0,0,0,0,0,0,0,0,0,0,0,0,0,0,0,0,0,0,0,0,0,0,0,0,0,0,0,0,0,0,0,0,0,0,0,0,0,0,0,0,0,0,0,1,0,0,0,0,0,0.9162,0.7335,3.1293,0,0,0,0,0,0,0,-0,0,1.40975,0,0,0,0,0,0,0,0,0,0,0,0,0,0,0,0,0,0,0,0,0,0,0,0,0
0,0,0,0,0,-0,0,3.02079,1.95899,-3.12319,4.8829e-05,-0.000244145,0.000228886,0.000295007,-0.00120671,0.00109976,0,0,0,0,0,0,0,0,0,0,0,0,0,0,0,0,0,0,0,0,0,0,0,0,0,0,0,0,0,0,0,0,0,0,0,0,0,0,0,0,1.84875,1.1756,0.0060282,5.37119e-05,-0.000322271,-0.000347832,0.000253692,-0.00139185,-0.00158572,0,0,0,0,0,0,0,0,0,0,0,0,0,0,0,0,0,0,0,0,0,0,0,0,0,0,0,0,0,0,0,0,0,0,0,0,0,0,0,0,0,0,0,0,0,0,0,0,0,0,0,0,1,0,0,0,0,0,0.9162,0.7335,3.1293,0,0,0,0,0,0,0,-0,0,1.40975,0,0,0,0,0,0,0,0,0,0,0,0,0,0,0,0,0,0,0,0,0,0,0,0,0
0,0,0,0,0,-0,0,3.02078,1.959,-3.12319,-4.88461e-05,3.41923e-05,-2.38507e-06,-0.000244304,0.00017218,-0.000410133,0,0,0,0,0,0,0,0,0,0,0,0,0,0,0,0,0,0,0,0,0,0,0,0,0,0,0,0,0,0,0,0,0,0,0,0,0,0,0,0,1.8488,1.17556,0.00601447,0.000567836,-0.000410308,-0.0001373,0.00227764,-0.00141804,0.00012793,0,0,0,0,0,0,0,0,0,0,0,0,0,0,0,0,0,0,0,0,0,0,0,0,0,0,0,0,0,0,0,0,0,0,0,0,0,0,0,0,0,0,0,0,0,0,0,0,0,0,0,0,1,0,0,0,0,0,0.9162,0.7335,3.1293,0,0,0,0,0,0,0,-0,0,1.40972,0,0,0,0,0,0,0,0,0,0,0,0,0,0,0,0,0,0,0,0,0,0,0,0,0
0,0,0,0,0,-0,0,3.02078,1.959,-3.12319,-4.88461e-05,3.41923e-05,-2.38507e-06,-0.000244304,0.00017218,-0.000410133,0,0,0,0,0,0,0,0,0,0,0,0,0,0,0,0,0,0,0,0,0,0,0,0,0,0,0,0,0,0,0,0,0,0,0,0,0,0,0,0,1.8488,1.17556,0.00601447,0.000567836,-0.000410308,-0.0001373,0.00227764,-0.00141804,0.00012793,0,0,0,0,0,0,0,0,0,0,0,0,0,0,0,0,0,0,0,0,0,0,0,0,0,0,0,0,0,0,0,0,0,0,0,0,0,0,0,0,0,0,0,0,0,0,0,0,0,0,0,0,1,0,0,0,0,0,0.8356,0.653,3.0486,0,0,0,0,0,0,0,-0,0,1.40972,0,0,0,0,0,0,0,0,0,0,0,0,0,0,0,0,0,0,0,0,0,0,0,0,0
0,0,0,0,0,-0,0,3.02078,1.959,-3.12325,-5.61761e-05,5.25124e-05,-0.000608224,-0.000249029,0.000363269,-0.00287132,0,0,0,0,0,0,0,0,0,0,0,0,0,0,0,0,0,0,0,0,0,0,0,0,0,0,0,0,0,0,0,0,0,0,0,0,0,0,0,0,1.84874,1.17561,0.00605066,-0.000657016,0.000551991,0.000362037,-0.00325182,0.00298952,0.00230384,0,0,0,0,0,0,0,0,0,0,0,0,0,0,0,0,0,0,0,0,0,0,0,0,0,0,0,0,0,0,0,0,0,0,0,0,0,0,0,0,0,0,0,0,0,0,0,0,0,0,0,0,1,0,0,0,0,0,0.8356,0.653,3.0486,0,0,0,0,0,0,0,-0,0,1.40974,0,0,0,0,0,0,0,0,0,0,0,0,0,0,0,0,0,0,0,0,0,0,0,0,0
0,0,0,0,0,-0,0,3.02078,1.959,-3.12325,-5.61761e-05,5.25124e-05,-0.000608224,-0.000249029,0.000363269,-0.00287132,0,0,0,0,0,0,0,0,0,0,0,0,0,0,0,0,0,0,0,0,0,0,0,0,0,0,0,0,0,0,0,0,0,0,0,0,0,0,0,0,1.84874,1.17561,0.00605066,-0.000657016,0.000551991,0.000362037,-0.00325182,0.00298952,0.00230384,0,0,0,0,0,0,0,0,0,0,0,0,0,0,0,0,0,0,0,0,0,0,0,0,0,0,0,0,0,0,0,0,0,0,0,0,0,0,0,0,0,0,0,0,0,0,0,0,0,0,0,0,1,0,0,0,0,0,0.8356,0.653,3.0486,0,0,0,0,0,0,0,-0,0,1.40974,0,0,0,0,0,0,0,0,0,0,0,0,0,0,0,0,0,0,0,0,0,0,0,0,0
0,0,0,0,0,-0,0,3.02079,1.95901,-3.12326,9.51981e-05,6.10244e-05,-8.34318e-05,0.000454642,0.000278079,3.89492e-05,0,0,0,0,0,0,0,0,0,0,0,0,0,0,0,0,0,0,0,0,0,0,0,0,0,0,0,0,0,0,0,0,0,0,0,0,0,0,0,0,1.84875,1.17563,0.00607161,6.22448e-05,0.000145238,0.000209445,0.000171965,0.000767242,0.0010687,0,0,0,0,0,0,0,0,0,0,0,0,0,0,0,0,0,0,0,0,0,0,0,0,0,0,0,0,0,0,0,0,0,0,0,0,0,0,0,0,0,0,0,0,0,0,0,0,0,0,0,0,1,0,0,0,0,0,0.8356,0.653,3.0486,0,0,0,0,0,0,0,-0,0,1.40974,0,0,0,0,0,0,0,0,0,0,0,0,0,0,0,0,0,0,0,0,0,0,0,0,0
0,0,0,0,0,-0,0,3.02079,1.95901,-3.12326,9.51981e-05,6.10244e-05,-8.34318e-05,0.000454642,0.000278079,3.89492e-05,0,0,0,0,0,0,0,0,0,0,0,0,0,0,0,0,0,0,0,0,0,0,0,0,0,0,0,0,0,0,0,0,0,0,0,0,0,0,0,0,1.84875,1.17563,0.00607161,6.22448e-05,0.000145238,0.000209445,0.000171965,0.000767242,0.0010687,0,0,0,0,0,0,0,0,0,0,0,0,0,0,0,0,0,0,0,0,0,0,0,0,0,0,0,0,0,0,0,0,0,0,0,0,0,0,0,0,0,0,0,0,0,0,0,0,0,0,0,0,1,0,0,0,0,0,0.904,0.7213,3.1171,0,0,0,0,0,0,0,-0,0,1.40974,0,0,0,0,0,0,0,0,0,0,0,0,0,0,0,0,0,0,0,0,0,0,0,0,0
0,0,0,0,0,-0,0,3.02077,1.95902,-3.12322,-0.000119635,6.59211e-05,0.000340955,-0.000490235,0.000174939,0.00211331,0,0,0,0,0,0,0,0,0,0,0,0,0,0,0,0,0,0,0,0,0,0,0,0,0,0,0,0,0,0,0,0,0,0,0,0,0,0,0,0,1.84875,1.17563,0.00604731,1.70906e-05,8.54532e-06,-0.000242984,0.000386396,-0.000386576,-0.00133356,0,0,0,0,0,0,0,0,0,0,0,0,0,0,0,0,0,0,0,0,0,0,0,0,0,0,0,0,0,0,0,0,0,0,0,0,0,0,0,0,0,0,0,0,0,0,0,0,0,0,0,0,1,0,0,0,0,0,0.904,0.7213,3.1171,0,0,0,0,0,0,0,-0,0,1.40973,0,0,0,0,0,0,0,0,0,0,0,0,0,0,0,0,0,0,0,0,0,0,0,0,0
0,0,0,0,0,-0,0,3.02077,1.95902,-3.12322,-0.000119635,6.59211e-05,0.000340955,-0.000490235,0.000174939,0.00211331,0,0,0,0,0,0,0,0,0,0,0,0,0,0,0,0,0,0,0,0,0,0,0,0,0,0,0,0,0,0,0,0,0,0,0,0,0,0,0,0,1.84875,1.17563,0.00604731,1.70906e-05,8.54532e-06,-0.000242984,0.000386396,-0.000386576,-0.00133356,0,0,0,0,0,0,0,0,0,0,0,0,0,0,0,0,0,0,0,0,0,0,0,0,0,0,0,0,0,0,0,0,0,0,0,0,0,0,0,0,0,0,0,0,0,0,0,0,0,0,0,0,1,0,0,0,0,0,0.904,0.7213,3.1171,0,0,0,0,0,0,0,-0,0,1.40973,0,0,0,0,0,0,0,0,0,0,0,0,0,0,0,0,0,0,0,0,0,0,0,0,0
0,0,0,0,0,-0,0,3.02076,1.95897,-3.12328,-0.000109867,-0.000498066,-0.000562689,-0.0003832,-0.00216245,-0.0020611,0,0,0,0,0,0,0,0,0,0,0,0,0,0,0,0,0,0,0,0,0,0,0,0,0,0,0,0,0,0,0,0,0,0,0,0,0,0,0,0,1.84874,1.1756,0.00606776,-6.83621e-05,-0.000271007,0.000204457,-8.04307e-05,-0.00150523,0.000662062,0,0,0,0,0,0,0,0,0,0,0,0,0,0,0,0,0,0,0,0,0,0,0,0,0,0,0,0,0,0,0,0,0,0,0,0,0,0,0,0,0,0,0,0,0,0,0,0,0,0,0,0,1,0,0,0,0,0,0.904,0.7213,3.1171,0,0,0,0,0,0,0,-0,0,1.40971,0,0,0,0,0,0,0,0,0,0,0,0,0,0,0,0,0,0,0,0,0,0,0,0,0
0,0,0,0,0,-0,0,3.02076,1.95897,-3.12328,-0.000109867,-0.000498066,-0.000562689,-0.0003832,-0.00216245,-0.0020611,0,0,0,0,0,0,0,0,0,0,0,0,0,0,0,0,0,0,0,0,0,0,0,0,0,0,0,0,0,0,0,0,0,0,0,0,0,0,0,0,1.84874,1.1756,0.00606776,-6.83621e-05,-0.000271007,0.000204457,-8.04307e-05,-0.00150523,0.000662062,0,0,0,0,0,0,0,0,0,0,0,0,0,0,0,0,0,0,0,0,0,0,0,0,0,0,0,0,0,0,0,0,0,0,0,0,0,0,0,0,0,0,0,0,0,0,0,0,0,0,0,0,1,0,0,0,0,0,0.9455,0.7628,3.1586,0,0,0,0,0,0,0,-0,0,1.40971,0,0,0,0,0,0,0,0,0,0,0,0,0,0,0,0,0,0,0,0,0,0,0,0,0
0,0,0,0,0,-0,0,3.02076,1.95895,-3.12321,-6.34479e-05,-0.000204985,0.000695868,-3.01428e-05,-0.000443707,0.00322658,0,0,0,0,0,0,0,0,0,0,0,0,0,0,0,0,0,0,0,0,0,0,0,0,0,0,0,0,0,0,0,0,0,0,0,0,0,0,0,0,1.8488,1.17552,0.00607617,0.000619836,-0.000805299,8.40929e-05,0.00263857,-0.0031903,0.0001867,0,0,0,0,0,0,0,0,0,0,0,0,0,0,0,0,0,0,0,0,0,0,0,0,0,0,0,0,0,0,0,0,0,0,0,0,0,0,0,0,0,0,0,0,0,0,0,0,0,0,0,0,1,0,0,0,0,0,0.9455,0.7628,3.1586,0,0,0,0,0,0,0,-0,0,1.40969,0,0,0,0,0,0,0,0,0,0,0,0,0,0,0,0,0,0,0,0,0,0,0,0,0
0,0,0,0,0,-0,0,3.02076,1.95895,-3.12321,-6.34479e-05,-0.000204985,0.000695868,-3.01428e-05,-0.000443707,0.00322658,0,0,0,0,0,0,0,0,0,0,0,0,0,0,0,0,0,0,0,0,0,0,0,0,0,0,0,0,0,0,0,0,0,0,0,0,0,0,0,0,1.8488,1.17552,0.00607617,0.000619836,-0.000805299,8.40929e-05,0.00263857,-0.0031903,0.0001867,0,0,0,0,0,0,0,0,0,0,0,0,0,0,0,0,0,0,0,0,0,0,0,0,0,0,0,0,0,0,0,0,0,0,0,0,0,0,0,0,0,0,0,0,0,0,0,0,0,0,0,0,1,0,0,0,0,0,0.9455,0.7628,3.1586,0,0,0,0,0,0,0,-0,0,1.40969,0,0,0,0,0,0,0,0,0,0,0,0,0,0,0,0,0,0,0,0,0,0,0,0,0
0,0,0,0,0,-0,0,3.02075,1.95895,-3.12325,-2.19809e-05,3.05291e-05,-0.000429315,0.000195476,0.00090755,-0.00184396,0,0,0,0,0,0,0,0,0,0,0,0,0,0,0,0,0,0,0,0,0,0,0,0,0,0,0,0,0,0,0,0,0,0,0,0,0,0,0,0,1.84874,1.1756,0.00606683,-0.000644774,0.00077666,-9.34143e-05,-0.00310161,0.00417856,-0.000661613,0,0,0,0,0,0,0,0,0,0,0,0,0,0,0,0,0,0,0,0,0,0,0,0,0,0,0,0,0,0,0,0,0,0,0,0,0,0,0,0,0,0,0,0,0,0,0,0,0,0,0,0,1,0,0,0,0,0,0.9455,0.7628,3.1586,0,0,0,0,0,0,0,-0,0,1.4097,0,0,0,0,0,0,0,0,0,0,0,0,0,0,0,0,0,0,0,0,0,0,0,0,0
0,0,0,0,0,-0,0,3.02075,1.95895,-3.12325,-2.19809e-05,3.05291e-05,-0.000429315,0.000195476,0.00090755,-0.00184396,0,0,0,0,0,0,0,0,0,0,0,0,0,0,0,0,0,0,0,0,0,0,0,0,0,0,0,0,0,0,0,0,0,0,0,0,0,0,0,0,1.84874,1.1756,0.00606683,-0.000644774,0.00077666,-9.34143e-05,-0.00310161,0.00417856,-0.000661613,0,0,0,0,0,0,0,0,0,0,0,0,0,0,0,0,0,0,0,0,0,0,0,0,0,0,0,0,0,0,0,0,0,0,0,0,0,0,0,0,0,0,0,0,0,0,0,0,0,0,0,0,1,0,0,0,0,0,0.9162,0.7335,3.1293,0,0,0,0,0,0,0,-0,0,1.4097,0,0,0,0,0,0,0,0,0,0,0,0,0,0,0,0,0,0,0,0,0,0,0,0,0
0,0,0,0,0,-0,0,3.02077,1.959,-3.12321,0.000122102,0.000532367,0.000448345,0.000723566,0.00273291,0.00171312,0,0,0,0,0,0,0,0,0,0,0,0,0,0,0,0,0,0,0,0,0,0,0,0,0,0,0,0,0,0,0,0,0,0,0,0,0,0,0,0,1.8488,1.17557,0.00603995,0.000667901,-0.000255194,-0.000268921,0.00260524,-0.000616047,-0.00121339,0,0,0,0,0,0,0,0,0,0,0,0,0,0,0,0,0,0,0,0,0,0,0,0,0,0,0,0,0,0,0,0,0,0,0,0,0,0,0,0,0,0,0,0,0,0,0,0,0,0,0,0,1,0,0,0,0,0,0.9162,0.7335,3.1293,0,0,0,0,0,0,0,-0,0,1.4097,0,0,0,0,0,0,0,0,0,0,0,0,0,0,0,0,0,0,0,0,0,0,0,0,0
0,0,0,0,0,-0,0,3.02077,1.959,-3.12321,0.000122102,0.000532367,0.000448345,0.000723566,0.00273291,0.00171312,0,0,0,0,0,0,0,0,0,0,0,0,0,0,0,0,0,0,0,0,0,0,0,0,0,0,0,0,0,0,0,0,0,0,0,0,0,0,0,0,1.8488,1.17557,0.00603995,0.000667901,-0.000255194,-0.000268921,0.00260524,-0.000616047,-0.00121339,0,0,0,0,0,0,0,0,0,0,0,0,0,0,0,0,0,0,0,0,0,0,0,0,0,0,0,0,0,0,0,0,0,0,0,0,0,0,0,0,0,0,0,0,0,0,0,0,0,0,0,0,1,0,0,0,0,0,0.9162,0.7335,3.1293,0,0,0,0,0,0,0,-0,0,1.4097,0,0,0,0,0,0,0,0,0,0,0,0,0,0,0,0,0,0,0,0,0,0,0,0,0
0,0,0,0,0,-0,0,3.02077,1.959,-3.12321,0.000122102,0.000532367,0.000448345,0.000723566,0.00273291,0.00171312,0,0,0,0,0,0,0,0,0,0,0,0,0,0,0,0,0,0,0,0,0,0,0,0,0,0,0,0,0,0,0,0,0,0,0,0,0,0,0,0,1.8488,1.17557,0.00603995,0.000667901,-0.000255194,-0.000268921,0.00260524,-0.000616047,-0.00121339,0,0,0,0,0,0,0,0,0,0,0,0,0,0,0,0,0,0,0,0,0,0,0,0,0,0,0,0,0,0,0,0,0,0,0,0,0,0,0,0,0,0,0,0,0,0,0,0,0,0,0,0,1,0,0,0,0,0,0.9162,0.7335,3.1293,0,0,0,0,0,0,0,-0,0,1.4097,0,0,0,0,0,0,0,0,0,0,0,0,0,0,0,0,0,0,0,0,0,0,0,0,0
0,0,0,0,0,-0,0,3.02078,1.959,-3.12326,9.51904e-05,-3.29505e-05,-0.000514852,0.000398512,-0.000370488,-0.00233827,0,0,0,0,0,0,0,0,0,0,0,0,0,0,0,0,0,0,0,0,0,0,0,0,0,0,0,0,0,0,0,0,0,0,0,0,0,0,0,0,1.84874,1.17562,0.00608343,-0.000596768,0.00047595,0.000434698,-0.00271602,0.00190228,0.00200815,0,0,0,0,0,0,0,0,0,0,0,0,0,0,0,0,0,0,0,0,0,0,0,0,0,0,0,0,0,0,0,0,0,0,0,0,0,0,0,0,0,0,0,0,0,0,0,0,0,0,0,0,1,0,0,0,0,0,0.9665,0.7838,3.1796,0,0,0,0,0,0,0,-0,0,1.40973,0,0,0,0,0,0,0,0,0,0,0,0,0,0,0,0,0,0,0,0,0,0,0,0,0
0,0,0,0,0,-0,0,3.02079,1.95894,-3.12322,0.000107473,-0.000595987,0.000388808,0.000244219,-0.00289218,0.00165872,0,0,0,0,0,0,0,0,0,0,0,0,0,0,0,0,0,0,0,0,0,0,0,0,0,0,0,0,0,0,0,0,0,0,0,0,0,0,0,0,1.84874,1.17562,0.006111,-5.86218e-05,-4.51877e-05,0.000275869,-0.000200296,-0.00059969,0.00100675,0,0,0,0,0,0,0,0,0,0,0,0,0,0,0,0,0,0,0,0,0,0,0,0,0,0,0,0,0,0,0,0,0,0,0,0,0,0,0,0,0,0,0,0,0,0,0,0,0,0,0,0,1,0,0,0,0,0,0.9665,0.7838,3.1796,0,0,0,0,0,0,0,-0,0,1.40971,0,0,0,0,0,0,0,0,0,0,0,0,0,0,0,0,0,0,0,0,0,0,0,0,0
0,0,0,0,0,-0,0,3.02079,1.95894,-3.12322,0.000107473,-0.000595987,0.000388808,0.000244219,-0.00289218,0.00165872,0,0,0,0,0,0,0,0,0,0,0,0,0,0,0,0,0,0,0,0,0,0,0,0,0,0,0,0,0,0,0,0,0,0,0,0,0,0,0,0,1.84874,1.17562,0.006111,-5.86218e-05,-4.51877e-05,0.000275869,-0.000200296,-0.00059969,0.00100675,0,0,0,0,0,0,0,0,0,0,0,0,0,0,0,0,0,0,0,0,0,0,0,0,0,0,0,0,0,0,0,0,0,0,0,0,0,0,0,0,0,0,0,0,0,0,0,0,0,0,0,0,1,0,0,0,0,0,0.9665,0.7838,3.1796,0,0,0,0,0,0,0,-0,0,1.40971,0,0,0,0,0,0,0,0,0,0,0,0,0,0,0,0,0,0,0,0,0,0,0,0,0
0,0,0,0,0,-0,0,3.02078,1.95896,-3.12323,-7.32519e-05,0.000200222,-9.77646e-05,-0.00059619,0.00110263,-0.000406773,0,0,0,0,0,0,0,0,0,0,0,0,0,0,0,0,0,0,0,0,0,0,0,0,0,0,0,0,0,0,0,0,0,0,0,0,0,0,0,0,1.84873,1.17561,0.00605363,-4.27303e-05,-8.91232e-05,-0.00057378,0.00028353,-0.000874252,-0.00292548,0,0,0,0,0,0,0,0,0,0,0,0,0,0,0,0,0,0,0,0,0,0,0,0,0,0,0,0,0,0,0,0,0,0,0,0,0,0,0,0,0,0,0,0,0,0,0,0,0,0,0,0,1,0,0,0,0,0,0.9665,0.7838,3.1796,0,0,0,0,0,0,0,-0,0,1.40973,0,0,0,0,0,0,0,0,0,0,0,0,0,0,0,0,0,0,0,0,0,0,0,0,0
0,0,0,0,0,-0,0,3.02078,1.95896,-3.12323,-7.32519e-05,0.000200222,-9.77646e-05,-0.00059619,0.00110263,-0.000406773,0,0,0,0,0,0,0,0,0,0,0,0,0,0,0,0,0,0,0,0,0,0,0,0,0,0,0,0,0,0,0,0,0,0,0,0,0,0,0,0,1.84873,1.17561,0.00605363,-4.27303e-05,-8.91232e-05,-0.00057378,0.00028353,-0.000874252,-0.00292548,0,0,0,0,0,0,0,0,0,0,0,0,0,0,0,0,0,0,0,0,0,0,0,0,0,0,0,0,0,0,0,0,0,0,0,0,0,0,0,0,0,0,0,0,0,0,0,0,0,0,0,0,1,0,0,0,0,0,0.9162,0.7335,3.1293,0,0,0,0,0,0,0,-0,0,1.40973,0,0,0,0,0,0,0,0,0,0,0,0,0,0,0,0,0,0,0,0,0,0,0,0,0
0,0,0,0,0,-0,0,3.02078,1.95896,-3.12323,-7.32519e-05,0.000200222,-9.77646e-05,-0.00059619,0.00110263,-0.000406773,0,0,0,0,0,0,0,0,0,0,0,0,0,0,0,0,0,0,0,0,0,0,0,0,0,0,0,0,0,0,0,0,0,0,0,0,0,0,0,0,1.84873,1.17561,0.00605363,-4.27303e-05,-8.91232e-05,-0.00057378,0.00028353,-0.000874252,-0.00292548,0,0,0,0,0,0,0,0,0,0,0,0,0,0,0,0,0,0,0,0,0,0,0,0,0,0,0,0,0,0,0,0,0,0,0,0,0,0,0,0,0,0,0,0,0,0,0,0,0,0,0,0,1,0,0,0,0,0,0.9162,0.7335,3.1293,0,0,0,0,0,0,0,-0,0,1.40973,0,0,0,0,0,0,0,0,0,0,0,0,0,0,0,0,0,0,0,0,0,0,0,0,0
0,0,0,0,0,-0,0,3.02078,1.95899,-3.12326,-4.88147e-06,0.000309973,-0.000278873,-0.000198604,0.00164168,-0.00124769,0,0,0,0,0,0,0,0,0,0,0,0,0,0,0,0,0,0,0,0,0,0,0,0,0,0,0,0,0,0,0,0,0,0,0,0,0,0,0,0,1.84872,1.17564,0.00606729,-0.000115935,0.000327058,0.00013655,-5.67525e-05,0.0011009,0.00054923,0,0,0,0,0,0,0,0,0,0,0,0,0,0,0,0,0,0,0,0,0,0,0,0,0,0,0,0,0,0,0,0,0,0,0,0,0,0,0,0,0,0,0,0,0,0,0,0,0,0,0,0,1,0,0,0,0,0,0.9162,0.7335,3.1293,0,0,0,0,0,0,0.87853,0.71661,3.32927,1.40973,0,0,0,0,1,0,0,0,0,0,0,0,0,0,0,0,0,0,0,0,0,0,0,0,0
0,0,0,0,0,-0,0,3.02077,1.95898,-3.12319,-0.000126926,-6.71246e-05,0.000736559,-0.0005531,-0.000448484,0.00319487,0,0,0,0,0,0,0,0,0,0,0,0,0,0,0,0,0,0,0,0,0,0,0,0,0,0,0,0,0,0,0,0,0,0,0,0,0,0,0,0,1.84874,1.17561,0.00603542,0.000194051,-0.000350269,-0.000318632,0.00115862,-0.00177847,-0.00101893,0,0,0,0,0,0,0,0,0,0,0,0,0,0,0,0,0,0,0,0,0,0,0,0,0,0,0,0,0,0,0,0,0,0,0,0,0,0,0,0,0,0,0,0,0,0,0,0,0,0,0,0,1,0,0,0,0,0,0.9162,0.7335,3.1293,0,0,0,0,0,0,0.87853,0.71661,3.32927,1.40972,0,0,0,0,1,0,0,0,0,0,0,0,0,0,0,0,0,0,0,0,0,0,0,0,0
0,0,0,0,0,-0,0,3.02077,1.95898,-3.12319,-0.000126926,-6.71246e-05,0.000736559,-0.0005531,-0.000448484,0.00319487,0,0,0,0,0,0,0,0,0,0,0,0,0,0,0,0,0,0,0,0,0,0,0,0,0,0,0,0,0,0,0,0,0,0,0,0,0,0,0,0,1.84874,1.17561,0.00603542,0.000194051,-0.000350269,-0.000318632,0.00115862,-0.00177847,-0.00101893,0,0,0,0,0,0,0,0,0,0,0,0,0,0,0,0,0,0,0,0,0,0,0,0,0,0,0,0,0,0,0,0,0,0,0,0,0,0,0,0,0,0,0,0,0,0,0,0,0,0,0,0,1,0,0,0,0,0,0.9792,0.7964,3.1921,0,0,0,0,0,0,0.87853,0.71661,3.32927,1.40972,0,0,0,0,1,0,0,0,0,0,0,0,0,0,0,0,0,0,0,0,0,0,0,0,0
0,0,0,0,0,-0,0,3.02078,1.959,-3.12316,0.000139214,0.000184397,0.000305293,0.000683401,0.000452966,0.000795631,0,0,0,0,0,0,0,0,0,0,0,0,0,0,0,0,0,0,0,0,0,0,0,0,0,0,0,0,0,0,0,0,0,0,0,0,0,0,0,0,1.84873,1.17564,0.00606078,-0.000141656,0.000306514,0.000253631,-0.000481372,0.00116706,0.00146278,0,0,0,0,0,0,0,0,0,0,0,0,0,0,0,0,0,0,0,0,0,0,0,0,0,0,0,0,0,0,0,0,0,0,0,0,0,0,0,0,0,0,0,0,0,0,0,0,0,0,0,0,1,0,0,0,0,0,0.9792,0.7964,3.1921,0,0,0,0,0,0,0,-0,0,1.40974,0,0,0,0,0,0,0,0,0,0,0,0,0,0,0,0,0,0,0,0,0,0,0,0,0
0,0,0,0,0,-0,0,3.02078,1.959,-3.12316,0.000139214,0.000184397,0.000305293,0.000683401,0.000452966,0.000795631,0,0,0,0,0,0,0,0,0,0,0,0,0,0,0,0,0,0,0,0,0,0,0,0,0,0,0,0,0,0,0,0,0,0,0,0,0,0,0,0,1.84873,1.17564,0.00606078,-0.000141656,0.000306514,0.000253631,-0.000481372,0.00116706,0.00146278,0,0,0,0,0,0,0,0,0,0,0,0,0,0,0,0,0,0,0,0,0,0,0,0,0,0,0,0,0,0,0,0,0,0,0,0,0,0,0,0,0,0,0,0,0,0,0,0,0,0,0,0,1,0,0,0,0,0,0.9792,0.7964,3.1921,0,0,0,0,0,0,0,-0,0,1.40974,0,0,0,0,0,0,0,0,0,0,0,0,0,0,0,0,0,0,0,0,0,0,0,0,0
0,0,0,0,0,-0,0,3.02077,1.95897,-3.1232,-5.12709e-05,-0.000284432,-0.000474466,-0.000183288,-0.00147912,-0.00296223,0,0,0,0,0,0,0,0,0,0,0,0,0,0,0,0,0,0,0,0,0,0,0,0,0,0,0,0,0,0,0,0,0,0,0,0,0,0,0,0,1.8487,1.17562,0.0062373,-0.000310068,-0.000144047,0.00176526,-0.00118406,-0.000700609,0.00725452,0,0,0,0,0,0,0,0,0,0,0,0,0,0,0,0,0,0,0,0,0,0,0,0,0,0,0,0,0,0,0,0,0,0,0,0,0,0,0,0,0,0,0,0,0,0,0,0,0,0,0,0,1,0,0,0,0,0,0.9792,0.7964,3.1921,0,0,0,0,0,0,0,-0,0,1.40975,0,0,0,0,0,0,0,0,0,0,0,0,0,0,0,0,0,0,0,0,0,0,0,0,0
0,0,0,0,0,-0,0,3.02077,1.95897,-3.1232,-5.12709e-05,-0.000284432,-0.000474466,-0.000183288,-0.00147912,-0.00296223,0,0,0,0,0,0,0,0,0,0,0,0,0,0,0,0,0,0,0,0,0,0,0,0,0,0,0,0,0,0,0,0,0,0,0,0,0,0,0,0,1.8487,1.17562,0.0062373,-0.000310068,-0.000144047,0.00176526,-0.00118406,-0.000700609,0.00725452,0,0,0,0,0,0,0,0,0,0,0,0,0,0,0,0,0,0,0,0,0,0,0,0,0,0,0,0,0,0,0,0,0,0,0,0,0,0,0,0,0,0,0,0,0,0,0,0,0,0,0,0,1,0,0,0,0,0,0.8866,0.7038,3.0998,0,0,0,0,0,0,0,-0,0,1.40975,0,0,0,0,0,0,0,0,0,0,0,0,0,0,0,0,0,0,0,0,0,0,0,0,0
0,0,0,0,0,-0,0,3.02077,1.95895,-3.12319,-2.68628e-05,-0.000230776,0.000102548,-0.000129871,-0.000935284,1.80858e-05,0,0,0,0,0,0,0,0,0,0,0,0,0,0,0,0,0,0,0,0,0,0,0,0,0,0,0,0,0,0,0,0,0,0,0,0,0,0,0,0,1.84873,1.17559,0.0060864,0.000321131,-0.000329678,-0.00150939,0.00171603,-0.00141525,-0.00794468,0,0,0,0,0,0,0,0,0,0,0,0,0,0,0,0,0,0,0,0,0,0,0,0,0,0,0,0,0,0,0,0,0,0,0,0,0,0,0,0,0,0,0,0,0,0,0,0,0,0,0,0,1,0,0,0,0,0,0.8866,0.7038,3.0998,0,0,0,0,0,0,0,-0,0,1.40973,0,0,0,0,0,0,0,0,0,0,0,0,0,0,0,0,0,0,0,0,0,0,0,0,0
0,0,0,0,0,-0,0,3.02077,1.95895,-3.12319,-2.68628e-05,-0.000230776,0.000102548,-0.000129871,-0.000935284,1.80858e-05,0,0,0,0,0,0,0,0,0,0,0,0,0,0,0,0,0,0,0,0,0,0,0,0,0,0,0,0,0,0,0,0,0,0,0,0,0,0,0,0,1.84873,1.17559,0.0060864,0.000321131,-0.000329678,-0.00150939,0.00171603,-0.00141525,-0.00794468,0,0,0,0,0,0,0,0,0,0,0,0,0,0,0,0,0,0,0,0,0,0,0,0,0,0,0,0,0,0,0,0,0,0,0,0,0,0,0,0,0,0,0,0,0,0,0,0,0,0,0,0,1,0,0,0,0,0,0.8866,0.7038,3.0998,0,0,0,0,0,0,0,-0,0,1.40973,0,0,0,0,0,0,0,0,0,0,0,0,0,0,0,0,0,0,0,0,0,0,0,0,0
0,0,0,0,0,-0,0,3.02077,1.95898,-3.12322,2.19641e-05,0.000325801,-0.000240709,0.000124337,0.00173588,-0.000957313,0,0,0,0,0,0,0,0,0,0,0,0,0,0,0,0,0,0,0,0,0,0,0,0,0,0,0,0,0,0,0,0,0,0,0,0,0,0,0,0,1.84874,1.17561,0.0060785,6.83331e-05,0.000181815,-7.89271e-05,0.000413,0.00109711,-0.00111267,0,0,0,0,0,0,0,0,0,0,0,0,0,0,0,0,0,0,0,0,0,0,0,0,0,0,0,0,0,0,0,0,0,0,0,0,0,0,0,0,0,0,0,0,0,0,0,0,0,0,0,0,1,0,0,0,0,0,0.8866,0.7038,3.0998,0,0,0,0,0,0,0,-0,0,1.40973,0,0,0,0,0,0,0,0,0,0,0,0,0,0,0,0,0,0,0,0,0,0,0,0,0
0,0,0,0,0,-0,0,3.02077,1.95898,-3.12322,2.19641e-05,0.000325801,-0.000240709,0.000124337,0.00173588,-0.000957313,0,0,0,0,0,0,0,0,0,0,0,0,0,0,0,0,0,0,0,0,0,0,0,0,0,0,0,0,0,0,0,0,0,0,0,0,0,0,0,0,1.84874,1.17561,0.0060785,6.83331e-05,0.000181815,-7.89271e-05,0.000413,0.00109711,-0.00111267,0,0,0,0,0,0,0,0,0,0,0,0,0,0,0,0,0,0,0,0,0,0,0,0,0,0,0,0,0,0,0,0,0,0,0,0,0,0,0,0,0,0,0,0,0,0,0,0,0,0,0,0,1,0,0,0,0,0,0.9162,0.7335,3.1293,0,0,0,0,0,0,0,-0,0,1.40973,0,0,0,0,0,0,0,0,0,0,0,0,0,0,0,0,0,0,0,0,0,0,0,0,0
0,0,0,0,0,-0,0,3.02077,1.95901,-3.12328,9.77168e-06,0.000228413,-0.000636973,6.03218e-05,0.00101425,-0.00228962,0,0,0,0,0,0,0,0,0,0,0,0,0,0,0,0,0,0,0,0,0,0,0,0,0,0,0,0,0,0,0,0,0,0,0,0,0,0,0,0,1.84873,1.1756,0.00606221,-2.80936e-05,-7.32876e-05,-0.000163045,-0.000313808,-2.06423e-05,-7.91243e-05,0,0,0,0,0,0,0,0,0,0,0,0,0,0,0,0,0,0,0,0,0,0,0,0,0,0,0,0,0,0,0,0,0,0,0,0,0,0,0,0,0,0,0,0,0,0,0,0,0,0,0,0,1,0,0,0,0,0,0.9162,0.7335,3.1293,0,0,0,0,0,0,0,-0,0,1.40975,0,0,0,0,0,0,0,0,0,0,0,0,0,0,0,0,0,0,0,0,0,0,0,0,0
0,0,0,0,0,-0,0,3.02077,1.95901,-3.12328,9.77168e-06,0.000228413,-0.000636973,6.03218e-05,0.00101425,-0.00228962,0,0,0,0,0,0,0,0,0,0,0,0,0,0,0,0,0,0,0,0,0,0,0,0,0,0,0,0,0,0,0,0,0,0,0,0,0,0,0,0,1.84873,1.1756,0.00606221,-2.80936e-05,-7.32876e-05,-0.000163045,-0.000313808,-2.06423e-05,-7.91243e-05,0,0,0,0,0,0,0,0,0,0,0,0,0,0,0,0,0,0,0,0,0,0,0,0,0,0,0,0,0,0,0,0,0,0,0,0,0,0,0,0,0,0,0,0,0,0,0,0,0,0,0,0,1,0,0,0,0,0,0.9162,0.7335,3.1293,0,0,0,0,0,0,0,-0,0,1.40975,0,0,0,0,0,0,0,0,0,0,0,0,0,0,0,0,0,0,0,0,0,0,0,0,0
0,0,0,0,0,-0,0,3.02078,1.95898,-3.1232,9.76222e-06,-0.000256258,0.000786507,2.7545e-05,-0.00142481,0.00413162,0,0,0,0,0,0,0,0,0,0,0,0,0,0,0,0,0,0,0,0,0,0,0,0,0,0,0,0,0,0,0,0,0,0,0,0,0,0,0,0,1.84879,1.17555,0.00606148,0.000594275,-0.000541803,-7.28971e-06,0.00220018,-0.00203598,0.000714271,0,0,0,0,0,0,0,0,0,0,0,0,0,0,0,0,0,0,0,0,0,0,0,0,0,0,0,0,0,0,0,0,0,0,0,0,0,0,0,0,0,0,0,0,0,0,0,0,0,0,0,0,1,0,0,0,0,0,0.9162,0.7335,3.1293,0,0,0,0,0,0,0,-0,0,1.40972,0,0,0,0,0,0,0,0,0,0,0,0,0,0,0,0,0,0,0,0,0,0,0,0,0
0,0,0,0,0,-0,0,3.02078,1.95898,-3.1232,9.76222e-06,-0.000256258,0.000786507,2.7545e-05,-0.00142481,0.00413162,0,0,0,0,0,0,0,0,0,0,0,0,0,0,0,0,0,0,0,0,0,0,0,0,0,0,0,0,0,0,0,0,0,0,0,0,0,0,0,0,1.84879,1.17555,0.00606148,0.000594275,-0.000541803,-7.28971e-06,0.00220018,-0.00203598,0.000714271,0,0,0,0,0,0,0,0,0,0,0,0,0,0,0,0,0,0,0,0,0,0,0,0,0,0,0,0,0,0,0,0,0,0,0,0,0,0,0,0,0,0,0,0,0,0,0,0,0,0,0,0,1,0,0,0,0,0,0.827,0.6443,3.04,0,0,0,0,0,0,0,-0,0,1.40972,0,0,0,0,0,0,0,0,0,0,0,0,0,0,0,0,0,0,0,0,0,0,0,0,0
0,0,0,0,0,-0,0,3.02079,1.95898,-3.12318,0.00013923,4.2746e-05,0.00022184,0.000529357,9.21443e-06,0.00109306,0,0,0,0,0,0,0,0,0,0,0,0,0,0,0,0,0,0,0,0,0,0,0,0,0,0,0,0,0,0,0,0,0,0,0,0,0,0,0,0,1.84873,1.17562,0.00607435,-0.000615542,0.000769427,0.000128773,-0.00317333,0.00374455,0.00108008,0,0,0,0,0,0,0,0,0,0,0,0,0,0,0,0,0,0,0,0,0,0,0,0,0,0,0,0,0,0,0,0,0,0,0,0,0,0,0,0,0,0,0,0,0,0,0,0,0,0,0,0,1,0,0,0,0,0,0.827,0.6443,3.04,0,0,0,0,0,0,0,-0,0,1.40974,0,0,0,0,0,0,0,0,0,0,0,0,0,0,0,0,0,0,0,0,0,0,0,0,0
0,0,0,0,0,-0,0,3.02079,1.95898,-3.12318,0.00013923,4.2746e-05,0.00022184,0.000529357,9.21443e-06,0.00109306,0,0,0,0,0,0,0,0,0,0,0,0,0,0,0,0,0,0,0,0,0,0,0,0,0,0,0,0,0,0,0,0,0,0,0,0,0,0,0,0,1.84873,1.17562,0.00607435,-0.000615542,0.000769427,0.000128773,-0.00317333,0.00374455,0.00108008,0,0,0,0,0,0,0,0,0,0,0,0,0,0,0,0,0,0,0,0,0,0,0,0,0,0,0,0,0,0,0,0,0,0,0,0,0,0,0,0,0,0,0,0,0,0,0,0,0,0,0,0,1,0,0,0,0,0,0.827,0.6443,3.04,0,0,0,0,0,0,0,-0,0,1.40974,0,0,0,0,0,0,0,0,0,0,0,0,0,0,0,0,0,0,0,0,0,0,0,0,0
0,0,0,0,0,-0,0,3.02079,1.95897,-3.1232,-3.66168e-05,-8.91009e-05,-0.000190713,-0.000316654,-0.000327222,-0.00140282,0,0,0,0,0,0,0,0,0,0,0,0,0,0,0,0,0,0,0,0,0,0,0,0,0,0,0,0,0,0,0,0,0,0,0,0,0,0,0,0,1.84874,1.17562,0.00606802,8.17775e-05,1.22056e-06,-6.3248e-05,0.000152873,-3.77869e-05,-6.90394e-05,0,0,0,0,0,0,0,0,0,0,0,0,0,0,0,0,0,0,0,0,0,0,0,0,0,0,0,0,0,0,0,0,0,0,0,0,0,0,0,0,0,0,0,0,0,0,0,0,0,0,0,0,1,0,0,0,0,0,0.827,0.6443,3.04,0,0,0,0,0,0,0,-0,0,1.40973,0,0,0,0,0,0,0,0,0,0,0,0,0,0,0,0,0,0,0,0,0,0,0,0,0
0,0,0,0,0,-0,0,3.02079,1.95897,-3.1232,-3.66168e-05,-8.91009e-05,-0.000190713,-0.000316654,-0.000327222,-0.00140282,0,0,0,0,0,0,0,0,0,0,0,0,0,0,0,0,0,0,0,0,0,0,0,0,0,0,0,0,0,0,0,0,0,0,0,0,0,0,0,0,1.84874,1.17562,0.00606802,8.17775e-05,1.22056e-06,-6.3248e-05,0.000152873,-3.77869e-05,-6.90394e-05,0,0,0,0,0,0,0,0,0,0,0,0,0,0,0,0,0,0,0,0,0,0,0,0,0,0,0,0,0,0,0,0,0,0,0,0,0,0,0,0,0,0,0,0,0,0,0,0,0,0,0,0,1,0,0,0,0,0,0.93,0.7472,3.143,0,0,0,0,0,0,0,-0,0,1.40973,0,0,0,0,0,0,0,0,0,0,0,0,0,0,0,0,0,0,0,0,0,0,0,0,0
0,0,0,0,0,-0,0,3.02077,1.95899,-3.12319,-0.000146515,0.000130643,4.29243e-05,-0.000743803,0.000636059,-0.000246684,0,0,0,0,0,0,0,0,0,0,0,0,0,0,0,0,0,0,0,0,0,0,0,0,0,0,0,0,0,0,0,0,0,0,0,0,0,0,0,0,1.84879,1.17557,0.00603947,0.000544548,-0.000551874,-0.000285632,0.00239125,-0.00274492,-0.00108557,0,0,0,0,0,0,0,0,0,0,0,0,0,0,0,0,0,0,0,0,0,0,0,0,0,0,0,0,0,0,0,0,0,0,0,0,0,0,0,0,0,0,0,0,0,0,0,0,0,0,0,0,1,0,0,0,0,0,0.93,0.7472,3.143,0,0,0,0,0,0,0,-0,0,1.40971,0,0,0,0,0,0,0,0,0,0,0,0,0,0,0,0,0,0,0,0,0,0,0,0,0
0,0,0,0,0,-0,0,3.02077,1.95899,-3.12319,-0.000146515,0.000130643,4.29243e-05,-0.000743803,0.000636059,-0.000246684,0,0,0,0,0,0,0,0,0,0,0,0,0,0,0,0,0,0,0,0,0,0,0,0,0,0,0,0,0,0,0,0,0,0,0,0,0,0,0,0,1.84879,1.17557,0.00603947,0.000544548,-0.000551874,-0.000285632,0.00239125,-0.00274492,-0.00108557,0,0,0,0,0,0,0,0,0,0,0,0,0,0,0,0,0,0,0,0,0,0,0,0,0,0,0,0,0,0,0,0,0,0,0,0,0,0,0,0,0,0,0,0,0,0,0,0,0,0,0,0,1,0,0,0,0,0,0.93,0.7472,3.143,0,0,0,0,0,0,0,-0,0,1.40971,0,0,0,0,0,0,0,0,0,0,0,0,0,0,0,0,0,0,0,0,0,0,0,0,0
0,0,0,0,0,-0,0,3.02077,1.95899,-3.1232,-2.9286e-05,3.78277e-05,-7.14989e-06,-3.60818e-05,0.000141481,-0.000191705,0,0,0,0,0,0,0,0,0,0,0,0,0,0,0,0,0,0,0,0,0,0,0,0,0,0,0,0,0,0,0,0,0,0,0,0,0,0,0,0,1.84874,1.17561,0.00608256,-0.000579615,0.000397799,0.000430793,-0.002753,0.00177997,0.0020732,0,0,0,0,0,0,0,0,0,0,0,0,0,0,0,0,0,0,0,0,0,0,0,0,0,0,0,0,0,0,0,0,0,0,0,0,0,0,0,0,0,0,0,0,0,0,0,0,0,0,0,0,1,0,0,0,0,0,0.93,0.7472,3.143,0,0,0,0,0,0,0,-0,0,1.40973,0,0,0,0,0,0,0,0,0,0,0,0,0,0,0,0,0,0,0,0,0,0,0,0,0
0,0,0,0,0,-0,0,3.02077,1.95899,-3.1232,-2.9286e-05,3.78277e-05,-7.14989e-06,-3.60818e-05,0.000141481,-0.000191705,0,0,0,0,0,0,0,0,0,0,0,0,0,0,0,0,0,0,0,0,0,0,0,0,0,0,0,0,0,0,0,0,0,0,0,0,0,0,0,0,1.84874,1.17561,0.00608256,-0.000579615,0.000397799,0.000430793,-0.002753,0.00177997,0.0020732,0,0,0,0,0,0,0,0,0,0,0,0,0,0,0,0,0,0,0,0,0,0,0,0,0,0,0,0,0,0,0,0,0,0,0,0,0,0,0,0,0,0,0,0,0,0,0,0,0,0,0,0,1,0,0,0,0,0,0.9219,0.7391,3.135,0,0,0,0,0,0,0,-0,0,1.40973,0,0,0,0,0,0,0,0,0,0,0,0,0,0,0,0,0,0,0,0,0,0,0,0,0
0,0,0,0,0,-0,0,3.02078,1.95902,-3.1232,9.52982e-05,0.000288338,-5.2498e-05,0.000571955,0.00101876,-0.000288847,0,0,0,0,0,0,0,0,0,0,0,0,0,0,0,0,0,0,0,0,0,0,0,0,0,0,0,0,0,0,0,0,0,0,0,0,0,0,0,0,1.84875,1.17562,0.00606531,0.000142948,0.000131952,-0.00017267,0.000538406,0.000618486,-0.000739275,0,0,0,0,0,0,0,0,0,0,0,0,0,0,0,0,0,0,0,0,0,0,0,0,0,0,0,0,0,0,0,0,0,0,0,0,0,0,0,0,0,0,0,0,0,0,0,0,0,0,0,0,1,0,0,0,0,0,0.9219,0.7391,3.135,0,0,0,0,0,0,0,-0,0,1.40974,0,0,0,0,0,0,0,0,0,0,0,0,0,0,0,0,0,0,0,0,0,0,0,0,0
0,0,0,0,0,-0,0,3.02078,1.95902,-3.1232,9.52982e-05,0.000288338,-5.2498e-05,0.000571955,0.00101876,-0.000288847,0,0,0,0,0,0,0,0,0,0,0,0,0,0,0,0,0,0,0,0,0,0,0,0,0,0,0,0,0,0,0,0,0,0,0,0,0,0,0,0,1.84875,1.17562,0.00606531,0.000142948,0.000131952,-0.00017267,0.000538406,0.000618486,-0.000739275,0,0,0,0,0,0,0,0,0,0,0,0,0,0,0,0,0,0,0,0,0,0,0,0,0,0,0,0,0,0,0,0,0,0,0,0,0,0,0,0,0,0,0,0,0,0,0,0,0,0,0,0,1,0,0,0,0,0,0.9219,0.7391,3.135,0,0,0,0,0,0,0,-0,0,1.40974,0,0,0,0,0,0,0,0,0,0,0,0,0,0,0,0,0,0,0,0,0,0,0,0,0
0,0,0,0,0,-0,0,3.02077,1.95899,-3.1232,-5.12258e-05,-0.000295158,-4.28788e-05,-0.000159561,-0.00160041,-0.000148313,0,0,0,0,0,0,0,0,0,0,0,0,0,0,0,0,0,0,0,0,0,0,0,0,0,0,0,0,0,0,0,0,0,0,0,0,0,0,0,0,1.84874,1.17561,0.00605937,-8.6596e-05,-0.00010855,-5.9377e-05,-0.000148283,-0.000746418,-0.000372211,0,0,0,0,0,0,0,0,0,0,0,0,0,0,0,0,0,0,0,0,0,0,0,0,0,0,0,0,0,0,0,0,0,0,0,0,0,0,0,0,0,0,0,0,0,0,0,0,0,0,0,0,1,0,0,0,0,0,0.9219,0.7391,3.135,0,0,0,0,0,0,0,-0,0,1.40973,0,0,0,0,0,0,0,0,0,0,0,0,0,0,0,0,0,0,0,0,0,0,0,0,0
0,0,0,0,0,-0,0,3.02077,1.95899,-3.1232,-5.12258e-05,-0.000295158,-4.28788e-05,-0.000159561,-0.00160041,-0.000148313,0,0,0,0,0,0,0,0,0,0,0,0,0,0,0,0,0,0,0,0,0,0,0,0,0,0,0,0,0,0,0,0,0,0,0,0,0,0,0,0,1.84874,1.17561,0.00605937,-8.6596e-05,-0.00010855,-5.9377e-05,-0.000148283,-0.000746418,-0.000372211,0,0,0,0,0,0,0,0,0,0,0,0,0,0,0,0,0,0,0,0,0,0,0,0,0,0,0,0,0,0,0,0,0,0,0,0,0,0,0,0,0,0,0,0,0,0,0,0,0,0,0,0,1,0,0,0,0,0,0.9163,0.7335,3.1293,0,0,0,0,0,0,0,-0,0,1.40973,0,0,0,0,0,0,0,0,0,0,0,0,0,0,0,0,0,0,0,0,0,0,0,0,0
0,0,0,0,0,-0,0,3.02077,1.959,-3.12318,-4.88539e-06,5.6182e-05,0.000279097,-9.5685e-06,8.90278e-05,0.00121658,0,0,0,0,0,0,0,0,0,0,0,0,0,0,0,0,0,0,0,0,0,0,0,0,0,0,0,0,0,0,0,0,0,0,0,0,0,0,0,0,1.84874,1.17562,0.00606348,2.19843e-05,6.10674e-05,4.11582e-05,0.000252101,4.49735e-05,0.00022814,0,0,0,0,0,0,0,0,0,0,0,0,0,0,0,0,0,0,0,0,0,0,0,0,0,0,0,0,0,0,0,0,0,0,0,0,0,0,0,0,0,0,0,0,0,0,0,0,0,0,0,0,1,0,0,0,0,0,0.9163,0.7335,3.1293,0,0,0,0,0,0,0,-0,0,1.40973,0,0,0,0,0,0,0,0,0,0,0,0,0,0,0,0,0,0,0,0,0,0,0,0,0
0,0,0,0,0,-0,0,3.02077,1.959,-3.12318,-4.88539e-06,5.6182e-05,0.000279097,-9.5685e-06,8.90278e-05,0.00121658,0,0,0,0,0,0,0,0,0,0,0,0,0,0,0,0,0,0,0,0,0,0,0,0,0,0,0,0,0,0,0,0,0,0,0,0,0,0,0,0,1.84874,1.17562,0.00606348,2.19843e-05,6.10674e-05,4.11582e-05,0.000252101,4.49735e-05,0.00022814,0,0,0,0,0,0,0,0,0,0,0,0,0,0,0,0,0,0,0,0,0,0,0,0,0,0,0,0,0,0,0,0,0,0,0,0,0,0,0,0,0,0,0,0,0,0,0,0,0,0,0,0,1,0,0,0,0,0,0.9163,0.7335,3.1293,0,0,0,0,0,0,0,-0,0,1.40973,0,0,0,0,0,0,0,0,0,0,0,0,0,0,0,0,0,0,0,0,0,0,0,0,0
0,0,0,0,0,-0,0,3.02077,1.959,-3.12317,-2.68472e-05,-1.46439e-05,2.6218e-05,-7.32419e-05,-1.02972e-06,-9.48166e-05,0,0,0,0,0,0,0,0,0,0,0,0,0,0,0,0,0,0,0,0,0,0,0,0,0,0,0,0,0,0,0,0,0,0,0,0,0,0,0,0,1.84875,1.17562,0.00607823,1.95252e-05,2.19659e-05,0.000147448,0.000195704,-2.20883e-05,0.000642965,0,0,0,0,0,0,0,0,0,0,0,0,0,0,0,0,0,0,0,0,0,0,0,0,0,0,0,0,0,0,0,0,0,0,0,0,0,0,0,0,0,0,0,0,0,0,0,0,0,0,0,0,1,0,0,0,0,0,0.9163,0.7335,3.1293,0,0,0,0,0,0,0,-0,0,1.40972,0,0,0,0,0,0,0,0,0,0,0,0,0,0,0,0,0,0,0,0,0,0,0,0,0
0,0,0,0,0,-0,0,3.02077,1.959,-3.12317,-2.68472e-05,-1.46439e-05,2.6218e-05,-7.32419e-05,-1.02972e-06,-9.48166e-05,0,0,0,0,0,0,0,0,0,0,0,0,0,0,0,0,0,0,0,0,0,0,0,0,0,0,0,0,0,0,0,0,0,0,0,0,0,0,0,0,1.84875,1.17562,0.00607823,1.95252e-05,2.19659e-05,0.000147448,0.000195704,-2.20883e-05,0.000642965,0,0,0,0,0,0,0,0,0,0,0,0,0,0,0,0,0,0,0,0,0,0,0,0,0,0,0,0,0,0,0,0,0,0,0,0,0,0,0,0,0,0,0,0,0,0,0,0,0,0,0,0,1,0,0,0,0,0,0.9162,0.7334,3.1292,0,0,0,0,0,0,0,-0,0,1.40972,0,0,0,0,0,0,0,0,0,0,0,0,0,0,0,0,0,0,0,0,0,0,0,0,0
0,0,0,0,0,-0,0,3.02078,1.95896,-3.12319,0.000146534,-0.000337027,-0.000183644,0.000640198,-0.00130088,-0.00107312,0,0,0,0,0,0,0,0,0,0,0,0,0,0,0,0,0,0,0,0,0,0,0,0,0,0,0,0,0,0,0,0,0,0,0,0,0,0,0,0,1.84874,1.17561,0.00605326,-0.000100131,-9.28047e-05,-0.000249786,-0.000368247,-0.000480962,-0.00114517,0,0,0,0,0,0,0,0,0,0,0,0,0,0,0,0,0,0,0,0,0,0,0,0,0,0,0,0,0,0,0,0,0,0,0,0,0,0,0,0,0,0,0,0,0,0,0,0,0,0,0,0,1,0,0,0,0,0,0.9162,0.7334,3.1292,0,0,0,0,0,0,0.88531,0.72544,3.31221,1.40973,0,0,0,0,1,0,0,0,0,0,0,0,0,0,0,0,0,0,0,0,0,0,0,0,0
0,0,0,0,0,-0,0,3.02078,1.95896,-3.12319,0.000146534,-0.000337027,-0.000183644,0.000640198,-0.00130088,-0.00107312,0,0,0,0,0,0,0,0,0,0,0,0,0,0,0,0,0,0,0,0,0,0,0,0,0,0,0,0,0,0,0,0,0,0,0,0,0,0,0,0,1.84874,1.17561,0.00605326,-0.000100131,-9.28047e-05,-0.000249786,-0.000368247,-0.000480962,-0.00114517,0,0,0,0,0,0,0,0,0,0,0,0,0,0,0,0,0,0,0,0,0,0,0,0,0,0,0,0,0,0,0,0,0,0,0,0,0,0,0,0,0,0,0,0,0,0,0,0,0,0,0,0,1,0,0,0,0,0,0.9162,0.7334,3.1292,0,0,0,0,0,0,0.88531,0.72544,3.31221,1.40973,0,0,0,0,1,0,0,0,0,0,0,0,0,0,0,0,0,0,0,0,0,0,0,0,0
0,0,0,0,0,-0,0,3.02079,1.95897,-3.12327,7.32489e-06,0.000117198,-0.000732012,-7.51361e-05,0.000857579,-0.00296804,0,0,0,0,0,0,0,0,0,0,0,0,0,0,0,0,0,0,0,0,0,0,0,0,0,0,0,0,0,0,0,0,0,0,0,0,0,0,0,0,1.84873,1.17562,0.00607539,-0.000100107,0.000129406,0.000221335,-0.000297431,0.000536905,0.000952633,0,0,0,0,0,0,0,0,0,0,0,0,0,0,0,0,0,0,0,0,0,0,0,0,0,0,0,0,0,0,0,0,0,0,0,0,0,0,0,0,0,0,0,0,0,0,0,0,0,0,0,0,1,0,0,0,0,0,0.9162,0.7334,3.1292,0,0,0,0,0,0,0.88531,0.72544,3.31221,1.40974,0,0,0,0,1,0,0,0,0,0,0,0,0,0,0,0,0,0,0,0,0,0,0,0,0
0,0,0,0,0,-0,0,3.02079,1.95897,-3.12327,7.32489e-06,0.000117198,-0.000732012,-7.51361e-05,0.000857579,-0.00296804,0,0,0,0,0,0,0,0,0,0,0,0,0,0,0,0,0,0,0,0,0,0,0,0,0,0,0,0,0,0,0,0,0,0,0,0,0,0,0,0,1.84873,1.17562,0.00607539,-0.000100107,0.000129406,0.000221335,-0.000297431,0.000536905,0.000952633,0,0,0,0,0,0,0,0,0,0,0,0,0,0,0,0,0,0,0,0,0,0,0,0,0,0,0,0,0,0,0,0,0,0,0,0,0,0,0,0,0,0,0,0,0,0,0,0,0,0,0,0,1,0,0,0,0,0,0.9712,0.7885,3.1843,0,0,0,0,0,0,0.88531,0.72544,3.31221,1.40974,0,0,0,0,1,0,0,0,0,0,0,0,0,0,0,0,0,0,0,0,0,0,0,0,0
0,0,0,0,0,-0,0,3.02078,1.95898,-3.12323,-2.19719e-05,5.0047e-05,0.000355231,-0.000259043,0.000538885,0.00230569,0,0,0,0,0,0,0,0,0,0,0,0,0,0,0,0,0,0,0,0,0,0,0,0,0,0,0,0,0,0,0,0,0,0,0,0,0,0,0,0,1.84873,1.17562,0.0060739,7.07983e-05,-6.1033e-06,-1.49053e-05,0.000513906,-8.12643e-05,-8.79132e-05,0,0,0,0,0,0,0,0,0,0,0,0,0,0,0,0,0,0,0,0,0,0,0,0,0,0,0,0,0,0,0,0,0,0,0,0,0,0,0,0,0,0,0,0,0,0,0,0,0,0,0,0,1,0,0,0,0,0,0.9712,0.7885,3.1843,0,0,0,0,0,0,0,-0,0,1.40973,0,0,0,0,0,0,0,0,0,0,0,0,0,0,0,0,0,0,0,0,0,0,0,0,0
0,0,0,0,0,-0,0,3.02078,1.95898,-3.12323,-2.19719e-05,5.0047e-05,0.000355231,-0.000259043,0.000538885,0.00230569,0,0,0,0,0,0,0,0,0,0,0,0,0,0,0,0,0,0,0,0,0,0,0,0,0,0,0,0,0,0,0,0,0,0,0,0,0,0,0,0,1.84873,1.17562,0.0060739,7.07983e-05,-6.1033e-06,-1.49053e-05,0.000513906,-8.12643e-05,-8.79132e-05,0,0,0,0,0,0,0,0,0,0,0,0,0,0,0,0,0,0,0,0,0,0,0,0,0,0,0,0,0,0,0,0,0,0,0,0,0,0,0,0,0,0,0,0,0,0,0,0,0,0,0,0,1,0,0,0,0,0,0.9712,0.7885,3.1843,0,0,0,0,0,0,0,-0,0,1.40973,0,0,0,0,0,0,0,0,0,0,0,0,0,0,0,0,0,0,0,0,0,0,0,0,0
0,0,0,0,0,-0,0,3.02078,1.95899,-3.12325,-3.66275e-05,7.93596e-05,-0.000240845,-0.000238988,0.000397544,-0.000283552,0,0,0,0,0,0,0,0,0,0,0,0,0,0,0,0,0,0,0,0,0,0,0,0,0,0,0,0,0,0,0,0,0,0,0,0,0,0,0,0,1.84874,1.17562,0.00606297,2.44183e-05,2.44183e-05,-0.000109352,0.000233052,-1.05129e-05,-0.000571001,0,0,0,0,0,0,0,0,0,0,0,0,0,0,0,0,0,0,0,0,0,0,0,0,0,0,0,0,0,0,0,0,0,0,0,0,0,0,0,0,0,0,0,0,0,0,0,0,0,0,0,0,1,0,0,0,0,0,0.9712,0.7885,3.1843,0,0,0,0,0,0,0,-0,0,1.40973,0,0,0,0,0,0,0,0,0,0,0,0,0,0,0,0,0,0,0,0,0,0,0,0,0
0,0,0,0,0,-0,0,3.02078,1.95899,-3.12325,-3.66275e-05,7.93596e-05,-0.000240845,-0.000238988,0.000397544,-0.000283552,0,0,0,0,0,0,0,0,0,0,0,0,0,0,0,0,0,0,0,0,0,0,0,0,0,0,0,0,0,0,0,0,0,0,0,0,0,0,0,0,1.84874,1.17562,0.00606297,2.44183e-05,2.44183e-05,-0.000109352,0.000233052,-1.05129e-05,-0.000571001,0,0,0,0,0,0,0,0,0,0,0,0,0,0,0,0,0,0,0,0,0,0,0,0,0,0,0,0,0,0,0,0,0,0,0,0,0,0,0,0,0,0,0,0,0,0,0,0,0,0,0,0,1,0,0,0,0,0,0.9762,0.7935,3.1893,0,0,0,0,0,0,0,-0,0,1.40973,0,0,0,0,0,0,0,0,0,0,0,0,0,0,0,0,0,0,0,0,0,0,0,0,0
0,0,0,0,0,-0,0,3.02077,1.95898,-3.12316,-4.88109e-05,-7.68772e-05,0.000900905,-0.00018949,-0.000404694,0.00404155,0,0,0,0,0,0,0,0,0,0,0,0,0,0,0,0,0,0,0,0,0,0,0,0,0,0,0,0,0,0,0,0,0,0,0,0,0,0,0,0,1.8487,1.17562,0.0062308,-0.000302628,-7.5657e-05,0.00167776,-0.00120494,-0.000396613,0.00673299,0,0,0,0,0,0,0,0,0,0,0,0,0,0,0,0,0,0,0,0,0,0,0,0,0,0,0,0,0,0,0,0,0,0,0,0,0,0,0,0,0,0,0,0,0,0,0,0,0,0,0,0,1,0,0,0,0,0,0.9762,0.7935,3.1893,0,0,0,0,0,0,0,-0,0,1.40975,0,0,0,0,0,0,0,0,0,0,0,0,0,0,0,0,0,0,0,0,0,0,0,0,0
0,0,0,0,0,-0,0,3.02077,1.95898,-3.12316,-4.88109e-05,-7.68772e-05,0.000900905,-0.00018949,-0.000404694,0.00404155,0,0,0,0,0,0,0,0,0,0,0,0,0,0,0,0,0,0,0,0,0,0,0,0,0,0,0,0,0,0,0,0,0,0,0,0,0,0,0,0,1.8487,1.17562,0.0062308,-0.000302628,-7.5657e-05,0.00167776,-0.00120494,-0.000396613,0.00673299,0,0,0,0,0,0,0,0,0,0,0,0,0,0,0,0,0,0,0,0,0,0,0,0,0,0,0,0,0,0,0,0,0,0,0,0,0,0,0,0,0,0,0,0,0,0,0,0,0,0,0,0,1,0,0,0,0,0,0.9762,0.7935,3.1893,0,0,0,0,0,0,0,-0,0,1.40975,0,0,0,0,0,0,0,0,0,0,0,0,0,0,0,0,0,0,0,0,0,0,0,0,0
0,0,0,0,0,-0,0,3.02077,1.95902,-3.12319,-1.46555e-05,0.00042623,-0.000300552,2.94694e-05,0.00165867,-0.00178962,0,0,0,0,0,0,0,0,0,0,0,0,0,0,0,0,0,0,0,0,0,0,0,0,0,0,0,0,0,0,0,0,0,0,0,0,0,0,0,0,1.84874,1.17561,0.00607532,0.000326084,-7.32774e-06,-0.00155554,0.00159433,-1.72834e-05,-0.00788973,0,0,0,0,0,0,0,0,0,0,0,0,0,0,0,0,0,0,0,0,0,0,0,0,0,0,0,0,0,0,0,0,0,0,0,0,0,0,0,0,0,0,0,0,0,0,0,0,0,0,0,0,1,0,0,0,0,0,0.9762,0.7935,3.1893,0,0,0,0,0,0,0,-0,0,1.40975,0,0,0,0,0,0,0,0,0,0,0,0,0,0,0,0,0,0,0,0,0,0,0,0,0
0,0,0,0,0,-0,0,3.02077,1.95902,-3.12319,-1.46555e-05,0.00042623,-0.000300552,2.94694e-05,0.00165867,-0.00178962,0,0,0,0,0,0,0,0,0,0,0,0,0,0,0,0,0,0,0,0,0,0,0,0,0,0,0,0,0,0,0,0,0,0,0,0,0,0,0,0,1.84874,1.17561,0.00607532,0.000326084,-7.32774e-06,-0.00155554,0.00159433,-1.72834e-05,-0.00788973,0,0,0,0,0,0,0,0,0,0,0,0,0,0,0,0,0,0,0,0,0,0,0,0,0,0,0,0,0,0,0,0,0,0,0,0,0,0,0,0,0,0,0,0,0,0,0,0,0,0,0,0,1,0,0,0,0,0,0.9162,0.7335,3.1292,0,0,0,0,0,0,0,-0,0,1.40975,0,0,0,0,0,0,0,0,0,0,0,0,0,0,0,0,0,0,0,0,0,0,0,0,0
0,0,0,0,0,-0,0,3.02078,1.959,-3.12309,6.34649e-05,-0.000183072,0.000996407,0.000359445,-0.00115883,0.00331855,0,0,0,0,0,0,0,0,0,0,0,0,0,0,0,0,0,0,0,0,0,0,0,0,0,0,0,0,0,0,0,0,0,0,0,0,0,0,0,0,1.84874,1.17561,0.00607384,-1.58663e-05,-6.83469e-05,-1.48193e-05,-2.98042e-05,-0.000202902,-0.000561819,0,0,0,0,0,0,0,0,0,0,0,0,0,0,0,0,0,0,0,0,0,0,0,0,0,0,0,0,0,0,0,0,0,0,0,0,0,0,0,0,0,0,0,0,0,0,0,0,0,0,0,0,1,0,0,0,0,0,0.9162,0.7335,3.1292,0,0,0,0,0,0,0,-0,0,1.40975,0,0,0,0,0,0,0,0,0,0,0,0,0,0,0,0,0,0,0,0,0,0,0,0,0
0,0,0,0,0,-0,0,3.02078,1.959,-3.12309,6.34649e-05,-0.000183072,0.000996407,0.000359445,-0.00115883,0.00331855,0,0,0,0,0,0,0,0,0,0,0,0,0,0,0,0,0,0,0,0,0,0,0,0,0,0,0,0,0,0,0,0,0,0,0,0,0,0,0,0,1.84874,1.17561,0.00607384,-1.58663e-05,-6.83469e-05,-1.48193e-05,-2.98042e-05,-0.000202902,-0.000561819,0,0,0,0,0,0,0,0,0,0,0,0,0,0,0,0,0,0,0,0,0,0,0,0,0,0,0,0,0,0,0,0,0,0,0,0,0,0,0,0,0,0,0,0,0,0,0,0,0,0,0,0,1,0,0,0,0,0,0.9162,0.7335,3.1292,0,0,0,0,0,0,0,-0,0,1.40975,0,0,0,0,0,0,0,0,0,0,0,0,0,0,0,0,0,0,0,0,0,0,0,0,0
0,0,0,0,0,-0,0,3.02078,1.95903,-3.12313,2.93043e-05,0.00022955,-0.00039826,0.000123953,0.000571473,-0.00288937,0,0,0,0,0,0,0,0,0,0,0,0,0,0,0,0,0,0,0,0,0,0,0,0,0,0,0,0,0,0,0,0,0,0,0,0,0,0,0,0,1.84874,1.17561,0.00603901,1.09891e-05,2.19782e-05,-0.000348374,-0.000130529,0.000214021,-0.000677683,0,0,0,0,0,0,0,0,0,0,0,0,0,0,0,0,0,0,0,0,0,0,0,0,0,0,0,0,0,0,0,0,0,0,0,0,0,0,0,0,0,0,0,0,0,0,0,0,0,0,0,0,1,0,0,0,0,0,0.9162,0.7335,3.1292,0,0,0,0,0,0,0,-0,0,1.40976,0,0,0,0,0,0,0,0,0,0,0,0,0,0,0,0,0,0,0,0,0,0,0,0,0
0,0,0,0,0,-0,0,3.02078,1.95903,-3.12313,2.93043e-05,0.00022955,-0.00039826,0.000123953,0.000571473,-0.00288937,0,0,0,0,0,0,0,0,0,0,0,0,0,0,0,0,0,0,0,0,0,0,0,0,0,0,0,0,0,0,0,0,0,0,0,0,0,0,0,0,1.84874,1.17561,0.00603901,1.09891e-05,2.19782e-05,-0.000348374,-0.000130529,0.000214021,-0.000677683,0,0,0,0,0,0,0,0,0,0,0,0,0,0,0,0,0,0,0,0,0,0,0,0,0,0,0,0,0,0,0,0,0,0,0,0,0,0,0,0,0,0,0,0,0,0,0,0,0,0,0,0,1,0,0,0,0,0,0.9164,0.7335,3.1292,0,0,0,0,0,0,0,-0,0,1.40976,0,0,0,0,0,0,0,0,0,0,0,0,0,0,0,0,0,0,0,0,0,0,0,0,0
0,0,0,0,0,-0,0,3.02077,1.95902,-3.12308,-0.000100138,-2.80874e-05,0.000558123,-0.000474605,-0.000451983,0.00124592,0,0,0,0,0,0,0,0,0,0,0,0,0,0,0,0,0,0,0,0,0,0,0,0,0,0,0,0,0,0,0,0,0,0,0,0,0,0,0,0,1.84873,1.17562,0.00608261,-6.4723e-05,0.000130667,0.000436126,-0.000394518,0.000619215,0.0027117,0,0,0,0,0,0,0,0,0,0,0,0,0,0,0,0,0,0,0,0,0,0,0,0,0,0,0,0,0,0,0,0,0,0,0,0,0,0,0,0,0,0,0,0,0,0,0,0,0,0,0,0,1,0,0,0,0,0,0.9164,0.7335,3.1292,0,0,0,0,0,0,0,-0,0,1.40975,0,0,0,0,0,0,0,0,0,0,0,0,0,0,0,0,0,0,0,0,0,0,0,0,0
0,0,0,0,0,-0,0,3.02077,1.95902,-3.12308,-0.000100138,-2.80874e-05,0.000558123,-0.000474605,-0.000451983,0.00124592,0,0,0,0,0,0,0,0,0,0,0,0,0,0,0,0,0,0,0,0,0,0,0,0,0,0,0,0,0,0,0,0,0,0,0,0,0,0,0,0,1.84873,1.17562,0.00608261,-6.4723e-05,0.000130667,0.000436126,-0.000394518,0.000619215,0.0027117,0,0,0,0,0,0,0,0,0,0,0,0,0,0,0,0,0,0,0,0,0,0,0,0,0,0,0,0,0,0,0,0,0,0,0,0,0,0,0,0,0,0,0,0,0,0,0,0,0,0,0,0,1,0,0,0,0,0,0.9164,0.7335,3.1292,0,0,0,0,0,0,0,-0,0,1.40975,0,0,0,0,0,0,0,0,0,0,0,0,0,0,0,0,0,0,0,0,0,0,0,0,0
0,0,0,0,0,-0,0,3.02078,1.95902,-3.12311,0.000114728,1.09846e-05,-0.000307511,0.000492444,-0.000253884,-0.00215036,0,0,0,0,0,0,0,0,0,0,0,0,0,0,0,0,0,0,0,0,0,0,0,0,0,0,0,0,0,0,0,0,0,0,0,0,0,0,0,0,1.84873,1.17562,0.00606282,-1.22051e-06,-7.32308e-05,-0.000197866,-1.89584e-05,-0.000387935,-0.000445683,0,0,0,0,0,0,0,0,0,0,0,0,0,0,0,0,0,0,0,0,0,0,0,0,0,0,0,0,0,0,0,0,0,0,0,0,0,0,0,0,0,0,0,0,0,0,0,0,0,0,0,0,1,0,0,0,0,0,0.9164,0.7335,3.1292,0,0,0,0,0,0,0,-0,0,1.40977,0,0,0,0,0,0,0,0,0,0,0,0,0,0,0,0,0,0,0,0,0,0,0,0,0
0,0,0,0,0,-0,0,3.02078,1.95902,-3.12311,0.000114728,1.09846e-05,-0.000307511,0.000492444,-0.000253884,-0.00215036,0,0,0,0,0,0,0,0,0,0,0,0,0,0,0,0,0,0,0,0,0,0,0,0,0,0,0,0,0,0,0,0,0,0,0,0,0,0,0,0,1.84873,1.17562,0.00606282,-1.22051e-06,-7.32308e-05,-0.000197866,-1.89584e-05,-0.000387935,-0.000445683,0,0,0,0,0,0,0,0,0,0,0,0,0,0,0,0,0,0,0,0,0,0,0,0,0,0,0,0,0,0,0,0,0,0,0,0,0,0,0,0,0,0,0,0,0,0,0,0,0,0,0,0,1,0,0,0,0,0,0.8644,0.6814,3.0772,0,0,0,0,0,0,0,-0,0,1.40977,0,0,0,0,0,0,0,0,0,0,0,0,0,0,0,0,0,0,0,0,0,0,0,0,0
0,0,0,0,0,-0,0,3.02078,1.95905,-3.12313,1.22087e-05,0.000256382,-0.000174069,1.68886e-05,0.000854888,-0.0012176,0,0,0,0,0,0,0,0,0,0,0,0,0,0,0,0,0,0,0,0,0,0,0,0,0,0,0,0,0,0,0,0,0,0,0,0,0,0,0,0,1.84874,1.17561,0.00605242,0.000133074,-2.80799e-05,-0.000103991,0.000576072,-0.000188837,-0.000319857,0,0,0,0,0,0,0,0,0,0,0,0,0,0,0,0,0,0,0,0,0,0,0,0,0,0,0,0,0,0,0,0,0,0,0,0,0,0,0,0,0,0,0,0,0,0,0,0,0,0,0,0,1,0,0,0,0,0,0.8644,0.6814,3.0772,0,0,0,0,0,0,0,-0,0,1.40977,0,0,0,0,0,0,0,0,0,0,0,0,0,0,0,0,0,0,0,0,0,0,0,0,0
0,0,0,0,0,-0,0,3.02078,1.95905,-3.12313,1.22087e-05,0.000256382,-0.000174069,1.68886e-05,0.000854888,-0.0012176,0,0,0,0,0,0,0,0,0,0,0,0,0,0,0,0,0,0,0,0,0,0,0,0,0,0,0,0,0,0,0,0,0,0,0,0,0,0,0,0,1.84874,1.17561,0.00605242,0.000133074,-2.80799e-05,-0.000103991,0.000576072,-0.000188837,-0.000319857,0,0,0,0,0,0,0,0,0,0,0,0,0,0,0,0,0,0,0,0,0,0,0,0,0,0,0,0,0,0,0,0,0,0,0,0,0,0,0,0,0,0,0,0,0,0,0,0,0,0,0,0,1,0,0,0,0,0,0.8644,0.6814,3.0772,0,0,0,0,0,0,0,-0,0,1.40977,0,0,0,0,0,0,0,0,0,0,0,0,0,0,0,0,0,0,0,0,0,0,0,0,0
0,0,0,0,0,-0,0,3.0208,1.95904,-3.12308,0.000178213,-6.46939e-05,0.000514957,0.000609123,-0.000619479,0.00214825,0,0,0,0,0,0,0,0,0,0,0,0,0,0,0,0,0,0,0,0,0,0,0,0,0,0,0,0,0,0,0,0,0,0,0,0,0,0,0,0,1.84874,1.1756,0.00604147,-3.0516e-05,-8.42241e-05,-0.000109541,-0.000227197,-0.000310799,-0.000197262,0,0,0,0,0,0,0,0,0,0,0,0,0,0,0,0,0,0,0,0,0,0,0,0,0,0,0,0,0,0,0,0,0,0,0,0,0,0,0,0,0,0,0,0,0,0,0,0,0,0,0,0,1,0,0,0,0,0,0.8644,0.6814,3.0772,0,0,0,0,0,0,0,-0,0,1.40979,0,0,0,0,0,0,0,0,0,0,0,0,0,0,0,0,0,0,0,0,0,0,0,0,0
0,0,0,0,0,-0,0,3.0208,1.95904,-3.12308,0.000178213,-6.46939e-05,0.000514957,0.000609123,-0.000619479,0.00214825,0,0,0,0,0,0,0,0,0,0,0,0,0,0,0,0,0,0,0,0,0,0,0,0,0,0,0,0,0,0,0,0,0,0,0,0,0,0,0,0,1.84874,1.1756,0.00604147,-3.0516e-05,-8.42241e-05,-0.000109541,-0.000227197,-0.000310799,-0.000197262,0,0,0,0,0,0,0,0,0,0,0,0,0,0,0,0,0,0,0,0,0,0,0,0,0,0,0,0,0,0,0,0,0,0,0,0,0,0,0,0,0,0,0,0,0,0,0,0,0,0,0,0,1,0,0,0,0,0,0.9142,0.7313,3.127,0,0,0,0,0,0,0,-0,0,1.40979,0,0,0,0,0,0,0,0,0,0,0,0,0,0,0,0,0,0,0,0,0,0,0,0,0
0,0,0,0,0,-0,0,3.0208,1.95906,-3.12314,-4.8829e-05,0.000123293,-0.000605594,-0.000461361,0.000179642,-0.00273213,0,0,0,0,0,0,0,0,0,0,0,0,0,0,0,0,0,0,0,0,0,0,0,0,0,0,0,0,0,0,0,0,0,0,0,0,0,0,0,0,1.84873,1.17562,0.00605604,-0.000120852,0.000109865,0.000145769,-0.000606097,0.000572438,0.000918343,0,0,0,0,0,0,0,0,0,0,0,0,0,0,0,0,0,0,0,0,0,0,0,0,0,0,0,0,0,0,0,0,0,0,0,0,0,0,0,0,0,0,0,0,0,0,0,0,0,0,0,0,1,0,0,0,0,0,0.9142,0.7313,3.127,0,0,0,0,0,0,0,-0,0,1.4098,0,0,0,0,0,0,0,0,0,0,0,0,0,0,0,0,0,0,0,0,0,0,0,0,0
0,0,0,0,0,-0,0,3.0208,1.95906,-3.12314,-4.8829e-05,0.000123293,-0.000605594,-0.000461361,0.000179642,-0.00273213,0,0,0,0,0,0,0,0,0,0,0,0,0,0,0,0,0,0,0,0,0,0,0,0,0,0,0,0,0,0,0,0,0,0,0,0,0,0,0,0,1.84873,1.17562,0.00605604,-0.000120852,0.000109865,0.000145769,-0.000606097,0.000572438,0.000918343,0,0,0,0,0,0,0,0,0,0,0,0,0,0,0,0,0,0,0,0,0,0,0,0,0,0,0,0,0,0,0,0,0,0,0,0,0,0,0,0,0,0,0,0,0,0,0,0,0,0,0,0,1,0,0,0,0,0,0.9142,0.7313,3.127,0,0,0,0,0,0,0,-0,0,1.4098,0,0,0,0,0,0,0,0,0,0,0,0,0,0,0,0,0,0,0,0,0,0,0,0,0
0,0,0,0,0,-0,0,3.02079,1.95905,-3.12317,-4.15066e-05,-8.54549e-05,-0.000300427,-0.000392624,-0.000618089,-0.00108156,0,0,0,0,0,0,0,0,0,0,0,0,0,0,0,0,0,0,0,0,0,0,0,0,0,0,0,0,0,0,0,0,0,0,0,0,0,0,0,0,1.84881,1.17555,0.00604965,0.000777636,-0.000697065,-6.39299e-05,0.00317491,-0.00276103,-0.000135519,0,0,0,0,0,0,0,0,0,0,0,0,0,0,0,0,0,0,0,0,0,0,0,0,0,0,0,0,0,0,0,0,0,0,0,0,0,0,0,0,0,0,0,0,0,0,0,0,0,0,0,0,1,0,0,0,0,0,0.9142,0.7313,3.127,0,0,0,0,0,0,0,-0,0,1.40976,0,0,0,0,0,0,0,0,0,0,0,0,0,0,0,0,0,0,0,0,0,0,0,0,0
0,0,0,0,0,-0,0,3.02079,1.95905,-3.12317,-4.15066e-05,-8.54549e-05,-0.000300427,-0.000392624,-0.000618089,-0.00108156,0,0,0,0,0,0,0,0,0,0,0,0,0,0,0,0,0,0,0,0,0,0,0,0,0,0,0,0,0,0,0,0,0,0,0,0,0,0,0,0,1.84881,1.17555,0.00604965,0.000777636,-0.000697065,-6.39299e-05,0.00317491,-0.00276103,-0.000135519,0,0,0,0,0,0,0,0,0,0,0,0,0,0,0,0,0,0,0,0,0,0,0,0,0,0,0,0,0,0,0,0,0,0,0,0,0,0,0,0,0,0,0,0,0,0,0,0,0,0,0,0,1,0,0,0,0,0,0.8646,0.682,3.0776,0,0,0,0,0,0,0,-0,0,1.40976,0,0,0,0,0,0,0,0,0,0,0,0,0,0,0,0,0,0,0,0,0,0,0,0,0
0.05,0,0,0,0,-0,0,3.02078,1.95902,-3.12308,-9.03704e-05,-0.000254014,0.000896835,-0.000421692,-0.00115259,0.00435769,0,0,0,0,0,0,0,0,0,0,0,0,0,0,0,0,0,0,0,0,0,0,0,0,0,0,0,0,0,0,0,0,0,0,0,0,0,0,0,0,1.84872,1.17562,0.0060584,-0.000834096,0.000744947,8.75538e-05,-0.00402163,0.0036526,0.000381255,0,0,0,0,0,0,0,0,0,0,0,0,0,0,0,0,0,0,0,0,0,0,0,0,0,0,0,0,0,0,0,0,0,0,0,0,0,0,0,0,0,0,0,0,0,0,0,0,0,0,0,0,1,0,0,0,0,0,0.8646,0.682,3.0776,0,0,0,0,0,0,0,-0,0,1.40977,0,0,0,0,0,0,0,0,0,0,0,0,0,0,0,0,0,0,0,0,0,0,0,0,0
0.1,0,0,0,0,-0,0,3.02078,1.95902,-3.12308,-9.03704e-05,-0.000254014,0.000896835,-0.000421692,-0.00115259,0.00435769,0,0,0,0,0,0,0,0,0,0,0,0,0,0,0,0,0,0,0,0,0,0,0,0,0,0,0,0,0,0,0,0,0,0,0,0,0,0,0,0,1.84872,1.17562,0.0060584,-0.000834096,0.000744947,8.75538e-05,-0.00402163,0.0036526,0.000381255,0,0,0,0,0,0,0,0,0,0,0,0,0,0,0,0,0,0,0,0,0,0,0,0,0,0,0,0,0,0,0,0,0,0,0,0,0,0,0,0,0,0,0,0,0,0,0,0,0,0,0,0,1,0,0,0,0,0,0.8646,0.682,3.0776,0,0,0,0,0,0,0,-0,0,1.40977,0,0,0,0,0,0,0,0,0,0,0,0,0,0,0,0,0,0,0,0,0,0,0,0,0
0.15,0,0,0,0,-0,0,3.02077,1.95903,-3.12309,-9.76543e-05,7.07994e-05,-0.000159737,-0.000286358,0.000533138,-0.000867829,0,0,0,0,0,0,0,0,0,0,0,0,0,0,0,0,0,0,0,0,0,0,0,0,0,0,0,0,0,0,0,0,0,0,0,0,0,0,0,0,1.84874,1.17561,0.00608038,0.000157468,-8.42268e-05,0.00021976,0.000572049,-0.000250852,0.000827254,0,0,0,0,0,0,0,0,0,0,0,0,0,0,0,0,0,0,0,0,0,0,0,0,0,0,0,0,0,0,0,0,0,0,0,0,0,0,0,0,0,0,0,0,0,0,0,0,0,0,0,0,1,0,0,0,0,0,0.8646,0.682,3.0776,0,0,0,0,0,0,0,-0,0,1.40976,0,0,0,0,0,0,0,0,0,0,0,0,0,0,0,0,0,0,0,0,0,0,0,0,0
0.2,0,0,0,0,-0,0,3.02077,1.95903,-3.12309,-9.76543e-05,7.07994e-05,-0.000159737,-0.000286358,0.000533138,-0.000867829,0,0,0,0,0,0,0,0,0,0,0,0,0,0,0,0,0,0,0,0,0,0,0,0,0,0,0,0,0,0,0,0,0,0,0,0,0,0,0,0,1.84874,1.17561,0.00608038,0.000157468,-8.42268e-05,0.00021976,0.000572049,-0.000250852,0.000827254,0,0,0,0,0,0,0,0,0,0,0,0,0,0,0,0,0,0,0,0,0,0,0,0,0,0,0,0,0,0,0,0,0,0,0,0,0,0,0,0,0,0,0,0,0,0,0,0,0,0,0,0,1,0,0,0,0,0,0.9163,0.7334,3.1292,0,0,0,0,0,0,0,-0,0,1.40976,0,0,0,0,0,0,0,0,0,0,0,0,0,0,0,0,0,0,0,0,0,0,0,0,0
0.25,0,0,0,0,-0,0,3.02078,1.95904,-3.12311,4.39427e-05,0.000124504,-0.000145427,0.000412226,0.000762969,-0.00117147,0,0,0,0,0,0,0,0,0,0,0,0,0,0,0,0,0,0,0,0,0,0,0,0,0,0,0,0,0,0,0,0,0,0,0,0,0,0,0,0,1.84875,1.17562,0.00611119,0.000129387,0.000117181,0.000308106,0.000853281,0.000125598,0.000910027,0,0,0,0,0,0,0,0,0,0,0,0,0,0,0,0,0,0,0,0,0,0,0,0,0,0,0,0,0,0,0,0,0,0,0,0,0,0,0,0,0,0,0,0,0,0,0,0,0,0,0,0,1,0,0,0,0,0,0.9163,0.7334,3.1292,0,0,0,0,0,0,0,-0,0,1.40975,0,0,0,0,0,0,0,0,0,0,0,0,0,0,0,0,0,0,0,0,0,0,0,0,0
0.3,0,0,0,0,-0,0,3.02078,1.95904,-3.12311,4.39427e-05,0.000124504,-0.000145427,0.000412226,0.000762969,-0.00117147,0,0,0,0,0,0,0,0,0,0,0,0,0,0,0,0,0,0,0,0,0,0,0,0,0,0,0,0,0,0,0,0,0,0,0,0,0,0,0,0,1.84875,1.17562,0.00611119,0.000129387,0.000117181,0.000308106,0.000853281,0.000125598,0.000910027,0,0,0,0,0,0,0,0,0,0,0,0,0,0,0,0,0,0,0,0,0,0,0,0,0,0,0,0,0,0,0,0,0,0,0,0,0,0,0,0,0,0,0,0,0,0,0,0,0,0,0,0,1,0,0,0,0,0,0.9163,0.7334,3.1292,0,0,0,0,0,0,0,-0,0,1.40975,0,0,0,0,0,0,0,0,0,0,0,0,0,0,0,0,0,0,0,0,0,0,0,0,0
0.35,0,0,0,0,-0,0,3.02079,1.95902,-3.12317,6.59053e-05,-0.000219684,-0.000648374,0.000429792,-0.000886155,-0.00275416,0,0,0,0,0,0,0,0,0,0,0,0,0,0,0,0,0,0,0,0,0,0,0,0,0,0,0,0,0,0,0,0,0,0,0,0,0,0,0,0,1.84874,1.17561,0.00608324,-0.000102519,-0.000131811,-0.000279464,-0.000376309,-0.000868579,-0.00179027,0,0,0,0,0,0,0,0,0,0,0,0,0,0,0,0,0,0,0,0,0,0,0,0,0,0,0,0,0,0,0,0,0,0,0,0,0,0,0,0,0,0,0,0,0,0,0,0,0,0,0,0,1,0,0,0,0,0,0.9163,0.7334,3.1292,0,0,0,0,0,0,0,-0,0,1.40976,0,0,0,0,0,0,0,0,0,0,0,0,0,0,0,0,0,0,0,0,0,0,0,0,0
0.4,0,0,0,0,-0,0,3.02079,1.95902,-3.12317,6.59053e-05,-0.000219684,-0.000648374,0.000429792,-0.000886155,-0.00275416,0,0,0,0,0,0,0,0,0,0,0,0,0,0,0,0,0,0,0,0,0,0,0,0,0,0,0,0,0,0,0,0,0,0,0,0,0,0,0,0,1.84874,1.17561,0.00608324,-0.000102519,-0.000131811,-0.000279464,-0.000376309,-0.000868579,-0.00179027,0,0,0,0,0,0,0,0,0,0,0,0,0,0,0,0,0,0,0,0,0,0,0,0,0,0,0,0,0,0,0,0,0,0,0,0,0,0,0,0,0,0,0,0,0,0,0,0,0,0,0,0,1,0,0,0,0,0,0.9461,0.7633,3.1591,0,0,0,0,0,0,0,-0,0,1.40976,0,0,0,0,0,0,0,0,0,0,0,0,0,0,0,0,0,0,0,0,0,0,0,0,0
0.45,0,0,0,0,-0,0,3.0208,1.95901,-3.12312,0.000100106,-0.000113535,0.000538872,0.000397045,-0.000330942,0.00287647,0,0,0,0,0,0,0,0,0,0,0,0,0,0,0,0,0,0,0,0,0,0,0,0,0,0,0,0,0,0,0,0,0,0,0,0,0,0,0,0,1.84875,1.1756,0.00604564,0.000124522,-0.000112314,-0.000376057,0.000514925,-0.000578052,-0.00182608,0,0,0,0,0,0,0,0,0,0,0,0,0,0,0,0,0,0,0,0,0,0,0,0,0,0,0,0,0,0,0,0,0,0,0,0,0,0,0,0,0,0,0,0,0,0,0,0,0,0,0,0,1,0,0,0,0,0,0.9461,0.7633,3.1591,0,0,0,0,0,0,0,-0,0,1.40976,0,0,0,0,0,0,0,0,0,0,0,0,0,0,0,0,0,0,0,0,0,0,0,0,0
0.45,0,0,0,0,-0,0,3.0208,1.95901,-3.12312,0.000100106,-0.000113535,0.000538872,0.000397045,-0.000330942,0.00287647,0,0,0,0,0,0,0,0,0,0,0,0,0,0,0,0,0,0,0,0,0,0,0,0,0,0,0,0,0,0,0,0,0,0,0,0,0,0,0,0,1.84875,1.1756,0.00604564,0.000124522,-0.000112314,-0.000376057,0.000514925,-0.000578052,-0.00182608,0,0,0,0,0,0,0,0,0,0,0,0,0,0,0,0,0,0,0,0,0,0,0,0,0,0,0,0,0,0,0,0,0,0,0,0,0,0,0,0,0,0,0,0,0,0,0,0,0,0,0,0,1,0,0,0,0,0,0.9461,0.7633,3.1591,0,0,0,0,0,0,0,-0,0,1.40976,0,0,0,0,0,0,0,0,0,0,0,0,0,0,0,0,0,0,0,0,0,0,0,0,0
0.5,0,0,0,0,-0,0,3.02078,1.95903,-3.12314,-0.000139198,0.00023566,-0.000176478,-0.000722172,0.00127164,-0.000369108,0,0,0,0,0,0,0,0,0,0,0,0,0,0,0,0,0,0,0,0,0,0,0,0,0,0,0,0,0,0,0,0,0,0,0,0,0,0,0,0,1.84874,1.17562,0.00607799,-0.000102568,0.000200251,0.000323646,-0.000477559,0.000941079,0.00169434,0,0,0,0,0,0,0,0,0,0,0,0,0,0,0,0,0,0,0,0,0,0,0,0,0,0,0,0,0,0,0,0,0,0,0,0,0,0,0,0,0,0,0,0,0,0,0,0,0,0,0,0,1,0,0,0,0,0,0.9461,0.7633,3.1591,0,0,0,0,0,0,0,-0,0,1.40975,0,0,0,0,0,0,0,0,0,0,0,0,0,0,0,0,0,0,0,0,0,0,0,0,0
0.55,0,0,0,0,-0,0,3.02078,1.95903,-3.12314,-0.000139198,0.00023566,-0.000176478,-0.000722172,0.00127164,-0.000369108,0,0,0,0,0,0,0,0,0,0,0,0,0,0,0,0,0,0,0,0,0,0,0,0,0,0,0,0,0,0,0,0,0,0,0,0,0,0,0,0,1.84874,1.17562,0.00607799,-0.000102568,0.000200251,0.000323646,-0.000477559,0.000941079,0.00169434,0,0,0,0,0,0,0,0,0,0,0,0,0,0,0,0,0,0,0,0,0,0,0,0,0,0,0,0,0,0,0,0,0,0,0,0,0,0,0,0,0,0,0,0,0,0,0,0,0,0,0,0,1,0,0,0,0,0,0.9652,0.7823,3.1781,0,0,0,0,0,0,0,-0,0,1.40975,0,0,0,0,0,0,0,0,0,0,0,0,0,0,0,0,0,0,0,0,0,0,0,0,0
0.6,0,0,0,0,-0,0,3.02079,1.959,-3.12316,6.59425e-05,-0.000273539,-0.000221812,0.000234419,-0.00105387,-0.000842178,0,0,0,0,0,0,0,0,0,0,0,0,0,0,0,0,0,0,0,0,0,0,0,0,0,0,0,0,0,0,0,0,0,0,0,0,0,0,0,0,1.84874,1.17561,0.00606166,-4.15191e-05,-9.03652e-05,-0.000163339,-0.000177244,-0.000390327,-0.000451619,0,0,0,0,0,0,0,0,0,0,0,0,0,0,0,0,0,0,0,0,0,0,0,0,0,0,0,0,0,0,0,0,0,0,0,0,0,0,0,0,0,0,0,0,0,0,0,0,0,0,0,0,1,0,0,0,0,0,0.9652,0.7823,3.1781,0,0,0,0,0,0,0,-0,0,1.40975,0,0,0,0,0,0,0,0,0,0,0,0,0,0,0,0,0,0,0,0,0,0,0,0,0
0.65,0,0,0,0,-0,0,3.02079,1.959,-3.12316,6.59425e-05,-0.000273539,-0.000221812,0.000234419,-0.00105387,-0.000842178,0,0,0,0,0,0,0,0,0,0,0,0,0,0,0,0,0,0,0,0,0,0,0,0,0,0,0,0,0,0,0,0,0,0,0,0,0,0,0,0,1.84874,1.17561,0.00606166,-4.15191e-05,-9.03652e-05,-0.000163339,-0.000177244,-0.000390327,-0.000451619,0,0,0,0,0,0,0,0,0,0,0,0,0,0,0,0,0,0,0,0,0,0,0,0,0,0,0,0,0,0,0,0,0,0,0,0,0,0,0,0,0,0,0,0,0,0,0,0,0,0,0,0,1,0,0,0,0,0,0.9652,0.7823,3.1781,0,0,0,0,0,0,0,-0,0,1.40975,0,0,0,0,0,0,0,0,0,0,0,0,0,0,0,0,0,0,0,0,0,0,0,0,0
0.7,0,0,0,0,-0,0,3.02079,1.95904,-3.12311,6.34769e-05,0.000332033,0.000493529,0.000260492,0.0014718,0.0022884,0,0,0,0,0,0,0,0,0,0,0,0,0,0,0,0,0,0,0,0,0,0,0,0,0,0,0,0,0,0,0,0,0,0,0,0,0,0,0,0,1.8487,1.17563,0.00621746,-0.000345462,0.000216067,0.00155803,-0.00128028,0.000809693,0.00631627,0,0,0,0,0,0,0,0,0,0,0,0,0,0,0,0,0,0,0,0,0,0,0,0,0,0,0,0,0,0,0,0,0,0,0,0,0,0,0,0,0,0,0,0,0,0,0,0,0,0,0,0,1,0,0,0,0,0,0.9652,0.7823,3.1781,0,0,0,0,0,0,0,-0,0,1.40979,0,0,0,0,0,0,0,0,0,0,0,0,0,0,0,0,0,0,0,0,0,0,0,0,0
0.75,0,0,0,0,-0,0,3.02079,1.95904,-3.12311,6.34769e-05,0.000332033,0.000493529,0.000260492,0.0014718,0.0022884,0,0,0,0,0,0,0,0,0,0,0,0,0,0,0,0,0,0,0,0,0,0,0,0,0,0,0,0,0,0,0,0,0,0,0,0,0,0,0,0,1.8487,1.17563,0.00621746,-0.000345462,0.000216067,0.00155803,-0.00128028,0.000809693,0.00631627,0,0,0,0,0,0,0,0,0,0,0,0,0,0,0,0,0,0,0,0,0,0,0,0,0,0,0,0,0,0,0,0,0,0,0,0,0,0,0,0,0,0,0,0,0,0,0,0,0,0,0,0,1,0,0,0,0,0,0.9164,0.7334,3.1293,0,0,0,0,0,0,0,-0,0,1.40979,0,0,0,0,0,0,0,0,0,0,0,0,0,0,0,0,0,0,0,0,0,0,0,0,0
0.8,0,0,0,0,-0,0,3.02079,1.95903,-3.12307,-2.92894e-05,-7.07827e-05,0.000352769,-0.00021076,-0.000383977,0.00123537,0,0,0,0,0,0,0,0,0,0,0,0,0,0,0,0,0,0,0,0,0,0,0,0,0,0,0,0,0,0,0,0,0,0,0,0,0,0,0,0,1.8488,1.17556,0.00608286,0.000955565,-0.000709046,-0.00134574,0.00428079,-0.00304807,-0.00689458,0,0,0,0,0,0,0,0,0,0,0,0,0,0,0,0,0,0,0,0,0,0,0,0,0,0,0,0,0,0,0,0,0,0,0,0,0,0,0,0,0,0,0,0,0,0,0,0,0,0,0,0,1,0,0,0,0,0,0.9164,0.7334,3.1293,0,0,0,0,0,0,0,-0,0,1.40975,0,0,0,0,0,0,0,0,0,0,0,0,0,0,0,0,0,0,0,0,0,0,0,0,0
0.85,0,0,0,0,-0,0,3.02079,1.95903,-3.12307,-2.92894e-05,-7.07827e-05,0.000352769,-0.00021076,-0.000383977,0.00123537,0,0,0,0,0,0,0,0,0,0,0,0,0,0,0,0,0,0,0,0,0,0,0,0,0,0,0,0,0,0,0,0,0,0,0,0,0,0,0,0,1.8488,1.17556,0.00608286,0.000955565,-0.000709046,-0.00134574,0.00428079,-0.00304807,-0.00689458,0,0,0,0,0,0,0,0,0,0,0,0,0,0,0,0,0,0,0,0,0,0,0,0,0,0,0,0,0,0,0,0,0,0,0,0,0,0,0,0,0,0,0,0,0,0,0,0,0,0,0,0,1,0,0,0,0,0,0.9164,0.7334,3.1293,0,0,0,0,0,0,0,-0,0,1.40975,0,0,0,0,0,0,0,0,0,0,0,0,0,0,0,0,0,0,0,0,0,0,0,0,0
0.9,0,0,0,0,-0,0,3.02079,1.95905,-3.1231,2.44101e-05,0.000174532,-0.000235996,2.42876e-05,0.000498628,-0.00175363,0,0,0,0,0,0,0,0,0,0,0,0,0,0,0,0,0,0,0,0,0,0,0,0,0,0,0,0,0,0,0,0,0,0,0,0,0,0,0,0,1.84874,1.17562,0.00606489,-0.000598046,0.000585841,-0.000179599,-0.00288595,0.00282258,-0.00126655,0,0,0,0,0,0,0,0,0,0,0,0,0,0,0,0,0,0,0,0,0,0,0,0,0,0,0,0,0,0,0,0,0,0,0,0,0,0,0,0,0,0,0,0,0,0,0,0,0,0,0,0,1,0,0,0,0,0,0.9164,0.7334,3.1293,0,0,0,0,0,0,0,-0,0,1.40978,0,0,0,0,0,0,0,0,0,0,0,0,0,0,0,0,0,0,0,0,0,0,0,0,0
0.95,0,0,0,0,-0,0,3.02079,1.95905,-3.1231,2.44101e-05,0.000174532,-0.000235996,2.42876e-05,0.000498628,-0.00175363,0,0,0,0,0,0,0,0,0,0,0,0,0,0,0,0,0,0,0,0,0,0,0,0,0,0,0,0,0,0,0,0,0,0,0,0,0,0,0,0,1.84874,1.17562,0.00606489,-0.000598046,0.000585841,-0.000179599,-0.00288595,0.00282258,-0.00126655,0,0,0,0,0,0,0,0,0,0,0,0,0,0,0,0,0,0,0,0,0,0,0,0,0,0,0,0,0,0,0,0,0,0,0,0,0,0,0,0,0,0,0,0,0,0,0,0,0,0,0,0,1,0,0,0,0,0,0.8776,0.6947,3.0904,0,0,0,0,0,0,0,-0,0,1.40978,0,0,0,0,0,0,0,0,0,0,0,0,0,0,0,0,0,0,0,0,0,0,0,0,0
1,0,0,0,0,-0,0,3.0208,1.95907,-3.12312,1.70998e-05,0.000185655,-0.0002481,1.7155e-05,0.000463111,-0.00150556,0,0,0,0,0,0,0,0,0,0,0,0,0,0,0,0,0,0,0,0,0,0,0,0,0,0,0,0,0,0,0,0,0,0,0,0,0,0,0,0,1.84874,1.17562,0.00605601,3.29783e-05,-1.4657e-05,-8.88303e-05,-0.000180829,8.93997e-05,0.000363693,0,0,0,0,0,0,0,0,0,0,0,0,0,0,0,0,0,0,0,0,0,0,0,0,0,0,0,0,0,0,0,0,0,0,0,0,0,0,0,0,0,0,0,0,0,0,0,0,0,0,0,0,1,0,0,0,0,0,0.8776,0.6947,3.0904,0,0,0,0,0,0,0,-0,0,1.40979,0,0,0,0,0,0,0,0,0,0,0,0,0,0,0,0,0,0,0,0,0,0,0,0,0
1.05,0,0,0,0,-0,0,3.0208,1.95907,-3.12312,1.70998e-05,0.000185655,-0.0002481,1.7155e-05,0.000463111,-0.00150556,0,0,0,0,0,0,0,0,0,0,0,0,0,0,0,0,0,0,0,0,0,0,0,0,0,0,0,0,0,0,0,0,0,0,0,0,0,0,0,0,1.84874,1.17562,0.00605601,3.29783e-05,-1.4657e-05,-8.88303e-05,-0.000180829,8.93997e-05,0.000363693,0,0,0,0,0,0,0,0,0,0,0,0,0,0,0,0,0,0,0,0,0,0,0,0,0,0,0,0,0,0,0,0,0,0,0,0,0,0,0,0,0,0,0,0,0,0,0,0,0,0,0,0,1,0,0,0,0,0,0.8776,0.6947,3.0904,0,0,0,0,0,0,0,-0,0,1.40979,0,0,0,0,0,0,0,0,0,0,0,0,0,0,0,0,0,0,0,0,0,0,0,0,0
1.1,0,0,0,0,-0,0,3.02081,1.95904,-3.12306,9.51921e-05,-0.000219674,0.000655494,0.000321422,-0.00134601,0.00273975,0,0,0,0,0,0,0,0,0,0,0,0,0,0,0,0,0,0,0,0,0,0,0,0,0,0,0,0,0,0,0,0,0,0,0,0,0,0,0,0,1.84873,1.17563,0.00607059,-0.000154992,0.0001196,0.000145708,-0.000493559,0.000220271,0.00137599,0,0,0,0,0,0,0,0,0,0,0,0,0,0,0,0,0,0,0,0,0,0,0,0,0,0,0,0,0,0,0,0,0,0,0,0,0,0,0,0,0,0,0,0,0,0,0,0,0,0,0,0,1,0,0,0,0,0,0.8776,0.6947,3.0904,0,0,0,0,0,0,0,-0,0,1.40979,0,0,0,0,0,0,0,0,0,0,0,0,0,0,0,0,0,0,0,0,0,0,0,0,0
1.15,0,0,0,0,-0,0,3.02081,1.95904,-3.12306,9.51921e-05,-0.000219674,0.000655494,0.000321422,-0.00134601,0.00273975,0,0,0,0,0,0,0,0,0,0,0,0,0,0,0,0,0,0,0,0,0,0,0,0,0,0,0,0,0,0,0,0,0,0,0,0,0,0,0,0,1.84873,1.17563,0.00607059,-0.000154992,0.0001196,0.000145708,-0.000493559,0.000220271,0.00137599,0,0,0,0,0,0,0,0,0,0,0,0,0,0,0,0,0,0,0,0,0,0,0,0,0,0,0,0,0,0,0,0,0,0,0,0,0,0,0,0,0,0,0,0,0,0,0,0,0,0,0,0,1,0,0,0,0,0,0.9164,0.7333,3.1291,0,0,0,0,0,0,0,-0,0,1.40979,0,0,0,0,0,0,0,0,0,0,0,0,0,0,0,0,0,0,0,0,0,0,0,0,0
1.2,0,0,0,0,-0,0,3.0208,1.95908,-3.12311,-5.37392e-05,0.000327321,-0.000553422,-0.000360995,0.00113251,-0.00261106,0,0,0,0,0,0,0,0,0,0,0,0,0,0,0,0,0,0,0,0,0,0,0,0,0,0,0,0,0,0,0,0,0,0,0,0,0,0,0,0,1.84875,1.17561,0.00605089,0.00018198,-0.000157553,-0.00019705,0.0010079,-0.000957586,-0.000406272,0,0,0,0,0,0,0,0,0,0,0,0,0,0,0,0,0,0,0,0,0,0,0,0,0,0,0,0,0,0,0,0,0,0,0,0,0,0,0,0,0,0,0,0,0,0,0,0,0,0,0,0,1,0,0,0,0,0,0.9164,0.7333,3.1291,0,0,0,0,0,0,0,-0,0,1.4098,0,0,0,0,0,0,0,0,0,0,0,0,0,0,0,0,0,0,0,0,0,0,0,0,0
1.25,0,0,0,0,-0,0,3.0208,1.95908,-3.12311,-5.37392e-05,0.000327321,-0.000553422,-0.000360995,0.00113251,-0.00261106,0,0,0,0,0,0,0,0,0,0,0,0,0,0,0,0,0,0,0,0,0,0,0,0,0,0,0,0,0,0,0,0,0,0,0,0,0,0,0,0,1.84875,1.17561,0.00605089,0.00018198,-0.000157553,-0.00019705,0.0010079,-0.000957586,-0.000406272,0,0,0,0,0,0,0,0,0,0,0,0,0,0,0,0,0,0,0,0,0,0,0,0,0,0,0,0,0,0,0,0,0,0,0,0,0,0,0,0,0,0,0,0,0,0,0,0,0,0,0,0,1,0,0,0,0,0,0.9164,0.7333,3.1291,0,0,0,0,0,0,0,-0,0,1.4098,0,0,0,0,0,0,0,0,0,0,0,0,0,0,0,0,0,0,0,0,0,0,0,0,0
1.3,0,0,0,0,-0,0,3.0208,1.95906,-3.12305,-2.44104e-06,-0.000151344,0.000657937,-0.000104213,-0.000896686,0.00254758,0,0,0,0,0,0,0,0,0,0,0,0,0,0,0,0,0,0,0,0,0,0,0,0,0,0,0,0,0,0,0,0,0,0,0,0,0,0,0,0,1.84877,1.1756,0.00605212,0.000273397,-9.27597e-05,1.22078e-05,0.00117398,-0.000475738,0.000350692,0,0,0,0,0,0,0,0,0,0,0,0,0,0,0,0,0,0,0,0,0,0,0,0,0,0,0,0,0,0,0,0,0,0,0,0,0,0,0,0,0,0,0,0,0,0,0,0,0,0,0,0,1,0,0,0,0,0,0.9164,0.7333,3.1291,0,0,0,0,0,0,0,-0,0,1.40977,0,0,0,0,0,0,0,0,0,0,0,0,0,0,0,0,0,0,0,0,0,0,0,0,0
1.35,0,0,0,0,-0,0,3.0208,1.95906,-3.12305,-2.44104e-06,-0.000151344,0.000657937,-0.000104213,-0.000896686,0.00254758,0,0,0,0,0,0,0,0,0,0,0,0,0,0,0,0,0,0,0,0,0,0,0,0,0,0,0,0,0,0,0,0,0,0,0,0,0,0,0,0,1.84877,1.1756,0.00605212,0.000273397,-9.27597e-05,1.22078e-05,0.00117398,-0.000475738,0.000350692,0,0,0,0,0,0,0,0,0,0,0,0,0,0,0,0,0,0,0,0,0,0,0,0,0,0,0,0,0,0,0,0,0,0,0,0,0,0,0,0,0,0,0,0,0,0,0,0,0,0,0,0,1,0,0,0,0,0,1.0041,0.8212,3.2169,0,0,0,0,0,0,0,-0,0,1.40977,0,0,0,0,0,0,0,0,0,0,0,0,0,0,0,0,0,0,0,0,0,0,0,0,0
1.4,0,0,0,0,-0,0,3.0208,1.95905,-3.12314,7.32345e-06,-8.42197e-05,-0.000913047,1.12211e-05,-0.000544871,-0.00404967,0,0,0,0,0,0,0,0,0,0,0,0,0,0,0,0,0,0,0,0,0,0,0,0,0,0,0,0,0,0,0,0,0,0,0,0,0,0,0,0,1.84873,1.17562,0.00603237,-0.000443068,0.00016966,-0.000197405,-0.00213573,0.000828273,-0.000524499,0,0,0,0,0,0,0,0,0,0,0,0,0,0,0,0,0,0,0,0,0,0,0,0,0,0,0,0,0,0,0,0,0,0,0,0,0,0,0,0,0,0,0,0,0,0,0,0,0,0,0,0,1,0,0,0,0,0,1.0041,0.8212,3.2169,0,0,0,0,0,0,0,-0,0,1.40979,0,0,0,0,0,0,0,0,0,0,0,0,0,0,0,0,0,0,0,0,0,0,0,0,0
1.45,0,0,0,0,-0,0,3.0208,1.95905,-3.12314,7.32345e-06,-8.42197e-05,-0.000913047,1.12211e-05,-0.000544871,-0.00404967,0,0,0,0,0,0,0,0,0,0,0,0,0,0,0,0,0,0,0,0,0,0,0,0,0,0,0,0,0,0,0,0,0,0,0,0,0,0,0,0,1.84873,1.17562,0.00603237,-0.000443068,0.00016966,-0.000197405,-0.00213573,0.000828273,-0.000524499,0,0,0,0,0,0,0,0,0,0,0,0,0,0,0,0,0,0,0,0,0,0,0,0,0,0,0,0,0,0,0,0,0,0,0,0,0,0,0,0,0,0,0,0,0,0,0,0,0,0,0,0,1,0,0,0,0,0,1.0041,0.8212,3.2169,0,0,0,0,0,0,0,-0,0,1.40979,0,0,0,0,0,0,0,0,0,0,0,0,0,0,0,0,0,0,0,0,0,0,0,0,0
1.5,0,0,0,0,-0,0,3.0208,1.95904,-3.12311,4.88286e-06,-0.000135499,0.0002718,1.26027e-05,-0.000484428,0.00141045,0,0,0,0,0,0,0,0,0,0,0,0,0,0,0,0,0,0,0,0,0,0,0,0,0,0,0,0,0,0,0,0,0,0,0,0,0,0,0,0,1.84878,1.17557,0.00607972,0.000535894,-0.0005127,0.000473475,0.00218166,-0.00205284,0.00224738,0,0,0,0,0,0,0,0,0,0,0,0,0,0,0,0,0,0,0,0,0,0,0,0,0,0,0,0,0,0,0,0,0,0,0,0,0,0,0,0,0,0,0,0,0,0,0,0,0,0,0,0,1,0,0,0,0,0,1.0041,0.8212,3.2169,0,0,0,0,0,0,0,-0,0,1.40977,0,0,0,0,0,0,0,0,0,0,0,0,0,0,0,0,0,0,0,0,0,0,0,0,0
1.55,0,0,0,0,-0,0,3.0208,1.95904,-3.12311,4.88286e-06,-0.000135499,0.0002718,1.26027e-05,-0.000484428,0.00141045,0,0,0,0,0,0,0,0,0,0,0,0,0,0,0,0,0,0,0,0,0,0,0,0,0,0,0,0,0,0,0,0,0,0,0,0,0,0,0,0,1.84878,1.17557,0.00607972,0.000535894,-0.0005127,0.000473475,0.00218166,-0.00205284,0.00224738,0,0,0,0,0,0,0,0,0,0,0,0,0,0,0,0,0,0,0,0,0,0,0,0,0,0,0,0,0,0,0,0,0,0,0,0,0,0,0,0,0,0,0,0,0,0,0,0,0,0,0,0,1,0,0,0,0,0,0.9163,0.7335,3.1292,0,0,0,0,0,0,0,-0,0,1.40977,0,0,0,0,0,0,0,0,0,0,0,0,0,0,0,0,0,0,0,0,0,0,0,0,0
1.6,0,0,0,0,-0,0,3.0208,1.95904,-3.12311,4.88286e-06,-0.000135499,0.0002718,1.26027e-05,-0.000484428,0.00141045,0,0,0,0,0,0,0,0,0,0,0,0,0,0,0,0,0,0,0,0,0,0,0,0,0,0,0,0,0,0,0,0,0,0,0,0,0,0,0,0,1.84878,1.17557,0.00607972,0.000535894,-0.0005127,0.000473475,0.00218166,-0.00205284,0.00224738,0,0,0,0,0,0,0,0,0,0,0,0,0,0,0,0,0,0,0,0,0,0,0,0,0,0,0,0,0,0,0,0,0,0,0,0,0,0,0,0,0,0,0,0,0,0,0,0,0,0,0,0,1,0,0,0,0,0,0.9163,0.7335,3.1292,0,0,0,0,0,0,0,-0,0,1.40977,0,0,0,0,0,0,0,0,0,0,0,0,0,0,0,0,0,0,0,0,0,0,0,0,0
1.65,0,0,0,0,-0,0,3.0208,1.95903,-3.12309,-3.41929e-05,-8.05976e-05,0.000226585,-0.000148375,-6.33041e-05,0.00140508,0,0,0,0,0,0,0,0,0,0,0,0,0,0,0,0,0,0,0,0,0,0,0,0,0,0,0,0,0,0,0,0,0,0,0,0,0,0,0,0,1.84874,1.17561,0.00607467,-0.000476258,0.000367574,-5.05484e-05,-0.00214995,0.00189474,-0.000369291,0,0,0,0,0,0,0,0,0,0,0,0,0,0,0,0,0,0,0,0,0,0,0,0,0,0,0,0,0,0,0,0,0,0,0,0,0,0,0,0,0,0,0,0,0,0,0,0,0,0,0,0,1,0,0,0,0,0,0.9163,0.7335,3.1292,0,0,0,0,0,0,0,-0,0,1.40978,0,0,0,0,0,0,0,0,0,0,0,0,0,0,0,0,0,0,0,0,0,0,0,0,0
1.7,0,0,0,0,-0,0,3.0208,1.95904,-3.12312,-2.4415e-05,4.02848e-05,-0.000374332,-7.18495e-05,0.000501923,-0.00155788,0,0,0,0,0,0,0,0,0,0,0,0,0,0,0,0,0,0,0,0,0,0,0,0,0,0,0,0,0,0,0,0,0,0,0,0,0,0,0,0,1.84873,1.17563,0.00606304,-7.08036e-05,0.000180671,-0.000116285,-0.000257697,0.000925636,-0.000838649,0,0,0,0,0,0,0,0,0,0,0,0,0,0,0,0,0,0,0,0,0,0,0,0,0,0,0,0,0,0,0,0,0,0,0,0,0,0,0,0,0,0,0,0,0,0,0,0,0,0,0,0,1,0,0,0,0,0,0.9163,0.7335,3.1292,0,0,0,0,0,0,0,-0,0,1.40978,0,0,0,0,0,0,0,0,0,0,0,0,0,0,0,0,0,0,0,0,0,0,0,0,0
1.75,0,0,0,0,-0,0,3.0208,1.95904,-3.12312,-2.4415e-05,4.02848e-05,-0.000374332,-7.18495e-05,0.000501923,-0.00155788,0,0,0,0,0,0,0,0,0,0,0,0,0,0,0,0,0,0,0,0,0,0,0,0,0,0,0,0,0,0,0,0,0,0,0,0,0,0,0,0,1.84873,1.17563,0.00606304,-7.08036e-05,0.000180671,-0.000116285,-0.000257697,0.000925636,-0.000838649,0,0,0,0,0,0,0,0,0,0,0,0,0,0,0,0,0,0,0,0,0,0,0,0,0,0,0,0,0,0,0,0,0,0,0,0,0,0,0,0,0,0,0,0,0,0,0,0,0,0,0,0,1,0,0,0,0,0,0.8615,0.6786,3.0743,0,0,0,0,0,0,0,-0,0,1.40978,0,0,0,0,0,0,0,0,0,0,0,0,0,0,0,0,0,0,0,0,0,0,0,0,0
1.8,0,0,0,0,-0,0,3.02079,1.95904,-3.12308,-4.8828e-06,4.63866e-05,0.000402927,4.52747e-05,0.000402301,0.00176919,0,0,0,0,0,0,0,0,0,0,0,0,0,0,0,0,0,0,0,0,0,0,0,0,0,0,0,0,0,0,0,0,0,0,0,0,0,0,0,0,1.84878,1.17556,0.00606234,0.000534667,-0.000610351,-7.0082e-06,0.00252085,-0.00273622,-0.000130459,0,0,0,0,0,0,0,0,0,0,0,0,0,0,0,0,0,0,0,0,0,0,0,0,0,0,0,0,0,0,0,0,0,0,0,0,0,0,0,0,0,0,0,0,0,0,0,0,0,0,0,0,1,0,0,0,0,0,0.8615,0.6786,3.0743,0,0,0,0,0,0,0,-0,0,1.40977,0,0,0,0,0,0,0,0,0,0,0,0,0,0,0,0,0,0,0,0,0,0,0,0,0
1.85,0,0,0,0,-0,0,3.02079,1.95904,-3.12308,-4.8828e-06,4.63866e-05,0.000402927,4.52747e-05,0.000402301,0.00176919,0,0,0,0,0,0,0,0,0,0,0,0,0,0,0,0,0,0,0,0,0,0,0,0,0,0,0,0,0,0,0,0,0,0,0,0,0,0,0,0,1.84878,1.17556,0.00606234,0.000534667,-0.000610351,-7.0082e-06,0.00252085,-0.00273622,-0.000130459,0,0,0,0,0,0,0,0,0,0,0,0,0,0,0,0,0,0,0,0,0,0,0,0,0,0,0,0,0,0,0,0,0,0,0,0,0,0,0,0,0,0,0,0,0,0,0,0,0,0,0,0,1,0,0,0,0,0,0.8615,0.6786,3.0743,0,0,0,0,0,0,0,-0,0,1.40977,0,0,0,0,0,0,0,0,0,0,0,0,0,0,0,0,0,0,0,0,0,0,0,0,0
1.9,0,0,0,0,-0,0,3.0208,1.95906,-3.12306,5.85922e-05,0.000148922,0.000205035,0.000296668,0.000637775,0.000721815,0,0,0,0,0,0,0,0,0,0,0,0,0,0,0,0,0,0,0,0,0,0,0,0,0,0,0,0,0,0,0,0,0,0,0,0,0,0,0,0,1.8488,1.17556,0.0060483,0.000161128,-3.78408e-05,-0.000140384,0.000397041,0.000149143,-0.000515422,0,0,0,0,0,0,0,0,0,0,0,0,0,0,0,0,0,0,0,0,0,0,0,0,0,0,0,0,0,0,0,0,0,0,0,0,0,0,0,0,0,0,0,0,0,0,0,0,0,0,0,0,1,0,0,0,0,0,0.8615,0.6786,3.0743,0,0,0,0,0,0,0,-0,0,1.40977,0,0,0,0,0,0,0,0,0,0,0,0,0,0,0,0,0,0,0,0,0,0,0,0,0
1.95,0,0,0,0,-0,0,3.0208,1.95906,-3.12306,5.85922e-05,0.000148922,0.000205035,0.000296668,0.000637775,0.000721815,0,0,0,0,0,0,0,0,0,0,0,0,0,0,0,0,0,0,0,0,0,0,0,0,0,0,0,0,0,0,0,0,0,0,0,0,0,0,0,0,1.8488,1.17556,0.0060483,0.000161128,-3.78408e-05,-0.000140384,0.000397041,0.000149143,-0.000515422,0,0,0,0,0,0,0,0,0,0,0,0,0,0,0,0,0,0,0,0,0,0,0,0,0,0,0,0,0,0,0,0,0,0,0,0,0,0,0,0,0,0,0,0,0,0,0,0,0,0,0,0,1,0,0,0,0,0,0.8533,0.6704,3.0661,0,0,0,0,0,0,0,-0,0,1.40977,0,0,0,0,0,0,0,0,0,0,0,0,0,0,0,0,0,0,0,0,0,0,0,0,0
2,0,0,0,0,-0,0,3.02081,1.95908,-3.12308,9.27583e-05,0.000230675,-0.000171633,0.000348669,0.000741477,-0.00121346,0,0,0,0,0,0,0,0,0,0,0,0,0,0,0,0,0,0,0,0,0,0,0,0,0,0,0,0,0,0,0,0,0,0,0,0,0,0,0,0,1.84874,1.17563,0.0060428,-0.000580959,0.000729861,-5.50182e-05,-0.0030143,0.00354765,-2.04611e-05,0,0,0,0,0,0,0,0,0,0,0,0,0,0,0,0,0,0,0,0,0,0,0,0,0,0,0,0,0,0,0,0,0,0,0,0,0,0,0,0,0,0,0,0,0,0,0,0,0,0,0,0,1,0,0,0,0,0,0.8533,0.6704,3.0661,0,0,0,0,0,0,0,-0,0,1.4098,0,0,0,0,0,0,0,0,0,0,0,0,0,0,0,0,0,0,0,0,0,0,0,0,0
2.05,0,0,0,0,-0,0,3.02081,1.95908,-3.12308,9.27583e-05,0.000230675,-0.000171633,0.000348669,0.000741477,-0.00121346,0,0,0,0,0,0,0,0,0,0,0,0,0,0,0,0,0,0,0,0,0,0,0,0,0,0,0,0,0,0,0,0,0,0,0,0,0,0,0,0,1.84874,1.17563,0.0060428,-0.000580959,0.000729861,-5.50182e-05,-0.0030143,0.00354765,-2.04611e-05,0,0,0,0,0,0,0,0,0,0,0,0,0,0,0,0,0,0,0,0,0,0,0,0,0,0,0,0,0,0,0,0,0,0,0,0,0,0,0,0,0,0,0,0,0,0,0,0,0,0,0,0,1,0,0,0,0,0,0.8533,0.6704,3.0661,0,0,0,0,0,0,0,-0,0,1.4098,0,0,0,0,0,0,0,0,0,0,0,0,0,0,0,0,0,0,0,0,0,0,0,0,0
2.1,0,0,0,0,-0,0,3.02079,1.95907,-3.12308,-0.000161146,-9.15602e-05,-7.15314e-06,-0.000798194,-0.000828452,-0.000333163,0,0,0,0,0,0,0,0,0,0,0,0,0,0,0,0,0,0,0,0,0,0,0,0,0,0,0,0,0,0,0,0,0,0,0,0,0,0,0,0,1.84873,1.17565,0.00606666,-0.000126964,0.000142834,0.000238653,-0.000457128,0.000243993,0.00122815,0,0,0,0,0,0,0,0,0,0,0,0,0,0,0,0,0,0,0,0,0,0,0,0,0,0,0,0,0,0,0,0,0,0,0,0,0,0,0,0,0,0,0,0,0,0,0,0,0,0,0,0,1,0,0,0,0,0,0.8533,0.6704,3.0661,0,0,0,0,0,0,0,-0,0,1.40978,0,0,0,0,0,0,0,0,0,0,0,0,0,0,0,0,0,0,0,0,0,0,0,0,0
2.15,0,0,0,0,-0,0,3.02079,1.95907,-3.12308,-0.000161146,-9.15602e-05,-7.15314e-06,-0.000798194,-0.000828452,-0.000333163,0,0,0,0,0,0,0,0,0,0,0,0,0,0,0,0,0,0,0,0,0,0,0,0,0,0,0,0,0,0,0,0,0,0,0,0,0,0,0,0,1.84873,1.17565,0.00606666,-0.000126964,0.000142834,0.000238653,-0.000457128,0.000243993,0.00122815,0,0,0,0,0,0,0,0,0,0,0,0,0,0,0,0,0,0,0,0,0,0,0,0,0,0,0,0,0,0,0,0,0,0,0,0,0,0,0,0,0,0,0,0,0,0,0,0,0,0,0,0,1,0,0,0,0,0,0.8981,0.7151,3.1108,0,0,0,0,0,0,0,-0,0,1.40978,0,0,0,0,0,0,0,0,0,0,0,0,0,0,0,0,0,0,0,0,0,0,0,0,0
2.2,0,0,0,0,-0,0,3.02078,1.95906,-3.12313,-0.00010257,-0.000101349,-0.000448362,-0.000400439,-0.000749008,-0.00184382,0,0,0,0,0,0,0,0,0,0,0,0,0,0,0,0,0,0,0,0,0,0,0,0,0,0,0,0,0,0,0,0,0,0,0,0,0,0,0,0,1.84879,1.17556,0.00605031,0.000610537,-0.000852309,-0.000163501,0.00301825,-0.00427667,-0.000700404,0,0,0,0,0,0,0,0,0,0,0,0,0,0,0,0,0,0,0,0,0,0,0,0,0,0,0,0,0,0,0,0,0,0,0,0,0,0,0,0,0,0,0,0,0,0,0,0,0,0,0,0,1,0,0,0,0,0,0.8981,0.7151,3.1108,0,0,0,0,0,0,0,-0,0,1.40977,0,0,0,0,0,0,0,0,0,0,0,0,0,0,0,0,0,0,0,0,0,0,0,0,0
2.25,0,0,0,0,-0,0,3.02078,1.95906,-3.12313,-0.00010257,-0.000101349,-0.000448362,-0.000400439,-0.000749008,-0.00184382,0,0,0,0,0,0,0,0,0,0,0,0,0,0,0,0,0,0,0,0,0,0,0,0,0,0,0,0,0,0,0,0,0,0,0,0,0,0,0,0,1.84879,1.17556,0.00605031,0.000610537,-0.000852309,-0.000163501,0.00301825,-0.00427667,-0.000700404,0,0,0,0,0,0,0,0,0,0,0,0,0,0,0,0,0,0,0,0,0,0,0,0,0,0,0,0,0,0,0,0,0,0,0,0,0,0,0,0,0,0,0,0,0,0,0,0,0,0,0,0,1,0,0,0,0,0,0.8981,0.7151,3.1108,0,0,0,0,0,0,0,-0,0,1.40977,0,0,0,0,0,0,0,0,0,0,0,0,0,0,0,0,0,0,0,0,0,0,0,0,0
2.3,0,0,0,0,-0,0,3.0208,1.95906,-3.12305,0.000175781,3.66211e-06,0.000805855,0.000925541,-1.94792e-05,0.00369957,0,0,0,0,0,0,0,0,0,0,0,0,0,0,0,0,0,0,0,0,0,0,0,0,0,0,0,0,0,0,0,0,0,0,0,0,0,0,0,0,1.84874,1.17561,0.00606546,-0.000441894,0.00052246,0.000151451,-0.001922,0.00231267,0.000576727,0,0,0,0,0,0,0,0,0,0,0,0,0,0,0,0,0,0,0,0,0,0,0,0,0,0,0,0,0,0,0,0,0,0,0,0,0,0,0,0,0,0,0,0,0,0,0,0,0,0,0,0,1,0,0,0,0,0,0.8981,0.7151,3.1108,0,0,0,0,0,0,0,-0,0,1.40979,0,0,0,0,0,0,0,0,0,0,0,0,0,0,0,0,0,0,0,0,0,0,0,0,0
2.35,0,0,0,0,-0,0,3.0208,1.95906,-3.12305,0.000175781,3.66211e-06,0.000805855,0.000925541,-1.94792e-05,0.00369957,0,0,0,0,0,0,0,0,0,0,0,0,0,0,0,0,0,0,0,0,0,0,0,0,0,0,0,0,0,0,0,0,0,0,0,0,0,0,0,0,1.84874,1.17561,0.00606546,-0.000441894,0.00052246,0.000151451,-0.001922,0.00231267,0.000576727,0,0,0,0,0,0,0,0,0,0,0,0,0,0,0,0,0,0,0,0,0,0,0,0,0,0,0,0,0,0,0,0,0,0,0,0,0,0,0,0,0,0,0,0,0,0,0,0,0,0,0,0,1,0,0,0,0,0,0.8399,0.6569,3.0526,0,0,0,0,0,0,0,-0,0,1.40979,0,0,0,0,0,0,0,0,0,0,0,0,0,0,0,0,0,0,0,0,0,0,0,0,0
2.4,0,0,0,0,-0,0,3.0208,1.95909,-3.12307,-9.76764e-06,0.000258842,-0.000243237,-6.17391e-06,0.00110669,-0.00122014,0,0,0,0,0,0,0,0,0,0,0,0,0,0,0,0,0,0,0,0,0,0,0,0,0,0,0,0,0,0,0,0,0,0,0,0,0,0,0,0,1.84872,1.17564,0.00622009,-0.000271052,0.000229539,0.00154658,-0.00114016,0.00111021,0.00609356,0,0,0,0,0,0,0,0,0,0,0,0,0,0,0,0,0,0,0,0,0,0,0,0,0,0,0,0,0,0,0,0,0,0,0,0,0,0,0,0,0,0,0,0,0,0,0,0,0,0,0,0,1,0,0,0,0,0,0.8399,0.6569,3.0526,0,0,0,0,0,0,0,-0,0,1.40981,0,0,0,0,0,0,0,0,0,0,0,0,0,0,0,0,0,0,0,0,0,0,0,0,0
2.45,0,0,0,0,-0,0,3.0208,1.95909,-3.12307,-9.76764e-06,0.000258842,-0.000243237,-6.17391e-06,0.00110669,-0.00122014,0,0,0,0,0,0,0,0,0,0,0,0,0,0,0,0,0,0,0,0,0,0,0,0,0,0,0,0,0,0,0,0,0,0,0,0,0,0,0,0,1.84872,1.17564,0.00622009,-0.000271052,0.000229539,0.00154658,-0.00114016,0.00111021,0.00609356,0,0,0,0,0,0,0,0,0,0,0,0,0,0,0,0,0,0,0,0,0,0,0,0,0,0,0,0,0,0,0,0,0,0,0,0,0,0,0,0,0,0,0,0,0,0,0,0,0,0,0,0,1,0,0,0,0,0,0.8399,0.6569,3.0526,0,0,0,0,0,0,0,-0,0,1.40981,0,0,0,0,0,0,0,0,0,0,0,0,0,0,0,0,0,0,0,0,0,0,0,0,0
2.5,0,0,0,0,-0,0,3.0208,1.95908,-3.12305,-1.22087e-05,-3.29635e-05,0.000219375,-0.00013957,-0.000348901,0.000449821,0,0,0,0,0,0,0,0,0,0,0,0,0,0,0,0,0,0,0,0,0,0,0,0,0,0,0,0,0,0,0,0,0,0,0,0,0,0,0,0,1.84874,1.17563,0.0060709,0.000217315,-5.49392e-05,-0.00149208,0.00137243,-0.000632689,-0.00773517,0,0,0,0,0,0,0,0,0,0,0,0,0,0,0,0,0,0,0,0,0,0,0,0,0,0,0,0,0,0,0,0,0,0,0,0,0,0,0,0,0,0,0,0,0,0,0,0,0,0,0,0,1,0,0,0,0,0,0.8399,0.6569,3.0526,0,0,0,0,0,0,0,-0,0,1.40979,0,0,0,0,0,0,0,0,0,0,0,0,0,0,0,0,0,0,0,0,0,0,0,0,0
2.55,0,0,0,0,-0,0,3.0208,1.95908,-3.12305,-1.22087e-05,-3.29635e-05,0.000219375,-0.00013957,-0.000348901,0.000449821,0,0,0,0,0,0,0,0,0,0,0,0,0,0,0,0,0,0,0,0,0,0,0,0,0,0,0,0,0,0,0,0,0,0,0,0,0,0,0,0,1.84874,1.17563,0.0060709,0.000217315,-5.49392e-05,-0.00149208,0.00137243,-0.000632689,-0.00773517,0,0,0,0,0,0,0,0,0,0,0,0,0,0,0,0,0,0,0,0,0,0,0,0,0,0,0,0,0,0,0,0,0,0,0,0,0,0,0,0,0,0,0,0,0,0,0,0,0,0,0,0,1,0,0,0,0,0,0.9164,0.7333,3.1291,0,0,0,0,0,0,0,-0,0,1.40979,0,0,0,0,0,0,0,0,0,0,0,0,0,0,0,0,0,0,0,0,0,0,0,0,0
2.6,0,0,0,0,-0,0,3.0208,1.95903,-3.12309,-3.17368e-05,-0.000511451,-0.000460127,-0.000179898,-0.00231851,-0.00221893,0,0,0,0,0,0,0,0,0,0,0,0,0,0,0,0,0,0,0,0,0,0,0,0,0,0,0,0,0,0,0,0,0,0,0,0,0,0,0,0,1.84871,1.17562,0.0060794,-0.00024413,-0.000136713,8.50492e-05,-0.000679551,-0.000942621,-0.000215191,0,0,0,0,0,0,0,0,0,0,0,0,0,0,0,0,0,0,0,0,0,0,0,0,0,0,0,0,0,0,0,0,0,0,0,0,0,0,0,0,0,0,0,0,0,0,0,0,0,0,0,0,1,0,0,0,0,0,0.9164,0.7333,3.1291,0,0,0,0,0,0,0,-0,0,1.40979,0,0,0,0,0,0,0,0,0,0,0,0,0,0,0,0,0,0,0,0,0,0,0,0,0
2.65,0,0,0,0,-0,0,3.0208,1.95903,-3.12309,-3.17368e-05,-0.000511451,-0.000460127,-0.000179898,-0.00231851,-0.00221893,0,0,0,0,0,0,0,0,0,0,0,0,0,0,0,0,0,0,0,0,0,0,0,0,0,0,0,0,0,0,0,0,0,0,0,0,0,0,0,0,1.84871,1.17562,0.0060794,-0.00024413,-0.000136713,8.50492e-05,-0.000679551,-0.000942621,-0.000215191,0,0,0,0,0,0,0,0,0,0,0,0,0,0,0,0,0,0,0,0,0,0,0,0,0,0,0,0,0,0,0,0,0,0,0,0,0,0,0,0,0,0,0,0,0,0,0,0,0,0,0,0,1,0,0,0,0,0,0.9164,0.7333,3.1291,0,0,0,0,0,0,0,-0,0,1.40979,0,0,0,0,0,0,0,0,0,0,0,0,0,0,0,0,0,0,0,0,0,0,0,0,0
2.7,0,0,0,0,-0,0,3.0208,1.95903,-3.12307,4.88418e-06,-5.00628e-05,0.000221791,3.2858e-05,0.000185004,0.00103126,0,0,0,0,0,0,0,0,0,0,0,0,0,0,0,0,0,0,0,0,0,0,0,0,0,0,0,0,0,0,0,0,0,0,0,0,0,0,0,0,1.84873,1.1756,0.00604943,0.000144083,-0.000188041,-0.000299811,0.000865467,-0.000812983,-0.000649056,0,0,0,0,0,0,0,0,0,0,0,0,0,0,0,0,0,0,0,0,0,0,0,0,0,0,0,0,0,0,0,0,0,0,0,0,0,0,0,0,0,0,0,0,0,0,0,0,0,0,0,0,1,0,0,0,0,0,0.9164,0.7333,3.1291,0,0,0,0,0,0,0,-0,0,1.40979,0,0,0,0,0,0,0,0,0,0,0,0,0,0,0,0,0,0,0,0,0,0,0,0,0
2.75,0,0,0,0,-0,0,3.0208,1.95903,-3.12307,4.88418e-06,-5.00628e-05,0.000221791,3.2858e-05,0.000185004,0.00103126,0,0,0,0,0,0,0,0,0,0,0,0,0,0,0,0,0,0,0,0,0,0,0,0,0,0,0,0,0,0,0,0,0,0,0,0,0,0,0,0,1.84873,1.1756,0.00604943,0.000144083,-0.000188041,-0.000299811,0.000865467,-0.000812983,-0.000649056,0,0,0,0,0,0,0,0,0,0,0,0,0,0,0,0,0,0,0,0,0,0,0,0,0,0,0,0,0,0,0,0,0,0,0,0,0,0,0,0,0,0,0,0,0,0,0,0,0,0,0,0,1,0,0,0,0,0,0.9081,0.7251,3.1209,0,0,0,0,0,0,0,-0,0,1.40979,0,0,0,0,0,0,0,0,0,0,0,0,0,0,0,0,0,0,0,0,0,0,0,0,0
2.8,0,0,0,0,-0,0,3.0208,1.959,-3.1231,2.44152e-06,-0.000253918,-0.00030519,3.87677e-05,-0.000364673,-0.00104639,0,0,0,0,0,0,0,0,0,0,0,0,0,0,0,0,0,0,0,0,0,0,0,0,0,0,0,0,0,0,0,0,0,0,0,0,0,0,0,0,1.84873,1.17558,0.00608165,-3.05188e-05,-0.000239268,0.000322181,3.12286e-05,-0.000675453,0.00203664,0,0,0,0,0,0,0,0,0,0,0,0,0,0,0,0,0,0,0,0,0,0,0,0,0,0,0,0,0,0,0,0,0,0,0,0,0,0,0,0,0,0,0,0,0,0,0,0,0,0,0,0,1,0,0,0,0,0,0.9081,0.7251,3.1209,0,0,0,0,0,0,0,-0,0,1.40979,0,0,0,0,0,0,0,0,0,0,0,0,0,0,0,0,0,0,0,0,0,0,0,0,0
2.85,0,0,0,0,-0,0,3.0208,1.959,-3.1231,2.44152e-06,-0.000253918,-0.00030519,3.87677e-05,-0.000364673,-0.00104639,0,0,0,0,0,0,0,0,0,0,0,0,0,0,0,0,0,0,0,0,0,0,0,0,0,0,0,0,0,0,0,0,0,0,0,0,0,0,0,0,1.84873,1.17558,0.00608165,-3.05188e-05,-0.000239268,0.000322181,3.12286e-05,-0.000675453,0.00203664,0,0,0,0,0,0,0,0,0,0,0,0,0,0,0,0,0,0,0,0,0,0,0,0,0,0,0,0,0,0,0,0,0,0,0,0,0,0,0,0,0,0,0,0,0,0,0,0,0,0,0,0,1,0,0,0,0,0,0.9081,0.7251,3.1209,0,0,0,0,0,0,0,-0,0,1.40979,0,0,0,0,0,0,0,0,0,0,0,0,0,0,0,0,0,0,0,0,0,0,0,0,0
2.9,0,0,0,0,-0,0,3.0208,1.95899,-3.12306,2.19671e-05,-0.000142786,0.000429044,0.0001021,0.000150675,0.00202436,0,0,0,0,0,0,0,0,0,0,0,0,0,0,0,0,0,0,0,0,0,0,0,0,0,0,0,0,0,0,0,0,0,0,0,0,0,0,0,0,1.84873,1.17559,0.00607369,7.81053e-05,0.000186721,-7.95894e-05,0.000339856,0.00131527,-1.89788e-05,0,0,0,0,0,0,0,0,0,0,0,0,0,0,0,0,0,0,0,0,0,0,0,0,0,0,0,0,0,0,0,0,0,0,0,0,0,0,0,0,0,0,0,0,0,0,0,0,0,0,0,0,1,0,0,0,0,0,0.9081,0.7251,3.1209,0,0,0,0,0,0,0,-0,0,1.40977,0,0,0,0,0,0,0,0,0,0,0,0,0,0,0,0,0,0,0,0,0,0,0,0,0
2.95,0,0,0,0,-0,0,3.0208,1.95899,-3.12306,2.19671e-05,-0.000142786,0.000429044,0.0001021,0.000150675,0.00202436,0,0,0,0,0,0,0,0,0,0,0,0,0,0,0,0,0,0,0,0,0,0,0,0,0,0,0,0,0,0,0,0,0,0,0,0,0,0,0,0,1.84873,1.17559,0.00607369,7.81053e-05,0.000186721,-7.95894e-05,0.000339856,0.00131527,-1.89788e-05,0,0,0,0,0,0,0,0,0,0,0,0,0,0,0,0,0,0,0,0,0,0,0,0,0,0,0,0,0,0,0,0,0,0,0,0,0,0,0,0,0,0,0,0,0,0,0,0,0,0,0,0,1,0,0,0,0,0,0.9142,0.7311,3.1269,0,0,0,0,0,0,0,-0,0,1.40977,0,0,0,0,0,0,0,0,0,0,0,0,0,0,0,0,0,0,0,0,0,0,0,0,0
3,0,0,0,0,-0,0,3.0208,1.95902,-3.1231,2.929e-05,0.000375888,-0.000378996,9.91187e-05,0.00223284,-0.00159817,0,0,0,0,0,0,0,0,0,0,0,0,0,0,0,0,0,0,0,0,0,0,0,0,0,0,0,0,0,0,0,0,0,0,0,0,0,0,0,0,1.84874,1.17561,0.00606992,5.73596e-05,0.000125703,-3.76585e-05,0.000162867,0.000815118,-0.000121988,0,0,0,0,0,0,0,0,0,0,0,0,0,0,0,0,0,0,0,0,0,0,0,0,0,0,0,0,0,0,0,0,0,0,0,0,0,0,0,0,0,0,0,0,0,0,0,0,0,0,0,0,1,0,0,0,0,0,0.9142,0.7311,3.1269,0,0,0,0,0,0,0,-0,0,1.40978,0,0,0,0,0,0,0,0,0,0,0,0,0,0,0,0,0,0,0,0,0,0,0,0,0
3.05,0,0,0,0,-0,0,3.0208,1.95902,-3.1231,2.929e-05,0.000375888,-0.000378996,9.91187e-05,0.00223284,-0.00159817,0,0,0,0,0,0,0,0,0,0,0,0,0,0,0,0,0,0,0,0,0,0,0,0,0,0,0,0,0,0,0,0,0,0,0,0,0,0,0,0,1.84874,1.17561,0.00606992,5.73596e-05,0.000125703,-3.76585e-05,0.000162867,0.000815118,-0.000121988,0,0,0,0,0,0,0,0,0,0,0,0,0,0,0,0,0,0,0,0,0,0,0,0,0,0,0,0,0,0,0,0,0,0,0,0,0,0,0,0,0,0,0,0,0,0,0,0,0,0,0,0,1,0,0,0,0,0,0.9142,0.7311,3.1269,0,0,0,0,0,0,0,-0,0,1.40978,0,0,0,0,0,0,0,0,0,0,0,0,0,0,0,0,0,0,0,0,0,0,0,0,0
3.1,0,0,0,0,-0,0,3.0208,1.95906,-3.12307,1.46529e-05,0.000337017,0.000274265,6.05013e-07,0.00146673,0.00116079,0,0,0,0,0,0,0,0,0,0,0,0,0,0,0,0,0,0,0,0,0,0,0,0,0,0,0,0,0,0,0,0,0,0,0,0,0,0,0,0,1.84874,1.17561,0.00608471,-8.54752e-06,1.95372e-05,0.000147944,-0.000189532,-2.53085e-06,0.000654433,0,0,0,0,0,0,0,0,0,0,0,0,0,0,0,0,0,0,0,0,0,0,0,0,0,0,0,0,0,0,0,0,0,0,0,0,0,0,0,0,0,0,0,0,0,0,0,0,0,0,0,0,1,0,0,0,0,0,0.9142,0.7311,3.1269,0,0,0,0,0,0,0,-0,0,1.4098,0,0,0,0,0,0,0,0,0,0,0,0,0,0,0,0,0,0,0,0,0,0,0,0,0
3.15,0,0,0,0,-0,0,3.0208,1.95906,-3.12307,1.46529e-05,0.000337017,0.000274265,6.05013e-07,0.00146673,0.00116079,0,0,0,0,0,0,0,0,0,0,0,0,0,0,0,0,0,0,0,0,0,0,0,0,0,0,0,0,0,0,0,0,0,0,0,0,0,0,0,0,1.84874,1.17561,0.00608471,-8.54752e-06,1.95372e-05,0.000147944,-0.000189532,-2.53085e-06,0.000654433,0,0,0,0,0,0,0,0,0,0,0,0,0,0,0,0,0,0,0,0,0,0,0,0,0,0,0,0,0,0,0,0,0,0,0,0,0,0,0,0,0,0,0,0,0,0,0,0,0,0,0,0,1,0,0,0,0,0,0.9164,0.7334,3.1292,0,0,0,0,0,0,0,-0,0,1.4098,0,0,0,0,0,0,0,0,0,0,0,0,0,0,0,0,0,0,0,0,0,0,0,0,0
3.2,0,0,0,0,-0,0,3.02082,1.95906,-3.12306,0.000151449,7.0839e-05,0.000104961,0.000533595,-0.000286187,0.000394096,0,0,0,0,0,0,0,0,0,0,0,0,0,0,0,0,0,0,0,0,0,0,0,0,0,0,0,0,0,0,0,0,0,0,0,0,0,0,0,0,1.84881,1.17555,0.00605615,0.000720603,-0.00062778,-0.000285749,0.00275175,-0.00269845,-0.00123465,0,0,0,0,0,0,0,0,0,0,0,0,0,0,0,0,0,0,0,0,0,0,0,0,0,0,0,0,0,0,0,0,0,0,0,0,0,0,0,0,0,0,0,0,0,0,0,0,0,0,0,0,1,0,0,0,0,0,0.9164,0.7334,3.1292,0,0,0,0,0,0,0,-0,0,1.40979,0,0,0,0,0,0,0,0,0,0,0,0,0,0,0,0,0,0,0,0,0,0,0,0,0
3.25,0,0,0,0,-0,0,3.02082,1.95906,-3.12306,0.000151449,7.0839e-05,0.000104961,0.000533595,-0.000286187,0.000394096,0,0,0,0,0,0,0,0,0,0,0,0,0,0,0,0,0,0,0,0,0,0,0,0,0,0,0,0,0,0,0,0,0,0,0,0,0,0,0,0,1.84881,1.17555,0.00605615,0.000720603,-0.00062778,-0.000285749,0.00275175,-0.00269845,-0.00123465,0,0,0,0,0,0,0,0,0,0,0,0,0,0,0,0,0,0,0,0,0,0,0,0,0,0,0,0,0,0,0,0,0,0,0,0,0,0,0,0,0,0,0,0,0,0,0,0,0,0,0,0,1,0,0,0,0,0,0.9164,0.7334,3.1292,0,0,0,0,0,0,0,-0,0,1.40979,0,0,0,0,0,0,0,0,0,0,0,0,0,0,0,0,0,0,0,0,0,0,0,0,0
3.3,0,0,0,0,-0,0,3.02081,1.95904,-3.12301,-4.63731e-05,-0.000214781,0.000462397,-0.000397681,-0.00155044,0.00156128,0,0,0,0,0,0,0,0,0,0,0,0,0,0,0,0,0,0,0,0,0,0,0,0,0,0,0,0,0,0,0,0,0,0,0,0,0,0,0,0,1.84874,1.1756,0.00608997,-0.000709021,0.00053085,0.000338083,-0.00366101,0.0026435,0.0014952,0,0,0,0,0,0,0,0,0,0,0,0,0,0,0,0,0,0,0,0,0,0,0,0,0,0,0,0,0,0,0,0,0,0,0,0,0,0,0,0,0,0,0,0,0,0,0,0,0,0,0,0,1,0,0,0,0,0,0.9164,0.7334,3.1292,0,0,0,0,0,0,0,-0,0,1.4098,0,0,0,0,0,0,0,0,0,0,0,0,0,0,0,0,0,0,0,0,0,0,0,0,0
3.35,0,0,0,0,-0,0,3.02081,1.95904,-3.12301,-4.63731e-05,-0.000214781,0.000462397,-0.000397681,-0.00155044,0.00156128,0,0,0,0,0,0,0,0,0,0,0,0,0,0,0,0,0,0,0,0,0,0,0,0,0,0,0,0,0,0,0,0,0,0,0,0,0,0,0,0,1.84874,1.1756,0.00608997,-0.000709021,0.00053085,0.000338083,-0.00366101,0.0026435,0.0014952,0,0,0,0,0,0,0,0,0,0,0,0,0,0,0,0,0,0,0,0,0,0,0,0,0,0,0,0,0,0,0,0,0,0,0,0,0,0,0,0,0,0,0,0,0,0,0,0,0,0,0,0,1,0,0,0,0,0,0.8688,0.6857,3.0815,0,0,0,0,0,0,0,-0,0,1.4098,0,0,0,0,0,0,0,0,0,0,0,0,0,0,0,0,0,0,0,0,0,0,0,0,0
3.4,0,0,0,0,-0,0,3.02081,1.95906,-3.12302,-1.46553e-05,0.000135561,-4.055e-05,-0.000238134,0.000297891,-0.000914792,0,0,0,0,0,0,0,0,0,0,0,0,0,0,0,0,0,0,0,0,0,0,0,0,0,0,0,0,0,0,0,0,0,0,0,0,0,0,0,0,1.84872,1.17563,0.00606214,-0.000155101,0.000276007,-0.000278385,-0.000852488,0.00129172,-0.00119612,0,0,0,0,0,0,0,0,0,0,0,0,0,0,0,0,0,0,0,0,0,0,0,0,0,0,0,0,0,0,0,0,0,0,0,0,0,0,0,0,0,0,0,0,0,0,0,0,0,0,0,0,1,0,0,0,0,0,0.8688,0.6857,3.0815,0,0,0,0,0,0,0,-0,0,1.40981,0,0,0,0,0,0,0,0,0,0,0,0,0,0,0,0,0,0,0,0,0,0,0,0,0
3.45,0,0,0,0,-0,0,3.02081,1.95906,-3.12302,-1.46553e-05,0.000135561,-4.055e-05,-0.000238134,0.000297891,-0.000914792,0,0,0,0,0,0,0,0,0,0,0,0,0,0,0,0,0,0,0,0,0,0,0,0,0,0,0,0,0,0,0,0,0,0,0,0,0,0,0,0,1.84872,1.17563,0.00606214,-0.000155101,0.000276007,-0.000278385,-0.000852488,0.00129172,-0.00119612,0,0,0,0,0,0,0,0,0,0,0,0,0,0,0,0,0,0,0,0,0,0,0,0,0,0,0,0,0,0,0,0,0,0,0,0,0,0,0,0,0,0,0,0,0,0,0,0,0,0,0,0,1,0,0,0,0,0,0.8688,0.6857,3.0815,0,0,0,0,0,0,0,-0,0,1.40981,0,0,0,0,0,0,0,0,0,0,0,0,0,0,0,0,0,0,0,0,0,0,0,0,0
3.5,0,0,0,0,-0,0,3.0208,1.95904,-3.12296,-0.000144031,-0.000174546,0.000591228,-0.000638384,-0.000809959,0.00164013,0,0,0,0,0,0,0,0,0,0,0,0,0,0,0,0,0,0,0,0,0,0,0,0,0,0,0,0,0,0,0,0,0,0,0,0,0,0,0,0,1.84874,1.17562,0.00606996,0.000153795,-9.39861e-05,7.81406e-05,0.00110214,-0.000885239,0.000341813,0,0,0,0,0,0,0,0,0,0,0,0,0,0,0,0,0,0,0,0,0,0,0,0,0,0,0,0,0,0,0,0,0,0,0,0,0,0,0,0,0,0,0,0,0,0,0,0,0,0,0,0,1,0,0,0,0,0,0.8688,0.6857,3.0815,0,0,0,0,0,0,0,-0,0,1.40978,0,0,0,0,0,0,0,0,0,0,0,0,0,0,0,0,0,0,0,0,0,0,0,0,0
3.55,0,0,0,0,-0,0,3.0208,1.95904,-3.12296,-0.000144031,-0.000174546,0.000591228,-0.000638384,-0.000809959,0.00164013,0,0,0,0,0,0,0,0,0,0,0,0,0,0,0,0,0,0,0,0,0,0,0,0,0,0,0,0,0,0,0,0,0,0,0,0,0,0,0,0,1.84874,1.17562,0.00606996,0.000153795,-9.39861e-05,7.81406e-05,0.00110214,-0.000885239,0.000341813,0,0,0,0,0,0,0,0,0,0,0,0,0,0,0,0,0,0,0,0,0,0,0,0,0,0,0,0,0,0,0,0,0,0,0,0,0,0,0,0,0,0,0,0,0,0,0,0,0,0,0,0,1,0,0,0,0,0,0.9722,0.789,3.1848,0,0,0,0,0,0,0,-0,0,1.40978,0,0,0,0,0,0,0,0,0,0,0,0,0,0,0,0,0,0,0,0,0,0,0,0,0
3.6,0,0,0,0,-0,0,3.02079,1.95904,-3.12299,-7.32213e-05,-4.88142e-06,-0.000286021,-0.000154481,4.1713e-05,-0.00217497,0,0,0,0,0,0,0,0,0,0,0,0,0,0,0,0,0,0,0,0,0,0,0,0,0,0,0,0,0,0,0,0,0,0,0,0,0,0,0,0,1.84874,1.17562,0.00612427,2.56275e-05,4.88142e-06,0.000542955,0.000414214,-0.000431203,0.00227084,0,0,0,0,0,0,0,0,0,0,0,0,0,0,0,0,0,0,0,0,0,0,0,0,0,0,0,0,0,0,0,0,0,0,0,0,0,0,0,0,0,0,0,0,0,0,0,0,0,0,0,0,1,0,0,0,0,0,0.9722,0.789,3.1848,0,0,0,0,0,0,0,-0,0,1.40977,0,0,0,0,0,0,0,0,0,0,0,0,0,0,0,0,0,0,0,0,0,0,0,0,0
3.65,0,0,0,0,-0,0,3.02079,1.95904,-3.12299,-7.32213e-05,-4.88142e-06,-0.000286021,-0.000154481,4.1713e-05,-0.00217497,0,0,0,0,0,0,0,0,0,0,0,0,0,0,0,0,0,0,0,0,0,0,0,0,0,0,0,0,0,0,0,0,0,0,0,0,0,0,0,0,1.84874,1.17562,0.00612427,2.56275e-05,4.88142e-06,0.000542955,0.000414214,-0.000431203,0.00227084,0,0,0,0,0,0,0,0,0,0,0,0,0,0,0,0,0,0,0,0,0,0,0,0,0,0,0,0,0,0,0,0,0,0,0,0,0,0,0,0,0,0,0,0,0,0,0,0,0,0,0,0,1,0,0,0,0,0,0.9722,0.789,3.1848,0,0,0,0,0,0,0,-0,0,1.40977,0,0,0,0,0,0,0,0,0,0,0,0,0,0,0,0,0,0,0,0,0,0,0,0,0
3.7,0,0,0,0,-0,0,3.02079,1.95904,-3.12305,0,2.93097e-05,-0.000613004,0.000265342,0.000276814,-0.00312661,0,0,0,0,0,0,0,0,0,0,0,0,0,0,0,0,0,0,0,0,0,0,0,0,0,0,0,0,0,0,0,0,0,0,0,0,0,0,0,0,1.84873,1.17561,0.00606313,-9.52566e-05,-9.7699e-05,-0.000611658,-0.00032739,-0.000607345,-0.00298934,0,0,0,0,0,0,0,0,0,0,0,0,0,0,0,0,0,0,0,0,0,0,0,0,0,0,0,0,0,0,0,0,0,0,0,0,0,0,0,0,0,0,0,0,0,0,0,0,0,0,0,0,1,0,0,0,0,0,0.9722,0.789,3.1848,0,0,0,0,0,0,0,-0,0,1.40978,0,0,0,0,0,0,0,0,0,0,0,0,0,0,0,0,0,0,0,0,0,0,0,0,0
3.75,0,0,0,0,-0,0,3.02079,1.95904,-3.12305,0,2.93097e-05,-0.000613004,0.000265342,0.000276814,-0.00312661,0,0,0,0,0,0,0,0,0,0,0,0,0,0,0,0,0,0,0,0,0,0,0,0,0,0,0,0,0,0,0,0,0,0,0,0,0,0,0,0,1.84873,1.17561,0.00606313,-9.52566e-05,-9.7699e-05,-0.000611658,-0.00032739,-0.000607345,-0.00298934,0,0,0,0,0,0,0,0,0,0,0,0,0,0,0,0,0,0,0,0,0,0,0,0,0,0,0,0,0,0,0,0,0,0,0,0,0,0,0,0,0,0,0,0,0,0,0,0,0,0,0,0,1,0,0,0,0,0,0.9561,0.7731,3.1688,0,0,0,0,0,0,0,-0,0,1.40978,0,0,0,0,0,0,0,0,0,0,0,0,0,0,0,0,0,0,0,0,0,0,0,0,0
3.8,0,0,0,0,-0,0,3.0208,1.95906,-3.12305,9.27785e-05,0.000187999,-2.86118e-05,0.000586806,0.000832137,0.000327775,0,0,0,0,0,0,0,0,0,0,0,0,0,0,0,0,0,0,0,0,0,0,0,0,0,0,0,0,0,0,0,0,0,0,0,0,0,0,0,0,1.84873,1.17561,0.00603196,7.32462e-06,-2.44154e-06,-0.000311731,0.000112824,-8.03819e-06,-0.00130914,0,0,0,0,0,0,0,0,0,0,0,0,0,0,0,0,0,0,0,0,0,0,0,0,0,0,0,0,0,0,0,0,0,0,0,0,0,0,0,0,0,0,0,0,0,0,0,0,0,0,0,0,1,0,0,0,0,0,0.9561,0.7731,3.1688,0,0,0,0,0,0,0,-0,0,1.4098,0,0,0,0,0,0,0,0,0,0,0,0,0,0,0,0,0,0,0,0,0,0,0,0,0
3.85,0,0,0,0,-0,0,3.0208,1.95906,-3.12305,9.27785e-05,0.000187999,-2.86118e-05,0.000586806,0.000832137,0.000327775,0,0,0,0,0,0,0,0,0,0,0,0,0,0,0,0,0,0,0,0,0,0,0,0,0,0,0,0,0,0,0,0,0,0,0,0,0,0,0,0,1.84873,1.17561,0.00603196,7.32462e-06,-2.44154e-06,-0.000311731,0.000112824,-8.03819e-06,-0.00130914,0,0,0,0,0,0,0,0,0,0,0,0,0,0,0,0,0,0,0,0,0,0,0,0,0,0,0,0,0,0,0,0,0,0,0,0,0,0,0,0,0,0,0,0,0,0,0,0,0,0,0,0,1,0,0,0,0,0,0.9561,0.7731,3.1688,0,0,0,0,0,0,0,-0,0,1.4098,0,0,0,0,0,0,0,0,0,0,0,0,0,0,0,0,0,0,0,0,0,0,0,0,0
3.9,0,0,0,0,-0,0,3.0208,1.95905,-3.12303,3.41805e-05,-6.59196e-05,0.000243193,0.000161708,-0.000439762,0.00175016,0,0,0,0,0,0,0,0,0,0,0,0,0,0,0,0,0,0,0,0,0,0,0,0,0,0,0,0,0,0,0,0,0,0,0,0,0,0,0,0,1.84874,1.17561,0.00604828,4.76086e-05,2.92976e-05,0.000163186,0.000288328,0.000203158,0.00133921,0,0,0,0,0,0,0,0,0,0,0,0,0,0,0,0,0,0,0,0,0,0,0,0,0,0,0,0,0,0,0,0,0,0,0,0,0,0,0,0,0,0,0,0,0,0,0,0,0,0,0,0,1,0,0,0,0,0,0.9561,0.7731,3.1688,0,0,0,0,0,0,0,-0,0,1.40979,0,0,0,0,0,0,0,0,0,0,0,0,0,0,0,0,0,0,0,0,0,0,0,0,0
3.95,0,0,0,0,-0,0,3.0208,1.95905,-3.12303,3.41805e-05,-6.59196e-05,0.000243193,0.000161708,-0.000439762,0.00175016,0,0,0,0,0,0,0,0,0,0,0,0,0,0,0,0,0,0,0,0,0,0,0,0,0,0,0,0,0,0,0,0,0,0,0,0,0,0,0,0,1.84874,1.17561,0.00604828,4.76086e-05,2.92976e-05,0.000163186,0.000288328,0.000203158,0.00133921,0,0,0,0,0,0,0,0,0,0,0,0,0,0,0,0,0,0,0,0,0,0,0,0,0,0,0,0,0,0,0,0,0,0,0,0,0,0,0,0,0,0,0,0,0,0,0,0,0,0,0,0,1,0,0,0,0,0,0.9974,0.8143,3.21,0,0,0,0,0,0,0,-0,0,1.40979,0,0,0,0,0,0,0,0,0,0,0,0,0,0,0,0,0,0,0,0,0,0,0,0,0
4,0,0,0,0,-0,0,3.0208,1.95905,-3.12304,7.32409e-06,7.32409e-06,-9.53657e-05,-6.77531e-05,-0.00014353,-0.000109438,0,0,0,0,0,0,0,0,0,0,0,0,0,0,0,0,0,0,0,0,0,0,0,0,0,0,0,0,0,0,0,0,0,0,0,0,0,0,0,0,1.84874,1.17561,0.00607574,3.05169e-05,2.68549e-05,0.000274655,0.000128581,0.000140807,0.00160796,0,0,0,0,0,0,0,0,0,0,0,0,0,0,0,0,0,0,0,0,0,0,0,0,0,0,0,0,0,0,0,0,0,0,0,0,0,0,0,0,0,0,0,0,0,0,0,0,0,0,0,0,1,0,0,0,0,0,0.9974,0.8143,3.21,0,0,0,0,0,0,0,-0,0,1.40979,0,0,0,0,0,0,0,0,0,0,0,0,0,0,0,0,0,0,0,0,0,0,0,0,0
4.05,0,0,0,0,-0,0,3.0208,1.95905,-3.12304,7.32409e-06,7.32409e-06,-9.53657e-05,-6.77531e-05,-0.00014353,-0.000109438,0,0,0,0,0,0,0,0,0,0,0,0,0,0,0,0,0,0,0,0,0,0,0,0,0,0,0,0,0,0,0,0,0,0,0,0,0,0,0,0,1.84874,1.17561,0.00607574,3.05169e-05,2.68549e-05,0.000274655,0.000128581,0.000140807,0.00160796,0,0,0,0,0,0,0,0,0,0,0,0,0,0,0,0,0,0,0,0,0,0,0,0,0,0,0,0,0,0,0,0,0,0,0,0,0,0,0,0,0,0,0,0,0,0,0,0,0,0,0,0,1,0,0,0,0,0,0.9974,0.8143,3.21,0,0,0,0,0,0,0,-0,0,1.40979,0,0,0,0,0,0,0,0,0,0,0,0,0,0,0,0,0,0,0,0,0,0,0,0,0
4.1,0,0,0,0,-0,0,3.02081,1.95903,-3.12301,8.54049e-05,-0.000208632,0.00022638,0.000240298,-0.000909056,0.00096832,0,0,0,0,0,0,0,0,0,0,0,0,0,0,0,0,0,0,0,0,0,0,0,0,0,0,0,0,0,0,0,0,0,0,0,0,0,0,0,0,1.84872,1.17562,0.00624596,-0.000247675,1.7081e-05,0.00170133,-0.00105609,3.70511e-05,0.00670296,0,0,0,0,0,0,0,0,0,0,0,0,0,0,0,0,0,0,0,0,0,0,0,0,0,0,0,0,0,0,0,0,0,0,0,0,0,0,0,0,0,0,0,0,0,0,0,0,0,0,0,0,1,0,0,0,0,0,0.9974,0.8143,3.21,0,0,0,0,0,0,0,-0,0,1.40981,0,0,0,0,0,0,0,0,0,0,0,0,0,0,0,0,0,0,0,0,0,0,0,0,0
4.15,0,0,0,0,-0,0,3.02081,1.95903,-3.12301,8.54049e-05,-0.000208632,0.00022638,0.000240298,-0.000909056,0.00096832,0,0,0,0,0,0,0,0,0,0,0,0,0,0,0,0,0,0,0,0,0,0,0,0,0,0,0,0,0,0,0,0,0,0,0,0,0,0,0,0,1.84872,1.17562,0.00624596,-0.000247675,1.7081e-05,0.00170133,-0.00105609,3.70511e-05,0.00670296,0,0,0,0,0,0,0,0,0,0,0,0,0,0,0,0,0,0,0,0,0,0,0,0,0,0,0,0,0,0,0,0,0,0,0,0,0,0,0,0,0,0,0,0,0,0,0,0,0,0,0,0,1,0,0,0,0,0,0.9164,0.7333,3.1292,0,0,0,0,0,0,0,-0,0,1.40981,0,0,0,0,0,0,0,0,0,0,0,0,0,0,0,0,0,0,0,0,0,0,0,0,0
4.2,0,0,0,0,-0,0,3.02081,1.95904,-3.12304,-5.13125e-05,4.52039e-05,-0.000314976,-0.00036044,0.000365156,-0.00143607,0,0,0,0,0,0,0,0,0,0,0,0,0,0,0,0,0,0,0,0,0,0,0,0,0,0,0,0,0,0,0,0,0,0,0,0,0,0,0,0,1.84873,1.17562,0.00607775,0.000142942,2.07694e-05,-0.0016835,0.000766702,2.29016e-05,-0.00881267,0,0,0,0,0,0,0,0,0,0,0,0,0,0,0,0,0,0,0,0,0,0,0,0,0,0,0,0,0,0,0,0,0,0,0,0,0,0,0,0,0,0,0,0,0,0,0,0,0,0,0,0,1,0,0,0,0,0,0.9164,0.7333,3.1292,0,0,0,0,0,0,0,-0,0,1.40979,0,0,0,0,0,0,0,0,0,0,0,0,0,0,0,0,0,0,0,0,0,0,0,0,0
4.25,0,0,0,0,-0,0,3.02081,1.95904,-3.12304,-5.13125e-05,4.52039e-05,-0.000314976,-0.00036044,0.000365156,-0.00143607,0,0,0,0,0,0,0,0,0,0,0,0,0,0,0,0,0,0,0,0,0,0,0,0,0,0,0,0,0,0,0,0,0,0,0,0,0,0,0,0,1.84873,1.17562,0.00607775,0.000142942,2.07694e-05,-0.0016835,0.000766702,2.29016e-05,-0.00881267,0,0,0,0,0,0,0,0,0,0,0,0,0,0,0,0,0,0,0,0,0,0,0,0,0,0,0,0,0,0,0,0,0,0,0,0,0,0,0,0,0,0,0,0,0,0,0,0,0,0,0,0,1,0,0,0,0,0,0.9164,0.7333,3.1292,0,0,0,0,0,0,0,-0,0,1.40979,0,0,0,0,0,0,0,0,0,0,0,0,0,0,0,0,0,0,0,0,0,0,0,0,0
4.3,0,0,0,0,-0,0,3.02081,1.95904,-3.12305,6.10215e-05,-2.68495e-05,-4.76731e-06,0.000151035,0.000103829,5.10694e-05,0,0,0,0,0,0,0,0,0,0,0,0,0,0,0,0,0,0,0,0,0,0,0,0,0,0,0,0,0,0,0,0,0,0,0,0,0,0,0,0,1.84873,1.17561,0.00607552,4.14946e-05,-9.88548e-05,-2.23374e-05,0.000301992,-0.000466103,-0.000757647,0,0,0,0,0,0,0,0,0,0,0,0,0,0,0,0,0,0,0,0,0,0,0,0,0,0,0,0,0,0,0,0,0,0,0,0,0,0,0,0,0,0,0,0,0,0,0,0,0,0,0,0,1,0,0,0,0,0,0.9164,0.7333,3.1292,0,0,0,0,0,0,0,-0,0,1.4098,0,0,0,0,0,0,0,0,0,0,0,0,0,0,0,0,0,0,0,0,0,0,0,0,0
4.35,0,0,0,0,-0,0,3.02081,1.95904,-3.12305,6.10215e-05,-2.68495e-05,-4.76731e-06,0.000151035,0.000103829,5.10694e-05,0,0,0,0,0,0,0,0,0,0,0,0,0,0,0,0,0,0,0,0,0,0,0,0,0,0,0,0,0,0,0,0,0,0,0,0,0,0,0,0,1.84873,1.17561,0.00607552,4.14946e-05,-9.88548e-05,-2.23374e-05,0.000301992,-0.000466103,-0.000757647,0,0,0,0,0,0,0,0,0,0,0,0,0,0,0,0,0,0,0,0,0,0,0,0,0,0,0,0,0,0,0,0,0,0,0,0,0,0,0,0,0,0,0,0,0,0,0,0,0,0,0,0,1,0,0,0,0,0,0.9144,0.7313,3.1271,0,0,0,0,0,0,0,-0,0,1.4098,0,0,0,0,0,0,0,0,0,0,0,0,0,0,0,0,0,0,0,0,0,0,0,0,0
4.4,0,0,0,0,-0,0,3.02081,1.95905,-3.12305,-3.17474e-05,0.000163621,-8.10856e-05,-0.000210783,0.000788043,-7.27435e-05,0,0,0,0,0,0,0,0,0,0,0,0,0,0,0,0,0,0,0,0,0,0,0,0,0,0,0,0,0,0,0,0,0,0,0,0,0,0,0,0,1.84873,1.1756,0.00606454,-9.76844e-06,-4.02948e-05,-0.000109793,-8.65182e-05,-0.000111994,0.000287081,0,0,0,0,0,0,0,0,0,0,0,0,0,0,0,0,0,0,0,0,0,0,0,0,0,0,0,0,0,0,0,0,0,0,0,0,0,0,0,0,0,0,0,0,0,0,0,0,0,0,0,0,1,0,0,0,0,0,0.9144,0.7313,3.1271,0,0,0,0,0,0,0,-0,0,1.40981,0,0,0,0,0,0,0,0,0,0,0,0,0,0,0,0,0,0,0,0,0,0,0,0,0
4.45,0,0,0,0,-0,0,3.02081,1.95905,-3.12305,-3.17474e-05,0.000163621,-8.10856e-05,-0.000210783,0.000788043,-7.27435e-05,0,0,0,0,0,0,0,0,0,0,0,0,0,0,0,0,0,0,0,0,0,0,0,0,0,0,0,0,0,0,0,0,0,0,0,0,0,0,0,0,1.84873,1.1756,0.00606454,-9.76844e-06,-4.02948e-05,-0.000109793,-8.65182e-05,-0.000111994,0.000287081,0,0,0,0,0,0,0,0,0,0,0,0,0,0,0,0,0,0,0,0,0,0,0,0,0,0,0,0,0,0,0,0,0,0,0,0,0,0,0,0,0,0,0,0,0,0,0,0,0,0,0,0,1,0,0,0,0,0,0.9144,0.7313,3.1271,0,0,0,0,0,0,0,-0,0,1.40981,0,0,0,0,0,0,0,0,0,0,0,0,0,0,0,0,0,0,0,0,0,0,0,0,0
4.5,0,0,0,0,-0,0,3.02082,1.95905,-3.1231,0.000109882,-5.24993e-05,-0.00044592,0.000390351,-0.000297632,-0.00151825,0,0,0,0,0,0,0,0,0,0,0,0,0,0,0,0,0,0,0,0,0,0,0,0,0,0,0,0,0,0,0,0,0,0,0,0,0,0,0,0,1.84874,1.17562,0.00605617,7.81382e-05,0.000151393,-8.37401e-05,0.000246717,0.000746547,0.000417743,0,0,0,0,0,0,0,0,0,0,0,0,0,0,0,0,0,0,0,0,0,0,0,0,0,0,0,0,0,0,0,0,0,0,0,0,0,0,0,0,0,0,0,0,0,0,0,0,0,0,0,0,1,0,0,0,0,0,0.9144,0.7313,3.1271,0,0,0,0,0,0,0,-0,0,1.4098,0,0,0,0,0,0,0,0,0,0,0,0,0,0,0,0,0,0,0,0,0,0,0,0,0
4.55,0,0,0,0,-0,0,3.02082,1.95905,-3.1231,0.000109882,-5.24993e-05,-0.00044592,0.000390351,-0.000297632,-0.00151825,0,0,0,0,0,0,0,0,0,0,0,0,0,0,0,0,0,0,0,0,0,0,0,0,0,0,0,0,0,0,0,0,0,0,0,0,0,0,0,0,1.84874,1.17562,0.00605617,7.81382e-05,0.000151393,-8.37401e-05,0.000246717,0.000746547,0.000417743,0,0,0,0,0,0,0,0,0,0,0,0,0,0,0,0,0,0,0,0,0,0,0,0,0,0,0,0,0,0,0,0,0,0,0,0,0,0,0,0,0,0,0,0,0,0,0,0,0,0,0,0,1,0,0,0,0,0,0.8283,0.6453,3.041,0,0,0,0,0,0,0,-0,0,1.4098,0,0,0,0,0,0,0,0,0,0,0,0,0,0,0,0,0,0,0,0,0,0,0,0,0
4.6,0,0,0,0,-0,0,3.02083,1.95902,-3.12305,8.30052e-05,-0.000216058,0.000503048,0.000208412,-0.000979278,0.00268443,0,0,0,0,0,0,0,0,0,0,0,0,0,0,0,0,0,0,0,0,0,0,0,0,0,0,0,0,0,0,0,0,0,0,0,0,0,0,0,0,1.84875,1.17559,0.00605992,0.000117185,-0.000319816,3.74941e-05,0.000349298,-0.0013183,0.000752955,0,0,0,0,0,0,0,0,0,0,0,0,0,0,0,0,0,0,0,0,0,0,0,0,0,0,0,0,0,0,0,0,0,0,0,0,0,0,0,0,0,0,0,0,0,0,0,0,0,0,0,0,1,0,0,0,0,0,0.8283,0.6453,3.041,0,0,0,0,0,0,0,-0,0,1.4098,0,0,0,0,0,0,0,0,0,0,0,0,0,0,0,0,0,0,0,0,0,0,0,0,0
4.65,0,0,0,0,-0,0,3.02083,1.95902,-3.12305,8.30052e-05,-0.000216058,0.000503048,0.000208412,-0.000979278,0.00268443,0,0,0,0,0,0,0,0,0,0,0,0,0,0,0,0,0,0,0,0,0,0,0,0,0,0,0,0,0,0,0,0,0,0,0,0,0,0,0,0,1.84875,1.17559,0.00605992,0.000117185,-0.000319816,3.74941e-05,0.000349298,-0.0013183,0.000752955,0,0,0,0,0,0,0,0,0,0,0,0,0,0,0,0,0,0,0,0,0,0,0,0,0,0,0,0,0,0,0,0,0,0,0,0,0,0,0,0,0,0,0,0,0,0,0,0,0,0,0,0,1,0,0,0,0,0,0.8283,0.6453,3.041,0,0,0,0,0,0,0,-0,0,1.4098,0,0,0,0,0,0,0,0,0,0,0,0,0,0,0,0,0,0,0,0,0,0,0,0,0
4.7,0,0,0,0,-0,0,3.02082,1.95901,-3.12299,-0.00011233,-0.000124539,0.000610486,-0.000680013,-0.00031451,0.00260985,0,0,0,0,0,0,0,0,0,0,0,0,0,0,0,0,0,0,0,0,0,0,0,0,0,0,0,0,0,0,0,0,0,0,0,0,0,0,0,0,1.84875,1.17561,0.00604725,-5.00595e-05,0.000219774,-0.000126729,-0.000444679,0.00108504,-0.000158678,0,0,0,0,0,0,0,0,0,0,0,0,0,0,0,0,0,0,0,0,0,0,0,0,0,0,0,0,0,0,0,0,0,0,0,0,0,0,0,0,0,0,0,0,0,0,0,0,0,0,0,0,1,0,0,0,0,0,0.8283,0.6453,3.041,0,0,0,0,0,0,0,-0,0,1.40978,0,0,0,0,0,0,0,0,0,0,0,0,0,0,0,0,0,0,0,0,0,0,0,0,0
4.75,0,0,0,0,-0,0,3.02082,1.95901,-3.12299,-0.00011233,-0.000124539,0.000610486,-0.000680013,-0.00031451,0.00260985,0,0,0,0,0,0,0,0,0,0,0,0,0,0,0,0,0,0,0,0,0,0,0,0,0,0,0,0,0,0,0,0,0,0,0,0,0,0,0,0,1.84875,1.17561,0.00604725,-5.00595e-05,0.000219774,-0.000126729,-0.000444679,0.00108504,-0.000158678,0,0,0,0,0,0,0,0,0,0,0,0,0,0,0,0,0,0,0,0,0,0,0,0,0,0,0,0,0,0,0,0,0,0,0,0,0,0,0,0,0,0,0,0,0,0,0,0,0,0,0,0,1,0,0,0,0,0,0.9801,0.7969,3.1926,0,0,0,0,0,0,0,-0,0,1.40978,0,0,0,0,0,0,0,0,0,0,0,0,0,0,0,0,0,0,0,0,0,0,0,0,0
4.8,0,0,0,0,-0,0,3.02073,1.95845,-3.1231,-0.000920544,-0.00563558,-0.00114696,-0.00375799,-0.0221193,-0.00546485,0,0,0,0,0,0,0,0,0,0,0,0,0,0,0,0,0,0,0,0,0,0,0,0,0,0,0,0,0,0,0,0,0,0,0,0,0,0,0,0,1.84874,1.17535,0.00624819,-6.59278e-05,-0.00254188,0.00200967,-0.000437904,-0.0100577,0.00831764,0,0,0,0,0,0,0,0,0,0,0,0,0,0,0,0,0,0,0,0,0,0,0,0,0,0,0,0,0,0,0,0,0,0,0,0,0,0,0,0,0,0,0,0,0,0,0,0,0,0,0,0,1,0,0,0,0,0,0.9801,0.7969,3.1926,0,0,0,0,0,0,0,-0,0,1.40953,0,0,0,0,0,0,0,0,0,0,0,0,0,0,0,0,0,0,0,0,0,0,0,0,0
4.85,0,0,0,0,-0,0,3.02073,1.95845,-3.1231,-0.000920544,-0.00563558,-0.00114696,-0.00375799,-0.0221193,-0.00546485,0,0,0,0,0,0,0,0,0,0,0,0,0,0,0,0,0,0,0,0,0,0,0,0,0,0,0,0,0,0,0,0,0,0,0,0,0,0,0,0,1.84874,1.17535,0.00624819,-6.59278e-05,-0.00254188,0.00200967,-0.000437904,-0.0100577,0.00831764,0,0,0,0,0,0,0,0,0,0,0,0,0,0,0,0,0,0,0,0,0,0,0,0,0,0,0,0,0,0,0,0,0,0,0,0,0,0,0,0,0,0,0,0,0,0,0,0,0,0,0,0,1,0,0,0,0,0,0.9801,0.7969,3.1926,0,0,0,0,0,0,0,-0,0,1.40953,0,0,0,0,0,0,0,0,0,0,0,0,0,0,0,0,0,0,0,0,0,0,0,0,0
4.9,0,0,0,0,-0,0,3.02073,1.95845,-3.1231,-0.000920544,-0.00563558,-0.00114696,-0.00375799,-0.0221193,-0.00546485,0,0,0,0,0,0,0,0,0,0,0,0,0,0,0,0,0,0,0,0,0,0,0,0,0,0,0,0,0,0,0,0,0,0,0,0,0,0,0,0,1.84874,1.17535,0.00624819,-6.59278e-05,-0.00254188,0.00200967,-0.000437904,-0.0100577,0.00831764,0,0,0,0,0,0,0,0,0,0,0,0,0,0,0,0,0,0,0,0,0,0,0,0,0,0,0,0,0,0,0,0,0,0,0,0,0,0,0,0,0,0,0,0,0,0,0,0,0,0,0,0,1,0,0,0,0,0,0.9801,0.7969,3.1926,0,0,0,0,0,0,0,-0,0,1.40953,0,0,0,0,0,0,0,0,0,0,0,0,0,0,0,0,0,0,0,0,0,0,0,0,0
4.95,0,0,0,0,-0,0,3.02073,1.95845,-3.1231,-0.000920544,-0.00563558,-0.00114696,-0.00375799,-0.0221193,-0.00546485,0,0,0,0,0,0,0,0,0,0,0,0,0,0,0,0,0,0,0,0,0,0,0,0,0,0,0,0,0,0,0,0,0,0,0,0,0,0,0,0,1.84874,1.17535,0.00624819,-6.59278e-05,-0.00254188,0.00200967,-0.000437904,-0.0100577,0.00831764,0,0,0,0,0,0,0,0,0,0,0,0,0,0,0,0,0,0,0,0,0,0,0,0,0,0,0,0,0,0,0,0,0,0,0,0,0,0,0,0,0,0,0,0,0,0,0,0,0,0,0,0,1,0,0,0,0,0,0.9163,0.7331,3.1293,0,0,0,0,0,0,0,-0,0,1.40953,0,0,0,0,0,0,0,0,0,0,0,0,0,0,0,0,0,0,0,0,0,0,0,0,0
5,0,0,0,0,-0,0,3.02074,1.95867,-3.12312,0.000173329,0.00222886,-0.000138274,0.0016975,0.0151899,-0.000344308,0,0,0,0,0,0,0,0,0,0,0,0,0,0,0,0,0,0,0,0,0,0,0,0,0,0,0,0,0,0,0,0,0,0,0,0,0,0,0,0,1.84869,1.17539,0.00616058,-0.000524867,0.000317362,-0.000875995,-0.00209587,0.00387665,-0.00538821,0,0,0,0,0,0,0,0,0,0,0,0,0,0,0,0,0,0,0,0,0,0,0,0,0,0,0,0,0,0,0,0,0,0,0,0,0,0,0,0,0,0,0,0,0,0,0,0,0,0,0,0,1,0,0,0,0,0,0.9163,0.7331,3.1293,0,0,0,0,0,0,0,-0,0,1.4097,0,0,0,0,0,0,0,0,0,0,0,0,0,0,0,0,0,0,0,0,0,0,0,0,0
5.05,0,0,0,0,-0,0,3.02074,1.95867,-3.12312,0.000173329,0.00222886,-0.000138274,0.0016975,0.0151899,-0.000344308,0,0,0,0,0,0,0,0,0,0,0,0,0,0,0,0,0,0,0,0,0,0,0,0,0,0,0,0,0,0,0,0,0,0,0,0,0,0,0,0,1.84869,1.17539,0.00616058,-0.000524867,0.000317362,-0.000875995,-0.00209587,0.00387665,-0.00538821,0,0,0,0,0,0,0,0,0,0,0,0,0,0,0,0,0,0,0,0,0,0,0,0,0,0,0,0,0,0,0,0,0,0,0,0,0,0,0,0,0,0,0,0,0,0,0,0,0,0,0,0,1,0,0,0,0,0,0.9163,0.7331,3.1293,0,0,0,0,0,0,0,-0,0,1.4097,0,0,0,0,0,0,0,0,0,0,0,0,0,0,0,0,0,0,0,0,0,0,0,0,0
5.1,0,0,0,0,-0,0,3.02074,1.95867,-3.12312,0.000173329,0.00222886,-0.000138274,0.0016975,0.0151899,-0.000344308,0,0,0,0,0,0,0,0,0,0,0,0,0,0,0,0,0,0,0,0,0,0,0,0,0,0,0,0,0,0,0,0,0,0,0,0,0,0,0,0,1.84869,1.17539,0.00616058,-0.000524867,0.000317362,-0.000875995,-0.00209587,0.00387665,-0.00538821,0,0,0,0,0,0,0,0,0,0,0,0,0,0,0,0,0,0,0,0,0,0,0,0,0,0,0,0,0,0,0,0,0,0,0,0,0,0,0,0,0,0,0,0,0,0,0,0,0,0,0,0,1,0,0,0,0,0,0.9163,0.7331,3.1293,0,0,0,0,0,0,0,-0,0,1.4097,0,0,0,0,0,0,0,0,0,0,0,0,0,0,0,0,0,0,0,0,0,0,0,0,0
5.15,0,0,0,0,-0,0,3.02074,1.95867,-3.12312,0.000173329,0.00222886,-0.000138274,0.0016975,0.0151899,-0.000344308,0,0,0,0,0,0,0,0,0,0,0,0,0,0,0,0,0,0,0,0,0,0,0,0,0,0,0,0,0,0,0,0,0,0,0,0,0,0,0,0,1.84869,1.17539,0.00616058,-0.000524867,0.000317362,-0.000875995,-0.00209587,0.00387665,-0.00538821,0,0,0,0,0,0,0,0,0,0,0,0,0,0,0,0,0,0,0,0,0,0,0,0,0,0,0,0,0,0,0,0,0,0,0,0,0,0,0,0,0,0,0,0,0,0,0,0,0,0,0,0,1,0,0,0,0,0,0.9028,0.7197,3.1157,0,0,0,0,0,0,0,-0,0,1.4097,0,0,0,0,0,0,0,0,0,0,0,0,0,0,0,0,0,0,0,0,0,0,0,0,0
5.2,0,0,0,0,-0,0,3.02074,1.95867,-3.12312,0.000173329,0.00222886,-0.000138274,0.0016975,0.0151899,-0.000344308,0,0,0,0,0,0,0,0,0,0,0,0,0,0,0,0,0,0,0,0,0,0,0,0,0,0,0,0,0,0,0,0,0,0,0,0,0,0,0,0,1.84869,1.17539,0.00616058,-0.000524867,0.000317362,-0.000875995,-0.00209587,0.00387665,-0.00538821,0,0,0,0,0,0,0,0,0,0,0,0,0,0,0,0,0,0,0,0,0,0,0,0,0,0,0,0,0,0,0,0,0,0,0,0,0,0,0,0,0,0,0,0,0,0,0,0,0,0,0,0,1,0,0,0,0,0,0.9028,0.7197,3.1157,0,0,0,0,0,0,0,-0,0,1.4097,0,0,0,0,0,0,0,0,0,0,0,0,0,0,0,0,0,0,0,0,0,0,0,0,0
5.25,0,0,0,0,-0,0,3.02074,1.95867,-3.12312,0.000173329,0.00222886,-0.000138274,0.0016975,0.0151899,-0.000344308,0,0,0,0,0,0,0,0,0,0,0,0,0,0,0,0,0,0,0,0,0,0,0,0,0,0,0,0,0,0,0,0,0,0,0,0,0,0,0,0,1.84869,1.17539,0.00616058,-0.000524867,0.000317362,-0.000875995,-0.00209587,0.00387665,-0.00538821,0,0,0,0,0,0,0,0,0,0,0,0,0,0,0,0,0,0,0,0,0,0,0,0,0,0,0,0,0,0,0,0,0,0,0,0,0,0,0,0,0,0,0,0,0,0,0,0,0,0,0,0,1,0,0,0,0,0,0.9028,0.7197,3.1157,0,0,0,0,0,0,0,-0,0,1.4097,0,0,0,0,0,0,0,0,0,0,0,0,0,0,0,0,0,0,0,0,0,0,0,0,0
5.3,0,0,0,0,-0,0,3.02074,1.95867,-3.12312,0.000173329,0.00222886,-0.000138274,0.0016975,0.0151899,-0.000344308,0,0,0,0,0,0,0,0,0,0,0,0,0,0,0,0,0,0,0,0,0,0,0,0,0,0,0,0,0,0,0,0,0,0,0,0,0,0,0,0,1.84869,1.17539,0.00616058,-0.000524867,0.000317362,-0.000875995,-0.00209587,0.00387665,-0.00538821,0,0,0,0,0,0,0,0,0,0,0,0,0,0,0,0,0,0,0,0,0,0,0,0,0,0,0,0,0,0,0,0,0,0,0,0,0,0,0,0,0,0,0,0,0,0,0,0,0,0,0,0,1,0,0,0,0,0,0.9028,0.7197,3.1157,0,0,0,0,0,0,0,-0,0,1.4097,0,0,0,0,0,0,0,0,0,0,0,0,0,0,0,0,0,0,0,0,0,0,0,0,0
5.35,0,0,0,0,-0,0,3.02074,1.95867,-3.12312,0.000173329,0.00222886,-0.000138274,0.0016975,0.0151899,-0.000344308,0,0,0,0,0,0,0,0,0,0,0,0,0,0,0,0,0,0,0,0,0,0,0,0,0,0,0,0,0,0,0,0,0,0,0,0,0,0,0,0,1.84869,1.17539,0.00616058,-0.000524867,0.000317362,-0.000875995,-0.00209587,0.00387665,-0.00538821,0,0,0,0,0,0,0,0,0,0,0,0,0,0,0,0,0,0,0,0,0,0,0,0,0,0,0,0,0,0,0,0,0,0,0,0,0,0,0,0,0,0,0,0,0,0,0,0,0,0,0,0,1,0,0,0,0,0,0.9163,0.7332,3.1292,0,0,0,0,0,0,0,-0,0,1.4097,0,0,0,0,0,0,0,0,0,0,0,0,0,0,0,0,0,0,0,0,0,0,0,0,0
5.4,0,0,0,0,-0,0,3.02074,1.95867,-3.12312,0.000173329,0.00222886,-0.000138274,0.0016975,0.0151899,-0.000344308,0,0,0,0,0,0,0,0,0,0,0,0,0,0,0,0,0,0,0,0,0,0,0,0,0,0,0,0,0,0,0,0,0,0,0,0,0,0,0,0,1.84869,1.17539,0.00616058,-0.000524867,0.000317362,-0.000875995,-0.00209587,0.00387665,-0.00538821,0,0,0,0,0,0,0,0,0,0,0,0,0,0,0,0,0,0,0,0,0,0,0,0,0,0,0,0,0,0,0,0,0,0,0,0,0,0,0,0,0,0,0,0,0,0,0,0,0,0,0,0,1,0,0,0,0,0,0.9163,0.7332,3.1292,0,0,0,0,0,0,0,-0,0,1.4097,0,0,0,0,0,0,0,0,0,0,0,0,0,0,0,0,0,0,0,0,0,0,0,0,0
5.45,0,0,0,0,-0,0,3.02074,1.95867,-3.12312,0.000173329,0.00222886,-0.000138274,0.0016975,0.0151899,-0.000344308,0,0,0,0,0,0,0,0,0,0,0,0,0,0,0,0,0,0,0,0,0,0,0,0,0,0,0,0,0,0,0,0,0,0,0,0,0,0,0,0,1.84869,1.17539,0.00616058,-0.000524867,0.000317362,-0.000875995,-0.00209587,0.00387665,-0.00538821,0,0,0,0,0,0,0,0,0,0,0,0,0,0,0,0,0,0,0,0,0,0,0,0,0,0,0,0,0,0,0,0,0,0,0,0,0,0,0,0,0,0,0,0,0,0,0,0,0,0,0,0,1,0,0,0,0,0,0.9163,0.7332,3.1292,0,0,0,0,0,0,0,-0,0,1.4097,0,0,0,0,0,0,0,0,0,0,0,0,0,0,0,0,0,0,0,0,0,0,0,0,0
5.5,0,0,0,0,-0,0,3.02074,1.95867,-3.12312,0.000173329,0.00222886,-0.000138274,0.0016975,0.0151899,-0.000344308,0,0,0,0,0,0,0,0,0,0,0,0,0,0,0,0,0,0,0,0,0,0,0,0,0,0,0,0,0,0,0,0,0,0,0,0,0,0,0,0,1.84869,1.17539,0.00616058,-0.000524867,0.000317362,-0.000875995,-0.00209587,0.00387665,-0.00538821,0,0,0,0,0,0,0,0,0,0,0,0,0,0,0,0,0,0,0,0,0,0,0,0,0,0,0,0,0,0,0,0,0,0,0,0,0,0,0,0,0,0,0,0,0,0,0,0,0,0,0,0,1,0,0,0,0,0,0.9163,0.7332,3.1292,0,0,0,0,0,0,0,-0,0,1.4097,0,0,0,0,0,0,0,0,0,0,0,0,0,0,0,0,0,0,0,0,0,0,0,0,0
5.55,0,0,0,0,-0,0,3.02074,1.95867,-3.12312,0.000173329,0.00222886,-0.000138274,0.0016975,0.0151899,-0.000344308,0,0,0,0,0,0,0,0,0,0,0,0,0,0,0,0,0,0,0,0,0,0,0,0,0,0,0,0,0,0,0,0,0,0,0,0,0,0,0,0,1.84869,1.17539,0.00616058,-0.000524867,0.000317362,-0.000875995,-0.00209587,0.00387665,-0.00538821,0,0,0,0,0,0,0,0,0,0,0,0,0,0,0,0,0,0,0,0,0,0,0,0,0,0,0,0,0,0,0,0,0,0,0,0,0,0,0,0,0,0,0,0,0,0,0,0,0,0,0,0,1,0,0,0,0,0,0.9476,0.7646,3.1606,0,0,0,0,0,0,0,-0,0,1.4097,0,0,0,0,0,0,0,0,0,0,0,0,0,0,0,0,0,0,0,0,0,0,0,0,0
5.6,0,0,0,0,-0,0,3.02075,1.95871,-3.12311,1.46501e-05,0.000415086,3.33823e-05,0.00112364,0.00692284,0.00117236,0,0,0,0,0,0,0,0,0,0,0,0,0,0,0,0,0,0,0,0,0,0,0,0,0,0,0,0,0,0,0,0,0,0,0,0,0,0,0,0,1.84872,1.1754,0.00616811,0.000290561,0.000169697,7.52921e-05,0.00177557,0.0036238,-0.00128917,0,0,0,0,0,0,0,0,0,0,0,0,0,0,0,0,0,0,0,0,0,0,0,0,0,0,0,0,0,0,0,0,0,0,0,0,0,0,0,0,0,0,0,0,0,0,0,0,0,0,0,0,1,0,0,0,0,0,0.9476,0.7646,3.1606,0,0,0,0,0,0,0,-0,0,1.40969,0,0,0,0,0,0,0,0,0,0,0,0,0,0,0,0,0,0,0,0,0,0,0,0,0
5.65,0,0,0,0,-0,0,3.02075,1.95867,-3.1231,1.95243e-05,-0.000420993,0.000109634,0.000616424,-0.000303094,0.0012138,0,0,0,0,0,0,0,0,0,0,0,0,0,0,0,0,0,0,0,0,0,0,0,0,0,0,0,0,0,0,0,0,0,0,0,0,0,0,0,0,1.84877,1.17531,0.00613726,0.000566205,-0.000978656,-0.000308452,0.00269159,-0.00244729,-0.00175266,0,0,0,0,0,0,0,0,0,0,0,0,0,0,0,0,0,0,0,0,0,0,0,0,0,0,0,0,0,0,0,0,0,0,0,0,0,0,0,0,0,0,0,0,0,0,0,0,0,0,0,0,1,0,0,0,0,0,0.9476,0.7646,3.1606,0,0,0,0,0,0,0,-0,0,1.40967,0,0,0,0,0,0,0,0,0,0,0,0,0,0,0,0,0,0,0,0,0,0,0,0,0
5.7,0,0,0,0,-0,0,3.02077,1.95873,-3.12306,0.00021,0.000604362,0.000438773,0.00106251,0.00293753,0.00204938,0,0,0,0,0,0,0,0,0,0,0,0,0,0,0,0,0,0,0,0,0,0,0,0,0,0,0,0,0,0,0,0,0,0,0,0,0,0,0,0,1.84872,1.17544,0.00616001,-0.000577501,0.00135645,0.000227579,-0.00283053,0.00704048,0.00102713,0,0,0,0,0,0,0,0,0,0,0,0,0,0,0,0,0,0,0,0,0,0,0,0,0,0,0,0,0,0,0,0,0,0,0,0,0,0,0,0,0,0,0,0,0,0,0,0,0,0,0,0,1,0,0,0,0,0,0.9476,0.7646,3.1606,0,0,0,0,0,0,0,-0,0,1.4097,0,0,0,0,0,0,0,0,0,0,0,0,0,0,0,0,0,0,0,0,0,0,0,0,0
5.75,0,0,0,0,-0,0,3.02077,1.95873,-3.12307,1.46505e-05,-5.12769e-05,-0.000171686,-8.2077e-05,-0.000417085,-0.00109531,0,0,0,0,0,0,0,0,0,0,0,0,0,0,0,0,0,0,0,0,0,0,0,0,0,0,0,0,0,0,0,0,0,0,0,0,0,0,0,0,1.84873,1.17545,0.0061817,9.2787e-05,5.73814e-05,0.00021696,0.000231256,0.000321169,0.000950504,0,0,0,0,0,0,0,0,0,0,0,0,0,0,0,0,0,0,0,0,0,0,0,0,0,0,0,0,0,0,0,0,0,0,0,0,0,0,0,0,0,0,0,0,0,0,0,0,0,0,0,0,1,0,0,0,0,0,0.8377,0.6545,3.0505,0,0,0,0,0,0,0.89352,0.73271,3.40047,1.40969,0,0,0,0,1,0,0,0,0,0,0,0,0,0,0,0,0,0,0,0,0,0,0,0,0
5.8,0,0,0,0,-0,0,3.02076,1.95868,-3.12307,-4.88273e-05,-0.000490714,-4.76829e-06,-0.000457879,-0.00246049,-0.000416478,0,0,0,0,0,0,0,0,0,0,0,0,0,0,0,0,0,0,0,0,0,0,0,0,0,0,0,0,0,0,0,0,0,0,0,0,0,0,0,0,1.84871,1.17541,0.00612041,-0.000190426,-0.000402825,-0.000612953,-0.000578278,-0.00255568,-0.00275574,0,0,0,0,0,0,0,0,0,0,0,0,0,0,0,0,0,0,0,0,0,0,0,0,0,0,0,0,0,0,0,0,0,0,0,0,0,0,0,0,0,0,0,0,0,0,0,0,0,0,0,0,1,0,0,0,0,0,0.8377,0.6545,3.0505,0,0,0,0,0,0,0,-0,0,1.40969,0,0,0,0,0,0,0,0,0,0,0,0,0,0,0,0,0,0,0,0,0,0,0,0,0
5.85,0,0,0,0,-0,0,3.02077,1.95867,-3.12307,6.83745e-05,-8.30262e-05,1.19236e-05,0.000142499,-0.000124865,-9.14994e-05,0,0,0,0,0,0,0,0,0,0,0,0,0,0,0,0,0,0,0,0,0,0,0,0,0,0,0,0,0,0,0,0,0,0,0,0,0,0,0,0,1.84871,1.17541,0.00611221,4.88388e-06,0,-8.19557e-05,0.000323656,-0.000314324,-3.44914e-05,0,0,0,0,0,0,0,0,0,0,0,0,0,0,0,0,0,0,0,0,0,0,0,0,0,0,0,0,0,0,0,0,0,0,0,0,0,0,0,0,0,0,0,0,0,0,0,0,0,0,0,0,1,0,0,0,0,0,0.8377,0.6545,3.0505,0,0,0,0,0,0,0,-0,0,1.40969,0,0,0,0,0,0,0,0,0,0,0,0,0,0,0,0,0,0,0,0,0,0,0,0,0
5.9,0,0,0,0,-0,0,3.02078,1.95871,-3.1231,4.8836e-05,0.000427315,-0.000309994,8.8785e-05,0.00228025,-0.00129723,0,0,0,0,0,0,0,0,0,0,0,0,0,0,0,0,0,0,0,0,0,0,0,0,0,0,0,0,0,0,0,0,0,0,0,0,0,0,0,0,1.84871,1.17544,0.00612152,2.4418e-06,0.000288133,9.31195e-05,0.000306666,0.00126589,0.0010471,0,0,0,0,0,0,0,0,0,0,0,0,0,0,0,0,0,0,0,0,0,0,0,0,0,0,0,0,0,0,0,0,0,0,0,0,0,0,0,0,0,0,0,0,0,0,0,0,0,0,0,0,1,0,0,0,0,0,0.8377,0.6545,3.0505,0,0,0,0,0,0,0,-0,0,1.4097,0,0,0,0,0,0,0,0,0,0,0,0,0,0,0,0,0,0,0,0,0,0,0,0,0
5.95,0,0,0,0,-0,0,3.02077,1.9587,-3.12311,-2.44079e-05,-0.000140346,-2.38359e-05,-0.000246617,-0.000573395,0.000201196,0,0,0,0,0,0,0,0,0,0,0,0,0,0,0,0,0,0,0,0,0,0,0,0,0,0,0,0,0,0,0,0,0,0,0,0,0,0,0,0,1.8487,1.17543,0.00613583,-3.17303e-05,-8.0546e-05,0.000143062,4.52825e-05,-0.00049907,0.000974746,0,0,0,0,0,0,0,0,0,0,0,0,0,0,0,0,0,0,0,0,0,0,0,0,0,0,0,0,0,0,0,0,0,0,0,0,0,0,0,0,0,0,0,0,0,0,0,0,0,0,0,0,1,0,0,0,0,0,0.9164,0.7333,3.1292,0,0,0,0,0,0,0,-0,0,1.4097,0,0,0,0,0,0,0,0,0,0,0,0,0,0,0,0,0,0,0,0,0,0,0,0,0
6,0,0,0,0,-0,0,3.02078,1.95872,-3.12309,4.64047e-05,0.000252784,0.000169343,8.94747e-05,0.000840345,0.00109553,0,0,0,0,0,0,0,0,0,0,0,0,0,0,0,0,0,0,0,0,0,0,0,0,0,0,0,0,0,0,0,0,0,0,0,0,0,0,0,0,1.84866,1.17545,0.00629125,-0.000429853,0.000227138,0.00155477,-0.00159885,0.00069087,0.00621581,0,0,0,0,0,0,0,0,0,0,0,0,0,0,0,0,0,0,0,0,0,0,0,0,0,0,0,0,0,0,0,0,0,0,0,0,0,0,0,0,0,0,0,0,0,0,0,0,0,0,0,0,1,0,0,0,0,0,0.9164,0.7333,3.1292,0,0,0,0,0,0,0.8924,0.72993,3.44867,1.40974,0,0,0,0,1,0,0,0,0,0,0,0,0,0,0,0,0,0,0,0,0,0,0,0,0
6.05,0,0,0,0,-0,0,3.02079,1.95868,-3.12307,0.000158649,-0.000469846,0.000216903,0.000547794,-0.00219133,0.00096909,0,0,0,0,0,0,0,0,0,0,0,0,0,0,0,0,0,0,0,0,0,0,0,0,0,0,0,0,0,0,0,0,0,0,0,0,0,0,0,0,1.84869,1.17546,0.0061653,0.000278246,7.68838e-05,-0.00125916,0.00164639,-2.42278e-05,-0.00680056,0,0,0,0,0,0,0,0,0,0,0,0,0,0,0,0,0,0,0,0,0,0,0,0,0,0,0,0,0,0,0,0,0,0,0,0,0,0,0,0,0,0,0,0,0,0,0,0,0,0,0,0,1,0,0,0,0,0,0.9164,0.7333,3.1292,0,0,0,0,0,0,0.8924,0.72993,3.44867,1.4097,0,0,0,0,1,0,0,0,0,0,0,0,0,0,0,0,0,0,0,0,0,0,0,0,0
6.1,0,0,0,0,-0,0,3.0208,1.9587,-3.12304,3.41792e-05,0.000201413,0.000295635,-0.000106574,0.000956525,0.000879092,0,0,0,0,0,0,0,0,0,0,0,0,0,0,0,0,0,0,0,0,0,0,0,0,0,0,0,0,0,0,0,0,0,0,0,0,0,0,0,0,1.84878,1.17537,0.00612794,0.000865472,-0.000910637,-0.000373602,0.00377405,-0.00405737,-0.00230573,0,0,0,0,0,0,0,0,0,0,0,0,0,0,0,0,0,0,0,0,0,0,0,0,0,0,0,0,0,0,0,0,0,0,0,0,0,0,0,0,0,0,0,0,0,0,0,0,0,0,0,0,1,0,0,0,0,0,0.9164,0.7333,3.1292,0,0,0,0,0,0,0.8924,0.72993,3.44867,1.4097,0,0,0,0,1,0,0,0,0,0,0,0,0,0,0,0,0,0,0,0,0,0,0,0,0
6.15,0,0,0,0,-0,0,3.0208,1.95871,-3.12302,2.44113e-06,0.000146468,0.00016449,-0.000279309,0.000780639,-8.29463e-06,0,0,0,0,0,0,0,0,0,0,0,0,0,0,0,0,0,0,0,0,0,0,0,0,0,0,0,0,0,0,0,0,0,0,0,0,0,0,0,0,1.84869,1.17545,0.00612314,-0.000904437,0.000816556,-4.79436e-05,-0.00451822,0.00391964,0.000524867,0,0,0,0,0,0,0,0,0,0,0,0,0,0,0,0,0,0,0,0,0,0,0,0,0,0,0,0,0,0,0,0,0,0,0,0,0,0,0,0,0,0,0,0,0,0,0,0,0,0,0,0,1,0,0,0,0,0,0.9165,0.7332,3.1292,0,0,0,0,0,0,0.8924,0.72993,3.44867,1.40973,0,0,0,0,1,0,0,0,0,0,0,0,0,0,0,0,0,0,0,0,0,0,0,0,0
6.2,0,0,0,0,-0,0,3.0208,1.95871,-3.12304,-2.19852e-05,9.77118e-06,-0.000145518,-0.000288703,-0.000101329,-0.00136386,0,0,0,0,0,0,0,0,0,0,0,0,0,0,0,0,0,0,0,0,0,0,0,0,0,0,0,0,0,0,0,0,0,0,0,0,0,0,0,0,1.84876,1.17538,0.00614254,0.000770702,-0.000701083,0.00019404,0.00285824,-0.002631,0.00166516,0,0,0,0,0,0,0,0,0,0,0,0,0,0,0,0,0,0,0,0,0,0,0,0,0,0,0,0,0,0,0,0,0,0,0,0,0,0,0,0,0,0,0,0,0,0,0,0,0,0,0,0,1,0,0,0,0,0,0.9165,0.7332,3.1292,0,0,0,0,0,0,0,-0,0,1.40971,0,0,0,0,0,0,0,0,0,0,0,0,0,0,0,0,0,0,0,0,0,0,0,0,0
6.25,0,0,0,0,-0,0,3.0208,1.95871,-3.12304,-2.19852e-05,9.77118e-06,-0.000145518,-0.000288703,-0.000101329,-0.00136386,0,0,0,0,0,0,0,0,0,0,0,0,0,0,0,0,0,0,0,0,0,0,0,0,0,0,0,0,0,0,0,0,0,0,0,0,0,0,0,0,1.84876,1.17538,0.00614254,0.000770702,-0.000701083,0.00019404,0.00285824,-0.002631,0.00166516,0,0,0,0,0,0,0,0,0,0,0,0,0,0,0,0,0,0,0,0,0,0,0,0,0,0,0,0,0,0,0,0,0,0,0,0,0,0,0,0,0,0,0,0,0,0,0,0,0,0,0,0,1,0,0,0,0,0,0.9165,0.7332,3.1292,0,0,0,0,0,0,0,-0,0,1.40971,0,0,0,0,0,0,0,0,0,0,0,0,0,0,0,0,0,0,0,0,0,0,0,0,0
6.3,0,0,0,0,-0,0,3.0208,1.95871,-3.12302,4.15093e-05,-6.59266e-05,0.000150223,7.90293e-05,-0.000482664,0.000178992,0,0,0,0,0,0,0,0,0,0,0,0,0,0,0,0,0,0,0,0,0,0,0,0,0,0,0,0,0,0,0,0,0,0,0,0,0,0,0,0,1.84871,1.17545,0.00613715,-0.000572585,0.000694671,-5.39167e-05,-0.00265144,0.00310941,0.000163814,0,0,0,0,0,0,0,0,0,0,0,0,0,0,0,0,0,0,0,0,0,0,0,0,0,0,0,0,0,0,0,0,0,0,0,0,0,0,0,0,0,0,0,0,0,0,0,0,0,0,0,0,1,0,0,0,0,0,0.9165,0.7332,3.1292,0,0,0,0,0,0,0,-0,0,1.40972,0,0,0,0,0,0,0,0,0,0,0,0,0,0,0,0,0,0,0,0,0,0,0,0,0
6.35,0,0,0,0,-0,0,3.0208,1.95871,-3.12302,4.15093e-05,-6.59266e-05,0.000150223,7.90293e-05,-0.000482664,0.000178992,0,0,0,0,0,0,0,0,0,0,0,0,0,0,0,0,0,0,0,0,0,0,0,0,0,0,0,0,0,0,0,0,0,0,0,0,0,0,0,0,1.84871,1.17545,0.00613715,-0.000572585,0.000694671,-5.39167e-05,-0.00265144,0.00310941,0.000163814,0,0,0,0,0,0,0,0,0,0,0,0,0,0,0,0,0,0,0,0,0,0,0,0,0,0,0,0,0,0,0,0,0,0,0,0,0,0,0,0,0,0,0,0,0,0,0,0,0,0,0,0,1,0,0,0,0,0,0.9164,0.7332,3.1292,0,0,0,0,0,0,0,-0,0,1.40972,0,0,0,0,0,0,0,0,0,0,0,0,0,0,0,0,0,0,0,0,0,0,0,0,0
6.4,0,0,0,0,-0,0,3.0208,1.95871,-3.12303,0,2.44099e-06,-0.000128724,-6.8609e-05,-6.82994e-05,-0.000798341,0,0,0,0,0,0,0,0,0,0,0,0,0,0,0,0,0,0,0,0,0,0,0,0,0,0,0,0,0,0,0,0,0,0,0,0,0,0,0,0,1.84872,1.17545,0.00611693,0.000117167,4.88197e-06,-0.000202132,0.00041782,-0.000111729,-0.000697234,0,0,0,0,0,0,0,0,0,0,0,0,0,0,0,0,0,0,0,0,0,0,0,0,0,0,0,0,0,0,0,0,0,0,0,0,0,0,0,0,0,0,0,0,0,0,0,0,0,0,0,0,1,0,0,0,0,0,0.9164,0.7332,3.1292,0,0,0,0,0,0,0,-0,0,1.40971,0,0,0,0,0,0,0,0,0,0,0,0,0,0,0,0,0,0,0,0,0,0,0,0,0
6.45,0,0,0,0,-0,0,3.0208,1.95871,-3.12303,0,2.44099e-06,-0.000128724,-6.8609e-05,-6.82994e-05,-0.000798341,0,0,0,0,0,0,0,0,0,0,0,0,0,0,0,0,0,0,0,0,0,0,0,0,0,0,0,0,0,0,0,0,0,0,0,0,0,0,0,0,1.84872,1.17545,0.00611693,0.000117167,4.88197e-06,-0.000202132,0.00041782,-0.000111729,-0.000697234,0,0,0,0,0,0,0,0,0,0,0,0,0,0,0,0,0,0,0,0,0,0,0,0,0,0,0,0,0,0,0,0,0,0,0,0,0,0,0,0,0,0,0,0,0,0,0,0,0,0,0,0,1,0,0,0,0,0,0.9164,0.7332,3.1292,0,0,0,0,0,0,0,-0,0,1.40971,0,0,0,0,0,0,0,0,0,0,0,0,0,0,0,0,0,0,0,0,0,0,0,0,0
6.5,0,0,0,0,-0,0,3.02079,1.95869,-3.12305,-5.61467e-05,-0.000161117,-0.000114429,-0.000285533,-0.000638469,-0.000554419,0,0,0,0,0,0,0,0,0,0,0,0,0,0,0,0,0,0,0,0,0,0,0,0,0,0,0,0,0,0,0,0,0,0,0,0,0,0,0,0,1.8487,1.17544,0.00612265,-0.000183087,-0.000115955,5.72286e-05,-0.000533536,-0.000985917,0.000501301,0,0,0,0,0,0,0,0,0,0,0,0,0,0,0,0,0,0,0,0,0,0,0,0,0,0,0,0,0,0,0,0,0,0,0,0,0,0,0,0,0,0,0,0,0,0,0,0,0,0,0,0,1,0,0,0,0,0,0.9164,0.7332,3.1292,0,0,0,0,0,0,0,-0,0,1.40971,0,0,0,0,0,0,0,0,0,0,0,0,0,0,0,0,0,0,0,0,0,0,0,0,0
6.55,0,0,0,0,-0,0,3.02079,1.95869,-3.12305,-5.61467e-05,-0.000161117,-0.000114429,-0.000285533,-0.000638469,-0.000554419,0,0,0,0,0,0,0,0,0,0,0,0,0,0,0,0,0,0,0,0,0,0,0,0,0,0,0,0,0,0,0,0,0,0,0,0,0,0,0,0,1.8487,1.17544,0.00612265,-0.000183087,-0.000115955,5.72286e-05,-0.000533536,-0.000985917,0.000501301,0,0,0,0,0,0,0,0,0,0,0,0,0,0,0,0,0,0,0,0,0,0,0,0,0,0,0,0,0,0,0,0,0,0,0,0,0,0,0,0,0,0,0,0,0,0,0,0,0,0,0,0,1,0,0,0,0,0,0.9164,0.7332,3.1292,0,0,0,0,0,0,0,-0,0,1.40971,0,0,0,0,0,0,0,0,0,0,0,0,0,0,0,0,0,0,0,0,0,0,0,0,0
6.6,0,0,0,0,-0,0,3.0208,1.95873,-3.12304,7.81697e-05,0.000357871,3.33977e-05,0.000335876,0.00161314,0.000290837,0,0,0,0,0,0,0,0,0,0,0,0,0,0,0,0,0,0,0,0,0,0,0,0,0,0,0,0,0,0,0,0,0,0,0,0,0,0,0,0,1.84871,1.17544,0.00614292,0.00013924,5.74059e-05,0.000202753,0.000838856,-1.75878e-05,0.00104458,0,0,0,0,0,0,0,0,0,0,0,0,0,0,0,0,0,0,0,0,0,0,0,0,0,0,0,0,0,0,0,0,0,0,0,0,0,0,0,0,0,0,0,0,0,0,0,0,0,0,0,0,1,0,0,0,0,0,0.9164,0.7332,3.1292,0,0,0,0,0,0,0,-0,0,1.40973,0,0,0,0,0,0,0,0,0,0,0,0,0,0,0,0,0,0,0,0,0,0,0,0,0
6.65,0,0,0,0,-0,0,3.0208,1.95873,-3.12304,7.81697e-05,0.000357871,3.33977e-05,0.000335876,0.00161314,0.000290837,0,0,0,0,0,0,0,0,0,0,0,0,0,0,0,0,0,0,0,0,0,0,0,0,0,0,0,0,0,0,0,0,0,0,0,0,0,0,0,0,1.84871,1.17544,0.00614292,0.00013924,5.74059e-05,0.000202753,0.000838856,-1.75878e-05,0.00104458,0,0,0,0,0,0,0,0,0,0,0,0,0,0,0,0,0,0,0,0,0,0,0,0,0,0,0,0,0,0,0,0,0,0,0,0,0,0,0,0,0,0,0,0,0,0,0,0,0,0,0,0,1,0,0,0,0,0,0.9164,0.7332,3.1292,0,0,0,0,0,0,0,-0,0,1.40973,0,0,0,0,0,0,0,0,0,0,0,0,0,0,0,0,0,0,0,0,0,0,0,0,0
6.7,0,0,0,0,-0,0,3.02079,1.95872,-3.12301,-7.32016e-05,-5.49012e-05,0.000347898,-0.000318962,-0.000375416,0.00154586,0,0,0,0,0,0,0,0,0,0,0,0,0,0,0,0,0,0,0,0,0,0,0,0,0,0,0,0,0,0,0,0,0,0,0,0,0,0,0,0,1.84872,1.17544,0.00613357,4.6361e-05,3.66008e-06,-9.34437e-05,0.000318537,-9.4154e-05,-0.000482479,0,0,0,0,0,0,0,0,0,0,0,0,0,0,0,0,0,0,0,0,0,0,0,0,0,0,0,0,0,0,0,0,0,0,0,0,0,0,0,0,0,0,0,0,0,0,0,0,0,0,0,0,1,0,0,0,0,0,0.9164,0.7332,3.1292,0,0,0,0,0,0,0,-0,0,1.40971,0,0,0,0,0,0,0,0,0,0,0,0,0,0,0,0,0,0,0,0,0,0,0,0,0
6.75,0,0,0,0,-0,0,3.02079,1.95872,-3.12301,-7.32016e-05,-5.49012e-05,0.000347898,-0.000318962,-0.000375416,0.00154586,0,0,0,0,0,0,0,0,0,0,0,0,0,0,0,0,0,0,0,0,0,0,0,0,0,0,0,0,0,0,0,0,0,0,0,0,0,0,0,0,1.84872,1.17544,0.00613357,4.6361e-05,3.66008e-06,-9.34437e-05,0.000318537,-9.4154e-05,-0.000482479,0,0,0,0,0,0,0,0,0,0,0,0,0,0,0,0,0,0,0,0,0,0,0,0,0,0,0,0,0,0,0,0,0,0,0,0,0,0,0,0,0,0,0,0,0,0,0,0,0,0,0,0,1,0,0,0,0,0,0.9164,0.7331,3.1291,0,0,0,0,0,0,0,-0,0,1.40971,0,0,0,0,0,0,0,0,0,0,0,0,0,0,0,0,0,0,0,0,0,0,0,0,0
6.8,0,0,0,0,-0,0,3.02079,1.95872,-3.12305,-7.32999e-05,-1.34383e-05,-0.000408017,-0.000280406,-0.000328972,-0.00192283,0,0,0,0,0,0,0,0,0,0,0,0,0,0,0,0,0,0,0,0,0,0,0,0,0,0,0,0,0,0,0,0,0,0,0,0,0,0,0,0,1.84871,1.17544,0.00614881,-9.77333e-05,-3.17633e-05,0.000152503,-0.000455016,-0.000208455,0.000486329,0,0,0,0,0,0,0,0,0,0,0,0,0,0,0,0,0,0,0,0,0,0,0,0,0,0,0,0,0,0,0,0,0,0,0,0,0,0,0,0,0,0,0,0,0,0,0,0,0,0,0,0,1,0,0,0,0,0,0.9164,0.7331,3.1291,0,0,0,0,0,0,0,-0,0,1.40972,0,0,0,0,0,0,0,0,0,0,0,0,0,0,0,0,0,0,0,0,0,0,0,0,0
6.85,0,0,0,0,-0,0,3.02079,1.95872,-3.12305,-7.32999e-05,-1.34383e-05,-0.000408017,-0.000280406,-0.000328972,-0.00192283,0,0,0,0,0,0,0,0,0,0,0,0,0,0,0,0,0,0,0,0,0,0,0,0,0,0,0,0,0,0,0,0,0,0,0,0,0,0,0,0,1.84871,1.17544,0.00614881,-9.77333e-05,-3.17633e-05,0.000152503,-0.000455016,-0.000208455,0.000486329,0,0,0,0,0,0,0,0,0,0,0,0,0,0,0,0,0,0,0,0,0,0,0,0,0,0,0,0,0,0,0,0,0,0,0,0,0,0,0,0,0,0,0,0,0,0,0,0,0,0,0,0,1,0,0,0,0,0,0.9164,0.7331,3.1291,0,0,0,0,0,0,0,-0,0,1.40972,0,0,0,0,0,0,0,0,0,0,0,0,0,0,0,0,0,0,0,0,0,0,0,0,0
6.95,0,0,0,0,-0,0,3.02079,1.95871,-3.12298,2.44127e-05,-8.91064e-05,0.000729521,0.00022707,-0.000493642,0.00292046,0,0,0,0,0,0,0,0,0,0,0,0,0,0,0,0,0,0,0,0,0,0,0,0,0,0,0,0,0,0,0,0,0,0,0,0,0,0,0,0,1.84876,1.17539,0.00612879,0.000524874,-0.000518771,-0.000200149,0.00210969,-0.0020867,-0.000985626,0,0,0,0,0,0,0,0,0,0,0,0,0,0,0,0,0,0,0,0,0,0,0,0,0,0,0,0,0,0,0,0,0,0,0,0,0,0,0,0,0,0,0,0,0,0,0,0,0,0,0,0,1,0,0,0,0,0,0.9164,0.7331,3.1291,0,0,0,0,0,0,0,-0,0,1.4097,0,0,0,0,0,0,0,0,0,0,0,0,0,0,0,0,0,0,0,0,0,0,0,0,0
7,0,0,0,0,-0,0,3.02079,1.95871,-3.12298,2.44127e-05,-8.91064e-05,0.000729521,0.00022707,-0.000493642,0.00292046,0,0,0,0,0,0,0,0,0,0,0,0,0,0,0,0,0,0,0,0,0,0,0,0,0,0,0,0,0,0,0,0,0,0,0,0,0,0,0,0,1.84876,1.17539,0.00612879,0.000524874,-0.000518771,-0.000200149,0.00210969,-0.0020867,-0.000985626,0,0,0,0,0,0,0,0,0,0,0,0,0,0,0,0,0,0,0,0,0,0,0,0,0,0,0,0,0,0,0,0,0,0,0,0,0,0,0,0,0,0,0,0,0,0,0,0,0,0,0,0,1,0,0,0,0,0,0.9164,0.7332,3.1291,0,0,0,0,0,0,0,-0,0,1.4097,0,0,0,0,0,0,0,0,0,0,0,0,0,0,0,0,0,0,0,0,0,0,0,0,0
7.05,0,0,0,0,-0,0,3.02081,1.9587,-3.12302,0.000190376,-9.27474e-05,-0.000486237,0.000868266,-0.000333202,-0.00244887,0,0,0,0,0,0,0,0,0,0,0,0,0,0,0,0,0,0,0,0,0,0,0,0,0,0,0,0,0,0,0,0,0,0,0,0,0,0,0,0,1.84869,1.17548,0.00617692,-0.000729775,0.000943338,0.000481135,-0.00339967,0.00433547,0.00193127,0,0,0,0,0,0,0,0,0,0,0,0,0,0,0,0,0,0,0,0,0,0,0,0,0,0,0,0,0,0,0,0,0,0,0,0,0,0,0,0,0,0,0,0,0,0,0,0,0,0,0,0,1,0,0,0,0,0,0.9164,0.7332,3.1291,0,0,0,0,0,0,0,-0,0,1.40972,0,0,0,0,0,0,0,0,0,0,0,0,0,0,0,0,0,0,0,0,0,0,0,0,0
7.1,0,0,0,0,-0,0,3.02081,1.9587,-3.12302,0.000190376,-9.27474e-05,-0.000486237,0.000868266,-0.000333202,-0.00244887,0,0,0,0,0,0,0,0,0,0,0,0,0,0,0,0,0,0,0,0,0,0,0,0,0,0,0,0,0,0,0,0,0,0,0,0,0,0,0,0,1.84869,1.17548,0.00617692,-0.000729775,0.000943338,0.000481135,-0.00339967,0.00433547,0.00193127,0,0,0,0,0,0,0,0,0,0,0,0,0,0,0,0,0,0,0,0,0,0,0,0,0,0,0,0,0,0,0,0,0,0,0,0,0,0,0,0,0,0,0,0,0,0,0,0,0,0,0,0,1,0,0,0,0,0,0.9164,0.7332,3.1291,0,0,0,0,0,0,0,-0,0,1.40972,0,0,0,0,0,0,0,0,0,0,0,0,0,0,0,0,0,0,0,0,0,0,0,0,0
7.1,0,0,0,0,-0,0,3.0208,1.95869,-3.12309,-4.88437e-05,-7.9371e-05,-0.000696404,-0.000347921,-0.000124807,-0.00303617,0,0,0,0,0,0,0,0,0,0,0,0,0,0,0,0,0,0,0,0,0,0,0,0,0,0,0,0,0,0,0,0,0,0,0,0,0,0,0,0,1.8487,1.17545,0.00612991,0.000163626,-0.00036877,-0.000470184,0.000783631,-0.00177142,-0.00224726,0,0,0,0,0,0,0,0,0,0,0,0,0,0,0,0,0,0,0,0,0,0,0,0,0,0,0,0,0,0,0,0,0,0,0,0,0,0,0,0,0,0,0,0,0,0,0,0,0,0,0,0,1,0,0,0,0,0,0.9164,0.7332,3.1291,0,0,0,0,0,0,0,-0,0,1.40971,0,0,0,0,0,0,0,0,0,0,0,0,0,0,0,0,0,0,0,0,0,0,0,0,0
7.15,0,0,0,0,-0,0,3.0208,1.95869,-3.12309,-4.88437e-05,-7.9371e-05,-0.000696404,-0.000347921,-0.000124807,-0.00303617,0,0,0,0,0,0,0,0,0,0,0,0,0,0,0,0,0,0,0,0,0,0,0,0,0,0,0,0,0,0,0,0,0,0,0,0,0,0,0,0,1.8487,1.17545,0.00612991,0.000163626,-0.00036877,-0.000470184,0.000783631,-0.00177142,-0.00224726,0,0,0,0,0,0,0,0,0,0,0,0,0,0,0,0,0,0,0,0,0,0,0,0,0,0,0,0,0,0,0,0,0,0,0,0,0,0,0,0,0,0,0,0,0,0,0,0,0,0,0,0,1,0,0,0,0,0,0.8933,0.7101,3.1061,0,0,0,0,0,0,0,-0,0,1.40971,0,0,0,0,0,0,0,0,0,0,0,0,0,0,0,0,0,0,0,0,0,0,0,0,0
7.2,0,0,0,0,-0,0,3.0208,1.95869,-3.12303,-3.41846e-05,-4.0289e-05,0.000600902,-0.000314935,0.000109329,0.00328033,0,0,0,0,0,0,0,0,0,0,0,0,0,0,0,0,0,0,0,0,0,0,0,0,0,0,0,0,0,0,0,0,0,0,0,0,0,0,0,0,1.8487,1.17544,0.00616804,-5.86022e-05,-2.93011e-05,0.000381315,0.000148738,-0.000533879,0.0014871,0,0,0,0,0,0,0,0,0,0,0,0,0,0,0,0,0,0,0,0,0,0,0,0,0,0,0,0,0,0,0,0,0,0,0,0,0,0,0,0,0,0,0,0,0,0,0,0,0,0,0,0,1,0,0,0,0,0,0.8933,0.7101,3.1061,0,0,0,0,0,0,0,-0,0,1.40972,0,0,0,0,0,0,0,0,0,0,0,0,0,0,0,0,0,0,0,0,0,0,0,0,0
7.25,0,0,0,0,-0,0,3.0208,1.95869,-3.12303,-3.41846e-05,-4.0289e-05,0.000600902,-0.000314935,0.000109329,0.00328033,0,0,0,0,0,0,0,0,0,0,0,0,0,0,0,0,0,0,0,0,0,0,0,0,0,0,0,0,0,0,0,0,0,0,0,0,0,0,0,0,1.8487,1.17544,0.00616804,-5.86022e-05,-2.93011e-05,0.000381315,0.000148738,-0.000533879,0.0014871,0,0,0,0,0,0,0,0,0,0,0,0,0,0,0,0,0,0,0,0,0,0,0,0,0,0,0,0,0,0,0,0,0,0,0,0,0,0,0,0,0,0,0,0,0,0,0,0,0,0,0,0,1,0,0,0,0,0,0.8933,0.7101,3.1061,0,0,0,0,0,0,0,-0,0,1.40972,0,0,0,0,0,0,0,0,0,0,0,0,0,0,0,0,0,0,0,0,0,0,0,0,0
7.3,0,0,0,0,-0,0,3.0208,1.95871,-3.12309,-3.90402e-05,0.000195201,-0.000593323,-0.000204042,0.00103836,-0.00194721,0,0,0,0,0,0,0,0,0,0,0,0,0,0,0,0,0,0,0,0,0,0,0,0,0,0,0,0,0,0,0,0,0,0,0,0,0,0,0,0,1.84871,1.17543,0.00614125,0.000112241,-0.000101261,-0.00026778,0.000686007,-0.000440554,-0.00119517,0,0,0,0,0,0,0,0,0,0,0,0,0,0,0,0,0,0,0,0,0,0,0,0,0,0,0,0,0,0,0,0,0,0,0,0,0,0,0,0,0,0,0,0,0,0,0,0,0,0,0,0,1,0,0,0,0,0,0.8933,0.7101,3.1061,0,0,0,0,0,0,0,-0,0,1.40972,0,0,0,0,0,0,0,0,0,0,0,0,0,0,0,0,0,0,0,0,0,0,0,0,0
7.35,0,0,0,0,-0,0,3.0208,1.95871,-3.12309,-3.90402e-05,0.000195201,-0.000593323,-0.000204042,0.00103836,-0.00194721,0,0,0,0,0,0,0,0,0,0,0,0,0,0,0,0,0,0,0,0,0,0,0,0,0,0,0,0,0,0,0,0,0,0,0,0,0,0,0,0,1.84871,1.17543,0.00614125,0.000112241,-0.000101261,-0.00026778,0.000686007,-0.000440554,-0.00119517,0,0,0,0,0,0,0,0,0,0,0,0,0,0,0,0,0,0,0,0,0,0,0,0,0,0,0,0,0,0,0,0,0,0,0,0,0,0,0,0,0,0,0,0,0,0,0,0,0,0,0,0,1,0,0,0,0,0,0.9813,0.7981,3.1941,0,0,0,0,0,0,0,-0,0,1.40972,0,0,0,0,0,0,0,0,0,0,0,0,0,0,0,0,0,0,0,0,0,0,0,0,0
7.4,0,0,0,0,-0,0,3.0208,1.95872,-3.12302,0,9.52853e-05,0.000763504,4.85776e-05,0.000349039,0.0035424,0,0,0,0,0,0,0,0,0,0,0,0,0,0,0,0,0,0,0,0,0,0,0,0,0,0,0,0,0,0,0,0,0,0,0,0,0,0,0,0,1.84872,1.17545,0.00615914,6.23018e-05,0.000156365,0.000179109,0.00028485,0.00077764,0.000705402,0,0,0,0,0,0,0,0,0,0,0,0,0,0,0,0,0,0,0,0,0,0,0,0,0,0,0,0,0,0,0,0,0,0,0,0,0,0,0,0,0,0,0,0,0,0,0,0,0,0,0,0,1,0,0,0,0,0,0.9813,0.7981,3.1941,0,0,0,0,0,0,0,-0,0,1.40971,0,0,0,0,0,0,0,0,0,0,0,0,0,0,0,0,0,0,0,0,0,0,0,0,0
7.45,0,0,0,0,-0,0,3.0208,1.95872,-3.12302,0,9.52853e-05,0.000763504,4.85776e-05,0.000349039,0.0035424,0,0,0,0,0,0,0,0,0,0,0,0,0,0,0,0,0,0,0,0,0,0,0,0,0,0,0,0,0,0,0,0,0,0,0,0,0,0,0,0,1.84872,1.17545,0.00615914,6.23018e-05,0.000156365,0.000179109,0.00028485,0.00077764,0.000705402,0,0,0,0,0,0,0,0,0,0,0,0,0,0,0,0,0,0,0,0,0,0,0,0,0,0,0,0,0,0,0,0,0,0,0,0,0,0,0,0,0,0,0,0,0,0,0,0,0,0,0,0,1,0,0,0,0,0,0.9813,0.7981,3.1941,0,0,0,0,0,0,0,-0,0,1.40971,0,0,0,0,0,0,0,0,0,0,0,0,0,0,0,0,0,0,0,0,0,0,0,0,0
7.5,0,0,0,0,-0,0,3.02079,1.9587,-3.12308,-3.41823e-05,-0.000202652,-0.000677161,-7.32692e-05,-0.00107373,-0.00288453,0,0,0,0,0,0,0,0,0,0,0,0,0,0,0,0,0,0,0,0,0,0,0,0,0,0,0,0,0,0,0,0,0,0,0,0,0,0,0,0,1.84867,1.17544,0.00631309,-0.000501748,-4.27279e-05,0.00153959,-0.00213683,-0.000163395,0.00611718,0,0,0,0,0,0,0,0,0,0,0,0,0,0,0,0,0,0,0,0,0,0,0,0,0,0,0,0,0,0,0,0,0,0,0,0,0,0,0,0,0,0,0,0,0,0,0,0,0,0,0,0,1,0,0,0,0,0,0.9813,0.7981,3.1941,0,0,0,0,0,0,0,-0,0,1.40974,0,0,0,0,0,0,0,0,0,0,0,0,0,0,0,0,0,0,0,0,0,0,0,0,0
7.55,0,0,0,0,-0,0,3.02079,1.9587,-3.12308,-3.41823e-05,-0.000202652,-0.000677161,-7.32692e-05,-0.00107373,-0.00288453,0,0,0,0,0,0,0,0,0,0,0,0,0,0,0,0,0,0,0,0,0,0,0,0,0,0,0,0,0,0,0,0,0,0,0,0,0,0,0,0,1.84867,1.17544,0.00631309,-0.000501748,-4.27279e-05,0.00153959,-0.00213683,-0.000163395,0.00611718,0,0,0,0,0,0,0,0,0,0,0,0,0,0,0,0,0,0,0,0,0,0,0,0,0,0,0,0,0,0,0,0,0,0,0,0,0,0,0,0,0,0,0,0,0,0,0,0,0,0,0,0,1,0,0,0,0,0,0.9977,0.8145,3.2107,0,0,0,0,0,0,0,-0,0,1.40974,0,0,0,0,0,0,0,0,0,0,0,0,0,0,0,0,0,0,0,0,0,0,0,0,0
7.6,0,0,0,0,-0,0,3.02079,1.95873,-3.12302,-3.90695e-05,0.000294242,0.000684384,-8.002e-05,0.00114821,0.00283881,0,0,0,0,0,0,0,0,0,0,0,0,0,0,0,0,0,0,0,0,0,0,0,0,0,0,0,0,0,0,0,0,0,0,0,0,0,0,0,0,1.8487,1.17545,0.00614707,0.000363835,9.40112e-05,-0.00166046,0.00184765,0.000320771,-0.00838079,0,0,0,0,0,0,0,0,0,0,0,0,0,0,0,0,0,0,0,0,0,0,0,0,0,0,0,0,0,0,0,0,0,0,0,0,0,0,0,0,0,0,0,0,0,0,0,0,0,0,0,0,1,0,0,0,0,0,0.9977,0.8145,3.2107,0,0,0,0,0,0,0,-0,0,1.40972,0,0,0,0,0,0,0,0,0,0,0,0,0,0,0,0,0,0,0,0,0,0,0,0,0
7.65,0,0,0,0,-0,0,3.02079,1.95873,-3.12302,-3.90695e-05,0.000294242,0.000684384,-8.002e-05,0.00114821,0.00283881,0,0,0,0,0,0,0,0,0,0,0,0,0,0,0,0,0,0,0,0,0,0,0,0,0,0,0,0,0,0,0,0,0,0,0,0,0,0,0,0,1.8487,1.17545,0.00614707,0.000363835,9.40112e-05,-0.00166046,0.00184765,0.000320771,-0.00838079,0,0,0,0,0,0,0,0,0,0,0,0,0,0,0,0,0,0,0,0,0,0,0,0,0,0,0,0,0,0,0,0,0,0,0,0,0,0,0,0,0,0,0,0,0,0,0,0,0,0,0,0,1,0,0,0,0,0,0.9977,0.8145,3.2107,0,0,0,0,0,0,0,-0,0,1.40972,0,0,0,0,0,0,0,0,0,0,0,0,0,0,0,0,0,0,0,0,0,0,0,0,0
7.7,0,0,0,0,-0,0,3.0208,1.95871,-3.12306,0.000124513,-0.00018677,-0.000443465,0.00060466,-0.000931684,-0.00202706,0,0,0,0,0,0,0,0,0,0,0,0,0,0,0,0,0,0,0,0,0,0,0,0,0,0,0,0,0,0,0,0,0,0,0,0,0,0,0,0,1.8487,1.17544,0.00614287,3.17387e-05,-0.000129396,-4.20404e-05,0.000321932,-0.000634499,-0.000528579,0,0,0,0,0,0,0,0,0,0,0,0,0,0,0,0,0,0,0,0,0,0,0,0,0,0,0,0,0,0,0,0,0,0,0,0,0,0,0,0,0,0,0,0,0,0,0,0,0,0,0,0,1,0,0,0,0,0,0.9977,0.8145,3.2107,0,0,0,0,0,0,0,-0,0,1.40972,0,0,0,0,0,0,0,0,0,0,0,0,0,0,0,0,0,0,0,0,0,0,0,0,0
7.75,0,0,0,0,-0,0,3.0208,1.95871,-3.12306,0.000124513,-0.00018677,-0.000443465,0.00060466,-0.000931684,-0.00202706,0,0,0,0,0,0,0,0,0,0,0,0,0,0,0,0,0,0,0,0,0,0,0,0,0,0,0,0,0,0,0,0,0,0,0,0,0,0,0,0,1.8487,1.17544,0.00614287,3.17387e-05,-0.000129396,-4.20404e-05,0.000321932,-0.000634499,-0.000528579,0,0,0,0,0,0,0,0,0,0,0,0,0,0,0,0,0,0,0,0,0,0,0,0,0,0,0,0,0,0,0,0,0,0,0,0,0,0,0,0,0,0,0,0,0,0,0,0,0,0,0,0,1,0,0,0,0,0,0.9015,0.7183,3.1143,0,0,0,0,0,0,0,-0,0,1.40972,0,0,0,0,0,0,0,0,0,0,0,0,0,0,0,0,0,0,0,0,0,0,0,0,0
7.8,0,0,0,0,-0,0,3.0208,1.95871,-3.12305,-4.63943e-05,3.05226e-05,7.15373e-05,-0.000227165,2.72791e-05,0.000182027,0,0,0,0,0,0,0,0,0,0,0,0,0,0,0,0,0,0,0,0,0,0,0,0,0,0,0,0,0,0,0,0,0,0,0,0,0,0,0,0,1.84871,1.17544,0.00610271,3.41853e-05,6.10452e-06,-0.00040169,-3.46941e-06,3.11438e-05,-0.000691414,0,0,0,0,0,0,0,0,0,0,0,0,0,0,0,0,0,0,0,0,0,0,0,0,0,0,0,0,0,0,0,0,0,0,0,0,0,0,0,0,0,0,0,0,0,0,0,0,0,0,0,0,1,0,0,0,0,0,0.9015,0.7183,3.1143,0,0,0,0,0,0,0,-0,0,1.40972,0,0,0,0,0,0,0,0,0,0,0,0,0,0,0,0,0,0,0,0,0,0,0,0,0
7.85,0,0,0,0,-0,0,3.0208,1.95871,-3.12305,-4.63943e-05,3.05226e-05,7.15373e-05,-0.000227165,2.72791e-05,0.000182027,0,0,0,0,0,0,0,0,0,0,0,0,0,0,0,0,0,0,0,0,0,0,0,0,0,0,0,0,0,0,0,0,0,0,0,0,0,0,0,0,1.84871,1.17544,0.00610271,3.41853e-05,6.10452e-06,-0.00040169,-3.46941e-06,3.11438e-05,-0.000691414,0,0,0,0,0,0,0,0,0,0,0,0,0,0,0,0,0,0,0,0,0,0,0,0,0,0,0,0,0,0,0,0,0,0,0,0,0,0,0,0,0,0,0,0,0,0,0,0,0,0,0,0,1,0,0,0,0,0,0.9015,0.7183,3.1143,0,0,0,0,0,0,0,-0,0,1.40972,0,0,0,0,0,0,0,0,0,0,0,0,0,0,0,0,0,0,0,0,0,0,0,0,0
7.9,0,0,0,0,-0,0,3.02081,1.95868,-3.12302,7.80966e-05,-0.000334351,0.000381331,0.000248462,-0.00131185,0.00164625,0,0,0,0,0,0,0,0,0,0,0,0,0,0,0,0,0,0,0,0,0,0,0,0,0,0,0,0,0,0,0,0,0,0,0,0,0,0,0,0,1.84871,1.17543,0.00613533,2.07444e-05,-0.00014155,0.000326077,-9.98001e-05,-0.000481238,0.00247064,0,0,0,0,0,0,0,0,0,0,0,0,0,0,0,0,0,0,0,0,0,0,0,0,0,0,0,0,0,0,0,0,0,0,0,0,0,0,0,0,0,0,0,0,0,0,0,0,0,0,0,0,1,0,0,0,0,0,0.9015,0.7183,3.1143,0,0,0,0,0,0,0,-0,0,1.40971,0,0,0,0,0,0,0,0,0,0,0,0,0,0,0,0,0,0,0,0,0,0,0,0,0
7.95,0,0,0,0,-0,0,3.02081,1.95868,-3.12302,7.80966e-05,-0.000334351,0.000381331,0.000248462,-0.00131185,0.00164625,0,0,0,0,0,0,0,0,0,0,0,0,0,0,0,0,0,0,0,0,0,0,0,0,0,0,0,0,0,0,0,0,0,0,0,0,0,0,0,0,1.84871,1.17543,0.00613533,2.07444e-05,-0.00014155,0.000326077,-9.98001e-05,-0.000481238,0.00247064,0,0,0,0,0,0,0,0,0,0,0,0,0,0,0,0,0,0,0,0,0,0,0,0,0,0,0,0,0,0,0,0,0,0,0,0,0,0,0,0,0,0,0,0,0,0,0,0,0,0,0,0,1,0,0,0,0,0,0.9557,0.7724,3.1684,0,0,0,0,0,0,0,-0,0,1.40971,0,0,0,0,0,0,0,0,0,0,0,0,0,0,0,0,0,0,0,0,0,0,0,0,0
8,0,0,0,0,-0,0,3.0208,1.95869,-3.12302,-8.30389e-05,0.000112347,-5.48568e-05,-0.000430378,0.000816372,-0.000556724,0,0,0,0,0,0,0,0,0,0,0,0,0,0,0,0,0,0,0,0,0,0,0,0,0,0,0,0,0,0,0,0,0,0,0,0,0,0,0,0,1.84871,1.17544,0.00613903,-2.44232e-06,0.000137991,3.70386e-05,-0.000165645,0.000758829,0.000756147,0,0,0,0,0,0,0,0,0,0,0,0,0,0,0,0,0,0,0,0,0,0,0,0,0,0,0,0,0,0,0,0,0,0,0,0,0,0,0,0,0,0,0,0,0,0,0,0,0,0,0,0,1,0,0,0,0,0,0.9557,0.7724,3.1684,0,0,0,0,0,0,0,-0,0,1.4097,0,0,0,0,0,0,0,0,0,0,0,0,0,0,0,0,0,0,0,0,0,0,0,0,0
8.05,0,0,0,0,-0,0,3.0208,1.95869,-3.12302,-8.30389e-05,0.000112347,-5.48568e-05,-0.000430378,0.000816372,-0.000556724,0,0,0,0,0,0,0,0,0,0,0,0,0,0,0,0,0,0,0,0,0,0,0,0,0,0,0,0,0,0,0,0,0,0,0,0,0,0,0,0,1.84871,1.17544,0.00613903,-2.44232e-06,0.000137991,3.70386e-05,-0.000165645,0.000758829,0.000756147,0,0,0,0,0,0,0,0,0,0,0,0,0,0,0,0,0,0,0,0,0,0,0,0,0,0,0,0,0,0,0,0,0,0,0,0,0,0,0,0,0,0,0,0,0,0,0,0,0,0,0,0,1,0,0,0,0,0,0.9557,0.7724,3.1684,0,0,0,0,0,0,0,-0,0,1.4097,0,0,0,0,0,0,0,0,0,0,0,0,0,0,0,0,0,0,0,0,0,0,0,0,0
8.1,0,0,0,0,-0,0,3.02079,1.95871,-3.1231,-4.63667e-05,0.00020987,-0.000741162,-0.000203828,0.00116792,-0.00337484,0,0,0,0,0,0,0,0,0,0,0,0,0,0,0,0,0,0,0,0,0,0,0,0,0,0,0,0,0,0,0,0,0,0,0,0,0,0,0,0,1.84875,1.17541,0.00612923,0.000403879,-0.000255017,-9.80028e-05,0.00151532,-0.000946895,-0.000317523,0,0,0,0,0,0,0,0,0,0,0,0,0,0,0,0,0,0,0,0,0,0,0,0,0,0,0,0,0,0,0,0,0,0,0,0,0,0,0,0,0,0,0,0,0,0,0,0,0,0,0,0,1,0,0,0,0,0,0.9557,0.7724,3.1684,0,0,0,0,0,0,0,-0,0,1.40969,0,0,0,0,0,0,0,0,0,0,0,0,0,0,0,0,0,0,0,0,0,0,0,0,0
8.15,0,0,0,0,-0,0,3.02079,1.95871,-3.1231,-4.63667e-05,0.00020987,-0.000741162,-0.000203828,0.00116792,-0.00337484,0,0,0,0,0,0,0,0,0,0,0,0,0,0,0,0,0,0,0,0,0,0,0,0,0,0,0,0,0,0,0,0,0,0,0,0,0,0,0,0,1.84875,1.17541,0.00612923,0.000403879,-0.000255017,-9.80028e-05,0.00151532,-0.000946895,-0.000317523,0,0,0,0,0,0,0,0,0,0,0,0,0,0,0,0,0,0,0,0,0,0,0,0,0,0,0,0,0,0,0,0,0,0,0,0,0,0,0,0,0,0,0,0,0,0,0,0,0,0,0,0,1,0,0,0,0,0,0.9225,0.7394,3.1354,0,0,0,0,0,0,0,-0,0,1.40969,0,0,0,0,0,0,0,0,0,0,0,0,0,0,0,0,0,0,0,0,0,0,0,0,0
8.2,0,0,0,0,-0,0,3.02079,1.95868,-3.12305,-1.46546e-05,-0.000260119,0.000422178,3.50865e-05,-0.00112937,0.00224161,0,0,0,0,0,0,0,0,0,0,0,0,0,0,0,0,0,0,0,0,0,0,0,0,0,0,0,0,0,0,0,0,0,0,0,0,0,0,0,0,1.84871,1.17543,0.00615307,-0.000388346,0.000194173,0.000238546,-0.00202868,0.000995739,0.00100885,0,0,0,0,0,0,0,0,0,0,0,0,0,0,0,0,0,0,0,0,0,0,0,0,0,0,0,0,0,0,0,0,0,0,0,0,0,0,0,0,0,0,0,0,0,0,0,0,0,0,0,0,1,0,0,0,0,0,0.9225,0.7394,3.1354,0,0,0,0,0,0,0,-0,0,1.4097,0,0,0,0,0,0,0,0,0,0,0,0,0,0,0,0,0,0,0,0,0,0,0,0,0
8.25,0,0,0,0,-0,0,3.02079,1.95868,-3.12305,-1.46546e-05,-0.000260119,0.000422178,3.50865e-05,-0.00112937,0.00224161,0,0,0,0,0,0,0,0,0,0,0,0,0,0,0,0,0,0,0,0,0,0,0,0,0,0,0,0,0,0,0,0,0,0,0,0,0,0,0,0,1.84871,1.17543,0.00615307,-0.000388346,0.000194173,0.000238546,-0.00202868,0.000995739,0.00100885,0,0,0,0,0,0,0,0,0,0,0,0,0,0,0,0,0,0,0,0,0,0,0,0,0,0,0,0,0,0,0,0,0,0,0,0,0,0,0,0,0,0,0,0,0,0,0,0,0,0,0,0,1,0,0,0,0,0,0.9225,0.7394,3.1354,0,0,0,0,0,0,0,-0,0,1.4097,0,0,0,0,0,0,0,0,0,0,0,0,0,0,0,0,0,0,0,0,0,0,0,0,0
8.3,0,0,0,0,-0,0,3.02079,1.95869,-3.12304,-1.9523e-05,8.90736e-05,9.53271e-05,3.38905e-05,0.000406064,0.000800246,0,0,0,0,0,0,0,0,0,0,0,0,0,0,0,0,0,0,0,0,0,0,0,0,0,0,0,0,0,0,0,0,0,0,0,0,0,0,0,0,1.84871,1.17543,0.00613824,-3.90461e-05,-7.32114e-06,-0.000148232,-0.000302313,5.57998e-05,-0.000759985,0,0,0,0,0,0,0,0,0,0,0,0,0,0,0,0,0,0,0,0,0,0,0,0,0,0,0,0,0,0,0,0,0,0,0,0,0,0,0,0,0,0,0,0,0,0,0,0,0,0,0,0,1,0,0,0,0,0,0.9225,0.7394,3.1354,0,0,0,0,0,0,0,-0,0,1.40971,0,0,0,0,0,0,0,0,0,0,0,0,0,0,0,0,0,0,0,0,0,0,0,0,0
8.35,0,0,0,0,-0,0,3.02079,1.95869,-3.12304,-1.9523e-05,8.90736e-05,9.53271e-05,3.38905e-05,0.000406064,0.000800246,0,0,0,0,0,0,0,0,0,0,0,0,0,0,0,0,0,0,0,0,0,0,0,0,0,0,0,0,0,0,0,0,0,0,0,0,0,0,0,0,1.84871,1.17543,0.00613824,-3.90461e-05,-7.32114e-06,-0.000148232,-0.000302313,5.57998e-05,-0.000759985,0,0,0,0,0,0,0,0,0,0,0,0,0,0,0,0,0,0,0,0,0,0,0,0,0,0,0,0,0,0,0,0,0,0,0,0,0,0,0,0,0,0,0,0,0,0,0,0,0,0,0,0,1,0,0,0,0,0,0.9163,0.7331,3.1291,0,0,0,0,0,0,0,-0,0,1.40971,0,0,0,0,0,0,0,0,0,0,0,0,0,0,0,0,0,0,0,0,0,0,0,0,0
8.4,0,0,0,0,-0,0,3.02079,1.95869,-3.1231,4.64092e-05,1.46555e-05,-0.00052239,0.000283664,0.000154222,-0.0021829,0,0,0,0,0,0,0,0,0,0,0,0,0,0,0,0,0,0,0,0,0,0,0,0,0,0,0,0,0,0,0,0,0,0,0,0,0,0,0,0,1.84877,1.17538,0.00612641,0.00066072,-0.000555688,-0.00011834,0.0028482,-0.00228473,-0.000576125,0,0,0,0,0,0,0,0,0,0,0,0,0,0,0,0,0,0,0,0,0,0,0,0,0,0,0,0,0,0,0,0,0,0,0,0,0,0,0,0,0,0,0,0,0,0,0,0,0,0,0,0,1,0,0,0,0,0,0.9163,0.7331,3.1291,0,0,0,0,0,0,0,-0,0,1.40969,0,0,0,0,0,0,0,0,0,0,0,0,0,0,0,0,0,0,0,0,0,0,0,0,0
8.45,0,0,0,0,-0,0,3.02079,1.95869,-3.1231,4.64092e-05,1.46555e-05,-0.00052239,0.000283664,0.000154222,-0.0021829,0,0,0,0,0,0,0,0,0,0,0,0,0,0,0,0,0,0,0,0,0,0,0,0,0,0,0,0,0,0,0,0,0,0,0,0,0,0,0,0,1.84877,1.17538,0.00612641,0.00066072,-0.000555688,-0.00011834,0.0028482,-0.00228473,-0.000576125,0,0,0,0,0,0,0,0,0,0,0,0,0,0,0,0,0,0,0,0,0,0,0,0,0,0,0,0,0,0,0,0,0,0,0,0,0,0,0,0,0,0,0,0,0,0,0,0,0,0,0,0,1,0,0,0,0,0,0.9163,0.7331,3.1291,0,0,0,0,0,0,0,-0,0,1.40969,0,0,0,0,0,0,0,0,0,0,0,0,0,0,0,0,0,0,0,0,0,0,0,0,0
8.5,0,0,0,0,-0,0,3.0208,1.95865,-3.12305,9.76243e-05,-0.000405141,0.00043378,0.000408851,-0.00161894,0.00210557,0,0,0,0,0,0,0,0,0,0,0,0,0,0,0,0,0,0,0,0,0,0,0,0,0,0,0,0,0,0,0,0,0,0,0,0,0,0,0,0,1.84871,1.17544,0.00614208,-0.000623576,0.000606492,0.00015663,-0.00299437,0.00295449,0.000777481,0,0,0,0,0,0,0,0,0,0,0,0,0,0,0,0,0,0,0,0,0,0,0,0,0,0,0,0,0,0,0,0,0,0,0,0,0,0,0,0,0,0,0,0,0,0,0,0,0,0,0,0,1,0,0,0,0,0,0.9163,0.7331,3.1291,0,0,0,0,0,0,0,-0,0,1.40969,0,0,0,0,0,0,0,0,0,0,0,0,0,0,0,0,0,0,0,0,0,0,0,0,0
8.55,0,0,0,0,-0,0,3.0208,1.95865,-3.12305,9.76243e-05,-0.000405141,0.00043378,0.000408851,-0.00161894,0.00210557,0,0,0,0,0,0,0,0,0,0,0,0,0,0,0,0,0,0,0,0,0,0,0,0,0,0,0,0,0,0,0,0,0,0,0,0,0,0,0,0,1.84871,1.17544,0.00614208,-0.000623576,0.000606492,0.00015663,-0.00299437,0.00295449,0.000777481,0,0,0,0,0,0,0,0,0,0,0,0,0,0,0,0,0,0,0,0,0,0,0,0,0,0,0,0,0,0,0,0,0,0,0,0,0,0,0,0,0,0,0,0,0,0,0,0,0,0,0,0,1,0,0,0,0,0,0.9164,0.7332,3.1292,0,0,0,0,0,0,0,-0,0,1.40969,0,0,0,0,0,0,0,0,0,0,0,0,0,0,0,0,0,0,0,0,0,0,0,0,0
8.6,0,0,0,0,-0,0,3.0208,1.95864,-3.1231,-2.93194e-05,-0.000108726,-0.000465274,-0.000244917,-2.71784e-05,-0.00174766,0,0,0,0,0,0,0,0,0,0,0,0,0,0,0,0,0,0,0,0,0,0,0,0,0,0,0,0,0,0,0,0,0,0,0,0,0,0,0,0,1.84871,1.17544,0.00616377,-1.95463e-05,2.07679e-05,0.000217025,-0.00017484,0.000142356,0.00089117,0,0,0,0,0,0,0,0,0,0,0,0,0,0,0,0,0,0,0,0,0,0,0,0,0,0,0,0,0,0,0,0,0,0,0,0,0,0,0,0,0,0,0,0,0,0,0,0,0,0,0,0,1,0,0,0,0,0,0.9164,0.7332,3.1292,0,0,0,0,0,0,0,-0,0,1.40968,0,0,0,0,0,0,0,0,0,0,0,0,0,0,0,0,0,0,0,0,0,0,0,0,0
8.65,0,0,0,0,-0,0,3.0208,1.95864,-3.1231,-2.93194e-05,-0.000108726,-0.000465274,-0.000244917,-2.71784e-05,-0.00174766,0,0,0,0,0,0,0,0,0,0,0,0,0,0,0,0,0,0,0,0,0,0,0,0,0,0,0,0,0,0,0,0,0,0,0,0,0,0,0,0,1.84871,1.17544,0.00616377,-1.95463e-05,2.07679e-05,0.000217025,-0.00017484,0.000142356,0.00089117,0,0,0,0,0,0,0,0,0,0,0,0,0,0,0,0,0,0,0,0,0,0,0,0,0,0,0,0,0,0,0,0,0,0,0,0,0,0,0,0,0,0,0,0,0,0,0,0,0,0,0,0,1,0,0,0,0,0,0.9164,0.7332,3.1292,0,0,0,0,0,0,0,-0,0,1.40968,0,0,0,0,0,0,0,0,0,0,0,0,0,0,0,0,0,0,0,0,0,0,0,0,0
8.7,0,0,0,0,-0,0,3.02079,1.95865,-3.12307,-8.78961e-05,0.000122078,0.000312348,-0.000469657,0.00112102,0.00153521,0,0,0,0,0,0,0,0,0,0,0,0,0,0,0,0,0,0,0,0,0,0,0,0,0,0,0,0,0,0,0,0,0,0,0,0,0,0,0,0,1.84873,1.17543,0.00615208,0.000170909,-0.000111091,-0.000116902,0.00103746,-0.00082183,-0.000783227,0,0,0,0,0,0,0,0,0,0,0,0,0,0,0,0,0,0,0,0,0,0,0,0,0,0,0,0,0,0,0,0,0,0,0,0,0,0,0,0,0,0,0,0,0,0,0,0,0,0,0,0,1,0,0,0,0,0,0.9164,0.7332,3.1292,0,0,0,0,0,0,0,-0,0,1.40967,0,0,0,0,0,0,0,0,0,0,0,0,0,0,0,0,0,0,0,0,0,0,0,0,0
8.75,0,0,0,0,-0,0,3.02079,1.95865,-3.12307,-8.78961e-05,0.000122078,0.000312348,-0.000469657,0.00112102,0.00153521,0,0,0,0,0,0,0,0,0,0,0,0,0,0,0,0,0,0,0,0,0,0,0,0,0,0,0,0,0,0,0,0,0,0,0,0,0,0,0,0,1.84873,1.17543,0.00615208,0.000170909,-0.000111091,-0.000116902,0.00103746,-0.00082183,-0.000783227,0,0,0,0,0,0,0,0,0,0,0,0,0,0,0,0,0,0,0,0,0,0,0,0,0,0,0,0,0,0,0,0,0,0,0,0,0,0,0,0,0,0,0,0,0,0,0,0,0,0,0,0,1,0,0,0,0,0,0.9164,0.7332,3.1293,0,0,0,0,0,0,0,-0,0,1.40967,0,0,0,0,0,0,0,0,0,0,0,0,0,0,0,0,0,0,0,0,0,0,0,0,0
8.8,0,0,0,0,-0,0,3.02079,1.95865,-3.12305,-1.46493e-05,-1.95323e-05,0.000214589,-1.97444e-05,0.000262846,0.000975864,0,0,0,0,0,0,0,0,0,0,0,0,0,0,0,0,0,0,0,0,0,0,0,0,0,0,0,0,0,0,0,0,0,0,0,0,0,0,0,0,1.84877,1.17537,0.00611458,0.000477322,-0.000574983,-0.000375018,0.00201149,-0.00247767,-0.00172849,0,0,0,0,0,0,0,0,0,0,0,0,0,0,0,0,0,0,0,0,0,0,0,0,0,0,0,0,0,0,0,0,0,0,0,0,0,0,0,0,0,0,0,0,0,0,0,0,0,0,0,0,1,0,0,0,0,0,0.9164,0.7332,3.1293,0,0,0,0,0,0,0,-0,0,1.40966,0,0,0,0,0,0,0,0,0,0,0,0,0,0,0,0,0,0,0,0,0,0,0,0,0
8.85,0,0,0,0,-0,0,3.02079,1.95865,-3.12305,-1.46493e-05,-1.95323e-05,0.000214589,-1.97444e-05,0.000262846,0.000975864,0,0,0,0,0,0,0,0,0,0,0,0,0,0,0,0,0,0,0,0,0,0,0,0,0,0,0,0,0,0,0,0,0,0,0,0,0,0,0,0,1.84877,1.17537,0.00611458,0.000477322,-0.000574983,-0.000375018,0.00201149,-0.00247767,-0.00172849,0,0,0,0,0,0,0,0,0,0,0,0,0,0,0,0,0,0,0,0,0,0,0,0,0,0,0,0,0,0,0,0,0,0,0,0,0,0,0,0,0,0,0,0,0,0,0,0,0,0,0,0,1,0,0,0,0,0,0.9164,0.7332,3.1293,0,0,0,0,0,0,0,-0,0,1.40966,0,0,0,0,0,0,0,0,0,0,0,0,0,0,0,0,0,0,0,0,0,0,0,0,0
8.9,0,0,0,0,-0,0,3.02077,1.95869,-3.12307,-0.00018309,0.000373505,-0.000207407,-0.000624022,0.00161217,-0.00117595,0,0,0,0,0,0,0,0,0,0,0,0,0,0,0,0,0,0,0,0,0,0,0,0,0,0,0,0,0,0,0,0,0,0,0,0,0,0,0,0,1.84871,1.17543,0.00615137,-0.000635934,0.000595654,0.000367935,-0.0031087,0.00296578,0.00180287,0,0,0,0,0,0,0,0,0,0,0,0,0,0,0,0,0,0,0,0,0,0,0,0,0,0,0,0,0,0,0,0,0,0,0,0,0,0,0,0,0,0,0,0,0,0,0,0,0,0,0,0,1,0,0,0,0,0,0.9164,0.7332,3.1293,0,0,0,0,0,0,0,-0,0,1.40969,0,0,0,0,0,0,0,0,0,0,0,0,0,0,0,0,0,0,0,0,0,0,0,0,0
8.95,0,0,0,0,-0,0,3.02077,1.95869,-3.12307,-0.00018309,0.000373505,-0.000207407,-0.000624022,0.00161217,-0.00117595,0,0,0,0,0,0,0,0,0,0,0,0,0,0,0,0,0,0,0,0,0,0,0,0,0,0,0,0,0,0,0,0,0,0,0,0,0,0,0,0,1.84871,1.17543,0.00615137,-0.000635934,0.000595654,0.000367935,-0.0031087,0.00296578,0.00180287,0,0,0,0,0,0,0,0,0,0,0,0,0,0,0,0,0,0,0,0,0,0,0,0,0,0,0,0,0,0,0,0,0,0,0,0,0,0,0,0,0,0,0,0,0,0,0,0,0,0,0,0,1,0,0,0,0,0,0.9164,0.7332,3.1292,0,0,0,0,0,0,0,-0,0,1.40969,0,0,0,0,0,0,0,0,0,0,0,0,0,0,0,0,0,0,0,0,0,0,0,0,0
9,0,0,0,0,-0,0,3.02078,1.9587,-3.12305,7.32322e-05,6.10268e-05,0.000150183,0.000567806,-9.81065e-05,0.00043164,0,0,0,0,0,0,0,0,0,0,0,0,0,0,0,0,0,0,0,0,0,0,0,0,0,0,0,0,0,0,0,0,0,0,0,0,0,0,0,0,1.84869,1.17545,0.00612536,-0.000175757,0.000231902,-0.000260101,-0.00072054,0.00106378,-0.000949216,0,0,0,0,0,0,0,0,0,0,0,0,0,0,0,0,0,0,0,0,0,0,0,0,0,0,0,0,0,0,0,0,0,0,0,0,0,0,0,0,0,0,0,0,0,0,0,0,0,0,0,0,1,0,0,0,0,0,0.9164,0.7332,3.1292,0,0,0,0,0,0,0,-0,0,1.4097,0,0,0,0,0,0,0,0,0,0,0,0,0,0,0,0,0,0,0,0,0,0,0,0,0
9.05,0,0,0,0,-0,0,3.02078,1.9587,-3.12305,7.32322e-05,6.10268e-05,0.000150183,0.000567806,-9.81065e-05,0.00043164,0,0,0,0,0,0,0,0,0,0,0,0,0,0,0,0,0,0,0,0,0,0,0,0,0,0,0,0,0,0,0,0,0,0,0,0,0,0,0,0,1.84869,1.17545,0.00612536,-0.000175757,0.000231902,-0.000260101,-0.00072054,0.00106378,-0.000949216,0,0,0,0,0,0,0,0,0,0,0,0,0,0,0,0,0,0,0,0,0,0,0,0,0,0,0,0,0,0,0,0,0,0,0,0,0,0,0,0,0,0,0,0,0,0,0,0,0,0,0,0,1,0,0,0,0,0,0.9164,0.7332,3.1292,0,0,0,0,0,0,0,-0,0,1.4097,0,0,0,0,0,0,0,0,0,0,0,0,0,0,0,0,0,0,0,0,0,0,0,0,0
9.1,0,0,0,0,-0,0,3.02078,1.95871,-3.12302,4.88241e-05,0.000178208,0.000338526,0.000404624,0.000177907,0.00122923,0,0,0,0,0,0,0,0,0,0,0,0,0,0,0,0,0,0,0,0,0,0,0,0,0,0,0,0,0,0,0,0,0,0,0,0,0,0,0,0,1.84871,1.17544,0.00613428,0.000186752,-0.000136707,8.92366e-05,0.00133909,-0.00109162,0.000453654,0,0,0,0,0,0,0,0,0,0,0,0,0,0,0,0,0,0,0,0,0,0,0,0,0,0,0,0,0,0,0,0,0,0,0,0,0,0,0,0,0,0,0,0,0,0,0,0,0,0,0,0,1,0,0,0,0,0,0.9164,0.7332,3.1292,0,0,0,0,0,0,0,-0,0,1.40971,0,0,0,0,0,0,0,0,0,0,0,0,0,0,0,0,0,0,0,0,0,0,0,0,0
9.15,0,0,0,0,-0,0,3.02078,1.95871,-3.12302,4.88241e-05,0.000178208,0.000338526,0.000404624,0.000177907,0.00122923,0,0,0,0,0,0,0,0,0,0,0,0,0,0,0,0,0,0,0,0,0,0,0,0,0,0,0,0,0,0,0,0,0,0,0,0,0,0,0,0,1.84871,1.17544,0.00613428,0.000186752,-0.000136707,8.92366e-05,0.00133909,-0.00109162,0.000453654,0,0,0,0,0,0,0,0,0,0,0,0,0,0,0,0,0,0,0,0,0,0,0,0,0,0,0,0,0,0,0,0,0,0,0,0,0,0,0,0,0,0,0,0,0,0,0,0,0,0,0,0,1,0,0,0,0,0,0.9164,0.7332,3.1291,0,0,0,0,0,0,0,-0,0,1.40971,0,0,0,0,0,0,0,0,0,0,0,0,0,0,0,0,0,0,0,0,0,0,0,0,0
9.2,0,0,0,0,-0,0,3.02079,1.95872,-3.123,2.1979e-05,4.27369e-05,0.000135938,0.000113594,-0.000397189,3.64129e-05,0,0,0,0,0,0,0,0,0,0,0,0,0,0,0,0,0,0,0,0,0,0,0,0,0,0,0,0,0,0,0,0,0,0,0,0,0,0,0,0,1.84868,1.17544,0.00630236,-0.000299158,-2.44211e-06,0.00168122,-0.000858822,-0.000410584,0.00682306,0,0,0,0,0,0,0,0,0,0,0,0,0,0,0,0,0,0,0,0,0,0,0,0,0,0,0,0,0,0,0,0,0,0,0,0,0,0,0,0,0,0,0,0,0,0,0,0,0,0,0,0,1,0,0,0,0,0,0.9164,0.7332,3.1291,0,0,0,0,0,0,0.87353,0.71183,3.29405,1.40974,0,0,0,0,1,0,0,0,0,0,0,0,0,0,0,0,0,0,0,0,0,0,0,0,0
9.25,0,0,0,0,-0,0,3.02079,1.95872,-3.123,2.1979e-05,4.27369e-05,0.000135938,0.000113594,-0.000397189,3.64129e-05,0,0,0,0,0,0,0,0,0,0,0,0,0,0,0,0,0,0,0,0,0,0,0,0,0,0,0,0,0,0,0,0,0,0,0,0,0,0,0,0,1.84868,1.17544,0.00630236,-0.000299158,-2.44211e-06,0.00168122,-0.000858822,-0.000410584,0.00682306,0,0,0,0,0,0,0,0,0,0,0,0,0,0,0,0,0,0,0,0,0,0,0,0,0,0,0,0,0,0,0,0,0,0,0,0,0,0,0,0,0,0,0,0,0,0,0,0,0,0,0,0,1,0,0,0,0,0,0.9164,0.7332,3.1291,0,0,0,0,0,0,0.87353,0.71183,3.29405,1.40974,0,0,0,0,1,0,0,0,0,0,0,0,0,0,0,0,0,0,0,0,0,0,0,0,0
9.3,0,0,0,0,-0,0,3.02079,1.95869,-3.12295,5.37175e-05,-0.0002576,0.000495971,0.000155657,-0.00151635,0.00129911,0,0,0,0,0,0,0,0,0,0,0,0,0,0,0,0,0,0,0,0,0,0,0,0,0,0,0,0,0,0,0,0,0,0,0,0,0,0,0,0,1.8487,1.17544,0.00614349,0.000223416,-3.54047e-05,-0.00158891,0.00127467,-0.000286089,-0.00810612,0,0,0,0,0,0,0,0,0,0,0,0,0,0,0,0,0,0,0,0,0,0,0,0,0,0,0,0,0,0,0,0,0,0,0,0,0,0,0,0,0,0,0,0,0,0,0,0,0,0,0,0,1,0,0,0,0,0,0.9164,0.7332,3.1291,0,0,0,0,0,0,0.87353,0.71183,3.29405,1.40971,0,0,0,0,1,0,0,0,0,0,0,0,0,0,0,0,0,0,0,0,0,0,0,0,0
9.35,0,0,0,0,-0,0,3.02079,1.95869,-3.12295,5.37175e-05,-0.0002576,0.000495971,0.000155657,-0.00151635,0.00129911,0,0,0,0,0,0,0,0,0,0,0,0,0,0,0,0,0,0,0,0,0,0,0,0,0,0,0,0,0,0,0,0,0,0,0,0,0,0,0,0,1.8487,1.17544,0.00614349,0.000223416,-3.54047e-05,-0.00158891,0.00127467,-0.000286089,-0.00810612,0,0,0,0,0,0,0,0,0,0,0,0,0,0,0,0,0,0,0,0,0,0,0,0,0,0,0,0,0,0,0,0,0,0,0,0,0,0,0,0,0,0,0,0,0,0,0,0,0,0,0,0,1,0,0,0,0,0,0.9725,0.7891,3.1852,0,0,0,0,0,0,0.87353,0.71183,3.29405,1.40971,0,0,0,0,1,0,0,0,0,0,0,0,0,0,0,0,0,0,0,0,0,0,0,0,0
9.4,0,0,0,0,-0,0,3.02078,1.9587,-3.12296,-0.000112336,7.08205e-05,-6.4391e-05,-0.000564331,0.000250182,-0.00128805,0,0,0,0,0,0,0,0,0,0,0,0,0,0,0,0,0,0,0,0,0,0,0,0,0,0,0,0,0,0,0,0,0,0,0,0,0,0,0,0,1.84877,1.17537,0.00611119,0.000678901,-0.000632501,-0.000323078,0.0028742,-0.00254068,-0.00183105,0,0,0,0,0,0,0,0,0,0,0,0,0,0,0,0,0,0,0,0,0,0,0,0,0,0,0,0,0,0,0,0,0,0,0,0,0,0,0,0,0,0,0,0,0,0,0,0,0,0,0,0,1,0,0,0,0,0,0.9725,0.7891,3.1852,0,0,0,0,0,0,0,-0,0,1.40968,0,0,0,0,0,0,0,0,0,0,0,0,0,0,0,0,0,0,0,0,0,0,0,0,0
9.45,0,0,0,0,-0,0,3.02078,1.9587,-3.12296,-0.000112336,7.08205e-05,-6.4391e-05,-0.000564331,0.000250182,-0.00128805,0,0,0,0,0,0,0,0,0,0,0,0,0,0,0,0,0,0,0,0,0,0,0,0,0,0,0,0,0,0,0,0,0,0,0,0,0,0,0,0,1.84877,1.17537,0.00611119,0.000678901,-0.000632501,-0.000323078,0.0028742,-0.00254068,-0.00183105,0,0,0,0,0,0,0,0,0,0,0,0,0,0,0,0,0,0,0,0,0,0,0,0,0,0,0,0,0,0,0,0,0,0,0,0,0,0,0,0,0,0,0,0,0,0,0,0,0,0,0,0,1,0,0,0,0,0,0.9725,0.7891,3.1852,0,0,0,0,0,0,0,-0,0,1.40968,0,0,0,0,0,0,0,0,0,0,0,0,0,0,0,0,0,0,0,0,0,0,0,0,0
9.5,0,0,0,0,-0,0,3.02079,1.95871,-3.12304,9.2599e-05,6.82308e-05,-0.00079958,0.000382675,0.000379069,-0.00406184,0,0,0,0,0,0,0,0,0,0,0,0,0,0,0,0,0,0,0,0,0,0,0,0,0,0,0,0,0,0,0,0,0,0,0,0,0,0,0,0,1.84877,1.17537,0.0060843,-3.2897e-05,-4.02075e-05,-0.000268377,-0.000901621,0.000535609,-3.20137e-05,0,0,0,0,0,0,0,0,0,0,0,0,0,0,0,0,0,0,0,0,0,0,0,0,0,0,0,0,0,0,0,0,0,0,0,0,0,0,0,0,0,0,0,0,0,0,0,0,0,0,0,0,1,0,0,0,0,0,0.9725,0.7891,3.1852,0,0,0,0,0,0,0,-0,0,1.4097,0,0,0,0,0,0,0,0,0,0,0,0,0,0,0,0,0,0,0,0,0,0,0,0,0
9.55,0,0,0,0,-0,0,3.02079,1.95871,-3.12304,9.2599e-05,6.82308e-05,-0.00079958,0.000382675,0.000379069,-0.00406184,0,0,0,0,0,0,0,0,0,0,0,0,0,0,0,0,0,0,0,0,0,0,0,0,0,0,0,0,0,0,0,0,0,0,0,0,0,0,0,0,1.84877,1.17537,0.0060843,-3.2897e-05,-4.02075e-05,-0.000268377,-0.000901621,0.000535609,-3.20137e-05,0,0,0,0,0,0,0,0,0,0,0,0,0,0,0,0,0,0,0,0,0,0,0,0,0,0,0,0,0,0,0,0,0,0,0,0,0,0,0,0,0,0,0,0,0,0,0,0,0,0,0,0,1,0,0,0,0,0,0.9089,0.7258,3.1216,0,0,0,0,0,0,0,-0,0,1.4097,0,0,0,0,0,0,0,0,0,0,0,0,0,0,0,0,0,0,0,0,0,0,0,0,0
9.6,0,0,0,0,-0,0,3.02079,1.95868,-3.12298,4.64807e-05,-0.000232404,0.000613977,0.000173042,-0.00095631,0.00283794,0,0,0,0,0,0,0,0,0,0,0,0,0,0,0,0,0,0,0,0,0,0,0,0,0,0,0,0,0,0,0,0,0,0,0,0,0,0,0,0,1.8487,1.17543,0.00612131,-0.000676417,0.000611588,0.000370815,-0.00362282,0.00334197,0.0027797,0,0,0,0,0,0,0,0,0,0,0,0,0,0,0,0,0,0,0,0,0,0,0,0,0,0,0,0,0,0,0,0,0,0,0,0,0,0,0,0,0,0,0,0,0,0,0,0,0,0,0,0,1,0,0,0,0,0,0.9089,0.7258,3.1216,0,0,0,0,0,0,0,-0,0,1.40971,0,0,0,0,0,0,0,0,0,0,0,0,0,0,0,0,0,0,0,0,0,0,0,0,0
9.65,0,0,0,0,-0,0,3.02079,1.95868,-3.12298,4.64807e-05,-0.000232404,0.000613977,0.000173042,-0.00095631,0.00283794,0,0,0,0,0,0,0,0,0,0,0,0,0,0,0,0,0,0,0,0,0,0,0,0,0,0,0,0,0,0,0,0,0,0,0,0,0,0,0,0,1.8487,1.17543,0.00612131,-0.000676417,0.000611588,0.000370815,-0.00362282,0.00334197,0.0027797,0,0,0,0,0,0,0,0,0,0,0,0,0,0,0,0,0,0,0,0,0,0,0,0,0,0,0,0,0,0,0,0,0,0,0,0,0,0,0,0,0,0,0,0,0,0,0,0,0,0,0,0,1,0,0,0,0,0,0.9089,0.7258,3.1216,0,0,0,0,0,0,0.88863,0.73237,3.28063,1.40971,0,0,0,0,1,0,0,0,0,0,0,0,0,0,0,0,0,0,0,0,0,0,0,0,0
9.7,0,0,0,0,-0,0,3.02079,1.9587,-3.123,-8.05807e-05,0.000186801,-0.000171692,-0.000431732,0.000918603,-0.000498578,0,0,0,0,0,0,0,0,0,0,0,0,0,0,0,0,0,0,0,0,0,0,0,0,0,0,0,0,0,0,0,0,0,0,0,0,0,0,0,0,1.84877,1.17538,0.00611753,0.000656853,-0.000515226,-3.77717e-05,0.0027791,-0.00211183,0.00041917,0,0,0,0,0,0,0,0,0,0,0,0,0,0,0,0,0,0,0,0,0,0,0,0,0,0,0,0,0,0,0,0,0,0,0,0,0,0,0,0,0,0,0,0,0,0,0,0,0,0,0,0,1,0,0,0,0,0,0.9089,0.7258,3.1216,0,0,0,0,0,0,0.88863,0.73237,3.28063,1.40969,0,0,0,0,1,0,0,0,0,0,0,0,0,0,0,0,0,0,0,0,0,0,0,0,0
9.75,0,0,0,0,-0,0,3.02079,1.9587,-3.123,-8.05807e-05,0.000186801,-0.000171692,-0.000431732,0.000918603,-0.000498578,0,0,0,0,0,0,0,0,0,0,0,0,0,0,0,0,0,0,0,0,0,0,0,0,0,0,0,0,0,0,0,0,0,0,0,0,0,0,0,0,1.84877,1.17538,0.00611753,0.000656853,-0.000515226,-3.77717e-05,0.0027791,-0.00211183,0.00041917,0,0,0,0,0,0,0,0,0,0,0,0,0,0,0,0,0,0,0,0,0,0,0,0,0,0,0,0,0,0,0,0,0,0,0,0,0,0,0,0,0,0,0,0,0,0,0,0,0,0,0,0,1,0,0,0,0,0,0.8236,0.6404,3.0363,0,0,0,0,0,0,0.88863,0.73237,3.28063,1.40969,0,0,0,0,1,0,0,0,0,0,0,0,0,0,0,0,0,0,0,0,0,0,0,0,0
9.8,0,0,0,0,-0,0,3.02078,1.95871,-3.12297,-3.41581e-05,0.000104914,0.000288304,-0.000155764,0.000478718,0.00108613,0,0,0,0,0,0,0,0,0,0,0,0,0,0,0,0,0,0,0,0,0,0,0,0,0,0,0,0,0,0,0,0,0,0,0,0,0,0,0,0,1.84871,1.17544,0.00613977,-0.000601428,0.000638026,0.000222306,-0.00249112,0.00260067,0.000970706,0,0,0,0,0,0,0,0,0,0,0,0,0,0,0,0,0,0,0,0,0,0,0,0,0,0,0,0,0,0,0,0,0,0,0,0,0,0,0,0,0,0,0,0,0,0,0,0,0,0,0,0,1,0,0,0,0,0,0.8236,0.6404,3.0363,0,0,0,0,0,0,0,-0,0,1.40971,0,0,0,0,0,0,0,0,0,0,0,0,0,0,0,0,0,0,0,0,0,0,0,0,0
9.85,0,0,0,0,-0,0,3.02078,1.95871,-3.12297,-3.41581e-05,0.000104914,0.000288304,-0.000155764,0.000478718,0.00108613,0,0,0,0,0,0,0,0,0,0,0,0,0,0,0,0,0,0,0,0,0,0,0,0,0,0,0,0,0,0,0,0,0,0,0,0,0,0,0,0,1.84871,1.17544,0.00613977,-0.000601428,0.000638026,0.000222306,-0.00249112,0.00260067,0.000970706,0,0,0,0,0,0,0,0,0,0,0,0,0,0,0,0,0,0,0,0,0,0,0,0,0,0,0,0,0,0,0,0,0,0,0,0,0,0,0,0,0,0,0,0,0,0,0,0,0,0,0,0,1,0,0,0,0,0,0.8236,0.6404,3.0363,0,0,0,0,0,0,0,-0,0,1.40971,0,0,0,0,0,0,0,0,0,0,0,0,0,0,0,0,0,0,0,0,0,0,0,0,0
9.9,0,0,0,0,-0,0,3.02079,1.95871,-3.12299,0.000107442,2.19768e-05,-0.00026231,0.00050969,-0.000103735,-0.0013341,0,0,0,0,0,0,0,0,0,0,0,0,0,0,0,0,0,0,0,0,0,0,0,0,0,0,0,0,0,0,0,0,0,0,0,0,0,0,0,0,1.84869,1.17546,0.006133,-0.000153838,0.000167268,-6.77758e-05,-0.000419247,0.000316882,-0.000502093,0,0,0,0,0,0,0,0,0,0,0,0,0,0,0,0,0,0,0,0,0,0,0,0,0,0,0,0,0,0,0,0,0,0,0,0,0,0,0,0,0,0,0,0,0,0,0,0,0,0,0,0,1,0,0,0,0,0,0.8236,0.6404,3.0363,0,0,0,0,0,0,0,-0,0,1.40972,0,0,0,0,0,0,0,0,0,0,0,0,0,0,0,0,0,0,0,0,0,0,0,0,0
9.95,0,0,0,0,-0,0,3.02079,1.95871,-3.12299,0.000107442,2.19768e-05,-0.00026231,0.00050969,-0.000103735,-0.0013341,0,0,0,0,0,0,0,0,0,0,0,0,0,0,0,0,0,0,0,0,0,0,0,0,0,0,0,0,0,0,0,0,0,0,0,0,0,0,0,0,1.84869,1.17546,0.006133,-0.000153838,0.000167268,-6.77758e-05,-0.000419247,0.000316882,-0.000502093,0,0,0,0,0,0,0,0,0,0,0,0,0,0,0,0,0,0,0,0,0,0,0,0,0,0,0,0,0,0,0,0,0,0,0,0,0,0,0,0,0,0,0,0,0,0,0,0,0,0,0,0,1,0,0,0,0,0,0.9641,0.7808,3.1768,0,0,0,0,0,0,0,-0,0,1.40972,0,0,0,0,0,0,0,0,0,0,0,0,0,0,0,0,0,0,0,0,0,0,0,0,0
10,0,0,0,0,-0,0,3.02079,1.95872,-3.12306,-9.77124e-06,7.93914e-05,-0.000658414,-7.22047e-05,8.83514e-05,-0.00271112,0,0,0,0,0,0,0,0,0,0,0,0,0,0,0,0,0,0,0,0,0,0,0,0,0,0,0,0,0,0,0,0,0,0,0,0,0,0,0,0,1.84877,1.17537,0.00610733,0.000806128,-0.000931933,-0.00025683,0.00386377,-0.00451019,-0.00125604,0,0,0,0,0,0,0,0,0,0,0,0,0,0,0,0,0,0,0,0,0,0,0,0,0,0,0,0,0,0,0,0,0,0,0,0,0,0,0,0,0,0,0,0,0,0,0,0,0,0,0,0,1,0,0,0,0,0,0.9641,0.7808,3.1768,0,0,0,0,0,0,0,-0,0,1.40971,0,0,0,0,0,0,0,0,0,0,0,0,0,0,0,0,0,0,0,0,0,0,0,0,0
10.05,0,0,0,0,-0,0,3.02079,1.95872,-3.12306,-9.77124e-06,7.93914e-05,-0.000658414,-7.22047e-05,8.83514e-05,-0.00271112,0,0,0,0,0,0,0,0,0,0,0,0,0,0,0,0,0,0,0,0,0,0,0,0,0,0,0,0,0,0,0,0,0,0,0,0,0,0,0,0,1.84877,1.17537,0.00610733,0.000806128,-0.000931933,-0.00025683,0.00386377,-0.00451019,-0.00125604,0,0,0,0,0,0,0,0,0,0,0,0,0,0,0,0,0,0,0,0,0,0,0,0,0,0,0,0,0,0,0,0,0,0,0,0,0,0,0,0,0,0,0,0,0,0,0,0,0,0,0,1,1,0,0,0,0,0,0.9641,0.7808,3.1768,0,0,0,0,0,0,0,-0,0,1.40971,0,0,0,0,0,0,0,0,0,0,0,0,0,0,0,0,0,0,0,0,0,0,0,0,0
10.1,0,0,0,0,-0,0,3.02079,1.95871,-3.12301,-6.34752e-05,-0.000175778,0.000526894,-0.00033675,-0.000940428,0.00292081,0,0,0,0,0,0,0,0,0,0,0,0,0,0,0,0,0,0,0,0,0,0,0,0,0,0,0,0,0,0,0,0,0,0,0,0,0,0,0,0,1.84874,1.1754,0.00607788,-0.000334466,0.000347893,-0.000294506,-0.00165629,0.00175061,-0.00100725,0,0,0,0,0,0,0,0,0,0,0,0,0,0,0,0,0,0,0,0,0,0,0,0,0,0,0,0,0,0,0,0,0,0,0,0,0,0,0,0,0,0,0,0,0,0,0,0,0,0,0,1,1,0,0,0,0,0,0.9641,0.7808,3.1768,0,0,0,0,0,0,0,-0,0,1.4097,0,0,0,0,0,0,0,0,0,0,0,0,0,0,0,0,0,0,0,0,0,0,0,0,0
10.15,0,0,0,0,-0,0,3.02079,1.95871,-3.12301,-6.34752e-05,-0.000175778,0.000526894,-0.00033675,-0.000940428,0.00292081,0,0,0,0,0,0,0,0,0,0,0,0,0,0,0,0,0,0,0,0,0,0,0,0,0,0,0,0,0,0,0,0,0,0,0,0,0,0,0,0,1.84874,1.1754,0.00607788,-0.000334466,0.000347893,-0.000294506,-0.00165629,0.00175061,-0.00100725,0,0,0,0,0,0,0,0,0,0,0,0,0,0,0,0,0,0,0,0,0,0,0,0,0,0,0,0,0,0,0,0,0,0,0,0,0,0,0,0,0,0,0,0,0,0,0,0,0,0,0,1,1,0,0,0,0,0,0.9316,0.7484,3.1443,0,0,0,0,0,0,0,-0,0,1.4097,0,0,0,0,0,0,0,0,0,0,0,0,0,0,0,0,0,0,0,0,0,0,0,0,0
10.2,0,0,0,0,-0,0,3.02079,1.95876,-3.12298,7.81278e-05,0.000576193,0.000302802,0.000327812,0.00230075,0.00162095,0,0,0,0,0,0,0,0,0,0,0,0,0,0,0,0,0,0,0,0,0,0,0,0,0,0,0,0,0,0,0,0,0,0,0,0,0,0,0,0,1.84878,1.1754,0.00606935,0.000417496,-2.80772e-05,-8.52937e-05,0.00126262,0.000396704,0.000265056,0,0,0,0,0,0,0,0,0,0,0,0,0,0,0,0,0,0,0,0,0,0,0,0,0,0,0,0,0,0,0,0,0,0,0,0,0,0,0,0,0,0,0,0,0,0,0,0,0,0,0,1,1,0,0,0,0,0,0.9316,0.7484,3.1443,0,0,0,0,0,0,0,-0,0,1.40971,0,0,0,0,0,0,0,0,0,0,0,0,0,0,0,0,0,0,0,0,0,0,0,0,0
10.25,0,0,0,0,-0,0,3.02079,1.95876,-3.12298,7.81278e-05,0.000576193,0.000302802,0.000327812,0.00230075,0.00162095,0,0,0,0,0,0,0,0,0,0,0,0,0,0,0,0,0,0,0,0,0,0,0,0,0,0,0,0,0,0,0,0,0,0,0,0,0,0,0,0,1.84878,1.1754,0.00606935,0.000417496,-2.80772e-05,-8.52937e-05,0.00126262,0.000396704,0.000265056,0,0,0,0,0,0,0,0,0,0,0,0,0,0,0,0,0,0,0,0,0,0,0,0,0,0,0,0,0,0,0,0,0,0,0,0,0,0,0,0,0,0,0,0,0,0,0,0,0,0,0,1,1,0,0,0,0,0,0.9316,0.7484,3.1443,0,0,0,0,0,0,0,-0,0,1.40971,0,0,0,0,0,0,0,0,0,0,0,0,0,0,0,0,0,0,0,0,0,0,0,0,0
10.3,0,0,0,0,-0,0,3.02081,1.95878,-3.1229,0.000173309,0.000141576,0.000777105,0.000667109,8.35099e-05,0.00269266,0,0,0,0,0,0,0,0,0,0,0,0,0,0,0,0,0,0,0,0,0,0,0,0,0,0,0,0,0,0,0,0,0,0,0,0,0,0,0,0,1.84884,1.17538,0.00605614,0.000563863,-0.000173309,-0.000132075,0.0017381,-0.000525382,0.000144352,0,0,0,0,0,0,0,0,0,0,0,0,0,0,0,0,0,0,0,0,0,0,0,0,0,0,0,0,0,0,0,0,0,0,0,0,0,0,0,0,0,0,0,0,0,0,0,0,0,0,0,1,1,0,0,0,0,0,0.9316,0.7484,3.1443,0,0,0,0,0,0,0,-0,0,1.40969,0,0,0,0,0,0,0,0,0,0,0,0,0,0,0,0,0,0,0,0,0,0,0,0,0
10.3,0,0,0,0,-0,0,3.02081,1.95878,-3.1229,0.000173309,0.000141576,0.000777105,0.000667109,8.35099e-05,0.00269266,0,0,0,0,0,0,0,0,0,0,0,0,0,0,0,0,0,0,0,0,0,0,0,0,0,0,0,0,0,0,0,0,0,0,0,0,0,0,0,0,1.84884,1.17538,0.00605614,0.000563863,-0.000173309,-0.000132075,0.0017381,-0.000525382,0.000144352,0,0,0,0,0,0,0,0,0,0,0,0,0,0,0,0,0,0,0,0,0,0,0,0,0,0,0,0,0,0,0,0,0,0,0,0,0,0,0,0,0,0,0,0,0,0,0,0,0,0,0,1,1,0,0,0,0,0,0.9164,0.7332,3.1289,0,0,0,0,0,0,0,-0,0,1.40969,0,0,0,0,0,0,0,0,0,0,0,0,0,0,0,0,0,0,0,0,0,0,0,0,0
10.3,0,0,0,0,-0,0,3.02083,1.95885,-3.12288,0.000202747,0.00076702,0.000166984,0.000563927,0.00224877,-0.000676647,0,0,0,0,0,0,0,0,0,0,0,0,0,0,0,0,0,0,0,0,0,0,0,0,0,0,0,0,0,0,0,0,0,0,0,0,0,0,0,0,1.84897,1.17534,0.00606905,0.00136915,-0.000443357,0.000129222,0.00432485,-0.00151903,0.0011145,0,0,0,0,0,0,0,0,0,0,0,0,0,0,0,0,0,0,0,0,0,0,0,0,0,0,0,0,0,0,0,0,0,0,0,0,0,0,0,0,0,0,0,0,0,0,0,0,0,0,0,1,1,0,0,0,0,0,0.9164,0.7332,3.1289,0,0,0,0,0,0,0,-0,0,1.40966,0,0,0,0,0,0,0,0,0,0,0,0,0,0,0,0,0,0,0,0,0,0,0,0,0
10.3,0,0,0,0,-0,0,3.02083,1.95885,-3.12288,0.000202747,0.00076702,0.000166984,0.000563927,0.00224877,-0.000676647,0,0,0,0,0,0,0,0,0,0,0,0,0,0,0,0,0,0,0,0,0,0,0,0,0,0,0,0,0,0,0,0,0,0,0,0,0,0,0,0,1.84897,1.17534,0.00606905,0.00136915,-0.000443357,0.000129222,0.00432485,-0.00151903,0.0011145,0,0,0,0,0,0,0,0,0,0,0,0,0,0,0,0,0,0,0,0,0,0,0,0,0,0,0,0,0,0,0,0,0,0,0,0,0,0,0,0,0,0,0,0,0,0,0,0,0,0,0,1,1,0,0,0,0,0,0.9164,0.7332,3.1289,0,0,0,0,0,0,0,-0,0,1.40966,0,0,0,0,0,0,0,0,0,0,0,0,0,0,0,0,0,0,0,0,0,0,0,0,0
10.35,0,0,0,0,-0,0,3.02086,1.95889,-3.12284,0.000249002,0.000338106,0.000472029,0.000509848,-6.91642e-05,0.000356974,0,0,0,0,0,0,0,0,0,0,0,0,0,0,0,0,0,0,0,0,0,0,0,0,0,0,0,0,0,0,0,0,0,0,0,0,0,0,0,0,1.84899,1.17538,0.00600125,0.000196516,0.000441856,-0.000678032,-0.00173622,0.00248977,-0.00242491,0,0,0,0,0,0,0,0,0,0,0,0,0,0,0,0,0,0,0,0,0,0,0,0,0,0,0,0,0,0,0,0,0,0,0,0,0,0,0,0,0,0,0,0,0,0,0,0,0,0,0,1,1,0,0,0,0,0,0.9164,0.7332,3.1289,0,0,0,0,0,0,0,-0,0,1.40966,0,0,0,0,0,0,0,0,0,0,0,0,0,0,0,0,0,0,0,0,0,0,0,0,0
10.35,0,0,0,0,-0,0,3.02086,1.95889,-3.12284,0.000249002,0.000338106,0.000472029,0.000509848,-6.91642e-05,0.000356974,0,0,0,0,0,0,0,0,0,0,0,0,0,0,0,0,0,0,0,0,0,0,0,0,0,0,0,0,0,0,0,0,0,0,0,0,0,0,0,0,1.84899,1.17538,0.00600125,0.000196516,0.000441856,-0.000678032,-0.00173622,0.00248977,-0.00242491,0,0,0,0,0,0,0,0,0,0,0,0,0,0,0,0,0,0,0,0,0,0,0,0,0,0,0,0,0,0,0,0,0,0,0,0,0,0,0,0,0,0,0,0,0,0,0,0,0,0,0,1,1,0,0,0,0,0,0.9582,0.7751,3.1707,0,0,0,0,0,0,0,-0,0,1.40966,0,0,0,0,0,0,0,0,0,0,0,0,0,0,0,0,0,0,0,0,0,0,0,0,0
10.4,0,0,0,0,-0,0,3.02088,1.95894,-3.12293,0.000263643,0.00051386,-0.000960722,0.000357121,0.000346538,-0.00537108,0,0,0,0,0,0,0,0,0,0,0,0,0,0,0,0,0,0,0,0,0,0,0,0,0,0,0,0,0,0,0,0,0,0,0,0,0,0,0,0,1.8491,1.17538,0.00597941,0.00103993,-3.4176e-05,-0.000218288,0.00150652,0.000135456,-9.78285e-05,0,0,0,0,0,0,0,0,0,0,0,0,0,0,0,0,0,0,0,0,0,0,0,0,0,0,0,0,0,0,0,0,0,0,0,0,0,0,0,0,0,0,0,0,0,0,0,0,0,0,0,1,1,0,0,0,0,0,0.9582,0.7751,3.1707,0,0,0,0,0,0,0,-0,0,1.40963,0,0,0,0,0,0,0,0,0,0,0,0,0,0,0,0,0,0,0,0,0,0,0,0,0
10.45,0,0,0,0,-0,0,3.02088,1.95894,-3.12293,0.000263643,0.00051386,-0.000960722,0.000357121,0.000346538,-0.00537108,0,0,0,0,0,0,0,0,0,0,0,0,0,0,0,0,0,0,0,0,0,0,0,0,0,0,0,0,0,0,0,0,0,0,0,0,0,0,0,0,1.8491,1.17538,0.00597941,0.00103993,-3.4176e-05,-0.000218288,0.00150652,0.000135456,-9.78285e-05,0,0,0,0,0,0,0,0,0,0,0,0,0,0,0,0,0,0,0,0,0,0,0,0,0,0,0,0,0,0,0,0,0,0,0,0,0,0,0,0,0,0,0,0,0,0,0,0,0,0,0,1,1,0,0,0,0,0,0.9582,0.7751,3.1707,0,0,0,0,0,0,0,-0,0,1.40963,0,0,0,0,0,0,0,0,0,0,0,0,0,0,0,0,0,0,0,0,0,0,0,0,0
10.5,0,0,0,0,-0,0,3.02092,1.95898,-3.12278,0.000354117,0.000415172,0.00148821,0.0005551,-0.000130295,0.00578517,0,0,0,0,0,0,0,0,0,0,0,0,0,0,0,0,0,0,0,0,0,0,0,0,0,0,0,0,0,0,0,0,0,0,0,0,0,0,0,0,1.84921,1.17539,0.00597559,0.00115515,8.18131e-05,-3.82243e-05,0.00180317,0.000226211,0.000975746,0,0,0,0,0,0,0,0,0,0,0,0,0,0,0,0,0,0,0,0,0,0,0,0,0,0,0,0,0,0,0,0,0,0,0,0,0,0,0,0,0,0,0,0,0,0,0,0,0,0,0,1,1,0,0,0,0,0,0.9582,0.7751,3.1707,0,0,0,0,0,0,0,-0,0,1.40958,0,0,0,0,0,0,0,0,0,0,0,0,0,0,0,0,0,0,0,0,0,0,0,0,0
10.55,0,0,0,0,-0,0,3.02092,1.95898,-3.12278,0.000354117,0.000415172,0.00148821,0.0005551,-0.000130295,0.00578517,0,0,0,0,0,0,0,0,0,0,0,0,0,0,0,0,0,0,0,0,0,0,0,0,0,0,0,0,0,0,0,0,0,0,0,0,0,0,0,0,1.84921,1.17539,0.00597559,0.00115515,8.18131e-05,-3.82243e-05,0.00180317,0.000226211,0.000975746,0,0,0,0,0,0,0,0,0,0,0,0,0,0,0,0,0,0,0,0,0,0,0,0,0,0,0,0,0,0,0,0,0,0,0,0,0,0,0,0,0,0,0,0,0,0,0,0,0,0,0,1,1,0,0,0,0,0,0.9162,0.7332,3.1287,0,0,0,0,0,0,0,-0,0,1.40958,0,0,0,0,0,0,0,0,0,0,0,0,0,0,0,0,0,0,0,0,0,0,0,0,0
10.6,0,0,0,0,-0,0,3.02096,1.95905,-3.12277,0.000417506,0.000730025,0.000140676,0.000613728,0.00111569,-0.00039943,0,0,0,0,0,0,0,0,0,0,0,0,0,0,0,0,0,0,0,0,0,0,0,0,0,0,0,0,0,0,0,0,0,0,0,0,0,0,0,0,1.84935,1.1754,0.00596951,0.00137704,0.000120857,-6.08239e-05,0.00201056,0.000304199,0.000640849,0,0,0,0,0,0,0,0,0,0,0,0,0,0,0,0,0,0,0,0,0,0,0,0,0,0,0,0,0,0,0,0,0,0,0,0,0,0,0,0,0,0,0,0,0,0,0,0,0,0,0,1,1,0,0,0,0,0,0.9162,0.7332,3.1287,0,0,0,0,0,0,0,-0,0,1.40953,0,0,0,0,0,0,0,0,0,0,0,0,0,0,0,0,0,0,0,0,0,0,0,0,0
10.65,0,0,0,0,-0,0,3.02096,1.95905,-3.12277,0.000417506,0.000730025,0.000140676,0.000613728,0.00111569,-0.00039943,0,0,0,0,0,0,0,0,0,0,0,0,0,0,0,0,0,0,0,0,0,0,0,0,0,0,0,0,0,0,0,0,0,0,0,0,0,0,0,0,1.84935,1.1754,0.00596951,0.00137704,0.000120857,-6.08239e-05,0.00201056,0.000304199,0.000640849,0,0,0,0,0,0,0,0,0,0,0,0,0,0,0,0,0,0,0,0,0,0,0,0,0,0,0,0,0,0,0,0,0,0,0,0,0,0,0,0,0,0,0,0,0,0,0,0,0,0,0,1,1,0,0,0,0,0,0.9162,0.7332,3.1287,0,0,0,0,0,0,0,-0,0,1.40953,0,0,0,0,0,0,0,0,0,0,0,0,0,0,0,0,0,0,0,0,0,0,0,0,0
10.7,0,0,0,0,-0,0,3.02101,1.95911,-3.12277,0.000466315,0.000520027,-3.57633e-05,0.000571378,-6.52078e-07,-0.00178231,0,0,0,0,0,0,0,0,0,0,0,0,0,0,0,0,0,0,0,0,0,0,0,0,0,0,0,0,0,0,0,0,0,0,0,0,0,0,0,0,1.8495,1.17542,0.00598805,0.001532,0.000173342,0.000185368,0.00185419,0.000402908,0.00132321,0,0,0,0,0,0,0,0,0,0,0,0,0,0,0,0,0,0,0,0,0,0,0,0,0,0,0,0,0,0,0,0,0,0,0,0,0,0,0,0,0,0,0,0,0,0,0,0,0,0,0,1,1,0,0,0,0,0,0.9162,0.7332,3.1287,0,0,0,0,0,0,0,-0,0,1.40946,0,0,0,0,0,0,0,0,0,0,0,0,0,0,0,0,0,0,0,0,0,0,0,0,0
10.75,0,0,0,0,-0,0,3.02101,1.95911,-3.12277,0.000466315,0.000520027,-3.57633e-05,0.000571378,-6.52078e-07,-0.00178231,0,0,0,0,0,0,0,0,0,0,0,0,0,0,0,0,0,0,0,0,0,0,0,0,0,0,0,0,0,0,0,0,0,0,0,0,0,0,0,0,1.8495,1.17542,0.00598805,0.001532,0.000173342,0.000185368,0.00185419,0.000402908,0.00132321,0,0,0,0,0,0,0,0,0,0,0,0,0,0,0,0,0,0,0,0,0,0,0,0,0,0,0,0,0,0,0,0,0,0,0,0,0,0,0,0,0,0,0,0,0,0,0,0,0,0,0,1,1,0,0,0,0,0,0.9161,0.7334,3.1288,0,0,0,0,0,0,0,-0,0,1.40946,0,0,0,0,0,0,0,0,0,0,0,0,0,0,0,0,0,0,0,0,0,0,0,0,0
10.8,0,0,0,0,-0,0,3.02106,1.95916,-3.1227,0.000524923,0.000578636,0.000710516,0.000571482,8.26465e-05,0.00172459,0,0,0,0,0,0,0,0,0,0,0,0,0,0,0,0,0,0,0,0,0,0,0,0,0,0,0,0,0,0,0,0,0,0,0,0,0,0,0,0,1.84973,1.17536,0.00600031,0.00228647,-0.000521261,0.000122637,0.00410665,-0.00252019,0.000636191,0,0,0,0,0,0,0,0,0,0,0,0,0,0,0,0,0,0,0,0,0,0,0,0,0,0,0,0,0,0,0,0,0,0,0,0,0,0,0,0,0,0,0,0,0,0,0,0,0,0,0,1,1,0,0,0,0,0,0.9161,0.7334,3.1288,0,0,0,0,0,0,0,-0,0,1.40938,0,0,0,0,0,0,0,0,0,0,0,0,0,0,0,0,0,0,0,0,0,0,0,0,0
10.85,0,0,0,0,-0,0,3.02106,1.95916,-3.1227,0.000524923,0.000578636,0.000710516,0.000571482,8.26465e-05,0.00172459,0,0,0,0,0,0,0,0,0,0,0,0,0,0,0,0,0,0,0,0,0,0,0,0,0,0,0,0,0,0,0,0,0,0,0,0,0,0,0,0,1.84973,1.17536,0.00600031,0.00228647,-0.000521261,0.000122637,0.00410665,-0.00252019,0.000636191,0,0,0,0,0,0,0,0,0,0,0,0,0,0,0,0,0,0,0,0,0,0,0,0,0,0,0,0,0,0,0,0,0,0,0,0,0,0,0,0,0,0,0,0,0,0,0,0,0,0,0,1,1,0,0,0,0,0,0.9161,0.7334,3.1288,0,0,0,0,0,0,0,-0,0,1.40938,0,0,0,0,0,0,0,0,0,0,0,0,0,0,0,0,0,0,0,0,0,0,0,0,0
10.9,0,0,0,0,-0,0,3.02113,1.95923,-3.12265,0.000695564,0.000624787,0.000510042,0.00102527,0.000245623,0.000709277,0,0,0,0,0,0,0,0,0,0,0,0,0,0,0,0,0,0,0,0,0,0,0,0,0,0,0,0,0,0,0,0,0,0,0,0,0,0,0,0,1.84985,1.17546,0.00598592,0.00118368,0.000929857,-0.000143831,-0.00163516,0.00388974,-0.000775763,0,0,0,0,0,0,0,0,0,0,0,0,0,0,0,0,0,0,0,0,0,0,0,0,0,0,0,0,0,0,0,0,0,0,0,0,0,0,0,0,0,0,0,0,0,0,0,0,0,0,0,1,1,0,0,0,0,0,0.9161,0.7334,3.1288,0,0,0,0,0,0,0,-0,0,1.40932,0,0,0,0,0,0,0,0,0,0,0,0,0,0,0,0,0,0,0,0,0,0,0,0,0
10.95,0,0,0,0,-0,0,3.02113,1.95923,-3.12265,0.000695564,0.000624787,0.000510042,0.00102527,0.000245623,0.000709277,0,0,0,0,0,0,0,0,0,0,0,0,0,0,0,0,0,0,0,0,0,0,0,0,0,0,0,0,0,0,0,0,0,0,0,0,0,0,0,0,1.84985,1.17546,0.00598592,0.00118368,0.000929857,-0.000143831,-0.00163516,0.00388974,-0.000775763,0,0,0,0,0,0,0,0,0,0,0,0,0,0,0,0,0,0,0,0,0,0,0,0,0,0,0,0,0,0,0,0,0,0,0,0,0,0,0,0,0,0,0,0,0,0,0,0,0,0,0,1,1,0,0,0,0,0,0.9159,0.7333,3.1286,0,0,0,0,0,0,0,-0,0,1.40932,0,0,0,0,0,0,0,0,0,0,0,0,0,0,0,0,0,0,0,0,0,0,0,0,0
11,0,0,0,0,-0,0,3.02122,1.95929,-3.12266,0.000872044,0.000627774,-0.000121658,0.00138101,0.000180428,-0.00223627,0,0,0,0,0,0,0,0,0,0,0,0,0,0,0,0,0,0,0,0,0,0,0,0,0,0,0,0,0,0,0,0,0,0,0,0,0,0,0,0,1.85005,1.17547,0.00597165,0.00198592,0.000164882,-0.000142792,0.00144427,0.000145289,-0.000652533,0,0,0,0,0,0,0,0,0,0,0,0,0,0,0,0,0,0,0,0,0,0,0,0,0,0,0,0,0,0,0,0,0,0,0,0,0,0,0,0,0,0,0,0,0,0,0,0,0,0,0,1,1,0,0,0,0,0,0.9159,0.7333,3.1286,0,0,0,0,0,0,0,-0,0,1.40925,0,0,0,0,0,0,0,0,0,0,0,0,0,0,0,0,0,0,0,0,0,0,0,0,0
11.05,0,0,0,0,-0,0,3.02122,1.95929,-3.12266,0.000872044,0.000627774,-0.000121658,0.00138101,0.000180428,-0.00223627,0,0,0,0,0,0,0,0,0,0,0,0,0,0,0,0,0,0,0,0,0,0,0,0,0,0,0,0,0,0,0,0,0,0,0,0,0,0,0,0,1.85005,1.17547,0.00597165,0.00198592,0.000164882,-0.000142792,0.00144427,0.000145289,-0.000652533,0,0,0,0,0,0,0,0,0,0,0,0,0,0,0,0,0,0,0,0,0,0,0,0,0,0,0,0,0,0,0,0,0,0,0,0,0,0,0,0,0,0,0,0,0,0,0,0,0,0,0,1,1,0,0,0,0,0,0.9159,0.7333,3.1286,0,0,0,0,0,0,0,-0,0,1.40925,0,0,0,0,0,0,0,0,0,0,0,0,0,0,0,0,0,0,0,0,0,0,0,0,0
11.1,0,0,0,0,-0,0,3.02131,1.95936,-3.12256,0.000947288,0.000679948,0.00104191,0.00117965,0.000309168,0.00290784,0,0,0,0,0,0,0,0,0,0,0,0,0,0,0,0,0,0,0,0,0,0,0,0,0,0,0,0,0,0,0,0,0,0,0,0,0,0,0,0,1.8503,1.17547,0.00596916,0.00246711,-2.3194e-05,-2.49368e-05,0.00321025,-0.00117054,9.55071e-05,0,0,0,0,0,0,0,0,0,0,0,0,0,0,0,0,0,0,0,0,0,0,0,0,0,0,0,0,0,0,0,0,0,0,0,0,0,0,0,0,0,0,0,0,0,0,0,0,0,0,0,1,1,0,0,0,0,0,0.9159,0.7333,3.1286,0,0,0,0,0,0,0,-0,0,1.40917,0,0,0,0,0,0,0,0,0,0,0,0,0,0,0,0,0,0,0,0,0,0,0,0,0
11.15,0,0,0,0,-0,0,3.02131,1.95936,-3.12256,0.000947288,0.000679948,0.00104191,0.00117965,0.000309168,0.00290784,0,0,0,0,0,0,0,0,0,0,0,0,0,0,0,0,0,0,0,0,0,0,0,0,0,0,0,0,0,0,0,0,0,0,0,0,0,0,0,0,1.8503,1.17547,0.00596916,0.00246711,-2.3194e-05,-2.49368e-05,0.00321025,-0.00117054,9.55071e-05,0,0,0,0,0,0,0,0,0,0,0,0,0,0,0,0,0,0,0,0,0,0,0,0,0,0,0,0,0,0,0,0,0,0,0,0,0,0,0,0,0,0,0,0,0,0,0,0,0,0,0,1,1,0,0,0,0,0,0.9436,0.7612,3.1564,0,0,0,0,0,0,0,-0,0,1.40917,0,0,0,0,0,0,0,0,0,0,0,0,0,0,0,0,0,0,0,0,0,0,0,0,0
11.2,0,0,0,0,-0,0,3.02142,1.95942,-3.12249,0.00111796,0.000587052,0.000693673,0.00136267,-0.000168402,0.00105081,0,0,0,0,0,0,0,0,0,0,0,0,0,0,0,0,0,0,0,0,0,0,0,0,0,0,0,0,0,0,0,0,0,0,0,0,0,0,0,0,1.85049,1.17554,0.00598557,0.0019369,0.000646855,0.000164092,4.72061e-05,0.00179636,0.000914012,0,0,0,0,0,0,0,0,0,0,0,0,0,0,0,0,0,0,0,0,0,0,0,0,0,0,0,0,0,0,0,0,0,0,0,0,0,0,0,0,0,0,0,0,0,0,0,0,0,0,0,1,1,0,0,0,0,0,0.9436,0.7612,3.1564,0,0,0,0,0,0,0,-0,0,1.4091,0,0,0,0,0,0,0,0,0,0,0,0,0,0,0,0,0,0,0,0,0,0,0,0,0
11.25,0,0,0,0,-0,0,3.02142,1.95942,-3.12249,0.00111796,0.000587052,0.000693673,0.00136267,-0.000168402,0.00105081,0,0,0,0,0,0,0,0,0,0,0,0,0,0,0,0,0,0,0,0,0,0,0,0,0,0,0,0,0,0,0,0,0,0,0,0,0,0,0,0,1.85049,1.17554,0.00598557,0.0019369,0.000646855,0.000164092,4.72061e-05,0.00179636,0.000914012,0,0,0,0,0,0,0,0,0,0,0,0,0,0,0,0,0,0,0,0,0,0,0,0,0,0,0,0,0,0,0,0,0,0,0,0,0,0,0,0,0,0,0,0,0,0,0,0,0,0,0,1,1,0,0,0,0,0,0.9436,0.7612,3.1564,0,0,0,0,0,0,0,-0,0,1.4091,0,0,0,0,0,0,0,0,0,0,0,0,0,0,0,0,0,0,0,0,0,0,0,0,0
11.3,0,0,0,0,-0,0,3.02153,1.9595,-3.12247,0.00108641,0.000808094,0.000147817,0.000716276,0.000717199,-0.00180187,0,0,0,0,0,0,0,0,0,0,0,0,0,0,0,0,0,0,0,0,0,0,0,0,0,0,0,0,0,0,0,0,0,0,0,0,0,0,0,0,1.85074,1.17558,0.00602574,0.00246212,0.000473626,0.000401655,0.00169796,0.000787541,0.00160871,0,0,0,0,0,0,0,0,0,0,0,0,0,0,0,0,0,0,0,0,0,0,0,0,0,0,0,0,0,0,0,0,0,0,0,0,0,0,0,0,0,0,0,0,0,0,0,0,0,0,0,1,1,0,0,0,0,0,0.9436,0.7612,3.1564,0,0,0,0,0,0,0,-0,0,1.409,0,0,0,0,0,0,0,0,0,0,0,0,0,0,0,0,0,0,0,0,0,0,0,0,0
11.35,0,0,0,0,-0,0,3.02153,1.9595,-3.12247,0.00108641,0.000808094,0.000147817,0.000716276,0.000717199,-0.00180187,0,0,0,0,0,0,0,0,0,0,0,0,0,0,0,0,0,0,0,0,0,0,0,0,0,0,0,0,0,0,0,0,0,0,0,0,0,0,0,0,1.85074,1.17558,0.00602574,0.00246212,0.000473626,0.000401655,0.00169796,0.000787541,0.00160871,0,0,0,0,0,0,0,0,0,0,0,0,0,0,0,0,0,0,0,0,0,0,0,0,0,0,0,0,0,0,0,0,0,0,0,0,0,0,0,0,0,0,0,0,0,0,0,0,0,0,0,1,1,0,0,0,0,0,0.9156,0.7333,3.1285,0,0,0,0,0,0,0,-0,0,1.409,0,0,0,0,0,0,0,0,0,0,0,0,0,0,0,0,0,0,0,0,0,0,0,0,0
11.4,0,0,0,0,-0,0,3.02166,1.95957,-3.12242,0.00126766,0.000735193,0.000546224,0.00106639,0.000258898,0.000123771,0,0,0,0,0,0,0,0,0,0,0,0,0,0,0,0,0,0,0,0,0,0,0,0,0,0,0,0,0,0,0,0,0,0,0,0,0,0,0,0,1.851,1.17561,0.0060483,0.00262691,0.000247914,0.000225793,0.00190037,-0.000565611,0.000357189,0,0,0,0,0,0,0,0,0,0,0,0,0,0,0,0,0,0,0,0,0,0,0,0,0,0,0,0,0,0,0,0,0,0,0,0,0,0,0,0,0,0,0,0,0,0,0,0,0,0,0,1,1,0,0,0,0,0,0.9156,0.7333,3.1285,0,0,0,0,0,0,0,-0,0,1.40891,0,0,0,0,0,0,0,0,0,0,0,0,0,0,0,0,0,0,0,0,0,0,0,0,0
11.45,0,0,0,0,-0,0,3.02166,1.95957,-3.12242,0.00126766,0.000735193,0.000546224,0.00106639,0.000258898,0.000123771,0,0,0,0,0,0,0,0,0,0,0,0,0,0,0,0,0,0,0,0,0,0,0,0,0,0,0,0,0,0,0,0,0,0,0,0,0,0,0,0,1.851,1.17561,0.0060483,0.00262691,0.000247914,0.000225793,0.00190037,-0.000565611,0.000357189,0,0,0,0,0,0,0,0,0,0,0,0,0,0,0,0,0,0,0,0,0,0,0,0,0,0,0,0,0,0,0,0,0,0,0,0,0,0,0,0,0,0,0,0,0,0,0,0,0,0,0,1,1,0,0,0,0,0,0.9156,0.7333,3.1285,0,0,0,0,0,0,0,-0,0,1.40891,0,0,0,0,0,0,0,0,0,0,0,0,0,0,0,0,0,0,0,0,0,0,0,0,0
11.5,0,0,0,0,-0,0,3.02179,1.95964,-3.12233,0.00137193,0.000714038,0.000922586,0.0011061,9.90654e-06,0.00183958,0,0,0,0,0,0,0,0,0,0,0,0,0,0,0,0,0,0,0,0,0,0,0,0,0,0,0,0,0,0,0,0,0,0,0,0,0,0,0,0,1.8513,1.17563,0.00609638,0.00297577,0.000192851,0.000480718,0.00256609,-0.000742457,0.00106403,0,0,0,0,0,0,0,0,0,0,0,0,0,0,0,0,0,0,0,0,0,0,0,0,0,0,0,0,0,0,0,0,0,0,0,0,0,0,0,0,0,0,0,0,0,0,0,0,0,0,0,1,1,0,0,0,0,0,0.9156,0.7333,3.1285,0,0,0,0,0,0,0,-0,0,1.40881,0,0,0,0,0,0,0,0,0,0,0,0,0,0,0,0,0,0,0,0,0,0,0,0,0
11.55,0,0,0,0,-0,0,3.02179,1.95964,-3.12233,0.00137193,0.000714038,0.000922586,0.0011061,9.90654e-06,0.00183958,0,0,0,0,0,0,0,0,0,0,0,0,0,0,0,0,0,0,0,0,0,0,0,0,0,0,0,0,0,0,0,0,0,0,0,0,0,0,0,0,1.8513,1.17563,0.00609638,0.00297577,0.000192851,0.000480718,0.00256609,-0.000742457,0.00106403,0,0,0,0,0,0,0,0,0,0,0,0,0,0,0,0,0,0,0,0,0,0,0,0,0,0,0,0,0,0,0,0,0,0,0,0,0,0,0,0,0,0,0,0,0,0,0,0,0,0,0,1,1,0,0,0,0,0,0.8281,0.6459,3.0411,0,0,0,0,0,0,0,-0,0,1.40881,0,0,0,0,0,0,0,0,0,0,0,0,0,0,0,0,0,0,0,0,0,0,0,0,0
11.6,0,0,0,0,-0,0,3.02192,1.95972,-3.12234,0.00123553,0.000769156,-0.000162148,0.000123118,0.000191692,-0.0029982,0,0,0,0,0,0,0,0,0,0,0,0,0,0,0,0,0,0,0,0,0,0,0,0,0,0,0,0,0,0,0,0,0,0,0,0,0,0,0,0,1.85158,1.1757,0.00614954,0.00281292,0.000745961,0.000531706,0.000977162,0.00174004,0.000937885,0,0,0,0,0,0,0,0,0,0,0,0,0,0,0,0,0,0,0,0,0,0,0,0,0,0,0,0,0,0,0,0,0,0,0,0,0,0,0,0,0,0,0,0,0,0,0,0,0,0,0,1,1,0,0,0,0,0,0.8281,0.6459,3.0411,0,0,0,0,0,0,0,-0,0,1.40868,0,0,0,0,0,0,0,0,0,0,0,0,0,0,0,0,0,0,0,0,0,0,0,0,0
11.65,0,0,0,0,-0,0,3.02192,1.95972,-3.12234,0.00123553,0.000769156,-0.000162148,0.000123118,0.000191692,-0.0029982,0,0,0,0,0,0,0,0,0,0,0,0,0,0,0,0,0,0,0,0,0,0,0,0,0,0,0,0,0,0,0,0,0,0,0,0,0,0,0,0,1.85158,1.1757,0.00614954,0.00281292,0.000745961,0.000531706,0.000977162,0.00174004,0.000937885,0,0,0,0,0,0,0,0,0,0,0,0,0,0,0,0,0,0,0,0,0,0,0,0,0,0,0,0,0,0,0,0,0,0,0,0,0,0,0,0,0,0,0,0,0,0,0,0,0,0,0,1,1,0,0,0,0,0,0.8281,0.6459,3.0411,0,0,0,0,0,0,0,-0,0,1.40868,0,0,0,0,0,0,0,0,0,0,0,0,0,0,0,0,0,0,0,0,0,0,0,0,0
11.7,0,0,0,0,-0,0,3.02207,1.95977,-3.12224,0.00150858,0.000566327,0.00107988,0.00103285,-0.000670228,0.0025081,0,0,0,0,0,0,0,0,0,0,0,0,0,0,0,0,0,0,0,0,0,0,0,0,0,0,0,0,0,0,0,0,0,0,0,0,0,0,0,0,1.85193,1.1757,0.00614895,0.00355419,-2.68517e-05,-5.95497e-06,0.00333575,-0.00170685,-0.00160199,0,0,0,0,0,0,0,0,0,0,0,0,0,0,0,0,0,0,0,0,0,0,0,0,0,0,0,0,0,0,0,0,0,0,0,0,0,0,0,0,0,0,0,0,0,0,0,0,0,0,0,1,1,0,0,0,0,0,0.8281,0.6459,3.0411,0,0,0,0,0,0,0,-0,0,1.40854,0,0,0,0,0,0,0,0,0,0,0,0,0,0,0,0,0,0,0,0,0,0,0,0,0
11.75,0,0,0,0,-0,0,3.02207,1.95977,-3.12224,0.00150858,0.000566327,0.00107988,0.00103285,-0.000670228,0.0025081,0,0,0,0,0,0,0,0,0,0,0,0,0,0,0,0,0,0,0,0,0,0,0,0,0,0,0,0,0,0,0,0,0,0,0,0,0,0,0,0,1.85193,1.1757,0.00614895,0.00355419,-2.68517e-05,-5.95497e-06,0.00333575,-0.00170685,-0.00160199,0,0,0,0,0,0,0,0,0,0,0,0,0,0,0,0,0,0,0,0,0,0,0,0,0,0,0,0,0,0,0,0,0,0,0,0,0,0,0,0,0,0,0,0,0,0,0,0,0,0,0,1,1,0,0,0,0,0,0.9152,0.7332,3.1284,0,0,0,0,0,0,0,-0,0,1.40854,0,0,0,0,0,0,0,0,0,0,0,0,0,0,0,0,0,0,0,0,0,0,0,0,0
11.8,0,0,0,0,-0,0,3.02222,1.95986,-3.12218,0.00155566,0.000882841,0.000589076,0.000929949,0.000744946,0.000289309,0,0,0,0,0,0,0,0,0,0,0,0,0,0,0,0,0,0,0,0,0,0,0,0,0,0,0,0,0,0,0,0,0,0,0,0,0,0,0,0,1.8522,1.17581,0.00623584,0.00269492,0.00112339,0.000869154,-0.00111447,0.00310437,0.00219078,0,0,0,0,0,0,0,0,0,0,0,0,0,0,0,0,0,0,0,0,0,0,0,0,0,0,0,0,0,0,0,0,0,0,0,0,0,0,0,0,0,0,0,0,0,0,0,0,0,0,0,1,1,0,0,0,0,0,0.9152,0.7332,3.1284,0,0,0,0,0,0,0,-0,0,1.40844,0,0,0,0,0,0,0,0,0,0,0,0,0,0,0,0,0,0,0,0,0,0,0,0,0
11.85,0,0,0,0,-0,0,3.02222,1.95986,-3.12218,0.00155566,0.000882841,0.000589076,0.000929949,0.000744946,0.000289309,0,0,0,0,0,0,0,0,0,0,0,0,0,0,0,0,0,0,0,0,0,0,0,0,0,0,0,0,0,0,0,0,0,0,0,0,0,0,0,0,1.8522,1.17581,0.00623584,0.00269492,0.00112339,0.000869154,-0.00111447,0.00310437,0.00219078,0,0,0,0,0,0,0,0,0,0,0,0,0,0,0,0,0,0,0,0,0,0,0,0,0,0,0,0,0,0,0,0,0,0,0,0,0,0,0,0,0,0,0,0,0,0,0,0,0,0,0,1,1,0,0,0,0,0,0.9152,0.7332,3.1284,0,0,0,0,0,0,0,-0,0,1.40844,0,0,0,0,0,0,0,0,0,0,0,0,0,0,0,0,0,0,0,0,0,0,0,0,0
11.9,0,0,0,0,-0,0,3.02239,1.95993,-3.12212,0.00160332,0.000713807,0.000548129,0.000737343,-3.53271e-05,-0.000289216,0,0,0,0,0,0,0,0,0,0,0,0,0,0,0,0,0,0,0,0,0,0,0,0,0,0,0,0,0,0,0,0,0,0,0,0,0,0,0,0,1.85254,1.17587,0.00634504,0.00337014,0.000596669,0.00109157,0.00143128,0.000411742,0.00271864,0,0,0,0,0,0,0,0,0,0,0,0,0,0,0,0,0,0,0,0,0,0,0,0,0,0,0,0,0,0,0,0,0,0,0,0,0,0,0,0,0,0,0,0,0,0,0,0,0,0,0,1,1,0,0,0,0,0,0.9152,0.7332,3.1284,0,0,0,0,0,0,0,-0,0,1.4083,0,0,0,0,0,0,0,0,0,0,0,0,0,0,0,0,0,0,0,0,0,0,0,0,0
11.95,0,0,0,0,-0,0,3.02239,1.95993,-3.12212,0.00160332,0.000713807,0.000548129,0.000737343,-3.53271e-05,-0.000289216,0,0,0,0,0,0,0,0,0,0,0,0,0,0,0,0,0,0,0,0,0,0,0,0,0,0,0,0,0,0,0,0,0,0,0,0,0,0,0,0,1.85254,1.17587,0.00634504,0.00337014,0.000596669,0.00109157,0.00143128,0.000411742,0.00271864,0,0,0,0,0,0,0,0,0,0,0,0,0,0,0,0,0,0,0,0,0,0,0,0,0,0,0,0,0,0,0,0,0,0,0,0,0,0,0,0,0,0,0,0,0,0,0,0,0,0,0,1,1,0,0,0,0,0,0.9149,0.7331,3.1285,0,0,0,0,0,0,0,-0,0,1.4083,0,0,0,0,0,0,0,0,0,0,0,0,0,0,0,0,0,0,0,0,0,0,0,0,0
12,0,0,0,0,-0,0,3.02257,1.96002,-3.12207,0.00182257,0.00082944,0.000555906,0.00128865,0.000333327,-0.000222329,0,0,0,0,0,0,0,0,0,0,0,0,0,0,0,0,0,0,0,0,0,0,0,0,0,0,0,0,0,0,0,0,0,0,0,0,0,0,0,0,1.85296,1.17586,0.00634886,0.00418507,-5.86349e-05,3.82437e-05,0.0044516,-0.00273695,-0.00250698,0,0,0,0,0,0,0,0,0,0,0,0,0,0,0,0,0,0,0,0,0,0,0,0,0,0,0,0,0,0,0,0,0,0,0,0,0,0,0,0,0,0,0,0,0,0,0,0,0,0,0,1,1,0,0,0,0,0,0.9149,0.7331,3.1285,0,0,0,0,0,0,0,-0,0,1.40815,0,0,0,0,0,0,0,0,0,0,0,0,0,0,0,0,0,0,0,0,0,0,0,0,0
12.05,0,0,0,0,-0,0,3.02257,1.96002,-3.12207,0.00182257,0.00082944,0.000555906,0.00128865,0.000333327,-0.000222329,0,0,0,0,0,0,0,0,0,0,0,0,0,0,0,0,0,0,0,0,0,0,0,0,0,0,0,0,0,0,0,0,0,0,0,0,0,0,0,0,1.85296,1.17586,0.00634886,0.00418507,-5.86349e-05,3.82437e-05,0.0044516,-0.00273695,-0.00250698,0,0,0,0,0,0,0,0,0,0,0,0,0,0,0,0,0,0,0,0,0,0,0,0,0,0,0,0,0,0,0,0,0,0,0,0,0,0,0,0,0,0,0,0,0,0,0,0,0,0,0,1,1,0,0,0,0,0,0.9149,0.7331,3.1285,0,0,0,0,0,0,0,-0,0,1.40815,0,0,0,0,0,0,0,0,0,0,0,0,0,0,0,0,0,0,0,0,0,0,0,0,0
12.1,0,0,0,0,-0,0,3.02275,1.9601,-3.12206,0.00186003,0.000856785,5.2443e-05,0.00100295,0.000361525,-0.00213471,0,0,0,0,0,0,0,0,0,0,0,0,0,0,0,0,0,0,0,0,0,0,0,0,0,0,0,0,0,0,0,0,0,0,0,0,0,0,0,0,1.85324,1.17602,0.00647347,0.00283764,0.00150731,0.00124583,-0.00229136,0.00418788,0.00261331,0,0,0,0,0,0,0,0,0,0,0,0,0,0,0,0,0,0,0,0,0,0,0,0,0,0,0,0,0,0,0,0,0,0,0,0,0,0,0,0,0,0,0,0,0,0,0,0,0,0,0,1,1,0,0,0,0,0,0.9149,0.7331,3.1285,0,0,0,0,0,0,0,-0,0,1.40803,0,0,0,0,0,0,0,0,0,0,0,0,0,0,0,0,0,0,0,0,0,0,0,0,0
12.15,0,0,0,0,-0,0,3.02275,1.9601,-3.12206,0.00186003,0.000856785,5.2443e-05,0.00100295,0.000361525,-0.00213471,0,0,0,0,0,0,0,0,0,0,0,0,0,0,0,0,0,0,0,0,0,0,0,0,0,0,0,0,0,0,0,0,0,0,0,0,0,0,0,0,1.85324,1.17602,0.00647347,0.00283764,0.00150731,0.00124583,-0.00229136,0.00418788,0.00261331,0,0,0,0,0,0,0,0,0,0,0,0,0,0,0,0,0,0,0,0,0,0,0,0,0,0,0,0,0,0,0,0,0,0,0,0,0,0,0,0,0,0,0,0,0,0,0,0,0,0,0,1,1,0,0,0,0,0,0.8934,0.7117,3.1073,0,0,0,0,0,0,0,-0,0,1.40803,0,0,0,0,0,0,0,0,0,0,0,0,0,0,0,0,0,0,0,0,0,0,0,0,0
12.2,0,0,0,0,-0,0,3.02295,1.96016,-3.12194,0.00196531,0.000539544,0.00124691,0.000981616,-0.00104791,0.00323181,0,0,0,0,0,0,0,0,0,0,0,0,0,0,0,0,0,0,0,0,0,0,0,0,0,0,0,0,0,0,0,0,0,0,0,0,0,0,0,0,1.85365,1.17606,0.00659862,0.00407221,0.000397944,0.00125148,0.00263967,-0.000981979,0.00228376,0,0,0,0,0,0,0,0,0,0,0,0,0,0,0,0,0,0,0,0,0,0,0,0,0,0,0,0,0,0,0,0,0,0,0,0,0,0,0,0,0,0,0,0,0,0,0,0,0,0,0,1,1,0,0,0,0,0,0.8934,0.7117,3.1073,0,0,0,0,0,0,0,-0,0,1.40786,0,0,0,0,0,0,0,0,0,0,0,0,0,0,0,0,0,0,0,0,0,0,0,0,0
12.25,0,0,0,0,-0,0,3.02295,1.96016,-3.12194,0.00196531,0.000539544,0.00124691,0.000981616,-0.00104791,0.00323181,0,0,0,0,0,0,0,0,0,0,0,0,0,0,0,0,0,0,0,0,0,0,0,0,0,0,0,0,0,0,0,0,0,0,0,0,0,0,0,0,1.85365,1.17606,0.00659862,0.00407221,0.000397944,0.00125148,0.00263967,-0.000981979,0.00228376,0,0,0,0,0,0,0,0,0,0,0,0,0,0,0,0,0,0,0,0,0,0,0,0,0,0,0,0,0,0,0,0,0,0,0,0,0,0,0,0,0,0,0,0,0,0,0,0,0,0,0,1,1,0,0,0,0,0,0.8934,0.7117,3.1073,0,0,0,0,0,0,0,-0,0,1.40786,0,0,0,0,0,0,0,0,0,0,0,0,0,0,0,0,0,0,0,0,0,0,0,0,0
12.3,0,0,0,0,-0,0,3.02314,1.96025,-3.12189,0.00191421,0.000976637,0.000450645,0.000382506,0.000926673,-0.00051502,0,0,0,0,0,0,0,0,0,0,0,0,0,0,0,0,0,0,0,0,0,0,0,0,0,0,0,0,0,0,0,0,0,0,0,0,0,0,0,0,1.85411,1.17607,0.0066643,0.00459385,0.000194107,0.000656907,0.0043368,-0.00210352,-0.00104902,0,0,0,0,0,0,0,0,0,0,0,0,0,0,0,0,0,0,0,0,0,0,0,0,0,0,0,0,0,0,0,0,0,0,0,0,0,0,0,0,0,0,0,0,0,0,0,0,0,0,0,1,1,0,0,0,0,0,0.8934,0.7117,3.1073,0,0,0,0,0,0,0,-0,0,1.40769,0,0,0,0,0,0,0,0,0,0,0,0,0,0,0,0,0,0,0,0,0,0,0,0,0
12.35,0,0,0,0,-0,0,3.02314,1.96025,-3.12189,0.00191421,0.000976637,0.000450645,0.000382506,0.000926673,-0.00051502,0,0,0,0,0,0,0,0,0,0,0,0,0,0,0,0,0,0,0,0,0,0,0,0,0,0,0,0,0,0,0,0,0,0,0,0,0,0,0,0,1.85411,1.17607,0.0066643,0.00459385,0.000194107,0.000656907,0.0043368,-0.00210352,-0.00104902,0,0,0,0,0,0,0,0,0,0,0,0,0,0,0,0,0,0,0,0,0,0,0,0,0,0,0,0,0,0,0,0,0,0,0,0,0,0,0,0,0,0,0,0,0,0,0,0,0,0,0,1,1,0,0,0,0,0,0.8442,0.6629,3.0585,0,0,0,0,0,0,0,-0,0,1.40769,0,0,0,0,0,0,0,0,0,0,0,0,0,0,0,0,0,0,0,0,0,0,0,0,0
12.4,0,0,0,0,-0,0,3.02335,1.9603,-3.12177,0.00209233,0.000476084,0.00122788,0.000860684,-0.00117625,0.00228941,0,0,0,0,0,0,0,0,0,0,0,0,0,0,0,0,0,0,0,0,0,0,0,0,0,0,0,0,0,0,0,0,0,0,0,0,0,0,0,0,1.85447,1.17617,0.00696317,0.00364387,0.000936298,0.00298873,-0.000961343,0.00155084,0.00823658,0,0,0,0,0,0,0,0,0,0,0,0,0,0,0,0,0,0,0,0,0,0,0,0,0,0,0,0,0,0,0,0,0,0,0,0,0,0,0,0,0,0,0,0,0,0,0,0,0,0,0,1,1,0,0,0,0,0,0.8442,0.6629,3.0585,0,0,0,0,0,0,0,-0,0,1.40753,0,0,0,0,0,0,0,0,0,0,0,0,0,0,0,0,0,0,0,0,0,0,0,0,0
12.45,0,0,0,0,-0,0,3.02335,1.9603,-3.12177,0.00209233,0.000476084,0.00122788,0.000860684,-0.00117625,0.00228941,0,0,0,0,0,0,0,0,0,0,0,0,0,0,0,0,0,0,0,0,0,0,0,0,0,0,0,0,0,0,0,0,0,0,0,0,0,0,0,0,1.85447,1.17617,0.00696317,0.00364387,0.000936298,0.00298873,-0.000961343,0.00155084,0.00823658,0,0,0,0,0,0,0,0,0,0,0,0,0,0,0,0,0,0,0,0,0,0,0,0,0,0,0,0,0,0,0,0,0,0,0,0,0,0,0,0,0,0,0,0,0,0,0,0,0,0,0,1,1,0,0,0,0,0,0.8442,0.6629,3.0585,0,0,0,0,0,0,0,-0,0,1.40753,0,0,0,0,0,0,0,0,0,0,0,0,0,0,0,0,0,0,0,0,0,0,0,0,0
12.5,0,0,0,0,-0,0,3.02357,1.96039,-3.12164,0.00223635,0.000864267,0.00123741,0.00115687,0.000560157,0.00179222,0,0,0,0,0,0,0,0,0,0,0,0,0,0,0,0,0,0,0,0,0,0,0,0,0,0,0,0,0,0,0,0,0,0,0,0,0,0,0,0,1.85487,1.17631,0.0069373,0.00399541,0.00139772,-0.000258725,0.00011008,0.00326948,-0.00677382,0,0,0,0,0,0,0,0,0,0,0,0,0,0,0,0,0,0,0,0,0,0,0,0,0,0,0,0,0,0,0,0,0,0,0,0,0,0,0,0,0,0,0,0,0,0,0,0,0,0,0,1,1,0,0,0,0,0,0.8442,0.6629,3.0585,0,0,0,0,0,0,0,-0,0,1.40735,0,0,0,0,0,0,0,0,0,0,0,0,0,0,0,0,0,0,0,0,0,0,0,0,0
12.55,0,0,0,0,-0,0,3.02357,1.96039,-3.12164,0.00223635,0.000864267,0.00123741,0.00115687,0.000560157,0.00179222,0,0,0,0,0,0,0,0,0,0,0,0,0,0,0,0,0,0,0,0,0,0,0,0,0,0,0,0,0,0,0,0,0,0,0,0,0,0,0,0,1.85487,1.17631,0.0069373,0.00399541,0.00139772,-0.000258725,0.00011008,0.00326948,-0.00677382,0,0,0,0,0,0,0,0,0,0,0,0,0,0,0,0,0,0,0,0,0,0,0,0,0,0,0,0,0,0,0,0,0,0,0,0,0,0,0,0,0,0,0,0,0,0,0,0,0,0,0,1,1,0,0,0,0,0,0.9026,0.721,3.1171,0,0,0,0,0,0,0,-0,0,1.40735,0,0,0,0,0,0,0,0,0,0,0,0,0,0,0,0,0,0,0,0,0,0,0,0,0
12.6,0,0,0,0,-0,0,3.0238,1.96048,-3.12164,0.00228565,0.000953577,1.90776e-05,0.000931085,0.000927963,-0.00385946,0,0,0,0,0,0,0,0,0,0,0,0,0,0,0,0,0,0,0,0,0,0,0,0,0,0,0,0,0,0,0,0,0,0,0,0,0,0,0,0,1.85533,1.17638,0.0070468,0.00455299,0.000716708,0.00109528,0.00243784,-0.000525639,-0.00068889,0,0,0,0,0,0,0,0,0,0,0,0,0,0,0,0,0,0,0,0,0,0,0,0,0,0,0,0,0,0,0,0,0,0,0,0,0,0,0,0,0,0,0,0,0,0,0,0,0,0,0,1,1,0,0,0,0,0,0.9026,0.721,3.1171,0,0,0,0,0,0,0,-0,0,1.40718,0,0,0,0,0,0,0,0,0,0,0,0,0,0,0,0,0,0,0,0,0,0,0,0,0
12.65,0,0,0,0,-0,0,3.0238,1.96048,-3.12164,0.00228565,0.000953577,1.90776e-05,0.000931085,0.000927963,-0.00385946,0,0,0,0,0,0,0,0,0,0,0,0,0,0,0,0,0,0,0,0,0,0,0,0,0,0,0,0,0,0,0,0,0,0,0,0,0,0,0,0,1.85533,1.17638,0.0070468,0.00455299,0.000716708,0.00109528,0.00243784,-0.000525639,-0.00068889,0,0,0,0,0,0,0,0,0,0,0,0,0,0,0,0,0,0,0,0,0,0,0,0,0,0,0,0,0,0,0,0,0,0,0,0,0,0,0,0,0,0,0,0,0,0,0,0,0,0,0,1,1,0,0,0,0,0,0.9026,0.721,3.1171,0,0,0,0,0,0,0,-0,0,1.40718,0,0,0,0,0,0,0,0,0,0,0,0,0,0,0,0,0,0,0,0,0,0,0,0,0
12.7,0,0,0,0,-0,0,3.02403,1.96055,-3.12154,0.00228506,0.00069333,0.00106092,0.000527583,-0.000432314,0.00108066,0,0,0,0,0,0,0,0,0,0,0,0,0,0,0,0,0,0,0,0,0,0,0,0,0,0,0,0,0,0,0,0,0,0,0,0,0,0,0,0,1.85581,1.17644,0.00717789,0.00484477,0.000571266,0.00131088,0.0029476,-0.00140998,0.0012721,0,0,0,0,0,0,0,0,0,0,0,0,0,0,0,0,0,0,0,0,0,0,0,0,0,0,0,0,0,0,0,0,0,0,0,0,0,0,0,0,0,0,0,0,0,0,0,0,0,0,0,1,1,0,0,0,0,0,0.9026,0.721,3.1171,0,0,0,0,0,0,0,-0,0,1.40697,0,0,0,0,0,0,0,0,0,0,0,0,0,0,0,0,0,0,0,0,0,0,0,0,0
12.75,0,0,0,0,-0,0,3.02403,1.96055,-3.12154,0.00228506,0.00069333,0.00106092,0.000527583,-0.000432314,0.00108066,0,0,0,0,0,0,0,0,0,0,0,0,0,0,0,0,0,0,0,0,0,0,0,0,0,0,0,0,0,0,0,0,0,0,0,0,0,0,0,0,1.85581,1.17644,0.00717789,0.00484477,0.000571266,0.00131088,0.0029476,-0.00140998,0.0012721,0,0,0,0,0,0,0,0,0,0,0,0,0,0,0,0,0,0,0,0,0,0,0,0,0,0,0,0,0,0,0,0,0,0,0,0,0,0,0,0,0,0,0,0,0,0,0,0,0,0,0,1,1,0,0,0,0,0,0.9137,0.7324,3.1287,0,0,0,0,0,0,0,-0,0,1.40697,0,0,0,0,0,0,0,0,0,0,0,0,0,0,0,0,0,0,0,0,0,0,0,0,0
12.8,0,0,0,0,-0,0,3.02427,1.96064,-3.12148,0.00238786,0.000880186,0.000588933,0.000671753,0.000302531,-0.000568768,0,0,0,0,0,0,0,0,0,0,0,0,0,0,0,0,0,0,0,0,0,0,0,0,0,0,0,0,0,0,0,0,0,0,0,0,0,0,0,0,1.85627,1.17654,0.00738867,0.00462799,0.00104743,0.00210785,0.000970325,0.000935984,0.00421315,0,0,0,0,0,0,0,0,0,0,0,0,0,0,0,0,0,0,0,0,0,0,0,0,0,0,0,0,0,0,0,0,0,0,0,0,0,0,0,0,0,0,0,0,0,0,0,0,0,0,0,1,1,0,0,0,0,0,0.9137,0.7324,3.1287,0,0,0,0,0,0,0,-0,0,1.40678,0,0,0,0,0,0,0,0,0,0,0,0,0,0,0,0,0,0,0,0,0,0,0,0,0
12.85,0,0,0,0,-0,0,3.02427,1.96064,-3.12148,0.00238786,0.000880186,0.000588933,0.000671753,0.000302531,-0.000568768,0,0,0,0,0,0,0,0,0,0,0,0,0,0,0,0,0,0,0,0,0,0,0,0,0,0,0,0,0,0,0,0,0,0,0,0,0,0,0,0,1.85627,1.17654,0.00738867,0.00462799,0.00104743,0.00210785,0.000970325,0.000935984,0.00421315,0,0,0,0,0,0,0,0,0,0,0,0,0,0,0,0,0,0,0,0,0,0,0,0,0,0,0,0,0,0,0,0,0,0,0,0,0,0,0,0,0,0,0,0,0,0,0,0,0,0,0,1,1,0,0,0,0,0,0.9137,0.7324,3.1287,0,0,0,0,0,0,0,-0,0,1.40678,0,0,0,0,0,0,0,0,0,0,0,0,0,0,0,0,0,0,0,0,0,0,0,0,0
12.9,0,0,0,0,-0,0,3.02452,1.96071,-3.12139,0.00252128,0.00069317,0.000872374,0.000957441,-0.000465695,0.000568291,0,0,0,0,0,0,0,0,0,0,0,0,0,0,0,0,0,0,0,0,0,0,0,0,0,0,0,0,0,0,0,0,0,0,0,0,0,0,0,0,1.85679,1.17662,0.00757035,0.00515972,0.000803003,0.00181638,0.00244256,-9.66864e-05,0.00176404,0,0,0,0,0,0,0,0,0,0,0,0,0,0,0,0,0,0,0,0,0,0,0,0,0,0,0,0,0,0,0,0,0,0,0,0,0,0,0,0,0,0,0,0,0,0,0,0,0,0,0,1,1,0,0,0,0,0,0.9137,0.7324,3.1287,0,0,0,0,0,0,0,-0,0,1.40655,0,0,0,0,0,0,0,0,0,0,0,0,0,0,0,0,0,0,0,0,0,0,0,0,0
12.95,0,0,0,0,-0,0,3.02452,1.96071,-3.12139,0.00252128,0.00069317,0.000872374,0.000957441,-0.000465695,0.000568291,0,0,0,0,0,0,0,0,0,0,0,0,0,0,0,0,0,0,0,0,0,0,0,0,0,0,0,0,0,0,0,0,0,0,0,0,0,0,0,0,1.85679,1.17662,0.00757035,0.00515972,0.000803003,0.00181638,0.00244256,-9.66864e-05,0.00176404,0,0,0,0,0,0,0,0,0,0,0,0,0,0,0,0,0,0,0,0,0,0,0,0,0,0,0,0,0,0,0,0,0,0,0,0,0,0,0,0,0,0,0,0,0,0,0,0,0,0,0,1,1,0,0,0,0,0,0.9134,0.7322,3.129,0,0,0,0,0,0,0,-0,0,1.40655,0,0,0,0,0,0,0,0,0,0,0,0,0,0,0,0,0,0,0,0,0,0,0,0,0
13,0,0,0,0,-0,0,3.02478,1.96079,-3.12128,0.00258726,0.000780575,0.00115237,0.000872761,-3.5665e-05,0.0016123,0,0,0,0,0,0,0,0,0,0,0,0,0,0,0,0,0,0,0,0,0,0,0,0,0,0,0,0,0,0,0,0,0,0,0,0,0,0,0,0,1.85728,1.17674,0.00777831,0.00492166,0.0011446,0.00208104,0.0007058,0.00116552,0.00178204,0,0,0,0,0,0,0,0,0,0,0,0,0,0,0,0,0,0,0,0,0,0,0,0,0,0,0,0,0,0,0,0,0,0,0,0,0,0,0,0,0,0,0,0,0,0,0,0,0,0,0,1,1,0,0,0,0,0,0.9134,0.7322,3.129,0,0,0,0,0,0,0.88101,0.72456,3.32445,1.40634,0,0,0,0,1,0,0,0,0,0,0,0,0,0,0,0,0,0,0,0,0,0,0,0,0
13.05,0,0,0,0,-0,0,3.02478,1.96079,-3.12128,0.00258726,0.000780575,0.00115237,0.000872761,-3.5665e-05,0.0016123,0,0,0,0,0,0,0,0,0,0,0,0,0,0,0,0,0,0,0,0,0,0,0,0,0,0,0,0,0,0,0,0,0,0,0,0,0,0,0,0,1.85728,1.17674,0.00777831,0.00492166,0.0011446,0.00208104,0.0007058,0.00116552,0.00178204,0,0,0,0,0,0,0,0,0,0,0,0,0,0,0,0,0,0,0,0,0,0,0,0,0,0,0,0,0,0,0,0,0,0,0,0,0,0,0,0,0,0,0,0,0,0,0,0,0,0,0,1,1,0,0,0,0,0,0.9134,0.7322,3.129,0,0,0,0,0,0,0.88101,0.72456,3.32445,1.40634,0,0,0,0,1,0,0,0,0,0,0,0,0,0,0,0,0,0,0,0,0,0,0,0,0
13.1,0,0,0,0,-0,0,3.02504,1.96087,-3.12116,0.00256041,0.000777399,0.00114651,0.000412014,2.61028e-05,0.00108894,0,0,0,0,0,0,0,0,0,0,0,0,0,0,0,0,0,0,0,0,0,0,0,0,0,0,0,0,0,0,0,0,0,0,0,0,0,0,0,0,1.85773,1.17691,0.00794136,0.00444106,0.00174274,0.00163004,-0.00171887,0.0032637,-0.000724334,0,0,0,0,0,0,0,0,0,0,0,0,0,0,0,0,0,0,0,0,0,0,0,0,0,0,0,0,0,0,0,0,0,0,0,0,0,0,0,0,0,0,0,0,0,0,0,0,0,0,0,1,1,0,0,0,0,0,0.9134,0.7322,3.129,0,0,0,0,0,0,0.88101,0.72456,3.32445,1.40613,0,0,0,0,1,0,0,0,0,0,0,0,0,0,0,0,0,0,0,0,0,0,0,0,0
13.15,0,0,0,0,-0,0,3.02504,1.96087,-3.12116,0.00256041,0.000777399,0.00114651,0.000412014,2.61028e-05,0.00108894,0,0,0,0,0,0,0,0,0,0,0,0,0,0,0,0,0,0,0,0,0,0,0,0,0,0,0,0,0,0,0,0,0,0,0,0,0,0,0,0,1.85773,1.17691,0.00794136,0.00444106,0.00174274,0.00163004,-0.00171887,0.0032637,-0.000724334,0,0,0,0,0,0,0,0,0,0,0,0,0,0,0,0,0,0,0,0,0,0,0,0,0,0,0,0,0,0,0,0,0,0,0,0,0,0,0,0,0,0,0,0,0,0,0,0,0,0,0,1,1,0,0,0,0,0,0.9131,0.7317,3.1291,0,0,0,0,0,0,0.88101,0.72456,3.32445,1.40613,0,0,0,0,1,0,0,0,0,0,0,0,0,0,0,0,0,0,0,0,0,0,0,0,0
13.2,0,0,0,0,-0,0,3.02533,1.96095,-3.12112,0.00289826,0.000802088,0.000417277,0.00153045,0.00012133,-0.0023328,0,0,0,0,0,0,0,0,0,0,0,0,0,0,0,0,0,0,0,0,0,0,0,0,0,0,0,0,0,0,0,0,0,0,0,0,0,0,0,0,1.85827,1.17699,0.00820002,0.00548276,0.000755696,0.00258687,0.0027939,-0.00170287,0.00304582,0,0,0,0,0,0,0,0,0,0,0,0,0,0,0,0,0,0,0,0,0,0,0,0,0,0,0,0,0,0,0,0,0,0,0,0,0,0,0,0,0,0,0,0,0,0,0,0,0,0,0,1,1,0,0,0,0,0,0.9131,0.7317,3.1291,0,0,0,0,0,0,0.88101,0.72456,3.32445,1.40592,0,0,0,0,1,0,0,0,0,0,0,0,0,0,0,0,0,0,0,0,0,0,0,0,0
13.25,0,0,0,0,-0,0,3.02533,1.96095,-3.12112,0.00289826,0.000802088,0.000417277,0.00153045,0.00012133,-0.0023328,0,0,0,0,0,0,0,0,0,0,0,0,0,0,0,0,0,0,0,0,0,0,0,0,0,0,0,0,0,0,0,0,0,0,0,0,0,0,0,0,1.85827,1.17699,0.00820002,0.00548276,0.000755696,0.00258687,0.0027939,-0.00170287,0.00304582,0,0,0,0,0,0,0,0,0,0,0,0,0,0,0,0,0,0,0,0,0,0,0,0,0,0,0,0,0,0,0,0,0,0,0,0,0,0,0,0,0,0,0,0,0,0,0,0,0,0,0,1,1,0,0,0,0,0,0.9131,0.7317,3.1291,0,0,0,0,0,0,0.87242,0.72274,3.22542,1.40592,0,0,0,0,1,0,0,0,0,0,0,0,0,0,0,0,0,0,0,0,0,0,0,0,0
13.3,0,0,0,0,-0,0,3.02561,1.96104,-3.12105,0.00280792,0.000958355,0.000648569,0.000710635,0.000710509,-0.000939249,0,0,0,0,0,0,0,0,0,0,0,0,0,0,0,0,0,0,0,0,0,0,0,0,0,0,0,0,0,0,0,0,0,0,0,0,0,0,0,0,1.8589,1.17703,0.00836782,0.00621771,0.000484671,0.00167818,0.00522728,-0.00277697,-0.00129074,0,0,0,0,0,0,0,0,0,0,0,0,0,0,0,0,0,0,0,0,0,0,0,0,0,0,0,0,0,0,0,0,0,0,0,0,0,0,0,0,0,0,0,0,0,0,0,0,0,0,0,1,1,0,0,0,0,0,0.9131,0.7317,3.1291,0,0,0,0,0,0,0.87242,0.72274,3.22542,1.40566,0,0,0,0,1,0,0,0,0,0,0,0,0,0,0,0,0,0,0,0,0,0,0,0,0
13.35,0,0,0,0,-0,0,3.02561,1.96104,-3.12105,0.00280792,0.000958355,0.000648569,0.000710635,0.000710509,-0.000939249,0,0,0,0,0,0,0,0,0,0,0,0,0,0,0,0,0,0,0,0,0,0,0,0,0,0,0,0,0,0,0,0,0,0,0,0,0,0,0,0,1.8589,1.17703,0.00836782,0.00621771,0.000484671,0.00167818,0.00522728,-0.00277697,-0.00129074,0,0,0,0,0,0,0,0,0,0,0,0,0,0,0,0,0,0,0,0,0,0,0,0,0,0,0,0,0,0,0,0,0,0,0,0,0,0,0,0,0,0,0,0,0,0,0,0,0,0,0,1,1,0,0,0,0,0,0.9468,0.7659,3.1637,0,0,0,0,0,0,0.87242,0.72274,3.22542,1.40566,0,0,0,0,1,0,0,0,0,0,0,0,0,0,0,0,0,0,0,0,0,0,0,0,0
13.4,0,0,0,0,-0,0,3.0259,1.96112,-3.12096,0.00294411,0.000781191,0.000948834,0.000860614,-0.000201312,0.000824634,0,0,0,0,0,0,0,0,0,0,0,0,0,0,0,0,0,0,0,0,0,0,0,0,0,0,0,0,0,0,0,0,0,0,0,0,0,0,0,0,1.85941,1.17721,0.00863904,0.00511313,0.00170641,0.002712,-0.000944093,0.00306918,0.00276935,0,0,0,0,0,0,0,0,0,0,0,0,0,0,0,0,0,0,0,0,0,0,0,0,0,0,0,0,0,0,0,0,0,0,0,0,0,0,0,0,0,0,0,0,0,0,0,0,0,0,0,1,1,0,0,0,0,0,0.9468,0.7659,3.1637,0,0,0,0,0,0,0.86625,0.71461,3.18456,1.40543,0,0,0,0,1,0,0,0,0,0,0,0,0,0,0,0,0,0,0,0,0,0,0,0,0
13.45,0,0,0,0,-0,0,3.0259,1.96112,-3.12096,0.00294411,0.000781191,0.000948834,0.000860614,-0.000201312,0.000824634,0,0,0,0,0,0,0,0,0,0,0,0,0,0,0,0,0,0,0,0,0,0,0,0,0,0,0,0,0,0,0,0,0,0,0,0,0,0,0,0,1.85941,1.17721,0.00863904,0.00511313,0.00170641,0.002712,-0.000944093,0.00306918,0.00276935,0,0,0,0,0,0,0,0,0,0,0,0,0,0,0,0,0,0,0,0,0,0,0,0,0,0,0,0,0,0,0,0,0,0,0,0,0,0,0,0,0,0,0,0,0,0,0,0,0,0,0,1,1,0,0,0,0,0,0.9468,0.7659,3.1637,0,0,0,0,0,0,0.86625,0.71461,3.18456,1.40543,0,0,0,0,1,0,0,0,0,0,0,0,0,0,0,0,0,0,0,0,0,0,0,0,0
13.5,0,0,0,0,-0,0,3.0262,1.96122,-3.1209,0.00300261,0.00100209,0.000581679,0.000770162,0.000638234,-0.000733423,0,0,0,0,0,0,0,0,0,0,0,0,0,0,0,0,0,0,0,0,0,0,0,0,0,0,0,0,0,0,0,0,0,0,0,0,0,0,0,0,1.86008,1.17722,0.00886584,0.00673146,0.000175763,0.00226783,0.00506336,-0.00348253,0.000436876,0,0,0,0,0,0,0,0,0,0,0,0,0,0,0,0,0,0,0,0,0,0,0,0,0,0,0,0,0,0,0,0,0,0,0,0,0,0,0,0,0,0,0,0,0,0,0,0,0,0,0,1,1,0,0,0,0,0,0.9468,0.7659,3.1637,0,0,0,0,0,0,0.86625,0.71461,3.18456,1.40517,0,0,0,0,1,0,0,0,0,0,0,0,0,0,0,0,0,0,0,0,0,0,0,0,0
13.55,0,0,0,0,-0,0,3.0262,1.96122,-3.1209,0.00300261,0.00100209,0.000581679,0.000770162,0.000638234,-0.000733423,0,0,0,0,0,0,0,0,0,0,0,0,0,0,0,0,0,0,0,0,0,0,0,0,0,0,0,0,0,0,0,0,0,0,0,0,0,0,0,0,1.86008,1.17722,0.00886584,0.00673146,0.000175763,0.00226783,0.00506336,-0.00348253,0.000436876,0,0,0,0,0,0,0,0,0,0,0,0,0,0,0,0,0,0,0,0,0,0,0,0,0,0,0,0,0,0,0,0,0,0,0,0,0,0,0,0,0,0,0,0,0,0,0,0,0,0,0,1,1,0,0,0,0,0,0.9121,0.7314,3.1298,0,0,0,0,0,0,0.86625,0.71461,3.18456,1.40517,0,0,0,0,1,0,0,0,0,0,0,0,0,0,0,0,0,0,0,0,0,0,0,0,0
13.6,0,0,0,0,-0,0,3.02651,1.9613,-3.12076,0.0030982,0.000776994,0.00144598,0.000828357,-0.000403681,0.00280103,0,0,0,0,0,0,0,0,0,0,0,0,0,0,0,0,0,0,0,0,0,0,0,0,0,0,0,0,0,0,0,0,0,0,0,0,0,0,0,0,1.86065,1.17739,0.00916546,0.00572972,0.00167738,0.00299857,-0.000156955,0.00302095,0.00286332,0,0,0,0,0,0,0,0,0,0,0,0,0,0,0,0,0,0,0,0,0,0,0,0,0,0,0,0,0,0,0,0,0,0,0,0,0,0,0,0,0,0,0,0,0,0,0,0,0,0,0,1,1,0,0,0,0,0,0.9121,0.7314,3.1298,0,0,0,0,0,0,0.88513,0.72853,3.31666,1.4049,0,0,0,0,1,0,0,0,0,0,0,0,0,0,0,0,0,0,0,0,0,0,0,0,0
13.65,0,0,0,0,-0,0,3.02651,1.9613,-3.12076,0.0030982,0.000776994,0.00144598,0.000828357,-0.000403681,0.00280103,0,0,0,0,0,0,0,0,0,0,0,0,0,0,0,0,0,0,0,0,0,0,0,0,0,0,0,0,0,0,0,0,0,0,0,0,0,0,0,0,1.86065,1.17739,0.00916546,0.00572972,0.00167738,0.00299857,-0.000156955,0.00302095,0.00286332,0,0,0,0,0,0,0,0,0,0,0,0,0,0,0,0,0,0,0,0,0,0,0,0,0,0,0,0,0,0,0,0,0,0,0,0,0,0,0,0,0,0,0,0,0,0,0,0,0,0,0,1,1,0,0,0,0,0,0.9121,0.7314,3.1298,0,0,0,0,0,0,0.88513,0.72853,3.31666,1.4049,0,0,0,0,1,0,0,0,0,0,0,0,0,0,0,0,0,0,0,0,0,0,0,0,0
13.7,0,0,0,0,-0,0,3.02683,1.96139,-3.12071,0.0031921,0.000929809,0.000452817,0.000889352,0.00022948,-0.00180437,0,0,0,0,0,0,0,0,0,0,0,0,0,0,0,0,0,0,0,0,0,0,0,0,0,0,0,0,0,0,0,0,0,0,0,0,0,0,0,0,1.86127,1.17748,0.00936847,0.00619752,0.000921269,0.00202933,0.00108495,-0.000322547,-0.00181692,0,0,0,0,0,0,0,0,0,0,0,0,0,0,0,0,0,0,0,0,0,0,0,0,0,0,0,0,0,0,0,0,0,0,0,0,0,0,0,0,0,0,0,0,0,0,0,0,0,0,0,1,1,0,0,0,0,0,0.9121,0.7314,3.1298,0,0,0,0,0,0,0.88513,0.72853,3.31666,1.40465,0,0,0,0,1,0,0,0,0,0,0,0,0,0,0,0,0,0,0,0,0,0,0,0,0
13.75,0,0,0,0,-0,0,3.02683,1.96139,-3.12071,0.0031921,0.000929809,0.000452817,0.000889352,0.00022948,-0.00180437,0,0,0,0,0,0,0,0,0,0,0,0,0,0,0,0,0,0,0,0,0,0,0,0,0,0,0,0,0,0,0,0,0,0,0,0,0,0,0,0,1.86127,1.17748,0.00936847,0.00619752,0.000921269,0.00202933,0.00108495,-0.000322547,-0.00181692,0,0,0,0,0,0,0,0,0,0,0,0,0,0,0,0,0,0,0,0,0,0,0,0,0,0,0,0,0,0,0,0,0,0,0,0,0,0,0,0,0,0,0,0,0,0,0,0,0,0,0,1,1,0,0,0,0,0,0.8516,0.671,3.07,0,0,0,0,0,0,0.88513,0.72853,3.31666,1.40465,0,0,0,0,1,0,0,0,0,0,0,0,0,0,0,0,0,0,0,0,0,0,0,0,0
13.8,0,0,0,0,-0,0,3.02716,1.96149,-3.12061,0.00331973,0.00103254,0.00104886,0.00104614,0.000632261,0.000673486,0,0,0,0,0,0,0,0,0,0,0,0,0,0,0,0,0,0,0,0,0,0,0,0,0,0,0,0,0,0,0,0,0,0,0,0,0,0,0,0,1.86188,1.17764,0.00961508,0.00603044,0.00155613,0.00246569,0.000140214,0.0018884,1.47471e-05,0,0,0,0,0,0,0,0,0,0,0,0,0,0,0,0,0,0,0,0,0,0,0,0,0,0,0,0,0,0,0,0,0,0,0,0,0,0,0,0,0,0,0,0,0,0,0,0,0,0,0,1,1,0,0,0,0,0,0.8516,0.671,3.07,0,0,0,0,0,0,0,-0,0,1.40439,0,0,0,0,0,0,0,0,0,0,0,0,0,0,0,0,0,0,0,0,0,0,0,0,0
13.85,0,0,0,0,-0,0,3.02716,1.96149,-3.12061,0.00331973,0.00103254,0.00104886,0.00104614,0.000632261,0.000673486,0,0,0,0,0,0,0,0,0,0,0,0,0,0,0,0,0,0,0,0,0,0,0,0,0,0,0,0,0,0,0,0,0,0,0,0,0,0,0,0,1.86188,1.17764,0.00961508,0.00603044,0.00155613,0.00246569,0.000140214,0.0018884,1.47471e-05,0,0,0,0,0,0,0,0,0,0,0,0,0,0,0,0,0,0,0,0,0,0,0,0,0,0,0,0,0,0,0,0,0,0,0,0,0,0,0,0,0,0,0,0,0,0,0,0,0,0,0,1,1,0,0,0,0,0,0.8516,0.671,3.07,0,0,0,0,0,0,0,-0,0,1.40439,0,0,0,0,0,0,0,0,0,0,0,0,0,0,0,0,0,0,0,0,0,0,0,0,0
13.9,0,0,0,0,-0,0,3.0275,1.96158,-3.12052,0.0033449,0.000858199,0.000853583,0.000749776,-0.000262555,-4.08244e-05,0,0,0,0,0,0,0,0,0,0,0,0,0,0,0,0,0,0,0,0,0,0,0,0,0,0,0,0,0,0,0,0,0,0,0,0,0,0,0,0,1.86248,1.17781,0.00993829,0.006055,0.00171273,0.00323227,5.44557e-05,0.00205849,0.00331961,0,0,0,0,0,0,0,0,0,0,0,0,0,0,0,0,0,0,0,0,0,0,0,0,0,0,0,0,0,0,0,0,0,0,0,0,0,0,0,0,0,0,0,0,0,0,0,0,0,0,0,1,1,0,0,0,0,0,0.8516,0.671,3.07,0,0,0,0,0,0,0,-0,0,1.40412,0,0,0,0,0,0,0,0,0,0,0,0,0,0,0,0,0,0,0,0,0,0,0,0,0
13.95,0,0,0,0,-0,0,3.0275,1.96158,-3.12052,0.0033449,0.000858199,0.000853583,0.000749776,-0.000262555,-4.08244e-05,0,0,0,0,0,0,0,0,0,0,0,0,0,0,0,0,0,0,0,0,0,0,0,0,0,0,0,0,0,0,0,0,0,0,0,0,0,0,0,0,1.86248,1.17781,0.00993829,0.006055,0.00171273,0.00323227,5.44557e-05,0.00205849,0.00331961,0,0,0,0,0,0,0,0,0,0,0,0,0,0,0,0,0,0,0,0,0,0,0,0,0,0,0,0,0,0,0,0,0,0,0,0,0,0,0,0,0,0,0,0,0,0,0,0,0,0,0,1,1,0,0,0,0,0,0.9181,0.7375,3.1372,0,0,0,0,0,0,0,-0,0,1.40412,0,0,0,0,0,0,0,0,0,0,0,0,0,0,0,0,0,0,0,0,0,0,0,0,0
14,0,0,0,0,-0,0,3.02784,1.96166,-3.12042,0.00342837,0.000818022,0.000980081,0.000743995,-0.000439154,0.000384378,0,0,0,0,0,0,0,0,0,0,0,0,0,0,0,0,0,0,0,0,0,0,0,0,0,0,0,0,0,0,0,0,0,0,0,0,0,0,0,0,1.8632,1.17786,0.0102295,0.00717781,0.00048837,0.00291291,0.00450825,-0.00363288,0.00116476,0,0,0,0,0,0,0,0,0,0,0,0,0,0,0,0,0,0,0,0,0,0,0,0,0,0,0,0,0,0,0,0,0,0,0,0,0,0,0,0,0,0,0,0,0,0,0,0,0,0,0,1,1,0,0,0,0,0,0.9181,0.7375,3.1372,0,0,0,0,0,0,0,-0,0,1.40383,0,0,0,0,0,0,0,0,0,0,0,0,0,0,0,0,0,0,0,0,0,0,0,0,0
14.05,0,0,0,0,-0,0,3.02784,1.96166,-3.12042,0.00342837,0.000818022,0.000980081,0.000743995,-0.000439154,0.000384378,0,0,0,0,0,0,0,0,0,0,0,0,0,0,0,0,0,0,0,0,0,0,0,0,0,0,0,0,0,0,0,0,0,0,0,0,0,0,0,0,1.8632,1.17786,0.0102295,0.00717781,0.00048837,0.00291291,0.00450825,-0.00363288,0.00116476,0,0,0,0,0,0,0,0,0,0,0,0,0,0,0,0,0,0,0,0,0,0,0,0,0,0,0,0,0,0,0,0,0,0,0,0,0,0,0,0,0,0,0,0,0,0,0,0,0,0,0,1,1,0,0,0,0,0,0.9181,0.7375,3.1372,0,0,0,0,0,0,0,-0,0,1.40383,0,0,0,0,0,0,0,0,0,0,0,0,0,0,0,0,0,0,0,0,0,0,0,0,0
14.1,0,0,0,0,-0,0,3.0282,1.96177,-3.12035,0.00358541,0.00105999,0.000770398,0.00107316,0.000679085,-0.000549495,0,0,0,0,0,0,0,0,0,0,0,0,0,0,0,0,0,0,0,0,0,0,0,0,0,0,0,0,0,0,0,0,0,0,0,0,0,0,0,0,1.86378,1.17806,0.0106929,0.0058312,0.00197345,0.00463578,-0.00207105,0.0029815,0.00729118,0,0,0,0,0,0,0,0,0,0,0,0,0,0,0,0,0,0,0,0,0,0,0,0,0,0,0,0,0,0,0,0,0,0,0,0,0,0,0,0,0,0,0,0,0,0,0,0,0,0,0,1,1,0,0,0,0,0,0.9181,0.7375,3.1372,0,0,0,0,0,0,0,-0,0,1.40359,0,0,0,0,0,0,0,0,0,0,0,0,0,0,0,0,0,0,0,0,0,0,0,0,0
14.15,0,0,0,0,-0,0,3.0282,1.96177,-3.12035,0.00358541,0.00105999,0.000770398,0.00107316,0.000679085,-0.000549495,0,0,0,0,0,0,0,0,0,0,0,0,0,0,0,0,0,0,0,0,0,0,0,0,0,0,0,0,0,0,0,0,0,0,0,0,0,0,0,0,1.86378,1.17806,0.0106929,0.0058312,0.00197345,0.00463578,-0.00207105,0.0029815,0.00729118,0,0,0,0,0,0,0,0,0,0,0,0,0,0,0,0,0,0,0,0,0,0,0,0,0,0,0,0,0,0,0,0,0,0,0,0,0,0,0,0,0,0,0,0,0,0,0,0,0,0,0,1,1,0,0,0,0,0,0.8403,0.6599,3.0606,0,0,0,0,0,0,0,-0,0,1.40359,0,0,0,0,0,0,0,0,0,0,0,0,0,0,0,0,0,0,0,0,0,0,0,0,0
14.2,0,0,0,0,-0,0,3.02855,1.96186,-3.12024,0.00350524,0.000898278,0.0010417,0.000372419,-8.58966e-05,0.00062854,0,0,0,0,0,0,0,0,0,0,0,0,0,0,0,0,0,0,0,0,0,0,0,0,0,0,0,0,0,0,0,0,0,0,0,0,0,0,0,0,1.86457,1.17812,0.0109024,0.00792339,0.000626109,0.00209392,0.00623214,-0.00269588,-0.00494443,0,0,0,0,0,0,0,0,0,0,0,0,0,0,0,0,0,0,0,0,0,0,0,0,0,0,0,0,0,0,0,0,0,0,0,0,0,0,0,0,0,0,0,0,0,0,0,0,0,0,0,1,1,0,0,0,0,0,0.8403,0.6599,3.0606,0,0,0,0,0,0,0,-0,0,1.40324,0,0,0,0,0,0,0,0,0,0,0,0,0,0,0,0,0,0,0,0,0,0,0,0,0
14.25,0,0,0,0,-0,0,3.02855,1.96186,-3.12024,0.00350524,0.000898278,0.0010417,0.000372419,-8.58966e-05,0.00062854,0,0,0,0,0,0,0,0,0,0,0,0,0,0,0,0,0,0,0,0,0,0,0,0,0,0,0,0,0,0,0,0,0,0,0,0,0,0,0,0,1.86457,1.17812,0.0109024,0.00792339,0.000626109,0.00209392,0.00623214,-0.00269588,-0.00494443,0,0,0,0,0,0,0,0,0,0,0,0,0,0,0,0,0,0,0,0,0,0,0,0,0,0,0,0,0,0,0,0,0,0,0,0,0,0,0,0,0,0,0,0,0,0,0,0,0,0,0,1,1,0,0,0,0,0,0.8403,0.6599,3.0606,0,0,0,0,0,0,0,-0,0,1.40324,0,0,0,0,0,0,0,0,0,0,0,0,0,0,0,0,0,0,0,0,0,0,0,0,0
14.3,0,0,0,0,-0,0,3.02892,1.96193,-3.12018,0.00370659,0.000766712,0.000608055,0.000929018,-0.000681954,-0.00119704,0,0,0,0,0,0,0,0,0,0,0,0,0,0,0,0,0,0,0,0,0,0,0,0,0,0,0,0,0,0,0,0,0,0,0,0,0,0,0,0,1.86525,1.17828,0.0111703,0.0067417,0.00164575,0.00268005,0.000135311,0.00168575,-0.00228649,0,0,0,0,0,0,0,0,0,0,0,0,0,0,0,0,0,0,0,0,0,0,0,0,0,0,0,0,0,0,0,0,0,0,0,0,0,0,0,0,0,0,0,0,0,0,0,0,0,0,0,1,1,0,0,0,0,0,0.8403,0.6599,3.0606,0,0,0,0,0,0,0,-0,0,1.40294,0,0,0,0,0,0,0,0,0,0,0,0,0,0,0,0,0,0,0,0,0,0,0,0,0
14.35,0,0,0,0,-0,0,3.02892,1.96193,-3.12018,0.00370659,0.000766712,0.000608055,0.000929018,-0.000681954,-0.00119704,0,0,0,0,0,0,0,0,0,0,0,0,0,0,0,0,0,0,0,0,0,0,0,0,0,0,0,0,0,0,0,0,0,0,0,0,0,0,0,0,1.86525,1.17828,0.0111703,0.0067417,0.00164575,0.00268005,0.000135311,0.00168575,-0.00228649,0,0,0,0,0,0,0,0,0,0,0,0,0,0,0,0,0,0,0,0,0,0,0,0,0,0,0,0,0,0,0,0,0,0,0,0,0,0,0,0,0,0,0,0,0,0,0,0,0,0,0,1,1,0,0,0,0,0,0.9102,0.73,3.1313,0,0,0,0,0,0,0,-0,0,1.40294,0,0,0,0,0,0,0,0,0,0,0,0,0,0,0,0,0,0,0,0,0,0,0,0,0
14.4,0,0,0,0,-0,0,3.02929,1.96202,-3.12001,0.00368653,0.000878908,0.00166655,0.000555279,-4.13212e-05,0.00326413,0,0,0,0,0,0,0,0,0,0,0,0,0,0,0,0,0,0,0,0,0,0,0,0,0,0,0,0,0,0,0,0,0,0,0,0,0,0,0,0,1.86596,1.17842,0.0114668,0.00715089,0.00136963,0.00296516,0.00089558,0.000502761,0.000127713,0,0,0,0,0,0,0,0,0,0,0,0,0,0,0,0,0,0,0,0,0,0,0,0,0,0,0,0,0,0,0,0,0,0,0,0,0,0,0,0,0,0,0,0,0,0,0,0,0,0,0,1,1,0,0,0,0,0,0.9102,0.73,3.1313,0,0,0,0,0,0,0,-0,0,1.40263,0,0,0,0,0,0,0,0,0,0,0,0,0,0,0,0,0,0,0,0,0,0,0,0,0
14.45,0,0,0,0,-0,0,3.02929,1.96202,-3.12001,0.00368653,0.000878908,0.00166655,0.000555279,-4.13212e-05,0.00326413,0,0,0,0,0,0,0,0,0,0,0,0,0,0,0,0,0,0,0,0,0,0,0,0,0,0,0,0,0,0,0,0,0,0,0,0,0,0,0,0,1.86596,1.17842,0.0114668,0.00715089,0.00136963,0.00296516,0.00089558,0.000502761,0.000127713,0,0,0,0,0,0,0,0,0,0,0,0,0,0,0,0,0,0,0,0,0,0,0,0,0,0,0,0,0,0,0,0,0,0,0,0,0,0,0,0,0,0,0,0,0,0,0,0,0,0,0,1,1,0,0,0,0,0,0.9102,0.73,3.1313,0,0,0,0,0,0,0,-0,0,1.40263,0,0,0,0,0,0,0,0,0,0,0,0,0,0,0,0,0,0,0,0,0,0,0,0,0
14.5,0,0,0,0,-0,0,3.02968,1.96211,-3.1199,0.00389135,0.000844673,0.00109904,0.00110086,-7.49813e-05,0.000295933,0,0,0,0,0,0,0,0,0,0,0,0,0,0,0,0,0,0,0,0,0,0,0,0,0,0,0,0,0,0,0,0,0,0,0,0,0,0,0,0,1.86671,1.17856,0.0118325,0.0074153,0.00135856,0.00365662,0.00169642,9.73416e-05,0.00316612,0,0,0,0,0,0,0,0,0,0,0,0,0,0,0,0,0,0,0,0,0,0,0,0,0,0,0,0,0,0,0,0,0,0,0,0,0,0,0,0,0,0,0,0,0,0,0,0,0,0,0,1,1,0,0,0,0,0,0.9102,0.73,3.1313,0,0,0,0,0,0,0,-0,0,1.4023,0,0,0,0,0,0,0,0,0,0,0,0,0,0,0,0,0,0,0,0,0,0,0,0,0
14.55,0,0,0,0,-0,0,3.02968,1.96211,-3.1199,0.00389135,0.000844673,0.00109904,0.00110086,-7.49813e-05,0.000295933,0,0,0,0,0,0,0,0,0,0,0,0,0,0,0,0,0,0,0,0,0,0,0,0,0,0,0,0,0,0,0,0,0,0,0,0,0,0,0,0,1.86671,1.17856,0.0118325,0.0074153,0.00135856,0.00365662,0.00169642,9.73416e-05,0.00316612,0,0,0,0,0,0,0,0,0,0,0,0,0,0,0,0,0,0,0,0,0,0,0,0,0,0,0,0,0,0,0,0,0,0,0,0,0,0,0,0,0,0,0,0,0,0,0,0,0,0,0,1,1,0,0,0,0,0,0.9097,0.7296,3.1317,0,0,0,0,0,0,0,-0,0,1.4023,0,0,0,0,0,0,0,0,0,0,0,0,0,0,0,0,0,0,0,0,0,0,0,0,0
14.6,0,0,0,0,-0,0,3.03005,1.9622,-3.11983,0.00374653,0.000918316,0.000791849,0.000153548,0.00024407,-0.00145216,0,0,0,0,0,0,0,0,0,0,0,0,0,0,0,0,0,0,0,0,0,0,0,0,0,0,0,0,0,0,0,0,0,0,0,0,0,0,0,0,1.86744,1.17872,0.0121976,0.00737458,0.00160827,0.00365215,0.000959326,0.00100038,0.00229207,0,0,0,0,0,0,0,0,0,0,0,0,0,0,0,0,0,0,0,0,0,0,0,0,0,0,0,0,0,0,0,0,0,0,0,0,0,0,0,0,0,0,0,0,0,0,0,0,0,0,0,1,1,0,0,0,0,0,0.9097,0.7296,3.1317,0,0,0,0,0,0,0,-0,0,1.40196,0,0,0,0,0,0,0,0,0,0,0,0,0,0,0,0,0,0,0,0,0,0,0,0,0
14.65,0,0,0,0,-0,0,3.03005,1.9622,-3.11983,0.00374653,0.000918316,0.000791849,0.000153548,0.00024407,-0.00145216,0,0,0,0,0,0,0,0,0,0,0,0,0,0,0,0,0,0,0,0,0,0,0,0,0,0,0,0,0,0,0,0,0,0,0,0,0,0,0,0,1.86744,1.17872,0.0121976,0.00737458,0.00160827,0.00365215,0.000959326,0.00100038,0.00229207,0,0,0,0,0,0,0,0,0,0,0,0,0,0,0,0,0,0,0,0,0,0,0,0,0,0,0,0,0,0,0,0,0,0,0,0,0,0,0,0,0,0,0,0,0,0,0,0,0,0,0,1,1,0,0,0,0,0,0.9097,0.7296,3.1317,0,0,0,0,0,0,0,-0,0,1.40196,0,0,0,0,0,0,0,0,0,0,0,0,0,0,0,0,0,0,0,0,0,0,0,0,0
14.7,0,0,0,0,-0,0,3.03046,1.96229,-3.1197,0.00410116,0.000961821,0.0012325,0.00138572,0.000364717,0.000653247,0,0,0,0,0,0,0,0,0,0,0,0,0,0,0,0,0,0,0,0,0,0,0,0,0,0,0,0,0,0,0,0,0,0,0,0,0,0,0,0,1.8682,1.17887,0.0125097,0.00761402,0.0015831,0.00312099,0.00144207,0.000624303,-0.000859953,0,0,0,0,0,0,0,0,0,0,0,0,0,0,0,0,0,0,0,0,0,0,0,0,0,0,0,0,0,0,0,0,0,0,0,0,0,0,0,0,0,0,0,0,0,0,0,0,0,0,0,1,1,0,0,0,0,0,0.9097,0.7296,3.1317,0,0,0,0,0,0,0,-0,0,1.40164,0,0,0,0,0,0,0,0,0,0,0,0,0,0,0,0,0,0,0,0,0,0,0,0,0
14.75,0,0,0,0,-0,0,3.03046,1.96229,-3.1197,0.00410116,0.000961821,0.0012325,0.00138572,0.000364717,0.000653247,0,0,0,0,0,0,0,0,0,0,0,0,0,0,0,0,0,0,0,0,0,0,0,0,0,0,0,0,0,0,0,0,0,0,0,0,0,0,0,0,1.8682,1.17887,0.0125097,0.00761402,0.0015831,0.00312099,0.00144207,0.000624303,-0.000859953,0,0,0,0,0,0,0,0,0,0,0,0,0,0,0,0,0,0,0,0,0,0,0,0,0,0,0,0,0,0,0,0,0,0,0,0,0,0,0,0,0,0,0,0,0,0,0,0,0,0,0,1,1,0,0,0,0,0,0.9091,0.7291,3.1322,0,0,0,0,0,0,0,-0,0,1.40164,0,0,0,0,0,0,0,0,0,0,0,0,0,0,0,0,0,0,0,0,0,0,0,0,0
14.8,0,0,0,0,-0,0,3.03086,1.9624,-3.11965,0.00397497,0.00105845,0.00049834,0.000491076,0.000620575,-0.00225725,0,0,0,0,0,0,0,0,0,0,0,0,0,0,0,0,0,0,0,0,0,0,0,0,0,0,0,0,0,0,0,0,0,0,0,0,0,0,0,0,1.86907,1.17901,0.0128511,0.00869588,0.00135389,0.00341443,0.00524732,-0.000593326,0.0002265,0,0,0,0,0,0,0,0,0,0,0,0,0,0,0,0,0,0,0,0,0,0,0,0,0,0,0,0,0,0,0,0,0,0,0,0,0,0,0,0,0,0,0,0,0,0,0,0,0,0,0,1,1,0,0,0,0,0,0.9091,0.7291,3.1322,0,0,0,0,0,0,0,-0,0,1.40123,0,0,0,0,0,0,0,0,0,0,0,0,0,0,0,0,0,0,0,0,0,0,0,0,0
14.85,0,0,0,0,-0,0,3.03086,1.9624,-3.11965,0.00397497,0.00105845,0.00049834,0.000491076,0.000620575,-0.00225725,0,0,0,0,0,0,0,0,0,0,0,0,0,0,0,0,0,0,0,0,0,0,0,0,0,0,0,0,0,0,0,0,0,0,0,0,0,0,0,0,1.86907,1.17901,0.0128511,0.00869588,0.00135389,0.00341443,0.00524732,-0.000593326,0.0002265,0,0,0,0,0,0,0,0,0,0,0,0,0,0,0,0,0,0,0,0,0,0,0,0,0,0,0,0,0,0,0,0,0,0,0,0,0,0,0,0,0,0,0,0,0,0,0,0,0,0,0,1,1,0,0,0,0,0,0.9091,0.7291,3.1322,0,0,0,0,0,0,0,-0,0,1.40123,0,0,0,0,0,0,0,0,0,0,0,0,0,0,0,0,0,0,0,0,0,0,0,0,0
14.9,0,0,0,0,-0,0,3.03128,1.96248,-3.11946,0.00421383,0.000833733,0.00189064,0.00112976,-0.000490263,0.00381437,0,0,0,0,0,0,0,0,0,0,0,0,0,0,0,0,0,0,0,0,0,0,0,0,0,0,0,0,0,0,0,0,0,0,0,0,0,0,0,0,1.86995,1.17941,0.0131434,0.00878655,0.00397336,0.00292248,0.00403125,0.00994632,-0.00168136,0,0,0,0,0,0,0,0,0,0,0,0,0,0,0,0,0,0,0,0,0,0,0,0,0,0,0,0,0,0,0,0,0,0,0,0,0,0,0,0,0,0,0,0,0,0,0,0,0,0,0,1,1,0,0,0,0,0,0.9091,0.7291,3.1322,0,0,0,0,0,0,0,-0,0,1.40068,0,0,0,0,0,0,0,0,0,0,0,0,0,0,0,0,0,0,0,0,0,0,0,0,0
14.95,0,0,0,0,-0,0,3.03128,1.96248,-3.11946,0.00421383,0.000833733,0.00189064,0.00112976,-0.000490263,0.00381437,0,0,0,0,0,0,0,0,0,0,0,0,0,0,0,0,0,0,0,0,0,0,0,0,0,0,0,0,0,0,0,0,0,0,0,0,0,0,0,0,1.86995,1.17941,0.0131434,0.00878655,0.00397336,0.00292248,0.00403125,0.00994632,-0.00168136,0,0,0,0,0,0,0,0,0,0,0,0,0,0,0,0,0,0,0,0,0,0,0,0,0,0,0,0,0,0,0,0,0,0,0,0,0,0,0,0,0,0,0,0,0,0,0,0,0,0,0,1,1,0,0,0,0,0,0.9084,0.7285,3.1326,0,0,0,0,0,0,0,-0,0,1.40068,0,0,0,0,0,0,0,0,0,0,0,0,0,0,0,0,0,0,0,0,0,0,0,0,0
15,0,0,0,0,-0,0,3.0317,1.96258,-3.11938,0.00423484,0.000950031,0.000865755,0.000846272,1.93996e-05,-0.000983734,0,0,0,0,0,0,0,0,0,0,0,0,0,0,0,0,0,0,0,0,0,0,0,0,0,0,0,0,0,0,0,0,0,0,0,0,0,0,0,0,1.87105,1.17988,0.0139919,0.011017,0.00470376,0.00848782,0.0111625,0.0103154,0.0209668,0,0,0,0,0,0,0,0,0,0,0,0,0,0,0,0,0,0,0,0,0,0,0,0,0,0,0,0,0,0,0,0,0,0,0,0,0,0,0,0,0,0,0,0,0,0,0,0,0,0,0,1,1,0,0,0,0,0,0.9084,0.7285,3.1326,0,0,0,0,0,0,0,-0,0,1.3999,0,0,0,0,0,0,0,0,0,0,0,0,0,0,0,0,0,0,0,0,0,0,0,0,0
15.05,202.489,135.023,31.9775,0,-0,0,3.0317,1.96258,-3.11938,0.00423484,0.000950031,0.000865755,0.000846272,1.93996e-05,-0.000983734,3,2,3.92699,0,0,0,0,0,0,0,0,0,0,0,2,3,2,3.92699,0,0,0,0,0,0,0,0,0,0,1.5708,1.5708,0,1.5708,1.5708,0,119.15,82.1442,-0.00459488,0,0,0,1.87105,1.17988,0.0139919,0.011017,0.00470376,0.00848782,0.0111625,0.0103154,0.0209668,1.75578,1.20968,0,0,0,0,0,0,0,0,0,0,0,0,2,1.75578,1.20968,0,58.4596,82.6352,-1.15064e-12,0,0,0,0,0,0,0,0,0,0,0,0,0.855775,1.20968,0,0,0,0,0,0,0,0,0,0,0,0,2,0.855775,1.20968,0,1,1,0,0,0,0,0,0.9084,0.7285,3.1326,0,0,0,0,0,0,0,-0,0,1.3999,0,0,0,0,0,0,0,0,0,0,0,0,0,0,0,0,0,0,0,0,0,0,0,0,0
15.1,-0.0270009,0.0116468,0.0618346,0,-0,0,3.03212,1.96268,-3.11929,0.0041685,0.00100063,0.000872314,0.000210498,0.000284155,-0.0012126,3,2,3.92699,0,0,0,1,1,0,0,0,0,1,1,2,3,2,3.92699,0,0,0,0,0,0,0,0,0,0,1.5708,1.5708,0,1.5708,1.5708,0,-0.0835837,-0.00469395,-0.00393214,0,0,0,1.87214,1.18036,0.0146645,0.010819,0.00485795,0.00672428,0.00689167,0.00686606,0.00861858,1.75578,1.20968,0,0,0,0,0,0,0,0,0,0,0,0,2,1.75578,1.20968,0,0.344544,0.487027,3.7308e-15,0,0,0,0,0,0,0,0,0,0,0,0,0.855775,1.20968,0,0,0,0,0,0,0,0,0,0,0,0,2,0.855775,1.20968,0,1,1,0,0,0,0,0,0.9084,0.7285,3.1326,0,0,0,0,0,0,0,-0,0,1.39914,0,0,0,0,0,0,0,0,0,0,0,0,0,0,0,0,0,0,0,0,0,0,0,0,0
15.15,-0.0270009,0.0116468,0.0618346,0,-0,0,3.03212,1.96268,-3.11929,0.0041685,0.00100063,0.000872314,0.000210498,0.000284155,-0.0012126,3,2,3.92699,0,0,0,0.710213,0,0.826446,0,1,0.0464247,0.964918,0.0258481,2,3,2,3.92699,0,0,0,0,0,0,0,0,0,0,1.5708,1.5708,0,1.5708,1.5708,0,-0.0835837,-0.00469395,-0.00393214,0,0,0,1.87214,1.18036,0.0146645,0.010819,0.00485795,0.00672428,0.00689167,0.00686606,0.00861858,1.75578,1.20968,0,0,0,0,0,0,0,0,0,0,0,0,2,1.75578,1.20968,0,0.344544,0.487027,3.7308e-15,0,0,0,0,0,0,0,0,0,0,0,0,0.855775,1.20968,0,0,0,0,0,0,0,0,0,0,0,0,2,0.855775,1.20968,0,1,1,0,0,0,0,0,0.9405,0.7607,3.1673,0,0,0,0,0,0,0,-0,0,1.39914,0,0,0,0,0,0,0,0,0,0,0,0,0,0,0,0,0,0,0,0,0,0,0,0,0
15.2,-0.0277538,0.0114791,0.0618085,0,-0,0,3.03256,1.96278,-3.1192,0.00433982,0.00103794,0.000918216,0.000717205,0.000353709,-0.000577335,3,2,3.92699,0,0,0,0.710213,0,0.826446,0,1,0.0464247,0.964918,0.0258481,2,3,2,3.92699,0,0,0,0,0,0,0,0,0,0,1.5708,1.5708,0,1.5708,1.5708,0,-0.0805496,-0.00530772,-0.00349504,0,0,0,1.87312,1.18086,0.0152183,0.00980917,0.00497969,0.0055391,-0.000494799,0.00413339,-0.00124442,1.75578,1.20968,0,0,0,0,0,0,0,0,0,0,0,0,2,1.75578,1.20968,0,0.344544,0.487027,3.7308e-15,0,0,0,0,0,0,0,0,0,0,0,0,0.855775,1.20968,0,0,0,0,0,0,0,0,0,0,0,0,2,0.855775,1.20968,0,1,1,0,0,0,0,0,0.9405,0.7607,3.1673,0,0,0,0,0,0,0,-0,0,1.39846,0,0,0,0,0,0,0,0,0,0,0,0,0,0,0,0,0,0,0,0,0,0,0,0,0
15.25,-0.0277538,0.0114791,0.0618085,0,-0,0,3.03256,1.96278,-3.1192,0.00433982,0.00103794,0.000918216,0.000717205,0.000353709,-0.000577335,3,2,3.92699,0,0,0,0.70455,0,0.82695,0,1,0.0504795,0.963864,0.0253138,2,3,2,3.92699,0,0,0,0,0,0,0,0,0,0,1.5708,1.5708,0,1.5708,1.5708,0,-0.0805496,-0.00530772,-0.00349504,0,0,0,1.87312,1.18086,0.0152183,0.00980917,0.00497969,0.0055391,-0.000494799,0.00413339,-0.00124442,1.75578,1.20968,0,0,0,0,0,0,0,0,0,0,0,0,2,1.75578,1.20968,0,0.344544,0.487027,3.7308e-15,0,0,0,0,0,0,0,0,0,0,0,0,0.855775,1.20968,0,0,0,0,0,0,0,0,0,0,0,0,2,0.855775,1.20968,0,1,1,0,0,0,0,0,0.9405,0.7607,3.1673,0,0,0,0,0,0,0,-0,0,1.39846,0,0,0,0,0,0,0,0,0,0,0,0,0,0,0,0,0,0,0,0,0,0,0,0,0
15.3,-0.0275879,0.0121794,0.0609161,-0.0492834,0.01824,0.0330612,3.03298,1.96286,-3.11889,0.00424013,0.000820671,0.00305309,0.000104296,-0.000645486,0.00826981,3,2,3.92699,0,0,0,0.70455,0,0.82695,0,1,0.0504795,0.963864,0.0253138,2,3,2,3.92699,0,0,0,0,0,0,0,0,0,0,1.5708,1.5708,0,1.5708,1.5708,0,-0.0793744,-0.00562738,-0.00345288,0,0,0,1.87405,1.18136,0.0157509,0.00935223,0.0050144,0.00532873,-0.00311455,0.00225499,-0.00291788,1.75578,1.20968,0,0,0,0,0,0,0,0,0,0,0,0,2,1.75578,1.20968,0,0.344544,0.487027,3.7308e-15,0,0,0,0,0,0,0,0,0,0,0,0,0.855775,1.20968,0,0,0,0,0,0,0,0,0,0,0,0,2,0.855775,1.20968,0,1,1,0,0,0,0,0,0.9405,0.7607,3.1673,0,0,0,0,0,0,0,-0,0,1.39781,0,0,0,0,0,0,0,0,0,0,0,0,0,0,0,0,0,0,0,0,0,0,0,0,0
15.35,-0.0275879,0.0121794,0.0609161,-0.0492889,0.018225,0.0330612,3.03298,1.96286,-3.11889,0.00424013,0.000820671,0.00305309,0.000104296,-0.000645486,0.00826981,3,2,3.92699,0,0,0,0.697996,0,0.810237,0,1,0.0456357,0.954491,0.028034,2,3,2,3.92699,0,0,0,0,0,0,0,0,0,0,1.5708,1.5708,0,1.5708,1.5708,0,-0.0793744,-0.00562738,-0.00345288,0,0,0,1.87405,1.18136,0.0157509,0.00935223,0.0050144,0.00532873,-0.00311455,0.00225499,-0.00291788,1.75578,1.20968,0,0,0,0,0,0,0,0,0,0,0,0,2,1.75578,1.20968,0,0.344544,0.487027,3.7308e-15,0,0,0,0,0,0,0,0,0,0,0,0,0.855775,1.20968,0,0,0,0,0,0,0,0,0,0,0,0,2,0.855775,1.20968,0,1,1,0,0,0,0,0,0.9064,0.7261,3.1347,0,0,0,0,0,0,0,-0,0,1.39781,0,0,0,0,0,0,0,0,0,0,0,0,0,0,0,0,0,0,0,0,0,0,0,0,0
15.4,-0.0238466,0.0125986,0.0581396,-0.0492889,0.018225,0.0330612,3.03329,1.96293,-3.11792,0.00309476,0.000688267,0.00969114,-0.00459239,-0.00105104,0.0326927,3,2,3.92699,0,0,0,0.697996,0,0.810237,0,1,0.0456357,0.954491,0.028034,2,3,2,3.92699,0,0,0,0,0,0,0,0,0,0,1.5708,1.5708,0,1.5708,1.5708,0,-0.0741257,-0.00540147,-0.00306176,0,0,0,1.87482,1.18185,0.0161792,0.00771493,0.00488987,0.0042817,-0.00875682,0.000607797,-0.00615651,1.75578,1.20968,0,0,0,0,0,0,0,0,0,0,0,0,2,1.75578,1.20968,0,0.344544,0.487027,3.7308e-15,0,0,0,0,0,0,0,0,0,0,0,0,0.855775,1.20968,0,0,0,0,0,0,0,0,0,0,0,0,2,0.855775,1.20968,0,1,1,0,0,0,0,0,0.9064,0.7261,3.1347,0,0,0,0,0,0,0,-0,0,1.39719,0,0,0,0,0,0,0,0,0,0,0,0,0,0,0,0,0,0,0,0,0,0,0,0,0
15.45,-0.0238466,0.0125986,0.0581396,-0.0493066,0.0181772,0.0330612,3.03329,1.96293,-3.11792,0.00309476,0.000688267,0.00969114,-0.00459239,-0.00105104,0.0326927,3,2,3.92699,0,0,0,0.686509,0,0.768768,0,0.974503,0.0274058,0.916851,0.0294199,2,3,2,3.92699,0,0,0,0,0,0,0,0,0,0,1.5708,1.5708,0,1.5708,1.5708,0,-0.0741257,-0.00540147,-0.00306176,0,0,0,1.87482,1.18185,0.0161792,0.00771493,0.00488987,0.0042817,-0.00875682,0.000607797,-0.00615651,1.75578,1.20968,0,0,0,0,0,0,0,0,0,0,0,0,2,1.75578,1.20968,0,0.344544,0.487027,3.7308e-15,0,0,0,0,0,0,0,0,0,0,0,0,0.855775,1.20968,0,0,0,0,0,0,0,0,0,0,0,0,2,0.855775,1.20968,0,1,1,0,0,0,0,0,0.9064,0.7261,3.1347,0,0,0,0,0,0,0,-0,0,1.39719,0,0,0,0,0,0,0,0,0,0,0,0,0,0,0,0,0,0,0,0,0,0,0,0,0
15.5,-0.0176778,0.0106698,0.0545754,-0.0493066,0.0181772,0.0330612,3.03341,1.96306,-3.11611,0.00125217,0.00124485,0.0180992,-0.0107595,0.00153731,0.0565226,3,2,3.92699,0,0,0,0.686509,0,0.768768,0,0.974503,0.0274058,0.916851,0.0294199,2,3,2,3.92699,0,0,0,0,0,0,0,0,0,0,1.5708,1.5708,0,1.5708,1.5708,0,-0.0752941,-0.00590178,-0.00189223,0,0,0,1.87562,1.18235,0.0163172,0.00796459,0.00497817,0.00137987,-0.00503266,0.000489248,-0.0157352,1.75578,1.20968,0,0,0,0,0,0,0,0,0,0,0,0,2,1.75578,1.20968,0,0.344544,0.487027,3.7308e-15,0,0,0,0,0,0,0,0,0,0,0,0,0.855775,1.20968,0,0,0,0,0,0,0,0,0,0,0,0,2,0.855775,1.20968,0,1,1,0,0,0,0,0,0.9064,0.7261,3.1347,0,0,0,0,0,0,0,-0,0,1.39642,0,0,0,0,0,0,0,0,0,0,0,0,0,0,0,0,0,0,0,0,0,0,0,0,0
15.55,-0.0176778,0.0106698,0.0545754,-0.0300386,0.0161284,0.0303521,3.03341,1.96306,-3.11611,0.00125217,0.00124485,0.0180992,-0.0107595,0.00153731,0.0565226,3,2,3.92699,0,0,0,0.678925,0,0.735597,0,0.88861,0,0.855161,0.016223,2,3,2,3.92699,0,0,0,0,0,0,0,0,0,0,1.5708,1.5708,0,1.5708,1.5708,0,-0.0752941,-0.00590178,-0.00189223,0,0,0,1.87562,1.18235,0.0163172,0.00796459,0.00497817,0.00137987,-0.00503266,0.000489248,-0.0157352,1.75578,1.20968,0,0,0,0,0,0,0,0,0,0,0,0,2,1.75578,1.20968,0,0.344544,0.487027,3.7308e-15,0,0,0,0,0,0,0,0,0,0,0,0,0.855775,1.20968,0,0,0,0,0,0,0,0,0,0,0,0,2,0.855775,1.20968,0,1,1,0,0,0,0,0,0.9073,0.7223,3.1324,0,0,0,0,0,0,0,-0,0,1.39642,0,0,0,0,0,0,0,0,0,0,0,0,0,0,0,0,0,0,0,0,0,0,0,0,0
15.6,-0.0122003,0.0107264,0.0507635,-0.0300386,0.0161284,0.0303521,3.03338,1.96318,-3.11342,-0.000366284,0.00121362,0.0269395,-0.0137614,0.00114778,0.0724737,3,2,3.92699,0,0,0,0.678925,0,0.735597,0,0.88861,0,0.855161,0.016223,2,3,2,3.92699,0,0,0,0,0,0,0,0,0,0,1.5708,1.5708,0,1.5708,1.5708,0,-0.0699715,-0.0056646,-0.00269253,0,0,0,1.87625,1.18283,0.0166452,0.00632205,0.00485081,0.0032809,-0.00908428,-0.000233365,-0.00314772,1.75578,1.20968,0,0,0,0,0,0,0,0,0,0,0,0,2,1.75578,1.20968,0,0.344544,0.487027,3.7308e-15,0,0,0,0,0,0,0,0,0,0,0,0,0.855775,1.20968,0,0,0,0,0,0,0,0,0,0,0,0,2,0.855775,1.20968,0,1,1,0,0,0,0,0,0.9073,0.7223,3.1324,0,0,0,0,0,0,0,-0,0,1.39566,0,0,0,0,0,0,0,0,0,0,0,0,0,0,0,0,0,0,0,0,0,0,0,0,0
15.65,-0.0122003,0.0107264,0.0507635,-0.0300819,0.0160474,0.0303521,3.03338,1.96318,-3.11342,-0.000366284,0.00121362,0.0269395,-0.0137614,0.00114778,0.0724737,3,2,3.92699,0,0,0,0.652371,0,0.677786,0,0.805926,0,0.802116,0.0198982,2,3,2,3.92699,0,0,0,0,0,0,0,0,0,0,1.5708,1.5708,0,1.5708,1.5708,0,-0.0699715,-0.0056646,-0.00269253,0,0,0,1.87625,1.18283,0.0166452,0.00632205,0.00485081,0.0032809,-0.00908428,-0.000233365,-0.00314772,1.75578,1.20968,0,0,0,0,0,0,0,0,0,0,0,0,2,1.75578,1.20968,0,0.344544,0.487027,3.7308e-15,0,0,0,0,0,0,0,0,0,0,0,0,0.855775,1.20968,0,0,0,0,0,0,0,0,0,0,0,0,2,0.855775,1.20968,0,1,1,0,0,0,0,0,0.9073,0.7223,3.1324,0,0,0,0,0,0,0,-0,0,1.39566,0,0,0,0,0,0,0,0,0,0,0,0,0,0,0,0,0,0,0,0,0,0,0,0,0
15.7,-0.00588761,0.0106853,0.046951,-0.0300819,0.0160474,0.0303521,3.03316,1.9633,-3.10986,-0.00221021,0.00121134,0.0356078,-0.0160373,0.000627871,0.0803221,3,2,3.92699,0,0,0,0.652371,0,0.677786,0,0.805926,0,0.802116,0.0198982,2,3,2,3.92699,0,0,0,0,0,0,0,0,0,0,1.5708,1.5708,0,1.5708,1.5708,0,-0.0712692,-0.00574039,-0.0022521,0,0,0,1.87691,1.18332,0.0168607,0.00662573,0.00481605,0.00215533,-0.00478744,-0.000374975,-0.004683,1.75578,1.20968,0,0,0,0,0,0,0,0,0,0,0,0,2,1.75578,1.20968,0,0.344544,0.487027,3.7308e-15,0,0,0,0,0,0,0,0,0,0,0,0,0.855775,1.20968,0,0,0,0,0,0,0,0,0,0,0,0,2,0.855775,1.20968,0,1,1,0,0,0,0,0,0.9073,0.7223,3.1324,0,0,0,0,0,0,0,-0,0,1.39473,0,0,0,0,0,0,0,0,0,0,0,0,0,0,0,0,0,0,0,0,0,0,0,0,0
15.75,-0.00588761,0.0106853,0.046951,-0.0306259,0.0161978,0.0308426,3.03316,1.9633,-3.10986,-0.00221021,0.00121134,0.0356078,-0.0160373,0.000627871,0.0803221,3,2,3.92699,0,0,0,0.636483,0,0.622314,0,0.707861,0,0.741945,0.0211985,2,3,2,3.92699,0,0,0,0,0,0,0,0,0,0,1.5708,1.5708,0,1.5708,1.5708,0,-0.0712692,-0.00574039,-0.0022521,0,0,0,1.87691,1.18332,0.0168607,0.00662573,0.00481605,0.00215533,-0.00478744,-0.000374975,-0.004683,1.75578,1.20968,0,0,0,0,0,0,0,0,0,0,0,0,2,1.75578,1.20968,0,0.344544,0.487027,3.7308e-15,0,0,0,0,0,0,0,0,0,0,0,0,0.855775,1.20968,0,0,0,0,0,0,0,0,0,0,0,0,2,0.855775,1.20968,0,1,1,0,0,0,0,0,0.9794,0.784,3.1957,0,0,0,0,0,0,0,-0,0,1.39473,0,0,0,0,0,0,0,0,0,0,0,0,0,0,0,0,0,0,0,0,0,0,0,0,0
15.8,-0.000367001,0.0107222,0.0435118,-0.0107847,0.0168372,0.0265344,3.03278,1.96342,-3.10554,-0.00380048,0.00118628,0.0432043,-0.0162945,0.000207586,0.0796808,3,2,3.92699,0,0,0,0.636483,0,0.622314,0,0.707861,0,0.741945,0.0211985,2,3,2,3.92699,0,0,0,0,0,0,0,0,0,0,1.5708,1.5708,0,1.5708,1.5708,0,-0.0661734,-0.00535519,-0.00215554,0,0,0,1.87742,1.18378,0.0170488,0.00506488,0.00464748,0.00188033,-0.00852391,-0.000913526,-0.00411671,1.75578,1.20968,0,0,0,0,0,0,0,0,0,0,0,0,2,1.75578,1.20968,0,0.344544,0.487027,3.7308e-15,0,0,0,0,0,0,0,0,0,0,0,0,0.855775,1.20968,0,0,0,0,0,0,0,0,0,0,0,0,2,0.855775,1.20968,0,1,1,0,0,0,0,0,0.9794,0.784,3.1957,0,0,0,0,0,0,0,-0,0,1.3938,0,0,0,0,0,0,0,0,0,0,0,0,0,0,0,0,0,0,0,0,0,0,0,0,0
15.85,-0.000367001,0.0107222,0.0435118,-0.0125131,0.0193509,0.0305808,3.03278,1.96342,-3.10554,-0.00380048,0.00118628,0.0432043,-0.0162945,0.000207586,0.0796808,3,2,3.92699,0,0,0,0.626624,0,0.5809,0,0.625034,0,0.689301,0.0142395,2,3,2,3.92699,0,0,0,0,0,0,0,0,0,0,1.5708,1.5708,0,1.5708,1.5708,0,-0.0661734,-0.00535519,-0.00215554,0,0,0,1.87742,1.18378,0.0170488,0.00506488,0.00464748,0.00188033,-0.00852391,-0.000913526,-0.00411671,1.75578,1.20968,0,0,0,0,0,0,0,0,0,0,0,0,2,1.75578,1.20968,0,0.344544,0.487027,3.7308e-15,0,0,0,0,0,0,0,0,0,0,0,0,0.855775,1.20968,0,0,0,0,0,0,0,0,0,0,0,0,2,0.855775,1.20968,0,1,1,0,0,0,0,0,0.9794,0.784,3.1957,0,0,0,0,0,0,0,-0,0,1.3938,0,0,0,0,0,0,0,0,0,0,0,0,0,0,0,0,0,0,0,0,0,0,0,0,0
15.9,0.00648175,0.0120082,0.0398791,-0.0125131,0.0193509,0.0305808,3.0322,1.9635,-3.10043,-0.00576085,0.000795778,0.0511188,-0.0176484,-0.00149361,0.0793439,3,2,3.92699,0,0,0,0.626624,0,0.5809,0,0.625034,0,0.689301,0.0142395,2,3,2,3.92699,0,0,0,0,0,0,0,0,0,0,1.5708,1.5708,0,1.5708,1.5708,0,-0.0666382,-0.00527478,-0.00133657,0,0,0,1.87793,1.18424,0.0170358,0.00514082,0.00456961,-0.000129713,-0.00532433,-0.000936267,-0.0104284,1.75578,1.20968,0,0,0,0,0,0,0,0,0,0,0,0,2,1.75578,1.20968,0,0.344544,0.487027,3.7308e-15,0,0,0,0,0,0,0,0,0,0,0,0,0.855775,1.20968,0,0,0,0,0,0,0,0,0,0,0,0,2,0.855775,1.20968,0,1,1,0,0,0,0,0,0.9794,0.784,3.1957,0,0,0,0,0,0,0,-0,0,1.39269,0,0,0,0,0,0,0,0,0,0,0,0,0,0,0,0,0,0,0,0,0,0,0,0,0
15.95,0.00648175,0.0120082,0.0398791,-0.0143537,0.0219503,0.0348043,3.0322,1.9635,-3.10043,-0.00576085,0.000795778,0.0511188,-0.0176484,-0.00149361,0.0793439,3,2,3.92699,0,0,0,0.613137,0,0.53074,0,0.539788,0,0.639265,0.0109908,2,3,2,3.92699,0,0,0,0,0,0,0,0,0,0,1.5708,1.5708,0,1.5708,1.5708,0,-0.0666382,-0.00527478,-0.00133657,0,0,0,1.87793,1.18424,0.0170358,0.00514082,0.00456961,-0.000129713,-0.00532433,-0.000936267,-0.0104284,1.75578,1.20968,0,0,0,0,0,0,0,0,0,0,0,0,2,1.75578,1.20968,0,0.344544,0.487027,3.7308e-15,0,0,0,0,0,0,0,0,0,0,0,0,0.855775,1.20968,0,0,0,0,0,0,0,0,0,0,0,0,2,0.855775,1.20968,0,1,1,0,0,0,0,0,0.8253,0.6145,3.0274,0,0,0,0,0,0,0,-0,0,1.39269,0,0,0,0,0,0,0,0,0,0,0,0,0,0,0,0,0,0,0,0,0,0,0,0,0
16,0.0130202,0.012376,0.0361796,-0.0143537,0.0219503,0.0348043,3.03144,1.96357,-3.09452,-0.00760728,0.000678698,0.0590385,-0.0181562,-0.00159477,0.0792307,3,2,3.92699,0,0,0,0.613137,0,0.53074,0,0.539788,0,0.639265,0.0109908,2,3,2,3.92699,0,0,0,0,0,0,0,0,0,0,1.5708,1.5708,0,1.5708,1.5708,0,-0.0629892,-0.0048402,-0.00200298,0,0,0,1.87834,1.18468,0.0171836,0.00401849,0.00438957,0.00147837,-0.00724888,-0.0012851,-0.000689226,1.75578,1.20968,0,0,0,0,0,0,0,0,0,0,0,0,2,1.75578,1.20968,0,0.344544,0.487027,3.7308e-15,0,0,0,0,0,0,0,0,0,0,0,0,0.855775,1.20968,0,0,0,0,0,0,0,0,0,0,0,0,2,0.855775,1.20968,0,1,1,0,0,0,0,0,0.8253,0.6145,3.0274,0,0,0,0,0,0,0.87623,0.69668,3.28567,1.39152,0,0,0,0,1,0,0,0,0,0,0,0,0,0,0,0,0,0,0,0,0,0,0,0,0
16.05,0.0130202,0.012376,0.0361796,0.0231278,0.0206921,0.0308474,3.03144,1.96357,-3.09452,-0.00760728,0.000678698,0.0590385,-0.0181562,-0.00159477,0.0792307,3,2,3.92699,0,0,0,0.580873,0,0.486117,0,0.467793,0,0.578085,0.00296921,2,3,2,3.92699,0,0,0,0,0,0,0,0,0,0,1.5708,1.5708,0,1.5708,1.5708,0,-0.0629892,-0.0048402,-0.00200298,0,0,0,1.87834,1.18468,0.0171836,0.00401849,0.00438957,0.00147837,-0.00724888,-0.0012851,-0.000689226,1.75578,1.20968,0,0,0,0,0,0,0,0,0,0,0,0,2,1.75578,1.20968,0,0.344544,0.487027,3.7308e-15,0,0,0,0,0,0,0,0,0,0,0,0,0.855775,1.20968,0,0,0,0,0,0,0,0,0,0,0,0,2,0.855775,1.20968,0,1,1,0,0,0,0,0,0.8253,0.6145,3.0274,0,0,0,0,0,0,0.87623,0.69668,3.28567,1.39152,0,0,0,0,1,0,0,0,0,0,0,0,0,0,0,0,0,0,0,0,0,0,0,0,0
16.1,0.0158876,0.0110217,0.0332278,0.0231278,0.0206921,0.0308474,3.0306,1.96367,-3.08802,-0.00835717,0.00106724,0.0649995,-0.0139649,0.000580946,0.0713606,3,2,3.92699,0,0,0,0.580873,0,0.486117,0,0.467793,0,0.578085,0.00296921,2,3,2,3.92699,0,0,0,0,0,0,0,0,0,0,1.5708,1.5708,0,1.5708,1.5708,0,-0.0620061,-0.00494645,-0.000579475,0,0,0,1.87871,1.18511,0.0169857,0.00368527,0.00436908,-0.00198027,-0.0059456,-0.000901949,-0.0129157,1.75578,1.20968,0,0,0,0,0,0,0,0,0,0,0,0,2,1.75578,1.20968,0,0.344544,0.487027,3.7308e-15,0,0,0,0,0,0,0,0,0,0,0,0,0.855775,1.20968,0,0,0,0,0,0,0,0,0,0,0,0,2,0.855775,1.20968,0,1,1,0,0,0,0,0,0.8253,0.6145,3.0274,0,0,0,0,0,0,0.87623,0.69668,3.28567,1.39033,0,0,0,0,1,0,0,0,0,0,0,0,0,0,0,0,0,0,0,0,0,0,0,0,0
16.15,0.0158876,0.0110217,0.0332278,0.019214,0.0174166,0.0257776,3.0306,1.96367,-3.08802,-0.00835717,0.00106724,0.0649995,-0.0139649,0.000580946,0.0713606,3,2,3.92699,0,0,0,0.545138,0,0.450356,0,0.417928,0,0.526977,0,2,3,2,3.92699,0,0,0,0,0,0,0,0,0,0,1.5708,1.5708,0,1.5708,1.5708,0,-0.0620061,-0.00494645,-0.000579475,0,0,0,1.87871,1.18511,0.0169857,0.00368527,0.00436908,-0.00198027,-0.0059456,-0.000901949,-0.0129157,1.75578,1.20968,0,0,0,0,0,0,0,0,0,0,0,0,2,1.75578,1.20968,0,0.344544,0.487027,3.7308e-15,0,0,0,0,0,0,0,0,0,0,0,0,0.855775,1.20968,0,0,0,0,0,0,0,0,0,0,0,0,2,0.855775,1.20968,0,1,1,0,0,0,0,0,0.9491,0.7181,3.1321,0,0,0,0,0,0,0.87623,0.69668,3.28567,1.39033,0,0,0,0,1,0,0,0,0,0,0,0,0,0,0,0,0,0,0,0,0,0,0,0,0
16.2,0.018258,0.0110956,0.0306007,0.019214,0.0174166,0.0257776,3.02971,1.96378,-3.08102,-0.00895269,0.001033,0.0700598,-0.0102026,0.000507119,0.0620403,3,2,3.92699,0,0,0,0.545138,0,0.450356,0,0.417928,0,0.526977,0,2,3,2,3.92699,0,0,0,0,0,0,0,0,0,0,1.5708,1.5708,0,1.5708,1.5708,0,-0.0602283,-0.00493708,-0.00130987,0,0,0,1.87902,1.18555,0.0169675,0.00312465,0.00431516,-0.00018164,-0.00563213,-0.000702941,-0.00222541,1.75578,1.20968,0,0,0,0,0,0,0,0,0,0,0,0,2,1.75578,1.20968,0,0.344544,0.487027,3.7308e-15,0,0,0,0,0,0,0,0,0,0,0,0,0.855775,1.20968,0,0,0,0,0,0,0,0,0,0,0,0,2,0.855775,1.20968,0,1,1,0,0,0,0,0,0.9491,0.7181,3.1321,0,0,0,0,0,0,0.90095,0.70518,3.4838,1.38915,0,0,0,0,1,0,0,0,0,0,0,0,0,0,0,0,0,0,0,0,0,0,0,0,0
16.25,0.018258,0.0110956,0.0306007,0.0303137,0.0278672,0.0409298,3.02971,1.96378,-3.08102,-0.00895269,0.001033,0.0700598,-0.0102026,0.000507119,0.0620403,3,2,3.92699,0,0,0,0.514343,0.000720315,0.412582,0,0.371911,0,0.486801,0.000559529,2,3,2,3.92699,0,0,0,0,0,0,0,0,0,0,1.5708,1.5708,0,1.5708,1.5708,0,-0.0602283,-0.00493708,-0.00130987,0,0,0,1.87902,1.18555,0.0169675,0.00312465,0.00431516,-0.00018164,-0.00563213,-0.000702941,-0.00222541,1.75578,1.20968,0,0,0,0,0,0,0,0,0,0,0,0,2,1.75578,1.20968,0,0.344544,0.487027,3.7308e-15,0,0,0,0,0,0,0,0,0,0,0,0,0.855775,1.20968,0,0,0,0,0,0,0,0,0,0,0,0,2,0.855775,1.20968,0,1,1,0,0,0,0,0,0.9491,0.7181,3.1321,0,0,0,0,0,0,0.90095,0.70518,3.4838,1.38915,0,0,0,0,1,0,0,0,0,0,0,0,0,0,0,0,0,0,0,0,0,0,0,0,0
16.3,0.0227128,0.00862841,0.0301225,0.0303137,0.0278672,0.0409298,3.02869,1.96395,-3.07404,-0.0101515,0.00174318,0.0698359,-0.0104101,0.00313256,0.0351209,3,2,3.92699,0,0,0,0.514343,0.000720315,0.412582,0,0.371911,0,0.486801,0.000559529,2,3,2,3.92699,0,0,0,0,0,0,0,0,0,0,1.5708,1.5708,0,1.5708,1.5708,0,-0.0581158,-0.00571081,-0.00111594,0,0,0,1.87926,1.18599,0.016903,0.00247317,0.0044898,-0.000645321,-0.00594187,0.000303931,-0.00174158,1.75578,1.20968,0,0,0,0,0,0,0,0,0,0,0,0,2,1.75578,1.20968,0,0.344544,0.487027,3.7308e-15,0,0,0,0,0,0,0,0,0,0,0,0,0.855775,1.20968,0,0,0,0,0,0,0,0,0,0,0,0,2,0.855775,1.20968,0,1,1,0,0,0,0,0,0.9491,0.7181,3.1321,0,0,0,0,0,0,0.90095,0.70518,3.4838,1.38795,0,0,0,0,1,0,0,0,0,0,0,0,0,0,0,0,0,0,0,0,0,0,0,0,0
16.35,0.0227128,0.00862841,0.0301225,0.0428042,0.0168714,0.030503,3.02869,1.96395,-3.07404,-0.0101515,0.00174318,0.0698359,-0.0104101,0.00313256,0.0351209,3,2,3.92699,0,0,0,0.523217,0.00578511,0.415302,0,0.349652,0,0.470498,0,2,3,2,3.92699,0,0,0,0,0,0,0,0,0,0,1.5708,1.5708,0,1.5708,1.5708,0,-0.0581158,-0.00571081,-0.00111594,0,0,0,1.87926,1.18599,0.016903,0.00247317,0.0044898,-0.000645321,-0.00594187,0.000303931,-0.00174158,1.75578,1.20968,0,0,0,0,0,0,0,0,0,0,0,0,2,1.75578,1.20968,0,0.344544,0.487027,3.7308e-15,0,0,0,0,0,0,0,0,0,0,0,0,0.855775,1.20968,0,0,0,0,0,0,0,0,0,0,0,0,2,0.855775,1.20968,0,1,1,0,0,0,0,0,0.8543,0.6008,3.0158,0,0,0,0,0,0,0.90095,0.70518,3.4838,1.38795,0,0,0,0,1,0,0,0,0,0,0,0,0,0,0,0,0,0,0,0,0,0,0,0,0
16.4,0.0297331,0.00738955,0.0338333,0.0428042,0.0168714,0.030503,3.02749,1.96416,-3.06809,-0.0120872,0.00208536,0.059511,-0.0140077,0.0036027,-0.0238523,3,2,3.92699,0,0,0,0.523217,0.00578511,0.415302,0,0.349652,0,0.470498,0,2,3,2,3.92699,0,0,0,0,0,0,0,0,0,0,1.5708,1.5708,0,1.5708,1.5708,0,-0.0568493,-0.006062,-0.00081409,0,0,0,1.87947,1.18645,0.016767,0.00207558,0.00453941,-0.00135987,-0.00520014,0.000514409,-0.00383501,1.75578,1.20968,0,0,0,0,0,0,0,0,0,0,0,0,2,1.75578,1.20968,0,0.344544,0.487027,3.7308e-15,0,0,0,0,0,0,0,0,0,0,0,0,0.855775,1.20968,0,0,0,0,0,0,0,0,0,0,0,0,2,0.855775,1.20968,0,1,1,0,0,0,0,0,0.8543,0.6008,3.0158,0,0,0,0,0,0,0.90095,0.70518,3.4838,1.38664,0,0,0,0,1,0,0,0,0,0,0,0,0,0,0,0,0,0,0,0,0,0,0,0,0
16.45,0.0297331,0.00738955,0.0338333,0.0382453,0.015338,0.0273188,3.02749,1.96416,-3.06809,-0.0120872,0.00208536,0.059511,-0.0140077,0.0036027,-0.0238523,3,2,3.92699,0,0,0,0.610061,0.0211859,0.474964,0,0.370989,0,0.52062,0,2,3,2,3.92699,0,0,0,0,0,0,0,0,0,0,1.5708,1.5708,0,1.5708,1.5708,0,-0.0568493,-0.006062,-0.00081409,0,0,0,1.87947,1.18645,0.016767,0.00207558,0.00453941,-0.00135987,-0.00520014,0.000514409,-0.00383501,1.75578,1.20968,0,0,0,0,0,0,0,0,0,0,0,0,2,1.75578,1.20968,0,0.344544,0.487027,3.7308e-15,0,0,0,0,0,0,0,0,0,0,0,0,0.855775,1.20968,0,0,0,0,0,0,0,0,0,0,0,0,2,0.855775,1.20968,0,1,1,0,0,0,0,0,0.8543,0.6008,3.0158,0,0,0,0,0,0,0.88889,0.68348,3.1715,1.38664,0,0,0,0,1,0,0,0,0,0,0,0,0,0,0,0,0,0,0,0,0,0,0,0,0
16.5,0.0370341,0.00862648,0.035767,0.0382453,0.015338,0.0273188,3.02608,1.96433,-3.06272,-0.0140824,0.00169864,0.0536762,-0.0168707,0.00068199,-0.0456191,3,2,3.92699,0,0,0,0.610061,0.0211859,0.474964,0,0.370989,0,0.52062,0,2,3,2,3.92699,0,0,0,0,0,0,0,0,0,0,1.5708,1.5708,0,1.5708,1.5708,0,-0.0541064,-0.00470793,-0.000629722,0,0,0,1.8796,1.18686,0.0165894,0.00125292,0.00409212,-0.00177736,-0.00630944,-0.00144988,-0.0042544,1.75578,1.20968,0,0,0,0,0,0,0,0,0,0,0,0,2,1.75578,1.20968,0,0.344544,0.487027,3.7308e-15,0,0,0,0,0,0,0,0,0,0,0,0,0.855775,1.20968,0,0,0,0,0,0,0,0,0,0,0,0,2,0.855775,1.20968,0,1,1,0,0,0,0,0,0.8543,0.6008,3.0158,0,0,0,0,0,0,0.88889,0.68348,3.1715,1.38524,0,0,0,0,1,0,0,0,0,0,0,0,0,0,0,0,0,0,0,0,0,0,0,0,0
16.55,0.0370341,0.00862648,0.035767,0.0357133,0.0145455,0.0255656,3.02608,1.96433,-3.06272,-0.0140824,0.00169864,0.0536762,-0.0168707,0.00068199,-0.0456191,3,2,3.92699,0,0,0,0.670284,0.0379532,0.499837,0,0.366217,0,0.55202,0,2,3,2,3.92699,0,0,0,0,0,0,0,0,0,0,1.5708,1.5708,0,1.5708,1.5708,0,-0.0541064,-0.00470793,-0.000629722,0,0,0,1.8796,1.18686,0.0165894,0.00125292,0.00409212,-0.00177736,-0.00630944,-0.00144988,-0.0042544,1.75578,1.20968,0,0,0,0,0,0,0,0,0,0,0,0,2,1.75578,1.20968,0,0.344544,0.487027,3.7308e-15,0,0,0,0,0,0,0,0,0,0,0,0,0.855775,1.20968,0,0,0,0,0,0,0,0,0,0,0,0,2,0.855775,1.20968,0,1,1,0,0,0,0,0,0.9345,0.6638,3.0793,0,0,0,0,0,0,0.88889,0.68348,3.1715,1.38524,0,0,0,0,1,0,0,0,0,0,0,0,0,0,0,0,0,0,0,0,0,0,0,0,0
16.6,0.0406392,0.0101318,0.0357927,0.0357133,0.0145455,0.0255656,3.02458,1.96445,-3.05747,-0.014972,0.0012379,0.052559,-0.0140823,-0.00182577,-0.0347712,3,2,3.92699,0,0,0,0.670284,0.0379532,0.499837,0,0.366217,0,0.55202,0,2,3,2,3.92699,0,0,0,0,0,0,0,0,0,0,1.5708,1.5708,0,1.5708,1.5708,0,-0.0524695,-0.00465463,-0.00107487,0,0,0,1.87967,1.18726,0.0165224,0.000761784,0.00402866,-0.000669957,-0.0059007,-0.0013875,0.00181205,1.75578,1.20968,0,0,0,0,0,0,0,0,0,0,0,0,2,1.75578,1.20968,0,0.344544,0.487027,3.7308e-15,0,0,0,0,0,0,0,0,0,0,0,0,0.855775,1.20968,0,0,0,0,0,0,0,0,0,0,0,0,2,0.855775,1.20968,0,1,1,0,0,0,0,0,0.9345,0.6638,3.0793,0,0,0,0,0,0,0.8877,0.65211,3.28443,1.38378,0,0,0,0,1,0,0,0,0,0,0,0,0,0,0,0,0,0,0,0,0,0,0,0,0
16.65,0.0406392,0.0101318,0.0357927,0.0782707,0.0195352,0.0297616,3.02458,1.96445,-3.05747,-0.014972,0.0012379,0.052559,-0.0140823,-0.00182577,-0.0347712,3,2,3.92699,0,0,0,0.684517,0.0453338,0.495456,0,0.352166,0,0.556585,0,2,3,2,3.92699,0,0,0,0,0,0,0,0,0,0,1.5708,1.5708,0,1.5708,1.5708,0,-0.0524695,-0.00465463,-0.00107487,0,0,0,1.87967,1.18726,0.0165224,0.000761784,0.00402866,-0.000669957,-0.0059007,-0.0013875,0.00181205,1.75578,1.20968,0,0,0,0,0,0,0,0,0,0,0,0,2,1.75578,1.20968,0,0.344544,0.487027,3.7308e-15,0,0,0,0,0,0,0,0,0,0,0,0,0.855775,1.20968,0,0,0,0,0,0,0,0,0,0,0,0,2,0.855775,1.20968,0,1,1,0,0,0,0,0,0.9345,0.6638,3.0793,0,0,0,0,0,0,0.8877,0.65211,3.28443,1.38378,0,0,0,0,1,0,0,0,0,0,0,0,0,0,0,0,0,0,0,0,0,0,0,0,0
16.7,0.0420407,0.00948583,0.0328459,0.0782707,0.0195352,0.0297616,3.02306,1.96459,-3.0516,-0.0152058,0.00141242,0.0586348,-0.00900791,-0.000739035,0.00484759,3,2,3.92699,0,0,0,0.684517,0.0453338,0.495456,0,0.352166,0,0.556585,0,2,3,2,3.92699,0,0,0,0,0,0,0,0,0,0,1.5708,1.5708,0,1.5708,1.5708,0,-0.050923,-0.00437593,-0.000627395,0,0,0,1.8797,1.18765,0.0163489,0.000302749,0.00390034,-0.00173488,-0.00532244,-0.00133889,-0.00234527,1.75578,1.20968,0,0,0,0,0,0,0,0,0,0,0,0,2,1.75578,1.20968,0,0.344544,0.487027,3.7308e-15,0,0,0,0,0,0,0,0,0,0,0,0,0.855775,1.20968,0,0,0,0,0,0,0,0,0,0,0,0,2,0.855775,1.20968,0,1,1,0,0,0,0,0,0.9345,0.6638,3.0793,0,0,0,0,0,0,0.8877,0.65211,3.28443,1.38236,0,0,0,0,1,0,0,0,0,0,0,0,0,0,0,0,0,0,0,0,0,0,0,0,0
16.75,0.0420407,0.00948583,0.0328459,0.0855354,0.0218819,0.0325721,3.02306,1.96459,-3.0516,-0.0152058,0.00141242,0.0586348,-0.00900791,-0.000739035,0.00484759,3,2,3.92699,0,0,0,0.636363,0.0411805,0.458255,0,0.314924,0,0.507125,0,2,3,2,3.92699,0,0,0,0,0,0,0,0,0,0,1.5708,1.5708,0,1.5708,1.5708,0,-0.050923,-0.00437593,-0.000627395,0,0,0,1.8797,1.18765,0.0163489,0.000302749,0.00390034,-0.00173488,-0.00532244,-0.00133889,-0.00234527,1.75578,1.20968,0,0,0,0,0,0,0,0,0,0,0,0,2,1.75578,1.20968,0,0.344544,0.487027,3.7308e-15,0,0,0,0,0,0,0,0,0,0,0,0,0.855775,1.20968,0,0,0,0,0,0,0,0,0,0,0,0,2,0.855775,1.20968,0,1,1,0,0,0,0,0,0.86,0.5728,2.9891,0,0,0,0,0,0,0.8877,0.65211,3.28443,1.38236,0,0,0,0,1,0,0,0,0,0,0,0,0,0,0,0,0,0,0,0,0,0,0,0,0
16.8,0.045225,0.00931074,0.0313232,0.0855354,0.0218819,0.0325721,3.02146,1.96474,-3.04548,-0.0159588,0.00144703,0.0611548,-0.0077407,-0.000157315,0.0183834,3,2,3.92699,0,0,0,0.636363,0.0411805,0.458255,0,0.314924,0,0.507125,0,2,3,2,3.92699,0,0,0,0,0,0,0,0,0,0,1.5708,1.5708,0,1.5708,1.5708,0,-0.0491279,-0.00456762,-0.000466465,0,0,0,1.87968,1.18804,0.0161399,-0.000223277,0.0039104,-0.00208849,-0.00521888,-0.0007543,-0.00338491,1.75578,1.20968,0,0,0,0,0,0,0,0,0,0,0,0,2,1.75578,1.20968,0,0.344544,0.487027,3.7308e-15,0,0,0,0,0,0,0,0,0,0,0,0,0.855775,1.20968,0,0,0,0,0,0,0,0,0,0,0,0,2,0.855775,1.20968,0,1,1,0,0,0,0,0,0.86,0.5728,2.9891,0,0,0,0,0,0,0.8877,0.65211,3.28443,1.38091,0,0,0,0,1,0,0,0,0,0,0,0,0,0,0,0,0,0,0,0,0,0,0,0,0
16.85,0.045225,0.00931074,0.0313232,0.08907,0.0233677,0.033972,3.02146,1.96474,-3.04548,-0.0159588,0.00144703,0.0611548,-0.0077407,-0.000157315,0.0183834,3,2,3.92699,0,0,0,0.619523,0.0428319,0.439638,0,0.287385,0,0.480706,0,2,3,2,3.92699,0,0,0,0,0,0,0,0,0,0,1.5708,1.5708,0,1.5708,1.5708,0,-0.0491279,-0.00456762,-0.000466465,0,0,0,1.87968,1.18804,0.0161399,-0.000223277,0.0039104,-0.00208849,-0.00521888,-0.0007543,-0.00338491,1.75578,1.20968,0,0,0,0,0,0,0,0,0,0,0,0,2,1.75578,1.20968,0,0.344544,0.487027,3.7308e-15,0,0,0,0,0,0,0,0,0,0,0,0,0.855775,1.20968,0,0,0,0,0,0,0,0,0,0,0,0,2,0.855775,1.20968,0,1,1,0,0,0,0,0,0.86,0.5728,2.9891,0,0,0,0,0,0,0.86416,0.62301,3.19233,1.38091,0,0,0,0,1,0,0,0,0,0,0,0,0,0,0,0,0,0,0,0,0,0,0,0,0
16.9,0.0480995,0.0121011,0.0283307,0.08907,0.0233677,0.033972,3.0198,1.9648,-3.03877,-0.0166124,0.000613012,0.0671723,-0.00705719,-0.00335083,0.0367961,3,2,3.92699,0,0,0,0.619523,0.0428319,0.439638,0,0.287385,0,0.480706,0,2,3,2,3.92699,0,0,0,0,0,0,0,0,0,0,1.5708,1.5708,0,1.5708,1.5708,0,-0.0473226,-0.00299119,-0.000413909,0,0,0,1.87961,1.18838,0.0159226,-0.000746116,0.00340576,-0.00217409,-0.00520816,-0.00239755,-0.00251115,1.75578,1.20968,0,0,0,0,0,0,0,0,0,0,0,0,2,1.75578,1.20968,0,0.344544,0.487027,3.7308e-15,0,0,0,0,0,0,0,0,0,0,0,0,0.855775,1.20968,0,0,0,0,0,0,0,0,0,0,0,0,2,0.855775,1.20968,0,1,1,0,0,0,0,0,0.86,0.5728,2.9891,0,0,0,0,0,0,0.86416,0.62301,3.19233,1.37945,0,0,0,0,1,0,0,0,0,0,0,0,0,0,0,0,0,0,0,0,0,0,0,0,0
16.95,0.0480995,0.0121011,0.0283307,0.0946891,0.0239319,0.029121,3.0198,1.9648,-3.03877,-0.0166124,0.000613012,0.0671723,-0.00705719,-0.00335083,0.0367961,3,2,3.92699,0,0,0,0.574537,0.0400651,0.388531,0,0.244358,0,0.442495,0,2,3,2,3.92699,0,0,0,0,0,0,0,0,0,0,1.5708,1.5708,0,1.5708,1.5708,0,-0.0473226,-0.00299119,-0.000413909,0,0,0,1.87961,1.18838,0.0159226,-0.000746116,0.00340576,-0.00217409,-0.00520816,-0.00239755,-0.00251115,1.75578,1.20968,0,0,0,0,0,0,0,0,0,0,0,0,2,1.75578,1.20968,0,0.344544,0.487027,3.7308e-15,0,0,0,0,0,0,0,0,0,0,0,0,0.855775,1.20968,0,0,0,0,0,0,0,0,0,0,0,0,2,0.855775,1.20968,0,1,1,0,0,0,0,0,1.0307,0.7241,3.141,0,0,0,0,0,0,0.86416,0.62301,3.19233,1.37945,0,0,0,0,1,0,0,0,0,0,0,0,0,0,0,0,0,0,0,0,0,0,0,0,0
17,0.0496985,0.0115344,0.0267819,0.0946891,0.0239319,0.029121,3.01811,1.96488,-3.03181,-0.0168848,0.00077171,0.0695885,-0.00525442,-0.00180913,0.0343234,3,2,3.92699,0,0,0,0.574537,0.0400651,0.388531,0,0.244358,0,0.442495,0,2,3,2,3.92699,0,0,0,0,0,0,0,0,0,0,1.5708,1.5708,0,1.5708,1.5708,0,-0.045879,-0.00342538,-0.000403642,0,0,0,1.87949,1.18873,0.0157071,-0.00115757,0.00349223,-0.00215612,-0.00477075,-0.00131213,-0.00132058,1.75578,1.20968,0,0,0,0,0,0,0,0,0,0,0,0,2,1.75578,1.20968,0,0.344544,0.487027,3.7308e-15,0,0,0,0,0,0,0,0,0,0,0,0,0.855775,1.20968,0,0,0,0,0,0,0,0,0,0,0,0,2,0.855775,1.20968,0,1,1,0,0,0,0,0,1.0307,0.7241,3.141,0,0,0,0,0,0,0.83718,0.58982,3.09191,1.37799,0,0,0,0,1,0,0,0,0,0,0,0,0,0,0,0,0,0,0,0,0,0,0,0,0
17.05,0.0496985,0.0115344,0.0267819,0.0982496,0.0255603,0.03027,3.01811,1.96488,-3.03181,-0.0168848,0.00077171,0.0695885,-0.00525442,-0.00180913,0.0343234,3,2,3.92699,0,0,0,0.552205,0.039409,0.370419,0,0.22178,0,0.415034,0,2,3,2,3.92699,0,0,0,0,0,0,0,0,0,0,1.5708,1.5708,0,1.5708,1.5708,0,-0.045879,-0.00342538,-0.000403642,0,0,0,1.87949,1.18873,0.0157071,-0.00115757,0.00349223,-0.00215612,-0.00477075,-0.00131213,-0.00132058,1.75578,1.20968,0,0,0,0,0,0,0,0,0,0,0,0,2,1.75578,1.20968,0,0.344544,0.487027,3.7308e-15,0,0,0,0,0,0,0,0,0,0,0,0,0.855775,1.20968,0,0,0,0,0,0,0,0,0,0,0,0,2,0.855775,1.20968,0,1,1,0,0,0,0,0,1.0307,0.7241,3.141,0,0,0,0,0,0,0.83718,0.58982,3.09191,1.37799,0,0,0,0,1,0,0,0,0,0,0,0,0,0,0,0,0,0,0,0,0,0,0,0,0
17.1,0.0520371,0.00983284,0.0239211,0.0982496,0.0255603,0.03027,3.01638,1.965,-3.0243,-0.0173705,0.0012608,0.0751217,-0.00486025,0.00107714,0.0424211,3,2,3.92699,0,0,0,0.552205,0.039409,0.370419,0,0.22178,0,0.415034,0,2,3,2,3.92699,0,0,0,0,0,0,0,0,0,0,1.5708,1.5708,0,1.5708,1.5708,0,-0.0440687,-0.00471808,-0.00013714,0,0,0,1.87932,1.18911,0.0154314,-0.0016709,0.00382756,-0.00275582,-0.00485731,0.000700765,-0.00302918,1.75578,1.20968,0,0,0,0,0,0,0,0,0,0,0,0,2,1.75578,1.20968,0,0.344544,0.487027,3.7308e-15,0,0,0,0,0,0,0,0,0,0,0,0,0.855775,1.20968,0,0,0,0,0,0,0,0,0,0,0,0,2,0.855775,1.20968,0,1,1,0,0,0,0,0,1.0307,0.7241,3.141,0,0,0,0,0,0,0.83718,0.58982,3.09191,1.37655,0,0,0,0,1,0,0,0,0,0,0,0,0,0,0,0,0,0,0,0,0,0,0,0,0
17.15,0.0520371,0.00983284,0.0239211,0.102091,0.0273803,0.0315161,3.01638,1.965,-3.0243,-0.0173705,0.0012608,0.0751217,-0.00486025,0.00107714,0.0424211,3,2,3.92699,0,0,0,0.511773,0.0403048,0.337393,0,0.179383,0,0.364002,0,2,3,2,3.92699,0,0,0,0,0,0,0,0,0,0,1.5708,1.5708,0,1.5708,1.5708,0,-0.0440687,-0.00471808,-0.00013714,0,0,0,1.87932,1.18911,0.0154314,-0.0016709,0.00382756,-0.00275582,-0.00485731,0.000700765,-0.00302918,1.75578,1.20968,0,0,0,0,0,0,0,0,0,0,0,0,2,1.75578,1.20968,0,0.344544,0.487027,3.7308e-15,0,0,0,0,0,0,0,0,0,0,0,0,0.855775,1.20968,0,0,0,0,0,0,0,0,0,0,0,0,2,0.855775,1.20968,0,1,1,0,0,0,0,0,0.9508,0.6222,3.0397,0,0,0,0,0,0,0.83718,0.58982,3.09191,1.37655,0,0,0,0,1,0,0,0,0,0,0,0,0,0,0,0,0,0,0,0,0,0,0,0,0
17.2,0.0530349,0.00441301,0.0224382,0.102091,0.0273803,0.0315161,3.01463,1.96529,-3.01658,-0.0174578,0.00283275,0.077222,-0.00320416,0.0073181,0.0349168,3,2,3.92699,0,0,0,0.511773,0.0403048,0.337393,0,0.179383,0,0.364002,0,2,3,2,3.92699,0,0,0,0,0,0,0,0,0,0,1.5708,1.5708,0,1.5708,1.5708,0,-0.0427855,-0.00729972,6.85756e-05,0,0,0,1.87912,1.18957,0.0151117,-0.00202479,0.00453411,-0.00319729,-0.00434126,0.00351441,-0.00381256,1.75578,1.20968,0,0,0,0,0,0,0,0,0,0,0,0,2,1.75578,1.20968,0,0.344544,0.487027,3.7308e-15,0,0,0,0,0,0,0,0,0,0,0,0,0.855775,1.20968,0,0,0,0,0,0,0,0,0,0,0,0,2,0.855775,1.20968,0,1,1,0,0,0,0,0,0.9508,0.6222,3.0397,0,0,0,0,0,0,0.83718,0.58982,3.09191,1.37518,0,0,0,0,1,0,0,0,0,0,0,0,0,0,0,0,0,0,0,0,0,0,0,0,0
17.25,0.0530349,0.00441301,0.0224382,0.1057,0.00894418,0.0247799,3.01463,1.96529,-3.01658,-0.0174578,0.00283275,0.077222,-0.00320416,0.0073181,0.0349168,3,2,3.92699,0,0,0,0.491428,0.0420472,0.337291,0,0.158289,0,0.32205,0,2,3,2,3.92699,0,0,0,0,0,0,0,0,0,0,1.5708,1.5708,0,1.5708,1.5708,0,-0.0427855,-0.00729972,6.85756e-05,0,0,0,1.87912,1.18957,0.0151117,-0.00202479,0.00453411,-0.00319729,-0.00434126,0.00351441,-0.00381256,1.75578,1.20968,0,0,0,0,0,0,0,0,0,0,0,0,2,1.75578,1.20968,0,0.344544,0.487027,3.7308e-15,0,0,0,0,0,0,0,0,0,0,0,0,0.855775,1.20968,0,0,0,0,0,0,0,0,0,0,0,0,2,0.855775,1.20968,0,1,1,0,0,0,0,0,0.9508,0.6222,3.0397,0,0,0,0,0,0,0.89136,0.61663,3.06797,1.37518,0,0,0,0,1,0,0,0,0,0,0,0,0,0,0,0,0,0,0,0,0,0,0,0,0
17.3,0.0530561,-0.00162564,0.0192429,0.1057,0.00894418,0.0247799,3.01291,1.96574,-3.00824,-0.0172584,0.00456738,0.0834131,-0.000887993,0.012167,0.0446213,3,2,3.92699,0,0,0,0.491428,0.0420472,0.337291,0,0.158289,0,0.32205,0,2,3,2,3.92699,0,0,0,0,0,0,0,0,0,0,1.5708,1.5708,0,1.5708,1.5708,0,-0.0430607,-0.0118763,0.000255577,0,0,0,1.87893,1.19015,0.0147533,-0.00192099,0.00581305,-0.00358503,-0.00212049,0.00759705,-0.00394176,1.75578,1.20968,0,0,0,0,0,0,0,0,0,0,0,0,2,1.75578,1.20968,0,0.344544,0.487027,3.7308e-15,0,0,0,0,0,0,0,0,0,0,0,0,0.855775,1.20968,0,0,0,0,0,0,0,0,0,0,0,0,2,0.855775,1.20968,0,1,1,0,0,0,0,0,0.9508,0.6222,3.0397,0,0,0,0,0,0,0.89136,0.61663,3.06797,1.37385,0,0,0,0,1,0,0,0,0,0,0,0,0,0,0,0,0,0,0,0,0,0,0,0,0
17.35,0.0530561,-0.00162564,0.0192429,0.105621,0.00982516,0.0247799,3.01291,1.96574,-3.00824,-0.0172584,0.00456738,0.0834131,-0.000887993,0.012167,0.0446213,3,2,3.92699,0,0,0,0.442292,0.0439291,0.313983,0,0.116546,0,0.253134,0,2,3,2,3.92699,0,0,0,0,0,0,0,0,0,0,1.5708,1.5708,0,1.5708,1.5708,0,-0.0430607,-0.0118763,0.000255577,0,0,0,1.87893,1.19015,0.0147533,-0.00192099,0.00581305,-0.00358503,-0.00212049,0.00759705,-0.00394176,1.75578,1.20968,0,0,0,0,0,0,0,0,0,0,0,0,2,1.75578,1.20968,0,0.344544,0.487027,3.7308e-15,0,0,0,0,0,0,0,0,0,0,0,0,0.855775,1.20968,0,0,0,0,0,0,0,0,0,0,0,0,2,0.855775,1.20968,0,1,1,0,0,0,0,0,0.958,0.6051,3.023,0,0,0,0,0,0,0.89136,0.61663,3.06797,1.37385,0,0,0,0,1,0,0,0,0,0,0,0,0,0,0,0,0,0,0,0,0,0,0,0,0
17.4,0.0554597,0.00916195,0.0187078,0.105621,0.00982516,0.0247799,3.01113,1.96588,-2.99993,-0.0177587,0.00135516,0.0830642,-0.00223998,-0.00486721,0.0268147,3,2,3.92699,0,0,0,0.442292,0.0439291,0.313983,0,0.116546,0,0.253134,0,2,3,2,3.92699,0,0,0,0,0,0,0,0,0,0,1.5708,1.5708,0,1.5708,1.5708,0,-0.0389543,-0.00546434,-0.000220931,0,0,0,1.87862,1.19054,0.0145167,-0.00309367,0.00387869,-0.00236656,-0.0056608,-0.00260758,0.00247976,1.75578,1.20968,0,0,0,0,0,0,0,0,0,0,0,0,2,1.75578,1.20968,0,0.344544,0.487027,3.7308e-15,0,0,0,0,0,0,0,0,0,0,0,0,0.855775,1.20968,0,0,0,0,0,0,0,0,0,0,0,0,2,0.855775,1.20968,0,1,1,0,0,0,0,0,0.958,0.6051,3.023,0,0,0,0,0,0,0.89136,0.61663,3.06797,1.37249,0,0,0,0,1,0,0,0,0,0,0,0,0,0,0,0,0,0,0,0,0,0,0,0,0
17.45,0.0554597,0.00916195,0.0187078,0.105536,0.010702,0.0247799,3.01113,1.96588,-2.99993,-0.0177587,0.00135516,0.0830642,-0.00223998,-0.00486721,0.0268147,3,2,3.92699,0,0,0,0.443962,0.0488448,0.269349,0,0.0959983,0,0.278611,0,2,3,2,3.92699,0,0,0,0,0,0,0,0,0,0,1.5708,1.5708,0,1.5708,1.5708,0,-0.0389543,-0.00546434,-0.000220931,0,0,0,1.87862,1.19054,0.0145167,-0.00309367,0.00387869,-0.00236656,-0.0056608,-0.00260758,0.00247976,1.75578,1.20968,0,0,0,0,0,0,0,0,0,0,0,0,2,1.75578,1.20968,0,0.344544,0.487027,3.7308e-15,0,0,0,0,0,0,0,0,0,0,0,0,0.855775,1.20968,0,0,0,0,0,0,0,0,0,0,0,0,2,0.855775,1.20968,0,1,1,0,0,0,0,0,0.958,0.6051,3.023,0,0,0,0,0,0,0.84704,0.56142,3.06277,1.37249,0,0,0,0,1,0,0,0,0,0,0,0,0,0,0,0,0,0,0,0,0,0,0,0,0
17.5,0.0581997,0.0104168,0.0166401,0.110606,0.0184171,0.0204884,3.0093,1.96598,-2.99129,-0.0183516,0.000971788,0.0864196,-0.00389081,-0.00676217,0.0270677,3,2,3.92699,0,0,0,0.443962,0.0488448,0.269349,0,0.0959983,0,0.278611,0,2,3,2,3.92699,0,0,0,0,0,0,0,0,0,0,1.5708,1.5708,0,1.5708,1.5708,0,-0.0370306,-0.00475613,-0.000479566,0,0,0,1.87826,1.1909,0.014347,-0.00361734,0.00362711,-0.00169694,-0.00597017,-0.00395461,0.00503529,1.75578,1.20968,0,0,0,0,0,0,0,0,0,0,0,0,2,1.75578,1.20968,0,0.344544,0.487027,3.7308e-15,0,0,0,0,0,0,0,0,0,0,0,0,0.855775,1.20968,0,0,0,0,0,0,0,0,0,0,0,0,2,0.855775,1.20968,0,1,1,0,0,0,0,0,0.958,0.6051,3.023,0,0,0,0,0,0,0.84704,0.56142,3.06277,1.37113,0,0,0,0,1,0,0,0,0,0,0,0,0,0,0,0,0,0,0,0,0,0,0,0,0
17.55,0.0581997,0.0104168,0.0166401,0.110443,0.0193722,0.0204884,3.0093,1.96598,-2.99129,-0.0183516,0.000971788,0.0864196,-0.00389081,-0.00676217,0.0270677,3,2,3.92699,0,0,0,0.421473,0.0540483,0.23748,0,0.0580342,0,0.249131,0,2,3,2,3.92699,0,0,0,0,0,0,0,0,0,0,1.5708,1.5708,0,1.5708,1.5708,0,-0.0370306,-0.00475613,-0.000479566,0,0,0,1.87826,1.1909,0.014347,-0.00361734,0.00362711,-0.00169694,-0.00597017,-0.00395461,0.00503529,1.75578,1.20968,0,0,0,0,0,0,0,0,0,0,0,0,2,1.75578,1.20968,0,0.344544,0.487027,3.7308e-15,0,0,0,0,0,0,0,0,0,0,0,0,0.855775,1.20968,0,0,0,0,0,0,0,0,0,0,0,0,2,0.855775,1.20968,0,1,1,0,0,0,0,0,0.9248,0.5457,2.9647,0,0,0,0,0,0,0.84704,0.56142,3.06277,1.37113,0,0,0,0,1,0,0,0,0,0,0,0,0,0,0,0,0,0,0,0,0,0,0,0,0
17.6,0.0587545,0.0112912,0.0152787,0.110443,0.0193722,0.0204884,3.00747,1.96605,-2.98249,-0.0182978,0.000704324,0.0880047,-0.00234747,-0.00538543,0.0226349,3,2,3.92699,0,0,0,0.421473,0.0540483,0.23748,0,0.0580342,0,0.249131,0,2,3,2,3.92699,0,0,0,0,0,0,0,0,0,0,1.5708,1.5708,0,1.5708,1.5708,0,-0.0369538,-0.00514785,0.000872704,0,0,0,1.8779,1.19127,0.0138548,-0.0035973,0.00369862,-0.00492157,-0.00354717,-0.00227058,-0.00951581,1.75578,1.20968,0,0,0,0,0,0,0,0,0,0,0,0,2,1.75578,1.20968,0,0.344544,0.487027,3.7308e-15,0,0,0,0,0,0,0,0,0,0,0,0,0.855775,1.20968,0,0,0,0,0,0,0,0,0,0,0,0,2,0.855775,1.20968,0,1,1,0,0,0,0,0,0.9248,0.5457,2.9647,0,0,0,0,0,0,0.84704,0.56142,3.06277,1.36975,0,0,0,0,1,0,0,0,0,0,0,0,0,0,0,0,0,0,0,0,0,0,0,0,0
17.65,0.0587545,0.0112912,0.0152787,0.110268,0.0203434,0.0204884,3.00747,1.96605,-2.98249,-0.0182978,0.000704324,0.0880047,-0.00234747,-0.00538543,0.0226349,3,2,3.92699,0,0,0,0.403112,0.0560603,0.216438,0,0.0366717,0,0.229861,0,2,3,2,3.92699,0,0,0,0,0,0,0,0,0,0,1.5708,1.5708,0,1.5708,1.5708,0,-0.0369538,-0.00514785,0.000872704,0,0,0,1.8779,1.19127,0.0138548,-0.0035973,0.00369862,-0.00492157,-0.00354717,-0.00227058,-0.00951581,1.75578,1.20968,0,0,0,0,0,0,0,0,0,0,0,0,2,1.75578,1.20968,0,0.344544,0.487027,3.7308e-15,0,0,0,0,0,0,0,0,0,0,0,0,0.855775,1.20968,0,0,0,0,0,0,0,0,0,0,0,0,2,0.855775,1.20968,0,1,1,0,0,0,0,0,0.9248,0.5457,2.9647,0,0,0,0,0,0,0.91422,0.58521,3.16129,1.36975,0,0,0,0,1,0,0,0,0,0,0,0,0,0,0,0,0,0,0,0,0,0,0,0,0
17.7,0.0602739,0.0109207,0.0136135,0.110268,0.0203434,0.0204884,3.00561,1.96613,-2.97346,-0.018527,0.000804512,0.090292,-0.00211011,-0.00264725,0.0221002,3,2,3.92699,0,0,0,0.403112,0.0560603,0.216438,0,0.0366717,0,0.229861,0,2,3,2,3.92699,0,0,0,0,0,0,0,0,0,0,1.5708,1.5708,0,1.5708,1.5708,0,-0.0368495,-0.00469005,0.000321294,0,0,0,1.87754,1.19162,0.0135052,-0.00358551,0.00352203,-0.00349638,-0.00175358,-0.00184229,-0.00198704,1.75578,1.20968,0,0,0,0,0,0,0,0,0,0,0,0,2,1.75578,1.20968,0,0.344544,0.487027,3.7308e-15,0,0,0,0,0,0,0,0,0,0,0,0,0.855775,1.20968,0,0,0,0,0,0,0,0,0,0,0,0,2,0.855775,1.20968,0,1,1,0,0,0,0,0,0.9248,0.5457,2.9647,0,0,0,0,0,0,0.91422,0.58521,3.16129,1.36836,0,0,0,0,1,0,0,0,0,0,0,0,0,0,0,0,0,0,0,0,0,0,0,0,0
17.75,0.0602739,0.0109207,0.0136135,0.123123,0.022382,0.0144269,3.00561,1.96613,-2.97346,-0.018527,0.000804512,0.090292,-0.00211011,-0.00264725,0.0221002,3,2,3.92699,0,0,0,0.383133,0.0598115,0.19607,0,0.0100897,0,0.201249,0,2,3,2,3.92699,0,0,0,0,0,0,0,0,0,0,1.5708,1.5708,0,1.5708,1.5708,0,-0.0368495,-0.00469005,0.000321294,0,0,0,1.87754,1.19162,0.0135052,-0.00358551,0.00352203,-0.00349638,-0.00175358,-0.00184229,-0.00198704,1.75578,1.20968,0,0,0,0,0,0,0,0,0,0,0,0,2,1.75578,1.20968,0,0.344544,0.487027,3.7308e-15,0,0,0,0,0,0,0,0,0,0,0,0,0.855775,1.20968,0,0,0,0,0,0,0,0,0,0,0,0,2,0.855775,1.20968,0,1,1,0,0,0,0,0,0.9735,0.5671,2.9869,0,0,0,0,0,0,0.91422,0.58521,3.16129,1.36836,0,0,0,0,1,0,0,0,0,0,0,0,0,0,0,0,0,0,0,0,0,0,0,0,0
17.8,0.0607697,0.0125478,0.0118111,0.123123,0.022382,0.0144269,3.00377,1.96616,-2.96418,-0.0184538,0.000318632,0.0928651,-0.000945238,-0.00316028,0.0234924,3,2,3.92699,0,0,0,0.383133,0.0598115,0.19607,0,0.0100897,0,0.201249,0,2,3,2,3.92699,0,0,0,0,0,0,0,0,0,0,1.5708,1.5708,0,1.5708,1.5708,0,-0.0328924,-0.00421529,0.000268072,0,0,0,1.87707,1.19195,0.0131753,-0.00469524,0.00334258,-0.00329946,-0.00524489,-0.00176473,0.00061208,1.75578,1.20968,0,0,0,0,0,0,0,0,0,0,0,0,2,1.75578,1.20968,0,0.344544,0.487027,3.7308e-15,0,0,0,0,0,0,0,0,0,0,0,0,0.855775,1.20968,0,0,0,0,0,0,0,0,0,0,0,0,2,0.855775,1.20968,0,1,1,0,0,0,0,0,0.9735,0.5671,2.9869,0,0,0,0,0,0,0.91422,0.58521,3.16129,1.36705,0,0,0,0,1,0,0,0,0,0,0,0,0,0,0,0,0,0,0,0,0,0,0,0,0
17.85,0.0607697,0.0125478,0.0118111,0.122909,0.0235243,0.0144269,3.00377,1.96616,-2.96418,-0.0184538,0.000318632,0.0928651,-0.000945238,-0.00316028,0.0234924,3,2,3.92699,0,0,0,0.37043,0.0757698,0.165285,0,0.00770739,0,0.177093,0,2,3,2,3.92699,0,0,0,0,0,0,0,0,0,0,1.5708,1.5708,0,1.5708,1.5708,0,-0.0328924,-0.00421529,0.000268072,0,0,0,1.87707,1.19195,0.0131753,-0.00469524,0.00334258,-0.00329946,-0.00524489,-0.00176473,0.00061208,1.75578,1.20968,0,0,0,0,0,0,0,0,0,0,0,0,2,1.75578,1.20968,0,0.344544,0.487027,3.7308e-15,0,0,0,0,0,0,0,0,0,0,0,0,0.855775,1.20968,0,0,0,0,0,0,0,0,0,0,0,0,2,0.855775,1.20968,0,1,1,0,0,0,0,0,0.9735,0.5671,2.9869,0,0,0,0,0,0,0.91778,0.56283,3.16468,1.36705,0,0,0,0,1,0,0,0,0,0,0,0,0,0,0,0,0,0,0,0,0,0,0,0,0
17.9,0.061926,0.011943,0.0108321,0.122909,0.0235243,0.0144269,3.00191,1.96621,-2.95484,-0.0185748,0.00049196,0.0934012,-0.000895043,-0.00127445,0.0164439,3,2,3.92699,0,0,0,0.37043,0.0757698,0.165285,0,0.00770739,0,0.177093,0,2,3,2,3.92699,0,0,0,0,0,0,0,0,0,0,1.5708,1.5708,0,1.5708,1.5708,0,-0.0344407,-0.00452958,0.000232658,0,0,0,1.87665,1.19229,0.0128604,-0.00418959,0.00339489,-0.00314932,-0.00160182,-0.000839871,0.00131903,1.75578,1.20968,0,0,0,0,0,0,0,0,0,0,0,0,2,1.75578,1.20968,0,0.344544,0.487027,3.7308e-15,0,0,0,0,0,0,0,0,0,0,0,0,0.855775,1.20968,0,0,0,0,0,0,0,0,0,0,0,0,2,0.855775,1.20968,0,1,1,0,0,0,0,0,0.9735,0.5671,2.9869,0,0,0,0,0,0,0.91778,0.56283,3.16468,1.3657,0,0,0,0,1,0,0,0,0,0,0,0,0,0,0,0,0,0,0,0,0,0,0,0,0
17.95,0.061926,0.011943,0.0108321,0.122684,0.0246712,0.0144269,3.00191,1.96621,-2.95484,-0.0185748,0.00049196,0.0934012,-0.000895043,-0.00127445,0.0164439,3,2,3.92699,0,0,0,0.366443,0.086148,0.155479,0,0.00669344,0,0.157434,0,2,3,2,3.92699,0,0,0,0,0,0,0,0,0,0,1.5708,1.5708,0,1.5708,1.5708,0,-0.0344407,-0.00452958,0.000232658,0,0,0,1.87665,1.19229,0.0128604,-0.00418959,0.00339489,-0.00314932,-0.00160182,-0.000839871,0.00131903,1.75578,1.20968,0,0,0,0,0,0,0,0,0,0,0,0,2,1.75578,1.20968,0,0.344544,0.487027,3.7308e-15,0,0,0,0,0,0,0,0,0,0,0,0,0.855775,1.20968,0,0,0,0,0,0,0,0,0,0,0,0,2,0.855775,1.20968,0,1,1,0,0,0,0,0,0.9816,0.5466,2.9677,0,0,0,0,0,0,0.91778,0.56283,3.16468,1.3657,0,0,0,0,1,0,0,0,0,0,0,0,0,0,0,0,0,0,0,0,0,0,0,0,0
18,0.061926,0.011943,0.0108321,0.125531,0.024282,0.0119992,3.00191,1.96621,-2.95484,-0.0185748,0.00049196,0.0934012,-0.000895043,-0.00127445,0.0164439,3,2,3.92699,0,0,0,0.366443,0.086148,0.155479,0,0.00669344,0,0.157434,0,2,3,2,3.92699,0,0,0,0,0,0,0,0,0,0,1.5708,1.5708,0,1.5708,1.5708,0,-0.0344407,-0.00452958,0.000232658,0,0,0,1.87665,1.19229,0.0128604,-0.00418959,0.00339489,-0.00314932,-0.00160182,-0.000839871,0.00131903,1.75578,1.20968,0,0,0,0,0,0,0,0,0,0,0,0,2,1.75578,1.20968,0,0.344544,0.487027,3.7308e-15,0,0,0,0,0,0,0,0,0,0,0,0,0.855775,1.20968,0,0,0,0,0,0,0,0,0,0,0,0,2,0.855775,1.20968,0,1,1,0,0,0,0,0,0.9816,0.5466,2.9677,0,0,0,0,0,0,0.91778,0.56283,3.16468,1.3657,0,0,0,0,1,0,0,0,0,0,0,0,0,0,0,0,0,0,0,0,0,0,0,0,0
18.05,0.0625482,0.0114649,0.00927292,0.125531,0.024282,0.0119992,3.00006,1.96627,-2.9453,-0.0185381,0.000626154,0.0953262,-0.000385792,2.63245e-05,0.0166222,3,2,3.92699,0,0,0,0.366443,0.086148,0.155479,0,0.00669344,0,0.157434,0,2,3,2,3.92699,0,0,0,0,0,0,0,0,0,0,1.5708,1.5708,0,1.5708,1.5708,0,-0.0308269,-0.00468561,0.000754325,0,0,0,1.87613,1.19263,0.0124259,-0.00519232,0.00340052,-0.00434426,-0.00447586,-0.000356216,-0.00388749,1.75578,1.20968,0,0,0,0,0,0,0,0,0,0,0,0,2,1.75578,1.20968,0,0.344544,0.487027,3.7308e-15,0,0,0,0,0,0,0,0,0,0,0,0,0.855775,1.20968,0,0,0,0,0,0,0,0,0,0,0,0,2,0.855775,1.20968,0,1,1,0,0,0,0,0,0.9816,0.5466,2.9677,0,0,0,0,0,0,0.90463,0.53275,3.09397,1.36445,0,0,0,0,1,0,0,0,0,0,0,0,0,0,0,0,0,0,0,0,0,0,0,0,0
18.1,0.0616233,0.0113892,0.00858359,0.125294,0.0254776,0.0119992,2.99825,1.96633,-2.93579,-0.0180488,0.000640937,0.0951153,0.00180105,0.000250625,0.00911634,3,2,3.92699,0,0,0,0.355182,0.0997438,0.136228,0,0.00526644,0,0.129699,0,2,3,2,3.92699,0,0,0,0,0,0,0,0,0,0,1.5708,1.5708,0,1.5708,1.5708,0,-0.0326526,-0.00505151,0.000733805,0,0,0,1.87567,1.19298,0.012005,-0.0046001,0.00346717,-0.00420947,-0.000707643,0.000116269,-0.00249818,1.75578,1.20968,0,0,0,0,0,0,0,0,0,0,0,0,2,1.75578,1.20968,0,0.344544,0.487027,3.7308e-15,0,0,0,0,0,0,0,0,0,0,0,0,0.855775,1.20968,0,0,0,0,0,0,0,0,0,0,0,0,2,0.855775,1.20968,0,1,1,0,0,0,0,0,0.9816,0.5466,2.9677,0,0,0,0,0,0,0.90463,0.53275,3.09397,1.36318,0,0,0,0,1,0,0,0,0,0,0,0,0,0,0,0,0,0,0,0,0,0,0,0,0
18.15,0.0616233,0.0113892,0.00858359,0.125046,0.0266681,0.0119992,2.99825,1.96633,-2.93579,-0.0180488,0.000640937,0.0951153,0.00180105,0.000250625,0.00911634,3,2,3.92699,0,0,0,0.342346,0.105555,0.127888,0,0.00480784,0,0.117873,0,2,3,2,3.92699,0,0,0,0,0,0,0,0,0,0,1.5708,1.5708,0,1.5708,1.5708,0,-0.0326526,-0.00505151,0.000733805,0,0,0,1.87567,1.19298,0.012005,-0.0046001,0.00346717,-0.00420947,-0.000707643,0.000116269,-0.00249818,1.75578,1.20968,0,0,0,0,0,0,0,0,0,0,0,0,2,1.75578,1.20968,0,0.344544,0.487027,3.7308e-15,0,0,0,0,0,0,0,0,0,0,0,0,0.855775,1.20968,0,0,0,0,0,0,0,0,0,0,0,0,2,0.855775,1.20968,0,1,1,0,0,0,0,0,0.9896,0.5255,2.9478,0,0,0,0,0,0,0.90463,0.53275,3.09397,1.36318,0,0,0,0,1,0,0,0,0,0,0,0,0,0,0,0,0,0,0,0,0,0,0,0,0
18.2,0.0624482,0.0121511,0.00750242,0.125046,0.0266681,0.0119992,2.99644,1.96638,-2.92621,-0.0180777,0.000410301,0.0958542,0.00126291,-0.000740692,0.00740678,3,2,3.92699,0,0,0,0.342346,0.105555,0.127888,0,0.00480784,0,0.117873,0,2,3,2,3.92699,0,0,0,0,0,0,0,0,0,0,1.5708,1.5708,0,1.5708,1.5708,0,-0.0283436,-0.00452271,0.000694417,0,0,0,1.87509,1.19331,0.011602,-0.00580039,0.00327264,-0.00403189,-0.00471058,-0.000643636,-0.000602418,1.75578,1.20968,0,0,0,0,0,0,0,0,0,0,0,0,2,1.75578,1.20968,0,0.344544,0.487027,3.7308e-15,0,0,0,0,0,0,0,0,0,0,0,0,0.855775,1.20968,0,0,0,0,0,0,0,0,0,0,0,0,2,0.855775,1.20968,0,1,1,0,0,0,0,0,0.9896,0.5255,2.9478,0,0,0,0,0,0,0.90463,0.53275,3.09397,1.36201,0,0,0,0,1,0,0,0,0,0,0,0,0,0,0,0,0,0,0,0,0,0,0,0,0
18.25,0.0624482,0.0121511,0.00750242,0.125904,0.0245749,0.00866412,2.99644,1.96638,-2.92621,-0.0180777,0.000410301,0.0958542,0.00126291,-0.000740692,0.00740678,3,2,3.92699,0,0,0,0.329905,0.124068,0.111952,0,0.00408077,0,0.101682,0,2,3,2,3.92699,0,0,0,0,0,0,0,0,0,0,1.5708,1.5708,0,1.5708,1.5708,0,-0.0283436,-0.00452271,0.000694417,0,0,0,1.87509,1.19331,0.011602,-0.00580039,0.00327264,-0.00403189,-0.00471058,-0.000643636,-0.000602418,1.75578,1.20968,0,0,0,0,0,0,0,0,0,0,0,0,2,1.75578,1.20968,0,0.344544,0.487027,3.7308e-15,0,0,0,0,0,0,0,0,0,0,0,0,0.855775,1.20968,0,0,0,0,0,0,0,0,0,0,0,0,2,0.855775,1.20968,0,1,1,0,0,0,0,0,0.9896,0.5255,2.9478,0,0,0,0,0,0,0.93231,0.53015,3.02162,1.36201,0,0,0,0,1,0,0,0,0,0,0,0,0,0,0,0,0,0,0,0,0,0,0,0,0
18.3,0.0606827,0.0122185,0.00812883,0.125904,0.0245749,0.00866412,2.99471,1.96641,-2.91696,-0.0173477,0.000385721,0.0924583,0.00358649,-0.000676819,-0.00926864,3,2,3.92699,0,0,0,0.329905,0.124068,0.111952,0,0.00408077,0,0.101682,0,2,3,2,3.92699,0,0,0,0,0,0,0,0,0,0,1.5708,1.5708,0,1.5708,1.5708,0,-0.0298544,-0.00578637,0.000910324,0,0,0,1.87456,1.19367,0.0111547,-0.00529267,0.00360209,-0.00447284,-0.00134686,0.000829966,-0.00187064,1.75578,1.20968,0,0,0,0,0,0,0,0,0,0,0,0,2,1.75578,1.20968,0,0.344544,0.487027,3.7308e-15,0,0,0,0,0,0,0,0,0,0,0,0,0.855775,1.20968,0,0,0,0,0,0,0,0,0,0,0,0,2,0.855775,1.20968,0,1,1,0,0,0,0,0,0.9896,0.5255,2.9478,0,0,0,0,0,0,0.93231,0.53015,3.02162,1.36083,0,0,0,0,1,0,0,0,0,0,0,0,0,0,0,0,0,0,0,0,0,0,0,0,0
18.35,0.0606827,0.0122185,0.00812883,0.125672,0.025738,0.00866412,2.99471,1.96641,-2.91696,-0.0173477,0.000385721,0.0924583,0.00358649,-0.000676819,-0.00926864,3,2,3.92699,0,0,0,0.333077,0.109103,0.121813,0,0.00451714,0,0.110645,0,2,3,2,3.92699,0,0,0,0,0,0,0,0,0,0,1.5708,1.5708,0,1.5708,1.5708,0,-0.0298544,-0.00578637,0.000910324,0,0,0,1.87456,1.19367,0.0111547,-0.00529267,0.00360209,-0.00447284,-0.00134686,0.000829966,-0.00187064,1.75578,1.20968,0,0,0,0,0,0,0,0,0,0,0,0,2,1.75578,1.20968,0,0.344544,0.487027,3.7308e-15,0,0,0,0,0,0,0,0,0,0,0,0,0.855775,1.20968,0,0,0,0,0,0,0,0,0,0,0,0,2,0.855775,1.20968,0,1,1,0,0,0,0,0,0.9974,0.5045,2.9281,0,0,0,0,0,0,0.93231,0.53015,3.02162,1.36083,0,0,0,0,1,0,0,0,0,0,0,0,0,0,0,0,0,0,0,0,0,0,0,0,0
18.4,0.0598433,0.0124029,0.00619439,0.125672,0.025738,0.00866412,2.99302,1.96645,-2.90743,-0.0168975,0.000327205,0.0953076,0.00428214,-0.000631919,0.00348133,3,2,3.92699,0,0,0,0.333077,0.109103,0.121813,0,0.00451714,0,0.110645,0,2,3,2,3.92699,0,0,0,0,0,0,0,0,0,0,1.5708,1.5708,0,1.5708,1.5708,0,-0.0268477,-0.00545183,0.00100104,0,0,0,1.87395,1.19401,0.0106944,-0.00610579,0.00346251,-0.00460352,-0.00359769,0.000137111,-0.00181333,1.75578,1.20968,0,0,0,0,0,0,0,0,0,0,0,0,2,1.75578,1.20968,0,0.344544,0.487027,3.7308e-15,0,0,0,0,0,0,0,0,0,0,0,0,0.855775,1.20968,0,0,0,0,0,0,0,0,0,0,0,0,2,0.855775,1.20968,0,1,1,0,0,0,0,0,0.9974,0.5045,2.9281,0,0,0,0,0,0,0.93231,0.53015,3.02162,1.35977,0,0,0,0,1,0,0,0,0,0,0,0,0,0,0,0,0,0,0,0,0,0,0,0,0
18.45,0.0598433,0.0124029,0.00619439,0.125421,0.0269343,0.00866412,2.99302,1.96645,-2.90743,-0.0168975,0.000327205,0.0953076,0.00428214,-0.000631919,0.00348133,3,2,3.92699,0,0,0,0.298368,0.135068,0.0911104,0,0.00129404,0,0.0783754,0,2,3,2,3.92699,0,0,0,0,0,0,0,0,0,0,1.5708,1.5708,0,1.5708,1.5708,0,-0.0268477,-0.00545183,0.00100104,0,0,0,1.87395,1.19401,0.0106944,-0.00610579,0.00346251,-0.00460352,-0.00359769,0.000137111,-0.00181333,1.75578,1.20968,0,0,0,0,0,0,0,0,0,0,0,0,2,1.75578,1.20968,0,0.344544,0.487027,3.7308e-15,0,0,0,0,0,0,0,0,0,0,0,0,0.855775,1.20968,0,0,0,0,0,0,0,0,0,0,0,0,2,0.855775,1.20968,0,1,1,0,0,0,0,0,0.9974,0.5045,2.9281,0,0,0,0,0,0,0.90731,0.48723,3.029,1.35977,0,0,0,0,1,0,0,0,0,0,0,0,0,0,0,0,0,0,0,0,0,0,0,0,0
18.5,0.058087,0.01565,0.00648176,0.119939,0.0249109,0.00697872,2.9914,1.96638,-2.89816,-0.0161841,-0.000627346,0.0927403,0.0055031,-0.00418734,-0.00637158,3,2,3.92699,0,0,0,0.298368,0.135068,0.0911104,0,0.00129404,0,0.0783754,0,2,3,2,3.92699,0,0,0,0,0,0,0,0,0,0,1.5708,1.5708,0,1.5708,1.5708,0,-0.0272964,-0.00526869,0.00100004,0,0,0,1.87336,1.19435,0.0102432,-0.00590364,0.00336863,-0.00451064,-0.00166152,-0.000383988,-0.000713297,1.75578,1.20968,0,0,0,0,0,0,0,0,0,0,0,0,2,1.75578,1.20968,0,0.344544,0.487027,3.7308e-15,0,0,0,0,0,0,0,0,0,0,0,0,0.855775,1.20968,0,0,0,0,0,0,0,0,0,0,0,0,2,0.855775,1.20968,0,1,1,0,0,0,0,0,0.9974,0.5045,2.9281,0,0,0,0,0,0,0.90731,0.48723,3.029,1.35869,0,0,0,0,1,0,0,0,0,0,0,0,0,0,0,0,0,0,0,0,0,0,0,0,0
18.55,0.058087,0.01565,0.00648176,0.119703,0.0260223,0.00697872,2.9914,1.96638,-2.89816,-0.0161841,-0.000627346,0.0927403,0.0055031,-0.00418734,-0.00637158,3,2,3.92699,0,0,0,0.302684,0.126259,0.0872821,0,0.00345968,0,0.0958259,0,2,3,2,3.92699,0,0,0,0,0,0,0,0,0,0,1.5708,1.5708,0,1.5708,1.5708,0,-0.0272964,-0.00526869,0.00100004,0,0,0,1.87336,1.19435,0.0102432,-0.00590364,0.00336863,-0.00451064,-0.00166152,-0.000383988,-0.000713297,1.75578,1.20968,0,0,0,0,0,0,0,0,0,0,0,0,2,1.75578,1.20968,0,0.344544,0.487027,3.7308e-15,0,0,0,0,0,0,0,0,0,0,0,0,0.855775,1.20968,0,0,0,0,0,0,0,0,0,0,0,0,2,0.855775,1.20968,0,1,1,0,0,0,0,0,0.9402,0.4184,2.8435,0,0,0,0,0,0,0.90731,0.48723,3.029,1.35869,0,0,0,0,1,0,0,0,0,0,0,0,0,0,0,0,0,0,0,0,0,0,0,0,0
18.6,0.0585522,0.0132074,0.00504319,0.119703,0.0260223,0.00697872,2.98979,1.96639,-2.88872,-0.0161295,9.51951e-05,0.0943871,0.0036933,-0.000107851,0.00138747,3,2,3.92699,0,0,0,0.302684,0.126259,0.0872821,0,0.00345968,0,0.0958259,0,2,3,2,3.92699,0,0,0,0,0,0,0,0,0,0,1.5708,1.5708,0,1.5708,1.5708,0,-0.0245355,-0.00613331,0.00078132,0,0,0,1.8727,1.19471,0.00985366,-0.00663803,0.0035808,-0.00389506,-0.00366785,0.000545515,0.00218211,1.75578,1.20968,0,0,0,0,0,0,0,0,0,0,0,0,2,1.75578,1.20968,0,0.344544,0.487027,3.7308e-15,0,0,0,0,0,0,0,0,0,0,0,0,0.855775,1.20968,0,0,0,0,0,0,0,0,0,0,0,0,2,0.855775,1.20968,0,1,1,0,0,0,0,0,0.9402,0.4184,2.8435,0,0,0,0,0,0,0.90731,0.48723,3.029,1.35771,0,0,0,0,1,0,0,0,0,0,0,0,0,0,0,0,0,0,0,0,0,0,0,0,0
18.65,0.0585522,0.0132074,0.00504319,0.119452,0.0271512,0.00697872,2.98979,1.96639,-2.88872,-0.0161295,9.51951e-05,0.0943871,0.0036933,-0.000107851,0.00138747,3,2,3.92699,0,0,0,0.276081,0.147729,0.0731339,0,1.27346e-06,0,0.0600805,0,2,3,2,3.92699,0,0,0,0,0,0,0,0,0,0,1.5708,1.5708,0,1.5708,1.5708,0,-0.0245355,-0.00613331,0.00078132,0,0,0,1.8727,1.19471,0.00985366,-0.00663803,0.0035808,-0.00389506,-0.00366785,0.000545515,0.00218211,1.75578,1.20968,0,0,0,0,0,0,0,0,0,0,0,0,2,1.75578,1.20968,0,0.344544,0.487027,3.7308e-15,0,0,0,0,0,0,0,0,0,0,0,0,0.855775,1.20968,0,0,0,0,0,0,0,0,0,0,0,0,2,0.855775,1.20968,0,1,1,0,0,0,0,0,0.9402,0.4184,2.8435,0,0,0,0,0,0,0.94993,0.48657,3.06395,1.35771,0,0,0,0,1,0,0,0,0,0,0,0,0,0,0,0,0,0,0,0,0,0,0,0,0
18.7,0.0607613,0.0108005,0.00281499,0.119452,0.0271512,0.00697872,2.98813,1.96647,-2.87893,-0.0165863,0.000798778,0.0979079,0.000165612,0.00329822,0.0158462,3,2,3.92699,0,0,0,0.276081,0.147729,0.0731339,0,1.27346e-06,0,0.0600805,0,2,3,2,3.92699,0,0,0,0,0,0,0,0,0,0,1.5708,1.5708,0,1.5708,1.5708,0,-0.0257912,-0.00546003,0.000894835,0,0,0,1.87208,1.19504,0.00944468,-0.0061948,0.0033429,-0.00409205,-0.000695789,-0.000501114,0.00091928,1.75578,1.20968,0,0,0,0,0,0,0,0,0,0,0,0,2,1.75578,1.20968,0,0.344544,0.487027,3.7308e-15,0,0,0,0,0,0,0,0,0,0,0,0,0.855775,1.20968,0,0,0,0,0,0,0,0,0,0,0,0,2,0.855775,1.20968,0,1,1,0,0,0,0,0,0.9402,0.4184,2.8435,0,0,0,0,0,0,0.94993,0.48657,3.06395,1.35671,0,0,0,0,1,0,0,0,0,0,0,0,0,0,0,0,0,0,0,0,0,0,0,0,0
18.75,0.0607613,0.0108005,0.00281499,0.122362,0.0173901,0.00288738,2.98813,1.96647,-2.87893,-0.0165863,0.000798778,0.0979079,0.000165612,0.00329822,0.0158462,3,2,3.92699,0,0,0,0.251928,0.182341,0.0530184,0.00374592,0,0,0.0192052,0,2,3,2,3.92699,0,0,0,0,0,0,0,0,0,0,1.5708,1.5708,0,1.5708,1.5708,0,-0.0257912,-0.00546003,0.000894835,0,0,0,1.87208,1.19504,0.00944468,-0.0061948,0.0033429,-0.00409205,-0.000695789,-0.000501114,0.00091928,1.75578,1.20968,0,0,0,0,0,0,0,0,0,0,0,0,2,1.75578,1.20968,0,0.344544,0.487027,3.7308e-15,0,0,0,0,0,0,0,0,0,0,0,0,0.855775,1.20968,0,0,0,0,0,0,0,0,0,0,0,0,2,0.855775,1.20968,0,1,1,0,0,0,0,0,1.0618,0.5106,2.9375,0,0,0,0,0,0,0.94993,0.48657,3.06395,1.35671,0,0,0,0,1,0,0,0,0,0,0,0,0,0,0,0,0,0,0,0,0,0,0,0,0
18.8,0.0607613,0.0108005,0.00281499,0.122362,0.0173901,0.00288738,2.98813,1.96647,-2.87893,-0.0165863,0.000798778,0.0979079,0.000165612,0.00329822,0.0158462,3,2,3.92699,0,0,0,0.251928,0.182341,0.0530184,0.00374592,0,0,0.0192052,0,2,3,2,3.92699,0,0,0,0,0,0,0,0,0,0,1.5708,1.5708,0,1.5708,1.5708,0,-0.0222699,-0.00567598,0.00113374,0,0,0,1.87137,1.19538,0.0089861,-0.00714713,0.00336659,-0.00458727,-0.0038289,-0.000343501,-0.0016029,1.75578,1.20968,0,0,0,0,0,0,0,0,0,0,0,0,2,1.75578,1.20968,0,0.344544,0.487027,3.7308e-15,0,0,0,0,0,0,0,0,0,0,0,0,0.855775,1.20968,0,0,0,0,0,0,0,0,0,0,0,0,2,0.855775,1.20968,0,1,1,0,0,0,0,0,1.0618,0.5106,2.9375,0,0,0,0,0,0,0.94993,0.48657,3.06395,1.35711,0,0,0,0,1,0,0,0,0,0,0,0,0,0,0,0,0,0,0,0,0,0,0,0,0
18.85,0.0607613,0.0108005,0.00281499,0.122362,0.0173901,0.00288738,2.98813,1.96647,-2.87893,-0.0165863,0.000798778,0.0979079,0.000165612,0.00329822,0.0158462,3,2,3.92699,0,0,0,0.251928,0.182341,0.0530184,0.00374592,0,0,0.0192052,0,2,3,2,3.92699,0,0,0,0,0,0,0,0,0,0,1.5708,1.5708,0,1.5708,1.5708,0,-0.0222699,-0.00567598,0.00113374,0,0,0,1.87137,1.19538,0.0089861,-0.00714713,0.00336659,-0.00458727,-0.0038289,-0.000343501,-0.0016029,1.75578,1.20968,0,0,0,0,0,0,0,0,0,0,0,0,2,1.75578,1.20968,0,0.344544,0.487027,3.7308e-15,0,0,0,0,0,0,0,0,0,0,0,0,0.855775,1.20968,0,0,0,0,0,0,0,0,0,0,0,0,2,0.855775,1.20968,0,1,1,0,0,0,0,0,1.0618,0.5106,2.9375,0,0,0,0,0,0,0.94675,0.459,3.03822,1.35711,0,0,0,0,1,0,0,0,0,0,0,0,0,0,0,0,0,0,0,0,0,0,0,0,0
18.9,0.0625693,0.00798532,0.0281965,0.122362,0.0173901,0.00288738,2.98479,1.96679,-2.87212,-0.016723,0.00159479,0.0340807,-0.0677394,0.011992,-0.107271,3,2,3.92699,0,0,0,0.251928,0.182341,0.0530184,0.00374592,0,0,0.0192052,0,2,3,2,3.92699,0,0,0,0,0,0,0,0,0,0,1.5708,1.5708,0,1.5708,1.5708,0,-0.0230104,-0.00467535,0.000895869,0,0,0,1.87068,1.19568,0.00859354,-0.00684782,0.00303588,-0.003924,-0.00153242,-0.00150407,0.00134312,1.75578,1.20968,0,0,0,0,0,0,0,0,0,0,0,0,2,1.75578,1.20968,0,0.344544,0.487027,3.7308e-15,0,0,0,0,0,0,0,0,0,0,0,0,0.855775,1.20968,0,0,0,0,0,0,0,0,0,0,0,0,2,0.855775,1.20968,0,1,1,0,0,0,0,0,1.0618,0.5106,2.9375,0,0,0,0,0,0,0.94675,0.459,3.03822,1.35493,0,0,0,0,1,0,0,0,0,0,0,0,0,0,0,0,0,0,0,0,0,0,0,0,0
18.95,0.0625693,0.00798532,0.0281965,0.111943,0.0166886,0.00264415,2.98479,1.96679,-2.87212,-0.016723,0.00159479,0.0340807,-0.0677394,0.011992,-0.107271,3,2,3.92699,0,0,0,0.618569,0.0601255,0.449598,0,0.200601,0,0.381709,0,2,3,2,3.92699,0,0,0,0,0,0,0,0,0,0,1.5708,1.5708,0,1.5708,1.5708,0,-0.0230104,-0.00467535,0.000895869,0,0,0,1.87068,1.19568,0.00859354,-0.00684782,0.00303588,-0.003924,-0.00153242,-0.00150407,0.00134312,1.75578,1.20968,0,0,0,0,0,0,0,0,0,0,0,0,2,1.75578,1.20968,0,0.344544,0.487027,3.7308e-15,0,0,0,0,0,0,0,0,0,0,0,0,0.855775,1.20968,0,0,0,0,0,0,0,0,0,0,0,0,2,0.855775,1.20968,0,1,1,0,0,0,0,0,0.9409,0.3809,2.8075,0,0,0,0,0,0,0.94675,0.459,3.03822,1.35493,0,0,0,0,1,0,0,0,0,0,0,0,0,0,0,0,0,0,0,0,0,0,0,0,0
19,0.0536449,0.00604164,0.00184218,0.123896,0.0159987,0.0283963,2.9834,1.96701,-2.86242,-0.013913,0.00214507,0.0969899,0.0281941,0.00420293,0.0340649,3,2,3.92699,0,0,0,0.618569,0.0601255,0.449598,0,0.200601,0,0.381709,0,2,3,2,3.92699,0,0,0,0,0,0,0,0,0,0,1.5708,1.5708,0,1.5708,1.5708,0,-0.02216,-0.00409431,0.000768774,0,0,0,1.86998,1.19597,0.00823952,-0.00701511,0.0028312,-0.00354071,-0.00126586,-0.00188333,0.00274361,1.75578,1.20968,0,0,0,0,0,0,0,0,0,0,0,0,2,1.75578,1.20968,0,0.344544,0.487027,3.7308e-15,0,0,0,0,0,0,0,0,0,0,0,0,0.855775,1.20968,0,0,0,0,0,0,0,0,0,0,0,0,2,0.855775,1.20968,0,1,1,0,0,0,0,0,0.9409,0.3809,2.8075,0,0,0,0,0,0,0.94675,0.459,3.03822,1.35433,0,0,0,0,1,0,0,0,0,0,0,0,0,0,0,0,0,0,0,0,0,0,0,0,0
19.05,0.0536449,0.00604164,0.00184218,0.135117,0.0187816,0.0310084,2.9834,1.96701,-2.86242,-0.013913,0.00214507,0.0969899,0.0281941,0.00420293,0.0340649,3,2,3.92699,0,0,0,0.210289,0.164851,0.0525105,0.0107565,0,0,2.29394e-05,0,2,3,2,3.92699,0,0,0,0,0,0,0,0,0,0,1.5708,1.5708,0,1.5708,1.5708,0,-0.02216,-0.00409431,0.000768774,0,0,0,1.86998,1.19597,0.00823952,-0.00701511,0.0028312,-0.00354071,-0.00126586,-0.00188333,0.00274361,1.75578,1.20968,0,0,0,0,0,0,0,0,0,0,0,0,2,1.75578,1.20968,0,0.344544,0.487027,3.7308e-15,0,0,0,0,0,0,0,0,0,0,0,0,0.855775,1.20968,0,0,0,0,0,0,0,0,0,0,0,0,2,0.855775,1.20968,0,1,1,0,0,0,0,0,0.9409,0.3809,2.8075,0,0,0,0,0,0,0.94328,0.43388,3.00434,1.35433,0,0,0,0,1,0,0,0,0,0,0,0,0,0,0,0,0,0,0,0,0,0,0,0,0
19.1,0.0528751,0.00553616,0.00125103,0.135117,0.0187816,0.0310084,2.98204,1.96723,-2.85277,-0.0135236,0.00226777,0.0965089,0.031443,0.00196242,0.0377512,3,2,3.92699,0,0,0,0.210289,0.164851,0.0525105,0.0107565,0,0,2.29394e-05,0,2,3,2,3.92699,0,0,0,0,0,0,0,0,0,0,1.5708,1.5708,0,1.5708,1.5708,0,-0.02193,-0.00610117,0.000629916,0,0,0,1.86928,1.19631,0.00792582,-0.00699982,0.00338213,-0.00313658,-0.000670468,0.00102255,0.00344754,1.75578,1.20968,0,0,0,0,0,0,0,0,0,0,0,0,2,1.75578,1.20968,0,0.344544,0.487027,3.7308e-15,0,0,0,0,0,0,0,0,0,0,0,0,0.855775,1.20968,0,0,0,0,0,0,0,0,0,0,0,0,2,0.855775,1.20968,0,1,1,0,0,0,0,0,0.9409,0.3809,2.8075,0,0,0,0,0,0,0.94328,0.43388,3.00434,1.35373,0,0,0,0,1,0,0,0,0,0,0,0,0,0,0,0,0,0,0,0,0,0,0,0,0
19.15,0.0528751,0.00553616,0.00125103,0.13493,0.0200849,0.0310084,2.98204,1.96723,-2.85277,-0.0135236,0.00226777,0.0965089,0.031443,0.00196242,0.0377512,3,2,3.92699,0,0,0,0.199092,0.169191,0.0507102,0.0179776,0,0,0,0,2,3,2,3.92699,0,0,0,0,0,0,0,0,0,0,1.5708,1.5708,0,1.5708,1.5708,0,-0.02193,-0.00610117,0.000629916,0,0,0,1.86928,1.19631,0.00792582,-0.00699982,0.00338213,-0.00313658,-0.000670468,0.00102255,0.00344754,1.75578,1.20968,0,0,0,0,0,0,0,0,0,0,0,0,2,1.75578,1.20968,0,0.344544,0.487027,3.7308e-15,0,0,0,0,0,0,0,0,0,0,0,0,0.855775,1.20968,0,0,0,0,0,0,0,0,0,0,0,0,2,0.855775,1.20968,0,1,1,0,0,0,0,0,1.1014,0.5117,2.9402,0,0,0,0,0,0,0.94328,0.43388,3.00434,1.35373,0,0,0,0,1,0,0,0,0,0,0,0,0,0,0,0,0,0,0,0,0,0,0,0,0
19.2,0.0538063,0.0104379,-0.000951304,0.13493,0.0200849,0.0310084,2.98068,1.96731,-2.84278,-0.0136369,0.000805907,0.0999252,0.0188808,-0.004968,0.0367272,3,2,3.92699,0,0,0,0.199092,0.169191,0.0507102,0.0179776,0,0,0,0,2,3,2,3.92699,0,0,0,0,0,0,0,0,0,0,1.5708,1.5708,0,1.5708,1.5708,0,-0.019041,-0.0061836,0.000576247,0,0,0,1.8685,1.19664,0.00763134,-0.0077587,0.0033665,-0.00294567,-0.00334753,0.00094173,0.00293126,1.75578,1.20968,0,0,0,0,0,0,0,0,0,0,0,0,2,1.75578,1.20968,0,0.344544,0.487027,3.7308e-15,0,0,0,0,0,0,0,0,0,0,0,0,0.855775,1.20968,0,0,0,0,0,0,0,0,0,0,0,0,2,0.855775,1.20968,0,1,1,0,0,0,0,0,1.1014,0.5117,2.9402,0,0,0,0,0,0,0.94328,0.43388,3.00434,1.3531,0,0,0,0,1,0,0,0,0,0,0,0,0,0,0,0,0,0,0,0,0,0,0,0,0
19.25,0.0538063,0.0104379,-0.000951304,0.103663,0.0319323,4.07052e-05,2.98068,1.96731,-2.84278,-0.0136369,0.000805907,0.0999252,0.0188808,-0.004968,0.0367272,3,2,3.92699,0,0,0,0.176844,0.207121,0.00688633,0.034559,0,0,0,2.93553e-05,2,3,2,3.92699,0,0,0,0,0,0,0,0,0,0,1.5708,1.5708,0,1.5708,1.5708,0,-0.019041,-0.0061836,0.000576247,0,0,0,1.8685,1.19664,0.00763134,-0.0077587,0.0033665,-0.00294567,-0.00334753,0.00094173,0.00293126,1.75578,1.20968,0,0,0,0,0,0,0,0,0,0,0,0,2,1.75578,1.20968,0,0.344544,0.487027,3.7308e-15,0,0,0,0,0,0,0,0,0,0,0,0,0.855775,1.20968,0,0,0,0,0,0,0,0,0,0,0,0,2,0.855775,1.20968,0,1,1,0,0,0,0,0,1.1014,0.5117,2.9402,0,0,0,0,0,0,1.03286,0.45995,2.92748,1.3531,0,0,0,0,1,0,0,0,0,0,0,0,0,0,0,0,0,0,0,0,0,0,0,0,0
19.3,0.0543996,0.00776295,-0.00238762,0.103663,0.0319323,4.07052e-05,2.97931,1.96747,-2.83263,-0.0136499,0.00157959,0.101426,0.00957168,-0.000828614,0.0280086,3,2,3.92699,0,0,0,0.176844,0.207121,0.00688633,0.034559,0,0,0,2.93553e-05,2,3,2,3.92699,0,0,0,0,0,0,0,0,0,0,1.5708,1.5708,0,1.5708,1.5708,0,-0.0187032,-0.0065421,-0.000148803,0,0,0,1.86773,1.19699,0.00751725,-0.00776611,0.00343139,-0.00114096,-0.00240961,0.000817182,0.00889847,1.75578,1.20968,0,0,0,0,0,0,0,0,0,0,0,0,2,1.75578,1.20968,0,0.344544,0.487027,3.7308e-15,0,0,0,0,0,0,0,0,0,0,0,0,0.855775,1.20968,0,0,0,0,0,0,0,0,0,0,0,0,2,0.855775,1.20968,0,1,1,0,0,0,0,0,1.1014,0.5117,2.9402,0,0,0,0,0,0,1.03286,0.45995,2.92748,1.35251,0,0,0,0,1,0,0,0,0,0,0,0,0,0,0,0,0,0,0,0,0,0,0,0,0
19.35,0.0543996,0.00776295,-0.00238762,0.103334,0.0329821,4.07052e-05,2.97931,1.96747,-2.83263,-0.0136499,0.00157959,0.101426,0.00957168,-0.000828614,0.0280086,3,2,3.92699,0,0,0,0.157322,0.225299,0.00826927,0.0634648,0,0,0,0.00708745,2,3,2,3.92699,0,0,0,0,0,0,0,0,0,0,1.5708,1.5708,0,1.5708,1.5708,0,-0.0187032,-0.0065421,-0.000148803,0,0,0,1.86773,1.19699,0.00751725,-0.00776611,0.00343139,-0.00114096,-0.00240961,0.000817182,0.00889847,1.75578,1.20968,0,0,0,0,0,0,0,0,0,0,0,0,2,1.75578,1.20968,0,0.344544,0.487027,3.7308e-15,0,0,0,0,0,0,0,0,0,0,0,0,0.855775,1.20968,0,0,0,0,0,0,0,0,0,0,0,0,2,0.855775,1.20968,0,1,1,0,0,0,0,0,0.9892,0.3685,2.7996,0,0,0,0,0,0,1.03286,0.45995,2.92748,1.35251,0,0,0,0,1,0,0,0,0,0,0,0,0,0,0,0,0,0,0,0,0,0,0,0,0
19.45,0.0525389,0.00920526,-0.00167648,0.103334,0.0329821,4.07052e-05,2.97802,1.96759,-2.82286,-0.0129442,0.00113869,0.0977156,0.00730844,-0.00169909,0.000797583,3,2,3.92699,0,0,0,0.157322,0.225299,0.00826927,0.0634648,0,0,0,0.00708745,2,3,2,3.92699,0,0,0,0,0,0,0,0,0,0,1.5708,1.5708,0,1.5708,1.5708,0,-0.0156953,-0.00703439,-0.000424018,0,0,0,1.86687,1.19734,0.00747169,-0.00855056,0.00353446,-0.000455471,-0.00445327,0.000885137,0.00889008,1.75578,1.20968,0,0,0,0,0,0,0,0,0,0,0,0,2,1.75578,1.20968,0,0.344544,0.487027,3.7308e-15,0,0,0,0,0,0,0,0,0,0,0,0,0.855775,1.20968,0,0,0,0,0,0,0,0,0,0,0,0,2,0.855775,1.20968,0,1,1,0,0,0,0,0,0.9892,0.3685,2.7996,0,0,0,0,0,0,1.03286,0.45995,2.92748,1.35201,0,0,0,0,1,0,0,0,0,0,0,0,0,0,0,0,0,0,0,0,0,0,0,0,0
19.5,0.0525389,0.00920526,-0.00167648,0.103007,0.0339904,4.07052e-05,2.97802,1.96759,-2.82286,-0.0129442,0.00113869,0.0977156,0.00730844,-0.00169909,0.000797583,3,2,3.92699,0,0,0,0.161489,0.210358,0.00738427,0.0489572,0,0,0,0.00176244,2,3,2,3.92699,0,0,0,0,0,0,0,0,0,0,1.5708,1.5708,0,1.5708,1.5708,0,-0.0156953,-0.00703439,-0.000424018,0,0,0,1.86687,1.19734,0.00747169,-0.00855056,0.00353446,-0.000455471,-0.00445327,0.000885137,0.00889008,1.75578,1.20968,0,0,0,0,0,0,0,0,0,0,0,0,2,1.75578,1.20968,0,0.344544,0.487027,3.7308e-15,0,0,0,0,0,0,0,0,0,0,0,0,0.855775,1.20968,0,0,0,0,0,0,0,0,0,0,0,0,2,0.855775,1.20968,0,1,1,0,0,0,0,0,0.9892,0.3685,2.7996,0,0,0,0,0,0,0.93785,0.38373,2.94719,1.35201,0,0,0,0,1,0,0,0,0,0,0,0,0,0,0,0,0,0,0,0,0,0,0,0,0
19.55,0.0513358,0.0114931,-0.00135143,0.10409,0.0197838,-0.00148747,2.97678,1.96763,-2.81336,-0.0124394,0.000455429,0.0950107,0.00610998,-0.00386903,-0.0140953,3,2,3.92699,0,0,0,0.161489,0.210358,0.00738427,0.0489572,0,0,0,0.00176244,2,3,2,3.92699,0,0,0,0,0,0,0,0,0,0,1.5708,1.5708,0,1.5708,1.5708,0,-0.018426,-0.00603665,0.00023077,0,0,0,1.86611,1.19766,0.00726933,-0.00765559,0.00320265,-0.00202409,0.000632688,-0.000788106,-0.000930346,1.75578,1.20968,0,0,0,0,0,0,0,0,0,0,0,0,2,1.75578,1.20968,0,0.344544,0.487027,3.7308e-15,0,0,0,0,0,0,0,0,0,0,0,0,0.855775,1.20968,0,0,0,0,0,0,0,0,0,0,0,0,2,0.855775,1.20968,0,1,1,0,0,0,0,0,0.9892,0.3685,2.7996,0,0,0,0,0,0,0.93785,0.38373,2.94719,1.35146,0,0,0,0,1,0,0,0,0,0,0,0,0,0,0,0,0,0,0,0,0,0,0,0,0
19.6,0.0513358,0.0114931,-0.00135143,0.103897,0.0207716,-0.00148747,2.97678,1.96763,-2.81336,-0.0124394,0.000455429,0.0950107,0.00610998,-0.00386903,-0.0140953,3,2,3.92699,0,0,0,0.163868,0.204625,0.00525197,0.038557,0,0,0,0.00374424,2,3,2,3.92699,0,0,0,0,0,0,0,0,0,0,1.5708,1.5708,0,1.5708,1.5708,0,-0.018426,-0.00603665,0.00023077,0,0,0,1.86611,1.19766,0.00726933,-0.00765559,0.00320265,-0.00202409,0.000632688,-0.000788106,-0.000930346,1.75578,1.20968,0,0,0,0,0,0,0,0,0,0,0,0,2,1.75578,1.20968,0,0.344544,0.487027,3.7308e-15,0,0,0,0,0,0,0,0,0,0,0,0,0.855775,1.20968,0,0,0,0,0,0,0,0,0,0,0,0,2,0.855775,1.20968,0,1,1,0,0,0,0,0,1.037,0.3866,2.8206,0,0,0,0,0,0,0.93785,0.38373,2.94719,1.35146,0,0,0,0,1,0,0,0,0,0,0,0,0,0,0,0,0,0,0,0,0,0,0,0,0
19.65,0.0508668,0.0101524,-0.0035402,0.103897,0.0207716,-0.00148747,2.97556,1.96772,-2.80352,-0.0121556,0.00084261,0.0984238,0.00463621,-0.00106982,0.00319535,3,2,3.92699,0,0,0,0.163868,0.204625,0.00525197,0.038557,0,0,0,0.00374424,2,3,2,3.92699,0,0,0,0,0,0,0,0,0,0,1.5708,1.5708,0,1.5708,1.5708,0,-0.014581,-0.00727493,-0.00084568,0,0,0,1.86524,1.19801,0.00733022,-0.00868504,0.00352555,0.000609137,-0.00304783,0.000591644,0.00863279,1.75578,1.20968,0,0,0,0,0,0,0,0,0,0,0,0,2,1.75578,1.20968,0,0.344544,0.487027,3.7308e-15,0,0,0,0,0,0,0,0,0,0,0,0,0.855775,1.20968,0,0,0,0,0,0,0,0,0,0,0,0,2,0.855775,1.20968,0,1,1,0,0,0,0,0,1.037,0.3866,2.8206,0,0,0,0,0,0,0.93785,0.38373,2.94719,1.35102,0,0,0,0,1,0,0,0,0,0,0,0,0,0,0,0,0,0,0,0,0,0,0,0,0
19.7,0.0508668,0.0101524,-0.0035402,0.103688,0.0217928,-0.00148747,2.97556,1.96772,-2.80352,-0.0121556,0.00084261,0.0984238,0.00463621,-0.00106982,0.00319535,3,2,3.92699,0,0,0,0.131779,0.230836,0.00498769,0.0746592,0,0,0,0.0281503,2,3,2,3.92699,0,0,0,0,0,0,0,0,0,0,1.5708,1.5708,0,1.5708,1.5708,0,-0.014581,-0.00727493,-0.00084568,0,0,0,1.86524,1.19801,0.00733022,-0.00868504,0.00352555,0.000609137,-0.00304783,0.000591644,0.00863279,1.75578,1.20968,0,0,0,0,0,0,0,0,0,0,0,0,2,1.75578,1.20968,0,0.344544,0.487027,3.7308e-15,0,0,0,0,0,0,0,0,0,0,0,0,0.855775,1.20968,0,0,0,0,0,0,0,0,0,0,0,0,2,0.855775,1.20968,0,1,1,0,0,0,0,0,1.037,0.3866,2.8206,0,0,0,0,0,0,0.99589,0.38648,2.94556,1.35102,0,0,0,0,1,0,0,0,0,0,0,0,0,0,0,0,0,0,0,0,0,0,0,0,0
19.75,0.0481365,0.0105324,-0.00385453,0.103688,0.0217928,-0.00148747,2.97444,1.96779,-2.7938,-0.0112129,0.000721406,0.097247,0.00634178,-0.000747075,-0.000366905,3,2,3.92699,0,0,0,0.131779,0.230836,0.00498769,0.0746592,0,0,0,0.0281503,2,3,2,3.92699,0,0,0,0,0,0,0,0,0,0,1.5708,1.5708,0,1.5708,1.5708,0,-0.0145547,-0.00741159,-0.00185237,0,0,0,1.86438,1.19836,0.00763249,-0.00859092,0.00352401,0.00302254,-0.00195948,0.000538791,0.0161228,1.75578,1.20968,0,0,0,0,0,0,0,0,0,0,0,0,2,1.75578,1.20968,0,0.344544,0.487027,3.7308e-15,0,0,0,0,0,0,0,0,0,0,0,0,0.855775,1.20968,0,0,0,0,0,0,0,0,0,0,0,0,2,0.855775,1.20968,0,1,1,0,0,0,0,0,1.037,0.3866,2.8206,0,0,0,0,0,0,0.99589,0.38648,2.94556,1.35065,0,0,0,0,1,0,0,0,0,0,0,0,0,0,0,0,0,0,0,0,0,0,0,0,0
19.8,0.0481365,0.0105324,-0.00385453,0.0989893,0.0128077,-0.00328253,2.97444,1.96779,-2.7938,-0.0112129,0.000721406,0.097247,0.00634178,-0.000747075,-0.000366905,3,2,3.92699,0,0,0,0.118737,0.226139,0.00376579,0.0768041,0,1.30956e-06,0,0.0346661,2,3,2,3.92699,0,0,0,0,0,0,0,0,0,0,1.5708,1.5708,0,1.5708,1.5708,0,-0.0145547,-0.00741159,-0.00185237,0,0,0,1.86438,1.19836,0.00763249,-0.00859092,0.00352401,0.00302254,-0.00195948,0.000538791,0.0161228,1.75578,1.20968,0,0,0,0,0,0,0,0,0,0,0,0,2,1.75578,1.20968,0,0.344544,0.487027,3.7308e-15,0,0,0,0,0,0,0,0,0,0,0,0,0.855775,1.20968,0,0,0,0,0,0,0,0,0,0,0,0,2,0.855775,1.20968,0,1,1,0,0,0,0,0,1.0441,0.3634,2.8014,0,0,0,0,0,0,0.99589,0.38648,2.94556,1.35065,0,0,0,0,1,0,0,0,0,0,0,0,0,0,0,0,0,0,0,0,0,0,0,0,0
19.85,0.0436316,0.00854124,-0.00378355,0.0989893,0.0128077,-0.00328253,2.97346,1.96792,-2.78428,-0.00976178,0.00129588,0.095163,0.00983844,0.00189068,-0.00903989,3,2,3.92699,0,0,0,0.118737,0.226139,0.00376579,0.0768041,0,1.30956e-06,0,0.0346661,2,3,2,3.92699,0,0,0,0,0,0,0,0,0,0,1.5708,1.5708,0,1.5708,1.5708,0,-0.0123701,-0.00709234,-0.00265764,0,0,0,1.86347,1.1987,0.008123,-0.00912604,0.00338978,0.00490321,-0.00316643,-0.000220486,0.018209,1.75578,1.20968,0,0,0,0,0,0,0,0,0,0,0,0,2,1.75578,1.20968,0,0.344544,0.487027,3.7308e-15,0,0,0,0,0,0,0,0,0,0,0,0,0.855775,1.20968,0,0,0,0,0,0,0,0,0,0,0,0,2,0.855775,1.20968,0,1,1,0,0,0,0,0,1.0441,0.3634,2.8014,0,0,0,0,0,0,0.99589,0.38648,2.94556,1.35048,0,0,0,0,1,0,0,0,0,0,0,0,0,0,0,0,0,0,0,0,0,0,0,0,0
19.9,0.0436316,0.00854124,-0.00378355,0.0988629,0.0137495,-0.00328253,2.97346,1.96792,-2.78428,-0.00976178,0.00129588,0.095163,0.00983844,0.00189068,-0.00903989,3,2,3.92699,0,0,0,0.102521,0.207181,0.0047505,0.0775607,0,5.2887e-06,0,0.0310635,2,3,2,3.92699,0,0,0,0,0,0,0,0,0,0,1.5708,1.5708,0,1.5708,1.5708,0,-0.0123701,-0.00709234,-0.00265764,0,0,0,1.86347,1.1987,0.008123,-0.00912604,0.00338978,0.00490321,-0.00316643,-0.000220486,0.018209,1.75578,1.20968,0,0,0,0,0,0,0,0,0,0,0,0,2,1.75578,1.20968,0,0.344544,0.487027,3.7308e-15,0,0,0,0,0,0,0,0,0,0,0,0,0.855775,1.20968,0,0,0,0,0,0,0,0,0,0,0,0,2,0.855775,1.20968,0,1,1,0,0,0,0,0,1.0441,0.3634,2.8014,0,0,0,0,0,0,0.98518,0.36255,2.83359,1.35048,0,0,0,0,1,0,0,0,0,0,0,0,0,0,0,0,0,0,0,0,0,0,0,0,0
19.95,0.0424179,0.00609935,-0.00421585,0.0988629,0.0137495,-0.00328253,2.97253,1.96812,-2.77485,-0.00929141,0.00199555,0.0943358,0.00827597,0.00428562,-0.0100621,3,2,3.92699,0,0,0,0.102521,0.207181,0.0047505,0.0775607,0,5.2887e-06,0,0.0310635,2,3,2,3.92699,0,0,0,0,0,0,0,0,0,0,1.5708,1.5708,0,1.5708,1.5708,0,-0.013176,-0.00738559,-0.00271707,0,0,0,1.86259,1.19905,0.00861779,-0.00878458,0.00343543,0.00495012,-0.000685442,-5.82752e-05,0.0113954,1.75578,1.20968,0,0,0,0,0,0,0,0,0,0,0,0,2,1.75578,1.20968,0,0.344544,0.487027,3.7308e-15,0,0,0,0,0,0,0,0,0,0,0,0,0.855775,1.20968,0,0,0,0,0,0,0,0,0,0,0,0,2,0.855775,1.20968,0,1,1,0,0,0,0,0,1.0441,0.3634,2.8014,0,0,0,0,0,0,0.98518,0.36255,2.83359,1.35035,0,0,0,0,1,0,0,0,0,0,0,0,0,0,0,0,0,0,0,0,0,0,0,0,0
20,0.0424179,0.00609935,-0.00421585,0.0987289,0.014681,-0.00328253,2.97253,1.96812,-2.77485,-0.00929141,0.00199555,0.0943358,0.00827597,0.00428562,-0.0100621,3,2,3.92699,0,0,0,0.0898471,0.205164,0.00701721,0.0899407,0,2.01124e-05,0,0.0297441,2,3,2,3.92699,0,0,0,0,0,0,0,0,0,0,1.5708,1.5708,0,1.5708,1.5708,0,-0.013176,-0.00738559,-0.00271707,0,0,0,1.86259,1.19905,0.00861779,-0.00878458,0.00343543,0.00495012,-0.000685442,-5.82752e-05,0.0113954,1.75578,1.20968,0,0,0,0,0,0,0,0,0,0,0,0,2,1.75578,1.20968,0,0.344544,0.487027,3.7308e-15,0,0,0,0,0,0,0,0,0,0,0,0,0.855775,1.20968,0,0,0,0,0,0,0,0,0,0,0,0,2,0.855775,1.20968,0,1,1,0,0,0,0,0,0.9608,0.2505,2.6932,0,0,0,0,0,0,0.98518,0.36255,2.83359,1.35035,0,0,0,0,1,0,0,0,0,0,0,0,0,0,0,0,0,0,0,0,0,0,0,0,0
20.05,0.0396497,0.0100448,-0.00312361,0.0869093,0.00616541,-0.00382061,2.9717,1.9682,-2.76587,-0.00837145,0.000816876,0.0898466,0.00842084,-0.00180922,-0.0239837,3,2,3.92699,0,0,0,0.0898471,0.205164,0.00701721,0.0899407,0,2.01124e-05,0,0.0297441,2,3,2,3.92699,0,0,0,0,0,0,0,0,0,0,1.5708,1.5708,0,1.5708,1.5708,0,-0.0102228,-0.00791183,-0.00394116,0,0,0,1.86163,1.1994,0.00939777,-0.00954123,0.00354835,0.00780205,-0.00311158,0.000442982,0.0173231,1.75578,1.20968,0,0,0,0,0,0,0,0,0,0,0,0,2,1.75578,1.20968,0,0.344544,0.487027,3.7308e-15,0,0,0,0,0,0,0,0,0,0,0,0,0.855775,1.20968,0,0,0,0,0,0,0,0,0,0,0,0,2,0.855775,1.20968,0,1,1,0,0,0,0,0,0.9608,0.2505,2.6932,0,0,0,0,0,0,0.98518,0.36255,2.83359,1.35029,0,0,0,0,1,0,0,0,0,0,0,0,0,0,0,0,0,0,0,0,0,0,0,0,0
20.1,0.0396497,0.0100448,-0.00312361,0.0868504,0.00694579,-0.00382061,2.9717,1.9682,-2.76587,-0.00837145,0.000816876,0.0898466,0.00842084,-0.00180922,-0.0239837,3,2,3.92699,0,0,0,0.0995589,0.186237,0.00315803,0.0617646,0,0,0,0.0281969,2,3,2,3.92699,0,0,0,0,0,0,0,0,0,0,1.5708,1.5708,0,1.5708,1.5708,0,-0.0102228,-0.00791183,-0.00394116,0,0,0,1.86163,1.1994,0.00939777,-0.00954123,0.00354835,0.00780205,-0.00311158,0.000442982,0.0173231,1.75578,1.20968,0,0,0,0,0,0,0,0,0,0,0,0,2,1.75578,1.20968,0,0.344544,0.487027,3.7308e-15,0,0,0,0,0,0,0,0,0,0,0,0,0.855775,1.20968,0,0,0,0,0,0,0,0,0,0,0,0,2,0.855775,1.20968,0,1,1,0,0,0,0,0,0.9608,0.2505,2.6932,0,0,0,0,0,0,0.97642,0.32878,2.90497,1.35029,0,0,0,0,1,0,0,0,0,0,0,0,0,0,0,0,0,0,0,0,0,0,0,0,0
20.15,0.0369176,0.00690868,-0.00293717,0.0868504,0.00694579,-0.00382061,2.97095,1.96837,-2.7571,-0.00747286,0.00172544,0.0876298,0.00866164,0.00171933,-0.0250906,3,2,3.92699,0,0,0,0.0995589,0.186237,0.00315803,0.0617646,0,0,0,0.0281969,2,3,2,3.92699,0,0,0,0,0,0,0,0,0,0,1.5708,1.5708,0,1.5708,1.5708,0,-0.0104718,-0.00817685,-0.00497682,0,0,0,1.8607,1.19976,0.0104125,-0.00935692,0.00358389,0.0101438,-0.00146637,0.000478102,0.0205672,1.75578,1.20968,0,0,0,0,0,0,0,0,0,0,0,0,2,1.75578,1.20968,0,0.344544,0.487027,3.7308e-15,0,0,0,0,0,0,0,0,0,0,0,0,0.855775,1.20968,0,0,0,0,0,0,0,0,0,0,0,0,2,0.855775,1.20968,0,1,1,0,0,0,0,0,0.9608,0.2505,2.6932,0,0,0,0,0,0,0.97642,0.32878,2.90497,1.35034,0,0,0,0,1,0,0,0,0,0,0,0,0,0,0,0,0,0,0,0,0,0,0,0,0
20.2,0.0369176,0.00690868,-0.00293717,0.0867861,0.00770686,-0.00382061,2.97095,1.96837,-2.7571,-0.00747286,0.00172544,0.0876298,0.00866164,0.00171933,-0.0250906,3,2,3.92699,0,0,0,0.0893748,0.169959,0.0059895,0.0651074,0,0,0,0.0185288,2,3,2,3.92699,0,0,0,0,0,0,0,0,0,0,1.5708,1.5708,0,1.5708,1.5708,0,-0.0104718,-0.00817685,-0.00497682,0,0,0,1.8607,1.19976,0.0104125,-0.00935692,0.00358389,0.0101438,-0.00146637,0.000478102,0.0205672,1.75578,1.20968,0,0,0,0,0,0,0,0,0,0,0,0,2,1.75578,1.20968,0,0.344544,0.487027,3.7308e-15,0,0,0,0,0,0,0,0,0,0,0,0,0.855775,1.20968,0,0,0,0,0,0,0,0,0,0,0,0,2,0.855775,1.20968,0,1,1,0,0,0,0,0,1.0575,0.319,2.7675,0,0,0,0,0,0,0.97642,0.32878,2.90497,1.35034,0,0,0,0,1,0,0,0,0,0,0,0,0,0,0,0,0,0,0,0,0,0,0,0,0
20.25,0.0354543,0.0101463,-0.00227429,0.0867861,0.00770686,-0.00382061,2.97025,1.96845,-2.74867,-0.00695638,0.00075719,0.0843085,0.0073124,-0.00236187,-0.0286614,3,2,3.92699,0,0,0,0.0893748,0.169959,0.0059895,0.0651074,0,0,0,0.0185288,2,3,2,3.92699,0,0,0,0,0,0,0,0,0,0,1.5708,1.5708,0,1.5708,1.5708,0,-0.00879278,-0.00636767,-0.00592448,0,0,0,1.85972,1.20006,0.0116347,-0.00973601,0.00301533,0.0122278,-0.00215371,-0.00198698,0.0210959,1.75578,1.20968,0,0,0,0,0,0,0,0,0,0,0,0,2,1.75578,1.20968,0,0.344544,0.487027,3.7308e-15,0,0,0,0,0,0,0,0,0,0,0,0,0.855775,1.20968,0,0,0,0,0,0,0,0,0,0,0,0,2,0.855775,1.20968,0,1,1,0,0,0,0,0,1.0575,0.319,2.7675,0,0,0,0,0,0,0.97642,0.32878,2.90497,1.35044,0,0,0,0,1,0,0,0,0,0,0,0,0,0,0,0,0,0,0,0,0,0,0,0,0
20.3,0.0354543,0.0101463,-0.00227429,0.0723981,0.0157598,-0.00189005,2.97025,1.96845,-2.74867,-0.00695638,0.00075719,0.0843085,0.0073124,-0.00236187,-0.0286614,3,2,3.92699,0,0,0,0.0971232,0.160984,0.00275462,0.046589,0,0,0,0.0196905,2,3,2,3.92699,0,0,0,0,0,0,0,0,0,0,1.5708,1.5708,0,1.5708,1.5708,0,-0.00879278,-0.00636767,-0.00592448,0,0,0,1.85972,1.20006,0.0116347,-0.00973601,0.00301533,0.0122278,-0.00215371,-0.00198698,0.0210959,1.75578,1.20968,0,0,0,0,0,0,0,0,0,0,0,0,2,1.75578,1.20968,0,0.344544,0.487027,3.7308e-15,0,0,0,0,0,0,0,0,0,0,0,0,0.855775,1.20968,0,0,0,0,0,0,0,0,0,0,0,0,2,0.855775,1.20968,0,1,1,0,0,0,0,0,1.0575,0.319,2.7675,0,0,0,0,0,0,0.9499,0.29737,2.81527,1.35044,0,0,0,0,1,0,0,0,0,0,0,0,0,0,0,0,0,0,0,0,0,0,0,0,0
20.35,0.034066,0.0080903,-0.0021953,0.0723981,0.0157598,-0.00189005,2.96961,1.96858,-2.74043,-0.00646793,0.00135023,0.0824605,0.00614862,0.000400527,-0.0249397,3,2,3.92699,0,0,0,0.0971232,0.160984,0.00275462,0.046589,0,0,0,0.0196905,2,3,2,3.92699,0,0,0,0,0,0,0,0,0,0,1.5708,1.5708,0,1.5708,1.5708,0,-0.00780918,-0.00705987,-0.00675168,0,0,0,1.85873,1.20038,0.0130326,-0.00990822,0.00318147,0.0139805,-0.00209016,-0.000857819,0.019762,1.75578,1.20968,0,0,0,0,0,0,0,0,0,0,0,0,2,1.75578,1.20968,0,0.344544,0.487027,3.7308e-15,0,0,0,0,0,0,0,0,0,0,0,0,0.855775,1.20968,0,0,0,0,0,0,0,0,0,0,0,0,2,0.855775,1.20968,0,1,1,0,0,0,0,0,1.0575,0.319,2.7675,0,0,0,0,0,0,0.9499,0.29737,2.81527,1.35062,0,0,0,0,1,0,0,0,0,0,0,0,0,0,0,0,0,0,0,0,0,0,0,0,0
20.4,0.034066,0.0080903,-0.0021953,0.0722657,0.0163562,-0.00189005,2.96961,1.96858,-2.74043,-0.00646793,0.00135023,0.0824605,0.00614862,0.000400527,-0.0249397,3,2,3.92699,0,0,0,0.0910941,0.152099,0.00478976,0.0499381,0,0,0,0.0133774,2,3,2,3.92699,0,0,0,0,0,0,0,0,0,0,1.5708,1.5708,0,1.5708,1.5708,0,-0.00780918,-0.00705987,-0.00675168,0,0,0,1.85873,1.20038,0.0130326,-0.00990822,0.00318147,0.0139805,-0.00209016,-0.000857819,0.019762,1.75578,1.20968,0,0,0,0,0,0,0,0,0,0,0,0,2,1.75578,1.20968,0,0.344544,0.487027,3.7308e-15,0,0,0,0,0,0,0,0,0,0,0,0,0.855775,1.20968,0,0,0,0,0,0,0,0,0,0,0,0,2,0.855775,1.20968,0,1,1,0,0,0,0,0,1.0634,0.2983,2.7534,0,0,0,0,0,0,0.9499,0.29737,2.81527,1.35062,0,0,0,0,1,0,0,0,0,0,0,0,0,0,0,0,0,0,0,0,0,0,0,0,0
20.45,0.0328632,0.00835362,-0.00267739,0.0722657,0.0163562,-0.00189005,2.969,1.96871,-2.73223,-0.00603955,0.00125722,0.0820022,0.00524793,0.000242635,-0.0163244,3,2,3.92699,0,0,0,0.0910941,0.152099,0.00478976,0.0499381,0,0,0,0.0133774,2,3,2,3.92699,0,0,0,0,0,0,0,0,0,0,1.5708,1.5708,0,1.5708,1.5708,0,-0.00687961,-0.00653597,-0.00799159,0,0,0,1.85773,1.20068,0.0147021,-0.0100627,0.0029917,0.0166931,-0.00186111,-0.00112127,0.0225214,1.75578,1.20968,0,0,0,0,0,0,0,0,0,0,0,0,2,1.75578,1.20968,0,0.344544,0.487027,3.7308e-15,0,0,0,0,0,0,0,0,0,0,0,0,0.855775,1.20968,0,0,0,0,0,0,0,0,0,0,0,0,2,0.855775,1.20968,0,1,1,0,0,0,0,0,1.0634,0.2983,2.7534,0,0,0,0,0,0,0.9499,0.29737,2.81527,1.35085,0,0,0,0,1,0,0,0,0,0,0,0,0,0,0,0,0,0,0,0,0,0,0,0,0
20.5,0.0328632,0.00835362,-0.00267739,0.0721291,0.0169483,-0.00189005,2.969,1.96871,-2.73223,-0.00603955,0.00125722,0.0820022,0.00524793,0.000242635,-0.0163244,3,2,3.92699,0,0,0,0.0809735,0.154826,0.00384261,0.0555237,0,0,0,0.0211261,2,3,2,3.92699,0,0,0,0,0,0,0,0,0,0,1.5708,1.5708,0,1.5708,1.5708,0,-0.00687961,-0.00653597,-0.00799159,0,0,0,1.85773,1.20068,0.0147021,-0.0100627,0.0029917,0.0166931,-0.00186111,-0.00112127,0.0225214,1.75578,1.20968,0,0,0,0,0,0,0,0,0,0,0,0,2,1.75578,1.20968,0,0.344544,0.487027,3.7308e-15,0,0,0,0,0,0,0,0,0,0,0,0,0.855775,1.20968,0,0,0,0,0,0,0,0,0,0,0,0,2,0.855775,1.20968,0,1,1,0,0,0,0,0,1.0634,0.2983,2.7534,0,0,0,0,0,0,0.98202,0.29243,2.71377,1.35085,0,0,0,0,1,0,0,0,0,0,0,0,0,0,0,0,0,0,0,0,0,0,0,0,0
20.55,0.0306361,0.00956937,-0.00165087,0.0673525,0.0121244,-0.00232365,2.96847,1.9688,-2.72444,-0.00531632,0.00088646,0.0779139,0.00592333,-0.00135798,-0.025029,3,2,3.92699,0,0,0,0.0809735,0.154826,0.00384261,0.0555237,0,0,0,0.0211261,2,3,2,3.92699,0,0,0,0,0,0,0,0,0,0,1.5708,1.5708,0,1.5708,1.5708,0,-0.00416808,-0.00771286,-0.00817242,0,0,0,1.85665,1.20101,0.0163817,-0.010734,0.0032992,0.0168008,-0.0037618,0.000517557,0.0143157,1.75578,1.20968,0,0,0,0,0,0,0,0,0,0,0,0,2,1.75578,1.20968,0,0.344544,0.487027,3.7308e-15,0,0,0,0,0,0,0,0,0,0,0,0,0.855775,1.20968,0,0,0,0,0,0,0,0,0,0,0,0,2,0.855775,1.20968,0,1,1,0,0,0,0,0,1.0634,0.2983,2.7534,0,0,0,0,0,0,0.98202,0.29243,2.71377,1.35116,0,0,0,0,1,0,0,0,0,0,0,0,0,0,0,0,0,0,0,0,0,0,0,0,0
20.6,0.0306361,0.00956937,-0.00165087,0.067256,0.0126487,-0.00232365,2.96847,1.9688,-2.72444,-0.00531632,0.00088646,0.0779139,0.00592333,-0.00135798,-0.025029,3,2,3.92699,0,0,0,0.088909,0.135732,0.00270162,0.0358809,0,0,0,0.012716,2,3,2,3.92699,0,0,0,0,0,0,0,0,0,0,1.5708,1.5708,0,1.5708,1.5708,0,-0.00416808,-0.00771286,-0.00817242,0,0,0,1.85665,1.20101,0.0163817,-0.010734,0.0032992,0.0168008,-0.0037618,0.000517557,0.0143157,1.75578,1.20968,0,0,0,0,0,0,0,0,0,0,0,0,2,1.75578,1.20968,0,0.344544,0.487027,3.7308e-15,0,0,0,0,0,0,0,0,0,0,0,0,0.855775,1.20968,0,0,0,0,0,0,0,0,0,0,0,0,2,0.855775,1.20968,0,1,1,0,0,0,0,0,1.069,0.278,2.7408,0,0,0,0,0,0,0.98202,0.29243,2.71377,1.35116,0,0,0,0,1,0,0,0,0,0,0,0,0,0,0,0,0,0,0,0,0,0,0,0,0
20.65,0.0286497,0.00833439,-0.00200737,0.067256,0.0126487,-0.00232365,2.968,1.96892,-2.71671,-0.00467207,0.00123759,0.0772419,0.00621669,0.000372017,-0.0188107,3,2,3.92699,0,0,0,0.088909,0.135732,0.00270162,0.0358809,0,0,0,0.012716,2,3,2,3.92699,0,0,0,0,0,0,0,0,0,0,1.5708,1.5708,0,1.5708,1.5708,0,-0.0008876,-0.00870468,-0.00924542,0,0,0,1.8555,1.20136,0.0182876,-0.011563,0.00354921,0.0190558,-0.00583963,0.00153497,0.016513,1.75578,1.20968,0,0,0,0,0,0,0,0,0,0,0,0,2,1.75578,1.20968,0,0.344544,0.487027,3.7308e-15,0,0,0,0,0,0,0,0,0,0,0,0,0.855775,1.20968,0,0,0,0,0,0,0,0,0,0,0,0,2,0.855775,1.20968,0,1,1,0,0,0,0,0,1.069,0.278,2.7408,0,0,0,0,0,0,0.98202,0.29243,2.71377,1.3516,0,0,0,0,1,0,0,0,0,0,0,0,0,0,0,0,0,0,0,0,0,0,0,0,0
20.7,0.0286497,0.00833439,-0.00200737,0.0671563,0.0131679,-0.00232365,2.968,1.96892,-2.71671,-0.00467207,0.00123759,0.0772419,0.00621669,0.000372017,-0.0188107,3,2,3.92699,0,0,0,0.0761086,0.131979,0.00304428,0.0423543,0,0,0,0.0156326,2,3,2,3.92699,0,0,0,0,0,0,0,0,0,0,1.5708,1.5708,0,1.5708,1.5708,0,-0.0008876,-0.00870468,-0.00924542,0,0,0,1.8555,1.20136,0.0182876,-0.011563,0.00354921,0.0190558,-0.00583963,0.00153497,0.016513,1.75578,1.20968,0,0,0,0,0,0,0,0,0,0,0,0,2,1.75578,1.20968,0,0.344544,0.487027,3.7308e-15,0,0,0,0,0,0,0,0,0,0,0,0,0.855775,1.20968,0,0,0,0,0,0,0,0,0,0,0,0,2,0.855775,1.20968,0,1,1,0,0,0,0,0,1.069,0.278,2.7408,0,0,0,0,0,0,0.94558,0.25234,2.80692,1.3516,0,0,0,0,1,0,0,0,0,0,0,0,0,0,0,0,0,0,0,0,0,0,0,0,0
20.75,0.0253074,0.00727378,-0.00265875,0.0671563,0.0131679,-0.00232365,2.96764,1.96907,-2.70899,-0.00363847,0.00153353,0.077295,0.00790769,0.00163873,-0.0103254,3,2,3.92699,0,0,0,0.0761086,0.131979,0.00304428,0.0423543,0,0,0,0.0156326,2,3,2,3.92699,0,0,0,0,0,0,0,0,0,0,1.5708,1.5708,0,1.5708,1.5708,0,-0.00374199,-0.00508099,-0.00955657,0,0,0,1.85444,1.20161,0.0202303,-0.0105967,0.00245291,0.0194311,8.56211e-05,-0.00332481,0.0116919,1.75578,1.20968,0,0,0,0,0,0,0,0,0,0,0,0,2,1.75578,1.20968,0,0.344544,0.487027,3.7308e-15,0,0,0,0,0,0,0,0,0,0,0,0,0.855775,1.20968,0,0,0,0,0,0,0,0,0,0,0,0,2,0.855775,1.20968,0,1,1,0,0,0,0,0,1.069,0.278,2.7408,0,0,0,0,0,0,0.94558,0.25234,2.80692,1.35212,0,0,0,0,1,0,0,0,0,0,0,0,0,0,0,0,0,0,0,0,0,0,0,0,0
20.8,0.0253074,0.00727378,-0.00265875,0.0530375,0.00867613,-0.00227632,2.96764,1.96907,-2.70899,-0.00363847,0.00153353,0.077295,0.00790769,0.00163873,-0.0103254,3,2,3.92699,0,0,0,0.0552321,0.128091,0.0022243,0.0508267,0,0,0,0.0247923,2,3,2,3.92699,0,0,0,0,0,0,0,0,0,0,1.5708,1.5708,0,1.5708,1.5708,0,-0.00374199,-0.00508099,-0.00955657,0,0,0,1.85444,1.20161,0.0202303,-0.0105967,0.00245291,0.0194311,8.56211e-05,-0.00332481,0.0116919,1.75578,1.20968,0,0,0,0,0,0,0,0,0,0,0,0,2,1.75578,1.20968,0,0.344544,0.487027,3.7308e-15,0,0,0,0,0,0,0,0,0,0,0,0,0.855775,1.20968,0,0,0,0,0,0,0,0,0,0,0,0,2,0.855775,1.20968,0,1,1,0,0,0,0,0,1.0746,0.2582,2.7292,0,0,0,0,0,0,0.94558,0.25234,2.80692,1.35212,0,0,0,0,1,0,0,0,0,0,0,0,0,0,0,0,0,0,0,0,0,0,0,0,0
20.85,0.023879,0.00841563,-0.00225993,0.0530375,0.00867613,-0.00227632,2.96732,1.96919,-2.7015,-0.00317736,0.00118114,0.0748126,0.00681375,-0.000250865,-0.0148645,3,2,3.92699,0,0,0,0.0552321,0.128091,0.0022243,0.0508267,0,0,0,0.0247923,2,3,2,3.92699,0,0,0,0,0,0,0,0,0,0,1.5708,1.5708,0,1.5708,1.5708,0,0.00124372,-0.00740468,-0.0108512,0,0,0,1.85325,1.20192,0.0224481,-0.0119236,0.00310049,0.0221681,-0.00446386,-6.24598e-05,0.0173311,1.75578,1.20968,0,0,0,0,0,0,0,0,0,0,0,0,2,1.75578,1.20968,0,0.344544,0.487027,3.7308e-15,0,0,0,0,0,0,0,0,0,0,0,0,0.855775,1.20968,0,0,0,0,0,0,0,0,0,0,0,0,2,0.855775,1.20968,0,1,1,0,0,0,0,0,1.0746,0.2582,2.7292,0,0,0,0,0,0,0.94558,0.25234,2.80692,1.35273,0,0,0,0,1,0,0,0,0,0,0,0,0,0,0,0,0,0,0,0,0,0,0,0,0
20.9,0.023879,0.00841563,-0.00225993,0.0529711,0.00907284,-0.00227632,2.96732,1.96919,-2.7015,-0.00317736,0.00118114,0.0748126,0.00681375,-0.000250865,-0.0148645,3,2,3.92699,0,0,0,0.0572219,0.119422,0.00101105,0.0407844,0,0,0,0.0237715,2,3,2,3.92699,0,0,0,0,0,0,0,0,0,0,1.5708,1.5708,0,1.5708,1.5708,0,0.00124372,-0.00740468,-0.0108512,0,0,0,1.85325,1.20192,0.0224481,-0.0119236,0.00310049,0.0221681,-0.00446386,-6.24598e-05,0.0173311,1.75578,1.20968,0,0,0,0,0,0,0,0,0,0,0,0,2,1.75578,1.20968,0,0.344544,0.487027,3.7308e-15,0,0,0,0,0,0,0,0,0,0,0,0,0.855775,1.20968,0,0,0,0,0,0,0,0,0,0,0,0,2,0.855775,1.20968,0,1,1,0,0,0,0,0,1.0746,0.2582,2.7292,0,0,0,0,0,0,0.93508,0.23266,2.71495,1.35273,0,0,0,0,1,0,0,0,0,0,0,0,0,0,0,0,0,0,0,0,0,0,0,0,0
20.95,0.0234021,0.00651559,-0.00331051,0.0529711,0.00907284,-0.00227632,2.96702,1.96936,-2.69391,-0.00300028,0.00172351,0.0758761,0.00465463,0.00175925,-0.00538934,3,2,3.92699,0,0,0,0.0572219,0.119422,0.00101105,0.0407844,0,0,0,0.0237715,2,3,2,3.92699,0,0,0,0,0,0,0,0,0,0,1.5708,1.5708,0,1.5708,1.5708,0,0.000178297,-0.00607389,-0.0107916,0,0,0,1.8521,1.20219,0.0246071,-0.0114738,0.00267681,0.021589,-0.00148234,-0.001293,0.00882467,1.75578,1.20968,0,0,0,0,0,0,0,0,0,0,0,0,2,1.75578,1.20968,0,0.344544,0.487027,3.7308e-15,0,0,0,0,0,0,0,0,0,0,0,0,0.855775,1.20968,0,0,0,0,0,0,0,0,0,0,0,0,2,0.855775,1.20968,0,1,1,0,0,0,0,0,1.0746,0.2582,2.7292,0,0,0,0,0,0,0.93508,0.23266,2.71495,1.35337,0,0,0,0,1,0,0,0,0,0,0,0,0,0,0,0,0,0,0,0,0,0,0,0,0
21,0.0234021,0.00651559,-0.00331051,0.0529007,0.00947453,-0.00227632,2.96702,1.96936,-2.69391,-0.00300028,0.00172351,0.0758761,0.00465463,0.00175925,-0.00538934,3,2,3.92699,0,0,0,0.0399887,0.128472,0.0019311,0.060704,0,0,0,0.0326248,2,3,2,3.92699,0,0,0,0,0,0,0,0,0,0,1.5708,1.5708,0,1.5708,1.5708,0,0.000178297,-0.00607389,-0.0107916,0,0,0,1.8521,1.20219,0.0246071,-0.0114738,0.00267681,0.021589,-0.00148234,-0.001293,0.00882467,1.75578,1.20968,0,0,0,0,0,0,0,0,0,0,0,0,2,1.75578,1.20968,0,0.344544,0.487027,3.7308e-15,0,0,0,0,0,0,0,0,0,0,0,0,0.855775,1.20968,0,0,0,0,0,0,0,0,0,0,0,0,2,0.855775,1.20968,0,1,1,0,0,0,0,0,1.0799,0.2385,2.7185,0,0,0,0,0,0,0.93508,0.23266,2.71495,1.35337,0,0,0,0,1,0,0,0,0,0,0,0,0,0,0,0,0,0,0,0,0,0,0,0,0
21.05,0.0217986,0.00591128,-0.00334111,0.0503236,0.00514164,-0.00282558,2.96677,1.96955,-2.68647,-0.00249544,0.00188013,0.0744583,0.00451907,0.00195423,-0.00760374,3,2,3.92699,0,0,0,0.0399887,0.128472,0.0019311,0.060704,0,0,0,0.0326248,2,3,2,3.92699,0,0,0,0,0,0,0,0,0,0,1.5708,1.5708,0,1.5708,1.5708,0,-0.00124786,-0.00503838,-0.0110619,0,0,0,1.85101,1.20242,0.0267885,-0.0109243,0.00234405,0.021816,0.00170663,-0.00227176,0.00505926,1.75578,1.20968,0,0,0,0,0,0,0,0,0,0,0,0,2,1.75578,1.20968,0,0.344544,0.487027,3.7308e-15,0,0,0,0,0,0,0,0,0,0,0,0,0.855775,1.20968,0,0,0,0,0,0,0,0,0,0,0,0,2,0.855775,1.20968,0,1,1,0,0,0,0,0,1.0799,0.2385,2.7185,0,0,0,0,0,0,0.93508,0.23266,2.71495,1.35404,0,0,0,0,1,0,0,0,0,0,0,0,0,0,0,0,0,0,0,0,0,0,0,0,0
21.1,0.0217986,0.00591128,-0.00334111,0.0502839,0.00551615,-0.00282558,2.96677,1.96955,-2.68647,-0.00249544,0.00188013,0.0744583,0.00451907,0.00195423,-0.00760374,3,2,3.92699,0,0,0,0.0351678,0.120417,0.0021015,0.0607354,0,0,0,0.0327331,2,3,2,3.92699,0,0,0,0,0,0,0,0,0,0,1.5708,1.5708,0,1.5708,1.5708,0,-0.00124786,-0.00503838,-0.0110619,0,0,0,1.85101,1.20242,0.0267885,-0.0109243,0.00234405,0.021816,0.00170663,-0.00227176,0.00505926,1.75578,1.20968,0,0,0,0,0,0,0,0,0,0,0,0,2,1.75578,1.20968,0,0.344544,0.487027,3.7308e-15,0,0,0,0,0,0,0,0,0,0,0,0,0.855775,1.20968,0,0,0,0,0,0,0,0,0,0,0,0,2,0.855775,1.20968,0,1,1,0,0,0,0,0,1.0799,0.2385,2.7185,0,0,0,0,0,0,1.01763,0.24152,2.69975,1.35404,0,0,0,0,1,0,0,0,0,0,0,0,0,0,0,0,0,0,0,0,0,0,0,0,0
21.15,0.0200878,0.00656663,-0.00384994,0.0502839,0.00551615,-0.00282558,2.96658,1.96972,-2.67905,-0.00196514,0.00166609,0.0742218,0.0048125,0.000345597,-0.00576573,3,2,3.92699,0,0,0,0.0351678,0.120417,0.0021015,0.0607354,0,0,0,0.0327331,2,3,2,3.92699,0,0,0,0,0,0,0,0,0,0,1.5708,1.5708,0,1.5708,1.5708,0,1.38543e-05,-0.00417061,-0.011383,0,0,0,1.84989,1.20263,0.0290048,-0.0111635,0.00206401,0.0221609,0.0004941,-0.0026141,0.00391889,1.75578,1.20968,0,0,0,0,0,0,0,0,0,0,0,0,2,1.75578,1.20968,0,0.344544,0.487027,3.7308e-15,0,0,0,0,0,0,0,0,0,0,0,0,0.855775,1.20968,0,0,0,0,0,0,0,0,0,0,0,0,2,0.855775,1.20968,0,1,1,0,0,0,0,0,1.0799,0.2385,2.7185,0,0,0,0,0,0,1.01763,0.24152,2.69975,1.35478,0,0,0,0,1,0,0,0,0,0,0,0,0,0,0,0,0,0,0,0,0,0,0,0,0
21.2,0.0200878,0.00656663,-0.00384994,0.0502416,0.00588924,-0.00282558,2.96658,1.96972,-2.67905,-0.00196514,0.00166609,0.0742218,0.0048125,0.000345597,-0.00576573,3,2,3.92699,0,0,0,0.028381,0.118493,0.000219532,0.0646507,0,0,0,0.0431687,2,3,2,3.92699,0,0,0,0,0,0,0,0,0,0,1.5708,1.5708,0,1.5708,1.5708,0,1.38543e-05,-0.00417061,-0.011383,0,0,0,1.84989,1.20263,0.0290048,-0.0111635,0.00206401,0.0221609,0.0004941,-0.0026141,0.00391889,1.75578,1.20968,0,0,0,0,0,0,0,0,0,0,0,0,2,1.75578,1.20968,0,0.344544,0.487027,3.7308e-15,0,0,0,0,0,0,0,0,0,0,0,0,0.855775,1.20968,0,0,0,0,0,0,0,0,0,0,0,0,2,0.855775,1.20968,0,1,1,0,0,0,0,0,1.0851,0.2191,2.7081,0,0,0,0,0,0,1.01763,0.24152,2.69975,1.35478,0,0,0,0,1,0,0,0,0,0,0,0,0,0,0,0,0,0,0,0,0,0,0,0,0
21.25,0.0183111,0.00685412,-0.00374476,0.0502416,0.00588924,-0.00282558,2.96644,1.96988,-2.6718,-0.00142182,0.0015623,0.0725098,0.00510322,-0.000427135,-0.0101528,3,2,3.92699,0,0,0,0.028381,0.118493,0.000219532,0.0646507,0,0,0,0.0431687,2,3,2,3.92699,0,0,0,0,0,0,0,0,0,0,1.5708,1.5708,0,1.5708,1.5708,0,0.000592443,-0.00409948,-0.0118756,0,0,0,1.84877,1.20283,0.0312945,-0.0112011,0.00201914,0.0229127,-3.19738e-06,-0.00179825,0.00517369,1.75578,1.20968,0,0,0,0,0,0,0,0,0,0,0,0,2,1.75578,1.20968,0,0.344544,0.487027,3.7308e-15,0,0,0,0,0,0,0,0,0,0,0,0,0.855775,1.20968,0,0,0,0,0,0,0,0,0,0,0,0,2,0.855775,1.20968,0,1,1,0,0,0,0,0,1.0851,0.2191,2.7081,0,0,0,0,0,0,1.01763,0.24152,2.69975,1.35556,0,0,0,0,1,0,0,0,0,0,0,0,0,0,0,0,0,0,0,0,0,0,0,0,0
21.3,0.0183111,0.00685412,-0.00374476,0.0300426,0.0103143,-0.00400184,2.96644,1.96988,-2.6718,-0.00142182,0.0015623,0.0725098,0.00510322,-0.000427135,-0.0101528,3,2,3.92699,0,0,0,0.0252146,0.111353,0,0.0603154,0,1.16931e-08,0,0.044728,2,3,2,3.92699,0,0,0,0,0,0,0,0,0,0,1.5708,1.5708,0,1.5708,1.5708,0,0.000592443,-0.00409948,-0.0118756,0,0,0,1.84877,1.20283,0.0312945,-0.0112011,0.00201914,0.0229127,-3.19738e-06,-0.00179825,0.00517369,1.75578,1.20968,0,0,0,0,0,0,0,0,0,0,0,0,2,1.75578,1.20968,0,0.344544,0.487027,3.7308e-15,0,0,0,0,0,0,0,0,0,0,0,0,0.855775,1.20968,0,0,0,0,0,0,0,0,0,0,0,0,2,0.855775,1.20968,0,1,1,0,0,0,0,0,1.0851,0.2191,2.7081,0,0,0,0,0,0,0.99989,0.20706,2.8879,1.35556,0,0,0,0,1,0,0,0,0,0,0,0,0,0,0,0,0,0,0,0,0,0,0,0,0
21.35,0.0160971,0.00669038,-0.00353881,0.0300426,0.0103143,-0.00400184,2.96636,1.97003,-2.66474,-0.000756848,0.00159182,0.0705873,0.00575826,-0.000240181,-0.0142366,3,2,3.92699,0,0,0,0.0252146,0.111353,0,0.0603154,0,1.16931e-08,0,0.044728,2,3,2,3.92699,0,0,0,0,0,0,0,0,0,0,1.5708,1.5708,0,1.5708,1.5708,0,0.00222682,-0.0047845,-0.0118807,0,0,0,1.84762,1.20305,0.033542,-0.0115456,0.00219486,0.0224747,-0.00146652,-0.000263515,0.0015693,1.75578,1.20968,0,0,0,0,0,0,0,0,0,0,0,0,2,1.75578,1.20968,0,0.344544,0.487027,3.7308e-15,0,0,0,0,0,0,0,0,0,0,0,0,0.855775,1.20968,0,0,0,0,0,0,0,0,0,0,0,0,2,0.855775,1.20968,0,1,1,0,0,0,0,0,1.0851,0.2191,2.7081,0,0,0,0,0,0,0.99989,0.20706,2.8879,1.35641,0,0,0,0,1,0,0,0,0,0,0,0,0,0,0,0,0,0,0,0,0,0,0,0,0
21.4,0.0160971,0.00669038,-0.00353881,0.029969,0.0105261,-0.00400184,2.96636,1.97003,-2.66474,-0.000756848,0.00159182,0.0705873,0.00575826,-0.000240181,-0.0142366,3,2,3.92699,0,0,0,0.0212033,0.100323,0,0.0545938,0,0,0,0.0441595,2,3,2,3.92699,0,0,0,0,0,0,0,0,0,0,1.5708,1.5708,0,1.5708,1.5708,0,0.00222682,-0.0047845,-0.0118807,0,0,0,1.84762,1.20305,0.033542,-0.0115456,0.00219486,0.0224747,-0.00146652,-0.000263515,0.0015693,1.75578,1.20968,0,0,0,0,0,0,0,0,0,0,0,0,2,1.75578,1.20968,0,0.344544,0.487027,3.7308e-15,0,0,0,0,0,0,0,0,0,0,0,0,0.855775,1.20968,0,0,0,0,0,0,0,0,0,0,0,0,2,0.855775,1.20968,0,1,1,0,0,0,0,0,1.09,0.2002,2.6983,0,0,0,0,0,0,0.99989,0.20706,2.8879,1.35641,0,0,0,0,1,0,0,0,0,0,0,0,0,0,0,0,0,0,0,0,0,0,0,0,0
21.45,0.0148764,0.00584403,-0.00392291,0.029969,0.0105261,-0.00400184,2.96632,1.97022,-2.65773,-0.000390531,0.00182085,0.0701258,0.00501054,0.000795469,-0.0109819,3,2,3.92699,0,0,0,0.0212033,0.100323,0,0.0545938,0,0,0,0.0441595,2,3,2,3.92699,0,0,0,0,0,0,0,0,0,0,1.5708,1.5708,0,1.5708,1.5708,0,0.00196881,-0.00482064,-0.0122166,0,0,0,1.84648,1.20327,0.0358268,-0.0113352,0.00217965,0.0228424,-0.000232044,-1.22266e-05,0.00191175,1.75578,1.20968,0,0,0,0,0,0,0,0,0,0,0,0,2,1.75578,1.20968,0,0.344544,0.487027,3.7308e-15,0,0,0,0,0,0,0,0,0,0,0,0,0.855775,1.20968,0,0,0,0,0,0,0,0,0,0,0,0,2,0.855775,1.20968,0,1,1,0,0,0,0,0,1.09,0.2002,2.6983,0,0,0,0,0,0,0.99989,0.20706,2.8879,1.3573,0,0,0,0,1,0,0,0,0,0,0,0,0,0,0,0,0,0,0,0,0,0,0,0,0
21.5,0.0148764,0.00584403,-0.00392291,0.0298944,0.0107361,-0.00400184,2.96632,1.97022,-2.65773,-0.000390531,0.00182085,0.0701258,0.00501054,0.000795469,-0.0109819,3,2,3.92699,0,0,0,0.0176349,0.0991399,0,0.0607888,0,0.00508098,0,0.0482055,2,3,2,3.92699,0,0,0,0,0,0,0,0,0,0,1.5708,1.5708,0,1.5708,1.5708,0,0.00196881,-0.00482064,-0.0122166,0,0,0,1.84648,1.20327,0.0358268,-0.0113352,0.00217965,0.0228424,-0.000232044,-1.22266e-05,0.00191175,1.75578,1.20968,0,0,0,0,0,0,0,0,0,0,0,0,2,1.75578,1.20968,0,0.344544,0.487027,3.7308e-15,0,0,0,0,0,0,0,0,0,0,0,0,0.855775,1.20968,0,0,0,0,0,0,0,0,0,0,0,0,2,0.855775,1.20968,0,1,1,0,0,0,0,0,1.09,0.2002,2.6983,0,0,0,0,0,0,0,-0,0,1.3573,0,0,0,0,0,0,0,0,0,0,0,0,0,0,0,0,0,0,0,0,0,0,0,0,0
21.55,0.0132914,0.00566825,-0.00356955,0.0264456,0.00988233,-0.00385665,2.96633,1.9704,-2.65094,7.81364e-05,0.00185086,0.0678948,0.00478023,0.000736092,-0.0151284,3,2,3.92699,0,0,0,0.0176349,0.0991399,0,0.0607888,0,0.00508098,0,0.0482055,2,3,2,3.92699,0,0,0,0,0,0,0,0,0,0,1.5708,1.5708,0,1.5708,1.5708,0,0.00379931,-0.00439536,-0.0121996,0,0,0,1.84531,1.20347,0.0380617,-0.0117351,0.00203033,0.0223526,-0.00156054,-0.000571872,-0.000782732,1.75578,1.20968,0,0,0,0,0,0,0,0,0,0,0,0,2,1.75578,1.20968,0,0.344544,0.487027,3.7308e-15,0,0,0,0,0,0,0,0,0,0,0,0,0.855775,1.20968,0,0,0,0,0,0,0,0,0,0,0,0,2,0.855775,1.20968,0,1,1,0,0,0,0,0,1.09,0.2002,2.6983,0,0,0,0,0,0,0,-0,0,1.35826,0,0,0,0,0,0,0,0,0,0,0,0,0,0,0,0,0,0,0,0,0,0,0,0,0
21.6,0.0132914,0.00566825,-0.00356955,0.0263779,0.0100616,-0.00385665,2.96633,1.9704,-2.65094,7.81364e-05,0.00185086,0.0678948,0.00478023,0.000736092,-0.0151284,3,2,3.92699,0,0,0,0.0159816,0.0894846,0,0.0539256,0,0.00484796,0,0.0447275,2,3,2,3.92699,0,0,0,0,0,0,0,0,0,0,1.5708,1.5708,0,1.5708,1.5708,0,0.00379931,-0.00439536,-0.0121996,0,0,0,1.84531,1.20347,0.0380617,-0.0117351,0.00203033,0.0223526,-0.00156054,-0.000571872,-0.000782732,1.75578,1.20968,0,0,0,0,0,0,0,0,0,0,0,0,2,1.75578,1.20968,0,0.344544,0.487027,3.7308e-15,0,0,0,0,0,0,0,0,0,0,0,0,0.855775,1.20968,0,0,0,0,0,0,0,0,0,0,0,0,2,0.855775,1.20968,0,1,1,0,0,0,0,0,1.0681,0.155,2.6623,0,0,0,0,0,0,0,-0,0,1.35826,0,0,0,0,0,0,0,0,0,0,0,0,0,0,0,0,0,0,0,0,0,0,0,0,0
21.65,0.0117865,0.00478248,-0.00349012,0.0263779,0.0100616,-0.00385665,2.96638,1.97061,-2.6443,0.000517823,0.00208839,0.066369,0.00459613,0.00138319,-0.015737,3,2,3.92699,0,0,0,0.0159816,0.0894846,0,0.0539256,0,0.00484796,0,0.0447275,2,3,2,3.92699,0,0,0,0,0,0,0,0,0,0,1.5708,1.5708,0,1.5708,1.5708,0,0.00415455,-0.00487794,-0.0133919,0,0,0,1.84414,1.20368,0.0405392,-0.0117011,0.00214701,0.0247862,-0.00098182,4.72333e-05,0.00889051,1.75578,1.20968,0,0,0,0,0,0,0,0,0,0,0,0,2,1.75578,1.20968,0,0.344544,0.487027,3.7308e-15,0,0,0,0,0,0,0,0,0,0,0,0,0.855775,1.20968,0,0,0,0,0,0,0,0,0,0,0,0,2,0.855775,1.20968,0,1,1,0,0,0,0,0,1.0681,0.155,2.6623,0,0,0,0,0,0,0,-0,0,1.35927,0,0,0,0,0,0,0,0,0,0,0,0,0,0,0,0,0,0,0,0,0,0,0,0,0
21.7,0.0117865,0.00478248,-0.00349012,0.0263106,0.0102364,-0.00385665,2.96638,1.97061,-2.6443,0.000517823,0.00208839,0.066369,0.00459613,0.00138319,-0.015737,3,2,3.92699,0,0,0,0.0139721,0.0831718,0,0.0532273,0,0.00881971,0,0.0429776,2,3,2,3.92699,0,0,0,0,0,0,0,0,0,0,1.5708,1.5708,0,1.5708,1.5708,0,0.00415455,-0.00487794,-0.0133919,0,0,0,1.84414,1.20368,0.0405392,-0.0117011,0.00214701,0.0247862,-0.00098182,4.72333e-05,0.00889051,1.75578,1.20968,0,0,0,0,0,0,0,0,0,0,0,0,2,1.75578,1.20968,0,0.344544,0.487027,3.7308e-15,0,0,0,0,0,0,0,0,0,0,0,0,0.855775,1.20968,0,0,0,0,0,0,0,0,0,0,0,0,2,0.855775,1.20968,0,1,1,0,0,0,0,0,1.0681,0.155,2.6623,0,0,0,0,0,0,1.00729,0.16992,2.88112,1.35927,0,0,0,0,1,0,0,0,0,0,0,0,0,0,0,0,0,0,0,0,0,0,0,0,0
21.75,0.0103407,0.00324291,-0.00387442,0.0263106,0.0102364,-0.00385665,2.96647,1.97086,-2.6377,0.000935015,0.00251453,0.0659912,0.00440265,0.00262336,-0.0109663,3,2,3.92699,0,0,0,0.0139721,0.0831718,0,0.0532273,0,0.00881971,0,0.0429776,2,3,2,3.92699,0,0,0,0,0,0,0,0,0,0,1.5708,1.5708,0,1.5708,1.5708,0,0.00554418,-0.0050612,-0.0129025,0,0,0,1.84294,1.2039,0.0428513,-0.0119684,0.00217519,0.02312,-0.00159284,0.000227232,1.89997e-05,1.75578,1.20968,0,0,0,0,0,0,0,0,0,0,0,0,2,1.75578,1.20968,0,0.344544,0.487027,3.7308e-15,0,0,0,0,0,0,0,0,0,0,0,0,0.855775,1.20968,0,0,0,0,0,0,0,0,0,0,0,0,2,0.855775,1.20968,0,1,1,0,0,0,0,0,1.0681,0.155,2.6623,0,0,0,0,0,0,1.00729,0.16992,2.88112,1.36035,0,0,0,0,1,0,0,0,0,0,0,0,0,0,0,0,0,0,0,0,0,0,0,0,0
21.8,0.0103407,0.00324291,-0.00387442,0.0223789,0.00740409,-0.00352145,2.96647,1.97086,-2.6377,0.000935015,0.00251453,0.0659912,0.00440265,0.00262336,-0.0109663,3,2,3.92699,0,0,0,0.0115755,0.0820263,0,0.0607244,0,0.0194763,0,0.0454272,2,3,2,3.92699,0,0,0,0,0,0,0,0,0,0,1.5708,1.5708,0,1.5708,1.5708,0,0.00554418,-0.0050612,-0.0129025,0,0,0,1.84294,1.2039,0.0428513,-0.0119684,0.00217519,0.02312,-0.00159284,0.000227232,1.89997e-05,1.75578,1.20968,0,0,0,0,0,0,0,0,0,0,0,0,2,1.75578,1.20968,0,0.344544,0.487027,3.7308e-15,0,0,0,0,0,0,0,0,0,0,0,0,0.855775,1.20968,0,0,0,0,0,0,0,0,0,0,0,0,2,0.855775,1.20968,0,1,1,0,0,0,0,0,1.0405,0.1048,2.6217,0,0,0,0,0,0,1.00729,0.16992,2.88112,1.36035,0,0,0,0,1,0,0,0,0,0,0,0,0,0,0,0,0,0,0,0,0,0,0,0,0
21.85,0.00864457,0.0033265,-0.00324682,0.0223789,0.00740409,-0.00352145,2.96662,1.97111,-2.63139,0.0014206,0.00246041,0.0631794,0.00455722,0.00152568,-0.0172054,3,2,3.92699,0,0,0,0.0115755,0.0820263,0,0.0607244,0,0.0194763,0,0.0454272,2,3,2,3.92699,0,0,0,0,0,0,0,0,0,0,1.5708,1.5708,0,1.5708,1.5708,0,0.00535269,-0.00442216,-0.0135422,0,0,0,1.84176,1.2041,0.0452725,-0.0117724,0.0019637,0.0242069,-0.00025013,-0.000685341,0.00314196,1.75578,1.20968,0,0,0,0,0,0,0,0,0,0,0,0,2,1.75578,1.20968,0,0.344544,0.487027,3.7308e-15,0,0,0,0,0,0,0,0,0,0,0,0,0.855775,1.20968,0,0,0,0,0,0,0,0,0,0,0,0,2,0.855775,1.20968,0,1,1,0,0,0,0,0,1.0405,0.1048,2.6217,0,0,0,0,0,0,1.00729,0.16992,2.88112,1.36147,0,0,0,0,1,0,0,0,0,0,0,0,0,0,0,0,0,0,0,0,0,0,0,0,0
21.9,0.00864457,0.0033265,-0.00324682,0.0223317,0.00754536,-0.00352145,2.96662,1.97111,-2.63139,0.0014206,0.00246041,0.0631794,0.00455722,0.00152568,-0.0172054,3,2,3.92699,0,0,0,0.0100078,0.0696145,0,0.0493337,0,0.0156296,0,0.0398148,2,3,2,3.92699,0,0,0,0,0,0,0,0,0,0,1.5708,1.5708,0,1.5708,1.5708,0,0.00535269,-0.00442216,-0.0135422,0,0,0,1.84176,1.2041,0.0452725,-0.0117724,0.0019637,0.0242069,-0.00025013,-0.000685341,0.00314196,1.75578,1.20968,0,0,0,0,0,0,0,0,0,0,0,0,2,1.75578,1.20968,0,0.344544,0.487027,3.7308e-15,0,0,0,0,0,0,0,0,0,0,0,0,0.855775,1.20968,0,0,0,0,0,0,0,0,0,0,0,0,2,0.855775,1.20968,0,1,1,0,0,0,0,0,1.0405,0.1048,2.6217,0,0,0,0,0,0,0.98849,0.15098,2.79029,1.36147,0,0,0,0,1,0,0,0,0,0,0,0,0,0,0,0,0,0,0,0,0,0,0,0,0
21.95,0.00700976,0.00296639,-0.00334064,0.0223317,0.00754536,-0.00352145,2.9668,1.97136,-2.62517,0.00188249,0.00253685,0.0621637,0.0046018,0.00107135,-0.015273,3,2,3.92699,0,0,0,0.0100078,0.0696145,0,0.0493337,0,0.0156296,0,0.0398148,2,3,2,3.92699,0,0,0,0,0,0,0,0,0,0,1.5708,1.5708,0,1.5708,1.5708,0,0.00640088,-0.00412995,-0.0131381,0,0,0,1.84057,1.20428,0.047548,-0.0119396,0.00185564,0.0227578,-0.000628923,-0.000967982,-0.00349644,1.75578,1.20968,0,0,0,0,0,0,0,0,0,0,0,0,2,1.75578,1.20968,0,0.344544,0.487027,3.7308e-15,0,0,0,0,0,0,0,0,0,0,0,0,0.855775,1.20968,0,0,0,0,0,0,0,0,0,0,0,0,2,0.855775,1.20968,0,1,1,0,0,0,0,0,1.0405,0.1048,2.6217,0,0,0,0,0,0,0.98849,0.15098,2.79029,1.36265,0,0,0,0,1,0,0,0,0,0,0,0,0,0,0,0,0,0,0,0,0,0,0,0,0
22,0.00700976,0.00296639,-0.00334064,0.0222844,0.00768402,-0.00352145,2.9668,1.97136,-2.62517,0.00188249,0.00253685,0.0621637,0.0046018,0.00107135,-0.015273,3,2,3.92699,0,0,0,0.00813435,0.0660918,0,0.0490936,0,0.0215208,0,0.0425318,2,3,2,3.92699,0,0,0,0,0,0,0,0,0,0,1.5708,1.5708,0,1.5708,1.5708,0,0.00640088,-0.00412995,-0.0131381,0,0,0,1.84057,1.20428,0.047548,-0.0119396,0.00185564,0.0227578,-0.000628923,-0.000967982,-0.00349644,1.75578,1.20968,0,0,0,0,0,0,0,0,0,0,0,0,2,1.75578,1.20968,0,0.344544,0.487027,3.7308e-15,0,0,0,0,0,0,0,0,0,0,0,0,0.855775,1.20968,0,0,0,0,0,0,0,0,0,0,0,0,2,0.855775,1.20968,0,1,1,0,0,0,0,0,1.1322,0.1749,2.7011,0,0,0,0,0,0,0.98849,0.15098,2.79029,1.36265,0,0,0,0,1,0,0,0,0,0,0,0,0,0,0,0,0,0,0,0,0,0,0,0,0
22.05,0.00594794,0.00171079,-0.00294356,0.0171514,0.00760724,-0.00293,2.96702,1.97165,-2.61917,0.0021712,0.00287458,0.059984,0.0039229,0.00193133,-0.0176164,3,2,3.92699,0,0,0,0.00813435,0.0660918,0,0.0490936,0,0.0215208,0,0.0425318,2,3,2,3.92699,0,0,0,0,0,0,0,0,0,0,1.5708,1.5708,0,1.5708,1.5708,0,0.00592756,-0.00393366,-0.0137541,0,0,0,1.8394,1.20446,0.0499267,-0.0116619,0.00177676,0.0237948,0.000679858,-0.000934549,0.00114655,1.75578,1.20968,0,0,0,0,0,0,0,0,0,0,0,0,2,1.75578,1.20968,0,0.344544,0.487027,3.7308e-15,0,0,0,0,0,0,0,0,0,0,0,0,0.855775,1.20968,0,0,0,0,0,0,0,0,0,0,0,0,2,0.855775,1.20968,0,1,1,0,0,0,0,0,1.1322,0.1749,2.7011,0,0,0,0,0,0,0.98849,0.15098,2.79029,1.36385,0,0,0,0,1,0,0,0,0,0,0,0,0,0,0,0,0,0,0,0,0,0,0,0,0
22.1,0.00594794,0.00171079,-0.00294356,0.0171055,0.00770994,-0.00293,2.96702,1.97165,-2.61917,0.0021712,0.00287458,0.059984,0.0039229,0.00193133,-0.0176164,3,2,3.92699,0,0,0,0.00635494,0.055638,0,0.04523,0,0.0207902,0,0.0346988,2,3,2,3.92699,0,0,0,0,0,0,0,0,0,0,1.5708,1.5708,0,1.5708,1.5708,0,0.00592756,-0.00393366,-0.0137541,0,0,0,1.8394,1.20446,0.0499267,-0.0116619,0.00177676,0.0237948,0.000679858,-0.000934549,0.00114655,1.75578,1.20968,0,0,0,0,0,0,0,0,0,0,0,0,2,1.75578,1.20968,0,0.344544,0.487027,3.7308e-15,0,0,0,0,0,0,0,0,0,0,0,0,0.855775,1.20968,0,0,0,0,0,0,0,0,0,0,0,0,2,0.855775,1.20968,0,1,1,0,0,0,0,0,1.1322,0.1749,2.7011,0,0,0,0,0,0,0.92547,0.12702,2.63994,1.36385,0,0,0,0,1,0,0,0,0,0,0,0,0,0,0,0,0,0,0,0,0,0,0,0,0
22.15,0.00469545,0.000643409,-0.00289862,0.0171055,0.00770994,-0.00293,2.96727,1.97196,-2.6133,0.00251231,0.00315321,0.0586963,0.00362852,0.00239181,-0.0159928,3,2,3.92699,0,0,0,0.00635494,0.055638,0,0.04523,0,0.0207902,0,0.0346988,2,3,2,3.92699,0,0,0,0,0,0,0,0,0,0,1.5708,1.5708,0,1.5708,1.5708,0,0.00607387,-0.00408712,-0.0128387,0,0,0,1.83825,1.20464,0.0520388,-0.0115679,0.00180061,0.0211219,0.00095196,-0.000459958,-0.00934404,1.75578,1.20968,0,0,0,0,0,0,0,0,0,0,0,0,2,1.75578,1.20968,0,0.344544,0.487027,3.7308e-15,0,0,0,0,0,0,0,0,0,0,0,0,0.855775,1.20968,0,0,0,0,0,0,0,0,0,0,0,0,2,0.855775,1.20968,0,1,1,0,0,0,0,0,1.1322,0.1749,2.7011,0,0,0,0,0,0,0.92547,0.12702,2.63994,1.36509,0,0,0,0,1,0,0,0,0,0,0,0,0,0,0,0,0,0,0,0,0,0,0,0,0
22.2,0.00469545,0.000643409,-0.00289862,0.0170599,0.00781021,-0.00293,2.96727,1.97196,-2.6133,0.00251231,0.00315321,0.0586963,0.00362852,0.00239181,-0.0159928,3,2,3.92699,0,0,0,0.00453704,0.0501932,0.000129014,0.0454433,0,0.0247713,0,0.0329546,2,3,2,3.92699,0,0,0,0,0,0,0,0,0,0,1.5708,1.5708,0,1.5708,1.5708,0,0.00607387,-0.00408712,-0.0128387,0,0,0,1.83825,1.20464,0.0520388,-0.0115679,0.00180061,0.0211219,0.00095196,-0.000459958,-0.00934404,1.75578,1.20968,0,0,0,0,0,0,0,0,0,0,0,0,2,1.75578,1.20968,0,0.344544,0.487027,3.7308e-15,0,0,0,0,0,0,0,0,0,0,0,0,0.855775,1.20968,0,0,0,0,0,0,0,0,0,0,0,0,2,0.855775,1.20968,0,1,1,0,0,0,0,0,1.1142,0.1363,2.6715,0,0,0,0,0,0,0.92547,0.12702,2.63994,1.36509,0,0,0,0,1,0,0,0,0,0,0,0,0,0,0,0,0,0,0,0,0,0,0,0,0
22.25,0.00335235,0.00100071,-0.0032086,0.0170599,0.00781021,-0.00293,2.96756,1.97227,-2.60747,0.00287593,0.00301143,0.0582901,0.00359104,0.000930953,-0.0110274,3,2,3.92699,0,0,0,0.00453704,0.0501932,0.000129014,0.0454433,0,0.0247713,0,0.0329546,2,3,2,3.92699,0,0,0,0,0,0,0,0,0,0,1.5708,1.5708,0,1.5708,1.5708,0,0.00623546,-0.00327016,-0.0126574,0,0,0,1.8371,1.2048,0.0540658,-0.0114793,0.00154173,0.0202701,0.000966352,-0.00124702,-0.0104427,1.75578,1.20968,0,0,0,0,0,0,0,0,0,0,0,0,2,1.75578,1.20968,0,0.344544,0.487027,3.7308e-15,0,0,0,0,0,0,0,0,0,0,0,0,0.855775,1.20968,0,0,0,0,0,0,0,0,0,0,0,0,2,0.855775,1.20968,0,1,1,0,0,0,0,0,1.1142,0.1363,2.6715,0,0,0,0,0,0,0.92547,0.12702,2.63994,1.36636,0,0,0,0,1,0,0,0,0,0,0,0,0,0,0,0,0,0,0,0,0,0,0,0,0
22.3,0.00335235,0.00100071,-0.0032086,0.0134286,0.00584179,-0.00258895,2.96756,1.97227,-2.60747,0.00287593,0.00301143,0.0582901,0.00359104,0.000930953,-0.0110274,3,2,3.92699,0,0,0,0.00339391,0.0514414,0,0.0466804,0,0.0317105,0,0.04028,2,3,2,3.92699,0,0,0,0,0,0,0,0,0,0,1.5708,1.5708,0,1.5708,1.5708,0,0.00623546,-0.00327016,-0.0126574,0,0,0,1.8371,1.2048,0.0540658,-0.0114793,0.00154173,0.0202701,0.000966352,-0.00124702,-0.0104427,1.75578,1.20968,0,0,0,0,0,0,0,0,0,0,0,0,2,1.75578,1.20968,0,0.344544,0.487027,3.7308e-15,0,0,0,0,0,0,0,0,0,0,0,0,0.855775,1.20968,0,0,0,0,0,0,0,0,0,0,0,0,2,0.855775,1.20968,0,1,1,0,0,0,0,0,1.1142,0.1363,2.6715,0,0,0,0,0,0,1.04811,0.13433,2.71782,1.36636,0,0,0,0,1,0,0,0,0,0,0,0,0,0,0,0,0,0,0,0,0,0,0,0,0
22.35,0.00283477,-0.000752515,-0.00341743,0.0134286,0.00584179,-0.00258895,2.96786,1.97261,-2.60171,0.00299358,0.00348925,0.057648,0.00262042,0.00226963,-0.00853152,3,2,3.92699,0,0,0,0.00339391,0.0514414,0,0.0466804,0,0.0317105,0,0.04028,2,3,2,3.92699,0,0,0,0,0,0,0,0,0,0,1.5708,1.5708,0,1.5708,1.5708,0,0.00650219,-0.00307296,-0.0120041,0,0,0,1.83596,1.20494,0.0558954,-0.0114225,0.00146627,0.0182979,0.000812625,-0.00115725,-0.014305,1.75578,1.20968,0,0,0,0,0,0,0,0,0,0,0,0,2,1.75578,1.20968,0,0.344544,0.487027,3.7308e-15,0,0,0,0,0,0,0,0,0,0,0,0,0.855775,1.20968,0,0,0,0,0,0,0,0,0,0,0,0,2,0.855775,1.20968,0,1,1,0,0,0,0,0,1.1142,0.1363,2.6715,0,0,0,0,0,0,1.04811,0.13433,2.71782,1.36767,0,0,0,0,1,0,0,0,0,0,0,0,0,0,0,0,0,0,0,0,0,0,0,0,0
22.4,0.00283477,-0.000752515,-0.00341743,0.0133947,0.00591909,-0.00258895,2.96786,1.97261,-2.60171,0.00299358,0.00348925,0.057648,0.00262042,0.00226963,-0.00853152,3,2,3.92699,0,0,0,0.001827,0.0494029,0.000271182,0.052834,0,0.0380735,0,0.0386488,2,3,2,3.92699,0,0,0,0,0,0,0,0,0,0,1.5708,1.5708,0,1.5708,1.5708,0,0.00650219,-0.00307296,-0.0120041,0,0,0,1.83596,1.20494,0.0558954,-0.0114225,0.00146627,0.0182979,0.000812625,-0.00115725,-0.014305,1.75578,1.20968,0,0,0,0,0,0,0,0,0,0,0,0,2,1.75578,1.20968,0,0.344544,0.487027,3.7308e-15,0,0,0,0,0,0,0,0,0,0,0,0,0.855775,1.20968,0,0,0,0,0,0,0,0,0,0,0,0,2,0.855775,1.20968,0,1,1,0,0,0,0,0,1.1329,0.1348,2.6783,0,0,0,0,0,0,1.04811,0.13433,2.71782,1.36767,0,0,0,0,1,0,0,0,0,0,0,0,0,0,0,0,0,0,0,0,0,0,0,0,0
22.45,0.00166926,-0.000194943,-0.00311842,0.0133947,0.00591909,-0.00258895,2.96819,1.97294,-2.59613,0.00329955,0.00328489,0.0557937,0.00266439,0.000727217,-0.012201,3,2,3.92699,0,0,0,0.001827,0.0494029,0.000271182,0.052834,0,0.0380735,0,0.0386488,2,3,2,3.92699,0,0,0,0,0,0,0,0,0,0,1.5708,1.5708,0,1.5708,1.5708,0,0.00624491,-0.0033261,-0.0134448,0,0,0,1.83484,1.20509,0.0580355,-0.0112138,0.00152277,0.0214094,0.00130214,-0.000457181,0.00331706,1.75578,1.20968,0,0,0,0,0,0,0,0,0,0,0,0,2,1.75578,1.20968,0,0.344544,0.487027,3.7308e-15,0,0,0,0,0,0,0,0,0,0,0,0,0.855775,1.20968,0,0,0,0,0,0,0,0,0,0,0,0,2,0.855775,1.20968,0,1,1,0,0,0,0,0,1.1329,0.1348,2.6783,0,0,0,0,0,0,1.04811,0.13433,2.71782,1.36897,0,0,0,0,1,0,0,0,0,0,0,0,0,0,0,0,0,0,0,0,0,0,0,0,0
22.5,0.00166926,-0.000194943,-0.00311842,0.0133615,0.00599371,-0.00258895,2.96819,1.97294,-2.59613,0.00329955,0.00328489,0.0557937,0.00266439,0.000727217,-0.012201,3,2,3.92699,0,0,0,0.00111406,0.0436711,0,0.0456766,0,0.0363531,0,0.0380128,2,3,2,3.92699,0,0,0,0,0,0,0,0,0,0,1.5708,1.5708,0,1.5708,1.5708,0,0.00624491,-0.0033261,-0.0134448,0,0,0,1.83484,1.20509,0.0580355,-0.0112138,0.00152277,0.0214094,0.00130214,-0.000457181,0.00331706,1.75578,1.20968,0,0,0,0,0,0,0,0,0,0,0,0,2,1.75578,1.20968,0,0.344544,0.487027,3.7308e-15,0,0,0,0,0,0,0,0,0,0,0,0,0.855775,1.20968,0,0,0,0,0,0,0,0,0,0,0,0,2,0.855775,1.20968,0,1,1,0,0,0,0,0,1.1329,0.1348,2.6783,0,0,0,0,0,0,1.04752,0.11712,2.70067,1.36897,0,0,0,0,1,0,0,0,0,0,0,0,0,0,0,0,0,0,0,0,0,0,0,0,0
22.55,0.000410865,-0.00151113,-0.00324043,0.00289057,-0.000778292,-0.00312341,2.96855,1.97331,-2.59063,0.00362908,0.00363152,0.0549907,0.00292682,0.00161724,-0.0109584,3,2,3.92699,0,0,0,0.00111406,0.0436711,0,0.0456766,0,0.0363531,0,0.0380128,2,3,2,3.92699,0,0,0,0,0,0,0,0,0,0,1.5708,1.5708,0,1.5708,1.5708,0,0.0075411,-0.00327469,-0.0122901,0,0,0,1.83369,1.20524,0.0598568,-0.0114596,0.00148995,0.0182068,-0.000148413,-0.000308922,-0.00839322,1.75578,1.20968,0,0,0,0,0,0,0,0,0,0,0,0,2,1.75578,1.20968,0,0.344544,0.487027,3.7308e-15,0,0,0,0,0,0,0,0,0,0,0,0,0.855775,1.20968,0,0,0,0,0,0,0,0,0,0,0,0,2,0.855775,1.20968,0,1,1,0,0,0,0,0,1.1329,0.1348,2.6783,0,0,0,0,0,0,1.04752,0.11712,2.70067,1.37034,0,0,0,0,1,0,0,0,0,0,0,0,0,0,0,0,0,0,0,0,0,0,0,0,0
22.6,0.000410865,-0.00151113,-0.00324043,0.00289481,-0.00076238,-0.00312341,2.96855,1.97331,-2.59063,0.00362908,0.00363152,0.0549907,0.00292682,0.00161724,-0.0109584,3,2,3.92699,0,0,0,0,0.0397998,0,0.0477933,2.78027e-06,0.0420142,0,0.0377679,2,3,2,3.92699,0,0,0,0,0,0,0,0,0,0,1.5708,1.5708,0,1.5708,1.5708,0,0.0075411,-0.00327469,-0.0122901,0,0,0,1.83369,1.20524,0.0598568,-0.0114596,0.00148995,0.0182068,-0.000148413,-0.000308922,-0.00839322,1.75578,1.20968,0,0,0,0,0,0,0,0,0,0,0,0,2,1.75578,1.20968,0,0.344544,0.487027,3.7308e-15,0,0,0,0,0,0,0,0,0,0,0,0,0.855775,1.20968,0,0,0,0,0,0,0,0,0,0,0,0,2,0.855775,1.20968,0,1,1,0,0,0,0,0,1.1472,0.1298,2.6816,0,0,0,0,0,0,1.04752,0.11712,2.70067,1.37034,0,0,0,0,1,0,0,0,0,0,0,0,0,0,0,0,0,0,0,0,0,0,0,0,0
22.65,-0.00035063,-0.000796526,-0.00348021,0.00289481,-0.00076238,-0.00312341,2.96893,1.97364,-2.58518,0.00380926,0.0033795,0.0544882,0.00250676,7.84443e-05,-0.00851311,3,2,3.92699,0,0,0,0,0.0397998,0,0.0477933,2.78027e-06,0.0420142,0,0.0377679,2,3,2,3.92699,0,0,0,0,0,0,0,0,0,0,1.5708,1.5708,0,1.5708,1.5708,0,0.00650046,-0.00184823,-0.0131427,0,0,0,1.83259,1.20535,0.0618468,-0.0110224,0.00105731,0.0199032,0.00148044,-0.0018966,0.000122483,1.75578,1.20968,0,0,0,0,0,0,0,0,0,0,0,0,2,1.75578,1.20968,0,0.344544,0.487027,3.7308e-15,0,0,0,0,0,0,0,0,0,0,0,0,0.855775,1.20968,0,0,0,0,0,0,0,0,0,0,0,0,2,0.855775,1.20968,0,1,1,0,0,0,0,0,1.1472,0.1298,2.6816,0,0,0,0,0,0,1.04752,0.11712,2.70067,1.3717,0,0,0,0,1,0,0,0,0,0,0,0,0,0,0,0,0,0,0,0,0,0,0,0,0
22.7,-0.00035063,-0.000796526,-0.00348021,0.00289892,-0.000746598,-0.00312341,2.96893,1.97364,-2.58518,0.00380926,0.0033795,0.0544882,0.00250676,7.84443e-05,-0.00851311,3,2,3.92699,0,0,0,0,0.0423469,0,0.0490608,9.58772e-05,0.0469019,0.000489425,0.0442757,2,3,2,3.92699,0,0,0,0,0,0,0,0,0,0,1.5708,1.5708,0,1.5708,1.5708,0,0.00650046,-0.00184823,-0.0131427,0,0,0,1.83259,1.20535,0.0618468,-0.0110224,0.00105731,0.0199032,0.00148044,-0.0018966,0.000122483,1.75578,1.20968,0,0,0,0,0,0,0,0,0,0,0,0,2,1.75578,1.20968,0,0.344544,0.487027,3.7308e-15,0,0,0,0,0,0,0,0,0,0,0,0,0.855775,1.20968,0,0,0,0,0,0,0,0,0,0,0,0,2,0.855775,1.20968,0,1,1,0,0,0,0,0,1.1472,0.1298,2.6816,0,0,0,0,0,0,1.00515,0.08909,2.85183,1.3717,0,0,0,0,1,0,0,0,0,0,0,0,0,0,0,0,0,0,0,0,0,0,0,0,0
22.75,-0.00129809,-7.91e-05,-0.00345363,0.00289892,-0.000746598,-0.00312341,2.96934,1.97396,-2.57985,0.00404178,0.00312963,0.0533531,0.00237944,-0.00115763,-0.00928727,3,2,3.92699,0,0,0,0,0.0423469,0,0.0490608,9.58772e-05,0.0469019,0.000489425,0.0442757,2,3,2,3.92699,0,0,0,0,0,0,0,0,0,0,1.5708,1.5708,0,1.5708,1.5708,0,0.00671423,-0.00359876,-0.0104634,0,0,0,1.83149,1.2055,0.0631521,-0.0109555,0.00155444,0.0130569,0.00137075,0.000633229,-0.0261186,1.75578,1.20968,0,0,0,0,0,0,0,0,0,0,0,0,2,1.75578,1.20968,0,0.344544,0.487027,3.7308e-15,0,0,0,0,0,0,0,0,0,0,0,0,0.855775,1.20968,0,0,0,0,0,0,0,0,0,0,0,0,2,0.855775,1.20968,0,1,1,0,0,0,0,0,1.1472,0.1298,2.6816,0,0,0,0,0,0,1.00515,0.08909,2.85183,1.37303,0,0,0,0,1,0,0,0,0,0,0,0,0,0,0,0,0,0,0,0,0,0,0,0,0
22.8,-0.00129809,-7.91e-05,-0.00345363,-0.00187348,-0.000690905,-0.00344606,2.96934,1.97396,-2.57985,0.00404178,0.00312963,0.0533531,0.00237944,-0.00115763,-0.00928727,3,2,3.92699,0,0,0,0,0.0409724,0,0.0457338,0.000529392,0.0478878,0.00162685,0.0471964,2,3,2,3.92699,0,0,0,0,0,0,0,0,0,0,1.5708,1.5708,0,1.5708,1.5708,0,0.00671423,-0.00359876,-0.0104634,0,0,0,1.83149,1.2055,0.0631521,-0.0109555,0.00155444,0.0130569,0.00137075,0.000633229,-0.0261186,1.75578,1.20968,0,0,0,0,0,0,0,0,0,0,0,0,2,1.75578,1.20968,0,0.344544,0.487027,3.7308e-15,0,0,0,0,0,0,0,0,0,0,0,0,0.855775,1.20968,0,0,0,0,0,0,0,0,0,0,0,0,2,0.855775,1.20968,0,1,1,0,0,0,0,0,1.1738,0.1374,2.6968,0,0,0,0,0,0,1.00515,0.08909,2.85183,1.37303,0,0,0,0,1,0,0,0,0,0,0,0,0,0,0,0,0,0,0,0,0,0,0,0,0
22.85,-0.000789063,-0.00191086,-0.0039294,-0.00187348,-0.000690905,-0.00344606,2.96972,1.97432,-2.57451,0.0038451,0.00362905,0.0534519,0.000628296,0.00113507,-0.00525284,3,2,3.92699,0,0,0,0,0.0409724,0,0.0457338,0.000529392,0.0478878,0.00162685,0.0471964,2,3,2,3.92699,0,0,0,0,0,0,0,0,0,0,1.5708,1.5708,0,1.5708,1.5708,0,0.00495759,-0.00116418,-0.012705,0,0,0,1.83046,1.20559,0.0649722,-0.0103159,0.000827613,0.018201,0.00335725,-0.00218049,0.00132661,1.75578,1.20968,0,0,0,0,0,0,0,0,0,0,0,0,2,1.75578,1.20968,0,0.344544,0.487027,3.7308e-15,0,0,0,0,0,0,0,0,0,0,0,0,0.855775,1.20968,0,0,0,0,0,0,0,0,0,0,0,0,2,0.855775,1.20968,0,1,1,0,0,0,0,0,1.1738,0.1374,2.6968,0,0,0,0,0,0,1.00515,0.08909,2.85183,1.37436,0,0,0,0,1,0,0,0,0,0,0,0,0,0,0,0,0,0,0,0,0,0,0,0,0
22.9,-0.000789063,-0.00191086,-0.0039294,-0.00186976,-0.00070091,-0.00344606,2.96972,1.97432,-2.57451,0.0038451,0.00362905,0.0534519,0.000628296,0.00113507,-0.00525284,3,2,3.92699,0,0,0,0,0.0452033,0,0.0570171,0.00101351,0.0552705,0,0.0480585,2,3,2,3.92699,0,0,0,0,0,0,0,0,0,0,1.5708,1.5708,0,1.5708,1.5708,0,0.00495759,-0.00116418,-0.012705,0,0,0,1.83046,1.20559,0.0649722,-0.0103159,0.000827613,0.018201,0.00335725,-0.00218049,0.00132661,1.75578,1.20968,0,0,0,0,0,0,0,0,0,0,0,0,2,1.75578,1.20968,0,0.344544,0.487027,3.7308e-15,0,0,0,0,0,0,0,0,0,0,0,0,0.855775,1.20968,0,0,0,0,0,0,0,0,0,0,0,0,2,0.855775,1.20968,0,1,1,0,0,0,0,0,1.1738,0.1374,2.6968,0,0,0,0,0,0,1.01978,0.07403,2.88288,1.37436,0,0,0,0,1,0,0,0,0,0,0,0,0,0,0,0,0,0,0,0,0,0,0,0,0
22.95,-0.00103586,0.000515251,-0.0035294,-0.00186976,-0.00070091,-0.00344606,2.97011,1.97461,-2.56936,0.00387204,0.00287595,0.051436,0.000245929,-0.00201895,-0.0106888,3,2,3.92699,0,0,0,0,0.0452033,0,0.0570171,0.00101351,0.0552705,0,0.0480585,2,3,2,3.92699,0,0,0,0,0,0,0,0,0,0,1.5708,1.5708,0,1.5708,1.5708,0,0.00756292,-0.00281223,-0.0108849,0,0,0,1.82937,1.20572,0.0663181,-0.0109533,0.0012976,0.0134583,-0.000257107,0.000187281,-0.014447,1.75578,1.20968,0,0,0,0,0,0,0,0,0,0,0,0,2,1.75578,1.20968,0,0.344544,0.487027,3.7308e-15,0,0,0,0,0,0,0,0,0,0,0,0,0.855775,1.20968,0,0,0,0,0,0,0,0,0,0,0,0,2,0.855775,1.20968,0,1,1,0,0,0,0,0,1.1738,0.1374,2.6968,0,0,0,0,0,0,1.01978,0.07403,2.88288,1.37568,0,0,0,0,1,0,0,0,0,0,0,0,0,0,0,0,0,0,0,0,0,0,0,0,0
23,-0.00103586,0.000515251,-0.0035294,-0.00186613,-0.000710518,-0.00344606,2.97011,1.97461,-2.56936,0.00387204,0.00287595,0.051436,0.000245929,-0.00201895,-0.0106888,3,2,3.92699,0,0,0,0,0.0435655,0,0.0458354,0,0.0474188,0.00203011,0.0493161,2,3,2,3.92699,0,0,0,0,0,0,0,0,0,0,1.5708,1.5708,0,1.5708,1.5708,0,0.00756292,-0.00281223,-0.0108849,0,0,0,1.82937,1.20572,0.0663181,-0.0109533,0.0012976,0.0134583,-0.000257107,0.000187281,-0.014447,1.75578,1.20968,0,0,0,0,0,0,0,0,0,0,0,0,2,1.75578,1.20968,0,0.344544,0.487027,3.7308e-15,0,0,0,0,0,0,0,0,0,0,0,0,0.855775,1.20968,0,0,0,0,0,0,0,0,0,0,0,0,2,0.855775,1.20968,0,1,1,0,0,0,0,0,1.1235,0.069,2.6357,0,0,0,0,0,0,1.01978,0.07403,2.88288,1.37568,0,0,0,0,1,0,0,0,0,0,0,0,0,0,0,0,0,0,0,0,0,0,0,0,0
23.05,-0.00165331,-0.000434368,-0.00388989,-0.00144759,0.000237198,-0.00351509,2.97051,1.97492,-2.56423,0.00400716,0.00312007,0.051294,0.000638038,-0.000661735,-0.00769098,3,2,3.92699,0,0,0,0,0.0435655,0,0.0458354,0,0.0474188,0.00203011,0.0493161,2,3,2,3.92699,0,0,0,0,0,0,0,0,0,0,1.5708,1.5708,0,1.5708,1.5708,0,0.0053605,-0.0019446,-0.0117548,0,0,0,1.82835,1.20582,0.0678477,-0.0101838,0.00102985,0.0152896,0.00242503,-0.000636333,-0.00348211,1.75578,1.20968,0,0,0,0,0,0,0,0,0,0,0,0,2,1.75578,1.20968,0,0.344544,0.487027,3.7308e-15,0,0,0,0,0,0,0,0,0,0,0,0,0.855775,1.20968,0,0,0,0,0,0,0,0,0,0,0,0,2,0.855775,1.20968,0,1,1,0,0,0,0,0,1.1235,0.069,2.6357,0,0,0,0,0,0,1.01978,0.07403,2.88288,1.37697,0,0,0,0,1,0,0,0,0,0,0,0,0,0,0,0,0,0,0,0,0,0,0,0,0
23.1,-0.00165331,-0.000434368,-0.00388989,-0.00144879,0.000229766,-0.00351509,2.97051,1.97492,-2.56423,0.00400716,0.00312007,0.051294,0.000638038,-0.000661735,-0.00769098,3,2,3.92699,0,0,0,0,0.0452261,0,0.051952,0.000863035,0.0553729,0.00166872,0.0532545,2,3,2,3.92699,0,0,0,0,0,0,0,0,0,0,1.5708,1.5708,0,1.5708,1.5708,0,0.0053605,-0.0019446,-0.0117548,0,0,0,1.82835,1.20582,0.0678477,-0.0101838,0.00102985,0.0152896,0.00242503,-0.000636333,-0.00348211,1.75578,1.20968,0,0,0,0,0,0,0,0,0,0,0,0,2,1.75578,1.20968,0,0.344544,0.487027,3.7308e-15,0,0,0,0,0,0,0,0,0,0,0,0,0.855775,1.20968,0,0,0,0,0,0,0,0,0,0,0,0,2,0.855775,1.20968,0,1,1,0,0,0,0,0,1.1235,0.069,2.6357,0,0,0,0,0,0,1.12577,0.08702,2.59678,1.37697,0,0,0,0,1,0,0,0,0,0,0,0,0,0,0,0,0,0,0,0,0,0,0,0,0
23.15,-0.000676574,-0.000845693,-0.00350188,-0.00144879,0.000229766,-0.00351509,2.97088,1.97524,-2.5593,0.00367399,0.00320375,0.04935,-0.000902464,0.000114791,-0.0120755,3,2,3.92699,0,0,0,0,0.0452261,0,0.051952,0.000863035,0.0553729,0.00166872,0.0532545,2,3,2,3.92699,0,0,0,0,0,0,0,0,0,0,1.5708,1.5708,0,1.5708,1.5708,0,0.00731108,-0.00291691,-0.0105197,0,0,0,1.82728,1.20595,0.0690484,-0.0106323,0.00130079,0.0120137,4.6354e-05,0.000587023,-0.013724,1.75578,1.20968,0,0,0,0,0,0,0,0,0,0,0,0,2,1.75578,1.20968,0,0.344544,0.487027,3.7308e-15,0,0,0,0,0,0,0,0,0,0,0,0,0.855775,1.20968,0,0,0,0,0,0,0,0,0,0,0,0,2,0.855775,1.20968,0,1,1,0,0,0,0,0,1.1235,0.069,2.6357,0,0,0,0,0,0,1.12577,0.08702,2.59678,1.37826,0,0,0,0,1,0,0,0,0,0,0,0,0,0,0,0,0,0,0,0,0,0,0,0,0
23.2,-0.000676574,-0.000845693,-0.00350188,-0.0014499,0.000222618,-0.00351509,2.97088,1.97524,-2.5593,0.00367399,0.00320375,0.04935,-0.000902464,0.000114791,-0.0120755,3,2,3.92699,0,0,0,0,0.0417585,0,0.0489266,0.000410807,0.0480605,0.000655877,0.0450062,2,3,2,3.92699,0,0,0,0,0,0,0,0,0,0,1.5708,1.5708,0,1.5708,1.5708,0,0.00731108,-0.00291691,-0.0105197,0,0,0,1.82728,1.20595,0.0690484,-0.0106323,0.00130079,0.0120137,4.6354e-05,0.000587023,-0.013724,1.75578,1.20968,0,0,0,0,0,0,0,0,0,0,0,0,2,1.75578,1.20968,0,0.344544,0.487027,3.7308e-15,0,0,0,0,0,0,0,0,0,0,0,0,0.855775,1.20968,0,0,0,0,0,0,0,0,0,0,0,0,2,0.855775,1.20968,0,1,1,0,0,0,0,0,1.0529,-0.0191,2.5544,0,0,0,0,0,0,1.12577,0.08702,2.59678,1.37826,0,0,0,0,1,0,0,0,0,0,0,0,0,0,0,0,0,0,0,0,0,0,0,0,0
23.25,-0.00186674,0.00272631,-0.00349228,-0.0014499,0.000222618,-0.00351509,2.97127,1.97545,-2.55446,0.00397914,0.00212017,0.0483565,0.000477285,-0.00414864,-0.0117031,3,2,3.92699,0,0,0,0,0.0417585,0,0.0489266,0.000410807,0.0480605,0.000655877,0.0450062,2,3,2,3.92699,0,0,0,0,0,0,0,0,0,0,1.5708,1.5708,0,1.5708,1.5708,0,0.00589924,-0.00371281,-0.0108954,0,0,0,1.82628,1.2061,0.0703167,-0.0100968,0.0015172,0.0126828,0.00182236,0.00138557,-0.00692571,1.75578,1.20968,0,0,0,0,0,0,0,0,0,0,0,0,2,1.75578,1.20968,0,0.344544,0.487027,3.7308e-15,0,0,0,0,0,0,0,0,0,0,0,0,0.855775,1.20968,0,0,0,0,0,0,0,0,0,0,0,0,2,0.855775,1.20968,0,1,1,0,0,0,0,0,1.0529,-0.0191,2.5544,0,0,0,0,0,0,1.12577,0.08702,2.59678,1.37946,0,0,0,0,1,0,0,0,0,0,0,0,0,0,0,0,0,0,0,0,0,0,0,0,0
23.3,-0.00186674,0.00272631,-0.00349228,-0.00283694,0.00404056,-0.00346326,2.97127,1.97545,-2.55446,0.00397914,0.00212017,0.0483565,0.000477285,-0.00414864,-0.0117031,3,2,3.92699,0,0,0,0,0.045461,0,0.0390363,0,0.0458981,0.00467016,0.0565071,2,3,2,3.92699,0,0,0,0,0,0,0,0,0,0,1.5708,1.5708,0,1.5708,1.5708,0,0.00589924,-0.00371281,-0.0108954,0,0,0,1.82628,1.2061,0.0703167,-0.0100968,0.0015172,0.0126828,0.00182236,0.00138557,-0.00692571,1.75578,1.20968,0,0,0,0,0,0,0,0,0,0,0,0,2,1.75578,1.20968,0,0.344544,0.487027,3.7308e-15,0,0,0,0,0,0,0,0,0,0,0,0,0.855775,1.20968,0,0,0,0,0,0,0,0,0,0,0,0,2,0.855775,1.20968,0,1,1,0,0,0,0,0,1.0529,-0.0191,2.5544,0,0,0,0,0,0,1.00175,0.06204,2.75479,1.37946,0,0,0,0,1,0,0,0,0,0,0,0,0,0,0,0,0,0,0,0,0,0,0,0,0
23.35,-0.00161523,0.000519424,-0.00348199,-0.00283694,0.00404056,-0.00346326,2.97166,1.97573,-2.54973,0.00385861,0.00274133,0.0473813,-1.37634e-05,-0.000590171,-0.0109442,3,2,3.92699,0,0,0,0,0.045461,0,0.0390363,0,0.0458981,0.00467016,0.0565071,2,3,2,3.92699,0,0,0,0,0,0,0,0,0,0,1.5708,1.5708,0,1.5708,1.5708,0,0.00435174,-0.00160278,-0.0102571,0,0,0,1.82532,1.20619,0.071406,-0.00952808,0.000885282,0.0108957,0.00362167,-0.00158677,-0.010397,1.75578,1.20968,0,0,0,0,0,0,0,0,0,0,0,0,2,1.75578,1.20968,0,0.344544,0.487027,3.7308e-15,0,0,0,0,0,0,0,0,0,0,0,0,0.855775,1.20968,0,0,0,0,0,0,0,0,0,0,0,0,2,0.855775,1.20968,0,1,1,0,0,0,0,0,1.0529,-0.0191,2.5544,0,0,0,0,0,0,1.00175,0.06204,2.75479,1.38068,0,0,0,0,1,0,0,0,0,0,0,0,0,0,0,0,0,0,0,0,0,0,0,0,0
23.4,-0.00161523,0.000519424,-0.00348199,-0.00285604,0.00402708,-0.00346326,2.97166,1.97573,-2.54973,0.00385861,0.00274133,0.0473813,-1.37634e-05,-0.000590171,-0.0109442,3,2,3.92699,0,0,0,0,0.0417991,0,0.0442096,0.000317174,0.0485614,0.00245036,0.0502896,2,3,2,3.92699,0,0,0,0,0,0,0,0,0,0,1.5708,1.5708,0,1.5708,1.5708,0,0.00435174,-0.00160278,-0.0102571,0,0,0,1.82532,1.20619,0.071406,-0.00952808,0.000885282,0.0108957,0.00362167,-0.00158677,-0.010397,1.75578,1.20968,0,0,0,0,0,0,0,0,0,0,0,0,2,1.75578,1.20968,0,0.344544,0.487027,3.7308e-15,0,0,0,0,0,0,0,0,0,0,0,0,0.855775,1.20968,0,0,0,0,0,0,0,0,0,0,0,0,2,0.855775,1.20968,0,1,1,0,0,0,0,0,1.1299,0.0412,2.6211,0,0,0,0,0,0,1.00175,0.06204,2.75479,1.38068,0,0,0,0,1,0,0,0,0,0,0,0,0,0,0,0,0,0,0,0,0,0,0,0,0
23.45,-0.00195217,0.000798211,-0.0035668,-0.00285604,0.00402708,-0.00346326,2.97205,1.97599,-2.54506,0.00391179,0.0026274,0.0466545,0.000140582,-0.000326023,-0.00933856,3,2,3.92699,0,0,0,0,0.0417991,0,0.0442096,0.000317174,0.0485614,0.00245036,0.0502896,2,3,2,3.92699,0,0,0,0,0,0,0,0,0,0,1.5708,1.5708,0,1.5708,1.5708,0,0.00492792,-0.00277895,-0.0106032,0,0,0,1.82436,1.20631,0.0725573,-0.00958415,0.00121725,0.0115156,0.00218737,-2.80384e-05,-0.00422824,1.75578,1.20968,0,0,0,0,0,0,0,0,0,0,0,0,2,1.75578,1.20968,0,0.344544,0.487027,3.7308e-15,0,0,0,0,0,0,0,0,0,0,0,0,0.855775,1.20968,0,0,0,0,0,0,0,0,0,0,0,0,2,0.855775,1.20968,0,1,1,0,0,0,0,0,1.1299,0.0412,2.6211,0,0,0,0,0,0,1.00175,0.06204,2.75479,1.38188,0,0,0,0,1,0,0,0,0,0,0,0,0,0,0,0,0,0,0,0,0,0,0,0,0
23.5,-0.00195217,0.000798211,-0.0035668,-0.0028748,0.00401371,-0.00346326,2.97205,1.97599,-2.54506,0.00391179,0.0026274,0.0466545,0.000140582,-0.000326023,-0.00933856,3,2,3.92699,0,0,0,0,0.0426115,0,0.0442111,0.000423814,0.0500627,0.0029503,0.0527077,2,3,2,3.92699,0,0,0,0,0,0,0,0,0,0,1.5708,1.5708,0,1.5708,1.5708,0,0.00492792,-0.00277895,-0.0106032,0,0,0,1.82436,1.20631,0.0725573,-0.00958415,0.00121725,0.0115156,0.00218737,-2.80384e-05,-0.00422824,1.75578,1.20968,0,0,0,0,0,0,0,0,0,0,0,0,2,1.75578,1.20968,0,0.344544,0.487027,3.7308e-15,0,0,0,0,0,0,0,0,0,0,0,0,0.855775,1.20968,0,0,0,0,0,0,0,0,0,0,0,0,2,0.855775,1.20968,0,1,1,0,0,0,0,0,1.1299,0.0412,2.6211,0,0,0,0,0,0,0,-0,0,1.38188,0,0,0,0,0,0,0,0,0,0,0,0,0,0,0,0,0,0,0,0,0,0,0,0,0
23.55,-0.00179107,0.00253651,-0.00377458,-0.00308986,0.000803216,-0.00356369,2.97243,1.9762,-2.54044,0.00381852,0.00208749,0.0462385,-0.000267429,-0.00231737,-0.00705325,3,2,3.92699,0,0,0,0,0.0426115,0,0.0442111,0.000423814,0.0500627,0.0029503,0.0527077,2,3,2,3.92699,0,0,0,0,0,0,0,0,0,0,1.5708,1.5708,0,1.5708,1.5708,0,0.00547738,-0.00291551,-0.0096317,0,0,0,1.8234,1.20644,0.0734522,-0.00963177,0.00124273,0.00894869,0.000929166,0.000296027,-0.0119605,1.75578,1.20968,0,0,0,0,0,0,0,0,0,0,0,0,2,1.75578,1.20968,0,0.344544,0.487027,3.7308e-15,0,0,0,0,0,0,0,0,0,0,0,0,0.855775,1.20968,0,0,0,0,0,0,0,0,0,0,0,0,2,0.855775,1.20968,0,1,1,0,0,0,0,0,1.1299,0.0412,2.6211,0,0,0,0,0,0,0,-0,0,1.38304,0,0,0,0,0,0,0,0,0,0,0,0,0,0,0,0,0,0,0,0,0,0,0,0,0
23.6,-0.00179107,0.00253651,-0.00377458,-0.00309354,0.000788921,-0.00356369,2.97243,1.9762,-2.54044,0.00381852,0.00208749,0.0462385,-0.000267429,-0.00231737,-0.00705325,3,2,3.92699,0,0,0,0,0.0490797,0,0.0434632,0,0.0495191,0.00452422,0.0596516,2,3,2,3.92699,0,0,0,0,0,0,0,0,0,0,1.5708,1.5708,0,1.5708,1.5708,0,0.00547738,-0.00291551,-0.0096317,0,0,0,1.8234,1.20644,0.0734522,-0.00963177,0.00124273,0.00894869,0.000929166,0.000296027,-0.0119605,1.75578,1.20968,0,0,0,0,0,0,0,0,0,0,0,0,2,1.75578,1.20968,0,0.344544,0.487027,3.7308e-15,0,0,0,0,0,0,0,0,0,0,0,0,0.855775,1.20968,0,0,0,0,0,0,0,0,0,0,0,0,2,0.855775,1.20968,0,1,1,0,0,0,0,0,1.072,-0.0328,2.5532,0,0,0,0,0,0,0,-0,0,1.38304,0,0,0,0,0,0,0,0,0,0,0,0,0,0,0,0,0,0,0,0,0,0,0,0,0
23.65,-0.00222489,0.00245014,-0.00359911,-0.00309354,0.000788921,-0.00356369,2.97282,1.97641,-2.53595,0.00390052,0.00208817,0.0449059,0.000112547,-0.00165785,-0.00924195,3,2,3.92699,0,0,0,0,0.0490797,0,0.0434632,0,0.0495191,0.00452422,0.0596516,2,3,2,3.92699,0,0,0,0,0,0,0,0,0,0,1.5708,1.5708,0,1.5708,1.5708,0,0.0070433,-0.00355987,-0.00941727,0,0,0,1.8224,1.20658,0.074278,-0.00997465,0.00141571,0.00825622,-0.000984303,0.00091304,-0.0109933,1.75578,1.20968,0,0,0,0,0,0,0,0,0,0,0,0,2,1.75578,1.20968,0,0.344544,0.487027,3.7308e-15,0,0,0,0,0,0,0,0,0,0,0,0,0.855775,1.20968,0,0,0,0,0,0,0,0,0,0,0,0,2,0.855775,1.20968,0,1,1,0,0,0,0,0,1.072,-0.0328,2.5532,0,0,0,0,0,0,0,-0,0,1.38423,0,0,0,0,0,0,0,0,0,0,0,0,0,0,0,0,0,0,0,0,0,0,0,0,0
23.7,-0.00222489,0.00245014,-0.00359911,-0.00309706,0.000775018,-0.00356369,2.97282,1.97641,-2.53595,0.00390052,0.00208817,0.0449059,0.000112547,-0.00165785,-0.00924195,3,2,3.92699,0,0,0,0,0.0455235,0,0.0405442,0,0.0485457,0.00467323,0.0578335,2,3,2,3.92699,0,0,0,0,0,0,0,0,0,0,1.5708,1.5708,0,1.5708,1.5708,0,0.0070433,-0.00355987,-0.00941727,0,0,0,1.8224,1.20658,0.074278,-0.00997465,0.00141571,0.00825622,-0.000984303,0.00091304,-0.0109933,1.75578,1.20968,0,0,0,0,0,0,0,0,0,0,0,0,2,1.75578,1.20968,0,0.344544,0.487027,3.7308e-15,0,0,0,0,0,0,0,0,0,0,0,0,0.855775,1.20968,0,0,0,0,0,0,0,0,0,0,0,0,2,0.855775,1.20968,0,1,1,0,0,0,0,0,1.072,-0.0328,2.5532,0,0,0,0,0,0,0,-0,0,1.38423,0,0,0,0,0,0,0,0,0,0,0,0,0,0,0,0,0,0,0,0,0,0,0,0,0
23.75,-0.0016144,0.00119791,-0.00369584,-0.00309706,0.000775018,-0.00356369,2.97319,1.97665,-2.53152,0.00367583,0.0024302,0.0442568,-0.000783461,0.000457806,-0.00849382,3,2,3.92699,0,0,0,0,0.0455235,0,0.0405442,0,0.0485457,0.00467323,0.0578335,2,3,2,3.92699,0,0,0,0,0,0,0,0,0,0,1.5708,1.5708,0,1.5708,1.5708,0,0.00337118,-0.000212976,-0.00939425,0,0,0,1.82152,1.20662,0.0750815,-0.008789,0.000424979,0.0080386,0.00389918,-0.00332839,-0.00734977,1.75578,1.20968,0,0,0,0,0,0,0,0,0,0,0,0,2,1.75578,1.20968,0,0.344544,0.487027,3.7308e-15,0,0,0,0,0,0,0,0,0,0,0,0,0.855775,1.20968,0,0,0,0,0,0,0,0,0,0,0,0,2,0.855775,1.20968,0,1,1,0,0,0,0,0,1.072,-0.0328,2.5532,0,0,0,0,0,0,0,-0,0,1.38538,0,0,0,0,0,0,0,0,0,0,0,0,0,0,0,0,0,0,0,0,0,0,0,0,0
23.8,-0.0016144,0.00119791,-0.00369584,-0.00251233,0.00144945,-0.00368911,2.97319,1.97665,-2.53152,0.00367583,0.0024302,0.0442568,-0.000783461,0.000457806,-0.00849382,3,2,3.92699,0,0,0,0,0.0458841,0,0.0456098,0,0.0502335,0.0031561,0.0549101,2,3,2,3.92699,0,0,0,0,0,0,0,0,0,0,1.5708,1.5708,0,1.5708,1.5708,0,0.00337118,-0.000212976,-0.00939425,0,0,0,1.82152,1.20662,0.0750815,-0.008789,0.000424979,0.0080386,0.00389918,-0.00332839,-0.00734977,1.75578,1.20968,0,0,0,0,0,0,0,0,0,0,0,0,2,1.75578,1.20968,0,0.344544,0.487027,3.7308e-15,0,0,0,0,0,0,0,0,0,0,0,0,0.855775,1.20968,0,0,0,0,0,0,0,0,0,0,0,0,2,0.855775,1.20968,0,1,1,0,0,0,0,0,1.1353,0.0152,2.6066,0,0,0,0,0,0,0,-0,0,1.38538,0,0,0,0,0,0,0,0,0,0,0,0,0,0,0,0,0,0,0,0,0,0,0,0,0
23.85,-0.00248793,0.00277277,-0.0038323,-0.00251233,0.00144945,-0.00368911,2.97358,1.97684,-2.52715,0.00388824,0.00194046,0.0437157,0.000263511,-0.00139164,-0.00708436,3,2,3.92699,0,0,0,0,0.0458841,0,0.0456098,0,0.0502335,0.0031561,0.0549101,2,3,2,3.92699,0,0,0,0,0,0,0,0,0,0,1.5708,1.5708,0,1.5708,1.5708,0,0.00590276,-0.00348713,-0.00859433,0,0,0,1.82058,1.20676,0.075677,-0.00942283,0.00137297,0.0059534,0.000454012,0.00121656,-0.0122383,1.75578,1.20968,0,0,0,0,0,0,0,0,0,0,0,0,2,1.75578,1.20968,0,0.344544,0.487027,3.7308e-15,0,0,0,0,0,0,0,0,0,0,0,0,0.855775,1.20968,0,0,0,0,0,0,0,0,0,0,0,0,2,0.855775,1.20968,0,1,1,0,0,0,0,0,1.1353,0.0152,2.6066,0,0,0,0,0,0,0,-0,0,1.38652,0,0,0,0,0,0,0,0,0,0,0,0,0,0,0,0,0,0,0,0,0,0,0,0,0
23.9,-0.00248793,0.00277277,-0.0038323,-0.00251864,0.00143845,-0.00368911,2.97358,1.97684,-2.52715,0.00388824,0.00194046,0.0437157,0.000263511,-0.00139164,-0.00708436,3,2,3.92699,0,0,0,0,0.0485997,0,0.04261,0,0.0516322,0.00520783,0.0622126,2,3,2,3.92699,0,0,0,0,0,0,0,0,0,0,1.5708,1.5708,0,1.5708,1.5708,0,0.00590276,-0.00348713,-0.00859433,0,0,0,1.82058,1.20676,0.075677,-0.00942283,0.00137297,0.0059534,0.000454012,0.00121656,-0.0122383,1.75578,1.20968,0,0,0,0,0,0,0,0,0,0,0,0,2,1.75578,1.20968,0,0.344544,0.487027,3.7308e-15,0,0,0,0,0,0,0,0,0,0,0,0,0.855775,1.20968,0,0,0,0,0,0,0,0,0,0,0,0,2,0.855775,1.20968,0,1,1,0,0,0,0,0,1.1353,0.0152,2.6066,0,0,0,0,0,0,0,-0,0,1.38652,0,0,0,0,0,0,0,0,0,0,0,0,0,0,0,0,0,0,0,0,0,0,0,0,0
23.95,-0.00230769,0.00134517,-0.00321311,-0.00251864,0.00143845,-0.00368911,2.97396,1.97708,-2.52301,0.00378965,0.00233557,0.0413625,-9.94058e-05,0.000489903,-0.013527,3,2,3.92699,0,0,0,0,0.0485997,0,0.04261,0,0.0516322,0.00520783,0.0622126,2,3,2,3.92699,0,0,0,0,0,0,0,0,0,0,1.5708,1.5708,0,1.5708,1.5708,0,0.00329134,5.89606e-05,-0.00848427,0,0,0,1.81973,1.20679,0.076234,-0.00855234,0.000324757,0.00557128,0.00329747,-0.00284426,-0.00954593,1.75578,1.20968,0,0,0,0,0,0,0,0,0,0,0,0,2,1.75578,1.20968,0,0.344544,0.487027,3.7308e-15,0,0,0,0,0,0,0,0,0,0,0,0,0.855775,1.20968,0,0,0,0,0,0,0,0,0,0,0,0,2,0.855775,1.20968,0,1,1,0,0,0,0,0,1.1353,0.0152,2.6066,0,0,0,0,0,0,0,-0,0,1.38766,0,0,0,0,0,0,0,0,0,0,0,0,0,0,0,0,0,0,0,0,0,0,0,0,0
24,-0.00230769,0.00134517,-0.00321311,-0.00252457,0.00142802,-0.00368911,2.97396,1.97708,-2.52301,0.00378965,0.00233557,0.0413625,-9.94058e-05,0.000489903,-0.013527,3,2,3.92699,0,0,0,0,0.0383725,0,0.0375026,0.00043178,0.0453726,0.00361359,0.0500782,2,3,2,3.92699,0,0,0,0,0,0,0,0,0,0,1.5708,1.5708,0,1.5708,1.5708,0,0.00329134,5.89606e-05,-0.00848427,0,0,0,1.81973,1.20679,0.076234,-0.00855234,0.000324757,0.00557128,0.00329747,-0.00284426,-0.00954593,1.75578,1.20968,0,0,0,0,0,0,0,0,0,0,0,0,2,1.75578,1.20968,0,0.344544,0.487027,3.7308e-15,0,0,0,0,0,0,0,0,0,0,0,0,0.855775,1.20968,0,0,0,0,0,0,0,0,0,0,0,0,2,0.855775,1.20968,0,1,1,0,0,0,0,0,1.1378,0.0031,2.5992,0,0,0,0,0,0,0,-0,0,1.38766,0,0,0,0,0,0,0,0,0,0,0,0,0,0,0,0,0,0,0,0,0,0,0,0,0
24.05,-0.00246012,0.000938481,-0.00319615,-0.0036712,0.00174759,-0.0031992,2.97434,1.97732,-2.51896,0.00378962,0.00242711,0.0405085,-0.000106839,0.000915796,-0.0123835,3,2,3.92699,0,0,0,0,0.0383725,0,0.0375026,0.00043178,0.0453726,0.00361359,0.0500782,2,3,2,3.92699,0,0,0,0,0,0,0,0,0,0,1.5708,1.5708,0,1.5708,1.5708,0,0.00412624,-0.00112441,-0.00842719,0,0,0,1.81886,1.20686,0.0767664,-0.00869514,0.000665382,0.00532431,0.0017895,-0.000896035,-0.00635136,1.75578,1.20968,0,0,0,0,0,0,0,0,0,0,0,0,2,1.75578,1.20968,0,0.344544,0.487027,3.7308e-15,0,0,0,0,0,0,0,0,0,0,0,0,0.855775,1.20968,0,0,0,0,0,0,0,0,0,0,0,0,2,0.855775,1.20968,0,1,1,0,0,0,0,0,1.1378,0.0031,2.5992,0,0,0,0,0,0,0,-0,0,1.38879,0,0,0,0,0,0,0,0,0,0,0,0,0,0,0,0,0,0,0,0,0,0,0,0,0
24.1,-0.00246012,0.000938481,-0.00319615,-0.00367824,0.0017327,-0.0031992,2.97434,1.97732,-2.51896,0.00378962,0.00242711,0.0405085,-0.000106839,0.000915796,-0.0123835,3,2,3.92699,0,0,0,0,0.0370828,0,0.0378949,0.000831047,0.0461107,0.00334118,0.049109,2,3,2,3.92699,0,0,0,0,0,0,0,0,0,0,1.5708,1.5708,0,1.5708,1.5708,0,0.00412624,-0.00112441,-0.00842719,0,0,0,1.81886,1.20686,0.0767664,-0.00869514,0.000665382,0.00532431,0.0017895,-0.000896035,-0.00635136,1.75578,1.20968,0,0,0,0,0,0,0,0,0,0,0,0,2,1.75578,1.20968,0,0.344544,0.487027,3.7308e-15,0,0,0,0,0,0,0,0,0,0,0,0,0.855775,1.20968,0,0,0,0,0,0,0,0,0,0,0,0,2,0.855775,1.20968,0,1,1,0,0,0,0,0,1.1378,0.0031,2.5992,0,0,0,0,0,0,0,-0,0,1.38879,0,0,0,0,0,0,0,0,0,0,0,0,0,0,0,0,0,0,0,0,0,0,0,0,0
24.2,-0.00247646,0.000679981,-0.0032667,-0.00367824,0.0017327,-0.0031992,2.97471,1.97757,-2.51497,0.00374973,0.00247419,0.0398822,-0.000223462,0.000796334,-0.00977198,3,2,3.92699,0,0,0,0,0.0370828,0,0.0378949,0.000831047,0.0461107,0.00334118,0.049109,2,3,2,3.92699,0,0,0,0,0,0,0,0,0,0,1.5708,1.5708,0,1.5708,1.5708,0,0.003782,-0.00165394,-0.00757984,0,0,0,1.81801,1.20694,0.0770842,-0.00849305,0.00081171,0.00317819,0.00167537,0.000310601,-0.0119551,1.75578,1.20968,0,0,0,0,0,0,0,0,0,0,0,0,2,1.75578,1.20968,0,0.344544,0.487027,3.7308e-15,0,0,0,0,0,0,0,0,0,0,0,0,0.855775,1.20968,0,0,0,0,0,0,0,0,0,0,0,0,2,0.855775,1.20968,0,1,1,0,0,0,0,0,1.1378,0.0031,2.5992,0,0,0,0,0,0,0,-0,0,1.3899,0,0,0,0,0,0,0,0,0,0,0,0,0,0,0,0,0,0,0,0,0,0,0,0,0
24.25,-0.00247646,0.000679981,-0.0032667,-0.00368512,0.00171802,-0.0031992,2.97471,1.97757,-2.51497,0.00374973,0.00247419,0.0398822,-0.000223462,0.000796334,-0.00977198,3,2,3.92699,0,0,0,0,0.0374981,0,0.0393853,0.00098989,0.047442,0.00314201,0.0494452,2,3,2,3.92699,0,0,0,0,0,0,0,0,0,0,1.5708,1.5708,0,1.5708,1.5708,0,0.003782,-0.00165394,-0.00757984,0,0,0,1.81801,1.20694,0.0770842,-0.00849305,0.00081171,0.00317819,0.00167537,0.000310601,-0.0119551,1.75578,1.20968,0,0,0,0,0,0,0,0,0,0,0,0,2,1.75578,1.20968,0,0.344544,0.487027,3.7308e-15,0,0,0,0,0,0,0,0,0,0,0,0,0.855775,1.20968,0,0,0,0,0,0,0,0,0,0,0,0,2,0.855775,1.20968,0,1,1,0,0,0,0,0,1.1402,-0.0083,2.5921,0,0,0,0,0,0,0,-0,0,1.3899,0,0,0,0,0,0,0,0,0,0,0,0,0,0,0,0,0,0,0,0,0,0,0,0,0
24.3,-0.00169497,-0.000663167,-0.00291374,-0.00394198,0.000654717,-0.00326077,2.97506,1.97785,-2.51115,0.00347674,0.00283828,0.0382466,-0.00124254,0.00191561,-0.012068,3,2,3.92699,0,0,0,0,0.0374981,0,0.0393853,0.00098989,0.047442,0.00314201,0.0494452,2,3,2,3.92699,0,0,0,0,0,0,0,0,0,0,1.5708,1.5708,0,1.5708,1.5708,0,0.0035947,-0.00152337,-0.00767184,0,0,0,1.81717,1.20701,0.0774179,-0.00833901,0.000764196,0.00333742,0.00160988,0.000159609,-0.00730215,1.75578,1.20968,0,0,0,0,0,0,0,0,0,0,0,0,2,1.75578,1.20968,0,0.344544,0.487027,3.7308e-15,0,0,0,0,0,0,0,0,0,0,0,0,0.855775,1.20968,0,0,0,0,0,0,0,0,0,0,0,0,2,0.855775,1.20968,0,1,1,0,0,0,0,0,1.1402,-0.0083,2.5921,0,0,0,0,0,0,0,-0,0,1.391,0,0,0,0,0,0,0,0,0,0,0,0,0,0,0,0,0,0,0,0,0,0,0,0,0
24.35,-0.00169497,-0.000663167,-0.00291374,-0.00394446,0.000639637,-0.00326077,2.97506,1.97785,-2.51115,0.00347674,0.00283828,0.0382466,-0.00124254,0.00191561,-0.012068,3,2,3.92699,0,0,0,0,0.0322823,0,0.0387028,0.00126447,0.042577,0.0013048,0.0395852,2,3,2,3.92699,0,0,0,0,0,0,0,0,0,0,1.5708,1.5708,0,1.5708,1.5708,0,0.0035947,-0.00152337,-0.00767184,0,0,0,1.81717,1.20701,0.0774179,-0.00833901,0.000764196,0.00333742,0.00160988,0.000159609,-0.00730215,1.75578,1.20968,0,0,0,0,0,0,0,0,0,0,0,0,2,1.75578,1.20968,0,0.344544,0.487027,3.7308e-15,0,0,0,0,0,0,0,0,0,0,0,0,0.855775,1.20968,0,0,0,0,0,0,0,0,0,0,0,0,2,0.855775,1.20968,0,1,1,0,0,0,0,0,1.1402,-0.0083,2.5921,0,0,0,0,0,0,0,-0,0,1.391,0,0,0,0,0,0,0,0,0,0,0,0,0,0,0,0,0,0,0,0,0,0,0,0,0
24.4,-0.00157028,-0.0027143,-0.00294075,-0.00394446,0.000639637,-0.00326077,2.9754,1.97819,-2.5074,0.00339926,0.00340537,0.03756,-0.00119389,0.00356735,-0.010304,3,2,3.92699,0,0,0,0,0.0322823,0,0.0387028,0.00126447,0.042577,0.0013048,0.0395852,2,3,2,3.92699,0,0,0,0,0,0,0,0,0,0,1.5708,1.5708,0,1.5708,1.5708,0,0.00558884,-0.00408844,-0.0071063,0,0,0,1.81629,1.20716,0.0776088,-0.00882173,0.00150183,0.0019093,-0.000970038,0.00302262,-0.00946157,1.75578,1.20968,0,0,0,0,0,0,0,0,0,0,0,0,2,1.75578,1.20968,0,0.344544,0.487027,3.7308e-15,0,0,0,0,0,0,0,0,0,0,0,0,0.855775,1.20968,0,0,0,0,0,0,0,0,0,0,0,0,2,0.855775,1.20968,0,1,1,0,0,0,0,0,1.1402,-0.0083,2.5921,0,0,0,0,0,0,0,-0,0,1.39212,0,0,0,0,0,0,0,0,0,0,0,0,0,0,0,0,0,0,0,0,0,0,0,0,0
24.45,-0.00157028,-0.0027143,-0.00294075,-0.00394683,0.00062482,-0.00326077,2.9754,1.97819,-2.5074,0.00339926,0.00340537,0.03756,-0.00119389,0.00356735,-0.010304,3,2,3.92699,0,0,0,0,0.0291906,0,0.0436453,0.00240638,0.0457103,0,0.0346862,2,3,2,3.92699,0,0,0,0,0,0,0,0,0,0,1.5708,1.5708,0,1.5708,1.5708,0,0.00558884,-0.00408844,-0.0071063,0,0,0,1.81629,1.20716,0.0776088,-0.00882173,0.00150183,0.0019093,-0.000970038,0.00302262,-0.00946157,1.75578,1.20968,0,0,0,0,0,0,0,0,0,0,0,0,2,1.75578,1.20968,0,0.344544,0.487027,3.7308e-15,0,0,0,0,0,0,0,0,0,0,0,0,0.855775,1.20968,0,0,0,0,0,0,0,0,0,0,0,0,2,0.855775,1.20968,0,1,1,0,0,0,0,0,1.239,0.0774,2.6815,0,0,0,0,0,0,0,-0,0,1.39212,0,0,0,0,0,0,0,0,0,0,0,0,0,0,0,0,0,0,0,0,0,0,0,0,0
24.5,-0.00168937,-0.00510211,-0.00368525,-0.00394683,0.00062482,-0.00326077,2.97574,1.9786,-2.50353,0.00339407,0.00406434,0.0386178,-0.000729775,0.00500008,-0.00170801,3,2,3.92699,0,0,0,0,0.0291906,0,0.0436453,0.00240638,0.0457103,0,0.0346862,2,3,2,3.92699,0,0,0,0,0,0,0,0,0,0,1.5708,1.5708,0,1.5708,1.5708,0,0.000169329,0.00108229,-0.00759356,0,0,0,1.81558,1.20716,0.0779133,-0.00714097,-2.07551e-05,0.00304574,0.00578058,-0.00388056,-0.00143235,1.75578,1.20968,0,0,0,0,0,0,0,0,0,0,0,0,2,1.75578,1.20968,0,0.344544,0.487027,3.7308e-15,0,0,0,0,0,0,0,0,0,0,0,0,0.855775,1.20968,0,0,0,0,0,0,0,0,0,0,0,0,2,0.855775,1.20968,0,1,1,0,0,0,0,0,1.239,0.0774,2.6815,0,0,0,0,0,0,0,-0,0,1.39323,0,0,0,0,0,0,0,0,0,0,0,0,0,0,0,0,0,0,0,0,0,0,0,0,0
24.55,-0.00168937,-0.00510211,-0.00368525,-0.0101851,-0.0147298,-0.00318633,2.97574,1.9786,-2.50353,0.00339407,0.00406434,0.0386178,-0.000729775,0.00500008,-0.00170801,3,2,3.92699,0,0,0,0,0.0338686,0.00108727,0.0592968,0.00403536,0.0600173,0,0.0388892,2,3,2,3.92699,0,0,0,0,0,0,0,0,0,0,1.5708,1.5708,0,1.5708,1.5708,0,0.000169329,0.00108229,-0.00759356,0,0,0,1.81558,1.20716,0.0779133,-0.00714097,-2.07551e-05,0.00304574,0.00578058,-0.00388056,-0.00143235,1.75578,1.20968,0,0,0,0,0,0,0,0,0,0,0,0,2,1.75578,1.20968,0,0.344544,0.487027,3.7308e-15,0,0,0,0,0,0,0,0,0,0,0,0,0.855775,1.20968,0,0,0,0,0,0,0,0,0,0,0,0,2,0.855775,1.20968,0,1,1,0,0,0,0,0,1.239,0.0774,2.6815,0,0,0,0,0,0,0,-0,0,1.39323,0,0,0,0,0,0,0,0,0,0,0,0,0,0,0,0,0,0,0,0,0,0,0,0,0
24.6,-0.00119907,-0.00528669,-0.0027652,-0.0101851,-0.0147298,-0.00318633,2.97606,1.979,-2.49997,0.00321049,0.00407044,0.0356384,-0.0011052,0.00322449,-0.0117258,3,2,3.92699,0,0,0,0,0.0338686,0.00108727,0.0592968,0.00403536,0.0600173,0,0.0388892,2,3,2,3.92699,0,0,0,0,0,0,0,0,0,0,1.5708,1.5708,0,1.5708,1.5708,0,0.00170066,-0.00124289,-0.0064507,0,0,0,1.81483,1.20723,0.0779366,-0.00750293,0.000656247,0.000232433,0.00292985,-0.000558682,-0.0110123,1.75578,1.20968,0,0,0,0,0,0,0,0,0,0,0,0,2,1.75578,1.20968,0,0.344544,0.487027,3.7308e-15,0,0,0,0,0,0,0,0,0,0,0,0,0.855775,1.20968,0,0,0,0,0,0,0,0,0,0,0,0,2,0.855775,1.20968,0,1,1,0,0,0,0,0,1.239,0.0774,2.6815,0,0,0,0,0,0,0,-0,0,1.39431,0,0,0,0,0,0,0,0,0,0,0,0,0,0,0,0,0,0,0,0,0,0,0,0,0
24.65,-0.00119907,-0.00528669,-0.0027652,-0.0101325,-0.0147661,-0.00318633,2.97606,1.979,-2.49997,0.00321049,0.00407044,0.0356384,-0.0011052,0.00322449,-0.0117258,3,2,3.92699,0,0,0,0,0.0227984,0.00216653,0.0477189,0.00395443,0.0471992,0,0.0254847,2,3,2,3.92699,0,0,0,0,0,0,0,0,0,0,1.5708,1.5708,0,1.5708,1.5708,0,0.00170066,-0.00124289,-0.0064507,0,0,0,1.81483,1.20723,0.0779366,-0.00750293,0.000656247,0.000232433,0.00292985,-0.000558682,-0.0110123,1.75578,1.20968,0,0,0,0,0,0,0,0,0,0,0,0,2,1.75578,1.20968,0,0.344544,0.487027,3.7308e-15,0,0,0,0,0,0,0,0,0,0,0,0,0.855775,1.20968,0,0,0,0,0,0,0,0,0,0,0,0,2,0.855775,1.20968,0,1,1,0,0,0,0,0,1.1447,-0.0292,2.578,0,0,0,0,0,0,0,-0,0,1.39431,0,0,0,0,0,0,0,0,0,0,0,0,0,0,0,0,0,0,0,0,0,0,0,0,0
24.7,-0.0018627,-0.0034644,-0.00213862,-0.0101325,-0.0147661,-0.00318633,2.9764,1.97935,-2.49662,0.00336692,0.00348891,0.0334257,-9.33259e-05,-0.000634236,-0.0172835,3,2,3.92699,0,0,0,0,0.0227984,0.00216653,0.0477189,0.00395443,0.0471992,0,0.0254847,2,3,2,3.92699,0,0,0,0,0,0,0,0,0,0,1.5708,1.5708,0,1.5708,1.5708,0,0.00237822,-0.001236,-0.00645118,0,0,0,1.81407,1.20729,0.0779595,-0.00761216,0.000646546,0.000229029,0.000946294,7.45348e-05,-0.00791999,1.75578,1.20968,0,0,0,0,0,0,0,0,0,0,0,0,2,1.75578,1.20968,0,0.344544,0.487027,3.7308e-15,0,0,0,0,0,0,0,0,0,0,0,0,0.855775,1.20968,0,0,0,0,0,0,0,0,0,0,0,0,2,0.855775,1.20968,0,1,1,0,0,0,0,0,1.1447,-0.0292,2.578,0,0,0,0,0,0,0,-0,0,1.39538,0,0,0,0,0,0,0,0,0,0,0,0,0,0,0,0,0,0,0,0,0,0,0,0,0
24.75,-0.0018627,-0.0034644,-0.00213862,-0.0100831,-0.0147999,-0.00318633,2.9764,1.97935,-2.49662,0.00336692,0.00348891,0.0334257,-9.33259e-05,-0.000634236,-0.0172835,3,2,3.92699,0,0,0,0,0.0166713,0.000469575,0.0339429,0.00348259,0.0377308,0,0.0229508,2,3,2,3.92699,0,0,0,0,0,0,0,0,0,0,1.5708,1.5708,0,1.5708,1.5708,0,0.00237822,-0.001236,-0.00645118,0,0,0,1.81407,1.20729,0.0779595,-0.00761216,0.000646546,0.000229029,0.000946294,7.45348e-05,-0.00791999,1.75578,1.20968,0,0,0,0,0,0,0,0,0,0,0,0,2,1.75578,1.20968,0,0.344544,0.487027,3.7308e-15,0,0,0,0,0,0,0,0,0,0,0,0,0.855775,1.20968,0,0,0,0,0,0,0,0,0,0,0,0,2,0.855775,1.20968,0,1,1,0,0,0,0,0,1.1447,-0.0292,2.578,0,0,0,0,0,0,0,-0,0,1.39538,0,0,0,0,0,0,0,0,0,0,0,0,0,0,0,0,0,0,0,0,0,0,0,0,0
24.8,-0.00251658,-0.004525,-0.00312465,-0.00851775,-0.00640788,-0.000752303,2.97675,1.97973,-2.49311,0.00351874,0.00375838,0.0351484,0.000677409,0.000163714,-0.00434686,3,2,3.92699,0,0,0,0,0.0166713,0.000469575,0.0339429,0.00348259,0.0377308,0,0.0229508,2,3,2,3.92699,0,0,0,0,0,0,0,0,0,0,1.5708,1.5708,0,1.5708,1.5708,0,0.00154148,-0.00157361,-0.00579184,0,0,0,1.81334,1.20737,0.0778233,-0.00727955,0.000737247,-0.00136404,0.001651,0.00049081,-0.0107028,1.75578,1.20968,0,0,0,0,0,0,0,0,0,0,0,0,2,1.75578,1.20968,0,0.344544,0.487027,3.7308e-15,0,0,0,0,0,0,0,0,0,0,0,0,0.855775,1.20968,0,0,0,0,0,0,0,0,0,0,0,0,2,0.855775,1.20968,0,1,1,0,0,0,0,0,1.1447,-0.0292,2.578,0,0,0,0,0,0,0,-0,0,1.39645,0,0,0,0,0,0,0,0,0,0,0,0,0,0,0,0,0,0,0,0,0,0,0,0,0
24.85,-0.00251658,-0.004525,-0.00312465,-0.00849521,-0.00643773,-0.000752303,2.97675,1.97973,-2.49311,0.00351874,0.00375838,0.0351484,0.000677409,0.000163714,-0.00434686,3,2,3.92699,0,0,0,0,0.0258136,0.000318087,0.0487544,0.00455543,0.0538379,0,0.0345452,2,3,2,3.92699,0,0,0,0,0,0,0,0,0,0,1.5708,1.5708,0,1.5708,1.5708,0,0.00154148,-0.00157361,-0.00579184,0,0,0,1.81334,1.20737,0.0778233,-0.00727955,0.000737247,-0.00136404,0.001651,0.00049081,-0.0107028,1.75578,1.20968,0,0,0,0,0,0,0,0,0,0,0,0,2,1.75578,1.20968,0,0.344544,0.487027,3.7308e-15,0,0,0,0,0,0,0,0,0,0,0,0,0.855775,1.20968,0,0,0,0,0,0,0,0,0,0,0,0,2,0.855775,1.20968,0,1,1,0,0,0,0,0,1.1467,-0.0388,2.5709,0,0,0,0,0,0,0,-0,0,1.39645,0,0,0,0,0,0,0,0,0,0,0,0,0,0,0,0,0,0,0,0,0,0,0,0,0
24.9,-0.00158063,-0.00410613,-0.00302294,-0.00849521,-0.00643773,-0.000752303,2.97707,1.98009,-2.48969,0.00320325,0.00359145,0.034212,-0.000731518,-0.000441494,-0.00442187,3,2,3.92699,0,0,0,0,0.0258136,0.000318087,0.0487544,0.00455543,0.0538379,0,0.0345452,2,3,2,3.92699,0,0,0,0,0,0,0,0,0,0,1.5708,1.5708,0,1.5708,1.5708,0,0.00191352,-0.00141904,-0.00619336,0,0,0,1.81261,1.20743,0.0777863,-0.00730254,0.000683621,-0.000369862,0.000957784,0.000140561,-0.00283852,1.75578,1.20968,0,0,0,0,0,0,0,0,0,0,0,0,2,1.75578,1.20968,0,0.344544,0.487027,3.7308e-15,0,0,0,0,0,0,0,0,0,0,0,0,0.855775,1.20968,0,0,0,0,0,0,0,0,0,0,0,0,2,0.855775,1.20968,0,1,1,0,0,0,0,0,1.1467,-0.0388,2.5709,0,0,0,0,0,0,0,-0,0,1.39748,0,0,0,0,0,0,0,0,0,0,0,0,0,0,0,0,0,0,0,0,0,0,0,0,0
24.95,-0.00158063,-0.00410613,-0.00302294,-0.00847313,-0.00646676,-0.000752303,2.97707,1.98009,-2.48969,0.00320325,0.00359145,0.034212,-0.000731518,-0.000441494,-0.00442187,3,2,3.92699,0,0,0,0,0.0273983,0.000631046,0.0479997,0.00346899,0.0496678,0,0.0325962,2,3,2,3.92699,0,0,0,0,0,0,0,0,0,0,1.5708,1.5708,0,1.5708,1.5708,0,0.00191352,-0.00141904,-0.00619336,0,0,0,1.81261,1.20743,0.0777863,-0.00730254,0.000683621,-0.000369862,0.000957784,0.000140561,-0.00283852,1.75578,1.20968,0,0,0,0,0,0,0,0,0,0,0,0,2,1.75578,1.20968,0,0.344544,0.487027,3.7308e-15,0,0,0,0,0,0,0,0,0,0,0,0,0.855775,1.20968,0,0,0,0,0,0,0,0,0,0,0,0,2,0.855775,1.20968,0,1,1,0,0,0,0,0,1.1467,-0.0388,2.5709,0,0,0,0,0,0,0,-0,0,1.39748,0,0,0,0,0,0,0,0,0,0,0,0,0,0,0,0,0,0,0,0,0,0,0,0,0
25,-0.00158063,-0.00410613,-0.00302294,-0.00847313,-0.00646676,-0.000752303,2.97707,1.98009,-2.48969,0.00320325,0.00359145,0.034212,-0.000731518,-0.000441494,-0.00442187,3,2,3.92699,0,0,0,0,0.0273983,0.000631046,0.0479997,0.00346899,0.0496678,0,0.0325962,2,3,2,3.92699,0,0,0,0,0,0,0,0,0,0,1.5708,1.5708,0,1.5708,1.5708,0,0.00191352,-0.00141904,-0.00619336,0,0,0,1.81261,1.20743,0.0777863,-0.00730254,0.000683621,-0.000369862,0.000957784,0.000140561,-0.00283852,1.75578,1.20968,0,0,0,0,0,0,0,0,0,0,0,0,2,1.75578,1.20968,0,0.344544,0.487027,3.7308e-15,0,0,0,0,0,0,0,0,0,0,0,0,0.855775,1.20968,0,0,0,0,0,0,0,0,0,0,0,0,2,0.855775,1.20968,0,1,1,0,0,0,0,0,1.1467,-0.0388,2.5709,0,0,0,0,0,0,0,-0,0,1.39748,0,0,0,0,0,0,0,0,0,0,0,0,0,0,0,0,0,0,0,0,0,0,0,0,0
25.05,-0.00158063,-0.00410613,-0.00302294,-0.00292705,-0.0192919,-0.00213001,2.97707,1.98009,-2.48969,0.00320325,0.00359145,0.034212,-0.000731518,-0.000441494,-0.00442187,3,2,3.92699,0,0,0,0,0.0273983,0.000631046,0.0479997,0.00346899,0.0496678,0,0.0325962,2,3,2,3.92699,0,0,0,0,0,0,0,0,0,0,1.5708,1.5708,0,1.5708,1.5708,0,0.00191352,-0.00141904,-0.00619336,0,0,0,1.81261,1.20743,0.0777863,-0.00730254,0.000683621,-0.000369862,0.000957784,0.000140561,-0.00283852,1.75578,1.20968,0,0,0,0,0,0,0,0,0,0,0,0,2,1.75578,1.20968,0,0.344544,0.487027,3.7308e-15,0,0,0,0,0,0,0,0,0,0,0,0,0.855775,1.20968,0,0,0,0,0,0,0,0,0,0,0,0,2,0.855775,1.20968,0,1,1,0,0,0,0,0,1.1477,-0.0435,2.5675,0,0,0,0,0,0,0,-0,0,1.39748,0,0,0,0,0,0,0,0,0,0,0,0,0,0,0,0,0,0,0,0,0,0,0,0,0
25.1,-0.00158063,-0.00410613,-0.00302294,-0.00292705,-0.0192919,-0.00213001,2.97707,1.98009,-2.48969,0.00320325,0.00359145,0.034212,-0.000731518,-0.000441494,-0.00442187,3,2,3.92699,0,0,0,0,0.0273983,0.000631046,0.0479997,0.00346899,0.0496678,0,0.0325962,2,3,2,3.92699,0,0,0,0,0,0,0,0,0,0,1.5708,1.5708,0,1.5708,1.5708,0,0.00191352,-0.00141904,-0.00619336,0,0,0,1.81261,1.20743,0.0777863,-0.00730254,0.000683621,-0.000369862,0.000957784,0.000140561,-0.00283852,1.75578,1.20968,0,0,0,0,0,0,0,0,0,0,0,0,2,1.75578,1.20968,0,0.344544,0.487027,3.7308e-15,0,0,0,0,0,0,0,0,0,0,0,0,0.855775,1.20968,0,0,0,0,0,0,0,0,0,0,0,0,2,0.855775,1.20968,0,1,1,0,0,0,0,0,1.1477,-0.0435,2.5675,0,0,0,0,0,0,0,-0,0,1.39748,0,0,0,0,0,0,0,0,0,0,0,0,0,0,0,0,0,0,0,0,0,0,0,0,0
25.15,-0.00158063,-0.00410613,-0.00302294,-0.00292705,-0.0192919,-0.00213001,2.97707,1.98009,-2.48969,0.00320325,0.00359145,0.034212,-0.000731518,-0.000441494,-0.00442187,3,2,3.92699,0,0,0,0,0.0273983,0.000631046,0.0479997,0.00346899,0.0496678,0,0.0325962,2,3,2,3.92699,0,0,0,0,0,0,0,0,0,0,1.5708,1.5708,0,1.5708,1.5708,0,0.00191352,-0.00141904,-0.00619336,0,0,0,1.81261,1.20743,0.0777863,-0.00730254,0.000683621,-0.000369862,0.000957784,0.000140561,-0.00283852,1.75578,1.20968,0,0,0,0,0,0,0,0,0,0,0,0,2,1.75578,1.20968,0,0.344544,0.487027,3.7308e-15,0,0,0,0,0,0,0,0,0,0,0,0,0.855775,1.20968,0,0,0,0,0,0,0,0,0,0,0,0,2,0.855775,1.20968,0,1,1,0,0,0,0,0,1.1477,-0.0435,2.5675,0,0,0,0,0,0,0,-0,0,1.39748,0,0,0,0,0,0,0,0,0,0,0,0,0,0,0,0,0,0,0,0,0,0,0,0,0
25.2,-0.00158063,-0.00410613,-0.00302294,-0.00292705,-0.0192919,-0.00213001,2.97707,1.98009,-2.48969,0.00320325,0.00359145,0.034212,-0.000731518,-0.000441494,-0.00442187,3,2,3.92699,0,0,0,0,0.0273983,0.000631046,0.0479997,0.00346899,0.0496678,0,0.0325962,2,3,2,3.92699,0,0,0,0,0,0,0,0,0,0,1.5708,1.5708,0,1.5708,1.5708,0,0.00191352,-0.00141904,-0.00619336,0,0,0,1.81261,1.20743,0.0777863,-0.00730254,0.000683621,-0.000369862,0.000957784,0.000140561,-0.00283852,1.75578,1.20968,0,0,0,0,0,0,0,0,0,0,0,0,2,1.75578,1.20968,0,0.344544,0.487027,3.7308e-15,0,0,0,0,0,0,0,0,0,0,0,0,0.855775,1.20968,0,0,0,0,0,0,0,0,0,0,0,0,2,0.855775,1.20968,0,1,1,0,0,0,0,0,1.1477,-0.0435,2.5675,0,0,0,0,0,0,0,-0,0,1.39748,0,0,0,0,0,0,0,0,0,0,0,0,0,0,0,0,0,0,0,0,0,0,0,0,0
25.25,-0.00158063,-0.00410613,-0.00302294,-0.00292705,-0.0192919,-0.00213001,2.97707,1.98009,-2.48969,0.00320325,0.00359145,0.034212,-0.000731518,-0.000441494,-0.00442187,3,2,3.92699,0,0,0,0,0.0273983,0.000631046,0.0479997,0.00346899,0.0496678,0,0.0325962,2,3,2,3.92699,0,0,0,0,0,0,0,0,0,0,1.5708,1.5708,0,1.5708,1.5708,0,0.00191352,-0.00141904,-0.00619336,0,0,0,1.81261,1.20743,0.0777863,-0.00730254,0.000683621,-0.000369862,0.000957784,0.000140561,-0.00283852,1.75578,1.20968,0,0,0,0,0,0,0,0,0,0,0,0,2,1.75578,1.20968,0,0.344544,0.487027,3.7308e-15,0,0,0,0,0,0,0,0,0,0,0,0,0.855775,1.20968,0,0,0,0,0,0,0,0,0,0,0,0,2,0.855775,1.20968,0,1,1,0,0,0,0,0,1.1477,-0.0435,2.5675,0,0,0,0,0,0,0,-0,0,1.39748,0,0,0,0,0,0,0,0,0,0,0,0,0,0,0,0,0,0,0,0,0,0,0,0,0
25.3,-0.00158063,-0.00410613,-0.00302294,-0.00292705,-0.0192919,-0.00213001,2.97707,1.98009,-2.48969,0.00320325,0.00359145,0.034212,-0.000731518,-0.000441494,-0.00442187,3,2,3.92699,0,0,0,0,0.0273983,0.000631046,0.0479997,0.00346899,0.0496678,0,0.0325962,2,3,2,3.92699,0,0,0,0,0,0,0,0,0,0,1.5708,1.5708,0,1.5708,1.5708,0,0.00191352,-0.00141904,-0.00619336,0,0,0,1.81261,1.20743,0.0777863,-0.00730254,0.000683621,-0.000369862,0.000957784,0.000140561,-0.00283852,1.75578,1.20968,0,0,0,0,0,0,0,0,0,0,0,0,2,1.75578,1.20968,0,0.344544,0.487027,3.7308e-15,0,0,0,0,0,0,0,0,0,0,0,0,0.855775,1.20968,0,0,0,0,0,0,0,0,0,0,0,0,2,0.855775,1.20968,0,1,1,0,0,0,0,0,1.1477,-0.0435,2.5675,0,0,0,0,0,0,0,-0,0,1.39748,0,0,0,0,0,0,0,0,0,0,0,0,0,0,0,0,0,0,0,0,0,0,0,0,0
25.35,-0.00158063,-0.00410613,-0.00302294,-0.00292705,-0.0192919,-0.00213001,2.97707,1.98009,-2.48969,0.00320325,0.00359145,0.034212,-0.000731518,-0.000441494,-0.00442187,3,2,3.92699,0,0,0,0,0.0273983,0.000631046,0.0479997,0.00346899,0.0496678,0,0.0325962,2,3,2,3.92699,0,0,0,0,0,0,0,0,0,0,1.5708,1.5708,0,1.5708,1.5708,0,0.00191352,-0.00141904,-0.00619336,0,0,0,1.81261,1.20743,0.0777863,-0.00730254,0.000683621,-0.000369862,0.000957784,0.000140561,-0.00283852,1.75578,1.20968,0,0,0,0,0,0,0,0,0,0,0,0,2,1.75578,1.20968,0,0.344544,0.487027,3.7308e-15,0,0,0,0,0,0,0,0,0,0,0,0,0.855775,1.20968,0,0,0,0,0,0,0,0,0,0,0,0,2,0.855775,1.20968,0,1,1,0,0,0,0,0,1.1477,-0.0435,2.5675,0,0,0,0,0,0,0,-0,0,1.39748,0,0,0,0,0,0,0,0,0,0,0,0,0,0,0,0,0,0,0,0,0,0,0,0,0
25.4,-0.00158063,-0.00410613,-0.00302294,-0.00292705,-0.0192919,-0.00213001,2.97707,1.98009,-2.48969,0.00320325,0.00359145,0.034212,-0.000731518,-0.000441494,-0.00442187,3,2,3.92699,0,0,0,0,0.0273983,0.000631046,0.0479997,0.00346899,0.0496678,0,0.0325962,2,3,2,3.92699,0,0,0,0,0,0,0,0,0,0,1.5708,1.5708,0,1.5708,1.5708,0,0.00191352,-0.00141904,-0.00619336,0,0,0,1.81261,1.20743,0.0777863,-0.00730254,0.000683621,-0.000369862,0.000957784,0.000140561,-0.00283852,1.75578,1.20968,0,0,0,0,0,0,0,0,0,0,0,0,2,1.75578,1.20968,0,0.344544,0.487027,3.7308e-15,0,0,0,0,0,0,0,0,0,0,0,0,0.855775,1.20968,0,0,0,0,0,0,0,0,0,0,0,0,2,0.855775,1.20968,0,1,1,0,0,0,0,0,1.1477,-0.0435,2.5675,0,0,0,0,0,0,0,-0,0,1.39748,0,0,0,0,0,0,0,0,0,0,0,0,0,0,0,0,0,0,0,0,0,0,0,0,0
25.45,-0.00158063,-0.00410613,-0.00302294,-0.00292705,-0.0192919,-0.00213001,2.97707,1.98009,-2.48969,0.00320325,0.00359145,0.034212,-0.000731518,-0.000441494,-0.00442187,3,2,3.92699,0,0,0,0,0.0273983,0.000631046,0.0479997,0.00346899,0.0496678,0,0.0325962,2,3,2,3.92699,0,0,0,0,0,0,0,0,0,0,1.5708,1.5708,0,1.5708,1.5708,0,0.00191352,-0.00141904,-0.00619336,0,0,0,1.81261,1.20743,0.0777863,-0.00730254,0.000683621,-0.000369862,0.000957784,0.000140561,-0.00283852,1.75578,1.20968,0,0,0,0,0,0,0,0,0,0,0,0,2,1.75578,1.20968,0,0.344544,0.487027,3.7308e-15,0,0,0,0,0,0,0,0,0,0,0,0,0.855775,1.20968,0,0,0,0,0,0,0,0,0,0,0,0,2,0.855775,1.20968,0,1,1,0,0,0,0,0,1.1477,-0.0435,2.5675,0,0,0,0,0,0,0,-0,0,1.39748,0,0,0,0,0,0,0,0,0,0,0,0,0,0,0,0,0,0,0,0,0,0,0,0,0
25.5,-0.00158063,-0.00410613,-0.00302294,-0.00292705,-0.0192919,-0.00213001,2.97707,1.98009,-2.48969,0.00320325,0.00359145,0.034212,-0.000731518,-0.000441494,-0.00442187,3,2,3.92699,0,0,0,0,0.0273983,0.000631046,0.0479997,0.00346899,0.0496678,0,0.0325962,2,3,2,3.92699,0,0,0,0,0,0,0,0,0,0,1.5708,1.5708,0,1.5708,1.5708,0,0.00191352,-0.00141904,-0.00619336,0,0,0,1.81261,1.20743,0.0777863,-0.00730254,0.000683621,-0.000369862,0.000957784,0.000140561,-0.00283852,1.75578,1.20968,0,0,0,0,0,0,0,0,0,0,0,0,2,1.75578,1.20968,0,0.344544,0.487027,3.7308e-15,0,0,0,0,0,0,0,0,0,0,0,0,0.855775,1.20968,0,0,0,0,0,0,0,0,0,0,0,0,2,0.855775,1.20968,0,1,1,0,0,0,0,0,1.1477,-0.0435,2.5675,0,0,0,0,0,0,0,-0,0,1.39748,0,0,0,0,0,0,0,0,0,0,0,0,0,0,0,0,0,0,0,0,0,0,0,0,0
25.55,-0.00158063,-0.00410613,-0.00302294,-0.00292705,-0.0192919,-0.00213001,2.97707,1.98009,-2.48969,0.00320325,0.00359145,0.034212,-0.000731518,-0.000441494,-0.00442187,3,2,3.92699,0,0,0,0,0.0273983,0.000631046,0.0479997,0.00346899,0.0496678,0,0.0325962,2,3,2,3.92699,0,0,0,0,0,0,0,0,0,0,1.5708,1.5708,0,1.5708,1.5708,0,0.00191352,-0.00141904,-0.00619336,0,0,0,1.81261,1.20743,0.0777863,-0.00730254,0.000683621,-0.000369862,0.000957784,0.000140561,-0.00283852,1.75578,1.20968,0,0,0,0,0,0,0,0,0,0,0,0,2,1.75578,1.20968,0,0.344544,0.487027,3.7308e-15,0,0,0,0,0,0,0,0,0,0,0,0,0.855775,1.20968,0,0,0,0,0,0,0,0,0,0,0,0,2,0.855775,1.20968,0,1,1,0,0,0,0,0,1.1477,-0.0435,2.5675,0,0,0,0,0,0,0,-0,0,1.39748,0,0,0,0,0,0,0,0,0,0,0,0,0,0,0,0,0,0,0,0,0,0,0,0,0
25.6,-0.00158063,-0.00410613,-0.00302294,-0.00292705,-0.0192919,-0.00213001,2.97707,1.98009,-2.48969,0.00320325,0.00359145,0.034212,-0.000731518,-0.000441494,-0.00442187,3,2,3.92699,0,0,0,0,0.0273983,0.000631046,0.0479997,0.00346899,0.0496678,0,0.0325962,2,3,2,3.92699,0,0,0,0,0,0,0,0,0,0,1.5708,1.5708,0,1.5708,1.5708,0,0.00191352,-0.00141904,-0.00619336,0,0,0,1.81261,1.20743,0.0777863,-0.00730254,0.000683621,-0.000369862,0.000957784,0.000140561,-0.00283852,1.75578,1.20968,0,0,0,0,0,0,0,0,0,0,0,0,2,1.75578,1.20968,0,0.344544,0.487027,3.7308e-15,0,0,0,0,0,0,0,0,0,0,0,0,0.855775,1.20968,0,0,0,0,0,0,0,0,0,0,0,0,2,0.855775,1.20968,0,1,1,0,0,0,0,0,1.1477,-0.0435,2.5675,0,0,0,0,0,0,0,-0,0,1.39748,0,0,0,0,0,0,0,0,0,0,0,0,0,0,0,0,0,0,0,0,0,0,0,0,0
25.65,-0.00158063,-0.00410613,-0.00302294,-0.00292705,-0.0192919,-0.00213001,2.97707,1.98009,-2.48969,0.00320325,0.00359145,0.034212,-0.000731518,-0.000441494,-0.00442187,3,2,3.92699,0,0,0,0,0.0273983,0.000631046,0.0479997,0.00346899,0.0496678,0,0.0325962,2,3,2,3.92699,0,0,0,0,0,0,0,0,0,0,1.5708,1.5708,0,1.5708,1.5708,0,0.00191352,-0.00141904,-0.00619336,0,0,0,1.81261,1.20743,0.0777863,-0.00730254,0.000683621,-0.000369862,0.000957784,0.000140561,-0.00283852,1.75578,1.20968,0,0,0,0,0,0,0,0,0,0,0,0,2,1.75578,1.20968,0,0.344544,0.487027,3.7308e-15,0,0,0,0,0,0,0,0,0,0,0,0,0.855775,1.20968,0,0,0,0,0,0,0,0,0,0,0,0,2,0.855775,1.20968,0,1,1,0,0,0,0,0,1.184,-0.0072,2.6038,0,0,0,0,0,0,0,-0,0,1.39748,0,0,0,0,0,0,0,0,0,0,0,0,0,0,0,0,0,0,0,0,0,0,0,0,0
25.7,-0.00226035,-0.00379663,-0.00258469,-0.00292705,-0.0192919,-0.00213001,2.97741,1.98043,-2.48644,0.0033645,0.0034585,0.0324821,6.97644e-06,-0.000886145,-0.00965117,3,2,3.92699,0,0,0,0,0.0273983,0.000631046,0.0479997,0.00346899,0.0496678,0,0.0325962,2,3,2,3.92699,0,0,0,0,0,0,0,0,0,0,1.5708,1.5708,0,1.5708,1.5708,0,0.00216222,-0.00321664,-0.00479309,0,0,0,1.81188,1.20755,0.0774128,-0.00728936,0.00119882,-0.00373622,0.000549473,0.00209404,-0.0140883,1.75578,1.20968,0,0,0,0,0,0,0,0,0,0,0,0,2,1.75578,1.20968,0,0.344544,0.487027,3.7308e-15,0,0,0,0,0,0,0,0,0,0,0,0,0.855775,1.20968,0,0,0,0,0,0,0,0,0,0,0,0,2,0.855775,1.20968,0,1,1,0,0,0,0,0,1.184,-0.0072,2.6038,0,0,0,0,0,0,0.94901,-0.04301,2.56862,1.3985,0,0,0,0,1,0,0,0,0,0,0,0,0,0,0,0,0,0,0,0,0,0,0,0,0
25.75,-0.00190377,-0.00422356,-0.00261318,-0.00286437,-0.0193013,-0.00213001,2.97773,1.98079,-2.48325,0.00322045,0.00354274,0.0319123,-0.000471308,-0.000255543,-0.00877845,3,2,3.92699,0,0,0,0,0.0208189,0.000158707,0.0400655,0.00397645,0.0450753,0,0.0288468,2,3,2,3.92699,0,0,0,0,0,0,0,0,0,0,1.5708,1.5708,0,1.5708,1.5708,0,0.00160421,-0.0015746,-0.00554569,0,0,0,1.81118,1.20762,0.0772278,-0.00704153,0.000706839,-0.00184959,0.00126457,-0.000443982,-0.00244378,1.75578,1.20968,0,0,0,0,0,0,0,0,0,0,0,0,2,1.75578,1.20968,0,0.344544,0.487027,3.7308e-15,0,0,0,0,0,0,0,0,0,0,0,0,0.855775,1.20968,0,0,0,0,0,0,0,0,0,0,0,0,2,0.855775,1.20968,0,1,1,0,0,0,0,0,1.184,-0.0072,2.6038,0,0,0,0,0,0,0,-0,0,1.39951,0,0,0,0,0,0,0,0,0,0,0,0,0,0,0,0,0,0,0,0,0,0,0,0,0
25.8,-0.00230527,-0.00395825,-0.00229233,-0.00287779,-0.0172061,-0.00189958,2.97806,1.98113,-2.4802,0.00330004,0.0034233,0.0305107,-2.84188e-05,-0.000543949,-0.0107405,3,2,3.92699,0,0,0,0,0.0211499,0.000752362,0.0419453,0.00395206,0.0453208,0,0.0275698,2,3,2,3.92699,0,0,0,0,0,0,0,0,0,0,1.5708,1.5708,0,1.5708,1.5708,0,0.000953802,-0.00152266,-0.00437105,0,0,0,1.8105,1.20769,0.0767634,-0.00676969,0.000683437,-0.00464326,0.00193942,-0.000703305,-0.0110552,1.75578,1.20968,0,0,0,0,0,0,0,0,0,0,0,0,2,1.75578,1.20968,0,0.344544,0.487027,3.7308e-15,0,0,0,0,0,0,0,0,0,0,0,0,0.855775,1.20968,0,0,0,0,0,0,0,0,0,0,0,0,2,0.855775,1.20968,0,1,1,0,0,0,0,0,1.184,-0.0072,2.6038,0,0,0,0,0,0,0,-0,0,1.4005,0,0,0,0,0,0,0,0,0,0,0,0,0,0,0,0,0,0,0,0,0,0,0,0,0
25.85,-0.00232844,-0.00132135,-0.00261515,-0.00282526,-0.0172148,-0.00189958,2.97838,1.98139,-2.47713,0.00326794,0.00261093,0.0306899,-8.9507e-05,-0.00361578,-0.00603736,3,2,3.92699,0,0,0,0,0.0166289,0.00043288,0.0362062,0.00420978,0.041667,0,0.0247596,2,3,2,3.92699,0,0,0,0,0,0,0,0,0,0,1.5708,1.5708,0,1.5708,1.5708,0,0.000246753,-0.000574069,-0.00484066,0,0,0,1.80985,1.20773,0.0764215,-0.0064846,0.000399334,-0.00342063,0.00240364,-0.00159343,-0.00291305,1.75578,1.20968,0,0,0,0,0,0,0,0,0,0,0,0,2,1.75578,1.20968,0,0.344544,0.487027,3.7308e-15,0,0,0,0,0,0,0,0,0,0,0,0,0.855775,1.20968,0,0,0,0,0,0,0,0,0,0,0,0,2,0.855775,1.20968,0,1,1,0,0,0,0,0,1.151,-0.0572,2.5566,0,0,0,0,0,0,0,-0,0,1.40143,0,0,0,0,0,0,0,0,0,0,0,0,0,0,0,0,0,0,0,0,0,0,0,0,0
25.9,-0.000939069,-0.000627552,-0.00338362,-0.00277244,-0.0172234,-0.00189958,2.97867,1.98163,-2.47394,0.00282265,0.00237703,0.0319405,-0.00183721,-0.0035182,0.0020461,3,2,3.92699,0,0,0,0,0.025924,0,0.0347257,0.0022298,0.0411367,0.00114657,0.0354065,2,3,2,3.92699,0,0,0,0,0,0,0,0,0,0,1.5708,1.5708,0,1.5708,1.5708,0,0.000619137,-0.00156291,-0.00424094,0,0,0,1.8092,1.2078,0.0759417,-0.00651701,0.000682467,-0.00479831,0.00136863,5.45447e-05,-0.00615651,1.75578,1.20968,0,0,0,0,0,0,0,0,0,0,0,0,2,1.75578,1.20968,0,0.344544,0.487027,3.7308e-15,0,0,0,0,0,0,0,0,0,0,0,0,0.855775,1.20968,0,0,0,0,0,0,0,0,0,0,0,0,2,0.855775,1.20968,0,1,1,0,0,0,0,0,1.151,-0.0572,2.5566,0,0,0,0,0,0,0,-0,0,1.40231,0,0,0,0,0,0,0,0,0,0,0,0,0,0,0,0,0,0,0,0,0,0,0,0,0
26,-0.00232769,0.00117464,-0.00216023,-0.00271742,-0.0172321,-0.00189958,2.97899,1.98181,-2.4711,0.00319594,0.00182137,0.0283611,0.000150905,-0.00432037,-0.011987,3,2,3.92699,0,0,0,0,0.0400383,0,0.0461832,0.000529227,0.0468589,0.00105621,0.0446941,2,3,2,3.92699,0,0,0,0,0,0,0,0,0,0,1.5708,1.5708,0,1.5708,1.5708,0,-0.000450195,-0.00109944,-0.0043794,0,0,0,1.80859,1.20786,0.0755047,-0.0061294,0.000539573,-0.00437047,0.00223204,-0.000315198,-0.00242556,1.75578,1.20968,0,0,0,0,0,0,0,0,0,0,0,0,2,1.75578,1.20968,0,0.344544,0.487027,3.7308e-15,0,0,0,0,0,0,0,0,0,0,0,0,0.855775,1.20968,0,0,0,0,0,0,0,0,0,0,0,0,2,0.855775,1.20968,0,1,1,0,0,0,0,0,1.151,-0.0572,2.5566,0,0,0,0,0,0,0,-0,0,1.40315,0,0,0,0,0,0,0,0,0,0,0,0,0,0,0,0,0,0,0,0,0,0,0,0,0
26.05,-0.00203581,0.000507398,-0.00221942,-0.00266854,-0.0172398,-0.00189958,2.97929,1.98201,-2.46831,0.00307281,0.00199525,0.0279462,-0.000131219,-0.00200703,-0.0107446,3,2,3.92699,0,0,0,0,0.0248642,0,0.0232033,0.000685662,0.0316156,0.00324527,0.0358633,2,3,2,3.92699,0,0,0,0,0,0,0,0,0,0,1.5708,1.5708,0,1.5708,1.5708,0,-0.00103228,-0.000634181,-0.00408813,0,0,0,1.808,1.2079,0.0750059,-0.00588813,0.00039783,-0.0049863,0.00241904,-0.000805509,-0.00341356,1.75578,1.20968,0,0,0,0,0,0,0,0,0,0,0,0,2,1.75578,1.20968,0,0.344544,0.487027,3.7308e-15,0,0,0,0,0,0,0,0,0,0,0,0,0.855775,1.20968,0,0,0,0,0,0,0,0,0,0,0,0,2,0.855775,1.20968,0,1,1,0,0,0,0,0,1.151,-0.0572,2.5566,0,0,0,0,0,0,0,-0,0,1.40399,0,0,0,0,0,0,0,0,0,0,0,0,0,0,0,0,0,0,0,0,0,0,0,0,0
26.1,-0.00327647,0.00115634,-0.0019462,0,-0,0,2.97963,1.98219,-2.46564,0.00339985,0.00178174,0.0267378,0.00118529,-0.001748,-0.0111519,3,2,3.92699,0,0,0,0,0.0249766,0,0.0260286,0.000890987,0.0324552,0.00234332,0.0340337,2,3,2,3.92699,0,0,0,0,0,0,0,0,0,0,1.5708,1.5708,0,1.5708,1.5708,0,-0.000621473,-0.00114626,-0.00359791,0,0,0,1.8074,1.20795,0.0743992,-0.00593873,0.000542216,-0.00606944,0.00128408,2.62843e-05,-0.00650403,1.75578,1.20968,0,0,0,0,0,0,0,0,0,0,0,0,2,1.75578,1.20968,0,0.344544,0.487027,3.7308e-15,0,0,0,0,0,0,0,0,0,0,0,0,0.855775,1.20968,0,0,0,0,0,0,0,0,0,0,0,0,2,0.855775,1.20968,0,1,1,0,0,0,0,0,1.2448,0.0168,2.6334,0,0,0,0,0,0,0,-0,0,1.40484,0,0,0,0,0,0,0,0,0,0,0,0,0,0,0,0,0,0,0,0,0,0,0,0,0
26.15,-0.00289622,0.00119333,-0.00163426,0,-0,0,2.97996,1.98236,-2.46309,0.00324843,0.00174991,0.0254594,0.000291376,-0.00113812,-0.0118061,3,2,3.92699,0,0,0,0,0.020031,0,0.0186201,0.00156082,0.0310149,0.00383906,0.0347638,2,3,2,3.92699,0,0,0,0,0,0,0,0,0,0,1.5708,1.5708,0,1.5708,1.5708,0,-0.00103483,-0.00162789,-0.00305592,0,0,0,1.80683,1.20802,0.0736734,-0.00574881,0.000676043,-0.00725592,0.00136459,0.000664151,-0.00907611,1.75578,1.20968,0,0,0,0,0,0,0,0,0,0,0,0,2,1.75578,1.20968,0,0.344544,0.487027,3.7308e-15,0,0,0,0,0,0,0,0,0,0,0,0,0.855775,1.20968,0,0,0,0,0,0,0,0,0,0,0,0,2,0.855775,1.20968,0,1,1,0,0,0,0,0,1.2448,0.0168,2.6334,0,0,0,0,0,0,0,-0,0,1.40565,0,0,0,0,0,0,0,0,0,0,0,0,0,0,0,0,0,0,0,0,0,0,0,0,0
26.2,-0.00348644,0.00117647,-0.00119171,0,-0,0,2.9803,1.98254,-2.4607,0.00338297,0.00173423,0.0238914,0.000584644,-0.000667196,-0.0134966,3,2,3.92699,0,0,0,0,0.0169591,0,0.0149075,0.00127208,0.0259925,0.00352425,0.0300114,2,3,2,3.92699,0,0,0,0,0,0,0,0,0,0,1.5708,1.5708,0,1.5708,1.5708,0,-0.00188671,-0.00120382,-0.00343007,0,0,0,1.80629,1.20807,0.0730525,-0.00543352,0.000544696,-0.006212,0.00210225,-4.10052e-05,-0.00161246,1.75578,1.20968,0,0,0,0,0,0,0,0,0,0,0,0,2,1.75578,1.20968,0,0.344544,0.487027,3.7308e-15,0,0,0,0,0,0,0,0,0,0,0,0,0.855775,1.20968,0,0,0,0,0,0,0,0,0,0,0,0,2,0.855775,1.20968,0,1,1,0,0,0,0,0,1.2448,0.0168,2.6334,0,0,0,0,0,0,0,-0,0,1.40645,0,0,0,0,0,0,0,0,0,0,0,0,0,0,0,0,0,0,0,0,0,0,0,0,0
26.25,-0.00358854,0.00475003,-0.00237058,0,-0,0,2.98063,1.9826,-2.45807,0.00337297,0.000667517,0.0262656,0.000358075,-0.00459565,0.00120674,3,2,3.92699,0,0,0,0,0.00997236,0,0.00780554,0.0018952,0.0215973,0.00380582,0.0252101,2,3,2,3.92699,0,0,0,0,0,0,0,0,0,0,1.5708,1.5708,0,1.5708,1.5708,0,-0.00123826,-0.00111946,-0.00283024,0,0,0,1.80573,1.20812,0.0722987,-0.00555857,0.000513756,-0.00753503,0.000850435,-0.000242462,-0.0052587,1.75578,1.20968,0,0,0,0,0,0,0,0,0,0,0,0,2,1.75578,1.20968,0,0.344544,0.487027,3.7308e-15,0,0,0,0,0,0,0,0,0,0,0,0,0.855775,1.20968,0,0,0,0,0,0,0,0,0,0,0,0,2,0.855775,1.20968,0,1,1,0,0,0,0,0,1.2448,0.0168,2.6334,0,0,0,0,0,0,0,-0,0,1.4072,0,0,0,0,0,0,0,0,0,0,0,0,0,0,0,0,0,0,0,0,0,0,0,0,0
26.3,-0.00481383,0.00521417,-0.00130964,0,-0,0,2.981,1.98266,-2.45576,0.00369197,0.000523761,0.0231897,0.00145321,-0.00386712,-0.0096187,3,2,3.92699,0,0,0,0,0.0322576,0,0.0164062,0,0.0309465,0.00733303,0.0496927,2,3,2,3.92699,0,0,0,0,0,0,0,0,0,0,1.5708,1.5708,0,1.5708,1.5708,0,-0.00129085,-0.00124163,-0.00350121,0,0,0,1.80518,1.20818,0.0717218,-0.00547813,0.000543296,-0.00577046,0.000671998,-5.5716e-05,0.00341193,1.75578,1.20968,0,0,0,0,0,0,0,0,0,0,0,0,2,1.75578,1.20968,0,0.344544,0.487027,3.7308e-15,0,0,0,0,0,0,0,0,0,0,0,0,0.855775,1.20968,0,0,0,0,0,0,0,0,0,0,0,0,2,0.855775,1.20968,0,1,1,0,0,0,0,0,1.1567,-0.0886,2.5297,0,0,0,0,0,0,0,-0,0,1.40797,0,0,0,0,0,0,0,0,0,0,0,0,0,0,0,0,0,0,0,0,0,0,0,0,0
26.35,-0.00493986,0.00447285,-0.00130642,0,-0,0,2.98137,1.98273,-2.45348,0.00368534,0.000734627,0.0227259,0.000998752,-0.00137975,-0.00906288,3,2,3.92699,0,0,0,0,0.016719,0,0,4.19794e-05,0.0195555,0.00901725,0.0399503,2,3,2,3.92699,0,0,0,0,0,0,0,0,0,0,1.5708,1.5708,0,1.5708,1.5708,0,-0.0032803,-0.00187895,-0.00215047,0,0,0,1.8047,1.20825,0.0708303,-0.00483487,0.000722424,-0.00891131,0.00294278,0.000708295,-0.00933688,1.75578,1.20968,0,0,0,0,0,0,0,0,0,0,0,0,2,1.75578,1.20968,0,0.344544,0.487027,3.7308e-15,0,0,0,0,0,0,0,0,0,0,0,0,0.855775,1.20968,0,0,0,0,0,0,0,0,0,0,0,0,2,0.855775,1.20968,0,1,1,0,0,0,0,0,1.1567,-0.0886,2.5297,0,0,0,0,0,0,0,-0,0,1.40868,0,0,0,0,0,0,0,0,0,0,0,0,0,0,0,0,0,0,0,0,0,0,0,0,0
26.4,-0.00450234,0.00626019,-0.000622527,-0.00671781,0.00817087,-0.000560112,2.98172,1.98275,-2.45142,0.00351381,0.000202673,0.0206293,-0.00015205,-0.00261824,-0.0137738,3,2,3.92699,0,0,0,0,0.01491,0,0,0.000733909,0.0208339,0.00776074,0.0374439,2,3,2,3.92699,0,0,0,0,0,0,0,0,0,0,1.5708,1.5708,0,1.5708,1.5708,0,-0.00259497,-0.000554372,-0.00291491,0,0,0,1.8042,1.20828,0.070141,-0.0049777,0.000328428,-0.00689451,0.00151001,-0.00104652,0.00073834,1.75578,1.20968,0,0,0,0,0,0,0,0,0,0,0,0,2,1.75578,1.20968,0,0.344544,0.487027,3.7308e-15,0,0,0,0,0,0,0,0,0,0,0,0,0.855775,1.20968,0,0,0,0,0,0,0,0,0,0,0,0,2,0.855775,1.20968,0,1,1,0,0,0,0,0,1.1567,-0.0886,2.5297,0,0,0,0,0,0,0,-0,0,1.40938,0,0,0,0,0,0,0,0,0,0,0,0,0,0,0,0,0,0,0,0,0,0,0,0,0
26.45,-0.00527396,0.0051004,-0.000867915,-0.00673464,0.008157,-0.000560112,2.98209,1.9828,-2.44934,0.00369833,0.000539849,0.0208159,0.000490845,-0.000392652,-0.00815944,3,2,3.92699,0,0,0,0.000463444,0.0108486,0,0,0,0.00778051,0.0170799,0.0354957,2,3,2,3.92699,0,0,0,0,0,0,0,0,0,0,1.5708,1.5708,0,1.5708,1.5708,0,-0.00236728,-0.000857555,-0.00260815,0,0,0,1.8037,1.20832,0.0693916,-0.00498567,0.000412826,-0.00749817,0.000680239,-0.0005286,-0.000606561,1.75578,1.20968,0,0,0,0,0,0,0,0,0,0,0,0,2,1.75578,1.20968,0,0.344544,0.487027,3.7308e-15,0,0,0,0,0,0,0,0,0,0,0,0,0.855775,1.20968,0,0,0,0,0,0,0,0,0,0,0,0,2,0.855775,1.20968,0,1,1,0,0,0,0,0,1.1567,-0.0886,2.5297,0,0,0,0,0,0,0,-0,0,1.41011,0,0,0,0,0,0,0,0,0,0,0,0,0,0,0,0,0,0,0,0,0,0,0,0,0
26.5,-0.00527396,0.0051004,-0.000867915,-0.0067516,0.00814297,-0.000560112,2.98209,1.9828,-2.44934,0.00369833,0.000539849,0.0208159,0.000490845,-0.000392652,-0.00815944,3,2,3.92699,0,0,0,0,0.00989811,0,0,0.000638377,0.0148462,0.0126805,0.0371414,2,3,2,3.92699,0,0,0,0,0,0,0,0,0,0,1.5708,1.5708,0,1.5708,1.5708,0,-0.00236728,-0.000857555,-0.00260815,0,0,0,1.8037,1.20832,0.0693916,-0.00498567,0.000412826,-0.00749817,0.000680239,-0.0005286,-0.000606561,1.75578,1.20968,0,0,0,0,0,0,0,0,0,0,0,0,2,1.75578,1.20968,0,0.344544,0.487027,3.7308e-15,0,0,0,0,0,0,0,0,0,0,0,0,0.855775,1.20968,0,0,0,0,0,0,0,0,0,0,0,0,2,0.855775,1.20968,0,1,1,0,0,0,0,0,1.1098,-0.1502,2.4698,0,0,0,0,0,0,0,-0,0,1.41011,0,0,0,0,0,0,0,0,0,0,0,0,0,0,0,0,0,0,0,0,0,0,0,0,0
26.55,-0.00526012,0.00504593,-0.000989166,-0.0067516,0.00814297,-0.000560112,2.98246,1.98286,-2.44727,0.0036507,0.000549437,0.0206993,0.000195043,0.000104357,-0.00458631,3,2,3.92699,0,0,0,0,0.00989811,0,0,0.000638377,0.0148462,0.0126805,0.0371414,2,3,2,3.92699,0,0,0,0,0,0,0,0,0,0,1.5708,1.5708,0,1.5708,1.5708,0,-0.00313298,-0.000940814,-0.00260702,0,0,0,1.80323,1.20837,0.0686564,-0.00470439,0.000432223,-0.00735361,0.00141525,-0.000169432,2.40046e-05,1.75578,1.20968,0,0,0,0,0,0,0,0,0,0,0,0,2,1.75578,1.20968,0,0.344544,0.487027,3.7308e-15,0,0,0,0,0,0,0,0,0,0,0,0,0.855775,1.20968,0,0,0,0,0,0,0,0,0,0,0,0,2,0.855775,1.20968,0,1,1,0,0,0,0,0,1.1098,-0.1502,2.4698,0,0,0,0,0,0,0,-0,0,1.41082,0,0,0,0,0,0,0,0,0,0,0,0,0,0,0,0,0,0,0,0,0,0,0,0,0
26.6,-0.00526012,0.00504593,-0.000989166,-0.00676844,0.00812898,-0.000560112,2.98246,1.98286,-2.44727,0.0036507,0.000549437,0.0206993,0.000195043,0.000104357,-0.00458631,3,2,3.92699,0,0,0,0,0.0114298,0,0,0.000608637,0.0164635,0.011293,0.0382447,2,3,2,3.92699,0,0,0,0,0,0,0,0,0,0,1.5708,1.5708,0,1.5708,1.5708,0,-0.00313298,-0.000940814,-0.00260702,0,0,0,1.80323,1.20837,0.0686564,-0.00470439,0.000432223,-0.00735361,0.00141525,-0.000169432,2.40046e-05,1.75578,1.20968,0,0,0,0,0,0,0,0,0,0,0,0,2,1.75578,1.20968,0,0.344544,0.487027,3.7308e-15,0,0,0,0,0,0,0,0,0,0,0,0,0.855775,1.20968,0,0,0,0,0,0,0,0,0,0,0,0,2,0.855775,1.20968,0,1,1,0,0,0,0,0,1.1098,-0.1502,2.4698,0,0,0,0,0,0,0,-0,0,1.41082,0,0,0,0,0,0,0,0,0,0,0,0,0,0,0,0,0,0,0,0,0,0,0,0,0
26.65,-0.00573004,0.00273926,-0.000742195,-0.00676844,0.00812898,-0.000560112,2.98283,1.98298,-2.4453,0.00374526,0.00121831,0.0196965,0.000454132,0.00280252,-0.00628128,3,2,3.92699,0,0,0,0,0.0114298,0,0,0.000608637,0.0164635,0.011293,0.0382447,2,3,2,3.92699,0,0,0,0,0,0,0,0,0,0,1.5708,1.5708,0,1.5708,1.5708,0,-0.00342463,-0.00189744,-0.00236516,0,0,0,1.80278,1.20844,0.0678773,-0.00456438,0.000705593,-0.00779182,0.00150992,0.00103913,-0.00164956,1.75578,1.20968,0,0,0,0,0,0,0,0,0,0,0,0,2,1.75578,1.20968,0,0.344544,0.487027,3.7308e-15,0,0,0,0,0,0,0,0,0,0,0,0,0.855775,1.20968,0,0,0,0,0,0,0,0,0,0,0,0,2,0.855775,1.20968,0,1,1,0,0,0,0,0,1.1098,-0.1502,2.4698,0,0,0,0,0,0,0,-0,0,1.41154,0,0,0,0,0,0,0,0,0,0,0,0,0,0,0,0,0,0,0,0,0,0,0,0,0
26.7,-0.00573004,0.00273926,-0.000742195,0,-0,0,2.98283,1.98298,-2.4453,0.00374526,0.00121831,0.0196965,0.000454132,0.00280252,-0.00628128,3,2,3.92699,0,0,0,0,0.0025718,0,0,0.00280349,0.018236,0.00944804,0.0300176,2,3,2,3.92699,0,0,0,0,0,0,0,0,0,0,1.5708,1.5708,0,1.5708,1.5708,0,-0.00342463,-0.00189744,-0.00236516,0,0,0,1.80278,1.20844,0.0678773,-0.00456438,0.000705593,-0.00779182,0.00150992,0.00103913,-0.00164956,1.75578,1.20968,0,0,0,0,0,0,0,0,0,0,0,0,2,1.75578,1.20968,0,0.344544,0.487027,3.7308e-15,0,0,0,0,0,0,0,0,0,0,0,0,0.855775,1.20968,0,0,0,0,0,0,0,0,0,0,0,0,2,0.855775,1.20968,0,1,1,0,0,0,0,0,1.244,-0.0232,2.5974,0,0,0,0,0,0,0,-0,0,1.41154,0,0,0,0,0,0,0,0,0,0,0,0,0,0,0,0,0,0,0,0,0,0,0,0,0
26.75,-0.00542945,0.00379123,-0.00117181,0,-0,0,2.98319,1.98307,-2.44327,0.00361311,0.000895953,0.0203457,-0.000220769,0.000759825,-0.00140966,3,2,3.92699,0,0,0,0,0.0025718,0,0,0.00280349,0.018236,0.00944804,0.0300176,2,3,2,3.92699,0,0,0,0,0,0,0,0,0,0,1.5708,1.5708,0,1.5708,1.5708,0,-0.00301574,-0.000671694,-0.00240484,0,0,0,1.80231,1.20847,0.0671229,-0.0046299,0.00034056,-0.00754313,0.000658214,-0.000671131,-0.000222345,1.75578,1.20968,0,0,0,0,0,0,0,0,0,0,0,0,2,1.75578,1.20968,0,0.344544,0.487027,3.7308e-15,0,0,0,0,0,0,0,0,0,0,0,0,0.855775,1.20968,0,0,0,0,0,0,0,0,0,0,0,0,2,0.855775,1.20968,0,1,1,0,0,0,0,0,1.244,-0.0232,2.5974,0,0,0,0,0,0,0,-0,0,1.41226,0,0,0,0,0,0,0,0,0,0,0,0,0,0,0,0,0,0,0,0,0,0,0,0,0
26.8,-0.00542945,0.00379123,-0.00117181,0,-0,0,2.98319,1.98307,-2.44327,0.00361311,0.000895953,0.0203457,-0.000220769,0.000759825,-0.00140966,3,2,3.92699,0,0,0,0,0.0109618,0,0,0.00158995,0.0213653,0.00822198,0.0359396,2,3,2,3.92699,0,0,0,0,0,0,0,0,0,0,1.5708,1.5708,0,1.5708,1.5708,0,-0.00301574,-0.000671694,-0.00240484,0,0,0,1.80231,1.20847,0.0671229,-0.0046299,0.00034056,-0.00754313,0.000658214,-0.000671131,-0.000222345,1.75578,1.20968,0,0,0,0,0,0,0,0,0,0,0,0,2,1.75578,1.20968,0,0.344544,0.487027,3.7308e-15,0,0,0,0,0,0,0,0,0,0,0,0,0.855775,1.20968,0,0,0,0,0,0,0,0,0,0,0,0,2,0.855775,1.20968,0,1,1,0,0,0,0,0,1.244,-0.0232,2.5974,0,0,0,0,0,0,0,-0,0,1.41226,0,0,0,0,0,0,0,0,0,0,0,0,0,0,0,0,0,0,0,0,0,0,0,0,0
26.85,-0.00594164,0.00233353,-0.000485681,0,-0,0,2.98357,1.9832,-2.44144,0.00372048,0.00131218,0.0182904,0.000204773,0.00184281,-0.00840167,3,2,3.92699,0,0,0,0,0.0109618,0,0,0.00158995,0.0213653,0.00822198,0.0359396,2,3,2,3.92699,0,0,0,0,0,0,0,0,0,0,1.5708,1.5708,0,1.5708,1.5708,0,-0.00335375,-0.000865722,-0.00235708,0,0,0,1.80186,1.20851,0.0663719,-0.00447727,0.000393042,-0.00750995,0.000890301,-0.000424743,0.000192972,1.75578,1.20968,0,0,0,0,0,0,0,0,0,0,0,0,2,1.75578,1.20968,0,0.344544,0.487027,3.7308e-15,0,0,0,0,0,0,0,0,0,0,0,0,0.855775,1.20968,0,0,0,0,0,0,0,0,0,0,0,0,2,0.855775,1.20968,0,1,1,0,0,0,0,0,1.244,-0.0232,2.5974,0,0,0,0,0,0,0,-0,0,1.413,0,0,0,0,0,0,0,0,0,0,0,0,0,0,0,0,0,0,0,0,0,0,0,0,0
26.9,-0.00594164,0.00233353,-0.000485681,0,-0,0,2.98357,1.9832,-2.44144,0.00372048,0.00131218,0.0182904,0.000204773,0.00184281,-0.00840167,3,2,3.92699,0,0,0,0,0,0,0,0.00414237,0.0167709,0.012248,0.026106,2,3,2,3.92699,0,0,0,0,0,0,0,0,0,0,1.5708,1.5708,0,1.5708,1.5708,0,-0.00335375,-0.000865722,-0.00235708,0,0,0,1.80186,1.20851,0.0663719,-0.00447727,0.000393042,-0.00750995,0.000890301,-0.000424743,0.000192972,1.75578,1.20968,0,0,0,0,0,0,0,0,0,0,0,0,2,1.75578,1.20968,0,0.344544,0.487027,3.7308e-15,0,0,0,0,0,0,0,0,0,0,0,0,0.855775,1.20968,0,0,0,0,0,0,0,0,0,0,0,0,2,0.855775,1.20968,0,1,1,0,0,0,0,0,1.1611,-0.1131,2.5079,0,0,0,0,0,0,0,-0,0,1.413,0,0,0,0,0,0,0,0,0,0,0,0,0,0,0,0,0,0,0,0,0,0,0,0,0
26.95,-0.0224022,0.0399291,0.00804183,0,-0,0,2.98442,1.98223,-2.4417,0.00849596,-0.00971054,-0.00264164,0.019262,-0.0427914,-0.0896315,3,2,3.92699,0,0,0,0,0,0,0,0.00414237,0.0167709,0.012248,0.026106,2,3,2,3.92699,0,0,0,0,0,0,0,0,0,0,1.5708,1.5708,0,1.5708,1.5708,0,-0.00384802,-0.000718043,-0.00231648,0,0,0,1.80144,1.20855,0.0656258,-0.00428094,0.000345453,-0.00746022,0.00135078,-0.000411862,0.000371359,1.75578,1.20968,0,0,0,0,0,0,0,0,0,0,0,0,2,1.75578,1.20968,0,0.344544,0.487027,3.7308e-15,0,0,0,0,0,0,0,0,0,0,0,0,0.855775,1.20968,0,0,0,0,0,0,0,0,0,0,0,0,2,0.855775,1.20968,0,1,1,0,0,0,0,0,1.1611,-0.1131,2.5079,0,0,0,0,0,0,0,-0,0,1.41352,0,0,0,0,0,0,0,0,0,0,0,0,0,0,0,0,0,0,0,0,0,0,0,0,0
27,-0.0224022,0.0399291,0.00804183,-0.0463931,0.0803633,0.00893632,2.98442,1.98223,-2.4417,0.00849596,-0.00971054,-0.00264164,0.019262,-0.0427914,-0.0896315,3,2,3.92699,0,0,0,0.13876,0.0027084,0.00530116,0,0.0811381,0,0.260062,0.063316,2,3,2,3.92699,0,0,0,0,0,0,0,0,0,0,1.5708,1.5708,0,1.5708,1.5708,0,-0.00384802,-0.000718043,-0.00231648,0,0,0,1.80144,1.20855,0.0656258,-0.00428094,0.000345453,-0.00746022,0.00135078,-0.000411862,0.000371359,1.75578,1.20968,0,0,0,0,0,0,0,0,0,0,0,0,2,1.75578,1.20968,0,0.344544,0.487027,3.7308e-15,0,0,0,0,0,0,0,0,0,0,0,0,0.855775,1.20968,0,0,0,0,0,0,0,0,0,0,0,0,2,0.855775,1.20968,0,1,1,0,0,0,0,0,1.1611,-0.1131,2.5079,0,0,0,0,0,0,1.11718,-0.10495,2.49822,1.41352,0,0,0,0,1,0,0,0,0,0,0,0,0,0,0,0,0,0,0,0,0,0,0,0,0
27.05,-0.00520298,-0.00264704,-0.000336807,-0.0463931,0.0803633,0.00893632,2.98475,1.98252,-2.43994,0.00336024,0.00286939,0.0176236,-0.00637779,0.0185324,0.0161596,3,2,3.92699,0,0,0,0.13876,0.0027084,0.00530116,0,0.0811381,0,0.260062,0.063316,2,3,2,3.92699,0,0,0,0,0,0,0,0,0,0,1.5708,1.5708,0,1.5708,1.5708,0,-0.00387305,-0.00110983,-0.00215901,0,0,0,1.80101,1.20859,0.0648567,-0.0042235,0.000455439,-0.00769306,0.00110424,0.000193788,-0.000680907,1.75578,1.20968,0,0,0,0,0,0,0,0,0,0,0,0,2,1.75578,1.20968,0,0.344544,0.487027,3.7308e-15,0,0,0,0,0,0,0,0,0,0,0,0,0.855775,1.20968,0,0,0,0,0,0,0,0,0,0,0,0,2,0.855775,1.20968,0,1,1,0,0,0,0,0,1.1611,-0.1131,2.5079,0,0,0,0,0,0,1.11718,-0.10495,2.49822,1.41428,0,0,0,0,1,0,0,0,0,0,0,0,0,0,0,0,0,0,0,0,0,0,0,0,0
27.1,-0.00520298,-0.00264704,-0.000336807,-0.0465346,0.0802815,0.00893632,2.98475,1.98252,-2.43994,0.00336024,0.00286939,0.0176236,-0.00637779,0.0185324,0.0161596,3,2,3.92699,0,0,0,0,0,0,0.0006018,0.0150668,0.0237809,0.00161919,0.0083074,2,3,2,3.92699,0,0,0,0,0,0,0,0,0,0,1.5708,1.5708,0,1.5708,1.5708,0,-0.00387305,-0.00110983,-0.00215901,0,0,0,1.80101,1.20859,0.0648567,-0.0042235,0.000455439,-0.00769306,0.00110424,0.000193788,-0.000680907,1.75578,1.20968,0,0,0,0,0,0,0,0,0,0,0,0,2,1.75578,1.20968,0,0.344544,0.487027,3.7308e-15,0,0,0,0,0,0,0,0,0,0,0,0,0.855775,1.20968,0,0,0,0,0,0,0,0,0,0,0,0,2,0.855775,1.20968,0,1,1,0,0,0,0,0,1.162,-0.1168,2.5048,0,0,0,0,0,0,1.11718,-0.10495,2.49822,1.41428,0,0,0,0,1,0,0,0,0,0,0,0,0,0,0,0,0,0,0,0,0,0,0,0,0
27.15,-0.00411404,-0.00304397,-6.58821e-05,-0.0465346,0.0802815,0.00893632,2.98505,1.98281,-2.43828,0.0030018,0.00295177,0.0166234,-0.00872726,0.0197584,0.0200438,3,2,3.92699,0,0,0,0,0,0,0.0006018,0.0150668,0.0237809,0.00161919,0.0083074,2,3,2,3.92699,0,0,0,0,0,0,0,0,0,0,1.5708,1.5708,0,1.5708,1.5708,0,-0.00395531,-0.000510891,-0.00226436,0,0,0,1.8006,1.20862,0.0641276,-0.00415005,0.000275775,-0.00728802,0.000917928,-0.00051907,0.00105791,1.75578,1.20968,0,0,0,0,0,0,0,0,0,0,0,0,2,1.75578,1.20968,0,0.344544,0.487027,3.7308e-15,0,0,0,0,0,0,0,0,0,0,0,0,0.855775,1.20968,0,0,0,0,0,0,0,0,0,0,0,0,2,0.855775,1.20968,0,1,1,0,0,0,0,0,1.162,-0.1168,2.5048,0,0,0,0,0,0,1.11718,-0.10495,2.49822,1.41503,0,0,0,0,1,0,0,0,0,0,0,0,0,0,0,0,0,0,0,0,0,0,0,0,0
27.2,-0.00411404,-0.00304397,-6.58821e-05,-0.046668,0.080204,0.00893632,2.98505,1.98281,-2.43828,0.0030018,0.00295177,0.0166234,-0.00872726,0.0197584,0.0200438,3,2,3.92699,0,0,0,0,0,0,0,0.0168185,0.0180661,0.000554403,0.00176012,2,3,2,3.92699,0,0,0,0,0,0,0,0,0,0,1.5708,1.5708,0,1.5708,1.5708,0,-0.00395531,-0.000510891,-0.00226436,0,0,0,1.8006,1.20862,0.0641276,-0.00415005,0.000275775,-0.00728802,0.000917928,-0.00051907,0.00105791,1.75578,1.20968,0,0,0,0,0,0,0,0,0,0,0,0,2,1.75578,1.20968,0,0.344544,0.487027,3.7308e-15,0,0,0,0,0,0,0,0,0,0,0,0,0.855775,1.20968,0,0,0,0,0,0,0,0,0,0,0,0,2,0.855775,1.20968,0,1,1,0,0,0,0,0,1.162,-0.1168,2.5048,0,0,0,0,0,0,1.14461,-0.11886,2.82021,1.41503,0,0,0,0,1,0,0,0,0,0,0,0,0,0,0,0,0,0,0,0,0,0,0,0,0
27.25,-0.00521168,-0.00115686,-0.000258804,-0.046668,0.080204,0.00893632,2.98538,1.98305,-2.4366,0.0032878,0.00236448,0.0167622,-0.00442231,0.00967852,0.0130825,3,2,3.92699,0,0,0,0,0,0,0,0.0168185,0.0180661,0.000554403,0.00176012,2,3,2,3.92699,0,0,0,0,0,0,0,0,0,0,1.5708,1.5708,0,1.5708,1.5708,0,-0.00382184,-0.000715849,-0.00225599,0,0,0,1.80019,1.20865,0.0634115,-0.00414029,0.0003322,-0.00716506,0.000573527,-0.000183338,0.00137693,1.75578,1.20968,0,0,0,0,0,0,0,0,0,0,0,0,2,1.75578,1.20968,0,0.344544,0.487027,3.7308e-15,0,0,0,0,0,0,0,0,0,0,0,0,0.855775,1.20968,0,0,0,0,0,0,0,0,0,0,0,0,2,0.855775,1.20968,0,1,1,0,0,0,0,0,1.162,-0.1168,2.5048,0,0,0,0,0,0,1.14461,-0.11886,2.82021,1.41576,0,0,0,0,1,0,0,0,0,0,0,0,0,0,0,0,0,0,0,0,0,0,0,0,0
27.3,-0.00521168,-0.00115686,-0.000258804,0,-0,0,2.98538,1.98305,-2.4366,0.0032878,0.00236448,0.0167622,-0.00442231,0.00967852,0.0130825,3,2,3.92699,0,0,0,0,0,0,0,0.0125652,0.0196688,0.00508855,0.0119536,2,3,2,3.92699,0,0,0,0,0,0,0,0,0,0,1.5708,1.5708,0,1.5708,1.5708,0,-0.00382184,-0.000715849,-0.00225599,0,0,0,1.80019,1.20865,0.0634115,-0.00414029,0.0003322,-0.00716506,0.000573527,-0.000183338,0.00137693,1.75578,1.20968,0,0,0,0,0,0,0,0,0,0,0,0,2,1.75578,1.20968,0,0.344544,0.487027,3.7308e-15,0,0,0,0,0,0,0,0,0,0,0,0,0.855775,1.20968,0,0,0,0,0,0,0,0,0,0,0,0,2,0.855775,1.20968,0,1,1,0,0,0,0,0,1.2262,-0.0586,2.5629,0,0,0,0,0,0,1.14461,-0.11886,2.82021,1.41576,0,0,0,0,1,0,0,0,0,0,0,0,0,0,0,0,0,0,0,0,0,0,0,0,0
27.35,-0.00552494,-0.00392396,-0.000556687,0,-0,0,2.98571,1.98336,-2.43488,0.00334075,0.00314675,0.0171511,-0.00185282,0.00757888,0.00850844,3,2,3.92699,0,0,0,0,0,0,0,0.0125652,0.0196688,0.00508855,0.0119536,2,3,2,3.92699,0,0,0,0,0,0,0,0,0,0,1.5708,1.5708,0,1.5708,1.5708,0,-0.0043941,-0.00149947,-0.00212101,0,0,0,1.79979,1.20871,0.0626762,-0.00392518,0.000556383,-0.00734943,0.0011469,0.000832032,0.000115076,1.75578,1.20968,0,0,0,0,0,0,0,0,0,0,0,0,2,1.75578,1.20968,0,0.344544,0.487027,3.7308e-15,0,0,0,0,0,0,0,0,0,0,0,0,0.855775,1.20968,0,0,0,0,0,0,0,0,0,0,0,0,2,0.855775,1.20968,0,1,1,0,0,0,0,0,1.2262,-0.0586,2.5629,0,0,0,0,0,0,1.14461,-0.11886,2.82021,1.41651,0,0,0,0,1,0,0,0,0,0,0,0,0,0,0,0,0,0,0,0,0,0,0,0,0
27.4,-0.00552494,-0.00392396,-0.000556687,0,-0,0,2.98571,1.98336,-2.43488,0.00334075,0.00314675,0.0171511,-0.00185282,0.00757888,0.00850844,3,2,3.92699,0,0,0,0,0,0,0.00559315,0.0159723,0.0301686,0.000822712,0.00892106,2,3,2,3.92699,0,0,0,0,0,0,0,0,0,0,1.5708,1.5708,0,1.5708,1.5708,0,-0.0043941,-0.00149947,-0.00212101,0,0,0,1.79979,1.20871,0.0626762,-0.00392518,0.000556383,-0.00734943,0.0011469,0.000832032,0.000115076,1.75578,1.20968,0,0,0,0,0,0,0,0,0,0,0,0,2,1.75578,1.20968,0,0.344544,0.487027,3.7308e-15,0,0,0,0,0,0,0,0,0,0,0,0,0.855775,1.20968,0,0,0,0,0,0,0,0,0,0,0,0,2,0.855775,1.20968,0,1,1,0,0,0,0,0,1.2262,-0.0586,2.5629,0,0,0,0,0,0,1.17863,-0.12446,2.70158,1.41651,0,0,0,0,1,0,0,0,0,0,0,0,0,0,0,0,0,0,0,0,0,0,0,0,0
27.45,-0.00595212,-0.00196964,-0.0008059,0,-0,0,2.98606,1.98362,-2.43314,0.00342646,0.00253748,0.0174152,-0.000430117,0.00182493,0.00550451,3,2,3.92699,0,0,0,0,0,0,0.00559315,0.0159723,0.0301686,0.000822712,0.00892106,2,3,2,3.92699,0,0,0,0,0,0,0,0,0,0,1.5708,1.5708,0,1.5708,1.5708,0,-0.00450213,-0.00047874,-0.00199941,0,0,0,1.79941,1.20873,0.0619267,-0.00384776,0.000252773,-0.00749802,0.00108515,-0.000577286,-0.0006778,1.75578,1.20968,0,0,0,0,0,0,0,0,0,0,0,0,2,1.75578,1.20968,0,0.344544,0.487027,3.7308e-15,0,0,0,0,0,0,0,0,0,0,0,0,0.855775,1.20968,0,0,0,0,0,0,0,0,0,0,0,0,2,0.855775,1.20968,0,1,1,0,0,0,0,0,1.2262,-0.0586,2.5629,0,0,0,0,0,0,1.17863,-0.12446,2.70158,1.41724,0,0,0,0,1,0,0,0,0,0,0,0,0,0,0,0,0,0,0,0,0,0,0,0,0
27.5,-0.00595212,-0.00196964,-0.0008059,0,-0,0,2.98606,1.98362,-2.43314,0.00342646,0.00253748,0.0174152,-0.000430117,0.00182493,0.00550451,3,2,3.92699,0,0,0,0,0,0,0.00419518,0.0092667,0.0304129,0.00293674,0.0178081,2,3,2,3.92699,0,0,0,0,0,0,0,0,0,0,1.5708,1.5708,0,1.5708,1.5708,0,-0.00450213,-0.00047874,-0.00199941,0,0,0,1.79941,1.20873,0.0619267,-0.00384776,0.000252773,-0.00749802,0.00108515,-0.000577286,-0.0006778,1.75578,1.20968,0,0,0,0,0,0,0,0,0,0,0,0,2,1.75578,1.20968,0,0.344544,0.487027,3.7308e-15,0,0,0,0,0,0,0,0,0,0,0,0,0.855775,1.20968,0,0,0,0,0,0,0,0,0,0,0,0,2,0.855775,1.20968,0,1,1,0,0,0,0,0,1.1646,-0.1263,2.4951,0,0,0,0,0,0,1.17863,-0.12446,2.70158,1.41724,0,0,0,0,1,0,0,0,0,0,0,0,0,0,0,0,0,0,0,0,0,0,0,0,0
27.55,-0.00684426,-0.00191414,-0.000951922,0,-0,0,2.98642,1.98387,-2.4314,0.00364727,0.00249133,0.0174251,0.000822022,0.000137073,0.00296601,3,2,3.92699,0,0,0,0,0,0,0.00419518,0.0092667,0.0304129,0.00293674,0.0178081,2,3,2,3.92699,0,0,0,0,0,0,0,0,0,0,1.5708,1.5708,0,1.5708,1.5708,0,-0.00436504,-0.000597611,-0.00211135,0,0,0,1.79902,1.20876,0.0612185,-0.00384257,0.000284409,-0.00708099,0.000657641,-0.000410394,0.00113993,1.75578,1.20968,0,0,0,0,0,0,0,0,0,0,0,0,2,1.75578,1.20968,0,0.344544,0.487027,3.7308e-15,0,0,0,0,0,0,0,0,0,0,0,0,0.855775,1.20968,0,0,0,0,0,0,0,0,0,0,0,0,2,0.855775,1.20968,0,1,1,0,0,0,0,0,1.1646,-0.1263,2.4951,0,0,0,0,0,0,1.17863,-0.12446,2.70158,1.41799,0,0,0,0,1,0,0,0,0,0,0,0,0,0,0,0,0,0,0,0,0,0,0,0,0
27.6,-0.00684426,-0.00191414,-0.000951922,0,-0,0,2.98642,1.98387,-2.4314,0.00364727,0.00249133,0.0174251,0.000822022,0.000137073,0.00296601,3,2,3.92699,0,0,0,0,0,0,0.00442425,0.00988797,0.0341994,0.00370133,0.0216937,2,3,2,3.92699,0,0,0,0,0,0,0,0,0,0,1.5708,1.5708,0,1.5708,1.5708,0,-0.00436504,-0.000597611,-0.00211135,0,0,0,1.79902,1.20876,0.0612185,-0.00384257,0.000284409,-0.00708099,0.000657641,-0.000410394,0.00113993,1.75578,1.20968,0,0,0,0,0,0,0,0,0,0,0,0,2,1.75578,1.20968,0,0.344544,0.487027,3.7308e-15,0,0,0,0,0,0,0,0,0,0,0,0,0.855775,1.20968,0,0,0,0,0,0,0,0,0,0,0,0,2,0.855775,1.20968,0,1,1,0,0,0,0,0,1.1646,-0.1263,2.4951,0,0,0,0,0,0,0,-0,0,1.41799,0,0,0,0,0,0,0,0,0,0,0,0,0,0,0,0,0,0,0,0,0,0,0,0,0
27.65,-0.00697698,-0.00163256,-0.000916512,0,-0,0,2.98679,1.9841,-2.4297,0.00364315,0.00237952,0.0169971,0.000643723,-0.000594991,-0.00028688,3,2,3.92699,0,0,0,0,0,0,0.00442425,0.00988797,0.0341994,0.00370133,0.0216937,2,3,2,3.92699,0,0,0,0,0,0,0,0,0,0,1.5708,1.5708,0,1.5708,1.5708,0,-0.00479902,-0.00100356,-0.00202276,0,0,0,1.79866,1.2088,0.0605031,-0.00367123,0.000399233,-0.00715533,0.00102479,0.000234723,0.000639475,1.75578,1.20968,0,0,0,0,0,0,0,0,0,0,0,0,2,1.75578,1.20968,0,0.344544,0.487027,3.7308e-15,0,0,0,0,0,0,0,0,0,0,0,0,0.855775,1.20968,0,0,0,0,0,0,0,0,0,0,0,0,2,0.855775,1.20968,0,1,1,0,0,0,0,0,1.1646,-0.1263,2.4951,0,0,0,0,0,0,0,-0,0,1.41871,0,0,0,0,0,0,0,0,0,0,0,0,0,0,0,0,0,0,0,0,0,0,0,0,0
27.7,-0.00697698,-0.00163256,-0.000916512,0,-0,0,2.98679,1.9841,-2.4297,0.00364315,0.00237952,0.0169971,0.000643723,-0.000594991,-0.00028688,3,2,3.92699,0,0,0,0,0,0,0.00308188,0.00986449,0.0335993,0.00405356,0.0221844,2,3,2,3.92699,0,0,0,0,0,0,0,0,0,0,1.5708,1.5708,0,1.5708,1.5708,0,-0.00479902,-0.00100356,-0.00202276,0,0,0,1.79866,1.2088,0.0605031,-0.00367123,0.000399233,-0.00715533,0.00102479,0.000234723,0.000639475,1.75578,1.20968,0,0,0,0,0,0,0,0,0,0,0,0,2,1.75578,1.20968,0,0.344544,0.487027,3.7308e-15,0,0,0,0,0,0,0,0,0,0,0,0,0.855775,1.20968,0,0,0,0,0,0,0,0,0,0,0,0,2,0.855775,1.20968,0,1,1,0,0,0,0,0,1.1657,-0.1313,2.4902,0,0,0,0,0,0,0,-0,0,1.41871,0,0,0,0,0,0,0,0,0,0,0,0,0,0,0,0,0,0,0,0,0,0,0,0,0
27.75,-0.00767862,-0.00181044,-0.00114349,0,-0,0,2.98717,1.98434,-2.42798,0.00380566,0.00240357,0.0172107,0.00101101,-0.00036078,0.000237347,3,2,3.92699,0,0,0,0,0,0,0.00308188,0.00986449,0.0335993,0.00405356,0.0221844,2,3,2,3.92699,0,0,0,0,0,0,0,0,0,0,1.5708,1.5708,0,1.5708,1.5708,0,-0.00441605,-0.000642462,-0.00200006,0,0,0,1.79828,1.20883,0.0597965,-0.0037397,0.000289455,-0.00706948,0.000392255,-0.000210416,0.000660658,1.75578,1.20968,0,0,0,0,0,0,0,0,0,0,0,0,2,1.75578,1.20968,0,0.344544,0.487027,3.7308e-15,0,0,0,0,0,0,0,0,0,0,0,0,0.855775,1.20968,0,0,0,0,0,0,0,0,0,0,0,0,2,0.855775,1.20968,0,1,1,0,0,0,0,0,1.1657,-0.1313,2.4902,0,0,0,0,0,0,0,-0,0,1.41946,0,0,0,0,0,0,0,0,0,0,0,0,0,0,0,0,0,0,0,0,0,0,0,0,0
27.8,-0.00767862,-0.00181044,-0.00114349,-0.00810965,-0.00702157,-0.000757107,2.98717,1.98434,-2.42798,0.00380566,0.00240357,0.0172107,0.00101101,-0.00036078,0.000237347,3,2,3.92699,0,0,0,0,0,0,0.00525519,0.0100167,0.0379717,0.00448896,0.0262385,2,3,2,3.92699,0,0,0,0,0,0,0,0,0,0,1.5708,1.5708,0,1.5708,1.5708,0,-0.00441605,-0.000642462,-0.00200006,0,0,0,1.79828,1.20883,0.0597965,-0.0037397,0.000289455,-0.00706948,0.000392255,-0.000210416,0.000660658,1.75578,1.20968,0,0,0,0,0,0,0,0,0,0,0,0,2,1.75578,1.20968,0,0.344544,0.487027,3.7308e-15,0,0,0,0,0,0,0,0,0,0,0,0,0.855775,1.20968,0,0,0,0,0,0,0,0,0,0,0,0,2,0.855775,1.20968,0,1,1,0,0,0,0,0,1.1657,-0.1313,2.4902,0,0,0,0,0,0,1.29268,-0.14616,3.08994,1.41946,0,0,0,0,1,0,0,0,0,0,0,0,0,0,0,0,0,0,0,0,0,0,0,0,0
27.85,-0.00835704,-0.00184771,-0.00126334,-0.00810965,-0.00702157,-0.000757107,2.98756,1.98458,-2.42626,0.00395943,0.00238615,0.0171614,0.00127642,-0.00025129,3.99388e-05,3,2,3.92699,0,0,0,0,0,0,0.00525519,0.0100167,0.0379717,0.00448896,0.0262385,2,3,2,3.92699,0,0,0,0,0,0,0,0,0,0,1.5708,1.5708,0,1.5708,1.5708,0,-0.0039299,-0.000817019,-0.00254659,0,0,0,1.7979,1.20886,0.0592351,-0.00383737,0.000336869,-0.00561385,-0.000245418,3.23251e-06,0.00620652,1.75578,1.20968,0,0,0,0,0,0,0,0,0,0,0,0,2,1.75578,1.20968,0,0.344544,0.487027,3.7308e-15,0,0,0,0,0,0,0,0,0,0,0,0,0.855775,1.20968,0,0,0,0,0,0,0,0,0,0,0,0,2,0.855775,1.20968,0,1,1,0,0,0,0,0,1.1657,-0.1313,2.4902,0,0,0,0,0,0,1.29268,-0.14616,3.08994,1.42023,0,0,0,0,1,0,0,0,0,0,0,0,0,0,0,0,0,0,0,0,0,0,0,0,0
27.9,-0.00835704,-0.00184771,-0.00126334,-0.00809759,-0.00703548,-0.000757107,2.98756,1.98458,-2.42626,0.00395943,0.00238615,0.0171614,0.00127642,-0.00025129,3.99388e-05,3,2,3.92699,0,0,0,0,0,0,0.00569485,0.0105587,0.0411094,0.00501094,0.0291439,2,3,2,3.92699,0,0,0,0,0,0,0,0,0,0,1.5708,1.5708,0,1.5708,1.5708,0,-0.0039299,-0.000817019,-0.00254659,0,0,0,1.7979,1.20886,0.0592351,-0.00383737,0.000336869,-0.00561385,-0.000245418,3.23251e-06,0.00620652,1.75578,1.20968,0,0,0,0,0,0,0,0,0,0,0,0,2,1.75578,1.20968,0,0.344544,0.487027,3.7308e-15,0,0,0,0,0,0,0,0,0,0,0,0,0.855775,1.20968,0,0,0,0,0,0,0,0,0,0,0,0,2,0.855775,1.20968,0,1,1,0,0,0,0,0,1.0954,-0.2077,2.414,0,0,0,0,0,0,1.29268,-0.14616,3.08994,1.42023,0,0,0,0,1,0,0,0,0,0,0,0,0,0,0,0,0,0,0,0,0,0,0,0,0
27.95,-0.00890203,-0.00268297,-0.00151791,-0.00809759,-0.00703548,-0.000757107,2.98797,1.98484,-2.42452,0.00407232,0.00260258,0.0174382,0.00124925,0.00072614,0.00108457,3,2,3.92699,0,0,0,0,0,0,0.00569485,0.0105587,0.0411094,0.00501094,0.0291439,2,3,2,3.92699,0,0,0,0,0,0,0,0,0,0,1.5708,1.5708,0,1.5708,1.5708,0,-0.00610954,-0.000847531,-0.00119416,0,0,0,1.79758,1.2089,0.0583589,-0.003158,0.000341802,-0.00876189,0.00248499,5.02251e-05,-0.0080948,1.75578,1.20968,0,0,0,0,0,0,0,0,0,0,0,0,2,1.75578,1.20968,0,0.344544,0.487027,3.7308e-15,0,0,0,0,0,0,0,0,0,0,0,0,0.855775,1.20968,0,0,0,0,0,0,0,0,0,0,0,0,2,0.855775,1.20968,0,1,1,0,0,0,0,0,1.0954,-0.2077,2.414,0,0,0,0,0,0,1.29268,-0.14616,3.08994,1.42095,0,0,0,0,1,0,0,0,0,0,0,0,0,0,0,0,0,0,0,0,0,0,0,0,0
28,-0.00890203,-0.00268297,-0.00151791,-0.00808531,-0.00704959,-0.000757107,2.98797,1.98484,-2.42452,0.00407232,0.00260258,0.0174382,0.00124925,0.00072614,0.00108457,3,2,3.92699,0,0,0,0,0,0,0.00986759,0.0113738,0.0469424,0.00476669,0.0317088,2,3,2,3.92699,0,0,0,0,0,0,0,0,0,0,1.5708,1.5708,0,1.5708,1.5708,0,-0.00610954,-0.000847531,-0.00119416,0,0,0,1.79758,1.2089,0.0583589,-0.003158,0.000341802,-0.00876189,0.00248499,5.02251e-05,-0.0080948,1.75578,1.20968,0,0,0,0,0,0,0,0,0,0,0,0,2,1.75578,1.20968,0,0.344544,0.487027,3.7308e-15,0,0,0,0,0,0,0,0,0,0,0,0,0.855775,1.20968,0,0,0,0,0,0,0,0,0,0,0,0,2,0.855775,1.20968,0,1,1,0,0,0,0,0,1.0954,-0.2077,2.414,0,0,0,0,0,0,0,-0,0,1.42095,0,0,0,0,0,0,0,0,0,0,0,0,0,0,0,0,0,0,0,0,0,0,0,0,0
28.05,-0.00947862,-0.00190559,-0.00136642,-0.00999542,-0.00871502,-0.00093597,2.98839,1.98508,-2.42285,0.00419312,0.00234429,0.0167298,0.00123153,-0.000462299,-0.00202761,3,2,3.92699,0,0,0,0,0,0,0.00986759,0.0113738,0.0469424,0.00476669,0.0317088,2,3,2,3.92699,0,0,0,0,0,0,0,0,0,0,1.5708,1.5708,0,1.5708,1.5708,0,-0.00558312,-0.00060518,-0.00211496,0,0,0,1.79726,1.20892,0.0577216,-0.0032742,0.000267257,-0.00637124,0.00139504,-0.000261157,0.00275287,1.75578,1.20968,0,0,0,0,0,0,0,0,0,0,0,0,2,1.75578,1.20968,0,0.344544,0.487027,3.7308e-15,0,0,0,0,0,0,0,0,0,0,0,0,0.855775,1.20968,0,0,0,0,0,0,0,0,0,0,0,0,2,0.855775,1.20968,0,1,1,0,0,0,0,0,1.0954,-0.2077,2.414,0,0,0,0,0,0,0,-0,0,1.42169,0,0,0,0,0,0,0,0,0,0,0,0,0,0,0,0,0,0,0,0,0,0,0,0,0
28.1,-0.00947862,-0.00190559,-0.00136642,-0.00998082,-0.00873173,-0.00093597,2.98839,1.98508,-2.42285,0.00419312,0.00234429,0.0167298,0.00123153,-0.000462299,-0.00202761,3,2,3.92699,0,0,0,0,0,0,0.00508863,0.0123394,0.0461181,0.00586651,0.0329295,2,3,2,3.92699,0,0,0,0,0,0,0,0,0,0,1.5708,1.5708,0,1.5708,1.5708,0,-0.00558312,-0.00060518,-0.00211496,0,0,0,1.79726,1.20892,0.0577216,-0.0032742,0.000267257,-0.00637124,0.00139504,-0.000261157,0.00275287,1.75578,1.20968,0,0,0,0,0,0,0,0,0,0,0,0,2,1.75578,1.20968,0,0.344544,0.487027,3.7308e-15,0,0,0,0,0,0,0,0,0,0,0,0,0.855775,1.20968,0,0,0,0,0,0,0,0,0,0,0,0,2,0.855775,1.20968,0,1,1,0,0,0,0,0,1.168,-0.1412,2.4805,0,0,0,0,0,0,0,-0,0,1.42169,0,0,0,0,0,0,0,0,0,0,0,0,0,0,0,0,0,0,0,0,0,0,0,0,0
28.15,-0.00993946,-0.00192509,-0.00117784,-0.00998082,-0.00873173,-0.00093597,2.98882,1.98531,-2.42125,0.00427861,0.00232236,0.0159458,0.00107668,-0.000527025,-0.00477831,3,2,3.92699,0,0,0,0,0,0,0.00508863,0.0123394,0.0461181,0.00586651,0.0329295,2,3,2,3.92699,0,0,0,0,0,0,0,0,0,0,1.5708,1.5708,0,1.5708,1.5708,0,-0.00507379,-0.000636916,-0.00178776,0,0,0,1.79692,1.20895,0.057018,-0.00338407,0.000273362,-0.00703434,0.000252362,-0.000174637,0.000473537,1.75578,1.20968,0,0,0,0,0,0,0,0,0,0,0,0,2,1.75578,1.20968,0,0.344544,0.487027,3.7308e-15,0,0,0,0,0,0,0,0,0,0,0,0,0.855775,1.20968,0,0,0,0,0,0,0,0,0,0,0,0,2,0.855775,1.20968,0,1,1,0,0,0,0,0,1.168,-0.1412,2.4805,0,0,0,0,0,0,0,-0,0,1.42245,0,0,0,0,0,0,0,0,0,0,0,0,0,0,0,0,0,0,0,0,0,0,0,0,0
28.2,-0.00993946,-0.00192509,-0.00117784,-0.00996688,-0.00874764,-0.00093597,2.98882,1.98531,-2.42125,0.00427861,0.00232236,0.0159458,0.00107668,-0.000527025,-0.00477831,3,2,3.92699,0,0,0,0,0,0,0.00159981,0.0144802,0.0463159,0.00619587,0.0312807,2,3,2,3.92699,0,0,0,0,0,0,0,0,0,0,1.5708,1.5708,0,1.5708,1.5708,0,-0.00507379,-0.000636916,-0.00178776,0,0,0,1.79692,1.20895,0.057018,-0.00338407,0.000273362,-0.00703434,0.000252362,-0.000174637,0.000473537,1.75578,1.20968,0,0,0,0,0,0,0,0,0,0,0,0,2,1.75578,1.20968,0,0.344544,0.487027,3.7308e-15,0,0,0,0,0,0,0,0,0,0,0,0,0.855775,1.20968,0,0,0,0,0,0,0,0,0,0,0,0,2,0.855775,1.20968,0,1,1,0,0,0,0,0,1.168,-0.1412,2.4805,0,0,0,0,0,0,1.10253,-0.13491,2.49686,1.42245,0,0,0,0,1,0,0,0,0,0,0,0,0,0,0,0,0,0,0,0,0,0,0,0,0
28.25,-0.0101257,-0.00274226,-0.00118412,-0.00996688,-0.00874764,-0.00093597,2.98925,1.98556,-2.41969,0.00428269,0.00253423,0.0156473,0.000642836,0.000522186,-0.0044286,3,2,3.92699,0,0,0,0,0,0,0.00159981,0.0144802,0.0463159,0.00619587,0.0312807,2,3,2,3.92699,0,0,0,0,0,0,0,0,0,0,1.5708,1.5708,0,1.5708,1.5708,0,-0.00594152,-0.00101247,-0.00180465,0,0,0,1.79661,1.20899,0.0563321,-0.00309184,0.000379464,-0.00685536,0.00116383,0.000330938,0.000689318,1.75578,1.20968,0,0,0,0,0,0,0,0,0,0,0,0,2,1.75578,1.20968,0,0.344544,0.487027,3.7308e-15,0,0,0,0,0,0,0,0,0,0,0,0,0.855775,1.20968,0,0,0,0,0,0,0,0,0,0,0,0,2,0.855775,1.20968,0,1,1,0,0,0,0,0,1.168,-0.1412,2.4805,0,0,0,0,0,0,1.10253,-0.13491,2.49686,1.42318,0,0,0,0,1,0,0,0,0,0,0,0,0,0,0,0,0,0,0,0,0,0,0,0,0
28.3,-0.0101257,-0.00274226,-0.00118412,-0.0103408,-0.00910454,-0.000972424,2.98925,1.98556,-2.41969,0.00428269,0.00253423,0.0156473,0.000642836,0.000522186,-0.0044286,3,2,3.92699,0,0,0,0,0,0,0.00296386,0.0166858,0.0487707,0.00564072,0.0298394,2,3,2,3.92699,0,0,0,0,0,0,0,0,0,0,1.5708,1.5708,0,1.5708,1.5708,0,-0.00594152,-0.00101247,-0.00180465,0,0,0,1.79661,1.20899,0.0563321,-0.00309184,0.000379464,-0.00685536,0.00116383,0.000330938,0.000689318,1.75578,1.20968,0,0,0,0,0,0,0,0,0,0,0,0,2,1.75578,1.20968,0,0.344544,0.487027,3.7308e-15,0,0,0,0,0,0,0,0,0,0,0,0,0.855775,1.20968,0,0,0,0,0,0,0,0,0,0,0,0,2,0.855775,1.20968,0,1,1,0,0,0,0,0,1.1439,-0.171,2.4507,0,0,0,0,0,0,1.10253,-0.13491,2.49686,1.42318,0,0,0,0,1,0,0,0,0,0,0,0,0,0,0,0,0,0,0,0,0,0,0,0,0
28.4,-0.0111381,-0.00357931,-0.00124415,-0.0103408,-0.00910454,-0.000972424,2.9897,1.98584,-2.41814,0.00452867,0.00274946,0.0154848,0.00130026,0.0013096,-0.00329727,3,2,3.92699,0,0,0,0,0,0,0.00296386,0.0166858,0.0487707,0.00564072,0.0298394,2,3,2,3.92699,0,0,0,0,0,0,0,0,0,0,1.5708,1.5708,0,1.5708,1.5708,0,-0.00551561,-0.00107588,-0.00183751,0,0,0,1.79629,1.20903,0.0556686,-0.00317961,0.00039348,-0.00664164,0.000478657,0.000322257,0.0013127,1.75578,1.20968,0,0,0,0,0,0,0,0,0,0,0,0,2,1.75578,1.20968,0,0.344544,0.487027,3.7308e-15,0,0,0,0,0,0,0,0,0,0,0,0,0.855775,1.20968,0,0,0,0,0,0,0,0,0,0,0,0,2,0.855775,1.20968,0,1,1,0,0,0,0,0,1.1439,-0.171,2.4507,0,0,0,0,0,0,1.10253,-0.13491,2.49686,1.42396,0,0,0,0,1,0,0,0,0,0,0,0,0,0,0,0,0,0,0,0,0,0,0,0,0
28.45,-0.0111381,-0.00357931,-0.00124415,-0.0103267,-0.00912052,-0.000972424,2.9897,1.98584,-2.41814,0.00452867,0.00274946,0.0154848,0.00130026,0.0013096,-0.00329727,3,2,3.92699,0,0,0,0,0,0,0.00355439,0.0204922,0.0540451,0.00571776,0.0307497,2,3,2,3.92699,0,0,0,0,0,0,0,0,0,0,1.5708,1.5708,0,1.5708,1.5708,0,-0.00551561,-0.00107588,-0.00183751,0,0,0,1.79629,1.20903,0.0556686,-0.00317961,0.00039348,-0.00664164,0.000478657,0.000322257,0.0013127,1.75578,1.20968,0,0,0,0,0,0,0,0,0,0,0,0,2,1.75578,1.20968,0,0.344544,0.487027,3.7308e-15,0,0,0,0,0,0,0,0,0,0,0,0,0.855775,1.20968,0,0,0,0,0,0,0,0,0,0,0,0,2,0.855775,1.20968,0,1,1,0,0,0,0,0,1.1439,-0.171,2.4507,0,0,0,0,0,0,1.1308,-0.137,2.41547,1.42396,0,0,0,0,1,0,0,0,0,0,0,0,0,0,0,0,0,0,0,0,0,0,0,0,0
28.5,-0.010734,-0.0040338,-0.000795423,-0.0103267,-0.00912052,-0.000972424,2.99013,1.98612,-2.41673,0.00435702,0.00285014,0.0140979,0.000197478,0.00130346,-0.00732245,3,2,3.92699,0,0,0,0,0,0,0.00355439,0.0204922,0.0540451,0.00571776,0.0307497,2,3,2,3.92699,0,0,0,0,0,0,0,0,0,0,1.5708,1.5708,0,1.5708,1.5708,0,-0.0061714,-0.000985892,-0.00166752,0,0,0,1.796,1.20907,0.0549768,-0.00295149,0.000362678,-0.00692073,0.00109673,7.04691e-05,-0.000262237,1.75578,1.20968,0,0,0,0,0,0,0,0,0,0,0,0,2,1.75578,1.20968,0,0.344544,0.487027,3.7308e-15,0,0,0,0,0,0,0,0,0,0,0,0,0.855775,1.20968,0,0,0,0,0,0,0,0,0,0,0,0,2,0.855775,1.20968,0,1,1,0,0,0,0,0,1.1439,-0.171,2.4507,0,0,0,0,0,0,1.1308,-0.137,2.41547,1.42471,0,0,0,0,1,0,0,0,0,0,0,0,0,0,0,0,0,0,0,0,0,0,0,0,0
28.55,-0.010734,-0.0040338,-0.000795423,-0.0101325,-0.00897445,-0.000955327,2.99013,1.98612,-2.41673,0.00435702,0.00285014,0.0140979,0.000197478,0.00130346,-0.00732245,3,2,3.92699,0,0,0,0,0,0,0,0.0265707,0.0479132,0.0053612,0.0232632,2,3,2,3.92699,0,0,0,0,0,0,0,0,0,0,1.5708,1.5708,0,1.5708,1.5708,0,-0.0061714,-0.000985892,-0.00166752,0,0,0,1.796,1.20907,0.0549768,-0.00295149,0.000362678,-0.00692073,0.00109673,7.04691e-05,-0.000262237,1.75578,1.20968,0,0,0,0,0,0,0,0,0,0,0,0,2,1.75578,1.20968,0,0.344544,0.487027,3.7308e-15,0,0,0,0,0,0,0,0,0,0,0,0,0.855775,1.20968,0,0,0,0,0,0,0,0,0,0,0,0,2,0.855775,1.20968,0,1,1,0,0,0,0,0,1.2026,-0.1179,2.5038,0,0,0,0,0,0,1.1308,-0.137,2.41547,1.42471,0,0,0,0,1,0,0,0,0,0,0,0,0,0,0,0,0,0,0,0,0,0,0,0,0
28.6,-0.00993482,-0.00366145,-0.000584588,-0.0101325,-0.00897445,-0.000955327,2.99054,1.98639,-2.4154,0.00407169,0.00270754,0.0133123,-0.00117558,0.000209366,-0.0080987,3,2,3.92699,0,0,0,0,0,0,0,0.0265707,0.0479132,0.0053612,0.0232632,2,3,2,3.92699,0,0,0,0,0,0,0,0,0,0,1.5708,1.5708,0,1.5708,1.5708,0,-0.00598023,-0.00142021,-0.00198258,0,0,0,1.7957,1.20911,0.0543745,-0.00297256,0.000484842,-0.00602575,0.000661616,0.000495906,0.00321232,1.75578,1.20968,0,0,0,0,0,0,0,0,0,0,0,0,2,1.75578,1.20968,0,0.344544,0.487027,3.7308e-15,0,0,0,0,0,0,0,0,0,0,0,0,0.855775,1.20968,0,0,0,0,0,0,0,0,0,0,0,0,2,0.855775,1.20968,0,1,1,0,0,0,0,0,1.2026,-0.1179,2.5038,0,0,0,0,0,0,1.1308,-0.137,2.41547,1.42542,0,0,0,0,1,0,0,0,0,0,0,0,0,0,0,0,0,0,0,0,0,0,0,0,0
28.65,-0.00993482,-0.00366145,-0.000584588,-0.0101206,-0.00898792,-0.000955327,2.99054,1.98639,-2.4154,0.00407169,0.00270754,0.0133123,-0.00117558,0.000209366,-0.0080987,3,2,3.92699,0,0,0,0,0,0,0,0.0264381,0.042132,0.00609193,0.0207466,2,3,2,3.92699,0,0,0,0,0,0,0,0,0,0,1.5708,1.5708,0,1.5708,1.5708,0,-0.00598023,-0.00142021,-0.00198258,0,0,0,1.7957,1.20911,0.0543745,-0.00297256,0.000484842,-0.00602575,0.000661616,0.000495906,0.00321232,1.75578,1.20968,0,0,0,0,0,0,0,0,0,0,0,0,2,1.75578,1.20968,0,0.344544,0.487027,3.7308e-15,0,0,0,0,0,0,0,0,0,0,0,0,0.855775,1.20968,0,0,0,0,0,0,0,0,0,0,0,0,2,0.855775,1.20968,0,1,1,0,0,0,0,0,1.2026,-0.1179,2.5038,0,0,0,0,0,0,1.13137,-0.14344,2.49732,1.42542,0,0,0,0,1,0,0,0,0,0,0,0,0,0,0,0,0,0,0,0,0,0,0,0,0
28.7,-0.00960661,-0.00294769,-0.000783562,-0.0101206,-0.00898792,-0.000955327,2.99093,1.98664,-2.41405,0.0039276,0.00246665,0.0135305,-0.0014637,-0.000982376,-0.00408338,3,2,3.92699,0,0,0,0,0,0,0,0.0264381,0.042132,0.00609193,0.0207466,2,3,2,3.92699,0,0,0,0,0,0,0,0,0,0,1.5708,1.5708,0,1.5708,1.5708,0,-0.0062149,-0.00124581,-0.00163303,0,0,0,1.79541,1.20916,0.0536995,-0.00286942,0.000428399,-0.00674949,0.000747606,0.000130342,-0.00049833,1.75578,1.20968,0,0,0,0,0,0,0,0,0,0,0,0,2,1.75578,1.20968,0,0.344544,0.487027,3.7308e-15,0,0,0,0,0,0,0,0,0,0,0,0,0.855775,1.20968,0,0,0,0,0,0,0,0,0,0,0,0,2,0.855775,1.20968,0,1,1,0,0,0,0,0,1.2026,-0.1179,2.5038,0,0,0,0,0,0,1.13137,-0.14344,2.49732,1.4261,0,0,0,0,1,0,0,0,0,0,0,0,0,0,0,0,0,0,0,0,0,0,0,0,0
28.75,-0.00960661,-0.00294769,-0.000783562,-0.0101084,-0.00900161,-0.000955327,2.99093,1.98664,-2.41405,0.0039276,0.00246665,0.0135305,-0.0014637,-0.000982376,-0.00408338,3,2,3.92699,0,0,0,0,0,0,0,0.0211438,0.0423843,0.00561146,0.0236193,2,3,2,3.92699,0,0,0,0,0,0,0,0,0,0,1.5708,1.5708,0,1.5708,1.5708,0,-0.0062149,-0.00124581,-0.00163303,0,0,0,1.79541,1.20916,0.0536995,-0.00286942,0.000428399,-0.00674949,0.000747606,0.000130342,-0.00049833,1.75578,1.20968,0,0,0,0,0,0,0,0,0,0,0,0,2,1.75578,1.20968,0,0.344544,0.487027,3.7308e-15,0,0,0,0,0,0,0,0,0,0,0,0,0.855775,1.20968,0,0,0,0,0,0,0,0,0,0,0,0,2,0.855775,1.20968,0,1,1,0,0,0,0,0,1.1717,-0.1539,2.4678,0,0,0,0,0,0,1.13137,-0.14344,2.49732,1.4261,0,0,0,0,1,0,0,0,0,0,0,0,0,0,0,0,0,0,0,0,0,0,0,0,0
28.8,-0.00919802,-0.00299713,-0.000298095,-0.00894195,-0.00796288,-0.000845087,2.99131,1.98689,-2.41284,0.00376168,0.00245205,0.0120933,-0.00158425,-0.000811706,-0.00766262,3,2,3.92699,0,0,0,0,0,0,0,0.0211438,0.0423843,0.00561146,0.0236193,2,3,2,3.92699,0,0,0,0,0,0,0,0,0,0,1.5708,1.5708,0,1.5708,1.5708,0,-0.00611175,-0.0015734,-0.00185166,0,0,0,1.79512,1.20921,0.0530904,-0.00286581,0.000518726,-0.00609011,0.000477426,0.000389323,0.00183891,1.75578,1.20968,0,0,0,0,0,0,0,0,0,0,0,0,2,1.75578,1.20968,0,0.344544,0.487027,3.7308e-15,0,0,0,0,0,0,0,0,0,0,0,0,0.855775,1.20968,0,0,0,0,0,0,0,0,0,0,0,0,2,0.855775,1.20968,0,1,1,0,0,0,0,0,1.1717,-0.1539,2.4678,0,0,0,0,0,0,1.13137,-0.14344,2.49732,1.42676,0,0,0,0,1,0,0,0,0,0,0,0,0,0,0,0,0,0,0,0,0,0,0,0,0
28.85,-0.00919802,-0.00299713,-0.000298095,-0.00893232,-0.00797369,-0.000845087,2.99131,1.98689,-2.41284,0.00376168,0.00245205,0.0120933,-0.00158425,-0.000811706,-0.00766262,3,2,3.92699,0,0,0,0,0,0,0,0.0267195,0.0348585,0.00958036,0.017446,2,3,2,3.92699,0,0,0,0,0,0,0,0,0,0,1.5708,1.5708,0,1.5708,1.5708,0,-0.00611175,-0.0015734,-0.00185166,0,0,0,1.79512,1.20921,0.0530904,-0.00286581,0.000518726,-0.00609011,0.000477426,0.000389323,0.00183891,1.75578,1.20968,0,0,0,0,0,0,0,0,0,0,0,0,2,1.75578,1.20968,0,0.344544,0.487027,3.7308e-15,0,0,0,0,0,0,0,0,0,0,0,0,0.855775,1.20968,0,0,0,0,0,0,0,0,0,0,0,0,2,0.855775,1.20968,0,1,1,0,0,0,0,0,1.1717,-0.1539,2.4678,0,0,0,0,0,0,1.21175,-0.16302,2.67708,1.42676,0,0,0,0,1,0,0,0,0,0,0,0,0,0,0,0,0,0,0,0,0,0,0,0,0
28.9,-0.00840536,-0.00195748,-0.000767105,-0.00893232,-0.00797369,-0.000845087,2.99166,1.9871,-2.41154,0.00348528,0.00211877,0.0129871,-0.00207461,-0.00179767,-0.00152276,3,2,3.92699,0,0,0,0,0,0,0,0.0267195,0.0348585,0.00958036,0.017446,2,3,2,3.92699,0,0,0,0,0,0,0,0,0,0,1.5708,1.5708,0,1.5708,1.5708,0,-0.00672535,-0.00155748,-0.00159247,0,0,0,1.79486,1.20926,0.0524311,-0.00265365,0.000508015,-0.00659494,0.00109983,0.000225654,-0.000592343,1.75578,1.20968,0,0,0,0,0,0,0,0,0,0,0,0,2,1.75578,1.20968,0,0.344544,0.487027,3.7308e-15,0,0,0,0,0,0,0,0,0,0,0,0,0.855775,1.20968,0,0,0,0,0,0,0,0,0,0,0,0,2,0.855775,1.20968,0,1,1,0,0,0,0,0,1.1717,-0.1539,2.4678,0,0,0,0,0,0,1.21175,-0.16302,2.67708,1.42736,0,0,0,0,1,0,0,0,0,0,0,0,0,0,0,0,0,0,0,0,0,0,0,0,0
28.95,-0.00840536,-0.00195748,-0.000767105,-0.00892196,-0.00798528,-0.000845087,2.99166,1.9871,-2.41154,0.00348528,0.00211877,0.0129871,-0.00207461,-0.00179767,-0.00152276,3,2,3.92699,0,0,0,0,0,0,0,0.015823,0.0367934,0.00557042,0.0233683,2,3,2,3.92699,0,0,0,0,0,0,0,0,0,0,1.5708,1.5708,0,1.5708,1.5708,0,-0.00672535,-0.00155748,-0.00159247,0,0,0,1.79486,1.20926,0.0524311,-0.00265365,0.000508015,-0.00659494,0.00109983,0.000225654,-0.000592343,1.75578,1.20968,0,0,0,0,0,0,0,0,0,0,0,0,2,1.75578,1.20968,0,0.344544,0.487027,3.7308e-15,0,0,0,0,0,0,0,0,0,0,0,0,0.855775,1.20968,0,0,0,0,0,0,0,0,0,0,0,0,2,0.855775,1.20968,0,1,1,0,0,0,0,0,1.1726,-0.1576,2.464,0,0,0,0,0,0,1.21175,-0.16302,2.67708,1.42736,0,0,0,0,1,0,0,0,0,0,0,0,0,0,0,0,0,0,0,0,0,0,0,0,0
29,-0.00954049,-0.00203094,-0.000282379,-0.00892196,-0.00798528,-0.000845087,2.99204,1.98731,-2.41038,0.00377654,0.0021153,0.0115623,-0.000143363,-0.00122372,-0.00575844,3,2,3.92699,0,0,0,0,0,0,0,0.015823,0.0367934,0.00557042,0.0233683,2,3,2,3.92699,0,0,0,0,0,0,0,0,0,0,1.5708,1.5708,0,1.5708,1.5708,0,-0.00627061,-0.00148903,-0.00171909,0,0,0,1.79458,1.20931,0.0518151,-0.0027549,0.000482139,-0.00616031,0.000336349,1.06472e-05,0.00104294,1.75578,1.20968,0,0,0,0,0,0,0,0,0,0,0,0,2,1.75578,1.20968,0,0.344544,0.487027,3.7308e-15,0,0,0,0,0,0,0,0,0,0,0,0,0.855775,1.20968,0,0,0,0,0,0,0,0,0,0,0,0,2,0.855775,1.20968,0,1,1,0,0,0,0,0,1.1726,-0.1576,2.464,0,0,0,0,0,0,1.21175,-0.16302,2.67708,1.428,0,0,0,0,1,0,0,0,0,0,0,0,0,0,0,0,0,0,0,0,0,0,0,0,0
29.05,-0.00954049,-0.00203094,-0.000282379,0,-0,0,2.99204,1.98731,-2.41038,0.00377654,0.0021153,0.0115623,-0.000143363,-0.00122372,-0.00575844,3,2,3.92699,0,0,0,0,0,0,0,0.0253642,0.0334341,0.0129841,0.0207831,2,3,2,3.92699,0,0,0,0,0,0,0,0,0,0,1.5708,1.5708,0,1.5708,1.5708,0,-0.00627061,-0.00148903,-0.00171909,0,0,0,1.79458,1.20931,0.0518151,-0.0027549,0.000482139,-0.00616031,0.000336349,1.06472e-05,0.00104294,1.75578,1.20968,0,0,0,0,0,0,0,0,0,0,0,0,2,1.75578,1.20968,0,0.344544,0.487027,3.7308e-15,0,0,0,0,0,0,0,0,0,0,0,0,0.855775,1.20968,0,0,0,0,0,0,0,0,0,0,0,0,2,0.855775,1.20968,0,1,1,0,0,0,0,0,1.1726,-0.1576,2.464,0,0,0,0,0,0,0,-0,0,1.428,0,0,0,0,0,0,0,0,0,0,0,0,0,0,0,0,0,0,0,0,0,0,0,0,0
29.1,-0.00833157,0.00125308,-0.000135752,0,-0,0,2.99237,1.98742,-2.40928,0.00337807,0.00112887,0.0109812,-0.00141848,-0.00459965,-0.00635812,3,2,3.92699,0,0,0,0,0,0,0,0.0253642,0.0334341,0.0129841,0.0207831,2,3,2,3.92699,0,0,0,0,0,0,0,0,0,0,1.5708,1.5708,0,1.5708,1.5708,0,-0.00647572,-0.000774395,-0.00152443,0,0,0,1.79432,1.20933,0.0511641,-0.00266291,0.000268488,-0.00650822,0.000467321,-0.000876657,-0.000539973,1.75578,1.20968,0,0,0,0,0,0,0,0,0,0,0,0,2,1.75578,1.20968,0,0.344544,0.487027,3.7308e-15,0,0,0,0,0,0,0,0,0,0,0,0,0.855775,1.20968,0,0,0,0,0,0,0,0,0,0,0,0,2,0.855775,1.20968,0,1,1,0,0,0,0,0,1.1726,-0.1576,2.464,0,0,0,0,0,0,0,-0,0,1.42855,0,0,0,0,0,0,0,0,0,0,0,0,0,0,0,0,0,0,0,0,0,0,0,0,0
29.15,-0.00833157,0.00125308,-0.000135752,0,-0,0,2.99237,1.98742,-2.40928,0.00337807,0.00112887,0.0109812,-0.00141848,-0.00459965,-0.00635812,3,2,3.92699,0,0,0,0,0,0,0,0.0161086,0.0211387,0.0201671,0.0250282,2,3,2,3.92699,0,0,0,0,0,0,0,0,0,0,1.5708,1.5708,0,1.5708,1.5708,0,-0.00647572,-0.000774395,-0.00152443,0,0,0,1.79432,1.20933,0.0511641,-0.00266291,0.000268488,-0.00650822,0.000467321,-0.000876657,-0.000539973,1.75578,1.20968,0,0,0,0,0,0,0,0,0,0,0,0,2,1.75578,1.20968,0,0.344544,0.487027,3.7308e-15,0,0,0,0,0,0,0,0,0,0,0,0,0.855775,1.20968,0,0,0,0,0,0,0,0,0,0,0,0,2,0.855775,1.20968,0,1,1,0,0,0,0,0,1.1735,-0.1611,2.4605,0,0,0,0,0,0,0,-0,0,1.42855,0,0,0,0,0,0,0,0,0,0,0,0,0,0,0,0,0,0,0,0,0,0,0,0,0
29.2,-0.00975401,0.00252014,0.000219519,0,-0,0,2.99275,1.9875,-2.40829,0.00375472,0.000744596,0.00990824,0.000479154,-0.00475433,-0.00819134,3,2,3.92699,0,0,0,0,0,0,0,0.0161086,0.0211387,0.0201671,0.0250282,2,3,2,3.92699,0,0,0,0,0,0,0,0,0,0,1.5708,1.5708,0,1.5708,1.5708,0,-0.00598921,0.00175606,-0.00164672,0,0,0,1.79404,1.20929,0.0505555,-0.00277331,-0.00047117,-0.00608569,-0.000141503,-0.00360203,0.00115323,1.75578,1.20968,0,0,0,0,0,0,0,0,0,0,0,0,2,1.75578,1.20968,0,0.344544,0.487027,3.7308e-15,0,0,0,0,0,0,0,0,0,0,0,0,0.855775,1.20968,0,0,0,0,0,0,0,0,0,0,0,0,2,0.855775,1.20968,0,1,1,0,0,0,0,0,1.1735,-0.1611,2.4605,0,0,0,0,0,0,0,-0,0,1.42917,0,0,0,0,0,0,0,0,0,0,0,0,0,0,0,0,0,0,0,0,0,0,0,0,0
29.25,-0.00975401,0.00252014,0.000219519,0,-0,0,2.99275,1.9875,-2.40829,0.00375472,0.000744596,0.00990824,0.000479154,-0.00475433,-0.00819134,3,2,3.92699,0,0,0,0,0,0,0,0.0212854,0.0173688,0.0310972,0.0273121,2,3,2,3.92699,0,0,0,0,0,0,0,0,0,0,1.5708,1.5708,0,1.5708,1.5708,0,-0.00598921,0.00175606,-0.00164672,0,0,0,1.79404,1.20929,0.0505555,-0.00277331,-0.00047117,-0.00608569,-0.000141503,-0.00360203,0.00115323,1.75578,1.20968,0,0,0,0,0,0,0,0,0,0,0,0,2,1.75578,1.20968,0,0.344544,0.487027,3.7308e-15,0,0,0,0,0,0,0,0,0,0,0,0,0.855775,1.20968,0,0,0,0,0,0,0,0,0,0,0,0,2,0.855775,1.20968,0,1,1,0,0,0,0,0,1.1735,-0.1611,2.4605,0,0,0,0,0,0,1.08316,-0.16462,3.03059,1.42917,0,0,0,0,1,0,0,0,0,0,0,0,0,0,0,0,0,0,0,0,0,0,0,0,0
29.3,-0.00833403,-0.00594459,-0.000654881,0,-0,0,2.99308,1.98782,-2.40711,0.00329474,0.00321414,0.011823,-0.00129458,0.00699112,0.00248075,3,2,3.92699,0,0,0,0,0,0,0,0.0212854,0.0173688,0.0310972,0.0273121,2,3,2,3.92699,0,0,0,0,0,0,0,0,0,0,1.5708,1.5708,0,1.5708,1.5708,0,-0.00766081,-0.00461838,-0.00137891,0,0,0,1.79381,1.20943,0.0498946,-0.00225429,0.0013897,-0.0066114,0.00190729,0.00490367,-0.00117706,1.75578,1.20968,0,0,0,0,0,0,0,0,0,0,0,0,2,1.75578,1.20968,0,0.344544,0.487027,3.7308e-15,0,0,0,0,0,0,0,0,0,0,0,0,0.855775,1.20968,0,0,0,0,0,0,0,0,0,0,0,0,2,0.855775,1.20968,0,1,1,0,0,0,0,0,1.1735,-0.1611,2.4605,0,0,0,0,0,0,1.08316,-0.16462,3.03059,1.42973,0,0,0,0,1,0,0,0,0,0,0,0,0,0,0,0,0,0,0,0,0,0,0,0,0
29.35,-0.00833403,-0.00594459,-0.000654881,0,-0,0,2.99308,1.98782,-2.40711,0.00329474,0.00321414,0.011823,-0.00129458,0.00699112,0.00248075,3,2,3.92699,0,0,0,0,0,0,0.00517853,0.0270185,0.0437058,0.001488,0.0118824,2,3,2,3.92699,0,0,0,0,0,0,0,0,0,0,1.5708,1.5708,0,1.5708,1.5708,0,-0.00766081,-0.00461838,-0.00137891,0,0,0,1.79381,1.20943,0.0498946,-0.00225429,0.0013897,-0.0066114,0.00190729,0.00490367,-0.00117706,1.75578,1.20968,0,0,0,0,0,0,0,0,0,0,0,0,2,1.75578,1.20968,0,0.344544,0.487027,3.7308e-15,0,0,0,0,0,0,0,0,0,0,0,0,0.855775,1.20968,0,0,0,0,0,0,0,0,0,0,0,0,2,0.855775,1.20968,0,1,1,0,0,0,0,0,1.2623,-0.0765,2.5449,0,0,0,0,0,0,1.08316,-0.16462,3.03059,1.42973,0,0,0,0,1,0,0,0,0,0,0,0,0,0,0,0,0,0,0,0,0,0,0,0,0
29.4,-0.00866299,-0.00134198,-0.000398718,0,-0,0,2.99341,1.988,-2.40601,0.00335222,0.0018287,0.0109726,-0.000784297,0.000255249,-0.000451644,3,2,3.92699,0,0,0,0,0,0,0.00517853,0.0270185,0.0437058,0.001488,0.0118824,2,3,2,3.92699,0,0,0,0,0,0,0,0,0,0,1.5708,1.5708,0,1.5708,1.5708,0,-0.00702741,-0.00206812,-0.00146711,0,0,0,1.79357,1.20949,0.0492677,-0.00241223,0.000631135,-0.00626901,0.00078914,0.00106618,0.000339057,1.75578,1.20968,0,0,0,0,0,0,0,0,0,0,0,0,2,1.75578,1.20968,0,0.344544,0.487027,3.7308e-15,0,0,0,0,0,0,0,0,0,0,0,0,0.855775,1.20968,0,0,0,0,0,0,0,0,0,0,0,0,2,0.855775,1.20968,0,1,1,0,0,0,0,0,1.2623,-0.0765,2.5449,0,0,0,0,0,0,1.08316,-0.16462,3.03059,1.43028,0,0,0,0,1,0,0,0,0,0,0,0,0,0,0,0,0,0,0,0,0,0,0,0,0
29.45,-0.00866299,-0.00134198,-0.000398718,0,-0,0,2.99341,1.988,-2.40601,0.00335222,0.0018287,0.0109726,-0.000784297,0.000255249,-0.000451644,3,2,3.92699,0,0,0,0,0,0,0,0.0198014,0.0311116,0.0112732,0.0222035,2,3,2,3.92699,0,0,0,0,0,0,0,0,0,0,1.5708,1.5708,0,1.5708,1.5708,0,-0.00702741,-0.00206812,-0.00146711,0,0,0,1.79357,1.20949,0.0492677,-0.00241223,0.000631135,-0.00626901,0.00078914,0.00106618,0.000339057,1.75578,1.20968,0,0,0,0,0,0,0,0,0,0,0,0,2,1.75578,1.20968,0,0.344544,0.487027,3.7308e-15,0,0,0,0,0,0,0,0,0,0,0,0,0.855775,1.20968,0,0,0,0,0,0,0,0,0,0,0,0,2,0.855775,1.20968,0,1,1,0,0,0,0,0,1.2623,-0.0765,2.5449,0,0,0,0,0,0,0,-0,0,1.43028,0,0,0,0,0,0,0,0,0,0,0,0,0,0,0,0,0,0,0,0,0,0,0,0,0
29.5,-0.00828701,-0.00145184,-0.000494129,0,-0,0,2.99373,1.98818,-2.40492,0.00320262,0.00183931,0.010987,-0.00100016,-0.000716779,-0.0006125,3,2,3.92699,0,0,0,0,0,0,0,0.0198014,0.0311116,0.0112732,0.0222035,2,3,2,3.92699,0,0,0,0,0,0,0,0,0,0,1.5708,1.5708,0,1.5708,1.5708,0,-0.00737646,-0.00190439,-0.00128413,0,0,0,1.79335,1.20955,0.048609,-0.00228236,0.000576083,-0.00658664,0.000841791,-9.95442e-05,-0.000859204,1.75578,1.20968,0,0,0,0,0,0,0,0,0,0,0,0,2,1.75578,1.20968,0,0.344544,0.487027,3.7308e-15,0,0,0,0,0,0,0,0,0,0,0,0,0.855775,1.20968,0,0,0,0,0,0,0,0,0,0,0,0,2,0.855775,1.20968,0,1,1,0,0,0,0,0,1.2623,-0.0765,2.5449,0,0,0,0,0,0,0,-0,0,1.43081,0,0,0,0,0,0,0,0,0,0,0,0,0,0,0,0,0,0,0,0,0,0,0,0,0
29.55,-0.00828701,-0.00145184,-0.000494129,0,-0,0,2.99373,1.98818,-2.40492,0.00320262,0.00183931,0.010987,-0.00100016,-0.000716779,-0.0006125,3,2,3.92699,0,0,0,0,0,0,0,0.0178319,0.0316212,0.00894043,0.0222667,2,3,2,3.92699,0,0,0,0,0,0,0,0,0,0,1.5708,1.5708,0,1.5708,1.5708,0,-0.00737646,-0.00190439,-0.00128413,0,0,0,1.79335,1.20955,0.048609,-0.00228236,0.000576083,-0.00658664,0.000841791,-9.95442e-05,-0.000859204,1.75578,1.20968,0,0,0,0,0,0,0,0,0,0,0,0,2,1.75578,1.20968,0,0.344544,0.487027,3.7308e-15,0,0,0,0,0,0,0,0,0,0,0,0,0.855775,1.20968,0,0,0,0,0,0,0,0,0,0,0,0,2,0.855775,1.20968,0,1,1,0,0,0,0,0,1.1752,-0.1677,2.4535,0,0,0,0,0,0,0,-0,0,1.43081,0,0,0,0,0,0,0,0,0,0,0,0,0,0,0,0,0,0,0,0,0,0,0,0,0
29.6,-0.00924581,-0.000339741,-8.32387e-05,0,-0,0,2.99408,1.98833,-2.40394,0.0034456,0.00149204,0.00977976,0.00033853,-0.001951,-0.00522197,3,2,3.92699,0,0,0,0,0,0,0,0.0178319,0.0316212,0.00894043,0.0222667,2,3,2,3.92699,0,0,0,0,0,0,0,0,0,0,1.5708,1.5708,0,1.5708,1.5708,0,-0.00531418,-0.0011271,-0.00190257,0,0,0,1.79306,1.20958,0.0481123,-0.00285587,0.000343095,-0.00496727,-0.00177713,-0.00114893,0.00579749,1.75578,1.20968,0,0,0,0,0,0,0,0,0,0,0,0,2,1.75578,1.20968,0,0.344544,0.487027,3.7308e-15,0,0,0,0,0,0,0,0,0,0,0,0,0.855775,1.20968,0,0,0,0,0,0,0,0,0,0,0,0,2,0.855775,1.20968,0,1,1,0,0,0,0,0,1.1752,-0.1677,2.4535,0,0,0,0,0,0,0,-0,0,1.4314,0,0,0,0,0,0,0,0,0,0,0,0,0,0,0,0,0,0,0,0,0,0,0,0,0
29.65,-0.00924581,-0.000339741,-8.32387e-05,0,-0,0,2.99408,1.98833,-2.40394,0.0034456,0.00149204,0.00977976,0.00033853,-0.001951,-0.00522197,3,2,3.92699,0,0,0,0,0,0,0,0.0229534,0.0262027,0.019168,0.0223082,2,3,2,3.92699,0,0,0,0,0,0,0,0,0,0,1.5708,1.5708,0,1.5708,1.5708,0,-0.00531418,-0.0011271,-0.00190257,0,0,0,1.79306,1.20958,0.0481123,-0.00285587,0.000343095,-0.00496727,-0.00177713,-0.00114893,0.00579749,1.75578,1.20968,0,0,0,0,0,0,0,0,0,0,0,0,2,1.75578,1.20968,0,0.344544,0.487027,3.7308e-15,0,0,0,0,0,0,0,0,0,0,0,0,0.855775,1.20968,0,0,0,0,0,0,0,0,0,0,0,0,2,0.855775,1.20968,0,1,1,0,0,0,0,0,1.1752,-0.1677,2.4535,0,0,0,0,0,0,0,-0,0,1.4314,0,0,0,0,0,0,0,0,0,0,0,0,0,0,0,0,0,0,0,0,0,0,0,0,0
29.7,-0.00899887,-0.00237946,-3.07831e-05,0,-0,0,2.99441,1.98854,-2.40299,0.00333269,0.00207164,0.00946094,-6.41743e-05,0.000978581,-0.00502583,3,2,3.92699,0,0,0,0,0,0,0,0.0229534,0.0262027,0.019168,0.0223082,2,3,2,3.92699,0,0,0,0,0,0,0,0,0,0,1.5708,1.5708,0,1.5708,1.5708,0,-0.00927351,-0.00278483,-0.000590239,0,0,0,1.79289,1.20966,0.0473092,-0.00167001,0.000821575,-0.00803143,0.0033148,0.00108027,-0.00786546,1.75578,1.20968,0,0,0,0,0,0,0,0,0,0,0,0,2,1.75578,1.20968,0,0.344544,0.487027,3.7308e-15,0,0,0,0,0,0,0,0,0,0,0,0,0.855775,1.20968,0,0,0,0,0,0,0,0,0,0,0,0,2,0.855775,1.20968,0,1,1,0,0,0,0,0,1.1752,-0.1677,2.4535,0,0,0,0,0,0,0,-0,0,1.43189,0,0,0,0,0,0,0,0,0,0,0,0,0,0,0,0,0,0,0,0,0,0,0,0,0
29.75,-0.00899887,-0.00237946,-3.07831e-05,0,-0,0,2.99441,1.98854,-2.40299,0.00333269,0.00207164,0.00946094,-6.41743e-05,0.000978581,-0.00502583,3,2,3.92699,0,0,0,0,0,0,0,0.0281079,0.0292866,0.0143729,0.0155121,2,3,2,3.92699,0,0,0,0,0,0,0,0,0,0,1.5708,1.5708,0,1.5708,1.5708,0,-0.00927351,-0.00278483,-0.000590239,0,0,0,1.79289,1.20966,0.0473092,-0.00167001,0.000821575,-0.00803143,0.0033148,0.00108027,-0.00786546,1.75578,1.20968,0,0,0,0,0,0,0,0,0,0,0,0,2,1.75578,1.20968,0,0.344544,0.487027,3.7308e-15,0,0,0,0,0,0,0,0,0,0,0,0,0.855775,1.20968,0,0,0,0,0,0,0,0,0,0,0,0,2,0.855775,1.20968,0,1,1,0,0,0,0,0,1.0845,-0.2622,2.3587,0,0,0,0,0,0,0,-0,0,1.43189,0,0,0,0,0,0,0,0,0,0,0,0,0,0,0,0,0,0,0,0,0,0,0,0,0
29.8,-0.00904218,-0.00124163,-2.3187e-05,0,-0,0,2.99474,1.98871,-2.40207,0.0033061,0.00171409,0.00925663,-0.000200449,-0.000445101,-0.00381098,3,2,3.92699,0,0,0,0,0,0,0,0.0281079,0.0292866,0.0143729,0.0155121,2,3,2,3.92699,0,0,0,0,0,0,0,0,0,0,1.5708,1.5708,0,1.5708,1.5708,0,-0.00743991,-0.00221412,-0.00122877,0,0,0,1.79267,1.20973,0.0466758,-0.00218413,0.000645838,-0.00633525,0.000626195,0.000248015,0.000207285,1.75578,1.20968,0,0,0,0,0,0,0,0,0,0,0,0,2,1.75578,1.20968,0,0.344544,0.487027,3.7308e-15,0,0,0,0,0,0,0,0,0,0,0,0,0.855775,1.20968,0,0,0,0,0,0,0,0,0,0,0,0,2,0.855775,1.20968,0,1,1,0,0,0,0,0,1.0845,-0.2622,2.3587,0,0,0,0,0,0,0,-0,0,1.4324,0,0,0,0,0,0,0,0,0,0,0,0,0,0,0,0,0,0,0,0,0,0,0,0,0
29.85,-0.00904218,-0.00124163,-2.3187e-05,0,-0,0,2.99474,1.98871,-2.40207,0.0033061,0.00171409,0.00925663,-0.000200449,-0.000445101,-0.00381098,3,2,3.92699,0,0,0,0,0,0,0,0.0254595,0.0267987,0.0173453,0.0186395,2,3,2,3.92699,0,0,0,0,0,0,0,0,0,0,1.5708,1.5708,0,1.5708,1.5708,0,-0.00743991,-0.00221412,-0.00122877,0,0,0,1.79267,1.20973,0.0466758,-0.00218413,0.000645838,-0.00633525,0.000626195,0.000248015,0.000207285,1.75578,1.20968,0,0,0,0,0,0,0,0,0,0,0,0,2,1.75578,1.20968,0,0.344544,0.487027,3.7308e-15,0,0,0,0,0,0,0,0,0,0,0,0,0.855775,1.20968,0,0,0,0,0,0,0,0,0,0,0,0,2,0.855775,1.20968,0,1,1,0,0,0,0,0,1.0845,-0.2622,2.3587,0,0,0,0,0,0,0,-0,0,1.4324,0,0,0,0,0,0,0,0,0,0,0,0,0,0,0,0,0,0,0,0,0,0,0,0,0
29.9,-0.00947407,-0.00206457,0.000140027,0,-0,0,2.99508,1.98891,-2.4012,0.00339358,0.00193483,0.00868089,0.000211654,0.00042252,-0.00442186,3,2,3.92699,0,0,0,0,0,0,0,0.0254595,0.0267987,0.0173453,0.0186395,2,3,2,3.92699,0,0,0,0,0,0,0,0,0,0,1.5708,1.5708,0,1.5708,1.5708,0,-0.00788136,-0.00269699,-0.000979421,0,0,0,1.79247,1.20981,0.0459946,-0.00203004,0.000778814,-0.00681152,0.000627163,0.000567797,-0.000687703,1.75578,1.20968,0,0,0,0,0,0,0,0,0,0,0,0,2,1.75578,1.20968,0,0.344544,0.487027,3.7308e-15,0,0,0,0,0,0,0,0,0,0,0,0,0.855775,1.20968,0,0,0,0,0,0,0,0,0,0,0,0,2,0.855775,1.20968,0,1,1,0,0,0,0,0,1.0845,-0.2622,2.3587,0,0,0,0,0,0,0,-0,0,1.43292,0,0,0,0,0,0,0,0,0,0,0,0,0,0,0,0,0,0,0,0,0,0,0,0,0
29.95,-0.00947407,-0.00206457,0.000140027,0,-0,0,2.99508,1.98891,-2.4012,0.00339358,0.00193483,0.00868089,0.000211654,0.00042252,-0.00442186,3,2,3.92699,0,0,0,0,0,0,0,0.0307689,0.027534,0.0184828,0.0153565,2,3,2,3.92699,0,0,0,0,0,0,0,0,0,0,1.5708,1.5708,0,1.5708,1.5708,0,-0.00788136,-0.00269699,-0.000979421,0,0,0,1.79247,1.20981,0.0459946,-0.00203004,0.000778814,-0.00681152,0.000627163,0.000567797,-0.000687703,1.75578,1.20968,0,0,0,0,0,0,0,0,0,0,0,0,2,1.75578,1.20968,0,0.344544,0.487027,3.7308e-15,0,0,0,0,0,0,0,0,0,0,0,0,0.855775,1.20968,0,0,0,0,0,0,0,0,0,0,0,0,2,0.855775,1.20968,0,1,1,0,0,0,0,0,1.1769,-0.1733,2.4472,0,0,0,0,0,0,0,-0,0,1.43292,0,0,0,0,0,0,0,0,0,0,0,0,0,0,0,0,0,0,0,0,0,0,0,0,0
30,-0.0105459,-0.00124699,-0.000181567,0,-0,0,2.99545,1.98907,-2.40027,0.00366737,0.00167264,0.00928595,0.001279,-0.000675474,-0.000314099,3,2,3.92699,0,0,0,0,0,0,0,0.0307689,0.027534,0.0184828,0.0153565,2,3,2,3.92699,0,0,0,0,0,0,0,0,0,0,1.5708,1.5708,0,1.5708,1.5708,0,-0.00770714,-0.0025508,-0.00110859,0,0,0,1.79227,1.20988,0.0453576,-0.00205695,0.000727131,-0.00636641,0.000267897,0.000178083,0.00124063,1.75578,1.20968,0,0,0,0,0,0,0,0,0,0,0,0,2,1.75578,1.20968,0,0.344544,0.487027,3.7308e-15,0,0,0,0,0,0,0,0,0,0,0,0,0.855775,1.20968,0,0,0,0,0,0,0,0,0,0,0,0,2,0.855775,1.20968,0,1,1,0,0,0,0,0,1.1769,-0.1733,2.4472,0,0,0,0,0,0,0,-0,0,1.43346,0,0,0,0,0,0,0,0,0,0,0,0,0,0,0,0,0,0,0,0,0,0,0,0,0
30.05,-0.0105459,-0.00124699,-0.000181567,0,-0,0,2.99545,1.98907,-2.40027,0.00366737,0.00167264,0.00928595,0.001279,-0.000675474,-0.000314099,3,2,3.92699,0,0,0,0,0,0,0,0.0270792,0.0328497,0.0187634,0.0243401,2,3,2,3.92699,0,0,0,0,0,0,0,0,0,0,1.5708,1.5708,0,1.5708,1.5708,0,-0.00770714,-0.0025508,-0.00110859,0,0,0,1.79227,1.20988,0.0453576,-0.00205695,0.000727131,-0.00636641,0.000267897,0.000178083,0.00124063,1.75578,1.20968,0,0,0,0,0,0,0,0,0,0,0,0,2,1.75578,1.20968,0,0.344544,0.487027,3.7308e-15,0,0,0,0,0,0,0,0,0,0,0,0,0.855775,1.20968,0,0,0,0,0,0,0,0,0,0,0,0,2,0.855775,1.20968,0,1,1,0,0,0,0,0,1.1769,-0.1733,2.4472,0,0,0,0,0,0,0,-0,0,1.43346,0,0,0,0,0,0,0,0,0,0,0,0,0,0,0,0,0,0,0,0,0,0,0,0,0
30.1,-0.0101892,-0.00144115,-0.000378837,0,-0,0,2.9958,1.98924,-2.39931,0.00351972,0.00170979,0.00957938,0.000314493,-0.000409394,0.00151952,3,2,3.92699,0,0,0,0,0,0,0,0.0270792,0.0328497,0.0187634,0.0243401,2,3,2,3.92699,0,0,0,0,0,0,0,0,0,0,1.5708,1.5708,0,1.5708,1.5708,0,-0.00809962,-0.00288893,-0.00101126,0,0,0,1.79207,1.20996,0.0447104,-0.00191862,0.000817033,-0.00647587,0.000669373,0.000411817,0.000582303,1.75578,1.20968,0,0,0,0,0,0,0,0,0,0,0,0,2,1.75578,1.20968,0,0.344544,0.487027,3.7308e-15,0,0,0,0,0,0,0,0,0,0,0,0,0.855775,1.20968,0,0,0,0,0,0,0,0,0,0,0,0,2,0.855775,1.20968,0,1,1,0,0,0,0,0,1.1769,-0.1733,2.4472,0,0,0,0,0,0,0,-0,0,1.43396,0,0,0,0,0,0,0,0,0,0,0,0,0,0,0,0,0,0,0,0,0,0,0,0,0
30.15,-0.0101892,-0.00144115,-0.000378837,0,-0,0,2.9958,1.98924,-2.39931,0.00351972,0.00170979,0.00957938,0.000314493,-0.000409394,0.00151952,3,2,3.92699,0,0,0,0,0,0,0,0.0240091,0.034963,0.0149478,0.0255338,2,3,2,3.92699,0,0,0,0,0,0,0,0,0,0,1.5708,1.5708,0,1.5708,1.5708,0,-0.00809962,-0.00288893,-0.00101126,0,0,0,1.79207,1.20996,0.0447104,-0.00191862,0.000817033,-0.00647587,0.000669373,0.000411817,0.000582303,1.75578,1.20968,0,0,0,0,0,0,0,0,0,0,0,0,2,1.75578,1.20968,0,0.344544,0.487027,3.7308e-15,0,0,0,0,0,0,0,0,0,0,0,0,0.855775,1.20968,0,0,0,0,0,0,0,0,0,0,0,0,2,0.855775,1.20968,0,1,1,0,0,0,0,0,1.1777,-0.1763,2.444,0,0,0,0,0,0,0,-0,0,1.43396,0,0,0,0,0,0,0,0,0,0,0,0,0,0,0,0,0,0,0,0,0,0,0,0,0
30.2,-0.0105078,-0.00206551,-0.000582257,0,-0,0,2.99616,1.98943,-2.39832,0.00357153,0.00187243,0.00988178,0.000272901,0.000443712,0.00238893,3,2,3.92699,0,0,0,0,0,0,0,0.0240091,0.034963,0.0149478,0.0255338,2,3,2,3.92699,0,0,0,0,0,0,0,0,0,0,1.5708,1.5708,0,1.5708,1.5708,0,-0.00808881,-0.00276935,-0.000903185,0,0,0,1.79188,1.21004,0.0440494,-0.00189928,0.000772653,-0.006609,0.000529391,0.00010326,-0.000285082,1.75578,1.20968,0,0,0,0,0,0,0,0,0,0,0,0,2,1.75578,1.20968,0,0.344544,0.487027,3.7308e-15,0,0,0,0,0,0,0,0,0,0,0,0,0.855775,1.20968,0,0,0,0,0,0,0,0,0,0,0,0,2,0.855775,1.20968,0,1,1,0,0,0,0,0,1.1777,-0.1763,2.444,0,0,0,0,0,0,0,-0,0,1.43448,0,0,0,0,0,0,0,0,0,0,0,0,0,0,0,0,0,0,0,0,0,0,0,0,0
30.25,-0.0105078,-0.00206551,-0.000582257,0,-0,0,2.99616,1.98943,-2.39832,0.00357153,0.00187243,0.00988178,0.000272901,0.000443712,0.00238893,3,2,3.92699,0,0,0,0,0,0,0,0.0236284,0.0398806,0.011567,0.0272735,2,3,2,3.92699,0,0,0,0,0,0,0,0,0,0,1.5708,1.5708,0,1.5708,1.5708,0,-0.00808881,-0.00276935,-0.000903185,0,0,0,1.79188,1.21004,0.0440494,-0.00189928,0.000772653,-0.006609,0.000529391,0.00010326,-0.000285082,1.75578,1.20968,0,0,0,0,0,0,0,0,0,0,0,0,2,1.75578,1.20968,0,0.344544,0.487027,3.7308e-15,0,0,0,0,0,0,0,0,0,0,0,0,0.855775,1.20968,0,0,0,0,0,0,0,0,0,0,0,0,2,0.855775,1.20968,0,1,1,0,0,0,0,0,1.1777,-0.1763,2.444,0,0,0,0,0,0,1.25779,-0.18901,2.67794,1.43448,0,0,0,0,1,0,0,0,0,0,0,0,0,0,0,0,0,0,0,0,0,0,0,0,0
30.3,-0.0109096,-0.00177795,-0.000748609,-0.00829491,-0.00762388,-0.000795169,2.99652,1.98961,-2.39731,0.00364707,0.00176617,0.0100888,0.00045767,-4.39021e-05,0.00237277,3,2,3.92699,0,0,0,0,0,0,0,0.0236284,0.0398806,0.011567,0.0272735,2,3,2,3.92699,0,0,0,0,0,0,0,0,0,0,1.5708,1.5708,0,1.5708,1.5708,0,-0.00854936,-0.00226359,-0.000948534,0,0,0,1.79171,1.2101,0.0434124,-0.00174298,0.00061639,-0.00636987,0.000924771,-0.000604704,0.000671329,1.75578,1.20968,0,0,0,0,0,0,0,0,0,0,0,0,2,1.75578,1.20968,0,0.344544,0.487027,3.7308e-15,0,0,0,0,0,0,0,0,0,0,0,0,0.855775,1.20968,0,0,0,0,0,0,0,0,0,0,0,0,2,0.855775,1.20968,0,1,1,0,0,0,0,0,1.1777,-0.1763,2.444,0,0,0,0,0,0,1.25779,-0.18901,2.67794,1.43499,0,0,0,0,1,0,0,0,0,0,0,0,0,0,0,0,0,0,0,0,0,0,0,0,0
30.35,-0.0109096,-0.00177795,-0.000748609,-0.00828722,-0.00763224,-0.000795169,2.99652,1.98961,-2.39731,0.00364707,0.00176617,0.0100888,0.00045767,-4.39021e-05,0.00237277,3,2,3.92699,0,0,0,0,0,0,0,0.0216657,0.0425204,0.0110584,0.0312127,2,3,2,3.92699,0,0,0,0,0,0,0,0,0,0,1.5708,1.5708,0,1.5708,1.5708,0,-0.00854936,-0.00226359,-0.000948534,0,0,0,1.79171,1.2101,0.0434124,-0.00174298,0.00061639,-0.00636987,0.000924771,-0.000604704,0.000671329,1.75578,1.20968,0,0,0,0,0,0,0,0,0,0,0,0,2,1.75578,1.20968,0,0.344544,0.487027,3.7308e-15,0,0,0,0,0,0,0,0,0,0,0,0,0.855775,1.20968,0,0,0,0,0,0,0,0,0,0,0,0,2,0.855775,1.20968,0,1,1,0,0,0,0,0,1.1785,-0.1793,2.4408,0,0,0,0,0,0,1.25779,-0.18901,2.67794,1.43499,0,0,0,0,1,0,0,0,0,0,0,0,0,0,0,0,0,0,0,0,0,0,0,0,0
30.4,-0.0113504,-0.00283033,-0.000851051,-0.00828722,-0.00763224,-0.000795169,2.99689,1.98981,-2.3963,0.00373316,0.00205348,0.0101377,0.000639491,0.00105345,0.00160627,3,2,3.92699,0,0,0,0,0,0,0,0.0216657,0.0425204,0.0110584,0.0312127,2,3,2,3.92699,0,0,0,0,0,0,0,0,0,0,1.5708,1.5708,0,1.5708,1.5708,0,-0.00783216,-0.00485868,-0.000481197,0,0,0,1.79152,1.21024,0.0426758,-0.00193132,0.00136451,-0.00737075,-0.000141565,0.00252926,-0.00345878,1.75578,1.20968,0,0,0,0,0,0,0,0,0,0,0,0,2,1.75578,1.20968,0,0.344544,0.487027,3.7308e-15,0,0,0,0,0,0,0,0,0,0,0,0,0.855775,1.20968,0,0,0,0,0,0,0,0,0,0,0,0,2,0.855775,1.20968,0,1,1,0,0,0,0,0,1.1785,-0.1793,2.4408,0,0,0,0,0,0,1.25779,-0.18901,2.67794,1.43551,0,0,0,0,1,0,0,0,0,0,0,0,0,0,0,0,0,0,0,0,0,0,0,0,0
30.45,-0.0113504,-0.00283033,-0.000851051,-0.00827948,-0.00764063,-0.000795169,2.99689,1.98981,-2.3963,0.00373316,0.00205348,0.0101377,0.000639491,0.00105345,0.00160627,3,2,3.92699,0,0,0,0,0,0,0,0.0240083,0.0473513,0.00875014,0.0303271,2,3,2,3.92699,0,0,0,0,0,0,0,0,0,0,1.5708,1.5708,0,1.5708,1.5708,0,-0.00783216,-0.00485868,-0.000481197,0,0,0,1.79152,1.21024,0.0426758,-0.00193132,0.00136451,-0.00737075,-0.000141565,0.00252926,-0.00345878,1.75578,1.20968,0,0,0,0,0,0,0,0,0,0,0,0,2,1.75578,1.20968,0,0.344544,0.487027,3.7308e-15,0,0,0,0,0,0,0,0,0,0,0,0,0.855775,1.20968,0,0,0,0,0,0,0,0,0,0,0,0,2,0.855775,1.20968,0,1,1,0,0,0,0,0,1.1785,-0.1793,2.4408,0,0,0,0,0,0,1.05787,-0.1763,2.67111,1.43551,0,0,0,0,1,0,0,0,0,0,0,0,0,0,0,0,0,0,0,0,0,0,0,0,0
30.5,-0.0111647,-0.000301542,-0.000422211,-0.00827948,-0.00764063,-0.000795169,2.99726,1.98994,-2.39541,0.0036348,0.0012889,0.00890382,2.41123e-05,-0.00226937,-0.0040465,3,2,3.92699,0,0,0,0,0,0,0,0.0240083,0.0473513,0.00875014,0.0303271,2,3,2,3.92699,0,0,0,0,0,0,0,0,0,0,1.5708,1.5708,0,1.5708,1.5708,0,-0.00894251,-0.00275424,-0.000868266,0,0,0,1.79136,1.21031,0.0420464,-0.00158551,0.000735997,-0.00629336,0.00114814,-0.000565415,0.0016526,1.75578,1.20968,0,0,0,0,0,0,0,0,0,0,0,0,2,1.75578,1.20968,0,0.344544,0.487027,3.7308e-15,0,0,0,0,0,0,0,0,0,0,0,0,0.855775,1.20968,0,0,0,0,0,0,0,0,0,0,0,0,2,0.855775,1.20968,0,1,1,0,0,0,0,0,1.1785,-0.1793,2.4408,0,0,0,0,0,0,1.05787,-0.1763,2.67111,1.43598,0,0,0,0,1,0,0,0,0,0,0,0,0,0,0,0,0,0,0,0,0,0,0,0,0
30.55,-0.0111647,-0.000301542,-0.000422211,-0.00736617,-0.00680995,-0.000708035,2.99726,1.98994,-2.39541,0.0036348,0.0012889,0.00890382,2.41123e-05,-0.00226937,-0.0040465,3,2,3.92699,0,0,0,0,0,0,0,0.0229049,0.0355106,0.0194739,0.0316563,2,3,2,3.92699,0,0,0,0,0,0,0,0,0,0,1.5708,1.5708,0,1.5708,1.5708,0,-0.00894251,-0.00275424,-0.000868266,0,0,0,1.79136,1.21031,0.0420464,-0.00158551,0.000735997,-0.00629336,0.00114814,-0.000565415,0.0016526,1.75578,1.20968,0,0,0,0,0,0,0,0,0,0,0,0,2,1.75578,1.20968,0,0.344544,0.487027,3.7308e-15,0,0,0,0,0,0,0,0,0,0,0,0,0.855775,1.20968,0,0,0,0,0,0,0,0,0,0,0,0,2,0.855775,1.20968,0,1,1,0,0,0,0,0,1.1792,-0.1822,2.4375,0,0,0,0,0,0,1.05787,-0.1763,2.67111,1.43598,0,0,0,0,1,0,0,0,0,0,0,0,0,0,0,0,0,0,0,0,0,0,0,0,0
30.6,-0.0113049,0.000454704,0.000444484,-0.00736617,-0.00680995,-0.000708035,2.99762,1.99005,-2.39475,0.00363299,0.0010523,0.00663789,-8.1194e-05,-0.00276016,-0.0122622,3,2,3.92699,0,0,0,0,0,0,0,0.0229049,0.0355106,0.0194739,0.0316563,2,3,2,3.92699,0,0,0,0,0,0,0,0,0,0,1.5708,1.5708,0,1.5708,1.5708,0,-0.00799701,-0.00304013,-0.000698395,0,0,0,1.79117,1.21039,0.0413885,-0.00184212,0.000810583,-0.00657897,-0.00015903,-0.000461766,0.000552162,1.75578,1.20968,0,0,0,0,0,0,0,0,0,0,0,0,2,1.75578,1.20968,0,0.344544,0.487027,3.7308e-15,0,0,0,0,0,0,0,0,0,0,0,0,0.855775,1.20968,0,0,0,0,0,0,0,0,0,0,0,0,2,0.855775,1.20968,0,1,1,0,0,0,0,0,1.1792,-0.1822,2.4375,0,0,0,0,0,0,1.05787,-0.1763,2.67111,1.43645,0,0,0,0,1,0,0,0,0,0,0,0,0,0,0,0,0,0,0,0,0,0,0,0,0
30.65,-0.0113049,0.000454704,0.000444484,-0.00736165,-0.00681484,-0.000708035,2.99762,1.99005,-2.39475,0.00363299,0.0010523,0.00663789,-8.1194e-05,-0.00276016,-0.0122622,3,2,3.92699,0,0,0,0,0,0,0,0.0329414,0.0225847,0.0328667,0.0228577,2,3,2,3.92699,0,0,0,0,0,0,0,0,0,0,1.5708,1.5708,0,1.5708,1.5708,0,-0.00799701,-0.00304013,-0.000698395,0,0,0,1.79117,1.21039,0.0413885,-0.00184212,0.000810583,-0.00657897,-0.00015903,-0.000461766,0.000552162,1.75578,1.20968,0,0,0,0,0,0,0,0,0,0,0,0,2,1.75578,1.20968,0,0.344544,0.487027,3.7308e-15,0,0,0,0,0,0,0,0,0,0,0,0,0.855775,1.20968,0,0,0,0,0,0,0,0,0,0,0,0,2,0.855775,1.20968,0,1,1,0,0,0,0,0,1.1792,-0.1822,2.4375,0,0,0,0,0,0,1.03999,-0.17196,2.48803,1.43645,0,0,0,0,1,0,0,0,0,0,0,0,0,0,0,0,0,0,0,0,0,0,0,0,0
30.7,-0.0113049,0.000454704,0.000444484,-0.00736165,-0.00681484,-0.000708035,2.99762,1.99005,-2.39475,0.00363299,0.0010523,0.00663789,-8.1194e-05,-0.00276016,-0.0122622,3,2,3.92699,0,0,0,0,0,0,0,0.0329414,0.0225847,0.0328667,0.0228577,2,3,2,3.92699,0,0,0,0,0,0,0,0,0,0,1.5708,1.5708,0,1.5708,1.5708,0,-0.00799701,-0.00304013,-0.000698395,0,0,0,1.79117,1.21039,0.0413885,-0.00184212,0.000810583,-0.00657897,-0.00015903,-0.000461766,0.000552162,1.75578,1.20968,0,0,0,0,0,0,0,0,0,0,0,0,2,1.75578,1.20968,0,0.344544,0.487027,3.7308e-15,0,0,0,0,0,0,0,0,0,0,0,0,0.855775,1.20968,0,0,0,0,0,0,0,0,0,0,0,0,2,0.855775,1.20968,0,1,1,0,0,0,0,0,1.1792,-0.1822,2.4375,0,0,0,0,0,0,1.03999,-0.17196,2.48803,1.43645,0,0,0,0,1,0,0,0,0,0,0,0,0,0,0,0,0,0,0,0,0,0,0,0,0
30.75,-0.0113049,0.000454704,0.000444484,-0.00736165,-0.00681484,-0.000708035,2.99762,1.99005,-2.39475,0.00363299,0.0010523,0.00663789,-8.1194e-05,-0.00276016,-0.0122622,3,2,3.92699,0,0,0,0,0,0,0,0.0329414,0.0225847,0.0328667,0.0228577,2,3,2,3.92699,0,0,0,0,0,0,0,0,0,0,1.5708,1.5708,0,1.5708,1.5708,0,-0.00799701,-0.00304013,-0.000698395,0,0,0,1.79117,1.21039,0.0413885,-0.00184212,0.000810583,-0.00657897,-0.00015903,-0.000461766,0.000552162,1.75578,1.20968,0,0,0,0,0,0,0,0,0,0,0,0,2,1.75578,1.20968,0,0.344544,0.487027,3.7308e-15,0,0,0,0,0,0,0,0,0,0,0,0,0.855775,1.20968,0,0,0,0,0,0,0,0,0,0,0,0,2,0.855775,1.20968,0,1,1,0,0,0,0,0,1.1796,-0.1834,2.4361,0,0,0,0,0,0,1.03999,-0.17196,2.48803,1.43645,0,0,0,0,1,0,0,0,0,0,0,0,0,0,0,0,0,0,0,0,0,0,0,0,0
30.8,-0.0113049,0.000454704,0.000444484,0,-0,0,2.99762,1.99005,-2.39475,0.00363299,0.0010523,0.00663789,-8.1194e-05,-0.00276016,-0.0122622,3,2,3.92699,0,0,0,0,0,0,0,0.0329414,0.0225847,0.0328667,0.0228577,2,3,2,3.92699,0,0,0,0,0,0,0,0,0,0,1.5708,1.5708,0,1.5708,1.5708,0,-0.00799701,-0.00304013,-0.000698395,0,0,0,1.79117,1.21039,0.0413885,-0.00184212,0.000810583,-0.00657897,-0.00015903,-0.000461766,0.000552162,1.75578,1.20968,0,0,0,0,0,0,0,0,0,0,0,0,2,1.75578,1.20968,0,0.344544,0.487027,3.7308e-15,0,0,0,0,0,0,0,0,0,0,0,0,0.855775,1.20968,0,0,0,0,0,0,0,0,0,0,0,0,2,0.855775,1.20968,0,1,1,0,0,0,0,0,1.1796,-0.1834,2.4361,0,0,0,0,0,0,1.03999,-0.17196,2.48803,1.43645,0,0,0,0,1,0,0,0,0,0,0,0,0,0,0,0,0,0,0,0,0,0,0,0,0
30.85,-0.0113049,0.000454704,0.000444484,0,-0,0,2.99762,1.99005,-2.39475,0.00363299,0.0010523,0.00663789,-8.1194e-05,-0.00276016,-0.0122622,3,2,3.92699,0,0,0,0,0,0,0,0.0329414,0.0225847,0.0328667,0.0228577,2,3,2,3.92699,0,0,0,0,0,0,0,0,0,0,1.5708,1.5708,0,1.5708,1.5708,0,-0.00799701,-0.00304013,-0.000698395,0,0,0,1.79117,1.21039,0.0413885,-0.00184212,0.000810583,-0.00657897,-0.00015903,-0.000461766,0.000552162,1.75578,1.20968,0,0,0,0,0,0,0,0,0,0,0,0,2,1.75578,1.20968,0,0.344544,0.487027,3.7308e-15,0,0,0,0,0,0,0,0,0,0,0,0,0.855775,1.20968,0,0,0,0,0,0,0,0,0,0,0,0,2,0.855775,1.20968,0,1,1,0,0,0,0,0,1.1796,-0.1834,2.4361,0,0,0,0,0,0,1.03999,-0.17196,2.48803,1.43645,0,0,0,0,1,0,0,0,0,0,0,0,0,0,0,0,0,0,0,0,0,0,0,0,0
30.9,-0.0113049,0.000454704,0.000444484,0,-0,0,2.99762,1.99005,-2.39475,0.00363299,0.0010523,0.00663789,-8.1194e-05,-0.00276016,-0.0122622,3,2,3.92699,0,0,0,0,0,0,0,0.0329414,0.0225847,0.0328667,0.0228577,2,3,2,3.92699,0,0,0,0,0,0,0,0,0,0,1.5708,1.5708,0,1.5708,1.5708,0,-0.00799701,-0.00304013,-0.000698395,0,0,0,1.79117,1.21039,0.0413885,-0.00184212,0.000810583,-0.00657897,-0.00015903,-0.000461766,0.000552162,1.75578,1.20968,0,0,0,0,0,0,0,0,0,0,0,0,2,1.75578,1.20968,0,0.344544,0.487027,3.7308e-15,0,0,0,0,0,0,0,0,0,0,0,0,0.855775,1.20968,0,0,0,0,0,0,0,0,0,0,0,0,2,0.855775,1.20968,0,1,1,0,0,0,0,0,1.1796,-0.1834,2.4361,0,0,0,0,0,0,1.03999,-0.17196,2.48803,1.43645,0,0,0,0,1,0,0,0,0,0,0,0,0,0,0,0,0,0,0,0,0,0,0,0,0
30.95,-0.0113049,0.000454704,0.000444484,0,-0,0,2.99762,1.99005,-2.39475,0.00363299,0.0010523,0.00663789,-8.1194e-05,-0.00276016,-0.0122622,3,2,3.92699,0,0,0,0,0,0,0,0.0329414,0.0225847,0.0328667,0.0228577,2,3,2,3.92699,0,0,0,0,0,0,0,0,0,0,1.5708,1.5708,0,1.5708,1.5708,0,-0.00799701,-0.00304013,-0.000698395,0,0,0,1.79117,1.21039,0.0413885,-0.00184212,0.000810583,-0.00657897,-0.00015903,-0.000461766,0.000552162,1.75578,1.20968,0,0,0,0,0,0,0,0,0,0,0,0,2,1.75578,1.20968,0,0.344544,0.487027,3.7308e-15,0,0,0,0,0,0,0,0,0,0,0,0,0.855775,1.20968,0,0,0,0,0,0,0,0,0,0,0,0,2,0.855775,1.20968,0,1,1,0,0,0,0,0,1.1047,-0.2583,2.3613,0,0,0,0,0,0,1.03999,-0.17196,2.48803,1.43645,0,0,0,0,1,0,0,0,0,0,0,0,0,0,0,0,0,0,0,0,0,0,0,0,0
31,-0.0113049,0.000454704,0.000444484,0,-0,0,2.99762,1.99005,-2.39475,0.00363299,0.0010523,0.00663789,-8.1194e-05,-0.00276016,-0.0122622,3,2,3.92699,0,0,0,0,0,0,0,0.0329414,0.0225847,0.0328667,0.0228577,2,3,2,3.92699,0,0,0,0,0,0,0,0,0,0,1.5708,1.5708,0,1.5708,1.5708,0,-0.00799701,-0.00304013,-0.000698395,0,0,0,1.79117,1.21039,0.0413885,-0.00184212,0.000810583,-0.00657897,-0.00015903,-0.000461766,0.000552162,1.75578,1.20968,0,0,0,0,0,0,0,0,0,0,0,0,2,1.75578,1.20968,0,0.344544,0.487027,3.7308e-15,0,0,0,0,0,0,0,0,0,0,0,0,0.855775,1.20968,0,0,0,0,0,0,0,0,0,0,0,0,2,0.855775,1.20968,0,1,1,0,0,0,0,0,1.1047,-0.2583,2.3613,0,0,0,0,0,0,1.03999,-0.17196,2.48803,1.43645,0,0,0,0,1,0,0,0,0,0,0,0,0,0,0,0,0,0,0,0,0,0,0,0,0
31.05,-0.0113049,0.000454704,0.000444484,0,-0,0,2.99762,1.99005,-2.39475,0.00363299,0.0010523,0.00663789,-8.1194e-05,-0.00276016,-0.0122622,3,2,3.92699,0,0,0,0,0,0,0,0.0329414,0.0225847,0.0328667,0.0228577,2,3,2,3.92699,0,0,0,0,0,0,0,0,0,0,1.5708,1.5708,0,1.5708,1.5708,0,-0.00799701,-0.00304013,-0.000698395,0,0,0,1.79117,1.21039,0.0413885,-0.00184212,0.000810583,-0.00657897,-0.00015903,-0.000461766,0.000552162,1.75578,1.20968,0,0,0,0,0,0,0,0,0,0,0,0,2,1.75578,1.20968,0,0.344544,0.487027,3.7308e-15,0,0,0,0,0,0,0,0,0,0,0,0,0.855775,1.20968,0,0,0,0,0,0,0,0,0,0,0,0,2,0.855775,1.20968,0,1,1,0,0,0,0,0,1.1047,-0.2583,2.3613,0,0,0,0,0,0,1.03999,-0.17196,2.48803,1.43645,0,0,0,0,1,0,0,0,0,0,0,0,0,0,0,0,0,0,0,0,0,0,0,0,0
31.1,-0.0113049,0.000454704,0.000444484,0,-0,0,2.99762,1.99005,-2.39475,0.00363299,0.0010523,0.00663789,-8.1194e-05,-0.00276016,-0.0122622,3,2,3.92699,0,0,0,0,0,0,0,0.0329414,0.0225847,0.0328667,0.0228577,2,3,2,3.92699,0,0,0,0,0,0,0,0,0,0,1.5708,1.5708,0,1.5708,1.5708,0,-0.00799701,-0.00304013,-0.000698395,0,0,0,1.79117,1.21039,0.0413885,-0.00184212,0.000810583,-0.00657897,-0.00015903,-0.000461766,0.000552162,1.75578,1.20968,0,0,0,0,0,0,0,0,0,0,0,0,2,1.75578,1.20968,0,0.344544,0.487027,3.7308e-15,0,0,0,0,0,0,0,0,0,0,0,0,0.855775,1.20968,0,0,0,0,0,0,0,0,0,0,0,0,2,0.855775,1.20968,0,1,1,0,0,0,0,0,1.1047,-0.2583,2.3613,0,0,0,0,0,0,1.03999,-0.17196,2.48803,1.43645,0,0,0,0,1,0,0,0,0,0,0,0,0,0,0,0,0,0,0,0,0,0,0,0,0
31.15,-0.0113049,0.000454704,0.000444484,0,-0,0,2.99762,1.99005,-2.39475,0.00363299,0.0010523,0.00663789,-8.1194e-05,-0.00276016,-0.0122622,3,2,3.92699,0,0,0,0,0,0,0,0.0329414,0.0225847,0.0328667,0.0228577,2,3,2,3.92699,0,0,0,0,0,0,0,0,0,0,1.5708,1.5708,0,1.5708,1.5708,0,-0.00799701,-0.00304013,-0.000698395,0,0,0,1.79117,1.21039,0.0413885,-0.00184212,0.000810583,-0.00657897,-0.00015903,-0.000461766,0.000552162,1.75578,1.20968,0,0,0,0,0,0,0,0,0,0,0,0,2,1.75578,1.20968,0,0.344544,0.487027,3.7308e-15,0,0,0,0,0,0,0,0,0,0,0,0,0.855775,1.20968,0,0,0,0,0,0,0,0,0,0,0,0,2,0.855775,1.20968,0,1,1,0,0,0,0,0,1.2482,-0.1148,2.5048,0,0,0,0,0,0,1.03999,-0.17196,2.48803,1.43645,0,0,0,0,1,0,0,0,0,0,0,0,0,0,0,0,0,0,0,0,0,0,0,0,0
31.2,-0.0113049,0.000454704,0.000444484,0,-0,0,2.99762,1.99005,-2.39475,0.00363299,0.0010523,0.00663789,-8.1194e-05,-0.00276016,-0.0122622,3,2,3.92699,0,0,0,0,0,0,0,0.0329414,0.0225847,0.0328667,0.0228577,2,3,2,3.92699,0,0,0,0,0,0,0,0,0,0,1.5708,1.5708,0,1.5708,1.5708,0,-0.00799701,-0.00304013,-0.000698395,0,0,0,1.79117,1.21039,0.0413885,-0.00184212,0.000810583,-0.00657897,-0.00015903,-0.000461766,0.000552162,1.75578,1.20968,0,0,0,0,0,0,0,0,0,0,0,0,2,1.75578,1.20968,0,0.344544,0.487027,3.7308e-15,0,0,0,0,0,0,0,0,0,0,0,0,0.855775,1.20968,0,0,0,0,0,0,0,0,0,0,0,0,2,0.855775,1.20968,0,1,1,0,0,0,0,0,1.2482,-0.1148,2.5048,0,0,0,0,0,0,1.03999,-0.17196,2.48803,1.43645,0,0,0,0,1,0,0,0,0,0,0,0,0,0,0,0,0,0,0,0,0,0,0,0,0
31.2,-0.0113049,0.000454704,0.000444484,0,-0,0,2.99762,1.99005,-2.39475,0.00363299,0.0010523,0.00663789,-8.1194e-05,-0.00276016,-0.0122622,3,2,3.92699,0,0,0,0,0,0,0,0.0329414,0.0225847,0.0328667,0.0228577,2,3,2,3.92699,0,0,0,0,0,0,0,0,0,0,1.5708,1.5708,0,1.5708,1.5708,0,-0.00799701,-0.00304013,-0.000698395,0,0,0,1.79117,1.21039,0.0413885,-0.00184212,0.000810583,-0.00657897,-0.00015903,-0.000461766,0.000552162,1.75578,1.20968,0,0,0,0,0,0,0,0,0,0,0,0,2,1.75578,1.20968,0,0.344544,0.487027,3.7308e-15,0,0,0,0,0,0,0,0,0,0,0,0,0.855775,1.20968,0,0,0,0,0,0,0,0,0,0,0,0,2,0.855775,1.20968,0,1,1,0,0,0,0,0,1.2482,-0.1148,2.5048,0,0,0,0,0,0,1.03999,-0.17196,2.48803,1.43645,0,0,0,0,1,0,0,0,0,0,0,0,0,0,0,0,0,0,0,0,0,0,0,0,0
31.25,-0.0113049,0.000454704,0.000444484,0,-0,0,2.99762,1.99005,-2.39475,0.00363299,0.0010523,0.00663789,-8.1194e-05,-0.00276016,-0.0122622,3,2,3.92699,0,0,0,0,0,0,0,0.0329414,0.0225847,0.0328667,0.0228577,2,3,2,3.92699,0,0,0,0,0,0,0,0,0,0,1.5708,1.5708,0,1.5708,1.5708,0,-0.00799701,-0.00304013,-0.000698395,0,0,0,1.79117,1.21039,0.0413885,-0.00184212,0.000810583,-0.00657897,-0.00015903,-0.000461766,0.000552162,1.75578,1.20968,0,0,0,0,0,0,0,0,0,0,0,0,2,1.75578,1.20968,0,0.344544,0.487027,3.7308e-15,0,0,0,0,0,0,0,0,0,0,0,0,0.855775,1.20968,0,0,0,0,0,0,0,0,0,0,0,0,2,0.855775,1.20968,0,1,1,0,0,0,0,0,1.2482,-0.1148,2.5048,0,0,0,0,0,0,1.03999,-0.17196,2.48803,1.43645,0,0,0,0,1,0,0,0,0,0,0,0,0,0,0,0,0,0,0,0,0,0,0,0,0
31.3,-0.0106359,-0.000685077,0.000200117,0,-0,0,2.99796,1.99018,-2.39404,0.00339433,0.0013736,0.00709695,-0.00101667,-0.000439975,-0.0066406,3,2,3.92699,0,0,0,0,0,0,0,0.0329414,0.0225847,0.0328667,0.0228577,2,3,2,3.92699,0,0,0,0,0,0,0,0,0,0,1.5708,1.5708,0,1.5708,1.5708,0,-0.00867681,-0.00367314,-0.000296682,0,0,0,1.79101,1.21049,0.040647,-0.00162268,0.000985329,-0.00741757,0.000604482,0.000434953,-0.00316791,1.75578,1.20968,0,0,0,0,0,0,0,0,0,0,0,0,2,1.75578,1.20968,0,0.344544,0.487027,3.7308e-15,0,0,0,0,0,0,0,0,0,0,0,0,0.855775,1.20968,0,0,0,0,0,0,0,0,0,0,0,0,2,0.855775,1.20968,0,1,1,0,0,0,0,0,1.1797,-0.1835,2.4354,0,0,0,0,0,0,1.17506,-0.1852,2.48546,1.43689,0,0,0,0,1,0,0,0,0,0,0,0,0,0,0,0,0,0,0,0,0,0,0,0,0
31.35,-0.0107615,-0.00303654,0.000252676,0,-0,0,2.9983,1.99039,-2.39335,0.00339108,0.00204588,0.00683062,-0.000748125,0.0027369,-0.00428662,3,2,3.92699,0,0,0,0,0,0,0,0.0308547,0.0266081,0.0254429,0.0213389,2,3,2,3.92699,0,0,0,0,0,0,0,0,0,0,1.5708,1.5708,0,1.5708,1.5708,0,-0.00900283,-0.00463888,-0.000588167,0,0,0,1.79086,1.21061,0.03999,-0.00150877,0.00125487,-0.00656956,0.00092054,0.00146012,0.000978557,1.75578,1.20968,0,0,0,0,0,0,0,0,0,0,0,0,2,1.75578,1.20968,0,0.344544,0.487027,3.7308e-15,0,0,0,0,0,0,0,0,0,0,0,0,0.855775,1.20968,0,0,0,0,0,0,0,0,0,0,0,0,2,0.855775,1.20968,0,1,1,0,0,0,0,0,1.1797,-0.1835,2.4354,0,0,0,0,0,0,0,-0,0,1.43734,0,0,0,0,0,0,0,0,0,0,0,0,0,0,0,0,0,0,0,0,0,0,0,0,0
31.4,-0.0104811,6.22632e-05,0.000167353,0,-0,0,2.99863,1.9905,-2.39266,0.00326902,0.00111449,0.00690216,-0.000901662,-0.00164879,-0.00197153,3,2,3.92699,0,0,0,0,0,0,0,0.0377829,0.0314134,0.0207973,0.0146418,2,3,2,3.92699,0,0,0,0,0,0,0,0,0,0,1.5708,1.5708,0,1.5708,1.5708,0,-0.00893787,-0.0037248,-0.000133919,0,0,0,1.79071,1.21071,0.0392365,-0.00151,0.000974115,-0.00753488,0.000591114,-0.000106716,-0.00270613,1.75578,1.20968,0,0,0,0,0,0,0,0,0,0,0,0,2,1.75578,1.20968,0,0.344544,0.487027,3.7308e-15,0,0,0,0,0,0,0,0,0,0,0,0,0.855775,1.20968,0,0,0,0,0,0,0,0,0,0,0,0,2,0.855775,1.20968,0,1,1,0,0,0,0,0,1.1797,-0.1835,2.4354,0,0,0,0,0,0,0,-0,0,1.43775,0,0,0,0,0,0,0,0,0,0,0,0,0,0,0,0,0,0,0,0,0,0,0,0,0
31.45,-0.0104921,-0.000598106,0.000564568,0,-0,0,2.99895,1.99063,-2.39208,0.00323369,0.00129469,0.00580815,-0.000701713,-0.000862725,-0.00523871,3,2,3.92699,0,0,0,0,0,0,0,0.0281117,0.0249609,0.0264882,0.0234432,2,3,2,3.92699,0,0,0,0,0,0,0,0,0,0,1.5708,1.5708,0,1.5708,1.5708,0,-0.00819135,-0.00341905,-0.000108982,0,0,0,1.79054,1.2108,0.0384915,-0.00170958,0.000873704,-0.00744685,-0.000487965,-0.000676864,-0.00177521,1.75578,1.20968,0,0,0,0,0,0,0,0,0,0,0,0,2,1.75578,1.20968,0,0.344544,0.487027,3.7308e-15,0,0,0,0,0,0,0,0,0,0,0,0,0.855775,1.20968,0,0,0,0,0,0,0,0,0,0,0,0,2,0.855775,1.20968,0,1,1,0,0,0,0,0,1.1797,-0.1835,2.4354,0,0,0,0,0,0,0,-0,0,1.43819,0,0,0,0,0,0,0,0,0,0,0,0,0,0,0,0,0,0,0,0,0,0,0,0,0
31.5,-0.0108252,8.79641e-05,0.000225089,0,-0,0,2.99928,1.99074,-2.39143,0.00329314,0.00107858,0.00651302,-0.000162784,-0.00127755,-0.000782542,3,2,3.92699,0,0,0,0,0,0,0,0.035111,0.0211167,0.0300973,0.016573,2,3,2,3.92699,0,0,0,0,0,0,0,0,0,0,1.5708,1.5708,0,1.5708,1.5708,0,-0.00948895,-0.00442666,-0.000125518,0,0,0,1.79041,1.21091,0.0377659,-0.00131188,0.00115675,-0.00726078,0.00115307,0.000645627,-0.000182831,1.75578,1.20968,0,0,0,0,0,0,0,0,0,0,0,0,2,1.75578,1.20968,0,0.344544,0.487027,3.7308e-15,0,0,0,0,0,0,0,0,0,0,0,0,0.855775,1.20968,0,0,0,0,0,0,0,0,0,0,0,0,2,0.855775,1.20968,0,1,1,0,0,0,0,0,1.2058,-0.1631,2.4546,0,0,0,0,0,0,0,-0,0,1.43857,0,0,0,0,0,0,0,0,0,0,0,0,0,0,0,0,0,0,0,0,0,0,0,0,0
31.55,-0.0111264,-0.00103744,0.000353445,0,-0,0,2.99961,1.99088,-2.39082,0.00334252,0.00139536,0.00607532,0.000179562,0.000444847,-0.00160191,3,2,3.92699,0,0,0,0,0,0,0,0.0296409,0.0249986,0.0281236,0.0236372,2,3,2,3.92699,0,0,0,0,0,0,0,0,0,0,1.5708,1.5708,0,1.5708,1.5708,0,-0.00872568,-0.00440804,-7.13258e-06,0,0,0,1.79026,1.21103,0.0370256,-0.00151866,0.00113778,-0.00740335,8.53435e-05,0.000493268,-0.000479524,1.75578,1.20968,0,0,0,0,0,0,0,0,0,0,0,0,2,1.75578,1.20968,0,0.344544,0.487027,3.7308e-15,0,0,0,0,0,0,0,0,0,0,0,0,0.855775,1.20968,0,0,0,0,0,0,0,0,0,0,0,0,2,0.855775,1.20968,0,1,1,0,0,0,0,0,1.2058,-0.1631,2.4546,0,0,0,0,0,0,0,-0,0,1.439,0,0,0,0,0,0,0,0,0,0,0,0,0,0,0,0,0,0,0,0,0,0,0,0,0
31.6,-0.0108868,0.000190295,-6.40085e-05,0,-0,0,2.99994,1.99098,-2.39013,0.00323297,0.00101946,0.006963,-0.000286544,-0.00100275,0.00246827,3,2,3.92699,0,0,0,0,0,0,0,0.034934,0.0265428,0.0278086,0.0196992,2,3,2,3.92699,0,0,0,0,0,0,0,0,0,0,1.5708,1.5708,0,1.5708,1.5708,0,-0.00786704,-0.00452554,-0.000668597,0,0,0,1.79008,1.21114,0.0364593,-0.00175079,0.00115864,-0.00566426,-0.0010195,0.000357942,0.00662733,1.75578,1.20968,0,0,0,0,0,0,0,0,0,0,0,0,2,1.75578,1.20968,0,0.344544,0.487027,3.7308e-15,0,0,0,0,0,0,0,0,0,0,0,0,0.855775,1.20968,0,0,0,0,0,0,0,0,0,0,0,0,2,0.855775,1.20968,0,1,1,0,0,0,0,0,1.2058,-0.1631,2.4546,0,0,0,0,0,0,1.06092,-0.18688,2.56151,1.43941,0,0,0,0,1,0,0,0,0,0,0,0,0,0,0,0,0,0,0,0,0,0,0,0,0
31.65,-0.011077,-0.000907193,-0.000518109,0,-0,0,3.00026,1.99111,-2.38934,0.00325052,0.00132876,0.00792154,-0.000161899,0.000439004,0.00586978,3,2,3.92699,0,0,0,0,0,0,0,0.0256262,0.0287726,0.0247957,0.0278364,2,3,2,3.92699,0,0,0,0,0,0,0,0,0,0,1.5708,1.5708,0,1.5708,1.5708,0,-0.0111204,-0.0038613,0.000367508,0,0,0,1.79,1.21124,0.035654,-0.000783345,0.000951728,-0.00804914,0.00310265,-0.000629152,-0.00459482,1.75578,1.20968,0,0,0,0,0,0,0,0,0,0,0,0,2,1.75578,1.20968,0,0.344544,0.487027,3.7308e-15,0,0,0,0,0,0,0,0,0,0,0,0,0.855775,1.20968,0,0,0,0,0,0,0,0,0,0,0,0,2,0.855775,1.20968,0,1,1,0,0,0,0,0,1.2058,-0.1631,2.4546,0,0,0,0,0,0,1.06092,-0.18688,2.56151,1.43977,0,0,0,0,1,0,0,0,0,0,0,0,0,0,0,0,0,0,0,0,0,0,0,0,0
31.7,-0.0114667,0.00032455,-0.000603993,0,-0,0,3.00059,1.99121,-2.38854,0.00332633,0.000952472,0.00797304,0.000216437,-0.00104722,0.00417584,3,2,3.92699,0,0,0,0,0,0,0,0.0227692,0.0377658,0.0167481,0.0312411,2,3,2,3.92699,0,0,0,0,0,0,0,0,0,0,1.5708,1.5708,0,1.5708,1.5708,0,-0.0102435,-0.0043259,-0.000225908,0,0,0,1.7899,1.21135,0.0350081,-0.0010294,0.00107581,-0.00646134,0.0014393,-1.74246e-05,0.00208136,1.75578,1.20968,0,0,0,0,0,0,0,0,0,0,0,0,2,1.75578,1.20968,0,0.344544,0.487027,3.7308e-15,0,0,0,0,0,0,0,0,0,0,0,0,0.855775,1.20968,0,0,0,0,0,0,0,0,0,0,0,0,2,0.855775,1.20968,0,1,1,0,0,0,0,0,1.1823,-0.1924,2.4243,0,0,0,0,0,0,1.06092,-0.18688,2.56151,1.44013,0,0,0,0,1,0,0,0,0,0,0,0,0,0,0,0,0,0,0,0,0,0,0,0,0
31.75,-0.011483,8.20753e-05,-0.000269367,0,-0,0,3.00092,1.99131,-2.38784,0.00329192,0.00101224,0.00700905,4.7469e-05,-0.000589951,-0.0015643,3,2,3.92699,0,0,0,0,0,0,0,0.0194423,0.0371749,0.0194984,0.0366355,2,3,2,3.92699,0,0,0,0,0,0,0,0,0,0,1.5708,1.5708,0,1.5708,1.5708,0,-0.0096737,-0.00462066,-0.000262649,0,0,0,1.78978,1.21146,0.0343837,-0.00118319,0.001149,-0.00624589,2.36215e-05,0.000365959,0.00300622,1.75578,1.20968,0,0,0,0,0,0,0,0,0,0,0,0,2,1.75578,1.20968,0,0.344544,0.487027,3.7308e-15,0,0,0,0,0,0,0,0,0,0,0,0,0.855775,1.20968,0,0,0,0,0,0,0,0,0,0,0,0,2,0.855775,1.20968,0,1,1,0,0,0,0,0,1.1823,-0.1924,2.4243,0,0,0,0,0,0,1.06092,-0.18688,2.56151,1.4405,0,0,0,0,1,0,0,0,0,0,0,0,0,0,0,0,0,0,0,0,0,0,0,0,0
31.8,-0.0116509,0.000639319,-0.000506648,0,-0,0,3.00125,1.99139,-2.38709,0.00330226,0.000837158,0.00744364,4.91753e-05,-0.000991254,2.48218e-05,3,2,3.92699,0,0,0,0,0,0,0,0.0245588,0.0332562,0.0233154,0.0317207,2,3,2,3.92699,0,0,0,0,0,0,0,0,0,0,1.5708,1.5708,0,1.5708,1.5708,0,-0.0110623,-0.00464374,-0.000206034,0,0,0,1.7897,1.21158,0.0337576,-0.000765158,0.00114225,-0.00625953,0.00149211,0.000245452,0.00187161,1.75578,1.20968,0,0,0,0,0,0,0,0,0,0,0,0,2,1.75578,1.20968,0,0.344544,0.487027,3.7308e-15,0,0,0,0,0,0,0,0,0,0,0,0,0.855775,1.20968,0,0,0,0,0,0,0,0,0,0,0,0,2,0.855775,1.20968,0,1,1,0,0,0,0,0,1.1823,-0.1924,2.4243,0,0,0,0,0,0,1.13639,-0.19244,2.49396,1.44082,0,0,0,0,1,0,0,0,0,0,0,0,0,0,0,0,0,0,0,0,0,0,0,0,0
31.85,-0.0120725,0.00127152,-0.000814831,0,-0,0,3.00159,1.99146,-2.38629,0.00338679,0.000642196,0.0080408,0.000362929,-0.00142969,0.00260576,3,2,3.92699,0,0,0,0,0,0,0,0.0203597,0.0356108,0.021976,0.036715,2,3,2,3.92699,0,0,0,0,0,0,0,0,0,0,1.5708,1.5708,0,1.5708,1.5708,0,-0.0102333,-0.00467473,-0.000263472,0,0,0,1.7896,1.21169,0.0331579,-0.000997478,0.00113788,-0.00599818,0.000167534,0.000112055,0.00202313,1.75578,1.20968,0,0,0,0,0,0,0,0,0,0,0,0,2,1.75578,1.20968,0,0.344544,0.487027,3.7308e-15,0,0,0,0,0,0,0,0,0,0,0,0,0.855775,1.20968,0,0,0,0,0,0,0,0,0,0,0,0,2,0.855775,1.20968,0,1,1,0,0,0,0,0,1.1823,-0.1924,2.4243,0,0,0,0,0,0,1.13639,-0.19244,2.49396,1.44116,0,0,0,0,1,0,0,0,0,0,0,0,0,0,0,0,0,0,0,0,0,0,0,0,0
31.9,-0.0127668,0.00183793,-0.000841571,0,-0,0,3.00195,1.9915,-2.3855,0.00355014,0.000468794,0.00794724,0.000915472,-0.00161014,0.00154562,3,2,3.92699,0,0,0,0,0,0,0,0.0156505,0.0394151,0.0204951,0.0434617,2,3,2,3.92699,0,0,0,0,0,0,0,0,0,0,1.5708,1.5708,0,1.5708,1.5708,0,-0.010508,-0.00461121,-0.000172717,0,0,0,1.78951,1.2118,0.032548,-0.000905847,0.00110606,-0.00609899,0.000286818,-7.71046e-05,0.000828186,1.75578,1.20968,0,0,0,0,0,0,0,0,0,0,0,0,2,1.75578,1.20968,0,0.344544,0.487027,3.7308e-15,0,0,0,0,0,0,0,0,0,0,0,0,0.855775,1.20968,0,0,0,0,0,0,0,0,0,0,0,0,2,0.855775,1.20968,0,1,1,0,0,0,0,0,1.0921,-0.2885,2.3277,0,0,0,0,0,0,1.13639,-0.19244,2.49396,1.4415,0,0,0,0,1,0,0,0,0,0,0,0,0,0,0,0,0,0,0,0,0,0,0,0,0
31.95,-0.0125722,0.000575415,-0.00102818,0,-0,0,3.00229,1.99159,-2.38467,0.00345134,0.000832913,0.00824125,0.000227688,0.000463137,0.00195462,3,2,3.92699,0,0,0,0,0,0,0,0.0155381,0.0402866,0.0231301,0.0470474,2,3,2,3.92699,0,0,0,0,0,0,0,0,0,0,1.5708,1.5708,0,1.5708,1.5708,0,-0.0101304,-0.00526138,3.02414e-05,0,0,0,1.78941,1.21193,0.0319015,-0.00100511,0.00128234,-0.00646819,-0.000207669,0.000631747,-0.00113584,1.75578,1.20968,0,0,0,0,0,0,0,0,0,0,0,0,2,1.75578,1.20968,0,0.344544,0.487027,3.7308e-15,0,0,0,0,0,0,0,0,0,0,0,0,0.855775,1.20968,0,0,0,0,0,0,0,0,0,0,0,0,2,0.855775,1.20968,0,1,1,0,0,0,0,0,1.0921,-0.2885,2.3277,0,0,0,0,0,0,1.13639,-0.19244,2.49396,1.44185,0,0,0,0,1,0,0,0,0,0,0,0,0,0,0,0,0,0,0,0,0,0,0,0,0
32,-0.0125722,0.000575415,-0.00102818,0,-0,0,3.00229,1.99159,-2.38467,0.00345134,0.000832913,0.00824125,0.000227688,0.000463137,0.00195462,3,2,3.92699,0,0,0,0,0,0,0,0.0157388,0.0450734,0.0172773,0.0456267,2,3,2,3.92699,0,0,0,0,0,0,0,0,0,0,1.5708,1.5708,0,1.5708,1.5708,0,-0.0101304,-0.00526138,3.02414e-05,0,0,0,1.78941,1.21193,0.0319015,-0.00100511,0.00128234,-0.00646819,-0.000207669,0.000631747,-0.00113584,1.75578,1.20968,0,0,0,0,0,0,0,0,0,0,0,0,2,1.75578,1.20968,0,0.344544,0.487027,3.7308e-15,0,0,0,0,0,0,0,0,0,0,0,0,0.855775,1.20968,0,0,0,0,0,0,0,0,0,0,0,0,2,0.855775,1.20968,0,1,1,0,0,0,0,0,1.0921,-0.2885,2.3277,0,0,0,0,0,0,1.14526,-0.19512,2.52003,1.44185,0,0,0,0,1,0,0,0,0,0,0,0,0,0,0,0,0,0,0,0,0,0,0,0,0
32.05,-0.0125534,-0.00198243,-0.00142116,-0.0181075,0.000626372,-0.00158122,3.00263,1.99174,-2.38377,0.00340514,0.00157198,0.00902726,-0.000136175,0.00351314,0.00438133,3,2,3.92699,0,0,0,0,0,0,0,0.0157388,0.0450734,0.0172773,0.0456267,2,3,2,3.92699,0,0,0,0,0,0,0,0,0,0,1.5708,1.5708,0,1.5708,1.5708,0,-0.0114173,-0.00648423,0.000121001,0,0,0,1.78935,1.21209,0.0312454,-0.000618783,0.00162324,-0.00655974,0.00135069,0.00183926,-0.00132279,1.75578,1.20968,0,0,0,0,0,0,0,0,0,0,0,0,2,1.75578,1.20968,0,0.344544,0.487027,3.7308e-15,0,0,0,0,0,0,0,0,0,0,0,0,0.855775,1.20968,0,0,0,0,0,0,0,0,0,0,0,0,2,0.855775,1.20968,0,1,1,0,0,0,0,0,1.0921,-0.2885,2.3277,0,0,0,0,0,0,1.14526,-0.19512,2.52003,1.44219,0,0,0,0,1,0,0,0,0,0,0,0,0,0,0,0,0,0,0,0,0,0,0,0,0
32.1,-0.0125534,-0.00198243,-0.00142116,-0.0181081,0.000610023,-0.00158122,3.00263,1.99174,-2.38377,0.00340514,0.00157198,0.00902726,-0.000136175,0.00351314,0.00438133,3,2,3.92699,0,0,0,0,0,0,0,0.0172171,0.0556949,0.00902746,0.0412827,2,3,2,3.92699,0,0,0,0,0,0,0,0,0,0,1.5708,1.5708,0,1.5708,1.5708,0,-0.0114173,-0.00648423,0.000121001,0,0,0,1.78935,1.21209,0.0312454,-0.000618783,0.00162324,-0.00655974,0.00135069,0.00183926,-0.00132279,1.75578,1.20968,0,0,0,0,0,0,0,0,0,0,0,0,2,1.75578,1.20968,0,0.344544,0.487027,3.7308e-15,0,0,0,0,0,0,0,0,0,0,0,0,0.855775,1.20968,0,0,0,0,0,0,0,0,0,0,0,0,2,0.855775,1.20968,0,1,1,0,0,0,0,0,1.1258,-0.2593,2.3571,0,0,0,0,0,0,1.14526,-0.19512,2.52003,1.44219,0,0,0,0,1,0,0,0,0,0,0,0,0,0,0,0,0,0,0,0,0,0,0,0,0
32.15,-0.0121004,-0.000662433,-0.00095678,-0.0181081,0.000610023,-0.00158122,3.00296,1.99186,-2.383,0.00323239,0.00116698,0.00772946,-0.000825117,0.000902506,-0.00223639,3,2,3.92699,0,0,0,0,0,0,0,0.0172171,0.0556949,0.00902746,0.0412827,2,3,2,3.92699,0,0,0,0,0,0,0,0,0,0,1.5708,1.5708,0,1.5708,1.5708,0,-0.0107839,-0.00563627,0.000120611,0,0,0,1.78927,1.21223,0.0306024,-0.000795891,0.00135741,-0.0064299,0.000315086,0.000203919,-0.000293432,1.75578,1.20968,0,0,0,0,0,0,0,0,0,0,0,0,2,1.75578,1.20968,0,0.344544,0.487027,3.7308e-15,0,0,0,0,0,0,0,0,0,0,0,0,0.855775,1.20968,0,0,0,0,0,0,0,0,0,0,0,0,2,0.855775,1.20968,0,1,1,0,0,0,0,0,1.1258,-0.2593,2.3571,0,0,0,0,0,0,1.14526,-0.19512,2.52003,1.44252,0,0,0,0,1,0,0,0,0,0,0,0,0,0,0,0,0,0,0,0,0,0,0,0,0
32.25,-0.0121004,-0.000662433,-0.00095678,-0.0181086,0.000596026,-0.00158122,3.00296,1.99186,-2.383,0.00323239,0.00116698,0.00772946,-0.000825117,0.000902506,-0.00223639,3,2,3.92699,0,0,0,0,0,0,0,0.0186321,0.0456153,0.0142135,0.0402906,2,3,2,3.92699,0,0,0,0,0,0,0,0,0,0,1.5708,1.5708,0,1.5708,1.5708,0,-0.0107839,-0.00563627,0.000120611,0,0,0,1.78927,1.21223,0.0306024,-0.000795891,0.00135741,-0.0064299,0.000315086,0.000203919,-0.000293432,1.75578,1.20968,0,0,0,0,0,0,0,0,0,0,0,0,2,1.75578,1.20968,0,0.344544,0.487027,3.7308e-15,0,0,0,0,0,0,0,0,0,0,0,0,0.855775,1.20968,0,0,0,0,0,0,0,0,0,0,0,0,2,0.855775,1.20968,0,1,1,0,0,0,0,0,1.1258,-0.2593,2.3571,0,0,0,0,0,0,0,-0,0,1.44252,0,0,0,0,0,0,0,0,0,0,0,0,0,0,0,0,0,0,0,0,0,0,0,0,0
32.3,-0.0116952,4.99254e-05,-0.000535086,-0.0181086,0.000596026,-0.00158122,3.00326,1.99196,-2.38234,0.00307564,0.000944661,0.00656014,-0.00121345,-0.000699198,-0.00690686,3,2,3.92699,0,0,0,0,0,0,0,0.0186321,0.0456153,0.0142135,0.0402906,2,3,2,3.92699,0,0,0,0,0,0,0,0,0,0,1.5708,1.5708,0,1.5708,1.5708,0,-0.010811,-0.00574888,0.000202376,0,0,0,1.78919,1.21236,0.0299522,-0.000778675,0.00137428,-0.00650054,0.000117487,-3.08112e-05,-0.000322083,1.75578,1.20968,0,0,0,0,0,0,0,0,0,0,0,0,2,1.75578,1.20968,0,0.344544,0.487027,3.7308e-15,0,0,0,0,0,0,0,0,0,0,0,0,0.855775,1.20968,0,0,0,0,0,0,0,0,0,0,0,0,2,0.855775,1.20968,0,1,1,0,0,0,0,0,1.1258,-0.2593,2.3571,0,0,0,0,0,0,0,-0,0,1.44282,0,0,0,0,0,0,0,0,0,0,0,0,0,0,0,0,0,0,0,0,0,0,0,0,0
32.3,-0.0116952,4.99254e-05,-0.000535086,-0.0145956,7.4793e-05,-0.00127847,3.00326,1.99196,-2.38234,0.00307564,0.000944661,0.00656014,-0.00121345,-0.000699198,-0.00690686,3,2,3.92699,0,0,0,0,0,0,0,0.0214409,0.0372936,0.0204375,0.0357577,2,3,2,3.92699,0,0,0,0,0,0,0,0,0,0,1.5708,1.5708,0,1.5708,1.5708,0,-0.010811,-0.00574888,0.000202376,0,0,0,1.78919,1.21236,0.0299522,-0.000778675,0.00137428,-0.00650054,0.000117487,-3.08112e-05,-0.000322083,1.75578,1.20968,0,0,0,0,0,0,0,0,0,0,0,0,2,1.75578,1.20968,0,0.344544,0.487027,3.7308e-15,0,0,0,0,0,0,0,0,0,0,0,0,0.855775,1.20968,0,0,0,0,0,0,0,0,0,0,0,0,2,0.855775,1.20968,0,1,1,0,0,0,0,0,1.1624,-0.2255,2.3905,0,0,0,0,0,0,0,-0,0,1.44282,0,0,0,0,0,0,0,0,0,0,0,0,0,0,0,0,0,0,0,0,0,0,0,0,0
32.35,-0.0118225,0.000311057,-0.000216817,-0.0145956,7.4793e-05,-0.00127847,3.00357,1.99204,-2.38177,0.00307668,0.000857074,0.00566337,-0.000779089,-0.000987184,-0.00836679,3,2,3.92699,0,0,0,0,0,0,0,0.0214409,0.0372936,0.0204375,0.0357577,2,3,2,3.92699,0,0,0,0,0,0,0,0,0,0,1.5708,1.5708,0,1.5708,1.5708,0,-0.0105774,-0.00573868,0.000330307,0,0,0,1.78911,1.2125,0.0292843,-0.000837541,0.0013552,-0.00668105,-0.000190879,-0.000127398,-0.000914134,1.75578,1.20968,0,0,0,0,0,0,0,0,0,0,0,0,2,1.75578,1.20968,0,0.344544,0.487027,3.7308e-15,0,0,0,0,0,0,0,0,0,0,0,0,0.855775,1.20968,0,0,0,0,0,0,0,0,0,0,0,0,2,0.855775,1.20968,0,1,1,0,0,0,0,0,1.1624,-0.2255,2.3905,0,0,0,0,0,0,0,-0,0,1.44312,0,0,0,0,0,0,0,0,0,0,0,0,0,0,0,0,0,0,0,0,0,0,0,0,0
32.35,-0.0118225,0.000311057,-0.000216817,-0.0145956,6.65283e-05,-0.00127847,3.00357,1.99204,-2.38177,0.00307668,0.000857074,0.00566337,-0.000779089,-0.000987184,-0.00836679,3,2,3.92699,0,0,0,0,0,0,0,0.0253343,0.0327602,0.0254954,0.0326719,2,3,2,3.92699,0,0,0,0,0,0,0,0,0,0,1.5708,1.5708,0,1.5708,1.5708,0,-0.0105774,-0.00573868,0.000330307,0,0,0,1.78911,1.2125,0.0292843,-0.000837541,0.0013552,-0.00668105,-0.000190879,-0.000127398,-0.000914134,1.75578,1.20968,0,0,0,0,0,0,0,0,0,0,0,0,2,1.75578,1.20968,0,0.344544,0.487027,3.7308e-15,0,0,0,0,0,0,0,0,0,0,0,0,0.855775,1.20968,0,0,0,0,0,0,0,0,0,0,0,0,2,0.855775,1.20968,0,1,1,0,0,0,0,0,1.1624,-0.2255,2.3905,0,0,0,0,0,0,1.03253,-0.1783,2.39272,1.44312,0,0,0,0,1,0,0,0,0,0,0,0,0,0,0,0,0,0,0,0,0,0,0,0,0
32.35,-0.0110412,7.78446e-05,7.60016e-05,-0.0145956,6.65283e-05,-0.00127847,3.00385,1.99213,-2.38129,0.00281165,0.000915249,0.00484558,-0.00146469,-0.00039824,-0.00848238,3,2,3.92699,0,0,0,0,0,0,0,0.0253343,0.0327602,0.0254954,0.0326719,2,3,2,3.92699,0,0,0,0,0,0,0,0,0,0,1.5708,1.5708,0,1.5708,1.5708,0,-0.0113165,-0.00619357,0.000287175,0,0,0,1.78905,1.21265,0.0286395,-0.000612606,0.00147172,-0.00644582,0.000741597,0.000377516,0.000303752,1.75578,1.20968,0,0,0,0,0,0,0,0,0,0,0,0,2,1.75578,1.20968,0,0.344544,0.487027,3.7308e-15,0,0,0,0,0,0,0,0,0,0,0,0,0.855775,1.20968,0,0,0,0,0,0,0,0,0,0,0,0,2,0.855775,1.20968,0,1,1,0,0,0,0,0,1.1624,-0.2255,2.3905,0,0,0,0,0,0,1.03253,-0.1783,2.39272,1.44338,0,0,0,0,1,0,0,0,0,0,0,0,0,0,0,0,0,0,0,0,0,0,0,0,0
32.35,-0.0110412,7.78446e-05,7.60016e-05,-0.0145957,5.94537e-05,-0.00127847,3.00385,1.99213,-2.38129,0.00281165,0.000915249,0.00484558,-0.00146469,-0.00039824,-0.00848238,3,2,3.92699,0,0,0,0,0,0,0,0.0279188,0.0273291,0.0269298,0.0263599,2,3,2,3.92699,0,0,0,0,0,0,0,0,0,0,1.5708,1.5708,0,1.5708,1.5708,0,-0.0113165,-0.00619357,0.000287175,0,0,0,1.78905,1.21265,0.0286395,-0.000612606,0.00147172,-0.00644582,0.000741597,0.000377516,0.000303752,1.75578,1.20968,0,0,0,0,0,0,0,0,0,0,0,0,2,1.75578,1.20968,0,0.344544,0.487027,3.7308e-15,0,0,0,0,0,0,0,0,0,0,0,0,0.855775,1.20968,0,0,0,0,0,0,0,0,0,0,0,0,2,0.855775,1.20968,0,1,1,0,0,0,0,0,1.2635,-0.1266,2.4888,0,0,0,0,0,0,1.03253,-0.1783,2.39272,1.44338,0,0,0,0,1,0,0,0,0,0,0,0,0,0,0,0,0,0,0,0,0,0,0,0,0
32.35,-0.0111132,-0.000929778,0.000488562,-0.0145957,5.94537e-05,-0.00127847,3.00413,1.99225,-2.38091,0.00279961,0.00119948,0.00375506,-0.00102582,0.000974448,-0.00947571,3,2,3.92699,0,0,0,0,0,0,0,0.0279188,0.0273291,0.0269298,0.0263599,2,3,2,3.92699,0,0,0,0,0,0,0,0,0,0,1.5708,1.5708,0,1.5708,1.5708,0,-0.010459,-0.0060099,0.00073901,0,0,0,1.78896,1.21279,0.0278992,-0.000855027,0.00140102,-0.00740785,-0.000395819,9.81343e-06,-0.00348414,1.75578,1.20968,0,0,0,0,0,0,0,0,0,0,0,0,2,1.75578,1.20968,0,0.344544,0.487027,3.7308e-15,0,0,0,0,0,0,0,0,0,0,0,0,0.855775,1.20968,0,0,0,0,0,0,0,0,0,0,0,0,2,0.855775,1.20968,0,1,1,0,0,0,0,0,1.2635,-0.1266,2.4888,0,0,0,0,0,0,1.03253,-0.1783,2.39272,1.44368,0,0,0,0,1,0,0,0,0,0,0,0,0,0,0,0,0,0,0,0,0,0,0,0,0
32.4,-0.0111132,-0.000929778,0.000488562,-0.0145957,5.39764e-05,-0.00127847,3.00413,1.99225,-2.38091,0.00279961,0.00119948,0.00375506,-0.00102582,0.000974448,-0.00947571,3,2,3.92699,0,0,0,0,0,0,0,0.0361821,0.0242384,0.0300707,0.0185281,2,3,2,3.92699,0,0,0,0,0,0,0,0,0,0,1.5708,1.5708,0,1.5708,1.5708,0,-0.010459,-0.0060099,0.00073901,0,0,0,1.78896,1.21279,0.0278992,-0.000855027,0.00140102,-0.00740785,-0.000395819,9.81343e-06,-0.00348414,1.75578,1.20968,0,0,0,0,0,0,0,0,0,0,0,0,2,1.75578,1.20968,0,0.344544,0.487027,3.7308e-15,0,0,0,0,0,0,0,0,0,0,0,0,0.855775,1.20968,0,0,0,0,0,0,0,0,0,0,0,0,2,0.855775,1.20968,0,1,1,0,0,0,0,0,1.2635,-0.1266,2.4888,0,0,0,0,0,0,1.12213,-0.19855,2.42116,1.44368,0,0,0,0,1,0,0,0,0,0,0,0,0,0,0,0,0,0,0,0,0,0,0,0,0
32.4,-0.0104711,-5.88707e-05,0.00100525,-0.0145957,5.39764e-05,-0.00127847,3.00439,1.99235,-2.38067,0.00257864,0.000930363,0.00243474,-0.00143438,-0.000302206,-0.0110932,3,2,3.92699,0,0,0,0,0,0,0,0.0361821,0.0242384,0.0300707,0.0185281,2,3,2,3.92699,0,0,0,0,0,0,0,0,0,0,1.5708,1.5708,0,1.5708,1.5708,0,-0.0110382,-0.0068277,0.00045481,0,0,0,1.7889,1.21295,0.0272415,-0.000676405,0.00162264,-0.00657761,0.00032055,0.000844209,0.00069897,1.75578,1.20968,0,0,0,0,0,0,0,0,0,0,0,0,2,1.75578,1.20968,0,0.344544,0.487027,3.7308e-15,0,0,0,0,0,0,0,0,0,0,0,0,0.855775,1.20968,0,0,0,0,0,0,0,0,0,0,0,0,2,0.855775,1.20968,0,1,1,0,0,0,0,0,1.2635,-0.1266,2.4888,0,0,0,0,0,0,1.12213,-0.19855,2.42116,1.44391,0,0,0,0,1,0,0,0,0,0,0,0,0,0,0,0,0,0,0,0,0,0,0,0,0
32.45,-0.0104711,-5.88707e-05,0.00100525,-0.0145957,5.04234e-05,-0.00127847,3.00439,1.99235,-2.38067,0.00257864,0.000930363,0.00243474,-0.00143438,-0.000302206,-0.0110932,3,2,3.92699,0,0,0,0,0,0,0,0.0392995,0.0137023,0.0373399,0.0126023,2,3,2,3.92699,0,0,0,0,0,0,0,0,0,0,1.5708,1.5708,0,1.5708,1.5708,0,-0.0110382,-0.0068277,0.00045481,0,0,0,1.7889,1.21295,0.0272415,-0.000676405,0.00162264,-0.00657761,0.00032055,0.000844209,0.00069897,1.75578,1.20968,0,0,0,0,0,0,0,0,0,0,0,0,2,1.75578,1.20968,0,0.344544,0.487027,3.7308e-15,0,0,0,0,0,0,0,0,0,0,0,0,0.855775,1.20968,0,0,0,0,0,0,0,0,0,0,0,0,2,0.855775,1.20968,0,1,1,0,0,0,0,0,1.185,-0.2067,2.4079,0,0,0,0,0,0,1.12213,-0.19855,2.42116,1.44391,0,0,0,0,1,0,0,0,0,0,0,0,0,0,0,0,0,0,0,0,0,0,0,0,0
32.5,-0.0106716,0.000830335,0.00131879,-0.0145957,5.04234e-05,-0.00127847,3.00465,1.99241,-2.38051,0.00260692,0.000659054,0.00163047,-0.00080378,-0.00143858,-0.0100945,3,2,3.92699,0,0,0,0,0,0,0,0.0392995,0.0137023,0.0373399,0.0126023,2,3,2,3.92699,0,0,0,0,0,0,0,0,0,0,1.5708,1.5708,0,1.5708,1.5708,0,-0.0108106,-0.00649671,0.000437277,0,0,0,1.78882,1.2131,0.0266008,-0.000734724,0.00150728,-0.0064061,5.65295e-05,0.00015895,0.00167205,1.75578,1.20968,0,0,0,0,0,0,0,0,0,0,0,0,2,1.75578,1.20968,0,0.344544,0.487027,3.7308e-15,0,0,0,0,0,0,0,0,0,0,0,0,0.855775,1.20968,0,0,0,0,0,0,0,0,0,0,0,0,2,0.855775,1.20968,0,1,1,0,0,0,0,0,1.185,-0.2067,2.4079,0,0,0,0,0,0,1.12213,-0.19855,2.42116,1.44415,0,0,0,0,1,0,0,0,0,0,0,0,0,0,0,0,0,0,0,0,0,0,0,0,0
32.55,-0.0106716,0.000830335,0.00131879,-0.0145957,4.80432e-05,-0.00127847,3.00465,1.99241,-2.38051,0.00260692,0.000659054,0.00163047,-0.00080378,-0.00143858,-0.0100945,3,2,3.92699,0,0,0,0,0,0,0,0.0401121,0.00977716,0.0432092,0.012275,2,3,2,3.92699,0,0,0,0,0,0,0,0,0,0,1.5708,1.5708,0,1.5708,1.5708,0,-0.0108106,-0.00649671,0.000437277,0,0,0,1.78882,1.2131,0.0266008,-0.000734724,0.00150728,-0.0064061,5.65295e-05,0.00015895,0.00167205,1.75578,1.20968,0,0,0,0,0,0,0,0,0,0,0,0,2,1.75578,1.20968,0,0.344544,0.487027,3.7308e-15,0,0,0,0,0,0,0,0,0,0,0,0,0.855775,1.20968,0,0,0,0,0,0,0,0,0,0,0,0,2,0.855775,1.20968,0,1,1,0,0,0,0,0,1.185,-0.2067,2.4079,0,0,0,0,0,0,1.11951,-0.1999,2.45128,1.44415,0,0,0,0,1,0,0,0,0,0,0,0,0,0,0,0,0,0,0,0,0,0,0,0,0
32.6,-0.0113378,-0.00016422,0.00104043,-0.0145957,4.80432e-05,-0.00127847,3.00493,1.99251,-2.38028,0.00277126,0.000942473,0.00226996,0.000256994,0.000114241,-0.00337224,3,2,3.92699,0,0,0,0,0,0,0,0.0401121,0.00977716,0.0432092,0.012275,2,3,2,3.92699,0,0,0,0,0,0,0,0,0,0,1.5708,1.5708,0,1.5708,1.5708,0,-0.011334,-0.00701606,0.000644413,0,0,0,1.78877,1.21326,0.0259229,-0.000573786,0.00164078,-0.00677929,0.000641935,0.000534729,-0.000349591,1.75578,1.20968,0,0,0,0,0,0,0,0,0,0,0,0,2,1.75578,1.20968,0,0.344544,0.487027,3.7308e-15,0,0,0,0,0,0,0,0,0,0,0,0,0.855775,1.20968,0,0,0,0,0,0,0,0,0,0,0,0,2,0.855775,1.20968,0,1,1,0,0,0,0,0,1.185,-0.2067,2.4079,0,0,0,0,0,0,1.11951,-0.1999,2.45128,1.44439,0,0,0,0,1,0,0,0,0,0,0,0,0,0,0,0,0,0,0,0,0,0,0,0,0
32.65,-0.0113378,-0.00016422,0.00104043,-0.0163347,-0.000120835,0.00161117,3.00493,1.99251,-2.38028,0.00277126,0.000942473,0.00226996,0.000256994,0.000114241,-0.00337224,3,2,3.92699,0,0,0,0,0,0,0,0.0421542,0.0156952,0.0395801,0.0140097,2,3,2,3.92699,0,0,0,0,0,0,0,0,0,0,1.5708,1.5708,0,1.5708,1.5708,0,-0.011334,-0.00701606,0.000644413,0,0,0,1.78877,1.21326,0.0259229,-0.000573786,0.00164078,-0.00677929,0.000641935,0.000534729,-0.000349591,1.75578,1.20968,0,0,0,0,0,0,0,0,0,0,0,0,2,1.75578,1.20968,0,0.344544,0.487027,3.7308e-15,0,0,0,0,0,0,0,0,0,0,0,0,0.855775,1.20968,0,0,0,0,0,0,0,0,0,0,0,0,2,0.855775,1.20968,0,1,1,0,0,0,0,0,1.1855,-0.2076,2.4062,0,0,0,0,0,0,1.11951,-0.1999,2.45128,1.44439,0,0,0,0,1,0,0,0,0,0,0,0,0,0,0,0,0,0,0,0,0,0,0,0,0
32.7,-0.0112216,-0.000759855,0.00146683,-0.0163347,-0.000120835,0.00161117,3.0052,1.99262,-2.38016,0.00270458,0.00110575,0.00119664,3.34535e-05,0.000931838,-0.00540226,3,2,3.92699,0,0,0,0,0,0,0,0.0421542,0.0156952,0.0395801,0.0140097,2,3,2,3.92699,0,0,0,0,0,0,0,0,0,0,1.5708,1.5708,0,1.5708,1.5708,0,-0.0095461,-0.00710569,0.000167747,0,0,0,1.78866,1.21343,0.0253731,-0.00108744,0.00164764,-0.00549765,-0.00158835,0.000400544,0.00463265,1.75578,1.20968,0,0,0,0,0,0,0,0,0,0,0,0,2,1.75578,1.20968,0,0.344544,0.487027,3.7308e-15,0,0,0,0,0,0,0,0,0,0,0,0,0.855775,1.20968,0,0,0,0,0,0,0,0,0,0,0,0,2,0.855775,1.20968,0,1,1,0,0,0,0,0,1.1855,-0.2076,2.4062,0,0,0,0,0,0,1.11951,-0.1999,2.45128,1.44468,0,0,0,0,1,0,0,0,0,0,0,0,0,0,0,0,0,0,0,0,0,0,0,0,0
32.75,-0.0112216,-0.000759855,0.00146683,-0.0163347,-0.00012279,0.00161117,3.0052,1.99262,-2.38016,0.00270458,0.00110575,0.00119664,3.34535e-05,0.000931838,-0.00540226,3,2,3.92699,0,0,0,0,0,0,0,0.0477775,0.0124762,0.0410979,0.00930887,2,3,2,3.92699,0,0,0,0,0,0,0,0,0,0,1.5708,1.5708,0,1.5708,1.5708,0,-0.0095461,-0.00710569,0.000167747,0,0,0,1.78866,1.21343,0.0253731,-0.00108744,0.00164764,-0.00549765,-0.00158835,0.000400544,0.00463265,1.75578,1.20968,0,0,0,0,0,0,0,0,0,0,0,0,2,1.75578,1.20968,0,0.344544,0.487027,3.7308e-15,0,0,0,0,0,0,0,0,0,0,0,0,0.855775,1.20968,0,0,0,0,0,0,0,0,0,0,0,0,2,0.855775,1.20968,0,1,1,0,0,0,0,0,1.1855,-0.2076,2.4062,0,0,0,0,0,0,1.13115,-0.20208,2.42012,1.44468,0,0,0,0,1,0,0,0,0,0,0,0,0,0,0,0,0,0,0,0,0,0,0,0,0
32.8,-0.0110087,0.000833073,0.000850962,-0.0163347,-0.00012279,0.00161117,3.00546,1.99268,-2.37989,0.00261037,0.000626343,0.00265889,-0.00038899,-0.00124635,0.00232299,3,2,3.92699,0,0,0,0,0,0,0,0.0477775,0.0124762,0.0410979,0.00930887,2,3,2,3.92699,0,0,0,0,0,0,0,0,0,0,1.5708,1.5708,0,1.5708,1.5708,0,-0.0120513,-0.00692669,0.000994873,0,0,0,1.78862,1.21359,0.024635,-0.000345527,0.00157624,-0.00738242,0.00170981,-6.44489e-05,-0.00406987,1.75578,1.20968,0,0,0,0,0,0,0,0,0,0,0,0,2,1.75578,1.20968,0,0.344544,0.487027,3.7308e-15,0,0,0,0,0,0,0,0,0,0,0,0,0.855775,1.20968,0,0,0,0,0,0,0,0,0,0,0,0,2,0.855775,1.20968,0,1,1,0,0,0,0,0,1.1855,-0.2076,2.4062,0,0,0,0,0,0,1.13115,-0.20208,2.42012,1.44488,0,0,0,0,1,0,0,0,0,0,0,0,0,0,0,0,0,0,0,0,0,0,0,0,0
32.85,-0.0110087,0.000833073,0.000850962,-0.0163347,-0.000127132,0.00161117,3.00546,1.99268,-2.37989,0.00261037,0.000626343,0.00265889,-0.00038899,-0.00124635,0.00232299,3,2,3.92699,0,0,0,0,0,0,0,0.0362518,0.0151362,0.0387244,0.0183179,2,3,2,3.92699,0,0,0,0,0,0,0,0,0,0,1.5708,1.5708,0,1.5708,1.5708,0,-0.0120513,-0.00692669,0.000994873,0,0,0,1.78862,1.21359,0.024635,-0.000345527,0.00157624,-0.00738242,0.00170981,-6.44489e-05,-0.00406987,1.75578,1.20968,0,0,0,0,0,0,0,0,0,0,0,0,2,1.75578,1.20968,0,0.344544,0.487027,3.7308e-15,0,0,0,0,0,0,0,0,0,0,0,0,0.855775,1.20968,0,0,0,0,0,0,0,0,0,0,0,0,2,0.855775,1.20968,0,1,1,0,0,0,0,0,1.1964,-0.1981,2.415,0,0,0,0,0,0,1.13115,-0.20208,2.42012,1.44488,0,0,0,0,1,0,0,0,0,0,0,0,0,0,0,0,0,0,0,0,0,0,0,0,0
32.9,-0.0107065,-0.00093588,0.000112374,-0.0149612,0.000848709,0.00148691,3.00571,1.99279,-2.37946,0.00249112,0.00113688,0.00438847,-0.000766443,0.000996886,0.00935165,3,2,3.92699,0,0,0,0,0,0,0,0.0362518,0.0151362,0.0387244,0.0183179,2,3,2,3.92699,0,0,0,0,0,0,0,0,0,0,1.5708,1.5708,0,1.5708,1.5708,0,-0.0107954,-0.00733922,0.000764624,0,0,0,1.78855,1.21375,0.0239669,-0.000707039,0.00167784,-0.00668268,2.84828e-05,0.000304827,-0.000827905,1.75578,1.20968,0,0,0,0,0,0,0,0,0,0,0,0,2,1.75578,1.20968,0,0.344544,0.487027,3.7308e-15,0,0,0,0,0,0,0,0,0,0,0,0,0.855775,1.20968,0,0,0,0,0,0,0,0,0,0,0,0,2,0.855775,1.20968,0,1,1,0,0,0,0,0,1.1964,-0.1981,2.415,0,0,0,0,0,0,1.13115,-0.20208,2.42012,1.44512,0,0,0,0,1,0,0,0,0,0,0,0,0,0,0,0,0,0,0,0,0,0,0,0,0
32.95,-0.0107065,-0.00093588,0.000112374,-0.0149615,0.000842146,0.00148691,3.00571,1.99279,-2.37946,0.00249112,0.00113688,0.00438847,-0.000766443,0.000996886,0.00935165,3,2,3.92699,0,0,0,0,0,0,0,0.0301242,0.028209,0.0242697,0.0224188,2,3,2,3.92699,0,0,0,0,0,0,0,0,0,0,1.5708,1.5708,0,1.5708,1.5708,0,-0.0107954,-0.00733922,0.000764624,0,0,0,1.78855,1.21375,0.0239669,-0.000707039,0.00167784,-0.00668268,2.84828e-05,0.000304827,-0.000827905,1.75578,1.20968,0,0,0,0,0,0,0,0,0,0,0,0,2,1.75578,1.20968,0,0.344544,0.487027,3.7308e-15,0,0,0,0,0,0,0,0,0,0,0,0,0.855775,1.20968,0,0,0,0,0,0,0,0,0,0,0,0,2,0.855775,1.20968,0,1,1,0,0,0,0,0,1.1964,-0.1981,2.415,0,0,0,0,0,0,0.96542,-0.17783,2.2577,1.44512,0,0,0,0,1,0,0,0,0,0,0,0,0,0,0,0,0,0,0,0,0,0,0,0,0
33,-0.00997004,-0.00137645,0.000342079,-0.0149615,0.000842146,0.00148691,3.00593,1.99292,-2.37908,0.00224615,0.00125247,0.00374803,-0.00148853,0.001365,0.00401127,3,2,3.92699,0,0,0,0,0,0,0,0.0301242,0.028209,0.0242697,0.0224188,2,3,2,3.92699,0,0,0,0,0,0,0,0,0,0,1.5708,1.5708,0,1.5708,1.5708,0,-0.0112375,-0.0074636,0.000639038,0,0,0,1.78849,1.21392,0.0233421,-0.000570084,0.00169438,-0.00624881,0.000336235,0.000300244,0.001671,1.75578,1.20968,0,0,0,0,0,0,0,0,0,0,0,0,2,1.75578,1.20968,0,0.344544,0.487027,3.7308e-15,0,0,0,0,0,0,0,0,0,0,0,0,0.855775,1.20968,0,0,0,0,0,0,0,0,0,0,0,0,2,0.855775,1.20968,0,1,1,0,0,0,0,0,1.1964,-0.1981,2.415,0,0,0,0,0,0,0.96542,-0.17783,2.2577,1.44533,0,0,0,0,1,0,0,0,0,0,0,0,0,0,0,0,0,0,0,0,0,0,0,0,0
33.05,-0.00997004,-0.00137645,0.000342079,-0.0149618,0.000836538,0.00148691,3.00593,1.99292,-2.37908,0.00224615,0.00125247,0.00374803,-0.00148853,0.001365,0.00401127,3,2,3.92699,0,0,0,0,0,0,0,0.0325144,0.0242151,0.0244948,0.0164742,2,3,2,3.92699,0,0,0,0,0,0,0,0,0,0,1.5708,1.5708,0,1.5708,1.5708,0,-0.0112375,-0.0074636,0.000639038,0,0,0,1.78849,1.21392,0.0233421,-0.000570084,0.00169438,-0.00624881,0.000336235,0.000300244,0.001671,1.75578,1.20968,0,0,0,0,0,0,0,0,0,0,0,0,2,1.75578,1.20968,0,0.344544,0.487027,3.7308e-15,0,0,0,0,0,0,0,0,0,0,0,0,0.855775,1.20968,0,0,0,0,0,0,0,0,0,0,0,0,2,0.855775,1.20968,0,1,1,0,0,0,0,0,1.2375,-0.1587,2.4537,0,0,0,0,0,0,0.96542,-0.17783,2.2577,1.44533,0,0,0,0,1,0,0,0,0,0,0,0,0,0,0,0,0,0,0,0,0,0,0,0,0
33.1,-0.0102221,-0.000794594,-0.000373267,-0.0149618,0.000836538,0.00148691,3.00616,1.99302,-2.37854,0.00229348,0.00106736,0.00540015,-0.000804897,0.000128732,0.00828302,3,2,3.92699,0,0,0,0,0,0,0,0.0325144,0.0242151,0.0244948,0.0164742,2,3,2,3.92699,0,0,0,0,0,0,0,0,0,0,1.5708,1.5708,0,1.5708,1.5708,0,-0.0110585,-0.0079873,0.000701615,0,0,0,1.78843,1.21411,0.0227147,-0.000615502,0.00182697,-0.00627685,6.27064e-05,0.000707742,0.00123614,1.75578,1.20968,0,0,0,0,0,0,0,0,0,0,0,0,2,1.75578,1.20968,0,0.344544,0.487027,3.7308e-15,0,0,0,0,0,0,0,0,0,0,0,0,0.855775,1.20968,0,0,0,0,0,0,0,0,0,0,0,0,2,0.855775,1.20968,0,1,1,0,0,0,0,0,1.2375,-0.1587,2.4537,0,0,0,0,0,0,0.96542,-0.17783,2.2577,1.44554,0,0,0,0,1,0,0,0,0,0,0,0,0,0,0,0,0,0,0,0,0,0,0,0,0
33.15,-0.0102221,-0.000794594,-0.000373267,0,-0,0,3.00616,1.99302,-2.37854,0.00229348,0.00106736,0.00540015,-0.000804897,0.000128732,0.00828302,3,2,3.92699,0,0,0,0,0,0,0,0.0220491,0.0331279,0.0171987,0.0279055,2,3,2,3.92699,0,0,0,0,0,0,0,0,0,0,1.5708,1.5708,0,1.5708,1.5708,0,-0.0110585,-0.0079873,0.000701615,0,0,0,1.78843,1.21411,0.0227147,-0.000615502,0.00182697,-0.00627685,6.27064e-05,0.000707742,0.00123614,1.75578,1.20968,0,0,0,0,0,0,0,0,0,0,0,0,2,1.75578,1.20968,0,0.344544,0.487027,3.7308e-15,0,0,0,0,0,0,0,0,0,0,0,0,0.855775,1.20968,0,0,0,0,0,0,0,0,0,0,0,0,2,0.855775,1.20968,0,1,1,0,0,0,0,0,1.2375,-0.1587,2.4537,0,0,0,0,0,0,1.09471,-0.21002,2.63974,1.44554,0,0,0,0,1,0,0,0,0,0,0,0,0,0,0,0,0,0,0,0,0,0,0,0,0
33.2,-0.0100749,7.2008e-06,-0.000263393,0,-0,0,3.00639,1.99311,-2.37804,0.00222334,0.000820025,0.00502887,-0.000667316,-0.00107666,0.00407654,3,2,3.92699,0,0,0,0,0,0,0,0.0220491,0.0331279,0.0171987,0.0279055,2,3,2,3.92699,0,0,0,0,0,0,0,0,0,0,1.5708,1.5708,0,1.5708,1.5708,0,-0.0114798,-0.00738514,0.000722596,0,0,0,1.78838,1.21427,0.022094,-0.000485669,0.00163029,-0.00620402,0.000518446,-0.000302889,0.00096421,1.75578,1.20968,0,0,0,0,0,0,0,0,0,0,0,0,2,1.75578,1.20968,0,0.344544,0.487027,3.7308e-15,0,0,0,0,0,0,0,0,0,0,0,0,0.855775,1.20968,0,0,0,0,0,0,0,0,0,0,0,0,2,0.855775,1.20968,0,1,1,0,0,0,0,0,1.2375,-0.1587,2.4537,0,0,0,0,0,0,1.09471,-0.21002,2.63974,1.44572,0,0,0,0,1,0,0,0,0,0,0,0,0,0,0,0,0,0,0,0,0,0,0,0,0
33.25,-0.0100749,7.2008e-06,-0.000263393,0,-0,0,3.00639,1.99311,-2.37804,0.00222334,0.000820025,0.00502887,-0.000667316,-0.00107666,0.00407654,3,2,3.92699,0,0,0,0,0,0,0,0.0210973,0.0294635,0.020185,0.0282703,2,3,2,3.92699,0,0,0,0,0,0,0,0,0,0,1.5708,1.5708,0,1.5708,1.5708,0,-0.0114798,-0.00738514,0.000722596,0,0,0,1.78838,1.21427,0.022094,-0.000485669,0.00163029,-0.00620402,0.000518446,-0.000302889,0.00096421,1.75578,1.20968,0,0,0,0,0,0,0,0,0,0,0,0,2,1.75578,1.20968,0,0.344544,0.487027,3.7308e-15,0,0,0,0,0,0,0,0,0,0,0,0,0.855775,1.20968,0,0,0,0,0,0,0,0,0,0,0,0,2,0.855775,1.20968,0,1,1,0,0,0,0,0,1.254,-0.1441,2.4677,0,0,0,0,0,0,1.09471,-0.21002,2.63974,1.44572,0,0,0,0,1,0,0,0,0,0,0,0,0,0,0,0,0,0,0,0,0,0,0,0,0
33.3,-0.0106756,-5.17707e-05,-0.000955355,0,-0,0,3.00662,1.99319,-2.37738,0.00237302,0.000827626,0.00659934,0.000212635,-0.000780558,0.00814569,3,2,3.92699,0,0,0,0,0,0,0,0.0210973,0.0294635,0.020185,0.0282703,2,3,2,3.92699,0,0,0,0,0,0,0,0,0,0,1.5708,1.5708,0,1.5708,1.5708,0,-0.0112206,-0.00809434,0.000693413,0,0,0,1.78833,1.21445,0.0214929,-0.000555412,0.0018176,-0.00601181,9.50636e-05,0.000427279,0.0013196,1.75578,1.20968,0,0,0,0,0,0,0,0,0,0,0,0,2,1.75578,1.20968,0,0.344544,0.487027,3.7308e-15,0,0,0,0,0,0,0,0,0,0,0,0,0.855775,1.20968,0,0,0,0,0,0,0,0,0,0,0,0,2,0.855775,1.20968,0,1,1,0,0,0,0,0,1.254,-0.1441,2.4677,0,0,0,0,0,0,1.09471,-0.21002,2.63974,1.44592,0,0,0,0,1,0,0,0,0,0,0,0,0,0,0,0,0,0,0,0,0,0,0,0,0
33.35,-0.0106756,-5.17707e-05,-0.000955355,0,-0,0,3.00662,1.99319,-2.37738,0.00237302,0.000827626,0.00659934,0.000212635,-0.000780558,0.00814569,3,2,3.92699,0,0,0,0,0,0,0,0.0134307,0.0403957,0.0124981,0.0385575,2,3,2,3.92699,0,0,0,0,0,0,0,0,0,0,1.5708,1.5708,0,1.5708,1.5708,0,-0.0112206,-0.00809434,0.000693413,0,0,0,1.78833,1.21445,0.0214929,-0.000555412,0.0018176,-0.00601181,9.50636e-05,0.000427279,0.0013196,1.75578,1.20968,0,0,0,0,0,0,0,0,0,0,0,0,2,1.75578,1.20968,0,0.344544,0.487027,3.7308e-15,0,0,0,0,0,0,0,0,0,0,0,0,0.855775,1.20968,0,0,0,0,0,0,0,0,0,0,0,0,2,0.855775,1.20968,0,1,1,0,0,0,0,0,1.254,-0.1441,2.4677,0,0,0,0,0,0,0,-0,0,1.44592,0,0,0,0,0,0,0,0,0,0,0,0,0,0,0,0,0,0,0,0,0,0,0,0,0
33.4,-0.0104876,0.00108232,-0.000577261,-0.0157757,-3.30426e-05,-0.00138221,3.00685,1.99324,-2.37682,0.00229,0.000485832,0.00555745,-8.39062e-05,-0.00179392,0.00128076,3,2,3.92699,0,0,0,0,0,0,0,0.0134307,0.0403957,0.0124981,0.0385575,2,3,2,3.92699,0,0,0,0,0,0,0,0,0,0,1.5708,1.5708,0,1.5708,1.5708,0,-0.0113744,-0.00797879,0.000643176,0,0,0,1.78828,1.21463,0.0209156,-0.000504143,0.00176267,-0.00577265,0.00020441,0.00013663,0.0017932,1.75578,1.20968,0,0,0,0,0,0,0,0,0,0,0,0,2,1.75578,1.20968,0,0.344544,0.487027,3.7308e-15,0,0,0,0,0,0,0,0,0,0,0,0,0.855775,1.20968,0,0,0,0,0,0,0,0,0,0,0,0,2,0.855775,1.20968,0,1,1,0,0,0,0,0,1.254,-0.1441,2.4677,0,0,0,0,0,0,0,-0,0,1.44608,0,0,0,0,0,0,0,0,0,0,0,0,0,0,0,0,0,0,0,0,0,0,0,0,0
33.45,-0.0104876,0.00108232,-0.000577261,-0.0157757,-4.181e-05,-0.00138221,3.00685,1.99324,-2.37682,0.00229,0.000485832,0.00555745,-8.39062e-05,-0.00179392,0.00128076,3,2,3.92699,0,0,0,0,0,0,0,0.015116,0.0322807,0.0196472,0.0362355,2,3,2,3.92699,0,0,0,0,0,0,0,0,0,0,1.5708,1.5708,0,1.5708,1.5708,0,-0.0113744,-0.00797879,0.000643176,0,0,0,1.78828,1.21463,0.0209156,-0.000504143,0.00176267,-0.00577265,0.00020441,0.00013663,0.0017932,1.75578,1.20968,0,0,0,0,0,0,0,0,0,0,0,0,2,1.75578,1.20968,0,0.344544,0.487027,3.7308e-15,0,0,0,0,0,0,0,0,0,0,0,0,0.855775,1.20968,0,0,0,0,0,0,0,0,0,0,0,0,2,0.855775,1.20968,0,1,1,0,0,0,0,0,1.1866,-0.2137,2.3977,0,0,0,0,0,0,0,-0,0,1.44608,0,0,0,0,0,0,0,0,0,0,0,0,0,0,0,0,0,0,0,0,0,0,0,0,0
33.5,-0.0106152,-0.000305563,-0.000947389,-0.0157757,-4.181e-05,-0.00138221,3.00708,1.99333,-2.37619,0.00230038,0.000886453,0.00634114,-4.98831e-05,0.000386205,0.00296926,3,2,3.92699,0,0,0,0,0,0,0,0.015116,0.0322807,0.0196472,0.0362355,2,3,2,3.92699,0,0,0,0,0,0,0,0,0,0,1.5708,1.5708,0,1.5708,1.5708,0,-0.010695,-0.00776608,0.000732931,0,0,0,1.78821,1.21479,0.0203282,-0.000695975,0.00168011,-0.00587549,-0.000628763,-0.000287808,0.000731997,1.75578,1.20968,0,0,0,0,0,0,0,0,0,0,0,0,2,1.75578,1.20968,0,0.344544,0.487027,3.7308e-15,0,0,0,0,0,0,0,0,0,0,0,0,0.855775,1.20968,0,0,0,0,0,0,0,0,0,0,0,0,2,0.855775,1.20968,0,1,1,0,0,0,0,0,1.1866,-0.2137,2.3977,0,0,0,0,0,0,0,-0,0,1.44629,0,0,0,0,0,0,0,0,0,0,0,0,0,0,0,0,0,0,0,0,0,0,0,0,0
33.55,-0.0106152,-0.000305563,-0.000947389,-0.0157757,-5.18111e-05,-0.00138221,3.00708,1.99333,-2.37619,0.00230038,0.000886453,0.00634114,-4.98831e-05,0.000386205,0.00296926,3,2,3.92699,0,0,0,0,0,0,0,0.0140082,0.0406771,0.0118922,0.0376656,2,3,2,3.92699,0,0,0,0,0,0,0,0,0,0,1.5708,1.5708,0,1.5708,1.5708,0,-0.010695,-0.00776608,0.000732931,0,0,0,1.78821,1.21479,0.0203282,-0.000695975,0.00168011,-0.00587549,-0.000628763,-0.000287808,0.000731997,1.75578,1.20968,0,0,0,0,0,0,0,0,0,0,0,0,2,1.75578,1.20968,0,0.344544,0.487027,3.7308e-15,0,0,0,0,0,0,0,0,0,0,0,0,0.855775,1.20968,0,0,0,0,0,0,0,0,0,0,0,0,2,0.855775,1.20968,0,1,1,0,0,0,0,0,1.1866,-0.2137,2.3977,0,0,0,0,0,0,1.12283,-0.20995,2.47156,1.44629,0,0,0,0,1,0,0,0,0,0,0,0,0,0,0,0,0,0,0,0,0,0,0,0,0
33.6,-0.0114131,0.00111073,-0.000925797,-0.0157757,-5.18111e-05,-0.00138221,3.00733,1.99337,-2.37557,0.00250686,0.00046134,0.00616436,0.000801886,-0.00117092,0.00131092,3,2,3.92699,0,0,0,0,0,0,0,0.0140082,0.0406771,0.0118922,0.0376656,2,3,2,3.92699,0,0,0,0,0,0,0,0,0,0,1.5708,1.5708,0,1.5708,1.5708,0,-0.0119805,-0.00791088,0.000506635,0,0,0,1.78818,1.21497,0.0198066,-0.000313662,0.00170256,-0.00521482,0.00103674,-0.00013893,0.00293026,1.75578,1.20968,0,0,0,0,0,0,0,0,0,0,0,0,2,1.75578,1.20968,0,0.344544,0.487027,3.7308e-15,0,0,0,0,0,0,0,0,0,0,0,0,0.855775,1.20968,0,0,0,0,0,0,0,0,0,0,0,0,2,0.855775,1.20968,0,1,1,0,0,0,0,0,1.1866,-0.2137,2.3977,0,0,0,0,0,0,1.12283,-0.20995,2.47156,1.44646,0,0,0,0,1,0,0,0,0,0,0,0,0,0,0,0,0,0,0,0,0,0,0,0,0
33.65,-0.0114131,0.00111073,-0.000925797,-0.0164404,0.00109906,-0.00142792,3.00733,1.99337,-2.37557,0.00250686,0.00046134,0.00616436,0.000801886,-0.00117092,0.00131092,3,2,3.92699,0,0,0,0,0,0,0,0.012603,0.0392433,0.0174038,0.0431496,2,3,2,3.92699,0,0,0,0,0,0,0,0,0,0,1.5708,1.5708,0,1.5708,1.5708,0,-0.0119805,-0.00791088,0.000506635,0,0,0,1.78818,1.21497,0.0198066,-0.000313662,0.00170256,-0.00521482,0.00103674,-0.00013893,0.00293026,1.75578,1.20968,0,0,0,0,0,0,0,0,0,0,0,0,2,1.75578,1.20968,0,0.344544,0.487027,3.7308e-15,0,0,0,0,0,0,0,0,0,0,0,0,0.855775,1.20968,0,0,0,0,0,0,0,0,0,0,0,0,2,0.855775,1.20968,0,1,1,0,0,0,0,0,1.1868,-0.2158,2.3954,0,0,0,0,0,0,1.12283,-0.20995,2.47156,1.44646,0,0,0,0,1,0,0,0,0,0,0,0,0,0,0,0,0,0,0,0,0,0,0,0,0
33.7,-0.0113932,0.000649268,-0.000742042,-0.0164404,0.00109906,-0.00142792,3.00758,1.99343,-2.37501,0.00247151,0.000591013,0.00559989,0.000452397,-0.000396422,-0.00170055,3,2,3.92699,0,0,0,0,0,0,0,0.012603,0.0392433,0.0174038,0.0431496,2,3,2,3.92699,0,0,0,0,0,0,0,0,0,0,1.5708,1.5708,0,1.5708,1.5708,0,-0.0104402,-0.00760483,0.000622712,0,0,0,1.7881,1.21512,0.0192676,-0.000758305,0.00159354,-0.00539205,-0.000928146,-0.000501075,0.00135581,1.75578,1.20968,0,0,0,0,0,0,0,0,0,0,0,0,2,1.75578,1.20968,0,0.344544,0.487027,3.7308e-15,0,0,0,0,0,0,0,0,0,0,0,0,0.855775,1.20968,0,0,0,0,0,0,0,0,0,0,0,0,2,0.855775,1.20968,0,1,1,0,0,0,0,0,1.1868,-0.2158,2.3954,0,0,0,0,0,0,1.12283,-0.20995,2.47156,1.44668,0,0,0,0,1,0,0,0,0,0,0,0,0,0,0,0,0,0,0,0,0,0,0,0,0
33.75,-0.0113932,0.000649268,-0.000742042,-0.016441,0.00108985,-0.00142792,3.00758,1.99343,-2.37501,0.00247151,0.000591013,0.00559989,0.000452397,-0.000396422,-0.00170055,3,2,3.92699,0,0,0,0,0,0,0,0.0161746,0.0377437,0.0186578,0.0395026,2,3,2,3.92699,0,0,0,0,0,0,0,0,0,0,1.5708,1.5708,0,1.5708,1.5708,0,-0.0104402,-0.00760483,0.000622712,0,0,0,1.7881,1.21512,0.0192676,-0.000758305,0.00159354,-0.00539205,-0.000928146,-0.000501075,0.00135581,1.75578,1.20968,0,0,0,0,0,0,0,0,0,0,0,0,2,1.75578,1.20968,0,0.344544,0.487027,3.7308e-15,0,0,0,0,0,0,0,0,0,0,0,0,0.855775,1.20968,0,0,0,0,0,0,0,0,0,0,0,0,2,0.855775,1.20968,0,1,1,0,0,0,0,0,1.1868,-0.2158,2.3954,0,0,0,0,0,0,1.11636,-0.20896,2.42565,1.44668,0,0,0,0,1,0,0,0,0,0,0,0,0,0,0,0,0,0,0,0,0,0,0,0,0
33.8,-0.012447,0.00023053,-0.000994945,-0.016441,0.00108985,-0.00142792,3.00785,1.9935,-2.3744,0.00275091,0.000706644,0.00609989,0.00134425,0.000329661,0.000577329,3,2,3.92699,0,0,0,0,0,0,0,0.0161746,0.0377437,0.0186578,0.0395026,2,3,2,3.92699,0,0,0,0,0,0,0,0,0,0,1.5708,1.5708,0,1.5708,1.5708,0,-0.0118661,-0.00837474,0.000601823,0,0,0,1.78807,1.2153,0.0187439,-0.000334404,0.00179895,-0.00523576,0.000869666,0.000473207,0.00121791,1.75578,1.20968,0,0,0,0,0,0,0,0,0,0,0,0,2,1.75578,1.20968,0,0.344544,0.487027,3.7308e-15,0,0,0,0,0,0,0,0,0,0,0,0,0.855775,1.20968,0,0,0,0,0,0,0,0,0,0,0,0,2,0.855775,1.20968,0,1,1,0,0,0,0,0,1.1868,-0.2158,2.3954,0,0,0,0,0,0,1.11636,-0.20896,2.42565,1.44688,0,0,0,0,1,0,0,0,0,0,0,0,0,0,0,0,0,0,0,0,0,0,0,0,0
33.85,-0.012447,0.00023053,-0.000994945,-0.0164417,0.00107982,-0.00142792,3.00785,1.9935,-2.3744,0.00275091,0.000706644,0.00609989,0.00134425,0.000329661,0.000577329,3,2,3.92699,0,0,0,0,0,0,0,0.0164202,0.0447805,0.016894,0.0443019,2,3,2,3.92699,0,0,0,0,0,0,0,0,0,0,1.5708,1.5708,0,1.5708,1.5708,0,-0.0118661,-0.00837474,0.000601823,0,0,0,1.78807,1.2153,0.0187439,-0.000334404,0.00179895,-0.00523576,0.000869666,0.000473207,0.00121791,1.75578,1.20968,0,0,0,0,0,0,0,0,0,0,0,0,2,1.75578,1.20968,0,0.344544,0.487027,3.7308e-15,0,0,0,0,0,0,0,0,0,0,0,0,0.855775,1.20968,0,0,0,0,0,0,0,0,0,0,0,0,2,0.855775,1.20968,0,1,1,0,0,0,0,0,1.187,-0.2178,2.3932,0,0,0,0,0,0,1.11636,-0.20896,2.42565,1.44688,0,0,0,0,1,0,0,0,0,0,0,0,0,0,0,0,0,0,0,0,0,0,0,0,0
33.9,-0.0125556,0.000379852,-8.82464e-05,-0.0177937,0.000228379,-0.00155556,3.00813,1.99357,-2.37402,0.0027503,0.0006546,0.00379261,0.000921145,8.7206e-05,-0.00857338,3,2,3.92699,0,0,0,0,0,0,0,0.0164202,0.0447805,0.016894,0.0443019,2,3,2,3.92699,0,0,0,0,0,0,0,0,0,0,1.5708,1.5708,0,1.5708,1.5708,0,-0.0106057,-0.00787223,0.000421874,0,0,0,1.788,1.21547,0.0182742,-0.000697345,0.00163162,-0.00469938,-0.00068388,-0.000255396,0.0028643,1.75578,1.20968,0,0,0,0,0,0,0,0,0,0,0,0,2,1.75578,1.20968,0,0.344544,0.487027,3.7308e-15,0,0,0,0,0,0,0,0,0,0,0,0,0.855775,1.20968,0,0,0,0,0,0,0,0,0,0,0,0,2,0.855775,1.20968,0,1,1,0,0,0,0,0,1.187,-0.2178,2.3932,0,0,0,0,0,0,1.11636,-0.20896,2.42565,1.44712,0,0,0,0,1,0,0,0,0,0,0,0,0,0,0,0,0,0,0,0,0,0,0,0,0
33.95,-0.0125556,0.000379852,-8.82464e-05,-0.0177938,0.000221634,-0.00155556,3.00813,1.99357,-2.37402,0.0027503,0.0006546,0.00379261,0.000921145,8.7206e-05,-0.00857338,3,2,3.92699,0,0,0,0,0,0,0,0.0284252,0.0325522,0.0292579,0.0332463,2,3,2,3.92699,0,0,0,0,0,0,0,0,0,0,1.5708,1.5708,0,1.5708,1.5708,0,-0.0106057,-0.00787223,0.000421874,0,0,0,1.788,1.21547,0.0182742,-0.000697345,0.00163162,-0.00469938,-0.00068388,-0.000255396,0.0028643,1.75578,1.20968,0,0,0,0,0,0,0,0,0,0,0,0,2,1.75578,1.20968,0,0.344544,0.487027,3.7308e-15,0,0,0,0,0,0,0,0,0,0,0,0,0.855775,1.20968,0,0,0,0,0,0,0,0,0,0,0,0,2,0.855775,1.20968,0,1,1,0,0,0,0,0,1.187,-0.2178,2.3932,0,0,0,0,0,0,1.08,-0.20829,2.45355,1.44712,0,0,0,0,1,0,0,0,0,0,0,0,0,0,0,0,0,0,0,0,0,0,0,0,0
34,-0.0121783,0.00148444,-0.000329905,-0.0177938,0.000221634,-0.00155556,3.00839,1.9936,-2.37359,0.0026074,0.000323484,0.00430104,-7.09106e-05,-0.0013025,-0.0043488,3,2,3.92699,0,0,0,0,0,0,0,0.0284252,0.0325522,0.0292579,0.0332463,2,3,2,3.92699,0,0,0,0,0,0,0,0,0,0,1.5708,1.5708,0,1.5708,1.5708,0,-0.0115979,-0.00738165,0.000801197,0,0,0,1.78796,1.21561,0.0177221,-0.000400386,0.00146971,-0.00552093,0.000564644,-0.000896359,-0.00134733,1.75578,1.20968,0,0,0,0,0,0,0,0,0,0,0,0,2,1.75578,1.20968,0,0.344544,0.487027,3.7308e-15,0,0,0,0,0,0,0,0,0,0,0,0,0.855775,1.20968,0,0,0,0,0,0,0,0,0,0,0,0,2,0.855775,1.20968,0,1,1,0,0,0,0,0,1.187,-0.2178,2.3932,0,0,0,0,0,0,1.08,-0.20829,2.45355,1.44731,0,0,0,0,1,0,0,0,0,0,0,0,0,0,0,0,0,0,0,0,0,0,0,0,0
34.05,-0.0121783,0.00148444,-0.000329905,-0.0177939,0.000213981,-0.00155556,3.00839,1.9936,-2.37359,0.0026074,0.000323484,0.00430104,-7.09106e-05,-0.0013025,-0.0043488,3,2,3.92699,0,0,0,0,0,0,0,0.0214171,0.0323115,0.0278464,0.0383748,2,3,2,3.92699,0,0,0,0,0,0,0,0,0,0,1.5708,1.5708,0,1.5708,1.5708,0,-0.0115979,-0.00738165,0.000801197,0,0,0,1.78796,1.21561,0.0177221,-0.000400386,0.00146971,-0.00552093,0.000564644,-0.000896359,-0.00134733,1.75578,1.20968,0,0,0,0,0,0,0,0,0,0,0,0,2,1.75578,1.20968,0,0.344544,0.487027,3.7308e-15,0,0,0,0,0,0,0,0,0,0,0,0,0.855775,1.20968,0,0,0,0,0,0,0,0,0,0,0,0,2,0.855775,1.20968,0,1,1,0,0,0,0,0,1.2049,-0.2017,2.409,0,0,0,0,0,0,1.08,-0.20829,2.45355,1.44731,0,0,0,0,1,0,0,0,0,0,0,0,0,0,0,0,0,0,0,0,0,0,0,0,0
34.1,-0.0120322,0.000817014,0.000190575,-0.0177939,0.000213981,-0.00155556,3.00864,1.99365,-2.3733,0.0025339,0.000515079,0.00296083,-0.000471914,-0.000204881,-0.00739655,3,2,3.92699,0,0,0,0,0,0,0,0.0214171,0.0323115,0.0278464,0.0383748,2,3,2,3.92699,0,0,0,0,0,0,0,0,0,0,1.5708,1.5708,0,1.5708,1.5708,0,-0.010479,-0.00795195,0.000827334,0,0,0,1.78789,1.21578,0.0171745,-0.000721357,0.00161848,-0.00547541,-0.00077421,-3.13423e-05,-0.00119469,1.75578,1.20968,0,0,0,0,0,0,0,0,0,0,0,0,2,1.75578,1.20968,0,0.344544,0.487027,3.7308e-15,0,0,0,0,0,0,0,0,0,0,0,0,0.855775,1.20968,0,0,0,0,0,0,0,0,0,0,0,0,2,0.855775,1.20968,0,1,1,0,0,0,0,0,1.2049,-0.2017,2.409,0,0,0,0,0,0,1.08,-0.20829,2.45355,1.44753,0,0,0,0,1,0,0,0,0,0,0,0,0,0,0,0,0,0,0,0,0,0,0,0,0
34.15,-0.0120322,0.000817014,0.000190575,0,-0,0,3.00864,1.99365,-2.3733,0.0025339,0.000515079,0.00296083,-0.000471914,-0.000204881,-0.00739655,3,2,3.92699,0,0,0,0,0,0,0,0.0297385,0.0264653,0.03269,0.0295266,2,3,2,3.92699,0,0,0,0,0,0,0,0,0,0,1.5708,1.5708,0,1.5708,1.5708,0,-0.010479,-0.00795195,0.000827334,0,0,0,1.78789,1.21578,0.0171745,-0.000721357,0.00161848,-0.00547541,-0.00077421,-3.13423e-05,-0.00119469,1.75578,1.20968,0,0,0,0,0,0,0,0,0,0,0,0,2,1.75578,1.20968,0,0.344544,0.487027,3.7308e-15,0,0,0,0,0,0,0,0,0,0,0,0,0.855775,1.20968,0,0,0,0,0,0,0,0,0,0,0,0,2,0.855775,1.20968,0,1,1,0,0,0,0,0,1.2049,-0.2017,2.409,0,0,0,0,0,0,1.12659,-0.21175,2.40673,1.44753,0,0,0,0,1,0,0,0,0,0,0,0,0,0,0,0,0,0,0,0,0,0,0,0,0
34.2,-0.0115981,-0.00082367,0.000142827,0,-0,0,3.00888,1.99375,-2.37299,0.00237694,0.000989375,0.00301784,-0.000967575,0.00191993,-0.00462981,3,2,3.92699,0,0,0,0,0,0,0,0.0297385,0.0264653,0.03269,0.0295266,2,3,2,3.92699,0,0,0,0,0,0,0,0,0,0,1.5708,1.5708,0,1.5708,1.5708,0,-0.0123911,-0.00849531,0.000648603,0,0,0,1.78787,1.21595,0.016681,-0.000156346,0.00175767,-0.00493728,0.00161209,0.000652592,0.00145936,1.75578,1.20968,0,0,0,0,0,0,0,0,0,0,0,0,2,1.75578,1.20968,0,0.344544,0.487027,3.7308e-15,0,0,0,0,0,0,0,0,0,0,0,0,0.855775,1.20968,0,0,0,0,0,0,0,0,0,0,0,0,2,0.855775,1.20968,0,1,1,0,0,0,0,0,1.2049,-0.2017,2.409,0,0,0,0,0,0,1.12659,-0.21175,2.40673,1.4477,0,0,0,0,1,0,0,0,0,0,0,0,0,0,0,0,0,0,0,0,0,0,0,0,0
34.25,-0.0115981,-0.00082367,0.000142827,0,-0,0,3.00888,1.99375,-2.37299,0.00237694,0.000989375,0.00301784,-0.000967575,0.00191993,-0.00462981,3,2,3.92699,0,0,0,0,0,0,0,0.0322505,0.0296935,0.027203,0.0247318,2,3,2,3.92699,0,0,0,0,0,0,0,0,0,0,1.5708,1.5708,0,1.5708,1.5708,0,-0.0123911,-0.00849531,0.000648603,0,0,0,1.78787,1.21595,0.016681,-0.000156346,0.00175767,-0.00493728,0.00161209,0.000652592,0.00145936,1.75578,1.20968,0,0,0,0,0,0,0,0,0,0,0,0,2,1.75578,1.20968,0,0.344544,0.487027,3.7308e-15,0,0,0,0,0,0,0,0,0,0,0,0,0.855775,1.20968,0,0,0,0,0,0,0,0,0,0,0,0,2,0.855775,1.20968,0,1,1,0,0,0,0,0,1.1775,-0.2306,2.3796,0,0,0,0,0,0,1.12659,-0.21175,2.40673,1.4477,0,0,0,0,1,0,0,0,0,0,0,0,0,0,0,0,0,0,0,0,0,0,0,0,0
34.3,-0.0113529,-0.000797902,0.000414775,0,-0,0,3.00911,1.99385,-2.37276,0.00227714,0.000970166,0.00230243,-0.0010416,0.00136577,-0.00525758,3,2,3.92699,0,0,0,0,0,0,0,0.0322505,0.0296935,0.027203,0.0247318,2,3,2,3.92699,0,0,0,0,0,0,0,0,0,0,1.5708,1.5708,0,1.5708,1.5708,0,-0.0107921,-0.00822093,0.000769301,0,0,0,1.78781,1.21612,0.0161678,-0.000619928,0.00165721,-0.00513103,-0.000561911,8.6859e-05,0.000450216,1.75578,1.20968,0,0,0,0,0,0,0,0,0,0,0,0,2,1.75578,1.20968,0,0.344544,0.487027,3.7308e-15,0,0,0,0,0,0,0,0,0,0,0,0,0.855775,1.20968,0,0,0,0,0,0,0,0,0,0,0,0,2,0.855775,1.20968,0,1,1,0,0,0,0,0,1.1775,-0.2306,2.3796,0,0,0,0,0,0,1.12659,-0.21175,2.40673,1.44791,0,0,0,0,1,0,0,0,0,0,0,0,0,0,0,0,0,0,0,0,0,0,0,0,0
34.35,-0.0113529,-0.000797902,0.000414775,0,-0,0,3.00911,1.99385,-2.37276,0.00227714,0.000970166,0.00230243,-0.0010416,0.00136577,-0.00525758,3,2,3.92699,0,0,0,0,0,0,0,0.0352243,0.0253586,0.0302192,0.0206849,2,3,2,3.92699,0,0,0,0,0,0,0,0,0,0,1.5708,1.5708,0,1.5708,1.5708,0,-0.0107921,-0.00822093,0.000769301,0,0,0,1.78781,1.21612,0.0161678,-0.000619928,0.00165721,-0.00513103,-0.000561911,8.6859e-05,0.000450216,1.75578,1.20968,0,0,0,0,0,0,0,0,0,0,0,0,2,1.75578,1.20968,0,0.344544,0.487027,3.7308e-15,0,0,0,0,0,0,0,0,0,0,0,0,0.855775,1.20968,0,0,0,0,0,0,0,0,0,0,0,0,2,0.855775,1.20968,0,1,1,0,0,0,0,0,1.1775,-0.2306,2.3796,0,0,0,0,0,0,1.09884,-0.21971,2.62331,1.44791,0,0,0,0,1,0,0,0,0,0,0,0,0,0,0,0,0,0,0,0,0,0,0,0,0
34.4,-0.0112722,-0.0010716,0.000372949,-0.00715195,-0.00691877,0.000631089,3.00933,1.99395,-2.37253,0.00222666,0.00103887,0.00235807,-0.000841075,0.0010179,-0.00302368,3,2,3.92699,0,0,0,0,0,0,0,0.0352243,0.0253586,0.0302192,0.0206849,2,3,2,3.92699,0,0,0,0,0,0,0,0,0,0,1.5708,1.5708,0,1.5708,1.5708,0,-0.0110264,-0.00850775,0.000264639,0,0,0,1.78775,1.21629,0.0157864,-0.000544459,0.00172127,-0.00381435,-0.000329255,0.00022865,0.00540358,1.75578,1.20968,0,0,0,0,0,0,0,0,0,0,0,0,2,1.75578,1.20968,0,0.344544,0.487027,3.7308e-15,0,0,0,0,0,0,0,0,0,0,0,0,0.855775,1.20968,0,0,0,0,0,0,0,0,0,0,0,0,2,0.855775,1.20968,0,1,1,0,0,0,0,0,1.1775,-0.2306,2.3796,0,0,0,0,0,0,1.09884,-0.21971,2.62331,1.44811,0,0,0,0,1,0,0,0,0,0,0,0,0,0,0,0,0,0,0,0,0,0,0,0,0
34.45,-0.0112722,-0.0010716,0.000372949,-0.00715031,-0.00692046,0.000631089,3.00933,1.99395,-2.37253,0.00222666,0.00103887,0.00235807,-0.000841075,0.0010179,-0.00302368,3,2,3.92699,0,0,0,0,0,0,0,0.0351652,0.0263257,0.0288509,0.0203082,2,3,2,3.92699,0,0,0,0,0,0,0,0,0,0,1.5708,1.5708,0,1.5708,1.5708,0,-0.0110264,-0.00850775,0.000264639,0,0,0,1.78775,1.21629,0.0157864,-0.000544459,0.00172127,-0.00381435,-0.000329255,0.00022865,0.00540358,1.75578,1.20968,0,0,0,0,0,0,0,0,0,0,0,0,2,1.75578,1.20968,0,0.344544,0.487027,3.7308e-15,0,0,0,0,0,0,0,0,0,0,0,0,0.855775,1.20968,0,0,0,0,0,0,0,0,0,0,0,0,2,0.855775,1.20968,0,1,1,0,0,0,0,0,1.1878,-0.2216,2.3883,0,0,0,0,0,0,1.09884,-0.21971,2.62331,1.44811,0,0,0,0,1,0,0,0,0,0,0,0,0,0,0,0,0,0,0,0,0,0,0,0,0
34.5,-0.0119469,-0.000692818,0.000933809,-0.00715031,-0.00692046,0.000631089,3.00957,1.99404,-2.37243,0.00239797,0.000915723,0.000958648,0.000207165,7.23441e-05,-0.00710428,3,2,3.92699,0,0,0,0,0,0,0,0.0351652,0.0263257,0.0288509,0.0203082,2,3,2,3.92699,0,0,0,0,0,0,0,0,0,0,1.5708,1.5708,0,1.5708,1.5708,0,-0.0116209,-0.00799494,0.00148846,0,0,0,1.78772,1.21645,0.0151177,-0.000365069,0.00155185,-0.00668792,0.00055042,-0.000520058,-0.00756809,1.75578,1.20968,0,0,0,0,0,0,0,0,0,0,0,0,2,1.75578,1.20968,0,0.344544,0.487027,3.7308e-15,0,0,0,0,0,0,0,0,0,0,0,0,0.855775,1.20968,0,0,0,0,0,0,0,0,0,0,0,0,2,0.855775,1.20968,0,1,1,0,0,0,0,0,1.1878,-0.2216,2.3883,0,0,0,0,0,0,1.09884,-0.21971,2.62331,1.4483,0,0,0,0,1,0,0,0,0,0,0,0,0,0,0,0,0,0,0,0,0,0,0,0,0
34.55,-0.0119469,-0.000692818,0.000933809,-0.00714965,-0.00692114,0.000631089,3.00957,1.99404,-2.37243,0.00239797,0.000915723,0.000958648,0.000207165,7.23441e-05,-0.00710428,3,2,3.92699,0,0,0,0,0,0,0,0.0433562,0.0196934,0.0386158,0.0157476,2,3,2,3.92699,0,0,0,0,0,0,0,0,0,0,1.5708,1.5708,0,1.5708,1.5708,0,-0.0116209,-0.00799494,0.00148846,0,0,0,1.78772,1.21645,0.0151177,-0.000365069,0.00155185,-0.00668792,0.00055042,-0.000520058,-0.00756809,1.75578,1.20968,0,0,0,0,0,0,0,0,0,0,0,0,2,1.75578,1.20968,0,0.344544,0.487027,3.7308e-15,0,0,0,0,0,0,0,0,0,0,0,0,0.855775,1.20968,0,0,0,0,0,0,0,0,0,0,0,0,2,0.855775,1.20968,0,1,1,0,0,0,0,0,1.1878,-0.2216,2.3883,0,0,0,0,0,0,1.04574,-0.20696,2.43841,1.4483,0,0,0,0,1,0,0,0,0,0,0,0,0,0,0,0,0,0,0,0,0,0,0,0,0
34.6,-0.0110573,-0.00167941,-2.95082e-05,-0.00714965,-0.00692114,0.000631089,3.00978,1.99416,-2.37211,0.00210926,0.00119378,0.00326378,-0.000885948,0.00102707,0.00439332,3,2,3.92699,0,0,0,0,0,0,0,0.0433562,0.0196934,0.0386158,0.0157476,2,3,2,3.92699,0,0,0,0,0,0,0,0,0,0,1.5708,1.5708,0,1.5708,1.5708,0,-0.0122607,-0.00840408,0.00088734,0,0,0,1.7877,1.21661,0.0146069,-0.000174551,0.00165274,-0.00510827,0.00121062,-9.5254e-06,8.03821e-06,1.75578,1.20968,0,0,0,0,0,0,0,0,0,0,0,0,2,1.75578,1.20968,0,0.344544,0.487027,3.7308e-15,0,0,0,0,0,0,0,0,0,0,0,0,0.855775,1.20968,0,0,0,0,0,0,0,0,0,0,0,0,2,0.855775,1.20968,0,1,1,0,0,0,0,0,1.1878,-0.2216,2.3883,0,0,0,0,0,0,1.04574,-0.20696,2.43841,1.44847,0,0,0,0,1,0,0,0,0,0,0,0,0,0,0,0,0,0,0,0,0,0,0,0,0
34.65,-0.0110573,-0.00167941,-2.95082e-05,0,-0,0,3.00978,1.99416,-2.37211,0.00210926,0.00119378,0.00326378,-0.000885948,0.00102707,0.00439332,3,2,3.92699,0,0,0,0,0,0,0,0.0308046,0.0325321,0.0217125,0.023382,2,3,2,3.92699,0,0,0,0,0,0,0,0,0,0,1.5708,1.5708,0,1.5708,1.5708,0,-0.0122607,-0.00840408,0.00088734,0,0,0,1.7877,1.21661,0.0146069,-0.000174551,0.00165274,-0.00510827,0.00121062,-9.5254e-06,8.03821e-06,1.75578,1.20968,0,0,0,0,0,0,0,0,0,0,0,0,2,1.75578,1.20968,0,0.344544,0.487027,3.7308e-15,0,0,0,0,0,0,0,0,0,0,0,0,0.855775,1.20968,0,0,0,0,0,0,0,0,0,0,0,0,2,0.855775,1.20968,0,1,1,0,0,0,0,0,1.105,-0.3056,2.3035,0,0,0,0,0,0,1.04574,-0.20696,2.43841,1.44847,0,0,0,0,1,0,0,0,0,0,0,0,0,0,0,0,0,0,0,0,0,0,0,0,0
34.7,-0.0114618,-0.00278411,0.000196483,0,-0,0,3.01,1.99431,-2.37184,0.00220284,0.00150315,0.00265443,-0.000307946,0.0019811,0.00175731,3,2,3.92699,0,0,0,0,0,0,0,0.0308046,0.0325321,0.0217125,0.023382,2,3,2,3.92699,0,0,0,0,0,0,0,0,0,0,1.5708,1.5708,0,1.5708,1.5708,0,-0.011427,-0.00898449,0.000760345,0,0,0,1.78766,1.21679,0.0141368,-0.000415168,0.00180232,-0.00470196,-0.000144886,0.000659615,0.00265831,1.75578,1.20968,0,0,0,0,0,0,0,0,0,0,0,0,2,1.75578,1.20968,0,0.344544,0.487027,3.7308e-15,0,0,0,0,0,0,0,0,0,0,0,0,0.855775,1.20968,0,0,0,0,0,0,0,0,0,0,0,0,2,0.855775,1.20968,0,1,1,0,0,0,0,0,1.105,-0.3056,2.3035,0,0,0,0,0,0,1.04574,-0.20696,2.43841,1.44868,0,0,0,0,1,0,0,0,0,0,0,0,0,0,0,0,0,0,0,0,0,0,0,0,0
34.8,-0.0114618,-0.00278411,0.000196483,0,-0,0,3.01,1.99431,-2.37184,0.00220284,0.00150315,0.00265443,-0.000307946,0.0019811,0.00175731,3,2,3.92699,0,0,0,0,0,0,0,0.0376594,0.0330454,0.0230158,0.0185567,2,3,2,3.92699,0,0,0,0,0,0,0,0,0,0,1.5708,1.5708,0,1.5708,1.5708,0,-0.011427,-0.00898449,0.000760345,0,0,0,1.78766,1.21679,0.0141368,-0.000415168,0.00180232,-0.00470196,-0.000144886,0.000659615,0.00265831,1.75578,1.20968,0,0,0,0,0,0,0,0,0,0,0,0,2,1.75578,1.20968,0,0.344544,0.487027,3.7308e-15,0,0,0,0,0,0,0,0,0,0,0,0,0.855775,1.20968,0,0,0,0,0,0,0,0,0,0,0,0,2,0.855775,1.20968,0,1,1,0,0,0,0,0,1.105,-0.3056,2.3035,0,0,0,0,0,0,1.08088,-0.21864,2.66003,1.44868,0,0,0,0,1,0,0,0,0,0,0,0,0,0,0,0,0,0,0,0,0,0,0,0,0
34.85,-0.0114613,-0.001082,3.14753e-05,0,-0,0,3.01022,1.99441,-2.37154,0.00217672,0.000987088,0.00300029,-0.000207623,-0.000741421,0.0020845,3,2,3.92699,0,0,0,0,0,0,0,0.0376594,0.0330454,0.0230158,0.0185567,2,3,2,3.92699,0,0,0,0,0,0,0,0,0,0,1.5708,1.5708,0,1.5708,1.5708,0,-0.011709,-0.00839411,0.000842926,0,0,0,1.78763,1.21695,0.0136557,-0.000328216,0.00160935,-0.00480849,7.64057e-05,-0.000281746,0.00152165,1.75578,1.20968,0,0,0,0,0,0,0,0,0,0,0,0,2,1.75578,1.20968,0,0.344544,0.487027,3.7308e-15,0,0,0,0,0,0,0,0,0,0,0,0,0.855775,1.20968,0,0,0,0,0,0,0,0,0,0,0,0,2,0.855775,1.20968,0,1,1,0,0,0,0,0,1.105,-0.3056,2.3035,0,0,0,0,0,0,1.08088,-0.21864,2.66003,1.44886,0,0,0,0,1,0,0,0,0,0,0,0,0,0,0,0,0,0,0,0,0,0,0,0,0
34.9,-0.0114613,-0.001082,3.14753e-05,0,-0,0,3.01022,1.99441,-2.37154,0.00217672,0.000987088,0.00300029,-0.000207623,-0.000741421,0.0020845,3,2,3.92699,0,0,0,0,0,0,0,0.0310513,0.0313849,0.0248735,0.0251958,2,3,2,3.92699,0,0,0,0,0,0,0,0,0,0,1.5708,1.5708,0,1.5708,1.5708,0,-0.011709,-0.00839411,0.000842926,0,0,0,1.78763,1.21695,0.0136557,-0.000328216,0.00160935,-0.00480849,7.64057e-05,-0.000281746,0.00152165,1.75578,1.20968,0,0,0,0,0,0,0,0,0,0,0,0,2,1.75578,1.20968,0,0.344544,0.487027,3.7308e-15,0,0,0,0,0,0,0,0,0,0,0,0,0.855775,1.20968,0,0,0,0,0,0,0,0,0,0,0,0,2,0.855775,1.20968,0,1,1,0,0,0,0,0,1.1422,-0.2698,2.3389,0,0,0,0,0,0,1.08088,-0.21864,2.66003,1.44886,0,0,0,0,1,0,0,0,0,0,0,0,0,0,0,0,0,0,0,0,0,0,0,0,0
34.95,-0.0114892,-0.000766161,-0.000362932,0,-0,0,3.01044,1.9945,-2.37115,0.00215923,0.000882987,0.00389284,-0.000186031,-0.00123204,0.00485521,3,2,3.92699,0,0,0,0,0,0,0,0.0310513,0.0313849,0.0248735,0.0251958,2,3,2,3.92699,0,0,0,0,0,0,0,0,0,0,1.5708,1.5708,0,1.5708,1.5708,0,-0.0111115,-0.00771722,0.00101691,0,0,0,1.78758,1.21709,0.0131427,-0.000498284,0.00139349,-0.00513323,-0.000602893,-0.00116288,-0.000526427,1.75578,1.20968,0,0,0,0,0,0,0,0,0,0,0,0,2,1.75578,1.20968,0,0.344544,0.487027,3.7308e-15,0,0,0,0,0,0,0,0,0,0,0,0,0.855775,1.20968,0,0,0,0,0,0,0,0,0,0,0,0,2,0.855775,1.20968,0,1,1,0,0,0,0,0,1.1422,-0.2698,2.3389,0,0,0,0,0,0,1.08088,-0.21864,2.66003,1.44905,0,0,0,0,1,0,0,0,0,0,0,0,0,0,0,0,0,0,0,0,0,0,0,0,0
35,-0.0114892,-0.000766161,-0.000362932,0,-0,0,3.01044,1.9945,-2.37115,0.00215923,0.000882987,0.00389284,-0.000186031,-0.00123204,0.00485521,3,2,3.92699,0,0,0,0,0,0,0,0.0250119,0.0360139,0.0205775,0.0312101,2,3,2,3.92699,0,0,0,0,0,0,0,0,0,0,1.5708,1.5708,0,1.5708,1.5708,0,-0.0111115,-0.00771722,0.00101691,0,0,0,1.78758,1.21709,0.0131427,-0.000498284,0.00139349,-0.00513323,-0.000602893,-0.00116288,-0.000526427,1.75578,1.20968,0,0,0,0,0,0,0,0,0,0,0,0,2,1.75578,1.20968,0,0.344544,0.487027,3.7308e-15,0,0,0,0,0,0,0,0,0,0,0,0,0.855775,1.20968,0,0,0,0,0,0,0,0,0,0,0,0,2,0.855775,1.20968,0,1,1,0,0,0,0,0,1.1422,-0.2698,2.3389,0,0,0,0,0,0,0,-0,0,1.44905,0,0,0,0,0,0,0,0,0,0,0,0,0,0,0,0,0,0,0,0,0,0,0,0,0
35.05,-0.0118878,-3.68043e-05,-0.000336242,0,-0,0,3.01066,1.99457,-2.37078,0.00225049,0.000659037,0.00375189,0.000260664,-0.00169899,0.00273512,3,2,3.92699,0,0,0,0,0,0,0,0.0250119,0.0360139,0.0205775,0.0312101,2,3,2,3.92699,0,0,0,0,0,0,0,0,0,0,1.5708,1.5708,0,1.5708,1.5708,0,-0.012078,-0.00822706,0.000575265,0,0,0,1.78755,1.21724,0.0127457,-0.000211136,0.00152555,-0.00396831,0.000692468,-0.000286563,0.00405046,1.75578,1.20968,0,0,0,0,0,0,0,0,0,0,0,0,2,1.75578,1.20968,0,0.344544,0.487027,3.7308e-15,0,0,0,0,0,0,0,0,0,0,0,0,0.855775,1.20968,0,0,0,0,0,0,0,0,0,0,0,0,2,0.855775,1.20968,0,1,1,0,0,0,0,0,1.1422,-0.2698,2.3389,0,0,0,0,0,0,0,-0,0,1.44921,0,0,0,0,0,0,0,0,0,0,0,0,0,0,0,0,0,0,0,0,0,0,0,0,0
35.1,-0.0118878,-3.68043e-05,-0.000336242,0,-0,0,3.01066,1.99457,-2.37078,0.00225049,0.000659037,0.00375189,0.000260664,-0.00169899,0.00273512,3,2,3.92699,0,0,0,0,0,0,0,0.0244477,0.0350139,0.023584,0.0337954,2,3,2,3.92699,0,0,0,0,0,0,0,0,0,0,1.5708,1.5708,0,1.5708,1.5708,0,-0.012078,-0.00822706,0.000575265,0,0,0,1.78755,1.21724,0.0127457,-0.000211136,0.00152555,-0.00396831,0.000692468,-0.000286563,0.00405046,1.75578,1.20968,0,0,0,0,0,0,0,0,0,0,0,0,2,1.75578,1.20968,0,0.344544,0.487027,3.7308e-15,0,0,0,0,0,0,0,0,0,0,0,0,0.855775,1.20968,0,0,0,0,0,0,0,0,0,0,0,0,2,0.855775,1.20968,0,1,1,0,0,0,0,0,1.2747,-0.1389,2.4695,0,0,0,0,0,0,0,-0,0,1.44921,0,0,0,0,0,0,0,0,0,0,0,0,0,0,0,0,0,0,0,0,0,0,0,0,0
35.15,-0.0123518,-0.000799412,-0.000134707,-0.00709554,-0.00689157,-0.000698133,3.0109,1.99465,-2.37046,0.00235982,0.000874552,0.00319197,0.000649273,-0.000223904,-0.000889282,3,2,3.92699,0,0,0,0,0,0,0,0.0244477,0.0350139,0.023584,0.0337954,2,3,2,3.92699,0,0,0,0,0,0,0,0,0,0,1.5708,1.5708,0,1.5708,1.5708,0,-0.0109317,-0.0087166,0.000823376,0,0,0,1.7875,1.21741,0.0122972,-0.00054232,0.00165017,-0.00448816,-0.000731449,0.000441356,0.000983659,1.75578,1.20968,0,0,0,0,0,0,0,0,0,0,0,0,2,1.75578,1.20968,0,0.344544,0.487027,3.7308e-15,0,0,0,0,0,0,0,0,0,0,0,0,0.855775,1.20968,0,0,0,0,0,0,0,0,0,0,0,0,2,0.855775,1.20968,0,1,1,0,0,0,0,0,1.2747,-0.1389,2.4695,0,0,0,0,0,0,0,-0,0,1.44942,0,0,0,0,0,0,0,0,0,0,0,0,0,0,0,0,0,0,0,0,0,0,0,0,0
35.2,-0.0123518,-0.000799412,-0.000134707,-0.00709335,-0.00689383,-0.000698133,3.0109,1.99465,-2.37046,0.00235982,0.000874552,0.00319197,0.000649273,-0.000223904,-0.000889282,3,2,3.92699,0,0,0,0,0,0,0,0.0302287,0.0352231,0.0255132,0.0303398,2,3,2,3.92699,0,0,0,0,0,0,0,0,0,0,1.5708,1.5708,0,1.5708,1.5708,0,-0.0109317,-0.0087166,0.000823376,0,0,0,1.7875,1.21741,0.0122972,-0.00054232,0.00165017,-0.00448816,-0.000731449,0.000441356,0.000983659,1.75578,1.20968,0,0,0,0,0,0,0,0,0,0,0,0,2,1.75578,1.20968,0,0.344544,0.487027,3.7308e-15,0,0,0,0,0,0,0,0,0,0,0,0,0.855775,1.20968,0,0,0,0,0,0,0,0,0,0,0,0,2,0.855775,1.20968,0,1,1,0,0,0,0,0,1.2747,-0.1389,2.4695,0,0,0,0,0,0,0.97124,-0.19115,2.2457,1.44942,0,0,0,0,1,0,0,0,0,0,0,0,0,0,0,0,0,0,0,0,0,0,0,0,0
35.25,-0.0120052,-0.00126922,-0.000651355,-0.00709335,-0.00689383,-0.000698133,3.01112,1.99475,-2.37002,0.00223054,0.00100179,0.00437558,-6.83814e-05,0.000575772,0.00371334,3,2,3.92699,0,0,0,0,0,0,0,0.0302287,0.0352231,0.0255132,0.0303398,2,3,2,3.92699,0,0,0,0,0,0,0,0,0,0,1.5708,1.5708,0,1.5708,1.5708,0,-0.0119179,-0.00827006,0.000735067,0,0,0,1.78748,1.21756,0.0118783,-0.000248922,0.00150085,-0.00418718,0.000539254,-0.000229087,0.00136721,1.75578,1.20968,0,0,0,0,0,0,0,0,0,0,0,0,2,1.75578,1.20968,0,0.344544,0.487027,3.7308e-15,0,0,0,0,0,0,0,0,0,0,0,0,0.855775,1.20968,0,0,0,0,0,0,0,0,0,0,0,0,2,0.855775,1.20968,0,1,1,0,0,0,0,0,1.2747,-0.1389,2.4695,0,0,0,0,0,0,0.97124,-0.19115,2.2457,1.4496,0,0,0,0,1,0,0,0,0,0,0,0,0,0,0,0,0,0,0,0,0,0,0,0,0
35.3,-0.0120052,-0.00126922,-0.000651355,-0.00709033,-0.00689694,-0.000698133,3.01112,1.99475,-2.37002,0.00223054,0.00100179,0.00437558,-6.83814e-05,0.000575772,0.00371334,3,2,3.92699,0,0,0,0,0,0,0,0.0236766,0.042326,0.0169182,0.0349414,2,3,2,3.92699,0,0,0,0,0,0,0,0,0,0,1.5708,1.5708,0,1.5708,1.5708,0,-0.0119179,-0.00827006,0.000735067,0,0,0,1.78748,1.21756,0.0118783,-0.000248922,0.00150085,-0.00418718,0.000539254,-0.000229087,0.00136721,1.75578,1.20968,0,0,0,0,0,0,0,0,0,0,0,0,2,1.75578,1.20968,0,0.344544,0.487027,3.7308e-15,0,0,0,0,0,0,0,0,0,0,0,0,0.855775,1.20968,0,0,0,0,0,0,0,0,0,0,0,0,2,0.855775,1.20968,0,1,1,0,0,0,0,0,1.1888,-0.2263,2.3818,0,0,0,0,0,0,0.97124,-0.19115,2.2457,1.4496,0,0,0,0,1,0,0,0,0,0,0,0,0,0,0,0,0,0,0,0,0,0,0,0,0
35.35,-0.0120052,-0.00126922,-0.000651355,-0.00709033,-0.00689694,-0.000698133,3.01112,1.99475,-2.37002,0.00223054,0.00100179,0.00437558,-6.83814e-05,0.000575772,0.00371334,3,2,3.92699,0,0,0,0,0,0,0,0.0236766,0.042326,0.0169182,0.0349414,2,3,2,3.92699,0,0,0,0,0,0,0,0,0,0,1.5708,1.5708,0,1.5708,1.5708,0,-0.0119179,-0.00827006,0.000735067,0,0,0,1.78748,1.21756,0.0118783,-0.000248922,0.00150085,-0.00418718,0.000539254,-0.000229087,0.00136721,1.75578,1.20968,0,0,0,0,0,0,0,0,0,0,0,0,2,1.75578,1.20968,0,0.344544,0.487027,3.7308e-15,0,0,0,0,0,0,0,0,0,0,0,0,0.855775,1.20968,0,0,0,0,0,0,0,0,0,0,0,0,2,0.855775,1.20968,0,1,1,0,0,0,0,0,1.1888,-0.2263,2.3818,0,0,0,0,0,0,0.97124,-0.19115,2.2457,1.4496,0,0,0,0,1,0,0,0,0,0,0,0,0,0,0,0,0,0,0,0,0,0,0,0,0
35.4,-0.0128469,-0.00036398,-0.00043048,-0.00857103,-0.00833725,-0.000843927,3.01137,1.99483,-2.36964,0.00245065,0.000724944,0.00375668,0.00073768,-0.000653875,0.000372683,3,2,3.92699,0,0,0,0,0,0,0,0.0236766,0.042326,0.0169182,0.0349414,2,3,2,3.92699,0,0,0,0,0,0,0,0,0,0,1.5708,1.5708,0,1.5708,1.5708,0,-0.0109097,-0.0077948,0.000845111,0,0,0,1.78742,1.21769,0.0114412,-0.000539437,0.00134493,-0.00437001,-0.000664593,-0.000853847,0.000149094,1.75578,1.20968,0,0,0,0,0,0,0,0,0,0,0,0,2,1.75578,1.20968,0,0.344544,0.487027,3.7308e-15,0,0,0,0,0,0,0,0,0,0,0,0,0.855775,1.20968,0,0,0,0,0,0,0,0,0,0,0,0,2,0.855775,1.20968,0,1,1,0,0,0,0,0,1.1888,-0.2263,2.3818,0,0,0,0,0,0,1.09922,-0.22554,2.87928,1.44982,0,0,0,0,1,0,0,0,0,0,0,0,0,0,0,0,0,0,0,0,0,0,0,0,0
35.45,-0.0131107,-1.1321e-05,8.35198e-05,-0.0085679,-0.00834047,-0.000843927,3.01161,1.99489,-2.3694,0.00249902,0.000613152,0.00244284,0.000743223,-0.00100618,-0.00548044,3,2,3.92699,0,0,0,0,0,0,0,0.0263288,0.0394518,0.0238998,0.0365821,2,3,2,3.92699,0,0,0,0,0,0,0,0,0,0,1.5708,1.5708,0,1.5708,1.5708,0,-0.0119189,-0.00786938,0.000515541,0,0,0,1.7874,1.21783,0.0110924,-0.000239398,0.00135089,-0.00349016,0.000637322,-0.000574488,0.00344363,1.75578,1.20968,0,0,0,0,0,0,0,0,0,0,0,0,2,1.75578,1.20968,0,0.344544,0.487027,3.7308e-15,0,0,0,0,0,0,0,0,0,0,0,0,0.855775,1.20968,0,0,0,0,0,0,0,0,0,0,0,0,2,0.855775,1.20968,0,1,1,0,0,0,0,0,1.1888,-0.2263,2.3818,0,0,0,0,0,0,1.09922,-0.22554,2.87928,1.45001,0,0,0,0,1,0,0,0,0,0,0,0,0,0,0,0,0,0,0,0,0,0,0,0,0
35.5,-0.0131107,-1.1321e-05,8.35198e-05,-0.00856586,-0.00834256,-0.000843927,3.01161,1.99489,-2.3694,0.00249902,0.000613152,0.00244284,0.000743223,-0.00100618,-0.00548044,3,2,3.92699,0,0,0,0,0,0,0,0.0329269,0.0324229,0.0320118,0.0315248,2,3,2,3.92699,0,0,0,0,0,0,0,0,0,0,1.5708,1.5708,0,1.5708,1.5708,0,-0.0119189,-0.00786938,0.000515541,0,0,0,1.7874,1.21783,0.0110924,-0.000239398,0.00135089,-0.00349016,0.000637322,-0.000574488,0.00344363,1.75578,1.20968,0,0,0,0,0,0,0,0,0,0,0,0,2,1.75578,1.20968,0,0.344544,0.487027,3.7308e-15,0,0,0,0,0,0,0,0,0,0,0,0,0.855775,1.20968,0,0,0,0,0,0,0,0,0,0,0,0,2,0.855775,1.20968,0,1,1,0,0,0,0,0,1.1284,-0.2883,2.3197,0,0,0,0,0,0,1.09922,-0.22554,2.87928,1.45001,0,0,0,0,1,0,0,0,0,0,0,0,0,0,0,0,0,0,0,0,0,0,0,0,0
35.55,-0.0135531,-0.00148018,-8.51463e-06,-0.00856586,-0.00834256,-0.000843927,3.01187,1.99499,-2.36914,0.00259909,0.00103597,0.00261682,0.000852825,0.00103929,-0.00338135,3,2,3.92699,0,0,0,0,0,0,0,0.0329269,0.0324229,0.0320118,0.0315248,2,3,2,3.92699,0,0,0,0,0,0,0,0,0,0,1.5708,1.5708,0,1.5708,1.5708,0,-0.0113315,-0.00846847,0.000782778,0,0,0,1.78736,1.21798,0.0106857,-0.000407556,0.00150942,-0.0040654,-0.000113729,0.000329617,0.000206309,1.75578,1.20968,0,0,0,0,0,0,0,0,0,0,0,0,2,1.75578,1.20968,0,0.344544,0.487027,3.7308e-15,0,0,0,0,0,0,0,0,0,0,0,0,0.855775,1.20968,0,0,0,0,0,0,0,0,0,0,0,0,2,0.855775,1.20968,0,1,1,0,0,0,0,0,1.1284,-0.2883,2.3197,0,0,0,0,0,0,1.09922,-0.22554,2.87928,1.45024,0,0,0,0,1,0,0,0,0,0,0,0,0,0,0,0,0,0,0,0,0,0,0,0,0
35.6,-0.0135531,-0.00148018,-8.51463e-06,-0.00856368,-0.00834481,-0.000843927,3.01187,1.99499,-2.36914,0.00259909,0.00103597,0.00261682,0.000852825,0.00103929,-0.00338135,3,2,3.92699,0,0,0,0,0,0,0,0.0365613,0.0381299,0.028445,0.0299609,2,3,2,3.92699,0,0,0,0,0,0,0,0,0,0,1.5708,1.5708,0,1.5708,1.5708,0,-0.0113315,-0.00846847,0.000782778,0,0,0,1.78736,1.21798,0.0106857,-0.000407556,0.00150942,-0.0040654,-0.000113729,0.000329617,0.000206309,1.75578,1.20968,0,0,0,0,0,0,0,0,0,0,0,0,2,1.75578,1.20968,0,0.344544,0.487027,3.7308e-15,0,0,0,0,0,0,0,0,0,0,0,0,0.855775,1.20968,0,0,0,0,0,0,0,0,0,0,0,0,2,0.855775,1.20968,0,1,1,0,0,0,0,0,1.1284,-0.2883,2.3197,0,0,0,0,0,0,0.96316,-0.19361,2.25531,1.45024,0,0,0,0,1,0,0,0,0,0,0,0,0,0,0,0,0,0,0,0,0,0,0,0,0
35.65,-0.0134714,8.56561e-05,0.000432106,-0.015112,-0.0147258,-0.000105218,3.01213,1.99505,-2.36899,0.00254455,0.000565319,0.00150239,0.00030339,-0.000981666,-0.00620467,3,2,3.92699,0,0,0,0,0,0,0,0.0365613,0.0381299,0.028445,0.0299609,2,3,2,3.92699,0,0,0,0,0,0,0,0,0,0,1.5708,1.5708,0,1.5708,1.5708,0,-0.0120861,-0.00759278,0.000857423,0,0,0,1.78734,1.2181,0.0102693,-0.000183148,0.00123686,-0.00416538,0.000727511,-0.000771927,-0.000705269,1.75578,1.20968,0,0,0,0,0,0,0,0,0,0,0,0,2,1.75578,1.20968,0,0.344544,0.487027,3.7308e-15,0,0,0,0,0,0,0,0,0,0,0,0,0.855775,1.20968,0,0,0,0,0,0,0,0,0,0,0,0,2,0.855775,1.20968,0,1,1,0,0,0,0,0,1.1284,-0.2883,2.3197,0,0,0,0,0,0,0.96316,-0.19361,2.25531,1.45043,0,0,0,0,1,0,0,0,0,0,0,0,0,0,0,0,0,0,0,0,0,0,0,0,0
35.7,-0.0134714,8.56561e-05,0.000432106,-0.0151098,-0.0147281,-0.000105218,3.01213,1.99505,-2.36899,0.00254455,0.000565319,0.00150239,0.00030339,-0.000981666,-0.00620467,3,2,3.92699,0,0,0,0,0,0,0,0.0382061,0.0284432,0.037623,0.028188,2,3,2,3.92699,0,0,0,0,0,0,0,0,0,0,1.5708,1.5708,0,1.5708,1.5708,0,-0.0120861,-0.00759278,0.000857423,0,0,0,1.78734,1.2181,0.0102693,-0.000183148,0.00123686,-0.00416538,0.000727511,-0.000771927,-0.000705269,1.75578,1.20968,0,0,0,0,0,0,0,0,0,0,0,0,2,1.75578,1.20968,0,0.344544,0.487027,3.7308e-15,0,0,0,0,0,0,0,0,0,0,0,0,0.855775,1.20968,0,0,0,0,0,0,0,0,0,0,0,0,2,0.855775,1.20968,0,1,1,0,0,0,0,0,1.1895,-0.2284,2.3792,0,0,0,0,0,0,0.96316,-0.19361,2.25531,1.45043,0,0,0,0,1,0,0,0,0,0,0,0,0,0,0,0,0,0,0,0,0,0,0,0,0
35.75,-0.0133836,1.66549e-05,0.0007124,-0.0151098,-0.0147281,-0.000105218,3.01238,1.99511,-2.36891,0.00248886,0.000578861,0.000796659,-0.000113123,-0.00080842,-0.0069266,3,2,3.92699,0,0,0,0,0,0,0,0.0382061,0.0284432,0.037623,0.028188,2,3,2,3.92699,0,0,0,0,0,0,0,0,0,0,1.5708,1.5708,0,1.5708,1.5708,0,-0.0109541,-0.00759305,0.000977934,0,0,0,1.78729,1.21822,0.00983206,-0.000510474,0.00122245,-0.00437391,-0.000757269,-0.000669409,-0.0013824,1.75578,1.20968,0,0,0,0,0,0,0,0,0,0,0,0,2,1.75578,1.20968,0,0.344544,0.487027,3.7308e-15,0,0,0,0,0,0,0,0,0,0,0,0,0.855775,1.20968,0,0,0,0,0,0,0,0,0,0,0,0,2,0.855775,1.20968,0,1,1,0,0,0,0,0,1.1895,-0.2284,2.3792,0,0,0,0,0,0,0.96316,-0.19361,2.25531,1.45065,0,0,0,0,1,0,0,0,0,0,0,0,0,0,0,0,0,0,0,0,0,0,0,0,0
35.8,-0.0133836,1.66549e-05,0.0007124,-0.0151086,-0.0147293,-0.000105218,3.01238,1.99511,-2.36891,0.00248886,0.000578861,0.000796659,-0.000113123,-0.00080842,-0.0069266,3,2,3.92699,0,0,0,0,0,0,0,0.0419376,0.0246301,0.0409049,0.0241786,2,3,2,3.92699,0,0,0,0,0,0,0,0,0,0,1.5708,1.5708,0,1.5708,1.5708,0,-0.0109541,-0.00759305,0.000977934,0,0,0,1.78729,1.21822,0.00983206,-0.000510474,0.00122245,-0.00437391,-0.000757269,-0.000669409,-0.0013824,1.75578,1.20968,0,0,0,0,0,0,0,0,0,0,0,0,2,1.75578,1.20968,0,0.344544,0.487027,3.7308e-15,0,0,0,0,0,0,0,0,0,0,0,0,0.855775,1.20968,0,0,0,0,0,0,0,0,0,0,0,0,2,0.855775,1.20968,0,1,1,0,0,0,0,0,1.1895,-0.2284,2.3792,0,0,0,0,0,0,1.12784,-0.22319,2.44537,1.45065,0,0,0,0,1,0,0,0,0,0,0,0,0,0,0,0,0,0,0,0,0,0,0,0,0
35.85,-0.0131442,-0.00132233,0.000536214,-0.0151086,-0.0147293,-0.000105218,3.01262,1.9952,-2.36879,0.00238941,0.000964063,0.00120603,-0.00051859,0.00107801,-0.00262002,3,2,3.92699,0,0,0,0,0,0,0,0.0419376,0.0246301,0.0409049,0.0241786,2,3,2,3.92699,0,0,0,0,0,0,0,0,0,0,1.5708,1.5708,0,1.5708,1.5708,0,-0.0121507,-0.00773563,0.000854568,0,0,0,1.78727,1.21835,0.00943287,-0.000156203,0.00124962,-0.00399073,0.000759274,-0.000277955,0.000603928,1.75578,1.20968,0,0,0,0,0,0,0,0,0,0,0,0,2,1.75578,1.20968,0,0.344544,0.487027,3.7308e-15,0,0,0,0,0,0,0,0,0,0,0,0,0.855775,1.20968,0,0,0,0,0,0,0,0,0,0,0,0,2,0.855775,1.20968,0,1,1,0,0,0,0,0,1.1895,-0.2284,2.3792,0,0,0,0,0,0,1.12784,-0.22319,2.44537,1.45085,0,0,0,0,1,0,0,0,0,0,0,0,0,0,0,0,0,0,0,0,0,0,0,0,0
35.9,-0.0131442,-0.00132233,0.000536214,-0.00858581,-0.00837224,0.000760545,3.01262,1.9952,-2.36879,0.00238941,0.000964063,0.00120603,-0.00051859,0.00107801,-0.00262002,3,2,3.92699,0,0,0,0,0,0,0,0.0424499,0.0294189,0.0349243,0.0223308,2,3,2,3.92699,0,0,0,0,0,0,0,0,0,0,1.5708,1.5708,0,1.5708,1.5708,0,-0.0121507,-0.00773563,0.000854568,0,0,0,1.78727,1.21835,0.00943287,-0.000156203,0.00124962,-0.00399073,0.000759274,-0.000277955,0.000603928,1.75578,1.20968,0,0,0,0,0,0,0,0,0,0,0,0,2,1.75578,1.20968,0,0.344544,0.487027,3.7308e-15,0,0,0,0,0,0,0,0,0,0,0,0,0.855775,1.20968,0,0,0,0,0,0,0,0,0,0,0,0,2,0.855775,1.20968,0,1,1,0,0,0,0,0,1.1898,-0.2291,2.3782,0,0,0,0,0,0,1.12784,-0.22319,2.44537,1.45085,0,0,0,0,1,0,0,0,0,0,0,0,0,0,0,0,0,0,0,0,0,0,0,0,0
35.95,-0.0134018,-0.00126643,0.000811833,-0.00858581,-0.00837224,0.000760545,3.01286,1.9953,-2.36874,0.00243667,0.000936335,0.000517399,-0.000181022,0.000790514,-0.00374342,3,2,3.92699,0,0,0,0,0,0,0,0.0424499,0.0294189,0.0349243,0.0223308,2,3,2,3.92699,0,0,0,0,0,0,0,0,0,0,1.5708,1.5708,0,1.5708,1.5708,0,-0.0110328,-0.00708286,0.000829064,0,0,0,1.78722,1.21845,0.0090478,-0.000479765,0.00104498,-0.00385087,-0.000631368,-0.000933421,0.00119634,1.75578,1.20968,0,0,0,0,0,0,0,0,0,0,0,0,2,1.75578,1.20968,0,0.344544,0.487027,3.7308e-15,0,0,0,0,0,0,0,0,0,0,0,0,0.855775,1.20968,0,0,0,0,0,0,0,0,0,0,0,0,2,0.855775,1.20968,0,1,1,0,0,0,0,0,1.1898,-0.2291,2.3782,0,0,0,0,0,0,1.12784,-0.22319,2.44537,1.45109,0,0,0,0,1,0,0,0,0,0,0,0,0,0,0,0,0,0,0,0,0,0,0,0,0
36,-0.0134018,-0.00126643,0.000811833,-0.00858538,-0.00837269,0.000760545,3.01286,1.9953,-2.36874,0.00243667,0.000936335,0.000517399,-0.000181022,0.000790514,-0.00374342,3,2,3.92699,0,0,0,0,0,0,0,0.0466208,0.0262564,0.0392399,0.0195593,2,3,2,3.92699,0,0,0,0,0,0,0,0,0,0,1.5708,1.5708,0,1.5708,1.5708,0,-0.0110328,-0.00708286,0.000829064,0,0,0,1.78722,1.21845,0.0090478,-0.000479765,0.00104498,-0.00385087,-0.000631368,-0.000933421,0.00119634,1.75578,1.20968,0,0,0,0,0,0,0,0,0,0,0,0,2,1.75578,1.20968,0,0.344544,0.487027,3.7308e-15,0,0,0,0,0,0,0,0,0,0,0,0,0.855775,1.20968,0,0,0,0,0,0,0,0,0,0,0,0,2,0.855775,1.20968,0,1,1,0,0,0,0,0,1.1898,-0.2291,2.3782,0,0,0,0,0,0,1.04042,-0.21458,2.51604,1.45109,0,0,0,0,1,0,0,0,0,0,0,0,0,0,0,0,0,0,0,0,0,0,0,0,0
36.05,-0.0132561,-0.000978206,0.000300774,-0.00858538,-0.00837269,0.000760545,3.0131,1.99538,-2.36856,0.00236529,0.000840911,0.00174014,-0.000346281,5.51441e-05,0.00248697,3,2,3.92699,0,0,0,0,0,0,0,0.0466208,0.0262564,0.0392399,0.0195593,2,3,2,3.92699,0,0,0,0,0,0,0,0,0,0,1.5708,1.5708,0,1.5708,1.5708,0,-0.0116512,-0.0073379,0.00100996,0,0,0,1.78719,1.21857,0.00862662,-0.000294134,0.00110697,-0.00421101,0.000174206,-0.000400505,-0.000643896,1.75578,1.20968,0,0,0,0,0,0,0,0,0,0,0,0,2,1.75578,1.20968,0,0.344544,0.487027,3.7308e-15,0,0,0,0,0,0,0,0,0,0,0,0,0.855775,1.20968,0,0,0,0,0,0,0,0,0,0,0,0,2,0.855775,1.20968,0,1,1,0,0,0,0,0,1.1898,-0.2291,2.3782,0,0,0,0,0,0,1.04042,-0.21458,2.51604,1.4513,0,0,0,0,1,0,0,0,0,0,0,0,0,0,0,0,0,0,0,0,0,0,0,0,0
36.1,-0.0132561,-0.000978206,0.000300774,-0.00858392,-0.00837418,0.000760545,3.0131,1.99538,-2.36856,0.00236529,0.000840911,0.00174014,-0.000346281,5.51441e-05,0.00248697,3,2,3.92699,0,0,0,0,0,0,0,0.038671,0.0320704,0.0329485,0.0265695,2,3,2,3.92699,0,0,0,0,0,0,0,0,0,0,1.5708,1.5708,0,1.5708,1.5708,0,-0.0116512,-0.0073379,0.00100996,0,0,0,1.78719,1.21857,0.00862662,-0.000294134,0.00110697,-0.00421101,0.000174206,-0.000400505,-0.000643896,1.75578,1.20968,0,0,0,0,0,0,0,0,0,0,0,0,2,1.75578,1.20968,0,0.344544,0.487027,3.7308e-15,0,0,0,0,0,0,0,0,0,0,0,0,0.855775,1.20968,0,0,0,0,0,0,0,0,0,0,0,0,2,0.855775,1.20968,0,1,1,0,0,0,0,0,1.1903,-0.2296,2.3772,0,0,0,0,0,0,1.04042,-0.21458,2.51604,1.4513,0,0,0,0,1,0,0,0,0,0,0,0,0,0,0,0,0,0,0,0,0,0,0,0,0
36.15,-0.0133419,-0.0017782,0.000249351,-0.00781978,-0.00762871,0.000692841,3.01333,1.99549,-2.36838,0.00236256,0.00106523,0.00183001,-0.000244851,0.000828516,0.00269325,3,2,3.92699,0,0,0,0,0,0,0,0.038671,0.0320704,0.0329485,0.0265695,2,3,2,3.92699,0,0,0,0,0,0,0,0,0,0,1.5708,1.5708,0,1.5708,1.5708,0,-0.0102576,-0.00707118,0.000479526,0,0,0,1.78713,1.21867,0.00834179,-0.000696314,0.00101637,-0.00285036,-0.0013927,-0.000532098,0.0048071,1.75578,1.20968,0,0,0,0,0,0,0,0,0,0,0,0,2,1.75578,1.20968,0,0.344544,0.487027,3.7308e-15,0,0,0,0,0,0,0,0,0,0,0,0,0.855775,1.20968,0,0,0,0,0,0,0,0,0,0,0,0,2,0.855775,1.20968,0,1,1,0,0,0,0,0,1.1903,-0.2296,2.3772,0,0,0,0,0,0,1.04042,-0.21458,2.51604,1.45156,0,0,0,0,1,0,0,0,0,0,0,0,0,0,0,0,0,0,0,0,0,0,0,0,0
36.2,-0.0133419,-0.0017782,0.000249351,-0.00781838,-0.00763014,0.000692841,3.01333,1.99549,-2.36838,0.00236256,0.00106523,0.00183001,-0.000244851,0.000828516,0.00269325,3,2,3.92699,0,0,0,0,0,0,0,0.0402505,0.0347931,0.0306192,0.0253451,2,3,2,3.92699,0,0,0,0,0,0,0,0,0,0,1.5708,1.5708,0,1.5708,1.5708,0,-0.0102576,-0.00707118,0.000479526,0,0,0,1.78713,1.21867,0.00834179,-0.000696314,0.00101637,-0.00285036,-0.0013927,-0.000532098,0.0048071,1.75578,1.20968,0,0,0,0,0,0,0,0,0,0,0,0,2,1.75578,1.20968,0,0.344544,0.487027,3.7308e-15,0,0,0,0,0,0,0,0,0,0,0,0,0.855775,1.20968,0,0,0,0,0,0,0,0,0,0,0,0,2,0.855775,1.20968,0,1,1,0,0,0,0,0,1.1903,-0.2296,2.3772,0,0,0,0,0,0,1.12944,-0.22543,2.47386,1.45156,0,0,0,0,1,0,0,0,0,0,0,0,0,0,0,0,0,0,0,0,0,0,0,0,0
36.25,-0.0132532,-0.00100856,-2.65402e-05,-0.00781838,-0.00763014,0.000692841,3.01356,1.99557,-2.36813,0.00230874,0.000827338,0.00245959,-0.000341976,-0.000345613,0.0041658,3,2,3.92699,0,0,0,0,0,0,0,0.0402505,0.0347931,0.0306192,0.0253451,2,3,2,3.92699,0,0,0,0,0,0,0,0,0,0,1.5708,1.5708,0,1.5708,1.5708,0,-0.013037,-0.00718794,0.00161614,0,0,0,1.78714,1.21877,0.00778832,0.000120806,0.00103844,-0.00553271,0.00221506,-0.000246318,-0.00710253,1.75578,1.20968,0,0,0,0,0,0,0,0,0,0,0,0,2,1.75578,1.20968,0,0.344544,0.487027,3.7308e-15,0,0,0,0,0,0,0,0,0,0,0,0,0.855775,1.20968,0,0,0,0,0,0,0,0,0,0,0,0,2,0.855775,1.20968,0,1,1,0,0,0,0,0,1.1903,-0.2296,2.3772,0,0,0,0,0,0,1.12944,-0.22543,2.47386,1.45174,0,0,0,0,1,0,0,0,0,0,0,0,0,0,0,0,0,0,0,0,0,0,0,0,0
36.3,-0.0132532,-0.00100856,-2.65402e-05,-0.00781651,-0.00763206,0.000692841,3.01356,1.99557,-2.36813,0.00230874,0.000827338,0.00245959,-0.000341976,-0.000345613,0.0041658,3,2,3.92699,0,0,0,0,0,0,0,0.034335,0.0364962,0.0286332,0.0307219,2,3,2,3.92699,0,0,0,0,0,0,0,0,0,0,1.5708,1.5708,0,1.5708,1.5708,0,-0.013037,-0.00718794,0.00161614,0,0,0,1.78714,1.21877,0.00778832,0.000120806,0.00103844,-0.00553271,0.00221506,-0.000246318,-0.00710253,1.75578,1.20968,0,0,0,0,0,0,0,0,0,0,0,0,2,1.75578,1.20968,0,0.344544,0.487027,3.7308e-15,0,0,0,0,0,0,0,0,0,0,0,0,0.855775,1.20968,0,0,0,0,0,0,0,0,0,0,0,0,2,0.855775,1.20968,0,1,1,0,0,0,0,0,1.1184,-0.3027,2.3037,0,0,0,0,0,0,1.12944,-0.22543,2.47386,1.45174,0,0,0,0,1,0,0,0,0,0,0,0,0,0,0,0,0,0,0,0,0,0,0,0,0
36.35,-0.0130902,-0.00101359,-0.000451101,-0.00781651,-0.00763206,0.000692841,3.01379,1.99565,-2.36779,0.0022338,0.000819059,0.00343547,-0.000522374,-0.000401255,0.00659562,3,2,3.92699,0,0,0,0,0,0,0,0.034335,0.0364962,0.0286332,0.0307219,2,3,2,3.92699,0,0,0,0,0,0,0,0,0,0,1.5708,1.5708,0,1.5708,1.5708,0,-0.0112344,-0.00687023,0.00124469,0,0,0,1.7871,1.21886,0.0073354,-0.000405258,0.000933801,-0.00452908,-0.000283467,-0.000529315,-0.00185729,1.75578,1.20968,0,0,0,0,0,0,0,0,0,0,0,0,2,1.75578,1.20968,0,0.344544,0.487027,3.7308e-15,0,0,0,0,0,0,0,0,0,0,0,0,0.855775,1.20968,0,0,0,0,0,0,0,0,0,0,0,0,2,0.855775,1.20968,0,1,1,0,0,0,0,0,1.1184,-0.3027,2.3037,0,0,0,0,0,0,1.12944,-0.22543,2.47386,1.45195,0,0,0,0,1,0,0,0,0,0,0,0,0,0,0,0,0,0,0,0,0,0,0,0,0
36.4,-0.0130902,-0.00101359,-0.000451101,-0.0155118,-0.00101237,-0.00136869,3.01379,1.99565,-2.36779,0.0022338,0.000819059,0.00343547,-0.000522374,-0.000401255,0.00659562,3,2,3.92699,0,0,0,0,0,0,0,0.0282629,0.0417785,0.0227488,0.0358105,2,3,2,3.92699,0,0,0,0,0,0,0,0,0,0,1.5708,1.5708,0,1.5708,1.5708,0,-0.0112344,-0.00687023,0.00124469,0,0,0,1.7871,1.21886,0.0073354,-0.000405258,0.000933801,-0.00452908,-0.000283467,-0.000529315,-0.00185729,1.75578,1.20968,0,0,0,0,0,0,0,0,0,0,0,0,2,1.75578,1.20968,0,0.344544,0.487027,3.7308e-15,0,0,0,0,0,0,0,0,0,0,0,0,0.855775,1.20968,0,0,0,0,0,0,0,0,0,0,0,0,2,0.855775,1.20968,0,1,1,0,0,0,0,0,1.1184,-0.3027,2.3037,0,0,0,0,0,0,1.07635,-0.21199,2.35845,1.45195,0,0,0,0,1,0,0,0,0,0,0,0,0,0,0,0,0,0,0,0,0,0,0,0,0
36.45,-0.0134574,-0.000238284,-0.000501229,-0.0155118,-0.00101237,-0.00136869,3.01402,1.99571,-2.36744,0.00231499,0.000582412,0.00348888,-1.34643e-05,-0.00119394,0.00450239,3,2,3.92699,0,0,0,0,0,0,0,0.0282629,0.0417785,0.0227488,0.0358105,2,3,2,3.92699,0,0,0,0,0,0,0,0,0,0,1.5708,1.5708,0,1.5708,1.5708,0,-0.0122203,-0.00697582,0.00123506,0,0,0,1.78709,1.21896,0.00689381,-0.000113552,0.000953593,-0.00441692,0.000657353,-0.000276948,4.22135e-05,1.75578,1.20968,0,0,0,0,0,0,0,0,0,0,0,0,2,1.75578,1.20968,0,0.344544,0.487027,3.7308e-15,0,0,0,0,0,0,0,0,0,0,0,0,0.855775,1.20968,0,0,0,0,0,0,0,0,0,0,0,0,2,0.855775,1.20968,0,1,1,0,0,0,0,0,1.1184,-0.3027,2.3037,0,0,0,0,0,0,1.07635,-0.21199,2.35845,1.45214,0,0,0,0,1,0,0,0,0,0,0,0,0,0,0,0,0,0,0,0,0,0,0,0,0
36.5,-0.0134574,-0.000238284,-0.000501229,-0.0155114,-0.00101778,-0.00136869,3.01402,1.99571,-2.36744,0.00231499,0.000582412,0.00348888,-1.34643e-05,-0.00119394,0.00450239,3,2,3.92699,0,0,0,0,0,0,0,0.0264647,0.0416128,0.0247914,0.0394308,2,3,2,3.92699,0,0,0,0,0,0,0,0,0,0,1.5708,1.5708,0,1.5708,1.5708,0,-0.0122203,-0.00697582,0.00123506,0,0,0,1.78709,1.21896,0.00689381,-0.000113552,0.000953593,-0.00441692,0.000657353,-0.000276948,4.22135e-05,1.75578,1.20968,0,0,0,0,0,0,0,0,0,0,0,0,2,1.75578,1.20968,0,0.344544,0.487027,3.7308e-15,0,0,0,0,0,0,0,0,0,0,0,0,0.855775,1.20968,0,0,0,0,0,0,0,0,0,0,0,0,2,0.855775,1.20968,0,1,1,0,0,0,0,0,1.1909,-0.2318,2.3743,0,0,0,0,0,0,1.07635,-0.21199,2.35845,1.45214,0,0,0,0,1,0,0,0,0,0,0,0,0,0,0,0,0,0,0,0,0,0,0,0,0
36.55,-0.0134761,7.5945e-05,-0.000562388,-0.0155114,-0.00101778,-0.00136869,3.01425,1.99576,-2.36708,0.00229319,0.000483549,0.00356785,-2.5716e-05,-0.00121912,0.00273686,3,2,3.92699,0,0,0,0,0,0,0,0.0264647,0.0416128,0.0247914,0.0394308,2,3,2,3.92699,0,0,0,0,0,0,0,0,0,0,1.5708,1.5708,0,1.5708,1.5708,0,-0.0114438,-0.00693473,0.00121003,0,0,0,1.78705,1.21905,0.00646696,-0.000338239,0.000930463,-0.00426984,-0.0003757,-0.000224312,0.000868916,1.75578,1.20968,0,0,0,0,0,0,0,0,0,0,0,0,2,1.75578,1.20968,0,0.344544,0.487027,3.7308e-15,0,0,0,0,0,0,0,0,0,0,0,0,0.855775,1.20968,0,0,0,0,0,0,0,0,0,0,0,0,2,0.855775,1.20968,0,1,1,0,0,0,0,0,1.1909,-0.2318,2.3743,0,0,0,0,0,0,1.07635,-0.21199,2.35845,1.45234,0,0,0,0,1,0,0,0,0,0,0,0,0,0,0,0,0,0,0,0,0,0,0,0,0
36.6,-0.0134761,7.5945e-05,-0.000562388,-0.0155111,-0.00102331,-0.00136869,3.01425,1.99576,-2.36708,0.00229319,0.000483549,0.00356785,-2.5716e-05,-0.00121912,0.00273686,3,2,3.92699,0,0,0,0,0,0,0,0.0248657,0.0417533,0.0247881,0.0411086,2,3,2,3.92699,0,0,0,0,0,0,0,0,0,0,1.5708,1.5708,0,1.5708,1.5708,0,-0.0114438,-0.00693473,0.00121003,0,0,0,1.78705,1.21905,0.00646696,-0.000338239,0.000930463,-0.00426984,-0.0003757,-0.000224312,0.000868916,1.75578,1.20968,0,0,0,0,0,0,0,0,0,0,0,0,2,1.75578,1.20968,0,0.344544,0.487027,3.7308e-15,0,0,0,0,0,0,0,0,0,0,0,0,0.855775,1.20968,0,0,0,0,0,0,0,0,0,0,0,0,2,0.855775,1.20968,0,1,1,0,0,0,0,0,1.1909,-0.2318,2.3743,0,0,0,0,0,0,1.11613,-0.22395,2.41118,1.45234,0,0,0,0,1,0,0,0,0,0,0,0,0,0,0,0,0,0,0,0,0,0,0,0,0
36.65,-0.0130561,0.000682565,-0.000215279,-0.0165527,5.14675e-05,-0.00144744,3.01446,1.99579,-2.36682,0.00214319,0.000300243,0.0026603,-0.000614749,-0.00146755,-0.00221941,3,2,3.92699,0,0,0,0,0,0,0,0.0248657,0.0417533,0.0247881,0.0411086,2,3,2,3.92699,0,0,0,0,0,0,0,0,0,0,1.5708,1.5708,0,1.5708,1.5708,0,-0.0121394,-0.00636684,0.00150704,0,0,0,1.78704,1.21913,0.00597672,-0.000131814,0.000754268,-0.00490152,0.000459136,-0.000830926,-0.00189361,1.75578,1.20968,0,0,0,0,0,0,0,0,0,0,0,0,2,1.75578,1.20968,0,0.344544,0.487027,3.7308e-15,0,0,0,0,0,0,0,0,0,0,0,0,0.855775,1.20968,0,0,0,0,0,0,0,0,0,0,0,0,2,0.855775,1.20968,0,1,1,0,0,0,0,0,1.1909,-0.2318,2.3743,0,0,0,0,0,0,1.11613,-0.22395,2.41118,1.4525,0,0,0,0,1,0,0,0,0,0,0,0,0,0,0,0,0,0,0,0,0,0,0,0,0
36.7,-0.0130561,0.000682565,-0.000215279,-0.0165527,4.70632e-05,-0.00144744,3.01446,1.99579,-2.36682,0.00214319,0.000300243,0.0026603,-0.000614749,-0.00146755,-0.00221941,3,2,3.92699,0,0,0,0,0,0,0,0.0269109,0.0346286,0.0297079,0.0371664,2,3,2,3.92699,0,0,0,0,0,0,0,0,0,0,1.5708,1.5708,0,1.5708,1.5708,0,-0.0121394,-0.00636684,0.00150704,0,0,0,1.78704,1.21913,0.00597672,-0.000131814,0.000754268,-0.00490152,0.000459136,-0.000830926,-0.00189361,1.75578,1.20968,0,0,0,0,0,0,0,0,0,0,0,0,2,1.75578,1.20968,0,0.344544,0.487027,3.7308e-15,0,0,0,0,0,0,0,0,0,0,0,0,0.855775,1.20968,0,0,0,0,0,0,0,0,0,0,0,0,2,0.855775,1.20968,0,1,1,0,0,0,0,0,1.1912,-0.2329,2.3728,0,0,0,0,0,0,1.11613,-0.22395,2.41118,1.4525,0,0,0,0,1,0,0,0,0,0,0,0,0,0,0,0,0,0,0,0,0,0,0,0,0
36.75,-0.0131809,0.00079074,2.6285e-05,-0.0165527,4.70632e-05,-0.00144744,3.01468,1.99581,-2.36662,0.00215447,0.000265034,0.00202526,-0.000407305,-0.00105612,-0.00454548,3,2,3.92699,0,0,0,0,0,0,0,0.0269109,0.0346286,0.0297079,0.0371664,2,3,2,3.92699,0,0,0,0,0,0,0,0,0,0,1.5708,1.5708,0,1.5708,1.5708,0,-0.0113407,-0.00670534,0.00144665,0,0,0,1.787,1.21921,0.005511,-0.000362743,0.000843957,-0.00465977,-0.000533674,-0.000224006,-0.000537526,1.75578,1.20968,0,0,0,0,0,0,0,0,0,0,0,0,2,1.75578,1.20968,0,0.344544,0.487027,3.7308e-15,0,0,0,0,0,0,0,0,0,0,0,0,0.855775,1.20968,0,0,0,0,0,0,0,0,0,0,0,0,2,0.855775,1.20968,0,1,1,0,0,0,0,0,1.1912,-0.2329,2.3728,0,0,0,0,0,0,1.11613,-0.22395,2.41118,1.45269,0,0,0,0,1,0,0,0,0,0,0,0,0,0,0,0,0,0,0,0,0,0,0,0,0
36.85,-0.0131809,0.00079074,2.6285e-05,-0.0165528,4.37127e-05,-0.00144744,3.01468,1.99581,-2.36662,0.00215447,0.000265034,0.00202526,-0.000407305,-0.00105612,-0.00454548,3,2,3.92699,0,0,0,0,0,0,0,0.0301613,0.0314584,0.0333936,0.0346471,2,3,2,3.92699,0,0,0,0,0,0,0,0,0,0,1.5708,1.5708,0,1.5708,1.5708,0,-0.0113407,-0.00670534,0.00144665,0,0,0,1.787,1.21921,0.005511,-0.000362743,0.000843957,-0.00465977,-0.000533674,-0.000224006,-0.000537526,1.75578,1.20968,0,0,0,0,0,0,0,0,0,0,0,0,2,1.75578,1.20968,0,0.344544,0.487027,3.7308e-15,0,0,0,0,0,0,0,0,0,0,0,0,0.855775,1.20968,0,0,0,0,0,0,0,0,0,0,0,0,2,0.855775,1.20968,0,1,1,0,0,0,0,0,1.1912,-0.2329,2.3728,0,0,0,0,0,0,0,-0,0,1.45269,0,0,0,0,0,0,0,0,0,0,0,0,0,0,0,0,0,0,0,0,0,0,0,0,0
36.9,-0.012753,0.000764149,7.51019e-06,-0.0165528,4.37127e-05,-0.00144744,3.01488,1.99584,-2.36641,0.0020038,0.000269695,0.00203072,-0.000814107,-0.000559266,-0.0030179,3,2,3.92699,0,0,0,0,0,0,0,0.0301613,0.0314584,0.0333936,0.0346471,2,3,2,3.92699,0,0,0,0,0,0,0,0,0,0,1.5708,1.5708,0,1.5708,1.5708,0,-0.0123208,-0.00672013,0.00117919,0,0,0,1.78699,1.2193,0.0051185,-7.32202e-05,0.000838372,-0.00392378,0.000701396,-7.29338e-05,0.00279202,1.75578,1.20968,0,0,0,0,0,0,0,0,0,0,0,0,2,1.75578,1.20968,0,0.344544,0.487027,3.7308e-15,0,0,0,0,0,0,0,0,0,0,0,0,0.855775,1.20968,0,0,0,0,0,0,0,0,0,0,0,0,2,0.855775,1.20968,0,1,1,0,0,0,0,0,1.1912,-0.2329,2.3728,0,0,0,0,0,0,0,-0,0,1.45283,0,0,0,0,0,0,0,0,0,0,0,0,0,0,0,0,0,0,0,0,0,0,0,0,0
36.95,-0.012753,0.000764149,7.51019e-06,0,-0,0,3.01488,1.99584,-2.36641,0.0020038,0.000269695,0.00203072,-0.000814107,-0.000559266,-0.0030179,3,2,3.92699,0,0,0,0,0,0,0,0.0289374,0.030673,0.0320807,0.033758,2,3,2,3.92699,0,0,0,0,0,0,0,0,0,0,1.5708,1.5708,0,1.5708,1.5708,0,-0.0123208,-0.00672013,0.00117919,0,0,0,1.78699,1.2193,0.0051185,-7.32202e-05,0.000838372,-0.00392378,0.000701396,-7.29338e-05,0.00279202,1.75578,1.20968,0,0,0,0,0,0,0,0,0,0,0,0,2,1.75578,1.20968,0,0.344544,0.487027,3.7308e-15,0,0,0,0,0,0,0,0,0,0,0,0,0.855775,1.20968,0,0,0,0,0,0,0,0,0,0,0,0,2,0.855775,1.20968,0,1,1,0,0,0,0,0,1.1915,-0.2337,2.3716,0,0,0,0,0,0,0,-0,0,1.45283,0,0,0,0,0,0,0,0,0,0,0,0,0,0,0,0,0,0,0,0,0,0,0,0,0
37,-0.0129222,0.00113636,0.000780317,0,-0,0,3.01508,1.99586,-2.3664,0.00202971,0.000157541,0.000126418,-0.000444727,-0.000717251,-0.0092184,3,2,3.92699,0,0,0,0,0,0,0,0.0289374,0.030673,0.0320807,0.033758,2,3,2,3.92699,0,0,0,0,0,0,0,0,0,0,1.5708,1.5708,0,1.5708,1.5708,0,-0.0113862,-0.00602594,0.00165112,0,0,0,1.78696,1.21936,0.00462035,-0.000344392,0.0006265,-0.00498373,-0.000494805,-0.000871659,-0.00209891,1.75578,1.20968,0,0,0,0,0,0,0,0,0,0,0,0,2,1.75578,1.20968,0,0.344544,0.487027,3.7308e-15,0,0,0,0,0,0,0,0,0,0,0,0,0.855775,1.20968,0,0,0,0,0,0,0,0,0,0,0,0,2,0.855775,1.20968,0,1,1,0,0,0,0,0,1.1915,-0.2337,2.3716,0,0,0,0,0,0,0,-0,0,1.45301,0,0,0,0,0,0,0,0,0,0,0,0,0,0,0,0,0,0,0,0,0,0,0,0,0
37.05,-0.0129222,0.00113636,0.000780317,0,-0,0,3.01508,1.99586,-2.3664,0.00202971,0.000157541,0.000126418,-0.000444727,-0.000717251,-0.0092184,3,2,3.92699,0,0,0,0,0,0,0,0.0387478,0.0199143,0.043385,0.025184,2,3,2,3.92699,0,0,0,0,0,0,0,0,0,0,1.5708,1.5708,0,1.5708,1.5708,0,-0.0113862,-0.00602594,0.00165112,0,0,0,1.78696,1.21936,0.00462035,-0.000344392,0.0006265,-0.00498373,-0.000494805,-0.000871659,-0.00209891,1.75578,1.20968,0,0,0,0,0,0,0,0,0,0,0,0,2,1.75578,1.20968,0,0.344544,0.487027,3.7308e-15,0,0,0,0,0,0,0,0,0,0,0,0,0.855775,1.20968,0,0,0,0,0,0,0,0,0,0,0,0,2,0.855775,1.20968,0,1,1,0,0,0,0,0,1.1915,-0.2337,2.3716,0,0,0,0,0,0,1.0783,-0.22594,2.49745,1.45301,0,0,0,0,1,0,0,0,0,0,0,0,0,0,0,0,0,0,0,0,0,0,0,0,0
37.1,-0.0128313,0.00103879,0.000460247,0,-0,0,3.01528,1.99587,-2.36631,0.00197917,0.000184251,0.000896086,-0.000414611,-0.00034491,-0.00329733,3,2,3.92699,0,0,0,0,0,0,0,0.0387478,0.0199143,0.043385,0.025184,2,3,2,3.92699,0,0,0,0,0,0,0,0,0,0,1.5708,1.5708,0,1.5708,1.5708,0,-0.0125975,-0.0062841,0.00142877,0,0,0,1.78696,1.21943,0.00418516,1.2202e-05,0.000694295,-0.00435009,0.000965325,-0.000359099,0.000599485,1.75578,1.20968,0,0,0,0,0,0,0,0,0,0,0,0,2,1.75578,1.20968,0,0.344544,0.487027,3.7308e-15,0,0,0,0,0,0,0,0,0,0,0,0,0.855775,1.20968,0,0,0,0,0,0,0,0,0,0,0,0,2,0.855775,1.20968,0,1,1,0,0,0,0,0,1.1915,-0.2337,2.3716,0,0,0,0,0,0,1.0783,-0.22594,2.49745,1.45315,0,0,0,0,1,0,0,0,0,0,0,0,0,0,0,0,0,0,0,0,0,0,0,0,0
37.15,-0.0128313,0.00103879,0.000460247,0,-0,0,3.01528,1.99587,-2.36631,0.00197917,0.000184251,0.000896086,-0.000414611,-0.00034491,-0.00329733,3,2,3.92699,0,0,0,0,0,0,0,0.0344823,0.0241841,0.0387857,0.0288334,2,3,2,3.92699,0,0,0,0,0,0,0,0,0,0,1.5708,1.5708,0,1.5708,1.5708,0,-0.0125975,-0.0062841,0.00142877,0,0,0,1.78696,1.21943,0.00418516,1.2202e-05,0.000694295,-0.00435009,0.000965325,-0.000359099,0.000599485,1.75578,1.20968,0,0,0,0,0,0,0,0,0,0,0,0,2,1.75578,1.20968,0,0.344544,0.487027,3.7308e-15,0,0,0,0,0,0,0,0,0,0,0,0,0.855775,1.20968,0,0,0,0,0,0,0,0,0,0,0,0,2,0.855775,1.20968,0,1,1,0,0,0,0,0,1.1917,-0.2342,2.3704,0,0,0,0,0,0,1.0783,-0.22594,2.49745,1.45315,0,0,0,0,1,0,0,0,0,0,0,0,0,0,0,0,0,0,0,0,0,0,0,0,0
37.2,-0.013418,0.000400854,0.000815483,-0.00766898,0.00782573,0.000838744,3.01549,1.99591,-2.36631,0.00212764,0.000368855,2.14695e-05,0.000343414,0.00058041,-0.00467497,3,2,3.92699,0,0,0,0,0,0,0,0.0344823,0.0241841,0.0387857,0.0288334,2,3,2,3.92699,0,0,0,0,0,0,0,0,0,0,1.5708,1.5708,0,1.5708,1.5708,0,-0.0118847,-0.0054541,0.00166385,0,0,0,1.78694,1.21947,0.00370232,-0.00019542,0.000444581,-0.00483104,-5.21203e-05,-0.00114566,-0.00118545,1.75578,1.20968,0,0,0,0,0,0,0,0,0,0,0,0,2,1.75578,1.20968,0,0.344544,0.487027,3.7308e-15,0,0,0,0,0,0,0,0,0,0,0,0,0.855775,1.20968,0,0,0,0,0,0,0,0,0,0,0,0,2,0.855775,1.20968,0,1,1,0,0,0,0,0,1.1917,-0.2342,2.3704,0,0,0,0,0,0,1.0783,-0.22594,2.49745,1.45334,0,0,0,0,1,0,0,0,0,0,0,0,0,0,0,0,0,0,0,0,0,0,0,0,0
37.25,-0.013418,0.000400854,0.000815483,-0.007669,0.00782571,0.000838744,3.01549,1.99591,-2.36631,0.00212764,0.000368855,2.14695e-05,0.000343414,0.00058041,-0.00467497,3,2,3.92699,0,0,0,0,0,0,0,0.0423174,0.0223816,0.0433012,0.0240349,2,3,2,3.92699,0,0,0,0,0,0,0,0,0,0,1.5708,1.5708,0,1.5708,1.5708,0,-0.0118847,-0.0054541,0.00166385,0,0,0,1.78694,1.21947,0.00370232,-0.00019542,0.000444581,-0.00483104,-5.21203e-05,-0.00114566,-0.00118545,1.75578,1.20968,0,0,0,0,0,0,0,0,0,0,0,0,2,1.75578,1.20968,0,0.344544,0.487027,3.7308e-15,0,0,0,0,0,0,0,0,0,0,0,0,0.855775,1.20968,0,0,0,0,0,0,0,0,0,0,0,0,2,0.855775,1.20968,0,1,1,0,0,0,0,0,1.1917,-0.2342,2.3704,0,0,0,0,0,0,1.11423,-0.2247,2.38258,1.45334,0,0,0,0,1,0,0,0,0,0,0,0,0,0,0,0,0,0,0,0,0,0,0,0,0
37.3,-0.01279,-0.00314415,0.000514916,-0.007669,0.00782571,0.000838744,3.01568,1.99605,-2.36623,0.00191871,0.00140241,0.000746158,-0.000521405,0.00460442,-9.75095e-05,3,2,3.92699,0,0,0,0,0,0,0,0.0423174,0.0223816,0.0433012,0.0240349,2,3,2,3.92699,0,0,0,0,0,0,0,0,0,0,1.5708,1.5708,0,1.5708,1.5708,0,-0.0128166,-0.00810448,0.0013026,0,0,0,1.78695,1.21959,0.0033157,7.81153e-05,0.00121079,-0.00386575,0.000923646,0.00226835,0.0028932,1.75578,1.20968,0,0,0,0,0,0,0,0,0,0,0,0,2,1.75578,1.20968,0,0.344544,0.487027,3.7308e-15,0,0,0,0,0,0,0,0,0,0,0,0,0.855775,1.20968,0,0,0,0,0,0,0,0,0,0,0,0,2,0.855775,1.20968,0,1,1,0,0,0,0,0,1.1917,-0.2342,2.3704,0,0,0,0,0,0,1.11423,-0.2247,2.38258,1.4535,0,0,0,0,1,0,0,0,0,0,0,0,0,0,0,0,0,0,0,0,0,0,0,0,0
37.35,-0.01279,-0.00314415,0.000514916,-0.00766958,0.00782514,0.000838744,3.01568,1.99605,-2.36623,0.00191871,0.00140241,0.000746158,-0.000521405,0.00460442,-9.75095e-05,3,2,3.92699,0,0,0,0,0,0,0,0.0459452,0.032887,0.0296428,0.0170231,2,3,2,3.92699,0,0,0,0,0,0,0,0,0,0,1.5708,1.5708,0,1.5708,1.5708,0,-0.0128166,-0.00810448,0.0013026,0,0,0,1.78695,1.21959,0.0033157,7.81153e-05,0.00121079,-0.00386575,0.000923646,0.00226835,0.0028932,1.75578,1.20968,0,0,0,0,0,0,0,0,0,0,0,0,2,1.75578,1.20968,0,0.344544,0.487027,3.7308e-15,0,0,0,0,0,0,0,0,0,0,0,0,0.855775,1.20968,0,0,0,0,0,0,0,0,0,0,0,0,2,0.855775,1.20968,0,1,1,0,0,0,0,0,1.2796,-0.147,2.457,0,0,0,0,0,0,1.11423,-0.2247,2.38258,1.4535,0,0,0,0,1,0,0,0,0,0,0,0,0,0,0,0,0,0,0,0,0,0,0,0,0
37.4,-0.0126748,4.29213e-05,0.000909025,-0.00766958,0.00782514,0.000838744,3.01587,1.9961,-2.36626,0.00186234,0.000452771,-0.000219292,-0.000656884,-0.000486113,-0.00329702,3,2,3.92699,0,0,0,0,0,0,0,0.0459452,0.032887,0.0296428,0.0170231,2,3,2,3.92699,0,0,0,0,0,0,0,0,0,0,1.5708,1.5708,0,1.5708,1.5708,0,-0.0114905,-0.0052428,0.0014678,0,0,0,1.78692,1.21963,0.00289682,-0.000308763,0.000363681,-0.00418779,-0.000859251,-0.00156151,0.00100565,1.75578,1.20968,0,0,0,0,0,0,0,0,0,0,0,0,2,1.75578,1.20968,0,0.344544,0.487027,3.7308e-15,0,0,0,0,0,0,0,0,0,0,0,0,0.855775,1.20968,0,0,0,0,0,0,0,0,0,0,0,0,2,0.855775,1.20968,0,1,1,0,0,0,0,0,1.2796,-0.147,2.457,0,0,0,0,0,0,1.11423,-0.2247,2.38258,1.45369,0,0,0,0,1,0,0,0,0,0,0,0,0,0,0,0,0,0,0,0,0,0,0,0,0
37.45,-0.0126748,4.29213e-05,0.000909025,-0.0169039,1.43332e-05,0.00167152,3.01587,1.9961,-2.36626,0.00186234,0.000452771,-0.000219292,-0.000656884,-0.000486113,-0.00329702,3,2,3.92699,0,0,0,0,0,0,0,0.042699,0.0200475,0.0419194,0.0200286,2,3,2,3.92699,0,0,0,0,0,0,0,0,0,0,1.5708,1.5708,0,1.5708,1.5708,0,-0.0114905,-0.0052428,0.0014678,0,0,0,1.78692,1.21963,0.00289682,-0.000308763,0.000363681,-0.00418779,-0.000859251,-0.00156151,0.00100565,1.75578,1.20968,0,0,0,0,0,0,0,0,0,0,0,0,2,1.75578,1.20968,0,0.344544,0.487027,3.7308e-15,0,0,0,0,0,0,0,0,0,0,0,0,0.855775,1.20968,0,0,0,0,0,0,0,0,0,0,0,0,2,0.855775,1.20968,0,1,1,0,0,0,0,0,1.2796,-0.147,2.457,0,0,0,0,0,0,1.00251,-0.20844,2.3237,1.45369,0,0,0,0,1,0,0,0,0,0,0,0,0,0,0,0,0,0,0,0,0,0,0,0,0
37.5,-0.0128208,0.000845366,0.000844631,-0.0169039,1.43332e-05,0.00167152,3.01606,1.99612,-2.36626,0.00188315,0.000212495,-5.96308e-05,-0.000331633,-0.00194119,-0.00177449,3,2,3.92699,0,0,0,0,0,0,0,0.042699,0.0200475,0.0419194,0.0200286,2,3,2,3.92699,0,0,0,0,0,0,0,0,0,0,1.5708,1.5708,0,1.5708,1.5708,0,-0.0123249,-0.00446948,0.00138503,0,0,0,1.78691,1.21964,0.00250638,-6.22832e-05,0.000134336,-0.00390612,0.00022795,-0.00237257,0.00147839,1.75578,1.20968,0,0,0,0,0,0,0,0,0,0,0,0,2,1.75578,1.20968,0,0.344544,0.487027,3.7308e-15,0,0,0,0,0,0,0,0,0,0,0,0,0.855775,1.20968,0,0,0,0,0,0,0,0,0,0,0,0,2,0.855775,1.20968,0,1,1,0,0,0,0,0,1.2796,-0.147,2.457,0,0,0,0,0,0,1.00251,-0.20844,2.3237,1.45386,0,0,0,0,1,0,0,0,0,0,0,0,0,0,0,0,0,0,0,0,0,0,0,0,0
37.55,-0.0128208,0.000845366,0.000844631,-0.0169039,1.4434e-05,0.00167152,3.01606,1.99612,-2.36626,0.00188315,0.000212495,-5.96308e-05,-0.000331633,-0.00194119,-0.00177449,3,2,3.92699,0,0,0,0,0,0,0,0.0401126,0.0194532,0.0433034,0.0233378,2,3,2,3.92699,0,0,0,0,0,0,0,0,0,0,1.5708,1.5708,0,1.5708,1.5708,0,-0.0123249,-0.00446948,0.00138503,0,0,0,1.78691,1.21964,0.00250638,-6.22832e-05,0.000134336,-0.00390612,0.00022795,-0.00237257,0.00147839,1.75578,1.20968,0,0,0,0,0,0,0,0,0,0,0,0,2,1.75578,1.20968,0,0.344544,0.487027,3.7308e-15,0,0,0,0,0,0,0,0,0,0,0,0,0.855775,1.20968,0,0,0,0,0,0,0,0,0,0,0,0,2,0.855775,1.20968,0,1,1,0,0,0,0,0,1.1925,-0.2346,2.3687,0,0,0,0,0,0,1.00251,-0.20844,2.3237,1.45386,0,0,0,0,1,0,0,0,0,0,0,0,0,0,0,0,0,0,0,0,0,0,0,0,0
37.6,-0.012937,-0.00314155,0.00042895,-0.0169039,1.4434e-05,0.00167152,3.01625,1.99626,-2.36617,0.00189499,0.00137729,0.000944366,-0.000105588,0.00329173,0.00315194,3,2,3.92699,0,0,0,0,0,0,0,0.0401126,0.0194532,0.0433034,0.0233378,2,3,2,3.92699,0,0,0,0,0,0,0,0,0,0,1.5708,1.5708,0,1.5708,1.5708,0,-0.012226,-0.00651776,0.00134361,0,0,0,1.7869,1.21972,0.00213351,-9.03539e-05,0.000728936,-0.00372959,0.000171759,0.000841477,0.00165242,1.75578,1.20968,0,0,0,0,0,0,0,0,0,0,0,0,2,1.75578,1.20968,0,0.344544,0.487027,3.7308e-15,0,0,0,0,0,0,0,0,0,0,0,0,0.855775,1.20968,0,0,0,0,0,0,0,0,0,0,0,0,2,0.855775,1.20968,0,1,1,0,0,0,0,0,1.1925,-0.2346,2.3687,0,0,0,0,0,0,1.00251,-0.20844,2.3237,1.45406,0,0,0,0,1,0,0,0,0,0,0,0,0,0,0,0,0,0,0,0,0,0,0,0,0
